row,partition,smiles,actual,predicted,residual
1129,train,CCN(C1CCN(CCC(c2ccccc2)c3ccc(cc3)C#N)CC1)C(=O)Cc4ccc(cc4)S(=O)(=O)C,2.76,2.8185115119826767,0.0585115119826769
1344,train,CN(C)c1cccc2c(cccc12)S(=O)(=O)N(C)CC(=O)O,-1.45,-1.0534092338580914,0.3965907661419086
2845,train,CCOC(=O)c1ncn2c1CN(C)C(=O)c3cc(F)ccc23,1.1,1.431376223961136,0.331376223961136
107,train,Oc1ccccc1OC(=O)c2cccc3ccccc23,4.4,4.71938289684228,0.3193828968422796
1260,train,CC(C)n1c(C)ncc1c2ccnc(Nc3ccc(cc3)N4CCN(CC4)S(=O)(=O)CCN(C)C)n2,2.52,2.521052939538817,0.0010529395388170215
3869,train,O=C1C=C(N=C2C=CC=CN12)N3CCOCC3,1.0,1.4242732897257726,0.4242732897257726
1369,train,O=C(NCc1ccccn1)c2ccc(Oc3ccccc3)cc2,2.7,2.789066845690466,0.08906684569046597
2949,train,Oc1ccc(CCNCCS(=O)(=O)CCCOCCc2nccc3ccccc23)c4sc(O)nc14,2.35,2.5659281218739713,0.21592812187397126
938,train,Cc1ccc2c(c1)c(Sc3ccc(Cl)cc3)c(C)n2CC(=O)O,2.18,2.4162835573229553,0.23628355732295514
2234,train,N[C@@H](CC(=O)N1CCn2c(C1)nnc2C(F)(F)F)Cc3cc(F)c(F)cc3F,0.31,0.39262752950421587,0.08262752950421587
1288,train,CS(=O)(=O)c1ccc2C(=CNC(=O)c2c1)C(=O)NC[C@@H](O)CN3CCC(CC3)Oc4ccc(Cl)c(Cl)c4,2.63,2.8708342876819524,0.24083428768195247
2789,train,CN(C1CCN(CCC(c2ccccc2)c3ccccc3)CC1)C(=O)NCc4ccccc4,3.4,3.3854662019137094,-0.014533798086290517
1408,train,CN([C@H]1CCN(Cc2ccc(cc2)C(F)(F)F)C[C@H]1F)C(=O)Cc3ccc(cc3)n4cnnn4,3.3,3.375180419949711,0.07518041994971103
1540,train,Cc1cc(Oc2ccnc(Nc3ccc(cc3)N4CCOCC4)c2)c(nc1C)c5ccccn5,2.59,2.625074403856051,0.035074403856051095
375,train,CCCN[C@H]1CCc2nc(N)sc2C1,3.15,3.3820623271082697,0.2320623271082698
3737,train,CC[C@H](CO)Nc1nc(NCc2ccccc2)c3ncn(C(C)C)c3n1,3.63,4.107948712192826,0.4779487121928261
3804,train,O=C(Nc1ccccc1)c2ccc(OCCCN3CCCC3)cc2OCc4ccccc4C#N,2.66,3.086549703647016,0.42654970364701583
3398,train,CC(C)CN1C(=O)N(C)C(=O)c2c1sc(Cc3ccnc4ccc(F)cc34)c2C(=O)N5CC[C@@H](O)C5,1.95,2.130882665134027,0.18088266513402718
2576,train,CC[C@H](NC(=O)c1c([S+](C)[O-])c(nc2ccccc12)c3ccsc3)c4ccccc4,2.66,2.73445823224839,0.07445823224838977
791,train,Nc1c(NC2CCCC2)nc(nc1N3CCOCC3)C#N,2.59,2.354796795194522,-0.23520320480547774
1856,train,CN1C=C(C(=O)c2c(O)cc(O)cc12)c3ccc(O)cc3,2.2,2.5732275808385143,0.37322758083851415
2105,train,NC(=O)c1ccccc1O,1.09,1.168996990423461,0.07899699042346087
2450,train,COCc1ccoc1C(=O)N(C(C(=O)NC[C@@H](C)O)c2ccccc2F)c3ccc(OC)cc3OC,1.98,2.006464012832871,0.02646401283287103
2854,train,CO[C@H]1CN(Cc2ccc(cc2)C(F)(F)F)CC[C@H]1N(C)C(=O)Cc3ccc(cc3)n4cnnn4,3.0,3.1902015005396858,0.19020150053968576
1377,train,CN(C)CC\C=C\1/c2ccccc2Sc3ccc(Cl)cc13,3.42,3.5073805597927157,0.08738055979271575
3995,train,CCCN1CCN(CC1)c2ccc(cc2)C(=O)NC3(CCCCC3)C(=O)NCC#N,1.33,1.0803918756001014,-0.24960812439989866
1109,train,Oc1cc(nc2ccccc12)c3ccccc3,2.54,2.673231997294039,0.13323199729403878
3857,train,NC1=NC(c2cccc(c2)c3cncnc3)(c4ccnc(c4)C(F)(F)F)c5cccc(F)c15,3.4,3.4576539487669997,0.05765394876699981
1708,train,Clc1ccccc1CNC(=O)c2ccccc2Oc3ccccc3,3.58,3.561737608571346,-0.018262391428653935
1174,train,COCCOc1nc(N)c2NC(=O)N(Cc3cccc(CC(=O)OC)c3)c2n1,1.86,2.1660467130920322,0.30604671309203213
1450,train,CC(=O)Nc1cnc2ccn(c3cc(NC4CC4)n5ncc(C#N)c5n3)c2c1,2.69,2.9114667692666516,0.22146676926665165
3476,train,NC1(CCN(CC1)c2ncnc3[nH]ccc23)C(=O)NC(c4ccccc4)c5ccc(Cl)cc5,4.1,4.209850000657395,0.1098500006573957
410,train,CN(C)CCCN1c2ccccc2CCc3ccccc13,2.49,2.657304025771662,0.1673040257716618
262,train,COc1ccnc(CCc2nc3cccnc3[nH]2)c1,1.69,1.6218508970702825,-0.06814910292971743
1233,train,OC(=O)c1cccc(c1)c2ccc3c(C(=O)NCC45CC6CC(CC(C6)C4)C5)c(Cl)ccc3n2,2.84,3.063680990420456,0.2236809904204562
1756,train,O=C(CC12CC3CC(CC(C3)C1)C2)Nc4cccc5ncccc45,3.83,4.071973194501389,0.241973194501389
2943,train,Brc1ccc(s1)S(=O)(=O)NCC(N2CCCCCC2)c3ccccc3,3.52,3.5682909385254726,0.048290938525472615
4030,train,COc1cc(OC)c(cc1NC(=O)NCC(=O)O)S(=O)(=O)N2C(C)CCc3ccccc23,-1.02,-0.7066083541711738,0.31339164582882617
2842,train,Cc1ccc(cc1)c2cc(nn2c3ccc(cc3)S(=O)(=O)N)C(F)(F)F,3.42,3.034645419371775,-0.38535458062822503
1578,train,O=S(=O)(Cc1ccccc1)NCC(N2CCCCCC2)c3ccccc3,2.83,2.923424131742508,0.09342413174250774
1320,train,CCn1c2ccccc2c3cc(NC(=O)CCc4ccncc4)ccc13,3.75,3.9732150006940876,0.22321500069408762
395,train,COc1cc2ncc(C(=O)N)c(Nc3ccc(F)cc3)c2cc1OC,2.82,2.843023472622956,0.02302347262295612
3602,train,NC(=N)c1cc2c(OCc3ccccc3)cccc2s1,1.16,1.392145797064421,0.23214579706442118
2160,train,OC(=O)c1ccc2c(c1)nc(Nc3cccc(c3)C#C)c4ncncc24,0.92,0.8543608990066689,-0.06563910099333115
3965,train,Brc1ccc(cc1)C2NC(=O)c3ccccc3N2,2.68,2.780140727184711,0.10014072718471079
1148,train,O=C(N[C@H]1CN2CCC1CC2)c3ccc(s3)c4ccccc4,1.9,2.233988218686948,0.3339882186869483
1300,train,CN1C(=O)CC(C)(CCc2cccc(c2)c3ccccc3)N=C1N,2.03,2.483699255141373,0.4536992551413732
2433,train,CN1CCC(=CC1)c2cccc(O)c2,0.53,0.74445160728916,0.21445160728916002
4009,train,O=C(NCC#N)[C@@H]1CCCC[C@H]1C(=O)N2CCN(CC2)c3ccccc3,1.75,1.8825258983688449,0.13252589836884487
2609,train,OCCCN(Cc1ccc(F)cc1)C(=O)CC2CCN(Cc3ccn(c3)c4ccc(cc4)C(F)(F)F)CC2,3.04,3.1672754706120445,0.12727547061204447
443,train,COc1cc2ncc(C(=O)N)c(Nc3ccc(F)cc3F)c2cc1OC,2.95,3.1866986767256957,0.23669867672569556
1252,train,C[C@H](CO)Nc1nc(SCc2ccccc2F)nc3nc(N)sc13,3.12,3.2928317157765163,0.17283171577651624
2039,train,COc1cc2ncnc(Nc3ccccc3)c2cc1OC,3.04,3.0727302350299834,0.0327302350299834
500,train,O[C@@H](CNCCSCCCNCCc1cccc(c1)C(F)(F)F)c2ccc(O)c3NC(=O)Sc23,1.21,1.3243684005052905,0.11436840050529051
596,train,COc1cc2c(Nc3cc(CC(=O)Nc4cccc(F)c4)[nH]n3)ncnc2cc1OCCCN5CCC(CO)CC5,2.11,2.561339750098396,0.4513397500983962
2896,train,CN(C)CCCOc1ccc(cc1)c2cc(C(=O)N)c(NC(=O)N)s2,0.64,0.8586945620122446,0.21869456201224458
2216,train,C(CCNc1cc(nc2ccccc12)c3ccccc3)CNc4cc(nc5ccccc45)c6ccccc6,3.65,4.221285296888726,0.5712852968887261
2592,train,CC(C)c1cc(C(=O)N2Cc3ccc(CN4CCN(C)CC4)cc3C2)c(O)cc1O,2.5,2.4768532522340903,-0.023146747765909748
393,train,Clc1ccc(cc1)C(=O)C2CCN(CC2)C(=O)C3CC3,2.72,2.8768448075161306,0.1568448075161304
2421,train,C[C@@H](Oc1ccc(cc1C(=O)N2CCN(CC2)c3ncc(cc3F)C(F)(F)F)S(=O)(=O)C)C(F)(F)F,3.49,3.231921770713629,-0.25807822928637103
2934,train,NC(=O)c1ccc(cc1)c2cc3c(N[C@H]4CCCNC4)ncc(C(=O)N)c3s2,0.28,0.6169883711520223,0.3369883711520223
2898,train,COc1ccc(cc1)C(CN(C)C)C2(O)CCCCC2,0.99,0.9104610115473066,-0.07953898845269336
3482,train,COc1cc2c(ncnc2cc1OCCCN3CCCCC3)N4CCN(CC4)C(=O)Nc5ccc(OC(C)C)cc5,2.6,2.501305348362805,-0.09869465163719493
1558,train,CNC(=O)c1ccc(C)c(c1)N2C(=CC(=C(Br)C2=O)OCc3ccc(F)cc3F)C,2.8,3.1538357522440412,0.3538357522440414
532,train,C[C@H](C1=CNC(=S)N1)c2cccc(C)c2C,2.9,3.2296843233004298,0.32968432330042985
2981,train,CC(C)C[C@H](CO)Nc1nc(SCc2ccccc2)nc3NC(=O)Sc13,4.2,4.2794170082111895,0.07941700821118935
1612,train,Cc1cccc(n1)C#Cc2ccccc2,3.6,3.8799425861789096,0.27994258617890955
1902,train,NS(=O)(=O)c1cc(C(=O)O)c(NCc2occc2)cc1Cl,-0.9,-0.6939535782669042,0.20604642173309584
2774,train,C[C@H]1COCCN1c2nc(N3CCOC[C@@H]3C)c4ccc(nc4n2)c5cccc(c5)C(=O)NCCO,2.49,2.764087569626682,0.27408756962668157
4111,train,NNCCc1ccccc1,-0.01,0.19878013354191926,0.20878013354191927
474,train,CN1CCN(CC1)C(=O)c2cc3cc(Br)ccc3[nH]2,2.79,2.7376284312724994,-0.052371568727500595
3627,train,CCOc1ccc(cc1)c2cnc3CCCn23,2.65,2.69829746524438,0.04829746524438017
3172,train,COc1cc(ccc1Nc2ncc(Br)c(n2)c3cnc4ccccn34)N5CCN(CC5)C(=O)C,3.7,3.854922436729928,0.15492243672992778
3744,train,Fc1ccc(cc1F)C(=O)Nc2ccc(Cl)nc2,3.31,3.4833840157922973,0.17338401579229723
1850,train,CC(C)(NC(=O)c1sccc1Oc2ccc(F)cc2[N+](=O)[O-])C#C,3.0,3.0786677537694684,0.07866775376946844
2403,train,CC(C)[N+](C)(CCOC(=O)C1c2ccccc2Oc3ccccc13)C(C)C,0.2,0.4117227366399274,0.2117227366399274
2794,train,O=C1Nc2ccc(cc2C1=O)S(=O)(=O)N3CCC[C@H]3COc4ccccc4,2.7,2.8602841116542024,0.1602841116542022
2533,train,OC(=O)c1c(Sc2ccccc2)c3cc(Cl)ccc3n1Cc4ccc(Cl)cc4,2.96,2.7218299824844694,-0.23817001751553057
711,train,COc1ccc(NC(=O)CSc2nnc(C)n2c3ccc(C)cc3)cc1,2.94,3.124379015473797,0.1843790154737972
3734,train,Clc1ccc(cc1C(=O)NCC23CC4CC(CC(C4)C2)C3)N5CCNCC5,1.77,1.7788881415381992,0.008888141538199168
332,train,CCNc1nc(Nc2ccccc2)nc(n1)C#N,3.11,3.243371956277145,0.13337195627714493
2824,train,CC[C@@H]1COCCN1c2cc(nc(n2)c3cccc4[nH]ccc34)C5(CC5)S(=O)(=O)C,3.0,3.0094884470789767,0.00948844707897667
20,train,CC(C)(CCCCCOCCc1ccccc1)NCCc2ccc(O)c3nc(O)sc23,2.92,2.9891134801584704,0.06911348015847052
3826,train,C[C@H]1CN(Cc2cc(Cl)ccc2CC(=O)O)CCN1C(=O)Cc3ccc(Cl)cc3,1.66,1.7917164215294108,0.13171642152941088
3420,train,Cc1c(c2ccc(O)cc2)n(C)c3ccc(O)cc13,3.8,4.1973684035876655,0.3973684035876657
911,train,CC(N)C(=O)Nc1c(C)cccc1C,-0.15,-0.24431381585763123,-0.09431381585763124
3974,train,NC(=O)Nc1sc(cc1C(=O)N)c2ccc(CN3CCCCC3)cc2,1.75,1.8784445228098314,0.12844452280983143
3538,train,Cc1c(Cl)c(Cl)ccc1OC2CCN(CC3CCN(CC3)[C@@](C)(Cc4ccc(F)cc4)C(=O)O)CC2,2.98,3.4081982368530763,0.42819823685307634
2846,train,CN1CCc2cc(Cl)c(O)cc2[C@H](C1)c3ccccc3,2.5,2.8661433529822484,0.3661433529822484
3008,train,OCCNC(=O)COc1ccc(OCCNCC(O)COc2ccccc2)cc1,0.42,0.40324824916406565,-0.01675175083593433
838,train,CCc1c(C)[nH]c2CCC(CN3CCOCC3)C(=O)c12,1.54,1.3001351450344552,-0.23986485496554488
602,train,NC(=N)Nc1cc(Cl)nc(n1)c2ccccc2,2.16,2.3899460633671583,0.22994606336715817
3644,train,Fc1ccccc1NC(=O)N[C@H]2N=C(c3ccccc3)c4ccccc4NC2=O,4.0,3.974424650516652,-0.025575349483347942
2330,train,Cc1ccc(cc1)N2NC(=O)c3cccnc23,2.1,2.4277362003490643,0.32773620034906426
426,train,CC(C)C(NC(=O)CN1C(=O)C(=CN=C1c2cccs2)NC(=O)OCc3ccccc3)C(=O)C(F)(F)F,2.02,2.2194101530507524,0.19941015305075238
1283,train,COc1ccc(cc1)S(=O)(=O)Nc2ccccn2,0.87,0.8946632855423926,0.02466328554239261
167,train,C[C@@H](Oc1cccc2ncnc(Nc3ccc4c(cnn4Cc5ccccn5)c3)c12)C(=O)N6CCOCC6,2.82,3.1162575352716813,0.2962575352716814
3169,train,CCCNC(=O)c1nnc2c(cccc2c1N)c3cnccc3OC,2.83,3.1274629864721946,0.2974629864721945
450,train,COc1cc2ncnc(Nc3ccc(F)c(Cl)c3)c2cc1NC(=O)\C=C\CN4CCCCC4,4.1,4.4491363136459965,0.34913631364599684
3434,train,CC(C)(C)c1ccc(cc1)c2n[nH]c(NC(=O)c3ccccc3Cl)c2Br,4.3,4.353185698573618,0.053185698573618545
2291,train,CCCS(=O)(=O)N1N=Cc2cc(Cl)ccc2B1O,-0.4,-0.3197054434282256,0.08029455657177442
1471,train,CCCSc1nc(N[C@@H]2C[C@H]2c3ccccc3)c4nnn([C@@H]5C[C@@H]([C@@H](O)[C@H]5O)C(=O)N)c4n1,2.05,2.293865627412398,0.24386562741239803
2299,train,CC(C)C(NC(=O)CN1C(=O)C(=CC=C1c2ccccc2)N)C(=O)C(F)(F)F,1.74,1.6662817846241684,-0.07371821537583156
3815,train,C[C@H]1O[C@H]([C@H](O)[C@@H]1O)n2cnc3c(N)nc(OCC4CC45CC5)nc23,1.78,1.836075247606654,0.056075247606653944
1286,train,COc1ccc(NC(=O)C=C)cc1,1.68,1.735464307699525,0.05546430769952515
3000,train,OC(=O)c1ccc(cc1)n2ncc(C(=O)NC3C4CC5CC(CC3C5)C4)c2C(F)(F)F,1.5,1.535043416134172,0.035043416134171945
3719,train,CN[C@@H](C)C(=O)N[C@H](C(=O)N[C@H]1CCCN(CCc2cccc(OC)c2)C1)C(C)(C)C,1.47,1.5790548726459726,0.10905487264597258
3146,train,CS(=O)(=O)c1ccc(c(Cl)c1)c2cc(ccc2OCC(=O)O)C(F)(F)F,-0.52,-0.5364426578840633,-0.016442657884063294
783,train,CN1SC(=NC1=O)NC(=O)c2ccccc2,1.13,1.3820972325190202,0.2520972325190203
2893,train,CCN1C(=O)N(CC2CC2)c3nn(Cc4ccnc5ccc(Cl)cc45)c(c3C1=O)c6cc(cn6C)C#N,4.13,4.389863472340344,0.2598634723403439
251,train,CC(C(=O)O)n1c(C)c(Sc2ccc(Cl)cc2)c3cc(Cl)ccc13,3.56,3.5016952923606377,-0.05830470763936235
740,train,CC[C@H](N1CCC[C@@H](C1)N2C=C(C)C(=O)NC2=O)c3ccc(C(=O)O)c(Oc4cccc(Cl)c4)c3,0.22,0.5352671872799457,0.31526718727994574
710,train,C[C@H](Nc1nc(Nc2cc(C)[nH]n2)cc(n1)N3CCOCC3)c4ncc(F)cn4,1.91,2.111343524608605,0.20134352460860527
2398,train,Oc1ccc2OC(=CC(=O)c2c1)c3ccccc3,3.6,3.9928991315125346,0.3928991315125345
246,train,Cc1ccccc1N2C(=Nc3cccc(C)c3C2=O)Cn4nc(c5ccc(O)c(F)c5)c6c(N)ncnc46,3.55,3.619409051605683,0.06940905160568311
338,train,Cc1cc(Oc2ccc3OCOc3c2)nc(Oc4ccc(cc4)n5ccnc5)n1,3.47,3.655831393819293,0.1858313938192926
2128,train,O=C(NC1(CC1)C#N)[C@@H]2CCCC[C@H]2C(=O)N3CCN(CC3)c4nc5ccncc5s4,1.6,1.628429054624436,0.0284290546244359
3798,train,CCCSc1nc(Oc2ccc(CC(=O)O)cc2)ccc1C(=O)NC3CCCCC3,1.79,1.9396693483371068,0.14966934833710677
1311,train,CN1C(=O)N(CC2CC2)c3nn(Cc4ccnc5ccc(Cl)cc45)c(c6oc(cc6Cl)S(=O)(=O)C)c3C1=O,3.97,4.021186405201451,0.05118640520145101
3362,train,O=C1OC(=Cc2ccccc12)c3ccccc3,3.84,3.957590164410467,0.11759016441046732
408,train,Cc1c(Oc2ccc(Cl)cc2)c3cc(ccc3n1CC(=O)O)C(F)(F)F,2.28,1.961847261600763,-0.31815273839923686
3710,train,O[C@@H](CNCCc1cccc(CNCc2ccccc2F)c1)c3ccc(O)c4NC(=O)Sc34,0.69,1.4585752753909391,0.7685752753909392
3065,train,Cc1ccc(NC(=O)c2ccnc(c2)N3CCOCC3)cc1NC(=O)c4ccc(OCc5ccccn5)cc4,3.47,3.4289017809780145,-0.04109821902198574
2205,train,[O-][N+](=O)c1cccc(c1)c2ccc(OCC(CCc3ccc(cc3)C(=O)N4CCCC4)N5C(=O)CCCC5=O)cc2,2.31,2.327913690334203,0.01791369033420276
2456,train,Cc1cnc(Nc2ccc(OCCN3CCCC3)cc2)nc1Nc4cccc(c4)S(=O)(=O)NC(C)(C)C,2.11,2.2901963466468445,0.18019634664684459
636,train,Cc1cccc(C(=O)N)c1NC(=O)c2ccccc2,1.09,1.45045733682609,0.36045733682608994
181,train,CC(C)C(NC(=O)CN1C(=O)C(=CC=C1c2ccccc2)NS(=O)(=O)C)C(=O)C(F)(F)F,1.77,1.9182522365811172,0.1482522365811172
2106,train,OCC(CO)NC(=O)CN1C(=O)C(Cc2ccccc12)NC(=O)c3cc4cc(Cl)sc4[nH]3,2.61,2.728430618593524,0.118430618593524
577,train,NC12CCC(CC1)(CC2)c3ccccc3,0.29,0.24312490148756027,-0.046875098512439706
154,train,Nc1ccc(cc1)S(=O)(=O)Nc2nccs2,-0.37,-0.09960699837077902,0.270393001629221
3714,train,CC1=C(Cc2ccccc2)C(=O)n3nc(NCc4cccc(Br)c4)nc3N1,3.68,4.0612859787948885,0.38128597879488835
2306,train,CC1=C(C)C(=O)C(=C(C)C1=O)C(CCCCCC(=O)O)c2ccccc2,2.48,2.5305080991461653,0.050508099146165275
667,train,Fc1ccc2[nH]c3CCN(Cc3c2c1)C(=O)[C@@H]4CCCC[C@H]4C(=O)NCC#N,2.77,3.145932697099513,0.37593269709951294
235,train,CC1=CN([C@H]2CCCN(C2)S(=O)(=O)c3ccc(O)c(Oc4cccc(c4)C(F)(F)F)c3)C(=O)NC1=O,2.27,2.3626845634761517,0.09268456347615173
3490,train,CN(C)CC(C)(C)COc1nccc(Nc2cc(NC(=O)c3ccnc(c3)N4CCOCC4)ccc2C)n1,2.2,2.380286789807915,0.1802867898079148
2506,train,CN(C)C(=O)N[C@@H]1CC[C@@H](CCN2CCN(CC2)c3ccc(Cl)c(Cl)c3)CC1,3.15,3.139580156294949,-0.01041984370505089
1097,train,COc1ccc2cc(ccc2c1)C(C)C(=O)O,0.23,0.18906231455029787,-0.04093768544970214
811,train,Oc1ccc(CCNCCS(=O)(=O)CCCOCCc2oc3ccccc3c2)c4sc(O)nc14,2.86,2.7620306734358033,-0.09796932656419655
989,train,Cc1ccc(OCC(=O)O)c(c1)n2nc3ccccc3n2,-0.84,-0.6176964901934783,0.2223035098065217
3887,train,CCN(C1CCN(CC[C@H](c2ccc(cc2)S(=O)(=O)C)c3cccc(F)c3)CC1)C(=O)Cc4ccc(cc4)S(=O)(=O)C,2.9,2.7241422740893073,-0.1758577259106926
2967,train,COc1ccccc1CN(C)Cc2cccc(CCNC[C@H](O)c3ccc(O)c4NC(=O)Sc34)c2,1.52,1.6927989624625477,0.17279896246254767
4070,train,Cc1cc(Cl)ccc1N2CCN(CC2)C(=O)COCc3ccncc3,3.22,3.350320583795808,0.1303205837958079
1705,train,COc1ccc(cc1OC)S(=O)(=O)Nc2ccc(\C=C\C(=O)Nc3ccccc3N)cc2,2.56,2.4492229522582587,-0.11077704774174135
3775,train,O=C(CSc1ccccc1)N2CCN(CC2)c3ccccc3,3.2,3.1322958034975255,-0.06770419650247472
2529,train,CCCN(CCO)CCCOc1ccc2c(Nc3cc(CC(=O)Nc4cccc(F)c4F)[nH]n3)ncnc2c1,2.19,2.117091565754289,-0.07290843424571092
3790,train,NC(=O)c1ccc(O[C@H]2C[C@H]3CC[C@@H](C2)N3Cc4ccccc4)cn1,1.51,2.00975744637822,0.49975744637822017
3971,train,CN1C2CCC1CC(C2)OC(=O)C(CO)c3ccccc3,-0.09,-0.2541825519638268,-0.16418255196382678
2469,train,NC(=N)c1cc2c(cccc2s1)c3ccccc3,1.27,1.4212031961631983,0.15120319616319833
266,train,COc1ccc2nccc([C@H](O)C3CC4CCN3CC4C=C)c2c1,2.16,2.099845852194383,-0.06015414780561734
2280,train,CN1CCC(CC1)Oc2nccc(Nc3cc(NC(=O)c4ccnc(c4)N5CCOCC5)ccc3C)n2,1.8,1.5722383773593913,-0.22776162264060873
540,train,Oc1ccc(cc1)c2csc(n2)c3ccc(O)cc3,3.7,4.019081516211686,0.31908151621168557
1624,train,NC(=O)c1cnc(N[C@H]2CCCNC2)c3cc(sc13)c4ccc(F)c(F)c4,2.17,2.452549561548622,0.2825495615486222
877,train,CNc1c(Br)cnc2[nH]c(nc12)c3ccc(cc3)S(=O)(=O)C,2.88,2.7464468912331594,-0.13355310876684046
944,train,OCCN1CCN(CCCN2c3ccccc3Sc4ccc(Cl)cc24)CC1,3.6,3.804621213127169,0.20462121312716874
1335,train,CN1CCN(CC1)c2ccc(Nc3ncc(C)c(Nc4cccc(c4)S(=O)(=O)NC(C)(C)C)n3)cc2,2.84,2.734816804952127,-0.10518319504787277
3460,train,CCN(CC)CCN1C(=O)CN=C(c2ccccc2F)c3cc(Cl)ccc13,2.38,2.6843542922970824,0.30435429229708255
3412,train,Cc1nccn1CCC(C(=O)N)(c2ccccc2)c3ccccc3,1.79,1.919120226824854,0.1291202268248539
764,train,OC(=O)c1cccc(c1)C(=O)N2CCC(CC2)N3CCC(CC3)Oc4ccc(Cl)c(Cl)c4,1.23,1.465748970093337,0.23574897009333706
3194,train,Cc1c(Sc2ccc(Cl)cc2)c3c(Cl)cccc3n1CC(=O)O,2.15,2.1680731439745804,0.018073143974580486
994,train,CSCCC(NC(=O)c1ccccc1)c2nc3ccccc3n2Cc4ccc(cc4)C#N,4.24,4.578451753795624,0.3384517537956242
127,train,Cc1ncc(nc1C(=O)N)c2ccc(cc2)[C@@H]3CC[C@@H](CC(=O)O)CC3,1.0,1.407919743504826,0.40791974350482607
1536,train,CNS(=O)(=O)c1ccc(Oc2ccc(cc2)C#C[C@]3(O)CN4CCC3CC4)cc1,2.03,1.5487712358521237,-0.4812287641478761
3338,train,C[C@]12CC[C@H]3[C@@H](CC(=C)C4=CC(=O)C=C[C@]34C)[C@@H]1CCC2=O,2.98,2.99285222038145,0.012852220381450064
604,train,CC(C)Oc1cc(OCCCN2CCCC2)cc3ncnc(Nc4c(Cl)ccc5OCOc45)c13,3.1,3.4039332382434995,0.3039332382434994
1308,train,Fc1ccc(CN2CCN(CC2)[C@H](c3ccc(cc3)C(=O)N4CCC4)c5cccc(NC(=O)C6CC6)c5)cc1,3.58,3.646735457420486,0.06673545742048592
2439,train,CC1=CN([C@H]2CCCN(C2)S(=O)(=O)c3ccc(CO)c(Oc4cccc(Cl)c4)c3)C(=O)NC1=O,2.69,2.814309684617419,0.12430968461741898
1296,train,Cc1onc(NC(=O)CSc2nc(C)cc(C)n2)c1,1.52,1.42462044245628,-0.09537955754371996
2539,train,CC(CO)(CO)Nc1nc(SCc2cccc(F)c2F)nc3nc(N)sc13,2.87,3.519072299473524,0.6490722994735241
820,train,CCN(CC)C(=O)N[C@H]1C[C@H]2[C@@H](Cc3c[nH]c4cccc2c34)N(C)C1,2.73,2.9125337417021617,0.18253374170216174
3464,train,COc1ccc(COC(=O)N2CCC(CNc3ncccn3)CC2)cc1,3.14,2.8164979105004337,-0.3235020894995664
1250,train,O[C@@H](CNCCc1cccc(c1)c2cccc(CNCc3ccccc3)c2)c4ccc(O)c5NC(=O)Sc45,2.32,2.125283065570746,-0.19471693442925364
2700,train,Nc1c(cnn1c2ccc(F)cc2)C(=O)c3cccc(OC[C@@H](O)CO)c3,1.91,2.181595440313561,0.271595440313561
2108,train,Brc1cccc2c3CN(CCc3[nH]c12)C(=O)[C@@H]4CCCC[C@H]4C(=O)NC5(CC5)C#N,3.12,3.2762714535844575,0.15627145358445738
1651,train,Cc1c(F)ccc2c1c(Sc3ccc(Cl)cc3)c(C)n2CC(=O)O,2.23,2.403284519820641,0.17328451982064097
3282,train,CCCN(CCO)CCCOc1cc2ncnc(Nc3cc(CC(=O)Nc4cccc(F)c4F)[nH]n3)c2cc1OC,1.28,1.764018252219008,0.48401825221900796
4194,train,CC1CC(N(C(=O)C)c2ccccc2)c3ccccc3N1S(=O)(=O)c4ccccc4,3.68,3.5800037834732614,-0.09999621652673873
3745,train,CCN(CC)S(=O)(=O)c1ccc(NC(=O)[C@@](C)(O)C(F)(F)F)c(Cl)c1,3.66,3.395617040269993,-0.26438295973000736
1807,train,O=C1C=CN=C2C=C(C=CN12)C#Cc3ccccc3,2.9,3.101951055391238,0.20195105539123803
4061,train,NNC(=O)c1ccncc1,-0.57,-0.25953201436031526,0.3104679856396847
3992,train,CC1=CN([C@H]2CCCN(C2)[C@H](CC3CCCCC3)c4ccc(C(=O)O)c(Oc5cccc(Cl)c5)c4)C(=O)NC1=O,1.83,1.4979050849660733,-0.33209491503392674
3773,train,COc1ccc2N=NC(=O)N(CCN3CCC(CC3)NCc4ccc5OCC(=O)Nc5n4)c2c1,-0.65,-0.23234467201698772,0.4176553279830123
1060,train,CN1CCCCC1CCN2c3ccccc3Sc4ccc(cc24)[S+](C)[O-],1.6,1.9139016965897884,0.3139016965897883
3136,train,NC1(CCN(CC1)c2ncnc3[nH]ccc23)C(=O)NC(CS(=O)(=O)N)c4ccc(Cl)cc4,2.2,2.2553334812838353,0.055333481283835084
3068,train,Nc1cccc(CCc2ccc3cc[nH]c3c2)n1,2.8,2.92495390220705,0.12495390220705005
2260,train,CC(C)CN1C(=O)N(C)C(=O)c2c1sc(Cc3c(C)n[nH]c3C)c2C(=O)N4C[C@H](O)CO4,1.07,1.0100191094288389,-0.05998089057116118
2600,train,CS(=O)(=O)c1ccc(cc1)[C@@H](CC2CCCC2)C(=O)Nc3nccs3,3.86,3.8019022476022393,-0.058097752397760605
1054,train,C[C@@H]1CN(CCN1c2ncc(OCc3ccncc3C#N)cn2)c4noc(C)n4,2.6,2.682530674356821,0.08253067435682082
2232,train,O=C(Cc1cccc2ccccc12)Nc3ccccc3,3.9,4.196900473798513,0.2969004737985128
2814,train,OC1=CC(=O)C2=C(O1)c3ccccc3N(C2=O)c4ccccc4,0.96,1.3916526421445266,0.4316526421445266
3560,train,Cn1cc(cc1c2c3C(=O)N(CC#N)C(=O)N(CC4CC4)c3nn2Cc5ccnc6ccc(Cl)cc56)C#N,3.33,3.549379029187922,0.21937902918792185
152,train,NC(=O)c1ccc(Oc2cccc3cccnc23)c(c1)[N+](=O)[O-],1.7,1.893736734303571,0.19373673430357097
2328,train,OC(=O)[C@H](Cc1ccc(cc1)C#CCCNc2ccccn2)NC(=O)c3c(Cl)cccc3Cl,0.27,0.575112341216629,0.305112341216629
302,train,CNC(=O)c1cc(c2nc(cc(n2)C3(CC3)S(=O)(=O)C)N4CCOCC4)c5cc[nH]c5c1,1.7,1.7064850414555635,0.0064850414555635005
1531,train,C[C@H](N1CCC[C@@H](C1)N2C=C(C)C(=O)NC2=O)c3ccc(C(=O)O)c(Oc4cccc(Cl)c4)c3,-0.26,-0.005898456523541373,0.25410154347645864
3551,train,FC(F)(F)CCS(=O)(=O)Oc1ccc(NC(=O)c2ccc(Cn3ccnn3)c4ccccc24)c(n1)C(=O)NCC5CCOCC5,4.2,4.523714521098095,0.3237145210980952
506,train,Oc1cccc(c1)N2C(=O)c3ccc(O)cc3C2=O,2.0,2.277531307222331,0.2775313072223309
2580,train,COc1ccc(cc1OC)C(=O)Nc2cc(NC(=O)c3cccc(c3)N(C)C)ccc2C,3.12,3.2631622639352993,0.14316226393529918
184,train,Clc1ccc(CC2CCNCC2)cc1C(=O)NCC34CC5CC(CC(C5)C3)C4,1.49,1.5301118669352256,0.040111866935225615
2441,train,CCN(CC)CCOC(=O)C1(CCCCC1)C2CCCCC2,3.72,3.6446752364272754,-0.07532476357272477
2707,train,OC(=O)C1=CN(C2CC2)c3cc(N4CCN(CC4)C(=O)CC[N+](=O)[O-])c(F)cc3C1=O,0.22,0.3174709510028719,0.09747095100287193
1819,train,CCN1C=C(C(=O)O)C(=O)c2cc(F)c(nc12)N3CCNCC3,-0.83,-0.6762630278383934,0.15373697216160653
2324,train,NC(=O)Nc1sc(cc1C(=O)N)c2ccccc2,2.42,2.513185553741052,0.0931855537410522
698,train,Cc1c(c2c(NS(=O)(=O)C)cccc2n1CC(=O)O)S(=O)(=O)c3ccc(Cl)cc3,-0.83,-0.5609730494937946,0.2690269505062054
1131,train,CN(C)CC(O)COc1ccc(Nc2ncc(C)c(Nc3ccccc3)n2)cc1,2.0,2.19755333618628,0.1975533361862798
1628,train,FC(F)(F)c1csc(n1)N2CCN(CC2)C(=O)[C@@H]3CCCC[C@H]3C(=O)NC4(CC4)C#N,2.4,2.3223825292971974,-0.07761747070280256
268,train,Clc1ccc(Cl)c(c1)S(=O)(=O)Nc2nccs2,1.14,1.3847546892007974,0.24475468920079746
2152,train,Nc1cc(cc(c1)C(F)(F)F)C(=O)Nc2cccc(c2)c3nnn[nH]3,0.2,0.3802066462162117,0.18020664621621169
801,train,CCC(CC)C[C@@H](N1CCC[C@@H](C1)N2C=C(C)C(=O)NC2=O)c3ccc(C(=O)O)c(Oc4cccc(Cl)c4)c3,1.68,2.046535099736757,0.36653509973675713
2494,train,CNC(=O)c1ccc(cc1F)N2C(=S)N(C(=O)C23CCC3)c4ccc(C#N)c(c4)C(F)(F)F,3.3,3.3306477283939673,0.030647728393967455
3716,train,O=C1CCOc2nc(OCc3ccccc3)ccc12,3.1,3.3662404601472886,0.2662404601472885
3892,train,OC(=O)CCc1ccc(OCc2cccc(Oc3ccccc3)c2)cc1,2.47,2.4560471813241787,-0.013952818675821543
1499,train,CC(=O)NC[C@H]1CN(C(=O)O1)c2ccc(c(F)c2)n3cnc(c3)C#N,1.51,1.5075054517013808,-0.0024945482986191703
558,train,Cc1ccccc1CN2C=CN3C(=O)C=C(N=C23)N4CCOCC4,2.3,2.6109664002192003,0.3109664002192005
1040,train,CN(CCOc1ccc(CC2SC(=O)NC2=O)cc1)c3ccccn3,2.5,2.655730599206927,0.1557305992069269
132,train,[O-][S+](c1ccccc1)c2ccc3nnnn3n2,0.79,0.7865623971805578,-0.003437602819442276
1121,train,OC(=O)c1ccccc1O,-1.36,-1.0009661147700384,0.3590338852299617
2510,train,COc1ncc(C)cc1c2cccc3c(N)c(nnc23)C(=O)NC4CC4,3.4,3.3186930402156394,-0.08130695978436053
961,train,COc1cc(ccc1Cn2ccc3ccc(cc23)C(=O)NCC4CCCC4)C(=O)NS(=O)(=O)c5ccccc5,1.93,2.0125139966251706,0.08251399662517067
3977,train,OC(=O)COc1ccc(Br)cc1c2ccccc2,0.15,0.33988098606416006,0.18988098606416007
1887,train,CCCC(=O)NCc1cncc(c1)c2ccc(F)cc2OC,2.9,3.4526864049688877,0.5526864049688878
2091,train,NC(=O)c1cnc(N[C@H]2CCCNC2)c3cc(sc13)c4ccc(Cl)cc4,2.78,2.97117602701761,0.19117602701761038
731,train,CC(C)NC(=O)c1cnc(N2CCC(CC2)N3C(=O)OCc4ccccc34)c(Cl)c1,3.57,3.600544123170658,0.030544123170658022
1299,train,CN1C(=O)N(C)c2ncn(CC(O)CO)c2C1=O,-1.25,-1.1327054803767362,0.11729451962326376
3168,train,CCN[C@H]1C[C@H](C)S(=O)(=O)c2sc(cc12)S(=O)(=O)N,0.27,0.43634940296068025,0.16634940296068024
1987,train,C[C@H](NC(=O)C1(N)CCN(CC1)c2ncnc3[nH]ccc23)c4ccc(Cl)cc4,2.67,3.006118253966732,0.336118253966732
1992,train,OCCOCCN1CCN(CC1)C(c2ccccc2)c3ccc(Cl)cc3,3.08,3.192680574348489,0.11268057434848888
1918,train,CC1(C)[C@@H]2CC[C@@]1(CS(=O)(=O)N3CCN(CC3)c4ccc(cn4)C(F)(F)F)C(=O)C2,3.8,3.786166102718789,-0.01383389728121065
1047,train,CS(=O)(=O)C1(CC1)c2cc(nc(n2)c3ccccc3)N4CCOCC4,2.6,2.8169560827175246,0.21695608271752453
2921,train,COc1cc(OC)cc(c1)c2cc3cnc(N)nc3nc2N,2.14,2.348759207132658,0.20875920713265783
2562,train,COc1cccc(CNc2nc(NC(C)C)nc3ccsc23)c1OC,3.7,3.9385368786954706,0.23853687869547047
2655,train,Fc1ccccc1c2ccc3c(c2)C(=O)C(=O)c4ccccc34,2.92,3.025232759411635,0.1052327594116349
2894,train,CN(C)c1ccnc2sc(C(=O)N)c(N)c12,1.7,1.7893390071658415,0.08933900716584153
875,train,CC(C)[C@H](N)C(=O)OCCOCn1cnc2C(=O)N=C(N)Nc12,-1.3,-0.9793852564991701,0.32061474350082997
1945,train,Fc1ccc(cc1)C(=O)C2CCN(CC2)C(=O)c3ccc(F)cc3,2.9,2.802091614271702,-0.09790838572829808
3390,train,CN1CCN(CC1)c2ccc3N=CN(C(=O)c3c2)c4cc(ccc4C)C(=O)NC5CCC5,2.25,2.48151247482459,0.2315124748245898
2674,train,CC1=NC(=C(NC1=O)c2ccccc2)c3ccc(CN4CCC(CC4)N5C(=O)Nc6ccccc56)cc3,3.8,4.097674783871926,0.29767478387192625
2797,train,CC(C)c1ccc(NC(=O)NCCCSC[C@H]2O[C@H]([C@H](O)[C@@H]2O)n3cnc4c(N)ncnc34)cc1,2.5,2.608993383008908,0.10899338300890804
1839,train,FC(F)(F)c1ccc(cc1)S(=O)(=O)N2CCN(CC2)C(=O)N3CCN(CC3)c4ccncc4Cl,3.54,3.570305335069143,0.030305335069142902
2567,train,COc1ccc2N=CC(=O)N(CCN3CC[C@@H](NCc4ccc5OCC(=O)Nc5n4)[C@@H](O)C3)c2c1,0.37,0.5186755563006622,0.1486755563006622
2503,train,Cc1ccc(cc1)\C(=C/CN2CCCC2)\c3ccccn3,1.88,2.0920254066425934,0.2120254066425935
3634,train,Oc1cccc2ccc(nc12)C#N,1.81,2.007240209620904,0.19724020962090405
498,train,OC1=CC=Cc2cc(O)c(O)c(O)c2C1=O,2.03,2.621762611619561,0.5917626116195613
1193,train,CO[C@@H]1CN(Cc2ccc(cc2)C(F)(F)F)CC[C@@H]1N(C)C(=O)Cc3ccc(cc3)n4cnnn4,3.1,3.1902015005396858,0.09020150053968568
1800,train,Cc1cc(N)n(n1)c2ccccc2,1.25,1.6892219088225673,0.4392219088225673
2615,train,CC1CN(Cc2cc(Cl)ccc2OCC(=O)O)CCN1S(=O)(=O)c3ccccc3,0.31,0.46092301700073524,0.15092301700073524
119,train,OC(=O)Cc1ccc(cc1)N2CCC(CN3CCC(CC3)Oc4ccc(Cl)c(Cl)c4)CC2,1.83,1.703313288447755,-0.12668671155224498
2353,train,COc1ccc(CC(C)(C)NC[C@H](O)c2cc(O)cc3NC(=O)COc23)cc1,0.79,0.7671514783798747,-0.022848521620125295
3263,train,Cc1cccc(n1)c2nn3CCCc3c2c4ccnc5ccc(cc45)C(=O)N,1.71,1.659371761202406,-0.05062823879759404
3645,train,CCC[C@@H](N1CCC[C@@H](C1)N2C=C(C)C(=O)NC2=O)c3ccc(C(=O)O)c(Oc4cccc(Cl)c4)c3,0.6,0.8030577534488197,0.2030577534488197
2215,train,O=C1CCCc2nc(ccc12)C#Cc3ccccc3,3.53,3.7729044781105134,0.24290447811051363
3072,train,CCCc1nn(C)c2C(=O)NC(=Nc12)c3cc(ccc3OCC)S(=O)(=O)N4CCN(C)CC4,2.8,2.9364707283738403,0.13647072837384044
331,train,CCOc1cc2nccc(Oc3cnc(CC(=O)Nc4n[nH]c(CC)c4C)c(OC)c3)c2cc1OC,3.29,3.583747944569609,0.29374794456960895
661,train,COc1cc(c(OC)nn1)c2c(F)ccc3c(N)c(nnc23)C(=O)NC4CC4,2.75,2.716849211755339,-0.03315078824466111
2614,train,OC(=O)c1ccccc1Nc2cccc(c2)C(F)(F)F,2.01,1.8956036108133112,-0.1143963891866886
1051,train,COc1ccc(cc1OC)c2cc(NC(=O)Cc3ccc4ccccc4c3)[nH]n2,3.1,3.1743410369603224,0.07434103696032235
3839,train,CNC(=O)c1ccc(Nc2nccc(n2)c3cnc(C)n3C(C)C)cc1,2.69,2.9679995397803935,0.2779995397803936
2542,train,COc1ccnc(CSc2nc3ccccc3[nH]2)c1,2.89,3.1089461503857274,0.2189461503857273
773,train,CC(=O)N1CCN(CCOc2ccc(cc2)C3CCN(CC3)c4ccc5nnc(n5n4)C(F)(F)F)CC1,3.2,3.0753691161856853,-0.12463088381431486
140,train,CN1C(=O)N(CC2CC2)c3nn(Cc4ccnc5ccc(Cl)cc45)c(c6cc(cn6C)C#N)c3C1=O,3.67,3.956591422701087,0.28659142270108706
96,train,CCN(CC)CCCCNc1ncc2CN(C(=O)N(Cc3cccc(NC(=O)C=C)c3)c2n1)c4c(Cl)c(OC)cc(OC)c4Cl,2.04,2.2605121861692212,0.2205121861692212
1237,train,CC1CN(C1)C(=O)c2nnc3c(cccc3c2N)c4ncccn4,1.21,1.6172434799596065,0.4072434799596065
2839,train,C[C@H](CNCCc1ccncc1)c2c([nH]c3ccc(cc23)C(C)(C)C(=O)N4C5CCC4CC5)c6cc(C)cc(C)c6,4.35,4.372398719357202,0.022398719357202168
243,train,CC1=CN([C@H]2CCCN(Cc3ccc(C(=O)O)c(Oc4cccc(c4)C(F)(F)F)c3)C2)C(=O)NC1=O,-0.38,-0.19055421960250252,0.1894457803974975
557,train,CCCSc1nc(NC[C@@H]2CC[C@H](CC2)C(=O)O)ccc1C(=O)NC3CCCCC3,2.61,2.884275523894499,0.27427552389449916
587,train,NC1(CCC1)c2ccc(cc2)c3ncc4ncccc4c3c5ccccc5,2.0,2.123102410840869,0.12310241084086915
1601,train,NCc1ccc(NC(=O)c2cc(Nc3ncccn3)c4cc(ccc4c2)\C(=N\O)\N)cc1,-0.85,-0.42568250588266165,0.4243174941173383
822,train,O=C(NC1=CC(=CNC1=O)c2ccncc2)[C@H](Cc3ccccc3)NC4(CC4)c5ccccn5,3.44,3.610874139461342,0.170874139461342
2184,train,CC(C)(C)CNc1nc(nc(N2CCOCC2)c1N)C#N,3.08,2.956999142149826,-0.12300085785017423
1438,train,NC(=O)c1ccc(O[C@H]2C[C@H]3CC[C@@H](C2)N3Cc4ccccc4)c(F)c1,2.1,2.1176679491499653,0.017667949149965168
2784,train,CCCSc1nc(ccc1C(=O)N[C@@H]2C3CC4CC2C[C@@](O)(C4)C3)N5CCOCC5,3.2,3.3878789965107963,0.1878789965107961
1581,train,Cc1ccc(C)c(OCCCC(C)(C)C(=O)O)c1,0.72,0.8183872605513334,0.0983872605513334
585,train,Nc1ncnc2sc(nc12)c3c(ncn3C[C@H]4CCCO4)c5ccccc5,2.65,2.698367430649987,0.04836743064998705
657,train,CS(=O)(=O)NCCC(NC(=O)C1(N)CCN(CC1)c2ncnc3[nH]ccc23)c4ccc(Cl)cc4,2.2,2.210806142840543,0.010806142840543043
2969,train,C(Cc1nc2ccccc2[nH]1)Cc3nc4ccccc4[nH]3,3.5,3.729115674937528,0.22911567493752782
915,train,CC(=O)Nc1ccc2cnn(c3cc(NC4CC4)n5ncc(C#N)c5n3)c2c1,3.44,3.4317881430725583,-0.00821185692744164
2487,train,Oc1cc(O)c2C(=O)c3ccccc3Oc2c1,3.39,3.642767233558247,0.25276723355824693
855,train,CN(C)CC(O)COc1ccc(Nc2ncc(Cl)c(Nc3ccccc3)n2)cc1,2.25,2.7910723520018124,0.5410723520018124
3182,train,CC(O)c1ccc2OCC(=O)N(CCN3CCC(CC3)NCc4ccc5OCC(=O)Nc5n4)c2c1,0.25,0.40441655579240754,0.15441655579240754
1696,train,FC(F)(F)c1ccc(cc1)S(=O)(=O)NCC(N2CCCCCC2)c3ccccc3,4.29,4.054488059034382,-0.23551194096561812
2613,train,CN[C@@H](C)C(=O)N[C@H](C(=O)N[C@H]1CCCN(CCc2ccccn2)C1)C(C)(C)C,-0.55,-0.23384806089780374,0.3161519391021963
3533,train,CCN(CCO)CCCOc1cc2ncnc(Nc3cc(CC(=O)Nc4cccc(F)c4F)[nH]n3)c2cc1OC,1.94,2.2752345193153265,0.33523451931532655
1596,train,C[C@H](CO)Nc1nc(SCc2cccc(F)c2F)nc3NC(=O)C(=O)Nc13,2.48,2.550078210928098,0.07007821092809818
3715,train,CC(C)n1nc(c2ccc(C)cc2)c3c(N)ncnc13,3.2,3.4275287821712848,0.22752878217128458
3881,train,COc1cc(F)ccc1c2cccc(CNC3CCCC3)n2,2.06,2.179312620190269,0.11931262019026878
4155,train,CN(C)C(=O)[C@H](Cc1ccccc1)NC(=O)c2cc3ccccc3[nH]2,3.4,3.6362316840687683,0.23623168406876838
2863,train,Fc1ccc(cc1)C(COCc2cc(cc(c2)C(F)(F)F)C(F)(F)F)N3CCNCC3,3.0,3.2090353493007324,0.20903534930073242
1666,train,C[C@@](Cc1ccc(O)c(O)c1)(NN)C(=O)O,-0.7,-0.4923760168813729,0.20762398311862706
896,train,COc1cc(ccc1Nc2ncc(Cl)c(n2)c3cnc4ccccn34)N5CCN(CCO)CC5,3.2,3.599765685754966,0.3997656857549656
223,train,COc1ccccc1C(NC(=O)[C@@H]2CCCC[C@H]2C(=O)N3CCN(Cc4ccc(F)cc4)CC3)C#N,3.57,3.7879719040552464,0.21797190405524658
3770,train,COc1ccc2N=CC(=O)N(CCN3CCC(CC3)NCc4cc5OCCOc5cn4)c2c1,0.93,1.0798763866819292,0.14987638668192915
3070,train,CN1CCN(CC(=O)Nc2c(cnn2c3ccccc3)C#N)CC1,0.0,0.2270704429199224,0.2270704429199224
752,train,O[C@H](CNC(=O)C1=CNC(=O)c2cc(ccc12)S(=O)(=O)NC3CC3)CN4CCC(CC4)Oc5ccc(Cl)c(Cl)c5,3.67,3.706691039657301,0.03669103965730125
2155,train,Fc1ccc(cc1)C(=O)N2CCC[C@@H](C2)c3onc(n3)c4ccc(F)cc4,3.73,3.7357777114722674,0.005777711472267466
1653,train,Nc1n[nH]c(N)c1Cc2ccc3OCOc3c2,0.47,0.591586303104664,0.121586303104664
3914,train,CN(C1CCN(CCC(c2ccccc2)c3ccccc3)CC1)C(=O)Cc4ccc(O)cc4,3.3,3.669811031174781,0.3698110311747813
2665,train,OC(=O)COc1ccc(cc1c2ccccc2)[N+](=O)[O-],-0.69,-0.6322255872735805,0.05777441272641948
2748,train,CCC(CC)NC(=O)c1cn(nc1NS(=O)(=O)c2ccc(C)cc2)c3ccccc3,2.51,2.6528429361027746,0.14284293610277476
3985,train,CC1=CC2=NNC(=O)N2c3cc(ccc13)c4cccnc4,2.72,3.3027308087735747,0.5827308087735745
3233,train,CCN(C1CCN(CC[C@H](N2CCN(CC2)S(=O)(=O)CC(F)(F)F)c3ccccc3)CC1)C(=O)Cc4ccc(cc4)S(=O)(=O)C,1.8,2.107243392827737,0.30724339282773694
3151,train,CNc1c(cnc2[nH]c(nc12)c3ccc(OCCN4CCOCC4)cc3)C(=O)N,2.14,2.416277232970692,0.27627723297069195
3395,train,CCOC(=O)C1=COc2ccccc2C1=O,1.81,2.2016725494414042,0.39167254944140417
3732,train,CC(=O)NCc1ccc(CN2CCN(CC2)c3ccc(F)cc3F)cc1,2.5,2.5473858438218286,0.047385843821828644
3786,train,COCCCCC(=NOCCN)c1ccc(cc1)C(F)(F)F,1.55,1.4587552483867676,-0.09124475161323242
3077,train,CC1=NS(=O)(=O)c2cc(Cl)ccc2N1,1.05,1.0367224039195306,-0.013277596080469412
3140,train,Cc1nc(C)c(nc1C(=O)N)c2ccc3c(CC[C@@]34CC[C@H](CC(=O)O)CC4)c2,1.5,1.3740225886628061,-0.12597741133719387
3979,train,CCC(=O)N1CCN(CC1)C(=O)c2cc(CC3=NNC(=O)c4ccccc34)ccc2F,1.22,1.4186500370850277,0.1986500370850277
3380,train,COc1cc2c(Nc3ccc(F)cc3F)c(cnc2cc1NCCN(C)C)C(=O)N,1.71,2.084617457932372,0.3746174579323722
919,train,CN[C@@H](C)C(=O)N[C@@H](C1CCCCC1)C(=O)N[C@H]2CCCN(C2)C(=O)Cc3ccccc3,1.32,1.2791638820434326,-0.0408361179565675
3131,train,CN1CCN(CC1)c2ccc3N=CN(C(=O)c3c2)c4cc(NC(=O)c5cncs5)ccc4C,2.11,2.1456463956830882,0.03564639568308836
69,train,Clc1cccc2cn[nH]c12,2.33,2.8479595753555316,0.5179595753555315
593,train,COc1cc2ncnc(Nc3ccc(OCc4ccccn4)c(C)c3)c2cc1OC,3.6,3.700850229298707,0.10085022929870702
1220,train,COc1cccc(COCC(O)CN2CCC(CC2)C(=O)N)c1,-0.5,-0.5144339120086543,-0.014433912008654293
1067,train,Cc1ccccc1C(=O)NCC23CC4CC(CC(C4)C2)C3,4.28,4.338168722890367,0.05816872289036645
3067,train,CCN(C1CCN(CC[C@H](c2ccc(cc2)S(=O)(=O)C)c3cc(F)cc(F)c3)CC1)C(=O)Cc4ccc(cc4)S(=O)(=O)C,2.2,2.507018985032178,0.30701898503217784
1962,train,Clc1c(NCC2CCNCC2)nccc1C(=O)NCC34CC5CC(CC(C5)C3)C4,0.6,0.5846496089859292,-0.015350391014070763
1676,train,CC(NC(=O)C1(N)CCN(CC1)c2ncnc3[nH]ccc23)c4ccc(Cl)cc4,2.7,2.758146798363176,0.05814679836317582
770,train,CN(c1cccc(c1)C(=O)Nc2ccc(C)c(NC(=O)c3ccc4ncccc4c3)c2)S(=O)(=O)C,2.8,2.887654968630626,0.08765496863062605
2325,train,Nc1ccc(N=Nc2ccccc2)c(N)n1,3.22,3.4009695383555676,0.1809695383555674
1720,train,CN[C@@H](C)C(=O)N[C@@H](C1CCCCC1)C(=O)N[C@H]2CCCN(CCCc3ccccc3)C2,2.6,2.3234742931935783,-0.27652570680642174
1790,train,CCn1cc(NC(=O)Cc2ccc(Oc3ccnc4cc(F)ccc34)cc2OC)cn1,3.93,3.81567169962766,-0.11432830037234032
1764,train,Nc1cccc(NC(=O)c2ccc(CNC(=O)OCc3cccnc3)cc2)c1,1.6,1.5806771593493338,-0.01932284065066625
1415,train,OB(O)c1ccccc1C=O,0.83,1.1823348686504511,0.35233486865045116
3204,train,c1ccc2cnccc2c1,1.6,1.848626737803679,0.24862673780367883
2182,train,Cc1ccc2c(c1)c(c(C)n2CC(=O)O)c3cc(C)nc4ccccc34,2.88,2.92961166116174,0.049611661161740095
3720,train,CC(C)n1c(C)ncc1c2ccnc(Nc3ccc(C(=O)N(C)C)c(F)c3)n2,2.74,3.1866621039000376,0.44666210390003735
8,train,COc1ccc(cc1)C2=COc3cc(OC)cc(OC)c3C2=O,3.05,2.9880087061660054,-0.061991293833994376
1028,train,COC(=O)COc1ccc(O)cc1,0.92,1.1519664855362777,0.23196648553627763
718,train,CC(=O)NC[C@H]1CN(C(=O)O1)c2ccc(N3CCOCC3)c(F)c2,0.67,0.8480661808513674,0.17806618085136738
3571,train,O=S(=O)(NCCNc1ncccn1)c2cccc3cnccc23,0.61,0.7761751364671039,0.1661751364671039
2867,train,CCOc1ccc2C=CC(=O)Oc2c1,2.2,2.232532172100216,0.03253217210021564
3006,train,CC(C)n1c(C)ncc1c2ccnc(Nc3ccc(cc3)C(=O)N(C)C)n2,2.45,2.6588373017343154,0.20883730173431525
2413,train,O[C@@]1(CN2CCC1CC2)C#Cc3ccc(Oc4ccc(cc4)C(=O)NCc5ccncc5)cc3,2.31,2.379090945142862,0.06909094514286185
2578,train,C[C@@H]1CN(C[C@H](C)O1)c2nc(N3CCOCC3)c4ccc(Nc5ccccc5)nc4n2,4.12,4.371908672404706,0.2519086724047055
2604,train,Clc1ccc2nsnc2c1NC3=NCCN3,0.71,1.0272491024559767,0.3172491024559767
3805,train,COc1cccc(c1)[C@@H](C)NCCCc2ccccc2Cl,3.0,3.11657498161613,0.11657498161613011
335,train,NS(=O)(=O)c1cc2c(NC(Cc3ccccc3)NS2(=O)=O)cc1C(F)(F)F,1.78,1.7780449427553338,-0.0019550572446662695
1772,train,CN1C(=O)N(CC2CC2)c3nn(Cc4ccnc5ccc(Cl)cc45)c(c6cncn6C)c3C1=O,2.69,2.9770079471438797,0.2870079471438798
3297,train,Nc1cccc(NS(=O)(=O)c2ccc(cc2)c3ccc(cc3)C#N)n1,2.2,2.15119243701749,-0.04880756298250999
1665,train,O[C@@H](CNCCSCCCNCCc1cccc(Cl)c1Cl)c2ccc(O)c3NC(=O)Sc23,2.2,2.5784257647288706,0.37842576472887046
761,train,Oc1ccc(cc1)c2nc3ccc(O)cc3s2,3.65,3.9202446836013873,0.2702446836013874
992,train,Fc1ccc2OCC(=O)N(CCN3CCC(CC3)NCc4ccc5OCC(=O)Nc5n4)c2c1,0.9,1.3865724164586648,0.4865724164586648
2373,train,COc1ccc(N(C(C(=O)NC[C@@H](C)O)c2ccccc2F)C(=O)c3occc3C)c(OC)c1,2.04,2.0991348820651545,0.05913488206515449
3337,train,CC1(C)CNC(=O)c2sc(nc2C1)N3CCOCC3,1.29,1.5304943637600947,0.2404943637600947
2166,train,CNC(=O)c1nc(cnc1N)c2ccc(Cl)c(c2)S(=O)(=O)Nc3cccc(F)c3F,2.8,3.173436907560797,0.37343690756079706
48,train,O[C@@H](CNCCCOCCOCCc1cccc2ccccc12)c3ccc(O)c4NC(=O)Sc34,2.28,2.243002733567763,-0.036997266432236664
958,train,CCOc1ccc2nc(N)sc2c1,2.4,2.3894422835354616,-0.010557716464538291
3232,train,CCCC(=O)C1(CCN(CC1)C(=O)[C@@H](Cc2ccc(OC)cc2)NC(=O)[C@@H](N)Cc3cncn3C)c4ccccc4,2.51,2.3138025877647435,-0.19619741223525633
640,train,CC(N1NC(=O)c2nc3cc(Cl)ccc3c(O)c2C1=O)c4ccccn4,0.51,0.6318844974983162,0.1218844974983162
3456,train,Nc1c(c(CN2CCOCC2)nn1c3ccc(F)cc3)c4ccccc4,2.33,2.6997645704127837,0.36976457041278366
3813,train,CC(C)OC(=O)N1CCC(CC1)Oc2ncnc3N(CCc23)c4ccc(cc4F)S(=O)(=O)C,3.4,3.2649413222964725,-0.13505867770352742
216,train,OC(=O)[C@@H](Cc1ccccc1)N2CCC(CN3CCC(CC3)Oc4ccc(Cl)c(Cl)c4)CC2,2.5,3.0154910162988813,0.5154910162988813
1988,train,CN1C(=O)N(CCCCC(=O)C)C(=O)c2c1ncn2C,0.22,0.49750437149981597,0.277504371499816
2575,train,Cc1ccc2c(c1)c(c(C)n2CC(=O)O)c3ccnc4c(cccc34)C(F)(F)F,1.27,1.5561352393489059,0.28613523934890583
180,train,NC1(CCC1)c2ccc(cc2)c3ncc4ccncc4c3c5ccccc5,2.2,2.5819722446430537,0.38197224464305357
2393,train,C[C@@H](C(=O)NCCN1CCCC1)c2ccc(OS(=O)(=O)C(F)(F)F)cc2,1.64,2.091417365346446,0.45141736534644594
1132,train,CCCSc1nc(ccc1C(=O)NC2CCCCC2)N3CCCC(C3)C(=O)O,1.72,1.905223836014725,0.18522383601472492
2139,train,Clc1ccc(N2CCN(CC2)C(=O)COCc3ccncc3)c(Cl)c1,3.38,3.4929564108210247,0.11295641082102481
1855,train,NC1=NC(=O)N(C=C1)[C@@H]2O[C@H](CO)[C@@H](O)C2(F)F,-1.5,-1.4107153324629573,0.08928466753704267
1650,train,Clc1ccc(CN(Cc2ccc(Cl)cc2)c3nn[nH]n3)cc1,2.74,2.9846710382939703,0.24467103829397008
3922,train,c1ccc(nc1)c2n[nH]cc2c3ccnc4ccccc34,2.57,2.736991297955942,0.16699129795594203
1637,train,COc1ccc(Cl)c(c1)C(=O)NCC23CC4CC(CC(C4)C2)C3,4.39,4.352677437486604,-0.037322562513395496
572,train,Clc1ccc2C(=O)C3=C(Nc2c1)C(=O)NN(CC#Cc4ccccc4)C3=O,1.78,2.165769670323755,0.38576967032375475
1868,train,Cc1ccc(cc1)S(=O)(=O)Nc2c(C(=O)NC3CCCCC3)c(C)nn2c4ccccc4,1.68,1.992286405181971,0.31228640518197115
124,train,CCN(C1CCN(CCC(c2ccccc2)c3ccccc3)CC1)C(=O)NCc4c(F)cccc4F,4.3,4.534022275668814,0.2340222756688144
1203,train,Fc1cccc(c1)C(COCc2cc(cc(c2)C(F)(F)F)C(F)(F)F)N3CCNCC3,3.2,3.4520055432738257,0.2520055432738255
3289,train,CC(C)C(NC(=O)CN1C(=O)C(=CN=C1c2cccnc2)NC(=O)OCc3ccccc3)C(=O)C(F)(F)F,2.15,2.1430861352608055,-0.00691386473919442
2010,train,CNc1c(Br)cnc2[nH]c(nc12)c3ccc(OCCCN4CCOCC4)cc3,2.96,3.0694540037227895,0.10945400372278957
1414,train,Oc1ccc(cc1)C2=Cc3ccc(O)cc3OC2,3.8,3.697751658081372,-0.10224834191862797
3897,train,OCCn1cc(cn1)c2cnc3nnn(Cc4ccc5ncccc5c4)c3n2,1.7,2.106556929563528,0.40655692956352785
835,train,CC(=O)N1CCN(CC1)c2ccc(Nc3nccc(n3)c4cnc5ccccn45)cc2,2.82,3.0621366920152866,0.24213669201528676
1695,train,O=S(=O)(c1ccccc1)C2(CC2)c3cc(nc(n3)c4cccc5[nH]ccc45)N6CCOCC6,3.4,3.316865916777267,-0.08313408322273297
2302,train,O=C(Nc1nccs1)[C@H](CC2CCOCC2)c3ccc(cc3)S(=O)(=O)C4CC4,2.55,2.58286864026324,0.03286864026324032
2402,train,NS(=O)(=O)c1ccc(Nc2nccc(n2)c3ccccc3)cc1,2.86,3.0185999955930845,0.15859999559308458
2930,train,O=C1N2CCS(=O)(=O)C2=Nc3ccccc13,0.8,0.746610705012609,-0.05338929498739109
863,train,CCCSc1ncccc1C(=O)NC2CCCCC2,3.24,3.3976606372515405,0.15766063725154034
202,train,Clc1ccc2C(=O)C3=C(Nc2c1)C(=O)NN(Cc4ccccn4)C3=O,1.1,1.2493587638113843,0.14935876381138424
1796,train,CC(C)OC(=O)N1CCC(CC1)Oc2ncnc(Oc3cccnc3C)c2C,3.8,4.20307130692777,0.40307130692777005
717,train,OC1(CNCCc2ccccc12)c3ccccc3,1.38,1.3960035073882575,0.01600350738825762
1907,train,CCc1c(C)nc2sc(C(=O)N)c(N)c2c1C,2.62,2.448987559867028,-0.171012440132972
1670,train,Cc1nc(CS(=O)(=O)c2ccc(Cl)cc2)cc(n1)N3CCOCC3,1.8,1.8384808505117385,0.03848085051173844
3845,train,NC(=O)c1cnc(N[C@H]2CCCNC2)c3cc(Br)sc13,1.08,1.1312349697047586,0.05123496970475849
623,train,CCN(CC)c1ccc(cc1)c2nn3c(nnc3s2)c4[nH]nc5CCCc45,3.37,3.291489435252207,-0.07851056474779305
1785,train,CC(C)c1nnc2ccc(cn12)c3ocnc3c4cc(F)ccc4F,2.44,2.534060108351184,0.09406010835118384
2512,train,O[C@@H](CNCCc1cccc(CNCCc2c(Cl)cccc2Cl)c1)c3ccc(O)c4NC(=O)Sc34,3.15,3.2755160729501593,0.12551607295015943
3365,train,COc1ccc(CN2C(=O)NC3=C(C=C(N(CC(=O)NC(C(C)C)C(=O)C(F)(F)F)C3=O)c4ccccc4)C2=O)cc1,2.93,3.0310379365626208,0.10103793656262061
2104,train,OC1(C(=O)Nc2ccccc12)c3ccccc3,1.71,1.8618413092311175,0.1518413092311175
2149,train,Clc1c(ccnc1N2CCNCC2)C(=O)NCC34CC5CC(CC(C5)C3)C4,1.77,1.7969238931828049,0.02692389318280486
3300,train,CN(C)CCOc1ccccc1Cc2ccccc2,2.53,2.7436141235066507,0.21361412350665088
672,train,FC(F)c1nc2ccccc2n1c3nc(nc(n3)N4CCOCC4)N5CCOCC5,3.04,3.212076748373611,0.17207674837361076
4130,train,OC12CC3CC(C1)CC(C3)(C2)NCC(=O)N4CCC[C@H]4C#N,-0.48,-0.35738557281991046,0.12261442718008952
2804,train,CN(CCCc1ccccc1)S(=O)(=O)c2cc(C(=O)N3CCc4ccc(cc4C3)S(=O)(=O)NCCc5ccccc5)c(O)c(O)c2O,0.75,1.0437744542235432,0.2937744542235432
2331,train,COc1ccc(cc1)C(=O)N2CCCC2=O,0.93,1.2809626723836667,0.35096267238366663
4164,train,COc1cc(Nc2nc3c(cc2F)ncn3[C@@H](CO)c4ccc(F)cn4)n[nH]1,2.18,2.109626336482142,-0.07037366351785801
2809,train,CN(Cc1ccc(Cl)cc1)C(=O)C2(N)CCN(CC2)c3ncnc4[nH]ccc34,2.8,2.5626781998721917,-0.23732180012780812
3929,train,Nc1nccc2ccccc12,1.5,1.915824118981976,0.415824118981976
2584,train,C[C@H]1O[C@H]([C@H](O)[C@@H]1O)n2cnc3c(N)nc(OCC4CC(F)(F)C4(F)F)nc23,1.42,1.4055030458789142,-0.014496954121085759
3861,train,CNc1c(Br)cnc2[nH]c(nc12)c3ccc(O)cc3,2.47,2.611544265320264,0.14154426532026365
3011,train,Cc1cnccc1COc2cnc(nc2)N3CCN(CC3)C(=O)OC(C)(C)C,3.8,4.008380278512738,0.20838027851273822
3548,train,COc1cc2c(Nc3ccc(Cl)cc3F)ncnc2cc1OCC4CCNCC4,1.1,1.5156361112490675,0.4156361112490674
2190,train,C[C@H]1C[C@H](CN1C#N)NS(=O)(=O)c2cc(Br)ccc2Br,2.13,2.248470660116927,0.1184706601169272
2226,train,NC1(CCN(CC1)c2ncnc3[nH]ccc23)C(=O)NC(CCCN4CCCC4)c5ccc(Cl)cc5,1.3,1.7722600758099012,0.47226007580990115
3951,train,COc1cccc(OC)c1c2ccc(C[C@H](NC(=O)c3c(Cl)cccc3Cl)C(=O)O)cc2,-0.27,-0.22452849540297581,0.045471504597024204
3355,train,C[C@H](COc1cn2ncnc(Oc3ccc4[nH]c(C)cc4c3F)c2c1C)OC(=O)[C@H](C)N,3.19,3.30867432661292,0.11867432661292021
2891,train,Cc1oc(nc1CCOc2ccc(C[C@H](Nc3ccccc3C(=O)c4ccccc4)C(=O)O)cc2)c5ccccc5,3.5,3.5755236846084295,0.07552368460842951
1525,train,Cc1cc(C)c(C(=O)N[C@@H](Cc2ccc(OCCCNc3ccccn3)cc2)C(=O)O)c(C)c1,0.49,1.0630631503993486,0.5730631503993486
2844,train,CC(C)n1nc(C)c(C(=O)N[C@@H](C)C(C)(C)C)c1NS(=O)(=O)c2ccc(C)cc2,0.97,0.8325867685306414,-0.13741323146935858
1102,train,NCCc1ccc(O)c2nc(O)sc12,0.33,0.16845649070261226,-0.16154350929738776
582,train,CC(=O)Nc1nnc(s1)S(=O)(=O)N,-0.78,-0.7598835411821088,0.02011645881789126
4001,train,COc1cc(ccc1Nc2nccc(n2)c3cnc4ccccn34)N5CCN(CC5)C(=O)C,3.0,3.146572504713599,0.14657250471359884
3522,train,CCN(C1CCN(CC[C@H](C2CCN(CC2)S(=O)(=O)C)c3cc(Cl)cc(Cl)c3)CC1)C(=O)Cc4ccc(cc4)S(=O)(=O)C,2.6,2.5444113021871604,-0.055588697812839705
3524,train,COc1ccc2Sc3ccccc3N(C[C@H](C)CN(C)C)c2c1,2.99,3.1137802684206672,0.12378026842066703
3130,train,C[C@H](C(=O)O)c1cccc(c1)C(=O)c2ccccc2,-0.06,0.055433593878959186,0.11543359387895918
1910,train,OCCCN1C(=O)C(Cc2ccccc12)NC(=O)c3cc4cc(Cl)sc4[nH]3,3.49,3.5314590673984636,0.04145906739846339
1264,train,Nc1nc2ccc(cc2s1)c3cccc(O)c3,3.1,3.568248583434888,0.46824858343488795
2286,train,Cc1cccc(c1)C(=O)N2CCC(CC2)C(=O)c3ccc(F)cc3,3.4,3.20088242803308,-0.19911757196691982
32,train,CC(=O)[C@H]1CC[C@H]2[C@@H]3CCC4=CC(=O)CC[C@]4(C)[C@H]3CC[C@]12C,3.94,3.9548495153920644,0.014849515392064472
1256,train,OC(=O)[C@H](Cc1ccc(F)cc1)N2CCC(CN3CCC(CC3)Oc4ccc(Cl)c(Cl)c4)CC2,2.98,3.1098601819139393,0.12986018191393933
3028,train,CC(C)C(=O)Nc1ccc2C(=O)NC(=O)c2c1,1.55,1.594995276037941,0.044995276037940846
1115,train,C[C@H](Nc1nc(Nc2ncc(C)s2)c(F)c(n1)N3CCOCC3)c4ncc(F)cn4,3.27,3.3053770623170573,0.035377062317057284
2189,train,CC(C)(N)C(=O)N[C@H](COCc1ccccc1)C(=O)N2CCC3(CC2)CN(c4ccccc34)S(=O)(=O)C,1.4,1.3866607405554128,-0.013339259444587137
2698,train,CC(C)C[C@@H](CO)NS(=O)(=O)c1ccc(Cl)s1,2.8,3.109268150263806,0.30926815026380616
2374,train,CCCc1c(O)c(ccc1OCc2cccc(NC(=O)Cc3ccccc3C(=O)O)c2)C(=O)C,2.95,3.069035367742132,0.11903536774213164
3785,train,CN(C)CCNS(=O)(=O)c1ccc(Nc2nccc(n2)c3cnc4ccccn34)cc1,2.7,2.7006878535648777,0.0006878535648775497
1425,train,COc1cc(ccc1OC[C@H](OP(=O)(O)O)C2CC2)N3C=Nc4cc(sc4C3=O)c5ccc(Cl)cc5,-0.04,0.0016076461338023762,0.04160764613380238
14,train,CC1CCCCC1NC(=O)c2cnn(c2NS(=O)(=O)c3ccc(C)cc3)c4ccccc4,1.34,1.7643683683602904,0.42436836836029035
2212,train,CC(C)[C@H](NC(=O)CCc1ccccc1)C(=O)N2CCCC2,2.49,2.718085532274875,0.22808553227487494
3917,train,Cc1cc(F)ccc1OC2CCN(CC3CCN(CC3)[C@@](C)(Cc4ccc(F)cc4)C(=O)O)CC2,2.0,2.158624019606249,0.15862401960624917
639,train,NC(=N)c1ccc(cc1)C(=O)N2CCN(CC2)S(=O)(=O)c3ccc4cc(Br)ccc4c3,0.36,0.35851780414784584,-0.0014821958521541445
4038,train,Nc1sc2CCCCc2c1C(=O)NCc3ccccc3,3.52,3.7350904892857866,0.21509048928578656
4149,train,CC(C)N1CCC[C@H](CN2C(=Nc3ccc(Oc4ccc(F)cc4)cc3C2=O)C)C1,2.4,2.9083758595503433,0.5083758595503434
690,train,CCS(=O)(=O)c1ccc(c(C)c1)c2cc(ccc2OCC(=O)N)C(F)(F)F,2.77,2.878667811090743,0.10866781109074308
4102,train,O=C(CSc1ccccc1)N2CCN(CC2)C(=O)c3occc3,1.6,1.962661422571952,0.362661422571952
182,train,C[C@@H]1CN([C@@H](C)CN1C(=O)c2ccc(cc2)C#N)C(=O)[C@@](C)(O)C(F)(F)F,1.5,1.563999842431675,0.063999842431675
3201,train,OC1(CCc2ccc(Oc3ccc(cc3)C(=O)NCc4ccncn4)cc2)CN5CCC1CC5,0.76,0.6721052095419571,-0.08789479045804294
802,train,CN(c1ccnc(Nc2cccc(c2)S(=O)(=O)C)n1)c3cccc4[nH]ncc34,3.21,3.3291826470182873,0.11918264701828729
2435,train,COCC1=C(N2[C@H](SC1)[C@H](NC(=O)\C(=N/OC)\c3csc(N)n3)C2=O)C(=O)OC(C)OC(=O)OC(C)C,1.7,1.5694945480952789,-0.13050545190472107
4021,train,Cc1ccc2c(c1)c(c(C)n2CC(=O)O)c3ccnc4c(C)cccc34,1.29,1.6485294362392588,0.3585294362392588
2420,train,OC1=C(CC2=C(O)c3ccccc3OC2=O)C(=O)Oc4ccccc14,1.22,1.4504772133617738,0.23047721336177385
3037,train,CCN(CC)CC#CCOC(=O)C(O)(C1CCCCC1)c2ccccc2,3.65,3.8699421589890197,0.2199421589890198
4079,train,OCC(O)COC(=O)c1ccccc1Nc2ccnc3cc(Cl)ccc23,3.5,3.5988036614278665,0.09880366142786645
1600,train,CNc1cccc(CCOc2ccc(C[C@H](NC(=O)c3c(F)cccc3Cl)C(=O)O)cc2)n1,-0.42,0.04166833399561032,0.4616683339956103
1130,train,C[C@@H](COCCCS(=O)(=O)CCNCCc1ccc(O)c2nc(O)sc12)c3ccccc3,2.32,2.5097071238572197,0.18970712385721988
1610,train,OC1CCN(CC1)C(=O)[C@H](Cc2ccccc2)NC(=O)c3cc4cc(Cl)ccc4[nH]3,3.6,4.029048117151757,0.42904811715175706
2634,train,CN1C(=O)CN=C(c2ccccc2)c3cc(Cl)ccc13,2.69,2.7984122868208394,0.10841228682083948
2141,train,CS(=O)(=O)c1ccc2OCC(=O)N(CCN3CCC(CC3)NCc4ccc5OCC(=O)Nc5n4)c2c1,-0.51,0.04245024077025761,0.5524502407702576
3448,train,COc1cc2ncnc(NCc3ccccc3)c2cc1OC,3.29,3.3429097439531237,0.052909743953123645
3484,train,COC(=O)CCCCCCC(=O)Nc1ccc2c(c1)C(=O)C(=O)c3ccccc23,2.9,3.011716642868294,0.11171664286829408
4140,train,CC(C)(C)C(=O)N[C@H]1CCCCNC1=O,0.58,0.5770645784123425,-0.002935421587657472
981,train,CN(C)CC1CCn2c(C1)c(C3=C(C(=O)NC3=O)c4cn(C)c5ccccc45)c6ccccc26,2.88,3.076786349319101,0.1967863493191011
534,train,CCc1ccccc1c2ccc(cc2)c3nc4ccncc4c(O)c3C#N,3.5,3.6720649580430202,0.17206495804302024
1392,train,CC(C)C(NC(=O)CN1C(=O)C(=CN=C1c2ccc(F)cc2)N)C(=O)C(F)(F)F,1.05,1.157220974231353,0.10722097423135302
3669,train,C[C@H]1O[C@H]([C@H](O)[C@@H]1O)n2cnc3c(N)nc(OC4CCC(F)(F)CC4)nc23,1.42,1.3424644322617523,-0.07753556773824766
1493,train,CCCN(CCC)C(=O)c1cccc(c1)C(=O)N[C@@H](Cc2ccccc2)[C@H](O)CNC3Cc4ccccc4C3,3.3,3.3549682960651888,0.05496829606518894
2372,train,CCC(N(CCCN)C(=O)c1ccc(C)cc1)C2=Nc3ccoc3C(=O)N2Cc4ccccc4,1.37,1.7353543723876155,0.36535437238761537
2999,train,Nc1nccc(n1)c2c[nH]c3ccccc23,1.68,2.041178409509111,0.36117840950911106
2146,train,CC(C)Oc1cc(Nc2nc(N[C@@H](C)c3ccc(F)cn3)nc(OC(CO)CO)c2Cl)n[nH]1,2.77,2.9998096583756073,0.2298096583756073
186,train,Fc1ccc(NC(=O)c2cccnc2Oc3ccccc3)cc1,3.19,3.212257010482685,0.022257010482685136
300,train,Oc1ccc(CCNCCCS(=O)(=O)NCCOCCc2cccc(Cl)c2)c3sc(O)nc13,1.92,1.8601979172607754,-0.059802082739224494
1399,train,OC(=O)c1[nH]c2cc(Cl)cc(Cl)c2c1\C=C\C(=O)Nc3ccccc3,1.52,1.3725489061680485,-0.14745109383195154
3423,train,COc1cc(F)ccc1c2cncc(CNC(=O)C3CCC3)c2,3.2,3.345874022067548,0.14587402206754785
3387,train,CN[C@@H](C)C(=O)N[C@@H](C1CCCCC1)C(=O)N[C@H]2CCCCN(Cc3ccccc3)C2,2.12,2.0344507804066145,-0.08554921959338557
837,train,NC1(CCC1)c2ccc(cc2)c3c(ncc4nccn34)c5ccccc5,1.7,1.5426590927118675,-0.15734090728813244
3747,train,COc1ccc(Nc2ccccc2C(=O)O)cc1,1.2,1.0588451326922972,-0.14115486730770277
2445,train,CC(C)c1ccc2[nH]c3CCN(Cc3c2c1)C(=O)[C@@H]4CCCC[C@H]4C(=O)NC5(CC5)C#N,4.1,4.129508320640091,0.029508320640091235
2293,train,CC(=O)Nc1cccc(Nc2nc(NC3CC3)n4ncc(C#N)c4n2)c1,2.1,2.377560957843385,0.27756095784338486
571,train,Oc1c(I)cc(I)c2cccnc12,2.19,2.5051209565701473,0.3151209565701474
3878,train,COCCOc1ccc(cc1)c2cc(C(=O)N)c(NC(=O)N)s2,2.34,2.1421507454915227,-0.19784925450847712
458,train,CCCSc1nc2ccc(NC(=O)CCC(=O)O)cc2s1,0.5,0.400293945456639,-0.09970605454336101
1758,train,COc1ccccc1OCC(O)CO,0.24,0.22257805674212228,-0.017421943257877714
63,train,COc1cccc(c1)c2c[nH]c(n2)c3ccccc3,3.8,3.8891359537417234,0.08913595374172356
3267,train,Nc1nc(N)c2cc(Br)ccc2n1,1.78,1.9845981611794514,0.2045981611794514
1990,train,C(Nc1nc2ccccc2[nH]1)c3ccccc3,2.76,3.02567416306044,0.26567416306044
3061,train,NC(=O)c1c(N)sc2CCCCc12,1.84,2.146486179315732,0.30648617931573185
366,train,Oc1cc(ccc1NC(=O)Nc2ccccc2Br)[N+](=O)[O-],3.9,4.0632545508890185,0.16325455088901863
3972,train,C[C@@H]1CN(CCN1c2ncc(OCc3ccncc3C#N)cn2)c4noc(n4)C(F)(F)F,3.95,3.8299252717840275,-0.12007472821597265
1771,train,CC#Cc1cncc(c1)c2cccc(c2)C3(N=C(C)C(=N3)N)C4CC4,3.3,3.401859718040958,0.10185971804095839
1179,train,CC(=O)NC[C@H]1CN(C(=O)O1)c2ccc(N3Cc4cccnc4C3)c(F)c2,2.88,3.181448091059446,0.3014480910594459
296,train,CC(C)C(=O)Nc1nc(cc2ccccc12)c3ccccn3,2.7,2.7176713052712236,0.017671305271223403
1116,train,OC(=O)c1ccc(cc1)c2nnn(Cc3ccccc3F)n2,0.3,0.6719952019517359,0.3719952019517359
2094,train,CCN(C)C(=O)c1ccc(cc1)[C@@H](N2CCN(Cc3cccnc3)CC2)c4cccc(NC(=O)C5CCC5)c4,3.27,3.077180844343692,-0.19281915565630792
1892,train,Cc1cccc(n1)c2nc3cc(Cl)ccc3[nH]2,4.1,4.2029115718591825,0.10291157185918287
952,train,O=C(NC1(CC1)C#N)[C@@H]2CCCC[C@H]2C(=O)N3CCc4[nH]c5ccccc5c4C3,2.66,2.564683561626915,-0.09531643837308534
3152,train,CC[C@H](CO)Nc1nc(SCc2ccccc2)nc3nc(N)sc13,3.27,3.1807408477806582,-0.08925915221934178
2900,train,Cc1oc2C=NN(B(O)c2c1)S(=O)(=O)c3ccc(C)cc3,-0.28,-0.10068336698679436,0.17931663301320566
547,train,Oc1ccc(cc1)c2ccc3cc(O)ccc3c2,4.0,3.913883180286188,-0.08611681971381202
307,train,CC[C@H](NC(=O)c1c(CN(C)C)c(nc2ccccc12)c3ccccc3)c4ccccc4,4.18,4.005973988963693,-0.17402601103630655
191,train,Nc1nc(Nc2ccc(F)c(Cl)c2)c3nc[nH]c3n1,2.75,3.0689239868639904,0.31892398686399037
2619,train,COc1cccc(n1)N(C)c2ccnc(Nc3cc(cc(c3)N4CCOCC4)N5CCOCC5)n2,3.37,3.470671995465258,0.10067199546525796
2677,train,C[C@H](c1c[nH]cn1)c2cccc(C)c2C,2.79,2.9975167012191166,0.20751670121911658
2937,train,CCC[C@H](CO)Nc1nc(SCc2ccccc2)nc3nc(N)sc13,3.8,4.265166327187284,0.46516632718728435
3494,train,FC(F)(F)c1nn(cc1C(=O)NCCNC(=O)c2ccc(Cl)cn2)c3ccccc3,3.8,4.102275298403846,0.30227529840384637
2368,train,OCc1ccc2ccn(c3cc(NC4CC4)n5ncc(C#N)c5n3)c2c1,3.09,3.2486219637169027,0.15862196371690285
407,train,O[C@H](CNC(=O)N1C(=O)Nc2ccccc12)CN3CCC(CC3)Oc4ccc(Cl)c(Cl)c4,4.46,4.65019722966037,0.19019722966037023
3952,train,COc1cc(OC)c(cc1NC(=O)\C=C\C(=O)O)S(=O)(=O)N2c3ccccc3Oc4ccccc24,-0.71,-0.5173819997812856,0.19261800021871434
244,train,COc1cc(O)cc2OC=C(C(=O)c12)c3ccc(O)cc3,2.0,2.2212492024105353,0.22124920241053525
2042,train,OC(CCN1CCCCC1)(C2CC3CC2C=C3)c4ccccc4,2.49,2.64991230354239,0.15991230354238972
1235,train,CN1CCN(CC1)C(=O)c2cc3cc(Cl)ccc3[nH]2,2.4,2.397208895297309,-0.0027911047026907276
747,train,Cc1c(Cl)ccc(OC2CCN(C[C@H](O)CNC(=O)C3=CNC(=O)c4cc(ccc34)S(=O)(=O)C)CC2)c1Cl,2.83,3.162236371285471,0.3322363712854708
1356,train,C[C@H]1O[C@H]([C@H](O)[C@@H]1O)n2cnc3c(N)nc(OC(C4CC4)C(F)(F)F)nc23,1.83,1.6073437725968998,-0.22265622740310032
1277,train,O[C@H](CNS(=O)(=O)c1cccc(c1)C#N)CN2CCC(CC2)Oc3ccc(Cl)c(Cl)c3,3.42,3.5017243482418916,0.08172434824189168
1730,train,CCOC(=O)c1ccc(OCCC2CCN(CC2)c3ccc(C)nn3)cn1,2.63,2.719244515001024,0.08924451500102393
1566,train,CC(C)CC(N1NC(=O)c2nc3cc(Cl)ccc3c(O)c2C1=O)c4ccccn4,1.83,1.8771526202686917,0.0471526202686916
2223,train,CN(C)c1nc(nc(n1)N(C)C)N(C)C,2.44,2.568624644983156,0.12862464498315607
2383,train,CC(C)(C)NS(=O)(=O)c1cncc(c1)c2ccc3nc(NC(=O)NCC(=O)N4CCCC4)nn3c2,1.37,1.658914600881677,0.288914600881677
2927,train,CNC(=O)c1ccc(Nc2nccc(n2)c3cnc(C)n3C(C)C)cc1F,2.95,3.1819386439601236,0.23193864396012343
1777,train,COc1cc(F)ccc1c2cncc(CNC[C@@H]3CCCO3)n2,2.0,2.177655892871441,0.1776558928714409
4080,train,CN[C@@H](C)C(=O)N[C@H](C(=O)N1CC[C@H]2CC[C@H](NC(=O)c3cccc4ccccc34)[C@@H]12)C(C)(C)C,1.94,1.7935823945602565,-0.14641760543974347
317,train,CS(=O)(=O)NCC(NC(=O)C1(N)CCN(CC1)c2ncnc3[nH]ccc23)c4ccc(Cl)cc4,2.1,2.3074613946550975,0.2074613946550974
1795,train,O[C@@H]1CNC[C@H]1N2C=Cc3c(NC(=O)Cc4ccc(F)c(c4)C(F)(F)F)cccc3C2=O,1.33,1.5890573959068983,0.25905739590689825
1980,train,CCN(CC)CCOCCOC(=O)C1(CCCC1)c2ccccc2,1.33,1.2428683159883303,-0.08713168401166982
3944,train,OC(=O)c1[nH]c2ccccc2c1CC(=O)Nc3cccc(c3)C(F)(F)F,1.33,1.4516268721857286,0.12162687218572854
1734,train,Fc1cccc(c1F)c2cncc(CNCC3CC3)n2,1.82,1.8312542842244215,0.01125428422442143
1258,train,COCCC(=O)N(C)c1ccc(Nc2ncc3cc(ccc3n2)c4ccncc4)cc1,3.23,3.369872734417314,0.13987273441731407
1013,train,COCCCNS(=O)(=O)c1ccc(Nc2nccc(n2)c3cnc4ccccn34)cc1,3.41,3.535457937264811,0.12545793726481103
4099,train,CN(C)CCC[C@]1(OCc2cc(ccc12)C#N)c3ccc(F)cc3,1.48,1.3396430483693167,-0.1403569516306833
209,train,Cc1ccc(cc1)c2cccc(c2)c3nn[nH]n3,1.3,1.5402034370760151,0.2402034370760151
3553,train,CN[C@@H](C)C(=O)N[C@@H](C1CCCCC1)C(=O)N[C@H]2CCN(CCCc3ccccc3)C2,1.9,2.019742406009433,0.1197424060094332
3505,train,CC(NC(=O)C1(N)CCN(CC1)c2ncnc3[nH]ccc23)c4ccc(cc4)S(=O)(=O)C,1.0,0.9494337662632473,-0.05056623373675273
2284,train,FC(F)(F)c1cc(CO[C@H]2CCCN[C@H]2c3ccccc3)cc(c1)C(F)(F)F,3.6,3.6003768711576667,0.00037687115766660284
3841,train,Clc1ccccc1CN2CCc3sccc3C2,3.46,3.375901540664321,-0.08409845933567883
3122,train,CC(C)C(NC(=O)CN1C(=O)C(=CC=C1c2ccccc2)NC(=O)C)C(=O)C(F)(F)F,1.78,1.9528362160789041,0.1728362160789041
505,train,O[C@@H](CNCCc1cccc(CN2CCC(CC2)c3ccccc3)c1)c4ccc(O)c5NC(=O)Sc45,1.99,2.2558279010741824,0.2658279010741824
2904,train,COC(=O)c1ccc(cc1)C(C)N2NC(=O)C3=C(C2=O)C(=O)c4ccc(Cl)cc4N3,1.3,1.562108391295998,0.26210839129599806
503,train,CCN(C1CCN(CCC(c2ccccc2)c3ccccc3)CC1)C(=O)NCc4ccccc4,4.0,4.2916129613935645,0.2916129613935645
2358,train,Oc1ccc(cc1)c2ccc(cc2)C3(O)CN4CCC3CC4,0.95,0.9362665371298917,-0.013733462870108237
1678,train,Cc1ccc2c(c1)c(Sc3cccc(Cl)c3)c(C)n2CC(=O)O,1.85,2.1522836949656905,0.3022836949656904
301,train,NC12CC3CC(CC(C3)C1)C2,-0.98,-0.9723363864408667,0.007663613559133253
1937,train,OC(CN1CCOCC1)c2ccccc2,1.0,0.947307916563124,-0.052692083436876036
2672,train,COc1ccccc1Oc2ccc(cc2)N(Cc3cccnc3)S(=O)(=O)CC(F)(F)F,1.5,1.5796920059625297,0.07969200596252968
3345,train,CN[C@@H](C)C(=O)N[C@@H](C1CCCCC1)C(=O)N(C)[C@H]2CCCN(CCc3ccccc3)C2,2.34,2.305963354369338,-0.03403664563066178
220,train,Nc1ccccc1NC(=O)c2ccc(cc2)C3CCN(Cc4ccc(cc4)C(=O)NC5CC5)CC3,2.31,2.5075802261215787,0.19758022612157866
3523,train,C[C@H](CO)Nc1nc(SCc2cccc(F)c2F)nc3nc(C)cnc13,3.55,3.522267868184997,-0.02773213181500278
3489,train,CO[C@H]1CN(CCCOc2ccc(F)cc2)CC[C@H]1NC(=O)c3cc(Cl)c(N)cc3OC,3.56,3.5988666881155624,0.038866688115562376
1814,train,NC(=O)c1cncc(O[C@H]2C[C@H]3CC[C@@H](C2)N3Cc4ccccc4)n1,1.1,1.3811250169499885,0.28112501694998837
3614,train,Cc1cc(CNc2ncc(Br)c(Nc3cc([nH]n3)C4CC4)n2)on1,3.43,3.539381926800364,0.10938192680036396
3946,train,C[C@H]1CN(Cc2cc(Cl)ccc2OCC(=O)O)CCN1C(=O)Cc3cccc(Cl)c3,0.78,1.0262656837486503,0.24626568374865032
192,train,CCCSc1nc(N[C@@H]2C[C@H]2c3ccccc3)c4nnn([C@@H]5C[C@H](O)[C@@H](O)[C@H]5O)c4n1,3.97,4.053045817605161,0.08304581760516117
3041,train,[O-][N+](=O)c1ccc2[nH]c(nc2c1)c3ccccn3,2.8,3.055001304818025,0.2550013048180251
2130,train,CCN1CCOC(C1)C(=O)N2CCN(CC2)C(=O)Nc3ccc(Cl)c(Cl)c3,2.1,2.504840661277849,0.404840661277849
1167,train,Cc1onc(C(=O)N)c1C(=O)Nc2nccs2,1.63,2.168374942064573,0.5383749420645731
1243,train,COc1cc(ccc1C2CC2)N3CCN([C@H](C)C3)C(=O)[C@@H]4CCCC[C@H]4C(=O)NC5(CC5)C#N,3.49,3.5569131758301578,0.06691317583015755
1065,train,C[C@@H](Oc1cc(cnc1N)c2cnn(c2)C3CCNCC3)c4c(Cl)ccc(F)c4Cl,2.33,2.315434921153414,-0.014565078846585866
1095,train,CCc1c(C(=O)C(=O)N)c2c(OCC(=O)N)cccc2n1Cc3ccccc3,2.1,2.4545695235222844,0.3545695235222843
578,train,COc1cc(ccc1Cn2ccc3ccc(NC(=O)OC4CCCC4)cc23)c5nn[nH]n5,2.7,2.890545667423864,0.19054566742386392
1090,train,CSc1ccc(OCc2ccccc2)c(c1)C(=O)Nc3ccc(cn3)C(=O)O,1.6,1.822407635722246,0.22240763572224598
1835,train,CCN(C)C(=O)c1ccc(cc1)C(=C2CCN(Cc3ccc(F)cc3)CC2)c4ccccc4NC(=O)C,2.79,3.0008852319301953,0.21088523193019526
988,train,CC(C)n1c(C)ncc1c2ccnc(Nc3ccc(cc3)C(=O)N)n2,2.39,2.77380206381597,0.38380206381597004
1798,train,CCN(C1CCN(CC[C@H](C2CCN(CC2)S(=O)(=O)C(F)(F)F)c3ccccc3)CC1)C(=O)Cc4ccc(cc4)S(=O)(=O)C,3.39,3.4473544339238007,0.057354433923800574
2312,train,CC(N1NC(=O)C2=C(C1=O)C(=O)c3ccc(Cl)cc3N2)c4oc5ccccc5c4,2.1,2.2597793202289793,0.15977932022897923
849,train,CN1CCN(CC1)S(=O)(=O)c2ccc(c3cnc(N)c(n3)C(=O)Nc4cccnc4)c(c2)C(F)(F)F,3.25,3.250620820423584,0.0006208204235838011
1986,train,COc1cc2ncnc(Nc3cccc(C)c3)c2cc1OC,3.5,3.3424140592923237,-0.1575859407076763
4091,train,Fc1cccc(Nc2oc(nn2)C(=O)Nc3ccc(nc3)N4CCOCC4)c1,3.2,3.313712558599755,0.11371255859975493
345,train,CN1CCN(CC1)c2cc(F)cc3C(=O)C=C(Nc23)C(=O)Nc4ccc(cc4)N5CCOCC5,2.7,2.709527093540116,0.009527093540115938
1108,train,CCCN(CCC)C(=O)c1cccc(c1)C(=O)N[C@@H](Cc2ccccc2)[C@H](O)CNCc3cccc(OC)c3,2.7,2.621957690782509,-0.07804230921749111
3833,train,CN(CCOc1ccccc1c2cc(C(=O)N)c(NC(=O)N)s2)Cc3ccccc3,3.46,3.679153147502822,0.2191531475028219
1572,train,CCC(=O)O[C@H]1CC[C@H]2[C@@H]3CCC4=CC(=O)CC[C@]4(C)[C@H]3CC[C@]12C,3.3,3.45524057594342,0.1552405759434201
597,train,Cc1ccc2c(c1)c(c(C)n2CC(=O)O)c3ccnc4c(F)cccc34,0.53,0.7450678521736716,0.21506785217367153
3708,train,OC(c1ccccc1)c2ccc3C(=O)C=C(Nc3c2)c4cccnc4,2.27,2.5177805751212925,0.24778057512129248
203,train,C[C@@H](NC(=O)[C@H]1CCCCN1)c2ccc(Nc3ncc4cc(ccc4n3)c5ccncc5)cc2,2.15,2.3432796799144855,0.19327967991448558
3219,train,CCCCc1nc2c(N)nc3ccccc3c2n1CC(C)C,3.82,3.971509377097477,0.15150937709747714
2307,train,Cc1c(Cl)ccc(OC2CCN(C[C@H](O)CNC(=O)C3=CNC(=O)C=C3C(F)(F)F)CC2)c1Cl,3.14,3.0967870591422577,-0.04321294085774241
1828,train,CCS(=O)(=O)c1ccc(c(C)c1)c2cc(Cl)ccc2OCC(=O)O,-0.65,-0.6182365537375869,0.03176344626241312
4006,train,Cc1ccc(cc1NC(=O)c2ccc(OCc3ccccn3)cc2)c4nc5ccccc5[nH]4,3.24,3.5416196633268098,0.30161966332680956
4063,train,Cn1cc(cc1c2c3C(=O)N(CC#C)C(=O)N(CC4CC4)c3nn2Cc5ccnc6ccc(Cl)cc56)C#N,3.96,4.067302280893992,0.1073022808939923
3687,train,c1ccc(cc1)c2cn3ccccc3n2,2.9,3.329784002570614,0.4297840025706141
1702,train,CCCNC(=O)NS(=O)(=O)c1ccc(Cl)cc1,-0.33,0.18515523813965395,0.515155238139654
2772,train,Cc1nc(CSc2ccc(Cl)cc2)cc(n1)N3CCOCC3,3.38,3.396043337751678,0.01604333775167799
1447,train,CC(C)Cc1ccc(cc1)[C@@H](C)C(=O)NS(=O)(=O)C,0.51,0.7384993437741136,0.22849934377411363
724,train,O[C@@H](CNCCSCCCOCCc1ccccc1)c2ccc(O)c3NC(=O)Sc23,2.54,2.275412287822652,-0.2645877121773479
2313,train,Cc1cc(CNc2nccc(Nc3cc(C)[nH]n3)n2)on1,1.86,2.055059025577738,0.19505902557773802
510,train,FC(F)(F)COc1ccc(OCC(F)(F)F)c(c1)C(=O)NCC2CCCCN2,1.13,1.5321395626882262,0.40213956268822626
3633,train,CN1CCN(CC1)c2nc3ccccc3cc2Cn4nc(c5ccc6nc(N)sc6c5)c7c(N)ncnc47,3.09,3.1282418575577555,0.038241857557755665
2939,train,CNC(=O)C1(CCN(CC[C@H](CN(C)C(=O)c2c(OC)c(cc3ccccc23)C#N)c4ccc(Cl)c(Cl)c4)CC1)N5CCCNC5=O,2.2,2.121285767757675,-0.0787142322423251
1776,train,Fc1ccc(N2CCN(CC2)C(=O)COCc3ccncc3)c(Cl)c1,2.63,2.853571769414605,0.2235717694146051
3400,train,C[C@@](O)(C(=O)Nc1ccc(cc1Cl)S(=O)(=O)NCCCO)C(F)(F)F,2.1,2.212625460221265,0.11262546022126507
3657,train,CC1=C(Cc2ccccc2)C(=O)n3nc(NCc4cccc(Cl)c4)nc3N1,3.6,3.9973438140046933,0.3973438140046932
3462,train,CS(=O)(=O)c1ccc(cc1Cl)[C@@H](CC2CCCC2)C(=O)Nc3cnc(cn3)[C@H](O)CO,2.58,2.724554441161079,0.14455444116107907
2653,train,OC(=O)CN1C(=O)C(Cc2ccccc12)NC(=O)c3cc4sc(Cl)c(Cl)c4[nH]3,0.67,0.9971347053286872,0.32713470532868716
684,train,O[C@@H](CNCCCCCCCCCN1CCC(CC1)OC(=O)Nc2ccccc2c3ccccc3)c4ccc(O)c5NC(=O)C=Cc45,2.16,2.486365818890409,0.32636581889040883
2424,train,Cc1nnc2CN=C(c3ccccc3)c4cc(Cl)ccc4n12,1.98,2.1404265825079927,0.1604265825079927
564,train,CC(C)CN1C(=O)N(C)C(=O)c2c1sc(Cc3ccccc3C(F)(F)F)c2C(=O)N4CC(C)(O)C4,3.18,3.39018995096687,0.21018995096686988
3564,train,O=C1C=C(Nc2ccccc12)c3occc3,2.21,2.37178649897482,0.1617864989748199
2078,train,CNS(=O)(=O)c1ccc2C(=CNC(=O)c2c1)C(=O)NC[C@@H](O)CN3CCC(CC3)Oc4ccc(Cl)c(Cl)c4,2.77,3.450553761107476,0.6805537611074759
217,train,CC(C)CN1C(=O)N(C)C(=O)c2c1sc(Cc3c[nH]c4ccccc34)c2C(=O)N5CC[C@@H](O)C5,2.35,2.079615003709768,-0.27038499629023205
1837,train,CCCc1nc2c(C)cc(cc2n1Cc3ccc(cc3)c4ccccc4C(=O)O)c5nc6ccccc6n5C,2.21,2.5793292797627476,0.36932927976274765
1904,train,CCN(C1CCCCC1)C(=O)c2cnn(c2NS(=O)(=O)c3ccc(cc3)c4ocnc4)c5ccccc5,1.46,1.7322211075807223,0.2722211075807224
228,train,O=C(CCc1ccccc1)c2ccccc2,3.77,3.962898717282603,0.1928987172826031
687,train,O=C(NC1CCCCC1)c2cccnc2Sc3ccccc3,3.01,3.165309934207001,0.155309934207001
2760,train,CNC(=O)c1ccc(Nc2ncc(F)c(n2)c3cnc(C)n3C(C)C)cc1F,3.31,3.479161372273305,0.16916137227330497
2048,train,O=S1NC(=NO1)Cc2ccc3ccccc3c2,1.85,2.012936897026212,0.16293689702621172
3969,train,Cc1c(Cl)ccc(OC2CCN(CC3CCN(CC3)[C@@H](Cc4ccc(F)cc4)C(=O)O)CC2)c1Cl,3.15,3.3394348195674026,0.1894348195674027
344,train,Cc1ccc(cc1NC(=O)c2cnn(c2N)c3ccccc3F)C(=O)Nc4ccon4,2.6,2.953271243673583,0.353271243673583
1851,train,Nc1nc2nc(cc(n2n1)C(F)(F)F)c3cccs3,2.01,2.32366084351576,0.3136608435157604
259,train,NC1(CCC1)c2ccc(cc2)c3nn4cccc4cc3c5ccccc5,3.3,3.486625119840064,0.18662511984006436
3043,train,CSc1ccc(cc1)C(=O)C(C)(C)N2CCOCC2,3.49,3.690210572721224,0.200210572721224
197,train,Fc1ccc(cc1)S(=O)(=O)NC(=O)N2CCC(CC2)N3CCC(CC3)Oc4ccc(Cl)c(Cl)c4,1.79,1.8496323459526594,0.059632345952659316
3323,train,COc1cccc(c1OC)c2ccc(\C=C\3/SC(=S)N([C@@H](Cc4ccccc4)C(=O)O)C3=O)cn2,1.5,1.6023341989606055,0.10233419896060547
736,train,Fc1ccc(cc1)C(=O)C2CCN(CCN3C(=O)Nc4ccccc4C3=O)CC2,2.9,2.91290474627549,0.012904746275490098
19,train,CO[C@H]1CN(CCN2C(=O)C=Cc3ccc(cc23)C#N)CC[C@H]1NCc4ccc5OCC(=O)Nc5n4,0.32,0.4309484784063484,0.11094847840634842
2990,train,Clc1ccc(cc1)S(=O)(=O)NC(=O)N2CCC(CC2)N3CCC(CC3)Oc4ccc(Cl)c(Cl)c4,2.59,2.4385939567317334,-0.15140604326826645
2481,train,CC1=C(OCc2ccc(F)cc2)C(=O)C=CO1,1.91,2.4598495264613467,0.5498495264613468
2731,train,O=C(NCC12CC3CC(CC(C3)C1)C2)c4ccccc4,4.21,4.218320440547808,0.008320440547808339
4115,train,Cc1c(Sc2ccc(Cl)cc2)c3c(C#N)c(Cl)ccc3n1CC(=O)O,1.6,1.7520124271352389,0.15201242713523877
785,train,CC(C)NCC(O)COc1cccc2[nH]ccc12,-0.12,-0.0671924885341526,0.05280751146584739
112,train,OC(C(=O)c1ccc(F)cc1)c2ccc(F)cc2,2.49,2.8135857450486568,0.32358574504865656
1613,train,CCN(C1CCN(CCC(C2CCN(CC2)S(=O)(=O)CC)c3ccccc3)CC1)C(=O)Cc4ccc(cc4)S(=O)(=O)C,1.63,1.737799186276731,0.10779918627673113
287,train,O[C@@H](CNCCSCCCNCCc1ccccc1)c2ccc(O)c3NC(=O)Sc23,0.12,0.701700431557184,0.581700431557184
3601,train,CCCCn1c(Cc2cc(OC)c(OC)c(OC)c2)nc3c(N)ncnc13,2.39,2.4129204836244007,0.02292048362440058
99,train,CCN(CCN(C)C)S(=O)(=O)c1ccc(cc1)c2cnc(N)c(n2)C(=O)Nc3cccnc3,2.0,1.9013644090809885,-0.09863559091901153
3153,train,C[C@H](NC(=O)c1c(C)nn(c1NS(=O)(=O)c2ccc(cc2)C(F)(F)F)c3ccc(F)cc3)C(C)(C)C,2.35,2.185296668092832,-0.16470333190716824
1598,train,CCOC(=O)Nc1cccc(c1)[C@H](N2CCN(Cc3c[nH]c(C)n3)CC2)c4ccc(cc4)C(=O)N(C)CC,2.11,2.2285988948016247,0.11859889480162478
1967,train,Cn1c(CN2CCN(CC2)c3cccc(Cl)c3)nc4ccccc14,3.75,3.6852590747082825,-0.06474092529171749
3873,train,FC(F)(F)Oc1ccc2OCC(=O)N(CCN3CCC(CC3)NCc4ccc5OCC(=O)Nc5n4)c2c1,1.82,1.8985402063344015,0.0785402063344014
2248,train,CN(c1cccc(CO)c1)c2ccnc(Nc3cc(cc(c3)N4CCOCC4)N5CCOCC5)n2,2.6,2.7261807031715772,0.12618070317157715
3879,train,C[C@H](NC1=NC(=O)[C@](C)(S1)C(F)(F)F)c2ccccc2F,3.1,3.082780967924732,-0.017219032075268093
2806,train,CN[C@@H](C)C(=O)N[C@@H](C1CCCCC1)C(=O)N[C@H]2CCCN(CCc3ccccc3F)C2,2.51,2.392620505452156,-0.11737949454784369
1546,train,CC(C)n1c(C)ncc1c2nc(Nc3ccc(cc3)C(=O)N)ncc2F,2.7,2.852081390629873,0.1520813906298728
4107,train,CC(C)C(NC(=O)CN1C(=O)C(=CN=C1c2cc(F)cc(F)c2)N)C(=O)C(F)(F)F,1.38,1.624605025993795,0.24460502599379508
1123,train,CCCCNC(=O)NS(=O)(=O)c1ccc(C)cc1,0.44,0.558422556290223,0.11842255629022297
3960,train,CN(c1ccc(c(Cl)c1)c2cc(F)ccc2OCC(=O)O)S(=O)(=O)C,-1.17,-0.9763114044643935,0.19368859553560647
1595,train,Cc1ccc(cc1)S(=O)(=O)NC(=O)N2CCC(CC2)N3CCC(CC3)Oc4ccc(F)c(F)c4,0.75,0.6584849399516328,-0.09151506004836718
2611,train,CN1CCN(Cc2ccc(cc2)C(=O)Nc3ccc(C)c(Nc4nccc(n4)c5cccnc5)c3)CC1,2.5,2.9067048572649785,0.4067048572649785
1659,train,Cc1cc(CNc2ncc(Br)c(Nc3cc(C)[nH]n3)n2)on1,2.92,2.9782201267073494,0.05822012670734944
4075,train,CCOc1ccc(cc1)c2cnc3CCCCCn23,3.01,3.0577022007650605,0.04770220076506071
1686,train,Clc1ccc(OC2CCN(CC2)C3CCN(CC3)C(=O)c4ccc(cc4)C5=NOC(=O)N5)cc1Cl,2.24,2.6991217993879237,0.4591217993879235
4178,train,OC(=O)[C@H](Cc1ccc(cc1)N2CCN(CC2)c3ccccc3)NC(=O)c4c(Cl)cccc4Cl,0.08,0.3828329509456989,0.3028329509456989
1524,train,Cn1cnc(c2ccccc2)c1\C=C\c3ccnc(N)n3,2.61,3.042052573020569,0.4320525730205693
714,train,COc1cc2nnc(C(=O)N)c(Nc3ccc(C)cc3F)c2cc1N4CCN(C)CC4,2.36,2.42220356664146,0.062203566641460206
1187,train,COc1cc(ccc1Nc2ncc(Cl)c(n2)c3cnc4ccccn34)N5CCN(CC5)C(=O)N,3.3,3.2917473242679165,-0.008252675732083325
3888,train,COc1ccc(cc1OC)C(=O)Nc2cccc(NC(=O)c3cccc(c3)N(C)C)c2,3.67,4.08628733588286,0.4162873358828598
2862,train,CCCSc1nc(ccc1C(=O)NC2CCCCC2)N3CCC(CC3)C(=O)O,1.6,1.939308679562334,0.3393086795623339
3783,train,COc1ccccc1C(=O)Nc2ccc(C)c(c2)N3C=Nc4ccc(cc4C3=O)N5CCN(C)CC5,2.93,2.919125451439736,-0.010874548560264152
828,train,COCCNC(=O)c1ccc(Nc2ncc3cc(ccc3n2)c4ccncc4)cc1C,2.78,3.1996505887688613,0.4196505887688615
3375,train,OC(=O)c1ccc2[nH]c(nc2c1)C(F)(F)F,-1.08,-1.1313963755974408,-0.0513963755974407
2802,train,CN(C(CN1CCCC1)c2ccccc2)C(=O)Cc3ccc(Cl)c(Cl)c3,3.38,3.4248932258179154,0.04489322581791555
3040,train,CN1C(=O)CC(C1=O)c2ccccc2,0.68,0.8644151012603729,0.18441510126037286
1648,train,COc1ccc(Cc2nccc3cc(OC)c(OC)cc23)cc1OC,2.81,2.707570664202331,-0.10242933579766911
1354,train,CN(C)c1ccnc2sc3C(=O)N(C=Nc3c12)c4ccccc4,2.34,2.4371372235010407,0.09713722350104081
858,train,CC[S+]([O-])c1ncccc1C2(O)CCN(CC34CC(c5ccccc35)c6ccccc46)CC2,2.0,1.6488389319694345,-0.35116106803056546
2966,train,Cc1ncsc1CCOCCCS(=O)(=O)CCNCCc2ccc(O)c3nc(O)sc23,1.44,1.720694017893688,0.2806940178936881
471,train,NC(=O)c1cnc(N[C@H]2CCCNC2)c3cc(sc13)c4ccc(F)c(Cl)c4,2.94,2.922044627887736,-0.017955372112263834
2514,train,Clc1ccc(OC2CCN(CC2)C3CCN(CC3)C(=O)NS(=O)(=O)c4ccccc4)cc1Cl,1.5,1.773528524038934,0.273528524038934
3976,train,C[C@H](CO)Nc1nc(SCc2ccccc2F)nc3NC(=O)Sc13,3.0,3.10159609660308,0.10159609660308
215,train,O=C(NCCSCc1ccccc1)c2ccccc2,3.3,3.5607141476794055,0.2607141476794057
1747,train,O[C@]1(CN2CCC1CC2)C#Cc3ccc(Oc4ccc(cc4)C(=O)NCc5ccncn5)cc3,1.78,1.6959294084152892,-0.08407059158471086
856,train,CCOC(=O)[C@H](Cc1ccc(cc1)[N+](=O)[O-])NC(=O)c2ccccc2,2.79,2.9128909411179786,0.1228909411179786
303,train,O=C1Nc2ccccc2C(=O)C=C1,1.02,1.2712963878282004,0.2512963878282004
2992,train,COc1cc(Nc2nccc(Oc3cnc4ccccc4c3)n2)cc(OC)c1OC,3.41,3.4077032749753924,-0.0022967250246077597
2781,train,Cc1ccc(NC(=O)[C@H]2CCCN2S(=O)(=O)c3cccc4cccnc34)c(C)c1,3.9,4.264671365309601,0.3646713653096012
1024,train,C[C@@H](NC(=O)c1cccnc1Oc2ccccc2)c3ccccc3,3.14,3.0025949753905654,-0.1374050246094347
780,train,CCCC(=O)N1CCN(CC1)c2nnc(c3ccccc3)c4ccccc24,3.2,3.6992514330466086,0.49925143304660846
3359,train,CC[C@H](C)[C@@H](CO)NS(=O)(=O)c1ccc(Cl)s1,2.7,2.927920059557575,0.227920059557575
4166,train,NC1(CCN(CC1)c2ncnc3[nH]ccc23)C(=O)NC(CO)c4ccc(Cl)cc4,2.4,2.682692722331378,0.2826927223313782
4113,train,Nc1n[nH]c2ncc3CCCCCCc3c12,2.54,2.76387286690214,0.22387286690213992
1353,train,COc1cc(ccc1OCCN2CCCC2)N3C=Nc4cc(sc4C3=O)c5ccc(Cl)cc5,2.74,2.813607573098753,0.07360757309875288
2801,train,CC(C)(C)NC[C@H](O)COc1nsnc1N2CCOCC2,-0.22,-0.41257237661545254,-0.19257237661545254
2452,train,COc1cc(F)ccc1c2cncc(CNC3CCC3)n2,2.23,2.4059772121793124,0.1759772121793124
2292,train,CNc1ccc2ncc(c3cccc(O)c3)n2n1,2.99,3.4575498679983276,0.46754986799832743
1861,train,C[C@H](NC(=O)c1c(C)nn(C2CCSCC2)c1NS(=O)(=O)c3ccc(C)cc3)C(C)(C)C,1.29,1.1701134735024017,-0.11988652649759834
312,train,CCOc1ccc2oc(C(=O)NC(CCSC)c3nc4ncccc4[nH]3)c(C)c2c1,4.23,4.416527808821096,0.18652780882109532
3404,train,COc1cc2ncc(C(=O)N)c(Nc3cc(F)ccc3F)c2cc1OC,2.9,3.0280452530717463,0.1280452530717464
1903,train,CCOC(=O)c1ccc(N)cc1,1.83,1.8582945402036883,0.028294540203688268
2775,train,Clc1ccc(cc1Cl)[C@]23CNC[C@H]2C3,1.96,2.285534467828395,0.3255344678283949
1474,train,C(Cc1ccccc1)NCc2ccccc2,1.65,1.7021939142363514,0.052193914236351446
1143,train,COc1cc(Nc2nc(N[C@@H](C)c3ncc(F)cn3)ncc2Cl)n[nH]1,2.53,2.576950383693791,0.04695038369379123
2924,train,Clc1ccc2nc(ccc2c1C(=O)NCC34CC5CC(CC(C5)C3)C4)N6CCC[C@@H](C6)NCCc7nnn[nH]7,3.08,3.2755266255836495,0.19552662558364942
3675,train,CCOC(=O)c1cnc2c(N)cccc2c1O,0.9,1.5774738207193661,0.6774738207193661
2041,train,CNC[C@H](O)c1ccc(Cl)c(c1)C(=O)NCC23CC4CC(CC(C4)C2)C3,1.41,1.7262346202851437,0.3162346202851438
2762,train,CN[C@H]1CCN(C1)C(=O)c2ccc(Nc3nccc(n3)c4cnc(C)n4C(C)C)cc2,1.22,1.4582073787850085,0.23820737878500853
2798,train,CCO[C@@H]1OC(=O)C[C@@H]1NC(=O)[C@@H]2CCCN3N2C(=O)[C@H](CCC3=O)NC(=O)c4nccc5ccccc45,1.16,1.1894683043333005,0.02946830433330061
2030,train,CN[C@@H](C)C(=O)N[C@H](C(=O)N[C@H]1CCCN(C1)S(=O)(=O)c2ccccc2)C(C)(C)C,0.9,1.0200009610926535,0.12000096109265346
165,train,Cc1c(Sc2ccc(Cl)cc2)c3c(NS(=O)(=O)C)cccc3n1CC(=O)O,0.21,0.21211027798957072,0.0021102779895707247
1729,train,COc1cc(OC)c(cc1NC(=O)CCc2nn[nH]n2)S(=O)(=O)N3C(C)CCc4ccccc34,-0.34,0.066974994671686,0.406974994671686
1385,train,Cc1ccc2c(c1)c(Sc3ccccc3)c(CC(=O)O)n2C,1.74,1.7773034034177022,0.03730340341770222
2675,train,Clc1ccc(N2CCN(CC2)C(=O)COCc3ccccn3)c(Cl)c1,3.47,3.6761365398908152,0.20613653989081504
3684,train,CCc1cccc(CC)c1NC(=O)N2Cc3[nH]nc(NC(=O)c4ccc(cc4)N5CCN(C)CC5)c3C2,3.31,3.22487810469376,-0.08512189530624026
522,train,C[C@@H](NC1=CC(=O)NCC1)c2ccc(Nc3ncc4cc(ccc4n3)c5ccncc5)cc2,3.02,3.2650318870208794,0.2450318870208794
147,train,Oc1ccc(cc1)N2C=Nc3cc(O)ccc3C2=O,1.6,1.90756155151566,0.30756155151566
555,train,COc1cc2c(Nc3ncc(CC(=O)Nc4cccc(F)c4)s3)ncnc2cc1OCCCN5CCC(CO)CC5,2.89,2.9174923952679492,0.02749239526794911
3655,train,Fc1ccccc1NC(=O)NC2N=C(c3ccccc3)c4ccccc4NC2=O,3.8,3.7178946116217135,-0.08210538837828629
1711,train,C[C@H](NC(=O)c1c(C)nn(c1NS(=O)(=O)c2ccc(C)cc2)c3ccccc3)C(C)(C)C,1.44,1.3486106907650732,-0.09138930923492672
3335,train,CCN(C1CCN(CC[C@@H](c2ccc(F)cc2)c3ccc(cc3)S(=O)(=O)C)CC1)C(=O)Cc4ccc(cc4)S(=O)(=O)C,1.88,2.1554377036480066,0.2754377036480067
662,train,CN1CCN(CC1)c2ccc3ncc(C(=O)N)c(Nc4ccc(F)cc4F)c3c2,2.3,2.5221281878410027,0.22212818784100286
3735,train,Fc1ccccc1Nc2oc(nn2)C(=O)Nc3ccc(cn3)N4CCOCC4,2.4,2.698849563127366,0.2988495631273662
1367,train,CC1=CN([C@H]2CCCN(C2)S(=O)(=O)c3ccc(C(=O)O)c(Oc4cccc(Cl)c4)c3)C(=O)NC1=O,-1.28,-0.9142107464965754,0.3657892535034246
754,train,Fc1cccc2[nH]c3CCN(Cc3c12)C(=O)[C@@H]4CCCC[C@H]4C(=O)NC5(CC5)C#N,3.2,3.3100713940974056,0.1100713940974054
2323,train,CC(C)NNC(=O)c1ccncc1,0.33,0.24205359235335577,-0.08794640764664424
3115,train,Cc1ccc(cc1)S(=O)(=O)Nc2c(C(=O)NC3CCOCC3)c(C)nn2c4ccccc4,0.16,0.5490915708221655,0.3890915708221655
2159,train,CC(C)C(NC(=O)CN1C(=O)C(=CC=C1c2ccccc2)NC(=O)NCc3ccc[n+]([O-])c3)C(=O)C(F)(F)F,1.48,1.5373551656516729,0.05735516565167287
2300,train,CCOc1ccc(cc1)N2C(=O)c3cccnc3N=C2[C@@H](C)N(Cc4cccnc4)C(=O)Cc5ccc(OC(F)(F)F)cc5,3.7,3.8255903077688442,0.12559030776884406
1507,train,NC(=O)COc1ccc(OCCNCC(O)COc2ccccc2)cc1,0.63,0.8362840932810869,0.20628409328108688
1388,train,O=C(N1CCNCC1)c2cc3ccccc3[nH]2,0.6,0.7542999609114907,0.15429996091149067
584,train,CN(C1CCN(CCC(c2ccccc2)c3ccccc3)CC1)C(=O)Cc4ccc(NC(=O)C)cc4,2.9,3.2713072345886784,0.37130723458867854
3600,train,CC[C@H]1N(C2CCCC2)c3nc(Nc4ccc(cc4OC)C(=O)NC5CCN(C)CC5)ncc3N(C)C1=O,3.14,3.6314350061992267,0.49143500619922653
356,train,CN(C)S(=O)(=O)c1ccc2C(=CNC(=O)c2c1)C(=O)NC[C@@H](O)CN3CCC(CC3)Oc4ccc(Cl)c(Cl)c4,3.13,3.5511667609464848,0.42116676094648486
1658,train,Nc1ccc2C(=O)C(=O)c3ccccc3c2c1,2.39,2.7923250074197656,0.4023250074197655
3361,train,NS(=O)(=O)c1ccc2C(=CNC(=O)c2c1)C(=O)NC[C@@H](O)CN3CCC(CC3)Oc4ccc(Cl)c(Cl)c4,2.17,2.462292605670984,0.29229260567098425
321,train,CON(C)C(=O)c1c(Cn2c(C)nc(Cl)c2Cl)sc3N(CC(C)C)C(=O)N(C)C(=O)c13,2.23,2.535388728274605,0.30538872827460484
386,train,CCCCN(CCNC[C@H](O)c1ccc(O)c2NC(=O)Sc12)C(=O)CCOCCc3ccccc3,2.51,2.3882527993618274,-0.12174720063817235
325,train,CN1CCC(CC1)n2cc(c(C)n2)c3cnc(N)c(c3)c4oc5ccccc5n4,3.4,3.58381487428613,0.18381487428613008
3030,train,COc1cc(F)ccc1c2cncc(CNC(C)C)c2,1.5,1.8646189647450484,0.3646189647450484
4114,train,C[C@@H](NC(=O)[C@H]1CCCNC1)c2ccc(Nc3ncc4cc(ccc4n3)c5ccncc5)cc2,1.69,1.7373114883693606,0.04731148836936061
3576,train,CCCS(=O)(=O)c1ccc(cc1)C(CNS(=O)(=O)c2ccc(cc2)C(F)(F)F)N3CCCCCC3,3.32,3.39384260772076,0.07384260772076034
2831,train,O=C1C=COc2ccccc12,1.4,1.774288783459264,0.3742887834592641
2423,train,CNc1cccc(CCOc2ccc(C[C@H](NC(=O)c3ccccc3Cl)C(=O)O)cc2)n1,-0.31,0.09407603671098963,0.40407603671098963
1443,train,CNc1cccc(CCOc2ccc(C[C@H](NC(=O)c3c(Cl)cccc3Cl)C(=O)O)cc2F)n1,-0.05,0.2030364587541067,0.2530364587541067
2137,train,Oc1ccc(cc1)c2oc3cc(O)ccc3n2,3.3,3.4861944856596843,0.18619448565968444
3422,train,COC(=O)C1=C(C)NC(=C([C@@H]1c2cccc3nonc23)C(=O)OC(C)C)C,3.77,3.8016050391850316,0.03160503918503155
367,train,COc1ccc(cc1)S(=O)(=O)NC(=O)N2CCC(CC2)N3CCC(CC3)Oc4ccc(Cl)c(Cl)c4,1.39,1.325754481686416,-0.06424551831358394
559,train,CNC(=O)c1c(F)cccc1Nc2nc(Nc3cc4N(CCc4cc3OC)C(=O)CN(C)C)nc5[nH]ccc25,2.61,2.850808714119613,0.24080871411961313
355,train,CN(C)CC(O)COc1ccc(Nc2cc(Nc3cc(C)ccc3Cl)ncn2)cc1,2.16,2.68700925537711,0.5270092553771097
1846,train,CC(C)Cc1ccc(cc1)C(C)C(=O)NS(=O)(=O)C,0.78,0.8998100795532173,0.11981007955321732
1827,train,CC[C@H](NC(=O)c1c(CC[S+](C)[O-])c(nc2ccccc12)c3ccccc3)c4ccccc4,3.15,3.1444226586140314,-0.005577341385968548
3441,train,CCn1c2ccccc2c3cc(NC(=O)N4CCOCC4)ccc13,3.2,3.6133631153988315,0.4133631153988313
3618,train,COc1ccc(cc1)c2cc(O)nc(N)n2,1.52,1.721393202140735,0.20139320214073497
1738,train,CN(C)CCCNS(=O)(=O)c1ccc(Nc2nccc(n2)c3cnc4cccnn34)cc1,1.4,1.4892287964442867,0.08922879644428683
276,train,NC(=O)c1ccccc1OCc2ccccc2,2.5,2.635419562453011,0.135419562453011
1436,train,CCC(N1NC(=O)c2nc3cc(Cl)ccc3c(O)c2C1=O)c4cccnc4,0.7,0.9022066838085105,0.2022066838085106
3322,train,Cn1c(CN2CCC(CC2)c3ccccc3)nc4ccccc14,3.6,3.8543979853011203,0.25439798530112023
329,train,Cc1ccc(Cl)c(Nc2ccccc2C(=O)O)c1Cl,2.33,2.339304408916868,0.009304408916868123
3044,train,CCN1C(=O)C=Cc2cnc(Nc3ccc(OC)c(OC)c3)nc12,2.7,2.6521790959500895,-0.047820904049910684
4177,train,Cc1ccnc2nc(nn12)C(=O)Nc3nccs3,0.31,0.6760664946862844,0.36606649468628444
2602,train,CC(C)(C)OC(=O)N1CCC(CC1)OCc2onc(n2)c3ccncc3,3.0,3.1469894060147787,0.14698940601477872
3825,train,CC1Cc2ccccc2N1NC(=O)c3ccc(Cl)c(c3)S(=O)(=O)N,1.83,1.9132695866158855,0.08326958661588546
957,train,CCCSc1ccc2nc(NC(=O)OC)[nH]c2c1,3.24,3.4581516572205233,0.2181516572205231
1197,train,NC(=O)c1cncc(c1)c2ccc(cc2)[C@@H]3CC[C@@H](CC(=O)O)CC3,0.22,0.5063645360462563,0.28636453604625633
2919,train,COc1cccc(NC(=O)c2cccc(Cc3c(C)nn(CCO)c3c4ccccc4)c2)c1,4.29,4.247592578510283,-0.04240742148971677
3165,train,CN[C@@H](C)C(=O)N[C@H](C(=O)N[C@H]1CCCN(CCc2ccc(cc2)[N+](=O)[O-])C1)C(C)(C)C,1.54,1.573099717998463,0.033099717998462896
1192,train,CN1C(=O)N(C)c2[nH]c(nc2C1=O)c3cccnc3,0.7,1.1080501834216692,0.4080501834216692
204,train,CC(C)CN1C(=O)N(C)C(=O)c2c1sc(Cc3cccc4ncccc34)c2C(=O)N5CC[C@@H](O)C5,1.98,1.907384794904697,-0.07261520509530306
1792,train,Cn1cc(cc1c2c3C(=O)N(CC=C)C(=O)N(CC4CC4)c3nn2Cc5ccnc6ccc(Cl)cc56)C#N,4.27,4.290271765043928,0.020271765043928802
382,train,c1ccc(cc1)c2nnc(s2)c3ccccc3,4.2,4.310178368505412,0.1101783685054114
1396,train,Cc1ccc(cc1)c2ccc(F)cc2COc3ccc(CCC(=O)O)cc3,3.24,3.409284435319466,0.16928443531946558
2174,train,CN1C(=O)N(Cc2ccc(Br)cc2)c3ccccc13,2.81,3.133021188632519,0.32302118863251916
2817,train,CCc1[nH]c2nc(Sc3cnc4ccc[n+]([O-])c4c3)nc(N5C[C@@H]6[C@@H](N)[C@@H]6C5)c2c1Cl,2.3,2.3831337240834927,0.08313372408349284
1979,train,Oc1cccc(NC(=O)c2ccc(OCCCN3CCCC3)cc2OCc4cccc(c4)C#N)c1,2.41,2.753398836075637,0.3433988360756368
1118,train,CNC(=O)c1cccc(O[C@H]2C[C@H]3CC[C@@H](C2)N3Cc4ccccc4)c1,1.93,1.9532556832601453,0.023255683260145377
381,train,Cc1ccc(NC(=O)c2cccc(c2)C(F)(F)F)cc1NC(=O)c3ccc4ncccc4c3,3.87,3.6285242140353695,-0.2414757859646306
615,train,CC(C)N1CCC[C@H](CN2C(=Nc3ccc(cc3C2=O)c4ccc(Cl)cc4)C)C1,3.3,3.6062312698388372,0.3062312698388374
1799,train,CN1C(=O)c2c(onc2c3ccncc3)C=C1c4ccccc4,3.17,3.3241707966151783,0.1541707966151784
3350,train,CC(Oc1c(Cl)cccc1Cl)C2=NCCN2,0.48,0.7996157156948667,0.3196157156948667
3870,train,Clc1ccc(cc1Cl)C2CNCC=CC2,1.86,1.97372815362297,0.11372815362296995
1996,train,FC1(CCN(CC1)C(=O)COCc2ccncc2)c3ccc(Cl)cc3,3.03,2.9449012706362625,-0.0850987293637373
2080,train,Oc1nnc(Cc2cccc(c2)C(=O)N3CCOCC3)c4ccccc14,1.0,1.2484802932124688,0.24848029321246878
527,train,Nc1ccccc1NC(=O)c2ccc(cc2)C3CCN(CCC(=O)Nc4ccccc4F)CC3,2.76,3.037174871163748,0.2771748711637483
2444,train,C[C@@H]1CN([C@@H](CO1)c2ccccc2)c3ccc4OCC(=O)Nc4n3,2.75,3.0062261654859173,0.25622616548591726
2532,train,OC(=O)c1cc(ccc1O)N=Nc2ccc(cc2)S(=O)(=O)Nc3ccccn3,-0.58,0.02718997629023523,0.6071899762902352
3849,train,FC(F)(F)Oc1cccc2c3CN(CCc3[nH]c12)C(=O)[C@@H]4CCCC[C@H]4C(=O)NC5(CC5)C#N,4.01,3.8663957513531484,-0.1436042486468514
569,train,CN(c1ccnc(Nc2cc(cc(c2)N3CCN(C)CC3)N4CCOCC4)n1)c5cc(CO)ccc5C,2.61,2.3194531616072647,-0.2905468383927352
4087,train,Fc1ccc(CC2=NNC(=O)c3ccccc23)cc1C(=O)N4CCN(CC4)C(=O)C5CCOC5,0.8,1.1466696417506177,0.34666964175061765
157,train,CC1CCc2cc(F)cc3C(=O)C(=CN1c23)C(=O)O,0.74,1.0450367226569361,0.30503672265693615
3943,train,COc1cc(Nc2ncc(C)s2)nc(N[C@@H](C)c3ncc(F)cn3)n1,2.99,3.049529041570166,0.05952904157016592
1938,train,OCCN1CCN(CCCN2c3ccccc3Sc4ccc(cc24)C(F)(F)F)CC1,3.8,3.793752434301984,-0.006247565698015656
360,train,Cc1cc(Cl)ccc1OC2CCN(C[C@H](O)CNC(=O)c3c[nH]nc3C(F)(F)F)CC2,3.02,3.0996854194365238,0.07968541943652374
1660,train,COc1ccc(CCN2CNC(=NC2)SCc3ccc(Cl)cc3)cc1OC,2.41,2.3541810923973476,-0.05581890760265251
3822,train,Cc1oc(CN2NC(=O)C3=C(C2=O)C(=O)c4ccc(Cl)cc4N3)cc1C,1.0,1.092471027030966,0.0924710270309661
4067,train,CCOC(=O)c1ccc(OCCC2(CCN(CC2)c3ccc(C)nn3)C#N)cc1,3.54,3.426554181417971,-0.11344581858202885
3740,train,CC(Nc1ccccc1)C2=CC(=CN3C(=O)C=C(N=C23)N4CCOCC4)C,3.6,3.831861607751194,0.23186160775119413
297,train,Nc1nc(N)c2nc(c(N)nc2n1)c3ccccc3,1.16,1.40976204538863,0.24976204538863
2479,train,CN(c1ccnc(Nc2cc(nc(c2)N3CCOCC3)N4CCOCC4)n1)c5cc(CO)ccc5C,3.44,3.6149110277195797,0.17491102771957978
1782,train,Clc1ccc2C(=O)C3=C(Nc2c1)C(=O)NN(Cc4cocc4)C3=O,0.6,1.0924713161442123,0.49247131614421236
1899,train,Oc1ccc(CCNCCS(=O)(=O)CCCOCCc2ccccc2)c3sc(O)nc13,2.61,2.5289665111776802,-0.08103348882231964
3058,train,CN(C(=O)C)c1ccc2ccn(c3cc(NC4CC4)n5ncc(C#N)c5n3)c2c1,2.9,2.6692631952053074,-0.2307368047946925
1241,train,OCc1ccc(OC2CCN(CC3CCN(CC3)[C@@H](Cc4ccccc4)C(=O)O)CC2)cc1Cl,0.8,1.3652474956890928,0.5652474956890927
2043,train,COc1ccc(CNC(=O)CSc2nc3cccnc3s2)cc1,2.5,2.518272790423137,0.018272790423136787
2652,train,C[C@H](Nc1nc(Nc2cc(C)[nH]n2)c(F)cc1C#N)c3ccc(F)cn3,3.11,3.096620529912383,-0.013379470087616863
1586,train,COCCOc1cc2nccc(Nc3cc(O)c(Cl)cc3F)c2cc1OC,2.64,2.982339990467278,0.3423399904672779
2684,train,COc1ccc(NC(=O)c2oc(Nc3ccccc3F)nn2)cn1,3.2,3.2424226529328832,0.042422652932883054
1878,train,OC(=O)c1ccc(Nc2ncc(Br)c(Nc3ccccc3)n2)cc1,1.65,2.176317099775665,0.5263170997756652
2695,train,Cc1ccc2NC(=O)OC3(CCN(CCc4nc(oc4C)c5ccccc5)CC3)c2c1,4.2,4.225856900096016,0.0258569000960156
2601,train,CCN(CC)CCNC(=O)c1c(C)[nH]c(\C=C\2/C(=O)Nc3ccc(Cl)cc23)c1C,2.75,2.6407515334980975,-0.10924846650190245
2778,train,Fc1ccc(cc1)C(=O)C2CCN(CC2)C(=O)NCc3ccccc3,3.15,3.5720573613417863,0.4220573613417864
1926,train,CN(C)CC(O)COc1ccc(Nc2cc(Nc3ccc(F)cc3F)ncn2)cc1,1.48,1.7653172380346822,0.28531723803468223
1077,train,Cc1ccc(cc1NC(=O)c2ccc(OCc3ccccn3)cc2)c4c[nH]c(C)n4,2.97,3.487396763094468,0.5173967630944678
3975,train,Cc1oc(CN2CCNCC2)cc1C(=O)NCC34CC5CC(CC(C5)C3)C4,1.03,1.1329961753229723,0.10299617532297223
3808,train,COc1ccc(CNC(=O)c2ccc(Oc3ccc(cc3)C#C[C@]4(O)CN5CCC4CC5)cc2)nc1,3.1,2.8189724307756077,-0.2810275692243924
3920,train,OC(Cn1cncn1)(Cn2cncn2)c3ccc(F)cc3F,0.48,0.7503706227808808,0.27037062278088086
3340,train,CC(C)Cn1cnc(c2ccccc2)c1c3nc4c(N)ncnc4s3,3.72,3.61889124978154,-0.10110875021846022
4013,train,C[C@H](Oc1nc(Nc2cc(C)[nH]n2)c(C)nc1C#N)c3ccc(F)cn3,2.86,2.9331985446520945,0.07319854465209463
563,train,OCC[C@]1(CCCNC1)c2oc3ccccc3c2,0.06,0.034192443672505846,-0.025807556327494152
2865,train,C[C@@H]1C2CCCC1(CCN2C)c3cccc(O)c3,0.52,0.4581583715828883,-0.061841628417111716
3288,train,CCC(N(CCCN)C(=O)c1ccc(C)cc1)C2=Nc3nccnc3C(=O)N2Cc4ccccc4,-0.14,0.04341067497450224,0.18341067497450225
2869,train,CN1C(=O)N(C)c2nc[nH]c2C1=O,-0.09,0.26180465288832355,0.3518046528883235
3105,train,CC(C)C(NC(=O)CN1C(=O)C(=CC=C1c2ccccc2)NC(=O)NCc3cc[n+]([O-])cc3)C(=O)C(F)(F)F,1.13,1.2011495636589298,0.07114956365892988
2641,train,COCCOc1cc2ncc(C(=O)N)c(Nc3ccc(C)cc3F)c2cc1N4CCN(C)CC4,2.24,2.1938016208770237,-0.04619837912297653
404,train,CC(C)N1CCN(Cc2cnc(c(Cl)c2)c3ccc(cc3)C(=O)Nc4ccccc4N)CC1,1.68,1.6387193901220645,-0.04128060987793547
148,train,O[C@@H](CNCCc1ccccc1CNCCc2ccccc2F)c3ccc(O)c4NC(=O)Sc34,1.58,1.8356299770681794,0.25562997706817936
23,train,OC(=O)c1cccc(c1)N2CCC(CN3CCC(CC3)Oc4ccc(Cl)c(Cl)c4)CC2,2.17,2.338640171233469,0.16864017123346908
1928,train,C1CNCC(C1)c2nc3ccccc3s2,1.0,1.397990149060282,0.39799014906028196
3636,train,NCCCCCc1c[nH]c2ccc(F)cc12,0.6,0.7222562388132578,0.12225623881325787
813,train,NC1(CCC1)c2ccc(cc2)c3c(ccn4ncnc34)c5ccccc5,1.7,1.569449518707166,-0.13055048129283398
3726,train,COc1ccc(cn1)[C@@]2(O)CC[C@H](CC2)N3CC[C@H](C3)NC(=O)CNC(=O)c4cccc(c4)C(F)(F)F,1.72,1.5923819814045377,-0.1276180185954623
3807,train,COc1cccc(c1)C(=O)Nc2ccc(C)c(c2)N3C=Nc4ccc(cc4C3=O)N5CCN(C)CC5,3.08,3.1523165344129898,0.07231653441298969
2053,train,CN(C(=O)N1CCC(CC1)N2CCC(CC2)Oc3ccc(Cl)c(Cl)c3)S(=O)(=O)c4ccc(C)cc4,4.49,4.45945621097306,-0.030543789026940438
141,train,CN1SC(=NC1=O)NC(=O)c2cccc(Cl)c2,0.87,0.969145435118405,0.09914543511840501
1036,train,CC1(C)Cc2c(c3ccccc3)c(c(CC(=O)O)n2C1)c4ccc(Cl)cc4,3.07,3.103437675703768,0.03343767570376821
1007,train,CC(C)Oc1cc(OCCc2ccsc2)cc(c1)C(=O)Nc3ccc(cn3)C(=O)O,1.74,1.9134242622026618,0.17342426220266183
526,train,Nc1ccc2c3ccccc3C(=O)C(=O)c2c1,2.23,2.6572551656330354,0.42725516563303545
1905,train,Oc1nc2cc(Cl)c(Cl)c(c2nc1O)[N+](=O)[O-],0.21,0.7400799258916946,0.5300799258916946
1606,train,NC1(CCC1)c2ccc(cc2)c3nn4ccccc4c3c5ccccc5,3.2,3.1840077551856583,-0.015992244814341916
85,train,Fc1cc(cc(F)c1C2=CCN(CC2)C=O)N3C[C@H](COc4ccon4)OC3=O,2.01,2.2975716255602325,0.28757162556023275
1804,train,CC(=O)N1CCN(CC(O)COc2ccc(Br)cc2)CC1,1.6,1.639717770439887,0.039717770439887
1328,train,NC1=NC2(CCN(CC2)C(=O)c3ccc(cc3)C#N)Nc4cccc(F)c14,0.66,0.5337398019996857,-0.1262601980003143
1929,train,[O-][N+](=O)c1cccc2ccc(nc12)C(Cl)(Cl)Cl,3.7,3.6259383851603655,-0.07406161483963469
3108,train,OC1CS(=O)(=O)CC1N2CCC(CC2)c3ccccc3,1.4,1.5053305250276963,0.10533052502769635
1891,train,Cn1cc(cc1c2c3C(=O)N(CCO)C(=O)N(CC4CC4)c3nn2Cc5ccnc6ccc(Cl)cc56)C#N,3.0,3.316167202339245,0.316167202339245
2643,train,Clc1cccc(Cl)c1\C(=C\n2cncn2)\OC3CCCCCC3,4.1,4.164995236945262,0.06499523694526221
2589,train,Clc1ccc2C(=O)C3=C(Nc2c1)C(=O)NN(Cc4cc5ccccc5s4)C3=O,2.0,2.2106229895990053,0.21062298959900527
108,train,COc1ccccc1CNc2cc(C)ccn2,3.28,3.578447197755124,0.2984471977551242
65,train,COc1cc2ncc(C(=O)N)c(Nc3ccc(F)cc3F)c2cc1NCCN(C)C,1.91,2.0844179697924177,0.17441796979241775
1599,train,Cc1ccc(NC(=O)c2ccc(Cl)c(c2)C(F)(F)F)cc1C(=O)Nc3cccnc3,2.83,2.9008370148178546,0.07083701481785454
857,train,CCc1cccc(c1)N(C)C(=N)Nc2cccc3ccccc23,1.57,1.7507948628375567,0.18079486283755664
3850,train,Clc1ccc(NC(=O)N2CCN(C[C@@H]3CCCN(CC4CC4)C3)CC2)cc1Cl,2.54,2.7155622964176978,0.17556229641769772
2868,train,COc1cc2c(Nc3cnc(NC(=O)c4ccccc4)nc3)ncnc2cc1OCCCN5CCOCC5,2.7,2.725001193404941,0.025001193404941002
2475,train,Clc1ccc(cc1)C2CCN(CC2)C(=O)COCc3ccncc3,2.74,2.9770726362327418,0.23707263623274155
3756,train,O=C(C1CC1)c2ccc(OCCCc3c[nH]cn3)cc2,2.68,2.8069108429744567,0.12691084297445654
330,train,COc1ccc2N=CC(=O)N(CCN3CC[C@@H](NCc4cc5OCCOc5cn4)[C@@H](O)C3)c2c1,0.78,0.757133704395206,-0.02286629560479403
2732,train,Cc1ccn2c(NC(=O)c3ccccc3)c(nc2c1)c4cccs4,2.87,3.148190382439954,0.27819038243995386
2586,train,Cc1ccc(cc1NC(=O)c2ccc(OCc3ccccn3)cc2)c4ncc[nH]4,3.01,3.1487193151240795,0.13871931512407976
195,train,Nc1nc(N)nc(n1)c2cccc(c2)C(F)(F)F,2.4,2.5536631067648843,0.15366310676488437
590,train,Nc1ccccc1NC(=O)c2ccc(cc2)N3CCOCC3,1.2,1.3795766709593713,0.17957667095937135
1206,train,CN(C)CCCNc1cc(nc2c(cnn12)C#N)n3ccc4ccc(NC(=O)C)cc34,1.62,1.7683149087290557,0.14831490872905562
805,train,OCCc1cccc(NC(=O)c2cc3cc(Cl)ccc3[nH]2)c1,3.83,3.9157083522101477,0.08570835221014761
3531,train,CC(C)[C@H](NC(=O)C[C@H](NC(=O)\C=C\c1ccccc1)c2ccccc2)C(=O)[C@H]3[C@H](C)C(=O)NC3=O,1.91,2.178285671869795,0.26828567186979524
70,train,CNC(=O)c1ccc(CC(=O)N(C)C2CCN(Cc3ccc(cc3)C(F)(F)F)CC2)cc1,2.8,2.799315982550495,-0.0006840174495046369
3366,train,COc1cc2ncnc(Nc3ccc(F)c(Cl)c3)c2cc1OCCCN(C)C,2.9,3.0328276198355963,0.13282761983559643
1511,train,CC1=CC2=NNC(=O)N2c3cc(ccc13)c4ccc[nH]4,3.29,3.490654491153898,0.2006544911538981
784,train,C[C@H]1[C@@H]2CN(CCN3CCOCC3)CC[C@H]2Cc4[nH]c5ccc(cc5c14)C(F)(F)F,2.87,2.973951947852063,0.10395194785206296
1717,train,C[C@H](NC(=O)c1c(C)nn(CC(F)(F)F)c1NS(=O)(=O)c2ccc(C)cc2)C(C)(C)C,0.93,1.055055002589786,0.12505500258978597
3572,train,COc1ccc2nc(C)cc(c2c1)n3cc(CNC(=O)C)nn3,1.6,1.7612581241956347,0.16125812419563457
3498,train,CSc1nc2cc(Cl)ccc2[nH]1,3.22,3.4439067584615444,0.22390675846154418
2153,train,CCN(CC)C(=O)c1ccc(cc1)C(=C2CCNCC2)c3ccccc3,1.2,1.3252544603269216,0.12525446032692167
1879,train,Oc1ccc(O)c2C(=O)C=CC(=O)c12,1.91,2.3506699746471043,0.44066997464710433
4027,train,COc1ccc(OC)c(CNc2n[nH]c3ccnc(Oc4ccccc4)c23)c1,4.25,4.373379246932065,0.12337924693206492
4072,train,Clc1ccc(cc1)C2(CCNCC2)c3ccc(cc3)c4cn[nH]c4,1.51,1.6255757959965949,0.11557579599659484
1640,train,O=C(NCC#N)[C@@H]1CCCC[C@H]1C(=O)N2CCc3ccccc3C2,1.91,1.9640040464182416,0.054004046418241636
179,train,CN[C@@H](C)C(=O)N[C@H](C(=O)N[C@H]1CCCN(CCc2ccc(F)cc2)C1)C(C)(C)C,3.12,2.5361594319109577,-0.5838405680890424
3052,train,CCS(=O)(=O)c1ccc(c(Cl)c1)c2cc(Cl)ccc2OCC(=O)O,-0.43,-0.31699963255600316,0.11300036744399683
2882,train,COCCOc1ccc(cc1)C(=O)Nc2cc(NC(=O)c3cccc(c3)N(C)C)ccc2C,2.74,2.9199616392263783,0.1799616392263781
2876,train,C[C@@H](Oc1cccc2ncnc(Nc3ccc(Oc4ccc(C)nc4)c(C)c3)c12)C(=O)N5CCOCC5,4.14,4.3419899326668565,0.20198993266685683
2213,train,COc1ccccc1C(=O)Nc2nc3ccccc3s2,3.61,3.7073675646536683,0.09736756465366847
3677,train,N[C@@H](Cc1c[nH]c2ccccc12)C(=O)O,-1.08,-0.6855840388994534,0.39441596110054666
57,train,CCC(CC)NC(=O)c1cnn(C)c1NS(=O)(=O)c2ccc(C)cc2,0.36,0.35075077678570654,-0.009249223214293445
4037,train,CN1CCOc2cc(OC(=O)c3ccccc3)cnc12,3.3,3.4279125800057626,0.12791258000576278
821,train,CCOC(=O)C1(CCN(C)CC1)c2ccccc2,1.4,1.1410333067354774,-0.2589666932645225
3377,train,C[C@H]1NC(C)(C)CO[C@]1(O)c2cccc(Cl)c2,1.69,1.852343433141627,0.16234343314162714
999,train,COc1ccc2c(c1)cc(C(=O)O)n2Cc3ccc(Cl)c(Cl)c3,1.66,1.6618982495836043,0.0018982495836044055
3348,train,Nc1ncc(NC(=O)c2cc(NC(=O)c3cccc(c3)C(F)(F)F)ccc2Cl)cc1Cl,3.26,3.3186005962551315,0.0586005962551317
3513,train,CN1CCN(CC1)c2ccc3N=CN(C(=O)c3c2)c4cc(ccc4C)C(=O)Nc5nccs5,2.56,3.0483598676020853,0.4883598676020853
1898,train,COCCS(=O)(=O)c1ccc(Nc2nccc(n2)c3cnc(C)n3C(C)C)cc1,2.56,2.797548344162551,0.23754834416255077
3330,train,O=C1N=C2C(=C1C#N)c3ccc(N4CCSCC4)c5cccc2c35,3.22,3.4297276329661015,0.2097276329661013
342,train,CCN(CC)S(=O)(=O)c1ccc(cc1)c2oc(SCC(=O)N3CCc4ccccc34)nn2,3.9,3.990118295752894,0.0901182957528941
973,train,NC(=N)SCc1ccc(Cl)c(Cl)c1,1.28,1.310491470630554,0.030491470630553907
3736,train,CN(C)CCC=C1c2ccccc2COc3ccccc13,2.15,2.133446340706532,-0.01655365929346786
962,train,NC1=NN(CC1)c2cccc(c2)C(F)(F)F,2.55,2.513416121554985,-0.03658387844501476
3514,train,CN1C(=O)N(CC2CC2)c3nn(Cc4cn(C)c5ccc(Cl)cc45)c(c6cc(oc6C)S(=O)(=O)C)c3C1=O,4.48,4.273328283243885,-0.20667171675611584
1091,train,Oc1ccc(cc1)c2nc3ccccc3s2,4.1,4.023914766906886,-0.07608523309311366
2697,train,Nc1ncnc2c1ncn2Cc3ccccc3,1.53,1.7482714824237562,0.21827148242375616
1737,train,CS(=O)(=O)c1cccc2c3CN(CCc3[nH]c12)C(=O)[C@@H]4CCCC[C@H]4C(=O)NC5(CC5)C#N,1.7,1.8861037109310967,0.1861037109310968
628,train,NC(=N)NCCC[C@H](NC(=O)COCC(c1ccccc1)c2ccccc2)C(=O)O,0.18,0.2925447633589411,0.11254476335894109
2492,train,NS(=O)(=O)c1cc2c(NC(NS2(=O)=O)C3CC4CC3C=C4)cc1Cl,2.12,1.7566356009178388,-0.36336439908216134
1532,train,COc1ccc(N(C(C(=O)NC[C@@H](C)O)c2ccccc2F)C(=O)c3occc3CO)c(OC)c1,1.37,1.4661021219237056,0.09610212192370549
291,train,C[C@]1(CCCN1c2nc(Nc3cc([nH]n3)C4CC4)c5cccn5n2)C(=O)Nc6ccc(F)nc6,3.16,3.3801413141431573,0.22014131414315719
160,train,Cc1ccc(NC(=N)N)cc1C,-1.34,-1.307459403882799,0.03254059611720117
2719,train,Clc1ccccc1C(=O)NCC23CC4CC(CC(C4)C2)C3,4.05,4.183437048144311,0.13343704814431145
3272,train,COc1cc(Nc2cc(Nc3c(Cl)ccc4OCOc34)ncn2)cc(OC)c1OC,3.07,3.403187036954771,0.33318703695477137
664,train,OC1(CCN(Cc2c[nH]c3ccccc23)CC1)c4ccc(Cl)cc4,2.25,2.280247526171421,0.03024752617142079
3327,train,COCCNCc1cncc(n1)c2ccc(F)cc2OC,1.61,1.8387629527618263,0.22876295276182623
530,train,NC(=O)c1cc(O)cc2nc(oc12)c3ccc(O)cc3,2.3,2.056715825174878,-0.243284174825122
1508,train,COc1ccc(OC)c(c1)c2cccc3c(N)c(nnc23)C(=O)NC4(C)CCC4,4.48,4.70194936808974,0.22194936808973953
1246,train,CS(=O)(=O)n1c2ccccc2c3cc(NC(=O)CCc4ccncc4)ccc13,3.4,3.521124858965708,0.1211248589657079
45,train,COc1ccc(cn1)C2=Cc3c(C)nc(N)nc3N([C@@H]4CC[C@H](CC4)OCCO)C2=O,2.2,2.463422134985165,0.26342213498516465
2746,train,N#Cc1cnn2c(NC3CC3)cc(nc12)c4cccs4,2.88,2.9331402160546514,0.05314021605465147
692,train,O=C(CSc1ccncc1)Nc2ccc(cc2)C(=O)c3ccccc3,3.6,3.8230505924566267,0.22305059245662662
1932,train,CN(C)c1ccccc1S(=O)(=O)NC(=O)N2CCC(CC2)N3CCC(CC3)Oc4ccc(Cl)c(Cl)c4,1.74,2.003782776586585,0.263782776586585
3900,train,CC(O)(C(=O)Nc1ccc(cc1)S(=O)(=O)c2ccccc2)C(F)(F)F,2.98,3.092339774630882,0.11233977463088207
2346,train,C[C@H](NC(=O)c1c(C)nn(C2CCS(=O)(=O)CC2)c1NS(=O)(=O)c3ccc(C)cc3)C(C)(C)C,0.25,0.5445760555846604,0.2945760555846604
2009,train,Oc1ccc(cc1)C(c2ccc(O)cc2)C(Cl)(Cl)Cl,3.86,3.989121288722991,0.12912128872299133
22,train,COc1ccc(Oc2cccc(CN3CCCC(C3)N4C=C(C)C(=O)NC4=O)c2)cc1,3.17,3.273898845728608,0.10389884572860808
1797,train,Cc1ncc2CN=C(c3ccccc3F)c4cc(Cl)ccc4n12,3.4,3.464212916429429,0.06421291642942917
2560,train,CSc1nc(C(=O)N)c(N)s1,1.21,1.5303098372306367,0.3203098372306368
3469,train,CCOc1ccccc1c2ccc3c(c2)C(=O)C(=O)c4ccccc34,2.67,2.648927439268832,-0.021072560731167922
921,train,N#Cc1ccc(Nc2nccc(NC3CC3)n2)cc1,3.01,3.099825205691115,0.08982520569111507
298,train,C[C@@](O)(C(=O)Nc1ccc(cc1Cl)S(=O)(=O)NCC=C)C(F)(F)F,3.07,3.175276824260319,0.10527682426031904
3257,train,CN1CCN(CC(=O)N2c3ccccc3C(=O)Nc4cccnc24)CC1,-0.49,0.025515287810980336,0.5155152878109803
369,train,Clc1ccc(O[C@H]2CCCNC2)cc1C(=O)NCC34CC5CC(CC(C5)C3)C4,2.18,2.250861192994048,0.0708611929940477
2692,train,CN(C)N(C)C(=O)[C@@]1(Cc2ccccc2)CCCN(C1)C(=O)[C@@H](Cc3c[nH]c4ccccc34)NC(=O)C(C)(C)N,2.1,2.2039934783044757,0.10399347830447558
3424,train,Oc1cc(Cl)cc(Cl)c1,3.58,3.713104583356836,0.13310458335683606
1502,train,Nc1ccccc1NC(=O)c2ccc(cc2)C3CCN(Cc4ccccc4)CC3,2.51,2.755623490227687,0.24562349022768704
4167,train,CNC(=O)c1cccc(c1c2ccc(CC(C)C)cc2)S(=O)(=O)Nc3ncc(C)nc3OC,1.68,1.8563182343302194,0.17631823433021943
655,train,Cc1cc(OC2CCN(CC3CCN(CC3)[C@@H](Cc4ccc(F)cc4)C(=O)O)CC2)ccc1Cl,2.54,2.7793200069567465,0.2393200069567465
2947,train,Nc1cc(nc(N)[n+]1[O-])N2CCCCC2,0.77,1.1019896469958792,0.3319896469958792
3670,train,O[C@@H](CNCCc1cccc(CNCCc2ccccc2Cl)c1)c3ccc(O)c4NC(=O)Sc34,1.63,2.0931334692982353,0.4631334692982354
1519,train,Cc1ccc(F)c(Nc2ccnc(Nc3ccc(cc3)S(=O)(=O)N)n2)c1,3.1,3.1867567884882044,0.08675678848820434
60,train,OC(C(=O)OC1CN2CCC1CC2)(c3ccccc3)c4ccccc4,1.19,1.3759923894882333,0.18599238948823338
245,train,O=C(C1CCCCC1)N2CC3N(CCc4ccccc34)C(=O)C2,2.43,2.3880923776492806,-0.04190762235071954
619,train,OC(=O)c1cccc(CN2CCC(CN3CCC(CC3)Oc4ccc(Cl)c(Cl)c4)CC2)c1,1.26,1.7055049836897256,0.4455049836897256
2417,train,COc1ccc(CC(=O)NC(N\C(=N\C#N)\Nc2ccccc2C)C(C)(C)C)cc1OC,2.48,2.615590838872253,0.1355908388722531
1744,train,CC(C)CNc1nc(nc(NC2CCS(=O)(=O)C2)c1N)C#N,2.3,2.4719395919172595,0.17193959191725972
1145,train,CCN1CCN(CC1)C(=O)c2cc3cc(F)ccc3[nH]2,2.28,2.494820393691431,0.21482039369143102
1333,train,CN(C)CC(O)COc1ccc(Nc2cc(Nc3cc(Cl)ccc3Cl)ncn2)cc1,2.6,2.8451034255952274,0.24510342559522735
1294,train,N\C(=C(/C#N)\c1ccccc1C(F)(F)F)\Sc2ccc(N)cc2,3.4,3.177294690162945,-0.22270530983705505
1645,train,OC(=O)[C@H](Cc1ccc(OCCc2ccc3OCCNc3n2)cc1)NC(=O)c4c(Cl)cccc4Cl,-0.18,0.272425950774666,0.452425950774666
2110,train,CCOC(=O)c1ccc(OC(=O)CCCCCN=C(N)N)cc1,2.41,2.4309608249417916,0.02096082494179141
377,train,CCNC(=O)C[C@@H]1N=C(c2ccc(Cl)cc2)c3cc(OC)ccc3n4c(C)nnc14,2.46,2.6207538593640267,0.16075385936402675
3980,train,CCCOc1cc(OCCCN2CCCC2)ccc1C(=O)Nc3cccc(O)c3,2.46,2.620267751579511,0.16026775157951123
3281,train,Cn1cnc(c2ccccc2)c1c3nc4c(N)ncnc4s3,2.69,2.9975313014380554,0.3075313014380554
2453,train,Cc1cccc(Nc2ncnc3ccc(NC(=O)C=C)cc23)c1,3.7,3.8256598395045813,0.12565983950458115
3211,train,Cc1nc(C)c(nc1C(=O)N)c2ccc([C@@H]3CC[C@@H](CC(=O)O)CC3)c(Cl)c2,1.8,1.797645953515466,-0.002354046484533967
323,train,O[C@H](CNC(=O)c1n[nH]c2ccccc12)CN3CCC(CC3)Oc4ccc(Cl)c(Cl)c4,2.95,3.4113677853723816,0.46136778537238143
3320,train,C[C@H](N)COc1c(C)cccc1C,0.6,0.4498197673327926,-0.15018023266720737
2388,train,COC[C@H](C)Oc1cc(Oc2ccc(Cl)cc2)cc(c1)C(=O)Nc3ccc(cn3)C(=O)O,1.69,1.9237280776053993,0.23372807760539938
2113,train,OCCNCCNc1ccc2c(NC(=O)CC34CC5CC(CC(C5)C3)C4)cccc2n1,1.79,1.8506813210885864,0.06068132108858637
178,train,CN(C)C(=O)CN1CCN(CCc2c([nH]c3sc(cc23)C(C)(C)C(=O)N4C5CCC4CC5)c6cc(C)cc(C)c6)CC1,4.13,4.443882403177414,0.31388240317741367
1010,train,COc1ccccc1CN[C@H]2CCCN[C@H]2c3ccccc3,1.5,1.6676925849878534,0.16769258498785344
1712,train,CC(C)C(NC(=O)CN1C(=O)C(=CC=C1c2ccccc2)NC(=O)Cc3cccc(c3)C(=O)O)C(=O)C(F)(F)F,0.68,0.8660588546222729,0.1860588546222729
59,train,O=C1NC(=NC(=C1C#N)c2ccccc2)SCCc3ccccc3,1.71,2.068812070426431,0.3588120704264308
720,train,Cc1cnc(NC(=O)Cc2ccccc2)s1,2.9,3.24182693508886,0.3418269350888603
333,train,O=C1CCOc2nc(\C=C\c3ccccc3)ccc12,3.2,3.479185224116126,0.2791852241161257
3802,train,COC(=O)C1=C(C)NC(=C(C1c2ccccc2[N+](=O)[O-])C(=O)OC)C,3.29,3.4145697145752734,0.12456971457527333
1194,train,COc1ccc2cc(ccc2c1)[C@H](C)C(=O)O,0.13,0.06985615272779633,-0.06014384727220368
3877,train,COc1cc(cc(OC)c1OC)c2nnc(S)n2c3cccc(c3)C(F)(F)F,2.27,2.3360825308999806,0.06608253089998062
3520,train,Cc1c(Cl)c(ccc1OC2CCN(CC3CCN(CC3)[C@@H](Cc4ccc(F)cc4)C(=O)O)CC2)C#N,2.19,2.3578297015657896,0.1678297015657897
3477,train,CN[C@@H](C)C(=O)N[C@@H](C1CCCCC1)C(=O)N2CCC[C@H]2C(=O)N[C@@H](C(c3ccccc3)c4ccccc4)C(=O)OC,2.42,2.114825676825484,-0.3051743231745161
2103,train,CCc1[nH]c2nc(Sc3cnc4ccc[n+]([O-])c4c3)nc(N5CC[C@@H](N)C5)c2c1Cl,2.0,2.2656574984746585,0.26565749847465847
363,train,CCN1CCC[C@H]1CNC(=O)c2c(OC)ccc(Br)c2OC,0.05,0.09948852579517409,0.049488525795174085
3419,train,O=C(N[C@@H]1CN2CCC1CC2)c3ccc(s3)c4ccccc4,1.77,2.233988218686948,0.4639882186869482
3597,train,OC(=O)c1ccc(cc1)n2ncc(C(=O)NC3C4CC5CC(CC3C5)C4)c2C6CCC6,1.33,1.57627371163393,0.24627371163392997
2461,train,Cc1nc(CS(=O)(=O)c2ccccc2)cc(n1)N3CCOCC3,1.07,1.058717995142232,-0.01128200485776798
701,train,CC\C(=C(/c1ccccc1)\c2ccc(\C=C\C(=O)O)cc2)\c3ccccc3,3.89,3.9092764498194716,0.01927644981947152
1202,train,CCC(C)(C)C[C@@H](N1CCC[C@@H](C1)N2C=C(C)C(=O)NC2=O)c3ccc(C(=O)O)c(Oc4cccc(Cl)c4)c3,1.37,1.4154171727647804,0.0454171727647803
378,train,Nc1ccccc1NC(=O)c2ccc(cc2)c3ncc(CN4CCC4)cc3F,1.69,2.006209520897806,0.31620952089780596
3959,train,COc1cc2ncc(C(=O)N)c(Nc3ccc(C)cc3F)c2cc1OC,3.34,3.401485460943609,0.061485460943609294
1759,train,CNc1c(Br)cnc2[nH]c(nc12)c3cnn(c3)C4CCN(C)CC4,2.5,2.6805992171756863,0.18059921717568628
3925,train,CC1=CN([C@H]2CCCN(C2)S(=O)(=O)c3ccc(O)c(Oc4ccc(Cl)c(C)c4)c3)C(=O)NC1=O,2.4,2.57079519881899,0.1707951988189902
959,train,N(c1ccccc1)c2ccnc3ccccc23,2.78,2.6848959821032015,-0.09510401789679834
3487,train,CS(=O)(=O)c1ccc(cc1)c2cc(ccc2OCC(=O)O)C(F)(F)F,-0.87,-0.9969309611912789,-0.1269309611912789
995,train,C[C@@H]1CN(CCN1c2ncc(OCc3ccncc3C#N)cn2)C(=O)OC(C)(C)C,3.33,3.4452044432676106,0.11520444326761048
1982,train,Fc1ccc(cc1)N2CCN(CC2)C(=O)[C@@H]3CCCC[C@H]3C(=O)NCC#N,1.92,2.1368309894810924,0.21683098948109247
3964,train,CN1[C@@H]2CC[C@H]1C[C@H](C2)OC(=O)C(CO)c3ccccc3,-0.66,-0.6247410235530868,0.035258976446913226
2941,train,CC12CC3CC(C)(C1)CC(N)(C3)C2,0.06,-0.27458585198247176,-0.33458585198247176
685,train,CNc1c(Cl)cnc2[nH]c(nc12)c3ccc(OCCN4CCOCC4)cc3,2.63,2.8648925768003966,0.23489257680039666
3200,train,Cc1ccc(cc1S(=O)(=O)n2ccc(n2)c3c(C)nc4ccc(Br)cn34)[N+](=O)[O-],3.52,3.764017426032166,0.24401742603216592
3842,train,Cc1[nH]c2ccccc2c1CCNCc3ccc(\C=C\C(=O)NO)cc3,1.1,1.5094886240144496,0.4094886240144495
224,train,CN(C)c1nc(N[C@@H]2CC[C@@H](CC2)NC(=O)c3ccc(F)c(F)c3)nc4ccccc14,3.13,3.3773908352743796,0.24739083527437966
1923,train,OC(=O)c1ccc(cc1)n2ncc(C(=O)NC3C4CC5CC(CC3C5)C4)c2C6CCCC6,1.72,1.7261144937313015,0.0061144937313015735
4116,train,CC1(C)NC(=O)N(C1=O)c2ccc(c(c2)C(F)(F)F)[N+](=O)[O-],1.74,1.6556288288373548,-0.08437117116264514
2496,train,CCCC1=CC(=CC(=O)N1Cc2ccc(cc2)c3ccccc3c4nn[nH]n4)OCc5ccccc5,2.4,2.8562806882542255,0.45628068825422563
1604,train,CN1CCN(CC1)c2cc3c(Nc4ccc(F)cc4F)c(cnc3cc2F)C(=O)N,2.63,2.6654119537903576,0.035411953790357664
3916,train,CN1CCN(CC1)C2=Nc3ccccc3Nc4sc(C)cc24,2.19,2.5923073565547043,0.4023073565547044
290,train,COc1cc(OC)c(cc1NC(=O)COC(=O)C)S(=O)(=O)N2C(C)CCc3ccccc23,2.07,2.2599314299356945,0.18993142993569467
1231,train,COc1cccc(Oc2cncnc2O)c1,0.59,0.624086968688691,0.03408696868869099
3643,train,COc1ccccc1N2CCN(CCN(C(=O)C3CCCCC3)c4ccccn4)CC2,3.0,2.913348029160396,-0.08665197083960408
861,train,CC1=CC2=NNC(=O)N2c3cc(ccc13)c4occc4,2.07,2.750362207371323,0.6803622073713234
3679,train,COc1cc(OC)c(cc1NC(=O)CCC(=O)O)S(=O)(=O)N2C(C)CCc3ccccc23,-0.87,-0.7642341173125935,0.1057658826874065
3082,train,COc1ncc(cn1)c2cccc3OC[C@H](Cc23)NC(=O)c4ccc(OCC(F)(F)F)nc4,4.3,4.740585016760482,0.44058501676048234
2005,train,C[C@H]([C@H](O)c1ccc(O)cc1)N2CCC(O)(CC2)c3ccccc3,0.91,0.9518390439159297,0.04183904391592963
3763,train,Nc1ncnc2c1ncn2[C@@H]3O[C@H](CSCCCNC(=O)Nc4ccc(Cl)cc4)[C@@H](O)[C@H]3O,2.5,2.7337350516018994,0.23373505160189945
549,train,CCC(N(CCCN)C(=O)c1ccc(OC)cc1)C2=Nc3ccsc3C(=O)N2Cc4ccccc4,1.39,1.5775054424806814,0.18750544248068146
1359,train,C[C@H](Oc1ncc(Cl)c(Nc2cc(C)[nH]n2)n1)c3ncc(F)cn3,1.82,2.0239789902077705,0.20397899020777044
3653,train,C[C@H](Nc1nc(Nc2ncc(C)s2)cc(n1)N3CCN(C)CC3)c4ccc(F)cn4,2.9,2.7756797097941357,-0.12432029020586421
3031,train,Cc1c(Oc2ccc(Cl)cc2)c3cc(F)ccc3n1CC(=O)O,1.26,1.4885055073803286,0.2285055073803286
1431,train,COc1ccc(cc1)S(=O)(=O)NC2=CC=C(N(CC(=O)NC(C(C)C)C(=O)C(F)(F)F)C2=O)c3ccccc3,2.5,2.8150516937640755,0.3150516937640755
904,train,Clc1ccc(CN2CCNCC2)cc1C(=O)NCC34CC5CC(CC(C5)C3)C4,1.84,1.5925366931304696,-0.24746330686953044
2377,train,NC(=O)c1cnc(c2ccc(cc2)C3(N)CCC3)c(c1)c4ccccc4,1.3,1.385960869664406,0.08596086966440586
2430,train,COCCNS(=O)(=O)c1ccc(cc1)c2cnc(N)c(n2)C(=O)Nc3cccnc3,2.26,2.3663968136979383,0.10639681369793852
1935,train,C[C@H](CO)Nc1nc(SCc2cccc(Cl)c2)nc3nc(N)sc13,3.31,3.3172638811608137,0.007263881160813668
554,train,OC(=O)c1ccc(cc1)c2ccc(Cl)c(c2)C(=O)NCC34CC5CC(CC(C5)C3)C4,2.48,2.827278582063805,0.3472785820638049
341,train,C[C@@H]1CN(CCN1c2ncc(OCc3ccncc3C#N)cn2)c4noc(n4)C5CC5,3.1,3.341446830926791,0.24144683092679076
3235,train,CC(=O)OCCn1c(Sc2nc3cccc(Cl)c3s2)nc4c(N)ncnc14,3.16,3.5664302056722166,0.40643020567221644
737,train,OC1(CN2CCC1CC2)C#Cc3ccc(Oc4ccc(cc4)C(=O)NCc5ccncc5)cc3,2.48,2.379090945142862,-0.10090905485713808
1063,train,Oc1c2C(=O)N(NC(=O)c2nc3cc(Cl)ccc13)C(C4CCCC4)c5ccccn5,1.9,2.089057153221032,0.1890571532210319
313,train,CCOC(=O)C(CCc1ccccc1)NC2CCc3ccccc3N(CC(=O)O)C2=O,-0.2,-0.06244250245388949,0.13755749754611052
3373,train,Cc1c(Sc2ccc(Cl)cc2)c3c(cccc3n1CC(=O)O)S(=O)(=O)C,0.58,0.25683869921306623,-0.3231613007869337
2501,train,CN(C)CC(O)COc1ccc(Nc2nccc(Nc3cc(Cl)ccc3Cl)n2)cc1,2.9,3.1680583170047427,0.2680583170047428
1280,train,NC(=O)C1CCCCC1,0.9,1.052759877083948,0.1527598770839479
3777,train,O[C@@H](CNCCc1ccc(CNCCc2ccccn2)cc1)c3ccc(O)c4NC(=O)Sc34,-0.25,0.22435986167913557,0.4743598616791356
2963,train,CC(=O)NC[C@H]1CN(C(=O)O1)c2ccc(c(F)c2)n3ccnc3,0.7,1.106189450568413,0.40618945056841294
2263,train,COc1ccc2OCC(=O)N(CCN3CCC(CC3)NCc4ccc5OCC(=O)Nc5n4)c2c1,0.87,1.0437778513041875,0.17377785130418755
1484,train,Cc1nocc1C(=O)Nc2ccc(c(N)n2)c3ccccc3OC(F)(F)F,3.7,3.884772801185024,0.18477280118502382
3190,train,COCCNC(=O)c1cccc(CN2NC(=O)C3=C(C2=O)C(=O)c4ccc(Cl)cc4N3)c1,1.2,1.7083806847333116,0.5083806847333117
2117,train,Nc1nc(O)c2ncn(COCCO)c2n1,-1.42,-1.2063825218400845,0.21361747815991539
374,train,CC1CCC(CC(=O)Nc2cccc3ncccc23)CC1,3.56,3.475869817964057,-0.08413018203594325
3166,train,CCc1nc2c(N)nc3ccccc3c2n1CC(C)C,2.55,2.6013051751455443,0.051305175145544446
622,train,CN1C(=O)N(CC2CC2)c3nn(Cc4ccnc5ccc(Cl)cc45)c(c3C1=O)c6ncnn6C,3.8,3.8391861472898547,0.03918614728985492
702,train,CN[C@@H](C)C(=O)N[C@H](C(=O)N[C@H]1CCCN(CCc2ccc(cc2)C(F)(F)F)C1)C(C)(C)C,2.85,2.7193741461528385,-0.13062585384716163
2928,train,CC12CCC3C(CCC4=CC(=O)CCC34C)C1CCC2O,3.3,3.386699992692341,0.08669999269234108
4172,train,COc1cc2c(Nc3c(Cl)ccc4OCOc34)ncnc2cc1OCCCN5CCCCC5,2.05,1.9274261251389606,-0.12257387486103921
907,train,CS(=O)(=O)c1cccc(Nc2nccc(Nc3cccc4ccoc34)n2)c1,3.52,3.798011650646635,0.278011650646635
3314,train,COc1ccc2COC(=O)N(CCN3CCC(CC3)NCc4ccc5OCC(=O)Nc5n4)c2c1,0.5,0.7451428770610893,0.24514287706108928
38,train,COc1ccc2ncc(C#N)c(CCN3CCC(CC3)NCc4cc5SCOc5cn4)c2c1,2.55,2.5876267215144,0.03762672151440016
1178,train,NC1=NC2(CCN(CC2)C(=O)c3ccc(nc3)C#N)Nc4c(F)ccc(F)c14,0.79,1.177312610170475,0.3873126101704749
2875,train,OC(=O)CCc1oc(c2ccccc2)c(n1)c3ccccc3,1.2,0.9907456639767767,-0.2092543360232233
3496,train,NC1(CCN(CC1)c2ncnc3[nH]ccc23)C(=O)NC(Cc4ccccc4)c5ccc(Cl)cc5,4.1,4.147922376967494,0.04792237696749435
1349,train,O=C1C=C(N=C2N(Cc3cccc4ccccc34)C=CN12)N5CCOCC5,3.3,3.7537680723372024,0.4537680723372026
258,train,CC(C)C(=O)NCCNCC(O)COc1ccc(O)cc1,-0.15,0.2848737215945769,0.43487372159457693
1348,train,Nc1c(cnn1c2ccc(F)cc2)C(=O)c3cccc(OC[C@H](O)CO)c3,1.94,2.181595440313561,0.24159544031356095
1625,train,O[C@@H](CNCCCOCCOCCc1ccccc1)c2ccc(O)c3NC(=O)Sc23,1.09,1.1520307409552704,0.06203074095527028
2901,train,CC(C)n1c(C)ncc1c2ccnc(Nc3ccc(cc3)C(=O)N4CCN(C)CC4)n2,2.1,2.423856734253443,0.3238567342534431
2670,train,COc1cc(O)c2C(=O)O[C@@H](C)C\C=C/C(=O)[C@@H](O)[C@@H](O)C\C=C\c2c1,1.64,1.696989731246134,0.056989731246134046
833,train,C1CC1Nc2ccc3nnc(c4ccccc4)n3n2,3.15,3.1960296621937534,0.046029662193753484
129,train,CNCC[C@H](Oc1ccc(cc1)C(F)(F)F)c2ccccc2,1.89,1.99619369842755,0.10619369842755
964,train,CC(C)(C(=O)Nc1oc(nn1)C(=O)Nc2ccc(cc2)N3CCOCC3)c4ccc(Cl)cc4,2.96,2.952611993193683,-0.007388006806317016
3936,train,CN(c1ccnc(Nc2cc(nc(n2)N3CCOCC3)N4CCOCC4)n1)c5cc(CO)ccc5C,3.9,4.013519266465912,0.11351926646591215
2550,train,Cc1ccnc(NCc2ccc(Cl)cc2)c1,3.6,3.6173111013338284,0.017311101333828294
1976,train,Oc1cccc(NC(=O)c2ccc(OCCCN3CCCC3)cc2OCc4cccc(F)c4)c1,3.15,3.6725905659248133,0.5225905659248133
2109,train,NC(Cc1ccccc1)c2ccccc2,1.32,1.3614896017135452,0.0414896017135451
1607,train,CN(C)C(=O)N[C@@H]1CC[C@H](CCN2[C@@H]3CC[C@H]2C[C@H](C3)Oc4cccc(c4)C(=O)N)CC1,0.22,0.08241812327999964,-0.13758187672000036
3819,train,Oc1ccc2C(=O)N(C(=O)c2c1)c3ccccc3,2.3,2.7605245379791477,0.46052453797914783
2459,train,NS(=O)(=O)c1cccc(Nc2nccc(Nc3cccc4[nH]ncc34)n2)c1,2.6,2.802731927833969,0.20273192783396876
4184,train,NCC(O)(c1ccc(Cl)cc1)c2ccc(Cl)cc2,2.69,2.7638481838587365,0.0738481838587366
116,train,NC1(CCC1)c2ccc(cc2)c3nc4C=CN5C(=O)NN=C5c4cc3c6ccccc6,2.5,2.511051175200163,0.011051175200162966
68,train,O=C1CCOc2cc(COc3ccccc3)ccc12,3.0,3.2987453826731805,0.2987453826731805
2811,train,OC(=O)[C@H](Cc1ccc(NC(=O)Cc2ccc3CCCNc3n2)cc1)NC(=O)c4c(Cl)cccc4Cl,-0.63,-0.1998350439223251,0.4301649560776749
1362,train,CC1=C(N2[C@H](SC1)[C@H](NC(=O)[C@H](N)c3ccc(O)cc3)C2=O)C(=O)O,-0.86,-0.6396344033235408,0.22036559667645916
3278,train,CS(=O)(=O)Cc1cc(nc(n1)c2ccccc2)N3CCOCC3,1.94,2.26719800226847,0.32719800226846996
3064,train,OCCN(C(=O)CNC(=O)c1cc2cc(Cl)ccc2[nH]1)c3ccccc3,3.37,3.556595295815839,0.186595295815839
3451,train,Cc1ccc(Oc2ccc(OCC(=O)Nc3ccncc3)cc2)cc1,4.3,4.287101060071638,-0.012898939928361663
3183,train,CCN(CC)C(=O)c1ccc(cc1)C2=CC3(CCNCC3)Oc4cccc(O)c24,0.54,0.2565050625268235,-0.28349493747317656
399,train,CN(C)CC(O)COc1ccc(Nc2cc(ncn2)N(CC#C)c3cc(Cl)ccc3Cl)cc1,2.8,2.8450667082129457,0.045066708212945894
1523,train,Cc1cc(ccn1)c2ccc(cc2)c3nc4ccncc4c(O)c3C#N,1.6,1.9262934155790707,0.32629341557907066
62,train,CC(C)n1c(C)ncc1c2nc(Nc3ccc(cc3)C(=O)N(C)C)ncc2F,2.77,2.70905334534688,-0.0609466546531201
213,train,CN[C@@H](C)C(=O)N[C@@H](C1CCCCC1)C(=O)N[C@H]2CCN(C2)C(=O)c3ccccc3,0.82,1.0623487515677146,0.24234875156771463
2273,train,CCN(CC)C(=O)c1ccc(cc1)[C@@H](N2CCN(CCOC)CC2)c3cccc(NC(=O)C4CC4)c3,2.35,2.3075688725044134,-0.04243112749558664
336,train,C(CNCc1ccccc1)NCc2ccccc2,0.73,0.9062435720667481,0.17624357206674812
2352,train,N#Cc1cccc(c1)c2cccc(c2)c3nn[nH]n3,0.7,0.9185164293726411,0.21851642937264115
1854,train,Nc1nc2ccc(cc2[nH]1)C(=O)c3ccccc3,2.29,2.455029647253788,0.165029647253788
1198,train,CC(C(=O)O)c1ccc(c(F)c1)c2ccccc2,0.85,1.1790382548593925,0.32903825485939253
1429,train,Cc1ccc2c(c1)c(c(C)n2CC(=O)O)S(=O)(=O)c3ccc(Cl)cc3,0.06,0.13397973608005076,0.07397973608005076
9,train,Oc1ncnc2scc(c3ccsc3)c12,2.25,2.455510406443247,0.20551040644324692
646,train,CC[C@H](NC(=O)c1c(N)c(nc2ccccc12)c3cccc(F)c3)c4ccccc4,4.05,4.132461757007778,0.08246175700777858
4019,train,CC(C)CCOc1ccc(N)cc1,2.67,2.5101628024725615,-0.1598371975274384
1815,train,COc1cc2c(Nc3cccc(Cl)c3Cl)c(cnc2cc1NCCN(C)C)C(=O)N,3.41,3.6854357229017785,0.2754357229017783
3806,train,CN1CCN(CC1)c2ccc3N=CN(C(=O)c3c2)c4cc(NC(=O)c5cocc5)ccc4C,2.43,2.498899456344474,0.06889945634447381
3088,train,COc1cnc(nc1NC(C)C)c2ccccn2,2.01,2.1639450766262875,0.15394507662628776
1200,train,NC1(CCC1)c2ccc(cc2)c3ncc4nccn4c3c5ccccc5,1.3,1.4091740613239454,0.10917406132394536
1745,train,Cn1cc(nc1c2c3C(=O)N(CC#C)C(=O)N(CC4CC4)c3nn2Cc5ccnc6ccc(Cl)cc56)C#N,3.4,3.707117192582363,0.30711719258236325
985,train,Oc1ccc(NC(=O)c2ccc(O)cc2)cc1,1.5,1.2526428011762283,-0.24735719882377172
1055,train,COc1cc(ccc1Cn2ccc3ccc(NC(=O)OC4CCCC4)cc23)C(=O)NS(=O)(=O)c5ccccc5,2.2,2.3497924255966613,0.14979242559666117
580,train,CNc1nc2ccccc2n1Cc3sc4N(CC(C)C)C(=O)N(C)C(=O)c4c3C(=O)N5CC[C@@H](O)C5,1.61,1.4548526532314412,-0.1551473467685589
4007,train,O[C@@H](CNCCOc1cccc(CNCCc2ccccc2F)c1)c3ccc(O)c4NC(=O)Sc34,1.86,2.0832332198481915,0.22323321984819144
1416,train,O=C(N1CC(=O)Nc2ccccc12)c3occc3,1.21,1.4994989662929847,0.28949896629298477
188,train,CC(C)OC(=O)N1CCC(CC1)Oc2ncnc(Nc3ccc(nc3C)S(=O)(=O)C)c2C,2.8,3.0643816563728903,0.26438165637289046
2585,train,O=C(NC1CC1)Nc2c[nH]nc2c3nc4cc(CN5CCOCC5)ccc4[nH]3,2.3,2.4198496246595753,0.1198496246595755
1859,train,CCCNC(=O)c1nnc2c(cccc2c1N)c3cc(C)ccc3OC,3.99,4.083498260395699,0.09349826039569908
2742,train,Nc1ccccc1NC(=O)c2ccccn2,1.0,1.1386906943789326,0.13869069437893256
2451,train,CN(C)c1cccc(c1)C(=O)Nc2ccc(C)c(NC(=O)c3ccc(O)cc3)c2,2.65,2.7096694456747685,0.05966944567476862
3994,train,NC(=O)N1c2ccccc2C=Cc3ccccc13,1.65,1.7224654147538343,0.07246541475383439
83,train,CNCCCC12CCC(c3ccccc13)c4ccccc24,0.89,1.1003416292135961,0.21034162921359612
467,train,COc1cc(N2CC[C@H](C2)N(C)C)c3NC(=CC(=O)c3c1)C(=O)Nc4ccc(cc4)N5CCOCC5,2.7,2.884835247139357,0.18483524713935662
2081,train,C[C@H](Nc1ncc(Br)c(Nc2cc(C)[nH]n2)n1)c3ncc(F)cn3,2.39,2.543474250016711,0.153474250016711
1816,train,CN1C(C(=O)Nc2ncc(C)s2)C(=O)c3ccccc3S1(=O)=O,0.3,0.08101939339434816,-0.21898060660565183
3743,train,Nc1ccc2ncnc(Nc3ccc(F)c(Cl)c3)c2c1,2.64,2.9201606214181517,0.28016062141815157
1806,train,O=S(=O)(NCC(N1CCCCCC1)c2ccccc2)c3ccc(cc3)C#N,2.86,2.8156098991643903,-0.04439010083560957
909,train,COC(=O)NC1=CN=C(N(CC(=O)NC(C(C)C)C(=O)C(F)(F)F)C1=O)c2ccc(F)cc2,1.82,1.9413984262458241,0.12139842624582409
389,train,CC(C)Oc1cc(n[nH]1)n2cnc3cnc(N[C@@H](C)c4ncc(F)cn4)nc23,2.41,2.7205900119101987,0.3105900119101985
171,train,CC(=O)Nc1nc(C)c(s1)c2cnc(F)c(NS(=O)(=O)c3sc(C)nc3C)c2,0.55,0.541326133582881,-0.008673866417119092
309,train,Nc1nc(cs1)c2ccccc2,2.43,2.8080386737483147,0.37803867374831457
459,train,CS(=O)(=O)Nc1ccc(CCOCCCS(=O)(=O)CCNCCc2ccc(O)c3nc(O)sc23)cc1,1.34,1.434343826877893,0.09434382687789289
1742,train,CNC1=Nc2ncccc2C(=NC1c3cccs3)c4cccs4,2.63,3.0021488013731963,0.3721488013731964
6,train,COc1cc(OC)c(cc1NC(=O)CCC(=O)O)S(=O)(=O)NCc2ccccc2N3CCCCC3,-0.72,-0.5829248400596798,0.13707515994032016
2401,train,CCCc1c(O)c(ccc1OCCCOc2ccc3C(=O)C=C(Oc3c2CCC)C(=O)O)C(=O)C,3.0,3.2989538333237705,0.29895383332377046
1017,train,COc1nc(N)nc2c1ncn2[C@@H]3O[C@H](CO)[C@@H](O)[C@H]3O,-0.58,-0.47016951754548764,0.10983048245451232
2259,train,NC(=O)c1cccc(C[C@@H]2C[C@H]3CC[C@@H](C2)N3Cc4ccccc4)c1,1.11,1.4285301931644527,0.31853019316445264
2418,train,CN1CC(c2ccc(Cl)cc2)c3ccccc3C1,3.64,3.8392770734058197,0.19927707340581957
772,train,Cc1ccsc1CN2NC(=O)C3=C(C2=O)C(=O)c4ccc(Cl)cc4N3,1.15,1.3407905388439243,0.19079053884392438
1965,train,COCC[C@H](Oc1ncnc2c1cnn2c3ccccc3Cl)C(=O)Nc4ccc(C)cn4,3.6,3.948513743155787,0.34851374315578676
2725,train,CC[C@H](NC(=O)c1c(CS(=O)(=O)C)c(nc2ccccc12)c3ccccc3)c4ccccc4,3.25,3.185416387199996,-0.06458361280000391
3665,train,CN1CCOc2cc(COc3ccccc3)cnc12,3.3,3.4912166718613493,0.1912166718613495
3968,train,CN(C1CCN(CCC(c2ccccc2)c3ccccc3)CC1)C(=O)Cc4ccc(cc4)C#N,3.7,3.9160002120322988,0.21600021203229858
1461,train,CC(C)NCCCOc1ccc(NC(=O)C)cc1CC=C,-0.01,0.1247600592118232,0.1347600592118232
3371,train,CS(=O)(=O)N1CCC(CC1)NC(=O)NC23CC4CC(CC(C4)C2)C3,2.7,2.8089781472422017,0.10897814724220156
968,train,OC(=O)CO[C@H]1[C@@H](Cc2ccccc12)NC(=O)c3cc4sc(Cl)c(Cl)c4[nH]3,1.38,1.6671324280731263,0.28713242807312644
306,train,Clc1ccc(cc1)C2(CCCC2)C(=O)Nc3oc(nn3)C(=O)Nc4ccc(cc4)N5CCOCC5,3.72,3.814035463210164,0.09403546321016387
1818,train,CO[C@H]1\C=C\O[C@@]2(C)Oc3c(C)c(O)c4c(O)c(NC(=O)\C(=C/C=C/[C@H](C)[C@H](O)[C@@H](C)[C@@H](O)[C@@H](C)[C@H](OC(=O)C)[C@@H]1C)\C)cc(O)c4c3C2=O,1.19,1.1977744556214978,0.007774455621497811
2808,train,CCCNC(=O)c1nnc2c(cccc2c1N)c3cnc(OC)nc3OC,3.26,3.6881068401844437,0.4281068401844439
1183,train,NC(=O)c1cnc2[nH]c(nc2c1NCCCNC(=O)C3CCC3)c4ccc(OCCN5CCCCC5)cc4,2.48,2.759980354571279,0.2799803545712791
528,train,CC(C)n1c(C)ncc1c2ccnc(Nc3ccc(cc3)N4CCOCC4)n2,2.88,3.0841485458580933,0.2041485458580934
2252,train,NC(=O)c1cnc(N[C@H]2CCCNC2)c3cc(sc13)c4ccc(F)cc4F,1.97,1.893807747744696,-0.07619225225530402
2825,train,CC(C)n1c(C)ncc1c2nc(Nc3ccc(cc3)C(=O)N4CC[C@H](C4)N(C)C)ncc2F,2.36,2.4081479105717696,0.0481479105717697
676,train,COc1ccc(Cl)cc1NC(=O)CCS(=O)(=O)c2ccc(Br)cc2,3.4,3.5756328248589115,0.17563282485891163
1917,train,OC(=O)c1cccc(c1)c2cccc(c2)C#N,0.3,0.5751127748864984,0.2751127748864984
2892,train,CN(C)CCCN1c2ccccc2Sc3ccc(cc13)C(F)(F)F,3.59,3.65181763462076,0.061817634620759954
3637,train,CN1C(=O)N(Cc2ccc(cc2)C(=O)O)C(=O)c3cc(ccc13)C#CCc4ccccc4,2.5,2.7237626322577455,0.2237626322577455
691,train,C[C@H](CO)Nc1nc(SCc2cccc(F)c2F)nc3nc(NC4CC4)sc13,4.37,4.435076013694787,0.065076013694787
1002,train,CN1CCNc2nc(CCOc3ccc(C[C@H](NC(=O)c4c(Cl)cccc4Cl)C(=O)O)cc3)ccc12,0.07,0.38897906489239675,0.31897906489239675
3218,train,Cc1c(Cl)ccc(OC2CCN(CC2)C3CCN(CC3)C(=O)c4cccc(c4)S(=O)(=O)C)c1Cl,3.33,3.3167209987625537,-0.013279001237446408
4144,train,CCCCOc1nc(N)c2NC(=O)N(Cc3cccc(CC(=O)O)c3)c2n1,0.14,0.3262860138828878,0.1862860138828878
470,train,O=C(N1CCCC1)c2ccc(cc2)C(=C3CCN(Cc4cscn4)CC3)c5cccc6cccnc56,2.75,2.661226822715074,-0.08877317728492606
3580,train,c1ccc2c(c1)nnn2c3ccncc3,1.69,1.977968469189143,0.2879684691891431
463,train,Fc1cc(F)cc(c1)c2cc(on2)N(CCCN3CCCCCC3)Cc4ccc5OCOc5c4,3.84,3.736275419925791,-0.10372458007420882
1053,train,COc1cc2nc(nc(N)c2cc1OC)N3CCN(CC3)C(=O)C4CCCO4,0.9,1.0099766097816312,0.10997660978163115
683,train,Cc1ccc(cc1)n2c(C)cc(C(=O)NS(=O)(=O)c3ccc(C)cc3)c2C,2.5,2.614728197223573,0.11472819722357297
1146,train,CC(C)C[C@H](CO)Nc1nc(SCc2ccccc2)nc3nc(N)sc13,4.2,4.3258590036455695,0.12585900364556935
1629,train,CC(C)Nc1nc(nc(N2CCOCC2)c1N)C#N,2.04,1.9877692998216114,-0.0522307001783886
490,train,CC(CCc1cccc(OCc2ccc3ccccc3n2)c1)CC(=O)O,2.4,2.457005085787518,0.05700508578751817
1672,train,OC(=O)[C@H](Cc1ccc(F)cc1)N2CCC(CN3CCC(CC3)Oc4ccc(Cl)cc4)CC2,1.9,2.235023352526208,0.3350233525262083
3261,train,CCN(C)C(=O)c1ccc(cc1)C(=C2CCN(Cc3cscn3)CC2)c4cccc5cccnc45,2.65,2.801118242249685,0.15111824224968506
974,train,N#Cc1ccc(cc1)C(c2ccc(cc2)C#N)n3cncn3,1.7,1.8765316772939276,0.1765316772939276
3321,train,CC(C(=O)O)c1ccc2oc(nc2c1)c3ccc(Cl)cc3,1.3,1.5573341919813566,0.25733419198135654
1410,train,COC(=O)c1ccc2OCC(=O)N(CCN3CCC(CC3)NCc4ccc5OCC(=O)Nc5n4)c2c1,0.83,1.1017274212814754,0.2717274212814754
4138,train,[O-][N+](=O)c1cccc2C(=O)C(=O)c3ccccc3c12,2.6,2.651376987387356,0.051376987387355744
1222,train,COC[C@H](C)Oc1cc(Oc2ccccc2)cc(c1)C(=O)Nc3ccc(cn3)C(=O)O,0.95,1.3294249911832663,0.37942499118326634
2728,train,COc1ccc2c(c1)c(c(C)n2CC(=O)O)c3ccnc4cc(Cl)ccc34,1.16,1.508234378473642,0.34823437847364214
2771,train,CC(C)C(NC(=O)CN1C(=O)C(=CC=C1c2ccccc2)NC(=O)OCc3ccc(cc3)C(=O)O)C(=O)C(F)(F)F,0.84,1.1455814917698155,0.3055814917698155
468,train,Oc1ccc(cc1)S(=O)(=O)Nc2nccs2,0.36,0.578434396973363,0.21843439697336298
4188,train,COC(=O)COc1ccc(cn1)C(=O)Nc2ccc(F)cc2,2.43,2.747028189554023,0.3170281895540228
2186,train,Fc1ccc(cc1)C(=O)N2CCC(CC2)C(=O)c3ccc(Cl)cc3,3.49,3.381165642374836,-0.10883435762516402
4041,train,CC(C)COCC(CN(Cc1ccccc1)c2ccccc2)N3CCCC3,3.66,3.7692752395295743,0.10927523952957419
3654,train,CN(c1ccnc(Nc2cc(cc(c2)N3CCOCC3)N4CCOCC4)n1)c5cccc6[nH]ncc56,3.23,3.505229268126917,0.27522926812691706
3167,train,COc1ccc(cc1)c2nc3c(NCCCNC(=O)C4CC4)c(Br)cnc3[nH]2,1.71,2.2021421235621466,0.4921421235621466
1896,train,C[C@@H]1CN(CC2(CC2)C(=O)N)CCN1S(=O)(=O)c3ccc(cc3)C(C)(O)C(F)(F)F,1.03,1.1802591078202513,0.15025910782025131
1033,train,COc1ccccc1S(=O)(=O)NC(=O)N2CCC(CC2)N3CCC(CC3)Oc4ccc(Cl)c(Cl)c4,0.89,1.1403554807295018,0.25035548072950176
1718,train,CC(C)(C)OC(=O)N1C[C@@H]2CC[C@H]1CN2c3ncc(OCc4ccc(cc4)S(=O)(=O)C)cn3,3.4,3.786636779083783,0.386636779083783
2493,train,Oc1ccc(Br)c2ccccc12,4.3,4.23249624124092,-0.06750375875907988
4088,train,CCNC(=O)c1cc2c(c(cnc2[nH]1)c3cnc(OC)c(c3)C4=NNC(=O)O4)n5ccc(n5)C(F)(F)F,2.32,2.174276321648269,-0.14572367835173106
2734,train,CC(C)(C)NC(=O)[C@@H]1CN(Cc2cccnc2)CCN1C[C@@H](O)C[C@@H](Cc3ccccc3)C(=O)N[C@@H]4[C@H](O)Cc5ccccc45,2.9,3.037703297899693,0.13770329789969304
2001,train,CN([C@H]1CC[C@@]2(CCCO2)C[C@@H]1N3CCCC3)C(=O)Cc4ccccc4,0.99,0.9550908451538103,-0.03490915484618973
177,train,C[C@@H](NC(=O)C1CCCCN1C)c2ccc(Nc3ncc4cc(ccc4n3)c5ccncc5)cc2,3.34,3.621261544731419,0.2812615447314193
365,train,COc1ccc(cc1C(=O)N)c2ccc3c(nc(nc3n2)N4CCOC[C@@H]4C)N5CCOC[C@@H]5C,2.82,2.886875663875195,0.06687566387519528
346,train,CC(C)Oc1cc(OCCc2cccnc2)cc(c1)C(=O)Nc3ccc(cn3)C(=O)O,0.81,0.995003507033507,0.185003507033507
2218,train,NC(=O)c1cccc(C[C@H]2C[C@H]3CC[C@@H](C2)N3Cc4ccccc4)c1,1.19,1.4285301931644527,0.2385301931644528
2287,train,Clc1ccc(cc1Cl)[C@@H]2CNCC=CC2,1.95,2.224601615058132,0.27460161505813185
212,train,CCCCCC[C@H]1OC(=O)CNC(=O)[C@H](NC(=O)[C@H](CO)NC(=O)[C@@H](NC(=O)[C@H](CC(C)C)N(C)C(=O)[C@@H]1C)[C@H](C)CC)[C@H](C)O,3.2,3.5542656212770667,0.3542656212770665
2208,train,CC(C)n1c(C)ncc1c2nc(Nc3ccc(cc3)N4CCN(CC4)C(=O)CO)ncc2F,2.19,2.2392752687613897,0.04927526876138977
1924,train,CC1=C(CCC(=O)O)C(=O)Oc2cc(O)ccc12,-0.7,-0.36846525975827893,0.331534740241721
1836,train,Nc1nccc(n1)c2cc3C(=O)NC[C@@H](CCF)c3[nH]2,0.51,0.5895860731100626,0.0795860731100626
3118,train,FC(F)(F)c1nnc2ccc(NCn3nnc4ccccc34)nn12,2.34,2.5119562803568947,0.1719562803568948
7,train,CNc1cccc(CCOc2ccc(C[C@H](NC(=O)c3c(Cl)cccc3Cl)C(=O)O)cc2C)n1,0.34,0.5458422270468786,0.20584222704687855
3592,train,CCCCCCCCCC(=O)N[C@@H](Cc1c[nH]c2ccccc12)C(=O)N[C@@H](CC(=O)N)C(=O)N[C@@H](CC(=O)O)C(=O)N[C@H]3[C@@H](C)OC(=O)[C@H](CC(=O)c4ccccc4N)NC(=O)[C@@H](NC(=O)[C@@H](CO)NC(=O)CNC(=O)[C@H](CC(=O)O)NC(=O)[C@@H](C)NC(=O)[C@H](CC(=O)O)NC(=O)[C@H](CCCN)NC(=O)CNC3=O)[C@H](C)CC(=O)O,-0.94,-0.5439622043073604,0.3960377956926395
80,train,CC1(CC1)c2nc(ncc2C(=O)N[C@@H]3C4CC5CC3C[C@@](O)(C5)C4)N6CCOCC6,2.0,2.0587867794973578,0.05878677949735778
2864,train,CC(C)(C)C(O)\C(=C/c1ccc(Cl)cc1Cl)\n2cncn2,3.8,4.343070493424943,0.5430704934249428
1843,train,Nc1nccc(n1)n2ccc3ccccc23,2.71,3.2082629109849017,0.4982629109849017
2233,train,CNC1(C)C2CCC(C2)C1(C)C,-0.84,-1.0290719698968953,-0.18907196989689534
481,train,CN(C)c1cccc2c(cccc12)S(=O)(=O)Nc3cnccn3,0.9,0.9351521501219868,0.0351521501219868
2086,train,C1Cc2ccccc2CN1c3ccncc3,1.4,1.451550329453768,0.05155032945376803
272,train,Oc1ccc2nc(sc2c1)c3ccccc3,3.99,4.116626735394091,0.12662673539409042
2240,train,Brc1ccc(cc1)C(=O)Cn2cnc3ccccc23,3.22,3.2630361382815964,0.04303613828159625
2810,train,Fc1ccc(cc1)S(=O)(=O)Cc2cc(nc(n2)c3ccccn3)N4CCOCC4,1.59,1.6641458882387359,0.0741458882387358
1208,train,Clc1cccc2c3CN(CCc3[nH]c12)C(=O)[C@@H]4CCCC[C@H]4C(=O)NC5(CC5)C#N,3.59,3.7641807750163316,0.17418077501633178
1265,train,CC#CCN1C(=O)N(CC2CC2)c3nn(Cc4ccnc5ccc(Cl)cc45)c(c3C1=O)c6cncn6C,3.61,3.8515811549423145,0.24158115494231458
314,train,COc1ccc(Cl)c(Nc2ncnc3cc(OCC4CCN(C)CC4)c(OC)cc23)c1,2.0,2.094109615000459,0.094109615000459
1983,train,Fc1ccc(Nc2oc(nn2)C(=O)Nc3ccc(nc3)N4CCOCC4)cc1F,2.9,3.0247119941767178,0.12471199417671786
1556,train,CN(c1ccc2c(C)n(C)nc2c1)c3ccnc(Nc4ccc(C)c(c4)S(=O)(=O)N)n3,3.3,3.514503298285452,0.214503298285452
1061,train,Nc1ccnc(n1)c2cccnc2,0.44,0.79012167035589,0.35012167035589
3126,train,Oc1nc2ccccc2c(O)c1c3ccccc3,0.73,0.9188007722503877,0.18880077225038772
2199,train,CC(=O)Nc1nc(cs1)c2cccs2,2.77,3.073703317938754,0.30370331793875405
72,train,Cn1cncc1c2c3C(=O)N(CC#C)C(=O)N(CC4CC4)c3nn2Cc5ccnc6ccc(Cl)cc56,3.16,3.436040709812544,0.2760407098125439
1687,train,COc1cc(CO)cc(c1)N(C)c2ccnc(Nc3cc(cc(c3)N4CCOCC4)N5CCOCC5)n2,3.0,2.952956182513416,-0.04704381748658415
2351,train,Oc1cc(cc(c1)C(F)(F)F)C(=O)Nc2cccc(c2)c3nnn[nH]3,0.8,0.715041417751572,-0.084958582248428
789,train,Cn1c(CN2CCN(CC2)c3ccccc3)nc4ccccc14,3.11,3.303293206315961,0.19329320631596092
3331,train,CC1=C(C(=O)c2ccc(O)cc2O1)c3ccccc3,2.95,3.5287474742613147,0.5787474742613146
3379,train,Cc1nc(C)c(nc1C(=O)N)c2ccc(cc2)[C@@H]3CC[C@@H](Cc4nnn[nH]4)CC3,1.4,1.5177904386039525,0.11779043860395255
327,train,CC(C)N1CCN(Cc2oc(nc2)c3cc(cc4[nH]ncc34)c5cccc6[nH]ccc56)CC1,3.49,3.6849540602334248,0.19495406023342454
3517,train,NCC[C@@H](Oc1ccc(Cl)cc1C#N)c2ccccc2,0.91,1.2898269567938672,0.37982695679386713
1867,train,CC(C)C(NC(=O)CN1C(=O)C(=CC=C1c2ccccc2)NC(=O)OCc3ccncc3)C(=O)C(F)(F)F,2.41,2.640488982531292,0.2304889825312917
1301,train,COc1cc(ccc1Cc2cn(C)c3ccc(cc23)C(=O)NCCc4ccccc4)C(=O)NS(=O)(=O)c5ccccc5C,2.51,2.826956799020661,0.31695679902066143
3100,train,CNC1CCN(C1)c2ccc(NC(=O)c3ccc(cc3)c4ccccc4)cn2,2.35,2.567947433342829,0.21794743334282884
1933,train,O=C1NC(=NC(=C1C#N)c2ccccc2)SCc3ccccc3,1.56,1.639394324995577,0.07939432499557686
2620,train,CCOC(=O)[C@H](CCc1ccccc1)N[C@@H](C)C(=O)N2[C@H]3CCC[C@H]3C[C@H]2C(=O)O,-0.41,-0.2570141270981945,0.1529858729018055
2120,train,Cc1ccc(COC(=O)N2CC[C@H](CNc3ncccn3)[C@H](F)C2)cc1,3.21,3.4447187330138087,0.23471873301380874
2380,train,CN(c1ccnc(Nc2cc(OC3CCOCC3)cc(c2)N4CCOCC4)n1)c5cc(CO)ccc5C,3.7,3.714329122511586,0.014329122511585801
2749,train,FC(F)(F)c1nnc2ccc(nn12)N3CCCC3,2.41,2.543357773517604,0.13335777351760392
1384,train,CN1CCN(CC1)c2ccc(Nc3ncc(F)c(N[C@@H]4[C@@H]5C[C@@H](C=C5)[C@@H]4C(=O)N)n3)cc2C,2.9,3.1547479045361517,0.2547479045361518
677,train,COCCNCc1ccc(Nc2ncc3cc(ccc3n2)c4ccncc4)cc1,1.86,2.0087832431556203,0.1487832431556202
3093,train,COCCN1CCC(Cc2ccc(cc2)C(=O)NCc3cnc(nc3NCC(C)(C)C)C#N)CC1,3.5,3.5216522015269787,0.021652201526978665
4181,train,CN1CCCC1CCOC(C)(c2ccccc2)c3ccc(Cl)cc3,3.04,3.0027791405284656,-0.03722085947153442
1993,train,COc1ccc(CN(CCN(C)C)c2ccccn2)cc1,1.39,1.372365825204822,-0.017634174795177815
3414,train,CNC(=O)c1cccc2c1c(Sc3ccc(Cl)cc3)c(C)n2CC(=O)O,-0.89,-0.7563181966286043,0.13368180337139568
424,train,O=C(N1CCCCC1)c2scc3CCCCc23,3.16,3.1443654141912623,-0.01563458580873789
2948,train,NC1(CCC1)c2ccc(cc2)c3c(ccn4ccnc34)c5ccccc5,2.0,2.375783561883378,0.3757835618833778
867,train,O[C@]1(CN2CCC1CC2)C#Cc3ccc(Oc4ccc(cc4)C(=O)NCc5ccnc6ccccc56)cc3,3.88,3.8645775181471,-0.01542248185289985
275,train,OC[C@H]1C[C@H]([C@H](O)[C@@H]1O)n2nnc3c(N[C@@H]4C[C@H]4c5ccc(F)c(F)c5)nc(SCCC(F)(F)F)nc23,3.99,3.846143802118947,-0.1438561978810533
394,train,COCCNCc1cccc(CCNC[C@H](O)c2ccc(O)c3NC(=O)Sc23)c1,0.01,0.2708476815630554,0.2608476815630554
2827,train,Oc1ccc(cc1)C2=CC(=O)c3cc(O)ccc3O2,3.3,3.3149996907723307,0.014999690772330876
2359,train,CNC(=O)c1snnc1c2ccccc2,1.23,1.6067416219831459,0.37674162198314587
3124,train,COc1ccc(N(C(C(=O)NC[C@@H](C)O)c2ccccc2F)C(=O)c3occc3Cl)c(OC)c1,2.18,2.304573659272634,0.12457365927263364
689,train,C[C@]12CC[C@H]3[C@@H](CCc4cc(O)ccc34)[C@@H]1CCC2=O,3.4,3.2453937974869076,-0.15460620251309232
2063,train,CS(=O)(=O)c1ccc(nc1)c2nnc(\C=C\c3oc(nn3)c4ccc(cc4)C#N)n2c5ccccc5Cl,2.66,2.904104066779478,0.24410406677947805
3847,train,OC(=O)C[C@@H]1CC[C@H](CC1)c2ccc(NC(=O)c3oc(Nc4ccccc4F)nn3)cc2,2.48,2.7477416126284506,0.26774161262845064
2239,train,O=S(=O)(Nc1cccnc1)c2cccs2,0.54,0.6376126982474717,0.09761269824747165
1085,train,C[C@H](NC(=O)c1cccc2CCN(Cc3ccc(Cl)cc3)c12)c4ccc(cc4)C(=O)O,1.47,1.6391937526809488,0.16919375268094883
608,train,COc1ccc(cc1)C(=O)C2CCN(CC2)C(=O)c3occc3,2.42,2.503602100130654,0.08360210013065394
3632,train,CCN(C1CCN(CCC(c2ccccc2)c3ccccc3)CC1)C(=O)Cc4ccc(cc4)S(=O)(=O)N(C)C,3.7,3.6846058233282433,-0.01539417667175691
1151,train,CCCN(CCNCCc1ccc(O)c2NC(=O)Sc12)C(=O)CCOCCc3ccccc3,2.23,2.466670015124642,0.23667001512464214
982,train,COc1ccc2cc(CCC(=O)C)ccc2c1,3.06,3.1121621015810654,0.05216210158106538
2031,train,CCCN(CCC)CCc1cccc2NC(=O)Cc12,0.76,1.01397735888408,0.2539773588840799
3376,train,CN(C)CCCN1c2ccccc2Sc3ccc(Cl)cc13,3.37,3.505316291214057,0.13531629121405686
1460,train,COc1cc2ncc(C(=O)N)c(Nc3ccccc3F)c2cc1OC,2.81,2.8428023732678396,0.032802373267839524
759,train,COc1ccc2c(C)cc(N[C@H]3CCC[C@@H](C3)NCc4ccsc4)nc2c1,2.46,2.5847673553692303,0.12476735536923034
2355,train,Fc1ccccc1C(=O)Nc2c(cnn2c3ccccc3)C#N,1.7,2.0910749468453464,0.3910749468453465
972,train,Fc1cnc(NC(=O)[C@H](CC2CCOCC2)c3ccc(cc3)S(=O)(=O)C4CC4)s1,3.19,3.4704200332710986,0.28042003327109866
1114,train,CC(C)NC(=O)c1ccc(C)c(c1)N2C=Nc3ccc(cc3C2=O)N4CCN(C)CC4,1.56,1.7461265873885323,0.18612658738853227
3468,train,COc1cc(Nc2cc(Oc3cccnc3C)ccn2)cc(OC)c1OC,3.19,3.311841056278074,0.12184105627807407
1421,train,O[C@@H]1CN(CCN2C(=O)C=Cc3ccc(cc23)C#N)CC[C@@H]1NCc4ccc5OCC(=O)Nc5n4,0.11,0.22359891561484546,0.11359891561484546
1654,train,CCCCSc1nc(N)c2ncn(Cc3c(F)ccc(C)c3F)c2n1,3.0,3.3674229333246997,0.36742293332469966
183,train,CCOc1ccccc1c2ccc(cc2)c3nc4ccc(F)cc4c(N[C@H](C)C(=O)O)c3C#N,2.5,2.6364944493636386,0.13649444936363864
3265,train,CCC(CC)NC(=O)c1cnn(c1NS(=O)(=O)C2CCCC2)c3ccccc3,0.69,0.8518803073533223,0.16188030735332237
1791,train,COc1cc(F)ccc1c2cncc(CNC(=O)C3CC3)c2,2.9,3.0342333607174705,0.1342333607174706
2075,train,O=C(CN1CCN(CC1)c2ccccc2)Nc3c(cnn3c4ccccc4)C#N,2.3,2.7960967065528246,0.4960967065528248
237,train,COc1ccc2nc(N[C@H]3CCC[C@@H](C3)NCc4ccsc4)ccc2c1,2.43,2.3540388848193183,-0.07596111518068183
1238,train,OC[C@H](Nc1ncc(Cl)c(Nc2cc([nH]n2)C3CC3)n1)c4ccc(F)cc4,3.75,3.7957629278168294,0.045762927816829446
734,train,Oc1ccc(CCNCCS(=O)(=O)CCCOCCSc2ccccc2)c3sc(O)nc13,2.68,2.4736065466171757,-0.20639345338282444
2360,train,CC(C)(C)NC(=O)Nc1cccc(CN2NC(=O)C3=C(C2=O)C(=O)c4ccc(Cl)cc4N3)c1,1.77,1.7396797595265154,-0.030320240473484583
2616,train,O[C@H](CNC(=O)C1=CNC(=O)c2ccc(F)cc12)CN3CCC(CC3)Oc4ccc(Cl)c(Cl)c4,3.93,3.9624468332786194,0.03244683327861919
2759,train,COc1ccc(C(CN2CCCC2)N(C)C(=O)Cc3ccc(Cl)c(Cl)c3)c(OC)c1,3.07,3.1273970686520354,0.05739706865203553
1989,train,C[C@H]1CN(Cc2cc(Cl)ccc2CC(=O)O)CCN1S(=O)(=O)Cc3ccccc3,1.12,1.0184748045436904,-0.10152519545630967
913,train,COc1ccc(cc1)C(=O)N2CCC(CC2)C(=O)c3ccc(F)cc3,2.92,2.7857277322522,-0.1342722677478001
39,train,CNC(=O)C1(CCN(CC[C@H](CN(C)C(=O)c2c(OC)c(cc3ccccc23)C#N)c4ccc(Cl)c(Cl)c4)CC1)N5CCCCC5=O,2.78,2.5271013693474176,-0.2528986306525822
4042,train,CC1=CC2=NNC(=O)N2c3cc(ccc13)c4cccc(CO)c4,3.36,3.5802316047113543,0.2202316047113544
3759,train,Cc1cc(CN2CCc3ccccc3C2C(=O)Nc4ccc(Cl)cc4Cl)ccc1OCC(=O)O,2.63,2.8148065257312043,0.18480652573120437
476,train,CCCS(=O)(=O)N1CCCC(C1)C(=O)N2CCC(Cc3ccccc3)CC2,3.44,3.4615014678489033,0.02150146784890339
4190,train,Cc1cccc(Nc2oc(nn2)C(=O)Nc3ccc(nc3)N4CCOCC4)c1,3.42,3.37463797122132,-0.045362028778679786
4125,train,Cc1ccc(cc1NC(=O)c2ccc(OCc3ccccn3)cc2)c4cn(C)cn4,2.54,3.0555660152663817,0.5155660152663817
2819,train,Fc1cc(c(F)cc1Oc2ccc(Cl)cc2c3ccnn3C4CNC4)S(=O)(=O)Nc5ncns5,1.0,1.1389081075401584,0.13890810754015837
1870,train,O=C1Oc2ccccc2C=C1c3ccccc3,3.22,3.252681981034845,0.032681981034844654
3189,train,C[C@@H](Oc1cccc2ncnc(Nc3ccc4c(cnn4Cc5ccccn5)c3)c12)C(=O)N(C)C,2.89,3.1216296930580048,0.23162969305800463
2003,train,COc1ccc(cc1)C(=O)Nc2cc(NC(=O)c3cccc(c3)N(C)C)ccc2C,3.17,3.452830961592043,0.282830961592043
2537,train,CCN(CC)S(=O)(=O)c1ccc(NC(=O)C(C)(O)C(F)(F)F)cc1,2.63,2.691186363559808,0.06118636355980822
1161,train,OC1=CC(=O)C2=C(O1)c3ccccc3N(Cc4ccccc4)C2=O,1.97,2.6142152380463064,0.6442152380463064
198,train,OC(=O)COc1ccc(Cl)cc1CN2CCCN(CC2)S(=O)(=O)Cc3ccccc3,1.01,1.3038227122128376,0.2938227122128376
2518,train,N#Cc1nc(nc(n1)N2CCOCC2)N3CCOCC3,1.51,1.7918514012762823,0.2818514012762823
156,train,COc1cccc(NC(=O)Cn2cc(Oc3ncnc4cc(OC)c(OC)cc34)cn2)c1,3.11,3.4733948640190135,0.36339486401901366
3854,train,Nc1nc(nc2c1nc(O)n2Cc3ccccc3)c4ccccc4,4.16,4.32601252277936,0.16601252277935963
3004,train,CC(C)c1c(cnn1c2ccc(cc2)C(=O)O)C(=O)NC3C4CC5CC(CC3C5)C4,1.15,1.2688526581137585,0.11885265811375856
1740,train,O=C(C1CCN(CC1)c2nnc(s2)n3cccc3)N4CCc5ccccc5C4,3.7,4.295920315093725,0.5959203150937249
3249,train,NC(=O)Nc1cc(sc1C(=O)N)c2ccccc2,2.43,2.6241208360914063,0.19412083609140618
105,train,O[C@@H](CNC1CCN(Cc2ccc(Cl)c(Cl)c2)CC1)COc3cccc(c3)C#N,3.09,3.2178553993842476,0.12785539938424773
432,train,O=C1C=C(Oc2c1cccc2c3cccc(c3)c4ccsc4)N5CCOCC5,4.2,4.303885385029588,0.10388538502958777
3090,train,CCN(CC)CCNC(=O)c1cc(ccc1OC)S(=O)(=O)C,-0.9,-0.6542733634372411,0.24572663656275895
3570,train,CNS(=O)(=O)NC1=CC=C(N(CC(=O)NC(C(C)C)C(=O)C(F)(F)F)C1=O)c2ccccc2,1.79,1.978765879661624,0.18876587966162406
2309,train,CC[C@H](NC(=O)c1c([S+](C)[O-])c(nc2cc(Cl)ccc12)c3ccccc3)c4ccccc4,3.07,3.155787628048197,0.08578762804819728
3539,train,O=C(Nc1ccc(nc1)N2CCOCC2)c3oc(Nc4cccc(OCc5ccccn5)c4)nn3,3.1,3.3601174752602954,0.26011747526029527
2996,train,CCN1C=C(C(=O)O)C(=O)c2cc(F)c(cc12)N3CCNCC3,-0.87,-0.7352074364962369,0.13479256350376312
1787,train,CC1=CN([C@H]2CCCN(Cc3cccc(Oc4cccc(Br)c4)c3)C2)C(=O)NC1=O,3.68,4.06417364189904,0.3841736418990398
1880,train,CC(=O)Nc1ccc(cc1)S(=O)(=O)Nc2ccccn2,0.24,0.22807930359292383,-0.011920696407076159
1062,train,Cc1nc(C)c(nc1C(=O)N)c2ccc(cc2)[C@@H]3CC[C@@H](CC(=O)N)CC3,2.7,2.751262361463712,0.05126236146371177
271,train,Cc1cc(C(=O)CN2C=C(C=CC2=O)C(F)(F)F)c(C)n1Cc3ccccc3,3.46,3.629742248142077,0.16974224814207695
2454,train,COc1cc2CC(CC3CCN(Cc4ccccc4)CC3)C(=O)c2cc1OC,2.41,2.574584533860074,0.164584533860074
200,train,CN1CCCN(CC1)C(c2ccccc2)c3ccc(Cl)cc3,2.36,2.6482430359365026,0.2882430359365027
2134,train,Oc1ccccc1OCC(=O)NC2CCCC2,2.31,2.6666407573654896,0.3566407573654895
2959,train,CN[C@@H](C)C(=O)N[C@H](C(=O)N[C@H]1CCCN(CCc2ccc(C)cc2)C1)C(C)(C)C,2.05,1.9654806923237738,-0.08451930767622606
1527,train,OC(=O)c1cc(nc2ccccc12)c3ccccc3,-0.7,-0.30928088710599777,0.3907191128940022
3765,train,COc1ccc2nccc(C(O)C3CC4(CCN3CC4)C=C)c2c1,2.08,2.0980052804726625,0.018005280472662477
3652,train,C[C@H]1C[C@H]2[C@@H]3CC[C@](O)(C(=O)CO)[C@@]3(C)C[C@H](O)[C@@H]2[C@@]4(C)C=CC(=O)C=C14,2.12,2.2272357258452695,0.10723572584526941
887,train,CN(c1ccccc1)c2ccnc(Nc3cc(cc(c3)N4CCOCC4)N5CCOCC5)n2,3.47,3.5680407110107906,0.09804071101079037
1316,train,Nc1[nH]ncc1S(=O)(=O)c2ccccc2,1.1,1.4605450762163659,0.3605450762163658
2386,train,S(c1ccccc1)c2ccc3ccccc3n2,3.92,4.203372707487048,0.28337270748704846
3557,train,OC(=O)COc1ccc(Cl)cc1C2CCCCC2,0.93,1.0962280536667748,0.16622805366677473
3506,train,OC(=O)COCCN1CCN(CC1)C(c2ccccc2)c3ccc(Cl)cc3,1.27,1.4407703083952008,0.1707703083952008
1048,train,COc1ccc2N=CC(=O)N(CCN3CC[C@H](NCc4ccc5OCC(=O)Nc5n4)[C@H](O)C3)c2c1,0.39,0.5186755563006622,0.12867555630066219
3824,train,Cc1ccsc1C(=CCCN2CCC[C@H](C2)C(=O)O)c3sccc3C,1.49,1.398379873716309,-0.0916201262836911
1073,train,Fc1cc(cc(F)c1CN2CCOCC2)c3cccc4ncc(nc34)c5cnn(c5)C6CCNCC6,1.86,1.9532661997544798,0.0932661997544797
2654,train,CC(C)n1c2ccccc2c3c(C)c(NC(=O)N4CCOCC4)ccc13,3.5,3.757351920138471,0.2573519201384711
1442,train,Nc1nnc(CCSCCc2nnc(N)s2)s1,-0.1,0.14468473225120038,0.24468473225120038
440,train,O[C@@H](CNCCc1cccc(CN2CCCC2)c1)c3ccc(O)c4NC(=O)Sc34,-0.28,0.039407902079329205,0.31940790207932923
3801,train,Cc1ccc([nH]1)C(=O)NC2CCN(CC2)c3cc(cc(Cl)n3)C(=O)N,2.64,2.928689245349385,0.288689245349385
33,train,CS(=O)(=O)c1ccccc1C(=O)NC[C@@H](O)CN2CCC(CC2)Oc3ccc(Cl)c(Cl)c3,2.34,2.608731410268595,0.26873141026859493
3199,train,Cc1ccc2c(c1)c(Sc3ccc(cc3)S(=O)(=O)C)c(C)n2CC(=O)O,-0.08,0.19440382633251274,0.27440382633251276
4002,train,Cc1onc(c2ccccc2)c1c3ccc(cc3)S(=O)(=O)N,2.37,2.230648274048099,-0.13935172595190126
3651,train,Cc1ccc(cc1NC(=O)CC23CC4CC(CC(C4)C2)C3)C(=O)N5CC6CNCC(C5)O6,2.12,2.268463848478286,0.14846384847828586
3604,train,CCCSc1nc(N[C@@H]2C[C@H]2c3ccccc3)c4nnn([C@@H]5C[C@H](OCCO)[C@@H](O)[C@H]5O)c4n1,3.87,3.895054535563575,0.02505453556357473
3234,train,CCN1C(=O)C=Cc2cc(COc3cc(F)cc(c3)C4(CCOCC4)OC)ccc12,3.89,3.9278526986780555,0.03785269867805541
1716,train,Nc1c(nnc2c(cccc12)c3ncccn3)C(=O)NC4CC4,1.5,1.5591517746826011,0.05915177468260113
2821,train,CC(C)(C)OC(=O)N1CCN(CC1)c2ccc(OCc3ccc(cc3)S(=O)(=O)C)nn2,2.8,3.2102595993422356,0.41025959934223577
2750,train,COc1cc2c(Nc3cc(CC(=O)Nc4cccc(F)c4F)[nH]n3)ncnc2cc1OCCCN5CCC[C@@H]5CO,1.96,2.098681209172959,0.138681209172959
2588,train,Cc1onc(NS(=O)(=O)c2ccc(N)cc2)c1,-0.56,-0.3543981656457813,0.20560183435421875
257,train,Clc1ccc2OC(=O)Nc2c1,2.16,1.9388057670703764,-0.2211942329296237
2995,train,CC1=C(C(=O)Oc2cc(O)ccc12)c3ccc(O)cc3,2.8,3.1068034598390066,0.3068034598390068
3603,train,OC(=O)CCc1ccc(NCc2cccc(Oc3ccccc3)c2)cc1,2.1,2.1164378084260687,0.016437808426068568
1472,train,COc1ccc2nc(C)cc(c2c1)n3cc(CN4CCN(CC4)C(=O)C)nn3,1.3,1.5308465036941012,0.2308465036941012
605,train,CCN(CC)CCOc1ccc(cc1OC)N(C)C(=O)c2ccc(cc2)c3ccc(cc3)C(F)(F)F,3.13,3.2081732858785452,0.07817328587854533
40,train,OB1N(C(=O)Nc2ccccc12)c3ccccc3,1.4,1.5985026533855602,0.19850265338556028
899,train,CCN(CC)CCOC(=O)c1ccc(N)cc1,0.0,0.11372084812793837,0.11372084812793837
1463,train,CN(C)C(=O)c1ncc(Oc2cc(cc3oc(C)cc23)C(=O)Nc4cnc(C)cn4)cn1,2.1,2.635579767330623,0.5355797673306228
2047,train,CS(=O)(=O)Nc1cccc(NC(=O)CN2CCN([C@H](Cc3ccccc3)C2)C(=O)C[C@H](N)Cc4ccc(F)c(F)c4)c1,2.06,2.3807304340843785,0.3207304340843784
1844,train,CCN(C1CCN(CCC(N2CCC(CC2)C(=O)C)c3ccccc3)CC1)C(=O)Cc4ccc(cc4)S(=O)(=O)C,0.9,1.4026487030763994,0.5026487030763994
1973,train,Cc1ccc2c(c1)c(c(C)n2CC(=O)O)c3ccnc4c(cccc34)S(=O)(=O)C,-0.34,-0.17386804859167526,0.16613195140832476
2729,train,Nc1nc(OC2CCCC2)nc3c1ncn3[C@@H]4O[C@H](CO)[C@H](Cl)[C@H]4O,2.16,2.18567891194361,0.02567891194361005
1673,train,COc1ccc2nc(C)cc(OCC(=O)Nc3ccccc3OC)c2c1,3.9,4.196192869128167,0.2961928691281668
3488,train,O=C(OCCN1CCCCC1)c2c[nH]c3ccccc23,2.0,2.124272921957714,0.12427292195771411
337,train,CNCC[C@@H](Oc1ccc(cc1)C(F)(F)F)c2ccccc2,1.96,1.99619369842755,0.036193698427549936
1555,train,Cc1ccc2c(c(C)n(CC(=O)O)c2c1)c3ccnc4cc(Cl)ccc34,2.41,2.631876515758628,0.22187651575862777
2162,train,Oc1ccc(CCNCCCS(=O)(=O)NCCSCCc2ccccc2)c3sc(O)nc13,1.77,1.7192214918519158,-0.05077850814808427
3493,train,CS(=O)(=O)Cc1cc(nc(n1)c2ccc3[nH]ccc3c2)N4CCOCC4,2.06,2.204695987353855,0.14469598735385514
1559,train,Oc1ccc(Cl)cc1C(=O)Nc2ccccc2,2.9,2.941563530485916,0.0415635304859161
3185,train,CC(=O)Nc1ccccc1C,1.0,1.339651721766706,0.3396517217667061
2297,train,Cc1cc(CN2Cc3ccccc3C2C(=O)Nc4ccc(Cl)cc4Cl)ccc1OCC(=O)O,2.62,2.7874057455337877,0.16740574553378762
2310,train,Fc1ccc(cc1)C(NC(=O)CC2CCN(Cc3ccn(c3)c4ccc(cc4)C(F)(F)F)CC2)C5=CNC(=O)C=C5,3.04,3.1264893253369315,0.08648932533693143
1714,train,CCCSc1c(cnn1[C@@H]2CC[C@@H](CC2)C(=O)O)C(=O)NC3CCCCC3,1.39,1.5024962033174885,0.11249620331748855
1765,train,CCc1c(cnn1c2ccc(cc2)C(=O)O)C(=O)NC3C4CC5CC(CC3C5)C4,0.9,0.5371581324674415,-0.36284186753255854
3055,train,CC(C)(C)OC(=O)N1CCN(CC1)c2ccc(OCc3ccc(cc3)S(=O)(=O)C)nc2,3.1,3.28038047559765,0.1803804755976497
125,train,NC1(CCN(CC1)c2ncnc3[nH]ccc23)C(=O)NCc4ccc(Cl)cc4,2.88,2.944797478980837,0.06479747898083721
1656,train,OC(=O)c1cc2ccccc2n1Cc3ccccc3,0.78,1.0686528659035213,0.28865286590352124
2466,train,CN(C1CCN(Cc2ccc(nc2)C(F)(F)F)CC1)C(=O)Cc3ccc(cc3)n4cnnn4,1.8,1.9885818526003678,0.18858185260036775
1664,train,NS(=O)(=O)NC(=O)CCCc1c([nH]c2ccc(cc12)C#N)c3ccc(F)cc3,1.95,2.0147280981437303,0.06472809814373037
3702,train,COc1ccc(cc1)c2nc3CCCn3c2Br,3.3,3.2161306220350685,-0.08386937796493132
17,train,CCC(COC(=O)c1cc(OC)c(OC)c(OC)c1)(N(C)C)c2ccccc2,3.77,3.9292378402411305,0.15923784024113052
2480,train,Clc1ccc(cc1)C(=O)N[C@H]2CN3CCC2CC3,0.6,0.7030287623673588,0.1030287623673588
3999,train,Oc1ncnc2scc(c3ccccc3)c12,2.07,2.314465163046976,0.2444651630469763
1641,train,COCCOc1cc2ncnc(Nc3cccc(c3)C#C)c2cc1OCCOC,3.35,3.5305586241928286,0.18055862419282853
438,train,Oc1cc(O)c2C(=O)C(=COc2c1)c3ccc(O)c(O)c3,2.45,2.650528801400992,0.2005288014009916
117,train,CC(C(Cc1nc2ccccc2[nH]1)c3nc4ccccc4[nH]3)c5ccccc5,4.48,4.533838688757406,0.053838688757405606
1469,train,O=C(Nc1ccccn1)c2ccc3[nH]c(nc3c2)c4ccc(NC(=O)C56CC7CC(CC(C7)C5)C6)cc4,4.24,4.454397307389113,0.21439730738911322
3098,train,CCN(C1CCN(CC[C@H](c2ccc(cc2)S(=O)(=O)C)c3cc(F)cc(Cl)c3)CC1)C(=O)Cc4ccc(cc4)S(=O)(=O)C,2.71,2.860425198918402,0.150425198918402
1521,train,FC(F)(F)c1nnc2ccc(nn12)n3ccnc3,0.91,1.1229463820462746,0.21294638204627458
1171,train,CN(c1ncccc1CNc2nc(Nc3ccc4NC(=O)Cc4c3)ncc2C(F)(F)F)S(=O)(=O)C,2.63,2.5528252927162316,-0.0771747072837683
1000,train,NC(=O)c1cccc(O[C@H]2C[C@H]3CC[C@@H](C2)N3Cc4ccccc4)c1,1.61,1.9028868432969053,0.2928868432969052
2026,train,CC(Cc1ccccc1)N(C)CC#C,2.16,2.0741509801894287,-0.08584901981057147
2885,train,NC(=O)Nc1cc(sc1C(=O)N[C@H]2CCCNC2)c3ccc(cc3)C#N,0.61,0.9102057245508144,0.3002057245508144
1290,train,Oc1ccc(cc1)c2oc3ccc(O)cc3n2,3.4,3.5233870255614663,0.12338702556146641
1008,train,O=C(Nc1ccc(Nc2ccc(NC(=O)c3ccccc3)c4C(=O)c5ccccc5C(=O)c24)c6C(=O)c7ccccc7C(=O)c16)c8ccccc8,2.63,2.924164044818129,0.2941640448181291
1692,train,OB1N(C(=Nc2ccccc12)S)c3cccnc3,-0.62,-0.07829342529612493,0.5417065747038751
3453,train,Brc1cc(Br)cc(COC[C@@H](N2CCNCC2)c3ccccc3)c1,2.8,2.9061600233523057,0.1061600233523059
2387,train,FC(F)(F)c1cc(C(=O)Nc2cccc(c2)c3nnn[nH]3)c4nc[nH]c4c1,1.1,1.3118338234331748,0.2118338234331747
1076,train,OC(=O)c1ccccc1C(=O)N2CCC(CC2)N3CCC(CC3)Oc4ccc(Cl)c(Cl)c4,1.73,1.795725301941912,0.06572530194191195
2834,train,Oc1ccccc1NC(=O)c2cc(ccc2Cl)[N+](=O)[O-],2.49,2.801586172038839,0.31158617203883887
2577,train,Cc1oncc1C(=O)Nc2ccc(cc2)C(F)(F)F,3.9,3.913331552212227,0.013331552212227038
3945,train,CC(C)(C)c1ccc(cc1)C2=NC(=O)C(CC(=O)O)S2,-0.1,-0.06243223893364558,0.03756776106635443
2745,train,COc1ccc2C(=CC(=O)N(CCN3CCC(CC3)NCc4cc5OCCOc5cn4)c2c1)C,1.72,1.8617832697469208,0.1417832697469208
3111,train,Nc1nc(Nc2ccc(cc2)S(=O)(=O)N)nn1C(=O)c3c(F)cccc3F,1.87,2.4034352201002807,0.5334352201002805
2013,train,CN1C(=O)N(CC2CC2)c3nn(Cc4ccnc5ccc(Cl)cc45)c(c6cc(cn6C)S(=O)(=O)C)c3C1=O,3.18,3.3800965015899793,0.20009650158997916
728,train,CC1=CC2=NNC(=O)N2c3cc(ccc13)c4ccccc4CO,3.18,3.6202162557893827,0.4402162557893825
589,train,COC1=CC(=N/C/1=C\c2[nH]c(C)cc2C)c3cc4ccccc4[nH]3,2.55,2.6424793465363625,0.0924793465363627
2173,train,NC(=O)c1sc(cc1N)c2ccc(Cl)cc2,3.3,3.356726465994316,0.0567264659943163
2014,train,CCCc1c(O)c(ccc1OCc2ccc(\C=C\c3nn[nH]n3)cc2)C(=O)C,3.3,3.4228557002145403,0.12285570021454051
1225,train,NC1(CCC1)c2ccc(cc2)C3=NN4C=CC(=O)N=C4C=C3c5ccccc5,0.2,0.6042827113164022,0.4042827113164022
889,train,COc1cc2ncnc(Nc3cc4ccccc4cn3)c2cc1OC,3.9,3.8949297831977914,-0.005070216802208538
2434,train,OC(=O)COc1ccc(C(=O)c2cccs2)c(Cl)c1Cl,-0.84,-0.7041254496118565,0.13587455038814344
207,train,OC(=O)C1CCN(CC1)c2ncccc2c3ccc(Cl)c(c3)C(=O)NCC4CCCCCC4,2.53,2.5765927144689487,0.04659271446894886
2405,train,CC1CC(NC(=O)C)c2ccccc2N1C(=O)c3ccccc3,2.0,1.894680472217841,-0.10531952778215903
1219,train,Nc1nc(Cl)nc(NCc2ccccc2)n1,2.26,2.438248647098171,0.178248647098171
1110,train,Cc1cc(O)ccc1N2C(=O)c3ccc(O)cc3C2=O,2.0,2.350231082669626,0.3502310826696262
1751,train,CCCCC[C@@H](N1CCC[C@@H](C1)N2C=C(C)C(=O)NC2=O)c3ccc(C(=O)O)c(Oc4cccc(Br)c4)c3,1.69,1.8902540219297777,0.2002540219297777
2483,train,COc1nc(Br)cnc1NS(=O)(=O)c2cccc3c(cccc23)N(C)C,1.9,2.057036343347569,0.15703634334756922
2272,train,CC(C)C(NC(=O)CN1C(=O)C(=CN=C1C(C)C)NC(=O)OCc2ccccc2)C(=O)C(F)(F)F,2.63,2.607254330693193,-0.02274566930680688
2066,train,CCN1CCN(CC(=O)Nc2ccc(c3cccc4C(=O)C=C(Oc34)N5CCOCC5)c6sc7ccccc7c26)CC1,3.05,2.87525186580727,-0.17474813419272994
1779,train,CC1=CN(Cc2ccccc2)C(=O)NC1=O,1.19,1.8721987912802014,0.6821987912802014
2396,train,Fc1cnc(NC(=O)C(CC2CCOCC2)c3ccc(cc3)S(=O)(=O)C4CC4)s1,3.3,3.656321874441659,0.35632187444165897
1271,train,Cc1c(c2cc(F)ccc2n1CC(=O)O)S(=O)(=O)c3ccc(Cl)cc3,-0.16,0.03645576672124973,0.19645576672124973
1762,train,CS(=O)(=O)c1ccc(cc1)[C@H](CC2CCCC2)C(=O)Nc3nccs3,3.88,3.8019022476022393,-0.07809775239776062
965,train,Cc1ccc(cc1)C(=O)N2CCC(CC2)C(=O)c3ccc(Cl)cc3,3.79,3.728474132643964,-0.061525867356035935
4052,train,Oc1ccnc2ccccc12,0.8,1.0094653130055307,0.20946531300553062
842,train,Clc1cccc(C(=O)N2CCN(CC2)c3ccccn3)c1Cl,2.98,3.082877242635753,0.10287724263575315
3316,train,CCNC(=O)c1cc2c(c(cnc2[nH]1)c3cc(cnc3OC)C4=NNC(=O)O4)n5ccc(n5)C(F)(F)F,2.91,2.592226115732491,-0.3177738842675093
189,train,Cc1ccccc1c2c(C(=O)O)n(CCCOc3cccc4ccccc34)c5ccccc25,3.89,3.783257912574149,-0.10674208742585112
3613,train,COc1cc(Nc2c(cnc3cc(OC)c(OC)cc23)C#N)cc(OC)c1,3.5,3.533130431075386,0.033130431075385935
1602,train,CCS(=O)(=O)c1cccc(c1)c2cc(ccc2OCC(=O)O)C(F)(F)F,-0.66,-0.6777961953835794,-0.01779619538357935
1520,train,CCOCc1nc2c(N)nc3ccccc3c2n1CC(C)(C)O,1.69,1.9799056002177369,0.2899056002177369
2157,train,CN(CCCOCCOCCc1ccccc1)CCc2ccc(O)c3nc(O)sc23,2.44,2.599611694305279,0.159611694305279
3937,train,CCCNC(=O)c1nnc2c(c(F)ccc2c1N)c3ncccn3,2.07,2.304559601141032,0.23455960114103203
638,train,Cc1cc(Cl)ccc1OC2CCN(C[C@H](O)CNC(=O)C3=CNC(=O)c4c(F)cccc34)CC2,3.0,3.1920553669533422,0.19205536695334224
2140,train,CN1CCN(CC1)c2ccc3N=CN(C(=O)c3c2)c4cc(NC(=O)c5oncc5)ccc4C,1.75,2.2162867361638114,0.46628673616381144
2347,train,COCCOc1nc(N)c2NC(=O)N(Cc3ccccc3)c2n1,2.26,2.8534753501469603,0.5934753501469605
746,train,CCCc1c(O)c(ccc1OCc2cccc(NC(=O)c3ccccc3C(=O)O)c2)C(=O)C,1.9,1.9532518525096316,0.053251852509631714
3680,train,Cc1cc(CN2Cc3cccnc3CC2C(=O)Nc4ccc(Cl)cc4Cl)ccc1OCC(=O)O,1.15,1.5759848513617096,0.4259848513617097
3558,train,Oc1ccc2[nH]c(CN3CCC(Cc4ccc(F)cc4)CC3)nc2c1,3.8,3.86898880805931,0.06898880805931018
2464,train,S=C(NC1CCCCC1)N2CCC(CC2)c3cnc[nH]3,2.3,2.1774105080036343,-0.12258949199636548
512,train,CCN(C1CCN(CCC(c2ccc(NC(=O)C)cc2)c3cccc(F)c3)CC1)C(=O)Cc4ccc(cc4)S(=O)(=O)C,2.41,2.5494272724540292,0.13942727245402908
3251,train,CCN(c1ccccc1)c2cc(NC)[n+](C)c(C)n2,-0.91,-0.4640125618520532,0.44598743814794684
3326,train,Nc1c(nc(nc1N2CCOCC2)C#N)N3CCCC3,2.25,2.182212769372746,-0.06778723062725378
2167,train,O=C(Nc1nccs1)c2ccccc2,2.43,2.55569170599678,0.12569170599677992
4096,train,Nc1nc(N)nc(n1)c2ccc(Cl)cc2,2.12,2.52799848775072,0.4079984877507199
1383,train,C[C@@H](C[C@@](C)(CS(=O)(=O)N1CCN(CCc2ccc(Cl)cc2Cl)CC1)N(O)C=O)c3ncc(F)cn3,3.27,3.3530009527023554,0.08300095270235541
1876,train,CN1CCN(CC1)C(=O)OC2N(C(=O)c3nccnc23)c4ccc(Cl)cn4,1.1,1.3422149998084976,0.24221499980849748
3138,train,O=C(Nc1ccc(nc1)N2CCOCC2)c3oc(Nc4cccc(OCc5cccnc5)c4)nn3,3.3,3.3575140104772667,0.0575140104772669
214,train,Cc1cnc([nH]1)c2ccc(C)c(NC(=O)c3ccc(OCc4ccccn4)cc3)c2,3.19,3.3483134150832954,0.15831341508329544
3104,train,O[C@H](CNC(=O)C1=NNC(=O)c2ccccc12)CN3CCC(CC3)Oc4ccc(Cl)c(Cl)c4,3.69,3.9214546225371976,0.23145462253719762
1781,train,C[C@H](NC(=O)c1c(C)nn(c1NS(=O)(=O)c2cccc(CN3CCOCC3)c2)c4ccccc4)C(C)(C)C,0.29,0.5864734799002809,0.2964734799002809
768,train,CCOc1cc2nnc(C(=O)N)c(Nc3cccc(Cl)c3F)c2cc1N4CCN(C)CC4,1.99,1.9218900943507122,-0.06810990564928776
1953,train,O=C1CCOc2cc(OCc3cccc(c3)C#N)ccc12,2.8,3.1079119923036735,0.3079119923036737
2879,train,COc1cc2ncnc(Nc3cccc(Cl)c3F)c2cc1CN(C)[C@H](C)C(=O)N,3.44,3.6999218866648036,0.25992188666480365
3228,train,CNc1c(Br)cnc2[nH]c(nc12)c3ccc(OCCN4CCN(C)CC4)cc3,2.91,2.908707906113731,-0.0012920938862692743
2783,train,Cc1cc(nn1C[C@H](O)CN)c2ccc(Cl)c(c2)C(=O)NCC3(O)CCCCCC3,0.57,1.126814861838536,0.5568148618385361
3029,train,Cc1ccc(cc1)C(=O)c2cc(O)c(O)c(c2)[N+](=O)[O-],0.74,0.542080719155752,-0.19791928084424804
3625,train,CC(C)N(CCNCCc1ccc(O)c2NC(=O)Sc12)C(=O)CCOCCc3ccccc3,2.33,2.75024706802098,0.4202470680209798
2011,train,CSc1ccc(OCc2ccccc2)c(\C=C\c3ccc(cn3)C(=O)O)c1,2.45,2.6254957141342374,0.17549571413423726
3811,train,COc1cc(cc(OC)c1OC)C(=O)NCc2ccc(OCCN(C)C)cc2,0.74,0.7918355336800202,0.05183553368002025
2535,train,Cc1oc(cc1C(=O)Nc2cccc(c2)C(=O)O)c3ccccc3,1.63,2.0445866571524016,0.4145866571524017
2955,train,Nc1ccccc1NC(=O)c2ccc(CNC(=O)OCc3cccnc3)cc2,1.26,1.5847478738573897,0.3247478738573897
1227,train,O=C(CC12CC3CC(CC(C3)C1)C2)Nc4ccc5[nH]ncc5c4,4.03,3.935778593769043,-0.09422140623095743
1136,train,Oc1ccccc1CCC(=O)Nc2ccccc2,2.71,2.950748296929652,0.24074829692965194
2838,train,Cc1cn(C[C@H]2CN(C(=O)O2)c3ccc(C4=CCS(=O)(=O)CC4)c(F)c3)nn1,1.25,1.6890388278593411,0.4390388278593411
1364,train,CC(C)c1noc(n1)N2CCN([C@H](C)C2)c3ncc(OCc4ccncc4C#N)cn3,3.1,3.2873061834130244,0.1873061834130243
2150,train,COc1ccc(cc1OC)N2CCN([C@H](C)C2)C(=O)[C@@H]3CCCC[C@H]3C(=O)NC4(CC4)C#N,1.85,2.0380666836390677,0.18806668363906764
809,train,CNC(=O)c1ccccc1Sc2ccc3c(\C=C\c4ccccn4)n[nH]c3c2,3.8,4.115040515568206,0.31504051556820656
1668,train,COC[C@H](C)Oc1cc(Oc2ccc(cc2)S(=O)(=O)C)cc(c1)C(=O)Nc3ccc(cn3)C(=O)O,-0.41,-0.08251751438134836,0.3274824856186516
1680,train,CC[C@H](NC(=O)c1c(O)c(nc2ccccc12)c3ccccc3)c4ccccc4,3.91,3.7467374164134166,-0.16326258358658352
1516,train,OC(=O)CC(=O)N[C@H]1[C@@H](Cc2ccccc12)NC(=O)c3cc4sc(Cl)c(Cl)c4[nH]3,1.18,1.533371763344003,0.353371763344003
2799,train,CCCSc1ncccc1C(=O)N[C@@H]2[C@@H]3CC4C[C@H]2C[C@@](O)(C4)C3,2.27,2.416827668452512,0.14682766845251205
2349,train,NC(=O)c1cc(C(=O)N)n(n1)c2cccc(c2)c3cc(ccc3C(F)(F)F)C(F)(F)F,3.4,3.2831257504279936,-0.11687424957200632
1768,train,NC1(Cc2ccc(Cl)cc2)CCN(CC1)c3ncnc4[nH]ccc34,2.72,2.7365494606372676,0.016549460637267366
2204,train,Cc1cc(NC(=O)Nc2ccc(Cl)cc2)n(n1)c3ccccc3,4.15,4.098035741759945,-0.05196425824005502
3795,train,C[C@@H]1CN(CCN1c2ncc(OCc3ccc(cn3)S(=O)(=O)C)cn2)C(=O)OC(C)(C)C,3.0,3.379641581896909,0.3796415818969092
1022,train,Clc1cc(Cl)cc(c1)S(=O)(=O)NCC(N2CCCCCC2)c3ccccc3,3.36,3.4898897866174057,0.1298897866174058
1542,train,C[C@H]1O[C@H]([C@H](O)[C@H]1Cl)n2cnc3c(N)nc(OC4CCCC4)nc23,3.18,3.215236539320853,0.03523653932085269
1268,train,O=C1C=C(Oc2c1cccc2c3ccccc3)N4CCOCC4,2.9,3.159890867796463,0.2598908677964631
1201,train,COC[C@H](C)Oc1cc(Oc2cc(F)cc(F)c2)cc(c1)C(=O)Nc3ccc(cn3)C(=O)O,1.36,1.6838365602443806,0.32383656024438046
562,train,OC(=O)C(N1CCC(CN2CCC(CC2)Oc3ccc(Cl)c(Cl)c3)CC1)c4ccccc4,2.17,2.6447279609487007,0.47472796094870073
2792,train,COc1cc(OC)c(cc1NC(=O)C)S(=O)(=O)N2C(C)Cc3ccccc23,1.95,1.9996209191276295,0.04962091912762956
3599,train,CC(C)(C)C(=O)NCc1ccc(NC(=O)N2CCCC(O)(C2)c3ccc(Cl)c(Cl)c3)cc1,3.93,3.9080572592597793,-0.021942740740220845
1780,train,CCCCCC1=CC(=O)NC(=N1)N,1.62,1.8149563923033898,0.19495639230338968
1049,train,Clc1ccc(cc1)S(=O)(=O)Nc2nnc(s2)c3ccccc3,1.14,1.1494717996121735,0.009471799612173593
3446,train,COc1ccc(cc1)c2nc(nc(O)c2C#N)N3CCOCC3,0.2,0.33861452548869564,0.13861452548869563
2207,train,OC(=O)Cc1cccc(c1)N2CCC(CN3CCC(CC3)Oc4ccc(Cl)c(Cl)c4)CC2,1.58,1.4513485284078431,-0.12865147159215695
3928,train,COCCNc1nc(nc(NCC(C)C)c1N)C#N,2.8,3.035430145000574,0.23543014500057424
3663,train,Oc1cccc(NC(=O)c2ccc(OCCCN3CCCC3)cc2OCc4ccccc4)c1,3.07,3.203991118214037,0.1339911182140372
2446,train,Cc1nc2ccccn2c1c3ccnc(Nc4cccc(Cl)c4)n3,2.7,3.067932545264079,0.3679325452640789
1943,train,O[C@H](CNC(=O)C1=CNC(=O)C=C1C(F)(F)F)CN2CCC(CC2)Oc3ccc(Cl)c(Cl)c3,2.71,2.815564436106408,0.10556443610640809
1137,train,C[C@@H]1CN[C@@H]2[C@@H](C1)O[C@]3(CC[C@H]4[C@@H]5CC=C6C[C@@H](O)CC[C@]6(C)[C@H]5CC4=C3C)[C@@H]2C,2.63,2.6839029503804355,0.05390295038043558
3363,train,CC(C)[C@@H]1N(C)c2ccccc2C[C@@H](CO)NC1=O,2.03,1.9984462520078687,-0.031553747992131065
2197,train,Fc1ccc(Oc2cc(F)c(cc2F)S(=O)(=O)Nc3ncc(Cl)s3)c(c1)c4cn[nH]c4,2.7,2.8259777170120297,0.12597771701202953
3820,train,COc1ccc2C=CC(=O)N(CCN3CCC(CC3)NCc4cc5OCCOc5cn4)c2n1,1.16,1.679745788504862,0.519745788504862
2175,train,Nc1nc2cc3CCN(Cc4cccc(F)c4)CCc3cc2s1,3.3,3.3766434775326664,0.07664347753266654
1037,train,CC(C)CN1C(=O)N(C)C(=O)c2c1sc(Oc3cccc4ccccc34)c2C(=O)N5CC[C@@H](O)C5,2.87,3.030118267326106,0.1601182673261059
2002,train,Cc1[nH]c(C(=O)NC2CCN(CC2)c3cc(cc(Cl)n3)C(=O)O)c(Cl)c1Cl,1.74,1.9180320587744737,0.1780320587744737
3868,train,Nc1ccc2cccc(Nc3ncccn3)c2n1,2.7,3.0630935845822638,0.3630935845822636
3949,train,O=C(Nc1cc(ccn1)c2ccnc(Nc3ccccc3)c2)C4CCOCC4,3.7,3.6859117478618293,-0.014088252138170887
3047,train,CCN1CCC[C@@H](CN2CCN(CC2)C(=O)Nc3ccc(Cl)c(Cl)c3)C1,1.94,2.103557307354742,0.16355730735474205
4095,train,CNc1c(Br)cnc2[nH]c(nc12)c3cccc(N)c3,2.96,3.031852368577478,0.07185236857747812
715,train,CC(C)c1nc2ccccc2n1c3nc(N4CCOCC4)c5nc(OC6CN(C6)C7CCS(=O)(=O)CC7)n(C)c5n3,2.9,2.8555201035814934,-0.04447989641850647
2185,train,O=C1Nc2ccc(cc2C1=O)S(=O)(=O)N3CCC[C@H]3CNc4ccccc4,2.4,2.4821152759431477,0.08211527594314783
3834,train,Nc1nc(N)c2nc(CO)cnc2n1,-0.45,-0.23796474441202342,0.2120352555879766
2803,train,[O-][N+](=O)c1ccc2NC(=O)CN=C(c3ccccc3Cl)c2c1,3.72,3.7848724654981716,0.06487246549817138
3863,train,COCCOc1cc(Nc2nccc(n2)N(C)c3cc(CO)ccc3C)cc(c1)N4CCOCC4,3.3,3.2257750062621273,-0.0742249937378725
1479,train,CCn1cc(NC(=O)Cc2ccc(Oc3ccnc4cc(OC)c(OC)cc34)cc2OC)cn1,3.42,3.525848102070687,0.10584810207068696
521,train,Clc1cccc(CN2C=CN3C(=O)C=C(N=C23)N4CCOCC4)c1Cl,3.3,3.7603679495239852,0.4603679495239854
1427,train,O=C(Nc1cccc(c1)c2nnn[nH]2)c3cccc4[nH]cnc34,-0.05,0.22724868123627284,0.27724868123627283
3,train,OC[C@H](O)CN1C(=O)C(Cc2ccccc12)NC(=O)c3cc4cc(Cl)sc4[nH]3,3.37,3.4115438553393846,0.04154385533938454
285,train,COc1ccc(cc1OC)N2CCN(CC2)C(=O)[C@@H]3CCCC[C@H]3C(=O)NC4(CC4)C#N,1.4,1.418418240539798,0.018418240539798125
3507,train,C[C@@H]1CN(CCN1c2ncc(OCc3ccncc3C#N)cn2)C(=O)OC(C)(C)C#N,2.3,2.5329204600733823,0.23292046007338252
570,train,CN(C)CC(O)COc1ccc(Nc2nccc(Nc3ccccc3C#N)n2)cc1,1.2,1.4862555558192265,0.28625555581922657
1583,train,CCN(C1CCN(CCC(c2ccccc2)c3ccccc3)CC1)C(=O)Cc4ccc(cc4)S(=O)(=O)N,2.4,2.445797683072592,0.04579768307259213
537,train,COc1cc(C)c(c(C)c1)S(=O)(=O)N(C)CCOCC(=O)N2CCN(CC2)C3CCN(C)CC3,-0.4,-0.3923139223332095,0.007686077666790525
4004,train,CCCc1c(cnn1c2ccccc2)C(=O)Nc3ccc(F)cc3C,3.89,4.096188452672642,0.20618845267264208
591,train,CCC(CCNC)Oc1cc(Cl)ccc1C#N,0.38,0.3440251353367787,-0.035974864663221306
3541,train,CNc1nc2nc(SCc3cccc(F)c3F)nc(N[C@H](C)CO)c2s1,3.7,3.729994434649689,0.029994434649688984
1172,train,CCc1nc2cc(O)ccc2c(Oc3ccc(\C=C\C(=O)O)cc3)c1c4ccccc4,3.0,3.032651333033658,0.03265133303365797
2270,train,C1NCC(CC=C1)c2oc3ccccc3c2,1.94,2.0543565526675147,0.11435655266751477
2676,train,CC(C)C[C@H](N1CCC[C@@H](C1)N2C=C(C)C(=O)NC2=O)c3ccc(C(=O)O)c(Oc4cccc(Cl)c4)c3,0.93,1.3637796677375729,0.4337796677375728
3206,train,Clc1ccc2oc3C(=O)NC(=Nc3c2c1)[C@@H]4CCCN4,2.01,2.6791816587898687,0.6691816587898689
454,train,CCNC(=O)C[C@H]1N=C(c2ccc(Cl)cc2)c3cc(OC)ccc3n4c(C)nnc14,2.42,2.6207538593640267,0.2007538593640268
130,train,Cc1ccc(cc1)S(=O)(=O)NC(=O)N2CCC(CC2)N3CCC(CC3)Oc4ccc(Cl)cc4Cl,1.52,1.302938459348996,-0.21706154065100391
864,train,C[C@@H](NC(=O)c1c(C)nn(c1NS(=O)(=O)c2ccc(C)cc2)c3ccccc3)C(C)(C)C,1.2,1.3486106907650732,0.14861069076507327
2136,train,CCC[C@@H](CNC(=O)c1nc(Cl)c(N)nc1N)[N+](C)(C)CCCc2ccc(OC)cc2,0.4,0.6488304367609534,0.2488304367609534
3492,train,OC(=O)COc1ccc(cc1c2ccccc2)C#N,-1.08,-0.7856030555739162,0.2943969444260839
3459,train,COc1ccc2ncc(F)c(CCN3CCC(CC3)NCc4ccc5OCC(=O)Nc5n4)c2n1,1.78,2.0472876615169042,0.2672876615169042
1181,train,OCC(=O)N1CCC(CC1)c2[nH]nc(c3ccc(Cl)cc3F)c2c4ccncn4,1.79,1.9908852539728816,0.2008852539728816
1545,train,NC(=O)c1cccc(O[C@@H]2C[C@H]3CC[C@@H](C2)N3CCc4ccccc4)c1,2.0,2.1092095074592736,0.1092095074592736
3882,train,CC(C)n1c(C)ncc1c2ccnc(Nc3ccc(cc3)C(=O)NC4CCN(C)CC4)n2,1.87,2.043094110018322,0.17309411001832187
2705,train,CC(=O)Nc1ccc(Nc2ncc3cc(ccc3n2)c4ccncc4)cc1,3.04,3.0624670761775086,0.022467076177508538
190,train,C[C@@H](NCc1ccccc1c2ccc(CCNC[C@H](O)c3ccc(O)c4NC(=O)Sc34)cc2)c5ccccc5,2.28,2.2605643349710247,-0.01943566502897509
3789,train,CN(C)c1cccc(c1)C(=O)Nc2ccc(C)c(c2)C(=O)Nc3cccnc3,3.01,3.1039556220845337,0.0939556220845339
3311,train,Clc1ccc(OC2CCN(CC2)C3CCN(CC3)S(=O)(=O)NC(=O)c4ccccc4)cc1Cl,2.14,2.2173046135561822,0.07730461355618212
2605,train,CCS(=O)(=O)Nc1cccc2c1c(Oc3ccc(Cl)cc3)c(C)n2CC(=O)O,-0.29,-0.4307090287830211,-0.1407090287830211
4175,train,CC(C)(C)OC(=O)N1CCN(CC1)c2ncc(OCc3ccc(cc3)S(=O)(=O)C)nn2,2.93,3.4645689593922606,0.5345689593922605
1434,train,CCCSc1nc2ccc(NC(=O)CCNC(=O)N)cc2s1,2.9,3.0420038574385657,0.1420038574385658
3246,train,Nc1c(Nc2ccccc2)nc(nc1N3CCOCC3)C#N,2.72,2.702792092049839,-0.01720790795016125
586,train,CC(C)C(NC(=O)CN1C(=O)C(=CN=C1C2CCCCC2)NC(=O)OCc3ccccc3)C(=O)C(F)(F)F,2.87,2.7722112904564566,-0.09778870954354346
3353,train,c1ccc(nc1)c2n[nH]c(n2)c3ccncc3,1.48,1.9011151934626684,0.42111519346266846
831,train,COc1cccc2c(ccnc12)c3c(C)n(CC(=O)O)c4ccc(C)cc34,0.49,0.7585629357283432,0.2685629357283432
2944,train,Cc1cc(Nc2ccc(F)cc2)nc(N)n1,2.08,2.3527352370525474,0.2727352370525473
4108,train,CC(C)N(C(C)C)c1nnc(N)s1,1.49,1.8658302769687791,0.37583027696877913
1232,train,CC(C)Oc1cc(Nc2nc3c(cc2F)ncn3[C@@H](CO)c4ccc(F)cn4)n[nH]1,2.97,2.822710665050406,-0.14728933494959406
2957,train,CN1CCC(CC1)n2cc(cn2)c3cnc(N)c(c3)c4oc5cc(F)ccc5n4,3.35,3.1762843116454,-0.17371568835460005
1253,train,OCC[C@]1(CCCNC1)c2ccc(Cl)c(Cl)c2,0.62,0.6397342112489004,0.019734211248900402
2773,train,Cc1nc(C)c(nc1C(=O)N)c2ccc3c(CC[C@@]34CC[C@H](CC4)C(=O)O)c2,1.3,1.3451359109359755,0.045135910935975465
3582,train,Nc1nc(O)cc(n1)c2ccc(O)cc2,1.05,1.449442766166474,0.3994427661664739
3729,train,O=S(=O)(Nc1cccnc1)c2ccc3OCCOc3c2,1.34,1.5140045006435128,0.1740045006435127
2415,train,C[C@H]1COCCN1c2cc(nc(n2)c3cccc4[nH]ccc34)C5(CC5)S(=O)(=O)C,2.8,2.8450758152802047,0.04507581528020488
3279,train,CN([C@@H]1CCN(Cc2nc3cc(F)ccc3s2)C[C@@H]1F)C(=O)Cc4ccc(cc4)S(=O)(=O)C,2.2,2.3294204220869297,0.1294204220869295
1282,train,Nc1nonc1\C(=N\O)\Nc2ccc(F)c(Cl)c2,2.7,3.107081875895204,0.4070818758952037
1580,train,OC(=O)[C@H](Cc1ccccc1C#N)N2CCC(CN3CCC(CC3)Oc4ccc(Cl)c(Cl)c4)CC2,2.12,2.400428297782025,0.28042829778202494
2952,train,Oc1ccc(cc1)N2C(=O)c3ccccc3C2=O,2.0,2.274195374029774,0.274195374029774
3728,train,CN(C)CCNc1cc(nc2cc(nn12)c3ccc(F)cc3)c4ccccc4,4.5,4.291343652404626,-0.20865634759537421
2917,train,NC(=O)C1=CN(Cc2ccc(Cl)cc2Cl)C(=O)C=C1,2.36,2.513885641466994,0.15388564146699402
3229,train,COc1cc2nc(nc(N)c2cc1OC)N3CCN(CC3)C(=O)c4occc4,1.9,2.1402077960588466,0.24020779605884668
1459,train,COc1ccc(Oc2ncccc2C(=O)NCc3ccccc3Cl)cc1,3.59,3.603673774061972,0.013673774061972122
3062,train,Fc1ccc(C2CCN(CC2)C(=O)COCc3ccncc3)c(Cl)c1,2.7,3.079761469180262,0.379761469180262
3176,train,Cn1ncc2C(=O)NC(=Nc12)c3ccccc3,1.61,1.984632131985893,0.37463213198589296
1213,train,CC#Cc1ccnc(c1)c2cc(ccc2O)C3(N=C(C)C(=N3)N)C4CC4,3.6,3.7789932030778184,0.1789932030778183
775,train,CN1C(=O)c2c(onc2c3ccccc3)C=C1c4ccncc4,2.61,2.935345355062575,0.32534535506257534
2319,train,Cc1nc(C)c(nc1C(=O)N)c2ccc(cc2)[C@@H]3CC[C@@H](CCC(=O)O)CC3,1.6,1.6339248806018694,0.03392488060186927
2975,train,NC(=O)c1cccc(O[C@H]2C[C@H]3CC[C@@H](C2)N3Cc4ccccc4)n1,1.71,2.0038783285144905,0.2938783285144906
1140,train,Fc1ccc(C2CCN(CC2)C(=S)COCc3ccncc3)c(Cl)c1,4.23,4.122119887073995,-0.10788011292600519
3247,train,COc1cc(N2CCN(C)CC2)c3NC(=CC(=O)c3c1)C(=O)Nc4ccc(cc4)N5CCOCC5,2.7,2.5476356376666414,-0.15236436233335882
3180,train,N(c1ccccc1)c2ccnc(Nc3ccccc3)n2,4.06,4.137019771892492,0.0770197718924921
2019,train,CC1=CC(=O)Oc2cc3NCCCc3cc12,2.7,2.8785977734068244,0.17859777340682426
1860,train,CNC(=O)c1ccc(CN2CCC(CC2)c3ccc(cc3)C(=O)Nc4ccccc4N)cc1,1.99,2.1468347053341597,0.15683470533415966
278,train,NC(=O)N1c2ccccc2CC(=O)c3ccccc13,1.28,1.4935309461060142,0.2135309461060142
3800,train,CNC(=O)c1[nH]cnc1C(=O)Nc2ccc(OC)cc2,2.2,2.275938726905028,0.07593872690502801
2693,train,Cc1nc(Nc2ncc(s2)C(=O)Nc3c(C)cccc3Cl)cc(n1)N4CCN(CCO)CC4,3.41,3.6980568171128523,0.28805681711285214
31,train,CN([C@@H]1CCN(Cc2ccc(cc2)C(F)(F)F)C[C@@H]1F)C(=O)Cc3ccc(cc3)n4cnnn4,3.3,3.375180419949711,0.07518041994971103
2741,train,COc1ccc(cc1)c2cc(ccc2OCC(=O)O)C(F)(F)F,0.29,0.26740492102598656,-0.022595078974013416
2568,train,c1ccc2ncccc2c1,2.09,2.2773465638579387,0.1873465638579388
1185,train,CC(C)n1c(C)ncc1c2ccnc(Nc3ccc(C(=O)NCCN(C)C)c(F)c3)n2,1.96,2.0952573674839456,0.13525736748394568
447,train,CCn1nc(C)c(C(=O)N[C@@H](C)C(C)(C)C)c1NS(=O)(=O)c2ccc(C)cc2,0.95,1.096846033230764,0.14684603323076395
2400,train,ONC(=O)C1COC(=N1)c2ccc(F)c(c2)C(F)(F)F,1.53,1.3741338972626358,-0.15586610273736423
1155,train,NC(=N)Nc1nc(CSCCC(=N)NS(=O)(=O)N)cs1,-0.6,-0.5562628164848991,0.04373718351510092
3352,train,Cc1c(Oc2ccc(Cl)cc2)c3c(NS(=O)(=O)C)cccc3n1CC(=O)O,-0.98,-0.9091642747822206,0.07083572521777937
2769,train,CCCCCCN1CC[C@@]2(C)[C@@H](C)C1Cc3ccc(O)cc23,2.5,2.310627112423889,-0.18937288757611093
3074,train,CCN(CC)Cc1cc(Nc2ccnc3cc(Cl)ccc23)ccc1O,2.9,3.0247235587065697,0.12472355870656981
3450,train,CCN(CC)CCCC(C)Nc1c2ccc(Cl)cc2nc3ccc(OC)cc13,2.17,2.3140060873509904,0.14400608735099052
1852,train,Cc1c(OCC(F)(F)F)ccnc1C[S+]([O-])c2nc3ccccc3[nH]2,2.7,3.247008205854307,0.5470082058543069
1873,train,CS(=O)(=O)n1c2ccccc2c3cc(NC(=O)N4CCOCC4)ccc13,2.7,2.731247918761355,0.03124791876135502
1004,train,OC(c1ccc(cc1)N(CC(F)(F)F)S(=O)(=O)c2ccccc2)(C(F)(F)F)C(F)(F)F,4.5,4.667264741043081,0.16726474104308142
3529,train,C[C@@](O)(C(=O)Nc1ccc(cc1Cl)C(=O)N2CCCCC2)C(F)(F)F,2.62,2.746498136556068,0.126498136556068
79,train,CC1COc2c(N3CCN(C)CC3)c(F)cc4C(=O)C(=CN1c24)C(=O)O,-0.45,-0.4148124260478685,0.03518757395213151
1195,train,CN(C)C1=C(C)N(C)N(C1=O)c2ccccc2,0.78,1.1845154330324388,0.40451543303243875
658,train,CS(=O)(=O)N1CCc2c1nc(nc2c3cnc(N)nc3)N4CCOCC4,1.2,1.2702821062818306,0.07028210628183063
421,train,COc1cc(ccc1Nc2ncc(Cl)c(n2)c3cnc4c(F)cccn34)N5CCN(CC5)C(=O)C,3.5,3.70213172376298,0.20213172376297983
3116,train,COc1cc(ccc1Nc2ncc(Cl)c(n2)c3cnc4cc(Cl)ccn34)N5CCN(CC5)C(=O)C,4.2,3.9161985437192675,-0.2838014562807327
1019,train,CCN(C1CCN(CCC(N2CCN(CC2)c3ccccc3)c4ccccc4)CC1)C(=O)Cc5ccc(cc5)S(=O)(=O)C,2.67,2.9085716614964072,0.2385716614964073
3173,train,CCN(C1CCN(CC[C@@H](c2ccccc2)c3ccc(cc3)S(=O)(=O)C)CC1)C(=O)Cc4ccc(cc4)S(=O)(=O)C,1.38,1.8010773663576174,0.4210773663576175
3240,train,Cc1cc(Cl)ccc1OC2CCN(CC3CCN(CC3)[C@@H](Cc4ccc(F)cc4)C(=O)O)CC2,2.53,2.9399794067310676,0.4099794067310678
1894,train,F[C@H]1CN(CCN2C(=O)C=Cc3ccc(cc23)C#N)CC[C@H]1NCc4ccc5OCC(=O)Nc5n4,0.66,0.711042258771978,0.05104225877197799
1954,train,Cc1nc(C)c(nc1C(=O)N)c2ccc([C@@H]3CC[C@H](CC(=O)O)CC3)c(F)c2,1.2,1.4291392102178062,0.22913921021780626
756,train,[O-][N+](=O)c1ccc2c(c1)nc3CCCCCn23,2.58,2.9373029408533458,0.3573029408533457
1407,train,CC1SC2=C(C(=O)O)C(=O)c3cc(F)c(cc3N12)N4CCN(CC5=C(C)OC(=O)O5)CC4,0.47,0.33953679674442694,-0.13046320325557303
1242,train,OC(=O)CNCCNc1ccc(Cl)c(c1)C(=O)NCC23CC4CC(CC(C4)C2)C3,1.94,1.9501228521231218,0.010122852123121806
2314,train,CCCC(=O)Nc1ccc2c3ccccc3C(=O)C(=O)c2c1,2.81,3.007879893254815,0.19787989325481492
1135,train,Brc1ccc(cc1)S(=O)(=O)NCC(N2CCCCCC2)c3ccccc3,3.21,3.2600773533188514,0.050077353318851436
3889,train,OC(=O)COc1ccc(Cl)cc1CN2CCC(CC2)S(=O)(=O)c3ccccc3,0.48,0.5982745043881945,0.11827450438819453
2786,train,OC1(CCN(CC1)c2ccc3nnc(n3n2)C(F)(F)F)c4ccc(F)cc4,3.5,3.672428373393633,0.17242837339363293
2853,train,Cc1nc(C)c(nc1C(=O)N)c2ccc3c(CC[C@@]34CC[C@H](Cc5nnn[nH]5)CC4)c2,2.0,1.8745623101383702,-0.12543768986162984
4016,train,CC(C)NC(=O)c1cc2c(c(cnc2[nH]1)c3cncc(c3)C(=O)O)n4ccc(n4)C(F)(F)F,-0.62,-0.5256413870018921,0.09435861299810788
1422,train,CNC(=O)c1ccc2C(=O)C=C(Nc2c1)c3cccnc3,1.01,1.249349223074256,0.239349223074256
3483,train,CC1=CC(=O)Nc2sc(C(=O)c3ccc(Br)cc3)c(N)c12,2.57,2.921919225017149,0.351919225017149
1872,train,Cc1nc(cs1)C(=O)N2CCCC3(CCN(Cc4ccccc4)CC3)C2,0.24,0.29057705860454996,0.050577058604549974
2266,train,Cc1ccccc1C(=O)N2CCN(CC2)c3ccccn3,2.18,2.271707265432023,0.09170726543202301
2680,train,CCC(N(CC1CCNCC1)C(=O)c2ccc(C)cc2)C3=Nc4ccsc4C(=O)N3Cc5ccccc5,1.33,1.602167886565665,0.27216788656566493
3926,train,C[C@H](NC(=O)\C=C\c1ccccc1)c2cccc(c2)N3CCOCC3,3.24,3.433741103051388,0.1937411030513876
340,train,COC(=O)CCCC(=O)Nc1ccc2C(=O)C(=O)c3ccccc3c2c1,2.96,3.1408454604174283,0.18084546041742833
3752,train,CCCSc1c(cnn1[C@@H]2CC[C@H](CC2)C(=O)O)C(=O)NC3CCCCC3,1.03,1.5024961310391771,0.4724961310391771
3831,train,ONC(=O)Cc1ccc(OCc2ccccc2)cc1,1.92,1.945325017800594,0.025325017800594152
3027,train,NC1CCc2cc(OC(=O)c3ccccc3)c(OC(=O)c4ccccc4)cc2C1,2.6,2.7078476708314527,0.10784767083145264
1306,train,CCOc1cccc(Nc2oc(nn2)C(=O)Nc3ccc(nc3)N4CCOCC4)c1,3.6,3.391719360039854,-0.208280639960146
1119,train,CC(C)NCC(O)COc1ccccc1CC=C,0.99,0.933946547884871,-0.05605345211512902
439,train,CO[C@@H]1CC[C@@]2(CC1)Cc3ccc(cc3C24N=C(C)C(=N4)N)c5cncc(Br)c5,3.4,3.4395827807497206,0.03958278074972066
3123,train,CN(C)CCCN1c2ccccc2CCc3ccc(Cl)cc13,3.36,3.4963738739490413,0.13637387394904144
777,train,COC(=O)CCC(=O)Nc1ccc2C(=O)C(=O)c3ccccc3c2c1,2.72,2.8071575288518713,0.08715752885187111
299,train,COc1ccc(cc1)C(=O)NCc2cn(nn2)c3cc(C)nc4ccc(OC)cc34,3.5,3.480221550547527,-0.01977844945247309
1,train,COc1cc(OC)c(cc1NC(=O)CSCC(=O)O)S(=O)(=O)N2C(C)CCc3ccccc23,-1.18,-0.9197437958044712,0.26025620419552875
3751,train,C[C@H](Nc1nc(NC[C@@H](O)CO)c(Cl)c(Nc2cc([nH]n2)C3CC3)n1)c4ccc(F)cc4,3.39,3.5260081262525196,0.13600812625251946
3596,train,NC1(CCC1)c2ccc(cc2)c3nc4ccccc4cc3c5ccccc5,3.6,3.632635982624401,0.03263598262440093
2131,train,O=C1COC2(CCN(CC2)S(=O)(=O)c3ccc(cc3)c4ccc5cccnc5c4)CN1C6CC6,3.24,3.1617334587935133,-0.0782665412064869
3056,train,COc1cnc(nc1Oc2ccc(F)cc2F)c3ccccn3,3.1,3.465160485094213,0.36516048509421273
2595,train,C[C@H](Nc1ncc(F)c(Nc2cc(C)[nH]n2)n1)c3ncc(F)cn3,1.79,2.0539538179154038,0.26395381791540373
3018,train,CC(C)(C)OC(=O)N1CCN(CC1)c2ncc(OCc3c(F)cncc3F)cn2,3.7,3.626581373020161,-0.07341862697983936
2118,train,CN(C)C(=O)N[C@@H]1CC[C@@H](CCN2CCN(CC2)c3cccc(Cl)c3Cl)CC1,3.6,3.7425491773707353,0.14254917737073525
840,train,ON=Cc1oc(cc1)[N+](=O)[O-],1.31,1.5888207928539488,0.2788207928539488
3504,train,Cc1ccc(CNC(=O)C2CCCN2S(=O)(=O)c3ccc(F)cc3)cc1,2.9,3.0114270959521137,0.11142709595211375
24,train,CNCC[C@@H](Oc1ccccc1C)c2ccccc2,1.2,1.2791781208708135,0.07917812087081355
1812,train,CC(C)C(NC(=O)CN1C(=O)C(=CN=C1c2ccccc2)NC(=O)OCc3ccccc3)C(=O)C(F)(F)F,2.12,2.298385045678728,0.17838504567872793
520,train,CC(=O)c1ccc(nc1)N2CCN(CC2)S(=O)(=O)C[C@]34CC[C@H](CC3=O)C4(C)C,2.21,2.0261112003993125,-0.1838887996006875
1842,train,CS(=O)(=O)c1ccc(c[n+]1[O-])C(=O)Nc2ccc(F)cc2,0.84,0.8639033708144028,0.023903370814402858
976,train,COC[C@H](C)Oc1cc(O[C@@H](C)Cc2ccccc2)cc(c1)C(=O)Nc3ccc(cn3)C(=O)O,1.5,1.70107717818332,0.20107717818332005
3623,train,Cc1ccc(cc1)S(=O)(=O)Nc2ccc(\C=C\C(=O)Nc3ccccc3N)cc2,2.82,2.640521507771502,-0.179478492228498
1707,train,C[C@H]1C[C@H]2[C@@H]3CC[C@](O)(C(=O)C)[C@@]3(C)C[C@H](O)[C@]2(F)[C@@]4(C)C=CC(=O)C=C14,2.65,2.8053137091235243,0.15531370912352438
1473,train,C1NCC(CC=C1)c2ccc3ccccc3c2,1.64,1.8573944583896114,0.21739445838961147
1224,train,NC(=N)Nc1ccc(cc1)C(=O)Oc2ccccc2,-0.21,-0.17277389951101219,0.03722610048898781
2071,train,Cc1nc2ccc(NC(=O)CCNC(=O)N)cc2s1,0.9,0.8019409089783212,-0.09805909102167887
3016,train,COc1ccccc1CNC(=O)NS(=O)(=O)c2ccc(Cl)cc2,0.87,0.9617802028903262,0.09178020289032618
2379,train,NCC[C@@H](Oc1cc(Cl)c(F)cc1C#N)c2ccccc2,0.77,1.024344237113669,0.25434423711366905
3953,train,C[C@H](Nc1nc(Nc2cc([nH]n2)C3CC3)cnc1C#N)c4ccc(F)cn4,3.18,3.6113730043678514,0.4313730043678512
830,train,Cc1cc(N)c2cc(NC(=O)CCC(=O)Nc3ccc4nc(C)cc(N)c4c3)ccc2n1,1.39,1.5217363284679135,0.1317363284679136
3291,train,CSc1ncccc1C(=O)NCCc2ccc(Cl)cc2,3.31,3.5900465657537364,0.2800465657537363
4170,train,Oc1cccc2Oc3ccccc3C(=O)c12,3.8,4.252391858399042,0.45239185839904206
883,train,CC(C)C(NC(=O)CN1C(=O)C(=CC=C1c2ccccc2)NC(=O)Cc3ccccc3C(=O)O)C(=O)C(F)(F)F,1.14,1.0673663119574384,-0.07263368804256154
18,train,COc1cc(ccc1N2CC[C@@H](O)C2)N3N=Nc4cc(sc4C3=O)c5ccc(Cl)cc5,3.15,3.481718434380301,0.331718434380301
3222,train,O=S(=O)(N1CCCC1)c2ccccc2c3ccc(CNC4CCOCC4)cc3,1.4,1.5383754462979036,0.13837544629790366
2246,train,COc1ccc(CNC(=O)N(CC=C)C2CCN(CCC(c3ccccc3)c4ccccc4)CC2)cc1,3.6,3.5423592150108725,-0.057640784989127614
1079,train,CO[C@H]1CN(CCN2C(=O)C=Cc3ccc(cc23)C#N)CC[C@H]1NCc4cc5OCCOc5cn4,0.63,0.8174615199366464,0.1874615199366464
2662,train,CCCSc1ncccc1C(=O)N(C)C2CCCCC2,3.36,3.706823887193981,0.34682388719398105
3609,train,O[C@@H](CNCCc1cccc(CNCc2ccccc2Cl)c1)c3ccc(O)c4NC(=O)Sc34,1.85,2.0245350272587377,0.1745350272587376
3932,train,CN[C@@H](C)C(=O)N[C@H](C(=O)N[C@H]1CCCN(CCc2ccccc2OC)C1)C(C)(C)C,1.61,1.5801741023007532,-0.029825897699246928
1579,train,CCOC(=O)Nc1ccc2Sc3ccccc3N(C(=O)CCN4CCOCC4)c2c1,3.1,3.2298471663364143,0.12984716633641424
1506,train,NC(=O)c1cc(cc(c1)[N+](=O)[O-])[N+](=O)[O-],0.81,0.943264956926714,0.13326495692671392
1039,train,CCC(=O)NCC[C@@H]1CCc2ccc3OCCc3c12,2.57,2.847150130544173,0.27715013054417303
2343,train,Cc1ccc(cc1)C(=O)Oc2ccc(cc2OC(=O)c3ccc(C)cc3)C(O)CNC(C)(C)C,3.57,3.675175093790209,0.10517509379020895
4119,train,Cc1ccnc(NCc2ccccc2O)c1,3.35,3.6030563727244753,0.25305637272447523
1605,train,COc1cc(ccc1Nc2ncc(Cl)c(n2)c3cnc4ccccn34)N5CC6CN(CCO)CC(C5)O6,2.5,2.9323411793201597,0.4323411793201597
1403,train,NC(=O)c1cccc(OC2CCN(CC3CC3)CC2)c1,0.49,0.6254046023087525,0.1354046023087525
3784,train,COc1ccc(cc1)c2cc(N)n3ncc(C#N)c3n2,2.42,2.643873812001631,0.22387381200163103
3381,train,COc1cccc(Nc2c(cnc3c(C)cc(cc23)S(=O)(=O)c4cccc(c4)C(=O)N(C)C)C(=O)N)c1,2.69,2.77220868843724,0.08220868843724016
46,train,CC(Nc1ncnc2ccccc12)c3ccccc3,3.4,3.5410203315672075,0.1410203315672076
2338,train,CN(C1CCN(CCC(c2ccccc2)c3ccccc3)CC1)C(=O)c4ccncc4,2.8,2.845489464057364,0.04548946405736398
483,train,NCc1nc2ccccc2[nH]1,0.4,0.613112663528603,0.21311266352860303
2795,train,Clc1cc(Cl)cc(NC(=O)NCC2(CCN(CC3CC3)CC2)c4ccc(cc4)c5cccc(c5)C#N)c1,3.37,3.3329351201204664,-0.03706487987953366
453,train,CC(=O)Nc1ccc2ccn(c3cc(NC4COC4)n5ncc(C#N)c5n3)c2c1,2.24,2.026315458907831,-0.21368454109216906
4162,train,OC(=O)COc1ccc(cc1c2ccccc2c3ccccc3)C(F)(F)F,1.38,1.3440148743234053,-0.03598512567659462
967,train,CCN(CC)C(=O)c1ccc(cc1)C(=C2CCN(Cc3ccc(F)cc3)CC2)c4cccnc4,3.65,3.754913105349216,0.10491310534921627
1035,train,CCOc1ccc(cc1)N2C(=O)c3cccnc3N=C2[C@@H](C)N(CC4CCN(C)CC4)C(=O)Cc5ccc(F)c(c5)C(F)(F)F,1.4,1.539561967060763,0.13956196706076307
3433,train,COC1=CC=C2C(=CC1=O)[C@H](CCc3cc(OC)c(OC)c(OC)c23)NC(=O)C,0.82,0.7682391224124958,-0.05176087758750414
1778,train,Nc1ncnc2nc(cc(c3cccc(Br)c3)c12)c4ccc(nc4)N5CCOCC5,3.2,3.57683625874668,0.37683625874668003
966,train,c1ccc(nc1)c2nc3ccccc3[nH]2,2.5,2.643415784341163,0.1434157843411632
2554,train,Nc1nc(N)c(c(COCc2ccccc2)n1)c3ccc(NC(=O)C4CC4)cc3,2.46,2.7778213884444947,0.3178213884444947
131,train,O=C1C=COc2cc(OCc3ccccc3)ccc12,3.33,3.5131031228335683,0.18310312283356822
2317,train,Nc1ccc(cc1)S(=O)(=O)c2ccc(N)cc2,0.88,0.7934070087303424,-0.08659299126965758
4074,train,Clc1cccc(C(=O)NCC23CC4CC(CC(C4)C2)C3)c1Cl,4.37,4.5266472858686715,0.15664728586867138
1487,train,Clc1cnc(OC2CCNCC2)cc1C(=O)NCC34CC5CC(CC(C5)C3)C4,1.56,1.4500658052122737,-0.10993419478772637
2751,train,c1ccc2ccccc2c1,3.29,3.441391328662018,0.15139132866201788
425,train,NC(=O)Nc1sc(cc1C(=O)N)c2ccc(OCCN3CCCCC3)cc2,1.2,1.375741872860305,0.17574187286030507
35,train,CN(C)c1ccnc2sc(C(=O)NCc3ccccc3)c(N)c12,3.62,3.6563759386187193,0.03637593861871924
3035,train,COc1cc(ccc1Nc2ncc(Cl)c(n2)c3cnc4c(CO)cccn34)N5CCN(CC5)C(=O)C,3.1,3.107504414904687,0.007504414904687007
3983,train,CN(C)C(=O)c1ccc(cc1)C(=C2CCN(Cc3cscn3)CC2)c4cccc5cccnc45,2.3,2.3259551378210155,0.02595513782101566
1614,train,CCc1cccc2c(cn(CC(=O)NCCOC)c12)C#N,1.95,2.115753332815428,0.16575333281542792
1104,train,CN(C)CC(O)COc1ccc(Nc2nccc(n2)N(CC#C)c3cc(Cl)ccc3Cl)cc1,3.2,3.4475066520479833,0.24750665204798317
758,train,CC1(CC1)c2c(cnn2c3ccc(cc3)C(=O)O)C(=O)NC4C5CC6CC(CC4C6)C5,1.11,1.3286005124830993,0.2186005124830992
4135,train,CC(C)CN1C(=O)N(C)C(=O)c2c1sc(Cc3ccnc4ccccc34)c2C(=O)N5CC[C@@H](O)C5,1.65,1.8842576505750908,0.23425765057509085
1468,train,ON(C=O)C1(CS(=O)(=O)N2CCN(CC2)c3ccc(F)cc3)CCC1,1.34,1.2465926005489942,-0.09340739945100585
617,train,COc1cccc(CNCc2cccc(CCNC[C@H](O)c3ccc(O)c4NC(=O)Sc34)c2)c1,0.91,1.1189047956977844,0.20890479569778442
4035,train,FC(F)(F)Oc1ccccc1S(=O)(=O)NCC(N2CCCCCC2)c3ccccc3,4.09,4.302249726838584,0.2122497268385839
2590,train,OC(=O)[C@H](Cc1ccc(OCCCNc2ccccn2)cc1)NC(=O)c3c(Cl)cccc3Cl,-0.22,0.4074110462410716,0.6274110462410716
3823,train,O[C@@H](CNCCCSCCNCCc1cccc(Cl)c1)c2ccc(O)c3NC(=O)Sc23,1.06,1.3421430106101662,0.2821430106101661
4073,train,Cc1cc(C)cc(c1)c2c(O)nc3cc(Cl)c(cc3c2OCCC4CCCCN4)C(=O)Nc5ccncn5,1.7,1.7540875013214787,0.05408750132147877
3094,train,CC(C)CN1C(=O)N(C)C(=O)c2c1sc(Cn3c(C)nc4ccccc34)c2C(=O)N5CC[C@@H](O)C5,1.34,1.3601997229651297,0.02019972296512962
1573,train,CCCC(C)(COC(=O)N)COC(=O)NC(C)C,2.01,2.2460466623815463,0.23604666238154648
2378,train,C[C@H](CO)Nc1nc(SCc2ccccc2)nc3NC(=O)Sc13,2.86,2.85017454421383,-0.00982545578616989
2689,train,COc1cc(ccc1Cn2cnc3ccc(NC(=O)CC4CCCC4)cc23)C(=O)NS(=O)(=O)c5ccccc5,0.9,1.3530563128752826,0.4530563128752826
2857,train,CN(C)CCOc1ccc(cc1)c2cc(C(=O)N)c(NC(=O)N)s2,1.16,1.0147022380708925,-0.14529776192910737
839,train,NC1(CCC1)c2ccc(cc2)c3ncc4cccnc4c3c5ccccc5,1.7,1.9585298316559698,0.2585298316559699
3217,train,COc1cc2c(Nc3ccc(Cl)cc3F)ncnc2cc1OCCCN4CCOCC4,3.4,3.6024927464507925,0.20249274645079263
1674,train,CCN(CC)C(=O)c1ccc(cc1)C(=C2CCN(Cc3ccc(F)cc3)CC2)c4ccccn4,3.28,3.4926210394553037,0.21262103945530386
2563,train,OCCN1C=Cc2c(NC(=O)Cc3ccc(Cl)c(c3)C(F)(F)F)cccc2C1=O,3.36,3.5960381486702806,0.23603814867028072
3156,train,CCCCC(O)c1[nH]c2cc(C)c(cc2c1CCc3ccccc3)C(=O)O,2.59,2.5725307817757495,-0.017469218224250405
489,train,COc1ccc2[nH]c3CCN(Cc3c2c1)C(=O)[C@@H]4CCCC[C@H]4C(=O)NC5(CC5)C#N,2.4,2.4884330147406866,0.08843301474068666
1646,train,O.O.O.CC(=O)O[C@@]12CO[C@@H]1C[C@H](O)[C@]3(C)[C@@H]2[C@H](OC(=O)c4ccccc4)[C@]5(O)C[C@H](OC(=O)[C@H](O)[C@@H](NC(=O)OC(C)(C)C)c6ccccc6)C(=C([C@@H](O)C3=O)C5(C)C)C,3.4,3.4099811982430746,0.00998119824307464
3020,train,COc1cc(C)c(c(C)c1)S(=O)(=O)N(C)CCOCC(=O)N2CCC(CC2)C3CCN(C)CC3,0.3,0.4204316949585474,0.12043169495854739
3884,train,Nc1c(nc(nc1N2CCOCC2)C#N)N3CCCCC3,2.71,2.681994947511407,-0.028005052488592863
579,train,CCc1nc2c(N)nc3ccccc3c2n1CCCCNS(=O)(=O)C,1.24,1.4449987341791193,0.2049987341791193
25,train,Clc1ccc(N2CCN(CC2)C(=O)CCCc3ccncc3)c(Cl)c1,3.93,4.0456972816670564,0.11569728166705628
2023,train,CCNC(=O)c1cc2c(c(cnc2[nH]1)c3cncc(c3)C(=O)N)n4ccc(n4)C(F)(F)F,1.81,1.755249230623467,-0.054750769376533004
4192,train,COc1cc(F)ccc1c2cncc(CNC3CCCCC3)c2,2.6,2.781130434105145,0.18113043410514473
4153,train,Fc1ccc(CNC(=O)CCS(=O)(=O)c2ccc(Br)cc2)cc1,3.1,3.1590488977448943,0.05904889774489419
2768,train,CN[C@@H](C)C(=O)N[C@H](C(=O)N[C@H]1CCCN(CCc2ccc(Br)cc2)C1)C(C)(C)C,2.92,2.495716933868241,-0.42428306613175915
1413,train,Cc1cc(CN2Cc3ccccc3C[C@H]2C(=O)Nc4ccc(Cl)cc4Cl)ccc1OCC(=O)O,2.41,2.4129429260401456,0.002942926040145455
2761,train,COc1cc2ncnc(Nc3ccc(F)c(Cl)c3)c2cc1OCCCN4CCCCC4,3.3,3.5200064243723546,0.22000642437235474
3579,train,CCOC(=O)c1cc(O)c(nn1)c2ccccc2,0.69,0.9113380365799906,0.22133803657999063
2522,train,O=C1C2CCC(N2)C(=O)N1Cc3ccccc3,2.21,2.1383744566856784,-0.07162554331432158
12,train,O=C1CCCCCN1,-0.08,-0.016952412382988058,0.06304758761701194
396,train,O=C(Nc1cccc(NC(=O)c2ccccc2)n1)c3ccccc3,4.02,4.3240826918602355,0.30408269186023595
2348,train,CC(C)N(c1ccnc(Nc2cc(cc(c2)N3CCOCC3)N4CCOCC4)n1)c5cc(CO)ccc5C,3.9,3.8825015275220065,-0.01749847247799341
91,train,Cc1cc(CCCOc2c(Cl)cc(cc2Cl)C3=NCCO3)on1,3.72,3.85573339938583,0.13573339938582984
486,train,OCCN1CC=CC[C@@H](C1)c2ccc(Cl)c(Cl)c2,2.37,2.592490545935398,0.22249054593539785
2025,train,CC1=C(CCC(=O)O)C(=O)Oc2c(C)c(O)ccc12,-0.3,-0.13892654442566954,0.16107345557433045
969,train,COc1cc(CCc2cc(Nc3ccnc(NCc4ccccn4)n3)n[nH]2)cc(OC)c1,3.5,3.6994697135475736,0.1994697135475736
1038,train,Fc1ccccc1COc2cc(OCCCN3CCCC3)ccc2C(=O)Nc4ccccc4,3.85,3.914268423686897,0.06426842368689689
3386,train,CN1CCN(CC1)C(=O)c2cccc(CC3=NNC(=O)c4ccccc34)c2,0.92,1.0961279482052395,0.17612794820523947
2988,train,CCN1C(=O)N(CC)c2[nH]c(nc2C1=O)c3ccccc3,3.3,3.8655002230727007,0.5655002230727009
2873,train,CCOc1ccc(CCNCCCSCCNC[C@H](O)c2ccc(O)c3NC(=O)Sc23)cc1,0.41,0.3479155877357598,-0.06208441226424016
659,train,Nc1nc(N)c2cc(NCc3ccc(Cl)c(Cl)c3)ccc2n1,2.22,2.6285045156885936,0.40850451568859336
2548,train,COc1ccc(cc1)c2nc3c(NCCCNC(=O)C)c(Br)cnc3[nH]2,3.28,3.2404378904969597,-0.039562109503040066
2890,train,CN(CCNC[C@H](O)c1ccc(O)c2NC(=O)Sc12)C(=O)CCOCCc3ccccc3,1.21,1.7225706158363356,0.5125706158363357
1218,train,NC(=O)Nc1cc(sc1C(=O)N[C@H]2CCCNC2)c3ccccc3,1.04,1.1217560305329015,0.08175603053290148
4104,train,CCN1CCCC1CNC(=O)c2cc(ccc2OC)S(=O)(=O)N,-1.2,-1.0976851928511104,0.10231480714888952
170,train,CCN1CCC[C@H]1CNC(=O)c2c(O)c(Cl)cc(Cl)c2OC,1.09,1.0050213532964876,-0.08497864670351252
4078,train,FC(F)(F)c1ccc(NC(=O)N2CCN(C[C@@H]3CCCN(C3)C4CC4)CC2)cc1Cl,4.06,4.002221009913333,-0.05777899008666676
3836,train,OC(=O)c1ccccc1NC(=O)Nc2ccccc2,-0.12,-0.2826772644069715,-0.1626772644069715
1501,train,COCCC(C)n1nc(C)c(C(=O)N[C@@H](C)C(C)(C)C)c1NS(=O)(=O)c2ccc(C)cc2,0.78,0.6767422968995358,-0.10325770310046423
1603,train,CCOc1cc2ncc(C(=O)N)c(Nc3ccc(F)cc3F)c2cc1N4CCC(O)CC4,2.74,2.746438073279147,0.006438073279146916
1535,train,CC(C)Nc1nc(NCc2ccccc2)c3sccc3n1,3.9,3.9870116293646616,0.08701162936466167
3495,train,CNC(=O)c1cccc(NC(=O)Nc2cccc(c2)C#N)c1CN3CCC(Cc4ccc(F)cc4)CC3,3.97,3.9558070584638454,-0.014192941536154802
1921,train,COc1cc(Oc2ccnc3ccc(F)cc23)ccc1CC(=O)Nc4noc(C)c4C,4.06,4.419628114717909,0.3596281147179097
682,train,CCc1csc(n1)N2CCN(CC2)C(=O)[C@@H]3CCCC[C@H]3C(=O)NC4(CC4)C#N,2.1,1.8895817613537933,-0.2104182386462068
3175,train,COc1cc(O)c(cc1NC(=O)CCC(=O)O)S(=O)(=O)N2C(C)CCc3ccccc23,-0.27,-0.40541277618381244,-0.13541277618381242
2500,train,O=C1C(=O)c2cc(ccc2c3ccccc13)c4ccsc4,3.1,3.2321573980093725,0.13215739800937243
2465,train,Nc1cc(nc2ccccc12)c3ccccc3,2.2,2.5106072056712967,0.3106072056712965
529,train,CN(c1ccnc(Nc2cc(CN3CCOCC3)cc(c2)N4CCOCC4)n1)c5cc(CO)ccc5C,3.0,3.0280481442042095,0.028048144204209535
1133,train,C[C@@H]1CCCN1CCc2oc3ccc(cc3c2)c4ccc(cc4)C#N,3.51,3.428337865591086,-0.0816621344089139
1173,train,Cc1ccc(s1)C(NC(=O)c2ccccc2O)C(=O)Nc3c(C)cccc3C,4.05,4.288484177841989,0.23848417784198883
354,train,CC1(C)N(Cc2ccnc(c2)N3CCOCC3)C(=O)N(C1=O)c4ccc(SC(F)(F)F)cc4,3.73,3.9488809169786014,0.21888091697860146
3430,train,C[C@H](Nc1nc(Nc2cc(C)[nH]n2)c(Cl)c(n1)N3CCOCC3)c4ncc(F)cn4,2.61,2.944014126639958,0.33401412663995833
1309,train,N[C@H](Cc1c[nH]c2ccccc12)C(=O)O,-0.92,-0.6855840388994534,0.23441596110054663
3384,train,CC(C)Oc1cc(ccc1NC(=O)CN2CCOCC2)c3cccc4C(=O)C=C(Oc34)N5CCOCC5,3.0,3.266250571632391,0.2662505716323911
3417,train,CC(=O)c1noc(C)c1C(=O)Nc2nccs2,1.94,2.059998308556023,0.11999830855602323
4097,train,COc1cc(c2nc(cc(n2)C3(CC3)S(=O)(=O)C)N4CCOCC4)c5cc[nH]c5c1,2.4,2.482347831410649,0.08234783141064916
3590,train,COc1cc(cc2cnc(Nc3ccc(cc3)[C@@H](C)NC(=O)C)nc12)c4ccncc4,2.73,2.922328898487171,0.19232889848717116
3287,train,CNc1cccc(CCOc2ccc(C[C@H](NC(=O)c3c(Cl)cccc3Cl)C(=O)O)cc2)n1,-0.15,0.04662821629269498,0.19662821629269497
509,train,CC1(C)[C@@H]2CC[C@@]1(CS(=O)(=O)NC3CCN(CC3)c4ccc(cn4)C(F)(F)F)C(=O)C2,3.84,4.059146540772188,0.2191465407721882
1584,train,O=S(=O)(Nc1cccnc1)c2ccccc2,0.84,1.1708500617756898,0.3308500617756899
1978,train,CC(=O)NC[C@H]1CN(C(=O)O1)c2ccc(N3CCN(CC3)c4cnccn4)c(F)c2,1.49,2.0588420724057146,0.5688420724057146
960,train,C[C@]12N[C@H](Cc3ccccc13)c4ccccc24,1.6,1.821290213025255,0.22129021302525498
902,train,NC(Cc1cc(I)c(Oc2ccc(O)c(I)c2)c(I)c1)C(=O)O,0.97,1.0739568652420275,0.10395686524202752
536,train,Oc1ccc(cc1)C2=Cc3ccc(O)cc3OC2=O,2.9,2.8413917897390895,-0.058608210260910454
3577,train,NC(=N)c1cc2c(\C=C\c3ccc4OCOc4c3)cccc2s1,2.2,2.362031926461761,0.1620319264617609
1685,train,C[C@@H](c1ncncc1F)[C@](O)(Cn2cncn2)c3ccc(F)cc3F,1.7,2.1503904368722244,0.45039043687222446
1005,train,C[C@H](Nc1nc(Nc2ncc(C#N)s2)cc(n1)N3CCOCC3)c4ncc(F)cn4,2.26,2.5108127290502678,0.25081272905026797
504,train,CN1[C@@H]2CC[C@H]1C[C@H](C2)OC(c3ccccc3)c4ccccc4,1.49,1.4642517971473166,-0.02574820285268342
3465,train,CC[C@H](C)C(=O)O[C@H]1C[C@H](O)C=C2C=C[C@H](C)[C@H](CC[C@@H](O)C[C@@H](O)CC(=O)O)[C@@H]12,-0.76,-0.3359255638859997,0.4240744361140003
2007,train,NC(=O)Nc1sc(cc1C(=O)N[C@H]2CCCNC2)c3ccc(F)cc3,1.76,2.1043833038994517,0.3443833038994517
2607,train,CCCc1c(O)c(ccc1OCc2ccc(cc2)c3nn[nH]n3)C(=O)C,3.1,3.36037652072899,0.2603765207289901
128,train,Cn1ncnc1COc2nn3c(nnc3cc2C(C)(C)C)c4cc(F)ccc4F,2.4,2.5998909415620592,0.19989094156205933
539,train,COc1ccc(cc1)c2cc(O)c3cc(Cl)ccc3n2,2.7,2.6231027960728346,-0.07689720392716559
2179,train,COc1cc2ncnc(Nc3cccc(Cl)c3F)c2cc1OC4CCN(CC4)S(=O)(=O)C,2.82,3.1573142182670297,0.3373142182670299
3799,train,O=C(Nc1ccc(cc1)N2CCOCC2)c3oc(Nc4ccccc4)nn3,3.15,3.1214860037745886,-0.028513996225411287
1936,train,CCN1CCN(Cc2ccc(cc2)c3cc4c(N[C@H](C)c5ccccc5)ncnc4[nH]3)CC1,3.97,4.210808844738786,0.2408088447387855
2841,train,CCN1CCC[C@H](C1)C(=O)N2CCN(CC2)C(=O)Nc3ccc(Cl)c(Cl)c3,1.6,2.1938065719413666,0.5938065719413665
2991,train,CN1C(=O)NC(=O)C(C)(C2=CCCCC2)C1=O,1.5,1.6453455043359497,0.14534550433594973
1643,train,CN[C@@H](C)C(=O)N[C@H](C(=O)N[C@H]1CCCN(CCc2ccc(O)cc2)C1)C(C)(C)C,0.77,0.5776893521376201,-0.19231064786237995
1066,train,Cc1onc(C)c1CCC2CCN(CC2)S(=O)(=O)CC3(CCOCC3)N(O)C=O,0.9,0.7451132429533422,-0.15488675704665777
1099,train,C1NC(Cc2ccccc12)c3ccccc3,1.9,1.9796610465505138,0.07966104655051387
1189,train,CN(C)c1nc(Cc2ccc(NC(=O)c3ccc(cc3)C(F)(F)F)cc2)nc(N(C)C)c1CC(=O)O,1.46,1.1805349218572319,-0.2794650781427681
2034,train,Cc1ccc2c(c1)c([S+]([O-])c3ccc(Cl)cc3)c(C)n2CC(=O)O,0.05,0.19542468520523615,0.14542468520523616
2617,train,CC(C)CN1C(=O)N(C)C(=O)c2c1sc(Cc3ccccc3C(F)(F)F)c2S(=O)(=O)N4CC[C@@H](O)C4,3.32,3.299509147591622,-0.02049085240837778
2793,train,CC(=O)NC[C@H]1CN(C(=O)O1)c2ccc(N3CCN(CC3)c4ccc(cn4)C#N)c(F)c2,1.98,2.3667000934933182,0.38670009349331824
1721,train,COc1cc2c(Nc3c(Cl)ccc4OCOc34)ncnc2cc1OCC5CCN(C)CC5,1.83,1.9115472305901449,0.08154723059014479
614,train,CN1SC(=NC1=O)NCc2ccccc2,1.2,1.7576297168152786,0.5576297168152786
1006,train,CCN(CC)CCNC(=O)c1ccc(N)cc1,-0.92,-0.7570493640285241,0.16295063597147597
1337,train,N(c1ccccc1)c2[nH]nnc2c3ccccc3,3.37,3.4026297711725073,0.032629771172507205
415,train,Fc1cc(C(=O)Nc2cccc(c2)c3nnn[nH]3)c4nc[nH]c4c1,0.29,0.44887321056437113,0.15887321056437115
2691,train,Oc1ccc(cc1)C2=CC(=O)c3ccccc3N2,2.34,2.8572589752014297,0.5172589752014298
2467,train,COc1ccc(cc1)c2cc3c(N[C@H]4CCCNC4)ncc(C(=O)N)c3s2,1.82,2.180193891573758,0.3601938915737579
1440,train,Nc1ncccc1NCc2cccc(c2)c3cccnc3,3.0,3.3347331153992736,0.33473311539927364
2050,train,COc1cnc(nc1N(C)c2ccccc2)c3ccccn3,2.79,2.78374130741511,-0.006258692584890202
3202,train,CC(C)CN1C(=O)N(C)C(=O)c2c(SC(C)C)c(Cc3ccccc3C(F)(F)F)sc12,4.42,4.644076413122725,0.22407641312272464
1955,train,Cn1cnc(c1Sc2ncnc3nc[nH]c23)[N+](=O)[O-],0.19,0.2663441645252722,0.0763441645252722
574,train,CN[C@H]1CC[C@@H](c2ccc(Cl)c(Cl)c2)c3ccccc13,3.15,3.279381733888269,0.12938173388826923
2243,train,COc1cc(CNc2nc3ccccc3[nH]2)cc(OC)c1OC,2.36,2.322985294276599,-0.03701470572340071
933,train,Cc1ccc(cc1)S(=O)(=O)c2ccccc2,2.74,3.0041956508787653,0.26419565087876506
134,train,CC(C)NCC(O)COc1ccc(COCCOC(C)C)cc1,0.1,-0.1500864602898888,-0.2500864602898888
2211,train,CC1=CN([C@H]2CCCN(C2)S(=O)(=O)c3ccc(O)c(Oc4cccc(F)c4)c3)C(=O)NC1=O,1.6,1.788658217749091,0.18865821774909097
164,train,FC(F)(F)c1nnc2ccc(nn12)N3CCCCC3,3.0,3.1691153150332547,0.16911531503325472
750,train,CC1=CN([C@H]2CCCN(Cc3ccc(C(=O)O)c(Oc4cccc(Br)c4)c3)C2)C(=O)NC1=O,-0.51,0.006905790929070399,0.5169057909290704
3435,train,CC(C)[C@@H]1N=C(c2ccccc2)c3ccccc3NC1=O,3.05,3.0079892503402323,-0.04201074965976748
1486,train,Oc1ccc(cc1)c2nc3ccccc3nc2c4ccc(O)cc4,2.7,2.8749509711961716,0.17495097119617142
1755,train,CC1=C(OCc2ccccc2)C(=O)C=CO1,1.87,2.396785904548379,0.5267859045483787
816,train,CC(C)CN1C(=O)N(C)C(=O)c2c1sc(Cc3ccnc4ccccc34)c2C(=O)N5C[C@H](O)CO5,2.14,2.1542203200461034,0.014220320046103296
1230,train,Cc1onc(c1)[C@H](O)[C@](C)(OCc2ccc(cc2)c3ccccc3)C(=O)NO,2.88,3.006836266713945,0.1268362667139451
3650,train,Brc1cnc(NCc2ccccc2)nc1Nc3cc([nH]n3)C4CC4,4.11,4.153722566914981,0.043722566914980554
4185,train,Cc1ccnc(NS(=O)(=O)c2ccc(N)cc2)n1,-0.51,-0.3918631947822111,0.11813680521778891
3397,train,CC1CCCCC1NC(=O)c2c(C)nn(c2NS(=O)(=O)c3ccc(C)cc3)c4ccccc4,1.94,2.233711862562631,0.29371186256263115
908,train,CCN1C=C(C=C(C)C1=O)[C@@]2(N=C(N)c3c(F)cccc23)c4cccc(c4)c5cc(ccn5)C#CC,4.4,4.64109102974132,0.24109102974131957
3518,train,CCn1c(nc2c(ncc(OCC3CCCNC3)c12)C#CC(C)(C)O)c4nonc4N,0.6,0.5628483018647485,-0.03715169813525143
741,train,O=C1Nc2ccccc2C=C1,1.32,1.5885360524454883,0.2685360524454883
2656,train,Cc1cc(C)cc(CCOCCS(=O)(=O)NCCNCCc2ccc(O)c3nc(O)sc23)c1,2.45,2.227981168211726,-0.22201883178827408
2442,train,CC12NC(Cc3ccccc13)c4ccccc24,1.7,1.6335024861490093,-0.06649751385099067
3940,train,CCN1CCN(CC1)C(=O)c2cc3ccccc3[nH]2,1.95,2.1604934619960505,0.21049346199605057
1215,train,CC(C)C(NC(=O)CN1C(=O)C(=CC=C1c2ccccc2)NC=O)C(=O)C(F)(F)F,1.84,2.0564290609736933,0.2164290609736932
3593,train,C[C@H](Nc1nc(Nc2ncc(C)s2)cc(n1)N3CCOCC3)c4ncc(F)cn4,2.68,2.8455764148661915,0.16557641486619135
2813,train,NC(=O)c1cc(sc1N)c2ccccc2,2.7,2.9168392161662218,0.2168392161662216
2336,train,Nc1ccc(Cl)c(c1)c2oc3cccnc3n2,1.97,2.263293925407756,0.29329392540775623
3466,train,O[C@H](CNC(=O)c1cccc(c1)C#N)CN2CCC(CC2)Oc3ccc(Cl)c(Cl)c3,3.48,3.593611910307241,0.11361191030724083
2296,train,OC(=O)c1ccc(Nc2ncc3CN=C(c4cc(Cl)ccc4c3n2)c5c(F)cccc5F)cc1,2.58,2.5607845803871676,-0.019215419612832463
3750,train,COc1ccc2c(Oc3ccc(CC(=O)Nc4n[nH]c(C)c4C)c(OC)c3)ccnc2c1,3.78,4.175124030416514,0.3951240304165142
2779,train,CN(C)S(=O)(=O)c1ccc2OCC(=O)N(CCN3CCC(CC3)NCc4ccc5OCC(=O)Nc5n4)c2c1,0.15,0.43016237948962943,0.2801623794896294
2647,train,CNCC[C@H](Oc1cccc2ccccc12)c3cccs3,2.09,2.1952843754292326,0.10528437542923275
1667,train,CC(=O)Nc1cccc2c1c(Oc3ccc(Cl)cc3)c(C)n2CC(=O)O,-1.41,-1.0339733067616024,0.37602669323839755
283,train,CN1CCN2C(C1)c3ccccc3Cc4cccnc24,2.82,3.093517838831287,0.2735178388312871
3628,train,C[C@@H](NC(=O)[C@@H]1CCCC[C@H]1C(=O)N2CCc3[nH]c4ccc(F)cc4c3C2)C#N,3.1,3.567765764313549,0.4677657643135489
2646,train,COc1ccc(cc1)c2c(C)[nH]nc2c3ccc(O)cc3O,3.37,3.4772156401256336,0.10721564012563345
1393,train,Cc1cc(Nc2ccnc(NCc3onc(c3)C4CC4)n2)n[nH]1,2.5,2.6360946780223022,0.13609467802230224
3075,train,CCN(CCCOCCOCCc1ccccc1)CCc2ccc(O)c3nc(O)sc23,2.45,2.7445778825132274,0.29457788251322725
3319,train,CN1[C@@H]2CC[C@H]1C[C@H](C2)OC(=O)C(O)c3ccccc3,-1.29,-1.0543925080087941,0.2356074919912059
3844,train,NC(=O)c1ccc(O[C@H]2C[C@H]3CC[C@@H](C2)N3Cc4ccccc4)nc1,1.25,1.4479812264280612,0.19798122642806115
2989,train,CN(C)C(=O)N[C@@H]1CC[C@@H](CCN2CCN(CC2)c3ccc(Cl)cc3)CC1,2.81,3.059105339627718,0.24910533962771808
372,train,Cc1cccc(Nc2ccccc2C(=O)O)c1C,1.89,1.9625854580664839,0.07258545806648398
2886,train,CC(C)Cn1cnc2c(N)nc3ccccc3c12,2.52,2.79276272487468,0.27276272487468
1387,train,NC(=O)c1cc2ccccc2nc1N,1.07,1.196234204801777,0.12623420480177683
3132,train,CC(C)n1c(C)ncc1c2nc(Nc3ccc(C(=O)N(C)C)c(F)c3)ncc2F,3.14,3.2864016926219413,0.14640169262194114
3109,train,COc1ccc2[nH]c(cc2c1)C(=O)N3CCN(C)CC3,1.62,1.3969518711144684,-0.22304812888553172
210,train,Cc1ccc2c(n1)c(Sc3ccc(Cl)cc3)c(C)n2CC(=O)O,0.35,0.6933465043050338,0.3433465043050338
2100,train,COc1ccccc1N2CCN(CC3=C(Br)C(=O)N(N3C)c4ccccc4)CC2,2.5,2.6225130411895163,0.12251304118951634
3432,train,CN(C)C(=O)c1ccc(CN2CCC(CC2)c3ccc(cc3)C(=O)Nc4ccccc4N)cc1,1.53,1.7874628067539076,0.25746280675390754
2247,train,COc1cc2c(Nc3ccc(Cl)cc3F)ncnc2cc1OC[C@@H]4CCCN(C)C4,2.9,3.1491964965371153,0.2491964965371154
651,train,CS(=O)(=O)N1CCN(Cc2cc3nc(nc(N4CCOCC4)c3s2)c5cccc6[nH]ncc56)CC1,3.3,3.444951758290335,0.14495175829033524
2397,train,CC(C)n1c(C)ncc1c2nc(Nc3ccc(cc3)C(=O)NC4CCN(C)CC4)ncc2F,2.13,2.3805563698405217,0.25055636984052176
1177,train,CN1CCN(CC(=O)Nc2ccc(C3=CC=CN4C(=O)C=C(N=C34)N5CCOCC5)c6sc7ccccc7c26)CC1,2.6,2.80674930094808,0.20674930094808008
4137,train,C[C@@](O)(C(=O)Nc1ccc(cc1Cl)S(=O)(=O)NCCN2CCOCC2)C(F)(F)F,2.14,2.185600020166523,0.04560002016652298
2970,train,Cc1ccc2c(c1)c(Sc3ccccc3Cl)c(C)n2CC(=O)O,1.71,2.056292364616922,0.34629236461692203
2298,train,CCO\N=C(\C1CCN(CC1)C2(C)CCN(CC2)C(=O)c3c(C)cc[n+]([O-])c3C)/c4ccc(Br)cc4,2.14,2.2787700129261497,0.13877001292614954
3542,train,CC(C)CN1C(=O)N(C)C(=O)c2c(SCCCO)n(Cc3cccc4ccccc34)cc12,4.36,4.423203433678411,0.06320343367841108
2780,train,O\N=C\1/C(=O)N(Cc2ccccc2[N+](=O)[O-])c3ccccc13,2.07,2.1846492712560304,0.11464927125603053
1634,train,Fc1ccc(cc1)N2CCN(CC2)C(=O)[C@@H]3CCCC[C@H]3C(=O)NC4(CC4)C#N,2.12,2.348946679003313,0.22894667900331278
4071,train,CC1CN(CCN1)C(=O)c2cc3ccccc3[nH]2,0.94,1.045191615078647,0.10519161507864716
2688,train,CCNC(=O)c1cc2c(c(cnc2[nH]1)c3cncc(c3)C(=O)NC)n4ccc(n4)C(F)(F)F,2.21,2.50641343733778,0.29641343733778003
4109,train,CS(=O)(=O)c1ccc(CC(=O)N(C2CC2)C3CCN(CCC(c4ccccc4)c5ccccc5)CC3)cc1,2.89,3.239281871181586,0.34928187118158593
2308,train,Cc1ccc(cc1NC(=O)c2ccc(OCc3ccccn3)cc2)c4ccc(N)nn4,2.47,2.999971272680295,0.529971272680295
2068,train,CC(C)n1c(C)ncc1c2ccnc(Nc3ccc(F)cc3)n2,3.62,3.912091256385554,0.2920912563855538
437,train,COc1ccc(CNC(=O)Nc2ncc(s2)[N+](=O)[O-])cc1,2.9,3.089759294350935,0.1897592943509352
3069,train,CNc1nc2ccccc2n1Cc3sc4N(CC(C)C)C(=O)N(C)C(=O)c4c3C(=O)N5C[C@H](O)CO5,1.77,1.8050726223083862,0.03507262230838615
87,train,C[C@H]1CN(Cc2cc(Cl)ccc2OCC(=O)O)CCN1C(=O)Cc3ccccc3,0.18,0.6895793587056043,0.5095793587056043
1044,train,C[C@@H](N1CCC[C@@H](C1)N2C=C(C)C(=O)NC2=O)c3ccc(C(=O)O)c(Oc4cccc(Cl)c4)c3,-0.3,-0.005898456523541373,0.2941015434764586
991,train,CC1=C(Cc2ccccc2)C(=O)n3nc(NCc4ccc(Cl)cc4)nc3N1,3.7,4.205987447686683,0.5059874476866826
461,train,C[C@@H]1CN(CCN1C(=O)[C@@H]2CCCC[C@H]2C(=O)NC3(CC3)C#N)c4ccc5c(C)nnc(C)c5c4,1.93,1.913040681203119,-0.01695931879688084
2509,train,C(Oc1ccccc1)C2CNCCO2,0.2,0.21114131494456,0.011141314944559999
681,train,COc1cc2ncnc(N3CC[C@H](C3)Oc4cnc5ccccc5n4)c2cc1OC,4.04,4.184904442425962,0.144904442425962
2132,train,COc1cc2c(Nc3ccc(Br)cc3F)ncnc2cc1OC[C@@H]4CCCN(C)C4,3.05,3.344789919672194,0.29478991967219415
2095,train,CC(C)CN1C(=O)N(C)C(=O)c2cn(Cc3cccc4ccccc34)cc12,4.41,4.751933289904674,0.34193328990467364
2642,train,COc1cc2ncnc(Nc3cccc(Cl)c3F)c2cc1OC4CCN(C)CC4,2.72,2.9550216798233717,0.23502167982337152
1329,train,Cc1ccc(cc1c2ccc(nc2)C(=O)NCC3CC3)C(=O)NC4CC4,3.36,3.31276217108082,-0.047237828919179936
3364,train,CC(=O)NCc1ccc(CN2CCN(CC2)c3ccccc3)cc1,1.78,2.2269834383987073,0.44698343839870724
3685,train,CC(C)n1c(C)ncc1c2nc(Nc3ccc(C(=O)N)c(F)c3)ncc2F,3.14,3.5056087292627005,0.3656087292627004
1587,train,CC(C)N1CCN(Cc2cnc(c3ccc(cc3)C(=O)Nc4ccccc4N)c(c2)C#N)CC1,1.28,1.4579473214199519,0.17794732141995184
3370,train,CCOc1cc(CC(=O)N[C@@H](CC(C)C)c2ccccc2N3CCCCC3)ccc1C(=O)O,2.31,2.586693247120374,0.2766932471203738
515,train,O=C(Nc1nnn[nH]1)C2=CC(=C3C=CC=CN3C2=O)Oc4ccccc4,0.67,0.8705827541439208,0.2005827541439208
3761,train,O=C(N1CCCCC1)c2csc3CCCCc23,3.2,3.303034522238824,0.10303452223882381
3296,train,C1CC(CCN1)c2ccccc2,0.54,0.7900366710614746,0.25003667106147454
2962,train,COc1cc2ncnc(Nc3ccc(F)c(Cl)c3)c2cc1OCCN4CCCC4,3.28,3.358060289956171,0.07806028995617131
316,train,Nc1ncc(nc1C(=O)Nc2cccnc2)c3ccc(cc3)S(=O)(=O)N4CCOCC4,2.83,2.6970008646129875,-0.13299913538701258
194,train,C[C@@H]1N[S@@](=O)(=NC1=O)c2cccc(c2)c3ccc(C)cc3,1.6,1.6179805741810758,0.01798057418107568
3778,train,Clc1ccc2OCOc2c1Nc3ncnc4cc(OCCN5CCCC5)cc(OC6CCOCC6)c34,2.6,2.7593877085554976,0.15938770855549755
1292,train,Cn1c(Nc2ccc(cc2)C(F)(F)F)nc3cc(Oc4ccnc(c4)c5ncc([nH]5)C(F)(F)F)ccc13,3.45,3.329858738344785,-0.1201412616552151
361,train,Clc1ccc(NS(=O)(=O)c2ccc(Cl)s2)c(c1)C(=O)Nc3ccc(cc3)S(=O)(=O)N4CCOCC4,3.02,3.0379017018649734,0.01790170186497342
873,train,CN1N(C(=O)C=C1C)c2ccccc2,0.11,0.22931974397622024,0.11931974397622024
3481,train,COc1cc(ccc1Cn2ncc3ccc(NC(=O)CC4CCCC4)cc23)C(=O)NS(=O)(=O)c5ccccc5,1.6,1.9758515097213438,0.37585150972134374
851,train,CC(=O)C1=CN(Cc2ccccc2)C(=O)N(Cc3ccc(F)cc3)C1=O,3.2,3.237696663252064,0.03769666325206389
1411,train,Clc1ccc2OCOc2c1Nc3ccnc(Nc4ccccc4)n3,3.9,4.031797005897681,0.13179700589768073
3471,train,Fc1ccc2c3CN(CCc3[nH]c2c1)C(=O)[C@@H]4CCCC[C@H]4C(=O)NC5(CC5)C#N,2.99,3.112616226212708,0.12261622621270796
1297,train,COc1c(cc2ccccc2c1C(=O)N(C)C[C@@H](CCN3CCC(CC3)N4CCCNC4=O)c5ccc(Cl)c(Cl)c5)C#N,3.0,3.436660134942765,0.4366601349427648
3078,train,CN(Cc1oc2ccccc2c1C)C(=O)\C=C\c3cnc4NC(=O)CCc4c3,2.36,2.7663932116268546,0.4063932116268547
4100,train,COc1ccc(Nc2cc(Nc3ccc(OCC(O)CN(C)C)cc3)ncn2)cc1,1.5,1.7223520823612803,0.22235208236128035
4174,train,C(Cn1c2CCCCc2c3c(nc(nc13)N4CCCC4)N5CCCC5)N6CCOCC6,3.6,3.575719703389428,-0.024280296610572183
516,train,COc1cccc2c(O)cc(nc12)c3ccccc3,2.3,2.4815655993835994,0.18156559938359962
2337,train,C[C@@H]1CN(Cc2ccc(F)cc2)CCN1C(=O)COc3ccc(Cl)cc3NC(=O)N,1.91,2.0555234860079366,0.14552348600793663
370,train,COCCS(=O)(=O)N1CCN(CC1)c2ccc(Nc3nccc(n3)c4cnc(C)n4C(C)C)cc2,2.75,2.7514850870808387,0.0014850870808387207
576,train,CCCN(C)c1nc(ccc1C(=O)NC2CCCCC2)N3CCC[C@@H](CC(=O)O)C3,2.28,2.2559286751100998,-0.024071324889900048
3406,train,COc1cc(ccc1Nc2ncc(OC)c(n2)c3cnc4ccccn34)N5CCN(CC5)C(=O)C,3.2,3.2392496350546223,0.03924963505462209
3859,train,COc1cc2ncnc(Nc3cccc(Cl)c3F)c2cc1CN(C)C4(CCN(C)CC4)C(=O)N,2.16,2.328833160805361,0.16883316080536082
1239,train,C[C@H]1COCCN1c2cc(CS(=O)(=O)C)nc(n2)c3ccc4[nH]ccc4c3,2.38,2.580489961029218,0.20048996102921812
67,train,COc1cc2ncnc(Nc3ccc(F)c(Cl)c3)c2cc1OCCCN4CCCC4,3.13,3.2637417914375293,0.1337417914375294
1830,train,Nc1ccc2c(c1)C(=O)C(=O)c3cc(N)ccc23,1.72,1.960447411401282,0.240447411401282
89,train,Cc1nc(C)c(nc1C(=O)N)c2ccc([C@@H]3CC[C@@H](CC(=O)O)CC3)c(F)c2,1.3,1.4291392102178062,0.12913921021780617
149,train,OCC(CO)N1C=Cc2c(NC(=O)CC34CC5CC(CC(C5)C3)C4)cccc2C1=O,2.62,2.768970620078559,0.148970620078559
1709,train,CC1(COc2ccc3c(c2)ncn3c4ccc5cccc(N6CCC(N)CC6)c5n4)COC1,1.99,2.270609357879158,0.2806093578791582
2426,train,COc1ccc(cc1OC2CCCC2)[C@@]3(CC[C@H](CC3)C(=O)O)C#N,0.76,0.6528071894639584,-0.10719281053604157
3117,train,Cc1cc(F)ccc1OC2CCN(CC3CCN(CC3)[C@@H](Cc4ccc(F)cc4)C(=O)O)CC2,1.81,2.1913669620906844,0.3813669620906843
1998,train,NC(=O)CN1C(=O)C(Cc2ccccc12)NC(=O)c3cc4cc(Cl)sc4[nH]3,3.22,3.643583833922452,0.4235838339224518
2964,train,CN1SC(=O)c2cc(ccc12)S(=O)(=O)N,0.3,0.3297293526464493,0.029729352646449325
2830,train,CCN1C=C(C(=O)O)C(=O)c2cc(F)c(N3CCNC(C)C3)c(F)c12,-1.1,-0.9910128130392972,0.10898718696070286
2913,train,CCN(CC)CCNC(=O)c1cc(Cl)c(N)cc1OC,0.34,0.43822184490041205,0.09822184490041203
1909,train,COc1cc2ncc(C(=O)N)c(Nc3ccc(F)cc3F)c2cc1NCCN4CCOCC4,2.68,2.7018147085815296,0.02181470858152945
4103,train,NC1=NC2(CCN(CC2)C(=O)c3ccc(cc3)C#N)Nc4c(F)ccc(F)c14,0.86,1.034658207619183,0.17465820761918305
1735,train,OC1N=C(c2ccccc2Cl)c3cc(Cl)ccc3NC1=O,2.38,2.6894386739858596,0.30943867398585967
2332,train,CNCc1ccc(cc1)c2[nH]c3cc(F)cc4C(=O)NCCc2c34,1.17,1.3700745304494977,0.20007453044949775
2156,train,CC(C)c1c(O)c(O)c(C=O)c2c(O)c(c(C)cc12)c3c(C)cc4c(C(C)C)c(O)c(O)c(C=O)c4c3O,2.75,2.8696526095659687,0.11965260956596868
560,train,O[C@]1(CN2CCC1CC2)C#Cc3ccc(Oc4ccc(cc4)C(=O)NC5CCCS(=O)(=O)C5)cc3,1.4,1.4773244139708166,0.07732441397081669
260,train,OC(=O)COc1ccc(cc1CN2CCN(CC2)S(=O)(=O)c3ccccc3)C(F)(F)F,0.4,0.5983327607073261,0.19833276070732608
943,train,CC(C)N1C(=O)N(CC2CC2)c3nn(Cc4ccnc5ccc(Cl)cc45)c(c6cncn6C)c3C1=O,4.02,4.377384910959702,0.35738491095970204
1456,train,Fc1cccc(COc2cc(OCCCN3CCCC3)ccc2C(=O)Nc4ccccc4)c1,3.67,3.792526883250873,0.12252688325087302
1064,train,Cc1cccc(NS(=O)(=O)c2ccc(cc2)c3ccc(cc3)C#N)n1,2.42,2.404963183607033,-0.015036816392966834
3934,train,CCN(C1CCN(CC[C@H](C2CCN(CC2)S(=O)(=O)C)c3ccccc3)CC1)C(=O)Cc4ccc(cc4)S(=O)(=O)C,1.05,1.596531009463188,0.5465310094631879
3266,train,CC[C@@H](CO)Nc1nc(SCc2ccccc2)nc3nc(N)sc13,2.99,3.1807408477806582,0.19074084778065803
1439,train,CN(C1CCN(CCC(c2ccccc2)c3ccccc3)CC1)C(=O)Cc4ccc(Cl)cc4,3.5,3.7032228371545566,0.20322283715455658
2251,train,CS(=O)(=O)c1cccc(Nc2nccc(Nc3cccc4OCOc34)n2)c1,2.83,3.095851488677196,0.2658514886771961
1371,train,COc1ccccc1C2=COc3cc(O)ccc3C2=O,2.55,2.9297842617697873,0.3797842617697875
3478,train,O=C1C=C(Nc2cc(Cc3ccccc3)ccc12)c4cccnc4,3.46,3.7403668060309583,0.2803668060309583
3403,train,CS(=O)(=O)c1ccc2[nH]c3CCN(Cc3c2c1)C(=O)[C@@H]4CCCC[C@H]4C(=O)NC5(CC5)C#N,1.5,1.5767585184088375,0.07675851840883752
2177,train,CN1C(=O)N(CC2CC2)c3nn(Cc4ccnc5ccc(Cl)cc45)c(c3C1=O)c6nc(cn6C)S(=O)(=O)C,2.64,2.9471163117728727,0.3071163117728726
2914,train,CC(C)C(NC(=O)CN1C(=O)C(=CC=C1c2ccccc2)NC(=O)NCc3ccccn3)C(=O)C(F)(F)F,2.15,2.202326884996117,0.05232688499611715
3546,train,COc1ccc(CNCc2cccc(CCNC[C@H](O)c3ccc(O)c4NC(=O)Sc34)c2)cc1,0.86,0.8487098914942783,-0.011290108505721652
319,train,CC[C@H](NC(=O)c1c([S+](C)[O-])c(nc2cc(Br)ccc12)c3ccccc3)c4ccccc4,3.18,3.16384803307703,-0.01615196692296994
456,train,Cc1ncc(CO)c(CO)c1O,-0.58,-0.4046645511023601,0.17533544889763986
3033,train,CC(=O)Nc1cc(CN2C(=O)N(C(=O)C2(C)C)c3ccc(SC(F)(F)F)cc3)ccn1,2.93,3.089121438251262,0.1591214382512618
451,train,Nc1n[nH]cc1c2cc(ccc2Oc3cc(F)c(cc3Cl)S(=O)(=O)Nc4cscn4)C(F)(F)F,2.65,2.660395875106021,0.010395875106020913
3491,train,CCc1cc2C(=NCc3nnc(C)n3c2s1)c4ccccc4Cl,2.52,2.9749389081966564,0.4549389081966564
1552,train,NC(=N)N1CCc2ccccc2C1,-1.01,-0.9774938776418045,0.0325061223581955
4015,train,Cn1cnc2c(c3ccc(cc3)C4(N)CCC4)c(ccc12)c5ccccc5,2.5,2.33469391997795,-0.16530608002205005
281,train,CC(=O)Nc1ccc2c(c1)c(Sc3ccc(Cl)cc3)c(C)n2CC(=O)O,0.2,0.13014667266046231,-0.0698533273395377
823,train,CNC(=O)C[C@H](Nc1ncc(Cl)c(Nc2cc([nH]n2)C3CC3)n1)c4ccc(F)cc4,2.23,2.413026190655083,0.1830261906550832
2107,train,CC(C)Oc1cc(OCCN2CCOCC2)cc3ncnc(Nc4c(Cl)ccc5OCOc45)c13,3.68,3.753792646963139,0.0737926469631387
473,train,CN1C(=N)N(CC(=O)c2ccc(Cl)cc2)c3ccccc13,1.63,2.1118355230755146,0.4818355230755147
1961,train,NNC1=Nc2ccccc2NC1=O,0.44,0.637287301288749,0.197287301288749
3901,train,CC(C)(Cc1cccc(CC(=O)NCc2cccc(c2)c3ccc(O)cc3)c1)NC[C@H](O)c4ccc(O)c(NS(=O)(=O)C)c4,1.91,1.9718891765414988,0.061889176541498836
881,train,CC(=O)Nc1nc(N)n(n1)c2ccccc2,-0.2,0.02493879599783666,0.22493879599783667
1426,train,CCCC(=O)Nc1ccc(Cl)c(c1)c2oc3cccnc3n2,3.37,3.4726751165923226,0.10267511659232254
1677,train,C[C@]12CCC(=O)C=C1C=C[C@@H]3[C@@H]2CC[C@@]4(C)[C@H]3CC[C@@]45CCC(=O)O5,3.2,3.3039690808075237,0.10396908080752354
1723,train,NS(=O)(=O)c1cc(ccc1Cl)C2(O)NC(=O)c3ccccc23,0.97,1.2538247684054586,0.28382476840545867
3942,train,Cc1ccc(NC(=O)N2CCN(C[C@@H]3CCCN(C3)C4CC4)CC2)cc1Cl,3.37,3.451366892112725,0.08136689211272508
709,train,Cc1nc2nc(nn2c(O)c1Cc3ccccc3)c4cccnc4,1.52,1.890127986623964,0.37012798662396396
3816,train,CCN(C1CCN(CCC(N2CCN(CC2)c3cccc(F)c3)c4ccccc4)CC1)C(=O)Cc5ccc(cc5)S(=O)(=O)C,3.21,3.2025279883527693,-0.007472011647230659
595,train,CC(C)C(NC(=O)CN1C(=O)C(=CN=C1c2ccc(F)cc2)NC(=O)OCc3ccncc3)C(=O)C(F)(F)F,2.22,2.497538238902531,0.27753823890253093
2438,train,Cc1cccc2c(CCNCc3cccc(CCNC[C@H](O)c4ccc(O)c5NC(=O)Sc45)c3)c[nH]c12,1.13,1.3897911865081545,0.2597911865081546
1620,train,Nc1nc(OC2CCCC2)nc3c1ncn3[C@@H]4O[C@H](CF)[C@@H](O)[C@H]4O,1.5,1.813591091136843,0.3135910911368429
2712,train,COc1cc(OC)c(cc1NC(=S)NCC(=O)O)S(=O)(=O)N2C(C)CCc3ccccc23,-1.04,-0.8000645001543818,0.23993549984561824
748,train,COc1ccc(cc1)C(=O)C2CCN(CC2)C(=O)c3ccc(F)cc3,2.92,2.7143196154067426,-0.20568038459325733
4171,train,COc1cc2c(Nc3cc(CC(=O)Nc4cccc(F)c4F)[nH]n3)ncnc2cc1OCCCN(CCO)CC(C)C,3.61,3.8395037381909276,0.22950373819092773
632,train,CC(C)CNCc1ccc(cc1)c2ccccc2S(=O)(=O)N3CCCC3,1.9,2.2469831724646583,0.3469831724646584
3678,train,NS(=O)(=O)c1ccc(Nc2nccc(n2)c3cnc4ccccn34)cc1,2.7,2.986948600170095,0.2869486001700947
1180,train,CC[C@H](NC(=O)c1c([S+](C)[O-])c(nc2ccccc12)c3ccccc3)c4cccnc4,2.2,2.539962933501111,0.33996293350111095
1332,train,Oc1cc(OCc2ccccc2)ccn1,1.69,1.794552586336564,0.10455258633656395
693,train,Oc1cc(O)c2C(=O)C(=COc2c1)c3ccc(cc3)[N+](=O)[O-],3.24,3.262669253572028,0.02266925357202787
796,train,Fc1ccc2[nH]c3CCN(Cc3c2c1)C(=O)[C@@H]4CCCC[C@H]4C(=O)NC5(CC5)C#N,3.0,3.1097347067650403,0.10973470676504027
674,train,CC1CCN(CC1)C(=O)c2scc3OCCOc23,2.26,2.478884652250559,0.21888465225055942
729,train,Cc1ccc(NC(=O)c2cccc(c2)N3CCOCC3)cc1NC(=O)c4ccc(OCc5ccccn5)cc4,3.2,3.6186499847774938,0.4186499847774936
1500,train,COc1ncccc1c2cccc3c(N)c4C(=O)N(Cc4nc23)C5CCC5,3.26,3.311821035185767,0.051821035185767084
1927,train,COc1cc2ncc(C(=O)N)c(Nc3ccccc3Cl)c2cc1OC,2.89,3.026392464920899,0.13639246492089896
3415,train,O=C1C=C(Oc2c1cccc2c3cccc4c5CCCCc5sc34)N6CCOCC6,4.1,4.1458557954828645,0.04585579548286489
1869,train,CN1C(=O)C(=Cc2cnc(NC3CCOCC3)nc12)Oc4ccc(F)cc4F,2.76,3.166352910243067,0.4063529102430672
3911,train,COC(=O)N1CCN(C(CC(=O)NCc2ccc3OCOc3c2)C1)c4ccnc(n4)n5ccnc5,1.88,2.0092675801215027,0.12926758012150286
2193,train,C[C@H](Nc1nc(Nc2cc(C)[nH]n2)cnc1C#N)c3ccc(F)cn3,2.51,2.928286076927405,0.41828607692740505
4139,train,CC(=O)N[C@@H]1CC2(CCN(Cc3ccc4[nH]c5ccccc5c4c3)CC2)c6ccccc16,2.96,3.1010897147521668,0.1410897147521668
970,train,[O-][N+](=O)c1cc(ccc1NCCSc2ccccc2)S(=O)(=O)NC(=O)c3ccc(cc3)N4CCNCC4,-0.04,-0.07334684220837051,-0.03334684220837051
1074,train,CCC(N(CCCN)C(=O)c1ccc(C)cc1)C2=Nc3ccsc3C(=O)N2Cc4cccnc4,0.01,0.2985906995657923,0.2885906995657923
749,train,CC(C)NC[C@@H](C(=O)N1CCN(CC1)c2ncnc3[C@H](O)C[C@@H](C)c23)c4ccc(Cl)cc4,1.3,1.440931344473396,0.14093134447339595
814,train,CN1CCN(CC1)C(=O)c2cc3ccccc3n2C,1.71,1.8947446914976778,0.1847446914976778
866,train,COc1ccc2N=CC(=O)N(CCN3CC[C@H](NCc4cc5OCCOc5cn4)[C@H](O)C3)c2c1,0.77,0.757133704395206,-0.01286629560479402
594,train,COCCC(=O)N[C@H](C)c1ccc(Nc2ncc3cc(ccc3n2)c4ccncc4)cc1,3.08,3.1334336086783816,0.05343360867838154
3562,train,CN(C)S(=O)(=O)c1ccc(CC(=O)N(C)C2CCN(CCC(c3ccccc3)c4ccccc4)CC2)cc1,3.5,3.7052989593763144,0.20529895937631437
1913,train,Cc1cc(CNc2ncc(Cl)c(Nc3cc(C)[nH]n3)n2)on1,2.68,2.6867060478600413,0.006706047860041142
2986,train,CN(C)C(=O)[C@H](Cc1ccccc1)NC(=O)c2cc3cc(F)ccc3[nH]2,3.5,3.8111514140215905,0.3111514140215905
3128,train,CN1CCN(CC1)c2ccc3N=CN(C(=O)c3c2)c4cc(NC(=O)c5cccnc5)ccc4C,1.5,1.7635380351168857,0.26353803511688567
3898,train,NC(=O)C(NC(=O)C1(N)CCN(CC1)c2ncnc3[nH]ccc23)c4ccc(Cl)cc4,2.2,2.4381259908034236,0.23812599080342345
1424,train,Nc1ccccc1NC(=O)c2ccc(cc2)c3ncc(CN4CCCCC4)s3,2.82,2.9190984916295175,0.09909849162951767
3339,train,Clc1ccc2OCOc2c1Nc3ccnc(Nc4cc(cc(c4)N5CCOCC5)N6CCOCC6)n3,3.25,3.3988626255730776,0.1488626255730776
3427,train,CCOc1cc2nnc(C(=O)N)c(Nc3ccc(F)cc3F)c2cc1N4CCN(C)CC4,2.63,2.6462423722720323,0.0162423722720324
3711,train,CN1C(=O)C=C(CCc2cccc(c2)c3cccnc3)N=C1N,2.5,3.180555670746396,0.6805556707463958
2572,train,COc1cc2ncnc(Nc3cc(Cl)ccc3F)c2cc1OCCCN4CCOCC4,3.4,3.6633716118397013,0.26337161183970137
607,train,Cc1ccc2c(c1)c(c(C)n2CC(=O)O)c3ccnc4c(Cl)cccc34,1.27,1.343787486755182,0.07378748675518199
1885,train,CN1CCN(CC1)c2cc(Nc3cc(C)[nH]n3)nc(Sc4ccc(NC(=O)C5CC5)cc4)n2,3.47,3.2561605916144565,-0.21383940838554372
241,train,Cc1nnsc1C(=O)Nc2ccccc2,0.97,1.2835556568115167,0.31355565681151676
1565,train,CNC(=O)c1ccc(Nc2nccc(n2)c3cnc(C4CC4)n3C(C)C)cc1,2.77,2.892564256109606,0.12256425610960608
3997,train,COc1nc(Br)cnc1NS(=O)(=O)c2ccc(Cl)s2,0.99,1.1632197849790555,0.17321978497905555
3991,train,Nc1ncnc2sc(nc12)c3c(ncn3Cc4ccccc4N5CCOCC5)c6ccccc6,3.58,3.657258890472952,0.07725889047295187
3046,train,CCOc1nc2cccc(C(=O)O)c2n1Cc3ccc(cc3)c4ccccc4c5nnn[nH]5,0.3,0.4320761646235838,0.1320761646235838
3245,train,O=C(NCCCN1CCCCC1)C(c2ccccc2)c3ccccc3,1.33,1.3974867306201433,0.06748673062014321
3461,train,NC1(CCC1)c2ccc(cc2)c3ncc4ccccc4c3c5ccccc5,3.6,3.5794141370074106,-0.020585862992589465
3630,train,CNC1=CN=C(N(CC(=O)NC(C(C)C)C(=O)C(F)(F)F)C1=O)c2ccc(F)cc2,1.86,2.05205839147259,0.19205839147258996
1330,train,CC(C)N=C1C=C2N(c3ccc(Cl)cc3)c4ccccc4N=C2C=C1Nc5ccc(Cl)cc5,3.17,3.4740359726427075,0.30403597264270754
2703,train,Cc1ccc(cc1)C(=O)c2ccc(CC(=O)O)n2C,-1.02,-0.6961456349004327,0.32385436509956733
50,train,OC(=O)c1ccc(NC(=O)c2cc(OCc3ccccc3F)cc(OCc4ccccc4F)c2)nc1,3.0,3.3486776254953354,0.34867762549533543
679,train,CC[C@H](NC(=O)c1c(N)c(nc2ccccc12)c3ccccc3)c4ccccc4,3.89,3.9018495641916173,0.011849564191617201
2431,train,CN[C@@H](C)C(=O)N[C@@H](C1CCCCC1)C(=O)N[C@H]2CCCN(C2)C(=O)c3ccccc3,0.87,1.1579635616045023,0.2879635616045023
656,train,COc1cc2ncnc(Nc3ccc(Cl)c(O)c3)c2cc1OC,3.3,3.231528504420335,-0.06847149557966503
3198,train,[O-][N+](=O)c1oc(C=NN2CCOC2=O)cc1,-0.12,0.11771465851247553,0.23771465851247553
1466,train,CCCc1c(O)c(ccc1OCCCSc2ccc(CC(=O)O)cc2Cl)C(=O)CC,3.57,3.834661380428468,0.2646613804284681
1881,train,C[C@@H](Oc1cccc2ncnc(Nc3ccc(OCc4ccccn4)c(Cl)c3)c12)C(=O)N(C)CCO,3.56,3.629089430431907,0.06908943043190696
2357,train,C[C@H](Cc1cccc(CC(=O)NC23CC4CC(CC(C4)C2)C3)c1)NC[C@H](O)c5ccc(O)c(CO)c5,2.4,2.4252015445186577,0.025201544518657748
2818,train,O=C1NC(=O)c2cc(OCc3ccccc3)ccc12,3.1,3.5411424819137736,0.4411424819137735
2709,train,C[C@H](CO)Nc1nc(SCc2cccc(F)c2F)nc3NC(=O)C=Cc13,3.36,3.4131929572963413,0.05319295729634144
1495,train,CC1=CC2=NNC(=O)N2c3cc(ccc13)c4ccc(cc4)C(=O)N5CCOCC5,2.77,2.9897365914825818,0.21973659148258173
1895,train,C[C@H](NC(=O)c1c(C)nn(C2CCN(CC(F)(F)F)CC2)c1NS(=O)(=O)c3ccc(C)cc3)C(C)(C)C,1.08,1.0782716636082812,-0.0017283363917188765
3212,train,CC(C)n1c(C)ncc1c2nc(Nc3ccc(cc3)C(=O)N4CCCN(C)CC4)ncc2F,2.02,2.293397516927465,0.27339751692746495
1059,train,ONC(=O)c1ccc(NS(=O)(=O)c2ccccc2)cc1,0.75,0.8938106905790222,0.14381069057902218
567,train,Nc1n[nH]c(Nc2ccccc2)n1,1.06,1.1701220746214793,0.11012207462147927
1594,train,CCNC1=CC=C(N(CC(=O)NC(C(C)C)C(=O)C(F)(F)F)C1=O)c2ccccc2,2.37,2.6426708479228878,0.27267084792288765
3026,train,CCCNc1nc(ccc1C(=O)NC2CCCCC2)N3CCC[C@@H](CC(=O)O)C3,2.33,2.372724888294033,0.04272488829403276
1159,train,O[C@H](CNC(=O)C1=CNC(=O)c2c(F)cccc12)CN3CCC(CC3)Oc4ccc(Cl)c(Cl)c4,3.15,3.5910839040814992,0.44108390408149933
2121,train,Clc1ccc2C(=O)C3=C(Nc2c1)C(=O)NN(Cc4ccncc4)C3=O,-0.16,0.5913242219468833,0.7513242219468833
2926,train,Cc1nc2c(cnn2c(O)c1Cc3ccccc3)C#N,0.68,0.8462732450543711,0.16627324505437102
2878,train,CC(C)OC(=O)N1CCC(CC1)Oc2ncnc3c2cnn3c4ccc(cc4F)S(=O)(=O)C,3.0,2.7892040299258407,-0.2107959700741593
2321,train,CC(=O)O[C@H]1CC[C@]2(C=O)[C@H]3CC[C@]4(C)[C@H](CC[C@]4(O)[C@@H]3CC[C@]2(O)C1)C5=CC(=O)OC5,0.64,0.5239132764274517,-0.11608672357254834
905,train,CC1(C)CCC(=C(CN2CCN(CC2)c3ccc(cc3)C(=O)NS(=O)(=O)c4ccc(N[C@H](CCN5CCOCC5)CSc6ccccc6)c(c4)S(=O)(=O)C(F)(F)F)C1)c7ccc(Cl)cc7,0.64,0.9923905737916618,0.35239057379166183
4127,train,c1ccc(cc1)c2[nH]nc3ccccc23,3.79,3.9764960023698457,0.18649600236984565
2720,train,Nc1nccc(n1)c2cccs2,1.75,2.0238451036703617,0.27384510367036174
1518,train,CC(C)n1c(C)ncc1c2ccnc(Nc3ccc(cc3)C(=O)NCCO)n2,2.09,2.3714233004591416,0.28142330045914177
73,train,C[C@H](NC(=O)c1cccnc1Oc2ccccc2)c3ccccc3,2.91,3.0025949753905654,0.09259497539056527
1139,train,Nc1nnc(s1)c2ccccc2,1.8,2.1058746584413903,0.3058746584413903
2895,train,CC1=C(C(=O)c2cc(O)c(O)c(Cc3ccccc3)c2C1=O)C4=C(C)C(=O)c5c(Cc6ccccc6)c(O)c(O)cc5C4=O,2.73,2.9706729699690295,0.24067296996902954
376,train,Nc1nc(OCc2nccs2)nc3c1ncn3[C@@H]4O[C@H](CF)[C@@H](O)[C@H]4O,0.47,0.8121184180315766,0.3421184180315766
3674,train,CN1CCN(CC1)C(=O)Cc2csc(NS(=O)(=O)c3cccc(Cl)c3C)n2,0.57,0.5531703805011181,-0.016829619498881843
326,train,CC1N(C(=O)c2ccccc2)c3ccccc3NC1=O,2.11,1.988993116193245,-0.12100688380675484
1538,train,CCOC(=O)c1ccc(COCC2CCN(CC2)c3ccc(C)nn3)cc1,2.68,2.9151028020088794,0.23510280200887923
234,train,CC[C@H](NC(=O)c1c([S+](C)[O-])c(nc2ccccc12)c3ccc(F)cc3)c4ccccc4,3.72,3.6621307377865353,-0.05786926221346489
36,train,CN1CCN(CC1)c2ccc3N=CN(C(=O)c3c2)c4cc(NC(=O)c5cscn5)ccc4C,2.06,2.018904808795715,-0.041095191204285175
3797,train,COc1ccc(cc1)c2nc3c(NCC4CCNCC4)c(Br)cnc3[nH]2,1.36,1.4185693744893069,0.05856937448930677
2198,train,CC1=CN([C@H]2CCCN(C2)[C@H](CC3CCOCC3)c4ccc(C(=O)O)c(Oc5cccc(Cl)c5)c4)C(=O)NC1=O,-0.25,0.41573505027222857,0.6657350502722286
1691,train,Cc1ccc(CN2[C@@H]3CC[C@H]2C[C@H](C3)Oc4cccc(c4)C(=O)N)s1,2.39,2.5057987464369673,0.11579874643696719
990,train,C[C@@H]1CNc2c(sc3ccc4nc(ccc4c23)c5ccc(C)nc5)C(=O)N1,3.6,3.7012586017591214,0.10125860175912127
174,train,CCOc1ncc(C)c2NC(=C([C@@H](c3ccc(cc3OC)C#N)c12)C(=O)N)C,2.51,2.490313262738069,-0.01968673726193071
1027,train,CN[C@@H](C)C(=O)N[C@H](C(=O)N[C@H]1CCCN(CCc2ccc(OC)cc2)C1)C(C)(C)C,1.45,1.475042587674309,0.025042587674309003
1642,train,CN(C)C\C=C\C(=O)Nc1cc2c(Nc3ccc(F)c(Cl)c3)ncnc2cc1O[C@H]4CCOC4,3.7,3.79687803760785,0.09687803760784996
566,train,CN(C1CCN(Cc2ccc(cn2)C(F)(F)F)CC1)C(=O)Cc3ccc(cc3)n4cnnn4,1.9,2.0396251124541505,0.13962511245415055
2283,train,Cc1nc(C)c(nc1C(=O)N)c2ccc([C@@H]3CC[C@H](CC(=O)O)CC3)c(Cl)c2,1.7,1.797645953515466,0.09764595351546612
2040,train,CN1CCN(CC1)c2ccc(Nc3ccnc4ccccc34)cc2,1.3,1.4785852368379782,0.1785852368379781
1911,train,OC(=O)CC[C@H]1[C@@H](Cc2ccccc12)NC(=O)c3cc4sc(Cl)c(Cl)c4[nH]3,2.84,3.0612669670920725,0.2212669670920726
3358,train,CCN(CC)C(=O)c1ccc(cc1)C(=C2CCNCC2)c3cccc(c3)C(F)(F)F,1.9,1.586750489036273,-0.313249510963727
478,train,CNC(=O)c1ccc(CCC(COc2ccc(cc2)c3cccc(c3)[N+](=O)[O-])N4C(=O)CSC4=O)cc1,3.5,3.786602230050849,0.28660223005084884
2082,train,CN(C1CCCCC1)C(=O)c2cnn(c2NS(=O)(=O)c3ccc(C)cc3)c4ccccc4,2.01,2.404311486210693,0.3943114862106931
11,train,C[C@H](Nc1nc(Nc2cc(C)[nH]n2)c(C)nc1C#N)c3ccc(F)cn3,2.61,2.677170587048531,0.06717058704853107
996,train,Oc1cccc2ccccc12,2.5,2.8041458361650515,0.30414583616505153
1817,train,CC1=CN([C@H]2CCCN(Cc3ccc(C(=O)O)c(Oc4cccc(Cl)c4)c3)C2)C(=O)NC1=O,-0.55,-0.276363031107544,0.27363696889245603
353,train,Cc1cc(NC(=O)Nc2ccc(Cl)cc2)n(C)n1,2.96,3.1544643567198327,0.19446435671983275
1470,train,Nc1ccccc1NC(=O)c2ccc(CNc3nccc(n3)c4cccnc4)cc2,2.28,2.6576869924055564,0.3776869924055566
3343,train,COc1c(C)cnc(Cn2cnc3c(Cl)nc(N)nc23)c1C,1.67,2.065816152481113,0.395816152481113
519,train,CN1CCN(CC1)c2nc(CCOc3ccc(C[C@H](Nc4ccccc4C(=O)c5ccccc5)C(=O)O)cc3)c(C)s2,2.58,2.8353818481314037,0.25538184813140363
1749,train,CC1=CC2=NNC(=O)N2c3ccccc13,2.35,3.0132229228815732,0.6632229228815731
2980,train,CC[C@H](NC(=O)c1c([S+](C)[O-])c(nc2ccccc12)c3cccc(F)c3)c4ccccc4,3.14,3.1121761235735117,-0.027823876426488425
742,train,CN(CCO)Cc1ccc(cc1)c2cc(C(=O)N)c(NC(=O)N)s2,0.97,1.0081379940917177,0.0381379940917177
1753,train,CN1CC(=O)N2[C@H](Cc3c([nH]c4ccccc34)[C@H]2c5ccc6OCOc6c5)C1=O,2.6,2.590033914542339,-0.009966085457660867
3962,train,CN1CCN(CC1)S(=O)(=O)c2ccc(cc2)c3cnc(N)c(n3)C(=O)Nc4cnccc4CN5CCCC5,3.28,3.208461965454987,-0.07153803454501295
1838,train,COc1ccc2nccc([C@@H](O)[C@@H]3C[C@H]4CCN3C[C@@H]4C=C)c2c1,2.26,2.4359634779297523,0.17596347792975253
3748,train,CN(C)CCCC(NC(=O)C1(N)CCN(CC1)c2ncnc3[nH]ccc23)c4ccc(Cl)cc4,1.4,1.3771979917253492,-0.02280200827465073
926,train,Cn1nc(cc1NC(=O)Nc2ccc(Cl)cc2)C(C)(C)C,3.97,3.988929606640687,0.01892960664068699
1563,train,CC(C)COc1cc(OC(C)C)cc(c1)C(=O)Nc2ccc(cn2)C(=O)O,1.6,1.5555267282437333,-0.04447327175626681
2851,train,Cc1[nH]c(\C=C\2/C(=O)Nc3ccc(F)cc23)c(C)c1C(=O)NC[C@H](O)CN4CCOCC4,2.22,2.4559951409398426,0.23599514093984242
4014,train,CO[C@@H]1CC[C@@]2(CC1)Cc3ccc(cc3C24N=C(C)C(=N4)N)c5cc(Cl)cc(c5)C#N,3.8,3.92554210561354,0.12554210561353996
1144,train,CC(N1NC(=O)C2=C(C1=O)C(=O)c3ccc(Cl)cc3N2)c4ccsc4,0.9,1.0033845386524989,0.10338453865249886
4012,train,Clc1cccc(c1)S(=O)(=O)NCC(N2CCCCCC2)c3ccccc3,3.39,3.4415574242220233,0.05155742422202314
2099,train,COc1cc(OC)c2nc(C)c3CCN(c4ccc(O)cc4)c3c2c1,1.5,1.5373388307532563,0.03733883075325628
1483,train,CC(C)C(NC(=O)CN1C(=O)C(=CN=C1c2ccc(F)cc2)NC(=O)OCc3ccccc3)C(=O)C(F)(F)F,2.47,2.8078645552957244,0.33786455529572423
2455,train,CCN(CC)C(=O)c1ccc2[nH]c(c(CCNCCCCc3ccncc3)c2c1)c4cc(C)cc(C)c4,3.3,3.482298973778893,0.18229897377889337
3210,train,CC(C)n1c(C)ncc1c2nc(Nc3ccc(C(=O)NC4CCN(C)CC4)c(F)c3)ncc2F,2.41,2.6987718278032644,0.28877182780326427
3885,train,Brc1ccc(OC(=O)N2CCN3CCC2CC3)cc1,1.58,1.427364560833639,-0.15263543916636113
3253,train,Nc1ncnc2OCCN(C(=O)c12)c3ccc(cc3)[C@@H]4CC[C@@H](CC(=O)O)CC4,-0.5,-0.5021338780576081,-0.0021338780576081184
2371,train,CN(C1CCN(Cc2ccc(cc2)C(F)(F)F)CC1)C(=O)Cc3ccc(cc3)n4cnnn4,3.0,3.1527543964245273,0.15275439642452726
3133,train,COC(=O)CCC(=O)Nc1ccc2c(c1)C(=O)C(=O)c3cc(NC(=O)CCC(=O)OC)ccc23,2.67,2.9668188012824603,0.2968188012824604
2573,train,Cc1ccccc1N2C(=Nc3cccc(C)c3C2=O)Cn4cnc5c(N)ncnc45,2.6,2.7884709110115082,0.18847091101150815
3329,train,CSc1nc(N)nc(n1)c2ccccc2,2.98,3.522851009602806,0.5428510096028059
1575,train,[O-][N+](=O)c1ccc2[nH]ncc2c1,2.2,2.152397244193179,-0.04760275580682105
1793,train,O=C(NCC#N)c1ccc(cc1)c2ccnc(Nc3ccc(cc3)N4CCOCC4)n2,2.37,2.644031631694961,0.2740316316949607
496,train,OC(=O)c1cc(ccc1O)c2ccc(F)cc2F,0.59,0.6078409725953722,0.017840972595372206
3769,train,CCC[C@@H](CN1CCCC1)N(C)C(=O)Cc2ccc(Cl)c(Cl)c2,2.27,2.3866740242020357,0.11667402420203565
912,train,NC1CCN(CC1)c2nccc(C(=O)NCC34CC5CC(CC(C5)C3)C4)c2Cl,1.19,1.3028344508586358,0.11283445085863586
2906,train,CCC(N(CCCN)C(=O)c1ccc(C)cc1)C2=Nc3ccsc3C(=O)N2Cc4ccc(C)cc4,1.69,2.1898386371923744,0.4998386371923744
3758,train,CN(C)Cc1ccccc1Sc2ccc(C)cc2N,2.6,2.625145236601397,0.025145236601396892
142,train,Cc1ccc(cc1NC(=O)c2ccc(OCc3ccccn3)cc2)c4nccn4C,2.83,3.35735933489049,0.5273593348904901
387,train,Cc1ccc(cc1)S(=O)(=O)NC(=O)N2CCC(CC2)N3CCC(CC3)Oc4ccc(Cl)cc4,1.6,1.2345088955845,-0.36549110441550003
3860,train,COC(=O)c1c(C)[nH]c(C)c1C(=O)c2ccccc2Cl,2.7,2.978740891942267,0.2787408919422667
2978,train,OC[C@H](O)CN1C(=O)C(Cc2ccccc12)NC(=O)c3cc4cc(Cl)ccc4[nH]3,3.4,3.8174429519311825,0.41744295193118264
2758,train,CC(C)CN1C(=O)N(C)C(=O)c2c1nn(Cc3cccc4ccccc34)c2c5ccncc5,4.3,4.107237349050278,-0.19276265094972178
739,train,C[C@@H](NC(=O)C)c1ccc(Nc2ncc3cc(c(C)cc3n2)c4ccncc4)cc1,3.45,3.412578013421438,-0.037421986578562105
4131,train,CCOc1ccccc1N2CCN(Cc3c[nH]nc3c4ccc(F)cc4)CC2,3.38,3.5879387856315073,0.20793878563150736
2194,train,CC(=O)Nc1ccc2ccn(c3cc(NC4CC4)n5ncc(C#N)c5n3)c2c1,3.29,3.228657103936288,-0.061342896063711905
1211,train,CN1C(=O)C(=Cc2cnc(NC(CCO)CCO)nc12)Oc3ccc(F)cc3F,1.5,1.6031759883163952,0.10317598831639518
1916,train,CC(C)[C@@H](CN1CC[C@](C)([C@@H](C)C1)c2cccc(O)c2)NC(=O)[C@H]3Cc4ccc(O)cc4CN3,2.39,2.426786535613245,0.036786535613245075
3835,train,CCOC(=O)Nc1ccc(NCc2ccc(F)cc2)nc1N,2.22,2.2992476150490964,0.07924761504909617
507,train,NS(=O)(=O)c1ccc(NCc2ccccc2)cc1,1.7,1.514043820045011,-0.18595617995498892
1616,train,Nc1nc(nn1Cc2ccccc2)c3ccccc3,1.91,2.256693144742079,0.34669314474207913
1638,train,C[C@@H]1CN(Cc2cc(Cl)ccc2OCC(=O)O)C[C@H](C)N1C(=O)Cc3ccccc3,0.7,1.25262133451769,0.55262133451769
827,train,CS(=O)(=O)c1ccc(cc1)[C@@H](O)[C@@H](CF)NC(=O)C(Cl)Cl,0.44,0.10867018427151187,-0.33132981572848813
1884,train,C[C@@H]1CN(CCN1c2ncc(OCc3ccc(cc3C#N)S(=O)(=O)C)cn2)C(=O)OC(C)(C)C,3.3,3.554243359557101,0.2542433595571012
2020,train,OC(=O)COc1ccc(cc1c2cccc(c2)C#N)C(F)(F)F,0.05,-0.04030076448517805,-0.09030076448517806
3587,train,Fc1ccc(cc1Cl)S(=O)(=O)NCC(N2CCCCCC2)c3ccccc3,3.98,3.889691629401133,-0.09030837059886698
1103,train,COc1ccc(C(=O)Nc2c(Cl)cncc2Cl)c3cccnc13,2.09,2.590234884387681,0.5002348843876812
2683,train,CC(C)n1c(C)ncc1c2nc(Nc3ccc(cc3)C(=O)N4CC[C@@H](C4)N(C)C)ncc2F,2.16,2.4081479105717696,0.24814791057176944
61,train,Cc1ccccc1NC(=O)CCS(=O)(=O)c2ccc(Br)s2,2.7,2.860031354398615,0.16003135439861493
2427,train,CCOc1ccccc1c2ccc(cc2)c3nc4ccc(F)cc4c(C(=O)NCCOCCN)c3C,2.46,2.5138430695414744,0.05384306954147444
3958,train,COc1cccc(Nc2ncnc3cc(OC)c(OC)cc23)c1,3.1,2.9746818142423748,-0.12531818575762532
3155,train,CC(N)COc1c(C)cccc1C,0.62,0.24704513255091154,-0.37295486744908846
3559,train,Fc1ccc(CC2=NNC(=O)c3ccccc23)cc1C(=O)N4CCCNCC4,0.1,0.35222872370084746,0.2522287237008475
2085,train,CCC(C)Nc1nc(nc(N2CCOCC2)c1N)C#N,2.8,2.81074231627119,0.010742316271190155
1389,train,N#CCc1c[nH]c2ccc(OCc3ccccc3)cc12,3.71,4.081650971308397,0.3716509713083971
3886,train,COc1ccc(COc2nc(Br)cnc2NS(=O)(=O)c3ccc(C)cc3)cc1OCCN(C)C,1.68,1.9005435442964005,0.22054354429640055
3499,train,CC(C)C[C@H](CO)Nc1nc(SCc2cccc(c2)C#N)nc3nc(N)sc13,3.9,3.820989504123677,-0.07901049587632292
2881,train,CCOc1ccc2oc(C(=O)NC(CCSC)c3nc4cnccc4[nH]3)c(C)c2c1,4.31,4.73881015054138,0.4288101505413806
3787,train,CNC1=Nc2ncccc2C(=NC1c3cccs3)c4ccccc4,2.68,2.897352477416694,0.21735247741669372
956,train,Cc1ccc2c(c1)c(c(C)n2CC(=O)O)c3ccnc4c(cccc34)C#N,0.52,0.48353311842847035,-0.036466881571529663
884,train,CCN(CC)c1ccc2C=C(C(=O)C)C(=O)Oc2c1,2.0,2.157331972508486,0.15733197250848585
1163,train,CCCSc1ncccc1C(=O)N(C)[C@H]2[C@@H]3CC4C[C@H]2C[C@@](O)(C4)C3,2.48,2.6642293721954786,0.18422937219547864
841,train,CC(C)OC(=O)C1=CN(Cc2c(F)cccc2F)c3sc(c(CN(C)Cc4ccccc4)c3C1=O)c5ccc(NC(=O)C(C)C)cc5,3.5,3.6269735551387816,0.1269735551387816
2565,train,CCC(NC(=O)c1ccc(C)cc1)C2=Nc3ccsc3C(=O)N2Cc4ccccc4,4.14,4.238820159834098,0.09882015983409875
3225,train,CC(Cc1ccc(O)cc1)NCC(O)c2cc(O)cc(O)c2,-0.06,-0.21575390837744335,-0.15575390837744335
3137,train,CCC(N1NC(=O)C2=C(C1=O)C(=O)c3ccc(Cl)cc3N2)c4ccncc4,0.6,0.37197776044309094,-0.22802223955690903
2058,train,NC(=N)Nc1ccc(cc1)C(=O)Oc2ccc(cc2)[N+](=O)[O-],0.5,0.40061341559381236,-0.09938658440618764
1043,train,CNCCCN1c2ccccc2CCc3ccccc13,1.24,1.0690773564274172,-0.1709226435725828
2067,train,COc1ccc(CNCc2ccc(cc2)c3cc(C(=O)N)c(NC(=O)N)s3)cc1,2.55,2.2375260974820534,-0.3124739025179464
719,train,C[C@@H]1CN(CCN1c2ncc(OCc3ccncc3C#N)cn2)c4ncc(F)cn4,3.4,3.599363384672724,0.1993633846727243
1808,train,COc1ncc2N=CC(=O)N(CCN3CCC(CC3)NCc4cc5OCCOc5cn4)c2n1,-0.14,-0.0020749338410812612,0.13792506615891875
1291,train,CC[C@H](Nc1ncnc2[nH]cnc12)C3=Nc4cccc(F)c4C(=O)N3c5ccccc5,2.72,3.120982079386269,0.4009820793862686
2339,train,CC(C)n1c(C)ncc1c2ccnc(Nc3ccc(cc3)C#N)n2,3.62,3.796938317719706,0.17693831771970592
3697,train,CCOC(=O)Cc1csc(NS(=O)(=O)c2ccc(Cl)cc2)n1,1.32,1.4176533191683713,0.09765331916837128
641,train,C1Oc2ccc(Oc3ccnc(Oc4ccc(cc4)n5ccnc5)n3)cc2O1,3.27,3.358844220523543,0.0888442205235429
4034,train,COc1cc(OC2CCN(C)CC2)c3c(Nc4cccc5OCCOc45)ncnc3c1,2.26,2.4635053273217906,0.20350532732179083
0,train,Cn1c(CN2CCN(CC2)c3ccc(Cl)cc3)nc4ccccc14,3.54,3.503896166948178,-0.036103833051821965
901,train,CC1(O)CN(C1)S(=O)(=O)c2ccc3C(=CNC(=O)c3c2)C(=O)NC[C@@H](O)CN4CCC(CC4)Oc5ccc(Cl)c(Cl)c5,2.54,2.809484384536492,0.2694843845364918
1142,train,C[C@H]1CCCN1CCc2oc3ccc(cc3c2)c4ccc(cc4)C#N,3.25,3.428337865591086,0.1783378655910859
712,train,CC1CC(CN)CC(CO)C1,-1.4,-1.7789510682313567,-0.3789510682313568
1757,train,O=C1C(=O)c2cccnc2c3ccccc13,1.88,1.9263767163331642,0.046376716333164314
941,train,Clc1ccc(cc1)c2oc(cc2)C(=O)N(Cc3ccccn3)c4ccc(cc4)N5CCNCC5,3.0,3.0802635866107924,0.08026358661079236
2502,train,CN(C)CCCNC(=O)c1nc(Cl)c(N)nc1N,-1.0,-0.7020643612789073,0.29793563872109274
1319,train,C[C@H]1O[C@H]([C@H](O)[C@@H]1O)n2cnc3c(N)nc(OCC4CCC(F)(F)CC4)nc23,1.72,1.6909823555185095,-0.029017644481490468
2399,train,CC(C)C(NC(=O)CN1C(=O)C(=CN=C1c2cccs2)NC(=O)OCC(F)(F)F)C(=O)C(F)(F)F,2.32,2.580749078776224,0.26074907877622433
806,train,COc1cc(F)ccc1c2cncc(CNC(=O)c3ccccc3)c2,3.76,3.985216525218318,0.22521652521831825
1697,train,CS(=O)(=O)c1ccc(C(=O)Nc2ccc(Cl)c(c2)c3ccccn3)c(Cl)c1,2.84,2.538325829743876,-0.30167417025612364
1234,train,Nc1nc(N)c(nc1Cl)C(=O)Nc2ccccn2,2.67,2.8377267011156073,0.1677267011156074
1794,train,CNC(=O)C1(CCN(CC[C@H](CN(C)C(=O)c2cc(cc3ccccc23)C#N)c4ccc(Cl)c(Cl)c4)CC1)N5CCCCC5=O,2.5,2.4904692393344536,-0.009530760665546367
3707,train,Cn1c2ccccc2c3cc(NC(=O)CCc4ccncc4)ccc13,3.8,4.080019360702842,0.28001936070284206
1455,train,COc1cc(cc(OC)c1OC)C(=O)Nc2cc(NC(=O)c3cccc(c3)N(C)C)ccc2C,2.54,2.7128431140578337,0.1728431140578337
2639,train,O[C@H]1CN(CCN2C(=O)C=Cc3ccc(cc23)C#N)CC[C@H]1NCc4cc5OCCOc5cn4,0.45,0.38265326706311686,-0.06734673293688315
428,train,Oc1ccc(cc1)C2CNCCc3c(Cl)c(O)c(O)cc23,0.87,1.3244914904699074,0.45449149046990744
2925,train,Cc1c(Sc2ccc(Cl)cc2)c3ccc(Cl)cc3n1CC(=O)O,2.51,2.4854752055351486,-0.02452479446485123
3426,train,COc1c(N2C[C@@H]3CCCN[C@@H]3C2)c(F)cc4C(=O)C(=CN(C5CC5)c14)C(=O)O,-0.18,0.036286635472158046,0.21628663547215804
2791,train,Clc1ccccc1N2CCN(CC2)C(=O)NC3CCCCC3,3.78,3.650650629002026,-0.1293493709979736
3402,train,COc1ccc(\C=C\2/SC(=S)NC2=O)cc1OC,1.42,1.4397237907218674,0.019723790721867474
169,train,COc1cc2c(Nc3ccc(Cl)cc3F)ncnc2cc1OCCn4cncn4,3.2,3.4764919896701176,0.27649198967011746
847,train,C[Si](C)(C)C#Cc1cn(C[C@H]2CN(C(=O)O2)c3ccc(C4=CCS(=O)(=O)CC4)c(F)c3)nn1,1.26,1.5195105178628783,0.25951051786287826
2335,train,Brc1ccccc1NC(=O)Nc2ccc(C#N)c3[nH]nnc23,1.64,1.9834904237762117,0.34349042377621175
3286,train,CC1=CC2=NNC(=O)N2c3cc(ccc13)c4cn[nH]c4,2.13,2.6848760332892057,0.5548760332892058
2142,train,CCOC(=O)N1CCN(CC1)C(=O)[C@H](Cc2cccc(c2)C(=N)N)NS(=O)(=O)c3c(cc(cc3C(C)C)C(C)C)C(C)C,1.67,2.0288931564727823,0.3588931564727824
1528,train,N[C@H]1CCN(C1)c2c(Cl)cccc2\C=C\3/SC(=O)NC3=O,1.89,2.0004532038854466,0.11045320388544666
3429,train,NC(=O)c1cccc(OC2CCN(Cc3ccccc3)CC2)c1,1.92,2.1209792354382744,0.20097923543827445
1395,train,COc1cccc(c1)C(=O)NCCCOc2cccc3ccc(N)nc23,2.46,2.9972497051361486,0.5372497051361487
423,train,COc1ccc2N=CC(=O)N(CCN3CCC(CC3)NCc4cc5OCCOc5cn4)c2n1,0.83,0.9178218347983793,0.08782183479837935
1352,train,CCN(C1CCN(CCC(c2ccccc2)c3ccccc3)CC1)C(=O)Cc4ccc(cc4)S(=O)(=O)C,3.0,3.0731383183771515,0.07313831837715146
1313,train,Clc1ccc2C(=O)C3=C(Nc2c1)C(=O)NN(Cc4cccs4)C3=O,1.52,1.7317776440000374,0.2117776440000374
2062,train,COc1cc(ccc1Nc2ncc(Cl)c(n2)c3cnc4c(C)cccn34)N5CCN(CC5)C(=O)C,3.2,3.295664013694,0.0956640136939999
1743,train,Clc1ccc2NC(=O)CN(C(c3ccccc3)c2c1)C(=O)c4occc4,3.0,3.383587544039182,0.38358754403918205
3284,train,CN(C1CCN(CCC(c2ccccc2)c3ccccc3)CC1)C(=O)Cc4ccc(cc4)S(=O)(=O)N,2.3,2.5046060097393124,0.20460600973931253
4053,train,CN1CCN(CCCN2c3ccccc3Sc4ccc(cc24)C(F)(F)F)CC1,4.31,4.0562455784587055,-0.25375442154129413
1897,train,c1ccc2[nH]ncc2c1,1.9,2.1691376228083405,0.26913762280834064
2528,train,CCN(CC)C(=O)Cc1csc(NS(=O)(=O)c2cccc(Cl)c2C)n1,1.67,1.7417870337005632,0.07178703370056327
2126,train,Clc1ccc2C(=C3CCNCC3)c4ncccc4CCc2c1,1.48,1.4732253663646224,-0.006774633635377558
1106,train,OCC(=O)N1CCC[C@@H]1COc2cccc3ncnc(Nc4ccc(OCc5ccccn5)c(Cl)c4)c23,3.71,3.9211821333025503,0.2111821333025503
3449,train,CC(C)CN1C(=O)N(C)C(=O)c2c1sc(Cc3ccccc3C(F)(F)F)c2C(=O)N4CC=CC4,3.53,3.5284489648344985,-0.0015510351655012578
2210,train,Cn1cncc1c2c3C(=O)N(C4CC4)C(=O)N(CC5CC5)c3nn2Cc6ccnc7ccc(Cl)cc67,3.53,4.026958695720669,0.4969586957206693
1592,train,C[C@H](Nc1ncc(F)c(Nc2cc([nH]n2)N(C)C)n1)c3ncc(F)cn3,1.98,2.1493352458015016,0.1693352458015016
753,train,CN1CCN(CC1)c2ccc3N=CN(C(=O)c3c2)c4cc(NC(=O)c5ccc(cc5)C#N)ccc4C,2.73,2.965893566615954,0.23589356661595406
3739,train,[O-][N+](=O)c1cccc(c1)c2ccc(OCC(CCc3ccncc3)N4C(=O)CCC4=O)cc2,3.88,3.999750392666984,0.11975039266698406
1336,train,COc1cc2ncnc(Nc3ccncc3)c2cc1OC,2.22,2.2954461372516675,0.07544613725166727
3534,train,OC[C@H](O)CN1C(=O)[C@H](Cc2ccccc12)NC(=O)c3cc4cc(Cl)sc4[nH]3,3.3,3.2790195472689536,-0.020980452731046206
280,train,COc1ccc(cc1OC)C2=COc3cc(O)cc(O)c3C2=O,2.8,2.7043453891047995,-0.09565461089520033
3970,train,OC(=O)C1CCn2c1ccc2C(=O)c3ccccc3,-0.93,-0.6384562668448246,0.29154373315517546
480,train,Oc1nc2cc(Cl)cc(Cl)c2c(O)c1c3ccccc3,1.6,2.075225614125966,0.4752256141259661
565,train,Oc1ccc2OC(=O)C(=Cc2c1)c3ccccc3,3.12,3.485944980928118,0.3659449809281181
1001,train,C[C@H](N)C(=O)N[C@@H](CCc1ccccc1)\C=C\S(=O)(=O)c2ccccc2,1.66,2.0532248188648308,0.39322481886483085
3341,train,NC(=O)Nc1sc(cc1C(=O)N[C@H]2CCCNC2)c3ccccc3,1.27,1.4766732586618132,0.2066732586618132
1731,train,CC(C)(C(=O)c1cccnc1)c2cccnc2,1.45,1.5213945243324627,0.07139452433246274
1991,train,CS(=O)(=O)N1CCOc2cc(COc3ccccc3)cnc12,2.4,2.4724270007113835,0.07242700071138364
3606,train,Cc1ccc(NC(=O)c2ccnc(c2)N3CCOCC3)cc1Nc4ccnc(Cl)n4,3.1,3.0461477898762497,-0.05385221012375041
4048,train,O=C(NCc1ccncc1)c2ccc(Oc3ccccc3)cc2,3.26,3.31384836954721,0.05384836954721006
4084,train,C1CN2CCC1C(C2)c3ccc(cc3)c4ccccc4,1.76,2.0499950625119814,0.28999506251198137
1841,train,Cn1c(ccc1c2ccc3NC(=S)OC(C)(C)c3c2)C#N,3.4,3.478653400299537,0.07865340029953716
1254,train,C=CCN(C1CCN(CCC(c2ccccc2)c3ccccc3)CC1)C(=O)Nc4ccccc4,3.6,3.602240061473517,0.0022400614735169633
3290,train,OC(=O)CCn1c2ccccc2c3ccccc13,0.6,0.8599655038430267,0.25996550384302675
201,train,Clc1ccccc1CCNC(=O)c2cc(ccc2Cl)N3N=CC(=O)NC3=O,1.29,1.6989023237879473,0.4089023237879472
2985,train,Clc1ccc2[nH]ccc2c1,3.28,3.2888682622828416,0.008868262282841766
2766,train,Cn1ccc2c(cccc12)c3nc(CS(=O)(=O)C)cc(n3)N4CCOCC4,2.0,2.3191064786857822,0.31910647868578224
3019,train,Clc1ccc(cc1)C(=O)CN2C3=NCCN3c4ccccc24,2.62,2.8543765884140226,0.23437658841402254
1748,train,CN(C)CCNC(=O)c1ccc(Nc2ncc3cc(ccc3n2)c4ccncc4)cc1,2.29,2.3757832004918202,0.0857832004918202
2341,train,O=C(NC1(CC1)C#N)[C@@H]2CCCC[C@H]2C(=O)N3CCN(CC3)c4nc5CCOCc5s4,1.42,1.393165210370913,-0.02683478962908703
2682,train,CN1C[C@H](c2ccccc2)c3cccc(N)c3C1,2.11,2.2232904864861123,0.1132904864861124
4133,train,Fc1cc(ccc1C2=CCS(=O)(=O)CC2)N3C[C@H](Cn4nncc4F)OC3=O,3.54,3.7913233048064807,0.2513233048064807
1285,train,CCOc1ccccc1c2ccc(cc2)c3nc4ccncc4c(O)c3C#N,3.0,3.1786384885317975,0.17863848853179753
120,train,COc1cc2ncc(C(=O)N)c(Nc3cccc(Cl)c3F)c2cc1OC,3.6,3.5813478709553603,-0.018652129044639754
4040,train,CC(C)CNc1nc(nc(N2CCN(CC2)C(=O)C)c1N)C#N,2.4,2.493382344404281,0.09338234440428117
2305,train,O=S(=O)(Nc1ccccc1c2ccccc2)c3ccccc3,3.96,4.086653208696066,0.1266532086960659
1262,train,CCCCN1Cc2c(O)n3nc(cc3nc2C1=O)c4occc4,0.8,1.3282698392076315,0.5282698392076315
2262,train,Clc1ccc(OC2CCN(CC2)C3CCN(CC3)C(=O)C4=CNC(=O)c5ccccc45)cc1Cl,3.51,3.8141911506933024,0.3041911506933026
1240,train,COCCCc1cc(Nc2nc(NCc3onc(C)c3)ncc2Br)n[nH]1,3.07,3.222204746783435,0.15220474678343532
2090,train,C[C@H](NC(=O)c1c(C)nn(c1NS(=O)(=O)C2CCCCC2)c3ccccc3)C(C)(C)C,1.75,1.9602284442563573,0.21022844425635734
1165,train,Fc1cccc(F)c1CS(=O)(=O)N2CCN(CC2)c3ncccc3C(F)(F)F,3.9,3.895950786627138,-0.004049213372861793
1490,train,C(N1CCN(CC1)c2nc3ccccc3s2)c4nnnn4Cc5cccs5,3.65,3.753322259711391,0.10332225971139097
2055,train,CN1C=CNC1=S,-0.42,-0.15712853618690392,0.26287146381309606
3097,train,OC(=O)c1[nH]c2cc(Cl)cc(Cl)c2c1\C=C\3/CCN(C3=O)c4ccccc4,1.85,1.574854852238504,-0.2751451477614961
1016,train,OC(=O)[C@H](Cc1ccc(OCCNc2nc3ccccc3[nH]2)cc1)NC(=O)c4c(Cl)cccc4Cl,0.6,0.9527345721963774,0.3527345721963774
1138,train,NC(=O)N1c2ccccc2C[C@H](O)c3ccccc13,0.79,1.0343800806762322,0.24438008067623218
4124,train,O=C1NC(=O)C(Cc2ccc3ccccc3c2)S1,2.41,3.026717428209752,0.6167174282097521
1365,train,C[C@@H](N(CC1CCS(=O)(=O)CC1)C(=O)Cc2ccc(c(F)c2)C(F)(F)F)C3=Nc4ncccc4C(=O)N3c5ccc(Cl)cc5,2.9,3.2245960747219833,0.3245960747219834
1045,train,O[C@@H](CNCCc1cccc(CNCCc2ccccn2)c1)c3ccc(O)c4NC(=O)Sc34,-0.07,0.4599870128658039,0.529987012865804
3328,train,CCN1CCN(Cc2cnc(c3ccc(cc3)C(=O)Nc4ccccc4N)c(c2)C#N)CC1,1.14,1.4439331350315292,0.3039331350315293
3701,train,Cc1nc(C)c(s1)C(=O)N[C@@H](Cc2cccc(Cl)c2)C(=O)NCC#N,2.0,2.166969237321854,0.1669692373218541
2178,train,CN(CCN(C)C(=O)CCOCCc1ccccc1)CCc2ccc(O)c3nc(O)sc23,2.59,3.0289323247897393,0.4389323247897394
2621,train,OC(=O)c1cn(Cc2ccccc2)c3ccccc13,1.19,1.4172617875545548,0.22726178755455484
41,train,CC(C)N(CCC(C(=O)N)(c1ccccc1)c2ccccn2)C(C)C,-0.54,-0.36870319995999257,0.17129680004000747
3271,train,C[C@H]1O[C@H]([C@H](O)[C@@H]1O)n2cnc3c(N)nc(OC4CCOC4)nc23,-0.06,0.14747004926615848,0.20747004926615847
2231,train,O=C(Nc1cccc2cccnc12)[C@@H]3CC[C@H](CC3)N4C(=O)[C@@H]5[C@@H]6CC[C@@H](C6)[C@@H]5C4=O,3.94,3.9352860893539523,-0.004713910646047648
3479,train,COc1cc(O)ccc1\C=C\2/CCCN=C2c3cccnc3,2.2,2.139891939837252,-0.06010806016274817
53,train,CCNC(=O)c1cc2c(c(cnc2[nH]1)c3cncc(c3)C(=O)O)n4ccc(n4)C(F)(F)F,-0.99,-0.8206580366890992,0.1693419633109008
3527,train,COc1cc2ncnc(Nc3ccc(F)c(Cl)c3)c2cc1OCCN(C)C,3.26,3.413309759047851,0.15330975904785138
3832,train,CS(=O)(=O)c1cccc(Nc2nccc(n2)N(CC#N)c3c(Cl)ccc4OCOc34)c1,3.16,3.3094157575330843,0.14941575753308411
3676,train,CN(c1ccnc(Nc2cc(cc(c2)N3CCOCC3)N4CCCOCC4)n1)c5cc(CO)ccc5C,3.3,3.4242005104797553,0.12420051047975544
1391,train,CN[C@@H](C)C(=O)N[C@@H](C1CCCCC1)C(=O)N2CC[C@H]3CCN(CCc4ccccc4)C[C@@H]23,2.47,2.3889174345759403,-0.0810825654240599
2508,train,Cc1c(Sc2ccc(Cl)cc2)c3c(cccc3n1CC(=O)O)c4cnccn4,0.03,0.05221214953194142,0.022212149531941422
1627,train,COc1cc(cc(OC)c1OC)C(=O)Nc2ccc(Cl)c(c2)c3nc4ccccc4[nH]3,3.83,4.053384080103345,0.22338408010334465
778,train,NC(=O)c1cnc(N[C@H]2CCCNC2)c3cc(sc13)c4ccncc4,0.77,1.2349578884560208,0.4649578884560208
2361,train,CN1CCN(CC1)c2nc(NCCNc3ccc(cc3)[N+](=O)[O-])c4ccccc4n2,2.91,3.081849878714988,0.1718498787149878
449,train,CCc1c2CN3C(=O)C4=C(C=C3c2nc5ccc(O)cc15)[C@@](O)(CC)C(=O)OC4,1.6,1.6449330842900873,0.044933084290087244
3315,train,Nc1ncnc2ccccc12,1.26,1.6591427112330162,0.39914271123301615
2626,train,CCCSc1ncccc1C(=O)NC2CCC(F)(F)CC2,2.85,2.945673781230405,0.09567378123040493
1196,train,CCC(CC)CNC(=O)c1ccc2c(c1)c(Cc3ccc(cc3OC)C(=O)NS(=O)(=O)c4ccccc4C)cn2C,2.7,2.6942698286100244,-0.00573017138997578
2505,train,CCCCC(CC)CNC(=O)c1cc(ccc1Cl)N2N=CC(=O)NC2=O,2.41,2.7709385416678853,0.3609385416678852
2899,train,Cc1cc(CN2CCC2)cnc1c3ccc(cc3)C(=O)Nc4ccccc4N,1.18,1.5563117429857787,0.37631174298577874
2984,train,OS(=N)(=O)Cc1noc2ccccc12,0.55,1.0725681097633735,0.5225681097633734
373,train,CCCc1c(O)c(ccc1OCc2ccc(C(=O)O)c(Br)c2)C(=O)C,2.3,2.5674032137958047,0.2674032137958049
263,train,[O-][N+](=O)c1cccc(c1)C(=O)Nc2nc3ccccc3n2CCN4CCOCC4,3.3,3.6376473270793293,0.33764732707932943
819,train,O=S(=O)(Cc1cc(nc(n1)c2ccccn2)N3CCOCC3)c4ccccc4,1.34,1.23152878851984,-0.10847121148016003
2938,train,CC(C)n1c(C)ncc1c2nc(Nc3ccc(C(=O)N(C)C)c(C)c3)ncc2F,2.86,3.2435114534184897,0.3835114534184898
158,train,CC(C)CN1C(=O)N(C)C(=O)c2c1sc(Cn3c(C)nc(Cl)c3Cl)c2C(=O)N4CC[C@@H](O)C4,1.61,1.6274025941825654,0.01740259418256529
2553,train,CCCc1c(O)c(ccc1OCc2ccc(cc2OC)c3nn[nH]n3)C(=O)C,2.8,3.241809154624212,0.4418091546242122
3135,train,O=C(NC1CCCCC1)C2CCCN(C2)S(=O)(=O)c3cccs3,2.93,2.6879821575901017,-0.24201784240989843
552,train,NC(=O)C1=CN(Cc2ccc(F)c(F)c2)C(=O)C=C1,1.37,1.629422953686941,0.2594229536869408
1441,train,Clc1ccc(NC(=O)N2CCN(C[C@@H]3CCCN(C3)C4CC4)CC2)cc1Cl,3.57,3.5508211260605202,-0.01917887393947959
3360,train,COCCCOc1ccnc(C[S+]([O-])c2nc3ccccc3[nH]2)c1C,-0.69,-0.19837820227416492,0.49162179772583503
1618,train,CC(NC(=O)c1cc(O)nc2ccccc12)c3ccccc3,2.2,2.3474252386141803,0.1474252386141801
103,train,CC(C)CC(N1NC(=O)c2nc3cc(Cl)ccc3c(O)c2C1=O)c4ccncc4,1.64,1.547092355230797,-0.09290764476920299
2022,train,O[C@@H](CNCCCSCCOCCc1ccccc1)c2ccc(O)c3NC(=O)Sc23,2.3,2.255522742042701,-0.04447725795729873
3918,train,CCN1CCC[C@H](CN2CCN(CC2)C(=O)Nc3ccc(Cl)c(Cl)c3)C1,1.86,2.103557307354742,0.2435573073547419
1070,train,COc1ccc(cc1)n2cnc3cc(NS(=O)(=O)c4ccccc4)ccc23,3.7,3.8174722969256836,0.1174722969256834
4158,train,OC(=O)c1ccc(cc1)N2CCC(CN3CCC(CC3)Oc4ccc(Cl)c(Cl)c4)CC2,2.31,2.290632690813839,-0.01936730918616103
637,train,Cc1nnc(N)s1,-0.4,-0.21405565716861386,0.18594434283138617
2897,train,COc1cccc(c1)c2cc3c(N[C@H]4CCCNC4)ncc(C(=O)N)c3s2,1.82,1.7680269519357301,-0.051973048064269944
3221,train,OC(=O)Cc1ccc(cc1)c2ccc(NC(=O)c3oc(Nc4ccccc4F)nn3)cc2,1.5,1.5156122594062469,0.015612259406246887
2690,train,NC(=N)c1cc2c(I)cccc2s1,0.74,1.2134081098591305,0.4734081098591305
1739,train,Nc1c2CCCCc2nc3ccccc13,0.38,0.6539131921877204,0.27391319218772037
776,train,Cc1ccc(Nc2c(F)cccc2Cl)c(CC(=O)O)c1,1.02,1.2906066952191675,0.27060669521916747
1972,train,NC(=N)Nc1ccc(Cl)c(Cl)c1,-0.31,-0.44472119137871946,-0.13472119137871946
1515,train,CC(C)(C)OC(=O)N[C@@H](Cc1ccccc1)C(=O)O,-1.1,-1.0425726911598705,0.05742730884012959
2256,train,CC(C)(C)OC(=O)N1CCN(CC1)c2ncc(OCc3ccncc3F)cn2,3.6,3.8502820245700167,0.2502820245700166
3611,train,Cc1cc(CNc2nccc(Nc3cc(CCc4ccccc4)[nH]n3)n2)on1,3.56,3.7533020217841493,0.19330202178414924
1113,train,C[C@H]1O[C@H]([C@H](O)[C@@H]1O)n2cnc3c(N)nc(OCC45CC6CC(CC(C6)C4)C5)nc23,3.58,3.513135358960532,-0.06686464103946799
1960,train,CCCC1CCCCC(=N1)N,1.1,1.4430511950736582,0.3430511950736581
1809,train,CC(C)N(C(C)C)C(=O)C(C(CNC(=O)NCc1ccccc1F)c2ccccc2)c3cccnc3,4.2,4.398341718288408,0.19834171828840752
3087,train,O=C(Nc1cccnc1C(=O)NCC2CCOCC2)c3cccc4ccccc34,4.4,4.713542809266803,0.3135428092668029
2859,train,Clc1ccc(OC2CCN(CC2)C3CCN(CC3)C(=O)NS(=O)(=O)c4cccc(c4)C#N)cc1Cl,1.81,1.9664939619737816,0.15649396197378151
2874,train,CC(C)n1c(C)ncc1c2ccnc(Nc3ccc(cc3)N4CCN(CC4)S(=O)(=O)C)n2,2.57,2.768087306832768,0.1980873068327682
2366,train,Nc1ncnc2c1c(COc3cccc(Cl)c3)nn2C4CCOCC4,3.17,3.3918195377797007,0.22181953777970076
3308,train,CC1=CC2=NNC(=O)N2c3cc(ccc13)c4ccc(CO)cc4,2.86,3.2626487988098516,0.4026487988098517
3313,train,C[C@H](CO)N1C=Cc2c(NC(=O)Cc3ccc(Cl)c(c3)C(F)(F)F)cccc2C1=O,3.49,3.4226632953491203,-0.06733670465087993
3242,train,CCc1cc(OCc2ccc(cc2)c3ccccc3c4nn[nH]n4)c5CCCCc5n1,1.7,1.9004672183993745,0.20046721839937454
2837,train,ONC(=O)Cc1ccc(Oc2ccccc2)cc1,2.03,2.029082706344895,-0.000917293655104956
4017,train,Cc1[nH]c(C(=O)NC2CCN(CC2)c3ncc(s3)C(=O)O)c(Cl)c1Cl,0.02,0.20265569660871519,0.1826556966087152
2816,train,Clc1ccc(OC2CCN(CC2)C3CCN(CC3)C(=O)c4ccc(cc4)c5nn[nH]n5)cc1Cl,1.53,1.797985372466635,0.267985372466635
236,train,COc1cccc([C@H](O)C2CCN(CCc3ccc(F)cc3)CC2)c1OC,1.7,1.7575201428949268,0.057520142894926796
3741,train,Cc1cc(N)c2cc(NC(=O)CC(=O)Nc3ccc4nc(C)cc(N)c4c3)ccc2n1,1.35,1.513601910448025,0.16360191044802486
886,train,CN(c1ccc(cc1)c2cc(ccc2OCC(=O)O)C(F)(F)F)S(=O)(=O)C,-0.81,-0.7768388766252512,0.03316112337474886
945,train,O=C(NC1(CC1)C#N)[C@@H]2CCCC[C@H]2C(=O)N3CCN(CC3)c4nc5ncccc5s4,1.4,1.8433096560907771,0.4433096560907772
1746,train,COc1cc(ccc1Nc2ncc(Cl)c(n2)c3cnc4cc(F)ccn34)N5CCN(CC5)C(=O)C,3.7,3.805323035532588,0.10532303553258782
2708,train,Cc1ccc(CN2[C@@H]3CC[C@H]2C[C@@H](C3)Oc4cccc(c4)C(=O)N)s1,2.44,2.5057987464369673,0.06579874643696737
4036,train,CC(C)COc1cc(ccc1NC(=O)CN2CCOCC2)c3cccc4C(=O)C=C(Oc34)N5CCOCC5,3.8,3.8510211425842105,0.051021142584210644
891,train,CNC(=O)c1cnn(c1NS(=O)(=O)c2ccc(C)cc2)c3ccccc3,-0.54,-0.26806287891920766,0.2719371210807924
3909,train,CC(C)Oc1cc(OCCN2CCN(CC2)C(=O)C)cc3ncnc(Nc4c(F)ccc5OCOc45)c13,3.06,3.132278239867812,0.07227823986781212
3693,train,OC(=O)c1ccccc1N2CCC(CN3CCC(CC3)Oc4ccc(Cl)c(Cl)c4)CC2,2.83,3.076960612328315,0.2469606123283148
3853,train,COc1cncc(NC(=O)c2cc(NC(=O)c3cccc(c3)C(C)(C)C#N)ccc2C)c1,3.04,3.1958872739199453,0.15588727391994528
2765,train,NCCCC(=O)OCCN1CCN(CCCN2c3ccccc3Sc4ccc(Cl)cc24)CC1,1.5,1.6707365499407925,0.17073654994079246
430,train,CCS(=O)(=O)c1ccc2OCC(=O)N(CCN3CCC(CC3)NCc4ccc5OCC(=O)Nc5n4)c2c1,-0.11,-0.069075772220621,0.040924227779379
4060,train,CN(C)CCCOc1nccc(Nc2cc(NC(=O)c3ccnc(c3)N4CCOCC4)ccc2C)n1,1.3,1.2291209088479407,-0.07087909115205937
3285,train,C[C@@H]1CN(CCN1c2ncc(OCc3ccc(cc3)S(=O)(=O)C)cn2)C(=O)OC(C)(C)C,3.6,3.859515867987314,0.25951586798731396
3344,train,CC(C)(C(=O)N)C(=O)NCCCNc1nc(Nc2cccc(NC(=O)N3CCCC3)c2)ncc1Br,2.32,2.4425667702667573,0.12256677026675744
853,train,Cc1sc2ncnc(SCC(=O)N3CCN(CC3)C(=O)c4occc4)c2c1C,2.7,3.0934926137005463,0.3934926137005461
953,train,NC(=O)NC(=O)C(Nc1ccc2CCCc2c1)c3ccccc3,3.3,3.2683649290809735,-0.03163507091902629
3753,train,c1cnc2cccnc2c1,0.89,1.0502725635476247,0.16027256354762465
3119,train,C[C@@H]1N[S@@](=O)(=NC1=O)c2cccc(c2)c3cccc(c3)C#N,0.4,0.7458802603958048,0.3458802603958048
618,train,Nc1ncc2cc(c(N)nc2n1)c3c(Br)cccc3Br,2.06,2.3187189585182586,0.25871895851825855
273,train,NS(=O)(=O)c1nc2ccccc2s1,1.35,1.1736499790095867,-0.17635002099041341
58,train,NC(=O)c1cc(F)cc(O[C@H]2C[C@H]3CC[C@@H](C2)N3Cc4ccccc4)c1,2.14,2.197444268214109,0.05744426821410897
3418,train,COc1cc(ccc1Nc2ncc(Cl)c(n2)c3cnc4c(N)cccn34)N5CCN(CC5)C(=O)C,3.4,3.626022517115042,0.2260225171150423
3867,train,Cc1ccc2cc(C)c3nnc(SCC(=O)N4CCN(CC4)C(=O)c5occc5)n3c2c1,2.3,2.8197958975794126,0.5197958975794128
2217,train,CCCSc1nc(N[C@@H]2C[C@H]2c3ccccc3)c4nnn([C@@H]5C[C@H](CO)[C@@H](O)[C@H]5O)c4n1,3.99,3.936691757957515,-0.05330824204248508
256,train,O=C1CCOc2nc(CCc3ccccc3)ccc12,2.5,2.8610539479508166,0.3610539479508166
2593,train,COC1(CCOCC1)c2cc(F)cc(OCc3ccc4N(C)C(=O)C=Cc4c3)c2,3.52,3.4992917493874325,-0.020708250612567536
3987,train,C1CN2CCC1C(=C2)c3oc4ccccc4c3,2.59,2.5953593444002285,0.005359344400228672
2276,train,COc1ccc(F)c(F)c1C(=O)c2cnc(NC3CCN(CC3)S(=O)(=O)C)nc2N,2.08,2.906422827293202,0.8264228272932019
1995,train,OC[C@H]1CCCN1CCCOc2ccc3c(Nc4cc(CC(=O)Nc5cccc(F)c5F)[nH]n4)ncnc3c2,2.06,2.1486160404621475,0.08861604046214744
1700,train,O=C(Nc1ccccc1)c2ccccc2,2.8,2.7564742059549565,-0.04352579404504331
774,train,Cc1cc(C)c2c(N)c(sc2n1)C(=O)NC3CC3,2.53,2.3408729928347274,-0.18912700716527242
871,train,CCOC(=O)\C=C\[C@H](C[C@@H]1CCNC1=O)NC(=O)[C@@H](CC(=O)[C@@H](NC(=O)c2cc(C)on2)C(C)C)Cc3ccc(F)cc3,2.8,2.8047620810495633,0.004762081049563438
3150,train,Oc1ccc(Br)cc1C(=O)C(=O)c2cc(Br)ccc2O,3.85,3.8953696690020534,0.0453696690020533
581,train,CC(C)Oc1ccc(cc1)C(=O)Nc2cc(NC(=O)c3cccc(c3)N(C)C)ccc2C,3.1,3.199997235551188,0.099997235551188
2557,train,C[C@@H](Oc1nc(Nc2cc(C)[nH]n2)c(C)nc1C#N)c3ccc(F)cn3,2.72,2.9331985446520945,0.2131985446520943
4154,train,CC1(CC(=O)NC(=N1)N)c2ccccc2,0.62,0.7410501899463138,0.12105018994631378
1318,train,CS(=O)(=O)Cc1cc(nc(n1)c2cccc3[nH]ccc23)N4CCOCC4,1.7,1.7859758611889753,0.08597586118897538
2847,train,CCCCC1=NC2(CCCC2)C(=O)N1Cc3ccc(cc3)c4ccccc4c5nn[nH]n5,1.29,1.7630773331588894,0.47307733315888933
2733,train,Fc1cc(ccc1C2=CCOCC2)N3C[C@H](COc4ccon4)OC3=O,2.61,3.281874612854584,0.6718746128545843
744,train,OC(=O)COc1ccccc1N2CCC(CN3CCC(CC3)Oc4ccc(Cl)c(Cl)c4)CC2,2.0,2.247586190418151,0.2475861904181511
4,train,Cc1cccc(C[C@H](NC(=O)c2cc(nn2C)C(C)(C)C)C(=O)NCC#N)c1,3.1,3.1719564309047508,0.07195643090475068
2918,train,CCc1cc(ccn1)C(=S)N,1.52,1.628299170498531,0.108299170498531
3915,train,OC(=O)c1cc2cc(ccc2n1Cc3ccc(Cl)c(Cl)c3)[N+](=O)[O-],1.79,1.786224462441647,-0.003775537558353026
1125,train,COc1ccc(Cl)c(Nc2ncnc3cc(OC)cc(OC4CCN(C)CC4)c23)c1,3.6,3.7597443322516924,0.15974433225169227
269,train,O=C1COC2(CCN(CC2)S(=O)(=O)c3ccc(cc3)c4ccc5cnccc5c4)CN1C6CC6,3.32,3.202421233286569,-0.11757876671343093
3170,train,CC(N)Cc1c[nH]c2ccc(OCc3cccs3)cc12,0.48,0.45445034964232933,-0.02554965035767065
3543,train,CC(C)C(NC(=O)CN1C(=O)C(=CC=C1c2ccccc2)NC(=O)CN3C(=O)CCC3=O)C(=O)C(F)(F)F,0.96,1.244585504114793,0.2845855041147931
1503,train,CC(C)C[C@H](CO)Nc1nc(SCc2ccncc2)nc3nc(N)sc13,2.9,3.176420628541036,0.276420628541036
2098,train,Oc1ccc(cc1)C2=Cc3ccccc3OC2=O,3.0,3.226471841464048,0.22647184146404786
47,train,CC(C)c1ccc2Oc3nc(N)c(cc3C(=O)c2c1)C(=O)O,1.1,1.6134131992550138,0.5134131992550137
1529,train,OC(=O)c1ccccc1c2ccc(Cl)c(c2)C(=O)NCC3(O)CCCCCC3,-0.34,0.07262860420329353,0.41262860420329356
1343,train,O=C(Nc1cc(nn1c2ccccc2)c3ccccc3)c4cccc(c4)C#N,3.82,4.097703550639934,0.2777035506399339
1325,train,CC(C)N(CCCNC(=O)Nc1ccc(cc1)C(C)(C)C)C[C@H]2O[C@H]([C@H](O)[C@@H]2O)n3ccc4c(N)ncnc34,2.4,2.57254914046689,0.17254914046689018
1617,train,COc1ccc2OCC(=O)N(CCN3CCC(CC3)NCc4cc5OCCOc5cn4)c2c1,1.24,1.5467699939611603,0.30676999396116034
232,train,COc1cc(Nc2nccc(n2)N(C)c3cc(CO)ccc3C)cc(c1)N4CCOCC4,3.9,3.8470250192937026,-0.05297498070629736
2187,train,OC(=O)COc1ccc(Cl)cc1CN2CCN(CC2)S(=O)(=O)c3ccccc3,0.49,0.3927265507910771,-0.09727344920892289
3110,train,CC(C)C1NCCc2c1sc3ccccc23,2.8,2.8476837613185513,0.047683761318551454
3275,train,CC(C)n1c(C)ncc1c2nc(Nc3ccc(cc3)N4CC[C@H](C4)NC(=O)C)ncc2F,3.3,3.4554861776461614,0.15548617764616157
1981,train,Fc1cccc(COc2ccc3C(=O)CCOc3c2)c1,3.4,3.5280749968503957,0.1280749968503958
703,train,CCCCC1C(=O)N(N(C1=O)c2ccccc2)c3ccccc3,0.45,0.764893214812941,0.314893214812941
3768,train,C[C@H](Nc1ncc(F)c(Nc2cc([nH]n2)C3CC3)n1)c4ccc(F)cn4,3.14,3.247415205026801,0.10741520502680091
1925,train,CC(C)(O)c1ccc(Nc2nc3ccc(cc3[nH]2)C#N)cc1,2.73,2.7092915385226846,-0.02070846147731542
3774,train,Cc1ccccc1CN2CCC(CC2)N3CCC(CC3)N4C(=O)Nc5ccccc45,2.68,2.672222666812012,-0.0077773331879882335
49,train,COc1ccccc1Cn2c(C)nc3ccccc23,3.47,3.65637232470314,0.1863723247031399
1725,train,COc1ccc2nc(NC(=O)CCc3ccc(OC)c(OC)c3)sc2c1,3.57,3.5719305851832788,0.0019305851832789322
3129,train,COc1ccc(cc1CO)c2ccc3c(nc(nc3n2)n4ccnc4)N5CCOC[C@@H]5C,2.6,2.6281302585912445,0.028130258591244406
3690,train,CCC(C)(C)C(=O)O[C@H]1C[C@@H](C)C=C2C=C[C@H](C)[C@H](CC[C@@H](O)C[C@@H](O)CC(=O)O)[C@@H]12,1.55,1.513909454663788,-0.03609054533621214
1568,train,O=C(CN1CCOCC1)Nc2c(cnn2c3ccccc3)C#N,0.5,1.0859635215263796,0.5859635215263796
2737,train,CC(=O)Nc1ccc(O)cc1,0.25,0.3591990995127774,0.1091990995127774
654,train,COCCC(=O)Nc1ccc(Nc2ncc3cc(ccc3n2)c4ccncc4)cc1,2.78,2.837542825090954,0.057542825090953986
95,train,CC(C)N(CCCNC(=O)Nc1ccc(cc1)C(C)(C)C)C[C@H]2O[C@H]([C@H](O)[C@@H]2O)n3cnc4c(N)ncnc34,2.2,2.3685445637264695,0.1685445637264693
1156,train,CN(CCO)C(=O)c1ccc(cc1)[C@@H](N2CCN(Cc3ccc(F)cc3)CC2)c4cccc(NC(=O)C5CC5)c4,3.38,3.479739020539434,0.09973902053943418
3978,train,CN1CCC(=C2c3ccccc3C=Cc4ccccc24)CC1,3.06,2.7343156271396474,-0.3256843728603527
4173,train,COc1cc2ncnc(Oc3cnn(CC(=O)Nc4ccc(cn4)N(C)C)c3)c2cc1OC,2.36,2.500826323852824,0.14082632385282423
2787,train,Cc1cc(Cl)ccc1OC2CCN(C[C@H](O)CNC(=O)C3=CNC(=O)c4cc(ccc34)S(=O)(=O)C)CC2,2.42,2.754747838482923,0.3347478384829232
3095,train,COc1cc(OC)c(cc1NC(=O)C)S(=O)(=O)N2C(C)CCc3ccccc23,1.97,2.00671546907885,0.036715469078849816
1162,train,CC(O)(C(=O)Nc1ccc(cc1)S(=O)(=O)c2ccc(O)cc2)C(F)(F)F,2.78,2.735961765685829,-0.044038234314170754
3497,train,Cc1oc(cc1C(=O)O)c2ccc(Cl)cc2,1.67,1.666903305825425,-0.003096694174574921
2657,train,Cc1ccc2c(N)c(C#N)sc2n1,2.23,2.5630630096030314,0.33306300960303137
97,train,CCSc1c(Cc2ccccc2C(F)(F)F)sc3N(CC(C)C)C(=O)N(C)C(=O)c13,4.49,4.642987323523872,0.15298732352387212
1351,train,O=C1NCCc2[nH]c(cc12)c3ccncc3,1.49,1.746049068899365,0.2560490688993651
2432,train,Oc1c(NC(=O)Nc2cccc(F)c2Cl)ccc(Cl)c1S(=O)(=O)N3CCNCC3,2.6,3.1536811489355765,0.5536811489355764
629,train,OC[C@H](O)C(=O)N1CCC(=CC1)c2ccc(cc2F)N3C[C@H](COc4ccon4)OC3=O,1.09,1.587111085532734,0.49711108553273387
735,train,C[C@@H](O)[C@@H](CO)Nc1nc(SCc2cccc(F)c2F)nc3nc(N)sc13,2.83,2.9269905604706863,0.09699056047068622
1752,train,CCC(N(CCCN)C(=O)c1ccc(C)cc1)C2=Nc3ccsc3C(=O)N2Cc4ccc(Cl)cc4,2.32,2.555823469358786,0.23582346935878595
3356,train,Fc1ccc(CN2CCN(CC2)c3ccc4nnc(n4n3)C(F)(F)F)cc1,3.46,3.651409406716969,0.19140940671696915
4196,train,CCN(C1CCN(CCC(c2ccc(F)cc2)c3ccc(F)cc3)CC1)C(=O)Cc4ccc(cc4)S(=O)(=O)C,3.21,3.4805673299901145,0.27056732999011457
3048,train,CC(C)N1C(=O)N(C)C(=O)c2c1sc(Cc3ccccc3C(F)(F)F)c2C(=O)N4CCS(=O)(=O)C4,2.55,2.7594543130196163,0.20945431301961648
274,train,CS(=O)(=O)c1ccc(c(Cl)c1)c2cc(Cl)ccc2OCC(=O)O,-0.75,-0.7471053139216646,0.002894686078335429
1423,train,Clc1n[nH]c2cccc(Nc3ccnc(Nc4cc(cc(c4)N5CCOCC5)N6CCOCC6)n3)c12,2.78,2.975901077080379,0.19590107708037907
1775,train,OC(CCN1CCCCC1)(C2CCCCC2)c3ccccc3,2.68,2.9152427328200936,0.23524273282009345
575,train,Cc1cc(COc2cnc(nc2)N3CCN(CC3)C(=O)OC(C)(C)C)ccn1,3.7,3.792821055978994,0.0928210559789937
2920,train,COc1ccc(CC(=O)Nc2nc3ccccc3[nH]2)cc1,2.9,2.9548074469078554,0.05480744690785544
411,train,CN1CCOc2cc(COC3CCCCC3)cnc12,3.1,3.039525289577943,-0.060474710422056877
2625,train,CNC(=O)Nc1cc(sc1C(=O)N)c2ccccc2,2.71,2.9051916385337875,0.19519163853378751
1597,train,COc1ccc(Cl)cc1NC(=O)Nc2cnccn2,3.63,3.857047274533689,0.2270472745336889
1964,train,CC(C)n1c(C)ncc1c2ccnc(Nc3ccc(cc3)N4CCN(CC4)C(=O)CN(C)C)n2,3.31,3.290282676562106,-0.01971732343789423
633,train,Fc1cc(Cl)ccc1N2CCN(CC2)C(=O)COCc3ccncc3,2.55,2.8307955001485525,0.2807955001485527
1890,train,C[C@@H]1CN(CCN1C(=O)[C@@H]2CCCC[C@H]2C(=O)NC3(CC3)C#N)c4ccc5c(c4)c(C)nn5C,2.8,2.759346401500431,-0.040653598499568844
3549,train,Nc1nc2cc3CCN(Cc4cnc[nH]4)CCc3cc2s1,-0.12,-0.17353470101867918,-0.05353470101867919
2032,train,CC(NC(=O)C1(N)CCN(CC1)c2ncnc3[nH]ccc23)c4cccnc4,1.2,1.4076413274486286,0.20764132744862862
4033,train,CCCNC(=O)c1cc2c(c(cnc2[nH]1)c3cncc(c3)C(=O)O)n4ccc(n4)C(F)(F)F,-0.79,-0.5944376186410216,0.1955623813589784
357,train,C[C@@H](Oc1cccc2ncnc(Nc3ccc(OCc4ccccn4)c(Cl)c3)c12)C(=O)N(C)C,3.67,3.9460568587886375,0.2760568587886376
384,train,Cc1ccc(cc1)S(=O)(=O)Nc2c(cnn2c3ccccc3)C(=O)NCc4ccccc4,1.9,2.2477808359112297,0.34778083591122977
2754,train,CCC(N(CCCN)C(=O)c1ccc(C)cc1)C2=Nc3sccc3C(=O)N2Cc4ccccc4,2.06,2.3692589264189476,0.3092589264189476
4058,train,Cc1nc2nc(NC(=O)c3ccc(F)cc3)nn2c(O)c1Cc4ccccc4,2.2,2.5005200083683574,0.30052000836835724
499,train,CC1=CN([C@H]2CCCN(C2)S(=O)(=O)c3ccc(O)c(Oc4cc(F)cc(Cl)c4)c3)C(=O)NC1=O,2.35,2.7721917030340193,0.4221917030340192
2477,train,CCN(CC)CCN1C(=O)[C@@](O)(c2ccccc2Cl)c3c1cc(cc3C(F)(F)F)C(=O)N,2.4,2.8834913764921923,0.4834913764921924
706,train,CC(=O)Nc1ccc(cc1)c2ccnc(Nc3ccc(cc3)N4CCOCC4)n2,2.91,2.948965046426407,0.03896504642640686
52,train,OC(=O)CCC[C@H]1[C@@H](Cc2ccccc12)NC(=O)c3cc4cc(F)ccc4[nH]3,1.95,2.3583618144956247,0.4083618144956247
3554,train,CNc1cc(nc2c(cc(OC)cc12)N3CCN(C)CC3)C(=O)Nc4ccc(cc4)N5CCOCC5,2.93,2.6112184708308277,-0.31878152916917246
1323,train,COc1cc2nnc(C(=O)N)c(Nc3ccc(F)cc3F)c2cc1N4CCN(C)CC4,2.36,2.51968626508435,0.15968626508435024
3475,train,CN1CCN(CCCN2c3ccccc3Sc4ccc(Cl)cc24)CC1,3.92,3.8959713136676264,-0.02402868633237354
3659,train,COc1cc2ncc(C(=O)N)c(Nc3ccccc3C)c2cc1OC,3.4,3.7283875432266944,0.3283875432266945
295,train,NC(=O)Nc1cc(sc1C(=O)N[C@H]2CCCNC2)c3cccc(F)c3F,1.32,1.3353916380823168,0.015391638082316694
4180,train,CCCCC(CC)COC(=O)CC(C(=O)OCC(CC)CCCC)S(=O)(=O)O,2.93,2.8512955085480884,-0.07870449145191172
493,train,CN[C@@H](C)C(=O)N[C@@H](C1CCCCC1)C(=O)N[C@H]2C[C@@H]3CC[C@H]2N(CCc4ccccc4)C3,1.64,1.1167207619568411,-0.5232792380431588
993,train,N(c1ccccc1)c2ccccc2,3.2,3.0885411156876046,-0.11145888431239559
2922,train,COc1ccc(cc1CO)c2ccc3c(nc(nc3n2)N4C[C@@H](C)O[C@@H](C)C4)N5CCOCC5,3.25,3.5062176017594306,0.25621760175943065
1160,train,CN(C)CCCN(C)S(=O)(=O)c1ccc(Nc2nccc(n2)c3cnc4ccccn34)cc1,2.16,2.206094825656974,0.04609482565697398
3292,train,COc1nc(Cl)cnc1NS(=O)(=O)c2cccc3c(cccc23)N(C)C,1.74,2.0932511022503277,0.35325110225032774
448,train,Cc1ccc(O)c(O)c1,1.37,1.3792444798393602,0.009244479839360054
3347,train,COc1cc2CC[C@H](NC(=O)C)c3cc(O)ccc3c2c(OC)c1OC,1.81,1.77671299802958,-0.033287001970420116
1871,train,COc1ccccc1C(=O)NCC23CC4CC(CC(C4)C2)C3,4.43,4.5391771648505355,0.10917716485053575
2089,train,CN(C)C(=O)N[C@@H]1CC[C@@H](CCN2[C@@H]3CC[C@H]2C[C@H](C3)Oc4cccc(c4)C(=O)N)CC1,0.12,0.08241812327999964,-0.03758187672000035
699,train,C[C@H](Nc1ccc2ncn(c3cc([nH]n3)C4CC4)c2n1)c5ncc(F)cn5,2.74,3.03479590281648,0.29479590281647994
649,train,Nc1c(NC2CCOC2)nc(nc1N3CCOCC3)C#N,1.6,1.5396377147312965,-0.060362285268703575
1857,train,CC(C)Oc1ccc2C(=O)C(=COc2c1)c3ccccc3,4.07,4.43417499226266,0.3641749922626598
3425,train,CSc1ccc(cc1)c2nc(c3ccc(F)cc3)c([nH]2)c4ccncc4,2.97,3.096189534340445,0.1261895343404449
2566,train,OC[C@@H](O)CN1C(=O)[C@H](Cc2ccccc12)NC(=O)c3cc4cc(Cl)sc4[nH]3,3.27,3.2790195472689536,0.009019547268953598
1826,train,COc1cc2ncnc(Nc3cccc(O)c3)c2cc1OC,2.6,2.7904831392058314,0.19048313920583126
3830,train,Cc1ccc(cc1NC(=O)c2ccc(OCc3ccccn3)cc2)c4cc(n[nH]4)C(F)(F)F,2.44,2.757720645438114,0.31772064543811407
2201,train,CCNC(=O)c1cc2c(c(cnc2[nH]1)c3cncc(c3)C(=O)O)n4nc(cc4C)C(F)(F)F,-0.88,-0.6576580122118019,0.22234198778819814
2561,train,COc1ccccc1CN(C(=O)C)c2cnccc2Oc3ccccc3,3.0,3.3191628492408944,0.31916284924089444
3208,train,COc1cc(ccc1Nc2ncc(Cl)c(n2)c3cnc4ccccn34)C(=O)N5CCOCC5,3.4,3.6819371635081715,0.28193716350817155
1418,train,CCN(C1CCN(CC[C@H](c2ccc(cc2)S(=O)(=O)C)c3cc(F)c(F)c(F)c3)CC1)C(=O)Cc4ccc(cc4)S(=O)(=O)C,2.55,2.546363973052743,-0.003636026947256621
1307,train,C[C@H](Oc1ccc(SCCCCCc2ccccc2)cc1)C(=O)c3nc(C)c(CCCC(=O)O)s3,2.03,2.1446597425213194,0.11465974252131961
1942,train,CCC[C@H](CO)Nc1nc(S[C@@H](C)c2cccc(c2)C#N)nc3NC(=O)Sc13,3.7,3.8935728301762316,0.1935728301762314
3209,train,O=C(NCCN1CCCC1)c2ccc(Nc3ncc4cc(ccc4n3)c5ccncc5)cc2,2.39,2.661265347055145,0.2712653470551447
3874,train,Nc1c(NC2CCCCC2)nc(nc1N3CCOCC3)C#N,2.81,2.702587255314828,-0.10741274468517226
616,train,Clc1ccc2[nH]c3CCN(Cc3c2c1)C(=O)[C@@H]4CCCC[C@H]4C(=O)NC5(CC5)C#N,3.65,3.7918708852949936,0.1418708852949937
2504,train,COc1cc(ccc1Nc2ncc(C#N)c(n2)c3cnc4ccccn34)N5CCN(CC5)C(=O)C,2.8,3.064094711475927,0.2640947114759271
979,train,COc1cc(cc(OC)c1OC)C(=O)c2cc(Cl)ccc2N,3.38,3.4288373087240878,0.04883730872408787
3181,train,CCN1CCC[C@H]1CNC(=O)c2cc(Br)cc(OC)c2OC,1.2,1.1483279953314565,-0.05167200466854349
1382,train,CN(C1CCN(Cc2ccc(cc2)C(F)(F)F)CC1)C(=O)Cc3ccc(NC(=O)C)cc3,2.9,3.1229818757110004,0.22298187571100048
730,train,NC1=NC(Nc2c(F)ccc(F)c12)c3occc3,1.2,1.537912937382118,0.33791293738211814
1912,train,OCCO[C@H]1C[C@H]([C@H](O)[C@@H]1O)n2nnc3c(N[C@@H]4C[C@H]4c5ccc(F)c(F)c5)nc(SCCC(F)(F)F)nc23,4.17,4.259650046447675,0.08965004644767482
2716,train,CCN(CC)CCOc1ccc(cc1)C(O)(Cc2ccc(Cl)cc2)c3ccc(C)cc3,3.98,3.9301982744453747,-0.049801725554625254
3332,train,COc1ccc(OC)c(c1)c2c(F)ccc3c(N)c(nnc23)C(=O)NC(C)C,3.77,4.0200666695984895,0.25006666959848944
846,train,Oc1c(C#N)c(nc2ccncc12)c3ccc(cc3)c4ccccc4C(F)(F)F,3.3,3.3121789573847,0.012178957384699984
2916,train,COc1ccccc1CCNCc2ccc(CCNC[C@H](O)c3ccc(O)c4NC(=O)Sc34)cc2,0.8,0.8361829036448782,0.036182903644878195
3171,train,C1CC2(CCN1)OC(c3ccccc3)c4ccccc24,0.75,0.7867743171901036,0.0367743171901036
29,train,CNC1=Nc2ncccc2C(=NC1c3cccs3)c4occn4,1.14,1.5871472246885228,0.44714722468852286
1497,train,CS(=O)(=O)NC(=O)CCCc1c([nH]c2ccc(cc12)C#N)c3ccc(F)cc3,1.5,1.479283878997688,-0.020716121002311905
3598,train,O=C1Nc2cc(ccc2C1c3ncnc4cc(OCCCN5CCOCC5)ccc34)C#N,2.99,3.026410968168663,0.03641096816866263
932,train,CCN(C1CCN(CCC(c2ccccc2)c3ccc(NC(=O)C)cc3)CC1)C(=O)Cc4ccc(cc4)S(=O)(=O)C,2.09,2.2787137081214306,0.18871370812143073
878,train,Clc1ccc(CN2C[C@@H]3C[C@H]2CN3)cc1C(=O)NCC45CC6CC(CC(C6)C4)C5,1.45,1.6145832044236776,0.1645832044236777
347,train,Cn1c(nc2ccccc12)c3ccc(O)nc3,1.2,1.6123217967501904,0.41232179675019043
3730,train,CNCCC(Oc1ccccc1OC)c2ccccc2,0.22,0.3055074448705315,0.0855074448705315
4032,train,COc1cc(F)ccc1c2cncc(CNCC3CC3)n2,1.8,1.838501485969694,0.03850148596969394
3691,train,NC(=O)c1cccc(O[C@H]2C[C@H]3CC[C@@H](C2)N3CC4CCCCC4)c1,1.55,1.5656729407880756,0.015672940788075573
3293,train,O[C@@H](CNCCc1cccc(CNCCCc2ccccc2)c1)c3ccc(O)c4NC(=O)Sc34,1.11,1.469144822006192,0.3591448220061919
3880,train,Fc1ccc(NC(=S)N2CCC(CC2)C(=O)c3ccc(F)cc3)cc1,3.4,3.5108740597045123,0.11087405970451236
2942,train,CO[C@H]1CN(CCN2C(=O)C=Nc3ccc(OC)cc23)CC[C@@H]1NCc4cc5OCCOc5cn4,1.25,1.2006945716875483,-0.04930542831245166
2491,train,CC1(C)CCC(CC1)NC(=O)[C@@H](N)CCC(=O)O,-0.27,-0.12181537694276523,0.1481846230572348
1281,train,CN(C)c1ncnc2nc[nH]c12,0.95,0.9472500939138617,-0.002749906086138232
405,train,CC(C)CNc1nc(nc(N2CCNCC2)c1N)C#N,0.7,0.8431287048308718,0.1431287048308718
1030,train,CN(C)CCC=C1c2ccccc2C=Cc3ccccc13,2.83,2.761057771222812,-0.06894222877718814
3268,train,CCC(=C)C(=O)c1ccc(OCC(=O)O)c(Cl)c1Cl,0.02,0.14302507766075312,0.12302507766075312
3083,train,Fc1ccc(F)c(NS(=O)(=O)c2ccc(Cl)cc2)c1,2.9,2.986989509694448,0.08698950969444796
1491,train,N[C@@H]1CCCN(C1)c2c(\C=C\3/SC(=O)NC3=O)cccc2c4ccncc4,1.56,1.6880641909668717,0.1280641909668716
2061,train,Clc1cccc(c1)S(=O)(=O)NC(=O)N2CCC(CC2)N3CCC(CC3)Oc4ccc(Cl)c(Cl)c4,2.62,2.391300884178526,-0.22869911582147395
2253,train,CCN(C(=O)c1oc(cc1)c2ccc(Cl)cc2)c3ccc(cc3)N4CCNCC4,3.3,3.408981155524086,0.10898115552408605
2603,train,C[C@@](O)(C(=O)Nc1ccc(cc1Cl)S(=O)(=O)C)C(F)(F)F,2.08,2.242223934760513,0.162223934760513
624,train,Nc1ncnc2sccc12,1.19,1.6471622919757667,0.45716229197576674
2111,train,COc1ccc2c(c1)[nH]c3c(C)nccc23,2.9,2.8295850552645607,-0.07041494473543919
151,train,Clc1ccccc1c2cnn[nH]2,2.68,2.9373664012109106,0.2573664012109105
3738,train,NCC(O)(c1ccccc1)c2ccccc2,0.9,0.6762743671103817,-0.22372563288961833
2154,train,CC(C)n1c(C)ncc1c2ccnc(Nc3ccc(cc3)N(C)C)n2,3.51,3.7280845525445603,0.2180845525445605
3640,train,Cn1c(ccc1c2cc(F)c3NC(=O)C(C)(C)c3c2)C#N,3.21,3.395552423459442,0.18555242345944212
2807,train,COc1cc(Nc2ncnc(Nc3c(Cl)ccc4OCOc34)n2)cc(OC)c1OC,3.01,3.0131331532185937,0.003133153218593865
4150,train,Nc1ccc2cn[nH]c2c1,0.52,0.7868286704804099,0.2668286704804099
4047,train,CNc1cccc(CCCc2ccc(C[C@H](NC(=O)c3c(Cl)cccc3Cl)C(=O)O)cc2)n1,0.57,0.7457779143066108,0.17577791430661083
885,train,CCOC(=O)c1c(nc2cc(C)ccn12)c3ccccc3,3.8,4.24624690090533,0.44624690090533026
2648,train,CC(N1Cc2ccccc2C1=O)c3ccccc3,3.0,3.3708496480765984,0.37084964807659837
3589,train,Clc1ccc(cc1)c2c[nH]nn2,2.97,3.4384321100294035,0.4684321100294033
3080,train,CCOC(=O)C1=C(C)NC(=C([C@H]1c2cccc3C(=O)C=C(C)Oc23)C(=O)C)C,2.63,2.592530913372414,-0.037469086627585746
2122,train,C[C@@H]1C[C@H]2[C@@H]3CCC4=CC(=O)C=C[C@]4(C)[C@@]3(F)[C@@H](O)C[C@]2(C)[C@@]1(O)C(=O)CO,1.87,1.6738441198079197,-0.1961558801920804
2191,train,CC(C)(C)NC(=O)Nc1ccc(cc1)c2c(N)nc(N)nc2COCc3ccccc3,3.09,3.1354641955638454,0.04546419556384551
2828,train,CN(C1CCN(Cc2nc3cc(F)ccc3s2)CC1)C(=O)Cc4ccc(cc4)n5cnnn5,2.85,3.173019138919878,0.32301913891987777
2858,train,Fc1cccc(COc2ccc(Nc3ncnc4ccc(cc34)c5cccc(c5)N6CCOCC6)cc2Cl)c1,3.2,3.683188011968335,0.48318801196833494
538,train,CC(C)(C)c1cc(O)n2nc(N)nc2n1,-0.2,0.18188117518180746,0.3818811751818075
2468,train,C[N+]1(C)[C@@H]2C[C@H](C[C@H]1[C@@H]3O[C@H]23)OC(=O)C(O)(c4cccs4)c5cccs5,-0.25,-0.32726604393249925,-0.07726604393249925
893,train,CC(C)CN1C(=O)N(C)C(=O)c2c1sc(Cc3c[nH]c4ncccc34)c2C(=O)N5C[C@H](O)CO5,2.04,2.0413159912751992,0.001315991275199213
3407,train,OC(=O)[C@H](Cc1ccc(OCCc2ccc3CCCNc3n2)cc1)NC(=O)c4c(Cl)cccc4Cl,0.33,0.5777168178960197,0.24771681789601968
2583,train,COc1ccc(cc1)c2nc3c(NCCCNC(=O)c4ccccc4)c(Br)cnc3[nH]2,0.25,0.7376061283996365,0.48760612839963646
2065,train,CN1C(=O)CN=C(c2ccccc2F)c3cc(ccc13)[N+](=O)[O-],2.1,1.9997205367105615,-0.1002794632894386
1760,train,CN(CC[C@@H](Oc1ccc(cc1)c2ccccc2)c3ccc(F)cc3)CC(=O)O,2.86,2.877641314509717,0.017641314509717176
3649,train,Cc1nc(C)c(nc1C(=O)N)c2ccc3c(CC[C@@]34CC[C@@H](CC4)c5nnn[nH]5)c2,1.4,1.450124784314521,0.050124784314521165
1405,train,CC(C)CN1C(=O)N(C)C(=O)c2c(SC3CCCC3)c(Cc4ccccc4C(F)(F)F)sc12,4.21,4.293439000657263,0.08343900065726295
2982,train,CC(=O)N1CCN(CC1)c2ccc(NC(=O)c3oc(Nc4ccccc4F)nn3)cc2,2.51,2.8721101444379222,0.36211014443792244
1374,train,CC(C)C(NC(=O)CN1C(=O)C(=CC=C1c2ccccc2)NC(=O)OCc3ccccn3)C(=O)C(F)(F)F,1.91,2.0917047800524347,0.18170478005243473
3984,train,Cc1ccc(\C=C(/C#N)\C(=O)N)cc1,2.09,1.8475604881512846,-0.24243951184871526
3317,train,C[C@H](CO)Nc1nc(SCc2cccc(F)c2F)nc3[nH]c(N)nc13,3.22,3.3318205162776273,0.11182051627762712
2538,train,COc1ccc2NC(=O)C(NC(=O)c3ccccc3OC)N=C(c4ccccc4)c2c1,3.8,3.7063474285640607,-0.09365257143593908
2028,train,CC(C)C(NC(=O)CN1C(=O)C(=CC=C1c2ccccc2)NS(=O)(=O)NCc3ccccc3)C(=O)C(F)(F)F,2.57,2.7845124447213325,0.21451244472133268
75,train,COc1cc(NS(=O)(=O)c2ccc(N)cc2)nc(OC)n1,0.2,0.47436938497340364,0.27436938497340363
626,train,CC(C)(C(=O)O)c1ccc(cc1)C(O)CCCN2CCC(CC2)C(O)(c3ccccc3)c4ccccc4,0.42,0.5815731549319361,0.16157315493193608
1298,train,CNC1=Nc2ncccc2C(=NC1c3ccns3)c4occc4,1.44,1.684949826938456,0.24494982693845602
1458,train,NC(=O)c1cn([C@@H]2O[C@H](CO)[C@@H](O)[C@H]2O)c3ncnc(N)c13,-0.87,-1.0388989291389992,-0.16889892913899918
3938,train,CCC(N(CCCN)C(=O)c1ccc(C)cc1)C2=Nc3ccn(C)c3C(=O)N2Cc4ccccc4,1.8,2.179127352808117,0.37912735280811716
3566,train,Cc1onc(C)c1CCC2CCN(CC2)S(=O)(=O)CC3(CCC(F)(F)CC3)N(O)C=O,2.1,1.8378691230217008,-0.2621308769782993
1644,train,CCOC(=O)c1ccc(OCC2CCN(C2)c3ccc(C)nn3)cc1,3.44,3.419637436113232,-0.020362563886767937
3904,train,OCCCNc1ccc2c(NC(=O)CC3CCCCC3)c(Cl)ccc2n1,3.29,3.526821546371015,0.23682154637101505
1082,train,COc1ccc2CC3C4C=CC(O)C5Oc1c2C45CCN3C,0.8,0.7014653824879333,-0.09853461751206671
3876,train,COc1cc(F)ccc1c2cncc(CNC(=O)c3cnccn3)c2,2.5,2.800304243904697,0.300304243904697
1031,train,Oc1ccc(CCNCCCCCCNC(=O)Nc2ccccc2)c3sc(O)nc13,1.26,1.5700185297150613,0.3100185297150613
3709,train,CC(C)COc1ccc(cc1C#N)c2nc(C)c(s2)C(=O)O,0.94,0.8312337185379071,-0.10876628146209288
817,train,COc1cc(ccc1Nc2ncc(Cl)c(n2)c3cnc4c(OC)cccn34)N5CCN(CC5)C(=O)C,3.5,3.284807305346849,-0.21519269465315105
1052,train,CN([C@@H]1CCN(Cc2ccc(nc2)C(F)(F)F)C[C@@H]1F)C(=O)Cc3ccc(cc3)n4cnnn4,1.8,1.9173916910034732,0.11739169100347313
1394,train,COc1ccc2CCC(=O)N(CCN3CCC(CC3)NCc4ccc5OCC(=O)Nc5n4)c2c1,0.66,0.7717566187237361,0.1117566187237361
2214,train,COc1ccc(cc1)c2csc(n2)N(CCCN3CCOCC3)C(=O)c4occc4,3.34,3.405732679088538,0.06573267908853797
2176,train,COc1ccc(Cl)cc1C(=O)Nc2nc3ccccc3[nH]2,4.05,4.4638088108962695,0.41380881089626964
2016,train,CCCNCc1cnc(s1)c2ccc(cc2)C(=O)Nc3ccccc3N,1.75,1.970728892805742,0.22072889280574204
2148,train,C[S+]([O-])CCN1C(=O)C(Cc2ccccc12)NC(=O)c3cc4cc(Cl)sc4[nH]3,3.17,3.2778722736292805,0.10787227362928054
1489,train,Oc1ccc(C(=O)Cc2ccccc2)c(O)c1,3.09,3.2229445153024328,0.1329445153024329
4195,train,OCCc1ccc(NC(=O)c2cc3cc(Cl)ccc3[nH]2)cc1,3.85,3.7770836100859357,-0.07291638991406435
3923,train,Clc1ccccc1CNC[C@@H]2CC[C@@H](CNCc3ccccc3Cl)CC2,2.74,3.2216135101947296,0.4816135101947294
3243,train,C[C@@H]1CN(Cc2oc(nn2)c3cc(cc4[nH]ncc34)c5cccc6[nH]ccc56)C[C@H](C)O1,4.01,4.188446657919762,0.17844665791976233
3385,train,COc1ccnc(NC2CCN(CC2)C(=O)c3ccc(Cl)cc3)c1,2.82,2.9245617200884295,0.10456172008842968
392,train,OC(=O)c1ccccc1Cn2nnc(n2)c3cccc(OCc4ccc5ccccc5n4)c3,2.1,2.1794855641202964,0.07948556412029628
3079,train,COc1ccc(cc1Oc2cccc(Cl)c2)S(=O)(=O)N3CCC[C@@H](C3)N4C=C(C)C(=O)NC4=O,2.73,2.5475243290668117,-0.18247567093318828
1245,train,O=C(Nc1nc(cs1)c2ccccc2)c3cccnc3,3.62,3.8028009561283964,0.1828009561283963
3250,train,CC(C)C(NC(=O)CN1C(=O)C(=CC=C1c2ccccc2)NS(=O)(=O)c3cccc(NC(=O)C)c3)C(=O)C(F)(F)F,2.43,2.6824025971887053,0.25240259718870517
55,train,N(c1ccccc1)c2cc(Nc3ccccc3)[nH]n2,3.8,3.629194523096941,-0.17080547690305892
1184,train,CNC(=O)OC[C@@H](C)N(c1cc(Cl)ccc1CO)S(=O)(=O)c2ccc(Cl)cc2,3.0,2.8775803116147456,-0.12241968838525441
3910,train,NC(=O)Cc1nc(cs1)c2ccccc2,1.3,1.6101222954505696,0.3101222954505696
2645,train,Nc1c2C(=O)N(Cc2nc3c(cccc13)c4ncccn4)C5CCC5,1.85,2.005897170174323,0.15589717017432303
2843,train,C(Oc1cccc2ccccc12)C3=NCCN3,0.68,1.197399764854279,0.5173997648542789
1741,train,COc1ccc(CN2CCc3c(C2)[nH]c4ccccc34)cc1OC,3.1,3.3572162238335665,0.25721622383356646
3224,train,COc1cc(F)ccc1c2cncc(CNC3CCCC3)c2,2.29,2.7610738892862936,0.47107388928629357
1530,train,CC(C)N1CCN(CC1)C(=O)NCc2ccc(Cl)c(Cl)c2,2.75,2.997592738002896,0.24759273800289616
1824,train,CC(C)(c1cc(nc(n1)c2cccc3[nH]ccc23)N4CCOCC4)S(=O)(=O)C,2.65,2.708126556696675,0.0581265566966751
3143,train,CCN(C1CCN(Cc2ccc(cc2)C(F)(F)F)CC1)C(=O)Cc3ccc(cc3)S(=O)(=O)C,2.9,3.021992161312049,0.12199216131204915
865,train,COc1cc2ncnc(Nc3cc(NC(=O)c4ccnc(c4)N5CCOCC5)ccc3C)c2cc1OCCN6CCOCC6,3.19,3.1874527563503863,-0.002547243649613673
757,train,Oc1ccc2OCC(=O)N(CCN3CCC(CC3)NCc4ccc5OCC(=O)Nc5n4)c2c1,0.52,0.6228803545552131,0.10288035455521305
3336,train,O=C(Nc1ccc(nc1)N2CCOCC2)c3oc(Nc4ccccc4)nn3,2.9,3.1735120770048377,0.2735120770048378
3474,train,C[C@@H]1CN(CCN1c2ncc(OCc3ccc(cc3F)S(=O)(=O)C)cn2)C(=O)OC(C)(C)C,3.7,3.9685514594744715,0.26855145947447134
1315,train,O=C(Nc1ccc(nc1)n2ccnc2)c3ccc(cc3)C#N,2.2,2.4072084370778826,0.2072084370778824
2735,train,OC(=O)COc1cccc(c1)N2CCC(CN3CCC(CC3)Oc4ccc(Cl)c(Cl)c4)CC2,1.99,1.9428682779900681,-0.047131722009931876
2235,train,CC(C)C(=O)Nc1ccc(c(c1)C(F)(F)F)[N+](=O)[O-],3.46,3.6454131979884834,0.18541319798848344
16,train,COc1ccc(cc1)N2CCN(CC2)C(=O)[C@@H]3CCCC[C@H]3C(=O)NCC#N,1.6,1.5770495108912492,-0.02295048910875086
1057,train,Clc1ccc(c(Cl)c1)c2nnc3cccc(Cl)n23,2.88,3.3042276926063487,0.42422769260634885
670,train,FC(F)(F)c1nnc2ccc(nn12)N3CCN(Cc4ccc(cc4)C#N)CC3,2.9,2.8356442184024306,-0.06435578159756927
3134,train,CCS(=O)(=O)c1ccc(Oc2c(C)n(CC(=O)O)c3ccc(cc23)C(F)(F)F)cc1,0.29,0.13904904774086413,-0.15095095225913585
897,train,NC1(CCC1)c2ccc(cc2)N3C(=O)c4ccccc4N=C3c5ccccc5,1.6,1.8132719462520717,0.21327194625207158
3890,train,COc1cc(OC2CCN(C)CC2)c3c(Nc4cccc5OCOc45)ncnc3c1,3.02,3.1184945490150104,0.09849454901501042
3227,train,COc1cc(ccc1N)C(=O)NC[C@@H](O)CN2CCC(CC2)Oc3ccc(Cl)c(Cl)c3,3.12,3.2720306682092595,0.15203066820925937
1069,train,CC1(C)N=C(N)N=C(N)N1c2ccc(Oc3ccc(Cl)cc3)c(Cl)c2,0.79,1.0819611100227646,0.2919611100227646
1205,train,CSCc1cc(nc(n1)c2ccccc2)N3CCOCC3,3.26,3.5042445484099827,0.2442445484099829
790,train,CC(C)CN1C(=O)N(C)C(=O)c2c1sc(Cc3ccccc3C(F)(F)F)c2C(=O)N4CCCCC4,4.07,4.3945057637363565,0.3245057637363562
1204,train,COc1cc(F)ccc1c2cncc(CNC(=O)c3ccccn3)c2,3.2,3.428407975553316,0.2284079755533157
3540,train,CC(O)(C(=O)Nc1ccc(cc1)S(=O)(=O)Nc2ccccc2)C(F)(F)F,3.07,3.2132886388238338,0.1432886388238339
2994,train,COc1cc(cc(OC)c1O)[C@H]2[C@@H]3C(COC3=O)C(O[C@@H]4O[C@@H]5CO[C@@H](C)O[C@H]5[C@H](O)[C@H]4O)c6cc7OCOc7cc26,0.91,0.8156561522700587,-0.09434384772994131
707,train,OC(=O)c1[nH]c2ccccc2c1CCCOc3cccc4ccccc34,2.75,2.8624993696257475,0.11249936962574747
918,train,CCOC(=O)CN(c1ccccc1C)S(=O)(=O)c2ccc(Cl)cc2,4.03,4.197818408355548,0.16781840835554807
781,train,C[C@@H]1CN(Cc2ccc(F)cc2)[C@@H](C)CN1C(=O)c3cc4c(cn(C)c4cc3Cl)C(=O)C(=O)N(C)C,3.6,3.7914334569533255,0.19143345695332536
43,train,CCS(=O)(=O)c1ccc(c(C)c1)c2cc(ccc2O[C@H](C)C(=O)O)C(F)(F)F,-0.4,-0.06227481677102942,0.3377251832289706
1652,train,CN(c1ccnc(Nc2cc(cc(c2)N3CCOCC3)N4CCOCC4)n1)c5cc(CO)ccc5C,2.94,3.217280859085516,0.27728085908551625
1649,train,COc1ccc(C)c(c1)N(C)c2ccnc(Nc3cc(cc(c3)N4CCOCC4)N5CCOCC5)n2,3.18,3.2152087844492065,0.03520878444920639
2598,train,CC(N1C(=O)c2ccccc2C1=O)C(=O)N3CCc4ccccc4C3,2.47,2.6220344503494046,0.15203445034940444
1150,train,CC1=CN(C2CCCN(Cc3cccc(Oc4ccc(C)cc4)c3)C2)C(=O)NC1=O,3.38,3.5678277791048827,0.1878277791048828
678,train,Nc1ccc(cc1)S(=O)(=O)N2CCCC2,0.98,1.0165240129142086,0.03652401291420859
611,train,CS(=O)(=O)c1ccccc1C(=O)NCC(O)CNC2CCN(Cc3ccc(Cl)c(Cl)c3)CC2,1.21,1.3433380602137919,0.1333380602137919
3510,train,Oc1cc(nc2ncnn12)c3ccccc3,-0.21,0.3181260816190121,0.5281260816190121
2556,train,Clc1ccc(OC2CCN(CC2)C3CCN(CC3)C(=O)NS(=O)(=O)Cc4ccccc4)cc1Cl,2.13,2.403214193023476,0.27321419302347616
1971,train,O[C@H](CNC(=O)C1=CNC(=O)c2ccccc12)CN3CCC(CC3)Oc4ccc(C#N)c(Cl)c4,2.56,2.6932495479637937,0.13324954796379362
2008,train,CCCSc1nc(ccc1C(=O)NC2CCCCC2)N3CCCCC3C(=O)O,1.36,1.5022810307839218,0.14228103078392174
2644,train,Brc1oc(cc1)c2nc3cc(NS(=O)(=O)c4ccccc4)ccc3[nH]2,4.38,4.553377829282828,0.17337782928282852
4128,train,CC(O)(C(=O)Nc1ccc(cc1)S(=O)(=O)c2cccnc2)C(F)(F)F,2.08,1.9927035955963976,-0.08729640440360242
3595,train,COc1ccccc1OCCNCC(O)COc2cccc3[nH]c4ccccc4c23,3.27,3.522583146180099,0.25258314618009914
3192,train,CCn1c2ccccc2c3cc(NC(=O)C)ccc13,3.5,4.06518149067568,0.5651814906756796
3084,train,COC(=O)N1CCN([C@H](CN2CCCC2)C1)C(=O)Cc3ccc(Cl)c(Cl)c3,2.05,2.113646347754626,0.0636463477546263
390,train,Nc1[nH]ncc1c2cc(Cl)ccc2Oc3cc(F)c(cc3Cl)S(=O)(=O)Nc4cscn4,2.3,2.763141518806441,0.46314151880644117
1105,train,COc1ccc(Cl)cc1C(=O)NCCc2ccc(cc2)S(=O)(=O)NC(=O)NC3CCCCC3,2.23,2.0483867978010664,-0.18161320219893362
807,train,COc1cc(OC)c(cc1NC(=O)CSc2ccncc2)S(=O)(=O)N3C(C)CCc4ccccc34,2.82,2.6539296405173456,-0.16607035948265425
1214,train,Fc1ccc(cc1)C(NC(=O)CC2CCN(Cc3ccn(c3)c4ccc(cc4)C(F)(F)F)CC2)C5=CNC(=O)C(=C5)Cl,3.12,3.284774780106639,0.16477478010663882
3032,train,COc1cccc2c1c(NS(=O)(=O)c3ccc(Cl)s3)nn2Cc4cccc(CNC(=O)C(C)(C)O)c4,2.09,2.437820614937008,0.347820614937008
3416,train,CN1CCCC1CCNC(=O)c2ccc(Nc3ncc4cc(ccc4n3)c5ccncc5)cc2,2.01,2.3403084269429937,0.3303084269429939
3610,train,CC(C)CC(N(C)C)C1(CCC1)c2ccc(Cl)cc2,3.6,3.489683215202917,-0.11031678479708296
524,train,Clc1cccc(\C=C\2/SC(=O)NC2=O)c1N3CCNCC3,0.68,0.6437361168043343,-0.03626388319566576
2517,train,CN1CCN(CCCOc2ccc(cc2)c3onc(c3)c4ccc(F)cc4)CC1,3.81,3.963745529981047,0.15374552998104685
1969,train,CN([C@@H]1CCN(Cc2ccc(cc2)C(F)(F)F)C[C@@H]1F)C(=O)Cc3ccc(cc3)S(=O)(=O)C,2.7,2.4937053200395662,-0.20629467996043394
642,train,CC(C)Oc1cc(Oc2ccc(cc2)S(=O)(=O)C)cc(c1)C(=O)Nc3nccs3,3.61,3.7603506027292064,0.15035060272920653
3239,train,CN(C)CCCN1c2ccccc2Sc3ccccc13,2.56,2.5143255272712555,-0.045674472728744586
826,train,CCCSc1ncccc1C(=O)N(C)[C@@H]2[C@@H]3CC4C[C@H]2C[C@@](O)(C4)C3,2.49,2.6642293721954786,0.1742293721954784
895,train,CNC(=O)Nc1nc2ccc(cn2n1)c3cncc(c3)S(=O)(=O)NC(C)(C)C,1.58,1.6850073604744717,0.10500736047447168
2318,train,COc1ccc2nccc([C@H](O)[C@H]3C[C@@H]4CCN3C[C@@H]4C=C)c2c1,2.21,2.4359634779297523,0.22596347792975235
2877,train,COc1ccc(nc1OC)N2CCN([C@H](C)C2)C(=O)[C@@H]3CCCC[C@H]3C(=O)NC4(CC4)C#N,2.3,2.5828431260192533,0.28284312601925343
1551,train,CC(=O)Nc1ccc(CNc2[nH]nc3ccnc(Oc4ccccc4)c23)cc1,3.03,3.3338950483765304,0.3038950483765306
4146,train,COc1cc(OC)c(cc1NC(=O)C)S(=O)(=O)NCc2ccccc2N3CCC(CO)CC3,1.03,0.8578851894791975,-0.17211481052080257
765,train,Cc1c(Sc2ccc(Cl)cc2)c3cc(F)ccc3n1CC(=O)O,1.84,2.001923019490535,0.161923019490535
3567,train,Oc1ccc(CCNCCCNS(=O)(=O)CCOCc2cccc3ccccc23)c4sc(O)nc14,1.69,2.0749790728051747,0.38497907280517474
1430,train,CCC1(CCCCN(C)C1)c2cccc(O)c2,0.8,1.338838952153015,0.538838952153015
3160,train,C(CN1CCCC1)Oc2ccc(Nc3ncc4cc(ccc4n3)c5ccncc5)cc2,2.66,2.6646278425272065,0.004627842527206383
3907,train,CNc1ncnc2c(CNc3cc(NC(=O)c4ccc5OCCOc5c4)ccc3C)cccc12,4.0,4.250894830009646,0.25089483000964563
4105,train,CNC1=Nc2ccc(Cl)cc2C(=[N+]([O-])C1)c3ccccc3,2.41,2.5126604518074402,0.1026604518074401
518,train,C(N(Cc1ccccc1)c2nn[nH]n2)c3ccccc3,1.37,1.4704725745898743,0.10047257458987424
3586,train,CN(c1ccnc(Nc2cc(cc(c2)C(=O)N3CCOCC3)N4CCOCC4)n1)c5cc(CO)ccc5C,2.2,2.297071604200738,0.09707160420073802
3837,train,CC(NC(=O)C1(N)CCN(CC1)c2ncnc3[nH]ccc23)c4ccccn4,1.3,1.478483252140342,0.17848325214034189
3585,train,CN(C)C(=O)N1CCC(CC1)C(=O)NCc2cccs2,1.1,1.1377369097793533,0.03773690977935318
135,train,Cc1ncc(nc1c2ccc(cc2)[C@@H]3CC[C@H](CC3)C(=O)O)C(=O)N,0.22,0.4164271873838967,0.19642718738389672
2172,train,OC(=O)c1cncc(c1)c2cnc3[nH]c(cc3c2n4ccc(n4)C(F)(F)F)C(=O)NC5CC5,-0.98,-0.9955125716048783,-0.015512571604878289
1134,train,COc1cc2ncc(C(=O)N)c(Nc3cccc(Cl)c3)c2cc1OC,3.5,3.3753124724249632,-0.12468752757503676
113,train,CC(C)C[C@H](N)c1oc(nn1)S(=O)(=O)Cc2ccc(F)cc2,1.11,1.3229782717387168,0.21297827173871675
465,train,CC(C)c1ccccc1Nc2nc(SCc3cccs3)n[nH]2,4.21,4.34176789369369,0.13176789369368969
1406,train,OC(=O)[C@H](Cc1cccc(F)c1)N2CCC(CN3CCC(CC3)Oc4ccc(Cl)c(Cl)c4)CC2,2.68,3.0181537492974035,0.3381537492974034
4000,train,NC1(CCN(CC1)c2ncnc3[nH]ccc23)C(=O)NC(CCCN4CCOCC4)c5ccc(Cl)cc5,2.7,2.3932066825590512,-0.30679331744094895
3039,train,COc1ccc(cc1)c2nc3c(NCCCNC(=O)C4CCCC4)c(cnc3[nH]2)C(=O)N,3.13,3.1290372080983566,-0.0009627919016432784
1589,train,Cc1ccc(cc1)n2nc(cc2NC(=O)Nc3ccc(OCCN4CCOCC4)c5ccccc35)C(C)(C)C,4.49,4.439540645000941,-0.050459354999059514
2545,train,CN(C1CCN(Cc2ccc(cc2)C(F)(F)F)CC1)C(=O)Cc3ccc(cc3F)S(=O)(=O)C,2.7,2.9823319675746927,0.2823319675746925
1042,train,Clc1cccc(Cl)c1c2nnc3cccc(Cl)n23,2.66,2.8794170480685577,0.21941704806855755
4123,train,COc1ccc(cc1)c2nc(N)s[n+]2c3ccccc3,2.19,2.3890308753859615,0.19903087538596154
3612,train,NC(=O)c1cccc(O[C@@H]2C[C@H]3CC[C@@H](C2)N3Cc4ccccc4)c1,1.76,1.9028868432969053,0.14288684329690526
2833,train,Cc1nccn1CC2CCc3c(C2=O)c4ccccc4n3C,1.67,2.047570269715173,0.37757026971517327
1314,train,COc1ccc2N=CC(=O)N(CCN3CC[C@@H](NCc4ccc5OCC(=O)Nc5n4)[C@@H](F)C3)c2c1,0.83,1.0851886257479553,0.2551886257479553
3642,train,OC1(CNC(=O)c2cc(ccc2Cl)N3N=CC(=O)NC3=O)CCCCCC1,0.26,0.6707861303556641,0.41078613035566414
788,train,Cc1ccccc1Nc2ncnc3ccccc23,2.85,3.2785024682279262,0.42850246822792615
862,train,C[C@@H](NC1=CC(=O)CC1)c2ccc(Nc3ncc4cc(ccc4n3)c5ccncc5)cc2,3.2,3.24673484927992,0.04673484927992
4081,train,COc1cc(F)ccc1c2cccc(CNC3CCCC3)c2,2.29,2.5748058861892806,0.2848058861892806
3986,train,Nc1ccccc1[N+](=O)[O-],-0.96,-0.7233396268484253,0.23666037315157462
854,train,OC(=O)CCCS(=O)(=O)c1cccc(c1)C(=O)N2CCC(CC2)N3CCC(CC3)Oc4ccc(Cl)c(Cl)c4,0.66,1.1667800700507498,0.5067800700507498
2133,train,NC(=N)NC(=O)c1nc(Cl)c(NCc2ccncc2)nc1N,-0.51,-0.1984523598218435,0.3115476401781565
2112,train,Cc1cc(ccc1O[C@H]2C[C@H]3CC[C@@H](C2)N3Cc4ccccc4)C(=O)N,2.23,2.4047984974741032,0.17479849747410325
663,train,CCn1c(C)ncc1c2ccnc(Nc3ccc(cc3)C(=O)NC)n2,2.53,2.7271764091918715,0.19717640919187174
2362,train,OC(=O)CSCC(=O)Nc1nc(cs1)c2ccc(F)cc2,-0.2,-0.26184202919833854,-0.06184202919833853
1273,train,CCC(C)(CC)C[C@@H](N1CCC[C@@H](C1)N2C=C(C)C(=O)NC2=O)c3ccc(C(=O)O)c(Oc4cccc(Br)c4)c3,1.97,1.978779395705889,0.008779395705889037
477,train,COC1(CCOCC1)c2ccc(NC(=O)C3=CC(=O)c4cc(F)cc(c4O3)c5c(C)nn(C)c5C)cn2,2.98,3.3163545477228547,0.33635454772285467
4156,train,C[C@H](Nc1cncc(Nc2ncc(C)s2)n1)c3ncc(F)cn3,1.91,2.0406105910933565,0.1306105910933566
727,train,CC[C@@H](NC1=C(Nc2cccc(C(=O)N(C)C)c2O)C(=O)C1=O)c3ccccc3,2.14,2.238857427842159,0.09885742784215878
2547,train,Oc1cccc(NC(=O)c2ccc(OCCCN3CCCC3)cc2OCc4ccccc4C#N)c1,2.34,2.580694797764229,0.2406947977642293
3508,train,CN(C1CCN(Cc2ccc(cc2)C(F)(F)F)CC1)C(=O)Cc3ccc(c(F)c3)S(=O)(=O)C,3.0,3.021788264195088,0.021788264195087947
3793,train,COc1cc(ccc1Nc2ncc(Cl)c(n2)c3cnc4cc(C)ccn34)N5CCN(CC5)C(=O)C,3.3,3.5802933303894418,0.28029333038944193
3034,train,COc1ccc2SCC(=O)N(CCN3CCC(CC3)NCc4cc5OCCOc5cn4)c2c1,1.78,1.822549879439431,0.042549879439431004
4049,train,OC(=O)COc1ccc(Cl)cc1CN2CCN(CC2)S(=O)(=O)Cc3ccccc3,0.33,0.6896357357886349,0.3596357357886349
2678,train,OC1CCN(CC1)C(=O)c2ccc(cc2)C(=C3CCN(Cc4cscn4)CC3)c5cccc6cccnc56,1.89,1.9570354052857895,0.06703540528578955
2354,train,NC1(CCC1)c2ccc(cc2)c3ncc4cnccc4c3c5ccccc5,2.2,2.5706799149120236,0.37067991491202346
660,train,Cc1c(Sc2ccc(Cl)cc2)c3ccc(cc3n1CC(=O)O)S(=O)(=O)C,0.79,0.7756719348618999,-0.014328065138100143
4143,train,Cc1ccc(cc1)c2c[nH]nn2,2.58,2.7610107541811306,0.18101075418113055
3749,train,C[C@H](CO)Nc1nc(SCc2cccc(F)c2F)nc3ncc(C)nc13,3.5,3.613198899074927,0.11319889907492708
3092,train,CC(C)N1CCC[C@H](CN2C(=O)c3cc(ccc3N=C2C(C)C)c4ccc(F)cc4)C1,3.6,3.7371040184897177,0.13710401848971765
3091,train,CC(C)(CS(=O)(=O)N1CCN(CC1)c2ccc(F)cc2)N(O)C=O,1.07,1.341095553318782,0.271095553318782
3718,train,CC(C)N1CCO[C@@H](CN2CCN(CC2)C(=O)Nc3ccc(Cl)c(Cl)c3)C1,2.77,3.0680476123361107,0.29804761233611066
3447,train,CN1CCC(COc2cc(OC3CCOCC3)c4c(Nc5c(Cl)ccc6OCOc56)ncnc4c2)CC1,2.59,2.5763829628087502,-0.013617037191249626
975,train,Cc1ccc(COC(=O)N2CCC(CNc3ncccn3)CC2)cc1,3.6,3.975219133717514,0.3752191337175139
2164,train,CCc1nc2c(N)nc3ccccc3c2n1CC(C)(C)O,1.38,1.6111109543354851,0.23111095433548523
1361,train,Cc1c(Sc2ccc(Cl)cc2)c3cc(Cl)ccc3n1Cc4nnn[nH]4,3.25,3.6961609570001697,0.44616095700016967
645,train,CCc1ccc(CCOc2ccc(CC3SC(=O)NC3=O)cc2)nc1,2.8,2.811720314105148,0.011720314105148066
3626,train,CN(C\C=C\C#CC(C)(C)C)Cc1cccc2ccccc12,2.83,2.959964143047366,0.12996414304736614
1324,train,Fc1ccc2cn[nH]c2c1,2.3,2.380884133913949,0.080884133913949
288,train,CC(C)(C)NS(=O)(=O)c1cncc(c1)c2ccc3nc(NC(=O)NCC(=O)N4CCOCC4)nn3c2,0.96,1.0908766397558736,0.1308766397558736
1820,train,COc1ccc2c(C)cc(N[C@H]3CC[C@@H](C3)NCc4cn(C)c5ccccc45)nc2c1,2.53,2.5672303963528225,0.03723039635282266
1375,train,Cn1c(SCc2c(Cl)cccc2Cl)nnc1c3ccc4nonc4c3,3.35,3.749643871878579,0.39964387187857886
2437,train,CS(=O)(=O)c1ccc(cc1)C(CCNC(=O)c2ccc(cc2)C#N)c3ccc(F)cc3,2.9,2.732778195174078,-0.16722180482592197
2582,train,COc1ccc(cc1)c2nc3c(OCC4CCNCC4)c(Br)cnc3[nH]2,1.55,1.665676634460484,0.11567663446048404
3409,train,CS(=O)(=O)Cc1cc(nc(n1)c2ccc(NS(=O)(=O)C)cc2)N3CCOCC3,0.85,0.8795230030595893,0.029523003059589326
254,train,COc1ccc2ncc(F)c(CCN3CCC(CC3)NCc4cc5OCCOc5cn4)c2n1,1.46,1.7647668025528624,0.3047668025528625
3862,train,CCNC(=O)c1ccc(CN2CCC(CC2)c3ccc(cc3)C(=O)Nc4ccccc4N)cc1,2.24,2.332908212012111,0.09290821201211097
3214,train,O=C(CCc1ccncc1)Nc2ccc(cc2)C(=O)c3ccccc3,3.4,3.9026917510781205,0.5026917510781206
2974,train,CCN(C1CCN(CC[C@H](N2CCN(CC2)S(=O)(=O)C(F)(F)F)c3ccccc3)CC1)C(=O)Cc4ccc(cc4)S(=O)(=O)C,2.86,3.130270998876988,0.27027099887698824
2721,train,CN1CCC(CC1)(C#N)c2cccc3ccccc23,2.73,2.7558343260625593,0.02583432606255931
2428,train,Cc1ccc(cc1c2cc(ccc2OCC(=O)O)C(F)(F)F)C#N,0.15,-0.06187208201891847,-0.21187208201891847
1023,train,CN1CCC(CC1)(c2cc(nc(n2)c3cccc4[nH]ccc34)N5CCOCC5)S(=O)(=O)C,1.9,2.079635024802075,0.17963502480207527
3725,train,CCCCCCCN(CCc1ccc(OC(C)(C)C(=O)O)cc1)C(=O)Nc2ccc(F)cc2F,1.93,1.9322615080443528,0.002261508044352878
1366,train,CCOc1ccc2nc(NC(=O)CC)sc2c1,3.4,3.357165339902216,-0.04283466009778403
2123,train,CS(=O)(=O)c1cccc(Nc2nccc(Nc3cccc4CCOc34)n2)c1,3.0,2.933794913000922,-0.06620508699907779
652,train,CC1(C)Oc2ncnc(N)c2N=C1c3ccc(cc3)[C@@H]4CC[C@@H](CC(=O)O)CC4,1.32,1.466875355300964,0.14687535530096385
2958,train,C[C@H](Nc1nc(Nc2cc(C)[nH]n2)cnc1C#N)c3ncc(F)cn3,1.96,2.2876691716216864,0.3276691716216864
4068,train,C[C@H]1C[C@H]2[C@@H]3CC[C@H](C(=O)C)[C@@]3(C)C[C@H](O)[C@@H]2[C@@]4(C)CCC(=O)C=C14,3.25,3.471827725667386,0.22182772566738596
3184,train,CN(C)CC(O)COc1ccc(Nc2nccc(Nc3cccc(Cl)c3)n2)cc1,2.5,2.6540314445192026,0.1540314445192026
2269,train,COC1CCN(CC1)C(=O)C2CCN(CCc3c([nH]c4sc(cc34)C(C)(C)C(=O)N5C6CCC5CC6)c7cc(C)cc(C)c7)CC2,4.09,3.72513053795038,-0.36486946204962
4120,train,CC(C)c1onc(n1)N2CCN([C@H](C)C2)c3ncc(OCc4ccncc4C#N)cn3,3.3,3.3115032274497596,0.011503227449759734
998,train,COc1cccc2c1c(NS(=O)(=O)c3ccc(Cl)s3)nn2Cc4cccc(CNC(=O)[C@@H]5COCCN5)c4,1.61,1.8650013170132944,0.2550013170132943
2640,train,Cc1c(CCC(=O)O)c[nH]c1\C=C\2/C(=O)Nc3ccccc23,1.05,1.4061208808862804,0.35612088088628036
1713,train,OC(=O)CCC(=O)c1ccc(cc1)c2ccccc2,0.58,0.9743973217942636,0.3943973217942637
1339,train,O[C@@H](CNCCc1ccc(CNCCc2ccccc2)cc1)c3ccc(O)c4NC(=O)Sc34,1.11,1.4854735044879557,0.3754735044879556
1476,train,O[C@@]1(CN2CCC1CC2)C#Cc3ccc(Oc4ccc(cc4)C(=O)NCc5ccncn5)cc3,1.77,1.6959294084152892,-0.07407059158471085
668,train,Clc1cc(Cl)cc(CS(=O)(=O)NCC(N2CCCCCC2)c3ccccc3)c1,3.23,3.413339537712221,0.1833395377122211
2135,train,Clc1ccc(cc1C(=O)NCC23CC4CC(CC(C4)C2)C3)C5CCNCC5,1.58,1.5748511660446136,-0.005148833955386456
2476,train,CC(O)(C(=O)Nc1ccc(cc1)S(=O)(=O)c2ccncc2)C(F)(F)F,2.15,2.2529751122553665,0.1029751122553666
708,train,C[C@H]1CN(Cc2cc(Cl)ccc2OCC(=O)O)CCN1C(=O)Cc3ccc(Cl)cc3,1.21,1.3042266756962455,0.09422667569624554
3696,train,CCC(N(CCCN)C(=O)c1ccc(C)cc1)C2=Nc3snc(C)c3C(=O)N2Cc4ccccc4,1.61,2.1558701447861757,0.5458701447861756
2463,train,Cc1ccc(cc1)S(=O)(=O)N2N=Cc3ccccc3B2O,0.05,0.2983679378095099,0.2483679378095099
1182,train,CC(C)Oc1cc(n[nH]1)n2cnc3ccc(N[C@@H](CO)c4ccc(F)cn4)nc23,2.79,3.111899153083546,0.321899153083546
3024,train,NC(=O)c1cnc(N[C@H]2CCCNC2)c3cc(sc13)c4ccc(Cl)c(F)c4,2.76,3.001388216700464,0.2413882167004644
2945,train,CC(=O)Nc1ccccn1,0.5,0.6458287184811318,0.14582871848113177
1789,train,CCN(C1CCN(CC[C@H](c2ccc(cc2)S(=O)(=O)C)c3cccc(Cl)c3)CC1)C(=O)Cc4ccc(cc4)S(=O)(=O)C,2.37,2.4926325653391297,0.12263256533912958
2536,train,CCN(CC)C(=O)c1ccc(cc1)C(=C2CCN(Cc3ccc(F)cc3)CC2)c4cccc5cccnc45,3.86,3.986806648073027,0.126806648073027
2687,train,OC(=O)[C@H](Cc1ccc(CCCCNc2ccccn2)cc1)NC(=O)c3c(Cl)cccc3Cl,0.51,1.0453225111009143,0.5353225111009143
892,train,COCCNC(=O)c1ccc(Nc2ncc3cc(ccc3n2)c4ccnc(C)c4)cc1,3.56,3.5285054864741525,-0.031494513525847534
2414,train,Oc1ccc(N2C(=O)c3ccc(O)cc3C2=O)c(F)c1,2.1,2.418893816267272,0.3188938162672721
3858,train,Cc1sc(nc1C(F)(F)F)N2CCN(CC2)C(=O)[C@@H]3CCCC[C@H]3C(=O)NC4(CC4)C#N,2.87,2.9981288985181793,0.1281288985181792
1498,train,CCCCCSc1nc(O)c2sc(N)nc2n1,2.86,2.93250380552121,0.07250380552120994
3410,train,COc1ccc(COc2ccc(Cc3cnc(N)nc3N)cc2OC)cc1,2.27,2.43265145078875,0.16265145078874976
1940,train,CN(C)c1cccc2c(cccc12)S(=O)(=O)N,1.95,1.8360147506598632,-0.11398524934013676
2951,train,CN1CCN(CC1)C(=O)c2cc(sc2NC(=O)N)c3ccccc3,2.17,2.332513933822455,0.16251393382245505
2267,train,OC(=O)[C@H](Cc1ccc(F)cc1)N2CCC(CN3CCC(CC3)Oc4ccc(Cl)cc4Cl)CC2,2.6,2.8692531996161903,0.2692531996161902
2860,train,Cc1ccc(cc1)c2cc(C(=O)N3CCOCC3)c4cc(C)ccc4n2,3.6,3.863247308100824,0.26324730810082375
3244,train,NC(=O)Nc1sc(cc1C(=O)N2CCOCC2)c3ccccc3,2.24,2.4737344792286686,0.2337344792286684
1302,train,Cc1ccc(cc1)c2nn(c3ncnc(N)c23)C(C)(C)C,4.1,4.231110810564598,0.13111081056459817
2264,train,Nc1ncnc2c1nc(Sc3nc4cccc(Cl)c4s3)n2CCO,2.37,2.2532093662631896,-0.11679063373681053
3196,train,CN(C)C(=O)C1(CCN(CC[C@H](CN(C)C(=O)c2cc(cc3ccccc23)C#N)c4ccc(Cl)c(Cl)c4)CC1)N5CCCCC5=O,2.52,2.216716195821628,-0.30328380417837186
2740,train,NC(=O)Nc1sc(cc1C(=O)N[C@H]2CCCNC2)c3cc(F)cc(F)c3,2.18,2.4210499144407907,0.2410499144407905
3755,train,CS(=O)(=O)C1(CCNCC1)c2cc(nc(n2)c3cccc4[nH]ccc34)N5CCOCC5,0.7,0.833118303233984,0.133118303233984
485,train,Nc1nccc(n1)c2ccccc2,2.0,2.3411858133672356,0.34118581336723564
2385,train,ON1C(=O)N(CC2COc3ccccc3O2)c4ccsc4C1=O,1.44,1.8019764362753323,0.3619764362753324
2832,train,CS(=O)(=O)N1CC[C@@H](C1)N(Cc2ccccc2Cl)c3ccc(C#N)c(Cl)c3,4.0,4.2384122210435535,0.23841222104355353
2316,train,Clc1ccc(Nc2nnc(Cc3ccncc3)c4ccccc24)cc1,3.7,4.1588012747563,0.4588012747562997
2163,train,Clc1ccc(cc1C(=O)NCC23CC4CC(CC(C4)C2)C3)N5N=CC(=O)NC5=O,2.1,2.4406608634687648,0.3406608634687647
1539,train,Clc1ccc(COC(Cn2ccnc2)c3ccc(Cl)cc3Cl)cc1,2.54,2.7829072156995034,0.24290721569950335
3301,train,Cc1nnc(NS(=O)(=O)c2ccc(N)cc2)s1,-1.33,-1.366212130458338,-0.03621213045833782
1228,train,OC(=O)Cc1csc(n1)c2ccc(Cl)cc2,-0.22,-0.002496750067448872,0.21750324993255113
4121,train,O[C@@H](CNCCCSCCOCCc1cccc2ccccc12)c3ccc(O)c4NC(=O)Sc34,3.12,3.4382850959436544,0.3182850959436543
1020,train,CN1CCN(CC1)C(=O)[C@@H]2CCCC[C@H]2C(=O)NCC#N,-0.1,0.05557135634082666,0.15557135634082667
173,train,CSc1ncccc1C(=O)Nc2nccs2,1.43,1.7290932275080417,0.2990932275080418
1690,train,COC1=CC=C2C(=CC1=O)C(CCc3cc(OC)c(OC)c(OC)c23)NC(=O)C,1.12,0.8661120514595941,-0.25388794854040597
1569,train,CC1=C(C(=O)c2cc(O)c(O)c(CCc3ccc(C)cc3)c2C1=O)C4=C(C)C(=O)c5c(CCc6ccc(C)cc6)c(O)c(O)cc5C4=O,3.36,3.473349906909212,0.1133499069092121
2702,train,CC(C)C(NC(=O)CN1C(=O)C(=CC=C1c2cccc(c2)C(=O)O)NC(=O)OCc3ccccc3)C(=O)C(F)(F)F,1.2,1.3725228859758807,0.17252288597588072
4046,train,C[C@](O)(CS(=O)(=O)c1ccc(F)cc1)C(=O)Nc2ccc(C#N)c(c2)C(F)(F)F,2.87,3.1069089861739103,0.2369089861739102
2076,train,Cc1ncc([N+](=O)[O-])n1CCO,-0.11,-0.04296725595590223,0.06703274404409777
64,train,O=C(COc1ccccc1)c2ccccc2,2.87,3.199602957361532,0.3296029573615318
3555,train,CS(=O)(=O)Cc1ccc2ccn(c3cc(NC4CC4)n5ncc(C#N)c5n3)c2c1,2.49,2.6775737554705112,0.18757375547051103
348,train,CCOC(=O)C1(CCCN(CC2CC2)C1)c3cccc(O)c3,1.89,1.7154355177523202,-0.17456448224767973
3963,train,N[C@@H](Cc1ccc(F)cc1)C(=O)O,-1.06,-1.1209027212093443,-0.06090272120934426
304,train,CC[C@@H](NC1=C(Nc2cccc(C(=O)N(C)C)c2O)C(=O)C1=O)c3oc(C)cc3,2.32,2.479256813276873,0.15925681327687302
797,train,COc1ccc(NC(=O)c2ccnc(N)n2)cc1,1.72,1.835697810263595,0.11569781026359505
28,train,CSc1c(cnn1c2ccc(cc2)C(=O)O)C(=O)NC3C4CC5CC(CC3C5)C4,1.2,1.0446827757651402,-0.15531722423485972
1832,train,CC(C)C(NC(=O)CN1C(=O)C(=CC=C1c2ccccc2)NS(=O)(=O)c3ccccc3)C(=O)C(F)(F)F,2.26,2.286719470746711,0.026719470746711327
2635,train,Cn1cncc1c2c3C(=O)N(CC=C)C(=O)N(CC4CC4)c3nn2Cc5ccnc6ccc(Cl)cc56,3.62,3.6709041683590824,0.05090416835908229
4022,train,Fc1ccccc1Nc2oc(nn2)C(=O)Nc3ccc(Oc4cccnc4)nc3,3.1,3.36870890904429,0.2687089090442898
1390,train,CN([C@@H]1CCN(Cc2nc3ccccc3s2)C[C@@H]1F)C(=O)Cc4ccc(cc4)S(=O)(=O)C,2.1,2.1162171788799777,0.016217178879977645
1639,train,Cc1ccc(cc1)C(=O)N(CCCN)CC2=Nc3cc(Cl)ccc3C(=O)N2Cc4ccccc4,1.47,1.7238282584577875,0.25382825845778756
2495,train,CN[C@@H](C)C(=O)N[C@@H](C1CCCCC1)C(=O)N[C@H]2CCCN(CCc3cccc(F)c3)C2,2.64,2.4653166940882394,-0.17468330591176073
1822,train,Cc1cc2NC(=O)C(=CC(=O)c2cc1C)O,1.99,2.0581134708858557,0.06811347088585573
3967,train,CCCC(=O)Nc1ccc(OCC(O)CNC(C)C)c(c1)C(=O)C,-0.27,-0.12398343717685023,0.1460165628231498
3662,train,CC1=CN(C2CCCN(Cc3cccc(Oc4ccccc4)c3)C2)C(=O)NC1=O,3.04,3.2288002149932113,0.1888002149932113
1141,train,COc1ncnc(NS(=O)(=O)c2ccc(N)cc2)c1OC,-0.73,-0.8910493061081257,-0.16104930610812573
1266,train,C[C@@H]1CN(CCN1C(=O)[C@@H]2CCCC[C@H]2C(=O)NC3(CC3)C#N)c4ccc5c(C)nn(C)c5c4,2.7,2.7359153268706407,0.035915326870640474
525,train,CSc1nc(nn1Cc2ccccc2)c3ccccc3,3.83,3.986294917627057,0.15629491762705694
2044,train,C[C@@H](NC(=O)C)c1ccc(Nc2ncc3cc(ccc3n2)c4ccncc4)cc1,3.18,3.211238898185802,0.031238898185801833
3905,train,O=C(Nc1ccncc1)c2cccc3ccccc23,3.1,3.472276573982283,0.37227657398228287
1089,train,Cc1sc2c(C(=N[C@@H](CC(=O)OC(C)(C)C)c3nnc(C)n23)c4ccc(Cl)cc4)c1C,3.82,4.073444491811865,0.25344449181186546
1078,train,CCc1c(C)nc(SCC(=O)Nc2nc(cs2)c3ccc(OC)cc3)nc1O,3.78,3.8456622840072168,0.06566228400721696
1567,train,CC(C)C[C@H](NC(=O)N1CCOCC1)C(=O)N[C@@H](CCc2ccccc2)\C=C\S(=O)(=O)c3ccccc3,3.4,3.4979129683157764,0.09791296831577645
721,train,c1ccc2ncncc2c1,1.0,1.3254663803364672,0.32546638033646724
233,train,O=C(Nc1nc2C(=O)NC=Nc2s1)c3ccccc3,1.94,2.2334133169966592,0.2934133169966593
2997,train,COc1cc(OC)c(cc1NC(=O)C)S(=O)(=O)N(C(C)C)c2ccccc2,1.6,1.8095815240803819,0.20958152408038178
466,train,Nc1nc2ccc(F)cc2s1,2.2,2.2854511309351455,0.08545113093514534
252,train,NC(=O)c1sc(cc1N)c2ccccc2,2.33,2.4127114908864735,0.08271149088647345
1557,train,Cc1ccc2nc(NCCN)c3ncc(C)n3c2c1,0.88,1.3431256342560651,0.4631256342560651
4085,train,Cc1cc(NC(=O)c2oc(Nc3ccccc3F)nn2)ccc1N4CCOCC4,4.0,4.015930326383521,0.0159303263835211
1446,train,COCCC(=O)NC(C)c1ccc(Nc2ncc3cc(ccc3n2)c4ccncc4)cc1,2.98,3.23488908451714,0.2548890845171399
484,train,OC(=O)c1cc(nc2ccc(F)cc12)c3ccncc3,-0.8,-0.6204002772729766,0.1795997227270234
264,train,CC(C)[C@@H](CO)NS(=O)(=O)c1ccc(Cl)s1,2.3,2.3441043393104315,0.04410433931043167
2726,train,CC(C)NCC(O)COc1ccc(CCOCC2CC2)cc1,0.63,0.6722059655082964,0.04220596550829636
3615,train,CCCCC1(CC)C(=O)NC(=O)NC1=O,1.5,1.6091157838226944,0.10911578382269438
143,train,CC(=O)Nc1ccc(cc1)C(=O)Nc2ccccc2N,0.82,1.0371080087117976,0.2171080087117977
3318,train,CCN(CC)CCn1c2ccccc2c3cnc(N)c(C#N)c13,2.7,2.793506035030945,0.0935060350309449
1875,train,CC(C)(C)C(=O)Nc1ccc2c(c1)C(=O)C(=O)c3ccccc23,2.83,2.788265568328316,-0.041734431671684113
3706,train,CN([C@H](CN1CCCC1)c2ccccc2)C(=O)Cc3ccc(Cl)c(Cl)c3,3.42,3.3681045178028772,-0.0518954821971227
460,train,Cc1cccc(c1)S(=O)(=O)NC(=O)N2CCC(CC2)N3CCC(CC3)Oc4ccc(Cl)c(Cl)c4,1.84,1.8382382483589281,-0.0017617516410719514
1784,train,Nc1nc2ccccc2n1C(=O)c3ccccc3,1.56,1.876686497437327,0.3166864974373269
2555,train,O=C(N1CCOCC1)c2ccc(cc2)C(=C3CCN(Cc4cscn4)CC3)c5cccc6cccnc56,2.12,2.077870783494775,-0.04212921650522494
2224,train,COC(=O)c1ccc(NC(=O)c2cc(OC)c(OC)c(OC)c2)cc1,3.2,2.9383925364003796,-0.2616074635996206
457,train,NC(=O)Nc1sc(cc1C(=O)N)c2ccc(CNC3CCCC3)cc2,1.22,1.2215862562575235,0.0015862562575235106
4003,train,O=C1NC(=O)C(Cc2cccc(Oc3ccccc3)c2)S1,2.84,3.054025547611726,0.2140255476117261
3921,train,COc1ccc(N(C(C(=O)NC2CCCC2)c3ccccc3F)C(=O)C)c(OC)c1,2.81,3.0290897469523554,0.2190897469523554
1829,train,Fc1ccccc1Nc2oc(nn2)C(=O)Nc3ccc(cc3)N4CCOCC4,3.05,3.0582552021269414,0.00825520212694153
1585,train,COC(=O)[C@@H]1C2CCC(C[C@@H]1c3ccc(I)cc3)N2CCCF,2.3,2.3435229325721005,0.043522932572100714
1221,train,Oc1ccc(CCNCCCCCCOCCc2ccccc2)c3sc(O)nc13,2.21,2.570028940298799,0.36002894029879906
848,train,C[C@@H](NC(=O)C)c1ccc(Nc2ncc3cc(cc(C)c3n2)c4ccncc4)cc1,3.46,3.5073097270473697,0.04730972704736969
653,train,CN(C)c1ccc(cc1)S(=O)(=O)NC(=O)N2CCC(CC2)N3CCC(CC3)Oc4ccc(Cl)c(Cl)c4,1.7,1.7698400172425008,0.06984001724250088
888,train,Nc1ncnc2c1ncn2[C@@H]3O[C@H](CSCCCNC(=O)NCc4ccccc4)[C@@H](O)[C@H]3O,0.9,1.4368993711403457,0.5368993711403457
3357,train,Oc1c2C(=O)NNC(=O)c2nc3cc(Cl)cc(Cl)c13,0.89,1.1155445047142258,0.22554450471422582
1831,train,COC(=O)N1CCOc2cc(COc3ccccc3)cnc12,2.5,2.8039394093071857,0.30393940930718566
3236,train,CN1CCN(CC1)[C@@H]2C[C@@H](C2)c3nc(c4ccc5ccc(nc5c4)c6ccccc6)c7c(N)nccn37,3.2,3.789472257246976,0.5894722572469759
3584,train,CC(C)CNc1nc(nc(N2CC(O)C2)c1N)C#N,2.0,2.2052989691681923,0.20529896916819235
1244,train,CCNC(=O)c1ccc(C)c(c1)N2C=Nc3ccc(cc3C2=O)N4CCN(C)CC4,1.47,1.7997202326402786,0.3297202326402786
792,train,C1CN2C[C@@H](N=C2S1)c3ccccc3,0.81,1.0358948895302775,0.22589488953027748
391,train,Cc1cnc(cn1)C(=O)NCCc2ccc(cc2)S(=O)(=O)NC(=O)NC3CCCCC3,0.31,0.60127044040309,0.29127044040308997
1865,train,CCOc1cccc(\C=C\2/SC(=O)NC2=O)c1N3CCC[C@@H](N)C3,1.86,1.9371526717367051,0.07715267173670504
2632,train,CCC(N(CCCN)C(=O)c1ccccc1)C2=Nc3ccsc3C(=O)N2Cc4ccccc4,1.38,1.4951016260949093,0.11510162609490937
3191,train,Cc1ccc(cc1NC(=O)c2ccc(OCc3ccccn3)cc2)c4[nH]cnc4C,2.87,3.277414318247124,0.40741431824712393
4106,train,CN(C)C(=O)[C@H](Cc1ccccc1)NC(=O)c2cc3ccsc3[nH]2,3.1,3.273064248064821,0.1730642480648208
2072,train,O[C@H](CNC(=O)c1c[nH]c2ccccc12)CN3CCC(CC3)Oc4ccc(Cl)c(Cl)c4,3.91,3.9279608270321758,0.017960827032175608
77,train,C[C@H](Nc1ncc(F)c(Nc2cc([nH]n2)C3CC3)n1)c4ncc(F)cn4,2.47,2.746222756188957,0.276222756188957
513,train,CC(=O)Nc1ccc2ccn(c3cc(Nc4ccn(C)n4)n5ncc(C#N)c5n3)c2c1,3.57,3.5932659863080296,0.023265986308029785
643,train,NS(=O)(=O)c1ccc(CCNc2ccc3nnc(c4ccccc4)n3n2)cc1,2.19,2.072602706477123,-0.11739729352287709
3213,train,C[C@H](CO)Nc1nc(SCc2ccccc2)nc3nc(N)sc13,3.12,3.286326089508031,0.16632608950803096
2482,train,Clc1ccc(cc1)C(=O)Cc2ccccn2,2.96,3.155838078309678,0.19583807830967803
610,train,COc1ccc(C=NN=Cc2ccc(OC)c(OC)c2)cc1OC,3.38,3.5356684117081256,0.15566841170812573
1608,train,COCCNC(=O)c1ccc(Nc2ncc3cc(ccc3n2)c4cccnc4)cc1,3.11,3.1891889536727938,0.07918895367279388
3754,train,Oc1c(C#N)c(nc2ccncc12)c3ccc(cc3)c4ccccc4CN5CCOCC5,2.0,1.9013116820526925,-0.09868831794730748
2195,train,CCN1C(=O)N(CC2CC2)c3nn(Cc4ccnc5ccc(Cl)cc45)c(c6cncn6C)c3C1=O,2.87,3.4716627865603655,0.6016627865603654
4057,train,NC(=N)Nc1oc2ccccc2n1,1.91,1.8385131589170138,-0.07148684108298609
2552,train,CCN(CCO)CCCOc1cc2ncnc(Nc3cc(CC(=O)Nc4cccc(F)c4)[nH]n3)c2cc1OC,2.12,2.3507561123249268,0.23075611232492665
4056,train,COc1cc(F)ccc1c2cc(CNC3CCCC3)ccn2,1.71,1.9973162167455072,0.2873162167455072
414,train,COc1ccccc1Nc2cc(Oc3cc(C)c(C)nc3c4ccccn4)ccn2,3.37,3.548282422644665,0.17828242264466487
3771,train,CCN(CC)C(=O)c1ccc(cc1)C(N2CCNCC2)c3cccc4cccnc34,0.7,0.7400073584668707,0.04000735846687076
1715,train,COc1cc(Nc2c(cnc3cc(OCCCN4CCN(C)CC4)c(OC)cc23)C#N)c(Cl)cc1Cl,3.5,3.600487167861134,0.1004871678611341
488,train,Oc1ccc(cc1)c2cnc3ccccc3n2,3.3,3.5561880798084102,0.2561880798084104
3401,train,CN1c2ccccc2C(NCCCCCCC(=O)O)c3ccc(Cl)cc3S1(=O)=O,1.33,1.2277965533449025,-0.10220344665509762
2238,train,C[C@@H](Oc1cccc2ncnc(Nc3ccc4c(cnn4Cc5cscn5)c3)c12)C(=O)N6CCOCC6,2.81,3.1011208667044565,0.29112086670445647
2170,train,COc1cc(ccc1Nc2ncc(Cl)c(n2)c3cnc4ccccn34)N5CCNCC5,2.4,2.669621695630733,0.2696216956307329
1984,train,Cc1c(Sc2ccc(Cl)cc2)c3cc(ccc3n1CC(=O)O)c4ccccc4,3.7,3.611044427163419,-0.08895557283658118
1626,train,FC(F)(F)c1cccc(C(=O)N[C@H]([C@@H]2CCCCN2)c3ccccc3)c1Cl,2.61,3.0396211306190954,0.42962113061909557
573,train,O[C@@H](CNCCc1ccc(CNCCc2ccccc2F)cc1)c3ccc(O)c4NC(=O)Sc34,1.3,1.597578105363014,0.297578105363014
1952,train,OCCN1CCN(Cc2ccc3c(NC(=O)CC45CC6CC(CC(C6)C4)C5)c(Cl)ccc3n2)CC1,2.93,3.2255169726897948,0.2955169726897946
418,train,CC(=O)c1ncccc1NC(=O)[C@@H]2CC[C@H](CC2)N3C(=O)[C@@H]4[C@@H]5CC[C@@H](C5)[C@@H]4C3=O,3.01,3.251799318293858,0.24179931829385826
4089,train,Clc1cc(Cl)c2c3C(=O)NNC(=O)c3[nH]c2c1,1.02,1.2136274022564573,0.19362740225645725
3114,train,OC(=O)[C@H](Cc1cccc(OCCCNc2ccccn2)c1)NC(=O)c3c(Cl)cccc3Cl,0.16,0.4829087783730621,0.3229087783730621
2776,train,CN1CCN(CC1)c2ccc3N=CN(C(=O)c3c2)c4cc(NC(=O)C5CC5)ccc4C,2.17,2.332820990159615,0.16282099015961515
218,train,C[C@H](Nc1cnc(C)c(Nc2cc(C)[nH]n2)n1)c3ccc(F)cn3,1.73,1.9028633167064868,0.1728633167064868
2288,train,COC(=O)c1ccc(CN2NC(=O)C3=C(C2=O)C(=O)c4ccc(Cl)cc4N3)cc1,1.17,1.3408528427485042,0.17085284274850432
1544,train,Fc1cc(Oc2ccc(cc2c3ccnnc3)C(F)(F)F)c(Cl)cc1S(=O)(=O)Nc4nncs4,1.15,1.1142523853381512,-0.035747614661848726
1338,train,O=C(NC1(CC1)C#N)[C@@H]2CCCC[C@H]2C(=O)N3CCN(CC3)c4nc5cnccc5s4,1.66,1.6452733705809952,-0.014726629419004711
1682,train,OC(=O)COc1ccc(cc1c2ccc(Cl)cc2)C(F)(F)F,0.9,1.0712764240571686,0.17127642405716859
1454,train,O[C@]1(CN2CCC1CC2)C#Cc3ccc(Oc4ccc(cc4)C(=O)NC5CCS(=O)(=O)C5)cc3,1.64,1.5499803074481955,-0.09001969255180442
1437,train,COc1cc(Nc2cc(nc(N[C@@H](C)c3ncc(F)cn3)n2)N4CCOCC4)n[nH]1,2.18,2.247103588131747,0.06710358813174677
15,train,Nc1ccc(cc1)c2nc3ccc(O)cc3s2,3.2,3.095392882790236,-0.10460711720976423
368,train,C[C@H](CN(C)C(=O)CO)Oc1cccc2ncnc(Nc3ccc(OCc4ccccn4)c(Cl)c3)c12,3.22,3.5554580688614754,0.3354580688614752
1305,train,C1CCN(CC1)c2ncnc3[nH]cnc23,1.84,1.947290915597196,0.10729091559719595
2320,train,NC(=O)Cc1ccccc1,0.3,0.6489442028233767,0.34894420282337674
3713,train,CC(=O)NC[C@H]1CN(C(=O)O1)c2ccc(N3Cc4ccncc4C3)c(F)c2,3.02,3.3421675902498436,0.32216759024984354
523,train,C[C@H]1CN(Cc2cc(Cl)ccc2CCC(=O)O)CCN1C(=O)Cc3ccccc3,1.52,1.646895079057864,0.126895079057864
1849,train,CC1=CN([C@H]2CCCN(C2)[C@@H](CC(C)(C)C)c3ccc(C(=O)O)c(Oc4cccc(Br)c4)c3)C(=O)NC1=O,1.12,1.3926581057368836,0.27265810573688354
4110,train,Nc1ccc(OCc2ccccc2)cc1,2.2,2.3870268146408464,0.18702681464084625
265,train,CC(C)C(NC(=O)CN1C(=O)C(=CC=C1c2cccnc2)NC(=O)OCc3ccccc3)C(=O)C(F)(F)F,3.05,3.1222325664548745,0.07223256645487464
248,train,O=C1NC=Nc2[nH]ncc12,-0.42,-0.1734780348224021,0.2465219651775979
3843,train,OCCN1C(=O)C(Cc2ccccc12)NC(=O)c3cc4cc(Cl)sc4[nH]3,3.05,3.2834215132789697,0.23342151327896987
2870,train,CCCS(=O)(=O)c1ccc(Nc2nccc(n2)c3cnc(C)n3C(C)C)cc1,3.37,3.6152572408320367,0.2452572408320366
469,train,Clc1cccc(Nc2ncnc3ccccc23)c1,3.9,3.8601679629143675,-0.03983203708563243
4005,train,OCCNC(=O)CN1C(=O)C(Cc2ccccc12)NC(=O)c3cc4cc(Cl)sc4[nH]3,3.05,3.2074181220791815,0.1574181220791817
2596,train,COc1cc2c(Nc3ccc(F)c(Cl)c3)c(cnc2cc1OCCN(C)CCO)C(=O)N,3.2,3.1582826030855475,-0.04171739691445264
286,train,CCN(C1CCN(CCC(c2ccccc2)c3ccc(NS(=O)(=O)C)cc3)CC1)C(=O)Cc4ccc(cc4)S(=O)(=O)C,1.84,1.9309777006741098,0.09097770067410971
3443,train,CN(C)CC(O)COc1ccc(Nc2nccc(Nc3cc(C)ccc3Cl)n2)cc1,2.6,3.0816905773162704,0.4816905773162703
320,train,COc1cc(ccc1Nc2ncc(Cl)c(n2)c3cnc4c(F)cc(F)cn34)N5CCN(CC5)C(=O)C,3.2,3.561675593780012,0.3616755937800118
1492,train,Cc1ccc(NC(=O)c2cccc(c2)C(F)(F)F)cc1NC(=O)c3cccnc3,3.11,3.1240145882268227,0.014014588226822777
2723,train,N\C(=C(\C#N)/c1ccccc1C(F)(F)F)\Sc2ccc(N)cc2,3.3,3.177294690162945,-0.12270530983705497
2489,train,COC(=O)N1CCN([C@@H](CN2CCCC2)C1)C(=O)Cc3ccc(Cl)c(Cl)c3,1.97,2.113646347754626,0.14364634775462615
997,train,CCN1CCN(CC1)C(=O)c2cc3cc(Cl)ccc3[nH]2,3.14,3.0801652881070467,-0.05983471189295342
2408,train,C[C@@H](CO)Oc1cc(Oc2ccc(cc2)S(=O)(=O)C)cc(c1)C(=O)Nc3nccs3,2.63,2.8135734577356883,0.18357345773568845
3574,train,CCCCc1nc2c(N)nc3ccccc3c2n1CC(C)(C)O,2.37,2.6929366551529736,0.32293665515297354
1209,train,Oc1ccc(cc1)C2=COc3cc(O)ccc3C2=O,2.46,2.5782412743385685,0.11824127433856857
3502,train,CN(C)C(=O)N[C@@H]1CC[C@@H](CN2[C@@H]3CC[C@H]2C[C@H](C3)Oc4cccc(c4)C(=O)N)CC1,-0.07,0.14869039627883618,0.21869039627883619
3001,train,Fc1ccc(cc1)c2ncn(C3CCNCC3)c2c4ccncc4,0.3,0.6136878543321382,0.31368785433213825
1561,train,O=C1N([Se]c2ccccc12)c3ccccc3,3.31,3.4945277413147235,0.1845277413147235
1975,train,FC(F)(F)c1cccc(c1)S(=O)(=O)NCC(N2CCCCCC2)c3ccccc3,3.12,3.17271687102086,0.05271687102086009
1080,train,Nc1cc(c(cn1)c2cc(nc(n2)N3CCOCC3)N4CCOCC4)C(F)(F)F,2.7,2.7435136205144017,0.04351362051440155
1226,train,CCOc1ccc(NC(=O)C)cc1,1.5,1.3662845449036096,-0.13371545509639038
3682,train,O=C(NC1(CC1)C#N)[C@@H]2CCCC[C@H]2C(=O)N3CCN(CC3)c4nc(cs4)c5ccccc5,3.5,3.562170121987827,0.06217012198782701
2425,train,COCCC(=O)N[C@@H](C)c1ccc(Nc2ncc3cc(ccc3n2)c4ccncc4)cc1,3.05,3.1334336086783816,0.08343360867838179
2932,train,Cc1cccc(NC(=O)c2ccc(c3ccccc3)c(c2)C#N)n1,3.71,3.9364856202128955,0.22648562021289553
1345,train,Cc1cc(on1)c2ccc(cc2F)N3C[C@H](Cn4ccnn4)OC3=O,1.99,2.184160272339051,0.1941602723390512
3101,train,FC1(F)Oc2ccc(\C=C\3/SC(=O)NC3=O)cc2O1,2.8,2.8444303699578155,0.044430369957815685
3594,train,CC(C)N1CCN(Cc2cnc(c(C)c2)c3ccc(cc3)C(=O)Nc4ccccc4N)CC1,1.44,1.4314084600880996,-0.008591539911900314
1774,train,Cc1c(Sc2ccc(Cl)cc2)c3cccc(Cl)c3n1CC(=O)O,2.0,2.1259143262744877,0.12591432627448773
1056,train,CCCc1c(O)c(ccc1OCc2ccc(cc2)C(=O)O)C(=O)C,2.1,2.4997914429876547,0.39979144298765457
242,train,CC[C@H](C)C(=O)O[C@H]1C[C@@H](C)C=C2C=C[C@H](C)[C@H](CC[C@@H](O)C[C@@H](O)CC(=O)O)[C@@H]12,1.07,0.9189946226820391,-0.15100537731796093
3941,train,C[C@H]1O[C@H]([C@H](O)[C@@H]1O)n2cnc3c(N)nc(Oc4ccccc4)nc23,1.05,1.077513319563208,0.027513319563208016
845,train,CNC1=Nc2ncccc2C(=NC1c3cccs3)c4occc4,1.85,2.155915607844158,0.30591560784415783
3588,train,CCN(C1CCN(CCC(c2ccccc2)c3ccccc3)CC1)C(=O)Cc4ccc(cc4)[N+](=O)[O-],4.1,4.312997367213565,0.212997367213565
318,train,CN1CCN(CC1)c2ccc(NC(=O)c3oc(Nc4ccccc4F)nn3)cn2,2.36,2.5848090960941668,0.22480909609416688
795,train,COc1cc(ccc1Nc2ncc(Cl)c(n2)c3cnc4ccc(cn34)N(C)C)N5CCN(CC5)C(=O)C,4.1,4.340950570546369,0.24095057054636904
1021,train,Fc1ccc(cc1Cl)C2CNCC=CC2,1.33,1.5048615110638688,0.1748615110638687
3042,train,c1ccc(cc1)C#Cc2n[nH]c3ccccc23,4.31,4.462002575889942,0.15200257588994237
1591,train,Cn1cnc2cc(cnc12)C#Cc3ccccc3,3.5,3.4797979996416815,-0.02020200035831854
2929,train,CC(C)CN1C(=O)N(C)C(=O)c2c1sc(Cc3ccccc3C(F)(F)F)c2C(=O)N4CCCC4,3.8,3.9797107971121983,0.1797107971121985
2871,train,COc1cc(ccc1Cn2ccc3ccc(NC(=O)OC4CCCC4)cc23)C(=O)O,2.1,2.162724874170233,0.06272487417023287
2375,train,CC(C)OC(=O)N1CC2COCC(C1)C2Oc3ncnc(Oc4cccnc4C)c3C,3.1,3.147368650315627,0.04736865031562676
3120,train,CCCSc1ncccc1C(=O)N(C)C2CCOCC2,1.63,1.7475264375880133,0.1175264375880134
766,train,COc1ccc2c(C)cc(N[C@H]3CCC[C@@H](C3)NCc4cccc(OC(F)(F)F)c4)nc2c1,3.61,3.789678684104842,0.1796786841048421
2410,train,Cc1sc2ncnc(N3CCN(CC3)c4ncccn4)c2c1C,3.66,3.836563311919323,0.17656331191932306
417,train,CC(C)CN1C(=O)N(C)C(=O)c2c1sc(Cc3ccccc3C(F)(F)F)c2C(=O)N4CC[C@@H](O)C4,2.74,2.8459013058767333,0.10590130587673308
92,train,CN(C)C(=O)c1ccc(CN2CCc3cc4nc(N)sc4cc3CC2)cc1,1.72,1.8848193976126726,0.1648193976126726
808,train,Cc1cc(Nc2ccccc2)n(CCC#N)n1,2.3,2.491064451230296,0.19106445123029614
2606,train,CNc1cccc(CCOc2ccc(C[C@H](NC(=O)c3ccc(F)cc3Cl)C(=O)O)cc2)n1,-0.04,0.3731622574132263,0.41316225741322626
1088,train,C[C@@H]1CN(C[C@H](C)N1)c2c(F)c(N)c3C(=O)C(=CN(C4CC4)c3c2F)C(=O)O,-0.15,-0.04580519158168883,0.10419480841831116
2660,train,COc1ccc(Nc2cc(Oc3cc(C)c(C)nc3c4ccccn4)ccn2)cc1,3.51,3.4295227962310904,-0.08047720376890943
3672,train,CC(C)Oc1ccc(cc1C(=O)N2CCN(CC2)c3ccc(cc3)C(F)(F)F)S(=O)(=O)C,3.33,3.3021137688276356,-0.02788623117236444
2724,train,CN(C)c1ccc2N=C3C=CC(=[N+](C)C)C=C3Sc2c1,-0.88,-1.0736063961321167,-0.19360639613211672
2936,train,[O-][N+](=O)c1ccc2C(=O)C(=O)c3ccccc3c2c1,2.56,2.6877905116469534,0.12779051164695332
2569,train,C[C@H](NC1=NC(=O)[C@@](C)(S1)C(F)(F)F)c2ccccc2F,3.1,3.082780967924732,-0.017219032075268093
939,train,Clc1cccc(NC(=O)c2ccccn2)c1,3.4,3.454471101038364,0.05447110103836428
4044,train,Nc1cccc2c3ccccc3C(=O)C(=O)c12,2.95,3.1137561274646,0.1637561274646
2315,train,CC(C)(O)c1ccccc1CC[C@@H](SCC2(CC(=O)O)CC2)c3cccc(\C=C\c4ccc5ccc(Cl)cc5n4)c3,3.45,3.372413678460828,-0.07758632153917233
2180,train,CC1(C)C(=O)Nc2ccccc12,2.3,2.3814395565992674,0.0814395565992676
3727,train,NC1(CCN(CC1)c2ncnc3[nH]ccc23)C(=O)N[C@@H](CCN4CCCCC4)c5ccc(Cl)cc5,2.4,2.3274315397872463,-0.07256846021275365
2079,train,OC1(CN2CCC1CC2)c3ccc(cc3)c4ccccc4,1.5,1.439197387778647,-0.06080261222135297
3545,train,CN1CCN(CC1)c2ccc3ncc(C(=O)N)c(Nc4ccc(Cl)cc4Cl)c3c2,3.23,3.4289672651283043,0.19896726512830432
90,train,COc1ccnc(CCc2nc3c(C)ccnc3[nH]2)c1,2.1,2.162981570593801,0.06298157059380083
239,train,CC(C)(C)OC(=O)N1CCN(CC1)c2ncc(OCc3ccc(cc3)S(=O)(=O)C)cn2,3.27,3.4418972768430613,0.17189727684306133
37,train,Cn1cncc1c2c3C(=O)N(CC4CC4)C(=O)N(CC5CC5)c3nn2Cc6ccnc7ccc(Cl)cc67,4.33,4.439965352359772,0.10996535235977234
3368,train,CC1=CC(=O)Oc2c(C)c3oc(C)cc3cc12,3.47,3.661662807997381,0.191662807997381
1480,train,COCCNS(=O)(=O)c1ccc(Nc2nccc(n2)c3cnc4cccnn34)cc1,2.8,2.9330046942204433,0.13300469422044348
1562,train,COc1ccc2C=CC(=O)N(CCN3CCC(CC3)NCc4cc5OCCOc5cn4)c2c1,1.31,1.4010796132103591,0.09107961321035907
732,train,CC(=O)CC(C1=C(O)c2ccccc2OC1=O)c3ccccc3,0.86,1.065443781147783,0.20544378114778306
446,train,CNC(=O)[C@H]1CCCN1Cc2cc3c(Nc4cccc(Cl)c4F)ncnc3cc2OC,3.65,3.872857576964818,0.222857576964818
2436,train,OCCN(CCO)c1nc(N2CCCCC2)c3nc(nc(N4CCCCC4)c3n1)N(CCO)CCO,3.97,4.2578942617028295,0.2878942617028293
2077,train,COCCN1CCN(CC(=O)Nc2ccc(C3=CC=CN4C(=O)C=C(N=C34)N5CCOCC5)c6sc7ccccc7c26)CC1,3.2,3.549188503558603,0.34918850355860265
825,train,Oc1cc(O)cc(\C=C\c2ccc(O)c(O)c2)c1,2.11,1.7998746552529643,-0.31012534474703557
872,train,C[C@@H]1CN(C[C@H](C)O1)c2nc(N3CCOC[C@@H]3C)c4ccc(nc4n2)c5ccccc5,3.75,3.9837969791789316,0.2337969791789316
3163,train,CO[C@H]1CN(CCN2C(=O)C=Cc3ccc(cc23)C#N)CC[C@@H]1NCc4cc5OCCOc5cn4,1.05,0.8174615199366464,-0.23253848006335365
84,train,Oc1cc(nc2ccnn12)c3ccccc3,1.3,1.8106940679913415,0.5106940679913414
464,train,COc1ccc2nc(C)cc(N3CC(CNC(=O)C4CC4)OC3=O)c2c1,1.55,1.3516928548056808,-0.19830714519431925
3779,train,CCN1C=C(C(=O)O)C(=O)c2ccc(C)nc12,-0.1,0.4828876731060814,0.5828876731060814
3127,train,COc1ccc(OC)c(c1)C(O)CNC(=O)CN,-0.71,-0.5255746018419942,0.18442539815800574
1922,train,Cc1cc(NC(=O)c2ccc(Cl)cc2)n(n1)c3ccccc3,3.25,3.378350402138885,0.12835040213888504
2064,train,Oc1ccc(cc1)C2=Cc3cc(O)ccc3OC2=O,2.9,2.7454388256215854,-0.15456117437841455
948,train,Nc1ncc([nH]1)c2ccc(F)cc2,1.39,1.7428152288219116,0.35281522882191174
1152,train,O=C1N=C(NCc2ccccc2)SN1Cc3ccccc3,3.01,3.1284469111277016,0.11844691112770178
2254,train,O=C(CCN1CCCCC1)Nc2ccc(C3=CC=CN4C(=O)C=C(N=C34)N5CCOCC5)c6sc7ccccc7c26,2.9,3.1967852596629864,0.2967852596629865
2935,train,COCc1c(nc(C(C)C)c(\C=C\[C@@H](O)C[C@@H](O)CC(=O)O)c1c2ccc(F)cc2)C(C)C,1.72,1.7601566027271907,0.04015660272719068
1494,train,OC(=O)c1ccc2cccc(O)c2n1,3.3,3.2795114011792394,-0.020488598820760373
3667,train,CCOc1noc2cc(OCCC3CCN(CC3)c4ccc(C)nn4)ccc12,4.23,4.084342037405057,-0.14565796259494324
1199,train,COc1cc(ccc1Nc2ncc(c(n2)c3cnc4ccccn34)C(F)(F)F)N5CCN(CC5)C(=O)C,3.7,3.766406947012925,0.06640694701292471
1630,train,O=C1NC=Cc2nc(c3ccc(CN4CCC(CC4)c5n[nH]c(n5)c6ccccn6)cc3)c(cc12)c7ccccc7,3.9,4.052122534453067,0.15212253445306745
508,train,CCCN(c1cccnc1)P(=O)(c2ccccc2)c3ccccc3,2.6,2.5817771654801054,-0.018222834519894704
1417,train,Oc1ccc(CCNCCCS(=O)(=O)NCCOCCc2ccc(F)cc2)c3sc(O)nc13,1.57,1.5651387317872048,-0.004861268212795311
1959,train,O[C@@H](CNCCc1ccc(NC[C@H](O)c2ccccc2)cc1)c3ccc(O)c(NC=O)c3,0.02,0.0293508086931622,0.0093508086931622
2340,train,O[C@@H]1CCN(C1)c2ccc3c(NC(=O)CNc4cccc(c4)C#N)c(Cl)ccc3n2,2.39,2.4053968173373432,0.015396817337343105
78,train,CC(=O)Nc1ccc2c(c1)c(cn2CCCO)c3cc(NC4CC4)n5ncc(C#N)c5n3,2.48,2.474008414029548,-0.005991585970452018
3226,train,C[C@@H](Oc1cccc2ncnc(Nc3ccc(Oc4ccc(C)nc4)c(C)c3)c12)C(=O)N(C)CCO,3.85,3.990422442888013,0.14042244288801298
2404,train,CCN(CC)CCNc1ncnc2c1sc3nc(N4CCOCC4)c5CCCCc5c23,3.3,3.095954702106129,-0.20404529789387071
3848,train,NCC[C@@H](Sc1cc(Cl)ccc1C#N)c2ccccc2,1.26,1.4969578776928476,0.2369578776928476
2998,train,COC(=O)c1c(O)cccc1OC\C=C\c2ccc(F)c(c2)c3onc(c3)C(=O)O,0.66,0.9177755766789697,0.25777557667896966
548,train,Nc1cc(nc2c(cnn12)C#N)c3cccs3,2.3,2.7001999026834165,0.40019990268341665
1564,train,Clc1ccc2NC(=O)CN(C(c3ccccc3)c2c1)C(=O)c4ccccc4,3.31,3.6792550599221463,0.36925505992214624
279,train,Cc1ccc(F)cc1S(=O)(=O)N[C@@H]2CCN(Cc3ccc(cc3)c4ccccc4)C2,4.0,4.013819655128829,0.013819655128829211
598,train,CN[C@@H](C)C(=O)N[C@@H](C1CCCCC1)C(=O)N[C@H]2CCN(C2)C(=O)Cc3ccccc3,0.81,0.968665001181348,0.15866500118134796
3059,train,COc1cc2ncnc(Nc3cc(NC(=O)c4ccnc(c4)N5CCOCC5)ccc3C)c2cc1OCCN(C(C)C)C(C)C,3.5,3.8685940239214727,0.36859402392147267
1072,train,CNc1nc(C)c(s1)c2nc(Nc3cccc(c3)N4CCCN(CC4)C(=O)C)ncc2C#N,3.2,3.6313737141910085,0.43137371419100834
2370,train,NC1(CCC1)c2ccc(cc2)c3c(ccc4ccnn34)c5ccccc5,2.9,3.226737247424161,0.3267372474241612
2018,train,CC(C#Cc1ccccc1)N2NC(=O)C3=C(C2=O)C(=O)c4ccc(Cl)cc4N3,1.4,1.4328216456360667,0.03282164563606682
3382,train,O=C1C=C(N=C2N1C=Cc3ccccc23)N4CCOCC4,2.78,3.2445094723447543,0.4645094723447545
1985,train,FC(F)(F)c1cc(COCC(N2CCNCC2)c3ccccc3)cc(c1)C(F)(F)F,2.9,3.1671181930060515,0.26711819300605155
671,train,COc1ccnc(C[S+]([O-])c2nc3cc(OC(F)F)ccc3[nH]2)c1OC,2.0,2.4350186739103865,0.4350186739103865
2221,train,CN1CCN(CC1)S(=O)(=O)c2ccc(c(C)c2)c3cnc(N)c(n3)C(=O)Nc4cccnc4,2.6,2.576279098875013,-0.023720901124987037
3547,train,CN[C@@H](C)C(=O)N[C@@H](C1CCCCC1)C(=O)N[C@H]2CCCN(CCc3ccc(F)cc3)C2,2.39,2.245447330621944,-0.1445526693780561
3605,train,Cc1c(N)cccc1CN2C=CC(=CC2=O)OCCc3cccs3,2.78,3.082803157366386,0.3028031573663861
3641,train,CN(C)CC(O)COc1ccc(Nc2cc(ncn2)N(CCC#N)c3cc(Cl)ccc3Cl)cc1,2.1,2.316844059115933,0.21684405911593307
3552,train,CC(CC(=O)NCc1ccccc1)C2CCCO2,2.1,2.056485148943478,-0.0435148510565222
2196,train,CCCNC[C@H](O)COc1ccccc1C(=O)CCc2ccccc2,1.69,1.9499369342361659,0.25993693423616593
2225,train,OC1=NC(=O)CN1N=Cc2oc(cc2)c3ccc(cc3)[N+](=O)[O-],1.35,1.5979200540550882,0.2479200540550881
137,train,COc1cc(OC2CCN(CC2)C(=O)C)ccc1Nc3ncc(Cl)c(n3)c4cnc5ccccn45,4.0,4.334252250299217,0.3342522502992171
3264,train,CC1=C(Oc2c(cccc2C1=O)C(=O)OCCN3CCCCC3)c4ccccc4,3.42,3.544591892055508,0.12459189205550825
1947,train,Nc1nccc(\C=C\c2ccc(Cl)cc2)n1,3.5,3.7172423721380365,0.21724237213803654
3891,train,CC[C@H](N)C(=O)N[C@@H](Cc1ccc(cc1)c2ccccc2)C#N,2.6,2.947071571498006,0.34707157149800594
3161,train,OC(=O)C1=CN(C2CC2)c3cc(N4CCNCC4)c(F)cc3C1=O,-0.96,-0.8124709277800704,0.1475290722199296
3695,train,CCN1CCN(Cc2cnc(c(C)c2)c3ccc(cc3)C(=O)Nc4ccccc4N)CC1,1.2,1.585928756911946,0.38592875691194606
986,train,COC(=O)[C@H](Cc1ccc(cc1)[N+](=O)[O-])NC(=O)c2cccc3ccccc23,3.58,3.784893426208529,0.20489342620852913
2294,train,CN1CCN(CC1)C(=O)c2cc(CC3=NNC(=O)c4ccccc34)ccc2F,1.03,1.473469161109574,0.443469161109574
2727,train,Cc1nsc(C)c1CCC2CCN(CC2)S(=O)(=O)CC3(CCOCC3)N(O)C=O,1.5,1.1094614897335353,-0.3905385102664647
3686,train,[O-][N+](=O)c1cc(C(=O)NCC=C)c2N=C(Nc3ccc(Cl)c(Cl)c3)NC(=O)c2c1,2.7,2.4836284946743383,-0.21637150532566185
3664,train,C[C@@H](NC1=CC(=O)CNC1)c2ccc(Nc3ncc4cc(ccc4n3)c5ccncc5)cc2,2.49,2.569069337295138,0.07906933729513765
810,train,COc1cc(OC)nc(n1)N2N=CC(=C(Cl)C2=O)Cl,1.4,1.8565835318728654,0.4565835318728655
3705,train,Cn1c(ccc1c2ccc3NC(=O)OC(C)(C)c3c2)C#N,2.85,3.187664314968374,0.3376643149683738
705,train,COc1c(Nc2ccc(nc2C)S(=O)(=O)C)ncnc1OC3CCN(CC3)C(=O)OC(C)C,2.4,2.6074775983976566,0.20747759839765667
2587,train,Nc1cc(ncn1)c2ccccc2,1.91,2.178612731229684,0.2686127312296842
3025,train,CC(=O)Nc1cccc2c1c(c(C)n2CC(=O)O)S(=O)(=O)c3ccc(Cl)cc3,0.4,0.6879046702263489,0.2879046702263489
2507,train,Oc1c2ncc3ccccc3c2nn1c4ccccc4,0.8,0.8033098601996027,0.0033098601996026655
583,train,CCC[C@H]1CN(Cc2cc(Cl)ccc2OCC(=O)O)CCN1S(=O)(=O)c3ccccc3,1.02,1.1722954834506207,0.15229548345062072
4028,train,CC(C)Cc1ccc(cc1)[C@H](C)C(=O)NS(=O)(=O)C,0.56,0.7384993437741136,0.17849934377411358
56,train,COCCNC(=O)c1cccc(Nc2ncc3cc(ccc3n2)c4ccncc4)c1,3.21,3.3646303884785835,0.15463038847858357
1170,train,CCCc1c(O)c(ccc1OCCCCSCC(=O)O)C(=O)C,1.3,1.465616122556657,0.16561612255665703
1931,train,CN(C)C(=O)CN1C(=O)C(Cc2ccccc12)NC(=O)c3cc4cc(Cl)sc4[nH]3,3.07,3.661589373232818,0.5915893732328183
1098,train,CCOC(=O)Nc1cccc(c1)[C@H](N2CCN(Cc3cccnc3)CC2)c4ccc(cc4)C(=O)N5CCC5,3.02,3.2433689205880585,0.22336892058805846
2658,train,O=S(=O)(Nc1ccc(cc1)S(=O)(=O)Nc2nccs2)c3ccc4OCCOc4c3,1.97,2.0098454090834106,0.03984540908341061
2685,train,Cc1ccc(CCCOCCS(=O)(=O)CCCNCCc2ccc(O)c3nc(O)sc23)s1,2.41,2.471984512887905,0.06198451288790485
270,train,COc1ccc(cc1)c2cc(Nc3ccn(C)n3)n4ncc(C#N)c4n2,2.97,3.371186175895304,0.4011861758953037
3299,train,COc1cc2c(Nc3c(Cl)ccc4OCOc34)ncnc2cc1OCCCN5CCCC5,1.62,1.6432117401607087,0.023211740160708594
86,train,CC(C#C)N1C(=O)N(CC2CC2)c3nn(Cc4ccnc5ccc(Cl)cc45)c(c3C1=O)c6cncn6C,3.59,3.7391603364541037,0.14916033645410387
1688,train,CC(C)NC(=O)c1c(C)nn(c1NS(=O)(=O)c2ccc(C)cc2)c3ccccc3,0.46,0.46868498488106414,0.008684984881064117
874,train,CC1=CN([C@H]2CCCN(Cc3ccc(C(=O)O)c(Oc4cccc(F)c4)c3)C2)C(=O)NC1=O,-1.03,-0.8652083641528674,0.16479163584713263
2972,train,CN1C(=O)N(CC2CC2)c3nn(Cc4ccnc5ccc(Cl)cc45)c(c6oc(cc6C)C#N)c3C1=O,4.34,4.448922658956972,0.10892265895697228
3307,train,CC(C)CNc1nc(nc(N2CCOCC2)c1N)C#N,2.79,2.8275130529065633,0.03751305290656326
4118,train,CC[C@H](NC(=O)c1c([S+](C)[O-])c(nc2ccccc12)c3ccccc3)c4ccccc4,3.17,3.1501079260461102,-0.0198920739538897
1448,train,COC(=O)CCCCCCC(=O)Nc1ccc2C(=O)C(=O)c3ccccc3c2c1,2.6,2.9981689407027936,0.3981689407027935
4066,train,OCCCNCCCOc1ccc(Cl)c(c1)C(=O)NCC23CC4CC(CC(C4)C2)C3,1.41,1.4352517870279322,0.025251787027932293
3392,train,CC(C)(C)NC(=O)C(N(Cc1occc1)C(=O)c2ccc([nH]2)c3ccccc3)c4ccncc4,4.13,4.328047012693649,0.19804701269364955
3939,train,COC(=O)c1cccc(CN2NC(=O)C3=C(C2=O)C(=O)c4ccc(Cl)cc4N3)c1,1.1,1.1206154787762055,0.020615478776205398
793,train,CCCCOc1nc(N)c2NC(=O)N(Cc3cccc(CC(=O)OC)c3)c2n1,3.76,3.8088470368918705,0.048847036891870754
1368,train,[O-][N+](=O)c1ccc(cc1)C2=Nc3ccccc3C(=O)N2,2.5,2.528610251379914,0.028610251379913798
4193,train,Oc1cccc(NC(=O)c2ccc(OCCCN3CCCC3)cc2OCc4ccccn4)c1,1.78,2.0835554004220493,0.3035554004220493
1223,train,Clc1ccc2ncc(c3cccc(NC4CNC4)n3)n2c1,1.19,1.5219037973158391,0.3319037973158392
351,train,Clc1ccc2C(=O)C3=C(Nc2c1)C(=O)NN(Cc4ccsc4)C3=O,1.11,1.379413900201698,0.269413900201698
2788,train,CC(=O)Nc1cc2c(ccn2c3cc(NC4CC4)n5ncc(C#N)c5n3)cc1C,2.66,2.7398013341534595,0.07980133415345936
3164,train,CN(C)CCCC1(OCc2cc(ccc12)C#N)c3ccc(F)cc3,1.56,1.3396430483693167,-0.22035695163068336
2303,train,Cc1cccc(NS(=O)(=O)c2cccc3nonc23)c1,3.0,3.237633347451122,0.23763334745112186
1548,train,CN1CCN(CC1)C(=O)c2cc3ccccc3[nH]2,1.7,1.6109756493362117,-0.08902435066378822
1813,train,COc1cc2ncnc(Nc3cc(NC(=O)c4ccnc(c4)N5CCOCC5)ccc3C)c2cc1OCCN6CCCCC6,3.35,3.2675631457706418,-0.08243685422935831
3374,train,NC1(CCN(CC1)c2ncnc3[nH]ccc23)C(=O)NC(CCO)c4ccc(Cl)cc4,2.5,2.76551593362008,0.2655159336200801
4129,train,CCCCC(N1NC(=O)c2nc3cc(Cl)ccc3c(O)c2C1=O)c4ccncc4,1.4,1.8059522493602866,0.40595224936028673
2116,train,Cn1ncc(Cl)c1c2cc(sc2Cl)C(=O)N[C@H](CN)Cc3cccc(F)c3,2.99,3.321608169078191,0.3316081690781907
2755,train,O=C(CN1CCOCC1)Nc2ccc(cc2c3ccccc3)c4cccc5C(=O)C=C(Oc45)N6CCOCC6,3.4,3.6659412503729114,0.2659412503729115
3096,train,Brc1ccc(s1)N2C[C@@]3(CN4CCC3CC4)OC2=O,2.0,1.4527122033123794,-0.5472877966876206
898,train,CC(=O)c1ccc2OCC(=O)N(CCN3CCC(CC3)NCc4ccc5OCC(=O)Nc5n4)c2c1,0.37,0.6304796962344921,0.2604796962344921
2258,train,CC(C)C(NC(=O)CN1C(=O)c2nc(O)nc(O)c2C=C1c3ccccc3)C(=O)C(F)(F)F,1.88,2.045960776272961,0.16596077627296113
922,train,Nc1ccccc1NC(=O)c2ccc(cc2)c3ncc(CN4CCC4)cc3C#N,1.22,1.7138602842297959,0.4938602842297959
2326,train,CCCSc1nc(NC)ccc1C(=O)N[C@@H]2C3CC4CC2C[C@@](O)(C4)C3,3.27,3.193791419719127,-0.07620858028087296
1304,train,NC(=O)c1ccc(Br)cc1,1.75,1.8065085032461885,0.0565085032461885
1593,train,O=C1C2=Nc3ccccc3CN2c4ccccc14,2.71,2.639915237293988,-0.07008476270601216
1803,train,NS(=O)(=O)c1cc2c(NCNS2(=O)=O)cc1Cl,-0.09,-0.032557878079105596,0.0574421219208944
2699,train,CC(C)OC(=O)N1CCC(CC1)Oc2ncnc(Oc3ccc(cc3F)S(=O)(=O)C)c2C,3.7,3.962126062131837,0.26212606213183687
551,train,CN(C)CC(O)COc1ccc(Nc2cc(ncn2)N(CC#N)c3ccc(C)cc3Br)cc1,2.24,2.5362194229095674,0.29621942290956715
3066,train,COc1ccc(OC)c(CNc2[nH]nc3cccc(Oc4ccc(cc4)S(=O)(=O)C)c23)c1,3.71,3.739442800095749,0.029442800095749178
763,train,CC(=O)c1ccc2NC(=CC(=O)c2c1)c3cccnc3,1.41,1.8333317074557876,0.42333170745578763
2965,train,Nc1nc(OC2CCCC2)nc3c1ncn3[C@@H]4O[C@H](CO)[C@@H](O)[C@H]4O,0.79,0.9501711495979628,0.16017114959796275
4090,train,CCCCC(NC(=O)CC1CCN(Cc2ccn(c2)c3ccc(cc3)C(F)(F)F)CC1)C4=CNC(=O)C=C4,2.89,2.6365732327232583,-0.25342676727674185
2365,train,CC(C)CN1C(=O)NC(=O)c2c1sc(Cc3ccccc3C(F)(F)F)c2C(=O)N4CCC4,3.0,3.0174893670573812,0.017489367057381244
3703,train,OC(=O)[C@H](Cc1ccc(cc1)C#N)N2CCC(CN3CCC(CC3)Oc4ccc(Cl)c(Cl)c4)CC2,2.17,2.4916863699622662,0.3216863699622663
427,train,CS(=O)(=O)c1ccc2nc(sc2c1)N3CCN(CC3)C(=O)[C@@H]4CCCC[C@H]4C(=O)NC5(CC5)C#N,1.49,1.579850656856443,0.089850656856443
2747,train,OC(=O)COc1ccc(Cl)cc1c2cccc(c2)C#N,-0.25,-0.006914978697570184,0.24308502130242982
1210,train,Nc1ccc2[nH]c(Cc3ccc(Oc4ccccc4)cc3)nc2c1,3.8,3.866726352350305,0.066726352350305
546,train,CCCCSc1nc(N)c2ncn([C@@H]3O[C@H](CO)[C@@H](O)[C@H]3O)c2n1,1.51,1.8289986588158604,0.3189986588158604
3658,train,Clc1ccc(Cl)c(c1)S(=O)(=O)Nc2nc(cs2)c3sccc3Cl,2.11,2.1894442867244064,0.07944428672440651
600,train,CN(C)c1ccc(cc1)S(=O)(=O)NC(=O)N2CCC(CC2)N3CCC(CC3)Oc4ccc(Cl)c(C)c4Cl,2.0,2.13903446608785,0.1390344660878502
3503,train,O[C@@H](CNCCc1cccc(CNCCc2ccccc2F)c1)c3ccc(O)c4NC(=O)Sc34,1.06,1.6612213993348348,0.6012213993348348
2840,train,CC(C)n1c(C)ncc1c2ccnc(Nc3ccc(cc3)N4CCN(CC4)C(=O)CO)n2,1.69,1.854596167417725,0.16459616741772498
949,train,Clc1cc(Nc2ncnc3[nH]nc(OCCN4CCCC4)c23)ccc1OCc5ccccn5,2.87,2.9441102567943562,0.07411025679435612
601,train,COc1ccc2c(c1)c(CC(=O)O)c(C)n2c3ccnc4cc(Cl)ccc34,1.68,1.8380728394428825,0.15807283944288253
2274,train,CN(C)CCCNS(=O)(=O)c1ccc(Nc2nccc(n2)c3cnc4ccccn34)cc1,1.9,2.076409821982855,0.17640982198285515
804,train,C[C@H](Nc1nc(Nc2cc(C)[nH]n2)c(C)nc1C#N)c3ncc(F)cn3,1.92,1.9798464404197105,0.059846440419710545
1419,train,C[C@@H]1CN(CCN1c2ncc(OCC3CCN(CC3)S(=O)(=O)C)cn2)C(=O)OC(C)(C)C,3.5,3.459150398929904,-0.04084960107009605
3776,train,CCN(CC)CCCNCc1cc(Cl)c2cccnc2c1O,0.72,0.8585819524028064,0.13858195240280646
3872,train,N(c1ccccc1)c2ncnc3ccccc23,2.94,2.980095532057856,0.04009553205785599
1149,train,CC(NCC(O)c1ccc(cc1)[N+](=O)[O-])C23CC4CC(CC(C4)C2)C3,3.53,3.6275753443609773,0.09757534436097748
2394,train,Nc1ccc(OCCc2ccccc2)cc1,2.71,2.7326028479901905,0.022602847990190522
2968,train,OC1CCN(CC1)C(=O)CN2C(=O)C(Cc3ccccc23)NC(=O)c4cc5cc(Cl)sc5[nH]4,2.86,3.298366861155448,0.4383668611554481
3731,train,OC[C@H]1C[C@H]([C@H](O)[C@@H]1O)n2nnc3c(N[C@@H]4C[C@H]4c5ccccc5)nc(SCCC(F)(F)F)nc23,4.06,4.17715837577418,0.11715837577418053
870,train,CC(C)N1CCN[C@H](C1)C(=O)N2CCN(CC2)C(=O)Nc3ccc(Cl)c(Cl)c3,2.21,2.5665741454228526,0.3565741454228526
2530,train,CCCc1c(cnn1c2ccccc2)C(=O)Nc3cc(C)on3,3.7,4.235171406109034,0.5351714061090336
1127,train,Cc1ccc2nc(CCNCCCO)ccc2c1NC(=O)CC34CC5CC(CC(C5)C3)C4,1.18,1.3037700213236976,0.12377002132369763
1574,train,CC(=O)Nc1ccc(O)cc1OC[C@@H](O)CN2CCC3(CC2)Cc4cc(Cl)ccc4O3,2.76,2.8207094954377547,0.060709495437754946
3302,train,Cc1c[nH]c(n1)c2cnc(NCCNc3ccc(cn3)C#N)nc2c4ccc(Cl)cc4Cl,3.86,3.9242225927573773,0.0642225927573774
2848,train,CCNC(=O)OC[C@@H](C)N(c1cc(Cl)ccc1CO)S(=O)(=O)c2ccc(Cl)cc2,3.4,3.1538450761462347,-0.24615492385376525
2289,train,CCN(CC)c1ncnc2c1ncn2Cc3c(Cl)cccc3Cl,1.25,1.2554103377265384,0.005410337726538428
2171,train,CC(C)NC(=O)NS(=O)(=O)c1cnccc1Nc2cccc(C)c2,0.3,0.5371507600796606,0.23715076007966057
122,train,NC(=N)NC(=O)c1nc(Cl)c(NCc2ccccn2)nc1N,-0.56,-0.285910128727219,0.27408987127278106
3762,train,SC1=Nc2[nH]cnc2C(=O)N1,-1.48,-1.336625148170631,0.14337485182936893
3796,train,Nc1nccc(n1)c2cc3C(=O)NC[C@H](CCF)c3[nH]2,0.51,0.5895860731100626,0.0795860731100626
3389,train,CC(=O)N1CCOc2nc(OCc3ccccc3)ccc12,2.4,2.5058663627974482,0.10586636279744832
1623,train,CC(C)(C)c1ccc(cc1)C(O)CCCN2CCC(CC2)C(O)(c3ccccc3)c4ccccc4,3.99,3.7869442510212346,-0.20305574897876566
3145,train,CCNc1nc(N)c(s1)C(=O)c2ccc(Cl)s2,3.63,3.7833413217457097,0.1533413217457098
1212,train,CCc1ccc(NC(=O)c2ccc3cc(ccc3c2)C(=N)N)cc1,1.1,0.8577078185025857,-0.24229218149741438
3688,train,COC[C@H](O)CN1C(=O)C=NN(C1=O)c2ccc(Cl)c(c2)C(=O)NCC3(O)CCCCCC3,1.46,2.037580756550331,0.577580756550331
420,train,COc1ccc2nc(N[C@H]3CCC[C@@H](C3)NCc4ccsc4)cc(C)c2c1,2.41,2.3269808032014585,-0.08301919679854164
1732,train,CNC(=O)c1ccc(Oc2ccc3CCN(CCc3c2)C4CCC4)nc1,1.45,1.3226973982199257,-0.12730260178007424
4159,train,COc1ccc(cc1N2CC(=O)NS2(=O)=O)c3ccccc3,-1.01,-0.9941739772744591,0.0158260227255409
196,train,Cc1cccc(CN2CCN(CC2)C(c3ccccc3)c4ccc(Cl)cc4)c1,3.39,3.3778966388988003,-0.012103361101199805
3367,train,CCOC(=O)c1ccc(COC2CN(C2)c3ccc(C)nn3)cc1,2.5,2.7108836490309622,0.21088364903096224
3988,train,OCC1=CC2=NNC(=O)N2c3cc(ccc13)c4ccc[nH]4,2.19,2.471440437897504,0.28144043789750395
1012,train,CC(C)C(NC(=O)CN1C(=O)C(=CC=C1c2ccccc2)NC(=O)OCc3cc(C)nc(C)c3)C(=O)C(F)(F)F,2.38,2.5388414632186715,0.15884146321867165
1270,train,COc1cc(ccc1Cc2cn(C)c3ccc(NC(=O)CC4CCCC4)cc23)C(=O)O,2.0,2.297579413548305,0.2975794135483052
3931,train,CO[C@@H]1C[C@@H](N(Cc2cc3c(Nc4cccc(Cl)c4F)ncnc3cc2OC)C1)C(=O)N,3.09,3.6414195321605694,0.5514195321605695
3258,train,O=C(NCC#N)[C@@H]1CCCC[C@H]1C(=O)N2CCN(CC2)c3ccc(cc3)C#N,1.79,2.043344138767647,0.25334413876764694
4086,train,Nc1ccc(cc1)S(=O)(=O)Nc2ccccn2,-0.01,0.007183917872021439,0.01718391787202144
4147,train,COCCNCc1ccc(cc1)c2cc(C(=O)N)c(NC(=O)N)s2,0.87,0.920366609592407,0.05036660959240702
3125,train,OC(=O)c1ccccc1C2=C3C=CC(=O)C=C3Oc4cc(O)ccc24,0.0,0.5690872211635121,0.5690872211635121
1379,train,C[C@H](CO)Nc1nc(SCc2ccccc2)nc3NC(=O)Nc13,2.75,3.0484979191771986,0.2984979191771986
860,train,CN1C(=O)C=C(CCc2cccc(c2)c3ccccc3)N=C1N,3.8,4.252904456184751,0.4529044561847515
1467,train,CC1=NC(=C(NC1=O)c2ccc(CN3CCC(CC3)N4C(=O)Nc5ccccc45)cc2)c6ccccc6,3.9,4.161021519931343,0.26102151993134326
3948,train,COc1ccc2c(Oc3ccc(CC(=O)Nc4cn(C)nc4C)c(OC)c3)ccnc2c1,3.5,3.797754339857418,0.29775433985741806
30,train,CS(=O)(=O)C1(CC1)c2cc(nc(n2)c3cccc4[nH]ccc34)N5CC6CCC(C5)O6,2.6,2.7596911329075007,0.1596911329075006
2060,train,CN(C)C(=O)CC(NC(=O)C1(N)CCN(CC1)c2ncnc3[nH]ccc23)c4ccc(Cl)cc4,2.4,2.372480298487654,-0.02751970151234584
211,train,CN(C1CCN(C)CC1)c2nccc(Nc3cc(NC(=O)c4ccnc(c4)N5CCOCC5)ccc3C)n2,1.8,1.6380182904997607,-0.16198170950023938
4050,train,C[C@@H](NC(=O)C1CCNCC1)c2ccc(Nc3ncc4cc(ccc4n3)c5ccncc5)cc2,0.4,0.7937020487982027,0.3937020487982027
1029,train,C(=C\c1nn[nH]n1)/c2ccccc2,-0.4,-0.06312958008374725,0.3368704199162528
1011,train,NC(=O)c1cccc(O[C@@H]2C[C@H]3CC[C@@H](C2)N3CC4CC4)c1,0.07,0.3860668271623082,0.3160668271623082
247,train,Nc1cc(nc2ccc(Nc3cc(nc(N)n3)c4cccc(Cl)c4)cc12)c5ccc(F)cc5,2.5,2.527930907529395,0.0279309075293952
2884,train,CC(C)(C)OC(=O)N1CCN(CC1)c2ncc(OCc3ccncc3C#N)cn2,2.81,2.6693104652210793,-0.14068953477892077
1505,train,O=C1N2CCOC2=Nc3ccccc13,0.6,1.1723817837546444,0.5723817837546444
2581,train,CNCc1cccc(c1)c2ccc3c(nc(nc3n2)N4C[C@@H](C)O[C@@H](C)C4)N5CCOCC5,1.26,1.6066099670386071,0.34660996703860714
2209,train,Cc1ccc(cc1)S(=O)(=O)Nc2c(cnn2c3ccccc3)C(=O)NC4CCCCC4,0.8,1.1050238182375993,0.3050238182375993
1704,train,COC[C@H](N1CCN(C[C@@H]1C)C2(C)CCN(CC2)C(=O)c3c(C)ncnc3C)c4ccc(cc4)C(F)(F)F,2.7,2.813273864134199,0.11327386413419882
1475,train,CCC1(C(=O)NC(=O)NC1=O)c2ccccc2,0.05,-0.025427188972096282,-0.07542718897209628
2367,train,O=C(COCc1ccccc1)Nc2ccc3c(c2)C(=O)C(=O)c4ccccc34,3.21,3.2611487347313677,0.05114873473136772
3569,train,O=C(NCC#N)[C@@H]1CCCC[C@H]1C(=O)N2CCC=CC2,0.9,1.1985015754359694,0.29850157543596934
4182,train,NC1=NC(CC(=O)N1)c2ccc(Cl)c(Cl)c2,1.46,1.738053533655173,0.27805353365517305
1770,train,CC1=CC(=O)Oc2c3CCCNc3c(C)cc12,2.9,3.2224666833845927,0.32246668338459283
4161,train,CCCCNc1cc(cc(c1Oc2ccccc2)S(=O)(=O)N)C(=O)O,-0.3,-0.17691920523661642,0.12308079476338357
3383,train,O=S(=O)(N1CCOCC1)c2cccc(c2)c3cn4cccnc4n3,1.3,1.4564755181612954,0.15647551816129535
779,train,Cc1cccc(c1)N(Cc2cc(F)c(F)cc2F)C(=O)O[C@H]3CN4CCC3CC4,2.24,2.7263768303700435,0.4863768303700433
929,train,CNC(=O)c1cc(C(=O)c2ccc(Cl)cc2)c(Br)[nH]1,3.1,3.307390736077612,0.20739073607761194
2073,train,C[C@H](CO)Nc1nc(SCc2occc2)nc3NC(=O)Sc13,2.21,2.4665763243632597,0.2565763243632597
2887,train,Cc1ccc(cc1NC(=O)c2ccc(OCc3ccccn3)cc2)c4ncc(C)n4C,2.67,3.338684137023357,0.6686841370233569
144,train,Oc1ccc2C(=O)C=C(Oc2c1)N3CCOCC3,1.0,1.2750901318462904,0.2750901318462904
497,train,CCOc1ccc(Oc2ccc(cc2)S(=O)(=O)NC(=O)c3cccc(c3)c4ccc(Cl)c(Cl)c4)cc1,2.94,3.2109850567555407,0.27098505675554074
2230,train,O=C(Cc1ccccc1)Nc2nccs2,2.5,2.7628244338535497,0.2628244338535497
1175,train,C[S+]([O-])c1ccc(cc1)c2nc(c3ccc(F)cc3)c([nH]2)c4ccncc4,3.34,3.5630605907864643,0.22306059078646445
2631,train,Clc1ccc(NC(=O)N2CCN(C[C@H]3CN(CCO3)C4CC4)CC2)cc1Cl,3.32,3.441222197412926,0.12122219741292595
3405,train,Cc1cc(C)cc(c1)c2oc(SCC(=O)N3CCN(CC3)C(=O)c4occc4)nn2,3.0,3.2426793854956073,0.2426793854956073
1303,train,COc1cc2ncnc(Nc3cccc(Cl)c3F)c2cc1OC4CCN(CC(=O)N)CC4,3.1,3.4677148006253686,0.36771480062536854
1409,train,CC(=O)NC[C@H]1CN(C(=O)O1)c2ccc(c(F)c2)n3cc(nn3)C#N,0.8,1.120584905050408,0.32058490505040793
1684,train,CC(O)(C(=O)c1ccccc1)c2ccccc2,2.92,2.9179932116888714,-0.002006788311128549
3162,train,CN(C)C(=O)[C@H](O)[C@H](Cc1ccccc1)NC(=O)c2cc3cc(Cl)ccc3[nH]2,3.6,3.86524638164244,0.26524638164243974
249,train,C[C@H](NC(=O)c1c(C)nn(C2CCOC2)c1NS(=O)(=O)c3ccc(C)cc3)C(C)(C)C,0.78,0.6829736992538953,-0.09702630074610474
2202,train,OC(=O)[C@H](Cc1ccccc1F)N2CCC(CN3CCC(CC3)Oc4ccc(Cl)c(Cl)c4)CC2,2.58,2.738597249760887,0.15859724976088696
1689,train,CN1CCC[C@H]1CCN2CCCc3cc(NC(=N)c4cccs4)ccc23,0.37,0.2716216377234295,-0.09837836227657049
3195,train,Oc1cccc(c1)c2nc3ccc(O)cc3s2,3.7,3.834059735762895,0.13405973576289476
3445,train,OCC(=O)N1CCC[C@H]1COc2cccc3ncnc(Nc4ccc(OCc5ccccn5)c(Cl)c4)c23,3.62,3.9211821333025503,0.30118213330255017
2304,train,CCOc1cc2nnc(C(=O)N)c(Nc3cc(C)ccc3F)c2cc1N4CCN(C)CC4,3.02,2.8726463049532054,-0.14735369504679463
1970,train,Cc1ccc(Oc2ccc(cc2)C(=O)NCc3ccncc3)cc1,3.65,3.750936930872704,0.10093693087270417
3899,train,NC(=O)C1CCN(CC(=O)Nc2ccc3OCOc3c2)CC1,0.4,0.7224383801584335,0.3224383801584335
2713,train,COc1ccccc1CNC(=O)c2ccc3cnccc3n2,1.8,2.174590479329541,0.37459047932954115
1946,train,CC(C(=O)O)c1cccc(c1)C(=O)c2ccccc2,-0.12,0.013920545624309,0.133920545624309
225,train,CCCNC[C@@H](O)COc1ccccc1C(=O)CCc2ccccc2,1.56,1.9499369342361659,0.3899369342361658
1547,train,Clc1ccc2[nH]ncc2c1,2.44,2.4806508089331163,0.040650808933116345
2144,train,CC1(C)CC(=O)c2c(N)c3ccccc3nc2C1,3.0,3.290353292472517,0.29035329247251696
3396,train,CN(C(=O)C)c1ccc(Nc2ncc3cc(ccc3n2)c4ccncc4)cc1,2.88,3.1163453534202477,0.23634535342024776
3895,train,COc1cc2c(Nc3ccc(NC(=O)c4ccccc4)cc3)ncnc2cc1OCCCN5CCOCC5,3.5,3.6173648763976427,0.1173648763976427
3764,train,N#Cc1cccc(c1)c2onc(n2)c3ccccn3,2.2,2.1809576564921995,-0.019042343507800652
3303,train,Cc1ccc(cc1NC(=O)c2ccc(OCc3ccccn3)cc2)c4c[nH]cn4,2.81,3.1753453440996946,0.36534534409969455
3216,train,CCN(C1CCN(CCC(c2ccccc2)c3ccc(NC(=O)C(C)(C)C)cc3)CC1)C(=O)Cc4ccc(cc4)S(=O)(=O)C,2.98,2.740214838373996,-0.23978516162600405
1543,train,Nc1ncnc2[nH]ccc12,1.78,2.054107662301597,0.2741076623015968
2940,train,Oc1cccc(NC(=O)c2ccc(OCCCN3CCCC3)cc2OCc4cccnc4)c1,1.59,1.8694553956859585,0.27945539568595845
2074,train,Clc1ccc(CNc2nc(nc3ncccc23)N4CCN(CC4)C(=O)[C@@H]5CCCN5)c(Cl)c1,2.41,2.8482499896114506,0.43824998961145045
1541,train,CS(=O)(=O)c1ccc2C(=CNC(=O)c2c1)C(=O)NC[C@@H](O)CN3CCC(CC3)Oc4ccc(C#N)c(Cl)c4,1.41,1.762776185573701,0.35277618557370105
4023,train,CN(C)CCCOc1nn(Cc2ccccc2)c3ccccc13,2.4,2.608939065857758,0.2089390658577579
917,train,CN1CCOc2nc(ccc12)C#Cc3ccccc3,3.8,3.816740695855894,0.016740695855894216
4065,train,Cc1cccc(Nc2ncnc3ccccc23)c1,3.21,3.547252890374552,0.3372528903745522
109,train,Nc1nc(Nc2cccc(Br)c2)c3nc[nH]c3n1,3.04,3.2868417229828264,0.24684172298282636
4045,train,CC(C)(C)OC(=O)N1CCN(CC1)c2ncc(OCc3ccncc3S(=O)(=O)C)cn2,2.4,2.541220214731005,0.1412202147310051
2472,train,CCCNC(=O)c1nnc2c(cccc2c1N)c3ncccn3,1.86,2.032157606415189,0.17215760641518885
2458,train,Nc1cc(nc2c(cnn12)C#N)c3ccc(F)cc3,2.23,2.5473431273396865,0.3173431273396865
725,train,CCC(C)(C)C(=O)O[C@H]1C[C@@H](C)C=C2C=C[C@H](C)[C@H](CC[C@@H]3C[C@@H](O)CC(=O)O3)[C@@H]12,3.7,3.331805771502065,-0.36819422849793515
2381,train,CC(C)(CO)Nc1nc(SCc2cccc(F)c2F)nc3nc(N)sc13,3.37,3.8730385618570082,0.5030385618570081
2356,train,CC1=CC(=O)Nc2ccccc12,1.9,2.5155926022123682,0.6155926022123683
3295,train,C[C@H](CO)Nc1nc(SCc2cccc(Cl)c2F)nc3NC(=O)Sc13,3.53,3.515426870550791,-0.014573129449208633
1810,train,Cc1sc(CN2CCNCC2)cc1C(=O)NCC34CC5CC(CC(C5)C3)C4,2.55,2.3013847401658256,-0.2486152598341742
726,train,C[C@H]1CN(Cc2cc(Cl)ccc2OCC(=O)O)CCN1C(=O)Cc3ccccc3Cl,1.1,1.2503378458200156,0.15033784582001553
1169,train,CCn1cnc(c2ccccc2)c1c3nc4c(N)ncnc4s3,2.97,3.3142048461799107,0.34420484617991054
1939,train,CC(=O)Nc1ccc2ccn(c3cc(NCCCN4CCCC4)n5ncc(C#N)c5n3)c2c1,1.87,1.995648683819098,0.125648683819098
3746,train,COc1cc(F)ccc1c2cncc(c2)C3CCCN3,1.1,1.594347770783672,0.49434777078367187
850,train,CCC(CC)NC(=O)c1cnn(c1NS(=O)(=O)c2ccc(C)cc2)c3ccccc3,0.79,0.899032943147134,0.10903294314713396
1034,train,O[C@H]([C@H](Cc1ccccc1)NC(=O)c2cc3cc(Cl)ccc3[nH]2)C(=O)N4C[C@@H](O)[C@@H](O)C4,2.8,2.798954012766114,-0.0010459872338857146
2448,train,Oc1ccc(CCNCCCS(=O)(=O)NCCOCCSc2ccccc2)c3sc(O)nc13,1.84,1.8100695472401545,-0.029930452759845627
686,train,COc1c(N2CCO[C@@H](CN(C)C)C2)c(F)cc3C(=O)C(=CN(C4CC4)c13)C(=O)O,-0.62,-0.3393047195088803,0.2806952804911197
1622,train,COc1ccc(\C=C/2\CCc3ccccc3C2=O)cc1CN4CCOCC4,3.8,3.6100811018267116,-0.18991889817328822
3050,train,COc1cc2c(Nc3ncc(NC(=O)c4ccccc4)cn3)ncnc2cc1OCCCN5CCOCC5,2.32,2.5512968594004537,0.23129685940045386
2903,train,COc1cc(ccc1Nc2ncc(Cl)c(n2)c3cnc4cc(ccn34)C#N)N5CCN(CC5)C(=O)C,2.3,2.6125998177825447,0.31259981778254486
2290,train,COc1cc(ccc1Nc2ncc(Cl)c(n2)c3cnc4ccccn34)N5CC6CNCC(C5)O6,2.3,2.9434971921555544,0.6434971921555546
3294,train,CCCN(CCCOCCOCCc1ccccc1)CCc2ccc(O)c3nc(O)sc23,2.74,2.9427381253273652,0.20273812532736502
3254,train,Cc1cnc(Oc2ccc(cc2)n3ccnc3)nc1Oc4ccc5OCOc5c4,3.56,3.736615995329945,0.1766159953299451
385,train,CN1CCCC(CN2CCN(CC2)C(=O)Nc3ccc(Cl)c(Cl)c3)C1,1.98,2.2094552973363117,0.22945529733631176
2245,train,CCn1c2ccccc2c3cc(NC(=O)C(C)C)ccc13,4.2,4.286931061482807,0.08693106148280716
2594,train,Oc1ccc(CCNCCS(=O)(=O)CCCOCCNc2ccccc2)c3sc(O)nc13,1.98,2.0923810159355556,0.1123810159355556
4132,train,COC(=O)Nc1nc2ccc(cc2[nH]1)C(=O)c3ccccc3,2.9,3.0658354623319637,0.16583546233196378
1588,train,O=C(Nc1oc(nn1)C(=O)Nc2ccc(cc2)N3CCOCC3)c4ccccc4,1.02,1.2322097224932134,0.21220972249321335
3071,train,Cc1cc(Oc2ccnc(Nc3ccc(cc3)S(=O)(=O)N)c2)c(nc1C)c4ccccn4,2.34,2.750607014012637,0.410607014012637
402,train,Cc1c(Sc2ccc(Cl)cc2)c3c(Cl)nccc3n1CC(=O)O,0.92,1.275400205802959,0.35540020580295895
3186,train,Clc1ccc(OC2CCNCC2)cc1C(=O)NCC34CC5CC(CC(C5)C3)C4,1.83,1.7520981130736142,-0.07790188692638589
1255,train,C[C@H](NC(=O)c1c(C)nn(c1NS(=O)(=O)c2ccc(cc2)C#N)c3ccc(F)cc3)C(C)(C)C,0.45,0.4865701085243419,0.03657010852434189
621,train,C[C@H]1CN(CCN1c2ncc(OCc3ccc(cc3)S(=O)(=O)C)cn2)C(=O)OC(C)(C)C,3.5,3.8595164462138065,0.3595164462138065
1428,train,Cc1c(Sc2ccc(Cl)cc2)c3cc(ccc3n1CC(=O)O)S(=O)(=O)C,0.54,0.7314964427219737,0.19149644272197364
2102,train,O[C@@H](CNCCSCCCNCCc1cccc(Cl)c1)c2ccc(O)c3NC(=O)Sc23,0.98,1.2352819844051353,0.2552819844051353
1906,train,CNCC[C@@H](Oc1cc(OC)ccc1C#N)c2ccccc2,0.87,0.8653263862127445,-0.004673613787255504
4169,train,CCC(CC)NC(=O)c1cnn(Cc2ccccc2)c1NS(=O)(=O)c3ccc(C)cc3,1.52,1.8085748678958833,0.28857486789588327
3794,train,COc1cnc(nc1N2CCOCC2)c3ccccn3,1.52,1.6525786118104646,0.1325786118104646
696,train,CN1C(=O)N(CC2CC2)c3nn(Cc4ccnc5ccc(Cl)cc45)c(c6cc(oc6C)C#N)c3C1=O,4.26,4.249587604466451,-0.010412395533548668
665,train,CCCc1cc(Nc2nc(NCc3onc(C)c3)ncc2Br)n[nH]1,3.63,3.669447326710922,0.039447326710922326
1786,train,CC(=O)N1CCN(CC1)c2ccc(OCC3COC(Cn4ccnc4)(O3)c5ccc(Cl)cc5Cl)cc2,3.7,3.701376849076863,0.0013768490768626407
1287,train,CC1=CN([C@H]2CCCN(C2)S(=O)(=O)c3ccc(O)c(Oc4cccc(Br)c4)c3)C(=O)NC1=O,2.3,2.5210037541477885,0.22100375414778872
2624,train,CCN1CCN(Cc2cnc(c(Cl)c2)c3ccc(cc3)C(=O)Nc4ccccc4N)CC1,1.81,2.0091431530081216,0.19914315300812158
4151,train,Cc1cc(n[nH]1)c2ccc(Cl)c(c2)C(=O)NCC3(O)CCCCCC3,3.41,3.6439076407583197,0.2339076407583196
1153,train,COc1cc(OC)c(cc1NC(=O)Cc2ccnc(F)c2)S(=O)(=O)N3c4ccccc4Oc5ccccc35,3.37,3.5845925889187065,0.21459258891870636
3276,train,CC[C@@H](N1CCC[C@@H](C1)N2C=C(C)C(=O)NC2=O)c3ccc(C(=O)O)c(Oc4cccc(Cl)c4)c3,0.22,0.5352671872799457,0.31526718727994574
3439,train,CN1CCCC(CC1)N2N=C(Cc3ccc(Cl)cc3)c4ccccc4C2=O,2.46,2.83349878127987,0.37349878127987024
2618,train,Cc1ccccc1S(=O)(=O)NC(=O)N2CCC(CC2)N3CCC(CC3)Oc4ccc(Cl)c(Cl)c4,1.71,1.8615754696011346,0.15157546960113466
3372,train,Oc1ncnc2onc(c3ccc(F)cc3)c12,1.97,2.1169246389937,0.14692463899370023
3013,train,COc1cc2nnc(C(=O)N)c(Nc3cc(C)ccc3F)c2cc1N4CCN(C)CC4,2.57,2.7302854607643865,0.16028546076438666
951,train,COc1ccc(cc1)c2ccnc(N)n2,2.08,2.1006116589751267,0.020611658975126623
1190,train,CCC(CC)NC(=O)c1nnn(c1NS(=O)(=O)c2ccc(C)cc2)c3ccccc3,0.46,0.5458442508396026,0.08584425083960262
1893,train,COC(=O)c1ccc(CC(=O)N(C)C2CCN(CCC(c3ccccc3)c4ccccc4)CC2)cc1,4.0,4.243864896868976,0.24386489686897583
511,train,CN1CC=CCC(C1)c2oc3ccccc3c2,2.47,2.3789058042477556,-0.09109419575224464
3346,train,CC1=CC2=NNC(=O)N2c3cc(ccc13)c4ccncc4,2.29,2.763864301922218,0.4738643019222182
1100,train,CCN(CC)S(=O)(=O)c1ccc(cc1)c2cc(ccc2OCC(=O)O)C(F)(F)F,0.67,0.48923558809870427,-0.18076441190129577
3280,train,CC(C)N1CCN[C@@H](CN2CCN(CC2)C(=O)Nc3ccc(Cl)c(Cl)c3)C1,1.92,2.2660143726380735,0.34601437263807355
3473,train,CCC(N(CCCN)C(=O)c1ccc(C)nc1)C2=Nc3ccsc3C(=O)N2Cc4ccccc4,2.56,2.5220975779760497,-0.03790242202395033
3620,train,OCC(CO)CN1C(=O)C(Cc2ccccc12)NC(=O)c3cc4cc(Cl)ccc4[nH]3,3.64,3.8007035840830348,0.16070358408303465
2222,train,C[C@H](O)C(=O)N1CCN(CC1)c2ccc(Nc3nccc(n3)c4cnc(C)n4C(C)C)cc2,2.15,2.675005779338467,0.5250057793384673
4117,train,NS(=O)(=O)c1ccc2NC(C3CC=CC3c2c1)c4cccc5ccccc45,1.9,1.8341077596871973,-0.06589224031280261
3205,train,C[C@](N)(Cc1ccccc1)c2ccccc2,1.7,2.0244132383037297,0.3244132383037297
2820,train,Clc1cccc(c1)c2cnc3ccc(NC4CCOCC4)nn23,4.3,4.672477163760819,0.3724771637608191
2237,train,COc1cc(cc(OC)c1OC)C(=O)N2CC[C@@](CCN3CCC(CC3)(C(=O)N)c4ccccc4)(C2)c5ccc(Cl)c(Cl)c5,3.23,3.2846360780267214,0.054636078026721435
3486,train,CCCSc1c(cnn1C)C(=O)NC2CCCCC2,2.99,3.4384587084480644,0.44845870844806424
634,train,OCCNCc1cc(Br)ccc1OCc2ccc(Cl)cc2,2.98,3.1163281511820924,0.1363281511820924
1733,train,CC(C)(C)OC(=O)N1CCN(CC1)c2ccc(OCc3ccc(cc3)S(=O)(=O)C)cn2,3.2,3.2648668033572363,0.06486680335723616
3722,train,Cc1cc(C)nc(N)c1,0.85,0.7042171623663194,-0.1457828376336806
1168,train,CNCCC(Oc1ccc(cc1)C(F)(F)F)c2ccccc2,1.92,1.8626558135242866,-0.05734418647571338
3661,train,COc1ccc(C)c(NC(=O)CC23CC4CC(CC(C4)C2)C3)c1,3.96,4.144575023801708,0.18457502380170787
98,train,COc1ccc(Cc2c(N)n[nH]c2N)cc1,0.2,0.1874520983249699,-0.012547901675030115
1657,train,COc1cccc(c1)C(COCc2cc(cc(c2)C(F)(F)F)C(F)(F)F)N3CCNCC3,3.1,3.133853256555402,0.033853256555401945
4163,train,Cc1nc(cs1)C(=O)N2CCCC3(CCN(Cc4ccc(Cl)cc4)CC3)C2,0.64,0.7442005124347391,0.10420051243473905
3283,train,CC(C)C[C@H](N[C@@H](c1ccc(cc1)c2ccc(cc2)S(=O)(=O)C)C(F)(F)F)C(=O)NCC#N,3.24,3.424826585214641,0.1848265852146409
2261,train,O=C1N(C(=Nc2c1cnn2c3ccccc3)c4occc4)c5ccccc5,3.29,3.1987889590165435,-0.09121104098345656
3990,train,Clc1ccc(CNc2nc(nc3ncccc23)N4CCN(CC4)C(=O)[C@H]5CCCCN5)c(Cl)c1,2.27,2.7665796173924133,0.4965796173924133
2498,train,CCSc1ccc(cc1)c2cc(ccc2OCC(=O)O)C(F)(F)F,1.54,1.326552072854676,-0.213447927145324
954,train,COc1cc2nnc(C(=O)N)c(Nc3cccc(Cl)c3F)c2cc1N4CCN(C)CC4,2.35,2.520813011683535,0.1708130116835349
3647,train,Cc1cccc(Br)c1C(=O)N[C@@H](Cc2ccc(NC(=O)c3c(Cl)cccc3Cl)cc2)C(=O)O,-0.13,-0.05325058045730735,0.07674941954269265
255,train,CS(=O)(=O)c1ccc(cc1)c2cnc(N)c(c2)c3ccc(nc3)C(F)(F)F,2.4,2.368497763519723,-0.031502236480276835
2036,train,OC(=O)[C@H](Cc1cccc(c1)C#N)N2CCC(CN3CCC(CC3)Oc4ccc(Cl)c(Cl)c4)CC2,2.26,2.757186436437243,0.49718643643724336
94,train,CCN1CCN(CC1)c2ccc(Nc3cc(ncn3)N(C)C(=O)Nc4c(Cl)c(OC)cc(OC)c4Cl)cc2,3.7,3.782988459028587,0.08298845902858698
1920,train,COc1cc2ncc(C(=O)N)c(Nc3cc(C)ccc3F)c2cc1OC,3.16,3.192331759216815,0.03233175921681486
2129,train,O=C(C1CCN(CC1)c2nnc(s2)n3cccc3)N4CCN(Cc5ccc6OCOc6c5)CC4,2.5,2.6275770765335844,0.1275770765335844
1263,train,CN1C=C(C(=O)NC[C@@H](O)CN2CCC(CC2)Oc3ccc(Cl)c(Cl)c3)C(=CC1=O)C(F)(F)F,2.76,2.8245772524469004,0.0645772524469006
2907,train,NCC[C@@H](Oc1nc(ccc1C#N)C(F)(F)F)c2oncc2,-0.49,-0.44107778624871097,0.04892221375128902
2021,train,CNc1nc(C)c(s1)c2nc(Nc3cccc(c3)N4CCCNCC4)ncc2C#N,1.64,1.7429554126072166,0.10295541260721675
3057,train,CN1CCN(CC1)c2ccc3nc([nH]c3c2)C4=C(N)c5c(F)cccc5NC4=O,3.45,3.633921380117499,0.18392138011749903
1164,train,Cn1cncc1c2c3C(=O)N(CC#CCO)C(=O)N(CC4CC4)c3nn2Cc5ccnc6ccc(Cl)cc56,2.55,3.023639311754593,0.4736393117545932
3021,train,CCC(CC)NC(=O)c1cnn(c1NS(=O)(=O)c2ccc(cc2)c3ocnc3)c4ccccc4,0.8,0.9720735740770408,0.17207357407704071
1941,train,Cc1[nH]c(C(=O)NC2CCN(CC2)c3nc(cs3)C(=O)O)c(Cl)c1Cl,0.14,0.3600408527294112,0.2200408527294112
3023,train,COc1nccnc1NS(=O)(=O)c2ccc(N)cc2,-0.65,-0.5786612870163346,0.07133871298366545
3141,train,COC[C@@H](O)CN1C(=O)C=NN(C1=O)c2ccc(Cl)c(c2)C(=O)NCC3(O)CCCCCC3,1.44,2.037580756550331,0.597580756550331
700,train,CN(c1ccc(c(C)c1)c2cc(ccc2OCC(=O)O)C(F)(F)F)S(=O)(=O)C,-0.59,-0.47517406783912763,0.11482593216087233
1750,train,Cc1cc(c(S)cc1Cl)S(=O)(=O)Nc2nc(Nc3ccc(Cl)cc3)n[nH]2,2.09,2.2033249762006935,0.1133249762006936
403,train,Brc1ccc2OCC(=O)N(CCN3CCC(CC3)NCc4ccc5OCC(=O)Nc5n4)c2c1,1.42,1.6172803780376668,0.19728037803766685
1025,train,CC1=CN([C@H]2CCCN(C2)S(=O)(=O)c3ccc(O)c(Oc4ccc(Cl)cc4)c3)C(=O)NC1=O,2.12,1.9969011585412724,-0.12309884145872774
1321,train,CCS(=O)(=O)c1ccc(c2cc(Cl)ccc2OCC(=O)O)c(c1)C(F)(F)F,0.62,0.6564036136914413,0.036403613691441294
542,train,COc1cc(ccc1Nc2ncc(Cl)c(n2)c3cnc4cc(ccn34)N5CCCC5)N6CCN(CC6)C(=O)C,3.5,3.4747931602347952,-0.02520683976520477
2527,train,CCN(C1CCN(CCC(c2ccccc2)c3ccccc3)CC1)C(=O)NCc4ccc(cc4)S(=O)(=O)C,2.86,3.0590478060917023,0.19904780609170247
4059,train,CN(C)C(=O)C(CCN1CCC(O)(CC1)c2ccc(Cl)cc2)(c3ccccc3)c4ccccc4,3.47,3.276600536737071,-0.19339946326292923
3305,train,COc1cc(\C=C/2\SC(=O)NC2=O)cc(OC)c1O,0.74,0.8905343147152052,0.15053431471520518
2244,train,OC1=C(C(=O)Nc2cc(Cl)ccc12)c3cccc(Oc4ccccc4)c3,2.96,3.2144680763121585,0.2544680763121585
868,train,CCCNCC(O)COc1ccccc1C(=O)CCc2ccccc2,1.72,1.923654733188726,0.20365473318872596
4136,train,CC(=O)C1=Cc2ccc(O)cc2OC1=O,0.87,1.257273961712258,0.3872739617122579
627,train,Nc1c(nnc2c(c(F)ccc12)c3ncccn3)C(=O)NC4CC4,1.59,1.661326817252271,0.07132681725227097
3178,train,COc1ccc(cc1)C2=COc3cc(O)ccc3C2=O,3.05,3.2993969716520533,0.24939697165205343
429,train,CS(=O)(=O)c1cccc(Nc2nccc(Nc3c(Cl)ccc4OCOc34)n2)c1,3.13,3.361765059372709,0.2317650593727092
3304,train,ONC(=O)[C@@H](Cc1ccc2ccccc2c1)NS(=O)(=O)c3ccc4ccccc4c3,3.23,2.94762789766222,-0.2823721023377801
4020,train,CC(C)c1ccc(Sc2cnc(O)c(c2)C(=O)NCc3ccccc3)cc1,3.7,3.870956657370324,0.17095665737032384
836,train,Cc1c(Cl)ccc(OC2CCN(C[C@H](O)CNC(=O)c3c[nH]nc3C(F)(F)F)CC2)c1Cl,3.66,3.805980768167945,0.14598076816794503
3324,train,Cc1cnc([nH]1)c2cc(NC(=O)c3ccc(nc3C)C(F)(F)F)ccc2Cl,3.3,3.3627342392526542,0.06273423925265442
2017,train,COC(=O)CCn1cc(c2cc(NC3CC3)n4ncc(C#N)c4n2)c5cc(NC(=O)C)ccc15,2.72,2.5288302304212005,-0.19116976957879972
3421,train,CNC(=O)c1ccc(Nc2ncc(F)c(n2)c3cnc(C)n3C(C)C)cc1,3.0,3.123845746090977,0.1238457460909772
145,train,Oc1nc(nc2CCSCc12)c3ccc(cc3)C(F)(F)F,3.07,2.9936019633074453,-0.07639803669255452
1693,train,COc1ccccc1CCNCc2cccc(CCNC[C@H](O)c3ccc(O)c4NC(=O)Sc34)c2,0.82,0.9901972161485251,0.17019721614852512
1462,train,CC(C)n1c(C)ncc1c2nc(Nc3ccc(cc3)N4CCOCC4)ncc2F,3.01,3.315765551761808,0.3057655517618083
1845,train,CCN(CC)C(=O)c1ccc(cc1)[C@@H](N2CCN(Cc3ccc(F)cc3)CC2)c4cccc(NC(=O)C5CC5)c4,3.99,3.9588942097079522,-0.031105790292047963
2679,train,COc1ccc(cc1)N2Sc3ccccc3C2=O,3.02,3.121414665081061,0.101414665081061
2499,train,COc1ccc(CN2C(=O)CCC2(C)C(=O)NC3CCCCC3)c(OC)c1,2.38,2.482268939633562,0.1022689396335621
1550,train,NC(=O)C[S+]([O-])C(c1ccccc1)c2ccccc2,1.12,1.284443379034314,0.16444337903431383
963,train,O[C@@H](CNCCCOCCNCCc1cccc(Cl)c1)c2ccc(O)c3NC(=O)Sc23,-0.03,0.16602157894218283,0.19602157894218283
2350,train,CS(=O)(=O)Nc1cc(Nc2nccc(Nc3c(Cl)ccc4OCOc34)n2)cc(c1)C(=O)N,2.28,2.3939267190989884,0.11392671909898855
2630,train,CNc1nc(C)c(s1)c2nc(Nc3cccc(c3)N4CCNCC4)ncc2C#N,1.9,1.900327106892381,0.0003271068923811349
2668,train,NC(=O)Nc1sc(cc1C(=O)N[C@H]2CCCNC2)c3ccsc3,1.06,1.0702921380101034,0.010292138010103313
2088,train,Oc1ccc(Cl)cc1C(=O)Nc2ccc(F)cc2F,3.6,3.8154226285659627,0.21542262856596261
185,train,CC[C@H](NC(=O)c1c(c(nc2ccccc12)c3ccccc3)S(=O)(=O)C)c4ccccc4,3.17,2.882252453953439,-0.28774754604656083
358,train,CC(CN(C)C)CN1c2ccccc2CCc3ccccc13,2.95,2.8541757992644596,-0.09582420073554054
1003,train,C(Sc1nc2cccnc2[nH]1)c3ccccc3,3.22,3.4072090358808236,0.18720903588082338
3767,train,OC1=NC(=O)C(N1)(c2ccccc2)c3ccccc3,2.41,2.815524538478417,0.40552453847841674
106,train,COc1cc2ncc(C(=O)N)c(Nc3ccc(F)cc3F)c2cc1N4CCN(C)CC4,2.18,2.6615876360464696,0.4815876360464695
2976,train,NC1=NC(=CC(=O)N1)CCc2cccc(Br)c2,2.52,2.7148794832082235,0.19487948320822346
3436,train,OC(=O)COc1cccc(c1)C(=O)N2CCC(CC2)N3CCC(CC3)Oc4ccc(Cl)c(Cl)c4,1.09,1.2284910756408527,0.1384910756408526
695,train,C[C@@H](O)[C@@H]1[C@H]2[C@@H](C)C(=C(N2C1=O)C(=O)OCOC(=O)C(C)(C)C)SC3CN(C3)C4=NCCS4,2.1,2.25567044277241,0.15567044277241004
81,train,COC(=O)c1ccc(C)c(NS(=O)(=O)c2ccc3N(C)SC(=O)c3c2)c1,2.6,2.538876084529917,-0.06112391547008311
4198,train,Clc1ccc2ncccc2c1C(=O)NCC3CCCCC3,2.65,2.7700781767860203,0.1200781767860204
3252,train,CCC(N(CCCN)C(=O)c1ccc(C)cc1)C2=Nc3ncccc3C(=O)N2Cc4ccccc4,-0.04,0.6279891301741478,0.6679891301741478
115,train,COc1ccc(OC)c(CNC(=O)c2cccnc2Oc3ccccc3)c1,3.52,3.527105889248762,0.007105889248761876
4062,train,CCS(=O)(=O)c1ccc(cc1)c2cc(Cl)ccc2OCC(=O)O,-0.78,-0.7334152234823561,0.04658477651764392
2663,train,CCOC(=O)C1=Cc2ccc(O)cc2OC1=O,1.2,1.3315110878120218,0.1315110878120218
1719,train,CC[C@@]1(O)C(=O)OCC2=C1C=C3N(Cc4cc5c(CN(C)C)c(O)ccc5nc34)C2=O,0.31,0.4339911062105233,0.12399110621052328
2883,train,O=C(CSC1=NC2=C(SCC2)C(=O)N1c3ccccc3)Nc4ncc(s4)c5ccccc5,3.95,4.406161942487868,0.456161942487868
2977,train,COc1ccc(C[C@@H](C)NC[C@H](O)c2ccc(O)c(NC=O)c2)cc1,0.42,0.4833181627298382,0.0633181627298382
2671,train,CCN1N(C2CCCC2)c3nc(Nc4ccc(cc4OC)C(=O)NC5CCN(C)CC5)ncc3N(C)C1=O,2.75,2.974182515665996,0.224182515665996
27,train,C(CCCCNc1cc(nc2ccccc12)c3ccccc3)CCCNc4cc(nc5ccccc45)c6ccccc6,2.27,2.6810544259820026,0.4110544259820026
163,train,CC(C)(C#N)c1cnc(s1)N2CCN(CC2)C(=O)[C@@H]3CCCC[C@H]3C(=O)NC4(CC4)C#N,1.9,1.8398525844480158,-0.06014741555198411
3260,train,COCCC(Oc1ncnc2c1cnn2c3ccccc3C(F)(F)F)C(=O)Nc4ccc(C)cn4,3.5,3.344495891500696,-0.15550410849930385
2395,train,OC(=O)CCc1ccc(OCc2cccc(Br)c2)cc1,1.67,1.7706240200881842,0.10062402008818427
1452,train,C(Cc1nc2ccccc2[nH]1)c3nc4ccccc4[nH]3,3.3,3.436318547642249,0.13631854764224904
1874,train,CCOc1ccccc1c2ccc(cc2)c3nc4ccc(F)cc4c(C(=O)O)c3C,1.18,1.3052499920315626,0.12524999203156262
3704,train,CN1C[C@@H](c2ccccc2)c3cccc(N)c3C1,2.11,2.2232904864861123,0.1132904864861124
1956,train,CC(C)(C)OC(=O)NCCCSC[C@H]1O[C@H]([C@H](O)[C@@H]1O)n2cnc3c(N)ncnc23,1.2,1.7853663381874407,0.5853663381874408
422,train,CC(C)NCC(O)COc1ccccc1OCC=C,0.2,-0.12450210634073144,-0.32450210634073146
2628,train,COc1cc(ccc1Nc2ncc(Cl)c(n2)c3cnc4cc(CO)ccn34)N5CCN(CC5)C(=O)C,3.1,3.110817580429097,0.010817580429097085
1694,train,Cn1c(C(=O)O)c(CCCOc2cccc3ccccc23)c4ccccc14,2.99,3.1341432371414513,0.14414323714145105
3575,train,C[C@H](CO)Nc1nc(SCc2cccc(F)c2F)nc3nc(N)sc13,3.29,3.4637707177191968,0.17377071771919672
100,train,CC1=CN([C@H]2CCCN(C2)S(=O)(=O)c3ccc(O)c(Oc4ccccc4)c3)C(=O)NC1=O,1.49,1.6887378609699315,0.1987378609699315
1958,train,Nc1scc2C(=NN(C(=O)c12)c3ccc(F)cc3)C(=O)NC4CC4,2.8,2.9419985736433025,0.1419985736433027
631,train,COc1c2OC(=O)C=Cc2cc3ccoc13,1.97,1.96181321851601,-0.008186781483989991
644,train,C[C@H]1COc2c(N3CCN(C)CC3)c(F)cc4C(=O)C(=CN1c24)C(=O)O,-0.35,-0.3920548768645151,-0.042054876864515145
1977,train,NCCCCN(Cc1nc2ccccc2[nH]1)C3CCCc4cccnc34,0.83,0.6650243924699364,-0.16497560753006357
162,train,O=C(Oc1ccccc1)N2CCOCC2,1.3,1.4726188067738624,0.17261880677386232
2391,train,COCCOCCOc1ccc(cc1)c2cc(C(=O)N)c(NC(=O)N)s2,2.21,2.1748454049344756,-0.03515459506552432
2004,train,Cc1cc(C)cc(c1)c2[nH]c3ccc(cc3c2CCNCCCCc4ccncc4)C(C)(C)C(=O)N5C6CCC5CC6,4.3,4.733123003873201,0.43312300387320146
1631,train,Cc1cc(N)nc(CCNC(=O)c2ccc(cc2)C#N)c1,1.62,1.6665691631910013,0.04656916319100124
2369,train,CNS(=O)(=O)Cc1ccc2[nH]cc(CCN(C)C)c2c1,-0.96,-0.7754632757993045,0.18453672420069545
1083,train,CNC(=O)c1cc(sc1NC(=O)N)c2ccccc2,3.19,3.305665235945318,0.11566523594531786
1358,train,COc1ccc(Nc2nccc(n2)c3cnc(C)n3C(C)C)cc1,3.43,3.843126905393694,0.4131269053936939
3017,train,Oc1cccc(NC(=O)c2ccc(OCCCN3CCCC3)cc2OCc4cscn4)c1,1.56,1.8308152657598986,0.27081526575989856
625,train,CC(O)(C(=O)Nc1ccc2c(c1)c3ccccc3S2(=O)=O)C(F)(F)F,3.0,3.0222720229344775,0.022272022934477498
931,train,Oc1ccc(Nc2nc(cs2)c3ccc(cc3)C#N)cc1,4.1,3.8500751640422815,-0.2499248359577182
2277,train,NC(=O)c1cccc(N[C@H]2C[C@H]3CC[C@@H](C2)N3Cc4ccccc4)c1,1.01,1.0462970395759166,0.03629703957591657
1560,train,CC(C)CN1C(=O)N(C)C(=O)c2c1sc(Cc3ccnc4ccccc34)c2C(=O)N5C[C@@H](O)[C@@H](O)C5,1.18,1.2007407575286464,0.02074075752864646
2390,train,COc1ccc2N=CC(=O)N(CCN3CC[C@@H](NCc4cc5OCCOc5cn4)[C@H](O)C3)c2c1,0.9,0.757133704395206,-0.14286629560479402
3788,train,CCN1C2=NC(=O)N(C)C(=O)C2=Cc3ccccc13,1.1,1.710982812367576,0.610982812367576
2637,train,c1ccc(cc1)c2c[nH]c(n2)c3ccccc3,3.8,3.8214929948421275,0.021492994842127633
914,train,Cc1ccc(OC(=O)N2CCN3CCC2CC3)cc1,1.02,1.003842855426213,-0.01615714457378692
2125,train,COc1cccc(c1)S(=O)(=O)c2c(C)n(CC(=O)O)c3ccc(C)cc23,-0.42,-0.11520465800924606,0.3047953419907539
984,train,CN[C@@H](C)C(=O)N[C@@H](C1CCCCC1)C(=O)N[C@H]2CCN(Cc3ccccc3)C2,1.49,1.625760611639299,0.1357606116392991
2168,train,Fc1ccc(cc1Cl)C(=O)Nc2ccc(Cl)nc2,3.64,3.8210834659287283,0.18108346592872815
2460,train,C[C@@H](N(c1cc(F)ccc1F)S(=O)(=O)c2ccc(Cl)cc2)c3ccc(F)cc3CCCC(=O)O,3.1,3.1817683562580465,0.08176835625804646
3981,train,CC(=O)N1CCOc2cc(COc3ccccc3)cnc12,2.8,2.8620764692247063,0.06207646922470644
1247,train,C[C@@H]1CN(CCN1c2ncc(OCc3ccncc3C#N)cn2)C(=O)OCC(F)(F)F,3.0,3.045258983478779,0.04525898347877888
3828,train,Cc1cc(CN2Cc3ccccc3C2C(=O)Nc4cc(Cl)ccc4Cl)ccc1OCC(=O)O,2.19,2.5479052357688263,0.3579052357688264
786,train,C[C@H](Nc1ncc(C)c(Nc2cc(C)[nH]n2)n1)c3ncc(F)cn3,1.75,1.9359245728751104,0.18592457287511044
1327,train,OC(=O)CCCc1ccc(cc1)N(CCCl)CCCl,1.47,1.6264667707434133,0.1564667707434133
648,train,CNC(=O)c1ccc(Oc2ccc(cc2)C#C[C@]3(O)CN4CCC3CC4)cc1,1.99,1.9279692605113112,-0.06203073948868876
455,train,COc1ccc(cc1)S(=O)(=O)NCC(N2CCCCCC2)c3ccccc3,3.13,3.0223847771005388,-0.10761522289946113
1451,train,CC[C@H]1CN(Cc2cc(Cl)ccc2OCC(=O)O)CCN1S(=O)(=O)c3ccccc3,0.44,0.7133571885351886,0.2733571885351886
3458,train,Nc1nc2ccc(Cl)cc2c3nc(nn13)c4occc4,3.98,4.332992294771795,0.3529922947717954
3399,train,COc1ccccc1CNCc2ccc(CCNC[C@H](O)c3ccc(O)c4NC(=O)Sc34)cc2,0.15,0.34137974913303504,0.19137974913303504
311,train,Nc1nnc(c(N)n1)c2cccc(Cl)c2Cl,1.38,1.9215901935663986,0.5415901935663987
2743,train,O=C(Nc1nccs1)c2cccnc2,2.25,2.583545996460191,0.3335459964601908
2271,train,O[C@H](CNC(=O)C1=CC(=O)Nc2ccccc12)CN3CCC(CC3)Oc4ccc(Cl)c(Cl)c4,3.48,3.751274759701018,0.2712747597010181
3700,train,CN[C@@H](C)C(=O)N[C@H]1CN(CC[C@H]2CC[C@H](N2C1=O)C(=O)NC(c3ccccc3)c4ccccc4)C(=O)CC(C)C,1.82,1.8094478453431186,-0.010552154656881418
2549,train,COc1ccc(N(C(C(=O)NC2CCCC2)c3ccccc3F)C(=O)c4ccccc4)c(OC)c1,3.86,3.8133327734650058,-0.04666722653499411
3388,train,Clc1ccc(cc1)C(N2CCNCC2)c3ccccc3,1.94,2.2605982334991546,0.3205982334991546
3927,train,CC(C)CN1C(=O)N(C)C(=O)c2c1nn(Cc3cccc4ccccc34)c2c5cncn5C,4.1,3.9551351592794193,-0.14486484072058037
1554,train,O=S(=O)(C1CCNCC1)C2(CC2)c3cc(nc(n3)c4cccc5[nH]ccc45)N6CCOCC6,1.1,0.8886063630321817,-0.21139363696781843
971,train,Nc1cc(nc2ccc(Nc3cc(nc(N)n3)c4ccc(cc4)C(F)(F)F)cc12)c5ccc(F)cc5,1.54,1.4329471207849656,-0.10705287921503448
751,train,COc1cc(ccc1Cn2ncc3ccc(NC(=O)OC4CCCC4)cc23)C(=O)NS(=O)(=O)c5ccccc5,1.8,2.138366000123224,0.33836600012322404
3973,train,CC(=O)c1ccc(cc1)S(=O)(=O)NC(=O)NC2CCCCC2,-0.49,-0.21773144298220926,0.27226855701779074
3500,train,OC(=O)C[C@@H]1CC[C@H](CC1)c2ccc(cc2)c3ccc(Nc4ccc(nc4)C(F)(F)F)cn3,3.8,3.5530858946754957,-0.24691410532450409
3619,train,OC(=O)c1ccc(NC(=O)c2cc(OCc3ccccc3)cc(OCc4ccccc4)c2)nc1,2.7,2.852999614300156,0.15299961430015596
1269,train,COc1ncc2C=CC(=O)N(CCN3CCC(CC3)NCc4cc5OCCOc5cn4)c2n1,0.2,0.18289668545947402,-0.017103314540525993
3248,train,O=C(NCc1occc1)c2ccc3[nH]c(COc4ccc(cc4)C56CC7CC(CC(C7)C5)C6)nc3c2,4.0,3.88714844472996,-0.1128515552700402
1346,train,COc1ccnc(NC2CCN(CC2)C(=O)c3ccccc3)c1,2.06,2.2212366982626324,0.16123669826263232
412,train,CC(C)C(NC(=O)CN1C(=O)C(=CC=C1c2ccccc2)NC(=O)CN3CCOCC3)C(=O)C(F)(F)F,2.0,2.2050269136034135,0.20502691360341352
3144,train,COc1cc(O)c(C(CC(=O)N2CC(C)CC(C)C2)c3ccc4OCOc4c3)c(OC)c1,4.3,4.327885542945585,0.027885542945584874
1398,train,COc1cc2ncnc(Nc3cccc(Cl)c3F)c2cc1CN(C)[C@@H](C)C(=O)N,3.42,3.6999218866648036,0.27992188666480367
1117,train,CC(C)NCC(O)COc1nccs1,-0.97,-1.0471366328661325,-0.07713663286613248
1577,train,COC(CN1C(=O)NC2=C(C=C(N(CC(=O)NC(C(C)C)C(=O)C(F)(F)F)C2=O)c3ccccc3)C1=O)OC,1.56,1.7005832643411538,0.14058326434115376
1950,train,CC1(C)COCc2sc(nc12)N3CCN(CC3)C(=O)[C@@H]4CCCC[C@H]4C(=O)NC5(CC5)C#N,2.4,2.608631774616085,0.20863177461608506
3411,train,NS(=O)(=O)c1cc(cc(N2CCCC2)c1Oc3ccccc3)C(=O)O,-0.94,-0.6102211780968667,0.32977882190313323
397,train,NCC[C@@H](Oc1cc(Cl)ccc1C#N)c2ccccc2,0.76,1.0085292365922878,0.24852923659228776
3438,train,CNCCC=C1c2ccccc2CCc3ccccc13,1.58,1.6140225415607694,0.03402254156076934
3954,train,COc1ccccc1Oc2c(NS(=O)(=O)c3ccc(cc3)C(C)(C)C)nc(nc2OCCO)c4ncccn4,1.03,1.4936215831087327,0.4636215831087327
3622,train,CCN(C1CCN(CC[C@H](N2CCN(CC2)S(=O)(=O)C)c3cc(F)cc(F)c3)CC1)C(=O)Cc4ccc(cc4)S(=O)(=O)C,1.25,1.472739872945755,0.22273987294575504
2815,train,Clc1ccc(NCCNCC(=O)N2CCC[C@H]2C#N)nc1,0.99,1.163786374663513,0.1737863746635131
3955,train,NC1(CCC1)c2ccc(cc2)C3=Nc4ccccc4C(=O)N3c5ccccc5,1.5,1.6223615072024231,0.12236150720242311
3908,train,Oc1cccc2nc(cc(O)c12)c3ccccc3,3.37,3.648206176504469,0.27820617650446877
3544,train,CN1CCC(CC1)NC(=O)c2ccc(Oc3ccc(cc3)C#C[C@]4(O)CN5CCC4CC5)cc2,1.0,0.9505279153439103,-0.049472084656089654
531,train,COc1ccc(N(C(C(=O)NC2CCCC2)c3ccccc3F)C(=O)c4occc4)c(OC)c1,3.09,3.2364384424041193,0.1464384424041194
222,train,OCC[C@@]1(CCCNC1)c2ccc(Cl)c(Cl)c2,0.61,0.6397342112489004,0.02973421124890041
900,train,CC(C)n1c(C)ncc1c2ccnc(Nc3ccc(cc3)S(=O)(=O)CC4CCCO4)n2,2.82,2.9677062343920113,0.14770623439201147
2516,train,O=C(N1CCOCC1)N2CCn3cc(C4=C(C(=O)NC4=O)c5cnc6ccccn56)c7cccc(C2)c37,1.79,2.113647612625079,0.3236476126250789
2915,train,OC(=O)Cc1ccccc1Nc2c(Cl)cccc2Cl,1.08,1.2189454235874093,0.13894542358740924
4094,train,CCOc1ccc(NC(=O)CCc2c(C)nc3nc(C)nn3c2C)cc1,2.1,2.2857513750414395,0.18575137504143946
1278,train,O=C(NCCCCc1ccccc1)c2ccccc2,3.8,3.9476998893674216,0.14769988936742173
3993,train,CN1CCN(CCOc2n[nH]c3ncnc(Nc4ccc(OCc5ccccn5)c(Cl)c4)c23)CC1,2.45,2.503497332718022,0.053497332718021706
2782,train,Cc1cccc(C[C@H](N2CCC(CN3CCC(CC3)Oc4ccc(Cl)c(Cl)c4)CC2)C(=O)O)c1,2.84,2.934690369003058,0.09469036900305827
3851,train,CN1CCN(CC1)c2ccc3N=CN(C(=O)c3c2)c4cc(NC(=O)c5cccc(c5)N6CCOCC6)ccc4C,2.69,2.6572356504889094,-0.03276434951109053
3631,train,CC(=O)Nc1ccc2c(c1)c(cn2CCC(=O)O)c3cc(NC4CC4)n5ncc(C#N)c5n3,-0.87,-0.9193026089906011,-0.04930260899060113
1485,train,CC1(COc2cc(ccc2NC(=O)CN3CCOCC3)c4cccc5C(=O)C=C(Oc45)N6CCOCC6)COC1,2.2,2.3835272433508776,0.18352724335087744
1477,train,CN1CCN(CC1)c2ccc3N=CN(C(=O)c3c2)c4cc(NC(=O)c5ccccc5F)ccc4C,2.75,3.086767984147981,0.3367679841479809
1699,train,CCN(C1CCN(CCC(c2ccccc2)c3ccccc3)CC1)C(=O)Cc4ccc(cc4)C#N,3.9,3.7876145600828064,-0.11238543991719352
4176,train,CC(C)C(NC(=O)CN1C(=O)C(=CN=C1c2cccs2)N)C(=O)C(F)(F)F,0.68,0.684862620648667,0.004862620648666938
1124,train,CC(C)C[C@@H](N1CCC[C@@H](C1)N2C=C(C)C(=O)NC2=O)c3ccc(C(=O)O)c(Oc4cccc(Cl)c4)c3,0.91,1.3637796677375729,0.45377966773757283
3147,train,Oc1ccc(cc1)N2C(=O)c3ccc(O)cc3C2=O,1.8,2.268990612813064,0.46899061281306387
1310,train,CC(C)CN1C(=O)N(C)C(=O)c2c(SCCCO)c(Cc3ccccc3C(F)(F)F)sc12,4.05,4.197306822466202,0.1473068224662022
3856,train,CC(C)Nc1ccc2cnn(c3cncc(n3)n4ccc(CC(=O)O)c4)c2c1,1.24,1.4215365437361946,0.18153654373619466
2701,train,CCC(N(CCCN)C(=O)c1ccc(cc1)C(C)C)C2=Nc3ccsc3C(=O)N2Cc4ccccc4,2.72,2.9068809995102933,0.18688099951029313
1111,train,FC(F)(F)c1cc(COCC(N2CCNCC2)c3cccc(Cl)c3)cc(c1)C(F)(F)F,4.2,3.9937924914436347,-0.2062075085563655
289,train,CC[C@H](NC(=O)c1c([S+]([O-])C(C)C)c(nc2ccccc12)c3ccccc3)c4ccccc4,3.81,4.003941811955375,0.19394181195537508
350,train,CCC(CC)NC(=O)c1cnn(c1NS(=O)(=O)c2ccc(C)cc2)c3ccccc3Cl,0.65,0.9612889994848441,0.3112889994848441
2880,train,N(c1cccnc1)c2ncnc3ccccc23,1.57,1.9222878599689022,0.3522878599689021
3591,train,CC(C)N1C(=O)N(C)C(=O)c2cn(Cc3cccc4ccccc34)cc12,3.97,4.269278674002809,0.29927867400280883
1948,train,CCCC[C@H](NC(=O)[C@H](CC(C)C)NC(=O)[C@H](CC(C)C)NC(=O)C)C=O,2.6,2.678687383556144,0.07868738355614413
3440,train,O=C(Nc1ccccc1)N2CCOCC2,1.0,1.115529398547106,0.11552939854710598
3766,train,Cn1cc(cn1)c2cccc(C[C@H](NC(=O)c3cc(nn3C)C(C)(C)C)C(=O)NCC#N)c2,2.6,2.8525488867491573,0.2525488867491572
452,train,Fc1ccc(cc1C#N)S(=O)(=O)NCC(N2CCCCCC2)c3ccccc3,2.71,2.7909912557362224,0.08099125573622246
1510,train,NC(=O)c1ccn2c(c3ccccc3)c(nc2c1)c4ccc(cc4)C5(N)CCC5,2.0,2.164290133285759,0.16429013328575914
2092,train,CCN(CC)C(=O)c1ccc(cc1)C(=C2CCN(Cc3ccc(F)cc3)CC2)c4ccc(NC(=O)OC)cc4,4.01,4.040763564118763,0.030763564118763576
1032,train,CC1SC2=C(C(=O)O)C(=O)c3cc(F)c(cc3N12)N4CCNCC4,-1.1,-1.030239698298745,0.06976030170125513
987,train,COc1cc(ccc1Nc2ncc3N(C)C(=O)CCN(C4CCCCC4)c3n2)C(=O)NC5CCN(C)CC5,2.87,3.1738716616049367,0.3038716616049366
2888,train,C[S+]([O-])c1ccc(\C=C/2\C(=C(CC(=O)O)c3cc(F)ccc23)C)cc1,-0.01,-0.18664396294614916,-0.17664396294614915
502,train,Cc1ccc(cc1NC(=O)c2ccc(OCc3ccccn3)cc2)c4cn(C)c(C)n4,2.71,3.24743486472755,0.5374348647275502
2610,train,CN(C1CCN(Cc2ccc(cc2)c3noc(C)n3)CC1)C(=O)Cc4ccc(cc4)n5cnnn5,2.1,2.491636100396564,0.39163610039656405
1050,train,CN1SC(=O)c2cc(ccc12)S(=O)(=O)NC3CC3,1.3,1.3027266116177618,0.002726611617761776
187,train,CC(CN1CCCCC1)C(=O)c2ccc(C)cc2,1.65,1.8933136893459066,0.2433136893459067
673,train,CN[C@@H](C)C(=O)N[C@H](C(=O)N[C@H]1CCCN(CCc2ccccc2)C1)C(C)(C)C,1.46,1.3177661381342258,-0.14223386186577414
1312,train,C[C@H](NC(=O)c1c(C)nn(C2CCC2)c1NS(=O)(=O)c3ccc(C)cc3)C(C)(C)C,1.57,1.3598472939178767,-0.21015270608212333
2764,train,Fc1cccc2c3CN(CCc3[nH]c12)C(=O)[C@@H]4CCCC[C@H]4C(=O)NC5(CC5)C#N,3.03,3.118975922570118,0.0889759225701181
3760,train,CN(C1CCN(Cc2ccc(cc2)C(F)(F)F)CC1)C(=O)Cc3ccc(cc3)S(=O)(=O)C,2.5,2.425313033814266,-0.0746869661857339
1514,train,CCCCCC\N=C\1/C=CN(Cc2ccccc2)c3cc(Cl)ccc13,0.98,1.0190294683067378,0.03902946830673781
2087,train,CC(N)(COP(=O)(O)O)C(=O)O,2.5,2.4556172699269148,-0.04438273007308524
2960,train,CC(C)[C@@H](CN1CCCCC1)N(C)C(=O)Cc2ccc(Cl)c(Cl)c2,2.87,2.7294501041783272,-0.14054989582167288
1636,train,C[C@@H](NC(=O)C1(N)CCN(CC1)c2ncnc3[nH]ccc23)c4ccc(Cl)cc4,3.3,3.006118253966732,-0.2938817460332679
3803,train,Fc1ccc(CC2=NNC(=O)c3ccccc23)cc1C(=O)N4CCN(CC4)C(=O)C5CCCO5,0.9,1.1017833646946364,0.20178336469463642
3142,train,Nc1nc2nc(SCc3ccccc3)nc(N)c2s1,3.1,3.442284544036495,0.3422845440364948
3428,train,CC(=O)Nc1ccc(cc1)S(=O)(=O)Nc2ccc(Cc3ccncc3)cc2,2.8,2.544410001177552,-0.25558999882244793
1908,train,OC(=O)c1ccc(OCC(=O)COc2ccc(SCCCCCc3ccccc3)cc2)cc1,3.63,3.7265124992677454,0.09651249926774552
603,train,COc1cccc(Nc2oc(nn2)C(=O)Nc3ccc(nc3)N4CCOCC4)c1,2.8,2.9769947202128613,0.17699472021286144
2409,train,COc1cc(OC)c(cc1NC(=O)Cc2ccnc(F)c2)S(=O)(=O)N3C(C)CCc4ccccc34,2.49,2.705381390283798,0.215381390283798
2633,train,NC1=NC(Nc2cccc(F)c12)c3cccs3,0.91,1.3659835057358884,0.4559835057358884
13,train,CCCSc1ncccc1C(=O)N2CCCC2c3ccncc3,1.95,2.2177696341432953,0.26776963414329535
545,train,O=C(Nc1cccc2cccnc12)c3ccc(cc3)N4C(=O)[C@@H]5[C@H]6C[C@H](C=C6)[C@@H]5C4=O,3.28,3.2601793380164876,-0.019820661983512178
308,train,CCOC(=O)Nc1cccc(c1)[C@H](N2CCN(Cc3nc[nH]c3C)CC2)c4ccc(cc4)C(=O)N(C)CC,2.32,2.5969229411145887,0.2769229411145888
1259,train,C[C@@H]1CN(CCN1c2ncc(OCc3ccc(cc3)C#N)cn2)C(=O)OC(C)(C)C,2.89,2.889602001787906,-0.0003979982120942971
2785,train,COc1cc(OC)c(cc1NC(=O)CCC(=O)O)S(=O)(=O)N(c2ccccc2)c3ccccc3,-0.8,-1.0262724863328683,-0.22627248633286823
3528,train,NC(=N)Nc1ccc(cc1)C(=O)Oc2ccc(Cl)cc2,0.7,0.633177411935818,-0.06682258806418195
2736,train,Oc1cccc(NC(=O)c2ccc(OCCCN3CCCC3)cc2OCc4ccc(F)cc4)c1,3.2,3.6341061234818914,0.43410612348189126
882,train,CC(C)NC[C@H](O)COc1cccc2ccccc12,0.99,1.171876992026586,0.18187699202658592
1322,train,COc1ccccc1C[C@H](N2CCC(CN3CCC(CC3)Oc4ccc(Cl)c(Cl)c4)CC2)C(=O)O,2.77,2.9079992172687117,0.13799921726871167
2718,train,NC1=CC2=NNC(=O)N2c3cc(ccc13)c4occc4,2.48,2.902083454301012,0.42208345430101213
435,train,[O-]c1c2c(nn1c3ccc(Cl)cc3)c4ccccc4c[n+]2Cc5ccccc5,4.5,4.623133627786464,0.12313362778646386
940,train,CCC1=C(C)CN(C(=O)NCCc2ccc(cc2)S(=O)(=O)NC(=O)N[C@@H]3CC[C@@H](C)CC3)C1=O,1.73,2.0144334556065835,0.2844334556065835
745,train,COc1ccc(CNC(=O)c2sc3nc(C)cc(C)c3c2N)cc1,3.85,3.9732790392781454,0.12327903927814532
1655,train,COc1ccc(cc1CNCCO)c2ccc3c(nc(nc3n2)N4C[C@@H](C)O[C@@H](C)C4)N5CCOCC5,1.31,1.6685587682738006,0.3585587682738005
1120,train,CC(=O)Nc1ccc2c(c1)c(cn2CCO)c3cc(NC4CC4)n5ncc(C#N)c5n3,2.71,2.4270972239355615,-0.2829027760644385
1590,train,COc1cc2c(Nc3ccc(F)c(Cl)c3)c(cnc2cc1OCCCN4CCN(C)CC4)C(=O)N,1.2,1.437973643685325,0.23797364368532503
4076,train,CNc1c(Br)cnc2[nH]c(nc12)c3ccnc(N)c3,2.83,3.1290111156278773,0.2990111156278772
3699,train,Cc1cc2nc(NC(=N)N)nc(C)c2cc1C,0.7,0.8080790723107456,0.10807907231074565
2744,train,Nc1nc(nc(N)c1Cc2ccccc2F)c3ccccn3,2.12,2.4182260369466055,0.29822603694660543
3809,train,Cn1cc(cc1c2c3C(=O)N(CC#CCn4cncn4)C(=O)N(CC5CC5)c3nn2Cc6ccnc7ccc(Cl)cc67)C#N,3.43,3.8583614387947947,0.4283614387947945
1412,train,COc1cc(OC2CCN(C)CC2)c3c(Nc4c(Cl)ccc5OCOc45)ncnc3c1,2.98,3.2192863653968624,0.23928636539686243
322,train,NC1(CCN(CC1)c2ncnc3[nH]ccc23)C(=O)NC(C4CC4)c5ccc(Cl)cc5,3.4,3.6089310093328875,0.20893100933288755
1994,train,OC(=O)c1ccc(CN2CCC(CN3CCC(CC3)Oc4ccc(Cl)c(Cl)c4)CC2)cc1,1.1,1.4340104793048967,0.3340104793048966
2908,train,Cc1ccc2c(c1)c(c(C)n2CC(=O)O)c3ccnc4cc(ccc34)C(F)(F)F,1.78,1.8071135449924056,0.02711354499240559
3220,train,CCN(CC)CCNC(=O)c1cc(Br)c(N)cc1OC,0.54,0.5323841499877346,-0.0076158500122653905
978,train,COc1cc(ccc1Nc2ccccc2C(=O)O)c3ccc(Nc4ccccc4C(=O)O)c(OC)c3,1.8,2.042230817864838,0.24223081786483802
1147,train,CN1CCC[C@@H]1CCO[C@](C)(c2ccccc2)c3ccc(Cl)cc3,3.48,3.2514355415516873,-0.22856445844831264
1999,train,CN(C)CCNC(=O)c1c(C)[nH]c(\C=C\2/C(=O)Nc3ccc(F)cc23)c1C,1.75,1.6213733181265328,-0.12862668187346715
2805,train,COc1ccc(N(C(C(=O)NC[C@@H](C)O)c2ccccc2F)C(=O)c3ccccc3)c(OC)c1,2.55,2.761039629366606,0.21103962936660636
934,train,CC(NC(=O)C1(N)CCN(CC1)c2ncnc3[nH]ccc23)c4ccc(F)cc4,2.4,2.4749936396946635,0.07499363969466355
1669,train,CC1=C(CCN2CCC(CC2)c3noc4cc(F)ccc34)C(=O)N5CCCCC5=N1,2.05,2.033395227944334,-0.016604772055665684
2344,train,CCCCC(CC)CNC(=O)c1ccc2c(c1)c(Cc3ccc(cc3OC)C(=O)NS(=O)(=O)c4ccccc4C)cn2C,3.66,3.5308796844528567,-0.12912031554714343
441,train,COc1ccc(cc1)C2=C(C)c3ccc(OC)cc3OC2=O,3.31,3.4866632827885775,0.17666328278857746
713,train,FC(F)(F)c1nnc2ccc(NCc3cccnc3)nn12,2.06,2.1383689635339986,0.07836896353399858
1101,train,CN(C)CCOC(C)(c1ccccc1)c2ccccn2,-0.2,-0.2648164262763837,-0.06481642627638368
2015,train,C1CN=C(N1)c2ccc3ccccc3n2,0.6,0.8578467374174381,0.25784673741743813
205,train,C[C@H](NC(=O)[C@@H]1CCCC[C@H]1C(=O)N2CCc3[nH]c4ccc(F)cc4c3C2)C#N,3.5,3.567765764313549,0.06776576431354897
3757,train,Nc1nc2ccc(OC(F)(F)F)cc2s1,3.34,3.472779631030864,0.1327796310308642
3526,train,CN1C(=O)N(CC2CC2)c3nn(Cc4ccnc5ccc(Cl)cc45)c(c6cc(oc6C)S(=O)(=O)C)c3C1=O,3.2,3.415891106667537,0.21589110666753664
3535,train,CC(O)C(C)OC(=O)[C@@H]1CC2C(Cc3cn(C(C)C)c4cccc2c34)N(C)C1,2.8,3.1111165235257827,0.3111165235257829
51,train,NC(Cc1c[nH]c2ccccc12)C(=O)O,-1.17,-1.0816920262916905,0.08830797370830945
1340,train,NS(=O)(=O)c1cc(Cl)c(Cl)c(c1)S(=O)(=O)N,0.92,1.0881969213541305,0.16819692135413045
339,train,CS(=O)(=O)Cc1cc(nc(n1)c2cnc3[nH]ccc3c2)N4CCOCC4,1.92,1.982172175790502,0.06217217579050205
1435,train,CC(C)C[C@H](CO)Nc1nc(S[C@@H](C)c2ccccc2)nc3NC(=O)Sc13,4.3,4.327759634126816,0.02775963412681648
3515,train,CC(CN1c2ccccc2Sc3ccccc13)N(C)C,2.67,2.465097654665003,-0.20490234533499674
2790,train,OC(=O)\C=C\c1cccc(c1)c2cnc3[nH]ccc3c2,0.58,0.6209791458474732,0.0409791458474732
769,train,COc1ccc(cc1OC)C(C)NC(=O)C2(N)CCN(CC2)c3ncnc4[nH]ccc34,1.8,1.7089766555514254,-0.09102334444857463
2227,train,O=C(CS(=O)(=O)c1ccccc1)c2ccccc2,1.86,1.872868757019793,0.012868757019792953
1889,train,Cc1nnc2CN=C(c3ccccc3Cl)c4cc(Cl)ccc4n12,2.34,2.6934814890656464,0.3534814890656466
3369,valid,CC(C)N1CCC[C@@H](CN2CCN(CC2)C(=O)Nc3ccc(Cl)c(Cl)c3)C1,1.62,2.8519924160283208,1.2319924160283207
2664,valid,COc1cc2ncnc(Nc3ccc(F)c(Cl)c3)c2cc1OC,3.67,4.064697225988109,0.39469722598810897
743,valid,COc1ccc(C=C2SC(=O)NC2=O)cc1OC,1.17,1.423148566919312,0.2531485669193121
114,valid,CC(C)COc1cccc(c1)C(=O)Nc2ccc(C)c(c2)C(=O)Nc3cccnc3,2.81,4.2230212773761995,1.4130212773761994
2777,valid,O=C1C=C(OCc2ccccc2)C=CN1c3ccc4c(cnn4CCN5CCCC5)c3,2.0,2.857168482755334,0.8571684827553341
2345,valid,CCN(C1CCN(CCC(c2ccccc2)c3ccc(cc3)S(=O)(=O)C)CC1)C(=O)Cc4ccc(cc4)S(=O)(=O)C,1.73,2.1619480991557074,0.4319480991557074
2849,valid,C1Oc2ccc(Oc3cc(Oc4ccc(cc4)n5ccnc5)ncn3)cc2O1,3.17,3.2142143071602094,0.044214307160209465
2115,valid,COc1ccccc1CNCCc2cccc(CCNC[C@H](O)c3ccc(O)c4NC(=O)Sc34)c2,0.91,1.0584987750232169,0.14849877502321684
433,valid,CC(C)(C)c1cc2nc3C(=O)N(Cc4ccccc4)Cc3c(O)n2n1,1.9,2.622397359751836,0.7223973597518363
1015,valid,FC(F)(F)c1cccc2c3CN(CCc3[nH]c12)C(=O)[C@@H]4CCCC[C@H]4C(=O)NC5(CC5)C#N,3.75,2.986690711154386,-0.7633092888456141
3875,valid,OC(CCN1CCCC1)(C2CCCCC2)c3ccccc3,1.78,2.7691404018324555,0.9891404018324554
413,valid,COc1ccc(CCN(C)CCCC(C#N)(C(C)C)c2ccc(OC)c(OC)c2)cc1OC,2.61,2.654221500339496,0.044221500339496345
859,valid,C[C@]12CCC(=O)C=C1CC[C@H]3[C@@H]4CC[C@](O)(C(=O)CO)[C@@]4(C)CC(=O)[C@H]23,1.4,2.5053846278507828,1.1053846278507828
2440,valid,Nc1ncnc2c1ncn2[C@@H]3O[C@H](CSCCCNC(=O)Nc4ccccc4)[C@@H](O)[C@H]3O,1.9,1.7650873568647094,-0.1349126431352905
54,valid,C[C@H](NC(=O)c1c(C)nn(C2CCCC2)c1NS(=O)(=O)c3ccc(C)cc3)C(C)(C)C,2.0,1.341630123711211,-0.6583698762887891
1866,valid,CS(=O)(=O)C1(CCOCC1)c2cc(nc(n2)c3cccc4[nH]ccc34)N5CCOCC5,2.4,1.7146886659587879,-0.685311334041212
3681,valid,C1CN2CCC1C(C2)c3oc(nn3)c4oc(cc4)c5cccnc5,1.2,2.040445651986336,0.8404456519863361
3102,valid,C[C@H](NC(=O)C)c1ccc(Nc2ncc3cc(ccc3n2)c4ccncc4)cc1,3.17,3.211238898185802,0.041238898185802064
2051,valid,CS(=O)(=O)c1ccc(cc1Cl)[C@@H](C[C@H]2CCC(=O)C2)C(=O)Nc3cnccn3,1.39,2.9157875667327664,1.5257875667327665
1930,valid,C[C@H](Nc1ncc(Cl)c(Nc2cc([nH]n2)N(C)C)n1)c3ncc(F)cn3,2.33,2.5290436321361334,0.1990436321361333
442,valid,CC[C@H]1OC(=O)[C@H](C)[C@@H](O[C@H]2C[C@@](C)(OC)[C@@H](O)[C@H](C)O2)[C@H](C)[C@@H](O[C@@H]3O[C@H](C)C[C@@H]([C@H]3O)N(C)C)[C@](C)(O)C[C@@H](C)\C(=N/OCOCCOC)\[C@H](C)[C@@H](O)[C@]1(C)O,1.8,1.816184689930341,0.016184689930341056
3624,valid,Clc1ccc(C2CCN(CC2)C(=O)COCc3ccncc3)c(Cl)c1,2.63,3.439443717278245,0.8094437172782452
1018,valid,C[C@@H]1NC(C)(C)CO[C@@]1(O)c2cccc(Cl)c2,1.69,1.852343433141627,0.16234343314162714
869,valid,CCN(CC)c1ccc2C=C(C(=O)O)C(=O)Oc2c1,-0.2,0.33677157310008754,0.5367715731000875
3648,valid,C[C@H](CO)Nc1nc(SCc2cccc(F)c2F)nc3nc(NS(=O)(=O)C)sc13,0.92,2.4718986823929066,1.5518986823929066
495,valid,CCCc1c(OCCCSc2ccc(CC(=O)O)cc2Cl)ccc3c(CC)noc13,3.92,2.4079261245726933,-1.5120738754273066
1877,valid,Nc1ncnc2oc(c3cocc3)c(c4occc4)c12,3.1,2.7793883099611874,-0.32061169003881274
3472,valid,CNC1=Nc2ncccc2C(=NC1c3cccs3)c4ccns4,2.15,2.3805739515398128,0.23057395153981286
161,valid,Clc1ccc(cc1C(=O)NCC2CCCCC2)N3N=CC(=O)NC3=O,1.26,2.541771625970031,1.2817716259700311
4093,valid,O=C(NC1CC1)c2cc(on2)c3cccs3,2.54,2.7747871449244625,0.2347871449244625
1372,valid,Cn1cc(CN2CCc3cc4nc(N)sc4cc3CC2)cn1,1.06,1.415356169869809,0.3553561698698089
1386,valid,CC(C)n1c(C)ncc1c2nc(Nc3ccc(cc3)N4CC(C4)NC(=O)C)ncc2F,2.76,3.5349142598051237,0.774914259805124
4051,valid,CN(C)C[C@H](O)Cc1ccc(Cl)c(c1)C(=O)NCC23CC4CC(CC(C4)C2)C3,2.19,2.4321462615299776,0.24214626152997765
229,valid,CCCCc1ncc(\C=C(/Cc2cccs2)\C(=O)O)n1Cc3ccc(cc3)C(=O)O,-0.9,-0.22684371427943262,0.6731562857205674
208,valid,Clc1ccc(CNC(=N)SCCCc2c[nH]cn2)cc1,1.13,1.9569617898254474,0.8269617898254475
71,valid,COCCNCc1ccc(CCNC[C@H](O)c2ccc(O)c3NC(=O)Sc23)cc1,-0.54,0.1851477211952497,0.7251477211952497
1433,valid,Oc1ccc(CCNCCCS(=O)(=O)NCCOCCc2cccc(c2)C(F)(F)F)c3sc(O)nc13,2.62,1.8357692935137455,-0.7842307064862546
2282,valid,CCN(C1CCN(CC[C@H](C2CCN(CC2)S(=O)(=O)C)c3cccc(F)c3)CC1)C(=O)Cc4ccc(cc4)S(=O)(=O)C,1.44,1.9367385712200984,0.49673857122009846
3550,valid,CCN(C1CCN(CCC(c2ccccc2)c3ccc(NC(=O)Cc4ccccc4)cc3)CC1)C(=O)Cc5ccc(cc5)S(=O)(=O)C,3.61,3.307169419887561,-0.3028305801124387
2200,valid,O=C1N(Cc2ccccc12)C3CCN(CCC(c4ccccc4)c5ccccc5)CC3,4.1,4.236368913175252,0.1363689131752528
110,valid,Nc1c2CCN(c3ccccc3)c2nc4ccc(Br)cc14,3.12,4.005418746974153,0.8854187469741532
798,valid,O[C@H](CNC(=O)C1=CNC(=O)c2cc(ccc12)S(=O)(=O)N3CCC3)CN4CCC(CC4)Oc5ccc(Cl)c(Cl)c5,3.02,3.4635054563157066,0.4435054563157066
3692,valid,Oc1ccc(cc1)c2sc3cc(O)ccc3c2C(=O)c4ccc(OCCN5CCCCC5)cc4,4.13,3.323292542851198,-0.8067074571488018
4101,valid,CC(C)S(=O)(=O)NCC(C)c1ccc(cc1)c2ccc(cc2)C#N,3.5,2.194108984397008,-1.3058910156029921
3157,valid,CC(C(=O)Nc1ccc(Cl)cc1)c2ncc(cc2Cl)C(F)(F)F,4.19,3.582851838062669,-0.6071481619373316
3814,valid,CCO\N=C(\C1CCN(CC1)C2(C)CCN(CC2)C(=O)c3c(Cl)cncc3Cl)/c4ccc(Br)cc4,4.0,3.671335669879201,-0.328664330120799
231,valid,C(C(C1CCCCC1)C2CCCCC2)C3CCCCN3,3.02,1.0153375644296605,-2.0046624355703395
419,valid,CC(=O)Nc1ccc2nc(cc(O)c2c1)c3cccc(F)c3,2.41,2.0574836738179236,-0.3525163261820765
88,valid,COc1cc(Nc2nc(N[C@@H](C)c3ncc(F)cn3)ncc2Br)n[nH]1,2.6,2.8995982368357245,0.2995982368357244
1216,valid,COc1cc(ccc1Nc2ncc(C)c(n2)c3cnc4ccccn34)N5CCN(CC5)C(=O)C,2.9,3.569315555870398,0.6693155558703983
292,valid,CC1CN(C(=O)c2ccccc2)c3ccccc3NC1=O,1.73,2.3952650965944726,0.6652650965944726
1496,valid,Nc1[nH]nc2ccccc12,1.0,2.059820034100517,1.0598200341005168
2462,valid,COc1ccc(cc1)[C@@H]2Sc3ccccc3N(CCN(C)C)C(=O)[C@@H]2OC(=O)C,1.99,2.250801093577971,0.2608010935779712
2497,valid,O=C(NC1(CC1)C#N)[C@@H]2CCCC[C@H]2C(=O)N3CCN(CC3)c4nccs4,1.3,2.0046476588629236,0.7046476588629236
2490,valid,CC(C)n1c(C)ncc1c2ccnc(Nc3ccc(cc3)S(=O)(=O)CCCN(C)C)n2,1.32,2.0953262125757237,0.7753262125757237
328,valid,CC(C)C(NC(=O)CN1C(=O)C(=CN=C1c2ccccc2)NC(=O)OCC(F)(F)F)C(=O)C(F)(F)F,2.37,2.4985171763545395,0.1285171763545394
121,valid,CN(C1CCN(CCC(c2ccccc2)c3ccccc3)CC1)C(=O)C4CCC4,3.2,2.9219092506101507,-0.27809074938984946
4148,valid,C[C@H](NC(=O)c1c(C)nn(C2CCCCC2)c1NS(=O)(=O)c3ccc(C)cc3)C(C)(C)C,1.97,1.7944708395661695,-0.1755291604338305
2236,valid,C[C@H](CO)Nc1nc(SCc2csc(C)n2)nc3nc(N)sc13,1.73,1.8891709133612078,0.1591709133612078
1326,valid,CCC1(CCC(=O)NC1=O)c2ccc(N)cc2,0.6,1.715828350375745,1.115828350375745
2800,valid,CCCC(C)(C)C[C@@H](N1CCC[C@@H](C1)N2C=C(C)C(=O)NC2=O)c3ccc(C(=O)O)c(Oc4cccc(Cl)c4)c3,1.99,1.6787261583634352,-0.3112738416365648
1481,valid,Cc1c(Sc2ccc(Cl)cc2)c3c(cccc3n1CC(=O)O)c4ccccc4,2.61,2.469303891007267,-0.14069610899273277
2382,valid,Oc1cc(O)c2C(=O)C=C(Oc2c1)c3ccccc3,3.83,4.1457628455741755,0.31576284557417544
2730,valid,COc1cc2N(CCN3CCC(CC3)NCc4cc5OCCOc5cn4)C(=O)C=Cc2cn1,0.68,1.321081182894737,0.641081182894737
1533,valid,NC1(CCC1)c2ccc(cc2)c3ncc4cccn4c3c5ccccc5,2.5,2.5311582064196507,0.031158206419650725
1449,valid,Oc1cc(O)c2C(=O)C(=COc2c1)c3ccc(F)cc3,3.6,3.185876438653188,-0.41412356134681216
3413,valid,CC(C(=O)O)c1cccc(Oc2ccccc2)c1,0.71,0.782048038396038,0.07204803839603802
1188,valid,NC(=O)c1cccc(c1)[S+]([O-])[C@H]2C[C@H]3CC[C@@H](C2)N3Cc4ccccc4,1.1,2.145547067213403,1.0455470672134028
606,valid,C[C@H](NC(=O)c1c(C)nn(c1NS(=O)(=O)c2ccc(C)cc2)C(C)(C)C)C(C)(C)C,1.84,0.7617611064590333,-1.0782388935409668
1075,valid,OC(=O)c1cc2cc(OCc3ccccc3)ccc2[nH]1,0.4,2.284616388714735,1.884616388714735
349,valid,OCCCn1c(NC(=O)c2cccc(c2)[N+](=O)[O-])nc3ccccc13,3.0,3.4313165993678254,0.4313165993678254
1834,valid,CC[C@H](NC(=O)c1c([S+](C)[O-])c(nc2ccccc12)c3cccs3)c4ccccc4,3.56,2.7821433785027505,-0.7778566214972495
3306,valid,NC(=O)c1sc(cc1N)c2ccsc2,2.23,1.9479225196229177,-0.28207748037708225
794,valid,CC(C)(C)OC(=O)N1CCN(CC1)c2ccc(OCc3ccc(cc3)S(=O)(=O)C)cc2,3.9,3.0858939948043833,-0.8141060051956166
5,valid,OC1(CN2CCC1CC2)C#Cc3ccc(cc3)c4ccccc4,3.14,1.9444344767236452,-1.195565523276355
3045,valid,CN(CCOc1ccc(NS(=O)(=O)C)cc1)CCc2ccc(NS(=O)(=O)C)cc2,0.6,1.606018838867369,1.006018838867369
4064,valid,COc1cc(Nc2nc(N[C@@H](C)c3ncc(F)cn3)nc(N4CCOCC4)c2F)n[nH]1,2.64,2.6814823135865424,0.04148231358654231
168,valid,COc1ccc(Cn2cc3N(CC(C)C)C(=O)N(C)C(=O)c3c2)cc1,3.52,3.4763393378760656,-0.04366066212393438
2546,valid,Fc1ncccc1OC[C@@H]2CCN2,-1.2,0.0426818204805528,1.2426818204805528
3309,valid,Fc1ccc(cc1F)S(=O)(=O)NCC(N2CCCCCC2)c3ccccc3,2.84,3.774005999578957,0.9340059995789574
2950,valid,CCOC(=O)c1ccccc1c2csc(NS(=O)(=O)c3ccc(Cl)cc3)n2,2.43,2.417854454146785,-0.012145545853215367
4026,valid,CCS(=O)(=O)c1ccc(c(C)c1)c2cc(ccc2CCC(=O)O)C(F)(F)F,0.76,0.5762883093459981,-0.18371169065400195
2558,valid,O[C@]1(CN2CCC1CC2)C#Cc3ccc(Oc4ccc(cc4)C(=O)NCc5ccncc5)cc3,2.42,2.379090945142862,-0.04090905485713803
3530,valid,CC1(CC(=O)NC(=N1)N)c2ccc(Cl)c(Cl)c2,1.59,1.9246077407964557,0.3346077407964556
1107,valid,CCN(CC)C(C)C(=O)c1ccccc1,1.18,2.1169344688440748,0.9369344688440748
3342,valid,CCN(CC)C(=O)c1ccc(cc1)C(=C2CCNCC2)c3ccccc3OC,1.0,1.1031794925610712,0.10317949256107117
1094,valid,Cc1ccc(NC(=O)CCC2CCCCC2)cc1NC(=O)c3ccc(O)cc3,4.13,3.2643876704297874,-0.8656123295702125
2376,valid,C[C@H](CO)Nc1nc(SCc2cccc(F)c2F)nc3nccnc13,3.15,3.041488151685459,-0.10851184831454086
3223,valid,Cc1ccc(NC(=O)C=C)cc1,2.25,2.044137628141725,-0.20586237185827505
4043,valid,O[C@H](C[C@H](O)\C=C\c1c(nc2ccccc2c1c3ccc(F)cc3)C4CC4)CC(=O)O,0.91,1.026133775830021,0.11613377583002105
3568,valid,c1ccc(cc1)c2ccc3ccccc3n2,4.0,3.4395638438320875,-0.5604361561679125
3010,valid,CC(C)n1c(C)ncc1c2ccnc(Nc3ccc(cc3)C(=O)NC4CC4)n2,3.06,3.2339436842017037,0.1739436842017037
910,valid,CCCCNc1nc(N)c2NC(=O)N(Cc3ccc(OCCN(C)C)nc3)c2n1,1.9,1.2154444790095205,-0.6845555209904794
3556,valid,CCn1c2ccccc2c3cc(NC(=O)CN(C)C)ccc13,3.2,2.364347145338218,-0.8356528546617823
3525,valid,Oc1nc(nc2ccccc12)c3ccccc3,2.46,1.9372312924701236,-0.5227687075298764
1769,valid,CC(C)CCCC(C)\N=C\1/C=CN(Cc2ccccc2)c3cc(Cl)ccc13,1.58,3.7939063871056447,2.2139063871056446
352,valid,Cc1cc2cc(C)c3nnc(SCC(=O)N4CCN(CC4)C(=O)c5occc5)n3c2cc1C,2.8,2.4748476375052766,-0.32515236249472323
1381,valid,CC(COc1ccccc1)NC(C)C(O)c2ccc(O)cc2,0.56,1.3287455027761244,0.7687455027761243
1217,valid,Nc1cccc2C(=O)N(Cc3cccc(Cl)c3)C(=O)c12,3.18,2.878315165208556,-0.30168483479144426
1350,valid,COc1cc2ncnc(Nc3ccc(F)c(Cl)c3)c2cc1OCCN4CCN(C)CC4,3.3,3.0838326173581874,-0.21616738264181246
3259,valid,Nc1ccc2nc(sc2c1)c3ccc(O)cc3,3.1,3.1149685238630043,0.01496852386300418
3519,valid,Cc1cc(Oc2ccnc(Nc3cccc(c3)N4CCOCC4)c2)c(nc1C)c5ccccn5,3.27,3.1917091538408853,-0.07829084615911475
3107,valid,CC(=N)NCc1ccccc1,-0.28,1.442481280586868,1.7224812805868681
1901,valid,Nc1nc(cs1)c2ccc(Cl)cc2,3.31,3.4366563764705624,0.12665637647056238
2973,valid,CO[C@H]1CN(CCN2C(=O)C=Nc3ccc(OC)cc23)CC[C@H]1NCc4ccc5OCC(=O)Nc5n4,0.51,1.0881273173400812,0.5781273173400812
1788,valid,COc1cc(ccc1Nc2ncc(Cl)c(Oc3cccc(NC(=O)C=C)c3)n2)N4CCN(C)CC4,3.9,3.827618292635091,-0.0723817073649089
1728,valid,CNc1cccc(CCCc2ccc(C[C@H](NC(=O)c3c(Cl)cccc3Cl)C(=O)O)s2)n1,0.78,0.2213673950231958,-0.5586326049768042
146,valid,Clc1ccc(N2CCN(CC2)C(=O)COCc3cscn3)c(Cl)c1,3.07,3.05232426071381,-0.017675739286189707
294,valid,O[C@@H](CNCCCSCCNCCc1cccc(Cl)c1Cl)c2ccc(O)c3NC(=O)Sc23,1.74,2.550569595029359,0.810569595029359
2334,valid,Clc1cccc2[nH]ncc12,2.5,2.5360319691084907,0.03603196910849071
4039,valid,CN1CCC(CC1)Oc2cccc3ncnc(Nc4ccc(OCc5cnccn5)c(Cl)c4)c23,3.21,3.0244432634142715,-0.18555673658572847
1513,valid,CN([C@@H]1CCN(Cc2ccc(cn2)C(F)(F)F)C[C@@H]1F)C(=O)Cc3ccc(cc3)n4cnnn4,2.1,2.396361703137729,0.296361703137729
1257,valid,CS(=O)(=O)c1cccc(Nc2nccc(Nc3cccc4ncoc34)n2)c1,2.5,2.9843362451547426,0.4843362451547426
3621,valid,CO[C@@H](C(=O)N1Cc2n[nH]c(NC(=O)c3ccc(cc3)N4CCN(C)CC4)c2C1)c5ccccc5,2.0,2.1599988253707685,0.15999882537076848
609,valid,COc1cc(Nc2ncnc3cccc(O[C@H](C)C(=O)N4CCOCC4)c23)ccc1Oc5ccc(C)nc5,3.6,4.137637028673365,0.5376370286733647
472,valid,O=C(NC1CCCC1)C(N(Cc2occc2)C(=O)c3ccc([nH]3)c4ccccc4)c5ccncc5,4.36,4.298984481834751,-0.06101551816524964
3255,valid,Cc1csc(NC(=O)c2cc(Sc3nncn3C)ccc2N)n1,2.3,1.4809743964271789,-0.819025603572821
2511,valid,OC(=O)COc1ccc(Cl)cc1CN2CCCN(CC2)S(=O)(=O)c3ccccc3,1.01,0.7138637149427252,-0.29613628505727485
1236,valid,CCn1c(C)c(C(=O)O)c(c2cccc(c2)N3CCN(CC3)c4ccc(NS(=O)(=O)c5ccc(N[C@H](CCN6CCC(O)CC6)CSc7ccccc7)c(c5)S(=O)(=O)C(F)(F)F)cc4)c1c8ccc(Cl)cc8,4.2,2.5002400021893054,-1.6997599978106948
1317,valid,Cc1ccc(cc1)S(=O)(=O)Nc2c(C(=O)NCC(C)(C)C)c(C)nn2c3ccccc3,1.46,1.7384751691857616,0.27847516918576165
1207,valid,CC(=O)Nc1ccc2ccn(c3cc(NCCN4CCCC4)n5ncc(C#N)c5n3)c2c1,2.24,2.085018421865849,-0.15498157813415103
1186,valid,CC1(CCC(=O)N1Cc2cccs2)C(=O)NC3CCCCC3,2.15,2.3983941692592943,0.24839416925929436
2686,valid,O[C@H](CNC(=O)c1cn2cc(F)ccc2n1)CN3CCC(CC3)Oc4ccc(Cl)c(Cl)c4,3.33,4.221998250154128,0.8919982501541277
762,valid,CC[C@H](NC(=O)c1c([S+](C)[O-])c(nc2cc(CN(C)C)ccc12)c3ccccc3)c4ccccc4,2.75,2.726949744406764,-0.023050255593235924
2911,valid,Clc1ccc(OC2CCN(CC2)C3CCN(CC3)C(=O)NS(=O)(=O)c4ccccc4Cl)cc1Cl,1.93,1.76386762421768,-0.16613237578231987
2651,valid,COCCOc1ccc(Nc2ncc3cc(ccc3n2)c4ccncc4)cc1,3.1,2.4259248877913495,-0.6740751122086506
1276,valid,Cc1nc2ncnn2c(O)c1CCOC(=O)c3ccccc3F,0.99,1.339550098460628,0.3495500984606279
1886,valid,Cc1cnc(NS(=O)(=O)c2ccccc2)c(C)n1,-0.03,1.8045618314804663,1.8345618314804664
2006,valid,CCCSc1nc(ccc1C(=O)NC2CCCCC2)N3CCC[C@H](CC(=O)O)C3,2.18,2.5845022746615194,0.4045022746615192
716,valid,CCN(CC)CCOC(=O)C1(CCCC1)c2ccccc2,2.3,1.235084809171151,-1.0649151908288488
193,valid,CSc1ccc(cc1)N2C(=NC(=NC2(C)C)N)N,-0.84,0.6003838746332779,1.440383874633278
3207,valid,CN[C@@H](C)C(=O)N[C@H](C(=O)N[C@H]1CCCN(C1)S(=O)(=O)Cc2ccccc2)C(C)(C)C,0.78,1.011738321348026,0.23173832134802597
1681,valid,Fc1ccc(CNc2ncc(Br)c(Nc3cc([nH]n3)C4CC4)n2)cc1,4.28,3.8022653738396053,-0.47773462616039497
1478,valid,Oc1ccc(cc1)C2=COc3cc(O)cc(O)c3C2=O,3.06,2.444460209056002,-0.6155397909439979
1261,valid,Nc1ccc2ccccc2n1,1.7,2.3495151659934495,0.6495151659934495
1736,valid,CCCNC(=O)c1nnc2c(cccc2c1N)c3cncc(c3)C(=O)N4CCC4,2.79,2.4111205006920255,-0.3788794993079745
3723,valid,C[C@@H]1COCCN1c2cc(nc(n2)c3cccc4[nH]ccc34)C5(CC5)S(=O)(=O)C,2.7,2.8450758152802047,0.14507581528020452
3273,valid,CC1=CN(C2CCCN(Cc3cccc(Oc4ccc(Cl)cc4)c3)C2)C(=O)NC1=O,3.38,3.682181897871174,0.3021818978711739
3871,valid,Oc1cc(O)c2C(=O)C(=COc2c1)c3ccc4OCOc4c3,3.5,3.0292256301781215,-0.4707743698218785
1671,valid,COc1c(N2CCNC(C)C2)c(F)cc3C(=O)C(=CN(C4CC4)c13)C(=O)O,-0.82,-0.7263544997809541,0.09364550021904583
4142,valid,CCCSc1c(cnn1c2ccc(cc2)C(=O)O)C(=O)NC3CCCCC3,0.64,1.02340100514758,0.3834010051475799
3866,valid,CC[C@H](NC(=O)c1c([S+](C)[O-])c(nc2c(F)cccc12)c3ccccc3)c4ccccc4,2.84,3.0847611768270258,0.24476117682702592
894,valid,O=S(=O)(Nc1nc(nn1Cc2ccccc2)c3ccccc3)c4ccccc4,1.25,2.394880214585321,1.1448802145853212
3408,valid,COc1cc(CCc2cc(Nc3ccnc(NCc4onc(C)c4)n3)n[nH]2)cc(OC)c1,3.1,3.059049251657934,-0.040950748342066134
2673,valid,O=C1C=C(C=CN1c2ccc3c(cnn3CCN4CCCC4)c2)c5ccccc5,1.6,2.297937968182464,0.697937968182464
2033,valid,Clc1ccc(cc1C(=O)NCCc2ccccc2)N3N=CC(=O)NC3=O,0.74,1.9258855129276822,1.1858855129276822
1811,valid,Cc1cc(CCCOc2c(C)cc(cc2C)c3noc(n3)C(F)(F)F)on1,3.63,3.235975210705218,-0.3940247892947819
2037,valid,COc1ccccc1C(=O)Nc2nc3ccccc3[nH]2,2.9,3.133772593959681,0.23377259395968109
4029,valid,COCCC(NC(=O)C1(N)CCN(CC1)c2ncnc3[nH]ccc23)c4ccc(Cl)cc4,2.95,2.564960315281946,-0.38503968471805416
1848,valid,C[C@H](CO)Nc1nc(SCc2cccc(F)c2F)nc3NC(=O)C=Nc13,3.1,3.034061772005785,-0.06593822799421512
928,valid,Cn1cnc(c2ccccc2)c1C#Cc3ccnc(N)n3,2.94,2.253371920185928,-0.686628079814072
3106,valid,COc1c(C)c2COC(=O)c2c(O)c1C\C=C(/C)\CCC(=O)OCCN3CCOCC3,2.26,1.5537191199494864,-0.7062808800505134
3349,valid,CCCCNc1ccc(cc1)C(=O)OCCN(C)C,2.11,1.842273365798532,-0.2677266342014679
2220,valid,CCc1ccc(CCNCCCSCCNC[C@H](O)c2ccc(O)c3NC(=O)Sc23)cc1,0.86,0.9970641616965872,0.1370641616965872
4145,valid,O=S(=O)(Nc1cccc2[nH]ncc12)c3cccs3,1.7,1.4293582135018865,-0.27064178649811343
101,valid,C1Oc2ccccc2C3=NN(CC13)c4ccccc4,4.28,2.932373849116993,-1.3476261508830074
2329,valid,O=C1CCOc2nc(ccc12)C#CC3CCCCC3,3.3,3.5491496178269744,0.24914961782697453
800,valid,COc1cccc(c1)c2cc(O)c3cc(NC(=O)C)ccc3n2,2.41,2.661387172149309,0.25138717214930884
487,valid,CN(c1ccnc(Nc2cc(cc(c2)N3CCOCC3)N4CCCCC4)n1)c5cc(CO)ccc5C,4.2,3.6440131670932234,-0.5559868329067768
2599,valid,Nc1ccc(cc1)C2(CCCCC2)c3ccc(N)cc3,3.2,1.0098599525867449,-2.190140047413255
1026,valid,CCN(C1CCN(CC[C@H](C2CCN(CC2)S(=O)(=O)C)c3cc(C)cc(C)c3)CC1)C(=O)Cc4ccc(cc4)S(=O)(=O)C,1.93,2.3844922310887515,0.4544922310887516
2551,valid,CCN(c1ccnc(Nc2cc(cc(c2)N3CCOCC3)N4CCOCC4)n1)c5cc(CO)ccc5C,3.8,3.3565086914415323,-0.4434913085584675
517,valid,Cc1onc(n1)c2ccc(OCC3CN(C3)c4ccc(C)nn4)cc2,2.62,2.6740542715057023,0.05405427150570219
1347,valid,CCC(=O)N[C@H]1CC[C@H](C1)C(=O)N(C)c2ccc(cc2)c3oc4ccccc4n3,3.4,3.6211139524191776,0.22111395241917764
4025,valid,CC(=O)Nc1ccc(CNc2[nH]nc3cccc(Oc4ccc(cc4)S(=O)(=O)C)c23)cc1,2.63,2.7577403774171745,0.1277403774171746
305,valid,Fc1ccc(CN2CCN(CC2)C3=Nn4c(CC3)nnc4C(F)(F)F)cc1,2.8,3.2286604287386202,0.4286604287386204
3683,valid,NC1=CC2=NNC(=O)N2c3cc(ccc13)c4ccsc4,3.18,2.7172354309132545,-0.4627645690867457
937,valid,CC(NC(=O)c1c(C)nn(c1NS(=O)(=O)c2ccc(C)cc2)c3ccccc3)C(C)(C)C,1.21,1.3455207206668152,0.1355207206668152
3512,valid,OC(c1ccccc1)c2cccnc2,1.72,1.8310401958655285,0.11104019586552849
153,valid,NC(=O)Nc1cc(sc1C(=O)N)c2cccc(O)c2,2.21,1.6890226375175477,-0.5209773624824523
3810,valid,CCNCc1cncc(n1)c2ccc(F)cc2OC,1.18,1.6944076247041766,0.5144076247041767
3086,valid,Clc1ccc2[nH]c(cc2c1)C(=O)N3CCNCC3,1.65,2.1596434871214747,0.5096434871214748
3950,valid,COc1ccc(cc1)c2nc3c(NCCCNC(=O)C4(CN)CC4)c(Br)cnc3[nH]2,1.9,2.228114846948989,0.32811484694898896
3174,valid,CN1CCN(CC1)C2=Nc3ccccc3Oc4ccc(Cl)cc24,3.24,2.844559025352424,-0.3954409746475762
150,valid,COc1ccc(c(OC)n1)c2c(F)ccc3c(N)c(nnc23)C(=O)NC4CC4,3.37,2.851793939784728,-0.518206060215272
475,valid,COc1cccc(c1)C(=O)N2CCC(CC2)N3C(=O)Nc4ccccc34,2.65,3.234521260189521,0.5845212601895211
1378,valid,Clc1ccc(cc1)C2(CCC2)C(=O)Nc3oc(nn3)C(=O)Nc4ccc(cc4)N5CCOCC5,3.2,3.6586456221588817,0.4586456221588815
4165,valid,CC1(CCN(CC1)C(=O)COCc2ccncc2)c3ccc(Cl)cc3,2.79,2.4652057107408116,-0.3247942892591884
253,valid,Cc1ccc2c(c1)c(c(C)n2CC(=O)O)c3ccnc4cc(Cl)ccc34,1.59,2.663785366527457,1.073785366527457
906,valid,Fc1ccc(cc1)n2cc(C3CCNCC3)c4cc(Cl)ccc24,2.4,2.3042410344827533,-0.09575896551724661
2249,valid,C[C@H](CO)Nc1nc(SCc2csc(C)n2)nc3NC(=O)Sc13,1.73,1.7471482051835272,0.01714820518352722
3256,valid,C[C@@](CCc1ccc(cc1)c2ccc(Cl)cc2)(C(=O)NO)S(=O)(=O)C,2.4,3.180047698772628,0.7800476987726279
1068,valid,CN1CCN(CC1)C(=O)c2ccc(cc2)C(=C3CCN(Cc4cscn4)CC3)c5cccc6cccnc56,1.98,1.7189690959878863,-0.2610309040121137
3159,valid,CN(C)CC(O)COc1ccc(Nc2nccc(Nc3ccccc3)n2)cc1,1.58,1.9502062612946824,0.37020626129468237
2710,valid,COc1cc2ncnc(Nc3ccc(F)cc3)c2cc1OC,3.1,3.3705176015132103,0.27051760151321025
3334,valid,CC(NC(=O)C)c1ccc(Nc2ncc3cc(ccc3n2)c4ccncc4)cc1,3.1,2.535653628286537,-0.5643463717134631
2145,valid,C[C@H]1O[C@H]([C@H](O)[C@H]1Cl)n2cnc3c(N)nc(OCC4CC45CC5)nc23,3.68,2.515661627999925,-1.164338372000075
2852,valid,COc1ccc(NC(=O)CCc2c(C)nc3nc(C)nn3c2C)cc1,1.4,2.7388367800854554,1.3388367800854555
176,valid,CC1CC(CC(C)(C)C1)OC(=O)C(O)c2ccccc2,2.31,0.9522043385026435,-1.3577956614973565
3660,valid,N[C@@H](Cc1cccs1)C(=O)N[C@]2(C[C@H]2c3ccccc3)C#N,1.5,1.524914911776166,0.024914911776166004
238,valid,CN1CCN(CC1)c2ncnc3c2sc4nc(C)cc(C)c34,3.2,2.352888973021273,-0.8471110269787272
832,valid,CCN(CCO)CCCC(C)Nc1ccnc2cc(Cl)ccc12,0.77,2.974630207527908,2.204630207527908
2659,valid,COc1ccc(cc1)C(CNC(=O)Nc2ccccc2)N3CCN(C)CC3,1.5,1.9742696265941544,0.4742696265941544
2856,valid,COc1ccc(cc1C(=O)NCc2cccnc2)C(=O)NCc3cccnc3,1.23,2.2047915392817607,0.9747915392817608
1662,valid,CC(=O)Nc1nc(ns1)c2ccccc2,2.8,2.9149495719883345,0.11494957198833466
733,valid,CC(C)C(CCCN(C)CCc1ccccc1)(C#N)c2ccccc2,3.6,2.2152596432867147,-1.3847403567132854
4054,valid,COc1cc(Nc2cc(Oc3ccc(C)nc3)ccn2)cc(OC)c1OC,3.21,3.6259138105344295,0.41591381053442955
4157,valid,Cc1ccc(Oc2ccc(Nc3ncnc4[nH]nc(OCCN5CCC(O)CC5)c34)cc2Cl)cn1,3.4,2.7558539134849966,-0.6441460865150033
4112,valid,CCN(C1CCN(CCC(c2ccccc2)c3ccccc3)CC1)C(=O)NCc4ccc(F)cc4,3.9,4.138515210159034,0.2385152101590342
1334,valid,CC(C)CN1C(=O)N(C)C(=O)c2c1sc(Cc3ccccc3C(F)(F)F)c2C(=O)N4C[C@H](O)CO4,3.15,2.8513023027093767,-0.29869769729062323
1661,valid,Clc1ccc(NC(=O)N2CCN(C[C@@H]3CCCN(Cc4ccccc4)C3)CC2)cc1Cl,4.26,3.5140055898319273,-0.7459944101680724
2474,valid,CC1CN(CCN1Cc2cc(Cl)ccc2OCC(=O)O)S(=O)(=O)c3ccccc3,0.69,0.4815950477818258,-0.20840495221817412
1773,valid,NC(=O)c1cnc(N[C@H]2CCCNC2)c3cc(sc13)c4ccc(F)cc4,2.01,2.350852097922702,0.3408520979227023
1805,valid,Clc1ccc(cc1Cl)C2=CSC3=NCCN23,1.54,2.0836138012978043,0.5436138012978042
3007,valid,CC(C)CN1C(=O)N(C)C(=O)c2c1sc(Cc3cncc4ccccc34)c2C(=O)N5CC[C@@H](O)C5,1.74,2.2178438097605517,0.47784380976055174
3203,valid,O=C1CC2(CCCC2)CC(=O)N1CCCCN3CCN(CC3)c4ncccn4,2.19,1.6343824023141562,-0.5556175976858437
3840,valid,COC(=O)C1=C(C)NC(=C(C1c2ccccc2[N+](=O)[O-])C(=O)OCC(C)C)C,3.59,3.6081385499247496,0.018138549924749725
4191,valid,CCOC(=O)c1ccc(OCC2CN(C2)c3ccc(C)nn3)cc1,3.1,2.8794590417675843,-0.22054095823241582
2342,valid,Fc1ccc(CC2=NNC(=O)c3ccccc23)cc1C(=O)N4CCN(CC4)c5ccccn5,2.55,2.3174510523765623,-0.23254894762343747
104,valid,FC(F)c1nc2ccccc2[nH]1,2.02,3.2924858640556174,1.2724858640556174
2311,valid,CCS(=O)(=O)c1ccc(c(C)c1)c2cc(ccc2OCC(=O)O)C(F)(F)F,-0.45,-0.30480223380739746,0.14519776619260255
1420,valid,O=C1C=CN=C2C=CC=CN12,0.2,1.1974799937801301,0.9974799937801302
3269,valid,Oc1c2C(=O)N(NC(=O)c2nc3cc(Cl)ccc13)C(c4ccccc4)c5ccncc5,1.1,1.5513161552027745,0.45131615520277446
3188,valid,COc1ccccc1CN2C(C(=O)NC3CCC(C)CC3)c4ccccc4C2=O,3.74,2.629434159332106,-1.1105658406678942
1267,valid,Cc1nccc(c1Cl)c2ccc(cc2)c3nc4ccncc4c(O)c3C#N,2.0,2.007815617259374,0.007815617259374186
1014,valid,CN[C@@H](C)[C@H](O)c1ccccc1,-1.15,0.36354331515184324,1.5135433151518431
3187,valid,COc1cccc(\C=C\2/SC(=O)NC2=O)c1N3CCC[C@@H](N)C3,1.27,1.5107203187220453,0.24072031872204525
1041,valid,Oc1ccc(CC(=O)c2ccc(O)cc2O)cc1,2.54,2.3261622513228413,-0.21383774867715877
1084,valid,C[C@H](NC(=O)Cc1cc(F)cc(F)c1)C(=O)NC2C(=O)N(C)c3ccccc3c4ccccc24,3.6,3.05012020588056,-0.5498797941194402
3053,valid,CCCOc1nc(ccc1C(=O)NC2CCCCC2)N3CCC[C@@H](CC(=O)O)C3,2.81,2.256292831313406,-0.5537071686865942
2275,valid,Cc1nc2ncnn2c(O)c1CCOC(=O)c3c(F)cccc3F,0.16,1.0717710968216063,0.9117710968216063
491,valid,FC(F)(F)Oc1ccc(CNC(=O)C2N(CC3CC(F)(F)C3)C(=O)c4ccccc24)cc1,3.9,3.7369665451410974,-0.16303345485890253
2826,valid,CC1=C(C(=O)N(C[C@H](N)c2ccccc2)C(=O)N1Cc3c(F)cccc3F)c4ccc5OCOc5c4,2.67,3.0011233889668434,0.33112338896684346
1821,valid,Cc1ccn2c(c(C)nc2c1)c3ccnc(N)n3,2.39,1.9981860139470333,-0.3918139860529668
3521,valid,c1ccc2[nH]c(nc2c1)c3cscn3,2.35,2.81890289903987,0.46890289903987004
1086,valid,CC(=O)Nc1cccc(Nc2ncnc(n2)N3CCC(CC3)OCc4ccc(OC(F)(F)F)cc4)c1C,4.4,3.881378322560089,-0.5186216774399113
1847,valid,Cc1cc(NC(=O)c2ccccc2)n[nH]1,1.75,2.8299236791543025,1.0799236791543025
2902,valid,Oc1ccc(CCNCCNS(=O)(=O)CCOCCCc2ccccc2)c3sc(O)nc13,2.22,2.4634953709843708,0.24349537098437057
4083,valid,CCOc1cc(ccc1NC(=O)CN2CCOCC2)c3cccc4C(=O)C=C(Oc34)N5CCOCC5,2.8,3.0330320951790495,0.23303209517904966
1071,valid,OC(=O)c1ccccc1CN2CCC(CN3CCC(CC3)Oc4ccc(Cl)c(Cl)c4)CC2,2.48,2.5082089028756815,0.028208902875681563
3924,valid,CCC[C@H](N1CCC[C@@H](C1)N2C=C(C)C(=O)NC2=O)c3ccc(C(=O)O)c(Oc4cccc(Cl)c4)c3,0.5,0.8030577534488197,0.3030577534488197
1058,valid,CCn1c(C)ncc1c2ccnc(Nc3ccc(cc3)S(=O)(=O)NCCOC)n2,2.44,2.6673718163479423,0.22737181634794235
2124,valid,CS(=O)(=O)c1ccc(s1)C(=O)NC[C@@H](O)CN2CCC(CC2)Oc3ccc(Cl)c(Cl)c3,2.86,2.5345398195051247,-0.32546018049487513
1444,valid,CC(C)n1c(C)ncc1c2ccnc(Nc3ccc(cc3)N4CCN(CC4)C(=O)C)n2,2.39,2.6200874894704365,0.23008748947043633
2753,valid,O=C1COc2ccc(CNC3CCN(CCN4C(=O)COc5ccc(cc45)c6occc6)CC3)nc2N1,2.19,1.0978917558426702,-1.0921082441573298
199,valid,Clc1cccc(c1Cl)n2nnnc2NCc3ccccc3Oc4ccccn4,3.62,3.4443989737633887,-0.17560102623661145
1046,valid,CC(=O)NC[C@H]1CN(C(=O)O1)c2ccc(c(F)c2)n3ccc(c3)C#N,1.6,1.9329106395606321,0.33291063956063205
2910,valid,COc1ncc(cc1NS(=O)(=O)c2ccc(F)cc2F)c3ccc4nccc(c5ccnnc5)c4c3,2.5,2.1594107690277724,-0.3405892309722276
1464,valid,C(=C\c1c(nc2sccn12)c3ccccc3)/c4ccncn4,3.4,3.347064084467675,-0.052935915532324795
2715,valid,CCOc1cc(Nc2nc3c(cc2F)ncn3[C@@H](CO)c4ccc(F)cn4)n[nH]1,2.55,2.751443924582395,0.20144392458239535
2661,valid,COc1ccc(NC(=O)c2ccc(c(C)c2)c3ccncc3)cc1N4CCN(C)CC4,2.56,2.7515439939047743,0.19154399390477428
760,valid,OCC[C@@]1(CCCNC1)c2oc3ccccc3c2,0.12,0.034192443672505846,-0.08580755632749415
3956,valid,OC(C(=O)c1ccccc1)c2ccccc2,2.13,1.9689539543083285,-0.16104604569167136
2696,valid,CCn1c(SCC(=O)Nc2c(cnn2c3ccccc3)C#N)nnc1c4cccs4,2.1,2.7237876405535513,0.6237876405535512
1275,valid,NS(=O)(=O)c1cc2c(NC(NS2(=O)=O)C(Cl)Cl)cc1Cl,0.37,0.5896915994449661,0.21969159944496608
401,valid,CN[C@@H](C)C(=O)N[C@@H](C1CCCCC1)C(=O)N[C@H]2CCN(CCc3ccccc3)C2,1.65,1.9029872740108424,0.25298727401084253
3912,valid,C(C1NCCc2ccccc12)c3ccccc3,1.89,2.2930165740862947,0.40301657408629477
1284,valid,Cc1ccc(cc1)c2csc3ncnc(O)c23,2.59,3.9390108798627974,1.3490108798627976
334,valid,COc1cc2ncnc(Nc3cc(NC(=O)c4ccnc(c4)N5CCOCC5)ccc3C)c2cc1OCCN6CCCC6,2.7,3.126088903490791,0.42608890349079065
4082,valid,COc1cc(ccc1NC(=O)CN2CCOCC2)c3cccc4C(=O)C=C(Oc34)N5CCOCC5,2.3,2.6053531219854533,0.3053531219854535
1966,valid,OC(=O)[C@H](N1CCC(CN2CCC(CC2)Oc3ccc(Cl)c(Cl)c3)CC1)c4ccccc4,2.14,3.034743139649028,0.894743139649028
3629,valid,COc1ccc2nc(C)cc(OCC(=O)NCc3ccccc3)c2c1,3.2,3.4826939024733536,0.28269390247335346
2591,valid,CC(C)(C)OC(=O)N1CCN(CC1)c2cnc(OCc3ccc(cc3)S(=O)(=O)C)cn2,3.4,3.511112867245965,0.11111286724596514
592,valid,O=C(Nc1ccccc1)c2oc3ccccc3c2,3.44,4.097215238366915,0.657215238366915
2823,valid,CCOC(=O)\C=C\[C@H](C[C@@H]1CCNC1=O)NC(=O)[C@H](CC#C)N2C=CC=C(NC(=O)c3cc(C)on3)C2=O,1.75,1.1036061514343145,-0.6463938485656855
1619,valid,COc1ccnc(c1)N(C)c2ccnc(Nc3cc(cc(c3)N4CCOCC4)N5CCOCC5)n2,2.23,2.969194444827396,0.7391944448273962
1582,valid,O=S(=O)(NCC(N1CCCCCC1)c2ccccc2)c3cccnc3,2.1,3.204300324830966,1.104300324830966
1087,valid,CC(O)(C(=O)Nc1ccc(cc1)S(=O)(=O)c2ccc(F)cc2)C(F)(F)F,3.12,2.9283780149397316,-0.1916219850602685
2526,valid,N[C@H](CNC(=O)c1cc2c(cccc2[nH]1)c3ccccc3Cc4ccccc4)C(=O)O,3.25,2.3323059168417344,-0.9176940831582656
4179,valid,CCNC(=O)Nc1nc2cc(ccc2[nH]1)c3cccnc3,2.34,3.0678210921076263,0.7278210921076265
1888,valid,CC(C)C(NC(=O)CN1C(=O)C(=CC=C1c2ccccc2)NC(=O)Cc3ccc(cc3)C(=O)O)C(=O)C(F)(F)F,0.35,1.3446515016917817,0.9946515016917817
1722,valid,Clc1ccccc1CNC(=O)c2cccnc2Oc3ccccc3,3.68,3.2310909315220435,-0.44890906847795664
553,valid,COc1ccc(c(C)n1)c2cccc3c(N)c4C(=O)N(Cc4nc23)C5CCC5,3.92,3.1156449043027483,-0.8043550956972516
76,valid,Cc1cc(CCC2CCN(CC2)S(=O)(=O)CC3(CCOCC3)N(O)C=O)c(C)cn1,1.43,0.6104724813632929,-0.819527518636707
3394,valid,CC(C)CC1(CC=C)C(=O)NC(=O)NC1=O,1.48,1.4199494565705715,-0.060050543429428505
1766,valid,CC(NC(C)(C)C)C(=O)c1cccc(Cl)c1,2.12,2.4977252951728945,0.37772529517289444
2909,valid,CN(C)CCN(Cc1ccccc1)c2ccccn2,1.28,1.7017172387714965,0.42171723877149647
669,valid,CS(=O)(=O)c1ccc(cc1)N2CCN(CC2)C(=O)[C@@H]3CCCC[C@H]3C(=O)NCC#N,0.67,1.7125420001049303,1.0425420001049304
3608,valid,COc1ccc(cc1Cl)C(=O)NCCN2CCN(Cc3ccc(Cl)c(Cl)c3)CC2,3.74,2.4604543694422065,-1.2795456305577937
2559,valid,COc1cc(Nc2cc(Oc3cc(C)c(C)nc3c4ccccn4)ccn2)cc(OC)c1OC,3.22,3.052852109223262,-0.16714789077673808
138,valid,COc1ccc(cc1)C2=CC(=O)c3ccccc3N2,2.71,2.976273816333185,0.26627381633318503
4187,valid,CN1CCC[C@@H]([C@H]1C(=O)Nc2ccc(OCc3cc(C)nc4ccccc34)cc2)C(=O)NO,2.41,2.6710192690633994,0.26101926906339923
111,valid,COc1cc(OC)c(cc1NC(=O)CCC(=O)O)S(=O)(=O)N(c2ccc(C)cc2)c3ccc(C)cc3,0.06,0.17859988439280317,0.11859988439280317
787,valid,CN(C)CCNCc1ccc(Nc2ncc3cc(ccc3n2)c4ccncc4)cc1,1.4,1.4916718756539242,0.09167187565392432
1096,valid,Nc1cccc2C(=O)C(=O)c3ccccc3c12,2.31,2.755461622948909,0.4454616229489088
3638,valid,COc1c(cc2ccccc2c1C(=O)N(C)C[C@@H](CCN3CCC(CC3)c4ccc(O)cc4[S+](C)[O-])c5ccc(Cl)c(Cl)c5)C#N,3.5,3.3232056643206813,-0.17679433567931868
2597,valid,C(Nc1ncnc2ccccc12)c3ccccc3,3.21,3.619367274741591,0.40936727474159085
556,valid,C[C@H]1CN(Cc2cc(Cl)ccc2OC(C)(C)C(=O)O)CCN1S(=O)(=O)c3ccccc3,0.54,1.454878890258544,0.9148788902585441
21,valid,Clc1ccc(cc1)C(=O)Nc2oc(nn2)C(=O)Nc3ccc(cc3)N4CCOCC4,1.92,2.3750444438691845,0.4550444438691845
1293,valid,Nc1nc(ns1)c2ccccc2,2.2,2.0800784161044485,-0.11992158389555163
1724,valid,Cc1cc(OCCCS(=O)(=O)C)cc(C)c1c2cccc(COc3ccc4[C@H](CC(=O)O)COc4c3)c2,2.3,2.0318545795938996,-0.26814542040610023
2866,valid,Fc1cc2N=CNC(=O)c2cc1F,1.5,2.1888024553175964,0.6888024553175964
2029,valid,Cc1c(CC(=O)O)c2cc(F)ccc2n1S(=O)(=O)c3ccc(cc3)S(=O)(=O)C,-0.44,-0.3166466252822575,0.12335337471774249
1331,valid,CO[C@@H]1CN(CCN2C(=O)C=Nc3ccc(OC)cc23)CC[C@H]1NCc4ccc5OCC(=O)Nc5n4,0.97,1.0881273173400812,0.1181273173400812
3485,valid,Cc1cc(Cl)ccc1OC2CCN(C[C@H](O)CNC(=O)C3=CNC(=O)C=C3C(F)(F)F)CC2,2.37,3.106512105965037,0.736512105965037
2956,valid,Cc1ccc(cc1)S(=O)(=O)NC(=O)N2CCC(CC2)N3CCC(CC3)Oc4ccc(Cl)c(C)c4Cl,2.2,2.294704634053192,0.09470463405319185
436,valid,O=C(NC1(CC1)C#N)[C@@H]2CCCC[C@H]2C(=O)N3CCc4oc5ccccc5c4C3,3.01,2.8556985587327786,-0.15430144126722123
293,valid,COc1cc2ncn(c3cc(OCc4ccccc4C(F)(F)F)c(s3)C(=O)O)c2cc1OC,0.84,2.0749761816727115,1.2349761816727116
4098,valid,CN(C1CCCCC1)C(=O)c2c(C)nn(c2NS(=O)(=O)c3ccc(C)cc3)c4ccccc4,1.69,3.05652341378154,1.36652341378154
4008,valid,Clc1ccc2OCOc2c1Nc3ncnc4cc(OCCCN5CCCC5)cc(OC6CCOCC6)c34,2.3,2.5469792783192045,0.24697927831920463
3646,valid,CN(C)C(=O)[C@H](Cc1ccccc1)NC(=O)c2cc3sccc3[nH]2,3.1,3.2910415988336714,0.19104159883367133
133,valid,[O-][N+](=O)c1ccc2OC(CN(c2c1)c3cccc[n+]3[O-])(C(F)F)C(F)F,3.2,1.3352689817875694,-1.8647310182124308
1914,valid,CCCc1cc(cc(OC)c1OC)C2=N[C@H](CO2)C(=O)NO,1.69,2.3232460382856157,0.6332460382856158
2544,valid,Oc1c2C(=O)N(NC(=O)c2nc3cc(Cl)ccc13)C(C4CC4)c5ccccn5,1.0,1.711775416332337,0.7117754163323371
812,valid,C[C@H](NC(=O)c1c(C)nn(C2CCN(C)CC2)c1NS(=O)(=O)c3ccc(C)cc3)C(C)(C)C,0.8,0.5613749807615487,-0.23862501923845136
155,valid,COC(=O)C1=Nc2c(N[C@H](C)CO)nc(SCc3cccc(F)c3F)nc2NC1=O,2.49,2.341386530238487,-0.14861346976151335
3998,valid,CC(C)NC(=O)c1ccc2c(Nc3ccc(Cl)cc3)nc(nc2c1)N4CCOCC4,2.78,3.528633563642268,0.7486335636422683
310,valid,COc1ccnc(CCc2nc3cc(Br)cnc3[nH]2)c1,2.92,2.8720503702742475,-0.04794962972575245
880,valid,OC(=O)c1cccnc1N2CCC(CN3CCC(CC3)Oc4ccc(Cl)c(Cl)c4)CC2,1.71,2.936577772553287,1.226577772553287
2488,valid,CCC(Oc1ccc(cc1c2ccc(cc2C)S(=O)(=O)CC)C(F)(F)F)C(=O)O,0.31,0.37454869998590956,0.06454869998590956
1951,valid,COc1cc2ncc(C(=O)N)c(Nc3cccc(F)c3F)c2cc1OC,2.82,3.6118874813896613,0.7918874813896615
2520,valid,CN1CCN(CC1)C(=O)c2cc3cc(F)ccc3[nH]2,1.97,1.8833528526011833,-0.08664714739881663
1279,valid,CC(C)C[C@H](NC(=O)N1CCOCC1)C(=O)NCC#N,0.08,1.7802328072467906,1.7002328072467905
903,valid,O=C1C(=O)c2ccccc2c3ccccc13,2.6,3.374965030581209,0.774965030581209
2052,valid,Cc1nc(cs1)C(=O)N2CCOC3(CCN(Cc4ccc(Cl)cc4)CC3)C2,2.17,1.5506575552276785,-0.6193424447723215
1380,valid,COCCN(C)Cc1ccc(Nc2ncc3cc(ccc3n2)c4ccncc4)cc1,2.65,2.159760072038049,-0.4902399279619507
1621,valid,Oc1oc(c2ccccc2)c(n1)c3ccccc3,3.42,2.0881457237120373,-1.3318542762879626
2531,valid,O=C(CC1CCCCCC1)Nc2cccc3C(=O)N(C=Cc23)[C@H]4CCNC4,1.15,1.88526618599569,0.7352661859956902
267,valid,N#CC[C@H](C1CCCC1)n2cc(cn2)c3ncnc4[nH]ccc34,2.55,2.070180967438979,-0.479819032561021
2188,valid,Nc1[nH]nc2cccc(Cl)c12,1.92,2.6569127832710917,0.7369127832710918
2165,valid,Cc1ccccc1C[C@H](N2CCC(CN3CCC(CC3)Oc4ccc(Cl)c(Cl)c4)CC2)C(=O)O,2.54,2.9778650233625683,0.4378650233625683
2416,valid,Cc1ccc(C[C@H](N2CCC(CN3CCC(CC3)Oc4ccc(Cl)c(Cl)c4)CC2)C(=O)O)cc1,3.01,2.9216344484695327,-0.0883655515304671
1401,valid,CC[C@H](NC(=O)c1c([S+]([O-])CC)c(nc2ccccc12)c3ccccc3)c4ccccc4,3.45,3.828395284484551,0.37839528448455084
818,valid,CCCSc1c(cnn1c2ccc(cc2)C(=O)O)C(=O)N(C)C3CCCCC3,0.59,1.4585890082701387,0.8685890082701387
2101,valid,CN1CCN(CC1)c2ccc3N=CN(C(=O)c3c2)c4cc(ccc4C)C(=O)Nc5ccon5,1.87,2.8145445891300467,0.9445445891300466
1191,valid,Nc1nc(SCc2ccccc2)nc3c1ncn3[C@@H]4O[C@H](CO)[C@@H](O)[C@H]4O,1.24,1.9475429500696673,0.7075429500696673
2796,valid,Oc1ccc(CCc2ccc(O)cc2)cc1,3.3,3.254754417062712,-0.045245582937287754
4126,valid,O=C(CN1CCOCC1)Nc2ccc(cc2OCC3CC3)c4cccc5C(=O)C=C(Oc45)N6CCOCC6,3.3,2.8777492260289024,-0.42225077397109745
445,valid,CC(C)C[C@H](CO)Nc1nc(SCc2ccccc2F)nc3nc(N)sc13,4.5,4.064122613411066,-0.4358773865889338
1944,valid,CC(C)C(NC(=O)CN1C(=O)C(=CC=C1c2ccccc2)NS(=O)(=O)C(F)(F)F)C(=O)C(F)(F)F,1.01,2.808484486374126,1.7984844863741258
284,valid,COc1ccccc1c2nnc(N)[nH]2,0.91,0.7033628327234711,-0.20663716727652892
4024,valid,Cc1ccc(cc1)c2nnc(N3CCN(CC3)C(=O)c4occc4)c5ccccc25,3.78,3.419757562667074,-0.3602424373329258
42,valid,NC(=NC#N)c1sc(Nc2ccccc2)nc1N,2.91,2.3175528925175755,-0.5924471074824247
803,valid,O=C(N[C@H]1CN2CCC1CC2)c3ccc(s3)c4ccccn4,0.7,1.8813702043058733,1.1813702043058734
2363,valid,OC(=O)[C@H](Cc1ccc(OCCNc2ccccn2)cc1)NC(=O)c3c(Cl)cccc3Cl,-0.48,0.2508049057625601,0.7308049057625601
2835,valid,CCN1CCC[C@H]1CNC(=O)c2cc(ccc2OC)S(=O)(=O)N,-0.84,-0.6443807754882251,0.19561922451177483
1632,valid,CCNC1=Nc2ccccc2C(=NC1c3cccs3)c4ccccc4,3.98,3.0199874500621298,-0.9600125499378702
371,valid,Oc1ccc(cc1)C2=CC(=O)c3ccc(O)cc3O2,3.2,3.2596519954552168,0.0596519954552166
2000,valid,Fc1ccc(Nc2oc(nn2)C(=O)Nc3ccc(nc3)N4CCOCC4)cc1,3.0,2.6714024163930725,-0.3285975836069275
4134,valid,C[C@@H]1CC[C@H](CC1)Oc2nc(N)c3ncn([C@@H]4O[C@H](C)[C@@H](O)[C@H]4O)c3n2,2.35,1.854730352103169,-0.49526964789683103
3005,valid,CCn1cnc2cnc(c3ccc(cc3)C4(N)CCC4)c(c5ccccc5)c12,2.0,2.192105357321762,0.19210535732176215
3431,valid,CN(C(=O)C)c1ccccc1,1.1,1.563876101962254,0.46387610196225393
2667,valid,Nc1ncnc(Nc2ccccc2)n1,1.4,1.8810798984674215,0.4810798984674216
2257,valid,Cc1ccc(CN2C(=O)CCSc3ccc(Cl)cc23)cc1,3.7,4.093568219321328,0.39356821932132746
230,valid,OC(=O)[C@H](Cc1ccccc1)N2CCC(CN3CCC(CC3)Oc4ccc(Cl)c(Cl)c4)CC2,2.5,3.0154910162988813,0.5154910162988813
4092,valid,CN(C)CC(O)COc1ccc(Nc2nccc(Nc3cc(C)ccc3F)n2)cc1,2.1,2.55779543853356,0.4577954385335601
2711,valid,C[C@H](Nc1nc(Nc2ncc(C#N)s2)cc(n1)N3CCOCC3)c4ccc(F)cn4,3.45,3.3364203803047436,-0.11357961969525654
227,valid,Cc1cc(OC2CCN(CC3CCN(CC3)[C@@](C)(Cc4ccc(F)cc4)C(=O)O)CC2)ccc1Cl,2.08,2.7642160804646667,0.6842160804646666
2704,valid,COc1cc(ccc1Cc2c[nH]c3ccc(NC(=O)CC4CCCC4)cc23)C(=O)NS(=O)(=O)c5ccccc5C,2.0,2.6626209629279405,0.6626209629279405
2983,valid,CC1=C(C(=O)N(C[C@H](N)c2ccccc2)C(=O)N1Cc3c(F)cccc3F)c4ccccc4F,2.76,3.2521615049131736,0.4921615049131738
1957,valid,O=C(NC1(CC1)C#N)[C@@H]2CCCC[C@H]2C(=O)N3CCc4[nH]c5ncccc5c4C3,2.13,2.7642246815837446,0.6342246815837447
2241,valid,CCCc1nc2c(N)nc3ccccc3c2s1,4.09,3.6897202366554813,-0.40027976334451854
3452,valid,Cn1cnc2cc(OC(=O)c3ccccc3)cnc12,2.4,2.5794830518706293,0.1794830518706294
3113,valid,Cc1sc2ncnc(SCC(=O)N3CCCC3)c2c1C,2.89,2.7637327553951465,-0.1262672446048536
3455,valid,Oc1ccc(cc1)C2CC(=O)c3c(O)cc(O)cc3O2,2.6,2.4615554030320475,-0.13844459696795264
2281,valid,Nc1nc(NCc2ccccc2)nc3c1nc(O)n3Cc4ccccc4,3.69,3.5044879817633765,-0.18551201823662344
1840,valid,OCC(CO)CN1C(=O)C(Cc2ccccc12)NC(=O)c3cc4cc(Cl)sc4[nH]3,3.56,3.435551530199786,-0.12444846980021396
3215,valid,C[C@@H]1CN(CCN1c2ncc(OCc3ccncc3C#N)cn2)c4noc(n4)C(F)F,2.85,3.2110869691748656,0.3610869691748655
398,valid,CCc1[nH]nc(NC(=O)Cc2ncc(Oc3ccnc4cc(OC)c(OC)cc34)cc2OC)c1C,2.79,3.9099804405742384,1.1199804405742384
3179,valid,NC(=O)c1cccnc1Oc2ccccc2,1.13,1.8304868331120896,0.7004868331120897
1698,valid,Cc1nc(N)c2nc(O)n(Cc3ccccc3)c2n1,2.04,1.7050239715261761,-0.3349760284738239
2993,valid,Clc1ccc2N(C3CCN(CCCN4C(=O)Nc5ccccc45)CC3)C(=O)Nc2c1,3.45,2.5168982737718637,-0.9331017262281365
2407,valid,OCC(O)CN1CCN(CC1)c2ccccc2,0.4,1.4553442903067928,1.0553442903067927
3896,valid,CNS(=O)(=O)c1ccc(Nc2nccc(n2)c3cnc4cccnn34)cc1,2.8,2.8655464064069283,0.06554640640692844
599,valid,CCC(C)NC(=O)c1c(C)nn(c1NS(=O)(=O)c2ccc(C)cc2)c3ccccc3,0.66,0.9494360791692176,0.28943607916921754
1229,valid,Cc1oc(cc1)c2ccc(cc2F)S(=O)(=O)N3CCC[C@H]3C(=O)N4CC[C@@H](N)C4,1.2,1.8586388740800446,0.6586388740800446
3791,valid,CCc1nn(C2CCCC2)c3c1CCn4c(nnc34)c5cccs5,3.6,2.630892229711563,-0.9691077702884372
1537,valid,Cc1ccc(Oc2ccnc(Nc3ccc(cc3)S(=O)(=O)N)c2)c(C)n1,2.47,2.429180971519191,-0.040819028480809205
3274,valid,CCCCCOC(=O)NC1=NC(=O)N(C=C1F)[C@@H]2O[C@H](C)[C@@H](O)[C@H]2O,0.67,1.498648973348831,0.828648973348831
1853,valid,NC1=CC2=NNC(=O)N2c3cc(ccc13)c4cccs4,3.26,3.1599158760922688,-0.10008412390773103
3772,valid,CC1=C2C(=CC(=O)N1Cc3ccccn3)NN(C2=O)c4ccccc4Cl,0.2,2.3128567899185937,2.1128567899185935
3639,valid,CN1C(=O)N(C)c2ncn(C)c2C1=O,-0.03,0.02427571476742285,0.05427571476742285
1488,valid,Cc1nc(C)c(nc1C(=O)N)c2ccc(cc2)C34CCC(CC(=O)O)(CC3)CC4,1.6,0.9112296191126239,-0.6887703808873762
3262,valid,C[C@H]1O[C@H]([C@H](O)[C@@H]1O)n2cnc3c(N)nc(OC4CC5CC5C4)nc23,1.66,1.6003051299196849,-0.05969487008031504
3852,valid,OC(=O)c1cncc(c1)c2ccc(Cl)c(c2)C(=O)NCC34CC5CC(CC(C5)C3)C4,0.85,1.9831108903621173,1.1331108903621172
2763,valid,Cc1cc(C)n(n1)c2cccc(Cl)c2C#N,3.0,2.4873514059470825,-0.5126485940529175
2946,valid,Clc1ccc(cc1)c2oc(cc2)C(=O)Nc3ccc(cc3)N4CCNCC4,2.4,2.8240772310874056,0.4240772310874057
2364,valid,CC(C)(C)OC(=O)N1CCC(CC1)c2ncc(OCc3ccc(cc3)S(=O)(=O)C)cn2,2.8,3.219447401475058,0.419447401475058
4010,valid,CC1=CN([C@H]2CCCN(C2)S(=O)(=O)c3ccc(C(=O)O)c(Oc4ccc(Cl)c(Cl)c4)c3)C(=O)NC1=O,-0.87,-0.13126706719115777,0.7387329328088422
206,valid,CC(C)C(NC(=O)CN1C(=O)C(=CC=C1c2ccccc2)NS(=O)(=O)N)C(=O)C(F)(F)F,1.17,2.3717450835022857,1.2017450835022858
1900,valid,COc1ccc(OC(F)(F)F)cc1CN[C@H]2CCCN[C@H]2c3ccccc3,2.9,3.603400272930962,0.7034002729309621
635,valid,FC(F)Oc1ccc(cc1OCC2CC2)C(=O)Nc3c(Cl)cncc3Cl,3.95,3.328184411257088,-0.621815588742912
1251,valid,CC(C)n1c(C)ncc1c2ccnc(Nc3ccc(cc3)S(=O)(=O)CCCN4CCOCC4)n2,2.43,1.9710968978291399,-0.4589031021708603
3966,valid,COc1cc(nc2c(cc(F)cc12)N3CCN(C)CC3)C(=O)Nc4ccc(cc4)N5CCOCC5,3.85,2.8714095507637993,-0.9785904492362008
1522,valid,CCOC(=O)c1ccc(CCN2CCN(CC2)c3ccc(C)nn3)cc1,2.58,2.180758854996205,-0.39924114500379515
2219,valid,OC(CN1CCCCC1)(C(=O)c2ccccc2)c3ccccc3,3.41,2.780501612794419,-0.6294983872055813
2279,valid,CCN1C(=O)NC(C1=O)c2ccccc2,1.0,1.2331075636796318,0.2331075636796318
2056,valid,COc1cc2ncnc(Nc3cccc(Cl)c3F)c2cc1CN4CCC[C@@H]4C(=O)N,3.58,2.9430688708811448,-0.6369311291188553
3666,valid,O[C@H](CNC(=O)c1c[nH]nc1C2CC2)CN3CCC(CC3)Oc4ccc(Cl)c(Cl)c4,3.15,3.5894106611684755,0.4394106611684756
738,valid,CS(=O)(=O)c1ccc2c3CN(CCc3[nH]c2c1)C(=O)[C@@H]4CCCC[C@H]4C(=O)NC5(CC5)C#N,1.5,1.6410735308693056,0.14107353086930563
2574,valid,COc1ccc2nc3ccccc3c(N)c2c1,1.0,2.9846822414322647,1.9846822414322647
1504,valid,CCCC1=CC(=O)NC(=S)N1,0.7,1.8261033342106812,1.1261033342106812
3532,valid,O=C1O[C@]2(CN3CCC2CC3)CN1c4cccs4,0.9,1.5870982199932733,0.6870982199932733
2933,valid,CONC(=O)c1cnc(s1)N2CCC(CC2)NC(=O)c3[nH]c(C)c(Cl)c3Cl,3.1,2.128945552175011,-0.9710544478249892
175,valid,Cc1nc2ccc(Cl)cn2c1c3ccnc(N)n3,2.49,2.5639216398054185,0.07392163980541833
1571,valid,CCN1CCN(CC(=O)Nc2ccc(c3cccc4C(=O)C=C(Nc34)N5CCOCC5)c6sc7ccccc7c26)CC1,2.6,3.1708292506356965,0.5708292506356965
2979,valid,CC(=O)C1=C(C)c2cnc(Nc3ccc(cn3)N4CCNCC4)nc2N(C5CCCC5)C1=O,0.8,1.5799320060961235,0.7799320060961235
771,valid,CC(C)[C@H](N(CCCN)C(=O)c1ccc(C)cc1)C2=Nc3cc(Cl)ccc3C(=O)N2Cc4ccccc4,2.88,2.4904198371084902,-0.38958016289150965
2540,valid,C[C@@H](Oc1ccc(SCCCCCc2ccccc2)cc1)C(=O)c3nc(C)c(CCCC(=O)O)s3,3.58,2.1446597425213194,-1.4353402574786807
3717,valid,COc1ccc(OC)c(c1)c2c(F)ccc3c(N)c(nnc23)C(=O)NC4CC4,3.47,2.9711456701267474,-0.49885432987325284
2265,valid,COc1cc2ncnc(Nc3cc(NC(=O)c4cccc(c4)N5CCOCC5)ccc3C)c2cc1OC,3.6,3.285951109627566,-0.3140488903724341
1553,valid,NC(=O)c1c(NC(=O)NCCCCN2CCCC2)snc1OCc3c(F)cc(Br)cc3F,2.5,2.1819503268234075,-0.3180496731765925
824,valid,Cc1cc(O[C@H]2C[C@H]3CC[C@@H](C2)N3Cc4ccccc4)cc(c1)C(=O)N,2.08,2.455125921964809,0.3751259219648091
2069,valid,COc1ccc2C(=NC(=O)N(CCN3CCC(CC3)NCc4cc5OCCOc5cn4)c2c1)C,0.29,1.4863655634094477,1.1963655634094477
501,valid,Cc1c(Sc2ccc(Cl)cc2)c3cc(Cl)ccc3n1CC(=O)O,2.87,2.486211902225904,-0.38378809777409595
947,valid,CCN1CCOc2cc(COc3ccccc3)cnc12,3.7,3.3177172830093404,-0.38228271699065974
1360,valid,Clc1cnc(cc1C(=O)NCC23CC4CC(CC(C4)C2)C3)N5CCNCC5,2.09,1.4732038274277723,-0.6167961725722275
172,valid,Cc1ccc2c(c1)c(c(C)n2CC(=O)O)c3ccnc4ccc(cc34)C(F)(F)F,1.78,1.6451309100288753,-0.13486908997112468
680,valid,O=C(NC1(CC1)C#N)[C@@H]2CCCC[C@H]2C(=O)N3CCN(CC3)c4ccccc4,1.99,2.3196163660348073,0.32961636603480726
2443,valid,COc1ccc(cc1)N2CCN(CC2)C(=O)[C@@H]3CCCC[C@H]3C(=O)NC4(CC4)C#N,1.74,1.403648095290584,-0.3363519047094159
1801,valid,Cn1cc(nc1c2c3C(=O)N(CC=C)C(=O)N(CC4CC4)c3nn2Cc5ccnc6ccc(Cl)cc56)C#N,3.92,3.9410570788635617,0.021057078863561784
3393,valid,Cc1cc(Nc2nc(NCc3ccccn3)ncc2Br)n[nH]1,2.8,2.956848730983433,0.156848730983433
1154,valid,OC(=O)c1ccc2c(c1)nc(Nc3cccc(Cl)c3)c4ccncc24,1.29,1.1336924322984,-0.15630756770159993
1249,valid,OC(=O)c1c(C#N)c2ccccc2n1Cc3ccc(Cl)c(Cl)c3,1.26,2.4140083806311123,1.1540083806311123
1400,valid,CC(C)C(NC(=O)CN1C(=O)C(=CC=C1c2ccccc2)NC(=O)NCc3cccnc3)C(=O)C(F)(F)F,2.84,2.3222039295892887,-0.5177960704107112
3673,valid,CN[C@@H](C)C(=O)N[C@@H](C1CCCCC1)C(=O)N[C@H]2CCCN(Cc3ccccc3)C2,2.01,1.8726174091912817,-0.13738259080871806
3312,valid,OC(=O)c1cc2cc(ccc2n1Cc3ccc(Cl)c(Cl)c3)C(F)(F)F,3.07,1.4158059578027569,-1.654194042197243
3470,valid,Cc1cccc(NC(=O)NCC(N2CCOCC2)c3cccnc3)c1,2.0,2.7020056678807176,0.7020056678807176
1609,valid,CCOC(=O)c1ccc(OCCC2CN(C2)c3ccc(C)nn3)cc1,3.22,3.138142829790915,-0.08185717020908534
1858,valid,NC(=O)N(c1ccc(C(=O)N)c(n1)c2ccc(F)cc2F)c3c(F)cccc3F,1.6,2.1219892525642607,0.5219892525642607
2183,valid,C1CN(CCO1)c2cc(Nc3nccc(Nc4cccc5[nH]ncc45)n3)cc(c2)N6CCOCC6,3.05,2.9059469468897747,-0.1440530531102251
3792,valid,CCCN1CCC(CC1)Oc2nccc(Nc3cc(NC(=O)c4cccc(c4)N5CCOCC5)ccc3C)n2,2.6,3.2862027827084797,0.6862027827084796
3509,valid,CCOc1cccc2c3CN(CCc3[nH]c12)C(=O)[C@@H]4CCCC[C@H]4C(=O)NC5(CC5)C#N,3.1,3.1891158802997888,0.08911588029978867
2147,valid,CCS(=O)(=O)c1ccc(c(F)c1)c2cc(Cl)ccc2OCC(=O)O,-0.92,-0.6656632688889013,0.2543367311110988
2419,valid,OC(=O)CSc1c[nH]c2ccccc12,-1.31,-0.3099533645169168,1.0000466354830833
3698,valid,Clc1ccc2Oc3ccccc3N=C(N4CCNCC4)c2c1,2.28,2.5476820042035184,0.2676820042035186
2158,valid,CCn1cc(NC(=O)Cc2ccc(Oc3ccnc4ccc(F)cc34)cc2OC)cn1,3.88,3.965586314020308,0.08558631402030814
2722,valid,COc1cc2ncc(C(=O)N)c(Nc3cccc(Cl)c3Cl)c2cc1OC,3.4,4.064278879120697,0.664278879120697
462,valid,CC(=O)Nc1ccc2CCN(c3cc(NC4CC4)n5ncc(C#N)c5n3)c2c1,3.3,3.0007173294124003,-0.2992826705875995
2484,valid,NC(=O)c1sc2nccc(Nc3ccccc3)c2c1N,2.91,3.1246973291579856,0.21469732915798545
3829,test,CCC(CC)NC(=O)c1c(C)nn(C(C)C)c1NS(=O)(=O)c2ccc(C)cc2,0.92,1.6881691029361265,0.7681691029361265
416,test,Clc1cccc(c1)N2CCN(CCCN3N=C4C=CC=CN4C3=O)CC2,2.67,2.438533929593968,-0.23146607040603184
2228,test,Cc1ccc(cc1)S(=O)(=O)NC(=O)N2CCC(CC2)N3CCC(CC3)Oc4ccc(Cl)cc4C,1.79,1.4125890669893684,-0.37741093301063167
3333,test,Oc1c2ncc3ccccc3c2nn1c4ccc(Cl)cc4,1.52,1.6424319655962527,0.12243196559625269
3883,test,NS(=O)(=O)c1cccc2c3nc(O)c(O)nc3cc(c12)[N+](=O)[O-],0.36,0.37617640756263926,0.016176407562639272
3099,test,CO[C@@H]1CN(CCN2C(=O)C=Cc3ccc(cc23)C#N)CC[C@H]1NCc4ccc5OCC(=O)Nc5n4,0.81,0.4309484784063484,-0.37905152159365163
2449,test,CCc1nc2ccc(cn2c1N(C)Cc3cccs3)C(=O)NCc4ccc5OCOc5c4,4.1,2.7354535407379705,-1.364546459262029
2612,test,CCCCNc1nc(SCCC)nc2c1nnn2[C@@H]3C[C@H](CO)[C@@H](O)[C@H]3O,3.07,2.8413981502305083,-0.2286018497694915
2151,test,O[C@H](CNC(=O)C1=CNC(=O)c2ccccc12)CN3CCC(CC3)Oc4ccc(Cl)c(Cl)c4,3.42,3.744816981674797,0.3248169816747972
3148,test,C1CCC(CC1)NC2CCCCC2,-0.38,1.6420224366828533,2.022022436682853
3073,test,CN(C)CCOc1ccc(cc1)c2oc3ncnc(NC[C@@H]4CCCO4)c3c2c5ccccc5,3.6,2.492219241814373,-1.1077807581856272
535,test,CN(C)CCOc1cc(NS(=O)(=O)c2c(Cl)cc(cc2Cl)C(F)(F)F)ccc1Cl,2.99,1.93455406767013,-1.0554459323298702
3112,test,CCCCCc1ccc(cc1)c2nnc(N)s2,4.13,3.1116140874226836,-1.0183859125773163
82,test,COc1ccc(cc1)C2=COc3cc(O)cc(O)c3C2=O,3.5,3.3669721334953895,-0.13302786650461051
3014,test,O[C@H](CNC(=O)c1cnnc2ccccc12)CN3CCC(CC3)Oc4ccc(Cl)c(Cl)c4,3.28,3.8289161219977803,0.5489161219977805
383,test,CC(C)(C)NCC(O)COc1nsnc1N2CCOCC2,-0.35,-0.5843438078725733,-0.23434380787257336
2608,test,COc1cc(OC)c(cc1NC(=O)C)S(=O)(=O)N(C)c2ccccc2,1.1,1.3641886184244796,0.2641886184244795
4031,test,NC(=O)Nc1cc(sc1C(=O)N)c2ccsc2,2.3,1.869484017897343,-0.43051598210265674
3457,test,C[C@H](CO)Nc1nc(SCc2cccc(F)c2F)nc3NC(=O)C(=Cc13)C#N,3.32,2.953170415428932,-0.3668295845710676
2046,test,CCCc1c(O)c(O)c(C(=O)O)c2cc(Cc3ccccc3)c(C)cc12,2.6,2.1671039595772403,-0.43289604042275975
2422,test,O=C(NCC#N)[C@@H]1CCCC[C@H]1C(=O)N2CCCCC2,0.9,1.675309490296846,0.7753094902968459
1453,test,CC[C@H](CO)Nc1nc(SCc2ccccc2)nc3NC(=O)Sc13,3.22,2.812596977746274,-0.4074030222537264
3817,test,FC(F)(F)c1cccc(c1)S(=O)(=O)NC(=O)N2CCC(CC2)N3CCC(CC3)Oc4ccc(Cl)c(Cl)c4,2.94,2.1447748457325067,-0.7952251542674933
261,test,CSCCC(NC(=O)c1sccc1Cl)c2nc3ccccc3[nH]2,3.69,3.234031574628582,-0.455968425371418
1675,test,CCCCCCCN(CC)CCCC(O)c1ccc(NS(=O)(=O)C)cc1,1.2,1.6853449363286954,0.48534493632869546
3671,test,CC(C)n1c2ccccc2c3cc(NC(=O)N4CCOCC4)ccc13,3.55,3.7013067391146324,0.15130673911463255
799,test,CC(C)c1ccccc1Cc2cc(C(=O)Nc3ccc(cc3)S(=O)(=O)c4ccccc4C(C)(C)C)c(O)c(O)c2O,3.44,2.6092871582063157,-0.8307128417936842
1376,test,COc1ccc(cc1)C(=O)CS(=O)(=O)c2ccccc2,1.96,2.4542955164430933,0.49429551644309333
2,test,COC(=O)[C@@H](N1CCc2sccc2C1)c3ccccc3Cl,3.69,4.103421632425468,0.4134216324254685
2650,test,NC1=NC(=CC(=O)N1)CCc2ccccc2,1.4,1.584747837718234,0.1847478377182341
118,test,Clc1ccc2OCC(=O)N(CCN3CCC(CC3)NCc4ccc5OCC(=O)Nc5n4)c2c1,1.33,1.273491335594192,-0.05650866440580815
4018,test,COc1cc(OC2CCNCC2)ccc1Nc3ncc(Cl)c(n3)c4cnc5ccccn45,1.8,2.4352742500201257,0.6352742500201256
694,test,CC(C)CN1C(=O)N(C)C(=O)c2c1sc(Cc3ccccc3C(F)(F)F)c2C(=O)N4CCC4,3.46,3.825130473150587,0.3651304731505869
1763,test,CN1CC(c2ccccc2)c3cccc(N)c3C1,2.08,2.4510883109234562,0.3710883109234562
3022,test,CC1=CN([C@H]2CCCN(C2)S(=O)(=O)c3cccc(Oc4ccccc4)c3)C(=O)NC1=O,2.32,2.259087905900427,-0.060912094099572656
544,test,Nc1ccc(Cl)c(c1)C(=O)NCC23CC4CC(CC(C4)C2)C3,3.45,2.8854028487201764,-0.5645971512798238
3689,test,FC(F)(F)c1cc(NC(=O)c2cnc(Cl)nc2C(F)(F)F)cc(c1)C(F)(F)F,1.8,3.04564249220001,1.24564249220001
26,test,COc1cnc(nc1N(C)C)c2ccccn2,1.9,1.3425529009151234,-0.5574470990848766
977,test,Oc1ncc(NCc2ccccc2)c(O)n1,0.82,0.7869045627075666,-0.03309543729243336
2636,test,CC(C)(N)C(=O)N[C@H](Cc1c[nH]c2ccccc12)C(=O)N[C@H](Cc3c[nH]c4ccccc34)NC=O,1.0,1.806459137159381,0.806459137159381
3818,test,OC(=O)CCC(=O)N1CCC(CC1)c2onc(n2)c3cccs3,-1.27,0.40181424746236427,1.6718142474623643
2049,test,O=C(N1CCN(CC1)c2ccccn2)c3cccc(CC4=NNC(=O)c5ccccc45)c3,2.36,2.039250602382711,-0.32074939761728904
2850,test,O=C1NN=C(Cc2ccccc2)c3ccccc13,2.8,2.9356679331671467,0.13566793316714687
1465,test,CCOc1ccc(cc1)N2C(=Nc3ccccc3C2=O)CC,3.27,2.3437221315988084,-0.9262778684011916
1342,test,Fc1ccc(CC2=NNC(=O)c3ccccc23)cc1N4C(=O)CCC4=O,1.0,3.0568829261033272,2.0568829261033272
3015,test,CCCCc1nc2c(N)nc3ccccc3c2n1Cc4ccccc4,4.17,3.1445563734904503,-1.0254436265095497
697,test,COc1cc2c(NC(=O)Nc3c(Cl)cccc3Cl)ncnc2cc1OCC4CCN(C)CC4,2.7,2.6670220977373735,-0.032977902262626646
2579,test,OCC(=O)N1CCC(CC1)c2n[nH]c(c3ccc(Cl)cc3)c2c4ccncn4,1.85,2.6431894448084576,0.7931894448084575
2192,test,COc1ccc(N(C(C(=O)NC[C@@H](C)O)c2ccccc2F)C(=O)c3ccoc3Cl)c(OC)c1,2.36,2.4279648166485845,0.06796481664858467
3298,test,CS(=O)(=O)c1ccc(CC(=O)N(CC=C)C2CCN(CCC(c3ccccc3)c4ccccc4)CC2)cc1,3.1,3.4277898514327036,0.32778985143270356
1122,test,Cn1cnc(c2ccccc2)c1c3cc4c(N)ncnc4s3,2.94,3.1798608593371993,0.23986085933719936
925,test,CN(c1ccnc(Nc2cc(cc(c2)N3CCOCC3)N4CCCC4)n1)c5cc(CO)ccc5C,3.8,3.0622834892661013,-0.7377165107338985
876,test,CN[C@@H](C)C(=O)N[C@@H](C1CCCCC1)C(=O)N[C@H]2CCCN(CCc3ccccc3)C2,1.65,2.193891282122536,0.5438912821225359
1570,test,CCN(CC)CC(=O)Nc1c(cnn1c2ccccc2)C#N,0.4,1.1313162828052834,0.7313162828052834
2093,test,Cc1ccccc1CCOCCCS(=O)(=O)CCNCCc2ccc(O)c3nc(O)sc23,2.84,2.235830376014129,-0.6041696239858707
3573,test,Oc1ccc(CCNCCN(C2CCCCC2)C(=O)CCNCCc3ccc(Cl)c(Cl)c3)c4OCC(=O)Nc14,2.23,2.0936419472201844,-0.1363580527798156
3270,test,CSc1ccc2Sc3ccccc3N(CCC4CCCCN4C)c2c1,3.76,3.0292987758294383,-0.7307012241705615
3894,test,COc1cc2c3N([C@H](C)c4ccccn4)C(=O)Nc3cnc2cc1c5c(C)onc5C,3.15,3.0691437852094983,-0.08085621479050165
1404,test,Cc1cc(CN2Cc3ccccc3C2C(=O)Nc4ccc(Cl)cc4)ccc1OCC(=O)O,1.38,2.1970769498346714,0.8170769498346715
2822,test,COc1ccccc1N2CCN(CCCCNC(=O)c3ccc4ccccc4c3)CC2,3.53,3.4543204730370363,-0.07567952696296354
2278,test,Clc1ccc(cc1)c2cn3ccccc3n2,4.0,3.86703078859867,-0.1329692114013299
3694,test,COc1ccc(CC(=O)N(C)C2CCN(CCC(c3ccccc3)c4ccccc4)CC2)cc1OC,3.4,3.4329305740653555,0.0329305740653556
1457,test,C[C@H](NC(=O)c1c(NS(=O)(=O)c2ccc(C)cc2)n(nc1C(F)(F)F)c3ccccc3)C(C)(C)C,2.35,2.2668252991548195,-0.08317470084518064
123,test,Nc1c(NC2CC3CCC2C3)nc(nc1N4CCOCC4)C#N,3.53,2.620591847528625,-0.9094081524713746
3742,test,COc1cc2OC[C@H]3Oc4c5C[C@@H](Oc5ccc4C(=O)[C@H]3c2cc1OC)C(=C)C,3.57,2.735201542404655,-0.8347984575953449
1432,test,COc1cc(OC)c(cc1NC(=O)CCC(=O)O)S(=O)(=O)N2c3ccccc3Oc4ccccc24,-0.53,-0.6341823057246119,-0.10418230572461185
3230,test,Cc1c(sc2ncnc(O)c12)C(=O)Nc3ccccc3,2.13,2.3476171375314188,0.21761713753141887
704,test,CC(=O)NC1CC2CCCC(C1)N2C(=O)Nc3ccc(Cl)c(c3)C(F)(F)F,2.79,3.042436659968293,0.2524366599682928
2327,test,Oc1ccc(cc1)c2oc3c(cc(O)cc3n2)C#N,3.6,2.7008188218654565,-0.8991811781345436
936,test,COc1ccc(Sc2c(C)n(CC(=O)O)c3ccc(C)cc23)cc1,1.01,1.6624742715877228,0.6524742715877228
2119,test,O[C@H](CNC(=O)c1c[nH]nc1C(F)(F)F)CN2CCC(CC2)Oc3ccc(Cl)c(Cl)c3,3.34,3.1967982697590704,-0.14320173024092941
3961,test,Nc1cc(nc2c(cnn12)C#N)c3ccccc3,2.48,2.669743050915872,0.18974305091587196
494,test,FC(F)(F)c1ccc2[nH]c3CCN(Cc3c2c1)C(=O)[C@@H]4CCCC[C@H]4C(=O)NC5(CC5)C#N,4.2,2.196518166207864,-2.003481833792136
166,test,CCCNC(=O)CSc1ccc(cn1)S(=O)(=O)N2CCCC2,1.55,2.640295348934575,1.090295348934575
3036,test,CCOc1ccc(cc1)N2C(=O)c3ccccc3N=C2[C@@H](C)N(Cc4cccnc4)C(=O)Cc5ccc(cc5)C(F)(F)F,4.25,3.7307520559116467,-0.5192479440883533
688,test,C[C@]12CC[C@H]3[C@@H](CCc4cc(O)ccc34)[C@@H]1CC[C@@H]2O,3.72,2.6212509534519026,-1.0987490465480976
1727,test,CN1CCN(CC1)C(=O)c2cc3cc(C)ccc3[nH]2,2.22,1.7363069643950537,-0.4836930356049465
431,test,COc1ccc(OC)c(c1)c2cccc3c(N)c(nnc23)C(=O)NC(C)C,3.65,3.8362916900244146,0.1862916900244147
1706,test,OC(=O)C(N1CCC(CC1)N2CCC(CC2)Oc3ccc(Cl)c(Cl)c3)c4ccccc4,2.23,2.2999034684483526,0.0699034684483526
2953,test,COCCNc1nc(NCc2ccccc2F)c3sccc3n1,3.4,2.9601384783348914,-0.4398615216651085
2485,test,COc1ccccc1OCC(O)COC(=O)N,0.36,-0.31014128812701847,-0.6701412881270185
93,test,COC(=O)[C@H]1[C@@H](O)CC[C@H]2CN3CCc4c([nH]c5ccccc45)[C@@H]3C[C@H]12,1.65,2.448462476002994,0.7984624760029941
315,test,CS(=O)(=O)C1(CC1)c2cc(nc(n2)c3cccc(N)c3)N4CCOCC4,1.35,2.2635362745864764,0.9135362745864763
3537,test,COc1ccnc(NC2CCN(CC2)C(=O)c3ccc(cc3)C#N)c1,1.73,2.2618461546876993,0.5318461546876994
434,test,CC(C)n1c(C)ncc1c2ccnc(Nc3ccccc3)n2,3.58,4.119545189058975,0.5395451890589751
2138,test,NC(=O)c1sc(cc1NS(=O)(=O)c2ccc(cc2)C(F)(F)F)c3ccsc3,2.39,2.043285322291601,-0.34671467770839914
482,test,Oc1ccc(cc1)C2CC(=O)c3ccc(O)cc3O2,2.4,2.9599093560871905,0.5599093560871906
380,test,O[C@@H](CNCCCSCCNCCc1ccccc1Cl)c2ccc(O)c3NC(=O)Sc23,0.99,1.5173774403315976,0.5273774403315976
2523,test,CN1N=Nc2c(ncn2C1=O)C(=O)N,-1.08,-0.936726307892767,0.14327369210723306
927,test,CC1Nc2cc(Cl)c(cc2C(=O)N1c3ccccc3C)S(=O)(=O)N,1.64,2.9276351384533363,1.2876351384533364
2855,test,CCOC(=O)c1ccc(OCCC2CCN(CC2)c3ccc(C)nn3)cc1,4.42,3.2589558830364123,-1.1610441169635877
219,test,C(CN1CCCCC1)C2CCc3cc(OCc4ccc(cc4)c5ccccc5)ccc3C2,3.3,3.716004389217334,0.41600438921733396
343,test,OC(=O)C[C@H]1[C@@H](Cc2ccccc12)NC(=O)c3cc4sc(Cl)c(Cl)c4[nH]3,2.53,1.742125404616214,-0.7878745953837858
2161,test,CCS(=O)(=O)c1ccc(Oc2cc3nc([nH]c3cc2CN4C(=O)CCC4=O)c5ccccn5)cc1,2.0,1.5433976324995684,-0.4566023675004316
2470,test,Clc1ccc(CN2C(=O)C(=O)c3ccccc23)cc1,3.1,3.4931877014180728,0.3931877014180727
2295,test,C[C@H](CO)Nc1nc(SCc2cccc(F)c2F)nc3nc(N)cnc13,2.89,3.21299800773298,0.3229980077329797
3103,test,OC(=O)COc1ccc(cc1c2ccccc2)c3nccs3,-0.16,0.3740773008377998,0.5340773008377998
3607,test,OC(=O)C[C@H]1[C@@H](Cc2ccccc12)NC(=O)c3cc4cc(Cl)ccc4[nH]3,1.79,1.5624251148573318,-0.22757488514266822
3511,test,NC(=O)c1nnn(c1N)c2ccccc2,0.74,1.29343162074887,0.5534316207488701
1919,test,CC1=CN([C@H]2CCCN(C2)[C@H](CC(C)(C)C)c3ccc(C(=O)O)c(Oc4cccc(Br)c4)c3)C(=O)NC1=O,1.09,1.3926581057368836,0.30265810573688356
1823,test,COc1cc(N2CCCN(C)CC2)c3NC(=CC(=O)c3c1)C(=O)Nc4ccc(cc4)N5CCOCC5,2.1,2.4729261185919835,0.37292611859198344
1825,test,CC(C)(C)OC(=O)c1ncn2c1[C@@H]3CCCN3C(=O)c4c(Br)cccc24,2.48,2.378958928806765,-0.1010410711932348
324,test,COc1cc(N2CCN(C)CC2)c3nc(cc(N(C)C)c3c1)C(=O)Nc4ccc(cc4)N5CCOCC5,3.3,2.7871473505698976,-0.5128526494301022
34,test,O=C(NCc1ccncc1)c2ccc(Oc3ccccc3C#N)cc2,2.57,2.781828208925116,0.211828208925116
2714,test,CC(=O)Nc1ccc2c(c1)c(cn2C)c3cc(NC4CC4)n5ncc(C#N)c5n3,2.94,2.772678352905872,-0.1673216470941279
492,test,CC(C)CN1C(=O)N(C)C(=O)c2c1sc(Cc3ccccc3C(F)(F)F)c2C(=O)N(C)C,2.9,3.423904747628779,0.5239047476287793
3581,test,Cc1cccc(CN2C=CN3C(=O)C=C(N=C23)N4CCOCC4)c1,2.8,2.383308926710757,-0.4166910732892428
2471,test,COc1ccccc1O[C@H]([C@@H]2CNCCO2)c3ccccc3,0.9,2.1716059994270305,1.2716059994270306
3865,test,C[C@@H]1CN[C@@H](C2CC2)C(=O)N(C)[C@H](C)C(=O)N[C@H](Cc3ccc(F)cc3)C(=O)NCCCc4ccccc4O1,3.3,2.4614294580741234,-0.8385705419258764
3893,test,COc1cc(ccc1Nc2ncc(Cl)c(n2)c3cnc4ccccn34)C(CO)CO,3.1,2.905983302880498,-0.1940166971195021
1517,test,Nc1nc2ccccc2s1,2.0,2.4869208079058582,0.48692080790585823
2027,test,C[C@H](NC(=O)c1c(C)nn(C2CCOCC2)c1NS(=O)(=O)c3ccc(C)cc3)C(C)(C)C,0.5,0.5953287295215339,0.09532872952153393
4122,test,COc1cc(ccc1Nc2ncc(Cl)c(n2)c3cnc4ccccn34)N5CCN(CCS(=O)(=O)C)CC5,3.1,3.247163821059134,0.14716382105913395
4011,test,CC(C)C(NC(=O)CN1C(=O)C2=C(C=C1c3ccccc3)C(=O)N(CCN4CCOCC4)C(=O)N2)C(=O)C(F)(F)F,1.91,1.9197898131033098,0.009789813103309841
3906,test,O[C@@H]1CN(CCN2C(=O)C=Cc3ccc(cc23)C#N)CC[C@@H]1NCc4cc5OCCOc5cn4,0.46,0.38265326706311686,-0.07734673293688316
2250,test,Cn1nnc(n1)c2ccc(cn2)c3ccc(cc3F)N4C[C@H](COc5ccon5)OC4=O,1.24,2.5217012398545133,1.2817012398545133
3583,test,O=C(NCc1ccccc1)c2cccnc2Oc3ccccc3,3.0,3.843797069898643,0.8437970698986428
2829,test,ONC(=O)CN1C(=O)C(Cc2ccccc12)NC(=O)c3cc4cc(Cl)sc4[nH]3,2.4,2.6307556959809926,0.23075569598099266
1549,test,NC(=O)c1cccc(S[C@H]2C[C@H]3CC[C@@H](C2)N3Cc4ccccc4)c1,2.22,1.7854714669916305,-0.4345285330083697
1754,test,CCC(CC)NC(=O)c1cnn(c1NS(=O)(=O)c2ccc(C)cc2)c3ccccn3,0.27,0.37498555010108525,0.10498555010108523
955,test,CS(=O)(=O)Cc1cc(nc(n1)c2cccc(CO)c2)N3CCOCC3,1.0,2.686109318119656,1.686109318119656
3089,test,CCCCN(CCNCCc1ccc(O)c2NC(=O)Sc12)C(=O)CCOCCc3ccccc3,3.0,2.432199783619701,-0.5678002163802991
362,test,CN(C)CC(O)COc1ccc(Nc2cc(ncn2)N(CC#N)c3cc(Cl)ccc3Cl)cc1,2.1,2.5138930499939303,0.4138930499939302
1635,test,Cc1nc(nc(N2CCCC2)c1Cl)c3ccccn3,3.2,2.7158521324471248,-0.4841478675528754
3781,test,CSc1ncccc1C(=O)NCC2CCCCC2,2.93,2.8873188744817897,-0.04268112551821046
722,test,CS(=O)(=O)Cc1cc(nc(n1)c2cccc3cc[nH]c23)N4CCOCC4,2.8,1.9449944710121714,-0.8550055289878284
2861,test,N[C@@H](Cc1cccs1)C(=O)N[C@@]2(C[C@@H]2c3ccccc3)C#N,1.3,1.5249149840544776,0.22491498405447752
2038,test,CNc1ncc(s1)C(=O)c2ccccc2,2.36,3.0906220082779265,0.7306220082779267
3463,test,CCN(C(=O)C)c1cccc2c1c(Sc3ccc(Cl)cc3)c(C)n2CC(=O)O,1.61,-0.06679611427346055,-1.6767961142734606
3158,test,CN(CCOc1ccc(C[C@H](Nc2ccccc2C(=O)c3ccccc3)C(=O)O)cc1)c4ccccn4,2.15,2.1785473193577065,0.028547319357706602
3733,test,O=C(N1CCC1)c2ccc(cc2)C(=C3CCN(Cc4cscn4)CC3)c5cccc6cccnc56,2.52,2.7623045359583713,0.24230453595837131
1112,test,COc1cc2ncnc(Nc3cc(NC(=O)c4cccc(c4)N(C)C)ccc3Cl)c2cc1OC,4.26,3.350721222476883,-0.9092787775231166
2669,test,CCN(CC)CCOc1ccc(cc1)\C(=C(\Cl)/c2ccccc2)\c3ccccc3,4.09,3.7315939536849037,-0.3584060463150962
2412,test,Nc1n[nH]c2nnc(c3ccccc3)c(c4ccccc4)c12,2.6,3.178197012604681,0.5781970126046807
3149,test,CN1CC=CCC(C1)c2ccc(Cl)c(Cl)c2,3.32,2.6649276529636308,-0.6550723470363691
935,test,COc1cc2ncc(C(=O)N)c(Nc3ccc(F)cc3F)c2cc1NCCN4CCCCC4,2.52,2.3274761355054894,-0.19252386449451064
2717,test,CC1=CN([C@H]2CCCN(C2)S(=O)(=O)c3ccc(C(=O)N)c(Oc4cccc(Cl)c4)c3)C(=O)NC1=O,1.96,0.830805830933367,-1.129194169066633
3989,test,Nc1ccc2c3ccccc3C(=O)c2c1,2.9,2.39005289071167,-0.5099471092883299
2706,test,COCCNc1nc(N)c2nc(O)n(Cc3ccccc3)c2n1,2.18,2.0177532707356587,-0.16224672926434147
2666,test,CCCSc1c(cnn1c2cccc(c2)C(=O)O)C(=O)NC3CCCCC3,0.7,0.9309987492254861,0.23099874922548613
277,test,CC1CC(=O)Nc2ccccc2N1,0.56,2.983860726142873,2.423860726142873
3351,test,C[C@H](NC(=O)c1c(C)nn(c1NS(=O)(=O)c2cccnc2)c3ccc(F)cc3)C(C)(C)C,0.4,1.2258194524100063,0.8258194524100063
3838,test,Cc1nc(NC(=N)N)nc2ccccc12,-0.49,0.9982827740297873,1.4882827740297873
2971,test,Oc1ccc(cc1)c2ccc3cc(O)ccc3n2,3.1,3.6290842263934735,0.5290842263934734
3561,test,Clc1ccccc1NC(=O)c2cc[nH]n2,2.58,2.459413652103377,-0.12058634789662293
3578,test,OC(=O)C(N1CCCC(CN2CCC(CC2)Oc3ccc(Cl)c(Cl)c3)C1)c4ccccc4,2.6,2.608906685174171,0.008906685174170814
2384,test,O=C(Nc1ccccn1)c2ccccc2,2.2,2.807805070245296,0.6078050702452957
4160,test,CCOc1ccccc1CNCc2cccc(CCNC[C@H](O)c3ccc(O)c4NC(=O)Sc34)c2,1.13,1.4804247198676306,0.3504247198676307
3933,test,Nc1ncc(cc1c2oc3ccccc3n2)c4cnn(c4)C5CCOCC5,4.0,3.5980302834939852,-0.40196971650601476
1509,test,CCC1(C)CC(=O)NC1=O,0.23,1.0372029824132107,0.8072029824132108
4186,test,O[C@@H](CNCCOCCCNCCc1cccc(Cl)c1)c2ccc(O)c3NC(=O)Sc23,0.83,0.19972972599942707,-0.6302702740005729
815,test,CN(C)CC(O)COc1ccc(Nc2nccc(Nc3ccc(Cl)cc3)n2)cc1,2.6,2.205359140862581,-0.3946408591374193
4183,test,Oc1c(C#N)c(nc2ccncc12)c3ccc(cc3)c4ccccc4OC(F)(F)F,3.45,4.037076358331938,0.587076358331938
1974,test,CCOC(=O)[C@H](Cc1ccc(O)cc1)NC(=O)c2cccc3ccccc23,3.12,3.1641832598861277,0.04418325988612759
942,test,O=C1NC=Nc2scc(c3cccs3)c12,2.18,2.525058928818855,0.345058928818855
2681,test,CC(=O)Nc1nc(CCc2ccc(NC(=N)N)cc2)cs1,-0.82,0.8061365204087834,1.6261365204087834
2012,test,CNc1cccc(CCOc2ccc(C[C@H](NC(=O)c3c(C)cc(C)cc3C)C(=O)O)cc2)n1,0.52,0.3412982191975755,-0.1787017808024245
2242,test,OC(=O)C1Cc2c([nH]c3ccccc23)C(N1)c4ccccc4,0.78,1.4820365984941248,0.7020365984941248
3782,test,Cc1c(F)cc(cc1c2ccc(cn2)C(=O)NCC(C)(C)C)C(=O)NC3CC3,3.5,3.6001330041344035,0.10013300413440351
890,test,Oc1ccc2C[C@H]3N(CC4CC4)CC[C@@]56[C@@H](Oc1c25)c7[nH]c8ccccc8c7C[C@@]36O,2.7,3.387395743719588,0.6873957437195877
1370,test,CN1CCN(CC1)S(=O)(=O)c2ccc(cc2F)c3cnc(N)c(n3)C(=O)Nc4cccnc4,2.66,2.9211646394442776,0.2611646394442775
388,test,C[C@]1(CCSC(=N1)N)c2cc(c(F)cc2F)c3cncnc3,0.8,2.35541770203013,1.55541770203013
2097,test,C[C@H](O)C(=O)N1CCN(Cc2sc3c(nc(nc3c2C)c4cnc(N)nc4)N5CCOCC5)CC1,1.9,2.20292097657813,0.3029209765781302
2623,test,CC(C)(C)Cn1c(CN2C(=O)CC3(CCNCC3)C2=O)cc4cnc(nc14)C#N,0.75,1.788624030107715,1.038624030107715
2203,test,COc1cc2cc(nc(C)c2cc1OC)c3ccc(O)cc3O,3.9,2.515392608124233,-1.3846073918757669
1274,test,CC1(C)[C@@H]2CC[C@@]1(CS(=O)(=O)N3CCN(CC3)c4ccc(cn4)C#N)C(=O)C2,2.46,3.1966104907055914,0.7366104907055915
2084,test,CNCC[C@@H](Oc1cc(ccc1C#N)C(F)(F)F)c2ccccc2,1.3,1.9676157213694674,0.6676157213694673
3846,test,CCC(CC)NC(=O)c1c(C)nn(c1NS(=O)(=O)c2ccc(C)cc2)c3ccccc3,1.35,1.222081507248454,-0.127918492751546
1833,test,N[C@@H]1CCCN(C1)c2c(Cl)cccc2\C=C\3/SC(=O)NC3=O,1.97,1.8541624252699473,-0.11583757473005263
2570,test,C[C@@H](N)COc1c(C)cccc1C,0.6,0.4498197673327926,-0.15018023266720737
2473,test,O[C@@H](CNCCc1ccc(CNCCc2c(Cl)cccc2Cl)cc1)c3ccc(O)c4NC(=O)Sc34,2.3,2.6917176814282158,0.39171768142821595
2836,test,CS(=O)(=O)c1cccc(Nc2nccc(Nc3cccc4ocnc34)n2)c1,2.9,3.067770641846145,0.1677706418461451
3231,test,COCC(=O)N1CCC(CC1)n2cc(cn2)c3cnc(N)c(c3)c4oc5ccccc5n4,3.4,3.5033000154342853,0.10330001543428535
1126,test,CCOC(=O)c1ccc(OCCC2CCN(CC2)c3ccc(C)nn3)nc1,3.76,3.164057206510736,-0.5959427934892636
2024,test,C\N=C(/S)\n1nc(nc1N)c2ccc(Cl)cc2,4.12,2.9386422579668805,-1.1813577420331196
2757,test,Cc1ccnc(NCc2c(O)ccc3ccccc23)c1,4.24,3.6812583256058335,-0.5587416743941667
2392,test,CCc1nc(N)nc(N)c1c2ccc(Cl)cc2,2.31,1.9344846804910154,-0.37551531950898465
4069,test,Fc1ccc(cc1)C(=O)C2CCN(CC2)C(=O)N3CCOCC3,1.61,2.1284883015063927,0.5184883015063926
4189,test,CCC(N1NC(=O)c2nc3cc(Cl)ccc3c(O)c2C1=O)c4ccccn4,0.8,1.1452805971587177,0.3452805971587176
3617,test,COc1cc2ncnc(NCc3cccc(C)c3)c2cc1OC,3.5,3.431734368008745,-0.06826563199125513
74,test,Clc1ccc(CN2CC3CNCC(C2)O3)cc1C(=O)NCC45CC6CC(CC(C6)C4)C5,1.55,1.685326541498399,0.13532654149839884
1166,test,CS(=O)(=O)c1ccc(cc1)c2cc(C(=O)N[C@H]3CCCNC3)c(NC(=O)N)s2,0.68,1.3399869485758034,0.6599869485758033
1761,test,CCc1cccc2c3CCOC(CC)(CC(=O)O)c3[nH]c12,0.49,1.8355581324264714,1.3455581324264714
2285,test,CN(CCOc1ccc(C[C@H](Nc2ccccc2C(=O)c3ccccc3)C(=O)O)cc1)c4oc5ccccc5n4,2.47,3.287696197182298,0.8176961971822978
3391,test,NC1(CCC1)c2ccc(cc2)c3nc4ccccn4c3c5ccccc5,2.8,2.566989312044555,-0.23301068795544477
3003,test,Cc1cc(nc(n1)n2ccnc2)N3CCC[C@@H]3C(=O)NCCc4ccc5OCOc5c4,2.5,2.283560980809077,-0.2164390191909229
2931,test,CCOC(=O)c1c(C)n(Cc2occc2)c3ccc(O)cc13,3.5,2.023414288794203,-1.476585711205797
2127,test,OC(=O)CCCCn1nnc(n1)c2ccc(cc2)C(=O)N3CCC(CC3)N4CCC(CC4)Oc5ccc(Cl)c(Cl)c5,1.6,1.1121175731273925,-0.48788242687260763
2638,test,CCC1(NC(=O)N(C)C1=O)c2ccccc2,1.59,1.582617976571818,-0.007382023428182061
3237,test,CC(C)n1c(C)ncc1c2ccnc(Nc3ccc(C(=O)N)c(F)c3)n2,2.8,3.274489865482379,0.47448986548237926
2447,test,OC(=O)COc1ccc(Cl)cc1CN2CCN(CC2)S(=O)(=O)c3ccc(F)cc3,0.99,1.3364800048980536,0.34648000489805364
3076,test,Fc1ccccc1Nc2oc(nn2)C(=O)Nc3ccc(N4CCOCC4)c(F)c3,3.6,3.3090368023454824,-0.2909631976545177
1647,test,[O-][S+](CCC1C(=O)N(N(C1=O)c2ccccc2)c3ccccc3)c4ccccc4,-0.51,1.7375826765944,2.2475826765944
1862,test,CC[C@H]1[C@@H](Cc2cncn2C)COC1=O,-0.37,1.0674742957549352,1.4374742957549351
3501,test,COc1cc(Cc2cnc(N)nc2N)cc(OC)c1OC,0.63,0.8936591952379553,0.26365919523795533
1363,test,CN(C)CCOC(c1ccccc1)c2ccccc2C,1.47,2.5814721510052476,1.1114721510052477
3516,test,CCc1nc2c(N)nc3ccccc3c2n1Cc4ccccc4,3.29,2.6331473130327874,-0.6568526869672127
1949,test,OC(=O)c1cccnc1Nc2cccc(c2)C(F)(F)F,1.0,1.7803604507450368,0.7803604507450368
950,test,COc1ccc(cn1)c2ccc3nc(N)sc3c2,3.2,3.689878092487967,0.48987809248796665
647,test,COc1cc2c(Nc3ccc(F)cc3F)c(cnc2cc1N4CCN(C)CC4)C(=O)N,1.75,2.5871326992547665,0.8371326992547665
3139,test,CCOC(=O)c1ccc(OCCC2CN(CCO2)c3ccc(C)nn3)cc1,2.7,2.7147877620308316,0.01478776203083143
226,test,Oc1c2C(=O)N(NC(=O)c2nc3cc(Cl)ccc13)C(C4CC4)c5ccncc5,0.7,1.5811844808182975,0.8811844808182976
782,test,O=C1COc2ccc(CNC3CCN(CCN4C(=O)COc5ccc(cc45)C#N)CC3)nc2N1,0.23,0.5421237970294523,0.31212379702945237
543,test,Cc1ccc2[nH]ccc2c1c3nc(cc(n3)C4(CC4)S(=O)(=O)C)N5CCOCC5,1.7,2.040145371740887,0.3401453717408869
2770,test,CC(C)NC[C@@H](O)COc1cccc2ccccc12,1.13,1.171876992026586,0.04187699202658601
755,test,NC1C2CN(CC12)c3nc4N(C=C(C(=O)O)C(=O)c4cc3F)c5ccc(F)cc5F,0.3,0.30788511220819137,0.00788511220819138
1248,test,Nc1nnc(Cc2ccc(Cl)cc2)s1,2.34,2.803923291243704,0.46392329124370413
3009,test,CCc1cc(C(=O)N[C@@H](Cc2cccc(Cl)c2)C(=O)NCC#N)n(C)n1,2.6,2.2829724185179,-0.3170275814821002
1915,test,ON(C=O)C1(CS(=O)(=O)N2CCN(CC2)c3ccc(F)cc3)CCOCC1,0.85,1.1137645067350017,0.26376450673500174
3442,test,Cc1ccc(NC(=O)c2cccc(c2)N3CCOCC3)cc1NC(=O)c4ccc(OCc5ccncc5)cc4,3.2,3.2118944624718115,0.011894462471811362
3712,test,NS(=O)(=O)c1cccc(Nc2nccc(Nc3c(Cl)ccc4OCOc34)n2)c1,2.97,2.8660940591737525,-0.10390594082624771
3721,test,OC(=O)[C@H](Cc1ccc(Cl)cc1)N2CCC(CN3CCC(CC3)Oc4ccc(Cl)c(Cl)c4)CC2,2.86,3.072190532877433,0.21219053287743295
3812,test,CCCNC(=O)c1nnc2c(c(F)ccc2c1N)c3ccc(OC)cc3OC,3.52,3.178082812872388,-0.3419171871276121
3864,test,COc1cc(Nc2cc(Oc3cccnc3)ccn2)cc(OC)c1OC,2.66,2.555019842951509,-0.10498015704849095
3480,test,CCCNC(=O)c1nnc2c(cccc2c1N)c3ccccc3,3.8,3.460021786254285,-0.3399782137457148
2206,test,Oc1ccc(cc1)C2=Cc3cccc(O)c3OC2=O,2.8,2.71486603944227,-0.0851339605577297
2872,test,Brc1cnc(Nc2cccc(NC(=O)N3CCCC3)c2)nc1NCCCNC(=O)c4cccs4,4.13,2.5657866732182137,-1.5642133267817862
1341,test,Fc1ccc(cc1)c2cn3ccccc3n2,3.1,3.481116500601482,0.38111650060148206
2571,test,CC1N=C(N)N=C(N)N1c2ccc(Cl)cc2,-0.8,1.549410103848159,2.349410103848159
3444,test,CC(=O)Nc1cccc(OCc2cnc(Cl)s2)c1,2.38,2.9317923701003505,0.5517923701003506
3935,test,O=C1N2C=CC=CC2=Nc3ccccc13,2.1,2.3585189475449946,0.2585189475449945
4197,test,COc1cccc2[nH]ncc12,2.1,2.4286501234598084,0.32865012345980826
2229,test,COc1cccc(NC(=O)CC23CC4CC(CC(C4)C2)C3)c1C,4.21,3.958201783483038,-0.2517982165169621
3310,test,CCc1cc(O)c(Oc2ccc(cc2F)C(=O)N)cc1F,2.87,2.2023453159655695,-0.6676546840344306
3154,test,Nc1nc2nc(SCc3cccc(F)c3F)nc(O)c2s1,2.5,3.619460947433396,1.1194609474333959
980,test,Nc1ccccc1NC(=O)c2ccc(cc2)c3ncccc3C#N,1.58,1.4929758486730975,-0.08702415132690255
3656,test,CN1C(=O)C=C(CCc2ccc3cc[nH]c3c2)N=C1N,2.1,2.8979014311931266,0.7979014311931265
946,test,Nc1ccccc1NC(=O)c2ccc(cc2)c3nccs3,2.3,1.4960005514560009,-0.803999448543999
2059,test,CCN(C1CCN(CCC(C2CCN(Cc3ccccc3)CC2)c4ccccc4)CC1)C(=O)Cc5ccc(cc5)S(=O)(=O)C,2.41,2.6023299731862486,0.19232997318624845
1373,test,Fc1ccc(cc1F)N2C=CN=C(SCC(=O)NC3CCCC3)C2=O,2.0,2.970341646188757,0.9703416461887571
588,test,CC(=O)Nc1ccc2ccn(c3cc(NCCCCO)n4ncc(C#N)c4n3)c2c1,2.58,2.3782768383804065,-0.20172316161959358
364,test,C[C@@H](CNC(=O)c1c(O)c(O)cc2c(O)c(c(C)cc12)c3c(C)cc4c(C(=O)NC[C@H](C)c5ccccc5)c(O)c(O)cc4c3O)c6ccccc6,3.48,2.661977975068145,-0.8180220249318548
3241,test,Nc1ncc(cc1c2oc3ccccc3n2)c4cnn(c4)C5CCN(CC5)C(=O)CO,3.2,3.5565616141226437,0.35656161412264353
620,test,Cc1cc(C)c2c(N)c(sc2n1)C(=O)NCc3ccccc3,3.41,4.401462406669086,0.9914624066690862
3054,test,CNC(=O)c1ccc(cc1)c2cc(C(=O)N[C@H]3CCCNC3)c(NC(=O)N)s2,0.7,0.8347580090104354,0.13475800901043544
2889,test,CN1C2CC(CC1C3OC23)OC(=O)C(CO)c4ccccc4,0.17,0.17956465529574217,0.009564655295742158
1158,test,CN1CCCC(COc2nccc(Nc3cc(NC(=O)c4ccnc(c4)N5CCOCC5)ccc3C)n2)C1,1.9,2.1278899455039966,0.22788994550399666
3277,test,COc1ccc(cc1OC)c2csc(NC(=O)c3c(C)onc3C)n2,3.16,3.146570553199186,-0.013429446800814038
2524,test,Fc1cc2[nH]cnc2cc1Cl,2.35,2.6086077059383297,0.2586077059383296
1081,test,OC(=O)CCc1ccc(OCc2cc(Cl)ccc2c3ccccc3)cc1,3.22,3.151873323806395,-0.06812667619360502
2923,test,CC(=O)N1CCN(CCOc2ccc(cc2)C3(O)CCN(CC3)c4ccc5nnc(n5n4)C(F)(F)F)CC1,2.2,2.0040405571848265,-0.19595944281517363
2525,test,CC(=O)Nc1ccc(CNc2[nH]nc3cccc(Oc4ccc(F)cc4)c23)cc1,4.28,3.630215237413041,-0.6497847625869593
359,test,CC(C)n1ncc2c(cc(nc12)C3CC3)C(=O)NCc4c(C)cc(C)nc4O,3.8,3.4384024759216567,-0.3615975240783431
541,test,C[C@]12Cc3cnn(c3C=C1CC[C@@]2(O)CCc4ccc(F)cc4C(=O)N)c5ccc(F)cc5,3.8,1.9122189490787922,-1.8877810509212076
2181,test,CNS(=O)(=O)CCc1ccc2[nH]cc(C3CCN(C)CC3)c2c1,0.48,0.3930211571890678,-0.08697884281093216
3081,test,Nc1nc2OC(COc3ccccc3)Cc2c(N)c1C#N,2.08,2.033746970347627,-0.0462530296523731
723,test,CC(C)(C)NS(=O)(=O)c1cncc(c1)c2ccc3nc(N)nn3c2,1.41,1.6249756691755652,0.21497566917556532
2694,test,Cc1ccc(CCOCCNS(=O)(=O)CCCNCCc2ccc(O)c3nc(O)sc23)cc1,2.07,2.104942991005154,0.03494299100515397
2912,test,CC(CCc1ccccc1)NCC(O)c2ccc(O)c(c2)C(=O)N,1.06,1.2818074612893868,0.22180746128938678
767,test,COc1cccc(Nc2nc(NCC3CCCO3)c4ccccc4n2)c1,3.9,3.5451160543710696,-0.35488394562893033
983,test,C[C@@H]1CN(CCN1C(=O)[C@@H]2CCCC[C@H]2C(=O)NC3(CC3)C#N)c4ccc5c(C)noc5c4,2.67,2.652526284819753,-0.017473715180246874
3012,test,C=CCCCCCCCCC(=O)N[C@H]1CCC(=O)NC1=O,2.64,0.9740653475091874,-1.6659346524908127
3085,test,CCN(C(=O)Nc1ccccc1)c2ccccc2,3.1,2.8056431536676953,-0.29435684633230474
1093,test,Clc1cccc(NNC(=O)c2cccnc2Cl)c1,1.87,3.436587712074564,1.566587712074564
409,test,CC(C)(F)C[C@H](N[C@@H](c1ccc(cc1)c2ccc(cc2)S(=O)(=O)C)C(F)(F)F)C(=O)NC3(CC3)C#N,2.9,2.783238178088218,-0.11676182191178208
2096,test,C[C@@H]1CN(CCN1c2ncc(OCc3ccncc3C#N)cn2)c4onc(n4)C(F)(F)F,3.1,3.844265577914289,0.7442655779142888
3668,test,CCC(N(CCCN)C(=O)c1ccc(C)cc1)C2=Nc3ccsc3C(=O)N2Cc4cscn4,0.02,0.4648432480640863,0.44484324806408626
3780,test,CC(C)[C@H](NC(=O)N(C)Cc1csc(n1)C(C)C)C(=O)N[C@H](C[C@H](O)[C@H](Cc2ccccc2)NC(=O)OCc3cncs3)Cc4ccccc4,4.3,1.9711782470688206,-2.328821752931179
2987,test,COc1cc(NC(=O)Nc2cccc(CNC(=O)O[C@H]3CCOC3)c2)ccc1c4ocnc4,3.6,2.998439839814587,-0.601560160185413
159,test,O=C(NC1(CC1)C#N)[C@@H]2CCCC[C@H]2C(=O)N3CCN(CC3)c4ncc(C#N)s4,1.2,1.6395088861194274,0.4395088861194274
1157,test,CCN(C1CCN(CC[C@H](C2CCN(CC2)S(=O)(=O)C)c3cccc(c3)C(F)(F)F)CC1)C(=O)Cc4ccc(cc4)S(=O)(=O)C,1.9,2.3554673210910284,0.4554673210910285
1663,test,OC[C@@H](NC(=O)C(Cl)Cl)[C@H](O)c1ccc(cc1)[N+](=O)[O-],1.15,0.7429392558977084,-0.40706074410229154
930,test,CN1CC(C1)n2nccc2c3cc(Cl)ccc3Oc4cc(F)c(cc4F)S(=O)(=O)Nc5ncns5,1.0,1.6186720969270953,0.6186720969270953
3121,test,CCCN(CCC)S(=O)(=O)c1ccc(cc1)C(=O)O,0.03,-0.0030310313466310745,-0.03303103134663107
1355,test,CN1CCc2c(NC(=O)Cc3ccccc3)c4ccccc4nc12,2.8,4.039439425450659,1.2394394254506595
2143,test,CNC1=Nc2ncccc2C(=NC1c3cccs3)c4cc[nH]c4,1.73,2.522211163342694,0.792211163342694
2255,test,Cc1ccc(cc1)S(=O)(=O)N2CCN(CC2)C(=O)c3occc3,2.17,2.5183816415603726,0.34838164156037266
1289,test,CN1CCC[C@H]1c2ccccn2,0.44,1.5523562401063775,1.1123562401063776
1934,test,CC(C)C(NC(=O)CN1C(=O)C(=CC=C1c2ccccc2)NC(=O)NCc3ccncc3)C(=O)C(F)(F)F,2.16,2.2946754336153146,0.13467543361531442
1397,test,CC[C@H](C)[C@H](N)C1=N[C@@H](CS1)C(=O)N[C@@H](CC(C)C)C(=O)N[C@H](CCC(=O)O)C(=O)N[C@@H]([C@@H](C)CC)C(=O)N[C@H]2CCCCNC(=O)[C@H](CC(=O)N)NC(=O)[C@@H](CC(=O)O)NC(=O)[C@H](Cc3cnc[nH]3)NC(=O)[C@@H](Cc4ccccc4)NC(=O)[C@@H](NC(=O)[C@@H](CCCN)NC2=O)[C@@H](C)CC,-0.46,0.9235770676360651,1.383577067636065
844,test,C1Cc2ncc(c3ccc4OCCOc4c3)n2C1,2.33,2.871483925146413,0.5414839251464127
2057,test,CS(=O)(=O)c1cccc(Nc2nccc(Nc3c(Cl)ccc4ccoc34)n2)c1,3.7,3.6783919123252855,-0.02160808767471467
1357,test,Cc1c[nH]c(\C=C\2/C(=O)Nc3ccccc23)c1CCC(=O)O,1.2,1.620678759691427,0.420678759691427
3616,test,COc1cc2ncnc(Nc3cccc(Cl)c3F)c2cc1CN4CCC[C@H]4CC(=O)N,2.64,3.4262147624668025,0.7862147624668023
126,test,CN1CCN(CC1)C2=Nc3cc(Cl)ccc3Nc4ccccc24,3.08,3.0635905702526722,-0.01640942974732784
1863,test,NC1=CC2=NNC(=O)N2c3cc(ccc13)c4ccc[nH]4,2.3,3.014982466098621,0.714982466098621
1883,test,Brc1ccc2oc3C(=O)NC(=Nc3c2c1)[C@@H]4CCCN4,2.19,2.698506096590749,0.5085060965907489
3051,test,CCNC(=O)c1cc2c(c(cnc2[nH]1)c3cncc(c3)C#N)n4ccc(n4)C(F)(F)F,2.62,2.6747940038855447,0.05479400388554456
1882,test,Oc1ccc2C(=O)C(=COc2c1)c3ccc(O)c(O)c3,1.88,2.04169238058274,0.16169238058273994
1534,test,NC(Cc1ccc(cc1)N(CCCl)CCCl)C(=O)O,0.39,0.8399647940198696,0.44996479401986955
2752,test,CC(NC(=O)C1(N)CCN(CC1)c2ncnc3[nH]ccc23)c4ccccc4,2.17,1.9029165858221195,-0.2670834141778804
379,test,O=C(N1CCN(CC1)c2ncccn2)c3cccc(CC4=NNC(=O)c5ccccc45)c3,2.13,1.8218629102270407,-0.30813708977295917
2961,test,COc1ccc(cc1OC)C(=O)Nc2cccc(NC(=O)c3ccc(OC)c(OC)c3)n2,3.5,3.5514460443424207,0.05144604434242073
1968,test,CCN1C(=O)C2=C(OC(=CC2=O)O)c3ccccc13,1.13,1.5542489199733511,0.42424891997335124
3238,test,CCNC(=O)c1cc2c(c(cnc2[nH]1)c3cncc(c3)C4=NNC(=O)O4)n5ccc(n5)C(F)(F)F,1.65,1.936190773896651,0.28619077389665115
2513,test,CCN(CC)CCNC(=O)c1c(C)[nH]c(\C=C\2/C(=O)Nc3ccc(F)cc23)c1C,2.26,2.5297176635307514,0.26971766353075166
1997,test,COc1cnccc1COc2cnc(nc2)N3CCN(CC3)C(=O)OC(C)(C)C,3.8,3.3073905915209885,-0.49260940847901136
1683,test,COCCCc1cc(Nc2ccnc(NCc3onc(C)c3)n2)n[nH]1,2.04,2.1889793926243386,0.14897939262433857
2054,test,Cc1ccnc(NCc2ccccc2)c1,3.08,3.561279797745813,0.48127979774581275
514,test,COc1ccc(cc1F)c2cc(nn2c3ccc(cc3)S(=O)(=O)N)C(F)F,2.8,4.075507748494162,1.275507748494162
444,test,CC(C)(C)OC(=O)N1CCN(CC1)c2ncc(OCc3ccncc3)cn2,3.4,2.9826634359115882,-0.4173365640884117
3536,test,COc1cc(ccc1Nc2ncc(Cl)c(n2)c3cnc4ccccn34)N5CC6COCC(C5)N6,3.0,2.739287290801519,-0.2607127091984811
612,test,CN(C1CCN(Cc2nc3CCCCc3s2)CC1)C(=O)Cc4ccc(cc4)n5cnnn5,2.5,1.609387297300136,-0.890612702699864
66,test,CO[C@@H]1CC[C@@]2(CC1)Cc3ccc(OCC(C)C)cc3C24N=C(C)C(=N4)N,3.4,3.4429863664419145,0.04298636644191456
2905,test,NC(=O)C([C@@H]1CCN(CCc2ccc3OCCc3c2)C1)(c4ccccc4)c5ccccc5,2.79,2.4549874367198266,-0.3350125632801735
10,test,CS(=O)(=O)c1ccc(Oc2ccc(cc2)C#C[C@]3(O)CN4CCC3CC4)cc1,1.51,1.3423293440974136,-0.16767065590258645
4152,test,Nc1ccc(cn1)C(=O)Nc2cccc(c2)c3nc(N4CCOCC4)c5oc6ncccc6c5n3,3.44,3.6522312111196076,0.21223121111960763
2114,test,Clc1cccc(NC(=O)N2CCN(C[C@@H]3CCCN(C3)C4CC4)CC2)c1,2.74,3.1962609527908024,0.45626095279080214
2322,test,COc1cc2ncnc(Nc3cccc(Cl)c3F)c2cc1CN4CCC[C@H]4C(=O)N,3.58,2.9430688708811448,-0.6369311291188553
4055,test,CC1=NC(C)(N=C1N)c2cccc(c2)c3cccnc3,1.7,1.1982551063934894,-0.5017448936065105
2389,test,C[C@@H]1CN(CCN1C(=O)[C@@H]2CCCC[C@H]2C(=O)NC3(CC3)C#N)c4ccccc4,2.35,3.0342011968688185,0.6842011968688184
139,test,COC1\C=C\OC2(C)Oc3c(C)c(O)c4C(=O)C(=CC(=O)c4c3C2=O)NC(=O)\C(=C/C=C/C(C)C(O)C(C)C(O)C(C)C(OC(=O)C)C1C)\C,0.7,1.1227888876053467,0.4227888876053467
1615,test,COc1cccc2sc(NC(=O)c3ccccc3)nc12,3.96,4.169690146952103,0.20969014695210308
2478,test,OCCNS(=O)(=O)c1ccc2C(=CNC(=O)c2c1)C(=O)NC[C@@H](O)CN3CCC(CC3)Oc4ccc(Cl)c(Cl)c4,2.06,2.951548128725571,0.8915481287255709
3903,test,Cc1ccc(NC(=O)[C@@H]2CCCN2S(=O)(=O)c3cccc4cccnc34)c(C)c1,3.8,4.264671365309601,0.4646713653096013
102,test,CNC(=C[N+](=O)[O-])NCCSCc1oc(CN(C)C)cc1,-0.95,-0.18303843165140732,0.7669615683485926
1783,test,O=C1CCOc2nc(COc3ccccc3)ccc12,2.3,2.621392546664283,0.3213925466642831
400,test,Nc1ccc2ncccc2c1,1.33,1.2792789491154644,-0.05072105088453571
568,test,CN(C)S(=O)(=O)c1ccc2Sc3ccccc3\C(=C\CCN4CCN(C)CC4)\c2c1,3.16,2.8407725091654914,-0.31922749083450874
533,test,CC[C@H](NC(=O)c1c([S+](C)[O-])c(nc2cc(F)ccc12)c3ccccc3)c4ccccc4,3.62,3.048437783621966,-0.5715622163780343
2534,test,Cc1ccc(cc1NC(=O)c2ccc(OCc3ccccn3)cc2)c4ncc(CN5CCOCC5)s4,3.1,2.752759462131421,-0.3472405378685792
1576,test,Cc1cc(C)cc(c1)c2[nH]c3ccccc3c2CCNCCCCc4ccncc4,3.3,3.477888406649799,0.177888406649799
2333,test,Oc1ccc2C[C@H]3N(CC4CC4)CC[C@@]56[C@@H](Oc1c25)c7[nH]c8[C@@H]9Oc%10c(O)ccc%11C[C@H]%12N(CC%13CC%13)CC[C@@]9(c%10%11)[C@@]%12(O)Cc8c7C[C@@]36O,1.41,2.7167758492690877,1.3067758492690877
2411,test,OC[C@H](O)CN1C(=O)[C@@H](Cc2ccccc12)NC(=O)c3cc4cc(Cl)sc4[nH]3,3.27,3.2790195472689536,0.009019547268953598
1679,test,COc1ccc2c(C)nc(NC(=N)N)nc2c1,-0.51,1.7721300109882172,2.282130010988217
2627,test,Cc1ccc(cc1)C(=O)C2CCN(CC2)C(=O)c3ccc(C)cc3,3.43,3.7655433657461943,0.33554336574619414
2301,test,COc1cc2nc(Nc3ccc(cc3)[C@@H](C)NC(=O)C)ncc2cc1c4ccncc4,3.11,3.240594011649968,0.13059401164996798
1710,test,OC1(CCN(CCCC(=O)c2ccc(F)cc2)CC1)c3ccc(Cl)cc3,2.67,2.8826795464965516,0.21267954649655163
2070,test,COC(=O)C1C(CC2CCC1N2C)OC(=O)c3ccccc3,1.06,0.9062477642088196,-0.15375223579118047
550,test,Cc1cc(N)c2cc(NC(=O)CCCCC(=O)Nc3ccc4nc(C)cc(N)c4c3)ccc2n1,0.53,1.6076486063759787,1.0776486063759787
2738,test,Cc1cc(NCc2ccccc2)nc3ccccc13,3.69,4.27546338456789,0.5854633845678898
4199,test,CN1C(=O)C=C(CCc2ccc3ccccc3c2)N=C1N,2.7,3.84155398477714,1.1415539847771399
2486,test,Clc1ccc2C(=O)NC(=Nc2c1)c3ccccc3,3.31,3.730604319042782,0.42060431904278195
920,test,[O-][n+]1cc(ccc1Cl)C(=O)Nc2ccc(F)cc2,1.38,2.406632089821362,1.0266320898213621
843,test,CC(=O)Nc1ccc2[nH]cc(c3cc(NC4CC4)n5ncc(C#N)c5n3)c2c1,2.65,2.5426048142067432,-0.10739518579325669
240,test,O=C(COc1ccccc1)N2CCOCC2,0.75,1.6282620555855356,0.8782620555855356
2045,test,CC1=CN([C@H]2CCCN(Cc3ccc(C(=O)O)c(Oc4cccc(C)c4)c3)C2)C(=O)NC1=O,-0.82,-0.3474085638029716,0.47259143619702837
3913,test,CC(C)N1CCC(CC1)N(C(=O)Cc2ccccc2)c3ccc(Cl)cc3,2.3,3.19004501799512,0.8900450179951203
829,test,Cc1cccc2c3CN(CCc3[nH]c12)C(=O)[C@@H]4CCCC[C@H]4C(=O)NC5(CC5)C#N,2.99,3.421974483039785,0.4319744830397849
3177,test,CN(C)CCCn1c2CCCCCCc2c3ccccc13,2.96,2.5504602740830977,-0.40953972591690224
4077,test,COc1cc(ccc1Nc2ncc(Cl)c(n2)c3cnc4ccccn34)N5CCN(CC5)C(=O)C,3.65,4.004943011127349,0.35494301112734883
1009,test,COc1ccc(cc1OC)C(=O)Nc2cc(NC(=O)c3cccc(c3)N(C)C)ccc2Br,3.49,3.177275175018819,-0.31272482498118137
2756,test,Cc1onc(CO)c1C(=O)Nc2nccs2,1.53,1.616179362517404,0.08617936251740388
3437,test,O=C1COc2ccccc2N1CCN3CCC(CC3)NCc4cc5OCCOc5cn4,1.04,1.6600933878651976,0.6200933878651975
221,test,CC(Cc1cccc(CNCCc2c(Cl)cccc2Cl)c1)NC[C@H](O)c3ccc(O)c4NC(=O)Sc34,2.41,2.5083894540980025,0.09838945409800237
3902,test,COCCN(c1ccnc(Nc2cc(cc(c2)N3CCOCC3)N4CCOCC4)n1)c5cc(CO)ccc5C,2.8,3.4460203208486995,0.6460203208486996
1176,test,CCC(CC)n1nc(C)c(C(=O)N[C@@H](C)C(C)(C)C)c1NS(=O)(=O)c2ccc(C)cc2,1.88,0.9898413177423164,-0.8901586822576835
2169,test,CC(C)CN1C(=O)N(C)C(=O)c2c(SC3CCCCC3)c(Cc4ccccc4C(F)(F)F)sc12,4.14,4.705212011074357,0.5652120110743573
666,test,CCNCc1cnc(s1)c2ccc(cc2)C(=O)Nc3ccccc3N,0.95,1.6198387050151153,0.6698387050151153
3354,test,CCC(N(CCCN)C(=O)c1ccc(C)cc1)C2=Nc3ccsc3C(=O)N2Cc4ccccc4,1.81,2.1909235346491553,0.3809235346491553
1611,test,C=CCOc1cc(ccc1NC(=O)CN2CCOCC2)c3cccc4C(=O)C=C(Oc34)N5CCOCC5,3.0,2.6859426443331578,-0.31405735566684223
916,test,CCN(CC)C(=O)c1ccc(C2=CC3(CCNCC3)Oc4ccccc24)c(O)c1,0.77,1.0982431007152493,0.3282431007152493
1701,test,CCC(CO)NCCNC(CC)CO,-1.42,-0.8049262285043444,0.6150737714956556
2515,test,Fc1ccc(cc1)[C@@H]2CCNC[C@H]2COc3ccc4OCOc4c3,1.78,2.9193579707680817,1.1393579707680817
2429,test,CS(=O)(=O)c1cccc(Nc2nccc(Nc3cccc4[nH]ncc34)n2)c1,2.91,3.1818888442034465,0.2718888442034464
250,test,Fc1ccc(SC2=NN3C=NC(=O)C(=C3C=C2)c4c(Cl)cccc4Cl)c(F)c1,2.74,3.4430436108646836,0.7030436108646834
1802,test,OC(=O)C[C@H]1[C@@H](Cc2ccccc12)NC(=O)c3cc4cc(F)ccc4[nH]3,1.26,1.5265857695049077,0.26658576950490764
3060,test,Cc1cc(O)nc(n1)n2nc(C)c(Oc3ccccc3O)c2C,1.4,1.4560649050732226,0.056064905073222704
1767,test,CCCSc1nc(N[C@@H]2CC[C@H](CC2)C(=O)O)ccc1C(=O)NC3CCCCC3,2.02,2.0177228777056406,-0.0022771222943593905
1295,test,CC(N(O)C(=O)N)c1cc2ccccc2s1,2.05,1.4052356161260766,-0.6447643838739232
923,test,C[C@@H]1CN(CCN1c2ncc(OCc3ccncc3C#N)cn2)C(=O)OCC(F)F,2.3,2.621965785953406,0.32196578595340597
2767,test,Oc1nc2ccccc2nc1NCc3ccccc3,3.3,2.0725745179356077,-1.2274254820643922
136,test,Nc1nnc(CCSCCc2nnc(NC(=O)Cc3ccccc3)s2)s1,2.0,3.06239017205399,1.06239017205399
1864,test,CC(C)CN1C(=O)N(C)C(=O)c2c1sc(Cc3c[nH]c4ncccc34)c2C(=O)N5CC[C@@H](O)C5,1.71,1.4835983882506956,-0.2264016117493044
3982,test,Cc1sc(N)nc1c2ccccc2,2.75,2.8898493381701247,0.13984933817012468
282,test,O=C1CCOc2nc(ccc12)C#CC3CCCC3,3.0,3.4592064868996886,0.45920648689968857
3957,test,CC(=O)Nc1ccc(O)cc1OC[C@@H](O)CN2CCC3(CC2)Cc4cc(F)ccc4O3,2.1,2.5920029564454947,0.49200295644549463
852,test,Cc1nc(C)c(nc1C(=O)N)c2ccc(cc2)C34CCC(CC3)(CC4)C(=O)O,1.3,0.9902001072809881,-0.309799892719012
3855,test,[O-][N+](=O)c1ccc2c(c1)C(=O)C(=O)c3ccccc23,2.42,2.416135025392663,-0.003864974607337146
2457,test,Nc1ncc(cc1c2oc3ccccc3n2)c4cnn(c4)C5CCNCC5,1.85,1.6795997501763191,-0.17040024982368096
3724,test,Fc1cccc(CN2CCN(CC2)c3ccc4nnc(n4n3)C(F)(F)F)c1F,3.6,3.9996902571117516,0.39969025711175155
2519,test,CNc1ccc(cc1)c2nc3ccc(O)cc3s2,3.5,3.606071390213627,0.10607139021362721
1726,test,CC(C)n1c(C)ncc1c2nc(Nc3ccc(C(=O)NCCN(C)C)c(F)c3)ncc2F,2.26,2.27376202941271,0.01376202941271032
3454,test,Cc1ccc(cc1)S(=O)(=O)NC(=O)NN2CCCCCC2,0.01,0.8273781042851063,0.8173781042851063
879,test,Clc1ccc2N=C3NC(=O)CN3Cc2c1Cl,1.86,3.1402083993791825,1.2802083993791824
1272,test,NS(=O)(=O)c1ccc(Nc2nccc(Nc3c(Cl)ccc4OCOc34)n2)cc1,2.7,2.7544423903381956,0.05444239033819542
3193,test,CNc1c(Br)cnc2[nH]c(nc12)c3ccc(OCCN4CCCCC4)cc3,2.56,2.9200117280963016,0.36001172809630155
3996,test,CC(C)Oc1cccc(CC(=O)N2CCC[C@@](CC[N+]34CCC(CC3)(CC4)c5ccccc5)(C2)c6ccc(Cl)c(Cl)c6)c1,1.23,2.9248707821487354,1.6948707821487354
3038,test,Brc1ccccc1C(=O)NCC23CC4CC(CC(C4)C2)C3,4.15,4.280318896983056,0.13031889698305577
3563,test,C[C@@H](NC1=CC(=O)CCC1)c2ccc(Nc3ncc4cc(ccc4n3)c5ccncc5)cc2,3.17,3.5317755018465506,0.3617755018465507
2812,test,OC(=O)C(N1CCO[C@@H](CN2CCC(CC2)Oc3ccc(Cl)c(Cl)c3)C1)c4ccccc4,1.71,2.2147248560593513,0.5047248560593514
2954,test,Cn1cc(cc1C=O)C(=O)CCCCOc2ccc(cc2)C(=O)O,0.14,1.0120452873372965,0.8720452873372965
1633,test,Cc1ccc(c(C)c1)c2nnc(O)c3ccccc23,3.41,3.07911862587709,-0.3308813741229102
3002,test,CCC(N(CCCN)C(=O)c1ccc(C)cc1)C2=Nc3ccsc3C(=O)N2Cc4ccc(OC)cc4,2.15,2.0980226995457527,-0.0519773004542472
3635,test,COCCNC(=O)c1ccc(Nc2ncc3cc(ccc3n2)c4ccncc4OC)cc1,3.14,3.0432077972745155,-0.09679220272548461
2629,test,Cc1ncc(c2ccnc(Nc3ccc(cc3)S(=O)(=O)N)n2)n1C,1.6,2.8462382673653086,1.2462382673653085
1092,test,COc1cc(Nc2nc(N[C@@H](C)c3ncc(F)cn3)nc(N4CCOCC4)c2Cl)n[nH]1,2.85,3.0318990603667575,0.1818990603667574
3378,test,CS(=O)(=O)C1(CC1)c2cc(nc(n2)c3cccc4[nH]ccc34)N5CCOCC5,2.2,2.3492997766249477,0.14929977662494753
3325,test,Nc1cccc(C(=O)NCC23CC4CC(CC(C4)C2)C3)c1Cl,3.29,3.3107582548923284,0.02075825489232841
2035,test,CCN(CC)C(=O)c1ccc(cc1)C(=C2CCNCC2)c3ccc(Cl)c(Cl)c3,2.4,1.7496077638482046,-0.6503922361517953
2622,test,CN(C)c1cccc(c1)C(=O)Nc2ccc(C)c(NC(=O)c3ccc(OCc4ccccn4)cc3)c2,2.83,3.726748271120112,0.8967482711201118
2521,test,Clc1ccc(cc1)C(=O)\C=C\Sc2nc[nH]n2,3.1,2.6490757905033453,-0.4509242094966548
2541,test,COC(=O)COc1ccc(OCCNCC(O)COc2ccccc2)cc1,1.54,0.9418841520623336,-0.5981158479376665
3930,test,CC(C)n1c(C)ncc1c2nc(Nc3ccc(cc3)C(=O)N4CCN(C)CC4)ncc2F,2.49,2.598889453276839,0.10888945327683874
3467,test,CN(C)C(=O)Nc1ccc(CN2NC(=O)C3=C(C2=O)C(=O)c4ccc(Cl)cc4N3)cc1,1.1,2.154935803052411,1.0549358030524107
479,test,CN1CCCC1c2cccnc2,0.5,0.538042385331283,0.03804238533128301
1963,test,COCCOC(=O)C1=C(C)NC(=C(C1c2cccc(c2)[N+](=O)[O-])C(=O)OC(C)C)C,3.8,3.027694703260594,-0.7723052967394057
561,test,CCCCN(CCCC)CCCOC(=O)c1ccc(N)cc1,1.93,1.0195248638542913,-0.9104751361457086
44,test,OC(=O)COc1ccc(cc1c2cc(ccc2F)C#N)C(F)(F)F,-0.16,0.5402020612812246,0.7002020612812246
1482,test,CN(c1ccnc(Nc2cc(cc(c2)S(=O)(=O)C)N3CCOCC3)n1)c4cc(CO)ccc4C,2.9,2.547227012232137,-0.3527729877678629
3049,test,COc1cc(OC)cc(c1)C2=CC=C(NC(=O)OCc3ccccc3)C(=O)N2CC(=O)NC(C(C)C)C(=O)C(F)(F)F,2.26,2.943052246869482,0.6830522468694822
675,test,C[C@H](NC1=NC(=O)C(C)(S1)C(F)(F)F)c2ccccc2F,3.1,3.082780967924732,-0.017219032075268093
406,test,C[C@@H](O)[C@H](NC(=O)c1ccc(cc1)C#Cc2ccc(CN3CCOCC3)cc2)C(=O)NO,2.03,1.8006186881923452,-0.22938131180765464
3197,test,Cc1c(O[C@H]2C[C@H]3CC[C@@H](C2)N3Cc4ccccc4)cccc1C(=O)N,1.6,2.6396494699423165,1.0396494699423164
1526,test,COc1cc2ncc(C(=O)N)c(Nc3ccc(F)c(Cl)c3)c2cc1OC,3.22,3.868242751327205,0.6482427513272047
1402,test,Nc1n[nH]c2c(Cl)cccc12,1.7,2.3608679926712695,0.6608679926712695
2739,test,Cc1c(cnn1c2ccc(cc2)C(=O)O)C(=O)NC3C4CC5CC(CC3C5)C4,0.8,1.1784660997449434,0.3784660997449434
3821,test,Cc1cc(C)nc(SCC(=O)N)n1,0.23,0.5450175315117769,0.3150175315117769
3063,test,FC(F)(F)c1nnc2ccc(nn12)N3CCCCCC3,3.29,3.263234831360123,-0.02676516863987688
630,test,Cc1nc(C)c(nc1C(=O)N)c2ccc3c(CC[C@@]34CC[C@@H](CC4)C(=O)O)c2,1.2,1.3451359109359755,0.14513591093597555
2083,test,CSc1ncccc1C(=O)NCc2ccc(C)cc2,2.71,3.6533902661240676,0.9433902661240676
4168,test,Oc1ccc(cc1)[N+](=O)[O-],1.5,1.6906606086145213,0.19066060861452128
650,test,CN1C(=O)C=C(CCc2ccccc2)N=C1N,2.0,2.6962242341550855,0.6962242341550855
2406,test,CCN(CCNCCc1ccc(O)c2NC(=O)Sc12)C(=O)CCOCCc3ccccc3,1.92,1.9296055872766966,0.009605587276696692
2564,test,C[C@H](NC(=O)c1c(C)nn(C2CCOCC2)c1NS(=O)(=O)c3ccc(cc3)C4CC4)C(C)(C)C,1.23,1.41355304283088,0.18355304283088003
1128,test,OCC(CO)Nc1nc(SCc2cccc(F)c2F)nc3nc(NC4CC4)sc13,3.11,3.755677376215839,0.645677376215839
3947,test,O=C(Oc1ccc2C(=O)CCOc2c1)c3ccccc3,3.6,3.7615414601907604,0.16154146019076032
834,test,CC(=O)NCC(NC(=O)C1(N)CCN(CC1)c2ncnc3[nH]ccc23)c4ccc(Cl)cc4,2.4,1.6735569580760217,-0.7264430419239782
3827,test,C[C@@](N)(Cc1ccccc1)c2ccccc2,1.7,2.0244132383037297,0.3244132383037297
1512,test,CC(C)N1CCN(Cc2cnc(c(F)c2)c3ccc(cc3)C(=O)Nc4ccccc4N)CC1,1.6,1.5454908124028583,-0.05450918759714174
1703,test,CCN1CCO[C@@H](CN2CCN(CC2)C(=O)Nc3ccc(Cl)c(Cl)c3)C1,2.68,2.763954830507469,0.08395483050746888
2268,test,COc1ccc(c(OC)c1)c2cncc(CNC3CCCC3)n2,2.14,2.1477481767054565,0.0077481767054563555
1445,test,CN1C(=O)N(CC2CC2)c3nn(Cc4ccnc5ccc(Cl)cc45)c(c6oc(cc6)S(=O)(=O)C)c3C1=O,2.71,3.5356520768097086,0.8256520768097086
4141,test,Oc1cc(ccc1NC(=O)CN2CCOCC2)c3cccc4C(=O)C=C(Oc34)N5CCOCC5,2.4,2.362036046325521,-0.03796395367447891
3565,test,Nc1nc2cc3CCN(Cc4ccccc4)CCc3cc2s1,2.66,2.7083389103760904,0.04833891037609028
3919,test,COCC(C)n1nc(C)c(C(=O)N[C@@H](C)C(C)(C)C)c1NS(=O)(=O)c2ccc(C)cc2,0.61,0.3575878713910874,-0.2524121286089126
924,test,CN(C)CC(O)COc1ccc(Nc2nccc(n2)N(CC#N)c3cc(Cl)ccc3Cl)cc1,2.4,2.8608449913520455,0.4608449913520456
2543,test,Oc1cccc(O[C@H]2C[C@H]3CC[C@@H](C2)N3Cc4ccccc4)c1,2.3,2.6462098108926666,0.3462098108926668
2649,test,COc1ccc(N(C(C)C(=O)NC2CCCC2)C(=O)c3ccccc3)c(OC)c1,3.02,3.127297541416993,0.10729754141699299
613,test,C[C@H](Oc1ccc(Cl)cc1CN2CCN([C@@H](C)C2)C(=O)Cc3ccc(Cl)cc3)C(=O)O,1.66,1.286704316898776,-0.37329568310122396
