row,partition,smiles,actual,predicted,residual
2030,train,CN[C@@H](C)C(=O)N[C@H](C(=O)N[C@H]1CCCN(C1)S(=O)(=O)c2ccccc2)C(C)(C)C,0.9,0.8202838870752012,-0.07971611292479885
3043,train,CSc1ccc(cc1)C(=O)C(C)(C)N2CCOCC2,3.49,3.422601302570331,-0.06739869742966942
3552,train,CC(CC(=O)NCc1ccccc1)C2CCCO2,2.1,2.06897417419746,-0.031025825802540208
380,train,O[C@@H](CNCCCSCCNCCc1ccccc1Cl)c2ccc(O)c3NC(=O)Sc23,0.99,1.1029015221186131,0.11290152211861315
730,train,NC1=NC(Nc2c(F)ccc(F)c12)c3occc3,1.2,1.0046566954572314,-0.1953433045427686
1335,train,CN1CCN(CC1)c2ccc(Nc3ncc(C)c(Nc4cccc(c4)S(=O)(=O)NC(C)(C)C)n3)cc2,2.84,2.7244039594404503,-0.11559604055954953
3786,train,COCCCCC(=NOCCN)c1ccc(cc1)C(F)(F)F,1.55,1.336775788388871,-0.21322421161112914
1827,train,CC[C@H](NC(=O)c1c(CC[S+](C)[O-])c(nc2ccccc12)c3ccccc3)c4ccccc4,3.15,3.032555861907368,-0.11744413809263188
558,train,Cc1ccccc1CN2C=CN3C(=O)C=C(N=C23)N4CCOCC4,2.3,2.302667760764687,0.0026677607646869994
2733,train,Fc1cc(ccc1C2=CCOCC2)N3C[C@H](COc4ccon4)OC3=O,2.61,2.696591506619874,0.08659150661987391
696,train,CN1C(=O)N(CC2CC2)c3nn(Cc4ccnc5ccc(Cl)cc45)c(c6cc(oc6C)C#N)c3C1=O,4.26,4.207363076829831,-0.05263692317016844
649,train,Nc1c(NC2CCOC2)nc(nc1N3CCOCC3)C#N,1.6,1.6367873450352115,0.036787345035211416
1059,train,ONC(=O)c1ccc(NS(=O)(=O)c2ccccc2)cc1,0.75,0.5567814564874629,-0.1932185435125371
2266,train,Cc1ccccc1C(=O)N2CCN(CC2)c3ccccn3,2.18,1.9582490673407102,-0.2217509326592899
3410,train,COc1ccc(COc2ccc(Cc3cnc(N)nc3N)cc2OC)cc1,2.27,1.9997585441699761,-0.2702414558300239
1046,train,CC(=O)NC[C@H]1CN(C(=O)O1)c2ccc(c(F)c2)n3ccc(c3)C#N,1.6,1.7154359454989605,0.11543594549896041
1057,train,Clc1ccc(c(Cl)c1)c2nnc3cccc(Cl)n23,2.88,2.7653146752723554,-0.11468532472764448
4075,train,CCOc1ccc(cc1)c2cnc3CCCCCn23,3.01,3.1486726124975313,0.1386726124975315
385,train,CN1CCCC(CN2CCN(CC2)C(=O)Nc3ccc(Cl)c(Cl)c3)C1,1.98,1.7482546621134074,-0.23174533788659257
4140,train,CC(C)(C)C(=O)N[C@H]1CCCCNC1=O,0.58,0.555779154122138,-0.024220845877861996
3926,train,C[C@H](NC(=O)\C=C\c1ccccc1)c2cccc(c2)N3CCOCC3,3.24,3.0164501526186167,-0.2235498473813835
155,train,COC(=O)C1=Nc2c(N[C@H](C)CO)nc(SCc3cccc(F)c3F)nc2NC1=O,2.49,2.384649248441164,-0.10535075155883611
1316,train,Nc1[nH]ncc1S(=O)(=O)c2ccccc2,1.1,0.9677616592639953,-0.13223834073600482
1991,train,CS(=O)(=O)N1CCOc2cc(COc3ccccc3)cnc12,2.4,2.6943545506308153,0.2943545506308154
1275,train,NS(=O)(=O)c1cc2c(NC(NS2(=O)=O)C(Cl)Cl)cc1Cl,0.37,0.12204477535586067,-0.24795522464413933
1371,train,COc1ccccc1C2=COc3cc(O)ccc3C2=O,2.55,2.782068336879187,0.23206833687918715
1315,train,O=C(Nc1ccc(nc1)n2ccnc2)c3ccc(cc3)C#N,2.2,1.922237246303779,-0.2777627536962213
2028,train,CC(C)C(NC(=O)CN1C(=O)C(=CC=C1c2ccccc2)NS(=O)(=O)NCc3ccccc3)C(=O)C(F)(F)F,2.57,2.3837025896012127,-0.1862974103987871
1107,train,CCN(CC)C(C)C(=O)c1ccccc1,1.18,1.078146911068078,-0.10185308893192202
3391,train,NC1(CCC1)c2ccc(cc2)c3nc4ccccn4c3c5ccccc5,2.8,2.8958920566097603,0.09589205660976052
2012,train,CNc1cccc(CCOc2ccc(C[C@H](NC(=O)c3c(C)cc(C)cc3C)C(=O)O)cc2)n1,0.52,0.327061978669309,-0.19293802133069105
3806,train,CN1CCN(CC1)c2ccc3N=CN(C(=O)c3c2)c4cc(NC(=O)c5cocc5)ccc4C,2.43,2.4257641702599226,-0.0042358297400775236
2038,train,CNc1ncc(s1)C(=O)c2ccccc2,2.36,2.553534123664183,0.193534123664183
2160,train,OC(=O)c1ccc2c(c1)nc(Nc3cccc(c3)C#C)c4ncncc24,0.92,0.7429347857905952,-0.1770652142094048
1067,train,Cc1ccccc1C(=O)NCC23CC4CC(CC(C4)C2)C3,4.28,4.12798133337931,-0.1520186666206902
767,train,COc1cccc(Nc2nc(NCC3CCCO3)c4ccccc4n2)c1,3.9,3.6194613376020426,-0.28053866239795733
1952,train,OCCN1CCN(Cc2ccc3c(NC(=O)CC45CC6CC(CC(C6)C4)C5)c(Cl)ccc3n2)CC1,2.93,2.783773156725071,-0.14622684327492896
439,train,CO[C@@H]1CC[C@@]2(CC1)Cc3ccc(cc3C24N=C(C)C(=N4)N)c5cncc(Br)c5,3.4,3.4327387764721538,0.03273877647215384
995,train,C[C@@H]1CN(CCN1c2ncc(OCc3ccncc3C#N)cn2)C(=O)OC(C)(C)C,3.33,3.184699063324403,-0.1453009366755973
4109,train,CS(=O)(=O)c1ccc(CC(=O)N(C2CC2)C3CCN(CCC(c4ccccc4)c5ccccc5)CC3)cc1,2.89,2.730191317424484,-0.15980868257551606
3525,train,Oc1nc(nc2ccccc12)c3ccccc3,2.46,2.58638828247244,0.12638828247244005
684,train,O[C@@H](CNCCCCCCCCCN1CCC(CC1)OC(=O)Nc2ccccc2c3ccccc3)c4ccc(O)c5NC(=O)C=Cc45,2.16,2.0950168717531676,-0.0649831282468325
668,train,Clc1cc(Cl)cc(CS(=O)(=O)NCC(N2CCCCCC2)c3ccccc3)c1,3.23,2.885444445539381,-0.3445555544606189
2093,train,Cc1ccccc1CCOCCCS(=O)(=O)CCNCCc2ccc(O)c3nc(O)sc23,2.84,2.8448872170644046,0.0048872170644047586
1810,train,Cc1sc(CN2CCNCC2)cc1C(=O)NCC34CC5CC(CC(C5)C3)C4,2.55,1.877999295677986,-0.6720007043220138
3844,train,NC(=O)c1ccc(O[C@H]2C[C@H]3CC[C@@H](C2)N3Cc4ccccc4)nc1,1.25,1.120519024295072,-0.129480975704928
3141,train,COC[C@@H](O)CN1C(=O)C=NN(C1=O)c2ccc(Cl)c(c2)C(=O)NCC3(O)CCCCCC3,1.44,1.1661092599637106,-0.2738907400362893
3577,train,NC(=N)c1cc2c(\C=C\c3ccc4OCOc4c3)cccc2s1,2.2,1.9851964215016156,-0.2148035784983846
3558,train,Oc1ccc2[nH]c(CN3CCC(Cc4ccc(F)cc4)CC3)nc2c1,3.8,3.458422073647726,-0.341577926352274
3633,train,CN1CCN(CC1)c2nc3ccccc3cc2Cn4nc(c5ccc6nc(N)sc6c5)c7c(N)ncnc47,3.09,2.8579234023184203,-0.2320765976815795
3113,train,Cc1sc2ncnc(SCC(=O)N3CCCC3)c2c1C,2.89,2.3480417756865526,-0.5419582243134475
2732,train,Cc1ccn2c(NC(=O)c3ccccc3)c(nc2c1)c4cccs4,2.87,2.9555698094640253,0.08556980946402515
736,train,Fc1ccc(cc1)C(=O)C2CCN(CCN3C(=O)Nc4ccccc4C3=O)CC2,2.9,2.6055489578968465,-0.2944510421031534
671,train,COc1ccnc(C[S+]([O-])c2nc3cc(OC(F)F)ccc3[nH]2)c1OC,2.0,1.9803912723876331,-0.019608727612366872
33,train,CS(=O)(=O)c1ccccc1C(=O)NC[C@@H](O)CN2CCC(CC2)Oc3ccc(Cl)c(Cl)c3,2.34,2.521416666440251,0.181416666440251
2134,train,Oc1ccccc1OCC(=O)NC2CCCC2,2.31,2.355508072806994,0.04550807280699409
3286,train,CC1=CC2=NNC(=O)N2c3cc(ccc13)c4cn[nH]c4,2.13,2.3121191262746668,0.18211912627466686
4139,train,CC(=O)N[C@@H]1CC2(CCN(Cc3ccc4[nH]c5ccccc5c4c3)CC2)c6ccccc16,2.96,2.857436629307689,-0.10256337069231103
3362,train,O=C1OC(=Cc2ccccc12)c3ccccc3,3.84,3.859547046037445,0.01954704603744517
3366,train,COc1cc2ncnc(Nc3ccc(F)c(Cl)c3)c2cc1OCCCN(C)C,2.9,2.7580796510474275,-0.14192034895257244
1998,train,NC(=O)CN1C(=O)C(Cc2ccccc12)NC(=O)c3cc4cc(Cl)sc4[nH]3,3.22,3.1127358095726514,-0.1072641904273488
3020,train,COc1cc(C)c(c(C)c1)S(=O)(=O)N(C)CCOCC(=O)N2CCC(CC2)C3CCN(C)CC3,0.3,0.18485840750832327,-0.11514159249167671
1208,train,Clc1cccc2c3CN(CCc3[nH]c12)C(=O)[C@@H]4CCCC[C@H]4C(=O)NC5(CC5)C#N,3.59,3.547345603336961,-0.04265439666303905
1147,train,CN1CCC[C@@H]1CCO[C@](C)(c2ccccc2)c3ccc(Cl)cc3,3.48,3.4550308380160297,-0.024969161983970256
3203,train,O=C1CC2(CCCC2)CC(=O)N1CCCCN3CCN(CC3)c4ncccn4,2.19,2.127789973617163,-0.062210026382837125
2867,train,CCOc1ccc2C=CC(=O)Oc2c1,2.2,2.5827852923136265,0.38278529231362635
4024,train,Cc1ccc(cc1)c2nnc(N3CCN(CC3)C(=O)c4occc4)c5ccccc25,3.78,3.6422569227269497,-0.13774307727305013
591,train,CCC(CCNC)Oc1cc(Cl)ccc1C#N,0.38,0.347680277218672,-0.032319722781328
803,train,O=C(N[C@H]1CN2CCC1CC2)c3ccc(s3)c4ccccn4,0.7,0.8313326495140245,0.13133264951402457
148,train,O[C@@H](CNCCc1ccccc1CNCCc2ccccc2F)c3ccc(O)c4NC(=O)Sc34,1.58,1.6527370871039386,0.07273708710393856
3068,train,Nc1cccc(CCc2ccc3cc[nH]c3c2)n1,2.8,2.7124420393022755,-0.08755796069772437
3994,train,NC(=O)N1c2ccccc2C=Cc3ccccc13,1.65,1.8496604220375776,0.19966042203757772
3510,train,Oc1cc(nc2ncnn12)c3ccccc3,-0.21,-0.17126705640655082,0.03873294359344917
948,train,Nc1ncc([nH]1)c2ccc(F)cc2,1.39,1.3179901316338607,-0.07200986836613921
3484,train,COC(=O)CCCCCCC(=O)Nc1ccc2c(c1)C(=O)C(=O)c3ccccc23,2.9,2.570823120557443,-0.3291768794425569
1941,train,Cc1[nH]c(C(=O)NC2CCN(CC2)c3nc(cs3)C(=O)O)c(Cl)c1Cl,0.14,0.35940251323075345,0.21940251323075344
1747,train,O[C@]1(CN2CCC1CC2)C#Cc3ccc(Oc4ccc(cc4)C(=O)NCc5ccncn5)cc3,1.78,1.555826446961484,-0.22417355303851605
1089,train,Cc1sc2c(C(=N[C@@H](CC(=O)OC(C)(C)C)c3nnc(C)n23)c4ccc(Cl)cc4)c1C,3.82,3.844185694709573,0.024185694709573102
3448,train,COc1cc2ncnc(NCc3ccccc3)c2cc1OC,3.29,3.033160320255356,-0.25683967974464395
4076,train,CNc1c(Br)cnc2[nH]c(nc12)c3ccnc(N)c3,2.83,2.738805927246212,-0.0911940727537881
3623,train,Cc1ccc(cc1)S(=O)(=O)Nc2ccc(\C=C\C(=O)Nc3ccccc3N)cc2,2.82,2.581311996981265,-0.23868800301873483
3680,train,Cc1cc(CN2Cc3cccnc3CC2C(=O)Nc4ccc(Cl)cc4Cl)ccc1OCC(=O)O,1.15,1.110718502852457,-0.03928149714754281
3042,train,c1ccc(cc1)C#Cc2n[nH]c3ccccc23,4.31,4.448365968852727,0.13836596885272723
1843,train,Nc1nccc(n1)n2ccc3ccccc23,2.71,2.2252934437610565,-0.48470655623894343
935,train,COc1cc2ncc(C(=O)N)c(Nc3ccc(F)cc3F)c2cc1NCCN4CCCCC4,2.52,2.654882191173479,0.134882191173479
3954,train,COc1ccccc1Oc2c(NS(=O)(=O)c3ccc(cc3)C(C)(C)C)nc(nc2OCCO)c4ncccn4,1.03,1.2436753278627588,0.21367532786275878
3182,train,CC(O)c1ccc2OCC(=O)N(CCN3CCC(CC3)NCc4ccc5OCC(=O)Nc5n4)c2c1,0.25,0.07789702978622115,-0.17210297021377885
3615,train,CCCCC1(CC)C(=O)NC(=O)NC1=O,1.5,1.2657384889094896,-0.2342615110905104
1084,train,C[C@H](NC(=O)Cc1cc(F)cc(F)c1)C(=O)NC2C(=O)N(C)c3ccccc3c4ccccc24,3.6,3.7294858410723712,0.12948584107237116
1822,train,Cc1cc2NC(=O)C(=CC(=O)c2cc1C)O,1.99,2.114371311017062,0.12437131101706211
4005,train,OCCNC(=O)CN1C(=O)C(Cc2ccccc12)NC(=O)c3cc4cc(Cl)sc4[nH]3,3.05,2.899727218299833,-0.150272781700167
1574,train,CC(=O)Nc1ccc(O)cc1OC[C@@H](O)CN2CCC3(CC2)Cc4cc(Cl)ccc4O3,2.76,2.417733260300457,-0.3422667396995429
4173,train,COc1cc2ncnc(Oc3cnn(CC(=O)Nc4ccc(cn4)N(C)C)c3)c2cc1OC,2.36,2.3580716649169,-0.0019283350830998636
2358,train,Oc1ccc(cc1)c2ccc(cc2)C3(O)CN4CCC3CC4,0.95,0.667848521204524,-0.282151478795476
2952,train,Oc1ccc(cc1)N2C(=O)c3ccccc3C2=O,2.0,1.5673091426291914,-0.4326908573708086
1283,train,COc1ccc(cc1)S(=O)(=O)Nc2ccccn2,0.87,0.7060933082878029,-0.16390669171219707
4019,train,CC(C)CCOc1ccc(N)cc1,2.67,2.583966459137776,-0.08603354086222392
276,train,NC(=O)c1ccccc1OCc2ccccc2,2.5,2.5155545060167452,0.01555450601674524
2816,train,Clc1ccc(OC2CCN(CC2)C3CCN(CC3)C(=O)c4ccc(cc4)c5nn[nH]n5)cc1Cl,1.53,1.5202494577891825,-0.009750542210817503
1733,train,CC(C)(C)OC(=O)N1CCN(CC1)c2ccc(OCc3ccc(cc3)S(=O)(=O)C)cn2,3.2,2.9606646427969916,-0.23933535720300858
3201,train,OC1(CCc2ccc(Oc3ccc(cc3)C(=O)NCc4ccncn4)cc2)CN5CCC1CC5,0.76,1.145988589944887,0.38598858994488694
3648,train,C[C@H](CO)Nc1nc(SCc2cccc(F)c2F)nc3nc(NS(=O)(=O)C)sc13,0.92,0.8279168272083255,-0.09208317279167455
2803,train,[O-][N+](=O)c1ccc2NC(=O)CN=C(c3ccccc3Cl)c2c1,3.72,3.5150799790512774,-0.20492002094872275
3470,train,Cc1cccc(NC(=O)NCC(N2CCOCC2)c3cccnc3)c1,2.0,1.6077719784054394,-0.3922280215945606
3970,train,OC(=O)C1CCn2c1ccc2C(=O)c3ccccc3,-0.93,-0.917622432930266,0.01237756706973403
3375,train,OC(=O)c1ccc2[nH]c(nc2c1)C(F)(F)F,-1.08,-1.1734808521924927,-0.09348085219249258
2957,train,CN1CCC(CC1)n2cc(cn2)c3cnc(N)c(c3)c4oc5cc(F)ccc5n4,3.35,3.353476371848661,0.0034763718486607864
3390,train,CN1CCN(CC1)c2ccc3N=CN(C(=O)c3c2)c4cc(ccc4C)C(=O)NC5CCC5,2.25,2.1570884105068306,-0.09291158949316936
3764,train,N#Cc1cccc(c1)c2onc(n2)c3ccccn3,2.2,2.328454113487576,0.12845411348757585
3988,train,OCC1=CC2=NNC(=O)N2c3cc(ccc13)c4ccc[nH]4,2.19,2.2665623647875557,0.07656236478755574
2577,train,Cc1oncc1C(=O)Nc2ccc(cc2)C(F)(F)F,3.9,3.963562192549122,0.0635621925491221
1189,train,CN(C)c1nc(Cc2ccc(NC(=O)c3ccc(cc3)C(F)(F)F)cc2)nc(N(C)C)c1CC(=O)O,1.46,1.0250989332912968,-0.4349010667087032
1027,train,CN[C@@H](C)C(=O)N[C@H](C(=O)N[C@H]1CCCN(CCc2ccc(OC)cc2)C1)C(C)(C)C,1.45,1.4811606001226816,0.031160600122681625
2371,train,CN(C1CCN(Cc2ccc(cc2)C(F)(F)F)CC1)C(=O)Cc3ccc(cc3)n4cnnn4,3.0,2.952048451376351,-0.04795154862364903
3107,train,CC(=N)NCc1ccccc1,-0.28,-0.3540285749511094,-0.07402857495110937
2840,train,CC(C)n1c(C)ncc1c2ccnc(Nc3ccc(cc3)N4CCN(CC4)C(=O)CO)n2,1.69,1.502829655476778,-0.187170344523222
1169,train,CCn1cnc(c2ccccc2)c1c3nc4c(N)ncnc4s3,2.97,3.1897557945017514,0.2197557945017512
2261,train,O=C1N(C(=Nc2c1cnn2c3ccccc3)c4occc4)c5ccccc5,3.29,3.2819896107147097,-0.008010389285290298
2595,train,C[C@H](Nc1ncc(F)c(Nc2cc(C)[nH]n2)n1)c3ncc(F)cn3,1.79,1.7767771809548072,-0.013222819045192846
1853,train,NC1=CC2=NNC(=O)N2c3cc(ccc13)c4cccs4,3.26,2.9383556869010965,-0.3216443130989033
1905,train,Oc1nc2cc(Cl)c(Cl)c(c2nc1O)[N+](=O)[O-],0.21,0.18109966580206516,-0.028900334197934835
976,train,COC[C@H](C)Oc1cc(O[C@@H](C)Cc2ccccc2)cc(c1)C(=O)Nc3ccc(cn3)C(=O)O,1.5,1.4607934882369569,-0.03920651176304313
2794,train,O=C1Nc2ccc(cc2C1=O)S(=O)(=O)N3CCC[C@H]3COc4ccccc4,2.7,2.7780692640290985,0.0780692640290983
1256,train,OC(=O)[C@H](Cc1ccc(F)cc1)N2CCC(CN3CCC(CC3)Oc4ccc(Cl)c(Cl)c4)CC2,2.98,2.9877419756321553,0.007741975632155285
4130,train,OC12CC3CC(C1)CC(C3)(C2)NCC(=O)N4CCC[C@H]4C#N,-0.48,-0.2154928754497769,0.26450712455022307
476,train,CCCS(=O)(=O)N1CCCC(C1)C(=O)N2CCC(Cc3ccccc3)CC2,3.44,3.0318038835153653,-0.4081961164846346
2954,train,Cn1cc(cc1C=O)C(=O)CCCCOc2ccc(cc2)C(=O)O,0.14,0.0363108993278467,-0.10368910067215331
3081,train,Nc1nc2OC(COc3ccccc3)Cc2c(N)c1C#N,2.08,2.212918600497732,0.13291860049773208
2078,train,CNS(=O)(=O)c1ccc2C(=CNC(=O)c2c1)C(=O)NC[C@@H](O)CN3CCC(CC3)Oc4ccc(Cl)c(Cl)c4,2.77,2.670648683440943,-0.09935131655905716
2727,train,Cc1nsc(C)c1CCC2CCN(CC2)S(=O)(=O)CC3(CCOCC3)N(O)C=O,1.5,1.1156863769272711,-0.38431362307272887
4170,train,Oc1cccc2Oc3ccccc3C(=O)c12,3.8,3.8113670859314155,0.011367085931415666
319,train,CC[C@H](NC(=O)c1c([S+](C)[O-])c(nc2cc(Br)ccc12)c3ccccc3)c4ccccc4,3.18,3.276885287788269,0.09688528778826866
3570,train,CNS(=O)(=O)NC1=CC=C(N(CC(=O)NC(C(C)C)C(=O)C(F)(F)F)C1=O)c2ccccc2,1.79,1.7026101488457286,-0.08738985115427145
3443,train,CN(C)CC(O)COc1ccc(Nc2nccc(Nc3cc(C)ccc3Cl)n2)cc1,2.6,2.2699408847234506,-0.3300591152765495
2123,train,CS(=O)(=O)c1cccc(Nc2nccc(Nc3cccc4CCOc34)n2)c1,3.0,3.13445871118063,0.1344587111806299
4190,train,Cc1cccc(Nc2oc(nn2)C(=O)Nc3ccc(nc3)N4CCOCC4)c1,3.42,3.4013886103933313,-0.018611389606668638
472,train,O=C(NC1CCCC1)C(N(Cc2occc2)C(=O)c3ccc([nH]3)c4ccccc4)c5ccncc5,4.36,4.072917248334333,-0.2870827516656673
3682,train,O=C(NC1(CC1)C#N)[C@@H]2CCCC[C@H]2C(=O)N3CCN(CC3)c4nc(cs4)c5ccccc5,3.5,3.4889745387478044,-0.011025461252195612
4046,train,C[C@](O)(CS(=O)(=O)c1ccc(F)cc1)C(=O)Nc2ccc(C#N)c(c2)C(F)(F)F,2.87,2.816914627353944,-0.05308537264605606
2849,train,C1Oc2ccc(Oc3cc(Oc4ccc(cc4)n5ccnc5)ncn3)cc2O1,3.17,3.04352123094899,-0.12647876905101008
4061,train,NNC(=O)c1ccncc1,-0.57,-0.6961729920435085,-0.12617299204350851
2325,train,Nc1ccc(N=Nc2ccccc2)c(N)n1,3.22,3.4759538100286154,0.25595381002861517
1518,train,CC(C)n1c(C)ncc1c2ccnc(Nc3ccc(cc3)C(=O)NCCO)n2,2.09,1.9824600037650963,-0.10753999623490351
4033,train,CCCNC(=O)c1cc2c(c(cnc2[nH]1)c3cncc(c3)C(=O)O)n4ccc(n4)C(F)(F)F,-0.79,-0.8622549684575409,-0.07225496845754087
1156,train,CN(CCO)C(=O)c1ccc(cc1)[C@@H](N2CCN(Cc3ccc(F)cc3)CC2)c4cccc(NC(=O)C5CC5)c4,3.38,3.499796701196992,0.11979670119699204
2322,train,COc1cc2ncnc(Nc3cccc(Cl)c3F)c2cc1CN4CCC[C@H]4C(=O)N,3.58,3.483411767809337,-0.09658823219066326
2560,train,CSc1nc(C(=O)N)c(N)s1,1.21,0.7745173031278261,-0.4354826968721739
594,train,COCCC(=O)N[C@H](C)c1ccc(Nc2ncc3cc(ccc3n2)c4ccncc4)cc1,3.08,2.9409368563261884,-0.13906314367381167
364,train,C[C@@H](CNC(=O)c1c(O)c(O)cc2c(O)c(c(C)cc12)c3c(C)cc4c(C(=O)NC[C@H](C)c5ccccc5)c(O)c(O)cc4c3O)c6ccccc6,3.48,3.347693399207066,-0.13230660079293388
3732,train,CC(=O)NCc1ccc(CN2CCN(CC2)c3ccc(F)cc3F)cc1,2.5,2.0839697178723293,-0.4160302821276707
1713,train,OC(=O)CCC(=O)c1ccc(cc1)c2ccccc2,0.58,0.7110491765890543,0.13104917658905435
2087,train,CC(N)(COP(=O)(O)O)C(=O)O,2.5,2.244453454195011,-0.25554654580498903
2963,train,CC(=O)NC[C@H]1CN(C(=O)O1)c2ccc(c(F)c2)n3ccnc3,0.7,0.4942348269877628,-0.20576517301223718
1837,train,CCCc1nc2c(C)cc(cc2n1Cc3ccc(cc3)c4ccccc4C(=O)O)c5nc6ccccc6n5C,2.21,2.251100267406233,0.04110026740623285
553,train,COc1ccc(c(C)n1)c2cccc3c(N)c4C(=O)N(Cc4nc23)C5CCC5,3.92,4.0167262021733885,0.09672620217338856
1588,train,O=C(Nc1oc(nn1)C(=O)Nc2ccc(cc2)N3CCOCC3)c4ccccc4,1.02,1.4140466005273113,0.39404660052731133
3580,train,c1ccc2c(c1)nnn2c3ccncc3,1.69,1.5638019470408697,-0.12619805295913022
2405,train,CC1CC(NC(=O)C)c2ccccc2N1C(=O)c3ccccc3,2.0,1.7030047937198105,-0.2969952062801895
2812,train,OC(=O)C(N1CCO[C@@H](CN2CCC(CC2)Oc3ccc(Cl)c(Cl)c3)C1)c4ccccc4,1.71,1.5819137707683235,-0.12808622923167645
784,train,C[C@H]1[C@@H]2CN(CCN3CCOCC3)CC[C@H]2Cc4[nH]c5ccc(cc5c14)C(F)(F)F,2.87,2.9231617693853633,0.05316176938536321
831,train,COc1cccc2c(ccnc12)c3c(C)n(CC(=O)O)c4ccc(C)cc34,0.49,0.4199592037351736,-0.0700407962648264
1032,train,CC1SC2=C(C(=O)O)C(=O)c3cc(F)c(cc3N12)N4CCNCC4,-1.1,-1.2778436629014664,-0.17784366290146636
735,train,C[C@@H](O)[C@@H](CO)Nc1nc(SCc2cccc(F)c2F)nc3nc(N)sc13,2.83,3.0455591211476607,0.21555912114766063
4152,train,Nc1ccc(cn1)C(=O)Nc2cccc(c2)c3nc(N4CCOCC4)c5oc6ncccc6c5n3,3.44,3.612838895392244,0.17283889539224395
3653,train,C[C@H](Nc1nc(Nc2ncc(C)s2)cc(n1)N3CCN(C)CC3)c4ccc(F)cn4,2.9,2.7618111461178763,-0.13818885388212365
569,train,CN(c1ccnc(Nc2cc(cc(c2)N3CCN(C)CC3)N4CCOCC4)n1)c5cc(CO)ccc5C,2.61,2.5602844597133094,-0.04971554028669045
3657,train,CC1=C(Cc2ccccc2)C(=O)n3nc(NCc4cccc(Cl)c4)nc3N1,3.6,3.7320788005984467,0.13207880059844657
3146,train,CS(=O)(=O)c1ccc(c(Cl)c1)c2cc(ccc2OCC(=O)O)C(F)(F)F,-0.52,-0.5430368340729039,-0.02303683407290391
1495,train,CC1=CC2=NNC(=O)N2c3cc(ccc13)c4ccc(cc4)C(=O)N5CCOCC5,2.77,2.912374114548811,0.1423741145488111
3903,train,Cc1ccc(NC(=O)[C@@H]2CCCN2S(=O)(=O)c3cccc4cccnc34)c(C)c1,3.8,3.7920800623211637,-0.007919937678836142
1692,train,OB1N(C(=Nc2ccccc12)S)c3cccnc3,-0.62,-0.6834580870412958,-0.06345808704129585
3647,train,Cc1cccc(Br)c1C(=O)N[C@@H](Cc2ccc(NC(=O)c3c(Cl)cccc3Cl)cc2)C(=O)O,-0.13,-0.12845878133402344,0.0015412186659765625
1065,train,C[C@@H](Oc1cc(cnc1N)c2cnn(c2)C3CCNCC3)c4c(Cl)ccc(F)c4Cl,2.33,2.3009627791643683,-0.02903722083563176
267,train,N#CC[C@H](C1CCCC1)n2cc(cn2)c3ncnc4[nH]ccc34,2.55,2.5150286962692205,-0.03497130373077928
748,train,COc1ccc(cc1)C(=O)C2CCN(CC2)C(=O)c3ccc(F)cc3,2.92,2.7697060565435874,-0.15029394345641256
1334,train,CC(C)CN1C(=O)N(C)C(=O)c2c1sc(Cc3ccccc3C(F)(F)F)c2C(=O)N4C[C@H](O)CO4,3.15,2.8044821815393206,-0.3455178184606793
387,train,Cc1ccc(cc1)S(=O)(=O)NC(=O)N2CCC(CC2)N3CCC(CC3)Oc4ccc(Cl)cc4,1.6,1.9015982791322648,0.30159827913226467
3839,train,CNC(=O)c1ccc(Nc2nccc(n2)c3cnc(C)n3C(C)C)cc1,2.69,2.4435630351025788,-0.24643696489742117
72,train,Cn1cncc1c2c3C(=O)N(CC#C)C(=O)N(CC4CC4)c3nn2Cc5ccnc6ccc(Cl)cc56,3.16,3.1117994311256307,-0.04820056887436941
1688,train,CC(C)NC(=O)c1c(C)nn(c1NS(=O)(=O)c2ccc(C)cc2)c3ccccc3,0.46,0.1342666528425518,-0.3257333471574482
2198,train,CC1=CN([C@H]2CCCN(C2)[C@H](CC3CCOCC3)c4ccc(C(=O)O)c(Oc5cccc(Cl)c5)c4)C(=O)NC1=O,-0.25,0.004414650279076948,0.25441465027907695
245,train,O=C(C1CCCCC1)N2CC3N(CCc4ccccc34)C(=O)C2,2.43,2.2101149288620046,-0.2198850711379956
1366,train,CCOc1ccc2nc(NC(=O)CC)sc2c1,3.4,3.4000313109630245,3.1310963024555605e-05
1613,train,CCN(C1CCN(CCC(C2CCN(CC2)S(=O)(=O)CC)c3ccccc3)CC1)C(=O)Cc4ccc(cc4)S(=O)(=O)C,1.63,1.4934214424553063,-0.1365785575446936
3870,train,Clc1ccc(cc1Cl)C2CNCC=CC2,1.86,1.7432955227780418,-0.11670447722195831
3014,train,O[C@H](CNC(=O)c1cnnc2ccccc12)CN3CCC(CC3)Oc4ccc(Cl)c(Cl)c4,3.28,2.9793208241137616,-0.30067917588623816
2506,train,CN(C)C(=O)N[C@@H]1CC[C@@H](CCN2CCN(CC2)c3ccc(Cl)c(Cl)c3)CC1,3.15,3.2307457340609975,0.08074573406099761
1441,train,Clc1ccc(NC(=O)N2CCN(C[C@@H]3CCCN(C3)C4CC4)CC2)cc1Cl,3.57,3.2100868890667886,-0.3599131109332112
1171,train,CN(c1ncccc1CNc2nc(Nc3ccc4NC(=O)Cc4c3)ncc2C(F)(F)F)S(=O)(=O)C,2.63,2.454725726581242,-0.1752742734187578
511,train,CN1CC=CCC(C1)c2oc3ccccc3c2,2.47,2.1046201067041714,-0.36537989329582876
2913,train,CCN(CC)CCNC(=O)c1cc(Cl)c(N)cc1OC,0.34,0.4137002417117961,0.07370024171179607
3885,train,Brc1ccc(OC(=O)N2CCN3CCC2CC3)cc1,1.58,1.5114263644744517,-0.0685736355255484
3241,train,Nc1ncc(cc1c2oc3ccccc3n2)c4cnn(c4)C5CCN(CC5)C(=O)CO,3.2,3.0151870302144594,-0.18481296978554074
4042,train,CC1=CC2=NNC(=O)N2c3cc(ccc13)c4cccc(CO)c4,3.36,3.148531562630886,-0.2114684373691138
2269,train,COC1CCN(CC1)C(=O)C2CCN(CCc3c([nH]c4sc(cc34)C(C)(C)C(=O)N5C6CCC5CC6)c7cc(C)cc(C)c7)CC2,4.09,4.0675074611452136,-0.022492538854786304
2797,train,CC(C)c1ccc(NC(=O)NCCCSC[C@H]2O[C@H]([C@H](O)[C@@H]2O)n3cnc4c(N)ncnc34)cc1,2.5,2.509994143422076,0.00999414342207583
1901,train,Nc1nc(cs1)c2ccc(Cl)cc2,3.31,3.135282867995727,-0.17471713200427308
3381,train,COc1cccc(Nc2c(cnc3c(C)cc(cc23)S(=O)(=O)c4cccc(c4)C(=O)N(C)C)C(=O)N)c1,2.69,2.7386337845827655,0.04863378458276557
2902,train,Oc1ccc(CCNCCNS(=O)(=O)CCOCCCc2ccccc2)c3sc(O)nc13,2.22,2.283387027604655,0.06338702760465464
1436,train,CCC(N1NC(=O)c2nc3cc(Cl)ccc3c(O)c2C1=O)c4cccnc4,0.7,0.8811921238833393,0.18119212388333938
2931,train,CCOC(=O)c1c(C)n(Cc2occc2)c3ccc(O)cc13,3.5,3.2403326677595743,-0.2596673322404257
866,train,COc1ccc2N=CC(=O)N(CCN3CC[C@H](NCc4cc5OCCOc5cn4)[C@H](O)C3)c2c1,0.77,0.6939026314342025,-0.07609736856579752
1633,train,Cc1ccc(c(C)c1)c2nnc(O)c3ccccc23,3.41,3.178606744313708,-0.23139325568629232
2488,train,CCC(Oc1ccc(cc1c2ccc(cc2C)S(=O)(=O)CC)C(F)(F)F)C(=O)O,0.31,0.06006939062698757,-0.24993060937301242
4074,train,Clc1cccc(C(=O)NCC23CC4CC(CC(C4)C2)C3)c1Cl,4.37,4.297960513295298,-0.0720394867047025
4091,train,Fc1cccc(Nc2oc(nn2)C(=O)Nc3ccc(nc3)N4CCOCC4)c1,3.2,3.134413276157327,-0.06558672384267306
1582,train,O=S(=O)(NCC(N1CCCCCC1)c2ccccc2)c3cccnc3,2.1,1.914366742824921,-0.18563325717507917
2210,train,Cn1cncc1c2c3C(=O)N(C4CC4)C(=O)N(CC5CC5)c3nn2Cc6ccnc7ccc(Cl)cc67,3.53,3.0801845629015547,-0.44981543709844507
1448,train,COC(=O)CCCCCCC(=O)Nc1ccc2C(=O)C(=O)c3ccccc3c2c1,2.6,2.433492833072679,-0.16650716692732104
1509,train,CCC1(C)CC(=O)NC1=O,0.23,0.13987888469246323,-0.09012111530753678
2763,train,Cc1cc(C)n(n1)c2cccc(Cl)c2C#N,3.0,2.940775101891962,-0.059224898108038104
2061,train,Clc1cccc(c1)S(=O)(=O)NC(=O)N2CCC(CC2)N3CCC(CC3)Oc4ccc(Cl)c(Cl)c4,2.62,2.572355366394723,-0.047644633605277154
3089,train,CCCCN(CCNCCc1ccc(O)c2NC(=O)Sc12)C(=O)CCOCCc3ccccc3,3.0,2.837033428210417,-0.16296657178958318
2247,train,COc1cc2c(Nc3ccc(Cl)cc3F)ncnc2cc1OC[C@@H]4CCCN(C)C4,2.9,2.77006515138757,-0.1299348486124301
457,train,NC(=O)Nc1sc(cc1C(=O)N)c2ccc(CNC3CCCC3)cc2,1.22,1.078592562507086,-0.14140743749291396
2323,train,CC(C)NNC(=O)c1ccncc1,0.33,0.13058267763033582,-0.1994173223696642
3605,train,Cc1c(N)cccc1CN2C=CC(=CC2=O)OCCc3cccs3,2.78,2.7368930552524833,-0.04310694474751653
3122,train,CC(C)C(NC(=O)CN1C(=O)C(=CC=C1c2ccccc2)NC(=O)C)C(=O)C(F)(F)F,1.78,1.5766770967692556,-0.20332290323074442
15,train,Nc1ccc(cc1)c2nc3ccc(O)cc3s2,3.2,3.2833689806389312,0.08336898063893106
94,train,CCN1CCN(CC1)c2ccc(Nc3cc(ncn3)N(C)C(=O)Nc4c(Cl)c(OC)cc(OC)c4Cl)cc2,3.7,3.249797243215016,-0.450202756784984
2983,train,CC1=C(C(=O)N(C[C@H](N)c2ccccc2)C(=O)N1Cc3c(F)cccc3F)c4ccccc4F,2.76,2.408399400400585,-0.3516005995994149
3685,train,CC(C)n1c(C)ncc1c2nc(Nc3ccc(C(=O)N)c(F)c3)ncc2F,3.14,2.9965410573997606,-0.1434589426002395
463,train,Fc1cc(F)cc(c1)c2cc(on2)N(CCCN3CCCCCC3)Cc4ccc5OCOc5c4,3.84,3.492657651269705,-0.3473423487302947
1479,train,CCn1cc(NC(=O)Cc2ccc(Oc3ccnc4cc(OC)c(OC)cc34)cc2OC)cn1,3.42,3.602517956016579,0.18251795601657905
1503,train,CC(C)C[C@H](CO)Nc1nc(SCc2ccncc2)nc3nc(N)sc13,2.9,2.8454429334095463,-0.05455706659045356
84,train,Oc1cc(nc2ccnn12)c3ccccc3,1.3,0.9958463987155193,-0.30415360128448077
2531,train,O=C(CC1CCCCCC1)Nc2cccc3C(=O)N(C=Cc23)[C@H]4CCNC4,1.15,1.5193453583381475,0.36934535833814763
3681,train,C1CN2CCC1C(C2)c3oc(nn3)c4oc(cc4)c5cccnc5,1.2,1.255600152317351,0.05560015231735105
3867,train,Cc1ccc2cc(C)c3nnc(SCC(=O)N4CCN(CC4)C(=O)c5occc5)n3c2c1,2.3,2.431643296926307,0.13164329692630705
2943,train,Brc1ccc(s1)S(=O)(=O)NCC(N2CCCCCC2)c3ccccc3,3.52,3.451044346066381,-0.06895565393361913
2237,train,COc1cc(cc(OC)c1OC)C(=O)N2CC[C@@](CCN3CCC(CC3)(C(=O)N)c4ccccc4)(C2)c5ccc(Cl)c(Cl)c5,3.23,3.304136740285519,0.07413674028551887
3734,train,Clc1ccc(cc1C(=O)NCC23CC4CC(CC(C4)C2)C3)N5CCNCC5,1.77,1.495284853537592,-0.274715146462408
3675,train,CCOC(=O)c1cnc2c(N)cccc2c1O,0.9,0.9366208393684912,0.03662083936849114
189,train,Cc1ccccc1c2c(C(=O)O)n(CCCOc3cccc4ccccc34)c5ccccc25,3.89,3.8786091950386927,-0.0113908049613074
1109,train,Oc1cc(nc2ccccc12)c3ccccc3,2.54,2.516860583209547,-0.023139416790452838
2244,train,OC1=C(C(=O)Nc2cc(Cl)ccc12)c3cccc(Oc4ccccc4)c3,2.96,2.7003449284025174,-0.2596550715974826
611,train,CS(=O)(=O)c1ccccc1C(=O)NCC(O)CNC2CCN(Cc3ccc(Cl)c(Cl)c3)CC2,1.21,1.257792679755142,0.04779267975514201
967,train,CCN(CC)C(=O)c1ccc(cc1)C(=C2CCN(Cc3ccc(F)cc3)CC2)c4cccnc4,3.65,3.531014588094047,-0.1189854119059528
2008,train,CCCSc1nc(ccc1C(=O)NC2CCCCC2)N3CCCCC3C(=O)O,1.36,1.4609915475553092,0.10099154755530915
2823,train,CCOC(=O)\C=C\[C@H](C[C@@H]1CCNC1=O)NC(=O)[C@H](CC#C)N2C=CC=C(NC(=O)c3cc(C)on3)C2=O,1.75,1.9482999295184715,0.19829992951847153
2927,train,CNC(=O)c1ccc(Nc2nccc(n2)c3cnc(C)n3C(C)C)cc1F,2.95,2.5916075229380415,-0.35839247706195865
1813,train,COc1cc2ncnc(Nc3cc(NC(=O)c4ccnc(c4)N5CCOCC5)ccc3C)c2cc1OCCN6CCCCC6,3.35,3.3659849500836607,0.015984950083660632
471,train,NC(=O)c1cnc(N[C@H]2CCCNC2)c3cc(sc13)c4ccc(F)c(Cl)c4,2.94,2.756329180505662,-0.18367081949433794
298,train,C[C@@](O)(C(=O)Nc1ccc(cc1Cl)S(=O)(=O)NCC=C)C(F)(F)F,3.07,3.0477701245363837,-0.0222298754636161
2058,train,NC(=N)Nc1ccc(cc1)C(=O)Oc2ccc(cc2)[N+](=O)[O-],0.5,0.5411615856282677,0.04116158562826766
61,train,Cc1ccccc1NC(=O)CCS(=O)(=O)c2ccc(Br)s2,2.7,2.869440749380482,0.16944074938048193
2273,train,CCN(CC)C(=O)c1ccc(cc1)[C@@H](N2CCN(CCOC)CC2)c3cccc(NC(=O)C4CC4)c3,2.35,2.249114030790225,-0.100885969209775
1471,train,CCCSc1nc(N[C@@H]2C[C@H]2c3ccccc3)c4nnn([C@@H]5C[C@@H]([C@@H](O)[C@H]5O)C(=O)N)c4n1,2.05,1.9103984033173353,-0.13960159668266447
1493,train,CCCN(CCC)C(=O)c1cccc(c1)C(=O)N[C@@H](Cc2ccccc2)[C@H](O)CNC3Cc4ccccc4C3,3.3,3.052248134293501,-0.24775186570649899
1497,train,CS(=O)(=O)NC(=O)CCCc1c([nH]c2ccc(cc12)C#N)c3ccc(F)cc3,1.5,1.706668819218472,0.20666881921847202
4193,train,Oc1cccc(NC(=O)c2ccc(OCCCN3CCCC3)cc2OCc4ccccn4)c1,1.78,2.13824218570256,0.35824218570255995
2652,train,C[C@H](Nc1nc(Nc2cc(C)[nH]n2)c(F)cc1C#N)c3ccc(F)cn3,3.11,3.0501635150360538,-0.05983648496394611
43,train,CCS(=O)(=O)c1ccc(c(C)c1)c2cc(ccc2O[C@H](C)C(=O)O)C(F)(F)F,-0.4,-0.34219476432484175,0.05780523567515827
2034,train,Cc1ccc2c(c1)c([S+]([O-])c3ccc(Cl)cc3)c(C)n2CC(=O)O,0.05,0.18689867010536299,0.136898670105363
823,train,CNC(=O)C[C@H](Nc1ncc(Cl)c(Nc2cc([nH]n2)C3CC3)n1)c4ccc(F)cc4,2.23,2.1512073607599502,-0.07879263924004976
283,train,CN1CCN2C(C1)c3ccccc3Cc4cccnc24,2.82,2.571492065006543,-0.2485079349934569
3595,train,COc1ccccc1OCCNCC(O)COc2cccc3[nH]c4ccccc4c23,3.27,3.0810103013155645,-0.1889896986844355
3452,train,Cn1cnc2cc(OC(=O)c3ccccc3)cnc12,2.4,2.159910638970707,-0.2400893610292929
4195,train,OCCc1ccc(NC(=O)c2cc3cc(Cl)ccc3[nH]2)cc1,3.85,3.737792829905631,-0.11220717009436898
1868,train,Cc1ccc(cc1)S(=O)(=O)Nc2c(C(=O)NC3CCCCC3)c(C)nn2c4ccccc4,1.68,1.5062689860935845,-0.17373101390641543
1004,train,OC(c1ccc(cc1)N(CC(F)(F)F)S(=O)(=O)c2ccccc2)(C(F)(F)F)C(F)(F)F,4.5,4.501920345844924,0.0019203458449243982
12,train,O=C1CCCCCN1,-0.08,-0.173515371151435,-0.093515371151435
1824,train,CC(C)(c1cc(nc(n1)c2cccc3[nH]ccc23)N4CCOCC4)S(=O)(=O)C,2.65,2.386642422525129,-0.2633575774748711
835,train,CC(=O)N1CCN(CC1)c2ccc(Nc3nccc(n3)c4cnc5ccccn45)cc2,2.82,2.2974441349566463,-0.5225558650433535
838,train,CCc1c(C)[nH]c2CCC(CN3CCOCC3)C(=O)c12,1.54,1.5940531175481296,0.05405311754812958
1404,train,Cc1cc(CN2Cc3ccccc3C2C(=O)Nc4ccc(Cl)cc4)ccc1OCC(=O)O,1.38,1.3210116325743457,-0.058988367425654165
1720,train,CN[C@@H](C)C(=O)N[C@@H](C1CCCCC1)C(=O)N[C@H]2CCCN(CCCc3ccccc3)C2,2.6,1.8876656328310528,-0.7123343671689473
1340,train,NS(=O)(=O)c1cc(Cl)c(Cl)c(c1)S(=O)(=O)N,0.92,0.9032158887389787,-0.016784111261021306
3626,train,CN(C\C=C\C#CC(C)(C)C)Cc1cccc2ccccc12,2.83,2.7659505499260137,-0.06404945007398632
852,train,Cc1nc(C)c(nc1C(=O)N)c2ccc(cc2)C34CCC(CC3)(CC4)C(=O)O,1.3,1.5046082353446693,0.2046082353446692
527,train,Nc1ccccc1NC(=O)c2ccc(cc2)C3CCN(CCC(=O)Nc4ccccc4F)CC3,2.76,2.5634960760321555,-0.19650392396784433
891,train,CNC(=O)c1cnn(c1NS(=O)(=O)c2ccc(C)cc2)c3ccccc3,-0.54,-0.5378503398938759,0.0021496601061241627
4172,train,COc1cc2c(Nc3c(Cl)ccc4OCOc34)ncnc2cc1OCCCN5CCCCC5,2.05,1.8018389097577934,-0.24816109024220645
554,train,OC(=O)c1ccc(cc1)c2ccc(Cl)c(c2)C(=O)NCC34CC5CC(CC(C5)C3)C4,2.48,2.4423289386330076,-0.03767106136699239
2737,train,CC(=O)Nc1ccc(O)cc1,0.25,0.23368653560501218,-0.01631346439498782
3826,train,C[C@H]1CN(Cc2cc(Cl)ccc2CC(=O)O)CCN1C(=O)Cc3ccc(Cl)cc3,1.66,1.5648209999764946,-0.09517900002350532
3497,train,Cc1oc(cc1C(=O)O)c2ccc(Cl)cc2,1.67,1.4108667240230037,-0.2591332759769962
1715,train,COc1cc(Nc2c(cnc3cc(OCCCN4CCN(C)CC4)c(OC)cc23)C#N)c(Cl)cc1Cl,3.5,2.9103169575997523,-0.5896830424002477
3426,train,COc1c(N2C[C@@H]3CCCN[C@@H]3C2)c(F)cc4C(=O)C(=CN(C5CC5)c14)C(=O)O,-0.18,-0.5106640924063335,-0.3306640924063335
1961,train,NNC1=Nc2ccccc2NC1=O,0.44,0.2724663344658518,-0.16753366553414822
3013,train,COc1cc2nnc(C(=O)N)c(Nc3cc(C)ccc3F)c2cc1N4CCN(C)CC4,2.57,2.482956116914429,-0.08704388308557087
2738,train,Cc1cc(NCc2ccccc2)nc3ccccc13,3.69,3.568929971258382,-0.12107002874161799
822,train,O=C(NC1=CC(=CNC1=O)c2ccncc2)[C@H](Cc3ccccc3)NC4(CC4)c5ccccn5,3.44,3.3383199094708083,-0.10168009052919169
2330,train,Cc1ccc(cc1)N2NC(=O)c3cccnc23,2.1,2.0625327531722752,-0.03746724682772484
3370,train,CCOc1cc(CC(=O)N[C@@H](CC(C)C)c2ccccc2N3CCCCC3)ccc1C(=O)O,2.31,2.1513105780617017,-0.15868942193829838
1886,train,Cc1cnc(NS(=O)(=O)c2ccccc2)c(C)n1,-0.03,-0.20244813518346216,-0.17244813518346216
3409,train,CS(=O)(=O)Cc1cc(nc(n1)c2ccc(NS(=O)(=O)C)cc2)N3CCOCC3,0.85,1.0408305225463976,0.19083052254639765
3983,train,CN(C)C(=O)c1ccc(cc1)C(=C2CCN(Cc3cscn3)CC2)c4cccc5cccnc45,2.3,2.190353604181877,-0.10964639581812285
63,train,COc1cccc(c1)c2c[nH]c(n2)c3ccccc3,3.8,3.949741606125399,0.14974160612539933
1130,train,C[C@@H](COCCCS(=O)(=O)CCNCCc1ccc(O)c2nc(O)sc12)c3ccccc3,2.32,2.552294545516563,0.23229454551656303
2650,train,NC1=NC(=CC(=O)N1)CCc2ccccc2,1.4,1.0376154914117182,-0.36238450858828175
3018,train,CC(C)(C)OC(=O)N1CCN(CC1)c2ncc(OCc3c(F)cncc3F)cn2,3.7,3.8836366666361615,0.1836366666361613
4103,train,NC1=NC2(CCN(CC2)C(=O)c3ccc(cc3)C#N)Nc4c(F)ccc(F)c14,0.86,0.8196145831718031,-0.04038541682819685
613,train,C[C@H](Oc1ccc(Cl)cc1CN2CCN([C@@H](C)C2)C(=O)Cc3ccc(Cl)cc3)C(=O)O,1.66,1.6397384288786636,-0.020261571121336308
3440,train,O=C(Nc1ccccc1)N2CCOCC2,1.0,0.8530472836731429,-0.14695271632685714
2685,train,Cc1ccc(CCCOCCS(=O)(=O)CCCNCCc2ccc(O)c3nc(O)sc23)s1,2.41,2.6253058601658106,0.21530586016581044
3157,train,CC(C(=O)Nc1ccc(Cl)cc1)c2ncc(cc2Cl)C(F)(F)F,4.19,4.188043270987577,-0.001956729012423608
1127,train,Cc1ccc2nc(CCNCCCO)ccc2c1NC(=O)CC34CC5CC(CC(C5)C3)C4,1.18,1.0317806135694518,-0.1482193864305481
440,train,O[C@@H](CNCCc1cccc(CN2CCCC2)c1)c3ccc(O)c4NC(=O)Sc34,-0.28,-0.1898335898213297,0.09016641017867033
559,train,CNC(=O)c1c(F)cccc1Nc2nc(Nc3cc4N(CCc4cc3OC)C(=O)CN(C)C)nc5[nH]ccc25,2.61,2.4458122305104935,-0.16418776948950642
3029,train,Cc1ccc(cc1)C(=O)c2cc(O)c(O)c(c2)[N+](=O)[O-],0.74,0.4504174918091026,-0.28958250819089737
11,train,C[C@H](Nc1nc(Nc2cc(C)[nH]n2)c(C)nc1C#N)c3ccc(F)cn3,2.61,2.690072766975129,0.0800727669751291
3743,train,Nc1ccc2ncnc(Nc3ccc(F)c(Cl)c3)c2c1,2.64,2.5999474737304538,-0.04005252626954636
3618,train,COc1ccc(cc1)c2cc(O)nc(N)n2,1.52,1.4396074675688895,-0.08039253243111055
3065,train,Cc1ccc(NC(=O)c2ccnc(c2)N3CCOCC3)cc1NC(=O)c4ccc(OCc5ccccn5)cc4,3.47,3.1831846104748878,-0.28681538952511243
4000,train,NC1(CCN(CC1)c2ncnc3[nH]ccc23)C(=O)NC(CCCN4CCOCC4)c5ccc(Cl)cc5,2.7,2.555935565940134,-0.14406443405986602
1356,train,C[C@H]1O[C@H]([C@H](O)[C@@H]1O)n2cnc3c(N)nc(OC(C4CC4)C(F)(F)F)nc23,1.83,1.8025121676584726,-0.02748783234152752
3419,train,O=C(N[C@@H]1CN2CCC1CC2)c3ccc(s3)c4ccccc4,1.77,1.8822126032898496,0.11221260328984961
1155,train,NC(=N)Nc1nc(CSCCC(=N)NS(=O)(=O)N)cs1,-0.6,-0.7672103634137493,-0.16721036341374929
2940,train,Oc1cccc(NC(=O)c2ccc(OCCCN3CCCC3)cc2OCc4cccnc4)c1,1.59,2.027252843991145,0.4372528439911447
2252,train,NC(=O)c1cnc(N[C@H]2CCCNC2)c3cc(sc13)c4ccc(F)cc4F,1.97,1.8614135351738814,-0.10858646482611856
3808,train,COc1ccc(CNC(=O)c2ccc(Oc3ccc(cc3)C#C[C@]4(O)CN5CCC4CC5)cc2)nc1,3.1,2.8880345294310703,-0.21196547056892978
3420,train,Cc1c(c2ccc(O)cc2)n(C)c3ccc(O)cc13,3.8,3.8374200459073395,0.037420045907339716
2583,train,COc1ccc(cc1)c2nc3c(NCCCNC(=O)c4ccccc4)c(Br)cnc3[nH]2,0.25,0.5256705431895761,0.27567054318957607
1584,train,O=S(=O)(Nc1cccnc1)c2ccccc2,0.84,0.49832699850110607,-0.3416730014988939
1008,train,O=C(Nc1ccc(Nc2ccc(NC(=O)c3ccccc3)c4C(=O)c5ccccc5C(=O)c24)c6C(=O)c7ccccc7C(=O)c16)c8ccccc8,2.63,2.6832427399080734,0.05324273990807349
602,train,NC(=N)Nc1cc(Cl)nc(n1)c2ccccc2,2.16,2.208283400252682,0.04828340025268174
2438,train,Cc1cccc2c(CCNCc3cccc(CCNC[C@H](O)c4ccc(O)c5NC(=O)Sc45)c3)c[nH]c12,1.13,1.0279325834155006,-0.10206741658449925
841,train,CC(C)OC(=O)C1=CN(Cc2c(F)cccc2F)c3sc(c(CN(C)Cc4ccccc4)c3C1=O)c5ccc(NC(=O)C(C)C)cc5,3.5,3.381834871693755,-0.11816512830624504
3056,train,COc1cnc(nc1Oc2ccc(F)cc2F)c3ccccn3,3.1,2.8567308048475857,-0.2432691951524144
3195,train,Oc1cccc(c1)c2nc3ccc(O)cc3s2,3.7,3.666580476182987,-0.033419523817013186
152,train,NC(=O)c1ccc(Oc2cccc3cccnc23)c(c1)[N+](=O)[O-],1.7,1.4839090595781932,-0.21609094042180677
131,train,O=C1C=COc2cc(OCc3ccccc3)ccc12,3.33,3.0923824288411206,-0.2376175711588795
360,train,Cc1cc(Cl)ccc1OC2CCN(C[C@H](O)CNC(=O)c3c[nH]nc3C(F)(F)F)CC2,3.02,2.913831845510057,-0.10616815448994288
2282,train,CCN(C1CCN(CC[C@H](C2CCN(CC2)S(=O)(=O)C)c3cccc(F)c3)CC1)C(=O)Cc4ccc(cc4)S(=O)(=O)C,1.44,1.3423932682715372,-0.09760673172846279
3179,train,NC(=O)c1cccnc1Oc2ccccc2,1.13,0.8804648759470584,-0.24953512405294154
4056,train,COc1cc(F)ccc1c2cc(CNC3CCCC3)ccn2,1.71,1.4794008556600202,-0.23059914433997974
1203,train,Fc1cccc(c1)C(COCc2cc(cc(c2)C(F)(F)F)C(F)(F)F)N3CCNCC3,3.2,2.778845253968226,-0.42115474603177416
1144,train,CC(N1NC(=O)C2=C(C1=O)C(=O)c3ccc(Cl)cc3N2)c4ccsc4,0.9,0.7255235384904897,-0.17447646150951035
3311,train,Clc1ccc(OC2CCN(CC2)C3CCN(CC3)S(=O)(=O)NC(=O)c4ccccc4)cc1Cl,2.14,1.9074740089555304,-0.2325259910444697
1529,train,OC(=O)c1ccccc1c2ccc(Cl)c(c2)C(=O)NCC3(O)CCCCCC3,-0.34,-0.6369130688655646,-0.2969130688655646
3414,train,CNC(=O)c1cccc2c1c(Sc3ccc(Cl)cc3)c(C)n2CC(=O)O,-0.89,-0.7802602798219591,0.1097397201780409
1055,train,COc1cc(ccc1Cn2ccc3ccc(NC(=O)OC4CCCC4)cc23)C(=O)NS(=O)(=O)c5ccccc5,2.2,2.3683666876376592,0.16836668763765905
1895,train,C[C@H](NC(=O)c1c(C)nn(C2CCN(CC(F)(F)F)CC2)c1NS(=O)(=O)c3ccc(C)cc3)C(C)(C)C,1.08,1.1559712109350107,0.07597121093501058
3557,train,OC(=O)COc1ccc(Cl)cc1C2CCCCC2,0.93,0.87533905765358,-0.05466094234642005
680,train,O=C(NC1(CC1)C#N)[C@@H]2CCCC[C@H]2C(=O)N3CCN(CC3)c4ccccc4,1.99,1.8739982817746865,-0.11600171822531347
428,train,Oc1ccc(cc1)C2CNCCc3c(Cl)c(O)c(O)cc23,0.87,0.829433868128788,-0.04056613187121194
3993,train,CN1CCN(CCOc2n[nH]c3ncnc(Nc4ccc(OCc5ccccn5)c(Cl)c4)c23)CC1,2.45,2.2348836484937475,-0.21511635150625263
2580,train,COc1ccc(cc1OC)C(=O)Nc2cc(NC(=O)c3cccc(c3)N(C)C)ccc2C,3.12,3.500791239349474,0.3807912393494739
2801,train,CC(C)(C)NC[C@H](O)COc1nsnc1N2CCOCC2,-0.22,-0.5043474739135116,-0.2843474739135117
2287,train,Clc1ccc(cc1Cl)[C@@H]2CNCC=CC2,1.95,1.8373518441741412,-0.11264815582585874
3760,train,CN(C1CCN(Cc2ccc(cc2)C(F)(F)F)CC1)C(=O)Cc3ccc(cc3)S(=O)(=O)C,2.5,2.642768761048579,0.14276876104857905
279,train,Cc1ccc(F)cc1S(=O)(=O)N[C@@H]2CCN(Cc3ccc(cc3)c4ccccc4)C2,4.0,3.623077735406182,-0.37692226459381795
3363,train,CC(C)[C@@H]1N(C)c2ccccc2C[C@@H](CO)NC1=O,2.03,1.868042052161321,-0.16195794783867878
3117,train,Cc1cc(F)ccc1OC2CCN(CC3CCN(CC3)[C@@H](Cc4ccc(F)cc4)C(=O)O)CC2,1.81,1.8311852259599921,0.02118522595999206
2230,train,O=C(Cc1ccccc1)Nc2nccs2,2.5,2.562922710480968,0.0629227104809682
3073,train,CN(C)CCOc1ccc(cc1)c2oc3ncnc(NC[C@@H]4CCCO4)c3c2c5ccccc5,3.6,3.724435076836374,0.12443507683637378
2870,train,CCCS(=O)(=O)c1ccc(Nc2nccc(n2)c3cnc(C)n3C(C)C)cc1,3.37,3.1963609110143727,-0.1736390889856274
3964,train,CN1[C@@H]2CC[C@H]1C[C@H](C2)OC(=O)C(CO)c3ccccc3,-0.66,-0.9286801098356867,-0.2686801098356867
541,train,C[C@]12Cc3cnn(c3C=C1CC[C@@]2(O)CCc4ccc(F)cc4C(=O)N)c5ccc(F)cc5,3.8,3.809917766200749,0.009917766200749245
3242,train,CCc1cc(OCc2ccc(cc2)c3ccccc3c4nn[nH]n4)c5CCCCc5n1,1.7,1.5708732757783608,-0.12912672422163918
1083,train,CNC(=O)c1cc(sc1NC(=O)N)c2ccccc2,3.19,3.481363165872577,0.29136316587257705
2186,train,Fc1ccc(cc1)C(=O)N2CCC(CC2)C(=O)c3ccc(Cl)cc3,3.49,3.458526459175947,-0.03147354082405318
571,train,Oc1c(I)cc(I)c2cccnc12,2.19,2.2430799074304217,0.05307990743042179
3088,train,COc1cnc(nc1NC(C)C)c2ccccn2,2.01,1.7635862865708118,-0.24641371342918794
1284,train,Cc1ccc(cc1)c2csc3ncnc(O)c23,2.59,2.7002974085442846,0.11029740854428471
198,train,OC(=O)COc1ccc(Cl)cc1CN2CCCN(CC2)S(=O)(=O)Cc3ccccc3,1.01,1.0978389677816323,0.08783896778163225
856,train,CCOC(=O)[C@H](Cc1ccc(cc1)[N+](=O)[O-])NC(=O)c2ccccc2,2.79,2.774076625410949,-0.015923374589051242
2120,train,Cc1ccc(COC(=O)N2CC[C@H](CNc3ncccn3)[C@H](F)C2)cc1,3.21,2.910166058685334,-0.2998339413146658
853,train,Cc1sc2ncnc(SCC(=O)N3CCN(CC3)C(=O)c4occc4)c2c1C,2.7,2.5678557534342787,-0.13214424656572143
1204,train,COc1cc(F)ccc1c2cncc(CNC(=O)c3ccccn3)c2,3.2,3.0985641800812274,-0.10143581991877282
1455,train,COc1cc(cc(OC)c1OC)C(=O)Nc2cc(NC(=O)c3cccc(c3)N(C)C)ccc2C,2.54,2.6842987088001315,0.14429870880013151
2982,train,CC(=O)N1CCN(CC1)c2ccc(NC(=O)c3oc(Nc4ccccc4F)nn3)cc2,2.51,2.4617327848902004,-0.048267215109799366
2933,train,CONC(=O)c1cnc(s1)N2CCC(CC2)NC(=O)c3[nH]c(C)c(Cl)c3Cl,3.1,3.281730947401667,0.18173094740166684
2647,train,CNCC[C@H](Oc1cccc2ccccc12)c3cccs3,2.09,1.9213130893029,-0.16868691069709985
3691,train,NC(=O)c1cccc(O[C@H]2C[C@H]3CC[C@@H](C2)N3CC4CCCCC4)c1,1.55,1.6108015311222061,0.0608015311222061
1848,train,C[C@H](CO)Nc1nc(SCc2cccc(F)c2F)nc3NC(=O)C=Nc13,3.1,2.7646462340592732,-0.33535376594072686
3294,train,CCCN(CCCOCCOCCc1ccccc1)CCc2ccc(O)c3nc(O)sc23,2.74,2.643781020297966,-0.09621897970203408
1227,train,O=C(CC12CC3CC(CC(C3)C1)C2)Nc4ccc5[nH]ncc5c4,4.03,4.215130309088794,0.1851303090887937
2482,train,Clc1ccc(cc1)C(=O)Cc2ccccn2,2.96,2.951031123821358,-0.008968876178641949
2180,train,CC1(C)C(=O)Nc2ccccc12,2.3,2.1605055627934333,-0.1394944372065665
3380,train,COc1cc2c(Nc3ccc(F)cc3F)c(cnc2cc1NCCN(C)C)C(=O)N,1.71,1.679797273969074,-0.030202726030925886
2196,train,CCCNC[C@H](O)COc1ccccc1C(=O)CCc2ccccc2,1.69,1.5810906923161212,-0.10890930768387874
3140,train,Cc1nc(C)c(nc1C(=O)N)c2ccc3c(CC[C@@]34CC[C@H](CC(=O)O)CC4)c2,1.5,1.546257989213839,0.04625798921383906
2765,train,NCCCC(=O)OCCN1CCN(CCCN2c3ccccc3Sc4ccc(Cl)cc24)CC1,1.5,1.3053023294857384,-0.19469767051426157
882,train,CC(C)NC[C@H](O)COc1cccc2ccccc12,0.99,1.0403019809462062,0.05030198094620619
3922,train,c1ccc(nc1)c2n[nH]cc2c3ccnc4ccccc34,2.57,2.4129227732901453,-0.15707722670985458
909,train,COC(=O)NC1=CN=C(N(CC(=O)NC(C(C)C)C(=O)C(F)(F)F)C1=O)c2ccc(F)cc2,1.82,1.7205153941879607,-0.09948460581203933
3193,train,CNc1c(Br)cnc2[nH]c(nc12)c3ccc(OCCN4CCCCC4)cc3,2.56,2.5709538540857277,0.010953854085727688
3720,train,CC(C)n1c(C)ncc1c2ccnc(Nc3ccc(C(=O)N(C)C)c(F)c3)n2,2.74,2.815455818029803,0.07545581802980283
3076,train,Fc1ccccc1Nc2oc(nn2)C(=O)Nc3ccc(N4CCOCC4)c(F)c3,3.6,3.343674125025414,-0.25632587497458603
1865,train,CCOc1cccc(\C=C\2/SC(=O)NC2=O)c1N3CCC[C@@H](N)C3,1.86,1.774125630378112,-0.08587436962188799
2873,train,CCOc1ccc(CCNCCCSCCNC[C@H](O)c2ccc(O)c3NC(=O)Sc23)cc1,0.41,0.4859016698815881,0.07590166988158814
2215,train,O=C1CCCc2nc(ccc12)C#Cc3ccccc3,3.53,3.4607905899099554,-0.06920941009004444
1611,train,C=CCOc1cc(ccc1NC(=O)CN2CCOCC2)c3cccc4C(=O)C=C(Oc34)N5CCOCC5,3.0,2.9153924522914716,-0.08460754770852841
1936,train,CCN1CCN(Cc2ccc(cc2)c3cc4c(N[C@H](C)c5ccccc5)ncnc4[nH]3)CC1,3.97,3.7118533137062446,-0.2581466862937556
3235,train,CC(=O)OCCn1c(Sc2nc3cccc(Cl)c3s2)nc4c(N)ncnc14,3.16,3.5229090374495438,0.3629090374495436
477,train,COC1(CCOCC1)c2ccc(NC(=O)C3=CC(=O)c4cc(F)cc(c4O3)c5c(C)nn(C)c5C)cn2,2.98,2.833591725195242,-0.14640827480475815
3305,train,COc1cc(\C=C/2\SC(=O)NC2=O)cc(OC)c1O,0.74,0.9816230796960028,0.24162307969600283
3920,train,OC(Cn1cncn1)(Cn2cncn2)c3ccc(F)cc3F,0.48,0.16010523427498136,-0.3198947657250186
3090,train,CCN(CC)CCNC(=O)c1cc(ccc1OC)S(=O)(=O)C,-0.9,-0.6346896283581218,0.2653103716418782
646,train,CC[C@H](NC(=O)c1c(N)c(nc2ccccc12)c3cccc(F)c3)c4ccccc4,4.05,3.6665637975035468,-0.38343620249645305
1930,train,C[C@H](Nc1ncc(Cl)c(Nc2cc([nH]n2)N(C)C)n1)c3ncc(F)cn3,2.33,2.1260691041368607,-0.2039308958631394
3125,train,OC(=O)c1ccccc1C2=C3C=CC(=O)C=C3Oc4cc(O)ccc24,0.0,0.08878720098864301,0.08878720098864301
590,train,Nc1ccccc1NC(=O)c2ccc(cc2)N3CCOCC3,1.2,1.2209468169099107,0.020946816909910737
4114,train,C[C@@H](NC(=O)[C@H]1CCCNC1)c2ccc(Nc3ncc4cc(ccc4n3)c5ccncc5)cc2,1.69,1.4390904285062431,-0.2509095714937568
667,train,Fc1ccc2[nH]c3CCN(Cc3c2c1)C(=O)[C@@H]4CCCC[C@H]4C(=O)NCC#N,2.77,2.7126008821566856,-0.05739911784331442
905,train,CC1(C)CCC(=C(CN2CCN(CC2)c3ccc(cc3)C(=O)NS(=O)(=O)c4ccc(N[C@H](CCN5CCOCC5)CSc6ccccc6)c(c4)S(=O)(=O)C(F)(F)F)C1)c7ccc(Cl)cc7,0.64,1.0836400197635392,0.4436400197635392
1450,train,CC(=O)Nc1cnc2ccn(c3cc(NC4CC4)n5ncc(C#N)c5n3)c2c1,2.69,2.458072317989092,-0.23192768201090797
1420,train,O=C1C=CN=C2C=CC=CN12,0.2,-0.03187384273124083,-0.23187384273124084
682,train,CCc1csc(n1)N2CCN(CC2)C(=O)[C@@H]3CCCC[C@H]3C(=O)NC4(CC4)C#N,2.1,2.3001661385758045,0.20016613857580445
2157,train,CN(CCCOCCOCCc1ccccc1)CCc2ccc(O)c3nc(O)sc23,2.44,2.557852248149425,0.11785224814942508
2335,train,Brc1ccccc1NC(=O)Nc2ccc(C#N)c3[nH]nnc23,1.64,1.7532442112824078,0.11324421128240791
3855,train,[O-][N+](=O)c1ccc2c(c1)C(=O)C(=O)c3ccccc23,2.42,2.6531605129210054,0.23316051292100548
709,train,Cc1nc2nc(nn2c(O)c1Cc3ccccc3)c4cccnc4,1.52,1.9486130681304183,0.42861306813041833
1233,train,OC(=O)c1cccc(c1)c2ccc3c(C(=O)NCC45CC6CC(CC(C6)C4)C5)c(Cl)ccc3n2,2.84,2.6338795640883945,-0.20612043591160534
4079,train,OCC(O)COC(=O)c1ccccc1Nc2ccnc3cc(Cl)ccc23,3.5,3.399438355152581,-0.10056164484741892
2024,train,C\N=C(/S)\n1nc(nc1N)c2ccc(Cl)cc2,4.12,3.96363580878941,-0.15636419121058998
3891,train,CC[C@H](N)C(=O)N[C@@H](Cc1ccc(cc1)c2ccccc2)C#N,2.6,2.6251892531914485,0.02518925319144838
1793,train,O=C(NCC#N)c1ccc(cc1)c2ccnc(Nc3ccc(cc3)N4CCOCC4)n2,2.37,2.433127411833047,0.06312741183304693
1399,train,OC(=O)c1[nH]c2cc(Cl)cc(Cl)c2c1\C=C\C(=O)Nc3ccccc3,1.52,1.3869274991026876,-0.13307250089731237
2961,train,COc1ccc(cc1OC)C(=O)Nc2cccc(NC(=O)c3ccc(OC)c(OC)c3)n2,3.5,3.1647358342882255,-0.33526416571177453
3174,train,CN1CCN(CC1)C2=Nc3ccccc3Oc4ccc(Cl)cc24,3.24,3.006980688584718,-0.2330193114152821
3383,train,O=S(=O)(N1CCOCC1)c2cccc(c2)c3cn4cccnc4n3,1.3,1.0892417555479408,-0.21075824445205926
2062,train,COc1cc(ccc1Nc2ncc(Cl)c(n2)c3cnc4c(C)cccn34)N5CCN(CC5)C(=O)C,3.2,3.0906008295571237,-0.1093991704428765
2454,train,COc1cc2CC(CC3CCN(Cc4ccccc4)CC3)C(=O)c2cc1OC,2.41,2.295908258630954,-0.11409174136904632
4159,train,COc1ccc(cc1N2CC(=O)NS2(=O)=O)c3ccccc3,-1.01,-0.9351994605527385,0.0748005394472615
2406,train,CCN(CCNCCc1ccc(O)c2NC(=O)Sc12)C(=O)CCOCCc3ccccc3,1.92,1.8540091720290335,-0.06599082797096645
167,train,C[C@@H](Oc1cccc2ncnc(Nc3ccc4c(cnn4Cc5ccccn5)c3)c12)C(=O)N6CCOCC6,2.82,3.140501425498162,0.3205014254981622
2493,train,Oc1ccc(Br)c2ccccc12,4.3,3.974453657787018,-0.3255463422129816
1409,train,CC(=O)NC[C@H]1CN(C(=O)O1)c2ccc(c(F)c2)n3cc(nn3)C#N,0.8,0.5088728124857755,-0.2911271875142245
742,train,CN(CCO)Cc1ccc(cc1)c2cc(C(=O)N)c(NC(=O)N)s2,0.97,0.823428393276558,-0.14657160672344194
1750,train,Cc1cc(c(S)cc1Cl)S(=O)(=O)Nc2nc(Nc3ccc(Cl)cc3)n[nH]2,2.09,2.385106240663283,0.29510624066328317
399,train,CN(C)CC(O)COc1ccc(Nc2cc(ncn2)N(CC#C)c3cc(Cl)ccc3Cl)cc1,2.8,2.4466819661306127,-0.3533180338693871
1066,train,Cc1onc(C)c1CCC2CCN(CC2)S(=O)(=O)CC3(CCOCC3)N(O)C=O,0.9,0.9569029762581025,0.05690297625810248
3781,train,CSc1ncccc1C(=O)NCC2CCCCC2,2.93,2.892321381392362,-0.037678618607638104
420,train,COc1ccc2nc(N[C@H]3CCC[C@@H](C3)NCc4ccsc4)cc(C)c2c1,2.41,2.4311820451707535,0.021182045170753394
1491,train,N[C@@H]1CCCN(C1)c2c(\C=C\3/SC(=O)NC3=O)cccc2c4ccncc4,1.56,1.5864861732241695,0.026486173224169463
4051,train,CN(C)C[C@H](O)Cc1ccc(Cl)c(c1)C(=O)NCC23CC4CC(CC(C4)C2)C3,2.19,1.9138319467199394,-0.27616805328006055
2456,train,Cc1cnc(Nc2ccc(OCCN3CCCC3)cc2)nc1Nc4cccc(c4)S(=O)(=O)NC(C)(C)C,2.11,2.305029177804525,0.19502917780452522
1018,train,C[C@@H]1NC(C)(C)CO[C@@]1(O)c2cccc(Cl)c2,1.69,1.364838169783042,-0.3251618302169579
2579,train,OCC(=O)N1CCC(CC1)c2n[nH]c(c3ccc(Cl)cc3)c2c4ccncn4,1.85,1.5448013366154876,-0.3051986633845125
1999,train,CN(C)CCNC(=O)c1c(C)[nH]c(\C=C\2/C(=O)Nc3ccc(F)cc23)c1C,1.75,1.3474459016698856,-0.40255409833011435
1829,train,Fc1ccccc1Nc2oc(nn2)C(=O)Nc3ccc(cc3)N4CCOCC4,3.05,3.0488656693466827,-0.0011343306533171393
1504,train,CCCC1=CC(=O)NC(=S)N1,0.7,0.7738231249869869,0.07382312498698695
1721,train,COc1cc2c(Nc3c(Cl)ccc4OCOc34)ncnc2cc1OCC5CCN(C)CC5,1.83,1.4706136358842576,-0.35938636411574243
222,train,OCC[C@@]1(CCCNC1)c2ccc(Cl)c(Cl)c2,0.61,0.5233267573830684,-0.08667324261693155
1940,train,CN(C)c1cccc2c(cccc12)S(=O)(=O)N,1.95,1.6498999862184711,-0.30010001378152884
3559,train,Fc1ccc(CC2=NNC(=O)c3ccccc23)cc1C(=O)N4CCCNCC4,0.1,0.4346190440545217,0.3346190440545217
3503,train,O[C@@H](CNCCc1cccc(CNCCc2ccccc2F)c1)c3ccc(O)c4NC(=O)Sc34,1.06,1.1878700480547282,0.12787004805472812
833,train,C1CC1Nc2ccc3nnc(c4ccccc4)n3n2,3.15,3.2470031330636235,0.09700313306362363
2511,train,OC(=O)COc1ccc(Cl)cc1CN2CCCN(CC2)S(=O)(=O)c3ccccc3,1.01,0.9257888997623906,-0.08421110023760936
1927,train,COc1cc2ncc(C(=O)N)c(Nc3ccccc3Cl)c2cc1OC,2.89,3.0738117257564816,0.18381172575648153
2041,train,CNC[C@H](O)c1ccc(Cl)c(c1)C(=O)NCC23CC4CC(CC(C4)C2)C3,1.41,1.3721048978770782,-0.03789510212292169
1187,train,COc1cc(ccc1Nc2ncc(Cl)c(n2)c3cnc4ccccn34)N5CCN(CC5)C(=O)N,3.3,3.050026778620988,-0.2499732213790118
3263,train,Cc1cccc(n1)c2nn3CCCc3c2c4ccnc5ccc(cc45)C(=O)N,1.71,1.3751616972296548,-0.3348383027703452
4069,train,Fc1ccc(cc1)C(=O)C2CCN(CC2)C(=O)N3CCOCC3,1.61,1.57682253197834,-0.033177468021660106
1116,train,OC(=O)c1ccc(cc1)c2nnn(Cc3ccccc3F)n2,0.3,0.36606967155525827,0.06606967155525828
3437,train,O=C1COc2ccccc2N1CCN3CCC(CC3)NCc4cc5OCCOc5cn4,1.04,0.8995631141598535,-0.14043688584014657
918,train,CCOC(=O)CN(c1ccccc1C)S(=O)(=O)c2ccc(Cl)cc2,4.03,3.9781359076186025,-0.051864092381397775
1568,train,O=C(CN1CCOCC1)Nc2c(cnn2c3ccccc3)C#N,0.5,0.48182617704768504,-0.018173822952314955
4194,train,CC1CC(N(C(=O)C)c2ccccc2)c3ccccc3N1S(=O)(=O)c4ccccc4,3.68,3.5230374345248894,-0.15696256547511078
1432,train,COc1cc(OC)c(cc1NC(=O)CCC(=O)O)S(=O)(=O)N2c3ccccc3Oc4ccccc24,-0.53,-0.6277812043086111,-0.09778120430861104
1791,train,COc1cc(F)ccc1c2cncc(CNC(=O)C3CC3)c2,2.9,2.6027025830904833,-0.2972974169095166
1553,train,NC(=O)c1c(NC(=O)NCCCCN2CCCC2)snc1OCc3c(F)cc(Br)cc3F,2.5,2.591670966621688,0.09167096662168817
3713,train,CC(=O)NC[C@H]1CN(C(=O)O1)c2ccc(N3Cc4ccncc4C3)c(F)c2,3.02,3.2729068476149012,0.25290684761490123
2014,train,CCCc1c(O)c(ccc1OCc2ccc(\C=C\c3nn[nH]n3)cc2)C(=O)C,3.3,3.2211764855138965,-0.07882351448610336
2510,train,COc1ncc(C)cc1c2cccc3c(N)c(nnc23)C(=O)NC4CC4,3.4,3.2152236347709344,-0.1847763652290655
25,train,Clc1ccc(N2CCN(CC2)C(=O)CCCc3ccncc3)c(Cl)c1,3.93,3.7346038951530067,-0.19539610484699343
3746,train,COc1cc(F)ccc1c2cncc(c2)C3CCCN3,1.1,0.9317083931464722,-0.16829160685352784
3438,train,CNCCC=C1c2ccccc2CCc3ccccc13,1.58,1.4559976489892998,-0.12400235101070023
2980,train,CC[C@H](NC(=O)c1c([S+](C)[O-])c(nc2ccccc12)c3cccc(F)c3)c4ccccc4,3.14,3.2150830162494475,0.07508301624944735
3773,train,COc1ccc2N=NC(=O)N(CCN3CCC(CC3)NCc4ccc5OCC(=O)Nc5n4)c2c1,-0.65,-0.5556556928866159,0.09434430711338415
177,train,C[C@@H](NC(=O)C1CCCCN1C)c2ccc(Nc3ncc4cc(ccc4n3)c5ccncc5)cc2,3.34,2.7547075383843995,-0.5852924616156003
743,train,COc1ccc(C=C2SC(=O)NC2=O)cc1OC,1.17,1.053036224589666,-0.11696377541033387
3861,train,CNc1c(Br)cnc2[nH]c(nc12)c3ccc(O)cc3,2.47,2.6355420761633708,0.16554207616337058
627,train,Nc1c(nnc2c(c(F)ccc12)c3ncccn3)C(=O)NC4CC4,1.59,1.4438728241631442,-0.14612717583685586
1523,train,Cc1cc(ccn1)c2ccc(cc2)c3nc4ccncc4c(O)c3C#N,1.6,1.84920844420292,0.24920844420291988
3714,train,CC1=C(Cc2ccccc2)C(=O)n3nc(NCc4cccc(Br)c4)nc3N1,3.68,3.696904615912798,0.016904615912797905
3536,train,COc1cc(ccc1Nc2ncc(Cl)c(n2)c3cnc4ccccn34)N5CC6COCC(C5)N6,3.0,2.959487501860983,-0.040512498139016806
632,train,CC(C)CNCc1ccc(cc1)c2ccccc2S(=O)(=O)N3CCCC3,1.9,1.8264614572991404,-0.07353854270085947
550,train,Cc1cc(N)c2cc(NC(=O)CCCCC(=O)Nc3ccc4nc(C)cc(N)c4c3)ccc2n1,0.53,0.8373243213212007,0.3073243213212007
1673,train,COc1ccc2nc(C)cc(OCC(=O)Nc3ccccc3OC)c2c1,3.9,3.799046142840118,-0.10095385715988181
576,train,CCCN(C)c1nc(ccc1C(=O)NC2CCCCC2)N3CCC[C@@H](CC(=O)O)C3,2.28,2.3439577997312098,0.06395779973120996
2242,train,OC(=O)C1Cc2c([nH]c3ccccc23)C(N1)c4ccccc4,0.78,0.601702316361844,-0.178297683638156
775,train,CN1C(=O)c2c(onc2c3ccccc3)C=C1c4ccncc4,2.61,2.6700825069757212,0.06008250697572137
326,train,CC1N(C(=O)c2ccccc2)c3ccccc3NC1=O,2.11,2.2152575696166426,0.10525756961664268
1573,train,CCCC(C)(COC(=O)N)COC(=O)NC(C)C,2.01,2.0148612861029505,0.004861286102950668
3023,train,COc1nccnc1NS(=O)(=O)c2ccc(N)cc2,-0.65,-0.9511186849515418,-0.3011186849515418
797,train,COc1ccc(NC(=O)c2ccnc(N)n2)cc1,1.72,1.7754889326952001,0.055488932695200166
3963,train,N[C@@H](Cc1ccc(F)cc1)C(=O)O,-1.06,-1.035756656714958,0.024243343285041963
993,train,N(c1ccccc1)c2ccccc2,3.2,3.1430213439108265,-0.05697865608917363
902,train,NC(Cc1cc(I)c(Oc2ccc(O)c(I)c2)c(I)c1)C(=O)O,0.97,0.8525381526050584,-0.11746184739494159
119,train,OC(=O)Cc1ccc(cc1)N2CCC(CN3CCC(CC3)Oc4ccc(Cl)c(Cl)c4)CC2,1.83,1.6423417047430995,-0.1876582952569006
2150,train,COc1ccc(cc1OC)N2CCN([C@H](C)C2)C(=O)[C@@H]3CCCC[C@H]3C(=O)NC4(CC4)C#N,1.85,1.7372328946923852,-0.11276710530761491
533,train,CC[C@H](NC(=O)c1c([S+](C)[O-])c(nc2cc(F)ccc12)c3ccccc3)c4ccccc4,3.62,3.372842762967973,-0.24715723703202697
3441,train,CCn1c2ccccc2c3cc(NC(=O)N4CCOCC4)ccc13,3.2,3.0713497513767,-0.1286502486233001
2432,train,Oc1c(NC(=O)Nc2cccc(F)c2Cl)ccc(Cl)c1S(=O)(=O)N3CCNCC3,2.6,2.687787356546662,0.08778735654666203
1226,train,CCOc1ccc(NC(=O)C)cc1,1.5,1.5172181796917839,0.017218179691783853
3899,train,NC(=O)C1CCN(CC(=O)Nc2ccc3OCOc3c2)CC1,0.4,0.46770350523168736,0.06770350523168733
3321,train,CC(C(=O)O)c1ccc2oc(nc2c1)c3ccc(Cl)cc3,1.3,1.0532984824456915,-0.24670151755430858
1758,train,COc1ccccc1OCC(O)CO,0.24,-0.23737702825596418,-0.4773770282559642
597,train,Cc1ccc2c(c1)c(c(C)n2CC(=O)O)c3ccnc4c(F)cccc34,0.53,0.5639264014652419,0.03392640146524184
981,train,CN(C)CC1CCn2c(C1)c(C3=C(C(=O)NC3=O)c4cn(C)c5ccccc45)c6ccccc26,2.88,2.795172530886437,-0.08482746911356287
2886,train,CC(C)Cn1cnc2c(N)nc3ccccc3c12,2.52,2.168736491097177,-0.3512635089028229
2946,train,Clc1ccc(cc1)c2oc(cc2)C(=O)Nc3ccc(cc3)N4CCNCC4,2.4,2.4516879603337594,0.05168796033375944
3079,train,COc1ccc(cc1Oc2cccc(Cl)c2)S(=O)(=O)N3CCC[C@@H](C3)N4C=C(C)C(=O)NC4=O,2.73,2.874018184196504,0.1440181841965038
315,train,CS(=O)(=O)C1(CC1)c2cc(nc(n2)c3cccc(N)c3)N4CCOCC4,1.35,1.154444752311933,-0.1955552476880671
2590,train,OC(=O)[C@H](Cc1ccc(OCCCNc2ccccn2)cc1)NC(=O)c3c(Cl)cccc3Cl,-0.22,-0.17255030825141215,0.04744969174858785
3066,train,COc1ccc(OC)c(CNc2[nH]nc3cccc(Oc4ccc(cc4)S(=O)(=O)C)c23)c1,3.71,3.3690600097145893,-0.34093999028541067
3589,train,Clc1ccc(cc1)c2c[nH]nn2,2.97,3.063442619504847,0.093442619504847
720,train,Cc1cnc(NC(=O)Cc2ccccc2)s1,2.9,2.812021879227471,-0.08797812077252898
3254,train,Cc1cnc(Oc2ccc(cc2)n3ccnc3)nc1Oc4ccc5OCOc5c4,3.56,3.6578166928274727,0.09781669282747263
3902,train,COCCN(c1ccnc(Nc2cc(cc(c2)N3CCOCC3)N4CCOCC4)n1)c5cc(CO)ccc5C,2.8,2.442779334868753,-0.35722066513124684
1831,train,COC(=O)N1CCOc2cc(COc3ccccc3)cnc12,2.5,2.294334603658512,-0.20566539634148784
543,train,Cc1ccc2[nH]ccc2c1c3nc(cc(n3)C4(CC4)S(=O)(=O)C)N5CCOCC5,1.7,1.6888775568342245,-0.011122443165775486
1424,train,Nc1ccccc1NC(=O)c2ccc(cc2)c3ncc(CN4CCCCC4)s3,2.82,2.88254127695389,0.06254127695389
4085,train,Cc1cc(NC(=O)c2oc(Nc3ccccc3F)nn2)ccc1N4CCOCC4,4.0,3.7082691230072307,-0.29173087699276934
1250,train,O[C@@H](CNCCc1cccc(c1)c2cccc(CNCc3ccccc3)c2)c4ccc(O)c5NC(=O)Sc45,2.32,2.2474536215228933,-0.07254637847710654
4120,train,CC(C)c1onc(n1)N2CCN([C@H](C)C2)c3ncc(OCc4ccncc4C#N)cn3,3.3,3.3102131714162297,0.010213171416229905
3074,train,CCN(CC)Cc1cc(Nc2ccnc3cc(Cl)ccc23)ccc1O,2.9,2.8755021553215245,-0.024497844678475378
2382,train,Oc1cc(O)c2C(=O)C=C(Oc2c1)c3ccccc3,3.83,3.817819865712426,-0.012180134287574251
734,train,Oc1ccc(CCNCCS(=O)(=O)CCCOCCSc2ccccc2)c3sc(O)nc13,2.68,2.6071000031939264,-0.07289999680607373
1469,train,O=C(Nc1ccccn1)c2ccc3[nH]c(nc3c2)c4ccc(NC(=O)C56CC7CC(CC(C7)C5)C6)cc4,4.24,4.226968145603202,-0.013031854396798437
528,train,CC(C)n1c(C)ncc1c2ccnc(Nc3ccc(cc3)N4CCOCC4)n2,2.88,2.8132139015714284,-0.06678609842857153
2151,train,O[C@H](CNC(=O)C1=CNC(=O)c2ccccc12)CN3CCC(CC3)Oc4ccc(Cl)c(Cl)c4,3.42,3.1205252561072467,-0.2994747438927532
3661,train,COc1ccc(C)c(NC(=O)CC23CC4CC(CC(C4)C2)C3)c1,3.96,3.682582950197272,-0.27741704980272797
1428,train,Cc1c(Sc2ccc(Cl)cc2)c3cc(ccc3n1CC(=O)O)S(=O)(=O)C,0.54,0.8291391156041983,0.28913911560419825
2089,train,CN(C)C(=O)N[C@@H]1CC[C@@H](CCN2[C@@H]3CC[C@H]2C[C@H](C3)Oc4cccc(c4)C(=O)N)CC1,0.12,0.2987858657493805,0.1787858657493805
2076,train,Cc1ncc([N+](=O)[O-])n1CCO,-0.11,-0.30691705680128845,-0.19691705680128846
3538,train,Cc1c(Cl)c(Cl)ccc1OC2CCN(CC3CCN(CC3)[C@@](C)(Cc4ccc(F)cc4)C(=O)O)CC2,2.98,2.7220598141796444,-0.2579401858203556
3663,train,Oc1cccc(NC(=O)c2ccc(OCCCN3CCCC3)cc2OCc4ccccc4)c1,3.07,2.942740885558398,-0.12725911444160198
159,train,O=C(NC1(CC1)C#N)[C@@H]2CCCC[C@H]2C(=O)N3CCN(CC3)c4ncc(C#N)s4,1.2,1.3634869091849464,0.16348690918494646
289,train,CC[C@H](NC(=O)c1c([S+]([O-])C(C)C)c(nc2ccccc12)c3ccccc3)c4ccccc4,3.81,3.7021989463813103,-0.10780105361868975
565,train,Oc1ccc2OC(=O)C(=Cc2c1)c3ccccc3,3.12,3.3388127932046103,0.21881279320461022
179,train,CN[C@@H](C)C(=O)N[C@H](C(=O)N[C@H]1CCCN(CCc2ccc(F)cc2)C1)C(C)(C)C,3.12,2.6987369095991602,-0.42126309040083987
3118,train,FC(F)(F)c1nnc2ccc(NCn3nnc4ccccc34)nn12,2.34,2.161745212831913,-0.17825478716808707
2211,train,CC1=CN([C@H]2CCCN(C2)S(=O)(=O)c3ccc(O)c(Oc4cccc(F)c4)c3)C(=O)NC1=O,1.6,1.8257587241460023,0.22575872414600218
1600,train,CNc1cccc(CCOc2ccc(C[C@H](NC(=O)c3c(F)cccc3Cl)C(=O)O)cc2)n1,-0.42,-0.41252731770701434,0.007472682292985644
2119,train,O[C@H](CNC(=O)c1c[nH]nc1C(F)(F)F)CN2CCC(CC2)Oc3ccc(Cl)c(Cl)c3,3.34,3.469386436217313,0.12938643621731316
4015,train,Cn1cnc2c(c3ccc(cc3)C4(N)CCC4)c(ccc12)c5ccccc5,2.5,2.829563248983554,0.32956324898355405
4036,train,CC(C)COc1cc(ccc1NC(=O)CN2CCOCC2)c3cccc4C(=O)C=C(Oc34)N5CCOCC5,3.8,3.7811650168813005,-0.018834983118699355
3563,train,C[C@@H](NC1=CC(=O)CCC1)c2ccc(Nc3ncc4cc(ccc4n3)c5ccncc5)cc2,3.17,2.87457497890454,-0.29542502109545987
2998,train,COC(=O)c1c(O)cccc1OC\C=C\c2ccc(F)c(c2)c3onc(c3)C(=O)O,0.66,0.6531589180692783,-0.0068410819307217485
2772,train,Cc1nc(CSc2ccc(Cl)cc2)cc(n1)N3CCOCC3,3.38,3.1114139523361546,-0.2685860476638453
146,train,Clc1ccc(N2CCN(CC2)C(=O)COCc3cscn3)c(Cl)c1,3.07,3.2949624601213685,0.22496246012136867
1866,train,CS(=O)(=O)C1(CCOCC1)c2cc(nc(n2)c3cccc4[nH]ccc34)N5CCOCC5,2.4,2.4439355915100314,0.04393559151003146
1407,train,CC1SC2=C(C(=O)O)C(=O)c3cc(F)c(cc3N12)N4CCN(CC5=C(C)OC(=O)O5)CC4,0.47,0.09076074886792185,-0.3792392511320781
969,train,COc1cc(CCc2cc(Nc3ccnc(NCc4ccccn4)n3)n[nH]2)cc(OC)c1,3.5,3.234567595942034,-0.26543240405796587
547,train,Oc1ccc(cc1)c2ccc3cc(O)ccc3c2,4.0,3.76854802722994,-0.2314519727700599
251,train,CC(C(=O)O)n1c(C)c(Sc2ccc(Cl)cc2)c3cc(Cl)ccc13,3.56,3.347350192243068,-0.21264980775693187
655,train,Cc1cc(OC2CCN(CC3CCN(CC3)[C@@H](Cc4ccc(F)cc4)C(=O)O)CC2)ccc1Cl,2.54,2.6931551235283133,0.1531551235283133
3493,train,CS(=O)(=O)Cc1cc(nc(n1)c2ccc3[nH]ccc3c2)N4CCOCC4,2.06,2.183285977823658,0.12328597782365813
2429,train,CS(=O)(=O)c1cccc(Nc2nccc(Nc3cccc4[nH]ncc34)n2)c1,2.91,2.8811946892616715,-0.028805310738328593
958,train,CCOc1ccc2nc(N)sc2c1,2.4,2.4188976945270215,0.018897694527021613
1754,train,CCC(CC)NC(=O)c1cnn(c1NS(=O)(=O)c2ccc(C)cc2)c3ccccn3,0.27,0.393651750116067,0.123651750116067
1373,train,Fc1ccc(cc1F)N2C=CN=C(SCC(=O)NC3CCCC3)C2=O,2.0,2.253459581638426,0.2534595816384262
1661,train,Clc1ccc(NC(=O)N2CCN(C[C@@H]3CCCN(Cc4ccccc4)C3)CC2)cc1Cl,4.26,3.9236498250852607,-0.33635017491473906
2079,train,OC1(CN2CCC1CC2)c3ccc(cc3)c4ccccc4,1.5,1.5486832273643367,0.04868322736433672
1268,train,O=C1C=C(Oc2c1cccc2c3ccccc3)N4CCOCC4,2.9,3.1326690601203513,0.23266906012035138
3901,train,CC(C)(Cc1cccc(CC(=O)NCc2cccc(c2)c3ccc(O)cc3)c1)NC[C@H](O)c4ccc(O)c(NS(=O)(=O)C)c4,1.91,2.3556940185154946,0.4456940185154947
257,train,Clc1ccc2OC(=O)Nc2c1,2.16,2.2015911340454424,0.041591134045442235
4053,train,CN1CCN(CCCN2c3ccccc3Sc4ccc(cc24)C(F)(F)F)CC1,4.31,3.8918014553490217,-0.41819854465097794
2673,train,O=C1C=C(C=CN1c2ccc3c(cnn3CCN4CCCC4)c2)c5ccccc5,1.6,1.7172292270476515,0.11722922704765137
4150,train,Nc1ccc2cn[nH]c2c1,0.52,0.5321487723349045,0.012148772334904523
966,train,c1ccc(nc1)c2nc3ccccc3[nH]2,2.5,2.610520857859801,0.11052085785980115
3894,train,COc1cc2c3N([C@H](C)c4ccccn4)C(=O)Nc3cnc2cc1c5c(C)onc5C,3.15,2.9767902658538676,-0.17320973414613228
1516,train,OC(=O)CC(=O)N[C@H]1[C@@H](Cc2ccccc12)NC(=O)c3cc4sc(Cl)c(Cl)c4[nH]3,1.18,1.05449862845679,-0.12550137154320984
1078,train,CCc1c(C)nc(SCC(=O)Nc2nc(cs2)c3ccc(OC)cc3)nc1O,3.78,3.8920651510222406,0.1120651510222408
2238,train,C[C@@H](Oc1cccc2ncnc(Nc3ccc4c(cnn4Cc5cscn5)c3)c12)C(=O)N6CCOCC6,2.81,2.957116469418666,0.14711646941866574
1213,train,CC#Cc1ccnc(c1)c2cc(ccc2O)C3(N=C(C)C(=N3)N)C4CC4,3.6,3.603994738055634,0.003994738055633995
2453,train,Cc1cccc(Nc2ncnc3ccc(NC(=O)C=C)cc23)c1,3.7,3.5864598384769204,-0.11354016152307977
3105,train,CC(C)C(NC(=O)CN1C(=O)C(=CC=C1c2ccccc2)NC(=O)NCc3cc[n+]([O-])cc3)C(=O)C(F)(F)F,1.13,0.8633765623885281,-0.2666234376114718
85,train,Fc1cc(cc(F)c1C2=CCN(CC2)C=O)N3C[C@H](COc4ccon4)OC3=O,2.01,2.042197686637242,0.03219768663724221
21,train,Clc1ccc(cc1)C(=O)Nc2oc(nn2)C(=O)Nc3ccc(cc3)N4CCOCC4,1.92,2.2071052168992082,0.2871052168992083
701,train,CC\C(=C(/c1ccccc1)\c2ccc(\C=C\C(=O)O)cc2)\c3ccccc3,3.89,3.624590319093346,-0.2654096809066542
3004,train,CC(C)c1c(cnn1c2ccc(cc2)C(=O)O)C(=O)NC3C4CC5CC(CC3C5)C4,1.15,1.0714280632154807,-0.07857193678451924
3070,train,CN1CCN(CC(=O)Nc2c(cnn2c3ccccc3)C#N)CC1,0.0,-0.07081970947788596,-0.07081970947788596
3946,train,C[C@H]1CN(Cc2cc(Cl)ccc2OCC(=O)O)CCN1C(=O)Cc3cccc(Cl)c3,0.78,0.5795257115385757,-0.20047428846142434
2743,train,O=C(Nc1nccs1)c2cccnc2,2.25,2.101923282858608,-0.14807671714139214
3077,train,CC1=NS(=O)(=O)c2cc(Cl)ccc2N1,1.05,0.807503705172421,-0.24249629482757906
1286,train,COc1ccc(NC(=O)C=C)cc1,1.68,1.5144185339441973,-0.1655814660558026
1353,train,COc1cc(ccc1OCCN2CCCC2)N3C=Nc4cc(sc4C3=O)c5ccc(Cl)cc5,2.74,2.8513614203215925,0.11136142032159224
3220,train,CCN(CC)CCNC(=O)c1cc(Br)c(N)cc1OC,0.54,0.5882289627902597,0.04822896279025968
2126,train,Clc1ccc2C(=C3CCNCC3)c4ncccc4CCc2c1,1.48,1.5943344264819639,0.1143344264819639
3923,train,Clc1ccccc1CNC[C@@H]2CC[C@@H](CNCc3ccccc3Cl)CC2,2.74,2.6293560474171147,-0.11064395258288551
2853,train,Cc1nc(C)c(nc1C(=O)N)c2ccc3c(CC[C@@]34CC[C@H](Cc5nnn[nH]5)CC4)c2,2.0,2.4386447477482127,0.4386447477482127
3754,train,Oc1c(C#N)c(nc2ccncc12)c3ccc(cc3)c4ccccc4CN5CCOCC5,2.0,2.145766139292446,0.14576613929244608
1967,train,Cn1c(CN2CCN(CC2)c3cccc(Cl)c3)nc4ccccc14,3.75,3.646545212505435,-0.10345478749456483
1276,train,Cc1nc2ncnn2c(O)c1CCOC(=O)c3ccccc3F,0.99,1.1146320974704147,0.1246320974704147
773,train,CC(=O)N1CCN(CCOc2ccc(cc2)C3CCN(CC3)c4ccc5nnc(n5n4)C(F)(F)F)CC1,3.2,3.1956115925841777,-0.004388407415822471
3731,train,OC[C@H]1C[C@H]([C@H](O)[C@@H]1O)n2nnc3c(N[C@@H]4C[C@H]4c5ccccc5)nc(SCCC(F)(F)F)nc23,4.06,4.143276401334579,0.08327640133457948
614,train,CN1SC(=NC1=O)NCc2ccccc2,1.2,1.2581295603234903,0.05812956032349037
2826,train,CC1=C(C(=O)N(C[C@H](N)c2ccccc2)C(=O)N1Cc3c(F)cccc3F)c4ccc5OCOc5c4,2.67,2.569474196412286,-0.1005258035877139
4071,train,CC1CN(CCN1)C(=O)c2cc3ccccc3[nH]2,0.94,0.5838620244113111,-0.35613797558868887
3131,train,CN1CCN(CC1)c2ccc3N=CN(C(=O)c3c2)c4cc(NC(=O)c5cncs5)ccc4C,2.11,2.2101134191539518,0.10011341915395189
2981,train,CC(C)C[C@H](CO)Nc1nc(SCc2ccccc2)nc3NC(=O)Sc13,4.2,4.279950702697696,0.07995070269769577
1035,train,CCOc1ccc(cc1)N2C(=O)c3cccnc3N=C2[C@@H](C)N(CC4CCN(C)CC4)C(=O)Cc5ccc(F)c(c5)C(F)(F)F,1.4,1.3918481408827077,-0.008151859117292215
1094,train,Cc1ccc(NC(=O)CCC2CCCCC2)cc1NC(=O)c3ccc(O)cc3,4.13,4.067343549985198,-0.06265645001480191
4113,train,Nc1n[nH]c2ncc3CCCCCCc3c12,2.54,2.6932660870701923,0.1532660870701923
2987,train,COc1cc(NC(=O)Nc2cccc(CNC(=O)O[C@H]3CCOC3)c2)ccc1c4ocnc4,3.6,3.3923638632172652,-0.20763613678273485
2082,train,CN(C1CCCCC1)C(=O)c2cnn(c2NS(=O)(=O)c3ccc(C)cc3)c4ccccc4,2.01,1.9945818091751464,-0.015418190824853406
4182,train,NC1=NC(CC(=O)N1)c2ccc(Cl)c(Cl)c2,1.46,1.1748846177476298,-0.2851153822523702
2316,train,Clc1ccc(Nc2nnc(Cc3ccncc3)c4ccccc24)cc1,3.7,3.8157597612381213,0.11575976123812115
537,train,COc1cc(C)c(c(C)c1)S(=O)(=O)N(C)CCOCC(=O)N2CCN(CC2)C3CCN(C)CC3,-0.4,-0.3668219847720664,0.03317801522793362
601,train,COc1ccc2c(c1)c(CC(=O)O)c(C)n2c3ccnc4cc(Cl)ccc34,1.68,1.3365719059108863,-0.3434280940891137
1707,train,C[C@H]1C[C@H]2[C@@H]3CC[C@](O)(C(=O)C)[C@@]3(C)C[C@H](O)[C@]2(F)[C@@]4(C)C=CC(=O)C=C14,2.65,2.4031826401696414,-0.24681735983035846
1642,train,CN(C)C\C=C\C(=O)Nc1cc2c(Nc3ccc(F)c(Cl)c3)ncnc2cc1O[C@H]4CCOC4,3.7,3.65413616837652,-0.04586383162348007
2497,train,O=C(NC1(CC1)C#N)[C@@H]2CCCC[C@H]2C(=O)N3CCN(CC3)c4nccs4,1.3,1.394488979721314,0.09448897972131398
934,train,CC(NC(=O)C1(N)CCN(CC1)c2ncnc3[nH]ccc23)c4ccc(F)cc4,2.4,2.094826540702228,-0.30517345929777173
3881,train,COc1cc(F)ccc1c2cccc(CNC3CCCC3)n2,2.06,2.1631332815501523,0.10313328155015222
879,train,Clc1ccc2N=C3NC(=O)CN3Cc2c1Cl,1.86,1.6124810094400615,-0.24751899055993865
3919,train,COCC(C)n1nc(C)c(C(=O)N[C@@H](C)C(C)(C)C)c1NS(=O)(=O)c2ccc(C)cc2,0.61,0.5675627849283658,-0.04243721507163423
2313,train,Cc1cc(CNc2nccc(Nc3cc(C)[nH]n3)n2)on1,1.86,1.692984070574069,-0.16701592942593102
2942,train,CO[C@H]1CN(CCN2C(=O)C=Nc3ccc(OC)cc23)CC[C@@H]1NCc4cc5OCCOc5cn4,1.25,1.2109159571529577,-0.039084042847042255
3418,train,COc1cc(ccc1Nc2ncc(Cl)c(n2)c3cnc4c(N)cccn34)N5CCN(CC5)C(=O)C,3.4,3.2301623397348886,-0.16983766026511127
2926,train,Cc1nc2c(cnn2c(O)c1Cc3ccccc3)C#N,0.68,0.7679188724651527,0.08791887246515262
2098,train,Oc1ccc(cc1)C2=Cc3ccccc3OC2=O,3.0,3.31149239737295,0.31149239737295
3217,train,COc1cc2c(Nc3ccc(Cl)cc3F)ncnc2cc1OCCCN4CCOCC4,3.4,3.4042970270115775,0.0042970270115776366
1969,train,CN([C@@H]1CCN(Cc2ccc(cc2)C(F)(F)F)C[C@@H]1F)C(=O)Cc3ccc(cc3)S(=O)(=O)C,2.7,2.97671025132707,0.27671025132706983
3596,train,NC1(CCC1)c2ccc(cc2)c3nc4ccccc4cc3c5ccccc5,3.6,3.670001905975739,0.07000190597573885
3850,train,Clc1ccc(NC(=O)N2CCN(C[C@@H]3CCCN(CC4CC4)C3)CC2)cc1Cl,2.54,2.59629649642282,0.056296496422819864
275,train,OC[C@H]1C[C@H]([C@H](O)[C@@H]1O)n2nnc3c(N[C@@H]4C[C@H]4c5ccc(F)c(F)c5)nc(SCCC(F)(F)F)nc23,3.99,3.9111284502772428,-0.07887154972275745
1660,train,COc1ccc(CCN2CNC(=NC2)SCc3ccc(Cl)cc3)cc1OC,2.41,2.2575015373862994,-0.1524984626137007
1933,train,O=C1NC(=NC(=C1C#N)c2ccccc2)SCc3ccccc3,1.56,1.7873557052806202,0.2273557052806201
3629,train,COc1ccc2nc(C)cc(OCC(=O)NCc3ccccc3)c2c1,3.2,3.1890605379980177,-0.01093946200198248
1729,train,COc1cc(OC)c(cc1NC(=O)CCc2nn[nH]n2)S(=O)(=O)N3C(C)CCc4ccccc34,-0.34,-0.2682067045108769,0.07179329548912311
563,train,OCC[C@]1(CCCNC1)c2oc3ccccc3c2,0.06,-0.0669082715857181,-0.1269082715857181
509,train,CC1(C)[C@@H]2CC[C@@]1(CS(=O)(=O)NC3CCN(CC3)c4ccc(cn4)C(F)(F)F)C(=O)C2,3.84,3.9084710765409154,0.06847107654091555
1672,train,OC(=O)[C@H](Cc1ccc(F)cc1)N2CCC(CN3CCC(CC3)Oc4ccc(Cl)cc4)CC2,1.9,2.251124710298516,0.351124710298516
4090,train,CCCCC(NC(=O)CC1CCN(Cc2ccn(c2)c3ccc(cc3)C(F)(F)F)CC1)C4=CNC(=O)C=C4,2.89,2.7136672752233943,-0.17633272477660578
2112,train,Cc1cc(ccc1O[C@H]2C[C@H]3CC[C@@H](C2)N3Cc4ccccc4)C(=O)N,2.23,2.113000846573081,-0.11699915342691902
354,train,CC1(C)N(Cc2ccnc(c2)N3CCOCC3)C(=O)N(C1=O)c4ccc(SC(F)(F)F)cc4,3.73,3.866684083020662,0.13668408302066215
1344,train,CN(C)c1cccc2c(cccc12)S(=O)(=O)N(C)CC(=O)O,-1.45,-1.1912272546803147,0.2587727453196853
3741,train,Cc1cc(N)c2cc(NC(=O)CC(=O)Nc3ccc4nc(C)cc(N)c4c3)ccc2n1,1.35,1.3268338576253127,-0.023166142374687393
2970,train,Cc1ccc2c(c1)c(Sc3ccccc3Cl)c(C)n2CC(=O)O,1.71,1.466219954105517,-0.243780045894483
204,train,CC(C)CN1C(=O)N(C)C(=O)c2c1sc(Cc3cccc4ncccc34)c2C(=O)N5CC[C@@H](O)C5,1.98,1.9871051238254844,0.0071051238254844495
700,train,CN(c1ccc(c(C)c1)c2cc(ccc2OCC(=O)O)C(F)(F)F)S(=O)(=O)C,-0.59,-0.730570180317994,-0.14057018031799406
3784,train,COc1ccc(cc1)c2cc(N)n3ncc(C#N)c3n2,2.42,2.3822775150629654,-0.03772248493703456
475,train,COc1cccc(c1)C(=O)N2CCC(CC2)N3C(=O)Nc4ccccc34,2.65,2.5808885957633203,-0.06911140423667961
842,train,Clc1cccc(C(=O)N2CCN(CC2)c3ccccn3)c1Cl,2.98,2.835870737337199,-0.1441292626628008
4066,train,OCCCNCCCOc1ccc(Cl)c(c1)C(=O)NCC23CC4CC(CC(C4)C2)C3,1.41,1.496610952334808,0.08661095233480798
469,train,Clc1cccc(Nc2ncnc3ccccc23)c1,3.9,3.8753926541959607,-0.024607345804039227
2182,train,Cc1ccc2c(c1)c(c(C)n2CC(=O)O)c3cc(C)nc4ccccc34,2.88,2.408343253639193,-0.4716567463608068
746,train,CCCc1c(O)c(ccc1OCc2cccc(NC(=O)c3ccccc3C(=O)O)c2)C(=O)C,1.9,1.8077645498103754,-0.09223545018962453
75,train,COc1cc(NS(=O)(=O)c2ccc(N)cc2)nc(OC)n1,0.2,0.27240077000184537,0.07240077000184536
3932,train,CN[C@@H](C)C(=O)N[C@H](C(=O)N[C@H]1CCCN(CCc2ccccc2OC)C1)C(C)(C)C,1.61,1.387626709603703,-0.22237329039629716
4054,train,COc1cc(Nc2cc(Oc3ccc(C)nc3)ccn2)cc(OC)c1OC,3.21,3.1769198971827377,-0.03308010281726226
4161,train,CCCCNc1cc(cc(c1Oc2ccccc2)S(=O)(=O)N)C(=O)O,-0.3,-0.25277374988678725,0.04722625011321274
1459,train,COc1ccc(Oc2ncccc2C(=O)NCc3ccccc3Cl)cc1,3.59,3.400148205500825,-0.1898517944991749
3299,train,COc1cc2c(Nc3c(Cl)ccc4OCOc34)ncnc2cc1OCCCN5CCCC5,1.62,1.559085690974852,-0.06091430902514805
2427,train,CCOc1ccccc1c2ccc(cc2)c3nc4ccc(F)cc4c(C(=O)NCCOCCN)c3C,2.46,2.260734361508744,-0.1992656384912559
3436,train,OC(=O)COc1cccc(c1)C(=O)N2CCC(CC2)N3CCC(CC3)Oc4ccc(Cl)c(Cl)c4,1.09,1.1186658936057172,0.02866589360571714
3275,train,CC(C)n1c(C)ncc1c2nc(Nc3ccc(cc3)N4CC[C@H](C4)NC(=O)C)ncc2F,3.3,3.133030814926141,-0.16696918507385883
804,train,C[C@H](Nc1nc(Nc2cc(C)[nH]n2)c(C)nc1C#N)c3ncc(F)cn3,1.92,2.0070419329707376,0.0870419329707377
1166,train,CS(=O)(=O)c1ccc(cc1)c2cc(C(=O)N[C@H]3CCCNC3)c(NC(=O)N)s2,0.68,0.990652427887087,0.3106524278870869
1653,train,Nc1n[nH]c(N)c1Cc2ccc3OCOc3c2,0.47,0.758877302827927,0.288877302827927
2253,train,CCN(C(=O)c1oc(cc1)c2ccc(Cl)cc2)c3ccc(cc3)N4CCNCC4,3.3,3.0435011015082862,-0.2564988984917136
1131,train,CN(C)CC(O)COc1ccc(Nc2ncc(C)c(Nc3ccccc3)n2)cc1,2.0,1.8203952346705008,-0.1796047653294992
3957,train,CC(=O)Nc1ccc(O)cc1OC[C@@H](O)CN2CCC3(CC2)Cc4cc(F)ccc4O3,2.1,2.131704502816296,0.03170450281629611
2750,train,COc1cc2c(Nc3cc(CC(=O)Nc4cccc(F)c4F)[nH]n3)ncnc2cc1OCCCN5CCC[C@@H]5CO,1.96,1.900179081671794,-0.05982091832820591
1957,train,O=C(NC1(CC1)C#N)[C@@H]2CCCC[C@H]2C(=O)N3CCc4[nH]c5ncccc5c4C3,2.13,2.2387319122929927,0.10873191229299284
524,train,Clc1cccc(\C=C\2/SC(=O)NC2=O)c1N3CCNCC3,0.68,0.5499148729182723,-0.1300851270817277
582,train,CC(=O)Nc1nnc(s1)S(=O)(=O)N,-0.78,-1.1359955201506207,-0.35599552015062064
2675,train,Clc1ccc(N2CCN(CC2)C(=O)COCc3ccccn3)c(Cl)c1,3.47,3.3218678300202344,-0.14813216997976575
1638,train,C[C@@H]1CN(Cc2cc(Cl)ccc2OCC(=O)O)C[C@H](C)N1C(=O)Cc3ccccc3,0.7,0.772732396864285,0.07273239686428501
901,train,CC1(O)CN(C1)S(=O)(=O)c2ccc3C(=CNC(=O)c3c2)C(=O)NC[C@@H](O)CN4CCC(CC4)Oc5ccc(Cl)c(Cl)c5,2.54,2.4853371421862387,-0.054662857813761345
984,train,CN[C@@H](C)C(=O)N[C@@H](C1CCCCC1)C(=O)N[C@H]2CCN(Cc3ccccc3)C2,1.49,1.2753848763490019,-0.2146151236509981
914,train,Cc1ccc(OC(=O)N2CCN3CCC2CC3)cc1,1.02,1.0312828412571933,0.011282841257193255
523,train,C[C@H]1CN(Cc2cc(Cl)ccc2CCC(=O)O)CCN1C(=O)Cc3ccccc3,1.52,1.4290359166564635,-0.09096408334353656
3895,train,COc1cc2c(Nc3ccc(NC(=O)c4ccccc4)cc3)ncnc2cc1OCCCN5CCOCC5,3.5,3.4793099629207997,-0.020690037079200252
2305,train,O=S(=O)(Nc1ccccc1c2ccccc2)c3ccccc3,3.96,3.8950628560881793,-0.0649371439118207
1909,train,COc1cc2ncc(C(=O)N)c(Nc3ccc(F)cc3F)c2cc1NCCN4CCOCC4,2.68,2.6799235389177523,-7.646108224790282e-05
36,train,CN1CCN(CC1)c2ccc3N=CN(C(=O)c3c2)c4cc(NC(=O)c5cscn5)ccc4C,2.06,2.2225645565920864,0.16256455659208635
805,train,OCCc1cccc(NC(=O)c2cc3cc(Cl)ccc3[nH]2)c1,3.83,3.7646045260143652,-0.06539547398563483
3520,train,Cc1c(Cl)c(ccc1OC2CCN(CC3CCN(CC3)[C@@H](Cc4ccc(F)cc4)C(=O)O)CC2)C#N,2.19,2.0408252362082626,-0.14917476379173733
2537,train,CCN(CC)S(=O)(=O)c1ccc(NC(=O)C(C)(O)C(F)(F)F)cc1,2.63,2.5547866781119706,-0.07521332188802932
1121,train,OC(=O)c1ccccc1O,-1.36,-1.2267896500081061,0.13321034999189396
3825,train,CC1Cc2ccccc2N1NC(=O)c3ccc(Cl)c(c3)S(=O)(=O)N,1.83,1.8243058098723528,-0.0056941901276472695
2013,train,CN1C(=O)N(CC2CC2)c3nn(Cc4ccnc5ccc(Cl)cc45)c(c6cc(cn6C)S(=O)(=O)C)c3C1=O,3.18,3.122153152733299,-0.05784684726670131
80,train,CC1(CC1)c2nc(ncc2C(=O)N[C@@H]3C4CC5CC3C[C@@](O)(C5)C4)N6CCOCC6,2.0,1.83430230579839,-0.16569769420160996
2085,train,CCC(C)Nc1nc(nc(N2CCOCC2)c1N)C#N,2.8,2.960121723024869,0.16012172302486904
3243,train,C[C@@H]1CN(Cc2oc(nn2)c3cc(cc4[nH]ncc34)c5cccc6[nH]ccc56)C[C@H](C)O1,4.01,4.074355784436051,0.06435578443605117
1850,train,CC(C)(NC(=O)c1sccc1Oc2ccc(F)cc2[N+](=O)[O-])C#C,3.0,3.11586521869348,0.1158652186934801
1260,train,CC(C)n1c(C)ncc1c2ccnc(Nc3ccc(cc3)N4CCN(CC4)S(=O)(=O)CCN(C)C)n2,2.52,2.62201584686451,0.10201584686450982
1006,train,CCN(CC)CCNC(=O)c1ccc(N)cc1,-0.92,-1.057443541002249,-0.13744354100224887
897,train,NC1(CCC1)c2ccc(cc2)N3C(=O)c4ccccc4N=C3c5ccccc5,1.6,1.7524359423472946,0.15243594234729452
777,train,COC(=O)CCC(=O)Nc1ccc2C(=O)C(=O)c3ccccc3c2c1,2.72,2.6676305254254316,-0.05236947457456864
2724,train,CN(C)c1ccc2N=C3C=CC(=[N+](C)C)C=C3Sc2c1,-0.88,-0.6779794284086256,0.20202057159137443
4179,train,CCNC(=O)Nc1nc2cc(ccc2[nH]1)c3cccnc3,2.34,2.521368212000843,0.18136821200084308
1392,train,CC(C)C(NC(=O)CN1C(=O)C(=CN=C1c2ccc(F)cc2)N)C(=O)C(F)(F)F,1.05,1.0697353929248783,0.019735392924878248
3827,train,C[C@@](N)(Cc1ccccc1)c2ccccc2,1.7,1.5967385287197229,-0.10326147128027707
517,train,Cc1onc(n1)c2ccc(OCC3CN(C3)c4ccc(C)nn4)cc2,2.62,3.0286470120861475,0.4086470120861474
1237,train,CC1CN(C1)C(=O)c2nnc3c(cccc3c2N)c4ncccn4,1.21,1.0409333264757057,-0.16906667352429428
185,train,CC[C@H](NC(=O)c1c(c(nc2ccccc12)c3ccccc3)S(=O)(=O)C)c4ccccc4,3.17,3.105459807557719,-0.06454019244228082
1074,train,CCC(N(CCCN)C(=O)c1ccc(C)cc1)C2=Nc3ccsc3C(=O)N2Cc4cccnc4,0.01,0.49266257388708445,0.48266257388708445
3583,train,O=C(NCc1ccccc1)c2cccnc2Oc3ccccc3,3.0,2.9171247344457445,-0.0828752655542555
3376,train,CN(C)CCCN1c2ccccc2Sc3ccc(Cl)cc13,3.37,3.3906532921026082,0.020653292102608134
2903,train,COc1cc(ccc1Nc2ncc(Cl)c(n2)c3cnc4cc(ccn34)C#N)N5CCN(CC5)C(=O)C,2.3,1.9409528274433396,-0.3590471725566602
973,train,NC(=N)SCc1ccc(Cl)c(Cl)c1,1.28,1.0596287602018477,-0.22037123979815232
586,train,CC(C)C(NC(=O)CN1C(=O)C(=CN=C1C2CCCCC2)NC(=O)OCc3ccccc3)C(=O)C(F)(F)F,2.87,2.510280628497805,-0.3597193715021949
2326,train,CCCSc1nc(NC)ccc1C(=O)N[C@@H]2C3CC4CC2C[C@@](O)(C4)C3,3.27,2.964675649529783,-0.305324350470217
827,train,CS(=O)(=O)c1ccc(cc1)[C@@H](O)[C@@H](CF)NC(=O)C(Cl)Cl,0.44,0.189754031269183,-0.250245968730817
2648,train,CC(N1Cc2ccccc2C1=O)c3ccccc3,3.0,2.879513952853772,-0.1204860471462279
1123,train,CCCCNC(=O)NS(=O)(=O)c1ccc(C)cc1,0.44,0.33170282122354733,-0.10829717877645267
168,train,COc1ccc(Cn2cc3N(CC(C)C)C(=O)N(C)C(=O)c3c2)cc1,3.52,3.23334566700046,-0.2866543329995399
3255,train,Cc1csc(NC(=O)c2cc(Sc3nncn3C)ccc2N)n1,2.3,2.2210594495543265,-0.07894055044567327
4121,train,O[C@@H](CNCCCSCCOCCc1cccc2ccccc12)c3ccc(O)c4NC(=O)Sc34,3.12,3.102475617973395,-0.01752438202660489
3413,train,CC(C(=O)O)c1cccc(Oc2ccccc2)c1,0.71,0.5966728318203047,-0.11332716817969524
1395,train,COc1cccc(c1)C(=O)NCCCOc2cccc3ccc(N)nc23,2.46,2.4842951560663833,0.024295156066383328
1148,train,O=C(N[C@H]1CN2CCC1CC2)c3ccc(s3)c4ccccc4,1.9,1.8822126032898496,-0.017787396710150283
895,train,CNC(=O)Nc1nc2ccc(cn2n1)c3cncc(c3)S(=O)(=O)NC(C)(C)C,1.58,1.3893155696787434,-0.1906844303212567
843,train,CC(=O)Nc1ccc2[nH]cc(c3cc(NC4CC4)n5ncc(C#N)c5n3)c2c1,2.65,2.7016381730768706,0.051638173076870686
1668,train,COC[C@H](C)Oc1cc(Oc2ccc(cc2)S(=O)(=O)C)cc(c1)C(=O)Nc3ccc(cn3)C(=O)O,-0.41,-0.21353068632632421,0.19646931367367576
774,train,Cc1cc(C)c2c(N)c(sc2n1)C(=O)NC3CC3,2.53,2.4045252379191484,-0.1254747620808514
1872,train,Cc1nc(cs1)C(=O)N2CCCC3(CCN(Cc4ccccc4)CC3)C2,0.24,0.42895807020176346,0.18895807020176347
153,train,NC(=O)Nc1cc(sc1C(=O)N)c2cccc(O)c2,2.21,2.1031969911918496,-0.10680300880815041
2340,train,O[C@@H]1CCN(C1)c2ccc3c(NC(=O)CNc4cccc(c4)C#N)c(Cl)ccc3n2,2.39,2.1498984079327625,-0.24010159206723758
574,train,CN[C@H]1CC[C@@H](c2ccc(Cl)c(Cl)c2)c3ccccc13,3.15,3.213639375896694,0.063639375896694
2280,train,CN1CCC(CC1)Oc2nccc(Nc3cc(NC(=O)c4ccnc(c4)N5CCOCC5)ccc3C)n2,1.8,1.9405968418790376,0.14059684187903754
1416,train,O=C(N1CC(=O)Nc2ccccc12)c3occc3,1.21,0.9564054915092826,-0.2535945084907174
1413,train,Cc1cc(CN2Cc3ccccc3C[C@H]2C(=O)Nc4ccc(Cl)cc4Cl)ccc1OCC(=O)O,2.41,2.2497065912009404,-0.16029340879905973
2075,train,O=C(CN1CCN(CC1)c2ccccc2)Nc3c(cnn3c4ccccc4)C#N,2.3,1.984946349146302,-0.31505365085369785
3871,train,Oc1cc(O)c2C(=O)C(=COc2c1)c3ccc4OCOc4c3,3.5,3.36704490891843,-0.13295509108157022
2283,train,Cc1nc(C)c(nc1C(=O)N)c2ccc([C@@H]3CC[C@H](CC(=O)O)CC3)c(Cl)c2,1.7,1.3228618876293143,-0.3771381123706856
1949,train,OC(=O)c1cccnc1Nc2cccc(c2)C(F)(F)F,1.0,0.8119695653742565,-0.18803043462574354
2321,train,CC(=O)O[C@H]1CC[C@]2(C=O)[C@H]3CC[C@]4(C)[C@H](CC[C@]4(O)[C@@H]3CC[C@]2(O)C1)C5=CC(=O)OC5,0.64,0.5682214489845347,-0.07177855101546526
2190,train,C[C@H]1C[C@H](CN1C#N)NS(=O)(=O)c2cc(Br)ccc2Br,2.13,2.160049774743214,0.03004977474321402
314,train,COc1ccc(Cl)c(Nc2ncnc3cc(OCC4CCN(C)CC4)c(OC)cc23)c1,2.0,1.84168952297321,-0.15831047702679002
1629,train,CC(C)Nc1nc(nc(N2CCOCC2)c1N)C#N,2.04,2.0926428917856046,0.05264289178560455
242,train,CC[C@H](C)C(=O)O[C@H]1C[C@@H](C)C=C2C=C[C@H](C)[C@H](CC[C@@H](O)C[C@@H](O)CC(=O)O)[C@@H]12,1.07,0.8055942839399555,-0.2644057160600446
616,train,Clc1ccc2[nH]c3CCN(Cc3c2c1)C(=O)[C@@H]4CCCC[C@H]4C(=O)NC5(CC5)C#N,3.65,3.9156147274832205,0.26561472748322057
2376,train,C[C@H](CO)Nc1nc(SCc2cccc(F)c2F)nc3nccnc13,3.15,3.1378717297428023,-0.012128270257197649
2678,train,OC1CCN(CC1)C(=O)c2ccc(cc2)C(=C3CCN(Cc4cscn4)CC3)c5cccc6cccnc56,1.89,2.0576264715914716,0.1676264715914717
2975,train,NC(=O)c1cccc(O[C@H]2C[C@H]3CC[C@@H](C2)N3Cc4ccccc4)n1,1.71,1.6482352455268452,-0.06176475447315477
379,train,O=C(N1CCN(CC1)c2ncccn2)c3cccc(CC4=NNC(=O)c5ccccc45)c3,2.13,1.935028589262521,-0.19497141073747892
2556,train,Clc1ccc(OC2CCN(CC2)C3CCN(CC3)C(=O)NS(=O)(=O)Cc4ccccc4)cc1Cl,2.13,2.053755687980439,-0.07624431201956083
1845,train,CCN(CC)C(=O)c1ccc(cc1)[C@@H](N2CCN(Cc3ccc(F)cc3)CC2)c4cccc(NC(=O)C5CC5)c4,3.99,3.9607268170442866,-0.029273182955713573
3984,train,Cc1ccc(\C=C(/C#N)\C(=O)N)cc1,2.09,1.818189263641954,-0.27181073635804576
3987,train,C1CN2CCC1C(=C2)c3oc4ccccc4c3,2.59,2.52388554234256,-0.06611445765743973
711,train,COc1ccc(NC(=O)CSc2nnc(C)n2c3ccc(C)cc3)cc1,2.94,2.5106824984032827,-0.4293175015967172
3327,train,COCCNCc1cncc(n1)c2ccc(F)cc2OC,1.61,1.3353385463226266,-0.2746614536773735
2005,train,C[C@H]([C@H](O)c1ccc(O)cc1)N2CCC(O)(CC2)c3ccccc3,0.91,0.832297856195767,-0.07770214380423301
305,train,Fc1ccc(CN2CCN(CC2)C3=Nn4c(CC3)nnc4C(F)(F)F)cc1,2.8,2.549390370459036,-0.25060962954096366
512,train,CCN(C1CCN(CCC(c2ccc(NC(=O)C)cc2)c3cccc(F)c3)CC1)C(=O)Cc4ccc(cc4)S(=O)(=O)C,2.41,2.010475620155061,-0.39952437984493905
2437,train,CS(=O)(=O)c1ccc(cc1)C(CCNC(=O)c2ccc(cc2)C#N)c3ccc(F)cc3,2.9,2.9406735919981277,0.04067359199812781
45,train,COc1ccc(cn1)C2=Cc3c(C)nc(N)nc3N([C@@H]4CC[C@H](CC4)OCCO)C2=O,2.2,2.0482924858825946,-0.15170751411740557
3500,train,OC(=O)C[C@@H]1CC[C@H](CC1)c2ccc(cc2)c3ccc(Nc4ccc(nc4)C(F)(F)F)cn3,3.8,3.70201087989245,-0.09798912010754979
2676,train,CC(C)C[C@H](N1CCC[C@@H](C1)N2C=C(C)C(=O)NC2=O)c3ccc(C(=O)O)c(Oc4cccc(Cl)c4)c3,0.93,0.8550543326930211,-0.07494566730697894
3947,train,O=C(Oc1ccc2C(=O)CCOc2c1)c3ccccc3,3.6,3.562395667242522,-0.03760433275747799
1304,train,NC(=O)c1ccc(Br)cc1,1.75,1.7164556454523223,-0.03354435454767768
98,train,COc1ccc(Cc2c(N)n[nH]c2N)cc1,0.2,0.3566404664027669,0.1566404664027669
2354,train,NC1(CCC1)c2ccc(cc2)c3ncc4cnccc4c3c5ccccc5,2.2,2.3413443513101324,0.14134435131013223
2804,train,CN(CCCc1ccccc1)S(=O)(=O)c2cc(C(=O)N3CCc4ccc(cc4C3)S(=O)(=O)NCCc5ccccc5)c(O)c(O)c2O,0.75,0.4509543727490142,-0.2990456272509858
593,train,COc1cc2ncnc(Nc3ccc(OCc4ccccn4)c(C)c3)c2cc1OC,3.6,3.3774679333148065,-0.22253206668519354
3905,train,O=C(Nc1ccncc1)c2cccc3ccccc23,3.1,2.9603093581685713,-0.13969064183142876
1364,train,CC(C)c1noc(n1)N2CCN([C@H](C)C2)c3ncc(OCc4ccncc4C#N)cn3,3.1,3.026965700551371,-0.07303429944862927
2896,train,CN(C)CCCOc1ccc(cc1)c2cc(C(=O)N)c(NC(=O)N)s2,0.64,0.4934010367974717,-0.1465989632025283
3853,train,COc1cncc(NC(=O)c2cc(NC(=O)c3cccc(c3)C(C)(C)C#N)ccc2C)c1,3.04,2.9798886181233253,-0.06011138187667475
3865,train,C[C@@H]1CN[C@@H](C2CC2)C(=O)N(C)[C@H](C)C(=O)N[C@H](Cc3ccc(F)cc3)C(=O)NCCCc4ccccc4O1,3.3,3.2798783918391896,-0.02012160816081021
706,train,CC(=O)Nc1ccc(cc1)c2ccnc(Nc3ccc(cc3)N4CCOCC4)n2,2.91,2.5800952441815856,-0.3299047558184145
2369,train,CNS(=O)(=O)Cc1ccc2[nH]cc(CCN(C)C)c2c1,-0.96,-1.3244605719368536,-0.36446057193685366
1774,train,Cc1c(Sc2ccc(Cl)cc2)c3cccc(Cl)c3n1CC(=O)O,2.0,1.9632669055629852,-0.03673309443701478
3289,train,CC(C)C(NC(=O)CN1C(=O)C(=CN=C1c2cccnc2)NC(=O)OCc3ccccc3)C(=O)C(F)(F)F,2.15,1.857285633903289,-0.29271436609671087
2167,train,O=C(Nc1nccs1)c2ccccc2,2.43,2.482932321039883,0.05293232103988288
670,train,FC(F)(F)c1nnc2ccc(nn12)N3CCN(Cc4ccc(cc4)C#N)CC3,2.9,2.764104752104344,-0.1358952478956561
1809,train,CC(C)N(C(C)C)C(=O)C(C(CNC(=O)NCc1ccccc1F)c2ccccc2)c3cccnc3,4.2,3.9179218489513032,-0.28207815104869693
417,train,CC(C)CN1C(=O)N(C)C(=O)c2c1sc(Cc3ccccc3C(F)(F)F)c2C(=O)N4CC[C@@H](O)C4,2.74,2.483078079757836,-0.2569219202421644
1019,train,CCN(C1CCN(CCC(N2CCN(CC2)c3ccccc3)c4ccccc4)CC1)C(=O)Cc5ccc(cc5)S(=O)(=O)C,2.67,2.425041864820243,-0.24495813517975673
3803,train,Fc1ccc(CC2=NNC(=O)c3ccccc23)cc1C(=O)N4CCN(CC4)C(=O)C5CCCO5,0.9,1.1630784851023297,0.2630784851023297
2036,train,OC(=O)[C@H](Cc1cccc(c1)C#N)N2CCC(CN3CCC(CC3)Oc4ccc(Cl)c(Cl)c4)CC2,2.26,2.201464552214303,-0.05853544778569697
1244,train,CCNC(=O)c1ccc(C)c(c1)N2C=Nc3ccc(cc3C2=O)N4CCN(C)CC4,1.47,1.7528994946103569,0.2828994946103569
2704,train,COc1cc(ccc1Cc2c[nH]c3ccc(NC(=O)CC4CCCC4)cc23)C(=O)NS(=O)(=O)c5ccccc5C,2.0,2.021653246959818,0.021653246959818073
1863,train,NC1=CC2=NNC(=O)N2c3cc(ccc13)c4ccc[nH]4,2.3,2.3416712570217038,0.041671257021703934
758,train,CC1(CC1)c2c(cnn2c3ccc(cc3)C(=O)O)C(=O)NC4C5CC6CC(CC4C6)C5,1.11,1.1349880662728928,0.02498806627289274
698,train,Cc1c(c2c(NS(=O)(=O)C)cccc2n1CC(=O)O)S(=O)(=O)c3ccc(Cl)cc3,-0.83,-0.8257950876378031,0.004204912362196889
1012,train,CC(C)C(NC(=O)CN1C(=O)C(=CC=C1c2ccccc2)NC(=O)OCc3cc(C)nc(C)c3)C(=O)C(F)(F)F,2.38,2.2058709586752028,-0.17412904132479712
2362,train,OC(=O)CSCC(=O)Nc1nc(cs1)c2ccc(F)cc2,-0.2,-0.40239990852554364,-0.20239990852554363
3960,train,CN(c1ccc(c(Cl)c1)c2cc(F)ccc2OCC(=O)O)S(=O)(=O)C,-1.17,-1.3113105834520025,-0.14131058345200254
2367,train,O=C(COCc1ccccc1)Nc2ccc3c(c2)C(=O)C(=O)c4ccccc34,3.21,3.0823218781591297,-0.12767812184087024
1621,train,Oc1oc(c2ccccc2)c(n1)c3ccccc3,3.42,3.327683369221253,-0.09231663077874686
1337,train,N(c1ccccc1)c2[nH]nnc2c3ccccc3,3.37,3.3503865027006423,-0.019613497299357796
1234,train,Nc1nc(N)c(nc1Cl)C(=O)Nc2ccccn2,2.67,2.6635090224413487,-0.006490977558651245
2272,train,CC(C)C(NC(=O)CN1C(=O)C(=CN=C1C(C)C)NC(=O)OCc2ccccc2)C(=O)C(F)(F)F,2.63,2.2987342523786043,-0.3312657476213956
1691,train,Cc1ccc(CN2[C@@H]3CC[C@H]2C[C@H](C3)Oc4cccc(c4)C(=O)N)s1,2.39,2.3701585133964422,-0.01984148660355789
1293,train,Nc1nc(ns1)c2ccccc2,2.2,2.2351581098231996,0.035158109823199446
3290,train,OC(=O)CCn1c2ccccc2c3ccccc13,0.6,0.6420161223860248,0.04201612238602481
2669,train,CCN(CC)CCOc1ccc(cc1)\C(=C(\Cl)/c2ccccc2)\c3ccccc3,4.09,4.157549756392416,0.0675497563924159
1859,train,CCCNC(=O)c1nnc2c(cccc2c1N)c3cc(C)ccc3OC,3.99,3.860058621394758,-0.12994137860524235
714,train,COc1cc2nnc(C(=O)N)c(Nc3ccc(C)cc3F)c2cc1N4CCN(C)CC4,2.36,2.5250326328992325,0.16503263289923265
2003,train,COc1ccc(cc1)C(=O)Nc2cc(NC(=O)c3cccc(c3)N(C)C)ccc2C,3.17,3.0443681052757388,-0.12563189472426117
423,train,COc1ccc2N=CC(=O)N(CCN3CCC(CC3)NCc4cc5OCCOc5cn4)c2n1,0.83,0.7151404854120818,-0.11485951458791821
2950,train,CCOC(=O)c1ccccc1c2csc(NS(=O)(=O)c3ccc(Cl)cc3)n2,2.43,2.3540313626587985,-0.07596863734120163
335,train,NS(=O)(=O)c1cc2c(NC(Cc3ccccc3)NS2(=O)=O)cc1C(F)(F)F,1.78,1.1858902456706595,-0.5941097543293405
3276,train,CC[C@@H](N1CCC[C@@H](C1)N2C=C(C)C(=O)NC2=O)c3ccc(C(=O)O)c(Oc4cccc(Cl)c4)c3,0.22,0.25513402332964863,0.03513402332964863
3183,train,CCN(CC)C(=O)c1ccc(cc1)C2=CC3(CCNCC3)Oc4cccc(O)c24,0.54,0.5056428999431473,-0.034357100056852774
2857,train,CN(C)CCOc1ccc(cc1)c2cc(C(=O)N)c(NC(=O)N)s2,1.16,0.996884502728953,-0.1631154972710469
1090,train,CSc1ccc(OCc2ccccc2)c(c1)C(=O)Nc3ccc(cn3)C(=O)O,1.6,1.2929049664106267,-0.3070950335893734
284,train,COc1ccccc1c2nnc(N)[nH]2,0.91,1.1048271906853608,0.1948271906853608
1852,train,Cc1c(OCC(F)(F)F)ccnc1C[S+]([O-])c2nc3ccccc3[nH]2,2.7,2.4546662728403064,-0.24533372715969382
392,train,OC(=O)c1ccccc1Cn2nnc(n2)c3cccc(OCc4ccc5ccccc5n4)c3,2.1,1.849310205714763,-0.2506897942852371
2742,train,Nc1ccccc1NC(=O)c2ccccn2,1.0,0.9234546035493578,-0.07654539645064218
2162,train,Oc1ccc(CCNCCCS(=O)(=O)NCCSCCc2ccccc2)c3sc(O)nc13,1.77,1.7680124630181173,-0.0019875369818826982
605,train,CCN(CC)CCOc1ccc(cc1OC)N(C)C(=O)c2ccc(cc2)c3ccc(cc3)C(F)(F)F,3.13,2.9168278251953645,-0.21317217480463535
3776,train,CCN(CC)CCCNCc1cc(Cl)c2cccnc2c1O,0.72,0.7124938953047029,-0.007506104695297111
1769,train,CC(C)CCCC(C)\N=C\1/C=CN(Cc2ccccc2)c3cc(Cl)ccc13,1.58,1.478696037671952,-0.10130396232804806
4087,train,Fc1ccc(CC2=NNC(=O)c3ccccc23)cc1C(=O)N4CCN(CC4)C(=O)C5CCOC5,0.8,0.8754394172936599,0.07543941729365988
673,train,CN[C@@H](C)C(=O)N[C@H](C(=O)N[C@H]1CCCN(CCc2ccccc2)C1)C(C)(C)C,1.46,1.1141001051089598,-0.3458998948910401
2959,train,CN[C@@H](C)C(=O)N[C@H](C(=O)N[C@H]1CCCN(CCc2ccc(C)cc2)C1)C(C)(C)C,2.05,2.0154326027646374,-0.034567397235362396
384,train,Cc1ccc(cc1)S(=O)(=O)Nc2c(cnn2c3ccccc3)C(=O)NCc4ccccc4,1.9,1.3520640267124728,-0.5479359732875271
756,train,[O-][N+](=O)c1ccc2c(c1)nc3CCCCCn23,2.58,2.757666781840423,0.17766678184042295
1362,train,CC1=C(N2[C@H](SC1)[C@H](NC(=O)[C@H](N)c3ccc(O)cc3)C2=O)C(=O)O,-0.86,-1.0198477845999454,-0.15984778459994542
820,train,CCN(CC)C(=O)N[C@H]1C[C@H]2[C@@H](Cc3c[nH]c4cccc2c34)N(C)C1,2.73,2.6557092236229622,-0.07429077637703774
2400,train,ONC(=O)C1COC(=N1)c2ccc(F)c(c2)C(F)(F)F,1.53,1.569331001166159,0.03933100116615895
446,train,CNC(=O)[C@H]1CCCN1Cc2cc3c(Nc4cccc(Cl)c4F)ncnc3cc2OC,3.65,3.484467125629088,-0.1655328743709119
1049,train,Clc1ccc(cc1)S(=O)(=O)Nc2nnc(s2)c3ccccc3,1.14,1.1899427334294725,0.04994273342947264
3341,train,NC(=O)Nc1sc(cc1C(=O)N[C@H]2CCCNC2)c3ccccc3,1.27,1.5351998090724008,0.2651998090724008
2295,train,C[C@H](CO)Nc1nc(SCc2cccc(F)c2F)nc3nc(N)cnc13,2.89,2.7199459353423174,-0.1700540646576827
1636,train,C[C@@H](NC(=O)C1(N)CCN(CC1)c2ncnc3[nH]ccc23)c4ccc(Cl)cc4,3.3,2.7788369505739356,-0.5211630494260642
2311,train,CCS(=O)(=O)c1ccc(c(C)c1)c2cc(ccc2OCC(=O)O)C(F)(F)F,-0.45,-0.5954170895451996,-0.14541708954519955
2565,train,CCC(NC(=O)c1ccc(C)cc1)C2=Nc3ccsc3C(=O)N2Cc4ccccc4,4.14,4.300258145169906,0.1602581451699061
3523,train,C[C@H](CO)Nc1nc(SCc2cccc(F)c2F)nc3nc(C)cnc13,3.55,3.342557300520657,-0.2074426994793428
1266,train,C[C@@H]1CN(CCN1C(=O)[C@@H]2CCCC[C@H]2C(=O)NC3(CC3)C#N)c4ccc5c(C)nn(C)c5c4,2.7,2.5485800166889927,-0.15141998331100748
2183,train,C1CN(CCO1)c2cc(Nc3nccc(Nc4cccc5[nH]ncc45)n3)cc(c2)N6CCOCC6,3.05,3.18160171752698,0.13160171752698036
3769,train,CCC[C@@H](CN1CCCC1)N(C)C(=O)Cc2ccc(Cl)c(Cl)c2,2.27,2.1477787598539475,-0.12222124014605251
697,train,COc1cc2c(NC(=O)Nc3c(Cl)cccc3Cl)ncnc2cc1OCC4CCN(C)CC4,2.7,2.4819419166118313,-0.2180580833881689
615,train,CC(C)N1CCC[C@H](CN2C(=Nc3ccc(cc3C2=O)c4ccc(Cl)cc4)C)C1,3.3,3.4486292445270945,0.1486292445270947
1002,train,CN1CCNc2nc(CCOc3ccc(C[C@H](NC(=O)c4c(Cl)cccc4Cl)C(=O)O)cc3)ccc12,0.07,-0.030284479605964254,-0.10028447960596426
1298,train,CNC1=Nc2ncccc2C(=NC1c3ccns3)c4occc4,1.44,1.0312837039475091,-0.4087162960524908
1003,train,C(Sc1nc2cccnc2[nH]1)c3ccccc3,3.22,2.888995997788111,-0.3310040022118894
3501,train,COc1cc(Cc2cnc(N)nc2N)cc(OC)c1OC,0.63,0.7168684541147752,0.08686845411477517
2598,train,CC(N1C(=O)c2ccccc2C1=O)C(=O)N3CCc4ccccc4C3,2.47,2.4136273037147746,-0.056372696285225565
2996,train,CCN1C=C(C(=O)O)C(=O)c2cc(F)c(cc12)N3CCNCC3,-0.87,-0.873934645080706,-0.003934645080705956
2155,train,Fc1ccc(cc1)C(=O)N2CCC[C@@H](C2)c3onc(n3)c4ccc(F)cc4,3.73,3.6257622838874592,-0.10423771611254073
3612,train,NC(=O)c1cccc(O[C@@H]2C[C@H]3CC[C@@H](C2)N3Cc4ccccc4)c1,1.76,1.763723813785334,0.0037238137853339293
244,train,COc1cc(O)cc2OC=C(C(=O)c12)c3ccc(O)cc3,2.0,2.2217498713977486,0.2217498713977486
2099,train,COc1cc(OC)c2nc(C)c3CCN(c4ccc(O)cc4)c3c2c1,1.5,1.6173439947506374,0.11734399475063739
4199,train,CN1C(=O)C=C(CCc2ccc3ccccc3c2)N=C1N,2.7,2.42070709760099,-0.27929290239901006
3332,train,COc1ccc(OC)c(c1)c2c(F)ccc3c(N)c(nnc23)C(=O)NC(C)C,3.77,3.375073104997943,-0.3949268950020568
406,train,C[C@@H](O)[C@H](NC(=O)c1ccc(cc1)C#Cc2ccc(CN3CCOCC3)cc2)C(=O)NO,2.03,1.9325552740996281,-0.09744472590037168
2568,train,c1ccc2ncccc2c1,2.09,2.221539123342667,0.13153912334266726
733,train,CC(C)C(CCCN(C)CCc1ccccc1)(C#N)c2ccccc2,3.6,3.0339401923009053,-0.5660598076990948
809,train,CNC(=O)c1ccccc1Sc2ccc3c(\C=C\c4ccccn4)n[nH]c3c2,3.8,3.607781517197158,-0.1922184828028417
1376,train,COc1ccc(cc1)C(=O)CS(=O)(=O)c2ccccc2,1.96,1.644723305141786,-0.31527669485821397
3388,train,Clc1ccc(cc1)C(N2CCNCC2)c3ccccc3,1.94,1.9015771252468108,-0.03842287475318917
2572,train,COc1cc2ncnc(Nc3cc(Cl)ccc3F)c2cc1OCCCN4CCOCC4,3.4,3.334539816179232,-0.06546018382076779
3757,train,Nc1nc2ccc(OC(F)(F)F)cc2s1,3.34,3.3788308402321663,0.03883084023216643
2377,train,NC(=O)c1cnc(c2ccc(cc2)C3(N)CCC3)c(c1)c4ccccc4,1.3,1.189915055448505,-0.11008494455149509
3499,train,CC(C)C[C@H](CO)Nc1nc(SCc2cccc(c2)C#N)nc3nc(N)sc13,3.9,3.7502614368226617,-0.14973856317733825
2893,train,CCN1C(=O)N(CC2CC2)c3nn(Cc4ccnc5ccc(Cl)cc45)c(c3C1=O)c6cc(cn6C)C#N,4.13,3.868250297289129,-0.26174970271087084
3860,train,COC(=O)c1c(C)[nH]c(C)c1C(=O)c2ccccc2Cl,2.7,2.652155802211882,-0.047844197788118326
1975,train,FC(F)(F)c1cccc(c1)S(=O)(=O)NCC(N2CCCCCC2)c3ccccc3,3.12,3.1939131710248025,0.07391317102480244
3260,train,COCCC(Oc1ncnc2c1cnn2c3ccccc3C(F)(F)F)C(=O)Nc4ccc(C)cn4,3.5,3.6957289127939825,0.19572891279398252
4063,train,Cn1cc(cc1c2c3C(=O)N(CC#C)C(=O)N(CC4CC4)c3nn2Cc5ccnc6ccc(Cl)cc56)C#N,3.96,3.690896265426182,-0.2691037345738181
1778,train,Nc1ncnc2nc(cc(c3cccc(Br)c3)c12)c4ccc(nc4)N5CCOCC5,3.2,3.582906992192717,0.3829069921927166
3982,train,Cc1sc(N)nc1c2ccccc2,2.75,3.0463457509340177,0.2963457509340177
2187,train,OC(=O)COc1ccc(Cl)cc1CN2CCN(CC2)S(=O)(=O)c3ccccc3,0.49,0.5095087590302931,0.019508759030293144
633,train,Fc1cc(Cl)ccc1N2CCN(CC2)C(=O)COCc3ccncc3,2.55,2.626610104141691,0.07661010414169134
2477,train,CCN(CC)CCN1C(=O)[C@@](O)(c2ccccc2Cl)c3c1cc(cc3C(F)(F)F)C(=O)N,2.4,2.4265720437953076,0.026572043795307643
2152,train,Nc1cc(cc(c1)C(F)(F)F)C(=O)Nc2cccc(c2)c3nnn[nH]3,0.2,0.35367266793444485,0.15367266793444484
2966,train,Cc1ncsc1CCOCCCS(=O)(=O)CCNCCc2ccc(O)c3nc(O)sc23,1.44,1.5586851151048484,0.11868511510484847
3012,train,C=CCCCCCCCCC(=O)N[C@H]1CCC(=O)NC1=O,2.64,2.3950214100543343,-0.2449785899456658
1185,train,CC(C)n1c(C)ncc1c2ccnc(Nc3ccc(C(=O)NCCN(C)C)c(F)c3)n2,1.96,1.962161188196045,0.0021611881960450496
3780,train,CC(C)[C@H](NC(=O)N(C)Cc1csc(n1)C(C)C)C(=O)N[C@H](C[C@H](O)[C@H](Cc2ccccc2)NC(=O)OCc3cncs3)Cc4ccccc4,4.3,4.244465949498333,-0.0555340505016666
3709,train,CC(C)COc1ccc(cc1C#N)c2nc(C)c(s2)C(=O)O,0.94,0.9638769647716194,0.02387696477161949
3156,train,CCCCC(O)c1[nH]c2cc(C)c(cc2c1CCc3ccccc3)C(=O)O,2.59,2.563536263022703,-0.026463736977296648
3151,train,CNc1c(cnc2[nH]c(nc12)c3ccc(OCCN4CCOCC4)cc3)C(=O)N,2.14,2.343519013869299,0.20351901386929905
890,train,Oc1ccc2C[C@H]3N(CC4CC4)CC[C@@]56[C@@H](Oc1c25)c7[nH]c8ccccc8c7C[C@@]36O,2.7,2.8662469979402605,0.16624699794026032
2827,train,Oc1ccc(cc1)C2=CC(=O)c3cc(O)ccc3O2,3.3,3.532050391599972,0.2320503915999721
4037,train,CN1CCOc2cc(OC(=O)c3ccccc3)cnc12,3.3,3.5543505049201296,0.2543505049201298
1120,train,CC(=O)Nc1ccc2c(c1)c(cn2CCO)c3cc(NC4CC4)n5ncc(C#N)c5n3,2.71,2.38281480937532,-0.3271851906246801
2831,train,O=C1C=COc2ccccc12,1.4,1.3426036928177505,-0.05739630718224942
2318,train,COc1ccc2nccc([C@H](O)[C@H]3C[C@@H]4CCN3C[C@@H]4C=C)c2c1,2.21,2.1456427206591315,-0.06435727934086843
996,train,Oc1cccc2ccccc12,2.5,2.7103768305769353,0.21037683057693535
861,train,CC1=CC2=NNC(=O)N2c3cc(ccc13)c4occc4,2.07,2.434632842379675,0.3646328423796752
1173,train,Cc1ccc(s1)C(NC(=O)c2ccccc2O)C(=O)Nc3c(C)cccc3C,4.05,4.0806075573734635,0.030607557373463656
2960,train,CC(C)[C@@H](CN1CCCCC1)N(C)C(=O)Cc2ccc(Cl)c(Cl)c2,2.87,2.8512029728669104,-0.018797027133089728
3900,train,CC(O)(C(=O)Nc1ccc(cc1)S(=O)(=O)c2ccccc2)C(F)(F)F,2.98,2.863344332590787,-0.11665566740921296
1589,train,Cc1ccc(cc1)n2nc(cc2NC(=O)Nc3ccc(OCCN4CCOCC4)c5ccccc35)C(C)(C)C,4.49,4.285748844310678,-0.20425115568932206
3864,train,COc1cc(Nc2cc(Oc3cccnc3)ccn2)cc(OC)c1OC,2.66,2.4379095558719395,-0.22209044412806067
729,train,Cc1ccc(NC(=O)c2cccc(c2)N3CCOCC3)cc1NC(=O)c4ccc(OCc5ccccn5)cc4,3.2,2.883127906368683,-0.31687209363131696
2132,train,COc1cc2c(Nc3ccc(Br)cc3F)ncnc2cc1OC[C@@H]4CCCN(C)C4,3.05,2.8200428862210187,-0.2299571137789811
2236,train,C[C@H](CO)Nc1nc(SCc2csc(C)n2)nc3nc(N)sc13,1.73,1.6920354706809073,-0.037964529319092666
4133,train,Fc1cc(ccc1C2=CCS(=O)(=O)CC2)N3C[C@H](Cn4nncc4F)OC3=O,3.54,3.781909806187338,0.24190980618733793
3630,train,CNC1=CN=C(N(CC(=O)NC(C(C)C)C(=O)C(F)(F)F)C1=O)c2ccc(F)cc2,1.86,1.956243258438161,0.09624325843816095
3531,train,CC(C)[C@H](NC(=O)C[C@H](NC(=O)\C=C\c1ccccc1)c2ccccc2)C(=O)[C@H]3[C@H](C)C(=O)NC3=O,1.91,1.8323946818374162,-0.07760531816258376
637,train,Cc1nnc(N)s1,-0.4,-0.5021062044728737,-0.10210620447287366
1207,train,CC(=O)Nc1ccc2ccn(c3cc(NCCN4CCCC4)n5ncc(C#N)c5n3)c2c1,2.24,2.1497786018151457,-0.09022139818485453
3812,train,CCCNC(=O)c1nnc2c(c(F)ccc2c1N)c3ccc(OC)cc3OC,3.52,3.45216699373077,-0.06783300626922983
3467,train,CN(C)C(=O)Nc1ccc(CN2NC(=O)C3=C(C2=O)C(=O)c4ccc(Cl)cc4N3)cc1,1.1,1.406422431079065,0.30642243107906486
3765,train,COc1ccc2nccc(C(O)C3CC4(CCN3CC4)C=C)c2c1,2.08,1.976770848695353,-0.10322915130464705
1068,train,CN1CCN(CC1)C(=O)c2ccc(cc2)C(=C3CCN(Cc4cscn4)CC3)c5cccc6cccnc56,1.98,1.8960740776400022,-0.08392592235999774
1414,train,Oc1ccc(cc1)C2=Cc3ccc(O)cc3OC2,3.8,4.035884397363136,0.2358843973631366
2985,train,Clc1ccc2[nH]ccc2c1,3.28,3.2163926520398025,-0.06360734796019729
860,train,CN1C(=O)C=C(CCc2cccc(c2)c3ccccc3)N=C1N,3.8,3.336197331839463,-0.46380266816053695
2204,train,Cc1cc(NC(=O)Nc2ccc(Cl)cc2)n(n1)c3ccccc3,4.15,4.164218352534114,0.01421835253411352
1259,train,C[C@@H]1CN(CCN1c2ncc(OCc3ccc(cc3)C#N)cn2)C(=O)OC(C)(C)C,2.89,2.997729197637297,0.10772919763729671
770,train,CN(c1cccc(c1)C(=O)Nc2ccc(C)c(NC(=O)c3ccc4ncccc4c3)c2)S(=O)(=O)C,2.8,2.914335872327106,0.11433587232710618
3360,train,COCCCOc1ccnc(C[S+]([O-])c2nc3ccccc3[nH]2)c1C,-0.69,-0.5712229396365429,0.11877706036345703
564,train,CC(C)CN1C(=O)N(C)C(=O)c2c1sc(Cc3ccccc3C(F)(F)F)c2C(=O)N4CC(C)(O)C4,3.18,3.1625761609732974,-0.017423839026702748
2984,train,OS(=N)(=O)Cc1noc2ccccc12,0.55,0.3773594121556487,-0.17264058784435132
761,train,Oc1ccc(cc1)c2nc3ccc(O)cc3s2,3.65,3.7439379168073135,0.09393791680731356
606,train,C[C@H](NC(=O)c1c(C)nn(c1NS(=O)(=O)c2ccc(C)cc2)C(C)(C)C)C(C)(C)C,1.84,1.3472159947007056,-0.49278400529929445
343,train,OC(=O)C[C@H]1[C@@H](Cc2ccccc12)NC(=O)c3cc4sc(Cl)c(Cl)c4[nH]3,2.53,2.5225213773351562,-0.007478622664843559
3269,train,Oc1c2C(=O)N(NC(=O)c2nc3cc(Cl)ccc13)C(c4ccccc4)c5ccncc5,1.1,1.2958883651954942,0.19588836519549413
3071,train,Cc1cc(Oc2ccnc(Nc3ccc(cc3)S(=O)(=O)N)c2)c(nc1C)c4ccccn4,2.34,2.302759205938169,-0.03724079406183067
79,train,CC1COc2c(N3CCN(C)CC3)c(F)cc4C(=O)C(=CN1c24)C(=O)O,-0.45,-0.6007559923466985,-0.1507559923466985
2145,train,C[C@H]1O[C@H]([C@H](O)[C@H]1Cl)n2cnc3c(N)nc(OCC4CC45CC5)nc23,3.68,3.2972214866043412,-0.38277851339565894
18,train,COc1cc(ccc1N2CC[C@@H](O)C2)N3N=Nc4cc(sc4C3=O)c5ccc(Cl)cc5,3.15,3.121575006439945,-0.0284249935600549
3639,train,CN1C(=O)N(C)c2ncn(C)c2C1=O,-0.03,0.06385947674805603,0.09385947674805603
2725,train,CC[C@H](NC(=O)c1c(CS(=O)(=O)C)c(nc2ccccc12)c3ccccc3)c4ccccc4,3.25,3.4570045296770275,0.20700452967702754
3986,train,Nc1ccccc1[N+](=O)[O-],-0.96,-1.1166189205292372,-0.1566189205292372
2802,train,CN(C(CN1CCCC1)c2ccccc2)C(=O)Cc3ccc(Cl)c(Cl)c3,3.38,3.2082530251278216,-0.17174697487217827
793,train,CCCCOc1nc(N)c2NC(=O)N(Cc3cccc(CC(=O)OC)c3)c2n1,3.76,3.51091131566326,-0.2490886843367397
415,train,Fc1cc(C(=O)Nc2cccc(c2)c3nnn[nH]3)c4nc[nH]c4c1,0.29,0.43668547492447596,0.14668547492447598
658,train,CS(=O)(=O)N1CCc2c1nc(nc2c3cnc(N)nc3)N4CCOCC4,1.2,1.5973295434769554,0.3973295434769555
383,train,CC(C)(C)NCC(O)COc1nsnc1N2CCOCC2,-0.35,-0.7012341085632965,-0.3512341085632965
2205,train,[O-][N+](=O)c1cccc(c1)c2ccc(OCC(CCc3ccc(cc3)C(=O)N4CCCC4)N5C(=O)CCCC5=O)cc2,2.31,2.278280116607266,-0.031719883392733905
1183,train,NC(=O)c1cnc2[nH]c(nc2c1NCCCNC(=O)C3CCC3)c4ccc(OCCN5CCCCC5)cc4,2.48,2.175817452086567,-0.3041825479134328
263,train,[O-][N+](=O)c1cccc(c1)C(=O)Nc2nc3ccccc3n2CCN4CCOCC4,3.3,3.5076323735543466,0.20763237355434683
2629,train,Cc1ncc(c2ccnc(Nc3ccc(cc3)S(=O)(=O)N)n2)n1C,1.6,1.5253087770374791,-0.07469122296252095
3519,train,Cc1cc(Oc2ccnc(Nc3cccc(c3)N4CCOCC4)c2)c(nc1C)c5ccccn5,3.27,3.4166340736554375,0.14663407365543746
42,train,NC(=NC#N)c1sc(Nc2ccccc2)nc1N,2.91,2.8821203559706032,-0.02787964402939691
1723,train,NS(=O)(=O)c1cc(ccc1Cl)C2(O)NC(=O)c3ccccc23,0.97,0.8362156204835847,-0.1337843795164153
3715,train,CC(C)n1nc(c2ccc(C)cc2)c3c(N)ncnc13,3.2,3.218561814948205,0.01856181494820497
3238,train,CCNC(=O)c1cc2c(c(cnc2[nH]1)c3cncc(c3)C4=NNC(=O)O4)n5ccc(n5)C(F)(F)F,1.65,1.6023071947086827,-0.04769280529131725
1728,train,CNc1cccc(CCCc2ccc(C[C@H](NC(=O)c3c(Cl)cccc3Cl)C(=O)O)s2)n1,0.78,0.6488208798159112,-0.13117912018408884
1644,train,CCOC(=O)c1ccc(OCC2CCN(C2)c3ccc(C)nn3)cc1,3.44,3.3865107969875057,-0.05348920301249427
3253,train,Nc1ncnc2OCCN(C(=O)c12)c3ccc(cc3)[C@@H]4CC[C@@H](CC(=O)O)CC4,-0.5,-0.5782737075881723,-0.07827370758817231
3585,train,CN(C)C(=O)N1CCC(CC1)C(=O)NCc2cccs2,1.1,1.0286965675810658,-0.07130343241893433
2390,train,COc1ccc2N=CC(=O)N(CCN3CC[C@@H](NCc4cc5OCCOc5cn4)[C@H](O)C3)c2c1,0.9,0.6939026314342025,-0.20609736856579752
568,train,CN(C)S(=O)(=O)c1ccc2Sc3ccccc3\C(=C\CCN4CCN(C)CC4)\c2c1,3.16,3.2343363230465205,0.07433632304652038
3992,train,CC1=CN([C@H]2CCCN(C2)[C@H](CC3CCCCC3)c4ccc(C(=O)O)c(Oc5cccc(Cl)c5)c4)C(=O)NC1=O,1.83,1.848172676642425,0.018172676642424834
2277,train,NC(=O)c1cccc(N[C@H]2C[C@H]3CC[C@@H](C2)N3Cc4ccccc4)c1,1.01,0.7927752809729609,-0.2172247190270391
3798,train,CCCSc1nc(Oc2ccc(CC(=O)O)cc2)ccc1C(=O)NC3CCCCC3,1.79,1.7471998794205335,-0.04280012057946658
732,train,CC(=O)CC(C1=C(O)c2ccccc2OC1=O)c3ccccc3,0.86,0.7949056947080091,-0.0650943052919909
4028,train,CC(C)Cc1ccc(cc1)[C@H](C)C(=O)NS(=O)(=O)C,0.56,0.42038149064479335,-0.1396185093552067
3654,train,CN(c1ccnc(Nc2cc(cc(c2)N3CCOCC3)N4CCOCC4)n1)c5cccc6[nH]ncc56,3.23,3.403559426791506,0.17355942679150616
3813,train,CC(C)OC(=O)N1CCC(CC1)Oc2ncnc3N(CCc23)c4ccc(cc4F)S(=O)(=O)C,3.4,3.527572309951995,0.12757230995199498
1426,train,CCCC(=O)Nc1ccc(Cl)c(c1)c2oc3cccnc3n2,3.37,3.3032275365834485,-0.06677246341655163
618,train,Nc1ncc2cc(c(N)nc2n1)c3c(Br)cccc3Br,2.06,2.0845673915204377,0.02456739152043763
2591,train,CC(C)(C)OC(=O)N1CCN(CC1)c2cnc(OCc3ccc(cc3)S(=O)(=O)C)cn2,3.4,3.26218173782625,-0.13781826217375004
3990,train,Clc1ccc(CNc2nc(nc3ncccc23)N4CCN(CC4)C(=O)[C@H]5CCCCN5)c(Cl)c1,2.27,2.209399758590146,-0.06060024140985387
2291,train,CCCS(=O)(=O)N1N=Cc2cc(Cl)ccc2B1O,-0.4,-0.2837121251214998,0.11628787487850023
1483,train,CC(C)C(NC(=O)CN1C(=O)C(=CN=C1c2ccc(F)cc2)NC(=O)OCc3ccccc3)C(=O)C(F)(F)F,2.47,2.2195946013979744,-0.2504053986020258
691,train,C[C@H](CO)Nc1nc(SCc2cccc(F)c2F)nc3nc(NC4CC4)sc13,4.37,4.546745447094244,0.17674544709424378
2935,train,COCc1c(nc(C(C)C)c(\C=C\[C@@H](O)C[C@@H](O)CC(=O)O)c1c2ccc(F)cc2)C(C)C,1.72,1.488219563632312,-0.23178043636768808
2552,train,CCN(CCO)CCCOc1cc2ncnc(Nc3cc(CC(=O)Nc4cccc(F)c4)[nH]n3)c2cc1OC,2.12,2.4644145296279514,0.34441452962795127
3045,train,CN(CCOc1ccc(NS(=O)(=O)C)cc1)CCc2ccc(NS(=O)(=O)C)cc2,0.6,0.8512745988557433,0.2512745988557433
2356,train,CC1=CC(=O)Nc2ccccc12,1.9,1.805511669995903,-0.09448833000409684
1417,train,Oc1ccc(CCNCCCS(=O)(=O)NCCOCCc2ccc(F)cc2)c3sc(O)nc13,1.57,1.8201076712318764,0.2501076712318764
1572,train,CCC(=O)O[C@H]1CC[C@H]2[C@@H]3CCC4=CC(=O)CC[C@]4(C)[C@H]3CC[C@]12C,3.3,3.026843126635657,-0.2731568733643428
4044,train,Nc1cccc2c3ccccc3C(=O)C(=O)c12,2.95,2.8496337391823374,-0.10036626081766276
681,train,COc1cc2ncnc(N3CC[C@H](C3)Oc4cnc5ccccc5n4)c2cc1OC,4.04,3.925331496074336,-0.11466850392566386
3688,train,COC[C@H](O)CN1C(=O)C=NN(C1=O)c2ccc(Cl)c(c2)C(=O)NCC3(O)CCCCCC3,1.46,1.1661092599637106,-0.29389074003628934
626,train,CC(C)(C(=O)O)c1ccc(cc1)C(O)CCCN2CCC(CC2)C(O)(c3ccccc3)c4ccccc4,0.42,0.42753578143432747,0.007535781434327482
2807,train,COc1cc(Nc2ncnc(Nc3c(Cl)ccc4OCOc34)n2)cc(OC)c1OC,3.01,2.766950120438672,-0.24304987956132784
2348,train,CC(C)N(c1ccnc(Nc2cc(cc(c2)N3CCOCC3)N4CCOCC4)n1)c5cc(CO)ccc5C,3.9,3.895569255303597,-0.004430744696402922
1796,train,CC(C)OC(=O)N1CCC(CC1)Oc2ncnc(Oc3cccnc3C)c2C,3.8,3.5874651602583505,-0.21253483974164933
3123,train,CN(C)CCCN1c2ccccc2CCc3ccc(Cl)cc13,3.36,3.6469544152785973,0.28695441527859744
4144,train,CCCCOc1nc(N)c2NC(=O)N(Cc3cccc(CC(=O)O)c3)c2n1,0.14,0.1555190287740813,0.01551902877408129
1110,train,Cc1cc(O)ccc1N2C(=O)c3ccc(O)cc3C2=O,2.0,2.0131157760305007,0.013115776030500736
3856,train,CC(C)Nc1ccc2cnn(c3cncc(n3)n4ccc(CC(=O)O)c4)c2c1,1.24,0.994340572769163,-0.245659427230837
3489,train,CO[C@H]1CN(CCCOc2ccc(F)cc2)CC[C@H]1NC(=O)c3cc(Cl)c(N)cc3OC,3.56,3.3326409629031364,-0.22735903709686367
1984,train,Cc1c(Sc2ccc(Cl)cc2)c3cc(ccc3n1CC(=O)O)c4ccccc4,3.7,3.557280776359711,-0.142719223640289
1440,train,Nc1ncccc1NCc2cccc(c2)c3cccnc3,3.0,2.855261068112777,-0.1447389318872232
1179,train,CC(=O)NC[C@H]1CN(C(=O)O1)c2ccc(N3Cc4cccnc4C3)c(F)c2,2.88,2.7305116990405414,-0.14948830095945853
137,train,COc1cc(OC2CCN(CC2)C(=O)C)ccc1Nc3ncc(Cl)c(n3)c4cnc5ccccn45,4.0,3.8985223880365494,-0.10147761196345062
3483,train,CC1=CC(=O)Nc2sc(C(=O)c3ccc(Br)cc3)c(N)c12,2.57,2.4967043991060534,-0.07329560089394649
654,train,COCCC(=O)Nc1ccc(Nc2ncc3cc(ccc3n2)c4ccncc4)cc1,2.78,2.5437729265218,-0.23622707347819993
3722,train,Cc1cc(C)nc(N)c1,0.85,0.5820858888326479,-0.2679141111673521
3643,train,COc1ccccc1N2CCN(CCN(C(=O)C3CCCCC3)c4ccccn4)CC2,3.0,2.7741993790538118,-0.22580062094618825
465,train,CC(C)c1ccccc1Nc2nc(SCc3cccs3)n[nH]2,4.21,4.253560718371705,0.04356071837170461
2645,train,Nc1c2C(=O)N(Cc2nc3c(cccc13)c4ncccn4)C5CCC5,1.85,1.8150255625810692,-0.034974437418930915
65,train,COc1cc2ncc(C(=O)N)c(Nc3ccc(F)cc3F)c2cc1NCCN(C)C,1.91,1.7760268919980067,-0.13397310800199325
395,train,COc1cc2ncc(C(=O)N)c(Nc3ccc(F)cc3)c2cc1OC,2.82,2.924640564368489,0.10464056436848912
2601,train,CCN(CC)CCNC(=O)c1c(C)[nH]c(\C=C\2/C(=O)Nc3ccc(Cl)cc23)c1C,2.75,2.642516891421774,-0.10748310857822618
2785,train,COc1cc(OC)c(cc1NC(=O)CCC(=O)O)S(=O)(=O)N(c2ccccc2)c3ccccc3,-0.8,-0.8099115211053891,-0.009911521105389065
1462,train,CC(C)n1c(C)ncc1c2nc(Nc3ccc(cc3)N4CCOCC4)ncc2F,3.01,3.1611423696683167,0.15114236966831696
2715,train,CCOc1cc(Nc2nc3c(cc2F)ncn3[C@@H](CO)c4ccc(F)cn4)n[nH]1,2.55,2.3658492674323672,-0.1841507325676326
1756,train,O=C(CC12CC3CC(CC(C3)C1)C2)Nc4cccc5ncccc45,3.83,3.79338732571315,-0.03661267428685022
815,train,CN(C)CC(O)COc1ccc(Nc2nccc(Nc3ccc(Cl)cc3)n2)cc1,2.6,2.3703522053450703,-0.2296477946549298
207,train,OC(=O)C1CCN(CC1)c2ncccc2c3ccc(Cl)c(c3)C(=O)NCC4CCCCCC4,2.53,2.786443830270435,0.25644383027043505
59,train,O=C1NC(=NC(=C1C#N)c2ccccc2)SCCc3ccccc3,1.71,2.054972728343557,0.34497272834355686
1581,train,Cc1ccc(C)c(OCCCC(C)(C)C(=O)O)c1,0.72,0.32974983413013037,-0.3902501658698696
4032,train,COc1cc(F)ccc1c2cncc(CNCC3CC3)n2,1.8,1.6086879039028876,-0.19131209609711242
2912,train,CC(CCc1ccccc1)NCC(O)c2ccc(O)c(c2)C(=O)N,1.06,1.0749870202227547,0.014987020222754666
3212,train,CC(C)n1c(C)ncc1c2nc(Nc3ccc(cc3)C(=O)N4CCCN(C)CC4)ncc2F,2.02,1.6786640942937452,-0.3413359057062548
3040,train,CN1C(=O)CC(C1=O)c2ccccc2,0.68,0.6947414539846697,0.014741453984669639
2662,train,CCCSc1ncccc1C(=O)N(C)C2CCCCC2,3.36,3.1535894440619896,-0.20641055593801028
3453,train,Brc1cc(Br)cc(COC[C@@H](N2CCNCC2)c3ccccc3)c1,2.8,2.5788212662576204,-0.2211787337423794
647,train,COc1cc2c(Nc3ccc(F)cc3F)c(cnc2cc1N4CCN(C)CC4)C(=O)N,1.75,2.12994360809988,0.37994360809988015
303,train,O=C1Nc2ccccc2C(=O)C=C1,1.02,1.085083660116293,0.06508366011629296
115,train,COc1ccc(OC)c(CNC(=O)c2cccnc2Oc3ccccc3)c1,3.52,3.4967048191049033,-0.023295180895096745
1290,train,Oc1ccc(cc1)c2oc3ccc(O)cc3n2,3.4,3.3561882388566073,-0.04381176114339258
2739,train,Cc1c(cnn1c2ccc(cc2)C(=O)O)C(=O)NC3C4CC5CC(CC3C5)C4,0.8,0.7594715526738443,-0.04052844732615579
3460,train,CCN(CC)CCN1C(=O)CN=C(c2ccccc2F)c3cc(Cl)ccc13,2.38,2.4939626973913493,0.11396269739134945
2703,train,Cc1ccc(cc1)C(=O)c2ccc(CC(=O)O)n2C,-1.02,-1.0288953930693818,-0.008895393069381807
2779,train,CN(C)S(=O)(=O)c1ccc2OCC(=O)N(CCN3CCC(CC3)NCc4ccc5OCC(=O)Nc5n4)c2c1,0.15,0.14651484238387713,-0.0034851576161228637
2547,train,Oc1cccc(NC(=O)c2ccc(OCCCN3CCCC3)cc2OCc4ccccc4C#N)c1,2.34,2.4307698589269155,0.09076985892691569
925,train,CN(c1ccnc(Nc2cc(cc(c2)N3CCOCC3)N4CCCC4)n1)c5cc(CO)ccc5C,3.8,3.5792454469287134,-0.22075455307128644
2101,train,CN1CCN(CC1)c2ccc3N=CN(C(=O)c3c2)c4cc(ccc4C)C(=O)Nc5ccon5,1.87,2.004572571805126,0.13457257180512583
252,train,NC(=O)c1sc(cc1N)c2ccccc2,2.33,2.304784838745269,-0.02521516125473111
2055,train,CN1C=CNC1=S,-0.42,-0.5093194457673262,-0.08931944576732626
2780,train,O\N=C\1/C(=O)N(Cc2ccccc2[N+](=O)[O-])c3ccccc13,2.07,1.8297910105732518,-0.24020898942674807
712,train,CC1CC(CN)CC(CO)C1,-1.4,-1.5547965857674182,-0.15479658576741828
1370,train,CN1CCN(CC1)S(=O)(=O)c2ccc(cc2F)c3cnc(N)c(n3)C(=O)Nc4cccnc4,2.66,2.7506607300034993,0.09066073000349917
2498,train,CCSc1ccc(cc1)c2cc(ccc2OCC(=O)O)C(F)(F)F,1.54,1.4680471321945356,-0.0719528678054644
2909,train,CN(C)CCN(Cc1ccccc1)c2ccccn2,1.28,1.0696607702125551,-0.2103392297874449
3904,train,OCCCNc1ccc2c(NC(=O)CC3CCCCC3)c(Cl)ccc2n1,3.29,3.034658957115747,-0.2553410428842531
834,train,CC(=O)NCC(NC(=O)C1(N)CCN(CC1)c2ncnc3[nH]ccc23)c4ccc(Cl)cc4,2.4,2.20490370310396,-0.1950962968960397
3171,train,C1CC2(CCN1)OC(c3ccccc3)c4ccccc24,0.75,0.7854923055446423,0.03549230554464233
4073,train,Cc1cc(C)cc(c1)c2c(O)nc3cc(Cl)c(cc3c2OCCC4CCCCN4)C(=O)Nc5ccncn5,1.7,1.9137552391726864,0.21375523917268646
4178,train,OC(=O)[C@H](Cc1ccc(cc1)N2CCN(CC2)c3ccccc3)NC(=O)c4c(Cl)cccc4Cl,0.08,0.18095358357524383,0.10095358357524382
1394,train,COc1ccc2CCC(=O)N(CCN3CCC(CC3)NCc4ccc5OCC(=O)Nc5n4)c2c1,0.66,0.5030901992984791,-0.15690980070152094
101,train,C1Oc2ccccc2C3=NN(CC13)c4ccccc4,4.28,4.373188978001769,0.09318897800176895
3197,train,Cc1c(O[C@H]2C[C@H]3CC[C@@H](C2)N3Cc4ccccc4)cccc1C(=O)N,1.6,1.6624252790783407,0.06242527907834061
1583,train,CCN(C1CCN(CCC(c2ccccc2)c3ccccc3)CC1)C(=O)Cc4ccc(cc4)S(=O)(=O)N,2.4,2.240987020724114,-0.15901297927588587
846,train,Oc1c(C#N)c(nc2ccncc12)c3ccc(cc3)c4ccccc4C(F)(F)F,3.3,3.4700737128356254,0.17007371283562556
2422,train,O=C(NCC#N)[C@@H]1CCCC[C@H]1C(=O)N2CCCCC2,0.9,0.9126348853893989,0.012634885389398831
4092,train,CN(C)CC(O)COc1ccc(Nc2nccc(Nc3cc(C)ccc3F)n2)cc1,2.1,1.7329361936833203,-0.3670638063166798
4100,train,COc1ccc(Nc2cc(Nc3ccc(OCC(O)CN(C)C)cc3)ncn2)cc1,1.5,1.3729165456825956,-0.12708345431740442
3228,train,CNc1c(Br)cnc2[nH]c(nc12)c3ccc(OCCN4CCN(C)CC4)cc3,2.91,2.543122386132772,-0.3668776138672283
3190,train,COCCNC(=O)c1cccc(CN2NC(=O)C3=C(C2=O)C(=O)c4ccc(Cl)cc4N3)c1,1.2,1.3025923316401427,0.1025923316401427
188,train,CC(C)OC(=O)N1CCC(CC1)Oc2ncnc(Nc3ccc(nc3C)S(=O)(=O)C)c2C,2.8,3.124720519113337,0.3247205191133373
2689,train,COc1cc(ccc1Cn2cnc3ccc(NC(=O)CC4CCCC4)cc23)C(=O)NS(=O)(=O)c5ccccc5,0.9,1.116554315275899,0.21655431527589897
2168,train,Fc1ccc(cc1Cl)C(=O)Nc2ccc(Cl)nc2,3.64,3.5471688956039262,-0.0928311043960739
3464,train,COc1ccc(COC(=O)N2CCC(CNc3ncccn3)CC2)cc1,3.14,2.948160018559273,-0.19183998144072723
3450,train,CCN(CC)CCCC(C)Nc1c2ccc(Cl)cc2nc3ccc(OC)cc13,2.17,2.050622576480338,-0.11937742351966207
3439,train,CN1CCCC(CC1)N2N=C(Cc3ccc(Cl)cc3)c4ccccc4C2=O,2.46,2.4643941485692387,0.004394148569238698
916,train,CCN(CC)C(=O)c1ccc(C2=CC3(CCNCC3)Oc4ccccc24)c(O)c1,0.77,0.6924268558671824,-0.07757314413281757
2986,train,CN(C)C(=O)[C@H](Cc1ccccc1)NC(=O)c2cc3cc(F)ccc3[nH]2,3.5,3.3123793867993867,-0.1876206132006133
3927,train,CC(C)CN1C(=O)N(C)C(=O)c2c1nn(Cc3cccc4ccccc34)c2c5cncn5C,4.1,4.239759830043527,0.139759830043527
134,train,CC(C)NCC(O)COc1ccc(COCCOC(C)C)cc1,0.1,0.13269138032576766,0.032691380325767655
1170,train,CCCc1c(O)c(ccc1OCCCCSCC(=O)O)C(=O)C,1.3,1.2419784160114364,-0.05802158398856361
3430,train,C[C@H](Nc1nc(Nc2cc(C)[nH]n2)c(Cl)c(n1)N3CCOCC3)c4ncc(F)cn4,2.61,2.5326156088848957,-0.0773843911151042
876,train,CN[C@@H](C)C(=O)N[C@@H](C1CCCCC1)C(=O)N[C@H]2CCCN(CCc3ccccc3)C2,1.65,1.6569723573734274,0.006972357373427496
429,train,CS(=O)(=O)c1cccc(Nc2nccc(Nc3c(Cl)ccc4OCOc34)n2)c1,3.13,2.8214476336186984,-0.30855236638130146
2546,train,Fc1ncccc1OC[C@@H]2CCN2,-1.2,-1.571500570790227,-0.371500570790227
2814,train,OC1=CC(=O)C2=C(O1)c3ccccc3N(C2=O)c4ccccc4,0.96,1.0594115779148268,0.0994115779148268
2851,train,Cc1[nH]c(\C=C\2/C(=O)Nc3ccc(F)cc23)c(C)c1C(=O)NC[C@H](O)CN4CCOCC4,2.22,2.3030428513249426,0.08304285132494238
1860,train,CNC(=O)c1ccc(CN2CCC(CC2)c3ccc(cc3)C(=O)Nc4ccccc4N)cc1,1.99,1.6702642224698097,-0.31973577753019033
3706,train,CN([C@H](CN1CCCC1)c2ccccc2)C(=O)Cc3ccc(Cl)c(Cl)c3,3.42,3.3974942825257615,-0.022505717474238462
1964,train,CC(C)n1c(C)ncc1c2ccnc(Nc3ccc(cc3)N4CCN(CC4)C(=O)CN(C)C)n2,3.31,2.9371836502161237,-0.37281634978387634
2064,train,Oc1ccc(cc1)C2=Cc3cc(O)ccc3OC2=O,2.9,2.9539011507205477,0.0539011507205478
184,train,Clc1ccc(CC2CCNCC2)cc1C(=O)NCC34CC5CC(CC(C5)C3)C4,1.49,1.1767515514820386,-0.3132484485179614
4110,train,Nc1ccc(OCc2ccccc2)cc1,2.2,2.0566448198755825,-0.14335518012441772
2416,train,Cc1ccc(C[C@H](N2CCC(CN3CCC(CC3)Oc4ccc(Cl)c(Cl)c4)CC2)C(=O)O)cc1,3.01,3.146296979040196,0.13629697904019622
265,train,CC(C)C(NC(=O)CN1C(=O)C(=CC=C1c2cccnc2)NC(=O)OCc3ccccc3)C(=O)C(F)(F)F,3.05,2.258396506698158,-0.7916034933018419
114,train,CC(C)COc1cccc(c1)C(=O)Nc2ccc(C)c(c2)C(=O)Nc3cccnc3,2.81,2.7279016654352977,-0.08209833456470239
1001,train,C[C@H](N)C(=O)N[C@@H](CCc1ccccc1)\C=C\S(=O)(=O)c2ccccc2,1.66,1.9609791766542946,0.30097917665429463
3758,train,CN(C)Cc1ccccc1Sc2ccc(C)cc2N,2.6,2.7090995456734257,0.10909954567342561
2328,train,OC(=O)[C@H](Cc1ccc(cc1)C#CCCNc2ccccn2)NC(=O)c3c(Cl)cccc3Cl,0.27,0.23564642422095616,-0.034353575779043855
1797,train,Cc1ncc2CN=C(c3ccccc3F)c4cc(Cl)ccc4n12,3.4,3.396010742745899,-0.003989257254100931
3233,train,CCN(C1CCN(CC[C@H](N2CCN(CC2)S(=O)(=O)CC(F)(F)F)c3ccccc3)CC1)C(=O)Cc4ccc(cc4)S(=O)(=O)C,1.8,1.8933356829048424,0.0933356829048424
1016,train,OC(=O)[C@H](Cc1ccc(OCCNc2nc3ccccc3[nH]2)cc1)NC(=O)c4c(Cl)cccc4Cl,0.6,0.28983689153939185,-0.31016310846060813
1963,train,COCCOC(=O)C1=C(C)NC(=C(C1c2cccc(c2)[N+](=O)[O-])C(=O)OC(C)C)C,3.8,3.7437622155463135,-0.056237784453686324
3301,train,Cc1nnc(NS(=O)(=O)c2ccc(N)cc2)s1,-1.33,-1.5863563855929979,-0.2563563855929978
2243,train,COc1cc(CNc2nc3ccccc3[nH]2)cc(OC)c1OC,2.36,2.424403473986497,0.06440347398649715
1476,train,O[C@@]1(CN2CCC1CC2)C#Cc3ccc(Oc4ccc(cc4)C(=O)NCc5ccncn5)cc3,1.77,1.555826446961484,-0.21417355303851604
893,train,CC(C)CN1C(=O)N(C)C(=O)c2c1sc(Cc3c[nH]c4ncccc34)c2C(=O)N5C[C@H](O)CO5,2.04,1.9756944987445824,-0.06430550125541767
220,train,Nc1ccccc1NC(=O)c2ccc(cc2)C3CCN(Cc4ccc(cc4)C(=O)NC5CC5)CC3,2.31,1.9640505339059513,-0.34594946609404875
3739,train,[O-][N+](=O)c1cccc(c1)c2ccc(OCC(CCc3ccncc3)N4C(=O)CCC4=O)cc2,3.88,3.787893282436513,-0.0921067175634871
3876,train,COc1cc(F)ccc1c2cncc(CNC(=O)c3cnccn3)c2,2.5,2.2137604694233772,-0.28623953057662277
2762,train,CN[C@H]1CCN(C1)C(=O)c2ccc(Nc3nccc(n3)c4cnc(C)n4C(C)C)cc2,1.22,1.3088257724083423,0.08882577240834233
3620,train,OCC(CO)CN1C(=O)C(Cc2ccccc12)NC(=O)c3cc4cc(Cl)ccc4[nH]3,3.64,3.4712788912068997,-0.16872110879310043
1577,train,COC(CN1C(=O)NC2=C(C=C(N(CC(=O)NC(C(C)C)C(=O)C(F)(F)F)C2=O)c3ccccc3)C1=O)OC,1.56,1.7560530590600303,0.19605305906003023
2245,train,CCn1c2ccccc2c3cc(NC(=O)C(C)C)ccc13,4.2,4.1942048927869795,-0.005795107213020678
3576,train,CCCS(=O)(=O)c1ccc(cc1)C(CNS(=O)(=O)c2ccc(cc2)C(F)(F)F)N3CCCCCC3,3.32,3.385183260373097,0.06518326037309707
2642,train,COc1cc2ncnc(Nc3cccc(Cl)c3F)c2cc1OC4CCN(C)CC4,2.72,2.4404056065191986,-0.2795943934808016
3995,train,CCCN1CCN(CC1)c2ccc(cc2)C(=O)NC3(CCCCC3)C(=O)NCC#N,1.33,1.3819693302939275,0.051969330293927474
1595,train,Cc1ccc(cc1)S(=O)(=O)NC(=O)N2CCC(CC2)N3CCC(CC3)Oc4ccc(F)c(F)c4,0.75,0.897597905620295,0.14759790562029496
1571,train,CCN1CCN(CC(=O)Nc2ccc(c3cccc4C(=O)C=C(Nc34)N5CCOCC5)c6sc7ccccc7c26)CC1,2.6,2.6157374024181657,0.01573740241816557
3000,train,OC(=O)c1ccc(cc1)n2ncc(C(=O)NC3C4CC5CC(CC3C5)C4)c2C(F)(F)F,1.5,1.461219010235261,-0.03878098976473909
1310,train,CC(C)CN1C(=O)N(C)C(=O)c2c(SCCCO)c(Cc3ccccc3C(F)(F)F)sc12,4.05,4.131618867096188,0.08161886709618837
1380,train,COCCN(C)Cc1ccc(Nc2ncc3cc(ccc3n2)c4ccncc4)cc1,2.65,2.6425143392962562,-0.0074856607037436795
923,train,C[C@@H]1CN(CCN1c2ncc(OCc3ccncc3C#N)cn2)C(=O)OCC(F)F,2.3,2.3177457722419392,0.017745772241939406
2175,train,Nc1nc2cc3CCN(Cc4cccc(F)c4)CCc3cc2s1,3.3,3.0760890125178073,-0.22391098748219251
4125,train,Cc1ccc(cc1NC(=O)c2ccc(OCc3ccccn3)cc2)c4cn(C)cn4,2.54,2.172050748467602,-0.3679492515323979
1681,train,Fc1ccc(CNc2ncc(Br)c(Nc3cc([nH]n3)C4CC4)n2)cc1,4.28,3.9629404803948165,-0.31705951960518375
2355,train,Fc1ccccc1C(=O)Nc2c(cnn2c3ccccc3)C#N,1.7,1.8681232888327322,0.1681232888327322
769,train,COc1ccc(cc1OC)C(C)NC(=O)C2(N)CCN(CC2)c3ncnc4[nH]ccc34,1.8,1.8539579857369584,0.053957985736958314
1711,train,C[C@H](NC(=O)c1c(C)nn(c1NS(=O)(=O)c2ccc(C)cc2)c3ccccc3)C(C)(C)C,1.44,0.8554347791223211,-0.5845652208776788
2585,train,O=C(NC1CC1)Nc2c[nH]nc2c3nc4cc(CN5CCOCC5)ccc4[nH]3,2.3,2.419954418273106,0.11995441827310627
4118,train,CC[C@H](NC(=O)c1c([S+](C)[O-])c(nc2ccccc12)c3ccccc3)c4ccccc4,3.17,3.3165165619908747,0.14651656199087482
3115,train,Cc1ccc(cc1)S(=O)(=O)Nc2c(C(=O)NC3CCOCC3)c(C)nn2c4ccccc4,0.16,0.4296500916168129,0.26965009161681286
875,train,CC(C)[C@H](N)C(=O)OCCOCn1cnc2C(=O)N=C(N)Nc12,-1.3,-1.0818323713588542,0.2181676286411458
988,train,CC(C)n1c(C)ncc1c2ccnc(Nc3ccc(cc3)C(=O)N)n2,2.39,2.459537166145444,0.06953716614544403
3600,train,CC[C@H]1N(C2CCCC2)c3nc(Nc4ccc(cc4OC)C(=O)NC5CCN(C)CC5)ncc3N(C)C1=O,3.14,3.0454848578896363,-0.09451514211036383
1379,train,C[C@H](CO)Nc1nc(SCc2ccccc2)nc3NC(=O)Nc13,2.75,2.8325931611546187,0.08259316115461868
1435,train,CC(C)C[C@H](CO)Nc1nc(S[C@@H](C)c2ccccc2)nc3NC(=O)Sc13,4.3,3.702397221372242,-0.597602778627758
2232,train,O=C(Cc1cccc2ccccc12)Nc3ccccc3,3.9,3.8084360955832373,-0.09156390441676265
307,train,CC[C@H](NC(=O)c1c(CN(C)C)c(nc2ccccc12)c3ccccc3)c4ccccc4,4.18,3.9485355650638088,-0.23146443493619095
1137,train,C[C@@H]1CN[C@@H]2[C@@H](C1)O[C@]3(CC[C@H]4[C@@H]5CC=C6C[C@@H](O)CC[C@]6(C)[C@H]5CC4=C3C)[C@@H]2C,2.63,2.436491185156355,-0.19350881484364502
2749,train,FC(F)(F)c1nnc2ccc(nn12)N3CCCC3,2.41,2.5124633068878235,0.10246330688782335
1659,train,Cc1cc(CNc2ncc(Br)c(Nc3cc(C)[nH]n3)n2)on1,2.92,2.7092397328497553,-0.21076026715024465
1411,train,Clc1ccc2OCOc2c1Nc3ccnc(Nc4ccccc4)n3,3.9,3.818868178227931,-0.08113182177206912
3318,train,CCN(CC)CCn1c2ccccc2c3cnc(N)c(C#N)c13,2.7,2.966742583635755,0.26674258363575465
3965,train,Brc1ccc(cc1)C2NC(=O)c3ccccc3N2,2.68,2.6150895938818044,-0.06491040611819576
1768,train,NC1(Cc2ccc(Cl)cc2)CCN(CC1)c3ncnc4[nH]ccc34,2.72,2.428542572258481,-0.2914574277415194
1430,train,CCC1(CCCCN(C)C1)c2cccc(O)c2,0.8,0.7871263847846248,-0.012873615215375223
957,train,CCCSc1ccc2nc(NC(=O)OC)[nH]c2c1,3.24,3.020804869551424,-0.21919513044857641
3969,train,Cc1c(Cl)ccc(OC2CCN(CC3CCN(CC3)[C@@H](Cc4ccc(F)cc4)C(=O)O)CC2)c1Cl,3.15,2.844197424266005,-0.30580257573399505
2066,train,CCN1CCN(CC(=O)Nc2ccc(c3cccc4C(=O)C=C(Oc34)N5CCOCC5)c6sc7ccccc7c26)CC1,3.05,3.063863828051572,0.01386382805157238
2063,train,CS(=O)(=O)c1ccc(nc1)c2nnc(\C=C\c3oc(nn3)c4ccc(cc4)C#N)n2c5ccccc5Cl,2.66,2.6927672363950386,0.032767236395038424
1224,train,NC(=N)Nc1ccc(cc1)C(=O)Oc2ccccc2,-0.21,-0.027673691146694157,0.18232630885330584
814,train,CN1CCN(CC1)C(=O)c2cc3ccccc3n2C,1.71,1.4288705676792544,-0.2811294323207456
3240,train,Cc1cc(Cl)ccc1OC2CCN(CC3CCN(CC3)[C@@H](Cc4ccc(F)cc4)C(=O)O)CC2,2.53,2.4083685592217923,-0.12163144077820753
1578,train,O=S(=O)(Cc1ccccc1)NCC(N2CCCCCC2)c3ccccc3,2.83,2.7000119658860204,-0.12998803411397963
235,train,CC1=CN([C@H]2CCCN(C2)S(=O)(=O)c3ccc(O)c(Oc4cccc(c4)C(F)(F)F)c3)C(=O)NC1=O,2.27,2.2152086838320764,-0.054791316167923654
2158,train,CCn1cc(NC(=O)Cc2ccc(Oc3ccnc4ccc(F)cc34)cc2OC)cn1,3.88,3.514592846586248,-0.36540715341375174
2953,train,COCCNc1nc(NCc2ccccc2F)c3sccc3n1,3.4,3.1790084704374664,-0.22099152956253354
3488,train,O=C(OCCN1CCCCC1)c2c[nH]c3ccccc23,2.0,1.827824184489351,-0.17217581551064898
2570,train,C[C@@H](N)COc1c(C)cccc1C,0.6,0.3056140595995147,-0.29438594040048527
1561,train,O=C1N([Se]c2ccccc12)c3ccccc3,3.31,3.096745341331929,-0.21325465866807125
2499,train,COc1ccc(CN2C(=O)CCC2(C)C(=O)NC3CCCCC3)c(OC)c1,2.38,1.9886649757528723,-0.3913350242471276
689,train,C[C@]12CC[C@H]3[C@@H](CCc4cc(O)ccc34)[C@@H]1CCC2=O,3.4,3.319300607421916,-0.0806993925780839
2971,train,Oc1ccc(cc1)c2ccc3cc(O)ccc3n2,3.1,3.132213919087869,0.03221391908786897
3977,train,OC(=O)COc1ccc(Br)cc1c2ccccc2,0.15,0.16602947245580024,0.016029472455800248
206,train,CC(C)C(NC(=O)CN1C(=O)C(=CC=C1c2ccccc2)NS(=O)(=O)N)C(=O)C(F)(F)F,1.17,1.3479355503150032,0.1779355503150033
3684,train,CCc1cccc(CC)c1NC(=O)N2Cc3[nH]nc(NC(=O)c4ccc(cc4)N5CCN(C)CC5)c3C2,3.31,3.2068053588869274,-0.10319464111307264
2758,train,CC(C)CN1C(=O)N(C)C(=O)c2c1nn(Cc3cccc4ccccc34)c2c5ccncc5,4.3,4.359897076959957,0.05989707695995694
2586,train,Cc1ccc(cc1NC(=O)c2ccc(OCc3ccccn3)cc2)c4ncc[nH]4,3.01,2.9585170471464854,-0.05148295285351434
4186,train,O[C@@H](CNCCOCCCNCCc1cccc(Cl)c1)c2ccc(O)c3NC(=O)Sc23,0.83,0.47030279115341234,-0.3596972088465876
3877,train,COc1cc(cc(OC)c1OC)c2nnc(S)n2c3cccc(c3)C(F)(F)F,2.27,2.140541758630379,-0.1294582413696208
1982,train,Fc1ccc(cc1)N2CCN(CC2)C(=O)[C@@H]3CCCC[C@H]3C(=O)NCC#N,1.92,1.9444843041695101,0.024484304169510196
1915,train,ON(C=O)C1(CS(=O)(=O)N2CCN(CC2)c3ccc(F)cc3)CCOCC1,0.85,0.5884723852410552,-0.2615276147589448
4160,train,CCOc1ccccc1CNCc2cccc(CCNC[C@H](O)c3ccc(O)c4NC(=O)Sc34)c2,1.13,1.0228921714632937,-0.1071078285367062
2319,train,Cc1nc(C)c(nc1C(=O)N)c2ccc(cc2)[C@@H]3CC[C@@H](CCC(=O)O)CC3,1.6,1.3330772193321447,-0.26692278066785535
2901,train,CC(C)n1c(C)ncc1c2ccnc(Nc3ccc(cc3)C(=O)N4CCN(C)CC4)n2,2.1,2.0438641527095,-0.05613584729050025
1762,train,CS(=O)(=O)c1ccc(cc1)[C@H](CC2CCCC2)C(=O)Nc3nccs3,3.88,3.657643579637421,-0.22235642036257897
2705,train,CC(=O)Nc1ccc(Nc2ncc3cc(ccc3n2)c4ccncc4)cc1,3.04,2.8918108843979446,-0.1481891156020554
3229,train,COc1cc2nc(nc(N)c2cc1OC)N3CCN(CC3)C(=O)c4occc4,1.9,1.6186765277797925,-0.28132347222020737
2391,train,COCCOCCOc1ccc(cc1)c2cc(C(=O)N)c(NC(=O)N)s2,2.21,2.0871749448910233,-0.12282505510897668
766,train,COc1ccc2c(C)cc(N[C@H]3CCC[C@@H](C3)NCc4cccc(OC(F)(F)F)c4)nc2c1,3.61,3.744133747509016,0.1341337475090163
3100,train,CNC1CCN(C1)c2ccc(NC(=O)c3ccc(cc3)c4ccccc4)cn2,2.35,2.112782199509794,-0.2372178004902059
4171,train,COc1cc2c(Nc3cc(CC(=O)Nc4cccc(F)c4F)[nH]n3)ncnc2cc1OCCCN(CCO)CC(C)C,3.61,3.4802317475233098,-0.1297682524766901
3818,train,OC(=O)CCC(=O)N1CCC(CC1)c2onc(n2)c3cccs3,-1.27,-1.3404134412579758,-0.07041344125797577
1064,train,Cc1cccc(NS(=O)(=O)c2ccc(cc2)c3ccc(cc3)C#N)n1,2.42,2.087577821268536,-0.33242217873146407
2001,train,CN([C@H]1CC[C@@]2(CCCO2)C[C@@H]1N3CCCC3)C(=O)Cc4ccccc4,0.99,0.9905077834774589,0.0005077834774589451
4098,train,CN(C1CCCCC1)C(=O)c2c(C)nn(c2NS(=O)(=O)c3ccc(C)cc3)c4ccccc4,1.69,1.5791960806007448,-0.11080391939925516
2603,train,C[C@@](O)(C(=O)Nc1ccc(cc1Cl)S(=O)(=O)C)C(F)(F)F,2.08,2.107340402915413,0.02734040291541273
2530,train,CCCc1c(cnn1c2ccccc2)C(=O)Nc3cc(C)on3,3.7,3.4811194558583427,-0.21888054414165747
3938,train,CCC(N(CCCN)C(=O)c1ccc(C)cc1)C2=Nc3ccn(C)c3C(=O)N2Cc4ccccc4,1.8,1.8209116267154104,0.02091162671541036
917,train,CN1CCOc2nc(ccc12)C#Cc3ccccc3,3.8,3.704086225229002,-0.09591377477099794
58,train,NC(=O)c1cc(F)cc(O[C@H]2C[C@H]3CC[C@@H](C2)N3Cc4ccccc4)c1,2.14,1.9427551492676325,-0.19724485073236764
1549,train,NC(=O)c1cccc(S[C@H]2C[C@H]3CC[C@@H](C2)N3Cc4ccccc4)c1,2.22,2.282534267213772,0.06253426721377187
3104,train,O[C@H](CNC(=O)C1=NNC(=O)c2ccccc12)CN3CCC(CC3)Oc4ccc(Cl)c(Cl)c4,3.69,3.351716052259122,-0.3382839477408779
2288,train,COC(=O)c1ccc(CN2NC(=O)C3=C(C2=O)C(=O)c4ccc(Cl)cc4N3)cc1,1.17,1.1804040384977252,0.01040403849772531
854,train,OC(=O)CCCS(=O)(=O)c1cccc(c1)C(=O)N2CCC(CC2)N3CCC(CC3)Oc4ccc(Cl)c(Cl)c4,0.66,0.8918889086732864,0.23188890867328638
1318,train,CS(=O)(=O)Cc1cc(nc(n1)c2cccc3[nH]ccc23)N4CCOCC4,1.7,1.6679607314901395,-0.0320392685098605
2701,train,CCC(N(CCCN)C(=O)c1ccc(cc1)C(C)C)C2=Nc3ccsc3C(=O)N2Cc4ccccc4,2.72,2.349747170659314,-0.37025282934068615
1770,train,CC1=CC(=O)Oc2c3CCCNc3c(C)cc12,2.9,2.9386832216576897,0.03868322165768978
1135,train,Brc1ccc(cc1)S(=O)(=O)NCC(N2CCCCCC2)c3ccccc3,3.21,3.40173799997126,0.19173799997125984
344,train,Cc1ccc(cc1NC(=O)c2cnn(c2N)c3ccccc3F)C(=O)Nc4ccon4,2.6,2.5429080075892774,-0.057091992410722714
2279,train,CCN1C(=O)NC(C1=O)c2ccccc2,1.0,0.6897264913967809,-0.3102735086032191
1625,train,O[C@@H](CNCCCOCCOCCc1ccccc1)c2ccc(O)c3NC(=O)Sc23,1.09,1.2924070503166485,0.2024070503166484
1671,train,COc1c(N2CCNC(C)C2)c(F)cc3C(=O)C(=CN(C4CC4)c13)C(=O)O,-0.82,-1.3068335082760605,-0.48683350827606053
2889,train,CN1C2CC(CC1C3OC23)OC(=O)C(CO)c4ccccc4,0.17,0.06802756500919616,-0.10197243499080386
3490,train,CN(C)CC(C)(C)COc1nccc(Nc2cc(NC(=O)c3ccnc(c3)N4CCOCC4)ccc2C)n1,2.2,2.186516429547734,-0.013483570452266225
403,train,Brc1ccc2OCC(=O)N(CCN3CCC(CC3)NCc4ccc5OCC(=O)Nc5n4)c2c1,1.42,1.196385448490131,-0.22361455150986886
704,train,CC(=O)NC1CC2CCCC(C1)N2C(=O)Nc3ccc(Cl)c(c3)C(F)(F)F,2.79,2.6660583801610427,-0.12394161983895735
2504,train,COc1cc(ccc1Nc2ncc(C#N)c(n2)c3cnc4ccccn34)N5CCN(CC5)C(=O)C,2.8,2.575932763407499,-0.22406723659250094
896,train,COc1cc(ccc1Nc2ncc(Cl)c(n2)c3cnc4ccccn34)N5CCN(CCO)CC5,3.2,3.1253924110876827,-0.07460758891231745
4185,train,Cc1ccnc(NS(=O)(=O)c2ccc(N)cc2)n1,-0.51,-0.9169486717935693,-0.4069486717935693
2694,train,Cc1ccc(CCOCCNS(=O)(=O)CCCNCCc2ccc(O)c3nc(O)sc23)cc1,2.07,2.195298473181601,0.12529847318160137
530,train,NC(=O)c1cc(O)cc2nc(oc12)c3ccc(O)cc3,2.3,2.152542302132904,-0.14745769786709584
791,train,Nc1c(NC2CCCC2)nc(nc1N3CCOCC3)C#N,2.59,2.3655622611479052,-0.22443773885209461
2536,train,CCN(CC)C(=O)c1ccc(cc1)C(=C2CCN(Cc3ccc(F)cc3)CC2)c4cccc5cccnc45,3.86,3.930896711302032,0.07089671130203223
239,train,CC(C)(C)OC(=O)N1CCN(CC1)c2ncc(OCc3ccc(cc3)S(=O)(=O)C)cn2,3.27,3.141452038335394,-0.12854796166460591
3915,train,OC(=O)c1cc2cc(ccc2n1Cc3ccc(Cl)c(Cl)c3)[N+](=O)[O-],1.79,1.639410786285781,-0.15058921371421907
707,train,OC(=O)c1[nH]c2ccccc2c1CCCOc3cccc4ccccc34,2.75,2.679977816516793,-0.0700221834832071
308,train,CCOC(=O)Nc1cccc(c1)[C@H](N2CCN(Cc3nc[nH]c3C)CC2)c4ccc(cc4)C(=O)N(C)CC,2.32,2.7891996944844912,0.4691996944844914
2419,train,OC(=O)CSc1c[nH]c2ccccc12,-1.31,-1.4568731831395585,-0.14687318313955844
2094,train,CCN(C)C(=O)c1ccc(cc1)[C@@H](N2CCN(Cc3cccnc3)CC2)c4cccc(NC(=O)C5CCC5)c4,3.27,3.312386432103633,0.04238643210363291
2995,train,CC1=C(C(=O)Oc2cc(O)ccc12)c3ccc(O)cc3,2.8,3.1615172086105634,0.3615172086105636
2915,train,OC(=O)Cc1ccccc1Nc2c(Cl)cccc2Cl,1.08,1.1280139339776567,0.04801393397765663
2095,train,CC(C)CN1C(=O)N(C)C(=O)c2cn(Cc3cccc4ccccc34)cc12,4.41,4.512228488647571,0.10222848864757061
2962,train,COc1cc2ncnc(Nc3ccc(F)c(Cl)c3)c2cc1OCCN4CCCC4,3.28,3.0321673637017863,-0.2478326362982135
2384,train,O=C(Nc1ccccn1)c2ccccc2,2.2,2.037991001970824,-0.16200899802917634
3055,train,CC(C)(C)OC(=O)N1CCN(CC1)c2ccc(OCc3ccc(cc3)S(=O)(=O)C)nc2,3.1,3.1117859156440155,0.011785915644015432
960,train,C[C@]12N[C@H](Cc3ccccc13)c4ccccc24,1.6,1.4101529915683382,-0.1898470084316619
228,train,O=C(CCc1ccccc1)c2ccccc2,3.77,3.801642984472615,0.031642984472615154
807,train,COc1cc(OC)c(cc1NC(=O)CSc2ccncc2)S(=O)(=O)N3C(C)CCc4ccccc34,2.82,2.855055747817599,0.035055747817599237
937,train,CC(NC(=O)c1c(C)nn(c1NS(=O)(=O)c2ccc(C)cc2)c3ccccc3)C(C)(C)C,1.21,0.825080589013174,-0.3849194109868259
3167,train,COc1ccc(cc1)c2nc3c(NCCCNC(=O)C4CC4)c(Br)cnc3[nH]2,1.71,1.7072830187779438,-0.002716981222056214
2189,train,CC(C)(N)C(=O)N[C@H](COCc1ccccc1)C(=O)N2CCC3(CC2)CN(c4ccccc34)S(=O)(=O)C,1.4,1.4849654957608391,0.08496549576083923
2941,train,CC12CC3CC(C)(C1)CC(N)(C3)C2,0.06,-0.19312345934091102,-0.253123459340911
246,train,Cc1ccccc1N2C(=Nc3cccc(C)c3C2=O)Cn4nc(c5ccc(O)c(F)c5)c6c(N)ncnc46,3.55,3.6289069338705353,0.07890693387053549
186,train,Fc1ccc(NC(=O)c2cccnc2Oc3ccccc3)cc1,3.19,2.838166140595158,-0.351833859404842
2060,train,CN(C)C(=O)CC(NC(=O)C1(N)CCN(CC1)c2ncnc3[nH]ccc23)c4ccc(Cl)cc4,2.4,2.1393613107148264,-0.26063868928517353
3300,train,CN(C)CCOc1ccccc1Cc2ccccc2,2.53,2.4589283763731618,-0.07107162362683805
990,train,C[C@@H]1CNc2c(sc3ccc4nc(ccc4c23)c5ccc(C)nc5)C(=O)N1,3.6,3.4474210467397146,-0.15257895326028548
1511,train,CC1=CC2=NNC(=O)N2c3cc(ccc13)c4ccc[nH]4,3.29,3.0853924805567603,-0.20460751944323974
418,train,CC(=O)c1ncccc1NC(=O)[C@@H]2CC[C@H](CC2)N3C(=O)[C@@H]4[C@@H]5CC[C@@H](C5)[C@@H]4C3=O,3.01,2.675745206209111,-0.3342547937908886
421,train,COc1cc(ccc1Nc2ncc(Cl)c(n2)c3cnc4c(F)cccn34)N5CCN(CC5)C(=O)C,3.5,3.273892183737347,-0.22610781626265286
1280,train,NC(=O)C1CCCCC1,0.9,0.8645436386041849,-0.035456361395815095
1405,train,CC(C)CN1C(=O)N(C)C(=O)c2c(SC3CCCC3)c(Cc4ccccc4C(F)(F)F)sc12,4.21,4.004478156413782,-0.20552184358621783
3302,train,Cc1c[nH]c(n1)c2cnc(NCCNc3ccc(cn3)C#N)nc2c4ccc(Cl)cc4Cl,3.86,3.6478586585113515,-0.21214134148864838
2164,train,CCc1nc2c(N)nc3ccccc3c2n1CC(C)(C)O,1.38,1.4218308709200118,0.04183087092001192
3379,train,Cc1nc(C)c(nc1C(=O)N)c2ccc(cc2)[C@@H]3CC[C@@H](Cc4nnn[nH]4)CC3,1.4,0.9645206755289799,-0.43547932447102
2271,train,O[C@H](CNC(=O)C1=CC(=O)Nc2ccccc12)CN3CCC(CC3)Oc4ccc(Cl)c(Cl)c4,3.48,3.442909607732857,-0.037090392267142835
2153,train,CCN(CC)C(=O)c1ccc(cc1)C(=C2CCNCC2)c3ccccc3,1.2,1.3884722898949775,0.18847228989497755
693,train,Oc1cc(O)c2C(=O)C(=COc2c1)c3ccc(cc3)[N+](=O)[O-],3.24,3.0348247374381137,-0.20517526256188656
956,train,Cc1ccc2c(c1)c(c(C)n2CC(=O)O)c3ccnc4c(cccc34)C#N,0.52,0.5537608901281532,0.0337608901281532
328,train,CC(C)C(NC(=O)CN1C(=O)C(=CN=C1c2ccccc2)NC(=O)OCC(F)(F)F)C(=O)C(F)(F)F,2.37,1.9313957284515202,-0.4386042715484799
3567,train,Oc1ccc(CCNCCCNS(=O)(=O)CCOCc2cccc3ccccc23)c4sc(O)nc14,1.69,1.7548782905223903,0.06487829052239036
3910,train,NC(=O)Cc1nc(cs1)c2ccccc2,1.3,1.4089754192871715,0.10897541928717147
493,train,CN[C@@H](C)C(=O)N[C@@H](C1CCCCC1)C(=O)N[C@H]2C[C@@H]3CC[C@H]2N(CCc4ccccc4)C3,1.64,1.4513107243940218,-0.18868927560597815
1255,train,C[C@H](NC(=O)c1c(C)nn(c1NS(=O)(=O)c2ccc(cc2)C#N)c3ccc(F)cc3)C(C)(C)C,0.45,0.4877324425135898,0.037732442513589814
3804,train,O=C(Nc1ccccc1)c2ccc(OCCCN3CCCC3)cc2OCc4ccccc4C#N,2.66,2.5204888070601,-0.13951119293990022
3284,train,CN(C1CCN(CCC(c2ccccc2)c3ccccc3)CC1)C(=O)Cc4ccc(cc4)S(=O)(=O)N,2.3,2.071155594497434,-0.2288444055025658
3394,train,CC(C)CC1(CC=C)C(=O)NC(=O)NC1=O,1.48,1.0806166496607028,-0.39938335033929717
2908,train,Cc1ccc2c(c1)c(c(C)n2CC(=O)O)c3ccnc4cc(ccc34)C(F)(F)F,1.78,1.6001970901414873,-0.17980290985851277
1313,train,Clc1ccc2C(=O)C3=C(Nc2c1)C(=O)NN(Cc4cccs4)C3=O,1.52,1.504309600713658,-0.01569039928634197
2144,train,CC1(C)CC(=O)c2c(N)c3ccccc3nc2C1,3.0,2.932220952283205,-0.06777904771679522
2135,train,Clc1ccc(cc1C(=O)NCC23CC4CC(CC(C4)C2)C3)C5CCNCC5,1.58,1.4280876762175998,-0.15191232378240027
664,train,OC1(CCN(Cc2c[nH]c3ccccc23)CC1)c4ccc(Cl)cc4,2.25,2.505241546526502,0.2552415465265021
4135,train,CC(C)CN1C(=O)N(C)C(=O)c2c1sc(Cc3ccnc4ccccc34)c2C(=O)N5CC[C@@H](O)C5,1.65,1.6961290800114437,0.04612908001144378
945,train,O=C(NC1(CC1)C#N)[C@@H]2CCCC[C@H]2C(=O)N3CCN(CC3)c4nc5ncccc5s4,1.4,1.7262141107420383,0.32621411074203843
190,train,C[C@@H](NCc1ccccc1c2ccc(CCNC[C@H](O)c3ccc(O)c4NC(=O)Sc34)cc2)c5ccccc5,2.28,2.6997122528921143,0.41971225289211445
1199,train,COc1cc(ccc1Nc2ncc(c(n2)c3cnc4ccccn34)C(F)(F)F)N5CCN(CC5)C(=O)C,3.7,3.4934465815635707,-0.2065534184364295
2773,train,Cc1nc(C)c(nc1C(=O)N)c2ccc3c(CC[C@@]34CC[C@H](CC4)C(=O)O)c2,1.3,1.3412127484651246,0.04121274846512457
1740,train,O=C(C1CCN(CC1)c2nnc(s2)n3cccc3)N4CCc5ccccc5C4,3.7,3.6397774069774114,-0.06022259302258881
2297,train,Cc1cc(CN2Cc3ccccc3C2C(=O)Nc4ccc(Cl)cc4Cl)ccc1OCC(=O)O,2.62,2.2906072782579234,-0.3293927217420767
3594,train,CC(C)N1CCN(Cc2cnc(c(C)c2)c3ccc(cc3)C(=O)Nc4ccccc4N)CC1,1.44,1.521676850807654,0.08167685080765397
3533,train,CCN(CCO)CCCOc1cc2ncnc(Nc3cc(CC(=O)Nc4cccc(F)c4F)[nH]n3)c2cc1OC,1.94,1.7129696217221693,-0.22703037827783068
560,train,O[C@]1(CN2CCC1CC2)C#Cc3ccc(Oc4ccc(cc4)C(=O)NC5CCCS(=O)(=O)C5)cc3,1.4,1.6312944879577589,0.23129448795775898
1103,train,COc1ccc(C(=O)Nc2c(Cl)cncc2Cl)c3cccnc13,2.09,2.1147071132225155,0.02470711322251562
717,train,OC1(CNCCc2ccccc12)c3ccccc3,1.38,1.5401443186178265,0.16014431861782663
3024,train,NC(=O)c1cnc(N[C@H]2CCCNC2)c3cc(sc13)c4ccc(Cl)c(F)c4,2.76,2.851737553299313,0.09173755329931321
178,train,CN(C)C(=O)CN1CCN(CCc2c([nH]c3sc(cc23)C(C)(C)C(=O)N4C5CCC4CC5)c6cc(C)cc(C)c6)CC1,4.13,4.011156098367236,-0.11884390163276404
118,train,Clc1ccc2OCC(=O)N(CCN3CCC(CC3)NCc4ccc5OCC(=O)Nc5n4)c2c1,1.33,1.178053926295568,-0.15194607370443203
1188,train,NC(=O)c1cccc(c1)[S+]([O-])[C@H]2C[C@H]3CC[C@@H](C2)N3Cc4ccccc4,1.1,1.2000066629818673,0.10000666298186722
800,train,COc1cccc(c1)c2cc(O)c3cc(NC(=O)C)ccc3n2,2.41,2.1898758894194623,-0.22012411058053782
3371,train,CS(=O)(=O)N1CCC(CC1)NC(=O)NC23CC4CC(CC(C4)C2)C3,2.7,2.631461766641871,-0.06853823335812903
2197,train,Fc1ccc(Oc2cc(F)c(cc2F)S(=O)(=O)Nc3ncc(Cl)s3)c(c1)c4cn[nH]c4,2.7,2.621206607402791,-0.07879339259720908
1751,train,CCCCC[C@@H](N1CCC[C@@H](C1)N2C=C(C)C(=O)NC2=O)c3ccc(C(=O)O)c(Oc4cccc(Br)c4)c3,1.69,1.7597701040676883,0.06977010406768835
141,train,CN1SC(=NC1=O)NC(=O)c2cccc(Cl)c2,0.87,0.6941482106107877,-0.1758517893892123
1464,train,C(=C\c1c(nc2sccn12)c3ccccc3)/c4ccncn4,3.4,3.4293163402073663,0.029316340207366398
3202,train,CC(C)CN1C(=O)N(C)C(=O)c2c(SC(C)C)c(Cc3ccccc3C(F)(F)F)sc12,4.42,4.258923920283767,-0.16107607971623317
208,train,Clc1ccc(CNC(=N)SCCCc2c[nH]cn2)cc1,1.13,1.1112913292221969,-0.018708670777803027
431,train,COc1ccc(OC)c(c1)c2cccc3c(N)c(nnc23)C(=O)NC(C)C,3.65,3.4791645996025746,-0.17083540039742529
1041,train,Oc1ccc(CC(=O)c2ccc(O)cc2O)cc1,2.54,2.520056671102707,-0.019943328897293
1726,train,CC(C)n1c(C)ncc1c2nc(Nc3ccc(C(=O)NCCN(C)C)c(F)c3)ncc2F,2.26,1.9093141453720024,-0.3506858546279974
1445,train,CN1C(=O)N(CC2CC2)c3nn(Cc4ccnc5ccc(Cl)cc45)c(c6oc(cc6)S(=O)(=O)C)c3C1=O,2.71,2.718995106832506,0.008995106832506039
584,train,CN(C1CCN(CCC(c2ccccc2)c3ccccc3)CC1)C(=O)Cc4ccc(NC(=O)C)cc4,2.9,2.7172989138897803,-0.18270108611021962
203,train,C[C@@H](NC(=O)[C@H]1CCCCN1)c2ccc(Nc3ncc4cc(ccc4n3)c5ccncc5)cc2,2.15,2.0986171120865995,-0.0513828879134004
2411,train,OC[C@H](O)CN1C(=O)[C@@H](Cc2ccccc12)NC(=O)c3cc4cc(Cl)sc4[nH]3,3.27,3.107720990766482,-0.16227900923351823
2344,train,CCCCC(CC)CNC(=O)c1ccc2c(c1)c(Cc3ccc(cc3OC)C(=O)NS(=O)(=O)c4ccccc4C)cn2C,3.66,3.705723899011967,0.04572389901196683
3412,train,Cc1nccn1CCC(C(=O)N)(c2ccccc2)c3ccccc3,1.79,1.528560472510583,-0.261439527489417
1331,train,CO[C@@H]1CN(CCN2C(=O)C=Nc3ccc(OC)cc23)CC[C@H]1NCc4ccc5OCC(=O)Nc5n4,0.97,0.7206300714554199,-0.24936992854458007
2298,train,CCO\N=C(\C1CCN(CC1)C2(C)CCN(CC2)C(=O)c3c(C)cc[n+]([O-])c3C)/c4ccc(Br)cc4,2.14,2.251877048144817,0.1118770481448168
1412,train,COc1cc(OC2CCN(C)CC2)c3c(Nc4c(Cl)ccc5OCOc45)ncnc3c1,2.98,2.983049443549824,0.003049443549823838
3022,train,CC1=CN([C@H]2CCCN(C2)S(=O)(=O)c3cccc(Oc4ccccc4)c3)C(=O)NC1=O,2.32,2.4206686719365043,0.10066867193650442
2671,train,CCN1N(C2CCCC2)c3nc(Nc4ccc(cc4OC)C(=O)NC5CCN(C)CC5)ncc3N(C)C1=O,2.75,2.557107279116239,-0.1928927208837612
546,train,CCCCSc1nc(N)c2ncn([C@@H]3O[C@H](CO)[C@@H](O)[C@H]3O)c2n1,1.51,1.5349929790691703,0.024992979069170307
4023,train,CN(C)CCCOc1nn(Cc2ccccc2)c3ccccc13,2.4,2.4516055734085938,0.05160557340859384
299,train,COc1ccc(cc1)C(=O)NCc2cn(nn2)c3cc(C)nc4ccc(OC)cc34,3.5,3.532041333351655,0.032041333351655155
2548,train,COc1ccc(cc1)c2nc3c(NCCCNC(=O)C)c(Br)cnc3[nH]2,3.28,3.2129012005497453,-0.06709879945025454
2687,train,OC(=O)[C@H](Cc1ccc(CCCCNc2ccccn2)cc1)NC(=O)c3c(Cl)cccc3Cl,0.51,0.37925747463228854,-0.13074252536771147
368,train,C[C@H](CN(C)C(=O)CO)Oc1cccc2ncnc(Nc3ccc(OCc4ccccn4)c(Cl)c3)c12,3.22,2.774261780319993,-0.44573821968000704
3763,train,Nc1ncnc2c1ncn2[C@@H]3O[C@H](CSCCCNC(=O)Nc4ccc(Cl)cc4)[C@@H](O)[C@H]3O,2.5,2.5641033740691,0.06410337406909994
236,train,COc1cccc([C@H](O)C2CCN(CCc3ccc(F)cc3)CC2)c1OC,1.7,1.8623383032470673,0.16233830324706733
3777,train,O[C@@H](CNCCc1ccc(CNCCc2ccccn2)cc1)c3ccc(O)c4NC(=O)Sc34,-0.25,-0.19134372921926524,0.058656270780734765
348,train,CCOC(=O)C1(CCCN(CC2CC2)C1)c3cccc(O)c3,1.89,1.8611308603137138,-0.028869139686286127
661,train,COc1cc(c(OC)nn1)c2c(F)ccc3c(N)c(nnc23)C(=O)NC4CC4,2.75,2.6621624347491304,-0.08783756525086961
310,train,COc1ccnc(CCc2nc3cc(Br)cnc3[nH]2)c1,2.92,3.085535687149195,0.1655356871491951
2554,train,Nc1nc(N)c(c(COCc2ccccc2)n1)c3ccc(NC(=O)C4CC4)cc3,2.46,2.396498228038819,-0.06350177196118079
3130,train,C[C@H](C(=O)O)c1cccc(c1)C(=O)c2ccccc2,-0.06,-0.18993236786249712,-0.12993236786249712
2208,train,CC(C)n1c(C)ncc1c2nc(Nc3ccc(cc3)N4CCN(CC4)C(=O)CO)ncc2F,2.19,1.9413485327076017,-0.2486514672923983
86,train,CC(C#C)N1C(=O)N(CC2CC2)c3nn(Cc4ccnc5ccc(Cl)cc45)c(c3C1=O)c6cncn6C,3.59,3.374702579507276,-0.21529742049272382
989,train,Cc1ccc(OCC(=O)O)c(c1)n2nc3ccccc3n2,-0.84,-0.7764839967459447,0.06351600325405526
4145,train,O=S(=O)(Nc1cccc2[nH]ncc12)c3cccs3,1.7,1.7515106350926612,0.051510635092661294
270,train,COc1ccc(cc1)c2cc(Nc3ccn(C)n3)n4ncc(C#N)c4n2,2.97,3.17555023252457,0.20555023252456994
104,train,FC(F)c1nc2ccccc2[nH]1,2.02,1.7278750771635325,-0.2921249228364675
1765,train,CCc1c(cnn1c2ccc(cc2)C(=O)O)C(=O)NC3C4CC5CC(CC3C5)C4,0.9,1.081816651890082,0.181816651890082
830,train,Cc1cc(N)c2cc(NC(=O)CCC(=O)Nc3ccc4nc(C)cc(N)c4c3)ccc2n1,1.39,1.251081236661089,-0.13891876333891084
351,train,Clc1ccc2C(=O)C3=C(Nc2c1)C(=O)NN(Cc4ccsc4)C3=O,1.11,1.008748795079715,-0.10125120492028516
3378,train,CS(=O)(=O)C1(CC1)c2cc(nc(n2)c3cccc4[nH]ccc34)N5CCOCC5,2.2,2.286025242426884,0.0860252424268837
4052,train,Oc1ccnc2ccccc12,0.8,0.6359703886523873,-0.16402961134761274
2965,train,Nc1nc(OC2CCCC2)nc3c1ncn3[C@@H]4O[C@H](CO)[C@@H](O)[C@H]4O,0.79,0.7479207044711829,-0.04207929552881717
4027,train,COc1ccc(OC)c(CNc2n[nH]c3ccnc(Oc4ccccc4)c23)c1,4.25,3.9889110534455745,-0.2610889465544255
112,train,OC(C(=O)c1ccc(F)cc1)c2ccc(F)cc2,2.49,2.587090907789289,0.09709090778928875
3176,train,Cn1ncc2C(=O)NC(=Nc12)c3ccccc3,1.61,1.8156468793356466,0.20564687933564652
2345,train,CCN(C1CCN(CCC(c2ccccc2)c3ccc(cc3)S(=O)(=O)C)CC1)C(=O)Cc4ccc(cc4)S(=O)(=O)C,1.73,1.6479590408440465,-0.08204095915595344
2781,train,Cc1ccc(NC(=O)[C@H]2CCCN2S(=O)(=O)c3cccc4cccnc34)c(C)c1,3.9,3.792080206102883,-0.10791979389711681
1643,train,CN[C@@H](C)C(=O)N[C@H](C(=O)N[C@H]1CCCN(CCc2ccc(O)cc2)C1)C(C)(C)C,0.77,0.8627795806899441,0.09277958068994407
501,train,Cc1c(Sc2ccc(Cl)cc2)c3cc(Cl)ccc3n1CC(=O)O,2.87,2.7057413079463117,-0.16425869205368837
1262,train,CCCCN1Cc2c(O)n3nc(cc3nc2C1=O)c4occc4,0.8,0.9026787202356286,0.10267872023562852
3664,train,C[C@@H](NC1=CC(=O)CNC1)c2ccc(Nc3ncc4cc(ccc4n3)c5ccncc5)cc2,2.49,2.4133526446854585,-0.0766473553145417
2898,train,COc1ccc(cc1)C(CN(C)C)C2(O)CCCCC2,0.99,0.8771797512242143,-0.11282024877578567
2782,train,Cc1cccc(C[C@H](N2CCC(CN3CCC(CC3)Oc4ccc(Cl)c(Cl)c4)CC2)C(=O)O)c1,2.84,2.8958656726642666,0.055865672664266786
2736,train,Oc1cccc(NC(=O)c2ccc(OCCCN3CCCC3)cc2OCc4ccc(F)cc4)c1,3.2,3.4465354951304707,0.24653549513047057
4123,train,COc1ccc(cc1)c2nc(N)s[n+]2c3ccccc3,2.19,2.1713963810135923,-0.01860361898640761
1247,train,C[C@@H]1CN(CCN1c2ncc(OCc3ccncc3C#N)cn2)C(=O)OCC(F)(F)F,3.0,3.0280147319754724,0.02801473197547244
1079,train,CO[C@H]1CN(CCN2C(=O)C=Cc3ccc(cc23)C#N)CC[C@H]1NCc4cc5OCCOc5cn4,0.63,0.6397949823860907,0.009794982386090667
921,train,N#Cc1ccc(Nc2nccc(NC3CC3)n2)cc1,3.01,3.0080622865682436,-0.001937713431756194
2458,train,Nc1cc(nc2c(cnn12)C#N)c3ccc(F)cc3,2.23,2.594676687518479,0.3646766875184788
1612,train,Cc1cccc(n1)C#Cc2ccccc2,3.6,3.5101683955195746,-0.08983160448042549
1458,train,NC(=O)c1cn([C@@H]2O[C@H](CO)[C@@H](O)[C@H]2O)c3ncnc(N)c13,-0.87,-1.069568078264966,-0.19956807826496592
1317,train,Cc1ccc(cc1)S(=O)(=O)Nc2c(C(=O)NCC(C)(C)C)c(C)nn2c3ccccc3,1.46,1.429332610234264,-0.03066738976573591
1273,train,CCC(C)(CC)C[C@@H](N1CCC[C@@H](C1)N2C=C(C)C(=O)NC2=O)c3ccc(C(=O)O)c(Oc4cccc(Br)c4)c3,1.97,2.176405087973396,0.20640508797339607
1804,train,CC(=O)N1CCN(CC(O)COc2ccc(Br)cc2)CC1,1.6,1.4056680083978341,-0.19433199160216597
1449,train,Oc1cc(O)c2C(=O)C(=COc2c1)c3ccc(F)cc3,3.6,3.459479588193267,-0.14052041180673314
3604,train,CCCSc1nc(N[C@@H]2C[C@H]2c3ccccc3)c4nnn([C@@H]5C[C@H](OCCO)[C@@H](O)[C@H]5O)c4n1,3.87,3.753213563083579,-0.1167864369164211
1473,train,C1NCC(CC=C1)c2ccc3ccccc3c2,1.64,1.556126375627969,-0.08387362437203083
449,train,CCc1c2CN3C(=O)C4=C(C=C3c2nc5ccc(O)cc15)[C@@](O)(CC)C(=O)OC4,1.6,1.6247220458408511,0.024722045840851026
3336,train,O=C(Nc1ccc(nc1)N2CCOCC2)c3oc(Nc4ccccc4)nn3,2.9,2.9636132464057856,0.0636132464057857
419,train,CC(=O)Nc1ccc2nc(cc(O)c2c1)c3cccc(F)c3,2.41,2.1835720495269446,-0.22642795047305553
4048,train,O=C(NCc1ccncc1)c2ccc(Oc3ccccc3)cc2,3.26,2.978116508432803,-0.28188349156719683
3789,train,CN(C)c1cccc(c1)C(=O)Nc2ccc(C)c(c2)C(=O)Nc3cccnc3,3.01,3.28083360569144,0.2708336056914402
4080,train,CN[C@@H](C)C(=O)N[C@H](C(=O)N1CC[C@H]2CC[C@H](NC(=O)c3cccc4ccccc34)[C@@H]12)C(C)(C)C,1.94,1.9399209599619809,-7.904003801906256e-05
3911,train,COC(=O)N1CCN(C(CC(=O)NCc2ccc3OCOc3c2)C1)c4ccnc(n4)n5ccnc5,1.88,1.5915706542733457,-0.28842934572665424
1017,train,COc1nc(N)nc2c1ncn2[C@@H]3O[C@H](CO)[C@@H](O)[C@H]3O,-0.58,-0.7124214765795367,-0.13242147657953673
2665,train,OC(=O)COc1ccc(cc1c2ccccc2)[N+](=O)[O-],-0.69,-0.44155885978020937,0.24844114021979058
2914,train,CC(C)C(NC(=O)CN1C(=O)C(=CC=C1c2ccccc2)NC(=O)NCc3ccccn3)C(=O)C(F)(F)F,2.15,1.815499682800501,-0.3345003171994989
127,train,Cc1ncc(nc1C(=O)N)c2ccc(cc2)[C@@H]3CC[C@@H](CC(=O)O)CC3,1.0,0.895024931753204,-0.10497506824679603
1279,train,CC(C)C[C@H](NC(=O)N1CCOCC1)C(=O)NCC#N,0.08,0.012492307270033809,-0.06750769272996619
3298,train,CS(=O)(=O)c1ccc(CC(=O)N(CC=C)C2CCN(CCC(c3ccccc3)c4ccccc4)CC2)cc1,3.1,3.1168923952962464,0.01689239529624631
929,train,CNC(=O)c1cc(C(=O)c2ccc(Cl)cc2)c(Br)[nH]1,3.1,2.958345299882767,-0.14165470011723302
776,train,Cc1ccc(Nc2c(F)cccc2Cl)c(CC(=O)O)c1,1.02,1.209298844155854,0.18929884415585407
2051,train,CS(=O)(=O)c1ccc(cc1Cl)[C@@H](C[C@H]2CCC(=O)C2)C(=O)Nc3cnccn3,1.39,1.3143415267245953,-0.07565847327540465
3571,train,O=S(=O)(NCCNc1ncccn1)c2cccc3cnccc23,0.61,0.47840934826995096,-0.13159065173004902
103,train,CC(C)CC(N1NC(=O)c2nc3cc(Cl)ccc3c(O)c2C1=O)c4ccncc4,1.64,1.8676703404714692,0.22767034047146928
362,train,CN(C)CC(O)COc1ccc(Nc2cc(ncn2)N(CC#N)c3cc(Cl)ccc3Cl)cc1,2.1,1.7813707552688218,-0.31862924473117826
644,train,C[C@H]1COc2c(N3CCN(C)CC3)c(F)cc4C(=O)C(=CN1c24)C(=O)O,-0.35,-0.33299819799419783,0.017001802005802147
1011,train,NC(=O)c1cccc(O[C@@H]2C[C@H]3CC[C@@H](C2)N3CC4CC4)c1,0.07,0.09520705475593072,0.025207054755930713
2139,train,Clc1ccc(N2CCN(CC2)C(=O)COCc3ccncc3)c(Cl)c1,3.38,3.4755066488815545,0.09550664888155458
1285,train,CCOc1ccccc1c2ccc(cc2)c3nc4ccncc4c(O)c3C#N,3.0,3.1098694491073036,0.10986944910730356
3008,train,OCCNC(=O)COc1ccc(OCCNCC(O)COc2ccccc2)cc1,0.42,0.38269141343462065,-0.03730858656537933
2767,train,Oc1nc2ccccc2nc1NCc3ccccc3,3.3,3.091754390291165,-0.20824560970883477
595,train,CC(C)C(NC(=O)CN1C(=O)C(=CN=C1c2ccc(F)cc2)NC(=O)OCc3ccncc3)C(=O)C(F)(F)F,2.22,1.833037889358759,-0.3869621106412411
4014,train,CO[C@@H]1CC[C@@]2(CC1)Cc3ccc(cc3C24N=C(C)C(=N4)N)c5cc(Cl)cc(c5)C#N,3.8,3.8317149310667524,0.031714931066752605
4183,train,Oc1c(C#N)c(nc2ccncc12)c3ccc(cc3)c4ccccc4OC(F)(F)F,3.45,3.3331788503150834,-0.11682114968491675
3087,train,O=C(Nc1cccnc1C(=O)NCC2CCOCC2)c3cccc4ccccc34,4.4,4.154312942327261,-0.24568705767273968
1134,train,COc1cc2ncc(C(=O)N)c(Nc3cccc(Cl)c3)c2cc1OC,3.5,3.3093183458860906,-0.19068165411390936
4181,train,CN1CCCC1CCOC(C)(c2ccccc2)c3ccc(Cl)cc3,3.04,3.0918482078630163,0.05184820786301625
3330,train,O=C1N=C2C(=C1C#N)c3ccc(N4CCSCC4)c5cccc2c35,3.22,3.240121452413905,0.020121452413904617
2653,train,OC(=O)CN1C(=O)C(Cc2ccccc12)NC(=O)c3cc4sc(Cl)c(Cl)c4[nH]3,0.67,0.8329688854797968,0.1629688854797967
2007,train,NC(=O)Nc1sc(cc1C(=O)N[C@H]2CCCNC2)c3ccc(F)cc3,1.76,1.8344900128329522,0.0744900128329522
828,train,COCCNC(=O)c1ccc(Nc2ncc3cc(ccc3n2)c4ccncc4)cc1C,2.78,2.735971450377122,-0.04402854962287783
3163,train,CO[C@H]1CN(CCN2C(=O)C=Cc3ccc(cc23)C#N)CC[C@@H]1NCc4cc5OCCOc5cn4,1.05,0.6397949823860907,-0.4102050176139094
3407,train,OC(=O)[C@H](Cc1ccc(OCCc2ccc3CCCNc3n2)cc1)NC(=O)c4c(Cl)cccc4Cl,0.33,0.3241046762664965,-0.005895323733503488
1034,train,O[C@H]([C@H](Cc1ccccc1)NC(=O)c2cc3cc(Cl)ccc3[nH]2)C(=O)N4C[C@@H](O)[C@@H](O)C4,2.8,3.0199267945915844,0.2199267945915846
353,train,Cc1cc(NC(=O)Nc2ccc(Cl)cc2)n(C)n1,2.96,3.238188810433771,0.27818881043377086
3854,train,Nc1nc(nc2c1nc(O)n2Cc3ccccc3)c4ccccc4,4.16,4.230059452568414,0.0700594525684135
48,train,O[C@@H](CNCCCOCCOCCc1cccc2ccccc12)c3ccc(O)c4NC(=O)Sc34,2.28,2.343379186147268,0.06337918614726812
630,train,Cc1nc(C)c(nc1C(=O)N)c2ccc3c(CC[C@@]34CC[C@@H](CC4)C(=O)O)c2,1.2,1.3412127484651246,0.14121274846512466
1533,train,NC1(CCC1)c2ccc(cc2)c3ncc4cccn4c3c5ccccc5,2.5,2.6691694211672297,0.16916942116722966
3308,train,CC1=CC2=NNC(=O)N2c3cc(ccc13)c4ccc(CO)cc4,2.86,2.592831752387125,-0.26716824761287494
2306,train,CC1=C(C)C(=O)C(=C(C)C1=O)C(CCCCCC(=O)O)c2ccccc2,2.48,2.2982532306366457,-0.18174676936335432
1390,train,CN([C@@H]1CCN(Cc2nc3ccccc3s2)C[C@@H]1F)C(=O)Cc4ccc(cc4)S(=O)(=O)C,2.1,2.082849289838232,-0.017150710161768057
1746,train,COc1cc(ccc1Nc2ncc(Cl)c(n2)c3cnc4cc(F)ccn34)N5CCN(CC5)C(=O)C,3.7,3.0680401837615725,-0.6319598162384277
3816,train,CCN(C1CCN(CCC(N2CCN(CC2)c3cccc(F)c3)c4ccccc4)CC1)C(=O)Cc5ccc(cc5)S(=O)(=O)C,3.21,3.2663991432171136,0.05639914321711359
249,train,C[C@H](NC(=O)c1c(C)nn(C2CCOC2)c1NS(=O)(=O)c3ccc(C)cc3)C(C)(C)C,0.78,0.569635685975689,-0.210364314024311
68,train,O=C1CCOc2cc(COc3ccccc3)ccc12,3.0,3.007494061213522,0.007494061213522141
577,train,NC12CCC(CC1)(CC2)c3ccccc3,0.29,0.5665046952559476,0.2765046952559476
1683,train,COCCCc1cc(Nc2ccnc(NCc3onc(C)c3)n2)n[nH]1,2.04,1.964017194519786,-0.07598280548021408
216,train,OC(=O)[C@@H](Cc1ccccc1)N2CCC(CN3CCC(CC3)Oc4ccc(Cl)c(Cl)c4)CC2,2.5,2.0584203264092236,-0.44157967359077643
1051,train,COc1ccc(cc1OC)c2cc(NC(=O)Cc3ccc4ccccc4c3)[nH]n2,3.1,3.2384001695611593,0.1384001695611592
1117,train,CC(C)NCC(O)COc1nccs1,-0.97,-1.329369854961048,-0.359369854961048
2457,train,Nc1ncc(cc1c2oc3ccccc3n2)c4cnn(c4)C5CCNCC5,1.85,1.8331316350397504,-0.016868364960249682
336,train,C(CNCc1ccccc1)NCc2ccccc2,0.73,0.7964796731893193,0.06647967318931935
3810,train,CCNCc1cncc(n1)c2ccc(F)cc2OC,1.18,0.9694109793662249,-0.21058902063377505
1995,train,OC[C@H]1CCCN1CCCOc2ccc3c(Nc4cc(CC(=O)Nc5cccc(F)c5F)[nH]n4)ncnc3c2,2.06,2.04150624034907,-0.01849375965093003
3564,train,O=C1C=C(Nc2ccccc12)c3occc3,2.21,2.197335087317513,-0.012664912682486928
1527,train,OC(=O)c1cc(nc2ccccc12)c3ccccc3,-0.7,-0.7634383937893143,-0.06343839378931437
799,train,CC(C)c1ccccc1Cc2cc(C(=O)Nc3ccc(cc3)S(=O)(=O)c4ccccc4C(C)(C)C)c(O)c(O)c2O,3.44,3.5019860654369586,0.061986065436958615
2877,train,COc1ccc(nc1OC)N2CCN([C@H](C)C2)C(=O)[C@@H]3CCCC[C@H]3C(=O)NC4(CC4)C#N,2.3,2.3870446878303344,0.08704468783033459
2088,train,Oc1ccc(Cl)cc1C(=O)Nc2ccc(F)cc2F,3.6,3.365501987288491,-0.23449801271150905
2681,train,CC(=O)Nc1nc(CCc2ccc(NC(=N)N)cc2)cs1,-0.82,-0.8014456534722894,0.018554346527710597
486,train,OCCN1CC=CC[C@@H](C1)c2ccc(Cl)c(Cl)c2,2.37,1.9221790506528873,-0.4478209493471128
3046,train,CCOc1nc2cccc(C(=O)O)c2n1Cc3ccc(cc3)c4ccccc4c5nnn[nH]5,0.3,0.4718866905733552,0.1718866905733552
949,train,Clc1cc(Nc2ncnc3[nH]nc(OCCN4CCCC4)c23)ccc1OCc5ccccn5,2.87,2.5125596406397626,-0.35744035936023755
117,train,CC(C(Cc1nc2ccccc2[nH]1)c3nc4ccccc4[nH]3)c5ccccc5,4.48,4.338118172372306,-0.14188182762769408
2759,train,COc1ccc(C(CN2CCCC2)N(C)C(=O)Cc3ccc(Cl)c(Cl)c3)c(OC)c1,3.07,2.965386218786624,-0.10461378121337583
2118,train,CN(C)C(=O)N[C@@H]1CC[C@@H](CCN2CCN(CC2)c3cccc(Cl)c3Cl)CC1,3.6,3.5193002600765277,-0.08069973992347235
4067,train,CCOC(=O)c1ccc(OCCC2(CCN(CC2)c3ccc(C)nn3)C#N)cc1,3.54,3.7145890484795965,0.17458904847959644
1916,train,CC(C)[C@@H](CN1CC[C@](C)([C@@H](C)C1)c2cccc(O)c2)NC(=O)[C@H]3Cc4ccc(O)cc4CN3,2.39,2.5178147186989026,0.12781471869890249
3415,train,O=C1C=C(Oc2c1cccc2c3cccc4c5CCCCc5sc34)N6CCOCC6,4.1,4.144571443280423,0.044571443280423395
2690,train,NC(=N)c1cc2c(I)cccc2s1,0.74,0.8952603024277179,0.15526030242771793
2555,train,O=C(N1CCOCC1)c2ccc(cc2)C(=C3CCN(Cc4cscn4)CC3)c5cccc6cccnc56,2.12,2.3309737443368026,0.2109737443368025
3783,train,COc1ccccc1C(=O)Nc2ccc(C)c(c2)N3C=Nc4ccc(cc4C3=O)N5CCN(C)CC5,2.93,2.697707863834043,-0.23229213616595734
74,train,Clc1ccc(CN2CC3CNCC(C2)O3)cc1C(=O)NCC45CC6CC(CC(C6)C4)C5,1.55,1.5028456152476215,-0.04715438475237854
2336,train,Nc1ccc(Cl)c(c1)c2oc3cccnc3n2,1.97,2.07415288619093,0.10415288619093022
2993,train,Clc1ccc2N(C3CCN(CCCN4C(=O)Nc5ccccc45)CC3)C(=O)Nc2c1,3.45,3.2278606100812803,-0.22213938991871984
3802,train,COC(=O)C1=C(C)NC(=C(C1c2ccccc2[N+](=O)[O-])C(=O)OC)C,3.29,2.8933704128164637,-0.39662958718353636
1351,train,O=C1NCCc2[nH]c(cc12)c3ccncc3,1.49,1.2617901710063182,-0.2282098289936818
2327,train,Oc1ccc(cc1)c2oc3c(cc(O)cc3n2)C#N,3.6,3.3617859487528685,-0.23821405124713158
1384,train,CN1CCN(CC1)c2ccc(Nc3ncc(F)c(N[C@@H]4[C@@H]5C[C@@H](C=C5)[C@@H]4C(=O)N)n3)cc2C,2.9,3.0236300365541884,0.12363003655418847
1050,train,CN1SC(=O)c2cc(ccc12)S(=O)(=O)NC3CC3,1.3,1.2057981906357609,-0.09420180936423916
3925,train,CC1=CN([C@H]2CCCN(C2)S(=O)(=O)c3ccc(O)c(Oc4ccc(Cl)c(C)c4)c3)C(=O)NC1=O,2.4,2.5343547566162656,0.13435475661626572
2420,train,OC1=C(CC2=C(O)c3ccccc3OC2=O)C(=O)Oc4ccccc14,1.22,1.381629502200333,0.16162950220033312
2142,train,CCOC(=O)N1CCN(CC1)C(=O)[C@H](Cc2cccc(c2)C(=N)N)NS(=O)(=O)c3c(cc(cc3C(C)C)C(C)C)C(C)C,1.67,1.59252292060035,-0.07747707939964998
1736,train,CCCNC(=O)c1nnc2c(cccc2c1N)c3cncc(c3)C(=O)N4CCC4,2.79,3.1084521927000437,0.31845219270004366
1955,train,Cn1cnc(c1Sc2ncnc3nc[nH]c23)[N+](=O)[O-],0.19,0.13748836982717938,-0.05251163017282062
2661,train,COc1ccc(NC(=O)c2ccc(c(C)c2)c3ccncc3)cc1N4CCN(C)CC4,2.56,2.618774935020354,0.058774935020354135
638,train,Cc1cc(Cl)ccc1OC2CCN(C[C@H](O)CNC(=O)C3=CNC(=O)c4c(F)cccc34)CC2,3.0,2.738242913978816,-0.2617570860211842
3745,train,CCN(CC)S(=O)(=O)c1ccc(NC(=O)[C@@](C)(O)C(F)(F)F)c(Cl)c1,3.66,3.788679768441151,0.1286797684411507
1798,train,CCN(C1CCN(CC[C@H](C2CCN(CC2)S(=O)(=O)C(F)(F)F)c3ccccc3)CC1)C(=O)Cc4ccc(cc4)S(=O)(=O)C,3.39,2.8976144897162603,-0.4923855102837398
1565,train,CNC(=O)c1ccc(Nc2nccc(n2)c3cnc(C4CC4)n3C(C)C)cc1,2.77,2.545259485717768,-0.22474051428223207
898,train,CC(=O)c1ccc2OCC(=O)N(CCN3CCC(CC3)NCc4ccc5OCC(=O)Nc5n4)c2c1,0.37,0.5028165826866282,0.13281658268662822
3051,train,CCNC(=O)c1cc2c(c(cnc2[nH]1)c3cncc(c3)C#N)n4ccc(n4)C(F)(F)F,2.62,2.393264756898638,-0.22673524310136228
1980,train,CCN(CC)CCOCCOC(=O)C1(CCCC1)c2ccccc2,1.33,1.3083181510483106,-0.021681848951689453
3257,train,CN1CCN(CC(=O)N2c3ccccc3C(=O)Nc4cccnc24)CC1,-0.49,-0.5334828263880498,-0.04348282638804979
2035,train,CCN(CC)C(=O)c1ccc(cc1)C(=C2CCNCC2)c3ccc(Cl)c(Cl)c3,2.4,2.4559875908953552,0.05598759089535532
1422,train,CNC(=O)c1ccc2C(=O)C=C(Nc2c1)c3cccnc3,1.01,1.402633279539172,0.39263327953917204
2343,train,Cc1ccc(cc1)C(=O)Oc2ccc(cc2OC(=O)c3ccc(C)cc3)C(O)CNC(C)(C)C,3.57,3.4935384580822113,-0.07646154191778853
4,train,Cc1cccc(C[C@H](NC(=O)c2cc(nn2C)C(C)(C)C)C(=O)NCC#N)c1,3.1,3.0184898400887787,-0.08151015991122135
3846,train,CCC(CC)NC(=O)c1c(C)nn(c1NS(=O)(=O)c2ccc(C)cc2)c3ccccc3,1.35,1.2372041440216766,-0.11279585597832353
1993,train,COc1ccc(CN(CCN(C)C)c2ccccn2)cc1,1.39,1.7187504016925443,0.32875040169254444
2492,train,NS(=O)(=O)c1cc2c(NC(NS2(=O)=O)C3CC4CC3C=C4)cc1Cl,2.12,1.9257078494445357,-0.19429215055546445
645,train,CCc1ccc(CCOc2ccc(CC3SC(=O)NC3=O)cc2)nc1,2.8,2.8322784229710445,0.03227842297104466
723,train,CC(C)(C)NS(=O)(=O)c1cncc(c1)c2ccc3nc(N)nn3c2,1.41,1.371210503692097,-0.03878949630790296
2688,train,CCNC(=O)c1cc2c(c(cnc2[nH]1)c3cncc(c3)C(=O)NC)n4ccc(n4)C(F)(F)F,2.21,2.146786198700106,-0.06321380129989418
1986,train,COc1cc2ncnc(Nc3cccc(C)c3)c2cc1OC,3.5,3.3937868708932974,-0.10621312910670255
1196,train,CCC(CC)CNC(=O)c1ccc2c(c1)c(Cc3ccc(cc3OC)C(=O)NS(=O)(=O)c4ccccc4C)cn2C,2.7,2.8585085220251614,0.1585085220251612
2481,train,CC1=C(OCc2ccc(F)cc2)C(=O)C=CO1,1.91,1.7352361979562971,-0.1747638020437028
373,train,CCCc1c(O)c(ccc1OCc2ccc(C(=O)O)c(Br)c2)C(=O)C,2.3,2.2801027296266967,-0.019897270373303133
2783,train,Cc1cc(nn1C[C@H](O)CN)c2ccc(Cl)c(c2)C(=O)NCC3(O)CCCCCC3,0.57,0.5628175568459066,-0.007182443154093332
1215,train,CC(C)C(NC(=O)CN1C(=O)C(=CC=C1c2ccccc2)NC=O)C(=O)C(F)(F)F,1.84,1.8499331040682532,0.009933104068253096
3711,train,CN1C(=O)C=C(CCc2cccc(c2)c3cccnc3)N=C1N,2.5,2.2247249128701814,-0.27527508712981863
2609,train,OCCCN(Cc1ccc(F)cc1)C(=O)CC2CCN(Cc3ccn(c3)c4ccc(cc4)C(F)(F)F)CC2,3.04,3.0729369577761867,0.03293695777618666
839,train,NC1(CCC1)c2ccc(cc2)c3ncc4cccnc4c3c5ccccc5,1.7,1.9694191456052033,0.2694191456052033
1800,train,Cc1cc(N)n(n1)c2ccccc2,1.25,1.2039853907186733,-0.046014609281326724
200,train,CN1CCCN(CC1)C(c2ccccc2)c3ccc(Cl)cc3,2.36,2.2904254303284235,-0.06957456967157638
3244,train,NC(=O)Nc1sc(cc1C(=O)N2CCOCC2)c3ccccc3,2.24,2.4412305181883225,0.20123051818832227
318,train,CN1CCN(CC1)c2ccc(NC(=O)c3oc(Nc4ccccc4F)nn3)cn2,2.36,2.410977137037128,0.05097713703712792
2824,train,CC[C@@H]1COCCN1c2cc(nc(n2)c3cccc4[nH]ccc34)C5(CC5)S(=O)(=O)C,3.0,2.8553152019300976,-0.14468479806990242
304,train,CC[C@@H](NC1=C(Nc2cccc(C(=O)N(C)C)c2O)C(=O)C1=O)c3oc(C)cc3,2.32,2.2313330308261934,-0.08866696917380645
1566,train,CC(C)CC(N1NC(=O)c2nc3cc(Cl)ccc3c(O)c2C1=O)c4ccccn4,1.83,2.3404926692821446,0.5104926692821445
2663,train,CCOC(=O)C1=Cc2ccc(O)cc2OC1=O,1.2,1.43827374834055,0.23827374834055015
3062,train,Fc1ccc(C2CCN(CC2)C(=O)COCc3ccncc3)c(Cl)c1,2.7,2.2072099439090125,-0.4927900560909877
1361,train,Cc1c(Sc2ccc(Cl)cc2)c3cc(Cl)ccc3n1Cc4nnn[nH]4,3.25,3.4673746424006975,0.21737464240069748
3159,train,CN(C)CC(O)COc1ccc(Nc2nccc(Nc3ccccc3)n2)cc1,1.58,1.4005544115504973,-0.17944558844950276
3690,train,CCC(C)(C)C(=O)O[C@H]1C[C@@H](C)C=C2C=C[C@H](C)[C@H](CC[C@@H](O)C[C@@H](O)CC(=O)O)[C@@H]12,1.55,1.6692967512259882,0.11929675122598815
728,train,CC1=CC2=NNC(=O)N2c3cc(ccc13)c4ccccc4CO,3.18,3.017332397248316,-0.16266760275168402
2740,train,NC(=O)Nc1sc(cc1C(=O)N[C@H]2CCCNC2)c3cc(F)cc(F)c3,2.18,2.060377393308926,-0.11962260669107394
1486,train,Oc1ccc(cc1)c2nc3ccccc3nc2c4ccc(O)cc4,2.7,2.711258212516319,0.011258212516318977
3797,train,COc1ccc(cc1)c2nc3c(NCC4CCNCC4)c(Br)cnc3[nH]2,1.36,1.2480428413685847,-0.11195715863141542
3098,train,CCN(C1CCN(CC[C@H](c2ccc(cc2)S(=O)(=O)C)c3cc(F)cc(Cl)c3)CC1)C(=O)Cc4ccc(cc4)S(=O)(=O)C,2.71,2.5004050889431393,-0.20959491105686068
1567,train,CC(C)C[C@H](NC(=O)N1CCOCC1)C(=O)N[C@@H](CCc2ccccc2)\C=C\S(=O)(=O)c3ccccc3,3.4,3.1801959636572654,-0.2198040363427345
1781,train,C[C@H](NC(=O)c1c(C)nn(c1NS(=O)(=O)c2cccc(CN3CCOCC3)c2)c4ccccc4)C(C)(C)C,0.29,0.6461034053209114,0.3561034053209114
3063,train,FC(F)(F)c1nnc2ccc(nn12)N3CCCCCC3,3.29,3.3426293351620324,0.05262933516203239
2469,train,NC(=N)c1cc2c(cccc2s1)c3ccccc3,1.27,1.3415927635492668,0.0715927635492668
621,train,C[C@H]1CN(CCN1c2ncc(OCc3ccc(cc3)S(=O)(=O)C)cn2)C(=O)OC(C)(C)C,3.5,3.554398240450941,0.05439824045094088
2256,train,CC(C)(C)OC(=O)N1CCN(CC1)c2ncc(OCc3ccncc3F)cn2,3.6,3.411254624409093,-0.1887453755909072
759,train,COc1ccc2c(C)cc(N[C@H]3CCC[C@@H](C3)NCc4ccsc4)nc2c1,2.46,2.3210904046238636,-0.13890959537613634
3716,train,O=C1CCOc2nc(OCc3ccccc3)ccc12,3.1,2.8213546787371633,-0.2786453212628368
2373,train,COc1ccc(N(C(C(=O)NC[C@@H](C)O)c2ccccc2F)C(=O)c3occc3C)c(OC)c1,2.04,1.907364824712428,-0.13263517528757207
3793,train,COc1cc(ccc1Nc2ncc(Cl)c(n2)c3cnc4cc(C)ccn34)N5CCN(CC5)C(=O)C,3.3,3.087434971770449,-0.2125650282295508
1415,train,OB(O)c1ccccc1C=O,0.83,0.6242935876636084,-0.20570641233639153
196,train,Cc1cccc(CN2CCN(CC2)C(c3ccccc3)c4ccc(Cl)cc4)c1,3.39,3.359710172071159,-0.030289827928841273
3880,train,Fc1ccc(NC(=S)N2CCC(CC2)C(=O)c3ccc(F)cc3)cc1,3.4,3.5755624781885325,0.17556247818853254
136,train,Nc1nnc(CCSCCc2nnc(NC(=O)Cc3ccccc3)s2)s1,2.0,1.9013288681357037,-0.09867113186429632
2997,train,COc1cc(OC)c(cc1NC(=O)C)S(=O)(=O)N(C(C)C)c2ccccc2,1.6,1.4815552090513338,-0.11844479094866633
81,train,COC(=O)c1ccc(C)c(NS(=O)(=O)c2ccc3N(C)SC(=O)c3c2)c1,2.6,2.764052631231093,0.16405263123109304
3192,train,CCn1c2ccccc2c3cc(NC(=O)C)ccc13,3.5,3.3070570907864685,-0.19294290921353152
1522,train,CCOC(=O)c1ccc(CCN2CCN(CC2)c3ccc(C)nn3)cc1,2.58,2.280322356202946,-0.29967764379705386
589,train,COC1=CC(=N/C/1=C\c2[nH]c(C)cc2C)c3cc4ccccc4[nH]3,2.55,2.59291227014994,0.042912270149940035
1138,train,NC(=O)N1c2ccccc2C[C@H](O)c3ccccc13,0.79,0.8544275881785395,0.06442758817853944
1807,train,O=C1C=CN=C2C=C(C=CN12)C#Cc3ccccc3,2.9,2.92392956376649,0.023929563766490247
1515,train,CC(C)(C)OC(=O)N[C@@H](Cc1ccccc1)C(=O)O,-1.1,-0.9347709910291879,0.16522900897081216
1580,train,OC(=O)[C@H](Cc1ccccc1C#N)N2CCC(CN3CCC(CC3)Oc4ccc(Cl)c(Cl)c4)CC2,2.12,1.8955877000289991,-0.22441229997100098
3939,train,COC(=O)c1cccc(CN2NC(=O)C3=C(C2=O)C(=O)c4ccc(Cl)cc4N3)c1,1.1,1.2028769055536361,0.10287690555363604
108,train,COc1ccccc1CNc2cc(C)ccn2,3.28,3.193224816043596,-0.08677518395640371
3638,train,COc1c(cc2ccccc2c1C(=O)N(C)C[C@@H](CCN3CCC(CC3)c4ccc(O)cc4[S+](C)[O-])c5ccc(Cl)c(Cl)c5)C#N,3.5,3.2937383025631446,-0.2062616974368554
123,train,Nc1c(NC2CC3CCC2C3)nc(nc1N4CCOCC4)C#N,3.53,3.4699018936810475,-0.060098106318952293
2448,train,Oc1ccc(CCNCCCS(=O)(=O)NCCOCCSc2ccccc2)c3sc(O)nc13,1.84,1.7159953282779445,-0.12400467172205554
2203,train,COc1cc2cc(nc(C)c2cc1OC)c3ccc(O)cc3O,3.9,3.824952589244063,-0.0750474107559369
1563,train,CC(C)COc1cc(OC(C)C)cc(c1)C(=O)Nc2ccc(cn2)C(=O)O,1.6,1.3722965589089213,-0.22770344109107876
2695,train,Cc1ccc2NC(=O)OC3(CCN(CCc4nc(oc4C)c5ccccc5)CC3)c2c1,4.2,4.337412204130484,0.1374122041304835
1295,train,CC(N(O)C(=O)N)c1cc2ccccc2s1,2.05,2.0507544602623766,0.0007544602623767993
1701,train,CCC(CO)NCCNC(CC)CO,-1.42,-1.5529820604696987,-0.13298206046969874
3568,train,c1ccc(cc1)c2ccc3ccccc3n2,4.0,3.8579044836760232,-0.14209551632397677
1833,train,N[C@@H]1CCCN(C1)c2c(Cl)cccc2\C=C\3/SC(=O)NC3=O,1.97,2.147651944377514,0.1776519443775142
3075,train,CCN(CCCOCCOCCc1ccccc1)CCc2ccc(O)c3nc(O)sc23,2.45,2.390105045780464,-0.05989495421953617
3297,train,Nc1cccc(NS(=O)(=O)c2ccc(cc2)c3ccc(cc3)C#N)n1,2.2,1.892680900955095,-0.3073190990449053
3353,train,c1ccc(nc1)c2n[nH]c(n2)c3ccncc3,1.48,1.5165206945714007,0.036520694571400725
2439,train,CC1=CN([C@H]2CCCN(C2)S(=O)(=O)c3ccc(CO)c(Oc4cccc(Cl)c4)c3)C(=O)NC1=O,2.69,2.7150577882308617,0.0250577882308618
2881,train,CCOc1ccc2oc(C(=O)NC(CCSC)c3nc4cnccc4[nH]3)c(C)c2c1,4.31,4.4832186576139925,0.1732186576139929
116,train,NC1(CCC1)c2ccc(cc2)c3nc4C=CN5C(=O)NN=C5c4cc3c6ccccc6,2.5,2.5238133639194653,0.023813363919465314
3652,train,C[C@H]1C[C@H]2[C@@H]3CC[C@](O)(C(=O)CO)[C@@]3(C)C[C@H](O)[C@@H]2[C@@]4(C)C=CC(=O)C=C14,2.12,2.281034111658971,0.16103411165897086
2834,train,Oc1ccccc1NC(=O)c2cc(ccc2Cl)[N+](=O)[O-],2.49,2.211293417751632,-0.2787065822483683
2502,train,CN(C)CCCNC(=O)c1nc(Cl)c(N)nc1N,-1.0,-0.8306577853849402,0.16934221461505983
2465,train,Nc1cc(nc2ccccc12)c3ccccc3,2.2,2.106517180681491,-0.09348281931850932
3572,train,COc1ccc2nc(C)cc(c2c1)n3cc(CNC(=O)C)nn3,1.6,1.5343398506091948,-0.06566014939080533
610,train,COc1ccc(C=NN=Cc2ccc(OC)c(OC)c2)cc1OC,3.38,3.5181028459180963,0.1381028459180964
2468,train,C[N+]1(C)[C@@H]2C[C@H](C[C@H]1[C@@H]3O[C@H]23)OC(=O)C(O)(c4cccs4)c5cccs5,-0.25,-0.5813906076994213,-0.3313906076994213
1785,train,CC(C)c1nnc2ccc(cn12)c3ocnc3c4cc(F)ccc4F,2.44,2.407370282744608,-0.03262971725539199
2897,train,COc1cccc(c1)c2cc3c(N[C@H]4CCCNC4)ncc(C(=O)N)c3s2,1.82,1.7134403271257674,-0.10655967287423262
2235,train,CC(C)C(=O)Nc1ccc(c(c1)C(F)(F)F)[N+](=O)[O-],3.46,3.466254151462098,0.006254151462098179
221,train,CC(Cc1cccc(CNCCc2c(Cl)cccc2Cl)c1)NC[C@H](O)c3ccc(O)c4NC(=O)Sc34,2.41,2.8058026009586237,0.3958026009586235
3543,train,CC(C)C(NC(=O)CN1C(=O)C(=CC=C1c2ccccc2)NC(=O)CN3C(=O)CCC3=O)C(=O)C(F)(F)F,0.96,0.9420480241456479,-0.017951975854352042
2057,train,CS(=O)(=O)c1cccc(Nc2nccc(Nc3c(Cl)ccc4ccoc34)n2)c1,3.7,3.6477204842790925,-0.05227951572090772
2097,train,C[C@H](O)C(=O)N1CCN(Cc2sc3c(nc(nc3c2C)c4cnc(N)nc4)N5CCOCC5)CC1,1.9,2.13746245743873,0.2374624574387303
1903,train,CCOC(=O)c1ccc(N)cc1,1.83,1.6909239660997646,-0.13907603390023549
2389,train,C[C@@H]1CN(CCN1C(=O)[C@@H]2CCCC[C@H]2C(=O)NC3(CC3)C#N)c4ccccc4,2.35,2.171916078914751,-0.17808392108524895
1291,train,CC[C@H](Nc1ncnc2[nH]cnc12)C3=Nc4cccc(F)c4C(=O)N3c5ccccc5,2.72,2.882932291339559,0.16293229133955878
3974,train,NC(=O)Nc1sc(cc1C(=O)N)c2ccc(CN3CCCCC3)cc2,1.75,1.7027196026795548,-0.0472803973204452
2364,train,CC(C)(C)OC(=O)N1CCC(CC1)c2ncc(OCc3ccc(cc3)S(=O)(=O)C)cn2,2.8,3.090239721769071,0.2902397217690713
2424,train,Cc1nnc2CN=C(c3ccccc3)c4cc(Cl)ccc4n12,1.98,1.8892578356452856,-0.09074216435471438
3359,train,CC[C@H](C)[C@@H](CO)NS(=O)(=O)c1ccc(Cl)s1,2.7,2.637985035410774,-0.062014964589226285
1102,train,NCCc1ccc(O)c2nc(O)sc12,0.33,0.21565271346028503,-0.11434728653971499
1253,train,OCC[C@]1(CCCNC1)c2ccc(Cl)c(Cl)c2,0.62,0.5233267573830684,-0.09667324261693155
1309,train,N[C@H](Cc1c[nH]c2ccccc12)C(=O)O,-0.92,-0.9913160277830797,-0.07131602778307966
1014,train,CN[C@@H](C)[C@H](O)c1ccccc1,-1.15,-1.43649845082271,-0.2864984508227102
1082,train,COc1ccc2CC3C4C=CC(O)C5Oc1c2C45CCN3C,0.8,0.5199987857078694,-0.28000121429213065
972,train,Fc1cnc(NC(=O)[C@H](CC2CCOCC2)c3ccc(cc3)S(=O)(=O)C4CC4)s1,3.19,3.224690654515605,0.03469065451560516
1548,train,CN1CCN(CC1)C(=O)c2cc3ccccc3[nH]2,1.7,1.6117021798119775,-0.08829782018802246
3324,train,Cc1cnc([nH]1)c2cc(NC(=O)c3ccc(nc3C)C(F)(F)F)ccc2Cl,3.3,3.136664107082299,-0.16333589291770068
518,train,C(N(Cc1ccccc1)c2nn[nH]n2)c3ccccc3,1.37,1.303196214861254,-0.06680378513874619
818,train,CCCSc1c(cnn1c2ccc(cc2)C(=O)O)C(=O)N(C)C3CCCCC3,0.59,0.3588772786101062,-0.23112272138989376
878,train,Clc1ccc(CN2C[C@@H]3C[C@H]2CN3)cc1C(=O)NCC45CC6CC(CC(C6)C4)C5,1.45,1.473839522538745,0.023839522538745106
2114,train,Clc1cccc(NC(=O)N2CCN(C[C@@H]3CCCN(C3)C4CC4)CC2)c1,2.74,2.6991415473027347,-0.04085845269726551
474,train,CN1CCN(CC1)C(=O)c2cc3cc(Br)ccc3[nH]2,2.79,2.5963835203084336,-0.19361647969156648
2833,train,Cc1nccn1CC2CCc3c(C2=O)c4ccccc4n3C,1.67,1.0979429938555545,-0.5720570061444454
129,train,CNCC[C@H](Oc1ccc(cc1)C(F)(F)F)c2ccccc2,1.89,1.807316669754718,-0.08268333024528185
2977,train,COc1ccc(C[C@@H](C)NC[C@H](O)c2ccc(O)c(NC=O)c2)cc1,0.42,0.10370872403713927,-0.3162912759628607
132,train,[O-][S+](c1ccccc1)c2ccc3nnnn3n2,0.79,0.6604523895631067,-0.12954761043689333
2430,train,COCCNS(=O)(=O)c1ccc(cc1)c2cnc(N)c(n2)C(=O)Nc3cccnc3,2.26,2.2906136855307904,0.03061368553079058
1780,train,CCCCCC1=CC(=O)NC(=N1)N,1.62,1.6452470300543807,0.02524703005438056
2845,train,CCOC(=O)c1ncn2c1CN(C)C(=O)c3cc(F)ccc23,1.1,1.115379762410838,0.015379762410837827
2312,train,CC(N1NC(=O)C2=C(C1=O)C(=O)c3ccc(Cl)cc3N2)c4oc5ccccc5c4,2.1,2.1670662507547873,0.06706625075478723
3961,train,Nc1cc(nc2c(cnn12)C#N)c3ccccc3,2.48,2.4670248507966335,-0.01297514920336651
1087,train,CC(O)(C(=O)Nc1ccc(cc1)S(=O)(=O)c2ccc(F)cc2)C(F)(F)F,3.12,2.998250118806365,-0.12174988119363528
3819,train,Oc1ccc2C(=O)N(C(=O)c2c1)c3ccccc3,2.3,1.9247829915077752,-0.3752170084922246
227,train,Cc1cc(OC2CCN(CC3CCN(CC3)[C@@](C)(Cc4ccc(F)cc4)C(=O)O)CC2)ccc1Cl,2.08,2.0997876210908046,0.019787621090804564
2304,train,CCOc1cc2nnc(C(=O)N)c(Nc3cc(C)ccc3F)c2cc1N4CCN(C)CC4,3.02,3.0522960854968915,0.03229608549689145
641,train,C1Oc2ccc(Oc3ccnc(Oc4ccc(cc4)n5ccnc5)n3)cc2O1,3.27,3.270849834447562,0.0008498344475618147
1206,train,CN(C)CCCNc1cc(nc2c(cnn12)C#N)n3ccc4ccc(NC(=O)C)cc34,1.62,1.783319752419528,0.16331975241952779
139,train,COC1\C=C\OC2(C)Oc3c(C)c(O)c4C(=O)C(=CC(=O)c4c3C2=O)NC(=O)\C(=C/C=C/C(C)C(O)C(C)C(O)C(C)C(OC(=O)C)C1C)\C,0.7,0.6267626073476369,-0.07323739265236306
3285,train,C[C@@H]1CN(CCN1c2ncc(OCc3ccc(cc3)S(=O)(=O)C)cn2)C(=O)OC(C)(C)C,3.6,3.554398240450941,-0.045601759549059206
3863,train,COCCOc1cc(Nc2nccc(n2)N(C)c3cc(CO)ccc3C)cc(c1)N4CCOCC4,3.3,3.160643518993163,-0.13935648100683684
2594,train,Oc1ccc(CCNCCS(=O)(=O)CCCOCCNc2ccccc2)c3sc(O)nc13,1.98,1.9369256272944104,-0.04307437270558956
2415,train,C[C@H]1COCCN1c2cc(nc(n2)c3cccc4[nH]ccc34)C5(CC5)S(=O)(=O)C,2.8,2.8359676462160155,0.03596764621601567
2916,train,COc1ccccc1CCNCc2ccc(CCNC[C@H](O)c3ccc(O)c4NC(=O)Sc34)cc2,0.8,0.9362030096921701,0.13620300969217003
2748,train,CCC(CC)NC(=O)c1cn(nc1NS(=O)(=O)c2ccc(C)cc2)c3ccccc3,2.51,2.4092665479497564,-0.10073345205024342
237,train,COc1ccc2nc(N[C@H]3CCC[C@@H](C3)NCc4ccsc4)ccc2c1,2.43,2.5716413823220483,0.14164138232204815
2188,train,Nc1[nH]nc2cccc(Cl)c12,1.92,2.0454827214965117,0.12548272149651174
309,train,Nc1nc(cs1)c2ccccc2,2.43,2.5677228272347747,0.13772282723477458
1913,train,Cc1cc(CNc2ncc(Cl)c(Nc3cc(C)[nH]n3)n2)on1,2.68,2.516538224594849,-0.16346177540515106
4003,train,O=C1NC(=O)C(Cc2cccc(Oc3ccccc3)c2)S1,2.84,2.8375713156223634,-0.0024286843776364364
1542,train,C[C@H]1O[C@H]([C@H](O)[C@H]1Cl)n2cnc3c(N)nc(OC4CCCC4)nc23,3.18,3.1947627053133587,0.014762705313358548
946,train,Nc1ccccc1NC(=O)c2ccc(cc2)c3nccs3,2.3,2.1926692941417953,-0.10733070585820448
1820,train,COc1ccc2c(C)cc(N[C@H]3CC[C@@H](C3)NCc4cn(C)c5ccccc45)nc2c1,2.53,2.6875801670891333,0.15758016708913347
3001,train,Fc1ccc(cc1)c2ncn(C3CCNCC3)c2c4ccncc4,0.3,0.21587960101335968,-0.08412039898664031
176,train,CC1CC(CC(C)(C)C1)OC(=O)C(O)c2ccccc2,2.31,2.33162644145162,0.02162644145162007
3710,train,O[C@@H](CNCCc1cccc(CNCc2ccccc2F)c1)c3ccc(O)c4NC(=O)Sc34,0.69,0.9262809208058769,0.23628092080587693
562,train,OC(=O)C(N1CCC(CN2CCC(CC2)Oc3ccc(Cl)c(Cl)c3)CC1)c4ccccc4,2.17,2.11391291692318,-0.056087083076819866
3761,train,O=C(N1CCCCC1)c2csc3CCCCc23,3.2,3.3291202518331993,0.12912025183319908
3180,train,N(c1ccccc1)c2ccnc(Nc3ccccc3)n2,4.06,3.930357098509454,-0.1296429014905458
3566,train,Cc1onc(C)c1CCC2CCN(CC2)S(=O)(=O)CC3(CCC(F)(F)CC3)N(O)C=O,2.1,2.0090980834477614,-0.09090191655223867
1569,train,CC1=C(C(=O)c2cc(O)c(O)c(CCc3ccc(C)cc3)c2C1=O)C4=C(C)C(=O)c5c(CCc6ccc(C)cc6)c(O)c(O)cc5C4=O,3.36,3.8001679278141918,0.4401679278141919
2734,train,CC(C)(C)NC(=O)[C@@H]1CN(Cc2cccnc2)CCN1C[C@@H](O)C[C@@H](Cc3ccccc3)C(=O)N[C@@H]4[C@H](O)Cc5ccccc45,2.9,2.760746658158949,-0.1392533418410511
2485,train,COc1ccccc1OCC(O)COC(=O)N,0.36,0.051397915135271255,-0.30860208486472873
2413,train,O[C@@]1(CN2CCC1CC2)C#Cc3ccc(Oc4ccc(cc4)C(=O)NCc5ccncc5)cc3,2.31,2.1993275784383113,-0.11067242156168877
884,train,CCN(CC)c1ccc2C=C(C(=O)C)C(=O)Oc2c1,2.0,1.912208058009313,-0.08779194199068696
2796,train,Oc1ccc(CCc2ccc(O)cc2)cc1,3.3,3.4571943215465195,0.1571943215465197
2214,train,COc1ccc(cc1)c2csc(n2)N(CCCN3CCOCC3)C(=O)c4occc4,3.34,3.0677933105495137,-0.2722066894504862
3673,train,CN[C@@H](C)C(=O)N[C@@H](C1CCCCC1)C(=O)N[C@H]2CCCN(Cc3ccccc3)C2,2.01,1.577471131314157,-0.43252886868584284
2627,train,Cc1ccc(cc1)C(=O)C2CCN(CC2)C(=O)c3ccc(C)cc3,3.43,3.2807160641359023,-0.14928393586409783
122,train,NC(=N)NC(=O)c1nc(Cl)c(NCc2ccccn2)nc1N,-0.56,-0.8089007356186246,-0.24890073561862458
3509,train,CCOc1cccc2c3CN(CCc3[nH]c12)C(=O)[C@@H]4CCCC[C@H]4C(=O)NC5(CC5)C#N,3.1,3.276600456202311,0.17660045620231113
4101,train,CC(C)S(=O)(=O)NCC(C)c1ccc(cc1)c2ccc(cc2)C#N,3.5,3.3950712729919132,-0.10492872700808675
1328,train,NC1=NC2(CCN(CC2)C(=O)c3ccc(cc3)C#N)Nc4cccc(F)c14,0.66,0.2690991103812803,-0.3909008896187197
3649,train,Cc1nc(C)c(nc1C(=O)N)c2ccc3c(CC[C@@]34CC[C@@H](CC4)c5nnn[nH]5)c2,1.4,1.4518406319205468,0.05184063192054689
952,train,O=C(NC1(CC1)C#N)[C@@H]2CCCC[C@H]2C(=O)N3CCc4[nH]c5ccccc5c4C3,2.66,3.0757382570135454,0.4157382570135453
504,train,CN1[C@@H]2CC[C@H]1C[C@H](C2)OC(c3ccccc3)c4ccccc4,1.49,1.256683978917526,-0.23331602108247407
3817,train,FC(F)(F)c1cccc(c1)S(=O)(=O)NC(=O)N2CCC(CC2)N3CCC(CC3)Oc4ccc(Cl)c(Cl)c4,2.94,2.731861665603163,-0.20813833439683682
2974,train,CCN(C1CCN(CC[C@H](N2CCN(CC2)S(=O)(=O)C(F)(F)F)c3ccccc3)CC1)C(=O)Cc4ccc(cc4)S(=O)(=O)C,2.86,2.740570416505611,-0.11942958349438904
3444,train,CC(=O)Nc1cccc(OCc2cnc(Cl)s2)c1,2.38,2.3548954548464347,-0.025104545153565194
2683,train,CC(C)n1c(C)ncc1c2nc(Nc3ccc(cc3)C(=O)N4CC[C@@H](C4)N(C)C)ncc2F,2.16,2.1412302573933055,-0.018769742606694617
3404,train,COc1cc2ncc(C(=O)N)c(Nc3cc(F)ccc3F)c2cc1OC,2.9,2.95110387737133,0.05110387737133015
1397,train,CC[C@H](C)[C@H](N)C1=N[C@@H](CS1)C(=O)N[C@@H](CC(C)C)C(=O)N[C@H](CCC(=O)O)C(=O)N[C@@H]([C@@H](C)CC)C(=O)N[C@H]2CCCCNC(=O)[C@H](CC(=O)N)NC(=O)[C@@H](CC(=O)O)NC(=O)[C@H](Cc3cnc[nH]3)NC(=O)[C@@H](Cc4ccccc4)NC(=O)[C@@H](NC(=O)[C@@H](CCCN)NC2=O)[C@@H](C)CC,-0.46,-0.8872278401579923,-0.42722784015799226
1637,train,COc1ccc(Cl)c(c1)C(=O)NCC23CC4CC(CC(C4)C2)C3,4.39,4.041751554201388,-0.34824844579861125
3479,train,COc1cc(O)ccc1\C=C\2/CCCN=C2c3cccnc3,2.2,2.174844696864561,-0.025155303135439233
1302,train,Cc1ccc(cc1)c2nn(c3ncnc(N)c23)C(C)(C)C,4.1,3.7429481234515682,-0.3570518765484314
1496,train,Nc1[nH]nc2ccccc12,1.0,0.987306627278693,-0.012693372721306995
3456,train,Nc1c(c(CN2CCOCC2)nn1c3ccc(F)cc3)c4ccccc4,2.33,2.011022278251886,-0.318977721748114
2265,train,COc1cc2ncnc(Nc3cc(NC(=O)c4cccc(c4)N5CCOCC5)ccc3C)c2cc1OC,3.6,3.5424450909976444,-0.057554909002355714
3158,train,CN(CCOc1ccc(C[C@H](Nc2ccccc2C(=O)c3ccccc3)C(=O)O)cc1)c4ccccn4,2.15,1.9510668469521997,-0.19893315304780024
850,train,CCC(CC)NC(=O)c1cnn(c1NS(=O)(=O)c2ccc(C)cc2)c3ccccc3,0.79,0.8876472041718586,0.09764720417185857
2809,train,CN(Cc1ccc(Cl)cc1)C(=O)C2(N)CCN(CC2)c3ncnc4[nH]ccc34,2.8,2.5378812549004053,-0.26211874509959454
2728,train,COc1ccc2c(c1)c(c(C)n2CC(=O)O)c3ccnc4cc(Cl)ccc34,1.16,0.896966416309076,-0.2630335836909239
3009,train,CCc1cc(C(=O)N[C@@H](Cc2cccc(Cl)c2)C(=O)NCC#N)n(C)n1,2.6,2.615929458849737,0.015929458849736733
2524,train,Fc1cc2[nH]cnc2cc1Cl,2.35,2.4470694219187292,0.09706942191872914
2859,train,Clc1ccc(OC2CCN(CC2)C3CCN(CC3)C(=O)NS(=O)(=O)c4cccc(c4)C#N)cc1Cl,1.81,1.7710125764278548,-0.03898742357214524
56,train,COCCNC(=O)c1cccc(Nc2ncc3cc(ccc3n2)c4ccncc4)c1,3.21,2.6771772361880304,-0.5328227638119696
2726,train,CC(C)NCC(O)COc1ccc(CCOCC2CC2)cc1,0.63,0.4829613337216545,-0.1470386662783455
2928,train,CC12CCC3C(CCC4=CC(=O)CCC34C)C1CCC2O,3.3,3.325624702564142,0.025624702564142066
3929,train,Nc1nccc2ccccc12,1.5,1.2908962639009762,-0.20910373609902377
1599,train,Cc1ccc(NC(=O)c2ccc(Cl)c(c2)C(F)(F)F)cc1C(=O)Nc3cccnc3,2.83,2.855491406427115,0.025491406427114782
3401,train,CN1c2ccccc2C(NCCCCCCC(=O)O)c3ccc(Cl)cc3S1(=O)=O,1.33,1.3873535962278694,0.057353596227869286
2597,train,C(Nc1ncnc2ccccc12)c3ccccc3,3.21,3.254721767101458,0.04472176710145792
779,train,Cc1cccc(c1)N(Cc2cc(F)c(F)cc2F)C(=O)O[C@H]3CN4CCC3CC4,2.24,2.119573297676346,-0.12042670232365404
4176,train,CC(C)C(NC(=O)CN1C(=O)C(=CN=C1c2cccs2)N)C(=O)C(F)(F)F,0.68,0.37664222893971955,-0.3033577710602805
1766,train,CC(NC(C)(C)C)C(=O)c1cccc(Cl)c1,2.12,1.8557755304507833,-0.26422446954921686
1882,train,Oc1ccc2C(=O)C(=COc2c1)c3ccc(O)c(O)c3,1.88,2.1690128395616948,0.2890128395616949
3342,train,CCN(CC)C(=O)c1ccc(cc1)C(=C2CCNCC2)c3ccccc3OC,1.0,0.8728759330200435,-0.12712406697995648
171,train,CC(=O)Nc1nc(C)c(s1)c2cnc(F)c(NS(=O)(=O)c3sc(C)nc3C)c2,0.55,0.7548706814375745,0.20487068143757448
174,train,CCOc1ncc(C)c2NC(=C([C@@H](c3ccc(cc3OC)C#N)c12)C(=O)N)C,2.51,2.4476444409596883,-0.06235555904031154
2770,train,CC(C)NC[C@@H](O)COc1cccc2ccccc12,1.13,1.0403019809462062,-0.08969801905379371
994,train,CSCCC(NC(=O)c1ccccc1)c2nc3ccccc3n2Cc4ccc(cc4)C#N,4.24,4.316830138574387,0.07683013857438681
792,train,C1CN2C[C@@H](N=C2S1)c3ccccc3,0.81,0.8485876060852378,0.0385876060852377
243,train,CC1=CN([C@H]2CCCN(Cc3ccc(C(=O)O)c(Oc4cccc(c4)C(F)(F)F)c3)C2)C(=O)NC1=O,-0.38,-0.4266604855885223,-0.046660485588522316
447,train,CCn1nc(C)c(C(=O)N[C@@H](C)C(C)(C)C)c1NS(=O)(=O)c2ccc(C)cc2,0.95,0.4278969611132397,-0.5221030388867602
497,train,CCOc1ccc(Oc2ccc(cc2)S(=O)(=O)NC(=O)c3cccc(c3)c4ccc(Cl)c(Cl)c4)cc1,2.94,2.99450733687095,0.054507336870949885
1045,train,O[C@@H](CNCCc1cccc(CNCCc2ccccn2)c1)c3ccc(O)c4NC(=O)Sc34,-0.07,-0.10553192349938456,-0.035531923499384555
1619,train,COc1ccnc(c1)N(C)c2ccnc(Nc3cc(cc(c3)N4CCOCC4)N5CCOCC5)n2,2.23,2.6749124584362853,0.44491245843628535
202,train,Clc1ccc2C(=O)C3=C(Nc2c1)C(=O)NN(Cc4ccccn4)C3=O,1.1,0.7532646396328577,-0.34673536036714236
1126,train,CCOC(=O)c1ccc(OCCC2CCN(CC2)c3ccc(C)nn3)nc1,3.76,3.653521789089899,-0.10647821091010057
1698,train,Cc1nc(N)c2nc(O)n(Cc3ccccc3)c2n1,2.04,1.842967958130474,-0.19703204186952594
1182,train,CC(C)Oc1cc(n[nH]1)n2cnc3ccc(N[C@@H](CO)c4ccc(F)cn4)nc23,2.79,2.8872152611944295,0.09721526119442947
1883,train,Brc1ccc2oc3C(=O)NC(=Nc3c2c1)[C@@H]4CCCN4,2.19,2.275856819509979,0.08585681950997914
2549,train,COc1ccc(N(C(C(=O)NC2CCCC2)c3ccccc3F)C(=O)c4ccccc4)c(OC)c1,3.86,3.79566152116751,-0.06433847883248989
0,train,Cn1c(CN2CCN(CC2)c3ccc(Cl)cc3)nc4ccccc14,3.54,3.315660054288932,-0.2243399457110682
4001,train,COc1cc(ccc1Nc2nccc(n2)c3cnc4ccccn34)N5CCN(CC5)C(=O)C,3.0,2.7046236566966684,-0.2953763433033316
381,train,Cc1ccc(NC(=O)c2cccc(c2)C(F)(F)F)cc1NC(=O)c3ccc4ncccc4c3,3.87,3.7543620914574447,-0.1156379085425554
2769,train,CCCCCCN1CC[C@@]2(C)[C@@H](C)C1Cc3ccc(O)cc23,2.5,2.4057825012182437,-0.09421749878175634
2811,train,OC(=O)[C@H](Cc1ccc(NC(=O)Cc2ccc3CCCNc3n2)cc1)NC(=O)c4c(Cl)cccc4Cl,-0.63,-0.6066780738017274,0.023321926198272558
3934,train,CCN(C1CCN(CC[C@H](C2CCN(CC2)S(=O)(=O)C)c3ccccc3)CC1)C(=O)Cc4ccc(cc4)S(=O)(=O)C,1.05,0.8678901581211753,-0.18210984187882473
3021,train,CCC(CC)NC(=O)c1cnn(c1NS(=O)(=O)c2ccc(cc2)c3ocnc3)c4ccccc4,0.8,0.9349419002320831,0.13494190023208308
2083,train,CSc1ncccc1C(=O)NCc2ccc(C)cc2,2.71,2.751684599626721,0.04168459962672122
3601,train,CCCCn1c(Cc2cc(OC)c(OC)c(OC)c2)nc3c(N)ncnc13,2.39,2.0657671319345594,-0.3242328680654407
2042,train,OC(CCN1CCCCC1)(C2CC3CC2C=C3)c4ccccc4,2.49,2.286032683130858,-0.20396731686914205
393,train,Clc1ccc(cc1)C(=O)C2CCN(CC2)C(=O)C3CC3,2.72,2.789003144874191,0.06900314487419079
2417,train,COc1ccc(CC(=O)NC(N\C(=N\C#N)\Nc2ccccc2C)C(C)(C)C)cc1OC,2.48,2.164230372013934,-0.3157696279860658
1457,train,C[C@H](NC(=O)c1c(NS(=O)(=O)c2ccc(C)cc2)n(nc1C(F)(F)F)c3ccccc3)C(C)(C)C,2.35,1.9672568123284677,-0.38274318767153237
3303,train,Cc1ccc(cc1NC(=O)c2ccc(OCc3ccccn3)cc2)c4c[nH]cn4,2.81,2.879855793891437,0.06985579389143703
3338,train,C[C@]12CC[C@H]3[C@@H](CC(=C)C4=CC(=O)C=C[C@]34C)[C@@H]1CCC2=O,2.98,2.974891556359491,-0.005108443640509108
28,train,CSc1c(cnn1c2ccc(cc2)C(=O)O)C(=O)NC3C4CC5CC(CC3C5)C4,1.2,1.2951270409917364,0.09512704099173641
110,train,Nc1c2CCN(c3ccccc3)c2nc4ccc(Br)cc14,3.12,3.013487027056172,-0.10651297294382811
2835,train,CCN1CCC[C@H]1CNC(=O)c2cc(ccc2OC)S(=O)(=O)N,-0.84,-1.078470754761336,-0.23847075476133595
3416,train,CN1CCCC1CCNC(=O)c2ccc(Nc3ncc4cc(ccc4n3)c5ccncc5)cc2,2.01,1.9481817948633415,-0.061818205136658255
2333,train,Oc1ccc2C[C@H]3N(CC4CC4)CC[C@@]56[C@@H](Oc1c25)c7[nH]c8[C@@H]9Oc%10c(O)ccc%11C[C@H]%12N(CC%13CC%13)CC[C@@]9(c%10%11)[C@@]%12(O)Cc8c7C[C@@]36O,1.41,1.483721783888789,0.07372178388878914
798,train,O[C@H](CNC(=O)C1=CNC(=O)c2cc(ccc12)S(=O)(=O)N3CCC3)CN4CCC(CC4)Oc5ccc(Cl)c(Cl)c5,3.02,3.0005092171801975,-0.019490782819802543
3402,train,COc1ccc(\C=C\2/SC(=S)NC2=O)cc1OC,1.42,1.1175471280477494,-0.30245287195225057
2081,train,C[C@H](Nc1ncc(Br)c(Nc2cc(C)[nH]n2)n1)c3ncc(F)cn3,2.39,2.176703830440697,-0.2132961695593032
3908,train,Oc1cccc2nc(cc(O)c12)c3ccccc3,3.37,3.3164764468911865,-0.053523553108813626
1892,train,Cc1cccc(n1)c2nc3cc(Cl)ccc3[nH]2,4.1,3.9727248263940087,-0.12727517360599094
2644,train,Brc1oc(cc1)c2nc3cc(NS(=O)(=O)c4ccccc4)ccc3[nH]2,4.38,3.700810014972755,-0.6791899850272447
1971,train,O[C@H](CNC(=O)C1=CNC(=O)c2ccccc12)CN3CCC(CC3)Oc4ccc(C#N)c(Cl)c4,2.56,2.0170157832759834,-0.5429842167240166
2471,train,COc1ccccc1O[C@H]([C@@H]2CNCCO2)c3ccccc3,0.9,0.6591537530742793,-0.24084624692572076
3549,train,Nc1nc2cc3CCN(Cc4cnc[nH]4)CCc3cc2s1,-0.12,-0.17578985416923398,-0.05578985416923399
899,train,CCN(CC)CCOC(=O)c1ccc(N)cc1,0.0,0.22246250325034733,0.22246250325034733
3085,train,CCN(C(=O)Nc1ccccc1)c2ccccc2,3.1,2.8721369441810234,-0.2278630558189767
2044,train,C[C@@H](NC(=O)C)c1ccc(Nc2ncc3cc(ccc3n2)c4ccncc4)cc1,3.18,2.9490238591289004,-0.23097614087109974
3173,train,CCN(C1CCN(CC[C@@H](c2ccccc2)c3ccc(cc3)S(=O)(=O)C)CC1)C(=O)Cc4ccc(cc4)S(=O)(=O)C,1.38,1.4542715494489573,0.07427154944895742
1191,train,Nc1nc(SCc2ccccc2)nc3c1ncn3[C@@H]4O[C@H](CO)[C@@H](O)[C@H]4O,1.24,1.1556559695154187,-0.08434403048458128
450,train,COc1cc2ncnc(Nc3ccc(F)c(Cl)c3)c2cc1NC(=O)\C=C\CN4CCCCC4,4.1,3.8726367899819047,-0.2273632100180949
2813,train,NC(=O)c1cc(sc1N)c2ccccc2,2.7,2.602744675188812,-0.09725532481118826
3344,train,CC(C)(C(=O)N)C(=O)NCCCNc1nc(Nc2cccc(NC(=O)N3CCCC3)c2)ncc1Br,2.32,2.0063310761504587,-0.31366892384954115
2582,train,COc1ccc(cc1)c2nc3c(OCC4CCNCC4)c(Br)cnc3[nH]2,1.55,1.4268039930275807,-0.12319600697241939
1970,train,Cc1ccc(Oc2ccc(cc2)C(=O)NCc3ccncc3)cc1,3.65,3.526694378773875,-0.12330562122612498
3837,train,CC(NC(=O)C1(N)CCN(CC1)c2ncnc3[nH]ccc23)c4ccccn4,1.3,1.207850674678942,-0.09214932532105813
1609,train,CCOC(=O)c1ccc(OCCC2CN(C2)c3ccc(C)nn3)cc1,3.22,3.2936919329586667,0.0736919329586665
3728,train,CN(C)CCNc1cc(nc2cc(nn12)c3ccc(F)cc3)c4ccccc4,4.5,4.342265699847585,-0.1577343001524154
5,train,OC1(CN2CCC1CC2)C#Cc3ccc(cc3)c4ccccc4,3.14,3.143899418870666,0.003899418870665805
1898,train,COCCS(=O)(=O)c1ccc(Nc2nccc(n2)c3cnc(C)n3C(C)C)cc1,2.56,2.467249473787629,-0.09275052621237112
2315,train,CC(C)(O)c1ccccc1CC[C@@H](SCC2(CC(=O)O)CC2)c3cccc(\C=C\c4ccc5ccc(Cl)cc5n4)c3,3.45,3.3595956499317268,-0.09040435006827341
3628,train,C[C@@H](NC(=O)[C@@H]1CCCC[C@H]1C(=O)N2CCc3[nH]c4ccc(F)cc4c3C2)C#N,3.1,3.0709994991084555,-0.0290005008915446
1036,train,CC1(C)Cc2c(c3ccccc3)c(c(CC(=O)O)n2C1)c4ccc(Cl)cc4,3.07,3.472268828344364,0.40226882834436406
3350,train,CC(Oc1c(Cl)cccc1Cl)C2=NCCN2,0.48,0.18570686343398446,-0.2942931365660155
1499,train,CC(=O)NC[C@H]1CN(C(=O)O1)c2ccc(c(F)c2)n3cnc(c3)C#N,1.51,1.3035418661144802,-0.2064581338855198
1058,train,CCn1c(C)ncc1c2ccnc(Nc3ccc(cc3)S(=O)(=O)NCCOC)n2,2.44,2.5445821300380884,0.10458213003808847
157,train,CC1CCc2cc(F)cc3C(=O)C(=CN1c23)C(=O)O,0.74,0.7051634719090112,-0.034836528090988805
4011,train,CC(C)C(NC(=O)CN1C(=O)C2=C(C=C1c3ccccc3)C(=O)N(CCN4CCOCC4)C(=O)N2)C(=O)C(F)(F)F,1.91,1.6878491940322742,-0.22215080596772574
2017,train,COC(=O)CCn1cc(c2cc(NC3CC3)n4ncc(C#N)c4n2)c5cc(NC(=O)C)ccc15,2.72,2.4434033475305674,-0.27659665246943277
498,train,OC1=CC=Cc2cc(O)c(O)c(O)c2C1=O,2.03,1.9805571246008598,-0.04944287539914005
4155,train,CN(C)C(=O)[C@H](Cc1ccccc1)NC(=O)c2cc3ccccc3[nH]2,3.4,3.5678707313322096,0.16787073133220964
4165,train,CC1(CCN(CC1)C(=O)COCc2ccncc2)c3ccc(Cl)cc3,2.79,2.634679421792928,-0.15532057820707212
1245,train,O=C(Nc1nc(cs1)c2ccccc2)c3cccnc3,3.62,3.326716724722318,-0.29328327527768216
4007,train,O[C@@H](CNCCOc1cccc(CNCCc2ccccc2F)c1)c3ccc(O)c4NC(=O)Sc34,1.86,1.9128871750150542,0.05288717501505413
2606,train,CNc1cccc(CCOc2ccc(C[C@H](NC(=O)c3ccc(F)cc3Cl)C(=O)O)cc2)n1,-0.04,0.05782395151648956,0.09782395151648957
4008,train,Clc1ccc2OCOc2c1Nc3ncnc4cc(OCCCN5CCCC5)cc(OC6CCOCC6)c34,2.3,2.246627721354449,-0.05337227864555061
1294,train,N\C(=C(/C#N)\c1ccccc1C(F)(F)F)\Sc2ccc(N)cc2,3.4,3.1003263688331173,-0.2996736311668826
2562,train,COc1cccc(CNc2nc(NC(C)C)nc3ccsc23)c1OC,3.7,3.3974090199662097,-0.3025909800337905
1818,train,CO[C@H]1\C=C\O[C@@]2(C)Oc3c(C)c(O)c4c(O)c(NC(=O)\C(=C/C=C/[C@H](C)[C@H](O)[C@@H](C)[C@@H](O)[C@@H](C)[C@H](OC(=O)C)[C@@H]1C)\C)cc(O)c4c3C2=O,1.19,0.898394743908723,-0.29160525609127697
1071,train,OC(=O)c1ccccc1CN2CCC(CN3CCC(CC3)Oc4ccc(Cl)c(Cl)c4)CC2,2.48,2.1957417522222404,-0.28425824777775954
3590,train,COc1cc(cc2cnc(Nc3ccc(cc3)[C@@H](C)NC(=O)C)nc12)c4ccncc4,2.73,2.8164850794674994,0.08648507946749939
987,train,COc1cc(ccc1Nc2ncc3N(C)C(=O)CCN(C4CCCCC4)c3n2)C(=O)NC5CCN(C)CC5,2.87,2.711419966950545,-0.1585800330494549
24,train,CNCC[C@@H](Oc1ccccc1C)c2ccccc2,1.2,1.3117626578070123,0.11176265780701233
1801,train,Cn1cc(nc1c2c3C(=O)N(CC=C)C(=O)N(CC4CC4)c3nn2Cc5ccnc6ccc(Cl)cc56)C#N,3.92,3.449772165413907,-0.4702278345860931
3144,train,COc1cc(O)c(C(CC(=O)N2CC(C)CC(C)C2)c3ccc4OCOc4c3)c(OC)c1,4.3,4.241466087706605,-0.05853391229339522
3036,train,CCOc1ccc(cc1)N2C(=O)c3ccccc3N=C2[C@@H](C)N(Cc4cccnc4)C(=O)Cc5ccc(cc5)C(F)(F)F,4.25,3.796868281137697,-0.45313171886230297
2825,train,CC(C)n1c(C)ncc1c2nc(Nc3ccc(cc3)C(=O)N4CC[C@H](C4)N(C)C)ncc2F,2.36,2.1412302573933055,-0.21876974260669435
2869,train,CN1C(=O)N(C)c2nc[nH]c2C1=O,-0.09,-0.15280490851999273,-0.06280490851999274
2710,train,COc1cc2ncnc(Nc3ccc(F)cc3)c2cc1OC,3.1,3.0420267637584595,-0.057973236241540604
1693,train,COc1ccccc1CCNCc2cccc(CCNC[C@H](O)c3ccc(O)c4NC(=O)Sc34)c2,0.82,1.051330542053466,0.23133054205346604
3248,train,O=C(NCc1occc1)c2ccc3[nH]c(COc4ccc(cc4)C56CC7CC(CC(C7)C5)C6)nc3c2,4.0,3.7197311141073572,-0.28026888589264276
3222,train,O=S(=O)(N1CCCC1)c2ccccc2c3ccc(CNC4CCOCC4)cc3,1.4,1.3486919859403046,-0.05130801405969532
1678,train,Cc1ccc2c(c1)c(Sc3cccc(Cl)c3)c(C)n2CC(=O)O,1.85,1.9658505552227352,0.11585055522273513
1586,train,COCCOc1cc2nccc(Nc3cc(O)c(Cl)cc3F)c2cc1OC,2.64,2.7715132849190516,0.13151328491905145
1667,train,CC(=O)Nc1cccc2c1c(Oc3ccc(Cl)cc3)c(C)n2CC(=O)O,-1.41,-1.5526093782532415,-0.1426093782532416
4086,train,Nc1ccc(cc1)S(=O)(=O)Nc2ccccn2,-0.01,-0.44134289963780216,-0.43134289963780215
3513,train,CN1CCN(CC1)c2ccc3N=CN(C(=O)c3c2)c4cc(ccc4C)C(=O)Nc5nccs5,2.56,2.4150940569789077,-0.1449059430210924
31,train,CN([C@@H]1CCN(Cc2ccc(cc2)C(F)(F)F)C[C@@H]1F)C(=O)Cc3ccc(cc3)n4cnnn4,3.3,3.2404581892005337,-0.05954181079946608
62,train,CC(C)n1c(C)ncc1c2nc(Nc3ccc(cc3)C(=O)N(C)C)ncc2F,2.77,2.92490368491483,0.1549036849148302
1817,train,CC1=CN([C@H]2CCCN(Cc3ccc(C(=O)O)c(Oc4cccc(Cl)c4)c3)C2)C(=O)NC1=O,-0.55,-0.45221337274467865,0.09778662725532139
2659,train,COc1ccc(cc1)C(CNC(=O)Nc2ccccc2)N3CCN(C)CC3,1.5,1.2412702910438242,-0.25872970895617575
1738,train,CN(C)CCCNS(=O)(=O)c1ccc(Nc2nccc(n2)c3cnc4cccnn34)cc1,1.4,1.0643368207098647,-0.3356631792901352
339,train,CS(=O)(=O)Cc1cc(nc(n1)c2cnc3[nH]ccc3c2)N4CCOCC4,1.92,1.9163104200520125,-0.0036895799479874647
3598,train,O=C1Nc2cc(ccc2C1c3ncnc4cc(OCCCN5CCOCC5)ccc34)C#N,2.99,2.9038002668445078,-0.08619973315549245
679,train,CC[C@H](NC(=O)c1c(N)c(nc2ccccc12)c3ccccc3)c4ccccc4,3.89,3.9841016987163025,0.09410169871630236
2895,train,CC1=C(C(=O)c2cc(O)c(O)c(Cc3ccccc3)c2C1=O)C4=C(C)C(=O)c5c(Cc6ccccc6)c(O)c(O)cc5C4=O,2.73,2.7328996258348774,0.0028996258348774617
2022,train,O[C@@H](CNCCCSCCOCCc1ccccc1)c2ccc(O)c3NC(=O)Sc23,2.3,2.091786455974522,-0.20821354402547776
2264,train,Nc1ncnc2c1nc(Sc3nc4cccc(Cl)c4s3)n2CCO,2.37,2.3508557277152105,-0.019144272284789654
164,train,FC(F)(F)c1nnc2ccc(nn12)N3CCCCC3,3.0,3.355659769147276,0.3556597691472758
2177,train,CN1C(=O)N(CC2CC2)c3nn(Cc4ccnc5ccc(Cl)cc45)c(c3C1=O)c6nc(cn6C)S(=O)(=O)C,2.64,2.650531572019672,0.01053157201967192
3835,train,CCOC(=O)Nc1ccc(NCc2ccc(F)cc2)nc1N,2.22,2.2340096353674785,0.014009635367478346
226,train,Oc1c2C(=O)N(NC(=O)c2nc3cc(Cl)ccc13)C(C4CC4)c5ccncc5,0.7,0.5854869016212576,-0.11451309837874235
2246,train,COc1ccc(CNC(=O)N(CC=C)C2CCN(CCC(c3ccccc3)c4ccccc4)CC2)cc1,3.6,3.2189949573776326,-0.38100504262236745
1624,train,NC(=O)c1cnc(N[C@H]2CCCNC2)c3cc(sc13)c4ccc(F)c(F)c4,2.17,1.8960681466440805,-0.2739318533559194
3256,train,C[C@@](CCc1ccc(cc1)c2ccc(Cl)cc2)(C(=O)NO)S(=O)(=O)C,2.4,2.091697814544566,-0.308302185455434
3304,train,ONC(=O)[C@@H](Cc1ccc2ccccc2c1)NS(=O)(=O)c3ccc4ccccc4c3,3.23,3.068162829568146,-0.1618371704318542
2808,train,CCCNC(=O)c1nnc2c(cccc2c1N)c3cnc(OC)nc3OC,3.26,3.2986064640156156,0.03860646401561585
991,train,CC1=C(Cc2ccccc2)C(=O)n3nc(NCc4ccc(Cl)cc4)nc3N1,3.7,3.50469893891694,-0.1953010610830601
1403,train,NC(=O)c1cccc(OC2CCN(CC3CC3)CC2)c1,0.49,0.3354178532871348,-0.1545821467128652
971,train,Nc1cc(nc2ccc(Nc3cc(nc(N)n3)c4ccc(cc4)C(F)(F)F)cc12)c5ccc(F)cc5,1.54,1.5168452099118883,-0.02315479008811172
2832,train,CS(=O)(=O)N1CC[C@@H](C1)N(Cc2ccccc2Cl)c3ccc(C#N)c(Cl)c3,4.0,4.133352011940777,0.13335201194077673
4162,train,OC(=O)COc1ccc(cc1c2ccccc2c3ccccc3)C(F)(F)F,1.38,1.131044636948178,-0.24895536305182198
1519,train,Cc1ccc(F)c(Nc2ccnc(Nc3ccc(cc3)S(=O)(=O)N)n2)c1,3.1,3.0607937288899594,-0.039206271110040714
3399,train,COc1ccccc1CNCc2ccc(CCNC[C@H](O)c3ccc(O)c4NC(=O)Sc34)cc2,0.15,0.44798556780865684,0.2979855678086568
1620,train,Nc1nc(OC2CCCC2)nc3c1ncn3[C@@H]4O[C@H](CF)[C@@H](O)[C@H]4O,1.5,1.3497897593672528,-0.15021024063274724
1676,train,CC(NC(=O)C1(N)CCN(CC1)c2ncnc3[nH]ccc23)c4ccc(Cl)cc4,2.7,2.503576769889446,-0.19642323011055396
4038,train,Nc1sc2CCCCc2c1C(=O)NCc3ccccc3,3.52,3.3064991458246773,-0.21350085417532272
2879,train,COc1cc2ncnc(Nc3cccc(Cl)c3F)c2cc1CN(C)[C@H](C)C(=O)N,3.44,3.7106515860962332,0.2706515860962333
224,train,CN(C)c1nc(N[C@@H]2CC[C@@H](CC2)NC(=O)c3ccc(F)c(F)c3)nc4ccccc14,3.13,2.6665104658319896,-0.4634895341680103
1099,train,C1NC(Cc2ccccc12)c3ccccc3,1.9,1.996914038525964,0.09691403852596414
317,train,CS(=O)(=O)NCC(NC(=O)C1(N)CCN(CC1)c2ncnc3[nH]ccc23)c4ccc(Cl)cc4,2.1,1.9438195653357002,-0.15618043466429987
402,train,Cc1c(Sc2ccc(Cl)cc2)c3c(Cl)nccc3n1CC(=O)O,0.92,0.9128563092371396,-0.007143690762860477
256,train,O=C1CCOc2nc(CCc3ccccc3)ccc12,2.5,2.542467065001577,0.04246706500157682
3422,train,COC(=O)C1=C(C)NC(=C([C@@H]1c2cccc3nonc23)C(=O)OC(C)C)C,3.77,3.5693876284709525,-0.20061237152904754
466,train,Nc1nc2ccc(F)cc2s1,2.2,2.122653838985324,-0.07734616101467617
2111,train,COc1ccc2c(c1)[nH]c3c(C)nccc23,2.9,3.046275657345853,0.14627565734585302
556,train,C[C@H]1CN(Cc2cc(Cl)ccc2OC(C)(C)C(=O)O)CCN1S(=O)(=O)c3ccccc3,0.54,0.6472986627535535,0.10729866275355349
4050,train,C[C@@H](NC(=O)C1CCNCC1)c2ccc(Nc3ncc4cc(ccc4n3)c5ccncc5)cc2,0.4,0.21719434105474988,-0.18280565894525014
2374,train,CCCc1c(O)c(ccc1OCc2cccc(NC(=O)Cc3ccccc3C(=O)O)c2)C(=O)C,2.95,2.7733160560612173,-0.17668394393878284
2830,train,CCN1C=C(C(=O)O)C(=O)c2cc(F)c(N3CCNC(C)C3)c(F)c12,-1.1,-1.2836432423316415,-0.18364324233164142
3357,train,Oc1c2C(=O)NNC(=O)c2nc3cc(Cl)cc(Cl)c13,0.89,0.6525130505861281,-0.23748694941387194
4156,train,C[C@H](Nc1cncc(Nc2ncc(C)s2)n1)c3ncc(F)cn3,1.91,2.251595882992702,0.34159588299270216
2501,train,CN(C)CC(O)COc1ccc(Nc2nccc(Nc3cc(Cl)ccc3Cl)n2)cc1,2.9,2.7469951229059255,-0.1530048770940744
3606,train,Cc1ccc(NC(=O)c2ccnc(c2)N3CCOCC3)cc1Nc4ccnc(Cl)n4,3.1,3.0968410999569906,-0.0031589000430094494
311,train,Nc1nnc(c(N)n1)c2cccc(Cl)c2Cl,1.38,1.3411123169341852,-0.03888768306581469
1042,train,Clc1cccc(Cl)c1c2nnc3cccc(Cl)n23,2.66,2.688898609509796,0.028898609509795836
3642,train,OC1(CNC(=O)c2cc(ccc2Cl)N3N=CC(=O)NC3=O)CCCCCC1,0.26,0.4221606456395619,0.1621606456395619
2973,train,CO[C@H]1CN(CCN2C(=O)C=Nc3ccc(OC)cc23)CC[C@H]1NCc4ccc5OCC(=O)Nc5n4,0.51,0.7206300714554199,0.2106300714554199
1664,train,NS(=O)(=O)NC(=O)CCCc1c([nH]c2ccc(cc12)C#N)c3ccc(F)cc3,1.95,2.2328008624532214,0.28280086245322145
1630,train,O=C1NC=Cc2nc(c3ccc(CN4CCC(CC4)c5n[nH]c(n5)c6ccccn6)cc3)c(cc12)c7ccccc7,3.9,3.9620856980735057,0.062085698073505835
3989,train,Nc1ccc2c3ccccc3C(=O)c2c1,2.9,2.746362447395522,-0.15363755260447798
3917,train,Cc1cc(F)ccc1OC2CCN(CC3CCN(CC3)[C@@](C)(Cc4ccc(F)cc4)C(=O)O)CC2,2.0,1.6307609139973915,-0.36923908600260846
650,train,CN1C(=O)C=C(CCc2ccccc2)N=C1N,2.0,1.8404279462225355,-0.15957205377746453
1063,train,Oc1c2C(=O)N(NC(=O)c2nc3cc(Cl)ccc13)C(C4CCCC4)c5ccccn5,1.9,1.9574767078899953,0.05747670788999537
1788,train,COc1cc(ccc1Nc2ncc(Cl)c(Oc3cccc(NC(=O)C=C)c3)n2)N4CCN(C)CC4,3.9,3.197171480456995,-0.7028285195430048
1352,train,CCN(C1CCN(CCC(c2ccccc2)c3ccccc3)CC1)C(=O)Cc4ccc(cc4)S(=O)(=O)C,3.0,3.0541673326828795,0.05416733268287954
870,train,CC(C)N1CCN[C@H](C1)C(=O)N2CCN(CC2)C(=O)Nc3ccc(Cl)c(Cl)c3,2.21,1.7297392430998444,-0.48026075690015557
3516,train,CCc1nc2c(N)nc3ccccc3c2n1Cc4ccccc4,3.29,3.3095944786780294,0.019594478678029326
2426,train,COc1ccc(cc1OC2CCCC2)[C@@]3(CC[C@H](CC3)C(=O)O)C#N,0.76,0.5774765344749389,-0.18252346552506116
2357,train,C[C@H](Cc1cccc(CC(=O)NC23CC4CC(CC(C4)C2)C3)c1)NC[C@H](O)c5ccc(O)c(CO)c5,2.4,2.346057084724027,-0.05394291527597295
1216,train,COc1cc(ccc1Nc2ncc(C)c(n2)c3cnc4ccccn34)N5CCN(CC5)C(=O)C,2.9,2.804311296965918,-0.09568870303408206
4166,train,NC1(CCN(CC1)c2ncnc3[nH]ccc23)C(=O)NC(CO)c4ccc(Cl)cc4,2.4,2.18398583534241,-0.2160141646575897
1945,train,Fc1ccc(cc1)C(=O)C2CCN(CC2)C(=O)c3ccc(F)cc3,2.9,2.7666376827626067,-0.13336231723739322
261,train,CSCCC(NC(=O)c1sccc1Cl)c2nc3ccccc3[nH]2,3.69,3.5302360100839723,-0.1597639899160277
301,train,NC12CC3CC(CC(C3)C1)C2,-0.98,-1.0296143016659425,-0.049614301665942495
2229,train,COc1cccc(NC(=O)CC23CC4CC(CC(C4)C2)C3)c1C,4.21,4.103135708500449,-0.10686429149955057
3548,train,COc1cc2c(Nc3ccc(Cl)cc3F)ncnc2cc1OCC4CCNCC4,1.1,0.9608819915583471,-0.139118008441653
3940,train,CCN1CCN(CC1)C(=O)c2cc3ccccc3[nH]2,1.95,1.7802966698801304,-0.1697033301198696
813,train,NC1(CCC1)c2ccc(cc2)c3c(ccn4ncnc34)c5ccccc5,1.7,1.836295479882355,0.13629547988235502
1451,train,CC[C@H]1CN(Cc2cc(Cl)ccc2OCC(=O)O)CCN1S(=O)(=O)c3ccccc3,0.44,0.5478713033416887,0.10787130334168865
1178,train,NC1=NC2(CCN(CC2)C(=O)c3ccc(nc3)C#N)Nc4c(F)ccc(F)c14,0.79,0.7693062222747957,-0.02069377772520431
1031,train,Oc1ccc(CCNCCCCCCNC(=O)Nc2ccccc2)c3sc(O)nc13,1.26,0.9062041042114433,-0.35379589578855675
1270,train,COc1cc(ccc1Cc2cn(C)c3ccc(NC(=O)CC4CCCC4)cc23)C(=O)O,2.0,2.3077631332791007,0.30776313327910065
675,train,C[C@H](NC1=NC(=O)C(C)(S1)C(F)(F)F)c2ccccc2F,3.1,2.9628983636973656,-0.1371016363026345
2539,train,CC(CO)(CO)Nc1nc(SCc2cccc(F)c2F)nc3nc(N)sc13,2.87,2.641128894594394,-0.2288711054056063
266,train,COc1ccc2nccc([C@H](O)C3CC4CCN3CC4C=C)c2c1,2.16,2.1701589056736172,0.010158905673617102
1606,train,NC1(CCC1)c2ccc(cc2)c3nn4ccccc4c3c5ccccc5,3.2,3.1950208653903838,-0.004979134609616409
2514,train,Clc1ccc(OC2CCN(CC2)C3CCN(CC3)C(=O)NS(=O)(=O)c4ccccc4)cc1Cl,1.5,1.354804793846001,-0.14519520615399895
2925,train,Cc1c(Sc2ccc(Cl)cc2)c3ccc(Cl)cc3n1CC(=O)O,2.51,2.5964131393426118,0.08641313934261197
215,train,O=C(NCCSCc1ccccc1)c2ccccc2,3.3,3.309629705199261,0.009629705199261096
1122,train,Cn1cnc(c2ccccc2)c1c3cc4c(N)ncnc4s3,2.94,3.086879183534448,0.14687918353444784
1717,train,C[C@H](NC(=O)c1c(C)nn(CC(F)(F)F)c1NS(=O)(=O)c2ccc(C)cc2)C(C)(C)C,0.93,0.9535333078843029,0.023533307884302856
1815,train,COc1cc2c(Nc3cccc(Cl)c3Cl)c(cnc2cc1NCCN(C)C)C(=O)N,3.41,3.2880864588495626,-0.12191354115043751
982,train,COc1ccc2cc(CCC(=O)C)ccc2c1,3.06,3.029422426898398,-0.03057757310160225
2865,train,C[C@@H]1C2CCCC1(CCN2C)c3cccc(O)c3,0.52,0.06558054392822266,-0.45441945607177736
193,train,CSc1ccc(cc1)N2C(=NC(=NC2(C)C)N)N,-0.84,-1.21557007488674,-0.37557007488674
749,train,CC(C)NC[C@@H](C(=O)N1CCN(CC1)c2ncnc3[C@H](O)C[C@@H](C)c23)c4ccc(Cl)cc4,1.3,1.5094257856319424,0.20942578563194236
50,train,OC(=O)c1ccc(NC(=O)c2cc(OCc3ccccc3F)cc(OCc4ccccc4F)c2)nc1,3.0,2.7098448022700508,-0.29015519772994924
3033,train,CC(=O)Nc1cc(CN2C(=O)N(C(=O)C2(C)C)c3ccc(SC(F)(F)F)cc3)ccn1,2.93,2.9654665208768596,0.03546652087685942
3801,train,Cc1ccc([nH]1)C(=O)NC2CCN(CC2)c3cc(cc(Cl)n3)C(=O)N,2.64,2.58169765549789,-0.05830234450211025
2719,train,Clc1ccccc1C(=O)NCC23CC4CC(CC(C4)C2)C3,4.05,3.840479001985706,-0.2095209980142938
1732,train,CNC(=O)c1ccc(Oc2ccc3CCN(CCc3c2)C4CCC4)nc1,1.45,1.2386656851984845,-0.21133431480151543
1292,train,Cn1c(Nc2ccc(cc2)C(F)(F)F)nc3cc(Oc4ccnc(c4)c5ncc([nH]5)C(F)(F)F)ccc13,3.45,3.4300466075597527,-0.01995339244024752
1306,train,CCOc1cccc(Nc2oc(nn2)C(=O)Nc3ccc(nc3)N4CCOCC4)c1,3.6,3.395537269544204,-0.20446273045579622
3744,train,Fc1ccc(cc1F)C(=O)Nc2ccc(Cl)nc2,3.31,3.3062773625226383,-0.00372263747736179
3108,train,OC1CS(=O)(=O)CC1N2CCC(CC2)c3ccccc3,1.4,1.5372734290283208,0.13727342902832085
3712,train,NS(=O)(=O)c1cccc(Nc2nccc(Nc3c(Cl)ccc4OCOc34)n2)c1,2.97,2.6540427934961346,-0.3159572065038656
906,train,Fc1ccc(cc1)n2cc(C3CCNCC3)c4cc(Cl)ccc24,2.4,2.2771951397533363,-0.1228048602466636
3039,train,COc1ccc(cc1)c2nc3c(NCCCNC(=O)C4CCCC4)c(cnc3[nH]2)C(=O)N,3.13,2.9896434888700583,-0.14035651112994163
3796,train,Nc1nccc(n1)c2cc3C(=O)NC[C@H](CCF)c3[nH]2,0.51,0.3998675776236509,-0.11013242237634913
350,train,CCC(CC)NC(=O)c1cnn(c1NS(=O)(=O)c2ccc(C)cc2)c3ccccc3Cl,0.65,0.8547252163375156,0.20472521633751561
2526,train,N[C@H](CNC(=O)c1cc2c(cccc2[nH]1)c3ccccc3Cc4ccccc4)C(=O)O,3.25,2.9265190006404427,-0.3234809993595573
2978,train,OC[C@H](O)CN1C(=O)C(Cc2ccccc12)NC(=O)c3cc4cc(Cl)ccc4[nH]3,3.4,3.23689499063254,-0.16310500936745997
2496,train,CCCC1=CC(=CC(=O)N1Cc2ccc(cc2)c3ccccc3c4nn[nH]n4)OCc5ccccc5,2.4,2.422168854450377,0.022168854450377307
3423,train,COc1cc(F)ccc1c2cncc(CNC(=O)C3CCC3)c2,3.2,3.1910326480601032,-0.00896735193989695
965,train,Cc1ccc(cc1)C(=O)N2CCC(CC2)C(=O)c3ccc(Cl)cc3,3.79,3.8466722557633575,0.05667225576335744
1706,train,OC(=O)C(N1CCC(CC1)N2CCC(CC2)Oc3ccc(Cl)c(Cl)c3)c4ccccc4,2.23,2.0684010063461367,-0.16159899365386332
2988,train,CCN1C(=O)N(CC)c2[nH]c(nc2C1=O)c3ccccc3,3.3,3.380307766052941,0.08030776605294099
3547,train,CN[C@@H](C)C(=O)N[C@@H](C1CCCCC1)C(=O)N[C@H]2CCCN(CCc3ccc(F)cc3)C2,2.39,2.468316981162662,0.07831698116266184
394,train,COCCNCc1cccc(CCNC[C@H](O)c2ccc(O)c3NC(=O)Sc23)c1,0.01,0.2238780342769755,0.2138780342769755
3951,train,COc1cccc(OC)c1c2ccc(C[C@H](NC(=O)c3c(Cl)cccc3Cl)C(=O)O)cc2,-0.27,-0.5073159912904304,-0.23731599129043035
3307,train,CC(C)CNc1nc(nc(N2CCOCC2)c1N)C#N,2.79,2.709855945353297,-0.08014405464670293
2479,train,CN(c1ccnc(Nc2cc(nc(c2)N3CCOCC3)N4CCOCC4)n1)c5cc(CO)ccc5C,3.44,3.1466480939987567,-0.2933519060012433
4034,train,COc1cc(OC2CCN(C)CC2)c3c(Nc4cccc5OCCOc45)ncnc3c1,2.26,2.2828296218243116,0.022829621824311808
375,train,CCCN[C@H]1CCc2nc(N)sc2C1,3.15,2.6791570026266696,-0.47084299737333035
219,train,C(CN1CCCCC1)C2CCc3cc(OCc4ccc(cc4)c5ccccc5)ccc3C2,3.3,3.262336662628808,-0.03766333737119165
2672,train,COc1ccccc1Oc2ccc(cc2)N(Cc3cccnc3)S(=O)(=O)CC(F)(F)F,1.5,1.5564352906519114,0.05643529065191144
977,train,Oc1ncc(NCc2ccccc2)c(O)n1,0.82,0.6259243599240469,-0.19407564007595302
1167,train,Cc1onc(C(=O)N)c1C(=O)Nc2nccs2,1.63,1.6470988307628316,0.017098830762831696
3049,train,COc1cc(OC)cc(c1)C2=CC=C(NC(=O)OCc3ccccc3)C(=O)N2CC(=O)NC(C(C)C)C(=O)C(F)(F)F,2.26,2.092939441581686,-0.16706055841831358
451,train,Nc1n[nH]cc1c2cc(ccc2Oc3cc(F)c(cc3Cl)S(=O)(=O)Nc4cscn4)C(F)(F)F,2.65,2.636686758376245,-0.013313241623754912
1043,train,CNCCCN1c2ccccc2CCc3ccccc13,1.24,1.2097996358842182,-0.030200364115781753
2366,train,Nc1ncnc2c1c(COc3cccc(Cl)c3)nn2C4CCOCC4,3.17,2.7551773451522523,-0.4148226548477476
1453,train,CC[C@H](CO)Nc1nc(SCc2ccccc2)nc3NC(=O)Sc13,3.22,3.3297443363858736,0.10974433638587344
3361,train,NS(=O)(=O)c1ccc2C(=CNC(=O)c2c1)C(=O)NC[C@@H](O)CN3CCC(CC3)Oc4ccc(Cl)c(Cl)c4,2.17,1.8406008437400083,-0.3293991562599916
2259,train,NC(=O)c1cccc(C[C@@H]2C[C@H]3CC[C@@H](C2)N3Cc4ccccc4)c1,1.11,1.0116744655042786,-0.09832553449572146
1400,train,CC(C)C(NC(=O)CN1C(=O)C(=CC=C1c2ccccc2)NC(=O)NCc3cccnc3)C(=O)C(F)(F)F,2.84,2.159429069060943,-0.6805709309390569
1402,train,Nc1n[nH]c2c(Cl)cccc12,1.7,1.4917909577583064,-0.20820904224169356
502,train,Cc1ccc(cc1NC(=O)c2ccc(OCc3ccccn3)cc2)c4cn(C)c(C)n4,2.71,2.604416173621246,-0.10558382637875408
3767,train,OC1=NC(=O)C(N1)(c2ccccc2)c3ccccc3,2.41,2.5450831374390317,0.13508313743903155
927,train,CC1Nc2cc(Cl)c(cc2C(=O)N1c3ccccc3C)S(=O)(=O)N,1.64,1.4279919894833975,-0.21200801051660245
26,train,COc1cnc(nc1N(C)C)c2ccccn2,1.9,1.9972269255199022,0.09722692551990231
1300,train,CN1C(=O)CC(C)(CCc2cccc(c2)c3ccccc3)N=C1N,2.03,2.066504831004563,0.036504831004563254
2664,train,COc1cc2ncnc(Nc3ccc(F)c(Cl)c3)c2cc1OC,3.67,3.552314268211231,-0.11768573178876895
4168,train,Oc1ccc(cc1)[N+](=O)[O-],1.5,1.6883564199925776,0.18835641999257757
401,train,CN[C@@H](C)C(=O)N[C@@H](C1CCCCC1)C(=O)N[C@H]2CCN(CCc3ccccc3)C2,1.65,1.4342014905953313,-0.2157985094046686
1327,train,OC(=O)CCCc1ccc(cc1)N(CCCl)CCCl,1.47,1.5580123604401868,0.08801236044018679
683,train,Cc1ccc(cc1)n2c(C)cc(C(=O)NS(=O)(=O)c3ccc(C)cc3)c2C,2.5,2.363755931408187,-0.13624406859181315
785,train,CC(C)NCC(O)COc1cccc2[nH]ccc12,-0.12,-0.5256176787782363,-0.4056176787782363
332,train,CCNc1nc(Nc2ccccc2)nc(n1)C#N,3.11,3.0037085761074716,-0.10629142389252833
3349,train,CCCCNc1ccc(cc1)C(=O)OCCN(C)C,2.11,2.196470330139425,0.08647033013942496
46,train,CC(Nc1ncnc2ccccc12)c3ccccc3,3.4,3.153792320067939,-0.24620767993206094
1912,train,OCCO[C@H]1C[C@H]([C@H](O)[C@@H]1O)n2nnc3c(N[C@@H]4C[C@H]4c5ccc(F)c(F)c5)nc(SCCC(F)(F)F)nc23,4.17,3.969684130593995,-0.20031586940600477
579,train,CCc1nc2c(N)nc3ccccc3c2n1CCCCNS(=O)(=O)C,1.24,0.9046426347397134,-0.3353573652602866
3196,train,CN(C)C(=O)C1(CCN(CC[C@H](CN(C)C(=O)c2cc(cc3ccccc23)C#N)c4ccc(Cl)c(Cl)c4)CC1)N5CCCCC5=O,2.52,2.984865909900754,0.46486590990075394
2593,train,COC1(CCOCC1)c2cc(F)cc(OCc3ccc4N(C)C(=O)C=Cc4c3)c2,3.52,3.437428936156116,-0.08257106384388413
4041,train,CC(C)COCC(CN(Cc1ccccc1)c2ccccc2)N3CCCC3,3.66,3.3876450909711595,-0.27235490902884063
278,train,NC(=O)N1c2ccccc2CC(=O)c3ccccc13,1.28,1.253889437420975,-0.026110562579025
426,train,CC(C)C(NC(=O)CN1C(=O)C(=CN=C1c2cccs2)NC(=O)OCc3ccccc3)C(=O)C(F)(F)F,2.02,1.7308631847997074,-0.28913681520029266
3840,train,COC(=O)C1=C(C)NC(=C(C1c2ccccc2[N+](=O)[O-])C(=O)OCC(C)C)C,3.59,3.561080352074254,-0.02891964792574564
327,train,CC(C)N1CCN(Cc2oc(nc2)c3cc(cc4[nH]ncc34)c5cccc6[nH]ccc56)CC1,3.49,3.662063717252515,0.1720637172525148
2047,train,CS(=O)(=O)Nc1cccc(NC(=O)CN2CCN([C@H](Cc3ccccc3)C2)C(=O)C[C@H](N)Cc4ccc(F)c(F)c4)c1,2.06,2.4240243575381006,0.3640243575381006
1195,train,CN(C)C1=C(C)N(C)N(C1=O)c2ccccc2,0.78,0.601527765354599,-0.17847223464540107
3432,train,CN(C)C(=O)c1ccc(CN2CCC(CC2)c3ccc(cc3)C(=O)Nc4ccccc4N)cc1,1.53,1.620560212084501,0.09056021208450105
2368,train,OCc1ccc2ccn(c3cc(NC4CC4)n5ncc(C#N)c5n3)c2c1,3.09,3.200524973387372,0.11052497338737233
603,train,COc1cccc(Nc2oc(nn2)C(=O)Nc3ccc(nc3)N4CCOCC4)c1,2.8,2.7946577923312996,-0.005342207668700194
1077,train,Cc1ccc(cc1NC(=O)c2ccc(OCc3ccccn3)cc2)c4c[nH]c(C)n4,2.97,2.8765473046392045,-0.0934526953607957
13,train,CCCSc1ncccc1C(=O)N2CCCC2c3ccncc3,1.95,2.00771670057947,0.05771670057946987
1186,train,CC1(CCC(=O)N1Cc2cccs2)C(=O)NC3CCCCC3,2.15,2.031944243792436,-0.1180557562075637
3788,train,CCN1C2=NC(=O)N(C)C(=O)C2=Cc3ccccc13,1.1,1.510069640171022,0.410069640171022
975,train,Cc1ccc(COC(=O)N2CCC(CNc3ncccn3)CC2)cc1,3.6,3.361649931246399,-0.2383500687536011
3882,train,CC(C)n1c(C)ncc1c2ccnc(Nc3ccc(cc3)C(=O)NC4CCN(C)CC4)n2,1.87,1.6086761497473339,-0.26132385025266625
1423,train,Clc1n[nH]c2cccc(Nc3ccnc(Nc4cc(cc(c4)N5CCOCC5)N6CCOCC6)n3)c12,2.78,2.8858066316903286,0.10580663169032878
3941,train,C[C@H]1O[C@H]([C@H](O)[C@@H]1O)n2cnc3c(N)nc(Oc4ccccc4)nc23,1.05,1.4007430531662348,0.3507430531662348
3010,train,CC(C)n1c(C)ncc1c2ccnc(Nc3ccc(cc3)C(=O)NC4CC4)n2,3.06,2.939692137982103,-0.120307862017897
3768,train,C[C@H](Nc1ncc(F)c(Nc2cc([nH]n2)C3CC3)n1)c4ccc(F)cn4,3.14,3.2422753744600605,0.10227537446006041
1015,train,FC(F)(F)c1cccc2c3CN(CCc3[nH]c12)C(=O)[C@@H]4CCCC[C@H]4C(=O)NC5(CC5)C#N,3.75,3.4976555038329957,-0.2523444961670043
1708,train,Clc1ccccc1CNC(=O)c2ccccc2Oc3ccccc3,3.58,3.659594410005048,0.07959441000504786
1849,train,CC1=CN([C@H]2CCCN(C2)[C@@H](CC(C)(C)C)c3ccc(C(=O)O)c(Oc4cccc(Br)c4)c3)C(=O)NC1=O,1.12,1.092704738257574,-0.027295261742426025
1020,train,CN1CCN(CC1)C(=O)[C@@H]2CCCC[C@H]2C(=O)NCC#N,-0.1,-0.021629826575407574,0.07837017342459243
3067,train,CCN(C1CCN(CC[C@H](c2ccc(cc2)S(=O)(=O)C)c3cc(F)cc(F)c3)CC1)C(=O)Cc4ccc(cc4)S(=O)(=O)C,2.2,2.2716312365338287,0.07163123653382852
3883,train,NS(=O)(=O)c1cccc2c3nc(O)c(O)nc3cc(c12)[N+](=O)[O-],0.36,0.6315971238777887,0.27159712387778867
4131,train,CCOc1ccccc1N2CCN(Cc3c[nH]nc3c4ccc(F)cc4)CC2,3.38,3.401813629155618,0.02181362915561813
3281,train,Cn1cnc(c2ccccc2)c1c3nc4c(N)ncnc4s3,2.69,3.003458467806728,0.31345846780672826
3698,train,Clc1ccc2Oc3ccccc3N=C(N4CCNCC4)c2c1,2.28,1.8952341587539254,-0.3847658412460744
1618,train,CC(NC(=O)c1cc(O)nc2ccccc12)c3ccccc3,2.2,2.1571754343924443,-0.042824565607555876
1757,train,O=C1C(=O)c2cccnc2c3ccccc13,1.88,1.7960420262348553,-0.08395797376514458
3433,train,COC1=CC=C2C(=CC1=O)[C@H](CCc3cc(OC)c(OC)c(OC)c23)NC(=O)C,0.82,0.7691135547709174,-0.05088644522908259
1700,train,O=C(Nc1ccccc1)c2ccccc2,2.8,2.6625860156942243,-0.13741398430577556
2443,train,COc1ccc(cc1)N2CCN(CC2)C(=O)[C@@H]3CCCC[C@H]3C(=O)NC4(CC4)C#N,1.74,1.8462622489379243,0.10626224893792435
352,train,Cc1cc2cc(C)c3nnc(SCC(=O)N4CCN(CC4)C(=O)c5occc5)n3c2cc1C,2.8,2.6505164030482846,-0.1494835969517152
1000,train,NC(=O)c1cccc(O[C@H]2C[C@H]3CC[C@@H](C2)N3Cc4ccccc4)c1,1.61,1.763723813785334,0.15372381378533384
1456,train,Fc1cccc(COc2cc(OCCCN3CCCC3)ccc2C(=O)Nc4ccccc4)c1,3.67,3.802821419444098,0.13282141944409798
3319,train,CN1[C@@H]2CC[C@H]1C[C@H](C2)OC(=O)C(O)c3ccccc3,-1.29,-1.2023677498560592,0.08763225014394083
1887,train,CCCC(=O)NCc1cncc(c1)c2ccc(F)cc2OC,2.9,2.811735394151741,-0.08826460584825879
1748,train,CN(C)CCNC(=O)c1ccc(Nc2ncc3cc(ccc3n2)c4ccncc4)cc1,2.29,2.08308111090155,-0.2069188890984499
2990,train,Clc1ccc(cc1)S(=O)(=O)NC(=O)N2CCC(CC2)N3CCC(CC3)Oc4ccc(Cl)c(Cl)c4,2.59,2.475575819234851,-0.11442418076514871
3345,train,CN[C@@H](C)C(=O)N[C@@H](C1CCCCC1)C(=O)N(C)[C@H]2CCCN(CCc3ccccc3)C2,2.34,2.3295968187018095,-0.0104031812981904
1033,train,COc1ccccc1S(=O)(=O)NC(=O)N2CCC(CC2)N3CCC(CC3)Oc4ccc(Cl)c(Cl)c4,0.89,1.054877852741476,0.16487785274147593
1446,train,COCCC(=O)NC(C)c1ccc(Nc2ncc3cc(ccc3n2)c4ccncc4)cc1,2.98,2.699883712592394,-0.2801162874076062
2091,train,NC(=O)c1cnc(N[C@H]2CCCNC2)c3cc(sc13)c4ccc(Cl)cc4,2.78,2.484326572372053,-0.2956734276279467
1461,train,CC(C)NCCCOc1ccc(NC(=O)C)cc1CC=C,-0.01,-0.23621987297893998,-0.22621987297893997
1052,train,CN([C@@H]1CCN(Cc2ccc(nc2)C(F)(F)F)C[C@@H]1F)C(=O)Cc3ccc(cc3)n4cnnn4,1.8,1.881484456717823,0.081484456717823
2699,train,CC(C)OC(=O)N1CCC(CC1)Oc2ncnc(Oc3ccc(cc3F)S(=O)(=O)C)c2C,3.7,3.8348919319366743,0.13489193193667415
3236,train,CN1CCN(CC1)[C@@H]2C[C@@H](C2)c3nc(c4ccc5ccc(nc5c4)c6ccccc6)c7c(N)nccn37,3.2,3.222656862095935,0.02265686209593465
2436,train,OCCN(CCO)c1nc(N2CCCCC2)c3nc(nc(N4CCCCC4)c3n1)N(CCO)CCO,3.97,3.750828943268787,-0.2191710567312133
1881,train,C[C@@H](Oc1cccc2ncnc(Nc3ccc(OCc4ccccn4)c(Cl)c3)c12)C(=O)N(C)CCO,3.56,3.2643084851274553,-0.29569151487254475
2604,train,Clc1ccc2nsnc2c1NC3=NCCN3,0.71,0.660010835903099,-0.04998916409690102
1657,train,COc1cccc(c1)C(COCc2cc(cc(c2)C(F)(F)F)C(F)(F)F)N3CCNCC3,3.1,3.0301276043407643,-0.06987239565923575
2508,train,Cc1c(Sc2ccc(Cl)cc2)c3c(cccc3n1CC(=O)O)c4cnccn4,0.03,0.17616392694151717,0.14616392694151717
520,train,CC(=O)c1ccc(nc1)N2CCN(CC2)S(=O)(=O)C[C@]34CC[C@H](CC3=O)C4(C)C,2.21,2.00952680458932,-0.20047319541067976
2121,train,Clc1ccc2C(=O)C3=C(Nc2c1)C(=O)NN(Cc4ccncc4)C3=O,-0.16,-0.1440572287170414,0.015942771282958595
3678,train,NS(=O)(=O)c1ccc(Nc2nccc(n2)c3cnc4ccccn34)cc1,2.7,2.416858204756723,-0.2831417952432771
790,train,CC(C)CN1C(=O)N(C)C(=O)c2c1sc(Cc3ccccc3C(F)(F)F)c2C(=O)N4CCCCC4,4.07,3.709689255048877,-0.36031074495112314
142,train,Cc1ccc(cc1NC(=O)c2ccc(OCc3ccccn3)cc2)c4nccn4C,2.83,2.611710651587109,-0.21828934841289094
3206,train,Clc1ccc2oc3C(=O)NC(=Nc3c2c1)[C@@H]4CCCN4,2.01,2.1729300994902,0.16293009949020032
1096,train,Nc1cccc2C(=O)C(=O)c3ccccc3c12,2.31,2.2302080107634352,-0.07979198923656483
536,train,Oc1ccc(cc1)C2=Cc3ccc(O)cc3OC2=O,2.9,3.028474474022973,0.12847447402297307
3640,train,Cn1c(ccc1c2cc(F)c3NC(=O)C(C)(C)c3c2)C#N,3.21,3.3668029961756867,0.15680299617568672
648,train,CNC(=O)c1ccc(Oc2ccc(cc2)C#C[C@]3(O)CN4CCC3CC4)cc1,1.99,1.9717740744949575,-0.01822592550504254
3480,train,CCCNC(=O)c1nnc2c(cccc2c1N)c3ccccc3,3.8,3.751290913932937,-0.04870908606706292
2899,train,Cc1cc(CN2CCC2)cnc1c3ccc(cc3)C(=O)Nc4ccccc4N,1.18,1.2479419066016275,0.06794190660162758
2102,train,O[C@@H](CNCCSCCCNCCc1cccc(Cl)c1)c2ccc(O)c3NC(=O)Sc23,0.98,0.9277564088094583,-0.05224359119054167
2015,train,C1CN=C(N1)c2ccc3ccccc3n2,0.6,0.8101998999729625,0.2101998999729625
961,train,COc1cc(ccc1Cn2ccc3ccc(cc23)C(=O)NCC4CCCC4)C(=O)NS(=O)(=O)c5ccccc5,1.93,2.0178794800638915,0.08787948006389157
1739,train,Nc1c2CCCCc2nc3ccccc13,0.38,0.512381086436992,0.13238108643699198
3185,train,CC(=O)Nc1ccccc1C,1.0,0.9713124926041281,-0.028687507395871892
3943,train,COc1cc(Nc2ncc(C)s2)nc(N[C@@H](C)c3ncc(F)cn3)n1,2.99,2.9988939733454445,0.008893973345444284
1136,train,Oc1ccccc1CCC(=O)Nc2ccccc2,2.71,2.6036906151201666,-0.10630938487983332
2858,train,Fc1cccc(COc2ccc(Nc3ncnc4ccc(cc34)c5cccc(c5)N6CCOCC6)cc2Cl)c1,3.2,3.570191512063627,0.37019151206362677
2156,train,CC(C)c1c(O)c(O)c(C=O)c2c(O)c(c(C)cc12)c3c(C)cc4c(C(C)C)c(O)c(O)c(C=O)c4c3O,2.75,2.486067337647765,-0.2639326623522349
1587,train,CC(C)N1CCN(Cc2cnc(c3ccc(cc3)C(=O)Nc4ccccc4N)c(c2)C#N)CC1,1.28,1.1812847734193719,-0.09871522658062815
1722,train,Clc1ccccc1CNC(=O)c2cccnc2Oc3ccccc3,3.68,3.4260641414982445,-0.2539358585017557
3886,train,COc1ccc(COc2nc(Br)cnc2NS(=O)(=O)c3ccc(C)cc3)cc1OCCN(C)C,1.68,1.6369824927737477,-0.043017507226252194
3102,train,C[C@H](NC(=O)C)c1ccc(Nc2ncc3cc(ccc3n2)c4ccncc4)cc1,3.17,2.9490238591289004,-0.2209761408710995
2404,train,CCN(CC)CCNc1ncnc2c1sc3nc(N4CCOCC4)c5CCCCc5c23,3.3,3.1522708219141777,-0.1477291780858221
3848,train,NCC[C@@H](Sc1cc(Cl)ccc1C#N)c2ccccc2,1.26,1.1498432340579265,-0.11015676594207346
2958,train,C[C@H](Nc1nc(Nc2cc(C)[nH]n2)cnc1C#N)c3ncc(F)cn3,1.96,1.9847699649221358,0.02476996492213579
1342,train,Fc1ccc(CC2=NNC(=O)c3ccccc23)cc1N4C(=O)CCC4=O,1.0,1.0942753378684804,0.09427533786848041
2276,train,COc1ccc(F)c(F)c1C(=O)c2cnc(NC3CCN(CC3)S(=O)(=O)C)nc2N,2.08,2.2373099470344253,0.15730994703442525
2068,train,CC(C)n1c(C)ncc1c2ccnc(Nc3ccc(F)cc3)n2,3.62,3.5925714242380025,-0.027428575761997642
1680,train,CC[C@H](NC(=O)c1c(O)c(nc2ccccc12)c3ccccc3)c4ccccc4,3.91,3.9497814336616486,0.039781433661648435
4111,train,NNCCc1ccccc1,-0.01,-0.1196633660002604,-0.1096633660002604
1482,train,CN(c1ccnc(Nc2cc(cc(c2)S(=O)(=O)C)N3CCOCC3)n1)c4cc(CO)ccc4C,2.9,2.6131176994922978,-0.28688230050770214
903,train,O=C1C(=O)c2ccccc2c3ccccc13,2.6,2.3836274097347276,-0.21637259026527245
1724,train,Cc1cc(OCCCS(=O)(=O)C)cc(C)c1c2cccc(COc3ccc4[C@H](CC(=O)O)COc4c3)c2,2.3,2.2313658310309115,-0.06863416896908836
1652,train,CN(c1ccnc(Nc2cc(cc(c2)N3CCOCC3)N4CCOCC4)n1)c5cc(CO)ccc5C,2.94,3.029906252383883,0.08990625238388317
2792,train,COc1cc(OC)c(cc1NC(=O)C)S(=O)(=O)N2C(C)Cc3ccccc23,1.95,2.0367108594056433,0.08671085940564338
2308,train,Cc1ccc(cc1NC(=O)c2ccc(OCc3ccccn3)cc2)c4ccc(N)nn4,2.47,2.405469308688152,-0.06453069131184819
1060,train,CN1CCCCC1CCN2c3ccccc3Sc4ccc(cc24)[S+](C)[O-],1.6,1.4924158331104371,-0.10758416688956296
3692,train,Oc1ccc(cc1)c2sc3cc(O)ccc3c2C(=O)c4ccc(OCCN5CCCCC5)cc4,4.13,3.8112648571289847,-0.31873514287101523
3669,train,C[C@H]1O[C@H]([C@H](O)[C@@H]1O)n2cnc3c(N)nc(OC4CCC(F)(F)CC4)nc23,1.42,1.2785235593907265,-0.14147644060927345
3322,train,Cn1c(CN2CCC(CC2)c3ccccc3)nc4ccccc14,3.6,3.227183829528478,-0.37281617047152205
1332,train,Oc1cc(OCc2ccccc2)ccn1,1.69,1.510453681143305,-0.17954631885669503
1805,train,Clc1ccc(cc1Cl)C2=CSC3=NCCN23,1.54,1.6447899479686874,0.10478994796868735
2798,train,CCO[C@@H]1OC(=O)C[C@@H]1NC(=O)[C@@H]2CCCN3N2C(=O)[C@H](CCC3=O)NC(=O)c4nccc5ccccc45,1.16,0.6547789067007683,-0.5052210932992316
3857,train,NC1=NC(c2cccc(c2)c3cncnc3)(c4ccnc(c4)C(F)(F)F)c5cccc(F)c15,3.4,3.3265471341843886,-0.07345286581561128
2281,train,Nc1nc(NCc2ccccc2)nc3c1nc(O)n3Cc4ccccc4,3.69,3.3760537682145118,-0.3139462317854882
1878,train,OC(=O)c1ccc(Nc2ncc(Br)c(Nc3ccccc3)n2)cc1,1.65,1.3680801599900925,-0.28191984000990744
4017,train,Cc1[nH]c(C(=O)NC2CCN(CC2)c3ncc(s3)C(=O)O)c(Cl)c1Cl,0.02,0.3283603275946978,0.3083603275946978
3291,train,CSc1ncccc1C(=O)NCCc2ccc(Cl)cc2,3.31,2.939177686990404,-0.370822313009596
643,train,NS(=O)(=O)c1ccc(CCNc2ccc3nnc(c4ccccc4)n3n2)cc1,2.19,2.0746996161786146,-0.1153003838213853
3721,train,OC(=O)[C@H](Cc1ccc(Cl)cc1)N2CCC(CN3CCC(CC3)Oc4ccc(Cl)c(Cl)c4)CC2,2.86,3.0301384598605727,0.17013845986057285
529,train,CN(c1ccnc(Nc2cc(CN3CCOCC3)cc(c2)N4CCOCC4)n1)c5cc(CO)ccc5C,3.0,3.086520232472185,0.08652023247218521
4078,train,FC(F)(F)c1ccc(NC(=O)N2CCN(C[C@@H]3CCCN(C3)C4CC4)CC2)cc1Cl,4.06,3.825587673098265,-0.2344123269017344
3799,train,O=C(Nc1ccc(cc1)N2CCOCC2)c3oc(Nc4ccccc4)nn3,3.15,3.1010692889768032,-0.04893071102319668
130,train,Cc1ccc(cc1)S(=O)(=O)NC(=O)N2CCC(CC2)N3CCC(CC3)Oc4ccc(Cl)cc4Cl,1.52,1.6277978243803768,0.10779782438037677
3471,train,Fc1ccc2c3CN(CCc3[nH]c2c1)C(=O)[C@@H]4CCCC[C@H]4C(=O)NC5(CC5)C#N,2.99,3.0959485030435006,0.10594850304350034
1114,train,CC(C)NC(=O)c1ccc(C)c(c1)N2C=Nc3ccc(cc3C2=O)N4CCN(C)CC4,1.56,1.564335736673816,0.004335736673815926
983,train,C[C@@H]1CN(CCN1C(=O)[C@@H]2CCCC[C@H]2C(=O)NC3(CC3)C#N)c4ccc5c(C)noc5c4,2.67,2.7725980820458322,0.10259808204583232
3449,train,CC(C)CN1C(=O)N(C)C(=O)c2c1sc(Cc3ccccc3C(F)(F)F)c2C(=O)N4CC=CC4,3.53,3.2878418861450127,-0.2421581138549871
3823,train,O[C@@H](CNCCCSCCNCCc1cccc(Cl)c1)c2ccc(O)c3NC(=O)Sc23,1.06,0.8723604755563095,-0.1876395244436906
857,train,CCc1cccc(c1)N(C)C(=N)Nc2cccc3ccccc23,1.57,1.7291140442388453,0.15911404423884523
970,train,[O-][N+](=O)c1cc(ccc1NCCSc2ccccc2)S(=O)(=O)NC(=O)c3ccc(cc3)N4CCNCC4,-0.04,0.10171547806231462,0.14171547806231463
3514,train,CN1C(=O)N(CC2CC2)c3nn(Cc4cn(C)c5ccc(Cl)cc45)c(c6cc(oc6C)S(=O)(=O)C)c3C1=O,4.48,4.122103968038987,-0.3578960319610136
346,train,CC(C)Oc1cc(OCCc2cccnc2)cc(c1)C(=O)Nc3ccc(cn3)C(=O)O,0.81,0.468379566875893,-0.34162043312410706
120,train,COc1cc2ncc(C(=O)N)c(Nc3cccc(Cl)c3F)c2cc1OC,3.6,3.5782703193083383,-0.021729680691661812
1113,train,C[C@H]1O[C@H]([C@H](O)[C@@H]1O)n2cnc3c(N)nc(OCC45CC6CC(CC(C6)C4)C5)nc23,3.58,3.521592572027522,-0.05840742797247822
1532,train,COc1ccc(N(C(C(=O)NC[C@@H](C)O)c2ccccc2F)C(=O)c3occc3CO)c(OC)c1,1.37,1.1378074101160252,-0.23219258988397495
1029,train,C(=C\c1nn[nH]n1)/c2ccccc2,-0.4,-0.3213024178184698,0.07869758218153022
30,train,CS(=O)(=O)C1(CC1)c2cc(nc(n2)c3cccc4[nH]ccc34)N5CC6CCC(C5)O6,2.6,2.459878360165372,-0.1401216398346281
2053,train,CN(C(=O)N1CCC(CC1)N2CCC(CC2)Oc3ccc(Cl)c(Cl)c3)S(=O)(=O)c4ccc(C)cc4,4.49,4.206212104166738,-0.283787895833262
292,train,CC1CN(C(=O)c2ccccc2)c3ccccc3NC1=O,1.73,1.655406358777539,-0.07459364122246104
1939,train,CC(=O)Nc1ccc2ccn(c3cc(NCCCN4CCCC4)n5ncc(C#N)c5n3)c2c1,1.87,1.9592372790975427,0.08923727909754264
1981,train,Fc1cccc(COc2ccc3C(=O)CCOc3c2)c1,3.4,3.3969073655475293,-0.003092634452470655
2039,train,COc1cc2ncnc(Nc3ccccc3)c2cc1OC,3.04,3.012607801842578,-0.027392198157421888
2133,train,NC(=N)NC(=O)c1nc(Cl)c(NCc2ccncc2)nc1N,-0.51,-0.9146033043881494,-0.4046033043881494
3120,train,CCCSc1ncccc1C(=O)N(C)C2CCOCC2,1.63,1.4680689870158712,-0.1619310129841287
3050,train,COc1cc2c(Nc3ncc(NC(=O)c4ccccc4)cn3)ncnc2cc1OCCCN5CCOCC5,2.32,2.6259747327240506,0.30597473272405074
2069,train,COc1ccc2C(=NC(=O)N(CCN3CCC(CC3)NCc4cc5OCCOc5cn4)c2c1)C,0.29,0.6250208355998894,0.33502083559988943
722,train,CS(=O)(=O)Cc1cc(nc(n1)c2cccc3cc[nH]c23)N4CCOCC4,2.8,2.3207344729777066,-0.4792655270222932
173,train,CSc1ncccc1C(=O)Nc2nccs2,1.43,1.3682626189918996,-0.061737381008100334
1338,train,O=C(NC1(CC1)C#N)[C@@H]2CCCC[C@H]2C(=O)N3CCN(CC3)c4nc5cnccc5s4,1.66,1.4513818244542218,-0.2086181755457781
2891,train,Cc1oc(nc1CCOc2ccc(C[C@H](Nc3ccccc3C(=O)c4ccccc4)C(=O)O)cc2)c5ccccc5,3.5,3.296919976338944,-0.20308002366105615
3216,train,CCN(C1CCN(CCC(c2ccccc2)c3ccc(NC(=O)C(C)(C)C)cc3)CC1)C(=O)Cc4ccc(cc4)S(=O)(=O)C,2.98,2.760468799986378,-0.21953120001362203
978,train,COc1cc(ccc1Nc2ccccc2C(=O)O)c3ccc(Nc4ccccc4C(=O)O)c(OC)c3,1.8,1.4221229634827945,-0.3778770365172055
1375,train,Cn1c(SCc2c(Cl)cccc2Cl)nnc1c3ccc4nonc4c3,3.35,3.6212558772407775,0.2712558772407774
2115,train,COc1ccccc1CNCCc2cccc(CCNC[C@H](O)c3ccc(O)c4NC(=O)Sc34)c2,0.91,1.1035240969632347,0.1935240969632347
91,train,Cc1cc(CCCOc2c(Cl)cc(cc2Cl)C3=NCCO3)on1,3.72,3.6616825519146188,-0.05831744808538142
2910,train,COc1ncc(cc1NS(=O)(=O)c2ccc(F)cc2F)c3ccc4nccc(c5ccnnc5)c4c3,2.5,2.3701767916475096,-0.1298232083524904
2314,train,CCCC(=O)Nc1ccc2c3ccccc3C(=O)C(=O)c2c1,2.81,2.946466269905776,0.13646626990577593
3795,train,C[C@@H]1CN(CCN1c2ncc(OCc3ccc(cn3)S(=O)(=O)C)cn2)C(=O)OC(C)(C)C,3.0,3.2224555676888977,0.22245556768889774
2285,train,CN(CCOc1ccc(C[C@H](Nc2ccccc2C(=O)c3ccccc3)C(=O)O)cc1)c4oc5ccccc5n4,2.47,2.1850603700489746,-0.2849396299510256
3631,train,CC(=O)Nc1ccc2c(c1)c(cn2CCC(=O)O)c3cc(NC4CC4)n5ncc(C#N)c5n3,-0.87,-0.8976324604942971,-0.02763246049429713
2147,train,CCS(=O)(=O)c1ccc(c(F)c1)c2cc(Cl)ccc2OCC(=O)O,-0.92,-1.10914543432283,-0.18914543432282993
2731,train,O=C(NCC12CC3CC(CC(C3)C1)C2)c4ccccc4,4.21,3.73696737905506,-0.4730326209449398
1918,train,CC1(C)[C@@H]2CC[C@@]1(CS(=O)(=O)N3CCN(CC3)c4ccc(cn4)C(F)(F)F)C(=O)C2,3.8,3.625225546729267,-0.1747744532707327
1867,train,CC(C)C(NC(=O)CN1C(=O)C(=CC=C1c2ccccc2)NC(=O)OCc3ccncc3)C(=O)C(F)(F)F,2.41,2.0631478873129225,-0.3468521126870776
2939,train,CNC(=O)C1(CCN(CC[C@H](CN(C)C(=O)c2c(OC)c(cc3ccccc23)C#N)c4ccc(Cl)c(Cl)c4)CC1)N5CCCNC5=O,2.2,2.1744941929783077,-0.025505807021692473
1289,train,CN1CCC[C@H]1c2ccccn2,0.44,0.3154885567367156,-0.1245114432632844
1617,train,COc1ccc2OCC(=O)N(CCN3CCC(CC3)NCc4cc5OCCOc5cn4)c2c1,1.24,1.034860274215399,-0.20513972578460105
2718,train,NC1=CC2=NNC(=O)N2c3cc(ccc13)c4occc4,2.48,2.0951310703837316,-0.3848689296162684
3372,train,Oc1ncnc2onc(c3ccc(F)cc3)c12,1.97,1.8732386829515606,-0.09676131704843938
147,train,Oc1ccc(cc1)N2C=Nc3cc(O)ccc3C2=O,1.6,1.9184712256479803,0.31847122564798025
2612,train,CCCCNc1nc(SCCC)nc2c1nnn2[C@@H]3C[C@H](CO)[C@@H](O)[C@H]3O,3.07,2.9189668658335717,-0.15103313416642816
1840,train,OCC(CO)CN1C(=O)C(Cc2ccccc12)NC(=O)c3cc4cc(Cl)sc4[nH]3,3.56,3.5685703731783827,0.008570373178382606
1272,train,NS(=O)(=O)c1ccc(Nc2nccc(Nc3c(Cl)ccc4OCOc34)n2)cc1,2.7,2.3977770226503816,-0.30222297734961856
738,train,CS(=O)(=O)c1ccc2c3CN(CCc3[nH]c2c1)C(=O)[C@@H]4CCCC[C@H]4C(=O)NC5(CC5)C#N,1.5,1.5565892089824351,0.056589208982435135
2746,train,N#Cc1cnn2c(NC3CC3)cc(nc12)c4cccs4,2.88,2.887448259470575,0.007448259470574925
1477,train,CN1CCN(CC1)c2ccc3N=CN(C(=O)c3c2)c4cc(NC(=O)c5ccccc5F)ccc4C,2.75,2.768727909507107,0.01872790950710712
2972,train,CN1C(=O)N(CC2CC2)c3nn(Cc4ccnc5ccc(Cl)cc45)c(c6oc(cc6C)C#N)c3C1=O,4.34,4.100439226136469,-0.23956077386353059
608,train,COc1ccc(cc1)C(=O)C2CCN(CC2)C(=O)c3occc3,2.42,2.359735381163776,-0.06026461883622414
1205,train,CSCc1cc(nc(n1)c2ccccc2)N3CCOCC3,3.26,3.20657279195594,-0.05342720804405987
2919,train,COc1cccc(NC(=O)c2cccc(Cc3c(C)nn(CCO)c3c4ccccc4)c2)c1,4.29,3.9001741524280074,-0.3898258475719927
2790,train,OC(=O)\C=C\c1cccc(c1)c2cnc3[nH]ccc3c2,0.58,0.4796915936427768,-0.10030840635722316
1929,train,[O-][N+](=O)c1cccc2ccc(nc12)C(Cl)(Cl)Cl,3.7,3.6604854253196253,-0.03951457468037489
2509,train,C(Oc1ccccc1)C2CNCCO2,0.2,0.28922711326778905,0.08922711326778904
1072,train,CNc1nc(C)c(s1)c2nc(Nc3cccc(c3)N4CCCN(CC4)C(=O)C)ncc2C#N,3.2,3.094528227220135,-0.10547177277986508
452,train,Fc1ccc(cc1C#N)S(=O)(=O)NCC(N2CCCCCC2)c3ccccc3,2.71,2.4865361019981527,-0.2234638980018473
2006,train,CCCSc1nc(ccc1C(=O)NC2CCCCC2)N3CCC[C@H](CC(=O)O)C3,2.18,1.9342208415361402,-0.24577915846386
585,train,Nc1ncnc2sc(nc12)c3c(ncn3C[C@H]4CCCO4)c5ccccc5,2.65,2.7241076972078075,0.07410769720780763
1854,train,Nc1nc2ccc(cc2[nH]1)C(=O)c3ccccc3,2.29,2.397097007008895,0.1070970070088948
2776,train,CN1CCN(CC1)c2ccc3N=CN(C(=O)c3c2)c4cc(NC(=O)C5CC5)ccc4C,2.17,2.0629576101801277,-0.10704238981987224
52,train,OC(=O)CCC[C@H]1[C@@H](Cc2ccccc12)NC(=O)c3cc4cc(F)ccc4[nH]3,1.95,2.1268454715030014,0.17684547150300145
3207,train,CN[C@@H](C)C(=O)N[C@H](C(=O)N[C@H]1CCCN(C1)S(=O)(=O)Cc2ccccc2)C(C)(C)C,0.78,0.5720847200007331,-0.20791527999926696
2451,train,CN(C)c1cccc(c1)C(=O)Nc2ccc(C)c(NC(=O)c3ccc(O)cc3)c2,2.65,2.6069139496491363,-0.04308605035086366
3909,train,CC(C)Oc1cc(OCCN2CCN(CC2)C(=O)C)cc3ncnc(Nc4c(F)ccc5OCOc45)c13,3.06,2.7685921076732165,-0.29140789232678355
858,train,CC[S+]([O-])c1ncccc1C2(O)CCN(CC34CC(c5ccccc35)c6ccccc46)CC2,2.0,2.1095333976437916,0.10953339764379155
926,train,Cn1nc(cc1NC(=O)Nc2ccc(Cl)cc2)C(C)(C)C,3.97,3.9083526004042017,-0.06164739959579846
3893,train,COc1cc(ccc1Nc2ncc(Cl)c(n2)c3cnc4ccccn34)C(CO)CO,3.1,3.1824869096819253,0.08248690968192518
3239,train,CN(C)CCCN1c2ccccc2Sc3ccccc13,2.56,2.6019076139644066,0.041907613964406565
1689,train,CN1CCC[C@H]1CCN2CCCc3cc(NC(=N)c4cccs4)ccc23,0.37,0.6111273518444751,0.2411273518444751
1773,train,NC(=O)c1cnc(N[C@H]2CCCNC2)c3cc(sc13)c4ccc(F)cc4,2.01,2.0059221249953048,-0.004077875004695031
3398,train,CC(C)CN1C(=O)N(C)C(=O)c2c1sc(Cc3ccnc4ccc(F)cc34)c2C(=O)N5CC[C@@H](O)C5,1.95,1.4783148004431959,-0.4716851995568041
1544,train,Fc1cc(Oc2ccc(cc2c3ccnnc3)C(F)(F)F)c(Cl)cc1S(=O)(=O)Nc4nncs4,1.15,1.210845647892214,0.06084564789221414
2755,train,O=C(CN1CCOCC1)Nc2ccc(cc2c3ccccc3)c4cccc5C(=O)C=C(Oc45)N6CCOCC6,3.4,3.4017553975592962,0.0017553975592963234
3411,train,NS(=O)(=O)c1cc(cc(N2CCCC2)c1Oc3ccccc3)C(=O)O,-0.94,-0.7053718588816618,0.23462814111833818
1727,train,CN1CCN(CC1)C(=O)c2cc3cc(C)ccc3[nH]2,2.22,2.1190840444309567,-0.10091595556904354
3635,train,COCCNC(=O)c1ccc(Nc2ncc3cc(ccc3n2)c4ccncc4OC)cc1,3.14,2.8942919098555353,-0.24570809014446482
100,train,CC1=CN([C@H]2CCCN(C2)S(=O)(=O)c3ccc(O)c(Oc4ccccc4)c3)C(=O)NC1=O,1.49,1.487850188395399,-0.0021498116046010374
444,train,CC(C)(C)OC(=O)N1CCN(CC1)c2ncc(OCc3ccncc3)cn2,3.4,3.2322226598817725,-0.16777734011822742
4020,train,CC(C)c1ccc(Sc2cnc(O)c(c2)C(=O)NCc3ccccc3)cc1,3.7,3.563544483179826,-0.13645551682017398
3266,train,CC[C@@H](CO)Nc1nc(SCc2ccccc2)nc3nc(N)sc13,2.99,3.092484082516674,0.10248408251667396
1308,train,Fc1ccc(CN2CCN(CC2)[C@H](c3ccc(cc3)C(=O)N4CCC4)c5cccc(NC(=O)C6CC6)c5)cc1,3.58,3.9101730207524135,0.3301730207524134
3061,train,NC(=O)c1c(N)sc2CCCCc12,1.84,1.6583953650494596,-0.18160463495054047
234,train,CC[C@H](NC(=O)c1c([S+](C)[O-])c(nc2ccccc12)c3ccc(F)cc3)c4ccccc4,3.72,3.4193138773399774,-0.3006861226600228
483,train,NCc1nc2ccccc2[nH]1,0.4,0.5193289066775941,0.1193289066775941
3250,train,CC(C)C(NC(=O)CN1C(=O)C(=CC=C1c2ccccc2)NS(=O)(=O)c3cccc(NC(=O)C)c3)C(=O)C(F)(F)F,2.43,2.213943476592989,-0.2160565234070111
3417,train,CC(=O)c1noc(C)c1C(=O)Nc2nccs2,1.94,2.058111519221571,0.11811151922157093
1962,train,Clc1c(NCC2CCNCC2)nccc1C(=O)NCC34CC5CC(CC(C5)C3)C4,0.6,0.45957480573037457,-0.1404251942696254
3762,train,SC1=Nc2[nH]cnc2C(=O)N1,-1.48,-1.4516303265265602,0.02836967347343977
1391,train,CN[C@@H](C)C(=O)N[C@@H](C1CCCCC1)C(=O)N2CC[C@H]3CCN(CCc4ccccc4)C[C@@H]23,2.47,2.2549434089817275,-0.21505659101827268
1846,train,CC(C)Cc1ccc(cc1)C(C)C(=O)NS(=O)(=O)C,0.78,0.7205186406229529,-0.05948135937704713
2423,train,CNc1cccc(CCOc2ccc(C[C@H](NC(=O)c3ccccc3Cl)C(=O)O)cc2)n1,-0.31,-0.3893459662291927,-0.07934596622919271
2540,train,C[C@@H](Oc1ccc(SCCCCCc2ccccc2)cc1)C(=O)c3nc(C)c(CCCC(=O)O)s3,3.58,3.0327262432447526,-0.5472737567552475
2655,train,Fc1ccccc1c2ccc3c(c2)C(=O)C(=O)c4ccccc34,2.92,3.07512488419896,0.1551248841989601
3562,train,CN(C)S(=O)(=O)c1ccc(CC(=O)N(C)C2CCN(CCC(c3ccccc3)c4ccccc4)CC2)cc1,3.5,3.3839345161408705,-0.11606548385912951
2363,train,OC(=O)[C@H](Cc1ccc(OCCNc2ccccn2)cc1)NC(=O)c3c(Cl)cccc3Cl,-0.48,-0.5895162877846287,-0.10951628778462874
2254,train,O=C(CCN1CCCCC1)Nc2ccc(C3=CC=CN4C(=O)C=C(N=C34)N5CCOCC5)c6sc7ccccc7c26,2.9,2.885682548066562,-0.014317451933437919
1737,train,CS(=O)(=O)c1cccc2c3CN(CCc3[nH]c12)C(=O)[C@@H]4CCCC[C@H]4C(=O)NC5(CC5)C#N,1.7,1.783929890145429,0.08392989014542906
273,train,NS(=O)(=O)c1nc2ccccc2s1,1.35,1.4345944460342115,0.0845944460342114
3164,train,CN(C)CCCC1(OCc2cc(ccc12)C#N)c3ccc(F)cc3,1.56,1.6148882389302155,0.05488823893021544
3838,train,Cc1nc(NC(=N)N)nc2ccccc12,-0.49,-0.4160154622175276,0.07398453778247238
2559,train,COc1cc(Nc2cc(Oc3cc(C)c(C)nc3c4ccccn4)ccn2)cc(OC)c1OC,3.22,3.0362020225274047,-0.18379797747259552
515,train,O=C(Nc1nnn[nH]1)C2=CC(=C3C=CC=CN3C2=O)Oc4ccccc4,0.67,0.7007939454591148,0.030793945459114735
2613,train,CN[C@@H](C)C(=O)N[C@H](C(=O)N[C@H]1CCCN(CCc2ccccn2)C1)C(C)(C)C,-0.55,-0.6148684556606252,-0.06486845566062516
1176,train,CCC(CC)n1nc(C)c(C(=O)N[C@@H](C)C(C)(C)C)c1NS(=O)(=O)c2ccc(C)cc2,1.88,1.5089355618599476,-0.3710644381400523
1037,train,CC(C)CN1C(=O)N(C)C(=O)c2c1sc(Oc3cccc4ccccc34)c2C(=O)N5CC[C@@H](O)C5,2.87,2.556411231813049,-0.31358876818695114
1761,train,CCc1cccc2c3CCOC(CC)(CC(=O)O)c3[nH]c12,0.49,0.45106321551053363,-0.03893678448946636
2698,train,CC(C)C[C@@H](CO)NS(=O)(=O)c1ccc(Cl)s1,2.8,2.457824797759296,-0.34217520224070386
433,train,CC(C)(C)c1cc2nc3C(=O)N(Cc4ccccc4)Cc3c(O)n2n1,1.9,1.8692056416702845,-0.030794358329715443
410,train,CN(C)CCCN1c2ccccc2CCc3ccccc13,2.49,2.5774968209501763,0.08749682095017608
2581,train,CNCc1cccc(c1)c2ccc3c(nc(nc3n2)N4C[C@@H](C)O[C@@H](C)C4)N5CCOCC5,1.26,1.565409570444499,0.305409570444499
3138,train,O=C(Nc1ccc(nc1)N2CCOCC2)c3oc(Nc4cccc(OCc5cccnc5)c4)nn3,3.3,3.318190253094528,0.018190253094528153
1324,train,Fc1ccc2cn[nH]c2c1,2.3,2.091110160685022,-0.20888983931497762
388,train,C[C@]1(CCSC(=N1)N)c2cc(c(F)cc2F)c3cncnc3,0.8,0.898938238807723,0.0989382388077229
2070,train,COC(=O)C1C(CC2CCC1N2C)OC(=O)c3ccccc3,1.06,0.9087421391207415,-0.15125786087925852
4077,train,COc1cc(ccc1Nc2ncc(Cl)c(n2)c3cnc4ccccn34)N5CCN(CC5)C(=O)C,3.65,3.3207562535482325,-0.32924374645176746
3339,train,Clc1ccc2OCOc2c1Nc3ccnc(Nc4cc(cc(c4)N5CCOCC5)N6CCOCC6)n3,3.25,3.027338310876968,-0.22266168912303197
1987,train,C[C@H](NC(=O)C1(N)CCN(CC1)c2ncnc3[nH]ccc23)c4ccc(Cl)cc4,2.67,2.7788369505739356,0.10883695057393572
2846,train,CN1CCc2cc(Cl)c(O)cc2[C@H](C1)c3ccccc3,2.5,2.2752728860024223,-0.22472711399757772
3314,train,COc1ccc2COC(=O)N(CCN3CCC(CC3)NCc4ccc5OCC(=O)Nc5n4)c2c1,0.5,0.46334921964403786,-0.03665078035596214
2639,train,O[C@H]1CN(CCN2C(=O)C=Cc3ccc(cc23)C#N)CC[C@H]1NCc4cc5OCCOc5cn4,0.45,0.09194435998129924,-0.35805564001870077
183,train,CCOc1ccccc1c2ccc(cc2)c3nc4ccc(F)cc4c(N[C@H](C)C(=O)O)c3C#N,2.5,2.31267140983126,-0.18732859016874004
169,train,COc1cc2c(Nc3ccc(Cl)cc3F)ncnc2cc1OCCn4cncn4,3.2,2.9949046057614095,-0.2050953942385907
2136,train,CCC[C@@H](CNC(=O)c1nc(Cl)c(N)nc1N)[N+](C)(C)CCCc2ccc(OC)cc2,0.4,0.5202987143743545,0.12029871437435447
500,train,O[C@@H](CNCCSCCCNCCc1cccc(c1)C(F)(F)F)c2ccc(O)c3NC(=O)Sc23,1.21,1.4840488154093645,0.27404881540936454
2720,train,Nc1nccc(n1)c2cccs2,1.75,1.6366308026883103,-0.1133691973116897
1884,train,C[C@@H]1CN(CCN1c2ncc(OCc3ccc(cc3C#N)S(=O)(=O)C)cn2)C(=O)OC(C)(C)C,3.3,3.276180038455043,-0.023819961544957025
3403,train,CS(=O)(=O)c1ccc2[nH]c3CCN(Cc3c2c1)C(=O)[C@@H]4CCCC[C@H]4C(=O)NC5(CC5)C#N,1.5,1.4925428642594494,-0.0074571357405506244
1387,train,NC(=O)c1cc2ccccc2nc1N,1.07,1.0602252386644142,-0.009774761335585858
409,train,CC(C)(F)C[C@H](N[C@@H](c1ccc(cc1)c2ccc(cc2)S(=O)(=O)C)C(F)(F)F)C(=O)NC3(CC3)C#N,2.9,2.3394930628240562,-0.5605069371759437
2433,train,CN1CCC(=CC1)c2cccc(O)c2,0.53,0.4070415665087308,-0.12295843349126923
3545,train,CN1CCN(CC1)c2ccc3ncc(C(=O)N)c(Nc4ccc(Cl)cc4Cl)c3c2,3.23,3.1510892237448704,-0.07891077625512954
3181,train,CCN1CCC[C@H]1CNC(=O)c2cc(Br)cc(OC)c2OC,1.2,0.764196795097319,-0.435803204902681
3530,train,CC1(CC(=O)NC(=N1)N)c2ccc(Cl)c(Cl)c2,1.59,1.6571046365551945,0.06710463655519439
2561,train,COc1ccccc1CN(C(=O)C)c2cnccc2Oc3ccccc3,3.0,2.7669364611753373,-0.23306353882466269
2534,train,Cc1ccc(cc1NC(=O)c2ccc(OCc3ccccn3)cc2)c4ncc(CN5CCOCC5)s4,3.1,3.2630028033343814,0.16300280333438133
3112,train,CCCCCc1ccc(cc1)c2nnc(N)s2,4.13,4.1333652398589535,0.0033652398589536503
2600,train,CS(=O)(=O)c1ccc(cc1)[C@@H](CC2CCCC2)C(=O)Nc3nccs3,3.86,3.657643579637421,-0.20235642036257895
1920,train,COc1cc2ncc(C(=O)N)c(Nc3cc(C)ccc3F)c2cc1OC,3.16,3.361443748260905,0.20144374826090505
3466,train,O[C@H](CNC(=O)c1cccc(c1)C#N)CN2CCC(CC2)Oc3ccc(Cl)c(Cl)c3,3.48,3.1922388329034126,-0.2877611670965874
2754,train,CCC(N(CCCN)C(=O)c1ccc(C)cc1)C2=Nc3sccc3C(=O)N2Cc4ccccc4,2.06,1.9586575512052762,-0.10134244879472387
1299,train,CN1C(=O)N(C)c2ncn(CC(O)CO)c2C1=O,-1.25,-1.3953694024500294,-0.14536940245002938
1341,train,Fc1ccc(cc1)c2cn3ccccc3n2,3.1,3.063695962894275,-0.03630403710572505
3736,train,CN(C)CCC=C1c2ccccc2COc3ccccc13,2.15,2.1133422113338005,-0.0366577886661994
2386,train,S(c1ccccc1)c2ccc3ccccc3n2,3.92,3.7765519241988894,-0.14344807580111052
2693,train,Cc1nc(Nc2ncc(s2)C(=O)Nc3c(C)cccc3Cl)cc(n1)N4CCN(CCO)CC4,3.41,2.99407462578668,-0.41592537421332
210,train,Cc1ccc2c(n1)c(Sc3ccc(Cl)cc3)c(C)n2CC(=O)O,0.35,0.61269198451403,0.26269198451403
7,train,CNc1cccc(CCOc2ccc(C[C@H](NC(=O)c3c(Cl)cccc3Cl)C(=O)O)cc2C)n1,0.34,0.06597925063587518,-0.27402074936412485
940,train,CCC1=C(C)CN(C(=O)NCCc2ccc(cc2)S(=O)(=O)NC(=O)N[C@@H]3CC[C@@H](C)CC3)C1=O,1.73,1.7752476669701944,0.045247666970194445
678,train,Nc1ccc(cc1)S(=O)(=O)N2CCCC2,0.98,0.8964953873966093,-0.0835046126033907
1598,train,CCOC(=O)Nc1cccc(c1)[C@H](N2CCN(Cc3c[nH]c(C)n3)CC2)c4ccc(cc4)C(=O)N(C)CC,2.11,2.3855055404705277,0.2755055404705278
294,train,O[C@@H](CNCCCSCCNCCc1cccc(Cl)c1Cl)c2ccc(O)c3NC(=O)Sc23,1.74,1.8891790252903877,0.14917902529038773
347,train,Cn1c(nc2ccccc12)c3ccc(O)nc3,1.2,0.7816753322420624,-0.41832466775793753
1663,train,OC[C@@H](NC(=O)C(Cl)Cl)[C@H](O)c1ccc(cc1)[N+](=O)[O-],1.15,1.2433055931715473,0.09330559317154741
3821,train,Cc1cc(C)nc(SCC(=O)N)n1,0.23,0.043928454817005136,-0.18607154518299487
2257,train,Cc1ccc(CN2C(=O)CCSc3ccc(Cl)cc23)cc1,3.7,3.520682002399118,-0.17931799760088207
2125,train,COc1cccc(c1)S(=O)(=O)c2c(C)n(CC(=O)O)c3ccc(C)cc23,-0.42,-0.8157950690596425,-0.3957950690596425
3264,train,CC1=C(Oc2c(cccc2C1=O)C(=O)OCCN3CCCCC3)c4ccccc4,3.42,3.4977532754021277,0.07775327540212773
1098,train,CCOC(=O)Nc1cccc(c1)[C@H](N2CCN(Cc3cccnc3)CC2)c4ccc(cc4)C(=O)N5CCC5,3.02,2.93378759789683,-0.08621240210317005
4187,train,CN1CCC[C@@H]([C@H]1C(=O)Nc2ccc(OCc3cc(C)nc4ccccc34)cc2)C(=O)NO,2.41,2.079649571456659,-0.33035042854334096
2921,train,COc1cc(OC)cc(c1)c2cc3cnc(N)nc3nc2N,2.14,1.9523277946578523,-0.1876722053421478
2529,train,CCCN(CCO)CCCOc1ccc2c(Nc3cc(CC(=O)Nc4cccc(F)c4F)[nH]n3)ncnc2c1,2.19,2.262588579547351,0.0725885795473511
187,train,CC(CN1CCCCC1)C(=O)c2ccc(C)cc2,1.65,1.5787891783350916,-0.07121082166490833
2872,train,Brc1cnc(Nc2cccc(NC(=O)N3CCCC3)c2)nc1NCCCNC(=O)c4cccs4,4.13,4.203145383875529,0.07314538387552894
1022,train,Clc1cc(Cl)cc(c1)S(=O)(=O)NCC(N2CCCCCC2)c3ccccc3,3.36,2.967553584423535,-0.39244641557646487
963,train,O[C@@H](CNCCCOCCNCCc1cccc(Cl)c1)c2ccc(O)c3NC(=O)Sc23,-0.03,0.3359238211573943,0.3659238211573943
3879,train,C[C@H](NC1=NC(=O)[C@](C)(S1)C(F)(F)F)c2ccccc2F,3.1,2.9628983636973656,-0.1371016363026345
1201,train,COC[C@H](C)Oc1cc(Oc2cc(F)cc(F)c2)cc(c1)C(=O)Nc3ccc(cn3)C(=O)O,1.36,1.2941050405308654,-0.0658949594691347
349,train,OCCCn1c(NC(=O)c2cccc(c2)[N+](=O)[O-])nc3ccccc13,3.0,2.9226440114141203,-0.07735598858587966
2930,train,O=C1N2CCS(=O)(=O)C2=Nc3ccccc13,0.8,0.8967872642868131,0.09678726428681306
1605,train,COc1cc(ccc1Nc2ncc(Cl)c(n2)c3cnc4ccccn34)N5CC6CN(CCO)CC(C5)O6,2.5,2.2806107284137416,-0.21938927158625843
1106,train,OCC(=O)N1CCC[C@@H]1COc2cccc3ncnc(Nc4ccc(OCc5ccccn5)c(Cl)c4)c23,3.71,3.298510202154536,-0.4114897978454639
2828,train,CN(C1CCN(Cc2nc3cc(F)ccc3s2)CC1)C(=O)Cc4ccc(cc4)n5cnnn5,2.85,2.4614731869959825,-0.3885268130040176
3335,train,CCN(C1CCN(CC[C@@H](c2ccc(F)cc2)c3ccc(cc3)S(=O)(=O)C)CC1)C(=O)Cc4ccc(cc4)S(=O)(=O)C,1.88,1.979655074039325,0.09965507403932516
715,train,CC(C)c1nc2ccccc2n1c3nc(N4CCOCC4)c5nc(OC6CN(C6)C7CCS(=O)(=O)CC7)n(C)c5n3,2.9,3.3315575676481193,0.43155756764811937
623,train,CCN(CC)c1ccc(cc1)c2nn3c(nnc3s2)c4[nH]nc5CCCc45,3.37,3.451458581199719,0.08145858119971905
1570,train,CCN(CC)CC(=O)Nc1c(cnn1c2ccccc2)C#N,0.4,0.4369520462320806,0.03695204623208059
2862,train,CCCSc1nc(ccc1C(=O)NC2CCCCC2)N3CCC(CC3)C(=O)O,1.6,1.378936542488476,-0.221063457511524
3874,train,Nc1c(NC2CCCCC2)nc(nc1N3CCOCC3)C#N,2.81,2.814345391811555,0.004345391811555022
3215,train,C[C@@H]1CN(CCN1c2ncc(OCc3ccncc3C#N)cn2)c4noc(n4)C(F)F,2.85,2.974028219025881,0.12402821902588101
3154,train,Nc1nc2nc(SCc3cccc(F)c3F)nc(O)c2s1,2.5,2.5691518377975884,0.06915183779758838
3191,train,Cc1ccc(cc1NC(=O)c2ccc(OCc3ccccn3)cc2)c4[nH]cnc4C,2.87,2.821727001499322,-0.04827299850067801
1269,train,COc1ncc2C=CC(=O)N(CCN3CCC(CC3)NCc4cc5OCCOc5cn4)c2n1,0.2,0.4373928809834917,0.2373928809834917
1864,train,CC(C)CN1C(=O)N(C)C(=O)c2c1sc(Cc3c[nH]c4ncccc34)c2C(=O)N5CC[C@@H](O)C5,1.71,1.5343496996569677,-0.1756503003430323
3498,train,CSc1nc2cc(Cl)ccc2[nH]1,3.22,2.819661720883122,-0.40033827911687814
968,train,OC(=O)CO[C@H]1[C@@H](Cc2ccccc12)NC(=O)c3cc4sc(Cl)c(Cl)c4[nH]3,1.38,1.5095831547237295,0.1295831547237296
3809,train,Cn1cc(cc1c2c3C(=O)N(CC#CCn4cncn4)C(=O)N(CC5CC5)c3nn2Cc6ccnc7ccc(Cl)cc67)C#N,3.43,3.069090509221148,-0.36090949077885215
3532,train,O=C1O[C@]2(CN3CCC2CC3)CN1c4cccs4,0.9,0.9349904984532107,0.03499049845321067
2445,train,CC(C)c1ccc2[nH]c3CCN(Cc3c2c1)C(=O)[C@@H]4CCCC[C@H]4C(=O)NC5(CC5)C#N,4.1,4.0447783031746285,-0.05522169682537115
3660,train,N[C@@H](Cc1cccs1)C(=O)N[C@]2(C[C@H]2c3ccccc3)C#N,1.5,1.3751748532569719,-0.12482514674302814
2630,train,CNc1nc(C)c(s1)c2nc(Nc3cccc(c3)N4CCNCC4)ncc2C#N,1.9,1.7541498563869253,-0.14585014361307458
1696,train,FC(F)(F)c1ccc(cc1)S(=O)(=O)NCC(N2CCCCCC2)c3ccccc3,4.29,3.7401785999741777,-0.5498214000258224
4106,train,CN(C)C(=O)[C@H](Cc1ccccc1)NC(=O)c2cc3ccsc3[nH]2,3.1,3.0601235622962455,-0.0398764377037546
1932,train,CN(C)c1ccccc1S(=O)(=O)NC(=O)N2CCC(CC2)N3CCC(CC3)Oc4ccc(Cl)c(Cl)c4,1.74,1.5901291706463816,-0.1498708293536184
3811,train,COc1cc(cc(OC)c1OC)C(=O)NCc2ccc(OCCN(C)C)cc2,0.74,1.0067817173778053,0.2667817173778053
1472,train,COc1ccc2nc(C)cc(c2c1)n3cc(CN4CCN(CC4)C(=O)C)nn3,1.3,1.4273988180003752,0.1273988180003751
2033,train,Clc1ccc(cc1C(=O)NCCc2ccccc2)N3N=CC(=O)NC3=O,0.74,0.4836457347055805,-0.2563542652944195
229,train,CCCCc1ncc(\C=C(/Cc2cccs2)\C(=O)O)n1Cc3ccc(cc3)C(=O)O,-0.9,-0.8851550828923882,0.014844917107611821
3389,train,CC(=O)N1CCOc2nc(OCc3ccccc3)ccc12,2.4,2.2008552884116646,-0.19914471158833535
1223,train,Clc1ccc2ncc(c3cccc(NC4CNC4)n3)n2c1,1.19,1.3191226283460227,0.12912262834602273
35,train,CN(C)c1ccnc2sc(C(=O)NCc3ccccc3)c(N)c12,3.62,3.602894376557738,-0.017105623442262186
458,train,CCCSc1nc2ccc(NC(=O)CCC(=O)O)cc2s1,0.5,0.3251108607382429,-0.1748891392617571
3459,train,COc1ccc2ncc(F)c(CCN3CCC(CC3)NCc4ccc5OCC(=O)Nc5n4)c2n1,1.78,1.6490715159517944,-0.13092848404820567
3041,train,[O-][N+](=O)c1ccc2[nH]c(nc2c1)c3ccccn3,2.8,2.5594878730428903,-0.24051212695710955
357,train,C[C@@H](Oc1cccc2ncnc(Nc3ccc(OCc4ccccn4)c(Cl)c3)c12)C(=O)N(C)C,3.67,3.61418382959469,-0.05581617040530995
1597,train,COc1ccc(Cl)cc1NC(=O)Nc2cnccn2,3.63,3.438386953751893,-0.19161304624810693
1480,train,COCCNS(=O)(=O)c1ccc(Nc2nccc(n2)c3cnc4cccnn34)cc1,2.8,2.7355175674346834,-0.06448243256531638
1488,train,Cc1nc(C)c(nc1C(=O)N)c2ccc(cc2)C34CCC(CC(=O)O)(CC3)CC4,1.6,1.4980883095007402,-0.10191169049925985
1703,train,CCN1CCO[C@@H](CN2CCN(CC2)C(=O)Nc3ccc(Cl)c(Cl)c3)C1,2.68,2.7010388908707776,0.021038890870777482
3979,train,CCC(=O)N1CCN(CC1)C(=O)c2cc(CC3=NNC(=O)c4ccccc34)ccc2F,1.22,1.2195457359460735,-0.0004542640539264564
3211,train,Cc1nc(C)c(nc1C(=O)N)c2ccc([C@@H]3CC[C@@H](CC(=O)O)CC3)c(Cl)c2,1.8,1.3228618876293143,-0.4771381123706857
1702,train,CCCNC(=O)NS(=O)(=O)c1ccc(Cl)cc1,-0.33,-0.41555306020821936,-0.08555306020821934
253,train,Cc1ccc2c(c1)c(c(C)n2CC(=O)O)c3ccnc4cc(Cl)ccc34,1.59,1.2381083872544307,-0.35189161274556935
3048,train,CC(C)N1C(=O)N(C)C(=O)c2c1sc(Cc3ccccc3C(F)(F)F)c2C(=O)N4CCS(=O)(=O)C4,2.55,2.528032602527251,-0.021967397472749006
2300,train,CCOc1ccc(cc1)N2C(=O)c3cccnc3N=C2[C@@H](C)N(Cc4cccnc4)C(=O)Cc5ccc(OC(F)(F)F)cc5,3.7,3.969530284154331,0.2695302841543308
1009,train,COc1ccc(cc1OC)C(=O)Nc2cc(NC(=O)c3cccc(c3)N(C)C)ccc2Br,3.49,3.7345167634311034,0.24451676343110318
1408,train,CN([C@H]1CCN(Cc2ccc(cc2)C(F)(F)F)C[C@H]1F)C(=O)Cc3ccc(cc3)n4cnnn4,3.3,3.2404582610913937,-0.059541738908606145
3616,train,COc1cc2ncnc(Nc3cccc(Cl)c3F)c2cc1CN4CCC[C@H]4CC(=O)N,2.64,2.6093652122908297,-0.030634787709170386
3337,train,CC1(C)CNC(=O)c2sc(nc2C1)N3CCOCC3,1.29,1.310874158672523,0.020874158672522958
3219,train,CCCCc1nc2c(N)nc3ccccc3c2n1CC(C)C,3.82,3.5012575234652035,-0.31874247653479637
3246,train,Nc1c(Nc2ccccc2)nc(nc1N3CCOCC3)C#N,2.72,2.832810918568517,0.11281091856851688
3210,train,CC(C)n1c(C)ncc1c2nc(Nc3ccc(C(=O)NC4CCN(C)CC4)c(F)c3)ncc2F,2.41,1.9577772835742173,-0.4522227164257828
3742,train,COc1cc2OC[C@H]3Oc4c5C[C@@H](Oc5ccc4C(=O)[C@H]3c2cc1OC)C(=C)C,3.57,3.2795361194563672,-0.2904638805436326
3621,train,CO[C@@H](C(=O)N1Cc2n[nH]c(NC(=O)c3ccc(cc3)N4CCN(C)CC4)c2C1)c5ccccc5,2.0,1.7810674836773628,-0.21893251632263722
370,train,COCCS(=O)(=O)N1CCN(CC1)c2ccc(Nc3nccc(n3)c4cnc(C)n4C(C)C)cc2,2.75,2.573422262697449,-0.176577737302551
3408,train,COc1cc(CCc2cc(Nc3ccnc(NCc4onc(C)c4)n3)n[nH]2)cc(OC)c1,3.1,2.8119069976337405,-0.28809300236625957
3326,train,Nc1c(nc(nc1N2CCOCC2)C#N)N3CCCC3,2.25,2.180773679842117,-0.06922632015788288
1694,train,Cn1c(C(=O)O)c(CCCOc2cccc3ccccc23)c4ccccc14,2.99,2.883375857943637,-0.10662414205636317
2515,train,Fc1ccc(cc1)[C@@H]2CCNC[C@H]2COc3ccc4OCOc4c3,1.78,1.4593654482007485,-0.3206345517992515
218,train,C[C@H](Nc1cnc(C)c(Nc2cc(C)[nH]n2)n1)c3ccc(F)cn3,1.73,1.799224778373549,0.06922477837354912
2434,train,OC(=O)COc1ccc(C(=O)c2cccs2)c(Cl)c1Cl,-0.84,-0.8267647515528442,0.013235248447155734
3096,train,Brc1ccc(s1)N2C[C@@]3(CN4CCC3CC4)OC2=O,2.0,1.9916846434764361,-0.008315356523563855
356,train,CN(C)S(=O)(=O)c1ccc2C(=CNC(=O)c2c1)C(=O)NC[C@@H](O)CN3CCC(CC3)Oc4ccc(Cl)c(Cl)c4,3.13,2.9581304181032553,-0.17186958189674462
3814,train,CCO\N=C(\C1CCN(CC1)C2(C)CCN(CC2)C(=O)c3c(Cl)cncc3Cl)/c4ccc(Br)cc4,4.0,4.04752266485114,0.047522664851140206
3320,train,C[C@H](N)COc1c(C)cccc1C,0.6,0.3056140595995147,-0.29438594040048527
2861,train,N[C@@H](Cc1cccs1)C(=O)N[C@@]2(C[C@@H]2c3ccccc3)C#N,1.3,1.3751748532569719,0.07517485325697182
3279,train,CN([C@@H]1CCN(Cc2nc3cc(F)ccc3s2)C[C@@H]1F)C(=O)Cc4ccc(cc4)S(=O)(=O)C,2.2,2.2131145390357245,0.013114539035724349
1481,train,Cc1c(Sc2ccc(Cl)cc2)c3c(cccc3n1CC(=O)O)c4ccccc4,2.61,2.808399370700261,0.19839937070026092
3782,train,Cc1c(F)cc(cc1c2ccc(cn2)C(=O)NCC(C)(C)C)C(=O)NC3CC3,3.5,3.827318948780503,0.32731894878050305
3771,train,CCN(CC)C(=O)c1ccc(cc1)C(N2CCNCC2)c3cccc4cccnc34,0.7,0.3966937399515542,-0.30330626004844574
871,train,CCOC(=O)\C=C\[C@H](C[C@@H]1CCNC1=O)NC(=O)[C@@H](CC(=O)[C@@H](NC(=O)c2cc(C)on2)C(C)C)Cc3ccc(F)cc3,2.8,2.8237438276761138,0.023743827676113938
1489,train,Oc1ccc(C(=O)Cc2ccccc2)c(O)c1,3.09,3.096733982576103,0.006733982576103248
2352,train,N#Cc1cccc(c1)c2cccc(c2)c3nn[nH]n3,0.7,0.6478699075243806,-0.052130092475619394
2220,train,CCc1ccc(CCNCCCSCCNC[C@H](O)c2ccc(O)c3NC(=O)Sc23)cc1,0.86,0.6270145129198716,-0.23298548708012834
1745,train,Cn1cc(nc1c2c3C(=O)N(CC#C)C(=O)N(CC4CC4)c3nn2Cc5ccnc6ccc(Cl)cc56)C#N,3.4,3.2847535267050474,-0.11524647329495252
1596,train,C[C@H](CO)Nc1nc(SCc2cccc(F)c2F)nc3NC(=O)C(=O)Nc13,2.48,2.228610505998303,-0.25138949400169697
716,train,CCN(CC)CCOC(=O)C1(CCCC1)c2ccccc2,2.3,2.3630489926397584,0.0630489926397586
3942,train,Cc1ccc(NC(=O)N2CCN(C[C@@H]3CCCN(C3)C4CC4)CC2)cc1Cl,3.37,3.1324289446491003,-0.23757105535089984
3554,train,CNc1cc(nc2c(cc(OC)cc12)N3CCN(C)CC3)C(=O)Nc4ccc(cc4)N5CCOCC5,2.93,2.750616481179381,-0.17938351882061898
1075,train,OC(=O)c1cc2cc(OCc3ccccc3)ccc2[nH]1,0.4,0.6112084447341672,0.21120844473416722
4082,train,COc1cc(ccc1NC(=O)CN2CCOCC2)c3cccc4C(=O)C=C(Oc34)N5CCOCC5,2.3,2.301917903153044,0.001917903153044076
1790,train,CCn1cc(NC(=O)Cc2ccc(Oc3ccnc4cc(F)ccc34)cc2OC)cn1,3.93,3.586722671459823,-0.34327732854017734
2955,train,Nc1ccccc1NC(=O)c2ccc(CNC(=O)OCc3cccnc3)cc2,1.26,1.2291388522585804,-0.03086114774141957
1806,train,O=S(=O)(NCC(N1CCCCCC1)c2ccccc2)c3ccc(cc3)C#N,2.86,2.627068552153718,-0.23293144784628206
2923,train,CC(=O)N1CCN(CCOc2ccc(cc2)C3(O)CCN(CC3)c4ccc5nnc(n5n4)C(F)(F)F)CC1,2.2,2.096269102692087,-0.10373089730791296
3790,train,NC(=O)c1ccc(O[C@H]2C[C@H]3CC[C@@H](C2)N3Cc4ccccc4)cn1,1.51,1.5973527642246244,0.08735276422462435
1095,train,CCc1c(C(=O)C(=O)N)c2c(OCC(=O)N)cccc2n1Cc3ccccc3,2.1,1.8617963180561201,-0.23820368194387997
1710,train,OC1(CCN(CCCC(=O)c2ccc(F)cc2)CC1)c3ccc(Cl)cc3,2.67,2.5328964505281424,-0.13710354947185754
2500,train,O=C1C(=O)c2cc(ccc2c3ccccc13)c4ccsc4,3.1,3.195890888573942,0.09589088857394179
1908,train,OC(=O)c1ccc(OCC(=O)COc2ccc(SCCCCCc3ccccc3)cc2)cc1,3.63,3.4470088245504464,-0.18299117544955346
3617,train,COc1cc2ncnc(NCc3cccc(C)c3)c2cc1OC,3.5,3.1921550081610537,-0.3078449918389463
3708,train,OC(c1ccccc1)c2ccc3C(=O)C=C(Nc3c2)c4cccnc4,2.27,2.4938868525344122,0.2238868525344122
4045,train,CC(C)(C)OC(=O)N1CCN(CC1)c2ncc(OCc3ccncc3S(=O)(=O)C)cn2,2.4,2.4670946568213594,0.06709465682135951
427,train,CS(=O)(=O)c1ccc2nc(sc2c1)N3CCN(CC3)C(=O)[C@@H]4CCCC[C@H]4C(=O)NC5(CC5)C#N,1.49,1.1732716744203862,-0.31672832557961383
1333,train,CN(C)CC(O)COc1ccc(Nc2cc(Nc3cc(Cl)ccc3Cl)ncn2)cc1,2.6,2.4928238383381074,-0.1071761616618927
3442,train,Cc1ccc(NC(=O)c2cccc(c2)N3CCOCC3)cc1NC(=O)c4ccc(OCc5ccncc5)cc4,3.2,3.2837470546698624,0.08374705466986221
2992,train,COc1cc(Nc2nccc(Oc3cnc4ccccc4c3)n2)cc(OC)c1OC,3.41,3.1171393403991647,-0.2928606596008354
796,train,Fc1ccc2[nH]c3CCN(Cc3c2c1)C(=O)[C@@H]4CCCC[C@H]4C(=O)NC5(CC5)C#N,3.0,3.167553524641586,0.16755352464158602
156,train,COc1cccc(NC(=O)Cn2cc(Oc3ncnc4cc(OC)c(OC)cc34)cn2)c1,3.11,2.9183040321075424,-0.19169596789245746
2129,train,O=C(C1CCN(CC1)c2nnc(s2)n3cccc3)N4CCN(Cc5ccc6OCOc6c5)CC4,2.5,2.4100043638424067,-0.08999563615759332
76,train,Cc1cc(CCC2CCN(CC2)S(=O)(=O)CC3(CCOCC3)N(O)C=O)c(C)cn1,1.43,1.0874617378628564,-0.34253826213714356
437,train,COc1ccc(CNC(=O)Nc2ncc(s2)[N+](=O)[O-])cc1,2.9,2.6216064284187683,-0.27839357158123157
1193,train,CO[C@@H]1CN(Cc2ccc(cc2)C(F)(F)F)CC[C@@H]1N(C)C(=O)Cc3ccc(cc3)n4cnnn4,3.1,2.8938075811340322,-0.20619241886596784
1559,train,Oc1ccc(Cl)cc1C(=O)Nc2ccccc2,2.9,3.006508509418497,0.10650850941849699
947,train,CCN1CCOc2cc(COc3ccccc3)cnc12,3.7,3.5636296019576585,-0.13637039804234163
2218,train,NC(=O)c1cccc(C[C@H]2C[C@H]3CC[C@@H](C2)N3Cc4ccccc4)c1,1.19,1.0116744655042786,-0.1783255344957213
3641,train,CN(C)CC(O)COc1ccc(Nc2cc(ncn2)N(CCC#N)c3cc(Cl)ccc3Cl)cc1,2.1,1.6523951741754144,-0.4476048258245857
3400,train,C[C@@](O)(C(=O)Nc1ccc(cc1Cl)S(=O)(=O)NCCCO)C(F)(F)F,2.1,2.0336061807405357,-0.06639381925946441
3492,train,OC(=O)COc1ccc(cc1c2ccccc2)C#N,-1.08,-0.9751175792853721,0.10488242071462794
64,train,O=C(COc1ccccc1)c2ccccc2,2.87,2.911273753050915,0.04127375305091485
2176,train,COc1ccc(Cl)cc1C(=O)Nc2nc3ccccc3[nH]2,4.05,3.8228960793127413,-0.2271039206872585
1917,train,OC(=O)c1cccc(c1)c2cccc(c2)C#N,0.3,0.20456383592177363,-0.09543616407822636
182,train,C[C@@H]1CN([C@@H](C)CN1C(=O)c2ccc(cc2)C#N)C(=O)[C@@](C)(O)C(F)(F)F,1.5,1.510184234201314,0.01018423420131409
847,train,C[Si](C)(C)C#Cc1cn(C[C@H]2CN(C(=O)O2)c3ccc(C4=CCS(=O)(=O)CC4)c(F)c3)nn1,1.26,1.3203683531621433,0.060368353162143285
2324,train,NC(=O)Nc1sc(cc1C(=O)N)c2ccccc2,2.42,2.41225384681376,-0.007746153186239724
2550,train,Cc1ccnc(NCc2ccc(Cl)cc2)c1,3.6,3.596077685245149,-0.003922314754851275
1592,train,C[C@H](Nc1ncc(F)c(Nc2cc([nH]n2)N(C)C)n1)c3ncc(F)cn3,1.98,1.9520443649436583,-0.027955635056341688
2876,train,C[C@@H](Oc1cccc2ncnc(Nc3ccc(Oc4ccc(C)nc4)c(C)c3)c12)C(=O)N5CCOCC5,4.14,4.0865306453005275,-0.05346935469947223
4184,train,NCC(O)(c1ccc(Cl)cc1)c2ccc(Cl)cc2,2.69,2.8993600716795696,0.2093600716795696
1959,train,O[C@@H](CNCCc1ccc(NC[C@H](O)c2ccccc2)cc1)c3ccc(O)c(NC=O)c3,0.02,-0.2853526745388515,-0.3053526745388515
250,train,Fc1ccc(SC2=NN3C=NC(=O)C(=C3C=C2)c4c(Cl)cccc4Cl)c(F)c1,2.74,2.5580334131157585,-0.18196658688424172
254,train,COc1ccc2ncc(F)c(CCN3CCC(CC3)NCc4cc5OCCOc5cn4)c2n1,1.46,1.392532254303195,-0.06746774569680491
2194,train,CC(=O)Nc1ccc2ccn(c3cc(NC4CC4)n5ncc(C#N)c5n3)c2c1,3.29,2.911330403048324,-0.378669596951676
3597,train,OC(=O)c1ccc(cc1)n2ncc(C(=O)NC3C4CC5CC(CC3C5)C4)c2C6CCC6,1.33,1.4449267441657025,0.11492674416570248
4198,train,Clc1ccc2ncccc2c1C(=O)NCC3CCCCC3,2.65,2.7031787582538707,0.05317875825387075
1674,train,CCN(CC)C(=O)c1ccc(cc1)C(=C2CCN(Cc3ccc(F)cc3)CC2)c4ccccn4,3.28,3.2471378565346187,-0.03286214346538108
3382,train,O=C1C=C(N=C2N1C=Cc3ccccc23)N4CCOCC4,2.78,2.8681679217102714,0.08816792171027155
209,train,Cc1ccc(cc1)c2cccc(c2)c3nn[nH]n3,1.3,1.3397816171219512,0.03978161712195116
3666,train,O[C@H](CNC(=O)c1c[nH]nc1C2CC2)CN3CCC(CC3)Oc4ccc(Cl)c(Cl)c4,3.15,2.965424033378803,-0.18457596662119702
3667,train,CCOc1noc2cc(OCCC3CCN(CC3)c4ccc(C)nn4)ccc12,4.23,4.105569357881527,-0.12443064211847332
1926,train,CN(C)CC(O)COc1ccc(Nc2cc(Nc3ccc(F)cc3F)ncn2)cc1,1.48,1.3642197646082805,-0.11578023539171944
3613,train,COc1cc(Nc2c(cnc3cc(OC)c(OC)cc23)C#N)cc(OC)c1,3.5,3.4897692203104427,-0.010230779689557323
2730,train,COc1cc2N(CCN3CCC(CC3)NCc4cc5OCCOc5cn4)C(=O)C=Cc2cn1,0.68,0.6762672284336892,-0.0037327715663107996
840,train,ON=Cc1oc(cc1)[N+](=O)[O-],1.31,1.5127623842103004,0.20276238421030035
47,train,CC(C)c1ccc2Oc3nc(N)c(cc3C(=O)c2c1)C(=O)O,1.1,1.2114583017982032,0.11145830179820315
2138,train,NC(=O)c1sc(cc1NS(=O)(=O)c2ccc(cc2)C(F)(F)F)c3ccsc3,2.39,2.5297391836991965,0.13973918369919636
3637,train,CN1C(=O)N(Cc2ccc(cc2)C(=O)O)C(=O)c3cc(ccc13)C#CCc4ccccc4,2.5,2.0612468952837517,-0.4387531047162483
2334,train,Clc1cccc2[nH]ncc12,2.5,2.1542834088902,-0.34571659110980013
3625,train,CC(C)N(CCNCCc1ccc(O)c2NC(=O)Sc12)C(=O)CCOCCc3ccccc3,2.33,2.275630650865501,-0.05436934913449898
3805,train,COc1cccc(c1)[C@@H](C)NCCCc2ccccc2Cl,3.0,2.863432111330427,-0.13656788866957292
710,train,C[C@H](Nc1nc(Nc2cc(C)[nH]n2)cc(n1)N3CCOCC3)c4ncc(F)cn4,1.91,2.019813595806649,0.10981359580664907
4119,train,Cc1ccnc(NCc2ccccc2O)c1,3.35,3.15067549184755,-0.19932450815245017
2399,train,CC(C)C(NC(=O)CN1C(=O)C(=CN=C1c2cccs2)NC(=O)OCC(F)(F)F)C(=O)C(F)(F)F,2.32,1.7855835955900978,-0.534416404409902
154,train,Nc1ccc(cc1)S(=O)(=O)Nc2nccs2,-0.37,-0.5603038683085391,-0.19030386830853907
951,train,COc1ccc(cc1)c2ccnc(N)n2,2.08,2.021092372445496,-0.05890762755450396
1143,train,COc1cc(Nc2nc(N[C@@H](C)c3ncc(F)cn3)ncc2Cl)n[nH]1,2.53,2.5842405789856446,0.05424057898564483
628,train,NC(=N)NCCC[C@H](NC(=O)COCC(c1ccccc1)c2ccccc2)C(=O)O,0.18,-0.18728951607982047,-0.36728951607982047
306,train,Clc1ccc(cc1)C2(CCCC2)C(=O)Nc3oc(nn3)C(=O)Nc4ccc(cc4)N5CCOCC5,3.72,3.7371209379312855,0.01712093793128533
2455,train,CCN(CC)C(=O)c1ccc2[nH]c(c(CCNCCCCc3ccncc3)c2c1)c4cc(C)cc(C)c4,3.3,2.993772756066984,-0.3062272439330158
29,train,CNC1=Nc2ncccc2C(=NC1c3cccs3)c4occn4,1.14,0.9505613397461206,-0.18943866025387934
1855,train,NC1=NC(=O)N(C=C1)[C@@H]2O[C@H](CO)[C@@H](O)C2(F)F,-1.5,-1.3127992993737605,0.1872007006262395
69,train,Clc1cccc2cn[nH]c12,2.33,2.2282157173425015,-0.10178428265749861
2048,train,O=S1NC(=NO1)Cc2ccc3ccccc3c2,1.85,1.5494239188913734,-0.30057608110862666
4097,train,COc1cc(c2nc(cc(n2)C3(CC3)S(=O)(=O)C)N4CCOCC4)c5cc[nH]c5c1,2.4,2.150553207855225,-0.24944679214477494
3529,train,C[C@@](O)(C(=O)Nc1ccc(cc1Cl)C(=O)N2CCCCC2)C(F)(F)F,2.62,2.6560115965786757,0.036011596578675586
2760,train,CNC(=O)c1ccc(Nc2ncc(F)c(n2)c3cnc(C)n3C(C)C)cc1F,3.31,3.055552381985014,-0.25444761801498617
1358,train,COc1ccc(Nc2nccc(n2)c3cnc(C)n3C(C)C)cc1,3.43,3.3119466757151166,-0.11805332428488358
1725,train,COc1ccc2nc(NC(=O)CCc3ccc(OC)c(OC)c3)sc2c1,3.57,3.225275127204609,-0.3447248727953909
718,train,CC(=O)NC[C@H]1CN(C(=O)O1)c2ccc(N3CCOCC3)c(F)c2,0.67,1.0906101980614942,0.42061019806149413
2538,train,COc1ccc2NC(=O)C(NC(=O)c3ccccc3OC)N=C(c4ccccc4)c2c1,3.8,3.6973178445741013,-0.10268215542589854
2109,train,NC(Cc1ccccc1)c2ccccc2,1.32,1.1455010261346994,-0.17449897386530067
3976,train,C[C@H](CO)Nc1nc(SCc2ccccc2F)nc3NC(=O)Sc13,3.0,3.3201644479915435,0.32016444799154353
2976,train,NC1=NC(=CC(=O)N1)CCc2cccc(Br)c2,2.52,2.5280455788274185,0.00804557882741852
3541,train,CNc1nc2nc(SCc3cccc(F)c3F)nc(N[C@H](C)CO)c2s1,3.7,3.7734663685024508,0.07346636850245059
2631,train,Clc1ccc(NC(=O)N2CCN(C[C@H]3CN(CCO3)C4CC4)CC2)cc1Cl,3.32,3.250224562484812,-0.069775437515188
3277,train,COc1ccc(cc1OC)c2csc(NC(=O)c3c(C)onc3C)n2,3.16,2.877190655942267,-0.2828093440577333
772,train,Cc1ccsc1CN2NC(=O)C3=C(C2=O)C(=O)c4ccc(Cl)cc4N3,1.15,1.102290737374975,-0.04770926262502484
3935,train,O=C1N2C=CC=CC2=Nc3ccccc13,2.1,1.7472835963266031,-0.35271640367339696
3128,train,CN1CCN(CC1)c2ccc3N=CN(C(=O)c3c2)c4cc(NC(=O)c5cccnc5)ccc4C,1.5,1.8503113937717635,0.35031139377176346
787,train,CN(C)CCNCc1ccc(Nc2ncc3cc(ccc3n2)c4ccncc4)cc1,1.4,1.2560454443020608,-0.14395455569793913
4059,train,CN(C)C(=O)C(CCN1CCC(O)(CC1)c2ccc(Cl)cc2)(c3ccccc3)c4ccccc4,3.47,3.5717206306485116,0.10172063064851145
2396,train,Fc1cnc(NC(=O)C(CC2CCOCC2)c3ccc(cc3)S(=O)(=O)C4CC4)s1,3.3,3.269804685129882,-0.03019531487011795
1386,train,CC(C)n1c(C)ncc1c2nc(Nc3ccc(cc3)N4CC(C4)NC(=O)C)ncc2F,2.76,2.7020888209306246,-0.05791117906937515
1531,train,C[C@H](N1CCC[C@@H](C1)N2C=C(C)C(=O)NC2=O)c3ccc(C(=O)O)c(Oc4cccc(Cl)c4)c3,-0.26,-0.34457118858163316,-0.08457118858163315
296,train,CC(C)C(=O)Nc1nc(cc2ccccc12)c3ccccn3,2.7,2.722507262890144,0.02250726289014393
573,train,O[C@@H](CNCCc1ccc(CNCCc2ccccc2F)cc1)c3ccc(O)c4NC(=O)Sc34,1.3,1.0879180291490935,-0.21208197085090652
535,train,CN(C)CCOc1cc(NS(=O)(=O)c2c(Cl)cc(cc2Cl)C(F)(F)F)ccc1Cl,2.99,3.1127880023367616,0.12278800233676135
4104,train,CCN1CCCC1CNC(=O)c2cc(ccc2OC)S(=O)(=O)N,-1.2,-1.4697977218885283,-0.26979772188852835
2375,train,CC(C)OC(=O)N1CC2COCC(C1)C2Oc3ncnc(Oc4cccnc4C)c3C,3.1,2.7047070141484397,-0.39529298585156036
663,train,CCn1c(C)ncc1c2ccnc(Nc3ccc(cc3)C(=O)NC)n2,2.53,2.38833329554424,-0.1416667044557598
372,train,Cc1cccc(Nc2ccccc2C(=O)O)c1C,1.89,1.821263891927725,-0.06873610807227482
212,train,CCCCCC[C@H]1OC(=O)CNC(=O)[C@H](NC(=O)[C@H](CO)NC(=O)[C@@H](NC(=O)[C@H](CC(C)C)N(C)C(=O)[C@@H]1C)[C@H](C)CC)[C@H](C)O,3.2,2.6560160538119746,-0.5439839461880256
928,train,Cn1cnc(c2ccccc2)c1C#Cc3ccnc(N)n3,2.94,2.6829103525184537,-0.2570896474815463
634,train,OCCNCc1cc(Br)ccc1OCc2ccc(Cl)cc2,2.98,3.031323149336845,0.05132314933684512
2401,train,CCCc1c(O)c(ccc1OCCCOc2ccc3C(=O)C=C(Oc3c2CCC)C(=O)O)C(=O)C,3.0,2.7747584023784975,-0.22524159762150253
4154,train,CC1(CC(=O)NC(=N1)N)c2ccccc2,0.62,0.5960759939034399,-0.02392400609656009
2929,train,CC(C)CN1C(=O)N(C)C(=O)c2c1sc(Cc3ccccc3C(F)(F)F)c2C(=O)N4CCCC4,3.8,3.423672763942645,-0.37632723605735485
2722,train,COc1cc2ncc(C(=O)N)c(Nc3cccc(Cl)c3Cl)c2cc1OC,3.4,3.7897522362854996,0.3897522362854997
4040,train,CC(C)CNc1nc(nc(N2CCN(CC2)C(=O)C)c1N)C#N,2.4,2.262225377938011,-0.13777462206198887
3521,train,c1ccc2[nH]c(nc2c1)c3cscn3,2.35,2.252888175113165,-0.09711182488683523
1119,train,CC(C)NCC(O)COc1ccccc1CC=C,0.99,0.7341379326396389,-0.2558620673603611
2179,train,COc1cc2ncnc(Nc3cccc(Cl)c3F)c2cc1OC4CCN(CC4)S(=O)(=O)C,2.82,2.9643676690870167,0.14436766908701681
2054,train,Cc1ccnc(NCc2ccccc2)c1,3.08,2.9231077793497615,-0.15689222065023856
3347,train,COc1cc2CC[C@H](NC(=O)C)c3cc(O)ccc3c2c(OC)c1OC,1.81,1.666944913643199,-0.14305508635680098
66,train,CO[C@@H]1CC[C@@]2(CC1)Cc3ccc(OCC(C)C)cc3C24N=C(C)C(=N4)N,3.4,3.5013265386904733,0.10132653869047337
1654,train,CCCCSc1nc(N)c2ncn(Cc3c(F)ccc(C)c3F)c2n1,3.0,3.154505333614008,0.15450533361400787
3609,train,O[C@@H](CNCCc1cccc(CNCc2ccccc2Cl)c1)c3ccc(O)c4NC(=O)Sc34,1.85,1.649184708110323,-0.20081529188967706
2617,train,CC(C)CN1C(=O)N(C)C(=O)c2c1sc(Cc3ccccc3C(F)(F)F)c2S(=O)(=O)N4CC[C@@H](O)C4,3.32,3.0972245658023962,-0.2227754341976036
1485,train,CC1(COc2cc(ccc2NC(=O)CN3CCOCC3)c4cccc5C(=O)C=C(Oc45)N6CCOCC6)COC1,2.2,2.2861755122962797,0.08617551229627951
1005,train,C[C@H](Nc1nc(Nc2ncc(C#N)s2)cc(n1)N3CCOCC3)c4ncc(F)cn4,2.26,2.665484475428408,0.40548447542840815
1228,train,OC(=O)Cc1csc(n1)c2ccc(Cl)cc2,-0.22,-0.4259769472949122,-0.2059769472949122
2922,train,COc1ccc(cc1CO)c2ccc3c(nc(nc3n2)N4C[C@@H](C)O[C@@H](C)C4)N5CCOCC5,3.25,3.0475233232151844,-0.20247667678481562
1954,train,Cc1nc(C)c(nc1C(=O)N)c2ccc([C@@H]3CC[C@H](CC(=O)O)CC3)c(F)c2,1.2,0.8960053792971936,-0.30399462070280636
3610,train,CC(C)CC(N(C)C)C1(CCC1)c2ccc(Cl)cc2,3.6,3.3522486197474546,-0.2477513802525455
331,train,CCOc1cc2nccc(Oc3cnc(CC(=O)Nc4n[nH]c(CC)c4C)c(OC)c3)c2cc1OC,3.29,3.1601379824680613,-0.1298620175319387
3384,train,CC(C)Oc1cc(ccc1NC(=O)CN2CCOCC2)c3cccc4C(=O)C=C(Oc34)N5CCOCC5,3.0,3.2681332945337376,0.2681332945337376
2875,train,OC(=O)CCc1oc(c2ccccc2)c(n1)c3ccccc3,1.2,1.2249703326522825,0.024970332652282545
260,train,OC(=O)COc1ccc(cc1CN2CCN(CC2)S(=O)(=O)c3ccccc3)C(F)(F)F,0.4,0.5691806168340661,0.16918061683406604
2874,train,CC(C)n1c(C)ncc1c2ccnc(Nc3ccc(cc3)N4CCN(CC4)S(=O)(=O)C)n2,2.57,2.767101235025669,0.19710123502566912
3312,train,OC(=O)c1cc2cc(ccc2n1Cc3ccc(Cl)c(Cl)c3)C(F)(F)F,3.07,3.113023085447837,0.04302308544783706
2337,train,C[C@@H]1CN(Cc2ccc(F)cc2)CCN1C(=O)COc3ccc(Cl)cc3NC(=O)N,1.91,2.017173403985779,0.10717340398577924
3129,train,COc1ccc(cc1CO)c2ccc3c(nc(nc3n2)n4ccnc4)N5CCOC[C@@H]5C,2.6,2.375685374850512,-0.2243146251494883
1834,train,CC[C@H](NC(=O)c1c([S+](C)[O-])c(nc2ccccc12)c3cccs3)c4ccccc4,3.56,3.2911628125159655,-0.2688371874840345
3094,train,CC(C)CN1C(=O)N(C)C(=O)c2c1sc(Cn3c(C)nc4ccccc34)c2C(=O)N5CC[C@@H](O)C5,1.34,1.2521754155450546,-0.08782458445494545
2206,train,Oc1ccc(cc1)C2=Cc3cccc(O)c3OC2=O,2.8,2.9702803328394305,0.17028033283943067
478,train,CNC(=O)c1ccc(CCC(COc2ccc(cc2)c3cccc(c3)[N+](=O)[O-])N4C(=O)CSC4=O)cc1,3.5,3.329107239587602,-0.1708927604123982
600,train,CN(C)c1ccc(cc1)S(=O)(=O)NC(=O)N2CCC(CC2)N3CCC(CC3)Oc4ccc(Cl)c(C)c4Cl,2.0,1.7926647733753618,-0.2073352266246382
778,train,NC(=O)c1cnc(N[C@H]2CCCNC2)c3cc(sc13)c4ccncc4,0.77,0.5659932636803542,-0.20400673631964583
3208,train,COc1cc(ccc1Nc2ncc(Cl)c(n2)c3cnc4ccccn34)C(=O)N5CCOCC5,3.4,3.47816229723725,0.07816229723725021
1097,train,COc1ccc2cc(ccc2c1)C(C)C(=O)O,0.23,-0.09276856405776357,-0.32276856405776355
702,train,CN[C@@H](C)C(=O)N[C@H](C(=O)N[C@H]1CCCN(CCc2ccc(cc2)C(F)(F)F)C1)C(C)(C)C,2.85,2.717149596574275,-0.13285040342572518
54,train,C[C@H](NC(=O)c1c(C)nn(C2CCCC2)c1NS(=O)(=O)c3ccc(C)cc3)C(C)(C)C,2.0,1.9898651936548304,-0.010134806345169611
2885,train,NC(=O)Nc1cc(sc1C(=O)N[C@H]2CCCNC2)c3ccc(cc3)C#N,0.61,0.7220916126322279,0.11209161263222789
3097,train,OC(=O)c1[nH]c2cc(Cl)cc(Cl)c2c1\C=C\3/CCN(C3=O)c4ccccc4,1.85,1.7661380166888745,-0.0838619833111256
2002,train,Cc1[nH]c(C(=O)NC2CCN(CC2)c3cc(cc(Cl)n3)C(=O)O)c(Cl)c1Cl,1.74,1.5865034989213467,-0.1534965010786533
725,train,CCC(C)(C)C(=O)O[C@H]1C[C@@H](C)C=C2C=C[C@H](C)[C@H](CC[C@@H]3C[C@@H](O)CC(=O)O3)[C@@H]12,3.7,3.70016299723585,0.00016299723584989323
20,train,CC(C)(CCCCCOCCc1ccccc1)NCCc2ccc(O)c3nc(O)sc23,2.92,2.8706586524339155,-0.04934134756608444
1383,train,C[C@@H](C[C@@](C)(CS(=O)(=O)N1CCN(CCc2ccc(Cl)cc2Cl)CC1)N(O)C=O)c3ncc(F)cn3,3.27,3.2426088042671455,-0.027391195732854534
3223,train,Cc1ccc(NC(=O)C=C)cc1,2.25,2.2961955704515695,0.04619557045156952
1047,train,CS(=O)(=O)C1(CC1)c2cc(nc(n2)c3ccccc3)N4CCOCC4,2.6,2.5230259073882224,-0.07697409261177768
2573,train,Cc1ccccc1N2C(=Nc3cccc(C)c3C2=O)Cn4cnc5c(N)ncnc45,2.6,2.6850629445837058,0.08506294458370567
312,train,CCOc1ccc2oc(C(=O)NC(CCSC)c3nc4ncccc4[nH]3)c(C)c2c1,4.23,3.9535925119137367,-0.2764074880862637
2463,train,Cc1ccc(cc1)S(=O)(=O)N2N=Cc3ccccc3B2O,0.05,0.09799526985683205,0.04799526985683204
3740,train,CC(Nc1ccccc1)C2=CC(=CN3C(=O)C=C(N=C23)N4CCOCC4)C,3.6,3.716261805002074,0.11626180500207406
2294,train,CN1CCN(CC1)C(=O)c2cc(CC3=NNC(=O)c4ccccc34)ccc2F,1.03,0.873103251918276,-0.15689674808172405
3949,train,O=C(Nc1cc(ccn1)c2ccnc(Nc3ccccc3)c2)C4CCOCC4,3.7,3.474528645626793,-0.22547135437320698
1274,train,CC1(C)[C@@H]2CC[C@@]1(CS(=O)(=O)N3CCN(CC3)c4ccc(cn4)C#N)C(=O)C2,2.46,2.0721542843470613,-0.3878457156529387
3707,train,Cn1c2ccccc2c3cc(NC(=O)CCc4ccncc4)ccc13,3.8,3.7171965299593226,-0.08280347004067723
2907,train,NCC[C@@H](Oc1nc(ccc1C#N)C(F)(F)F)c2oncc2,-0.49,-0.4124416238023043,0.07755837619769568
369,train,Clc1ccc(O[C@H]2CCCNC2)cc1C(=O)NCC34CC5CC(CC(C5)C3)C4,2.18,1.9018765327045635,-0.2781234672954367
781,train,C[C@@H]1CN(Cc2ccc(F)cc2)[C@@H](C)CN1C(=O)c3cc4c(cn(C)c4cc3Cl)C(=O)C(=O)N(C)C,3.6,3.665090610007475,0.06509061000747485
3733,train,O=C(N1CCC1)c2ccc(cc2)C(=C3CCN(Cc4cscn4)CC3)c5cccc6cccnc56,2.52,2.614177298872769,0.09417729887276893
397,train,NCC[C@@H](Oc1cc(Cl)ccc1C#N)c2ccccc2,0.76,0.6402533585072578,-0.11974664149274217
192,train,CCCSc1nc(N[C@@H]2C[C@H]2c3ccccc3)c4nnn([C@@H]5C[C@H](O)[C@@H](O)[C@H]5O)c4n1,3.97,3.89360792887046,-0.07639207112954027
3293,train,O[C@@H](CNCCc1cccc(CNCCCc2ccccc2)c1)c3ccc(O)c4NC(=O)Sc34,1.11,0.9601686904488396,-0.14983130955116053
4049,train,OC(=O)COc1ccc(Cl)cc1CN2CCN(CC2)S(=O)(=O)Cc3ccccc3,0.33,0.5511268090303545,0.22112680903035448
1906,train,CNCC[C@@H](Oc1cc(OC)ccc1C#N)c2ccccc2,0.87,0.8133441186108807,-0.056655881389119256
1319,train,C[C@H]1O[C@H]([C@H](O)[C@@H]1O)n2cnc3c(N)nc(OCC4CCC(F)(F)CC4)nc23,1.72,1.659618372353929,-0.06038162764607091
1623,train,CC(C)(C)c1ccc(cc1)C(O)CCCN2CCC(CC2)C(O)(c3ccccc3)c4ccccc4,3.99,3.72279078909432,-0.2672092109056803
1973,train,Cc1ccc2c(c1)c(c(C)n2CC(=O)O)c3ccnc4c(cccc34)S(=O)(=O)C,-0.34,-0.1604791140065598,0.17952088599344024
1655,train,COc1ccc(cc1CNCCO)c2ccc3c(nc(nc3n2)N4C[C@@H](C)O[C@@H](C)C4)N5CCOCC5,1.31,1.4840657097613836,0.17406570976138358
2660,train,COc1ccc(Nc2cc(Oc3cc(C)c(C)nc3c4ccccn4)ccn2)cc1,3.51,3.53727872625932,0.027278726259320152
3550,train,CCN(C1CCN(CCC(c2ccccc2)c3ccc(NC(=O)Cc4ccccc4)cc3)CC1)C(=O)Cc5ccc(cc5)S(=O)(=O)C,3.61,3.3062969887273246,-0.3037030112726753
3283,train,CC(C)C[C@H](N[C@@H](c1ccc(cc1)c2ccc(cc2)S(=O)(=O)C)C(F)(F)F)C(=O)NCC#N,3.24,3.215077480653254,-0.024922519346746164
432,train,O=C1C=C(Oc2c1cccc2c3cccc(c3)c4ccsc4)N5CCOCC5,4.2,4.290800327455273,0.09080032745527244
2090,train,C[C@H](NC(=O)c1c(C)nn(c1NS(=O)(=O)C2CCCCC2)c3ccccc3)C(C)(C)C,1.75,1.434771441330685,-0.3152285586693151
277,train,CC1CC(=O)Nc2ccccc2N1,0.56,0.24965421444322367,-0.3103457855567764
1396,train,Cc1ccc(cc1)c2ccc(F)cc2COc3ccc(CCC(=O)O)cc3,3.24,3.023343120133301,-0.21665687986669901
2195,train,CCN1C(=O)N(CC2CC2)c3nn(Cc4ccnc5ccc(Cl)cc45)c(c6cncn6C)c3C1=O,2.87,2.9513421955710895,0.08134219557108935
3057,train,CN1CCN(CC1)c2ccc3nc([nH]c3c2)C4=C(N)c5c(F)cccc5NC4=O,3.45,3.214570865765258,-0.23542913423474232
2686,train,O[C@H](CNC(=O)c1cn2cc(F)ccc2n1)CN3CCC(CC3)Oc4ccc(Cl)c(Cl)c4,3.33,3.186751475476724,-0.1432485245232762
2475,train,Clc1ccc(cc1)C2CCN(CC2)C(=O)COCc3ccncc3,2.74,2.5951604770585344,-0.14483952294146585
2274,train,CN(C)CCCNS(=O)(=O)c1ccc(Nc2nccc(n2)c3cnc4ccccn34)cc1,1.9,1.873537533255151,-0.026462466744848978
2226,train,NC1(CCN(CC1)c2ncnc3[nH]ccc23)C(=O)NC(CCCN4CCCC4)c5ccc(Cl)cc5,1.3,1.3234360799253873,0.02343607992538721
4021,train,Cc1ccc2c(c1)c(c(C)n2CC(=O)O)c3ccnc4c(C)cccc34,1.29,1.2204366074789315,-0.06956339252106858
468,train,Oc1ccc(cc1)S(=O)(=O)Nc2nccs2,0.36,0.01614810126526489,-0.3438518987347351
125,train,NC1(CCN(CC1)c2ncnc3[nH]ccc23)C(=O)NCc4ccc(Cl)cc4,2.88,2.6310682720215435,-0.24893172797845642
1360,train,Clc1cnc(cc1C(=O)NCC23CC4CC(CC(C4)C2)C3)N5CCNCC5,2.09,1.8974661542736675,-0.19253384572633236
2658,train,O=S(=O)(Nc1ccc(cc1)S(=O)(=O)Nc2nccs2)c3ccc4OCCOc4c3,1.97,1.7127518283628413,-0.25724817163715863
3828,train,Cc1cc(CN2Cc3ccccc3C2C(=O)Nc4cc(Cl)ccc4Cl)ccc1OCC(=O)O,2.19,2.0511734401924526,-0.13882655980754732
2184,train,CC(C)(C)CNc1nc(nc(N2CCOCC2)c1N)C#N,3.08,3.345109138475009,0.26510913847500905
3658,train,Clc1ccc(Cl)c(c1)S(=O)(=O)Nc2nc(cs2)c3sccc3Cl,2.11,2.2271400863003272,0.11714008630032735
2349,train,NC(=O)c1cc(C(=O)N)n(n1)c2cccc(c2)c3cc(ccc3C(F)(F)F)C(F)(F)F,3.4,3.492325946843252,0.09232594684325202
1026,train,CCN(C1CCN(CC[C@H](C2CCN(CC2)S(=O)(=O)C)c3cc(C)cc(C)c3)CC1)C(=O)Cc4ccc(cc4)S(=O)(=O)C,1.93,1.589102101879905,-0.34089789812009497
1330,train,CC(C)N=C1C=C2N(c3ccc(Cl)cc3)c4ccccc4N=C2C=C1Nc5ccc(Cl)cc5,3.17,3.578917624608682,0.40891762460868186
1108,train,CCCN(CCC)C(=O)c1cccc(c1)C(=O)N[C@@H](Cc2ccccc2)[C@H](O)CNCc3cccc(OC)c3,2.7,2.5497005795184524,-0.15029942048154776
2309,train,CC[C@H](NC(=O)c1c([S+](C)[O-])c(nc2cc(Cl)ccc12)c3ccccc3)c4ccccc4,3.07,3.2347519241061926,0.16475192410619277
4149,train,CC(C)N1CCC[C@H](CN2C(=Nc3ccc(Oc4ccc(F)cc4)cc3C2=O)C)C1,2.4,2.6451036683339186,0.24510366833391872
1200,train,NC1(CCC1)c2ccc(cc2)c3ncc4nccn4c3c5ccccc5,1.3,1.584511762654575,0.284511762654575
3292,train,COc1nc(Cl)cnc1NS(=O)(=O)c2cccc3c(cccc23)N(C)C,1.74,1.728916739774519,-0.011083260225480895
320,train,COc1cc(ccc1Nc2ncc(Cl)c(n2)c3cnc4c(F)cc(F)cn34)N5CCN(CC5)C(=O)C,3.2,2.478712722977799,-0.721287277022201
708,train,C[C@H]1CN(Cc2cc(Cl)ccc2OCC(=O)O)CCN1C(=O)Cc3ccc(Cl)cc3,1.21,0.8079291552798655,-0.40207084472013443
2516,train,O=C(N1CCOCC1)N2CCn3cc(C4=C(C(=O)NC4=O)c5cnc6ccccn56)c7cccc(C2)c37,1.79,1.5314836267550587,-0.25851637324494137
3718,train,CC(C)N1CCO[C@@H](CN2CCN(CC2)C(=O)Nc3ccc(Cl)c(Cl)c3)C1,2.77,2.7006154177619734,-0.06938458223802657
3892,train,OC(=O)CCc1ccc(OCc2cccc(Oc3ccccc3)c2)cc1,2.47,2.524409986163751,0.05440998616375081
3928,train,COCCNc1nc(nc(NCC(C)C)c1N)C#N,2.8,2.6845380694173566,-0.1154619305826432
2842,train,Cc1ccc(cc1)c2cc(nn2c3ccc(cc3)S(=O)(=O)N)C(F)(F)F,3.42,3.5741124395492694,0.15411243954926945
3504,train,Cc1ccc(CNC(=O)C2CCCN2S(=O)(=O)c3ccc(F)cc3)cc1,2.9,2.7829371379181307,-0.11706286208186922
3842,train,Cc1[nH]c2ccccc2c1CCNCc3ccc(\C=C\C(=O)NO)cc3,1.1,1.3528303113855469,0.2528303113855468
1779,train,CC1=CN(Cc2ccccc2)C(=O)NC1=O,1.19,1.0866836630887986,-0.10331633691120135
824,train,Cc1cc(O[C@H]2C[C@H]3CC[C@@H](C2)N3Cc4ccccc4)cc(c1)C(=O)N,2.08,1.8190507677586427,-0.26094923224135735
3833,train,CN(CCOc1ccccc1c2cc(C(=O)N)c(NC(=O)N)s2)Cc3ccccc3,3.46,3.43299873382067,-0.027001266179329964
2820,train,Clc1cccc(c1)c2cnc3ccc(NC4CCOCC4)nn23,4.3,4.465573477456566,0.16557347745656603
1942,train,CCC[C@H](CO)Nc1nc(S[C@@H](C)c2cccc(c2)C#N)nc3NC(=O)Sc13,3.7,3.9278968495103035,0.2278968495103033
2163,train,Clc1ccc(cc1C(=O)NCC23CC4CC(CC(C4)C2)C3)N5N=CC(=O)NC5=O,2.1,2.3468995737083365,0.24689957370833637
3581,train,Cc1cccc(CN2C=CN3C(=O)C=C(N=C23)N4CCOCC4)c1,2.8,2.6637364132304406,-0.1362635867695592
2141,train,CS(=O)(=O)c1ccc2OCC(=O)N(CCN3CCC(CC3)NCc4ccc5OCC(=O)Nc5n4)c2c1,-0.51,-0.3064658697660869,0.2035341302339131
87,train,C[C@H]1CN(Cc2cc(Cl)ccc2OCC(=O)O)CCN1C(=O)Cc3ccccc3,0.18,0.22799105413961906,0.04799105413961907
382,train,c1ccc(cc1)c2nnc(s2)c3ccccc3,4.2,4.312167153635374,0.1121671536353741
1468,train,ON(C=O)C1(CS(=O)(=O)N2CCN(CC2)c3ccc(F)cc3)CCC1,1.34,1.3740064830058412,0.03400648300584108
3392,train,CC(C)(C)NC(=O)C(N(Cc1occc1)C(=O)c2ccc([nH]2)c3ccccc3)c4ccncc4,4.13,3.9149746112688426,-0.21502538873115729
4093,train,O=C(NC1CC1)c2cc(on2)c3cccs3,2.54,2.592211729668021,0.0522117296680209
912,train,NC1CCN(CC1)c2nccc(C(=O)NCC34CC5CC(CC(C5)C3)C4)c2Cl,1.19,0.7633037668386711,-0.4266962331613289
3991,train,Nc1ncnc2sc(nc12)c3c(ncn3Cc4ccccc4N5CCOCC5)c6ccccc6,3.58,3.4262155436486808,-0.15378445635131932
485,train,Nc1nccc(n1)c2ccccc2,2.0,2.0797509555414893,0.07975095554148925
2774,train,C[C@H]1COCCN1c2nc(N3CCOC[C@@H]3C)c4ccc(nc4n2)c5cccc(c5)C(=O)NCCO,2.49,2.819281633908121,0.3292816339081206
726,train,C[C@H]1CN(Cc2cc(Cl)ccc2OCC(=O)O)CCN1C(=O)Cc3ccccc3Cl,1.1,0.9868496889747191,-0.11315031102528095
2938,train,CC(C)n1c(C)ncc1c2nc(Nc3ccc(C(=O)N(C)C)c(C)c3)ncc2F,2.86,3.10744543310142,0.24744543310141998
2628,train,COc1cc(ccc1Nc2ncc(Cl)c(n2)c3cnc4cc(CO)ccn34)N5CCN(CC5)C(=O)C,3.1,2.81256975946891,-0.28743024053109023
3170,train,CC(N)Cc1c[nH]c2ccc(OCc3cccs3)cc12,0.48,0.1320899413938852,-0.3479100586061148
3851,train,CN1CCN(CC1)c2ccc3N=CN(C(=O)c3c2)c4cc(NC(=O)c5cccc(c5)N6CCOCC6)ccc4C,2.69,2.724636526371438,0.03463652637143788
2339,train,CC(C)n1c(C)ncc1c2ccnc(Nc3ccc(cc3)C#N)n2,3.62,3.3696726636205785,-0.2503273363794216
1590,train,COc1cc2c(Nc3ccc(F)c(Cl)c3)c(cnc2cc1OCCCN4CCN(C)CC4)C(=O)N,1.2,1.2033519603542435,0.003351960354243566
3517,train,NCC[C@@H](Oc1ccc(Cl)cc1C#N)c2ccccc2,0.91,0.8660833970362987,-0.04391660296370137
2716,train,CCN(CC)CCOc1ccc(cc1)C(O)(Cc2ccc(Cl)cc2)c3ccc(C)cc3,3.98,4.060632394454584,0.0806323944545837
1085,train,C[C@H](NC(=O)c1cccc2CCN(Cc3ccc(Cl)cc3)c12)c4ccc(cc4)C(=O)O,1.47,1.2732658213697792,-0.1967341786302208
1385,train,Cc1ccc2c(c1)c(Sc3ccccc3)c(CC(=O)O)n2C,1.74,1.8314429546918591,0.09144295469185915
1467,train,CC1=NC(=C(NC1=O)c2ccc(CN3CCC(CC3)N4C(=O)Nc5ccccc45)cc2)c6ccccc6,3.9,3.7528056543458908,-0.14719434565410916
4175,train,CC(C)(C)OC(=O)N1CCN(CC1)c2ncc(OCc3ccc(cc3)S(=O)(=O)C)nn2,2.93,2.997574488507317,0.06757448850731684
1812,train,CC(C)C(NC(=O)CN1C(=O)C(=CN=C1c2ccccc2)NC(=O)OCc3ccccc3)C(=O)C(F)(F)F,2.12,1.9782151001204138,-0.1417848998795863
522,train,C[C@@H](NC1=CC(=O)NCC1)c2ccc(Nc3ncc4cc(ccc4n3)c5ccncc5)cc2,3.02,2.975532966609342,-0.04446703339065783
2815,train,Clc1ccc(NCCNCC(=O)N2CCC[C@H]2C#N)nc1,0.99,0.9324431177321573,-0.057556882267842724
3791,train,CCc1nn(C2CCCC2)c3c1CCn4c(nnc34)c5cccs5,3.6,3.338356861372672,-0.26164313862732813
2181,train,CNS(=O)(=O)CCc1ccc2[nH]cc(C3CCN(C)CC3)c2c1,0.48,0.5870633243917962,0.10706332439179622
1697,train,CS(=O)(=O)c1ccc(C(=O)Nc2ccc(Cl)c(c2)c3ccccn3)c(Cl)c1,2.84,2.808123813035199,-0.03187618696480099
4115,train,Cc1c(Sc2ccc(Cl)cc2)c3c(C#N)c(Cl)ccc3n1CC(=O)O,1.6,1.5306028199425525,-0.06939718005744755
2303,train,Cc1cccc(NS(=O)(=O)c2cccc3nonc23)c1,3.0,2.5802240007112296,-0.4197759992887704
1743,train,Clc1ccc2NC(=O)CN(C(c3ccccc3)c2c1)C(=O)c4occc4,3.0,3.0180364244369278,0.018036424436927767
3888,train,COc1ccc(cc1OC)C(=O)Nc2cccc(NC(=O)c3cccc(c3)N(C)C)c2,3.67,3.6816342784132505,0.011634278413250598
2602,train,CC(C)(C)OC(=O)N1CCC(CC1)OCc2onc(n2)c3ccncc3,3.0,2.981191280500293,-0.01880871949970686
2202,train,OC(=O)[C@H](Cc1ccccc1F)N2CCC(CN3CCC(CC3)Oc4ccc(Cl)c(Cl)c4)CC2,2.58,2.364247269488506,-0.21575273051149413
2310,train,Fc1ccc(cc1)C(NC(=O)CC2CCN(Cc3ccn(c3)c4ccc(cc4)C(F)(F)F)CC2)C5=CNC(=O)C=C5,3.04,2.7434409106953885,-0.2965590893046115
1869,train,CN1C(=O)C(=Cc2cnc(NC3CCOCC3)nc12)Oc4ccc(F)cc4F,2.76,3.061355268394733,0.30135526839473314
3169,train,CCCNC(=O)c1nnc2c(cccc2c1N)c3cnccc3OC,2.83,2.7956277438097796,-0.03437225619022044
1591,train,Cn1cnc2cc(cnc12)C#Cc3ccccc3,3.5,3.346152993757215,-0.1538470062427848
566,train,CN(C1CCN(Cc2ccc(cn2)C(F)(F)F)CC1)C(=O)Cc3ccc(cc3)n4cnnn4,1.9,2.298596815027657,0.39859681502765687
2614,train,OC(=O)c1ccccc1Nc2cccc(c2)C(F)(F)F,2.01,1.808575442761866,-0.20142455723813368
2442,train,CC12NC(Cc3ccccc13)c4ccccc24,1.7,1.4956417197649245,-0.2043582802350754
44,train,OC(=O)COc1ccc(cc1c2cc(ccc2F)C#N)C(F)(F)F,-0.16,-0.17954600780454477,-0.01954600780454477
548,train,Nc1cc(nc2c(cnn12)C#N)c3cccs3,2.3,2.461421048150017,0.16142104815001712
2251,train,CS(=O)(=O)c1cccc(Nc2nccc(Nc3cccc4OCOc34)n2)c1,2.83,2.778575160008498,-0.05142483999150205
2882,train,COCCOc1ccc(cc1)C(=O)Nc2cc(NC(=O)c3cccc(c3)N(C)C)ccc2C,2.74,3.098513065680012,0.35851306568001196
652,train,CC1(C)Oc2ncnc(N)c2N=C1c3ccc(cc3)[C@@H]4CC[C@@H](CC(=O)O)CC4,1.32,1.0759679710027619,-0.2440320289972382
121,train,CN(C1CCN(CCC(c2ccccc2)c3ccccc3)CC1)C(=O)C4CCC4,3.2,2.7847735180371855,-0.41522648196281464
2735,train,OC(=O)COc1cccc(c1)N2CCC(CN3CCC(CC3)Oc4ccc(Cl)c(Cl)c4)CC2,1.99,1.7921850456688768,-0.19781495433112317
3044,train,CCN1C(=O)C=Cc2cnc(Nc3ccc(OC)c(OC)c3)nc12,2.7,2.5914883278927316,-0.10851167210726853
1177,train,CN1CCN(CC(=O)Nc2ccc(C3=CC=CN4C(=O)C=C(N=C34)N5CCOCC5)c6sc7ccccc7c26)CC1,2.6,2.095427512343523,-0.504572487656477
2752,train,CC(NC(=O)C1(N)CCN(CC1)c2ncnc3[nH]ccc23)c4ccccc4,2.17,1.9332894595038657,-0.23671054049613427
3262,train,C[C@H]1O[C@H]([C@H](O)[C@@H]1O)n2cnc3c(N)nc(OC4CC5CC5C4)nc23,1.66,1.9024121196090014,0.24241211960900144
1374,train,CC(C)C(NC(=O)CN1C(=O)C(=CC=C1c2ccccc2)NC(=O)OCc3ccccn3)C(=O)C(F)(F)F,1.91,1.7788635255928864,-0.1311364744071135
3059,train,COc1cc2ncnc(Nc3cc(NC(=O)c4ccnc(c4)N5CCOCC5)ccc3C)c2cc1OCCN(C(C)C)C(C)C,3.5,3.2793024741624848,-0.22069752583751523
3127,train,COc1ccc(OC)c(c1)C(O)CNC(=O)CN,-0.71,-0.8048506921490399,-0.09485069214903996
737,train,OC1(CN2CCC1CC2)C#Cc3ccc(Oc4ccc(cc4)C(=O)NCc5ccncc5)cc3,2.48,2.1993275784383113,-0.2806724215616887
2234,train,N[C@@H](CC(=O)N1CCn2c(C1)nnc2C(F)(F)F)Cc3cc(F)c(F)cc3F,0.31,0.3702442299937674,0.060244229993767384
4167,train,CNC(=O)c1cccc(c1c2ccc(CC(C)C)cc2)S(=O)(=O)Nc3ncc(C)nc3OC,1.68,1.7278888802085863,0.04788888020858639
3845,train,NC(=O)c1cnc(N[C@H]2CCCNC2)c3cc(Br)sc13,1.08,0.7361830838151351,-0.343816916184865
2532,train,OC(=O)c1cc(ccc1O)N=Nc2ccc(cc2)S(=O)(=O)Nc3ccccn3,-0.58,-0.6261952919445983,-0.04619529194459837
1023,train,CN1CCC(CC1)(c2cc(nc(n2)c3cccc4[nH]ccc34)N5CCOCC5)S(=O)(=O)C,1.9,1.7814013807750353,-0.11859861922496462
1101,train,CN(C)CCOC(C)(c1ccccc1)c2ccccn2,-0.2,-0.15168801212437621,0.048311987875623796
1492,train,Cc1ccc(NC(=O)c2cccc(c2)C(F)(F)F)cc1NC(=O)c3cccnc3,3.11,3.334196249760936,0.224196249760936
3114,train,OC(=O)[C@H](Cc1cccc(OCCCNc2ccccn2)c1)NC(=O)c3c(Cl)cccc3Cl,0.16,0.2057760595972944,0.04577605959729439
4026,train,CCS(=O)(=O)c1ccc(c(C)c1)c2cc(ccc2CCC(=O)O)C(F)(F)F,0.76,0.7471346498117033,-0.01286535018829671
1894,train,F[C@H]1CN(CCN2C(=O)C=Cc3ccc(cc23)C#N)CC[C@H]1NCc4ccc5OCC(=O)Nc5n4,0.66,0.3290197105594632,-0.3309802894405368
1841,train,Cn1c(ccc1c2ccc3NC(=S)OC(C)(C)c3c2)C#N,3.4,3.476921317217867,0.0769213172178671
2370,train,NC1(CCC1)c2ccc(cc2)c3c(ccc4ccnn34)c5ccccc5,2.9,2.564029506210803,-0.33597049378919674
980,train,Nc1ccccc1NC(=O)c2ccc(cc2)c3ncccc3C#N,1.58,1.6878555204279238,0.10785552042792368
1180,train,CC[C@H](NC(=O)c1c([S+](C)[O-])c(nc2ccccc12)c3ccccc3)c4cccnc4,2.2,2.331064686274267,0.13106468627426704
2233,train,CNC1(C)C2CCC(C2)C1(C)C,-0.84,-1.0584526011083817,-0.21845260110838172
3015,train,CCCCc1nc2c(N)nc3ccccc3c2n1Cc4ccccc4,4.17,4.299172161843941,0.12917216184394142
685,train,CNc1c(Cl)cnc2[nH]c(nc12)c3ccc(OCCN4CCOCC4)cc3,2.63,2.8002322095890317,0.17023220958903185
3425,train,CSc1ccc(cc1)c2nc(c3ccc(F)cc3)c([nH]2)c4ccncc4,2.97,3.2463555401998416,0.27635554019984143
1786,train,CC(=O)N1CCN(CC1)c2ccc(OCC3COC(Cn4ccnc4)(O3)c5ccc(Cl)cc5Cl)cc2,3.7,3.7371416424988664,0.0371416424988662
2883,train,O=C(CSC1=NC2=C(SCC2)C(=O)N1c3ccccc3)Nc4ncc(s4)c5ccccc5,3.95,3.7527661143730797,-0.19723388562692046
1856,train,CN1C=C(C(=O)c2c(O)cc(O)cc12)c3ccc(O)cc3,2.2,2.422944466962492,0.22294446696249182
2708,train,Cc1ccc(CN2[C@@H]3CC[C@H]2C[C@@H](C3)Oc4cccc(c4)C(=O)N)s1,2.44,2.3701585133964422,-0.06984148660355771
2646,train,COc1ccc(cc1)c2c(C)[nH]nc2c3ccc(O)cc3O,3.37,3.179545063813939,-0.19045493618606102
2258,train,CC(C)C(NC(=O)CN1C(=O)c2nc(O)nc(O)c2C=C1c3ccccc3)C(=O)C(F)(F)F,1.88,1.5983200557412969,-0.281679944258703
764,train,OC(=O)c1cccc(c1)C(=O)N2CCC(CC2)N3CCC(CC3)Oc4ccc(Cl)c(Cl)c4,1.23,1.287336300421667,0.05733630042166693
489,train,COc1ccc2[nH]c3CCN(Cc3c2c1)C(=O)[C@@H]4CCCC[C@H]4C(=O)NC5(CC5)C#N,2.4,2.7142183546080876,0.31421835460808767
297,train,Nc1nc(N)c2nc(c(N)nc2n1)c3ccccc3,1.16,1.3444351124674891,0.18443511246748923
811,train,Oc1ccc(CCNCCS(=O)(=O)CCCOCCc2oc3ccccc3c2)c4sc(O)nc14,2.86,2.8177626519344474,-0.04223734806555246
2633,train,NC1=NC(Nc2cccc(F)c12)c3cccs3,0.91,0.8401063538081714,-0.06989364619182858
887,train,CN(c1ccccc1)c2ccnc(Nc3cc(cc(c3)N4CCOCC4)N5CCOCC5)n2,3.47,3.46051165337449,-0.009488346625510236
1281,train,CN(C)c1ncnc2nc[nH]c12,0.95,1.0649352402256418,0.11493524022564183
1832,train,CC(C)C(NC(=O)CN1C(=O)C(=CC=C1c2ccccc2)NS(=O)(=O)c3ccccc3)C(=O)C(F)(F)F,2.26,2.1092064739595053,-0.15079352604049445
3868,train,Nc1ccc2cccc(Nc3ncccn3)c2n1,2.7,2.614118132695272,-0.08588186730472813
2979,train,CC(=O)C1=C(C)c2cnc(Nc3ccc(cn3)N4CCNCC4)nc2N(C5CCCC5)C1=O,0.8,1.1121463991069462,0.3121463991069462
374,train,CC1CCC(CC(=O)Nc2cccc3ncccc23)CC1,3.56,3.3444674406617194,-0.21553255933828064
4058,train,Cc1nc2nc(NC(=O)c3ccc(F)cc3)nn2c(O)c1Cc4ccccc4,2.2,2.4164710185593306,0.21647101855933037
2491,train,CC1(C)CCC(CC1)NC(=O)[C@@H](N)CCC(=O)O,-0.27,-0.39303396732954976,-0.12303396732954974
2753,train,O=C1COc2ccc(CNC3CCN(CCN4C(=O)COc5ccc(cc45)c6occc6)CC3)nc2N1,2.19,1.6515589756413247,-0.5384410243586752
3985,train,CC1=CC2=NNC(=O)N2c3cc(ccc13)c4cccnc4,2.72,2.7304287010430683,0.010428701043068145
1889,train,Cc1nnc2CN=C(c3ccccc3Cl)c4cc(Cl)ccc4n12,2.34,2.4256073942677276,0.08560739426772779
2855,train,CCOC(=O)c1ccc(OCCC2CCN(CC2)c3ccc(C)nn3)cc1,4.42,4.078325310142821,-0.34167468985717875
2116,train,Cn1ncc(Cl)c1c2cc(sc2Cl)C(=O)N[C@H](CN)Cc3cccc(F)c3,2.99,3.044488594356522,0.05448859435652187
1478,train,Oc1ccc(cc1)C2=COc3cc(O)cc(O)c3C2=O,3.06,2.7784987400246837,-0.2815012599753164
3106,train,COc1c(C)c2COC(=O)c2c(O)c1C\C=C(/C)\CCC(=O)OCCN3CCOCC3,2.26,2.122984716666891,-0.13701528333310886
3632,train,CCN(C1CCN(CCC(c2ccccc2)c3ccccc3)CC1)C(=O)Cc4ccc(cc4)S(=O)(=O)N(C)C,3.7,3.4651491889491837,-0.2348508110508165
1608,train,COCCNC(=O)c1ccc(Nc2ncc3cc(ccc3n2)c4cccnc4)cc1,3.11,2.979078048680703,-0.13092195131929696
1278,train,O=C(NCCCCc1ccccc1)c2ccccc2,3.8,3.848549613672416,0.04854961367241639
3907,train,CNc1ncnc2c(CNc3cc(NC(=O)c4ccc5OCCOc5c4)ccc3C)cccc12,4.0,3.8425595234641525,-0.15744047653584747
3524,train,COc1ccc2Sc3ccccc3N(C[C@H](C)CN(C)C)c2c1,2.99,2.7688599011254356,-0.22114009887456465
313,train,CCOC(=O)C(CCc1ccccc1)NC2CCc3ccccc3N(CC(=O)O)C2=O,-0.2,-0.1555537274298029,0.04444627257019712
1907,train,CCc1c(C)nc2sc(C(=O)N)c(N)c2c1C,2.62,2.5220638998497344,-0.09793610015026566
3730,train,CNCCC(Oc1ccccc1OC)c2ccccc2,0.22,-0.051733405147793565,-0.27173340514779354
525,train,CSc1nc(nn1Cc2ccccc2)c3ccccc3,3.83,3.619563566404474,-0.21043643359552622
3280,train,CC(C)N1CCN[C@@H](CN2CCN(CC2)C(=O)Nc3ccc(Cl)c(Cl)c3)C1,1.92,1.771949458110893,-0.14805054188910693
345,train,CN1CCN(CC1)c2cc(F)cc3C(=O)C=C(Nc23)C(=O)Nc4ccc(cc4)N5CCOCC5,2.7,2.7791526592841156,0.07915265928411541
3750,train,COc1ccc2c(Oc3ccc(CC(=O)Nc4n[nH]c(C)c4C)c(OC)c3)ccnc2c1,3.78,3.7205571400848054,-0.05944285991519438
1690,train,COC1=CC=C2C(=CC1=O)C(CCc3cc(OC)c(OC)c(OC)c23)NC(=O)C,1.12,0.5724660291203487,-0.5475339708796514
38,train,COc1ccc2ncc(C#N)c(CCN3CCC(CC3)NCc4cc5SCOc5cn4)c2c1,2.55,2.6191195438561157,0.06911954385611585
1053,train,COc1cc2nc(nc(N)c2cc1OC)N3CCN(CC3)C(=O)C4CCCO4,0.9,0.814948147471527,-0.08505185252847303
3487,train,CS(=O)(=O)c1ccc(cc1)c2cc(ccc2OCC(=O)O)C(F)(F)F,-0.87,-0.7300399133371709,0.1399600866628291
561,train,CCCCN(CCCC)CCCOC(=O)c1ccc(N)cc1,1.93,1.8919005975643879,-0.03809940243561205
1463,train,CN(C)C(=O)c1ncc(Oc2cc(cc3oc(C)cc23)C(=O)Nc4cnc(C)cn4)cn1,2.1,2.184874622040338,0.08487462204033802
1158,train,CN1CCCC(COc2nccc(Nc3cc(NC(=O)c4ccnc(c4)N5CCOCC5)ccc3C)n2)C1,1.9,1.885178496650391,-0.014821503349608856
955,train,CS(=O)(=O)Cc1cc(nc(n1)c2cccc(CO)c2)N3CCOCC3,1.0,1.017463117523786,0.017463117523786043
1219,train,Nc1nc(Cl)nc(NCc2ccccc2)n1,2.26,2.173903214166505,-0.08609678583349467
1039,train,CCC(=O)NCC[C@@H]1CCc2ccc3OCCc3c12,2.57,2.648240338431573,0.07824033843157308
436,train,O=C(NC1(CC1)C#N)[C@@H]2CCCC[C@H]2C(=O)N3CCc4oc5ccccc5c4C3,3.01,3.0895274990224584,0.07952749902245859
3237,train,CC(C)n1c(C)ncc1c2ccnc(Nc3ccc(C(=O)N)c(F)c3)n2,2.8,2.7041635911402992,-0.09583640885970057
4108,train,CC(C)N(C(C)C)c1nnc(N)s1,1.49,1.7055338422716517,0.21553384227165173
2178,train,CN(CCN(C)C(=O)CCOCCc1ccccc1)CCc2ccc(O)c3nc(O)sc23,2.59,2.619200780527527,0.02920078052752695
2249,train,C[C@H](CO)Nc1nc(SCc2csc(C)n2)nc3NC(=O)Sc13,1.73,1.9829480708113016,0.25294807081130166
3006,train,CC(C)n1c(C)ncc1c2ccnc(Nc3ccc(cc3)C(=O)N(C)C)n2,2.45,2.4550892966312374,0.00508929663123725
4039,train,CN1CCC(CC1)Oc2cccc3ncnc(Nc4ccc(OCc5cnccn5)c(Cl)c4)c23,3.21,2.843628192439248,-0.36637180756075205
999,train,COc1ccc2c(c1)cc(C(=O)O)n2Cc3ccc(Cl)c(Cl)c3,1.66,1.446739759755369,-0.21326024024463086
1814,train,NC(=O)c1cncc(O[C@H]2C[C@H]3CC[C@@H](C2)N3Cc4ccccc4)n1,1.1,0.8682652846268606,-0.2317347153731395
3175,train,COc1cc(O)c(cc1NC(=O)CCC(=O)O)S(=O)(=O)N2C(C)CCc3ccccc23,-0.27,-0.21875686425988228,0.05124313574011774
2124,train,CS(=O)(=O)c1ccc(s1)C(=O)NC[C@@H](O)CN2CCC(CC2)Oc3ccc(Cl)c(Cl)c3,2.86,2.734336184937955,-0.12566381506204483
95,train,CC(C)N(CCCNC(=O)Nc1ccc(cc1)C(C)(C)C)C[C@H]2O[C@H]([C@H](O)[C@@H]2O)n3cnc4c(N)ncnc34,2.2,2.1905983925590062,-0.009401607440993942
2756,train,Cc1onc(CO)c1C(=O)Nc2nccs2,1.53,1.7272289940078032,0.19722899400780314
1265,train,CC#CCN1C(=O)N(CC2CC2)c3nn(Cc4ccnc5ccc(Cl)cc45)c(c3C1=O)c6cncn6C,3.61,3.444260149422356,-0.16573985057764373
161,train,Clc1ccc(cc1C(=O)NCC2CCCCC2)N3N=CC(=O)NC3=O,1.26,0.9506372564939174,-0.3093627435060826
1220,train,COc1cccc(COCC(O)CN2CCC(CC2)C(=O)N)c1,-0.5,-0.7905674161525704,-0.2905674161525704
1354,train,CN(C)c1ccnc2sc3C(=O)N(C=Nc3c12)c4ccccc4,2.34,2.19179738831635,-0.1482026116836499
1828,train,CCS(=O)(=O)c1ccc(c(C)c1)c2cc(Cl)ccc2OCC(=O)O,-0.65,-0.8022580201864034,-0.15225802018640333
2049,train,O=C(N1CCN(CC1)c2ccccn2)c3cccc(CC4=NNC(=O)c5ccccc45)c3,2.36,1.894888058182826,-0.46511194181717386
1552,train,NC(=N)N1CCc2ccccc2C1,-1.01,-0.9807014861365793,0.02929851386342075
2786,train,OC1(CCN(CC1)c2ccc3nnc(n3n2)C(F)(F)F)c4ccc(F)cc4,3.5,3.338230189677958,-0.16176981032204196
3962,train,CN1CCN(CC1)S(=O)(=O)c2ccc(cc2)c3cnc(N)c(n3)C(=O)Nc4cnccc4CN5CCCC5,3.28,3.1697003294926356,-0.11029967050736422
482,train,Oc1ccc(cc1)C2CC(=O)c3ccc(O)cc3O2,2.4,2.1556041158729418,-0.24439588412705815
233,train,O=C(Nc1nc2C(=O)NC=Nc2s1)c3ccccc3,1.94,2.282677770356003,0.3426777703560031
4057,train,NC(=N)Nc1oc2ccccc2n1,1.91,1.9759591289989762,0.06595912899897627
1174,train,COCCOc1nc(N)c2NC(=O)N(Cc3cccc(CC(=O)OC)c3)c2n1,1.86,1.9044911313793955,0.04449113137939542
1685,train,C[C@@H](c1ncncc1F)[C@](O)(Cn2cncn2)c3ccc(F)cc3F,1.7,1.5364348221504325,-0.16356517784956748
3352,train,Cc1c(Oc2ccc(Cl)cc2)c3c(NS(=O)(=O)C)cccc3n1CC(=O)O,-0.98,-0.8874981497902987,0.09250185020970125
1772,train,CN1C(=O)N(CC2CC2)c3nn(Cc4ccnc5ccc(Cl)cc45)c(c6cncn6C)c3C1=O,2.69,2.9919982739780933,0.3019982739780933
724,train,O[C@@H](CNCCSCCCOCCc1ccccc1)c2ccc(O)c3NC(=O)Sc23,2.54,2.3822639097177754,-0.15773609028222468
3671,train,CC(C)n1c2ccccc2c3cc(NC(=O)N4CCOCC4)ccc13,3.55,3.2924487962134936,-0.2575512037865062
3495,train,CNC(=O)c1cccc(NC(=O)Nc2cccc(c2)C#N)c1CN3CCC(Cc4ccc(F)cc4)CC3,3.97,3.911671657612804,-0.05832834238719631
2520,train,CN1CCN(CC1)C(=O)c2cc3cc(F)ccc3[nH]2,1.97,1.9900418115242904,0.02004181152429041
3686,train,[O-][N+](=O)c1cc(C(=O)NCC=C)c2N=C(Nc3ccc(Cl)c(Cl)c3)NC(=O)c2c1,2.7,2.5698986759931257,-0.13010132400687446
316,train,Nc1ncc(nc1C(=O)Nc2cccnc2)c3ccc(cc3)S(=O)(=O)N4CCOCC4,2.83,2.7282923563120987,-0.10170764368790142
386,train,CCCCN(CCNC[C@H](O)c1ccc(O)c2NC(=O)Sc12)C(=O)CCOCCc3ccccc3,2.51,2.470907065054351,-0.03909293494564858
3028,train,CC(C)C(=O)Nc1ccc2C(=O)NC(=O)c2c1,1.55,1.5638595316194541,0.01385953161945408
2084,train,CNCC[C@@H](Oc1cc(ccc1C#N)C(F)(F)F)c2ccccc2,1.3,1.2377973873955583,-0.06220261260444171
2636,train,CC(C)(N)C(=O)N[C@H](Cc1c[nH]c2ccccc12)C(=O)N[C@H](Cc3c[nH]c4ccccc34)NC=O,1.0,0.8054664619914869,-0.19453353800851314
2350,train,CS(=O)(=O)Nc1cc(Nc2nccc(Nc3c(Cl)ccc4OCOc34)n2)cc(c1)C(=O)N,2.28,1.9602446317957587,-0.3197553682042411
143,train,CC(=O)Nc1ccc(cc1)C(=O)Nc2ccccc2N,0.82,0.5849316166212741,-0.23506838337872582
2789,train,CN(C1CCN(CCC(c2ccccc2)c3ccccc3)CC1)C(=O)NCc4ccccc4,3.4,2.9362585586340693,-0.46374144136593065
3038,train,Brc1ccccc1C(=O)NCC23CC4CC(CC(C4)C2)C3,4.15,3.891646746219042,-0.2583532537809585
479,train,CN1CCCC1c2cccnc2,0.5,0.22606452288255552,-0.2739354771174445
1943,train,O[C@H](CNC(=O)C1=CNC(=O)C=C1C(F)(F)F)CN2CCC(CC2)Oc3ccc(Cl)c(Cl)c3,2.71,2.8760585905752625,0.1660585905752625
4122,train,COc1cc(ccc1Nc2ncc(Cl)c(n2)c3cnc4ccccn34)N5CCN(CCS(=O)(=O)C)CC5,3.1,3.144127312895776,0.04412731289577598
3553,train,CN[C@@H](C)C(=O)N[C@@H](C1CCCCC1)C(=O)N[C@H]2CCN(CCCc3ccccc3)C2,1.9,1.7094545540847152,-0.19054544591528466
2680,train,CCC(N(CC1CCNCC1)C(=O)c2ccc(C)cc2)C3=Nc4ccsc4C(=O)N3Cc5ccccc5,1.33,1.229038205055062,-0.10096179494493818
1658,train,Nc1ccc2C(=O)C(=O)c3ccccc3c2c1,2.39,2.177416430614323,-0.21258356938567724
3890,train,COc1cc(OC2CCN(C)CC2)c3c(Nc4cccc5OCOc45)ncnc3c1,3.02,2.968238704316058,-0.051761295683942166
3124,train,COc1ccc(N(C(C(=O)NC[C@@H](C)O)c2ccccc2F)C(=O)c3occc3Cl)c(OC)c1,2.18,1.7343134068817518,-0.4456865931182483
1536,train,CNS(=O)(=O)c1ccc(Oc2ccc(cc2)C#C[C@]3(O)CN4CCC3CC4)cc1,2.03,1.8978566294778896,-0.13214337052211023
2868,train,COc1cc2c(Nc3cnc(NC(=O)c4ccccc4)nc3)ncnc2cc1OCCCN5CCOCC5,2.7,2.7082239868936746,0.008223986893674429
953,train,NC(=O)NC(=O)C(Nc1ccc2CCCc2c1)c3ccccc3,3.3,3.1262227505167104,-0.17377724948328943
19,train,CO[C@H]1CN(CCN2C(=O)C=Cc3ccc(cc23)C#N)CC[C@H]1NCc4ccc5OCC(=O)Nc5n4,0.32,0.357595320800719,0.03759532080071898
3011,train,Cc1cnccc1COc2cnc(nc2)N3CCN(CC3)C(=O)OC(C)(C)C,3.8,3.3393375964801,-0.46066240351989984
2638,train,CCC1(NC(=O)N(C)C1=O)c2ccccc2,1.59,1.7234954141024246,0.1334954141024245
1239,train,C[C@H]1COCCN1c2cc(CS(=O)(=O)C)nc(n2)c3ccc4[nH]ccc4c3,2.38,2.174915078016164,-0.20508492198383577
1142,train,C[C@H]1CCCN1CCc2oc3ccc(cc3c2)c4ccc(cc4)C#N,3.25,3.1399835237451996,-0.11001647625480038
653,train,CN(C)c1ccc(cc1)S(=O)(=O)NC(=O)N2CCC(CC2)N3CCC(CC3)Oc4ccc(Cl)c(Cl)c4,1.7,1.5750838515375576,-0.12491614846244237
3770,train,COc1ccc2N=CC(=O)N(CCN3CCC(CC3)NCc4cc5OCCOc5cn4)c2c1,0.93,0.9096436505008287,-0.02035634949917131
1129,train,CCN(C1CCN(CCC(c2ccccc2)c3ccc(cc3)C#N)CC1)C(=O)Cc4ccc(cc4)S(=O)(=O)C,2.76,2.536086355807372,-0.22391364419262771
1979,train,Oc1cccc(NC(=O)c2ccc(OCCCN3CCCC3)cc2OCc4cccc(c4)C#N)c1,2.41,2.3426583005520665,-0.06734169944793367
3494,train,FC(F)(F)c1nn(cc1C(=O)NCCNC(=O)c2ccc(Cl)cn2)c3ccccc3,3.8,3.633621392665062,-0.1663786073349378
666,train,CCNCc1cnc(s1)c2ccc(cc2)C(=O)Nc3ccccc3N,0.95,0.8626148068396122,-0.08738519316038773
1997,train,COc1cnccc1COc2cnc(nc2)N3CCN(CC3)C(=O)OC(C)(C)C,3.8,3.576355865715697,-0.22364413428430296
911,train,CC(N)C(=O)Nc1c(C)cccc1C,-0.15,-0.08570499953311561,0.06429500046688438
1540,train,Cc1cc(Oc2ccnc(Nc3ccc(cc3)N4CCOCC4)c2)c(nc1C)c5ccccn5,2.59,2.892945969181054,0.3029459691810543
2209,train,Cc1ccc(cc1)S(=O)(=O)Nc2c(cnn2c3ccccc3)C(=O)NC4CCCCC4,0.8,0.7089794387395558,-0.09102056126044422
3168,train,CCN[C@H]1C[C@H](C)S(=O)(=O)c2sc(cc12)S(=O)(=O)N,0.27,0.18241268046282366,-0.08758731953717636
865,train,COc1cc2ncnc(Nc3cc(NC(=O)c4ccnc(c4)N5CCOCC5)ccc3C)c2cc1OCCN6CCOCC6,3.19,3.2298387589755766,0.03983875897557665
3249,train,NC(=O)Nc1cc(sc1C(=O)N)c2ccccc2,2.43,2.5047522213902527,0.0747522213902525
1164,train,Cn1cncc1c2c3C(=O)N(CC#CCO)C(=O)N(CC4CC4)c3nn2Cc5ccnc6ccc(Cl)cc56,2.55,2.5209280961580283,-0.029071903841971558
753,train,CN1CCN(CC1)c2ccc3N=CN(C(=O)c3c2)c4cc(NC(=O)c5ccc(cc5)C#N)ccc4C,2.73,2.7645190231831123,0.034519023183112285
2071,train,Cc1nc2ccc(NC(=O)CCNC(=O)N)cc2s1,0.9,0.8274847631417925,-0.07251523685820749
2117,train,Nc1nc(O)c2ncn(COCCO)c2n1,-1.42,-1.1487072619550083,0.27129273804499165
1923,train,OC(=O)c1ccc(cc1)n2ncc(C(=O)NC3C4CC5CC(CC3C5)C4)c2C6CCCC6,1.72,1.7582956225361421,0.03829562253614216
1287,train,CC1=CN([C@H]2CCCN(C2)S(=O)(=O)c3ccc(O)c(Oc4cccc(Br)c4)c3)C(=O)NC1=O,2.3,2.392916769192473,0.09291676919247305
3869,train,O=C1C=C(N=C2C=CC=CN12)N3CCOCC3,1.0,1.0309305760448784,0.030930576044878366
817,train,COc1cc(ccc1Nc2ncc(Cl)c(n2)c3cnc4c(OC)cccn34)N5CCN(CC5)C(=O)C,3.5,3.042609007830814,-0.4573909921691861
3455,train,Oc1ccc(cc1)C2CC(=O)c3c(O)cc(O)cc3O2,2.6,2.269772084984978,-0.33022791501502224
2380,train,CN(c1ccnc(Nc2cc(OC3CCOCC3)cc(c2)N4CCOCC4)n1)c5cc(CO)ccc5C,3.7,3.965974418454022,0.26597441845402203
3677,train,N[C@@H](Cc1c[nH]c2ccccc12)C(=O)O,-1.08,-0.9913160277830797,0.08868397221692037
145,train,Oc1nc(nc2CCSCc12)c3ccc(cc3)C(F)(F)F,3.07,3.1578078559248888,0.08780785592488893
150,train,COc1ccc(c(OC)n1)c2c(F)ccc3c(N)c(nnc23)C(=O)NC4CC4,3.37,2.888839707059218,-0.4811602929407819
1347,train,CCC(=O)N[C@H]1CC[C@H](C1)C(=O)N(C)c2ccc(cc2)c3oc4ccccc4n3,3.4,3.7082948599349876,0.30829485993498773
1466,train,CCCc1c(O)c(ccc1OCCCSc2ccc(CC(=O)O)cc2Cl)C(=O)CC,3.57,3.575277071475698,0.005277071475698225
941,train,Clc1ccc(cc1)c2oc(cc2)C(=O)N(Cc3ccccn3)c4ccc(cc4)N5CCNCC5,3.0,2.788785171787714,-0.21121482821228588
1217,train,Nc1cccc2C(=O)N(Cc3cccc(Cl)c3)C(=O)c12,3.18,3.1026659849697644,-0.07733401503023574
986,train,COC(=O)[C@H](Cc1ccc(cc1)[N+](=O)[O-])NC(=O)c2cccc3ccccc23,3.58,3.760490212116248,0.18049021211624794
2217,train,CCCSc1nc(N[C@@H]2C[C@H]2c3ccccc3)c4nnn([C@@H]5C[C@H](CO)[C@@H](O)[C@H]5O)c4n1,3.99,3.685349310476838,-0.3046506895231622
3194,train,Cc1c(Sc2ccc(Cl)cc2)c3c(Cl)cccc3n1CC(=O)O,2.15,1.7907750502384423,-0.3592249497615576
1209,train,Oc1ccc(cc1)C2=COc3cc(O)ccc3C2=O,2.46,2.543501826090037,0.08350182609003687
651,train,CS(=O)(=O)N1CCN(Cc2cc3nc(nc(N4CCOCC4)c3s2)c5cccc6[nH]ncc56)CC1,3.3,3.764068220201331,0.4640682202013311
2113,train,OCCNCCNc1ccc2c(NC(=O)CC34CC5CC(CC(C5)C3)C4)cccc2n1,1.79,1.5836551111709132,-0.20634488882908686
910,train,CCCCNc1nc(N)c2NC(=O)N(Cc3ccc(OCCN(C)C)nc3)c2n1,1.9,2.1051336410874097,0.20513364108740983
883,train,CC(C)C(NC(=O)CN1C(=O)C(=CC=C1c2ccccc2)NC(=O)Cc3ccccc3C(=O)O)C(=O)C(F)(F)F,1.14,1.028690025512837,-0.11130997448716284
1622,train,COc1ccc(\C=C/2\CCc3ccccc3C2=O)cc1CN4CCOCC4,3.8,3.715786606419748,-0.08421339358025204
1152,train,O=C1N=C(NCc2ccccc2)SN1Cc3ccccc3,3.01,3.0363190608469246,0.026319060846924813
473,train,CN1C(=N)N(CC(=O)c2ccc(Cl)cc2)c3ccccc13,1.63,1.3939623072834735,-0.23603769271652641
166,train,CCCNC(=O)CSc1ccc(cn1)S(=O)(=O)N2CCCC2,1.55,1.884689387186721,0.3346893871867209
795,train,COc1cc(ccc1Nc2ncc(Cl)c(n2)c3cnc4ccc(cn34)N(C)C)N5CCN(CC5)C(=O)C,4.1,3.9269835480292326,-0.1730164519707671
3693,train,OC(=O)c1ccccc1N2CCC(CN3CCC(CC3)Oc4ccc(Cl)c(Cl)c4)CC2,2.83,2.6462157839873686,-0.1837842160126315
499,train,CC1=CN([C@H]2CCCN(C2)S(=O)(=O)c3ccc(O)c(Oc4cc(F)cc(Cl)c4)c3)C(=O)NC1=O,2.35,2.7313731312663703,0.3813731312663702
2219,train,OC(CN1CCCCC1)(C(=O)c2ccccc2)c3ccccc3,3.41,3.3508266904343165,-0.059173309565683674
334,train,COc1cc2ncnc(Nc3cc(NC(=O)c4ccnc(c4)N5CCOCC5)ccc3C)c2cc1OCCN6CCCC6,2.7,3.1015299656054793,0.40152996560547916
2096,train,C[C@@H]1CN(CCN1c2ncc(OCc3ccncc3C#N)cn2)c4onc(n4)C(F)(F)F,3.1,3.156702030721659,0.056702030721659025
230,train,OC(=O)[C@H](Cc1ccccc1)N2CCC(CN3CCC(CC3)Oc4ccc(Cl)c(Cl)c4)CC2,2.5,2.0584203264092236,-0.44157967359077643
97,train,CCSc1c(Cc2ccccc2C(F)(F)F)sc3N(CC(C)C)C(=O)N(C)C(=O)c13,4.49,4.129822170731663,-0.36017782926833686
3534,train,OC[C@H](O)CN1C(=O)[C@H](Cc2ccccc12)NC(=O)c3cc4cc(Cl)sc4[nH]3,3.3,3.107720990766482,-0.19227900923351804
2221,train,CN1CCN(CC1)S(=O)(=O)c2ccc(c(C)c2)c3cnc(N)c(n3)C(=O)Nc4cccnc4,2.6,2.8026422787681424,0.20264227876814234
435,train,[O-]c1c2c(nn1c3ccc(Cl)cc3)c4ccccc4c[n+]2Cc5ccccc5,4.5,4.447626643252024,-0.052373356747976274
3188,train,COc1ccccc1CN2C(C(=O)NC3CCC(C)CC3)c4ccccc4C2=O,3.74,3.8271622267064522,0.08716222670645202
2331,train,COc1ccc(cc1)C(=O)N2CCCC2=O,0.93,1.131530403486874,0.201530403486874
3551,train,FC(F)(F)CCS(=O)(=O)Oc1ccc(NC(=O)c2ccc(Cn3ccnn3)c4ccccc24)c(n1)C(=O)NCC5CCOCC5,4.2,4.055036409938954,-0.14496359006104598
1369,train,O=C(NCc1ccccn1)c2ccc(Oc3ccccc3)cc2,2.7,2.5997184294515896,-0.10028157054841058
4083,train,CCOc1cc(ccc1NC(=O)CN2CCOCC2)c3cccc4C(=O)C=C(Oc34)N5CCOCC5,2.8,2.693172772734359,-0.10682722726564098
944,train,OCCN1CCN(CCCN2c3ccccc3Sc4ccc(Cl)cc24)CC1,3.6,3.7534292356625474,0.1534292356625473
1080,train,Nc1cc(c(cn1)c2cc(nc(n2)N3CCOCC3)N4CCOCC4)C(F)(F)F,2.7,2.6562447386365404,-0.04375526136345975
2848,train,CCNC(=O)OC[C@@H](C)N(c1cc(Cl)ccc1CO)S(=O)(=O)c2ccc(Cl)cc2,3.4,3.4846789161016347,0.0846789161016348
3424,train,Oc1cc(Cl)cc(Cl)c1,3.58,3.561191495343283,-0.01880850465671724
4072,train,Clc1ccc(cc1)C2(CCNCC2)c3ccc(cc3)c4cn[nH]c4,1.51,1.516419472241005,0.00641947224100492
2403,train,CC(C)[N+](C)(CCOC(=O)C1c2ccccc2Oc3ccccc13)C(C)C,0.2,0.2551616294197565,0.0551616294197565
2307,train,Cc1c(Cl)ccc(OC2CCN(C[C@H](O)CNC(=O)C3=CNC(=O)C=C3C(F)(F)F)CC2)c1Cl,3.14,3.1019371554345714,-0.038062844565428744
3462,train,CS(=O)(=O)c1ccc(cc1Cl)[C@@H](CC2CCCC2)C(=O)Nc3cnc(cn3)[C@H](O)CO,2.58,2.25581868019804,-0.32418131980195986
1323,train,COc1cc2nnc(C(=O)N)c(Nc3ccc(F)cc3F)c2cc1N4CCN(C)CC4,2.36,2.3834219636305454,0.023421963630545495
657,train,CS(=O)(=O)NCCC(NC(=O)C1(N)CCN(CC1)c2ncnc3[nH]ccc23)c4ccc(Cl)cc4,2.2,2.052481602220184,-0.147518397779816
3670,train,O[C@@H](CNCCc1cccc(CNCCc2ccccc2Cl)c1)c3ccc(O)c4NC(=O)Sc34,1.63,1.7855014602829409,0.15550146028294098
656,train,COc1cc2ncnc(Nc3ccc(Cl)c(O)c3)c2cc1OC,3.3,3.35564416883073,0.05564416883073031
752,train,O[C@H](CNC(=O)C1=CNC(=O)c2cc(ccc12)S(=O)(=O)NC3CC3)CN4CCC(CC4)Oc5ccc(Cl)c(Cl)c5,3.67,3.5661342795080766,-0.10386572049192333
3650,train,Brc1cnc(NCc2ccccc2)nc1Nc3cc([nH]n3)C4CC4,4.11,3.937259339945034,-0.17274066005496636
2029,train,Cc1c(CC(=O)O)c2cc(F)ccc2n1S(=O)(=O)c3ccc(cc3)S(=O)(=O)C,-0.44,-0.4231401339728835,0.016859866027116477
138,train,COc1ccc(cc1)C2=CC(=O)c3ccccc3N2,2.71,2.8953228966738633,0.18532289667386337
3421,train,CNC(=O)c1ccc(Nc2ncc(F)c(n2)c3cnc(C)n3C(C)C)cc1,3.0,2.9964818912222637,-0.003518108777736284
631,train,COc1c2OC(=O)C=Cc2cc3ccoc13,1.97,2.181107720721509,0.21110772072150907
1677,train,C[C@]12CCC(=O)C=C1C=C[C@@H]3[C@@H]2CC[C@@]4(C)[C@H]3CC[C@@]45CCC(=O)O5,3.2,3.1554870751934714,-0.0445129248065288
2199,train,CC(=O)Nc1nc(cs1)c2cccs2,2.77,2.483594004512158,-0.2864059954878422
620,train,Cc1cc(C)c2c(N)c(sc2n1)C(=O)NCc3ccccc3,3.41,3.468721733328933,0.058721733328932935
4096,train,Nc1nc(N)nc(n1)c2ccc(Cl)cc2,2.12,2.005622376055969,-0.11437762394403128
1603,train,CCOc1cc2ncc(C(=O)N)c(Nc3ccc(F)cc3F)c2cc1N4CCC(O)CC4,2.74,2.737500533016577,-0.002499466983423293
2460,train,C[C@@H](N(c1cc(F)ccc1F)S(=O)(=O)c2ccc(Cl)cc2)c3ccc(F)cc3CCCC(=O)O,3.1,3.114780745075568,0.014780745075567925
1579,train,CCOC(=O)Nc1ccc2Sc3ccccc3N(C(=O)CCN4CCOCC4)c2c1,3.1,3.181209409105837,0.08120940910583707
2787,train,Cc1cc(Cl)ccc1OC2CCN(C[C@H](O)CNC(=O)C3=CNC(=O)c4cc(ccc34)S(=O)(=O)C)CC2,2.42,2.3093459902815785,-0.11065400971842143
1648,train,COc1ccc(Cc2nccc3cc(OC)c(OC)cc23)cc1OC,2.81,2.487714501024205,-0.32228549897579484
2505,train,CCCCC(CC)CNC(=O)c1cc(ccc1Cl)N2N=CC(=O)NC2=O,2.41,2.089587458359362,-0.32041254164063826
1616,train,Nc1nc(nn1Cc2ccccc2)c3ccccc3,1.91,1.8771511992066232,-0.03284880079337671
3593,train,C[C@H](Nc1nc(Nc2ncc(C)s2)cc(n1)N3CCOCC3)c4ncc(F)cn4,2.68,2.9085359334426326,0.22853593344263246
2890,train,CN(CCNC[C@H](O)c1ccc(O)c2NC(=O)Sc12)C(=O)CCOCCc3ccccc3,1.21,1.061598210302126,-0.148401789697874
1525,train,Cc1cc(C)c(C(=O)N[C@@H](Cc2ccc(OCCCNc3ccccn3)cc2)C(=O)O)c(C)c1,0.49,0.42385899530807714,-0.06614100469192286
172,train,Cc1ccc2c(c1)c(c(C)n2CC(=O)O)c3ccnc4ccc(cc34)C(F)(F)F,1.78,1.516534210053016,-0.2634657899469841
587,train,NC1(CCC1)c2ccc(cc2)c3ncc4ncccc4c3c5ccccc5,2.0,2.2590008572098568,0.25900085720985677
1604,train,CN1CCN(CC1)c2cc3c(Nc4ccc(F)cc4F)c(cnc3cc2F)C(=O)N,2.63,2.588041304953942,-0.04195869504605776
3160,train,C(CN1CCCC1)Oc2ccc(Nc3ncc4cc(ccc4n3)c5ccncc5)cc2,2.66,2.800616178670455,0.14061617867045495
2692,train,CN(C)N(C)C(=O)[C@@]1(Cc2ccccc2)CCCN(C1)C(=O)[C@@H](Cc3c[nH]c4ccccc34)NC(=O)C(C)(C)N,2.1,1.9789636636965828,-0.12103633630341726
3351,train,C[C@H](NC(=O)c1c(C)nn(c1NS(=O)(=O)c2cccnc2)c3ccc(F)cc3)C(C)(C)C,0.4,0.3368653038554503,-0.0631346961445497
2864,train,CC(C)(C)C(O)\C(=C/c1ccc(Cl)cc1Cl)\n2cncn2,3.8,3.4491475776252147,-0.3508524223747851
1714,train,CCCSc1c(cnn1[C@@H]2CC[C@@H](CC2)C(=O)O)C(=O)NC3CCCCC3,1.39,1.1316457883166222,-0.2583542116833777
1547,train,Clc1ccc2[nH]ncc2c1,2.44,2.5998795728135087,0.15987957281350873
727,train,CC[C@@H](NC1=C(Nc2cccc(C(=O)N(C)C)c2O)C(=O)C1=O)c3ccccc3,2.14,2.2568140810408384,0.11681408104083824
3227,train,COc1cc(ccc1N)C(=O)NC[C@@H](O)CN2CCC(CC2)Oc3ccc(Cl)c(Cl)c3,3.12,3.1197737090604023,-0.00022629093959780633
2016,train,CCCNCc1cnc(s1)c2ccc(cc2)C(=O)Nc3ccccc3N,1.75,1.6397609666631658,-0.11023903333683416
487,train,CN(c1ccnc(Nc2cc(cc(c2)N3CCOCC3)N4CCCCC4)n1)c5cc(CO)ccc5C,4.2,3.95476246376378,-0.24523753623622024
4102,train,O=C(CSc1ccccc1)N2CCN(CC2)C(=O)c3occc3,1.6,1.4438386041139482,-0.15616139588605193
624,train,Nc1ncnc2sccc12,1.19,1.2000657572685047,0.010065757268504782
2464,train,S=C(NC1CCCCC1)N2CCC(CC2)c3cnc[nH]3,2.3,2.12340721924909,-0.17659278075091
1145,train,CCN1CCN(CC1)C(=O)c2cc3cc(F)ccc3[nH]2,2.28,2.1021703717432456,-0.1778296282567542
3152,train,CC[C@H](CO)Nc1nc(SCc2ccccc2)nc3nc(N)sc13,3.27,3.092484082516674,-0.17751591748332585
3333,train,Oc1c2ncc3ccccc3c2nn1c4ccc(Cl)cc4,1.52,1.6188004676218397,0.0988004676218397
1632,train,CCNC1=Nc2ccccc2C(=NC1c3cccs3)c4ccccc4,3.98,3.886205614615112,-0.09379438538488793
3887,train,CCN(C1CCN(CC[C@H](c2ccc(cc2)S(=O)(=O)C)c3cccc(F)c3)CC1)C(=O)Cc4ccc(cc4)S(=O)(=O)C,2.9,2.3731930086098103,-0.5268069913901896
1157,train,CCN(C1CCN(CC[C@H](C2CCN(CC2)S(=O)(=O)C)c3cccc(c3)C(F)(F)F)CC1)C(=O)Cc4ccc(cc4)S(=O)(=O)C,1.9,1.9255003724235684,0.025500372423568507
740,train,CC[C@H](N1CCC[C@@H](C1)N2C=C(C)C(=O)NC2=O)c3ccc(C(=O)O)c(Oc4cccc(Cl)c4)c3,0.22,0.25513402332964863,0.03513402332964863
1198,train,CC(C(=O)O)c1ccc(c(F)c1)c2ccccc2,0.85,0.6127818480886,-0.23721815191139994
1048,train,COc1ccc2N=CC(=O)N(CCN3CC[C@H](NCc4ccc5OCC(=O)Nc5n4)[C@H](O)C3)c2c1,0.39,0.24329791219587182,-0.1467020878041282
2616,train,O[C@H](CNC(=O)C1=CNC(=O)c2ccc(F)cc12)CN3CCC(CC3)Oc4ccc(Cl)c(Cl)c4,3.93,3.7500407318835176,-0.17995926811648255
3177,train,CN(C)CCCn1c2CCCCCCc2c3ccccc13,2.96,3.1120936085233435,0.15209360852334353
151,train,Clc1ccccc1c2cnn[nH]2,2.68,2.616292256072991,-0.06370774392700929
1194,train,COc1ccc2cc(ccc2c1)[C@H](C)C(=O)O,0.13,0.16665621697028188,0.036656216970281874
1212,train,CCc1ccc(NC(=O)c2ccc3cc(ccc3c2)C(=N)N)cc1,1.1,0.8240163167268255,-0.2759836832731746
617,train,COc1cccc(CNCc2cccc(CCNC[C@H](O)c3ccc(O)c4NC(=O)Sc34)c2)c1,0.91,0.8661782929710446,-0.04382170702895538
282,train,O=C1CCOc2nc(ccc12)C#CC3CCCC3,3.0,2.8871947722994276,-0.11280522770057244
2522,train,O=C1C2CCC(N2)C(=O)N1Cc3ccccc3,2.21,1.946276830864175,-0.26372316913582505
1460,train,COc1cc2ncc(C(=O)N)c(Nc3ccccc3F)c2cc1OC,2.81,2.683126779951448,-0.12687322004855206
3958,train,COc1cccc(Nc2ncnc3cc(OC)c(OC)cc23)c1,3.1,3.242809164093007,0.14280916409300692
863,train,CCCSc1ncccc1C(=O)NC2CCCCC2,3.24,3.1374887671334144,-0.10251123286658581
2494,train,CNC(=O)c1ccc(cc1F)N2C(=S)N(C(=O)C23CCC3)c4ccc(C#N)c(c4)C(F)(F)F,3.3,3.259307613148059,-0.040692386851940654
124,train,CCN(C1CCN(CCC(c2ccccc2)c3ccccc3)CC1)C(=O)NCc4c(F)cccc4F,4.3,3.949468420858706,-0.35053157914129374
3052,train,CCS(=O)(=O)c1ccc(c(Cl)c1)c2cc(Cl)ccc2OCC(=O)O,-0.43,-0.7473460562004592,-0.31734605620045925
1372,train,Cn1cc(CN2CCc3cc4nc(N)sc4cc3CC2)cn1,1.06,0.7524509788832703,-0.30754902111672977
1345,train,Cc1cc(on1)c2ccc(cc2F)N3C[C@H](Cn4ccnn4)OC3=O,1.99,1.8997866114962165,-0.09021338850378346
3030,train,COc1cc(F)ccc1c2cncc(CNC(C)C)c2,1.5,1.2460284594810214,-0.25397154051897863
1296,train,Cc1onc(NC(=O)CSc2nc(C)cc(C)n2)c1,1.52,1.0455144277255701,-0.4744855722744299
2228,train,Cc1ccc(cc1)S(=O)(=O)NC(=O)N2CCC(CC2)N3CCC(CC3)Oc4ccc(Cl)cc4C,1.79,1.5124743175356583,-0.2775256824643417
3317,train,C[C@H](CO)Nc1nc(SCc2cccc(F)c2F)nc3[nH]c(N)nc13,3.22,3.1153391932733765,-0.1046608067266237
1165,train,Fc1cccc(F)c1CS(=O)(=O)N2CCN(CC2)c3ncccc3C(F)(F)F,3.9,3.500774992015192,-0.39922500798480787
408,train,Cc1c(Oc2ccc(Cl)cc2)c3cc(ccc3n1CC(=O)O)C(F)(F)F,2.28,2.1468336107220494,-0.13316638927795044
1535,train,CC(C)Nc1nc(NCc2ccccc2)c3sccc3n1,3.9,3.815784060348685,-0.08421593965131491
2702,train,CC(C)C(NC(=O)CN1C(=O)C(=CC=C1c2cccc(c2)C(=O)O)NC(=O)OCc3ccccc3)C(=O)C(F)(F)F,1.2,0.9315716567314063,-0.26842834326859366
3468,train,COc1cc(Nc2cc(Oc3cccnc3C)ccn2)cc(OC)c1OC,3.19,2.9284586160339634,-0.26154138396603654
3945,train,CC(C)(C)c1ccc(cc1)C2=NC(=O)C(CC(=O)O)S2,-0.1,-0.11577536452834014,-0.015775364528340136
2461,train,Cc1nc(CS(=O)(=O)c2ccccc2)cc(n1)N3CCOCC3,1.07,1.085404293350359,0.015404293350358866
3189,train,C[C@@H](Oc1cccc2ncnc(Nc3ccc4c(cnn4Cc5ccccn5)c3)c12)C(=O)N(C)C,2.89,3.1090393972417143,0.21903939724171417
2576,train,CC[C@H](NC(=O)c1c([S+](C)[O-])c(nc2ccccc12)c3ccsc3)c4ccccc4,2.66,2.7611025898051063,0.10110258980510611
2634,train,CN1C(=O)CN=C(c2ccccc2)c3cc(Cl)ccc13,2.69,2.823147852449565,0.13314785244956484
2394,train,Nc1ccc(OCCc2ccccc2)cc1,2.71,2.7345319437487987,0.024531943748798746
2045,train,CC1=CN([C@H]2CCCN(Cc3ccc(C(=O)O)c(Oc4cccc(C)c4)c3)C2)C(=O)NC1=O,-0.82,-0.743575811956656,0.07642418804334394
2918,train,CCc1cc(ccn1)C(=S)N,1.52,1.0730311574949514,-0.44696884250504865
3836,train,OC(=O)c1ccccc1NC(=O)Nc2ccccc2,-0.12,-0.28924283273656126,-0.16924283273656127
519,train,CN1CCN(CC1)c2nc(CCOc3ccc(C[C@H](Nc4ccccc4C(=O)c5ccccc5)C(=O)O)cc3)c(C)s2,2.58,2.4571666009937148,-0.12283339900628532
2020,train,OC(=O)COc1ccc(cc1c2cccc(c2)C#N)C(F)(F)F,0.05,0.2006542671919569,0.1506542671919569
302,train,CNC(=O)c1cc(c2nc(cc(n2)C3(CC3)S(=O)(=O)C)N4CCOCC4)c5cc[nH]c5c1,1.7,1.9265875778941473,0.2265875778941473
2904,train,COC(=O)c1ccc(cc1)C(C)N2NC(=O)C3=C(C2=O)C(=O)c4ccc(Cl)cc4N3,1.3,1.434289772570989,0.13428977257098906
37,train,Cn1cncc1c2c3C(=O)N(CC4CC4)C(=O)N(CC5CC5)c3nn2Cc6ccnc7ccc(Cl)cc67,4.33,3.845567437032163,-0.4844325629678372
4151,train,Cc1cc(n[nH]1)c2ccc(Cl)c(c2)C(=O)NCC3(O)CCCCCC3,3.41,3.2037063595997326,-0.20629364040026754
3469,train,CCOc1ccccc1c2ccc3c(c2)C(=O)C(=O)c4ccccc34,2.67,3.0322552143322863,0.36225521433228636
2146,train,CC(C)Oc1cc(Nc2nc(N[C@@H](C)c3ccc(F)cn3)nc(OC(CO)CO)c2Cl)n[nH]1,2.77,2.7316772296027154,-0.0383227703972846
2911,train,Clc1ccc(OC2CCN(CC2)C3CCN(CC3)C(=O)NS(=O)(=O)c4ccccc4Cl)cc1Cl,1.93,1.5781911901644723,-0.35180880983552765
411,train,CN1CCOc2cc(COC3CCCCC3)cnc12,3.1,3.0397709723641713,-0.060229027635828825
3924,train,CCC[C@H](N1CCC[C@@H](C1)N2C=C(C)C(=O)NC2=O)c3ccc(C(=O)O)c(Oc4cccc(Cl)c4)c3,0.5,0.7104959045331412,0.21049590453314115
3968,train,CN(C1CCN(CCC(c2ccccc2)c3ccccc3)CC1)C(=O)Cc4ccc(cc4)C#N,3.7,3.7536792720724312,0.05367927207243106
1934,train,CC(C)C(NC(=O)CN1C(=O)C(=CC=C1c2ccccc2)NC(=O)NCc3ccncc3)C(=O)C(F)(F)F,2.16,1.9662615372946741,-0.19373846270532602
598,train,CN[C@@H](C)C(=O)N[C@@H](C1CCCCC1)C(=O)N[C@H]2CCN(C2)C(=O)Cc3ccccc3,0.81,0.4664994771141673,-0.34350052288583277
3060,train,Cc1cc(O)nc(n1)n2nc(C)c(Oc3ccccc3O)c2C,1.4,1.4691857396297685,0.0691857396297686
868,train,CCCNCC(O)COc1ccccc1C(=O)CCc2ccccc2,1.72,1.7543088789684844,0.034308878968484446
2714,train,CC(=O)Nc1ccc2c(c1)c(cn2C)c3cc(NC4CC4)n5ncc(C#N)c5n3,2.94,2.938307304352548,-0.0016926956474518917
459,train,CS(=O)(=O)Nc1ccc(CCOCCCS(=O)(=O)CCNCCc2ccc(O)c3nc(O)sc23)cc1,1.34,1.386552013142704,0.04655201314270396
521,train,Clc1cccc(CN2C=CN3C(=O)C=C(N=C23)N4CCOCC4)c1Cl,3.3,3.3611360553815772,0.0611360553815774
3586,train,CN(c1ccnc(Nc2cc(cc(c2)C(=O)N3CCOCC3)N4CCOCC4)n1)c5cc(CO)ccc5C,2.2,2.478014842457688,0.2780148424576878
162,train,O=C(Oc1ccccc1)N2CCOCC2,1.3,1.4850519085741456,0.18505190857414555
1538,train,CCOC(=O)c1ccc(COCC2CCN(CC2)c3ccc(C)nn3)cc1,2.68,2.5424704798174105,-0.13752952018258968
3726,train,COc1ccc(cn1)[C@@]2(O)CC[C@H](CC2)N3CC[C@H](C3)NC(=O)CNC(=O)c4cccc(c4)C(F)(F)F,1.72,1.6916104878640503,-0.028389512135949646
1627,train,COc1cc(cc(OC)c1OC)C(=O)Nc2ccc(Cl)c(c2)c3nc4ccccc4[nH]3,3.83,3.774915688233117,-0.05508431176688289
286,train,CCN(C1CCN(CCC(c2ccccc2)c3ccc(NS(=O)(=O)C)cc3)CC1)C(=O)Cc4ccc(cc4)S(=O)(=O)C,1.84,1.7344545645846865,-0.10554543541531358
1501,train,COCCC(C)n1nc(C)c(C(=O)N[C@@H](C)C(C)(C)C)c1NS(=O)(=O)c2ccc(C)cc2,0.78,0.6795189957976531,-0.10048100420234696
1429,train,Cc1ccc2c(c1)c(c(C)n2CC(=O)O)S(=O)(=O)c3ccc(Cl)cc3,0.06,-0.14959224978368235,-0.20959224978368235
241,train,Cc1nnsc1C(=O)Nc2ccccc2,0.97,0.9145588285755148,-0.055441171424485125
1802,train,OC(=O)C[C@H]1[C@@H](Cc2ccccc12)NC(=O)c3cc4cc(F)ccc4[nH]3,1.26,1.6320259415093297,0.37202594150932966
1162,train,CC(O)(C(=O)Nc1ccc(cc1)S(=O)(=O)c2ccc(O)cc2)C(F)(F)F,2.78,2.6625090205835327,-0.11749097941646713
453,train,CC(=O)Nc1ccc2ccn(c3cc(NC4COC4)n5ncc(C#N)c5n3)c2c1,2.24,1.9977120270681465,-0.24228797293185367
1821,train,Cc1ccn2c(c(C)nc2c1)c3ccnc(N)n3,2.39,2.365400722386258,-0.024599277613742032
140,train,CN1C(=O)N(CC2CC2)c3nn(Cc4ccnc5ccc(Cl)cc45)c(c6cc(cn6C)C#N)c3C1=O,3.67,3.631884797059209,-0.03811520294079074
1628,train,FC(F)(F)c1csc(n1)N2CCN(CC2)C(=O)[C@@H]3CCCC[C@H]3C(=O)NC4(CC4)C#N,2.4,2.2920387331099654,-0.10796126689003449
674,train,CC1CCN(CC1)C(=O)c2scc3OCCOc23,2.26,2.061329983144799,-0.1986700168552007
1069,train,CC1(C)N=C(N)N=C(N)N1c2ccc(Oc3ccc(Cl)cc3)c(Cl)c2,0.79,1.048214720305112,0.25821472030511194
1236,train,CCn1c(C)c(C(=O)O)c(c2cccc(c2)N3CCN(CC3)c4ccc(NS(=O)(=O)c5ccc(N[C@H](CCN6CCC(O)CC6)CSc7ccccc7)c(c5)S(=O)(=O)C(F)(F)F)cc4)c1c8ccc(Cl)cc8,4.2,3.7765950587146833,-0.4234049412853169
1151,train,CCCN(CCNCCc1ccc(O)c2NC(=O)Sc12)C(=O)CCOCCc3ccccc3,2.23,2.2255129445283015,-0.004487055471698476
542,train,COc1cc(ccc1Nc2ncc(Cl)c(n2)c3cnc4cc(ccn34)N5CCCC5)N6CCN(CC6)C(=O)C,3.5,3.3614468395678703,-0.13855316043212973
258,train,CC(C)C(=O)NCCNCC(O)COc1ccc(O)cc1,-0.15,-0.1606477699633131,-0.010647769963313097
1484,train,Cc1nocc1C(=O)Nc2ccc(c(N)n2)c3ccccc3OC(F)(F)F,3.7,3.83335634317442,0.13335634317442002
55,train,N(c1ccccc1)c2cc(Nc3ccccc3)[nH]n2,3.8,3.7983631796733857,-0.0016368203266141634
422,train,CC(C)NCC(O)COc1ccccc1OCC=C,0.2,-0.08177458245399816,-0.28177458245399817
2200,train,O=C1N(Cc2ccccc12)C3CCN(CCC(c4ccccc4)c5ccccc5)CC3,4.1,3.582192684611174,-0.5178073153888256
2635,train,Cn1cncc1c2c3C(=O)N(CC=C)C(=O)N(CC4CC4)c3nn2Cc5ccnc6ccc(Cl)cc56,3.62,3.1346375037485945,-0.4853624962514056
414,train,COc1ccccc1Nc2cc(Oc3cc(C)c(C)nc3c4ccccn4)ccn2,3.37,3.589577601278485,0.2195776012784849
1646,train,O.O.O.CC(=O)O[C@@]12CO[C@@H]1C[C@H](O)[C@]3(C)[C@@H]2[C@H](OC(=O)c4ccccc4)[C@]5(O)C[C@H](OC(=O)[C@H](O)[C@@H](NC(=O)OC(C)(C)C)c6ccccc6)C(=C([C@@H](O)C3=O)C5(C)C)C,3.4,3.372344056074539,-0.027655943925461113
954,train,COc1cc2nnc(C(=O)N)c(Nc3cccc(Cl)c3F)c2cc1N4CCN(C)CC4,2.35,2.3934794769237158,0.043479476923715676
4012,train,Clc1cccc(c1)S(=O)(=O)NCC(N2CCCCCC2)c3ccccc3,3.39,3.3749897834916016,-0.01501021650839851
2000,train,Fc1ccc(Nc2oc(nn2)C(=O)Nc3ccc(nc3)N4CCOCC4)cc1,3.0,2.8623779037644304,-0.13762209623556965
3270,train,CSc1ccc2Sc3ccccc3N(CCC4CCCCN4C)c2c1,3.76,3.8109794504161503,0.050979450416150485
1251,train,CC(C)n1c(C)ncc1c2ccnc(Nc3ccc(cc3)S(=O)(=O)CCCN4CCOCC4)n2,2.43,2.176967364359481,-0.25303263564051903
3364,train,CC(=O)NCc1ccc(CN2CCN(CC2)c3ccccc3)cc1,1.78,1.9562638731421673,0.1762638731421673
2025,train,CC1=C(CCC(=O)O)C(=O)Oc2c(C)c(O)ccc12,-0.3,-0.24937647542287955,0.05062352457712044
1181,train,OCC(=O)N1CCC(CC1)c2[nH]nc(c3ccc(Cl)cc3F)c2c4ccncn4,1.79,1.560832351301056,-0.22916764869894402
2569,train,C[C@H](NC1=NC(=O)[C@@](C)(S1)C(F)(F)F)c2ccccc2F,3.1,2.9628983636973656,-0.1371016363026345
985,train,Oc1ccc(NC(=O)c2ccc(O)cc2)cc1,1.5,1.5837942918752073,0.08379429187520726
3265,train,CCC(CC)NC(=O)c1cnn(c1NS(=O)(=O)C2CCCC2)c3ccccc3,0.69,0.9419880671686947,0.2519880671686947
106,train,COc1cc2ncc(C(=O)N)c(Nc3ccc(F)cc3F)c2cc1N4CCN(C)CC4,2.18,2.1555086088658886,-0.024491391134111584
3644,train,Fc1ccccc1NC(=O)N[C@H]2N=C(c3ccccc3)c4ccccc4NC2=O,4.0,3.6453065329935606,-0.35469346700643944
163,train,CC(C)(C#N)c1cnc(s1)N2CCN(CC2)C(=O)[C@@H]3CCCC[C@H]3C(=O)NC4(CC4)C#N,1.9,1.7161999656099556,-0.18380003439004433
2440,train,Nc1ncnc2c1ncn2[C@@H]3O[C@H](CSCCCNC(=O)Nc4ccccc4)[C@@H](O)[C@H]3O,1.9,1.9551222103453991,0.055122210345399214
2472,train,CCCNC(=O)c1nnc2c(cccc2c1N)c3ncccn3,1.86,1.8800222325778484,0.020022232577848298
1526,train,COc1cc2ncc(C(=O)N)c(Nc3ccc(F)c(Cl)c3)c2cc1OC,3.22,3.419552123648878,0.19955212364887798
802,train,CN(c1ccnc(Nc2cccc(c2)S(=O)(=O)C)n1)c3cccc4[nH]ncc34,3.21,3.146450250352983,-0.06354974964701698
1505,train,O=C1N2CCOC2=Nc3ccccc13,0.6,0.6351284029040953,0.03512840290409536
3724,train,Fc1cccc(CN2CCN(CC2)c3ccc4nnc(n4n3)C(F)(F)F)c1F,3.6,3.1799227064997124,-0.42007729350028766
3973,train,CC(=O)c1ccc(cc1)S(=O)(=O)NC(=O)NC2CCCCC2,-0.49,-0.1469627697009015,0.3430372302990985
3274,train,CCCCCOC(=O)NC1=NC(=O)N(C=C1F)[C@@H]2O[C@H](C)[C@@H](O)[C@H]2O,0.67,0.8496579172037972,0.1796579172037972
4196,train,CCN(C1CCN(CCC(c2ccc(F)cc2)c3ccc(F)cc3)CC1)C(=O)Cc4ccc(cc4)S(=O)(=O)C,3.21,2.9359591332036015,-0.2740408667963985
1645,train,OC(=O)[C@H](Cc1ccc(OCCc2ccc3OCCNc3n2)cc1)NC(=O)c4c(Cl)cccc4Cl,-0.18,-0.22503279252613861,-0.04503279252613862
1556,train,CN(c1ccc2c(C)n(C)nc2c1)c3ccnc(Nc4ccc(C)c(c4)S(=O)(=O)N)n3,3.3,3.0304258795174777,-0.26957412048252216
280,train,COc1ccc(cc1OC)C2=COc3cc(O)cc(O)c3C2=O,2.8,2.963556308844938,0.16355630884493833
599,train,CCC(C)NC(=O)c1c(C)nn(c1NS(=O)(=O)c2ccc(C)cc2)c3ccccc3,0.66,0.42273490982649475,-0.23726509017350528
1924,train,CC1=C(CCC(=O)O)C(=O)Oc2cc(O)ccc12,-0.7,-0.4262642231700977,0.27373577682990224
806,train,COc1cc(F)ccc1c2cncc(CNC(=O)c3ccccc3)c2,3.76,3.4278300685748366,-0.33216993142516316
1808,train,COc1ncc2N=CC(=O)N(CCN3CCC(CC3)NCc4cc5OCCOc5cn4)c2n1,-0.14,0.04462407077503716,0.18462407077503717
1076,train,OC(=O)c1ccccc1C(=O)N2CCC(CC2)N3CCC(CC3)Oc4ccc(Cl)c(Cl)c4,1.73,1.896684269284048,0.166684269284048
1261,train,Nc1ccc2ccccc2n1,1.7,1.9507992691725597,0.2507992691725598
4124,train,O=C1NC(=O)C(Cc2ccc3ccccc3c2)S1,2.41,2.328434091883162,-0.08156590811683806
1028,train,COC(=O)COc1ccc(O)cc1,0.92,1.0720800414217015,0.1520800414217015
2143,train,CNC1=Nc2ncccc2C(=NC1c3cccs3)c4cc[nH]c4,1.73,1.8393273331066307,0.10932733310663068
175,train,Cc1nc2ccc(Cl)cn2c1c3ccnc(N)n3,2.49,2.419898451238864,-0.07010154876113628
1742,train,CNC1=Nc2ncccc2C(=NC1c3cccs3)c4cccs4,2.63,2.26332191124763,-0.36667808875236974
642,train,CC(C)Oc1cc(Oc2ccc(cc2)S(=O)(=O)C)cc(c1)C(=O)Nc3nccs3,3.61,3.6317489233344595,0.021748923334459658
2626,train,CCCSc1ncccc1C(=O)NC2CCC(F)(F)CC2,2.85,2.4515988695859305,-0.39840113041406955
223,train,COc1ccccc1C(NC(=O)[C@@H]2CCCC[C@H]2C(=O)N3CCN(Cc4ccc(F)cc4)CC3)C#N,3.57,3.3238688402079015,-0.24613115979209832
78,train,CC(=O)Nc1ccc2c(c1)c(cn2CCCO)c3cc(NC4CC4)n5ncc(C#N)c5n3,2.48,2.324316363169211,-0.15568363683078879
324,train,COc1cc(N2CCN(C)CC2)c3nc(cc(N(C)C)c3c1)C(=O)Nc4ccc(cc4)N5CCOCC5,3.3,3.1358998353532956,-0.16410016464670418
1541,train,CS(=O)(=O)c1ccc2C(=CNC(=O)c2c1)C(=O)NC[C@@H](O)CN3CCC(CC3)Oc4ccc(C#N)c(Cl)c4,1.41,1.2972994389888237,-0.1127005610111762
462,train,CC(=O)Nc1ccc2CCN(c3cc(NC4CC4)n5ncc(C#N)c5n3)c2c1,3.3,3.324528079390948,0.024528079390948143
1931,train,CN(C)C(=O)CN1C(=O)C(Cc2ccccc12)NC(=O)c3cc4cc(Cl)sc4[nH]3,3.07,2.9728610709193646,-0.09713892908063526
3704,train,CN1C[C@@H](c2ccccc2)c3cccc(N)c3C1,2.11,2.061542834007526,-0.04845716599247396
1240,train,COCCCc1cc(Nc2nc(NCc3onc(C)c3)ncc2Br)n[nH]1,3.07,2.9929212807252177,-0.07707871927478216
2441,train,CCN(CC)CCOC(=O)C1(CCCCC1)C2CCCCC2,3.72,3.9217675785977457,0.20176757859774552
3906,train,O[C@@H]1CN(CCN2C(=O)C=Cc3ccc(cc23)C#N)CC[C@@H]1NCc4cc5OCCOc5cn4,0.46,0.09194435998129924,-0.3680556400187008
3447,train,CN1CCC(COc2cc(OC3CCOCC3)c4c(Nc5c(Cl)ccc6OCOc56)ncnc4c2)CC1,2.59,2.5119735504064162,-0.07802644959358362
376,train,Nc1nc(OCc2nccs2)nc3c1ncn3[C@@H]4O[C@H](CF)[C@@H](O)[C@H]4O,0.47,0.1118286528535739,-0.35817134714642607
1264,train,Nc1nc2ccc(cc2s1)c3cccc(O)c3,3.1,2.5845799038432213,-0.5154200961567788
491,train,FC(F)(F)Oc1ccc(CNC(=O)C2N(CC3CC(F)(F)C3)C(=O)c4ccccc24)cc1,3.9,3.921143565935931,0.02114356593593092
3016,train,COc1ccccc1CNC(=O)NS(=O)(=O)c2ccc(Cl)cc2,0.87,0.8304679462540812,-0.03953205374591884
4095,train,CNc1c(Br)cnc2[nH]c(nc12)c3cccc(N)c3,2.96,3.0402788093967814,0.08027880939678145
3134,train,CCS(=O)(=O)c1ccc(Oc2c(C)n(CC(=O)O)c3ccc(cc23)C(F)(F)F)cc1,0.29,0.2773442730752358,-0.012655726924764188
1073,train,Fc1cc(cc(F)c1CN2CCOCC2)c3cccc4ncc(nc34)c5cnn(c5)C6CCNCC6,1.86,1.7365502909799506,-0.12344970902004948
448,train,Cc1ccc(O)c(O)c1,1.37,1.3380609812869426,-0.03193901871305749
4009,train,O=C(NCC#N)[C@@H]1CCCC[C@H]1C(=O)N2CCN(CC2)c3ccccc3,1.75,1.595040107160348,-0.15495989283965206
3186,train,Clc1ccc(OC2CCNCC2)cc1C(=O)NCC34CC5CC(CC(C5)C3)C4,1.83,1.5651816045285294,-0.2648183954714707
3578,train,OC(=O)C(N1CCCC(CN2CCC(CC2)Oc3ccc(Cl)c(Cl)c3)C1)c4ccccc4,2.6,2.23827468642558,-0.36172531357442006
2105,train,NC(=O)c1ccccc1O,1.09,1.0176278194832582,-0.07237218051674188
1202,train,CCC(C)(C)C[C@@H](N1CCC[C@@H](C1)N2C=C(C)C(=O)NC2=O)c3ccc(C(=O)O)c(Oc4cccc(Cl)c4)c3,1.37,1.6960697700522274,0.32606977005222726
1670,train,Cc1nc(CS(=O)(=O)c2ccc(Cl)cc2)cc(n1)N3CCOCC3,1.8,1.9671561291795194,0.16715612917951939
3591,train,CC(C)N1C(=O)N(C)C(=O)c2cn(Cc3cccc4ccccc34)cc12,3.97,3.7348468862586444,-0.23515311374135583
2067,train,COc1ccc(CNCc2ccc(cc2)c3cc(C(=O)N)c(NC(=O)N)s3)cc1,2.55,2.3700147496498447,-0.1799852503501551
1753,train,CN1CC(=O)N2[C@H](Cc3c([nH]c4ccccc34)[C@H]2c5ccc6OCOc6c5)C1=O,2.6,2.707835273015514,0.10783527301551388
2632,train,CCC(N(CCCN)C(=O)c1ccccc1)C2=Nc3ccsc3C(=O)N2Cc4ccccc4,1.38,1.3864741553416966,0.006474155341696708
1842,train,CS(=O)(=O)c1ccc(c[n+]1[O-])C(=O)Nc2ccc(F)cc2,0.84,0.7748192447383817,-0.06518075526161826
676,train,COc1ccc(Cl)cc1NC(=O)CCS(=O)(=O)c2ccc(Br)cc2,3.4,3.135915507560701,-0.2640844924392991
2744,train,Nc1nc(nc(N)c1Cc2ccccc2F)c3ccccn3,2.12,2.1654809314903662,0.04548093149036614
2459,train,NS(=O)(=O)c1cccc(Nc2nccc(Nc3cccc4[nH]ncc34)n2)c1,2.6,2.2789437770781813,-0.3210562229218188
2351,train,Oc1cc(cc(c1)C(F)(F)F)C(=O)Nc2cccc(c2)c3nnn[nH]3,0.8,1.0227249533237337,0.22272495332373365
4174,train,C(Cn1c2CCCCc2c3c(nc(nc13)N4CCCC4)N5CCCC5)N6CCOCC6,3.6,3.7334214342933834,0.13342143429338327
526,train,Nc1ccc2c3ccccc3C(=O)C(=O)c2c1,2.23,2.0929077916307226,-0.13709220836927738
721,train,c1ccc2ncncc2c1,1.0,1.1950122611798402,0.19501226117984016
1433,train,Oc1ccc(CCNCCCS(=O)(=O)NCCOCCc2cccc(c2)C(F)(F)F)c3sc(O)nc13,2.62,2.263698205979785,-0.3563017940202151
3996,train,CC(C)Oc1cccc(CC(=O)N2CCC[C@@](CC[N+]34CCC(CC3)(CC4)c5ccccc5)(C2)c6ccc(Cl)c(Cl)c6)c1,1.23,1.18665099474754,-0.04334900525245988
1874,train,CCOc1ccccc1c2ccc(cc2)c3nc4ccc(F)cc4c(C(=O)O)c3C,1.18,1.286091725859301,0.10609172585930104
3729,train,O=S(=O)(Nc1cccnc1)c2ccc3OCCOc3c2,1.34,1.3424967192185822,0.0024967192185820775
3161,train,OC(=O)C1=CN(C2CC2)c3cc(N4CCNCC4)c(F)cc3C1=O,-0.96,-0.8596582706067633,0.10034172939323671
503,train,CCN(C1CCN(CCC(c2ccccc2)c3ccccc3)CC1)C(=O)NCc4ccccc4,4.0,3.658359468817876,-0.341640531182124
4068,train,C[C@H]1C[C@H]2[C@@H]3CC[C@H](C(=O)C)[C@@]3(C)C[C@H](O)[C@@H]2[C@@]4(C)CCC(=O)C=C14,3.25,3.4137802940905297,0.16378029409052974
2026,train,CC(Cc1ccccc1)N(C)CC#C,2.16,2.083944654921382,-0.07605534507861833
2656,train,Cc1cc(C)cc(CCOCCS(=O)(=O)NCCNCCc2ccc(O)c3nc(O)sc23)c1,2.45,2.336397837806994,-0.11360216219300634
2193,train,C[C@H](Nc1nc(Nc2cc(C)[nH]n2)cnc1C#N)c3ccc(F)cn3,2.51,2.3933233120038278,-0.11667668799617203
3546,train,COc1ccc(CNCc2cccc(CCNC[C@H](O)c3ccc(O)c4NC(=O)Sc34)c2)cc1,0.86,0.8110096786161285,-0.048990321383871493
2951,train,CN1CCN(CC1)C(=O)c2cc(sc2NC(=O)N)c3ccccc3,2.17,2.447778139985934,0.27777813998593404
1744,train,CC(C)CNc1nc(nc(NC2CCS(=O)(=O)C2)c1N)C#N,2.3,2.2757706223692513,-0.024229377630748505
1410,train,COC(=O)c1ccc2OCC(=O)N(CCN3CCC(CC3)NCc4ccc5OCC(=O)Nc5n4)c2c1,0.83,0.6938996120180969,-0.13610038798190305
1091,train,Oc1ccc(cc1)c2nc3ccccc3s2,4.1,3.790055903276687,-0.3099440967233127
2905,train,NC(=O)C([C@@H]1CCN(CCc2ccc3OCCc3c2)C1)(c4ccccc4)c5ccccc5,2.79,2.8133603432525476,0.023360343252547544
2292,train,CNc1ccc2ncc(c3cccc(O)c3)n2n1,2.99,2.613072120687276,-0.3769278793127242
3225,train,CC(Cc1ccc(O)cc1)NCC(O)c2cc(O)cc(O)c2,-0.06,-0.23239873000650046,-0.17239873000650047
4105,train,CNC1=Nc2ccc(Cl)cc2C(=[N+]([O-])C1)c3ccccc3,2.41,2.4564834401271183,0.046483440127118136
2888,train,C[S+]([O-])c1ccc(\C=C/2\C(=C(CC(=O)O)c3cc(F)ccc23)C)cc1,-0.01,-0.26796342584180044,-0.25796342584180043
578,train,COc1cc(ccc1Cn2ccc3ccc(NC(=O)OC4CCCC4)cc23)c5nn[nH]n5,2.7,2.4399277839204947,-0.2600722160795055
3145,train,CCNc1nc(N)c(s1)C(=O)c2ccc(Cl)s2,3.63,3.6509932437740757,0.020993243774075854
3560,train,Cn1cc(cc1c2c3C(=O)N(CC#N)C(=O)N(CC4CC4)c3nn2Cc5ccnc6ccc(Cl)cc56)C#N,3.33,3.3481140326269143,0.018114032626914245
240,train,O=C(COc1ccccc1)N2CCOCC2,0.75,0.9125123833645448,0.16251238336454477
2806,train,CN[C@@H](C)C(=O)N[C@@H](C1CCCCC1)C(=O)N[C@H]2CCCN(CCc3ccccc3F)C2,2.51,2.291130751552509,-0.21886924844749078
3820,train,COc1ccc2C=CC(=O)N(CCN3CCC(CC3)NCc4cc5OCCOc5cn4)c2n1,1.16,1.0498972539845028,-0.11010274601549708
3526,train,CN1C(=O)N(CC2CC2)c3nn(Cc4ccnc5ccc(Cl)cc45)c(c6cc(oc6C)S(=O)(=O)C)c3C1=O,3.2,3.106548091391193,-0.09345190860880725
3659,train,COc1cc2ncc(C(=O)N)c(Nc3ccccc3C)c2cc1OC,3.4,3.039241711855383,-0.36075828814461675
274,train,CS(=O)(=O)c1ccc(c(Cl)c1)c2cc(Cl)ccc2OCC(=O)O,-0.75,-0.6374013515843489,0.11259864841565115
2392,train,CCc1nc(N)nc(N)c1c2ccc(Cl)cc2,2.31,2.340825739634931,0.030825739634930738
2103,train,CCc1[nH]c2nc(Sc3cnc4ccc[n+]([O-])c4c3)nc(N5CC[C@@H](N)C5)c2c1Cl,2.0,2.050088463338523,0.05008846333852279
205,train,C[C@H](NC(=O)[C@@H]1CCCC[C@H]1C(=O)N2CCc3[nH]c4ccc(F)cc4c3C2)C#N,3.5,3.0709994991084555,-0.4290005008915445
907,train,CS(=O)(=O)c1cccc(Nc2nccc(Nc3cccc4ccoc34)n2)c1,3.52,3.295483021836138,-0.22451697816386185
165,train,Cc1c(Sc2ccc(Cl)cc2)c3c(NS(=O)(=O)C)cccc3n1CC(=O)O,0.21,0.5186768565805133,0.30867685658051336
3966,train,COc1cc(nc2c(cc(F)cc12)N3CCN(C)CC3)C(=O)Nc4ccc(cc4)N5CCOCC5,3.85,3.490046862810435,-0.359953137189565
692,train,O=C(CSc1ccncc1)Nc2ccc(cc2)C(=O)c3ccccc3,3.6,3.4246815364853394,-0.17531846351466074
67,train,COc1cc2ncnc(Nc3ccc(F)c(Cl)c3)c2cc1OCCCN4CCCC4,3.13,2.940797531840175,-0.189202468159825
1610,train,OC1CCN(CC1)C(=O)[C@H](Cc2ccccc2)NC(=O)c3cc4cc(Cl)ccc4[nH]3,3.6,3.4056189561389334,-0.1943810438610667
2444,train,C[C@@H]1CN([C@@H](CO1)c2ccccc2)c3ccc4OCC(=O)Nc4n3,2.75,2.3081588565160778,-0.4418411434839222
83,train,CNCCCC12CCC(c3ccccc13)c4ccccc24,0.89,1.1144749440512065,0.2244749440512065
57,train,CCC(CC)NC(=O)c1cnn(C)c1NS(=O)(=O)c2ccc(C)cc2,0.36,0.5324354730832128,0.17243547308321283
4006,train,Cc1ccc(cc1NC(=O)c2ccc(OCc3ccccn3)cc2)c4nc5ccccc5[nH]4,3.24,3.2197830968720424,-0.020216903127957764
1349,train,O=C1C=C(N=C2N(Cc3cccc4ccccc34)C=CN12)N5CCOCC5,3.3,3.542427837191327,0.2424278371913271
1021,train,Fc1ccc(cc1Cl)C2CNCC=CC2,1.33,1.240153107084769,-0.08984689291523118
2717,train,CC1=CN([C@H]2CCCN(C2)S(=O)(=O)c3ccc(C(=O)N)c(Oc4cccc(Cl)c4)c3)C(=O)NC1=O,1.96,1.897815364124447,-0.062184635875552896
1752,train,CCC(N(CCCN)C(=O)c1ccc(C)cc1)C2=Nc3ccsc3C(=O)N2Cc4ccc(Cl)cc4,2.32,2.0971310022085037,-0.22286899779149616
3019,train,Clc1ccc(cc1)C(=O)CN2C3=NCCN3c4ccccc24,2.62,2.429592879745341,-0.1904071202546591
3542,train,CC(C)CN1C(=O)N(C)C(=O)c2c(SCCCO)n(Cc3cccc4ccccc34)cc12,4.36,4.337086682317961,-0.022913317682039747
1857,train,CC(C)Oc1ccc2C(=O)C(=COc2c1)c3ccccc3,4.07,4.253128222960013,0.18312822296001308
3139,train,CCOC(=O)c1ccc(OCCC2CN(CCO2)c3ccc(C)nn3)cc1,2.7,2.651221221036353,-0.04877877896364735
741,train,O=C1Nc2ccccc2C=C1,1.32,1.3675186204853187,0.04751862048531863
2225,train,OC1=NC(=O)CN1N=Cc2oc(cc2)c3ccc(cc3)[N+](=O)[O-],1.35,1.3386160506143472,-0.011383949385652903
3428,train,CC(=O)Nc1ccc(cc1)S(=O)(=O)Nc2ccc(Cc3ccncc3)cc2,2.8,2.8584487088299273,0.058448708829927476
3555,train,CS(=O)(=O)Cc1ccc2ccn(c3cc(NC4CC4)n5ncc(C#N)c5n3)c2c1,2.49,2.7471055113209273,0.25710551132092707
2651,train,COCCOc1ccc(Nc2ncc3cc(ccc3n2)c4ccncc4)cc1,3.1,2.982812922621555,-0.11718707737844491
580,train,CNc1nc2ccccc2n1Cc3sc4N(CC(C)C)C(=O)N(C)C(=O)c4c3C(=O)N5CC[C@@H](O)C5,1.61,1.4429910827694625,-0.16700891723053757
2934,train,NC(=O)c1ccc(cc1)c2cc3c(N[C@H]4CCCNC4)ncc(C(=O)N)c3s2,0.28,0.13546737398052766,-0.14453262601947237
962,train,NC1=NN(CC1)c2cccc(c2)C(F)(F)F,2.55,2.3813542387251174,-0.1686457612748824
2353,train,COc1ccc(CC(C)(C)NC[C@H](O)c2cc(O)cc3NC(=O)COc23)cc1,0.79,0.6685231450315365,-0.1214768549684635
1512,train,CC(C)N1CCN(Cc2cnc(c(F)c2)c3ccc(cc3)C(=O)Nc4ccccc4N)CC1,1.6,1.4553336650095163,-0.14466633499048376
1634,train,Fc1ccc(cc1)N2CCN(CC2)C(=O)[C@@H]3CCCC[C@H]3C(=O)NC4(CC4)C#N,2.12,2.1709982494328166,0.0509982494328165
1870,train,O=C1Oc2ccccc2C=C1c3ccccc3,3.22,3.282322177831479,0.062322177831478864
2518,train,N#Cc1nc(nc(n1)N2CCOCC2)N3CCOCC3,1.51,1.7435781616927797,0.23357816169277967
1965,train,COCC[C@H](Oc1ncnc2c1cnn2c3ccccc3Cl)C(=O)Nc4ccc(C)cn4,3.6,3.4973896514339873,-0.10261034856601281
2571,train,CC1N=C(N)N=C(N)N1c2ccc(Cl)cc2,-0.8,-0.8552208791853517,-0.05522087918535168
3674,train,CN1CCN(CC1)C(=O)Cc2csc(NS(=O)(=O)c3cccc(Cl)c3C)n2,0.57,0.4621174416546907,-0.10788255834530924
1695,train,O=S(=O)(c1ccccc1)C2(CC2)c3cc(nc(n3)c4cccc5[nH]ccc45)N6CCOCC6,3.4,3.6374517376675373,0.23745173766753735
1893,train,COC(=O)c1ccc(CC(=O)N(C)C2CCN(CCC(c3ccccc3)c4ccccc4)CC2)cc1,4.0,3.803102225141914,-0.19689777485808602
1830,train,Nc1ccc2c(c1)C(=O)C(=O)c3cc(N)ccc23,1.72,2.009976499889184,0.28997649988918384
359,train,CC(C)n1ncc2c(cc(nc12)C3CC3)C(=O)NCc4c(C)cc(C)nc4O,3.8,3.8441313452196733,0.044131345219673435
3889,train,OC(=O)COc1ccc(Cl)cc1CN2CCC(CC2)S(=O)(=O)c3ccccc3,0.48,0.5350862328604518,0.05508623286045178
367,train,COc1ccc(cc1)S(=O)(=O)NC(=O)N2CCC(CC2)N3CCC(CC3)Oc4ccc(Cl)c(Cl)c4,1.39,1.3488134096022635,-0.04118659039773642
3735,train,Fc1ccccc1Nc2oc(nn2)C(=O)Nc3ccc(cn3)N4CCOCC4,2.4,2.4752538380471667,0.07525383804716679
2476,train,CC(O)(C(=O)Nc1ccc(cc1)S(=O)(=O)c2ccncc2)C(F)(F)F,2.15,2.2015135458351587,0.05151354583515877
2131,train,O=C1COC2(CCN(CC2)S(=O)(=O)c3ccc(cc3)c4ccc5cccnc5c4)CN1C6CC6,3.24,3.1474666433268004,-0.09253335667319984
2837,train,ONC(=O)Cc1ccc(Oc2ccccc2)cc1,2.03,2.018674952425986,-0.011325047574013869
2553,train,CCCc1c(O)c(ccc1OCc2ccc(cc2OC)c3nn[nH]n3)C(=O)C,2.8,2.740546117395047,-0.05945388260495266
816,train,CC(C)CN1C(=O)N(C)C(=O)c2c1sc(Cc3ccnc4ccccc34)c2C(=O)N5C[C@H](O)CO5,2.14,2.079611127819458,-0.06038887218054212
2,train,COC(=O)[C@@H](N1CCc2sccc2C1)c3ccccc3Cl,3.69,3.578727545175751,-0.11127245482424897
1925,train,CC(C)(O)c1ccc(Nc2nc3ccc(cc3[nH]2)C#N)cc1,2.73,2.392723921961445,-0.33727607803855486
933,train,Cc1ccc(cc1)S(=O)(=O)c2ccccc2,2.74,2.658435936093428,-0.08156406390657223
1985,train,FC(F)(F)c1cc(COCC(N2CCNCC2)c3ccccc3)cc(c1)C(F)(F)F,2.9,2.90077301463525,0.0007730146352500356
747,train,Cc1c(Cl)ccc(OC2CCN(C[C@H](O)CNC(=O)C3=CNC(=O)c4cc(ccc34)S(=O)(=O)C)CC2)c1Cl,2.83,2.6823564693902333,-0.14764353060976676
3340,train,CC(C)Cn1cnc(c2ccccc2)c1c3nc4c(N)ncnc4s3,3.72,3.6355134163094904,-0.08448658369050976
531,train,COc1ccc(N(C(C(=O)NC2CCCC2)c3ccccc3F)C(=O)c4occc4)c(OC)c1,3.09,3.2797160622780863,0.18971606227808646
1937,train,OC(CN1CCOCC1)c2ccccc2,1.0,0.754495554931889,-0.24550444506811098
2248,train,CN(c1cccc(CO)c1)c2ccnc(Nc3cc(cc(c3)N4CCOCC4)N5CCOCC5)n2,2.6,3.020874459903571,0.42087445990357075
391,train,Cc1cnc(cn1)C(=O)NCCc2ccc(cc2)S(=O)(=O)NC(=O)NC3CCCCC3,0.31,0.6099077953012695,0.2999077953012695
3150,train,Oc1ccc(Br)cc1C(=O)C(=O)c2cc(Br)ccc2O,3.85,3.726331989059259,-0.12366801094074109
1938,train,OCCN1CCN(CCCN2c3ccccc3Sc4ccc(cc24)C(F)(F)F)CC1,3.8,3.643480361376577,-0.15651963862342289
572,train,Clc1ccc2C(=O)C3=C(Nc2c1)C(=O)NN(CC#Cc4ccccc4)C3=O,1.78,2.0339188340891803,0.25391883408918026
1044,train,C[C@@H](N1CCC[C@@H](C1)N2C=C(C)C(=O)NC2=O)c3ccc(C(=O)O)c(Oc4cccc(Cl)c4)c3,-0.3,-0.34457118858163316,-0.04457118858163317
2956,train,Cc1ccc(cc1)S(=O)(=O)NC(=O)N2CCC(CC2)N3CCC(CC3)Oc4ccc(Cl)c(C)c4Cl,2.2,2.218674578121526,0.01867457812152562
1730,train,CCOC(=O)c1ccc(OCCC2CCN(CC2)c3ccc(C)nn3)cn1,2.63,2.9752425275363317,0.3452425275363318
1303,train,COc1cc2ncnc(Nc3cccc(Cl)c3F)c2cc1OC4CCN(CC(=O)N)CC4,3.1,3.0306898627541345,-0.06931013724586554
2172,train,OC(=O)c1cncc(c1)c2cnc3[nH]c(cc3c2n4ccc(n4)C(F)(F)F)C(=O)NC5CC5,-0.98,-1.2978198322923813,-0.3178198322923813
3385,train,COc1ccnc(NC2CCN(CC2)C(=O)c3ccc(Cl)cc3)c1,2.82,2.508641445006787,-0.31135855499321297
3646,train,CN(C)C(=O)[C@H](Cc1ccccc1)NC(=O)c2cc3sccc3[nH]2,3.1,3.204890905294286,0.10489090529428591
888,train,Nc1ncnc2c1ncn2[C@@H]3O[C@H](CSCCCNC(=O)NCc4ccccc4)[C@@H](O)[C@H]3O,0.9,0.9169722047341693,0.01697220473416927
1252,train,C[C@H](CO)Nc1nc(SCc2ccccc2F)nc3nc(N)sc13,3.12,3.0406292054467454,-0.07937079455325469
40,train,OB1N(C(=O)Nc2ccccc12)c3ccccc3,1.4,1.3348667985015634,-0.06513320149843649
938,train,Cc1ccc2c(c1)c(Sc3ccc(Cl)cc3)c(C)n2CC(=O)O,2.18,2.0967872201176285,-0.08321277988237163
848,train,C[C@@H](NC(=O)C)c1ccc(Nc2ncc3cc(cc(C)c3n2)c4ccncc4)cc1,3.46,3.039802316778981,-0.4201976832210188
1631,train,Cc1cc(N)nc(CCNC(=O)c2ccc(cc2)C#N)c1,1.62,1.4391015715894897,-0.1808984284105104
1775,train,OC(CCN1CCCCC1)(C2CCCCC2)c3ccccc3,2.68,2.631085238264422,-0.04891476173557807
1184,train,CNC(=O)OC[C@@H](C)N(c1cc(Cl)ccc1CO)S(=O)(=O)c2ccc(Cl)cc2,3.0,2.8825304214340814,-0.11746957856591855
3998,train,CC(C)NC(=O)c1ccc2c(Nc3ccc(Cl)cc3)nc(nc2c1)N4CCOCC4,2.78,2.8815029572678768,0.10150295726787695
3588,train,CCN(C1CCN(CCC(c2ccccc2)c3ccccc3)CC1)C(=O)Cc4ccc(cc4)[N+](=O)[O-],4.1,3.9375540924696235,-0.16244590753037613
4107,train,CC(C)C(NC(=O)CN1C(=O)C(=CN=C1c2cc(F)cc(F)c2)N)C(=O)C(F)(F)F,1.38,1.371952201691169,-0.008047798308830956
3069,train,CNc1nc2ccccc2n1Cc3sc4N(CC(C)C)C(=O)N(C)C(=O)c4c3C(=O)N5C[C@H](O)CO5,1.77,1.9556868771025677,0.1856868771025677
2365,train,CC(C)CN1C(=O)NC(=O)c2c1sc(Cc3ccccc3C(F)(F)F)c2C(=O)N4CCC4,3.0,2.9500916540673723,-0.04990834593262772
1641,train,COCCOc1cc2ncnc(Nc3cccc(c3)C#C)c2cc1OCCOC,3.35,3.4446749596825716,0.09467495968257156
1500,train,COc1ncccc1c2cccc3c(N)c4C(=O)N(Cc4nc23)C5CCC5,3.26,3.2862501506213677,0.02625015062136793
3778,train,Clc1ccc2OCOc2c1Nc3ncnc4cc(OCCN5CCCC5)cc(OC6CCOCC6)c34,2.6,2.6833845086833152,0.08338450868331515
2037,train,COc1ccccc1C(=O)Nc2nc3ccccc3[nH]2,2.9,2.8757083383070183,-0.02429166169298158
2462,train,COc1ccc(cc1)[C@@H]2Sc3ccccc3N(CCN(C)C)C(=O)[C@@H]2OC(=O)C,1.99,1.9184497482536582,-0.07155025174634178
1528,train,N[C@H]1CCN(C1)c2c(Cl)cccc2\C=C\3/SC(=O)NC3=O,1.89,2.102130238670843,0.21213023867084302
4127,train,c1ccc(cc1)c2[nH]nc3ccccc23,3.79,3.9017104600988577,0.11171046009885766
4188,train,COC(=O)COc1ccc(cn1)C(=O)Nc2ccc(F)cc2,2.43,2.287911299129961,-0.1420887008700391
2920,train,COc1ccc(CC(=O)Nc2nc3ccccc3[nH]2)cc1,2.9,2.904575537875039,0.004575537875039171
1615,train,COc1cccc2sc(NC(=O)c3ccccc3)nc12,3.96,3.8383687176913615,-0.12163128230863851
396,train,O=C(Nc1cccc(NC(=O)c2ccccc2)n1)c3ccccc3,4.02,3.8528062714726525,-0.16719372852734704
51,train,NC(Cc1c[nH]c2ccccc12)C(=O)O,-1.17,-1.1360642478124516,0.033935752187548296
1823,train,COc1cc(N2CCCN(C)CC2)c3NC(=CC(=O)c3c1)C(=O)Nc4ccc(cc4)N5CCOCC5,2.1,2.2441935327919245,0.14419353279192437
2293,train,CC(=O)Nc1cccc(Nc2nc(NC3CC3)n4ncc(C#N)c4n2)c1,2.1,2.2432210651333566,0.14322106513335653
694,train,CC(C)CN1C(=O)N(C)C(=O)c2c1sc(Cc3ccccc3C(F)(F)F)c2C(=O)N4CCC4,3.46,3.2238005018913434,-0.2361994981086566
3346,train,CC1=CC2=NNC(=O)N2c3cc(ccc13)c4ccncc4,2.29,2.3234830043240775,0.03348300432407747
1560,train,CC(C)CN1C(=O)N(C)C(=O)c2c1sc(Cc3ccnc4ccccc34)c2C(=O)N5C[C@@H](O)[C@@H](O)C5,1.18,1.140519852250849,-0.03948014774915087
3002,train,CCC(N(CCCN)C(=O)c1ccc(C)cc1)C2=Nc3ccsc3C(=O)N2Cc4ccc(OC)cc4,2.15,1.9716056342107833,-0.17839436578921664
201,train,Clc1ccccc1CCNC(=O)c2cc(ccc2Cl)N3N=CC(=O)NC3=O,1.29,1.0552345751870893,-0.23476542481291074
3916,train,CN1CCN(CC1)C2=Nc3ccccc3Nc4sc(C)cc24,2.19,2.0779044388112227,-0.11209556118877728
2320,train,NC(=O)Cc1ccccc1,0.3,0.05774846611385076,-0.24225153388614923
3103,train,OC(=O)COc1ccc(cc1c2ccccc2)c3nccs3,-0.16,-0.2653224432214749,-0.10532244322147491
1876,train,CN1CCN(CC1)C(=O)OC2N(C(=O)c3nccnc23)c4ccc(Cl)cn4,1.1,0.8394896740140416,-0.26051032598595847
1839,train,FC(F)(F)c1ccc(cc1)S(=O)(=O)N2CCN(CC2)C(=O)N3CCN(CC3)c4ccncc4Cl,3.54,3.3795923082176436,-0.16040769178235648
1958,train,Nc1scc2C(=NN(C(=O)c12)c3ccc(F)cc3)C(=O)NC4CC4,2.8,2.463236741674206,-0.336763258325794
2021,train,CNc1nc(C)c(s1)c2nc(Nc3cccc(c3)N4CCCNCC4)ncc2C#N,1.64,1.5502382985495573,-0.0897617014504426
3619,train,OC(=O)c1ccc(NC(=O)c2cc(OCc3ccccc3)cc(OCc4ccccc4)c2)nc1,2.7,2.4717024116074415,-0.22829758839255865
2299,train,CC(C)C(NC(=O)CN1C(=O)C(=CC=C1c2ccccc2)N)C(=O)C(F)(F)F,1.74,1.6083024970042714,-0.13169750299572858
1718,train,CC(C)(C)OC(=O)N1C[C@@H]2CC[C@H]1CN2c3ncc(OCc4ccc(cc4)S(=O)(=O)C)cn3,3.4,3.4913837452365994,0.09138374523659953
2674,train,CC1=NC(=C(NC1=O)c2ccccc2)c3ccc(CN4CCC(CC4)N5C(=O)Nc6ccccc56)cc3,3.8,3.78711010341142,-0.012889896588579752
3369,train,CC(C)N1CCC[C@@H](CN2CCN(CC2)C(=O)Nc3ccc(Cl)c(Cl)c3)C1,1.62,1.4444168941890214,-0.1755831058109787
3701,train,Cc1nc(C)c(s1)C(=O)N[C@@H](Cc2cccc(Cl)c2)C(=O)NCC#N,2.0,1.9949350269413515,-0.005064973058648503
456,train,Cc1ncc(CO)c(CO)c1O,-0.58,-0.8923234642904148,-0.3123234642904148
3792,train,CCCN1CCC(CC1)Oc2nccc(Nc3cc(NC(=O)c4cccc(c4)N5CCOCC5)ccc3C)n2,2.6,2.4066848752886467,-0.19331512471135337
4070,train,Cc1cc(Cl)ccc1N2CCN(CC2)C(=O)COCc3ccncc3,3.22,3.1066678615633796,-0.1133321384366206
1976,train,Oc1cccc(NC(=O)c2ccc(OCCCN3CCCC3)cc2OCc4cccc(F)c4)c1,3.15,3.367818023223171,0.21781802322317123
102,train,CNC(=C[N+](=O)[O-])NCCSCc1oc(CN(C)C)cc1,-0.95,-1.384222005751758,-0.43422200575175807
1911,train,OC(=O)CC[C@H]1[C@@H](Cc2ccccc12)NC(=O)c3cc4sc(Cl)c(Cl)c4[nH]3,2.84,2.821439941296715,-0.01856005870328481
160,train,Cc1ccc(NC(=N)N)cc1C,-1.34,-1.5249782701261472,-0.1849782701261471
3142,train,Nc1nc2nc(SCc3ccccc3)nc(N)c2s1,3.1,2.9360016925925176,-0.16399830740748245
404,train,CC(C)N1CCN(Cc2cnc(c(Cl)c2)c3ccc(cc3)C(=O)Nc4ccccc4N)CC1,1.68,1.7442929365649102,0.06429293656491031
4064,train,COc1cc(Nc2nc(N[C@@H](C)c3ncc(F)cn3)nc(N4CCOCC4)c2F)n[nH]1,2.64,2.6277383592931334,-0.01226164070686675
2092,train,CCN(CC)C(=O)c1ccc(cc1)C(=C2CCN(Cc3ccc(F)cc3)CC2)c4ccc(NC(=O)OC)cc4,4.01,3.772303030611496,-0.23769696938850382
2278,train,Clc1ccc(cc1)c2cn3ccccc3n2,4.0,3.9119695733352184,-0.08803042666478156
2260,train,CC(C)CN1C(=O)N(C)C(=O)c2c1sc(Cc3c(C)n[nH]c3C)c2C(=O)N4C[C@H](O)CO4,1.07,0.9791484525249214,-0.09085154747507862
2165,train,Cc1ccccc1C[C@H](N2CCC(CN3CCC(CC3)Oc4ccc(Cl)c(Cl)c4)CC2)C(=O)O,2.54,2.555979706927963,0.015979706927963022
3083,train,Fc1ccc(F)c(NS(=O)(=O)c2ccc(Cl)cc2)c1,2.9,2.96252323719168,0.06252323719168018
128,train,Cn1ncnc1COc2nn3c(nnc3cc2C(C)(C)C)c4cc(F)ccc4F,2.4,2.498166407573449,0.09816640757344919
2503,train,Cc1ccc(cc1)\C(=C/CN2CCCC2)\c3ccccn3,1.88,1.6955019400972338,-0.18449805990276613
3738,train,NCC(O)(c1ccccc1)c2ccccc2,0.9,0.7911065503386241,-0.10889344966137593
3967,train,CCCC(=O)Nc1ccc(OCC(O)CNC(C)C)c(c1)C(=O)C,-0.27,-0.3791236611129758,-0.10912366111297578
398,train,CCc1[nH]nc(NC(=O)Cc2ncc(Oc3ccnc4cc(OC)c(OC)cc34)cc2OC)c1C,2.79,2.6573508873486387,-0.13264911265136137
2342,train,Fc1ccc(CC2=NNC(=O)c3ccccc23)cc1C(=O)N4CCN(CC4)c5ccccn5,2.55,2.4100501044018627,-0.1399498955981371
1983,train,Fc1ccc(Nc2oc(nn2)C(=O)Nc3ccc(nc3)N4CCOCC4)cc1F,2.9,2.394177411361972,-0.5058225886380279
3931,train,CO[C@@H]1C[C@@H](N(Cc2cc3c(Nc4cccc(Cl)c4F)ncnc3cc2OC)C1)C(=O)N,3.09,2.9743487084782276,-0.11565129152177223
4081,train,COc1cc(F)ccc1c2cccc(CNC3CCCC3)c2,2.29,2.082923391341822,-0.2070766086581779
3172,train,COc1cc(ccc1Nc2ncc(Br)c(n2)c3cnc4ccccn34)N5CCN(CC5)C(=O)C,3.7,3.5507177159999888,-0.14928228400001142
3053,train,CCCOc1nc(ccc1C(=O)NC2CCCCC2)N3CCC[C@@H](CC(=O)O)C3,2.81,2.2677371063661234,-0.5422628936338767
2707,train,OC(=O)C1=CN(C2CC2)c3cc(N4CCN(CC4)C(=O)CC[N+](=O)[O-])c(F)cc3C1=O,0.22,0.1516001142325094,-0.06839988576749059
2347,train,COCCOc1nc(N)c2NC(=O)N(Cc3ccccc3)c2n1,2.26,2.0523868860125876,-0.20761311398741222
1320,train,CCn1c2ccccc2c3cc(NC(=O)CCc4ccncc4)ccc13,3.75,3.824515205253916,0.07451520525391597
2361,train,CN1CCN(CC1)c2nc(NCCNc3ccc(cc3)[N+](=O)[O-])c4ccccc4n2,2.91,2.7238915932836814,-0.18610840671631879
783,train,CN1SC(=NC1=O)NC(=O)c2ccccc2,1.13,0.8223575070311211,-0.3076424929688788
3461,train,NC1(CCC1)c2ccc(cc2)c3ncc4ccccc4c3c5ccccc5,3.6,3.3298796349837465,-0.2701203650162536
939,train,Clc1cccc(NC(=O)c2ccccn2)c1,3.4,3.431430794171571,0.03143079417157102
1826,train,COc1cc2ncnc(Nc3cccc(O)c3)c2cc1OC,2.6,2.9074142922502784,0.3074142922502783
4148,train,C[C@H](NC(=O)c1c(C)nn(C2CCCCC2)c1NS(=O)(=O)c3ccc(C)cc3)C(C)(C)C,1.97,1.9592675810948879,-0.010732418905112118
3930,train,CC(C)n1c(C)ncc1c2nc(Nc3ccc(cc3)C(=O)N4CCN(C)CC4)ncc2F,2.49,2.1979761560857813,-0.2920238439142189
1921,train,COc1cc(Oc2ccnc3ccc(F)cc23)ccc1CC(=O)Nc4noc(C)c4C,4.06,3.761673535666187,-0.2983264643338126
2618,train,Cc1ccccc1S(=O)(=O)NC(=O)N2CCC(CC2)N3CCC(CC3)Oc4ccc(Cl)c(Cl)c4,1.71,1.5015781793918848,-0.2084218206081152
2860,train,Cc1ccc(cc1)c2cc(C(=O)N3CCOCC3)c4cc(C)ccc4n2,3.6,3.3361581513209506,-0.2638418486790495
3354,train,CCC(N(CCCN)C(=O)c1ccc(C)cc1)C2=Nc3ccsc3C(=O)N2Cc4ccccc4,1.81,1.7695464701814587,-0.040453529818541334
3209,train,O=C(NCCN1CCCC1)c2ccc(Nc3ncc4cc(ccc4n3)c5ccncc5)cc2,2.39,2.3435948048080912,-0.04640519519190889
2545,train,CN(C1CCN(Cc2ccc(cc2)C(F)(F)F)CC1)C(=O)Cc3ccc(cc3F)S(=O)(=O)C,2.7,2.9247326565597085,0.2247326565597083
300,train,Oc1ccc(CCNCCCS(=O)(=O)NCCOCCc2cccc(Cl)c2)c3sc(O)nc13,1.92,2.1576333791684537,0.23763337916845373
2065,train,CN1C(=O)CN=C(c2ccccc2F)c3cc(ccc13)[N+](=O)[O-],2.1,2.2440794060522204,0.14407940605222036
3374,train,NC1(CCN(CC1)c2ncnc3[nH]ccc23)C(=O)NC(CCO)c4ccc(Cl)cc4,2.5,2.2235551407472873,-0.27644485925271267
3110,train,CC(C)C1NCCc2c1sc3ccccc23,2.8,2.6782303653911326,-0.12176963460886725
484,train,OC(=O)c1cc(nc2ccc(F)cc12)c3ccncc3,-0.8,-1.0748750615247777,-0.2748750615247777
943,train,CC(C)N1C(=O)N(CC2CC2)c3nn(Cc4ccnc5ccc(Cl)cc45)c(c6cncn6C)c3C1=O,4.02,4.181864107818417,0.16186410781841776
2421,train,C[C@@H](Oc1ccc(cc1C(=O)N2CCN(CC2)c3ncc(cc3F)C(F)(F)F)S(=O)(=O)C)C(F)(F)F,3.49,2.9868556332234553,-0.503144366776545
3748,train,CN(C)CCCC(NC(=O)C1(N)CCN(CC1)c2ncnc3[nH]ccc23)c4ccc(Cl)cc4,1.4,1.109595639515489,-0.290404360484511
3282,train,CCCN(CCO)CCCOc1cc2ncnc(Nc3cc(CC(=O)Nc4cccc(F)c4F)[nH]n3)c2cc1OC,1.28,1.5392884579336208,0.25928845793362076
3268,train,CCC(=C)C(=O)c1ccc(OCC(=O)O)c(Cl)c1Cl,0.02,-0.09095317606972841,-0.11095317606972842
3878,train,COCCOc1ccc(cc1)c2cc(C(=O)N)c(NC(=O)N)s2,2.34,2.4274965782231996,0.08749657822319978
1787,train,CC1=CN([C@H]2CCCN(Cc3cccc(Oc4cccc(Br)c4)c3)C2)C(=O)NC1=O,3.68,3.610862471878579,-0.06913752812142127
2527,train,CCN(C1CCN(CCC(c2ccccc2)c3ccccc3)CC1)C(=O)NCc4ccc(cc4)S(=O)(=O)C,2.86,2.7188348980517625,-0.1411651019482374
510,train,FC(F)(F)COc1ccc(OCC(F)(F)F)c(c1)C(=O)NCC2CCCCN2,1.13,1.2399789874226816,0.10997898742268175
2224,train,COC(=O)c1ccc(NC(=O)c2cc(OC)c(OC)c(OC)c2)cc1,3.2,3.149225093753988,-0.05077490624601211
516,train,COc1cccc2c(O)cc(nc12)c3ccccc3,2.3,2.5679023027659063,0.26790230276590643
3859,train,COc1cc2ncnc(Nc3cccc(Cl)c3F)c2cc1CN(C)C4(CCN(C)CC4)C(=O)N,2.16,2.0508924907129167,-0.10910750928708346
1640,train,O=C(NCC#N)[C@@H]1CCCC[C@H]1C(=O)N2CCc3ccccc3C2,1.91,1.7306157005153415,-0.1793842994846584
2542,train,COc1ccnc(CSc2nc3ccccc3[nH]2)c1,2.89,2.7867996900257324,-0.10320030997426777
1682,train,OC(=O)COc1ccc(cc1c2ccc(Cl)cc2)C(F)(F)F,0.9,0.7281327453508475,-0.17186725464915253
3815,train,C[C@H]1O[C@H]([C@H](O)[C@@H]1O)n2cnc3c(N)nc(OCC4CC45CC5)nc23,1.78,1.856747207309895,0.07674720730989493
195,train,Nc1nc(N)nc(n1)c2cccc(c2)C(F)(F)F,2.4,2.3770063154785475,-0.02299368452145245
1506,train,NC(=O)c1cc(cc(c1)[N+](=O)[O-])[N+](=O)[O-],0.81,0.7940338023621003,-0.01596619763789975
3676,train,CN(c1ccnc(Nc2cc(cc(c2)N3CCOCC3)N4CCCOCC4)n1)c5cc(CO)ccc5C,3.3,3.3742795736890594,0.07427957368905957
3395,train,CCOC(=O)C1=COc2ccccc2C1=O,1.81,1.8115086257812638,0.0015086257812637616
2410,train,Cc1sc2ncnc(N3CCN(CC3)c4ncccn4)c2c1C,3.66,3.537482896300743,-0.12251710369925695
2466,train,CN(C1CCN(Cc2ccc(nc2)C(F)(F)F)CC1)C(=O)Cc3ccc(cc3)n4cnnn4,1.8,1.9718939525034338,0.17189395250343376
109,train,Nc1nc(Nc2cccc(Br)c2)c3nc[nH]c3n1,3.04,3.0613282374315025,0.021328237431502473
2447,train,OC(=O)COc1ccc(Cl)cc1CN2CCN(CC2)S(=O)(=O)c3ccc(F)cc3,0.99,0.9278918511890504,-0.062108148810949615
3315,train,Nc1ncnc2ccccc12,1.26,1.2068690768811978,-0.05313092311880219
1951,train,COc1cc2ncc(C(=O)N)c(Nc3cccc(F)c3F)c2cc1OC,2.82,2.875230048417726,0.05523004841772616
825,train,Oc1cc(O)cc(\C=C\c2ccc(O)c(O)c2)c1,2.11,2.3033718238987286,0.19337182389872876
2128,train,O=C(NC1(CC1)C#N)[C@@H]2CCCC[C@H]2C(=O)N3CCN(CC3)c4nc5ccncc5s4,1.6,1.32789626074931,-0.27210373925069
699,train,C[C@H](Nc1ccc2ncn(c3cc([nH]n3)C4CC4)c2n1)c5ncc(F)cn5,2.74,2.9328974452725687,0.19289744527256847
9,train,Oc1ncnc2scc(c3ccsc3)c12,2.25,2.5188007018390857,0.26880070183908567
3511,train,NC(=O)c1nnn(c1N)c2ccccc2,0.74,0.9502849912816027,0.21028499128160272
1950,train,CC1(C)COCc2sc(nc12)N3CCN(CC3)C(=O)[C@@H]4CCCC[C@H]4C(=O)NC5(CC5)C#N,2.4,2.467092104695842,0.06709210469584193
659,train,Nc1nc(N)c2cc(NCc3ccc(Cl)c(Cl)c3)ccc2n1,2.22,1.904185613198572,-0.31581438680142826
3446,train,COc1ccc(cc1)c2nc(nc(O)c2C#N)N3CCOCC3,0.2,0.10695114558934771,-0.0930488544106523
1601,train,NCc1ccc(NC(=O)c2cc(Nc3ncccn3)c4cc(ccc4c2)\C(=N\O)\N)cc1,-0.85,-0.8419429249703128,0.008057075029687222
1214,train,Fc1ccc(cc1)C(NC(=O)CC2CCN(Cc3ccn(c3)c4ccc(cc4)C(F)(F)F)CC2)C5=CNC(=O)C(=C5)Cl,3.12,2.8429583134089724,-0.2770416865910277
1862,train,CC[C@H]1[C@@H](Cc2cncn2C)COC1=O,-0.37,-0.395211397686813,-0.02521139768681302
1267,train,Cc1nccc(c1Cl)c2ccc(cc2)c3nc4ccncc4c(O)c3C#N,2.0,2.1031654670498905,0.10316546704989049
534,train,CCc1ccccc1c2ccc(cc2)c3nc4ccncc4c(O)c3C#N,3.5,3.842151614726464,0.3421516147264638
1225,train,NC1(CCC1)c2ccc(cc2)C3=NN4C=CC(=O)N=C4C=C3c5ccccc5,0.2,0.41980463838691295,0.21980463838691294
1444,train,CC(C)n1c(C)ncc1c2ccnc(Nc3ccc(cc3)N4CCN(CC4)C(=O)C)n2,2.39,2.4486357440234863,0.05863574402348615
2691,train,Oc1ccc(cc1)C2=CC(=O)c3ccccc3N2,2.34,2.6751033646141016,0.33510336461410173
4126,train,O=C(CN1CCOCC1)Nc2ccc(cc2OCC3CC3)c4cccc5C(=O)C=C(Oc45)N6CCOCC6,3.3,3.1120904453255185,-0.18790955467448134
1149,train,CC(NCC(O)c1ccc(cc1)[N+](=O)[O-])C23CC4CC(CC(C4)C2)C3,3.53,3.564546354199993,0.03454635419999308
2212,train,CC(C)[C@H](NC(=O)CCc1ccccc1)C(=O)N2CCCC2,2.49,2.2509812161426423,-0.23901878385735786
4164,train,COc1cc(Nc2nc3c(cc2F)ncn3[C@@H](CO)c4ccc(F)cn4)n[nH]1,2.18,2.11578369681858,-0.06421630318142002
2558,train,O[C@]1(CN2CCC1CC2)C#Cc3ccc(Oc4ccc(cc4)C(=O)NCc5ccncc5)cc3,2.42,2.1993275784383113,-0.22067242156168865
507,train,NS(=O)(=O)c1ccc(NCc2ccccc2)cc1,1.7,1.912733562220684,0.21273356222068407
2924,train,Clc1ccc2nc(ccc2c1C(=O)NCC34CC5CC(CC(C5)C3)C4)N6CCC[C@@H](C6)NCCc7nnn[nH]7,3.08,3.115021004328539,0.03502100432853883
754,train,Fc1cccc2[nH]c3CCN(Cc3c12)C(=O)[C@@H]4CCCC[C@H]4C(=O)NC5(CC5)C#N,3.2,3.2174021434910927,0.01740214349109248
2791,train,Clc1ccccc1N2CCN(CC2)C(=O)NC3CCCCC3,3.78,3.6914374598176725,-0.08856254018232734
932,train,CCN(C1CCN(CCC(c2ccccc2)c3ccc(NC(=O)C)cc3)CC1)C(=O)Cc4ccc(cc4)S(=O)(=O)C,2.09,1.6771266363691404,-0.41287336363085947
4146,train,COc1cc(OC)c(cc1NC(=O)C)S(=O)(=O)NCc2ccccc2N3CCC(CO)CC3,1.03,0.8659621890469185,-0.16403781095308156
1928,train,C1CNCC(C1)c2nc3ccccc3s2,1.0,0.932770077361873,-0.067229922638127
1359,train,C[C@H](Oc1ncc(Cl)c(Nc2cc(C)[nH]n2)n1)c3ncc(F)cn3,1.82,1.9735194048402578,0.15351940484025772
3109,train,COc1ccc2[nH]c(cc2c1)C(=O)N3CCN(C)CC3,1.62,1.5855586373528867,-0.034441362647113394
636,train,Cc1cccc(C(=O)N)c1NC(=O)c2ccccc2,1.09,1.017070593430064,-0.07292940656993618
592,train,O=C(Nc1ccccc1)c2oc3ccccc3c2,3.44,3.1012004897956755,-0.3387995102043244
1562,train,COc1ccc2C=CC(=O)N(CCN3CCC(CC3)NCc4cc5OCCOc5cn4)c2c1,1.31,1.1971261400171676,-0.1128738599828325
92,train,CN(C)C(=O)c1ccc(CN2CCc3cc4nc(N)sc4cc3CC2)cc1,1.72,1.6064831909643849,-0.11351680903561512
688,train,C[C@]12CC[C@H]3[C@@H](CCc4cc(O)ccc34)[C@@H]1CC[C@@H]2O,3.72,3.9143451349016942,0.19434513490169403
2841,train,CCN1CCC[C@H](C1)C(=O)N2CCN(CC2)C(=O)Nc3ccc(Cl)c(Cl)c3,1.6,1.9524758359105991,0.35247583591059906
2484,train,NC(=O)c1sc2nccc(Nc3ccccc3)c2c1N,2.91,3.0832847124425036,0.17328471244250343
1946,train,CC(C(=O)O)c1cccc(c1)C(=O)c2ccccc2,-0.12,-0.22833804668968627,-0.10833804668968627
1910,train,OCCCN1C(=O)C(Cc2ccccc12)NC(=O)c3cc4cc(Cl)sc4[nH]3,3.49,3.4108508853412642,-0.07914911465873598
3405,train,Cc1cc(C)cc(c1)c2oc(SCC(=O)N3CCN(CC3)C(=O)c4occc4)nn2,3.0,3.1884108602993058,0.18841086029930576
1368,train,[O-][N+](=O)c1ccc(cc1)C2=Nc3ccccc3C(=O)N2,2.5,2.452704155607713,-0.047295844392286845
90,train,COc1ccnc(CCc2nc3c(C)ccnc3[nH]2)c1,2.1,2.3317893461396006,0.23178934613960056
900,train,CC(C)n1c(C)ncc1c2ccnc(Nc3ccc(cc3)S(=O)(=O)CC4CCCO4)n2,2.82,3.055917947006365,0.23591794700636504
1502,train,Nc1ccccc1NC(=O)c2ccc(cc2)C3CCN(Cc4ccccc4)CC3,2.51,2.4649713243359876,-0.04502867566401214
1350,train,COc1cc2ncnc(Nc3ccc(F)c(Cl)c3)c2cc1OCCN4CCN(C)CC4,3.3,2.9509618210326494,-0.34903817896735045
2110,train,CCOC(=O)c1ccc(OC(=O)CCCCCN=C(N)N)cc1,2.41,2.603907761461758,0.19390776146175792
1081,train,OC(=O)CCc1ccc(OCc2cc(Cl)ccc2c3ccccc3)cc1,3.22,3.1675122592881433,-0.05248774071185691
1576,train,Cc1cc(C)cc(c1)c2[nH]c3ccccc3c2CCNCCCCc4ccncc4,3.3,3.104858224844117,-0.1951417751558826
751,train,COc1cc(ccc1Cn2ncc3ccc(NC(=O)OC4CCCC4)cc23)C(=O)NS(=O)(=O)c5ccccc5,1.8,2.0824531891742417,0.28245318917424167
1803,train,NS(=O)(=O)c1cc2c(NCNS2(=O)=O)cc1Cl,-0.09,-0.05063189339614338,0.03936810660385662
99,train,CCN(CCN(C)C)S(=O)(=O)c1ccc(cc1)c2cnc(N)c(n2)C(=O)Nc3cccnc3,2.0,1.8446864012942632,-0.1553135987057368
2435,train,COCC1=C(N2[C@H](SC1)[C@H](NC(=O)\C(=N/OC)\c3csc(N)n3)C2=O)C(=O)OC(C)OC(=O)OC(C)C,1.7,1.7974604688412996,0.09746046884129966
425,train,NC(=O)Nc1sc(cc1C(=O)N)c2ccc(OCCN3CCCCC3)cc2,1.2,1.4179279880401432,0.21792798804014324
3093,train,COCCN1CCC(Cc2ccc(cc2)C(=O)NCc3cnc(nc3NCC(C)(C)C)C#N)CC1,3.5,3.3373979810865793,-0.16260201891342074
3247,train,COc1cc(N2CCN(C)CC2)c3NC(=CC(=O)c3c1)C(=O)Nc4ccc(cc4)N5CCOCC5,2.7,2.5241057440456864,-0.17589425595431374
3829,train,CCC(CC)NC(=O)c1c(C)nn(C(C)C)c1NS(=O)(=O)c2ccc(C)cc2,0.92,1.013265985355345,0.09326598535534492
1919,train,CC1=CN([C@H]2CCCN(C2)[C@H](CC(C)(C)C)c3ccc(C(=O)O)c(Oc4cccc(Br)c4)c3)C(=O)NC1=O,1.09,1.092704738257574,0.002704738257574002
2670,train,COc1cc(O)c2C(=O)O[C@@H](C)C\C=C/C(=O)[C@@H](O)[C@@H](O)C\C=C\c2c1,1.64,2.0006606127042255,0.36066061270422556
3136,train,NC1(CCN(CC1)c2ncnc3[nH]ccc23)C(=O)NC(CS(=O)(=O)N)c4ccc(Cl)cc4,2.2,1.6436278681677767,-0.5563721318322234
3435,train,CC(C)[C@@H]1N=C(c2ccccc2)c3ccccc3NC1=O,3.05,3.2133045801632756,0.16330458016327576
705,train,COc1c(Nc2ccc(nc2C)S(=O)(=O)C)ncnc1OC3CCN(CC3)C(=O)OC(C)C,2.4,2.861981857018585,0.4619818570185852
1307,train,C[C@H](Oc1ccc(SCCCCCc2ccccc2)cc1)C(=O)c3nc(C)c(CCCC(=O)O)s3,2.03,3.0327262432447526,1.0027262432447528
2615,train,CC1CN(Cc2cc(Cl)ccc2OCC(=O)O)CCN1S(=O)(=O)c3ccccc3,0.31,0.1121106088051449,-0.1978893911948551
1232,train,CC(C)Oc1cc(Nc2nc3c(cc2F)ncn3[C@@H](CO)c4ccc(F)cn4)n[nH]1,2.97,2.9695374845866045,-0.00046251541339570323
930,train,CN1CC(C1)n2nccc2c3cc(Cl)ccc3Oc4cc(F)c(cc4F)S(=O)(=O)Nc5ncns5,1.0,1.0059449796622681,0.005944979662268146
3445,train,OCC(=O)N1CCC[C@H]1COc2cccc3ncnc(Nc4ccc(OCc5ccccn5)c(Cl)c4)c23,3.62,3.298510202154536,-0.32148979784546405
2170,train,COc1cc(ccc1Nc2ncc(Cl)c(n2)c3cnc4ccccn34)N5CCNCC5,2.4,2.381967413839839,-0.018032586160161124
144,train,Oc1ccc2C(=O)C=C(Oc2c1)N3CCOCC3,1.0,1.3666397547260232,0.36663975472602317
2968,train,OC1CCN(CC1)C(=O)CN2C(=O)C(Cc3ccccc23)NC(=O)c4cc5cc(Cl)sc5[nH]4,2.86,2.7147780249505105,-0.14522197504948942
3162,train,CN(C)C(=O)[C@H](O)[C@H](Cc1ccccc1)NC(=O)c2cc3cc(Cl)ccc3[nH]2,3.6,3.542062487842555,-0.05793751215744525
333,train,O=C1CCOc2nc(\C=C\c3ccccc3)ccc12,3.2,3.157378667492742,-0.04262133250725819
2100,train,COc1ccccc1N2CCN(CC3=C(Br)C(=O)N(N3C)c4ccccc4)CC2,2.5,2.5609590116494623,0.06095901164946227
4141,train,Oc1cc(ccc1NC(=O)CN2CCOCC2)c3cccc4C(=O)C=C(Oc34)N5CCOCC5,2.4,2.4049234413907836,0.004923441390783712
1175,train,C[S+]([O-])c1ccc(cc1)c2nc(c3ccc(F)cc3)c([nH]2)c4ccncc4,3.34,3.4092017090207536,0.06920170902075373
3451,train,Cc1ccc(Oc2ccc(OCC(=O)Nc3ccncc3)cc2)cc1,4.3,4.073726308068903,-0.22627369193109725
41,train,CC(C)N(CCC(C(=O)N)(c1ccccc1)c2ccccn2)C(C)C,-0.54,-0.7221074758827193,-0.18210747588271925
812,train,C[C@H](NC(=O)c1c(C)nn(C2CCN(C)CC2)c1NS(=O)(=O)c3ccc(C)cc3)C(C)(C)C,0.8,0.6453118869560981,-0.15468811304390195
1575,train,[O-][N+](=O)c1ccc2[nH]ncc2c1,2.2,2.4666568055406244,0.2666568055406242
2262,train,Clc1ccc(OC2CCN(CC2)C3CCN(CC3)C(=O)C4=CNC(=O)c5ccccc45)cc1Cl,3.51,3.139229388627407,-0.3707706113725928
3272,train,COc1cc(Nc2cc(Nc3c(Cl)ccc4OCOc34)ncn2)cc(OC)c1OC,3.07,2.687281820021561,-0.38271817997843893
3774,train,Cc1ccccc1CN2CCC(CC2)N3CCC(CC3)N4C(=O)Nc5ccccc45,2.68,2.265255505781655,-0.41474449421834514
1339,train,O[C@@H](CNCCc1ccc(CNCCc2ccccc2)cc1)c3ccc(O)c4NC(=O)Sc34,1.11,0.8594225651074439,-0.25057743489255624
2821,train,CC(C)(C)OC(=O)N1CCN(CC1)c2ccc(OCc3ccc(cc3)S(=O)(=O)C)nn2,2.8,2.897046767597556,0.09704676759755637
4035,train,FC(F)(F)Oc1ccccc1S(=O)(=O)NCC(N2CCCCCC2)c3ccccc3,4.09,4.126990245988091,0.03699024598809153
3975,train,Cc1oc(CN2CCNCC2)cc1C(=O)NCC34CC5CC(CC(C5)C3)C4,1.03,0.9345943798165057,-0.0954056201834943
3756,train,O=C(C1CC1)c2ccc(OCCCc3c[nH]cn3)cc2,2.68,2.513934769003264,-0.1660652309967361
2729,train,Nc1nc(OC2CCCC2)nc3c1ncn3[C@@H]4O[C@H](CO)[C@H](Cl)[C@H]4O,2.16,2.1151918193710317,-0.04480818062896841
1585,train,COC(=O)[C@@H]1C2CCC(C[C@@H]1c3ccc(I)cc3)N2CCCF,2.3,2.065587952953224,-0.23441204704677565
1124,train,CC(C)C[C@@H](N1CCC[C@@H](C1)N2C=C(C)C(=O)NC2=O)c3ccc(C(=O)O)c(Oc4cccc(Cl)c4)c3,0.91,0.8550543326930211,-0.05494566730697892
786,train,C[C@H](Nc1ncc(C)c(Nc2cc(C)[nH]n2)n1)c3ncc(F)cn3,1.75,1.7197581677632032,-0.030241832236796773
2267,train,OC(=O)[C@H](Cc1ccc(F)cc1)N2CCC(CN3CCC(CC3)Oc4ccc(Cl)cc4Cl)CC2,2.6,2.810463932407864,0.2104639324078641
4065,train,Cc1cccc(Nc2ncnc3ccccc23)c1,3.21,3.4200695940566823,0.21006959405668235
1960,train,CCCC1CCCCC(=N1)N,1.1,1.1268892014783374,0.026889201478337288
829,train,Cc1cccc2c3CN(CCc3[nH]c12)C(=O)[C@@H]4CCCC[C@H]4C(=O)NC5(CC5)C#N,2.99,3.1355258591013646,0.1455258591013644
4142,train,CCCSc1c(cnn1c2ccc(cc2)C(=O)O)C(=O)NC3CCCCC3,0.64,0.5112746861068851,-0.12872531389311492
3496,train,NC1(CCN(CC1)c2ncnc3[nH]ccc23)C(=O)NC(Cc4ccccc4)c5ccc(Cl)cc5,4.1,3.6787968899643446,-0.421203110035655
619,train,OC(=O)c1cccc(CN2CCC(CN3CCC(CC3)Oc4ccc(Cl)c(Cl)c4)CC2)c1,1.26,1.552307389381319,0.29230738938131906
3535,train,CC(O)C(C)OC(=O)[C@@H]1CC2C(Cc3cn(C(C)C)c4cccc2c34)N(C)C1,2.8,2.480859779446858,-0.31914022055314195
1899,train,Oc1ccc(CCNCCS(=O)(=O)CCCOCCc2ccccc2)c3sc(O)nc13,2.61,2.683130841785019,0.07313084178501894
1885,train,CN1CCN(CC1)c2cc(Nc3cc(C)[nH]n3)nc(Sc4ccc(NC(=O)C5CC5)cc4)n2,3.47,3.333532121999433,-0.13646787800056703
377,train,CCNC(=O)C[C@@H]1N=C(c2ccc(Cl)cc2)c3cc(OC)ccc3n4c(C)nnc14,2.46,2.7790048516766626,0.3190048516766626
291,train,C[C@]1(CCCN1c2nc(Nc3cc([nH]n3)C4CC4)c5cccn5n2)C(=O)Nc6ccc(F)nc6,3.16,2.7512990848918157,-0.4087009151081844
1777,train,COc1cc(F)ccc1c2cncc(CNC[C@@H]3CCCO3)n2,2.0,2.184035224362994,0.18403522436299413
3611,train,Cc1cc(CNc2nccc(Nc3cc(CCc4ccccc4)[nH]n3)n2)on1,3.56,3.3540586159210157,-0.20594138407898432
2608,train,COc1cc(OC)c(cc1NC(=O)C)S(=O)(=O)N(C)c2ccccc2,1.1,1.2242563126341781,0.12425631263417802
570,train,CN(C)CC(O)COc1ccc(Nc2nccc(Nc3ccccc3C#N)n2)cc1,1.2,1.0280427921033535,-0.17195720789664648
810,train,COc1cc(OC)nc(n1)N2N=CC(=C(Cl)C2=O)Cl,1.4,1.6847099358636721,0.2847099358636722
4147,train,COCCNCc1ccc(cc1)c2cc(C(=O)N)c(NC(=O)N)s2,0.87,0.9662184500706179,0.09621845007061791
551,train,CN(C)CC(O)COc1ccc(Nc2cc(ncn2)N(CC#N)c3ccc(C)cc3Br)cc1,2.24,2.0388729770097997,-0.20112702299020047
1377,train,CN(C)CC\C=C\1/c2ccccc2Sc3ccc(Cl)cc13,3.42,3.4046596445076824,-0.015340355492317492
2393,train,C[C@@H](C(=O)NCCN1CCCC1)c2ccc(OS(=O)(=O)C(F)(F)F)cc2,1.64,1.8455316221312397,0.20553162213123977
2836,train,CS(=O)(=O)c1cccc(Nc2nccc(Nc3cccc4ocnc34)n2)c1,2.9,2.8362855475974147,-0.06371445240258522
3705,train,Cn1c(ccc1c2ccc3NC(=O)OC(C)(C)c3c2)C#N,2.85,3.17088048984475,0.3208804898447499
1782,train,Clc1ccc2C(=O)C3=C(Nc2c1)C(=O)NN(Cc4cocc4)C3=O,0.6,0.5853163765021534,-0.014683623497846576
3627,train,CCOc1ccc(cc1)c2cnc3CCCn23,2.65,2.3915108715410387,-0.2584891284589612
3221,train,OC(=O)Cc1ccc(cc1)c2ccc(NC(=O)c3oc(Nc4ccccc4F)nn3)cc2,1.5,1.2740587775517858,-0.22594122244821424
1421,train,O[C@@H]1CN(CCN2C(=O)C=Cc3ccc(cc23)C#N)CC[C@@H]1NCc4ccc5OCC(=O)Nc5n4,0.11,0.010671311794945293,-0.09932868820505471
2967,train,COc1ccccc1CN(C)Cc2cccc(CCNC[C@H](O)c3ccc(O)c4NC(=O)Sc34)c2,1.52,1.7607054760426735,0.24070547604267345
1844,train,CCN(C1CCN(CCC(N2CCC(CC2)C(=O)C)c3ccccc3)CC1)C(=O)Cc4ccc(cc4)S(=O)(=O)C,0.9,0.8457729351479828,-0.054227064852017226
1322,train,COc1ccccc1C[C@H](N2CCC(CN3CCC(CC3)Oc4ccc(Cl)c(Cl)c4)CC2)C(=O)O,2.77,2.7380133664639335,-0.03198663353606657
2052,train,Cc1nc(cs1)C(=O)N2CCOC3(CCN(Cc4ccc(Cl)cc4)CC3)C2,2.17,2.339762401929758,0.1697624019297579
3035,train,COc1cc(ccc1Nc2ncc(Cl)c(n2)c3cnc4c(CO)cccn34)N5CCN(CC5)C(=O)C,3.1,2.718972353375425,-0.3810276466245752
23,train,OC(=O)c1cccc(c1)N2CCC(CN3CCC(CC3)Oc4ccc(Cl)c(Cl)c4)CC2,2.17,2.1272728986090867,-0.04272710139091318
2784,train,CCCSc1nc(ccc1C(=O)N[C@@H]2C3CC4CC2C[C@@](O)(C4)C3)N5CCOCC5,3.2,2.980509898932473,-0.2194901010675272
2346,train,C[C@H](NC(=O)c1c(C)nn(C2CCS(=O)(=O)CC2)c1NS(=O)(=O)c3ccc(C)cc3)C(C)(C)C,0.25,0.26143108750864363,0.011431087508643634
3027,train,NC1CCc2cc(OC(=O)c3ccccc3)c(OC(=O)c4ccccc4)cc2C1,2.6,2.5146640298836154,-0.08533597011638472
49,train,COc1ccccc1Cn2c(C)nc3ccccc23,3.47,3.186491374346488,-0.283508625653512
2994,train,COc1cc(cc(OC)c1O)[C@H]2[C@@H]3C(COC3=O)C(O[C@@H]4O[C@@H]5CO[C@@H](C)O[C@H]5[C@H](O)[C@H]4O)c6cc7OCOc7cc26,0.91,1.0950982006481038,0.18509820064810378
1297,train,COc1c(cc2ccccc2c1C(=O)N(C)C[C@@H](CCN3CCC(CC3)N4CCCNC4=O)c5ccc(Cl)c(Cl)c5)C#N,3.0,2.765276501225878,-0.2347234987741218
467,train,COc1cc(N2CC[C@H](C2)N(C)C)c3NC(=CC(=O)c3c1)C(=O)Nc4ccc(cc4)N5CCOCC5,2.7,2.8596029884725653,0.15960298847256515
780,train,CCCC(=O)N1CCN(CC1)c2nnc(c3ccccc3)c4ccccc24,3.2,3.1084470165581486,-0.09155298344185159
1851,train,Nc1nc2nc(cc(n2n1)C(F)(F)F)c3cccs3,2.01,1.9512460708653223,-0.058753929134677474
1763,train,CN1CC(c2ccccc2)c3cccc(N)c3C1,2.08,1.7822138553254385,-0.29778614467456155
3830,train,Cc1ccc(cc1NC(=O)c2ccc(OCc3ccccn3)cc2)c4cc(n[nH]4)C(F)(F)F,2.44,2.368997098585983,-0.07100290141401677
2668,train,NC(=O)Nc1sc(cc1C(=O)N[C@H]2CCCNC2)c3ccsc3,1.06,1.24880466880836,0.18880466880836
2887,train,Cc1ccc(cc1NC(=O)c2ccc(OCc3ccccn3)cc2)c4ncc(C)n4C,2.67,2.598367384526073,-0.07163261547392707
27,train,C(CCCCNc1cc(nc2ccccc12)c3ccccc3)CCCNc4cc(nc5ccccc45)c6ccccc6,2.27,2.368855437647031,0.09885543764703097
1348,train,Nc1c(cnn1c2ccc(F)cc2)C(=O)c3cccc(OC[C@H](O)CO)c3,1.94,1.554654410276511,-0.385345589723489
1241,train,OCc1ccc(OC2CCN(CC3CCN(CC3)[C@@H](Cc4ccccc4)C(=O)O)CC2)cc1Cl,0.8,0.6142524475137248,-0.18574755248627528
1357,train,Cc1c[nH]c(\C=C\2/C(=O)Nc3ccccc23)c1CCC(=O)O,1.2,0.9893954162060004,-0.2106045837939996
1311,train,CN1C(=O)N(CC2CC2)c3nn(Cc4ccnc5ccc(Cl)cc45)c(c6oc(cc6Cl)S(=O)(=O)C)c3C1=O,3.97,3.3754969735064755,-0.5945030264935247
1974,train,CCOC(=O)[C@H](Cc1ccc(O)cc1)NC(=O)c2cccc3ccccc23,3.12,3.1490846190142205,0.029084619014220436
2223,train,CN(C)c1nc(nc(n1)N(C)C)N(C)C,2.44,2.380632274767021,-0.05936772523297895
1972,train,NC(=N)Nc1ccc(Cl)c(Cl)c1,-0.31,-0.3331678604229862,-0.023167860422986186
4117,train,NS(=O)(=O)c1ccc2NC(C3CC=CC3c2c1)c4cccc5ccccc45,1.9,2.072933185866005,0.17293318586600526
3037,train,CCN(CC)CC#CCOC(=O)C(O)(C1CCCCC1)c2ccccc2,3.65,3.5727505391039447,-0.07724946089605522
567,train,Nc1n[nH]c(Nc2ccccc2)n1,1.06,1.2230257567894451,0.1630257567894451
2588,train,Cc1onc(NS(=O)(=O)c2ccc(N)cc2)c1,-0.56,-0.6013334197314562,-0.0413334197314561
2850,train,O=C1NN=C(Cc2ccccc2)c3ccccc13,2.8,2.8442066262960406,0.044206626296040774
1190,train,CCC(CC)NC(=O)c1nnn(c1NS(=O)(=O)c2ccc(C)cc2)c3ccccc3,0.46,0.6975385835521684,0.23753858355216834
1487,train,Clc1cnc(OC2CCNCC2)cc1C(=O)NCC34CC5CC(CC(C5)C3)C4,1.56,1.3324471678381187,-0.22755283216188138
1010,train,COc1ccccc1CN[C@H]2CCCN[C@H]2c3ccccc3,1.5,1.6400709600500027,0.14007096005000275
1811,train,Cc1cc(CCCOc2c(C)cc(cc2C)c3noc(n3)C(F)(F)F)on1,3.63,3.809424882466947,0.1794248824669471
849,train,CN1CCN(CC1)S(=O)(=O)c2ccc(c3cnc(N)c(n3)C(=O)Nc4cccnc4)c(c2)C(F)(F)F,3.25,3.538648247135768,0.2886482471357681
3569,train,O=C(NCC#N)[C@@H]1CCCC[C@H]1C(=O)N2CCC=CC2,0.9,0.6133755228076399,-0.28662447719236017
3397,train,CC1CCCCC1NC(=O)c2c(C)nn(c2NS(=O)(=O)c3ccc(C)cc3)c4ccccc4,1.94,2.0381590288825553,0.09815902888255534
1716,train,Nc1c(nnc2c(cccc12)c3ncccn3)C(=O)NC4CC4,1.5,1.165222701882432,-0.33477729811756807
285,train,COc1ccc(cc1OC)N2CCN(CC2)C(=O)[C@@H]3CCCC[C@H]3C(=O)NC4(CC4)C#N,1.4,1.1401155380561432,-0.2598844619438567
4016,train,CC(C)NC(=O)c1cc2c(c(cnc2[nH]1)c3cncc(c3)C(=O)O)n4ccc(n4)C(F)(F)F,-0.62,-0.7846306689621714,-0.16463066896217138
3126,train,Oc1nc2ccccc2c(O)c1c3ccccc3,0.73,1.1042591091123586,0.3742591091123586
1141,train,COc1ncnc(NS(=O)(=O)c2ccc(N)cc2)c1OC,-0.73,-0.751688551687125,-0.021688551687125024
1197,train,NC(=O)c1cncc(c1)c2ccc(cc2)[C@@H]3CC[C@@H](CC(=O)O)CC3,0.22,0.036068483349086744,-0.18393151665091326
2171,train,CC(C)NC(=O)NS(=O)(=O)c1cnccc1Nc2cccc(C)c2,0.3,0.1899934278318378,-0.11000657216816218
3584,train,CC(C)CNc1nc(nc(N2CC(O)C2)c1N)C#N,2.0,1.9852867164213435,-0.014713283578656533
10,train,CS(=O)(=O)c1ccc(Oc2ccc(cc2)C#C[C@]3(O)CN4CCC3CC4)cc1,1.51,1.05412026686242,-0.4558797331375799
2777,train,O=C1C=C(OCc2ccccc2)C=CN1c3ccc4c(cnn4CCN5CCCC5)c3,2.0,1.999183309456438,-0.0008166905435620375
2589,train,Clc1ccc2C(=O)C3=C(Nc2c1)C(=O)NN(Cc4cc5ccccc5s4)C3=O,2.0,1.9841780874745871,-0.015821912525412873
1263,train,CN1C=C(C(=O)NC[C@@H](O)CN2CCC(CC2)Oc3ccc(Cl)c(Cl)c3)C(=CC1=O)C(F)(F)F,2.76,2.8557351883322086,0.09573518833220884
2596,train,COc1cc2c(Nc3ccc(F)c(Cl)c3)c(cnc2cc1OCCN(C)CCO)C(=O)N,3.2,3.2184914337966015,0.018491433796601342
3234,train,CCN1C(=O)C=Cc2cc(COc3cc(F)cc(c3)C4(CCOCC4)OC)ccc12,3.89,3.8705446221841937,-0.01945537781580642
1419,train,C[C@@H]1CN(CCN1c2ncc(OCC3CCN(CC3)S(=O)(=O)C)cn2)C(=O)OC(C)(C)C,3.5,3.324199897616618,-0.17580010238338195
1904,train,CCN(C1CCCCC1)C(=O)c2cnn(c2NS(=O)(=O)c3ccc(cc3)c4ocnc4)c5ccccc5,1.46,1.809811677984512,0.34981167798451196
832,train,CCN(CCO)CCCC(C)Nc1ccnc2cc(Cl)ccc12,0.77,0.5213289103932262,-0.24867108960677387
782,train,O=C1COc2ccc(CNC3CCN(CCN4C(=O)COc5ccc(cc45)C#N)CC3)nc2N1,0.23,0.2956327326448649,0.06563273264486488
3478,train,O=C1C=C(Nc2cc(Cc3ccccc3)ccc12)c4cccnc4,3.46,3.2560824454021686,-0.20391755459783134
3822,train,Cc1oc(CN2NC(=O)C3=C(C2=O)C(=O)c4ccc(Cl)cc4N3)cc1C,1.0,0.8249565053894077,-0.17504349461059232
1465,train,CCOc1ccc(cc1)N2C(=Nc3ccccc3C2=O)CC,3.27,3.206461361123473,-0.06353863887652711
3624,train,Clc1ccc(C2CCN(CC2)C(=O)COCc3ccncc3)c(Cl)c1,2.63,2.512902775712901,-0.1170972242870989
3944,train,OC(=O)c1[nH]c2ccccc2c1CC(=O)Nc3cccc(c3)C(F)(F)F,1.33,1.3960970344701011,0.06609703447010107
959,train,N(c1ccccc1)c2ccnc3ccccc23,2.78,2.7664658276625986,-0.013534172337401174
2148,train,C[S+]([O-])CCN1C(=O)C(Cc2ccccc12)NC(=O)c3cc4cc(Cl)sc4[nH]3,3.17,2.886742147447033,-0.28325785255296676
1977,train,NCCCCN(Cc1nc2ccccc2[nH]1)C3CCCc4cccnc34,0.83,0.6967426079540562,-0.13325739204594378
2711,train,C[C@H](Nc1nc(Nc2ncc(C#N)s2)cc(n1)N3CCOCC3)c4ccc(F)cn4,3.45,3.1320270747436227,-0.31797292525637744
2745,train,COc1ccc2C(=CC(=O)N(CCN3CCC(CC3)NCc4cc5OCCOc5cn4)c2c1)C,1.72,1.5493127037314856,-0.17068729626851442
2239,train,O=S(=O)(Nc1cccnc1)c2cccs2,0.54,0.3791847210823165,-0.16081527891768355
974,train,N#Cc1ccc(cc1)C(c2ccc(cc2)C#N)n3cncn3,1.7,1.7001444001958146,0.00014440019581463126
2771,train,CC(C)C(NC(=O)CN1C(=O)C(=CC=C1c2ccccc2)NC(=O)OCc3ccc(cc3)C(=O)O)C(=O)C(F)(F)F,0.84,0.5553157456407949,-0.2846842543592051
1687,train,COc1cc(CO)cc(c1)N(C)c2ccnc(Nc3cc(cc(c3)N4CCOCC4)N5CCOCC5)n2,3.0,3.033853635705879,0.03385363570587918
1679,train,COc1ccc2c(C)nc(NC(=N)N)nc2c1,-0.51,-0.4565984276202606,0.053401572379739415
1238,train,OC[C@H](Nc1ncc(Cl)c(Nc2cc([nH]n2)C3CC3)n1)c4ccc(F)cc4,3.75,3.7678294061968174,0.017829406196817388
2643,train,Clc1cccc(Cl)c1\C(=C\n2cncn2)\OC3CCCCCC3,4.1,4.0069875787609375,-0.09301242123906217
338,train,Cc1cc(Oc2ccc3OCOc3c2)nc(Oc4ccc(cc4)n5ccnc5)n1,3.47,3.7120393672510343,0.24203936725103414
1393,train,Cc1cc(Nc2ccnc(NCc3onc(c3)C4CC4)n2)n[nH]1,2.5,2.252281470175812,-0.24771852982418796
3218,train,Cc1c(Cl)ccc(OC2CCN(CC2)C3CCN(CC3)C(=O)c4cccc(c4)S(=O)(=O)C)c1Cl,3.33,3.291614502787185,-0.038385497212815256
2489,train,COC(=O)N1CCN([C@@H](CN2CCCC2)C1)C(=O)Cc3ccc(Cl)c(Cl)c3,1.97,1.7711935976124689,-0.1988064023875311
2474,train,CC1CN(CCN1Cc2cc(Cl)ccc2OCC(=O)O)S(=O)(=O)c3ccccc3,0.69,0.7659772441275614,0.07597724412756146
2192,train,COc1ccc(N(C(C(=O)NC[C@@H](C)O)c2ccccc2F)C(=O)c3ccoc3Cl)c(OC)c1,2.36,1.904941240051702,-0.4550587599482978
3528,train,NC(=N)Nc1ccc(cc1)C(=O)Oc2ccc(Cl)cc2,0.7,0.9049701694963064,0.20497016949630642
1614,train,CCc1cccc2c(cn(CC(=O)NCCOC)c12)C#N,1.95,2.0376568712278575,0.08765687122785759
1024,train,C[C@@H](NC(=O)c1cccnc1Oc2ccccc2)c3ccccc3,3.14,2.6973415080132357,-0.44265849198676444
760,train,OCC[C@@]1(CCCNC1)c2oc3ccccc3c2,0.12,-0.0669082715857181,-0.1869082715857181
1056,train,CCCc1c(O)c(ccc1OCc2ccc(cc2)C(=O)O)C(=O)C,2.1,2.201307632440389,0.10130763244038876
3434,train,CC(C)(C)c1ccc(cc1)c2n[nH]c(NC(=O)c3ccccc3Cl)c2Br,4.3,4.404976959415897,0.10497695941589757
3267,train,Nc1nc(N)c2cc(Br)ccc2n1,1.78,1.8044050180477873,0.024405018047787275
2127,train,OC(=O)CCCCn1nnc(n1)c2ccc(cc2)C(=O)N3CCC(CC3)N4CCC(CC4)Oc5ccc(Cl)c(Cl)c5,1.6,1.62017372682299,0.020173726822990012
2517,train,CN1CCN(CCCOc2ccc(cc2)c3onc(c3)c4ccc(F)cc4)CC1,3.81,3.611984400634372,-0.19801559936562807
490,train,CC(CCc1cccc(OCc2ccc3ccccc3n2)c1)CC(=O)O,2.4,1.97354190667933,-0.42645809332066986
1470,train,Nc1ccccc1NC(=O)c2ccc(CNc3nccc(n3)c4cccnc4)cc2,2.28,2.2012827941483772,-0.07871720585162256
2379,train,NCC[C@@H](Oc1cc(Cl)c(F)cc1C#N)c2ccccc2,0.77,0.5437088225676019,-0.22629117743239813
1040,train,CN(CCOc1ccc(CC2SC(=O)NC2=O)cc1)c3ccccn3,2.5,2.384698673407178,-0.11530132659282222
2408,train,C[C@@H](CO)Oc1cc(Oc2ccc(cc2)S(=O)(=O)C)cc(c1)C(=O)Nc3nccs3,2.63,3.083122023427102,0.45312202342710206
3575,train,C[C@H](CO)Nc1nc(SCc2cccc(F)c2F)nc3nc(N)sc13,3.29,3.260351180866827,-0.029648819133173188
3872,train,N(c1ccccc1)c2ncnc3ccccc23,2.94,2.843937323135769,-0.09606267686423076
1115,train,C[C@H](Nc1nc(Nc2ncc(C)s2)c(F)c(n1)N3CCOCC3)c4ncc(F)cn4,3.27,3.224514809472886,-0.04548519052711386
170,train,CCN1CCC[C@H]1CNC(=O)c2c(O)c(Cl)cc(Cl)c2OC,1.09,1.1583492167907143,0.06834921679071426
272,train,Oc1ccc2nc(sc2c1)c3ccccc3,3.99,3.9784505020204572,-0.011549497979542966
2906,train,CCC(N(CCCN)C(=O)c1ccc(C)cc1)C2=Nc3ccsc3C(=O)N2Cc4ccc(C)cc4,1.69,1.4997923385471683,-0.19020766145283163
3147,train,Oc1ccc(cc1)N2C(=O)c3ccc(O)cc3C2=O,1.8,1.644760975952246,-0.15523902404775414
2130,train,CCN1CCOC(C1)C(=O)N2CCN(CC2)C(=O)Nc3ccc(Cl)c(Cl)c3,2.1,2.407293718979074,0.3072937189790741
2372,train,CCC(N(CCCN)C(=O)c1ccc(C)cc1)C2=Nc3ccoc3C(=O)N2Cc4ccccc4,1.37,1.1918106736359164,-0.1781893263640837
3689,train,FC(F)(F)c1cc(NC(=O)c2cnc(Cl)nc2C(F)(F)F)cc(c1)C(F)(F)F,1.8,1.7154192668195203,-0.08458073318047976
1163,train,CCCSc1ncccc1C(=O)N(C)[C@H]2[C@@H]3CC4C[C@H]2C[C@@](O)(C4)C3,2.48,2.213744554584321,-0.26625544541567914
1858,train,NC(=O)N(c1ccc(C(=O)N)c(n1)c2ccc(F)cc2F)c3c(F)cccc3F,1.6,1.617341945861137,0.01734194586113702
1705,train,COc1ccc(cc1OC)S(=O)(=O)Nc2ccc(\C=C\C(=O)Nc3ccccc3N)cc2,2.56,2.572341527404239,0.012341527404239105
2104,train,OC1(C(=O)Nc2ccccc12)c3ccccc3,1.71,1.5491227680802742,-0.1608772319197258
3368,train,CC1=CC(=O)Oc2c(C)c3oc(C)cc3cc12,3.47,3.6827599454937454,0.21275994549374522
4132,train,COC(=O)Nc1nc2ccc(cc2[nH]1)C(=O)c3ccccc3,2.9,2.9113851119925225,0.011385111992522567
107,train,Oc1ccccc1OC(=O)c2cccc3ccccc23,4.4,4.2405959207413275,-0.15940407925867284
1900,train,COc1ccc(OC(F)(F)F)cc1CN[C@H]2CCCN[C@H]2c3ccccc3,2.9,2.9211934695388395,0.021193469538839604
2584,train,C[C@H]1O[C@H]([C@H](O)[C@@H]1O)n2cnc3c(N)nc(OCC4CC(F)(F)C4(F)F)nc23,1.42,1.4741314713198084,0.054131471319808444
2284,train,FC(F)(F)c1cc(CO[C@H]2CCCN[C@H]2c3ccccc3)cc(c1)C(F)(F)F,3.6,3.410658649182544,-0.18934135081745618
1735,train,OC1N=C(c2ccccc2Cl)c3cc(Cl)ccc3NC1=O,2.38,2.15735669820871,-0.22264330179128988
3334,train,CC(NC(=O)C)c1ccc(Nc2ncc3cc(ccc3n2)c4ccncc4)cc1,3.1,2.702619231693167,-0.3973807683068329
2317,train,Nc1ccc(cc1)S(=O)(=O)c2ccc(N)cc2,0.88,0.7770021388009787,-0.10299786119902132
337,train,CNCC[C@@H](Oc1ccc(cc1)C(F)(F)F)c2ccccc2,1.96,1.807316669754718,-0.1526833302452819
269,train,O=C1COC2(CCN(CC2)S(=O)(=O)c3ccc(cc3)c4ccc5cnccc5c4)CN1C6CC6,3.32,3.2353012421648244,-0.08469875783517544
3032,train,COc1cccc2c1c(NS(=O)(=O)c3ccc(Cl)s3)nn2Cc4cccc(CNC(=O)C(C)(C)O)c4,2.09,1.8533753822103054,-0.23662461778969446
461,train,C[C@@H]1CN(CCN1C(=O)[C@@H]2CCCC[C@H]2C(=O)NC3(CC3)C#N)c4ccc5c(C)nnc(C)c5c4,1.93,1.9418951728317115,0.011895172831711598
2122,train,C[C@@H]1C[C@H]2[C@@H]3CCC4=CC(=O)C=C[C@]4(C)[C@@]3(F)[C@@H](O)C[C@]2(C)[C@@]1(O)C(=O)CO,1.87,1.7214319307577162,-0.14856806924228394
2107,train,CC(C)Oc1cc(OCCN2CCOCC2)cc3ncnc(Nc4c(Cl)ccc5OCOc45)c13,3.68,3.9416058613198404,0.2616058613198402
2452,train,COc1cc(F)ccc1c2cncc(CNC3CCC3)n2,2.23,1.908442360862383,-0.3215576391376169
492,train,CC(C)CN1C(=O)N(C)C(=O)c2c1sc(Cc3ccccc3C(F)(F)F)c2C(=O)N(C)C,2.9,2.891289459992859,-0.008710540007140999
2619,train,COc1cccc(n1)N(C)c2ccnc(Nc3cc(cc(c3)N4CCOCC4)N5CCOCC5)n2,3.37,3.198549125000585,-0.17145087499941525
1192,train,CN1C(=O)N(C)c2[nH]c(nc2C1=O)c3cccnc3,0.7,0.7069002112965828,0.006900211296582803
3634,train,Oc1cccc2ccc(nc12)C#N,1.81,1.6577035593069893,-0.15229644069301074
1431,train,COc1ccc(cc1)S(=O)(=O)NC2=CC=C(N(CC(=O)NC(C(C)C)C(=O)C(F)(F)F)C2=O)c3ccccc3,2.5,2.335090933869306,-0.164909066130694
739,train,C[C@@H](NC(=O)C)c1ccc(Nc2ncc3cc(c(C)cc3n2)c4ccncc4)cc1,3.45,3.1392051614077032,-0.31079483859229695
3766,train,Cn1cc(cn1)c2cccc(C[C@H](NC(=O)c3cc(nn3C)C(C)(C)C)C(=O)NCC#N)c2,2.6,2.8192901889204194,0.2192901889204193
2059,train,CCN(C1CCN(CCC(C2CCN(Cc3ccccc3)CC2)c4ccccc4)CC1)C(=O)Cc5ccc(cc5)S(=O)(=O)C,2.41,2.1335685069981736,-0.27643149300182657
3343,train,COc1c(C)cnc(Cn2cnc3c(Cl)nc(N)nc23)c1C,1.67,1.8165169384646345,0.14651693846463454
1816,train,CN1C(C(=O)Nc2ncc(C)s2)C(=O)c3ccccc3S1(=O)=O,0.3,0.5592752066272131,0.2592752066272131
2275,train,Cc1nc2ncnn2c(O)c1CCOC(=O)c3c(F)cccc3F,0.16,0.22437710062470795,0.06437710062470794
4137,train,C[C@@](O)(C(=O)Nc1ccc(cc1Cl)S(=O)(=O)NCCN2CCOCC2)C(F)(F)F,2.14,2.1062058213683206,-0.03379417863167955
2032,train,CC(NC(=O)C1(N)CCN(CC1)c2ncnc3[nH]ccc23)c4cccnc4,1.2,0.9875854919232991,-0.21241450807670081
3921,train,COc1ccc(N(C(C(=O)NC2CCCC2)c3ccccc3F)C(=O)C)c(OC)c1,2.81,2.6452392544952303,-0.1647607455047697
2074,train,Clc1ccc(CNc2nc(nc3ncccc23)N4CCN(CC4)C(=O)[C@@H]5CCCN5)c(Cl)c1,2.41,2.015366786682622,-0.3946332133173782
2207,train,OC(=O)Cc1cccc(c1)N2CCC(CN3CCC(CC3)Oc4ccc(Cl)c(Cl)c4)CC2,1.58,1.6409923492527847,0.06099234925278463
2575,train,Cc1ccc2c(c1)c(c(C)n2CC(=O)O)c3ccnc4c(cccc34)C(F)(F)F,1.27,1.2007843783016268,-0.06921562169837325
1288,train,CS(=O)(=O)c1ccc2C(=CNC(=O)c2c1)C(=O)NC[C@@H](O)CN3CCC(CC3)Oc4ccc(Cl)c(Cl)c4,2.63,2.4870065198383124,-0.14299348016168745
3952,train,COc1cc(OC)c(cc1NC(=O)\C=C\C(=O)O)S(=O)(=O)N2c3ccccc3Oc4ccccc24,-0.71,-0.8098813269443337,-0.09988132694433371
2290,train,COc1cc(ccc1Nc2ncc(Cl)c(n2)c3cnc4ccccn34)N5CC6CNCC(C5)O6,2.3,2.139239707325718,-0.16076029267428193
2775,train,Clc1ccc(cc1Cl)[C@]23CNC[C@H]2C3,1.96,1.7949489257137845,-0.16505107428621546
3,train,OC[C@H](O)CN1C(=O)C(Cc2ccccc12)NC(=O)c3cc4cc(Cl)sc4[nH]3,3.37,3.0310189072187805,-0.3389810927812196
3727,train,NC1(CCN(CC1)c2ncnc3[nH]ccc23)C(=O)N[C@@H](CCN4CCCCC4)c5ccc(Cl)cc5,2.4,2.2939310443178327,-0.10606895568216723
1025,train,CC1=CN([C@H]2CCCN(C2)S(=O)(=O)c3ccc(O)c(Oc4ccc(Cl)cc4)c3)C(=O)NC1=O,2.12,1.9839067713702452,-0.13609322862975493
3149,train,CN1CC=CCC(C1)c2ccc(Cl)c(Cl)c2,3.32,3.040658177463187,-0.27934182253681294
877,train,CNc1c(Br)cnc2[nH]c(nc12)c3ccc(cc3)S(=O)(=O)C,2.88,2.969536765678008,0.08953676567800795
470,train,O=C(N1CCCC1)c2ccc(cc2)C(=C3CCN(Cc4cscn4)CC3)c5cccc6cccnc56,2.75,2.8929636543325294,0.14296365433252944
71,train,COCCNCc1ccc(CCNC[C@H](O)c2ccc(O)c3NC(=O)Sc23)cc1,-0.54,-0.06226052750895272,0.4777394724910473
2623,train,CC(C)(C)Cn1c(CN2C(=O)CC3(CCNCC3)C2=O)cc4cnc(nc14)C#N,0.75,0.778177698138075,0.028177698138075025
3386,train,CN1CCN(CC1)C(=O)c2cccc(CC3=NNC(=O)c4ccccc34)c2,0.92,0.7399369369429367,-0.18006306305706332
3972,valid,C[C@@H]1CN(CCN1c2ncc(OCc3ccncc3C#N)cn2)c4noc(n4)C(F)(F)F,3.95,3.2035501407617,-0.7464498592383002
505,valid,O[C@@H](CNCCc1cccc(CN2CCC(CC2)c3ccccc3)c1)c4ccc(O)c5NC(=O)Sc45,1.99,2.089441915313988,0.09944191531398805
211,valid,CN(C1CCN(C)CC1)c2nccc(Nc3cc(NC(=O)c4ccnc(c4)N5CCOCC5)ccc3C)n2,1.8,1.6811556517622757,-0.11884434823772438
4128,valid,CC(O)(C(=O)Nc1ccc(cc1)S(=O)(=O)c2cccnc2)C(F)(F)F,2.08,2.4340422949130303,0.3540422949130302
3119,valid,C[C@@H]1N[S@@](=O)(=NC1=O)c2cccc(c2)c3cccc(c3)C#N,0.4,1.9465692828812557,1.5465692828812556
3502,valid,CN(C)C(=O)N[C@@H]1CC[C@@H](CN2[C@@H]3CC[C@H]2C[C@H](C3)Oc4cccc(c4)C(=O)N)CC1,-0.07,0.11740120094895534,0.18740120094895535
2667,valid,Nc1ncnc(Nc2ccccc2)n1,1.4,1.3098264212838953,-0.09017357871610465
3866,valid,CC[C@H](NC(=O)c1c([S+](C)[O-])c(nc2c(F)cccc12)c3ccccc3)c4ccccc4,2.84,3.1700308836653344,0.3300308836653345
4047,valid,CNc1cccc(CCCc2ccc(C[C@H](NC(=O)c3c(Cl)cccc3Cl)C(=O)O)cc2)n1,0.57,0.44691525669009713,-0.12308474330990282
1835,valid,CCN(C)C(=O)c1ccc(cc1)C(=C2CCN(Cc3ccc(F)cc3)CC2)c4ccccc4NC(=O)C,2.79,2.3987349683552988,-0.3912650316447013
2329,valid,O=C1CCOc2nc(ccc12)C#CC3CCCCC3,3.3,3.227546015679425,-0.0724539843205747
3717,valid,COc1ccc(OC)c(c1)c2c(F)ccc3c(N)c(nnc23)C(=O)NC4CC4,3.47,3.6270570382698653,0.15705703826986506
513,valid,CC(=O)Nc1ccc2ccn(c3cc(Nc4ccn(C)n4)n5ncc(C#N)c5n3)c2c1,3.57,2.1402853419067007,-1.4297146580932991
1948,valid,CCCC[C@H](NC(=O)[C@H](CC(C)C)NC(=O)[C@H](CC(C)C)NC(=O)C)C=O,2.6,1.8788568457973935,-0.7211431542026066
3787,valid,CNC1=Nc2ncccc2C(=NC1c3cccs3)c4ccccc4,2.68,2.5249805839168413,-0.15501941608315883
2402,valid,NS(=O)(=O)c1ccc(Nc2nccc(n2)c3ccccc3)cc1,2.86,2.934929943656765,0.0749299436567652
1172,valid,CCc1nc2cc(O)ccc2c(Oc3ccc(\C=C\C(=O)O)cc3)c1c4ccccc4,3.0,3.021114647265682,0.021114647265681796
3832,valid,CS(=O)(=O)c1cccc(Nc2nccc(n2)N(CC#N)c3c(Cl)ccc4OCOc34)c1,3.16,2.967960774252627,-0.1920392257473731
1776,valid,Fc1ccc(N2CCN(CC2)C(=O)COCc3ccncc3)c(Cl)c1,2.63,2.7075858836233673,0.07758588362336738
2535,valid,Cc1oc(cc1C(=O)Nc2cccc(c2)C(=O)O)c3ccccc3,1.63,1.220338907800659,-0.4096610921993409
4116,valid,CC1(C)NC(=O)N(C1=O)c2ccc(c(c2)C(F)(F)F)[N+](=O)[O-],1.74,2.283793714197729,0.5437937141977291
894,valid,O=S(=O)(Nc1nc(nn1Cc2ccccc2)c3ccccc3)c4ccccc4,1.25,1.8937000257815795,0.6437000257815795
801,valid,CCC(CC)C[C@@H](N1CCC[C@@H](C1)N2C=C(C)C(=O)NC2=O)c3ccc(C(=O)O)c(Oc4cccc(Cl)c4)c3,1.68,0.8750540822859034,-0.8049459177140965
363,valid,CCN1CCC[C@H]1CNC(=O)c2c(OC)ccc(Br)c2OC,0.05,1.0686435145484217,1.0186435145484216
1125,valid,COc1ccc(Cl)c(Nc2ncnc3cc(OC)cc(OC4CCN(C)CC4)c23)c1,3.6,2.1720953567460186,-1.4279046432539815
1935,valid,C[C@H](CO)Nc1nc(SCc2cccc(Cl)c2)nc3nc(N)sc13,3.31,3.0696056072305837,-0.24039439276941632
3725,valid,CCCCCCCN(CCc1ccc(OC(C)(C)C(=O)O)cc1)C(=O)Nc2ccc(F)cc2F,1.93,2.307752349650152,0.37775234965015225
3656,valid,CN1C(=O)C=C(CCc2ccc3cc[nH]c3c2)N=C1N,2.1,1.9783035977686505,-0.12169640223134959
1712,valid,CC(C)C(NC(=O)CN1C(=O)C(=CC=C1c2ccccc2)NC(=O)Cc3cccc(c3)C(=O)O)C(=O)C(F)(F)F,0.68,0.8864874608238866,0.20648746082388658
3485,valid,Cc1cc(Cl)ccc1OC2CCN(C[C@H](O)CNC(=O)C3=CNC(=O)C=C3C(F)(F)F)CC2,2.37,2.6109350929931394,0.2409350929931393
864,valid,C[C@@H](NC(=O)c1c(C)nn(c1NS(=O)(=O)c2ccc(C)cc2)c3ccccc3)C(C)(C)C,1.2,0.8554347791223211,-0.3445652208776788
3800,valid,CNC(=O)c1[nH]cnc1C(=O)Nc2ccc(OC)cc2,2.2,1.049477267582392,-1.1505227324176082
3824,valid,Cc1ccsc1C(=CCCN2CCC[C@H](C2)C(=O)O)c3sccc3C,1.49,0.4986388610502941,-0.9913611389497059
3309,valid,Fc1ccc(cc1F)S(=O)(=O)NCC(N2CCCCCC2)c3ccccc3,2.84,3.306904897836576,0.4669048978365762
3058,valid,CN(C(=O)C)c1ccc2ccn(c3cc(NC4CC4)n5ncc(C#N)c5n3)c2c1,2.9,2.494296774216171,-0.4057032257838289
4191,valid,CCOC(=O)c1ccc(OCC2CN(C2)c3ccc(C)nn3)cc1,3.1,3.359846620922786,0.2598466209227861
3166,valid,CCc1nc2c(N)nc3ccccc3c2n1CC(C)C,2.55,3.4201877826299567,0.8701877826299569
1880,valid,CC(=O)Nc1ccc(cc1)S(=O)(=O)Nc2ccccn2,0.24,0.45782253791711724,0.21782253791711725
2332,valid,CNCc1ccc(cc1)c2[nH]c3cc(F)cc4C(=O)NCCc2c34,1.17,1.7272571752247883,0.5572571752247883
3599,valid,CC(C)(C)C(=O)NCc1ccc(NC(=O)N2CCCC(O)(C2)c3ccc(Cl)c(Cl)c3)cc1,3.93,3.1428148733618944,-0.7871851266381058
365,valid,COc1ccc(cc1C(=O)N)c2ccc3c(nc(nc3n2)N4CCOC[C@@H]4C)N5CCOC[C@@H]5C,2.82,2.400550985388356,-0.41944901461164363
1665,valid,O[C@@H](CNCCSCCCNCCc1cccc(Cl)c1Cl)c2ccc(O)c3NC(=O)Sc23,2.2,2.021034302603609,-0.17896569739639112
1539,valid,Clc1ccc(COC(Cn2ccnc2)c3ccc(Cl)cc3Cl)cc1,2.54,3.6114232205838963,1.0714232205838963
430,valid,CCS(=O)(=O)c1ccc2OCC(=O)N(CCN3CCC(CC3)NCc4ccc5OCC(=O)Nc5n4)c2c1,-0.11,0.10705438086381358,0.21705438086381357
3017,valid,Oc1cccc(NC(=O)c2ccc(OCCCN3CCCC3)cc2OCc4cscn4)c1,1.56,2.2825166090213687,0.7225166090213686
1947,valid,Nc1nccc(\C=C\c2ccc(Cl)cc2)n1,3.5,2.923349979655943,-0.576650020344057
496,valid,OC(=O)c1cc(ccc1O)c2ccc(F)cc2F,0.59,0.5383684819489096,-0.05163151805109034
3948,valid,COc1ccc2c(Oc3ccc(CC(=O)Nc4cn(C)nc4C)c(OC)c3)ccnc2c1,3.5,3.986519100763098,0.4865191007630978
2757,valid,Cc1ccnc(NCc2c(O)ccc3ccccc23)c1,4.24,3.156806128686441,-1.0831938713135592
869,valid,CCN(CC)c1ccc2C=C(C(=O)O)C(=O)Oc2c1,-0.2,-0.6569016034843407,-0.45690160348434067
4055,valid,CC1=NC(C)(N=C1N)c2cccc(c2)c3cccnc3,1.7,2.453905487817996,0.753905487817996
1978,valid,CC(=O)NC[C@H]1CN(C(=O)O1)c2ccc(N3CCN(CC3)c4cnccn4)c(F)c2,1.49,2.4778771894341616,0.9878771894341616
3614,valid,Cc1cc(CNc2ncc(Br)c(Nc3cc([nH]n3)C4CC4)n2)on1,3.43,2.9281151215065266,-0.5018848784934735
873,valid,CN1N(C(=O)C=C1C)c2ccccc2,0.11,1.7315466871478877,1.6215466871478876
3896,valid,CNS(=O)(=O)c1ccc(Nc2nccc(n2)c3cnc4cccnn34)cc1,2.8,2.3894629166220156,-0.4105370833779842
539,valid,COc1ccc(cc1)c2cc(O)c3cc(Cl)ccc3n2,2.7,2.991647087128673,0.29164708712867293
690,valid,CCS(=O)(=O)c1ccc(c(C)c1)c2cc(ccc2OCC(=O)N)C(F)(F)F,2.77,0.7225149060138829,-2.047485093986117
755,valid,NC1C2CN(CC12)c3nc4N(C=C(C(=O)O)C(=O)c4cc3F)c5ccc(F)cc5F,0.3,1.1284009224751854,0.8284009224751854
2383,valid,CC(C)(C)NS(=O)(=O)c1cncc(c1)c2ccc3nc(NC(=O)NCC(=O)N4CCCC4)nn3c2,1.37,1.4657910532368086,0.09579105323680848
4002,valid,Cc1onc(c2ccccc2)c1c3ccc(cc3)S(=O)(=O)N,2.37,1.8247709437343276,-0.5452290562656725
1686,valid,Clc1ccc(OC2CCN(CC2)C3CCN(CC3)C(=O)c4ccc(cc4)C5=NOC(=O)N5)cc1Cl,2.24,2.4182730887656145,0.17827308876561432
2250,valid,Cn1nnc(n1)c2ccc(cn2)c3ccc(cc3F)N4C[C@H](COc5ccon5)OC4=O,1.24,1.7477264440220845,0.5077264440220846
1836,valid,Nc1nccc(n1)c2cc3C(=O)NC[C@@H](CCF)c3[nH]2,0.51,0.3998675776236509,-0.11013242237634913
789,valid,Cn1c(CN2CCN(CC2)c3ccccc3)nc4ccccc14,3.11,2.752487368911071,-0.35751263108892894
1254,valid,C=CCN(C1CCN(CCC(c2ccccc2)c3ccccc3)CC1)C(=O)Nc4ccccc4,3.6,3.0909095289084867,-0.5090904710915134
3936,valid,CN(c1ccnc(Nc2cc(nc(n2)N3CCOCC3)N4CCOCC4)n1)c5cc(CO)ccc5C,3.9,2.8509159126643038,-1.0490840873356961
3005,valid,CCn1cnc2cnc(c3ccc(cc3)C4(N)CCC4)c(c5ccccc5)c12,2.0,2.729651021668739,0.7296510216687389
3313,valid,C[C@H](CO)N1C=Cc2c(NC(=O)Cc3ccc(Cl)c(c3)C(F)(F)F)cccc2C1=O,3.49,2.7021815601395813,-0.7878184398604189
1709,valid,CC1(COc2ccc3c(c2)ncn3c4ccc5cccc(N6CCC(N)CC6)c5n4)COC1,1.99,2.2954711082861,0.30547110828610013
1799,valid,CN1C(=O)c2c(onc2c3ccncc3)C=C1c4ccccc4,3.17,2.7239999328091833,-0.44600006719081664
2818,valid,O=C1NC(=O)c2cc(OCc3ccccc3)ccc12,3.1,2.5475163914203813,-0.5524836085796188
4089,valid,Clc1cc(Cl)c2c3C(=O)NNC(=O)c3[nH]c2c1,1.02,1.641947383377886,0.6219473833778859
232,valid,COc1cc(Nc2nccc(n2)N(C)c3cc(CO)ccc3C)cc(c1)N4CCOCC4,3.9,3.3382240070640274,-0.5617759929359725
662,valid,CN1CCN(CC1)c2ccc3ncc(C(=O)N)c(Nc4ccc(F)cc4F)c3c2,2.3,2.9429393043310488,0.642939304331049
1944,valid,CC(C)C(NC(=O)CN1C(=O)C(=CC=C1c2ccccc2)NS(=O)(=O)C(F)(F)F)C(=O)C(F)(F)F,1.01,1.8647830238205318,0.8547830238205318
3602,valid,NC(=N)c1cc2c(OCc3ccccc3)cccc2s1,1.16,1.9320043384966537,0.7720043384966537
341,valid,C[C@@H]1CN(CCN1c2ncc(OCc3ccncc3C#N)cn2)c4noc(n4)C5CC5,3.1,3.08859068923028,-0.011409310769720182
908,valid,CCN1C=C(C=C(C)C1=O)[C@@]2(N=C(N)c3c(F)cccc23)c4cccc(c4)c5cc(ccn5)C#CC,4.4,4.233261615239215,-0.1667383847607855
3204,valid,c1ccc2cnccc2c1,1.6,2.602857364111323,1.002857364111323
1367,valid,CC1=CN([C@H]2CCCN(C2)S(=O)(=O)c3ccc(C(=O)O)c(Oc4cccc(Cl)c4)c3)C(=O)NC1=O,-1.28,1.0826254959520727,2.3626254959520727
1545,valid,NC(=O)c1cccc(O[C@@H]2C[C@H]3CC[C@@H](C2)N3CCc4ccccc4)c1,2.0,1.7245832306453104,-0.2754167693546896
2302,valid,O=C(Nc1nccs1)[C@H](CC2CCOCC2)c3ccc(cc3)S(=O)(=O)C4CC4,2.55,3.2670764988967935,0.7170764988967937
1070,valid,COc1ccc(cc1)n2cnc3cc(NS(=O)(=O)c4ccccc4)ccc23,3.7,2.5087423797737443,-1.191257620226256
3897,valid,OCCn1cc(cn1)c2cnc3nnn(Cc4ccc5ncccc5c4)c3n2,1.7,2.1115465214413107,0.41154652144131076
1966,valid,OC(=O)[C@H](N1CCC(CN2CCC(CC2)Oc3ccc(Cl)c(Cl)c3)CC1)c4ccccc4,2.14,2.639585972964455,0.49958597296445495
3355,valid,C[C@H](COc1cn2ncnc(Oc3ccc4[nH]c(C)cc4c3F)c2c1C)OC(=O)[C@H](C)N,3.19,2.7858027794748814,-0.40419722052511853
3752,valid,CCCSc1c(cnn1[C@@H]2CC[C@H](CC2)C(=O)O)C(=O)NC3CCCCC3,1.03,1.1316457883166222,0.10164578831662219
82,valid,COc1ccc(cc1)C2=COc3cc(O)cc(O)c3C2=O,3.5,3.5735716765029366,0.07357167650293661
1088,valid,C[C@@H]1CN(C[C@H](C)N1)c2c(F)c(N)c3C(=O)C(=CN(C4CC4)c3c2F)C(=O)O,-0.15,-0.26073206805071525,-0.11073206805071525
677,valid,COCCNCc1ccc(Nc2ncc3cc(ccc3n2)c4ccncc4)cc1,1.86,1.5747218091683295,-0.2852781908316706
2027,valid,C[C@H](NC(=O)c1c(C)nn(C2CCOCC2)c1NS(=O)(=O)c3ccc(C)cc3)C(C)(C)C,0.5,0.9628252014948511,0.46282520149485107
3507,valid,C[C@@H]1CN(CCN1c2ncc(OCc3ccncc3C#N)cn2)C(=O)OC(C)(C)C#N,2.3,2.980200336890794,0.6802003368907941
2723,valid,N\C(=C(\C#N)/c1ccccc1C(F)(F)F)\Sc2ccc(N)cc2,3.3,3.1003263688331173,-0.19967363116688253
1767,valid,CCCSc1nc(N[C@@H]2CC[C@H](CC2)C(=O)O)ccc1C(=O)NC3CCCCC3,2.02,1.435803434621048,-0.584196565378952
3474,valid,C[C@@H]1CN(CCN1c2ncc(OCc3ccc(cc3F)S(=O)(=O)C)cn2)C(=O)OC(C)(C)C,3.7,3.6524845477667816,-0.047515452233218625
2031,valid,CCCN(CCC)CCc1cccc2NC(=O)Cc12,0.76,1.462650716705312,0.702650716705312
2679,valid,COc1ccc(cc1)N2Sc3ccccc3C2=O,3.02,2.5000596174170617,-0.5199403825829383
1992,valid,OCCOCCN1CCN(CC1)C(c2ccccc2)c3ccc(Cl)cc3,3.08,2.2663781534460443,-0.8136218465539558
3165,valid,CN[C@@H](C)C(=O)N[C@H](C(=O)N[C@H]1CCCN(CCc2ccc(cc2)[N+](=O)[O-])C1)C(C)(C)C,1.54,1.4758347095667803,-0.06416529043321972
1139,valid,Nc1nnc(s1)c2ccccc2,1.8,2.1207402840284284,0.32074028402842836
3205,valid,C[C@](N)(Cc1ccccc1)c2ccccc2,1.7,1.5967385287197229,-0.10326147128027707
2712,valid,COc1cc(OC)c(cc1NC(=S)NCC(=O)O)S(=O)(=O)N2C(C)CCc3ccccc23,-1.04,0.2131625578635179,1.253162557863518
4010,valid,CC1=CN([C@H]2CCCN(C2)S(=O)(=O)c3ccc(C(=O)O)c(Oc4ccc(Cl)c(Cl)c4)c3)C(=O)NC1=O,-0.87,1.7659847813215177,2.635984781321518
1555,valid,Cc1ccc2c(c(C)n(CC(=O)O)c2c1)c3ccnc4cc(Cl)ccc34,2.41,1.3002806810479015,-1.1097193189520986
2793,valid,CC(=O)NC[C@H]1CN(C(=O)O1)c2ccc(N3CCN(CC3)c4ccc(cn4)C#N)c(F)c2,1.98,2.206930486164814,0.22693048616481404
378,valid,Nc1ccccc1NC(=O)c2ccc(cc2)c3ncc(CN4CCC4)cc3F,1.69,1.7852205826942644,0.09522058269426448
768,valid,CCOc1cc2nnc(C(=O)N)c(Nc3cccc(Cl)c3F)c2cc1N4CCN(C)CC4,1.99,2.620558044012404,0.6305580440124039
238,valid,CN1CCN(CC1)c2ncnc3c2sc4nc(C)cc(C)c34,3.2,2.301989218885823,-0.8980107811141771
2169,valid,CC(C)CN1C(=O)N(C)C(=O)c2c(SC3CCCCC3)c(Cc4ccccc4C(F)(F)F)sc12,4.14,4.122615543396299,-0.01738445660370047
1508,valid,COc1ccc(OC)c(c1)c2cccc3c(N)c(nnc23)C(=O)NC4(C)CCC4,4.48,1.8044154781678672,-2.6755845218321332
1062,valid,Cc1nc(C)c(nc1C(=O)N)c2ccc(cc2)[C@@H]3CC[C@@H](CC(=O)N)CC3,2.7,1.279144121291278,-1.4208558787087222
1494,valid,OC(=O)c1ccc2cccc(O)c2n1,3.3,-0.5764166229015366,-3.8764166229015364
1953,valid,O=C1CCOc2cc(OCc3cccc(c3)C#N)ccc12,2.8,2.8044389751326673,0.004438975132667444
703,valid,CCCCC1C(=O)N(N(C1=O)c2ccccc2)c3ccccc3,0.45,1.7885065341619946,1.3385065341619946
2513,valid,CCN(CC)CCNC(=O)c1c(C)[nH]c(\C=C\2/C(=O)Nc3ccc(F)cc23)c1C,2.26,2.5033427651412654,0.24334276514126563
3898,valid,NC(=O)C(NC(=O)C1(N)CCN(CC1)c2ncnc3[nH]ccc23)c4ccc(Cl)cc4,2.2,1.9479853890347612,-0.252014610965239
213,valid,CN[C@@H](C)C(=O)N[C@@H](C1CCCCC1)C(=O)N[C@H]2CCN(C2)C(=O)c3ccccc3,0.82,1.2860900723695288,0.4660900723695288
3912,valid,C(C1NCCc2ccccc12)c3ccccc3,1.89,2.378582738249086,0.48858273824908616
862,valid,C[C@@H](NC1=CC(=O)CC1)c2ccc(Nc3ncc4cc(ccc4n3)c5ccncc5)cc2,3.2,3.4466821524841693,0.24668215248416914
1398,valid,COc1cc2ncnc(Nc3cccc(Cl)c3F)c2cc1CN(C)[C@@H](C)C(=O)N,3.42,3.7106515860962332,0.2906515860962333
919,valid,CN[C@@H](C)C(=O)N[C@@H](C1CCCCC1)C(=O)N[C@H]2CCCN(C2)C(=O)Cc3ccccc3,1.32,1.2323907634042635,-0.0876092365957366
4153,valid,Fc1ccc(CNC(=O)CCS(=O)(=O)c2ccc(Br)cc2)cc1,3.1,2.7014143049399015,-0.39858569506009855
844,valid,C1Cc2ncc(c3ccc4OCCOc4c3)n2C1,2.33,2.8214733705464554,0.49147337054645535
2741,valid,COc1ccc(cc1)c2cc(ccc2OCC(=O)O)C(F)(F)F,0.29,0.06394833385059107,-0.22605166614940891
1475,valid,CCC1(C(=O)NC(=O)NC1=O)c2ccccc2,0.05,0.6527262788758681,0.602726278875868
3427,valid,CCOc1cc2nnc(C(=O)N)c(Nc3ccc(F)cc3F)c2cc1N4CCN(C)CC4,2.63,2.7173715236580334,0.08737152365803347
2969,valid,C(Cc1nc2ccccc2[nH]1)Cc3nc4ccccc4[nH]3,3.5,2.769332799200253,-0.730667200799747
1507,valid,NC(=O)COc1ccc(OCCNCC(O)COc2ccccc2)cc1,0.63,0.6038854979878798,-0.026114502012120178
1873,valid,CS(=O)(=O)n1c2ccccc2c3cc(NC(=O)N4CCOCC4)ccc13,2.7,1.7873402846912239,-0.9126597153087763
506,valid,Oc1cccc(c1)N2C(=O)c3ccc(O)cc3C2=O,2.0,1.4953404970629656,-0.5046595029370344
217,valid,CC(C)CN1C(=O)N(C)C(=O)c2c1sc(Cc3c[nH]c4ccccc34)c2C(=O)N5CC[C@@H](O)C5,2.35,1.8879546700323,-0.4620453299677001
3271,valid,C[C@H]1O[C@H]([C@H](O)[C@@H]1O)n2cnc3c(N)nc(OC4CCOC4)nc23,-0.06,1.213680592051892,1.273680592051892
389,valid,CC(C)Oc1cc(n[nH]1)n2cnc3cnc(N[C@@H](C)c4ncc(F)cn4)nc23,2.41,2.2101093213749516,-0.1998906786250485
1734,valid,Fc1cccc(c1F)c2cncc(CNCC3CC3)n2,1.82,1.5202476605176911,-0.29975233948230895
2473,valid,O[C@@H](CNCCc1ccc(CNCCc2c(Cl)cccc2Cl)cc1)c3ccc(O)c4NC(=O)Sc34,2.3,1.8634411090341916,-0.43655889096580824
762,valid,CC[C@H](NC(=O)c1c([S+](C)[O-])c(nc2cc(CN(C)C)ccc12)c3ccccc3)c4ccccc4,2.75,2.5632832071967138,-0.18671679280328624
1406,valid,OC(=O)[C@H](Cc1cccc(F)c1)N2CCC(CN3CCC(CC3)Oc4ccc(Cl)c(Cl)c4)CC2,2.68,2.7617410884751417,0.0817410884751415
2884,valid,CC(C)(C)OC(=O)N1CCN(CC1)c2ncc(OCc3ccncc3C#N)cn2,2.81,2.8783396156612904,0.06833961566129032
329,valid,Cc1ccc(Cl)c(Nc2ccccc2C(=O)O)c1Cl,2.33,1.369475345903438,-0.9605246540965622
2397,valid,CC(C)n1c(C)ncc1c2nc(Nc3ccc(cc3)C(=O)NC4CCN(C)CC4)ncc2F,2.13,1.8262878768185007,-0.3037121231814992
3515,valid,CC(CN1c2ccccc2Sc3ccccc13)N(C)C,2.67,2.406498444316844,-0.26350155568315614
1277,valid,O[C@H](CNS(=O)(=O)c1cccc(c1)C#N)CN2CCC(CC2)Oc3ccc(Cl)c(Cl)c3,3.42,2.179337588029627,-1.2406624119703729
22,valid,COc1ccc(Oc2cccc(CN3CCCC(C3)N4C=C(C)C(=O)NC4=O)c2)cc1,3.17,1.796511581384699,-1.373488418615301
1741,valid,COc1ccc(CN2CCc3c(C2)[nH]c4ccccc34)cc1OC,3.1,3.38490878107093,0.2849087810709299
34,valid,O=C(NCc1ccncc1)c2ccc(Oc3ccccc3C#N)cc2,2.57,2.6858833990195308,0.11588339901953093
3348,valid,Nc1ncc(NC(=O)c2cc(NC(=O)c3cccc(c3)C(F)(F)F)ccc2Cl)cc1Cl,3.26,3.2026719220201416,-0.05732807797985817
821,valid,CCOC(=O)C1(CCN(C)CC1)c2ccccc2,1.4,1.8650469351663295,0.46504693516632956
1861,valid,C[C@H](NC(=O)c1c(C)nn(C2CCSCC2)c1NS(=O)(=O)c3ccc(C)cc3)C(C)(C)C,1.29,1.3620134341254353,0.07201343412543526
1438,valid,NC(=O)c1ccc(O[C@H]2C[C@H]3CC[C@@H](C2)N3Cc4ccccc4)c(F)c1,2.1,1.5749512129014922,-0.5250487870985079
1699,valid,CCN(C1CCN(CCC(c2ccccc2)c3ccccc3)CC1)C(=O)Cc4ccc(cc4)C#N,3.9,3.2976917247173514,-0.6023082752826485
2418,valid,CN1CC(c2ccc(Cl)cc2)c3ccccc3C1,3.64,3.4776318864747076,-0.16236811352529257
3231,valid,COCC(=O)N1CCC(CC1)n2cc(cn2)c3cnc(N)c(c3)c4oc5ccccc5n4,3.4,2.7905134280538464,-0.6094865719461535
287,valid,O[C@@H](CNCCSCCCNCCc1ccccc1)c2ccc(O)c3NC(=O)Sc23,0.12,1.5322248934089726,1.4122248934089727
2231,valid,O=C(Nc1cccc2cccnc12)[C@@H]3CC[C@H](CC3)N4C(=O)[C@@H]5[C@@H]6CC[C@@H](C6)[C@@H]5C4=O,3.94,3.046098158813362,-0.8939018411866377
2414,valid,Oc1ccc(N2C(=O)c3ccc(O)cc3C2=O)c(F)c1,2.1,1.6795581649698579,-0.4204418350301422
4163,valid,Cc1nc(cs1)C(=O)N2CCCC3(CCN(Cc4ccc(Cl)cc4)CC3)C2,0.64,1.5171146568538791,0.8771146568538791
532,valid,C[C@H](C1=CNC(=S)N1)c2cccc(C)c2C,2.9,3.245444107881122,0.3454441078811219
4031,valid,NC(=O)Nc1cc(sc1C(=O)N)c2ccsc2,2.3,2.278279092162516,-0.021720907837484038
1819,valid,CCN1C=C(C(=O)O)C(=O)c2cc(F)c(nc12)N3CCNCC3,-0.83,-0.8247532452996671,0.005246754700332867
3679,valid,COc1cc(OC)c(cc1NC(=O)CCC(=O)O)S(=O)(=O)N2C(C)CCc3ccccc23,-0.87,-0.4385733761604116,0.4314266238395884
1161,valid,OC1=CC(=O)C2=C(O1)c3ccccc3N(Cc4ccccc4)C2=O,1.97,2.3885235367316047,0.4185235367316047
2161,valid,CCS(=O)(=O)c1ccc(Oc2cc3nc([nH]c3cc2CN4C(=O)CCC4=O)c5ccccn5)cc1,2.0,2.619808006673612,0.6198080066736118
3232,valid,CCCC(=O)C1(CCN(CC1)C(=O)[C@@H](Cc2ccc(OC)cc2)NC(=O)[C@@H](N)Cc3cncn3C)c4ccccc4,2.51,2.1484748431025675,-0.36152515689743225
1988,valid,CN1C(=O)N(CCCCC(=O)C)C(=O)c2c1ncn2C,0.22,0.009376269849100893,-0.2106237301508991
2788,valid,CC(=O)Nc1cc2c(ccn2c3cc(NC4CC4)n5ncc(C#N)c5n3)cc1C,2.66,3.1883798034479343,0.5283798034479341
2040,valid,CN1CCN(CC1)c2ccc(Nc3ccnc4ccccc34)cc2,1.3,2.741711468230072,1.441711468230072
1656,valid,OC(=O)c1cc2ccccc2n1Cc3ccccc3,0.78,0.8265634098844403,0.0465634098844403
1030,valid,CN(C)CCC=C1c2ccccc2C=Cc3ccccc13,2.83,2.552096773761649,-0.27790322623835095
3199,valid,Cc1ccc2c(c1)c(Sc3ccc(cc3)S(=O)(=O)C)c(C)n2CC(=O)O,-0.08,0.5686540881779449,0.6486540881779449
6,valid,COc1cc(OC)c(cc1NC(=O)CCC(=O)O)S(=O)(=O)NCc2ccccc2N3CCCCC3,-0.72,0.7061092680586465,1.4261092680586465
2989,valid,CN(C)C(=O)N[C@@H]1CC[C@@H](CCN2CCN(CC2)c3ccc(Cl)cc3)CC1,2.81,3.232383479734823,0.42238347973482293
581,valid,CC(C)Oc1ccc(cc1)C(=O)Nc2cc(NC(=O)c3cccc(c3)N(C)C)ccc2C,3.1,3.2940125661927326,0.19401256619273255
1104,valid,CN(C)CC(O)COc1ccc(Nc2nccc(n2)N(CC#C)c3cc(Cl)ccc3Cl)cc1,3.2,2.3567231002260414,-0.8432768997739588
904,valid,Clc1ccc(CN2CCNCC2)cc1C(=O)NCC34CC5CC(CC(C5)C3)C4,1.84,1.207542119109298,-0.632457880890702
1211,valid,CN1C(=O)C(=Cc2cnc(NC(CCO)CCO)nc12)Oc3ccc(F)cc3F,1.5,2.054716006083725,0.5547160060837251
2080,valid,Oc1nnc(Cc2cccc(c2)C(=O)N3CCOCC3)c4ccccc14,1.0,1.4496728349384773,0.4496728349384773
2713,valid,COc1ccccc1CNC(=O)c2ccc3cnccc3n2,1.8,2.528030445801461,0.7280304458014608
2412,valid,Nc1n[nH]c2nnc(c3ccccc3)c(c4ccccc4)c12,2.6,2.942526363233184,0.34252636323318386
1439,valid,CN(C1CCN(CCC(c2ccccc2)c3ccccc3)CC1)C(=O)Cc4ccc(Cl)cc4,3.5,4.082755656259987,0.5827556562599874
1684,valid,CC(O)(C(=O)c1ccccc1)c2ccccc2,2.92,1.839552782842512,-1.080447217157488
2240,valid,Brc1ccc(cc1)C(=O)Cn2cnc3ccccc23,3.22,2.5287335024634676,-0.6912664975365326
1558,valid,CNC(=O)c1ccc(C)c(c1)N2C(=CC(=C(Br)C2=O)OCc3ccc(F)cc3F)C,2.8,2.2009740768242994,-0.5990259231757005
181,valid,CC(C)C(NC(=O)CN1C(=O)C(=CC=C1c2ccccc2)NS(=O)(=O)C)C(=O)C(F)(F)F,1.77,1.3684542800237427,-0.4015457199762573
214,valid,Cc1cnc([nH]1)c2ccc(C)c(NC(=O)c3ccc(OCc4ccccn4)cc3)c2,3.19,2.7502608730420923,-0.4397391269579076
2533,valid,OC(=O)c1c(Sc2ccccc2)c3cc(Cl)ccc3n1Cc4ccc(Cl)cc4,2.96,2.436752328704056,-0.5232476712959442
3723,valid,C[C@@H]1COCCN1c2cc(nc(n2)c3cccc4[nH]ccc34)C5(CC5)S(=O)(=O)C,2.7,2.835967574325156,0.13596757432515583
2696,valid,CCn1c(SCC(=O)Nc2c(cnn2c3ccccc3)C#N)nnc1c4cccs4,2.1,1.5265565147976699,-0.5734434852023302
1146,valid,CC(C)C[C@H](CO)Nc1nc(SCc2ccccc2)nc3nc(N)sc13,4.2,3.601779493106192,-0.5982205068938082
2856,valid,COc1ccc(cc1C(=O)NCc2cccnc2)C(=O)NCc3cccnc3,1.23,1.8532986387176227,0.6232986387176227
358,valid,CC(CN(C)C)CN1c2ccccc2CCc3ccccc13,2.95,2.4984629214241005,-0.45153707857589964
2607,valid,CCCc1c(O)c(ccc1OCc2ccc(cc2)c3nn[nH]n3)C(=O)C,3.1,2.63953694339817,-0.4604630566018302
416,valid,Clc1cccc(c1)N2CCN(CCCN3N=C4C=CC=CN4C3=O)CC2,2.67,1.9944287894803683,-0.6755712105196316
872,valid,C[C@@H]1CN(C[C@H](C)O1)c2nc(N3CCOC[C@@H]3C)c4ccc(nc4n2)c5ccccc5,3.75,2.9809955935803094,-0.7690044064196906
3755,valid,CS(=O)(=O)C1(CCNCC1)c2cc(nc(n2)c3cccc4[nH]ccc34)N5CCOCC5,0.7,1.7302793231830105,1.0302793231830105
1602,valid,CCS(=O)(=O)c1cccc(c1)c2cc(ccc2OCC(=O)O)C(F)(F)F,-0.66,-0.3599075218903449,0.3000924781096551
3950,valid,COc1ccc(cc1)c2nc3c(NCCCNC(=O)C4(CN)CC4)c(Br)cnc3[nH]2,1.9,1.7462150824795348,-0.15378491752046508
3356,valid,Fc1ccc(CN2CCN(CC2)c3ccc4nnc(n4n3)C(F)(F)F)cc1,3.46,3.176885245788384,-0.28311475421161614
596,valid,COc1cc2c(Nc3cc(CC(=O)Nc4cccc(F)c4)[nH]n3)ncnc2cc1OCCCN5CCC(CO)CC5,2.11,2.4994386601167826,0.38943866011678274
3849,valid,FC(F)(F)Oc1cccc2c3CN(CCc3[nH]c12)C(=O)[C@@H]4CCCC[C@H]4C(=O)NC5(CC5)C#N,4.01,3.5243858194885993,-0.4856141805114005
3696,valid,CCC(N(CCCN)C(=O)c1ccc(C)cc1)C2=Nc3snc(C)c3C(=O)N2Cc4ccccc4,1.61,1.9142693666555168,0.30426936665551674
1355,valid,CN1CCc2c(NC(=O)Cc3ccccc3)c4ccccc4nc12,2.8,3.659420721688119,0.8594207216881191
2822,valid,COc1ccccc1N2CCN(CCCCNC(=O)c3ccc4ccccc4c3)CC2,3.53,3.48444584593463,-0.04555415406536989
2478,valid,OCCNS(=O)(=O)c1ccc2C(=CNC(=O)c2c1)C(=O)NC[C@@H](O)CN3CCC(CC3)Oc4ccc(Cl)c(Cl)c4,2.06,2.4612153863732558,0.4012153863732557
2495,valid,CN[C@@H](C)C(=O)N[C@@H](C1CCCCC1)C(=O)N[C@H]2CCCN(CCc3cccc(F)c3)C2,2.64,2.2283575939540325,-0.4116424060459676
2149,valid,Clc1c(ccnc1N2CCNCC2)C(=O)NCC34CC5CC(CC(C5)C3)C4,1.77,0.700595095341306,-1.069404904658694
3518,valid,CCn1c(nc2c(ncc(OCC3CCCNC3)c12)C#CC(C)(C)O)c4nonc4N,0.6,1.151837127050488,0.5518371270504879
3980,valid,CCCOc1cc(OCCCN2CCCC2)ccc1C(=O)Nc3cccc(O)c3,2.46,2.142505637189034,-0.3174943628109661
60,valid,OC(C(=O)OC1CN2CCC1CC2)(c3ccccc3)c4ccccc4,1.19,1.5822899037460443,0.39228990374604433
2255,valid,Cc1ccc(cc1)S(=O)(=O)N2CCN(CC2)C(=O)c3occc3,2.17,1.8550415966645544,-0.31495840333544556
788,valid,Cc1ccccc1Nc2ncnc3ccccc23,2.85,2.7548289979917886,-0.09517100200821149
889,valid,COc1cc2ncnc(Nc3cc4ccccc4cn3)c2cc1OC,3.9,2.950558728982558,-0.949441271017442
1118,valid,CNC(=O)c1cccc(O[C@H]2C[C@H]3CC[C@@H](C2)N3Cc4ccccc4)c1,1.93,2.096460619942211,0.16646061994221095
1454,valid,O[C@]1(CN2CCC1CC2)C#Cc3ccc(Oc4ccc(cc4)C(=O)NC5CCS(=O)(=O)C5)cc3,1.64,1.6550252653305022,0.015025265330502302
288,valid,CC(C)(C)NS(=O)(=O)c1cncc(c1)c2ccc3nc(NC(=O)NCC(=O)N4CCOCC4)nn3c2,0.96,1.7142358354332918,0.7542358354332919
1792,valid,Cn1cc(cc1c2c3C(=O)N(CC=C)C(=O)N(CC4CC4)c3nn2Cc5ccnc6ccc(Cl)cc56)C#N,4.27,3.712152523464133,-0.5578474765358665
3473,valid,CCC(N(CCCN)C(=O)c1ccc(C)nc1)C2=Nc3ccsc3C(=O)N2Cc4ccccc4,2.56,1.517860955867969,-1.042139044132031
2805,valid,COc1ccc(N(C(C(=O)NC[C@@H](C)O)c2ccccc2F)C(=O)c3ccccc3)c(OC)c1,2.55,1.8209717274740829,-0.729028272525917
2892,valid,CN(C)CCCN1c2ccccc2Sc3ccc(cc13)C(F)(F)F,3.59,2.679730188450707,-0.9102698115492927
8,valid,COc1ccc(cc1)C2=COc3cc(OC)cc(OC)c3C2=O,3.05,2.9744991041566284,-0.07550089584337139
1749,valid,CC1=CC2=NNC(=O)N2c3ccccc13,2.35,1.6675332684386244,-0.6824667315613757
1825,valid,CC(C)(C)OC(=O)c1ncn2c1[C@@H]3CCCN3C(=O)c4c(Br)cccc24,2.48,3.6092101323602437,1.1292101323602437
2964,valid,CN1SC(=O)c2cc(ccc12)S(=O)(=O)N,0.3,1.1152965127953562,0.8152965127953562
3214,valid,O=C(CCc1ccncc1)Nc2ccc(cc2)C(=O)c3ccccc3,3.4,3.44075388841521,0.04075388841520988
713,valid,FC(F)(F)c1nnc2ccc(NCc3cccnc3)nn12,2.06,2.4420461199911205,0.3820461199911205
4088,valid,CCNC(=O)c1cc2c(c(cnc2[nH]1)c3cnc(OC)c(c3)C4=NNC(=O)O4)n5ccc(n5)C(F)(F)F,2.32,1.2420717303472701,-1.0779282696527297
3561,valid,Clc1ccccc1NC(=O)c2cc[nH]n2,2.58,2.6495596794879814,0.06955967948798136
3431,valid,CN(C(=O)C)c1ccccc1,1.1,1.6779040641254612,0.5779040641254611
2852,valid,COc1ccc(NC(=O)CCc2c(C)nc3nc(C)nn3c2C)cc1,1.4,1.7067404584601193,0.30674045846011944
964,valid,CC(C)(C(=O)Nc1oc(nn1)C(=O)Nc2ccc(cc2)N3CCOCC3)c4ccc(Cl)cc4,2.96,2.865601346129689,-0.09439865387031077
4018,valid,COc1cc(OC2CCNCC2)ccc1Nc3ncc(Cl)c(n3)c4cnc5ccccn45,1.8,2.7095283027604147,0.9095283027604146
3662,valid,CC1=CN(C2CCCN(Cc3cccc(Oc4ccccc4)c3)C2)C(=O)NC1=O,3.04,2.2956892431270117,-0.7443107568729883
3608,valid,COc1ccc(cc1Cl)C(=O)NCCN2CCN(Cc3ccc(Cl)c(Cl)c3)CC2,3.74,3.2491676230661484,-0.49083237693385184
2301,valid,COc1cc2nc(Nc3ccc(cc3)[C@@H](C)NC(=O)C)ncc2cc1c4ccncc4,3.11,3.125872354466747,0.015872354466746952
3918,valid,CCN1CCC[C@H](CN2CCN(CC2)C(=O)Nc3ccc(Cl)c(Cl)c3)C1,1.86,2.494534840797922,0.6345348407979221
936,valid,COc1ccc(Sc2c(C)n(CC(=O)O)c3ccc(C)cc23)cc1,1.01,1.4749713722331705,0.46497137223317053
455,valid,COc1ccc(cc1)S(=O)(=O)NCC(N2CCCCCC2)c3ccccc3,3.13,2.4561477277852393,-0.6738522722147606
538,valid,CC(C)(C)c1cc(O)n2nc(N)nc2n1,-0.2,0.31925836963536103,0.519258369635361
874,valid,CC1=CN([C@H]2CCCN(Cc3ccc(C(=O)O)c(Oc4cccc(F)c4)c3)C2)C(=O)NC1=O,-1.03,-0.5236067476519364,0.5063932523480636
268,valid,Clc1ccc(Cl)c(c1)S(=O)(=O)Nc2nccs2,1.14,1.6854958467414325,0.5454958467414326
3135,valid,O=C(NC1CCCCC1)C2CCCN(C2)S(=O)(=O)c3cccs3,2.93,2.4336017477250578,-0.4963982522749424
1314,valid,COc1ccc2N=CC(=O)N(CCN3CC[C@@H](NCc4ccc5OCC(=O)Nc5n4)[C@@H](F)C3)c2c1,0.83,0.5122088359372561,-0.3177911640627439
765,valid,Cc1c(Sc2ccc(Cl)cc2)c3cc(F)ccc3n1CC(=O)O,1.84,2.011767283230502,0.17176728323050194
545,valid,O=C(Nc1cccc2cccnc12)c3ccc(cc3)N4C(=O)[C@@H]5[C@H]6C[C@H](C=C6)[C@@H]5C4=O,3.28,2.2435116300153717,-1.0364883699846281
3695,valid,CCN1CCN(Cc2cnc(c(C)c2)c3ccc(cc3)C(=O)Nc4ccccc4N)CC1,1.2,1.4801521870342857,0.2801521870342858
2388,valid,COC[C@H](C)Oc1cc(Oc2ccc(Cl)cc2)cc(c1)C(=O)Nc3ccc(cn3)C(=O)O,1.69,1.051980651097336,-0.638019348902664
3807,valid,COc1cccc(c1)C(=O)Nc2ccc(C)c(c2)N3C=Nc4ccc(cc4C3=O)N5CCN(C)CC5,3.08,2.8317021458400413,-0.24829785415995875
2166,valid,CNC(=O)c1nc(cnc1N)c2ccc(Cl)c(c2)S(=O)(=O)Nc3cccc(F)c3F,2.8,1.5119054451631997,-1.2880945548368001
1551,valid,CC(=O)Nc1ccc(CNc2[nH]nc3ccnc(Oc4ccccc4)c23)cc1,3.03,2.9795243471374477,-0.05047565286255207
1258,valid,COCCC(=O)N(C)c1ccc(Nc2ncc3cc(ccc3n2)c4ccncc4)cc1,3.23,2.4415139479025165,-0.7884860520974835
413,valid,COc1ccc(CCN(C)CCCC(C#N)(C(C)C)c2ccc(OC)c(OC)c2)cc1OC,2.61,2.0592940879174835,-0.5507059120825164
3749,valid,C[C@H](CO)Nc1nc(SCc2cccc(F)c2F)nc3ncc(C)nc13,3.5,3.5399002983475385,0.0399002983475385
2222,valid,C[C@H](O)C(=O)N1CCN(CC1)c2ccc(Nc3nccc(n3)c4cnc(C)n4C(C)C)cc2,2.15,2.834963977924357,0.6849639779243573
3873,valid,FC(F)(F)Oc1ccc2OCC(=O)N(CCN3CCC(CC3)NCc4ccc5OCC(=O)Nc5n4)c2c1,1.82,1.8618228457833332,0.041822845783333173
400,valid,Nc1ccc2ncccc2c1,1.33,1.2447407504028618,-0.08525924959713826
3556,valid,CCn1c2ccccc2c3cc(NC(=O)CN(C)C)ccc13,3.2,2.444722005623809,-0.7552779943761911
2296,valid,OC(=O)c1ccc(Nc2ncc3CN=C(c4cc(Cl)ccc4c3n2)c5c(F)cccc5F)cc1,2.58,1.382648986481116,-1.197351013518884
3527,valid,COc1cc2ncnc(Nc3ccc(F)c(Cl)c3)c2cc1OCCN(C)C,3.26,3.081428490446184,-0.17857150955381584
1546,valid,CC(C)n1c(C)ncc1c2nc(Nc3ccc(cc3)C(=O)N)ncc2F,2.7,2.728996275664421,0.028996275664420867
93,valid,COC(=O)[C@H]1[C@@H](O)CC[C@H]2CN3CCc4c([nH]c5ccccc45)[C@@H]3C[C@H]12,1.65,2.7726935890528854,1.1226935890528855
1524,valid,Cn1cnc(c2ccccc2)c1\C=C\c3ccnc(N)n3,2.61,2.3859317993501437,-0.22406820064985622
3683,valid,NC1=CC2=NNC(=O)N2c3cc(ccc13)c4ccsc4,3.18,2.7455243796990816,-0.4344756203009186
1007,valid,CC(C)Oc1cc(OCCc2ccsc2)cc(c1)C(=O)Nc3ccc(cn3)C(=O)O,1.74,1.0269392674076325,-0.7130607325923675
2359,valid,CNC(=O)c1snnc1c2ccccc2,1.23,1.4098420636003257,0.17984206360032573
2023,valid,CCNC(=O)c1cc2c(c(cnc2[nH]1)c3cncc(c3)C(=O)N)n4ccc(n4)C(F)(F)F,1.81,1.514340029125453,-0.2956599708745471
3522,valid,CCN(C1CCN(CC[C@H](C2CCN(CC2)S(=O)(=O)C)c3cc(Cl)cc(Cl)c3)CC1)C(=O)Cc4ccc(cc4)S(=O)(=O)C,2.6,2.052421600311444,-0.5475783996885561
2566,valid,OC[C@@H](O)CN1C(=O)[C@H](Cc2ccccc12)NC(=O)c3cc4cc(Cl)sc4[nH]3,3.27,3.107720990766482,-0.16227900923351823
126,valid,CN1CCN(CC1)C2=Nc3cc(Cl)ccc3Nc4ccccc24,3.08,2.8699408940911093,-0.21005910590889076
2201,valid,CCNC(=O)c1cc2c(c(cnc2[nH]1)c3cncc(c3)C(=O)O)n4nc(cc4C)C(F)(F)F,-0.88,-0.005555461701466591,0.8744445382985334
1140,valid,Fc1ccc(C2CCN(CC2)C(=S)COCc3ccncc3)c(Cl)c1,4.23,1.995943709620471,-2.234056290379529
3603,valid,OC(=O)CCc1ccc(NCc2cccc(Oc3ccccc3)c2)cc1,2.1,2.434473388452958,0.3344733884529578
920,valid,[O-][n+]1cc(ccc1Cl)C(=O)Nc2ccc(F)cc2,1.38,2.822144543612205,1.442144543612205
3540,valid,CC(O)(C(=O)Nc1ccc(cc1)S(=O)(=O)Nc2ccccc2)C(F)(F)F,3.07,2.4808675436597007,-0.5891324563402991
4062,valid,CCS(=O)(=O)c1ccc(cc1)c2cc(Cl)ccc2OCC(=O)O,-0.78,-0.9367799092114177,-0.1567799092114177
443,valid,COc1cc2ncc(C(=O)N)c(Nc3ccc(F)cc3F)c2cc1OC,2.95,3.044609658564183,0.09460965856418291
3772,valid,CC1=C2C(=CC(=O)N1Cc3ccccn3)NN(C2=O)c4ccccc4Cl,0.2,2.278546004951704,2.0785460049517037
3132,valid,CC(C)n1c(C)ncc1c2nc(Nc3ccc(C(=O)N(C)C)c(F)c3)ncc2F,3.14,3.0494260585977018,-0.09057394140229835
2578,valid,C[C@@H]1CN(C[C@H](C)O1)c2nc(N3CCOCC3)c4ccc(Nc5ccccc5)nc4n2,4.12,2.494705222135307,-1.625294777864693
3095,valid,COc1cc(OC)c(cc1NC(=O)C)S(=O)(=O)N2C(C)CCc3ccccc23,1.97,1.5819991771095951,-0.38800082289040483
1054,valid,C[C@@H]1CN(CCN1c2ncc(OCc3ccncc3C#N)cn2)c4noc(C)n4,2.6,1.979764420036862,-0.620235579963138
225,valid,CCCNC[C@@H](O)COc1ccccc1C(=O)CCc2ccccc2,1.56,1.5810906923161212,0.02109069231612115
3072,valid,CCCc1nn(C)c2C(=O)NC(=Nc12)c3cc(ccc3OCC)S(=O)(=O)N4CCN(C)CC4,2.8,2.584362362101902,-0.21563763789809798
1649,valid,COc1ccc(C)c(c1)N(C)c2ccnc(Nc3cc(cc(c3)N4CCOCC4)N5CCOCC5)n2,3.18,3.1729769710940405,-0.007023028905959627
3785,valid,CN(C)CCNS(=O)(=O)c1ccc(Nc2nccc(n2)c3cnc4ccccn34)cc1,2.7,1.7844894167061325,-0.9155105832938677
2761,valid,COc1cc2ncnc(Nc3ccc(F)c(Cl)c3)c2cc1OCCCN4CCCCC4,3.3,3.0848313723971446,-0.21516862760285527
2483,valid,COc1nc(Br)cnc1NS(=O)(=O)c2cccc3c(cccc23)N(C)C,1.9,1.674405926785456,-0.22559407321454383
2227,valid,O=C(CS(=O)(=O)c1ccccc1)c2ccccc2,1.86,1.415402462140425,-0.444597537859575
1647,valid,[O-][S+](CCC1C(=O)N(N(C1=O)c2ccccc2)c3ccccc3)c4ccccc4,-0.51,1.6044454445474332,2.1144454445474334
434,valid,CC(C)n1c(C)ncc1c2ccnc(Nc3ccccc3)n2,3.58,2.966215551743616,-0.6137844482563839
3187,valid,COc1cccc(\C=C\2/SC(=O)NC2=O)c1N3CCC[C@@H](N)C3,1.27,1.3716452277204374,0.10164522772043738
508,valid,CCCN(c1cccnc1)P(=O)(c2ccccc2)c3ccccc3,2.6,1.5210375972835921,-1.078962402716408
32,valid,CC(=O)[C@H]1CC[C@H]2[C@@H]3CCC4=CC(=O)CC[C@]4(C)[C@H]3CC[C@]12C,3.94,2.6399173538820397,-1.3000826461179602
3913,valid,CC(C)N1CCC(CC1)N(C(=O)Cc2ccccc2)c3ccc(Cl)cc3,2.3,2.992651546219788,0.6926515462197882
2378,valid,C[C@H](CO)Nc1nc(SCc2ccccc2)nc3NC(=O)Sc13,2.86,3.1974279870442484,0.3374279870442485
2086,valid,C1Cc2ccccc2CN1c3ccncc3,1.4,2.722403883833959,1.322403883833959
2072,valid,O[C@H](CNC(=O)c1c[nH]c2ccccc12)CN3CCC(CC3)Oc4ccc(Cl)c(Cl)c4,3.91,3.470707215090915,-0.4392927849090853
2077,valid,COCCN1CCN(CC(=O)Nc2ccc(C3=CC=CN4C(=O)C=C(N=C34)N5CCOCC5)c6sc7ccccc7c26)CC1,3.2,2.6358489782432426,-0.5641510217567576
199,valid,Clc1cccc(c1Cl)n2nnnc2NCc3ccccc3Oc4ccccn4,3.62,2.876468584147881,-0.7435314158521189
1229,valid,Cc1oc(cc1)c2ccc(cc2F)S(=O)(=O)N3CCC[C@H]3C(=O)N4CC[C@@H](N)C4,1.2,1.6218360591708176,0.4218360591708177
2880,valid,N(c1cccnc1)c2ncnc3ccccc23,1.57,2.428581824667853,0.8585818246678529
3699,valid,Cc1cc2nc(NC(=N)N)nc(C)c2cc1C,0.7,0.4567106738816764,-0.24328932611832355
3367,valid,CCOC(=O)c1ccc(COC2CN(C2)c3ccc(C)nn3)cc1,2.5,2.363385873208107,-0.13661412679189322
2819,valid,Fc1cc(c(F)cc1Oc2ccc(Cl)cc2c3ccnn3C4CNC4)S(=O)(=O)Nc5ncns5,1.0,0.5374652451881907,-0.4625347548118093
180,valid,NC1(CCC1)c2ccc(cc2)c3ncc4ccncc4c3c5ccccc5,2.2,2.29987433357646,0.09987433357646003
2871,valid,COc1cc(ccc1Cn2ccc3ccc(NC(=O)OC4CCCC4)cc23)C(=O)O,2.1,1.1847837734496929,-0.9152162265503072
1282,valid,Nc1nonc1\C(=N\O)\Nc2ccc(F)c(Cl)c2,2.7,1.7147716380103086,-0.9852283619896915
4158,valid,OC(=O)c1ccc(cc1)N2CCC(CN3CCC(CC3)Oc4ccc(Cl)c(Cl)c4)CC2,2.31,2.2001740573653317,-0.10982594263466838
2046,valid,CCCc1c(O)c(O)c(C(=O)O)c2cc(Cc3ccccc3)c(C)cc12,2.6,2.0817808658547383,-0.5182191341452618
3482,valid,COc1cc2c(ncnc2cc1OCCCN3CCCCC3)N4CCN(CC4)C(=O)Nc5ccc(OC(C)C)cc5,2.6,3.0097308015300017,0.40973080153000163
264,valid,CC(C)[C@@H](CO)NS(=O)(=O)c1ccc(Cl)s1,2.3,1.3794065649289076,-0.9205934350710923
2174,valid,CN1C(=O)N(Cc2ccc(Br)cc2)c3ccccc13,2.81,2.951745359512041,0.1417453595120408
3672,valid,CC(C)Oc1ccc(cc1C(=O)N2CCN(CC2)c3ccc(cc3)C(F)(F)F)S(=O)(=O)C,3.33,2.940591133182102,-0.3894088668178979
719,valid,C[C@@H]1CN(CCN1c2ncc(OCc3ccncc3C#N)cn2)c4ncc(F)cn4,3.4,2.6212993106663176,-0.7787006893336823
295,valid,NC(=O)Nc1cc(sc1C(=O)N[C@H]2CCCNC2)c3cccc(F)c3F,1.32,1.1878453175990065,-0.1321546824009936
3645,valid,CCC[C@@H](N1CCC[C@@H](C1)N2C=C(C)C(=O)NC2=O)c3ccc(C(=O)O)c(Oc4cccc(Cl)c4)c3,0.6,0.7104959045331412,0.11049590453314118
794,valid,CC(C)(C)OC(=O)N1CCN(CC1)c2ccc(OCc3ccc(cc3)S(=O)(=O)C)cc2,3.9,3.0020144679996763,-0.8979855320003236
2700,valid,Nc1c(cnn1c2ccc(F)cc2)C(=O)c3cccc(OC[C@@H](O)CO)c3,1.91,1.554654410276511,-0.35534558972348895
3794,valid,COc1cnc(nc1N2CCOCC2)c3ccccn3,1.52,1.832709743529859,0.3127097435298589
660,valid,Cc1c(Sc2ccc(Cl)cc2)c3ccc(cc3n1CC(=O)O)S(=O)(=O)C,0.79,0.7588059870951482,-0.031194012904851798
1914,valid,CCCc1cc(cc(OC)c1OC)C2=N[C@H](CO2)C(=O)NO,1.69,1.6935155956449364,0.00351559564493642
3665,valid,CN1CCOc2cc(COc3ccccc3)cnc12,3.3,3.032126242130063,-0.26787375786993683
1607,valid,CN(C)C(=O)N[C@@H]1CC[C@H](CCN2[C@@H]3CC[C@H]2C[C@H](C3)Oc4cccc(c4)C(=O)N)CC1,0.22,0.2987858657493805,0.07878586574938048
495,valid,CCCc1c(OCCCSc2ccc(CC(=O)O)cc2Cl)ccc3c(CC)noc13,3.92,3.1833176085652513,-0.7366823914347487
105,valid,O[C@@H](CNC1CCN(Cc2ccc(Cl)c(Cl)c2)CC1)COc3cccc(c3)C#N,3.09,1.507996667232839,-1.5820033327671608
3143,valid,CCN(C1CCN(Cc2ccc(cc2)C(F)(F)F)CC1)C(=O)Cc3ccc(cc3)S(=O)(=O)C,2.9,2.4546148708756523,-0.4453851291243476
1650,valid,Clc1ccc(CN(Cc2ccc(Cl)cc2)c3nn[nH]n3)cc1,2.74,2.4054222201750775,-0.33457777982492276
3306,valid,NC(=O)c1sc(cc1N)c2ccsc2,2.23,2.2396116182767103,0.00961161827671031
2395,valid,OC(=O)CCc1ccc(OCc2cccc(Br)c2)cc1,1.67,1.9770674344368642,0.30706743443686424
745,valid,COc1ccc(CNC(=O)c2sc3nc(C)cc(C)c3c2N)cc1,3.85,2.2926992303830556,-1.5573007696169445
922,valid,Nc1ccccc1NC(=O)c2ccc(cc2)c3ncc(CN4CCC4)cc3C#N,1.22,1.4320237726746297,0.21202377267462968
2467,valid,COc1ccc(cc1)c2cc3c(N[C@H]4CCCNC4)ncc(C(=O)N)c3s2,1.82,1.5580910090406506,-0.2619089909593495
2450,valid,COCc1ccoc1C(=O)N(C(C(=O)NC[C@@H](C)O)c2ccccc2F)c3ccc(OC)cc3OC,1.98,1.8247699013168626,-0.15523009868313742
1520,valid,CCOCc1nc2c(N)nc3ccccc3c2n1CC(C)(C)O,1.69,0.8295005828465489,-0.860499417153451
3592,valid,CCCCCCCCCC(=O)N[C@@H](Cc1c[nH]c2ccccc12)C(=O)N[C@@H](CC(=O)N)C(=O)N[C@@H](CC(=O)O)C(=O)N[C@H]3[C@@H](C)OC(=O)[C@H](CC(=O)c4ccccc4N)NC(=O)[C@@H](NC(=O)[C@@H](CO)NC(=O)CNC(=O)[C@H](CC(=O)O)NC(=O)[C@@H](C)NC(=O)[C@H](CC(=O)O)NC(=O)[C@H](CCCN)NC(=O)CNC3=O)[C@H](C)CC(=O)O,-0.94,0.34169910147700566,1.2816991014770056
2557,valid,C[C@@H](Oc1nc(Nc2cc(C)[nH]n2)c(C)nc1C#N)c3ccc(F)cn3,2.72,2.3590962175032884,-0.36090378249671184
4084,valid,C1CN2CCC1C(C2)c3ccc(cc3)c4ccccc4,1.76,2.9553511174689513,1.1953511174689513
3121,valid,CCCN(CCC)S(=O)(=O)c1ccc(cc1)C(=O)O,0.03,-0.5726089954107123,-0.6026089954107123
3458,valid,Nc1nc2ccc(Cl)cc2c3nc(nn13)c4occc4,3.98,2.7111253222622445,-1.2688746777377555
1326,valid,CCC1(CCC(=O)NC1=O)c2ccc(N)cc2,0.6,0.7654691195315122,0.16546911953151222
3884,valid,Nc1c(nc(nc1N2CCOCC2)C#N)N3CCCCC3,2.71,2.5053771326878134,-0.2046228673121866
3251,valid,CCN(c1ccccc1)c2cc(NC)[n+](C)c(C)n2,-0.91,2.550611400764865,3.460611400764865
3273,valid,CC1=CN(C2CCCN(Cc3cccc(Oc4ccc(Cl)cc4)c3)C2)C(=O)NC1=O,3.38,2.2016342685612362,-1.1783657314387637
669,valid,CS(=O)(=O)c1ccc(cc1)N2CCN(CC2)C(=O)[C@@H]3CCCC[C@H]3C(=O)NCC#N,0.67,0.7748485762091213,0.10484857620912125
915,valid,CC(=O)Nc1ccc2cnn(c3cc(NC4CC4)n5ncc(C#N)c5n3)c2c1,3.44,2.423504065414055,-1.016495934585945
1425,valid,COc1cc(ccc1OC[C@H](OP(=O)(O)O)C2CC2)N3C=Nc4cc(sc4C3=O)c5ccc(Cl)cc5,-0.04,2.908062172677499,2.948062172677499
3841,valid,Clc1ccccc1CN2CCc3sccc3C2,3.46,3.5843977210585454,0.12439772105854541
231,valid,C(C(C1CCCCC1)C2CCCCC2)C3CCCCN3,3.02,1.5046597810910427,-1.5153402189089573
2778,valid,Fc1ccc(cc1)C(=O)C2CCN(CC2)C(=O)NCc3ccccc3,3.15,3.401966037778089,0.251966037778089
1474,valid,C(Cc1ccccc1)NCc2ccccc2,1.65,1.4658465529804632,-0.18415344701953673
3506,valid,OC(=O)COCCN1CCN(CC1)C(c2ccccc2)c3ccc(Cl)cc3,1.27,1.2722119732580808,0.002211973258080757
1221,valid,Oc1ccc(CCNCCCCCCOCCc2ccccc2)c3sc(O)nc13,2.21,2.5978183540308795,0.3878183540308795
2751,valid,c1ccc2ccccc2c1,3.29,3.8495096442122634,0.5595096442122633
2917,valid,NC(=O)C1=CN(Cc2ccc(Cl)cc2Cl)C(=O)C=C1,2.36,2.3713452337895,0.011345233789500142
3587,valid,Fc1ccc(cc1Cl)S(=O)(=O)NCC(N2CCCCCC2)c3ccccc3,3.98,3.5679850377990627,-0.41201496220093725
1989,valid,C[C@H]1CN(Cc2cc(Cl)ccc2CC(=O)O)CCN1S(=O)(=O)Cc3ccccc3,1.12,1.0569094884353567,-0.0630905115646434
1100,valid,CCN(CC)S(=O)(=O)c1ccc(cc1)c2cc(ccc2OCC(=O)O)C(F)(F)F,0.67,0.6957221890920977,0.02572218909209767
3779,valid,CCN1C=C(C(=O)O)C(=O)c2ccc(C)nc12,-0.1,-0.44271227673253133,-0.34271227673253135
1321,valid,CCS(=O)(=O)c1ccc(c2cc(Cl)ccc2OCC(=O)O)c(c1)C(F)(F)F,0.62,-0.12547301015078727,-0.7454730101507873
1888,valid,CC(C)C(NC(=O)CN1C(=O)C(=CC=C1c2ccccc2)NC(=O)Cc3ccc(cc3)C(=O)O)C(=O)C(F)(F)F,0.35,0.7209580375571709,0.37095803755717094
2592,valid,CC(C)c1cc(C(=O)N2Cc3ccc(CN4CCN(C)CC4)cc3C2)c(O)cc1O,2.5,1.0508477949308754,-1.4491522050691246
3759,valid,Cc1cc(CN2CCc3ccccc3C2C(=O)Nc4ccc(Cl)cc4Cl)ccc1OCC(=O)O,2.63,1.8552094618218513,-0.7747905381781486
1922,valid,Cc1cc(NC(=O)c2ccc(Cl)cc2)n(n1)c3ccccc3,3.25,3.5640122051127485,0.3140122051127485
2764,valid,Fc1cccc2c3CN(CCc3[nH]c12)C(=O)[C@@H]4CCCC[C@H]4C(=O)NC5(CC5)C#N,3.03,3.379870453953653,0.349870453953653
2173,valid,NC(=O)c1sc(cc1N)c2ccc(Cl)cc2,3.3,3.5795127371449147,0.27951273714491487
687,valid,O=C(NC1CCCCC1)c2cccnc2Sc3ccccc3,3.01,3.6443493780880996,0.6343493780880998
4013,valid,C[C@H](Oc1nc(Nc2cc(C)[nH]n2)c(C)nc1C#N)c3ccc(F)cn3,2.86,2.3590962175032884,-0.5009037824967115
2599,valid,Nc1ccc(cc1)C2(CCCCC2)c3ccc(N)cc3,3.2,1.6694590807870915,-1.5305409192129087
2795,valid,Clc1cc(Cl)cc(NC(=O)NCC2(CCN(CC3CC3)CC2)c4ccc(cc4)c5cccc(c5)C#N)c1,3.37,2.9300681085999436,-0.4399318914000565
3694,valid,COc1ccc(CC(=O)N(C)C2CCN(CCC(c3ccccc3)c4ccccc4)CC2)cc1OC,3.4,3.8927657993404488,0.49276579934044884
607,valid,Cc1ccc2c(c1)c(c(C)n2CC(=O)O)c3ccnc4c(Cl)cccc34,1.27,1.0023131253233029,-0.26768687467669716
1784,valid,Nc1nc2ccccc2n1C(=O)c3ccccc3,1.56,1.9882934437901696,0.42829344379016954
2486,valid,Clc1ccc2C(=O)NC(=Nc2c1)c3ccccc3,3.31,3.575819703684382,0.2658197036843819
3092,valid,CC(C)N1CCC[C@H](CN2C(=O)c3cc(ccc3N=C2C(C)C)c4ccc(F)cc4)C1,3.6,3.619546312598156,0.01954631259815587
808,valid,Cc1cc(Nc2ccccc2)n(CCC#N)n1,2.3,2.730276615929466,0.4302766159294662
3080,valid,CCOC(=O)C1=C(C)NC(=C([C@H]1c2cccc3C(=O)C=C(C)Oc23)C(=O)C)C,2.63,3.4421816408879797,0.8121816408879798
540,valid,Oc1ccc(cc1)c2csc(n2)c3ccc(O)cc3,3.7,3.4511254389560726,-0.24887456104392758
2043,valid,COc1ccc(CNC(=O)CSc2nc3cccnc3s2)cc1,2.5,3.0540166494410403,0.5540166494410403
1301,valid,COc1cc(ccc1Cc2cn(C)c3ccc(cc23)C(=O)NCCc4ccccc4)C(=O)NS(=O)(=O)c5ccccc5C,2.51,2.918418482356115,0.4084184823561152
2625,valid,CNC(=O)Nc1cc(sc1C(=O)N)c2ccccc2,2.71,2.3014185851873026,-0.4085814148126974
2844,valid,CC(C)n1nc(C)c(C(=O)N[C@@H](C)C(C)(C)C)c1NS(=O)(=O)c2ccc(C)cc2,0.97,0.9140114515700934,-0.055988548429906526
89,valid,Cc1nc(C)c(nc1C(=O)N)c2ccc([C@@H]3CC[C@@H](CC(=O)O)CC3)c(F)c2,1.3,0.8960053792971936,-0.40399462070280645
3328,valid,CCN1CCN(Cc2cnc(c3ccc(cc3)C(=O)Nc4ccccc4N)c(c2)C#N)CC1,1.14,1.432661444599779,0.29266144459977905
2446,valid,Cc1nc2ccccn2c1c3ccnc(Nc4cccc(Cl)c4)n3,2.7,4.324294710314197,1.6242947103141967
113,valid,CC(C)C[C@H](N)c1oc(nn1)S(=O)(=O)Cc2ccc(F)cc2,1.11,2.144779868588824,1.034779868588824
4192,valid,COc1cc(F)ccc1c2cncc(CNC3CCCCC3)c2,2.6,2.5022217350212186,-0.0977782649787815
1235,valid,CN1CCN(CC1)C(=O)c2cc3cc(Cl)ccc3[nH]2,2.4,2.2801826003717744,-0.11981739962822546
3847,valid,OC(=O)C[C@@H]1CC[C@H](CC1)c2ccc(NC(=O)c3oc(Nc4ccccc4F)nn3)cc2,2.48,2.285378853735001,-0.19462114626499893
2137,valid,Oc1ccc(cc1)c2oc3cc(O)ccc3n2,3.3,3.259925155632505,-0.040074844367494755
3476,valid,NC1(CCN(CC1)c2ncnc3[nH]ccc23)C(=O)NC(c4ccccc4)c5ccc(Cl)cc5,4.1,3.277075654784638,-0.8229243452153616
2936,valid,[O-][N+](=O)c1ccc2C(=O)C(=O)c3ccccc3c2c1,2.56,2.4594445707182073,-0.10055542928179273
191,valid,Nc1nc(Nc2ccc(F)c(Cl)c2)c3nc[nH]c3n1,2.75,2.458675608110611,-0.29132439188938886
3775,valid,O=C(CSc1ccccc1)N2CCN(CC2)c3ccccc3,3.2,3.1160240256024605,-0.08397597439753968
3475,valid,CN1CCN(CCCN2c3ccccc3Sc4ccc(Cl)cc24)CC1,3.92,3.2759325901161063,-0.6440674098838937
2341,valid,O=C(NC1(CC1)C#N)[C@@H]2CCCC[C@H]2C(=O)N3CCN(CC3)c4nc5CCOCc5s4,1.42,1.9505661990055547,0.5305661990055548
4180,valid,CCCCC(CC)COC(=O)CC(C(=O)OCC(CC)CCCC)S(=O)(=O)O,2.93,1.1115875195639797,-1.8184124804360204
2945,valid,CC(=O)Nc1ccccn1,0.5,-0.6066694468985689,-1.106669446898569
1498,valid,CCCCCSc1nc(O)c2sc(N)nc2n1,2.86,2.629132466843584,-0.23086753315641584
16,valid,COc1ccc(cc1)N2CCN(CC2)C(=O)[C@@H]3CCCC[C@H]3C(=O)NCC#N,1.6,1.9683510990487227,0.36835109904872265
3955,valid,NC1(CCC1)c2ccc(cc2)C3=Nc4ccccc4C(=O)N3c5ccccc5,1.5,1.9934061060563308,0.49340610605633084
3099,valid,CO[C@@H]1CN(CCN2C(=O)C=Cc3ccc(cc23)C#N)CC[C@H]1NCc4ccc5OCC(=O)Nc5n4,0.81,0.357595320800719,-0.45240467919928107
3295,valid,C[C@H](CO)Nc1nc(SCc2cccc(Cl)c2F)nc3NC(=O)Sc13,3.53,3.6801117737874542,0.15011177378745444
3288,valid,CCC(N(CCCN)C(=O)c1ccc(C)cc1)C2=Nc3nccnc3C(=O)N2Cc4ccccc4,-0.14,1.668041932216121,1.808041932216121
248,valid,O=C1NC=Nc2[nH]ncc12,-0.42,-0.6394039433709287,-0.21940394337092867
3261,valid,CCN(C)C(=O)c1ccc(cc1)C(=C2CCN(Cc3cscn3)CC2)c4cccc5cccnc45,2.65,2.361762721378792,-0.28823727862120796
3858,valid,Cc1sc(nc1C(F)(F)F)N2CCN(CC2)C(=O)[C@@H]3CCCC[C@H]3C(=O)NC4(CC4)C#N,2.87,2.579309656812694,-0.29069034318730624
3463,valid,CCN(C(=O)C)c1cccc2c1c(Sc3ccc(Cl)cc3)c(C)n2CC(=O)O,1.61,0.34853836651952697,-1.2614616334804731
1760,valid,CN(CC[C@@H](Oc1ccc(cc1)c2ccccc2)c3ccc(F)cc3)CC(=O)O,2.86,2.4934149249861997,-0.3665850750138002
70,valid,CNC(=O)c1ccc(CC(=O)N(C)C2CCN(Cc3ccc(cc3)C(F)(F)F)CC2)cc1,2.8,2.737803445153738,-0.062196554846261964
2847,valid,CCCCC1=NC2(CCCC2)C(=O)N1Cc3ccc(cc3)c4ccccc4c5nn[nH]n5,1.29,2.287427869044204,0.9974278690442038
2900,valid,Cc1oc2C=NN(B(O)c2c1)S(=O)(=O)c3ccc(C)cc3,-0.28,0.7159574531412134,0.9959574531412134
2747,valid,OC(=O)COc1ccc(Cl)cc1c2cccc(c2)C#N,-0.25,-0.44660531056462727,-0.19660531056462727
158,valid,CC(C)CN1C(=O)N(C)C(=O)c2c1sc(Cn3c(C)nc(Cl)c3Cl)c2C(=O)N4CC[C@@H](O)C4,1.61,1.093090432719629,-0.5169095672803712
1557,valid,Cc1ccc2nc(NCCN)c3ncc(C)n3c2c1,0.88,2.1861642721717085,1.3061642721717086
2159,valid,CC(C)C(NC(=O)CN1C(=O)C(=CC=C1c2ccccc2)NC(=O)NCc3ccc[n+]([O-])c3)C(=O)C(F)(F)F,1.48,1.5756281372360137,0.09562813723601371
1755,valid,CC1=C(OCc2ccccc2)C(=O)C=CO1,1.87,2.5343362447199045,0.6643362447199044
3178,valid,COc1ccc(cc1)C2=COc3cc(O)ccc3C2=O,3.05,3.0907566170499985,0.04075661704999867
880,valid,OC(=O)c1cccnc1N2CCC(CN3CCC(CC3)Oc4ccc(Cl)c(Cl)c4)CC2,1.71,2.0707786886929718,0.3607786886929718
1871,valid,COc1ccccc1C(=O)NCC23CC4CC(CC(C4)C2)C3,4.43,3.2618972656945906,-1.1681027343054091
1271,valid,Cc1c(c2cc(F)ccc2n1CC(=O)O)S(=O)(=O)c3ccc(Cl)cc3,-0.16,-0.16459213386920357,-0.0045921338692035685
1243,valid,COc1cc(ccc1C2CC2)N3CCN([C@H](C)C3)C(=O)[C@@H]4CCCC[C@H]4C(=O)NC5(CC5)C#N,3.49,2.441839487687754,-1.0481605123122462
1257,valid,CS(=O)(=O)c1cccc(Nc2nccc(Nc3cccc4ncoc34)n2)c1,2.5,2.9428210438669145,0.44282104386691445
1759,test,CNc1c(Br)cnc2[nH]c(nc12)c3cnn(c3)C4CCN(C)CC4,2.5,2.356255791665562,-0.14374420833443802
771,test,CC(C)[C@H](N(CCCN)C(=O)c1ccc(C)cc1)C2=Nc3cc(Cl)ccc3C(=O)N2Cc4ccccc4,2.88,3.698987437898754,0.8189874378987541
3486,test,CCCSc1c(cnn1C)C(=O)NC2CCCCC2,2.99,2.780056291444563,-0.20994370855543742
1312,test,C[C@H](NC(=O)c1c(C)nn(C2CCC2)c1NS(=O)(=O)c3ccc(C)cc3)C(C)(C)C,1.57,1.466223261085061,-0.1037767389149391
2425,test,COCCC(=O)N[C@@H](C)c1ccc(Nc2ncc3cc(ccc3n2)c4ccncc4)cc1,3.05,2.9409368563261884,-0.10906314367381142
2999,test,Nc1nccc(n1)c2c[nH]c3ccccc23,1.68,2.022183927313084,0.3421839273130842
672,test,FC(F)c1nc2ccccc2n1c3nc(nc(n3)N4CCOCC4)N5CCOCC5,3.04,2.2383132558717853,-0.8016867441282147
3310,test,CCc1cc(O)c(Oc2ccc(cc2F)C(=O)N)cc1F,2.87,2.1037946917990302,-0.7662053082009699
366,test,Oc1cc(ccc1NC(=O)Nc2ccccc2Br)[N+](=O)[O-],3.9,2.655673529811143,-1.2443264701888568
3034,test,COc1ccc2SCC(=O)N(CCN3CCC(CC3)NCc4cc5OCCOc5cn4)c2c1,1.78,1.3010810419884526,-0.4789189580115474
859,test,C[C@]12CCC(=O)C=C1CC[C@H]3[C@@H]4CC[C@](O)(C(=O)CO)[C@@]4(C)CC(=O)[C@H]23,1.4,2.3730249996707937,0.9730249996707938
514,test,COc1ccc(cc1F)c2cc(nn2c3ccc(cc3)S(=O)(=O)N)C(F)F,2.8,2.5951377236014532,-0.2048622763985466
1550,test,NC(=O)C[S+]([O-])C(c1ccccc1)c2ccccc2,1.12,0.5828203258548945,-0.5371796741451056
1248,test,Nc1nnc(Cc2ccc(Cl)cc2)s1,2.34,2.135887139990159,-0.20411286000984097
1517,test,Nc1nc2ccccc2s1,2.0,2.098815908286263,0.09881590828626319
2018,test,CC(C#Cc1ccccc1)N2NC(=O)C3=C(C2=O)C(=O)c4ccc(Cl)cc4N3,1.4,2.0135557840370257,0.6135557840370258
1794,test,CNC(=O)C1(CCN(CC[C@H](CN(C)C(=O)c2cc(cc3ccccc23)C#N)c4ccc(Cl)c(Cl)c4)CC1)N5CCCCC5=O,2.5,2.393148527351289,-0.10685147264871109
851,test,CC(=O)C1=CN(Cc2ccccc2)C(=O)N(Cc3ccc(F)cc3)C1=O,3.2,2.433046175161636,-0.7669538248383643
3636,test,NCCCCCc1c[nH]c2ccc(F)cc12,0.6,1.5827055766965756,0.9827055766965757
3697,test,CCOC(=O)Cc1csc(NS(=O)(=O)c2ccc(Cl)cc2)n1,1.32,1.3241923717689694,0.004192371768969361
3834,test,Nc1nc(N)c2nc(CO)cnc2n1,-0.45,0.5938387503509428,1.0438387503509428
2654,test,CC(C)n1c2ccccc2c3c(C)c(NC(=O)N4CCOCC4)ccc13,3.5,2.8800821063176345,-0.6199178936823655
2381,test,CC(C)(CO)Nc1nc(SCc2cccc(F)c2F)nc3nc(N)sc13,3.37,2.82589135143576,-0.5441086485642401
3198,test,[O-][N+](=O)c1oc(C=NN2CCOC2=O)cc1,-0.12,1.2031599398681023,1.3231599398681024
1662,test,CC(=O)Nc1nc(ns1)c2ccccc2,2.8,2.333534676484901,-0.4664653235150986
1128,test,OCC(CO)Nc1nc(SCc2cccc(F)c2F)nc3nc(NC4CC4)sc13,3.11,3.658515615765049,0.5485156157650493
3200,test,Cc1ccc(cc1S(=O)(=O)n2ccc(n2)c3c(C)nc4ccc(Br)cn34)[N+](=O)[O-],3.52,3.1296690545469033,-0.39033094545309677
4136,test,CC(=O)C1=Cc2ccc(O)cc2OC1=O,0.87,2.085952548658861,1.2159525486588607
2611,test,CN1CCN(Cc2ccc(cc2)C(=O)Nc3ccc(C)c(Nc4nccc(n4)c5cccnc5)c3)CC1,2.5,2.2574288377544725,-0.24257116224552755
3296,test,C1CC(CCN1)c2ccccc2,0.54,1.6683868286153212,1.1283868286153211
4094,test,CCOc1ccc(NC(=O)CCc2c(C)nc3nc(C)nn3c2C)cc1,2.1,1.3955775511182265,-0.7044224488817736
2289,test,CCN(CC)c1ncnc2c1ncn2Cc3c(Cl)cccc3Cl,1.25,3.0080264130292753,1.7580264130292753
845,test,CNC1=Nc2ncccc2C(=NC1c3cccs3)c4occc4,1.85,1.9588570303681068,0.10885703036810668
3655,test,Fc1ccccc1NC(=O)NC2N=C(c3ccccc3)c4ccccc4NC2=O,3.8,2.9836329097667926,-0.8163670902332072
2010,test,CNc1c(Br)cnc2[nH]c(nc12)c3ccc(OCCCN4CCOCC4)cc3,2.96,2.773259801463537,-0.18674019853646318
3078,test,CN(Cc1oc2ccccc2c1C)C(=O)\C=C\c3cnc4NC(=O)CCc4c3,2.36,3.4676449520330044,1.1076449520330045
3852,test,OC(=O)c1cncc(c1)c2ccc(Cl)c(c2)C(=O)NCC34CC5CC(CC(C5)C3)C4,0.85,1.8107032684259667,0.9607032684259668
1427,test,O=C(Nc1cccc(c1)c2nnn[nH]2)c3cccc4[nH]cnc34,-0.05,1.0020395087114518,1.0520395087114518
2270,test,C1NCC(CC=C1)c2oc3ccccc3c2,1.94,0.563745380280628,-1.376254619719372
549,test,CCC(N(CCCN)C(=O)c1ccc(OC)cc1)C2=Nc3ccsc3C(=O)N2Cc4ccccc4,1.39,1.9380556078264848,0.5480556078264849
1105,test,COc1ccc(Cl)cc1C(=O)NCCc2ccc(cc2)S(=O)(=O)NC(=O)NC3CCCCC3,2.23,1.135015600472141,-1.094984399527859
361,test,Clc1ccc(NS(=O)(=O)c2ccc(Cl)s2)c(c1)C(=O)Nc3ccc(cc3)S(=O)(=O)N4CCOCC4,3.02,2.8197239783675845,-0.20027602163241554
892,test,COCCNC(=O)c1ccc(Nc2ncc3cc(ccc3n2)c4ccnc(C)c4)cc1,3.56,2.9343924875899763,-0.6256075124100238
3133,test,COC(=O)CCC(=O)Nc1ccc2c(c1)C(=O)C(=O)c3cc(NC(=O)CCC(=O)OC)ccc23,2.67,2.034187921576873,-0.6358120784231271
2574,test,COc1ccc2nc3ccccc3c(N)c2c1,1.0,2.845787434409018,1.8457874344090182
445,test,CC(C)C[C@H](CO)Nc1nc(SCc2ccccc2F)nc3nc(N)sc13,4.5,3.5626024253548927,-0.9373975746451073
1086,test,CC(=O)Nc1cccc(Nc2ncnc(n2)N3CCC(CC3)OCc4ccc(OC(F)(F)F)cc4)c1C,4.4,3.3616855891127884,-1.038314410887212
2991,test,CN1C(=O)NC(=O)C(C)(C2=CCCCC2)C1=O,1.5,2.095811625206666,0.5958116252066659
1061,test,Nc1ccnc(n1)c2cccnc2,0.44,0.5010792681721794,0.0610792681721794
1666,test,C[C@@](Cc1ccc(O)c(O)c1)(NN)C(=O)O,-0.7,-0.2523389539675871,0.44766104603241286
480,test,Oc1nc2cc(Cl)cc(Cl)c2c(O)c1c3ccccc3,1.6,2.6705274754515624,1.0705274754515623
640,test,CC(N1NC(=O)c2nc3cc(Cl)ccc3c(O)c2C1=O)c4ccccn4,0.51,0.8534641068774287,0.3434641068774287
625,test,CC(O)(C(=O)Nc1ccc2c(c1)c3ccccc3S2(=O)=O)C(F)(F)F,3.0,2.539088086761452,-0.4609119132385482
14,test,CC1CCCCC1NC(=O)c2cnn(c2NS(=O)(=O)c3ccc(C)cc3)c4ccccc4,1.34,1.2089517550854345,-0.13104824491456557
2213,test,COc1ccccc1C(=O)Nc2nc3ccccc3s2,3.61,3.2193861155450216,-0.39061388445497824
2666,test,CCCSc1c(cnn1c2cccc(c2)C(=O)O)C(=O)NC3CCCCC3,0.7,0.4845161892342962,-0.21548381076570378
1543,test,Nc1ncnc2[nH]ccc12,1.78,0.48070022240375154,-1.2992997775962485
1378,test,Clc1ccc(cc1)C2(CCC2)C(=O)Nc3oc(nn3)C(=O)Nc4ccc(cc4)N5CCOCC5,3.2,3.7161768300059608,0.5161768300059606
3622,test,CCN(C1CCN(CC[C@H](N2CCN(CC2)S(=O)(=O)C)c3cc(F)cc(F)c3)CC1)C(=O)Cc4ccc(cc4)S(=O)(=O)C,1.25,1.7828346328985687,0.5328346328985687
4030,test,COc1cc(OC)c(cc1NC(=O)NCC(=O)O)S(=O)(=O)N2C(C)CCc3ccccc23,-1.02,0.14755337774246868,1.1675533777424687
3472,test,CNC1=Nc2ncccc2C(=NC1c3cccs3)c4ccns4,2.15,1.5968662068864719,-0.5531337931135281
3539,test,O=C(Nc1ccc(nc1)N2CCOCC2)c3oc(Nc4cccc(OCc5ccccn5)c4)nn3,3.1,3.1244138327060442,0.024413832706044136
1626,test,FC(F)(F)c1cccc(C(=O)N[C@H]([C@@H]2CCCCN2)c3ccccc3)c1Cl,2.61,2.885521656322652,0.27552165632265213
3084,test,COC(=O)N1CCN([C@H](CN2CCCC2)C1)C(=O)Cc3ccc(Cl)c(Cl)c3,2.05,1.7711935976124689,-0.27880640238753096
3230,test,Cc1c(sc2ncnc(O)c12)C(=O)Nc3ccccc3,2.13,2.192047802153247,0.06204780215324712
464,test,COc1ccc2nc(C)cc(N3CC(CNC(=O)C4CC4)OC3=O)c2c1,1.55,1.56711086763826,0.017110867638259863
2487,test,Oc1cc(O)c2C(=O)c3ccccc3Oc2c1,3.39,2.565818258635336,-0.8241817413646642
3358,test,CCN(CC)C(=O)c1ccc(cc1)C(=C2CCNCC2)c3cccc(c3)C(F)(F)F,1.9,2.206151872209309,0.30615187220930906
1168,test,CNCCC(Oc1ccc(cc1)C(F)(F)F)c2ccccc2,1.92,1.8857329189600587,-0.03426708103994125
405,test,CC(C)CNc1nc(nc(N2CCNCC2)c1N)C#N,0.7,1.8577851675416093,1.1577851675416093
2641,test,COCCOc1cc2ncc(C(=O)N)c(Nc3ccc(C)cc3F)c2cc1N4CCN(C)CC4,2.24,2.393277122126499,0.1532771221264988
1437,test,COc1cc(Nc2cc(nc(N[C@@H](C)c3ncc(F)cn3)n2)N4CCOCC4)n[nH]1,2.18,2.2313645190227227,0.05136451902272254
2490,test,CC(C)n1c(C)ncc1c2ccnc(Nc3ccc(cc3)S(=O)(=O)CCCN(C)C)n2,1.32,1.7690435217273048,0.4490435217273048
3953,test,C[C@H](Nc1nc(Nc2cc([nH]n2)C3CC3)cnc1C#N)c4ccc(F)cn4,3.18,2.8659420369135997,-0.31405796308640044
2525,test,CC(=O)Nc1ccc(CNc2[nH]nc3cccc(Oc4ccc(F)cc4)c23)cc1,4.28,3.312525612807927,-0.9674743871920732
629,test,OC[C@H](O)C(=O)N1CCC(=CC1)c2ccc(cc2F)N3C[C@H](COc4ccon4)OC3=O,1.09,0.9784644828861535,-0.11153551711384657
609,test,COc1cc(Nc2ncnc3cccc(O[C@H](C)C(=O)N4CCOCC4)c23)ccc1Oc5ccc(C)nc5,3.6,3.698880464299586,0.09888046429958575
2073,test,C[C@H](CO)Nc1nc(SCc2occc2)nc3NC(=O)Sc13,2.21,2.0999055221006406,-0.11009447789935933
2637,test,c1ccc(cc1)c2c[nH]c(n2)c3ccccc3,3.8,3.7936349178338054,-0.006365082166194469
3747,test,COc1ccc(Nc2ccccc2C(=O)O)cc1,1.2,1.0462513090370449,-0.15374869096295507
3153,test,C[C@H](NC(=O)c1c(C)nn(c1NS(=O)(=O)c2ccc(cc2)C(F)(F)F)c3ccc(F)cc3)C(C)(C)C,2.35,1.4616368399115822,-0.8883631600884179
2409,test,COc1cc(OC)c(cc1NC(=O)Cc2ccnc(F)c2)S(=O)(=O)N3C(C)CCc4ccccc34,2.49,2.9345090226734785,0.44450902267347825
133,test,[O-][N+](=O)c1ccc2OC(CN(c2c1)c3cccc[n+]3[O-])(C(F)F)C(F)F,3.2,1.9647357436620483,-1.235264256337952
1,test,COc1cc(OC)c(cc1NC(=O)CSCC(=O)O)S(=O)(=O)N2C(C)CCc3ccccc23,-1.18,0.05816744604392632,1.2381674460439263
293,test,COc1cc2ncn(c3cc(OCc4ccccc4C(F)(F)F)c(s3)C(=O)O)c2cc1OC,0.84,2.841293249208478,2.0012932492084783
3091,test,CC(C)(CS(=O)(=O)N1CCN(CC1)c2ccc(F)cc2)N(O)C=O,1.07,1.2771832980941582,0.20718329809415814
3101,test,FC1(F)Oc2ccc(\C=C\3/SC(=O)NC3=O)cc2O1,2.8,2.4135204559246106,-0.3864795440753892
3406,test,COc1cc(ccc1Nc2ncc(OC)c(n2)c3cnc4ccccn34)N5CCN(CC5)C(=O)C,3.2,2.677393663621025,-0.522606336378975
886,test,CN(c1ccc(cc1)c2cc(ccc2OCC(=O)O)C(F)(F)F)S(=O)(=O)C,-0.81,-0.6644228252215596,0.14557717477844045
1875,test,CC(C)(C)C(=O)Nc1ccc2c(c1)C(=O)C(=O)c3ccccc23,2.83,3.1514453710636063,0.32144537106360627
3573,test,Oc1ccc(CCNCCN(C2CCCCC2)C(=O)CCNCCc3ccc(Cl)c(Cl)c3)c4OCC(=O)Nc14,2.23,1.9043656099384358,-0.32563439006156414
1879,test,Oc1ccc(O)c2C(=O)C=CC(=O)c12,1.91,1.276297674594055,-0.6337023254059448
3111,test,Nc1nc(Nc2ccc(cc2)S(=O)(=O)N)nn1C(=O)c3c(F)cccc3F,1.87,1.1379513356170567,-0.7320486643829434
583,test,CCC[C@H]1CN(Cc2cc(Cl)ccc2OCC(=O)O)CCN1S(=O)(=O)c3ccccc3,1.02,0.44759405018696974,-0.5724059498130303
2398,test,Oc1ccc2OC(=CC(=O)c2c1)c3ccccc3,3.6,3.621756237623984,0.02175623762398393
3155,test,CC(N)COc1c(C)cccc1C,0.62,0.1242385968291253,-0.4957614031708747
881,test,CC(=O)Nc1nc(N)n(n1)c2ccccc2,-0.2,0.47157784744027254,0.6715778474402725
3875,test,OC(CCN1CCCC1)(C2CCCCC2)c3ccccc3,1.78,2.5387028955354145,0.7587028955354145
2944,test,Cc1cc(Nc2ccc(F)cc2)nc(N)n1,2.08,1.9272871298767456,-0.15271287012325452
2543,test,Oc1cccc(O[C@H]2C[C@H]3CC[C@@H](C2)N3Cc4ccccc4)c1,2.3,1.4651662497755376,-0.8348337502244623
330,test,COc1ccc2N=CC(=O)N(CCN3CC[C@@H](NCc4cc5OCCOc5cn4)[C@@H](O)C3)c2c1,0.78,0.6939026314342025,-0.08609736856579753
2009,test,Oc1ccc(cc1)C(c2ccc(O)cc2)C(Cl)(Cl)Cl,3.86,2.184760890700362,-1.6752391092996377
53,test,CCNC(=O)c1cc2c(c(cnc2[nH]1)c3cncc(c3)C(=O)O)n4ccc(n4)C(F)(F)F,-0.99,-0.43899408147111885,0.5510059185288811
1534,test,NC(Cc1ccc(cc1)N(CCCl)CCCl)C(=O)O,0.39,-1.3078566589906857,-1.6978566589906858
2838,test,Cc1cn(C[C@H]2CN(C(=O)O2)c3ccc(C4=CCS(=O)(=O)CC4)c(F)c3)nn1,1.25,2.8832414220360802,1.6332414220360802
3245,test,O=C(NCCCN1CCCCC1)C(c2ccccc2)c3ccccc3,1.33,2.9206985728609673,1.5906985728609673
913,test,COc1ccc(cc1)C(=O)N2CCC(CC2)C(=O)c3ccc(F)cc3,2.92,2.808718781789713,-0.11128121821028714
3508,test,CN(C1CCN(Cc2ccc(cc2)C(F)(F)F)CC1)C(=O)Cc3ccc(c(F)c3)S(=O)(=O)C,3.0,2.6646802683268653,-0.33531973167313467
488,test,Oc1ccc(cc1)c2cnc3ccccc3n2,3.3,3.1460155263246428,-0.15398447367535706
2817,test,CCc1[nH]c2nc(Sc3cnc4ccc[n+]([O-])c4c3)nc(N5C[C@@H]6[C@@H](N)[C@@H]6C5)c2c1Cl,2.3,2.3209368457476383,0.020936845747638433
1594,test,CCNC1=CC=C(N(CC(=O)NC(C(C)C)C(=O)C(F)(F)F)C1=O)c2ccccc2,2.37,2.1424524738983184,-0.22754752610168172
3491,test,CCc1cc2C(=NCc3nnc(C)n3c2s1)c4ccccc4Cl,2.52,2.7359799694439912,0.21597996944399123
2407,test,OCC(O)CN1CCN(CC1)c2ccccc2,0.4,0.10471073883902582,-0.2952892611609742
1639,test,Cc1ccc(cc1)C(=O)N(CCCN)CC2=Nc3cc(Cl)ccc3C(=O)N2Cc4ccccc4,1.47,2.6660243398389953,1.1960243398389954
1490,test,C(N1CCN(CC1)c2nc3ccccc3s2)c4nnnn4Cc5cccs5,3.65,2.353946207935536,-1.296053792064464
2154,test,CC(C)n1c(C)ncc1c2ccnc(Nc3ccc(cc3)N(C)C)n2,3.51,2.7940431973721,-0.7159568026279
1890,test,C[C@@H]1CN(CCN1C(=O)[C@@H]2CCCC[C@H]2C(=O)NC3(CC3)C#N)c4ccc5c(c4)c(C)nn5C,2.8,2.5105837203621153,-0.2894162796378845
3457,test,C[C@H](CO)Nc1nc(SCc2cccc(F)c2F)nc3NC(=O)C(=Cc13)C#N,3.32,2.8128361151039356,-0.5071638848960642
1447,test,CC(C)Cc1ccc(cc1)[C@@H](C)C(=O)NS(=O)(=O)C,0.51,0.42038163442651255,-0.08961836557348746
544,test,Nc1ccc(Cl)c(c1)C(=O)NCC23CC4CC(CC(C4)C2)C3,3.45,2.7297891599555677,-0.7202108400444325
149,test,OCC(CO)N1C=Cc2c(NC(=O)CC34CC5CC(CC(C5)C3)C4)cccc2C1=O,2.62,2.5662739029038364,-0.053726097096163716
2564,test,C[C@H](NC(=O)c1c(C)nn(C2CCOCC2)c1NS(=O)(=O)c3ccc(cc3)C4CC4)C(C)(C)C,1.23,1.8419421474540414,0.6119421474540414
885,test,CCOC(=O)c1c(nc2cc(C)ccn12)c3ccccc3,3.8,3.0366553662883957,-0.7633446337116041
1242,test,OC(=O)CNCCNc1ccc(Cl)c(c1)C(=O)NCC23CC4CC(CC(C4)C2)C3,1.94,0.9548397085859732,-0.9851602914140267
2799,test,CCCSc1ncccc1C(=O)N[C@@H]2[C@@H]3CC4C[C@H]2C[C@@](O)(C4)C3,2.27,2.4439151026150294,0.1739151026150294
1771,test,CC#Cc1cncc(c1)c2cccc(c2)C3(N=C(C)C(=N3)N)C4CC4,3.3,4.097497020814185,0.7974970208141849
3668,test,CCC(N(CCCN)C(=O)c1ccc(C)cc1)C2=Nc3ccsc3C(=O)N2Cc4cscn4,0.02,0.8453733657500144,0.8253733657500144
3054,test,CNC(=O)c1ccc(cc1)c2cc(C(=O)N[C@H]3CCCNC3)c(NC(=O)N)s2,0.7,0.6708469451790597,-0.029153054820940216
494,test,FC(F)(F)c1ccc2[nH]c3CCN(Cc3c2c1)C(=O)[C@@H]4CCCC[C@H]4C(=O)NC5(CC5)C#N,4.2,3.2422612119607086,-0.9577387880392916
639,test,NC(=N)c1ccc(cc1)C(=O)N2CCN(CC2)S(=O)(=O)c3ccc4cc(Br)ccc4c3,0.36,1.9541058173715813,1.5941058173715814
2512,test,O[C@@H](CNCCc1cccc(CNCCc2c(Cl)cccc2Cl)c1)c3ccc(O)c4NC(=O)Sc34,3.15,2.1327895695338,-1.0172104304662
2191,test,CC(C)(C)NC(=O)Nc1ccc(cc1)c2c(N)nc(N)nc2COCc3ccccc3,3.09,2.1428170324476343,-0.9471829675523655
1150,test,CC1=CN(C2CCCN(Cc3cccc(Oc4ccc(C)cc4)c3)C2)C(=O)NC1=O,3.38,2.2525680091696865,-1.1274319908303134
3224,test,COc1cc(F)ccc1c2cncc(CNC3CCCC3)c2,2.29,1.881614938628099,-0.4083850613719011
2286,test,Cc1cccc(c1)C(=O)N2CCC(CC2)C(=O)c3ccc(F)cc3,3.4,3.1005751830983868,-0.29942481690161316
2800,test,CCCC(C)(C)C[C@@H](N1CCC[C@@H](C1)N2C=C(C)C(=O)NC2=O)c3ccc(C(=O)O)c(Oc4cccc(Cl)c4)c3,1.99,1.7339846859259742,-0.2560153140740258
2640,test,Cc1c(CCC(=O)O)c[nH]c1\C=C\2/C(=O)Nc3ccccc23,1.05,0.4551126838532411,-0.5948873161467589
2677,test,C[C@H](c1c[nH]cn1)c2cccc(C)c2C,2.79,2.6518081020691553,-0.13819189793084474
924,test,CN(C)CC(O)COc1ccc(Nc2nccc(n2)N(CC#N)c3cc(Cl)ccc3Cl)cc1,2.4,2.0106454623109986,-0.3893545376890013
2878,test,CC(C)OC(=O)N1CCC(CC1)Oc2ncnc3c2cnn3c4ccc(cc4F)S(=O)(=O)C,3.0,3.578498788460325,0.5784987884603252
3607,test,OC(=O)C[C@H]1[C@@H](Cc2ccccc12)NC(=O)c3cc4cc(Cl)ccc4[nH]3,1.79,2.0671929972722634,0.2771929972722633
3086,test,Clc1ccc2[nH]c(cc2c1)C(=O)N3CCNCC3,1.65,1.3317651392525616,-0.31823486074743834
3831,test,ONC(=O)Cc1ccc(OCc2ccccc2)cc1,1.92,2.422652626017718,0.502652626017718
247,test,Nc1cc(nc2ccc(Nc3cc(nc(N)n3)c4cccc(Cl)c4)cc12)c5ccc(F)cc5,2.5,2.552395228665511,0.05239522866551116
1013,test,COCCCNS(=O)(=O)c1ccc(Nc2nccc(n2)c3cnc4ccccn34)cc1,3.41,3.09879775348425,-0.31120224651575024
1896,test,C[C@@H]1CN(CC2(CC2)C(=O)N)CCN1S(=O)(=O)c3ccc(cc3)C(C)(O)C(F)(F)F,1.03,2.8982707813740607,1.8682707813740607
2621,test,OC(=O)c1cn(Cc2ccccc2)c3ccccc13,1.19,0.46671241784046846,-0.7232875821595315
1132,test,CCCSc1nc(ccc1C(=O)NC2CCCCC2)N3CCCC(C3)C(=O)O,1.72,1.5423773925004636,-0.1776226074995364
2431,test,CN[C@@H](C)C(=O)N[C@@H](C1CCCCC1)C(=O)N[C@H]2CCCN(C2)C(=O)c3ccccc3,0.87,1.9990686615080016,1.1290686615080014
3047,test,CCN1CCC[C@@H](CN2CCN(CC2)C(=O)Nc3ccc(Cl)c(Cl)c3)C1,1.94,2.494534840797922,0.5545348407979223
2385,test,ON1C(=O)N(CC2COc3ccccc3O2)c4ccsc4C1=O,1.44,1.6196319573046218,0.1796319573046219
2387,test,FC(F)(F)c1cc(C(=O)Nc2cccc(c2)c3nnn[nH]3)c4nc[nH]c4c1,1.1,1.0914994161045803,-0.008500583895419744
2019,test,CC1=CC(=O)Oc2cc3NCCCc3cc12,2.7,2.32141312269286,-0.37858687730714013
604,test,CC(C)Oc1cc(OCCCN2CCCC2)cc3ncnc(Nc4c(Cl)ccc5OCOc45)c13,3.1,3.4275371852125978,0.32753718521259767
3116,test,COc1cc(ccc1Nc2ncc(Cl)c(n2)c3cnc4cc(Cl)ccn34)N5CCN(CC5)C(=O)C,4.2,3.2998360133883136,-0.9001639866116866
1956,test,CC(C)(C)OC(=O)NCCCSC[C@H]1O[C@H]([C@H](O)[C@@H]1O)n2cnc3c(N)ncnc23,1.2,1.9005036329577114,0.7005036329577115
2866,test,Fc1cc2N=CNC(=O)c2cc1F,1.5,0.31571558807150946,-1.1842844119284905
2649,test,COc1ccc(N(C(C)C(=O)NC2CCCC2)C(=O)c3ccccc3)c(OC)c1,3.02,3.521221040064819,0.5012210400648192
3477,test,CN[C@@H](C)C(=O)N[C@@H](C1CCCCC1)C(=O)N2CCC[C@H]2C(=O)N[C@@H](C(c3ccccc3)c4ccccc4)C(=O)OC,2.42,2.5474411216903214,0.1274411216903215
744,test,OC(=O)COc1ccccc1N2CCC(CN3CCC(CC3)Oc4ccc(Cl)c(Cl)c4)CC2,2.0,1.4124576687471928,-0.5875423312528072
2263,test,COc1ccc2OCC(=O)N(CCN3CCC(CC3)NCc4ccc5OCC(=O)Nc5n4)c2c1,0.87,0.1416833452698305,-0.7283166547301695
1530,test,CC(C)N1CCN(CC1)C(=O)NCc2ccc(Cl)c(Cl)c2,2.75,2.349183132947167,-0.4008168670528329
3396,test,CN(C(=O)C)c1ccc(Nc2ncc3cc(ccc3n2)c4ccncc4)cc1,2.88,2.6149633535322483,-0.2650366464677516
4138,test,[O-][N+](=O)c1cccc2C(=O)C(=O)c3ccccc3c12,2.6,2.0664612471708965,-0.5335387528291036
2216,test,C(CCNc1cc(nc2ccccc12)c3ccccc3)CNc4cc(nc5ccccc45)c6ccccc6,3.65,1.8974359061944672,-1.7525640938055327
2185,test,O=C1Nc2ccc(cc2C1=O)S(=O)(=O)N3CCC[C@H]3CNc4ccccc4,2.4,2.2016331722256264,-0.19836682777437353
2949,test,Oc1ccc(CCNCCS(=O)(=O)CCCOCCc2nccc3ccccc23)c4sc(O)nc14,2.35,2.2518854953208263,-0.09811450467917382
2470,test,Clc1ccc(CN2C(=O)C(=O)c3ccccc23)cc1,3.1,3.4743011829468413,0.3743011829468412
2268,test,COc1ccc(c(OC)c1)c2cncc(CNC3CCCC3)n2,2.14,1.836903496827896,-0.303096503172104
3026,test,CCCNc1nc(ccc1C(=O)NC2CCCCC2)N3CCC[C@@H](CC(=O)O)C3,2.33,1.6555615711435365,-0.6744384288564635
3751,test,C[C@H](Nc1nc(NC[C@@H](O)CO)c(Cl)c(Nc2cc([nH]n2)C3CC3)n1)c4ccc(F)cc4,3.39,2.7422153153199718,-0.6477846846800284
1249,test,OC(=O)c1c(C#N)c2ccccc2n1Cc3ccc(Cl)c(Cl)c3,1.26,1.4768216991789986,0.21682169917899863
1891,test,Cn1cc(cc1c2c3C(=O)N(CCO)C(=O)N(CC4CC4)c3nn2Cc5ccnc6ccc(Cl)cc56)C#N,3.0,3.342185480994516,0.34218548099451596
454,test,CCNC(=O)C[C@H]1N=C(c2ccc(Cl)cc2)c3cc(OC)ccc3n4c(C)nnc14,2.42,2.7790044922223642,0.3590044922223643
2567,test,COc1ccc2N=CC(=O)N(CCN3CC[C@@H](NCc4ccc5OCC(=O)Nc5n4)[C@@H](O)C3)c2c1,0.37,0.24329791219587182,-0.12670208780412817
3393,test,Cc1cc(Nc2nc(NCc3ccccn3)ncc2Br)n[nH]1,2.8,2.700849422510154,-0.09915057748984601
1651,test,Cc1c(F)ccc2c1c(Sc3ccc(Cl)cc3)c(C)n2CC(=O)O,2.23,1.5202314131834087,-0.7097685868165913
3651,test,Cc1ccc(cc1NC(=O)CC23CC4CC(CC(C4)C2)C3)C(=O)N5CC6CNCC(C5)O6,2.12,2.119130162417426,-0.0008698375825741955
355,test,CN(C)CC(O)COc1ccc(Nc2cc(Nc3cc(C)ccc3Cl)ncn2)cc1,2.16,2.0675795813837063,-0.0924204186162938
1305,test,C1CCN(CC1)c2ncnc3[nH]cnc23,1.84,1.9068676634724762,0.06686766347247608
992,test,Fc1ccc2OCC(=O)N(CCN3CCC(CC3)NCc4ccc5OCC(=O)Nc5n4)c2c1,0.9,0.8842814179044802,-0.015718582095519795
757,test,Oc1ccc2OCC(=O)N(CCN3CCC(CC3)NCc4ccc5OCC(=O)Nc5n4)c2c1,0.52,0.11520162820691793,-0.4047983717930821
1160,test,CN(C)CCCN(C)S(=O)(=O)c1ccc(Nc2nccc(n2)c3cnc4ccccn34)cc1,2.16,2.170706210788179,0.010706210788178794
3981,test,CC(=O)N1CCOc2cc(COc3ccccc3)cnc12,2.8,1.8025053380268052,-0.9974946619731946
1325,test,CC(C)N(CCCNC(=O)Nc1ccc(cc1)C(C)(C)C)C[C@H]2O[C@H]([C@H](O)[C@@H]2O)n3ccc4c(N)ncnc34,2.4,2.0124120723507573,-0.38758792764924266
194,test,C[C@@H]1N[S@@](=O)(=NC1=O)c2cccc(c2)c3ccc(C)cc3,1.6,2.11229296423712,0.5122929642371199
1210,test,Nc1ccc2[nH]c(Cc3ccc(Oc4ccccc4)cc3)nc2c1,3.8,2.834360669830123,-0.9656393301698767
2449,test,CCc1nc2ccc(cn2c1N(C)Cc3cccs3)C(=O)NCc4ccc5OCOc5c4,4.1,2.807333157360701,-1.2926668426392984
665,test,CCCc1cc(Nc2nc(NCc3onc(C)c3)ncc2Br)n[nH]1,3.63,2.7819441094737014,-0.8480558905262985
1877,test,Nc1ncnc2oc(c3cocc3)c(c4occc4)c12,3.1,3.4103025018638076,0.3103025018638075
3999,test,Oc1ncnc2scc(c3ccccc3)c12,2.07,2.8521687546755303,0.7821687546755305
3377,test,C[C@H]1NC(C)(C)CO[C@]1(O)c2cccc(Cl)c2,1.69,1.364838169783042,-0.3251618302169579
3365,test,COc1ccc(CN2C(=O)NC3=C(C=C(N(CC(=O)NC(C(C)C)C(=O)C(F)(F)F)C3=O)c4ccccc4)C2=O)cc1,2.93,2.4005372722068765,-0.5294627277931236
290,test,COc1cc(OC)c(cc1NC(=O)COC(=O)C)S(=O)(=O)N2C(C)CCc3ccccc23,2.07,1.6194133731458376,-0.4505866268541623
1719,test,CC[C@@]1(O)C(=O)OCC2=C1C=C3N(Cc4cc5c(CN(C)C)c(O)ccc5nc34)C2=O,0.31,0.5643383360910712,0.2543383360910712
731,test,CC(C)NC(=O)c1cnc(N2CCC(CC2)N3C(=O)OCc4ccccc34)c(Cl)c1,3.57,2.6956722741428814,-0.8743277258571185
2839,test,C[C@H](CNCCc1ccncc1)c2c([nH]c3ccc(cc23)C(C)(C)C(=O)N4C5CCC4CC5)c6cc(C)cc(C)c6,4.35,3.925303889984228,-0.42469611001577157
3843,test,OCCN1C(=O)C(Cc2ccccc12)NC(=O)c3cc4cc(Cl)sc4[nH]3,3.05,3.5323897164575486,0.4823897164575488
1968,test,CCN1C(=O)C2=C(OC(=CC2=O)O)c3ccccc13,1.13,1.377863140062951,0.24786314006295118
1795,test,O[C@@H]1CNC[C@H]1N2C=Cc3c(NC(=O)Cc4ccc(F)c(c4)C(F)(F)F)cccc3C2=O,1.33,2.2617628680924136,0.9317628680924135
1764,test,Nc1cccc(NC(=O)c2ccc(CNC(=O)OCc3cccnc3)cc2)c1,1.6,2.3862066920247536,0.7862066920247535
3082,test,COc1ncc(cn1)c2cccc3OC[C@H](Cc23)NC(=O)c4ccc(OCC(F)(F)F)nc4,4.3,2.8841512727558873,-1.4158487272441125
322,test,NC1(CCN(CC1)c2ncnc3[nH]ccc23)C(=O)NC(C4CC4)c5ccc(Cl)cc5,3.4,2.761306040937933,-0.638693959062067
1564,test,Clc1ccc2NC(=O)CN(C(c3ccccc3)c2c1)C(=O)c4ccccc4,3.31,3.247375024480624,-0.06262497551937596
3323,test,COc1cccc(c1OC)c2ccc(\C=C\3/SC(=S)N([C@@H](Cc4ccccc4)C(=O)O)C3=O)cn2,1.5,1.3881707796295801,-0.11182922037041987
1231,test,COc1cccc(Oc2cncnc2O)c1,0.59,1.1664280240354257,0.5764280240354257
3465,test,CC[C@H](C)C(=O)O[C@H]1C[C@H](O)C=C2C=C[C@H](C)[C@H](CC[C@@H](O)C[C@@H](O)CC(=O)O)[C@@H]12,-0.76,0.3412538094922959,1.101253809492296
2684,test,COc1ccc(NC(=O)c2oc(Nc3ccccc3F)nn2)cn1,3.2,3.0066944191815677,-0.19330558081843252
1093,test,Clc1cccc(NNC(=O)c2cccnc2Cl)c1,1.87,2.360106158272452,0.49010615827245196
2721,test,CN1CCC(CC1)(C#N)c2cccc3ccccc23,2.73,2.2502930768340144,-0.4797069231659856
997,test,CCN1CCN(CC1)C(=O)c2cc3cc(Cl)ccc3[nH]2,3.14,2.4338463923204676,-0.7061536076795325
1218,test,NC(=O)Nc1cc(sc1C(=O)N[C@H]2CCCNC2)c3ccccc3,1.04,1.6614159314087695,0.6214159314087695
2697,test,Nc1ncnc2c1ncn2Cc3ccccc3,1.53,2.418840325621016,0.8888403256210158
2620,test,CCOC(=O)[C@H](CCc1ccccc1)N[C@@H](C)C(=O)N2[C@H]3CCC[C@H]3C[C@H]2C(=O)O,-0.41,0.5916864817945593,1.0016864817945592
2360,test,CC(C)(C)NC(=O)Nc1cccc(CN2NC(=O)C3=C(C2=O)C(=O)c4ccc(Cl)cc4N3)c1,1.77,1.991694923869367,0.22169492386936707
3184,test,CN(C)CC(O)COc1ccc(Nc2nccc(Nc3cccc(Cl)c3)n2)cc1,2.5,2.015683070519679,-0.4843169294803209
325,test,CN1CCC(CC1)n2cc(c(C)n2)c3cnc(N)c(c3)c4oc5ccccc5n4,3.4,2.549450039872551,-0.8505499601274491
2948,test,NC1(CCC1)c2ccc(cc2)c3c(ccn4ccnc34)c5ccccc5,2.0,2.0693997860593387,0.06939978605933872
612,test,CN(C1CCN(Cc2nc3CCCCc3s2)CC1)C(=O)Cc4ccc(cc4)n5cnnn5,2.5,1.3632508914926955,-1.1367491085073045
855,test,CN(C)CC(O)COc1ccc(Nc2ncc(Cl)c(Nc3ccccc3)n2)cc1,2.25,1.9873925794278193,-0.26260742057218067
3031,test,Cc1c(Oc2ccc(Cl)cc2)c3cc(F)ccc3n1CC(=O)O,1.26,1.4139678081451283,0.15396780814512834
1336,test,COc1cc2ncnc(Nc3ccncc3)c2cc1OC,2.22,2.81962671003447,0.5996267100344697
2480,test,Clc1ccc(cc1)C(=O)N[C@H]2CN3CCC2CC3,0.6,2.0385617614783484,1.4385617614783484
3574,test,CCCCc1nc2c(N)nc3ccccc3c2n1CC(C)(C)O,2.37,2.4627650657440023,0.09276506574400223
3003,test,Cc1cc(nc(n1)n2ccnc2)N3CCC[C@@H]3C(=O)NCCc4ccc5OCOc5c4,2.5,1.8309109982758338,-0.6690890017241662
1365,test,C[C@@H](N(CC1CCS(=O)(=O)CC1)C(=O)Cc2ccc(c(F)c2)C(F)(F)F)C3=Nc4ncccc4C(=O)N3c5ccc(Cl)cc5,2.9,3.0603258631753176,0.16032586317531772
2766,test,Cn1ccc2c(cccc12)c3nc(CS(=O)(=O)C)cc(n3)N4CCOCC4,2.0,1.9348119281842324,-0.06518807181576758
1635,test,Cc1nc(nc(N2CCCC2)c1Cl)c3ccccn3,3.2,3.0494264899428596,-0.1505735100571406
259,test,NC1(CCC1)c2ccc(cc2)c3nn4cccc4cc3c5ccccc5,3.3,3.2477083105059896,-0.052291689494010196
3579,test,CCOC(=O)c1cc(O)c(nn1)c2ccccc2,0.69,2.2028736669817066,1.5128736669817067
622,test,CN1C(=O)N(CC2CC2)c3nn(Cc4ccnc5ccc(Cl)cc45)c(c3C1=O)c6ncnn6C,3.8,2.5595596920116868,-1.240440307988313
441,test,COc1ccc(cc1)C2=C(C)c3ccc(OC)cc3OC2=O,3.31,3.016491705535498,-0.2935082944645022
2843,test,C(Oc1cccc2ccccc12)C3=NCCN3,0.68,2.552968630162128,1.872968630162128
281,test,CC(=O)Nc1ccc2c(c1)c(Sc3ccc(Cl)cc3)c(C)n2CC(=O)O,0.2,0.560076645930659,0.36007664593065897
407,test,O[C@H](CNC(=O)N1C(=O)Nc2ccccc12)CN3CCC(CC3)Oc4ccc(Cl)c(Cl)c4,4.46,2.527409200937743,-1.932590799062257
3259,test,Nc1ccc2nc(sc2c1)c3ccc(O)cc3,3.1,3.36206157830879,0.26206157830878984
442,test,CC[C@H]1OC(=O)[C@H](C)[C@@H](O[C@H]2C[C@@](C)(OC)[C@@H](O)[C@H](C)O2)[C@H](C)[C@@H](O[C@@H]3O[C@H](C)C[C@@H]([C@H]3O)N(C)C)[C@](C)(O)C[C@@H](C)\C(=N/OCOCCOC)\[C@H](C)[C@@H](O)[C@]1(C)O,1.8,2.1147386912826196,0.31473869128261955
2682,test,CN1C[C@H](c2ccccc2)c3cccc(N)c3C1,2.11,2.061542834007526,-0.04845716599247396
2605,test,CCS(=O)(=O)Nc1cccc2c1c(Oc3ccc(Cl)cc3)c(C)n2CC(=O)O,-0.29,-0.3852910341811513,-0.09529103418115131
2947,test,Nc1cc(nc(N)[n+]1[O-])N2CCCCC2,0.77,1.5980925211704853,0.8280925211704853
3978,test,CN1CCC(=C2c3ccccc3C=Cc4ccccc24)CC1,3.06,3.0384585328302895,-0.021541467169710504
2507,test,Oc1c2ncc3ccccc3c2nn1c4ccccc4,0.8,1.840606559063351,1.0406065590633509
2140,test,CN1CCN(CC1)c2ccc3N=CN(C(=O)c3c2)c4cc(NC(=O)c5oncc5)ccc4C,1.75,2.000327758024018,0.2503277580240182
1434,test,CCCSc1nc2ccc(NC(=O)CCNC(=O)N)cc2s1,2.9,1.886099921798603,-1.013900078201397
1675,test,CCCCCCCN(CC)CCCC(O)c1ccc(NS(=O)(=O)C)cc1,1.2,1.3947208277437049,0.19472082774370492
1731,test,CC(C)(C(=O)c1cccnc1)c2cccnc2,1.45,1.5892976090727398,0.1392976090727398
2622,test,CN(C)c1cccc(c1)C(=O)Nc2ccc(C)c(NC(=O)c3ccc(OCc4ccccn4)cc3)c2,2.83,2.9259110915311908,0.0959110915311907
3025,test,CC(=O)Nc1cccc2c1c(c(C)n2CC(=O)O)S(=O)(=O)c3ccc(Cl)cc3,0.4,-0.3262370064252629,-0.7262370064252629
73,test,C[C@H](NC(=O)c1cccnc1Oc2ccccc2)c3ccccc3,2.91,2.6973415080132357,-0.21265849198676445
2551,test,CCN(c1ccnc(Nc2cc(cc(c2)N3CCOCC3)N4CCOCC4)n1)c5cc(CO)ccc5C,3.8,2.876844429562163,-0.9231555704378369
4022,test,Fc1ccccc1Nc2oc(nn2)C(=O)Nc3ccc(Oc4cccnc4)nc3,3.1,2.659251358169077,-0.4407486418309232
686,test,COc1c(N2CCO[C@@H](CN(C)C)C2)c(F)cc3C(=O)C(=CN(C4CC4)c13)C(=O)O,-0.62,0.338820447674657,0.958820447674657
2523,test,CN1N=Nc2c(ncn2C1=O)C(=O)N,-1.08,-0.8046476723613711,0.27535232763862894
1554,test,O=S(=O)(C1CCNCC1)C2(CC2)c3cc(nc(n3)c4cccc5[nH]ccc45)N6CCOCC6,1.1,2.0818834181660377,0.9818834181660376
931,test,Oc1ccc(Nc2nc(cs2)c3ccc(cc3)C#N)cc1,4.1,3.6343581301948173,-0.4656418698051823
4025,test,CC(=O)Nc1ccc(CNc2[nH]nc3cccc(Oc4ccc(cc4)S(=O)(=O)C)c23)cc1,2.63,2.744122471990358,0.11412247199035797
557,test,CCCSc1nc(NC[C@@H]2CC[C@H](CC2)C(=O)O)ccc1C(=O)NC3CCCCC3,2.61,1.1593270043728967,-1.4506729956271032
1838,test,COc1ccc2nccc([C@@H](O)[C@@H]3C[C@H]4CCN3C[C@@H]4C=C)c2c1,2.26,2.1456427206591315,-0.11435727934086826
2706,test,COCCNc1nc(N)c2nc(O)n(Cc3ccccc3)c2n1,2.18,2.007029927197175,-0.17297007280282495
1154,test,OC(=O)c1ccc2c(c1)nc(Nc3cccc(Cl)c3)c4ccncc24,1.29,1.3629310490580855,0.07293104905808545
3429,test,NC(=O)c1cccc(OC2CCN(Cc3ccccc3)CC2)c1,1.92,1.5479586393898632,-0.3720413606101367
2610,test,CN(C1CCN(Cc2ccc(cc2)c3noc(C)n3)CC1)C(=O)Cc4ccc(cc4)n5cnnn5,2.1,1.481923290252773,-0.6180767097472271
2657,test,Cc1ccc2c(N)c(C#N)sc2n1,2.23,1.946800591722199,-0.2831994082778009
197,test,Fc1ccc(cc1)S(=O)(=O)NC(=O)N2CCC(CC2)N3CCC(CC3)Oc4ccc(Cl)c(Cl)c4,1.79,2.3080494116686086,0.5180494116686085
3287,test,CNc1cccc(CCOc2ccc(C[C@H](NC(=O)c3c(Cl)cccc3Cl)C(=O)O)cc2)n1,-0.15,-0.3989462716276657,-0.24894627162766572
750,test,CC1=CN([C@H]2CCCN(Cc3ccc(C(=O)O)c(Oc4cccc(Br)c4)c3)C2)C(=O)NC1=O,-0.51,-0.23511332886711367,0.27488667113288634
1112,test,COc1cc2ncnc(Nc3cc(NC(=O)c4cccc(c4)N(C)C)ccc3Cl)c2cc1OC,4.26,3.6104584452473123,-0.6495415547526875
17,test,CCC(COC(=O)c1cc(OC)c(OC)c(OC)c1)(N(C)C)c2ccccc2,3.77,1.5851889026616757,-2.1848110973383243
2563,test,OCCN1C=Cc2c(NC(=O)Cc3ccc(Cl)c(c3)C(F)(F)F)cccc2C1=O,3.36,2.3090375245755093,-1.0509624754244906
481,test,CN(C)c1cccc2c(cccc12)S(=O)(=O)Nc3cnccn3,0.9,0.9749592283510424,0.0749592283510424
575,test,Cc1cc(COc2cnc(nc2)N3CCN(CC3)C(=O)OC(C)(C)C)ccn1,3.7,3.4254572388610285,-0.2745427611389717
2519,test,CNc1ccc(cc1)c2nc3ccc(O)cc3s2,3.5,3.55598084583541,0.055980845835410076
3512,test,OC(c1ccccc1)c2cccnc2,1.72,0.9223528042342688,-0.7976471957657312
1230,test,Cc1onc(c1)[C@H](O)[C@](C)(OCc2ccc(cc2)c3ccccc3)C(=O)NO,2.88,2.417006425736619,-0.46299357426338084
3753,test,c1cnc2cccnc2c1,0.89,1.7126512530501823,0.8226512530501823
1783,test,O=C1CCOc2nc(COc3ccccc3)ccc12,2.3,2.9929529127034664,0.6929529127034666
3329,test,CSc1nc(N)nc(n1)c2ccccc2,2.98,2.033087919533275,-0.946912080466725
763,test,CC(=O)c1ccc2NC(=CC(=O)c2c1)c3cccnc3,1.41,2.051935842759105,0.6419358427591051
1452,test,C(Cc1nc2ccccc2[nH]1)c3nc4ccccc4[nH]3,3.3,2.506556106840743,-0.7934438931592567
2829,test,ONC(=O)CN1C(=O)C(Cc2ccccc12)NC(=O)c3cc4cc(Cl)sc4[nH]3,2.4,3.336592515894992,0.9365925158949922
135,test,Cc1ncc(nc1c2ccc(cc2)[C@@H]3CC[C@H](CC3)C(=O)O)C(=O)N,0.22,0.7246103807911382,0.5046103807911382
1521,test,FC(F)(F)c1nnc2ccc(nn12)n3ccnc3,0.91,2.1863984207016087,1.2763984207016086
635,test,FC(F)Oc1ccc(cc1OCC2CC2)C(=O)Nc3c(Cl)cncc3Cl,3.95,3.5596816435087857,-0.3903183564912145
1514,test,CCCCCC\N=C\1/C=CN(Cc2ccccc2)c3cc(Cl)ccc13,0.98,4.0342291822104155,3.0542291822104155
3737,test,CC[C@H](CO)Nc1nc(NCc2ccccc2)c3ncn(C(C)C)c3n1,3.63,3.6761816442717756,0.046181644271775735
460,test,Cc1cccc(c1)S(=O)(=O)NC(=O)N2CCC(CC2)N3CCC(CC3)Oc4ccc(Cl)c(Cl)c4,1.84,2.2118244216137666,0.3718244216137665
3148,test,C1CCC(CC1)NC2CCCCC2,-0.38,1.924819206528327,2.304819206528327
1994,test,OC(=O)c1ccc(CN2CCC(CN3CCC(CC3)Oc4ccc(Cl)c(Cl)c4)CC2)cc1,1.1,1.7609599337404263,0.6609599337404262
3959,test,COc1cc2ncc(C(=O)N)c(Nc3ccc(C)cc3F)c2cc1OC,3.34,3.1163085696249793,-0.2236914303750206
552,test,NC(=O)C1=CN(Cc2ccc(F)c(F)c2)C(=O)C=C1,1.37,1.1207035681318092,-0.24929643186819095
4129,test,CCCCC(N1NC(=O)c2nc3cc(Cl)ccc3c(O)c2C1=O)c4ccncc4,1.4,1.4391965394150954,0.03919653941509549
4134,test,C[C@@H]1CC[C@H](CC1)Oc2nc(N)c3ncn([C@@H]4O[C@H](C)[C@@H](O)[C@H]4O)c3n2,2.35,1.0344653777233082,-1.315534622276692
3137,test,CCC(N1NC(=O)C2=C(C1=O)C(=O)c3ccc(Cl)cc3N2)c4ccncc4,0.6,0.8561125661471587,0.2561125661471587
4157,test,Cc1ccc(Oc2ccc(Nc3ncnc4[nH]nc(OCCN5CCC(O)CC5)c34)cc2Cl)cn1,3.4,2.564088924006309,-0.8359110759936907
3278,test,CS(=O)(=O)Cc1cc(nc(n1)c2ccccc2)N3CCOCC3,1.94,1.9178959729617273,-0.022104027038272633
2056,test,COc1cc2ncnc(Nc3cccc(Cl)c3F)c2cc1CN4CCC[C@@H]4C(=O)N,3.58,3.483411767809337,-0.09658823219066326
77,test,C[C@H](Nc1ncc(F)c(Nc2cc([nH]n2)C3CC3)n1)c4ncc(F)cn4,2.47,2.45499885792979,-0.015001142070210083
3565,test,Nc1nc2cc3CCN(Cc4ccccc4)CCc3cc2s1,2.66,1.8756626270665846,-0.7843373729334155
2106,test,OCC(CO)NC(=O)CN1C(=O)C(Cc2ccccc12)NC(=O)c3cc4cc(Cl)sc4[nH]3,2.61,3.4353251220391408,0.8253251220391409
3007,test,CC(C)CN1C(=O)N(C)C(=O)c2c1sc(Cc3cncc4ccccc34)c2C(=O)N5CC[C@@H](O)C5,1.74,2.1661556451809534,0.4261556451809534
2810,test,Fc1ccc(cc1)S(=O)(=O)Cc2cc(nc(n2)c3ccccn3)N4CCOCC4,1.59,2.0396542599134695,0.4496542599134694
2932,test,Cc1cccc(NC(=O)c2ccc(c3ccccc3)c(c2)C#N)n1,3.71,4.0121236055564875,0.30212360555648754
3544,test,CN1CCC(CC1)NC(=O)c2ccc(Oc3ccc(cc3)C#C[C@]4(O)CN5CCC4CC5)cc2,1.0,1.931827846436198,0.931827846436198
424,test,O=C(N1CCCCC1)c2scc3CCCCc23,3.16,3.209845120105765,0.049845120105764806
1401,test,CC[C@H](NC(=O)c1c([S+]([O-])CC)c(nc2ccccc12)c3ccccc3)c4ccccc4,3.45,3.3349542669851497,-0.11504573301485044
2528,test,CCN(CC)C(=O)Cc1csc(NS(=O)(=O)c2cccc(Cl)c2C)n1,1.67,1.3420504207618373,-0.3279495792381626
2544,test,Oc1c2C(=O)N(NC(=O)c2nc3cc(Cl)ccc13)C(C4CC4)c5ccccn5,1.0,1.3428136860188058,0.3428136860188058
3703,test,OC(=O)[C@H](Cc1ccc(cc1)C#N)N2CCC(CN3CCC(CC3)Oc4ccc(Cl)c(Cl)c4)CC2,2.17,2.2861398544298903,0.11613985442989039
4004,test,CCCc1c(cnn1c2ccccc2)C(=O)Nc3ccc(F)cc3C,3.89,4.056913192721136,0.16691319272113558
340,test,COC(=O)CCCC(=O)Nc1ccc2C(=O)C(=O)c3ccccc3c2c1,2.96,2.31529364690993,-0.6447063530900699
1343,test,O=C(Nc1cc(nn1c2ccccc2)c3ccccc3)c4cccc(c4)C#N,3.82,3.5454272676378977,-0.2745727323621021
1388,test,O=C(N1CCNCC1)c2cc3ccccc3[nH]2,0.6,0.0798989026642043,-0.5201010973357957
412,test,CC(C)C(NC(=O)CN1C(=O)C(=CC=C1c2ccccc2)NC(=O)CN3CCOCC3)C(=O)C(F)(F)F,2.0,1.2907670041353145,-0.7092329958646855
3213,test,C[C@H](CO)Nc1nc(SCc2ccccc2)nc3nc(N)sc13,3.12,2.806736678898135,-0.31326332110186517
1990,test,C(Nc1nc2ccccc2[nH]1)c3ccccc3,2.76,3.4041080978324016,0.6441080978324019
88,test,COc1cc(Nc2nc(N[C@@H](C)c3ncc(F)cn3)ncc2Br)n[nH]1,2.6,2.5471095610455876,-0.05289043895441248
998,test,COc1cccc2c1c(NS(=O)(=O)c3ccc(Cl)s3)nn2Cc4cccc(CNC(=O)[C@@H]5COCCN5)c4,1.61,1.189874724676238,-0.4201252753237621
3719,test,CN[C@@H](C)C(=O)N[C@H](C(=O)N[C@H]1CCCN(CCc2cccc(OC)c2)C1)C(C)(C)C,1.47,1.503038857878377,0.033038857878377126
819,test,O=S(=O)(Cc1cc(nc(n1)c2ccccn2)N3CCOCC3)c4ccccc4,1.34,2.425256045663873,1.0852560456638731
323,test,O[C@H](CNC(=O)c1n[nH]c2ccccc12)CN3CCC(CC3)Oc4ccc(Cl)c(Cl)c4,2.95,3.688222500573853,0.738222500573853
1996,test,FC1(CCN(CC1)C(=O)COCc2ccncc2)c3ccc(Cl)cc3,3.03,2.634703181722044,-0.3952968182779557
3956,test,OC(C(=O)c1ccccc1)c2ccccc2,2.13,1.1802858499244506,-0.9497141500755493
321,test,CON(C)C(=O)c1c(Cn2c(C)nc(Cl)c2Cl)sc3N(CC(C)C)C(=O)N(C)C(=O)c13,2.23,2.291530752295636,0.06153075229563587
2108,test,Brc1cccc2c3CN(CCc3[nH]c12)C(=O)[C@@H]4CCCC[C@H]4C(=O)NC5(CC5)C#N,3.12,3.491462393837063,0.3714623938370627
1510,test,NC(=O)c1ccn2c(c3ccccc3)c(nc2c1)c4ccc(cc4)C5(N)CCC5,2.0,1.585406013057837,-0.4145939869421631
3933,test,Nc1ncc(cc1c2oc3ccccc3n2)c4cnn(c4)C5CCOCC5,4.0,3.442742533375016,-0.5572574666249839
836,test,Cc1c(Cl)ccc(OC2CCN(C[C@H](O)CNC(=O)c3c[nH]nc3C(F)(F)F)CC2)c1Cl,3.66,2.8048404136929865,-0.8551595863070136
979,test,COc1cc(cc(OC)c1OC)C(=O)c2cc(Cl)ccc2N,3.38,2.2465755825084837,-1.1334244174915162
3997,test,COc1nc(Br)cnc1NS(=O)(=O)c2ccc(Cl)s2,0.99,1.8768703935088067,0.8868703935088067
1443,test,CNc1cccc(CCOc2ccc(C[C@H](NC(=O)c3c(Cl)cccc3Cl)C(=O)O)cc2F)n1,-0.05,-0.1441636271893323,-0.09416362718933229
3505,test,CC(NC(=O)C1(N)CCN(CC1)c2ncnc3[nH]ccc23)c4ccc(cc4)S(=O)(=O)C,1.0,1.5667560143549975,0.5667560143549975
3373,test,Cc1c(Sc2ccc(Cl)cc2)c3c(cccc3n1CC(=O)O)S(=O)(=O)C,0.58,0.852053895774415,0.2720538957744151
4189,test,CCC(N1NC(=O)c2nc3cc(Cl)ccc3c(O)c2C1=O)c4ccccn4,0.8,0.9882944795812272,0.18829447958122714
3387,test,CN[C@@H](C)C(=O)N[C@@H](C1CCCCC1)C(=O)N[C@H]2CCCCN(Cc3ccccc3)C2,2.12,1.8249744667580141,-0.295025533241986
271,test,Cc1cc(C(=O)CN2C=C(C=CC2=O)C(F)(F)F)c(C)n1Cc3ccccc3,3.46,2.77387986012807,-0.6861201398719299
1133,test,C[C@@H]1CCCN1CCc2oc3ccc(cc3c2)c4ccc(cc4)C#N,3.51,3.1399835237451996,-0.37001647625480016
1669,test,CC1=C(CCN2CCC(CC2)c3noc4cc(F)ccc34)C(=O)N5CCCCC5=N1,2.05,2.746576250812139,0.6965762508121394
4112,test,CCN(C1CCN(CCC(c2ccccc2)c3ccccc3)CC1)C(=O)NCc4ccc(F)cc4,3.9,3.980043603470436,0.08004360347043615
2541,test,COC(=O)COc1ccc(OCCNCC(O)COc2ccccc2)cc1,1.54,0.6142162145204582,-0.9257837854795419
2863,test,Fc1ccc(cc1)C(COCc2cc(cc(c2)C(F)(F)F)C(F)(F)F)N3CCNCC3,3.0,2.559175147803386,-0.4408248521966138
2241,test,CCCc1nc2c(N)nc3ccccc3c2s1,4.09,3.4126339224424544,-0.6773660775575454
3700,test,CN[C@@H](C)C(=O)N[C@H]1CN(CC[C@H]2CC[C@H](N2C1=O)C(=O)NC(c3ccccc3)c4ccccc4)C(=O)CC(C)C,1.82,2.063341938715849,0.24334193871584886
867,test,O[C@]1(CN2CCC1CC2)C#Cc3ccc(Oc4ccc(cc4)C(=O)NCc5ccnc6ccccc56)cc3,3.88,3.1863548536040014,-0.6936451463959985
3914,test,CN(C1CCN(CCC(c2ccccc2)c3ccccc3)CC1)C(=O)Cc4ccc(O)cc4,3.3,3.07591913441644,-0.22408086558355977
1902,test,NS(=O)(=O)c1cc(C(=O)O)c(NCc2occc2)cc1Cl,-0.9,-0.3534922691380751,0.546507730861925
4029,test,COCCC(NC(=O)C1(N)CCN(CC1)c2ncnc3[nH]ccc23)c4ccc(Cl)cc4,2.95,3.055037859102455,0.10503785910245478
2854,test,CO[C@H]1CN(Cc2ccc(cc2)C(F)(F)F)CC[C@H]1N(C)C(=O)Cc3ccc(cc3)n4cnnn4,3.0,2.8938075811340322,-0.10619241886596775
2587,test,Nc1cc(ncn1)c2ccccc2,1.91,1.830622068910876,-0.07937793108912383
438,test,Oc1cc(O)c2C(=O)C(=COc2c1)c3ccc(O)c(O)c3,2.45,2.026793623152377,-0.4232063768476233
1222,test,COC[C@H](C)Oc1cc(Oc2ccccc2)cc(c1)C(=O)Nc3ccc(cn3)C(=O)O,0.95,0.6944121938474448,-0.25558780615255516
2937,test,CCC[C@H](CO)Nc1nc(SCc2ccccc2)nc3nc(N)sc13,3.8,3.287495084638032,-0.5125049153619678
1038,test,Fc1ccccc1COc2cc(OCCCN3CCCC3)ccc2C(=O)Nc4ccccc4,3.85,3.373343410914618,-0.476656589085382
1111,test,FC(F)(F)c1cc(COCC(N2CCNCC2)c3cccc(Cl)c3)cc(c1)C(F)(F)F,4.2,3.1036278846719627,-1.0963721153280375
262,test,COc1ccnc(CCc2nc3cccnc3[nH]2)c1,1.69,2.479793062871281,0.789793062871281
1246,test,CS(=O)(=O)n1c2ccccc2c3cc(NC(=O)CCc4ccncc4)ccc13,3.4,2.887464147350559,-0.512535852649441
3064,test,OCCN(C(=O)CNC(=O)c1cc2cc(Cl)ccc2[nH]1)c3ccccc3,3.37,2.342509612281583,-1.0274903877184172
3331,test,CC1=C(C(=O)c2ccc(O)cc2O1)c3ccccc3,2.95,3.3646825752701313,0.4146825752701311
4099,test,CN(C)CCC[C@]1(OCc2cc(ccc12)C#N)c3ccc(F)cc3,1.48,1.6148882389302155,0.1348882389302155
1513,test,CN([C@@H]1CCN(Cc2ccc(cn2)C(F)(F)F)C[C@@H]1F)C(=O)Cc3ccc(cc3)n4cnnn4,2.1,2.0363938566599895,-0.06360614334001058
3687,test,c1ccc(cc1)c2cn3ccccc3n2,2.9,3.4267299946403793,0.5267299946403794
2521,test,Clc1ccc(cc1)C(=O)\C=C\Sc2nc[nH]n2,3.1,2.557263390117982,-0.5427366098820179
2709,test,C[C@H](CO)Nc1nc(SCc2cccc(F)c2F)nc3NC(=O)C=Cc13,3.36,2.8250242038865885,-0.5349757961134114
342,test,CCN(CC)S(=O)(=O)c1ccc(cc1)c2oc(SCC(=O)N3CCc4ccccc34)nn2,3.9,2.66420061251124,-1.2357993874887598
2011,test,CSc1ccc(OCc2ccccc2)c(\C=C\c3ccc(cn3)C(=O)O)c1,2.45,1.313666831006723,-1.1363331689932772
1537,test,Cc1ccc(Oc2ccnc(Nc3ccc(cc3)S(=O)(=O)N)c2)c(C)n1,2.47,2.092107403731099,-0.37789259626890104
3537,test,COc1ccnc(NC2CCN(CC2)C(=O)c3ccc(cc3)C#N)c1,1.73,1.6997400860011087,-0.030259913998891275
1329,test,Cc1ccc(cc1c2ccc(nc2)C(=O)NCC3CC3)C(=O)NC4CC4,3.36,3.485179707829999,0.1251797078299992
2004,test,Cc1cc(C)cc(c1)c2[nH]c3ccc(cc3c2CCNCCCCc4ccncc4)C(C)(C)C(=O)N5C6CCC5CC6,4.3,4.034860959085073,-0.265139040914927
695,test,C[C@@H](O)[C@@H]1[C@H]2[C@@H](C)C(=C(N2C1=O)C(=O)OCOC(=O)C(C)(C)C)SC3CN(C3)C4=NCCS4,2.1,2.6904228035707947,0.5904228035707946
1381,test,CC(COc1ccccc1)NC(C)C(O)c2ccc(O)cc2,0.56,0.16063276940313775,-0.3993672305968623
3258,test,O=C(NCC#N)[C@@H]1CCCC[C@H]1C(=O)N2CCN(CC2)c3ccc(cc3)C#N,1.79,1.7119081891247772,-0.07809181087522288
555,test,COc1cc2c(Nc3ncc(CC(=O)Nc4cccc(F)c4)s3)ncnc2cc1OCCCN5CCC(CO)CC5,2.89,2.740875521313991,-0.1491244786860091
1153,test,COc1cc(OC)c(cc1NC(=O)Cc2ccnc(F)c2)S(=O)(=O)N3c4ccccc4Oc5ccccc35,3.37,2.239824222014607,-1.130175777985393
950,test,COc1ccc(cn1)c2ccc3nc(N)sc3c2,3.2,2.2997066661190275,-0.9002933338809727
4043,test,O[C@H](C[C@H](O)\C=C\c1c(nc2ccccc2c1c3ccc(F)cc3)C4CC4)CC(=O)O,0.91,1.0619509068595987,0.15195090685959867
3316,test,CCNC(=O)c1cc2c(c(cnc2[nH]1)c3cc(cnc3OC)C4=NNC(=O)O4)n5ccc(n5)C(F)(F)F,2.91,1.3566466376703898,-1.5533533623296103
255,test,CS(=O)(=O)c1ccc(cc1)c2cnc(N)c(c2)c3ccc(nc3)C(F)(F)F,2.4,2.8554461151855315,0.4554461151855316
390,test,Nc1[nH]ncc1c2cc(Cl)ccc2Oc3cc(F)c(cc3Cl)S(=O)(=O)Nc4cscn4,2.3,2.153594586618405,-0.14640541338159485
2768,test,CN[C@@H](C)C(=O)N[C@H](C(=O)N[C@H]1CCCN(CCc2ccc(Br)cc2)C1)C(C)(C)C,2.92,2.352509936395897,-0.5674900636041031
3226,test,C[C@@H](Oc1cccc2ncnc(Nc3ccc(Oc4ccc(C)nc4)c(C)c3)c12)C(=O)N(C)CCO,3.85,3.7177049421188104,-0.13229505788118967
371,test,Oc1ccc(cc1)C2=CC(=O)c3ccc(O)cc3O2,3.2,3.1575429381070563,-0.04245706189294385
1389,test,N#CCc1c[nH]c2ccc(OCc3ccccc3)cc12,3.71,4.168075009591224,0.4580750095912238
4177,test,Cc1ccnc2nc(nn12)C(=O)Nc3nccs3,0.31,1.7520837490258394,1.4420837490258394
1789,test,CCN(C1CCN(CC[C@H](c2ccc(cc2)S(=O)(=O)C)c3cccc(Cl)c3)CC1)C(=O)Cc4ccc(cc4)S(=O)(=O)C,2.37,2.540293984041323,0.17029398404132268
3862,test,CCNC(=O)c1ccc(CN2CCC(CC2)c3ccc(cc3)C(=O)Nc4ccccc4N)cc1,2.24,1.8059435183898571,-0.4340564816101431
1418,test,CCN(C1CCN(CC[C@H](c2ccc(cc2)S(=O)(=O)C)c3cc(F)c(F)c(F)c3)CC1)C(=O)Cc4ccc(cc4)S(=O)(=O)C,2.55,1.9480083761371363,-0.6019916238628635
826,test,CCCSc1ncccc1C(=O)N(C)[C@@H]2[C@@H]3CC4C[C@H]2C[C@@](O)(C4)C3,2.49,2.213744554584321,-0.27625544541567937
1442,test,Nc1nnc(CCSCCc2nnc(N)s2)s1,-0.1,1.118218804349516,1.2182188043495161
2624,test,CCN1CCN(Cc2cnc(c(Cl)c2)c3ccc(cc3)C(=O)Nc4ccccc4N)CC1,1.81,1.8419339518960407,0.03193395189604065
837,test,NC1(CCC1)c2ccc(cc2)c3c(ncc4nccn34)c5ccccc5,1.7,1.534024393517024,-0.16597560648297605
3971,test,CN1C2CCC1CC(C2)OC(=O)C(CO)c3ccccc3,-0.09,-0.23511908013588645,-0.14511908013588645
1704,test,COC[C@H](N1CCN(C[C@@H]1C)C2(C)CCN(CC2)C(=O)c3c(C)ncnc3C)c4ccc(cc4)C(F)(F)F,2.7,2.2109907752051945,-0.4890092247948057
588,test,CC(=O)Nc1ccc2ccn(c3cc(NCCCCO)n4ncc(C#N)c4n3)c2c1,2.58,2.622051145276601,0.04205114527660081
2338,test,CN(C1CCN(CCC(c2ccccc2)c3ccccc3)CC1)C(=O)c4ccncc4,2.8,2.871294023851556,0.07129402385155625
3702,test,COc1ccc(cc1)c2nc3CCCn3c2Br,3.3,2.6942346366769088,-0.605765363323091
3937,test,CCCNC(=O)c1nnc2c(c(F)ccc2c1N)c3ncccn3,2.07,1.7571199913081863,-0.31288000869181354
1382,test,CN(C1CCN(Cc2ccc(cc2)C(F)(F)F)CC1)C(=O)Cc3ccc(NC(=O)C)cc3,2.9,2.6327722291771116,-0.2672277708228883
3252,test,CCC(N(CCCN)C(=O)c1ccc(C)cc1)C2=Nc3ncccc3C(=O)N2Cc4ccccc4,-0.04,1.5005131881969398,1.5405131881969398
2428,test,Cc1ccc(cc1c2cc(ccc2OCC(=O)O)C(F)(F)F)C#N,0.15,0.49927883348295254,0.3492788334829525
1897,test,c1ccc2[nH]ncc2c1,1.9,1.893763685137805,-0.006236314862194892
1159,test,O[C@H](CNC(=O)C1=CNC(=O)c2c(F)cccc12)CN3CCC(CC3)Oc4ccc(Cl)c(Cl)c4,3.15,2.8276082489460665,-0.32239175105393336
4197,test,COc1cccc2[nH]ncc12,2.1,2.320655914240817,0.2206559142408171
39,test,CNC(=O)C1(CCN(CC[C@H](CN(C)C(=O)c2c(OC)c(cc3ccccc23)C#N)c4ccc(Cl)c(Cl)c4)CC1)N5CCCCC5=O,2.78,2.47490401712408,-0.3050959828759199
2050,test,COc1cnc(nc1N(C)c2ccccc2)c3ccccn3,2.79,2.497187505682942,-0.292812494317058
1847,test,Cc1cc(NC(=O)c2ccccc2)n[nH]1,1.75,2.771356670681291,1.0213566706812909
1092,test,COc1cc(Nc2nc(N[C@@H](C)c3ncc(F)cn3)nc(N4CCOCC4)c2Cl)n[nH]1,2.85,2.7475115868416946,-0.10248841315830548
3325,test,Nc1cccc(C(=O)NCC23CC4CC(CC(C4)C2)C3)c1Cl,3.29,3.0900128342159965,-0.19998716578400355
2894,test,CN(C)c1ccnc2sc(C(=O)N)c(N)c12,1.7,1.5128775533674692,-0.18712244663253075
1363,test,CN(C)CCOC(c1ccccc1)c2ccccc2C,1.47,2.184262399479507,0.7142623994795072
3481,test,COc1cc(ccc1Cn2ncc3ccc(NC(=O)CC4CCCC4)cc23)C(=O)NS(=O)(=O)c5ccccc5,1.6,1.5673777265093034,-0.032622273490696685
111,test,COc1cc(OC)c(cc1NC(=O)CCC(=O)O)S(=O)(=O)N(c2ccc(C)cc2)c3ccc(C)cc3,0.06,0.33293718728384225,0.27293718728384225
942,test,O=C1NC=Nc2scc(c3cccs3)c12,2.18,2.0005174061117907,-0.17948259388820942
4169,test,CCC(CC)NC(=O)c1cnn(Cc2ccccc2)c1NS(=O)(=O)c3ccc(C)cc3,1.52,1.563911005474968,0.04391100547496807
4143,test,Cc1ccc(cc1)c2c[nH]nn2,2.58,2.199276805518679,-0.38072319448132097
96,test,CCN(CC)CCCCNc1ncc2CN(C(=O)N(Cc3cccc(NC(=O)C=C)c3)c2n1)c4c(Cl)c(OC)cc(OC)c4Cl,2.04,2.136908394583361,0.09690839458336109
1593,test,O=C1C2=Nc3ccccc3CN2c4ccccc14,2.71,2.0820826277381443,-0.6279173722618556
4060,test,CN(C)CCCOc1nccc(Nc2cc(NC(=O)c3ccnc(c3)N4CCOCC4)ccc2C)n1,1.3,1.8916993750482105,0.5916993750482105
1346,test,COc1ccnc(NC2CCN(CC2)C(=O)c3ccccc3)c1,2.06,2.359915485739929,0.2999154857399291
3454,test,Cc1ccc(cc1)S(=O)(=O)NC(=O)NN2CCCCCC2,0.01,0.5675705491412086,0.5575705491412086
3582,test,Nc1nc(O)cc(n1)c2ccc(O)cc2,1.05,1.617961752907662,0.5679617529076619
