row,partition,smiles,actual,predicted,residual
2030,train,CN[C@@H](C)C(=O)N[C@H](C(=O)N[C@H]1CCCN(C1)S(=O)(=O)c2ccccc2)C(C)(C)C,0.9,2.1903154761904764,1.2903154761904765
3043,train,CSc1ccc(cc1)C(=O)C(C)(C)N2CCOCC2,3.49,2.1903154761904764,-1.2996845238095238
3552,train,CC(CC(=O)NCc1ccccc1)C2CCCO2,2.1,2.1903154761904764,0.09031547619047631
380,train,O[C@@H](CNCCCSCCNCCc1ccccc1Cl)c2ccc(O)c3NC(=O)Sc23,0.99,2.1903154761904764,1.2003154761904764
730,train,NC1=NC(Nc2c(F)ccc(F)c12)c3occc3,1.2,2.1903154761904764,0.9903154761904764
1335,train,CN1CCN(CC1)c2ccc(Nc3ncc(C)c(Nc4cccc(c4)S(=O)(=O)NC(C)(C)C)n3)cc2,2.84,2.1903154761904764,-0.6496845238095235
3786,train,COCCCCC(=NOCCN)c1ccc(cc1)C(F)(F)F,1.55,2.1903154761904764,0.6403154761904764
1827,train,CC[C@H](NC(=O)c1c(CC[S+](C)[O-])c(nc2ccccc12)c3ccccc3)c4ccccc4,3.15,2.1903154761904764,-0.9596845238095235
558,train,Cc1ccccc1CN2C=CN3C(=O)C=C(N=C23)N4CCOCC4,2.3,2.1903154761904764,-0.10968452380952343
2733,train,Fc1cc(ccc1C2=CCOCC2)N3C[C@H](COc4ccon4)OC3=O,2.61,2.1903154761904764,-0.4196845238095235
696,train,CN1C(=O)N(CC2CC2)c3nn(Cc4ccnc5ccc(Cl)cc45)c(c6cc(oc6C)C#N)c3C1=O,4.26,2.1903154761904764,-2.0696845238095234
649,train,Nc1c(NC2CCOC2)nc(nc1N3CCOCC3)C#N,1.6,2.1903154761904764,0.5903154761904763
1059,train,ONC(=O)c1ccc(NS(=O)(=O)c2ccccc2)cc1,0.75,2.1903154761904764,1.4403154761904764
2266,train,Cc1ccccc1C(=O)N2CCN(CC2)c3ccccn3,2.18,2.1903154761904764,0.010315476190476236
3410,train,COc1ccc(COc2ccc(Cc3cnc(N)nc3N)cc2OC)cc1,2.27,2.1903154761904764,-0.07968452380952362
1046,train,CC(=O)NC[C@H]1CN(C(=O)O1)c2ccc(c(F)c2)n3ccc(c3)C#N,1.6,2.1903154761904764,0.5903154761904763
1057,train,Clc1ccc(c(Cl)c1)c2nnc3cccc(Cl)n23,2.88,2.1903154761904764,-0.6896845238095235
4075,train,CCOc1ccc(cc1)c2cnc3CCCCCn23,3.01,2.1903154761904764,-0.8196845238095234
385,train,CN1CCCC(CN2CCN(CC2)C(=O)Nc3ccc(Cl)c(Cl)c3)C1,1.98,2.1903154761904764,0.2103154761904764
4140,train,CC(C)(C)C(=O)N[C@H]1CCCCNC1=O,0.58,2.1903154761904764,1.6103154761904763
3926,train,C[C@H](NC(=O)\C=C\c1ccccc1)c2cccc(c2)N3CCOCC3,3.24,2.1903154761904764,-1.0496845238095238
155,train,COC(=O)C1=Nc2c(N[C@H](C)CO)nc(SCc3cccc(F)c3F)nc2NC1=O,2.49,2.1903154761904764,-0.2996845238095238
1316,train,Nc1[nH]ncc1S(=O)(=O)c2ccccc2,1.1,2.1903154761904764,1.0903154761904763
1991,train,CS(=O)(=O)N1CCOc2cc(COc3ccccc3)cnc12,2.4,2.1903154761904764,-0.20968452380952352
1275,train,NS(=O)(=O)c1cc2c(NC(NS2(=O)=O)C(Cl)Cl)cc1Cl,0.37,2.1903154761904764,1.8203154761904763
1371,train,COc1ccccc1C2=COc3cc(O)ccc3C2=O,2.55,2.1903154761904764,-0.3596845238095234
1315,train,O=C(Nc1ccc(nc1)n2ccnc2)c3ccc(cc3)C#N,2.2,2.1903154761904764,-0.009684523809523782
2028,train,CC(C)C(NC(=O)CN1C(=O)C(=CC=C1c2ccccc2)NS(=O)(=O)NCc3ccccc3)C(=O)C(F)(F)F,2.57,2.1903154761904764,-0.37968452380952344
1107,train,CCN(CC)C(C)C(=O)c1ccccc1,1.18,2.1903154761904764,1.0103154761904765
3391,train,NC1(CCC1)c2ccc(cc2)c3nc4ccccn4c3c5ccccc5,2.8,2.1903154761904764,-0.6096845238095234
2012,train,CNc1cccc(CCOc2ccc(C[C@H](NC(=O)c3c(C)cc(C)cc3C)C(=O)O)cc2)n1,0.52,2.1903154761904764,1.6703154761904764
3806,train,CN1CCN(CC1)c2ccc3N=CN(C(=O)c3c2)c4cc(NC(=O)c5cocc5)ccc4C,2.43,2.1903154761904764,-0.23968452380952376
2038,train,CNc1ncc(s1)C(=O)c2ccccc2,2.36,2.1903154761904764,-0.16968452380952348
2160,train,OC(=O)c1ccc2c(c1)nc(Nc3cccc(c3)C#C)c4ncncc24,0.92,2.1903154761904764,1.2703154761904765
1067,train,Cc1ccccc1C(=O)NCC23CC4CC(CC(C4)C2)C3,4.28,2.1903154761904764,-2.089684523809524
767,train,COc1cccc(Nc2nc(NCC3CCCO3)c4ccccc4n2)c1,3.9,2.1903154761904764,-1.7096845238095235
1952,train,OCCN1CCN(Cc2ccc3c(NC(=O)CC45CC6CC(CC(C6)C4)C5)c(Cl)ccc3n2)CC1,2.93,2.1903154761904764,-0.7396845238095238
439,train,CO[C@@H]1CC[C@@]2(CC1)Cc3ccc(cc3C24N=C(C)C(=N4)N)c5cncc(Br)c5,3.4,2.1903154761904764,-1.2096845238095235
995,train,C[C@@H]1CN(CCN1c2ncc(OCc3ccncc3C#N)cn2)C(=O)OC(C)(C)C,3.33,2.1903154761904764,-1.1396845238095237
4109,train,CS(=O)(=O)c1ccc(CC(=O)N(C2CC2)C3CCN(CCC(c4ccccc4)c5ccccc5)CC3)cc1,2.89,2.1903154761904764,-0.6996845238095237
3525,train,Oc1nc(nc2ccccc12)c3ccccc3,2.46,2.1903154761904764,-0.26968452380952357
684,train,O[C@@H](CNCCCCCCCCCN1CCC(CC1)OC(=O)Nc2ccccc2c3ccccc3)c4ccc(O)c5NC(=O)C=Cc45,2.16,2.1903154761904764,0.030315476190476254
668,train,Clc1cc(Cl)cc(CS(=O)(=O)NCC(N2CCCCCC2)c3ccccc3)c1,3.23,2.1903154761904764,-1.0396845238095236
2093,train,Cc1ccccc1CCOCCCS(=O)(=O)CCNCCc2ccc(O)c3nc(O)sc23,2.84,2.1903154761904764,-0.6496845238095235
1810,train,Cc1sc(CN2CCNCC2)cc1C(=O)NCC34CC5CC(CC(C5)C3)C4,2.55,2.1903154761904764,-0.3596845238095234
3844,train,NC(=O)c1ccc(O[C@H]2C[C@H]3CC[C@@H](C2)N3Cc4ccccc4)nc1,1.25,2.1903154761904764,0.9403154761904764
3141,train,COC[C@@H](O)CN1C(=O)C=NN(C1=O)c2ccc(Cl)c(c2)C(=O)NCC3(O)CCCCCC3,1.44,2.1903154761904764,0.7503154761904764
3577,train,NC(=N)c1cc2c(\C=C\c3ccc4OCOc4c3)cccc2s1,2.2,2.1903154761904764,-0.009684523809523782
3558,train,Oc1ccc2[nH]c(CN3CCC(Cc4ccc(F)cc4)CC3)nc2c1,3.8,2.1903154761904764,-1.6096845238095234
3633,train,CN1CCN(CC1)c2nc3ccccc3cc2Cn4nc(c5ccc6nc(N)sc6c5)c7c(N)ncnc47,3.09,2.1903154761904764,-0.8996845238095235
3113,train,Cc1sc2ncnc(SCC(=O)N3CCCC3)c2c1C,2.89,2.1903154761904764,-0.6996845238095237
2732,train,Cc1ccn2c(NC(=O)c3ccccc3)c(nc2c1)c4cccs4,2.87,2.1903154761904764,-0.6796845238095237
736,train,Fc1ccc(cc1)C(=O)C2CCN(CCN3C(=O)Nc4ccccc4C3=O)CC2,2.9,2.1903154761904764,-0.7096845238095235
671,train,COc1ccnc(C[S+]([O-])c2nc3cc(OC(F)F)ccc3[nH]2)c1OC,2.0,2.1903154761904764,0.1903154761904764
33,train,CS(=O)(=O)c1ccccc1C(=O)NC[C@@H](O)CN2CCC(CC2)Oc3ccc(Cl)c(Cl)c3,2.34,2.1903154761904764,-0.14968452380952346
2134,train,Oc1ccccc1OCC(=O)NC2CCCC2,2.31,2.1903154761904764,-0.11968452380952366
3286,train,CC1=CC2=NNC(=O)N2c3cc(ccc13)c4cn[nH]c4,2.13,2.1903154761904764,0.0603154761904765
4139,train,CC(=O)N[C@@H]1CC2(CCN(Cc3ccc4[nH]c5ccccc5c4c3)CC2)c6ccccc16,2.96,2.1903154761904764,-0.7696845238095236
3362,train,O=C1OC(=Cc2ccccc12)c3ccccc3,3.84,2.1903154761904764,-1.6496845238095235
3366,train,COc1cc2ncnc(Nc3ccc(F)c(Cl)c3)c2cc1OCCCN(C)C,2.9,2.1903154761904764,-0.7096845238095235
1998,train,NC(=O)CN1C(=O)C(Cc2ccccc12)NC(=O)c3cc4cc(Cl)sc4[nH]3,3.22,2.1903154761904764,-1.0296845238095238
3020,train,COc1cc(C)c(c(C)c1)S(=O)(=O)N(C)CCOCC(=O)N2CCC(CC2)C3CCN(C)CC3,0.3,2.1903154761904764,1.8903154761904764
1208,train,Clc1cccc2c3CN(CCc3[nH]c12)C(=O)[C@@H]4CCCC[C@H]4C(=O)NC5(CC5)C#N,3.59,2.1903154761904764,-1.3996845238095235
1147,train,CN1CCC[C@@H]1CCO[C@](C)(c2ccccc2)c3ccc(Cl)cc3,3.48,2.1903154761904764,-1.2896845238095236
3203,train,O=C1CC2(CCCC2)CC(=O)N1CCCCN3CCN(CC3)c4ncccn4,2.19,2.1903154761904764,0.00031547619047644915
2867,train,CCOc1ccc2C=CC(=O)Oc2c1,2.2,2.1903154761904764,-0.009684523809523782
4024,train,Cc1ccc(cc1)c2nnc(N3CCN(CC3)C(=O)c4occc4)c5ccccc25,3.78,2.1903154761904764,-1.5896845238095234
591,train,CCC(CCNC)Oc1cc(Cl)ccc1C#N,0.38,2.1903154761904764,1.8103154761904765
803,train,O=C(N[C@H]1CN2CCC1CC2)c3ccc(s3)c4ccccn4,0.7,2.1903154761904764,1.4903154761904764
148,train,O[C@@H](CNCCc1ccccc1CNCCc2ccccc2F)c3ccc(O)c4NC(=O)Sc34,1.58,2.1903154761904764,0.6103154761904763
3068,train,Nc1cccc(CCc2ccc3cc[nH]c3c2)n1,2.8,2.1903154761904764,-0.6096845238095234
3994,train,NC(=O)N1c2ccccc2C=Cc3ccccc13,1.65,2.1903154761904764,0.5403154761904765
3510,train,Oc1cc(nc2ncnn12)c3ccccc3,-0.21,2.1903154761904764,2.4003154761904764
948,train,Nc1ncc([nH]1)c2ccc(F)cc2,1.39,2.1903154761904764,0.8003154761904765
3484,train,COC(=O)CCCCCCC(=O)Nc1ccc2c(c1)C(=O)C(=O)c3ccccc23,2.9,2.1903154761904764,-0.7096845238095235
1941,train,Cc1[nH]c(C(=O)NC2CCN(CC2)c3nc(cs3)C(=O)O)c(Cl)c1Cl,0.14,2.1903154761904764,2.0503154761904763
1747,train,O[C@]1(CN2CCC1CC2)C#Cc3ccc(Oc4ccc(cc4)C(=O)NCc5ccncn5)cc3,1.78,2.1903154761904764,0.41031547619047637
1089,train,Cc1sc2c(C(=N[C@@H](CC(=O)OC(C)(C)C)c3nnc(C)n23)c4ccc(Cl)cc4)c1C,3.82,2.1903154761904764,-1.6296845238095234
3448,train,COc1cc2ncnc(NCc3ccccc3)c2cc1OC,3.29,2.1903154761904764,-1.0996845238095236
4076,train,CNc1c(Br)cnc2[nH]c(nc12)c3ccnc(N)c3,2.83,2.1903154761904764,-0.6396845238095237
3623,train,Cc1ccc(cc1)S(=O)(=O)Nc2ccc(\C=C\C(=O)Nc3ccccc3N)cc2,2.82,2.1903154761904764,-0.6296845238095234
3680,train,Cc1cc(CN2Cc3cccnc3CC2C(=O)Nc4ccc(Cl)cc4Cl)ccc1OCC(=O)O,1.15,2.1903154761904764,1.0403154761904765
3042,train,c1ccc(cc1)C#Cc2n[nH]c3ccccc23,4.31,2.1903154761904764,-2.119684523809523
1843,train,Nc1nccc(n1)n2ccc3ccccc23,2.71,2.1903154761904764,-0.5196845238095236
935,train,COc1cc2ncc(C(=O)N)c(Nc3ccc(F)cc3F)c2cc1NCCN4CCCCC4,2.52,2.1903154761904764,-0.3296845238095236
3954,train,COc1ccccc1Oc2c(NS(=O)(=O)c3ccc(cc3)C(C)(C)C)nc(nc2OCCO)c4ncccn4,1.03,2.1903154761904764,1.1603154761904764
3182,train,CC(O)c1ccc2OCC(=O)N(CCN3CCC(CC3)NCc4ccc5OCC(=O)Nc5n4)c2c1,0.25,2.1903154761904764,1.9403154761904764
3615,train,CCCCC1(CC)C(=O)NC(=O)NC1=O,1.5,2.1903154761904764,0.6903154761904764
1084,train,C[C@H](NC(=O)Cc1cc(F)cc(F)c1)C(=O)NC2C(=O)N(C)c3ccccc3c4ccccc24,3.6,2.1903154761904764,-1.4096845238095237
1822,train,Cc1cc2NC(=O)C(=CC(=O)c2cc1C)O,1.99,2.1903154761904764,0.2003154761904764
4005,train,OCCNC(=O)CN1C(=O)C(Cc2ccccc12)NC(=O)c3cc4cc(Cl)sc4[nH]3,3.05,2.1903154761904764,-0.8596845238095234
1574,train,CC(=O)Nc1ccc(O)cc1OC[C@@H](O)CN2CCC3(CC2)Cc4cc(Cl)ccc4O3,2.76,2.1903154761904764,-0.5696845238095234
4173,train,COc1cc2ncnc(Oc3cnn(CC(=O)Nc4ccc(cn4)N(C)C)c3)c2cc1OC,2.36,2.1903154761904764,-0.16968452380952348
2358,train,Oc1ccc(cc1)c2ccc(cc2)C3(O)CN4CCC3CC4,0.95,2.1903154761904764,1.2403154761904764
2952,train,Oc1ccc(cc1)N2C(=O)c3ccccc3C2=O,2.0,2.1903154761904764,0.1903154761904764
1283,train,COc1ccc(cc1)S(=O)(=O)Nc2ccccn2,0.87,2.1903154761904764,1.3203154761904763
4019,train,CC(C)CCOc1ccc(N)cc1,2.67,2.1903154761904764,-0.47968452380952353
276,train,NC(=O)c1ccccc1OCc2ccccc2,2.5,2.1903154761904764,-0.3096845238095236
2816,train,Clc1ccc(OC2CCN(CC2)C3CCN(CC3)C(=O)c4ccc(cc4)c5nn[nH]n5)cc1Cl,1.53,2.1903154761904764,0.6603154761904764
1733,train,CC(C)(C)OC(=O)N1CCN(CC1)c2ccc(OCc3ccc(cc3)S(=O)(=O)C)cn2,3.2,2.1903154761904764,-1.0096845238095238
3201,train,OC1(CCc2ccc(Oc3ccc(cc3)C(=O)NCc4ccncn4)cc2)CN5CCC1CC5,0.76,2.1903154761904764,1.4303154761904764
3648,train,C[C@H](CO)Nc1nc(SCc2cccc(F)c2F)nc3nc(NS(=O)(=O)C)sc13,0.92,2.1903154761904764,1.2703154761904765
2803,train,[O-][N+](=O)c1ccc2NC(=O)CN=C(c3ccccc3Cl)c2c1,3.72,2.1903154761904764,-1.5296845238095238
3470,train,Cc1cccc(NC(=O)NCC(N2CCOCC2)c3cccnc3)c1,2.0,2.1903154761904764,0.1903154761904764
3970,train,OC(=O)C1CCn2c1ccc2C(=O)c3ccccc3,-0.93,2.1903154761904764,3.1203154761904766
3375,train,OC(=O)c1ccc2[nH]c(nc2c1)C(F)(F)F,-1.08,2.1903154761904764,3.2703154761904765
2957,train,CN1CCC(CC1)n2cc(cn2)c3cnc(N)c(c3)c4oc5cc(F)ccc5n4,3.35,2.1903154761904764,-1.1596845238095237
3390,train,CN1CCN(CC1)c2ccc3N=CN(C(=O)c3c2)c4cc(ccc4C)C(=O)NC5CCC5,2.25,2.1903154761904764,-0.059684523809523604
3764,train,N#Cc1cccc(c1)c2onc(n2)c3ccccn3,2.2,2.1903154761904764,-0.009684523809523782
3988,train,OCC1=CC2=NNC(=O)N2c3cc(ccc13)c4ccc[nH]4,2.19,2.1903154761904764,0.00031547619047644915
2577,train,Cc1oncc1C(=O)Nc2ccc(cc2)C(F)(F)F,3.9,2.1903154761904764,-1.7096845238095235
1189,train,CN(C)c1nc(Cc2ccc(NC(=O)c3ccc(cc3)C(F)(F)F)cc2)nc(N(C)C)c1CC(=O)O,1.46,2.1903154761904764,0.7303154761904764
1027,train,CN[C@@H](C)C(=O)N[C@H](C(=O)N[C@H]1CCCN(CCc2ccc(OC)cc2)C1)C(C)(C)C,1.45,2.1903154761904764,0.7403154761904764
2371,train,CN(C1CCN(Cc2ccc(cc2)C(F)(F)F)CC1)C(=O)Cc3ccc(cc3)n4cnnn4,3.0,2.1903154761904764,-0.8096845238095236
3107,train,CC(=N)NCc1ccccc1,-0.28,2.1903154761904764,2.4703154761904766
2840,train,CC(C)n1c(C)ncc1c2ccnc(Nc3ccc(cc3)N4CCN(CC4)C(=O)CO)n2,1.69,2.1903154761904764,0.5003154761904764
1169,train,CCn1cnc(c2ccccc2)c1c3nc4c(N)ncnc4s3,2.97,2.1903154761904764,-0.7796845238095238
2261,train,O=C1N(C(=Nc2c1cnn2c3ccccc3)c4occc4)c5ccccc5,3.29,2.1903154761904764,-1.0996845238095236
2595,train,C[C@H](Nc1ncc(F)c(Nc2cc(C)[nH]n2)n1)c3ncc(F)cn3,1.79,2.1903154761904764,0.40031547619047636
1853,train,NC1=CC2=NNC(=O)N2c3cc(ccc13)c4cccs4,3.26,2.1903154761904764,-1.0696845238095234
1905,train,Oc1nc2cc(Cl)c(Cl)c(c2nc1O)[N+](=O)[O-],0.21,2.1903154761904764,1.9803154761904764
976,train,COC[C@H](C)Oc1cc(O[C@@H](C)Cc2ccccc2)cc(c1)C(=O)Nc3ccc(cn3)C(=O)O,1.5,2.1903154761904764,0.6903154761904764
2794,train,O=C1Nc2ccc(cc2C1=O)S(=O)(=O)N3CCC[C@H]3COc4ccccc4,2.7,2.1903154761904764,-0.5096845238095238
1256,train,OC(=O)[C@H](Cc1ccc(F)cc1)N2CCC(CN3CCC(CC3)Oc4ccc(Cl)c(Cl)c4)CC2,2.98,2.1903154761904764,-0.7896845238095236
4130,train,OC12CC3CC(C1)CC(C3)(C2)NCC(=O)N4CCC[C@H]4C#N,-0.48,2.1903154761904764,2.6703154761904764
476,train,CCCS(=O)(=O)N1CCCC(C1)C(=O)N2CCC(Cc3ccccc3)CC2,3.44,2.1903154761904764,-1.2496845238095236
2954,train,Cn1cc(cc1C=O)C(=O)CCCCOc2ccc(cc2)C(=O)O,0.14,2.1903154761904764,2.0503154761904763
3081,train,Nc1nc2OC(COc3ccccc3)Cc2c(N)c1C#N,2.08,2.1903154761904764,0.11031547619047632
2078,train,CNS(=O)(=O)c1ccc2C(=CNC(=O)c2c1)C(=O)NC[C@@H](O)CN3CCC(CC3)Oc4ccc(Cl)c(Cl)c4,2.77,2.1903154761904764,-0.5796845238095236
2727,train,Cc1nsc(C)c1CCC2CCN(CC2)S(=O)(=O)CC3(CCOCC3)N(O)C=O,1.5,2.1903154761904764,0.6903154761904764
4170,train,Oc1cccc2Oc3ccccc3C(=O)c12,3.8,2.1903154761904764,-1.6096845238095234
319,train,CC[C@H](NC(=O)c1c([S+](C)[O-])c(nc2cc(Br)ccc12)c3ccccc3)c4ccccc4,3.18,2.1903154761904764,-0.9896845238095238
3570,train,CNS(=O)(=O)NC1=CC=C(N(CC(=O)NC(C(C)C)C(=O)C(F)(F)F)C1=O)c2ccccc2,1.79,2.1903154761904764,0.40031547619047636
3443,train,CN(C)CC(O)COc1ccc(Nc2nccc(Nc3cc(C)ccc3Cl)n2)cc1,2.6,2.1903154761904764,-0.4096845238095237
2123,train,CS(=O)(=O)c1cccc(Nc2nccc(Nc3cccc4CCOc34)n2)c1,3.0,2.1903154761904764,-0.8096845238095236
4190,train,Cc1cccc(Nc2oc(nn2)C(=O)Nc3ccc(nc3)N4CCOCC4)c1,3.42,2.1903154761904764,-1.2296845238095235
472,train,O=C(NC1CCCC1)C(N(Cc2occc2)C(=O)c3ccc([nH]3)c4ccccc4)c5ccncc5,4.36,2.1903154761904764,-2.169684523809524
3682,train,O=C(NC1(CC1)C#N)[C@@H]2CCCC[C@H]2C(=O)N3CCN(CC3)c4nc(cs4)c5ccccc5,3.5,2.1903154761904764,-1.3096845238095236
4046,train,C[C@](O)(CS(=O)(=O)c1ccc(F)cc1)C(=O)Nc2ccc(C#N)c(c2)C(F)(F)F,2.87,2.1903154761904764,-0.6796845238095237
2849,train,C1Oc2ccc(Oc3cc(Oc4ccc(cc4)n5ccnc5)ncn3)cc2O1,3.17,2.1903154761904764,-0.9796845238095235
4061,train,NNC(=O)c1ccncc1,-0.57,2.1903154761904764,2.7603154761904762
2325,train,Nc1ccc(N=Nc2ccccc2)c(N)n1,3.22,2.1903154761904764,-1.0296845238095238
1518,train,CC(C)n1c(C)ncc1c2ccnc(Nc3ccc(cc3)C(=O)NCCO)n2,2.09,2.1903154761904764,0.10031547619047654
4033,train,CCCNC(=O)c1cc2c(c(cnc2[nH]1)c3cncc(c3)C(=O)O)n4ccc(n4)C(F)(F)F,-0.79,2.1903154761904764,2.9803154761904764
1156,train,CN(CCO)C(=O)c1ccc(cc1)[C@@H](N2CCN(Cc3ccc(F)cc3)CC2)c4cccc(NC(=O)C5CC5)c4,3.38,2.1903154761904764,-1.1896845238095235
2322,train,COc1cc2ncnc(Nc3cccc(Cl)c3F)c2cc1CN4CCC[C@H]4C(=O)N,3.58,2.1903154761904764,-1.3896845238095237
2560,train,CSc1nc(C(=O)N)c(N)s1,1.21,2.1903154761904764,0.9803154761904764
594,train,COCCC(=O)N[C@H](C)c1ccc(Nc2ncc3cc(ccc3n2)c4ccncc4)cc1,3.08,2.1903154761904764,-0.8896845238095237
364,train,C[C@@H](CNC(=O)c1c(O)c(O)cc2c(O)c(c(C)cc12)c3c(C)cc4c(C(=O)NC[C@H](C)c5ccccc5)c(O)c(O)cc4c3O)c6ccccc6,3.48,2.1903154761904764,-1.2896845238095236
3732,train,CC(=O)NCc1ccc(CN2CCN(CC2)c3ccc(F)cc3F)cc1,2.5,2.1903154761904764,-0.3096845238095236
1713,train,OC(=O)CCC(=O)c1ccc(cc1)c2ccccc2,0.58,2.1903154761904764,1.6103154761904763
2087,train,CC(N)(COP(=O)(O)O)C(=O)O,2.5,2.1903154761904764,-0.3096845238095236
2963,train,CC(=O)NC[C@H]1CN(C(=O)O1)c2ccc(c(F)c2)n3ccnc3,0.7,2.1903154761904764,1.4903154761904764
1837,train,CCCc1nc2c(C)cc(cc2n1Cc3ccc(cc3)c4ccccc4C(=O)O)c5nc6ccccc6n5C,2.21,2.1903154761904764,-0.01968452380952357
553,train,COc1ccc(c(C)n1)c2cccc3c(N)c4C(=O)N(Cc4nc23)C5CCC5,3.92,2.1903154761904764,-1.7296845238095235
1588,train,O=C(Nc1oc(nn1)C(=O)Nc2ccc(cc2)N3CCOCC3)c4ccccc4,1.02,2.1903154761904764,1.1703154761904764
3580,train,c1ccc2c(c1)nnn2c3ccncc3,1.69,2.1903154761904764,0.5003154761904764
2405,train,CC1CC(NC(=O)C)c2ccccc2N1C(=O)c3ccccc3,2.0,2.1903154761904764,0.1903154761904764
2812,train,OC(=O)C(N1CCO[C@@H](CN2CCC(CC2)Oc3ccc(Cl)c(Cl)c3)C1)c4ccccc4,1.71,2.1903154761904764,0.48031547619047643
784,train,C[C@H]1[C@@H]2CN(CCN3CCOCC3)CC[C@H]2Cc4[nH]c5ccc(cc5c14)C(F)(F)F,2.87,2.1903154761904764,-0.6796845238095237
831,train,COc1cccc2c(ccnc12)c3c(C)n(CC(=O)O)c4ccc(C)cc34,0.49,2.1903154761904764,1.7003154761904764
1032,train,CC1SC2=C(C(=O)O)C(=O)c3cc(F)c(cc3N12)N4CCNCC4,-1.1,2.1903154761904764,3.2903154761904765
735,train,C[C@@H](O)[C@@H](CO)Nc1nc(SCc2cccc(F)c2F)nc3nc(N)sc13,2.83,2.1903154761904764,-0.6396845238095237
4152,train,Nc1ccc(cn1)C(=O)Nc2cccc(c2)c3nc(N4CCOCC4)c5oc6ncccc6c5n3,3.44,2.1903154761904764,-1.2496845238095236
3653,train,C[C@H](Nc1nc(Nc2ncc(C)s2)cc(n1)N3CCN(C)CC3)c4ccc(F)cn4,2.9,2.1903154761904764,-0.7096845238095235
569,train,CN(c1ccnc(Nc2cc(cc(c2)N3CCN(C)CC3)N4CCOCC4)n1)c5cc(CO)ccc5C,2.61,2.1903154761904764,-0.4196845238095235
3657,train,CC1=C(Cc2ccccc2)C(=O)n3nc(NCc4cccc(Cl)c4)nc3N1,3.6,2.1903154761904764,-1.4096845238095237
3146,train,CS(=O)(=O)c1ccc(c(Cl)c1)c2cc(ccc2OCC(=O)O)C(F)(F)F,-0.52,2.1903154761904764,2.7103154761904764
1495,train,CC1=CC2=NNC(=O)N2c3cc(ccc13)c4ccc(cc4)C(=O)N5CCOCC5,2.77,2.1903154761904764,-0.5796845238095236
3903,train,Cc1ccc(NC(=O)[C@@H]2CCCN2S(=O)(=O)c3cccc4cccnc34)c(C)c1,3.8,2.1903154761904764,-1.6096845238095234
1692,train,OB1N(C(=Nc2ccccc12)S)c3cccnc3,-0.62,2.1903154761904764,2.8103154761904765
3647,train,Cc1cccc(Br)c1C(=O)N[C@@H](Cc2ccc(NC(=O)c3c(Cl)cccc3Cl)cc2)C(=O)O,-0.13,2.1903154761904764,2.3203154761904763
1065,train,C[C@@H](Oc1cc(cnc1N)c2cnn(c2)C3CCNCC3)c4c(Cl)ccc(F)c4Cl,2.33,2.1903154761904764,-0.13968452380952368
267,train,N#CC[C@H](C1CCCC1)n2cc(cn2)c3ncnc4[nH]ccc34,2.55,2.1903154761904764,-0.3596845238095234
748,train,COc1ccc(cc1)C(=O)C2CCN(CC2)C(=O)c3ccc(F)cc3,2.92,2.1903154761904764,-0.7296845238095235
1334,train,CC(C)CN1C(=O)N(C)C(=O)c2c1sc(Cc3ccccc3C(F)(F)F)c2C(=O)N4C[C@H](O)CO4,3.15,2.1903154761904764,-0.9596845238095235
387,train,Cc1ccc(cc1)S(=O)(=O)NC(=O)N2CCC(CC2)N3CCC(CC3)Oc4ccc(Cl)cc4,1.6,2.1903154761904764,0.5903154761904763
3839,train,CNC(=O)c1ccc(Nc2nccc(n2)c3cnc(C)n3C(C)C)cc1,2.69,2.1903154761904764,-0.49968452380952355
72,train,Cn1cncc1c2c3C(=O)N(CC#C)C(=O)N(CC4CC4)c3nn2Cc5ccnc6ccc(Cl)cc56,3.16,2.1903154761904764,-0.9696845238095237
1688,train,CC(C)NC(=O)c1c(C)nn(c1NS(=O)(=O)c2ccc(C)cc2)c3ccccc3,0.46,2.1903154761904764,1.7303154761904764
2198,train,CC1=CN([C@H]2CCCN(C2)[C@H](CC3CCOCC3)c4ccc(C(=O)O)c(Oc5cccc(Cl)c5)c4)C(=O)NC1=O,-0.25,2.1903154761904764,2.4403154761904764
245,train,O=C(C1CCCCC1)N2CC3N(CCc4ccccc34)C(=O)C2,2.43,2.1903154761904764,-0.23968452380952376
1366,train,CCOc1ccc2nc(NC(=O)CC)sc2c1,3.4,2.1903154761904764,-1.2096845238095235
1613,train,CCN(C1CCN(CCC(C2CCN(CC2)S(=O)(=O)CC)c3ccccc3)CC1)C(=O)Cc4ccc(cc4)S(=O)(=O)C,1.63,2.1903154761904764,0.5603154761904765
3870,train,Clc1ccc(cc1Cl)C2CNCC=CC2,1.86,2.1903154761904764,0.3303154761904763
3014,train,O[C@H](CNC(=O)c1cnnc2ccccc12)CN3CCC(CC3)Oc4ccc(Cl)c(Cl)c4,3.28,2.1903154761904764,-1.0896845238095234
2506,train,CN(C)C(=O)N[C@@H]1CC[C@@H](CCN2CCN(CC2)c3ccc(Cl)c(Cl)c3)CC1,3.15,2.1903154761904764,-0.9596845238095235
1441,train,Clc1ccc(NC(=O)N2CCN(C[C@@H]3CCCN(C3)C4CC4)CC2)cc1Cl,3.57,2.1903154761904764,-1.3796845238095234
1171,train,CN(c1ncccc1CNc2nc(Nc3ccc4NC(=O)Cc4c3)ncc2C(F)(F)F)S(=O)(=O)C,2.63,2.1903154761904764,-0.4396845238095235
511,train,CN1CC=CCC(C1)c2oc3ccccc3c2,2.47,2.1903154761904764,-0.2796845238095238
2913,train,CCN(CC)CCNC(=O)c1cc(Cl)c(N)cc1OC,0.34,2.1903154761904764,1.8503154761904763
3885,train,Brc1ccc(OC(=O)N2CCN3CCC2CC3)cc1,1.58,2.1903154761904764,0.6103154761904763
3241,train,Nc1ncc(cc1c2oc3ccccc3n2)c4cnn(c4)C5CCN(CC5)C(=O)CO,3.2,2.1903154761904764,-1.0096845238095238
4042,train,CC1=CC2=NNC(=O)N2c3cc(ccc13)c4cccc(CO)c4,3.36,2.1903154761904764,-1.1696845238095235
2269,train,COC1CCN(CC1)C(=O)C2CCN(CCc3c([nH]c4sc(cc34)C(C)(C)C(=O)N5C6CCC5CC6)c7cc(C)cc(C)c7)CC2,4.09,2.1903154761904764,-1.8996845238095235
2797,train,CC(C)c1ccc(NC(=O)NCCCSC[C@H]2O[C@H]([C@H](O)[C@@H]2O)n3cnc4c(N)ncnc34)cc1,2.5,2.1903154761904764,-0.3096845238095236
1901,train,Nc1nc(cs1)c2ccc(Cl)cc2,3.31,2.1903154761904764,-1.1196845238095237
3381,train,COc1cccc(Nc2c(cnc3c(C)cc(cc23)S(=O)(=O)c4cccc(c4)C(=O)N(C)C)C(=O)N)c1,2.69,2.1903154761904764,-0.49968452380952355
2902,train,Oc1ccc(CCNCCNS(=O)(=O)CCOCCCc2ccccc2)c3sc(O)nc13,2.22,2.1903154761904764,-0.0296845238095238
1436,train,CCC(N1NC(=O)c2nc3cc(Cl)ccc3c(O)c2C1=O)c4cccnc4,0.7,2.1903154761904764,1.4903154761904764
2931,train,CCOC(=O)c1c(C)n(Cc2occc2)c3ccc(O)cc13,3.5,2.1903154761904764,-1.3096845238095236
866,train,COc1ccc2N=CC(=O)N(CCN3CC[C@H](NCc4cc5OCCOc5cn4)[C@H](O)C3)c2c1,0.77,2.1903154761904764,1.4203154761904764
1633,train,Cc1ccc(c(C)c1)c2nnc(O)c3ccccc23,3.41,2.1903154761904764,-1.2196845238095237
2488,train,CCC(Oc1ccc(cc1c2ccc(cc2C)S(=O)(=O)CC)C(F)(F)F)C(=O)O,0.31,2.1903154761904764,1.8803154761904763
4074,train,Clc1cccc(C(=O)NCC23CC4CC(CC(C4)C2)C3)c1Cl,4.37,2.1903154761904764,-2.1796845238095237
4091,train,Fc1cccc(Nc2oc(nn2)C(=O)Nc3ccc(nc3)N4CCOCC4)c1,3.2,2.1903154761904764,-1.0096845238095238
1582,train,O=S(=O)(NCC(N1CCCCCC1)c2ccccc2)c3cccnc3,2.1,2.1903154761904764,0.09031547619047631
2210,train,Cn1cncc1c2c3C(=O)N(C4CC4)C(=O)N(CC5CC5)c3nn2Cc6ccnc7ccc(Cl)cc67,3.53,2.1903154761904764,-1.3396845238095234
1448,train,COC(=O)CCCCCCC(=O)Nc1ccc2C(=O)C(=O)c3ccccc3c2c1,2.6,2.1903154761904764,-0.4096845238095237
1509,train,CCC1(C)CC(=O)NC1=O,0.23,2.1903154761904764,1.9603154761904764
2763,train,Cc1cc(C)n(n1)c2cccc(Cl)c2C#N,3.0,2.1903154761904764,-0.8096845238095236
2061,train,Clc1cccc(c1)S(=O)(=O)NC(=O)N2CCC(CC2)N3CCC(CC3)Oc4ccc(Cl)c(Cl)c4,2.62,2.1903154761904764,-0.4296845238095237
3089,train,CCCCN(CCNCCc1ccc(O)c2NC(=O)Sc12)C(=O)CCOCCc3ccccc3,3.0,2.1903154761904764,-0.8096845238095236
2247,train,COc1cc2c(Nc3ccc(Cl)cc3F)ncnc2cc1OC[C@@H]4CCCN(C)C4,2.9,2.1903154761904764,-0.7096845238095235
457,train,NC(=O)Nc1sc(cc1C(=O)N)c2ccc(CNC3CCCC3)cc2,1.22,2.1903154761904764,0.9703154761904764
2323,train,CC(C)NNC(=O)c1ccncc1,0.33,2.1903154761904764,1.8603154761904763
3605,train,Cc1c(N)cccc1CN2C=CC(=CC2=O)OCCc3cccs3,2.78,2.1903154761904764,-0.5896845238095234
3122,train,CC(C)C(NC(=O)CN1C(=O)C(=CC=C1c2ccccc2)NC(=O)C)C(=O)C(F)(F)F,1.78,2.1903154761904764,0.41031547619047637
15,train,Nc1ccc(cc1)c2nc3ccc(O)cc3s2,3.2,2.1903154761904764,-1.0096845238095238
94,train,CCN1CCN(CC1)c2ccc(Nc3cc(ncn3)N(C)C(=O)Nc4c(Cl)c(OC)cc(OC)c4Cl)cc2,3.7,2.1903154761904764,-1.5096845238095238
2983,train,CC1=C(C(=O)N(C[C@H](N)c2ccccc2)C(=O)N1Cc3c(F)cccc3F)c4ccccc4F,2.76,2.1903154761904764,-0.5696845238095234
3685,train,CC(C)n1c(C)ncc1c2nc(Nc3ccc(C(=O)N)c(F)c3)ncc2F,3.14,2.1903154761904764,-0.9496845238095237
463,train,Fc1cc(F)cc(c1)c2cc(on2)N(CCCN3CCCCCC3)Cc4ccc5OCOc5c4,3.84,2.1903154761904764,-1.6496845238095235
1479,train,CCn1cc(NC(=O)Cc2ccc(Oc3ccnc4cc(OC)c(OC)cc34)cc2OC)cn1,3.42,2.1903154761904764,-1.2296845238095235
1503,train,CC(C)C[C@H](CO)Nc1nc(SCc2ccncc2)nc3nc(N)sc13,2.9,2.1903154761904764,-0.7096845238095235
84,train,Oc1cc(nc2ccnn12)c3ccccc3,1.3,2.1903154761904764,0.8903154761904764
2531,train,O=C(CC1CCCCCC1)Nc2cccc3C(=O)N(C=Cc23)[C@H]4CCNC4,1.15,2.1903154761904764,1.0403154761904765
3681,train,C1CN2CCC1C(C2)c3oc(nn3)c4oc(cc4)c5cccnc5,1.2,2.1903154761904764,0.9903154761904764
3867,train,Cc1ccc2cc(C)c3nnc(SCC(=O)N4CCN(CC4)C(=O)c5occc5)n3c2c1,2.3,2.1903154761904764,-0.10968452380952343
2943,train,Brc1ccc(s1)S(=O)(=O)NCC(N2CCCCCC2)c3ccccc3,3.52,2.1903154761904764,-1.3296845238095236
2237,train,COc1cc(cc(OC)c1OC)C(=O)N2CC[C@@](CCN3CCC(CC3)(C(=O)N)c4ccccc4)(C2)c5ccc(Cl)c(Cl)c5,3.23,2.1903154761904764,-1.0396845238095236
3734,train,Clc1ccc(cc1C(=O)NCC23CC4CC(CC(C4)C2)C3)N5CCNCC5,1.77,2.1903154761904764,0.4203154761904764
3675,train,CCOC(=O)c1cnc2c(N)cccc2c1O,0.9,2.1903154761904764,1.2903154761904765
189,train,Cc1ccccc1c2c(C(=O)O)n(CCCOc3cccc4ccccc34)c5ccccc25,3.89,2.1903154761904764,-1.6996845238095237
1109,train,Oc1cc(nc2ccccc12)c3ccccc3,2.54,2.1903154761904764,-0.34968452380952364
2244,train,OC1=C(C(=O)Nc2cc(Cl)ccc12)c3cccc(Oc4ccccc4)c3,2.96,2.1903154761904764,-0.7696845238095236
611,train,CS(=O)(=O)c1ccccc1C(=O)NCC(O)CNC2CCN(Cc3ccc(Cl)c(Cl)c3)CC2,1.21,2.1903154761904764,0.9803154761904764
967,train,CCN(CC)C(=O)c1ccc(cc1)C(=C2CCN(Cc3ccc(F)cc3)CC2)c4cccnc4,3.65,2.1903154761904764,-1.4596845238095235
2008,train,CCCSc1nc(ccc1C(=O)NC2CCCCC2)N3CCCCC3C(=O)O,1.36,2.1903154761904764,0.8303154761904763
2823,train,CCOC(=O)\C=C\[C@H](C[C@@H]1CCNC1=O)NC(=O)[C@H](CC#C)N2C=CC=C(NC(=O)c3cc(C)on3)C2=O,1.75,2.1903154761904764,0.4403154761904764
2927,train,CNC(=O)c1ccc(Nc2nccc(n2)c3cnc(C)n3C(C)C)cc1F,2.95,2.1903154761904764,-0.7596845238095238
1813,train,COc1cc2ncnc(Nc3cc(NC(=O)c4ccnc(c4)N5CCOCC5)ccc3C)c2cc1OCCN6CCCCC6,3.35,2.1903154761904764,-1.1596845238095237
471,train,NC(=O)c1cnc(N[C@H]2CCCNC2)c3cc(sc13)c4ccc(F)c(Cl)c4,2.94,2.1903154761904764,-0.7496845238095236
298,train,C[C@@](O)(C(=O)Nc1ccc(cc1Cl)S(=O)(=O)NCC=C)C(F)(F)F,3.07,2.1903154761904764,-0.8796845238095234
2058,train,NC(=N)Nc1ccc(cc1)C(=O)Oc2ccc(cc2)[N+](=O)[O-],0.5,2.1903154761904764,1.6903154761904764
61,train,Cc1ccccc1NC(=O)CCS(=O)(=O)c2ccc(Br)s2,2.7,2.1903154761904764,-0.5096845238095238
2273,train,CCN(CC)C(=O)c1ccc(cc1)[C@@H](N2CCN(CCOC)CC2)c3cccc(NC(=O)C4CC4)c3,2.35,2.1903154761904764,-0.1596845238095237
1471,train,CCCSc1nc(N[C@@H]2C[C@H]2c3ccccc3)c4nnn([C@@H]5C[C@@H]([C@@H](O)[C@H]5O)C(=O)N)c4n1,2.05,2.1903154761904764,0.14031547619047657
1493,train,CCCN(CCC)C(=O)c1cccc(c1)C(=O)N[C@@H](Cc2ccccc2)[C@H](O)CNC3Cc4ccccc4C3,3.3,2.1903154761904764,-1.1096845238095234
1497,train,CS(=O)(=O)NC(=O)CCCc1c([nH]c2ccc(cc12)C#N)c3ccc(F)cc3,1.5,2.1903154761904764,0.6903154761904764
4193,train,Oc1cccc(NC(=O)c2ccc(OCCCN3CCCC3)cc2OCc4ccccn4)c1,1.78,2.1903154761904764,0.41031547619047637
2652,train,C[C@H](Nc1nc(Nc2cc(C)[nH]n2)c(F)cc1C#N)c3ccc(F)cn3,3.11,2.1903154761904764,-0.9196845238095235
43,train,CCS(=O)(=O)c1ccc(c(C)c1)c2cc(ccc2O[C@H](C)C(=O)O)C(F)(F)F,-0.4,2.1903154761904764,2.5903154761904763
2034,train,Cc1ccc2c(c1)c([S+]([O-])c3ccc(Cl)cc3)c(C)n2CC(=O)O,0.05,2.1903154761904764,2.1403154761904766
823,train,CNC(=O)C[C@H](Nc1ncc(Cl)c(Nc2cc([nH]n2)C3CC3)n1)c4ccc(F)cc4,2.23,2.1903154761904764,-0.039684523809523586
283,train,CN1CCN2C(C1)c3ccccc3Cc4cccnc24,2.82,2.1903154761904764,-0.6296845238095234
3595,train,COc1ccccc1OCCNCC(O)COc2cccc3[nH]c4ccccc4c23,3.27,2.1903154761904764,-1.0796845238095236
3452,train,Cn1cnc2cc(OC(=O)c3ccccc3)cnc12,2.4,2.1903154761904764,-0.20968452380952352
4195,train,OCCc1ccc(NC(=O)c2cc3cc(Cl)ccc3[nH]2)cc1,3.85,2.1903154761904764,-1.6596845238095237
1868,train,Cc1ccc(cc1)S(=O)(=O)Nc2c(C(=O)NC3CCCCC3)c(C)nn2c4ccccc4,1.68,2.1903154761904764,0.5103154761904765
1004,train,OC(c1ccc(cc1)N(CC(F)(F)F)S(=O)(=O)c2ccccc2)(C(F)(F)F)C(F)(F)F,4.5,2.1903154761904764,-2.3096845238095236
12,train,O=C1CCCCCN1,-0.08,2.1903154761904764,2.2703154761904765
1824,train,CC(C)(c1cc(nc(n1)c2cccc3[nH]ccc23)N4CCOCC4)S(=O)(=O)C,2.65,2.1903154761904764,-0.4596845238095235
835,train,CC(=O)N1CCN(CC1)c2ccc(Nc3nccc(n3)c4cnc5ccccn45)cc2,2.82,2.1903154761904764,-0.6296845238095234
838,train,CCc1c(C)[nH]c2CCC(CN3CCOCC3)C(=O)c12,1.54,2.1903154761904764,0.6503154761904764
1404,train,Cc1cc(CN2Cc3ccccc3C2C(=O)Nc4ccc(Cl)cc4)ccc1OCC(=O)O,1.38,2.1903154761904764,0.8103154761904765
1720,train,CN[C@@H](C)C(=O)N[C@@H](C1CCCCC1)C(=O)N[C@H]2CCCN(CCCc3ccccc3)C2,2.6,2.1903154761904764,-0.4096845238095237
1340,train,NS(=O)(=O)c1cc(Cl)c(Cl)c(c1)S(=O)(=O)N,0.92,2.1903154761904764,1.2703154761904765
3626,train,CN(C\C=C\C#CC(C)(C)C)Cc1cccc2ccccc12,2.83,2.1903154761904764,-0.6396845238095237
852,train,Cc1nc(C)c(nc1C(=O)N)c2ccc(cc2)C34CCC(CC3)(CC4)C(=O)O,1.3,2.1903154761904764,0.8903154761904764
527,train,Nc1ccccc1NC(=O)c2ccc(cc2)C3CCN(CCC(=O)Nc4ccccc4F)CC3,2.76,2.1903154761904764,-0.5696845238095234
891,train,CNC(=O)c1cnn(c1NS(=O)(=O)c2ccc(C)cc2)c3ccccc3,-0.54,2.1903154761904764,2.7303154761904764
4172,train,COc1cc2c(Nc3c(Cl)ccc4OCOc34)ncnc2cc1OCCCN5CCCCC5,2.05,2.1903154761904764,0.14031547619047657
554,train,OC(=O)c1ccc(cc1)c2ccc(Cl)c(c2)C(=O)NCC34CC5CC(CC(C5)C3)C4,2.48,2.1903154761904764,-0.2896845238095236
2737,train,CC(=O)Nc1ccc(O)cc1,0.25,2.1903154761904764,1.9403154761904764
3826,train,C[C@H]1CN(Cc2cc(Cl)ccc2CC(=O)O)CCN1C(=O)Cc3ccc(Cl)cc3,1.66,2.1903154761904764,0.5303154761904765
3497,train,Cc1oc(cc1C(=O)O)c2ccc(Cl)cc2,1.67,2.1903154761904764,0.5203154761904765
1715,train,COc1cc(Nc2c(cnc3cc(OCCCN4CCN(C)CC4)c(OC)cc23)C#N)c(Cl)cc1Cl,3.5,2.1903154761904764,-1.3096845238095236
3426,train,COc1c(N2C[C@@H]3CCCN[C@@H]3C2)c(F)cc4C(=O)C(=CN(C5CC5)c14)C(=O)O,-0.18,2.1903154761904764,2.3703154761904766
1961,train,NNC1=Nc2ccccc2NC1=O,0.44,2.1903154761904764,1.7503154761904764
3013,train,COc1cc2nnc(C(=O)N)c(Nc3cc(C)ccc3F)c2cc1N4CCN(C)CC4,2.57,2.1903154761904764,-0.37968452380952344
2738,train,Cc1cc(NCc2ccccc2)nc3ccccc13,3.69,2.1903154761904764,-1.4996845238095236
822,train,O=C(NC1=CC(=CNC1=O)c2ccncc2)[C@H](Cc3ccccc3)NC4(CC4)c5ccccn5,3.44,2.1903154761904764,-1.2496845238095236
2330,train,Cc1ccc(cc1)N2NC(=O)c3cccnc23,2.1,2.1903154761904764,0.09031547619047631
3370,train,CCOc1cc(CC(=O)N[C@@H](CC(C)C)c2ccccc2N3CCCCC3)ccc1C(=O)O,2.31,2.1903154761904764,-0.11968452380952366
1886,train,Cc1cnc(NS(=O)(=O)c2ccccc2)c(C)n1,-0.03,2.1903154761904764,2.220315476190476
3409,train,CS(=O)(=O)Cc1cc(nc(n1)c2ccc(NS(=O)(=O)C)cc2)N3CCOCC3,0.85,2.1903154761904764,1.3403154761904763
3983,train,CN(C)C(=O)c1ccc(cc1)C(=C2CCN(Cc3cscn3)CC2)c4cccc5cccnc45,2.3,2.1903154761904764,-0.10968452380952343
63,train,COc1cccc(c1)c2c[nH]c(n2)c3ccccc3,3.8,2.1903154761904764,-1.6096845238095234
1130,train,C[C@@H](COCCCS(=O)(=O)CCNCCc1ccc(O)c2nc(O)sc12)c3ccccc3,2.32,2.1903154761904764,-0.12968452380952344
2650,train,NC1=NC(=CC(=O)N1)CCc2ccccc2,1.4,2.1903154761904764,0.7903154761904765
3018,train,CC(C)(C)OC(=O)N1CCN(CC1)c2ncc(OCc3c(F)cncc3F)cn2,3.7,2.1903154761904764,-1.5096845238095238
4103,train,NC1=NC2(CCN(CC2)C(=O)c3ccc(cc3)C#N)Nc4c(F)ccc(F)c14,0.86,2.1903154761904764,1.3303154761904765
613,train,C[C@H](Oc1ccc(Cl)cc1CN2CCN([C@@H](C)C2)C(=O)Cc3ccc(Cl)cc3)C(=O)O,1.66,2.1903154761904764,0.5303154761904765
3440,train,O=C(Nc1ccccc1)N2CCOCC2,1.0,2.1903154761904764,1.1903154761904764
2685,train,Cc1ccc(CCCOCCS(=O)(=O)CCCNCCc2ccc(O)c3nc(O)sc23)s1,2.41,2.1903154761904764,-0.21968452380952375
3157,train,CC(C(=O)Nc1ccc(Cl)cc1)c2ncc(cc2Cl)C(F)(F)F,4.19,2.1903154761904764,-1.999684523809524
1127,train,Cc1ccc2nc(CCNCCCO)ccc2c1NC(=O)CC34CC5CC(CC(C5)C3)C4,1.18,2.1903154761904764,1.0103154761904765
440,train,O[C@@H](CNCCc1cccc(CN2CCCC2)c1)c3ccc(O)c4NC(=O)Sc34,-0.28,2.1903154761904764,2.4703154761904766
559,train,CNC(=O)c1c(F)cccc1Nc2nc(Nc3cc4N(CCc4cc3OC)C(=O)CN(C)C)nc5[nH]ccc25,2.61,2.1903154761904764,-0.4196845238095235
3029,train,Cc1ccc(cc1)C(=O)c2cc(O)c(O)c(c2)[N+](=O)[O-],0.74,2.1903154761904764,1.4503154761904764
11,train,C[C@H](Nc1nc(Nc2cc(C)[nH]n2)c(C)nc1C#N)c3ccc(F)cn3,2.61,2.1903154761904764,-0.4196845238095235
3743,train,Nc1ccc2ncnc(Nc3ccc(F)c(Cl)c3)c2c1,2.64,2.1903154761904764,-0.44968452380952373
3618,train,COc1ccc(cc1)c2cc(O)nc(N)n2,1.52,2.1903154761904764,0.6703154761904764
3065,train,Cc1ccc(NC(=O)c2ccnc(c2)N3CCOCC3)cc1NC(=O)c4ccc(OCc5ccccn5)cc4,3.47,2.1903154761904764,-1.2796845238095238
4000,train,NC1(CCN(CC1)c2ncnc3[nH]ccc23)C(=O)NC(CCCN4CCOCC4)c5ccc(Cl)cc5,2.7,2.1903154761904764,-0.5096845238095238
1356,train,C[C@H]1O[C@H]([C@H](O)[C@@H]1O)n2cnc3c(N)nc(OC(C4CC4)C(F)(F)F)nc23,1.83,2.1903154761904764,0.3603154761904763
3419,train,O=C(N[C@@H]1CN2CCC1CC2)c3ccc(s3)c4ccccc4,1.77,2.1903154761904764,0.4203154761904764
1155,train,NC(=N)Nc1nc(CSCCC(=N)NS(=O)(=O)N)cs1,-0.6,2.1903154761904764,2.7903154761904765
2940,train,Oc1cccc(NC(=O)c2ccc(OCCCN3CCCC3)cc2OCc4cccnc4)c1,1.59,2.1903154761904764,0.6003154761904763
2252,train,NC(=O)c1cnc(N[C@H]2CCCNC2)c3cc(sc13)c4ccc(F)cc4F,1.97,2.1903154761904764,0.22031547619047642
3808,train,COc1ccc(CNC(=O)c2ccc(Oc3ccc(cc3)C#C[C@]4(O)CN5CCC4CC5)cc2)nc1,3.1,2.1903154761904764,-0.9096845238095237
3420,train,Cc1c(c2ccc(O)cc2)n(C)c3ccc(O)cc13,3.8,2.1903154761904764,-1.6096845238095234
2583,train,COc1ccc(cc1)c2nc3c(NCCCNC(=O)c4ccccc4)c(Br)cnc3[nH]2,0.25,2.1903154761904764,1.9403154761904764
1584,train,O=S(=O)(Nc1cccnc1)c2ccccc2,0.84,2.1903154761904764,1.3503154761904765
1008,train,O=C(Nc1ccc(Nc2ccc(NC(=O)c3ccccc3)c4C(=O)c5ccccc5C(=O)c24)c6C(=O)c7ccccc7C(=O)c16)c8ccccc8,2.63,2.1903154761904764,-0.4396845238095235
602,train,NC(=N)Nc1cc(Cl)nc(n1)c2ccccc2,2.16,2.1903154761904764,0.030315476190476254
2438,train,Cc1cccc2c(CCNCc3cccc(CCNC[C@H](O)c4ccc(O)c5NC(=O)Sc45)c3)c[nH]c12,1.13,2.1903154761904764,1.0603154761904765
841,train,CC(C)OC(=O)C1=CN(Cc2c(F)cccc2F)c3sc(c(CN(C)Cc4ccccc4)c3C1=O)c5ccc(NC(=O)C(C)C)cc5,3.5,2.1903154761904764,-1.3096845238095236
3056,train,COc1cnc(nc1Oc2ccc(F)cc2F)c3ccccn3,3.1,2.1903154761904764,-0.9096845238095237
3195,train,Oc1cccc(c1)c2nc3ccc(O)cc3s2,3.7,2.1903154761904764,-1.5096845238095238
152,train,NC(=O)c1ccc(Oc2cccc3cccnc23)c(c1)[N+](=O)[O-],1.7,2.1903154761904764,0.49031547619047644
131,train,O=C1C=COc2cc(OCc3ccccc3)ccc12,3.33,2.1903154761904764,-1.1396845238095237
360,train,Cc1cc(Cl)ccc1OC2CCN(C[C@H](O)CNC(=O)c3c[nH]nc3C(F)(F)F)CC2,3.02,2.1903154761904764,-0.8296845238095236
2282,train,CCN(C1CCN(CC[C@H](C2CCN(CC2)S(=O)(=O)C)c3cccc(F)c3)CC1)C(=O)Cc4ccc(cc4)S(=O)(=O)C,1.44,2.1903154761904764,0.7503154761904764
3179,train,NC(=O)c1cccnc1Oc2ccccc2,1.13,2.1903154761904764,1.0603154761904765
4056,train,COc1cc(F)ccc1c2cc(CNC3CCCC3)ccn2,1.71,2.1903154761904764,0.48031547619047643
1203,train,Fc1cccc(c1)C(COCc2cc(cc(c2)C(F)(F)F)C(F)(F)F)N3CCNCC3,3.2,2.1903154761904764,-1.0096845238095238
1144,train,CC(N1NC(=O)C2=C(C1=O)C(=O)c3ccc(Cl)cc3N2)c4ccsc4,0.9,2.1903154761904764,1.2903154761904765
3311,train,Clc1ccc(OC2CCN(CC2)C3CCN(CC3)S(=O)(=O)NC(=O)c4ccccc4)cc1Cl,2.14,2.1903154761904764,0.05031547619047627
1529,train,OC(=O)c1ccccc1c2ccc(Cl)c(c2)C(=O)NCC3(O)CCCCCC3,-0.34,2.1903154761904764,2.5303154761904763
3414,train,CNC(=O)c1cccc2c1c(Sc3ccc(Cl)cc3)c(C)n2CC(=O)O,-0.89,2.1903154761904764,3.0803154761904765
1055,train,COc1cc(ccc1Cn2ccc3ccc(NC(=O)OC4CCCC4)cc23)C(=O)NS(=O)(=O)c5ccccc5,2.2,2.1903154761904764,-0.009684523809523782
1895,train,C[C@H](NC(=O)c1c(C)nn(C2CCN(CC(F)(F)F)CC2)c1NS(=O)(=O)c3ccc(C)cc3)C(C)(C)C,1.08,2.1903154761904764,1.1103154761904763
3557,train,OC(=O)COc1ccc(Cl)cc1C2CCCCC2,0.93,2.1903154761904764,1.2603154761904762
680,train,O=C(NC1(CC1)C#N)[C@@H]2CCCC[C@H]2C(=O)N3CCN(CC3)c4ccccc4,1.99,2.1903154761904764,0.2003154761904764
428,train,Oc1ccc(cc1)C2CNCCc3c(Cl)c(O)c(O)cc23,0.87,2.1903154761904764,1.3203154761904763
3993,train,CN1CCN(CCOc2n[nH]c3ncnc(Nc4ccc(OCc5ccccn5)c(Cl)c4)c23)CC1,2.45,2.1903154761904764,-0.2596845238095238
2580,train,COc1ccc(cc1OC)C(=O)Nc2cc(NC(=O)c3cccc(c3)N(C)C)ccc2C,3.12,2.1903154761904764,-0.9296845238095237
2801,train,CC(C)(C)NC[C@H](O)COc1nsnc1N2CCOCC2,-0.22,2.1903154761904764,2.4103154761904766
2287,train,Clc1ccc(cc1Cl)[C@@H]2CNCC=CC2,1.95,2.1903154761904764,0.24031547619047644
3760,train,CN(C1CCN(Cc2ccc(cc2)C(F)(F)F)CC1)C(=O)Cc3ccc(cc3)S(=O)(=O)C,2.5,2.1903154761904764,-0.3096845238095236
279,train,Cc1ccc(F)cc1S(=O)(=O)N[C@@H]2CCN(Cc3ccc(cc3)c4ccccc4)C2,4.0,2.1903154761904764,-1.8096845238095236
3363,train,CC(C)[C@@H]1N(C)c2ccccc2C[C@@H](CO)NC1=O,2.03,2.1903154761904764,0.1603154761904766
3117,train,Cc1cc(F)ccc1OC2CCN(CC3CCN(CC3)[C@@H](Cc4ccc(F)cc4)C(=O)O)CC2,1.81,2.1903154761904764,0.38031547619047634
2230,train,O=C(Cc1ccccc1)Nc2nccs2,2.5,2.1903154761904764,-0.3096845238095236
3073,train,CN(C)CCOc1ccc(cc1)c2oc3ncnc(NC[C@@H]4CCCO4)c3c2c5ccccc5,3.6,2.1903154761904764,-1.4096845238095237
2870,train,CCCS(=O)(=O)c1ccc(Nc2nccc(n2)c3cnc(C)n3C(C)C)cc1,3.37,2.1903154761904764,-1.1796845238095237
3964,train,CN1[C@@H]2CC[C@H]1C[C@H](C2)OC(=O)C(CO)c3ccccc3,-0.66,2.1903154761904764,2.8503154761904765
541,train,C[C@]12Cc3cnn(c3C=C1CC[C@@]2(O)CCc4ccc(F)cc4C(=O)N)c5ccc(F)cc5,3.8,2.1903154761904764,-1.6096845238095234
3242,train,CCc1cc(OCc2ccc(cc2)c3ccccc3c4nn[nH]n4)c5CCCCc5n1,1.7,2.1903154761904764,0.49031547619047644
1083,train,CNC(=O)c1cc(sc1NC(=O)N)c2ccccc2,3.19,2.1903154761904764,-0.9996845238095236
2186,train,Fc1ccc(cc1)C(=O)N2CCC(CC2)C(=O)c3ccc(Cl)cc3,3.49,2.1903154761904764,-1.2996845238095238
571,train,Oc1c(I)cc(I)c2cccnc12,2.19,2.1903154761904764,0.00031547619047644915
3088,train,COc1cnc(nc1NC(C)C)c2ccccn2,2.01,2.1903154761904764,0.1803154761904766
1284,train,Cc1ccc(cc1)c2csc3ncnc(O)c23,2.59,2.1903154761904764,-0.39968452380952346
198,train,OC(=O)COc1ccc(Cl)cc1CN2CCCN(CC2)S(=O)(=O)Cc3ccccc3,1.01,2.1903154761904764,1.1803154761904764
856,train,CCOC(=O)[C@H](Cc1ccc(cc1)[N+](=O)[O-])NC(=O)c2ccccc2,2.79,2.1903154761904764,-0.5996845238095236
2120,train,Cc1ccc(COC(=O)N2CC[C@H](CNc3ncccn3)[C@H](F)C2)cc1,3.21,2.1903154761904764,-1.0196845238095236
853,train,Cc1sc2ncnc(SCC(=O)N3CCN(CC3)C(=O)c4occc4)c2c1C,2.7,2.1903154761904764,-0.5096845238095238
1204,train,COc1cc(F)ccc1c2cncc(CNC(=O)c3ccccn3)c2,3.2,2.1903154761904764,-1.0096845238095238
1455,train,COc1cc(cc(OC)c1OC)C(=O)Nc2cc(NC(=O)c3cccc(c3)N(C)C)ccc2C,2.54,2.1903154761904764,-0.34968452380952364
2982,train,CC(=O)N1CCN(CC1)c2ccc(NC(=O)c3oc(Nc4ccccc4F)nn3)cc2,2.51,2.1903154761904764,-0.3196845238095234
2933,train,CONC(=O)c1cnc(s1)N2CCC(CC2)NC(=O)c3[nH]c(C)c(Cl)c3Cl,3.1,2.1903154761904764,-0.9096845238095237
2647,train,CNCC[C@H](Oc1cccc2ccccc12)c3cccs3,2.09,2.1903154761904764,0.10031547619047654
3691,train,NC(=O)c1cccc(O[C@H]2C[C@H]3CC[C@@H](C2)N3CC4CCCCC4)c1,1.55,2.1903154761904764,0.6403154761904764
1848,train,C[C@H](CO)Nc1nc(SCc2cccc(F)c2F)nc3NC(=O)C=Nc13,3.1,2.1903154761904764,-0.9096845238095237
3294,train,CCCN(CCCOCCOCCc1ccccc1)CCc2ccc(O)c3nc(O)sc23,2.74,2.1903154761904764,-0.5496845238095238
1227,train,O=C(CC12CC3CC(CC(C3)C1)C2)Nc4ccc5[nH]ncc5c4,4.03,2.1903154761904764,-1.8396845238095239
2482,train,Clc1ccc(cc1)C(=O)Cc2ccccn2,2.96,2.1903154761904764,-0.7696845238095236
2180,train,CC1(C)C(=O)Nc2ccccc12,2.3,2.1903154761904764,-0.10968452380952343
3380,train,COc1cc2c(Nc3ccc(F)cc3F)c(cnc2cc1NCCN(C)C)C(=O)N,1.71,2.1903154761904764,0.48031547619047643
2196,train,CCCNC[C@H](O)COc1ccccc1C(=O)CCc2ccccc2,1.69,2.1903154761904764,0.5003154761904764
3140,train,Cc1nc(C)c(nc1C(=O)N)c2ccc3c(CC[C@@]34CC[C@H](CC(=O)O)CC4)c2,1.5,2.1903154761904764,0.6903154761904764
2765,train,NCCCC(=O)OCCN1CCN(CCCN2c3ccccc3Sc4ccc(Cl)cc24)CC1,1.5,2.1903154761904764,0.6903154761904764
882,train,CC(C)NC[C@H](O)COc1cccc2ccccc12,0.99,2.1903154761904764,1.2003154761904764
3922,train,c1ccc(nc1)c2n[nH]cc2c3ccnc4ccccc34,2.57,2.1903154761904764,-0.37968452380952344
909,train,COC(=O)NC1=CN=C(N(CC(=O)NC(C(C)C)C(=O)C(F)(F)F)C1=O)c2ccc(F)cc2,1.82,2.1903154761904764,0.37031547619047633
3193,train,CNc1c(Br)cnc2[nH]c(nc12)c3ccc(OCCN4CCCCC4)cc3,2.56,2.1903154761904764,-0.36968452380952366
3720,train,CC(C)n1c(C)ncc1c2ccnc(Nc3ccc(C(=O)N(C)C)c(F)c3)n2,2.74,2.1903154761904764,-0.5496845238095238
3076,train,Fc1ccccc1Nc2oc(nn2)C(=O)Nc3ccc(N4CCOCC4)c(F)c3,3.6,2.1903154761904764,-1.4096845238095237
1865,train,CCOc1cccc(\C=C\2/SC(=O)NC2=O)c1N3CCC[C@@H](N)C3,1.86,2.1903154761904764,0.3303154761904763
2873,train,CCOc1ccc(CCNCCCSCCNC[C@H](O)c2ccc(O)c3NC(=O)Sc23)cc1,0.41,2.1903154761904764,1.7803154761904765
2215,train,O=C1CCCc2nc(ccc12)C#Cc3ccccc3,3.53,2.1903154761904764,-1.3396845238095234
1611,train,C=CCOc1cc(ccc1NC(=O)CN2CCOCC2)c3cccc4C(=O)C=C(Oc34)N5CCOCC5,3.0,2.1903154761904764,-0.8096845238095236
1936,train,CCN1CCN(Cc2ccc(cc2)c3cc4c(N[C@H](C)c5ccccc5)ncnc4[nH]3)CC1,3.97,2.1903154761904764,-1.7796845238095238
3235,train,CC(=O)OCCn1c(Sc2nc3cccc(Cl)c3s2)nc4c(N)ncnc14,3.16,2.1903154761904764,-0.9696845238095237
477,train,COC1(CCOCC1)c2ccc(NC(=O)C3=CC(=O)c4cc(F)cc(c4O3)c5c(C)nn(C)c5C)cn2,2.98,2.1903154761904764,-0.7896845238095236
3305,train,COc1cc(\C=C/2\SC(=O)NC2=O)cc(OC)c1O,0.74,2.1903154761904764,1.4503154761904764
3920,train,OC(Cn1cncn1)(Cn2cncn2)c3ccc(F)cc3F,0.48,2.1903154761904764,1.7103154761904764
3090,train,CCN(CC)CCNC(=O)c1cc(ccc1OC)S(=O)(=O)C,-0.9,2.1903154761904764,3.0903154761904763
646,train,CC[C@H](NC(=O)c1c(N)c(nc2ccccc12)c3cccc(F)c3)c4ccccc4,4.05,2.1903154761904764,-1.8596845238095234
1930,train,C[C@H](Nc1ncc(Cl)c(Nc2cc([nH]n2)N(C)C)n1)c3ncc(F)cn3,2.33,2.1903154761904764,-0.13968452380952368
3125,train,OC(=O)c1ccccc1C2=C3C=CC(=O)C=C3Oc4cc(O)ccc24,0.0,2.1903154761904764,2.1903154761904764
590,train,Nc1ccccc1NC(=O)c2ccc(cc2)N3CCOCC3,1.2,2.1903154761904764,0.9903154761904764
4114,train,C[C@@H](NC(=O)[C@H]1CCCNC1)c2ccc(Nc3ncc4cc(ccc4n3)c5ccncc5)cc2,1.69,2.1903154761904764,0.5003154761904764
667,train,Fc1ccc2[nH]c3CCN(Cc3c2c1)C(=O)[C@@H]4CCCC[C@H]4C(=O)NCC#N,2.77,2.1903154761904764,-0.5796845238095236
905,train,CC1(C)CCC(=C(CN2CCN(CC2)c3ccc(cc3)C(=O)NS(=O)(=O)c4ccc(N[C@H](CCN5CCOCC5)CSc6ccccc6)c(c4)S(=O)(=O)C(F)(F)F)C1)c7ccc(Cl)cc7,0.64,2.1903154761904764,1.5503154761904763
1450,train,CC(=O)Nc1cnc2ccn(c3cc(NC4CC4)n5ncc(C#N)c5n3)c2c1,2.69,2.1903154761904764,-0.49968452380952355
1420,train,O=C1C=CN=C2C=CC=CN12,0.2,2.1903154761904764,1.9903154761904764
682,train,CCc1csc(n1)N2CCN(CC2)C(=O)[C@@H]3CCCC[C@H]3C(=O)NC4(CC4)C#N,2.1,2.1903154761904764,0.09031547619047631
2157,train,CN(CCCOCCOCCc1ccccc1)CCc2ccc(O)c3nc(O)sc23,2.44,2.1903154761904764,-0.24968452380952355
2335,train,Brc1ccccc1NC(=O)Nc2ccc(C#N)c3[nH]nnc23,1.64,2.1903154761904764,0.5503154761904765
3855,train,[O-][N+](=O)c1ccc2c(c1)C(=O)C(=O)c3ccccc23,2.42,2.1903154761904764,-0.22968452380952353
709,train,Cc1nc2nc(nn2c(O)c1Cc3ccccc3)c4cccnc4,1.52,2.1903154761904764,0.6703154761904764
1233,train,OC(=O)c1cccc(c1)c2ccc3c(C(=O)NCC45CC6CC(CC(C6)C4)C5)c(Cl)ccc3n2,2.84,2.1903154761904764,-0.6496845238095235
4079,train,OCC(O)COC(=O)c1ccccc1Nc2ccnc3cc(Cl)ccc23,3.5,2.1903154761904764,-1.3096845238095236
2024,train,C\N=C(/S)\n1nc(nc1N)c2ccc(Cl)cc2,4.12,2.1903154761904764,-1.9296845238095237
3891,train,CC[C@H](N)C(=O)N[C@@H](Cc1ccc(cc1)c2ccccc2)C#N,2.6,2.1903154761904764,-0.4096845238095237
1793,train,O=C(NCC#N)c1ccc(cc1)c2ccnc(Nc3ccc(cc3)N4CCOCC4)n2,2.37,2.1903154761904764,-0.1796845238095237
1399,train,OC(=O)c1[nH]c2cc(Cl)cc(Cl)c2c1\C=C\C(=O)Nc3ccccc3,1.52,2.1903154761904764,0.6703154761904764
2961,train,COc1ccc(cc1OC)C(=O)Nc2cccc(NC(=O)c3ccc(OC)c(OC)c3)n2,3.5,2.1903154761904764,-1.3096845238095236
3174,train,CN1CCN(CC1)C2=Nc3ccccc3Oc4ccc(Cl)cc24,3.24,2.1903154761904764,-1.0496845238095238
3383,train,O=S(=O)(N1CCOCC1)c2cccc(c2)c3cn4cccnc4n3,1.3,2.1903154761904764,0.8903154761904764
2062,train,COc1cc(ccc1Nc2ncc(Cl)c(n2)c3cnc4c(C)cccn34)N5CCN(CC5)C(=O)C,3.2,2.1903154761904764,-1.0096845238095238
2454,train,COc1cc2CC(CC3CCN(Cc4ccccc4)CC3)C(=O)c2cc1OC,2.41,2.1903154761904764,-0.21968452380952375
4159,train,COc1ccc(cc1N2CC(=O)NS2(=O)=O)c3ccccc3,-1.01,2.1903154761904764,3.200315476190476
2406,train,CCN(CCNCCc1ccc(O)c2NC(=O)Sc12)C(=O)CCOCCc3ccccc3,1.92,2.1903154761904764,0.27031547619047647
167,train,C[C@@H](Oc1cccc2ncnc(Nc3ccc4c(cnn4Cc5ccccn5)c3)c12)C(=O)N6CCOCC6,2.82,2.1903154761904764,-0.6296845238095234
2493,train,Oc1ccc(Br)c2ccccc12,4.3,2.1903154761904764,-2.1096845238095234
1409,train,CC(=O)NC[C@H]1CN(C(=O)O1)c2ccc(c(F)c2)n3cc(nn3)C#N,0.8,2.1903154761904764,1.3903154761904764
742,train,CN(CCO)Cc1ccc(cc1)c2cc(C(=O)N)c(NC(=O)N)s2,0.97,2.1903154761904764,1.2203154761904764
1750,train,Cc1cc(c(S)cc1Cl)S(=O)(=O)Nc2nc(Nc3ccc(Cl)cc3)n[nH]2,2.09,2.1903154761904764,0.10031547619047654
399,train,CN(C)CC(O)COc1ccc(Nc2cc(ncn2)N(CC#C)c3cc(Cl)ccc3Cl)cc1,2.8,2.1903154761904764,-0.6096845238095234
1066,train,Cc1onc(C)c1CCC2CCN(CC2)S(=O)(=O)CC3(CCOCC3)N(O)C=O,0.9,2.1903154761904764,1.2903154761904765
3781,train,CSc1ncccc1C(=O)NCC2CCCCC2,2.93,2.1903154761904764,-0.7396845238095238
420,train,COc1ccc2nc(N[C@H]3CCC[C@@H](C3)NCc4ccsc4)cc(C)c2c1,2.41,2.1903154761904764,-0.21968452380952375
1491,train,N[C@@H]1CCCN(C1)c2c(\C=C\3/SC(=O)NC3=O)cccc2c4ccncc4,1.56,2.1903154761904764,0.6303154761904763
4051,train,CN(C)C[C@H](O)Cc1ccc(Cl)c(c1)C(=O)NCC23CC4CC(CC(C4)C2)C3,2.19,2.1903154761904764,0.00031547619047644915
2456,train,Cc1cnc(Nc2ccc(OCCN3CCCC3)cc2)nc1Nc4cccc(c4)S(=O)(=O)NC(C)(C)C,2.11,2.1903154761904764,0.08031547619047652
1018,train,C[C@@H]1NC(C)(C)CO[C@@]1(O)c2cccc(Cl)c2,1.69,2.1903154761904764,0.5003154761904764
2579,train,OCC(=O)N1CCC(CC1)c2n[nH]c(c3ccc(Cl)cc3)c2c4ccncn4,1.85,2.1903154761904764,0.3403154761904763
1999,train,CN(C)CCNC(=O)c1c(C)[nH]c(\C=C\2/C(=O)Nc3ccc(F)cc23)c1C,1.75,2.1903154761904764,0.4403154761904764
1829,train,Fc1ccccc1Nc2oc(nn2)C(=O)Nc3ccc(cc3)N4CCOCC4,3.05,2.1903154761904764,-0.8596845238095234
1504,train,CCCC1=CC(=O)NC(=S)N1,0.7,2.1903154761904764,1.4903154761904764
1721,train,COc1cc2c(Nc3c(Cl)ccc4OCOc34)ncnc2cc1OCC5CCN(C)CC5,1.83,2.1903154761904764,0.3603154761904763
222,train,OCC[C@@]1(CCCNC1)c2ccc(Cl)c(Cl)c2,0.61,2.1903154761904764,1.5803154761904765
1940,train,CN(C)c1cccc2c(cccc12)S(=O)(=O)N,1.95,2.1903154761904764,0.24031547619047644
3559,train,Fc1ccc(CC2=NNC(=O)c3ccccc23)cc1C(=O)N4CCCNCC4,0.1,2.1903154761904764,2.0903154761904763
3503,train,O[C@@H](CNCCc1cccc(CNCCc2ccccc2F)c1)c3ccc(O)c4NC(=O)Sc34,1.06,2.1903154761904764,1.1303154761904763
833,train,C1CC1Nc2ccc3nnc(c4ccccc4)n3n2,3.15,2.1903154761904764,-0.9596845238095235
2511,train,OC(=O)COc1ccc(Cl)cc1CN2CCCN(CC2)S(=O)(=O)c3ccccc3,1.01,2.1903154761904764,1.1803154761904764
1927,train,COc1cc2ncc(C(=O)N)c(Nc3ccccc3Cl)c2cc1OC,2.89,2.1903154761904764,-0.6996845238095237
2041,train,CNC[C@H](O)c1ccc(Cl)c(c1)C(=O)NCC23CC4CC(CC(C4)C2)C3,1.41,2.1903154761904764,0.7803154761904765
1187,train,COc1cc(ccc1Nc2ncc(Cl)c(n2)c3cnc4ccccn34)N5CCN(CC5)C(=O)N,3.3,2.1903154761904764,-1.1096845238095234
3263,train,Cc1cccc(n1)c2nn3CCCc3c2c4ccnc5ccc(cc45)C(=O)N,1.71,2.1903154761904764,0.48031547619047643
4069,train,Fc1ccc(cc1)C(=O)C2CCN(CC2)C(=O)N3CCOCC3,1.61,2.1903154761904764,0.5803154761904763
1116,train,OC(=O)c1ccc(cc1)c2nnn(Cc3ccccc3F)n2,0.3,2.1903154761904764,1.8903154761904764
3437,train,O=C1COc2ccccc2N1CCN3CCC(CC3)NCc4cc5OCCOc5cn4,1.04,2.1903154761904764,1.1503154761904764
918,train,CCOC(=O)CN(c1ccccc1C)S(=O)(=O)c2ccc(Cl)cc2,4.03,2.1903154761904764,-1.8396845238095239
1568,train,O=C(CN1CCOCC1)Nc2c(cnn2c3ccccc3)C#N,0.5,2.1903154761904764,1.6903154761904764
4194,train,CC1CC(N(C(=O)C)c2ccccc2)c3ccccc3N1S(=O)(=O)c4ccccc4,3.68,2.1903154761904764,-1.4896845238095238
1432,train,COc1cc(OC)c(cc1NC(=O)CCC(=O)O)S(=O)(=O)N2c3ccccc3Oc4ccccc24,-0.53,2.1903154761904764,2.7203154761904766
1791,train,COc1cc(F)ccc1c2cncc(CNC(=O)C3CC3)c2,2.9,2.1903154761904764,-0.7096845238095235
1553,train,NC(=O)c1c(NC(=O)NCCCCN2CCCC2)snc1OCc3c(F)cc(Br)cc3F,2.5,2.1903154761904764,-0.3096845238095236
3713,train,CC(=O)NC[C@H]1CN(C(=O)O1)c2ccc(N3Cc4ccncc4C3)c(F)c2,3.02,2.1903154761904764,-0.8296845238095236
2014,train,CCCc1c(O)c(ccc1OCc2ccc(\C=C\c3nn[nH]n3)cc2)C(=O)C,3.3,2.1903154761904764,-1.1096845238095234
2510,train,COc1ncc(C)cc1c2cccc3c(N)c(nnc23)C(=O)NC4CC4,3.4,2.1903154761904764,-1.2096845238095235
25,train,Clc1ccc(N2CCN(CC2)C(=O)CCCc3ccncc3)c(Cl)c1,3.93,2.1903154761904764,-1.7396845238095238
3746,train,COc1cc(F)ccc1c2cncc(c2)C3CCCN3,1.1,2.1903154761904764,1.0903154761904763
3438,train,CNCCC=C1c2ccccc2CCc3ccccc13,1.58,2.1903154761904764,0.6103154761904763
2980,train,CC[C@H](NC(=O)c1c([S+](C)[O-])c(nc2ccccc12)c3cccc(F)c3)c4ccccc4,3.14,2.1903154761904764,-0.9496845238095237
3773,train,COc1ccc2N=NC(=O)N(CCN3CCC(CC3)NCc4ccc5OCC(=O)Nc5n4)c2c1,-0.65,2.1903154761904764,2.8403154761904763
177,train,C[C@@H](NC(=O)C1CCCCN1C)c2ccc(Nc3ncc4cc(ccc4n3)c5ccncc5)cc2,3.34,2.1903154761904764,-1.1496845238095235
743,train,COc1ccc(C=C2SC(=O)NC2=O)cc1OC,1.17,2.1903154761904764,1.0203154761904765
3861,train,CNc1c(Br)cnc2[nH]c(nc12)c3ccc(O)cc3,2.47,2.1903154761904764,-0.2796845238095238
627,train,Nc1c(nnc2c(c(F)ccc12)c3ncccn3)C(=O)NC4CC4,1.59,2.1903154761904764,0.6003154761904763
1523,train,Cc1cc(ccn1)c2ccc(cc2)c3nc4ccncc4c(O)c3C#N,1.6,2.1903154761904764,0.5903154761904763
3714,train,CC1=C(Cc2ccccc2)C(=O)n3nc(NCc4cccc(Br)c4)nc3N1,3.68,2.1903154761904764,-1.4896845238095238
3536,train,COc1cc(ccc1Nc2ncc(Cl)c(n2)c3cnc4ccccn34)N5CC6COCC(C5)N6,3.0,2.1903154761904764,-0.8096845238095236
632,train,CC(C)CNCc1ccc(cc1)c2ccccc2S(=O)(=O)N3CCCC3,1.9,2.1903154761904764,0.2903154761904765
550,train,Cc1cc(N)c2cc(NC(=O)CCCCC(=O)Nc3ccc4nc(C)cc(N)c4c3)ccc2n1,0.53,2.1903154761904764,1.6603154761904764
1673,train,COc1ccc2nc(C)cc(OCC(=O)Nc3ccccc3OC)c2c1,3.9,2.1903154761904764,-1.7096845238095235
576,train,CCCN(C)c1nc(ccc1C(=O)NC2CCCCC2)N3CCC[C@@H](CC(=O)O)C3,2.28,2.1903154761904764,-0.08968452380952341
2242,train,OC(=O)C1Cc2c([nH]c3ccccc23)C(N1)c4ccccc4,0.78,2.1903154761904764,1.4103154761904764
775,train,CN1C(=O)c2c(onc2c3ccccc3)C=C1c4ccncc4,2.61,2.1903154761904764,-0.4196845238095235
326,train,CC1N(C(=O)c2ccccc2)c3ccccc3NC1=O,2.11,2.1903154761904764,0.08031547619047652
1573,train,CCCC(C)(COC(=O)N)COC(=O)NC(C)C,2.01,2.1903154761904764,0.1803154761904766
3023,train,COc1nccnc1NS(=O)(=O)c2ccc(N)cc2,-0.65,2.1903154761904764,2.8403154761904763
797,train,COc1ccc(NC(=O)c2ccnc(N)n2)cc1,1.72,2.1903154761904764,0.4703154761904764
3963,train,N[C@@H](Cc1ccc(F)cc1)C(=O)O,-1.06,2.1903154761904764,3.2503154761904764
993,train,N(c1ccccc1)c2ccccc2,3.2,2.1903154761904764,-1.0096845238095238
902,train,NC(Cc1cc(I)c(Oc2ccc(O)c(I)c2)c(I)c1)C(=O)O,0.97,2.1903154761904764,1.2203154761904764
119,train,OC(=O)Cc1ccc(cc1)N2CCC(CN3CCC(CC3)Oc4ccc(Cl)c(Cl)c4)CC2,1.83,2.1903154761904764,0.3603154761904763
2150,train,COc1ccc(cc1OC)N2CCN([C@H](C)C2)C(=O)[C@@H]3CCCC[C@H]3C(=O)NC4(CC4)C#N,1.85,2.1903154761904764,0.3403154761904763
533,train,CC[C@H](NC(=O)c1c([S+](C)[O-])c(nc2cc(F)ccc12)c3ccccc3)c4ccccc4,3.62,2.1903154761904764,-1.4296845238095237
3441,train,CCn1c2ccccc2c3cc(NC(=O)N4CCOCC4)ccc13,3.2,2.1903154761904764,-1.0096845238095238
2432,train,Oc1c(NC(=O)Nc2cccc(F)c2Cl)ccc(Cl)c1S(=O)(=O)N3CCNCC3,2.6,2.1903154761904764,-0.4096845238095237
1226,train,CCOc1ccc(NC(=O)C)cc1,1.5,2.1903154761904764,0.6903154761904764
3899,train,NC(=O)C1CCN(CC(=O)Nc2ccc3OCOc3c2)CC1,0.4,2.1903154761904764,1.7903154761904765
3321,train,CC(C(=O)O)c1ccc2oc(nc2c1)c3ccc(Cl)cc3,1.3,2.1903154761904764,0.8903154761904764
1758,train,COc1ccccc1OCC(O)CO,0.24,2.1903154761904764,1.9503154761904764
597,train,Cc1ccc2c(c1)c(c(C)n2CC(=O)O)c3ccnc4c(F)cccc34,0.53,2.1903154761904764,1.6603154761904764
981,train,CN(C)CC1CCn2c(C1)c(C3=C(C(=O)NC3=O)c4cn(C)c5ccccc45)c6ccccc26,2.88,2.1903154761904764,-0.6896845238095235
2886,train,CC(C)Cn1cnc2c(N)nc3ccccc3c12,2.52,2.1903154761904764,-0.3296845238095236
2946,train,Clc1ccc(cc1)c2oc(cc2)C(=O)Nc3ccc(cc3)N4CCNCC4,2.4,2.1903154761904764,-0.20968452380952352
3079,train,COc1ccc(cc1Oc2cccc(Cl)c2)S(=O)(=O)N3CCC[C@@H](C3)N4C=C(C)C(=O)NC4=O,2.73,2.1903154761904764,-0.5396845238095236
315,train,CS(=O)(=O)C1(CC1)c2cc(nc(n2)c3cccc(N)c3)N4CCOCC4,1.35,2.1903154761904764,0.8403154761904763
2590,train,OC(=O)[C@H](Cc1ccc(OCCCNc2ccccn2)cc1)NC(=O)c3c(Cl)cccc3Cl,-0.22,2.1903154761904764,2.4103154761904766
3066,train,COc1ccc(OC)c(CNc2[nH]nc3cccc(Oc4ccc(cc4)S(=O)(=O)C)c23)c1,3.71,2.1903154761904764,-1.5196845238095236
3589,train,Clc1ccc(cc1)c2c[nH]nn2,2.97,2.1903154761904764,-0.7796845238095238
720,train,Cc1cnc(NC(=O)Cc2ccccc2)s1,2.9,2.1903154761904764,-0.7096845238095235
3254,train,Cc1cnc(Oc2ccc(cc2)n3ccnc3)nc1Oc4ccc5OCOc5c4,3.56,2.1903154761904764,-1.3696845238095237
3902,train,COCCN(c1ccnc(Nc2cc(cc(c2)N3CCOCC3)N4CCOCC4)n1)c5cc(CO)ccc5C,2.8,2.1903154761904764,-0.6096845238095234
1831,train,COC(=O)N1CCOc2cc(COc3ccccc3)cnc12,2.5,2.1903154761904764,-0.3096845238095236
543,train,Cc1ccc2[nH]ccc2c1c3nc(cc(n3)C4(CC4)S(=O)(=O)C)N5CCOCC5,1.7,2.1903154761904764,0.49031547619047644
1424,train,Nc1ccccc1NC(=O)c2ccc(cc2)c3ncc(CN4CCCCC4)s3,2.82,2.1903154761904764,-0.6296845238095234
4085,train,Cc1cc(NC(=O)c2oc(Nc3ccccc3F)nn2)ccc1N4CCOCC4,4.0,2.1903154761904764,-1.8096845238095236
1250,train,O[C@@H](CNCCc1cccc(c1)c2cccc(CNCc3ccccc3)c2)c4ccc(O)c5NC(=O)Sc45,2.32,2.1903154761904764,-0.12968452380952344
4120,train,CC(C)c1onc(n1)N2CCN([C@H](C)C2)c3ncc(OCc4ccncc4C#N)cn3,3.3,2.1903154761904764,-1.1096845238095234
3074,train,CCN(CC)Cc1cc(Nc2ccnc3cc(Cl)ccc23)ccc1O,2.9,2.1903154761904764,-0.7096845238095235
2382,train,Oc1cc(O)c2C(=O)C=C(Oc2c1)c3ccccc3,3.83,2.1903154761904764,-1.6396845238095237
734,train,Oc1ccc(CCNCCS(=O)(=O)CCCOCCSc2ccccc2)c3sc(O)nc13,2.68,2.1903154761904764,-0.48968452380952376
1469,train,O=C(Nc1ccccn1)c2ccc3[nH]c(nc3c2)c4ccc(NC(=O)C56CC7CC(CC(C7)C5)C6)cc4,4.24,2.1903154761904764,-2.049684523809524
528,train,CC(C)n1c(C)ncc1c2ccnc(Nc3ccc(cc3)N4CCOCC4)n2,2.88,2.1903154761904764,-0.6896845238095235
2151,train,O[C@H](CNC(=O)C1=CNC(=O)c2ccccc12)CN3CCC(CC3)Oc4ccc(Cl)c(Cl)c4,3.42,2.1903154761904764,-1.2296845238095235
3661,train,COc1ccc(C)c(NC(=O)CC23CC4CC(CC(C4)C2)C3)c1,3.96,2.1903154761904764,-1.7696845238095236
1428,train,Cc1c(Sc2ccc(Cl)cc2)c3cc(ccc3n1CC(=O)O)S(=O)(=O)C,0.54,2.1903154761904764,1.6503154761904764
2089,train,CN(C)C(=O)N[C@@H]1CC[C@@H](CCN2[C@@H]3CC[C@H]2C[C@H](C3)Oc4cccc(c4)C(=O)N)CC1,0.12,2.1903154761904764,2.0703154761904763
2076,train,Cc1ncc([N+](=O)[O-])n1CCO,-0.11,2.1903154761904764,2.3003154761904763
3538,train,Cc1c(Cl)c(Cl)ccc1OC2CCN(CC3CCN(CC3)[C@@](C)(Cc4ccc(F)cc4)C(=O)O)CC2,2.98,2.1903154761904764,-0.7896845238095236
3663,train,Oc1cccc(NC(=O)c2ccc(OCCCN3CCCC3)cc2OCc4ccccc4)c1,3.07,2.1903154761904764,-0.8796845238095234
159,train,O=C(NC1(CC1)C#N)[C@@H]2CCCC[C@H]2C(=O)N3CCN(CC3)c4ncc(C#N)s4,1.2,2.1903154761904764,0.9903154761904764
289,train,CC[C@H](NC(=O)c1c([S+]([O-])C(C)C)c(nc2ccccc12)c3ccccc3)c4ccccc4,3.81,2.1903154761904764,-1.6196845238095237
565,train,Oc1ccc2OC(=O)C(=Cc2c1)c3ccccc3,3.12,2.1903154761904764,-0.9296845238095237
179,train,CN[C@@H](C)C(=O)N[C@H](C(=O)N[C@H]1CCCN(CCc2ccc(F)cc2)C1)C(C)(C)C,3.12,2.1903154761904764,-0.9296845238095237
3118,train,FC(F)(F)c1nnc2ccc(NCn3nnc4ccccc34)nn12,2.34,2.1903154761904764,-0.14968452380952346
2211,train,CC1=CN([C@H]2CCCN(C2)S(=O)(=O)c3ccc(O)c(Oc4cccc(F)c4)c3)C(=O)NC1=O,1.6,2.1903154761904764,0.5903154761904763
1600,train,CNc1cccc(CCOc2ccc(C[C@H](NC(=O)c3c(F)cccc3Cl)C(=O)O)cc2)n1,-0.42,2.1903154761904764,2.6103154761904763
2119,train,O[C@H](CNC(=O)c1c[nH]nc1C(F)(F)F)CN2CCC(CC2)Oc3ccc(Cl)c(Cl)c3,3.34,2.1903154761904764,-1.1496845238095235
4015,train,Cn1cnc2c(c3ccc(cc3)C4(N)CCC4)c(ccc12)c5ccccc5,2.5,2.1903154761904764,-0.3096845238095236
4036,train,CC(C)COc1cc(ccc1NC(=O)CN2CCOCC2)c3cccc4C(=O)C=C(Oc34)N5CCOCC5,3.8,2.1903154761904764,-1.6096845238095234
3563,train,C[C@@H](NC1=CC(=O)CCC1)c2ccc(Nc3ncc4cc(ccc4n3)c5ccncc5)cc2,3.17,2.1903154761904764,-0.9796845238095235
2998,train,COC(=O)c1c(O)cccc1OC\C=C\c2ccc(F)c(c2)c3onc(c3)C(=O)O,0.66,2.1903154761904764,1.5303154761904763
2772,train,Cc1nc(CSc2ccc(Cl)cc2)cc(n1)N3CCOCC3,3.38,2.1903154761904764,-1.1896845238095235
146,train,Clc1ccc(N2CCN(CC2)C(=O)COCc3cscn3)c(Cl)c1,3.07,2.1903154761904764,-0.8796845238095234
1866,train,CS(=O)(=O)C1(CCOCC1)c2cc(nc(n2)c3cccc4[nH]ccc34)N5CCOCC5,2.4,2.1903154761904764,-0.20968452380952352
1407,train,CC1SC2=C(C(=O)O)C(=O)c3cc(F)c(cc3N12)N4CCN(CC5=C(C)OC(=O)O5)CC4,0.47,2.1903154761904764,1.7203154761904764
969,train,COc1cc(CCc2cc(Nc3ccnc(NCc4ccccn4)n3)n[nH]2)cc(OC)c1,3.5,2.1903154761904764,-1.3096845238095236
547,train,Oc1ccc(cc1)c2ccc3cc(O)ccc3c2,4.0,2.1903154761904764,-1.8096845238095236
251,train,CC(C(=O)O)n1c(C)c(Sc2ccc(Cl)cc2)c3cc(Cl)ccc13,3.56,2.1903154761904764,-1.3696845238095237
655,train,Cc1cc(OC2CCN(CC3CCN(CC3)[C@@H](Cc4ccc(F)cc4)C(=O)O)CC2)ccc1Cl,2.54,2.1903154761904764,-0.34968452380952364
3493,train,CS(=O)(=O)Cc1cc(nc(n1)c2ccc3[nH]ccc3c2)N4CCOCC4,2.06,2.1903154761904764,0.13031547619047634
2429,train,CS(=O)(=O)c1cccc(Nc2nccc(Nc3cccc4[nH]ncc34)n2)c1,2.91,2.1903154761904764,-0.7196845238095237
958,train,CCOc1ccc2nc(N)sc2c1,2.4,2.1903154761904764,-0.20968452380952352
1754,train,CCC(CC)NC(=O)c1cnn(c1NS(=O)(=O)c2ccc(C)cc2)c3ccccn3,0.27,2.1903154761904764,1.9203154761904764
1373,train,Fc1ccc(cc1F)N2C=CN=C(SCC(=O)NC3CCCC3)C2=O,2.0,2.1903154761904764,0.1903154761904764
1661,train,Clc1ccc(NC(=O)N2CCN(C[C@@H]3CCCN(Cc4ccccc4)C3)CC2)cc1Cl,4.26,2.1903154761904764,-2.0696845238095234
2079,train,OC1(CN2CCC1CC2)c3ccc(cc3)c4ccccc4,1.5,2.1903154761904764,0.6903154761904764
1268,train,O=C1C=C(Oc2c1cccc2c3ccccc3)N4CCOCC4,2.9,2.1903154761904764,-0.7096845238095235
3901,train,CC(C)(Cc1cccc(CC(=O)NCc2cccc(c2)c3ccc(O)cc3)c1)NC[C@H](O)c4ccc(O)c(NS(=O)(=O)C)c4,1.91,2.1903154761904764,0.2803154761904765
257,train,Clc1ccc2OC(=O)Nc2c1,2.16,2.1903154761904764,0.030315476190476254
4053,train,CN1CCN(CCCN2c3ccccc3Sc4ccc(cc24)C(F)(F)F)CC1,4.31,2.1903154761904764,-2.119684523809523
2673,train,O=C1C=C(C=CN1c2ccc3c(cnn3CCN4CCCC4)c2)c5ccccc5,1.6,2.1903154761904764,0.5903154761904763
4150,train,Nc1ccc2cn[nH]c2c1,0.52,2.1903154761904764,1.6703154761904764
966,train,c1ccc(nc1)c2nc3ccccc3[nH]2,2.5,2.1903154761904764,-0.3096845238095236
3894,train,COc1cc2c3N([C@H](C)c4ccccn4)C(=O)Nc3cnc2cc1c5c(C)onc5C,3.15,2.1903154761904764,-0.9596845238095235
1516,train,OC(=O)CC(=O)N[C@H]1[C@@H](Cc2ccccc12)NC(=O)c3cc4sc(Cl)c(Cl)c4[nH]3,1.18,2.1903154761904764,1.0103154761904765
1078,train,CCc1c(C)nc(SCC(=O)Nc2nc(cs2)c3ccc(OC)cc3)nc1O,3.78,2.1903154761904764,-1.5896845238095234
2238,train,C[C@@H](Oc1cccc2ncnc(Nc3ccc4c(cnn4Cc5cscn5)c3)c12)C(=O)N6CCOCC6,2.81,2.1903154761904764,-0.6196845238095237
1213,train,CC#Cc1ccnc(c1)c2cc(ccc2O)C3(N=C(C)C(=N3)N)C4CC4,3.6,2.1903154761904764,-1.4096845238095237
2453,train,Cc1cccc(Nc2ncnc3ccc(NC(=O)C=C)cc23)c1,3.7,2.1903154761904764,-1.5096845238095238
3105,train,CC(C)C(NC(=O)CN1C(=O)C(=CC=C1c2ccccc2)NC(=O)NCc3cc[n+]([O-])cc3)C(=O)C(F)(F)F,1.13,2.1903154761904764,1.0603154761904765
85,train,Fc1cc(cc(F)c1C2=CCN(CC2)C=O)N3C[C@H](COc4ccon4)OC3=O,2.01,2.1903154761904764,0.1803154761904766
21,train,Clc1ccc(cc1)C(=O)Nc2oc(nn2)C(=O)Nc3ccc(cc3)N4CCOCC4,1.92,2.1903154761904764,0.27031547619047647
701,train,CC\C(=C(/c1ccccc1)\c2ccc(\C=C\C(=O)O)cc2)\c3ccccc3,3.89,2.1903154761904764,-1.6996845238095237
3004,train,CC(C)c1c(cnn1c2ccc(cc2)C(=O)O)C(=O)NC3C4CC5CC(CC3C5)C4,1.15,2.1903154761904764,1.0403154761904765
3070,train,CN1CCN(CC(=O)Nc2c(cnn2c3ccccc3)C#N)CC1,0.0,2.1903154761904764,2.1903154761904764
3946,train,C[C@H]1CN(Cc2cc(Cl)ccc2OCC(=O)O)CCN1C(=O)Cc3cccc(Cl)c3,0.78,2.1903154761904764,1.4103154761904764
2743,train,O=C(Nc1nccs1)c2cccnc2,2.25,2.1903154761904764,-0.059684523809523604
3077,train,CC1=NS(=O)(=O)c2cc(Cl)ccc2N1,1.05,2.1903154761904764,1.1403154761904764
1286,train,COc1ccc(NC(=O)C=C)cc1,1.68,2.1903154761904764,0.5103154761904765
1353,train,COc1cc(ccc1OCCN2CCCC2)N3C=Nc4cc(sc4C3=O)c5ccc(Cl)cc5,2.74,2.1903154761904764,-0.5496845238095238
3220,train,CCN(CC)CCNC(=O)c1cc(Br)c(N)cc1OC,0.54,2.1903154761904764,1.6503154761904764
2126,train,Clc1ccc2C(=C3CCNCC3)c4ncccc4CCc2c1,1.48,2.1903154761904764,0.7103154761904764
3923,train,Clc1ccccc1CNC[C@@H]2CC[C@@H](CNCc3ccccc3Cl)CC2,2.74,2.1903154761904764,-0.5496845238095238
2853,train,Cc1nc(C)c(nc1C(=O)N)c2ccc3c(CC[C@@]34CC[C@H](Cc5nnn[nH]5)CC4)c2,2.0,2.1903154761904764,0.1903154761904764
3754,train,Oc1c(C#N)c(nc2ccncc12)c3ccc(cc3)c4ccccc4CN5CCOCC5,2.0,2.1903154761904764,0.1903154761904764
1967,train,Cn1c(CN2CCN(CC2)c3cccc(Cl)c3)nc4ccccc14,3.75,2.1903154761904764,-1.5596845238095236
1276,train,Cc1nc2ncnn2c(O)c1CCOC(=O)c3ccccc3F,0.99,2.1903154761904764,1.2003154761904764
773,train,CC(=O)N1CCN(CCOc2ccc(cc2)C3CCN(CC3)c4ccc5nnc(n5n4)C(F)(F)F)CC1,3.2,2.1903154761904764,-1.0096845238095238
3731,train,OC[C@H]1C[C@H]([C@H](O)[C@@H]1O)n2nnc3c(N[C@@H]4C[C@H]4c5ccccc5)nc(SCCC(F)(F)F)nc23,4.06,2.1903154761904764,-1.8696845238095232
614,train,CN1SC(=NC1=O)NCc2ccccc2,1.2,2.1903154761904764,0.9903154761904764
2826,train,CC1=C(C(=O)N(C[C@H](N)c2ccccc2)C(=O)N1Cc3c(F)cccc3F)c4ccc5OCOc5c4,2.67,2.1903154761904764,-0.47968452380952353
4071,train,CC1CN(CCN1)C(=O)c2cc3ccccc3[nH]2,0.94,2.1903154761904764,1.2503154761904764
3131,train,CN1CCN(CC1)c2ccc3N=CN(C(=O)c3c2)c4cc(NC(=O)c5cncs5)ccc4C,2.11,2.1903154761904764,0.08031547619047652
2981,train,CC(C)C[C@H](CO)Nc1nc(SCc2ccccc2)nc3NC(=O)Sc13,4.2,2.1903154761904764,-2.009684523809524
1035,train,CCOc1ccc(cc1)N2C(=O)c3cccnc3N=C2[C@@H](C)N(CC4CCN(C)CC4)C(=O)Cc5ccc(F)c(c5)C(F)(F)F,1.4,2.1903154761904764,0.7903154761904765
1094,train,Cc1ccc(NC(=O)CCC2CCCCC2)cc1NC(=O)c3ccc(O)cc3,4.13,2.1903154761904764,-1.9396845238095235
4113,train,Nc1n[nH]c2ncc3CCCCCCc3c12,2.54,2.1903154761904764,-0.34968452380952364
2987,train,COc1cc(NC(=O)Nc2cccc(CNC(=O)O[C@H]3CCOC3)c2)ccc1c4ocnc4,3.6,2.1903154761904764,-1.4096845238095237
2082,train,CN(C1CCCCC1)C(=O)c2cnn(c2NS(=O)(=O)c3ccc(C)cc3)c4ccccc4,2.01,2.1903154761904764,0.1803154761904766
4182,train,NC1=NC(CC(=O)N1)c2ccc(Cl)c(Cl)c2,1.46,2.1903154761904764,0.7303154761904764
2316,train,Clc1ccc(Nc2nnc(Cc3ccncc3)c4ccccc24)cc1,3.7,2.1903154761904764,-1.5096845238095238
537,train,COc1cc(C)c(c(C)c1)S(=O)(=O)N(C)CCOCC(=O)N2CCN(CC2)C3CCN(C)CC3,-0.4,2.1903154761904764,2.5903154761904763
601,train,COc1ccc2c(c1)c(CC(=O)O)c(C)n2c3ccnc4cc(Cl)ccc34,1.68,2.1903154761904764,0.5103154761904765
1707,train,C[C@H]1C[C@H]2[C@@H]3CC[C@](O)(C(=O)C)[C@@]3(C)C[C@H](O)[C@]2(F)[C@@]4(C)C=CC(=O)C=C14,2.65,2.1903154761904764,-0.4596845238095235
1642,train,CN(C)C\C=C\C(=O)Nc1cc2c(Nc3ccc(F)c(Cl)c3)ncnc2cc1O[C@H]4CCOC4,3.7,2.1903154761904764,-1.5096845238095238
2497,train,O=C(NC1(CC1)C#N)[C@@H]2CCCC[C@H]2C(=O)N3CCN(CC3)c4nccs4,1.3,2.1903154761904764,0.8903154761904764
934,train,CC(NC(=O)C1(N)CCN(CC1)c2ncnc3[nH]ccc23)c4ccc(F)cc4,2.4,2.1903154761904764,-0.20968452380952352
3881,train,COc1cc(F)ccc1c2cccc(CNC3CCCC3)n2,2.06,2.1903154761904764,0.13031547619047634
879,train,Clc1ccc2N=C3NC(=O)CN3Cc2c1Cl,1.86,2.1903154761904764,0.3303154761904763
3919,train,COCC(C)n1nc(C)c(C(=O)N[C@@H](C)C(C)(C)C)c1NS(=O)(=O)c2ccc(C)cc2,0.61,2.1903154761904764,1.5803154761904765
2313,train,Cc1cc(CNc2nccc(Nc3cc(C)[nH]n3)n2)on1,1.86,2.1903154761904764,0.3303154761904763
2942,train,CO[C@H]1CN(CCN2C(=O)C=Nc3ccc(OC)cc23)CC[C@@H]1NCc4cc5OCCOc5cn4,1.25,2.1903154761904764,0.9403154761904764
3418,train,COc1cc(ccc1Nc2ncc(Cl)c(n2)c3cnc4c(N)cccn34)N5CCN(CC5)C(=O)C,3.4,2.1903154761904764,-1.2096845238095235
2926,train,Cc1nc2c(cnn2c(O)c1Cc3ccccc3)C#N,0.68,2.1903154761904764,1.5103154761904762
2098,train,Oc1ccc(cc1)C2=Cc3ccccc3OC2=O,3.0,2.1903154761904764,-0.8096845238095236
3217,train,COc1cc2c(Nc3ccc(Cl)cc3F)ncnc2cc1OCCCN4CCOCC4,3.4,2.1903154761904764,-1.2096845238095235
1969,train,CN([C@@H]1CCN(Cc2ccc(cc2)C(F)(F)F)C[C@@H]1F)C(=O)Cc3ccc(cc3)S(=O)(=O)C,2.7,2.1903154761904764,-0.5096845238095238
3596,train,NC1(CCC1)c2ccc(cc2)c3nc4ccccc4cc3c5ccccc5,3.6,2.1903154761904764,-1.4096845238095237
3850,train,Clc1ccc(NC(=O)N2CCN(C[C@@H]3CCCN(CC4CC4)C3)CC2)cc1Cl,2.54,2.1903154761904764,-0.34968452380952364
275,train,OC[C@H]1C[C@H]([C@H](O)[C@@H]1O)n2nnc3c(N[C@@H]4C[C@H]4c5ccc(F)c(F)c5)nc(SCCC(F)(F)F)nc23,3.99,2.1903154761904764,-1.7996845238095238
1660,train,COc1ccc(CCN2CNC(=NC2)SCc3ccc(Cl)cc3)cc1OC,2.41,2.1903154761904764,-0.21968452380952375
1933,train,O=C1NC(=NC(=C1C#N)c2ccccc2)SCc3ccccc3,1.56,2.1903154761904764,0.6303154761904763
3629,train,COc1ccc2nc(C)cc(OCC(=O)NCc3ccccc3)c2c1,3.2,2.1903154761904764,-1.0096845238095238
1729,train,COc1cc(OC)c(cc1NC(=O)CCc2nn[nH]n2)S(=O)(=O)N3C(C)CCc4ccccc34,-0.34,2.1903154761904764,2.5303154761904763
563,train,OCC[C@]1(CCCNC1)c2oc3ccccc3c2,0.06,2.1903154761904764,2.1303154761904763
509,train,CC1(C)[C@@H]2CC[C@@]1(CS(=O)(=O)NC3CCN(CC3)c4ccc(cn4)C(F)(F)F)C(=O)C2,3.84,2.1903154761904764,-1.6496845238095235
1672,train,OC(=O)[C@H](Cc1ccc(F)cc1)N2CCC(CN3CCC(CC3)Oc4ccc(Cl)cc4)CC2,1.9,2.1903154761904764,0.2903154761904765
4090,train,CCCCC(NC(=O)CC1CCN(Cc2ccn(c2)c3ccc(cc3)C(F)(F)F)CC1)C4=CNC(=O)C=C4,2.89,2.1903154761904764,-0.6996845238095237
2112,train,Cc1cc(ccc1O[C@H]2C[C@H]3CC[C@@H](C2)N3Cc4ccccc4)C(=O)N,2.23,2.1903154761904764,-0.039684523809523586
354,train,CC1(C)N(Cc2ccnc(c2)N3CCOCC3)C(=O)N(C1=O)c4ccc(SC(F)(F)F)cc4,3.73,2.1903154761904764,-1.5396845238095236
1344,train,CN(C)c1cccc2c(cccc12)S(=O)(=O)N(C)CC(=O)O,-1.45,2.1903154761904764,3.6403154761904766
3741,train,Cc1cc(N)c2cc(NC(=O)CC(=O)Nc3ccc4nc(C)cc(N)c4c3)ccc2n1,1.35,2.1903154761904764,0.8403154761904763
2970,train,Cc1ccc2c(c1)c(Sc3ccccc3Cl)c(C)n2CC(=O)O,1.71,2.1903154761904764,0.48031547619047643
204,train,CC(C)CN1C(=O)N(C)C(=O)c2c1sc(Cc3cccc4ncccc34)c2C(=O)N5CC[C@@H](O)C5,1.98,2.1903154761904764,0.2103154761904764
700,train,CN(c1ccc(c(C)c1)c2cc(ccc2OCC(=O)O)C(F)(F)F)S(=O)(=O)C,-0.59,2.1903154761904764,2.7803154761904763
3784,train,COc1ccc(cc1)c2cc(N)n3ncc(C#N)c3n2,2.42,2.1903154761904764,-0.22968452380952353
475,train,COc1cccc(c1)C(=O)N2CCC(CC2)N3C(=O)Nc4ccccc34,2.65,2.1903154761904764,-0.4596845238095235
842,train,Clc1cccc(C(=O)N2CCN(CC2)c3ccccn3)c1Cl,2.98,2.1903154761904764,-0.7896845238095236
4066,train,OCCCNCCCOc1ccc(Cl)c(c1)C(=O)NCC23CC4CC(CC(C4)C2)C3,1.41,2.1903154761904764,0.7803154761904765
469,train,Clc1cccc(Nc2ncnc3ccccc23)c1,3.9,2.1903154761904764,-1.7096845238095235
2182,train,Cc1ccc2c(c1)c(c(C)n2CC(=O)O)c3cc(C)nc4ccccc34,2.88,2.1903154761904764,-0.6896845238095235
746,train,CCCc1c(O)c(ccc1OCc2cccc(NC(=O)c3ccccc3C(=O)O)c2)C(=O)C,1.9,2.1903154761904764,0.2903154761904765
75,train,COc1cc(NS(=O)(=O)c2ccc(N)cc2)nc(OC)n1,0.2,2.1903154761904764,1.9903154761904764
3932,train,CN[C@@H](C)C(=O)N[C@H](C(=O)N[C@H]1CCCN(CCc2ccccc2OC)C1)C(C)(C)C,1.61,2.1903154761904764,0.5803154761904763
4054,train,COc1cc(Nc2cc(Oc3ccc(C)nc3)ccn2)cc(OC)c1OC,3.21,2.1903154761904764,-1.0196845238095236
4161,train,CCCCNc1cc(cc(c1Oc2ccccc2)S(=O)(=O)N)C(=O)O,-0.3,2.1903154761904764,2.490315476190476
1459,train,COc1ccc(Oc2ncccc2C(=O)NCc3ccccc3Cl)cc1,3.59,2.1903154761904764,-1.3996845238095235
3299,train,COc1cc2c(Nc3c(Cl)ccc4OCOc34)ncnc2cc1OCCCN5CCCC5,1.62,2.1903154761904764,0.5703154761904763
2427,train,CCOc1ccccc1c2ccc(cc2)c3nc4ccc(F)cc4c(C(=O)NCCOCCN)c3C,2.46,2.1903154761904764,-0.26968452380952357
3436,train,OC(=O)COc1cccc(c1)C(=O)N2CCC(CC2)N3CCC(CC3)Oc4ccc(Cl)c(Cl)c4,1.09,2.1903154761904764,1.1003154761904763
3275,train,CC(C)n1c(C)ncc1c2nc(Nc3ccc(cc3)N4CC[C@H](C4)NC(=O)C)ncc2F,3.3,2.1903154761904764,-1.1096845238095234
804,train,C[C@H](Nc1nc(Nc2cc(C)[nH]n2)c(C)nc1C#N)c3ncc(F)cn3,1.92,2.1903154761904764,0.27031547619047647
1166,train,CS(=O)(=O)c1ccc(cc1)c2cc(C(=O)N[C@H]3CCCNC3)c(NC(=O)N)s2,0.68,2.1903154761904764,1.5103154761904762
1653,train,Nc1n[nH]c(N)c1Cc2ccc3OCOc3c2,0.47,2.1903154761904764,1.7203154761904764
2253,train,CCN(C(=O)c1oc(cc1)c2ccc(Cl)cc2)c3ccc(cc3)N4CCNCC4,3.3,2.1903154761904764,-1.1096845238095234
1131,train,CN(C)CC(O)COc1ccc(Nc2ncc(C)c(Nc3ccccc3)n2)cc1,2.0,2.1903154761904764,0.1903154761904764
3957,train,CC(=O)Nc1ccc(O)cc1OC[C@@H](O)CN2CCC3(CC2)Cc4cc(F)ccc4O3,2.1,2.1903154761904764,0.09031547619047631
2750,train,COc1cc2c(Nc3cc(CC(=O)Nc4cccc(F)c4F)[nH]n3)ncnc2cc1OCCCN5CCC[C@@H]5CO,1.96,2.1903154761904764,0.23031547619047643
1957,train,O=C(NC1(CC1)C#N)[C@@H]2CCCC[C@H]2C(=O)N3CCc4[nH]c5ncccc5c4C3,2.13,2.1903154761904764,0.0603154761904765
524,train,Clc1cccc(\C=C\2/SC(=O)NC2=O)c1N3CCNCC3,0.68,2.1903154761904764,1.5103154761904762
582,train,CC(=O)Nc1nnc(s1)S(=O)(=O)N,-0.78,2.1903154761904764,2.9703154761904766
2675,train,Clc1ccc(N2CCN(CC2)C(=O)COCc3ccccn3)c(Cl)c1,3.47,2.1903154761904764,-1.2796845238095238
1638,train,C[C@@H]1CN(Cc2cc(Cl)ccc2OCC(=O)O)C[C@H](C)N1C(=O)Cc3ccccc3,0.7,2.1903154761904764,1.4903154761904764
901,train,CC1(O)CN(C1)S(=O)(=O)c2ccc3C(=CNC(=O)c3c2)C(=O)NC[C@@H](O)CN4CCC(CC4)Oc5ccc(Cl)c(Cl)c5,2.54,2.1903154761904764,-0.34968452380952364
984,train,CN[C@@H](C)C(=O)N[C@@H](C1CCCCC1)C(=O)N[C@H]2CCN(Cc3ccccc3)C2,1.49,2.1903154761904764,0.7003154761904764
914,train,Cc1ccc(OC(=O)N2CCN3CCC2CC3)cc1,1.02,2.1903154761904764,1.1703154761904764
523,train,C[C@H]1CN(Cc2cc(Cl)ccc2CCC(=O)O)CCN1C(=O)Cc3ccccc3,1.52,2.1903154761904764,0.6703154761904764
3895,train,COc1cc2c(Nc3ccc(NC(=O)c4ccccc4)cc3)ncnc2cc1OCCCN5CCOCC5,3.5,2.1903154761904764,-1.3096845238095236
2305,train,O=S(=O)(Nc1ccccc1c2ccccc2)c3ccccc3,3.96,2.1903154761904764,-1.7696845238095236
1909,train,COc1cc2ncc(C(=O)N)c(Nc3ccc(F)cc3F)c2cc1NCCN4CCOCC4,2.68,2.1903154761904764,-0.48968452380952376
36,train,CN1CCN(CC1)c2ccc3N=CN(C(=O)c3c2)c4cc(NC(=O)c5cscn5)ccc4C,2.06,2.1903154761904764,0.13031547619047634
805,train,OCCc1cccc(NC(=O)c2cc3cc(Cl)ccc3[nH]2)c1,3.83,2.1903154761904764,-1.6396845238095237
3520,train,Cc1c(Cl)c(ccc1OC2CCN(CC3CCN(CC3)[C@@H](Cc4ccc(F)cc4)C(=O)O)CC2)C#N,2.19,2.1903154761904764,0.00031547619047644915
2537,train,CCN(CC)S(=O)(=O)c1ccc(NC(=O)C(C)(O)C(F)(F)F)cc1,2.63,2.1903154761904764,-0.4396845238095235
1121,train,OC(=O)c1ccccc1O,-1.36,2.1903154761904764,3.5503154761904767
3825,train,CC1Cc2ccccc2N1NC(=O)c3ccc(Cl)c(c3)S(=O)(=O)N,1.83,2.1903154761904764,0.3603154761904763
2013,train,CN1C(=O)N(CC2CC2)c3nn(Cc4ccnc5ccc(Cl)cc45)c(c6cc(cn6C)S(=O)(=O)C)c3C1=O,3.18,2.1903154761904764,-0.9896845238095238
80,train,CC1(CC1)c2nc(ncc2C(=O)N[C@@H]3C4CC5CC3C[C@@](O)(C5)C4)N6CCOCC6,2.0,2.1903154761904764,0.1903154761904764
2085,train,CCC(C)Nc1nc(nc(N2CCOCC2)c1N)C#N,2.8,2.1903154761904764,-0.6096845238095234
3243,train,C[C@@H]1CN(Cc2oc(nn2)c3cc(cc4[nH]ncc34)c5cccc6[nH]ccc56)C[C@H](C)O1,4.01,2.1903154761904764,-1.8196845238095234
1850,train,CC(C)(NC(=O)c1sccc1Oc2ccc(F)cc2[N+](=O)[O-])C#C,3.0,2.1903154761904764,-0.8096845238095236
1260,train,CC(C)n1c(C)ncc1c2ccnc(Nc3ccc(cc3)N4CCN(CC4)S(=O)(=O)CCN(C)C)n2,2.52,2.1903154761904764,-0.3296845238095236
1006,train,CCN(CC)CCNC(=O)c1ccc(N)cc1,-0.92,2.1903154761904764,3.1103154761904763
897,train,NC1(CCC1)c2ccc(cc2)N3C(=O)c4ccccc4N=C3c5ccccc5,1.6,2.1903154761904764,0.5903154761904763
777,train,COC(=O)CCC(=O)Nc1ccc2C(=O)C(=O)c3ccccc3c2c1,2.72,2.1903154761904764,-0.5296845238095238
2724,train,CN(C)c1ccc2N=C3C=CC(=[N+](C)C)C=C3Sc2c1,-0.88,2.1903154761904764,3.0703154761904763
4179,train,CCNC(=O)Nc1nc2cc(ccc2[nH]1)c3cccnc3,2.34,2.1903154761904764,-0.14968452380952346
1392,train,CC(C)C(NC(=O)CN1C(=O)C(=CN=C1c2ccc(F)cc2)N)C(=O)C(F)(F)F,1.05,2.1903154761904764,1.1403154761904764
3827,train,C[C@@](N)(Cc1ccccc1)c2ccccc2,1.7,2.1903154761904764,0.49031547619047644
517,train,Cc1onc(n1)c2ccc(OCC3CN(C3)c4ccc(C)nn4)cc2,2.62,2.1903154761904764,-0.4296845238095237
1237,train,CC1CN(C1)C(=O)c2nnc3c(cccc3c2N)c4ncccn4,1.21,2.1903154761904764,0.9803154761904764
185,train,CC[C@H](NC(=O)c1c(c(nc2ccccc12)c3ccccc3)S(=O)(=O)C)c4ccccc4,3.17,2.1903154761904764,-0.9796845238095235
1074,train,CCC(N(CCCN)C(=O)c1ccc(C)cc1)C2=Nc3ccsc3C(=O)N2Cc4cccnc4,0.01,2.1903154761904764,2.1803154761904766
3583,train,O=C(NCc1ccccc1)c2cccnc2Oc3ccccc3,3.0,2.1903154761904764,-0.8096845238095236
3376,train,CN(C)CCCN1c2ccccc2Sc3ccc(Cl)cc13,3.37,2.1903154761904764,-1.1796845238095237
2903,train,COc1cc(ccc1Nc2ncc(Cl)c(n2)c3cnc4cc(ccn34)C#N)N5CCN(CC5)C(=O)C,2.3,2.1903154761904764,-0.10968452380952343
973,train,NC(=N)SCc1ccc(Cl)c(Cl)c1,1.28,2.1903154761904764,0.9103154761904764
586,train,CC(C)C(NC(=O)CN1C(=O)C(=CN=C1C2CCCCC2)NC(=O)OCc3ccccc3)C(=O)C(F)(F)F,2.87,2.1903154761904764,-0.6796845238095237
2326,train,CCCSc1nc(NC)ccc1C(=O)N[C@@H]2C3CC4CC2C[C@@](O)(C4)C3,3.27,2.1903154761904764,-1.0796845238095236
827,train,CS(=O)(=O)c1ccc(cc1)[C@@H](O)[C@@H](CF)NC(=O)C(Cl)Cl,0.44,2.1903154761904764,1.7503154761904764
2648,train,CC(N1Cc2ccccc2C1=O)c3ccccc3,3.0,2.1903154761904764,-0.8096845238095236
1123,train,CCCCNC(=O)NS(=O)(=O)c1ccc(C)cc1,0.44,2.1903154761904764,1.7503154761904764
168,train,COc1ccc(Cn2cc3N(CC(C)C)C(=O)N(C)C(=O)c3c2)cc1,3.52,2.1903154761904764,-1.3296845238095236
3255,train,Cc1csc(NC(=O)c2cc(Sc3nncn3C)ccc2N)n1,2.3,2.1903154761904764,-0.10968452380952343
4121,train,O[C@@H](CNCCCSCCOCCc1cccc2ccccc12)c3ccc(O)c4NC(=O)Sc34,3.12,2.1903154761904764,-0.9296845238095237
3413,train,CC(C(=O)O)c1cccc(Oc2ccccc2)c1,0.71,2.1903154761904764,1.4803154761904764
1395,train,COc1cccc(c1)C(=O)NCCCOc2cccc3ccc(N)nc23,2.46,2.1903154761904764,-0.26968452380952357
1148,train,O=C(N[C@H]1CN2CCC1CC2)c3ccc(s3)c4ccccc4,1.9,2.1903154761904764,0.2903154761904765
895,train,CNC(=O)Nc1nc2ccc(cn2n1)c3cncc(c3)S(=O)(=O)NC(C)(C)C,1.58,2.1903154761904764,0.6103154761904763
843,train,CC(=O)Nc1ccc2[nH]cc(c3cc(NC4CC4)n5ncc(C#N)c5n3)c2c1,2.65,2.1903154761904764,-0.4596845238095235
1668,train,COC[C@H](C)Oc1cc(Oc2ccc(cc2)S(=O)(=O)C)cc(c1)C(=O)Nc3ccc(cn3)C(=O)O,-0.41,2.1903154761904764,2.6003154761904765
774,train,Cc1cc(C)c2c(N)c(sc2n1)C(=O)NC3CC3,2.53,2.1903154761904764,-0.3396845238095234
1872,train,Cc1nc(cs1)C(=O)N2CCCC3(CCN(Cc4ccccc4)CC3)C2,0.24,2.1903154761904764,1.9503154761904764
153,train,NC(=O)Nc1cc(sc1C(=O)N)c2cccc(O)c2,2.21,2.1903154761904764,-0.01968452380952357
2340,train,O[C@@H]1CCN(C1)c2ccc3c(NC(=O)CNc4cccc(c4)C#N)c(Cl)ccc3n2,2.39,2.1903154761904764,-0.19968452380952373
574,train,CN[C@H]1CC[C@@H](c2ccc(Cl)c(Cl)c2)c3ccccc13,3.15,2.1903154761904764,-0.9596845238095235
2280,train,CN1CCC(CC1)Oc2nccc(Nc3cc(NC(=O)c4ccnc(c4)N5CCOCC5)ccc3C)n2,1.8,2.1903154761904764,0.39031547619047635
1416,train,O=C(N1CC(=O)Nc2ccccc12)c3occc3,1.21,2.1903154761904764,0.9803154761904764
1413,train,Cc1cc(CN2Cc3ccccc3C[C@H]2C(=O)Nc4ccc(Cl)cc4Cl)ccc1OCC(=O)O,2.41,2.1903154761904764,-0.21968452380952375
2075,train,O=C(CN1CCN(CC1)c2ccccc2)Nc3c(cnn3c4ccccc4)C#N,2.3,2.1903154761904764,-0.10968452380952343
3871,train,Oc1cc(O)c2C(=O)C(=COc2c1)c3ccc4OCOc4c3,3.5,2.1903154761904764,-1.3096845238095236
2283,train,Cc1nc(C)c(nc1C(=O)N)c2ccc([C@@H]3CC[C@H](CC(=O)O)CC3)c(Cl)c2,1.7,2.1903154761904764,0.49031547619047644
1949,train,OC(=O)c1cccnc1Nc2cccc(c2)C(F)(F)F,1.0,2.1903154761904764,1.1903154761904764
2321,train,CC(=O)O[C@H]1CC[C@]2(C=O)[C@H]3CC[C@]4(C)[C@H](CC[C@]4(O)[C@@H]3CC[C@]2(O)C1)C5=CC(=O)OC5,0.64,2.1903154761904764,1.5503154761904763
2190,train,C[C@H]1C[C@H](CN1C#N)NS(=O)(=O)c2cc(Br)ccc2Br,2.13,2.1903154761904764,0.0603154761904765
314,train,COc1ccc(Cl)c(Nc2ncnc3cc(OCC4CCN(C)CC4)c(OC)cc23)c1,2.0,2.1903154761904764,0.1903154761904764
1629,train,CC(C)Nc1nc(nc(N2CCOCC2)c1N)C#N,2.04,2.1903154761904764,0.15031547619047636
242,train,CC[C@H](C)C(=O)O[C@H]1C[C@@H](C)C=C2C=C[C@H](C)[C@H](CC[C@@H](O)C[C@@H](O)CC(=O)O)[C@@H]12,1.07,2.1903154761904764,1.1203154761904763
616,train,Clc1ccc2[nH]c3CCN(Cc3c2c1)C(=O)[C@@H]4CCCC[C@H]4C(=O)NC5(CC5)C#N,3.65,2.1903154761904764,-1.4596845238095235
2376,train,C[C@H](CO)Nc1nc(SCc2cccc(F)c2F)nc3nccnc13,3.15,2.1903154761904764,-0.9596845238095235
2678,train,OC1CCN(CC1)C(=O)c2ccc(cc2)C(=C3CCN(Cc4cscn4)CC3)c5cccc6cccnc56,1.89,2.1903154761904764,0.3003154761904765
2975,train,NC(=O)c1cccc(O[C@H]2C[C@H]3CC[C@@H](C2)N3Cc4ccccc4)n1,1.71,2.1903154761904764,0.48031547619047643
379,train,O=C(N1CCN(CC1)c2ncccn2)c3cccc(CC4=NNC(=O)c5ccccc45)c3,2.13,2.1903154761904764,0.0603154761904765
2556,train,Clc1ccc(OC2CCN(CC2)C3CCN(CC3)C(=O)NS(=O)(=O)Cc4ccccc4)cc1Cl,2.13,2.1903154761904764,0.0603154761904765
1845,train,CCN(CC)C(=O)c1ccc(cc1)[C@@H](N2CCN(Cc3ccc(F)cc3)CC2)c4cccc(NC(=O)C5CC5)c4,3.99,2.1903154761904764,-1.7996845238095238
3984,train,Cc1ccc(\C=C(/C#N)\C(=O)N)cc1,2.09,2.1903154761904764,0.10031547619047654
3987,train,C1CN2CCC1C(=C2)c3oc4ccccc4c3,2.59,2.1903154761904764,-0.39968452380952346
711,train,COc1ccc(NC(=O)CSc2nnc(C)n2c3ccc(C)cc3)cc1,2.94,2.1903154761904764,-0.7496845238095236
3327,train,COCCNCc1cncc(n1)c2ccc(F)cc2OC,1.61,2.1903154761904764,0.5803154761904763
2005,train,C[C@H]([C@H](O)c1ccc(O)cc1)N2CCC(O)(CC2)c3ccccc3,0.91,2.1903154761904764,1.2803154761904763
305,train,Fc1ccc(CN2CCN(CC2)C3=Nn4c(CC3)nnc4C(F)(F)F)cc1,2.8,2.1903154761904764,-0.6096845238095234
512,train,CCN(C1CCN(CCC(c2ccc(NC(=O)C)cc2)c3cccc(F)c3)CC1)C(=O)Cc4ccc(cc4)S(=O)(=O)C,2.41,2.1903154761904764,-0.21968452380952375
2437,train,CS(=O)(=O)c1ccc(cc1)C(CCNC(=O)c2ccc(cc2)C#N)c3ccc(F)cc3,2.9,2.1903154761904764,-0.7096845238095235
45,train,COc1ccc(cn1)C2=Cc3c(C)nc(N)nc3N([C@@H]4CC[C@H](CC4)OCCO)C2=O,2.2,2.1903154761904764,-0.009684523809523782
3500,train,OC(=O)C[C@@H]1CC[C@H](CC1)c2ccc(cc2)c3ccc(Nc4ccc(nc4)C(F)(F)F)cn3,3.8,2.1903154761904764,-1.6096845238095234
2676,train,CC(C)C[C@H](N1CCC[C@@H](C1)N2C=C(C)C(=O)NC2=O)c3ccc(C(=O)O)c(Oc4cccc(Cl)c4)c3,0.93,2.1903154761904764,1.2603154761904762
3947,train,O=C(Oc1ccc2C(=O)CCOc2c1)c3ccccc3,3.6,2.1903154761904764,-1.4096845238095237
1304,train,NC(=O)c1ccc(Br)cc1,1.75,2.1903154761904764,0.4403154761904764
98,train,COc1ccc(Cc2c(N)n[nH]c2N)cc1,0.2,2.1903154761904764,1.9903154761904764
2354,train,NC1(CCC1)c2ccc(cc2)c3ncc4cnccc4c3c5ccccc5,2.2,2.1903154761904764,-0.009684523809523782
2804,train,CN(CCCc1ccccc1)S(=O)(=O)c2cc(C(=O)N3CCc4ccc(cc4C3)S(=O)(=O)NCCc5ccccc5)c(O)c(O)c2O,0.75,2.1903154761904764,1.4403154761904764
593,train,COc1cc2ncnc(Nc3ccc(OCc4ccccn4)c(C)c3)c2cc1OC,3.6,2.1903154761904764,-1.4096845238095237
3905,train,O=C(Nc1ccncc1)c2cccc3ccccc23,3.1,2.1903154761904764,-0.9096845238095237
1364,train,CC(C)c1noc(n1)N2CCN([C@H](C)C2)c3ncc(OCc4ccncc4C#N)cn3,3.1,2.1903154761904764,-0.9096845238095237
2896,train,CN(C)CCCOc1ccc(cc1)c2cc(C(=O)N)c(NC(=O)N)s2,0.64,2.1903154761904764,1.5503154761904763
3853,train,COc1cncc(NC(=O)c2cc(NC(=O)c3cccc(c3)C(C)(C)C#N)ccc2C)c1,3.04,2.1903154761904764,-0.8496845238095236
3865,train,C[C@@H]1CN[C@@H](C2CC2)C(=O)N(C)[C@H](C)C(=O)N[C@H](Cc3ccc(F)cc3)C(=O)NCCCc4ccccc4O1,3.3,2.1903154761904764,-1.1096845238095234
706,train,CC(=O)Nc1ccc(cc1)c2ccnc(Nc3ccc(cc3)N4CCOCC4)n2,2.91,2.1903154761904764,-0.7196845238095237
2369,train,CNS(=O)(=O)Cc1ccc2[nH]cc(CCN(C)C)c2c1,-0.96,2.1903154761904764,3.1503154761904764
1774,train,Cc1c(Sc2ccc(Cl)cc2)c3cccc(Cl)c3n1CC(=O)O,2.0,2.1903154761904764,0.1903154761904764
3289,train,CC(C)C(NC(=O)CN1C(=O)C(=CN=C1c2cccnc2)NC(=O)OCc3ccccc3)C(=O)C(F)(F)F,2.15,2.1903154761904764,0.040315476190476485
2167,train,O=C(Nc1nccs1)c2ccccc2,2.43,2.1903154761904764,-0.23968452380952376
670,train,FC(F)(F)c1nnc2ccc(nn12)N3CCN(Cc4ccc(cc4)C#N)CC3,2.9,2.1903154761904764,-0.7096845238095235
1809,train,CC(C)N(C(C)C)C(=O)C(C(CNC(=O)NCc1ccccc1F)c2ccccc2)c3cccnc3,4.2,2.1903154761904764,-2.009684523809524
417,train,CC(C)CN1C(=O)N(C)C(=O)c2c1sc(Cc3ccccc3C(F)(F)F)c2C(=O)N4CC[C@@H](O)C4,2.74,2.1903154761904764,-0.5496845238095238
1019,train,CCN(C1CCN(CCC(N2CCN(CC2)c3ccccc3)c4ccccc4)CC1)C(=O)Cc5ccc(cc5)S(=O)(=O)C,2.67,2.1903154761904764,-0.47968452380952353
3803,train,Fc1ccc(CC2=NNC(=O)c3ccccc23)cc1C(=O)N4CCN(CC4)C(=O)C5CCCO5,0.9,2.1903154761904764,1.2903154761904765
2036,train,OC(=O)[C@H](Cc1cccc(c1)C#N)N2CCC(CN3CCC(CC3)Oc4ccc(Cl)c(Cl)c4)CC2,2.26,2.1903154761904764,-0.06968452380952339
1244,train,CCNC(=O)c1ccc(C)c(c1)N2C=Nc3ccc(cc3C2=O)N4CCN(C)CC4,1.47,2.1903154761904764,0.7203154761904764
2704,train,COc1cc(ccc1Cc2c[nH]c3ccc(NC(=O)CC4CCCC4)cc23)C(=O)NS(=O)(=O)c5ccccc5C,2.0,2.1903154761904764,0.1903154761904764
1863,train,NC1=CC2=NNC(=O)N2c3cc(ccc13)c4ccc[nH]4,2.3,2.1903154761904764,-0.10968452380952343
758,train,CC1(CC1)c2c(cnn2c3ccc(cc3)C(=O)O)C(=O)NC4C5CC6CC(CC4C6)C5,1.11,2.1903154761904764,1.0803154761904763
698,train,Cc1c(c2c(NS(=O)(=O)C)cccc2n1CC(=O)O)S(=O)(=O)c3ccc(Cl)cc3,-0.83,2.1903154761904764,3.0203154761904765
1012,train,CC(C)C(NC(=O)CN1C(=O)C(=CC=C1c2ccccc2)NC(=O)OCc3cc(C)nc(C)c3)C(=O)C(F)(F)F,2.38,2.1903154761904764,-0.1896845238095235
2362,train,OC(=O)CSCC(=O)Nc1nc(cs1)c2ccc(F)cc2,-0.2,2.1903154761904764,2.3903154761904766
3960,train,CN(c1ccc(c(Cl)c1)c2cc(F)ccc2OCC(=O)O)S(=O)(=O)C,-1.17,2.1903154761904764,3.3603154761904763
2367,train,O=C(COCc1ccccc1)Nc2ccc3c(c2)C(=O)C(=O)c4ccccc34,3.21,2.1903154761904764,-1.0196845238095236
1621,train,Oc1oc(c2ccccc2)c(n1)c3ccccc3,3.42,2.1903154761904764,-1.2296845238095235
1337,train,N(c1ccccc1)c2[nH]nnc2c3ccccc3,3.37,2.1903154761904764,-1.1796845238095237
1234,train,Nc1nc(N)c(nc1Cl)C(=O)Nc2ccccn2,2.67,2.1903154761904764,-0.47968452380952353
2272,train,CC(C)C(NC(=O)CN1C(=O)C(=CN=C1C(C)C)NC(=O)OCc2ccccc2)C(=O)C(F)(F)F,2.63,2.1903154761904764,-0.4396845238095235
1691,train,Cc1ccc(CN2[C@@H]3CC[C@H]2C[C@H](C3)Oc4cccc(c4)C(=O)N)s1,2.39,2.1903154761904764,-0.19968452380952373
1293,train,Nc1nc(ns1)c2ccccc2,2.2,2.1903154761904764,-0.009684523809523782
3290,train,OC(=O)CCn1c2ccccc2c3ccccc13,0.6,2.1903154761904764,1.5903154761904763
2669,train,CCN(CC)CCOc1ccc(cc1)\C(=C(\Cl)/c2ccccc2)\c3ccccc3,4.09,2.1903154761904764,-1.8996845238095235
1859,train,CCCNC(=O)c1nnc2c(cccc2c1N)c3cc(C)ccc3OC,3.99,2.1903154761904764,-1.7996845238095238
714,train,COc1cc2nnc(C(=O)N)c(Nc3ccc(C)cc3F)c2cc1N4CCN(C)CC4,2.36,2.1903154761904764,-0.16968452380952348
2003,train,COc1ccc(cc1)C(=O)Nc2cc(NC(=O)c3cccc(c3)N(C)C)ccc2C,3.17,2.1903154761904764,-0.9796845238095235
423,train,COc1ccc2N=CC(=O)N(CCN3CCC(CC3)NCc4cc5OCCOc5cn4)c2n1,0.83,2.1903154761904764,1.3603154761904763
2950,train,CCOC(=O)c1ccccc1c2csc(NS(=O)(=O)c3ccc(Cl)cc3)n2,2.43,2.1903154761904764,-0.23968452380952376
335,train,NS(=O)(=O)c1cc2c(NC(Cc3ccccc3)NS2(=O)=O)cc1C(F)(F)F,1.78,2.1903154761904764,0.41031547619047637
3276,train,CC[C@@H](N1CCC[C@@H](C1)N2C=C(C)C(=O)NC2=O)c3ccc(C(=O)O)c(Oc4cccc(Cl)c4)c3,0.22,2.1903154761904764,1.9703154761904764
3183,train,CCN(CC)C(=O)c1ccc(cc1)C2=CC3(CCNCC3)Oc4cccc(O)c24,0.54,2.1903154761904764,1.6503154761904764
2857,train,CN(C)CCOc1ccc(cc1)c2cc(C(=O)N)c(NC(=O)N)s2,1.16,2.1903154761904764,1.0303154761904765
1090,train,CSc1ccc(OCc2ccccc2)c(c1)C(=O)Nc3ccc(cn3)C(=O)O,1.6,2.1903154761904764,0.5903154761904763
284,train,COc1ccccc1c2nnc(N)[nH]2,0.91,2.1903154761904764,1.2803154761904763
1852,train,Cc1c(OCC(F)(F)F)ccnc1C[S+]([O-])c2nc3ccccc3[nH]2,2.7,2.1903154761904764,-0.5096845238095238
392,train,OC(=O)c1ccccc1Cn2nnc(n2)c3cccc(OCc4ccc5ccccc5n4)c3,2.1,2.1903154761904764,0.09031547619047631
2742,train,Nc1ccccc1NC(=O)c2ccccn2,1.0,2.1903154761904764,1.1903154761904764
2162,train,Oc1ccc(CCNCCCS(=O)(=O)NCCSCCc2ccccc2)c3sc(O)nc13,1.77,2.1903154761904764,0.4203154761904764
605,train,CCN(CC)CCOc1ccc(cc1OC)N(C)C(=O)c2ccc(cc2)c3ccc(cc3)C(F)(F)F,3.13,2.1903154761904764,-0.9396845238095235
3776,train,CCN(CC)CCCNCc1cc(Cl)c2cccnc2c1O,0.72,2.1903154761904764,1.4703154761904764
1769,train,CC(C)CCCC(C)\N=C\1/C=CN(Cc2ccccc2)c3cc(Cl)ccc13,1.58,2.1903154761904764,0.6103154761904763
4087,train,Fc1ccc(CC2=NNC(=O)c3ccccc23)cc1C(=O)N4CCN(CC4)C(=O)C5CCOC5,0.8,2.1903154761904764,1.3903154761904764
673,train,CN[C@@H](C)C(=O)N[C@H](C(=O)N[C@H]1CCCN(CCc2ccccc2)C1)C(C)(C)C,1.46,2.1903154761904764,0.7303154761904764
2959,train,CN[C@@H](C)C(=O)N[C@H](C(=O)N[C@H]1CCCN(CCc2ccc(C)cc2)C1)C(C)(C)C,2.05,2.1903154761904764,0.14031547619047657
384,train,Cc1ccc(cc1)S(=O)(=O)Nc2c(cnn2c3ccccc3)C(=O)NCc4ccccc4,1.9,2.1903154761904764,0.2903154761904765
756,train,[O-][N+](=O)c1ccc2c(c1)nc3CCCCCn23,2.58,2.1903154761904764,-0.3896845238095237
1362,train,CC1=C(N2[C@H](SC1)[C@H](NC(=O)[C@H](N)c3ccc(O)cc3)C2=O)C(=O)O,-0.86,2.1903154761904764,3.0503154761904763
820,train,CCN(CC)C(=O)N[C@H]1C[C@H]2[C@@H](Cc3c[nH]c4cccc2c34)N(C)C1,2.73,2.1903154761904764,-0.5396845238095236
2400,train,ONC(=O)C1COC(=N1)c2ccc(F)c(c2)C(F)(F)F,1.53,2.1903154761904764,0.6603154761904764
446,train,CNC(=O)[C@H]1CCCN1Cc2cc3c(Nc4cccc(Cl)c4F)ncnc3cc2OC,3.65,2.1903154761904764,-1.4596845238095235
1049,train,Clc1ccc(cc1)S(=O)(=O)Nc2nnc(s2)c3ccccc3,1.14,2.1903154761904764,1.0503154761904765
3341,train,NC(=O)Nc1sc(cc1C(=O)N[C@H]2CCCNC2)c3ccccc3,1.27,2.1903154761904764,0.9203154761904764
2295,train,C[C@H](CO)Nc1nc(SCc2cccc(F)c2F)nc3nc(N)cnc13,2.89,2.1903154761904764,-0.6996845238095237
1636,train,C[C@@H](NC(=O)C1(N)CCN(CC1)c2ncnc3[nH]ccc23)c4ccc(Cl)cc4,3.3,2.1903154761904764,-1.1096845238095234
2311,train,CCS(=O)(=O)c1ccc(c(C)c1)c2cc(ccc2OCC(=O)O)C(F)(F)F,-0.45,2.1903154761904764,2.6403154761904766
2565,train,CCC(NC(=O)c1ccc(C)cc1)C2=Nc3ccsc3C(=O)N2Cc4ccccc4,4.14,2.1903154761904764,-1.9496845238095233
3523,train,C[C@H](CO)Nc1nc(SCc2cccc(F)c2F)nc3nc(C)cnc13,3.55,2.1903154761904764,-1.3596845238095234
1266,train,C[C@@H]1CN(CCN1C(=O)[C@@H]2CCCC[C@H]2C(=O)NC3(CC3)C#N)c4ccc5c(C)nn(C)c5c4,2.7,2.1903154761904764,-0.5096845238095238
2183,train,C1CN(CCO1)c2cc(Nc3nccc(Nc4cccc5[nH]ncc45)n3)cc(c2)N6CCOCC6,3.05,2.1903154761904764,-0.8596845238095234
3769,train,CCC[C@@H](CN1CCCC1)N(C)C(=O)Cc2ccc(Cl)c(Cl)c2,2.27,2.1903154761904764,-0.07968452380952362
697,train,COc1cc2c(NC(=O)Nc3c(Cl)cccc3Cl)ncnc2cc1OCC4CCN(C)CC4,2.7,2.1903154761904764,-0.5096845238095238
615,train,CC(C)N1CCC[C@H](CN2C(=Nc3ccc(cc3C2=O)c4ccc(Cl)cc4)C)C1,3.3,2.1903154761904764,-1.1096845238095234
1002,train,CN1CCNc2nc(CCOc3ccc(C[C@H](NC(=O)c4c(Cl)cccc4Cl)C(=O)O)cc3)ccc12,0.07,2.1903154761904764,2.1203154761904766
1298,train,CNC1=Nc2ncccc2C(=NC1c3ccns3)c4occc4,1.44,2.1903154761904764,0.7503154761904764
1003,train,C(Sc1nc2cccnc2[nH]1)c3ccccc3,3.22,2.1903154761904764,-1.0296845238095238
3501,train,COc1cc(Cc2cnc(N)nc2N)cc(OC)c1OC,0.63,2.1903154761904764,1.5603154761904765
2598,train,CC(N1C(=O)c2ccccc2C1=O)C(=O)N3CCc4ccccc4C3,2.47,2.1903154761904764,-0.2796845238095238
2996,train,CCN1C=C(C(=O)O)C(=O)c2cc(F)c(cc12)N3CCNCC3,-0.87,2.1903154761904764,3.0603154761904765
2155,train,Fc1ccc(cc1)C(=O)N2CCC[C@@H](C2)c3onc(n3)c4ccc(F)cc4,3.73,2.1903154761904764,-1.5396845238095236
3612,train,NC(=O)c1cccc(O[C@@H]2C[C@H]3CC[C@@H](C2)N3Cc4ccccc4)c1,1.76,2.1903154761904764,0.4303154761904764
244,train,COc1cc(O)cc2OC=C(C(=O)c12)c3ccc(O)cc3,2.0,2.1903154761904764,0.1903154761904764
2099,train,COc1cc(OC)c2nc(C)c3CCN(c4ccc(O)cc4)c3c2c1,1.5,2.1903154761904764,0.6903154761904764
4199,train,CN1C(=O)C=C(CCc2ccc3ccccc3c2)N=C1N,2.7,2.1903154761904764,-0.5096845238095238
3332,train,COc1ccc(OC)c(c1)c2c(F)ccc3c(N)c(nnc23)C(=O)NC(C)C,3.77,2.1903154761904764,-1.5796845238095236
406,train,C[C@@H](O)[C@H](NC(=O)c1ccc(cc1)C#Cc2ccc(CN3CCOCC3)cc2)C(=O)NO,2.03,2.1903154761904764,0.1603154761904766
2568,train,c1ccc2ncccc2c1,2.09,2.1903154761904764,0.10031547619047654
733,train,CC(C)C(CCCN(C)CCc1ccccc1)(C#N)c2ccccc2,3.6,2.1903154761904764,-1.4096845238095237
809,train,CNC(=O)c1ccccc1Sc2ccc3c(\C=C\c4ccccn4)n[nH]c3c2,3.8,2.1903154761904764,-1.6096845238095234
1376,train,COc1ccc(cc1)C(=O)CS(=O)(=O)c2ccccc2,1.96,2.1903154761904764,0.23031547619047643
3388,train,Clc1ccc(cc1)C(N2CCNCC2)c3ccccc3,1.94,2.1903154761904764,0.25031547619047645
2572,train,COc1cc2ncnc(Nc3cc(Cl)ccc3F)c2cc1OCCCN4CCOCC4,3.4,2.1903154761904764,-1.2096845238095235
3757,train,Nc1nc2ccc(OC(F)(F)F)cc2s1,3.34,2.1903154761904764,-1.1496845238095235
2377,train,NC(=O)c1cnc(c2ccc(cc2)C3(N)CCC3)c(c1)c4ccccc4,1.3,2.1903154761904764,0.8903154761904764
3499,train,CC(C)C[C@H](CO)Nc1nc(SCc2cccc(c2)C#N)nc3nc(N)sc13,3.9,2.1903154761904764,-1.7096845238095235
2893,train,CCN1C(=O)N(CC2CC2)c3nn(Cc4ccnc5ccc(Cl)cc45)c(c3C1=O)c6cc(cn6C)C#N,4.13,2.1903154761904764,-1.9396845238095235
3860,train,COC(=O)c1c(C)[nH]c(C)c1C(=O)c2ccccc2Cl,2.7,2.1903154761904764,-0.5096845238095238
1975,train,FC(F)(F)c1cccc(c1)S(=O)(=O)NCC(N2CCCCCC2)c3ccccc3,3.12,2.1903154761904764,-0.9296845238095237
3260,train,COCCC(Oc1ncnc2c1cnn2c3ccccc3C(F)(F)F)C(=O)Nc4ccc(C)cn4,3.5,2.1903154761904764,-1.3096845238095236
4063,train,Cn1cc(cc1c2c3C(=O)N(CC#C)C(=O)N(CC4CC4)c3nn2Cc5ccnc6ccc(Cl)cc56)C#N,3.96,2.1903154761904764,-1.7696845238095236
1778,train,Nc1ncnc2nc(cc(c3cccc(Br)c3)c12)c4ccc(nc4)N5CCOCC5,3.2,2.1903154761904764,-1.0096845238095238
3982,train,Cc1sc(N)nc1c2ccccc2,2.75,2.1903154761904764,-0.5596845238095236
2187,train,OC(=O)COc1ccc(Cl)cc1CN2CCN(CC2)S(=O)(=O)c3ccccc3,0.49,2.1903154761904764,1.7003154761904764
633,train,Fc1cc(Cl)ccc1N2CCN(CC2)C(=O)COCc3ccncc3,2.55,2.1903154761904764,-0.3596845238095234
2477,train,CCN(CC)CCN1C(=O)[C@@](O)(c2ccccc2Cl)c3c1cc(cc3C(F)(F)F)C(=O)N,2.4,2.1903154761904764,-0.20968452380952352
2152,train,Nc1cc(cc(c1)C(F)(F)F)C(=O)Nc2cccc(c2)c3nnn[nH]3,0.2,2.1903154761904764,1.9903154761904764
2966,train,Cc1ncsc1CCOCCCS(=O)(=O)CCNCCc2ccc(O)c3nc(O)sc23,1.44,2.1903154761904764,0.7503154761904764
3012,train,C=CCCCCCCCCC(=O)N[C@H]1CCC(=O)NC1=O,2.64,2.1903154761904764,-0.44968452380952373
1185,train,CC(C)n1c(C)ncc1c2ccnc(Nc3ccc(C(=O)NCCN(C)C)c(F)c3)n2,1.96,2.1903154761904764,0.23031547619047643
3780,train,CC(C)[C@H](NC(=O)N(C)Cc1csc(n1)C(C)C)C(=O)N[C@H](C[C@H](O)[C@H](Cc2ccccc2)NC(=O)OCc3cncs3)Cc4ccccc4,4.3,2.1903154761904764,-2.1096845238095234
3709,train,CC(C)COc1ccc(cc1C#N)c2nc(C)c(s2)C(=O)O,0.94,2.1903154761904764,1.2503154761904764
3156,train,CCCCC(O)c1[nH]c2cc(C)c(cc2c1CCc3ccccc3)C(=O)O,2.59,2.1903154761904764,-0.39968452380952346
3151,train,CNc1c(cnc2[nH]c(nc12)c3ccc(OCCN4CCOCC4)cc3)C(=O)N,2.14,2.1903154761904764,0.05031547619047627
890,train,Oc1ccc2C[C@H]3N(CC4CC4)CC[C@@]56[C@@H](Oc1c25)c7[nH]c8ccccc8c7C[C@@]36O,2.7,2.1903154761904764,-0.5096845238095238
2827,train,Oc1ccc(cc1)C2=CC(=O)c3cc(O)ccc3O2,3.3,2.1903154761904764,-1.1096845238095234
4037,train,CN1CCOc2cc(OC(=O)c3ccccc3)cnc12,3.3,2.1903154761904764,-1.1096845238095234
1120,train,CC(=O)Nc1ccc2c(c1)c(cn2CCO)c3cc(NC4CC4)n5ncc(C#N)c5n3,2.71,2.1903154761904764,-0.5196845238095236
2831,train,O=C1C=COc2ccccc12,1.4,2.1903154761904764,0.7903154761904765
2318,train,COc1ccc2nccc([C@H](O)[C@H]3C[C@@H]4CCN3C[C@@H]4C=C)c2c1,2.21,2.1903154761904764,-0.01968452380952357
996,train,Oc1cccc2ccccc12,2.5,2.1903154761904764,-0.3096845238095236
861,train,CC1=CC2=NNC(=O)N2c3cc(ccc13)c4occc4,2.07,2.1903154761904764,0.12031547619047656
1173,train,Cc1ccc(s1)C(NC(=O)c2ccccc2O)C(=O)Nc3c(C)cccc3C,4.05,2.1903154761904764,-1.8596845238095234
2960,train,CC(C)[C@@H](CN1CCCCC1)N(C)C(=O)Cc2ccc(Cl)c(Cl)c2,2.87,2.1903154761904764,-0.6796845238095237
3900,train,CC(O)(C(=O)Nc1ccc(cc1)S(=O)(=O)c2ccccc2)C(F)(F)F,2.98,2.1903154761904764,-0.7896845238095236
1589,train,Cc1ccc(cc1)n2nc(cc2NC(=O)Nc3ccc(OCCN4CCOCC4)c5ccccc35)C(C)(C)C,4.49,2.1903154761904764,-2.299684523809524
3864,train,COc1cc(Nc2cc(Oc3cccnc3)ccn2)cc(OC)c1OC,2.66,2.1903154761904764,-0.46968452380952375
729,train,Cc1ccc(NC(=O)c2cccc(c2)N3CCOCC3)cc1NC(=O)c4ccc(OCc5ccccn5)cc4,3.2,2.1903154761904764,-1.0096845238095238
2132,train,COc1cc2c(Nc3ccc(Br)cc3F)ncnc2cc1OC[C@@H]4CCCN(C)C4,3.05,2.1903154761904764,-0.8596845238095234
2236,train,C[C@H](CO)Nc1nc(SCc2csc(C)n2)nc3nc(N)sc13,1.73,2.1903154761904764,0.4603154761904764
4133,train,Fc1cc(ccc1C2=CCS(=O)(=O)CC2)N3C[C@H](Cn4nncc4F)OC3=O,3.54,2.1903154761904764,-1.3496845238095236
3630,train,CNC1=CN=C(N(CC(=O)NC(C(C)C)C(=O)C(F)(F)F)C1=O)c2ccc(F)cc2,1.86,2.1903154761904764,0.3303154761904763
3531,train,CC(C)[C@H](NC(=O)C[C@H](NC(=O)\C=C\c1ccccc1)c2ccccc2)C(=O)[C@H]3[C@H](C)C(=O)NC3=O,1.91,2.1903154761904764,0.2803154761904765
637,train,Cc1nnc(N)s1,-0.4,2.1903154761904764,2.5903154761904763
1207,train,CC(=O)Nc1ccc2ccn(c3cc(NCCN4CCCC4)n5ncc(C#N)c5n3)c2c1,2.24,2.1903154761904764,-0.04968452380952382
3812,train,CCCNC(=O)c1nnc2c(c(F)ccc2c1N)c3ccc(OC)cc3OC,3.52,2.1903154761904764,-1.3296845238095236
3467,train,CN(C)C(=O)Nc1ccc(CN2NC(=O)C3=C(C2=O)C(=O)c4ccc(Cl)cc4N3)cc1,1.1,2.1903154761904764,1.0903154761904763
3765,train,COc1ccc2nccc(C(O)C3CC4(CCN3CC4)C=C)c2c1,2.08,2.1903154761904764,0.11031547619047632
1068,train,CN1CCN(CC1)C(=O)c2ccc(cc2)C(=C3CCN(Cc4cscn4)CC3)c5cccc6cccnc56,1.98,2.1903154761904764,0.2103154761904764
1414,train,Oc1ccc(cc1)C2=Cc3ccc(O)cc3OC2,3.8,2.1903154761904764,-1.6096845238095234
2985,train,Clc1ccc2[nH]ccc2c1,3.28,2.1903154761904764,-1.0896845238095234
860,train,CN1C(=O)C=C(CCc2cccc(c2)c3ccccc3)N=C1N,3.8,2.1903154761904764,-1.6096845238095234
2204,train,Cc1cc(NC(=O)Nc2ccc(Cl)cc2)n(n1)c3ccccc3,4.15,2.1903154761904764,-1.959684523809524
1259,train,C[C@@H]1CN(CCN1c2ncc(OCc3ccc(cc3)C#N)cn2)C(=O)OC(C)(C)C,2.89,2.1903154761904764,-0.6996845238095237
770,train,CN(c1cccc(c1)C(=O)Nc2ccc(C)c(NC(=O)c3ccc4ncccc4c3)c2)S(=O)(=O)C,2.8,2.1903154761904764,-0.6096845238095234
3360,train,COCCCOc1ccnc(C[S+]([O-])c2nc3ccccc3[nH]2)c1C,-0.69,2.1903154761904764,2.8803154761904763
564,train,CC(C)CN1C(=O)N(C)C(=O)c2c1sc(Cc3ccccc3C(F)(F)F)c2C(=O)N4CC(C)(O)C4,3.18,2.1903154761904764,-0.9896845238095238
2984,train,OS(=N)(=O)Cc1noc2ccccc12,0.55,2.1903154761904764,1.6403154761904764
761,train,Oc1ccc(cc1)c2nc3ccc(O)cc3s2,3.65,2.1903154761904764,-1.4596845238095235
606,train,C[C@H](NC(=O)c1c(C)nn(c1NS(=O)(=O)c2ccc(C)cc2)C(C)(C)C)C(C)(C)C,1.84,2.1903154761904764,0.3503154761904763
343,train,OC(=O)C[C@H]1[C@@H](Cc2ccccc12)NC(=O)c3cc4sc(Cl)c(Cl)c4[nH]3,2.53,2.1903154761904764,-0.3396845238095234
3269,train,Oc1c2C(=O)N(NC(=O)c2nc3cc(Cl)ccc13)C(c4ccccc4)c5ccncc5,1.1,2.1903154761904764,1.0903154761904763
3071,train,Cc1cc(Oc2ccnc(Nc3ccc(cc3)S(=O)(=O)N)c2)c(nc1C)c4ccccn4,2.34,2.1903154761904764,-0.14968452380952346
79,train,CC1COc2c(N3CCN(C)CC3)c(F)cc4C(=O)C(=CN1c24)C(=O)O,-0.45,2.1903154761904764,2.6403154761904766
2145,train,C[C@H]1O[C@H]([C@H](O)[C@H]1Cl)n2cnc3c(N)nc(OCC4CC45CC5)nc23,3.68,2.1903154761904764,-1.4896845238095238
18,train,COc1cc(ccc1N2CC[C@@H](O)C2)N3N=Nc4cc(sc4C3=O)c5ccc(Cl)cc5,3.15,2.1903154761904764,-0.9596845238095235
3639,train,CN1C(=O)N(C)c2ncn(C)c2C1=O,-0.03,2.1903154761904764,2.220315476190476
2725,train,CC[C@H](NC(=O)c1c(CS(=O)(=O)C)c(nc2ccccc12)c3ccccc3)c4ccccc4,3.25,2.1903154761904764,-1.0596845238095236
3986,train,Nc1ccccc1[N+](=O)[O-],-0.96,2.1903154761904764,3.1503154761904764
2802,train,CN(C(CN1CCCC1)c2ccccc2)C(=O)Cc3ccc(Cl)c(Cl)c3,3.38,2.1903154761904764,-1.1896845238095235
793,train,CCCCOc1nc(N)c2NC(=O)N(Cc3cccc(CC(=O)OC)c3)c2n1,3.76,2.1903154761904764,-1.5696845238095234
415,train,Fc1cc(C(=O)Nc2cccc(c2)c3nnn[nH]3)c4nc[nH]c4c1,0.29,2.1903154761904764,1.9003154761904764
658,train,CS(=O)(=O)N1CCc2c1nc(nc2c3cnc(N)nc3)N4CCOCC4,1.2,2.1903154761904764,0.9903154761904764
383,train,CC(C)(C)NCC(O)COc1nsnc1N2CCOCC2,-0.35,2.1903154761904764,2.5403154761904765
2205,train,[O-][N+](=O)c1cccc(c1)c2ccc(OCC(CCc3ccc(cc3)C(=O)N4CCCC4)N5C(=O)CCCC5=O)cc2,2.31,2.1903154761904764,-0.11968452380952366
1183,train,NC(=O)c1cnc2[nH]c(nc2c1NCCCNC(=O)C3CCC3)c4ccc(OCCN5CCCCC5)cc4,2.48,2.1903154761904764,-0.2896845238095236
263,train,[O-][N+](=O)c1cccc(c1)C(=O)Nc2nc3ccccc3n2CCN4CCOCC4,3.3,2.1903154761904764,-1.1096845238095234
2629,train,Cc1ncc(c2ccnc(Nc3ccc(cc3)S(=O)(=O)N)n2)n1C,1.6,2.1903154761904764,0.5903154761904763
3519,train,Cc1cc(Oc2ccnc(Nc3cccc(c3)N4CCOCC4)c2)c(nc1C)c5ccccn5,3.27,2.1903154761904764,-1.0796845238095236
42,train,NC(=NC#N)c1sc(Nc2ccccc2)nc1N,2.91,2.1903154761904764,-0.7196845238095237
1723,train,NS(=O)(=O)c1cc(ccc1Cl)C2(O)NC(=O)c3ccccc23,0.97,2.1903154761904764,1.2203154761904764
3715,train,CC(C)n1nc(c2ccc(C)cc2)c3c(N)ncnc13,3.2,2.1903154761904764,-1.0096845238095238
3238,train,CCNC(=O)c1cc2c(c(cnc2[nH]1)c3cncc(c3)C4=NNC(=O)O4)n5ccc(n5)C(F)(F)F,1.65,2.1903154761904764,0.5403154761904765
1728,train,CNc1cccc(CCCc2ccc(C[C@H](NC(=O)c3c(Cl)cccc3Cl)C(=O)O)s2)n1,0.78,2.1903154761904764,1.4103154761904764
1644,train,CCOC(=O)c1ccc(OCC2CCN(C2)c3ccc(C)nn3)cc1,3.44,2.1903154761904764,-1.2496845238095236
3253,train,Nc1ncnc2OCCN(C(=O)c12)c3ccc(cc3)[C@@H]4CC[C@@H](CC(=O)O)CC4,-0.5,2.1903154761904764,2.6903154761904764
3585,train,CN(C)C(=O)N1CCC(CC1)C(=O)NCc2cccs2,1.1,2.1903154761904764,1.0903154761904763
2390,train,COc1ccc2N=CC(=O)N(CCN3CC[C@@H](NCc4cc5OCCOc5cn4)[C@H](O)C3)c2c1,0.9,2.1903154761904764,1.2903154761904765
568,train,CN(C)S(=O)(=O)c1ccc2Sc3ccccc3\C(=C\CCN4CCN(C)CC4)\c2c1,3.16,2.1903154761904764,-0.9696845238095237
3992,train,CC1=CN([C@H]2CCCN(C2)[C@H](CC3CCCCC3)c4ccc(C(=O)O)c(Oc5cccc(Cl)c5)c4)C(=O)NC1=O,1.83,2.1903154761904764,0.3603154761904763
2277,train,NC(=O)c1cccc(N[C@H]2C[C@H]3CC[C@@H](C2)N3Cc4ccccc4)c1,1.01,2.1903154761904764,1.1803154761904764
3798,train,CCCSc1nc(Oc2ccc(CC(=O)O)cc2)ccc1C(=O)NC3CCCCC3,1.79,2.1903154761904764,0.40031547619047636
732,train,CC(=O)CC(C1=C(O)c2ccccc2OC1=O)c3ccccc3,0.86,2.1903154761904764,1.3303154761904765
4028,train,CC(C)Cc1ccc(cc1)[C@H](C)C(=O)NS(=O)(=O)C,0.56,2.1903154761904764,1.6303154761904763
3654,train,CN(c1ccnc(Nc2cc(cc(c2)N3CCOCC3)N4CCOCC4)n1)c5cccc6[nH]ncc56,3.23,2.1903154761904764,-1.0396845238095236
3813,train,CC(C)OC(=O)N1CCC(CC1)Oc2ncnc3N(CCc23)c4ccc(cc4F)S(=O)(=O)C,3.4,2.1903154761904764,-1.2096845238095235
1426,train,CCCC(=O)Nc1ccc(Cl)c(c1)c2oc3cccnc3n2,3.37,2.1903154761904764,-1.1796845238095237
618,train,Nc1ncc2cc(c(N)nc2n1)c3c(Br)cccc3Br,2.06,2.1903154761904764,0.13031547619047634
2591,train,CC(C)(C)OC(=O)N1CCN(CC1)c2cnc(OCc3ccc(cc3)S(=O)(=O)C)cn2,3.4,2.1903154761904764,-1.2096845238095235
3990,train,Clc1ccc(CNc2nc(nc3ncccc23)N4CCN(CC4)C(=O)[C@H]5CCCCN5)c(Cl)c1,2.27,2.1903154761904764,-0.07968452380952362
2291,train,CCCS(=O)(=O)N1N=Cc2cc(Cl)ccc2B1O,-0.4,2.1903154761904764,2.5903154761904763
1483,train,CC(C)C(NC(=O)CN1C(=O)C(=CN=C1c2ccc(F)cc2)NC(=O)OCc3ccccc3)C(=O)C(F)(F)F,2.47,2.1903154761904764,-0.2796845238095238
691,train,C[C@H](CO)Nc1nc(SCc2cccc(F)c2F)nc3nc(NC4CC4)sc13,4.37,2.1903154761904764,-2.1796845238095237
2935,train,COCc1c(nc(C(C)C)c(\C=C\[C@@H](O)C[C@@H](O)CC(=O)O)c1c2ccc(F)cc2)C(C)C,1.72,2.1903154761904764,0.4703154761904764
2552,train,CCN(CCO)CCCOc1cc2ncnc(Nc3cc(CC(=O)Nc4cccc(F)c4)[nH]n3)c2cc1OC,2.12,2.1903154761904764,0.07031547619047629
3045,train,CN(CCOc1ccc(NS(=O)(=O)C)cc1)CCc2ccc(NS(=O)(=O)C)cc2,0.6,2.1903154761904764,1.5903154761904763
2356,train,CC1=CC(=O)Nc2ccccc12,1.9,2.1903154761904764,0.2903154761904765
1417,train,Oc1ccc(CCNCCCS(=O)(=O)NCCOCCc2ccc(F)cc2)c3sc(O)nc13,1.57,2.1903154761904764,0.6203154761904763
1572,train,CCC(=O)O[C@H]1CC[C@H]2[C@@H]3CCC4=CC(=O)CC[C@]4(C)[C@H]3CC[C@]12C,3.3,2.1903154761904764,-1.1096845238095234
4044,train,Nc1cccc2c3ccccc3C(=O)C(=O)c12,2.95,2.1903154761904764,-0.7596845238095238
681,train,COc1cc2ncnc(N3CC[C@H](C3)Oc4cnc5ccccc5n4)c2cc1OC,4.04,2.1903154761904764,-1.8496845238095236
3688,train,COC[C@H](O)CN1C(=O)C=NN(C1=O)c2ccc(Cl)c(c2)C(=O)NCC3(O)CCCCCC3,1.46,2.1903154761904764,0.7303154761904764
626,train,CC(C)(C(=O)O)c1ccc(cc1)C(O)CCCN2CCC(CC2)C(O)(c3ccccc3)c4ccccc4,0.42,2.1903154761904764,1.7703154761904765
2807,train,COc1cc(Nc2ncnc(Nc3c(Cl)ccc4OCOc34)n2)cc(OC)c1OC,3.01,2.1903154761904764,-0.8196845238095234
2348,train,CC(C)N(c1ccnc(Nc2cc(cc(c2)N3CCOCC3)N4CCOCC4)n1)c5cc(CO)ccc5C,3.9,2.1903154761904764,-1.7096845238095235
1796,train,CC(C)OC(=O)N1CCC(CC1)Oc2ncnc(Oc3cccnc3C)c2C,3.8,2.1903154761904764,-1.6096845238095234
3123,train,CN(C)CCCN1c2ccccc2CCc3ccc(Cl)cc13,3.36,2.1903154761904764,-1.1696845238095235
4144,train,CCCCOc1nc(N)c2NC(=O)N(Cc3cccc(CC(=O)O)c3)c2n1,0.14,2.1903154761904764,2.0503154761904763
1110,train,Cc1cc(O)ccc1N2C(=O)c3ccc(O)cc3C2=O,2.0,2.1903154761904764,0.1903154761904764
3856,train,CC(C)Nc1ccc2cnn(c3cncc(n3)n4ccc(CC(=O)O)c4)c2c1,1.24,2.1903154761904764,0.9503154761904764
3489,train,CO[C@H]1CN(CCCOc2ccc(F)cc2)CC[C@H]1NC(=O)c3cc(Cl)c(N)cc3OC,3.56,2.1903154761904764,-1.3696845238095237
1984,train,Cc1c(Sc2ccc(Cl)cc2)c3cc(ccc3n1CC(=O)O)c4ccccc4,3.7,2.1903154761904764,-1.5096845238095238
1440,train,Nc1ncccc1NCc2cccc(c2)c3cccnc3,3.0,2.1903154761904764,-0.8096845238095236
1179,train,CC(=O)NC[C@H]1CN(C(=O)O1)c2ccc(N3Cc4cccnc4C3)c(F)c2,2.88,2.1903154761904764,-0.6896845238095235
137,train,COc1cc(OC2CCN(CC2)C(=O)C)ccc1Nc3ncc(Cl)c(n3)c4cnc5ccccn45,4.0,2.1903154761904764,-1.8096845238095236
3483,train,CC1=CC(=O)Nc2sc(C(=O)c3ccc(Br)cc3)c(N)c12,2.57,2.1903154761904764,-0.37968452380952344
654,train,COCCC(=O)Nc1ccc(Nc2ncc3cc(ccc3n2)c4ccncc4)cc1,2.78,2.1903154761904764,-0.5896845238095234
3722,train,Cc1cc(C)nc(N)c1,0.85,2.1903154761904764,1.3403154761904763
3643,train,COc1ccccc1N2CCN(CCN(C(=O)C3CCCCC3)c4ccccn4)CC2,3.0,2.1903154761904764,-0.8096845238095236
465,train,CC(C)c1ccccc1Nc2nc(SCc3cccs3)n[nH]2,4.21,2.1903154761904764,-2.0196845238095236
2645,train,Nc1c2C(=O)N(Cc2nc3c(cccc13)c4ncccn4)C5CCC5,1.85,2.1903154761904764,0.3403154761904763
65,train,COc1cc2ncc(C(=O)N)c(Nc3ccc(F)cc3F)c2cc1NCCN(C)C,1.91,2.1903154761904764,0.2803154761904765
395,train,COc1cc2ncc(C(=O)N)c(Nc3ccc(F)cc3)c2cc1OC,2.82,2.1903154761904764,-0.6296845238095234
2601,train,CCN(CC)CCNC(=O)c1c(C)[nH]c(\C=C\2/C(=O)Nc3ccc(Cl)cc23)c1C,2.75,2.1903154761904764,-0.5596845238095236
2785,train,COc1cc(OC)c(cc1NC(=O)CCC(=O)O)S(=O)(=O)N(c2ccccc2)c3ccccc3,-0.8,2.1903154761904764,2.990315476190476
1462,train,CC(C)n1c(C)ncc1c2nc(Nc3ccc(cc3)N4CCOCC4)ncc2F,3.01,2.1903154761904764,-0.8196845238095234
2715,train,CCOc1cc(Nc2nc3c(cc2F)ncn3[C@@H](CO)c4ccc(F)cn4)n[nH]1,2.55,2.1903154761904764,-0.3596845238095234
1756,train,O=C(CC12CC3CC(CC(C3)C1)C2)Nc4cccc5ncccc45,3.83,2.1903154761904764,-1.6396845238095237
815,train,CN(C)CC(O)COc1ccc(Nc2nccc(Nc3ccc(Cl)cc3)n2)cc1,2.6,2.1903154761904764,-0.4096845238095237
207,train,OC(=O)C1CCN(CC1)c2ncccc2c3ccc(Cl)c(c3)C(=O)NCC4CCCCCC4,2.53,2.1903154761904764,-0.3396845238095234
59,train,O=C1NC(=NC(=C1C#N)c2ccccc2)SCCc3ccccc3,1.71,2.1903154761904764,0.48031547619047643
1581,train,Cc1ccc(C)c(OCCCC(C)(C)C(=O)O)c1,0.72,2.1903154761904764,1.4703154761904764
4032,train,COc1cc(F)ccc1c2cncc(CNCC3CC3)n2,1.8,2.1903154761904764,0.39031547619047635
2912,train,CC(CCc1ccccc1)NCC(O)c2ccc(O)c(c2)C(=O)N,1.06,2.1903154761904764,1.1303154761904763
3212,train,CC(C)n1c(C)ncc1c2nc(Nc3ccc(cc3)C(=O)N4CCCN(C)CC4)ncc2F,2.02,2.1903154761904764,0.17031547619047638
3040,train,CN1C(=O)CC(C1=O)c2ccccc2,0.68,2.1903154761904764,1.5103154761904762
2662,train,CCCSc1ncccc1C(=O)N(C)C2CCCCC2,3.36,2.1903154761904764,-1.1696845238095235
3453,train,Brc1cc(Br)cc(COC[C@@H](N2CCNCC2)c3ccccc3)c1,2.8,2.1903154761904764,-0.6096845238095234
647,train,COc1cc2c(Nc3ccc(F)cc3F)c(cnc2cc1N4CCN(C)CC4)C(=O)N,1.75,2.1903154761904764,0.4403154761904764
303,train,O=C1Nc2ccccc2C(=O)C=C1,1.02,2.1903154761904764,1.1703154761904764
115,train,COc1ccc(OC)c(CNC(=O)c2cccnc2Oc3ccccc3)c1,3.52,2.1903154761904764,-1.3296845238095236
1290,train,Oc1ccc(cc1)c2oc3ccc(O)cc3n2,3.4,2.1903154761904764,-1.2096845238095235
2739,train,Cc1c(cnn1c2ccc(cc2)C(=O)O)C(=O)NC3C4CC5CC(CC3C5)C4,0.8,2.1903154761904764,1.3903154761904764
3460,train,CCN(CC)CCN1C(=O)CN=C(c2ccccc2F)c3cc(Cl)ccc13,2.38,2.1903154761904764,-0.1896845238095235
2703,train,Cc1ccc(cc1)C(=O)c2ccc(CC(=O)O)n2C,-1.02,2.1903154761904764,3.2103154761904764
2779,train,CN(C)S(=O)(=O)c1ccc2OCC(=O)N(CCN3CCC(CC3)NCc4ccc5OCC(=O)Nc5n4)c2c1,0.15,2.1903154761904764,2.0403154761904765
2547,train,Oc1cccc(NC(=O)c2ccc(OCCCN3CCCC3)cc2OCc4ccccc4C#N)c1,2.34,2.1903154761904764,-0.14968452380952346
925,train,CN(c1ccnc(Nc2cc(cc(c2)N3CCOCC3)N4CCCC4)n1)c5cc(CO)ccc5C,3.8,2.1903154761904764,-1.6096845238095234
2101,train,CN1CCN(CC1)c2ccc3N=CN(C(=O)c3c2)c4cc(ccc4C)C(=O)Nc5ccon5,1.87,2.1903154761904764,0.3203154761904763
252,train,NC(=O)c1sc(cc1N)c2ccccc2,2.33,2.1903154761904764,-0.13968452380952368
2055,train,CN1C=CNC1=S,-0.42,2.1903154761904764,2.6103154761904763
2780,train,O\N=C\1/C(=O)N(Cc2ccccc2[N+](=O)[O-])c3ccccc13,2.07,2.1903154761904764,0.12031547619047656
712,train,CC1CC(CN)CC(CO)C1,-1.4,2.1903154761904764,3.5903154761904763
1370,train,CN1CCN(CC1)S(=O)(=O)c2ccc(cc2F)c3cnc(N)c(n3)C(=O)Nc4cccnc4,2.66,2.1903154761904764,-0.46968452380952375
2498,train,CCSc1ccc(cc1)c2cc(ccc2OCC(=O)O)C(F)(F)F,1.54,2.1903154761904764,0.6503154761904764
2909,train,CN(C)CCN(Cc1ccccc1)c2ccccn2,1.28,2.1903154761904764,0.9103154761904764
3904,train,OCCCNc1ccc2c(NC(=O)CC3CCCCC3)c(Cl)ccc2n1,3.29,2.1903154761904764,-1.0996845238095236
834,train,CC(=O)NCC(NC(=O)C1(N)CCN(CC1)c2ncnc3[nH]ccc23)c4ccc(Cl)cc4,2.4,2.1903154761904764,-0.20968452380952352
3171,train,C1CC2(CCN1)OC(c3ccccc3)c4ccccc24,0.75,2.1903154761904764,1.4403154761904764
4073,train,Cc1cc(C)cc(c1)c2c(O)nc3cc(Cl)c(cc3c2OCCC4CCCCN4)C(=O)Nc5ccncn5,1.7,2.1903154761904764,0.49031547619047644
4178,train,OC(=O)[C@H](Cc1ccc(cc1)N2CCN(CC2)c3ccccc3)NC(=O)c4c(Cl)cccc4Cl,0.08,2.1903154761904764,2.1103154761904763
1394,train,COc1ccc2CCC(=O)N(CCN3CCC(CC3)NCc4ccc5OCC(=O)Nc5n4)c2c1,0.66,2.1903154761904764,1.5303154761904763
101,train,C1Oc2ccccc2C3=NN(CC13)c4ccccc4,4.28,2.1903154761904764,-2.089684523809524
3197,train,Cc1c(O[C@H]2C[C@H]3CC[C@@H](C2)N3Cc4ccccc4)cccc1C(=O)N,1.6,2.1903154761904764,0.5903154761904763
1583,train,CCN(C1CCN(CCC(c2ccccc2)c3ccccc3)CC1)C(=O)Cc4ccc(cc4)S(=O)(=O)N,2.4,2.1903154761904764,-0.20968452380952352
846,train,Oc1c(C#N)c(nc2ccncc12)c3ccc(cc3)c4ccccc4C(F)(F)F,3.3,2.1903154761904764,-1.1096845238095234
2422,train,O=C(NCC#N)[C@@H]1CCCC[C@H]1C(=O)N2CCCCC2,0.9,2.1903154761904764,1.2903154761904765
4092,train,CN(C)CC(O)COc1ccc(Nc2nccc(Nc3cc(C)ccc3F)n2)cc1,2.1,2.1903154761904764,0.09031547619047631
4100,train,COc1ccc(Nc2cc(Nc3ccc(OCC(O)CN(C)C)cc3)ncn2)cc1,1.5,2.1903154761904764,0.6903154761904764
3228,train,CNc1c(Br)cnc2[nH]c(nc12)c3ccc(OCCN4CCN(C)CC4)cc3,2.91,2.1903154761904764,-0.7196845238095237
3190,train,COCCNC(=O)c1cccc(CN2NC(=O)C3=C(C2=O)C(=O)c4ccc(Cl)cc4N3)c1,1.2,2.1903154761904764,0.9903154761904764
188,train,CC(C)OC(=O)N1CCC(CC1)Oc2ncnc(Nc3ccc(nc3C)S(=O)(=O)C)c2C,2.8,2.1903154761904764,-0.6096845238095234
2689,train,COc1cc(ccc1Cn2cnc3ccc(NC(=O)CC4CCCC4)cc23)C(=O)NS(=O)(=O)c5ccccc5,0.9,2.1903154761904764,1.2903154761904765
2168,train,Fc1ccc(cc1Cl)C(=O)Nc2ccc(Cl)nc2,3.64,2.1903154761904764,-1.4496845238095237
3464,train,COc1ccc(COC(=O)N2CCC(CNc3ncccn3)CC2)cc1,3.14,2.1903154761904764,-0.9496845238095237
3450,train,CCN(CC)CCCC(C)Nc1c2ccc(Cl)cc2nc3ccc(OC)cc13,2.17,2.1903154761904764,0.020315476190476467
3439,train,CN1CCCC(CC1)N2N=C(Cc3ccc(Cl)cc3)c4ccccc4C2=O,2.46,2.1903154761904764,-0.26968452380952357
916,train,CCN(CC)C(=O)c1ccc(C2=CC3(CCNCC3)Oc4ccccc24)c(O)c1,0.77,2.1903154761904764,1.4203154761904764
2986,train,CN(C)C(=O)[C@H](Cc1ccccc1)NC(=O)c2cc3cc(F)ccc3[nH]2,3.5,2.1903154761904764,-1.3096845238095236
3927,train,CC(C)CN1C(=O)N(C)C(=O)c2c1nn(Cc3cccc4ccccc34)c2c5cncn5C,4.1,2.1903154761904764,-1.9096845238095232
134,train,CC(C)NCC(O)COc1ccc(COCCOC(C)C)cc1,0.1,2.1903154761904764,2.0903154761904763
1170,train,CCCc1c(O)c(ccc1OCCCCSCC(=O)O)C(=O)C,1.3,2.1903154761904764,0.8903154761904764
3430,train,C[C@H](Nc1nc(Nc2cc(C)[nH]n2)c(Cl)c(n1)N3CCOCC3)c4ncc(F)cn4,2.61,2.1903154761904764,-0.4196845238095235
876,train,CN[C@@H](C)C(=O)N[C@@H](C1CCCCC1)C(=O)N[C@H]2CCCN(CCc3ccccc3)C2,1.65,2.1903154761904764,0.5403154761904765
429,train,CS(=O)(=O)c1cccc(Nc2nccc(Nc3c(Cl)ccc4OCOc34)n2)c1,3.13,2.1903154761904764,-0.9396845238095235
2546,train,Fc1ncccc1OC[C@@H]2CCN2,-1.2,2.1903154761904764,3.3903154761904766
2814,train,OC1=CC(=O)C2=C(O1)c3ccccc3N(C2=O)c4ccccc4,0.96,2.1903154761904764,1.2303154761904764
2851,train,Cc1[nH]c(\C=C\2/C(=O)Nc3ccc(F)cc23)c(C)c1C(=O)NC[C@H](O)CN4CCOCC4,2.22,2.1903154761904764,-0.0296845238095238
1860,train,CNC(=O)c1ccc(CN2CCC(CC2)c3ccc(cc3)C(=O)Nc4ccccc4N)cc1,1.99,2.1903154761904764,0.2003154761904764
3706,train,CN([C@H](CN1CCCC1)c2ccccc2)C(=O)Cc3ccc(Cl)c(Cl)c3,3.42,2.1903154761904764,-1.2296845238095235
1964,train,CC(C)n1c(C)ncc1c2ccnc(Nc3ccc(cc3)N4CCN(CC4)C(=O)CN(C)C)n2,3.31,2.1903154761904764,-1.1196845238095237
2064,train,Oc1ccc(cc1)C2=Cc3cc(O)ccc3OC2=O,2.9,2.1903154761904764,-0.7096845238095235
184,train,Clc1ccc(CC2CCNCC2)cc1C(=O)NCC34CC5CC(CC(C5)C3)C4,1.49,2.1903154761904764,0.7003154761904764
4110,train,Nc1ccc(OCc2ccccc2)cc1,2.2,2.1903154761904764,-0.009684523809523782
2416,train,Cc1ccc(C[C@H](N2CCC(CN3CCC(CC3)Oc4ccc(Cl)c(Cl)c4)CC2)C(=O)O)cc1,3.01,2.1903154761904764,-0.8196845238095234
265,train,CC(C)C(NC(=O)CN1C(=O)C(=CC=C1c2cccnc2)NC(=O)OCc3ccccc3)C(=O)C(F)(F)F,3.05,2.1903154761904764,-0.8596845238095234
114,train,CC(C)COc1cccc(c1)C(=O)Nc2ccc(C)c(c2)C(=O)Nc3cccnc3,2.81,2.1903154761904764,-0.6196845238095237
1001,train,C[C@H](N)C(=O)N[C@@H](CCc1ccccc1)\C=C\S(=O)(=O)c2ccccc2,1.66,2.1903154761904764,0.5303154761904765
3758,train,CN(C)Cc1ccccc1Sc2ccc(C)cc2N,2.6,2.1903154761904764,-0.4096845238095237
2328,train,OC(=O)[C@H](Cc1ccc(cc1)C#CCCNc2ccccn2)NC(=O)c3c(Cl)cccc3Cl,0.27,2.1903154761904764,1.9203154761904764
1797,train,Cc1ncc2CN=C(c3ccccc3F)c4cc(Cl)ccc4n12,3.4,2.1903154761904764,-1.2096845238095235
3233,train,CCN(C1CCN(CC[C@H](N2CCN(CC2)S(=O)(=O)CC(F)(F)F)c3ccccc3)CC1)C(=O)Cc4ccc(cc4)S(=O)(=O)C,1.8,2.1903154761904764,0.39031547619047635
1016,train,OC(=O)[C@H](Cc1ccc(OCCNc2nc3ccccc3[nH]2)cc1)NC(=O)c4c(Cl)cccc4Cl,0.6,2.1903154761904764,1.5903154761904763
1963,train,COCCOC(=O)C1=C(C)NC(=C(C1c2cccc(c2)[N+](=O)[O-])C(=O)OC(C)C)C,3.8,2.1903154761904764,-1.6096845238095234
3301,train,Cc1nnc(NS(=O)(=O)c2ccc(N)cc2)s1,-1.33,2.1903154761904764,3.5203154761904765
2243,train,COc1cc(CNc2nc3ccccc3[nH]2)cc(OC)c1OC,2.36,2.1903154761904764,-0.16968452380952348
1476,train,O[C@@]1(CN2CCC1CC2)C#Cc3ccc(Oc4ccc(cc4)C(=O)NCc5ccncn5)cc3,1.77,2.1903154761904764,0.4203154761904764
893,train,CC(C)CN1C(=O)N(C)C(=O)c2c1sc(Cc3c[nH]c4ncccc34)c2C(=O)N5C[C@H](O)CO5,2.04,2.1903154761904764,0.15031547619047636
220,train,Nc1ccccc1NC(=O)c2ccc(cc2)C3CCN(Cc4ccc(cc4)C(=O)NC5CC5)CC3,2.31,2.1903154761904764,-0.11968452380952366
3739,train,[O-][N+](=O)c1cccc(c1)c2ccc(OCC(CCc3ccncc3)N4C(=O)CCC4=O)cc2,3.88,2.1903154761904764,-1.6896845238095235
3876,train,COc1cc(F)ccc1c2cncc(CNC(=O)c3cnccn3)c2,2.5,2.1903154761904764,-0.3096845238095236
2762,train,CN[C@H]1CCN(C1)C(=O)c2ccc(Nc3nccc(n3)c4cnc(C)n4C(C)C)cc2,1.22,2.1903154761904764,0.9703154761904764
3620,train,OCC(CO)CN1C(=O)C(Cc2ccccc12)NC(=O)c3cc4cc(Cl)ccc4[nH]3,3.64,2.1903154761904764,-1.4496845238095237
1577,train,COC(CN1C(=O)NC2=C(C=C(N(CC(=O)NC(C(C)C)C(=O)C(F)(F)F)C2=O)c3ccccc3)C1=O)OC,1.56,2.1903154761904764,0.6303154761904763
2245,train,CCn1c2ccccc2c3cc(NC(=O)C(C)C)ccc13,4.2,2.1903154761904764,-2.009684523809524
3576,train,CCCS(=O)(=O)c1ccc(cc1)C(CNS(=O)(=O)c2ccc(cc2)C(F)(F)F)N3CCCCCC3,3.32,2.1903154761904764,-1.1296845238095234
2642,train,COc1cc2ncnc(Nc3cccc(Cl)c3F)c2cc1OC4CCN(C)CC4,2.72,2.1903154761904764,-0.5296845238095238
3995,train,CCCN1CCN(CC1)c2ccc(cc2)C(=O)NC3(CCCCC3)C(=O)NCC#N,1.33,2.1903154761904764,0.8603154761904763
1595,train,Cc1ccc(cc1)S(=O)(=O)NC(=O)N2CCC(CC2)N3CCC(CC3)Oc4ccc(F)c(F)c4,0.75,2.1903154761904764,1.4403154761904764
1571,train,CCN1CCN(CC(=O)Nc2ccc(c3cccc4C(=O)C=C(Nc34)N5CCOCC5)c6sc7ccccc7c26)CC1,2.6,2.1903154761904764,-0.4096845238095237
3000,train,OC(=O)c1ccc(cc1)n2ncc(C(=O)NC3C4CC5CC(CC3C5)C4)c2C(F)(F)F,1.5,2.1903154761904764,0.6903154761904764
1310,train,CC(C)CN1C(=O)N(C)C(=O)c2c(SCCCO)c(Cc3ccccc3C(F)(F)F)sc12,4.05,2.1903154761904764,-1.8596845238095234
1380,train,COCCN(C)Cc1ccc(Nc2ncc3cc(ccc3n2)c4ccncc4)cc1,2.65,2.1903154761904764,-0.4596845238095235
923,train,C[C@@H]1CN(CCN1c2ncc(OCc3ccncc3C#N)cn2)C(=O)OCC(F)F,2.3,2.1903154761904764,-0.10968452380952343
2175,train,Nc1nc2cc3CCN(Cc4cccc(F)c4)CCc3cc2s1,3.3,2.1903154761904764,-1.1096845238095234
4125,train,Cc1ccc(cc1NC(=O)c2ccc(OCc3ccccn3)cc2)c4cn(C)cn4,2.54,2.1903154761904764,-0.34968452380952364
1681,train,Fc1ccc(CNc2ncc(Br)c(Nc3cc([nH]n3)C4CC4)n2)cc1,4.28,2.1903154761904764,-2.089684523809524
2355,train,Fc1ccccc1C(=O)Nc2c(cnn2c3ccccc3)C#N,1.7,2.1903154761904764,0.49031547619047644
769,train,COc1ccc(cc1OC)C(C)NC(=O)C2(N)CCN(CC2)c3ncnc4[nH]ccc34,1.8,2.1903154761904764,0.39031547619047635
1711,train,C[C@H](NC(=O)c1c(C)nn(c1NS(=O)(=O)c2ccc(C)cc2)c3ccccc3)C(C)(C)C,1.44,2.1903154761904764,0.7503154761904764
2585,train,O=C(NC1CC1)Nc2c[nH]nc2c3nc4cc(CN5CCOCC5)ccc4[nH]3,2.3,2.1903154761904764,-0.10968452380952343
4118,train,CC[C@H](NC(=O)c1c([S+](C)[O-])c(nc2ccccc12)c3ccccc3)c4ccccc4,3.17,2.1903154761904764,-0.9796845238095235
3115,train,Cc1ccc(cc1)S(=O)(=O)Nc2c(C(=O)NC3CCOCC3)c(C)nn2c4ccccc4,0.16,2.1903154761904764,2.0303154761904763
875,train,CC(C)[C@H](N)C(=O)OCCOCn1cnc2C(=O)N=C(N)Nc12,-1.3,2.1903154761904764,3.490315476190476
988,train,CC(C)n1c(C)ncc1c2ccnc(Nc3ccc(cc3)C(=O)N)n2,2.39,2.1903154761904764,-0.19968452380952373
3600,train,CC[C@H]1N(C2CCCC2)c3nc(Nc4ccc(cc4OC)C(=O)NC5CCN(C)CC5)ncc3N(C)C1=O,3.14,2.1903154761904764,-0.9496845238095237
1379,train,C[C@H](CO)Nc1nc(SCc2ccccc2)nc3NC(=O)Nc13,2.75,2.1903154761904764,-0.5596845238095236
1435,train,CC(C)C[C@H](CO)Nc1nc(S[C@@H](C)c2ccccc2)nc3NC(=O)Sc13,4.3,2.1903154761904764,-2.1096845238095234
2232,train,O=C(Cc1cccc2ccccc12)Nc3ccccc3,3.9,2.1903154761904764,-1.7096845238095235
307,train,CC[C@H](NC(=O)c1c(CN(C)C)c(nc2ccccc12)c3ccccc3)c4ccccc4,4.18,2.1903154761904764,-1.9896845238095233
1137,train,C[C@@H]1CN[C@@H]2[C@@H](C1)O[C@]3(CC[C@H]4[C@@H]5CC=C6C[C@@H](O)CC[C@]6(C)[C@H]5CC4=C3C)[C@@H]2C,2.63,2.1903154761904764,-0.4396845238095235
2749,train,FC(F)(F)c1nnc2ccc(nn12)N3CCCC3,2.41,2.1903154761904764,-0.21968452380952375
1659,train,Cc1cc(CNc2ncc(Br)c(Nc3cc(C)[nH]n3)n2)on1,2.92,2.1903154761904764,-0.7296845238095235
1411,train,Clc1ccc2OCOc2c1Nc3ccnc(Nc4ccccc4)n3,3.9,2.1903154761904764,-1.7096845238095235
3318,train,CCN(CC)CCn1c2ccccc2c3cnc(N)c(C#N)c13,2.7,2.1903154761904764,-0.5096845238095238
3965,train,Brc1ccc(cc1)C2NC(=O)c3ccccc3N2,2.68,2.1903154761904764,-0.48968452380952376
1768,train,NC1(Cc2ccc(Cl)cc2)CCN(CC1)c3ncnc4[nH]ccc34,2.72,2.1903154761904764,-0.5296845238095238
1430,train,CCC1(CCCCN(C)C1)c2cccc(O)c2,0.8,2.1903154761904764,1.3903154761904764
957,train,CCCSc1ccc2nc(NC(=O)OC)[nH]c2c1,3.24,2.1903154761904764,-1.0496845238095238
3969,train,Cc1c(Cl)ccc(OC2CCN(CC3CCN(CC3)[C@@H](Cc4ccc(F)cc4)C(=O)O)CC2)c1Cl,3.15,2.1903154761904764,-0.9596845238095235
2066,train,CCN1CCN(CC(=O)Nc2ccc(c3cccc4C(=O)C=C(Oc34)N5CCOCC5)c6sc7ccccc7c26)CC1,3.05,2.1903154761904764,-0.8596845238095234
2063,train,CS(=O)(=O)c1ccc(nc1)c2nnc(\C=C\c3oc(nn3)c4ccc(cc4)C#N)n2c5ccccc5Cl,2.66,2.1903154761904764,-0.46968452380952375
1224,train,NC(=N)Nc1ccc(cc1)C(=O)Oc2ccccc2,-0.21,2.1903154761904764,2.4003154761904764
814,train,CN1CCN(CC1)C(=O)c2cc3ccccc3n2C,1.71,2.1903154761904764,0.48031547619047643
3240,train,Cc1cc(Cl)ccc1OC2CCN(CC3CCN(CC3)[C@@H](Cc4ccc(F)cc4)C(=O)O)CC2,2.53,2.1903154761904764,-0.3396845238095234
1578,train,O=S(=O)(Cc1ccccc1)NCC(N2CCCCCC2)c3ccccc3,2.83,2.1903154761904764,-0.6396845238095237
235,train,CC1=CN([C@H]2CCCN(C2)S(=O)(=O)c3ccc(O)c(Oc4cccc(c4)C(F)(F)F)c3)C(=O)NC1=O,2.27,2.1903154761904764,-0.07968452380952362
2158,train,CCn1cc(NC(=O)Cc2ccc(Oc3ccnc4ccc(F)cc34)cc2OC)cn1,3.88,2.1903154761904764,-1.6896845238095235
2953,train,COCCNc1nc(NCc2ccccc2F)c3sccc3n1,3.4,2.1903154761904764,-1.2096845238095235
3488,train,O=C(OCCN1CCCCC1)c2c[nH]c3ccccc23,2.0,2.1903154761904764,0.1903154761904764
2570,train,C[C@@H](N)COc1c(C)cccc1C,0.6,2.1903154761904764,1.5903154761904763
1561,train,O=C1N([Se]c2ccccc12)c3ccccc3,3.31,2.1903154761904764,-1.1196845238095237
2499,train,COc1ccc(CN2C(=O)CCC2(C)C(=O)NC3CCCCC3)c(OC)c1,2.38,2.1903154761904764,-0.1896845238095235
689,train,C[C@]12CC[C@H]3[C@@H](CCc4cc(O)ccc34)[C@@H]1CCC2=O,3.4,2.1903154761904764,-1.2096845238095235
2971,train,Oc1ccc(cc1)c2ccc3cc(O)ccc3n2,3.1,2.1903154761904764,-0.9096845238095237
3977,train,OC(=O)COc1ccc(Br)cc1c2ccccc2,0.15,2.1903154761904764,2.0403154761904765
206,train,CC(C)C(NC(=O)CN1C(=O)C(=CC=C1c2ccccc2)NS(=O)(=O)N)C(=O)C(F)(F)F,1.17,2.1903154761904764,1.0203154761904765
3684,train,CCc1cccc(CC)c1NC(=O)N2Cc3[nH]nc(NC(=O)c4ccc(cc4)N5CCN(C)CC5)c3C2,3.31,2.1903154761904764,-1.1196845238095237
2758,train,CC(C)CN1C(=O)N(C)C(=O)c2c1nn(Cc3cccc4ccccc34)c2c5ccncc5,4.3,2.1903154761904764,-2.1096845238095234
2586,train,Cc1ccc(cc1NC(=O)c2ccc(OCc3ccccn3)cc2)c4ncc[nH]4,3.01,2.1903154761904764,-0.8196845238095234
4186,train,O[C@@H](CNCCOCCCNCCc1cccc(Cl)c1)c2ccc(O)c3NC(=O)Sc23,0.83,2.1903154761904764,1.3603154761904763
3877,train,COc1cc(cc(OC)c1OC)c2nnc(S)n2c3cccc(c3)C(F)(F)F,2.27,2.1903154761904764,-0.07968452380952362
1982,train,Fc1ccc(cc1)N2CCN(CC2)C(=O)[C@@H]3CCCC[C@H]3C(=O)NCC#N,1.92,2.1903154761904764,0.27031547619047647
1915,train,ON(C=O)C1(CS(=O)(=O)N2CCN(CC2)c3ccc(F)cc3)CCOCC1,0.85,2.1903154761904764,1.3403154761904763
4160,train,CCOc1ccccc1CNCc2cccc(CCNC[C@H](O)c3ccc(O)c4NC(=O)Sc34)c2,1.13,2.1903154761904764,1.0603154761904765
2319,train,Cc1nc(C)c(nc1C(=O)N)c2ccc(cc2)[C@@H]3CC[C@@H](CCC(=O)O)CC3,1.6,2.1903154761904764,0.5903154761904763
2901,train,CC(C)n1c(C)ncc1c2ccnc(Nc3ccc(cc3)C(=O)N4CCN(C)CC4)n2,2.1,2.1903154761904764,0.09031547619047631
1762,train,CS(=O)(=O)c1ccc(cc1)[C@H](CC2CCCC2)C(=O)Nc3nccs3,3.88,2.1903154761904764,-1.6896845238095235
2705,train,CC(=O)Nc1ccc(Nc2ncc3cc(ccc3n2)c4ccncc4)cc1,3.04,2.1903154761904764,-0.8496845238095236
3229,train,COc1cc2nc(nc(N)c2cc1OC)N3CCN(CC3)C(=O)c4occc4,1.9,2.1903154761904764,0.2903154761904765
2391,train,COCCOCCOc1ccc(cc1)c2cc(C(=O)N)c(NC(=O)N)s2,2.21,2.1903154761904764,-0.01968452380952357
766,train,COc1ccc2c(C)cc(N[C@H]3CCC[C@@H](C3)NCc4cccc(OC(F)(F)F)c4)nc2c1,3.61,2.1903154761904764,-1.4196845238095235
3100,train,CNC1CCN(C1)c2ccc(NC(=O)c3ccc(cc3)c4ccccc4)cn2,2.35,2.1903154761904764,-0.1596845238095237
4171,train,COc1cc2c(Nc3cc(CC(=O)Nc4cccc(F)c4F)[nH]n3)ncnc2cc1OCCCN(CCO)CC(C)C,3.61,2.1903154761904764,-1.4196845238095235
3818,train,OC(=O)CCC(=O)N1CCC(CC1)c2onc(n2)c3cccs3,-1.27,2.1903154761904764,3.4603154761904764
1064,train,Cc1cccc(NS(=O)(=O)c2ccc(cc2)c3ccc(cc3)C#N)n1,2.42,2.1903154761904764,-0.22968452380952353
2001,train,CN([C@H]1CC[C@@]2(CCCO2)C[C@@H]1N3CCCC3)C(=O)Cc4ccccc4,0.99,2.1903154761904764,1.2003154761904764
4098,train,CN(C1CCCCC1)C(=O)c2c(C)nn(c2NS(=O)(=O)c3ccc(C)cc3)c4ccccc4,1.69,2.1903154761904764,0.5003154761904764
2603,train,C[C@@](O)(C(=O)Nc1ccc(cc1Cl)S(=O)(=O)C)C(F)(F)F,2.08,2.1903154761904764,0.11031547619047632
2530,train,CCCc1c(cnn1c2ccccc2)C(=O)Nc3cc(C)on3,3.7,2.1903154761904764,-1.5096845238095238
3938,train,CCC(N(CCCN)C(=O)c1ccc(C)cc1)C2=Nc3ccn(C)c3C(=O)N2Cc4ccccc4,1.8,2.1903154761904764,0.39031547619047635
917,train,CN1CCOc2nc(ccc12)C#Cc3ccccc3,3.8,2.1903154761904764,-1.6096845238095234
58,train,NC(=O)c1cc(F)cc(O[C@H]2C[C@H]3CC[C@@H](C2)N3Cc4ccccc4)c1,2.14,2.1903154761904764,0.05031547619047627
1549,train,NC(=O)c1cccc(S[C@H]2C[C@H]3CC[C@@H](C2)N3Cc4ccccc4)c1,2.22,2.1903154761904764,-0.0296845238095238
3104,train,O[C@H](CNC(=O)C1=NNC(=O)c2ccccc12)CN3CCC(CC3)Oc4ccc(Cl)c(Cl)c4,3.69,2.1903154761904764,-1.4996845238095236
2288,train,COC(=O)c1ccc(CN2NC(=O)C3=C(C2=O)C(=O)c4ccc(Cl)cc4N3)cc1,1.17,2.1903154761904764,1.0203154761904765
854,train,OC(=O)CCCS(=O)(=O)c1cccc(c1)C(=O)N2CCC(CC2)N3CCC(CC3)Oc4ccc(Cl)c(Cl)c4,0.66,2.1903154761904764,1.5303154761904763
1318,train,CS(=O)(=O)Cc1cc(nc(n1)c2cccc3[nH]ccc23)N4CCOCC4,1.7,2.1903154761904764,0.49031547619047644
2701,train,CCC(N(CCCN)C(=O)c1ccc(cc1)C(C)C)C2=Nc3ccsc3C(=O)N2Cc4ccccc4,2.72,2.1903154761904764,-0.5296845238095238
1770,train,CC1=CC(=O)Oc2c3CCCNc3c(C)cc12,2.9,2.1903154761904764,-0.7096845238095235
1135,train,Brc1ccc(cc1)S(=O)(=O)NCC(N2CCCCCC2)c3ccccc3,3.21,2.1903154761904764,-1.0196845238095236
344,train,Cc1ccc(cc1NC(=O)c2cnn(c2N)c3ccccc3F)C(=O)Nc4ccon4,2.6,2.1903154761904764,-0.4096845238095237
2279,train,CCN1C(=O)NC(C1=O)c2ccccc2,1.0,2.1903154761904764,1.1903154761904764
1625,train,O[C@@H](CNCCCOCCOCCc1ccccc1)c2ccc(O)c3NC(=O)Sc23,1.09,2.1903154761904764,1.1003154761904763
1671,train,COc1c(N2CCNC(C)C2)c(F)cc3C(=O)C(=CN(C4CC4)c13)C(=O)O,-0.82,2.1903154761904764,3.0103154761904762
2889,train,CN1C2CC(CC1C3OC23)OC(=O)C(CO)c4ccccc4,0.17,2.1903154761904764,2.0203154761904765
3490,train,CN(C)CC(C)(C)COc1nccc(Nc2cc(NC(=O)c3ccnc(c3)N4CCOCC4)ccc2C)n1,2.2,2.1903154761904764,-0.009684523809523782
403,train,Brc1ccc2OCC(=O)N(CCN3CCC(CC3)NCc4ccc5OCC(=O)Nc5n4)c2c1,1.42,2.1903154761904764,0.7703154761904765
704,train,CC(=O)NC1CC2CCCC(C1)N2C(=O)Nc3ccc(Cl)c(c3)C(F)(F)F,2.79,2.1903154761904764,-0.5996845238095236
2504,train,COc1cc(ccc1Nc2ncc(C#N)c(n2)c3cnc4ccccn34)N5CCN(CC5)C(=O)C,2.8,2.1903154761904764,-0.6096845238095234
896,train,COc1cc(ccc1Nc2ncc(Cl)c(n2)c3cnc4ccccn34)N5CCN(CCO)CC5,3.2,2.1903154761904764,-1.0096845238095238
4185,train,Cc1ccnc(NS(=O)(=O)c2ccc(N)cc2)n1,-0.51,2.1903154761904764,2.700315476190476
2694,train,Cc1ccc(CCOCCNS(=O)(=O)CCCNCCc2ccc(O)c3nc(O)sc23)cc1,2.07,2.1903154761904764,0.12031547619047656
530,train,NC(=O)c1cc(O)cc2nc(oc12)c3ccc(O)cc3,2.3,2.1903154761904764,-0.10968452380952343
791,train,Nc1c(NC2CCCC2)nc(nc1N3CCOCC3)C#N,2.59,2.1903154761904764,-0.39968452380952346
2536,train,CCN(CC)C(=O)c1ccc(cc1)C(=C2CCN(Cc3ccc(F)cc3)CC2)c4cccc5cccnc45,3.86,2.1903154761904764,-1.6696845238095235
239,train,CC(C)(C)OC(=O)N1CCN(CC1)c2ncc(OCc3ccc(cc3)S(=O)(=O)C)cn2,3.27,2.1903154761904764,-1.0796845238095236
3915,train,OC(=O)c1cc2cc(ccc2n1Cc3ccc(Cl)c(Cl)c3)[N+](=O)[O-],1.79,2.1903154761904764,0.40031547619047636
707,train,OC(=O)c1[nH]c2ccccc2c1CCCOc3cccc4ccccc34,2.75,2.1903154761904764,-0.5596845238095236
308,train,CCOC(=O)Nc1cccc(c1)[C@H](N2CCN(Cc3nc[nH]c3C)CC2)c4ccc(cc4)C(=O)N(C)CC,2.32,2.1903154761904764,-0.12968452380952344
2419,train,OC(=O)CSc1c[nH]c2ccccc12,-1.31,2.1903154761904764,3.5003154761904764
2094,train,CCN(C)C(=O)c1ccc(cc1)[C@@H](N2CCN(Cc3cccnc3)CC2)c4cccc(NC(=O)C5CCC5)c4,3.27,2.1903154761904764,-1.0796845238095236
2995,train,CC1=C(C(=O)Oc2cc(O)ccc12)c3ccc(O)cc3,2.8,2.1903154761904764,-0.6096845238095234
2915,train,OC(=O)Cc1ccccc1Nc2c(Cl)cccc2Cl,1.08,2.1903154761904764,1.1103154761904763
2095,train,CC(C)CN1C(=O)N(C)C(=O)c2cn(Cc3cccc4ccccc34)cc12,4.41,2.1903154761904764,-2.2196845238095237
2962,train,COc1cc2ncnc(Nc3ccc(F)c(Cl)c3)c2cc1OCCN4CCCC4,3.28,2.1903154761904764,-1.0896845238095234
2384,train,O=C(Nc1ccccn1)c2ccccc2,2.2,2.1903154761904764,-0.009684523809523782
3055,train,CC(C)(C)OC(=O)N1CCN(CC1)c2ccc(OCc3ccc(cc3)S(=O)(=O)C)nc2,3.1,2.1903154761904764,-0.9096845238095237
960,train,C[C@]12N[C@H](Cc3ccccc13)c4ccccc24,1.6,2.1903154761904764,0.5903154761904763
228,train,O=C(CCc1ccccc1)c2ccccc2,3.77,2.1903154761904764,-1.5796845238095236
807,train,COc1cc(OC)c(cc1NC(=O)CSc2ccncc2)S(=O)(=O)N3C(C)CCc4ccccc34,2.82,2.1903154761904764,-0.6296845238095234
937,train,CC(NC(=O)c1c(C)nn(c1NS(=O)(=O)c2ccc(C)cc2)c3ccccc3)C(C)(C)C,1.21,2.1903154761904764,0.9803154761904764
3167,train,COc1ccc(cc1)c2nc3c(NCCCNC(=O)C4CC4)c(Br)cnc3[nH]2,1.71,2.1903154761904764,0.48031547619047643
2189,train,CC(C)(N)C(=O)N[C@H](COCc1ccccc1)C(=O)N2CCC3(CC2)CN(c4ccccc34)S(=O)(=O)C,1.4,2.1903154761904764,0.7903154761904765
2941,train,CC12CC3CC(C)(C1)CC(N)(C3)C2,0.06,2.1903154761904764,2.1303154761904763
246,train,Cc1ccccc1N2C(=Nc3cccc(C)c3C2=O)Cn4nc(c5ccc(O)c(F)c5)c6c(N)ncnc46,3.55,2.1903154761904764,-1.3596845238095234
186,train,Fc1ccc(NC(=O)c2cccnc2Oc3ccccc3)cc1,3.19,2.1903154761904764,-0.9996845238095236
2060,train,CN(C)C(=O)CC(NC(=O)C1(N)CCN(CC1)c2ncnc3[nH]ccc23)c4ccc(Cl)cc4,2.4,2.1903154761904764,-0.20968452380952352
3300,train,CN(C)CCOc1ccccc1Cc2ccccc2,2.53,2.1903154761904764,-0.3396845238095234
990,train,C[C@@H]1CNc2c(sc3ccc4nc(ccc4c23)c5ccc(C)nc5)C(=O)N1,3.6,2.1903154761904764,-1.4096845238095237
1511,train,CC1=CC2=NNC(=O)N2c3cc(ccc13)c4ccc[nH]4,3.29,2.1903154761904764,-1.0996845238095236
418,train,CC(=O)c1ncccc1NC(=O)[C@@H]2CC[C@H](CC2)N3C(=O)[C@@H]4[C@@H]5CC[C@@H](C5)[C@@H]4C3=O,3.01,2.1903154761904764,-0.8196845238095234
421,train,COc1cc(ccc1Nc2ncc(Cl)c(n2)c3cnc4c(F)cccn34)N5CCN(CC5)C(=O)C,3.5,2.1903154761904764,-1.3096845238095236
1280,train,NC(=O)C1CCCCC1,0.9,2.1903154761904764,1.2903154761904765
1405,train,CC(C)CN1C(=O)N(C)C(=O)c2c(SC3CCCC3)c(Cc4ccccc4C(F)(F)F)sc12,4.21,2.1903154761904764,-2.0196845238095236
3302,train,Cc1c[nH]c(n1)c2cnc(NCCNc3ccc(cn3)C#N)nc2c4ccc(Cl)cc4Cl,3.86,2.1903154761904764,-1.6696845238095235
2164,train,CCc1nc2c(N)nc3ccccc3c2n1CC(C)(C)O,1.38,2.1903154761904764,0.8103154761904765
3379,train,Cc1nc(C)c(nc1C(=O)N)c2ccc(cc2)[C@@H]3CC[C@@H](Cc4nnn[nH]4)CC3,1.4,2.1903154761904764,0.7903154761904765
2271,train,O[C@H](CNC(=O)C1=CC(=O)Nc2ccccc12)CN3CCC(CC3)Oc4ccc(Cl)c(Cl)c4,3.48,2.1903154761904764,-1.2896845238095236
2153,train,CCN(CC)C(=O)c1ccc(cc1)C(=C2CCNCC2)c3ccccc3,1.2,2.1903154761904764,0.9903154761904764
693,train,Oc1cc(O)c2C(=O)C(=COc2c1)c3ccc(cc3)[N+](=O)[O-],3.24,2.1903154761904764,-1.0496845238095238
956,train,Cc1ccc2c(c1)c(c(C)n2CC(=O)O)c3ccnc4c(cccc34)C#N,0.52,2.1903154761904764,1.6703154761904764
328,train,CC(C)C(NC(=O)CN1C(=O)C(=CN=C1c2ccccc2)NC(=O)OCC(F)(F)F)C(=O)C(F)(F)F,2.37,2.1903154761904764,-0.1796845238095237
3567,train,Oc1ccc(CCNCCCNS(=O)(=O)CCOCc2cccc3ccccc23)c4sc(O)nc14,1.69,2.1903154761904764,0.5003154761904764
3910,train,NC(=O)Cc1nc(cs1)c2ccccc2,1.3,2.1903154761904764,0.8903154761904764
493,train,CN[C@@H](C)C(=O)N[C@@H](C1CCCCC1)C(=O)N[C@H]2C[C@@H]3CC[C@H]2N(CCc4ccccc4)C3,1.64,2.1903154761904764,0.5503154761904765
1255,train,C[C@H](NC(=O)c1c(C)nn(c1NS(=O)(=O)c2ccc(cc2)C#N)c3ccc(F)cc3)C(C)(C)C,0.45,2.1903154761904764,1.7403154761904764
3804,train,O=C(Nc1ccccc1)c2ccc(OCCCN3CCCC3)cc2OCc4ccccc4C#N,2.66,2.1903154761904764,-0.46968452380952375
3284,train,CN(C1CCN(CCC(c2ccccc2)c3ccccc3)CC1)C(=O)Cc4ccc(cc4)S(=O)(=O)N,2.3,2.1903154761904764,-0.10968452380952343
3394,train,CC(C)CC1(CC=C)C(=O)NC(=O)NC1=O,1.48,2.1903154761904764,0.7103154761904764
2908,train,Cc1ccc2c(c1)c(c(C)n2CC(=O)O)c3ccnc4cc(ccc34)C(F)(F)F,1.78,2.1903154761904764,0.41031547619047637
1313,train,Clc1ccc2C(=O)C3=C(Nc2c1)C(=O)NN(Cc4cccs4)C3=O,1.52,2.1903154761904764,0.6703154761904764
2144,train,CC1(C)CC(=O)c2c(N)c3ccccc3nc2C1,3.0,2.1903154761904764,-0.8096845238095236
2135,train,Clc1ccc(cc1C(=O)NCC23CC4CC(CC(C4)C2)C3)C5CCNCC5,1.58,2.1903154761904764,0.6103154761904763
664,train,OC1(CCN(Cc2c[nH]c3ccccc23)CC1)c4ccc(Cl)cc4,2.25,2.1903154761904764,-0.059684523809523604
4135,train,CC(C)CN1C(=O)N(C)C(=O)c2c1sc(Cc3ccnc4ccccc34)c2C(=O)N5CC[C@@H](O)C5,1.65,2.1903154761904764,0.5403154761904765
945,train,O=C(NC1(CC1)C#N)[C@@H]2CCCC[C@H]2C(=O)N3CCN(CC3)c4nc5ncccc5s4,1.4,2.1903154761904764,0.7903154761904765
190,train,C[C@@H](NCc1ccccc1c2ccc(CCNC[C@H](O)c3ccc(O)c4NC(=O)Sc34)cc2)c5ccccc5,2.28,2.1903154761904764,-0.08968452380952341
1199,train,COc1cc(ccc1Nc2ncc(c(n2)c3cnc4ccccn34)C(F)(F)F)N5CCN(CC5)C(=O)C,3.7,2.1903154761904764,-1.5096845238095238
2773,train,Cc1nc(C)c(nc1C(=O)N)c2ccc3c(CC[C@@]34CC[C@H](CC4)C(=O)O)c2,1.3,2.1903154761904764,0.8903154761904764
1740,train,O=C(C1CCN(CC1)c2nnc(s2)n3cccc3)N4CCc5ccccc5C4,3.7,2.1903154761904764,-1.5096845238095238
2297,train,Cc1cc(CN2Cc3ccccc3C2C(=O)Nc4ccc(Cl)cc4Cl)ccc1OCC(=O)O,2.62,2.1903154761904764,-0.4296845238095237
3594,train,CC(C)N1CCN(Cc2cnc(c(C)c2)c3ccc(cc3)C(=O)Nc4ccccc4N)CC1,1.44,2.1903154761904764,0.7503154761904764
3533,train,CCN(CCO)CCCOc1cc2ncnc(Nc3cc(CC(=O)Nc4cccc(F)c4F)[nH]n3)c2cc1OC,1.94,2.1903154761904764,0.25031547619047645
560,train,O[C@]1(CN2CCC1CC2)C#Cc3ccc(Oc4ccc(cc4)C(=O)NC5CCCS(=O)(=O)C5)cc3,1.4,2.1903154761904764,0.7903154761904765
1103,train,COc1ccc(C(=O)Nc2c(Cl)cncc2Cl)c3cccnc13,2.09,2.1903154761904764,0.10031547619047654
717,train,OC1(CNCCc2ccccc12)c3ccccc3,1.38,2.1903154761904764,0.8103154761904765
3024,train,NC(=O)c1cnc(N[C@H]2CCCNC2)c3cc(sc13)c4ccc(Cl)c(F)c4,2.76,2.1903154761904764,-0.5696845238095234
178,train,CN(C)C(=O)CN1CCN(CCc2c([nH]c3sc(cc23)C(C)(C)C(=O)N4C5CCC4CC5)c6cc(C)cc(C)c6)CC1,4.13,2.1903154761904764,-1.9396845238095235
118,train,Clc1ccc2OCC(=O)N(CCN3CCC(CC3)NCc4ccc5OCC(=O)Nc5n4)c2c1,1.33,2.1903154761904764,0.8603154761904763
1188,train,NC(=O)c1cccc(c1)[S+]([O-])[C@H]2C[C@H]3CC[C@@H](C2)N3Cc4ccccc4,1.1,2.1903154761904764,1.0903154761904763
800,train,COc1cccc(c1)c2cc(O)c3cc(NC(=O)C)ccc3n2,2.41,2.1903154761904764,-0.21968452380952375
3371,train,CS(=O)(=O)N1CCC(CC1)NC(=O)NC23CC4CC(CC(C4)C2)C3,2.7,2.1903154761904764,-0.5096845238095238
2197,train,Fc1ccc(Oc2cc(F)c(cc2F)S(=O)(=O)Nc3ncc(Cl)s3)c(c1)c4cn[nH]c4,2.7,2.1903154761904764,-0.5096845238095238
1751,train,CCCCC[C@@H](N1CCC[C@@H](C1)N2C=C(C)C(=O)NC2=O)c3ccc(C(=O)O)c(Oc4cccc(Br)c4)c3,1.69,2.1903154761904764,0.5003154761904764
141,train,CN1SC(=NC1=O)NC(=O)c2cccc(Cl)c2,0.87,2.1903154761904764,1.3203154761904763
1464,train,C(=C\c1c(nc2sccn12)c3ccccc3)/c4ccncn4,3.4,2.1903154761904764,-1.2096845238095235
3202,train,CC(C)CN1C(=O)N(C)C(=O)c2c(SC(C)C)c(Cc3ccccc3C(F)(F)F)sc12,4.42,2.1903154761904764,-2.2296845238095235
208,train,Clc1ccc(CNC(=N)SCCCc2c[nH]cn2)cc1,1.13,2.1903154761904764,1.0603154761904765
431,train,COc1ccc(OC)c(c1)c2cccc3c(N)c(nnc23)C(=O)NC(C)C,3.65,2.1903154761904764,-1.4596845238095235
1041,train,Oc1ccc(CC(=O)c2ccc(O)cc2O)cc1,2.54,2.1903154761904764,-0.34968452380952364
1726,train,CC(C)n1c(C)ncc1c2nc(Nc3ccc(C(=O)NCCN(C)C)c(F)c3)ncc2F,2.26,2.1903154761904764,-0.06968452380952339
1445,train,CN1C(=O)N(CC2CC2)c3nn(Cc4ccnc5ccc(Cl)cc45)c(c6oc(cc6)S(=O)(=O)C)c3C1=O,2.71,2.1903154761904764,-0.5196845238095236
584,train,CN(C1CCN(CCC(c2ccccc2)c3ccccc3)CC1)C(=O)Cc4ccc(NC(=O)C)cc4,2.9,2.1903154761904764,-0.7096845238095235
203,train,C[C@@H](NC(=O)[C@H]1CCCCN1)c2ccc(Nc3ncc4cc(ccc4n3)c5ccncc5)cc2,2.15,2.1903154761904764,0.040315476190476485
2411,train,OC[C@H](O)CN1C(=O)[C@@H](Cc2ccccc12)NC(=O)c3cc4cc(Cl)sc4[nH]3,3.27,2.1903154761904764,-1.0796845238095236
2344,train,CCCCC(CC)CNC(=O)c1ccc2c(c1)c(Cc3ccc(cc3OC)C(=O)NS(=O)(=O)c4ccccc4C)cn2C,3.66,2.1903154761904764,-1.4696845238095237
3412,train,Cc1nccn1CCC(C(=O)N)(c2ccccc2)c3ccccc3,1.79,2.1903154761904764,0.40031547619047636
1331,train,CO[C@@H]1CN(CCN2C(=O)C=Nc3ccc(OC)cc23)CC[C@H]1NCc4ccc5OCC(=O)Nc5n4,0.97,2.1903154761904764,1.2203154761904764
2298,train,CCO\N=C(\C1CCN(CC1)C2(C)CCN(CC2)C(=O)c3c(C)cc[n+]([O-])c3C)/c4ccc(Br)cc4,2.14,2.1903154761904764,0.05031547619047627
1412,train,COc1cc(OC2CCN(C)CC2)c3c(Nc4c(Cl)ccc5OCOc45)ncnc3c1,2.98,2.1903154761904764,-0.7896845238095236
3022,train,CC1=CN([C@H]2CCCN(C2)S(=O)(=O)c3cccc(Oc4ccccc4)c3)C(=O)NC1=O,2.32,2.1903154761904764,-0.12968452380952344
2671,train,CCN1N(C2CCCC2)c3nc(Nc4ccc(cc4OC)C(=O)NC5CCN(C)CC5)ncc3N(C)C1=O,2.75,2.1903154761904764,-0.5596845238095236
546,train,CCCCSc1nc(N)c2ncn([C@@H]3O[C@H](CO)[C@@H](O)[C@H]3O)c2n1,1.51,2.1903154761904764,0.6803154761904764
4023,train,CN(C)CCCOc1nn(Cc2ccccc2)c3ccccc13,2.4,2.1903154761904764,-0.20968452380952352
299,train,COc1ccc(cc1)C(=O)NCc2cn(nn2)c3cc(C)nc4ccc(OC)cc34,3.5,2.1903154761904764,-1.3096845238095236
2548,train,COc1ccc(cc1)c2nc3c(NCCCNC(=O)C)c(Br)cnc3[nH]2,3.28,2.1903154761904764,-1.0896845238095234
2687,train,OC(=O)[C@H](Cc1ccc(CCCCNc2ccccn2)cc1)NC(=O)c3c(Cl)cccc3Cl,0.51,2.1903154761904764,1.6803154761904764
368,train,C[C@H](CN(C)C(=O)CO)Oc1cccc2ncnc(Nc3ccc(OCc4ccccn4)c(Cl)c3)c12,3.22,2.1903154761904764,-1.0296845238095238
3763,train,Nc1ncnc2c1ncn2[C@@H]3O[C@H](CSCCCNC(=O)Nc4ccc(Cl)cc4)[C@@H](O)[C@H]3O,2.5,2.1903154761904764,-0.3096845238095236
236,train,COc1cccc([C@H](O)C2CCN(CCc3ccc(F)cc3)CC2)c1OC,1.7,2.1903154761904764,0.49031547619047644
3777,train,O[C@@H](CNCCc1ccc(CNCCc2ccccn2)cc1)c3ccc(O)c4NC(=O)Sc34,-0.25,2.1903154761904764,2.4403154761904764
348,train,CCOC(=O)C1(CCCN(CC2CC2)C1)c3cccc(O)c3,1.89,2.1903154761904764,0.3003154761904765
661,train,COc1cc(c(OC)nn1)c2c(F)ccc3c(N)c(nnc23)C(=O)NC4CC4,2.75,2.1903154761904764,-0.5596845238095236
310,train,COc1ccnc(CCc2nc3cc(Br)cnc3[nH]2)c1,2.92,2.1903154761904764,-0.7296845238095235
2554,train,Nc1nc(N)c(c(COCc2ccccc2)n1)c3ccc(NC(=O)C4CC4)cc3,2.46,2.1903154761904764,-0.26968452380952357
3130,train,C[C@H](C(=O)O)c1cccc(c1)C(=O)c2ccccc2,-0.06,2.1903154761904764,2.2503154761904764
2208,train,CC(C)n1c(C)ncc1c2nc(Nc3ccc(cc3)N4CCN(CC4)C(=O)CO)ncc2F,2.19,2.1903154761904764,0.00031547619047644915
86,train,CC(C#C)N1C(=O)N(CC2CC2)c3nn(Cc4ccnc5ccc(Cl)cc45)c(c3C1=O)c6cncn6C,3.59,2.1903154761904764,-1.3996845238095235
989,train,Cc1ccc(OCC(=O)O)c(c1)n2nc3ccccc3n2,-0.84,2.1903154761904764,3.0303154761904763
4145,train,O=S(=O)(Nc1cccc2[nH]ncc12)c3cccs3,1.7,2.1903154761904764,0.49031547619047644
270,train,COc1ccc(cc1)c2cc(Nc3ccn(C)n3)n4ncc(C#N)c4n2,2.97,2.1903154761904764,-0.7796845238095238
104,train,FC(F)c1nc2ccccc2[nH]1,2.02,2.1903154761904764,0.17031547619047638
1765,train,CCc1c(cnn1c2ccc(cc2)C(=O)O)C(=O)NC3C4CC5CC(CC3C5)C4,0.9,2.1903154761904764,1.2903154761904765
830,train,Cc1cc(N)c2cc(NC(=O)CCC(=O)Nc3ccc4nc(C)cc(N)c4c3)ccc2n1,1.39,2.1903154761904764,0.8003154761904765
351,train,Clc1ccc2C(=O)C3=C(Nc2c1)C(=O)NN(Cc4ccsc4)C3=O,1.11,2.1903154761904764,1.0803154761904763
3378,train,CS(=O)(=O)C1(CC1)c2cc(nc(n2)c3cccc4[nH]ccc34)N5CCOCC5,2.2,2.1903154761904764,-0.009684523809523782
4052,train,Oc1ccnc2ccccc12,0.8,2.1903154761904764,1.3903154761904764
2965,train,Nc1nc(OC2CCCC2)nc3c1ncn3[C@@H]4O[C@H](CO)[C@@H](O)[C@H]4O,0.79,2.1903154761904764,1.4003154761904764
4027,train,COc1ccc(OC)c(CNc2n[nH]c3ccnc(Oc4ccccc4)c23)c1,4.25,2.1903154761904764,-2.0596845238095236
112,train,OC(C(=O)c1ccc(F)cc1)c2ccc(F)cc2,2.49,2.1903154761904764,-0.2996845238095238
3176,train,Cn1ncc2C(=O)NC(=Nc12)c3ccccc3,1.61,2.1903154761904764,0.5803154761904763
2345,train,CCN(C1CCN(CCC(c2ccccc2)c3ccc(cc3)S(=O)(=O)C)CC1)C(=O)Cc4ccc(cc4)S(=O)(=O)C,1.73,2.1903154761904764,0.4603154761904764
2781,train,Cc1ccc(NC(=O)[C@H]2CCCN2S(=O)(=O)c3cccc4cccnc34)c(C)c1,3.9,2.1903154761904764,-1.7096845238095235
1643,train,CN[C@@H](C)C(=O)N[C@H](C(=O)N[C@H]1CCCN(CCc2ccc(O)cc2)C1)C(C)(C)C,0.77,2.1903154761904764,1.4203154761904764
501,train,Cc1c(Sc2ccc(Cl)cc2)c3cc(Cl)ccc3n1CC(=O)O,2.87,2.1903154761904764,-0.6796845238095237
1262,train,CCCCN1Cc2c(O)n3nc(cc3nc2C1=O)c4occc4,0.8,2.1903154761904764,1.3903154761904764
3664,train,C[C@@H](NC1=CC(=O)CNC1)c2ccc(Nc3ncc4cc(ccc4n3)c5ccncc5)cc2,2.49,2.1903154761904764,-0.2996845238095238
2898,train,COc1ccc(cc1)C(CN(C)C)C2(O)CCCCC2,0.99,2.1903154761904764,1.2003154761904764
2782,train,Cc1cccc(C[C@H](N2CCC(CN3CCC(CC3)Oc4ccc(Cl)c(Cl)c4)CC2)C(=O)O)c1,2.84,2.1903154761904764,-0.6496845238095235
2736,train,Oc1cccc(NC(=O)c2ccc(OCCCN3CCCC3)cc2OCc4ccc(F)cc4)c1,3.2,2.1903154761904764,-1.0096845238095238
4123,train,COc1ccc(cc1)c2nc(N)s[n+]2c3ccccc3,2.19,2.1903154761904764,0.00031547619047644915
1247,train,C[C@@H]1CN(CCN1c2ncc(OCc3ccncc3C#N)cn2)C(=O)OCC(F)(F)F,3.0,2.1903154761904764,-0.8096845238095236
1079,train,CO[C@H]1CN(CCN2C(=O)C=Cc3ccc(cc23)C#N)CC[C@H]1NCc4cc5OCCOc5cn4,0.63,2.1903154761904764,1.5603154761904765
921,train,N#Cc1ccc(Nc2nccc(NC3CC3)n2)cc1,3.01,2.1903154761904764,-0.8196845238095234
2458,train,Nc1cc(nc2c(cnn12)C#N)c3ccc(F)cc3,2.23,2.1903154761904764,-0.039684523809523586
1612,train,Cc1cccc(n1)C#Cc2ccccc2,3.6,2.1903154761904764,-1.4096845238095237
1458,train,NC(=O)c1cn([C@@H]2O[C@H](CO)[C@@H](O)[C@H]2O)c3ncnc(N)c13,-0.87,2.1903154761904764,3.0603154761904765
1317,train,Cc1ccc(cc1)S(=O)(=O)Nc2c(C(=O)NCC(C)(C)C)c(C)nn2c3ccccc3,1.46,2.1903154761904764,0.7303154761904764
1273,train,CCC(C)(CC)C[C@@H](N1CCC[C@@H](C1)N2C=C(C)C(=O)NC2=O)c3ccc(C(=O)O)c(Oc4cccc(Br)c4)c3,1.97,2.1903154761904764,0.22031547619047642
1804,train,CC(=O)N1CCN(CC(O)COc2ccc(Br)cc2)CC1,1.6,2.1903154761904764,0.5903154761904763
1449,train,Oc1cc(O)c2C(=O)C(=COc2c1)c3ccc(F)cc3,3.6,2.1903154761904764,-1.4096845238095237
3604,train,CCCSc1nc(N[C@@H]2C[C@H]2c3ccccc3)c4nnn([C@@H]5C[C@H](OCCO)[C@@H](O)[C@H]5O)c4n1,3.87,2.1903154761904764,-1.6796845238095237
1473,train,C1NCC(CC=C1)c2ccc3ccccc3c2,1.64,2.1903154761904764,0.5503154761904765
449,train,CCc1c2CN3C(=O)C4=C(C=C3c2nc5ccc(O)cc15)[C@@](O)(CC)C(=O)OC4,1.6,2.1903154761904764,0.5903154761904763
3336,train,O=C(Nc1ccc(nc1)N2CCOCC2)c3oc(Nc4ccccc4)nn3,2.9,2.1903154761904764,-0.7096845238095235
419,train,CC(=O)Nc1ccc2nc(cc(O)c2c1)c3cccc(F)c3,2.41,2.1903154761904764,-0.21968452380952375
4048,train,O=C(NCc1ccncc1)c2ccc(Oc3ccccc3)cc2,3.26,2.1903154761904764,-1.0696845238095234
3789,train,CN(C)c1cccc(c1)C(=O)Nc2ccc(C)c(c2)C(=O)Nc3cccnc3,3.01,2.1903154761904764,-0.8196845238095234
4080,train,CN[C@@H](C)C(=O)N[C@H](C(=O)N1CC[C@H]2CC[C@H](NC(=O)c3cccc4ccccc34)[C@@H]12)C(C)(C)C,1.94,2.1903154761904764,0.25031547619047645
3911,train,COC(=O)N1CCN(C(CC(=O)NCc2ccc3OCOc3c2)C1)c4ccnc(n4)n5ccnc5,1.88,2.1903154761904764,0.3103154761904765
1017,train,COc1nc(N)nc2c1ncn2[C@@H]3O[C@H](CO)[C@@H](O)[C@H]3O,-0.58,2.1903154761904764,2.7703154761904765
2665,train,OC(=O)COc1ccc(cc1c2ccccc2)[N+](=O)[O-],-0.69,2.1903154761904764,2.8803154761904763
2914,train,CC(C)C(NC(=O)CN1C(=O)C(=CC=C1c2ccccc2)NC(=O)NCc3ccccn3)C(=O)C(F)(F)F,2.15,2.1903154761904764,0.040315476190476485
127,train,Cc1ncc(nc1C(=O)N)c2ccc(cc2)[C@@H]3CC[C@@H](CC(=O)O)CC3,1.0,2.1903154761904764,1.1903154761904764
1279,train,CC(C)C[C@H](NC(=O)N1CCOCC1)C(=O)NCC#N,0.08,2.1903154761904764,2.1103154761904763
3298,train,CS(=O)(=O)c1ccc(CC(=O)N(CC=C)C2CCN(CCC(c3ccccc3)c4ccccc4)CC2)cc1,3.1,2.1903154761904764,-0.9096845238095237
929,train,CNC(=O)c1cc(C(=O)c2ccc(Cl)cc2)c(Br)[nH]1,3.1,2.1903154761904764,-0.9096845238095237
776,train,Cc1ccc(Nc2c(F)cccc2Cl)c(CC(=O)O)c1,1.02,2.1903154761904764,1.1703154761904764
2051,train,CS(=O)(=O)c1ccc(cc1Cl)[C@@H](C[C@H]2CCC(=O)C2)C(=O)Nc3cnccn3,1.39,2.1903154761904764,0.8003154761904765
3571,train,O=S(=O)(NCCNc1ncccn1)c2cccc3cnccc23,0.61,2.1903154761904764,1.5803154761904765
103,train,CC(C)CC(N1NC(=O)c2nc3cc(Cl)ccc3c(O)c2C1=O)c4ccncc4,1.64,2.1903154761904764,0.5503154761904765
362,train,CN(C)CC(O)COc1ccc(Nc2cc(ncn2)N(CC#N)c3cc(Cl)ccc3Cl)cc1,2.1,2.1903154761904764,0.09031547619047631
644,train,C[C@H]1COc2c(N3CCN(C)CC3)c(F)cc4C(=O)C(=CN1c24)C(=O)O,-0.35,2.1903154761904764,2.5403154761904765
1011,train,NC(=O)c1cccc(O[C@@H]2C[C@H]3CC[C@@H](C2)N3CC4CC4)c1,0.07,2.1903154761904764,2.1203154761904766
2139,train,Clc1ccc(N2CCN(CC2)C(=O)COCc3ccncc3)c(Cl)c1,3.38,2.1903154761904764,-1.1896845238095235
1285,train,CCOc1ccccc1c2ccc(cc2)c3nc4ccncc4c(O)c3C#N,3.0,2.1903154761904764,-0.8096845238095236
3008,train,OCCNC(=O)COc1ccc(OCCNCC(O)COc2ccccc2)cc1,0.42,2.1903154761904764,1.7703154761904765
2767,train,Oc1nc2ccccc2nc1NCc3ccccc3,3.3,2.1903154761904764,-1.1096845238095234
595,train,CC(C)C(NC(=O)CN1C(=O)C(=CN=C1c2ccc(F)cc2)NC(=O)OCc3ccncc3)C(=O)C(F)(F)F,2.22,2.1903154761904764,-0.0296845238095238
4014,train,CO[C@@H]1CC[C@@]2(CC1)Cc3ccc(cc3C24N=C(C)C(=N4)N)c5cc(Cl)cc(c5)C#N,3.8,2.1903154761904764,-1.6096845238095234
4183,train,Oc1c(C#N)c(nc2ccncc12)c3ccc(cc3)c4ccccc4OC(F)(F)F,3.45,2.1903154761904764,-1.2596845238095238
3087,train,O=C(Nc1cccnc1C(=O)NCC2CCOCC2)c3cccc4ccccc34,4.4,2.1903154761904764,-2.209684523809524
1134,train,COc1cc2ncc(C(=O)N)c(Nc3cccc(Cl)c3)c2cc1OC,3.5,2.1903154761904764,-1.3096845238095236
4181,train,CN1CCCC1CCOC(C)(c2ccccc2)c3ccc(Cl)cc3,3.04,2.1903154761904764,-0.8496845238095236
3330,train,O=C1N=C2C(=C1C#N)c3ccc(N4CCSCC4)c5cccc2c35,3.22,2.1903154761904764,-1.0296845238095238
2653,train,OC(=O)CN1C(=O)C(Cc2ccccc12)NC(=O)c3cc4sc(Cl)c(Cl)c4[nH]3,0.67,2.1903154761904764,1.5203154761904765
2007,train,NC(=O)Nc1sc(cc1C(=O)N[C@H]2CCCNC2)c3ccc(F)cc3,1.76,2.1903154761904764,0.4303154761904764
828,train,COCCNC(=O)c1ccc(Nc2ncc3cc(ccc3n2)c4ccncc4)cc1C,2.78,2.1903154761904764,-0.5896845238095234
3163,train,CO[C@H]1CN(CCN2C(=O)C=Cc3ccc(cc23)C#N)CC[C@@H]1NCc4cc5OCCOc5cn4,1.05,2.1903154761904764,1.1403154761904764
3407,train,OC(=O)[C@H](Cc1ccc(OCCc2ccc3CCCNc3n2)cc1)NC(=O)c4c(Cl)cccc4Cl,0.33,2.1903154761904764,1.8603154761904763
1034,train,O[C@H]([C@H](Cc1ccccc1)NC(=O)c2cc3cc(Cl)ccc3[nH]2)C(=O)N4C[C@@H](O)[C@@H](O)C4,2.8,2.1903154761904764,-0.6096845238095234
353,train,Cc1cc(NC(=O)Nc2ccc(Cl)cc2)n(C)n1,2.96,2.1903154761904764,-0.7696845238095236
3854,train,Nc1nc(nc2c1nc(O)n2Cc3ccccc3)c4ccccc4,4.16,2.1903154761904764,-1.9696845238095237
48,train,O[C@@H](CNCCCOCCOCCc1cccc2ccccc12)c3ccc(O)c4NC(=O)Sc34,2.28,2.1903154761904764,-0.08968452380952341
630,train,Cc1nc(C)c(nc1C(=O)N)c2ccc3c(CC[C@@]34CC[C@@H](CC4)C(=O)O)c2,1.2,2.1903154761904764,0.9903154761904764
1533,train,NC1(CCC1)c2ccc(cc2)c3ncc4cccn4c3c5ccccc5,2.5,2.1903154761904764,-0.3096845238095236
3308,train,CC1=CC2=NNC(=O)N2c3cc(ccc13)c4ccc(CO)cc4,2.86,2.1903154761904764,-0.6696845238095235
2306,train,CC1=C(C)C(=O)C(=C(C)C1=O)C(CCCCCC(=O)O)c2ccccc2,2.48,2.1903154761904764,-0.2896845238095236
1390,train,CN([C@@H]1CCN(Cc2nc3ccccc3s2)C[C@@H]1F)C(=O)Cc4ccc(cc4)S(=O)(=O)C,2.1,2.1903154761904764,0.09031547619047631
1746,train,COc1cc(ccc1Nc2ncc(Cl)c(n2)c3cnc4cc(F)ccn34)N5CCN(CC5)C(=O)C,3.7,2.1903154761904764,-1.5096845238095238
3816,train,CCN(C1CCN(CCC(N2CCN(CC2)c3cccc(F)c3)c4ccccc4)CC1)C(=O)Cc5ccc(cc5)S(=O)(=O)C,3.21,2.1903154761904764,-1.0196845238095236
249,train,C[C@H](NC(=O)c1c(C)nn(C2CCOC2)c1NS(=O)(=O)c3ccc(C)cc3)C(C)(C)C,0.78,2.1903154761904764,1.4103154761904764
68,train,O=C1CCOc2cc(COc3ccccc3)ccc12,3.0,2.1903154761904764,-0.8096845238095236
577,train,NC12CCC(CC1)(CC2)c3ccccc3,0.29,2.1903154761904764,1.9003154761904764
1683,train,COCCCc1cc(Nc2ccnc(NCc3onc(C)c3)n2)n[nH]1,2.04,2.1903154761904764,0.15031547619047636
216,train,OC(=O)[C@@H](Cc1ccccc1)N2CCC(CN3CCC(CC3)Oc4ccc(Cl)c(Cl)c4)CC2,2.5,2.1903154761904764,-0.3096845238095236
1051,train,COc1ccc(cc1OC)c2cc(NC(=O)Cc3ccc4ccccc4c3)[nH]n2,3.1,2.1903154761904764,-0.9096845238095237
1117,train,CC(C)NCC(O)COc1nccs1,-0.97,2.1903154761904764,3.160315476190476
2457,train,Nc1ncc(cc1c2oc3ccccc3n2)c4cnn(c4)C5CCNCC5,1.85,2.1903154761904764,0.3403154761904763
336,train,C(CNCc1ccccc1)NCc2ccccc2,0.73,2.1903154761904764,1.4603154761904764
3810,train,CCNCc1cncc(n1)c2ccc(F)cc2OC,1.18,2.1903154761904764,1.0103154761904765
1995,train,OC[C@H]1CCCN1CCCOc2ccc3c(Nc4cc(CC(=O)Nc5cccc(F)c5F)[nH]n4)ncnc3c2,2.06,2.1903154761904764,0.13031547619047634
3564,train,O=C1C=C(Nc2ccccc12)c3occc3,2.21,2.1903154761904764,-0.01968452380952357
1527,train,OC(=O)c1cc(nc2ccccc12)c3ccccc3,-0.7,2.1903154761904764,2.8903154761904766
799,train,CC(C)c1ccccc1Cc2cc(C(=O)Nc3ccc(cc3)S(=O)(=O)c4ccccc4C(C)(C)C)c(O)c(O)c2O,3.44,2.1903154761904764,-1.2496845238095236
2877,train,COc1ccc(nc1OC)N2CCN([C@H](C)C2)C(=O)[C@@H]3CCCC[C@H]3C(=O)NC4(CC4)C#N,2.3,2.1903154761904764,-0.10968452380952343
2088,train,Oc1ccc(Cl)cc1C(=O)Nc2ccc(F)cc2F,3.6,2.1903154761904764,-1.4096845238095237
2681,train,CC(=O)Nc1nc(CCc2ccc(NC(=N)N)cc2)cs1,-0.82,2.1903154761904764,3.0103154761904762
486,train,OCCN1CC=CC[C@@H](C1)c2ccc(Cl)c(Cl)c2,2.37,2.1903154761904764,-0.1796845238095237
3046,train,CCOc1nc2cccc(C(=O)O)c2n1Cc3ccc(cc3)c4ccccc4c5nnn[nH]5,0.3,2.1903154761904764,1.8903154761904764
949,train,Clc1cc(Nc2ncnc3[nH]nc(OCCN4CCCC4)c23)ccc1OCc5ccccn5,2.87,2.1903154761904764,-0.6796845238095237
117,train,CC(C(Cc1nc2ccccc2[nH]1)c3nc4ccccc4[nH]3)c5ccccc5,4.48,2.1903154761904764,-2.289684523809524
2759,train,COc1ccc(C(CN2CCCC2)N(C)C(=O)Cc3ccc(Cl)c(Cl)c3)c(OC)c1,3.07,2.1903154761904764,-0.8796845238095234
2118,train,CN(C)C(=O)N[C@@H]1CC[C@@H](CCN2CCN(CC2)c3cccc(Cl)c3Cl)CC1,3.6,2.1903154761904764,-1.4096845238095237
4067,train,CCOC(=O)c1ccc(OCCC2(CCN(CC2)c3ccc(C)nn3)C#N)cc1,3.54,2.1903154761904764,-1.3496845238095236
1916,train,CC(C)[C@@H](CN1CC[C@](C)([C@@H](C)C1)c2cccc(O)c2)NC(=O)[C@H]3Cc4ccc(O)cc4CN3,2.39,2.1903154761904764,-0.19968452380952373
3415,train,O=C1C=C(Oc2c1cccc2c3cccc4c5CCCCc5sc34)N6CCOCC6,4.1,2.1903154761904764,-1.9096845238095232
2690,train,NC(=N)c1cc2c(I)cccc2s1,0.74,2.1903154761904764,1.4503154761904764
2555,train,O=C(N1CCOCC1)c2ccc(cc2)C(=C3CCN(Cc4cscn4)CC3)c5cccc6cccnc56,2.12,2.1903154761904764,0.07031547619047629
3783,train,COc1ccccc1C(=O)Nc2ccc(C)c(c2)N3C=Nc4ccc(cc4C3=O)N5CCN(C)CC5,2.93,2.1903154761904764,-0.7396845238095238
74,train,Clc1ccc(CN2CC3CNCC(C2)O3)cc1C(=O)NCC45CC6CC(CC(C6)C4)C5,1.55,2.1903154761904764,0.6403154761904764
2336,train,Nc1ccc(Cl)c(c1)c2oc3cccnc3n2,1.97,2.1903154761904764,0.22031547619047642
2993,train,Clc1ccc2N(C3CCN(CCCN4C(=O)Nc5ccccc45)CC3)C(=O)Nc2c1,3.45,2.1903154761904764,-1.2596845238095238
3802,train,COC(=O)C1=C(C)NC(=C(C1c2ccccc2[N+](=O)[O-])C(=O)OC)C,3.29,2.1903154761904764,-1.0996845238095236
1351,train,O=C1NCCc2[nH]c(cc12)c3ccncc3,1.49,2.1903154761904764,0.7003154761904764
2327,train,Oc1ccc(cc1)c2oc3c(cc(O)cc3n2)C#N,3.6,2.1903154761904764,-1.4096845238095237
1384,train,CN1CCN(CC1)c2ccc(Nc3ncc(F)c(N[C@@H]4[C@@H]5C[C@@H](C=C5)[C@@H]4C(=O)N)n3)cc2C,2.9,2.1903154761904764,-0.7096845238095235
1050,train,CN1SC(=O)c2cc(ccc12)S(=O)(=O)NC3CC3,1.3,2.1903154761904764,0.8903154761904764
3925,train,CC1=CN([C@H]2CCCN(C2)S(=O)(=O)c3ccc(O)c(Oc4ccc(Cl)c(C)c4)c3)C(=O)NC1=O,2.4,2.1903154761904764,-0.20968452380952352
2420,train,OC1=C(CC2=C(O)c3ccccc3OC2=O)C(=O)Oc4ccccc14,1.22,2.1903154761904764,0.9703154761904764
2142,train,CCOC(=O)N1CCN(CC1)C(=O)[C@H](Cc2cccc(c2)C(=N)N)NS(=O)(=O)c3c(cc(cc3C(C)C)C(C)C)C(C)C,1.67,2.1903154761904764,0.5203154761904765
1736,train,CCCNC(=O)c1nnc2c(cccc2c1N)c3cncc(c3)C(=O)N4CCC4,2.79,2.1903154761904764,-0.5996845238095236
1955,train,Cn1cnc(c1Sc2ncnc3nc[nH]c23)[N+](=O)[O-],0.19,2.1903154761904764,2.0003154761904764
2661,train,COc1ccc(NC(=O)c2ccc(c(C)c2)c3ccncc3)cc1N4CCN(C)CC4,2.56,2.1903154761904764,-0.36968452380952366
638,train,Cc1cc(Cl)ccc1OC2CCN(C[C@H](O)CNC(=O)C3=CNC(=O)c4c(F)cccc34)CC2,3.0,2.1903154761904764,-0.8096845238095236
3745,train,CCN(CC)S(=O)(=O)c1ccc(NC(=O)[C@@](C)(O)C(F)(F)F)c(Cl)c1,3.66,2.1903154761904764,-1.4696845238095237
1798,train,CCN(C1CCN(CC[C@H](C2CCN(CC2)S(=O)(=O)C(F)(F)F)c3ccccc3)CC1)C(=O)Cc4ccc(cc4)S(=O)(=O)C,3.39,2.1903154761904764,-1.1996845238095237
1565,train,CNC(=O)c1ccc(Nc2nccc(n2)c3cnc(C4CC4)n3C(C)C)cc1,2.77,2.1903154761904764,-0.5796845238095236
898,train,CC(=O)c1ccc2OCC(=O)N(CCN3CCC(CC3)NCc4ccc5OCC(=O)Nc5n4)c2c1,0.37,2.1903154761904764,1.8203154761904763
3051,train,CCNC(=O)c1cc2c(c(cnc2[nH]1)c3cncc(c3)C#N)n4ccc(n4)C(F)(F)F,2.62,2.1903154761904764,-0.4296845238095237
1980,train,CCN(CC)CCOCCOC(=O)C1(CCCC1)c2ccccc2,1.33,2.1903154761904764,0.8603154761904763
3257,train,CN1CCN(CC(=O)N2c3ccccc3C(=O)Nc4cccnc24)CC1,-0.49,2.1903154761904764,2.6803154761904766
2035,train,CCN(CC)C(=O)c1ccc(cc1)C(=C2CCNCC2)c3ccc(Cl)c(Cl)c3,2.4,2.1903154761904764,-0.20968452380952352
1422,train,CNC(=O)c1ccc2C(=O)C=C(Nc2c1)c3cccnc3,1.01,2.1903154761904764,1.1803154761904764
2343,train,Cc1ccc(cc1)C(=O)Oc2ccc(cc2OC(=O)c3ccc(C)cc3)C(O)CNC(C)(C)C,3.57,2.1903154761904764,-1.3796845238095234
4,train,Cc1cccc(C[C@H](NC(=O)c2cc(nn2C)C(C)(C)C)C(=O)NCC#N)c1,3.1,2.1903154761904764,-0.9096845238095237
3846,train,CCC(CC)NC(=O)c1c(C)nn(c1NS(=O)(=O)c2ccc(C)cc2)c3ccccc3,1.35,2.1903154761904764,0.8403154761904763
1993,train,COc1ccc(CN(CCN(C)C)c2ccccn2)cc1,1.39,2.1903154761904764,0.8003154761904765
2492,train,NS(=O)(=O)c1cc2c(NC(NS2(=O)=O)C3CC4CC3C=C4)cc1Cl,2.12,2.1903154761904764,0.07031547619047629
645,train,CCc1ccc(CCOc2ccc(CC3SC(=O)NC3=O)cc2)nc1,2.8,2.1903154761904764,-0.6096845238095234
723,train,CC(C)(C)NS(=O)(=O)c1cncc(c1)c2ccc3nc(N)nn3c2,1.41,2.1903154761904764,0.7803154761904765
2688,train,CCNC(=O)c1cc2c(c(cnc2[nH]1)c3cncc(c3)C(=O)NC)n4ccc(n4)C(F)(F)F,2.21,2.1903154761904764,-0.01968452380952357
1986,train,COc1cc2ncnc(Nc3cccc(C)c3)c2cc1OC,3.5,2.1903154761904764,-1.3096845238095236
1196,train,CCC(CC)CNC(=O)c1ccc2c(c1)c(Cc3ccc(cc3OC)C(=O)NS(=O)(=O)c4ccccc4C)cn2C,2.7,2.1903154761904764,-0.5096845238095238
2481,train,CC1=C(OCc2ccc(F)cc2)C(=O)C=CO1,1.91,2.1903154761904764,0.2803154761904765
373,train,CCCc1c(O)c(ccc1OCc2ccc(C(=O)O)c(Br)c2)C(=O)C,2.3,2.1903154761904764,-0.10968452380952343
2783,train,Cc1cc(nn1C[C@H](O)CN)c2ccc(Cl)c(c2)C(=O)NCC3(O)CCCCCC3,0.57,2.1903154761904764,1.6203154761904766
1215,train,CC(C)C(NC(=O)CN1C(=O)C(=CC=C1c2ccccc2)NC=O)C(=O)C(F)(F)F,1.84,2.1903154761904764,0.3503154761904763
3711,train,CN1C(=O)C=C(CCc2cccc(c2)c3cccnc3)N=C1N,2.5,2.1903154761904764,-0.3096845238095236
2609,train,OCCCN(Cc1ccc(F)cc1)C(=O)CC2CCN(Cc3ccn(c3)c4ccc(cc4)C(F)(F)F)CC2,3.04,2.1903154761904764,-0.8496845238095236
839,train,NC1(CCC1)c2ccc(cc2)c3ncc4cccnc4c3c5ccccc5,1.7,2.1903154761904764,0.49031547619047644
1800,train,Cc1cc(N)n(n1)c2ccccc2,1.25,2.1903154761904764,0.9403154761904764
200,train,CN1CCCN(CC1)C(c2ccccc2)c3ccc(Cl)cc3,2.36,2.1903154761904764,-0.16968452380952348
3244,train,NC(=O)Nc1sc(cc1C(=O)N2CCOCC2)c3ccccc3,2.24,2.1903154761904764,-0.04968452380952382
318,train,CN1CCN(CC1)c2ccc(NC(=O)c3oc(Nc4ccccc4F)nn3)cn2,2.36,2.1903154761904764,-0.16968452380952348
2824,train,CC[C@@H]1COCCN1c2cc(nc(n2)c3cccc4[nH]ccc34)C5(CC5)S(=O)(=O)C,3.0,2.1903154761904764,-0.8096845238095236
304,train,CC[C@@H](NC1=C(Nc2cccc(C(=O)N(C)C)c2O)C(=O)C1=O)c3oc(C)cc3,2.32,2.1903154761904764,-0.12968452380952344
1566,train,CC(C)CC(N1NC(=O)c2nc3cc(Cl)ccc3c(O)c2C1=O)c4ccccn4,1.83,2.1903154761904764,0.3603154761904763
2663,train,CCOC(=O)C1=Cc2ccc(O)cc2OC1=O,1.2,2.1903154761904764,0.9903154761904764
3062,train,Fc1ccc(C2CCN(CC2)C(=O)COCc3ccncc3)c(Cl)c1,2.7,2.1903154761904764,-0.5096845238095238
1361,train,Cc1c(Sc2ccc(Cl)cc2)c3cc(Cl)ccc3n1Cc4nnn[nH]4,3.25,2.1903154761904764,-1.0596845238095236
3159,train,CN(C)CC(O)COc1ccc(Nc2nccc(Nc3ccccc3)n2)cc1,1.58,2.1903154761904764,0.6103154761904763
3690,train,CCC(C)(C)C(=O)O[C@H]1C[C@@H](C)C=C2C=C[C@H](C)[C@H](CC[C@@H](O)C[C@@H](O)CC(=O)O)[C@@H]12,1.55,2.1903154761904764,0.6403154761904764
728,train,CC1=CC2=NNC(=O)N2c3cc(ccc13)c4ccccc4CO,3.18,2.1903154761904764,-0.9896845238095238
2740,train,NC(=O)Nc1sc(cc1C(=O)N[C@H]2CCCNC2)c3cc(F)cc(F)c3,2.18,2.1903154761904764,0.010315476190476236
1486,train,Oc1ccc(cc1)c2nc3ccccc3nc2c4ccc(O)cc4,2.7,2.1903154761904764,-0.5096845238095238
3797,train,COc1ccc(cc1)c2nc3c(NCC4CCNCC4)c(Br)cnc3[nH]2,1.36,2.1903154761904764,0.8303154761904763
3098,train,CCN(C1CCN(CC[C@H](c2ccc(cc2)S(=O)(=O)C)c3cc(F)cc(Cl)c3)CC1)C(=O)Cc4ccc(cc4)S(=O)(=O)C,2.71,2.1903154761904764,-0.5196845238095236
1567,train,CC(C)C[C@H](NC(=O)N1CCOCC1)C(=O)N[C@@H](CCc2ccccc2)\C=C\S(=O)(=O)c3ccccc3,3.4,2.1903154761904764,-1.2096845238095235
1781,train,C[C@H](NC(=O)c1c(C)nn(c1NS(=O)(=O)c2cccc(CN3CCOCC3)c2)c4ccccc4)C(C)(C)C,0.29,2.1903154761904764,1.9003154761904764
3063,train,FC(F)(F)c1nnc2ccc(nn12)N3CCCCCC3,3.29,2.1903154761904764,-1.0996845238095236
2469,train,NC(=N)c1cc2c(cccc2s1)c3ccccc3,1.27,2.1903154761904764,0.9203154761904764
621,train,C[C@H]1CN(CCN1c2ncc(OCc3ccc(cc3)S(=O)(=O)C)cn2)C(=O)OC(C)(C)C,3.5,2.1903154761904764,-1.3096845238095236
2256,train,CC(C)(C)OC(=O)N1CCN(CC1)c2ncc(OCc3ccncc3F)cn2,3.6,2.1903154761904764,-1.4096845238095237
759,train,COc1ccc2c(C)cc(N[C@H]3CCC[C@@H](C3)NCc4ccsc4)nc2c1,2.46,2.1903154761904764,-0.26968452380952357
3716,train,O=C1CCOc2nc(OCc3ccccc3)ccc12,3.1,2.1903154761904764,-0.9096845238095237
2373,train,COc1ccc(N(C(C(=O)NC[C@@H](C)O)c2ccccc2F)C(=O)c3occc3C)c(OC)c1,2.04,2.1903154761904764,0.15031547619047636
3793,train,COc1cc(ccc1Nc2ncc(Cl)c(n2)c3cnc4cc(C)ccn34)N5CCN(CC5)C(=O)C,3.3,2.1903154761904764,-1.1096845238095234
1415,train,OB(O)c1ccccc1C=O,0.83,2.1903154761904764,1.3603154761904763
196,train,Cc1cccc(CN2CCN(CC2)C(c3ccccc3)c4ccc(Cl)cc4)c1,3.39,2.1903154761904764,-1.1996845238095237
3880,train,Fc1ccc(NC(=S)N2CCC(CC2)C(=O)c3ccc(F)cc3)cc1,3.4,2.1903154761904764,-1.2096845238095235
136,train,Nc1nnc(CCSCCc2nnc(NC(=O)Cc3ccccc3)s2)s1,2.0,2.1903154761904764,0.1903154761904764
2997,train,COc1cc(OC)c(cc1NC(=O)C)S(=O)(=O)N(C(C)C)c2ccccc2,1.6,2.1903154761904764,0.5903154761904763
81,train,COC(=O)c1ccc(C)c(NS(=O)(=O)c2ccc3N(C)SC(=O)c3c2)c1,2.6,2.1903154761904764,-0.4096845238095237
3192,train,CCn1c2ccccc2c3cc(NC(=O)C)ccc13,3.5,2.1903154761904764,-1.3096845238095236
1522,train,CCOC(=O)c1ccc(CCN2CCN(CC2)c3ccc(C)nn3)cc1,2.58,2.1903154761904764,-0.3896845238095237
589,train,COC1=CC(=N/C/1=C\c2[nH]c(C)cc2C)c3cc4ccccc4[nH]3,2.55,2.1903154761904764,-0.3596845238095234
1138,train,NC(=O)N1c2ccccc2C[C@H](O)c3ccccc13,0.79,2.1903154761904764,1.4003154761904764
1807,train,O=C1C=CN=C2C=C(C=CN12)C#Cc3ccccc3,2.9,2.1903154761904764,-0.7096845238095235
1515,train,CC(C)(C)OC(=O)N[C@@H](Cc1ccccc1)C(=O)O,-1.1,2.1903154761904764,3.2903154761904765
1580,train,OC(=O)[C@H](Cc1ccccc1C#N)N2CCC(CN3CCC(CC3)Oc4ccc(Cl)c(Cl)c4)CC2,2.12,2.1903154761904764,0.07031547619047629
3939,train,COC(=O)c1cccc(CN2NC(=O)C3=C(C2=O)C(=O)c4ccc(Cl)cc4N3)c1,1.1,2.1903154761904764,1.0903154761904763
108,train,COc1ccccc1CNc2cc(C)ccn2,3.28,2.1903154761904764,-1.0896845238095234
3638,train,COc1c(cc2ccccc2c1C(=O)N(C)C[C@@H](CCN3CCC(CC3)c4ccc(O)cc4[S+](C)[O-])c5ccc(Cl)c(Cl)c5)C#N,3.5,2.1903154761904764,-1.3096845238095236
123,train,Nc1c(NC2CC3CCC2C3)nc(nc1N4CCOCC4)C#N,3.53,2.1903154761904764,-1.3396845238095234
2448,train,Oc1ccc(CCNCCCS(=O)(=O)NCCOCCSc2ccccc2)c3sc(O)nc13,1.84,2.1903154761904764,0.3503154761904763
2203,train,COc1cc2cc(nc(C)c2cc1OC)c3ccc(O)cc3O,3.9,2.1903154761904764,-1.7096845238095235
1563,train,CC(C)COc1cc(OC(C)C)cc(c1)C(=O)Nc2ccc(cn2)C(=O)O,1.6,2.1903154761904764,0.5903154761904763
2695,train,Cc1ccc2NC(=O)OC3(CCN(CCc4nc(oc4C)c5ccccc5)CC3)c2c1,4.2,2.1903154761904764,-2.009684523809524
1295,train,CC(N(O)C(=O)N)c1cc2ccccc2s1,2.05,2.1903154761904764,0.14031547619047657
1701,train,CCC(CO)NCCNC(CC)CO,-1.42,2.1903154761904764,3.6103154761904763
3568,train,c1ccc(cc1)c2ccc3ccccc3n2,4.0,2.1903154761904764,-1.8096845238095236
1833,train,N[C@@H]1CCCN(C1)c2c(Cl)cccc2\C=C\3/SC(=O)NC3=O,1.97,2.1903154761904764,0.22031547619047642
3075,train,CCN(CCCOCCOCCc1ccccc1)CCc2ccc(O)c3nc(O)sc23,2.45,2.1903154761904764,-0.2596845238095238
3297,train,Nc1cccc(NS(=O)(=O)c2ccc(cc2)c3ccc(cc3)C#N)n1,2.2,2.1903154761904764,-0.009684523809523782
3353,train,c1ccc(nc1)c2n[nH]c(n2)c3ccncc3,1.48,2.1903154761904764,0.7103154761904764
2439,train,CC1=CN([C@H]2CCCN(C2)S(=O)(=O)c3ccc(CO)c(Oc4cccc(Cl)c4)c3)C(=O)NC1=O,2.69,2.1903154761904764,-0.49968452380952355
2881,train,CCOc1ccc2oc(C(=O)NC(CCSC)c3nc4cnccc4[nH]3)c(C)c2c1,4.31,2.1903154761904764,-2.119684523809523
116,train,NC1(CCC1)c2ccc(cc2)c3nc4C=CN5C(=O)NN=C5c4cc3c6ccccc6,2.5,2.1903154761904764,-0.3096845238095236
3652,train,C[C@H]1C[C@H]2[C@@H]3CC[C@](O)(C(=O)CO)[C@@]3(C)C[C@H](O)[C@@H]2[C@@]4(C)C=CC(=O)C=C14,2.12,2.1903154761904764,0.07031547619047629
2834,train,Oc1ccccc1NC(=O)c2cc(ccc2Cl)[N+](=O)[O-],2.49,2.1903154761904764,-0.2996845238095238
2502,train,CN(C)CCCNC(=O)c1nc(Cl)c(N)nc1N,-1.0,2.1903154761904764,3.1903154761904764
2465,train,Nc1cc(nc2ccccc12)c3ccccc3,2.2,2.1903154761904764,-0.009684523809523782
3572,train,COc1ccc2nc(C)cc(c2c1)n3cc(CNC(=O)C)nn3,1.6,2.1903154761904764,0.5903154761904763
610,train,COc1ccc(C=NN=Cc2ccc(OC)c(OC)c2)cc1OC,3.38,2.1903154761904764,-1.1896845238095235
2468,train,C[N+]1(C)[C@@H]2C[C@H](C[C@H]1[C@@H]3O[C@H]23)OC(=O)C(O)(c4cccs4)c5cccs5,-0.25,2.1903154761904764,2.4403154761904764
1785,train,CC(C)c1nnc2ccc(cn12)c3ocnc3c4cc(F)ccc4F,2.44,2.1903154761904764,-0.24968452380952355
2897,train,COc1cccc(c1)c2cc3c(N[C@H]4CCCNC4)ncc(C(=O)N)c3s2,1.82,2.1903154761904764,0.37031547619047633
2235,train,CC(C)C(=O)Nc1ccc(c(c1)C(F)(F)F)[N+](=O)[O-],3.46,2.1903154761904764,-1.2696845238095236
221,train,CC(Cc1cccc(CNCCc2c(Cl)cccc2Cl)c1)NC[C@H](O)c3ccc(O)c4NC(=O)Sc34,2.41,2.1903154761904764,-0.21968452380952375
3543,train,CC(C)C(NC(=O)CN1C(=O)C(=CC=C1c2ccccc2)NC(=O)CN3C(=O)CCC3=O)C(=O)C(F)(F)F,0.96,2.1903154761904764,1.2303154761904764
2057,train,CS(=O)(=O)c1cccc(Nc2nccc(Nc3c(Cl)ccc4ccoc34)n2)c1,3.7,2.1903154761904764,-1.5096845238095238
2097,train,C[C@H](O)C(=O)N1CCN(Cc2sc3c(nc(nc3c2C)c4cnc(N)nc4)N5CCOCC5)CC1,1.9,2.1903154761904764,0.2903154761904765
1903,train,CCOC(=O)c1ccc(N)cc1,1.83,2.1903154761904764,0.3603154761904763
2389,train,C[C@@H]1CN(CCN1C(=O)[C@@H]2CCCC[C@H]2C(=O)NC3(CC3)C#N)c4ccccc4,2.35,2.1903154761904764,-0.1596845238095237
1291,train,CC[C@H](Nc1ncnc2[nH]cnc12)C3=Nc4cccc(F)c4C(=O)N3c5ccccc5,2.72,2.1903154761904764,-0.5296845238095238
3974,train,NC(=O)Nc1sc(cc1C(=O)N)c2ccc(CN3CCCCC3)cc2,1.75,2.1903154761904764,0.4403154761904764
2364,train,CC(C)(C)OC(=O)N1CCC(CC1)c2ncc(OCc3ccc(cc3)S(=O)(=O)C)cn2,2.8,2.1903154761904764,-0.6096845238095234
2424,train,Cc1nnc2CN=C(c3ccccc3)c4cc(Cl)ccc4n12,1.98,2.1903154761904764,0.2103154761904764
3359,train,CC[C@H](C)[C@@H](CO)NS(=O)(=O)c1ccc(Cl)s1,2.7,2.1903154761904764,-0.5096845238095238
1102,train,NCCc1ccc(O)c2nc(O)sc12,0.33,2.1903154761904764,1.8603154761904763
1253,train,OCC[C@]1(CCCNC1)c2ccc(Cl)c(Cl)c2,0.62,2.1903154761904764,1.5703154761904763
1309,train,N[C@H](Cc1c[nH]c2ccccc12)C(=O)O,-0.92,2.1903154761904764,3.1103154761904763
1014,train,CN[C@@H](C)[C@H](O)c1ccccc1,-1.15,2.1903154761904764,3.3403154761904763
1082,train,COc1ccc2CC3C4C=CC(O)C5Oc1c2C45CCN3C,0.8,2.1903154761904764,1.3903154761904764
972,train,Fc1cnc(NC(=O)[C@H](CC2CCOCC2)c3ccc(cc3)S(=O)(=O)C4CC4)s1,3.19,2.1903154761904764,-0.9996845238095236
1548,train,CN1CCN(CC1)C(=O)c2cc3ccccc3[nH]2,1.7,2.1903154761904764,0.49031547619047644
3324,train,Cc1cnc([nH]1)c2cc(NC(=O)c3ccc(nc3C)C(F)(F)F)ccc2Cl,3.3,2.1903154761904764,-1.1096845238095234
518,train,C(N(Cc1ccccc1)c2nn[nH]n2)c3ccccc3,1.37,2.1903154761904764,0.8203154761904763
818,train,CCCSc1c(cnn1c2ccc(cc2)C(=O)O)C(=O)N(C)C3CCCCC3,0.59,2.1903154761904764,1.6003154761904765
878,train,Clc1ccc(CN2C[C@@H]3C[C@H]2CN3)cc1C(=O)NCC45CC6CC(CC(C6)C4)C5,1.45,2.1903154761904764,0.7403154761904764
2114,train,Clc1cccc(NC(=O)N2CCN(C[C@@H]3CCCN(C3)C4CC4)CC2)c1,2.74,2.1903154761904764,-0.5496845238095238
474,train,CN1CCN(CC1)C(=O)c2cc3cc(Br)ccc3[nH]2,2.79,2.1903154761904764,-0.5996845238095236
2833,train,Cc1nccn1CC2CCc3c(C2=O)c4ccccc4n3C,1.67,2.1903154761904764,0.5203154761904765
129,train,CNCC[C@H](Oc1ccc(cc1)C(F)(F)F)c2ccccc2,1.89,2.1903154761904764,0.3003154761904765
2977,train,COc1ccc(C[C@@H](C)NC[C@H](O)c2ccc(O)c(NC=O)c2)cc1,0.42,2.1903154761904764,1.7703154761904765
132,train,[O-][S+](c1ccccc1)c2ccc3nnnn3n2,0.79,2.1903154761904764,1.4003154761904764
2430,train,COCCNS(=O)(=O)c1ccc(cc1)c2cnc(N)c(n2)C(=O)Nc3cccnc3,2.26,2.1903154761904764,-0.06968452380952339
1780,train,CCCCCC1=CC(=O)NC(=N1)N,1.62,2.1903154761904764,0.5703154761904763
2845,train,CCOC(=O)c1ncn2c1CN(C)C(=O)c3cc(F)ccc23,1.1,2.1903154761904764,1.0903154761904763
2312,train,CC(N1NC(=O)C2=C(C1=O)C(=O)c3ccc(Cl)cc3N2)c4oc5ccccc5c4,2.1,2.1903154761904764,0.09031547619047631
3961,train,Nc1cc(nc2c(cnn12)C#N)c3ccccc3,2.48,2.1903154761904764,-0.2896845238095236
1087,train,CC(O)(C(=O)Nc1ccc(cc1)S(=O)(=O)c2ccc(F)cc2)C(F)(F)F,3.12,2.1903154761904764,-0.9296845238095237
3819,train,Oc1ccc2C(=O)N(C(=O)c2c1)c3ccccc3,2.3,2.1903154761904764,-0.10968452380952343
227,train,Cc1cc(OC2CCN(CC3CCN(CC3)[C@@](C)(Cc4ccc(F)cc4)C(=O)O)CC2)ccc1Cl,2.08,2.1903154761904764,0.11031547619047632
2304,train,CCOc1cc2nnc(C(=O)N)c(Nc3cc(C)ccc3F)c2cc1N4CCN(C)CC4,3.02,2.1903154761904764,-0.8296845238095236
641,train,C1Oc2ccc(Oc3ccnc(Oc4ccc(cc4)n5ccnc5)n3)cc2O1,3.27,2.1903154761904764,-1.0796845238095236
1206,train,CN(C)CCCNc1cc(nc2c(cnn12)C#N)n3ccc4ccc(NC(=O)C)cc34,1.62,2.1903154761904764,0.5703154761904763
139,train,COC1\C=C\OC2(C)Oc3c(C)c(O)c4C(=O)C(=CC(=O)c4c3C2=O)NC(=O)\C(=C/C=C/C(C)C(O)C(C)C(O)C(C)C(OC(=O)C)C1C)\C,0.7,2.1903154761904764,1.4903154761904764
3285,train,C[C@@H]1CN(CCN1c2ncc(OCc3ccc(cc3)S(=O)(=O)C)cn2)C(=O)OC(C)(C)C,3.6,2.1903154761904764,-1.4096845238095237
3863,train,COCCOc1cc(Nc2nccc(n2)N(C)c3cc(CO)ccc3C)cc(c1)N4CCOCC4,3.3,2.1903154761904764,-1.1096845238095234
2594,train,Oc1ccc(CCNCCS(=O)(=O)CCCOCCNc2ccccc2)c3sc(O)nc13,1.98,2.1903154761904764,0.2103154761904764
2415,train,C[C@H]1COCCN1c2cc(nc(n2)c3cccc4[nH]ccc34)C5(CC5)S(=O)(=O)C,2.8,2.1903154761904764,-0.6096845238095234
2916,train,COc1ccccc1CCNCc2ccc(CCNC[C@H](O)c3ccc(O)c4NC(=O)Sc34)cc2,0.8,2.1903154761904764,1.3903154761904764
2748,train,CCC(CC)NC(=O)c1cn(nc1NS(=O)(=O)c2ccc(C)cc2)c3ccccc3,2.51,2.1903154761904764,-0.3196845238095234
237,train,COc1ccc2nc(N[C@H]3CCC[C@@H](C3)NCc4ccsc4)ccc2c1,2.43,2.1903154761904764,-0.23968452380952376
2188,train,Nc1[nH]nc2cccc(Cl)c12,1.92,2.1903154761904764,0.27031547619047647
309,train,Nc1nc(cs1)c2ccccc2,2.43,2.1903154761904764,-0.23968452380952376
1913,train,Cc1cc(CNc2ncc(Cl)c(Nc3cc(C)[nH]n3)n2)on1,2.68,2.1903154761904764,-0.48968452380952376
4003,train,O=C1NC(=O)C(Cc2cccc(Oc3ccccc3)c2)S1,2.84,2.1903154761904764,-0.6496845238095235
1542,train,C[C@H]1O[C@H]([C@H](O)[C@H]1Cl)n2cnc3c(N)nc(OC4CCCC4)nc23,3.18,2.1903154761904764,-0.9896845238095238
946,train,Nc1ccccc1NC(=O)c2ccc(cc2)c3nccs3,2.3,2.1903154761904764,-0.10968452380952343
1820,train,COc1ccc2c(C)cc(N[C@H]3CC[C@@H](C3)NCc4cn(C)c5ccccc45)nc2c1,2.53,2.1903154761904764,-0.3396845238095234
3001,train,Fc1ccc(cc1)c2ncn(C3CCNCC3)c2c4ccncc4,0.3,2.1903154761904764,1.8903154761904764
176,train,CC1CC(CC(C)(C)C1)OC(=O)C(O)c2ccccc2,2.31,2.1903154761904764,-0.11968452380952366
3710,train,O[C@@H](CNCCc1cccc(CNCc2ccccc2F)c1)c3ccc(O)c4NC(=O)Sc34,0.69,2.1903154761904764,1.5003154761904764
562,train,OC(=O)C(N1CCC(CN2CCC(CC2)Oc3ccc(Cl)c(Cl)c3)CC1)c4ccccc4,2.17,2.1903154761904764,0.020315476190476467
3761,train,O=C(N1CCCCC1)c2csc3CCCCc23,3.2,2.1903154761904764,-1.0096845238095238
3180,train,N(c1ccccc1)c2ccnc(Nc3ccccc3)n2,4.06,2.1903154761904764,-1.8696845238095232
3566,train,Cc1onc(C)c1CCC2CCN(CC2)S(=O)(=O)CC3(CCC(F)(F)CC3)N(O)C=O,2.1,2.1903154761904764,0.09031547619047631
1569,train,CC1=C(C(=O)c2cc(O)c(O)c(CCc3ccc(C)cc3)c2C1=O)C4=C(C)C(=O)c5c(CCc6ccc(C)cc6)c(O)c(O)cc5C4=O,3.36,2.1903154761904764,-1.1696845238095235
2734,train,CC(C)(C)NC(=O)[C@@H]1CN(Cc2cccnc2)CCN1C[C@@H](O)C[C@@H](Cc3ccccc3)C(=O)N[C@@H]4[C@H](O)Cc5ccccc45,2.9,2.1903154761904764,-0.7096845238095235
2485,train,COc1ccccc1OCC(O)COC(=O)N,0.36,2.1903154761904764,1.8303154761904765
2413,train,O[C@@]1(CN2CCC1CC2)C#Cc3ccc(Oc4ccc(cc4)C(=O)NCc5ccncc5)cc3,2.31,2.1903154761904764,-0.11968452380952366
884,train,CCN(CC)c1ccc2C=C(C(=O)C)C(=O)Oc2c1,2.0,2.1903154761904764,0.1903154761904764
2796,train,Oc1ccc(CCc2ccc(O)cc2)cc1,3.3,2.1903154761904764,-1.1096845238095234
2214,train,COc1ccc(cc1)c2csc(n2)N(CCCN3CCOCC3)C(=O)c4occc4,3.34,2.1903154761904764,-1.1496845238095235
3673,train,CN[C@@H](C)C(=O)N[C@@H](C1CCCCC1)C(=O)N[C@H]2CCCN(Cc3ccccc3)C2,2.01,2.1903154761904764,0.1803154761904766
2627,train,Cc1ccc(cc1)C(=O)C2CCN(CC2)C(=O)c3ccc(C)cc3,3.43,2.1903154761904764,-1.2396845238095238
122,train,NC(=N)NC(=O)c1nc(Cl)c(NCc2ccccn2)nc1N,-0.56,2.1903154761904764,2.7503154761904764
3509,train,CCOc1cccc2c3CN(CCc3[nH]c12)C(=O)[C@@H]4CCCC[C@H]4C(=O)NC5(CC5)C#N,3.1,2.1903154761904764,-0.9096845238095237
4101,train,CC(C)S(=O)(=O)NCC(C)c1ccc(cc1)c2ccc(cc2)C#N,3.5,2.1903154761904764,-1.3096845238095236
1328,train,NC1=NC2(CCN(CC2)C(=O)c3ccc(cc3)C#N)Nc4cccc(F)c14,0.66,2.1903154761904764,1.5303154761904763
3649,train,Cc1nc(C)c(nc1C(=O)N)c2ccc3c(CC[C@@]34CC[C@@H](CC4)c5nnn[nH]5)c2,1.4,2.1903154761904764,0.7903154761904765
952,train,O=C(NC1(CC1)C#N)[C@@H]2CCCC[C@H]2C(=O)N3CCc4[nH]c5ccccc5c4C3,2.66,2.1903154761904764,-0.46968452380952375
504,train,CN1[C@@H]2CC[C@H]1C[C@H](C2)OC(c3ccccc3)c4ccccc4,1.49,2.1903154761904764,0.7003154761904764
3817,train,FC(F)(F)c1cccc(c1)S(=O)(=O)NC(=O)N2CCC(CC2)N3CCC(CC3)Oc4ccc(Cl)c(Cl)c4,2.94,2.1903154761904764,-0.7496845238095236
2974,train,CCN(C1CCN(CC[C@H](N2CCN(CC2)S(=O)(=O)C(F)(F)F)c3ccccc3)CC1)C(=O)Cc4ccc(cc4)S(=O)(=O)C,2.86,2.1903154761904764,-0.6696845238095235
3444,train,CC(=O)Nc1cccc(OCc2cnc(Cl)s2)c1,2.38,2.1903154761904764,-0.1896845238095235
2683,train,CC(C)n1c(C)ncc1c2nc(Nc3ccc(cc3)C(=O)N4CC[C@@H](C4)N(C)C)ncc2F,2.16,2.1903154761904764,0.030315476190476254
3404,train,COc1cc2ncc(C(=O)N)c(Nc3cc(F)ccc3F)c2cc1OC,2.9,2.1903154761904764,-0.7096845238095235
1397,train,CC[C@H](C)[C@H](N)C1=N[C@@H](CS1)C(=O)N[C@@H](CC(C)C)C(=O)N[C@H](CCC(=O)O)C(=O)N[C@@H]([C@@H](C)CC)C(=O)N[C@H]2CCCCNC(=O)[C@H](CC(=O)N)NC(=O)[C@@H](CC(=O)O)NC(=O)[C@H](Cc3cnc[nH]3)NC(=O)[C@@H](Cc4ccccc4)NC(=O)[C@@H](NC(=O)[C@@H](CCCN)NC2=O)[C@@H](C)CC,-0.46,2.1903154761904764,2.6503154761904764
1637,train,COc1ccc(Cl)c(c1)C(=O)NCC23CC4CC(CC(C4)C2)C3,4.39,2.1903154761904764,-2.1996845238095233
3479,train,COc1cc(O)ccc1\C=C\2/CCCN=C2c3cccnc3,2.2,2.1903154761904764,-0.009684523809523782
1302,train,Cc1ccc(cc1)c2nn(c3ncnc(N)c23)C(C)(C)C,4.1,2.1903154761904764,-1.9096845238095232
1496,train,Nc1[nH]nc2ccccc12,1.0,2.1903154761904764,1.1903154761904764
3456,train,Nc1c(c(CN2CCOCC2)nn1c3ccc(F)cc3)c4ccccc4,2.33,2.1903154761904764,-0.13968452380952368
2265,train,COc1cc2ncnc(Nc3cc(NC(=O)c4cccc(c4)N5CCOCC5)ccc3C)c2cc1OC,3.6,2.1903154761904764,-1.4096845238095237
3158,train,CN(CCOc1ccc(C[C@H](Nc2ccccc2C(=O)c3ccccc3)C(=O)O)cc1)c4ccccn4,2.15,2.1903154761904764,0.040315476190476485
850,train,CCC(CC)NC(=O)c1cnn(c1NS(=O)(=O)c2ccc(C)cc2)c3ccccc3,0.79,2.1903154761904764,1.4003154761904764
2809,train,CN(Cc1ccc(Cl)cc1)C(=O)C2(N)CCN(CC2)c3ncnc4[nH]ccc34,2.8,2.1903154761904764,-0.6096845238095234
2728,train,COc1ccc2c(c1)c(c(C)n2CC(=O)O)c3ccnc4cc(Cl)ccc34,1.16,2.1903154761904764,1.0303154761904765
3009,train,CCc1cc(C(=O)N[C@@H](Cc2cccc(Cl)c2)C(=O)NCC#N)n(C)n1,2.6,2.1903154761904764,-0.4096845238095237
2524,train,Fc1cc2[nH]cnc2cc1Cl,2.35,2.1903154761904764,-0.1596845238095237
2859,train,Clc1ccc(OC2CCN(CC2)C3CCN(CC3)C(=O)NS(=O)(=O)c4cccc(c4)C#N)cc1Cl,1.81,2.1903154761904764,0.38031547619047634
56,train,COCCNC(=O)c1cccc(Nc2ncc3cc(ccc3n2)c4ccncc4)c1,3.21,2.1903154761904764,-1.0196845238095236
2726,train,CC(C)NCC(O)COc1ccc(CCOCC2CC2)cc1,0.63,2.1903154761904764,1.5603154761904765
2928,train,CC12CCC3C(CCC4=CC(=O)CCC34C)C1CCC2O,3.3,2.1903154761904764,-1.1096845238095234
3929,train,Nc1nccc2ccccc12,1.5,2.1903154761904764,0.6903154761904764
1599,train,Cc1ccc(NC(=O)c2ccc(Cl)c(c2)C(F)(F)F)cc1C(=O)Nc3cccnc3,2.83,2.1903154761904764,-0.6396845238095237
3401,train,CN1c2ccccc2C(NCCCCCCC(=O)O)c3ccc(Cl)cc3S1(=O)=O,1.33,2.1903154761904764,0.8603154761904763
2597,train,C(Nc1ncnc2ccccc12)c3ccccc3,3.21,2.1903154761904764,-1.0196845238095236
779,train,Cc1cccc(c1)N(Cc2cc(F)c(F)cc2F)C(=O)O[C@H]3CN4CCC3CC4,2.24,2.1903154761904764,-0.04968452380952382
4176,train,CC(C)C(NC(=O)CN1C(=O)C(=CN=C1c2cccs2)N)C(=O)C(F)(F)F,0.68,2.1903154761904764,1.5103154761904762
1766,train,CC(NC(C)(C)C)C(=O)c1cccc(Cl)c1,2.12,2.1903154761904764,0.07031547619047629
1882,train,Oc1ccc2C(=O)C(=COc2c1)c3ccc(O)c(O)c3,1.88,2.1903154761904764,0.3103154761904765
3342,train,CCN(CC)C(=O)c1ccc(cc1)C(=C2CCNCC2)c3ccccc3OC,1.0,2.1903154761904764,1.1903154761904764
171,train,CC(=O)Nc1nc(C)c(s1)c2cnc(F)c(NS(=O)(=O)c3sc(C)nc3C)c2,0.55,2.1903154761904764,1.6403154761904764
174,train,CCOc1ncc(C)c2NC(=C([C@@H](c3ccc(cc3OC)C#N)c12)C(=O)N)C,2.51,2.1903154761904764,-0.3196845238095234
2770,train,CC(C)NC[C@@H](O)COc1cccc2ccccc12,1.13,2.1903154761904764,1.0603154761904765
994,train,CSCCC(NC(=O)c1ccccc1)c2nc3ccccc3n2Cc4ccc(cc4)C#N,4.24,2.1903154761904764,-2.049684523809524
792,train,C1CN2C[C@@H](N=C2S1)c3ccccc3,0.81,2.1903154761904764,1.3803154761904763
243,train,CC1=CN([C@H]2CCCN(Cc3ccc(C(=O)O)c(Oc4cccc(c4)C(F)(F)F)c3)C2)C(=O)NC1=O,-0.38,2.1903154761904764,2.5703154761904763
447,train,CCn1nc(C)c(C(=O)N[C@@H](C)C(C)(C)C)c1NS(=O)(=O)c2ccc(C)cc2,0.95,2.1903154761904764,1.2403154761904764
497,train,CCOc1ccc(Oc2ccc(cc2)S(=O)(=O)NC(=O)c3cccc(c3)c4ccc(Cl)c(Cl)c4)cc1,2.94,2.1903154761904764,-0.7496845238095236
1045,train,O[C@@H](CNCCc1cccc(CNCCc2ccccn2)c1)c3ccc(O)c4NC(=O)Sc34,-0.07,2.1903154761904764,2.2603154761904762
1619,train,COc1ccnc(c1)N(C)c2ccnc(Nc3cc(cc(c3)N4CCOCC4)N5CCOCC5)n2,2.23,2.1903154761904764,-0.039684523809523586
202,train,Clc1ccc2C(=O)C3=C(Nc2c1)C(=O)NN(Cc4ccccn4)C3=O,1.1,2.1903154761904764,1.0903154761904763
1126,train,CCOC(=O)c1ccc(OCCC2CCN(CC2)c3ccc(C)nn3)nc1,3.76,2.1903154761904764,-1.5696845238095234
1698,train,Cc1nc(N)c2nc(O)n(Cc3ccccc3)c2n1,2.04,2.1903154761904764,0.15031547619047636
1182,train,CC(C)Oc1cc(n[nH]1)n2cnc3ccc(N[C@@H](CO)c4ccc(F)cn4)nc23,2.79,2.1903154761904764,-0.5996845238095236
1883,train,Brc1ccc2oc3C(=O)NC(=Nc3c2c1)[C@@H]4CCCN4,2.19,2.1903154761904764,0.00031547619047644915
2549,train,COc1ccc(N(C(C(=O)NC2CCCC2)c3ccccc3F)C(=O)c4ccccc4)c(OC)c1,3.86,2.1903154761904764,-1.6696845238095235
0,train,Cn1c(CN2CCN(CC2)c3ccc(Cl)cc3)nc4ccccc14,3.54,2.1903154761904764,-1.3496845238095236
4001,train,COc1cc(ccc1Nc2nccc(n2)c3cnc4ccccn34)N5CCN(CC5)C(=O)C,3.0,2.1903154761904764,-0.8096845238095236
381,train,Cc1ccc(NC(=O)c2cccc(c2)C(F)(F)F)cc1NC(=O)c3ccc4ncccc4c3,3.87,2.1903154761904764,-1.6796845238095237
2769,train,CCCCCCN1CC[C@@]2(C)[C@@H](C)C1Cc3ccc(O)cc23,2.5,2.1903154761904764,-0.3096845238095236
2811,train,OC(=O)[C@H](Cc1ccc(NC(=O)Cc2ccc3CCCNc3n2)cc1)NC(=O)c4c(Cl)cccc4Cl,-0.63,2.1903154761904764,2.8203154761904763
3934,train,CCN(C1CCN(CC[C@H](C2CCN(CC2)S(=O)(=O)C)c3ccccc3)CC1)C(=O)Cc4ccc(cc4)S(=O)(=O)C,1.05,2.1903154761904764,1.1403154761904764
3021,train,CCC(CC)NC(=O)c1cnn(c1NS(=O)(=O)c2ccc(cc2)c3ocnc3)c4ccccc4,0.8,2.1903154761904764,1.3903154761904764
2083,train,CSc1ncccc1C(=O)NCc2ccc(C)cc2,2.71,2.1903154761904764,-0.5196845238095236
3601,train,CCCCn1c(Cc2cc(OC)c(OC)c(OC)c2)nc3c(N)ncnc13,2.39,2.1903154761904764,-0.19968452380952373
2042,train,OC(CCN1CCCCC1)(C2CC3CC2C=C3)c4ccccc4,2.49,2.1903154761904764,-0.2996845238095238
393,train,Clc1ccc(cc1)C(=O)C2CCN(CC2)C(=O)C3CC3,2.72,2.1903154761904764,-0.5296845238095238
2417,train,COc1ccc(CC(=O)NC(N\C(=N\C#N)\Nc2ccccc2C)C(C)(C)C)cc1OC,2.48,2.1903154761904764,-0.2896845238095236
1457,train,C[C@H](NC(=O)c1c(NS(=O)(=O)c2ccc(C)cc2)n(nc1C(F)(F)F)c3ccccc3)C(C)(C)C,2.35,2.1903154761904764,-0.1596845238095237
3303,train,Cc1ccc(cc1NC(=O)c2ccc(OCc3ccccn3)cc2)c4c[nH]cn4,2.81,2.1903154761904764,-0.6196845238095237
3338,train,C[C@]12CC[C@H]3[C@@H](CC(=C)C4=CC(=O)C=C[C@]34C)[C@@H]1CCC2=O,2.98,2.1903154761904764,-0.7896845238095236
28,train,CSc1c(cnn1c2ccc(cc2)C(=O)O)C(=O)NC3C4CC5CC(CC3C5)C4,1.2,2.1903154761904764,0.9903154761904764
110,train,Nc1c2CCN(c3ccccc3)c2nc4ccc(Br)cc14,3.12,2.1903154761904764,-0.9296845238095237
2835,train,CCN1CCC[C@H]1CNC(=O)c2cc(ccc2OC)S(=O)(=O)N,-0.84,2.1903154761904764,3.0303154761904763
3416,train,CN1CCCC1CCNC(=O)c2ccc(Nc3ncc4cc(ccc4n3)c5ccncc5)cc2,2.01,2.1903154761904764,0.1803154761904766
2333,train,Oc1ccc2C[C@H]3N(CC4CC4)CC[C@@]56[C@@H](Oc1c25)c7[nH]c8[C@@H]9Oc%10c(O)ccc%11C[C@H]%12N(CC%13CC%13)CC[C@@]9(c%10%11)[C@@]%12(O)Cc8c7C[C@@]36O,1.41,2.1903154761904764,0.7803154761904765
798,train,O[C@H](CNC(=O)C1=CNC(=O)c2cc(ccc12)S(=O)(=O)N3CCC3)CN4CCC(CC4)Oc5ccc(Cl)c(Cl)c5,3.02,2.1903154761904764,-0.8296845238095236
3402,train,COc1ccc(\C=C\2/SC(=S)NC2=O)cc1OC,1.42,2.1903154761904764,0.7703154761904765
2081,train,C[C@H](Nc1ncc(Br)c(Nc2cc(C)[nH]n2)n1)c3ncc(F)cn3,2.39,2.1903154761904764,-0.19968452380952373
3908,train,Oc1cccc2nc(cc(O)c12)c3ccccc3,3.37,2.1903154761904764,-1.1796845238095237
1892,train,Cc1cccc(n1)c2nc3cc(Cl)ccc3[nH]2,4.1,2.1903154761904764,-1.9096845238095232
2644,train,Brc1oc(cc1)c2nc3cc(NS(=O)(=O)c4ccccc4)ccc3[nH]2,4.38,2.1903154761904764,-2.1896845238095235
1971,train,O[C@H](CNC(=O)C1=CNC(=O)c2ccccc12)CN3CCC(CC3)Oc4ccc(C#N)c(Cl)c4,2.56,2.1903154761904764,-0.36968452380952366
2471,train,COc1ccccc1O[C@H]([C@@H]2CNCCO2)c3ccccc3,0.9,2.1903154761904764,1.2903154761904765
3549,train,Nc1nc2cc3CCN(Cc4cnc[nH]4)CCc3cc2s1,-0.12,2.1903154761904764,2.3103154761904765
899,train,CCN(CC)CCOC(=O)c1ccc(N)cc1,0.0,2.1903154761904764,2.1903154761904764
3085,train,CCN(C(=O)Nc1ccccc1)c2ccccc2,3.1,2.1903154761904764,-0.9096845238095237
2044,train,C[C@@H](NC(=O)C)c1ccc(Nc2ncc3cc(ccc3n2)c4ccncc4)cc1,3.18,2.1903154761904764,-0.9896845238095238
3173,train,CCN(C1CCN(CC[C@@H](c2ccccc2)c3ccc(cc3)S(=O)(=O)C)CC1)C(=O)Cc4ccc(cc4)S(=O)(=O)C,1.38,2.1903154761904764,0.8103154761904765
1191,train,Nc1nc(SCc2ccccc2)nc3c1ncn3[C@@H]4O[C@H](CO)[C@@H](O)[C@H]4O,1.24,2.1903154761904764,0.9503154761904764
450,train,COc1cc2ncnc(Nc3ccc(F)c(Cl)c3)c2cc1NC(=O)\C=C\CN4CCCCC4,4.1,2.1903154761904764,-1.9096845238095232
2813,train,NC(=O)c1cc(sc1N)c2ccccc2,2.7,2.1903154761904764,-0.5096845238095238
3344,train,CC(C)(C(=O)N)C(=O)NCCCNc1nc(Nc2cccc(NC(=O)N3CCCC3)c2)ncc1Br,2.32,2.1903154761904764,-0.12968452380952344
2582,train,COc1ccc(cc1)c2nc3c(OCC4CCNCC4)c(Br)cnc3[nH]2,1.55,2.1903154761904764,0.6403154761904764
1970,train,Cc1ccc(Oc2ccc(cc2)C(=O)NCc3ccncc3)cc1,3.65,2.1903154761904764,-1.4596845238095235
3837,train,CC(NC(=O)C1(N)CCN(CC1)c2ncnc3[nH]ccc23)c4ccccn4,1.3,2.1903154761904764,0.8903154761904764
1609,train,CCOC(=O)c1ccc(OCCC2CN(C2)c3ccc(C)nn3)cc1,3.22,2.1903154761904764,-1.0296845238095238
3728,train,CN(C)CCNc1cc(nc2cc(nn12)c3ccc(F)cc3)c4ccccc4,4.5,2.1903154761904764,-2.3096845238095236
5,train,OC1(CN2CCC1CC2)C#Cc3ccc(cc3)c4ccccc4,3.14,2.1903154761904764,-0.9496845238095237
1898,train,COCCS(=O)(=O)c1ccc(Nc2nccc(n2)c3cnc(C)n3C(C)C)cc1,2.56,2.1903154761904764,-0.36968452380952366
2315,train,CC(C)(O)c1ccccc1CC[C@@H](SCC2(CC(=O)O)CC2)c3cccc(\C=C\c4ccc5ccc(Cl)cc5n4)c3,3.45,2.1903154761904764,-1.2596845238095238
3628,train,C[C@@H](NC(=O)[C@@H]1CCCC[C@H]1C(=O)N2CCc3[nH]c4ccc(F)cc4c3C2)C#N,3.1,2.1903154761904764,-0.9096845238095237
1036,train,CC1(C)Cc2c(c3ccccc3)c(c(CC(=O)O)n2C1)c4ccc(Cl)cc4,3.07,2.1903154761904764,-0.8796845238095234
3350,train,CC(Oc1c(Cl)cccc1Cl)C2=NCCN2,0.48,2.1903154761904764,1.7103154761904764
1499,train,CC(=O)NC[C@H]1CN(C(=O)O1)c2ccc(c(F)c2)n3cnc(c3)C#N,1.51,2.1903154761904764,0.6803154761904764
1058,train,CCn1c(C)ncc1c2ccnc(Nc3ccc(cc3)S(=O)(=O)NCCOC)n2,2.44,2.1903154761904764,-0.24968452380952355
157,train,CC1CCc2cc(F)cc3C(=O)C(=CN1c23)C(=O)O,0.74,2.1903154761904764,1.4503154761904764
4011,train,CC(C)C(NC(=O)CN1C(=O)C2=C(C=C1c3ccccc3)C(=O)N(CCN4CCOCC4)C(=O)N2)C(=O)C(F)(F)F,1.91,2.1903154761904764,0.2803154761904765
2017,train,COC(=O)CCn1cc(c2cc(NC3CC3)n4ncc(C#N)c4n2)c5cc(NC(=O)C)ccc15,2.72,2.1903154761904764,-0.5296845238095238
498,train,OC1=CC=Cc2cc(O)c(O)c(O)c2C1=O,2.03,2.1903154761904764,0.1603154761904766
4155,train,CN(C)C(=O)[C@H](Cc1ccccc1)NC(=O)c2cc3ccccc3[nH]2,3.4,2.1903154761904764,-1.2096845238095235
4165,train,CC1(CCN(CC1)C(=O)COCc2ccncc2)c3ccc(Cl)cc3,2.79,2.1903154761904764,-0.5996845238095236
1245,train,O=C(Nc1nc(cs1)c2ccccc2)c3cccnc3,3.62,2.1903154761904764,-1.4296845238095237
4007,train,O[C@@H](CNCCOc1cccc(CNCCc2ccccc2F)c1)c3ccc(O)c4NC(=O)Sc34,1.86,2.1903154761904764,0.3303154761904763
2606,train,CNc1cccc(CCOc2ccc(C[C@H](NC(=O)c3ccc(F)cc3Cl)C(=O)O)cc2)n1,-0.04,2.1903154761904764,2.2303154761904764
4008,train,Clc1ccc2OCOc2c1Nc3ncnc4cc(OCCCN5CCCC5)cc(OC6CCOCC6)c34,2.3,2.1903154761904764,-0.10968452380952343
1294,train,N\C(=C(/C#N)\c1ccccc1C(F)(F)F)\Sc2ccc(N)cc2,3.4,2.1903154761904764,-1.2096845238095235
2562,train,COc1cccc(CNc2nc(NC(C)C)nc3ccsc23)c1OC,3.7,2.1903154761904764,-1.5096845238095238
1818,train,CO[C@H]1\C=C\O[C@@]2(C)Oc3c(C)c(O)c4c(O)c(NC(=O)\C(=C/C=C/[C@H](C)[C@H](O)[C@@H](C)[C@@H](O)[C@@H](C)[C@H](OC(=O)C)[C@@H]1C)\C)cc(O)c4c3C2=O,1.19,2.1903154761904764,1.0003154761904764
1071,train,OC(=O)c1ccccc1CN2CCC(CN3CCC(CC3)Oc4ccc(Cl)c(Cl)c4)CC2,2.48,2.1903154761904764,-0.2896845238095236
3590,train,COc1cc(cc2cnc(Nc3ccc(cc3)[C@@H](C)NC(=O)C)nc12)c4ccncc4,2.73,2.1903154761904764,-0.5396845238095236
987,train,COc1cc(ccc1Nc2ncc3N(C)C(=O)CCN(C4CCCCC4)c3n2)C(=O)NC5CCN(C)CC5,2.87,2.1903154761904764,-0.6796845238095237
24,train,CNCC[C@@H](Oc1ccccc1C)c2ccccc2,1.2,2.1903154761904764,0.9903154761904764
1801,train,Cn1cc(nc1c2c3C(=O)N(CC=C)C(=O)N(CC4CC4)c3nn2Cc5ccnc6ccc(Cl)cc56)C#N,3.92,2.1903154761904764,-1.7296845238095235
3144,train,COc1cc(O)c(C(CC(=O)N2CC(C)CC(C)C2)c3ccc4OCOc4c3)c(OC)c1,4.3,2.1903154761904764,-2.1096845238095234
3036,train,CCOc1ccc(cc1)N2C(=O)c3ccccc3N=C2[C@@H](C)N(Cc4cccnc4)C(=O)Cc5ccc(cc5)C(F)(F)F,4.25,2.1903154761904764,-2.0596845238095236
2825,train,CC(C)n1c(C)ncc1c2nc(Nc3ccc(cc3)C(=O)N4CC[C@H](C4)N(C)C)ncc2F,2.36,2.1903154761904764,-0.16968452380952348
2869,train,CN1C(=O)N(C)c2nc[nH]c2C1=O,-0.09,2.1903154761904764,2.2803154761904763
2710,train,COc1cc2ncnc(Nc3ccc(F)cc3)c2cc1OC,3.1,2.1903154761904764,-0.9096845238095237
1693,train,COc1ccccc1CCNCc2cccc(CCNC[C@H](O)c3ccc(O)c4NC(=O)Sc34)c2,0.82,2.1903154761904764,1.3703154761904766
3248,train,O=C(NCc1occc1)c2ccc3[nH]c(COc4ccc(cc4)C56CC7CC(CC(C7)C5)C6)nc3c2,4.0,2.1903154761904764,-1.8096845238095236
3222,train,O=S(=O)(N1CCCC1)c2ccccc2c3ccc(CNC4CCOCC4)cc3,1.4,2.1903154761904764,0.7903154761904765
1678,train,Cc1ccc2c(c1)c(Sc3cccc(Cl)c3)c(C)n2CC(=O)O,1.85,2.1903154761904764,0.3403154761904763
1586,train,COCCOc1cc2nccc(Nc3cc(O)c(Cl)cc3F)c2cc1OC,2.64,2.1903154761904764,-0.44968452380952373
1667,train,CC(=O)Nc1cccc2c1c(Oc3ccc(Cl)cc3)c(C)n2CC(=O)O,-1.41,2.1903154761904764,3.6003154761904765
4086,train,Nc1ccc(cc1)S(=O)(=O)Nc2ccccn2,-0.01,2.1903154761904764,2.200315476190476
3513,train,CN1CCN(CC1)c2ccc3N=CN(C(=O)c3c2)c4cc(ccc4C)C(=O)Nc5nccs5,2.56,2.1903154761904764,-0.36968452380952366
31,train,CN([C@@H]1CCN(Cc2ccc(cc2)C(F)(F)F)C[C@@H]1F)C(=O)Cc3ccc(cc3)n4cnnn4,3.3,2.1903154761904764,-1.1096845238095234
62,train,CC(C)n1c(C)ncc1c2nc(Nc3ccc(cc3)C(=O)N(C)C)ncc2F,2.77,2.1903154761904764,-0.5796845238095236
1817,train,CC1=CN([C@H]2CCCN(Cc3ccc(C(=O)O)c(Oc4cccc(Cl)c4)c3)C2)C(=O)NC1=O,-0.55,2.1903154761904764,2.740315476190476
2659,train,COc1ccc(cc1)C(CNC(=O)Nc2ccccc2)N3CCN(C)CC3,1.5,2.1903154761904764,0.6903154761904764
1738,train,CN(C)CCCNS(=O)(=O)c1ccc(Nc2nccc(n2)c3cnc4cccnn34)cc1,1.4,2.1903154761904764,0.7903154761904765
339,train,CS(=O)(=O)Cc1cc(nc(n1)c2cnc3[nH]ccc3c2)N4CCOCC4,1.92,2.1903154761904764,0.27031547619047647
3598,train,O=C1Nc2cc(ccc2C1c3ncnc4cc(OCCCN5CCOCC5)ccc34)C#N,2.99,2.1903154761904764,-0.7996845238095238
679,train,CC[C@H](NC(=O)c1c(N)c(nc2ccccc12)c3ccccc3)c4ccccc4,3.89,2.1903154761904764,-1.6996845238095237
2895,train,CC1=C(C(=O)c2cc(O)c(O)c(Cc3ccccc3)c2C1=O)C4=C(C)C(=O)c5c(Cc6ccccc6)c(O)c(O)cc5C4=O,2.73,2.1903154761904764,-0.5396845238095236
2022,train,O[C@@H](CNCCCSCCOCCc1ccccc1)c2ccc(O)c3NC(=O)Sc23,2.3,2.1903154761904764,-0.10968452380952343
2264,train,Nc1ncnc2c1nc(Sc3nc4cccc(Cl)c4s3)n2CCO,2.37,2.1903154761904764,-0.1796845238095237
164,train,FC(F)(F)c1nnc2ccc(nn12)N3CCCCC3,3.0,2.1903154761904764,-0.8096845238095236
2177,train,CN1C(=O)N(CC2CC2)c3nn(Cc4ccnc5ccc(Cl)cc45)c(c3C1=O)c6nc(cn6C)S(=O)(=O)C,2.64,2.1903154761904764,-0.44968452380952373
3835,train,CCOC(=O)Nc1ccc(NCc2ccc(F)cc2)nc1N,2.22,2.1903154761904764,-0.0296845238095238
226,train,Oc1c2C(=O)N(NC(=O)c2nc3cc(Cl)ccc13)C(C4CC4)c5ccncc5,0.7,2.1903154761904764,1.4903154761904764
2246,train,COc1ccc(CNC(=O)N(CC=C)C2CCN(CCC(c3ccccc3)c4ccccc4)CC2)cc1,3.6,2.1903154761904764,-1.4096845238095237
1624,train,NC(=O)c1cnc(N[C@H]2CCCNC2)c3cc(sc13)c4ccc(F)c(F)c4,2.17,2.1903154761904764,0.020315476190476467
3256,train,C[C@@](CCc1ccc(cc1)c2ccc(Cl)cc2)(C(=O)NO)S(=O)(=O)C,2.4,2.1903154761904764,-0.20968452380952352
3304,train,ONC(=O)[C@@H](Cc1ccc2ccccc2c1)NS(=O)(=O)c3ccc4ccccc4c3,3.23,2.1903154761904764,-1.0396845238095236
2808,train,CCCNC(=O)c1nnc2c(cccc2c1N)c3cnc(OC)nc3OC,3.26,2.1903154761904764,-1.0696845238095234
991,train,CC1=C(Cc2ccccc2)C(=O)n3nc(NCc4ccc(Cl)cc4)nc3N1,3.7,2.1903154761904764,-1.5096845238095238
1403,train,NC(=O)c1cccc(OC2CCN(CC3CC3)CC2)c1,0.49,2.1903154761904764,1.7003154761904764
971,train,Nc1cc(nc2ccc(Nc3cc(nc(N)n3)c4ccc(cc4)C(F)(F)F)cc12)c5ccc(F)cc5,1.54,2.1903154761904764,0.6503154761904764
2832,train,CS(=O)(=O)N1CC[C@@H](C1)N(Cc2ccccc2Cl)c3ccc(C#N)c(Cl)c3,4.0,2.1903154761904764,-1.8096845238095236
4162,train,OC(=O)COc1ccc(cc1c2ccccc2c3ccccc3)C(F)(F)F,1.38,2.1903154761904764,0.8103154761904765
1519,train,Cc1ccc(F)c(Nc2ccnc(Nc3ccc(cc3)S(=O)(=O)N)n2)c1,3.1,2.1903154761904764,-0.9096845238095237
3399,train,COc1ccccc1CNCc2ccc(CCNC[C@H](O)c3ccc(O)c4NC(=O)Sc34)cc2,0.15,2.1903154761904764,2.0403154761904765
1620,train,Nc1nc(OC2CCCC2)nc3c1ncn3[C@@H]4O[C@H](CF)[C@@H](O)[C@H]4O,1.5,2.1903154761904764,0.6903154761904764
1676,train,CC(NC(=O)C1(N)CCN(CC1)c2ncnc3[nH]ccc23)c4ccc(Cl)cc4,2.7,2.1903154761904764,-0.5096845238095238
4038,train,Nc1sc2CCCCc2c1C(=O)NCc3ccccc3,3.52,2.1903154761904764,-1.3296845238095236
2879,train,COc1cc2ncnc(Nc3cccc(Cl)c3F)c2cc1CN(C)[C@H](C)C(=O)N,3.44,2.1903154761904764,-1.2496845238095236
224,train,CN(C)c1nc(N[C@@H]2CC[C@@H](CC2)NC(=O)c3ccc(F)c(F)c3)nc4ccccc14,3.13,2.1903154761904764,-0.9396845238095235
1099,train,C1NC(Cc2ccccc12)c3ccccc3,1.9,2.1903154761904764,0.2903154761904765
317,train,CS(=O)(=O)NCC(NC(=O)C1(N)CCN(CC1)c2ncnc3[nH]ccc23)c4ccc(Cl)cc4,2.1,2.1903154761904764,0.09031547619047631
402,train,Cc1c(Sc2ccc(Cl)cc2)c3c(Cl)nccc3n1CC(=O)O,0.92,2.1903154761904764,1.2703154761904765
256,train,O=C1CCOc2nc(CCc3ccccc3)ccc12,2.5,2.1903154761904764,-0.3096845238095236
3422,train,COC(=O)C1=C(C)NC(=C([C@@H]1c2cccc3nonc23)C(=O)OC(C)C)C,3.77,2.1903154761904764,-1.5796845238095236
466,train,Nc1nc2ccc(F)cc2s1,2.2,2.1903154761904764,-0.009684523809523782
2111,train,COc1ccc2c(c1)[nH]c3c(C)nccc23,2.9,2.1903154761904764,-0.7096845238095235
556,train,C[C@H]1CN(Cc2cc(Cl)ccc2OC(C)(C)C(=O)O)CCN1S(=O)(=O)c3ccccc3,0.54,2.1903154761904764,1.6503154761904764
4050,train,C[C@@H](NC(=O)C1CCNCC1)c2ccc(Nc3ncc4cc(ccc4n3)c5ccncc5)cc2,0.4,2.1903154761904764,1.7903154761904765
2374,train,CCCc1c(O)c(ccc1OCc2cccc(NC(=O)Cc3ccccc3C(=O)O)c2)C(=O)C,2.95,2.1903154761904764,-0.7596845238095238
2830,train,CCN1C=C(C(=O)O)C(=O)c2cc(F)c(N3CCNC(C)C3)c(F)c12,-1.1,2.1903154761904764,3.2903154761904765
3357,train,Oc1c2C(=O)NNC(=O)c2nc3cc(Cl)cc(Cl)c13,0.89,2.1903154761904764,1.3003154761904763
4156,train,C[C@H](Nc1cncc(Nc2ncc(C)s2)n1)c3ncc(F)cn3,1.91,2.1903154761904764,0.2803154761904765
2501,train,CN(C)CC(O)COc1ccc(Nc2nccc(Nc3cc(Cl)ccc3Cl)n2)cc1,2.9,2.1903154761904764,-0.7096845238095235
3606,train,Cc1ccc(NC(=O)c2ccnc(c2)N3CCOCC3)cc1Nc4ccnc(Cl)n4,3.1,2.1903154761904764,-0.9096845238095237
311,train,Nc1nnc(c(N)n1)c2cccc(Cl)c2Cl,1.38,2.1903154761904764,0.8103154761904765
1042,train,Clc1cccc(Cl)c1c2nnc3cccc(Cl)n23,2.66,2.1903154761904764,-0.46968452380952375
3642,train,OC1(CNC(=O)c2cc(ccc2Cl)N3N=CC(=O)NC3=O)CCCCCC1,0.26,2.1903154761904764,1.9303154761904764
2973,train,CO[C@H]1CN(CCN2C(=O)C=Nc3ccc(OC)cc23)CC[C@H]1NCc4ccc5OCC(=O)Nc5n4,0.51,2.1903154761904764,1.6803154761904764
1664,train,NS(=O)(=O)NC(=O)CCCc1c([nH]c2ccc(cc12)C#N)c3ccc(F)cc3,1.95,2.1903154761904764,0.24031547619047644
1630,train,O=C1NC=Cc2nc(c3ccc(CN4CCC(CC4)c5n[nH]c(n5)c6ccccn6)cc3)c(cc12)c7ccccc7,3.9,2.1903154761904764,-1.7096845238095235
3989,train,Nc1ccc2c3ccccc3C(=O)c2c1,2.9,2.1903154761904764,-0.7096845238095235
3917,train,Cc1cc(F)ccc1OC2CCN(CC3CCN(CC3)[C@@](C)(Cc4ccc(F)cc4)C(=O)O)CC2,2.0,2.1903154761904764,0.1903154761904764
650,train,CN1C(=O)C=C(CCc2ccccc2)N=C1N,2.0,2.1903154761904764,0.1903154761904764
1063,train,Oc1c2C(=O)N(NC(=O)c2nc3cc(Cl)ccc13)C(C4CCCC4)c5ccccn5,1.9,2.1903154761904764,0.2903154761904765
1788,train,COc1cc(ccc1Nc2ncc(Cl)c(Oc3cccc(NC(=O)C=C)c3)n2)N4CCN(C)CC4,3.9,2.1903154761904764,-1.7096845238095235
1352,train,CCN(C1CCN(CCC(c2ccccc2)c3ccccc3)CC1)C(=O)Cc4ccc(cc4)S(=O)(=O)C,3.0,2.1903154761904764,-0.8096845238095236
870,train,CC(C)N1CCN[C@H](C1)C(=O)N2CCN(CC2)C(=O)Nc3ccc(Cl)c(Cl)c3,2.21,2.1903154761904764,-0.01968452380952357
3516,train,CCc1nc2c(N)nc3ccccc3c2n1Cc4ccccc4,3.29,2.1903154761904764,-1.0996845238095236
2426,train,COc1ccc(cc1OC2CCCC2)[C@@]3(CC[C@H](CC3)C(=O)O)C#N,0.76,2.1903154761904764,1.4303154761904764
2357,train,C[C@H](Cc1cccc(CC(=O)NC23CC4CC(CC(C4)C2)C3)c1)NC[C@H](O)c5ccc(O)c(CO)c5,2.4,2.1903154761904764,-0.20968452380952352
1216,train,COc1cc(ccc1Nc2ncc(C)c(n2)c3cnc4ccccn34)N5CCN(CC5)C(=O)C,2.9,2.1903154761904764,-0.7096845238095235
4166,train,NC1(CCN(CC1)c2ncnc3[nH]ccc23)C(=O)NC(CO)c4ccc(Cl)cc4,2.4,2.1903154761904764,-0.20968452380952352
1945,train,Fc1ccc(cc1)C(=O)C2CCN(CC2)C(=O)c3ccc(F)cc3,2.9,2.1903154761904764,-0.7096845238095235
261,train,CSCCC(NC(=O)c1sccc1Cl)c2nc3ccccc3[nH]2,3.69,2.1903154761904764,-1.4996845238095236
301,train,NC12CC3CC(CC(C3)C1)C2,-0.98,2.1903154761904764,3.1703154761904764
2229,train,COc1cccc(NC(=O)CC23CC4CC(CC(C4)C2)C3)c1C,4.21,2.1903154761904764,-2.0196845238095236
3548,train,COc1cc2c(Nc3ccc(Cl)cc3F)ncnc2cc1OCC4CCNCC4,1.1,2.1903154761904764,1.0903154761904763
3940,train,CCN1CCN(CC1)C(=O)c2cc3ccccc3[nH]2,1.95,2.1903154761904764,0.24031547619047644
813,train,NC1(CCC1)c2ccc(cc2)c3c(ccn4ncnc34)c5ccccc5,1.7,2.1903154761904764,0.49031547619047644
1451,train,CC[C@H]1CN(Cc2cc(Cl)ccc2OCC(=O)O)CCN1S(=O)(=O)c3ccccc3,0.44,2.1903154761904764,1.7503154761904764
1178,train,NC1=NC2(CCN(CC2)C(=O)c3ccc(nc3)C#N)Nc4c(F)ccc(F)c14,0.79,2.1903154761904764,1.4003154761904764
1031,train,Oc1ccc(CCNCCCCCCNC(=O)Nc2ccccc2)c3sc(O)nc13,1.26,2.1903154761904764,0.9303154761904764
1270,train,COc1cc(ccc1Cc2cn(C)c3ccc(NC(=O)CC4CCCC4)cc23)C(=O)O,2.0,2.1903154761904764,0.1903154761904764
675,train,C[C@H](NC1=NC(=O)C(C)(S1)C(F)(F)F)c2ccccc2F,3.1,2.1903154761904764,-0.9096845238095237
2539,train,CC(CO)(CO)Nc1nc(SCc2cccc(F)c2F)nc3nc(N)sc13,2.87,2.1903154761904764,-0.6796845238095237
266,train,COc1ccc2nccc([C@H](O)C3CC4CCN3CC4C=C)c2c1,2.16,2.1903154761904764,0.030315476190476254
1606,train,NC1(CCC1)c2ccc(cc2)c3nn4ccccc4c3c5ccccc5,3.2,2.1903154761904764,-1.0096845238095238
2514,train,Clc1ccc(OC2CCN(CC2)C3CCN(CC3)C(=O)NS(=O)(=O)c4ccccc4)cc1Cl,1.5,2.1903154761904764,0.6903154761904764
2925,train,Cc1c(Sc2ccc(Cl)cc2)c3ccc(Cl)cc3n1CC(=O)O,2.51,2.1903154761904764,-0.3196845238095234
215,train,O=C(NCCSCc1ccccc1)c2ccccc2,3.3,2.1903154761904764,-1.1096845238095234
1122,train,Cn1cnc(c2ccccc2)c1c3cc4c(N)ncnc4s3,2.94,2.1903154761904764,-0.7496845238095236
1717,train,C[C@H](NC(=O)c1c(C)nn(CC(F)(F)F)c1NS(=O)(=O)c2ccc(C)cc2)C(C)(C)C,0.93,2.1903154761904764,1.2603154761904762
1815,train,COc1cc2c(Nc3cccc(Cl)c3Cl)c(cnc2cc1NCCN(C)C)C(=O)N,3.41,2.1903154761904764,-1.2196845238095237
982,train,COc1ccc2cc(CCC(=O)C)ccc2c1,3.06,2.1903154761904764,-0.8696845238095237
2865,train,C[C@@H]1C2CCCC1(CCN2C)c3cccc(O)c3,0.52,2.1903154761904764,1.6703154761904764
193,train,CSc1ccc(cc1)N2C(=NC(=NC2(C)C)N)N,-0.84,2.1903154761904764,3.0303154761904763
749,train,CC(C)NC[C@@H](C(=O)N1CCN(CC1)c2ncnc3[C@H](O)C[C@@H](C)c23)c4ccc(Cl)cc4,1.3,2.1903154761904764,0.8903154761904764
50,train,OC(=O)c1ccc(NC(=O)c2cc(OCc3ccccc3F)cc(OCc4ccccc4F)c2)nc1,3.0,2.1903154761904764,-0.8096845238095236
3033,train,CC(=O)Nc1cc(CN2C(=O)N(C(=O)C2(C)C)c3ccc(SC(F)(F)F)cc3)ccn1,2.93,2.1903154761904764,-0.7396845238095238
3801,train,Cc1ccc([nH]1)C(=O)NC2CCN(CC2)c3cc(cc(Cl)n3)C(=O)N,2.64,2.1903154761904764,-0.44968452380952373
2719,train,Clc1ccccc1C(=O)NCC23CC4CC(CC(C4)C2)C3,4.05,2.1903154761904764,-1.8596845238095234
1732,train,CNC(=O)c1ccc(Oc2ccc3CCN(CCc3c2)C4CCC4)nc1,1.45,2.1903154761904764,0.7403154761904764
1292,train,Cn1c(Nc2ccc(cc2)C(F)(F)F)nc3cc(Oc4ccnc(c4)c5ncc([nH]5)C(F)(F)F)ccc13,3.45,2.1903154761904764,-1.2596845238095238
1306,train,CCOc1cccc(Nc2oc(nn2)C(=O)Nc3ccc(nc3)N4CCOCC4)c1,3.6,2.1903154761904764,-1.4096845238095237
3744,train,Fc1ccc(cc1F)C(=O)Nc2ccc(Cl)nc2,3.31,2.1903154761904764,-1.1196845238095237
3108,train,OC1CS(=O)(=O)CC1N2CCC(CC2)c3ccccc3,1.4,2.1903154761904764,0.7903154761904765
3712,train,NS(=O)(=O)c1cccc(Nc2nccc(Nc3c(Cl)ccc4OCOc34)n2)c1,2.97,2.1903154761904764,-0.7796845238095238
906,train,Fc1ccc(cc1)n2cc(C3CCNCC3)c4cc(Cl)ccc24,2.4,2.1903154761904764,-0.20968452380952352
3039,train,COc1ccc(cc1)c2nc3c(NCCCNC(=O)C4CCCC4)c(cnc3[nH]2)C(=O)N,3.13,2.1903154761904764,-0.9396845238095235
3796,train,Nc1nccc(n1)c2cc3C(=O)NC[C@H](CCF)c3[nH]2,0.51,2.1903154761904764,1.6803154761904764
350,train,CCC(CC)NC(=O)c1cnn(c1NS(=O)(=O)c2ccc(C)cc2)c3ccccc3Cl,0.65,2.1903154761904764,1.5403154761904765
2526,train,N[C@H](CNC(=O)c1cc2c(cccc2[nH]1)c3ccccc3Cc4ccccc4)C(=O)O,3.25,2.1903154761904764,-1.0596845238095236
2978,train,OC[C@H](O)CN1C(=O)C(Cc2ccccc12)NC(=O)c3cc4cc(Cl)ccc4[nH]3,3.4,2.1903154761904764,-1.2096845238095235
2496,train,CCCC1=CC(=CC(=O)N1Cc2ccc(cc2)c3ccccc3c4nn[nH]n4)OCc5ccccc5,2.4,2.1903154761904764,-0.20968452380952352
3423,train,COc1cc(F)ccc1c2cncc(CNC(=O)C3CCC3)c2,3.2,2.1903154761904764,-1.0096845238095238
965,train,Cc1ccc(cc1)C(=O)N2CCC(CC2)C(=O)c3ccc(Cl)cc3,3.79,2.1903154761904764,-1.5996845238095236
1706,train,OC(=O)C(N1CCC(CC1)N2CCC(CC2)Oc3ccc(Cl)c(Cl)c3)c4ccccc4,2.23,2.1903154761904764,-0.039684523809523586
2988,train,CCN1C(=O)N(CC)c2[nH]c(nc2C1=O)c3ccccc3,3.3,2.1903154761904764,-1.1096845238095234
3547,train,CN[C@@H](C)C(=O)N[C@@H](C1CCCCC1)C(=O)N[C@H]2CCCN(CCc3ccc(F)cc3)C2,2.39,2.1903154761904764,-0.19968452380952373
394,train,COCCNCc1cccc(CCNC[C@H](O)c2ccc(O)c3NC(=O)Sc23)c1,0.01,2.1903154761904764,2.1803154761904766
3951,train,COc1cccc(OC)c1c2ccc(C[C@H](NC(=O)c3c(Cl)cccc3Cl)C(=O)O)cc2,-0.27,2.1903154761904764,2.4603154761904764
3307,train,CC(C)CNc1nc(nc(N2CCOCC2)c1N)C#N,2.79,2.1903154761904764,-0.5996845238095236
2479,train,CN(c1ccnc(Nc2cc(nc(c2)N3CCOCC3)N4CCOCC4)n1)c5cc(CO)ccc5C,3.44,2.1903154761904764,-1.2496845238095236
4034,train,COc1cc(OC2CCN(C)CC2)c3c(Nc4cccc5OCCOc45)ncnc3c1,2.26,2.1903154761904764,-0.06968452380952339
375,train,CCCN[C@H]1CCc2nc(N)sc2C1,3.15,2.1903154761904764,-0.9596845238095235
219,train,C(CN1CCCCC1)C2CCc3cc(OCc4ccc(cc4)c5ccccc5)ccc3C2,3.3,2.1903154761904764,-1.1096845238095234
2672,train,COc1ccccc1Oc2ccc(cc2)N(Cc3cccnc3)S(=O)(=O)CC(F)(F)F,1.5,2.1903154761904764,0.6903154761904764
977,train,Oc1ncc(NCc2ccccc2)c(O)n1,0.82,2.1903154761904764,1.3703154761904766
1167,train,Cc1onc(C(=O)N)c1C(=O)Nc2nccs2,1.63,2.1903154761904764,0.5603154761904765
3049,train,COc1cc(OC)cc(c1)C2=CC=C(NC(=O)OCc3ccccc3)C(=O)N2CC(=O)NC(C(C)C)C(=O)C(F)(F)F,2.26,2.1903154761904764,-0.06968452380952339
451,train,Nc1n[nH]cc1c2cc(ccc2Oc3cc(F)c(cc3Cl)S(=O)(=O)Nc4cscn4)C(F)(F)F,2.65,2.1903154761904764,-0.4596845238095235
1043,train,CNCCCN1c2ccccc2CCc3ccccc13,1.24,2.1903154761904764,0.9503154761904764
2366,train,Nc1ncnc2c1c(COc3cccc(Cl)c3)nn2C4CCOCC4,3.17,2.1903154761904764,-0.9796845238095235
1453,train,CC[C@H](CO)Nc1nc(SCc2ccccc2)nc3NC(=O)Sc13,3.22,2.1903154761904764,-1.0296845238095238
3361,train,NS(=O)(=O)c1ccc2C(=CNC(=O)c2c1)C(=O)NC[C@@H](O)CN3CCC(CC3)Oc4ccc(Cl)c(Cl)c4,2.17,2.1903154761904764,0.020315476190476467
2259,train,NC(=O)c1cccc(C[C@@H]2C[C@H]3CC[C@@H](C2)N3Cc4ccccc4)c1,1.11,2.1903154761904764,1.0803154761904763
1400,train,CC(C)C(NC(=O)CN1C(=O)C(=CC=C1c2ccccc2)NC(=O)NCc3cccnc3)C(=O)C(F)(F)F,2.84,2.1903154761904764,-0.6496845238095235
1402,train,Nc1n[nH]c2c(Cl)cccc12,1.7,2.1903154761904764,0.49031547619047644
502,train,Cc1ccc(cc1NC(=O)c2ccc(OCc3ccccn3)cc2)c4cn(C)c(C)n4,2.71,2.1903154761904764,-0.5196845238095236
3767,train,OC1=NC(=O)C(N1)(c2ccccc2)c3ccccc3,2.41,2.1903154761904764,-0.21968452380952375
927,train,CC1Nc2cc(Cl)c(cc2C(=O)N1c3ccccc3C)S(=O)(=O)N,1.64,2.1903154761904764,0.5503154761904765
26,train,COc1cnc(nc1N(C)C)c2ccccn2,1.9,2.1903154761904764,0.2903154761904765
1300,train,CN1C(=O)CC(C)(CCc2cccc(c2)c3ccccc3)N=C1N,2.03,2.1903154761904764,0.1603154761904766
2664,train,COc1cc2ncnc(Nc3ccc(F)c(Cl)c3)c2cc1OC,3.67,2.1903154761904764,-1.4796845238095235
4168,train,Oc1ccc(cc1)[N+](=O)[O-],1.5,2.1903154761904764,0.6903154761904764
401,train,CN[C@@H](C)C(=O)N[C@@H](C1CCCCC1)C(=O)N[C@H]2CCN(CCc3ccccc3)C2,1.65,2.1903154761904764,0.5403154761904765
1327,train,OC(=O)CCCc1ccc(cc1)N(CCCl)CCCl,1.47,2.1903154761904764,0.7203154761904764
683,train,Cc1ccc(cc1)n2c(C)cc(C(=O)NS(=O)(=O)c3ccc(C)cc3)c2C,2.5,2.1903154761904764,-0.3096845238095236
785,train,CC(C)NCC(O)COc1cccc2[nH]ccc12,-0.12,2.1903154761904764,2.3103154761904765
332,train,CCNc1nc(Nc2ccccc2)nc(n1)C#N,3.11,2.1903154761904764,-0.9196845238095235
3349,train,CCCCNc1ccc(cc1)C(=O)OCCN(C)C,2.11,2.1903154761904764,0.08031547619047652
46,train,CC(Nc1ncnc2ccccc12)c3ccccc3,3.4,2.1903154761904764,-1.2096845238095235
1912,train,OCCO[C@H]1C[C@H]([C@H](O)[C@@H]1O)n2nnc3c(N[C@@H]4C[C@H]4c5ccc(F)c(F)c5)nc(SCCC(F)(F)F)nc23,4.17,2.1903154761904764,-1.9796845238095235
579,train,CCc1nc2c(N)nc3ccccc3c2n1CCCCNS(=O)(=O)C,1.24,2.1903154761904764,0.9503154761904764
3196,train,CN(C)C(=O)C1(CCN(CC[C@H](CN(C)C(=O)c2cc(cc3ccccc23)C#N)c4ccc(Cl)c(Cl)c4)CC1)N5CCCCC5=O,2.52,2.1903154761904764,-0.3296845238095236
2593,train,COC1(CCOCC1)c2cc(F)cc(OCc3ccc4N(C)C(=O)C=Cc4c3)c2,3.52,2.1903154761904764,-1.3296845238095236
4041,train,CC(C)COCC(CN(Cc1ccccc1)c2ccccc2)N3CCCC3,3.66,2.1903154761904764,-1.4696845238095237
278,train,NC(=O)N1c2ccccc2CC(=O)c3ccccc13,1.28,2.1903154761904764,0.9103154761904764
426,train,CC(C)C(NC(=O)CN1C(=O)C(=CN=C1c2cccs2)NC(=O)OCc3ccccc3)C(=O)C(F)(F)F,2.02,2.1903154761904764,0.17031547619047638
3840,train,COC(=O)C1=C(C)NC(=C(C1c2ccccc2[N+](=O)[O-])C(=O)OCC(C)C)C,3.59,2.1903154761904764,-1.3996845238095235
327,train,CC(C)N1CCN(Cc2oc(nc2)c3cc(cc4[nH]ncc34)c5cccc6[nH]ccc56)CC1,3.49,2.1903154761904764,-1.2996845238095238
2047,train,CS(=O)(=O)Nc1cccc(NC(=O)CN2CCN([C@H](Cc3ccccc3)C2)C(=O)C[C@H](N)Cc4ccc(F)c(F)c4)c1,2.06,2.1903154761904764,0.13031547619047634
1195,train,CN(C)C1=C(C)N(C)N(C1=O)c2ccccc2,0.78,2.1903154761904764,1.4103154761904764
3432,train,CN(C)C(=O)c1ccc(CN2CCC(CC2)c3ccc(cc3)C(=O)Nc4ccccc4N)cc1,1.53,2.1903154761904764,0.6603154761904764
2368,train,OCc1ccc2ccn(c3cc(NC4CC4)n5ncc(C#N)c5n3)c2c1,3.09,2.1903154761904764,-0.8996845238095235
603,train,COc1cccc(Nc2oc(nn2)C(=O)Nc3ccc(nc3)N4CCOCC4)c1,2.8,2.1903154761904764,-0.6096845238095234
1077,train,Cc1ccc(cc1NC(=O)c2ccc(OCc3ccccn3)cc2)c4c[nH]c(C)n4,2.97,2.1903154761904764,-0.7796845238095238
13,train,CCCSc1ncccc1C(=O)N2CCCC2c3ccncc3,1.95,2.1903154761904764,0.24031547619047644
1186,train,CC1(CCC(=O)N1Cc2cccs2)C(=O)NC3CCCCC3,2.15,2.1903154761904764,0.040315476190476485
3788,train,CCN1C2=NC(=O)N(C)C(=O)C2=Cc3ccccc13,1.1,2.1903154761904764,1.0903154761904763
975,train,Cc1ccc(COC(=O)N2CCC(CNc3ncccn3)CC2)cc1,3.6,2.1903154761904764,-1.4096845238095237
3882,train,CC(C)n1c(C)ncc1c2ccnc(Nc3ccc(cc3)C(=O)NC4CCN(C)CC4)n2,1.87,2.1903154761904764,0.3203154761904763
1423,train,Clc1n[nH]c2cccc(Nc3ccnc(Nc4cc(cc(c4)N5CCOCC5)N6CCOCC6)n3)c12,2.78,2.1903154761904764,-0.5896845238095234
3941,train,C[C@H]1O[C@H]([C@H](O)[C@@H]1O)n2cnc3c(N)nc(Oc4ccccc4)nc23,1.05,2.1903154761904764,1.1403154761904764
3010,train,CC(C)n1c(C)ncc1c2ccnc(Nc3ccc(cc3)C(=O)NC4CC4)n2,3.06,2.1903154761904764,-0.8696845238095237
3768,train,C[C@H](Nc1ncc(F)c(Nc2cc([nH]n2)C3CC3)n1)c4ccc(F)cn4,3.14,2.1903154761904764,-0.9496845238095237
1015,train,FC(F)(F)c1cccc2c3CN(CCc3[nH]c12)C(=O)[C@@H]4CCCC[C@H]4C(=O)NC5(CC5)C#N,3.75,2.1903154761904764,-1.5596845238095236
1708,train,Clc1ccccc1CNC(=O)c2ccccc2Oc3ccccc3,3.58,2.1903154761904764,-1.3896845238095237
1849,train,CC1=CN([C@H]2CCCN(C2)[C@@H](CC(C)(C)C)c3ccc(C(=O)O)c(Oc4cccc(Br)c4)c3)C(=O)NC1=O,1.12,2.1903154761904764,1.0703154761904763
1020,train,CN1CCN(CC1)C(=O)[C@@H]2CCCC[C@H]2C(=O)NCC#N,-0.1,2.1903154761904764,2.2903154761904765
3067,train,CCN(C1CCN(CC[C@H](c2ccc(cc2)S(=O)(=O)C)c3cc(F)cc(F)c3)CC1)C(=O)Cc4ccc(cc4)S(=O)(=O)C,2.2,2.1903154761904764,-0.009684523809523782
3883,train,NS(=O)(=O)c1cccc2c3nc(O)c(O)nc3cc(c12)[N+](=O)[O-],0.36,2.1903154761904764,1.8303154761904765
4131,train,CCOc1ccccc1N2CCN(Cc3c[nH]nc3c4ccc(F)cc4)CC2,3.38,2.1903154761904764,-1.1896845238095235
3281,train,Cn1cnc(c2ccccc2)c1c3nc4c(N)ncnc4s3,2.69,2.1903154761904764,-0.49968452380952355
3698,train,Clc1ccc2Oc3ccccc3N=C(N4CCNCC4)c2c1,2.28,2.1903154761904764,-0.08968452380952341
1618,train,CC(NC(=O)c1cc(O)nc2ccccc12)c3ccccc3,2.2,2.1903154761904764,-0.009684523809523782
1757,train,O=C1C(=O)c2cccnc2c3ccccc13,1.88,2.1903154761904764,0.3103154761904765
3433,train,COC1=CC=C2C(=CC1=O)[C@H](CCc3cc(OC)c(OC)c(OC)c23)NC(=O)C,0.82,2.1903154761904764,1.3703154761904766
1700,train,O=C(Nc1ccccc1)c2ccccc2,2.8,2.1903154761904764,-0.6096845238095234
2443,train,COc1ccc(cc1)N2CCN(CC2)C(=O)[C@@H]3CCCC[C@H]3C(=O)NC4(CC4)C#N,1.74,2.1903154761904764,0.4503154761904764
352,train,Cc1cc2cc(C)c3nnc(SCC(=O)N4CCN(CC4)C(=O)c5occc5)n3c2cc1C,2.8,2.1903154761904764,-0.6096845238095234
1000,train,NC(=O)c1cccc(O[C@H]2C[C@H]3CC[C@@H](C2)N3Cc4ccccc4)c1,1.61,2.1903154761904764,0.5803154761904763
1456,train,Fc1cccc(COc2cc(OCCCN3CCCC3)ccc2C(=O)Nc4ccccc4)c1,3.67,2.1903154761904764,-1.4796845238095235
3319,train,CN1[C@@H]2CC[C@H]1C[C@H](C2)OC(=O)C(O)c3ccccc3,-1.29,2.1903154761904764,3.4803154761904764
1887,train,CCCC(=O)NCc1cncc(c1)c2ccc(F)cc2OC,2.9,2.1903154761904764,-0.7096845238095235
1748,train,CN(C)CCNC(=O)c1ccc(Nc2ncc3cc(ccc3n2)c4ccncc4)cc1,2.29,2.1903154761904764,-0.09968452380952364
2990,train,Clc1ccc(cc1)S(=O)(=O)NC(=O)N2CCC(CC2)N3CCC(CC3)Oc4ccc(Cl)c(Cl)c4,2.59,2.1903154761904764,-0.39968452380952346
3345,train,CN[C@@H](C)C(=O)N[C@@H](C1CCCCC1)C(=O)N(C)[C@H]2CCCN(CCc3ccccc3)C2,2.34,2.1903154761904764,-0.14968452380952346
1033,train,COc1ccccc1S(=O)(=O)NC(=O)N2CCC(CC2)N3CCC(CC3)Oc4ccc(Cl)c(Cl)c4,0.89,2.1903154761904764,1.3003154761904763
1446,train,COCCC(=O)NC(C)c1ccc(Nc2ncc3cc(ccc3n2)c4ccncc4)cc1,2.98,2.1903154761904764,-0.7896845238095236
2091,train,NC(=O)c1cnc(N[C@H]2CCCNC2)c3cc(sc13)c4ccc(Cl)cc4,2.78,2.1903154761904764,-0.5896845238095234
1461,train,CC(C)NCCCOc1ccc(NC(=O)C)cc1CC=C,-0.01,2.1903154761904764,2.200315476190476
1052,train,CN([C@@H]1CCN(Cc2ccc(nc2)C(F)(F)F)C[C@@H]1F)C(=O)Cc3ccc(cc3)n4cnnn4,1.8,2.1903154761904764,0.39031547619047635
2699,train,CC(C)OC(=O)N1CCC(CC1)Oc2ncnc(Oc3ccc(cc3F)S(=O)(=O)C)c2C,3.7,2.1903154761904764,-1.5096845238095238
3236,train,CN1CCN(CC1)[C@@H]2C[C@@H](C2)c3nc(c4ccc5ccc(nc5c4)c6ccccc6)c7c(N)nccn37,3.2,2.1903154761904764,-1.0096845238095238
2436,train,OCCN(CCO)c1nc(N2CCCCC2)c3nc(nc(N4CCCCC4)c3n1)N(CCO)CCO,3.97,2.1903154761904764,-1.7796845238095238
1881,train,C[C@@H](Oc1cccc2ncnc(Nc3ccc(OCc4ccccn4)c(Cl)c3)c12)C(=O)N(C)CCO,3.56,2.1903154761904764,-1.3696845238095237
2604,train,Clc1ccc2nsnc2c1NC3=NCCN3,0.71,2.1903154761904764,1.4803154761904764
1657,train,COc1cccc(c1)C(COCc2cc(cc(c2)C(F)(F)F)C(F)(F)F)N3CCNCC3,3.1,2.1903154761904764,-0.9096845238095237
2508,train,Cc1c(Sc2ccc(Cl)cc2)c3c(cccc3n1CC(=O)O)c4cnccn4,0.03,2.1903154761904764,2.1603154761904766
520,train,CC(=O)c1ccc(nc1)N2CCN(CC2)S(=O)(=O)C[C@]34CC[C@H](CC3=O)C4(C)C,2.21,2.1903154761904764,-0.01968452380952357
2121,train,Clc1ccc2C(=O)C3=C(Nc2c1)C(=O)NN(Cc4ccncc4)C3=O,-0.16,2.1903154761904764,2.3503154761904765
3678,train,NS(=O)(=O)c1ccc(Nc2nccc(n2)c3cnc4ccccn34)cc1,2.7,2.1903154761904764,-0.5096845238095238
790,train,CC(C)CN1C(=O)N(C)C(=O)c2c1sc(Cc3ccccc3C(F)(F)F)c2C(=O)N4CCCCC4,4.07,2.1903154761904764,-1.8796845238095239
142,train,Cc1ccc(cc1NC(=O)c2ccc(OCc3ccccn3)cc2)c4nccn4C,2.83,2.1903154761904764,-0.6396845238095237
3206,train,Clc1ccc2oc3C(=O)NC(=Nc3c2c1)[C@@H]4CCCN4,2.01,2.1903154761904764,0.1803154761904766
1096,train,Nc1cccc2C(=O)C(=O)c3ccccc3c12,2.31,2.1903154761904764,-0.11968452380952366
536,train,Oc1ccc(cc1)C2=Cc3ccc(O)cc3OC2=O,2.9,2.1903154761904764,-0.7096845238095235
3640,train,Cn1c(ccc1c2cc(F)c3NC(=O)C(C)(C)c3c2)C#N,3.21,2.1903154761904764,-1.0196845238095236
648,train,CNC(=O)c1ccc(Oc2ccc(cc2)C#C[C@]3(O)CN4CCC3CC4)cc1,1.99,2.1903154761904764,0.2003154761904764
3480,train,CCCNC(=O)c1nnc2c(cccc2c1N)c3ccccc3,3.8,2.1903154761904764,-1.6096845238095234
2899,train,Cc1cc(CN2CCC2)cnc1c3ccc(cc3)C(=O)Nc4ccccc4N,1.18,2.1903154761904764,1.0103154761904765
2102,train,O[C@@H](CNCCSCCCNCCc1cccc(Cl)c1)c2ccc(O)c3NC(=O)Sc23,0.98,2.1903154761904764,1.2103154761904764
2015,train,C1CN=C(N1)c2ccc3ccccc3n2,0.6,2.1903154761904764,1.5903154761904763
961,train,COc1cc(ccc1Cn2ccc3ccc(cc23)C(=O)NCC4CCCC4)C(=O)NS(=O)(=O)c5ccccc5,1.93,2.1903154761904764,0.26031547619047646
1739,train,Nc1c2CCCCc2nc3ccccc13,0.38,2.1903154761904764,1.8103154761904765
3185,train,CC(=O)Nc1ccccc1C,1.0,2.1903154761904764,1.1903154761904764
3943,train,COc1cc(Nc2ncc(C)s2)nc(N[C@@H](C)c3ncc(F)cn3)n1,2.99,2.1903154761904764,-0.7996845238095238
1136,train,Oc1ccccc1CCC(=O)Nc2ccccc2,2.71,2.1903154761904764,-0.5196845238095236
2858,train,Fc1cccc(COc2ccc(Nc3ncnc4ccc(cc34)c5cccc(c5)N6CCOCC6)cc2Cl)c1,3.2,2.1903154761904764,-1.0096845238095238
2156,train,CC(C)c1c(O)c(O)c(C=O)c2c(O)c(c(C)cc12)c3c(C)cc4c(C(C)C)c(O)c(O)c(C=O)c4c3O,2.75,2.1903154761904764,-0.5596845238095236
1587,train,CC(C)N1CCN(Cc2cnc(c3ccc(cc3)C(=O)Nc4ccccc4N)c(c2)C#N)CC1,1.28,2.1903154761904764,0.9103154761904764
1722,train,Clc1ccccc1CNC(=O)c2cccnc2Oc3ccccc3,3.68,2.1903154761904764,-1.4896845238095238
3886,train,COc1ccc(COc2nc(Br)cnc2NS(=O)(=O)c3ccc(C)cc3)cc1OCCN(C)C,1.68,2.1903154761904764,0.5103154761904765
3102,train,C[C@H](NC(=O)C)c1ccc(Nc2ncc3cc(ccc3n2)c4ccncc4)cc1,3.17,2.1903154761904764,-0.9796845238095235
2404,train,CCN(CC)CCNc1ncnc2c1sc3nc(N4CCOCC4)c5CCCCc5c23,3.3,2.1903154761904764,-1.1096845238095234
3848,train,NCC[C@@H](Sc1cc(Cl)ccc1C#N)c2ccccc2,1.26,2.1903154761904764,0.9303154761904764
2958,train,C[C@H](Nc1nc(Nc2cc(C)[nH]n2)cnc1C#N)c3ncc(F)cn3,1.96,2.1903154761904764,0.23031547619047643
1342,train,Fc1ccc(CC2=NNC(=O)c3ccccc23)cc1N4C(=O)CCC4=O,1.0,2.1903154761904764,1.1903154761904764
2276,train,COc1ccc(F)c(F)c1C(=O)c2cnc(NC3CCN(CC3)S(=O)(=O)C)nc2N,2.08,2.1903154761904764,0.11031547619047632
2068,train,CC(C)n1c(C)ncc1c2ccnc(Nc3ccc(F)cc3)n2,3.62,2.1903154761904764,-1.4296845238095237
1680,train,CC[C@H](NC(=O)c1c(O)c(nc2ccccc12)c3ccccc3)c4ccccc4,3.91,2.1903154761904764,-1.7196845238095237
4111,train,NNCCc1ccccc1,-0.01,2.1903154761904764,2.200315476190476
1482,train,CN(c1ccnc(Nc2cc(cc(c2)S(=O)(=O)C)N3CCOCC3)n1)c4cc(CO)ccc4C,2.9,2.1903154761904764,-0.7096845238095235
903,train,O=C1C(=O)c2ccccc2c3ccccc13,2.6,2.1903154761904764,-0.4096845238095237
1724,train,Cc1cc(OCCCS(=O)(=O)C)cc(C)c1c2cccc(COc3ccc4[C@H](CC(=O)O)COc4c3)c2,2.3,2.1903154761904764,-0.10968452380952343
1652,train,CN(c1ccnc(Nc2cc(cc(c2)N3CCOCC3)N4CCOCC4)n1)c5cc(CO)ccc5C,2.94,2.1903154761904764,-0.7496845238095236
2792,train,COc1cc(OC)c(cc1NC(=O)C)S(=O)(=O)N2C(C)Cc3ccccc23,1.95,2.1903154761904764,0.24031547619047644
2308,train,Cc1ccc(cc1NC(=O)c2ccc(OCc3ccccn3)cc2)c4ccc(N)nn4,2.47,2.1903154761904764,-0.2796845238095238
1060,train,CN1CCCCC1CCN2c3ccccc3Sc4ccc(cc24)[S+](C)[O-],1.6,2.1903154761904764,0.5903154761904763
3692,train,Oc1ccc(cc1)c2sc3cc(O)ccc3c2C(=O)c4ccc(OCCN5CCCCC5)cc4,4.13,2.1903154761904764,-1.9396845238095235
3669,train,C[C@H]1O[C@H]([C@H](O)[C@@H]1O)n2cnc3c(N)nc(OC4CCC(F)(F)CC4)nc23,1.42,2.1903154761904764,0.7703154761904765
3322,train,Cn1c(CN2CCC(CC2)c3ccccc3)nc4ccccc14,3.6,2.1903154761904764,-1.4096845238095237
1332,train,Oc1cc(OCc2ccccc2)ccn1,1.69,2.1903154761904764,0.5003154761904764
1805,train,Clc1ccc(cc1Cl)C2=CSC3=NCCN23,1.54,2.1903154761904764,0.6503154761904764
2798,train,CCO[C@@H]1OC(=O)C[C@@H]1NC(=O)[C@@H]2CCCN3N2C(=O)[C@H](CCC3=O)NC(=O)c4nccc5ccccc45,1.16,2.1903154761904764,1.0303154761904765
3857,train,NC1=NC(c2cccc(c2)c3cncnc3)(c4ccnc(c4)C(F)(F)F)c5cccc(F)c15,3.4,2.1903154761904764,-1.2096845238095235
2281,train,Nc1nc(NCc2ccccc2)nc3c1nc(O)n3Cc4ccccc4,3.69,2.1903154761904764,-1.4996845238095236
1878,train,OC(=O)c1ccc(Nc2ncc(Br)c(Nc3ccccc3)n2)cc1,1.65,2.1903154761904764,0.5403154761904765
4017,train,Cc1[nH]c(C(=O)NC2CCN(CC2)c3ncc(s3)C(=O)O)c(Cl)c1Cl,0.02,2.1903154761904764,2.1703154761904764
3291,train,CSc1ncccc1C(=O)NCCc2ccc(Cl)cc2,3.31,2.1903154761904764,-1.1196845238095237
643,train,NS(=O)(=O)c1ccc(CCNc2ccc3nnc(c4ccccc4)n3n2)cc1,2.19,2.1903154761904764,0.00031547619047644915
3721,train,OC(=O)[C@H](Cc1ccc(Cl)cc1)N2CCC(CN3CCC(CC3)Oc4ccc(Cl)c(Cl)c4)CC2,2.86,2.1903154761904764,-0.6696845238095235
529,train,CN(c1ccnc(Nc2cc(CN3CCOCC3)cc(c2)N4CCOCC4)n1)c5cc(CO)ccc5C,3.0,2.1903154761904764,-0.8096845238095236
4078,train,FC(F)(F)c1ccc(NC(=O)N2CCN(C[C@@H]3CCCN(C3)C4CC4)CC2)cc1Cl,4.06,2.1903154761904764,-1.8696845238095232
3799,train,O=C(Nc1ccc(cc1)N2CCOCC2)c3oc(Nc4ccccc4)nn3,3.15,2.1903154761904764,-0.9596845238095235
130,train,Cc1ccc(cc1)S(=O)(=O)NC(=O)N2CCC(CC2)N3CCC(CC3)Oc4ccc(Cl)cc4Cl,1.52,2.1903154761904764,0.6703154761904764
3471,train,Fc1ccc2c3CN(CCc3[nH]c2c1)C(=O)[C@@H]4CCCC[C@H]4C(=O)NC5(CC5)C#N,2.99,2.1903154761904764,-0.7996845238095238
1114,train,CC(C)NC(=O)c1ccc(C)c(c1)N2C=Nc3ccc(cc3C2=O)N4CCN(C)CC4,1.56,2.1903154761904764,0.6303154761904763
983,train,C[C@@H]1CN(CCN1C(=O)[C@@H]2CCCC[C@H]2C(=O)NC3(CC3)C#N)c4ccc5c(C)noc5c4,2.67,2.1903154761904764,-0.47968452380952353
3449,train,CC(C)CN1C(=O)N(C)C(=O)c2c1sc(Cc3ccccc3C(F)(F)F)c2C(=O)N4CC=CC4,3.53,2.1903154761904764,-1.3396845238095234
3823,train,O[C@@H](CNCCCSCCNCCc1cccc(Cl)c1)c2ccc(O)c3NC(=O)Sc23,1.06,2.1903154761904764,1.1303154761904763
857,train,CCc1cccc(c1)N(C)C(=N)Nc2cccc3ccccc23,1.57,2.1903154761904764,0.6203154761904763
970,train,[O-][N+](=O)c1cc(ccc1NCCSc2ccccc2)S(=O)(=O)NC(=O)c3ccc(cc3)N4CCNCC4,-0.04,2.1903154761904764,2.2303154761904764
3514,train,CN1C(=O)N(CC2CC2)c3nn(Cc4cn(C)c5ccc(Cl)cc45)c(c6cc(oc6C)S(=O)(=O)C)c3C1=O,4.48,2.1903154761904764,-2.289684523809524
346,train,CC(C)Oc1cc(OCCc2cccnc2)cc(c1)C(=O)Nc3ccc(cn3)C(=O)O,0.81,2.1903154761904764,1.3803154761904763
120,train,COc1cc2ncc(C(=O)N)c(Nc3cccc(Cl)c3F)c2cc1OC,3.6,2.1903154761904764,-1.4096845238095237
1113,train,C[C@H]1O[C@H]([C@H](O)[C@@H]1O)n2cnc3c(N)nc(OCC45CC6CC(CC(C6)C4)C5)nc23,3.58,2.1903154761904764,-1.3896845238095237
1532,train,COc1ccc(N(C(C(=O)NC[C@@H](C)O)c2ccccc2F)C(=O)c3occc3CO)c(OC)c1,1.37,2.1903154761904764,0.8203154761904763
1029,train,C(=C\c1nn[nH]n1)/c2ccccc2,-0.4,2.1903154761904764,2.5903154761904763
30,train,CS(=O)(=O)C1(CC1)c2cc(nc(n2)c3cccc4[nH]ccc34)N5CC6CCC(C5)O6,2.6,2.1903154761904764,-0.4096845238095237
2053,train,CN(C(=O)N1CCC(CC1)N2CCC(CC2)Oc3ccc(Cl)c(Cl)c3)S(=O)(=O)c4ccc(C)cc4,4.49,2.1903154761904764,-2.299684523809524
292,train,CC1CN(C(=O)c2ccccc2)c3ccccc3NC1=O,1.73,2.1903154761904764,0.4603154761904764
1939,train,CC(=O)Nc1ccc2ccn(c3cc(NCCCN4CCCC4)n5ncc(C#N)c5n3)c2c1,1.87,2.1903154761904764,0.3203154761904763
1981,train,Fc1cccc(COc2ccc3C(=O)CCOc3c2)c1,3.4,2.1903154761904764,-1.2096845238095235
2039,train,COc1cc2ncnc(Nc3ccccc3)c2cc1OC,3.04,2.1903154761904764,-0.8496845238095236
2133,train,NC(=N)NC(=O)c1nc(Cl)c(NCc2ccncc2)nc1N,-0.51,2.1903154761904764,2.700315476190476
3120,train,CCCSc1ncccc1C(=O)N(C)C2CCOCC2,1.63,2.1903154761904764,0.5603154761904765
3050,train,COc1cc2c(Nc3ncc(NC(=O)c4ccccc4)cn3)ncnc2cc1OCCCN5CCOCC5,2.32,2.1903154761904764,-0.12968452380952344
2069,train,COc1ccc2C(=NC(=O)N(CCN3CCC(CC3)NCc4cc5OCCOc5cn4)c2c1)C,0.29,2.1903154761904764,1.9003154761904764
722,train,CS(=O)(=O)Cc1cc(nc(n1)c2cccc3cc[nH]c23)N4CCOCC4,2.8,2.1903154761904764,-0.6096845238095234
173,train,CSc1ncccc1C(=O)Nc2nccs2,1.43,2.1903154761904764,0.7603154761904765
1338,train,O=C(NC1(CC1)C#N)[C@@H]2CCCC[C@H]2C(=O)N3CCN(CC3)c4nc5cnccc5s4,1.66,2.1903154761904764,0.5303154761904765
2891,train,Cc1oc(nc1CCOc2ccc(C[C@H](Nc3ccccc3C(=O)c4ccccc4)C(=O)O)cc2)c5ccccc5,3.5,2.1903154761904764,-1.3096845238095236
3216,train,CCN(C1CCN(CCC(c2ccccc2)c3ccc(NC(=O)C(C)(C)C)cc3)CC1)C(=O)Cc4ccc(cc4)S(=O)(=O)C,2.98,2.1903154761904764,-0.7896845238095236
978,train,COc1cc(ccc1Nc2ccccc2C(=O)O)c3ccc(Nc4ccccc4C(=O)O)c(OC)c3,1.8,2.1903154761904764,0.39031547619047635
1375,train,Cn1c(SCc2c(Cl)cccc2Cl)nnc1c3ccc4nonc4c3,3.35,2.1903154761904764,-1.1596845238095237
2115,train,COc1ccccc1CNCCc2cccc(CCNC[C@H](O)c3ccc(O)c4NC(=O)Sc34)c2,0.91,2.1903154761904764,1.2803154761904763
91,train,Cc1cc(CCCOc2c(Cl)cc(cc2Cl)C3=NCCO3)on1,3.72,2.1903154761904764,-1.5296845238095238
2910,train,COc1ncc(cc1NS(=O)(=O)c2ccc(F)cc2F)c3ccc4nccc(c5ccnnc5)c4c3,2.5,2.1903154761904764,-0.3096845238095236
2314,train,CCCC(=O)Nc1ccc2c3ccccc3C(=O)C(=O)c2c1,2.81,2.1903154761904764,-0.6196845238095237
3795,train,C[C@@H]1CN(CCN1c2ncc(OCc3ccc(cn3)S(=O)(=O)C)cn2)C(=O)OC(C)(C)C,3.0,2.1903154761904764,-0.8096845238095236
2285,train,CN(CCOc1ccc(C[C@H](Nc2ccccc2C(=O)c3ccccc3)C(=O)O)cc1)c4oc5ccccc5n4,2.47,2.1903154761904764,-0.2796845238095238
3631,train,CC(=O)Nc1ccc2c(c1)c(cn2CCC(=O)O)c3cc(NC4CC4)n5ncc(C#N)c5n3,-0.87,2.1903154761904764,3.0603154761904765
2147,train,CCS(=O)(=O)c1ccc(c(F)c1)c2cc(Cl)ccc2OCC(=O)O,-0.92,2.1903154761904764,3.1103154761904763
2731,train,O=C(NCC12CC3CC(CC(C3)C1)C2)c4ccccc4,4.21,2.1903154761904764,-2.0196845238095236
1918,train,CC1(C)[C@@H]2CC[C@@]1(CS(=O)(=O)N3CCN(CC3)c4ccc(cn4)C(F)(F)F)C(=O)C2,3.8,2.1903154761904764,-1.6096845238095234
1867,train,CC(C)C(NC(=O)CN1C(=O)C(=CC=C1c2ccccc2)NC(=O)OCc3ccncc3)C(=O)C(F)(F)F,2.41,2.1903154761904764,-0.21968452380952375
2939,train,CNC(=O)C1(CCN(CC[C@H](CN(C)C(=O)c2c(OC)c(cc3ccccc23)C#N)c4ccc(Cl)c(Cl)c4)CC1)N5CCCNC5=O,2.2,2.1903154761904764,-0.009684523809523782
1289,train,CN1CCC[C@H]1c2ccccn2,0.44,2.1903154761904764,1.7503154761904764
1617,train,COc1ccc2OCC(=O)N(CCN3CCC(CC3)NCc4cc5OCCOc5cn4)c2c1,1.24,2.1903154761904764,0.9503154761904764
2718,train,NC1=CC2=NNC(=O)N2c3cc(ccc13)c4occc4,2.48,2.1903154761904764,-0.2896845238095236
3372,train,Oc1ncnc2onc(c3ccc(F)cc3)c12,1.97,2.1903154761904764,0.22031547619047642
147,train,Oc1ccc(cc1)N2C=Nc3cc(O)ccc3C2=O,1.6,2.1903154761904764,0.5903154761904763
2612,train,CCCCNc1nc(SCCC)nc2c1nnn2[C@@H]3C[C@H](CO)[C@@H](O)[C@H]3O,3.07,2.1903154761904764,-0.8796845238095234
1840,train,OCC(CO)CN1C(=O)C(Cc2ccccc12)NC(=O)c3cc4cc(Cl)sc4[nH]3,3.56,2.1903154761904764,-1.3696845238095237
1272,train,NS(=O)(=O)c1ccc(Nc2nccc(Nc3c(Cl)ccc4OCOc34)n2)cc1,2.7,2.1903154761904764,-0.5096845238095238
738,train,CS(=O)(=O)c1ccc2c3CN(CCc3[nH]c2c1)C(=O)[C@@H]4CCCC[C@H]4C(=O)NC5(CC5)C#N,1.5,2.1903154761904764,0.6903154761904764
2746,train,N#Cc1cnn2c(NC3CC3)cc(nc12)c4cccs4,2.88,2.1903154761904764,-0.6896845238095235
1477,train,CN1CCN(CC1)c2ccc3N=CN(C(=O)c3c2)c4cc(NC(=O)c5ccccc5F)ccc4C,2.75,2.1903154761904764,-0.5596845238095236
2972,train,CN1C(=O)N(CC2CC2)c3nn(Cc4ccnc5ccc(Cl)cc45)c(c6oc(cc6C)C#N)c3C1=O,4.34,2.1903154761904764,-2.1496845238095235
608,train,COc1ccc(cc1)C(=O)C2CCN(CC2)C(=O)c3occc3,2.42,2.1903154761904764,-0.22968452380952353
1205,train,CSCc1cc(nc(n1)c2ccccc2)N3CCOCC3,3.26,2.1903154761904764,-1.0696845238095234
2919,train,COc1cccc(NC(=O)c2cccc(Cc3c(C)nn(CCO)c3c4ccccc4)c2)c1,4.29,2.1903154761904764,-2.0996845238095236
2790,train,OC(=O)\C=C\c1cccc(c1)c2cnc3[nH]ccc3c2,0.58,2.1903154761904764,1.6103154761904763
1929,train,[O-][N+](=O)c1cccc2ccc(nc12)C(Cl)(Cl)Cl,3.7,2.1903154761904764,-1.5096845238095238
2509,train,C(Oc1ccccc1)C2CNCCO2,0.2,2.1903154761904764,1.9903154761904764
1072,train,CNc1nc(C)c(s1)c2nc(Nc3cccc(c3)N4CCCN(CC4)C(=O)C)ncc2C#N,3.2,2.1903154761904764,-1.0096845238095238
452,train,Fc1ccc(cc1C#N)S(=O)(=O)NCC(N2CCCCCC2)c3ccccc3,2.71,2.1903154761904764,-0.5196845238095236
2006,train,CCCSc1nc(ccc1C(=O)NC2CCCCC2)N3CCC[C@H](CC(=O)O)C3,2.18,2.1903154761904764,0.010315476190476236
585,train,Nc1ncnc2sc(nc12)c3c(ncn3C[C@H]4CCCO4)c5ccccc5,2.65,2.1903154761904764,-0.4596845238095235
1854,train,Nc1nc2ccc(cc2[nH]1)C(=O)c3ccccc3,2.29,2.1903154761904764,-0.09968452380952364
2776,train,CN1CCN(CC1)c2ccc3N=CN(C(=O)c3c2)c4cc(NC(=O)C5CC5)ccc4C,2.17,2.1903154761904764,0.020315476190476467
52,train,OC(=O)CCC[C@H]1[C@@H](Cc2ccccc12)NC(=O)c3cc4cc(F)ccc4[nH]3,1.95,2.1903154761904764,0.24031547619047644
3207,train,CN[C@@H](C)C(=O)N[C@H](C(=O)N[C@H]1CCCN(C1)S(=O)(=O)Cc2ccccc2)C(C)(C)C,0.78,2.1903154761904764,1.4103154761904764
2451,train,CN(C)c1cccc(c1)C(=O)Nc2ccc(C)c(NC(=O)c3ccc(O)cc3)c2,2.65,2.1903154761904764,-0.4596845238095235
3909,train,CC(C)Oc1cc(OCCN2CCN(CC2)C(=O)C)cc3ncnc(Nc4c(F)ccc5OCOc45)c13,3.06,2.1903154761904764,-0.8696845238095237
858,train,CC[S+]([O-])c1ncccc1C2(O)CCN(CC34CC(c5ccccc35)c6ccccc46)CC2,2.0,2.1903154761904764,0.1903154761904764
926,train,Cn1nc(cc1NC(=O)Nc2ccc(Cl)cc2)C(C)(C)C,3.97,2.1903154761904764,-1.7796845238095238
3893,train,COc1cc(ccc1Nc2ncc(Cl)c(n2)c3cnc4ccccn34)C(CO)CO,3.1,2.1903154761904764,-0.9096845238095237
3239,train,CN(C)CCCN1c2ccccc2Sc3ccccc13,2.56,2.1903154761904764,-0.36968452380952366
1689,train,CN1CCC[C@H]1CCN2CCCc3cc(NC(=N)c4cccs4)ccc23,0.37,2.1903154761904764,1.8203154761904763
1773,train,NC(=O)c1cnc(N[C@H]2CCCNC2)c3cc(sc13)c4ccc(F)cc4,2.01,2.1903154761904764,0.1803154761904766
3398,train,CC(C)CN1C(=O)N(C)C(=O)c2c1sc(Cc3ccnc4ccc(F)cc34)c2C(=O)N5CC[C@@H](O)C5,1.95,2.1903154761904764,0.24031547619047644
1544,train,Fc1cc(Oc2ccc(cc2c3ccnnc3)C(F)(F)F)c(Cl)cc1S(=O)(=O)Nc4nncs4,1.15,2.1903154761904764,1.0403154761904765
2755,train,O=C(CN1CCOCC1)Nc2ccc(cc2c3ccccc3)c4cccc5C(=O)C=C(Oc45)N6CCOCC6,3.4,2.1903154761904764,-1.2096845238095235
3411,train,NS(=O)(=O)c1cc(cc(N2CCCC2)c1Oc3ccccc3)C(=O)O,-0.94,2.1903154761904764,3.1303154761904763
1727,train,CN1CCN(CC1)C(=O)c2cc3cc(C)ccc3[nH]2,2.22,2.1903154761904764,-0.0296845238095238
3635,train,COCCNC(=O)c1ccc(Nc2ncc3cc(ccc3n2)c4ccncc4OC)cc1,3.14,2.1903154761904764,-0.9496845238095237
100,train,CC1=CN([C@H]2CCCN(C2)S(=O)(=O)c3ccc(O)c(Oc4ccccc4)c3)C(=O)NC1=O,1.49,2.1903154761904764,0.7003154761904764
444,train,CC(C)(C)OC(=O)N1CCN(CC1)c2ncc(OCc3ccncc3)cn2,3.4,2.1903154761904764,-1.2096845238095235
4020,train,CC(C)c1ccc(Sc2cnc(O)c(c2)C(=O)NCc3ccccc3)cc1,3.7,2.1903154761904764,-1.5096845238095238
3266,train,CC[C@@H](CO)Nc1nc(SCc2ccccc2)nc3nc(N)sc13,2.99,2.1903154761904764,-0.7996845238095238
1308,train,Fc1ccc(CN2CCN(CC2)[C@H](c3ccc(cc3)C(=O)N4CCC4)c5cccc(NC(=O)C6CC6)c5)cc1,3.58,2.1903154761904764,-1.3896845238095237
3061,train,NC(=O)c1c(N)sc2CCCCc12,1.84,2.1903154761904764,0.3503154761904763
234,train,CC[C@H](NC(=O)c1c([S+](C)[O-])c(nc2ccccc12)c3ccc(F)cc3)c4ccccc4,3.72,2.1903154761904764,-1.5296845238095238
483,train,NCc1nc2ccccc2[nH]1,0.4,2.1903154761904764,1.7903154761904765
3250,train,CC(C)C(NC(=O)CN1C(=O)C(=CC=C1c2ccccc2)NS(=O)(=O)c3cccc(NC(=O)C)c3)C(=O)C(F)(F)F,2.43,2.1903154761904764,-0.23968452380952376
3417,train,CC(=O)c1noc(C)c1C(=O)Nc2nccs2,1.94,2.1903154761904764,0.25031547619047645
1962,train,Clc1c(NCC2CCNCC2)nccc1C(=O)NCC34CC5CC(CC(C5)C3)C4,0.6,2.1903154761904764,1.5903154761904763
3762,train,SC1=Nc2[nH]cnc2C(=O)N1,-1.48,2.1903154761904764,3.6703154761904764
1391,train,CN[C@@H](C)C(=O)N[C@@H](C1CCCCC1)C(=O)N2CC[C@H]3CCN(CCc4ccccc4)C[C@@H]23,2.47,2.1903154761904764,-0.2796845238095238
1846,train,CC(C)Cc1ccc(cc1)C(C)C(=O)NS(=O)(=O)C,0.78,2.1903154761904764,1.4103154761904764
2423,train,CNc1cccc(CCOc2ccc(C[C@H](NC(=O)c3ccccc3Cl)C(=O)O)cc2)n1,-0.31,2.1903154761904764,2.5003154761904764
2540,train,C[C@@H](Oc1ccc(SCCCCCc2ccccc2)cc1)C(=O)c3nc(C)c(CCCC(=O)O)s3,3.58,2.1903154761904764,-1.3896845238095237
2655,train,Fc1ccccc1c2ccc3c(c2)C(=O)C(=O)c4ccccc34,2.92,2.1903154761904764,-0.7296845238095235
3562,train,CN(C)S(=O)(=O)c1ccc(CC(=O)N(C)C2CCN(CCC(c3ccccc3)c4ccccc4)CC2)cc1,3.5,2.1903154761904764,-1.3096845238095236
2363,train,OC(=O)[C@H](Cc1ccc(OCCNc2ccccn2)cc1)NC(=O)c3c(Cl)cccc3Cl,-0.48,2.1903154761904764,2.6703154761904764
2254,train,O=C(CCN1CCCCC1)Nc2ccc(C3=CC=CN4C(=O)C=C(N=C34)N5CCOCC5)c6sc7ccccc7c26,2.9,2.1903154761904764,-0.7096845238095235
1737,train,CS(=O)(=O)c1cccc2c3CN(CCc3[nH]c12)C(=O)[C@@H]4CCCC[C@H]4C(=O)NC5(CC5)C#N,1.7,2.1903154761904764,0.49031547619047644
273,train,NS(=O)(=O)c1nc2ccccc2s1,1.35,2.1903154761904764,0.8403154761904763
3164,train,CN(C)CCCC1(OCc2cc(ccc12)C#N)c3ccc(F)cc3,1.56,2.1903154761904764,0.6303154761904763
3838,train,Cc1nc(NC(=N)N)nc2ccccc12,-0.49,2.1903154761904764,2.6803154761904766
2559,train,COc1cc(Nc2cc(Oc3cc(C)c(C)nc3c4ccccn4)ccn2)cc(OC)c1OC,3.22,2.1903154761904764,-1.0296845238095238
515,train,O=C(Nc1nnn[nH]1)C2=CC(=C3C=CC=CN3C2=O)Oc4ccccc4,0.67,2.1903154761904764,1.5203154761904765
2613,train,CN[C@@H](C)C(=O)N[C@H](C(=O)N[C@H]1CCCN(CCc2ccccn2)C1)C(C)(C)C,-0.55,2.1903154761904764,2.740315476190476
1176,train,CCC(CC)n1nc(C)c(C(=O)N[C@@H](C)C(C)(C)C)c1NS(=O)(=O)c2ccc(C)cc2,1.88,2.1903154761904764,0.3103154761904765
1037,train,CC(C)CN1C(=O)N(C)C(=O)c2c1sc(Oc3cccc4ccccc34)c2C(=O)N5CC[C@@H](O)C5,2.87,2.1903154761904764,-0.6796845238095237
1761,train,CCc1cccc2c3CCOC(CC)(CC(=O)O)c3[nH]c12,0.49,2.1903154761904764,1.7003154761904764
2698,train,CC(C)C[C@@H](CO)NS(=O)(=O)c1ccc(Cl)s1,2.8,2.1903154761904764,-0.6096845238095234
433,train,CC(C)(C)c1cc2nc3C(=O)N(Cc4ccccc4)Cc3c(O)n2n1,1.9,2.1903154761904764,0.2903154761904765
410,train,CN(C)CCCN1c2ccccc2CCc3ccccc13,2.49,2.1903154761904764,-0.2996845238095238
2581,train,CNCc1cccc(c1)c2ccc3c(nc(nc3n2)N4C[C@@H](C)O[C@@H](C)C4)N5CCOCC5,1.26,2.1903154761904764,0.9303154761904764
3138,train,O=C(Nc1ccc(nc1)N2CCOCC2)c3oc(Nc4cccc(OCc5cccnc5)c4)nn3,3.3,2.1903154761904764,-1.1096845238095234
1324,train,Fc1ccc2cn[nH]c2c1,2.3,2.1903154761904764,-0.10968452380952343
388,train,C[C@]1(CCSC(=N1)N)c2cc(c(F)cc2F)c3cncnc3,0.8,2.1903154761904764,1.3903154761904764
2070,train,COC(=O)C1C(CC2CCC1N2C)OC(=O)c3ccccc3,1.06,2.1903154761904764,1.1303154761904763
4077,train,COc1cc(ccc1Nc2ncc(Cl)c(n2)c3cnc4ccccn34)N5CCN(CC5)C(=O)C,3.65,2.1903154761904764,-1.4596845238095235
3339,train,Clc1ccc2OCOc2c1Nc3ccnc(Nc4cc(cc(c4)N5CCOCC5)N6CCOCC6)n3,3.25,2.1903154761904764,-1.0596845238095236
1987,train,C[C@H](NC(=O)C1(N)CCN(CC1)c2ncnc3[nH]ccc23)c4ccc(Cl)cc4,2.67,2.1903154761904764,-0.47968452380952353
2846,train,CN1CCc2cc(Cl)c(O)cc2[C@H](C1)c3ccccc3,2.5,2.1903154761904764,-0.3096845238095236
3314,train,COc1ccc2COC(=O)N(CCN3CCC(CC3)NCc4ccc5OCC(=O)Nc5n4)c2c1,0.5,2.1903154761904764,1.6903154761904764
2639,train,O[C@H]1CN(CCN2C(=O)C=Cc3ccc(cc23)C#N)CC[C@H]1NCc4cc5OCCOc5cn4,0.45,2.1903154761904764,1.7403154761904764
183,train,CCOc1ccccc1c2ccc(cc2)c3nc4ccc(F)cc4c(N[C@H](C)C(=O)O)c3C#N,2.5,2.1903154761904764,-0.3096845238095236
169,train,COc1cc2c(Nc3ccc(Cl)cc3F)ncnc2cc1OCCn4cncn4,3.2,2.1903154761904764,-1.0096845238095238
2136,train,CCC[C@@H](CNC(=O)c1nc(Cl)c(N)nc1N)[N+](C)(C)CCCc2ccc(OC)cc2,0.4,2.1903154761904764,1.7903154761904765
500,train,O[C@@H](CNCCSCCCNCCc1cccc(c1)C(F)(F)F)c2ccc(O)c3NC(=O)Sc23,1.21,2.1903154761904764,0.9803154761904764
2720,train,Nc1nccc(n1)c2cccs2,1.75,2.1903154761904764,0.4403154761904764
1884,train,C[C@@H]1CN(CCN1c2ncc(OCc3ccc(cc3C#N)S(=O)(=O)C)cn2)C(=O)OC(C)(C)C,3.3,2.1903154761904764,-1.1096845238095234
3403,train,CS(=O)(=O)c1ccc2[nH]c3CCN(Cc3c2c1)C(=O)[C@@H]4CCCC[C@H]4C(=O)NC5(CC5)C#N,1.5,2.1903154761904764,0.6903154761904764
1387,train,NC(=O)c1cc2ccccc2nc1N,1.07,2.1903154761904764,1.1203154761904763
409,train,CC(C)(F)C[C@H](N[C@@H](c1ccc(cc1)c2ccc(cc2)S(=O)(=O)C)C(F)(F)F)C(=O)NC3(CC3)C#N,2.9,2.1903154761904764,-0.7096845238095235
2433,train,CN1CCC(=CC1)c2cccc(O)c2,0.53,2.1903154761904764,1.6603154761904764
3545,train,CN1CCN(CC1)c2ccc3ncc(C(=O)N)c(Nc4ccc(Cl)cc4Cl)c3c2,3.23,2.1903154761904764,-1.0396845238095236
3181,train,CCN1CCC[C@H]1CNC(=O)c2cc(Br)cc(OC)c2OC,1.2,2.1903154761904764,0.9903154761904764
3530,train,CC1(CC(=O)NC(=N1)N)c2ccc(Cl)c(Cl)c2,1.59,2.1903154761904764,0.6003154761904763
2561,train,COc1ccccc1CN(C(=O)C)c2cnccc2Oc3ccccc3,3.0,2.1903154761904764,-0.8096845238095236
2534,train,Cc1ccc(cc1NC(=O)c2ccc(OCc3ccccn3)cc2)c4ncc(CN5CCOCC5)s4,3.1,2.1903154761904764,-0.9096845238095237
3112,train,CCCCCc1ccc(cc1)c2nnc(N)s2,4.13,2.1903154761904764,-1.9396845238095235
2600,train,CS(=O)(=O)c1ccc(cc1)[C@@H](CC2CCCC2)C(=O)Nc3nccs3,3.86,2.1903154761904764,-1.6696845238095235
1920,train,COc1cc2ncc(C(=O)N)c(Nc3cc(C)ccc3F)c2cc1OC,3.16,2.1903154761904764,-0.9696845238095237
3466,train,O[C@H](CNC(=O)c1cccc(c1)C#N)CN2CCC(CC2)Oc3ccc(Cl)c(Cl)c3,3.48,2.1903154761904764,-1.2896845238095236
2754,train,CCC(N(CCCN)C(=O)c1ccc(C)cc1)C2=Nc3sccc3C(=O)N2Cc4ccccc4,2.06,2.1903154761904764,0.13031547619047634
1299,train,CN1C(=O)N(C)c2ncn(CC(O)CO)c2C1=O,-1.25,2.1903154761904764,3.4403154761904764
1341,train,Fc1ccc(cc1)c2cn3ccccc3n2,3.1,2.1903154761904764,-0.9096845238095237
3736,train,CN(C)CCC=C1c2ccccc2COc3ccccc13,2.15,2.1903154761904764,0.040315476190476485
2386,train,S(c1ccccc1)c2ccc3ccccc3n2,3.92,2.1903154761904764,-1.7296845238095235
2693,train,Cc1nc(Nc2ncc(s2)C(=O)Nc3c(C)cccc3Cl)cc(n1)N4CCN(CCO)CC4,3.41,2.1903154761904764,-1.2196845238095237
210,train,Cc1ccc2c(n1)c(Sc3ccc(Cl)cc3)c(C)n2CC(=O)O,0.35,2.1903154761904764,1.8403154761904763
7,train,CNc1cccc(CCOc2ccc(C[C@H](NC(=O)c3c(Cl)cccc3Cl)C(=O)O)cc2C)n1,0.34,2.1903154761904764,1.8503154761904763
940,train,CCC1=C(C)CN(C(=O)NCCc2ccc(cc2)S(=O)(=O)NC(=O)N[C@@H]3CC[C@@H](C)CC3)C1=O,1.73,2.1903154761904764,0.4603154761904764
678,train,Nc1ccc(cc1)S(=O)(=O)N2CCCC2,0.98,2.1903154761904764,1.2103154761904764
1598,train,CCOC(=O)Nc1cccc(c1)[C@H](N2CCN(Cc3c[nH]c(C)n3)CC2)c4ccc(cc4)C(=O)N(C)CC,2.11,2.1903154761904764,0.08031547619047652
294,train,O[C@@H](CNCCCSCCNCCc1cccc(Cl)c1Cl)c2ccc(O)c3NC(=O)Sc23,1.74,2.1903154761904764,0.4503154761904764
347,train,Cn1c(nc2ccccc12)c3ccc(O)nc3,1.2,2.1903154761904764,0.9903154761904764
1663,train,OC[C@@H](NC(=O)C(Cl)Cl)[C@H](O)c1ccc(cc1)[N+](=O)[O-],1.15,2.1903154761904764,1.0403154761904765
3821,train,Cc1cc(C)nc(SCC(=O)N)n1,0.23,2.1903154761904764,1.9603154761904764
2257,train,Cc1ccc(CN2C(=O)CCSc3ccc(Cl)cc23)cc1,3.7,2.1903154761904764,-1.5096845238095238
2125,train,COc1cccc(c1)S(=O)(=O)c2c(C)n(CC(=O)O)c3ccc(C)cc23,-0.42,2.1903154761904764,2.6103154761904763
3264,train,CC1=C(Oc2c(cccc2C1=O)C(=O)OCCN3CCCCC3)c4ccccc4,3.42,2.1903154761904764,-1.2296845238095235
1098,train,CCOC(=O)Nc1cccc(c1)[C@H](N2CCN(Cc3cccnc3)CC2)c4ccc(cc4)C(=O)N5CCC5,3.02,2.1903154761904764,-0.8296845238095236
4187,train,CN1CCC[C@@H]([C@H]1C(=O)Nc2ccc(OCc3cc(C)nc4ccccc34)cc2)C(=O)NO,2.41,2.1903154761904764,-0.21968452380952375
2921,train,COc1cc(OC)cc(c1)c2cc3cnc(N)nc3nc2N,2.14,2.1903154761904764,0.05031547619047627
2529,train,CCCN(CCO)CCCOc1ccc2c(Nc3cc(CC(=O)Nc4cccc(F)c4F)[nH]n3)ncnc2c1,2.19,2.1903154761904764,0.00031547619047644915
187,train,CC(CN1CCCCC1)C(=O)c2ccc(C)cc2,1.65,2.1903154761904764,0.5403154761904765
2872,train,Brc1cnc(Nc2cccc(NC(=O)N3CCCC3)c2)nc1NCCCNC(=O)c4cccs4,4.13,2.1903154761904764,-1.9396845238095235
1022,train,Clc1cc(Cl)cc(c1)S(=O)(=O)NCC(N2CCCCCC2)c3ccccc3,3.36,2.1903154761904764,-1.1696845238095235
963,train,O[C@@H](CNCCCOCCNCCc1cccc(Cl)c1)c2ccc(O)c3NC(=O)Sc23,-0.03,2.1903154761904764,2.220315476190476
3879,train,C[C@H](NC1=NC(=O)[C@](C)(S1)C(F)(F)F)c2ccccc2F,3.1,2.1903154761904764,-0.9096845238095237
1201,train,COC[C@H](C)Oc1cc(Oc2cc(F)cc(F)c2)cc(c1)C(=O)Nc3ccc(cn3)C(=O)O,1.36,2.1903154761904764,0.8303154761904763
349,train,OCCCn1c(NC(=O)c2cccc(c2)[N+](=O)[O-])nc3ccccc13,3.0,2.1903154761904764,-0.8096845238095236
2930,train,O=C1N2CCS(=O)(=O)C2=Nc3ccccc13,0.8,2.1903154761904764,1.3903154761904764
1605,train,COc1cc(ccc1Nc2ncc(Cl)c(n2)c3cnc4ccccn34)N5CC6CN(CCO)CC(C5)O6,2.5,2.1903154761904764,-0.3096845238095236
1106,train,OCC(=O)N1CCC[C@@H]1COc2cccc3ncnc(Nc4ccc(OCc5ccccn5)c(Cl)c4)c23,3.71,2.1903154761904764,-1.5196845238095236
2828,train,CN(C1CCN(Cc2nc3cc(F)ccc3s2)CC1)C(=O)Cc4ccc(cc4)n5cnnn5,2.85,2.1903154761904764,-0.6596845238095237
3335,train,CCN(C1CCN(CC[C@@H](c2ccc(F)cc2)c3ccc(cc3)S(=O)(=O)C)CC1)C(=O)Cc4ccc(cc4)S(=O)(=O)C,1.88,2.1903154761904764,0.3103154761904765
715,train,CC(C)c1nc2ccccc2n1c3nc(N4CCOCC4)c5nc(OC6CN(C6)C7CCS(=O)(=O)CC7)n(C)c5n3,2.9,2.1903154761904764,-0.7096845238095235
623,train,CCN(CC)c1ccc(cc1)c2nn3c(nnc3s2)c4[nH]nc5CCCc45,3.37,2.1903154761904764,-1.1796845238095237
1570,train,CCN(CC)CC(=O)Nc1c(cnn1c2ccccc2)C#N,0.4,2.1903154761904764,1.7903154761904765
2862,train,CCCSc1nc(ccc1C(=O)NC2CCCCC2)N3CCC(CC3)C(=O)O,1.6,2.1903154761904764,0.5903154761904763
3874,train,Nc1c(NC2CCCCC2)nc(nc1N3CCOCC3)C#N,2.81,2.1903154761904764,-0.6196845238095237
3215,train,C[C@@H]1CN(CCN1c2ncc(OCc3ccncc3C#N)cn2)c4noc(n4)C(F)F,2.85,2.1903154761904764,-0.6596845238095237
3154,train,Nc1nc2nc(SCc3cccc(F)c3F)nc(O)c2s1,2.5,2.1903154761904764,-0.3096845238095236
3191,train,Cc1ccc(cc1NC(=O)c2ccc(OCc3ccccn3)cc2)c4[nH]cnc4C,2.87,2.1903154761904764,-0.6796845238095237
1269,train,COc1ncc2C=CC(=O)N(CCN3CCC(CC3)NCc4cc5OCCOc5cn4)c2n1,0.2,2.1903154761904764,1.9903154761904764
1864,train,CC(C)CN1C(=O)N(C)C(=O)c2c1sc(Cc3c[nH]c4ncccc34)c2C(=O)N5CC[C@@H](O)C5,1.71,2.1903154761904764,0.48031547619047643
3498,train,CSc1nc2cc(Cl)ccc2[nH]1,3.22,2.1903154761904764,-1.0296845238095238
968,train,OC(=O)CO[C@H]1[C@@H](Cc2ccccc12)NC(=O)c3cc4sc(Cl)c(Cl)c4[nH]3,1.38,2.1903154761904764,0.8103154761904765
3809,train,Cn1cc(cc1c2c3C(=O)N(CC#CCn4cncn4)C(=O)N(CC5CC5)c3nn2Cc6ccnc7ccc(Cl)cc67)C#N,3.43,2.1903154761904764,-1.2396845238095238
3532,train,O=C1O[C@]2(CN3CCC2CC3)CN1c4cccs4,0.9,2.1903154761904764,1.2903154761904765
2445,train,CC(C)c1ccc2[nH]c3CCN(Cc3c2c1)C(=O)[C@@H]4CCCC[C@H]4C(=O)NC5(CC5)C#N,4.1,2.1903154761904764,-1.9096845238095232
3660,train,N[C@@H](Cc1cccs1)C(=O)N[C@]2(C[C@H]2c3ccccc3)C#N,1.5,2.1903154761904764,0.6903154761904764
2630,train,CNc1nc(C)c(s1)c2nc(Nc3cccc(c3)N4CCNCC4)ncc2C#N,1.9,2.1903154761904764,0.2903154761904765
1696,train,FC(F)(F)c1ccc(cc1)S(=O)(=O)NCC(N2CCCCCC2)c3ccccc3,4.29,2.1903154761904764,-2.0996845238095236
4106,train,CN(C)C(=O)[C@H](Cc1ccccc1)NC(=O)c2cc3ccsc3[nH]2,3.1,2.1903154761904764,-0.9096845238095237
1932,train,CN(C)c1ccccc1S(=O)(=O)NC(=O)N2CCC(CC2)N3CCC(CC3)Oc4ccc(Cl)c(Cl)c4,1.74,2.1903154761904764,0.4503154761904764
3811,train,COc1cc(cc(OC)c1OC)C(=O)NCc2ccc(OCCN(C)C)cc2,0.74,2.1903154761904764,1.4503154761904764
1472,train,COc1ccc2nc(C)cc(c2c1)n3cc(CN4CCN(CC4)C(=O)C)nn3,1.3,2.1903154761904764,0.8903154761904764
2033,train,Clc1ccc(cc1C(=O)NCCc2ccccc2)N3N=CC(=O)NC3=O,0.74,2.1903154761904764,1.4503154761904764
229,train,CCCCc1ncc(\C=C(/Cc2cccs2)\C(=O)O)n1Cc3ccc(cc3)C(=O)O,-0.9,2.1903154761904764,3.0903154761904763
3389,train,CC(=O)N1CCOc2nc(OCc3ccccc3)ccc12,2.4,2.1903154761904764,-0.20968452380952352
1223,train,Clc1ccc2ncc(c3cccc(NC4CNC4)n3)n2c1,1.19,2.1903154761904764,1.0003154761904764
35,train,CN(C)c1ccnc2sc(C(=O)NCc3ccccc3)c(N)c12,3.62,2.1903154761904764,-1.4296845238095237
458,train,CCCSc1nc2ccc(NC(=O)CCC(=O)O)cc2s1,0.5,2.1903154761904764,1.6903154761904764
3459,train,COc1ccc2ncc(F)c(CCN3CCC(CC3)NCc4ccc5OCC(=O)Nc5n4)c2n1,1.78,2.1903154761904764,0.41031547619047637
3041,train,[O-][N+](=O)c1ccc2[nH]c(nc2c1)c3ccccn3,2.8,2.1903154761904764,-0.6096845238095234
357,train,C[C@@H](Oc1cccc2ncnc(Nc3ccc(OCc4ccccn4)c(Cl)c3)c12)C(=O)N(C)C,3.67,2.1903154761904764,-1.4796845238095235
1597,train,COc1ccc(Cl)cc1NC(=O)Nc2cnccn2,3.63,2.1903154761904764,-1.4396845238095235
1480,train,COCCNS(=O)(=O)c1ccc(Nc2nccc(n2)c3cnc4cccnn34)cc1,2.8,2.1903154761904764,-0.6096845238095234
1488,train,Cc1nc(C)c(nc1C(=O)N)c2ccc(cc2)C34CCC(CC(=O)O)(CC3)CC4,1.6,2.1903154761904764,0.5903154761904763
1703,train,CCN1CCO[C@@H](CN2CCN(CC2)C(=O)Nc3ccc(Cl)c(Cl)c3)C1,2.68,2.1903154761904764,-0.48968452380952376
3979,train,CCC(=O)N1CCN(CC1)C(=O)c2cc(CC3=NNC(=O)c4ccccc34)ccc2F,1.22,2.1903154761904764,0.9703154761904764
3211,train,Cc1nc(C)c(nc1C(=O)N)c2ccc([C@@H]3CC[C@@H](CC(=O)O)CC3)c(Cl)c2,1.8,2.1903154761904764,0.39031547619047635
1702,train,CCCNC(=O)NS(=O)(=O)c1ccc(Cl)cc1,-0.33,2.1903154761904764,2.5203154761904765
253,train,Cc1ccc2c(c1)c(c(C)n2CC(=O)O)c3ccnc4cc(Cl)ccc34,1.59,2.1903154761904764,0.6003154761904763
3048,train,CC(C)N1C(=O)N(C)C(=O)c2c1sc(Cc3ccccc3C(F)(F)F)c2C(=O)N4CCS(=O)(=O)C4,2.55,2.1903154761904764,-0.3596845238095234
2300,train,CCOc1ccc(cc1)N2C(=O)c3cccnc3N=C2[C@@H](C)N(Cc4cccnc4)C(=O)Cc5ccc(OC(F)(F)F)cc5,3.7,2.1903154761904764,-1.5096845238095238
1009,train,COc1ccc(cc1OC)C(=O)Nc2cc(NC(=O)c3cccc(c3)N(C)C)ccc2Br,3.49,2.1903154761904764,-1.2996845238095238
1408,train,CN([C@H]1CCN(Cc2ccc(cc2)C(F)(F)F)C[C@H]1F)C(=O)Cc3ccc(cc3)n4cnnn4,3.3,2.1903154761904764,-1.1096845238095234
3616,train,COc1cc2ncnc(Nc3cccc(Cl)c3F)c2cc1CN4CCC[C@H]4CC(=O)N,2.64,2.1903154761904764,-0.44968452380952373
3337,train,CC1(C)CNC(=O)c2sc(nc2C1)N3CCOCC3,1.29,2.1903154761904764,0.9003154761904764
3219,train,CCCCc1nc2c(N)nc3ccccc3c2n1CC(C)C,3.82,2.1903154761904764,-1.6296845238095234
3246,train,Nc1c(Nc2ccccc2)nc(nc1N3CCOCC3)C#N,2.72,2.1903154761904764,-0.5296845238095238
3210,train,CC(C)n1c(C)ncc1c2nc(Nc3ccc(C(=O)NC4CCN(C)CC4)c(F)c3)ncc2F,2.41,2.1903154761904764,-0.21968452380952375
3742,train,COc1cc2OC[C@H]3Oc4c5C[C@@H](Oc5ccc4C(=O)[C@H]3c2cc1OC)C(=C)C,3.57,2.1903154761904764,-1.3796845238095234
3621,train,CO[C@@H](C(=O)N1Cc2n[nH]c(NC(=O)c3ccc(cc3)N4CCN(C)CC4)c2C1)c5ccccc5,2.0,2.1903154761904764,0.1903154761904764
370,train,COCCS(=O)(=O)N1CCN(CC1)c2ccc(Nc3nccc(n3)c4cnc(C)n4C(C)C)cc2,2.75,2.1903154761904764,-0.5596845238095236
3408,train,COc1cc(CCc2cc(Nc3ccnc(NCc4onc(C)c4)n3)n[nH]2)cc(OC)c1,3.1,2.1903154761904764,-0.9096845238095237
3326,train,Nc1c(nc(nc1N2CCOCC2)C#N)N3CCCC3,2.25,2.1903154761904764,-0.059684523809523604
1694,train,Cn1c(C(=O)O)c(CCCOc2cccc3ccccc23)c4ccccc14,2.99,2.1903154761904764,-0.7996845238095238
2515,train,Fc1ccc(cc1)[C@@H]2CCNC[C@H]2COc3ccc4OCOc4c3,1.78,2.1903154761904764,0.41031547619047637
218,train,C[C@H](Nc1cnc(C)c(Nc2cc(C)[nH]n2)n1)c3ccc(F)cn3,1.73,2.1903154761904764,0.4603154761904764
2434,train,OC(=O)COc1ccc(C(=O)c2cccs2)c(Cl)c1Cl,-0.84,2.1903154761904764,3.0303154761904763
3096,train,Brc1ccc(s1)N2C[C@@]3(CN4CCC3CC4)OC2=O,2.0,2.1903154761904764,0.1903154761904764
356,train,CN(C)S(=O)(=O)c1ccc2C(=CNC(=O)c2c1)C(=O)NC[C@@H](O)CN3CCC(CC3)Oc4ccc(Cl)c(Cl)c4,3.13,2.1903154761904764,-0.9396845238095235
3814,train,CCO\N=C(\C1CCN(CC1)C2(C)CCN(CC2)C(=O)c3c(Cl)cncc3Cl)/c4ccc(Br)cc4,4.0,2.1903154761904764,-1.8096845238095236
3320,train,C[C@H](N)COc1c(C)cccc1C,0.6,2.1903154761904764,1.5903154761904763
2861,train,N[C@@H](Cc1cccs1)C(=O)N[C@@]2(C[C@@H]2c3ccccc3)C#N,1.3,2.1903154761904764,0.8903154761904764
3279,train,CN([C@@H]1CCN(Cc2nc3cc(F)ccc3s2)C[C@@H]1F)C(=O)Cc4ccc(cc4)S(=O)(=O)C,2.2,2.1903154761904764,-0.009684523809523782
1481,train,Cc1c(Sc2ccc(Cl)cc2)c3c(cccc3n1CC(=O)O)c4ccccc4,2.61,2.1903154761904764,-0.4196845238095235
3782,train,Cc1c(F)cc(cc1c2ccc(cn2)C(=O)NCC(C)(C)C)C(=O)NC3CC3,3.5,2.1903154761904764,-1.3096845238095236
3771,train,CCN(CC)C(=O)c1ccc(cc1)C(N2CCNCC2)c3cccc4cccnc34,0.7,2.1903154761904764,1.4903154761904764
871,train,CCOC(=O)\C=C\[C@H](C[C@@H]1CCNC1=O)NC(=O)[C@@H](CC(=O)[C@@H](NC(=O)c2cc(C)on2)C(C)C)Cc3ccc(F)cc3,2.8,2.1903154761904764,-0.6096845238095234
1489,train,Oc1ccc(C(=O)Cc2ccccc2)c(O)c1,3.09,2.1903154761904764,-0.8996845238095235
2352,train,N#Cc1cccc(c1)c2cccc(c2)c3nn[nH]n3,0.7,2.1903154761904764,1.4903154761904764
2220,train,CCc1ccc(CCNCCCSCCNC[C@H](O)c2ccc(O)c3NC(=O)Sc23)cc1,0.86,2.1903154761904764,1.3303154761904765
1745,train,Cn1cc(nc1c2c3C(=O)N(CC#C)C(=O)N(CC4CC4)c3nn2Cc5ccnc6ccc(Cl)cc56)C#N,3.4,2.1903154761904764,-1.2096845238095235
1596,train,C[C@H](CO)Nc1nc(SCc2cccc(F)c2F)nc3NC(=O)C(=O)Nc13,2.48,2.1903154761904764,-0.2896845238095236
716,train,CCN(CC)CCOC(=O)C1(CCCC1)c2ccccc2,2.3,2.1903154761904764,-0.10968452380952343
3942,train,Cc1ccc(NC(=O)N2CCN(C[C@@H]3CCCN(C3)C4CC4)CC2)cc1Cl,3.37,2.1903154761904764,-1.1796845238095237
3554,train,CNc1cc(nc2c(cc(OC)cc12)N3CCN(C)CC3)C(=O)Nc4ccc(cc4)N5CCOCC5,2.93,2.1903154761904764,-0.7396845238095238
1075,train,OC(=O)c1cc2cc(OCc3ccccc3)ccc2[nH]1,0.4,2.1903154761904764,1.7903154761904765
4082,train,COc1cc(ccc1NC(=O)CN2CCOCC2)c3cccc4C(=O)C=C(Oc34)N5CCOCC5,2.3,2.1903154761904764,-0.10968452380952343
1790,train,CCn1cc(NC(=O)Cc2ccc(Oc3ccnc4cc(F)ccc34)cc2OC)cn1,3.93,2.1903154761904764,-1.7396845238095238
2955,train,Nc1ccccc1NC(=O)c2ccc(CNC(=O)OCc3cccnc3)cc2,1.26,2.1903154761904764,0.9303154761904764
1806,train,O=S(=O)(NCC(N1CCCCCC1)c2ccccc2)c3ccc(cc3)C#N,2.86,2.1903154761904764,-0.6696845238095235
2923,train,CC(=O)N1CCN(CCOc2ccc(cc2)C3(O)CCN(CC3)c4ccc5nnc(n5n4)C(F)(F)F)CC1,2.2,2.1903154761904764,-0.009684523809523782
3790,train,NC(=O)c1ccc(O[C@H]2C[C@H]3CC[C@@H](C2)N3Cc4ccccc4)cn1,1.51,2.1903154761904764,0.6803154761904764
1095,train,CCc1c(C(=O)C(=O)N)c2c(OCC(=O)N)cccc2n1Cc3ccccc3,2.1,2.1903154761904764,0.09031547619047631
1710,train,OC1(CCN(CCCC(=O)c2ccc(F)cc2)CC1)c3ccc(Cl)cc3,2.67,2.1903154761904764,-0.47968452380952353
2500,train,O=C1C(=O)c2cc(ccc2c3ccccc13)c4ccsc4,3.1,2.1903154761904764,-0.9096845238095237
1908,train,OC(=O)c1ccc(OCC(=O)COc2ccc(SCCCCCc3ccccc3)cc2)cc1,3.63,2.1903154761904764,-1.4396845238095235
3617,train,COc1cc2ncnc(NCc3cccc(C)c3)c2cc1OC,3.5,2.1903154761904764,-1.3096845238095236
3708,train,OC(c1ccccc1)c2ccc3C(=O)C=C(Nc3c2)c4cccnc4,2.27,2.1903154761904764,-0.07968452380952362
4045,train,CC(C)(C)OC(=O)N1CCN(CC1)c2ncc(OCc3ccncc3S(=O)(=O)C)cn2,2.4,2.1903154761904764,-0.20968452380952352
427,train,CS(=O)(=O)c1ccc2nc(sc2c1)N3CCN(CC3)C(=O)[C@@H]4CCCC[C@H]4C(=O)NC5(CC5)C#N,1.49,2.1903154761904764,0.7003154761904764
1333,train,CN(C)CC(O)COc1ccc(Nc2cc(Nc3cc(Cl)ccc3Cl)ncn2)cc1,2.6,2.1903154761904764,-0.4096845238095237
3442,train,Cc1ccc(NC(=O)c2cccc(c2)N3CCOCC3)cc1NC(=O)c4ccc(OCc5ccncc5)cc4,3.2,2.1903154761904764,-1.0096845238095238
2992,train,COc1cc(Nc2nccc(Oc3cnc4ccccc4c3)n2)cc(OC)c1OC,3.41,2.1903154761904764,-1.2196845238095237
796,train,Fc1ccc2[nH]c3CCN(Cc3c2c1)C(=O)[C@@H]4CCCC[C@H]4C(=O)NC5(CC5)C#N,3.0,2.1903154761904764,-0.8096845238095236
156,train,COc1cccc(NC(=O)Cn2cc(Oc3ncnc4cc(OC)c(OC)cc34)cn2)c1,3.11,2.1903154761904764,-0.9196845238095235
2129,train,O=C(C1CCN(CC1)c2nnc(s2)n3cccc3)N4CCN(Cc5ccc6OCOc6c5)CC4,2.5,2.1903154761904764,-0.3096845238095236
76,train,Cc1cc(CCC2CCN(CC2)S(=O)(=O)CC3(CCOCC3)N(O)C=O)c(C)cn1,1.43,2.1903154761904764,0.7603154761904765
437,train,COc1ccc(CNC(=O)Nc2ncc(s2)[N+](=O)[O-])cc1,2.9,2.1903154761904764,-0.7096845238095235
1193,train,CO[C@@H]1CN(Cc2ccc(cc2)C(F)(F)F)CC[C@@H]1N(C)C(=O)Cc3ccc(cc3)n4cnnn4,3.1,2.1903154761904764,-0.9096845238095237
1559,train,Oc1ccc(Cl)cc1C(=O)Nc2ccccc2,2.9,2.1903154761904764,-0.7096845238095235
947,train,CCN1CCOc2cc(COc3ccccc3)cnc12,3.7,2.1903154761904764,-1.5096845238095238
2218,train,NC(=O)c1cccc(C[C@H]2C[C@H]3CC[C@@H](C2)N3Cc4ccccc4)c1,1.19,2.1903154761904764,1.0003154761904764
3641,train,CN(C)CC(O)COc1ccc(Nc2cc(ncn2)N(CCC#N)c3cc(Cl)ccc3Cl)cc1,2.1,2.1903154761904764,0.09031547619047631
3400,train,C[C@@](O)(C(=O)Nc1ccc(cc1Cl)S(=O)(=O)NCCCO)C(F)(F)F,2.1,2.1903154761904764,0.09031547619047631
3492,train,OC(=O)COc1ccc(cc1c2ccccc2)C#N,-1.08,2.1903154761904764,3.2703154761904765
64,train,O=C(COc1ccccc1)c2ccccc2,2.87,2.1903154761904764,-0.6796845238095237
2176,train,COc1ccc(Cl)cc1C(=O)Nc2nc3ccccc3[nH]2,4.05,2.1903154761904764,-1.8596845238095234
1917,train,OC(=O)c1cccc(c1)c2cccc(c2)C#N,0.3,2.1903154761904764,1.8903154761904764
182,train,C[C@@H]1CN([C@@H](C)CN1C(=O)c2ccc(cc2)C#N)C(=O)[C@@](C)(O)C(F)(F)F,1.5,2.1903154761904764,0.6903154761904764
847,train,C[Si](C)(C)C#Cc1cn(C[C@H]2CN(C(=O)O2)c3ccc(C4=CCS(=O)(=O)CC4)c(F)c3)nn1,1.26,2.1903154761904764,0.9303154761904764
2324,train,NC(=O)Nc1sc(cc1C(=O)N)c2ccccc2,2.42,2.1903154761904764,-0.22968452380952353
2550,train,Cc1ccnc(NCc2ccc(Cl)cc2)c1,3.6,2.1903154761904764,-1.4096845238095237
1592,train,C[C@H](Nc1ncc(F)c(Nc2cc([nH]n2)N(C)C)n1)c3ncc(F)cn3,1.98,2.1903154761904764,0.2103154761904764
2876,train,C[C@@H](Oc1cccc2ncnc(Nc3ccc(Oc4ccc(C)nc4)c(C)c3)c12)C(=O)N5CCOCC5,4.14,2.1903154761904764,-1.9496845238095233
4184,train,NCC(O)(c1ccc(Cl)cc1)c2ccc(Cl)cc2,2.69,2.1903154761904764,-0.49968452380952355
1959,train,O[C@@H](CNCCc1ccc(NC[C@H](O)c2ccccc2)cc1)c3ccc(O)c(NC=O)c3,0.02,2.1903154761904764,2.1703154761904764
250,train,Fc1ccc(SC2=NN3C=NC(=O)C(=C3C=C2)c4c(Cl)cccc4Cl)c(F)c1,2.74,2.1903154761904764,-0.5496845238095238
254,train,COc1ccc2ncc(F)c(CCN3CCC(CC3)NCc4cc5OCCOc5cn4)c2n1,1.46,2.1903154761904764,0.7303154761904764
2194,train,CC(=O)Nc1ccc2ccn(c3cc(NC4CC4)n5ncc(C#N)c5n3)c2c1,3.29,2.1903154761904764,-1.0996845238095236
3597,train,OC(=O)c1ccc(cc1)n2ncc(C(=O)NC3C4CC5CC(CC3C5)C4)c2C6CCC6,1.33,2.1903154761904764,0.8603154761904763
4198,train,Clc1ccc2ncccc2c1C(=O)NCC3CCCCC3,2.65,2.1903154761904764,-0.4596845238095235
1674,train,CCN(CC)C(=O)c1ccc(cc1)C(=C2CCN(Cc3ccc(F)cc3)CC2)c4ccccn4,3.28,2.1903154761904764,-1.0896845238095234
3382,train,O=C1C=C(N=C2N1C=Cc3ccccc23)N4CCOCC4,2.78,2.1903154761904764,-0.5896845238095234
209,train,Cc1ccc(cc1)c2cccc(c2)c3nn[nH]n3,1.3,2.1903154761904764,0.8903154761904764
3666,train,O[C@H](CNC(=O)c1c[nH]nc1C2CC2)CN3CCC(CC3)Oc4ccc(Cl)c(Cl)c4,3.15,2.1903154761904764,-0.9596845238095235
3667,train,CCOc1noc2cc(OCCC3CCN(CC3)c4ccc(C)nn4)ccc12,4.23,2.1903154761904764,-2.039684523809524
1926,train,CN(C)CC(O)COc1ccc(Nc2cc(Nc3ccc(F)cc3F)ncn2)cc1,1.48,2.1903154761904764,0.7103154761904764
3613,train,COc1cc(Nc2c(cnc3cc(OC)c(OC)cc23)C#N)cc(OC)c1,3.5,2.1903154761904764,-1.3096845238095236
2730,train,COc1cc2N(CCN3CCC(CC3)NCc4cc5OCCOc5cn4)C(=O)C=Cc2cn1,0.68,2.1903154761904764,1.5103154761904762
840,train,ON=Cc1oc(cc1)[N+](=O)[O-],1.31,2.1903154761904764,0.8803154761904763
47,train,CC(C)c1ccc2Oc3nc(N)c(cc3C(=O)c2c1)C(=O)O,1.1,2.1903154761904764,1.0903154761904763
2138,train,NC(=O)c1sc(cc1NS(=O)(=O)c2ccc(cc2)C(F)(F)F)c3ccsc3,2.39,2.1903154761904764,-0.19968452380952373
3637,train,CN1C(=O)N(Cc2ccc(cc2)C(=O)O)C(=O)c3cc(ccc13)C#CCc4ccccc4,2.5,2.1903154761904764,-0.3096845238095236
2334,train,Clc1cccc2[nH]ncc12,2.5,2.1903154761904764,-0.3096845238095236
3625,train,CC(C)N(CCNCCc1ccc(O)c2NC(=O)Sc12)C(=O)CCOCCc3ccccc3,2.33,2.1903154761904764,-0.13968452380952368
3805,train,COc1cccc(c1)[C@@H](C)NCCCc2ccccc2Cl,3.0,2.1903154761904764,-0.8096845238095236
710,train,C[C@H](Nc1nc(Nc2cc(C)[nH]n2)cc(n1)N3CCOCC3)c4ncc(F)cn4,1.91,2.1903154761904764,0.2803154761904765
4119,train,Cc1ccnc(NCc2ccccc2O)c1,3.35,2.1903154761904764,-1.1596845238095237
2399,train,CC(C)C(NC(=O)CN1C(=O)C(=CN=C1c2cccs2)NC(=O)OCC(F)(F)F)C(=O)C(F)(F)F,2.32,2.1903154761904764,-0.12968452380952344
154,train,Nc1ccc(cc1)S(=O)(=O)Nc2nccs2,-0.37,2.1903154761904764,2.5603154761904765
951,train,COc1ccc(cc1)c2ccnc(N)n2,2.08,2.1903154761904764,0.11031547619047632
1143,train,COc1cc(Nc2nc(N[C@@H](C)c3ncc(F)cn3)ncc2Cl)n[nH]1,2.53,2.1903154761904764,-0.3396845238095234
628,train,NC(=N)NCCC[C@H](NC(=O)COCC(c1ccccc1)c2ccccc2)C(=O)O,0.18,2.1903154761904764,2.0103154761904762
306,train,Clc1ccc(cc1)C2(CCCC2)C(=O)Nc3oc(nn3)C(=O)Nc4ccc(cc4)N5CCOCC5,3.72,2.1903154761904764,-1.5296845238095238
2455,train,CCN(CC)C(=O)c1ccc2[nH]c(c(CCNCCCCc3ccncc3)c2c1)c4cc(C)cc(C)c4,3.3,2.1903154761904764,-1.1096845238095234
29,train,CNC1=Nc2ncccc2C(=NC1c3cccs3)c4occn4,1.14,2.1903154761904764,1.0503154761904765
1855,train,NC1=NC(=O)N(C=C1)[C@@H]2O[C@H](CO)[C@@H](O)C2(F)F,-1.5,2.1903154761904764,3.6903154761904764
69,train,Clc1cccc2cn[nH]c12,2.33,2.1903154761904764,-0.13968452380952368
2048,train,O=S1NC(=NO1)Cc2ccc3ccccc3c2,1.85,2.1903154761904764,0.3403154761904763
4097,train,COc1cc(c2nc(cc(n2)C3(CC3)S(=O)(=O)C)N4CCOCC4)c5cc[nH]c5c1,2.4,2.1903154761904764,-0.20968452380952352
3529,train,C[C@@](O)(C(=O)Nc1ccc(cc1Cl)C(=O)N2CCCCC2)C(F)(F)F,2.62,2.1903154761904764,-0.4296845238095237
2760,train,CNC(=O)c1ccc(Nc2ncc(F)c(n2)c3cnc(C)n3C(C)C)cc1F,3.31,2.1903154761904764,-1.1196845238095237
1358,train,COc1ccc(Nc2nccc(n2)c3cnc(C)n3C(C)C)cc1,3.43,2.1903154761904764,-1.2396845238095238
1725,train,COc1ccc2nc(NC(=O)CCc3ccc(OC)c(OC)c3)sc2c1,3.57,2.1903154761904764,-1.3796845238095234
718,train,CC(=O)NC[C@H]1CN(C(=O)O1)c2ccc(N3CCOCC3)c(F)c2,0.67,2.1903154761904764,1.5203154761904765
2538,train,COc1ccc2NC(=O)C(NC(=O)c3ccccc3OC)N=C(c4ccccc4)c2c1,3.8,2.1903154761904764,-1.6096845238095234
2109,train,NC(Cc1ccccc1)c2ccccc2,1.32,2.1903154761904764,0.8703154761904763
3976,train,C[C@H](CO)Nc1nc(SCc2ccccc2F)nc3NC(=O)Sc13,3.0,2.1903154761904764,-0.8096845238095236
2976,train,NC1=NC(=CC(=O)N1)CCc2cccc(Br)c2,2.52,2.1903154761904764,-0.3296845238095236
3541,train,CNc1nc2nc(SCc3cccc(F)c3F)nc(N[C@H](C)CO)c2s1,3.7,2.1903154761904764,-1.5096845238095238
2631,train,Clc1ccc(NC(=O)N2CCN(C[C@H]3CN(CCO3)C4CC4)CC2)cc1Cl,3.32,2.1903154761904764,-1.1296845238095234
3277,train,COc1ccc(cc1OC)c2csc(NC(=O)c3c(C)onc3C)n2,3.16,2.1903154761904764,-0.9696845238095237
772,train,Cc1ccsc1CN2NC(=O)C3=C(C2=O)C(=O)c4ccc(Cl)cc4N3,1.15,2.1903154761904764,1.0403154761904765
3935,train,O=C1N2C=CC=CC2=Nc3ccccc13,2.1,2.1903154761904764,0.09031547619047631
3128,train,CN1CCN(CC1)c2ccc3N=CN(C(=O)c3c2)c4cc(NC(=O)c5cccnc5)ccc4C,1.5,2.1903154761904764,0.6903154761904764
787,train,CN(C)CCNCc1ccc(Nc2ncc3cc(ccc3n2)c4ccncc4)cc1,1.4,2.1903154761904764,0.7903154761904765
4059,train,CN(C)C(=O)C(CCN1CCC(O)(CC1)c2ccc(Cl)cc2)(c3ccccc3)c4ccccc4,3.47,2.1903154761904764,-1.2796845238095238
2396,train,Fc1cnc(NC(=O)C(CC2CCOCC2)c3ccc(cc3)S(=O)(=O)C4CC4)s1,3.3,2.1903154761904764,-1.1096845238095234
1386,train,CC(C)n1c(C)ncc1c2nc(Nc3ccc(cc3)N4CC(C4)NC(=O)C)ncc2F,2.76,2.1903154761904764,-0.5696845238095234
1531,train,C[C@H](N1CCC[C@@H](C1)N2C=C(C)C(=O)NC2=O)c3ccc(C(=O)O)c(Oc4cccc(Cl)c4)c3,-0.26,2.1903154761904764,2.450315476190476
296,train,CC(C)C(=O)Nc1nc(cc2ccccc12)c3ccccn3,2.7,2.1903154761904764,-0.5096845238095238
573,train,O[C@@H](CNCCc1ccc(CNCCc2ccccc2F)cc1)c3ccc(O)c4NC(=O)Sc34,1.3,2.1903154761904764,0.8903154761904764
535,train,CN(C)CCOc1cc(NS(=O)(=O)c2c(Cl)cc(cc2Cl)C(F)(F)F)ccc1Cl,2.99,2.1903154761904764,-0.7996845238095238
4104,train,CCN1CCCC1CNC(=O)c2cc(ccc2OC)S(=O)(=O)N,-1.2,2.1903154761904764,3.3903154761904766
2375,train,CC(C)OC(=O)N1CC2COCC(C1)C2Oc3ncnc(Oc4cccnc4C)c3C,3.1,2.1903154761904764,-0.9096845238095237
663,train,CCn1c(C)ncc1c2ccnc(Nc3ccc(cc3)C(=O)NC)n2,2.53,2.1903154761904764,-0.3396845238095234
372,train,Cc1cccc(Nc2ccccc2C(=O)O)c1C,1.89,2.1903154761904764,0.3003154761904765
212,train,CCCCCC[C@H]1OC(=O)CNC(=O)[C@H](NC(=O)[C@H](CO)NC(=O)[C@@H](NC(=O)[C@H](CC(C)C)N(C)C(=O)[C@@H]1C)[C@H](C)CC)[C@H](C)O,3.2,2.1903154761904764,-1.0096845238095238
928,train,Cn1cnc(c2ccccc2)c1C#Cc3ccnc(N)n3,2.94,2.1903154761904764,-0.7496845238095236
634,train,OCCNCc1cc(Br)ccc1OCc2ccc(Cl)cc2,2.98,2.1903154761904764,-0.7896845238095236
2401,train,CCCc1c(O)c(ccc1OCCCOc2ccc3C(=O)C=C(Oc3c2CCC)C(=O)O)C(=O)C,3.0,2.1903154761904764,-0.8096845238095236
4154,train,CC1(CC(=O)NC(=N1)N)c2ccccc2,0.62,2.1903154761904764,1.5703154761904763
2929,train,CC(C)CN1C(=O)N(C)C(=O)c2c1sc(Cc3ccccc3C(F)(F)F)c2C(=O)N4CCCC4,3.8,2.1903154761904764,-1.6096845238095234
2722,train,COc1cc2ncc(C(=O)N)c(Nc3cccc(Cl)c3Cl)c2cc1OC,3.4,2.1903154761904764,-1.2096845238095235
4040,train,CC(C)CNc1nc(nc(N2CCN(CC2)C(=O)C)c1N)C#N,2.4,2.1903154761904764,-0.20968452380952352
3521,train,c1ccc2[nH]c(nc2c1)c3cscn3,2.35,2.1903154761904764,-0.1596845238095237
1119,train,CC(C)NCC(O)COc1ccccc1CC=C,0.99,2.1903154761904764,1.2003154761904764
2179,train,COc1cc2ncnc(Nc3cccc(Cl)c3F)c2cc1OC4CCN(CC4)S(=O)(=O)C,2.82,2.1903154761904764,-0.6296845238095234
2054,train,Cc1ccnc(NCc2ccccc2)c1,3.08,2.1903154761904764,-0.8896845238095237
3347,train,COc1cc2CC[C@H](NC(=O)C)c3cc(O)ccc3c2c(OC)c1OC,1.81,2.1903154761904764,0.38031547619047634
66,train,CO[C@@H]1CC[C@@]2(CC1)Cc3ccc(OCC(C)C)cc3C24N=C(C)C(=N4)N,3.4,2.1903154761904764,-1.2096845238095235
1654,train,CCCCSc1nc(N)c2ncn(Cc3c(F)ccc(C)c3F)c2n1,3.0,2.1903154761904764,-0.8096845238095236
3609,train,O[C@@H](CNCCc1cccc(CNCc2ccccc2Cl)c1)c3ccc(O)c4NC(=O)Sc34,1.85,2.1903154761904764,0.3403154761904763
2617,train,CC(C)CN1C(=O)N(C)C(=O)c2c1sc(Cc3ccccc3C(F)(F)F)c2S(=O)(=O)N4CC[C@@H](O)C4,3.32,2.1903154761904764,-1.1296845238095234
1485,train,CC1(COc2cc(ccc2NC(=O)CN3CCOCC3)c4cccc5C(=O)C=C(Oc45)N6CCOCC6)COC1,2.2,2.1903154761904764,-0.009684523809523782
1005,train,C[C@H](Nc1nc(Nc2ncc(C#N)s2)cc(n1)N3CCOCC3)c4ncc(F)cn4,2.26,2.1903154761904764,-0.06968452380952339
1228,train,OC(=O)Cc1csc(n1)c2ccc(Cl)cc2,-0.22,2.1903154761904764,2.4103154761904766
2922,train,COc1ccc(cc1CO)c2ccc3c(nc(nc3n2)N4C[C@@H](C)O[C@@H](C)C4)N5CCOCC5,3.25,2.1903154761904764,-1.0596845238095236
1954,train,Cc1nc(C)c(nc1C(=O)N)c2ccc([C@@H]3CC[C@H](CC(=O)O)CC3)c(F)c2,1.2,2.1903154761904764,0.9903154761904764
3610,train,CC(C)CC(N(C)C)C1(CCC1)c2ccc(Cl)cc2,3.6,2.1903154761904764,-1.4096845238095237
331,train,CCOc1cc2nccc(Oc3cnc(CC(=O)Nc4n[nH]c(CC)c4C)c(OC)c3)c2cc1OC,3.29,2.1903154761904764,-1.0996845238095236
3384,train,CC(C)Oc1cc(ccc1NC(=O)CN2CCOCC2)c3cccc4C(=O)C=C(Oc34)N5CCOCC5,3.0,2.1903154761904764,-0.8096845238095236
2875,train,OC(=O)CCc1oc(c2ccccc2)c(n1)c3ccccc3,1.2,2.1903154761904764,0.9903154761904764
260,train,OC(=O)COc1ccc(cc1CN2CCN(CC2)S(=O)(=O)c3ccccc3)C(F)(F)F,0.4,2.1903154761904764,1.7903154761904765
2874,train,CC(C)n1c(C)ncc1c2ccnc(Nc3ccc(cc3)N4CCN(CC4)S(=O)(=O)C)n2,2.57,2.1903154761904764,-0.37968452380952344
3312,train,OC(=O)c1cc2cc(ccc2n1Cc3ccc(Cl)c(Cl)c3)C(F)(F)F,3.07,2.1903154761904764,-0.8796845238095234
2337,train,C[C@@H]1CN(Cc2ccc(F)cc2)CCN1C(=O)COc3ccc(Cl)cc3NC(=O)N,1.91,2.1903154761904764,0.2803154761904765
3129,train,COc1ccc(cc1CO)c2ccc3c(nc(nc3n2)n4ccnc4)N5CCOC[C@@H]5C,2.6,2.1903154761904764,-0.4096845238095237
1834,train,CC[C@H](NC(=O)c1c([S+](C)[O-])c(nc2ccccc12)c3cccs3)c4ccccc4,3.56,2.1903154761904764,-1.3696845238095237
3094,train,CC(C)CN1C(=O)N(C)C(=O)c2c1sc(Cn3c(C)nc4ccccc34)c2C(=O)N5CC[C@@H](O)C5,1.34,2.1903154761904764,0.8503154761904763
2206,train,Oc1ccc(cc1)C2=Cc3cccc(O)c3OC2=O,2.8,2.1903154761904764,-0.6096845238095234
478,train,CNC(=O)c1ccc(CCC(COc2ccc(cc2)c3cccc(c3)[N+](=O)[O-])N4C(=O)CSC4=O)cc1,3.5,2.1903154761904764,-1.3096845238095236
600,train,CN(C)c1ccc(cc1)S(=O)(=O)NC(=O)N2CCC(CC2)N3CCC(CC3)Oc4ccc(Cl)c(C)c4Cl,2.0,2.1903154761904764,0.1903154761904764
778,train,NC(=O)c1cnc(N[C@H]2CCCNC2)c3cc(sc13)c4ccncc4,0.77,2.1903154761904764,1.4203154761904764
3208,train,COc1cc(ccc1Nc2ncc(Cl)c(n2)c3cnc4ccccn34)C(=O)N5CCOCC5,3.4,2.1903154761904764,-1.2096845238095235
1097,train,COc1ccc2cc(ccc2c1)C(C)C(=O)O,0.23,2.1903154761904764,1.9603154761904764
702,train,CN[C@@H](C)C(=O)N[C@H](C(=O)N[C@H]1CCCN(CCc2ccc(cc2)C(F)(F)F)C1)C(C)(C)C,2.85,2.1903154761904764,-0.6596845238095237
54,train,C[C@H](NC(=O)c1c(C)nn(C2CCCC2)c1NS(=O)(=O)c3ccc(C)cc3)C(C)(C)C,2.0,2.1903154761904764,0.1903154761904764
2885,train,NC(=O)Nc1cc(sc1C(=O)N[C@H]2CCCNC2)c3ccc(cc3)C#N,0.61,2.1903154761904764,1.5803154761904765
3097,train,OC(=O)c1[nH]c2cc(Cl)cc(Cl)c2c1\C=C\3/CCN(C3=O)c4ccccc4,1.85,2.1903154761904764,0.3403154761904763
2002,train,Cc1[nH]c(C(=O)NC2CCN(CC2)c3cc(cc(Cl)n3)C(=O)O)c(Cl)c1Cl,1.74,2.1903154761904764,0.4503154761904764
725,train,CCC(C)(C)C(=O)O[C@H]1C[C@@H](C)C=C2C=C[C@H](C)[C@H](CC[C@@H]3C[C@@H](O)CC(=O)O3)[C@@H]12,3.7,2.1903154761904764,-1.5096845238095238
20,train,CC(C)(CCCCCOCCc1ccccc1)NCCc2ccc(O)c3nc(O)sc23,2.92,2.1903154761904764,-0.7296845238095235
1383,train,C[C@@H](C[C@@](C)(CS(=O)(=O)N1CCN(CCc2ccc(Cl)cc2Cl)CC1)N(O)C=O)c3ncc(F)cn3,3.27,2.1903154761904764,-1.0796845238095236
3223,train,Cc1ccc(NC(=O)C=C)cc1,2.25,2.1903154761904764,-0.059684523809523604
1047,train,CS(=O)(=O)C1(CC1)c2cc(nc(n2)c3ccccc3)N4CCOCC4,2.6,2.1903154761904764,-0.4096845238095237
2573,train,Cc1ccccc1N2C(=Nc3cccc(C)c3C2=O)Cn4cnc5c(N)ncnc45,2.6,2.1903154761904764,-0.4096845238095237
312,train,CCOc1ccc2oc(C(=O)NC(CCSC)c3nc4ncccc4[nH]3)c(C)c2c1,4.23,2.1903154761904764,-2.039684523809524
2463,train,Cc1ccc(cc1)S(=O)(=O)N2N=Cc3ccccc3B2O,0.05,2.1903154761904764,2.1403154761904766
3740,train,CC(Nc1ccccc1)C2=CC(=CN3C(=O)C=C(N=C23)N4CCOCC4)C,3.6,2.1903154761904764,-1.4096845238095237
2294,train,CN1CCN(CC1)C(=O)c2cc(CC3=NNC(=O)c4ccccc34)ccc2F,1.03,2.1903154761904764,1.1603154761904764
3949,train,O=C(Nc1cc(ccn1)c2ccnc(Nc3ccccc3)c2)C4CCOCC4,3.7,2.1903154761904764,-1.5096845238095238
1274,train,CC1(C)[C@@H]2CC[C@@]1(CS(=O)(=O)N3CCN(CC3)c4ccc(cn4)C#N)C(=O)C2,2.46,2.1903154761904764,-0.26968452380952357
3707,train,Cn1c2ccccc2c3cc(NC(=O)CCc4ccncc4)ccc13,3.8,2.1903154761904764,-1.6096845238095234
2907,train,NCC[C@@H](Oc1nc(ccc1C#N)C(F)(F)F)c2oncc2,-0.49,2.1903154761904764,2.6803154761904766
369,train,Clc1ccc(O[C@H]2CCCNC2)cc1C(=O)NCC34CC5CC(CC(C5)C3)C4,2.18,2.1903154761904764,0.010315476190476236
781,train,C[C@@H]1CN(Cc2ccc(F)cc2)[C@@H](C)CN1C(=O)c3cc4c(cn(C)c4cc3Cl)C(=O)C(=O)N(C)C,3.6,2.1903154761904764,-1.4096845238095237
3733,train,O=C(N1CCC1)c2ccc(cc2)C(=C3CCN(Cc4cscn4)CC3)c5cccc6cccnc56,2.52,2.1903154761904764,-0.3296845238095236
397,train,NCC[C@@H](Oc1cc(Cl)ccc1C#N)c2ccccc2,0.76,2.1903154761904764,1.4303154761904764
192,train,CCCSc1nc(N[C@@H]2C[C@H]2c3ccccc3)c4nnn([C@@H]5C[C@H](O)[C@@H](O)[C@H]5O)c4n1,3.97,2.1903154761904764,-1.7796845238095238
3293,train,O[C@@H](CNCCc1cccc(CNCCCc2ccccc2)c1)c3ccc(O)c4NC(=O)Sc34,1.11,2.1903154761904764,1.0803154761904763
4049,train,OC(=O)COc1ccc(Cl)cc1CN2CCN(CC2)S(=O)(=O)Cc3ccccc3,0.33,2.1903154761904764,1.8603154761904763
1906,train,CNCC[C@@H](Oc1cc(OC)ccc1C#N)c2ccccc2,0.87,2.1903154761904764,1.3203154761904763
1319,train,C[C@H]1O[C@H]([C@H](O)[C@@H]1O)n2cnc3c(N)nc(OCC4CCC(F)(F)CC4)nc23,1.72,2.1903154761904764,0.4703154761904764
1623,train,CC(C)(C)c1ccc(cc1)C(O)CCCN2CCC(CC2)C(O)(c3ccccc3)c4ccccc4,3.99,2.1903154761904764,-1.7996845238095238
1973,train,Cc1ccc2c(c1)c(c(C)n2CC(=O)O)c3ccnc4c(cccc34)S(=O)(=O)C,-0.34,2.1903154761904764,2.5303154761904763
1655,train,COc1ccc(cc1CNCCO)c2ccc3c(nc(nc3n2)N4C[C@@H](C)O[C@@H](C)C4)N5CCOCC5,1.31,2.1903154761904764,0.8803154761904763
2660,train,COc1ccc(Nc2cc(Oc3cc(C)c(C)nc3c4ccccn4)ccn2)cc1,3.51,2.1903154761904764,-1.3196845238095234
3550,train,CCN(C1CCN(CCC(c2ccccc2)c3ccc(NC(=O)Cc4ccccc4)cc3)CC1)C(=O)Cc5ccc(cc5)S(=O)(=O)C,3.61,2.1903154761904764,-1.4196845238095235
3283,train,CC(C)C[C@H](N[C@@H](c1ccc(cc1)c2ccc(cc2)S(=O)(=O)C)C(F)(F)F)C(=O)NCC#N,3.24,2.1903154761904764,-1.0496845238095238
432,train,O=C1C=C(Oc2c1cccc2c3cccc(c3)c4ccsc4)N5CCOCC5,4.2,2.1903154761904764,-2.009684523809524
2090,train,C[C@H](NC(=O)c1c(C)nn(c1NS(=O)(=O)C2CCCCC2)c3ccccc3)C(C)(C)C,1.75,2.1903154761904764,0.4403154761904764
277,train,CC1CC(=O)Nc2ccccc2N1,0.56,2.1903154761904764,1.6303154761904763
1396,train,Cc1ccc(cc1)c2ccc(F)cc2COc3ccc(CCC(=O)O)cc3,3.24,2.1903154761904764,-1.0496845238095238
2195,train,CCN1C(=O)N(CC2CC2)c3nn(Cc4ccnc5ccc(Cl)cc45)c(c6cncn6C)c3C1=O,2.87,2.1903154761904764,-0.6796845238095237
3057,train,CN1CCN(CC1)c2ccc3nc([nH]c3c2)C4=C(N)c5c(F)cccc5NC4=O,3.45,2.1903154761904764,-1.2596845238095238
2686,train,O[C@H](CNC(=O)c1cn2cc(F)ccc2n1)CN3CCC(CC3)Oc4ccc(Cl)c(Cl)c4,3.33,2.1903154761904764,-1.1396845238095237
2475,train,Clc1ccc(cc1)C2CCN(CC2)C(=O)COCc3ccncc3,2.74,2.1903154761904764,-0.5496845238095238
2274,train,CN(C)CCCNS(=O)(=O)c1ccc(Nc2nccc(n2)c3cnc4ccccn34)cc1,1.9,2.1903154761904764,0.2903154761904765
2226,train,NC1(CCN(CC1)c2ncnc3[nH]ccc23)C(=O)NC(CCCN4CCCC4)c5ccc(Cl)cc5,1.3,2.1903154761904764,0.8903154761904764
4021,train,Cc1ccc2c(c1)c(c(C)n2CC(=O)O)c3ccnc4c(C)cccc34,1.29,2.1903154761904764,0.9003154761904764
468,train,Oc1ccc(cc1)S(=O)(=O)Nc2nccs2,0.36,2.1903154761904764,1.8303154761904765
125,train,NC1(CCN(CC1)c2ncnc3[nH]ccc23)C(=O)NCc4ccc(Cl)cc4,2.88,2.1903154761904764,-0.6896845238095235
1360,train,Clc1cnc(cc1C(=O)NCC23CC4CC(CC(C4)C2)C3)N5CCNCC5,2.09,2.1903154761904764,0.10031547619047654
2658,train,O=S(=O)(Nc1ccc(cc1)S(=O)(=O)Nc2nccs2)c3ccc4OCCOc4c3,1.97,2.1903154761904764,0.22031547619047642
3828,train,Cc1cc(CN2Cc3ccccc3C2C(=O)Nc4cc(Cl)ccc4Cl)ccc1OCC(=O)O,2.19,2.1903154761904764,0.00031547619047644915
2184,train,CC(C)(C)CNc1nc(nc(N2CCOCC2)c1N)C#N,3.08,2.1903154761904764,-0.8896845238095237
3658,train,Clc1ccc(Cl)c(c1)S(=O)(=O)Nc2nc(cs2)c3sccc3Cl,2.11,2.1903154761904764,0.08031547619047652
2349,train,NC(=O)c1cc(C(=O)N)n(n1)c2cccc(c2)c3cc(ccc3C(F)(F)F)C(F)(F)F,3.4,2.1903154761904764,-1.2096845238095235
1026,train,CCN(C1CCN(CC[C@H](C2CCN(CC2)S(=O)(=O)C)c3cc(C)cc(C)c3)CC1)C(=O)Cc4ccc(cc4)S(=O)(=O)C,1.93,2.1903154761904764,0.26031547619047646
1330,train,CC(C)N=C1C=C2N(c3ccc(Cl)cc3)c4ccccc4N=C2C=C1Nc5ccc(Cl)cc5,3.17,2.1903154761904764,-0.9796845238095235
1108,train,CCCN(CCC)C(=O)c1cccc(c1)C(=O)N[C@@H](Cc2ccccc2)[C@H](O)CNCc3cccc(OC)c3,2.7,2.1903154761904764,-0.5096845238095238
2309,train,CC[C@H](NC(=O)c1c([S+](C)[O-])c(nc2cc(Cl)ccc12)c3ccccc3)c4ccccc4,3.07,2.1903154761904764,-0.8796845238095234
4149,train,CC(C)N1CCC[C@H](CN2C(=Nc3ccc(Oc4ccc(F)cc4)cc3C2=O)C)C1,2.4,2.1903154761904764,-0.20968452380952352
1200,train,NC1(CCC1)c2ccc(cc2)c3ncc4nccn4c3c5ccccc5,1.3,2.1903154761904764,0.8903154761904764
3292,train,COc1nc(Cl)cnc1NS(=O)(=O)c2cccc3c(cccc23)N(C)C,1.74,2.1903154761904764,0.4503154761904764
320,train,COc1cc(ccc1Nc2ncc(Cl)c(n2)c3cnc4c(F)cc(F)cn34)N5CCN(CC5)C(=O)C,3.2,2.1903154761904764,-1.0096845238095238
708,train,C[C@H]1CN(Cc2cc(Cl)ccc2OCC(=O)O)CCN1C(=O)Cc3ccc(Cl)cc3,1.21,2.1903154761904764,0.9803154761904764
2516,train,O=C(N1CCOCC1)N2CCn3cc(C4=C(C(=O)NC4=O)c5cnc6ccccn56)c7cccc(C2)c37,1.79,2.1903154761904764,0.40031547619047636
3718,train,CC(C)N1CCO[C@@H](CN2CCN(CC2)C(=O)Nc3ccc(Cl)c(Cl)c3)C1,2.77,2.1903154761904764,-0.5796845238095236
3892,train,OC(=O)CCc1ccc(OCc2cccc(Oc3ccccc3)c2)cc1,2.47,2.1903154761904764,-0.2796845238095238
3928,train,COCCNc1nc(nc(NCC(C)C)c1N)C#N,2.8,2.1903154761904764,-0.6096845238095234
2842,train,Cc1ccc(cc1)c2cc(nn2c3ccc(cc3)S(=O)(=O)N)C(F)(F)F,3.42,2.1903154761904764,-1.2296845238095235
3504,train,Cc1ccc(CNC(=O)C2CCCN2S(=O)(=O)c3ccc(F)cc3)cc1,2.9,2.1903154761904764,-0.7096845238095235
3842,train,Cc1[nH]c2ccccc2c1CCNCc3ccc(\C=C\C(=O)NO)cc3,1.1,2.1903154761904764,1.0903154761904763
1779,train,CC1=CN(Cc2ccccc2)C(=O)NC1=O,1.19,2.1903154761904764,1.0003154761904764
824,train,Cc1cc(O[C@H]2C[C@H]3CC[C@@H](C2)N3Cc4ccccc4)cc(c1)C(=O)N,2.08,2.1903154761904764,0.11031547619047632
3833,train,CN(CCOc1ccccc1c2cc(C(=O)N)c(NC(=O)N)s2)Cc3ccccc3,3.46,2.1903154761904764,-1.2696845238095236
2820,train,Clc1cccc(c1)c2cnc3ccc(NC4CCOCC4)nn23,4.3,2.1903154761904764,-2.1096845238095234
1942,train,CCC[C@H](CO)Nc1nc(S[C@@H](C)c2cccc(c2)C#N)nc3NC(=O)Sc13,3.7,2.1903154761904764,-1.5096845238095238
2163,train,Clc1ccc(cc1C(=O)NCC23CC4CC(CC(C4)C2)C3)N5N=CC(=O)NC5=O,2.1,2.1903154761904764,0.09031547619047631
3581,train,Cc1cccc(CN2C=CN3C(=O)C=C(N=C23)N4CCOCC4)c1,2.8,2.1903154761904764,-0.6096845238095234
2141,train,CS(=O)(=O)c1ccc2OCC(=O)N(CCN3CCC(CC3)NCc4ccc5OCC(=O)Nc5n4)c2c1,-0.51,2.1903154761904764,2.700315476190476
87,train,C[C@H]1CN(Cc2cc(Cl)ccc2OCC(=O)O)CCN1C(=O)Cc3ccccc3,0.18,2.1903154761904764,2.0103154761904762
382,train,c1ccc(cc1)c2nnc(s2)c3ccccc3,4.2,2.1903154761904764,-2.009684523809524
1468,train,ON(C=O)C1(CS(=O)(=O)N2CCN(CC2)c3ccc(F)cc3)CCC1,1.34,2.1903154761904764,0.8503154761904763
3392,train,CC(C)(C)NC(=O)C(N(Cc1occc1)C(=O)c2ccc([nH]2)c3ccccc3)c4ccncc4,4.13,2.1903154761904764,-1.9396845238095235
4093,train,O=C(NC1CC1)c2cc(on2)c3cccs3,2.54,2.1903154761904764,-0.34968452380952364
912,train,NC1CCN(CC1)c2nccc(C(=O)NCC34CC5CC(CC(C5)C3)C4)c2Cl,1.19,2.1903154761904764,1.0003154761904764
3991,train,Nc1ncnc2sc(nc12)c3c(ncn3Cc4ccccc4N5CCOCC5)c6ccccc6,3.58,2.1903154761904764,-1.3896845238095237
485,train,Nc1nccc(n1)c2ccccc2,2.0,2.1903154761904764,0.1903154761904764
2774,train,C[C@H]1COCCN1c2nc(N3CCOC[C@@H]3C)c4ccc(nc4n2)c5cccc(c5)C(=O)NCCO,2.49,2.1903154761904764,-0.2996845238095238
726,train,C[C@H]1CN(Cc2cc(Cl)ccc2OCC(=O)O)CCN1C(=O)Cc3ccccc3Cl,1.1,2.1903154761904764,1.0903154761904763
2938,train,CC(C)n1c(C)ncc1c2nc(Nc3ccc(C(=O)N(C)C)c(C)c3)ncc2F,2.86,2.1903154761904764,-0.6696845238095235
2628,train,COc1cc(ccc1Nc2ncc(Cl)c(n2)c3cnc4cc(CO)ccn34)N5CCN(CC5)C(=O)C,3.1,2.1903154761904764,-0.9096845238095237
3170,train,CC(N)Cc1c[nH]c2ccc(OCc3cccs3)cc12,0.48,2.1903154761904764,1.7103154761904764
3851,train,CN1CCN(CC1)c2ccc3N=CN(C(=O)c3c2)c4cc(NC(=O)c5cccc(c5)N6CCOCC6)ccc4C,2.69,2.1903154761904764,-0.49968452380952355
2339,train,CC(C)n1c(C)ncc1c2ccnc(Nc3ccc(cc3)C#N)n2,3.62,2.1903154761904764,-1.4296845238095237
1590,train,COc1cc2c(Nc3ccc(F)c(Cl)c3)c(cnc2cc1OCCCN4CCN(C)CC4)C(=O)N,1.2,2.1903154761904764,0.9903154761904764
3517,train,NCC[C@@H](Oc1ccc(Cl)cc1C#N)c2ccccc2,0.91,2.1903154761904764,1.2803154761904763
2716,train,CCN(CC)CCOc1ccc(cc1)C(O)(Cc2ccc(Cl)cc2)c3ccc(C)cc3,3.98,2.1903154761904764,-1.7896845238095236
1085,train,C[C@H](NC(=O)c1cccc2CCN(Cc3ccc(Cl)cc3)c12)c4ccc(cc4)C(=O)O,1.47,2.1903154761904764,0.7203154761904764
1385,train,Cc1ccc2c(c1)c(Sc3ccccc3)c(CC(=O)O)n2C,1.74,2.1903154761904764,0.4503154761904764
1467,train,CC1=NC(=C(NC1=O)c2ccc(CN3CCC(CC3)N4C(=O)Nc5ccccc45)cc2)c6ccccc6,3.9,2.1903154761904764,-1.7096845238095235
4175,train,CC(C)(C)OC(=O)N1CCN(CC1)c2ncc(OCc3ccc(cc3)S(=O)(=O)C)nn2,2.93,2.1903154761904764,-0.7396845238095238
1812,train,CC(C)C(NC(=O)CN1C(=O)C(=CN=C1c2ccccc2)NC(=O)OCc3ccccc3)C(=O)C(F)(F)F,2.12,2.1903154761904764,0.07031547619047629
522,train,C[C@@H](NC1=CC(=O)NCC1)c2ccc(Nc3ncc4cc(ccc4n3)c5ccncc5)cc2,3.02,2.1903154761904764,-0.8296845238095236
2815,train,Clc1ccc(NCCNCC(=O)N2CCC[C@H]2C#N)nc1,0.99,2.1903154761904764,1.2003154761904764
3791,train,CCc1nn(C2CCCC2)c3c1CCn4c(nnc34)c5cccs5,3.6,2.1903154761904764,-1.4096845238095237
2181,train,CNS(=O)(=O)CCc1ccc2[nH]cc(C3CCN(C)CC3)c2c1,0.48,2.1903154761904764,1.7103154761904764
1697,train,CS(=O)(=O)c1ccc(C(=O)Nc2ccc(Cl)c(c2)c3ccccn3)c(Cl)c1,2.84,2.1903154761904764,-0.6496845238095235
4115,train,Cc1c(Sc2ccc(Cl)cc2)c3c(C#N)c(Cl)ccc3n1CC(=O)O,1.6,2.1903154761904764,0.5903154761904763
2303,train,Cc1cccc(NS(=O)(=O)c2cccc3nonc23)c1,3.0,2.1903154761904764,-0.8096845238095236
1743,train,Clc1ccc2NC(=O)CN(C(c3ccccc3)c2c1)C(=O)c4occc4,3.0,2.1903154761904764,-0.8096845238095236
3888,train,COc1ccc(cc1OC)C(=O)Nc2cccc(NC(=O)c3cccc(c3)N(C)C)c2,3.67,2.1903154761904764,-1.4796845238095235
2602,train,CC(C)(C)OC(=O)N1CCC(CC1)OCc2onc(n2)c3ccncc3,3.0,2.1903154761904764,-0.8096845238095236
2202,train,OC(=O)[C@H](Cc1ccccc1F)N2CCC(CN3CCC(CC3)Oc4ccc(Cl)c(Cl)c4)CC2,2.58,2.1903154761904764,-0.3896845238095237
2310,train,Fc1ccc(cc1)C(NC(=O)CC2CCN(Cc3ccn(c3)c4ccc(cc4)C(F)(F)F)CC2)C5=CNC(=O)C=C5,3.04,2.1903154761904764,-0.8496845238095236
1869,train,CN1C(=O)C(=Cc2cnc(NC3CCOCC3)nc12)Oc4ccc(F)cc4F,2.76,2.1903154761904764,-0.5696845238095234
3169,train,CCCNC(=O)c1nnc2c(cccc2c1N)c3cnccc3OC,2.83,2.1903154761904764,-0.6396845238095237
1591,train,Cn1cnc2cc(cnc12)C#Cc3ccccc3,3.5,2.1903154761904764,-1.3096845238095236
566,train,CN(C1CCN(Cc2ccc(cn2)C(F)(F)F)CC1)C(=O)Cc3ccc(cc3)n4cnnn4,1.9,2.1903154761904764,0.2903154761904765
2614,train,OC(=O)c1ccccc1Nc2cccc(c2)C(F)(F)F,2.01,2.1903154761904764,0.1803154761904766
2442,train,CC12NC(Cc3ccccc13)c4ccccc24,1.7,2.1903154761904764,0.49031547619047644
44,train,OC(=O)COc1ccc(cc1c2cc(ccc2F)C#N)C(F)(F)F,-0.16,2.1903154761904764,2.3503154761904765
548,train,Nc1cc(nc2c(cnn12)C#N)c3cccs3,2.3,2.1903154761904764,-0.10968452380952343
2251,train,CS(=O)(=O)c1cccc(Nc2nccc(Nc3cccc4OCOc34)n2)c1,2.83,2.1903154761904764,-0.6396845238095237
2882,train,COCCOc1ccc(cc1)C(=O)Nc2cc(NC(=O)c3cccc(c3)N(C)C)ccc2C,2.74,2.1903154761904764,-0.5496845238095238
652,train,CC1(C)Oc2ncnc(N)c2N=C1c3ccc(cc3)[C@@H]4CC[C@@H](CC(=O)O)CC4,1.32,2.1903154761904764,0.8703154761904763
121,train,CN(C1CCN(CCC(c2ccccc2)c3ccccc3)CC1)C(=O)C4CCC4,3.2,2.1903154761904764,-1.0096845238095238
2735,train,OC(=O)COc1cccc(c1)N2CCC(CN3CCC(CC3)Oc4ccc(Cl)c(Cl)c4)CC2,1.99,2.1903154761904764,0.2003154761904764
3044,train,CCN1C(=O)C=Cc2cnc(Nc3ccc(OC)c(OC)c3)nc12,2.7,2.1903154761904764,-0.5096845238095238
1177,train,CN1CCN(CC(=O)Nc2ccc(C3=CC=CN4C(=O)C=C(N=C34)N5CCOCC5)c6sc7ccccc7c26)CC1,2.6,2.1903154761904764,-0.4096845238095237
2752,train,CC(NC(=O)C1(N)CCN(CC1)c2ncnc3[nH]ccc23)c4ccccc4,2.17,2.1903154761904764,0.020315476190476467
3262,train,C[C@H]1O[C@H]([C@H](O)[C@@H]1O)n2cnc3c(N)nc(OC4CC5CC5C4)nc23,1.66,2.1903154761904764,0.5303154761904765
1374,train,CC(C)C(NC(=O)CN1C(=O)C(=CC=C1c2ccccc2)NC(=O)OCc3ccccn3)C(=O)C(F)(F)F,1.91,2.1903154761904764,0.2803154761904765
3059,train,COc1cc2ncnc(Nc3cc(NC(=O)c4ccnc(c4)N5CCOCC5)ccc3C)c2cc1OCCN(C(C)C)C(C)C,3.5,2.1903154761904764,-1.3096845238095236
3127,train,COc1ccc(OC)c(c1)C(O)CNC(=O)CN,-0.71,2.1903154761904764,2.9003154761904764
737,train,OC1(CN2CCC1CC2)C#Cc3ccc(Oc4ccc(cc4)C(=O)NCc5ccncc5)cc3,2.48,2.1903154761904764,-0.2896845238095236
2234,train,N[C@@H](CC(=O)N1CCn2c(C1)nnc2C(F)(F)F)Cc3cc(F)c(F)cc3F,0.31,2.1903154761904764,1.8803154761904763
4167,train,CNC(=O)c1cccc(c1c2ccc(CC(C)C)cc2)S(=O)(=O)Nc3ncc(C)nc3OC,1.68,2.1903154761904764,0.5103154761904765
3845,train,NC(=O)c1cnc(N[C@H]2CCCNC2)c3cc(Br)sc13,1.08,2.1903154761904764,1.1103154761904763
2532,train,OC(=O)c1cc(ccc1O)N=Nc2ccc(cc2)S(=O)(=O)Nc3ccccn3,-0.58,2.1903154761904764,2.7703154761904765
1023,train,CN1CCC(CC1)(c2cc(nc(n2)c3cccc4[nH]ccc34)N5CCOCC5)S(=O)(=O)C,1.9,2.1903154761904764,0.2903154761904765
1101,train,CN(C)CCOC(C)(c1ccccc1)c2ccccn2,-0.2,2.1903154761904764,2.3903154761904766
1492,train,Cc1ccc(NC(=O)c2cccc(c2)C(F)(F)F)cc1NC(=O)c3cccnc3,3.11,2.1903154761904764,-0.9196845238095235
3114,train,OC(=O)[C@H](Cc1cccc(OCCCNc2ccccn2)c1)NC(=O)c3c(Cl)cccc3Cl,0.16,2.1903154761904764,2.0303154761904763
4026,train,CCS(=O)(=O)c1ccc(c(C)c1)c2cc(ccc2CCC(=O)O)C(F)(F)F,0.76,2.1903154761904764,1.4303154761904764
1894,train,F[C@H]1CN(CCN2C(=O)C=Cc3ccc(cc23)C#N)CC[C@H]1NCc4ccc5OCC(=O)Nc5n4,0.66,2.1903154761904764,1.5303154761904763
1841,train,Cn1c(ccc1c2ccc3NC(=S)OC(C)(C)c3c2)C#N,3.4,2.1903154761904764,-1.2096845238095235
2370,train,NC1(CCC1)c2ccc(cc2)c3c(ccc4ccnn34)c5ccccc5,2.9,2.1903154761904764,-0.7096845238095235
980,train,Nc1ccccc1NC(=O)c2ccc(cc2)c3ncccc3C#N,1.58,2.1903154761904764,0.6103154761904763
1180,train,CC[C@H](NC(=O)c1c([S+](C)[O-])c(nc2ccccc12)c3ccccc3)c4cccnc4,2.2,2.1903154761904764,-0.009684523809523782
2233,train,CNC1(C)C2CCC(C2)C1(C)C,-0.84,2.1903154761904764,3.0303154761904763
3015,train,CCCCc1nc2c(N)nc3ccccc3c2n1Cc4ccccc4,4.17,2.1903154761904764,-1.9796845238095235
685,train,CNc1c(Cl)cnc2[nH]c(nc12)c3ccc(OCCN4CCOCC4)cc3,2.63,2.1903154761904764,-0.4396845238095235
3425,train,CSc1ccc(cc1)c2nc(c3ccc(F)cc3)c([nH]2)c4ccncc4,2.97,2.1903154761904764,-0.7796845238095238
1786,train,CC(=O)N1CCN(CC1)c2ccc(OCC3COC(Cn4ccnc4)(O3)c5ccc(Cl)cc5Cl)cc2,3.7,2.1903154761904764,-1.5096845238095238
2883,train,O=C(CSC1=NC2=C(SCC2)C(=O)N1c3ccccc3)Nc4ncc(s4)c5ccccc5,3.95,2.1903154761904764,-1.7596845238095238
1856,train,CN1C=C(C(=O)c2c(O)cc(O)cc12)c3ccc(O)cc3,2.2,2.1903154761904764,-0.009684523809523782
2708,train,Cc1ccc(CN2[C@@H]3CC[C@H]2C[C@@H](C3)Oc4cccc(c4)C(=O)N)s1,2.44,2.1903154761904764,-0.24968452380952355
2646,train,COc1ccc(cc1)c2c(C)[nH]nc2c3ccc(O)cc3O,3.37,2.1903154761904764,-1.1796845238095237
2258,train,CC(C)C(NC(=O)CN1C(=O)c2nc(O)nc(O)c2C=C1c3ccccc3)C(=O)C(F)(F)F,1.88,2.1903154761904764,0.3103154761904765
764,train,OC(=O)c1cccc(c1)C(=O)N2CCC(CC2)N3CCC(CC3)Oc4ccc(Cl)c(Cl)c4,1.23,2.1903154761904764,0.9603154761904764
489,train,COc1ccc2[nH]c3CCN(Cc3c2c1)C(=O)[C@@H]4CCCC[C@H]4C(=O)NC5(CC5)C#N,2.4,2.1903154761904764,-0.20968452380952352
297,train,Nc1nc(N)c2nc(c(N)nc2n1)c3ccccc3,1.16,2.1903154761904764,1.0303154761904765
811,train,Oc1ccc(CCNCCS(=O)(=O)CCCOCCc2oc3ccccc3c2)c4sc(O)nc14,2.86,2.1903154761904764,-0.6696845238095235
2633,train,NC1=NC(Nc2cccc(F)c12)c3cccs3,0.91,2.1903154761904764,1.2803154761904763
887,train,CN(c1ccccc1)c2ccnc(Nc3cc(cc(c3)N4CCOCC4)N5CCOCC5)n2,3.47,2.1903154761904764,-1.2796845238095238
1281,train,CN(C)c1ncnc2nc[nH]c12,0.95,2.1903154761904764,1.2403154761904764
1832,train,CC(C)C(NC(=O)CN1C(=O)C(=CC=C1c2ccccc2)NS(=O)(=O)c3ccccc3)C(=O)C(F)(F)F,2.26,2.1903154761904764,-0.06968452380952339
3868,train,Nc1ccc2cccc(Nc3ncccn3)c2n1,2.7,2.1903154761904764,-0.5096845238095238
2979,train,CC(=O)C1=C(C)c2cnc(Nc3ccc(cn3)N4CCNCC4)nc2N(C5CCCC5)C1=O,0.8,2.1903154761904764,1.3903154761904764
374,train,CC1CCC(CC(=O)Nc2cccc3ncccc23)CC1,3.56,2.1903154761904764,-1.3696845238095237
4058,train,Cc1nc2nc(NC(=O)c3ccc(F)cc3)nn2c(O)c1Cc4ccccc4,2.2,2.1903154761904764,-0.009684523809523782
2491,train,CC1(C)CCC(CC1)NC(=O)[C@@H](N)CCC(=O)O,-0.27,2.1903154761904764,2.4603154761904764
2753,train,O=C1COc2ccc(CNC3CCN(CCN4C(=O)COc5ccc(cc45)c6occc6)CC3)nc2N1,2.19,2.1903154761904764,0.00031547619047644915
3985,train,CC1=CC2=NNC(=O)N2c3cc(ccc13)c4cccnc4,2.72,2.1903154761904764,-0.5296845238095238
1889,train,Cc1nnc2CN=C(c3ccccc3Cl)c4cc(Cl)ccc4n12,2.34,2.1903154761904764,-0.14968452380952346
2855,train,CCOC(=O)c1ccc(OCCC2CCN(CC2)c3ccc(C)nn3)cc1,4.42,2.1903154761904764,-2.2296845238095235
2116,train,Cn1ncc(Cl)c1c2cc(sc2Cl)C(=O)N[C@H](CN)Cc3cccc(F)c3,2.99,2.1903154761904764,-0.7996845238095238
1478,train,Oc1ccc(cc1)C2=COc3cc(O)cc(O)c3C2=O,3.06,2.1903154761904764,-0.8696845238095237
3106,train,COc1c(C)c2COC(=O)c2c(O)c1C\C=C(/C)\CCC(=O)OCCN3CCOCC3,2.26,2.1903154761904764,-0.06968452380952339
3632,train,CCN(C1CCN(CCC(c2ccccc2)c3ccccc3)CC1)C(=O)Cc4ccc(cc4)S(=O)(=O)N(C)C,3.7,2.1903154761904764,-1.5096845238095238
1608,train,COCCNC(=O)c1ccc(Nc2ncc3cc(ccc3n2)c4cccnc4)cc1,3.11,2.1903154761904764,-0.9196845238095235
1278,train,O=C(NCCCCc1ccccc1)c2ccccc2,3.8,2.1903154761904764,-1.6096845238095234
3907,train,CNc1ncnc2c(CNc3cc(NC(=O)c4ccc5OCCOc5c4)ccc3C)cccc12,4.0,2.1903154761904764,-1.8096845238095236
3524,train,COc1ccc2Sc3ccccc3N(C[C@H](C)CN(C)C)c2c1,2.99,2.1903154761904764,-0.7996845238095238
313,train,CCOC(=O)C(CCc1ccccc1)NC2CCc3ccccc3N(CC(=O)O)C2=O,-0.2,2.1903154761904764,2.3903154761904766
1907,train,CCc1c(C)nc2sc(C(=O)N)c(N)c2c1C,2.62,2.1903154761904764,-0.4296845238095237
3730,train,CNCCC(Oc1ccccc1OC)c2ccccc2,0.22,2.1903154761904764,1.9703154761904764
525,train,CSc1nc(nn1Cc2ccccc2)c3ccccc3,3.83,2.1903154761904764,-1.6396845238095237
3280,train,CC(C)N1CCN[C@@H](CN2CCN(CC2)C(=O)Nc3ccc(Cl)c(Cl)c3)C1,1.92,2.1903154761904764,0.27031547619047647
345,train,CN1CCN(CC1)c2cc(F)cc3C(=O)C=C(Nc23)C(=O)Nc4ccc(cc4)N5CCOCC5,2.7,2.1903154761904764,-0.5096845238095238
3750,train,COc1ccc2c(Oc3ccc(CC(=O)Nc4n[nH]c(C)c4C)c(OC)c3)ccnc2c1,3.78,2.1903154761904764,-1.5896845238095234
1690,train,COC1=CC=C2C(=CC1=O)C(CCc3cc(OC)c(OC)c(OC)c23)NC(=O)C,1.12,2.1903154761904764,1.0703154761904763
38,train,COc1ccc2ncc(C#N)c(CCN3CCC(CC3)NCc4cc5SCOc5cn4)c2c1,2.55,2.1903154761904764,-0.3596845238095234
1053,train,COc1cc2nc(nc(N)c2cc1OC)N3CCN(CC3)C(=O)C4CCCO4,0.9,2.1903154761904764,1.2903154761904765
3487,train,CS(=O)(=O)c1ccc(cc1)c2cc(ccc2OCC(=O)O)C(F)(F)F,-0.87,2.1903154761904764,3.0603154761904765
561,train,CCCCN(CCCC)CCCOC(=O)c1ccc(N)cc1,1.93,2.1903154761904764,0.26031547619047646
1463,train,CN(C)C(=O)c1ncc(Oc2cc(cc3oc(C)cc23)C(=O)Nc4cnc(C)cn4)cn1,2.1,2.1903154761904764,0.09031547619047631
1158,train,CN1CCCC(COc2nccc(Nc3cc(NC(=O)c4ccnc(c4)N5CCOCC5)ccc3C)n2)C1,1.9,2.1903154761904764,0.2903154761904765
955,train,CS(=O)(=O)Cc1cc(nc(n1)c2cccc(CO)c2)N3CCOCC3,1.0,2.1903154761904764,1.1903154761904764
1219,train,Nc1nc(Cl)nc(NCc2ccccc2)n1,2.26,2.1903154761904764,-0.06968452380952339
1039,train,CCC(=O)NCC[C@@H]1CCc2ccc3OCCc3c12,2.57,2.1903154761904764,-0.37968452380952344
436,train,O=C(NC1(CC1)C#N)[C@@H]2CCCC[C@H]2C(=O)N3CCc4oc5ccccc5c4C3,3.01,2.1903154761904764,-0.8196845238095234
3237,train,CC(C)n1c(C)ncc1c2ccnc(Nc3ccc(C(=O)N)c(F)c3)n2,2.8,2.1903154761904764,-0.6096845238095234
4108,train,CC(C)N(C(C)C)c1nnc(N)s1,1.49,2.1903154761904764,0.7003154761904764
2178,train,CN(CCN(C)C(=O)CCOCCc1ccccc1)CCc2ccc(O)c3nc(O)sc23,2.59,2.1903154761904764,-0.39968452380952346
2249,train,C[C@H](CO)Nc1nc(SCc2csc(C)n2)nc3NC(=O)Sc13,1.73,2.1903154761904764,0.4603154761904764
3006,train,CC(C)n1c(C)ncc1c2ccnc(Nc3ccc(cc3)C(=O)N(C)C)n2,2.45,2.1903154761904764,-0.2596845238095238
4039,train,CN1CCC(CC1)Oc2cccc3ncnc(Nc4ccc(OCc5cnccn5)c(Cl)c4)c23,3.21,2.1903154761904764,-1.0196845238095236
999,train,COc1ccc2c(c1)cc(C(=O)O)n2Cc3ccc(Cl)c(Cl)c3,1.66,2.1903154761904764,0.5303154761904765
1814,train,NC(=O)c1cncc(O[C@H]2C[C@H]3CC[C@@H](C2)N3Cc4ccccc4)n1,1.1,2.1903154761904764,1.0903154761904763
3175,train,COc1cc(O)c(cc1NC(=O)CCC(=O)O)S(=O)(=O)N2C(C)CCc3ccccc23,-0.27,2.1903154761904764,2.4603154761904764
2124,train,CS(=O)(=O)c1ccc(s1)C(=O)NC[C@@H](O)CN2CCC(CC2)Oc3ccc(Cl)c(Cl)c3,2.86,2.1903154761904764,-0.6696845238095235
95,train,CC(C)N(CCCNC(=O)Nc1ccc(cc1)C(C)(C)C)C[C@H]2O[C@H]([C@H](O)[C@@H]2O)n3cnc4c(N)ncnc34,2.2,2.1903154761904764,-0.009684523809523782
2756,train,Cc1onc(CO)c1C(=O)Nc2nccs2,1.53,2.1903154761904764,0.6603154761904764
1265,train,CC#CCN1C(=O)N(CC2CC2)c3nn(Cc4ccnc5ccc(Cl)cc45)c(c3C1=O)c6cncn6C,3.61,2.1903154761904764,-1.4196845238095235
161,train,Clc1ccc(cc1C(=O)NCC2CCCCC2)N3N=CC(=O)NC3=O,1.26,2.1903154761904764,0.9303154761904764
1220,train,COc1cccc(COCC(O)CN2CCC(CC2)C(=O)N)c1,-0.5,2.1903154761904764,2.6903154761904764
1354,train,CN(C)c1ccnc2sc3C(=O)N(C=Nc3c12)c4ccccc4,2.34,2.1903154761904764,-0.14968452380952346
1828,train,CCS(=O)(=O)c1ccc(c(C)c1)c2cc(Cl)ccc2OCC(=O)O,-0.65,2.1903154761904764,2.8403154761904763
2049,train,O=C(N1CCN(CC1)c2ccccn2)c3cccc(CC4=NNC(=O)c5ccccc45)c3,2.36,2.1903154761904764,-0.16968452380952348
1552,train,NC(=N)N1CCc2ccccc2C1,-1.01,2.1903154761904764,3.200315476190476
2786,train,OC1(CCN(CC1)c2ccc3nnc(n3n2)C(F)(F)F)c4ccc(F)cc4,3.5,2.1903154761904764,-1.3096845238095236
3962,train,CN1CCN(CC1)S(=O)(=O)c2ccc(cc2)c3cnc(N)c(n3)C(=O)Nc4cnccc4CN5CCCC5,3.28,2.1903154761904764,-1.0896845238095234
482,train,Oc1ccc(cc1)C2CC(=O)c3ccc(O)cc3O2,2.4,2.1903154761904764,-0.20968452380952352
233,train,O=C(Nc1nc2C(=O)NC=Nc2s1)c3ccccc3,1.94,2.1903154761904764,0.25031547619047645
4057,train,NC(=N)Nc1oc2ccccc2n1,1.91,2.1903154761904764,0.2803154761904765
1174,train,COCCOc1nc(N)c2NC(=O)N(Cc3cccc(CC(=O)OC)c3)c2n1,1.86,2.1903154761904764,0.3303154761904763
1685,train,C[C@@H](c1ncncc1F)[C@](O)(Cn2cncn2)c3ccc(F)cc3F,1.7,2.1903154761904764,0.49031547619047644
3352,train,Cc1c(Oc2ccc(Cl)cc2)c3c(NS(=O)(=O)C)cccc3n1CC(=O)O,-0.98,2.1903154761904764,3.1703154761904764
1772,train,CN1C(=O)N(CC2CC2)c3nn(Cc4ccnc5ccc(Cl)cc45)c(c6cncn6C)c3C1=O,2.69,2.1903154761904764,-0.49968452380952355
724,train,O[C@@H](CNCCSCCCOCCc1ccccc1)c2ccc(O)c3NC(=O)Sc23,2.54,2.1903154761904764,-0.34968452380952364
3671,train,CC(C)n1c2ccccc2c3cc(NC(=O)N4CCOCC4)ccc13,3.55,2.1903154761904764,-1.3596845238095234
3495,train,CNC(=O)c1cccc(NC(=O)Nc2cccc(c2)C#N)c1CN3CCC(Cc4ccc(F)cc4)CC3,3.97,2.1903154761904764,-1.7796845238095238
2520,train,CN1CCN(CC1)C(=O)c2cc3cc(F)ccc3[nH]2,1.97,2.1903154761904764,0.22031547619047642
3686,train,[O-][N+](=O)c1cc(C(=O)NCC=C)c2N=C(Nc3ccc(Cl)c(Cl)c3)NC(=O)c2c1,2.7,2.1903154761904764,-0.5096845238095238
316,train,Nc1ncc(nc1C(=O)Nc2cccnc2)c3ccc(cc3)S(=O)(=O)N4CCOCC4,2.83,2.1903154761904764,-0.6396845238095237
386,train,CCCCN(CCNC[C@H](O)c1ccc(O)c2NC(=O)Sc12)C(=O)CCOCCc3ccccc3,2.51,2.1903154761904764,-0.3196845238095234
3028,train,CC(C)C(=O)Nc1ccc2C(=O)NC(=O)c2c1,1.55,2.1903154761904764,0.6403154761904764
2084,train,CNCC[C@@H](Oc1cc(ccc1C#N)C(F)(F)F)c2ccccc2,1.3,2.1903154761904764,0.8903154761904764
2636,train,CC(C)(N)C(=O)N[C@H](Cc1c[nH]c2ccccc12)C(=O)N[C@H](Cc3c[nH]c4ccccc34)NC=O,1.0,2.1903154761904764,1.1903154761904764
2350,train,CS(=O)(=O)Nc1cc(Nc2nccc(Nc3c(Cl)ccc4OCOc34)n2)cc(c1)C(=O)N,2.28,2.1903154761904764,-0.08968452380952341
143,train,CC(=O)Nc1ccc(cc1)C(=O)Nc2ccccc2N,0.82,2.1903154761904764,1.3703154761904766
2789,train,CN(C1CCN(CCC(c2ccccc2)c3ccccc3)CC1)C(=O)NCc4ccccc4,3.4,2.1903154761904764,-1.2096845238095235
3038,train,Brc1ccccc1C(=O)NCC23CC4CC(CC(C4)C2)C3,4.15,2.1903154761904764,-1.959684523809524
479,train,CN1CCCC1c2cccnc2,0.5,2.1903154761904764,1.6903154761904764
1943,train,O[C@H](CNC(=O)C1=CNC(=O)C=C1C(F)(F)F)CN2CCC(CC2)Oc3ccc(Cl)c(Cl)c3,2.71,2.1903154761904764,-0.5196845238095236
4122,train,COc1cc(ccc1Nc2ncc(Cl)c(n2)c3cnc4ccccn34)N5CCN(CCS(=O)(=O)C)CC5,3.1,2.1903154761904764,-0.9096845238095237
3553,train,CN[C@@H](C)C(=O)N[C@@H](C1CCCCC1)C(=O)N[C@H]2CCN(CCCc3ccccc3)C2,1.9,2.1903154761904764,0.2903154761904765
2680,train,CCC(N(CC1CCNCC1)C(=O)c2ccc(C)cc2)C3=Nc4ccsc4C(=O)N3Cc5ccccc5,1.33,2.1903154761904764,0.8603154761904763
1658,train,Nc1ccc2C(=O)C(=O)c3ccccc3c2c1,2.39,2.1903154761904764,-0.19968452380952373
3890,train,COc1cc(OC2CCN(C)CC2)c3c(Nc4cccc5OCOc45)ncnc3c1,3.02,2.1903154761904764,-0.8296845238095236
3124,train,COc1ccc(N(C(C(=O)NC[C@@H](C)O)c2ccccc2F)C(=O)c3occc3Cl)c(OC)c1,2.18,2.1903154761904764,0.010315476190476236
1536,train,CNS(=O)(=O)c1ccc(Oc2ccc(cc2)C#C[C@]3(O)CN4CCC3CC4)cc1,2.03,2.1903154761904764,0.1603154761904766
2868,train,COc1cc2c(Nc3cnc(NC(=O)c4ccccc4)nc3)ncnc2cc1OCCCN5CCOCC5,2.7,2.1903154761904764,-0.5096845238095238
953,train,NC(=O)NC(=O)C(Nc1ccc2CCCc2c1)c3ccccc3,3.3,2.1903154761904764,-1.1096845238095234
19,train,CO[C@H]1CN(CCN2C(=O)C=Cc3ccc(cc23)C#N)CC[C@H]1NCc4ccc5OCC(=O)Nc5n4,0.32,2.1903154761904764,1.8703154761904763
3011,train,Cc1cnccc1COc2cnc(nc2)N3CCN(CC3)C(=O)OC(C)(C)C,3.8,2.1903154761904764,-1.6096845238095234
2638,train,CCC1(NC(=O)N(C)C1=O)c2ccccc2,1.59,2.1903154761904764,0.6003154761904763
1239,train,C[C@H]1COCCN1c2cc(CS(=O)(=O)C)nc(n2)c3ccc4[nH]ccc4c3,2.38,2.1903154761904764,-0.1896845238095235
1142,train,C[C@H]1CCCN1CCc2oc3ccc(cc3c2)c4ccc(cc4)C#N,3.25,2.1903154761904764,-1.0596845238095236
653,train,CN(C)c1ccc(cc1)S(=O)(=O)NC(=O)N2CCC(CC2)N3CCC(CC3)Oc4ccc(Cl)c(Cl)c4,1.7,2.1903154761904764,0.49031547619047644
3770,train,COc1ccc2N=CC(=O)N(CCN3CCC(CC3)NCc4cc5OCCOc5cn4)c2c1,0.93,2.1903154761904764,1.2603154761904762
1129,train,CCN(C1CCN(CCC(c2ccccc2)c3ccc(cc3)C#N)CC1)C(=O)Cc4ccc(cc4)S(=O)(=O)C,2.76,2.1903154761904764,-0.5696845238095234
1979,train,Oc1cccc(NC(=O)c2ccc(OCCCN3CCCC3)cc2OCc4cccc(c4)C#N)c1,2.41,2.1903154761904764,-0.21968452380952375
3494,train,FC(F)(F)c1nn(cc1C(=O)NCCNC(=O)c2ccc(Cl)cn2)c3ccccc3,3.8,2.1903154761904764,-1.6096845238095234
666,train,CCNCc1cnc(s1)c2ccc(cc2)C(=O)Nc3ccccc3N,0.95,2.1903154761904764,1.2403154761904764
1997,train,COc1cnccc1COc2cnc(nc2)N3CCN(CC3)C(=O)OC(C)(C)C,3.8,2.1903154761904764,-1.6096845238095234
911,train,CC(N)C(=O)Nc1c(C)cccc1C,-0.15,2.1903154761904764,2.3403154761904763
1540,train,Cc1cc(Oc2ccnc(Nc3ccc(cc3)N4CCOCC4)c2)c(nc1C)c5ccccn5,2.59,2.1903154761904764,-0.39968452380952346
2209,train,Cc1ccc(cc1)S(=O)(=O)Nc2c(cnn2c3ccccc3)C(=O)NC4CCCCC4,0.8,2.1903154761904764,1.3903154761904764
3168,train,CCN[C@H]1C[C@H](C)S(=O)(=O)c2sc(cc12)S(=O)(=O)N,0.27,2.1903154761904764,1.9203154761904764
865,train,COc1cc2ncnc(Nc3cc(NC(=O)c4ccnc(c4)N5CCOCC5)ccc3C)c2cc1OCCN6CCOCC6,3.19,2.1903154761904764,-0.9996845238095236
3249,train,NC(=O)Nc1cc(sc1C(=O)N)c2ccccc2,2.43,2.1903154761904764,-0.23968452380952376
1164,train,Cn1cncc1c2c3C(=O)N(CC#CCO)C(=O)N(CC4CC4)c3nn2Cc5ccnc6ccc(Cl)cc56,2.55,2.1903154761904764,-0.3596845238095234
753,train,CN1CCN(CC1)c2ccc3N=CN(C(=O)c3c2)c4cc(NC(=O)c5ccc(cc5)C#N)ccc4C,2.73,2.1903154761904764,-0.5396845238095236
2071,train,Cc1nc2ccc(NC(=O)CCNC(=O)N)cc2s1,0.9,2.1903154761904764,1.2903154761904765
2117,train,Nc1nc(O)c2ncn(COCCO)c2n1,-1.42,2.1903154761904764,3.6103154761904763
1923,train,OC(=O)c1ccc(cc1)n2ncc(C(=O)NC3C4CC5CC(CC3C5)C4)c2C6CCCC6,1.72,2.1903154761904764,0.4703154761904764
1287,train,CC1=CN([C@H]2CCCN(C2)S(=O)(=O)c3ccc(O)c(Oc4cccc(Br)c4)c3)C(=O)NC1=O,2.3,2.1903154761904764,-0.10968452380952343
3869,train,O=C1C=C(N=C2C=CC=CN12)N3CCOCC3,1.0,2.1903154761904764,1.1903154761904764
817,train,COc1cc(ccc1Nc2ncc(Cl)c(n2)c3cnc4c(OC)cccn34)N5CCN(CC5)C(=O)C,3.5,2.1903154761904764,-1.3096845238095236
3455,train,Oc1ccc(cc1)C2CC(=O)c3c(O)cc(O)cc3O2,2.6,2.1903154761904764,-0.4096845238095237
2380,train,CN(c1ccnc(Nc2cc(OC3CCOCC3)cc(c2)N4CCOCC4)n1)c5cc(CO)ccc5C,3.7,2.1903154761904764,-1.5096845238095238
3677,train,N[C@@H](Cc1c[nH]c2ccccc12)C(=O)O,-1.08,2.1903154761904764,3.2703154761904765
145,train,Oc1nc(nc2CCSCc12)c3ccc(cc3)C(F)(F)F,3.07,2.1903154761904764,-0.8796845238095234
150,train,COc1ccc(c(OC)n1)c2c(F)ccc3c(N)c(nnc23)C(=O)NC4CC4,3.37,2.1903154761904764,-1.1796845238095237
1347,train,CCC(=O)N[C@H]1CC[C@H](C1)C(=O)N(C)c2ccc(cc2)c3oc4ccccc4n3,3.4,2.1903154761904764,-1.2096845238095235
1466,train,CCCc1c(O)c(ccc1OCCCSc2ccc(CC(=O)O)cc2Cl)C(=O)CC,3.57,2.1903154761904764,-1.3796845238095234
941,train,Clc1ccc(cc1)c2oc(cc2)C(=O)N(Cc3ccccn3)c4ccc(cc4)N5CCNCC5,3.0,2.1903154761904764,-0.8096845238095236
1217,train,Nc1cccc2C(=O)N(Cc3cccc(Cl)c3)C(=O)c12,3.18,2.1903154761904764,-0.9896845238095238
986,train,COC(=O)[C@H](Cc1ccc(cc1)[N+](=O)[O-])NC(=O)c2cccc3ccccc23,3.58,2.1903154761904764,-1.3896845238095237
2217,train,CCCSc1nc(N[C@@H]2C[C@H]2c3ccccc3)c4nnn([C@@H]5C[C@H](CO)[C@@H](O)[C@H]5O)c4n1,3.99,2.1903154761904764,-1.7996845238095238
3194,train,Cc1c(Sc2ccc(Cl)cc2)c3c(Cl)cccc3n1CC(=O)O,2.15,2.1903154761904764,0.040315476190476485
1209,train,Oc1ccc(cc1)C2=COc3cc(O)ccc3C2=O,2.46,2.1903154761904764,-0.26968452380952357
651,train,CS(=O)(=O)N1CCN(Cc2cc3nc(nc(N4CCOCC4)c3s2)c5cccc6[nH]ncc56)CC1,3.3,2.1903154761904764,-1.1096845238095234
2113,train,OCCNCCNc1ccc2c(NC(=O)CC34CC5CC(CC(C5)C3)C4)cccc2n1,1.79,2.1903154761904764,0.40031547619047636
910,train,CCCCNc1nc(N)c2NC(=O)N(Cc3ccc(OCCN(C)C)nc3)c2n1,1.9,2.1903154761904764,0.2903154761904765
883,train,CC(C)C(NC(=O)CN1C(=O)C(=CC=C1c2ccccc2)NC(=O)Cc3ccccc3C(=O)O)C(=O)C(F)(F)F,1.14,2.1903154761904764,1.0503154761904765
1622,train,COc1ccc(\C=C/2\CCc3ccccc3C2=O)cc1CN4CCOCC4,3.8,2.1903154761904764,-1.6096845238095234
1152,train,O=C1N=C(NCc2ccccc2)SN1Cc3ccccc3,3.01,2.1903154761904764,-0.8196845238095234
473,train,CN1C(=N)N(CC(=O)c2ccc(Cl)cc2)c3ccccc13,1.63,2.1903154761904764,0.5603154761904765
166,train,CCCNC(=O)CSc1ccc(cn1)S(=O)(=O)N2CCCC2,1.55,2.1903154761904764,0.6403154761904764
795,train,COc1cc(ccc1Nc2ncc(Cl)c(n2)c3cnc4ccc(cn34)N(C)C)N5CCN(CC5)C(=O)C,4.1,2.1903154761904764,-1.9096845238095232
3693,train,OC(=O)c1ccccc1N2CCC(CN3CCC(CC3)Oc4ccc(Cl)c(Cl)c4)CC2,2.83,2.1903154761904764,-0.6396845238095237
499,train,CC1=CN([C@H]2CCCN(C2)S(=O)(=O)c3ccc(O)c(Oc4cc(F)cc(Cl)c4)c3)C(=O)NC1=O,2.35,2.1903154761904764,-0.1596845238095237
2219,train,OC(CN1CCCCC1)(C(=O)c2ccccc2)c3ccccc3,3.41,2.1903154761904764,-1.2196845238095237
334,train,COc1cc2ncnc(Nc3cc(NC(=O)c4ccnc(c4)N5CCOCC5)ccc3C)c2cc1OCCN6CCCC6,2.7,2.1903154761904764,-0.5096845238095238
2096,train,C[C@@H]1CN(CCN1c2ncc(OCc3ccncc3C#N)cn2)c4onc(n4)C(F)(F)F,3.1,2.1903154761904764,-0.9096845238095237
230,train,OC(=O)[C@H](Cc1ccccc1)N2CCC(CN3CCC(CC3)Oc4ccc(Cl)c(Cl)c4)CC2,2.5,2.1903154761904764,-0.3096845238095236
97,train,CCSc1c(Cc2ccccc2C(F)(F)F)sc3N(CC(C)C)C(=O)N(C)C(=O)c13,4.49,2.1903154761904764,-2.299684523809524
3534,train,OC[C@H](O)CN1C(=O)[C@H](Cc2ccccc12)NC(=O)c3cc4cc(Cl)sc4[nH]3,3.3,2.1903154761904764,-1.1096845238095234
2221,train,CN1CCN(CC1)S(=O)(=O)c2ccc(c(C)c2)c3cnc(N)c(n3)C(=O)Nc4cccnc4,2.6,2.1903154761904764,-0.4096845238095237
435,train,[O-]c1c2c(nn1c3ccc(Cl)cc3)c4ccccc4c[n+]2Cc5ccccc5,4.5,2.1903154761904764,-2.3096845238095236
3188,train,COc1ccccc1CN2C(C(=O)NC3CCC(C)CC3)c4ccccc4C2=O,3.74,2.1903154761904764,-1.5496845238095238
2331,train,COc1ccc(cc1)C(=O)N2CCCC2=O,0.93,2.1903154761904764,1.2603154761904762
3551,train,FC(F)(F)CCS(=O)(=O)Oc1ccc(NC(=O)c2ccc(Cn3ccnn3)c4ccccc24)c(n1)C(=O)NCC5CCOCC5,4.2,2.1903154761904764,-2.009684523809524
1369,train,O=C(NCc1ccccn1)c2ccc(Oc3ccccc3)cc2,2.7,2.1903154761904764,-0.5096845238095238
4083,train,CCOc1cc(ccc1NC(=O)CN2CCOCC2)c3cccc4C(=O)C=C(Oc34)N5CCOCC5,2.8,2.1903154761904764,-0.6096845238095234
944,train,OCCN1CCN(CCCN2c3ccccc3Sc4ccc(Cl)cc24)CC1,3.6,2.1903154761904764,-1.4096845238095237
1080,train,Nc1cc(c(cn1)c2cc(nc(n2)N3CCOCC3)N4CCOCC4)C(F)(F)F,2.7,2.1903154761904764,-0.5096845238095238
2848,train,CCNC(=O)OC[C@@H](C)N(c1cc(Cl)ccc1CO)S(=O)(=O)c2ccc(Cl)cc2,3.4,2.1903154761904764,-1.2096845238095235
3424,train,Oc1cc(Cl)cc(Cl)c1,3.58,2.1903154761904764,-1.3896845238095237
4072,train,Clc1ccc(cc1)C2(CCNCC2)c3ccc(cc3)c4cn[nH]c4,1.51,2.1903154761904764,0.6803154761904764
2403,train,CC(C)[N+](C)(CCOC(=O)C1c2ccccc2Oc3ccccc13)C(C)C,0.2,2.1903154761904764,1.9903154761904764
2307,train,Cc1c(Cl)ccc(OC2CCN(C[C@H](O)CNC(=O)C3=CNC(=O)C=C3C(F)(F)F)CC2)c1Cl,3.14,2.1903154761904764,-0.9496845238095237
3462,train,CS(=O)(=O)c1ccc(cc1Cl)[C@@H](CC2CCCC2)C(=O)Nc3cnc(cn3)[C@H](O)CO,2.58,2.1903154761904764,-0.3896845238095237
1323,train,COc1cc2nnc(C(=O)N)c(Nc3ccc(F)cc3F)c2cc1N4CCN(C)CC4,2.36,2.1903154761904764,-0.16968452380952348
657,train,CS(=O)(=O)NCCC(NC(=O)C1(N)CCN(CC1)c2ncnc3[nH]ccc23)c4ccc(Cl)cc4,2.2,2.1903154761904764,-0.009684523809523782
3670,train,O[C@@H](CNCCc1cccc(CNCCc2ccccc2Cl)c1)c3ccc(O)c4NC(=O)Sc34,1.63,2.1903154761904764,0.5603154761904765
656,train,COc1cc2ncnc(Nc3ccc(Cl)c(O)c3)c2cc1OC,3.3,2.1903154761904764,-1.1096845238095234
752,train,O[C@H](CNC(=O)C1=CNC(=O)c2cc(ccc12)S(=O)(=O)NC3CC3)CN4CCC(CC4)Oc5ccc(Cl)c(Cl)c5,3.67,2.1903154761904764,-1.4796845238095235
3650,train,Brc1cnc(NCc2ccccc2)nc1Nc3cc([nH]n3)C4CC4,4.11,2.1903154761904764,-1.919684523809524
2029,train,Cc1c(CC(=O)O)c2cc(F)ccc2n1S(=O)(=O)c3ccc(cc3)S(=O)(=O)C,-0.44,2.1903154761904764,2.6303154761904763
138,train,COc1ccc(cc1)C2=CC(=O)c3ccccc3N2,2.71,2.1903154761904764,-0.5196845238095236
3421,train,CNC(=O)c1ccc(Nc2ncc(F)c(n2)c3cnc(C)n3C(C)C)cc1,3.0,2.1903154761904764,-0.8096845238095236
631,train,COc1c2OC(=O)C=Cc2cc3ccoc13,1.97,2.1903154761904764,0.22031547619047642
1677,train,C[C@]12CCC(=O)C=C1C=C[C@@H]3[C@@H]2CC[C@@]4(C)[C@H]3CC[C@@]45CCC(=O)O5,3.2,2.1903154761904764,-1.0096845238095238
2199,train,CC(=O)Nc1nc(cs1)c2cccs2,2.77,2.1903154761904764,-0.5796845238095236
620,train,Cc1cc(C)c2c(N)c(sc2n1)C(=O)NCc3ccccc3,3.41,2.1903154761904764,-1.2196845238095237
4096,train,Nc1nc(N)nc(n1)c2ccc(Cl)cc2,2.12,2.1903154761904764,0.07031547619047629
1603,train,CCOc1cc2ncc(C(=O)N)c(Nc3ccc(F)cc3F)c2cc1N4CCC(O)CC4,2.74,2.1903154761904764,-0.5496845238095238
2460,train,C[C@@H](N(c1cc(F)ccc1F)S(=O)(=O)c2ccc(Cl)cc2)c3ccc(F)cc3CCCC(=O)O,3.1,2.1903154761904764,-0.9096845238095237
1579,train,CCOC(=O)Nc1ccc2Sc3ccccc3N(C(=O)CCN4CCOCC4)c2c1,3.1,2.1903154761904764,-0.9096845238095237
2787,train,Cc1cc(Cl)ccc1OC2CCN(C[C@H](O)CNC(=O)C3=CNC(=O)c4cc(ccc34)S(=O)(=O)C)CC2,2.42,2.1903154761904764,-0.22968452380952353
1648,train,COc1ccc(Cc2nccc3cc(OC)c(OC)cc23)cc1OC,2.81,2.1903154761904764,-0.6196845238095237
2505,train,CCCCC(CC)CNC(=O)c1cc(ccc1Cl)N2N=CC(=O)NC2=O,2.41,2.1903154761904764,-0.21968452380952375
1616,train,Nc1nc(nn1Cc2ccccc2)c3ccccc3,1.91,2.1903154761904764,0.2803154761904765
3593,train,C[C@H](Nc1nc(Nc2ncc(C)s2)cc(n1)N3CCOCC3)c4ncc(F)cn4,2.68,2.1903154761904764,-0.48968452380952376
2890,train,CN(CCNC[C@H](O)c1ccc(O)c2NC(=O)Sc12)C(=O)CCOCCc3ccccc3,1.21,2.1903154761904764,0.9803154761904764
1525,train,Cc1cc(C)c(C(=O)N[C@@H](Cc2ccc(OCCCNc3ccccn3)cc2)C(=O)O)c(C)c1,0.49,2.1903154761904764,1.7003154761904764
172,train,Cc1ccc2c(c1)c(c(C)n2CC(=O)O)c3ccnc4ccc(cc34)C(F)(F)F,1.78,2.1903154761904764,0.41031547619047637
587,train,NC1(CCC1)c2ccc(cc2)c3ncc4ncccc4c3c5ccccc5,2.0,2.1903154761904764,0.1903154761904764
1604,train,CN1CCN(CC1)c2cc3c(Nc4ccc(F)cc4F)c(cnc3cc2F)C(=O)N,2.63,2.1903154761904764,-0.4396845238095235
3160,train,C(CN1CCCC1)Oc2ccc(Nc3ncc4cc(ccc4n3)c5ccncc5)cc2,2.66,2.1903154761904764,-0.46968452380952375
2692,train,CN(C)N(C)C(=O)[C@@]1(Cc2ccccc2)CCCN(C1)C(=O)[C@@H](Cc3c[nH]c4ccccc34)NC(=O)C(C)(C)N,2.1,2.1903154761904764,0.09031547619047631
3351,train,C[C@H](NC(=O)c1c(C)nn(c1NS(=O)(=O)c2cccnc2)c3ccc(F)cc3)C(C)(C)C,0.4,2.1903154761904764,1.7903154761904765
2864,train,CC(C)(C)C(O)\C(=C/c1ccc(Cl)cc1Cl)\n2cncn2,3.8,2.1903154761904764,-1.6096845238095234
1714,train,CCCSc1c(cnn1[C@@H]2CC[C@@H](CC2)C(=O)O)C(=O)NC3CCCCC3,1.39,2.1903154761904764,0.8003154761904765
1547,train,Clc1ccc2[nH]ncc2c1,2.44,2.1903154761904764,-0.24968452380952355
727,train,CC[C@@H](NC1=C(Nc2cccc(C(=O)N(C)C)c2O)C(=O)C1=O)c3ccccc3,2.14,2.1903154761904764,0.05031547619047627
3227,train,COc1cc(ccc1N)C(=O)NC[C@@H](O)CN2CCC(CC2)Oc3ccc(Cl)c(Cl)c3,3.12,2.1903154761904764,-0.9296845238095237
2016,train,CCCNCc1cnc(s1)c2ccc(cc2)C(=O)Nc3ccccc3N,1.75,2.1903154761904764,0.4403154761904764
487,train,CN(c1ccnc(Nc2cc(cc(c2)N3CCOCC3)N4CCCCC4)n1)c5cc(CO)ccc5C,4.2,2.1903154761904764,-2.009684523809524
4102,train,O=C(CSc1ccccc1)N2CCN(CC2)C(=O)c3occc3,1.6,2.1903154761904764,0.5903154761904763
624,train,Nc1ncnc2sccc12,1.19,2.1903154761904764,1.0003154761904764
2464,train,S=C(NC1CCCCC1)N2CCC(CC2)c3cnc[nH]3,2.3,2.1903154761904764,-0.10968452380952343
1145,train,CCN1CCN(CC1)C(=O)c2cc3cc(F)ccc3[nH]2,2.28,2.1903154761904764,-0.08968452380952341
3152,train,CC[C@H](CO)Nc1nc(SCc2ccccc2)nc3nc(N)sc13,3.27,2.1903154761904764,-1.0796845238095236
3333,train,Oc1c2ncc3ccccc3c2nn1c4ccc(Cl)cc4,1.52,2.1903154761904764,0.6703154761904764
1632,train,CCNC1=Nc2ccccc2C(=NC1c3cccs3)c4ccccc4,3.98,2.1903154761904764,-1.7896845238095236
3887,train,CCN(C1CCN(CC[C@H](c2ccc(cc2)S(=O)(=O)C)c3cccc(F)c3)CC1)C(=O)Cc4ccc(cc4)S(=O)(=O)C,2.9,2.1903154761904764,-0.7096845238095235
1157,train,CCN(C1CCN(CC[C@H](C2CCN(CC2)S(=O)(=O)C)c3cccc(c3)C(F)(F)F)CC1)C(=O)Cc4ccc(cc4)S(=O)(=O)C,1.9,2.1903154761904764,0.2903154761904765
740,train,CC[C@H](N1CCC[C@@H](C1)N2C=C(C)C(=O)NC2=O)c3ccc(C(=O)O)c(Oc4cccc(Cl)c4)c3,0.22,2.1903154761904764,1.9703154761904764
1198,train,CC(C(=O)O)c1ccc(c(F)c1)c2ccccc2,0.85,2.1903154761904764,1.3403154761904763
1048,train,COc1ccc2N=CC(=O)N(CCN3CC[C@H](NCc4ccc5OCC(=O)Nc5n4)[C@H](O)C3)c2c1,0.39,2.1903154761904764,1.8003154761904763
2616,train,O[C@H](CNC(=O)C1=CNC(=O)c2ccc(F)cc12)CN3CCC(CC3)Oc4ccc(Cl)c(Cl)c4,3.93,2.1903154761904764,-1.7396845238095238
3177,train,CN(C)CCCn1c2CCCCCCc2c3ccccc13,2.96,2.1903154761904764,-0.7696845238095236
151,train,Clc1ccccc1c2cnn[nH]2,2.68,2.1903154761904764,-0.48968452380952376
1194,train,COc1ccc2cc(ccc2c1)[C@H](C)C(=O)O,0.13,2.1903154761904764,2.0603154761904765
1212,train,CCc1ccc(NC(=O)c2ccc3cc(ccc3c2)C(=N)N)cc1,1.1,2.1903154761904764,1.0903154761904763
617,train,COc1cccc(CNCc2cccc(CCNC[C@H](O)c3ccc(O)c4NC(=O)Sc34)c2)c1,0.91,2.1903154761904764,1.2803154761904763
282,train,O=C1CCOc2nc(ccc12)C#CC3CCCC3,3.0,2.1903154761904764,-0.8096845238095236
2522,train,O=C1C2CCC(N2)C(=O)N1Cc3ccccc3,2.21,2.1903154761904764,-0.01968452380952357
1460,train,COc1cc2ncc(C(=O)N)c(Nc3ccccc3F)c2cc1OC,2.81,2.1903154761904764,-0.6196845238095237
3958,train,COc1cccc(Nc2ncnc3cc(OC)c(OC)cc23)c1,3.1,2.1903154761904764,-0.9096845238095237
863,train,CCCSc1ncccc1C(=O)NC2CCCCC2,3.24,2.1903154761904764,-1.0496845238095238
2494,train,CNC(=O)c1ccc(cc1F)N2C(=S)N(C(=O)C23CCC3)c4ccc(C#N)c(c4)C(F)(F)F,3.3,2.1903154761904764,-1.1096845238095234
124,train,CCN(C1CCN(CCC(c2ccccc2)c3ccccc3)CC1)C(=O)NCc4c(F)cccc4F,4.3,2.1903154761904764,-2.1096845238095234
3052,train,CCS(=O)(=O)c1ccc(c(Cl)c1)c2cc(Cl)ccc2OCC(=O)O,-0.43,2.1903154761904764,2.6203154761904766
1372,train,Cn1cc(CN2CCc3cc4nc(N)sc4cc3CC2)cn1,1.06,2.1903154761904764,1.1303154761904763
1345,train,Cc1cc(on1)c2ccc(cc2F)N3C[C@H](Cn4ccnn4)OC3=O,1.99,2.1903154761904764,0.2003154761904764
3030,train,COc1cc(F)ccc1c2cncc(CNC(C)C)c2,1.5,2.1903154761904764,0.6903154761904764
1296,train,Cc1onc(NC(=O)CSc2nc(C)cc(C)n2)c1,1.52,2.1903154761904764,0.6703154761904764
2228,train,Cc1ccc(cc1)S(=O)(=O)NC(=O)N2CCC(CC2)N3CCC(CC3)Oc4ccc(Cl)cc4C,1.79,2.1903154761904764,0.40031547619047636
3317,train,C[C@H](CO)Nc1nc(SCc2cccc(F)c2F)nc3[nH]c(N)nc13,3.22,2.1903154761904764,-1.0296845238095238
1165,train,Fc1cccc(F)c1CS(=O)(=O)N2CCN(CC2)c3ncccc3C(F)(F)F,3.9,2.1903154761904764,-1.7096845238095235
408,train,Cc1c(Oc2ccc(Cl)cc2)c3cc(ccc3n1CC(=O)O)C(F)(F)F,2.28,2.1903154761904764,-0.08968452380952341
1535,train,CC(C)Nc1nc(NCc2ccccc2)c3sccc3n1,3.9,2.1903154761904764,-1.7096845238095235
2702,train,CC(C)C(NC(=O)CN1C(=O)C(=CC=C1c2cccc(c2)C(=O)O)NC(=O)OCc3ccccc3)C(=O)C(F)(F)F,1.2,2.1903154761904764,0.9903154761904764
3468,train,COc1cc(Nc2cc(Oc3cccnc3C)ccn2)cc(OC)c1OC,3.19,2.1903154761904764,-0.9996845238095236
3945,train,CC(C)(C)c1ccc(cc1)C2=NC(=O)C(CC(=O)O)S2,-0.1,2.1903154761904764,2.2903154761904765
2461,train,Cc1nc(CS(=O)(=O)c2ccccc2)cc(n1)N3CCOCC3,1.07,2.1903154761904764,1.1203154761904763
3189,train,C[C@@H](Oc1cccc2ncnc(Nc3ccc4c(cnn4Cc5ccccn5)c3)c12)C(=O)N(C)C,2.89,2.1903154761904764,-0.6996845238095237
2576,train,CC[C@H](NC(=O)c1c([S+](C)[O-])c(nc2ccccc12)c3ccsc3)c4ccccc4,2.66,2.1903154761904764,-0.46968452380952375
2634,train,CN1C(=O)CN=C(c2ccccc2)c3cc(Cl)ccc13,2.69,2.1903154761904764,-0.49968452380952355
2394,train,Nc1ccc(OCCc2ccccc2)cc1,2.71,2.1903154761904764,-0.5196845238095236
2045,train,CC1=CN([C@H]2CCCN(Cc3ccc(C(=O)O)c(Oc4cccc(C)c4)c3)C2)C(=O)NC1=O,-0.82,2.1903154761904764,3.0103154761904762
2918,train,CCc1cc(ccn1)C(=S)N,1.52,2.1903154761904764,0.6703154761904764
3836,train,OC(=O)c1ccccc1NC(=O)Nc2ccccc2,-0.12,2.1903154761904764,2.3103154761904765
519,train,CN1CCN(CC1)c2nc(CCOc3ccc(C[C@H](Nc4ccccc4C(=O)c5ccccc5)C(=O)O)cc3)c(C)s2,2.58,2.1903154761904764,-0.3896845238095237
2020,train,OC(=O)COc1ccc(cc1c2cccc(c2)C#N)C(F)(F)F,0.05,2.1903154761904764,2.1403154761904766
302,train,CNC(=O)c1cc(c2nc(cc(n2)C3(CC3)S(=O)(=O)C)N4CCOCC4)c5cc[nH]c5c1,1.7,2.1903154761904764,0.49031547619047644
2904,train,COC(=O)c1ccc(cc1)C(C)N2NC(=O)C3=C(C2=O)C(=O)c4ccc(Cl)cc4N3,1.3,2.1903154761904764,0.8903154761904764
37,train,Cn1cncc1c2c3C(=O)N(CC4CC4)C(=O)N(CC5CC5)c3nn2Cc6ccnc7ccc(Cl)cc67,4.33,2.1903154761904764,-2.1396845238095237
4151,train,Cc1cc(n[nH]1)c2ccc(Cl)c(c2)C(=O)NCC3(O)CCCCCC3,3.41,2.1903154761904764,-1.2196845238095237
3469,train,CCOc1ccccc1c2ccc3c(c2)C(=O)C(=O)c4ccccc34,2.67,2.1903154761904764,-0.47968452380952353
2146,train,CC(C)Oc1cc(Nc2nc(N[C@@H](C)c3ccc(F)cn3)nc(OC(CO)CO)c2Cl)n[nH]1,2.77,2.1903154761904764,-0.5796845238095236
2911,train,Clc1ccc(OC2CCN(CC2)C3CCN(CC3)C(=O)NS(=O)(=O)c4ccccc4Cl)cc1Cl,1.93,2.1903154761904764,0.26031547619047646
411,train,CN1CCOc2cc(COC3CCCCC3)cnc12,3.1,2.1903154761904764,-0.9096845238095237
3924,train,CCC[C@H](N1CCC[C@@H](C1)N2C=C(C)C(=O)NC2=O)c3ccc(C(=O)O)c(Oc4cccc(Cl)c4)c3,0.5,2.1903154761904764,1.6903154761904764
3968,train,CN(C1CCN(CCC(c2ccccc2)c3ccccc3)CC1)C(=O)Cc4ccc(cc4)C#N,3.7,2.1903154761904764,-1.5096845238095238
1934,train,CC(C)C(NC(=O)CN1C(=O)C(=CC=C1c2ccccc2)NC(=O)NCc3ccncc3)C(=O)C(F)(F)F,2.16,2.1903154761904764,0.030315476190476254
598,train,CN[C@@H](C)C(=O)N[C@@H](C1CCCCC1)C(=O)N[C@H]2CCN(C2)C(=O)Cc3ccccc3,0.81,2.1903154761904764,1.3803154761904763
3060,train,Cc1cc(O)nc(n1)n2nc(C)c(Oc3ccccc3O)c2C,1.4,2.1903154761904764,0.7903154761904765
868,train,CCCNCC(O)COc1ccccc1C(=O)CCc2ccccc2,1.72,2.1903154761904764,0.4703154761904764
2714,train,CC(=O)Nc1ccc2c(c1)c(cn2C)c3cc(NC4CC4)n5ncc(C#N)c5n3,2.94,2.1903154761904764,-0.7496845238095236
459,train,CS(=O)(=O)Nc1ccc(CCOCCCS(=O)(=O)CCNCCc2ccc(O)c3nc(O)sc23)cc1,1.34,2.1903154761904764,0.8503154761904763
521,train,Clc1cccc(CN2C=CN3C(=O)C=C(N=C23)N4CCOCC4)c1Cl,3.3,2.1903154761904764,-1.1096845238095234
3586,train,CN(c1ccnc(Nc2cc(cc(c2)C(=O)N3CCOCC3)N4CCOCC4)n1)c5cc(CO)ccc5C,2.2,2.1903154761904764,-0.009684523809523782
162,train,O=C(Oc1ccccc1)N2CCOCC2,1.3,2.1903154761904764,0.8903154761904764
1538,train,CCOC(=O)c1ccc(COCC2CCN(CC2)c3ccc(C)nn3)cc1,2.68,2.1903154761904764,-0.48968452380952376
3726,train,COc1ccc(cn1)[C@@]2(O)CC[C@H](CC2)N3CC[C@H](C3)NC(=O)CNC(=O)c4cccc(c4)C(F)(F)F,1.72,2.1903154761904764,0.4703154761904764
1627,train,COc1cc(cc(OC)c1OC)C(=O)Nc2ccc(Cl)c(c2)c3nc4ccccc4[nH]3,3.83,2.1903154761904764,-1.6396845238095237
286,train,CCN(C1CCN(CCC(c2ccccc2)c3ccc(NS(=O)(=O)C)cc3)CC1)C(=O)Cc4ccc(cc4)S(=O)(=O)C,1.84,2.1903154761904764,0.3503154761904763
1501,train,COCCC(C)n1nc(C)c(C(=O)N[C@@H](C)C(C)(C)C)c1NS(=O)(=O)c2ccc(C)cc2,0.78,2.1903154761904764,1.4103154761904764
1429,train,Cc1ccc2c(c1)c(c(C)n2CC(=O)O)S(=O)(=O)c3ccc(Cl)cc3,0.06,2.1903154761904764,2.1303154761904763
241,train,Cc1nnsc1C(=O)Nc2ccccc2,0.97,2.1903154761904764,1.2203154761904764
1802,train,OC(=O)C[C@H]1[C@@H](Cc2ccccc12)NC(=O)c3cc4cc(F)ccc4[nH]3,1.26,2.1903154761904764,0.9303154761904764
1162,train,CC(O)(C(=O)Nc1ccc(cc1)S(=O)(=O)c2ccc(O)cc2)C(F)(F)F,2.78,2.1903154761904764,-0.5896845238095234
453,train,CC(=O)Nc1ccc2ccn(c3cc(NC4COC4)n5ncc(C#N)c5n3)c2c1,2.24,2.1903154761904764,-0.04968452380952382
1821,train,Cc1ccn2c(c(C)nc2c1)c3ccnc(N)n3,2.39,2.1903154761904764,-0.19968452380952373
140,train,CN1C(=O)N(CC2CC2)c3nn(Cc4ccnc5ccc(Cl)cc45)c(c6cc(cn6C)C#N)c3C1=O,3.67,2.1903154761904764,-1.4796845238095235
1628,train,FC(F)(F)c1csc(n1)N2CCN(CC2)C(=O)[C@@H]3CCCC[C@H]3C(=O)NC4(CC4)C#N,2.4,2.1903154761904764,-0.20968452380952352
674,train,CC1CCN(CC1)C(=O)c2scc3OCCOc23,2.26,2.1903154761904764,-0.06968452380952339
1069,train,CC1(C)N=C(N)N=C(N)N1c2ccc(Oc3ccc(Cl)cc3)c(Cl)c2,0.79,2.1903154761904764,1.4003154761904764
1236,train,CCn1c(C)c(C(=O)O)c(c2cccc(c2)N3CCN(CC3)c4ccc(NS(=O)(=O)c5ccc(N[C@H](CCN6CCC(O)CC6)CSc7ccccc7)c(c5)S(=O)(=O)C(F)(F)F)cc4)c1c8ccc(Cl)cc8,4.2,2.1903154761904764,-2.009684523809524
1151,train,CCCN(CCNCCc1ccc(O)c2NC(=O)Sc12)C(=O)CCOCCc3ccccc3,2.23,2.1903154761904764,-0.039684523809523586
542,train,COc1cc(ccc1Nc2ncc(Cl)c(n2)c3cnc4cc(ccn34)N5CCCC5)N6CCN(CC6)C(=O)C,3.5,2.1903154761904764,-1.3096845238095236
258,train,CC(C)C(=O)NCCNCC(O)COc1ccc(O)cc1,-0.15,2.1903154761904764,2.3403154761904763
1484,train,Cc1nocc1C(=O)Nc2ccc(c(N)n2)c3ccccc3OC(F)(F)F,3.7,2.1903154761904764,-1.5096845238095238
55,train,N(c1ccccc1)c2cc(Nc3ccccc3)[nH]n2,3.8,2.1903154761904764,-1.6096845238095234
422,train,CC(C)NCC(O)COc1ccccc1OCC=C,0.2,2.1903154761904764,1.9903154761904764
2200,train,O=C1N(Cc2ccccc12)C3CCN(CCC(c4ccccc4)c5ccccc5)CC3,4.1,2.1903154761904764,-1.9096845238095232
2635,train,Cn1cncc1c2c3C(=O)N(CC=C)C(=O)N(CC4CC4)c3nn2Cc5ccnc6ccc(Cl)cc56,3.62,2.1903154761904764,-1.4296845238095237
414,train,COc1ccccc1Nc2cc(Oc3cc(C)c(C)nc3c4ccccn4)ccn2,3.37,2.1903154761904764,-1.1796845238095237
1646,train,O.O.O.CC(=O)O[C@@]12CO[C@@H]1C[C@H](O)[C@]3(C)[C@@H]2[C@H](OC(=O)c4ccccc4)[C@]5(O)C[C@H](OC(=O)[C@H](O)[C@@H](NC(=O)OC(C)(C)C)c6ccccc6)C(=C([C@@H](O)C3=O)C5(C)C)C,3.4,2.1903154761904764,-1.2096845238095235
954,train,COc1cc2nnc(C(=O)N)c(Nc3cccc(Cl)c3F)c2cc1N4CCN(C)CC4,2.35,2.1903154761904764,-0.1596845238095237
4012,train,Clc1cccc(c1)S(=O)(=O)NCC(N2CCCCCC2)c3ccccc3,3.39,2.1903154761904764,-1.1996845238095237
2000,train,Fc1ccc(Nc2oc(nn2)C(=O)Nc3ccc(nc3)N4CCOCC4)cc1,3.0,2.1903154761904764,-0.8096845238095236
3270,train,CSc1ccc2Sc3ccccc3N(CCC4CCCCN4C)c2c1,3.76,2.1903154761904764,-1.5696845238095234
1251,train,CC(C)n1c(C)ncc1c2ccnc(Nc3ccc(cc3)S(=O)(=O)CCCN4CCOCC4)n2,2.43,2.1903154761904764,-0.23968452380952376
3364,train,CC(=O)NCc1ccc(CN2CCN(CC2)c3ccccc3)cc1,1.78,2.1903154761904764,0.41031547619047637
2025,train,CC1=C(CCC(=O)O)C(=O)Oc2c(C)c(O)ccc12,-0.3,2.1903154761904764,2.490315476190476
1181,train,OCC(=O)N1CCC(CC1)c2[nH]nc(c3ccc(Cl)cc3F)c2c4ccncn4,1.79,2.1903154761904764,0.40031547619047636
2569,train,C[C@H](NC1=NC(=O)[C@@](C)(S1)C(F)(F)F)c2ccccc2F,3.1,2.1903154761904764,-0.9096845238095237
985,train,Oc1ccc(NC(=O)c2ccc(O)cc2)cc1,1.5,2.1903154761904764,0.6903154761904764
3265,train,CCC(CC)NC(=O)c1cnn(c1NS(=O)(=O)C2CCCC2)c3ccccc3,0.69,2.1903154761904764,1.5003154761904764
106,train,COc1cc2ncc(C(=O)N)c(Nc3ccc(F)cc3F)c2cc1N4CCN(C)CC4,2.18,2.1903154761904764,0.010315476190476236
3644,train,Fc1ccccc1NC(=O)N[C@H]2N=C(c3ccccc3)c4ccccc4NC2=O,4.0,2.1903154761904764,-1.8096845238095236
163,train,CC(C)(C#N)c1cnc(s1)N2CCN(CC2)C(=O)[C@@H]3CCCC[C@H]3C(=O)NC4(CC4)C#N,1.9,2.1903154761904764,0.2903154761904765
2440,train,Nc1ncnc2c1ncn2[C@@H]3O[C@H](CSCCCNC(=O)Nc4ccccc4)[C@@H](O)[C@H]3O,1.9,2.1903154761904764,0.2903154761904765
2472,train,CCCNC(=O)c1nnc2c(cccc2c1N)c3ncccn3,1.86,2.1903154761904764,0.3303154761904763
1526,train,COc1cc2ncc(C(=O)N)c(Nc3ccc(F)c(Cl)c3)c2cc1OC,3.22,2.1903154761904764,-1.0296845238095238
802,train,CN(c1ccnc(Nc2cccc(c2)S(=O)(=O)C)n1)c3cccc4[nH]ncc34,3.21,2.1903154761904764,-1.0196845238095236
1505,train,O=C1N2CCOC2=Nc3ccccc13,0.6,2.1903154761904764,1.5903154761904763
3724,train,Fc1cccc(CN2CCN(CC2)c3ccc4nnc(n4n3)C(F)(F)F)c1F,3.6,2.1903154761904764,-1.4096845238095237
3973,train,CC(=O)c1ccc(cc1)S(=O)(=O)NC(=O)NC2CCCCC2,-0.49,2.1903154761904764,2.6803154761904766
3274,train,CCCCCOC(=O)NC1=NC(=O)N(C=C1F)[C@@H]2O[C@H](C)[C@@H](O)[C@H]2O,0.67,2.1903154761904764,1.5203154761904765
4196,train,CCN(C1CCN(CCC(c2ccc(F)cc2)c3ccc(F)cc3)CC1)C(=O)Cc4ccc(cc4)S(=O)(=O)C,3.21,2.1903154761904764,-1.0196845238095236
1645,train,OC(=O)[C@H](Cc1ccc(OCCc2ccc3OCCNc3n2)cc1)NC(=O)c4c(Cl)cccc4Cl,-0.18,2.1903154761904764,2.3703154761904766
1556,train,CN(c1ccc2c(C)n(C)nc2c1)c3ccnc(Nc4ccc(C)c(c4)S(=O)(=O)N)n3,3.3,2.1903154761904764,-1.1096845238095234
280,train,COc1ccc(cc1OC)C2=COc3cc(O)cc(O)c3C2=O,2.8,2.1903154761904764,-0.6096845238095234
599,train,CCC(C)NC(=O)c1c(C)nn(c1NS(=O)(=O)c2ccc(C)cc2)c3ccccc3,0.66,2.1903154761904764,1.5303154761904763
1924,train,CC1=C(CCC(=O)O)C(=O)Oc2cc(O)ccc12,-0.7,2.1903154761904764,2.8903154761904766
806,train,COc1cc(F)ccc1c2cncc(CNC(=O)c3ccccc3)c2,3.76,2.1903154761904764,-1.5696845238095234
1808,train,COc1ncc2N=CC(=O)N(CCN3CCC(CC3)NCc4cc5OCCOc5cn4)c2n1,-0.14,2.1903154761904764,2.3303154761904765
1076,train,OC(=O)c1ccccc1C(=O)N2CCC(CC2)N3CCC(CC3)Oc4ccc(Cl)c(Cl)c4,1.73,2.1903154761904764,0.4603154761904764
1261,train,Nc1ccc2ccccc2n1,1.7,2.1903154761904764,0.49031547619047644
4124,train,O=C1NC(=O)C(Cc2ccc3ccccc3c2)S1,2.41,2.1903154761904764,-0.21968452380952375
1028,train,COC(=O)COc1ccc(O)cc1,0.92,2.1903154761904764,1.2703154761904765
2143,train,CNC1=Nc2ncccc2C(=NC1c3cccs3)c4cc[nH]c4,1.73,2.1903154761904764,0.4603154761904764
175,train,Cc1nc2ccc(Cl)cn2c1c3ccnc(N)n3,2.49,2.1903154761904764,-0.2996845238095238
1742,train,CNC1=Nc2ncccc2C(=NC1c3cccs3)c4cccs4,2.63,2.1903154761904764,-0.4396845238095235
642,train,CC(C)Oc1cc(Oc2ccc(cc2)S(=O)(=O)C)cc(c1)C(=O)Nc3nccs3,3.61,2.1903154761904764,-1.4196845238095235
2626,train,CCCSc1ncccc1C(=O)NC2CCC(F)(F)CC2,2.85,2.1903154761904764,-0.6596845238095237
223,train,COc1ccccc1C(NC(=O)[C@@H]2CCCC[C@H]2C(=O)N3CCN(Cc4ccc(F)cc4)CC3)C#N,3.57,2.1903154761904764,-1.3796845238095234
78,train,CC(=O)Nc1ccc2c(c1)c(cn2CCCO)c3cc(NC4CC4)n5ncc(C#N)c5n3,2.48,2.1903154761904764,-0.2896845238095236
324,train,COc1cc(N2CCN(C)CC2)c3nc(cc(N(C)C)c3c1)C(=O)Nc4ccc(cc4)N5CCOCC5,3.3,2.1903154761904764,-1.1096845238095234
1541,train,CS(=O)(=O)c1ccc2C(=CNC(=O)c2c1)C(=O)NC[C@@H](O)CN3CCC(CC3)Oc4ccc(C#N)c(Cl)c4,1.41,2.1903154761904764,0.7803154761904765
462,train,CC(=O)Nc1ccc2CCN(c3cc(NC4CC4)n5ncc(C#N)c5n3)c2c1,3.3,2.1903154761904764,-1.1096845238095234
1931,train,CN(C)C(=O)CN1C(=O)C(Cc2ccccc12)NC(=O)c3cc4cc(Cl)sc4[nH]3,3.07,2.1903154761904764,-0.8796845238095234
3704,train,CN1C[C@@H](c2ccccc2)c3cccc(N)c3C1,2.11,2.1903154761904764,0.08031547619047652
1240,train,COCCCc1cc(Nc2nc(NCc3onc(C)c3)ncc2Br)n[nH]1,3.07,2.1903154761904764,-0.8796845238095234
2441,train,CCN(CC)CCOC(=O)C1(CCCCC1)C2CCCCC2,3.72,2.1903154761904764,-1.5296845238095238
3906,train,O[C@@H]1CN(CCN2C(=O)C=Cc3ccc(cc23)C#N)CC[C@@H]1NCc4cc5OCCOc5cn4,0.46,2.1903154761904764,1.7303154761904764
3447,train,CN1CCC(COc2cc(OC3CCOCC3)c4c(Nc5c(Cl)ccc6OCOc56)ncnc4c2)CC1,2.59,2.1903154761904764,-0.39968452380952346
376,train,Nc1nc(OCc2nccs2)nc3c1ncn3[C@@H]4O[C@H](CF)[C@@H](O)[C@H]4O,0.47,2.1903154761904764,1.7203154761904764
1264,train,Nc1nc2ccc(cc2s1)c3cccc(O)c3,3.1,2.1903154761904764,-0.9096845238095237
491,train,FC(F)(F)Oc1ccc(CNC(=O)C2N(CC3CC(F)(F)C3)C(=O)c4ccccc24)cc1,3.9,2.1903154761904764,-1.7096845238095235
3016,train,COc1ccccc1CNC(=O)NS(=O)(=O)c2ccc(Cl)cc2,0.87,2.1903154761904764,1.3203154761904763
4095,train,CNc1c(Br)cnc2[nH]c(nc12)c3cccc(N)c3,2.96,2.1903154761904764,-0.7696845238095236
3134,train,CCS(=O)(=O)c1ccc(Oc2c(C)n(CC(=O)O)c3ccc(cc23)C(F)(F)F)cc1,0.29,2.1903154761904764,1.9003154761904764
1073,train,Fc1cc(cc(F)c1CN2CCOCC2)c3cccc4ncc(nc34)c5cnn(c5)C6CCNCC6,1.86,2.1903154761904764,0.3303154761904763
448,train,Cc1ccc(O)c(O)c1,1.37,2.1903154761904764,0.8203154761904763
4009,train,O=C(NCC#N)[C@@H]1CCCC[C@H]1C(=O)N2CCN(CC2)c3ccccc3,1.75,2.1903154761904764,0.4403154761904764
3186,train,Clc1ccc(OC2CCNCC2)cc1C(=O)NCC34CC5CC(CC(C5)C3)C4,1.83,2.1903154761904764,0.3603154761904763
3578,train,OC(=O)C(N1CCCC(CN2CCC(CC2)Oc3ccc(Cl)c(Cl)c3)C1)c4ccccc4,2.6,2.1903154761904764,-0.4096845238095237
2105,train,NC(=O)c1ccccc1O,1.09,2.1903154761904764,1.1003154761904763
1202,train,CCC(C)(C)C[C@@H](N1CCC[C@@H](C1)N2C=C(C)C(=O)NC2=O)c3ccc(C(=O)O)c(Oc4cccc(Cl)c4)c3,1.37,2.1903154761904764,0.8203154761904763
1670,train,Cc1nc(CS(=O)(=O)c2ccc(Cl)cc2)cc(n1)N3CCOCC3,1.8,2.1903154761904764,0.39031547619047635
3591,train,CC(C)N1C(=O)N(C)C(=O)c2cn(Cc3cccc4ccccc34)cc12,3.97,2.1903154761904764,-1.7796845238095238
2067,train,COc1ccc(CNCc2ccc(cc2)c3cc(C(=O)N)c(NC(=O)N)s3)cc1,2.55,2.1903154761904764,-0.3596845238095234
1753,train,CN1CC(=O)N2[C@H](Cc3c([nH]c4ccccc34)[C@H]2c5ccc6OCOc6c5)C1=O,2.6,2.1903154761904764,-0.4096845238095237
2632,train,CCC(N(CCCN)C(=O)c1ccccc1)C2=Nc3ccsc3C(=O)N2Cc4ccccc4,1.38,2.1903154761904764,0.8103154761904765
1842,train,CS(=O)(=O)c1ccc(c[n+]1[O-])C(=O)Nc2ccc(F)cc2,0.84,2.1903154761904764,1.3503154761904765
676,train,COc1ccc(Cl)cc1NC(=O)CCS(=O)(=O)c2ccc(Br)cc2,3.4,2.1903154761904764,-1.2096845238095235
2744,train,Nc1nc(nc(N)c1Cc2ccccc2F)c3ccccn3,2.12,2.1903154761904764,0.07031547619047629
2459,train,NS(=O)(=O)c1cccc(Nc2nccc(Nc3cccc4[nH]ncc34)n2)c1,2.6,2.1903154761904764,-0.4096845238095237
2351,train,Oc1cc(cc(c1)C(F)(F)F)C(=O)Nc2cccc(c2)c3nnn[nH]3,0.8,2.1903154761904764,1.3903154761904764
4174,train,C(Cn1c2CCCCc2c3c(nc(nc13)N4CCCC4)N5CCCC5)N6CCOCC6,3.6,2.1903154761904764,-1.4096845238095237
526,train,Nc1ccc2c3ccccc3C(=O)C(=O)c2c1,2.23,2.1903154761904764,-0.039684523809523586
721,train,c1ccc2ncncc2c1,1.0,2.1903154761904764,1.1903154761904764
1433,train,Oc1ccc(CCNCCCS(=O)(=O)NCCOCCc2cccc(c2)C(F)(F)F)c3sc(O)nc13,2.62,2.1903154761904764,-0.4296845238095237
3996,train,CC(C)Oc1cccc(CC(=O)N2CCC[C@@](CC[N+]34CCC(CC3)(CC4)c5ccccc5)(C2)c6ccc(Cl)c(Cl)c6)c1,1.23,2.1903154761904764,0.9603154761904764
1874,train,CCOc1ccccc1c2ccc(cc2)c3nc4ccc(F)cc4c(C(=O)O)c3C,1.18,2.1903154761904764,1.0103154761904765
3729,train,O=S(=O)(Nc1cccnc1)c2ccc3OCCOc3c2,1.34,2.1903154761904764,0.8503154761904763
3161,train,OC(=O)C1=CN(C2CC2)c3cc(N4CCNCC4)c(F)cc3C1=O,-0.96,2.1903154761904764,3.1503154761904764
503,train,CCN(C1CCN(CCC(c2ccccc2)c3ccccc3)CC1)C(=O)NCc4ccccc4,4.0,2.1903154761904764,-1.8096845238095236
4068,train,C[C@H]1C[C@H]2[C@@H]3CC[C@H](C(=O)C)[C@@]3(C)C[C@H](O)[C@@H]2[C@@]4(C)CCC(=O)C=C14,3.25,2.1903154761904764,-1.0596845238095236
2026,train,CC(Cc1ccccc1)N(C)CC#C,2.16,2.1903154761904764,0.030315476190476254
2656,train,Cc1cc(C)cc(CCOCCS(=O)(=O)NCCNCCc2ccc(O)c3nc(O)sc23)c1,2.45,2.1903154761904764,-0.2596845238095238
2193,train,C[C@H](Nc1nc(Nc2cc(C)[nH]n2)cnc1C#N)c3ccc(F)cn3,2.51,2.1903154761904764,-0.3196845238095234
3546,train,COc1ccc(CNCc2cccc(CCNC[C@H](O)c3ccc(O)c4NC(=O)Sc34)c2)cc1,0.86,2.1903154761904764,1.3303154761904765
2951,train,CN1CCN(CC1)C(=O)c2cc(sc2NC(=O)N)c3ccccc3,2.17,2.1903154761904764,0.020315476190476467
1744,train,CC(C)CNc1nc(nc(NC2CCS(=O)(=O)C2)c1N)C#N,2.3,2.1903154761904764,-0.10968452380952343
1410,train,COC(=O)c1ccc2OCC(=O)N(CCN3CCC(CC3)NCc4ccc5OCC(=O)Nc5n4)c2c1,0.83,2.1903154761904764,1.3603154761904763
1091,train,Oc1ccc(cc1)c2nc3ccccc3s2,4.1,2.1903154761904764,-1.9096845238095232
2905,train,NC(=O)C([C@@H]1CCN(CCc2ccc3OCCc3c2)C1)(c4ccccc4)c5ccccc5,2.79,2.1903154761904764,-0.5996845238095236
2292,train,CNc1ccc2ncc(c3cccc(O)c3)n2n1,2.99,2.1903154761904764,-0.7996845238095238
3225,train,CC(Cc1ccc(O)cc1)NCC(O)c2cc(O)cc(O)c2,-0.06,2.1903154761904764,2.2503154761904764
4105,train,CNC1=Nc2ccc(Cl)cc2C(=[N+]([O-])C1)c3ccccc3,2.41,2.1903154761904764,-0.21968452380952375
2888,train,C[S+]([O-])c1ccc(\C=C/2\C(=C(CC(=O)O)c3cc(F)ccc23)C)cc1,-0.01,2.1903154761904764,2.200315476190476
578,train,COc1cc(ccc1Cn2ccc3ccc(NC(=O)OC4CCCC4)cc23)c5nn[nH]n5,2.7,2.1903154761904764,-0.5096845238095238
3145,train,CCNc1nc(N)c(s1)C(=O)c2ccc(Cl)s2,3.63,2.1903154761904764,-1.4396845238095235
3560,train,Cn1cc(cc1c2c3C(=O)N(CC#N)C(=O)N(CC4CC4)c3nn2Cc5ccnc6ccc(Cl)cc56)C#N,3.33,2.1903154761904764,-1.1396845238095237
240,train,O=C(COc1ccccc1)N2CCOCC2,0.75,2.1903154761904764,1.4403154761904764
2806,train,CN[C@@H](C)C(=O)N[C@@H](C1CCCCC1)C(=O)N[C@H]2CCCN(CCc3ccccc3F)C2,2.51,2.1903154761904764,-0.3196845238095234
3820,train,COc1ccc2C=CC(=O)N(CCN3CCC(CC3)NCc4cc5OCCOc5cn4)c2n1,1.16,2.1903154761904764,1.0303154761904765
3526,train,CN1C(=O)N(CC2CC2)c3nn(Cc4ccnc5ccc(Cl)cc45)c(c6cc(oc6C)S(=O)(=O)C)c3C1=O,3.2,2.1903154761904764,-1.0096845238095238
3659,train,COc1cc2ncc(C(=O)N)c(Nc3ccccc3C)c2cc1OC,3.4,2.1903154761904764,-1.2096845238095235
274,train,CS(=O)(=O)c1ccc(c(Cl)c1)c2cc(Cl)ccc2OCC(=O)O,-0.75,2.1903154761904764,2.9403154761904764
2392,train,CCc1nc(N)nc(N)c1c2ccc(Cl)cc2,2.31,2.1903154761904764,-0.11968452380952366
2103,train,CCc1[nH]c2nc(Sc3cnc4ccc[n+]([O-])c4c3)nc(N5CC[C@@H](N)C5)c2c1Cl,2.0,2.1903154761904764,0.1903154761904764
205,train,C[C@H](NC(=O)[C@@H]1CCCC[C@H]1C(=O)N2CCc3[nH]c4ccc(F)cc4c3C2)C#N,3.5,2.1903154761904764,-1.3096845238095236
907,train,CS(=O)(=O)c1cccc(Nc2nccc(Nc3cccc4ccoc34)n2)c1,3.52,2.1903154761904764,-1.3296845238095236
165,train,Cc1c(Sc2ccc(Cl)cc2)c3c(NS(=O)(=O)C)cccc3n1CC(=O)O,0.21,2.1903154761904764,1.9803154761904764
3966,train,COc1cc(nc2c(cc(F)cc12)N3CCN(C)CC3)C(=O)Nc4ccc(cc4)N5CCOCC5,3.85,2.1903154761904764,-1.6596845238095237
692,train,O=C(CSc1ccncc1)Nc2ccc(cc2)C(=O)c3ccccc3,3.6,2.1903154761904764,-1.4096845238095237
67,train,COc1cc2ncnc(Nc3ccc(F)c(Cl)c3)c2cc1OCCCN4CCCC4,3.13,2.1903154761904764,-0.9396845238095235
1610,train,OC1CCN(CC1)C(=O)[C@H](Cc2ccccc2)NC(=O)c3cc4cc(Cl)ccc4[nH]3,3.6,2.1903154761904764,-1.4096845238095237
2444,train,C[C@@H]1CN([C@@H](CO1)c2ccccc2)c3ccc4OCC(=O)Nc4n3,2.75,2.1903154761904764,-0.5596845238095236
83,train,CNCCCC12CCC(c3ccccc13)c4ccccc24,0.89,2.1903154761904764,1.3003154761904763
57,train,CCC(CC)NC(=O)c1cnn(C)c1NS(=O)(=O)c2ccc(C)cc2,0.36,2.1903154761904764,1.8303154761904765
4006,train,Cc1ccc(cc1NC(=O)c2ccc(OCc3ccccn3)cc2)c4nc5ccccc5[nH]4,3.24,2.1903154761904764,-1.0496845238095238
1349,train,O=C1C=C(N=C2N(Cc3cccc4ccccc34)C=CN12)N5CCOCC5,3.3,2.1903154761904764,-1.1096845238095234
1021,train,Fc1ccc(cc1Cl)C2CNCC=CC2,1.33,2.1903154761904764,0.8603154761904763
2717,train,CC1=CN([C@H]2CCCN(C2)S(=O)(=O)c3ccc(C(=O)N)c(Oc4cccc(Cl)c4)c3)C(=O)NC1=O,1.96,2.1903154761904764,0.23031547619047643
1752,train,CCC(N(CCCN)C(=O)c1ccc(C)cc1)C2=Nc3ccsc3C(=O)N2Cc4ccc(Cl)cc4,2.32,2.1903154761904764,-0.12968452380952344
3019,train,Clc1ccc(cc1)C(=O)CN2C3=NCCN3c4ccccc24,2.62,2.1903154761904764,-0.4296845238095237
3542,train,CC(C)CN1C(=O)N(C)C(=O)c2c(SCCCO)n(Cc3cccc4ccccc34)cc12,4.36,2.1903154761904764,-2.169684523809524
1857,train,CC(C)Oc1ccc2C(=O)C(=COc2c1)c3ccccc3,4.07,2.1903154761904764,-1.8796845238095239
3139,train,CCOC(=O)c1ccc(OCCC2CN(CCO2)c3ccc(C)nn3)cc1,2.7,2.1903154761904764,-0.5096845238095238
741,train,O=C1Nc2ccccc2C=C1,1.32,2.1903154761904764,0.8703154761904763
2225,train,OC1=NC(=O)CN1N=Cc2oc(cc2)c3ccc(cc3)[N+](=O)[O-],1.35,2.1903154761904764,0.8403154761904763
3428,train,CC(=O)Nc1ccc(cc1)S(=O)(=O)Nc2ccc(Cc3ccncc3)cc2,2.8,2.1903154761904764,-0.6096845238095234
3555,train,CS(=O)(=O)Cc1ccc2ccn(c3cc(NC4CC4)n5ncc(C#N)c5n3)c2c1,2.49,2.1903154761904764,-0.2996845238095238
2651,train,COCCOc1ccc(Nc2ncc3cc(ccc3n2)c4ccncc4)cc1,3.1,2.1903154761904764,-0.9096845238095237
580,train,CNc1nc2ccccc2n1Cc3sc4N(CC(C)C)C(=O)N(C)C(=O)c4c3C(=O)N5CC[C@@H](O)C5,1.61,2.1903154761904764,0.5803154761904763
2934,train,NC(=O)c1ccc(cc1)c2cc3c(N[C@H]4CCCNC4)ncc(C(=O)N)c3s2,0.28,2.1903154761904764,1.9103154761904764
962,train,NC1=NN(CC1)c2cccc(c2)C(F)(F)F,2.55,2.1903154761904764,-0.3596845238095234
2353,train,COc1ccc(CC(C)(C)NC[C@H](O)c2cc(O)cc3NC(=O)COc23)cc1,0.79,2.1903154761904764,1.4003154761904764
1512,train,CC(C)N1CCN(Cc2cnc(c(F)c2)c3ccc(cc3)C(=O)Nc4ccccc4N)CC1,1.6,2.1903154761904764,0.5903154761904763
1634,train,Fc1ccc(cc1)N2CCN(CC2)C(=O)[C@@H]3CCCC[C@H]3C(=O)NC4(CC4)C#N,2.12,2.1903154761904764,0.07031547619047629
1870,train,O=C1Oc2ccccc2C=C1c3ccccc3,3.22,2.1903154761904764,-1.0296845238095238
2518,train,N#Cc1nc(nc(n1)N2CCOCC2)N3CCOCC3,1.51,2.1903154761904764,0.6803154761904764
1965,train,COCC[C@H](Oc1ncnc2c1cnn2c3ccccc3Cl)C(=O)Nc4ccc(C)cn4,3.6,2.1903154761904764,-1.4096845238095237
2571,train,CC1N=C(N)N=C(N)N1c2ccc(Cl)cc2,-0.8,2.1903154761904764,2.990315476190476
3674,train,CN1CCN(CC1)C(=O)Cc2csc(NS(=O)(=O)c3cccc(Cl)c3C)n2,0.57,2.1903154761904764,1.6203154761904766
1695,train,O=S(=O)(c1ccccc1)C2(CC2)c3cc(nc(n3)c4cccc5[nH]ccc45)N6CCOCC6,3.4,2.1903154761904764,-1.2096845238095235
1893,train,COC(=O)c1ccc(CC(=O)N(C)C2CCN(CCC(c3ccccc3)c4ccccc4)CC2)cc1,4.0,2.1903154761904764,-1.8096845238095236
1830,train,Nc1ccc2c(c1)C(=O)C(=O)c3cc(N)ccc23,1.72,2.1903154761904764,0.4703154761904764
359,train,CC(C)n1ncc2c(cc(nc12)C3CC3)C(=O)NCc4c(C)cc(C)nc4O,3.8,2.1903154761904764,-1.6096845238095234
3889,train,OC(=O)COc1ccc(Cl)cc1CN2CCC(CC2)S(=O)(=O)c3ccccc3,0.48,2.1903154761904764,1.7103154761904764
367,train,COc1ccc(cc1)S(=O)(=O)NC(=O)N2CCC(CC2)N3CCC(CC3)Oc4ccc(Cl)c(Cl)c4,1.39,2.1903154761904764,0.8003154761904765
3735,train,Fc1ccccc1Nc2oc(nn2)C(=O)Nc3ccc(cn3)N4CCOCC4,2.4,2.1903154761904764,-0.20968452380952352
2476,train,CC(O)(C(=O)Nc1ccc(cc1)S(=O)(=O)c2ccncc2)C(F)(F)F,2.15,2.1903154761904764,0.040315476190476485
2131,train,O=C1COC2(CCN(CC2)S(=O)(=O)c3ccc(cc3)c4ccc5cccnc5c4)CN1C6CC6,3.24,2.1903154761904764,-1.0496845238095238
2837,train,ONC(=O)Cc1ccc(Oc2ccccc2)cc1,2.03,2.1903154761904764,0.1603154761904766
2553,train,CCCc1c(O)c(ccc1OCc2ccc(cc2OC)c3nn[nH]n3)C(=O)C,2.8,2.1903154761904764,-0.6096845238095234
816,train,CC(C)CN1C(=O)N(C)C(=O)c2c1sc(Cc3ccnc4ccccc34)c2C(=O)N5C[C@H](O)CO5,2.14,2.1903154761904764,0.05031547619047627
2,train,COC(=O)[C@@H](N1CCc2sccc2C1)c3ccccc3Cl,3.69,2.1903154761904764,-1.4996845238095236
1925,train,CC(C)(O)c1ccc(Nc2nc3ccc(cc3[nH]2)C#N)cc1,2.73,2.1903154761904764,-0.5396845238095236
933,train,Cc1ccc(cc1)S(=O)(=O)c2ccccc2,2.74,2.1903154761904764,-0.5496845238095238
1985,train,FC(F)(F)c1cc(COCC(N2CCNCC2)c3ccccc3)cc(c1)C(F)(F)F,2.9,2.1903154761904764,-0.7096845238095235
747,train,Cc1c(Cl)ccc(OC2CCN(C[C@H](O)CNC(=O)C3=CNC(=O)c4cc(ccc34)S(=O)(=O)C)CC2)c1Cl,2.83,2.1903154761904764,-0.6396845238095237
3340,train,CC(C)Cn1cnc(c2ccccc2)c1c3nc4c(N)ncnc4s3,3.72,2.1903154761904764,-1.5296845238095238
531,train,COc1ccc(N(C(C(=O)NC2CCCC2)c3ccccc3F)C(=O)c4occc4)c(OC)c1,3.09,2.1903154761904764,-0.8996845238095235
1937,train,OC(CN1CCOCC1)c2ccccc2,1.0,2.1903154761904764,1.1903154761904764
2248,train,CN(c1cccc(CO)c1)c2ccnc(Nc3cc(cc(c3)N4CCOCC4)N5CCOCC5)n2,2.6,2.1903154761904764,-0.4096845238095237
391,train,Cc1cnc(cn1)C(=O)NCCc2ccc(cc2)S(=O)(=O)NC(=O)NC3CCCCC3,0.31,2.1903154761904764,1.8803154761904763
3150,train,Oc1ccc(Br)cc1C(=O)C(=O)c2cc(Br)ccc2O,3.85,2.1903154761904764,-1.6596845238095237
1938,train,OCCN1CCN(CCCN2c3ccccc3Sc4ccc(cc24)C(F)(F)F)CC1,3.8,2.1903154761904764,-1.6096845238095234
572,train,Clc1ccc2C(=O)C3=C(Nc2c1)C(=O)NN(CC#Cc4ccccc4)C3=O,1.78,2.1903154761904764,0.41031547619047637
1044,train,C[C@@H](N1CCC[C@@H](C1)N2C=C(C)C(=O)NC2=O)c3ccc(C(=O)O)c(Oc4cccc(Cl)c4)c3,-0.3,2.1903154761904764,2.490315476190476
2956,train,Cc1ccc(cc1)S(=O)(=O)NC(=O)N2CCC(CC2)N3CCC(CC3)Oc4ccc(Cl)c(C)c4Cl,2.2,2.1903154761904764,-0.009684523809523782
1730,train,CCOC(=O)c1ccc(OCCC2CCN(CC2)c3ccc(C)nn3)cn1,2.63,2.1903154761904764,-0.4396845238095235
1303,train,COc1cc2ncnc(Nc3cccc(Cl)c3F)c2cc1OC4CCN(CC(=O)N)CC4,3.1,2.1903154761904764,-0.9096845238095237
2172,train,OC(=O)c1cncc(c1)c2cnc3[nH]c(cc3c2n4ccc(n4)C(F)(F)F)C(=O)NC5CC5,-0.98,2.1903154761904764,3.1703154761904764
3385,train,COc1ccnc(NC2CCN(CC2)C(=O)c3ccc(Cl)cc3)c1,2.82,2.1903154761904764,-0.6296845238095234
3646,train,CN(C)C(=O)[C@H](Cc1ccccc1)NC(=O)c2cc3sccc3[nH]2,3.1,2.1903154761904764,-0.9096845238095237
888,train,Nc1ncnc2c1ncn2[C@@H]3O[C@H](CSCCCNC(=O)NCc4ccccc4)[C@@H](O)[C@H]3O,0.9,2.1903154761904764,1.2903154761904765
1252,train,C[C@H](CO)Nc1nc(SCc2ccccc2F)nc3nc(N)sc13,3.12,2.1903154761904764,-0.9296845238095237
40,train,OB1N(C(=O)Nc2ccccc12)c3ccccc3,1.4,2.1903154761904764,0.7903154761904765
938,train,Cc1ccc2c(c1)c(Sc3ccc(Cl)cc3)c(C)n2CC(=O)O,2.18,2.1903154761904764,0.010315476190476236
848,train,C[C@@H](NC(=O)C)c1ccc(Nc2ncc3cc(cc(C)c3n2)c4ccncc4)cc1,3.46,2.1903154761904764,-1.2696845238095236
1631,train,Cc1cc(N)nc(CCNC(=O)c2ccc(cc2)C#N)c1,1.62,2.1903154761904764,0.5703154761904763
1775,train,OC(CCN1CCCCC1)(C2CCCCC2)c3ccccc3,2.68,2.1903154761904764,-0.48968452380952376
1184,train,CNC(=O)OC[C@@H](C)N(c1cc(Cl)ccc1CO)S(=O)(=O)c2ccc(Cl)cc2,3.0,2.1903154761904764,-0.8096845238095236
3998,train,CC(C)NC(=O)c1ccc2c(Nc3ccc(Cl)cc3)nc(nc2c1)N4CCOCC4,2.78,2.1903154761904764,-0.5896845238095234
3588,train,CCN(C1CCN(CCC(c2ccccc2)c3ccccc3)CC1)C(=O)Cc4ccc(cc4)[N+](=O)[O-],4.1,2.1903154761904764,-1.9096845238095232
4107,train,CC(C)C(NC(=O)CN1C(=O)C(=CN=C1c2cc(F)cc(F)c2)N)C(=O)C(F)(F)F,1.38,2.1903154761904764,0.8103154761904765
3069,train,CNc1nc2ccccc2n1Cc3sc4N(CC(C)C)C(=O)N(C)C(=O)c4c3C(=O)N5C[C@H](O)CO5,1.77,2.1903154761904764,0.4203154761904764
2365,train,CC(C)CN1C(=O)NC(=O)c2c1sc(Cc3ccccc3C(F)(F)F)c2C(=O)N4CCC4,3.0,2.1903154761904764,-0.8096845238095236
1641,train,COCCOc1cc2ncnc(Nc3cccc(c3)C#C)c2cc1OCCOC,3.35,2.1903154761904764,-1.1596845238095237
1500,train,COc1ncccc1c2cccc3c(N)c4C(=O)N(Cc4nc23)C5CCC5,3.26,2.1903154761904764,-1.0696845238095234
3778,train,Clc1ccc2OCOc2c1Nc3ncnc4cc(OCCN5CCCC5)cc(OC6CCOCC6)c34,2.6,2.1903154761904764,-0.4096845238095237
2037,train,COc1ccccc1C(=O)Nc2nc3ccccc3[nH]2,2.9,2.1903154761904764,-0.7096845238095235
2462,train,COc1ccc(cc1)[C@@H]2Sc3ccccc3N(CCN(C)C)C(=O)[C@@H]2OC(=O)C,1.99,2.1903154761904764,0.2003154761904764
1528,train,N[C@H]1CCN(C1)c2c(Cl)cccc2\C=C\3/SC(=O)NC3=O,1.89,2.1903154761904764,0.3003154761904765
4127,train,c1ccc(cc1)c2[nH]nc3ccccc23,3.79,2.1903154761904764,-1.5996845238095236
4188,train,COC(=O)COc1ccc(cn1)C(=O)Nc2ccc(F)cc2,2.43,2.1903154761904764,-0.23968452380952376
2920,train,COc1ccc(CC(=O)Nc2nc3ccccc3[nH]2)cc1,2.9,2.1903154761904764,-0.7096845238095235
1615,train,COc1cccc2sc(NC(=O)c3ccccc3)nc12,3.96,2.1903154761904764,-1.7696845238095236
396,train,O=C(Nc1cccc(NC(=O)c2ccccc2)n1)c3ccccc3,4.02,2.1903154761904764,-1.8296845238095232
51,train,NC(Cc1c[nH]c2ccccc12)C(=O)O,-1.17,2.1903154761904764,3.3603154761904763
1823,train,COc1cc(N2CCCN(C)CC2)c3NC(=CC(=O)c3c1)C(=O)Nc4ccc(cc4)N5CCOCC5,2.1,2.1903154761904764,0.09031547619047631
2293,train,CC(=O)Nc1cccc(Nc2nc(NC3CC3)n4ncc(C#N)c4n2)c1,2.1,2.1903154761904764,0.09031547619047631
694,train,CC(C)CN1C(=O)N(C)C(=O)c2c1sc(Cc3ccccc3C(F)(F)F)c2C(=O)N4CCC4,3.46,2.1903154761904764,-1.2696845238095236
3346,train,CC1=CC2=NNC(=O)N2c3cc(ccc13)c4ccncc4,2.29,2.1903154761904764,-0.09968452380952364
1560,train,CC(C)CN1C(=O)N(C)C(=O)c2c1sc(Cc3ccnc4ccccc34)c2C(=O)N5C[C@@H](O)[C@@H](O)C5,1.18,2.1903154761904764,1.0103154761904765
3002,train,CCC(N(CCCN)C(=O)c1ccc(C)cc1)C2=Nc3ccsc3C(=O)N2Cc4ccc(OC)cc4,2.15,2.1903154761904764,0.040315476190476485
201,train,Clc1ccccc1CCNC(=O)c2cc(ccc2Cl)N3N=CC(=O)NC3=O,1.29,2.1903154761904764,0.9003154761904764
3916,train,CN1CCN(CC1)C2=Nc3ccccc3Nc4sc(C)cc24,2.19,2.1903154761904764,0.00031547619047644915
2320,train,NC(=O)Cc1ccccc1,0.3,2.1903154761904764,1.8903154761904764
3103,train,OC(=O)COc1ccc(cc1c2ccccc2)c3nccs3,-0.16,2.1903154761904764,2.3503154761904765
1876,train,CN1CCN(CC1)C(=O)OC2N(C(=O)c3nccnc23)c4ccc(Cl)cn4,1.1,2.1903154761904764,1.0903154761904763
1839,train,FC(F)(F)c1ccc(cc1)S(=O)(=O)N2CCN(CC2)C(=O)N3CCN(CC3)c4ccncc4Cl,3.54,2.1903154761904764,-1.3496845238095236
1958,train,Nc1scc2C(=NN(C(=O)c12)c3ccc(F)cc3)C(=O)NC4CC4,2.8,2.1903154761904764,-0.6096845238095234
2021,train,CNc1nc(C)c(s1)c2nc(Nc3cccc(c3)N4CCCNCC4)ncc2C#N,1.64,2.1903154761904764,0.5503154761904765
3619,train,OC(=O)c1ccc(NC(=O)c2cc(OCc3ccccc3)cc(OCc4ccccc4)c2)nc1,2.7,2.1903154761904764,-0.5096845238095238
2299,train,CC(C)C(NC(=O)CN1C(=O)C(=CC=C1c2ccccc2)N)C(=O)C(F)(F)F,1.74,2.1903154761904764,0.4503154761904764
1718,train,CC(C)(C)OC(=O)N1C[C@@H]2CC[C@H]1CN2c3ncc(OCc4ccc(cc4)S(=O)(=O)C)cn3,3.4,2.1903154761904764,-1.2096845238095235
2674,train,CC1=NC(=C(NC1=O)c2ccccc2)c3ccc(CN4CCC(CC4)N5C(=O)Nc6ccccc56)cc3,3.8,2.1903154761904764,-1.6096845238095234
3369,train,CC(C)N1CCC[C@@H](CN2CCN(CC2)C(=O)Nc3ccc(Cl)c(Cl)c3)C1,1.62,2.1903154761904764,0.5703154761904763
3701,train,Cc1nc(C)c(s1)C(=O)N[C@@H](Cc2cccc(Cl)c2)C(=O)NCC#N,2.0,2.1903154761904764,0.1903154761904764
456,train,Cc1ncc(CO)c(CO)c1O,-0.58,2.1903154761904764,2.7703154761904765
3792,train,CCCN1CCC(CC1)Oc2nccc(Nc3cc(NC(=O)c4cccc(c4)N5CCOCC5)ccc3C)n2,2.6,2.1903154761904764,-0.4096845238095237
4070,train,Cc1cc(Cl)ccc1N2CCN(CC2)C(=O)COCc3ccncc3,3.22,2.1903154761904764,-1.0296845238095238
1976,train,Oc1cccc(NC(=O)c2ccc(OCCCN3CCCC3)cc2OCc4cccc(F)c4)c1,3.15,2.1903154761904764,-0.9596845238095235
102,train,CNC(=C[N+](=O)[O-])NCCSCc1oc(CN(C)C)cc1,-0.95,2.1903154761904764,3.1403154761904766
1911,train,OC(=O)CC[C@H]1[C@@H](Cc2ccccc12)NC(=O)c3cc4sc(Cl)c(Cl)c4[nH]3,2.84,2.1903154761904764,-0.6496845238095235
160,train,Cc1ccc(NC(=N)N)cc1C,-1.34,2.1903154761904764,3.5303154761904763
3142,train,Nc1nc2nc(SCc3ccccc3)nc(N)c2s1,3.1,2.1903154761904764,-0.9096845238095237
404,train,CC(C)N1CCN(Cc2cnc(c(Cl)c2)c3ccc(cc3)C(=O)Nc4ccccc4N)CC1,1.68,2.1903154761904764,0.5103154761904765
4064,train,COc1cc(Nc2nc(N[C@@H](C)c3ncc(F)cn3)nc(N4CCOCC4)c2F)n[nH]1,2.64,2.1903154761904764,-0.44968452380952373
2092,train,CCN(CC)C(=O)c1ccc(cc1)C(=C2CCN(Cc3ccc(F)cc3)CC2)c4ccc(NC(=O)OC)cc4,4.01,2.1903154761904764,-1.8196845238095234
2278,train,Clc1ccc(cc1)c2cn3ccccc3n2,4.0,2.1903154761904764,-1.8096845238095236
2260,train,CC(C)CN1C(=O)N(C)C(=O)c2c1sc(Cc3c(C)n[nH]c3C)c2C(=O)N4C[C@H](O)CO4,1.07,2.1903154761904764,1.1203154761904763
2165,train,Cc1ccccc1C[C@H](N2CCC(CN3CCC(CC3)Oc4ccc(Cl)c(Cl)c4)CC2)C(=O)O,2.54,2.1903154761904764,-0.34968452380952364
3083,train,Fc1ccc(F)c(NS(=O)(=O)c2ccc(Cl)cc2)c1,2.9,2.1903154761904764,-0.7096845238095235
128,train,Cn1ncnc1COc2nn3c(nnc3cc2C(C)(C)C)c4cc(F)ccc4F,2.4,2.1903154761904764,-0.20968452380952352
2503,train,Cc1ccc(cc1)\C(=C/CN2CCCC2)\c3ccccn3,1.88,2.1903154761904764,0.3103154761904765
3738,train,NCC(O)(c1ccccc1)c2ccccc2,0.9,2.1903154761904764,1.2903154761904765
3967,train,CCCC(=O)Nc1ccc(OCC(O)CNC(C)C)c(c1)C(=O)C,-0.27,2.1903154761904764,2.4603154761904764
398,train,CCc1[nH]nc(NC(=O)Cc2ncc(Oc3ccnc4cc(OC)c(OC)cc34)cc2OC)c1C,2.79,2.1903154761904764,-0.5996845238095236
2342,train,Fc1ccc(CC2=NNC(=O)c3ccccc23)cc1C(=O)N4CCN(CC4)c5ccccn5,2.55,2.1903154761904764,-0.3596845238095234
1983,train,Fc1ccc(Nc2oc(nn2)C(=O)Nc3ccc(nc3)N4CCOCC4)cc1F,2.9,2.1903154761904764,-0.7096845238095235
3931,train,CO[C@@H]1C[C@@H](N(Cc2cc3c(Nc4cccc(Cl)c4F)ncnc3cc2OC)C1)C(=O)N,3.09,2.1903154761904764,-0.8996845238095235
4081,train,COc1cc(F)ccc1c2cccc(CNC3CCCC3)c2,2.29,2.1903154761904764,-0.09968452380952364
3172,train,COc1cc(ccc1Nc2ncc(Br)c(n2)c3cnc4ccccn34)N5CCN(CC5)C(=O)C,3.7,2.1903154761904764,-1.5096845238095238
3053,train,CCCOc1nc(ccc1C(=O)NC2CCCCC2)N3CCC[C@@H](CC(=O)O)C3,2.81,2.1903154761904764,-0.6196845238095237
2707,train,OC(=O)C1=CN(C2CC2)c3cc(N4CCN(CC4)C(=O)CC[N+](=O)[O-])c(F)cc3C1=O,0.22,2.1903154761904764,1.9703154761904764
2347,train,COCCOc1nc(N)c2NC(=O)N(Cc3ccccc3)c2n1,2.26,2.1903154761904764,-0.06968452380952339
1320,train,CCn1c2ccccc2c3cc(NC(=O)CCc4ccncc4)ccc13,3.75,2.1903154761904764,-1.5596845238095236
2361,train,CN1CCN(CC1)c2nc(NCCNc3ccc(cc3)[N+](=O)[O-])c4ccccc4n2,2.91,2.1903154761904764,-0.7196845238095237
783,train,CN1SC(=NC1=O)NC(=O)c2ccccc2,1.13,2.1903154761904764,1.0603154761904765
3461,train,NC1(CCC1)c2ccc(cc2)c3ncc4ccccc4c3c5ccccc5,3.6,2.1903154761904764,-1.4096845238095237
939,train,Clc1cccc(NC(=O)c2ccccn2)c1,3.4,2.1903154761904764,-1.2096845238095235
1826,train,COc1cc2ncnc(Nc3cccc(O)c3)c2cc1OC,2.6,2.1903154761904764,-0.4096845238095237
4148,train,C[C@H](NC(=O)c1c(C)nn(C2CCCCC2)c1NS(=O)(=O)c3ccc(C)cc3)C(C)(C)C,1.97,2.1903154761904764,0.22031547619047642
3930,train,CC(C)n1c(C)ncc1c2nc(Nc3ccc(cc3)C(=O)N4CCN(C)CC4)ncc2F,2.49,2.1903154761904764,-0.2996845238095238
1921,train,COc1cc(Oc2ccnc3ccc(F)cc23)ccc1CC(=O)Nc4noc(C)c4C,4.06,2.1903154761904764,-1.8696845238095232
2618,train,Cc1ccccc1S(=O)(=O)NC(=O)N2CCC(CC2)N3CCC(CC3)Oc4ccc(Cl)c(Cl)c4,1.71,2.1903154761904764,0.48031547619047643
2860,train,Cc1ccc(cc1)c2cc(C(=O)N3CCOCC3)c4cc(C)ccc4n2,3.6,2.1903154761904764,-1.4096845238095237
3354,train,CCC(N(CCCN)C(=O)c1ccc(C)cc1)C2=Nc3ccsc3C(=O)N2Cc4ccccc4,1.81,2.1903154761904764,0.38031547619047634
3209,train,O=C(NCCN1CCCC1)c2ccc(Nc3ncc4cc(ccc4n3)c5ccncc5)cc2,2.39,2.1903154761904764,-0.19968452380952373
2545,train,CN(C1CCN(Cc2ccc(cc2)C(F)(F)F)CC1)C(=O)Cc3ccc(cc3F)S(=O)(=O)C,2.7,2.1903154761904764,-0.5096845238095238
300,train,Oc1ccc(CCNCCCS(=O)(=O)NCCOCCc2cccc(Cl)c2)c3sc(O)nc13,1.92,2.1903154761904764,0.27031547619047647
2065,train,CN1C(=O)CN=C(c2ccccc2F)c3cc(ccc13)[N+](=O)[O-],2.1,2.1903154761904764,0.09031547619047631
3374,train,NC1(CCN(CC1)c2ncnc3[nH]ccc23)C(=O)NC(CCO)c4ccc(Cl)cc4,2.5,2.1903154761904764,-0.3096845238095236
3110,train,CC(C)C1NCCc2c1sc3ccccc23,2.8,2.1903154761904764,-0.6096845238095234
484,train,OC(=O)c1cc(nc2ccc(F)cc12)c3ccncc3,-0.8,2.1903154761904764,2.990315476190476
943,train,CC(C)N1C(=O)N(CC2CC2)c3nn(Cc4ccnc5ccc(Cl)cc45)c(c6cncn6C)c3C1=O,4.02,2.1903154761904764,-1.8296845238095232
2421,train,C[C@@H](Oc1ccc(cc1C(=O)N2CCN(CC2)c3ncc(cc3F)C(F)(F)F)S(=O)(=O)C)C(F)(F)F,3.49,2.1903154761904764,-1.2996845238095238
3748,train,CN(C)CCCC(NC(=O)C1(N)CCN(CC1)c2ncnc3[nH]ccc23)c4ccc(Cl)cc4,1.4,2.1903154761904764,0.7903154761904765
3282,train,CCCN(CCO)CCCOc1cc2ncnc(Nc3cc(CC(=O)Nc4cccc(F)c4F)[nH]n3)c2cc1OC,1.28,2.1903154761904764,0.9103154761904764
3268,train,CCC(=C)C(=O)c1ccc(OCC(=O)O)c(Cl)c1Cl,0.02,2.1903154761904764,2.1703154761904764
3878,train,COCCOc1ccc(cc1)c2cc(C(=O)N)c(NC(=O)N)s2,2.34,2.1903154761904764,-0.14968452380952346
1787,train,CC1=CN([C@H]2CCCN(Cc3cccc(Oc4cccc(Br)c4)c3)C2)C(=O)NC1=O,3.68,2.1903154761904764,-1.4896845238095238
2527,train,CCN(C1CCN(CCC(c2ccccc2)c3ccccc3)CC1)C(=O)NCc4ccc(cc4)S(=O)(=O)C,2.86,2.1903154761904764,-0.6696845238095235
510,train,FC(F)(F)COc1ccc(OCC(F)(F)F)c(c1)C(=O)NCC2CCCCN2,1.13,2.1903154761904764,1.0603154761904765
2224,train,COC(=O)c1ccc(NC(=O)c2cc(OC)c(OC)c(OC)c2)cc1,3.2,2.1903154761904764,-1.0096845238095238
516,train,COc1cccc2c(O)cc(nc12)c3ccccc3,2.3,2.1903154761904764,-0.10968452380952343
3859,train,COc1cc2ncnc(Nc3cccc(Cl)c3F)c2cc1CN(C)C4(CCN(C)CC4)C(=O)N,2.16,2.1903154761904764,0.030315476190476254
1640,train,O=C(NCC#N)[C@@H]1CCCC[C@H]1C(=O)N2CCc3ccccc3C2,1.91,2.1903154761904764,0.2803154761904765
2542,train,COc1ccnc(CSc2nc3ccccc3[nH]2)c1,2.89,2.1903154761904764,-0.6996845238095237
1682,train,OC(=O)COc1ccc(cc1c2ccc(Cl)cc2)C(F)(F)F,0.9,2.1903154761904764,1.2903154761904765
3815,train,C[C@H]1O[C@H]([C@H](O)[C@@H]1O)n2cnc3c(N)nc(OCC4CC45CC5)nc23,1.78,2.1903154761904764,0.41031547619047637
195,train,Nc1nc(N)nc(n1)c2cccc(c2)C(F)(F)F,2.4,2.1903154761904764,-0.20968452380952352
1506,train,NC(=O)c1cc(cc(c1)[N+](=O)[O-])[N+](=O)[O-],0.81,2.1903154761904764,1.3803154761904763
3676,train,CN(c1ccnc(Nc2cc(cc(c2)N3CCOCC3)N4CCCOCC4)n1)c5cc(CO)ccc5C,3.3,2.1903154761904764,-1.1096845238095234
3395,train,CCOC(=O)C1=COc2ccccc2C1=O,1.81,2.1903154761904764,0.38031547619047634
2410,train,Cc1sc2ncnc(N3CCN(CC3)c4ncccn4)c2c1C,3.66,2.1903154761904764,-1.4696845238095237
2466,train,CN(C1CCN(Cc2ccc(nc2)C(F)(F)F)CC1)C(=O)Cc3ccc(cc3)n4cnnn4,1.8,2.1903154761904764,0.39031547619047635
109,train,Nc1nc(Nc2cccc(Br)c2)c3nc[nH]c3n1,3.04,2.1903154761904764,-0.8496845238095236
2447,train,OC(=O)COc1ccc(Cl)cc1CN2CCN(CC2)S(=O)(=O)c3ccc(F)cc3,0.99,2.1903154761904764,1.2003154761904764
3315,train,Nc1ncnc2ccccc12,1.26,2.1903154761904764,0.9303154761904764
1951,train,COc1cc2ncc(C(=O)N)c(Nc3cccc(F)c3F)c2cc1OC,2.82,2.1903154761904764,-0.6296845238095234
825,train,Oc1cc(O)cc(\C=C\c2ccc(O)c(O)c2)c1,2.11,2.1903154761904764,0.08031547619047652
2128,train,O=C(NC1(CC1)C#N)[C@@H]2CCCC[C@H]2C(=O)N3CCN(CC3)c4nc5ccncc5s4,1.6,2.1903154761904764,0.5903154761904763
699,train,C[C@H](Nc1ccc2ncn(c3cc([nH]n3)C4CC4)c2n1)c5ncc(F)cn5,2.74,2.1903154761904764,-0.5496845238095238
9,train,Oc1ncnc2scc(c3ccsc3)c12,2.25,2.1903154761904764,-0.059684523809523604
3511,train,NC(=O)c1nnn(c1N)c2ccccc2,0.74,2.1903154761904764,1.4503154761904764
1950,train,CC1(C)COCc2sc(nc12)N3CCN(CC3)C(=O)[C@@H]4CCCC[C@H]4C(=O)NC5(CC5)C#N,2.4,2.1903154761904764,-0.20968452380952352
659,train,Nc1nc(N)c2cc(NCc3ccc(Cl)c(Cl)c3)ccc2n1,2.22,2.1903154761904764,-0.0296845238095238
3446,train,COc1ccc(cc1)c2nc(nc(O)c2C#N)N3CCOCC3,0.2,2.1903154761904764,1.9903154761904764
1601,train,NCc1ccc(NC(=O)c2cc(Nc3ncccn3)c4cc(ccc4c2)\C(=N\O)\N)cc1,-0.85,2.1903154761904764,3.0403154761904765
1214,train,Fc1ccc(cc1)C(NC(=O)CC2CCN(Cc3ccn(c3)c4ccc(cc4)C(F)(F)F)CC2)C5=CNC(=O)C(=C5)Cl,3.12,2.1903154761904764,-0.9296845238095237
1862,train,CC[C@H]1[C@@H](Cc2cncn2C)COC1=O,-0.37,2.1903154761904764,2.5603154761904765
1267,train,Cc1nccc(c1Cl)c2ccc(cc2)c3nc4ccncc4c(O)c3C#N,2.0,2.1903154761904764,0.1903154761904764
534,train,CCc1ccccc1c2ccc(cc2)c3nc4ccncc4c(O)c3C#N,3.5,2.1903154761904764,-1.3096845238095236
1225,train,NC1(CCC1)c2ccc(cc2)C3=NN4C=CC(=O)N=C4C=C3c5ccccc5,0.2,2.1903154761904764,1.9903154761904764
1444,train,CC(C)n1c(C)ncc1c2ccnc(Nc3ccc(cc3)N4CCN(CC4)C(=O)C)n2,2.39,2.1903154761904764,-0.19968452380952373
2691,train,Oc1ccc(cc1)C2=CC(=O)c3ccccc3N2,2.34,2.1903154761904764,-0.14968452380952346
4126,train,O=C(CN1CCOCC1)Nc2ccc(cc2OCC3CC3)c4cccc5C(=O)C=C(Oc45)N6CCOCC6,3.3,2.1903154761904764,-1.1096845238095234
1149,train,CC(NCC(O)c1ccc(cc1)[N+](=O)[O-])C23CC4CC(CC(C4)C2)C3,3.53,2.1903154761904764,-1.3396845238095234
2212,train,CC(C)[C@H](NC(=O)CCc1ccccc1)C(=O)N2CCCC2,2.49,2.1903154761904764,-0.2996845238095238
4164,train,COc1cc(Nc2nc3c(cc2F)ncn3[C@@H](CO)c4ccc(F)cn4)n[nH]1,2.18,2.1903154761904764,0.010315476190476236
2558,train,O[C@]1(CN2CCC1CC2)C#Cc3ccc(Oc4ccc(cc4)C(=O)NCc5ccncc5)cc3,2.42,2.1903154761904764,-0.22968452380952353
507,train,NS(=O)(=O)c1ccc(NCc2ccccc2)cc1,1.7,2.1903154761904764,0.49031547619047644
2924,train,Clc1ccc2nc(ccc2c1C(=O)NCC34CC5CC(CC(C5)C3)C4)N6CCC[C@@H](C6)NCCc7nnn[nH]7,3.08,2.1903154761904764,-0.8896845238095237
754,train,Fc1cccc2[nH]c3CCN(Cc3c12)C(=O)[C@@H]4CCCC[C@H]4C(=O)NC5(CC5)C#N,3.2,2.1903154761904764,-1.0096845238095238
2791,train,Clc1ccccc1N2CCN(CC2)C(=O)NC3CCCCC3,3.78,2.1903154761904764,-1.5896845238095234
932,train,CCN(C1CCN(CCC(c2ccccc2)c3ccc(NC(=O)C)cc3)CC1)C(=O)Cc4ccc(cc4)S(=O)(=O)C,2.09,2.1903154761904764,0.10031547619047654
4146,train,COc1cc(OC)c(cc1NC(=O)C)S(=O)(=O)NCc2ccccc2N3CCC(CO)CC3,1.03,2.1903154761904764,1.1603154761904764
1928,train,C1CNCC(C1)c2nc3ccccc3s2,1.0,2.1903154761904764,1.1903154761904764
1359,train,C[C@H](Oc1ncc(Cl)c(Nc2cc(C)[nH]n2)n1)c3ncc(F)cn3,1.82,2.1903154761904764,0.37031547619047633
3109,train,COc1ccc2[nH]c(cc2c1)C(=O)N3CCN(C)CC3,1.62,2.1903154761904764,0.5703154761904763
636,train,Cc1cccc(C(=O)N)c1NC(=O)c2ccccc2,1.09,2.1903154761904764,1.1003154761904763
592,train,O=C(Nc1ccccc1)c2oc3ccccc3c2,3.44,2.1903154761904764,-1.2496845238095236
1562,train,COc1ccc2C=CC(=O)N(CCN3CCC(CC3)NCc4cc5OCCOc5cn4)c2c1,1.31,2.1903154761904764,0.8803154761904763
92,train,CN(C)C(=O)c1ccc(CN2CCc3cc4nc(N)sc4cc3CC2)cc1,1.72,2.1903154761904764,0.4703154761904764
688,train,C[C@]12CC[C@H]3[C@@H](CCc4cc(O)ccc34)[C@@H]1CC[C@@H]2O,3.72,2.1903154761904764,-1.5296845238095238
2841,train,CCN1CCC[C@H](C1)C(=O)N2CCN(CC2)C(=O)Nc3ccc(Cl)c(Cl)c3,1.6,2.1903154761904764,0.5903154761904763
2484,train,NC(=O)c1sc2nccc(Nc3ccccc3)c2c1N,2.91,2.1903154761904764,-0.7196845238095237
1946,train,CC(C(=O)O)c1cccc(c1)C(=O)c2ccccc2,-0.12,2.1903154761904764,2.3103154761904765
1910,train,OCCCN1C(=O)C(Cc2ccccc12)NC(=O)c3cc4cc(Cl)sc4[nH]3,3.49,2.1903154761904764,-1.2996845238095238
3405,train,Cc1cc(C)cc(c1)c2oc(SCC(=O)N3CCN(CC3)C(=O)c4occc4)nn2,3.0,2.1903154761904764,-0.8096845238095236
1368,train,[O-][N+](=O)c1ccc(cc1)C2=Nc3ccccc3C(=O)N2,2.5,2.1903154761904764,-0.3096845238095236
90,train,COc1ccnc(CCc2nc3c(C)ccnc3[nH]2)c1,2.1,2.1903154761904764,0.09031547619047631
900,train,CC(C)n1c(C)ncc1c2ccnc(Nc3ccc(cc3)S(=O)(=O)CC4CCCO4)n2,2.82,2.1903154761904764,-0.6296845238095234
1502,train,Nc1ccccc1NC(=O)c2ccc(cc2)C3CCN(Cc4ccccc4)CC3,2.51,2.1903154761904764,-0.3196845238095234
1350,train,COc1cc2ncnc(Nc3ccc(F)c(Cl)c3)c2cc1OCCN4CCN(C)CC4,3.3,2.1903154761904764,-1.1096845238095234
2110,train,CCOC(=O)c1ccc(OC(=O)CCCCCN=C(N)N)cc1,2.41,2.1903154761904764,-0.21968452380952375
1081,train,OC(=O)CCc1ccc(OCc2cc(Cl)ccc2c3ccccc3)cc1,3.22,2.1903154761904764,-1.0296845238095238
1576,train,Cc1cc(C)cc(c1)c2[nH]c3ccccc3c2CCNCCCCc4ccncc4,3.3,2.1903154761904764,-1.1096845238095234
751,train,COc1cc(ccc1Cn2ncc3ccc(NC(=O)OC4CCCC4)cc23)C(=O)NS(=O)(=O)c5ccccc5,1.8,2.1903154761904764,0.39031547619047635
1803,train,NS(=O)(=O)c1cc2c(NCNS2(=O)=O)cc1Cl,-0.09,2.1903154761904764,2.2803154761904763
99,train,CCN(CCN(C)C)S(=O)(=O)c1ccc(cc1)c2cnc(N)c(n2)C(=O)Nc3cccnc3,2.0,2.1903154761904764,0.1903154761904764
2435,train,COCC1=C(N2[C@H](SC1)[C@H](NC(=O)\C(=N/OC)\c3csc(N)n3)C2=O)C(=O)OC(C)OC(=O)OC(C)C,1.7,2.1903154761904764,0.49031547619047644
425,train,NC(=O)Nc1sc(cc1C(=O)N)c2ccc(OCCN3CCCCC3)cc2,1.2,2.1903154761904764,0.9903154761904764
3093,train,COCCN1CCC(Cc2ccc(cc2)C(=O)NCc3cnc(nc3NCC(C)(C)C)C#N)CC1,3.5,2.1903154761904764,-1.3096845238095236
3247,train,COc1cc(N2CCN(C)CC2)c3NC(=CC(=O)c3c1)C(=O)Nc4ccc(cc4)N5CCOCC5,2.7,2.1903154761904764,-0.5096845238095238
3829,train,CCC(CC)NC(=O)c1c(C)nn(C(C)C)c1NS(=O)(=O)c2ccc(C)cc2,0.92,2.1903154761904764,1.2703154761904765
1919,train,CC1=CN([C@H]2CCCN(C2)[C@H](CC(C)(C)C)c3ccc(C(=O)O)c(Oc4cccc(Br)c4)c3)C(=O)NC1=O,1.09,2.1903154761904764,1.1003154761904763
2670,train,COc1cc(O)c2C(=O)O[C@@H](C)C\C=C/C(=O)[C@@H](O)[C@@H](O)C\C=C\c2c1,1.64,2.1903154761904764,0.5503154761904765
3136,train,NC1(CCN(CC1)c2ncnc3[nH]ccc23)C(=O)NC(CS(=O)(=O)N)c4ccc(Cl)cc4,2.2,2.1903154761904764,-0.009684523809523782
3435,train,CC(C)[C@@H]1N=C(c2ccccc2)c3ccccc3NC1=O,3.05,2.1903154761904764,-0.8596845238095234
705,train,COc1c(Nc2ccc(nc2C)S(=O)(=O)C)ncnc1OC3CCN(CC3)C(=O)OC(C)C,2.4,2.1903154761904764,-0.20968452380952352
1307,train,C[C@H](Oc1ccc(SCCCCCc2ccccc2)cc1)C(=O)c3nc(C)c(CCCC(=O)O)s3,2.03,2.1903154761904764,0.1603154761904766
2615,train,CC1CN(Cc2cc(Cl)ccc2OCC(=O)O)CCN1S(=O)(=O)c3ccccc3,0.31,2.1903154761904764,1.8803154761904763
1232,train,CC(C)Oc1cc(Nc2nc3c(cc2F)ncn3[C@@H](CO)c4ccc(F)cn4)n[nH]1,2.97,2.1903154761904764,-0.7796845238095238
930,train,CN1CC(C1)n2nccc2c3cc(Cl)ccc3Oc4cc(F)c(cc4F)S(=O)(=O)Nc5ncns5,1.0,2.1903154761904764,1.1903154761904764
3445,train,OCC(=O)N1CCC[C@H]1COc2cccc3ncnc(Nc4ccc(OCc5ccccn5)c(Cl)c4)c23,3.62,2.1903154761904764,-1.4296845238095237
2170,train,COc1cc(ccc1Nc2ncc(Cl)c(n2)c3cnc4ccccn34)N5CCNCC5,2.4,2.1903154761904764,-0.20968452380952352
144,train,Oc1ccc2C(=O)C=C(Oc2c1)N3CCOCC3,1.0,2.1903154761904764,1.1903154761904764
2968,train,OC1CCN(CC1)C(=O)CN2C(=O)C(Cc3ccccc23)NC(=O)c4cc5cc(Cl)sc5[nH]4,2.86,2.1903154761904764,-0.6696845238095235
3162,train,CN(C)C(=O)[C@H](O)[C@H](Cc1ccccc1)NC(=O)c2cc3cc(Cl)ccc3[nH]2,3.6,2.1903154761904764,-1.4096845238095237
333,train,O=C1CCOc2nc(\C=C\c3ccccc3)ccc12,3.2,2.1903154761904764,-1.0096845238095238
2100,train,COc1ccccc1N2CCN(CC3=C(Br)C(=O)N(N3C)c4ccccc4)CC2,2.5,2.1903154761904764,-0.3096845238095236
4141,train,Oc1cc(ccc1NC(=O)CN2CCOCC2)c3cccc4C(=O)C=C(Oc34)N5CCOCC5,2.4,2.1903154761904764,-0.20968452380952352
1175,train,C[S+]([O-])c1ccc(cc1)c2nc(c3ccc(F)cc3)c([nH]2)c4ccncc4,3.34,2.1903154761904764,-1.1496845238095235
3451,train,Cc1ccc(Oc2ccc(OCC(=O)Nc3ccncc3)cc2)cc1,4.3,2.1903154761904764,-2.1096845238095234
41,train,CC(C)N(CCC(C(=O)N)(c1ccccc1)c2ccccn2)C(C)C,-0.54,2.1903154761904764,2.7303154761904764
812,train,C[C@H](NC(=O)c1c(C)nn(C2CCN(C)CC2)c1NS(=O)(=O)c3ccc(C)cc3)C(C)(C)C,0.8,2.1903154761904764,1.3903154761904764
1575,train,[O-][N+](=O)c1ccc2[nH]ncc2c1,2.2,2.1903154761904764,-0.009684523809523782
2262,train,Clc1ccc(OC2CCN(CC2)C3CCN(CC3)C(=O)C4=CNC(=O)c5ccccc45)cc1Cl,3.51,2.1903154761904764,-1.3196845238095234
3272,train,COc1cc(Nc2cc(Nc3c(Cl)ccc4OCOc34)ncn2)cc(OC)c1OC,3.07,2.1903154761904764,-0.8796845238095234
3774,train,Cc1ccccc1CN2CCC(CC2)N3CCC(CC3)N4C(=O)Nc5ccccc45,2.68,2.1903154761904764,-0.48968452380952376
1339,train,O[C@@H](CNCCc1ccc(CNCCc2ccccc2)cc1)c3ccc(O)c4NC(=O)Sc34,1.11,2.1903154761904764,1.0803154761904763
2821,train,CC(C)(C)OC(=O)N1CCN(CC1)c2ccc(OCc3ccc(cc3)S(=O)(=O)C)nn2,2.8,2.1903154761904764,-0.6096845238095234
4035,train,FC(F)(F)Oc1ccccc1S(=O)(=O)NCC(N2CCCCCC2)c3ccccc3,4.09,2.1903154761904764,-1.8996845238095235
3975,train,Cc1oc(CN2CCNCC2)cc1C(=O)NCC34CC5CC(CC(C5)C3)C4,1.03,2.1903154761904764,1.1603154761904764
3756,train,O=C(C1CC1)c2ccc(OCCCc3c[nH]cn3)cc2,2.68,2.1903154761904764,-0.48968452380952376
2729,train,Nc1nc(OC2CCCC2)nc3c1ncn3[C@@H]4O[C@H](CO)[C@H](Cl)[C@H]4O,2.16,2.1903154761904764,0.030315476190476254
1585,train,COC(=O)[C@@H]1C2CCC(C[C@@H]1c3ccc(I)cc3)N2CCCF,2.3,2.1903154761904764,-0.10968452380952343
1124,train,CC(C)C[C@@H](N1CCC[C@@H](C1)N2C=C(C)C(=O)NC2=O)c3ccc(C(=O)O)c(Oc4cccc(Cl)c4)c3,0.91,2.1903154761904764,1.2803154761904763
786,train,C[C@H](Nc1ncc(C)c(Nc2cc(C)[nH]n2)n1)c3ncc(F)cn3,1.75,2.1903154761904764,0.4403154761904764
2267,train,OC(=O)[C@H](Cc1ccc(F)cc1)N2CCC(CN3CCC(CC3)Oc4ccc(Cl)cc4Cl)CC2,2.6,2.1903154761904764,-0.4096845238095237
4065,train,Cc1cccc(Nc2ncnc3ccccc23)c1,3.21,2.1903154761904764,-1.0196845238095236
1960,train,CCCC1CCCCC(=N1)N,1.1,2.1903154761904764,1.0903154761904763
829,train,Cc1cccc2c3CN(CCc3[nH]c12)C(=O)[C@@H]4CCCC[C@H]4C(=O)NC5(CC5)C#N,2.99,2.1903154761904764,-0.7996845238095238
4142,train,CCCSc1c(cnn1c2ccc(cc2)C(=O)O)C(=O)NC3CCCCC3,0.64,2.1903154761904764,1.5503154761904763
3496,train,NC1(CCN(CC1)c2ncnc3[nH]ccc23)C(=O)NC(Cc4ccccc4)c5ccc(Cl)cc5,4.1,2.1903154761904764,-1.9096845238095232
619,train,OC(=O)c1cccc(CN2CCC(CN3CCC(CC3)Oc4ccc(Cl)c(Cl)c4)CC2)c1,1.26,2.1903154761904764,0.9303154761904764
3535,train,CC(O)C(C)OC(=O)[C@@H]1CC2C(Cc3cn(C(C)C)c4cccc2c34)N(C)C1,2.8,2.1903154761904764,-0.6096845238095234
1899,train,Oc1ccc(CCNCCS(=O)(=O)CCCOCCc2ccccc2)c3sc(O)nc13,2.61,2.1903154761904764,-0.4196845238095235
1885,train,CN1CCN(CC1)c2cc(Nc3cc(C)[nH]n3)nc(Sc4ccc(NC(=O)C5CC5)cc4)n2,3.47,2.1903154761904764,-1.2796845238095238
377,train,CCNC(=O)C[C@@H]1N=C(c2ccc(Cl)cc2)c3cc(OC)ccc3n4c(C)nnc14,2.46,2.1903154761904764,-0.26968452380952357
291,train,C[C@]1(CCCN1c2nc(Nc3cc([nH]n3)C4CC4)c5cccn5n2)C(=O)Nc6ccc(F)nc6,3.16,2.1903154761904764,-0.9696845238095237
1777,train,COc1cc(F)ccc1c2cncc(CNC[C@@H]3CCCO3)n2,2.0,2.1903154761904764,0.1903154761904764
3611,train,Cc1cc(CNc2nccc(Nc3cc(CCc4ccccc4)[nH]n3)n2)on1,3.56,2.1903154761904764,-1.3696845238095237
2608,train,COc1cc(OC)c(cc1NC(=O)C)S(=O)(=O)N(C)c2ccccc2,1.1,2.1903154761904764,1.0903154761904763
570,train,CN(C)CC(O)COc1ccc(Nc2nccc(Nc3ccccc3C#N)n2)cc1,1.2,2.1903154761904764,0.9903154761904764
810,train,COc1cc(OC)nc(n1)N2N=CC(=C(Cl)C2=O)Cl,1.4,2.1903154761904764,0.7903154761904765
4147,train,COCCNCc1ccc(cc1)c2cc(C(=O)N)c(NC(=O)N)s2,0.87,2.1903154761904764,1.3203154761904763
551,train,CN(C)CC(O)COc1ccc(Nc2cc(ncn2)N(CC#N)c3ccc(C)cc3Br)cc1,2.24,2.1903154761904764,-0.04968452380952382
1377,train,CN(C)CC\C=C\1/c2ccccc2Sc3ccc(Cl)cc13,3.42,2.1903154761904764,-1.2296845238095235
2393,train,C[C@@H](C(=O)NCCN1CCCC1)c2ccc(OS(=O)(=O)C(F)(F)F)cc2,1.64,2.1903154761904764,0.5503154761904765
2836,train,CS(=O)(=O)c1cccc(Nc2nccc(Nc3cccc4ocnc34)n2)c1,2.9,2.1903154761904764,-0.7096845238095235
3705,train,Cn1c(ccc1c2ccc3NC(=O)OC(C)(C)c3c2)C#N,2.85,2.1903154761904764,-0.6596845238095237
1782,train,Clc1ccc2C(=O)C3=C(Nc2c1)C(=O)NN(Cc4cocc4)C3=O,0.6,2.1903154761904764,1.5903154761904763
3627,train,CCOc1ccc(cc1)c2cnc3CCCn23,2.65,2.1903154761904764,-0.4596845238095235
3221,train,OC(=O)Cc1ccc(cc1)c2ccc(NC(=O)c3oc(Nc4ccccc4F)nn3)cc2,1.5,2.1903154761904764,0.6903154761904764
1421,train,O[C@@H]1CN(CCN2C(=O)C=Cc3ccc(cc23)C#N)CC[C@@H]1NCc4ccc5OCC(=O)Nc5n4,0.11,2.1903154761904764,2.0803154761904765
2967,train,COc1ccccc1CN(C)Cc2cccc(CCNC[C@H](O)c3ccc(O)c4NC(=O)Sc34)c2,1.52,2.1903154761904764,0.6703154761904764
1844,train,CCN(C1CCN(CCC(N2CCC(CC2)C(=O)C)c3ccccc3)CC1)C(=O)Cc4ccc(cc4)S(=O)(=O)C,0.9,2.1903154761904764,1.2903154761904765
1322,train,COc1ccccc1C[C@H](N2CCC(CN3CCC(CC3)Oc4ccc(Cl)c(Cl)c4)CC2)C(=O)O,2.77,2.1903154761904764,-0.5796845238095236
2052,train,Cc1nc(cs1)C(=O)N2CCOC3(CCN(Cc4ccc(Cl)cc4)CC3)C2,2.17,2.1903154761904764,0.020315476190476467
3035,train,COc1cc(ccc1Nc2ncc(Cl)c(n2)c3cnc4c(CO)cccn34)N5CCN(CC5)C(=O)C,3.1,2.1903154761904764,-0.9096845238095237
23,train,OC(=O)c1cccc(c1)N2CCC(CN3CCC(CC3)Oc4ccc(Cl)c(Cl)c4)CC2,2.17,2.1903154761904764,0.020315476190476467
2784,train,CCCSc1nc(ccc1C(=O)N[C@@H]2C3CC4CC2C[C@@](O)(C4)C3)N5CCOCC5,3.2,2.1903154761904764,-1.0096845238095238
2346,train,C[C@H](NC(=O)c1c(C)nn(C2CCS(=O)(=O)CC2)c1NS(=O)(=O)c3ccc(C)cc3)C(C)(C)C,0.25,2.1903154761904764,1.9403154761904764
3027,train,NC1CCc2cc(OC(=O)c3ccccc3)c(OC(=O)c4ccccc4)cc2C1,2.6,2.1903154761904764,-0.4096845238095237
49,train,COc1ccccc1Cn2c(C)nc3ccccc23,3.47,2.1903154761904764,-1.2796845238095238
2994,train,COc1cc(cc(OC)c1O)[C@H]2[C@@H]3C(COC3=O)C(O[C@@H]4O[C@@H]5CO[C@@H](C)O[C@H]5[C@H](O)[C@H]4O)c6cc7OCOc7cc26,0.91,2.1903154761904764,1.2803154761904763
1297,train,COc1c(cc2ccccc2c1C(=O)N(C)C[C@@H](CCN3CCC(CC3)N4CCCNC4=O)c5ccc(Cl)c(Cl)c5)C#N,3.0,2.1903154761904764,-0.8096845238095236
467,train,COc1cc(N2CC[C@H](C2)N(C)C)c3NC(=CC(=O)c3c1)C(=O)Nc4ccc(cc4)N5CCOCC5,2.7,2.1903154761904764,-0.5096845238095238
780,train,CCCC(=O)N1CCN(CC1)c2nnc(c3ccccc3)c4ccccc24,3.2,2.1903154761904764,-1.0096845238095238
1851,train,Nc1nc2nc(cc(n2n1)C(F)(F)F)c3cccs3,2.01,2.1903154761904764,0.1803154761904766
1763,train,CN1CC(c2ccccc2)c3cccc(N)c3C1,2.08,2.1903154761904764,0.11031547619047632
3830,train,Cc1ccc(cc1NC(=O)c2ccc(OCc3ccccn3)cc2)c4cc(n[nH]4)C(F)(F)F,2.44,2.1903154761904764,-0.24968452380952355
2668,train,NC(=O)Nc1sc(cc1C(=O)N[C@H]2CCCNC2)c3ccsc3,1.06,2.1903154761904764,1.1303154761904763
2887,train,Cc1ccc(cc1NC(=O)c2ccc(OCc3ccccn3)cc2)c4ncc(C)n4C,2.67,2.1903154761904764,-0.47968452380952353
27,train,C(CCCCNc1cc(nc2ccccc12)c3ccccc3)CCCNc4cc(nc5ccccc45)c6ccccc6,2.27,2.1903154761904764,-0.07968452380952362
1348,train,Nc1c(cnn1c2ccc(F)cc2)C(=O)c3cccc(OC[C@H](O)CO)c3,1.94,2.1903154761904764,0.25031547619047645
1241,train,OCc1ccc(OC2CCN(CC3CCN(CC3)[C@@H](Cc4ccccc4)C(=O)O)CC2)cc1Cl,0.8,2.1903154761904764,1.3903154761904764
1357,train,Cc1c[nH]c(\C=C\2/C(=O)Nc3ccccc23)c1CCC(=O)O,1.2,2.1903154761904764,0.9903154761904764
1311,train,CN1C(=O)N(CC2CC2)c3nn(Cc4ccnc5ccc(Cl)cc45)c(c6oc(cc6Cl)S(=O)(=O)C)c3C1=O,3.97,2.1903154761904764,-1.7796845238095238
1974,train,CCOC(=O)[C@H](Cc1ccc(O)cc1)NC(=O)c2cccc3ccccc23,3.12,2.1903154761904764,-0.9296845238095237
2223,train,CN(C)c1nc(nc(n1)N(C)C)N(C)C,2.44,2.1903154761904764,-0.24968452380952355
1972,train,NC(=N)Nc1ccc(Cl)c(Cl)c1,-0.31,2.1903154761904764,2.5003154761904764
4117,train,NS(=O)(=O)c1ccc2NC(C3CC=CC3c2c1)c4cccc5ccccc45,1.9,2.1903154761904764,0.2903154761904765
3037,train,CCN(CC)CC#CCOC(=O)C(O)(C1CCCCC1)c2ccccc2,3.65,2.1903154761904764,-1.4596845238095235
567,train,Nc1n[nH]c(Nc2ccccc2)n1,1.06,2.1903154761904764,1.1303154761904763
2588,train,Cc1onc(NS(=O)(=O)c2ccc(N)cc2)c1,-0.56,2.1903154761904764,2.7503154761904764
2850,train,O=C1NN=C(Cc2ccccc2)c3ccccc13,2.8,2.1903154761904764,-0.6096845238095234
1190,train,CCC(CC)NC(=O)c1nnn(c1NS(=O)(=O)c2ccc(C)cc2)c3ccccc3,0.46,2.1903154761904764,1.7303154761904764
1487,train,Clc1cnc(OC2CCNCC2)cc1C(=O)NCC34CC5CC(CC(C5)C3)C4,1.56,2.1903154761904764,0.6303154761904763
1010,train,COc1ccccc1CN[C@H]2CCCN[C@H]2c3ccccc3,1.5,2.1903154761904764,0.6903154761904764
1811,train,Cc1cc(CCCOc2c(C)cc(cc2C)c3noc(n3)C(F)(F)F)on1,3.63,2.1903154761904764,-1.4396845238095235
849,train,CN1CCN(CC1)S(=O)(=O)c2ccc(c3cnc(N)c(n3)C(=O)Nc4cccnc4)c(c2)C(F)(F)F,3.25,2.1903154761904764,-1.0596845238095236
3569,train,O=C(NCC#N)[C@@H]1CCCC[C@H]1C(=O)N2CCC=CC2,0.9,2.1903154761904764,1.2903154761904765
3397,train,CC1CCCCC1NC(=O)c2c(C)nn(c2NS(=O)(=O)c3ccc(C)cc3)c4ccccc4,1.94,2.1903154761904764,0.25031547619047645
1716,train,Nc1c(nnc2c(cccc12)c3ncccn3)C(=O)NC4CC4,1.5,2.1903154761904764,0.6903154761904764
285,train,COc1ccc(cc1OC)N2CCN(CC2)C(=O)[C@@H]3CCCC[C@H]3C(=O)NC4(CC4)C#N,1.4,2.1903154761904764,0.7903154761904765
4016,train,CC(C)NC(=O)c1cc2c(c(cnc2[nH]1)c3cncc(c3)C(=O)O)n4ccc(n4)C(F)(F)F,-0.62,2.1903154761904764,2.8103154761904765
3126,train,Oc1nc2ccccc2c(O)c1c3ccccc3,0.73,2.1903154761904764,1.4603154761904764
1141,train,COc1ncnc(NS(=O)(=O)c2ccc(N)cc2)c1OC,-0.73,2.1903154761904764,2.9203154761904764
1197,train,NC(=O)c1cncc(c1)c2ccc(cc2)[C@@H]3CC[C@@H](CC(=O)O)CC3,0.22,2.1903154761904764,1.9703154761904764
2171,train,CC(C)NC(=O)NS(=O)(=O)c1cnccc1Nc2cccc(C)c2,0.3,2.1903154761904764,1.8903154761904764
3584,train,CC(C)CNc1nc(nc(N2CC(O)C2)c1N)C#N,2.0,2.1903154761904764,0.1903154761904764
10,train,CS(=O)(=O)c1ccc(Oc2ccc(cc2)C#C[C@]3(O)CN4CCC3CC4)cc1,1.51,2.1903154761904764,0.6803154761904764
2777,train,O=C1C=C(OCc2ccccc2)C=CN1c3ccc4c(cnn4CCN5CCCC5)c3,2.0,2.1903154761904764,0.1903154761904764
2589,train,Clc1ccc2C(=O)C3=C(Nc2c1)C(=O)NN(Cc4cc5ccccc5s4)C3=O,2.0,2.1903154761904764,0.1903154761904764
1263,train,CN1C=C(C(=O)NC[C@@H](O)CN2CCC(CC2)Oc3ccc(Cl)c(Cl)c3)C(=CC1=O)C(F)(F)F,2.76,2.1903154761904764,-0.5696845238095234
2596,train,COc1cc2c(Nc3ccc(F)c(Cl)c3)c(cnc2cc1OCCN(C)CCO)C(=O)N,3.2,2.1903154761904764,-1.0096845238095238
3234,train,CCN1C(=O)C=Cc2cc(COc3cc(F)cc(c3)C4(CCOCC4)OC)ccc12,3.89,2.1903154761904764,-1.6996845238095237
1419,train,C[C@@H]1CN(CCN1c2ncc(OCC3CCN(CC3)S(=O)(=O)C)cn2)C(=O)OC(C)(C)C,3.5,2.1903154761904764,-1.3096845238095236
1904,train,CCN(C1CCCCC1)C(=O)c2cnn(c2NS(=O)(=O)c3ccc(cc3)c4ocnc4)c5ccccc5,1.46,2.1903154761904764,0.7303154761904764
832,train,CCN(CCO)CCCC(C)Nc1ccnc2cc(Cl)ccc12,0.77,2.1903154761904764,1.4203154761904764
782,train,O=C1COc2ccc(CNC3CCN(CCN4C(=O)COc5ccc(cc45)C#N)CC3)nc2N1,0.23,2.1903154761904764,1.9603154761904764
3478,train,O=C1C=C(Nc2cc(Cc3ccccc3)ccc12)c4cccnc4,3.46,2.1903154761904764,-1.2696845238095236
3822,train,Cc1oc(CN2NC(=O)C3=C(C2=O)C(=O)c4ccc(Cl)cc4N3)cc1C,1.0,2.1903154761904764,1.1903154761904764
1465,train,CCOc1ccc(cc1)N2C(=Nc3ccccc3C2=O)CC,3.27,2.1903154761904764,-1.0796845238095236
3624,train,Clc1ccc(C2CCN(CC2)C(=O)COCc3ccncc3)c(Cl)c1,2.63,2.1903154761904764,-0.4396845238095235
3944,train,OC(=O)c1[nH]c2ccccc2c1CC(=O)Nc3cccc(c3)C(F)(F)F,1.33,2.1903154761904764,0.8603154761904763
959,train,N(c1ccccc1)c2ccnc3ccccc23,2.78,2.1903154761904764,-0.5896845238095234
2148,train,C[S+]([O-])CCN1C(=O)C(Cc2ccccc12)NC(=O)c3cc4cc(Cl)sc4[nH]3,3.17,2.1903154761904764,-0.9796845238095235
1977,train,NCCCCN(Cc1nc2ccccc2[nH]1)C3CCCc4cccnc34,0.83,2.1903154761904764,1.3603154761904763
2711,train,C[C@H](Nc1nc(Nc2ncc(C#N)s2)cc(n1)N3CCOCC3)c4ccc(F)cn4,3.45,2.1903154761904764,-1.2596845238095238
2745,train,COc1ccc2C(=CC(=O)N(CCN3CCC(CC3)NCc4cc5OCCOc5cn4)c2c1)C,1.72,2.1903154761904764,0.4703154761904764
2239,train,O=S(=O)(Nc1cccnc1)c2cccs2,0.54,2.1903154761904764,1.6503154761904764
974,train,N#Cc1ccc(cc1)C(c2ccc(cc2)C#N)n3cncn3,1.7,2.1903154761904764,0.49031547619047644
2771,train,CC(C)C(NC(=O)CN1C(=O)C(=CC=C1c2ccccc2)NC(=O)OCc3ccc(cc3)C(=O)O)C(=O)C(F)(F)F,0.84,2.1903154761904764,1.3503154761904765
1687,train,COc1cc(CO)cc(c1)N(C)c2ccnc(Nc3cc(cc(c3)N4CCOCC4)N5CCOCC5)n2,3.0,2.1903154761904764,-0.8096845238095236
1679,train,COc1ccc2c(C)nc(NC(=N)N)nc2c1,-0.51,2.1903154761904764,2.700315476190476
1238,train,OC[C@H](Nc1ncc(Cl)c(Nc2cc([nH]n2)C3CC3)n1)c4ccc(F)cc4,3.75,2.1903154761904764,-1.5596845238095236
2643,train,Clc1cccc(Cl)c1\C(=C\n2cncn2)\OC3CCCCCC3,4.1,2.1903154761904764,-1.9096845238095232
338,train,Cc1cc(Oc2ccc3OCOc3c2)nc(Oc4ccc(cc4)n5ccnc5)n1,3.47,2.1903154761904764,-1.2796845238095238
1393,train,Cc1cc(Nc2ccnc(NCc3onc(c3)C4CC4)n2)n[nH]1,2.5,2.1903154761904764,-0.3096845238095236
3218,train,Cc1c(Cl)ccc(OC2CCN(CC2)C3CCN(CC3)C(=O)c4cccc(c4)S(=O)(=O)C)c1Cl,3.33,2.1903154761904764,-1.1396845238095237
2489,train,COC(=O)N1CCN([C@@H](CN2CCCC2)C1)C(=O)Cc3ccc(Cl)c(Cl)c3,1.97,2.1903154761904764,0.22031547619047642
2474,train,CC1CN(CCN1Cc2cc(Cl)ccc2OCC(=O)O)S(=O)(=O)c3ccccc3,0.69,2.1903154761904764,1.5003154761904764
2192,train,COc1ccc(N(C(C(=O)NC[C@@H](C)O)c2ccccc2F)C(=O)c3ccoc3Cl)c(OC)c1,2.36,2.1903154761904764,-0.16968452380952348
3528,train,NC(=N)Nc1ccc(cc1)C(=O)Oc2ccc(Cl)cc2,0.7,2.1903154761904764,1.4903154761904764
1614,train,CCc1cccc2c(cn(CC(=O)NCCOC)c12)C#N,1.95,2.1903154761904764,0.24031547619047644
1024,train,C[C@@H](NC(=O)c1cccnc1Oc2ccccc2)c3ccccc3,3.14,2.1903154761904764,-0.9496845238095237
760,train,OCC[C@@]1(CCCNC1)c2oc3ccccc3c2,0.12,2.1903154761904764,2.0703154761904763
1056,train,CCCc1c(O)c(ccc1OCc2ccc(cc2)C(=O)O)C(=O)C,2.1,2.1903154761904764,0.09031547619047631
3434,train,CC(C)(C)c1ccc(cc1)c2n[nH]c(NC(=O)c3ccccc3Cl)c2Br,4.3,2.1903154761904764,-2.1096845238095234
3267,train,Nc1nc(N)c2cc(Br)ccc2n1,1.78,2.1903154761904764,0.41031547619047637
2127,train,OC(=O)CCCCn1nnc(n1)c2ccc(cc2)C(=O)N3CCC(CC3)N4CCC(CC4)Oc5ccc(Cl)c(Cl)c5,1.6,2.1903154761904764,0.5903154761904763
2517,train,CN1CCN(CCCOc2ccc(cc2)c3onc(c3)c4ccc(F)cc4)CC1,3.81,2.1903154761904764,-1.6196845238095237
490,train,CC(CCc1cccc(OCc2ccc3ccccc3n2)c1)CC(=O)O,2.4,2.1903154761904764,-0.20968452380952352
1470,train,Nc1ccccc1NC(=O)c2ccc(CNc3nccc(n3)c4cccnc4)cc2,2.28,2.1903154761904764,-0.08968452380952341
2379,train,NCC[C@@H](Oc1cc(Cl)c(F)cc1C#N)c2ccccc2,0.77,2.1903154761904764,1.4203154761904764
1040,train,CN(CCOc1ccc(CC2SC(=O)NC2=O)cc1)c3ccccn3,2.5,2.1903154761904764,-0.3096845238095236
2408,train,C[C@@H](CO)Oc1cc(Oc2ccc(cc2)S(=O)(=O)C)cc(c1)C(=O)Nc3nccs3,2.63,2.1903154761904764,-0.4396845238095235
3575,train,C[C@H](CO)Nc1nc(SCc2cccc(F)c2F)nc3nc(N)sc13,3.29,2.1903154761904764,-1.0996845238095236
3872,train,N(c1ccccc1)c2ncnc3ccccc23,2.94,2.1903154761904764,-0.7496845238095236
1115,train,C[C@H](Nc1nc(Nc2ncc(C)s2)c(F)c(n1)N3CCOCC3)c4ncc(F)cn4,3.27,2.1903154761904764,-1.0796845238095236
170,train,CCN1CCC[C@H]1CNC(=O)c2c(O)c(Cl)cc(Cl)c2OC,1.09,2.1903154761904764,1.1003154761904763
272,train,Oc1ccc2nc(sc2c1)c3ccccc3,3.99,2.1903154761904764,-1.7996845238095238
2906,train,CCC(N(CCCN)C(=O)c1ccc(C)cc1)C2=Nc3ccsc3C(=O)N2Cc4ccc(C)cc4,1.69,2.1903154761904764,0.5003154761904764
3147,train,Oc1ccc(cc1)N2C(=O)c3ccc(O)cc3C2=O,1.8,2.1903154761904764,0.39031547619047635
2130,train,CCN1CCOC(C1)C(=O)N2CCN(CC2)C(=O)Nc3ccc(Cl)c(Cl)c3,2.1,2.1903154761904764,0.09031547619047631
2372,train,CCC(N(CCCN)C(=O)c1ccc(C)cc1)C2=Nc3ccoc3C(=O)N2Cc4ccccc4,1.37,2.1903154761904764,0.8203154761904763
3689,train,FC(F)(F)c1cc(NC(=O)c2cnc(Cl)nc2C(F)(F)F)cc(c1)C(F)(F)F,1.8,2.1903154761904764,0.39031547619047635
1163,train,CCCSc1ncccc1C(=O)N(C)[C@H]2[C@@H]3CC4C[C@H]2C[C@@](O)(C4)C3,2.48,2.1903154761904764,-0.2896845238095236
1858,train,NC(=O)N(c1ccc(C(=O)N)c(n1)c2ccc(F)cc2F)c3c(F)cccc3F,1.6,2.1903154761904764,0.5903154761904763
1705,train,COc1ccc(cc1OC)S(=O)(=O)Nc2ccc(\C=C\C(=O)Nc3ccccc3N)cc2,2.56,2.1903154761904764,-0.36968452380952366
2104,train,OC1(C(=O)Nc2ccccc12)c3ccccc3,1.71,2.1903154761904764,0.48031547619047643
3368,train,CC1=CC(=O)Oc2c(C)c3oc(C)cc3cc12,3.47,2.1903154761904764,-1.2796845238095238
4132,train,COC(=O)Nc1nc2ccc(cc2[nH]1)C(=O)c3ccccc3,2.9,2.1903154761904764,-0.7096845238095235
107,train,Oc1ccccc1OC(=O)c2cccc3ccccc23,4.4,2.1903154761904764,-2.209684523809524
1900,train,COc1ccc(OC(F)(F)F)cc1CN[C@H]2CCCN[C@H]2c3ccccc3,2.9,2.1903154761904764,-0.7096845238095235
2584,train,C[C@H]1O[C@H]([C@H](O)[C@@H]1O)n2cnc3c(N)nc(OCC4CC(F)(F)C4(F)F)nc23,1.42,2.1903154761904764,0.7703154761904765
2284,train,FC(F)(F)c1cc(CO[C@H]2CCCN[C@H]2c3ccccc3)cc(c1)C(F)(F)F,3.6,2.1903154761904764,-1.4096845238095237
1735,train,OC1N=C(c2ccccc2Cl)c3cc(Cl)ccc3NC1=O,2.38,2.1903154761904764,-0.1896845238095235
3334,train,CC(NC(=O)C)c1ccc(Nc2ncc3cc(ccc3n2)c4ccncc4)cc1,3.1,2.1903154761904764,-0.9096845238095237
2317,train,Nc1ccc(cc1)S(=O)(=O)c2ccc(N)cc2,0.88,2.1903154761904764,1.3103154761904765
337,train,CNCC[C@@H](Oc1ccc(cc1)C(F)(F)F)c2ccccc2,1.96,2.1903154761904764,0.23031547619047643
269,train,O=C1COC2(CCN(CC2)S(=O)(=O)c3ccc(cc3)c4ccc5cnccc5c4)CN1C6CC6,3.32,2.1903154761904764,-1.1296845238095234
3032,train,COc1cccc2c1c(NS(=O)(=O)c3ccc(Cl)s3)nn2Cc4cccc(CNC(=O)C(C)(C)O)c4,2.09,2.1903154761904764,0.10031547619047654
461,train,C[C@@H]1CN(CCN1C(=O)[C@@H]2CCCC[C@H]2C(=O)NC3(CC3)C#N)c4ccc5c(C)nnc(C)c5c4,1.93,2.1903154761904764,0.26031547619047646
2122,train,C[C@@H]1C[C@H]2[C@@H]3CCC4=CC(=O)C=C[C@]4(C)[C@@]3(F)[C@@H](O)C[C@]2(C)[C@@]1(O)C(=O)CO,1.87,2.1903154761904764,0.3203154761904763
2107,train,CC(C)Oc1cc(OCCN2CCOCC2)cc3ncnc(Nc4c(Cl)ccc5OCOc45)c13,3.68,2.1903154761904764,-1.4896845238095238
2452,train,COc1cc(F)ccc1c2cncc(CNC3CCC3)n2,2.23,2.1903154761904764,-0.039684523809523586
492,train,CC(C)CN1C(=O)N(C)C(=O)c2c1sc(Cc3ccccc3C(F)(F)F)c2C(=O)N(C)C,2.9,2.1903154761904764,-0.7096845238095235
2619,train,COc1cccc(n1)N(C)c2ccnc(Nc3cc(cc(c3)N4CCOCC4)N5CCOCC5)n2,3.37,2.1903154761904764,-1.1796845238095237
1192,train,CN1C(=O)N(C)c2[nH]c(nc2C1=O)c3cccnc3,0.7,2.1903154761904764,1.4903154761904764
3634,train,Oc1cccc2ccc(nc12)C#N,1.81,2.1903154761904764,0.38031547619047634
1431,train,COc1ccc(cc1)S(=O)(=O)NC2=CC=C(N(CC(=O)NC(C(C)C)C(=O)C(F)(F)F)C2=O)c3ccccc3,2.5,2.1903154761904764,-0.3096845238095236
739,train,C[C@@H](NC(=O)C)c1ccc(Nc2ncc3cc(c(C)cc3n2)c4ccncc4)cc1,3.45,2.1903154761904764,-1.2596845238095238
3766,train,Cn1cc(cn1)c2cccc(C[C@H](NC(=O)c3cc(nn3C)C(C)(C)C)C(=O)NCC#N)c2,2.6,2.1903154761904764,-0.4096845238095237
2059,train,CCN(C1CCN(CCC(C2CCN(Cc3ccccc3)CC2)c4ccccc4)CC1)C(=O)Cc5ccc(cc5)S(=O)(=O)C,2.41,2.1903154761904764,-0.21968452380952375
3343,train,COc1c(C)cnc(Cn2cnc3c(Cl)nc(N)nc23)c1C,1.67,2.1903154761904764,0.5203154761904765
1816,train,CN1C(C(=O)Nc2ncc(C)s2)C(=O)c3ccccc3S1(=O)=O,0.3,2.1903154761904764,1.8903154761904764
2275,train,Cc1nc2ncnn2c(O)c1CCOC(=O)c3c(F)cccc3F,0.16,2.1903154761904764,2.0303154761904763
4137,train,C[C@@](O)(C(=O)Nc1ccc(cc1Cl)S(=O)(=O)NCCN2CCOCC2)C(F)(F)F,2.14,2.1903154761904764,0.05031547619047627
2032,train,CC(NC(=O)C1(N)CCN(CC1)c2ncnc3[nH]ccc23)c4cccnc4,1.2,2.1903154761904764,0.9903154761904764
3921,train,COc1ccc(N(C(C(=O)NC2CCCC2)c3ccccc3F)C(=O)C)c(OC)c1,2.81,2.1903154761904764,-0.6196845238095237
2074,train,Clc1ccc(CNc2nc(nc3ncccc23)N4CCN(CC4)C(=O)[C@@H]5CCCN5)c(Cl)c1,2.41,2.1903154761904764,-0.21968452380952375
2207,train,OC(=O)Cc1cccc(c1)N2CCC(CN3CCC(CC3)Oc4ccc(Cl)c(Cl)c4)CC2,1.58,2.1903154761904764,0.6103154761904763
2575,train,Cc1ccc2c(c1)c(c(C)n2CC(=O)O)c3ccnc4c(cccc34)C(F)(F)F,1.27,2.1903154761904764,0.9203154761904764
1288,train,CS(=O)(=O)c1ccc2C(=CNC(=O)c2c1)C(=O)NC[C@@H](O)CN3CCC(CC3)Oc4ccc(Cl)c(Cl)c4,2.63,2.1903154761904764,-0.4396845238095235
3952,train,COc1cc(OC)c(cc1NC(=O)\C=C\C(=O)O)S(=O)(=O)N2c3ccccc3Oc4ccccc24,-0.71,2.1903154761904764,2.9003154761904764
2290,train,COc1cc(ccc1Nc2ncc(Cl)c(n2)c3cnc4ccccn34)N5CC6CNCC(C5)O6,2.3,2.1903154761904764,-0.10968452380952343
2775,train,Clc1ccc(cc1Cl)[C@]23CNC[C@H]2C3,1.96,2.1903154761904764,0.23031547619047643
3,train,OC[C@H](O)CN1C(=O)C(Cc2ccccc12)NC(=O)c3cc4cc(Cl)sc4[nH]3,3.37,2.1903154761904764,-1.1796845238095237
3727,train,NC1(CCN(CC1)c2ncnc3[nH]ccc23)C(=O)N[C@@H](CCN4CCCCC4)c5ccc(Cl)cc5,2.4,2.1903154761904764,-0.20968452380952352
1025,train,CC1=CN([C@H]2CCCN(C2)S(=O)(=O)c3ccc(O)c(Oc4ccc(Cl)cc4)c3)C(=O)NC1=O,2.12,2.1903154761904764,0.07031547619047629
3149,train,CN1CC=CCC(C1)c2ccc(Cl)c(Cl)c2,3.32,2.1903154761904764,-1.1296845238095234
877,train,CNc1c(Br)cnc2[nH]c(nc12)c3ccc(cc3)S(=O)(=O)C,2.88,2.1903154761904764,-0.6896845238095235
470,train,O=C(N1CCCC1)c2ccc(cc2)C(=C3CCN(Cc4cscn4)CC3)c5cccc6cccnc56,2.75,2.1903154761904764,-0.5596845238095236
71,train,COCCNCc1ccc(CCNC[C@H](O)c2ccc(O)c3NC(=O)Sc23)cc1,-0.54,2.1903154761904764,2.7303154761904764
2623,train,CC(C)(C)Cn1c(CN2C(=O)CC3(CCNCC3)C2=O)cc4cnc(nc14)C#N,0.75,2.1903154761904764,1.4403154761904764
3386,train,CN1CCN(CC1)C(=O)c2cccc(CC3=NNC(=O)c4ccccc34)c2,0.92,2.1903154761904764,1.2703154761904765
3972,valid,C[C@@H]1CN(CCN1c2ncc(OCc3ccncc3C#N)cn2)c4noc(n4)C(F)(F)F,3.95,2.1903154761904764,-1.7596845238095238
505,valid,O[C@@H](CNCCc1cccc(CN2CCC(CC2)c3ccccc3)c1)c4ccc(O)c5NC(=O)Sc45,1.99,2.1903154761904764,0.2003154761904764
211,valid,CN(C1CCN(C)CC1)c2nccc(Nc3cc(NC(=O)c4ccnc(c4)N5CCOCC5)ccc3C)n2,1.8,2.1903154761904764,0.39031547619047635
4128,valid,CC(O)(C(=O)Nc1ccc(cc1)S(=O)(=O)c2cccnc2)C(F)(F)F,2.08,2.1903154761904764,0.11031547619047632
3119,valid,C[C@@H]1N[S@@](=O)(=NC1=O)c2cccc(c2)c3cccc(c3)C#N,0.4,2.1903154761904764,1.7903154761904765
3502,valid,CN(C)C(=O)N[C@@H]1CC[C@@H](CN2[C@@H]3CC[C@H]2C[C@H](C3)Oc4cccc(c4)C(=O)N)CC1,-0.07,2.1903154761904764,2.2603154761904762
2667,valid,Nc1ncnc(Nc2ccccc2)n1,1.4,2.1903154761904764,0.7903154761904765
3866,valid,CC[C@H](NC(=O)c1c([S+](C)[O-])c(nc2c(F)cccc12)c3ccccc3)c4ccccc4,2.84,2.1903154761904764,-0.6496845238095235
4047,valid,CNc1cccc(CCCc2ccc(C[C@H](NC(=O)c3c(Cl)cccc3Cl)C(=O)O)cc2)n1,0.57,2.1903154761904764,1.6203154761904766
1835,valid,CCN(C)C(=O)c1ccc(cc1)C(=C2CCN(Cc3ccc(F)cc3)CC2)c4ccccc4NC(=O)C,2.79,2.1903154761904764,-0.5996845238095236
2329,valid,O=C1CCOc2nc(ccc12)C#CC3CCCCC3,3.3,2.1903154761904764,-1.1096845238095234
3717,valid,COc1ccc(OC)c(c1)c2c(F)ccc3c(N)c(nnc23)C(=O)NC4CC4,3.47,2.1903154761904764,-1.2796845238095238
513,valid,CC(=O)Nc1ccc2ccn(c3cc(Nc4ccn(C)n4)n5ncc(C#N)c5n3)c2c1,3.57,2.1903154761904764,-1.3796845238095234
1948,valid,CCCC[C@H](NC(=O)[C@H](CC(C)C)NC(=O)[C@H](CC(C)C)NC(=O)C)C=O,2.6,2.1903154761904764,-0.4096845238095237
3787,valid,CNC1=Nc2ncccc2C(=NC1c3cccs3)c4ccccc4,2.68,2.1903154761904764,-0.48968452380952376
2402,valid,NS(=O)(=O)c1ccc(Nc2nccc(n2)c3ccccc3)cc1,2.86,2.1903154761904764,-0.6696845238095235
1172,valid,CCc1nc2cc(O)ccc2c(Oc3ccc(\C=C\C(=O)O)cc3)c1c4ccccc4,3.0,2.1903154761904764,-0.8096845238095236
3832,valid,CS(=O)(=O)c1cccc(Nc2nccc(n2)N(CC#N)c3c(Cl)ccc4OCOc34)c1,3.16,2.1903154761904764,-0.9696845238095237
1776,valid,Fc1ccc(N2CCN(CC2)C(=O)COCc3ccncc3)c(Cl)c1,2.63,2.1903154761904764,-0.4396845238095235
2535,valid,Cc1oc(cc1C(=O)Nc2cccc(c2)C(=O)O)c3ccccc3,1.63,2.1903154761904764,0.5603154761904765
4116,valid,CC1(C)NC(=O)N(C1=O)c2ccc(c(c2)C(F)(F)F)[N+](=O)[O-],1.74,2.1903154761904764,0.4503154761904764
894,valid,O=S(=O)(Nc1nc(nn1Cc2ccccc2)c3ccccc3)c4ccccc4,1.25,2.1903154761904764,0.9403154761904764
801,valid,CCC(CC)C[C@@H](N1CCC[C@@H](C1)N2C=C(C)C(=O)NC2=O)c3ccc(C(=O)O)c(Oc4cccc(Cl)c4)c3,1.68,2.1903154761904764,0.5103154761904765
363,valid,CCN1CCC[C@H]1CNC(=O)c2c(OC)ccc(Br)c2OC,0.05,2.1903154761904764,2.1403154761904766
1125,valid,COc1ccc(Cl)c(Nc2ncnc3cc(OC)cc(OC4CCN(C)CC4)c23)c1,3.6,2.1903154761904764,-1.4096845238095237
1935,valid,C[C@H](CO)Nc1nc(SCc2cccc(Cl)c2)nc3nc(N)sc13,3.31,2.1903154761904764,-1.1196845238095237
3725,valid,CCCCCCCN(CCc1ccc(OC(C)(C)C(=O)O)cc1)C(=O)Nc2ccc(F)cc2F,1.93,2.1903154761904764,0.26031547619047646
3656,valid,CN1C(=O)C=C(CCc2ccc3cc[nH]c3c2)N=C1N,2.1,2.1903154761904764,0.09031547619047631
1712,valid,CC(C)C(NC(=O)CN1C(=O)C(=CC=C1c2ccccc2)NC(=O)Cc3cccc(c3)C(=O)O)C(=O)C(F)(F)F,0.68,2.1903154761904764,1.5103154761904762
3485,valid,Cc1cc(Cl)ccc1OC2CCN(C[C@H](O)CNC(=O)C3=CNC(=O)C=C3C(F)(F)F)CC2,2.37,2.1903154761904764,-0.1796845238095237
864,valid,C[C@@H](NC(=O)c1c(C)nn(c1NS(=O)(=O)c2ccc(C)cc2)c3ccccc3)C(C)(C)C,1.2,2.1903154761904764,0.9903154761904764
3800,valid,CNC(=O)c1[nH]cnc1C(=O)Nc2ccc(OC)cc2,2.2,2.1903154761904764,-0.009684523809523782
3824,valid,Cc1ccsc1C(=CCCN2CCC[C@H](C2)C(=O)O)c3sccc3C,1.49,2.1903154761904764,0.7003154761904764
3309,valid,Fc1ccc(cc1F)S(=O)(=O)NCC(N2CCCCCC2)c3ccccc3,2.84,2.1903154761904764,-0.6496845238095235
3058,valid,CN(C(=O)C)c1ccc2ccn(c3cc(NC4CC4)n5ncc(C#N)c5n3)c2c1,2.9,2.1903154761904764,-0.7096845238095235
4191,valid,CCOC(=O)c1ccc(OCC2CN(C2)c3ccc(C)nn3)cc1,3.1,2.1903154761904764,-0.9096845238095237
3166,valid,CCc1nc2c(N)nc3ccccc3c2n1CC(C)C,2.55,2.1903154761904764,-0.3596845238095234
1880,valid,CC(=O)Nc1ccc(cc1)S(=O)(=O)Nc2ccccn2,0.24,2.1903154761904764,1.9503154761904764
2332,valid,CNCc1ccc(cc1)c2[nH]c3cc(F)cc4C(=O)NCCc2c34,1.17,2.1903154761904764,1.0203154761904765
3599,valid,CC(C)(C)C(=O)NCc1ccc(NC(=O)N2CCCC(O)(C2)c3ccc(Cl)c(Cl)c3)cc1,3.93,2.1903154761904764,-1.7396845238095238
365,valid,COc1ccc(cc1C(=O)N)c2ccc3c(nc(nc3n2)N4CCOC[C@@H]4C)N5CCOC[C@@H]5C,2.82,2.1903154761904764,-0.6296845238095234
1665,valid,O[C@@H](CNCCSCCCNCCc1cccc(Cl)c1Cl)c2ccc(O)c3NC(=O)Sc23,2.2,2.1903154761904764,-0.009684523809523782
1539,valid,Clc1ccc(COC(Cn2ccnc2)c3ccc(Cl)cc3Cl)cc1,2.54,2.1903154761904764,-0.34968452380952364
430,valid,CCS(=O)(=O)c1ccc2OCC(=O)N(CCN3CCC(CC3)NCc4ccc5OCC(=O)Nc5n4)c2c1,-0.11,2.1903154761904764,2.3003154761904763
3017,valid,Oc1cccc(NC(=O)c2ccc(OCCCN3CCCC3)cc2OCc4cscn4)c1,1.56,2.1903154761904764,0.6303154761904763
1947,valid,Nc1nccc(\C=C\c2ccc(Cl)cc2)n1,3.5,2.1903154761904764,-1.3096845238095236
496,valid,OC(=O)c1cc(ccc1O)c2ccc(F)cc2F,0.59,2.1903154761904764,1.6003154761904765
3948,valid,COc1ccc2c(Oc3ccc(CC(=O)Nc4cn(C)nc4C)c(OC)c3)ccnc2c1,3.5,2.1903154761904764,-1.3096845238095236
2757,valid,Cc1ccnc(NCc2c(O)ccc3ccccc23)c1,4.24,2.1903154761904764,-2.049684523809524
869,valid,CCN(CC)c1ccc2C=C(C(=O)O)C(=O)Oc2c1,-0.2,2.1903154761904764,2.3903154761904766
4055,valid,CC1=NC(C)(N=C1N)c2cccc(c2)c3cccnc3,1.7,2.1903154761904764,0.49031547619047644
1978,valid,CC(=O)NC[C@H]1CN(C(=O)O1)c2ccc(N3CCN(CC3)c4cnccn4)c(F)c2,1.49,2.1903154761904764,0.7003154761904764
3614,valid,Cc1cc(CNc2ncc(Br)c(Nc3cc([nH]n3)C4CC4)n2)on1,3.43,2.1903154761904764,-1.2396845238095238
873,valid,CN1N(C(=O)C=C1C)c2ccccc2,0.11,2.1903154761904764,2.0803154761904765
3896,valid,CNS(=O)(=O)c1ccc(Nc2nccc(n2)c3cnc4cccnn34)cc1,2.8,2.1903154761904764,-0.6096845238095234
539,valid,COc1ccc(cc1)c2cc(O)c3cc(Cl)ccc3n2,2.7,2.1903154761904764,-0.5096845238095238
690,valid,CCS(=O)(=O)c1ccc(c(C)c1)c2cc(ccc2OCC(=O)N)C(F)(F)F,2.77,2.1903154761904764,-0.5796845238095236
755,valid,NC1C2CN(CC12)c3nc4N(C=C(C(=O)O)C(=O)c4cc3F)c5ccc(F)cc5F,0.3,2.1903154761904764,1.8903154761904764
2383,valid,CC(C)(C)NS(=O)(=O)c1cncc(c1)c2ccc3nc(NC(=O)NCC(=O)N4CCCC4)nn3c2,1.37,2.1903154761904764,0.8203154761904763
4002,valid,Cc1onc(c2ccccc2)c1c3ccc(cc3)S(=O)(=O)N,2.37,2.1903154761904764,-0.1796845238095237
1686,valid,Clc1ccc(OC2CCN(CC2)C3CCN(CC3)C(=O)c4ccc(cc4)C5=NOC(=O)N5)cc1Cl,2.24,2.1903154761904764,-0.04968452380952382
2250,valid,Cn1nnc(n1)c2ccc(cn2)c3ccc(cc3F)N4C[C@H](COc5ccon5)OC4=O,1.24,2.1903154761904764,0.9503154761904764
1836,valid,Nc1nccc(n1)c2cc3C(=O)NC[C@@H](CCF)c3[nH]2,0.51,2.1903154761904764,1.6803154761904764
789,valid,Cn1c(CN2CCN(CC2)c3ccccc3)nc4ccccc14,3.11,2.1903154761904764,-0.9196845238095235
1254,valid,C=CCN(C1CCN(CCC(c2ccccc2)c3ccccc3)CC1)C(=O)Nc4ccccc4,3.6,2.1903154761904764,-1.4096845238095237
3936,valid,CN(c1ccnc(Nc2cc(nc(n2)N3CCOCC3)N4CCOCC4)n1)c5cc(CO)ccc5C,3.9,2.1903154761904764,-1.7096845238095235
3005,valid,CCn1cnc2cnc(c3ccc(cc3)C4(N)CCC4)c(c5ccccc5)c12,2.0,2.1903154761904764,0.1903154761904764
3313,valid,C[C@H](CO)N1C=Cc2c(NC(=O)Cc3ccc(Cl)c(c3)C(F)(F)F)cccc2C1=O,3.49,2.1903154761904764,-1.2996845238095238
1709,valid,CC1(COc2ccc3c(c2)ncn3c4ccc5cccc(N6CCC(N)CC6)c5n4)COC1,1.99,2.1903154761904764,0.2003154761904764
1799,valid,CN1C(=O)c2c(onc2c3ccncc3)C=C1c4ccccc4,3.17,2.1903154761904764,-0.9796845238095235
2818,valid,O=C1NC(=O)c2cc(OCc3ccccc3)ccc12,3.1,2.1903154761904764,-0.9096845238095237
4089,valid,Clc1cc(Cl)c2c3C(=O)NNC(=O)c3[nH]c2c1,1.02,2.1903154761904764,1.1703154761904764
232,valid,COc1cc(Nc2nccc(n2)N(C)c3cc(CO)ccc3C)cc(c1)N4CCOCC4,3.9,2.1903154761904764,-1.7096845238095235
662,valid,CN1CCN(CC1)c2ccc3ncc(C(=O)N)c(Nc4ccc(F)cc4F)c3c2,2.3,2.1903154761904764,-0.10968452380952343
1944,valid,CC(C)C(NC(=O)CN1C(=O)C(=CC=C1c2ccccc2)NS(=O)(=O)C(F)(F)F)C(=O)C(F)(F)F,1.01,2.1903154761904764,1.1803154761904764
3602,valid,NC(=N)c1cc2c(OCc3ccccc3)cccc2s1,1.16,2.1903154761904764,1.0303154761904765
341,valid,C[C@@H]1CN(CCN1c2ncc(OCc3ccncc3C#N)cn2)c4noc(n4)C5CC5,3.1,2.1903154761904764,-0.9096845238095237
908,valid,CCN1C=C(C=C(C)C1=O)[C@@]2(N=C(N)c3c(F)cccc23)c4cccc(c4)c5cc(ccn5)C#CC,4.4,2.1903154761904764,-2.209684523809524
3204,valid,c1ccc2cnccc2c1,1.6,2.1903154761904764,0.5903154761904763
1367,valid,CC1=CN([C@H]2CCCN(C2)S(=O)(=O)c3ccc(C(=O)O)c(Oc4cccc(Cl)c4)c3)C(=O)NC1=O,-1.28,2.1903154761904764,3.4703154761904766
1545,valid,NC(=O)c1cccc(O[C@@H]2C[C@H]3CC[C@@H](C2)N3CCc4ccccc4)c1,2.0,2.1903154761904764,0.1903154761904764
2302,valid,O=C(Nc1nccs1)[C@H](CC2CCOCC2)c3ccc(cc3)S(=O)(=O)C4CC4,2.55,2.1903154761904764,-0.3596845238095234
1070,valid,COc1ccc(cc1)n2cnc3cc(NS(=O)(=O)c4ccccc4)ccc23,3.7,2.1903154761904764,-1.5096845238095238
3897,valid,OCCn1cc(cn1)c2cnc3nnn(Cc4ccc5ncccc5c4)c3n2,1.7,2.1903154761904764,0.49031547619047644
1966,valid,OC(=O)[C@H](N1CCC(CN2CCC(CC2)Oc3ccc(Cl)c(Cl)c3)CC1)c4ccccc4,2.14,2.1903154761904764,0.05031547619047627
3355,valid,C[C@H](COc1cn2ncnc(Oc3ccc4[nH]c(C)cc4c3F)c2c1C)OC(=O)[C@H](C)N,3.19,2.1903154761904764,-0.9996845238095236
3752,valid,CCCSc1c(cnn1[C@@H]2CC[C@H](CC2)C(=O)O)C(=O)NC3CCCCC3,1.03,2.1903154761904764,1.1603154761904764
82,valid,COc1ccc(cc1)C2=COc3cc(O)cc(O)c3C2=O,3.5,2.1903154761904764,-1.3096845238095236
1088,valid,C[C@@H]1CN(C[C@H](C)N1)c2c(F)c(N)c3C(=O)C(=CN(C4CC4)c3c2F)C(=O)O,-0.15,2.1903154761904764,2.3403154761904763
677,valid,COCCNCc1ccc(Nc2ncc3cc(ccc3n2)c4ccncc4)cc1,1.86,2.1903154761904764,0.3303154761904763
2027,valid,C[C@H](NC(=O)c1c(C)nn(C2CCOCC2)c1NS(=O)(=O)c3ccc(C)cc3)C(C)(C)C,0.5,2.1903154761904764,1.6903154761904764
3507,valid,C[C@@H]1CN(CCN1c2ncc(OCc3ccncc3C#N)cn2)C(=O)OC(C)(C)C#N,2.3,2.1903154761904764,-0.10968452380952343
2723,valid,N\C(=C(\C#N)/c1ccccc1C(F)(F)F)\Sc2ccc(N)cc2,3.3,2.1903154761904764,-1.1096845238095234
1767,valid,CCCSc1nc(N[C@@H]2CC[C@H](CC2)C(=O)O)ccc1C(=O)NC3CCCCC3,2.02,2.1903154761904764,0.17031547619047638
3474,valid,C[C@@H]1CN(CCN1c2ncc(OCc3ccc(cc3F)S(=O)(=O)C)cn2)C(=O)OC(C)(C)C,3.7,2.1903154761904764,-1.5096845238095238
2031,valid,CCCN(CCC)CCc1cccc2NC(=O)Cc12,0.76,2.1903154761904764,1.4303154761904764
2679,valid,COc1ccc(cc1)N2Sc3ccccc3C2=O,3.02,2.1903154761904764,-0.8296845238095236
1992,valid,OCCOCCN1CCN(CC1)C(c2ccccc2)c3ccc(Cl)cc3,3.08,2.1903154761904764,-0.8896845238095237
3165,valid,CN[C@@H](C)C(=O)N[C@H](C(=O)N[C@H]1CCCN(CCc2ccc(cc2)[N+](=O)[O-])C1)C(C)(C)C,1.54,2.1903154761904764,0.6503154761904764
1139,valid,Nc1nnc(s1)c2ccccc2,1.8,2.1903154761904764,0.39031547619047635
3205,valid,C[C@](N)(Cc1ccccc1)c2ccccc2,1.7,2.1903154761904764,0.49031547619047644
2712,valid,COc1cc(OC)c(cc1NC(=S)NCC(=O)O)S(=O)(=O)N2C(C)CCc3ccccc23,-1.04,2.1903154761904764,3.2303154761904764
4010,valid,CC1=CN([C@H]2CCCN(C2)S(=O)(=O)c3ccc(C(=O)O)c(Oc4ccc(Cl)c(Cl)c4)c3)C(=O)NC1=O,-0.87,2.1903154761904764,3.0603154761904765
1555,valid,Cc1ccc2c(c(C)n(CC(=O)O)c2c1)c3ccnc4cc(Cl)ccc34,2.41,2.1903154761904764,-0.21968452380952375
2793,valid,CC(=O)NC[C@H]1CN(C(=O)O1)c2ccc(N3CCN(CC3)c4ccc(cn4)C#N)c(F)c2,1.98,2.1903154761904764,0.2103154761904764
378,valid,Nc1ccccc1NC(=O)c2ccc(cc2)c3ncc(CN4CCC4)cc3F,1.69,2.1903154761904764,0.5003154761904764
768,valid,CCOc1cc2nnc(C(=O)N)c(Nc3cccc(Cl)c3F)c2cc1N4CCN(C)CC4,1.99,2.1903154761904764,0.2003154761904764
238,valid,CN1CCN(CC1)c2ncnc3c2sc4nc(C)cc(C)c34,3.2,2.1903154761904764,-1.0096845238095238
2169,valid,CC(C)CN1C(=O)N(C)C(=O)c2c(SC3CCCCC3)c(Cc4ccccc4C(F)(F)F)sc12,4.14,2.1903154761904764,-1.9496845238095233
1508,valid,COc1ccc(OC)c(c1)c2cccc3c(N)c(nnc23)C(=O)NC4(C)CCC4,4.48,2.1903154761904764,-2.289684523809524
1062,valid,Cc1nc(C)c(nc1C(=O)N)c2ccc(cc2)[C@@H]3CC[C@@H](CC(=O)N)CC3,2.7,2.1903154761904764,-0.5096845238095238
1494,valid,OC(=O)c1ccc2cccc(O)c2n1,3.3,2.1903154761904764,-1.1096845238095234
1953,valid,O=C1CCOc2cc(OCc3cccc(c3)C#N)ccc12,2.8,2.1903154761904764,-0.6096845238095234
703,valid,CCCCC1C(=O)N(N(C1=O)c2ccccc2)c3ccccc3,0.45,2.1903154761904764,1.7403154761904764
2513,valid,CCN(CC)CCNC(=O)c1c(C)[nH]c(\C=C\2/C(=O)Nc3ccc(F)cc23)c1C,2.26,2.1903154761904764,-0.06968452380952339
3898,valid,NC(=O)C(NC(=O)C1(N)CCN(CC1)c2ncnc3[nH]ccc23)c4ccc(Cl)cc4,2.2,2.1903154761904764,-0.009684523809523782
213,valid,CN[C@@H](C)C(=O)N[C@@H](C1CCCCC1)C(=O)N[C@H]2CCN(C2)C(=O)c3ccccc3,0.82,2.1903154761904764,1.3703154761904766
3912,valid,C(C1NCCc2ccccc12)c3ccccc3,1.89,2.1903154761904764,0.3003154761904765
862,valid,C[C@@H](NC1=CC(=O)CC1)c2ccc(Nc3ncc4cc(ccc4n3)c5ccncc5)cc2,3.2,2.1903154761904764,-1.0096845238095238
1398,valid,COc1cc2ncnc(Nc3cccc(Cl)c3F)c2cc1CN(C)[C@@H](C)C(=O)N,3.42,2.1903154761904764,-1.2296845238095235
919,valid,CN[C@@H](C)C(=O)N[C@@H](C1CCCCC1)C(=O)N[C@H]2CCCN(C2)C(=O)Cc3ccccc3,1.32,2.1903154761904764,0.8703154761904763
4153,valid,Fc1ccc(CNC(=O)CCS(=O)(=O)c2ccc(Br)cc2)cc1,3.1,2.1903154761904764,-0.9096845238095237
844,valid,C1Cc2ncc(c3ccc4OCCOc4c3)n2C1,2.33,2.1903154761904764,-0.13968452380952368
2741,valid,COc1ccc(cc1)c2cc(ccc2OCC(=O)O)C(F)(F)F,0.29,2.1903154761904764,1.9003154761904764
1475,valid,CCC1(C(=O)NC(=O)NC1=O)c2ccccc2,0.05,2.1903154761904764,2.1403154761904766
3427,valid,CCOc1cc2nnc(C(=O)N)c(Nc3ccc(F)cc3F)c2cc1N4CCN(C)CC4,2.63,2.1903154761904764,-0.4396845238095235
2969,valid,C(Cc1nc2ccccc2[nH]1)Cc3nc4ccccc4[nH]3,3.5,2.1903154761904764,-1.3096845238095236
1507,valid,NC(=O)COc1ccc(OCCNCC(O)COc2ccccc2)cc1,0.63,2.1903154761904764,1.5603154761904765
1873,valid,CS(=O)(=O)n1c2ccccc2c3cc(NC(=O)N4CCOCC4)ccc13,2.7,2.1903154761904764,-0.5096845238095238
506,valid,Oc1cccc(c1)N2C(=O)c3ccc(O)cc3C2=O,2.0,2.1903154761904764,0.1903154761904764
217,valid,CC(C)CN1C(=O)N(C)C(=O)c2c1sc(Cc3c[nH]c4ccccc34)c2C(=O)N5CC[C@@H](O)C5,2.35,2.1903154761904764,-0.1596845238095237
3271,valid,C[C@H]1O[C@H]([C@H](O)[C@@H]1O)n2cnc3c(N)nc(OC4CCOC4)nc23,-0.06,2.1903154761904764,2.2503154761904764
389,valid,CC(C)Oc1cc(n[nH]1)n2cnc3cnc(N[C@@H](C)c4ncc(F)cn4)nc23,2.41,2.1903154761904764,-0.21968452380952375
1734,valid,Fc1cccc(c1F)c2cncc(CNCC3CC3)n2,1.82,2.1903154761904764,0.37031547619047633
2473,valid,O[C@@H](CNCCc1ccc(CNCCc2c(Cl)cccc2Cl)cc1)c3ccc(O)c4NC(=O)Sc34,2.3,2.1903154761904764,-0.10968452380952343
762,valid,CC[C@H](NC(=O)c1c([S+](C)[O-])c(nc2cc(CN(C)C)ccc12)c3ccccc3)c4ccccc4,2.75,2.1903154761904764,-0.5596845238095236
1406,valid,OC(=O)[C@H](Cc1cccc(F)c1)N2CCC(CN3CCC(CC3)Oc4ccc(Cl)c(Cl)c4)CC2,2.68,2.1903154761904764,-0.48968452380952376
2884,valid,CC(C)(C)OC(=O)N1CCN(CC1)c2ncc(OCc3ccncc3C#N)cn2,2.81,2.1903154761904764,-0.6196845238095237
329,valid,Cc1ccc(Cl)c(Nc2ccccc2C(=O)O)c1Cl,2.33,2.1903154761904764,-0.13968452380952368
2397,valid,CC(C)n1c(C)ncc1c2nc(Nc3ccc(cc3)C(=O)NC4CCN(C)CC4)ncc2F,2.13,2.1903154761904764,0.0603154761904765
3515,valid,CC(CN1c2ccccc2Sc3ccccc13)N(C)C,2.67,2.1903154761904764,-0.47968452380952353
1277,valid,O[C@H](CNS(=O)(=O)c1cccc(c1)C#N)CN2CCC(CC2)Oc3ccc(Cl)c(Cl)c3,3.42,2.1903154761904764,-1.2296845238095235
22,valid,COc1ccc(Oc2cccc(CN3CCCC(C3)N4C=C(C)C(=O)NC4=O)c2)cc1,3.17,2.1903154761904764,-0.9796845238095235
1741,valid,COc1ccc(CN2CCc3c(C2)[nH]c4ccccc34)cc1OC,3.1,2.1903154761904764,-0.9096845238095237
34,valid,O=C(NCc1ccncc1)c2ccc(Oc3ccccc3C#N)cc2,2.57,2.1903154761904764,-0.37968452380952344
3348,valid,Nc1ncc(NC(=O)c2cc(NC(=O)c3cccc(c3)C(F)(F)F)ccc2Cl)cc1Cl,3.26,2.1903154761904764,-1.0696845238095234
821,valid,CCOC(=O)C1(CCN(C)CC1)c2ccccc2,1.4,2.1903154761904764,0.7903154761904765
1861,valid,C[C@H](NC(=O)c1c(C)nn(C2CCSCC2)c1NS(=O)(=O)c3ccc(C)cc3)C(C)(C)C,1.29,2.1903154761904764,0.9003154761904764
1438,valid,NC(=O)c1ccc(O[C@H]2C[C@H]3CC[C@@H](C2)N3Cc4ccccc4)c(F)c1,2.1,2.1903154761904764,0.09031547619047631
1699,valid,CCN(C1CCN(CCC(c2ccccc2)c3ccccc3)CC1)C(=O)Cc4ccc(cc4)C#N,3.9,2.1903154761904764,-1.7096845238095235
2418,valid,CN1CC(c2ccc(Cl)cc2)c3ccccc3C1,3.64,2.1903154761904764,-1.4496845238095237
3231,valid,COCC(=O)N1CCC(CC1)n2cc(cn2)c3cnc(N)c(c3)c4oc5ccccc5n4,3.4,2.1903154761904764,-1.2096845238095235
287,valid,O[C@@H](CNCCSCCCNCCc1ccccc1)c2ccc(O)c3NC(=O)Sc23,0.12,2.1903154761904764,2.0703154761904763
2231,valid,O=C(Nc1cccc2cccnc12)[C@@H]3CC[C@H](CC3)N4C(=O)[C@@H]5[C@@H]6CC[C@@H](C6)[C@@H]5C4=O,3.94,2.1903154761904764,-1.7496845238095236
2414,valid,Oc1ccc(N2C(=O)c3ccc(O)cc3C2=O)c(F)c1,2.1,2.1903154761904764,0.09031547619047631
4163,valid,Cc1nc(cs1)C(=O)N2CCCC3(CCN(Cc4ccc(Cl)cc4)CC3)C2,0.64,2.1903154761904764,1.5503154761904763
532,valid,C[C@H](C1=CNC(=S)N1)c2cccc(C)c2C,2.9,2.1903154761904764,-0.7096845238095235
4031,valid,NC(=O)Nc1cc(sc1C(=O)N)c2ccsc2,2.3,2.1903154761904764,-0.10968452380952343
1819,valid,CCN1C=C(C(=O)O)C(=O)c2cc(F)c(nc12)N3CCNCC3,-0.83,2.1903154761904764,3.0203154761904765
3679,valid,COc1cc(OC)c(cc1NC(=O)CCC(=O)O)S(=O)(=O)N2C(C)CCc3ccccc23,-0.87,2.1903154761904764,3.0603154761904765
1161,valid,OC1=CC(=O)C2=C(O1)c3ccccc3N(Cc4ccccc4)C2=O,1.97,2.1903154761904764,0.22031547619047642
2161,valid,CCS(=O)(=O)c1ccc(Oc2cc3nc([nH]c3cc2CN4C(=O)CCC4=O)c5ccccn5)cc1,2.0,2.1903154761904764,0.1903154761904764
3232,valid,CCCC(=O)C1(CCN(CC1)C(=O)[C@@H](Cc2ccc(OC)cc2)NC(=O)[C@@H](N)Cc3cncn3C)c4ccccc4,2.51,2.1903154761904764,-0.3196845238095234
1988,valid,CN1C(=O)N(CCCCC(=O)C)C(=O)c2c1ncn2C,0.22,2.1903154761904764,1.9703154761904764
2788,valid,CC(=O)Nc1cc2c(ccn2c3cc(NC4CC4)n5ncc(C#N)c5n3)cc1C,2.66,2.1903154761904764,-0.46968452380952375
2040,valid,CN1CCN(CC1)c2ccc(Nc3ccnc4ccccc34)cc2,1.3,2.1903154761904764,0.8903154761904764
1656,valid,OC(=O)c1cc2ccccc2n1Cc3ccccc3,0.78,2.1903154761904764,1.4103154761904764
1030,valid,CN(C)CCC=C1c2ccccc2C=Cc3ccccc13,2.83,2.1903154761904764,-0.6396845238095237
3199,valid,Cc1ccc2c(c1)c(Sc3ccc(cc3)S(=O)(=O)C)c(C)n2CC(=O)O,-0.08,2.1903154761904764,2.2703154761904765
6,valid,COc1cc(OC)c(cc1NC(=O)CCC(=O)O)S(=O)(=O)NCc2ccccc2N3CCCCC3,-0.72,2.1903154761904764,2.910315476190476
2989,valid,CN(C)C(=O)N[C@@H]1CC[C@@H](CCN2CCN(CC2)c3ccc(Cl)cc3)CC1,2.81,2.1903154761904764,-0.6196845238095237
581,valid,CC(C)Oc1ccc(cc1)C(=O)Nc2cc(NC(=O)c3cccc(c3)N(C)C)ccc2C,3.1,2.1903154761904764,-0.9096845238095237
1104,valid,CN(C)CC(O)COc1ccc(Nc2nccc(n2)N(CC#C)c3cc(Cl)ccc3Cl)cc1,3.2,2.1903154761904764,-1.0096845238095238
904,valid,Clc1ccc(CN2CCNCC2)cc1C(=O)NCC34CC5CC(CC(C5)C3)C4,1.84,2.1903154761904764,0.3503154761904763
1211,valid,CN1C(=O)C(=Cc2cnc(NC(CCO)CCO)nc12)Oc3ccc(F)cc3F,1.5,2.1903154761904764,0.6903154761904764
2080,valid,Oc1nnc(Cc2cccc(c2)C(=O)N3CCOCC3)c4ccccc14,1.0,2.1903154761904764,1.1903154761904764
2713,valid,COc1ccccc1CNC(=O)c2ccc3cnccc3n2,1.8,2.1903154761904764,0.39031547619047635
2412,valid,Nc1n[nH]c2nnc(c3ccccc3)c(c4ccccc4)c12,2.6,2.1903154761904764,-0.4096845238095237
1439,valid,CN(C1CCN(CCC(c2ccccc2)c3ccccc3)CC1)C(=O)Cc4ccc(Cl)cc4,3.5,2.1903154761904764,-1.3096845238095236
1684,valid,CC(O)(C(=O)c1ccccc1)c2ccccc2,2.92,2.1903154761904764,-0.7296845238095235
2240,valid,Brc1ccc(cc1)C(=O)Cn2cnc3ccccc23,3.22,2.1903154761904764,-1.0296845238095238
1558,valid,CNC(=O)c1ccc(C)c(c1)N2C(=CC(=C(Br)C2=O)OCc3ccc(F)cc3F)C,2.8,2.1903154761904764,-0.6096845238095234
181,valid,CC(C)C(NC(=O)CN1C(=O)C(=CC=C1c2ccccc2)NS(=O)(=O)C)C(=O)C(F)(F)F,1.77,2.1903154761904764,0.4203154761904764
214,valid,Cc1cnc([nH]1)c2ccc(C)c(NC(=O)c3ccc(OCc4ccccn4)cc3)c2,3.19,2.1903154761904764,-0.9996845238095236
2533,valid,OC(=O)c1c(Sc2ccccc2)c3cc(Cl)ccc3n1Cc4ccc(Cl)cc4,2.96,2.1903154761904764,-0.7696845238095236
3723,valid,C[C@@H]1COCCN1c2cc(nc(n2)c3cccc4[nH]ccc34)C5(CC5)S(=O)(=O)C,2.7,2.1903154761904764,-0.5096845238095238
2696,valid,CCn1c(SCC(=O)Nc2c(cnn2c3ccccc3)C#N)nnc1c4cccs4,2.1,2.1903154761904764,0.09031547619047631
1146,valid,CC(C)C[C@H](CO)Nc1nc(SCc2ccccc2)nc3nc(N)sc13,4.2,2.1903154761904764,-2.009684523809524
2856,valid,COc1ccc(cc1C(=O)NCc2cccnc2)C(=O)NCc3cccnc3,1.23,2.1903154761904764,0.9603154761904764
358,valid,CC(CN(C)C)CN1c2ccccc2CCc3ccccc13,2.95,2.1903154761904764,-0.7596845238095238
2607,valid,CCCc1c(O)c(ccc1OCc2ccc(cc2)c3nn[nH]n3)C(=O)C,3.1,2.1903154761904764,-0.9096845238095237
416,valid,Clc1cccc(c1)N2CCN(CCCN3N=C4C=CC=CN4C3=O)CC2,2.67,2.1903154761904764,-0.47968452380952353
872,valid,C[C@@H]1CN(C[C@H](C)O1)c2nc(N3CCOC[C@@H]3C)c4ccc(nc4n2)c5ccccc5,3.75,2.1903154761904764,-1.5596845238095236
3755,valid,CS(=O)(=O)C1(CCNCC1)c2cc(nc(n2)c3cccc4[nH]ccc34)N5CCOCC5,0.7,2.1903154761904764,1.4903154761904764
1602,valid,CCS(=O)(=O)c1cccc(c1)c2cc(ccc2OCC(=O)O)C(F)(F)F,-0.66,2.1903154761904764,2.8503154761904765
3950,valid,COc1ccc(cc1)c2nc3c(NCCCNC(=O)C4(CN)CC4)c(Br)cnc3[nH]2,1.9,2.1903154761904764,0.2903154761904765
3356,valid,Fc1ccc(CN2CCN(CC2)c3ccc4nnc(n4n3)C(F)(F)F)cc1,3.46,2.1903154761904764,-1.2696845238095236
596,valid,COc1cc2c(Nc3cc(CC(=O)Nc4cccc(F)c4)[nH]n3)ncnc2cc1OCCCN5CCC(CO)CC5,2.11,2.1903154761904764,0.08031547619047652
3849,valid,FC(F)(F)Oc1cccc2c3CN(CCc3[nH]c12)C(=O)[C@@H]4CCCC[C@H]4C(=O)NC5(CC5)C#N,4.01,2.1903154761904764,-1.8196845238095234
3696,valid,CCC(N(CCCN)C(=O)c1ccc(C)cc1)C2=Nc3snc(C)c3C(=O)N2Cc4ccccc4,1.61,2.1903154761904764,0.5803154761904763
1355,valid,CN1CCc2c(NC(=O)Cc3ccccc3)c4ccccc4nc12,2.8,2.1903154761904764,-0.6096845238095234
2822,valid,COc1ccccc1N2CCN(CCCCNC(=O)c3ccc4ccccc4c3)CC2,3.53,2.1903154761904764,-1.3396845238095234
2478,valid,OCCNS(=O)(=O)c1ccc2C(=CNC(=O)c2c1)C(=O)NC[C@@H](O)CN3CCC(CC3)Oc4ccc(Cl)c(Cl)c4,2.06,2.1903154761904764,0.13031547619047634
2495,valid,CN[C@@H](C)C(=O)N[C@@H](C1CCCCC1)C(=O)N[C@H]2CCCN(CCc3cccc(F)c3)C2,2.64,2.1903154761904764,-0.44968452380952373
2149,valid,Clc1c(ccnc1N2CCNCC2)C(=O)NCC34CC5CC(CC(C5)C3)C4,1.77,2.1903154761904764,0.4203154761904764
3518,valid,CCn1c(nc2c(ncc(OCC3CCCNC3)c12)C#CC(C)(C)O)c4nonc4N,0.6,2.1903154761904764,1.5903154761904763
3980,valid,CCCOc1cc(OCCCN2CCCC2)ccc1C(=O)Nc3cccc(O)c3,2.46,2.1903154761904764,-0.26968452380952357
60,valid,OC(C(=O)OC1CN2CCC1CC2)(c3ccccc3)c4ccccc4,1.19,2.1903154761904764,1.0003154761904764
2255,valid,Cc1ccc(cc1)S(=O)(=O)N2CCN(CC2)C(=O)c3occc3,2.17,2.1903154761904764,0.020315476190476467
788,valid,Cc1ccccc1Nc2ncnc3ccccc23,2.85,2.1903154761904764,-0.6596845238095237
889,valid,COc1cc2ncnc(Nc3cc4ccccc4cn3)c2cc1OC,3.9,2.1903154761904764,-1.7096845238095235
1118,valid,CNC(=O)c1cccc(O[C@H]2C[C@H]3CC[C@@H](C2)N3Cc4ccccc4)c1,1.93,2.1903154761904764,0.26031547619047646
1454,valid,O[C@]1(CN2CCC1CC2)C#Cc3ccc(Oc4ccc(cc4)C(=O)NC5CCS(=O)(=O)C5)cc3,1.64,2.1903154761904764,0.5503154761904765
288,valid,CC(C)(C)NS(=O)(=O)c1cncc(c1)c2ccc3nc(NC(=O)NCC(=O)N4CCOCC4)nn3c2,0.96,2.1903154761904764,1.2303154761904764
1792,valid,Cn1cc(cc1c2c3C(=O)N(CC=C)C(=O)N(CC4CC4)c3nn2Cc5ccnc6ccc(Cl)cc56)C#N,4.27,2.1903154761904764,-2.079684523809523
3473,valid,CCC(N(CCCN)C(=O)c1ccc(C)nc1)C2=Nc3ccsc3C(=O)N2Cc4ccccc4,2.56,2.1903154761904764,-0.36968452380952366
2805,valid,COc1ccc(N(C(C(=O)NC[C@@H](C)O)c2ccccc2F)C(=O)c3ccccc3)c(OC)c1,2.55,2.1903154761904764,-0.3596845238095234
2892,valid,CN(C)CCCN1c2ccccc2Sc3ccc(cc13)C(F)(F)F,3.59,2.1903154761904764,-1.3996845238095235
8,valid,COc1ccc(cc1)C2=COc3cc(OC)cc(OC)c3C2=O,3.05,2.1903154761904764,-0.8596845238095234
1749,valid,CC1=CC2=NNC(=O)N2c3ccccc13,2.35,2.1903154761904764,-0.1596845238095237
1825,valid,CC(C)(C)OC(=O)c1ncn2c1[C@@H]3CCCN3C(=O)c4c(Br)cccc24,2.48,2.1903154761904764,-0.2896845238095236
2964,valid,CN1SC(=O)c2cc(ccc12)S(=O)(=O)N,0.3,2.1903154761904764,1.8903154761904764
3214,valid,O=C(CCc1ccncc1)Nc2ccc(cc2)C(=O)c3ccccc3,3.4,2.1903154761904764,-1.2096845238095235
713,valid,FC(F)(F)c1nnc2ccc(NCc3cccnc3)nn12,2.06,2.1903154761904764,0.13031547619047634
4088,valid,CCNC(=O)c1cc2c(c(cnc2[nH]1)c3cnc(OC)c(c3)C4=NNC(=O)O4)n5ccc(n5)C(F)(F)F,2.32,2.1903154761904764,-0.12968452380952344
3561,valid,Clc1ccccc1NC(=O)c2cc[nH]n2,2.58,2.1903154761904764,-0.3896845238095237
3431,valid,CN(C(=O)C)c1ccccc1,1.1,2.1903154761904764,1.0903154761904763
2852,valid,COc1ccc(NC(=O)CCc2c(C)nc3nc(C)nn3c2C)cc1,1.4,2.1903154761904764,0.7903154761904765
964,valid,CC(C)(C(=O)Nc1oc(nn1)C(=O)Nc2ccc(cc2)N3CCOCC3)c4ccc(Cl)cc4,2.96,2.1903154761904764,-0.7696845238095236
4018,valid,COc1cc(OC2CCNCC2)ccc1Nc3ncc(Cl)c(n3)c4cnc5ccccn45,1.8,2.1903154761904764,0.39031547619047635
3662,valid,CC1=CN(C2CCCN(Cc3cccc(Oc4ccccc4)c3)C2)C(=O)NC1=O,3.04,2.1903154761904764,-0.8496845238095236
3608,valid,COc1ccc(cc1Cl)C(=O)NCCN2CCN(Cc3ccc(Cl)c(Cl)c3)CC2,3.74,2.1903154761904764,-1.5496845238095238
2301,valid,COc1cc2nc(Nc3ccc(cc3)[C@@H](C)NC(=O)C)ncc2cc1c4ccncc4,3.11,2.1903154761904764,-0.9196845238095235
3918,valid,CCN1CCC[C@H](CN2CCN(CC2)C(=O)Nc3ccc(Cl)c(Cl)c3)C1,1.86,2.1903154761904764,0.3303154761904763
936,valid,COc1ccc(Sc2c(C)n(CC(=O)O)c3ccc(C)cc23)cc1,1.01,2.1903154761904764,1.1803154761904764
455,valid,COc1ccc(cc1)S(=O)(=O)NCC(N2CCCCCC2)c3ccccc3,3.13,2.1903154761904764,-0.9396845238095235
538,valid,CC(C)(C)c1cc(O)n2nc(N)nc2n1,-0.2,2.1903154761904764,2.3903154761904766
874,valid,CC1=CN([C@H]2CCCN(Cc3ccc(C(=O)O)c(Oc4cccc(F)c4)c3)C2)C(=O)NC1=O,-1.03,2.1903154761904764,3.2203154761904766
268,valid,Clc1ccc(Cl)c(c1)S(=O)(=O)Nc2nccs2,1.14,2.1903154761904764,1.0503154761904765
3135,valid,O=C(NC1CCCCC1)C2CCCN(C2)S(=O)(=O)c3cccs3,2.93,2.1903154761904764,-0.7396845238095238
1314,valid,COc1ccc2N=CC(=O)N(CCN3CC[C@@H](NCc4ccc5OCC(=O)Nc5n4)[C@@H](F)C3)c2c1,0.83,2.1903154761904764,1.3603154761904763
765,valid,Cc1c(Sc2ccc(Cl)cc2)c3cc(F)ccc3n1CC(=O)O,1.84,2.1903154761904764,0.3503154761904763
545,valid,O=C(Nc1cccc2cccnc12)c3ccc(cc3)N4C(=O)[C@@H]5[C@H]6C[C@H](C=C6)[C@@H]5C4=O,3.28,2.1903154761904764,-1.0896845238095234
3695,valid,CCN1CCN(Cc2cnc(c(C)c2)c3ccc(cc3)C(=O)Nc4ccccc4N)CC1,1.2,2.1903154761904764,0.9903154761904764
2388,valid,COC[C@H](C)Oc1cc(Oc2ccc(Cl)cc2)cc(c1)C(=O)Nc3ccc(cn3)C(=O)O,1.69,2.1903154761904764,0.5003154761904764
3807,valid,COc1cccc(c1)C(=O)Nc2ccc(C)c(c2)N3C=Nc4ccc(cc4C3=O)N5CCN(C)CC5,3.08,2.1903154761904764,-0.8896845238095237
2166,valid,CNC(=O)c1nc(cnc1N)c2ccc(Cl)c(c2)S(=O)(=O)Nc3cccc(F)c3F,2.8,2.1903154761904764,-0.6096845238095234
1551,valid,CC(=O)Nc1ccc(CNc2[nH]nc3ccnc(Oc4ccccc4)c23)cc1,3.03,2.1903154761904764,-0.8396845238095234
1258,valid,COCCC(=O)N(C)c1ccc(Nc2ncc3cc(ccc3n2)c4ccncc4)cc1,3.23,2.1903154761904764,-1.0396845238095236
413,valid,COc1ccc(CCN(C)CCCC(C#N)(C(C)C)c2ccc(OC)c(OC)c2)cc1OC,2.61,2.1903154761904764,-0.4196845238095235
3749,valid,C[C@H](CO)Nc1nc(SCc2cccc(F)c2F)nc3ncc(C)nc13,3.5,2.1903154761904764,-1.3096845238095236
2222,valid,C[C@H](O)C(=O)N1CCN(CC1)c2ccc(Nc3nccc(n3)c4cnc(C)n4C(C)C)cc2,2.15,2.1903154761904764,0.040315476190476485
3873,valid,FC(F)(F)Oc1ccc2OCC(=O)N(CCN3CCC(CC3)NCc4ccc5OCC(=O)Nc5n4)c2c1,1.82,2.1903154761904764,0.37031547619047633
400,valid,Nc1ccc2ncccc2c1,1.33,2.1903154761904764,0.8603154761904763
3556,valid,CCn1c2ccccc2c3cc(NC(=O)CN(C)C)ccc13,3.2,2.1903154761904764,-1.0096845238095238
2296,valid,OC(=O)c1ccc(Nc2ncc3CN=C(c4cc(Cl)ccc4c3n2)c5c(F)cccc5F)cc1,2.58,2.1903154761904764,-0.3896845238095237
3527,valid,COc1cc2ncnc(Nc3ccc(F)c(Cl)c3)c2cc1OCCN(C)C,3.26,2.1903154761904764,-1.0696845238095234
1546,valid,CC(C)n1c(C)ncc1c2nc(Nc3ccc(cc3)C(=O)N)ncc2F,2.7,2.1903154761904764,-0.5096845238095238
93,valid,COC(=O)[C@H]1[C@@H](O)CC[C@H]2CN3CCc4c([nH]c5ccccc45)[C@@H]3C[C@H]12,1.65,2.1903154761904764,0.5403154761904765
1524,valid,Cn1cnc(c2ccccc2)c1\C=C\c3ccnc(N)n3,2.61,2.1903154761904764,-0.4196845238095235
3683,valid,NC1=CC2=NNC(=O)N2c3cc(ccc13)c4ccsc4,3.18,2.1903154761904764,-0.9896845238095238
1007,valid,CC(C)Oc1cc(OCCc2ccsc2)cc(c1)C(=O)Nc3ccc(cn3)C(=O)O,1.74,2.1903154761904764,0.4503154761904764
2359,valid,CNC(=O)c1snnc1c2ccccc2,1.23,2.1903154761904764,0.9603154761904764
2023,valid,CCNC(=O)c1cc2c(c(cnc2[nH]1)c3cncc(c3)C(=O)N)n4ccc(n4)C(F)(F)F,1.81,2.1903154761904764,0.38031547619047634
3522,valid,CCN(C1CCN(CC[C@H](C2CCN(CC2)S(=O)(=O)C)c3cc(Cl)cc(Cl)c3)CC1)C(=O)Cc4ccc(cc4)S(=O)(=O)C,2.6,2.1903154761904764,-0.4096845238095237
2566,valid,OC[C@@H](O)CN1C(=O)[C@H](Cc2ccccc12)NC(=O)c3cc4cc(Cl)sc4[nH]3,3.27,2.1903154761904764,-1.0796845238095236
126,valid,CN1CCN(CC1)C2=Nc3cc(Cl)ccc3Nc4ccccc24,3.08,2.1903154761904764,-0.8896845238095237
2201,valid,CCNC(=O)c1cc2c(c(cnc2[nH]1)c3cncc(c3)C(=O)O)n4nc(cc4C)C(F)(F)F,-0.88,2.1903154761904764,3.0703154761904763
1140,valid,Fc1ccc(C2CCN(CC2)C(=S)COCc3ccncc3)c(Cl)c1,4.23,2.1903154761904764,-2.039684523809524
3603,valid,OC(=O)CCc1ccc(NCc2cccc(Oc3ccccc3)c2)cc1,2.1,2.1903154761904764,0.09031547619047631
920,valid,[O-][n+]1cc(ccc1Cl)C(=O)Nc2ccc(F)cc2,1.38,2.1903154761904764,0.8103154761904765
3540,valid,CC(O)(C(=O)Nc1ccc(cc1)S(=O)(=O)Nc2ccccc2)C(F)(F)F,3.07,2.1903154761904764,-0.8796845238095234
4062,valid,CCS(=O)(=O)c1ccc(cc1)c2cc(Cl)ccc2OCC(=O)O,-0.78,2.1903154761904764,2.9703154761904766
443,valid,COc1cc2ncc(C(=O)N)c(Nc3ccc(F)cc3F)c2cc1OC,2.95,2.1903154761904764,-0.7596845238095238
3772,valid,CC1=C2C(=CC(=O)N1Cc3ccccn3)NN(C2=O)c4ccccc4Cl,0.2,2.1903154761904764,1.9903154761904764
3132,valid,CC(C)n1c(C)ncc1c2nc(Nc3ccc(C(=O)N(C)C)c(F)c3)ncc2F,3.14,2.1903154761904764,-0.9496845238095237
2578,valid,C[C@@H]1CN(C[C@H](C)O1)c2nc(N3CCOCC3)c4ccc(Nc5ccccc5)nc4n2,4.12,2.1903154761904764,-1.9296845238095237
3095,valid,COc1cc(OC)c(cc1NC(=O)C)S(=O)(=O)N2C(C)CCc3ccccc23,1.97,2.1903154761904764,0.22031547619047642
1054,valid,C[C@@H]1CN(CCN1c2ncc(OCc3ccncc3C#N)cn2)c4noc(C)n4,2.6,2.1903154761904764,-0.4096845238095237
225,valid,CCCNC[C@@H](O)COc1ccccc1C(=O)CCc2ccccc2,1.56,2.1903154761904764,0.6303154761904763
3072,valid,CCCc1nn(C)c2C(=O)NC(=Nc12)c3cc(ccc3OCC)S(=O)(=O)N4CCN(C)CC4,2.8,2.1903154761904764,-0.6096845238095234
1649,valid,COc1ccc(C)c(c1)N(C)c2ccnc(Nc3cc(cc(c3)N4CCOCC4)N5CCOCC5)n2,3.18,2.1903154761904764,-0.9896845238095238
3785,valid,CN(C)CCNS(=O)(=O)c1ccc(Nc2nccc(n2)c3cnc4ccccn34)cc1,2.7,2.1903154761904764,-0.5096845238095238
2761,valid,COc1cc2ncnc(Nc3ccc(F)c(Cl)c3)c2cc1OCCCN4CCCCC4,3.3,2.1903154761904764,-1.1096845238095234
2483,valid,COc1nc(Br)cnc1NS(=O)(=O)c2cccc3c(cccc23)N(C)C,1.9,2.1903154761904764,0.2903154761904765
2227,valid,O=C(CS(=O)(=O)c1ccccc1)c2ccccc2,1.86,2.1903154761904764,0.3303154761904763
1647,valid,[O-][S+](CCC1C(=O)N(N(C1=O)c2ccccc2)c3ccccc3)c4ccccc4,-0.51,2.1903154761904764,2.700315476190476
434,valid,CC(C)n1c(C)ncc1c2ccnc(Nc3ccccc3)n2,3.58,2.1903154761904764,-1.3896845238095237
3187,valid,COc1cccc(\C=C\2/SC(=O)NC2=O)c1N3CCC[C@@H](N)C3,1.27,2.1903154761904764,0.9203154761904764
508,valid,CCCN(c1cccnc1)P(=O)(c2ccccc2)c3ccccc3,2.6,2.1903154761904764,-0.4096845238095237
32,valid,CC(=O)[C@H]1CC[C@H]2[C@@H]3CCC4=CC(=O)CC[C@]4(C)[C@H]3CC[C@]12C,3.94,2.1903154761904764,-1.7496845238095236
3913,valid,CC(C)N1CCC(CC1)N(C(=O)Cc2ccccc2)c3ccc(Cl)cc3,2.3,2.1903154761904764,-0.10968452380952343
2378,valid,C[C@H](CO)Nc1nc(SCc2ccccc2)nc3NC(=O)Sc13,2.86,2.1903154761904764,-0.6696845238095235
2086,valid,C1Cc2ccccc2CN1c3ccncc3,1.4,2.1903154761904764,0.7903154761904765
2072,valid,O[C@H](CNC(=O)c1c[nH]c2ccccc12)CN3CCC(CC3)Oc4ccc(Cl)c(Cl)c4,3.91,2.1903154761904764,-1.7196845238095237
2077,valid,COCCN1CCN(CC(=O)Nc2ccc(C3=CC=CN4C(=O)C=C(N=C34)N5CCOCC5)c6sc7ccccc7c26)CC1,3.2,2.1903154761904764,-1.0096845238095238
199,valid,Clc1cccc(c1Cl)n2nnnc2NCc3ccccc3Oc4ccccn4,3.62,2.1903154761904764,-1.4296845238095237
1229,valid,Cc1oc(cc1)c2ccc(cc2F)S(=O)(=O)N3CCC[C@H]3C(=O)N4CC[C@@H](N)C4,1.2,2.1903154761904764,0.9903154761904764
2880,valid,N(c1cccnc1)c2ncnc3ccccc23,1.57,2.1903154761904764,0.6203154761904763
3699,valid,Cc1cc2nc(NC(=N)N)nc(C)c2cc1C,0.7,2.1903154761904764,1.4903154761904764
3367,valid,CCOC(=O)c1ccc(COC2CN(C2)c3ccc(C)nn3)cc1,2.5,2.1903154761904764,-0.3096845238095236
2819,valid,Fc1cc(c(F)cc1Oc2ccc(Cl)cc2c3ccnn3C4CNC4)S(=O)(=O)Nc5ncns5,1.0,2.1903154761904764,1.1903154761904764
180,valid,NC1(CCC1)c2ccc(cc2)c3ncc4ccncc4c3c5ccccc5,2.2,2.1903154761904764,-0.009684523809523782
2871,valid,COc1cc(ccc1Cn2ccc3ccc(NC(=O)OC4CCCC4)cc23)C(=O)O,2.1,2.1903154761904764,0.09031547619047631
1282,valid,Nc1nonc1\C(=N\O)\Nc2ccc(F)c(Cl)c2,2.7,2.1903154761904764,-0.5096845238095238
4158,valid,OC(=O)c1ccc(cc1)N2CCC(CN3CCC(CC3)Oc4ccc(Cl)c(Cl)c4)CC2,2.31,2.1903154761904764,-0.11968452380952366
2046,valid,CCCc1c(O)c(O)c(C(=O)O)c2cc(Cc3ccccc3)c(C)cc12,2.6,2.1903154761904764,-0.4096845238095237
3482,valid,COc1cc2c(ncnc2cc1OCCCN3CCCCC3)N4CCN(CC4)C(=O)Nc5ccc(OC(C)C)cc5,2.6,2.1903154761904764,-0.4096845238095237
264,valid,CC(C)[C@@H](CO)NS(=O)(=O)c1ccc(Cl)s1,2.3,2.1903154761904764,-0.10968452380952343
2174,valid,CN1C(=O)N(Cc2ccc(Br)cc2)c3ccccc13,2.81,2.1903154761904764,-0.6196845238095237
3672,valid,CC(C)Oc1ccc(cc1C(=O)N2CCN(CC2)c3ccc(cc3)C(F)(F)F)S(=O)(=O)C,3.33,2.1903154761904764,-1.1396845238095237
719,valid,C[C@@H]1CN(CCN1c2ncc(OCc3ccncc3C#N)cn2)c4ncc(F)cn4,3.4,2.1903154761904764,-1.2096845238095235
295,valid,NC(=O)Nc1cc(sc1C(=O)N[C@H]2CCCNC2)c3cccc(F)c3F,1.32,2.1903154761904764,0.8703154761904763
3645,valid,CCC[C@@H](N1CCC[C@@H](C1)N2C=C(C)C(=O)NC2=O)c3ccc(C(=O)O)c(Oc4cccc(Cl)c4)c3,0.6,2.1903154761904764,1.5903154761904763
794,valid,CC(C)(C)OC(=O)N1CCN(CC1)c2ccc(OCc3ccc(cc3)S(=O)(=O)C)cc2,3.9,2.1903154761904764,-1.7096845238095235
2700,valid,Nc1c(cnn1c2ccc(F)cc2)C(=O)c3cccc(OC[C@@H](O)CO)c3,1.91,2.1903154761904764,0.2803154761904765
3794,valid,COc1cnc(nc1N2CCOCC2)c3ccccn3,1.52,2.1903154761904764,0.6703154761904764
660,valid,Cc1c(Sc2ccc(Cl)cc2)c3ccc(cc3n1CC(=O)O)S(=O)(=O)C,0.79,2.1903154761904764,1.4003154761904764
1914,valid,CCCc1cc(cc(OC)c1OC)C2=N[C@H](CO2)C(=O)NO,1.69,2.1903154761904764,0.5003154761904764
3665,valid,CN1CCOc2cc(COc3ccccc3)cnc12,3.3,2.1903154761904764,-1.1096845238095234
1607,valid,CN(C)C(=O)N[C@@H]1CC[C@H](CCN2[C@@H]3CC[C@H]2C[C@H](C3)Oc4cccc(c4)C(=O)N)CC1,0.22,2.1903154761904764,1.9703154761904764
495,valid,CCCc1c(OCCCSc2ccc(CC(=O)O)cc2Cl)ccc3c(CC)noc13,3.92,2.1903154761904764,-1.7296845238095235
105,valid,O[C@@H](CNC1CCN(Cc2ccc(Cl)c(Cl)c2)CC1)COc3cccc(c3)C#N,3.09,2.1903154761904764,-0.8996845238095235
3143,valid,CCN(C1CCN(Cc2ccc(cc2)C(F)(F)F)CC1)C(=O)Cc3ccc(cc3)S(=O)(=O)C,2.9,2.1903154761904764,-0.7096845238095235
1650,valid,Clc1ccc(CN(Cc2ccc(Cl)cc2)c3nn[nH]n3)cc1,2.74,2.1903154761904764,-0.5496845238095238
3306,valid,NC(=O)c1sc(cc1N)c2ccsc2,2.23,2.1903154761904764,-0.039684523809523586
2395,valid,OC(=O)CCc1ccc(OCc2cccc(Br)c2)cc1,1.67,2.1903154761904764,0.5203154761904765
745,valid,COc1ccc(CNC(=O)c2sc3nc(C)cc(C)c3c2N)cc1,3.85,2.1903154761904764,-1.6596845238095237
922,valid,Nc1ccccc1NC(=O)c2ccc(cc2)c3ncc(CN4CCC4)cc3C#N,1.22,2.1903154761904764,0.9703154761904764
2467,valid,COc1ccc(cc1)c2cc3c(N[C@H]4CCCNC4)ncc(C(=O)N)c3s2,1.82,2.1903154761904764,0.37031547619047633
2450,valid,COCc1ccoc1C(=O)N(C(C(=O)NC[C@@H](C)O)c2ccccc2F)c3ccc(OC)cc3OC,1.98,2.1903154761904764,0.2103154761904764
1520,valid,CCOCc1nc2c(N)nc3ccccc3c2n1CC(C)(C)O,1.69,2.1903154761904764,0.5003154761904764
3592,valid,CCCCCCCCCC(=O)N[C@@H](Cc1c[nH]c2ccccc12)C(=O)N[C@@H](CC(=O)N)C(=O)N[C@@H](CC(=O)O)C(=O)N[C@H]3[C@@H](C)OC(=O)[C@H](CC(=O)c4ccccc4N)NC(=O)[C@@H](NC(=O)[C@@H](CO)NC(=O)CNC(=O)[C@H](CC(=O)O)NC(=O)[C@@H](C)NC(=O)[C@H](CC(=O)O)NC(=O)[C@H](CCCN)NC(=O)CNC3=O)[C@H](C)CC(=O)O,-0.94,2.1903154761904764,3.1303154761904763
2557,valid,C[C@@H](Oc1nc(Nc2cc(C)[nH]n2)c(C)nc1C#N)c3ccc(F)cn3,2.72,2.1903154761904764,-0.5296845238095238
4084,valid,C1CN2CCC1C(C2)c3ccc(cc3)c4ccccc4,1.76,2.1903154761904764,0.4303154761904764
3121,valid,CCCN(CCC)S(=O)(=O)c1ccc(cc1)C(=O)O,0.03,2.1903154761904764,2.1603154761904766
3458,valid,Nc1nc2ccc(Cl)cc2c3nc(nn13)c4occc4,3.98,2.1903154761904764,-1.7896845238095236
1326,valid,CCC1(CCC(=O)NC1=O)c2ccc(N)cc2,0.6,2.1903154761904764,1.5903154761904763
3884,valid,Nc1c(nc(nc1N2CCOCC2)C#N)N3CCCCC3,2.71,2.1903154761904764,-0.5196845238095236
3251,valid,CCN(c1ccccc1)c2cc(NC)[n+](C)c(C)n2,-0.91,2.1903154761904764,3.1003154761904765
3273,valid,CC1=CN(C2CCCN(Cc3cccc(Oc4ccc(Cl)cc4)c3)C2)C(=O)NC1=O,3.38,2.1903154761904764,-1.1896845238095235
669,valid,CS(=O)(=O)c1ccc(cc1)N2CCN(CC2)C(=O)[C@@H]3CCCC[C@H]3C(=O)NCC#N,0.67,2.1903154761904764,1.5203154761904765
915,valid,CC(=O)Nc1ccc2cnn(c3cc(NC4CC4)n5ncc(C#N)c5n3)c2c1,3.44,2.1903154761904764,-1.2496845238095236
1425,valid,COc1cc(ccc1OC[C@H](OP(=O)(O)O)C2CC2)N3C=Nc4cc(sc4C3=O)c5ccc(Cl)cc5,-0.04,2.1903154761904764,2.2303154761904764
3841,valid,Clc1ccccc1CN2CCc3sccc3C2,3.46,2.1903154761904764,-1.2696845238095236
231,valid,C(C(C1CCCCC1)C2CCCCC2)C3CCCCN3,3.02,2.1903154761904764,-0.8296845238095236
2778,valid,Fc1ccc(cc1)C(=O)C2CCN(CC2)C(=O)NCc3ccccc3,3.15,2.1903154761904764,-0.9596845238095235
1474,valid,C(Cc1ccccc1)NCc2ccccc2,1.65,2.1903154761904764,0.5403154761904765
3506,valid,OC(=O)COCCN1CCN(CC1)C(c2ccccc2)c3ccc(Cl)cc3,1.27,2.1903154761904764,0.9203154761904764
1221,valid,Oc1ccc(CCNCCCCCCOCCc2ccccc2)c3sc(O)nc13,2.21,2.1903154761904764,-0.01968452380952357
2751,valid,c1ccc2ccccc2c1,3.29,2.1903154761904764,-1.0996845238095236
2917,valid,NC(=O)C1=CN(Cc2ccc(Cl)cc2Cl)C(=O)C=C1,2.36,2.1903154761904764,-0.16968452380952348
3587,valid,Fc1ccc(cc1Cl)S(=O)(=O)NCC(N2CCCCCC2)c3ccccc3,3.98,2.1903154761904764,-1.7896845238095236
1989,valid,C[C@H]1CN(Cc2cc(Cl)ccc2CC(=O)O)CCN1S(=O)(=O)Cc3ccccc3,1.12,2.1903154761904764,1.0703154761904763
1100,valid,CCN(CC)S(=O)(=O)c1ccc(cc1)c2cc(ccc2OCC(=O)O)C(F)(F)F,0.67,2.1903154761904764,1.5203154761904765
3779,valid,CCN1C=C(C(=O)O)C(=O)c2ccc(C)nc12,-0.1,2.1903154761904764,2.2903154761904765
1321,valid,CCS(=O)(=O)c1ccc(c2cc(Cl)ccc2OCC(=O)O)c(c1)C(F)(F)F,0.62,2.1903154761904764,1.5703154761904763
1888,valid,CC(C)C(NC(=O)CN1C(=O)C(=CC=C1c2ccccc2)NC(=O)Cc3ccc(cc3)C(=O)O)C(=O)C(F)(F)F,0.35,2.1903154761904764,1.8403154761904763
2592,valid,CC(C)c1cc(C(=O)N2Cc3ccc(CN4CCN(C)CC4)cc3C2)c(O)cc1O,2.5,2.1903154761904764,-0.3096845238095236
3759,valid,Cc1cc(CN2CCc3ccccc3C2C(=O)Nc4ccc(Cl)cc4Cl)ccc1OCC(=O)O,2.63,2.1903154761904764,-0.4396845238095235
1922,valid,Cc1cc(NC(=O)c2ccc(Cl)cc2)n(n1)c3ccccc3,3.25,2.1903154761904764,-1.0596845238095236
2764,valid,Fc1cccc2c3CN(CCc3[nH]c12)C(=O)[C@@H]4CCCC[C@H]4C(=O)NC5(CC5)C#N,3.03,2.1903154761904764,-0.8396845238095234
2173,valid,NC(=O)c1sc(cc1N)c2ccc(Cl)cc2,3.3,2.1903154761904764,-1.1096845238095234
687,valid,O=C(NC1CCCCC1)c2cccnc2Sc3ccccc3,3.01,2.1903154761904764,-0.8196845238095234
4013,valid,C[C@H](Oc1nc(Nc2cc(C)[nH]n2)c(C)nc1C#N)c3ccc(F)cn3,2.86,2.1903154761904764,-0.6696845238095235
2599,valid,Nc1ccc(cc1)C2(CCCCC2)c3ccc(N)cc3,3.2,2.1903154761904764,-1.0096845238095238
2795,valid,Clc1cc(Cl)cc(NC(=O)NCC2(CCN(CC3CC3)CC2)c4ccc(cc4)c5cccc(c5)C#N)c1,3.37,2.1903154761904764,-1.1796845238095237
3694,valid,COc1ccc(CC(=O)N(C)C2CCN(CCC(c3ccccc3)c4ccccc4)CC2)cc1OC,3.4,2.1903154761904764,-1.2096845238095235
607,valid,Cc1ccc2c(c1)c(c(C)n2CC(=O)O)c3ccnc4c(Cl)cccc34,1.27,2.1903154761904764,0.9203154761904764
1784,valid,Nc1nc2ccccc2n1C(=O)c3ccccc3,1.56,2.1903154761904764,0.6303154761904763
2486,valid,Clc1ccc2C(=O)NC(=Nc2c1)c3ccccc3,3.31,2.1903154761904764,-1.1196845238095237
3092,valid,CC(C)N1CCC[C@H](CN2C(=O)c3cc(ccc3N=C2C(C)C)c4ccc(F)cc4)C1,3.6,2.1903154761904764,-1.4096845238095237
808,valid,Cc1cc(Nc2ccccc2)n(CCC#N)n1,2.3,2.1903154761904764,-0.10968452380952343
3080,valid,CCOC(=O)C1=C(C)NC(=C([C@H]1c2cccc3C(=O)C=C(C)Oc23)C(=O)C)C,2.63,2.1903154761904764,-0.4396845238095235
540,valid,Oc1ccc(cc1)c2csc(n2)c3ccc(O)cc3,3.7,2.1903154761904764,-1.5096845238095238
2043,valid,COc1ccc(CNC(=O)CSc2nc3cccnc3s2)cc1,2.5,2.1903154761904764,-0.3096845238095236
1301,valid,COc1cc(ccc1Cc2cn(C)c3ccc(cc23)C(=O)NCCc4ccccc4)C(=O)NS(=O)(=O)c5ccccc5C,2.51,2.1903154761904764,-0.3196845238095234
2625,valid,CNC(=O)Nc1cc(sc1C(=O)N)c2ccccc2,2.71,2.1903154761904764,-0.5196845238095236
2844,valid,CC(C)n1nc(C)c(C(=O)N[C@@H](C)C(C)(C)C)c1NS(=O)(=O)c2ccc(C)cc2,0.97,2.1903154761904764,1.2203154761904764
89,valid,Cc1nc(C)c(nc1C(=O)N)c2ccc([C@@H]3CC[C@@H](CC(=O)O)CC3)c(F)c2,1.3,2.1903154761904764,0.8903154761904764
3328,valid,CCN1CCN(Cc2cnc(c3ccc(cc3)C(=O)Nc4ccccc4N)c(c2)C#N)CC1,1.14,2.1903154761904764,1.0503154761904765
2446,valid,Cc1nc2ccccn2c1c3ccnc(Nc4cccc(Cl)c4)n3,2.7,2.1903154761904764,-0.5096845238095238
113,valid,CC(C)C[C@H](N)c1oc(nn1)S(=O)(=O)Cc2ccc(F)cc2,1.11,2.1903154761904764,1.0803154761904763
4192,valid,COc1cc(F)ccc1c2cncc(CNC3CCCCC3)c2,2.6,2.1903154761904764,-0.4096845238095237
1235,valid,CN1CCN(CC1)C(=O)c2cc3cc(Cl)ccc3[nH]2,2.4,2.1903154761904764,-0.20968452380952352
3847,valid,OC(=O)C[C@@H]1CC[C@H](CC1)c2ccc(NC(=O)c3oc(Nc4ccccc4F)nn3)cc2,2.48,2.1903154761904764,-0.2896845238095236
2137,valid,Oc1ccc(cc1)c2oc3cc(O)ccc3n2,3.3,2.1903154761904764,-1.1096845238095234
3476,valid,NC1(CCN(CC1)c2ncnc3[nH]ccc23)C(=O)NC(c4ccccc4)c5ccc(Cl)cc5,4.1,2.1903154761904764,-1.9096845238095232
2936,valid,[O-][N+](=O)c1ccc2C(=O)C(=O)c3ccccc3c2c1,2.56,2.1903154761904764,-0.36968452380952366
191,valid,Nc1nc(Nc2ccc(F)c(Cl)c2)c3nc[nH]c3n1,2.75,2.1903154761904764,-0.5596845238095236
3775,valid,O=C(CSc1ccccc1)N2CCN(CC2)c3ccccc3,3.2,2.1903154761904764,-1.0096845238095238
3475,valid,CN1CCN(CCCN2c3ccccc3Sc4ccc(Cl)cc24)CC1,3.92,2.1903154761904764,-1.7296845238095235
2341,valid,O=C(NC1(CC1)C#N)[C@@H]2CCCC[C@H]2C(=O)N3CCN(CC3)c4nc5CCOCc5s4,1.42,2.1903154761904764,0.7703154761904765
4180,valid,CCCCC(CC)COC(=O)CC(C(=O)OCC(CC)CCCC)S(=O)(=O)O,2.93,2.1903154761904764,-0.7396845238095238
2945,valid,CC(=O)Nc1ccccn1,0.5,2.1903154761904764,1.6903154761904764
1498,valid,CCCCCSc1nc(O)c2sc(N)nc2n1,2.86,2.1903154761904764,-0.6696845238095235
16,valid,COc1ccc(cc1)N2CCN(CC2)C(=O)[C@@H]3CCCC[C@H]3C(=O)NCC#N,1.6,2.1903154761904764,0.5903154761904763
3955,valid,NC1(CCC1)c2ccc(cc2)C3=Nc4ccccc4C(=O)N3c5ccccc5,1.5,2.1903154761904764,0.6903154761904764
3099,valid,CO[C@@H]1CN(CCN2C(=O)C=Cc3ccc(cc23)C#N)CC[C@H]1NCc4ccc5OCC(=O)Nc5n4,0.81,2.1903154761904764,1.3803154761904763
3295,valid,C[C@H](CO)Nc1nc(SCc2cccc(Cl)c2F)nc3NC(=O)Sc13,3.53,2.1903154761904764,-1.3396845238095234
3288,valid,CCC(N(CCCN)C(=O)c1ccc(C)cc1)C2=Nc3nccnc3C(=O)N2Cc4ccccc4,-0.14,2.1903154761904764,2.3303154761904765
248,valid,O=C1NC=Nc2[nH]ncc12,-0.42,2.1903154761904764,2.6103154761904763
3261,valid,CCN(C)C(=O)c1ccc(cc1)C(=C2CCN(Cc3cscn3)CC2)c4cccc5cccnc45,2.65,2.1903154761904764,-0.4596845238095235
3858,valid,Cc1sc(nc1C(F)(F)F)N2CCN(CC2)C(=O)[C@@H]3CCCC[C@H]3C(=O)NC4(CC4)C#N,2.87,2.1903154761904764,-0.6796845238095237
3463,valid,CCN(C(=O)C)c1cccc2c1c(Sc3ccc(Cl)cc3)c(C)n2CC(=O)O,1.61,2.1903154761904764,0.5803154761904763
1760,valid,CN(CC[C@@H](Oc1ccc(cc1)c2ccccc2)c3ccc(F)cc3)CC(=O)O,2.86,2.1903154761904764,-0.6696845238095235
70,valid,CNC(=O)c1ccc(CC(=O)N(C)C2CCN(Cc3ccc(cc3)C(F)(F)F)CC2)cc1,2.8,2.1903154761904764,-0.6096845238095234
2847,valid,CCCCC1=NC2(CCCC2)C(=O)N1Cc3ccc(cc3)c4ccccc4c5nn[nH]n5,1.29,2.1903154761904764,0.9003154761904764
2900,valid,Cc1oc2C=NN(B(O)c2c1)S(=O)(=O)c3ccc(C)cc3,-0.28,2.1903154761904764,2.4703154761904766
2747,valid,OC(=O)COc1ccc(Cl)cc1c2cccc(c2)C#N,-0.25,2.1903154761904764,2.4403154761904764
158,valid,CC(C)CN1C(=O)N(C)C(=O)c2c1sc(Cn3c(C)nc(Cl)c3Cl)c2C(=O)N4CC[C@@H](O)C4,1.61,2.1903154761904764,0.5803154761904763
1557,valid,Cc1ccc2nc(NCCN)c3ncc(C)n3c2c1,0.88,2.1903154761904764,1.3103154761904765
2159,valid,CC(C)C(NC(=O)CN1C(=O)C(=CC=C1c2ccccc2)NC(=O)NCc3ccc[n+]([O-])c3)C(=O)C(F)(F)F,1.48,2.1903154761904764,0.7103154761904764
1755,valid,CC1=C(OCc2ccccc2)C(=O)C=CO1,1.87,2.1903154761904764,0.3203154761904763
3178,valid,COc1ccc(cc1)C2=COc3cc(O)ccc3C2=O,3.05,2.1903154761904764,-0.8596845238095234
880,valid,OC(=O)c1cccnc1N2CCC(CN3CCC(CC3)Oc4ccc(Cl)c(Cl)c4)CC2,1.71,2.1903154761904764,0.48031547619047643
1871,valid,COc1ccccc1C(=O)NCC23CC4CC(CC(C4)C2)C3,4.43,2.1903154761904764,-2.2396845238095233
1271,valid,Cc1c(c2cc(F)ccc2n1CC(=O)O)S(=O)(=O)c3ccc(Cl)cc3,-0.16,2.1903154761904764,2.3503154761904765
1243,valid,COc1cc(ccc1C2CC2)N3CCN([C@H](C)C3)C(=O)[C@@H]4CCCC[C@H]4C(=O)NC5(CC5)C#N,3.49,2.1903154761904764,-1.2996845238095238
1257,valid,CS(=O)(=O)c1cccc(Nc2nccc(Nc3cccc4ncoc34)n2)c1,2.5,2.1903154761904764,-0.3096845238095236
1759,test,CNc1c(Br)cnc2[nH]c(nc12)c3cnn(c3)C4CCN(C)CC4,2.5,2.1903154761904764,-0.3096845238095236
771,test,CC(C)[C@H](N(CCCN)C(=O)c1ccc(C)cc1)C2=Nc3cc(Cl)ccc3C(=O)N2Cc4ccccc4,2.88,2.1903154761904764,-0.6896845238095235
3486,test,CCCSc1c(cnn1C)C(=O)NC2CCCCC2,2.99,2.1903154761904764,-0.7996845238095238
1312,test,C[C@H](NC(=O)c1c(C)nn(C2CCC2)c1NS(=O)(=O)c3ccc(C)cc3)C(C)(C)C,1.57,2.1903154761904764,0.6203154761904763
2425,test,COCCC(=O)N[C@@H](C)c1ccc(Nc2ncc3cc(ccc3n2)c4ccncc4)cc1,3.05,2.1903154761904764,-0.8596845238095234
2999,test,Nc1nccc(n1)c2c[nH]c3ccccc23,1.68,2.1903154761904764,0.5103154761904765
672,test,FC(F)c1nc2ccccc2n1c3nc(nc(n3)N4CCOCC4)N5CCOCC5,3.04,2.1903154761904764,-0.8496845238095236
3310,test,CCc1cc(O)c(Oc2ccc(cc2F)C(=O)N)cc1F,2.87,2.1903154761904764,-0.6796845238095237
366,test,Oc1cc(ccc1NC(=O)Nc2ccccc2Br)[N+](=O)[O-],3.9,2.1903154761904764,-1.7096845238095235
3034,test,COc1ccc2SCC(=O)N(CCN3CCC(CC3)NCc4cc5OCCOc5cn4)c2c1,1.78,2.1903154761904764,0.41031547619047637
859,test,C[C@]12CCC(=O)C=C1CC[C@H]3[C@@H]4CC[C@](O)(C(=O)CO)[C@@]4(C)CC(=O)[C@H]23,1.4,2.1903154761904764,0.7903154761904765
514,test,COc1ccc(cc1F)c2cc(nn2c3ccc(cc3)S(=O)(=O)N)C(F)F,2.8,2.1903154761904764,-0.6096845238095234
1550,test,NC(=O)C[S+]([O-])C(c1ccccc1)c2ccccc2,1.12,2.1903154761904764,1.0703154761904763
1248,test,Nc1nnc(Cc2ccc(Cl)cc2)s1,2.34,2.1903154761904764,-0.14968452380952346
1517,test,Nc1nc2ccccc2s1,2.0,2.1903154761904764,0.1903154761904764
2018,test,CC(C#Cc1ccccc1)N2NC(=O)C3=C(C2=O)C(=O)c4ccc(Cl)cc4N3,1.4,2.1903154761904764,0.7903154761904765
1794,test,CNC(=O)C1(CCN(CC[C@H](CN(C)C(=O)c2cc(cc3ccccc23)C#N)c4ccc(Cl)c(Cl)c4)CC1)N5CCCCC5=O,2.5,2.1903154761904764,-0.3096845238095236
851,test,CC(=O)C1=CN(Cc2ccccc2)C(=O)N(Cc3ccc(F)cc3)C1=O,3.2,2.1903154761904764,-1.0096845238095238
3636,test,NCCCCCc1c[nH]c2ccc(F)cc12,0.6,2.1903154761904764,1.5903154761904763
3697,test,CCOC(=O)Cc1csc(NS(=O)(=O)c2ccc(Cl)cc2)n1,1.32,2.1903154761904764,0.8703154761904763
3834,test,Nc1nc(N)c2nc(CO)cnc2n1,-0.45,2.1903154761904764,2.6403154761904766
2654,test,CC(C)n1c2ccccc2c3c(C)c(NC(=O)N4CCOCC4)ccc13,3.5,2.1903154761904764,-1.3096845238095236
2381,test,CC(C)(CO)Nc1nc(SCc2cccc(F)c2F)nc3nc(N)sc13,3.37,2.1903154761904764,-1.1796845238095237
3198,test,[O-][N+](=O)c1oc(C=NN2CCOC2=O)cc1,-0.12,2.1903154761904764,2.3103154761904765
1662,test,CC(=O)Nc1nc(ns1)c2ccccc2,2.8,2.1903154761904764,-0.6096845238095234
1128,test,OCC(CO)Nc1nc(SCc2cccc(F)c2F)nc3nc(NC4CC4)sc13,3.11,2.1903154761904764,-0.9196845238095235
3200,test,Cc1ccc(cc1S(=O)(=O)n2ccc(n2)c3c(C)nc4ccc(Br)cn34)[N+](=O)[O-],3.52,2.1903154761904764,-1.3296845238095236
4136,test,CC(=O)C1=Cc2ccc(O)cc2OC1=O,0.87,2.1903154761904764,1.3203154761904763
2611,test,CN1CCN(Cc2ccc(cc2)C(=O)Nc3ccc(C)c(Nc4nccc(n4)c5cccnc5)c3)CC1,2.5,2.1903154761904764,-0.3096845238095236
3296,test,C1CC(CCN1)c2ccccc2,0.54,2.1903154761904764,1.6503154761904764
4094,test,CCOc1ccc(NC(=O)CCc2c(C)nc3nc(C)nn3c2C)cc1,2.1,2.1903154761904764,0.09031547619047631
2289,test,CCN(CC)c1ncnc2c1ncn2Cc3c(Cl)cccc3Cl,1.25,2.1903154761904764,0.9403154761904764
845,test,CNC1=Nc2ncccc2C(=NC1c3cccs3)c4occc4,1.85,2.1903154761904764,0.3403154761904763
3655,test,Fc1ccccc1NC(=O)NC2N=C(c3ccccc3)c4ccccc4NC2=O,3.8,2.1903154761904764,-1.6096845238095234
2010,test,CNc1c(Br)cnc2[nH]c(nc12)c3ccc(OCCCN4CCOCC4)cc3,2.96,2.1903154761904764,-0.7696845238095236
3078,test,CN(Cc1oc2ccccc2c1C)C(=O)\C=C\c3cnc4NC(=O)CCc4c3,2.36,2.1903154761904764,-0.16968452380952348
3852,test,OC(=O)c1cncc(c1)c2ccc(Cl)c(c2)C(=O)NCC34CC5CC(CC(C5)C3)C4,0.85,2.1903154761904764,1.3403154761904763
1427,test,O=C(Nc1cccc(c1)c2nnn[nH]2)c3cccc4[nH]cnc34,-0.05,2.1903154761904764,2.240315476190476
2270,test,C1NCC(CC=C1)c2oc3ccccc3c2,1.94,2.1903154761904764,0.25031547619047645
549,test,CCC(N(CCCN)C(=O)c1ccc(OC)cc1)C2=Nc3ccsc3C(=O)N2Cc4ccccc4,1.39,2.1903154761904764,0.8003154761904765
1105,test,COc1ccc(Cl)cc1C(=O)NCCc2ccc(cc2)S(=O)(=O)NC(=O)NC3CCCCC3,2.23,2.1903154761904764,-0.039684523809523586
361,test,Clc1ccc(NS(=O)(=O)c2ccc(Cl)s2)c(c1)C(=O)Nc3ccc(cc3)S(=O)(=O)N4CCOCC4,3.02,2.1903154761904764,-0.8296845238095236
892,test,COCCNC(=O)c1ccc(Nc2ncc3cc(ccc3n2)c4ccnc(C)c4)cc1,3.56,2.1903154761904764,-1.3696845238095237
3133,test,COC(=O)CCC(=O)Nc1ccc2c(c1)C(=O)C(=O)c3cc(NC(=O)CCC(=O)OC)ccc23,2.67,2.1903154761904764,-0.47968452380952353
2574,test,COc1ccc2nc3ccccc3c(N)c2c1,1.0,2.1903154761904764,1.1903154761904764
445,test,CC(C)C[C@H](CO)Nc1nc(SCc2ccccc2F)nc3nc(N)sc13,4.5,2.1903154761904764,-2.3096845238095236
1086,test,CC(=O)Nc1cccc(Nc2ncnc(n2)N3CCC(CC3)OCc4ccc(OC(F)(F)F)cc4)c1C,4.4,2.1903154761904764,-2.209684523809524
2991,test,CN1C(=O)NC(=O)C(C)(C2=CCCCC2)C1=O,1.5,2.1903154761904764,0.6903154761904764
1061,test,Nc1ccnc(n1)c2cccnc2,0.44,2.1903154761904764,1.7503154761904764
1666,test,C[C@@](Cc1ccc(O)c(O)c1)(NN)C(=O)O,-0.7,2.1903154761904764,2.8903154761904766
480,test,Oc1nc2cc(Cl)cc(Cl)c2c(O)c1c3ccccc3,1.6,2.1903154761904764,0.5903154761904763
640,test,CC(N1NC(=O)c2nc3cc(Cl)ccc3c(O)c2C1=O)c4ccccn4,0.51,2.1903154761904764,1.6803154761904764
625,test,CC(O)(C(=O)Nc1ccc2c(c1)c3ccccc3S2(=O)=O)C(F)(F)F,3.0,2.1903154761904764,-0.8096845238095236
14,test,CC1CCCCC1NC(=O)c2cnn(c2NS(=O)(=O)c3ccc(C)cc3)c4ccccc4,1.34,2.1903154761904764,0.8503154761904763
2213,test,COc1ccccc1C(=O)Nc2nc3ccccc3s2,3.61,2.1903154761904764,-1.4196845238095235
2666,test,CCCSc1c(cnn1c2cccc(c2)C(=O)O)C(=O)NC3CCCCC3,0.7,2.1903154761904764,1.4903154761904764
1543,test,Nc1ncnc2[nH]ccc12,1.78,2.1903154761904764,0.41031547619047637
1378,test,Clc1ccc(cc1)C2(CCC2)C(=O)Nc3oc(nn3)C(=O)Nc4ccc(cc4)N5CCOCC5,3.2,2.1903154761904764,-1.0096845238095238
3622,test,CCN(C1CCN(CC[C@H](N2CCN(CC2)S(=O)(=O)C)c3cc(F)cc(F)c3)CC1)C(=O)Cc4ccc(cc4)S(=O)(=O)C,1.25,2.1903154761904764,0.9403154761904764
4030,test,COc1cc(OC)c(cc1NC(=O)NCC(=O)O)S(=O)(=O)N2C(C)CCc3ccccc23,-1.02,2.1903154761904764,3.2103154761904764
3472,test,CNC1=Nc2ncccc2C(=NC1c3cccs3)c4ccns4,2.15,2.1903154761904764,0.040315476190476485
3539,test,O=C(Nc1ccc(nc1)N2CCOCC2)c3oc(Nc4cccc(OCc5ccccn5)c4)nn3,3.1,2.1903154761904764,-0.9096845238095237
1626,test,FC(F)(F)c1cccc(C(=O)N[C@H]([C@@H]2CCCCN2)c3ccccc3)c1Cl,2.61,2.1903154761904764,-0.4196845238095235
3084,test,COC(=O)N1CCN([C@H](CN2CCCC2)C1)C(=O)Cc3ccc(Cl)c(Cl)c3,2.05,2.1903154761904764,0.14031547619047657
3230,test,Cc1c(sc2ncnc(O)c12)C(=O)Nc3ccccc3,2.13,2.1903154761904764,0.0603154761904765
464,test,COc1ccc2nc(C)cc(N3CC(CNC(=O)C4CC4)OC3=O)c2c1,1.55,2.1903154761904764,0.6403154761904764
2487,test,Oc1cc(O)c2C(=O)c3ccccc3Oc2c1,3.39,2.1903154761904764,-1.1996845238095237
3358,test,CCN(CC)C(=O)c1ccc(cc1)C(=C2CCNCC2)c3cccc(c3)C(F)(F)F,1.9,2.1903154761904764,0.2903154761904765
1168,test,CNCCC(Oc1ccc(cc1)C(F)(F)F)c2ccccc2,1.92,2.1903154761904764,0.27031547619047647
405,test,CC(C)CNc1nc(nc(N2CCNCC2)c1N)C#N,0.7,2.1903154761904764,1.4903154761904764
2641,test,COCCOc1cc2ncc(C(=O)N)c(Nc3ccc(C)cc3F)c2cc1N4CCN(C)CC4,2.24,2.1903154761904764,-0.04968452380952382
1437,test,COc1cc(Nc2cc(nc(N[C@@H](C)c3ncc(F)cn3)n2)N4CCOCC4)n[nH]1,2.18,2.1903154761904764,0.010315476190476236
2490,test,CC(C)n1c(C)ncc1c2ccnc(Nc3ccc(cc3)S(=O)(=O)CCCN(C)C)n2,1.32,2.1903154761904764,0.8703154761904763
3953,test,C[C@H](Nc1nc(Nc2cc([nH]n2)C3CC3)cnc1C#N)c4ccc(F)cn4,3.18,2.1903154761904764,-0.9896845238095238
2525,test,CC(=O)Nc1ccc(CNc2[nH]nc3cccc(Oc4ccc(F)cc4)c23)cc1,4.28,2.1903154761904764,-2.089684523809524
629,test,OC[C@H](O)C(=O)N1CCC(=CC1)c2ccc(cc2F)N3C[C@H](COc4ccon4)OC3=O,1.09,2.1903154761904764,1.1003154761904763
609,test,COc1cc(Nc2ncnc3cccc(O[C@H](C)C(=O)N4CCOCC4)c23)ccc1Oc5ccc(C)nc5,3.6,2.1903154761904764,-1.4096845238095237
2073,test,C[C@H](CO)Nc1nc(SCc2occc2)nc3NC(=O)Sc13,2.21,2.1903154761904764,-0.01968452380952357
2637,test,c1ccc(cc1)c2c[nH]c(n2)c3ccccc3,3.8,2.1903154761904764,-1.6096845238095234
3747,test,COc1ccc(Nc2ccccc2C(=O)O)cc1,1.2,2.1903154761904764,0.9903154761904764
3153,test,C[C@H](NC(=O)c1c(C)nn(c1NS(=O)(=O)c2ccc(cc2)C(F)(F)F)c3ccc(F)cc3)C(C)(C)C,2.35,2.1903154761904764,-0.1596845238095237
2409,test,COc1cc(OC)c(cc1NC(=O)Cc2ccnc(F)c2)S(=O)(=O)N3C(C)CCc4ccccc34,2.49,2.1903154761904764,-0.2996845238095238
133,test,[O-][N+](=O)c1ccc2OC(CN(c2c1)c3cccc[n+]3[O-])(C(F)F)C(F)F,3.2,2.1903154761904764,-1.0096845238095238
1,test,COc1cc(OC)c(cc1NC(=O)CSCC(=O)O)S(=O)(=O)N2C(C)CCc3ccccc23,-1.18,2.1903154761904764,3.370315476190476
293,test,COc1cc2ncn(c3cc(OCc4ccccc4C(F)(F)F)c(s3)C(=O)O)c2cc1OC,0.84,2.1903154761904764,1.3503154761904765
3091,test,CC(C)(CS(=O)(=O)N1CCN(CC1)c2ccc(F)cc2)N(O)C=O,1.07,2.1903154761904764,1.1203154761904763
3101,test,FC1(F)Oc2ccc(\C=C\3/SC(=O)NC3=O)cc2O1,2.8,2.1903154761904764,-0.6096845238095234
3406,test,COc1cc(ccc1Nc2ncc(OC)c(n2)c3cnc4ccccn34)N5CCN(CC5)C(=O)C,3.2,2.1903154761904764,-1.0096845238095238
886,test,CN(c1ccc(cc1)c2cc(ccc2OCC(=O)O)C(F)(F)F)S(=O)(=O)C,-0.81,2.1903154761904764,3.0003154761904764
1875,test,CC(C)(C)C(=O)Nc1ccc2c(c1)C(=O)C(=O)c3ccccc23,2.83,2.1903154761904764,-0.6396845238095237
3573,test,Oc1ccc(CCNCCN(C2CCCCC2)C(=O)CCNCCc3ccc(Cl)c(Cl)c3)c4OCC(=O)Nc14,2.23,2.1903154761904764,-0.039684523809523586
1879,test,Oc1ccc(O)c2C(=O)C=CC(=O)c12,1.91,2.1903154761904764,0.2803154761904765
3111,test,Nc1nc(Nc2ccc(cc2)S(=O)(=O)N)nn1C(=O)c3c(F)cccc3F,1.87,2.1903154761904764,0.3203154761904763
583,test,CCC[C@H]1CN(Cc2cc(Cl)ccc2OCC(=O)O)CCN1S(=O)(=O)c3ccccc3,1.02,2.1903154761904764,1.1703154761904764
2398,test,Oc1ccc2OC(=CC(=O)c2c1)c3ccccc3,3.6,2.1903154761904764,-1.4096845238095237
3155,test,CC(N)COc1c(C)cccc1C,0.62,2.1903154761904764,1.5703154761904763
881,test,CC(=O)Nc1nc(N)n(n1)c2ccccc2,-0.2,2.1903154761904764,2.3903154761904766
3875,test,OC(CCN1CCCC1)(C2CCCCC2)c3ccccc3,1.78,2.1903154761904764,0.41031547619047637
2944,test,Cc1cc(Nc2ccc(F)cc2)nc(N)n1,2.08,2.1903154761904764,0.11031547619047632
2543,test,Oc1cccc(O[C@H]2C[C@H]3CC[C@@H](C2)N3Cc4ccccc4)c1,2.3,2.1903154761904764,-0.10968452380952343
330,test,COc1ccc2N=CC(=O)N(CCN3CC[C@@H](NCc4cc5OCCOc5cn4)[C@@H](O)C3)c2c1,0.78,2.1903154761904764,1.4103154761904764
2009,test,Oc1ccc(cc1)C(c2ccc(O)cc2)C(Cl)(Cl)Cl,3.86,2.1903154761904764,-1.6696845238095235
53,test,CCNC(=O)c1cc2c(c(cnc2[nH]1)c3cncc(c3)C(=O)O)n4ccc(n4)C(F)(F)F,-0.99,2.1903154761904764,3.1803154761904766
1534,test,NC(Cc1ccc(cc1)N(CCCl)CCCl)C(=O)O,0.39,2.1903154761904764,1.8003154761904763
2838,test,Cc1cn(C[C@H]2CN(C(=O)O2)c3ccc(C4=CCS(=O)(=O)CC4)c(F)c3)nn1,1.25,2.1903154761904764,0.9403154761904764
3245,test,O=C(NCCCN1CCCCC1)C(c2ccccc2)c3ccccc3,1.33,2.1903154761904764,0.8603154761904763
913,test,COc1ccc(cc1)C(=O)N2CCC(CC2)C(=O)c3ccc(F)cc3,2.92,2.1903154761904764,-0.7296845238095235
3508,test,CN(C1CCN(Cc2ccc(cc2)C(F)(F)F)CC1)C(=O)Cc3ccc(c(F)c3)S(=O)(=O)C,3.0,2.1903154761904764,-0.8096845238095236
488,test,Oc1ccc(cc1)c2cnc3ccccc3n2,3.3,2.1903154761904764,-1.1096845238095234
2817,test,CCc1[nH]c2nc(Sc3cnc4ccc[n+]([O-])c4c3)nc(N5C[C@@H]6[C@@H](N)[C@@H]6C5)c2c1Cl,2.3,2.1903154761904764,-0.10968452380952343
1594,test,CCNC1=CC=C(N(CC(=O)NC(C(C)C)C(=O)C(F)(F)F)C1=O)c2ccccc2,2.37,2.1903154761904764,-0.1796845238095237
3491,test,CCc1cc2C(=NCc3nnc(C)n3c2s1)c4ccccc4Cl,2.52,2.1903154761904764,-0.3296845238095236
2407,test,OCC(O)CN1CCN(CC1)c2ccccc2,0.4,2.1903154761904764,1.7903154761904765
1639,test,Cc1ccc(cc1)C(=O)N(CCCN)CC2=Nc3cc(Cl)ccc3C(=O)N2Cc4ccccc4,1.47,2.1903154761904764,0.7203154761904764
1490,test,C(N1CCN(CC1)c2nc3ccccc3s2)c4nnnn4Cc5cccs5,3.65,2.1903154761904764,-1.4596845238095235
2154,test,CC(C)n1c(C)ncc1c2ccnc(Nc3ccc(cc3)N(C)C)n2,3.51,2.1903154761904764,-1.3196845238095234
1890,test,C[C@@H]1CN(CCN1C(=O)[C@@H]2CCCC[C@H]2C(=O)NC3(CC3)C#N)c4ccc5c(c4)c(C)nn5C,2.8,2.1903154761904764,-0.6096845238095234
3457,test,C[C@H](CO)Nc1nc(SCc2cccc(F)c2F)nc3NC(=O)C(=Cc13)C#N,3.32,2.1903154761904764,-1.1296845238095234
1447,test,CC(C)Cc1ccc(cc1)[C@@H](C)C(=O)NS(=O)(=O)C,0.51,2.1903154761904764,1.6803154761904764
544,test,Nc1ccc(Cl)c(c1)C(=O)NCC23CC4CC(CC(C4)C2)C3,3.45,2.1903154761904764,-1.2596845238095238
149,test,OCC(CO)N1C=Cc2c(NC(=O)CC34CC5CC(CC(C5)C3)C4)cccc2C1=O,2.62,2.1903154761904764,-0.4296845238095237
2564,test,C[C@H](NC(=O)c1c(C)nn(C2CCOCC2)c1NS(=O)(=O)c3ccc(cc3)C4CC4)C(C)(C)C,1.23,2.1903154761904764,0.9603154761904764
885,test,CCOC(=O)c1c(nc2cc(C)ccn12)c3ccccc3,3.8,2.1903154761904764,-1.6096845238095234
1242,test,OC(=O)CNCCNc1ccc(Cl)c(c1)C(=O)NCC23CC4CC(CC(C4)C2)C3,1.94,2.1903154761904764,0.25031547619047645
2799,test,CCCSc1ncccc1C(=O)N[C@@H]2[C@@H]3CC4C[C@H]2C[C@@](O)(C4)C3,2.27,2.1903154761904764,-0.07968452380952362
1771,test,CC#Cc1cncc(c1)c2cccc(c2)C3(N=C(C)C(=N3)N)C4CC4,3.3,2.1903154761904764,-1.1096845238095234
3668,test,CCC(N(CCCN)C(=O)c1ccc(C)cc1)C2=Nc3ccsc3C(=O)N2Cc4cscn4,0.02,2.1903154761904764,2.1703154761904764
3054,test,CNC(=O)c1ccc(cc1)c2cc(C(=O)N[C@H]3CCCNC3)c(NC(=O)N)s2,0.7,2.1903154761904764,1.4903154761904764
494,test,FC(F)(F)c1ccc2[nH]c3CCN(Cc3c2c1)C(=O)[C@@H]4CCCC[C@H]4C(=O)NC5(CC5)C#N,4.2,2.1903154761904764,-2.009684523809524
639,test,NC(=N)c1ccc(cc1)C(=O)N2CCN(CC2)S(=O)(=O)c3ccc4cc(Br)ccc4c3,0.36,2.1903154761904764,1.8303154761904765
2512,test,O[C@@H](CNCCc1cccc(CNCCc2c(Cl)cccc2Cl)c1)c3ccc(O)c4NC(=O)Sc34,3.15,2.1903154761904764,-0.9596845238095235
2191,test,CC(C)(C)NC(=O)Nc1ccc(cc1)c2c(N)nc(N)nc2COCc3ccccc3,3.09,2.1903154761904764,-0.8996845238095235
1150,test,CC1=CN(C2CCCN(Cc3cccc(Oc4ccc(C)cc4)c3)C2)C(=O)NC1=O,3.38,2.1903154761904764,-1.1896845238095235
3224,test,COc1cc(F)ccc1c2cncc(CNC3CCCC3)c2,2.29,2.1903154761904764,-0.09968452380952364
2286,test,Cc1cccc(c1)C(=O)N2CCC(CC2)C(=O)c3ccc(F)cc3,3.4,2.1903154761904764,-1.2096845238095235
2800,test,CCCC(C)(C)C[C@@H](N1CCC[C@@H](C1)N2C=C(C)C(=O)NC2=O)c3ccc(C(=O)O)c(Oc4cccc(Cl)c4)c3,1.99,2.1903154761904764,0.2003154761904764
2640,test,Cc1c(CCC(=O)O)c[nH]c1\C=C\2/C(=O)Nc3ccccc23,1.05,2.1903154761904764,1.1403154761904764
2677,test,C[C@H](c1c[nH]cn1)c2cccc(C)c2C,2.79,2.1903154761904764,-0.5996845238095236
924,test,CN(C)CC(O)COc1ccc(Nc2nccc(n2)N(CC#N)c3cc(Cl)ccc3Cl)cc1,2.4,2.1903154761904764,-0.20968452380952352
2878,test,CC(C)OC(=O)N1CCC(CC1)Oc2ncnc3c2cnn3c4ccc(cc4F)S(=O)(=O)C,3.0,2.1903154761904764,-0.8096845238095236
3607,test,OC(=O)C[C@H]1[C@@H](Cc2ccccc12)NC(=O)c3cc4cc(Cl)ccc4[nH]3,1.79,2.1903154761904764,0.40031547619047636
3086,test,Clc1ccc2[nH]c(cc2c1)C(=O)N3CCNCC3,1.65,2.1903154761904764,0.5403154761904765
3831,test,ONC(=O)Cc1ccc(OCc2ccccc2)cc1,1.92,2.1903154761904764,0.27031547619047647
247,test,Nc1cc(nc2ccc(Nc3cc(nc(N)n3)c4cccc(Cl)c4)cc12)c5ccc(F)cc5,2.5,2.1903154761904764,-0.3096845238095236
1013,test,COCCCNS(=O)(=O)c1ccc(Nc2nccc(n2)c3cnc4ccccn34)cc1,3.41,2.1903154761904764,-1.2196845238095237
1896,test,C[C@@H]1CN(CC2(CC2)C(=O)N)CCN1S(=O)(=O)c3ccc(cc3)C(C)(O)C(F)(F)F,1.03,2.1903154761904764,1.1603154761904764
2621,test,OC(=O)c1cn(Cc2ccccc2)c3ccccc13,1.19,2.1903154761904764,1.0003154761904764
1132,test,CCCSc1nc(ccc1C(=O)NC2CCCCC2)N3CCCC(C3)C(=O)O,1.72,2.1903154761904764,0.4703154761904764
2431,test,CN[C@@H](C)C(=O)N[C@@H](C1CCCCC1)C(=O)N[C@H]2CCCN(C2)C(=O)c3ccccc3,0.87,2.1903154761904764,1.3203154761904763
3047,test,CCN1CCC[C@@H](CN2CCN(CC2)C(=O)Nc3ccc(Cl)c(Cl)c3)C1,1.94,2.1903154761904764,0.25031547619047645
2385,test,ON1C(=O)N(CC2COc3ccccc3O2)c4ccsc4C1=O,1.44,2.1903154761904764,0.7503154761904764
2387,test,FC(F)(F)c1cc(C(=O)Nc2cccc(c2)c3nnn[nH]3)c4nc[nH]c4c1,1.1,2.1903154761904764,1.0903154761904763
2019,test,CC1=CC(=O)Oc2cc3NCCCc3cc12,2.7,2.1903154761904764,-0.5096845238095238
604,test,CC(C)Oc1cc(OCCCN2CCCC2)cc3ncnc(Nc4c(Cl)ccc5OCOc45)c13,3.1,2.1903154761904764,-0.9096845238095237
3116,test,COc1cc(ccc1Nc2ncc(Cl)c(n2)c3cnc4cc(Cl)ccn34)N5CCN(CC5)C(=O)C,4.2,2.1903154761904764,-2.009684523809524
1956,test,CC(C)(C)OC(=O)NCCCSC[C@H]1O[C@H]([C@H](O)[C@@H]1O)n2cnc3c(N)ncnc23,1.2,2.1903154761904764,0.9903154761904764
2866,test,Fc1cc2N=CNC(=O)c2cc1F,1.5,2.1903154761904764,0.6903154761904764
2649,test,COc1ccc(N(C(C)C(=O)NC2CCCC2)C(=O)c3ccccc3)c(OC)c1,3.02,2.1903154761904764,-0.8296845238095236
3477,test,CN[C@@H](C)C(=O)N[C@@H](C1CCCCC1)C(=O)N2CCC[C@H]2C(=O)N[C@@H](C(c3ccccc3)c4ccccc4)C(=O)OC,2.42,2.1903154761904764,-0.22968452380952353
744,test,OC(=O)COc1ccccc1N2CCC(CN3CCC(CC3)Oc4ccc(Cl)c(Cl)c4)CC2,2.0,2.1903154761904764,0.1903154761904764
2263,test,COc1ccc2OCC(=O)N(CCN3CCC(CC3)NCc4ccc5OCC(=O)Nc5n4)c2c1,0.87,2.1903154761904764,1.3203154761904763
1530,test,CC(C)N1CCN(CC1)C(=O)NCc2ccc(Cl)c(Cl)c2,2.75,2.1903154761904764,-0.5596845238095236
3396,test,CN(C(=O)C)c1ccc(Nc2ncc3cc(ccc3n2)c4ccncc4)cc1,2.88,2.1903154761904764,-0.6896845238095235
4138,test,[O-][N+](=O)c1cccc2C(=O)C(=O)c3ccccc3c12,2.6,2.1903154761904764,-0.4096845238095237
2216,test,C(CCNc1cc(nc2ccccc12)c3ccccc3)CNc4cc(nc5ccccc45)c6ccccc6,3.65,2.1903154761904764,-1.4596845238095235
2185,test,O=C1Nc2ccc(cc2C1=O)S(=O)(=O)N3CCC[C@H]3CNc4ccccc4,2.4,2.1903154761904764,-0.20968452380952352
2949,test,Oc1ccc(CCNCCS(=O)(=O)CCCOCCc2nccc3ccccc23)c4sc(O)nc14,2.35,2.1903154761904764,-0.1596845238095237
2470,test,Clc1ccc(CN2C(=O)C(=O)c3ccccc23)cc1,3.1,2.1903154761904764,-0.9096845238095237
2268,test,COc1ccc(c(OC)c1)c2cncc(CNC3CCCC3)n2,2.14,2.1903154761904764,0.05031547619047627
3026,test,CCCNc1nc(ccc1C(=O)NC2CCCCC2)N3CCC[C@@H](CC(=O)O)C3,2.33,2.1903154761904764,-0.13968452380952368
3751,test,C[C@H](Nc1nc(NC[C@@H](O)CO)c(Cl)c(Nc2cc([nH]n2)C3CC3)n1)c4ccc(F)cc4,3.39,2.1903154761904764,-1.1996845238095237
1249,test,OC(=O)c1c(C#N)c2ccccc2n1Cc3ccc(Cl)c(Cl)c3,1.26,2.1903154761904764,0.9303154761904764
1891,test,Cn1cc(cc1c2c3C(=O)N(CCO)C(=O)N(CC4CC4)c3nn2Cc5ccnc6ccc(Cl)cc56)C#N,3.0,2.1903154761904764,-0.8096845238095236
454,test,CCNC(=O)C[C@H]1N=C(c2ccc(Cl)cc2)c3cc(OC)ccc3n4c(C)nnc14,2.42,2.1903154761904764,-0.22968452380952353
2567,test,COc1ccc2N=CC(=O)N(CCN3CC[C@@H](NCc4ccc5OCC(=O)Nc5n4)[C@@H](O)C3)c2c1,0.37,2.1903154761904764,1.8203154761904763
3393,test,Cc1cc(Nc2nc(NCc3ccccn3)ncc2Br)n[nH]1,2.8,2.1903154761904764,-0.6096845238095234
1651,test,Cc1c(F)ccc2c1c(Sc3ccc(Cl)cc3)c(C)n2CC(=O)O,2.23,2.1903154761904764,-0.039684523809523586
3651,test,Cc1ccc(cc1NC(=O)CC23CC4CC(CC(C4)C2)C3)C(=O)N5CC6CNCC(C5)O6,2.12,2.1903154761904764,0.07031547619047629
355,test,CN(C)CC(O)COc1ccc(Nc2cc(Nc3cc(C)ccc3Cl)ncn2)cc1,2.16,2.1903154761904764,0.030315476190476254
1305,test,C1CCN(CC1)c2ncnc3[nH]cnc23,1.84,2.1903154761904764,0.3503154761904763
992,test,Fc1ccc2OCC(=O)N(CCN3CCC(CC3)NCc4ccc5OCC(=O)Nc5n4)c2c1,0.9,2.1903154761904764,1.2903154761904765
757,test,Oc1ccc2OCC(=O)N(CCN3CCC(CC3)NCc4ccc5OCC(=O)Nc5n4)c2c1,0.52,2.1903154761904764,1.6703154761904764
1160,test,CN(C)CCCN(C)S(=O)(=O)c1ccc(Nc2nccc(n2)c3cnc4ccccn34)cc1,2.16,2.1903154761904764,0.030315476190476254
3981,test,CC(=O)N1CCOc2cc(COc3ccccc3)cnc12,2.8,2.1903154761904764,-0.6096845238095234
1325,test,CC(C)N(CCCNC(=O)Nc1ccc(cc1)C(C)(C)C)C[C@H]2O[C@H]([C@H](O)[C@@H]2O)n3ccc4c(N)ncnc34,2.4,2.1903154761904764,-0.20968452380952352
194,test,C[C@@H]1N[S@@](=O)(=NC1=O)c2cccc(c2)c3ccc(C)cc3,1.6,2.1903154761904764,0.5903154761904763
1210,test,Nc1ccc2[nH]c(Cc3ccc(Oc4ccccc4)cc3)nc2c1,3.8,2.1903154761904764,-1.6096845238095234
2449,test,CCc1nc2ccc(cn2c1N(C)Cc3cccs3)C(=O)NCc4ccc5OCOc5c4,4.1,2.1903154761904764,-1.9096845238095232
665,test,CCCc1cc(Nc2nc(NCc3onc(C)c3)ncc2Br)n[nH]1,3.63,2.1903154761904764,-1.4396845238095235
1877,test,Nc1ncnc2oc(c3cocc3)c(c4occc4)c12,3.1,2.1903154761904764,-0.9096845238095237
3999,test,Oc1ncnc2scc(c3ccccc3)c12,2.07,2.1903154761904764,0.12031547619047656
3377,test,C[C@H]1NC(C)(C)CO[C@]1(O)c2cccc(Cl)c2,1.69,2.1903154761904764,0.5003154761904764
3365,test,COc1ccc(CN2C(=O)NC3=C(C=C(N(CC(=O)NC(C(C)C)C(=O)C(F)(F)F)C3=O)c4ccccc4)C2=O)cc1,2.93,2.1903154761904764,-0.7396845238095238
290,test,COc1cc(OC)c(cc1NC(=O)COC(=O)C)S(=O)(=O)N2C(C)CCc3ccccc23,2.07,2.1903154761904764,0.12031547619047656
1719,test,CC[C@@]1(O)C(=O)OCC2=C1C=C3N(Cc4cc5c(CN(C)C)c(O)ccc5nc34)C2=O,0.31,2.1903154761904764,1.8803154761904763
731,test,CC(C)NC(=O)c1cnc(N2CCC(CC2)N3C(=O)OCc4ccccc34)c(Cl)c1,3.57,2.1903154761904764,-1.3796845238095234
2839,test,C[C@H](CNCCc1ccncc1)c2c([nH]c3ccc(cc23)C(C)(C)C(=O)N4C5CCC4CC5)c6cc(C)cc(C)c6,4.35,2.1903154761904764,-2.1596845238095232
3843,test,OCCN1C(=O)C(Cc2ccccc12)NC(=O)c3cc4cc(Cl)sc4[nH]3,3.05,2.1903154761904764,-0.8596845238095234
1968,test,CCN1C(=O)C2=C(OC(=CC2=O)O)c3ccccc13,1.13,2.1903154761904764,1.0603154761904765
1795,test,O[C@@H]1CNC[C@H]1N2C=Cc3c(NC(=O)Cc4ccc(F)c(c4)C(F)(F)F)cccc3C2=O,1.33,2.1903154761904764,0.8603154761904763
1764,test,Nc1cccc(NC(=O)c2ccc(CNC(=O)OCc3cccnc3)cc2)c1,1.6,2.1903154761904764,0.5903154761904763
3082,test,COc1ncc(cn1)c2cccc3OC[C@H](Cc23)NC(=O)c4ccc(OCC(F)(F)F)nc4,4.3,2.1903154761904764,-2.1096845238095234
322,test,NC1(CCN(CC1)c2ncnc3[nH]ccc23)C(=O)NC(C4CC4)c5ccc(Cl)cc5,3.4,2.1903154761904764,-1.2096845238095235
1564,test,Clc1ccc2NC(=O)CN(C(c3ccccc3)c2c1)C(=O)c4ccccc4,3.31,2.1903154761904764,-1.1196845238095237
3323,test,COc1cccc(c1OC)c2ccc(\C=C\3/SC(=S)N([C@@H](Cc4ccccc4)C(=O)O)C3=O)cn2,1.5,2.1903154761904764,0.6903154761904764
1231,test,COc1cccc(Oc2cncnc2O)c1,0.59,2.1903154761904764,1.6003154761904765
3465,test,CC[C@H](C)C(=O)O[C@H]1C[C@H](O)C=C2C=C[C@H](C)[C@H](CC[C@@H](O)C[C@@H](O)CC(=O)O)[C@@H]12,-0.76,2.1903154761904764,2.950315476190476
2684,test,COc1ccc(NC(=O)c2oc(Nc3ccccc3F)nn2)cn1,3.2,2.1903154761904764,-1.0096845238095238
1093,test,Clc1cccc(NNC(=O)c2cccnc2Cl)c1,1.87,2.1903154761904764,0.3203154761904763
2721,test,CN1CCC(CC1)(C#N)c2cccc3ccccc23,2.73,2.1903154761904764,-0.5396845238095236
997,test,CCN1CCN(CC1)C(=O)c2cc3cc(Cl)ccc3[nH]2,3.14,2.1903154761904764,-0.9496845238095237
1218,test,NC(=O)Nc1cc(sc1C(=O)N[C@H]2CCCNC2)c3ccccc3,1.04,2.1903154761904764,1.1503154761904764
2697,test,Nc1ncnc2c1ncn2Cc3ccccc3,1.53,2.1903154761904764,0.6603154761904764
2620,test,CCOC(=O)[C@H](CCc1ccccc1)N[C@@H](C)C(=O)N2[C@H]3CCC[C@H]3C[C@H]2C(=O)O,-0.41,2.1903154761904764,2.6003154761904765
2360,test,CC(C)(C)NC(=O)Nc1cccc(CN2NC(=O)C3=C(C2=O)C(=O)c4ccc(Cl)cc4N3)c1,1.77,2.1903154761904764,0.4203154761904764
3184,test,CN(C)CC(O)COc1ccc(Nc2nccc(Nc3cccc(Cl)c3)n2)cc1,2.5,2.1903154761904764,-0.3096845238095236
325,test,CN1CCC(CC1)n2cc(c(C)n2)c3cnc(N)c(c3)c4oc5ccccc5n4,3.4,2.1903154761904764,-1.2096845238095235
2948,test,NC1(CCC1)c2ccc(cc2)c3c(ccn4ccnc34)c5ccccc5,2.0,2.1903154761904764,0.1903154761904764
612,test,CN(C1CCN(Cc2nc3CCCCc3s2)CC1)C(=O)Cc4ccc(cc4)n5cnnn5,2.5,2.1903154761904764,-0.3096845238095236
855,test,CN(C)CC(O)COc1ccc(Nc2ncc(Cl)c(Nc3ccccc3)n2)cc1,2.25,2.1903154761904764,-0.059684523809523604
3031,test,Cc1c(Oc2ccc(Cl)cc2)c3cc(F)ccc3n1CC(=O)O,1.26,2.1903154761904764,0.9303154761904764
1336,test,COc1cc2ncnc(Nc3ccncc3)c2cc1OC,2.22,2.1903154761904764,-0.0296845238095238
2480,test,Clc1ccc(cc1)C(=O)N[C@H]2CN3CCC2CC3,0.6,2.1903154761904764,1.5903154761904763
3574,test,CCCCc1nc2c(N)nc3ccccc3c2n1CC(C)(C)O,2.37,2.1903154761904764,-0.1796845238095237
3003,test,Cc1cc(nc(n1)n2ccnc2)N3CCC[C@@H]3C(=O)NCCc4ccc5OCOc5c4,2.5,2.1903154761904764,-0.3096845238095236
1365,test,C[C@@H](N(CC1CCS(=O)(=O)CC1)C(=O)Cc2ccc(c(F)c2)C(F)(F)F)C3=Nc4ncccc4C(=O)N3c5ccc(Cl)cc5,2.9,2.1903154761904764,-0.7096845238095235
2766,test,Cn1ccc2c(cccc12)c3nc(CS(=O)(=O)C)cc(n3)N4CCOCC4,2.0,2.1903154761904764,0.1903154761904764
1635,test,Cc1nc(nc(N2CCCC2)c1Cl)c3ccccn3,3.2,2.1903154761904764,-1.0096845238095238
259,test,NC1(CCC1)c2ccc(cc2)c3nn4cccc4cc3c5ccccc5,3.3,2.1903154761904764,-1.1096845238095234
3579,test,CCOC(=O)c1cc(O)c(nn1)c2ccccc2,0.69,2.1903154761904764,1.5003154761904764
622,test,CN1C(=O)N(CC2CC2)c3nn(Cc4ccnc5ccc(Cl)cc45)c(c3C1=O)c6ncnn6C,3.8,2.1903154761904764,-1.6096845238095234
441,test,COc1ccc(cc1)C2=C(C)c3ccc(OC)cc3OC2=O,3.31,2.1903154761904764,-1.1196845238095237
2843,test,C(Oc1cccc2ccccc12)C3=NCCN3,0.68,2.1903154761904764,1.5103154761904762
281,test,CC(=O)Nc1ccc2c(c1)c(Sc3ccc(Cl)cc3)c(C)n2CC(=O)O,0.2,2.1903154761904764,1.9903154761904764
407,test,O[C@H](CNC(=O)N1C(=O)Nc2ccccc12)CN3CCC(CC3)Oc4ccc(Cl)c(Cl)c4,4.46,2.1903154761904764,-2.2696845238095236
3259,test,Nc1ccc2nc(sc2c1)c3ccc(O)cc3,3.1,2.1903154761904764,-0.9096845238095237
442,test,CC[C@H]1OC(=O)[C@H](C)[C@@H](O[C@H]2C[C@@](C)(OC)[C@@H](O)[C@H](C)O2)[C@H](C)[C@@H](O[C@@H]3O[C@H](C)C[C@@H]([C@H]3O)N(C)C)[C@](C)(O)C[C@@H](C)\C(=N/OCOCCOC)\[C@H](C)[C@@H](O)[C@]1(C)O,1.8,2.1903154761904764,0.39031547619047635
2682,test,CN1C[C@H](c2ccccc2)c3cccc(N)c3C1,2.11,2.1903154761904764,0.08031547619047652
2605,test,CCS(=O)(=O)Nc1cccc2c1c(Oc3ccc(Cl)cc3)c(C)n2CC(=O)O,-0.29,2.1903154761904764,2.4803154761904764
2947,test,Nc1cc(nc(N)[n+]1[O-])N2CCCCC2,0.77,2.1903154761904764,1.4203154761904764
3978,test,CN1CCC(=C2c3ccccc3C=Cc4ccccc24)CC1,3.06,2.1903154761904764,-0.8696845238095237
2507,test,Oc1c2ncc3ccccc3c2nn1c4ccccc4,0.8,2.1903154761904764,1.3903154761904764
2140,test,CN1CCN(CC1)c2ccc3N=CN(C(=O)c3c2)c4cc(NC(=O)c5oncc5)ccc4C,1.75,2.1903154761904764,0.4403154761904764
1434,test,CCCSc1nc2ccc(NC(=O)CCNC(=O)N)cc2s1,2.9,2.1903154761904764,-0.7096845238095235
1675,test,CCCCCCCN(CC)CCCC(O)c1ccc(NS(=O)(=O)C)cc1,1.2,2.1903154761904764,0.9903154761904764
1731,test,CC(C)(C(=O)c1cccnc1)c2cccnc2,1.45,2.1903154761904764,0.7403154761904764
2622,test,CN(C)c1cccc(c1)C(=O)Nc2ccc(C)c(NC(=O)c3ccc(OCc4ccccn4)cc3)c2,2.83,2.1903154761904764,-0.6396845238095237
3025,test,CC(=O)Nc1cccc2c1c(c(C)n2CC(=O)O)S(=O)(=O)c3ccc(Cl)cc3,0.4,2.1903154761904764,1.7903154761904765
73,test,C[C@H](NC(=O)c1cccnc1Oc2ccccc2)c3ccccc3,2.91,2.1903154761904764,-0.7196845238095237
2551,test,CCN(c1ccnc(Nc2cc(cc(c2)N3CCOCC3)N4CCOCC4)n1)c5cc(CO)ccc5C,3.8,2.1903154761904764,-1.6096845238095234
4022,test,Fc1ccccc1Nc2oc(nn2)C(=O)Nc3ccc(Oc4cccnc4)nc3,3.1,2.1903154761904764,-0.9096845238095237
686,test,COc1c(N2CCO[C@@H](CN(C)C)C2)c(F)cc3C(=O)C(=CN(C4CC4)c13)C(=O)O,-0.62,2.1903154761904764,2.8103154761904765
2523,test,CN1N=Nc2c(ncn2C1=O)C(=O)N,-1.08,2.1903154761904764,3.2703154761904765
1554,test,O=S(=O)(C1CCNCC1)C2(CC2)c3cc(nc(n3)c4cccc5[nH]ccc45)N6CCOCC6,1.1,2.1903154761904764,1.0903154761904763
931,test,Oc1ccc(Nc2nc(cs2)c3ccc(cc3)C#N)cc1,4.1,2.1903154761904764,-1.9096845238095232
4025,test,CC(=O)Nc1ccc(CNc2[nH]nc3cccc(Oc4ccc(cc4)S(=O)(=O)C)c23)cc1,2.63,2.1903154761904764,-0.4396845238095235
557,test,CCCSc1nc(NC[C@@H]2CC[C@H](CC2)C(=O)O)ccc1C(=O)NC3CCCCC3,2.61,2.1903154761904764,-0.4196845238095235
1838,test,COc1ccc2nccc([C@@H](O)[C@@H]3C[C@H]4CCN3C[C@@H]4C=C)c2c1,2.26,2.1903154761904764,-0.06968452380952339
2706,test,COCCNc1nc(N)c2nc(O)n(Cc3ccccc3)c2n1,2.18,2.1903154761904764,0.010315476190476236
1154,test,OC(=O)c1ccc2c(c1)nc(Nc3cccc(Cl)c3)c4ccncc24,1.29,2.1903154761904764,0.9003154761904764
3429,test,NC(=O)c1cccc(OC2CCN(Cc3ccccc3)CC2)c1,1.92,2.1903154761904764,0.27031547619047647
2610,test,CN(C1CCN(Cc2ccc(cc2)c3noc(C)n3)CC1)C(=O)Cc4ccc(cc4)n5cnnn5,2.1,2.1903154761904764,0.09031547619047631
2657,test,Cc1ccc2c(N)c(C#N)sc2n1,2.23,2.1903154761904764,-0.039684523809523586
197,test,Fc1ccc(cc1)S(=O)(=O)NC(=O)N2CCC(CC2)N3CCC(CC3)Oc4ccc(Cl)c(Cl)c4,1.79,2.1903154761904764,0.40031547619047636
3287,test,CNc1cccc(CCOc2ccc(C[C@H](NC(=O)c3c(Cl)cccc3Cl)C(=O)O)cc2)n1,-0.15,2.1903154761904764,2.3403154761904763
750,test,CC1=CN([C@H]2CCCN(Cc3ccc(C(=O)O)c(Oc4cccc(Br)c4)c3)C2)C(=O)NC1=O,-0.51,2.1903154761904764,2.700315476190476
1112,test,COc1cc2ncnc(Nc3cc(NC(=O)c4cccc(c4)N(C)C)ccc3Cl)c2cc1OC,4.26,2.1903154761904764,-2.0696845238095234
17,test,CCC(COC(=O)c1cc(OC)c(OC)c(OC)c1)(N(C)C)c2ccccc2,3.77,2.1903154761904764,-1.5796845238095236
2563,test,OCCN1C=Cc2c(NC(=O)Cc3ccc(Cl)c(c3)C(F)(F)F)cccc2C1=O,3.36,2.1903154761904764,-1.1696845238095235
481,test,CN(C)c1cccc2c(cccc12)S(=O)(=O)Nc3cnccn3,0.9,2.1903154761904764,1.2903154761904765
575,test,Cc1cc(COc2cnc(nc2)N3CCN(CC3)C(=O)OC(C)(C)C)ccn1,3.7,2.1903154761904764,-1.5096845238095238
2519,test,CNc1ccc(cc1)c2nc3ccc(O)cc3s2,3.5,2.1903154761904764,-1.3096845238095236
3512,test,OC(c1ccccc1)c2cccnc2,1.72,2.1903154761904764,0.4703154761904764
1230,test,Cc1onc(c1)[C@H](O)[C@](C)(OCc2ccc(cc2)c3ccccc3)C(=O)NO,2.88,2.1903154761904764,-0.6896845238095235
3753,test,c1cnc2cccnc2c1,0.89,2.1903154761904764,1.3003154761904763
1783,test,O=C1CCOc2nc(COc3ccccc3)ccc12,2.3,2.1903154761904764,-0.10968452380952343
3329,test,CSc1nc(N)nc(n1)c2ccccc2,2.98,2.1903154761904764,-0.7896845238095236
763,test,CC(=O)c1ccc2NC(=CC(=O)c2c1)c3cccnc3,1.41,2.1903154761904764,0.7803154761904765
1452,test,C(Cc1nc2ccccc2[nH]1)c3nc4ccccc4[nH]3,3.3,2.1903154761904764,-1.1096845238095234
2829,test,ONC(=O)CN1C(=O)C(Cc2ccccc12)NC(=O)c3cc4cc(Cl)sc4[nH]3,2.4,2.1903154761904764,-0.20968452380952352
135,test,Cc1ncc(nc1c2ccc(cc2)[C@@H]3CC[C@H](CC3)C(=O)O)C(=O)N,0.22,2.1903154761904764,1.9703154761904764
1521,test,FC(F)(F)c1nnc2ccc(nn12)n3ccnc3,0.91,2.1903154761904764,1.2803154761904763
635,test,FC(F)Oc1ccc(cc1OCC2CC2)C(=O)Nc3c(Cl)cncc3Cl,3.95,2.1903154761904764,-1.7596845238095238
1514,test,CCCCCC\N=C\1/C=CN(Cc2ccccc2)c3cc(Cl)ccc13,0.98,2.1903154761904764,1.2103154761904764
3737,test,CC[C@H](CO)Nc1nc(NCc2ccccc2)c3ncn(C(C)C)c3n1,3.63,2.1903154761904764,-1.4396845238095235
460,test,Cc1cccc(c1)S(=O)(=O)NC(=O)N2CCC(CC2)N3CCC(CC3)Oc4ccc(Cl)c(Cl)c4,1.84,2.1903154761904764,0.3503154761904763
3148,test,C1CCC(CC1)NC2CCCCC2,-0.38,2.1903154761904764,2.5703154761904763
1994,test,OC(=O)c1ccc(CN2CCC(CN3CCC(CC3)Oc4ccc(Cl)c(Cl)c4)CC2)cc1,1.1,2.1903154761904764,1.0903154761904763
3959,test,COc1cc2ncc(C(=O)N)c(Nc3ccc(C)cc3F)c2cc1OC,3.34,2.1903154761904764,-1.1496845238095235
552,test,NC(=O)C1=CN(Cc2ccc(F)c(F)c2)C(=O)C=C1,1.37,2.1903154761904764,0.8203154761904763
4129,test,CCCCC(N1NC(=O)c2nc3cc(Cl)ccc3c(O)c2C1=O)c4ccncc4,1.4,2.1903154761904764,0.7903154761904765
4134,test,C[C@@H]1CC[C@H](CC1)Oc2nc(N)c3ncn([C@@H]4O[C@H](C)[C@@H](O)[C@H]4O)c3n2,2.35,2.1903154761904764,-0.1596845238095237
3137,test,CCC(N1NC(=O)C2=C(C1=O)C(=O)c3ccc(Cl)cc3N2)c4ccncc4,0.6,2.1903154761904764,1.5903154761904763
4157,test,Cc1ccc(Oc2ccc(Nc3ncnc4[nH]nc(OCCN5CCC(O)CC5)c34)cc2Cl)cn1,3.4,2.1903154761904764,-1.2096845238095235
3278,test,CS(=O)(=O)Cc1cc(nc(n1)c2ccccc2)N3CCOCC3,1.94,2.1903154761904764,0.25031547619047645
2056,test,COc1cc2ncnc(Nc3cccc(Cl)c3F)c2cc1CN4CCC[C@@H]4C(=O)N,3.58,2.1903154761904764,-1.3896845238095237
77,test,C[C@H](Nc1ncc(F)c(Nc2cc([nH]n2)C3CC3)n1)c4ncc(F)cn4,2.47,2.1903154761904764,-0.2796845238095238
3565,test,Nc1nc2cc3CCN(Cc4ccccc4)CCc3cc2s1,2.66,2.1903154761904764,-0.46968452380952375
2106,test,OCC(CO)NC(=O)CN1C(=O)C(Cc2ccccc12)NC(=O)c3cc4cc(Cl)sc4[nH]3,2.61,2.1903154761904764,-0.4196845238095235
3007,test,CC(C)CN1C(=O)N(C)C(=O)c2c1sc(Cc3cncc4ccccc34)c2C(=O)N5CC[C@@H](O)C5,1.74,2.1903154761904764,0.4503154761904764
2810,test,Fc1ccc(cc1)S(=O)(=O)Cc2cc(nc(n2)c3ccccn3)N4CCOCC4,1.59,2.1903154761904764,0.6003154761904763
2932,test,Cc1cccc(NC(=O)c2ccc(c3ccccc3)c(c2)C#N)n1,3.71,2.1903154761904764,-1.5196845238095236
3544,test,CN1CCC(CC1)NC(=O)c2ccc(Oc3ccc(cc3)C#C[C@]4(O)CN5CCC4CC5)cc2,1.0,2.1903154761904764,1.1903154761904764
424,test,O=C(N1CCCCC1)c2scc3CCCCc23,3.16,2.1903154761904764,-0.9696845238095237
1401,test,CC[C@H](NC(=O)c1c([S+]([O-])CC)c(nc2ccccc12)c3ccccc3)c4ccccc4,3.45,2.1903154761904764,-1.2596845238095238
2528,test,CCN(CC)C(=O)Cc1csc(NS(=O)(=O)c2cccc(Cl)c2C)n1,1.67,2.1903154761904764,0.5203154761904765
2544,test,Oc1c2C(=O)N(NC(=O)c2nc3cc(Cl)ccc13)C(C4CC4)c5ccccn5,1.0,2.1903154761904764,1.1903154761904764
3703,test,OC(=O)[C@H](Cc1ccc(cc1)C#N)N2CCC(CN3CCC(CC3)Oc4ccc(Cl)c(Cl)c4)CC2,2.17,2.1903154761904764,0.020315476190476467
4004,test,CCCc1c(cnn1c2ccccc2)C(=O)Nc3ccc(F)cc3C,3.89,2.1903154761904764,-1.6996845238095237
340,test,COC(=O)CCCC(=O)Nc1ccc2C(=O)C(=O)c3ccccc3c2c1,2.96,2.1903154761904764,-0.7696845238095236
1343,test,O=C(Nc1cc(nn1c2ccccc2)c3ccccc3)c4cccc(c4)C#N,3.82,2.1903154761904764,-1.6296845238095234
1388,test,O=C(N1CCNCC1)c2cc3ccccc3[nH]2,0.6,2.1903154761904764,1.5903154761904763
412,test,CC(C)C(NC(=O)CN1C(=O)C(=CC=C1c2ccccc2)NC(=O)CN3CCOCC3)C(=O)C(F)(F)F,2.0,2.1903154761904764,0.1903154761904764
3213,test,C[C@H](CO)Nc1nc(SCc2ccccc2)nc3nc(N)sc13,3.12,2.1903154761904764,-0.9296845238095237
1990,test,C(Nc1nc2ccccc2[nH]1)c3ccccc3,2.76,2.1903154761904764,-0.5696845238095234
88,test,COc1cc(Nc2nc(N[C@@H](C)c3ncc(F)cn3)ncc2Br)n[nH]1,2.6,2.1903154761904764,-0.4096845238095237
998,test,COc1cccc2c1c(NS(=O)(=O)c3ccc(Cl)s3)nn2Cc4cccc(CNC(=O)[C@@H]5COCCN5)c4,1.61,2.1903154761904764,0.5803154761904763
3719,test,CN[C@@H](C)C(=O)N[C@H](C(=O)N[C@H]1CCCN(CCc2cccc(OC)c2)C1)C(C)(C)C,1.47,2.1903154761904764,0.7203154761904764
819,test,O=S(=O)(Cc1cc(nc(n1)c2ccccn2)N3CCOCC3)c4ccccc4,1.34,2.1903154761904764,0.8503154761904763
323,test,O[C@H](CNC(=O)c1n[nH]c2ccccc12)CN3CCC(CC3)Oc4ccc(Cl)c(Cl)c4,2.95,2.1903154761904764,-0.7596845238095238
1996,test,FC1(CCN(CC1)C(=O)COCc2ccncc2)c3ccc(Cl)cc3,3.03,2.1903154761904764,-0.8396845238095234
3956,test,OC(C(=O)c1ccccc1)c2ccccc2,2.13,2.1903154761904764,0.0603154761904765
321,test,CON(C)C(=O)c1c(Cn2c(C)nc(Cl)c2Cl)sc3N(CC(C)C)C(=O)N(C)C(=O)c13,2.23,2.1903154761904764,-0.039684523809523586
2108,test,Brc1cccc2c3CN(CCc3[nH]c12)C(=O)[C@@H]4CCCC[C@H]4C(=O)NC5(CC5)C#N,3.12,2.1903154761904764,-0.9296845238095237
1510,test,NC(=O)c1ccn2c(c3ccccc3)c(nc2c1)c4ccc(cc4)C5(N)CCC5,2.0,2.1903154761904764,0.1903154761904764
3933,test,Nc1ncc(cc1c2oc3ccccc3n2)c4cnn(c4)C5CCOCC5,4.0,2.1903154761904764,-1.8096845238095236
836,test,Cc1c(Cl)ccc(OC2CCN(C[C@H](O)CNC(=O)c3c[nH]nc3C(F)(F)F)CC2)c1Cl,3.66,2.1903154761904764,-1.4696845238095237
979,test,COc1cc(cc(OC)c1OC)C(=O)c2cc(Cl)ccc2N,3.38,2.1903154761904764,-1.1896845238095235
3997,test,COc1nc(Br)cnc1NS(=O)(=O)c2ccc(Cl)s2,0.99,2.1903154761904764,1.2003154761904764
1443,test,CNc1cccc(CCOc2ccc(C[C@H](NC(=O)c3c(Cl)cccc3Cl)C(=O)O)cc2F)n1,-0.05,2.1903154761904764,2.240315476190476
3505,test,CC(NC(=O)C1(N)CCN(CC1)c2ncnc3[nH]ccc23)c4ccc(cc4)S(=O)(=O)C,1.0,2.1903154761904764,1.1903154761904764
3373,test,Cc1c(Sc2ccc(Cl)cc2)c3c(cccc3n1CC(=O)O)S(=O)(=O)C,0.58,2.1903154761904764,1.6103154761904763
4189,test,CCC(N1NC(=O)c2nc3cc(Cl)ccc3c(O)c2C1=O)c4ccccn4,0.8,2.1903154761904764,1.3903154761904764
3387,test,CN[C@@H](C)C(=O)N[C@@H](C1CCCCC1)C(=O)N[C@H]2CCCCN(Cc3ccccc3)C2,2.12,2.1903154761904764,0.07031547619047629
271,test,Cc1cc(C(=O)CN2C=C(C=CC2=O)C(F)(F)F)c(C)n1Cc3ccccc3,3.46,2.1903154761904764,-1.2696845238095236
1133,test,C[C@@H]1CCCN1CCc2oc3ccc(cc3c2)c4ccc(cc4)C#N,3.51,2.1903154761904764,-1.3196845238095234
1669,test,CC1=C(CCN2CCC(CC2)c3noc4cc(F)ccc34)C(=O)N5CCCCC5=N1,2.05,2.1903154761904764,0.14031547619047657
4112,test,CCN(C1CCN(CCC(c2ccccc2)c3ccccc3)CC1)C(=O)NCc4ccc(F)cc4,3.9,2.1903154761904764,-1.7096845238095235
2541,test,COC(=O)COc1ccc(OCCNCC(O)COc2ccccc2)cc1,1.54,2.1903154761904764,0.6503154761904764
2863,test,Fc1ccc(cc1)C(COCc2cc(cc(c2)C(F)(F)F)C(F)(F)F)N3CCNCC3,3.0,2.1903154761904764,-0.8096845238095236
2241,test,CCCc1nc2c(N)nc3ccccc3c2s1,4.09,2.1903154761904764,-1.8996845238095235
3700,test,CN[C@@H](C)C(=O)N[C@H]1CN(CC[C@H]2CC[C@H](N2C1=O)C(=O)NC(c3ccccc3)c4ccccc4)C(=O)CC(C)C,1.82,2.1903154761904764,0.37031547619047633
867,test,O[C@]1(CN2CCC1CC2)C#Cc3ccc(Oc4ccc(cc4)C(=O)NCc5ccnc6ccccc56)cc3,3.88,2.1903154761904764,-1.6896845238095235
3914,test,CN(C1CCN(CCC(c2ccccc2)c3ccccc3)CC1)C(=O)Cc4ccc(O)cc4,3.3,2.1903154761904764,-1.1096845238095234
1902,test,NS(=O)(=O)c1cc(C(=O)O)c(NCc2occc2)cc1Cl,-0.9,2.1903154761904764,3.0903154761904763
4029,test,COCCC(NC(=O)C1(N)CCN(CC1)c2ncnc3[nH]ccc23)c4ccc(Cl)cc4,2.95,2.1903154761904764,-0.7596845238095238
2854,test,CO[C@H]1CN(Cc2ccc(cc2)C(F)(F)F)CC[C@H]1N(C)C(=O)Cc3ccc(cc3)n4cnnn4,3.0,2.1903154761904764,-0.8096845238095236
2587,test,Nc1cc(ncn1)c2ccccc2,1.91,2.1903154761904764,0.2803154761904765
438,test,Oc1cc(O)c2C(=O)C(=COc2c1)c3ccc(O)c(O)c3,2.45,2.1903154761904764,-0.2596845238095238
1222,test,COC[C@H](C)Oc1cc(Oc2ccccc2)cc(c1)C(=O)Nc3ccc(cn3)C(=O)O,0.95,2.1903154761904764,1.2403154761904764
2937,test,CCC[C@H](CO)Nc1nc(SCc2ccccc2)nc3nc(N)sc13,3.8,2.1903154761904764,-1.6096845238095234
1038,test,Fc1ccccc1COc2cc(OCCCN3CCCC3)ccc2C(=O)Nc4ccccc4,3.85,2.1903154761904764,-1.6596845238095237
1111,test,FC(F)(F)c1cc(COCC(N2CCNCC2)c3cccc(Cl)c3)cc(c1)C(F)(F)F,4.2,2.1903154761904764,-2.009684523809524
262,test,COc1ccnc(CCc2nc3cccnc3[nH]2)c1,1.69,2.1903154761904764,0.5003154761904764
1246,test,CS(=O)(=O)n1c2ccccc2c3cc(NC(=O)CCc4ccncc4)ccc13,3.4,2.1903154761904764,-1.2096845238095235
3064,test,OCCN(C(=O)CNC(=O)c1cc2cc(Cl)ccc2[nH]1)c3ccccc3,3.37,2.1903154761904764,-1.1796845238095237
3331,test,CC1=C(C(=O)c2ccc(O)cc2O1)c3ccccc3,2.95,2.1903154761904764,-0.7596845238095238
4099,test,CN(C)CCC[C@]1(OCc2cc(ccc12)C#N)c3ccc(F)cc3,1.48,2.1903154761904764,0.7103154761904764
1513,test,CN([C@@H]1CCN(Cc2ccc(cn2)C(F)(F)F)C[C@@H]1F)C(=O)Cc3ccc(cc3)n4cnnn4,2.1,2.1903154761904764,0.09031547619047631
3687,test,c1ccc(cc1)c2cn3ccccc3n2,2.9,2.1903154761904764,-0.7096845238095235
2521,test,Clc1ccc(cc1)C(=O)\C=C\Sc2nc[nH]n2,3.1,2.1903154761904764,-0.9096845238095237
2709,test,C[C@H](CO)Nc1nc(SCc2cccc(F)c2F)nc3NC(=O)C=Cc13,3.36,2.1903154761904764,-1.1696845238095235
342,test,CCN(CC)S(=O)(=O)c1ccc(cc1)c2oc(SCC(=O)N3CCc4ccccc34)nn2,3.9,2.1903154761904764,-1.7096845238095235
2011,test,CSc1ccc(OCc2ccccc2)c(\C=C\c3ccc(cn3)C(=O)O)c1,2.45,2.1903154761904764,-0.2596845238095238
1537,test,Cc1ccc(Oc2ccnc(Nc3ccc(cc3)S(=O)(=O)N)c2)c(C)n1,2.47,2.1903154761904764,-0.2796845238095238
3537,test,COc1ccnc(NC2CCN(CC2)C(=O)c3ccc(cc3)C#N)c1,1.73,2.1903154761904764,0.4603154761904764
1329,test,Cc1ccc(cc1c2ccc(nc2)C(=O)NCC3CC3)C(=O)NC4CC4,3.36,2.1903154761904764,-1.1696845238095235
2004,test,Cc1cc(C)cc(c1)c2[nH]c3ccc(cc3c2CCNCCCCc4ccncc4)C(C)(C)C(=O)N5C6CCC5CC6,4.3,2.1903154761904764,-2.1096845238095234
695,test,C[C@@H](O)[C@@H]1[C@H]2[C@@H](C)C(=C(N2C1=O)C(=O)OCOC(=O)C(C)(C)C)SC3CN(C3)C4=NCCS4,2.1,2.1903154761904764,0.09031547619047631
1381,test,CC(COc1ccccc1)NC(C)C(O)c2ccc(O)cc2,0.56,2.1903154761904764,1.6303154761904763
3258,test,O=C(NCC#N)[C@@H]1CCCC[C@H]1C(=O)N2CCN(CC2)c3ccc(cc3)C#N,1.79,2.1903154761904764,0.40031547619047636
555,test,COc1cc2c(Nc3ncc(CC(=O)Nc4cccc(F)c4)s3)ncnc2cc1OCCCN5CCC(CO)CC5,2.89,2.1903154761904764,-0.6996845238095237
1153,test,COc1cc(OC)c(cc1NC(=O)Cc2ccnc(F)c2)S(=O)(=O)N3c4ccccc4Oc5ccccc35,3.37,2.1903154761904764,-1.1796845238095237
950,test,COc1ccc(cn1)c2ccc3nc(N)sc3c2,3.2,2.1903154761904764,-1.0096845238095238
4043,test,O[C@H](C[C@H](O)\C=C\c1c(nc2ccccc2c1c3ccc(F)cc3)C4CC4)CC(=O)O,0.91,2.1903154761904764,1.2803154761904763
3316,test,CCNC(=O)c1cc2c(c(cnc2[nH]1)c3cc(cnc3OC)C4=NNC(=O)O4)n5ccc(n5)C(F)(F)F,2.91,2.1903154761904764,-0.7196845238095237
255,test,CS(=O)(=O)c1ccc(cc1)c2cnc(N)c(c2)c3ccc(nc3)C(F)(F)F,2.4,2.1903154761904764,-0.20968452380952352
390,test,Nc1[nH]ncc1c2cc(Cl)ccc2Oc3cc(F)c(cc3Cl)S(=O)(=O)Nc4cscn4,2.3,2.1903154761904764,-0.10968452380952343
2768,test,CN[C@@H](C)C(=O)N[C@H](C(=O)N[C@H]1CCCN(CCc2ccc(Br)cc2)C1)C(C)(C)C,2.92,2.1903154761904764,-0.7296845238095235
3226,test,C[C@@H](Oc1cccc2ncnc(Nc3ccc(Oc4ccc(C)nc4)c(C)c3)c12)C(=O)N(C)CCO,3.85,2.1903154761904764,-1.6596845238095237
371,test,Oc1ccc(cc1)C2=CC(=O)c3ccc(O)cc3O2,3.2,2.1903154761904764,-1.0096845238095238
1389,test,N#CCc1c[nH]c2ccc(OCc3ccccc3)cc12,3.71,2.1903154761904764,-1.5196845238095236
4177,test,Cc1ccnc2nc(nn12)C(=O)Nc3nccs3,0.31,2.1903154761904764,1.8803154761904763
1789,test,CCN(C1CCN(CC[C@H](c2ccc(cc2)S(=O)(=O)C)c3cccc(Cl)c3)CC1)C(=O)Cc4ccc(cc4)S(=O)(=O)C,2.37,2.1903154761904764,-0.1796845238095237
3862,test,CCNC(=O)c1ccc(CN2CCC(CC2)c3ccc(cc3)C(=O)Nc4ccccc4N)cc1,2.24,2.1903154761904764,-0.04968452380952382
1418,test,CCN(C1CCN(CC[C@H](c2ccc(cc2)S(=O)(=O)C)c3cc(F)c(F)c(F)c3)CC1)C(=O)Cc4ccc(cc4)S(=O)(=O)C,2.55,2.1903154761904764,-0.3596845238095234
826,test,CCCSc1ncccc1C(=O)N(C)[C@@H]2[C@@H]3CC4C[C@H]2C[C@@](O)(C4)C3,2.49,2.1903154761904764,-0.2996845238095238
1442,test,Nc1nnc(CCSCCc2nnc(N)s2)s1,-0.1,2.1903154761904764,2.2903154761904765
2624,test,CCN1CCN(Cc2cnc(c(Cl)c2)c3ccc(cc3)C(=O)Nc4ccccc4N)CC1,1.81,2.1903154761904764,0.38031547619047634
837,test,NC1(CCC1)c2ccc(cc2)c3c(ncc4nccn34)c5ccccc5,1.7,2.1903154761904764,0.49031547619047644
3971,test,CN1C2CCC1CC(C2)OC(=O)C(CO)c3ccccc3,-0.09,2.1903154761904764,2.2803154761904763
1704,test,COC[C@H](N1CCN(C[C@@H]1C)C2(C)CCN(CC2)C(=O)c3c(C)ncnc3C)c4ccc(cc4)C(F)(F)F,2.7,2.1903154761904764,-0.5096845238095238
588,test,CC(=O)Nc1ccc2ccn(c3cc(NCCCCO)n4ncc(C#N)c4n3)c2c1,2.58,2.1903154761904764,-0.3896845238095237
2338,test,CN(C1CCN(CCC(c2ccccc2)c3ccccc3)CC1)C(=O)c4ccncc4,2.8,2.1903154761904764,-0.6096845238095234
3702,test,COc1ccc(cc1)c2nc3CCCn3c2Br,3.3,2.1903154761904764,-1.1096845238095234
3937,test,CCCNC(=O)c1nnc2c(c(F)ccc2c1N)c3ncccn3,2.07,2.1903154761904764,0.12031547619047656
1382,test,CN(C1CCN(Cc2ccc(cc2)C(F)(F)F)CC1)C(=O)Cc3ccc(NC(=O)C)cc3,2.9,2.1903154761904764,-0.7096845238095235
3252,test,CCC(N(CCCN)C(=O)c1ccc(C)cc1)C2=Nc3ncccc3C(=O)N2Cc4ccccc4,-0.04,2.1903154761904764,2.2303154761904764
2428,test,Cc1ccc(cc1c2cc(ccc2OCC(=O)O)C(F)(F)F)C#N,0.15,2.1903154761904764,2.0403154761904765
1897,test,c1ccc2[nH]ncc2c1,1.9,2.1903154761904764,0.2903154761904765
1159,test,O[C@H](CNC(=O)C1=CNC(=O)c2c(F)cccc12)CN3CCC(CC3)Oc4ccc(Cl)c(Cl)c4,3.15,2.1903154761904764,-0.9596845238095235
4197,test,COc1cccc2[nH]ncc12,2.1,2.1903154761904764,0.09031547619047631
39,test,CNC(=O)C1(CCN(CC[C@H](CN(C)C(=O)c2c(OC)c(cc3ccccc23)C#N)c4ccc(Cl)c(Cl)c4)CC1)N5CCCCC5=O,2.78,2.1903154761904764,-0.5896845238095234
2050,test,COc1cnc(nc1N(C)c2ccccc2)c3ccccn3,2.79,2.1903154761904764,-0.5996845238095236
1847,test,Cc1cc(NC(=O)c2ccccc2)n[nH]1,1.75,2.1903154761904764,0.4403154761904764
1092,test,COc1cc(Nc2nc(N[C@@H](C)c3ncc(F)cn3)nc(N4CCOCC4)c2Cl)n[nH]1,2.85,2.1903154761904764,-0.6596845238095237
3325,test,Nc1cccc(C(=O)NCC23CC4CC(CC(C4)C2)C3)c1Cl,3.29,2.1903154761904764,-1.0996845238095236
2894,test,CN(C)c1ccnc2sc(C(=O)N)c(N)c12,1.7,2.1903154761904764,0.49031547619047644
1363,test,CN(C)CCOC(c1ccccc1)c2ccccc2C,1.47,2.1903154761904764,0.7203154761904764
3481,test,COc1cc(ccc1Cn2ncc3ccc(NC(=O)CC4CCCC4)cc23)C(=O)NS(=O)(=O)c5ccccc5,1.6,2.1903154761904764,0.5903154761904763
111,test,COc1cc(OC)c(cc1NC(=O)CCC(=O)O)S(=O)(=O)N(c2ccc(C)cc2)c3ccc(C)cc3,0.06,2.1903154761904764,2.1303154761904763
942,test,O=C1NC=Nc2scc(c3cccs3)c12,2.18,2.1903154761904764,0.010315476190476236
4169,test,CCC(CC)NC(=O)c1cnn(Cc2ccccc2)c1NS(=O)(=O)c3ccc(C)cc3,1.52,2.1903154761904764,0.6703154761904764
4143,test,Cc1ccc(cc1)c2c[nH]nn2,2.58,2.1903154761904764,-0.3896845238095237
96,test,CCN(CC)CCCCNc1ncc2CN(C(=O)N(Cc3cccc(NC(=O)C=C)c3)c2n1)c4c(Cl)c(OC)cc(OC)c4Cl,2.04,2.1903154761904764,0.15031547619047636
1593,test,O=C1C2=Nc3ccccc3CN2c4ccccc14,2.71,2.1903154761904764,-0.5196845238095236
4060,test,CN(C)CCCOc1nccc(Nc2cc(NC(=O)c3ccnc(c3)N4CCOCC4)ccc2C)n1,1.3,2.1903154761904764,0.8903154761904764
1346,test,COc1ccnc(NC2CCN(CC2)C(=O)c3ccccc3)c1,2.06,2.1903154761904764,0.13031547619047634
3454,test,Cc1ccc(cc1)S(=O)(=O)NC(=O)NN2CCCCCC2,0.01,2.1903154761904764,2.1803154761904766
3582,test,Nc1nc(O)cc(n1)c2ccc(O)cc2,1.05,2.1903154761904764,1.1403154761904764
