row,partition,smiles,actual,predicted,residual
805,train,OCCc1cccc(NC(=O)c2cc3cc(Cl)ccc3[nH]2)c1,3.83,3.9497643724824165,0.11976437248241645
2572,train,COc1cc2ncnc(Nc3cc(Cl)ccc3F)c2cc1OCCCN4CCOCC4,3.4,3.1283819212975534,-0.2716180787024465
2762,train,CN[C@H]1CCN(C1)C(=O)c2ccc(Nc3nccc(n3)c4cnc(C)n4C(C)C)cc2,1.22,1.4351259389894035,0.21512593898940358
2829,train,ONC(=O)CN1C(=O)C(Cc2ccccc12)NC(=O)c3cc4cc(Cl)sc4[nH]3,2.4,2.7304702068753324,0.33047020687533246
2187,train,OC(=O)COc1ccc(Cl)cc1CN2CCN(CC2)S(=O)(=O)c3ccccc3,0.49,0.6484220932226652,0.1584220932226652
3308,train,CC1=CC2=NNC(=O)N2c3cc(ccc13)c4ccc(CO)cc4,2.86,2.89430683843399,0.03430683843399018
2046,train,CCCc1c(O)c(O)c(C(=O)O)c2cc(Cc3ccccc3)c(C)cc12,2.6,2.5267951586896227,-0.07320484131037741
1144,train,CC(N1NC(=O)C2=C(C1=O)C(=O)c3ccc(Cl)cc3N2)c4ccsc4,0.9,1.0303162004292603,0.1303162004292603
2514,train,Clc1ccc(OC2CCN(CC2)C3CCN(CC3)C(=O)NS(=O)(=O)c4ccccc4)cc1Cl,1.5,1.4048422988553042,-0.0951577011446958
4059,train,CN(C)C(=O)C(CCN1CCC(O)(CC1)c2ccc(Cl)cc2)(c3ccccc3)c4ccccc4,3.47,2.9561579173218657,-0.5138420826781345
1895,train,C[C@H](NC(=O)c1c(C)nn(C2CCN(CC(F)(F)F)CC2)c1NS(=O)(=O)c3ccc(C)cc3)C(C)(C)C,1.08,1.027397960611235,-0.052602039388765176
1937,train,OC(CN1CCOCC1)c2ccccc2,1.0,0.9172075360849328,-0.08279246391506723
3819,train,Oc1ccc2C(=O)N(C(=O)c2c1)c3ccccc3,2.3,2.1644842720789805,-0.1355157279210193
965,train,Cc1ccc(cc1)C(=O)N2CCC(CC2)C(=O)c3ccc(Cl)cc3,3.79,3.8720252466626595,0.08202524666265942
501,train,Cc1c(Sc2ccc(Cl)cc2)c3cc(Cl)ccc3n1CC(=O)O,2.87,2.228192294632958,-0.6418077053670421
2048,train,O=S1NC(=NO1)Cc2ccc3ccccc3c2,1.85,2.384331688149588,0.5343316881495879
773,train,CC(=O)N1CCN(CCOc2ccc(cc2)C3CCN(CC3)c4ccc5nnc(n5n4)C(F)(F)F)CC1,3.2,3.187619299573816,-0.012380700426184
2599,train,Nc1ccc(cc1)C2(CCCCC2)c3ccc(N)cc3,3.2,2.6497748218525077,-0.5502251781474925
3665,train,CN1CCOc2cc(COc3ccccc3)cnc12,3.3,3.2001580677780694,-0.09984193222193039
3903,train,Cc1ccc(NC(=O)[C@@H]2CCCN2S(=O)(=O)c3cccc4cccnc34)c(C)c1,3.8,3.606027523925803,-0.193972476074197
1130,train,C[C@@H](COCCCS(=O)(=O)CCNCCc1ccc(O)c2nc(O)sc12)c3ccccc3,2.32,2.213683709574395,-0.10631629042560498
2419,train,OC(=O)CSc1c[nH]c2ccccc12,-1.31,-0.5634973270725205,0.7465026729274795
966,train,c1ccc(nc1)c2nc3ccccc3[nH]2,2.5,2.4499086257287663,-0.05009137427123367
2913,train,CCN(CC)CCNC(=O)c1cc(Cl)c(N)cc1OC,0.34,0.30690695325524087,-0.03309304674475916
2132,train,COc1cc2c(Nc3ccc(Br)cc3F)ncnc2cc1OC[C@@H]4CCCN(C)C4,3.05,2.918740736558986,-0.1312592634410139
2404,train,CCN(CC)CCNc1ncnc2c1sc3nc(N4CCOCC4)c5CCCCc5c23,3.3,3.0423205915425497,-0.2576794084574501
3409,train,CS(=O)(=O)Cc1cc(nc(n1)c2ccc(NS(=O)(=O)C)cc2)N3CCOCC3,0.85,0.8976629984791495,0.047662998479149565
483,train,NCc1nc2ccccc2[nH]1,0.4,1.0013162273475844,0.6013162273475844
4188,train,COC(=O)COc1ccc(cn1)C(=O)Nc2ccc(F)cc2,2.43,2.3110352694013856,-0.11896473059861457
3094,train,CC(C)CN1C(=O)N(C)C(=O)c2c1sc(Cn3c(C)nc4ccccc34)c2C(=O)N5CC[C@@H](O)C5,1.34,1.6401318016715392,0.3001318016715391
525,train,CSc1nc(nn1Cc2ccccc2)c3ccccc3,3.83,3.2619012846902513,-0.5680987153097488
2465,train,Nc1cc(nc2ccccc12)c3ccccc3,2.2,1.8546181074895602,-0.34538189251043994
244,train,COc1cc(O)cc2OC=C(C(=O)c12)c3ccc(O)cc3,2.0,2.167695527321212,0.16769552732121218
2196,train,CCCNC[C@H](O)COc1ccccc1C(=O)CCc2ccccc2,1.69,1.7448561463673276,0.05485614636732761
2244,train,OC1=C(C(=O)Nc2cc(Cl)ccc12)c3cccc(Oc4ccccc4)c3,2.96,3.0586129666366597,0.09861296663665975
843,train,CC(=O)Nc1ccc2[nH]cc(c3cc(NC4CC4)n5ncc(C#N)c5n3)c2c1,2.65,2.669679335333336,0.019679335333336212
3640,train,Cn1c(ccc1c2cc(F)c3NC(=O)C(C)(C)c3c2)C#N,3.21,2.8036452623851504,-0.4063547376148495
3364,train,CC(=O)NCc1ccc(CN2CCN(CC2)c3ccccc3)cc1,1.78,2.012535872461126,0.23253587246112617
1822,train,Cc1cc2NC(=O)C(=CC(=O)c2cc1C)O,1.99,1.6221722758147394,-0.36782772418526055
1591,train,Cn1cnc2cc(cnc12)C#Cc3ccccc3,3.5,3.1250529983822886,-0.37494700161771144
40,train,OB1N(C(=O)Nc2ccccc12)c3ccccc3,1.4,1.250357761956506,-0.14964223804349386
4022,train,Fc1ccccc1Nc2oc(nn2)C(=O)Nc3ccc(Oc4cccnc4)nc3,3.1,3.170845765210345,0.07084576521034469
2014,train,CCCc1c(O)c(ccc1OCc2ccc(\C=C\c3nn[nH]n3)cc2)C(=O)C,3.3,3.1464759922478,-0.15352400775219976
3625,train,CC(C)N(CCNCCc1ccc(O)c2NC(=O)Sc12)C(=O)CCOCCc3ccccc3,2.33,2.2352020083502637,-0.09479799164973635
1701,train,CCC(CO)NCCNC(CC)CO,-1.42,-0.8999592115084281,0.5200407884915719
1693,train,COc1ccccc1CCNCc2cccc(CCNC[C@H](O)c3ccc(O)c4NC(=O)Sc34)c2,0.82,0.9736449214133063,0.15364492141330632
1603,train,CCOc1cc2ncc(C(=O)N)c(Nc3ccc(F)cc3F)c2cc1N4CCC(O)CC4,2.74,2.611090816194659,-0.12890918380534133
3812,train,CCCNC(=O)c1nnc2c(c(F)ccc2c1N)c3ccc(OC)cc3OC,3.52,3.495934735539721,-0.024065264460279234
3114,train,OC(=O)[C@H](Cc1cccc(OCCCNc2ccccn2)c1)NC(=O)c3c(Cl)cccc3Cl,0.16,0.406042520037434,0.24604252003743401
2199,train,CC(=O)Nc1nc(cs1)c2cccs2,2.77,2.414821014345886,-0.3551789856541139
1839,train,FC(F)(F)c1ccc(cc1)S(=O)(=O)N2CCN(CC2)C(=O)N3CCN(CC3)c4ccncc4Cl,3.54,3.4047536260103337,-0.13524637398966632
2558,train,O[C@]1(CN2CCC1CC2)C#Cc3ccc(Oc4ccc(cc4)C(=O)NCc5ccncc5)cc3,2.42,2.5460655166120745,0.12606551661207455
324,train,COc1cc(N2CCN(C)CC2)c3nc(cc(N(C)C)c3c1)C(=O)Nc4ccc(cc4)N5CCOCC5,3.3,3.2662873661965035,-0.03371263380349632
2815,train,Clc1ccc(NCCNCC(=O)N2CCC[C@H]2C#N)nc1,0.99,0.967261220066034,-0.022738779933966002
3921,train,COc1ccc(N(C(C(=O)NC2CCCC2)c3ccccc3F)C(=O)C)c(OC)c1,2.81,3.419135252664814,0.6091352526648142
3446,train,COc1ccc(cc1)c2nc(nc(O)c2C#N)N3CCOCC3,0.2,0.43412746772087796,0.23412746772087795
1388,train,O=C(N1CCNCC1)c2cc3ccccc3[nH]2,0.6,0.7051283963098642,0.10512839630986426
2344,train,CCCCC(CC)CNC(=O)c1ccc2c(c1)c(Cc3ccc(cc3OC)C(=O)NS(=O)(=O)c4ccccc4C)cn2C,3.66,3.736266385487319,0.0762663854873189
3273,train,CC1=CN(C2CCCN(Cc3cccc(Oc4ccc(Cl)cc4)c3)C2)C(=O)NC1=O,3.38,3.462760662575768,0.08276066257576797
3356,train,Fc1ccc(CN2CCN(CC2)c3ccc4nnc(n4n3)C(F)(F)F)cc1,3.46,3.395946314734511,-0.06405368526548916
3558,train,Oc1ccc2[nH]c(CN3CCC(Cc4ccc(F)cc4)CC3)nc2c1,3.8,3.6439463296501087,-0.15605367034989115
4167,train,CNC(=O)c1cccc(c1c2ccc(CC(C)C)cc2)S(=O)(=O)Nc3ncc(C)nc3OC,1.68,1.6807364483081373,0.0007364483081373496
3403,train,CS(=O)(=O)c1ccc2[nH]c3CCN(Cc3c2c1)C(=O)[C@@H]4CCCC[C@H]4C(=O)NC5(CC5)C#N,1.5,1.63432856803523,0.13432856803522997
1915,train,ON(C=O)C1(CS(=O)(=O)N2CCN(CC2)c3ccc(F)cc3)CCOCC1,0.85,1.379678190211835,0.5296781902118349
3141,train,COC[C@@H](O)CN1C(=O)C=NN(C1=O)c2ccc(Cl)c(c2)C(=O)NCC3(O)CCCCCC3,1.44,1.3142649258721395,-0.12573507412786045
1775,train,OC(CCN1CCCCC1)(C2CCCCC2)c3ccccc3,2.68,2.4142217638453034,-0.26577823615469676
2108,train,Brc1cccc2c3CN(CCc3[nH]c12)C(=O)[C@@H]4CCCC[C@H]4C(=O)NC5(CC5)C#N,3.12,3.060408364787418,-0.05959163521258226
2673,train,O=C1C=C(C=CN1c2ccc3c(cnn3CCN4CCCC4)c2)c5ccccc5,1.6,1.751107861098129,0.1511078610981289
1916,train,CC(C)[C@@H](CN1CC[C@](C)([C@@H](C)C1)c2cccc(O)c2)NC(=O)[C@H]3Cc4ccc(O)cc4CN3,2.39,2.4248538936284,0.034853893628399746
3132,train,CC(C)n1c(C)ncc1c2nc(Nc3ccc(C(=O)N(C)C)c(F)c3)ncc2F,3.14,3.034194539766024,-0.10580546023397597
2862,train,CCCSc1nc(ccc1C(=O)NC2CCCCC2)N3CCC(CC3)C(=O)O,1.6,2.0282892518583333,0.4282892518583332
1456,train,Fc1cccc(COc2cc(OCCCN3CCCC3)ccc2C(=O)Nc4ccccc4)c1,3.67,3.5536197550338677,-0.1163802449661322
2423,train,CNc1cccc(CCOc2ccc(C[C@H](NC(=O)c3ccccc3Cl)C(=O)O)cc2)n1,-0.31,0.32245114677331865,0.6324511467733187
115,train,COc1ccc(OC)c(CNC(=O)c2cccnc2Oc3ccccc3)c1,3.52,3.2753168248524673,-0.24468317514753268
3571,train,O=S(=O)(NCCNc1ncccn1)c2cccc3cnccc23,0.61,1.010583743850153,0.40058374385015305
3243,train,C[C@@H]1CN(Cc2oc(nn2)c3cc(cc4[nH]ncc34)c5cccc6[nH]ccc56)C[C@H](C)O1,4.01,4.036017335846755,0.026017335846755252
1526,train,COc1cc2ncc(C(=O)N)c(Nc3ccc(F)c(Cl)c3)c2cc1OC,3.22,3.1884082305275534,-0.031591769472446796
3630,train,CNC1=CN=C(N(CC(=O)NC(C(C)C)C(=O)C(F)(F)F)C1=O)c2ccc(F)cc2,1.86,1.7191410806334502,-0.14085891936654993
192,train,CCCSc1nc(N[C@@H]2C[C@H]2c3ccccc3)c4nnn([C@@H]5C[C@H](O)[C@@H](O)[C@H]5O)c4n1,3.97,3.713465163996174,-0.256534836003826
3790,train,NC(=O)c1ccc(O[C@H]2C[C@H]3CC[C@@H](C2)N3Cc4ccccc4)cn1,1.51,1.3216728699329816,-0.1883271300670184
1141,train,COc1ncnc(NS(=O)(=O)c2ccc(N)cc2)c1OC,-0.73,-0.3860804307259187,0.3439195692740813
312,train,CCOc1ccc2oc(C(=O)NC(CCSC)c3nc4ncccc4[nH]3)c(C)c2c1,4.23,4.144184601063645,-0.08581539893635526
2286,train,Cc1cccc(c1)C(=O)N2CCC(CC2)C(=O)c3ccc(F)cc3,3.4,3.2087988521117907,-0.1912011478882092
4081,train,COc1cc(F)ccc1c2cccc(CNC3CCCC3)c2,2.29,2.632899635199781,0.34289963519978084
1363,train,CN(C)CCOC(c1ccccc1)c2ccccc2C,1.47,1.7809862406122545,0.31098624061225455
3314,train,COc1ccc2COC(=O)N(CCN3CCC(CC3)NCc4ccc5OCC(=O)Nc5n4)c2c1,0.5,0.5693995809195433,0.06939958091954335
298,train,C[C@@](O)(C(=O)Nc1ccc(cc1Cl)S(=O)(=O)NCC=C)C(F)(F)F,3.07,3.137745460911798,0.067745460911798
3318,train,CCN(CC)CCn1c2ccccc2c3cnc(N)c(C#N)c13,2.7,2.2606103941636047,-0.4393896058363955
1216,train,COc1cc(ccc1Nc2ncc(C)c(n2)c3cnc4ccccn34)N5CCN(CC5)C(=O)C,2.9,3.0552473755620033,0.1552473755620034
1122,train,Cn1cnc(c2ccccc2)c1c3cc4c(N)ncnc4s3,2.94,2.8754663104002134,-0.06453368959978656
857,train,CCc1cccc(c1)N(C)C(=N)Nc2cccc3ccccc23,1.57,2.1921508585004212,0.6221508585004212
3539,train,O=C(Nc1ccc(nc1)N2CCOCC2)c3oc(Nc4cccc(OCc5ccccn5)c4)nn3,3.1,3.244628345290125,0.14462834529012492
3507,train,C[C@@H]1CN(CCN1c2ncc(OCc3ccncc3C#N)cn2)C(=O)OC(C)(C)C#N,2.3,2.6053196245304426,0.3053196245304428
3166,train,CCc1nc2c(N)nc3ccccc3c2n1CC(C)C,2.55,2.634144123571607,0.08414412357160739
2917,train,NC(=O)C1=CN(Cc2ccc(Cl)cc2Cl)C(=O)C=C1,2.36,2.416271163995555,0.056271163995555096
3789,train,CN(C)c1cccc(c1)C(=O)Nc2ccc(C)c(c2)C(=O)Nc3cccnc3,3.01,2.7747481500024604,-0.23525184999753934
779,train,Cc1cccc(c1)N(Cc2cc(F)c(F)cc2F)C(=O)O[C@H]3CN4CCC3CC4,2.24,2.2394476643163608,-0.0005523356836394377
3239,train,CN(C)CCCN1c2ccccc2Sc3ccccc13,2.56,2.1134288379479473,-0.4465711620520527
4018,train,COc1cc(OC2CCNCC2)ccc1Nc3ncc(Cl)c(n3)c4cnc5ccccn45,1.8,2.1575757972723664,0.3575757972723663
2677,train,C[C@H](c1c[nH]cn1)c2cccc(C)c2C,2.79,2.5424352749948627,-0.24756472500513738
63,train,COc1cccc(c1)c2c[nH]c(n2)c3ccccc3,3.8,3.6234639197174676,-0.1765360802825322
2246,train,COc1ccc(CNC(=O)N(CC=C)C2CCN(CCC(c3ccccc3)c4ccccc4)CC2)cc1,3.6,3.517312774306027,-0.08268722569397324
2012,train,CNc1cccc(CCOc2ccc(C[C@H](NC(=O)c3c(C)cc(C)cc3C)C(=O)O)cc2)n1,0.52,0.34907311697170407,-0.17092688302829595
387,train,Cc1ccc(cc1)S(=O)(=O)NC(=O)N2CCC(CC2)N3CCC(CC3)Oc4ccc(Cl)cc4,1.6,1.5779232487450943,-0.022076751254905824
3386,train,CN1CCN(CC1)C(=O)c2cccc(CC3=NNC(=O)c4ccccc34)c2,0.92,1.1599576842133343,0.2399576842133343
4041,train,CC(C)COCC(CN(Cc1ccccc1)c2ccccc2)N3CCCC3,3.66,3.3471310995992916,-0.3128689004007086
3839,train,CNC(=O)c1ccc(Nc2nccc(n2)c3cnc(C)n3C(C)C)cc1,2.69,2.7514562370584326,0.06145623705843262
556,train,C[C@H]1CN(Cc2cc(Cl)ccc2OC(C)(C)C(=O)O)CCN1S(=O)(=O)c3ccccc3,0.54,0.9334989588298259,0.3934989588298259
2058,train,NC(=N)Nc1ccc(cc1)C(=O)Oc2ccc(cc2)[N+](=O)[O-],0.5,0.5870244857430629,0.08702448574306287
372,train,Cc1cccc(Nc2ccccc2C(=O)O)c1C,1.89,1.8602963145313165,-0.029703685468683405
2395,train,OC(=O)CCc1ccc(OCc2cccc(Br)c2)cc1,1.67,1.6201874206760234,-0.049812579323976536
3939,train,COC(=O)c1cccc(CN2NC(=O)C3=C(C2=O)C(=O)c4ccc(Cl)cc4N3)c1,1.1,1.1262901452626048,0.026290145262604758
632,train,CC(C)CNCc1ccc(cc1)c2ccccc2S(=O)(=O)N3CCCC3,1.9,2.0708558480202117,0.1708558480202118
2567,train,COc1ccc2N=CC(=O)N(CCN3CC[C@@H](NCc4ccc5OCC(=O)Nc5n4)[C@@H](O)C3)c2c1,0.37,0.35790292989416517,-0.012097070105834828
3480,train,CCCNC(=O)c1nnc2c(cccc2c1N)c3ccccc3,3.8,3.5842891968107065,-0.21571080318929337
2522,train,O=C1C2CCC(N2)C(=O)N1Cc3ccccc3,2.21,2.0712939714725724,-0.13870602852742753
178,train,CN(C)C(=O)CN1CCN(CCc2c([nH]c3sc(cc23)C(C)(C)C(=O)N4C5CCC4CC5)c6cc(C)cc(C)c6)CC1,4.13,3.9183879661311725,-0.21161203386882743
3684,train,CCc1cccc(CC)c1NC(=O)N2Cc3[nH]nc(NC(=O)c4ccc(cc4)N5CCN(C)CC5)c3C2,3.31,3.0371267620725475,-0.27287323792745255
88,train,COc1cc(Nc2nc(N[C@@H](C)c3ncc(F)cn3)ncc2Br)n[nH]1,2.6,2.7432623025176444,0.14326230251764427
3595,train,COc1ccccc1OCCNCC(O)COc2cccc3[nH]c4ccccc4c23,3.27,2.740434210830052,-0.5295657891699479
826,train,CCCSc1ncccc1C(=O)N(C)[C@@H]2[C@@H]3CC4C[C@H]2C[C@@](O)(C4)C3,2.49,2.627741420126539,0.137741420126539
1912,train,OCCO[C@H]1C[C@H]([C@H](O)[C@@H]1O)n2nnc3c(N[C@@H]4C[C@H]4c5ccc(F)c(F)c5)nc(SCCC(F)(F)F)nc23,4.17,4.133592121775186,-0.03640787822481428
4114,train,C[C@@H](NC(=O)[C@H]1CCCNC1)c2ccc(Nc3ncc4cc(ccc4n3)c5ccncc5)cc2,1.69,1.6026922572876598,-0.0873077427123401
1561,train,O=C1N([Se]c2ccccc12)c3ccccc3,3.31,3.05951570506663,-0.2504842949333699
1324,train,Fc1ccc2cn[nH]c2c1,2.3,1.9172683546436848,-0.382731645356315
1373,train,Fc1ccc(cc1F)N2C=CN=C(SCC(=O)NC3CCCC3)C2=O,2.0,1.9716123155321006,-0.02838768446789941
2608,train,COc1cc(OC)c(cc1NC(=O)C)S(=O)(=O)N(C)c2ccccc2,1.1,0.8509926838208832,-0.24900731617911687
1491,train,N[C@@H]1CCCN(C1)c2c(\C=C\3/SC(=O)NC3=O)cccc2c4ccncc4,1.56,1.616054350098422,0.05605435009842186
1708,train,Clc1ccccc1CNC(=O)c2ccccc2Oc3ccccc3,3.58,3.4421965999058752,-0.13780340009412484
1422,train,CNC(=O)c1ccc2C(=O)C=C(Nc2c1)c3cccnc3,1.01,1.4504557584060005,0.4404557584060005
2957,train,CN1CCC(CC1)n2cc(cn2)c3cnc(N)c(c3)c4oc5cc(F)ccc5n4,3.35,3.406241728345175,0.056241728345174824
1028,train,COC(=O)COc1ccc(O)cc1,0.92,1.0706580821830718,0.15065808218307175
4137,train,C[C@@](O)(C(=O)Nc1ccc(cc1Cl)S(=O)(=O)NCCN2CCOCC2)C(F)(F)F,2.14,2.293874404985375,0.15387440498537508
2359,train,CNC(=O)c1snnc1c2ccccc2,1.23,1.105880398615304,-0.12411960138469591
2245,train,CCn1c2ccccc2c3cc(NC(=O)C(C)C)ccc13,4.2,3.7917758207206385,-0.4082241792793617
218,train,C[C@H](Nc1cnc(C)c(Nc2cc(C)[nH]n2)n1)c3ccc(F)cn3,1.73,1.811370442057279,0.08137044205727895
1545,train,NC(=O)c1cccc(O[C@@H]2C[C@H]3CC[C@@H](C2)N3CCc4ccccc4)c1,2.0,1.7334285630146717,-0.26657143698532826
2267,train,OC(=O)[C@H](Cc1ccc(F)cc1)N2CCC(CN3CCC(CC3)Oc4ccc(Cl)cc4Cl)CC2,2.6,2.349051449037166,-0.2509485509628342
3986,train,Nc1ccccc1[N+](=O)[O-],-0.96,0.2615698292042945,1.2215698292042945
1724,train,Cc1cc(OCCCS(=O)(=O)C)cc(C)c1c2cccc(COc3ccc4[C@H](CC(=O)O)COc4c3)c2,2.3,2.2834516461537446,-0.016548353846255193
1599,train,Cc1ccc(NC(=O)c2ccc(Cl)c(c2)C(F)(F)F)cc1C(=O)Nc3cccnc3,2.83,2.9043787231471168,0.07437872314711669
3436,train,OC(=O)COc1cccc(c1)C(=O)N2CCC(CC2)N3CCC(CC3)Oc4ccc(Cl)c(Cl)c4,1.09,0.903477925220104,-0.18652207477989613
4000,train,NC1(CCN(CC1)c2ncnc3[nH]ccc23)C(=O)NC(CCCN4CCOCC4)c5ccc(Cl)cc5,2.7,2.8980154663405324,0.19801546634053224
2618,train,Cc1ccccc1S(=O)(=O)NC(=O)N2CCC(CC2)N3CCC(CC3)Oc4ccc(Cl)c(Cl)c4,1.71,1.7933388625959514,0.08333886259595147
696,train,CN1C(=O)N(CC2CC2)c3nn(Cc4ccnc5ccc(Cl)cc45)c(c6cc(oc6C)C#N)c3C1=O,4.26,4.295981846512764,0.03598184651276437
3171,train,C1CC2(CCN1)OC(c3ccccc3)c4ccccc24,0.75,0.911937363550545,0.161937363550545
1399,train,OC(=O)c1[nH]c2cc(Cl)cc(Cl)c2c1\C=C\C(=O)Nc3ccccc3,1.52,1.7301464667512114,0.2101464667512114
2067,train,COc1ccc(CNCc2ccc(cc2)c3cc(C(=O)N)c(NC(=O)N)s3)cc1,2.55,2.2028388520848456,-0.3471611479151542
291,train,C[C@]1(CCCN1c2nc(Nc3cc([nH]n3)C4CC4)c5cccn5n2)C(=O)Nc6ccc(F)nc6,3.16,3.218484598534171,0.05848459853417065
3641,train,CN(C)CC(O)COc1ccc(Nc2cc(ncn2)N(CCC#N)c3cc(Cl)ccc3Cl)cc1,2.1,2.1093223862153634,0.009322386215363299
3676,train,CN(c1ccnc(Nc2cc(cc(c2)N3CCOCC3)N4CCCOCC4)n1)c5cc(CO)ccc5C,3.3,3.4011607187988058,0.10116071879880595
2730,train,COc1cc2N(CCN3CCC(CC3)NCc4cc5OCCOc5cn4)C(=O)C=Cc2cn1,0.68,0.7269264985087591,0.046926498508759074
2352,train,N#Cc1cccc(c1)c2cccc(c2)c3nn[nH]n3,0.7,0.6609721943083544,-0.039027805691645545
345,train,CN1CCN(CC1)c2cc(F)cc3C(=O)C=C(Nc23)C(=O)Nc4ccc(cc4)N5CCOCC5,2.7,2.569830504081422,-0.13016949591857818
2387,train,FC(F)(F)c1cc(C(=O)Nc2cccc(c2)c3nnn[nH]3)c4nc[nH]c4c1,1.1,0.8440559466735467,-0.2559440533264534
397,train,NCC[C@@H](Oc1cc(Cl)ccc1C#N)c2ccccc2,0.76,0.4780279302308783,-0.2819720697691217
1305,train,C1CCN(CC1)c2ncnc3[nH]cnc23,1.84,1.3464342606107402,-0.49356573938925985
3849,train,FC(F)(F)Oc1cccc2c3CN(CCc3[nH]c12)C(=O)[C@@H]4CCCC[C@H]4C(=O)NC5(CC5)C#N,4.01,3.775674279298574,-0.23432572070142577
21,train,Clc1ccc(cc1)C(=O)Nc2oc(nn2)C(=O)Nc3ccc(cc3)N4CCOCC4,1.92,2.1378260615831426,0.21782606158314266
1952,train,OCCN1CCN(Cc2ccc3c(NC(=O)CC45CC6CC(CC(C6)C4)C5)c(Cl)ccc3n2)CC1,2.93,3.1194244755000406,0.1894244755000405
392,train,OC(=O)c1ccccc1Cn2nnc(n2)c3cccc(OCc4ccc5ccccc5n4)c3,2.1,2.0184169525864744,-0.08158304741352573
3555,train,CS(=O)(=O)Cc1ccc2ccn(c3cc(NC4CC4)n5ncc(C#N)c5n3)c2c1,2.49,2.492751513047746,0.0027515130477455685
1070,train,COc1ccc(cc1)n2cnc3cc(NS(=O)(=O)c4ccccc4)ccc23,3.7,2.941939873244558,-0.7580601267554421
3548,train,COc1cc2c(Nc3ccc(Cl)cc3F)ncnc2cc1OCC4CCNCC4,1.1,1.5387855935129362,0.4387855935129361
125,train,NC1(CCN(CC1)c2ncnc3[nH]ccc23)C(=O)NCc4ccc(Cl)cc4,2.88,2.7046650498964415,-0.17533495010355837
186,train,Fc1ccc(NC(=O)c2cccnc2Oc3ccccc3)cc1,3.19,3.1193621061743317,-0.07063789382566821
3838,train,Cc1nc(NC(=N)N)nc2ccccc12,-0.49,-0.12771762880824156,0.36228237119175843
389,train,CC(C)Oc1cc(n[nH]1)n2cnc3cnc(N[C@@H](C)c4ncc(F)cn4)nc23,2.41,2.6409374829322916,0.23093748293229144
1862,train,CC[C@H]1[C@@H](Cc2cncn2C)COC1=O,-0.37,0.09884715541156819,0.4688471554115682
1807,train,O=C1C=CN=C2C=C(C=CN12)C#Cc3ccccc3,2.9,2.737102253407176,-0.16289774659282408
1856,train,CN1C=C(C(=O)c2c(O)cc(O)cc12)c3ccc(O)cc3,2.2,2.358646922403382,0.15864692240338174
664,train,OC1(CCN(Cc2c[nH]c3ccccc23)CC1)c4ccc(Cl)cc4,2.25,2.476821401196908,0.22682140119690786
60,train,OC(C(=O)OC1CN2CCC1CC2)(c3ccccc3)c4ccccc4,1.19,1.4752253938134925,0.28522539381349254
801,train,CCC(CC)C[C@@H](N1CCC[C@@H](C1)N2C=C(C)C(=O)NC2=O)c3ccc(C(=O)O)c(Oc4cccc(Cl)c4)c3,1.68,1.0735592606976432,-0.6064407393023568
3639,train,CN1C(=O)N(C)c2ncn(C)c2C1=O,-0.03,0.3265818489671404,0.3565818489671404
1970,train,Cc1ccc(Oc2ccc(cc2)C(=O)NCc3ccncc3)cc1,3.65,3.2260138482738956,-0.4239861517261043
288,train,CC(C)(C)NS(=O)(=O)c1cncc(c1)c2ccc3nc(NC(=O)NCC(=O)N4CCOCC4)nn3c2,0.96,1.0278917449487328,0.06789174494873285
2540,train,C[C@@H](Oc1ccc(SCCCCCc2ccccc2)cc1)C(=O)c3nc(C)c(CCCC(=O)O)s3,3.58,2.8934969025549635,-0.6865030974450366
266,train,COc1ccc2nccc([C@H](O)C3CC4CCN3CC4C=C)c2c1,2.16,2.2359528530469817,0.07595285304698152
2491,train,CC1(C)CCC(CC1)NC(=O)[C@@H](N)CCC(=O)O,-0.27,-0.3762941799365054,-0.10629417993650536
1099,train,C1NC(Cc2ccccc12)c3ccccc3,1.9,1.7951177077172729,-0.10488229228272705
2441,train,CCN(CC)CCOC(=O)C1(CCCCC1)C2CCCCC2,3.72,3.078951195921766,-0.6410488040782343
2333,train,Oc1ccc2C[C@H]3N(CC4CC4)CC[C@@]56[C@@H](Oc1c25)c7[nH]c8[C@@H]9Oc%10c(O)ccc%11C[C@H]%12N(CC%13CC%13)CC[C@@]9(c%10%11)[C@@]%12(O)Cc8c7C[C@@]36O,1.41,1.3911280501296817,-0.01887194987031826
758,train,CC1(CC1)c2c(cnn2c3ccc(cc3)C(=O)O)C(=O)NC4C5CC6CC(CC4C6)C5,1.11,1.2693994648120794,0.15939946481207934
1971,train,O[C@H](CNC(=O)C1=CNC(=O)c2ccccc12)CN3CCC(CC3)Oc4ccc(C#N)c(Cl)c4,2.56,2.6527892830824307,0.09278928308243062
1515,train,CC(C)(C)OC(=O)N[C@@H](Cc1ccccc1)C(=O)O,-1.1,-0.5744377893548585,0.5255622106451416
1747,train,O[C@]1(CN2CCC1CC2)C#Cc3ccc(Oc4ccc(cc4)C(=O)NCc5ccncn5)cc3,1.78,1.8700686806788616,0.09006868067886153
451,train,Nc1n[nH]cc1c2cc(ccc2Oc3cc(F)c(cc3Cl)S(=O)(=O)Nc4cscn4)C(F)(F)F,2.65,2.6591503646003556,0.009150364600355676
2141,train,CS(=O)(=O)c1ccc2OCC(=O)N(CCN3CCC(CC3)NCc4ccc5OCC(=O)Nc5n4)c2c1,-0.51,-0.31234420264746454,0.19765579735253547
1751,train,CCCCC[C@@H](N1CCC[C@@H](C1)N2C=C(C)C(=O)NC2=O)c3ccc(C(=O)O)c(Oc4cccc(Br)c4)c3,1.69,1.7786536178823547,0.08865361788235471
390,train,Nc1[nH]ncc1c2cc(Cl)ccc2Oc3cc(F)c(cc3Cl)S(=O)(=O)Nc4cscn4,2.3,2.264192782243588,-0.03580721775641171
2143,train,CNC1=Nc2ncccc2C(=NC1c3cccs3)c4cc[nH]c4,1.73,1.8928630012499243,0.16286300124992437
1675,train,CCCCCCCN(CC)CCCC(O)c1ccc(NS(=O)(=O)C)cc1,1.2,0.860415383000855,-0.339584616999145
3734,train,Clc1ccc(cc1C(=O)NCC23CC4CC(CC(C4)C2)C3)N5CCNCC5,1.77,1.5718930518695882,-0.19810694813041185
3232,train,CCCC(=O)C1(CCN(CC1)C(=O)[C@@H](Cc2ccc(OC)cc2)NC(=O)[C@@H](N)Cc3cncn3C)c4ccccc4,2.51,2.530749146290215,0.020749146290215403
562,train,OC(=O)C(N1CCC(CN2CCC(CC2)Oc3ccc(Cl)c(Cl)c3)CC1)c4ccccc4,2.17,1.9891806460028616,-0.18081935399713833
3520,train,Cc1c(Cl)c(ccc1OC2CCN(CC3CCN(CC3)[C@@H](Cc4ccc(F)cc4)C(=O)O)CC2)C#N,2.19,2.360612982495448,0.17061298249544787
4105,train,CNC1=Nc2ccc(Cl)cc2C(=[N+]([O-])C1)c3ccccc3,2.41,2.4084766227014627,-0.001523377298537465
3100,train,CNC1CCN(C1)c2ccc(NC(=O)c3ccc(cc3)c4ccccc4)cn2,2.35,2.4913119489724362,0.14131194897243615
1291,train,CC[C@H](Nc1ncnc2[nH]cnc12)C3=Nc4cccc(F)c4C(=O)N3c5ccccc5,2.72,2.5194587902642747,-0.20054120973572553
2097,train,C[C@H](O)C(=O)N1CCN(Cc2sc3c(nc(nc3c2C)c4cnc(N)nc4)N5CCOCC5)CC1,1.9,1.942519949290924,0.042519949290924064
2841,train,CCN1CCC[C@H](C1)C(=O)N2CCN(CC2)C(=O)Nc3ccc(Cl)c(Cl)c3,1.6,1.9829813710834583,0.3829813710834582
1182,train,CC(C)Oc1cc(n[nH]1)n2cnc3ccc(N[C@@H](CO)c4ccc(F)cn4)nc23,2.79,2.775175937752884,-0.014824062247115855
1238,train,OC[C@H](Nc1ncc(Cl)c(Nc2cc([nH]n2)C3CC3)n1)c4ccc(F)cc4,3.75,3.6265346772398654,-0.12346532276013455
22,train,COc1ccc(Oc2cccc(CN3CCCC(C3)N4C=C(C)C(=O)NC4=O)c2)cc1,3.17,3.074532021047246,-0.09546797895275372
4062,train,CCS(=O)(=O)c1ccc(cc1)c2cc(Cl)ccc2OCC(=O)O,-0.78,-0.7564948952902384,0.023505104709761637
1619,train,COc1ccnc(c1)N(C)c2ccnc(Nc3cc(cc(c3)N4CCOCC4)N5CCOCC5)n2,2.23,2.672754986678772,0.4427549866787719
3795,train,C[C@@H]1CN(CCN1c2ncc(OCc3ccc(cn3)S(=O)(=O)C)cn2)C(=O)OC(C)(C)C,3.0,2.869268305629127,-0.13073169437087317
1486,train,Oc1ccc(cc1)c2nc3ccccc3nc2c4ccc(O)cc4,2.7,2.943128676277864,0.24312867627786394
4170,train,Oc1cccc2Oc3ccccc3C(=O)c12,3.8,3.499435484655339,-0.3005645153446608
3418,train,COc1cc(ccc1Nc2ncc(Cl)c(n2)c3cnc4c(N)cccn34)N5CCN(CC5)C(=O)C,3.4,3.2583245474588516,-0.14167545254114833
2330,train,Cc1ccc(cc1)N2NC(=O)c3cccnc23,2.1,1.7438984199786483,-0.35610158002135184
9,train,Oc1ncnc2scc(c3ccsc3)c12,2.25,2.0219227326086004,-0.22807726739139955
2473,train,O[C@@H](CNCCc1ccc(CNCCc2c(Cl)cccc2Cl)cc1)c3ccc(O)c4NC(=O)Sc34,2.3,1.8214403182424552,-0.4785596817575446
3586,train,CN(c1ccnc(Nc2cc(cc(c2)C(=O)N3CCOCC3)N4CCOCC4)n1)c5cc(CO)ccc5C,2.2,2.567204759256949,0.36720475925694895
3281,train,Cn1cnc(c2ccccc2)c1c3nc4c(N)ncnc4s3,2.69,3.1038498286644645,0.4138498286644645
755,train,NC1C2CN(CC12)c3nc4N(C=C(C(=O)O)C(=O)c4cc3F)c5ccc(F)cc5F,0.3,0.46293247171537866,0.16293247171537867
1086,train,CC(=O)Nc1cccc(Nc2ncnc(n2)N3CCC(CC3)OCc4ccc(OC(F)(F)F)cc4)c1C,4.4,4.245991672823646,-0.1540083271763546
1709,train,CC1(COc2ccc3c(c2)ncn3c4ccc5cccc(N6CCC(N)CC6)c5n4)COC1,1.99,1.9614485137474769,-0.02855148625252313
545,train,O=C(Nc1cccc2cccnc12)c3ccc(cc3)N4C(=O)[C@@H]5[C@H]6C[C@H](C=C6)[C@@H]5C4=O,3.28,2.9911129369660636,-0.2888870630339362
2610,train,CN(C1CCN(Cc2ccc(cc2)c3noc(C)n3)CC1)C(=O)Cc4ccc(cc4)n5cnnn5,2.1,1.9873833088317767,-0.11261669116822337
1341,train,Fc1ccc(cc1)c2cn3ccccc3n2,3.1,3.235675830889904,0.13567583088990398
610,train,COc1ccc(C=NN=Cc2ccc(OC)c(OC)c2)cc1OC,3.38,2.5169481042044115,-0.8630518957955884
3106,train,COc1c(C)c2COC(=O)c2c(O)c1C\C=C(/C)\CCC(=O)OCCN3CCOCC3,2.26,1.9875961639705284,-0.2724038360294714
1135,train,Brc1ccc(cc1)S(=O)(=O)NCC(N2CCCCCC2)c3ccccc3,3.21,3.2900519100341556,0.08005191003415568
2568,train,c1ccc2ncccc2c1,2.09,2.0388695519455213,-0.05113044805447853
1215,train,CC(C)C(NC(=O)CN1C(=O)C(=CC=C1c2ccccc2)NC=O)C(=O)C(F)(F)F,1.84,1.631875909043314,-0.20812409095668616
2044,train,C[C@@H](NC(=O)C)c1ccc(Nc2ncc3cc(ccc3n2)c4ccncc4)cc1,3.18,3.1036689473184866,-0.07633105268151352
1761,train,CCc1cccc2c3CCOC(CC)(CC(=O)O)c3[nH]c12,0.49,0.9307627172325335,0.44076271723253346
3421,train,CNC(=O)c1ccc(Nc2ncc(F)c(n2)c3cnc(C)n3C(C)C)cc1,3.0,2.9657415992613094,-0.034258400738690575
2023,train,CCNC(=O)c1cc2c(c(cnc2[nH]1)c3cncc(c3)C(=O)N)n4ccc(n4)C(F)(F)F,1.81,1.513466090382631,-0.29653390961736914
2922,train,COc1ccc(cc1CO)c2ccc3c(nc(nc3n2)N4C[C@@H](C)O[C@@H](C)C4)N5CCOCC5,3.25,2.8883384945553976,-0.3616615054446024
2021,train,CNc1nc(C)c(s1)c2nc(Nc3cccc(c3)N4CCCNCC4)ncc2C#N,1.64,1.673133404613366,0.033133404613366
1313,train,Clc1ccc2C(=O)C3=C(Nc2c1)C(=O)NN(Cc4cccs4)C3=O,1.52,1.1821384451294532,-0.3378615548705468
2623,train,CC(C)(C)Cn1c(CN2C(=O)CC3(CCNCC3)C2=O)cc4cnc(nc14)C#N,0.75,0.6559673977385656,-0.0940326022614344
4155,train,CN(C)C(=O)[C@H](Cc1ccccc1)NC(=O)c2cc3ccccc3[nH]2,3.4,3.105395496906128,-0.294604503093872
2420,train,OC1=C(CC2=C(O)c3ccccc3OC2=O)C(=O)Oc4ccccc14,1.22,1.030122641637577,-0.18987735836242292
1602,train,CCS(=O)(=O)c1cccc(c1)c2cc(ccc2OCC(=O)O)C(F)(F)F,-0.66,-0.3633273578961451,0.2966726421038549
2418,train,CN1CC(c2ccc(Cl)cc2)c3ccccc3C1,3.64,4.054807911684806,0.414807911684806
2416,train,Cc1ccc(C[C@H](N2CCC(CN3CCC(CC3)Oc4ccc(Cl)c(Cl)c4)CC2)C(=O)O)cc1,3.01,2.7315614341753904,-0.27843856582460935
1076,train,OC(=O)c1ccccc1C(=O)N2CCC(CC2)N3CCC(CC3)Oc4ccc(Cl)c(Cl)c4,1.73,1.9167658330854314,0.18676583308543138
2964,train,CN1SC(=O)c2cc(ccc12)S(=O)(=O)N,0.3,0.5170509475051264,0.21705094750512638
2263,train,COc1ccc2OCC(=O)N(CCN3CCC(CC3)NCc4ccc5OCC(=O)Nc5n4)c2c1,0.87,0.7865314031266508,-0.08346859687334918
100,train,CC1=CN([C@H]2CCCN(C2)S(=O)(=O)c3ccc(O)c(Oc4ccccc4)c3)C(=O)NC1=O,1.49,1.2007817036851458,-0.2892182963148542
1072,train,CNc1nc(C)c(s1)c2nc(Nc3cccc(c3)N4CCCN(CC4)C(=O)C)ncc2C#N,3.2,3.128263947060848,-0.0717360529391522
2016,train,CCCNCc1cnc(s1)c2ccc(cc2)C(=O)Nc3ccccc3N,1.75,1.7110220251976052,-0.038977974802394844
3850,train,Clc1ccc(NC(=O)N2CCN(C[C@@H]3CCCN(CC4CC4)C3)CC2)cc1Cl,2.54,2.89190440411126,0.3519044041112598
3476,train,NC1(CCN(CC1)c2ncnc3[nH]ccc23)C(=O)NC(c4ccccc4)c5ccc(Cl)cc5,4.1,3.6517052566820363,-0.4482947433179634
893,train,CC(C)CN1C(=O)N(C)C(=O)c2c1sc(Cc3c[nH]c4ncccc34)c2C(=O)N5C[C@H](O)CO5,2.04,1.993718254874093,-0.04628174512590699
4157,train,Cc1ccc(Oc2ccc(Nc3ncnc4[nH]nc(OCCN5CCC(O)CC5)c34)cc2Cl)cn1,3.4,3.248013999547433,-0.15198600045256683
3482,train,COc1cc2c(ncnc2cc1OCCCN3CCCCC3)N4CCN(CC4)C(=O)Nc5ccc(OC(C)C)cc5,2.6,2.821046584875554,0.22104658487555406
2721,train,CN1CCC(CC1)(C#N)c2cccc3ccccc23,2.73,2.128816761132157,-0.6011832388678431
1734,train,Fc1cccc(c1F)c2cncc(CNCC3CC3)n2,1.82,1.750890707405487,-0.06910929259451315
445,train,CC(C)C[C@H](CO)Nc1nc(SCc2ccccc2F)nc3nc(N)sc13,4.5,4.421338782257251,-0.07866121774274859
1696,train,FC(F)(F)c1ccc(cc1)S(=O)(=O)NCC(N2CCCCCC2)c3ccccc3,4.29,3.9745009463049707,-0.3154990536950293
1710,train,OC1(CCN(CCCC(=O)c2ccc(F)cc2)CC1)c3ccc(Cl)cc3,2.67,2.92026698144934,0.2502669814493399
3692,train,Oc1ccc(cc1)c2sc3cc(O)ccc3c2C(=O)c4ccc(OCCN5CCCCC5)cc4,4.13,4.0915876728166705,-0.03841232718332943
1991,train,CS(=O)(=O)N1CCOc2cc(COc3ccccc3)cnc12,2.4,2.727243709276306,0.3272437092763063
2295,train,C[C@H](CO)Nc1nc(SCc2cccc(F)c2F)nc3nc(N)cnc13,2.89,2.7858172371894114,-0.10418276281058869
2449,train,CCc1nc2ccc(cn2c1N(C)Cc3cccs3)C(=O)NCc4ccc5OCOc5c4,4.1,3.9826159054213117,-0.11738409457868793
874,train,CC1=CN([C@H]2CCCN(Cc3ccc(C(=O)O)c(Oc4cccc(F)c4)c3)C2)C(=O)NC1=O,-1.03,-0.7052863199724495,0.3247136800275505
1035,train,CCOc1ccc(cc1)N2C(=O)c3cccnc3N=C2[C@@H](C)N(CC4CCN(C)CC4)C(=O)Cc5ccc(F)c(c5)C(F)(F)F,1.4,1.6644568768530892,0.2644568768530893
1581,train,Cc1ccc(C)c(OCCCC(C)(C)C(=O)O)c1,0.72,0.7250638539564838,0.005063853956483788
3661,train,COc1ccc(C)c(NC(=O)CC23CC4CC(CC(C4)C2)C3)c1,3.96,3.8550229100817472,-0.10497708991825272
2148,train,C[S+]([O-])CCN1C(=O)C(Cc2ccccc12)NC(=O)c3cc4cc(Cl)sc4[nH]3,3.17,3.1629545959151493,-0.007045404084850659
32,train,CC(=O)[C@H]1CC[C@H]2[C@@H]3CCC4=CC(=O)CC[C@]4(C)[C@H]3CC[C@]12C,3.94,3.2923643504609386,-0.6476356495390614
3226,train,C[C@@H](Oc1cccc2ncnc(Nc3ccc(Oc4ccc(C)nc4)c(C)c3)c12)C(=O)N(C)CCO,3.85,3.8141844945917303,-0.03581550540826983
3572,train,COc1ccc2nc(C)cc(c2c1)n3cc(CNC(=O)C)nn3,1.6,1.8177528126782603,0.2177528126782602
3686,train,[O-][N+](=O)c1cc(C(=O)NCC=C)c2N=C(Nc3ccc(Cl)c(Cl)c3)NC(=O)c2c1,2.7,2.626361042050661,-0.07363895794933928
886,train,CN(c1ccc(cc1)c2cc(ccc2OCC(=O)O)C(F)(F)F)S(=O)(=O)C,-0.81,-0.4334088205753992,0.37659117942460085
2350,train,CS(=O)(=O)Nc1cc(Nc2nccc(Nc3c(Cl)ccc4OCOc34)n2)cc(c1)C(=O)N,2.28,2.051621354396731,-0.22837864560326882
3955,train,NC1(CCC1)c2ccc(cc2)C3=Nc4ccccc4C(=O)N3c5ccccc5,1.5,1.9915416485346717,0.49154164853467175
2268,train,COc1ccc(c(OC)c1)c2cncc(CNC3CCCC3)n2,2.14,2.0243007220852807,-0.11569927791471946
3967,train,CCCC(=O)Nc1ccc(OCC(O)CNC(C)C)c(c1)C(=O)C,-0.27,-0.06717706361323206,0.20282293638676796
532,train,C[C@H](C1=CNC(=S)N1)c2cccc(C)c2C,2.9,2.948185478839599,0.04818547883959923
2494,train,CNC(=O)c1ccc(cc1F)N2C(=S)N(C(=O)C23CCC3)c4ccc(C#N)c(c4)C(F)(F)F,3.3,3.1088119178218276,-0.19118808217817218
1921,train,COc1cc(Oc2ccnc3ccc(F)cc23)ccc1CC(=O)Nc4noc(C)c4C,4.06,3.894157943140087,-0.16584205685991282
1789,train,CCN(C1CCN(CC[C@H](c2ccc(cc2)S(=O)(=O)C)c3cccc(Cl)c3)CC1)C(=O)Cc4ccc(cc4)S(=O)(=O)C,2.37,2.3368613064030037,-0.033138693596996394
1928,train,C1CNCC(C1)c2nc3ccccc3s2,1.0,1.2651383317190592,0.2651383317190592
4142,train,CCCSc1c(cnn1c2ccc(cc2)C(=O)O)C(=O)NC3CCCCC3,0.64,0.7139785282206403,0.07397852822064033
3425,train,CSc1ccc(cc1)c2nc(c3ccc(F)cc3)c([nH]2)c4ccncc4,2.97,2.9772585687432276,0.007258568743227389
996,train,Oc1cccc2ccccc12,2.5,2.39834665915512,-0.10165334084488009
3417,train,CC(=O)c1noc(C)c1C(=O)Nc2nccs2,1.94,2.068143374472364,0.1281433744723639
3285,train,C[C@@H]1CN(CCN1c2ncc(OCc3ccc(cc3)S(=O)(=O)C)cn2)C(=O)OC(C)(C)C,3.6,3.436751866830591,-0.16324813316940912
920,train,[O-][n+]1cc(ccc1Cl)C(=O)Nc2ccc(F)cc2,1.38,1.577082958407976,0.19708295840797607
852,train,Cc1nc(C)c(nc1C(=O)N)c2ccc(cc2)C34CCC(CC3)(CC4)C(=O)O,1.3,1.5053643930303524,0.20536439303035237
1889,train,Cc1nnc2CN=C(c3ccccc3Cl)c4cc(Cl)ccc4n12,2.34,2.552258101167544,0.21225810116754396
1066,train,Cc1onc(C)c1CCC2CCN(CC2)S(=O)(=O)CC3(CCOCC3)N(O)C=O,0.9,1.2633144142050377,0.36331441420503763
2030,train,CN[C@@H](C)C(=O)N[C@H](C(=O)N[C@H]1CCCN(C1)S(=O)(=O)c2ccccc2)C(C)(C)C,0.9,0.8900926022438564,-0.009907397756143577
2043,train,COc1ccc(CNC(=O)CSc2nc3cccnc3s2)cc1,2.5,2.3622692277421806,-0.13773077225781938
2874,train,CC(C)n1c(C)ncc1c2ccnc(Nc3ccc(cc3)N4CCN(CC4)S(=O)(=O)C)n2,2.57,2.5999184621166833,0.029918462116683475
1454,train,O[C@]1(CN2CCC1CC2)C#Cc3ccc(Oc4ccc(cc4)C(=O)NC5CCS(=O)(=O)C5)cc3,1.64,1.5361761858584613,-0.10382381414153863
3935,train,O=C1N2C=CC=CC2=Nc3ccccc13,2.1,1.983040130216076,-0.11695986978392403
2195,train,CCN1C(=O)N(CC2CC2)c3nn(Cc4ccnc5ccc(Cl)cc45)c(c6cncn6C)c3C1=O,2.87,3.1551438778791523,0.2851438778791522
3129,train,COc1ccc(cc1CO)c2ccc3c(nc(nc3n2)n4ccnc4)N5CCOC[C@@H]5C,2.6,2.576333941888816,-0.023666058111184274
3307,train,CC(C)CNc1nc(nc(N2CCOCC2)c1N)C#N,2.79,2.620757287482025,-0.16924271251797496
2867,train,CCOc1ccc2C=CC(=O)Oc2c1,2.2,2.419804515568263,0.21980451556826264
1437,train,COc1cc(Nc2cc(nc(N[C@@H](C)c3ncc(F)cn3)n2)N4CCOCC4)n[nH]1,2.18,2.146388163186116,-0.03361183681388402
2213,train,COc1ccccc1C(=O)Nc2nc3ccccc3s2,3.61,3.631828187754169,0.02182818775416928
3303,train,Cc1ccc(cc1NC(=O)c2ccc(OCc3ccccn3)cc2)c4c[nH]cn4,2.81,2.533865112633456,-0.2761348873665441
2637,train,c1ccc(cc1)c2c[nH]c(n2)c3ccccc3,3.8,3.3123460712393444,-0.4876539287606554
2923,train,CC(=O)N1CCN(CCOc2ccc(cc2)C3(O)CCN(CC3)c4ccc5nnc(n5n4)C(F)(F)F)CC1,2.2,2.4839158688390888,0.2839158688390886
3889,train,OC(=O)COc1ccc(Cl)cc1CN2CCC(CC2)S(=O)(=O)c3ccccc3,0.48,0.5993235675605688,0.11932356756056883
3627,train,CCOc1ccc(cc1)c2cnc3CCCn23,2.65,2.7284795604507046,0.0784795604507047
2878,train,CC(C)OC(=O)N1CCC(CC1)Oc2ncnc3c2cnn3c4ccc(cc4F)S(=O)(=O)C,3.0,3.0187160626256193,0.018716062625619312
740,train,CC[C@H](N1CCC[C@@H](C1)N2C=C(C)C(=O)NC2=O)c3ccc(C(=O)O)c(Oc4cccc(Cl)c4)c3,0.22,0.40713421257730653,0.18713421257730653
1210,train,Nc1ccc2[nH]c(Cc3ccc(Oc4ccccc4)cc3)nc2c1,3.8,3.6139499753619986,-0.18605002463800124
3256,train,C[C@@](CCc1ccc(cc1)c2ccc(Cl)cc2)(C(=O)NO)S(=O)(=O)C,2.4,2.570993206290881,0.170993206290881
2868,train,COc1cc2c(Nc3cnc(NC(=O)c4ccccc4)nc3)ncnc2cc1OCCCN5CCOCC5,2.7,2.9128381584105423,0.2128381584105421
2789,train,CN(C1CCN(CCC(c2ccccc2)c3ccccc3)CC1)C(=O)NCc4ccccc4,3.4,3.4913624863824158,0.09136248638241584
3767,train,OC1=NC(=O)C(N1)(c2ccccc2)c3ccccc3,2.41,2.04146662184063,-0.36853337815937026
761,train,Oc1ccc(cc1)c2nc3ccc(O)cc3s2,3.65,3.864501108681715,0.214501108681715
2492,train,NS(=O)(=O)c1cc2c(NC(NS2(=O)=O)C3CC4CC3C=C4)cc1Cl,2.12,1.6599774487690766,-0.4600225512309235
2557,train,C[C@@H](Oc1nc(Nc2cc(C)[nH]n2)c(C)nc1C#N)c3ccc(F)cn3,2.72,2.673479445013578,-0.04652055498642227
1198,train,CC(C(=O)O)c1ccc(c(F)c1)c2ccccc2,0.85,1.04930882510917,0.19930882510917003
1663,train,OC[C@@H](NC(=O)C(Cl)Cl)[C@H](O)c1ccc(cc1)[N+](=O)[O-],1.15,1.1849788461513535,0.034978846151353604
2729,train,Nc1nc(OC2CCCC2)nc3c1ncn3[C@@H]4O[C@H](CO)[C@H](Cl)[C@H]4O,2.16,2.2604572221952637,0.10045722219526354
4075,train,CCOc1ccc(cc1)c2cnc3CCCCCn23,3.01,3.043794992895708,0.0337949928957082
1851,train,Nc1nc2nc(cc(n2n1)C(F)(F)F)c3cccs3,2.01,2.1707268585301733,0.16072685853017354
1156,train,CN(CCO)C(=O)c1ccc(cc1)[C@@H](N2CCN(Cc3ccc(F)cc3)CC2)c4cccc(NC(=O)C5CC5)c4,3.38,3.2122195815767633,-0.16778041842323654
2291,train,CCCS(=O)(=O)N1N=Cc2cc(Cl)ccc2B1O,-0.4,-0.05407377922387813,0.3459262207761219
2946,train,Clc1ccc(cc1)c2oc(cc2)C(=O)Nc3ccc(cc3)N4CCNCC4,2.4,2.574980820497944,0.17498082049794395
1699,train,CCN(C1CCN(CCC(c2ccccc2)c3ccccc3)CC1)C(=O)Cc4ccc(cc4)C#N,3.9,3.797399328829102,-0.10260067117089777
2654,train,CC(C)n1c2ccccc2c3c(C)c(NC(=O)N4CCOCC4)ccc13,3.5,3.3734596804634287,-0.1265403195365713
1361,train,Cc1c(Sc2ccc(Cl)cc2)c3cc(Cl)ccc3n1Cc4nnn[nH]4,3.25,3.4548340828569097,0.20483408285690974
2809,train,CN(Cc1ccc(Cl)cc1)C(=O)C2(N)CCN(CC2)c3ncnc4[nH]ccc34,2.8,2.907210770990489,0.10721077099048903
693,train,Oc1cc(O)c2C(=O)C(=COc2c1)c3ccc(cc3)[N+](=O)[O-],3.24,3.3578830460317333,0.11788304603173305
3224,train,COc1cc(F)ccc1c2cncc(CNC3CCCC3)c2,2.29,2.2660147555200467,-0.023985244479953316
2847,train,CCCCC1=NC2(CCCC2)C(=O)N1Cc3ccc(cc3)c4ccccc4c5nn[nH]n5,1.29,1.434970486139905,0.14497048613990504
1686,train,Clc1ccc(OC2CCN(CC2)C3CCN(CC3)C(=O)c4ccc(cc4)C5=NOC(=O)N5)cc1Cl,2.24,2.448902399363091,0.20890239936309074
2995,train,CC1=C(C(=O)Oc2cc(O)ccc12)c3ccc(O)cc3,2.8,2.510630898369349,-0.28936910163065077
148,train,O[C@@H](CNCCc1ccccc1CNCCc2ccccc2F)c3ccc(O)c4NC(=O)Sc34,1.58,1.2557888440501874,-0.32421115594981265
2475,train,Clc1ccc(cc1)C2CCN(CC2)C(=O)COCc3ccncc3,2.74,2.78044538838678,0.04044538838677969
3922,train,c1ccc(nc1)c2n[nH]cc2c3ccnc4ccccc34,2.57,2.2718982537479278,-0.2981017462520721
1754,train,CCC(CC)NC(=O)c1cnn(c1NS(=O)(=O)c2ccc(C)cc2)c3ccccn3,0.27,0.6886173064253227,0.4186173064253227
645,train,CCc1ccc(CCOc2ccc(CC3SC(=O)NC3=O)cc2)nc1,2.8,2.948883255198509,0.1488832551985091
2354,train,NC1(CCC1)c2ccc(cc2)c3ncc4cnccc4c3c5ccccc5,2.2,2.348749762842742,0.14874976284274188
803,train,O=C(N[C@H]1CN2CCC1CC2)c3ccc(s3)c4ccccn4,0.7,0.6575707327058167,-0.04242926729418328
404,train,CC(C)N1CCN(Cc2cnc(c(Cl)c2)c3ccc(cc3)C(=O)Nc4ccccc4N)CC1,1.68,1.8564191345509133,0.1764191345509134
1097,train,COc1ccc2cc(ccc2c1)C(C)C(=O)O,0.23,0.1974217802779501,-0.03257821972204991
2409,train,COc1cc(OC)c(cc1NC(=O)Cc2ccnc(F)c2)S(=O)(=O)N3C(C)CCc4ccccc34,2.49,2.3519400377300106,-0.13805996226998962
2220,train,CCc1ccc(CCNCCCSCCNC[C@H](O)c2ccc(O)c3NC(=O)Sc23)cc1,0.86,0.586224845358279,-0.273775154641721
824,train,Cc1cc(O[C@H]2C[C@H]3CC[C@@H](C2)N3Cc4ccccc4)cc(c1)C(=O)N,2.08,2.1747708252134683,0.09477082521346825
4126,train,O=C(CN1CCOCC1)Nc2ccc(cc2OCC3CC3)c4cccc5C(=O)C=C(Oc45)N6CCOCC6,3.3,3.1222534679547196,-0.17774653204528024
71,train,COCCNCc1ccc(CCNC[C@H](O)c2ccc(O)c3NC(=O)Sc23)cc1,-0.54,-0.2681720073270384,0.27182799267296165
2193,train,C[C@H](Nc1nc(Nc2cc(C)[nH]n2)cnc1C#N)c3ccc(F)cn3,2.51,2.54220101110193,0.03220101110193019
3672,train,CC(C)Oc1ccc(cc1C(=O)N2CCN(CC2)c3ccc(cc3)C(F)(F)F)S(=O)(=O)C,3.33,2.976322742264827,-0.353677257735173
2304,train,CCOc1cc2nnc(C(=O)N)c(Nc3cc(C)ccc3F)c2cc1N4CCN(C)CC4,3.02,2.732826382080978,-0.28717361791902185
3147,train,Oc1ccc(cc1)N2C(=O)c3ccc(O)cc3C2=O,1.8,1.7374988729230745,-0.06250112707692557
1621,train,Oc1oc(c2ccccc2)c(n1)c3ccccc3,3.42,3.238062854261541,-0.1819371457384591
1866,train,CS(=O)(=O)C1(CCOCC1)c2cc(nc(n2)c3cccc4[nH]ccc34)N5CCOCC5,2.4,2.4942122670125646,0.09421226701256469
2288,train,COC(=O)c1ccc(CN2NC(=O)C3=C(C2=O)C(=O)c4ccc(Cl)cc4N3)cc1,1.17,1.101995485295847,-0.06800451470415303
1525,train,Cc1cc(C)c(C(=O)N[C@@H](Cc2ccc(OCCCNc3ccccn3)cc2)C(=O)O)c(C)c1,0.49,0.5646419345797482,0.07464193457974821
3873,train,FC(F)(F)Oc1ccc2OCC(=O)N(CCN3CCC(CC3)NCc4ccc5OCC(=O)Nc5n4)c2c1,1.82,1.8720673861684445,0.05206738616844442
3623,train,Cc1ccc(cc1)S(=O)(=O)Nc2ccc(\C=C\C(=O)Nc3ccccc3N)cc2,2.82,2.6836676454658055,-0.13633235453419434
3077,train,CC1=NS(=O)(=O)c2cc(Cl)ccc2N1,1.05,1.6363343507265917,0.5863343507265917
3632,train,CCN(C1CCN(CCC(c2ccccc2)c3ccccc3)CC1)C(=O)Cc4ccc(cc4)S(=O)(=O)N(C)C,3.7,3.5017102222009715,-0.19828977779902868
3449,train,CC(C)CN1C(=O)N(C)C(=O)c2c1sc(Cc3ccccc3C(F)(F)F)c2C(=O)N4CC=CC4,3.53,3.505533567752672,-0.024466432247327585
2238,train,C[C@@H](Oc1cccc2ncnc(Nc3ccc4c(cnn4Cc5cscn5)c3)c12)C(=O)N6CCOCC6,2.81,2.753777219639355,-0.056222780360644986
1847,train,Cc1cc(NC(=O)c2ccccc2)n[nH]1,1.75,1.7201094647618254,-0.029890535238174643
1882,train,Oc1ccc2C(=O)C(=COc2c1)c3ccc(O)c(O)c3,1.88,2.0023089743213243,0.12230897432132437
2327,train,Oc1ccc(cc1)c2oc3c(cc(O)cc3n2)C#N,3.6,3.0874814893419917,-0.5125185106580084
3982,train,Cc1sc(N)nc1c2ccccc2,2.75,2.9179250108293666,0.16792501082936662
273,train,NS(=O)(=O)c1nc2ccccc2s1,1.35,1.3084157645131094,-0.04158423548689072
2745,train,COc1ccc2C(=CC(=O)N(CCN3CCC(CC3)NCc4cc5OCCOc5cn4)c2c1)C,1.72,1.5316365503164469,-0.18836344968355312
2080,train,Oc1nnc(Cc2cccc(c2)C(=O)N3CCOCC3)c4ccccc14,1.0,1.0923139796350716,0.0923139796350716
3447,train,CN1CCC(COc2cc(OC3CCOCC3)c4c(Nc5c(Cl)ccc6OCOc56)ncnc4c2)CC1,2.59,2.4761529042629324,-0.11384709573706742
4101,train,CC(C)S(=O)(=O)NCC(C)c1ccc(cc1)c2ccc(cc2)C#N,3.5,3.0396832163956855,-0.4603167836043145
1609,train,CCOC(=O)c1ccc(OCCC2CN(C2)c3ccc(C)nn3)cc1,3.22,3.5179070594647346,0.2979070594647344
915,train,CC(=O)Nc1ccc2cnn(c3cc(NC4CC4)n5ncc(C#N)c5n3)c2c1,3.44,3.424754739089272,-0.015245260910727865
6,train,COc1cc(OC)c(cc1NC(=O)CCC(=O)O)S(=O)(=O)NCc2ccccc2N3CCCCC3,-0.72,-0.39149797535729736,0.3285020246427026
954,train,COc1cc2nnc(C(=O)N)c(Nc3cccc(Cl)c3F)c2cc1N4CCN(C)CC4,2.35,2.4033631804054743,0.053363180405474164
4192,train,COc1cc(F)ccc1c2cncc(CNC3CCCCC3)c2,2.6,2.711546599080337,0.11154659908033704
3247,train,COc1cc(N2CCN(C)CC2)c3NC(=CC(=O)c3c1)C(=O)Nc4ccc(cc4)N5CCOCC5,2.7,2.343717403110328,-0.3562825968896721
2561,train,COc1ccccc1CN(C(=O)C)c2cnccc2Oc3ccccc3,3.0,2.6403251873412787,-0.35967481265872125
646,train,CC[C@H](NC(=O)c1c(N)c(nc2ccccc12)c3cccc(F)c3)c4ccccc4,4.05,4.2307638224605615,0.18076382246056166
413,train,COc1ccc(CCN(C)CCCC(C#N)(C(C)C)c2ccc(OC)c(OC)c2)cc1OC,2.61,2.6109848629530625,0.0009848629530626596
220,train,Nc1ccccc1NC(=O)c2ccc(cc2)C3CCN(Cc4ccc(cc4)C(=O)NC5CC5)CC3,2.31,2.2154172258001026,-0.09458277419989747
607,train,Cc1ccc2c(c1)c(c(C)n2CC(=O)O)c3ccnc4c(Cl)cccc34,1.27,1.3957146094772934,0.1257146094772934
2850,train,O=C1NN=C(Cc2ccccc2)c3ccccc13,2.8,2.05873781588372,-0.7412621841162799
2834,train,Oc1ccccc1NC(=O)c2cc(ccc2Cl)[N+](=O)[O-],2.49,2.5555437086124417,0.06554370861244152
3978,train,CN1CCC(=C2c3ccccc3C=Cc4ccccc24)CC1,3.06,2.667186987169287,-0.39281301283071324
435,train,[O-]c1c2c(nn1c3ccc(Cl)cc3)c4ccccc4c[n+]2Cc5ccccc5,4.5,4.5058810318196825,0.00588103181968247
2050,train,COc1cnc(nc1N(C)c2ccccc2)c3ccccn3,2.79,2.5376163077853904,-0.25238369221460966
670,train,FC(F)(F)c1nnc2ccc(nn12)N3CCN(Cc4ccc(cc4)C#N)CC3,2.9,3.1017712358869285,0.20177123588692858
3117,train,Cc1cc(F)ccc1OC2CCN(CC3CCN(CC3)[C@@H](Cc4ccc(F)cc4)C(=O)O)CC2,1.81,1.8343986276095374,0.02439862760953737
3924,train,CCC[C@H](N1CCC[C@@H](C1)N2C=C(C)C(=O)NC2=O)c3ccc(C(=O)O)c(Oc4cccc(Cl)c4)c3,0.5,0.6535540412883478,0.15355404128834782
953,train,NC(=O)NC(=O)C(Nc1ccc2CCCc2c1)c3ccccc3,3.3,2.966554555268277,-0.3334454447317228
3352,train,Cc1c(Oc2ccc(Cl)cc2)c3c(NS(=O)(=O)C)cccc3n1CC(=O)O,-0.98,-1.0057612446596083,-0.025761244659608273
1832,train,CC(C)C(NC(=O)CN1C(=O)C(=CC=C1c2ccccc2)NS(=O)(=O)c3ccccc3)C(=O)C(F)(F)F,2.26,1.8420483533529393,-0.4179516466470605
3659,train,COc1cc2ncc(C(=O)N)c(Nc3ccccc3C)c2cc1OC,3.4,3.2856983664066592,-0.11430163359334067
29,train,CNC1=Nc2ncccc2C(=NC1c3cccs3)c4occn4,1.14,1.0981595524598786,-0.041840447540121284
1318,train,CS(=O)(=O)Cc1cc(nc(n1)c2cccc3[nH]ccc23)N4CCOCC4,1.7,1.9431434285276814,0.24314342852768145
3763,train,Nc1ncnc2c1ncn2[C@@H]3O[C@H](CSCCCNC(=O)Nc4ccc(Cl)cc4)[C@@H](O)[C@H]3O,2.5,2.3739669485208847,-0.12603305147911525
2121,train,Clc1ccc2C(=O)C3=C(Nc2c1)C(=O)NN(Cc4ccncc4)C3=O,-0.16,0.1591740208502963,0.31917402085029634
1924,train,CC1=C(CCC(=O)O)C(=O)Oc2cc(O)ccc12,-0.7,-0.41680006874357556,0.2831999312564244
800,train,COc1cccc(c1)c2cc(O)c3cc(NC(=O)C)ccc3n2,2.41,2.387050214715634,-0.022949785284366087
1893,train,COC(=O)c1ccc(CC(=O)N(C)C2CCN(CCC(c3ccccc3)c4ccccc4)CC2)cc1,4.0,3.781375028300574,-0.21862497169942596
2011,train,CSc1ccc(OCc2ccccc2)c(\C=C\c3ccc(cn3)C(=O)O)c1,2.45,2.54714676314887,0.09714676314886983
3697,train,CCOC(=O)Cc1csc(NS(=O)(=O)c2ccc(Cl)cc2)n1,1.32,1.6308054783552899,0.3108054783552898
1132,train,CCCSc1nc(ccc1C(=O)NC2CCCCC2)N3CCCC(C3)C(=O)O,1.72,1.6184474350703848,-0.10155256492961517
1938,train,OCCN1CCN(CCCN2c3ccccc3Sc4ccc(cc24)C(F)(F)F)CC1,3.8,3.837754119239685,0.0377541192396853
3184,train,CN(C)CC(O)COc1ccc(Nc2nccc(Nc3cccc(Cl)c3)n2)cc1,2.5,2.4426046448079357,-0.05739535519206429
2289,train,CCN(CC)c1ncnc2c1ncn2Cc3c(Cl)cccc3Cl,1.25,1.4326441414908957,0.1826441414908957
1253,train,OCC[C@]1(CCCNC1)c2ccc(Cl)c(Cl)c2,0.62,0.5563603546540743,-0.0636396453459257
2505,train,CCCCC(CC)CNC(=O)c1cc(ccc1Cl)N2N=CC(=O)NC2=O,2.41,2.131267571986705,-0.27873242801329523
2231,train,O=C(Nc1cccc2cccnc12)[C@@H]3CC[C@H](CC3)N4C(=O)[C@@H]5[C@@H]6CC[C@@H](C6)[C@@H]5C4=O,3.94,3.8475346004517004,-0.09246539954829958
472,train,O=C(NC1CCCC1)C(N(Cc2occc2)C(=O)c3ccc([nH]3)c4ccccc4)c5ccncc5,4.36,4.3036199486779,-0.05638005132210022
4060,train,CN(C)CCCOc1nccc(Nc2cc(NC(=O)c3ccnc(c3)N4CCOCC4)ccc2C)n1,1.3,1.3450920552000856,0.045092055200085523
1552,train,NC(=N)N1CCc2ccccc2C1,-1.01,0.05939046009484672,1.0693904600948467
2428,train,Cc1ccc(cc1c2cc(ccc2OCC(=O)O)C(F)(F)F)C#N,0.15,0.20083828617315502,0.05083828617315503
3294,train,CCCN(CCCOCCOCCc1ccccc1)CCc2ccc(O)c3nc(O)sc23,2.74,2.6604589580379567,-0.07954104196204348
950,train,COc1ccc(cn1)c2ccc3nc(N)sc3c2,3.2,2.941527914488303,-0.2584720855116971
1162,train,CC(O)(C(=O)Nc1ccc(cc1)S(=O)(=O)c2ccc(O)cc2)C(F)(F)F,2.78,2.6877172092278228,-0.09228279077217705
514,train,COc1ccc(cc1F)c2cc(nn2c3ccc(cc3)S(=O)(=O)N)C(F)F,2.8,2.9008665028706773,0.10086650287067744
350,train,CCC(CC)NC(=O)c1cnn(c1NS(=O)(=O)c2ccc(C)cc2)c3ccccc3Cl,0.65,0.6023616873662279,-0.04763831263377216
872,train,C[C@@H]1CN(C[C@H](C)O1)c2nc(N3CCOC[C@@H]3C)c4ccc(nc4n2)c5ccccc5,3.75,3.6562655305736578,-0.09373446942634223
1801,train,Cn1cc(nc1c2c3C(=O)N(CC=C)C(=O)N(CC4CC4)c3nn2Cc5ccnc6ccc(Cl)cc56)C#N,3.92,4.058186596688258,0.13818659668825806
2415,train,C[C@H]1COCCN1c2cc(nc(n2)c3cccc4[nH]ccc34)C5(CC5)S(=O)(=O)C,2.8,2.816332990613952,0.016332990613951992
2314,train,CCCC(=O)Nc1ccc2c3ccccc3C(=O)C(=O)c2c1,2.81,2.868483740819468,0.05848374081946783
2026,train,CC(Cc1ccccc1)N(C)CC#C,2.16,2.0928866859526765,-0.06711331404732368
2767,train,Oc1nc2ccccc2nc1NCc3ccccc3,3.3,2.5929870676324915,-0.7070129323675083
1160,train,CN(C)CCCN(C)S(=O)(=O)c1ccc(Nc2nccc(n2)c3cnc4ccccn34)cc1,2.16,2.407420636299632,0.24742063629963207
1214,train,Fc1ccc(cc1)C(NC(=O)CC2CCN(Cc3ccn(c3)c4ccc(cc4)C(F)(F)F)CC2)C5=CNC(=O)C(=C5)Cl,3.12,3.004989421289591,-0.1150105787104092
3290,train,OC(=O)CCn1c2ccccc2c3ccccc13,0.6,0.7734110801363787,0.17341108013637874
1628,train,FC(F)(F)c1csc(n1)N2CCN(CC2)C(=O)[C@@H]3CCCC[C@H]3C(=O)NC4(CC4)C#N,2.4,2.3475778226582147,-0.052422177341785225
2908,train,Cc1ccc2c(c1)c(c(C)n2CC(=O)O)c3ccnc4cc(ccc34)C(F)(F)F,1.78,1.7153461533614691,-0.06465384663853091
1,train,COc1cc(OC)c(cc1NC(=O)CSCC(=O)O)S(=O)(=O)N2C(C)CCc3ccccc23,-1.18,-0.8357036195727203,0.3442963804272796
1647,train,[O-][S+](CCC1C(=O)N(N(C1=O)c2ccccc2)c3ccccc3)c4ccccc4,-0.51,-0.04299944812176104,0.46700055187823897
3513,train,CN1CCN(CC1)c2ccc3N=CN(C(=O)c3c2)c4cc(ccc4C)C(=O)Nc5nccs5,2.56,2.4026786817734513,-0.1573213182265487
209,train,Cc1ccc(cc1)c2cccc(c2)c3nn[nH]n3,1.3,1.5371639054416657,0.23716390544166566
1383,train,C[C@@H](C[C@@](C)(CS(=O)(=O)N1CCN(CCc2ccc(Cl)cc2Cl)CC1)N(O)C=O)c3ncc(F)cn3,3.27,3.344075028880189,0.07407502888018902
2523,train,CN1N=Nc2c(ncn2C1=O)C(=O)N,-1.08,-0.9764170615474219,0.10358293845257815
3170,train,CC(N)Cc1c[nH]c2ccc(OCc3cccs3)cc12,0.48,0.8669013364320335,0.3869013364320335
1043,train,CNCCCN1c2ccccc2CCc3ccccc13,1.24,1.281780221490171,0.04178022149017102
2805,train,COc1ccc(N(C(C(=O)NC[C@@H](C)O)c2ccccc2F)C(=O)c3ccccc3)c(OC)c1,2.55,2.0337697992214756,-0.5162302007785242
3754,train,Oc1c(C#N)c(nc2ccncc12)c3ccc(cc3)c4ccccc4CN5CCOCC5,2.0,2.2266768655174585,0.22667686551745847
3597,train,OC(=O)c1ccc(cc1)n2ncc(C(=O)NC3C4CC5CC(CC3C5)C4)c2C6CCC6,1.33,1.2882091653689822,-0.04179083463101785
440,train,O[C@@H](CNCCc1cccc(CN2CCCC2)c1)c3ccc(O)c4NC(=O)Sc34,-0.28,0.1326777035928659,0.41267770359286593
1228,train,OC(=O)Cc1csc(n1)c2ccc(Cl)cc2,-0.22,0.3344204358534595,0.5544204358534595
2947,train,Nc1cc(nc(N)[n+]1[O-])N2CCCCC2,0.77,0.6182968361737586,-0.15170316382624138
1054,train,C[C@@H]1CN(CCN1c2ncc(OCc3ccncc3C#N)cn2)c4noc(C)n4,2.6,2.2878733671422986,-0.3121266328577015
3853,train,COc1cncc(NC(=O)c2cc(NC(=O)c3cccc(c3)C(C)(C)C#N)ccc2C)c1,3.04,2.962759244197885,-0.07724075580211487
4166,train,NC1(CCN(CC1)c2ncnc3[nH]ccc23)C(=O)NC(CO)c4ccc(Cl)cc4,2.4,2.6611791888710368,0.26117918887103686
1053,train,COc1cc2nc(nc(N)c2cc1OC)N3CCN(CC3)C(=O)C4CCCO4,0.9,1.1380941149487418,0.23809411494874178
3354,train,CCC(N(CCCN)C(=O)c1ccc(C)cc1)C2=Nc3ccsc3C(=O)N2Cc4ccccc4,1.81,1.7468709035153214,-0.06312909648467868
1157,train,CCN(C1CCN(CC[C@H](C2CCN(CC2)S(=O)(=O)C)c3cccc(c3)C(F)(F)F)CC1)C(=O)Cc4ccc(cc4)S(=O)(=O)C,1.9,1.9422694480075038,0.042269448007503874
3655,train,Fc1ccccc1NC(=O)NC2N=C(c3ccccc3)c4ccccc4NC2=O,3.8,3.8188176483595804,0.018817648359580552
105,train,O[C@@H](CNC1CCN(Cc2ccc(Cl)c(Cl)c2)CC1)COc3cccc(c3)C#N,3.09,2.5685395812474687,-0.5214604187525311
3229,train,COc1cc2nc(nc(N)c2cc1OC)N3CCN(CC3)C(=O)c4occc4,1.9,1.8101629179861787,-0.08983708201382123
3675,train,CCOC(=O)c1cnc2c(N)cccc2c1O,0.9,1.2421873004734068,0.34218730047340673
2563,train,OCCN1C=Cc2c(NC(=O)Cc3ccc(Cl)c(c3)C(F)(F)F)cccc2C1=O,3.36,3.1246362736148097,-0.2353637263851902
453,train,CC(=O)Nc1ccc2ccn(c3cc(NC4COC4)n5ncc(C#N)c5n3)c2c1,2.24,2.6583060476179474,0.4183060476179472
215,train,O=C(NCCSCc1ccccc1)c2ccccc2,3.3,2.4824967652209544,-0.8175032347790454
231,train,C(C(C1CCCCC1)C2CCCCC2)C3CCCCN3,3.02,2.396791359780064,-0.6232086402199362
1069,train,CC1(C)N=C(N)N=C(N)N1c2ccc(Oc3ccc(Cl)cc3)c(Cl)c2,0.79,0.7412237305822884,-0.048776269417711626
2316,train,Clc1ccc(Nc2nnc(Cc3ccncc3)c4ccccc24)cc1,3.7,3.546273363871272,-0.15372663612872817
2989,train,CN(C)C(=O)N[C@@H]1CC[C@@H](CCN2CCN(CC2)c3ccc(Cl)cc3)CC1,2.81,2.8551985227821985,0.04519852278219849
3681,train,C1CN2CCC1C(C2)c3oc(nn3)c4oc(cc4)c5cccnc5,1.2,1.043836477282511,-0.1561635227174889
1023,train,CN1CCC(CC1)(c2cc(nc(n2)c3cccc4[nH]ccc34)N5CCOCC5)S(=O)(=O)C,1.9,1.98561531770165,0.0856153177016501
293,train,COc1cc2ncn(c3cc(OCc4ccccc4C(F)(F)F)c(s3)C(=O)O)c2cc1OC,0.84,1.4040189643990408,0.5640189643990409
2218,train,NC(=O)c1cccc(C[C@H]2C[C@H]3CC[C@@H](C2)N3Cc4ccccc4)c1,1.19,1.237059249493663,0.047059249493663025
1152,train,O=C1N=C(NCc2ccccc2)SN1Cc3ccccc3,3.01,3.0859651972443776,0.07596519724437778
322,train,NC1(CCN(CC1)c2ncnc3[nH]ccc23)C(=O)NC(C4CC4)c5ccc(Cl)cc5,3.4,3.390603277151482,-0.009396722848518113
4198,train,Clc1ccc2ncccc2c1C(=O)NCC3CCCCC3,2.65,2.8981812452099063,0.24818124520990636
2685,train,Cc1ccc(CCCOCCS(=O)(=O)CCCNCCc2ccc(O)c3nc(O)sc23)s1,2.41,2.049796710227239,-0.36020328977276117
3227,train,COc1cc(ccc1N)C(=O)NC[C@@H](O)CN2CCC(CC2)Oc3ccc(Cl)c(Cl)c3,3.12,2.9517861857502528,-0.16821381424974735
713,train,FC(F)(F)c1nnc2ccc(NCc3cccnc3)nn12,2.06,1.9381477289484241,-0.12185227105157592
600,train,CN(C)c1ccc(cc1)S(=O)(=O)NC(=O)N2CCC(CC2)N3CCC(CC3)Oc4ccc(Cl)c(C)c4Cl,2.0,2.1283762619682762,0.12837626196827623
2718,train,NC1=CC2=NNC(=O)N2c3cc(ccc13)c4occc4,2.48,2.2164809603454056,-0.26351903965459433
3501,train,COc1cc(Cc2cnc(N)nc2N)cc(OC)c1OC,0.63,0.944301709053535,0.31430170905353505
1499,train,CC(=O)NC[C@H]1CN(C(=O)O1)c2ccc(c(F)c2)n3cnc(c3)C#N,1.51,1.6486546815365446,0.1386546815365446
3093,train,COCCN1CCC(Cc2ccc(cc2)C(=O)NCc3cnc(nc3NCC(C)(C)C)C#N)CC1,3.5,3.4466219100122673,-0.053378089987732746
3771,train,CCN(CC)C(=O)c1ccc(cc1)C(N2CCNCC2)c3cccc4cccnc34,0.7,0.7615856464125494,0.06158564641254949
1823,train,COc1cc(N2CCCN(C)CC2)c3NC(=CC(=O)c3c1)C(=O)Nc4ccc(cc4)N5CCOCC5,2.1,2.284835365640705,0.1848353656407049
1808,train,COc1ncc2N=CC(=O)N(CCN3CCC(CC3)NCc4cc5OCCOc5cn4)c2n1,-0.14,-0.16447991598622913,-0.024479915986229117
2600,train,CS(=O)(=O)c1ccc(cc1)[C@@H](CC2CCCC2)C(=O)Nc3nccs3,3.86,3.5538955348146315,-0.3061044651853684
4120,train,CC(C)c1onc(n1)N2CCN([C@H](C)C2)c3ncc(OCc4ccncc4C#N)cn3,3.3,3.280727944873519,-0.01927205512648067
4143,train,Cc1ccc(cc1)c2c[nH]nn2,2.58,2.4542042100395767,-0.1257957899604234
1103,train,COc1ccc(C(=O)Nc2c(Cl)cncc2Cl)c3cccnc13,2.09,1.9865773862896194,-0.10342261371038042
3621,train,CO[C@@H](C(=O)N1Cc2n[nH]c(NC(=O)c3ccc(cc3)N4CCN(C)CC4)c2C1)c5ccccc5,2.0,2.054501174762881,0.05450117476288119
2553,train,CCCc1c(O)c(ccc1OCc2ccc(cc2OC)c3nn[nH]n3)C(=O)C,2.8,3.0604420352345616,0.2604420352345618
1358,train,COc1ccc(Nc2nccc(n2)c3cnc(C)n3C(C)C)cc1,3.43,3.5061207964285064,0.07612079642850622
2591,train,CC(C)(C)OC(=O)N1CCN(CC1)c2cnc(OCc3ccc(cc3)S(=O)(=O)C)cn2,3.4,3.291944674583303,-0.10805532541669693
3389,train,CC(=O)N1CCOc2nc(OCc3ccccc3)ccc12,2.4,2.2569065339319763,-0.14309346606802364
1349,train,O=C1C=C(N=C2N(Cc3cccc4ccccc34)C=CN12)N5CCOCC5,3.3,3.5383613693260587,0.2383613693260589
3155,train,CC(N)COc1c(C)cccc1C,0.62,0.6596624274316223,0.039662427431622294
2827,train,Oc1ccc(cc1)C2=CC(=O)c3cc(O)ccc3O2,3.3,3.3455282050863966,0.04552820508639677
3860,train,COC(=O)c1c(C)[nH]c(C)c1C(=O)c2ccccc2Cl,2.7,2.589509427046499,-0.11049057295350107
2326,train,CCCSc1nc(NC)ccc1C(=O)N[C@@H]2C3CC4CC2C[C@@](O)(C4)C3,3.27,3.257705916167872,-0.012294083832128155
3867,train,Cc1ccc2cc(C)c3nnc(SCC(=O)N4CCN(CC4)C(=O)c5occc5)n3c2c1,2.3,2.7250831662003097,0.42508316620030984
969,train,COc1cc(CCc2cc(Nc3ccnc(NCc4ccccn4)n3)n[nH]2)cc(OC)c1,3.5,3.5593967126524317,0.05939671265243174
2552,train,CCN(CCO)CCCOc1cc2ncnc(Nc3cc(CC(=O)Nc4cccc(F)c4)[nH]n3)c2cc1OC,2.12,2.146196140594232,0.02619614059423192
1852,train,Cc1c(OCC(F)(F)F)ccnc1C[S+]([O-])c2nc3ccccc3[nH]2,2.7,2.8016664133426006,0.1016664133426004
357,train,C[C@@H](Oc1cccc2ncnc(Nc3ccc(OCc4ccccn4)c(Cl)c3)c12)C(=O)N(C)C,3.67,3.5743055908785903,-0.09569440912140958
1566,train,CC(C)CC(N1NC(=O)c2nc3cc(Cl)ccc3c(O)c2C1=O)c4ccccn4,1.83,1.873317609555269,0.04331760955526898
2087,train,CC(N)(COP(=O)(O)O)C(=O)O,2.5,1.8164239322938327,-0.6835760677061673
2305,train,O=S(=O)(Nc1ccccc1c2ccccc2)c3ccccc3,3.96,2.9292518524114195,-1.0307481475885805
2657,train,Cc1ccc2c(N)c(C#N)sc2n1,2.23,2.076398515391572,-0.15360148460842815
2123,train,CS(=O)(=O)c1cccc(Nc2nccc(Nc3cccc4CCOc34)n2)c1,3.0,2.883760715592927,-0.1162392844070732
1704,train,COC[C@H](N1CCN(C[C@@H]1C)C2(C)CCN(CC2)C(=O)c3c(C)ncnc3C)c4ccc(cc4)C(F)(F)F,2.7,2.631243437879031,-0.06875656212096937
3739,train,[O-][N+](=O)c1cccc(c1)c2ccc(OCC(CCc3ccncc3)N4C(=O)CCC4=O)cc2,3.88,3.7163579635946586,-0.16364203640534125
3154,train,Nc1nc2nc(SCc3cccc(F)c3F)nc(O)c2s1,2.5,2.465081723639133,-0.03491827636086686
2446,train,Cc1nc2ccccn2c1c3ccnc(Nc4cccc(Cl)c4)n3,2.7,2.969842402395926,0.2698424023959256
98,train,COc1ccc(Cc2c(N)n[nH]c2N)cc1,0.2,0.5118552629120208,0.31185526291202076
1828,train,CCS(=O)(=O)c1ccc(c(C)c1)c2cc(Cl)ccc2OCC(=O)O,-0.65,-0.39943795685279815,0.2505620431472019
892,train,COCCNC(=O)c1ccc(Nc2ncc3cc(ccc3n2)c4ccnc(C)c4)cc1,3.56,3.5177345138660447,-0.04226548613395531
1315,train,O=C(Nc1ccc(nc1)n2ccnc2)c3ccc(cc3)C#N,2.2,2.266034020619961,0.066034020619961
2081,train,C[C@H](Nc1ncc(Br)c(Nc2cc(C)[nH]n2)n1)c3ncc(F)cn3,2.39,2.4206665802412233,0.03066658024122315
830,train,Cc1cc(N)c2cc(NC(=O)CCC(=O)Nc3ccc4nc(C)cc(N)c4c3)ccc2n1,1.39,0.9550218958624728,-0.43497810413752713
1665,train,O[C@@H](CNCCSCCCNCCc1cccc(Cl)c1Cl)c2ccc(O)c3NC(=O)Sc23,2.2,1.619781693011329,-0.5802183069886713
3046,train,CCOc1nc2cccc(C(=O)O)c2n1Cc3ccc(cc3)c4ccccc4c5nnn[nH]5,0.3,-0.00427405682495996,-0.30427405682495995
3811,train,COc1cc(cc(OC)c1OC)C(=O)NCc2ccc(OCCN(C)C)cc2,0.74,1.33029876659263,0.59029876659263
813,train,NC1(CCC1)c2ccc(cc2)c3c(ccn4ncnc34)c5ccccc5,1.7,1.8970389903587543,0.19703899035875438
1766,train,CC(NC(C)(C)C)C(=O)c1cccc(Cl)c1,2.12,2.1600195728009335,0.04001957280093338
2380,train,CN(c1ccnc(Nc2cc(OC3CCOCC3)cc(c2)N4CCOCC4)n1)c5cc(CO)ccc5C,3.7,3.545365688963576,-0.15463431103642433
4082,train,COc1cc(ccc1NC(=O)CN2CCOCC2)c3cccc4C(=O)C=C(Oc34)N5CCOCC5,2.3,2.6000973883526375,0.30009738835263766
1653,train,Nc1n[nH]c(N)c1Cc2ccc3OCOc3c2,0.47,0.4386948250100915,-0.03130517498990848
3423,train,COc1cc(F)ccc1c2cncc(CNC(=O)C3CCC3)c2,3.2,3.124739721531475,-0.07526027846852523
1722,train,Clc1ccccc1CNC(=O)c2cccnc2Oc3ccccc3,3.68,3.297265141193002,-0.3827348588069981
687,train,O=C(NC1CCCCC1)c2cccnc2Sc3ccccc3,3.01,3.1613055955057754,0.1513055955057756
3457,train,C[C@H](CO)Nc1nc(SCc2cccc(F)c2F)nc3NC(=O)C(=Cc13)C#N,3.32,3.0466868361490294,-0.2733131638509705
4193,train,Oc1cccc(NC(=O)c2ccc(OCCCN3CCCC3)cc2OCc4ccccn4)c1,1.78,1.9948806611805179,0.21488066118051785
4017,train,Cc1[nH]c(C(=O)NC2CCN(CC2)c3ncc(s3)C(=O)O)c(Cl)c1Cl,0.02,0.8623460116932973,0.8423460116932973
569,train,CN(c1ccnc(Nc2cc(cc(c2)N3CCN(C)CC3)N4CCOCC4)n1)c5cc(CO)ccc5C,2.61,3.0233661198393875,0.41336611983938765
2674,train,CC1=NC(=C(NC1=O)c2ccccc2)c3ccc(CN4CCC(CC4)N5C(=O)Nc6ccccc56)cc3,3.8,3.6848236854087895,-0.11517631459121036
487,train,CN(c1ccnc(Nc2cc(cc(c2)N3CCOCC3)N4CCCCC4)n1)c5cc(CO)ccc5C,4.2,3.870728718082906,-0.329271281917094
2574,train,COc1ccc2nc3ccccc3c(N)c2c1,1.0,1.0813032289900946,0.08130322899009457
963,train,O[C@@H](CNCCCOCCNCCc1cccc(Cl)c1)c2ccc(O)c3NC(=O)Sc23,-0.03,0.5640912939645475,0.5940912939645475
2432,train,Oc1c(NC(=O)Nc2cccc(F)c2Cl)ccc(Cl)c1S(=O)(=O)N3CCNCC3,2.6,2.3600979617435773,-0.23990203825642276
2010,train,CNc1c(Br)cnc2[nH]c(nc12)c3ccc(OCCCN4CCOCC4)cc3,2.96,3.016612724951909,0.056612724951909055
2365,train,CC(C)CN1C(=O)NC(=O)c2c1sc(Cc3ccccc3C(F)(F)F)c2C(=O)N4CCC4,3.0,3.3149169341510403,0.3149169341510403
823,train,CNC(=O)C[C@H](Nc1ncc(Cl)c(Nc2cc([nH]n2)C3CC3)n1)c4ccc(F)cc4,2.23,2.7103931015423477,0.4803931015423477
3375,train,OC(=O)c1ccc2[nH]c(nc2c1)C(F)(F)F,-1.08,-0.5755673573694362,0.5044326426305639
3373,train,Cc1c(Sc2ccc(Cl)cc2)c3c(cccc3n1CC(=O)O)S(=O)(=O)C,0.58,0.4102641962627005,-0.16973580373729946
2054,train,Cc1ccnc(NCc2ccccc2)c1,3.08,3.2432406758134107,0.16324067581341062
553,train,COc1ccc(c(C)n1)c2cccc3c(N)c4C(=O)N(Cc4nc23)C5CCC5,3.92,3.673256479149593,-0.24674352085040674
3900,train,CC(O)(C(=O)Nc1ccc(cc1)S(=O)(=O)c2ccccc2)C(F)(F)F,2.98,2.7858095273450223,-0.19419047265497769
3515,train,CC(CN1c2ccccc2Sc3ccccc13)N(C)C,2.67,2.9605037627816975,0.29050376278169754
498,train,OC1=CC=Cc2cc(O)c(O)c(O)c2C1=O,2.03,2.2051879567379586,0.17518795673795884
2872,train,Brc1cnc(Nc2cccc(NC(=O)N3CCCC3)c2)nc1NCCCNC(=O)c4cccs4,4.13,3.9829429873999547,-0.14705701260004522
2221,train,CN1CCN(CC1)S(=O)(=O)c2ccc(c(C)c2)c3cnc(N)c(n3)C(=O)Nc4cccnc4,2.6,2.610986898696917,0.010986898696916825
563,train,OCC[C@]1(CCCNC1)c2oc3ccccc3c2,0.06,0.3017325371257198,0.2417325371257198
1441,train,Clc1ccc(NC(=O)N2CCN(C[C@@H]3CCCN(C3)C4CC4)CC2)cc1Cl,3.57,3.2226853219138407,-0.3473146780861591
1395,train,COc1cccc(c1)C(=O)NCCCOc2cccc3ccc(N)nc23,2.46,2.6115634600955193,0.15156346009551935
4199,train,CN1C(=O)C=C(CCc2ccc3ccccc3c2)N=C1N,2.7,2.67885843053023,-0.021141569469770083
2273,train,CCN(CC)C(=O)c1ccc(cc1)[C@@H](N2CCN(CCOC)CC2)c3cccc(NC(=O)C4CC4)c3,2.35,2.5086550054655383,0.15865500546553823
1527,train,OC(=O)c1cc(nc2ccccc12)c3ccccc3,-0.7,0.3491917409446683,1.0491917409446683
2459,train,NS(=O)(=O)c1cccc(Nc2nccc(Nc3cccc4[nH]ncc34)n2)c1,2.6,2.6168990290152334,0.016899029015233324
1768,train,NC1(Cc2ccc(Cl)cc2)CCN(CC1)c3ncnc4[nH]ccc34,2.72,2.909023993095683,0.18902399309568274
152,train,NC(=O)c1ccc(Oc2cccc3cccnc23)c(c1)[N+](=O)[O-],1.7,1.5966301643726428,-0.10336983562735713
2495,train,CN[C@@H](C)C(=O)N[C@@H](C1CCCCC1)C(=O)N[C@H]2CCCN(CCc3cccc(F)c3)C2,2.64,2.618697548407264,-0.021302451592736027
3706,train,CN([C@H](CN1CCCC1)c2ccccc2)C(=O)Cc3ccc(Cl)c(Cl)c3,3.42,3.0769215018332763,-0.34307849816672364
2147,train,CCS(=O)(=O)c1ccc(c(F)c1)c2cc(Cl)ccc2OCC(=O)O,-0.92,-0.7890521388791067,0.1309478611208933
919,train,CN[C@@H](C)C(=O)N[C@@H](C1CCCCC1)C(=O)N[C@H]2CCCN(C2)C(=O)Cc3ccccc3,1.32,1.6090631869060728,0.2890631869060727
2739,train,Cc1c(cnn1c2ccc(cc2)C(=O)O)C(=O)NC3C4CC5CC(CC3C5)C4,0.8,0.6705355325711091,-0.12946446742889095
746,train,CCCc1c(O)c(ccc1OCc2cccc(NC(=O)c3ccccc3C(=O)O)c2)C(=O)C,1.9,2.1773387665256565,0.2773387665256566
3112,train,CCCCCc1ccc(cc1)c2nnc(N)s2,4.13,3.6079238811783285,-0.5220761188216714
4110,train,Nc1ccc(OCc2ccccc2)cc1,2.2,2.2624351262582603,0.06243512625826009
1465,train,CCOc1ccc(cc1)N2C(=Nc3ccccc3C2=O)CC,3.27,3.316818652483147,0.046818652483147094
3325,train,Nc1cccc(C(=O)NCC23CC4CC(CC(C4)C2)C3)c1Cl,3.29,3.2510660497155603,-0.03893395028443969
3976,train,C[C@H](CO)Nc1nc(SCc2ccccc2F)nc3NC(=O)Sc13,3.0,3.0703184309208034,0.07031843092080337
1120,train,CC(=O)Nc1ccc2c(c1)c(cn2CCO)c3cc(NC4CC4)n5ncc(C#N)c5n3,2.71,2.731832813628089,0.021832813628089198
1908,train,OC(=O)c1ccc(OCC(=O)COc2ccc(SCCCCCc3ccccc3)cc2)cc1,3.63,3.5769004043183434,-0.05309959568165645
4168,train,Oc1ccc(cc1)[N+](=O)[O-],1.5,1.8338085739176109,0.3338085739176109
1155,train,NC(=N)Nc1nc(CSCCC(=N)NS(=O)(=O)N)cs1,-0.6,-0.53759149657516,0.062408503424839945
1483,train,CC(C)C(NC(=O)CN1C(=O)C(=CN=C1c2ccc(F)cc2)NC(=O)OCc3ccccc3)C(=O)C(F)(F)F,2.47,2.452107488175942,-0.017892511824058044
1267,train,Cc1nccc(c1Cl)c2ccc(cc2)c3nc4ccncc4c(O)c3C#N,2.0,1.8451149171350556,-0.1548850828649444
2194,train,CC(=O)Nc1ccc2ccn(c3cc(NC4CC4)n5ncc(C#N)c5n3)c2c1,3.29,2.9063748664782016,-0.3836251335217984
2752,train,CC(NC(=O)C1(N)CCN(CC1)c2ncnc3[nH]ccc23)c4ccccc4,2.17,2.3028090558512115,0.1328090558512116
3992,train,CC1=CN([C@H]2CCCN(C2)[C@H](CC3CCCCC3)c4ccc(C(=O)O)c(Oc5cccc(Cl)c5)c4)C(=O)NC1=O,1.83,1.8232227644330476,-0.006777235566952422
2020,train,OC(=O)COc1ccc(cc1c2cccc(c2)C#N)C(F)(F)F,0.05,-0.011453555973492069,-0.06145355597349207
1659,train,Cc1cc(CNc2ncc(Br)c(Nc3cc(C)[nH]n3)n2)on1,2.92,2.7474524516267835,-0.1725475483732164
378,train,Nc1ccccc1NC(=O)c2ccc(cc2)c3ncc(CN4CCC4)cc3F,1.69,1.5723519911248958,-0.11764800887510418
136,train,Nc1nnc(CCSCCc2nnc(NC(=O)Cc3ccccc3)s2)s1,2.0,2.201103694171648,0.20110369417164797
627,train,Nc1c(nnc2c(c(F)ccc12)c3ncccn3)C(=O)NC4CC4,1.59,1.8491655936567313,0.2591655936567312
1458,train,NC(=O)c1cn([C@@H]2O[C@H](CO)[C@@H](O)[C@H]2O)c3ncnc(N)c13,-0.87,-0.6806474255504829,0.18935257444951714
2604,train,Clc1ccc2nsnc2c1NC3=NCCN3,0.71,0.9844280150126792,0.2744280150126792
1095,train,CCc1c(C(=O)C(=O)N)c2c(OCC(=O)N)cccc2n1Cc3ccccc3,2.1,2.077007096023324,-0.022992903976676082
3415,train,O=C1C=C(Oc2c1cccc2c3cccc4c5CCCCc5sc34)N6CCOCC6,4.1,4.246286796084229,0.14628679608422956
3975,train,Cc1oc(CN2CCNCC2)cc1C(=O)NCC34CC5CC(CC(C5)C3)C4,1.03,1.0985866683849108,0.06858666838491079
3687,train,c1ccc(cc1)c2cn3ccccc3n2,2.9,2.9572218735042917,0.057221873504291754
2134,train,Oc1ccccc1OCC(=O)NC2CCCC2,2.31,2.3986677076782716,0.08866770767827159
3216,train,CCN(C1CCN(CCC(c2ccccc2)c3ccc(NC(=O)C(C)(C)C)cc3)CC1)C(=O)Cc4ccc(cc4)S(=O)(=O)C,2.98,2.8507162116040683,-0.1292837883959317
1193,train,CO[C@@H]1CN(Cc2ccc(cc2)C(F)(F)F)CC[C@@H]1N(C)C(=O)Cc3ccc(cc3)n4cnnn4,3.1,3.0982470580573733,-0.0017529419426267623
4026,train,CCS(=O)(=O)c1ccc(c(C)c1)c2cc(ccc2CCC(=O)O)C(F)(F)F,0.76,0.6884770910110518,-0.0715229089889482
3042,train,c1ccc(cc1)C#Cc2n[nH]c3ccccc23,4.31,3.7587323981008627,-0.5512676018991369
3208,train,COc1cc(ccc1Nc2ncc(Cl)c(n2)c3cnc4ccccn34)C(=O)N5CCOCC5,3.4,3.242930970678983,-0.15706902932101707
3836,train,OC(=O)c1ccccc1NC(=O)Nc2ccccc2,-0.12,0.8599058909387711,0.9799058909387711
3752,train,CCCSc1c(cnn1[C@@H]2CC[C@H](CC2)C(=O)O)C(=O)NC3CCCCC3,1.03,1.163481589365329,0.13348158936532895
4012,train,Clc1cccc(c1)S(=O)(=O)NCC(N2CCCCCC2)c3ccccc3,3.39,3.422689058855233,0.032689058855232656
2025,train,CC1=C(CCC(=O)O)C(=O)Oc2c(C)c(O)ccc12,-0.3,-0.27539830664733467,0.02460169335266532
3804,train,O=C(Nc1ccccc1)c2ccc(OCCCN3CCCC3)cc2OCc4ccccc4C#N,2.66,2.994696244976467,0.3346962449764668
154,train,Nc1ccc(cc1)S(=O)(=O)Nc2nccs2,-0.37,-0.16069339280192851,0.20930660719807148
3644,train,Fc1ccccc1NC(=O)N[C@H]2N=C(c3ccccc3)c4ccccc4NC2=O,4.0,3.8188176483595804,-0.18118235164041963
809,train,CNC(=O)c1ccccc1Sc2ccc3c(\C=C\c4ccccn4)n[nH]c3c2,3.8,3.698225369027635,-0.10177463097236483
1084,train,C[C@H](NC(=O)Cc1cc(F)cc(F)c1)C(=O)NC2C(=O)N(C)c3ccccc3c4ccccc24,3.6,3.467083251489366,-0.13291674851063418
2798,train,CCO[C@@H]1OC(=O)C[C@@H]1NC(=O)[C@@H]2CCCN3N2C(=O)[C@H](CCC3=O)NC(=O)c4nccc5ccccc45,1.16,1.2507988586897965,0.09079885868979654
3731,train,OC[C@H]1C[C@H]([C@H](O)[C@@H]1O)n2nnc3c(N[C@@H]4C[C@H]4c5ccccc5)nc(SCCC(F)(F)F)nc23,4.06,3.96597368575735,-0.09402631424264962
1444,train,CC(C)n1c(C)ncc1c2ccnc(Nc3ccc(cc3)N4CCN(CC4)C(=O)C)n2,2.39,2.59959988207566,0.20959988207565994
284,train,COc1ccccc1c2nnc(N)[nH]2,0.91,0.8987377281149218,-0.011262271885078223
4009,train,O=C(NCC#N)[C@@H]1CCCC[C@H]1C(=O)N2CCN(CC2)c3ccccc3,1.75,1.7864166194679034,0.03641661946790342
3139,train,CCOC(=O)c1ccc(OCCC2CN(CCO2)c3ccc(C)nn3)cc1,2.7,2.7377213767511903,0.03772137675119014
1260,train,CC(C)n1c(C)ncc1c2ccnc(Nc3ccc(cc3)N4CCN(CC4)S(=O)(=O)CCN(C)C)n2,2.52,2.4371350092216546,-0.08286499077834542
1865,train,CCOc1cccc(\C=C\2/SC(=O)NC2=O)c1N3CCC[C@@H](N)C3,1.86,1.7059377741608799,-0.15406222583912021
2717,train,CC1=CN([C@H]2CCCN(C2)S(=O)(=O)c3ccc(C(=O)N)c(Oc4cccc(Cl)c4)c3)C(=O)NC1=O,1.96,1.5186557013037247,-0.44134429869627523
3510,train,Oc1cc(nc2ncnn12)c3ccccc3,-0.21,0.3048107755364695,0.5148107755364695
507,train,NS(=O)(=O)c1ccc(NCc2ccccc2)cc1,1.7,1.6945062656800527,-0.005493734319947263
559,train,CNC(=O)c1c(F)cccc1Nc2nc(Nc3cc4N(CCc4cc3OC)C(=O)CN(C)C)nc5[nH]ccc25,2.61,2.5689766619045376,-0.041023338095462325
30,train,CS(=O)(=O)C1(CC1)c2cc(nc(n2)c3cccc4[nH]ccc34)N5CC6CCC(C5)O6,2.6,2.620130179507764,0.020130179507763746
289,train,CC[C@H](NC(=O)c1c([S+]([O-])C(C)C)c(nc2ccccc12)c3ccccc3)c4ccccc4,3.81,3.8794414844714282,0.06944148447142817
855,train,CN(C)CC(O)COc1ccc(Nc2ncc(Cl)c(Nc3ccccc3)n2)cc1,2.25,2.3422608070811397,0.0922608070811397
1652,train,CN(c1ccnc(Nc2cc(cc(c2)N3CCOCC3)N4CCOCC4)n1)c5cc(CO)ccc5C,2.94,3.259924688641081,0.3199246886410809
2277,train,NC(=O)c1cccc(N[C@H]2C[C@H]3CC[C@@H](C2)N3Cc4ccccc4)c1,1.01,1.2849334425452277,0.27493344254522767
4108,train,CC(C)N(C(C)C)c1nnc(N)s1,1.49,1.3444832291441866,-0.14551677085581338
3088,train,COc1cnc(nc1NC(C)C)c2ccccn2,2.01,1.7838614772229384,-0.22613852277706137
1833,train,N[C@@H]1CCCN(C1)c2c(Cl)cccc2\C=C\3/SC(=O)NC3=O,1.97,1.9538224233874355,-0.01617757661256447
3646,train,CN(C)C(=O)[C@H](Cc1ccccc1)NC(=O)c2cc3sccc3[nH]2,3.1,3.0148297033604736,-0.08517029663952647
4057,train,NC(=N)Nc1oc2ccccc2n1,1.91,1.5591913733173413,-0.35080862668265866
1859,train,CCCNC(=O)c1nnc2c(cccc2c1N)c3cc(C)ccc3OC,3.99,4.022140712637059,0.032140712637058755
682,train,CCc1csc(n1)N2CCN(CC2)C(=O)[C@@H]3CCCC[C@H]3C(=O)NC4(CC4)C#N,2.1,1.9334765710919968,-0.1665234289080033
3966,train,COc1cc(nc2c(cc(F)cc12)N3CCN(C)CC3)C(=O)Nc4ccc(cc4)N5CCOCC5,3.85,3.6338898403499993,-0.2161101596500008
1544,train,Fc1cc(Oc2ccc(cc2c3ccnnc3)C(F)(F)F)c(Cl)cc1S(=O)(=O)Nc4nncs4,1.15,1.5409899676930523,0.3909899676930524
3877,train,COc1cc(cc(OC)c1OC)c2nnc(S)n2c3cccc(c3)C(F)(F)F,2.27,2.7699517157761426,0.4999517157761426
3920,train,OC(Cn1cncn1)(Cn2cncn2)c3ccc(F)cc3F,0.48,0.8403652808077575,0.36036528080775754
2448,train,Oc1ccc(CCNCCCS(=O)(=O)NCCOCCSc2ccccc2)c3sc(O)nc13,1.84,1.9736766605386173,0.13367666053861726
1101,train,CN(C)CCOC(C)(c1ccccc1)c2ccccn2,-0.2,0.3927802972708556,0.5927802972708556
1629,train,CC(C)Nc1nc(nc(N2CCOCC2)c1N)C#N,2.04,2.197125949963345,0.15712594996334506
3277,train,COc1ccc(cc1OC)c2csc(NC(=O)c3c(C)onc3C)n2,3.16,3.3559422130744254,0.19594221307442528
808,train,Cc1cc(Nc2ccccc2)n(CCC#N)n1,2.3,2.3493881185644807,0.04938811856448089
2533,train,OC(=O)c1c(Sc2ccccc2)c3cc(Cl)ccc3n1Cc4ccc(Cl)cc4,2.96,2.8135098046567006,-0.14649019534329932
2027,train,C[C@H](NC(=O)c1c(C)nn(C2CCOCC2)c1NS(=O)(=O)c3ccc(C)cc3)C(C)(C)C,0.5,0.7239009899409814,0.2239009899409814
3809,train,Cn1cc(cc1c2c3C(=O)N(CC#CCn4cncn4)C(=O)N(CC5CC5)c3nn2Cc6ccnc7ccc(Cl)cc67)C#N,3.43,3.463265473392104,0.03326547339210384
3554,train,CNc1cc(nc2c(cc(OC)cc12)N3CCN(C)CC3)C(=O)Nc4ccc(cc4)N5CCOCC5,2.93,3.221819498699105,0.29181949869910495
3663,train,Oc1cccc(NC(=O)c2ccc(OCCCN3CCCC3)cc2OCc4ccccc4)c1,3.07,2.8425586835709225,-0.2274413164290774
652,train,CC1(C)Oc2ncnc(N)c2N=C1c3ccc(cc3)[C@@H]4CC[C@@H](CC(=O)O)CC4,1.32,1.309020479352413,-0.010979520647587115
2177,train,CN1C(=O)N(CC2CC2)c3nn(Cc4ccnc5ccc(Cl)cc45)c(c3C1=O)c6nc(cn6C)S(=O)(=O)C,2.64,2.775979423792621,0.13597942379262085
2173,train,NC(=O)c1sc(cc1N)c2ccc(Cl)cc2,3.3,3.235937597149045,-0.06406240285095466
2334,train,Clc1cccc2[nH]ncc12,2.5,2.4597384444635204,-0.04026155553647959
207,train,OC(=O)C1CCN(CC1)c2ncccc2c3ccc(Cl)c(c3)C(=O)NCC4CCCCCC4,2.53,2.483749720795895,-0.04625027920410485
2089,train,CN(C)C(=O)N[C@@H]1CC[C@@H](CCN2[C@@H]3CC[C@H]2C[C@H](C3)Oc4cccc(c4)C(=O)N)CC1,0.12,0.3382646583343938,0.2182646583343938
1258,train,COCCC(=O)N(C)c1ccc(Nc2ncc3cc(ccc3n2)c4ccncc4)cc1,3.23,3.2285222340266966,-0.001477765973303402
2933,train,CONC(=O)c1cnc(s1)N2CCC(CC2)NC(=O)c3[nH]c(C)c(Cl)c3Cl,3.1,2.484031684118442,-0.6159683158815579
907,train,CS(=O)(=O)c1cccc(Nc2nccc(Nc3cccc4ccoc34)n2)c1,3.52,3.3473524250103797,-0.17264757498962036
3116,train,COc1cc(ccc1Nc2ncc(Cl)c(n2)c3cnc4cc(Cl)ccn34)N5CCN(CC5)C(=O)C,4.2,4.133372793141406,-0.0666272068585938
2386,train,S(c1ccccc1)c2ccc3ccccc3n2,3.92,3.7199032011751685,-0.20009679882483145
3033,train,CC(=O)Nc1cc(CN2C(=O)N(C(=O)C2(C)C)c3ccc(SC(F)(F)F)cc3)ccn1,2.93,3.027881121531057,0.09788112153105688
2532,train,OC(=O)c1cc(ccc1O)N=Nc2ccc(cc2)S(=O)(=O)Nc3ccccn3,-0.58,-0.6088463311649299,-0.02884633116492996
3156,train,CCCCC(O)c1[nH]c2cc(C)c(cc2c1CCc3ccccc3)C(=O)O,2.59,2.6154513860055606,0.02545138600556074
3719,train,CN[C@@H](C)C(=O)N[C@H](C(=O)N[C@H]1CCCN(CCc2cccc(OC)c2)C1)C(C)(C)C,1.47,1.540667977992123,0.0706679779921231
396,train,O=C(Nc1cccc(NC(=O)c2ccccc2)n1)c3ccccc3,4.02,3.5958090744149143,-0.4241909255850853
2252,train,NC(=O)c1cnc(N[C@H]2CCCNC2)c3cc(sc13)c4ccc(F)cc4F,1.97,2.002618712761558,0.03261871276155781
594,train,COCCC(=O)N[C@H](C)c1ccc(Nc2ncc3cc(ccc3n2)c4ccncc4)cc1,3.08,3.2362628095123838,0.1562628095123837
342,train,CCN(CC)S(=O)(=O)c1ccc(cc1)c2oc(SCC(=O)N3CCc4ccccc34)nn2,3.9,3.6669317226295046,-0.2330682773704953
1640,train,O=C(NCC#N)[C@@H]1CCCC[C@H]1C(=O)N2CCc3ccccc3C2,1.91,1.7835904112600716,-0.12640958873992836
2165,train,Cc1ccccc1C[C@H](N2CCC(CN3CCC(CC3)Oc4ccc(Cl)c(Cl)c4)CC2)C(=O)O,2.54,2.6306602650204405,0.09066026502044044
1845,train,CCN(CC)C(=O)c1ccc(cc1)[C@@H](N2CCN(Cc3ccc(F)cc3)CC2)c4cccc(NC(=O)C5CC5)c4,3.99,3.923715353952904,-0.06628464604709627
2308,train,Cc1ccc(cc1NC(=O)c2ccc(OCc3ccccn3)cc2)c4ccc(N)nn4,2.47,2.5432521083661954,0.07325210836619522
3680,train,Cc1cc(CN2Cc3cccnc3CC2C(=O)Nc4ccc(Cl)cc4Cl)ccc1OCC(=O)O,1.15,1.5000106309823822,0.3500106309823823
2612,train,CCCCNc1nc(SCCC)nc2c1nnn2[C@@H]3C[C@H](CO)[C@@H](O)[C@H]3O,3.07,2.9917402468691137,-0.07825975313088618
1438,train,NC(=O)c1ccc(O[C@H]2C[C@H]3CC[C@@H](C2)N3Cc4ccccc4)c(F)c1,2.1,1.7245267911084292,-0.3754732088915709
2019,train,CC1=CC(=O)Oc2cc3NCCCc3cc12,2.7,2.791778335569803,0.09177833556980275
2007,train,NC(=O)Nc1sc(cc1C(=O)N[C@H]2CCCNC2)c3ccc(F)cc3,1.76,1.6034239902407683,-0.1565760097592317
1140,train,Fc1ccc(C2CCN(CC2)C(=S)COCc3ccncc3)c(Cl)c1,4.23,3.861963483280306,-0.3680365167196946
2679,train,COc1ccc(cc1)N2Sc3ccccc3C2=O,3.02,2.66228053221623,-0.35771946778376984
3298,train,CS(=O)(=O)c1ccc(CC(=O)N(CC=C)C2CCN(CCC(c3ccccc3)c4ccccc4)CC2)cc1,3.1,2.8270213055311633,-0.2729786944688368
1503,train,CC(C)C[C@H](CO)Nc1nc(SCc2ccncc2)nc3nc(N)sc13,2.9,2.9677360172415685,0.06773601724156864
608,train,COc1ccc(cc1)C(=O)C2CCN(CC2)C(=O)c3occc3,2.42,2.5714876298705898,0.15148762987058983
3738,train,NCC(O)(c1ccccc1)c2ccccc2,0.9,0.9319566797784962,0.031956679778496144
1644,train,CCOC(=O)c1ccc(OCC2CCN(C2)c3ccc(C)nn3)cc1,3.44,3.1344493138525444,-0.3055506861474555
3366,train,COc1cc2ncnc(Nc3ccc(F)c(Cl)c3)c2cc1OCCCN(C)C,2.9,2.9169255081212944,0.016925508121294452
749,train,CC(C)NC[C@@H](C(=O)N1CCN(CC1)c2ncnc3[C@H](O)C[C@@H](C)c23)c4ccc(Cl)cc4,1.3,1.4034050434341934,0.10340504343419332
1389,train,N#CCc1c[nH]c2ccc(OCc3ccccc3)cc12,3.71,3.4249216472106845,-0.2850783527893155
210,train,Cc1ccc2c(n1)c(Sc3ccc(Cl)cc3)c(C)n2CC(=O)O,0.35,0.5906637338837699,0.24066373388376994
1518,train,CC(C)n1c(C)ncc1c2ccnc(Nc3ccc(cc3)C(=O)NCCO)n2,2.09,2.3316006275588825,0.24160062755888267
2060,train,CN(C)C(=O)CC(NC(=O)C1(N)CCN(CC1)c2ncnc3[nH]ccc23)c4ccc(Cl)cc4,2.4,2.4504952540164053,0.05049525401640542
3385,train,COc1ccnc(NC2CCN(CC2)C(=O)c3ccc(Cl)cc3)c1,2.82,2.8056613144779523,-0.014338685522047534
3668,train,CCC(N(CCCN)C(=O)c1ccc(C)cc1)C2=Nc3ccsc3C(=O)N2Cc4cscn4,0.02,0.2199127740582063,0.19991277405820632
2077,train,COCCN1CCN(CC(=O)Nc2ccc(C3=CC=CN4C(=O)C=C(N=C34)N5CCOCC5)c6sc7ccccc7c26)CC1,3.2,3.1025850838107667,-0.09741491618923348
2771,train,CC(C)C(NC(=O)CN1C(=O)C(=CC=C1c2ccccc2)NC(=O)OCc3ccc(cc3)C(=O)O)C(=O)C(F)(F)F,0.84,0.9350352205572845,0.09503522055728453
1138,train,NC(=O)N1c2ccccc2C[C@H](O)c3ccccc13,0.79,0.8161310404691953,0.026131040469195232
4169,train,CCC(CC)NC(=O)c1cnn(Cc2ccccc2)c1NS(=O)(=O)c3ccc(C)cc3,1.52,1.3917343855734996,-0.12826561442650042
2633,train,NC1=NC(Nc2cccc(F)c12)c3cccs3,0.91,1.0864135265027062,0.17641352650270614
1161,train,OC1=CC(=O)C2=C(O1)c3ccccc3N(Cc4ccccc4)C2=O,1.97,2.144403631144273,0.17440363114427293
956,train,Cc1ccc2c(c1)c(c(C)n2CC(=O)O)c3ccnc4c(cccc34)C#N,0.52,0.3429126854507054,-0.1770873145492946
2516,train,O=C(N1CCOCC1)N2CCn3cc(C4=C(C(=O)NC4=O)c5cnc6ccccn56)c7cccc(C2)c37,1.79,1.8227518143148154,0.03275181431481533
281,train,CC(=O)Nc1ccc2c(c1)c(Sc3ccc(Cl)cc3)c(C)n2CC(=O)O,0.2,0.8778738150757799,0.6778738150757799
1764,train,Nc1cccc(NC(=O)c2ccc(CNC(=O)OCc3cccnc3)cc2)c1,1.6,1.6770244574397624,0.07702445743976227
743,train,COc1ccc(C=C2SC(=O)NC2=O)cc1OC,1.17,1.1993338812440182,0.029333881244018256
101,train,C1Oc2ccccc2C3=NN(CC13)c4ccccc4,4.28,3.988469935954723,-0.29153006404527737
4149,train,CC(C)N1CCC[C@H](CN2C(=Nc3ccc(Oc4ccc(F)cc4)cc3C2=O)C)C1,2.4,2.4618754281729145,0.06187542817291458
2496,train,CCCC1=CC(=CC(=O)N1Cc2ccc(cc2)c3ccccc3c4nn[nH]n4)OCc5ccccc5,2.4,2.430785769983388,0.030785769983388
2227,train,O=C(CS(=O)(=O)c1ccccc1)c2ccccc2,1.86,2.0789307187261223,0.21893071872612224
48,train,O[C@@H](CNCCCOCCOCCc1cccc2ccccc12)c3ccc(O)c4NC(=O)Sc34,2.28,2.1099336018373087,-0.1700663981626911
2930,train,O=C1N2CCS(=O)(=O)C2=Nc3ccccc13,0.8,0.8077748657266686,0.007774865726668523
370,train,COCCS(=O)(=O)N1CCN(CC1)c2ccc(Nc3nccc(n3)c4cnc(C)n4C(C)C)cc2,2.75,2.8568241355712343,0.10682413557123427
3012,train,C=CCCCCCCCCC(=O)N[C@H]1CCC(=O)NC1=O,2.64,2.524938689190779,-0.11506131080922133
811,train,Oc1ccc(CCNCCS(=O)(=O)CCCOCCc2oc3ccccc3c2)c4sc(O)nc14,2.86,2.634875977123527,-0.22512402287647282
116,train,NC1(CCC1)c2ccc(cc2)c3nc4C=CN5C(=O)NN=C5c4cc3c6ccccc6,2.5,2.5572377615064945,0.05723776150649451
3964,train,CN1[C@@H]2CC[C@H]1C[C@H](C2)OC(=O)C(CO)c3ccccc3,-0.66,-0.08064311004301761,0.5793568899569824
1954,train,Cc1nc(C)c(nc1C(=O)N)c2ccc([C@@H]3CC[C@H](CC(=O)O)CC3)c(F)c2,1.2,1.4330242343802349,0.2330242343802349
4032,train,COc1cc(F)ccc1c2cncc(CNCC3CC3)n2,1.8,1.9529099666458034,0.15290996664580336
3293,train,O[C@@H](CNCCc1cccc(CNCCCc2ccccc2)c1)c3ccc(O)c4NC(=O)Sc34,1.11,1.126171954213259,0.01617195421325901
4117,train,NS(=O)(=O)c1ccc2NC(C3CC=CC3c2c1)c4cccc5ccccc45,1.9,2.007290622079876,0.10729062207987594
464,train,COc1ccc2nc(C)cc(N3CC(CNC(=O)C4CC4)OC3=O)c2c1,1.55,1.5442283572220892,-0.005771642777910868
512,train,CCN(C1CCN(CCC(c2ccc(NC(=O)C)cc2)c3cccc(F)c3)CC1)C(=O)Cc4ccc(cc4)S(=O)(=O)C,2.41,2.2886136353244897,-0.12138636467551045
1327,train,OC(=O)CCCc1ccc(cc1)N(CCCl)CCCl,1.47,1.483032556846134,0.013032556846134025
2271,train,O[C@H](CNC(=O)C1=CC(=O)Nc2ccccc12)CN3CCC(CC3)Oc4ccc(Cl)c(Cl)c4,3.48,3.061466088143985,-0.4185339118560152
1380,train,COCCN(C)Cc1ccc(Nc2ncc3cc(ccc3n2)c4ccncc4)cc1,2.65,2.660399255065436,0.01039925506543593
2135,train,Clc1ccc(cc1C(=O)NCC23CC4CC(CC(C4)C2)C3)C5CCNCC5,1.58,1.63281746967508,0.05281746967507983
474,train,CN1CCN(CC1)C(=O)c2cc3cc(Br)ccc3[nH]2,2.79,2.6425270541278834,-0.14747294587211668
3414,train,CNC(=O)c1cccc2c1c(Sc3ccc(Cl)cc3)c(C)n2CC(=O)O,-0.89,-0.09400393085973757,0.7959960691402624
1266,train,C[C@@H]1CN(CCN1C(=O)[C@@H]2CCCC[C@H]2C(=O)NC3(CC3)C#N)c4ccc5c(C)nn(C)c5c4,2.7,2.702171444476574,0.002171444476573914
3785,train,CN(C)CCNS(=O)(=O)c1ccc(Nc2nccc(n2)c3cnc4ccccn34)cc1,2.7,2.8273314179277755,0.12733141792777536
1780,train,CCCCCC1=CC(=O)NC(=N1)N,1.62,1.6773112469289657,0.05731124692896561
1903,train,CCOC(=O)c1ccc(N)cc1,1.83,1.3922514171789575,-0.43774858282104256
0,train,Cn1c(CN2CCN(CC2)c3ccc(Cl)cc3)nc4ccccc14,3.54,3.604757654319328,0.06475765431932778
2828,train,CN(C1CCN(Cc2nc3cc(F)ccc3s2)CC1)C(=O)Cc4ccc(cc4)n5cnnn5,2.85,2.8949802853151856,0.0449802853151855
3796,train,Nc1nccc(n1)c2cc3C(=O)NC[C@H](CCF)c3[nH]2,0.51,0.6040853291846167,0.09408532918461665
2993,train,Clc1ccc2N(C3CCN(CCCN4C(=O)Nc5ccccc45)CC3)C(=O)Nc2c1,3.45,3.40435915644595,-0.04564084355405029
1842,train,CS(=O)(=O)c1ccc(c[n+]1[O-])C(=O)Nc2ccc(F)cc2,0.84,1.1358032071008342,0.2958032071008342
3704,train,CN1C[C@@H](c2ccccc2)c3cccc(N)c3C1,2.11,2.052981829114577,-0.057018170885422936
3230,train,Cc1c(sc2ncnc(O)c12)C(=O)Nc3ccccc3,2.13,2.7142436536653407,0.5842436536653408
380,train,O[C@@H](CNCCCSCCNCCc1ccccc1Cl)c2ccc(O)c3NC(=O)Sc23,0.99,1.6882321361631476,0.6982321361631476
1676,train,CC(NC(=O)C1(N)CCN(CC1)c2ncnc3[nH]ccc23)c4ccc(Cl)cc4,2.7,2.93631146666399,0.23631146666398983
2570,train,C[C@@H](N)COc1c(C)cccc1C,0.6,0.6596624274316223,0.05966242743162231
2501,train,CN(C)CC(O)COc1ccc(Nc2nccc(Nc3cc(Cl)ccc3Cl)n2)cc1,2.9,2.659720789639571,-0.24027921036042876
1939,train,CC(=O)Nc1ccc2ccn(c3cc(NCCCN4CCCC4)n5ncc(C#N)c5n3)c2c1,1.87,1.905479006811819,0.035479006811818925
3888,train,COc1ccc(cc1OC)C(=O)Nc2cccc(NC(=O)c3cccc(c3)N(C)C)c2,3.67,2.928209223283612,-0.741790776716388
759,train,COc1ccc2c(C)cc(N[C@H]3CCC[C@@H](C3)NCc4ccsc4)nc2c1,2.46,2.5408064867622215,0.08080648676222157
1605,train,COc1cc(ccc1Nc2ncc(Cl)c(n2)c3cnc4ccccn34)N5CC6CN(CCO)CC(C5)O6,2.5,2.5458825519139934,0.045882551913993375
2248,train,CN(c1cccc(CO)c1)c2ccnc(Nc3cc(cc(c3)N4CCOCC4)N5CCOCC5)n2,2.6,2.3246191782376417,-0.27538082176235834
1705,train,COc1ccc(cc1OC)S(=O)(=O)Nc2ccc(\C=C\C(=O)Nc3ccccc3N)cc2,2.56,2.4516683513109627,-0.10833164868903733
2018,train,CC(C#Cc1ccccc1)N2NC(=O)C3=C(C2=O)C(=O)c4ccc(Cl)cc4N3,1.4,1.6117808851439728,0.21178088514397286
2982,train,CC(=O)N1CCN(CC1)c2ccc(NC(=O)c3oc(Nc4ccccc4F)nn3)cc2,2.51,2.743335940543623,0.23333594054362328
3206,train,Clc1ccc2oc3C(=O)NC(=Nc3c2c1)[C@@H]4CCCN4,2.01,2.0264852629599908,0.016485262959990976
1013,train,COCCCNS(=O)(=O)c1ccc(Nc2nccc(n2)c3cnc4ccccn34)cc1,3.41,3.2736487428853174,-0.13635125711468277
3119,train,C[C@@H]1N[S@@](=O)(=NC1=O)c2cccc(c2)c3cccc(c3)C#N,0.4,0.6201815669652442,0.22018156696524416
2812,train,OC(=O)C(N1CCO[C@@H](CN2CCC(CC2)Oc3ccc(Cl)c(Cl)c3)C1)c4ccccc4,1.71,1.906343683788985,0.19634368378898515
524,train,Clc1cccc(\C=C\2/SC(=O)NC2=O)c1N3CCNCC3,0.68,1.0074123957764753,0.3274123957764753
1773,train,NC(=O)c1cnc(N[C@H]2CCCNC2)c3cc(sc13)c4ccc(F)cc4,2.01,2.0843719327979753,0.07437193279797549
3574,train,CCCCc1nc2c(N)nc3ccccc3c2n1CC(C)(C)O,2.37,2.1023685921091437,-0.2676314078908564
3159,train,CN(C)CC(O)COc1ccc(Nc2nccc(Nc3ccccc3)n2)cc1,1.58,1.9555827808179074,0.3755827808179073
14,train,CC1CCCCC1NC(=O)c2cnn(c2NS(=O)(=O)c3ccc(C)cc3)c4ccccc4,1.34,1.2194080621840837,-0.12059193781591637
1280,train,NC(=O)C1CCCCC1,0.9,0.9692526129945782,0.06925261299457819
1749,train,CC1=CC2=NNC(=O)N2c3ccccc13,2.35,2.2243289593515074,-0.12567104064849266
527,train,Nc1ccccc1NC(=O)c2ccc(cc2)C3CCN(CCC(=O)Nc4ccccc4F)CC3,2.76,2.8320191782245874,0.07201917822458759
296,train,CC(C)C(=O)Nc1nc(cc2ccccc12)c3ccccn3,2.7,2.973736598338699,0.273736598338699
1092,train,COc1cc(Nc2nc(N[C@@H](C)c3ncc(F)cn3)nc(N4CCOCC4)c2Cl)n[nH]1,2.85,2.84804009460019,-0.001959905399810058
2490,train,CC(C)n1c(C)ncc1c2ccnc(Nc3ccc(cc3)S(=O)(=O)CCCN(C)C)n2,1.32,1.4144829888411885,0.09448298884118844
1718,train,CC(C)(C)OC(=O)N1C[C@@H]2CC[C@H]1CN2c3ncc(OCc4ccc(cc4)S(=O)(=O)C)cn3,3.4,3.5806034876848054,0.1806034876848055
1578,train,O=S(=O)(Cc1ccccc1)NCC(N2CCCCCC2)c3ccccc3,2.83,2.7555137907606064,-0.07448620923939364
104,train,FC(F)c1nc2ccccc2[nH]1,2.02,2.222936164719332,0.20293616471933218
1044,train,C[C@@H](N1CCC[C@@H](C1)N2C=C(C)C(=O)NC2=O)c3ccc(C(=O)O)c(Oc4cccc(Cl)c4)c3,-0.3,-0.24212884671159784,0.057871153288402144
991,train,CC1=C(Cc2ccccc2)C(=O)n3nc(NCc4ccc(Cl)cc4)nc3N1,3.7,3.585781628805377,-0.11421837119462319
905,train,CC1(C)CCC(=C(CN2CCN(CC2)c3ccc(cc3)C(=O)NS(=O)(=O)c4ccc(N[C@H](CCN5CCOCC5)CSc6ccccc6)c(c4)S(=O)(=O)C(F)(F)F)C1)c7ccc(Cl)cc7,0.64,0.9877067919630167,0.3477067919630167
522,train,C[C@@H](NC1=CC(=O)NCC1)c2ccc(Nc3ncc4cc(ccc4n3)c5ccncc5)cc2,3.02,2.8988045002654625,-0.12119549973453747
2764,train,Fc1cccc2c3CN(CCc3[nH]c12)C(=O)[C@@H]4CCCC[C@H]4C(=O)NC5(CC5)C#N,3.03,3.1977152834803153,0.1677152834803155
313,train,CCOC(=O)C(CCc1ccccc1)NC2CCc3ccccc3N(CC(=O)O)C2=O,-0.2,0.12919987491385676,0.32919987491385677
3600,train,CC[C@H]1N(C2CCCC2)c3nc(Nc4ccc(cc4OC)C(=O)NC5CCN(C)CC5)ncc3N(C)C1=O,3.14,3.225775497519561,0.08577549751956104
2006,train,CCCSc1nc(ccc1C(=O)NC2CCCCC2)N3CCC[C@H](CC(=O)O)C3,2.18,2.0890699111501907,-0.09093008884980947
1113,train,C[C@H]1O[C@H]([C@H](O)[C@@H]1O)n2cnc3c(N)nc(OCC45CC6CC(CC(C6)C4)C5)nc23,3.58,2.92405369990877,-0.6559463000912302
1547,train,Clc1ccc2[nH]ncc2c1,2.44,2.6578188142143153,0.21781881421431537
1485,train,CC1(COc2cc(ccc2NC(=O)CN3CCOCC3)c4cccc5C(=O)C=C(Oc45)N6CCOCC6)COC1,2.2,2.447275415793421,0.24727541579342072
2848,train,CCNC(=O)OC[C@@H](C)N(c1cc(Cl)ccc1CO)S(=O)(=O)c2ccc(Cl)cc2,3.4,3.272206239809047,-0.1277937601909529
1949,train,OC(=O)c1cccnc1Nc2cccc(c2)C(F)(F)F,1.0,1.1354638616044648,0.13546386160446477
3540,train,CC(O)(C(=O)Nc1ccc(cc1)S(=O)(=O)Nc2ccccc2)C(F)(F)F,3.07,2.6877035411955985,-0.38229645880440133
4074,train,Clc1cccc(C(=O)NCC23CC4CC(CC(C4)C2)C3)c1Cl,4.37,4.157852390761226,-0.21214760923877396
3895,train,COc1cc2c(Nc3ccc(NC(=O)c4ccccc4)cc3)ncnc2cc1OCCCN5CCOCC5,3.5,3.2290760612900393,-0.2709239387099607
1546,train,CC(C)n1c(C)ncc1c2nc(Nc3ccc(cc3)C(=O)N)ncc2F,2.7,2.731644300323374,0.03164430032337373
2351,train,Oc1cc(cc(c1)C(F)(F)F)C(=O)Nc2cccc(c2)c3nnn[nH]3,0.8,1.314562905422446,0.5145629054224459
776,train,Cc1ccc(Nc2c(F)cccc2Cl)c(CC(=O)O)c1,1.02,1.1959387027432298,0.17593870274322976
2723,train,N\C(=C(\C#N)/c1ccccc1C(F)(F)F)\Sc2ccc(N)cc2,3.3,3.3320940485973938,0.032094048597393954
2519,train,CNc1ccc(cc1)c2nc3ccc(O)cc3s2,3.5,3.419402021327075,-0.08059797867292495
1681,train,Fc1ccc(CNc2ncc(Br)c(Nc3cc([nH]n3)C4CC4)n2)cc1,4.28,4.270950857046431,-0.009049142953569067
1736,train,CCCNC(=O)c1nnc2c(cccc2c1N)c3cncc(c3)C(=O)N4CCC4,2.79,2.689647253297413,-0.10035274670258687
1657,train,COc1cccc(c1)C(COCc2cc(cc(c2)C(F)(F)F)C(F)(F)F)N3CCNCC3,3.1,3.149655398532522,0.0496553985325221
1147,train,CN1CCC[C@@H]1CCO[C@](C)(c2ccccc2)c3ccc(Cl)cc3,3.48,3.1773515503086136,-0.3026484496913864
224,train,CN(C)c1nc(N[C@@H]2CC[C@@H](CC2)NC(=O)c3ccc(F)c(F)c3)nc4ccccc14,3.13,2.908669617253845,-0.2213303827461548
840,train,ON=Cc1oc(cc1)[N+](=O)[O-],1.31,1.3959060443605544,0.08590604436055438
4123,train,COc1ccc(cc1)c2nc(N)s[n+]2c3ccccc3,2.19,2.0681959400998093,-0.12180405990019061
175,train,Cc1nc2ccc(Cl)cn2c1c3ccnc(N)n3,2.49,2.3569402780261184,-0.13305972197388183
1269,train,COc1ncc2C=CC(=O)N(CCN3CCC(CC3)NCc4cc5OCCOc5cn4)c2n1,0.2,0.4348723055579857,0.23487230555798572
3005,train,CCn1cnc2cnc(c3ccc(cc3)C4(N)CCC4)c(c5ccccc5)c12,2.0,2.0040122292776767,0.004012229277676749
1279,train,CC(C)C[C@H](NC(=O)N1CCOCC1)C(=O)NCC#N,0.08,0.5972002342745362,0.5172002342745362
3989,train,Nc1ccc2c3ccccc3C(=O)c2c1,2.9,2.726169989588969,-0.17383001041103086
4128,train,CC(O)(C(=O)Nc1ccc(cc1)S(=O)(=O)c2cccnc2)C(F)(F)F,2.08,2.276253276420612,0.19625327642061174
2340,train,O[C@@H]1CCN(C1)c2ccc3c(NC(=O)CNc4cccc(c4)C#N)c(Cl)ccc3n2,2.39,2.358866972891317,-0.03113302710868293
1297,train,COc1c(cc2ccccc2c1C(=O)N(C)C[C@@H](CCN3CCC(CC3)N4CCCNC4=O)c5ccc(Cl)c(Cl)c5)C#N,3.0,2.802579938044499,-0.19742006195550088
3223,train,Cc1ccc(NC(=O)C=C)cc1,2.25,2.213671530862964,-0.036328469137036024
481,train,CN(C)c1cccc2c(cccc12)S(=O)(=O)Nc3cnccn3,0.9,0.7777718659722055,-0.12222813402779453
686,train,COc1c(N2CCO[C@@H](CN(C)C)C2)c(F)cc3C(=O)C(=CN(C4CC4)c13)C(=O)O,-0.62,-0.38115996154626774,0.23884003845373225
3067,train,CCN(C1CCN(CC[C@H](c2ccc(cc2)S(=O)(=O)C)c3cc(F)cc(F)c3)CC1)C(=O)Cc4ccc(cc4)S(=O)(=O)C,2.2,2.291566920699419,0.09156692069941874
3569,train,O=C(NCC#N)[C@@H]1CCCC[C@H]1C(=O)N2CCC=CC2,0.9,0.7896278680641347,-0.11037213193586537
3757,train,Nc1nc2ccc(OC(F)(F)F)cc2s1,3.34,3.2380634761795255,-0.10193652382047436
1403,train,NC(=O)c1cccc(OC2CCN(CC3CC3)CC2)c1,0.49,0.564377677994266,0.07437767799426598
3638,train,COc1c(cc2ccccc2c1C(=O)N(C)C[C@@H](CCN3CCC(CC3)c4ccc(O)cc4[S+](C)[O-])c5ccc(Cl)c(Cl)c5)C#N,3.5,3.543851009063764,0.043851009063764046
3945,train,CC(C)(C)c1ccc(cc1)C2=NC(=O)C(CC(=O)O)S2,-0.1,0.27898411423055225,0.3789841142305522
3145,train,CCNc1nc(N)c(s1)C(=O)c2ccc(Cl)s2,3.63,3.2722173043155705,-0.35778269568442944
3654,train,CN(c1ccnc(Nc2cc(cc(c2)N3CCOCC3)N4CCOCC4)n1)c5cccc6[nH]ncc56,3.23,3.3340848272688737,0.10408482726887369
1301,train,COc1cc(ccc1Cc2cn(C)c3ccc(cc23)C(=O)NCCc4ccccc4)C(=O)NS(=O)(=O)c5ccccc5C,2.51,2.4285741978956676,-0.08142580210433215
2788,train,CC(=O)Nc1cc2c(ccn2c3cc(NC4CC4)n5ncc(C#N)c5n3)cc1C,2.66,2.6550070764119575,-0.004992923588042597
2642,train,COc1cc2ncnc(Nc3cccc(Cl)c3F)c2cc1OC4CCN(C)CC4,2.72,2.902838757913164,0.18283875791316362
3477,train,CN[C@@H](C)C(=O)N[C@@H](C1CCCCC1)C(=O)N2CCC[C@H]2C(=O)N[C@@H](C(c3ccccc3)c4ccccc4)C(=O)OC,2.42,2.4060065575819505,-0.013993442418049451
2662,train,CCCSc1ncccc1C(=O)N(C)C2CCCCC2,3.36,3.0989232154501645,-0.2610767845498354
2666,train,CCCSc1c(cnn1c2cccc(c2)C(=O)O)C(=O)NC3CCCCC3,0.7,1.2336987852403642,0.5336987852403643
3062,train,Fc1ccc(C2CCN(CC2)C(=O)COCc3ccncc3)c(Cl)c1,2.7,2.6183421787673664,-0.08165782123263376
3549,train,Nc1nc2cc3CCN(Cc4cnc[nH]4)CCc3cc2s1,-0.12,0.19698926580499476,0.31698926580499476
2111,train,COc1ccc2c(c1)[nH]c3c(C)nccc23,2.9,2.736745626750864,-0.16325437324913583
3133,train,COC(=O)CCC(=O)Nc1ccc2c(c1)C(=O)C(=O)c3cc(NC(=O)CCC(=O)OC)ccc23,2.67,2.3353399145521005,-0.3346600854478994
3805,train,COc1cccc(c1)[C@@H](C)NCCCc2ccccc2Cl,3.0,2.9888424871592294,-0.0111575128407706
1840,train,OCC(CO)CN1C(=O)C(Cc2ccccc12)NC(=O)c3cc4cc(Cl)sc4[nH]3,3.56,3.4019666485506566,-0.1580333514493435
3565,train,Nc1nc2cc3CCN(Cc4ccccc4)CCc3cc2s1,2.66,2.458027456642508,-0.20197254335749193
1683,train,COCCCc1cc(Nc2ccnc(NCc3onc(C)c3)n2)n[nH]1,2.04,2.3614826047873168,0.3214826047873167
2462,train,COc1ccc(cc1)[C@@H]2Sc3ccccc3N(CCN(C)C)C(=O)[C@@H]2OC(=O)C,1.99,1.8653864054705664,-0.12461359452943355
3221,train,OC(=O)Cc1ccc(cc1)c2ccc(NC(=O)c3oc(Nc4ccccc4F)nn3)cc2,1.5,1.7563797496697644,0.2563797496697644
4014,train,CO[C@@H]1CC[C@@]2(CC1)Cc3ccc(cc3C24N=C(C)C(=N4)N)c5cc(Cl)cc(c5)C#N,3.8,3.7956115771336956,-0.0043884228663042535
1645,train,OC(=O)[C@H](Cc1ccc(OCCc2ccc3OCCNc3n2)cc1)NC(=O)c4c(Cl)cccc4Cl,-0.18,0.09302900717764206,0.27302900717764206
733,train,CC(C)C(CCCN(C)CCc1ccccc1)(C#N)c2ccccc2,3.6,3.4993884300514484,-0.1006115699485517
3743,train,Nc1ccc2ncnc(Nc3ccc(F)c(Cl)c3)c2c1,2.64,2.9018919547166018,0.26189195471660165
2076,train,Cc1ncc([N+](=O)[O-])n1CCO,-0.11,0.29973912708047723,0.4097391270804772
1457,train,C[C@H](NC(=O)c1c(NS(=O)(=O)c2ccc(C)cc2)n(nc1C(F)(F)F)c3ccccc3)C(C)(C)C,2.35,2.3757449380087943,0.025744938008794183
3524,train,COc1ccc2Sc3ccccc3N(C[C@H](C)CN(C)C)c2c1,2.99,2.9813652847554857,-0.008634715244514535
1638,train,C[C@@H]1CN(Cc2cc(Cl)ccc2OCC(=O)O)C[C@H](C)N1C(=O)Cc3ccccc3,0.7,0.9060950448085106,0.2060950448085106
3104,train,O[C@H](CNC(=O)C1=NNC(=O)c2ccccc12)CN3CCC(CC3)Oc4ccc(Cl)c(Cl)c4,3.69,3.5833971939575413,-0.10660280604245864
1295,train,CC(N(O)C(=O)N)c1cc2ccccc2s1,2.05,1.9708181216046736,-0.0791818783953262
3700,train,CN[C@@H](C)C(=O)N[C@H]1CN(CC[C@H]2CC[C@H](N2C1=O)C(=O)NC(c3ccccc3)c4ccccc4)C(=O)CC(C)C,1.82,1.90749067686612,0.08749067686611989
3358,train,CCN(CC)C(=O)c1ccc(cc1)C(=C2CCNCC2)c3cccc(c3)C(F)(F)F,1.9,2.057544683157488,0.15754468315748804
3965,train,Brc1ccc(cc1)C2NC(=O)c3ccccc3N2,2.68,3.148194388939662,0.4681943889396618
1307,train,C[C@H](Oc1ccc(SCCCCCc2ccccc2)cc1)C(=O)c3nc(C)c(CCCC(=O)O)s3,2.03,2.8934969025549635,0.8634969025549637
421,train,COc1cc(ccc1Nc2ncc(Cl)c(n2)c3cnc4c(F)cccn34)N5CCN(CC5)C(=O)C,3.5,3.422148601097568,-0.07785139890243187
2706,train,COCCNc1nc(N)c2nc(O)n(Cc3ccccc3)c2n1,2.18,2.4615787595842993,0.2815787595842991
2653,train,OC(=O)CN1C(=O)C(Cc2ccccc12)NC(=O)c3cc4sc(Cl)c(Cl)c4[nH]3,0.67,0.81539588723526,0.14539588723525998
2960,train,CC(C)[C@@H](CN1CCCCC1)N(C)C(=O)Cc2ccc(Cl)c(Cl)c2,2.87,3.246785392382961,0.3767853923829607
3379,train,Cc1nc(C)c(nc1C(=O)N)c2ccc(cc2)[C@@H]3CC[C@@H](Cc4nnn[nH]4)CC3,1.4,1.5630068265681052,0.16300682656810528
3751,train,C[C@H](Nc1nc(NC[C@@H](O)CO)c(Cl)c(Nc2cc([nH]n2)C3CC3)n1)c4ccc(F)cc4,3.39,3.3472027110648117,-0.042797288935188416
267,train,N#CC[C@H](C1CCCC1)n2cc(cn2)c3ncnc4[nH]ccc34,2.55,2.4828607371858693,-0.06713926281413052
2183,train,C1CN(CCO1)c2cc(Nc3nccc(Nc4cccc5[nH]ncc45)n3)cc(c2)N6CCOCC6,3.05,3.167496882534848,0.11749688253484836
2236,train,C[C@H](CO)Nc1nc(SCc2csc(C)n2)nc3nc(N)sc13,1.73,1.817709869540298,0.08770986954029802
1359,train,C[C@H](Oc1ncc(Cl)c(Nc2cc(C)[nH]n2)n1)c3ncc(F)cn3,1.82,1.965650528454421,0.14565052845442095
790,train,CC(C)CN1C(=O)N(C)C(=O)c2c1sc(Cc3ccccc3C(F)(F)F)c2C(=O)N4CCCCC4,4.07,4.0541511690303045,-0.015848830969695804
1607,train,CN(C)C(=O)N[C@@H]1CC[C@H](CCN2[C@@H]3CC[C@H]2C[C@H](C3)Oc4cccc(c4)C(=O)N)CC1,0.22,0.3382646583343938,0.11826465833439379
2548,train,COc1ccc(cc1)c2nc3c(NCCCNC(=O)C)c(Br)cnc3[nH]2,3.28,2.7047177230437516,-0.5752822769562482
375,train,CCCN[C@H]1CCc2nc(N)sc2C1,3.15,3.199406535297548,0.049406535297547904
3634,train,Oc1cccc2ccc(nc12)C#N,1.81,2.0816187938369444,0.2716187938369443
3828,train,Cc1cc(CN2Cc3ccccc3C2C(=O)Nc4cc(Cl)ccc4Cl)ccc1OCC(=O)O,2.19,2.2291327358282382,0.039132735828238285
3825,train,CC1Cc2ccccc2N1NC(=O)c3ccc(Cl)c(c3)S(=O)(=O)N,1.83,1.6727614957996615,-0.15723850420033858
4013,train,C[C@H](Oc1nc(Nc2cc(C)[nH]n2)c(C)nc1C#N)c3ccc(F)cn3,2.86,2.673479445013578,-0.18652055498642195
603,train,COc1cccc(Nc2oc(nn2)C(=O)Nc3ccc(nc3)N4CCOCC4)c1,2.8,2.976289736924325,0.17628973692432526
2546,train,Fc1ncccc1OC[C@@H]2CCN2,-1.2,-0.35108566921869766,0.8489143307813023
1917,train,OC(=O)c1cccc(c1)c2cccc(c2)C#N,0.3,0.7466142560039413,0.4466142560039413
448,train,Cc1ccc(O)c(O)c1,1.37,1.4160312316539376,0.04603123165393752
2777,train,O=C1C=C(OCc2ccccc2)C=CN1c3ccc4c(cnn4CCN5CCCC5)c3,2.0,1.9473781875632594,-0.05262181243674058
2929,train,CC(C)CN1C(=O)N(C)C(=O)c2c1sc(Cc3ccccc3C(F)(F)F)c2C(=O)N4CCCC4,3.8,3.5908157462654913,-0.20918425373450855
3289,train,CC(C)C(NC(=O)CN1C(=O)C(=CN=C1c2cccnc2)NC(=O)OCc3ccccc3)C(=O)C(F)(F)F,2.15,2.0981054809729858,-0.05189451902701414
3786,train,COCCCCC(=NOCCN)c1ccc(cc1)C(F)(F)F,1.55,1.6191234718169252,0.06912347181692513
1593,train,O=C1C2=Nc3ccccc3CN2c4ccccc14,2.71,2.35485814246254,-0.35514185753745986
3282,train,CCCN(CCO)CCCOc1cc2ncnc(Nc3cc(CC(=O)Nc4cccc(F)c4F)[nH]n3)c2cc1OC,1.28,1.740853237382875,0.46085323738287487
983,train,C[C@@H]1CN(CCN1C(=O)[C@@H]2CCCC[C@H]2C(=O)NC3(CC3)C#N)c4ccc5c(C)noc5c4,2.67,2.4399368774996475,-0.23006312250035243
2032,train,CC(NC(=O)C1(N)CCN(CC1)c2ncnc3[nH]ccc23)c4cccnc4,1.2,1.34891063746116,0.14891063746115996
1799,train,CN1C(=O)c2c(onc2c3ccncc3)C=C1c4ccccc4,3.17,2.8921208451353477,-0.2778791548646522
2057,train,CS(=O)(=O)c1cccc(Nc2nccc(Nc3c(Cl)ccc4ccoc34)n2)c1,3.7,3.5900380626775097,-0.10996193732249049
794,train,CC(C)(C)OC(=O)N1CCN(CC1)c2ccc(OCc3ccc(cc3)S(=O)(=O)C)cc2,3.9,3.4532001705941155,-0.44679982940588436
2402,train,NS(=O)(=O)c1ccc(Nc2nccc(n2)c3ccccc3)cc1,2.86,2.8723190997230095,0.012319099723009597
2634,train,CN1C(=O)CN=C(c2ccccc2)c3cc(Cl)ccc13,2.69,2.776997416401339,0.08699741640133896
2931,train,CCOC(=O)c1c(C)n(Cc2occc2)c3ccc(O)cc13,3.5,3.3547800373755923,-0.14521996262440773
2803,train,[O-][N+](=O)c1ccc2NC(=O)CN=C(c3ccccc3Cl)c2c1,3.72,3.2774945224802297,-0.44250547751977054
1636,train,C[C@@H](NC(=O)C1(N)CCN(CC1)c2ncnc3[nH]ccc23)c4ccc(Cl)cc4,3.3,2.93631146666399,-0.3636885333360098
1558,train,CNC(=O)c1ccc(C)c(c1)N2C(=CC(=C(Br)C2=O)OCc3ccc(F)cc3F)C,2.8,2.9365586060248328,0.13655860602483294
3642,train,OC1(CNC(=O)c2cc(ccc2Cl)N3N=CC(=O)NC3=O)CCCCCC1,0.26,0.4895456402051408,0.2295456402051408
1012,train,CC(C)C(NC(=O)CN1C(=O)C(=CC=C1c2ccccc2)NC(=O)OCc3cc(C)nc(C)c3)C(=O)C(F)(F)F,2.38,2.2494722557323366,-0.13052774426766334
2024,train,C\N=C(/S)\n1nc(nc1N)c2ccc(Cl)cc2,4.12,3.575820861837575,-0.5441791381624252
684,train,O[C@@H](CNCCCCCCCCCN1CCC(CC1)OC(=O)Nc2ccccc2c3ccccc3)c4ccc(O)c5NC(=O)C=Cc45,2.16,2.3180045188896075,0.15800451888960731
339,train,CS(=O)(=O)Cc1cc(nc(n1)c2cnc3[nH]ccc3c2)N4CCOCC4,1.92,1.7992468336988754,-0.12075316630112454
3951,train,COc1cccc(OC)c1c2ccc(C[C@H](NC(=O)c3c(Cl)cccc3Cl)C(=O)O)cc2,-0.27,-0.04415996986062787,0.22584003013937215
1167,train,Cc1onc(C(=O)N)c1C(=O)Nc2nccs2,1.63,1.2862426608497821,-0.3437573391502178
1539,train,Clc1ccc(COC(Cn2ccnc2)c3ccc(Cl)cc3Cl)cc1,2.54,2.9470894506349454,0.4070894506349454
306,train,Clc1ccc(cc1)C2(CCCC2)C(=O)Nc3oc(nn3)C(=O)Nc4ccc(cc4)N5CCOCC5,3.72,3.274490738447901,-0.445509261552099
4175,train,CC(C)(C)OC(=O)N1CCN(CC1)c2ncc(OCc3ccc(cc3)S(=O)(=O)C)nn2,2.93,2.926696027146455,-0.003303972853545112
1188,train,NC(=O)c1cccc(c1)[S+]([O-])[C@H]2C[C@H]3CC[C@@H](C2)N3Cc4ccccc4,1.1,1.086471089064495,-0.013528910935505012
38,train,COc1ccc2ncc(C#N)c(CCN3CCC(CC3)NCc4cc5SCOc5cn4)c2c1,2.55,2.501876781698609,-0.04812321830139066
2881,train,CCOc1ccc2oc(C(=O)NC(CCSC)c3nc4cnccc4[nH]3)c(C)c2c1,4.31,3.97247721084782,-0.3375227891521795
957,train,CCCSc1ccc2nc(NC(=O)OC)[nH]c2c1,3.24,3.241815861368883,0.0018158613688825653
230,train,OC(=O)[C@H](Cc1ccccc1)N2CCC(CN3CCC(CC3)Oc4ccc(Cl)c(Cl)c4)CC2,2.5,2.536426027672876,0.03642602767287606
4181,train,CN1CCCC1CCOC(C)(c2ccccc2)c3ccc(Cl)cc3,3.04,3.1773515503086136,0.13735155030861357
1434,train,CCCSc1nc2ccc(NC(=O)CCNC(=O)N)cc2s1,2.9,2.652717662378353,-0.24728233762164686
4187,train,CN1CCC[C@@H]([C@H]1C(=O)Nc2ccc(OCc3cc(C)nc4ccccc34)cc2)C(=O)NO,2.41,2.2388573326402743,-0.17114266735972583
2985,train,Clc1ccc2[nH]ccc2c1,3.28,2.820157443438883,-0.45984255656111683
1978,train,CC(=O)NC[C@H]1CN(C(=O)O1)c2ccc(N3CCN(CC3)c4cnccn4)c(F)c2,1.49,1.8604613251430266,0.37046132514302665
2493,train,Oc1ccc(Br)c2ccccc12,4.3,3.510970663182001,-0.789029336817999
2963,train,CC(=O)NC[C@H]1CN(C(=O)O1)c2ccc(c(F)c2)n3ccnc3,0.7,0.8678379915640362,0.16783799156403623
363,train,CCN1CCC[C@H]1CNC(=O)c2c(OC)ccc(Br)c2OC,0.05,0.5558398819396637,0.5058398819396637
320,train,COc1cc(ccc1Nc2ncc(Cl)c(n2)c3cnc4c(F)cc(F)cn34)N5CCN(CC5)C(=O)C,3.2,3.3571537659211783,0.15715376592117813
2763,train,Cc1cc(C)n(n1)c2cccc(Cl)c2C#N,3.0,2.9477424950696927,-0.05225750493030734
775,train,CN1C(=O)c2c(onc2c3ccccc3)C=C1c4ccncc4,2.61,2.8921208451353477,0.28212084513534785
1367,train,CC1=CN([C@H]2CCCN(C2)S(=O)(=O)c3ccc(C(=O)O)c(Oc4cccc(Cl)c4)c3)C(=O)NC1=O,-1.28,-0.49177085360213857,0.7882291463978615
44,train,OC(=O)COc1ccc(cc1c2cc(ccc2F)C#N)C(F)(F)F,-0.16,-0.06852696517592616,0.09147303482407385
1787,train,CC1=CN([C@H]2CCCN(Cc3cccc(Oc4cccc(Br)c4)c3)C2)C(=O)NC1=O,3.68,3.3496533250831417,-0.33034667491685843
3732,train,CC(=O)NCc1ccc(CN2CCN(CC2)c3ccc(F)cc3F)cc1,2.5,2.479463251550048,-0.020536748449952125
1574,train,CC(=O)Nc1ccc(O)cc1OC[C@@H](O)CN2CCC3(CC2)Cc4cc(Cl)ccc4O3,2.76,2.5931122172232026,-0.16688778277679717
3618,train,COc1ccc(cc1)c2cc(O)nc(N)n2,1.52,1.3952668020638477,-0.12473319793615234
2529,train,CCCN(CCO)CCCOc1ccc2c(Nc3cc(CC(=O)Nc4cccc(F)c4F)[nH]n3)ncnc2c1,2.19,2.2798411560474974,0.08984115604749743
523,train,C[C@H]1CN(Cc2cc(Cl)ccc2CCC(=O)O)CCN1C(=O)Cc3ccccc3,1.52,1.17735524542261,-0.3426447545773901
2672,train,COc1ccccc1Oc2ccc(cc2)N(Cc3cccnc3)S(=O)(=O)CC(F)(F)F,1.5,1.9841202786475916,0.48412027864759155
1180,train,CC[C@H](NC(=O)c1c([S+](C)[O-])c(nc2ccccc12)c3ccccc3)c4cccnc4,2.2,2.292828600631301,0.0928286006313006
1056,train,CCCc1c(O)c(ccc1OCc2ccc(cc2)C(=O)O)C(=O)C,2.1,1.9909212193987633,-0.10907878060123677
82,train,COc1ccc(cc1)C2=COc3cc(O)cc(O)c3C2=O,3.5,3.442149224450212,-0.057850775549788125
838,train,CCc1c(C)[nH]c2CCC(CN3CCOCC3)C(=O)c12,1.54,1.6283806248632713,0.08838062486327125
2639,train,O[C@H]1CN(CCN2C(=O)C=Cc3ccc(cc23)C#N)CC[C@H]1NCc4cc5OCCOc5cn4,0.45,0.5302453587129563,0.0802453587129563
1541,train,CS(=O)(=O)c1ccc2C(=CNC(=O)c2c1)C(=O)NC[C@@H](O)CN3CCC(CC3)Oc4ccc(C#N)c(Cl)c4,1.41,1.5982228113878865,0.18822281138788655
1853,train,NC1=CC2=NNC(=O)N2c3cc(ccc13)c4cccs4,3.26,2.897379967289136,-0.36262003271086396
672,train,FC(F)c1nc2ccccc2n1c3nc(nc(n3)N4CCOCC4)N5CCOCC5,3.04,3.0045450448650497,-0.03545495513495034
3486,train,CCCSc1c(cnn1C)C(=O)NC2CCCCC2,2.99,2.610924875303006,-0.37907512469699434
1784,train,Nc1nc2ccccc2n1C(=O)c3ccccc3,1.56,1.4520587157728608,-0.10794128422713922
337,train,CNCC[C@@H](Oc1ccc(cc1)C(F)(F)F)c2ccccc2,1.96,1.8939045272979287,-0.06609547270207128
1362,train,CC1=C(N2[C@H](SC1)[C@H](NC(=O)[C@H](N)c3ccc(O)cc3)C2=O)C(=O)O,-0.86,-0.6918360114795616,0.16816398852043835
2663,train,CCOC(=O)C1=Cc2ccc(O)cc2OC1=O,1.2,1.0948767489613362,-0.10512325103866371
2895,train,CC1=C(C(=O)c2cc(O)c(O)c(Cc3ccccc3)c2C1=O)C4=C(C)C(=O)c5c(Cc6ccccc6)c(O)c(O)cc5C4=O,2.73,2.500450468742169,-0.22954953125783106
4183,train,Oc1c(C#N)c(nc2ccncc12)c3ccc(cc3)c4ccccc4OC(F)(F)F,3.45,3.3563627887847014,-0.09363721121529878
1873,train,CS(=O)(=O)n1c2ccccc2c3cc(NC(=O)N4CCOCC4)ccc13,2.7,2.637082172327709,-0.06291782767229126
1224,train,NC(=N)Nc1ccc(cc1)C(=O)Oc2ccccc2,-0.21,0.18646111364749163,0.3964611136474916
2260,train,CC(C)CN1C(=O)N(C)C(=O)c2c1sc(Cc3c(C)n[nH]c3C)c2C(=O)N4C[C@H](O)CO4,1.07,1.2477216474027704,0.1777216474027703
4191,train,CCOC(=O)c1ccc(OCC2CN(C2)c3ccc(C)nn3)cc1,3.1,3.222900788770976,0.1229007887709761
3401,train,CN1c2ccccc2C(NCCCCCCC(=O)O)c3ccc(Cl)cc3S1(=O)=O,1.33,1.2117514292641078,-0.11824857073589223
3179,train,NC(=O)c1cccnc1Oc2ccccc2,1.13,1.3204150783339081,0.19041507833390825
3995,train,CCCN1CCN(CC1)c2ccc(cc2)C(=O)NC3(CCCCC3)C(=O)NCC#N,1.33,1.475065103014702,0.14506510301470188
1242,train,OC(=O)CNCCNc1ccc(Cl)c(c1)C(=O)NCC23CC4CC(CC(C4)C2)C3,1.94,1.7499524183925426,-0.19004758160745738
2826,train,CC1=C(C(=O)N(C[C@H](N)c2ccccc2)C(=O)N1Cc3c(F)cccc3F)c4ccc5OCOc5c4,2.67,2.90168733265844,0.23168733265843988
4163,train,Cc1nc(cs1)C(=O)N2CCCC3(CCN(Cc4ccc(Cl)cc4)CC3)C2,0.64,0.7980052540582656,0.1580052540582656
123,train,Nc1c(NC2CC3CCC2C3)nc(nc1N4CCOCC4)C#N,3.53,3.2807582433651925,-0.2492417566348073
121,train,CN(C1CCN(CCC(c2ccccc2)c3ccccc3)CC1)C(=O)C4CCC4,3.2,3.3509847355316227,0.1509847355316225
3952,train,COc1cc(OC)c(cc1NC(=O)\C=C\C(=O)O)S(=O)(=O)N2c3ccccc3Oc4ccccc24,-0.71,-0.10515090766811941,0.6048490923318806
427,train,CS(=O)(=O)c1ccc2nc(sc2c1)N3CCN(CC3)C(=O)[C@@H]4CCCC[C@H]4C(=O)NC5(CC5)C#N,1.49,1.3332974096500951,-0.15670259034990486
1615,train,COc1cccc2sc(NC(=O)c3ccccc3)nc12,3.96,3.4741293592233955,-0.48587064077660447
4087,train,Fc1ccc(CC2=NNC(=O)c3ccccc23)cc1C(=O)N4CCN(CC4)C(=O)C5CCOC5,0.8,0.7500869871891029,-0.049913012810897106
4195,train,OCCc1ccc(NC(=O)c2cc3cc(Cl)ccc3[nH]2)cc1,3.85,3.730770075407336,-0.11922992459266402
730,train,NC1=NC(Nc2c(F)ccc(F)c12)c3occc3,1.2,1.34332655145726,0.14332655145726014
1036,train,CC1(C)Cc2c(c3ccccc3)c(c(CC(=O)O)n2C1)c4ccc(Cl)cc4,3.07,2.559964931373109,-0.5100350686268906
3957,train,CC(=O)Nc1ccc(O)cc1OC[C@@H](O)CN2CCC3(CC2)Cc4cc(F)ccc4O3,2.1,2.0872558703106527,-0.01274412968934735
261,train,CSCCC(NC(=O)c1sccc1Cl)c2nc3ccccc3[nH]2,3.69,3.6009212351219557,-0.08907876487804423
2511,train,OC(=O)COc1ccc(Cl)cc1CN2CCCN(CC2)S(=O)(=O)c3ccccc3,1.01,0.8351410410886604,-0.17485895891133962
847,train,C[Si](C)(C)C#Cc1cn(C[C@H]2CN(C(=O)O2)c3ccc(C4=CCS(=O)(=O)CC4)c(F)c3)nn1,1.26,1.2485900914288193,-0.011409908571180738
791,train,Nc1c(NC2CCCC2)nc(nc1N3CCOCC3)C#N,2.59,2.450184089708404,-0.1398159102915959
1529,train,OC(=O)c1ccccc1c2ccc(Cl)c(c2)C(=O)NCC3(O)CCCCCC3,-0.34,0.3673313879986193,0.7073313879986194
547,train,Oc1ccc(cc1)c2ccc3cc(O)ccc3c2,4.0,3.566057306135235,-0.4339426938647648
2926,train,Cc1nc2c(cnn2c(O)c1Cc3ccccc3)C#N,0.68,1.3439767683660377,0.6639767683660377
2528,train,CCN(CC)C(=O)Cc1csc(NS(=O)(=O)c2cccc(Cl)c2C)n1,1.67,1.6295411849850685,-0.040458815014931426
1579,train,CCOC(=O)Nc1ccc2Sc3ccccc3N(C(=O)CCN4CCOCC4)c2c1,3.1,3.025253931300381,-0.07474606869961908
1532,train,COc1ccc(N(C(C(=O)NC[C@@H](C)O)c2ccccc2F)C(=O)c3occc3CO)c(OC)c1,1.37,1.8041258969167335,0.4341258969167334
4177,train,Cc1ccnc2nc(nn12)C(=O)Nc3nccs3,0.31,0.906869179727958,0.5968691797279579
2750,train,COc1cc2c(Nc3cc(CC(=O)Nc4cccc(F)c4F)[nH]n3)ncnc2cc1OCCCN5CCC[C@@H]5CO,1.96,1.8261612034900745,-0.13383879650992547
897,train,NC1(CCC1)c2ccc(cc2)N3C(=O)c4ccccc4N=C3c5ccccc5,1.6,1.779817510669826,0.17981751066982588
3854,train,Nc1nc(nc2c1nc(O)n2Cc3ccccc3)c4ccccc4,4.16,3.6788860844898243,-0.4811139155101758
614,train,CN1SC(=NC1=O)NCc2ccccc2,1.2,1.7649939706196014,0.5649939706196014
1436,train,CCC(N1NC(=O)c2nc3cc(Cl)ccc3c(O)c2C1=O)c4cccnc4,0.7,0.7548728973920964,0.05487289739209644
1340,train,NS(=O)(=O)c1cc(Cl)c(Cl)c(c1)S(=O)(=O)N,0.92,1.2087736037891208,0.28877360378912076
663,train,CCn1c(C)ncc1c2ccnc(Nc3ccc(cc3)C(=O)NC)n2,2.53,2.3897586932040413,-0.14024130679595848
2215,train,O=C1CCCc2nc(ccc12)C#Cc3ccccc3,3.53,3.455602157163434,-0.0743978428365657
2636,train,CC(C)(N)C(=O)N[C@H](Cc1c[nH]c2ccccc12)C(=O)N[C@H](Cc3c[nH]c4ccccc34)NC=O,1.0,1.083463434897353,0.08346343489735308
1494,train,OC(=O)c1ccc2cccc(O)c2n1,3.3,2.160477535434573,-1.139522464565427
3363,train,CC(C)[C@@H]1N(C)c2ccccc2C[C@@H](CO)NC1=O,2.03,1.6376098653123976,-0.3923901346876022
856,train,CCOC(=O)[C@H](Cc1ccc(cc1)[N+](=O)[O-])NC(=O)c2ccccc2,2.79,2.6955784029152916,-0.09442159708470843
2999,train,Nc1nccc(n1)c2c[nH]c3ccccc23,1.68,1.7083689401340112,0.028368940134011256
3760,train,CN(C1CCN(Cc2ccc(cc2)C(F)(F)F)CC1)C(=O)Cc3ccc(cc3)S(=O)(=O)C,2.5,2.5190111009618272,0.019011100961827232
2658,train,O=S(=O)(Nc1ccc(cc1)S(=O)(=O)Nc2nccs2)c3ccc4OCCOc4c3,1.97,1.8656567276037783,-0.10434327239622165
731,train,CC(C)NC(=O)c1cnc(N2CCC(CC2)N3C(=O)OCc4ccccc34)c(Cl)c1,3.57,3.5926480547794206,0.02264805477942078
821,train,CCOC(=O)C1(CCN(C)CC1)c2ccccc2,1.4,1.2788095446354037,-0.12119045536459616
3242,train,CCc1cc(OCc2ccc(cc2)c3ccccc3c4nn[nH]n4)c5CCCCc5n1,1.7,1.7135679034508233,0.013567903450823371
1387,train,NC(=O)c1cc2ccccc2nc1N,1.07,1.760574847604126,0.690574847604126
1424,train,Nc1ccccc1NC(=O)c2ccc(cc2)c3ncc(CN4CCCCC4)s3,2.82,2.5617837388163127,-0.2582162611836871
190,train,C[C@@H](NCc1ccccc1c2ccc(CCNC[C@H](O)c3ccc(O)c4NC(=O)Sc34)cc2)c5ccccc5,2.28,2.126884426241189,-0.1531155737588108
258,train,CC(C)C(=O)NCCNCC(O)COc1ccc(O)cc1,-0.15,0.13010418888968767,0.2801041888896877
170,train,CCN1CCC[C@H]1CNC(=O)c2c(O)c(Cl)cc(Cl)c2OC,1.09,1.0041421997923692,-0.0858578002076309
221,train,CC(Cc1cccc(CNCCc2c(Cl)cccc2Cl)c1)NC[C@H](O)c3ccc(O)c4NC(=O)Sc34,2.41,2.2342324956009043,-0.17576750439909583
1339,train,O[C@@H](CNCCc1ccc(CNCCc2ccccc2)cc1)c3ccc(O)c4NC(=O)Sc34,1.11,0.6669698937775772,-0.4430301062224229
1817,train,CC1=CN([C@H]2CCCN(Cc3ccc(C(=O)O)c(Oc4cccc(Cl)c4)c3)C2)C(=O)NC1=O,-0.55,-0.3443133985944735,0.20568660140552653
2871,train,COc1cc(ccc1Cn2ccc3ccc(NC(=O)OC4CCCC4)cc23)C(=O)O,2.1,2.079233372758193,-0.020766627241807
3040,train,CN1C(=O)CC(C1=O)c2ccccc2,0.68,1.1734258469524037,0.49342584695240366
3222,train,O=S(=O)(N1CCCC1)c2ccccc2c3ccc(CNC4CCOCC4)cc3,1.4,1.5212023384988218,0.1212023384988219
355,train,CN(C)CC(O)COc1ccc(Nc2cc(Nc3cc(C)ccc3Cl)ncn2)cc1,2.16,2.319875732594587,0.15987573259458676
3030,train,COc1cc(F)ccc1c2cncc(CNC(C)C)c2,1.5,1.65097018767286,0.15097018767285997
701,train,CC\C(=C(/c1ccccc1)\c2ccc(\C=C\C(=O)O)cc2)\c3ccccc3,3.89,3.050490778404174,-0.8395092215958262
1308,train,Fc1ccc(CN2CCN(CC2)[C@H](c3ccc(cc3)C(=O)N4CCC4)c5cccc(NC(=O)C6CC6)c5)cc1,3.58,3.595659411021048,0.01565941102104773
3617,train,COc1cc2ncnc(NCc3cccc(C)c3)c2cc1OC,3.5,3.379841462816443,-0.12015853718355718
1504,train,CCCC1=CC(=O)NC(=S)N1,0.7,0.8031585728504438,0.10315857285044383
3175,train,COc1cc(O)c(cc1NC(=O)CCC(=O)O)S(=O)(=O)N2C(C)CCc3ccccc23,-0.27,-0.23362374962689314,0.03637625037310688
3926,train,C[C@H](NC(=O)\C=C\c1ccccc1)c2cccc(c2)N3CCOCC3,3.24,2.7054131646049107,-0.5345868353950896
2585,train,O=C(NC1CC1)Nc2c[nH]nc2c3nc4cc(CN5CCOCC5)ccc4[nH]3,2.3,2.369663249690606,0.06966324969060622
2783,train,Cc1cc(nn1C[C@H](O)CN)c2ccc(Cl)c(c2)C(=O)NCC3(O)CCCCCC3,0.57,0.7055997852209681,0.13559978522096816
3109,train,COc1ccc2[nH]c(cc2c1)C(=O)N3CCN(C)CC3,1.62,1.692820527059764,0.07282052705976394
1418,train,CCN(C1CCN(CC[C@H](c2ccc(cc2)S(=O)(=O)C)c3cc(F)c(F)c(F)c3)CC1)C(=O)Cc4ccc(cc4)S(=O)(=O)C,2.55,2.2437281638829925,-0.30627183611700737
1331,train,CO[C@@H]1CN(CCN2C(=O)C=Nc3ccc(OC)cc23)CC[C@H]1NCc4ccc5OCC(=O)Nc5n4,0.97,0.7765287599981634,-0.19347124000183658
1608,train,COCCNC(=O)c1ccc(Nc2ncc3cc(ccc3n2)c4cccnc4)cc1,3.11,2.867367647685729,-0.24263235231427105
2257,train,Cc1ccc(CN2C(=O)CCSc3ccc(Cl)cc23)cc1,3.7,3.5462592054497035,-0.15374079455029666
835,train,CC(=O)N1CCN(CC1)c2ccc(Nc3nccc(n3)c4cnc5ccccn45)cc2,2.82,2.8945938824490955,0.0745938824490957
692,train,O=C(CSc1ccncc1)Nc2ccc(cc2)C(=O)c3ccccc3,3.6,3.2305122171209044,-0.36948778287909567
931,train,Oc1ccc(Nc2nc(cs2)c3ccc(cc3)C#N)cc1,4.1,3.620207154014495,-0.47979284598550453
3837,train,CC(NC(=O)C1(N)CCN(CC1)c2ncnc3[nH]ccc23)c4ccccn4,1.3,1.304644495431833,0.0046444954318329845
3605,train,Cc1c(N)cccc1CN2C=CC(=CC2=O)OCCc3cccs3,2.78,2.6129950186341255,-0.16700498136587427
1535,train,CC(C)Nc1nc(NCc2ccccc2)c3sccc3n1,3.9,3.6948620740059352,-0.20513792599406466
1797,train,Cc1ncc2CN=C(c3ccccc3F)c4cc(Cl)ccc4n12,3.4,3.39838293734683,-0.001617062653169743
858,train,CC[S+]([O-])c1ncccc1C2(O)CCN(CC34CC(c5ccccc35)c6ccccc46)CC2,2.0,2.142934804530267,0.1429348045302672
3948,train,COc1ccc2c(Oc3ccc(CC(=O)Nc4cn(C)nc4C)c(OC)c3)ccnc2c1,3.5,3.1835463275034463,-0.31645367249655365
1220,train,COc1cccc(COCC(O)CN2CCC(CC2)C(=O)N)c1,-0.5,-0.05004469359740371,0.4499553064025963
1811,train,Cc1cc(CCCOc2c(C)cc(cc2C)c3noc(n3)C(F)(F)F)on1,3.63,3.338710289592223,-0.29128971040777696
2802,train,CN(C(CN1CCCC1)c2ccccc2)C(=O)Cc3ccc(Cl)c(Cl)c3,3.38,3.0769215018332763,-0.3030784981667236
1723,train,NS(=O)(=O)c1cc(ccc1Cl)C2(O)NC(=O)c3ccccc23,0.97,1.3705554419396544,0.4005554419396544
3411,train,NS(=O)(=O)c1cc(cc(N2CCCC2)c1Oc3ccccc3)C(=O)O,-0.94,-0.31174449815904337,0.6282555018409566
4048,train,O=C(NCc1ccncc1)c2ccc(Oc3ccccc3)cc2,3.26,2.9409145520038598,-0.31908544799614
4097,train,COc1cc(c2nc(cc(n2)C3(CC3)S(=O)(=O)C)N4CCOCC4)c5cc[nH]c5c1,2.4,2.6389058599192525,0.23890585991925262
882,train,CC(C)NC[C@H](O)COc1cccc2ccccc12,0.99,1.0824037095352086,0.0924037095352086
2477,train,CCN(CC)CCN1C(=O)[C@@](O)(c2ccccc2Cl)c3c1cc(cc3C(F)(F)F)C(=O)N,2.4,2.2611386170371133,-0.13886138296288664
1410,train,COC(=O)c1ccc2OCC(=O)N(CCN3CCC(CC3)NCc4ccc5OCC(=O)Nc5n4)c2c1,0.83,0.679210326211984,-0.150789673788016
4078,train,FC(F)(F)c1ccc(NC(=O)N2CCN(C[C@@H]3CCCN(C3)C4CC4)CC2)cc1Cl,4.06,4.1184403915529835,0.05844039155298386
2184,train,CC(C)(C)CNc1nc(nc(N2CCOCC2)c1N)C#N,3.08,2.6755243545717255,-0.4044756454282745
3002,train,CCC(N(CCCN)C(=O)c1ccc(C)cc1)C2=Nc3ccsc3C(=O)N2Cc4ccc(OC)cc4,2.15,2.045231112587576,-0.10476888741242396
58,train,NC(=O)c1cc(F)cc(O[C@H]2C[C@H]3CC[C@@H](C2)N3Cc4ccccc4)c1,2.14,1.9565369423810577,-0.18346305761894244
3017,train,Oc1cccc(NC(=O)c2ccc(OCCCN3CCCC3)cc2OCc4cscn4)c1,1.56,1.520700173900384,-0.03929982609961602
176,train,CC1CC(CC(C)(C)C1)OC(=O)C(O)c2ccccc2,2.31,2.5772634342084797,0.26726343420847964
2417,train,COc1ccc(CC(=O)NC(N\C(=N\C#N)\Nc2ccccc2C)C(C)(C)C)cc1OC,2.48,2.67838984256797,0.1983898425679702
2919,train,COc1cccc(NC(=O)c2cccc(Cc3c(C)nn(CCO)c3c4ccccc4)c2)c1,4.29,4.090644113950212,-0.19935588604978793
3573,train,Oc1ccc(CCNCCN(C2CCCCC2)C(=O)CCNCCc3ccc(Cl)c(Cl)c3)c4OCC(=O)Nc14,2.23,2.3492167696789377,0.11921676967893768
540,train,Oc1ccc(cc1)c2csc(n2)c3ccc(O)cc3,3.7,3.4888496207588267,-0.21115037924117352
3080,train,CCOC(=O)C1=C(C)NC(=C([C@H]1c2cccc3C(=O)C=C(C)Oc23)C(=O)C)C,2.63,2.693950492179031,0.06395049217903104
4047,train,CNc1cccc(CCCc2ccc(C[C@H](NC(=O)c3c(Cl)cccc3Cl)C(=O)O)cc2)n1,0.57,0.5293769260977503,-0.04062307390224962
3728,train,CN(C)CCNc1cc(nc2cc(nn12)c3ccc(F)cc3)c4ccccc4,4.5,3.9486896232243627,-0.5513103767756373
531,train,COc1ccc(N(C(C(=O)NC2CCCC2)c3ccccc3F)C(=O)c4occc4)c(OC)c1,3.09,3.1738595839567285,0.08385958395672866
2282,train,CCN(C1CCN(CC[C@H](C2CCN(CC2)S(=O)(=O)C)c3cccc(F)c3)CC1)C(=O)Cc4ccc(cc4)S(=O)(=O)C,1.44,1.5205376650457163,0.08053766504571636
806,train,COc1cc(F)ccc1c2cncc(CNC(=O)c3ccccc3)c2,3.76,3.654345500269743,-0.10565449973025665
388,train,C[C@]1(CCSC(=N1)N)c2cc(c(F)cc2F)c3cncnc3,0.8,0.9789511640676944,0.1789511640676944
1173,train,Cc1ccc(s1)C(NC(=O)c2ccccc2O)C(=O)Nc3c(C)cccc3C,4.05,3.774366742536166,-0.2756332574638338
3465,train,CC[C@H](C)C(=O)O[C@H]1C[C@H](O)C=C2C=C[C@H](C)[C@H](CC[C@@H](O)C[C@@H](O)CC(=O)O)[C@@H]12,-0.76,-0.3867928881722209,0.3732071118277791
3529,train,C[C@@](O)(C(=O)Nc1ccc(cc1Cl)C(=O)N2CCCCC2)C(F)(F)F,2.62,2.6193360350850603,-0.0006639649149398075
1858,train,NC(=O)N(c1ccc(C(=O)N)c(n1)c2ccc(F)cc2F)c3c(F)cccc3F,1.6,1.6878136945210596,0.08781369452105947
1352,train,CCN(C1CCN(CCC(c2ccccc2)c3ccccc3)CC1)C(=O)Cc4ccc(cc4)S(=O)(=O)C,3.0,2.476353024857633,-0.5236469751423671
651,train,CS(=O)(=O)N1CCN(Cc2cc3nc(nc(N4CCOCC4)c3s2)c5cccc6[nH]ncc56)CC1,3.3,3.076708734295335,-0.22329126570466462
197,train,Fc1ccc(cc1)S(=O)(=O)NC(=O)N2CCC(CC2)N3CCC(CC3)Oc4ccc(Cl)c(Cl)c4,1.79,1.83264919197889,0.042649191978890055
2682,train,CN1C[C@H](c2ccccc2)c3cccc(N)c3C1,2.11,2.052981829114577,-0.057018170885422936
3691,train,NC(=O)c1cccc(O[C@H]2C[C@H]3CC[C@@H](C2)N3CC4CCCCC4)c1,1.55,1.6349923138837574,0.08499231388375739
3014,train,O[C@H](CNC(=O)c1cnnc2ccccc12)CN3CCC(CC3)Oc4ccc(Cl)c(Cl)c4,3.28,3.247182034246215,-0.032817965753784595
326,train,CC1N(C(=O)c2ccccc2)c3ccccc3NC1=O,2.11,1.977032284520297,-0.13296771547970287
3869,train,O=C1C=C(N=C2C=CC=CN12)N3CCOCC3,1.0,1.455692583833934,0.4556925838339341
2034,train,Cc1ccc2c(c1)c([S+]([O-])c3ccc(Cl)cc3)c(C)n2CC(=O)O,0.05,-0.019901113690990346,-0.06990111369099035
1827,train,CC[C@H](NC(=O)c1c(CC[S+](C)[O-])c(nc2ccccc12)c3ccccc3)c4ccccc4,3.15,3.2777144156578375,0.1277144156578376
2948,train,NC1(CCC1)c2ccc(cc2)c3c(ccn4ccnc34)c5ccccc5,2.0,2.147206650585816,0.14720665058581606
1111,train,FC(F)(F)c1cc(COCC(N2CCNCC2)c3cccc(Cl)c3)cc(c1)C(F)(F)F,4.2,3.8910832656218046,-0.30891673437819556
2205,train,[O-][N+](=O)c1cccc(c1)c2ccc(OCC(CCc3ccc(cc3)C(=O)N4CCCC4)N5C(=O)CCCC5=O)cc2,2.31,2.6221584499305584,0.3121584499305583
2725,train,CC[C@H](NC(=O)c1c(CS(=O)(=O)C)c(nc2ccccc12)c3ccccc3)c4ccccc4,3.25,3.2303641518662136,-0.019635848133786382
2008,train,CCCSc1nc(ccc1C(=O)NC2CCCCC2)N3CCCCC3C(=O)O,1.36,1.3761320058137692,0.016132005813769057
2349,train,NC(=O)c1cc(C(=O)N)n(n1)c2cccc(c2)c3cc(ccc3C(F)(F)F)C(F)(F)F,3.4,3.230219900646425,-0.16978009935357496
952,train,O=C(NC1(CC1)C#N)[C@@H]2CCCC[C@H]2C(=O)N3CCc4[nH]c5ccccc5c4C3,2.66,2.8927270160249434,0.23272701602494328
2543,train,Oc1cccc(O[C@H]2C[C@H]3CC[C@@H](C2)N3Cc4ccccc4)c1,2.3,2.441123382138915,0.14112338213891507
1802,train,OC(=O)C[C@H]1[C@@H](Cc2ccccc12)NC(=O)c3cc4cc(F)ccc4[nH]3,1.26,1.4729066016312464,0.21290660163124642
1946,train,CC(C(=O)O)c1cccc(c1)C(=O)c2ccccc2,-0.12,0.2578807724516399,0.37788077245163987
2324,train,NC(=O)Nc1sc(cc1C(=O)N)c2ccccc2,2.42,2.2286050957020684,-0.1913949042979315
3829,train,CCC(CC)NC(=O)c1c(C)nn(C(C)C)c1NS(=O)(=O)c2ccc(C)cc2,0.92,0.8486080813904233,-0.07139191860957672
1495,train,CC1=CC2=NNC(=O)N2c3cc(ccc13)c4ccc(cc4)C(=O)N5CCOCC5,2.77,2.5550246565386336,-0.21497534346136637
1192,train,CN1C(=O)N(C)c2[nH]c(nc2C1=O)c3cccnc3,0.7,1.140086150225126,0.4400861502251261
1816,train,CN1C(C(=O)Nc2ncc(C)s2)C(=O)c3ccccc3S1(=O)=O,0.3,0.60050026010479,0.30050026010479
861,train,CC1=CC2=NNC(=O)N2c3cc(ccc13)c4occc4,2.07,2.664105309252596,0.5941053092525963
2185,train,O=C1Nc2ccc(cc2C1=O)S(=O)(=O)N3CCC[C@H]3CNc4ccccc4,2.4,2.466370057235487,0.06637005723548706
2306,train,CC1=C(C)C(=O)C(=C(C)C1=O)C(CCCCCC(=O)O)c2ccccc2,2.48,2.2246192468207413,-0.2553807531792587
1217,train,Nc1cccc2C(=O)N(Cc3cccc(Cl)c3)C(=O)c12,3.18,2.8903967691444694,-0.28960323085553075
3682,train,O=C(NC1(CC1)C#N)[C@@H]2CCCC[C@H]2C(=O)N3CCN(CC3)c4nc(cs4)c5ccccc5,3.5,3.1848054394572225,-0.3151945605427775
3096,train,Brc1ccc(s1)N2C[C@@]3(CN4CCC3CC4)OC2=O,2.0,1.8377846132534863,-0.1622153867465137
327,train,CC(C)N1CCN(Cc2oc(nc2)c3cc(cc4[nH]ncc34)c5cccc6[nH]ccc56)CC1,3.49,3.440127291095405,-0.049872708904595164
3862,train,CCNC(=O)c1ccc(CN2CCC(CC2)c3ccc(cc3)C(=O)Nc4ccccc4N)cc1,2.24,2.412429650279783,0.17242965027978263
3792,train,CCCN1CCC(CC1)Oc2nccc(Nc3cc(NC(=O)c4cccc(c4)N5CCOCC5)ccc3C)n2,2.6,2.6400936366088277,0.04009363660882759
2162,train,Oc1ccc(CCNCCCS(=O)(=O)NCCSCCc2ccccc2)c3sc(O)nc13,1.77,1.6269057111221015,-0.14309428887789855
1843,train,Nc1nccc(n1)n2ccc3ccccc23,2.71,2.380060677351655,-0.3299393226483449
308,train,CCOC(=O)Nc1cccc(c1)[C@H](N2CCN(Cc3nc[nH]c3C)CC2)c4ccc(cc4)C(=O)N(C)CC,2.32,2.2951377074976795,-0.024862292502320305
86,train,CC(C#C)N1C(=O)N(CC2CC2)c3nn(Cc4ccnc5ccc(Cl)cc45)c(c3C1=O)c6cncn6C,3.59,3.717465558165599,0.127465558165599
2458,train,Nc1cc(nc2c(cnn12)C#N)c3ccc(F)cc3,2.23,2.3167436114683913,0.08674361146839127
676,train,COc1ccc(Cl)cc1NC(=O)CCS(=O)(=O)c2ccc(Br)cc2,3.4,3.2256464651321153,-0.17435353486788463
1201,train,COC[C@H](C)Oc1cc(Oc2cc(F)cc(F)c2)cc(c1)C(=O)Nc3ccc(cn3)C(=O)O,1.36,1.209324829546801,-0.150675170453199
1450,train,CC(=O)Nc1cnc2ccn(c3cc(NC4CC4)n5ncc(C#N)c5n3)c2c1,2.69,2.9247936981836435,0.2347936981836436
108,train,COc1ccccc1CNc2cc(C)ccn2,3.28,3.508075639154203,0.22807563915420337
2145,train,C[C@H]1O[C@H]([C@H](O)[C@H]1Cl)n2cnc3c(N)nc(OCC4CC45CC5)nc23,3.68,3.141326636129362,-0.5386733638706382
242,train,CC[C@H](C)C(=O)O[C@H]1C[C@@H](C)C=C2C=C[C@H](C)[C@H](CC[C@@H](O)C[C@@H](O)CC(=O)O)[C@@H]12,1.07,0.8901840956887643,-0.17981590431123573
2616,train,O[C@H](CNC(=O)C1=CNC(=O)c2ccc(F)cc12)CN3CCC(CC3)Oc4ccc(Cl)c(Cl)c4,3.93,3.8115616563593493,-0.11843834364065087
3914,train,CN(C1CCN(CCC(c2ccccc2)c3ccccc3)CC1)C(=O)Cc4ccc(O)cc4,3.3,3.216054506016559,-0.08394549398344076
90,train,COc1ccnc(CCc2nc3c(C)ccnc3[nH]2)c1,2.1,2.084521283718097,-0.015478716281903004
702,train,CN[C@@H](C)C(=O)N[C@H](C(=O)N[C@H]1CCCN(CCc2ccc(cc2)C(F)(F)F)C1)C(C)(C)C,2.85,2.5917964629866814,-0.25820353701331866
657,train,CS(=O)(=O)NCCC(NC(=O)C1(N)CCN(CC1)c2ncnc3[nH]ccc23)c4ccc(Cl)cc4,2.2,2.0350455664951803,-0.16495443350481986
1010,train,COc1ccccc1CN[C@H]2CCCN[C@H]2c3ccccc3,1.5,1.461136970586872,-0.038863029413128025
1777,train,COc1cc(F)ccc1c2cncc(CNC[C@@H]3CCCO3)n2,2.0,1.9411771903126065,-0.05882280968739351
2343,train,Cc1ccc(cc1)C(=O)Oc2ccc(cc2OC(=O)c3ccc(C)cc3)C(O)CNC(C)(C)C,3.57,3.2527514856853803,-0.31724851431461953
54,train,C[C@H](NC(=O)c1c(C)nn(C2CCCC2)c1NS(=O)(=O)c3ccc(C)cc3)C(C)(C)C,2.0,1.5585703168211502,-0.4414296831788498
1516,train,OC(=O)CC(=O)N[C@H]1[C@@H](Cc2ccccc12)NC(=O)c3cc4sc(Cl)c(Cl)c4[nH]3,1.18,1.2463424649125248,0.06634246491252482
3249,train,NC(=O)Nc1cc(sc1C(=O)N)c2ccccc2,2.43,2.251317119329075,-0.1786828806709253
2876,train,C[C@@H](Oc1cccc2ncnc(Nc3ccc(Oc4ccc(C)nc4)c(C)c3)c12)C(=O)N5CCOCC5,4.14,4.041506912179976,-0.09849308782002364
2466,train,CN(C1CCN(Cc2ccc(nc2)C(F)(F)F)CC1)C(=O)Cc3ccc(cc3)n4cnnn4,1.8,1.7516792859480792,-0.04832071405192084
2479,train,CN(c1ccnc(Nc2cc(nc(c2)N3CCOCC3)N4CCOCC4)n1)c5cc(CO)ccc5C,3.44,3.296312519248601,-0.14368748075139903
1806,train,O=S(=O)(NCC(N1CCCCCC1)c2ccccc2)c3ccc(cc3)C#N,2.86,2.6979590941548497,-0.16204090584515018
403,train,Brc1ccc2OCC(=O)N(CCN3CCC(CC3)NCc4ccc5OCC(=O)Nc5n4)c2c1,1.42,1.07607261442576,-0.34392738557423996
1045,train,O[C@@H](CNCCc1cccc(CNCCc2ccccn2)c1)c3ccc(O)c4NC(=O)Sc34,-0.07,0.1601262698422694,0.23012626984226942
2716,train,CCN(CC)CCOc1ccc(cc1)C(O)(Cc2ccc(Cl)cc2)c3ccc(C)cc3,3.98,4.222907763178144,0.242907763178144
1255,train,C[C@H](NC(=O)c1c(C)nn(c1NS(=O)(=O)c2ccc(cc2)C#N)c3ccc(F)cc3)C(C)(C)C,0.45,0.7166466096641579,0.26664660966415793
3561,train,Clc1ccccc1NC(=O)c2cc[nH]n2,2.58,2.5453592831336924,-0.03464071686630765
2675,train,Clc1ccc(N2CCN(CC2)C(=O)COCc3ccccn3)c(Cl)c1,3.47,3.358322511846289,-0.11167748815371104
2117,train,Nc1nc(O)c2ncn(COCCO)c2n1,-1.42,-0.9017403466755476,0.5182596533244523
1513,train,CN([C@@H]1CCN(Cc2ccc(cn2)C(F)(F)F)C[C@@H]1F)C(=O)Cc3ccc(cc3)n4cnnn4,2.1,2.2577761162787224,0.15777611627872234
673,train,CN[C@@H](C)C(=O)N[C@H](C(=O)N[C@H]1CCCN(CCc2ccccc2)C1)C(C)(C)C,1.46,1.4796951204511206,0.01969512045112065
4133,train,Fc1cc(ccc1C2=CCS(=O)(=O)CC2)N3C[C@H](Cn4nncc4F)OC3=O,3.54,3.2356652932260817,-0.3043347067739184
2003,train,COc1ccc(cc1)C(=O)Nc2cc(NC(=O)c3cccc(c3)N(C)C)ccc2C,3.17,3.3003379170522846,0.1303379170522847
1030,train,CN(C)CCC=C1c2ccccc2C=Cc3ccccc13,2.83,2.6986577312949036,-0.13134226870509647
1871,train,COc1ccccc1C(=O)NCC23CC4CC(CC(C4)C2)C3,4.43,4.1803375836959695,-0.2496624163040302
3107,train,CC(=N)NCc1ccccc1,-0.28,1.0600683010741574,1.3400683010741574
2759,train,COc1ccc(C(CN2CCCC2)N(C)C(=O)Cc3ccc(Cl)c(Cl)c3)c(OC)c1,3.07,2.9314518885625045,-0.13854811143749535
927,train,CC1Nc2cc(Cl)c(cc2C(=O)N1c3ccccc3C)S(=O)(=O)N,1.64,1.820573694051176,0.18057369405117618
3603,train,OC(=O)CCc1ccc(NCc2cccc(Oc3ccccc3)c2)cc1,2.1,2.0491681046799255,-0.050831895320074594
62,train,CC(C)n1c(C)ncc1c2nc(Nc3ccc(cc3)C(=O)N(C)C)ncc2F,2.77,2.749051531255279,-0.020948468744721005
1611,train,C=CCOc1cc(ccc1NC(=O)CN2CCOCC2)c3cccc4C(=O)C=C(Oc34)N5CCOCC5,3.0,2.8831231564844053,-0.11687684351559469
1040,train,CN(CCOc1ccc(CC2SC(=O)NC2=O)cc1)c3ccccn3,2.5,2.1253589690939774,-0.37464103090602263
661,train,COc1cc(c(OC)nn1)c2c(F)ccc3c(N)c(nnc23)C(=O)NC4CC4,2.75,2.821503254124371,0.0715032541243712
875,train,CC(C)[C@H](N)C(=O)OCCOCn1cnc2C(=O)N=C(N)Nc12,-1.3,-0.8331211771529068,0.46687882284709326
3996,train,CC(C)Oc1cccc(CC(=O)N2CCC[C@@](CC[N+]34CCC(CC3)(CC4)c5ccccc5)(C2)c6ccc(Cl)c(Cl)c6)c1,1.23,1.4649589978270758,0.23495899782707586
2549,train,COc1ccc(N(C(C(=O)NC2CCCC2)c3ccccc3F)C(=O)c4ccccc4)c(OC)c1,3.86,3.3234283235683284,-0.5365716764316715
1586,train,COCCOc1cc2nccc(Nc3cc(O)c(Cl)cc3F)c2cc1OC,2.64,2.638040784986861,-0.001959215013139115
2138,train,NC(=O)c1sc(cc1NS(=O)(=O)c2ccc(cc2)C(F)(F)F)c3ccsc3,2.39,2.235491109030022,-0.1545088909699781
2285,train,CN(CCOc1ccc(C[C@H](Nc2ccccc2C(=O)c3ccccc3)C(=O)O)cc1)c4oc5ccccc5n4,2.47,2.4379376974654976,-0.032062302534502596
3879,train,C[C@H](NC1=NC(=O)[C@](C)(S1)C(F)(F)F)c2ccccc2F,3.1,2.8792258865456413,-0.22077411345435882
3516,train,CCc1nc2c(N)nc3ccccc3c2n1Cc4ccccc4,3.29,2.952341675818261,-0.337658324181739
1668,train,COC[C@H](C)Oc1cc(Oc2ccc(cc2)S(=O)(=O)C)cc(c1)C(=O)Nc3ccc(cn3)C(=O)O,-0.41,0.016340145785050275,0.42634014578505025
1643,train,CN[C@@H](C)C(=O)N[C@H](C(=O)N[C@H]1CCCN(CCc2ccc(O)cc2)C1)C(C)(C)C,0.77,1.1331891946432213,0.3631891946432213
204,train,CC(C)CN1C(=O)N(C)C(=O)c2c1sc(Cc3cccc4ncccc34)c2C(=O)N5CC[C@@H](O)C5,1.98,1.8353810766971401,-0.14461892330285986
1270,train,COc1cc(ccc1Cc2cn(C)c3ccc(NC(=O)CC4CCCC4)cc23)C(=O)O,2.0,1.8981688530495593,-0.10183114695044071
3813,train,CC(C)OC(=O)N1CCC(CC1)Oc2ncnc3N(CCc23)c4ccc(cc4F)S(=O)(=O)C,3.4,3.4138374838120376,0.013837483812037643
3125,train,OC(=O)c1ccccc1C2=C3C=CC(=O)C=C3Oc4cc(O)ccc24,0.0,0.38515391465510196,0.38515391465510196
2318,train,COc1ccc2nccc([C@H](O)[C@H]3C[C@@H]4CCN3C[C@@H]4C=C)c2c1,2.21,2.2359528530469817,0.025952853046981694
4051,train,CN(C)C[C@H](O)Cc1ccc(Cl)c(c1)C(=O)NCC23CC4CC(CC(C4)C2)C3,2.19,2.084393072423729,-0.10560692757627077
2068,train,CC(C)n1c(C)ncc1c2ccnc(Nc3ccc(F)cc3)n2,3.62,3.56324127963867,-0.056758720361330006
2276,train,COc1ccc(F)c(F)c1C(=O)c2cnc(NC3CCN(CC3)S(=O)(=O)C)nc2N,2.08,1.9984627749788257,-0.08153722502117433
3827,train,C[C@@](N)(Cc1ccccc1)c2ccccc2,1.7,1.6870761457768035,-0.012923854223196418
2769,train,CCCCCCN1CC[C@@]2(C)[C@@H](C)C1Cc3ccc(O)cc23,2.5,2.5028734892984064,0.002873489298406362
2859,train,Clc1ccc(OC2CCN(CC2)C3CCN(CC3)C(=O)NS(=O)(=O)c4cccc(c4)C#N)cc1Cl,1.81,1.8378218962910684,0.02782189629106835
2586,train,Cc1ccc(cc1NC(=O)c2ccc(OCc3ccccn3)cc2)c4ncc[nH]4,3.01,2.884543382376566,-0.12545661762343396
3251,train,CCN(c1ccccc1)c2cc(NC)[n+](C)c(C)n2,-0.91,-0.270037095927917,0.639962904072083
763,train,CC(=O)c1ccc2NC(=CC(=O)c2c1)c3cccnc3,1.41,1.0528490004985078,-0.3571509995014921
2664,train,COc1cc2ncnc(Nc3ccc(F)c(Cl)c3)c2cc1OC,3.67,3.637507339218341,-0.03249266078165913
2335,train,Brc1ccccc1NC(=O)Nc2ccc(C#N)c3[nH]nnc23,1.64,1.8785730898374444,0.23857308983744452
246,train,Cc1ccccc1N2C(=Nc3cccc(C)c3C2=O)Cn4nc(c5ccc(O)c(F)c5)c6c(N)ncnc46,3.55,3.227502530664162,-0.322497469335838
2192,train,COc1ccc(N(C(C(=O)NC[C@@H](C)O)c2ccccc2F)C(=O)c3ccoc3Cl)c(OC)c1,2.36,2.5329091692157824,0.17290916921578248
420,train,COc1ccc2nc(N[C@H]3CCC[C@@H](C3)NCc4ccsc4)cc(C)c2c1,2.41,2.183075043534967,-0.2269249564650333
2698,train,CC(C)C[C@@H](CO)NS(=O)(=O)c1ccc(Cl)s1,2.8,2.382501530645247,-0.417498469354753
2489,train,COC(=O)N1CCN([C@@H](CN2CCCC2)C1)C(=O)Cc3ccc(Cl)c(Cl)c3,1.97,2.049574609148004,0.07957460914800385
3057,train,CN1CCN(CC1)c2ccc3nc([nH]c3c2)C4=C(N)c5c(F)cccc5NC4=O,3.45,3.2740940915571684,-0.17590590844283183
1838,train,COc1ccc2nccc([C@@H](O)[C@@H]3C[C@H]4CCN3C[C@@H]4C=C)c2c1,2.26,2.2359528530469817,-0.024047146953018128
118,train,Clc1ccc2OCC(=O)N(CCN3CCC(CC3)NCc4ccc5OCC(=O)Nc5n4)c2c1,1.33,1.4018735358989156,0.07187353589891554
3800,train,CNC(=O)c1[nH]cnc1C(=O)Nc2ccc(OC)cc2,2.2,1.8042820420865706,-0.39571795791342956
3588,train,CCN(C1CCN(CCC(c2ccccc2)c3ccccc3)CC1)C(=O)Cc4ccc(cc4)[N+](=O)[O-],4.1,3.9933237948738514,-0.10667620512614828
994,train,CSCCC(NC(=O)c1ccccc1)c2nc3ccccc3n2Cc4ccc(cc4)C#N,4.24,3.886762433522422,-0.3532375664775782
940,train,CCC1=C(C)CN(C(=O)NCCc2ccc(cc2)S(=O)(=O)NC(=O)N[C@@H]3CC[C@@H](C)CC3)C1=O,1.73,1.651755005457261,-0.07824499454273903
1233,train,OC(=O)c1cccc(c1)c2ccc3c(C(=O)NCC45CC6CC(CC(C6)C4)C5)c(Cl)ccc3n2,2.84,2.9602422368022805,0.12024223680228063
356,train,CN(C)S(=O)(=O)c1ccc2C(=CNC(=O)c2c1)C(=O)NC[C@@H](O)CN3CCC(CC3)Oc4ccc(Cl)c(Cl)c4,3.13,3.0816710572277013,-0.0483289427722986
947,train,CCN1CCOc2cc(COc3ccccc3)cnc12,3.7,3.5099692405871465,-0.19003075941285363
494,train,FC(F)(F)c1ccc2[nH]c3CCN(Cc3c2c1)C(=O)[C@@H]4CCCC[C@H]4C(=O)NC5(CC5)C#N,4.2,4.087393633787157,-0.11260636621284359
3209,train,O=C(NCCN1CCCC1)c2ccc(Nc3ncc4cc(ccc4n3)c5ccncc5)cc2,2.39,2.4529298903454637,0.06292989034546359
726,train,C[C@H]1CN(Cc2cc(Cl)ccc2OCC(=O)O)CCN1C(=O)Cc3ccccc3Cl,1.1,1.4235338400810997,0.32353384008109964
890,train,Oc1ccc2C[C@H]3N(CC4CC4)CC[C@@]56[C@@H](Oc1c25)c7[nH]c8ccccc8c7C[C@@]36O,2.7,2.4214099643790497,-0.2785900356209505
3607,train,OC(=O)C[C@H]1[C@@H](Cc2ccccc12)NC(=O)c3cc4cc(Cl)ccc4[nH]3,1.79,1.9108544595918702,0.12085445959187013
3744,train,Fc1ccc(cc1F)C(=O)Nc2ccc(Cl)nc2,3.31,3.114011926681007,-0.19598807331899293
1507,train,NC(=O)COc1ccc(OCCNCC(O)COc2ccccc2)cc1,0.63,0.7423268689657598,0.11232686896575983
1223,train,Clc1ccc2ncc(c3cccc(NC4CNC4)n3)n2c1,1.19,1.6744556479745594,0.4844556479745594
1431,train,COc1ccc(cc1)S(=O)(=O)NC2=CC=C(N(CC(=O)NC(C(C)C)C(=O)C(F)(F)F)C2=O)c3ccccc3,2.5,2.3234023835299613,-0.1765976164700387
475,train,COc1cccc(c1)C(=O)N2CCC(CC2)N3C(=O)Nc4ccccc34,2.65,2.3820973986837672,-0.26790260131623267
2364,train,CC(C)(C)OC(=O)N1CCC(CC1)c2ncc(OCc3ccc(cc3)S(=O)(=O)C)cn2,2.8,2.7338785380945336,-0.0661214619054662
3626,train,CN(C\C=C\C#CC(C)(C)C)Cc1cccc2ccccc12,2.83,3.006829406756924,0.17682940675692382
1798,train,CCN(C1CCN(CC[C@H](C2CCN(CC2)S(=O)(=O)C(F)(F)F)c3ccccc3)CC1)C(=O)Cc4ccc(cc4)S(=O)(=O)C,3.39,2.92860518779202,-0.4613948122079803
1153,train,COc1cc(OC)c(cc1NC(=O)Cc2ccnc(F)c2)S(=O)(=O)N3c4ccccc4Oc5ccccc35,3.37,3.1609286585767684,-0.2090713414232317
995,train,C[C@@H]1CN(CCN1c2ncc(OCc3ccncc3C#N)cn2)C(=O)OC(C)(C)C,3.33,3.0511677776365294,-0.2788322223634707
1094,train,Cc1ccc(NC(=O)CCC2CCCCC2)cc1NC(=O)c3ccc(O)cc3,4.13,3.6294832092015037,-0.5005167907984962
1677,train,C[C@]12CCC(=O)C=C1C=C[C@@H]3[C@@H]2CC[C@@]4(C)[C@H]3CC[C@@]45CCC(=O)O5,3.2,3.101179334661108,-0.09882066533889233
1184,train,CNC(=O)OC[C@@H](C)N(c1cc(Cl)ccc1CO)S(=O)(=O)c2ccc(Cl)cc2,3.0,2.919247269017044,-0.08075273098295588
442,train,CC[C@H]1OC(=O)[C@H](C)[C@@H](O[C@H]2C[C@@](C)(OC)[C@@H](O)[C@H](C)O2)[C@H](C)[C@@H](O[C@@H]3O[C@H](C)C[C@@H]([C@H]3O)N(C)C)[C@](C)(O)C[C@@H](C)\C(=N/OCOCCOC)\[C@H](C)[C@@H](O)[C@]1(C)O,1.8,1.8172321908417917,0.017232190841791617
2300,train,CCOc1ccc(cc1)N2C(=O)c3cccnc3N=C2[C@@H](C)N(Cc4cccnc4)C(=O)Cc5ccc(OC(F)(F)F)cc5,3.7,3.4441642052884633,-0.25583579471153683
744,train,OC(=O)COc1ccccc1N2CCC(CN3CCC(CC3)Oc4ccc(Cl)c(Cl)c4)CC2,2.0,1.915676292870213,-0.0843237071297871
2201,train,CCNC(=O)c1cc2c(c(cnc2[nH]1)c3cncc(c3)C(=O)O)n4nc(cc4C)C(F)(F)F,-0.88,-0.7984247745979784,0.08157522540202156
1306,train,CCOc1cccc(Nc2oc(nn2)C(=O)Nc3ccc(nc3)N4CCOCC4)c1,3.6,3.510999141120693,-0.0890008588793072
2101,train,CN1CCN(CC1)c2ccc3N=CN(C(=O)c3c2)c4cc(ccc4C)C(=O)Nc5ccon5,1.87,2.0792278295453146,0.2092278295453145
3538,train,Cc1c(Cl)c(Cl)ccc1OC2CCN(CC3CCN(CC3)[C@@](C)(Cc4ccc(F)cc4)C(=O)O)CC2,2.98,2.9533210166177684,-0.026678983382231625
1077,train,Cc1ccc(cc1NC(=O)c2ccc(OCc3ccccn3)cc2)c4c[nH]c(C)n4,2.97,3.083813261496606,0.11381326149660564
2617,train,CC(C)CN1C(=O)N(C)C(=O)c2c1sc(Cc3ccccc3C(F)(F)F)c2S(=O)(=O)N4CC[C@@H](O)C4,3.32,3.241919792049276,-0.07808020795072368
214,train,Cc1cnc([nH]1)c2ccc(C)c(NC(=O)c3ccc(OCc4ccccn4)cc3)c2,3.19,3.128611651994444,-0.061388348005555926
3870,train,Clc1ccc(cc1Cl)C2CNCC=CC2,1.86,1.624548622917713,-0.23545137708228703
602,train,NC(=N)Nc1cc(Cl)nc(n1)c2ccccc2,2.16,1.8490437178085841,-0.310956282191416
1098,train,CCOC(=O)Nc1cccc(c1)[C@H](N2CCN(Cc3cccnc3)CC2)c4ccc(cc4)C(=O)N5CCC5,3.02,2.815729653816829,-0.2042703461831712
1570,train,CCN(CC)CC(=O)Nc1c(cnn1c2ccccc2)C#N,0.4,0.7833050028281481,0.38330500282814806
4127,train,c1ccc(cc1)c2[nH]nc3ccccc23,3.79,3.518464347953565,-0.27153565204643515
4029,train,COCCC(NC(=O)C1(N)CCN(CC1)c2ncnc3[nH]ccc23)c4ccc(Cl)cc4,2.95,2.7449700356954363,-0.20502996430456388
160,train,Cc1ccc(NC(=N)N)cc1C,-1.34,-0.7532667708169671,0.586733229183033
1299,train,CN1C(=O)N(C)c2ncn(CC(O)CO)c2C1=O,-1.25,-1.3322398596558496,-0.08223985965584957
748,train,COc1ccc(cc1)C(=O)C2CCN(CC2)C(=O)c3ccc(F)cc3,2.92,2.8341123514991216,-0.08588764850087838
943,train,CC(C)N1C(=O)N(CC2CC2)c3nn(Cc4ccnc5ccc(Cl)cc45)c(c6cncn6C)c3C1=O,4.02,3.8601619291820795,-0.15983807081792012
2749,train,FC(F)(F)c1nnc2ccc(nn12)N3CCCC3,2.41,2.5393370769926777,0.1293370769926776
2741,train,COc1ccc(cc1)c2cc(ccc2OCC(=O)O)C(F)(F)F,0.29,0.2468876213713851,-0.04311237862861489
111,train,COc1cc(OC)c(cc1NC(=O)CCC(=O)O)S(=O)(=O)N(c2ccc(C)cc2)c3ccc(C)cc3,0.06,-0.022639924065136263,-0.08263992406513626
1601,train,NCc1ccc(NC(=O)c2cc(Nc3ncccn3)c4cc(ccc4c2)\C(=N\O)\N)cc1,-0.85,-0.436790581876207,0.41320941812379297
3542,train,CC(C)CN1C(=O)N(C)C(=O)c2c(SCCCO)n(Cc3cccc4ccccc34)cc12,4.36,4.410065965878902,0.05006596587890133
2284,train,FC(F)(F)c1cc(CO[C@H]2CCCN[C@H]2c3ccccc3)cc(c1)C(F)(F)F,3.6,3.384649631272998,-0.2153503687270022
1884,train,C[C@@H]1CN(CCN1c2ncc(OCc3ccc(cc3C#N)S(=O)(=O)C)cn2)C(=O)OC(C)(C)C,3.3,3.1809716576176035,-0.11902834238239635
2182,train,Cc1ccc2c(c1)c(c(C)n2CC(=O)O)c3cc(C)nc4ccccc34,2.88,2.444532257409204,-0.435467742590796
925,train,CN(c1ccnc(Nc2cc(cc(c2)N3CCOCC3)N4CCCC4)n1)c5cc(CO)ccc5C,3.8,3.4047740014714565,-0.39522599852854334
1771,train,CC#Cc1cncc(c1)c2cccc(c2)C3(N=C(C)C(=N3)N)C4CC4,3.3,3.3344773756600943,0.034477375660094456
885,train,CCOC(=O)c1c(nc2cc(C)ccn12)c3ccccc3,3.8,3.473151018168428,-0.32684898183157163
1489,train,Oc1ccc(C(=O)Cc2ccccc2)c(O)c1,3.09,2.540115973617391,-0.549884026382609
1795,train,O[C@@H]1CNC[C@H]1N2C=Cc3c(NC(=O)Cc4ccc(F)c(c4)C(F)(F)F)cccc3C2=O,1.33,1.2439355508205052,-0.08606444917949485
3268,train,CCC(=C)C(=O)c1ccc(OCC(=O)O)c(Cl)c1Cl,0.02,-0.08701939989372143,-0.10701939989372143
3043,train,CSc1ccc(cc1)C(=O)C(C)(C)N2CCOCC2,3.49,2.8544019616227776,-0.6355980383772226
1632,train,CCNC1=Nc2ccccc2C(=NC1c3cccs3)c4ccccc4,3.98,3.814155831695438,-0.16584416830456217
3032,train,COc1cccc2c1c(NS(=O)(=O)c3ccc(Cl)s3)nn2Cc4cccc(CNC(=O)C(C)(C)O)c4,2.09,2.398029107910337,0.308029107910337
3212,train,CC(C)n1c(C)ncc1c2nc(Nc3ccc(cc3)C(=O)N4CCCN(C)CC4)ncc2F,2.02,2.1787405075192754,0.15874050751927538
3353,train,c1ccc(nc1)c2n[nH]c(n2)c3ccncc3,1.48,1.8528053591522498,0.37280535915224977
2445,train,CC(C)c1ccc2[nH]c3CCN(Cc3c2c1)C(=O)[C@@H]4CCCC[C@H]4C(=O)NC5(CC5)C#N,4.1,3.7822029953308105,-0.31779700466918914
2400,train,ONC(=O)C1COC(=N1)c2ccc(F)c(c2)C(F)(F)F,1.53,1.8147761042280695,0.2847761042280694
587,train,NC1(CCC1)c2ccc(cc2)c3ncc4ncccc4c3c5ccccc5,2.0,2.1873235821362322,0.18732358213623224
3666,train,O[C@H](CNC(=O)c1c[nH]nc1C2CC2)CN3CCC(CC3)Oc4ccc(Cl)c(Cl)c4,3.15,3.3078661532128013,0.1578661532128014
1514,train,CCCCCC\N=C\1/C=CN(Cc2ccccc2)c3cc(Cl)ccc13,0.98,1.4083025772658018,0.4283025772658018
2128,train,O=C(NC1(CC1)C#N)[C@@H]2CCCC[C@H]2C(=O)N3CCN(CC3)c4nc5ccncc5s4,1.6,1.696372250187129,0.09637225018712892
119,train,OC(=O)Cc1ccc(cc1)N2CCC(CN3CCC(CC3)Oc4ccc(Cl)c(Cl)c4)CC2,1.83,1.7423718296011028,-0.08762817039889725
3070,train,CN1CCN(CC(=O)Nc2c(cnn2c3ccccc3)C#N)CC1,0.0,0.4325344867671921,0.4325344867671921
2837,train,ONC(=O)Cc1ccc(Oc2ccccc2)cc1,2.03,1.9539105846256184,-0.07608941537438141
147,train,Oc1ccc(cc1)N2C=Nc3cc(O)ccc3C2=O,1.6,1.1851390635028394,-0.4148609364971607
1493,train,CCCN(CCC)C(=O)c1cccc(c1)C(=O)N[C@@H](Cc2ccccc2)[C@H](O)CNC3Cc4ccccc4C3,3.3,3.041765331577951,-0.2582346684220487
3726,train,COc1ccc(cn1)[C@@]2(O)CC[C@H](CC2)N3CC[C@H](C3)NC(=O)CNC(=O)c4cccc(c4)C(F)(F)F,1.72,2.031383518881849,0.311383518881849
863,train,CCCSc1ncccc1C(=O)NC2CCCCC2,3.24,2.933452868430731,-0.3065471315692694
1479,train,CCn1cc(NC(=O)Cc2ccc(Oc3ccnc4cc(OC)c(OC)cc34)cc2OC)cn1,3.42,3.3683905259810993,-0.05160947401890059
3348,train,Nc1ncc(NC(=O)c2cc(NC(=O)c3cccc(c3)C(F)(F)F)ccc2Cl)cc1Cl,3.26,3.157187910530051,-0.10281208946994891
3602,train,NC(=N)c1cc2c(OCc3ccccc3)cccc2s1,1.16,1.323902864685301,0.16390286468530113
3841,train,Clc1ccccc1CN2CCc3sccc3C2,3.46,3.772369652963418,0.3123696529634179
2507,train,Oc1c2ncc3ccccc3c2nn1c4ccccc4,0.8,0.90981857716835,0.10981857716834997
2155,train,Fc1ccc(cc1)C(=O)N2CCC[C@@H](C2)c3onc(n3)c4ccc(F)cc4,3.73,3.1731509392346764,-0.5568490607653236
2216,train,C(CCNc1cc(nc2ccccc12)c3ccccc3)CNc4cc(nc5ccccc45)c6ccccc6,3.65,2.824404489981105,-0.825595510018895
2022,train,O[C@@H](CNCCCSCCOCCc1ccccc1)c2ccc(O)c3NC(=O)Sc23,2.3,1.9459536365257404,-0.35404636347425944
2082,train,CN(C1CCCCC1)C(=O)c2cnn(c2NS(=O)(=O)c3ccc(C)cc3)c4ccccc4,2.01,1.6674856038677843,-0.34251439613221546
3890,train,COc1cc(OC2CCN(C)CC2)c3c(Nc4cccc5OCOc45)ncnc3c1,3.02,2.885594344532167,-0.134405655467833
91,train,Cc1cc(CCCOc2c(Cl)cc(cc2Cl)C3=NCCO3)on1,3.72,3.4677196724537094,-0.2522803275462908
46,train,CC(Nc1ncnc2ccccc12)c3ccccc3,3.4,2.6976879242333873,-0.7023120757666126
331,train,CCOc1cc2nccc(Oc3cnc(CC(=O)Nc4n[nH]c(CC)c4C)c(OC)c3)c2cc1OC,3.29,3.179742422413251,-0.11025757758674892
2206,train,Oc1ccc(cc1)C2=Cc3cccc(O)c3OC2=O,2.8,2.876713724563871,0.07671372456387138
134,train,CC(C)NCC(O)COc1ccc(COCCOC(C)C)cc1,0.1,0.14572748605333086,0.04572748605333085
1684,train,CC(O)(C(=O)c1ccccc1)c2ccccc2,2.92,2.72000313586161,-0.1999968641383898
3874,train,Nc1c(NC2CCCCC2)nc(nc1N3CCOCC3)C#N,2.81,2.9031480422596476,0.09314804225964757
381,train,Cc1ccc(NC(=O)c2cccc(c2)C(F)(F)F)cc1NC(=O)c3ccc4ncccc4c3,3.87,3.755680074329554,-0.11431992567044613
2450,train,COCc1ccoc1C(=O)N(C(C(=O)NC[C@@H](C)O)c2ccccc2F)c3ccc(OC)cc3OC,1.98,1.667003377111448,-0.3129966228885519
365,train,COc1ccc(cc1C(=O)N)c2ccc3c(nc(nc3n2)N4CCOC[C@@H]4C)N5CCOC[C@@H]5C,2.82,2.587372415602677,-0.2326275843973229
2348,train,CC(C)N(c1ccnc(Nc2cc(cc(c2)N3CCOCC3)N4CCOCC4)n1)c5cc(CO)ccc5C,3.9,3.8142606259492844,-0.08573937405071552
3601,train,CCCCn1c(Cc2cc(OC)c(OC)c(OC)c2)nc3c(N)ncnc13,2.39,2.3398092278497784,-0.05019077215022172
226,train,Oc1c2C(=O)N(NC(=O)c2nc3cc(Cl)ccc13)C(C4CC4)c5ccncc5,0.7,0.741870442111584,0.04187044211158408
2955,train,Nc1ccccc1NC(=O)c2ccc(CNC(=O)OCc3cccnc3)cc2,1.26,1.6724337441017179,0.41243374410171785
1004,train,OC(c1ccc(cc1)N(CC(F)(F)F)S(=O)(=O)c2ccccc2)(C(F)(F)F)C(F)(F)F,4.5,4.125950927369729,-0.374049072630271
1976,train,Oc1cccc(NC(=O)c2ccc(OCCCN3CCCC3)cc2OCc4cccc(F)c4)c1,3.15,3.176391427825998,0.026391427825998015
2253,train,CCN(C(=O)c1oc(cc1)c2ccc(Cl)cc2)c3ccc(cc3)N4CCNCC4,3.3,3.118999714765104,-0.18100028523489575
2902,train,Oc1ccc(CCNCCNS(=O)(=O)CCOCCCc2ccccc2)c3sc(O)nc13,2.22,1.9529457418446563,-0.2670542581553439
2172,train,OC(=O)c1cncc(c1)c2cnc3[nH]c(cc3c2n4ccc(n4)C(F)(F)F)C(=O)NC5CC5,-0.98,-0.569512168293683,0.410487831706317
3772,train,CC1=C2C(=CC(=O)N1Cc3ccccn3)NN(C2=O)c4ccccc4Cl,0.2,0.13197894971976432,-0.0680210502802357
2001,train,CN([C@H]1CC[C@@]2(CCCO2)C[C@@H]1N3CCCC3)C(=O)Cc4ccccc4,0.99,1.0504565326244606,0.0604565326244606
2665,train,OC(=O)COc1ccc(cc1c2ccccc2)[N+](=O)[O-],-0.69,-0.40110339818556273,0.2888966018144372
4190,train,Cc1cccc(Nc2oc(nn2)C(=O)Nc3ccc(nc3)N4CCOCC4)c1,3.42,3.5498533875899003,0.1298533875899004
2967,train,COc1ccccc1CN(C)Cc2cccc(CCNC[C@H](O)c3ccc(O)c4NC(=O)Sc34)c2,1.52,1.4940960619970824,-0.02590393800291757
1997,train,COc1cnccc1COc2cnc(nc2)N3CCN(CC3)C(=O)OC(C)(C)C,3.8,3.6369844617914593,-0.16301553820854053
2785,train,COc1cc(OC)c(cc1NC(=O)CCC(=O)O)S(=O)(=O)N(c2ccccc2)c3ccccc3,-0.8,-0.6472324105933138,0.15276758940668622
1283,train,COc1ccc(cc1)S(=O)(=O)Nc2ccccn2,0.87,0.9421402428962571,0.07214024289625709
3344,train,CC(C)(C(=O)N)C(=O)NCCCNc1nc(Nc2cccc(NC(=O)N3CCCC3)c2)ncc1Br,2.32,2.283793366570609,-0.03620663342939068
1218,train,NC(=O)Nc1cc(sc1C(=O)N[C@H]2CCCNC2)c3ccccc3,1.04,1.0402501953766718,0.00025019537667181346
4085,train,Cc1cc(NC(=O)c2oc(Nc3ccccc3F)nn2)ccc1N4CCOCC4,4.0,3.664722061936904,-0.33527793806309614
1830,train,Nc1ccc2c(c1)C(=O)C(=O)c3cc(N)ccc23,1.72,1.5969801492805307,-0.1230198507194693
130,train,Cc1ccc(cc1)S(=O)(=O)NC(=O)N2CCC(CC2)N3CCC(CC3)Oc4ccc(Cl)cc4Cl,1.52,1.6510854128098362,0.1310854128098362
2856,train,COc1ccc(cc1C(=O)NCc2cccnc2)C(=O)NCc3cccnc3,1.23,1.5453432877439246,0.3153432877439246
2822,train,COc1ccccc1N2CCN(CCCCNC(=O)c3ccc4ccccc4c3)CC2,3.53,3.4671139411447003,-0.06288605885529952
2208,train,CC(C)n1c(C)ncc1c2nc(Nc3ccc(cc3)N4CCN(CC4)C(=O)CO)ncc2F,2.19,2.326220444727816,0.13622044472781614
1923,train,OC(=O)c1ccc(cc1)n2ncc(C(=O)NC3C4CC5CC(CC3C5)C4)c2C6CCCC6,1.72,1.4609936040069629,-0.2590063959930371
4004,train,CCCc1c(cnn1c2ccccc2)C(=O)Nc3ccc(F)cc3C,3.89,3.729694726982377,-0.16030527301762332
1419,train,C[C@@H]1CN(CCN1c2ncc(OCC3CCN(CC3)S(=O)(=O)C)cn2)C(=O)OC(C)(C)C,3.5,3.2896561145194196,-0.21034388548058036
465,train,CC(C)c1ccccc1Nc2nc(SCc3cccs3)n[nH]2,4.21,4.395702051451224,0.18570205145122376
3126,train,Oc1nc2ccccc2c(O)c1c3ccccc3,0.73,1.3021714866159575,0.5721714866159575
2398,train,Oc1ccc2OC(=CC(=O)c2c1)c3ccccc3,3.6,3.6434661061085043,0.04346610610850421
3747,train,COc1ccc(Nc2ccccc2C(=O)O)cc1,1.2,1.3757467539942851,0.1757467539942852
2987,train,COc1cc(NC(=O)Nc2cccc(CNC(=O)O[C@H]3CCOC3)c2)ccc1c4ocnc4,3.6,3.371828500036816,-0.2281714999631843
2385,train,ON1C(=O)N(CC2COc3ccccc3O2)c4ccsc4C1=O,1.44,1.4265892274315783,-0.013410772568421603
434,train,CC(C)n1c(C)ncc1c2ccnc(Nc3ccccc3)n2,3.58,3.5159010039082617,-0.06409899609173841
3474,train,C[C@@H]1CN(CCN1c2ncc(OCc3ccc(cc3F)S(=O)(=O)C)cn2)C(=O)OC(C)(C)C,3.7,3.79434447486466,0.09434447486466002
3808,train,COc1ccc(CNC(=O)c2ccc(Oc3ccc(cc3)C#C[C@]4(O)CN5CCC4CC5)cc2)nc1,3.1,2.9877669394488526,-0.11223306055114746
52,train,OC(=O)CCC[C@H]1[C@@H](Cc2ccccc12)NC(=O)c3cc4cc(F)ccc4[nH]3,1.95,1.814885479101965,-0.13511452089803488
1303,train,COc1cc2ncnc(Nc3cccc(Cl)c3F)c2cc1OC4CCN(CC(=O)N)CC4,3.1,2.922555998308815,-0.1774440016911849
3488,train,O=C(OCCN1CCCCC1)c2c[nH]c3ccccc23,2.0,1.685240816304191,-0.314759183695809
1420,train,O=C1C=CN=C2C=CC=CN12,0.2,0.7262066181042959,0.5262066181042959
2775,train,Clc1ccc(cc1Cl)[C@]23CNC[C@H]2C3,1.96,2.2118034776493367,0.25180347764933675
1348,train,Nc1c(cnn1c2ccc(F)cc2)C(=O)c3cccc(OC[C@H](O)CO)c3,1.94,1.3762155378649354,-0.5637844621350645
3284,train,CN(C1CCN(CCC(c2ccccc2)c3ccccc3)CC1)C(=O)Cc4ccc(cc4)S(=O)(=O)N,2.3,2.343478874289251,0.043478874289251124
471,train,NC(=O)c1cnc(N[C@H]2CCCNC2)c3cc(sc13)c4ccc(F)c(Cl)c4,2.94,2.8828548557109643,-0.05714514428903561
3435,train,CC(C)[C@@H]1N=C(c2ccccc2)c3ccccc3NC1=O,3.05,2.8942292986950706,-0.1557707013049292
1536,train,CNS(=O)(=O)c1ccc(Oc2ccc(cc2)C#C[C@]3(O)CN4CCC3CC4)cc1,2.03,1.7864104433090224,-0.24358955669097737
2766,train,Cn1ccc2c(cccc12)c3nc(CS(=O)(=O)C)cc(n3)N4CCOCC4,2.0,1.9202940180361838,-0.07970598196381617
4067,train,CCOC(=O)c1ccc(OCCC2(CCN(CC2)c3ccc(C)nn3)C#N)cc1,3.54,3.3416305190528837,-0.19836948094711637
2622,train,CN(C)c1cccc(c1)C(=O)Nc2ccc(C)c(NC(=O)c3ccc(OCc4ccccn4)cc3)c2,2.83,3.129678937116892,0.29967893711689175
2332,train,CNCc1ccc(cc1)c2[nH]c3cc(F)cc4C(=O)NCCc2c34,1.17,1.0282052110542776,-0.14179478894572228
3153,train,C[C@H](NC(=O)c1c(C)nn(c1NS(=O)(=O)c2ccc(cc2)C(F)(F)F)c3ccc(F)cc3)C(C)(C)C,2.35,2.0017785553950187,-0.3482214446049814
3970,train,OC(=O)C1CCn2c1ccc2C(=O)c3ccccc3,-0.93,-0.2951095233125822,0.6348904766874178
3780,train,CC(C)[C@H](NC(=O)N(C)Cc1csc(n1)C(C)C)C(=O)N[C@H](C[C@H](O)[C@H](Cc2ccccc2)NC(=O)OCc3cncs3)Cc4ccccc4,4.3,3.971329616203123,-0.32867038379687674
1930,train,C[C@H](Nc1ncc(Cl)c(Nc2cc([nH]n2)N(C)C)n1)c3ncc(F)cn3,2.33,2.3813531777106873,0.05135317771068726
441,train,COc1ccc(cc1)C2=C(C)c3ccc(OC)cc3OC2=O,3.31,3.2866283725617897,-0.023371627438210307
2264,train,Nc1ncnc2c1nc(Sc3nc4cccc(Cl)c4s3)n2CCO,2.37,2.446004006327689,0.07600400632768878
149,train,OCC(CO)N1C=Cc2c(NC(=O)CC34CC5CC(CC(C5)C3)C4)cccc2C1=O,2.62,3.0113586556646816,0.39135865566468153
450,train,COc1cc2ncnc(Nc3ccc(F)c(Cl)c3)c2cc1NC(=O)\C=C\CN4CCCCC4,4.1,4.2019555666504536,0.10195556665045391
1323,train,COc1cc2nnc(C(=O)N)c(Nc3ccc(F)cc3F)c2cc1N4CCN(C)CC4,2.36,2.2411423638840695,-0.11885763611593037
127,train,Cc1ncc(nc1C(=O)N)c2ccc(cc2)[C@@H]3CC[C@@H](CC(=O)O)CC3,1.0,1.0869972225754323,0.0869972225754323
689,train,C[C@]12CC[C@H]3[C@@H](CCc4cc(O)ccc34)[C@@H]1CCC2=O,3.4,3.381763499501397,-0.018236500498602926
500,train,O[C@@H](CNCCSCCCNCCc1cccc(c1)C(F)(F)F)c2ccc(O)c3NC(=O)Sc23,1.21,1.2363168361424521,0.02631683614245217
4176,train,CC(C)C(NC(=O)CN1C(=O)C(=CN=C1c2cccs2)N)C(=O)C(F)(F)F,0.68,0.9969477914245299,0.3169477914245299
617,train,COc1cccc(CNCc2cccc(CCNC[C@H](O)c3ccc(O)c4NC(=O)Sc34)c2)c1,0.91,0.6657786953111777,-0.2442213046888223
1048,train,COc1ccc2N=CC(=O)N(CCN3CC[C@H](NCc4ccc5OCC(=O)Nc5n4)[C@H](O)C3)c2c1,0.39,0.35790292989416517,-0.032097070105834846
1559,train,Oc1ccc(Cl)cc1C(=O)Nc2ccccc2,2.9,3.0534560636570367,0.1534560636570368
850,train,CCC(CC)NC(=O)c1cnn(c1NS(=O)(=O)c2ccc(C)cc2)c3ccccc3,0.79,0.7080150449045135,-0.08198495509548653
1741,train,COc1ccc(CN2CCc3c(C2)[nH]c4ccccc34)cc1OC,3.1,3.09952554794856,-0.000474452051439922
3443,train,CN(C)CC(O)COc1ccc(Nc2nccc(Nc3cc(C)ccc3Cl)n2)cc1,2.6,2.6450151393871364,0.045015139387136305
928,train,Cn1cnc(c2ccccc2)c1C#Cc3ccnc(N)n3,2.94,2.4112808187341024,-0.5287191812658976
911,train,CC(N)C(=O)Nc1c(C)cccc1C,-0.15,0.41461605504604404,0.5646160550460441
3701,train,Cc1nc(C)c(s1)C(=O)N[C@@H](Cc2cccc(Cl)c2)C(=O)NCC#N,2.0,1.9597184502600076,-0.04028154973999243
917,train,CN1CCOc2nc(ccc12)C#Cc3ccccc3,3.8,3.422545352536029,-0.3774546474639706
2377,train,NC(=O)c1cnc(c2ccc(cc2)C3(N)CCC3)c(c1)c4ccccc4,1.3,1.503907729359124,0.20390772935912405
4109,train,CS(=O)(=O)c1ccc(CC(=O)N(C2CC2)C3CCN(CCC(c4ccccc4)c5ccccc5)CC3)cc1,2.89,2.694720111285134,-0.19527988871486635
428,train,Oc1ccc(cc1)C2CNCCc3c(Cl)c(O)c(O)cc23,0.87,0.9889796486365474,0.11897964863654742
4141,train,Oc1cc(ccc1NC(=O)CN2CCOCC2)c3cccc4C(=O)C=C(Oc34)N5CCOCC5,2.4,2.5542613265094443,0.15426132650944435
2272,train,CC(C)C(NC(=O)CN1C(=O)C(=CN=C1C(C)C)NC(=O)OCc2ccccc2)C(=O)C(F)(F)F,2.63,2.205810132258022,-0.424189867741978
2727,train,Cc1nsc(C)c1CCC2CCN(CC2)S(=O)(=O)CC3(CCOCC3)N(O)C=O,1.5,1.5815898154583312,0.08158981545833122
3891,train,CC[C@H](N)C(=O)N[C@@H](Cc1ccc(cc1)c2ccccc2)C#N,2.6,2.4821963852751674,-0.1178036147248327
3200,train,Cc1ccc(cc1S(=O)(=O)n2ccc(n2)c3c(C)nc4ccc(Br)cn34)[N+](=O)[O-],3.52,3.537978505712323,0.017978505712322956
951,train,COc1ccc(cc1)c2ccnc(N)n2,2.08,2.1004497838819347,0.020449783881934636
42,train,NC(=NC#N)c1sc(Nc2ccccc2)nc1N,2.91,2.766236149817665,-0.14376385018233506
505,train,O[C@@H](CNCCc1cccc(CN2CCC(CC2)c3ccccc3)c1)c4ccc(O)c5NC(=O)Sc45,1.99,1.6084143967112507,-0.38158560328874924
1959,train,O[C@@H](CNCCc1ccc(NC[C@H](O)c2ccccc2)cc1)c3ccc(O)c(NC=O)c3,0.02,0.37322319733175036,0.35322319733175034
2714,train,CC(=O)Nc1ccc2c(c1)c(cn2C)c3cc(NC4CC4)n5ncc(C#N)c5n3,2.94,3.0411134161414966,0.1011134161414966
989,train,Cc1ccc(OCC(=O)O)c(c1)n2nc3ccccc3n2,-0.84,-0.8852383213119905,-0.04523832131199057
2265,train,COc1cc2ncnc(Nc3cc(NC(=O)c4cccc(c4)N5CCOCC5)ccc3C)c2cc1OC,3.6,3.5097386238768387,-0.09026137612316143
3620,train,OCC(CO)CN1C(=O)C(Cc2ccccc12)NC(=O)c3cc4cc(Cl)ccc4[nH]3,3.64,3.5325194491989893,-0.10748055080101082
3614,train,Cc1cc(CNc2ncc(Br)c(Nc3cc([nH]n3)C4CC4)n2)on1,3.43,3.2936186021048917,-0.1363813978951085
529,train,CN(c1ccnc(Nc2cc(CN3CCOCC3)cc(c2)N4CCOCC4)n1)c5cc(CO)ccc5C,3.0,3.2998673323656718,0.29986733236567176
3237,train,CC(C)n1c(C)ncc1c2ccnc(Nc3ccc(C(=O)N)c(F)c3)n2,2.8,2.7986683032210493,-0.0013316967789505085
64,train,O=C(COc1ccccc1)c2ccccc2,2.87,1.9882411584045663,-0.8817588415954338
3736,train,CN(C)CCC=C1c2ccccc2COc3ccccc13,2.15,2.348296747918946,0.19829674791894591
2363,train,OC(=O)[C@H](Cc1ccc(OCCNc2ccccn2)cc1)NC(=O)c3c(Cl)cccc3Cl,-0.48,-0.23638159128292413,0.24361840871707585
789,train,Cn1c(CN2CCN(CC2)c3ccccc3)nc4ccccc14,3.11,3.099391198522997,-0.010608801477002938
1919,train,CC1=CN([C@H]2CCCN(C2)[C@H](CC(C)(C)C)c3ccc(C(=O)O)c(Oc4cccc(Br)c4)c3)C(=O)NC1=O,1.09,1.006850650292603,-0.08314934970739718
583,train,CCC[C@H]1CN(Cc2cc(Cl)ccc2OCC(=O)O)CCN1S(=O)(=O)c3ccccc3,1.02,0.7537494882110705,-0.26625051178892956
3430,train,C[C@H](Nc1nc(Nc2cc(C)[nH]n2)c(Cl)c(n1)N3CCOCC3)c4ncc(F)cn4,2.61,2.7525742152760473,0.1425742152760474
1752,train,CCC(N(CCCN)C(=O)c1ccc(C)cc1)C2=Nc3ccsc3C(=O)N2Cc4ccc(Cl)cc4,2.32,2.1918748419427305,-0.12812515805726932
2918,train,CCc1cc(ccn1)C(=S)N,1.52,0.8247392902085156,-0.6952607097914845
658,train,CS(=O)(=O)N1CCc2c1nc(nc2c3cnc(N)nc3)N4CCOCC4,1.2,1.1225541153452576,-0.07744588465474234
1932,train,CN(C)c1ccccc1S(=O)(=O)NC(=O)N2CCC(CC2)N3CCC(CC3)Oc4ccc(Cl)c(Cl)c4,1.74,1.744886634495455,0.004886634495455011
1966,train,OC(=O)[C@H](N1CCC(CN2CCC(CC2)Oc3ccc(Cl)c(Cl)c3)CC1)c4ccccc4,2.14,1.9891806460028616,-0.15081935399713853
1460,train,COc1cc2ncc(C(=O)N)c(Nc3ccccc3F)c2cc1OC,2.81,3.063580804496959,0.25358080449695874
1421,train,O[C@@H]1CN(CCN2C(=O)C=Cc3ccc(cc23)C#N)CC[C@@H]1NCc4ccc5OCC(=O)Nc5n4,0.11,0.1623054679688849,0.0523054679688849
3296,train,C1CC(CCN1)c2ccccc2,0.54,0.6757256237284008,0.1357256237284008
2689,train,COc1cc(ccc1Cn2cnc3ccc(NC(=O)CC4CCCC4)cc23)C(=O)NS(=O)(=O)c5ccccc5,0.9,1.3282576283341614,0.42825762833416137
1727,train,CN1CCN(CC1)C(=O)c2cc3cc(C)ccc3[nH]2,2.22,1.8394453712730257,-0.38055462872697454
2927,train,CNC(=O)c1ccc(Nc2nccc(n2)c3cnc(C)n3C(C)C)cc1F,2.95,3.137722966877537,0.18772296687753665
358,train,CC(CN(C)C)CN1c2ccccc2CCc3ccccc13,2.95,2.814091851978975,-0.13590814802102535
865,train,COc1cc2ncnc(Nc3cc(NC(=O)c4ccnc(c4)N5CCOCC5)ccc3C)c2cc1OCCN6CCOCC6,3.19,3.220130570107706,0.030130570107706145
2463,train,Cc1ccc(cc1)S(=O)(=O)N2N=Cc3ccccc3B2O,0.05,0.3128299646835704,0.2628299646835704
2152,train,Nc1cc(cc(c1)C(F)(F)F)C(=O)Nc2cccc(c2)c3nnn[nH]3,0.2,0.47515814268120526,0.27515814268120525
2905,train,NC(=O)C([C@@H]1CCN(CCc2ccc3OCCc3c2)C1)(c4ccccc4)c5ccccc5,2.79,2.7128197875288507,-0.07718021247114937
2112,train,Cc1cc(ccc1O[C@H]2C[C@H]3CC[C@@H](C2)N3Cc4ccccc4)C(=O)N,2.23,2.104185308125608,-0.1258146918743921
309,train,Nc1nc(cs1)c2ccccc2,2.43,2.4827057248447857,0.05270572484478553
3662,train,CC1=CN(C2CCCN(Cc3cccc(Oc4ccccc4)c3)C2)C(=O)NC1=O,3.04,2.795045219330226,-0.24495478066977405
2880,train,N(c1cccnc1)c2ncnc3ccccc23,1.57,1.901352167164705,0.33135216716470484
4008,train,Clc1ccc2OCOc2c1Nc3ncnc4cc(OCCCN5CCCC5)cc(OC6CCOCC6)c34,2.3,2.6197093090660983,0.3197093090660985
3422,train,COC(=O)C1=C(C)NC(=C([C@@H]1c2cccc3nonc23)C(=O)OC(C)C)C,3.77,3.6787036564786835,-0.09129634352131655
1711,train,C[C@H](NC(=O)c1c(C)nn(c1NS(=O)(=O)c2ccc(C)cc2)c3ccccc3)C(C)(C)C,1.44,1.276027669523843,-0.1639723304761569
1571,train,CCN1CCN(CC(=O)Nc2ccc(c3cccc4C(=O)C=C(Nc34)N5CCOCC5)c6sc7ccccc7c26)CC1,2.6,2.6898298202995305,0.08982982029953046
577,train,NC12CCC(CC1)(CC2)c3ccccc3,0.29,0.6536502464516807,0.3636502464516807
87,train,C[C@H]1CN(Cc2cc(Cl)ccc2OCC(=O)O)CCN1C(=O)Cc3ccccc3,0.18,0.6778967173364467,0.49789671733644675
3265,train,CCC(CC)NC(=O)c1cnn(c1NS(=O)(=O)C2CCCC2)c3ccccc3,0.69,0.8606925857180696,0.17069258571806967
1137,train,C[C@@H]1CN[C@@H]2[C@@H](C1)O[C@]3(CC[C@H]4[C@@H]5CC=C6C[C@@H](O)CC[C@]6(C)[C@H]5CC4=C3C)[C@@H]2C,2.63,2.8897005229638584,0.2597005229638585
728,train,CC1=CC2=NNC(=O)N2c3cc(ccc13)c4ccccc4CO,3.18,3.162802033170878,-0.017197966829122002
1818,train,CO[C@H]1\C=C\O[C@@]2(C)Oc3c(C)c(O)c4c(O)c(NC(=O)\C(=C/C=C/[C@H](C)[C@H](O)[C@@H](C)[C@@H](O)[C@@H](C)[C@H](OC(=O)C)[C@@H]1C)\C)cc(O)c4c3C2=O,1.19,1.2890743124567812,0.09907431245678122
1554,train,O=S(=O)(C1CCNCC1)C2(CC2)c3cc(nc(n3)c4cccc5[nH]ccc45)N6CCOCC6,1.1,0.9197465230537936,-0.18025347694620653
2345,train,CCN(C1CCN(CCC(c2ccccc2)c3ccc(cc3)S(=O)(=O)C)CC1)C(=O)Cc4ccc(cc4)S(=O)(=O)C,1.73,2.377853112235091,0.647853112235091
2961,train,COc1ccc(cc1OC)C(=O)Nc2cccc(NC(=O)c3ccc(OC)c(OC)c3)n2,3.5,3.334224062121795,-0.16577593787820488
3146,train,CS(=O)(=O)c1ccc(c(Cl)c1)c2cc(ccc2OCC(=O)O)C(F)(F)F,-0.52,-0.3771283260547329,0.14287167394526712
2036,train,OC(=O)[C@H](Cc1cccc(c1)C#N)N2CCC(CN3CCC(CC3)Oc4ccc(Cl)c(Cl)c4)CC2,2.26,2.1879127141766803,-0.07208728582331947
1765,train,CCc1c(cnn1c2ccc(cc2)C(=O)O)C(=O)NC3C4CC5CC(CC3C5)C4,0.9,1.056773040550155,0.15677304055015495
95,train,CC(C)N(CCCNC(=O)Nc1ccc(cc1)C(C)(C)C)C[C@H]2O[C@H]([C@H](O)[C@@H]2O)n3cnc4c(N)ncnc34,2.2,2.2709780883567183,0.07097808835671815
2039,train,COc1cc2ncnc(Nc3ccccc3)c2cc1OC,3.04,3.0303379162161193,-0.009662083783880782
2362,train,OC(=O)CSCC(=O)Nc1nc(cs1)c2ccc(F)cc2,-0.2,0.41613370210709655,0.6161337021070965
570,train,CN(C)CC(O)COc1ccc(Nc2nccc(Nc3ccccc3C#N)n2)cc1,1.2,1.550960076751179,0.35096007675117913
2410,train,Cc1sc2ncnc(N3CCN(CC3)c4ncccn4)c2c1C,3.66,2.9810479301461297,-0.6789520698538705
1746,train,COc1cc(ccc1Nc2ncc(Cl)c(n2)c3cnc4cc(F)ccn34)N5CCN(CC5)C(=O)C,3.7,3.983536241003212,0.28353624100321184
1488,train,Cc1nc(C)c(nc1C(=O)N)c2ccc(cc2)C34CCC(CC(=O)O)(CC3)CC4,1.6,1.2049653878052617,-0.39503461219473834
1540,train,Cc1cc(Oc2ccnc(Nc3ccc(cc3)N4CCOCC4)c2)c(nc1C)c5ccccn5,2.59,2.7591569721758313,0.16915697217583148
3713,train,CC(=O)NC[C@H]1CN(C(=O)O1)c2ccc(N3Cc4ccncc4C3)c(F)c2,3.02,2.54310227320731,-0.47689772679269016
1249,train,OC(=O)c1c(C#N)c2ccccc2n1Cc3ccc(Cl)c(Cl)c3,1.26,1.8797436596054076,0.6197436596054076
2645,train,Nc1c2C(=O)N(Cc2nc3c(cccc13)c4ncccn4)C5CCC5,1.85,2.0270051706892764,0.17700517068927635
3710,train,O[C@@H](CNCCc1cccc(CNCc2ccccc2F)c1)c3ccc(O)c4NC(=O)Sc34,0.69,1.0694428240348481,0.3794428240348482
1317,train,Cc1ccc(cc1)S(=O)(=O)Nc2c(C(=O)NCC(C)(C)C)c(C)nn2c3ccccc3,1.46,1.4947994360547368,0.03479943605473679
787,train,CN(C)CCNCc1ccc(Nc2ncc3cc(ccc3n2)c4ccncc4)cc1,1.4,1.6648216936859703,0.2648216936859704
3420,train,Cc1c(c2ccc(O)cc2)n(C)c3ccc(O)cc13,3.8,3.483065722822267,-0.31693427717773304
1474,train,C(Cc1ccccc1)NCc2ccccc2,1.65,1.644125634060012,-0.005874365939987802
869,train,CCN(CC)c1ccc2C=C(C(=O)O)C(=O)Oc2c1,-0.2,0.02143117933408778,0.2214311793340878
2065,train,CN1C(=O)CN=C(c2ccccc2F)c3cc(ccc13)[N+](=O)[O-],2.1,2.1055629761102264,0.00556297611022627
468,train,Oc1ccc(cc1)S(=O)(=O)Nc2nccs2,0.36,0.47444460264453014,0.11444460264453016
817,train,COc1cc(ccc1Nc2ncc(Cl)c(n2)c3cnc4c(OC)cccn34)N5CCN(CC5)C(=O)C,3.5,3.3695320114072924,-0.13046798859270758
2139,train,Clc1ccc(N2CCN(CC2)C(=O)COCc3ccncc3)c(Cl)c1,3.38,3.2336266859550813,-0.1463733140449186
77,train,C[C@H](Nc1ncc(F)c(Nc2cc([nH]n2)C3CC3)n1)c4ncc(F)cn4,2.47,2.420039569709804,-0.04996043029019637
2646,train,COc1ccc(cc1)c2c(C)[nH]nc2c3ccc(O)cc3O,3.37,3.589768717833428,0.219768717833428
2396,train,Fc1cnc(NC(=O)C(CC2CCOCC2)c3ccc(cc3)S(=O)(=O)C4CC4)s1,3.3,3.2446589652359425,-0.05534103476405727
3396,train,CN(C(=O)C)c1ccc(Nc2ncc3cc(ccc3n2)c4ccncc4)cc1,2.88,2.678428655786057,-0.20157134421394307
1534,train,NC(Cc1ccc(cc1)N(CCCl)CCCl)C(=O)O,0.39,0.1063506378621013,-0.2836493621378987
3339,train,Clc1ccc2OCOc2c1Nc3ccnc(Nc4cc(cc(c4)N5CCOCC5)N6CCOCC6)n3,3.25,3.3490626116573674,0.0990626116573674
3961,train,Nc1cc(nc2c(cnn12)C#N)c3ccccc3,2.48,2.311082007204612,-0.1689179927953881
1027,train,CN[C@@H](C)C(=O)N[C@H](C(=O)N[C@H]1CCCN(CCc2ccc(OC)cc2)C1)C(C)(C)C,1.45,1.4914322025445919,0.0414322025445919
1956,train,CC(C)(C)OC(=O)NCCCSC[C@H]1O[C@H]([C@H](O)[C@@H]1O)n2cnc3c(N)ncnc23,1.2,1.174766676748013,-0.025233323251987017
4052,train,Oc1ccnc2ccccc12,0.8,1.9712741070413626,1.1712741070413626
665,train,CCCc1cc(Nc2nc(NCc3onc(C)c3)ncc2Br)n[nH]1,3.63,3.6445426046974756,0.014542604697475703
1112,train,COc1cc2ncnc(Nc3cc(NC(=O)c4cccc(c4)N(C)C)ccc3Cl)c2cc1OC,4.26,4.348755529875086,0.08875552987508595
3650,train,Brc1cnc(NCc2ccccc2)nc1Nc3cc([nH]n3)C4CC4,4.11,4.03763229519102,-0.07236770480897992
3533,train,CCN(CCO)CCCOc1cc2ncnc(Nc3cc(CC(=O)Nc4cccc(F)c4F)[nH]n3)c2cc1OC,1.94,2.1760058383511818,0.23600583835118183
4099,train,CN(C)CCC[C@]1(OCc2cc(ccc12)C#N)c3ccc(F)cc3,1.48,1.52983458268079,0.049834582680789996
3816,train,CCN(C1CCN(CCC(N2CCN(CC2)c3cccc(F)c3)c4ccccc4)CC1)C(=O)Cc5ccc(cc5)S(=O)(=O)C,3.21,3.314574141502152,0.10457414150215216
2793,train,CC(=O)NC[C@H]1CN(C(=O)O1)c2ccc(N3CCN(CC3)c4ccc(cn4)C#N)c(F)c2,1.98,2.106755550675995,0.1267555506759952
3678,train,NS(=O)(=O)c1ccc(Nc2nccc(n2)c3cnc4ccccn34)cc1,2.7,2.5288785900221313,-0.17112140997786884
783,train,CN1SC(=NC1=O)NC(=O)c2ccccc2,1.13,1.047297464392094,-0.08270253560790586
788,train,Cc1ccccc1Nc2ncnc3ccccc23,2.85,3.181334421889896,0.3313344218898959
1721,train,COc1cc2c(Nc3c(Cl)ccc4OCOc34)ncnc2cc1OCC5CCN(C)CC5,1.83,2.2722633645288957,0.4422633645288956
490,train,CC(CCc1cccc(OCc2ccc3ccccc3n2)c1)CC(=O)O,2.4,2.3403373010485042,-0.059662698951495674
3846,train,CCC(CC)NC(=O)c1c(C)nn(c1NS(=O)(=O)c2ccc(C)cc2)c3ccccc3,1.35,1.0317961196681462,-0.31820388033185387
2443,train,COc1ccc(cc1)N2CCN(CC2)C(=O)[C@@H]3CCCC[C@H]3C(=O)NC4(CC4)C#N,1.74,1.9048177715771697,0.1648177715771697
2950,train,CCOC(=O)c1ccccc1c2csc(NS(=O)(=O)c3ccc(Cl)cc3)n2,2.43,2.553193317725728,0.12319331772572806
2358,train,Oc1ccc(cc1)c2ccc(cc2)C3(O)CN4CCC3CC4,0.95,1.5319315434903278,0.5819315434903278
122,train,NC(=N)NC(=O)c1nc(Cl)c(NCc2ccccn2)nc1N,-0.56,-0.16897644004531642,0.39102355995468363
1032,train,CC1SC2=C(C(=O)O)C(=O)c3cc(F)c(cc3N12)N4CCNCC4,-1.1,-1.163331827004848,-0.06333182700484796
3278,train,CS(=O)(=O)Cc1cc(nc(n1)c2ccccc2)N3CCOCC3,1.94,1.6439414605616527,-0.29605853943834726
2310,train,Fc1ccc(cc1)C(NC(=O)CC2CCN(Cc3ccn(c3)c4ccc(cc4)C(F)(F)F)CC2)C5=CNC(=O)C=C5,3.04,3.1939091373614126,0.15390913736141254
2555,train,O=C(N1CCOCC1)c2ccc(cc2)C(=C3CCN(Cc4cscn4)CC3)c5cccc6cccnc56,2.12,2.3378239487038543,0.21782394870385424
4069,train,Fc1ccc(cc1)C(=O)C2CCN(CC2)C(=O)N3CCOCC3,1.61,2.156763415909418,0.5467634159094177
3801,train,Cc1ccc([nH]1)C(=O)NC2CCN(CC2)c3cc(cc(Cl)n3)C(=O)N,2.64,2.48481535893308,-0.1551846410669202
2581,train,CNCc1cccc(c1)c2ccc3c(nc(nc3n2)N4C[C@@H](C)O[C@@H](C)C4)N5CCOCC5,1.26,1.6346089528960455,0.37460895289604546
4003,train,O=C1NC(=O)C(Cc2cccc(Oc3ccccc3)c2)S1,2.84,2.9278113992578834,0.0878113992578835
3236,train,CN1CCN(CC1)[C@@H]2C[C@@H](C2)c3nc(c4ccc5ccc(nc5c4)c6ccccc6)c7c(N)nccn37,3.2,2.9760500710744484,-0.22394992892555177
2137,train,Oc1ccc(cc1)c2oc3cc(O)ccc3n2,3.3,3.4467772381434445,0.14677723814344468
3266,train,CC[C@@H](CO)Nc1nc(SCc2ccccc2)nc3nc(N)sc13,2.99,3.095112338110809,0.10511233811080878
3022,train,CC1=CN([C@H]2CCCN(C2)S(=O)(=O)c3cccc(Oc4ccccc4)c3)C(=O)NC1=O,2.32,2.2428630222529367,-0.07713697774706318
1955,train,Cn1cnc(c1Sc2ncnc3nc[nH]c23)[N+](=O)[O-],0.19,0.4199578955397203,0.2299578955397203
200,train,CN1CCCN(CC1)C(c2ccccc2)c3ccc(Cl)cc3,2.36,2.6055696397194437,0.2455696397194438
3797,train,COc1ccc(cc1)c2nc3c(NCC4CCNCC4)c(Br)cnc3[nH]2,1.36,1.5999143990808562,0.2399143990808561
4010,train,CC1=CN([C@H]2CCCN(C2)S(=O)(=O)c3ccc(C(=O)O)c(Oc4ccc(Cl)c(Cl)c4)c3)C(=O)NC1=O,-0.87,-0.5019628944203713,0.36803710557962865
486,train,OCCN1CC=CC[C@@H](C1)c2ccc(Cl)c(Cl)c2,2.37,2.4599551876283785,0.0899551876283784
1744,train,CC(C)CNc1nc(nc(NC2CCS(=O)(=O)C2)c1N)C#N,2.3,2.267521405443011,-0.03247859455698876
3998,train,CC(C)NC(=O)c1ccc2c(Nc3ccc(Cl)cc3)nc(nc2c1)N4CCOCC4,2.78,2.8640431088334157,0.08404310883341592
2994,train,COc1cc(cc(OC)c1O)[C@H]2[C@@H]3C(COC3=O)C(O[C@@H]4O[C@@H]5CO[C@@H](C)O[C@H]5[C@H](O)[C@H]4O)c6cc7OCOc7cc26,0.91,0.802867940177552,-0.107132059822448
3552,train,CC(CC(=O)NCc1ccccc1)C2CCCO2,2.1,2.158153882027915,0.05815388202791505
2839,train,C[C@H](CNCCc1ccncc1)c2c([nH]c3ccc(cc23)C(C)(C)C(=O)N4C5CCC4CC5)c6cc(C)cc(C)c6,4.35,4.249400409005872,-0.1005995909941273
2790,train,OC(=O)\C=C\c1cccc(c1)c2cnc3[nH]ccc3c2,0.58,1.0766124472237983,0.4966124472237984
1107,train,CCN(CC)C(C)C(=O)c1ccccc1,1.18,1.5666263569934935,0.38662635699349357
2894,train,CN(C)c1ccnc2sc(C(=O)N)c(N)c12,1.7,1.8151713155888314,0.11517131558883142
277,train,CC1CC(=O)Nc2ccccc2N1,0.56,0.7797431744067518,0.21974317440675173
3183,train,CCN(CC)C(=O)c1ccc(cc1)C2=CC3(CCNCC3)Oc4cccc(O)c24,0.54,0.5648286685784314,0.024828668578431357
269,train,O=C1COC2(CCN(CC2)S(=O)(=O)c3ccc(cc3)c4ccc5cnccc5c4)CN1C6CC6,3.32,3.279340370761137,-0.040659629238863015
3606,train,Cc1ccc(NC(=O)c2ccnc(c2)N3CCOCC3)cc1Nc4ccnc(Cl)n4,3.1,2.846529869963329,-0.2534701300366713
2356,train,CC1=CC(=O)Nc2ccccc12,1.9,1.9273574293293003,0.02735742932930041
1275,train,NS(=O)(=O)c1cc2c(NC(NS2(=O)=O)C(Cl)Cl)cc1Cl,0.37,0.6943345760677486,0.3243345760677486
3619,train,OC(=O)c1ccc(NC(=O)c2cc(OCc3ccccc3)cc(OCc4ccccc4)c2)nc1,2.7,2.2345396075437094,-0.4654603924562908
3027,train,NC1CCc2cc(OC(=O)c3ccccc3)c(OC(=O)c4ccccc4)cc2C1,2.6,2.3097861663314343,-0.2902138336685658
3505,train,CC(NC(=O)C1(N)CCN(CC1)c2ncnc3[nH]ccc23)c4ccc(cc4)S(=O)(=O)C,1.0,1.187917676159116,0.18791767615911592
2748,train,CCC(CC)NC(=O)c1cn(nc1NS(=O)(=O)c2ccc(C)cc2)c3ccccc3,2.51,2.3566499596682844,-0.1533500403317154
3528,train,NC(=N)Nc1ccc(cc1)C(=O)Oc2ccc(Cl)cc2,0.7,0.7751204538818688,0.07512045388186883
253,train,Cc1ccc2c(c1)c(c(C)n2CC(=O)O)c3ccnc4cc(Cl)ccc34,1.59,1.4289700414731241,-0.16102995852687596
2959,train,CN[C@@H](C)C(=O)N[C@H](C(=O)N[C@H]1CCCN(CCc2ccc(C)cc2)C1)C(C)(C)C,2.05,2.0065048530726686,-0.04349514692733125
1063,train,Oc1c2C(=O)N(NC(=O)c2nc3cc(Cl)ccc13)C(C4CCCC4)c5ccccn5,1.9,1.9409778536747184,0.04097785367471851
1409,train,CC(=O)NC[C@H]1CN(C(=O)O1)c2ccc(c(F)c2)n3cc(nn3)C#N,0.8,0.8975463811630358,0.09754638116303571
3670,train,O[C@@H](CNCCc1cccc(CNCCc2ccccc2Cl)c1)c3ccc(O)c4NC(=O)Sc34,1.63,1.8039230943998787,0.17392309439987885
745,train,COc1ccc(CNC(=O)c2sc3nc(C)cc(C)c3c2N)cc1,3.85,3.648579110183101,-0.20142088981689898
182,train,C[C@@H]1CN([C@@H](C)CN1C(=O)c2ccc(cc2)C#N)C(=O)[C@@](C)(O)C(F)(F)F,1.5,1.844036068498205,0.3440360684982049
2381,train,CC(C)(CO)Nc1nc(SCc2cccc(F)c2F)nc3nc(N)sc13,3.37,3.127731580292684,-0.24226841970731616
1246,train,CS(=O)(=O)n1c2ccccc2c3cc(NC(=O)CCc4ccncc4)ccc13,3.4,3.1797639185895177,-0.22023608141048223
3408,train,COc1cc(CCc2cc(Nc3ccnc(NCc4onc(C)c4)n3)n[nH]2)cc(OC)c1,3.1,3.2124101579228768,0.11241015792287667
2454,train,COc1cc2CC(CC3CCN(Cc4ccccc4)CC3)C(=O)c2cc1OC,2.41,2.6079591605730563,0.19795916057305618
935,train,COc1cc2ncc(C(=O)N)c(Nc3ccc(F)cc3F)c2cc1NCCN4CCCCC4,2.52,2.6516735728755396,0.1316735728755396
208,train,Clc1ccc(CNC(=N)SCCCc2c[nH]cn2)cc1,1.13,1.2873609052104484,0.15736090521044854
2938,train,CC(C)n1c(C)ncc1c2nc(Nc3ccc(C(=O)N(C)C)c(C)c3)ncc2F,2.86,2.85318287128027,-0.006817128719729837
2953,train,COCCNc1nc(NCc2ccccc2F)c3sccc3n1,3.4,3.4831524308399757,0.08315243083997581
1487,train,Clc1cnc(OC2CCNCC2)cc1C(=O)NCC34CC5CC(CC(C5)C3)C4,1.56,1.385462465803948,-0.174537534196052
2590,train,OC(=O)[C@H](Cc1ccc(OCCCNc2ccccn2)cc1)NC(=O)c3c(Cl)cccc3Cl,-0.22,-0.18585469947274413,0.03414530052725587
3974,train,NC(=O)Nc1sc(cc1C(=O)N)c2ccc(CN3CCCCC3)cc2,1.75,1.8459729185593265,0.09597291855932655
859,train,C[C@]12CCC(=O)C=C1CC[C@H]3[C@@H]4CC[C@](O)(C(=O)CO)[C@@]4(C)CC(=O)[C@H]23,1.4,1.7231795220117083,0.3231795220117084
653,train,CN(C)c1ccc(cc1)S(=O)(=O)NC(=O)N2CCC(CC2)N3CCC(CC3)Oc4ccc(Cl)c(Cl)c4,1.7,1.635364025318448,-0.06463597468155191
1451,train,CC[C@H]1CN(Cc2cc(Cl)ccc2OCC(=O)O)CCN1S(=O)(=O)c3ccccc3,0.44,0.4728880080300999,0.03288800803009989
2481,train,CC1=C(OCc2ccc(F)cc2)C(=O)C=CO1,1.91,1.84054521569921,-0.06945478430079
683,train,Cc1ccc(cc1)n2c(C)cc(C(=O)NS(=O)(=O)c3ccc(C)cc3)c2C,2.5,2.1338219614646428,-0.36617803853535724
2062,train,COc1cc(ccc1Nc2ncc(Cl)c(n2)c3cnc4c(C)cccn34)N5CCN(CC5)C(=O)C,3.2,3.3064765887130942,0.10647658871309407
3637,train,CN1C(=O)N(Cc2ccc(cc2)C(=O)O)C(=O)c3cc(ccc13)C#CCc4ccccc4,2.5,2.4829479262705187,-0.017052073729481254
1467,train,CC1=NC(=C(NC1=O)c2ccc(CN3CCC(CC3)N4C(=O)Nc5ccccc45)cc2)c6ccccc6,3.9,3.6848236854087895,-0.21517631459121045
2735,train,OC(=O)COc1cccc(c1)N2CCC(CN3CCC(CC3)Oc4ccc(Cl)c(Cl)c4)CC2,1.99,1.8649805421378636,-0.12501945786213642
3071,train,Cc1cc(Oc2ccnc(Nc3ccc(cc3)S(=O)(=O)N)c2)c(nc1C)c4ccccn4,2.34,2.5322080988808304,0.19220809888083057
1127,train,Cc1ccc2nc(CCNCCCO)ccc2c1NC(=O)CC34CC5CC(CC(C5)C3)C4,1.18,1.4050913320608758,0.22509133206087584
1815,train,COc1cc2c(Nc3cccc(Cl)c3Cl)c(cnc2cc1NCCN(C)C)C(=O)N,3.41,3.1461711524771516,-0.2638288475228485
3749,train,C[C@H](CO)Nc1nc(SCc2cccc(F)c2F)nc3ncc(C)nc13,3.5,3.4913202453704164,-0.008679754629583591
1191,train,Nc1nc(SCc2ccccc2)nc3c1ncn3[C@@H]4O[C@H](CO)[C@@H](O)[C@H]4O,1.24,1.175393023576116,-0.06460697642388391
549,train,CCC(N(CCCN)C(=O)c1ccc(OC)cc1)C2=Nc3ccsc3C(=O)N2Cc4ccccc4,1.39,1.5085937389603068,0.1185937389603069
3830,train,Cc1ccc(cc1NC(=O)c2ccc(OCc3ccccn3)cc2)c4cc(n[nH]4)C(F)(F)F,2.44,2.9070440374186806,0.4670440374186806
4044,train,Nc1cccc2c3ccccc3C(=O)C(=O)c12,2.95,2.7093653163119273,-0.24063468368807284
3934,train,CCN(C1CCN(CC[C@H](C2CCN(CC2)S(=O)(=O)C)c3ccccc3)CC1)C(=O)Cc4ccc(cc4)S(=O)(=O)C,1.05,1.3519616270320651,0.3019616270320651
2530,train,CCCc1c(cnn1c2ccccc2)C(=O)Nc3cc(C)on3,3.7,3.3362312648260137,-0.36376873517398645
45,train,COc1ccc(cn1)C2=Cc3c(C)nc(N)nc3N([C@@H]4CC[C@H](CC4)OCCO)C2=O,2.2,2.2600148819227766,0.060014881922776375
1342,train,Fc1ccc(CC2=NNC(=O)c3ccccc23)cc1N4C(=O)CCC4=O,1.0,1.6570869295155732,0.6570869295155732
3321,train,CC(C(=O)O)c1ccc2oc(nc2c1)c3ccc(Cl)cc3,1.3,1.556475780378359,0.25647578037835905
1039,train,CCC(=O)NCC[C@@H]1CCc2ccc3OCCc3c12,2.57,2.2355544253895228,-0.3344455746104771
2096,train,C[C@@H]1CN(CCN1c2ncc(OCc3ccncc3C#N)cn2)c4onc(n4)C(F)(F)F,3.1,3.1512409104853,0.051240910485299995
945,train,O=C(NC1(CC1)C#N)[C@@H]2CCCC[C@H]2C(=O)N3CCN(CC3)c4nc5ncccc5s4,1.4,1.2533740243852165,-0.1466259756147834
2925,train,Cc1c(Sc2ccc(Cl)cc2)c3ccc(Cl)cc3n1CC(=O)O,2.51,2.0539964598194724,-0.45600354018052736
1464,train,C(=C\c1c(nc2sccn12)c3ccccc3)/c4ccncn4,3.4,3.3396908855977223,-0.0603091144022776
466,train,Nc1nc2ccc(F)cc2s1,2.2,2.4021354589896413,0.20213545898964114
1227,train,O=C(CC12CC3CC(CC(C3)C1)C2)Nc4ccc5[nH]ncc5c4,4.03,3.5588342766972554,-0.47116572330274487
3579,train,CCOC(=O)c1cc(O)c(nn1)c2ccccc2,0.69,1.1101631700771786,0.4201631700771786
2832,train,CS(=O)(=O)N1CC[C@@H](C1)N(Cc2ccccc2Cl)c3ccc(C#N)c(Cl)c3,4.0,3.6691321461744693,-0.33086785382553074
3598,train,O=C1Nc2cc(ccc2C1c3ncnc4cc(OCCCN5CCOCC5)ccc34)C#N,2.99,2.661011356182274,-0.3289886438177261
2671,train,CCN1N(C2CCCC2)c3nc(Nc4ccc(cc4OC)C(=O)NC5CCN(C)CC5)ncc3N(C)C1=O,2.75,2.5133878814584447,-0.23661211854155528
1782,train,Clc1ccc2C(=O)C3=C(Nc2c1)C(=O)NN(Cc4cocc4)C3=O,0.6,0.5104419103754143,-0.08955808962458567
4138,train,[O-][N+](=O)c1cccc2C(=O)C(=O)c3ccccc3c12,2.6,2.3753088027295495,-0.22469119727045062
2486,train,Clc1ccc2C(=O)NC(=Nc2c1)c3ccccc3,3.31,2.7104460878430006,-0.5995539121569995
2635,train,Cn1cncc1c2c3C(=O)N(CC=C)C(=O)N(CC4CC4)c3nn2Cc5ccnc6ccc(Cl)cc56,3.62,3.7510630254780706,0.13106302547807047
1902,train,NS(=O)(=O)c1cc(C(=O)O)c(NCc2occc2)cc1Cl,-0.9,-0.9722062612358937,-0.07220626123589369
2438,train,Cc1cccc2c(CCNCc3cccc(CCNC[C@H](O)c4ccc(O)c5NC(=O)Sc45)c3)c[nH]c12,1.13,0.9540075016609002,-0.1759924983390997
3912,train,C(C1NCCc2ccccc12)c3ccccc3,1.89,1.9194444222430307,0.029444422243030788
901,train,CC1(O)CN(C1)S(=O)(=O)c2ccc3C(=CNC(=O)c3c2)C(=O)NC[C@@H](O)CN4CCC(CC4)Oc5ccc(Cl)c(Cl)c5,2.54,2.8862002963805713,0.34620029638057126
2562,train,COc1cccc(CNc2nc(NC(C)C)nc3ccsc23)c1OC,3.7,3.585981849940826,-0.11401815005917415
1881,train,C[C@@H](Oc1cccc2ncnc(Nc3ccc(OCc4ccccn4)c(Cl)c3)c12)C(=O)N(C)CCO,3.56,3.4363455463933876,-0.12365445360661242
1397,train,CC[C@H](C)[C@H](N)C1=N[C@@H](CS1)C(=O)N[C@@H](CC(C)C)C(=O)N[C@H](CCC(=O)O)C(=O)N[C@@H]([C@@H](C)CC)C(=O)N[C@H]2CCCCNC(=O)[C@H](CC(=O)N)NC(=O)[C@@H](CC(=O)O)NC(=O)[C@H](Cc3cnc[nH]3)NC(=O)[C@@H](Cc4ccccc4)NC(=O)[C@@H](NC(=O)[C@@H](CCCN)NC2=O)[C@@H](C)CC,-0.46,-0.3512607784343733,0.10873922156562671
3483,train,CC1=CC(=O)Nc2sc(C(=O)c3ccc(Br)cc3)c(N)c12,2.57,2.6225904290691493,0.05259042906914946
719,train,C[C@@H]1CN(CCN1c2ncc(OCc3ccncc3C#N)cn2)c4ncc(F)cn4,3.4,3.3913322275423954,-0.008667772457604528
1247,train,C[C@@H]1CN(CCN1c2ncc(OCc3ccncc3C#N)cn2)C(=O)OCC(F)(F)F,3.0,2.938910185971496,-0.06108981402850411
3185,train,CC(=O)Nc1ccccc1C,1.0,1.1880217327747071,0.18802173277470713
734,train,Oc1ccc(CCNCCS(=O)(=O)CCCOCCSc2ccccc2)c3sc(O)nc13,2.68,2.779840927902376,0.09984092790237575
2424,train,Cc1nnc2CN=C(c3ccccc3)c4cc(Cl)ccc4n12,1.98,2.3029478091186686,0.3229478091186686
621,train,C[C@H]1CN(CCN1c2ncc(OCc3ccc(cc3)S(=O)(=O)C)cn2)C(=O)OC(C)(C)C,3.5,3.436751866830591,-0.06324813316940903
2297,train,Cc1cc(CN2Cc3ccccc3C2C(=O)Nc4ccc(Cl)cc4Cl)ccc1OCC(=O)O,2.62,2.3481332502903873,-0.2718667497096128
107,train,Oc1ccccc1OC(=O)c2cccc3ccccc23,4.4,3.772444062146383,-0.6275559378536175
1133,train,C[C@@H]1CCCN1CCc2oc3ccc(cc3c2)c4ccc(cc4)C#N,3.51,3.2893875394797485,-0.2206124605202513
3938,train,CCC(N(CCCN)C(=O)c1ccc(C)cc1)C2=Nc3ccn(C)c3C(=O)N2Cc4ccccc4,1.8,1.631399991285152,-0.16860000871484804
1232,train,CC(C)Oc1cc(Nc2nc3c(cc2F)ncn3[C@@H](CO)c4ccc(F)cn4)n[nH]1,2.97,2.826598105281716,-0.14340189471828424
1332,train,Oc1cc(OCc2ccccc2)ccn1,1.69,1.9481507092975021,0.25815070929750217
2339,train,CC(C)n1c(C)ncc1c2ccnc(Nc3ccc(cc3)C#N)n2,3.62,3.4743266048416412,-0.14567339515835886
4100,train,COc1ccc(Nc2cc(Nc3ccc(OCC(O)CN(C)C)cc3)ncn2)cc1,1.5,1.3002101708563885,-0.19978982914361154
3270,train,CSc1ccc2Sc3ccccc3N(CCC4CCCCN4C)c2c1,3.76,3.712367734185171,-0.047632265814828934
2146,train,CC(C)Oc1cc(Nc2nc(N[C@@H](C)c3ccc(F)cn3)nc(OC(CO)CO)c2Cl)n[nH]1,2.77,2.841270886191527,0.071270886191527
102,train,CNC(=C[N+](=O)[O-])NCCSCc1oc(CN(C)C)cc1,-0.95,-0.5393757033078259,0.41062429669217404
786,train,C[C@H](Nc1ncc(C)c(Nc2cc(C)[nH]n2)n1)c3ncc(F)cn3,1.75,1.5854920108357706,-0.16450798916422937
3865,train,C[C@@H]1CN[C@@H](C2CC2)C(=O)N(C)[C@H](C)C(=O)N[C@H](Cc3ccc(F)cc3)C(=O)NCCCc4ccccc4O1,3.3,3.178523240934039,-0.12147675906596067
1426,train,CCCC(=O)Nc1ccc(Cl)c(c1)c2oc3cccnc3n2,3.37,3.265552904526082,-0.10444709547391806
2261,train,O=C1N(C(=Nc2c1cnn2c3ccccc3)c4occc4)c5ccccc5,3.29,2.7301503761438903,-0.5598496238561097
406,train,C[C@@H](O)[C@H](NC(=O)c1ccc(cc1)C#Cc2ccc(CN3CCOCC3)cc2)C(=O)NO,2.03,2.3008748870778795,0.27087488707787966
4154,train,CC1(CC(=O)NC(=N1)N)c2ccccc2,0.62,0.6762114186431636,0.05621141864316359
1031,train,Oc1ccc(CCNCCCCCCNC(=O)Nc2ccccc2)c3sc(O)nc13,1.26,1.5711906496013972,0.3111906496013972
55,train,N(c1ccccc1)c2cc(Nc3ccccc3)[nH]n2,3.8,3.324670638903215,-0.4753293610967848
3949,train,O=C(Nc1cc(ccn1)c2ccnc(Nc3ccccc3)c2)C4CCOCC4,3.7,3.276958283253822,-0.42304171674617796
1717,train,C[C@H](NC(=O)c1c(C)nn(CC(F)(F)F)c1NS(=O)(=O)c2ccc(C)cc2)C(C)(C)C,0.93,1.0954620881601813,0.16546208816018126
3410,train,COc1ccc(COc2ccc(Cc3cnc(N)nc3N)cc2OC)cc1,2.27,2.0011620522489144,-0.2688379477510856
1688,train,CC(C)NC(=O)c1c(C)nn(c1NS(=O)(=O)c2ccc(C)cc2)c3ccccc3,0.46,0.9632456277445578,0.5032456277445578
2051,train,CS(=O)(=O)c1ccc(cc1Cl)[C@@H](C[C@H]2CCC(=O)C2)C(=O)Nc3cnccn3,1.39,1.220227974506072,-0.1697720254939279
1033,train,COc1ccccc1S(=O)(=O)NC(=O)N2CCC(CC2)N3CCC(CC3)Oc4ccc(Cl)c(Cl)c4,0.89,1.4527362163574866,0.5627362163574866
1854,train,Nc1nc2ccc(cc2[nH]1)C(=O)c3ccccc3,2.29,1.8697559114555653,-0.42024408854443474
1382,train,CN(C1CCN(Cc2ccc(cc2)C(F)(F)F)CC1)C(=O)Cc3ccc(NC(=O)C)cc3,2.9,3.0552102897787687,0.15521028977876883
1225,train,NC1(CCC1)c2ccc(cc2)C3=NN4C=CC(=O)N=C4C=C3c5ccccc5,0.2,0.46110520379443076,0.26110520379443075
2659,train,COc1ccc(cc1)C(CNC(=O)Nc2ccccc2)N3CCN(C)CC3,1.5,1.8095941419290964,0.3095941419290964
3271,train,C[C@H]1O[C@H]([C@H](O)[C@@H]1O)n2cnc3c(N)nc(OC4CCOC4)nc23,-0.06,0.2536341638152819,0.3136341638152819
1662,train,CC(=O)Nc1nc(ns1)c2ccccc2,2.8,2.863221391754681,0.06322139175468111
1055,train,COc1cc(ccc1Cn2ccc3ccc(NC(=O)OC4CCCC4)cc23)C(=O)NS(=O)(=O)c5ccccc5,2.2,2.1155251112119826,-0.08447488878801757
3919,train,COCC(C)n1nc(C)c(C(=O)N[C@@H](C)C(C)(C)C)c1NS(=O)(=O)c2ccc(C)cc2,0.61,0.9631314845216663,0.3531314845216663
1969,train,CN([C@@H]1CCN(Cc2ccc(cc2)C(F)(F)F)C[C@@H]1F)C(=O)Cc3ccc(cc3)S(=O)(=O)C,2.7,2.6730146181923344,-0.026985381807665743
2620,train,CCOC(=O)[C@H](CCc1ccccc1)N[C@@H](C)C(=O)N2[C@H]3CCC[C@H]3C[C@H]2C(=O)O,-0.41,-0.11915539706119782,0.29084460293880215
2691,train,Oc1ccc(cc1)C2=CC(=O)c3ccccc3N2,2.34,2.378534705827285,0.038534705827285354
4077,train,COc1cc(ccc1Nc2ncc(Cl)c(n2)c3cnc4ccccn34)N5CCN(CC5)C(=O)C,3.65,3.6762343829393935,0.02623438293939362
1369,train,O=C(NCc1ccccn1)c2ccc(Oc3ccccc3)cc2,2.7,2.5222319803726783,-0.17776801962732192
3693,train,OC(=O)c1ccccc1N2CCC(CN3CCC(CC3)Oc4ccc(Cl)c(Cl)c4)CC2,2.83,2.715226424506066,-0.11477357549393385
2430,train,COCCNS(=O)(=O)c1ccc(cc1)c2cnc(N)c(n2)C(=O)Nc3cccnc3,2.26,2.013375080014804,-0.24662491998519576
1925,train,CC(C)(O)c1ccc(Nc2nc3ccc(cc3[nH]2)C#N)cc1,2.73,3.188595207086364,0.4585952070863639
596,train,COc1cc2c(Nc3cc(CC(=O)Nc4cccc(F)c4)[nH]n3)ncnc2cc1OCCCN5CCC(CO)CC5,2.11,2.3625674233604386,0.2525674233604387
240,train,O=C(COc1ccccc1)N2CCOCC2,0.75,0.8937315283479073,0.14373152834790726
469,train,Clc1cccc(Nc2ncnc3ccccc23)c1,3.9,3.5639477714590724,-0.33605222854092753
1379,train,C[C@H](CO)Nc1nc(SCc2ccccc2)nc3NC(=O)Nc13,2.75,2.777309227770235,0.027309227770234923
1901,train,Nc1nc(cs1)c2ccc(Cl)cc2,3.31,3.040932003788074,-0.269067996211926
2384,train,O=C(Nc1ccccn1)c2ccccc2,2.2,1.9665205714779688,-0.2334794285220314
2283,train,Cc1nc(C)c(nc1C(=O)N)c2ccc([C@@H]3CC[C@H](CC(=O)O)CC3)c(Cl)c2,1.7,1.58013115991371,-0.11986884008628995
1159,train,O[C@H](CNC(=O)C1=CNC(=O)c2c(F)cccc12)CN3CCC(CC3)Oc4ccc(Cl)c(Cl)c4,3.15,3.2751116142571464,0.12511161425714645
3667,train,CCOc1noc2cc(OCCC3CCN(CC3)c4ccc(C)nn4)ccc12,4.23,4.3129052161697174,0.08290521616971702
499,train,CC1=CN([C@H]2CCCN(C2)S(=O)(=O)c3ccc(O)c(Oc4cc(F)cc(Cl)c4)c3)C(=O)NC1=O,2.35,2.1498764252261395,-0.20012357477386056
2858,train,Fc1cccc(COc2ccc(Nc3ncnc4ccc(cc34)c5cccc(c5)N6CCOCC6)cc2Cl)c1,3.2,3.677401432622747,0.4774014326227469
1430,train,CCC1(CCCCN(C)C1)c2cccc(O)c2,0.8,0.8495029967589929,0.049502996758992834
862,train,C[C@@H](NC1=CC(=O)CC1)c2ccc(Nc3ncc4cc(ccc4n3)c5ccncc5)cc2,3.2,3.2696328933250642,0.06963289332506406
2806,train,CN[C@@H](C)C(=O)N[C@@H](C1CCCCC1)C(=O)N[C@H]2CCCN(CCc3ccccc3F)C2,2.51,2.266280419578925,-0.24371958042107478
211,train,CN(C1CCN(C)CC1)c2nccc(Nc3cc(NC(=O)c4ccnc(c4)N5CCOCC5)ccc3C)n2,1.8,1.9355064147648031,0.13550641476480307
1354,train,CN(C)c1ccnc2sc3C(=O)N(C=Nc3c12)c4ccccc4,2.34,2.6009964288077745,0.2609964288077746
473,train,CN1C(=N)N(CC(=O)c2ccc(Cl)cc2)c3ccccc13,1.63,1.624236591705568,-0.005763408294432004
3427,train,CCOc1cc2nnc(C(=O)N)c(Nc3ccc(F)cc3F)c2cc1N4CCN(C)CC4,2.63,2.4317383760256432,-0.19826162397435665
3968,train,CN(C1CCN(CCC(c2ccccc2)c3ccccc3)CC1)C(=O)Cc4ccc(cc4)C#N,3.7,3.532358862229077,-0.16764113777092327
1548,train,CN1CCN(CC1)C(=O)c2cc3ccccc3[nH]2,1.7,1.8433040439027872,0.14330404390278728
3610,train,CC(C)CC(N(C)C)C1(CCC1)c2ccc(Cl)cc2,3.6,3.4778606818297737,-0.12213931817022639
1405,train,CC(C)CN1C(=O)N(C)C(=O)c2c(SC3CCCC3)c(Cc4ccccc4C(F)(F)F)sc12,4.21,4.110837640404077,-0.09916235959592257
2800,train,CCCC(C)(C)C[C@@H](N1CCC[C@@H](C1)N2C=C(C)C(=O)NC2=O)c3ccc(C(=O)O)c(Oc4cccc(Cl)c4)c3,1.99,1.5393954505219154,-0.4506045494780846
3444,train,CC(=O)Nc1cccc(OCc2cnc(Cl)s2)c1,2.38,2.3496633677471026,-0.03033663225289729
691,train,C[C@H](CO)Nc1nc(SCc2cccc(F)c2F)nc3nc(NC4CC4)sc13,4.37,3.9023166662701287,-0.46768333372987136
1071,train,OC(=O)c1ccccc1CN2CCC(CN3CCC(CC3)Oc4ccc(Cl)c(Cl)c4)CC2,2.48,2.1550989153385083,-0.3249010846614917
1844,train,CCN(C1CCN(CCC(N2CCC(CC2)C(=O)C)c3ccccc3)CC1)C(=O)Cc4ccc(cc4)S(=O)(=O)C,0.9,1.3595577767196751,0.4595577767196751
2470,train,Clc1ccc(CN2C(=O)C(=O)c3ccccc23)cc1,3.1,2.936785570582405,-0.16321442941759523
918,train,CCOC(=O)CN(c1ccccc1C)S(=O)(=O)c2ccc(Cl)cc2,4.03,3.5563471953693506,-0.4736528046306496
53,train,CCNC(=O)c1cc2c(c(cnc2[nH]1)c3cncc(c3)C(=O)O)n4ccc(n4)C(F)(F)F,-0.99,-0.47563750943190186,0.5143624905680981
2656,train,Cc1cc(C)cc(CCOCCS(=O)(=O)NCCNCCc2ccc(O)c3nc(O)sc23)c1,2.45,2.3224802090558705,-0.12751979094412969
3766,train,Cn1cc(cn1)c2cccc(C[C@H](NC(=O)c3cc(nn3C)C(C)(C)C)C(=O)NCC#N)c2,2.6,2.6065144951105546,0.0065144951105544635
187,train,CC(CN1CCCCC1)C(=O)c2ccc(C)cc2,1.65,1.9000637907261122,0.2500637907261123
2500,train,O=C1C(=O)c2cc(ccc2c3ccccc13)c4ccsc4,3.1,3.706359004557794,0.606359004557794
1287,train,CC1=CN([C@H]2CCCN(C2)S(=O)(=O)c3ccc(O)c(Oc4cccc(Br)c4)c3)C(=O)NC1=O,2.3,2.3328708001004634,0.032870800100463615
2566,train,OC[C@@H](O)CN1C(=O)[C@H](Cc2ccccc12)NC(=O)c3cc4cc(Cl)sc4[nH]3,3.27,3.143910971075529,-0.12608902892447116
1168,train,CNCCC(Oc1ccc(cc1)C(F)(F)F)c2ccccc2,1.92,1.8939045272979287,-0.026095472702071243
3442,train,Cc1ccc(NC(=O)c2cccc(c2)N3CCOCC3)cc1NC(=O)c4ccc(OCc5ccncc5)cc4,3.2,3.2445559657909,0.04455596579090004
3452,train,Cn1cnc2cc(OC(=O)c3ccccc3)cnc12,2.4,2.1895176887838024,-0.21048231121619754
1909,train,COc1cc2ncc(C(=O)N)c(Nc3ccc(F)cc3F)c2cc1NCCN4CCOCC4,2.68,2.6393917192733407,-0.04060828072665945
1394,train,COc1ccc2CCC(=O)N(CCN3CCC(CC3)NCc4ccc5OCC(=O)Nc5n4)c2c1,0.66,0.8567380795744726,0.19673807957447254
131,train,O=C1C=COc2cc(OCc3ccccc3)ccc12,3.33,2.8016896113992997,-0.5283103886007003
3127,train,COc1ccc(OC)c(c1)C(O)CNC(=O)CN,-0.71,-0.4434591647530617,0.2665408352469383
767,train,COc1cccc(Nc2nc(NCC3CCCO3)c4ccccc4n2)c1,3.9,3.943161621634,0.04316162163400028
2406,train,CCN(CCNCCc1ccc(O)c2NC(=O)Sc12)C(=O)CCOCCc3ccccc3,1.92,2.0485448513112274,0.1285448513112275
3402,train,COc1ccc(\C=C\2/SC(=S)NC2=O)cc1OC,1.42,1.3198668699857778,-0.10013313001422208
932,train,CCN(C1CCN(CCC(c2ccccc2)c3ccc(NC(=O)C)cc3)CC1)C(=O)Cc4ccc(cc4)S(=O)(=O)C,2.09,2.436842377477812,0.3468423774778122
3020,train,COc1cc(C)c(c(C)c1)S(=O)(=O)N(C)CCOCC(=O)N2CCC(CC2)C3CCN(C)CC3,0.3,0.22457913764052861,-0.07542086235947137
274,train,CS(=O)(=O)c1ccc(c(Cl)c1)c2cc(Cl)ccc2OCC(=O)O,-0.75,-0.5881293016570952,0.1618706983429048
909,train,COC(=O)NC1=CN=C(N(CC(=O)NC(C(C)C)C(=O)C(F)(F)F)C1=O)c2ccc(F)cc2,1.82,1.8883165242669713,0.06831652426697121
3328,train,CCN1CCN(Cc2cnc(c3ccc(cc3)C(=O)Nc4ccccc4N)c(c2)C#N)CC1,1.14,1.1869867493244644,0.04698674932446445
1262,train,CCCCN1Cc2c(O)n3nc(cc3nc2C1=O)c4occc4,0.8,1.1028089680385016,0.30280896803850155
422,train,CC(C)NCC(O)COc1ccccc1OCC=C,0.2,0.1904452777508605,-0.009554722249139502
2855,train,CCOC(=O)c1ccc(OCCC2CCN(CC2)c3ccc(C)nn3)cc1,4.42,3.8910871590593183,-0.5289128409406816
2230,train,O=C(Cc1ccccc1)Nc2nccs2,2.5,2.3695971186722593,-0.1304028813277407
3817,train,FC(F)(F)c1cccc(c1)S(=O)(=O)NC(=O)N2CCC(CC2)N3CCC(CC3)Oc4ccc(Cl)c(Cl)c4,2.94,2.742796206642501,-0.19720379335749882
3750,train,COc1ccc2c(Oc3ccc(CC(=O)Nc4n[nH]c(C)c4C)c(OC)c3)ccnc2c1,3.78,3.7352020010656455,-0.04479799893435432
4053,train,CN1CCN(CCCN2c3ccccc3Sc4ccc(cc24)C(F)(F)F)CC1,4.31,4.21018591900161,-0.09981408099838962
2126,train,Clc1ccc2C(=C3CCNCC3)c4ncccc4CCc2c1,1.48,1.739560629398067,0.259560629398067
3280,train,CC(C)N1CCN[C@@H](CN2CCN(CC2)C(=O)Nc3ccc(Cl)c(Cl)c3)C1,1.92,1.8386172568969528,-0.08138274310304716
555,train,COc1cc2c(Nc3ncc(CC(=O)Nc4cccc(F)c4)s3)ncnc2cc1OCCCN5CCC(CO)CC5,2.89,2.832909144659817,-0.05709085534018321
3044,train,CCN1C(=O)C=Cc2cnc(Nc3ccc(OC)c(OC)c3)nc12,2.7,2.6656117506096617,-0.034388249390338466
2882,train,COCCOc1ccc(cc1)C(=O)Nc2cc(NC(=O)c3cccc(c3)N(C)C)ccc2C,2.74,2.9807322763647126,0.2407322763647124
1719,train,CC[C@@]1(O)C(=O)OCC2=C1C=C3N(Cc4cc5c(CN(C)C)c(O)ccc5nc34)C2=O,0.31,0.42809723042254544,0.11809723042254544
2909,train,CN(C)CCN(Cc1ccccc1)c2ccccn2,1.28,1.2160449673877647,-0.06395503261223534
1407,train,CC1SC2=C(C(=O)O)C(=O)c3cc(F)c(cc3N12)N4CCN(CC5=C(C)OC(=O)O5)CC4,0.47,0.6111427906348283,0.14114279063482837
3541,train,CNc1nc2nc(SCc3cccc(F)c3F)nc(N[C@H](C)CO)c2s1,3.7,3.3249924085225944,-0.3750075914774058
921,train,N#Cc1ccc(Nc2nccc(NC3CC3)n2)cc1,3.01,3.041338244614153,0.03133824461415324
2214,train,COc1ccc(cc1)c2csc(n2)N(CCCN3CCOCC3)C(=O)c4occc4,3.34,3.1482299411609516,-0.1917700588390483
2190,train,C[C@H]1C[C@H](CN1C#N)NS(=O)(=O)c2cc(Br)ccc2Br,2.13,2.330634525499858,0.20063452549985827
1670,train,Cc1nc(CS(=O)(=O)c2ccc(Cl)cc2)cc(n1)N3CCOCC3,1.8,1.7718616414468045,-0.028138358553195575
2891,train,Cc1oc(nc1CCOc2ccc(C[C@H](Nc3ccccc3C(=O)c4ccccc4)C(=O)O)cc2)c5ccccc5,3.5,3.1954057229581743,-0.30459427704182573
735,train,C[C@@H](O)[C@@H](CO)Nc1nc(SCc2cccc(F)c2F)nc3nc(N)sc13,2.83,2.949203229362584,0.11920322936258376
3045,train,CN(CCOc1ccc(NS(=O)(=O)C)cc1)CCc2ccc(NS(=O)(=O)C)cc2,0.6,1.0792658984361199,0.4792658984361199
2786,train,OC1(CCN(CC1)c2ccc3nnc(n3n2)C(F)(F)F)c4ccc(F)cc4,3.5,3.027676430006091,-0.4723235699939088
891,train,CNC(=O)c1cnn(c1NS(=O)(=O)c2ccc(C)cc2)c3ccccc3,-0.54,0.04487738586736256,0.5848773858673626
3450,train,CCN(CC)CCCC(C)Nc1c2ccc(Cl)cc2nc3ccc(OC)cc13,2.17,2.1666759739743626,-0.0033240260256373055
3925,train,CC1=CN([C@H]2CCCN(C2)S(=O)(=O)c3ccc(O)c(Oc4ccc(Cl)c(C)c4)c3)C(=O)NC1=O,2.4,2.109107211663586,-0.29089278833641385
936,train,COc1ccc(Sc2c(C)n(CC(=O)O)c3ccc(C)cc23)cc1,1.01,1.2714033712433037,0.2614033712433037
368,train,C[C@H](CN(C)C(=O)CO)Oc1cccc2ncnc(Nc3ccc(OCc4ccccn4)c(Cl)c3)c12,3.22,3.237038292839799,0.017038292839798963
2996,train,CCN1C=C(C(=O)O)C(=O)c2cc(F)c(cc12)N3CCNCC3,-0.87,-1.1031359712961444,-0.23313597129614438
15,train,Nc1ccc(cc1)c2nc3ccc(O)cc3s2,3.2,3.2510776930187095,0.05107769301870935
3855,train,[O-][N+](=O)c1ccc2c(c1)C(=O)C(=O)c3ccccc23,2.42,2.636348510807502,0.21634851080750206
504,train,CN1[C@@H]2CC[C@H]1C[C@H](C2)OC(c3ccccc3)c4ccccc4,1.49,1.6151516834090396,0.1251516834090396
47,train,CC(C)c1ccc2Oc3nc(N)c(cc3C(=O)c2c1)C(=O)O,1.1,0.7097666901633639,-0.3902333098366362
724,train,O[C@@H](CNCCSCCCOCCc1ccccc1)c2ccc(O)c3NC(=O)Sc23,2.54,2.203965687777815,-0.33603431222218516
3807,train,COc1cccc(c1)C(=O)Nc2ccc(C)c(c2)N3C=Nc4ccc(cc4C3=O)N5CCN(C)CC5,3.08,3.1277771446722245,0.04777714467222438
929,train,CNC(=O)c1cc(C(=O)c2ccc(Cl)cc2)c(Br)[nH]1,3.1,2.9125829183483507,-0.1874170816516494
1273,train,CCC(C)(CC)C[C@@H](N1CCC[C@@H](C1)N2C=C(C)C(=O)NC2=O)c3ccc(C(=O)O)c(Oc4cccc(Br)c4)c3,1.97,1.5996368510110461,-0.37036314898895384
1080,train,Nc1cc(c(cn1)c2cc(nc(n2)N3CCOCC3)N4CCOCC4)C(F)(F)F,2.7,2.8305889612152284,0.13058896121522823
382,train,c1ccc(cc1)c2nnc(s2)c3ccccc3,4.2,3.6636837323349436,-0.5363162676650566
4148,train,C[C@H](NC(=O)c1c(C)nn(C2CCCCC2)c1NS(=O)(=O)c3ccc(C)cc3)C(C)(C)C,1.97,1.9955035083185637,0.02550350831856374
76,train,Cc1cc(CCC2CCN(CC2)S(=O)(=O)CC3(CCOCC3)N(O)C=O)c(C)cn1,1.43,1.6098574551479539,0.17985745514795393
3705,train,Cn1c(ccc1c2ccc3NC(=O)OC(C)(C)c3c2)C#N,2.85,2.9271917554589444,0.0771917554589443
2130,train,CCN1CCOC(C1)C(=O)N2CCN(CC2)C(=O)Nc3ccc(Cl)c(Cl)c3,2.1,2.019747165422665,-0.08025283457733501
2521,train,Clc1ccc(cc1)C(=O)\C=C\Sc2nc[nH]n2,3.1,2.8854067018980674,-0.21459329810193273
714,train,COc1cc2nnc(C(=O)N)c(Nc3ccc(C)cc3F)c2cc1N4CCN(C)CC4,2.36,2.5618881862690053,0.2018881862690054
3089,train,CCCCN(CCNCCc1ccc(O)c2NC(=O)Sc12)C(=O)CCOCCc3ccccc3,3.0,2.911410323173921,-0.08858967682607899
1368,train,[O-][N+](=O)c1ccc(cc1)C2=Nc3ccccc3C(=O)N2,2.5,2.5146901000364656,0.014690100036465648
3084,train,COC(=O)N1CCN([C@H](CN2CCCC2)C1)C(=O)Cc3ccc(Cl)c(Cl)c3,2.05,2.049574609148004,-0.00042539085199599924
2901,train,CC(C)n1c(C)ncc1c2ccnc(Nc3ccc(cc3)C(=O)N4CCN(C)CC4)n2,2.1,1.9539023211617144,-0.14609767883828573
117,train,CC(C(Cc1nc2ccccc2[nH]1)c3nc4ccccc4[nH]3)c5ccccc5,4.48,3.8679862717174327,-0.6120137282825677
2695,train,Cc1ccc2NC(=O)OC3(CCN(CCc4nc(oc4C)c5ccccc5)CC3)c2c1,4.2,4.015362775545639,-0.18463722445436126
997,train,CCN1CCN(CC1)C(=O)c2cc3cc(Cl)ccc3[nH]2,3.14,2.9615570497451835,-0.1784429502548166
2823,train,CCOC(=O)\C=C\[C@H](C[C@@H]1CCNC1=O)NC(=O)[C@H](CC#C)N2C=CC=C(NC(=O)c3cc(C)on3)C2=O,1.75,1.6583820864486465,-0.09161791355135351
1381,train,CC(COc1ccccc1)NC(C)C(O)c2ccc(O)cc2,0.56,0.9195004097531481,0.359500409753148
436,train,O=C(NC1(CC1)C#N)[C@@H]2CCCC[C@H]2C(=O)N3CCc4oc5ccccc5c4C3,3.01,2.9229908984776403,-0.08700910152235952
3835,train,CCOC(=O)Nc1ccc(NCc2ccc(F)cc2)nc1N,2.22,2.2188098725963146,-0.0011901274036856258
2484,train,NC(=O)c1sc2nccc(Nc3ccccc3)c2c1N,2.91,2.929805098297652,0.019805098297651647
3660,train,N[C@@H](Cc1cccs1)C(=O)N[C@]2(C[C@H]2c3ccccc3)C#N,1.5,1.5655884141731127,0.06558841417311267
2160,train,OC(=O)c1ccc2c(c1)nc(Nc3cccc(c3)C#C)c4ncncc24,0.92,1.1244430896972755,0.20444308969727543
373,train,CCCc1c(O)c(ccc1OCc2ccc(C(=O)O)c(Br)c2)C(=O)C,2.3,2.1842644359957486,-0.11573556400425122
1794,train,CNC(=O)C1(CCN(CC[C@H](CN(C)C(=O)c2cc(cc3ccccc23)C#N)c4ccc(Cl)c(Cl)c4)CC1)N5CCCCC5=O,2.5,2.3054440584418305,-0.19455594155816947
2962,train,COc1cc2ncnc(Nc3ccc(F)c(Cl)c3)c2cc1OCCN4CCCC4,3.28,3.0205522888362752,-0.25944771116372456
3648,train,C[C@H](CO)Nc1nc(SCc2cccc(F)c2F)nc3nc(NS(=O)(=O)C)sc13,0.92,1.5100319448639474,0.5900319448639474
2107,train,CC(C)Oc1cc(OCCN2CCOCC2)cc3ncnc(Nc4c(Cl)ccc5OCOc45)c13,3.68,3.398632037486159,-0.281367962513841
4055,train,CC1=NC(C)(N=C1N)c2cccc(c2)c3cccnc3,1.7,1.8181189501725457,0.1181189501725457
3559,train,Fc1ccc(CC2=NNC(=O)c3ccccc23)cc1C(=O)N4CCCNCC4,0.1,0.030372760114338426,-0.06962723988566158
2157,train,CN(CCCOCCOCCc1ccccc1)CCc2ccc(O)c3nc(O)sc23,2.44,2.5020218152026934,0.06202181520269345
4159,train,COc1ccc(cc1N2CC(=O)NS2(=O)=O)c3ccccc3,-1.01,-0.17781396417136186,0.8321860358286381
774,train,Cc1cc(C)c2c(N)c(sc2n1)C(=O)NC3CC3,2.53,2.6362212017387083,0.10622120173870853
3178,train,COc1ccc(cc1)C2=COc3cc(O)ccc3C2=O,3.05,2.807201268831722,-0.242798731168278
1769,train,CC(C)CCCC(C)\N=C\1/C=CN(Cc2ccccc2)c3cc(Cl)ccc13,1.58,1.6760786909827905,0.09607869098279043
1737,train,CS(=O)(=O)c1cccc2c3CN(CCc3[nH]c12)C(=O)[C@@H]4CCCC[C@H]4C(=O)NC5(CC5)C#N,1.7,1.8830112257106455,0.18301122571064554
2667,train,Nc1ncnc(Nc2ccccc2)n1,1.4,1.7787501758562063,0.3787501758562064
1651,train,Cc1c(F)ccc2c1c(Sc3ccc(Cl)cc3)c(C)n2CC(=O)O,2.23,1.8996252815976216,-0.3303747184023784
1439,train,CN(C1CCN(CCC(c2ccccc2)c3ccccc3)CC1)C(=O)Cc4ccc(Cl)cc4,3.5,3.939926916348834,0.43992691634883396
1658,train,Nc1ccc2C(=O)C(=O)c3ccccc3c2c1,2.39,2.1045211292501658,-0.28547887074983436
3334,train,CC(NC(=O)C)c1ccc(Nc2ncc3cc(ccc3n2)c4ccncc4)cc1,3.1,3.1036689473184866,0.0036689473184865484
2542,train,COc1ccnc(CSc2nc3ccccc3[nH]2)c1,2.89,2.741843580524532,-0.14815641947546832
3335,train,CCN(C1CCN(CC[C@@H](c2ccc(F)cc2)c3ccc(cc3)S(=O)(=O)C)CC1)C(=O)Cc4ccc(cc4)S(=O)(=O)C,1.88,2.4054087119455945,0.5254087119455946
2000,train,Fc1ccc(Nc2oc(nn2)C(=O)Nc3ccc(nc3)N4CCOCC4)cc1,3.0,2.8413004232590247,-0.15869957674097535
2031,train,CCCN(CCC)CCc1cccc2NC(=O)Cc12,0.76,1.0529220103588366,0.2929220103588366
201,train,Clc1ccccc1CCNC(=O)c2cc(ccc2Cl)N3N=CC(=O)NC3=O,1.29,1.64107955552715,0.35107955552715
2250,train,Cn1nnc(n1)c2ccc(cn2)c3ccc(cc3F)N4C[C@H](COc5ccon5)OC4=O,1.24,1.4425656072386848,0.20256560723868478
463,train,Fc1cc(F)cc(c1)c2cc(on2)N(CCCN3CCCCCC3)Cc4ccc5OCOc5c4,3.84,3.6169327078481914,-0.22306729215180843
171,train,CC(=O)Nc1nc(C)c(s1)c2cnc(F)c(NS(=O)(=O)c3sc(C)nc3C)c2,0.55,0.9262320681978748,0.3762320681978748
986,train,COC(=O)[C@H](Cc1ccc(cc1)[N+](=O)[O-])NC(=O)c2cccc3ccccc23,3.58,3.504520693835514,-0.07547930616448628
3390,train,CN1CCN(CC1)c2ccc3N=CN(C(=O)c3c2)c4cc(ccc4C)C(=O)NC5CCC5,2.25,1.9908459071109392,-0.25915409288906077
510,train,FC(F)(F)COc1ccc(OCC(F)(F)F)c(c1)C(=O)NCC2CCCCN2,1.13,1.370197403187358,0.24019740318735816
2191,train,CC(C)(C)NC(=O)Nc1ccc(cc1)c2c(N)nc(N)nc2COCc3ccccc3,3.09,3.086416927415125,-0.0035830725848748912
3207,train,CN[C@@H](C)C(=O)N[C@H](C(=O)N[C@H]1CCCN(C1)S(=O)(=O)Cc2ccccc2)C(C)(C)C,0.78,0.8108851887619923,0.03088518876199231
959,train,N(c1ccccc1)c2ccnc3ccccc23,2.78,2.7708944355633514,-0.00910556443664845
3761,train,O=C(N1CCCCC1)c2csc3CCCCc23,3.2,3.044367844583177,-0.15563215541682318
2472,train,CCCNC(=O)c1nnc2c(cccc2c1N)c3ncccn3,1.86,1.9401817675221233,0.08018176752212325
769,train,COc1ccc(cc1OC)C(C)NC(=O)C2(N)CCN(CC2)c3ncnc4[nH]ccc34,1.8,1.7632730588159395,-0.0367269411840605
3338,train,C[C@]12CC[C@H]3[C@@H](CC(=C)C4=CC(=O)C=C[C@]34C)[C@@H]1CCC2=O,2.98,2.988540817159311,0.008540817159310876
317,train,CS(=O)(=O)NCC(NC(=O)C1(N)CCN(CC1)c2ncnc3[nH]ccc23)c4ccc(Cl)cc4,2.1,2.2485910528313133,0.14859105283131324
1243,train,COc1cc(ccc1C2CC2)N3CCN([C@H](C)C3)C(=O)[C@@H]4CCCC[C@H]4C(=O)NC5(CC5)C#N,3.49,3.213008062701888,-0.2769919372981122
1408,train,CN([C@H]1CCN(Cc2ccc(cc2)C(F)(F)F)C[C@H]1F)C(=O)Cc3ccc(cc3)n4cnnn4,3.3,2.988623597182623,-0.3113764028173769
2638,train,CCC1(NC(=O)N(C)C1=O)c2ccccc2,1.59,1.497696277193397,-0.09230372280660304
66,train,CO[C@@H]1CC[C@@]2(CC1)Cc3ccc(OCC(C)C)cc3C24N=C(C)C(=N4)N,3.4,3.2941612754251035,-0.1058387245748964
1108,train,CCCN(CCC)C(=O)c1cccc(c1)C(=O)N[C@@H](Cc2ccccc2)[C@H](O)CNCc3cccc(OC)c3,2.7,2.7425002361938318,0.042500236193831586
3683,train,NC1=CC2=NNC(=O)N2c3cc(ccc13)c4ccsc4,3.18,2.842116420814501,-0.33788357918549927
3010,train,CC(C)n1c(C)ncc1c2ccnc(Nc3ccc(cc3)C(=O)NC4CC4)n2,3.06,2.855896371058215,-0.20410362894178524
1469,train,O=C(Nc1ccccn1)c2ccc3[nH]c(nc3c2)c4ccc(NC(=O)C56CC7CC(CC(C7)C5)C6)cc4,4.24,4.130755367443864,-0.10924463255613581
1118,train,CNC(=O)c1cccc(O[C@H]2C[C@H]3CC[C@@H](C2)N3Cc4ccccc4)c1,1.93,2.1363098159276492,0.2063098159276493
2851,train,Cc1[nH]c(\C=C\2/C(=O)Nc3ccc(F)cc23)c(C)c1C(=O)NC[C@H](O)CN4CCOCC4,2.22,2.1831171742369997,-0.036882825763000504
270,train,COc1ccc(cc1)c2cc(Nc3ccn(C)n3)n4ncc(C#N)c4n2,2.97,2.7070652748237527,-0.2629347251762475
2278,train,Clc1ccc(cc1)c2cn3ccccc3n2,4.0,3.734169301051671,-0.2658306989483288
1411,train,Clc1ccc2OCOc2c1Nc3ccnc(Nc4ccccc4)n3,3.9,4.04109539482797,0.14109539482796984
3498,train,CSc1nc2cc(Cl)ccc2[nH]1,3.22,3.143056631351459,-0.07694336864854101
2836,train,CS(=O)(=O)c1cccc(Nc2nccc(Nc3cccc4ocnc34)n2)c1,2.9,3.118119679684395,0.21811967968439516
489,train,COc1ccc2[nH]c3CCN(Cc3c2c1)C(=O)[C@@H]4CCCC[C@H]4C(=O)NC5(CC5)C#N,2.4,2.4524307323282453,0.052430732328245355
2816,train,Clc1ccc(OC2CCN(CC2)C3CCN(CC3)C(=O)c4ccc(cc4)c5nn[nH]n5)cc1Cl,1.53,1.5748978255010333,0.04489782550103327
3768,train,C[C@H](Nc1ncc(F)c(Nc2cc([nH]n2)C3CC3)n1)c4ccc(F)cn4,3.14,2.9061098996656423,-0.23389010033435786
1885,train,CN1CCN(CC1)c2cc(Nc3cc(C)[nH]n3)nc(Sc4ccc(NC(=O)C5CC5)cc4)n2,3.47,3.269295147730853,-0.20070485226914725
647,train,COc1cc2c(Nc3ccc(F)cc3F)c(cnc2cc1N4CCN(C)CC4)C(=O)N,1.75,2.1098491078012,0.35984910780120005
2556,train,Clc1ccc(OC2CCN(CC2)C3CCN(CC3)C(=O)NS(=O)(=O)Cc4ccccc4)cc1Cl,2.13,1.95850780683749,-0.17149219316250996
533,train,CC[C@H](NC(=O)c1c([S+](C)[O-])c(nc2cc(F)ccc12)c3ccccc3)c4ccccc4,3.62,3.3759697378942795,-0.24403026210572065
1582,train,O=S(=O)(NCC(N1CCCCCC1)c2ccccc2)c3cccnc3,2.1,2.245673015188099,0.14567301518809872
137,train,COc1cc(OC2CCN(CC2)C(=O)C)ccc1Nc3ncc(Cl)c(n3)c4cnc5ccccn45,4.0,3.568894896262555,-0.43110510373744493
739,train,C[C@@H](NC(=O)C)c1ccc(Nc2ncc3cc(c(C)cc3n2)c4ccncc4)cc1,3.45,3.5736722992511174,0.12367229925111722
747,train,Cc1c(Cl)ccc(OC2CCN(C[C@H](O)CNC(=O)C3=CNC(=O)c4cc(ccc34)S(=O)(=O)C)CC2)c1Cl,2.83,2.7929426833832642,-0.037057316616735836
2544,train,Oc1c2C(=O)N(NC(=O)c2nc3cc(Cl)ccc13)C(C4CC4)c5ccccn5,1.0,0.8852911233944099,-0.11470887660559015
3118,train,FC(F)(F)c1nnc2ccc(NCn3nnc4ccccc34)nn12,2.34,2.530611676902038,0.19061167690203806
4171,train,COc1cc2c(Nc3cc(CC(=O)Nc4cccc(F)c4F)[nH]n3)ncnc2cc1OCCCN(CCO)CC(C)C,3.61,3.0103781367516027,-0.5996218632483972
2315,train,CC(C)(O)c1ccccc1CC[C@@H](SCC2(CC(=O)O)CC2)c3cccc(\C=C\c4ccc5ccc(Cl)cc5n4)c3,3.45,3.4380664935251,-0.011933506474900213
680,train,O=C(NC1(CC1)C#N)[C@@H]2CCCC[C@H]2C(=O)N3CCN(CC3)c4ccccc4,1.99,2.206987718004392,0.2169877180043922
3721,train,OC(=O)[C@H](Cc1ccc(Cl)cc1)N2CCC(CN3CCC(CC3)Oc4ccc(Cl)c(Cl)c4)CC2,2.86,2.6534466204213607,-0.20655337957863917
619,train,OC(=O)c1cccc(CN2CCC(CN3CCC(CC3)Oc4ccc(Cl)c(Cl)c4)CC2)c1,1.26,1.7249336704761595,0.4649336704761595
2338,train,CN(C1CCN(CCC(c2ccccc2)c3ccccc3)CC1)C(=O)c4ccncc4,2.8,2.4741653052284853,-0.3258346947715145
3629,train,COc1ccc2nc(C)cc(OCC(=O)NCc3ccccc3)c2c1,3.2,3.304225215649483,0.10422521564948273
866,train,COc1ccc2N=CC(=O)N(CCN3CC[C@H](NCc4cc5OCCOc5cn4)[C@H](O)C3)c2c1,0.77,0.8674237004272363,0.09742370042723625
163,train,CC(C)(C#N)c1cnc(s1)N2CCN(CC2)C(=O)[C@@H]3CCCC[C@H]3C(=O)NC4(CC4)C#N,1.9,1.8259799972368018,-0.07402000276319809
1870,train,O=C1Oc2ccccc2C=C1c3ccccc3,3.22,3.2399964647828403,0.019996464782840118
1984,train,Cc1c(Sc2ccc(Cl)cc2)c3cc(ccc3n1CC(=O)O)c4ccccc4,3.7,3.3989357329090932,-0.30106426709090695
4023,train,CN(C)CCCOc1nn(Cc2ccccc2)c3ccccc13,2.4,2.4248398729842404,0.024839872984240507
1250,train,O[C@@H](CNCCc1cccc(c1)c2cccc(CNCc3ccccc3)c2)c4ccc(O)c5NC(=O)Sc45,2.32,2.111851784695589,-0.20814821530441074
2453,train,Cc1cccc(Nc2ncnc3ccc(NC(=O)C=C)cc23)c1,3.7,3.4781234711990403,-0.22187652880095987
3189,train,C[C@@H](Oc1cccc2ncnc(Nc3ccc4c(cnn4Cc5ccccn5)c3)c12)C(=O)N(C)C,2.89,3.039757417208026,0.14975741720802604
1814,train,NC(=O)c1cncc(O[C@H]2C[C@H]3CC[C@@H](C2)N3Cc4ccccc4)n1,1.1,1.208366136019931,0.10836613601993084
3551,train,FC(F)(F)CCS(=O)(=O)Oc1ccc(NC(=O)c2ccc(Cn3ccnn3)c4ccccc24)c(n1)C(=O)NCC5CCOCC5,4.2,3.96115457521233,-0.23884542478767035
1994,train,OC(=O)c1ccc(CN2CCC(CN3CCC(CC3)Oc4ccc(Cl)c(Cl)c4)CC2)cc1,1.1,1.650277156071196,0.5502771560711959
3063,train,FC(F)(F)c1nnc2ccc(nn12)N3CCCCCC3,3.29,3.0355260938026962,-0.2544739061973038
1417,train,Oc1ccc(CCNCCCS(=O)(=O)NCCOCCc2ccc(F)cc2)c3sc(O)nc13,1.57,1.5973547874271574,0.027354787427157357
3272,train,COc1cc(Nc2cc(Nc3c(Cl)ccc4OCOc34)ncn2)cc(OC)c1OC,3.07,2.976368335021986,-0.09363166497801378
398,train,CCc1[nH]nc(NC(=O)Cc2ncc(Oc3ccnc4cc(OC)c(OC)cc34)cc2OC)c1C,2.79,2.948470656188369,0.15847065618836886
3203,train,O=C1CC2(CCCC2)CC(=O)N1CCCCN3CCN(CC3)c4ncccn4,2.19,2.0800490081719203,-0.10995099182807966
3400,train,C[C@@](O)(C(=O)Nc1ccc(cc1Cl)S(=O)(=O)NCCCO)C(F)(F)F,2.1,2.1368160897071986,0.03681608970719852
3959,train,COc1cc2ncc(C(=O)N)c(Nc3ccc(C)cc3F)c2cc1OC,3.34,3.0613553432308342,-0.2786446567691656
1863,train,NC1=CC2=NNC(=O)N2c3cc(ccc13)c4ccc[nH]4,2.3,2.5270104280011547,0.2270104280011549
1656,train,OC(=O)c1cc2ccccc2n1Cc3ccccc3,0.78,1.0662043156159235,0.2862043156159235
1392,train,CC(C)C(NC(=O)CN1C(=O)C(=CN=C1c2ccc(F)cc2)N)C(=O)C(F)(F)F,1.05,1.2817362306563114,0.23173623065631133
3931,train,CO[C@@H]1C[C@@H](N(Cc2cc3c(Nc4cccc(Cl)c4F)ncnc3cc2OC)C1)C(=O)N,3.09,3.2503994815450605,0.16039948154506067
2711,train,C[C@H](Nc1nc(Nc2ncc(C#N)s2)cc(n1)N3CCOCC3)c4ccc(F)cn4,3.45,3.2700617575969213,-0.17993824240307887
236,train,COc1cccc([C@H](O)C2CCN(CCc3ccc(F)cc3)CC2)c1OC,1.7,1.9374349501428574,0.23743495014285743
3376,train,CN(C)CCCN1c2ccccc2Sc3ccc(Cl)cc13,3.37,3.2597984800462303,-0.11020151995376981
437,train,COc1ccc(CNC(=O)Nc2ncc(s2)[N+](=O)[O-])cc1,2.9,2.799904472721897,-0.100095527278103
2140,train,CN1CCN(CC1)c2ccc3N=CN(C(=O)c3c2)c4cc(NC(=O)c5oncc5)ccc4C,1.75,1.8634340752629455,0.11343407526294547
1522,train,CCOC(=O)c1ccc(CCN2CCN(CC2)c3ccc(C)nn3)cc1,2.58,2.831771807826991,0.2517718078269908
3434,train,CC(C)(C)c1ccc(cc1)c2n[nH]c(NC(=O)c3ccccc3Cl)c2Br,4.3,4.463962292555314,0.16396229255531392
2626,train,CCCSc1ncccc1C(=O)NC2CCC(F)(F)CC2,2.85,2.691590168575291,-0.15840983142470888
3164,train,CN(C)CCCC1(OCc2cc(ccc12)C#N)c3ccc(F)cc3,1.56,1.52983458268079,-0.030165417319210075
2319,train,Cc1nc(C)c(nc1C(=O)N)c2ccc(cc2)[C@@H]3CC[C@@H](CCC(=O)O)CC3,1.6,1.411121504288828,-0.188878495711172
1463,train,CN(C)C(=O)c1ncc(Oc2cc(cc3oc(C)cc23)C(=O)Nc4cnc(C)cn4)cn1,2.1,2.1635049438277605,0.0635049438277604
2794,train,O=C1Nc2ccc(cc2C1=O)S(=O)(=O)N3CCC[C@H]3COc4ccccc4,2.7,2.592500413474505,-0.10749958652549507
785,train,CC(C)NCC(O)COc1cccc2[nH]ccc12,-0.12,-0.06660173162128258,0.05339826837871742
1029,train,C(=C\c1nn[nH]n1)/c2ccccc2,-0.4,0.3587793742065841,0.7587793742065841
980,train,Nc1ccccc1NC(=O)c2ccc(cc2)c3ncccc3C#N,1.58,1.6296416745079663,0.049641674507966194
588,train,CC(=O)Nc1ccc2ccn(c3cc(NCCCCO)n4ncc(C#N)c4n3)c2c1,2.58,2.4091896320054005,-0.1708103679945996
2181,train,CNS(=O)(=O)CCc1ccc2[nH]cc(C3CCN(C)CC3)c2c1,0.48,0.6555082008815143,0.1755082008815143
2865,train,C[C@@H]1C2CCCC1(CCN2C)c3cccc(O)c3,0.52,0.6125805075160431,0.09258050751604308
1058,train,CCn1c(C)ncc1c2ccnc(Nc3ccc(cc3)S(=O)(=O)NCCOC)n2,2.44,2.2834489252628383,-0.15655107473716168
3259,train,Nc1ccc2nc(sc2c1)c3ccc(O)cc3,3.1,2.8032744564912795,-0.2967255435087206
2439,train,CC1=CN([C@H]2CCCN(C2)S(=O)(=O)c3ccc(CO)c(Oc4cccc(Cl)c4)c3)C(=O)NC1=O,2.69,2.338416538263996,-0.35158346173600385
2887,train,Cc1ccc(cc1NC(=O)c2ccc(OCc3ccccn3)cc2)c4ncc(C)n4C,2.67,2.224356653693045,-0.4456433463069551
1627,train,COc1cc(cc(OC)c1OC)C(=O)Nc2ccc(Cl)c(c2)c3nc4ccccc4[nH]3,3.83,3.781458183405573,-0.04854181659442691
1660,train,COc1ccc(CCN2CNC(=NC2)SCc3ccc(Cl)cc3)cc1OC,2.41,2.3182675636276535,-0.09173243637234663
2254,train,O=C(CCN1CCCCC1)Nc2ccc(C3=CC=CN4C(=O)C=C(N=C34)N5CCOCC5)c6sc7ccccc7c26,2.9,3.059276417770346,0.15927641777034607
2733,train,Fc1cc(ccc1C2=CCOCC2)N3C[C@H](COc4ccon4)OC3=O,2.61,2.4068117781548053,-0.20318822184519458
1126,train,CCOC(=O)c1ccc(OCCC2CCN(CC2)c3ccc(C)nn3)nc1,3.76,3.569888942285104,-0.1901110577148959
412,train,CC(C)C(NC(=O)CN1C(=O)C(=CC=C1c2ccccc2)NC(=O)CN3CCOCC3)C(=O)C(F)(F)F,2.0,1.808445678308365,-0.1915543216916351
1344,train,CN(C)c1cccc2c(cccc12)S(=O)(=O)N(C)CC(=O)O,-1.45,-1.336321401364351,0.113678598635649
2715,train,CCOc1cc(Nc2nc3c(cc2F)ncn3[C@@H](CO)c4ccc(F)cn4)n[nH]1,2.55,2.260586944514527,-0.2894130554854728
1910,train,OCCCN1C(=O)C(Cc2ccccc12)NC(=O)c3cc4cc(Cl)sc4[nH]3,3.49,3.474511537081089,-0.01548846291891115
1404,train,Cc1cc(CN2Cc3ccccc3C2C(=O)Nc4ccc(Cl)cc4)ccc1OCC(=O)O,1.38,1.5315387326144094,0.15153873261440953
1296,train,Cc1onc(NC(=O)CSc2nc(C)cc(C)n2)c1,1.52,1.7361712938800584,0.2161712938800584
3225,train,CC(Cc1ccc(O)cc1)NCC(O)c2cc(O)cc(O)c2,-0.06,0.2630924904985419,0.3230924904985419
780,train,CCCC(=O)N1CCN(CC1)c2nnc(c3ccccc3)c4ccccc24,3.2,2.7232107386565403,-0.4767892613434599
666,train,CCNCc1cnc(s1)c2ccc(cc2)C(=O)Nc3ccccc3N,0.95,1.380783188135795,0.4307831881357951
2998,train,COC(=O)c1c(O)cccc1OC\C=C\c2ccc(F)c(c2)c3onc(c3)C(=O)O,0.66,0.7236815583238732,0.06368155832387312
59,train,O=C1NC(=NC(=C1C#N)c2ccccc2)SCCc3ccccc3,1.71,2.1500365803061725,0.44003658030617254
3468,train,COc1cc(Nc2cc(Oc3cccnc3C)ccn2)cc(OC)c1OC,3.19,3.0001951441737957,-0.1898048558262042
1829,train,Fc1ccccc1Nc2oc(nn2)C(=O)Nc3ccc(cc3)N4CCOCC4,3.05,2.8489033985626544,-0.20109660143734542
3431,train,CN(C(=O)C)c1ccccc1,1.1,1.0441086251296752,-0.05589137487032492
2650,train,NC1=NC(=CC(=O)N1)CCc2ccccc2,1.4,1.7135795764267987,0.3135795764267988
738,train,CS(=O)(=O)c1ccc2c3CN(CCc3[nH]c2c1)C(=O)[C@@H]4CCCC[C@H]4C(=O)NC5(CC5)C#N,1.5,1.6609305554751785,0.16093055547517854
552,train,NC(=O)C1=CN(Cc2ccc(F)c(F)c2)C(=O)C=C1,1.37,1.4013927249388412,0.03139272493884104
3349,train,CCCCNc1ccc(cc1)C(=O)OCCN(C)C,2.11,1.7847072389021648,-0.3252927610978351
447,train,CCn1nc(C)c(C(=O)N[C@@H](C)C(C)(C)C)c1NS(=O)(=O)c2ccc(C)cc2,0.95,0.7897739318637664,-0.16022606813623352
3972,train,C[C@@H]1CN(CCN1c2ncc(OCc3ccncc3C#N)cn2)c4noc(n4)C(F)(F)F,3.95,3.811522253810872,-0.13847774618912823
2455,train,CCN(CC)C(=O)c1ccc2[nH]c(c(CCNCCCCc3ccncc3)c2c1)c4cc(C)cc(C)c4,3.3,3.3245206465299835,0.024520646529983647
3393,train,Cc1cc(Nc2nc(NCc3ccccn3)ncc2Br)n[nH]1,2.8,2.814503149936753,0.014503149936753168
485,train,Nc1nccc(n1)c2ccccc2,2.0,2.1797938963010655,0.17979389630106546
1226,train,CCOc1ccc(NC(=O)C)cc1,1.5,1.7904681187088372,0.29046811870883715
1573,train,CCCC(C)(COC(=O)N)COC(=O)NC(C)C,2.01,1.486984932392346,-0.5230150676076537
1669,train,CC1=C(CCN2CCC(CC2)c3noc4cc(F)ccc34)C(=O)N5CCCCC5=N1,2.05,2.349065371065736,0.29906537106573605
4040,train,CC(C)CNc1nc(nc(N2CCN(CC2)C(=O)C)c1N)C#N,2.4,2.3400260009401053,-0.059973999059894645
2824,train,CC[C@@H]1COCCN1c2cc(nc(n2)c3cccc4[nH]ccc34)C5(CC5)S(=O)(=O)C,3.0,2.6576102027563495,-0.3423897972436505
922,train,Nc1ccccc1NC(=O)c2ccc(cc2)c3ncc(CN4CCC4)cc3C#N,1.22,1.1315303666139642,-0.08846963338603575
2371,train,CN(C1CCN(Cc2ccc(cc2)C(F)(F)F)CC1)C(=O)Cc3ccc(cc3)n4cnnn4,3.0,2.7699680999465026,-0.23003190005349738
526,train,Nc1ccc2c3ccccc3C(=O)C(=O)c2c1,2.23,2.2051538895535696,-0.02484611044643037
982,train,COc1ccc2cc(CCC(=O)C)ccc2c1,3.06,2.6824555006883184,-0.37754449931168166
1935,train,C[C@H](CO)Nc1nc(SCc2cccc(Cl)c2)nc3nc(N)sc13,3.31,3.4642740479257332,0.15427404792573318
3374,train,NC1(CCN(CC1)c2ncnc3[nH]ccc23)C(=O)NC(CCO)c4ccc(Cl)cc4,2.5,2.1911752507721167,-0.3088247492278833
354,train,CC1(C)N(Cc2ccnc(c2)N3CCOCC3)C(=O)N(C1=O)c4ccc(SC(F)(F)F)cc4,3.73,3.4369770890363616,-0.2930229109636384
703,train,CCCCC1C(=O)N(N(C1=O)c2ccccc2)c3ccccc3,0.45,1.1067984395321273,0.6567984395321274
4162,train,OC(=O)COc1ccc(cc1c2ccccc2c3ccccc3)C(F)(F)F,1.38,1.1593919951771308,-0.22060800482286913
3058,train,CN(C(=O)C)c1ccc2ccn(c3cc(NC4CC4)n5ncc(C#N)c5n3)c2c1,2.9,2.847240635757365,-0.05275936424263472
2366,train,Nc1ncnc2c1c(COc3cccc(Cl)c3)nn2C4CCOCC4,3.17,3.148522566200386,-0.021477433799613976
2708,train,Cc1ccc(CN2[C@@H]3CC[C@H]2C[C@@H](C3)Oc4cccc(c4)C(=O)N)s1,2.44,2.241358408641997,-0.19864159135800286
4150,train,Nc1ccc2cn[nH]c2c1,0.52,0.7313551914177072,0.2113551914177072
964,train,CC(C)(C(=O)Nc1oc(nn1)C(=O)Nc2ccc(cc2)N3CCOCC3)c4ccc(Cl)cc4,2.96,2.9422818275997056,-0.017718172400294385
3778,train,Clc1ccc2OCOc2c1Nc3ncnc4cc(OCCN5CCCC5)cc(OC6CCOCC6)c34,2.6,2.689359440469713,0.08935944046971311
1482,train,CN(c1ccnc(Nc2cc(cc(c2)S(=O)(=O)C)N3CCOCC3)n1)c4cc(CO)ccc4C,2.9,2.932410576680174,0.032410576680173886
2309,train,CC[C@H](NC(=O)c1c([S+](C)[O-])c(nc2cc(Cl)ccc12)c3ccccc3)c4ccccc4,3.07,3.2018653344440073,0.1318653344440075
24,train,CNCC[C@@H](Oc1ccccc1C)c2ccccc2,1.2,1.1964078355652545,-0.003592164434745415
2916,train,COc1ccccc1CCNCc2ccc(CCNC[C@H](O)c3ccc(O)c4NC(=O)Sc34)cc2,0.8,0.8511335769970971,0.051133576997097085
551,train,CN(C)CC(O)COc1ccc(Nc2cc(ncn2)N(CC#N)c3ccc(C)cc3Br)cc1,2.24,2.2855133067966302,0.045513306796630015
3454,train,Cc1ccc(cc1)S(=O)(=O)NC(=O)NN2CCCCCC2,0.01,0.09636466731267745,0.08636466731267746
2601,train,CCN(CC)CCNC(=O)c1c(C)[nH]c(\C=C\2/C(=O)Nc3ccc(Cl)cc23)c1C,2.75,2.689705029570626,-0.06029497042937404
341,train,C[C@@H]1CN(CCN1c2ncc(OCc3ccncc3C#N)cn2)c4noc(n4)C5CC5,3.1,3.164207861949313,0.06420786194931294
2073,train,C[C@H](CO)Nc1nc(SCc2occc2)nc3NC(=O)Sc13,2.21,2.3635487288196413,0.15354872881964132
1497,train,CS(=O)(=O)NC(=O)CCCc1c([nH]c2ccc(cc12)C#N)c3ccc(F)cc3,1.5,1.5705364278518257,0.07053642785182568
1211,train,CN1C(=O)C(=Cc2cnc(NC(CCO)CCO)nc12)Oc3ccc(F)cc3F,1.5,1.5494917353412752,0.049491735341275156
1432,train,COc1cc(OC)c(cc1NC(=O)CCC(=O)O)S(=O)(=O)N2c3ccccc3Oc4ccccc24,-0.53,-0.5938306849631898,-0.06383068496318978
2792,train,COc1cc(OC)c(cc1NC(=O)C)S(=O)(=O)N2C(C)Cc3ccccc23,1.95,1.6333835470837395,-0.3166164529162605
671,train,COc1ccnc(C[S+]([O-])c2nc3cc(OC(F)F)ccc3[nH]2)c1OC,2.0,1.9586573288816462,-0.04134267111835377
1325,train,CC(C)N(CCCNC(=O)Nc1ccc(cc1)C(C)(C)C)C[C@H]2O[C@H]([C@H](O)[C@@H]2O)n3ccc4c(N)ncnc34,2.4,2.3040806863263206,-0.09591931367367934
2579,train,OCC(=O)N1CCC(CC1)c2n[nH]c(c3ccc(Cl)cc3)c2c4ccncn4,1.85,1.8516052586758818,0.0016052586758816823
2153,train,CCN(CC)C(=O)c1ccc(cc1)C(=C2CCNCC2)c3ccccc3,1.2,1.2210943519415902,0.02109435194159026
699,train,C[C@H](Nc1ccc2ncn(c3cc([nH]n3)C4CC4)c2n1)c5ncc(F)cn5,2.74,2.5379760985914084,-0.20202390140859183
1335,train,CN1CCN(CC1)c2ccc(Nc3ncc(C)c(Nc4cccc(c4)S(=O)(=O)NC(C)(C)C)n3)cc2,2.84,2.835685486189811,-0.004314513810188991
2234,train,N[C@@H](CC(=O)N1CCn2c(C1)nnc2C(F)(F)F)Cc3cc(F)c(F)cc3F,0.31,0.2575941791642897,-0.05240582083571027
2131,train,O=C1COC2(CCN(CC2)S(=O)(=O)c3ccc(cc3)c4ccc5cccnc5c4)CN1C6CC6,3.24,3.182683534100919,-0.05731646589908124
3669,train,C[C@H]1O[C@H]([C@H](O)[C@@H]1O)n2cnc3c(N)nc(OC4CCC(F)(F)CC4)nc23,1.42,1.3911753985823674,-0.028824601417632545
3821,train,Cc1cc(C)nc(SCC(=O)N)n1,0.23,0.5668138790927062,0.3368138790927062
1190,train,CCC(CC)NC(=O)c1nnn(c1NS(=O)(=O)c2ccc(C)cc2)c3ccccc3,0.46,0.49211837923686197,0.03211837923686195
3128,train,CN1CCN(CC1)c2ccc3N=CN(C(=O)c3c2)c4cc(NC(=O)c5cccnc5)ccc4C,1.5,1.3186323361211314,-0.1813676638788686
537,train,COc1cc(C)c(c(C)c1)S(=O)(=O)N(C)CCOCC(=O)N2CCN(CC2)C3CCN(C)CC3,-0.4,-0.08383979160519006,0.31616020839480996
3845,train,NC(=O)c1cnc(N[C@H]2CCCNC2)c3cc(Br)sc13,1.08,1.0619729250407413,-0.018027074959258815
3445,train,OCC(=O)N1CCC[C@H]1COc2cccc3ncnc(Nc4ccc(OCc5ccccn5)c(Cl)c4)c23,3.62,3.4486945229287578,-0.17130547707124233
508,train,CCCN(c1cccnc1)P(=O)(c2ccccc2)c3ccccc3,2.6,2.292579984812375,-0.30742001518762496
1639,train,Cc1ccc(cc1)C(=O)N(CCCN)CC2=Nc3cc(Cl)ccc3C(=O)N2Cc4ccccc4,1.47,1.5860040914293785,0.11600409142937851
3560,train,Cn1cc(cc1c2c3C(=O)N(CC#N)C(=O)N(CC4CC4)c3nn2Cc5ccnc6ccc(Cl)cc56)C#N,3.33,3.529379946266703,0.19937994626670275
1005,train,C[C@H](Nc1nc(Nc2ncc(C#N)s2)cc(n1)N3CCOCC3)c4ncc(F)cn4,2.26,2.6520136425737664,0.3920136425737666
1725,train,COc1ccc2nc(NC(=O)CCc3ccc(OC)c(OC)c3)sc2c1,3.57,3.592057319747734,0.022057319747734283
1078,train,CCc1c(C)nc(SCC(=O)Nc2nc(cs2)c3ccc(OC)cc3)nc1O,3.78,3.612171182069934,-0.167828817930066
3791,train,CCc1nn(C2CCCC2)c3c1CCn4c(nnc34)c5cccs5,3.6,3.455219800317789,-0.14478019968221112
3794,train,COc1cnc(nc1N2CCOCC2)c3ccccn3,1.52,1.5793731814155332,0.05937318141553316
1588,train,O=C(Nc1oc(nn1)C(=O)Nc2ccc(cc2)N3CCOCC3)c4ccccc4,1.02,1.5833973645187942,0.5633973645187942
1812,train,CC(C)C(NC(=O)CN1C(=O)C(=CN=C1c2ccccc2)NC(=O)OCc3ccccc3)C(=O)C(F)(F)F,2.12,2.5611081701923615,0.44110817019236137
768,train,CCOc1cc2nnc(C(=O)N)c(Nc3cccc(Cl)c3F)c2cc1N4CCN(C)CC4,1.99,2.3959222863218415,0.40592228632184146
2937,train,CCC[C@H](CO)Nc1nc(SCc2ccccc2)nc3nc(N)sc13,3.8,3.7435531797310486,-0.0564468202689512
1700,train,O=C(Nc1ccccc1)c2ccccc2,2.8,2.362960443694779,-0.43703955630522096
4095,train,CNc1c(Br)cnc2[nH]c(nc12)c3cccc(N)c3,2.96,2.623706062267466,-0.3362939377325338
407,train,O[C@H](CNC(=O)N1C(=O)Nc2ccccc12)CN3CCC(CC3)Oc4ccc(Cl)c(Cl)c4,4.46,4.329947464028764,-0.13005253597123634
1520,train,CCOCc1nc2c(N)nc3ccccc3c2n1CC(C)(C)O,1.69,1.5877906407464848,-0.10220935925351515
426,train,CC(C)C(NC(=O)CN1C(=O)C(=CN=C1c2cccs2)NC(=O)OCc3ccccc3)C(=O)C(F)(F)F,2.02,2.217408710758978,0.19740871075897815
3504,train,Cc1ccc(CNC(=O)C2CCCN2S(=O)(=O)c3ccc(F)cc3)cc1,2.9,2.5511835020277767,-0.34881649797222325
1826,train,COc1cc2ncnc(Nc3cccc(O)c3)c2cc1OC,2.6,2.62060735541868,0.020607355418679862
1490,train,C(N1CCN(CC1)c2nc3ccccc3s2)c4nnnn4Cc5cccs5,3.65,3.2926731683970667,-0.3573268316029332
2313,train,Cc1cc(CNc2nccc(Nc3cc(C)[nH]n3)n2)on1,1.86,1.7846646632710224,-0.07533533672897774
1778,train,Nc1ncnc2nc(cc(c3cccc(Br)c3)c12)c4ccc(nc4)N5CCOCC5,3.2,3.0582772373173723,-0.14172276268262785
174,train,CCOc1ncc(C)c2NC(=C([C@@H](c3ccc(cc3OC)C#N)c12)C(=O)N)C,2.51,2.6202465632474583,0.11024656324745852
2740,train,NC(=O)Nc1sc(cc1C(=O)N[C@H]2CCCNC2)c3cc(F)cc(F)c3,2.18,1.7413605627075368,-0.43863943729246335
3456,train,Nc1c(c(CN2CCOCC2)nn1c3ccc(F)cc3)c4ccccc4,2.33,2.3298956414111354,-0.00010435858886470584
2075,train,O=C(CN1CCN(CC1)c2ccccc2)Nc3c(cnn3c4ccccc4)C#N,2.3,1.614592281049093,-0.6854077189509069
1251,train,CC(C)n1c(C)ncc1c2ccnc(Nc3ccc(cc3)S(=O)(=O)CCCN4CCOCC4)n2,2.43,2.4365924720482584,0.006592472048258191
1366,train,CCOc1ccc2nc(NC(=O)CC)sc2c1,3.4,3.355734281721691,-0.04426571827830905
1972,train,NC(=N)Nc1ccc(Cl)c(Cl)c1,-0.31,0.03647134113726924,0.34647134113726924
83,train,CNCCCC12CCC(c3ccccc13)c4ccccc24,0.89,1.172074984019274,0.2820749840192739
2341,train,O=C(NC1(CC1)C#N)[C@@H]2CCCC[C@H]2C(=O)N3CCN(CC3)c4nc5CCOCc5s4,1.42,1.5840327853436367,0.16403278534363674
28,train,CSc1c(cnn1c2ccc(cc2)C(=O)O)C(=O)NC3C4CC5CC(CC3C5)C4,1.2,0.9368040389509276,-0.2631959610490724
2497,train,O=C(NC1(CC1)C#N)[C@@H]2CCCC[C@H]2C(=O)N3CCN(CC3)c4nccs4,1.3,1.404633332608705,0.104633332608705
1498,train,CCCCCSc1nc(O)c2sc(N)nc2n1,2.86,2.7254056424854975,-0.13459435751450233
1329,train,Cc1ccc(cc1c2ccc(nc2)C(=O)NCC3CC3)C(=O)NC4CC4,3.36,3.1533665232756434,-0.2066334767243565
180,train,NC1(CCC1)c2ccc(cc2)c3ncc4ccncc4c3c5ccccc5,2.2,2.2463089889484458,0.046308988948445595
3582,train,Nc1nc(O)cc(n1)c2ccc(O)cc2,1.05,1.1906967143825857,0.14069671438258569
1199,train,COc1cc(ccc1Nc2ncc(c(n2)c3cnc4ccccn34)C(F)(F)F)N5CCN(CC5)C(=O)C,3.7,3.5239792889849255,-0.17602071101507466
2379,train,NCC[C@@H](Oc1cc(Cl)c(F)cc1C#N)c2ccccc2,0.77,1.2186456743178682,0.44864567431786817
4046,train,C[C@](O)(CS(=O)(=O)c1ccc(F)cc1)C(=O)Nc2ccc(C#N)c(c2)C(F)(F)F,2.87,2.744819766884792,-0.12518023311520832
3818,train,OC(=O)CCC(=O)N1CCC(CC1)c2onc(n2)c3cccs3,-1.27,-0.7728043788470318,0.4971956211529682
3288,train,CCC(N(CCCN)C(=O)c1ccc(C)cc1)C2=Nc3nccnc3C(=O)N2Cc4ccccc4,-0.14,0.29637167066668657,0.4363716706666866
2383,train,CC(C)(C)NS(=O)(=O)c1cncc(c1)c2ccc3nc(NC(=O)NCC(=O)N4CCCC4)nn3c2,1.37,1.1109320129425515,-0.2590679870574486
3087,train,O=C(Nc1cccnc1C(=O)NCC2CCOCC2)c3cccc4ccccc34,4.4,4.038965343144596,-0.3610346568554039
3261,train,CCN(C)C(=O)c1ccc(cc1)C(=C2CCN(Cc3cscn3)CC2)c4cccc5cccnc45,2.65,2.530120212593175,-0.1198797874068247
711,train,COc1ccc(NC(=O)CSc2nnc(C)n2c3ccc(C)cc3)cc1,2.94,2.8686183499440396,-0.07138165005596031
4011,train,CC(C)C(NC(=O)CN1C(=O)C2=C(C=C1c3ccccc3)C(=O)N(CCN4CCOCC4)C(=O)N2)C(=O)C(F)(F)F,1.91,1.9082533780743327,-0.0017466219256672133
2070,train,COC(=O)C1C(CC2CCC1N2C)OC(=O)c3ccccc3,1.06,1.4259701302520769,0.3659701302520768
2299,train,CC(C)C(NC(=O)CN1C(=O)C(=CC=C1c2ccccc2)N)C(=O)C(F)(F)F,1.74,1.7424358340455923,0.0024358340455923333
3258,train,O=C(NCC#N)[C@@H]1CCCC[C@H]1C(=O)N2CCN(CC2)c3ccc(cc3)C#N,1.79,1.4544658513155548,-0.3355341486844452
26,train,COc1cnc(nc1N(C)C)c2ccccn2,1.9,2.329376870249494,0.4293768702494942
2510,train,COc1ncc(C)cc1c2cccc3c(N)c(nnc23)C(=O)NC4CC4,3.4,3.1334628299038,-0.2665371700961998
189,train,Cc1ccccc1c2c(C(=O)O)n(CCCOc3cccc4ccccc34)c5ccccc25,3.89,3.7273618689362435,-0.16263813106375657
2842,train,Cc1ccc(cc1)c2cc(nn2c3ccc(cc3)S(=O)(=O)N)C(F)(F)F,3.42,3.0949090057162305,-0.3250909942837694
784,train,C[C@H]1[C@@H]2CN(CCN3CCOCC3)CC[C@H]2Cc4[nH]c5ccc(cc5c14)C(F)(F)F,2.87,2.9003703493087283,0.030370349308728173
870,train,CC(C)N1CCN[C@H](C1)C(=O)N2CCN(CC2)C(=O)Nc3ccc(Cl)c(Cl)c3,2.21,2.0785937191790844,-0.13140628082091554
1435,train,CC(C)C[C@H](CO)Nc1nc(S[C@@H](C)c2ccccc2)nc3NC(=O)Sc13,4.3,4.241367519833601,-0.05863248016639844
2243,train,COc1cc(CNc2nc3ccccc3[nH]2)cc(OC)c1OC,2.36,2.4925131234824236,0.13251312348242372
881,train,CC(=O)Nc1nc(N)n(n1)c2ccccc2,-0.2,0.17434360995561082,0.37434360995561083
3140,train,Cc1nc(C)c(nc1C(=O)N)c2ccc3c(CC[C@@]34CC[C@H](CC(=O)O)CC4)c2,1.5,1.0042914354853703,-0.49570856451462975
418,train,CC(=O)c1ncccc1NC(=O)[C@@H]2CC[C@H](CC2)N3C(=O)[C@@H]4[C@@H]5CC[C@@H](C5)[C@@H]4C3=O,3.01,2.8097361182109615,-0.2002638817890383
1584,train,O=S(=O)(Nc1cccnc1)c2ccccc2,0.84,0.7248012157822687,-0.11519878421773122
2952,train,Oc1ccc(cc1)N2C(=O)c3ccccc3C2=O,2.0,1.9786759049890459,-0.021324095010954114
2688,train,CCNC(=O)c1cc2c(c(cnc2[nH]1)c3cncc(c3)C(=O)NC)n4ccc(n4)C(F)(F)F,2.21,1.8436856402741488,-0.36631435972585114
4182,train,NC1=NC(CC(=O)N1)c2ccc(Cl)c(Cl)c2,1.46,1.2013418754633676,-0.2586581245366324
3120,train,CCCSc1ncccc1C(=O)N(C)C2CCOCC2,1.63,1.800745920546291,0.17074592054629112
1163,train,CCCSc1ncccc1C(=O)N(C)[C@H]2[C@@H]3CC4C[C@H]2C[C@@](O)(C4)C3,2.48,2.627741420126539,0.14774142012653924
539,train,COc1ccc(cc1)c2cc(O)c3cc(Cl)ccc3n2,2.7,2.8768588273946474,0.1768588273946472
3875,train,OC(CCN1CCCC1)(C2CCCCC2)c3ccccc3,1.78,2.4142217638453034,0.6342217638453034
263,train,[O-][N+](=O)c1cccc(c1)C(=O)Nc2nc3ccccc3n2CCN4CCOCC4,3.3,3.0511118621273012,-0.2488881378726986
1739,train,Nc1c2CCCCc2nc3ccccc13,0.38,0.9756400486078654,0.5956400486078653
973,train,NC(=N)SCc1ccc(Cl)c(Cl)c1,1.28,1.3966632178465246,0.11666321784652456
3124,train,COc1ccc(N(C(C(=O)NC[C@@H](C)O)c2ccccc2F)C(=O)c3occc3Cl)c(OC)c1,2.18,2.41537975943663,0.23537975943663003
3852,train,OC(=O)c1cncc(c1)c2ccc(Cl)c(c2)C(=O)NCC34CC5CC(CC(C5)C3)C4,0.85,1.0836666147299618,0.23366661472996186
2154,train,CC(C)n1c(C)ncc1c2ccnc(Nc3ccc(cc3)N(C)C)n2,3.51,3.5431452779923527,0.033145277992352895
2515,train,Fc1ccc(cc1)[C@@H]2CCNC[C@H]2COc3ccc4OCOc4c3,1.78,1.7576081142961737,-0.02239188570382633
2401,train,CCCc1c(O)c(ccc1OCCCOc2ccc3C(=O)C=C(Oc3c2CCC)C(=O)O)C(=O)C,3.0,3.0542728329718694,0.054272832971869356
193,train,CSc1ccc(cc1)N2C(=NC(=NC2(C)C)N)N,-0.84,-0.1577684121785925,0.6822315878214075
1762,train,CS(=O)(=O)c1ccc(cc1)[C@H](CC2CCCC2)C(=O)Nc3nccs3,3.88,3.5538955348146315,-0.3261044651853684
725,train,CCC(C)(C)C(=O)O[C@H]1C[C@@H](C)C=C2C=C[C@H](C)[C@H](CC[C@@H]3C[C@@H](O)CC(=O)O3)[C@@H]12,3.7,3.3700924354056383,-0.3299075645943619
3866,train,CC[C@H](NC(=O)c1c([S+](C)[O-])c(nc2c(F)cccc12)c3ccccc3)c4ccccc4,2.84,3.026036304237431,0.18603630423743134
1263,train,CN1C=C(C(=O)NC[C@@H](O)CN2CCC(CC2)Oc3ccc(Cl)c(Cl)c3)C(=CC1=O)C(F)(F)F,2.76,2.881272396121787,0.1212723961217872
2647,train,CNCC[C@H](Oc1cccc2ccccc12)c3cccs3,2.09,1.9283335808019908,-0.16166641919800906
1178,train,NC1=NC2(CCN(CC2)C(=O)c3ccc(nc3)C#N)Nc4c(F)ccc(F)c14,0.79,0.8309985701132341,0.040998570113234045
3470,train,Cc1cccc(NC(=O)NCC(N2CCOCC2)c3cccnc3)c1,2.0,2.1044531753498914,0.1044531753498914
3368,train,CC1=CC(=O)Oc2c(C)c3oc(C)cc3cc12,3.47,3.367364249411324,-0.10263575058867636
1025,train,CC1=CN([C@H]2CCCN(C2)S(=O)(=O)c3ccc(O)c(Oc4ccc(Cl)cc4)c3)C(=O)NC1=O,2.12,2.2100196526784943,0.09001965267849421
3201,train,OC1(CCc2ccc(Oc3ccc(cc3)C(=O)NCc4ccncn4)cc2)CN5CCC1CC5,0.76,0.8867652237034218,0.1267652237034218
3843,train,OCCN1C(=O)C(Cc2ccccc12)NC(=O)c3cc4cc(Cl)sc4[nH]3,3.05,3.296129455033581,0.2461294550335813
2464,train,S=C(NC1CCCCC1)N2CCC(CC2)c3cnc[nH]3,2.3,2.023628256565286,-0.27637174343471393
2370,train,NC1(CCC1)c2ccc(cc2)c3c(ccc4ccnn34)c5ccccc5,2.9,2.735028759904121,-0.1649712400958787
1322,train,COc1ccccc1C[C@H](N2CCC(CN3CCC(CC3)Oc4ccc(Cl)c(Cl)c4)CC2)C(=O)O,2.77,2.7015770881752355,-0.06842291182476457
898,train,CC(=O)c1ccc2OCC(=O)N(CCN3CCC(CC3)NCc4ccc5OCC(=O)Nc5n4)c2c1,0.37,0.20481192088702538,-0.16518807911297462
1528,train,N[C@H]1CCN(C1)c2c(Cl)cccc2\C=C\3/SC(=O)NC3=O,1.89,1.7322146563822516,-0.15778534361774832
3250,train,CC(C)C(NC(=O)CN1C(=O)C(=CC=C1c2ccccc2)NS(=O)(=O)c3cccc(NC(=O)C)c3)C(=O)C(F)(F)F,2.43,2.3567772337510333,-0.07322276624896684
183,train,CCOc1ccccc1c2ccc(cc2)c3nc4ccc(F)cc4c(N[C@H](C)C(=O)O)c3C#N,2.5,2.2365482694347407,-0.2634517305652593
401,train,CN[C@@H](C)C(=O)N[C@@H](C1CCCCC1)C(=O)N[C@H]2CCN(CCc3ccccc3)C2,1.65,1.5977391907114953,-0.05226080928850463
2488,train,CCC(Oc1ccc(cc1c2ccc(cc2C)S(=O)(=O)CC)C(F)(F)F)C(=O)O,0.31,0.6000192882334021,0.2900192882334021
1017,train,COc1nc(N)nc2c1ncn2[C@@H]3O[C@H](CO)[C@@H](O)[C@H]3O,-0.58,-0.661670008147548,-0.08167000814754799
2968,train,OC1CCN(CC1)C(=O)CN2C(=O)C(Cc3ccccc23)NC(=O)c4cc5cc(Cl)sc5[nH]4,2.86,2.639915960363836,-0.22008403963616407
751,train,COc1cc(ccc1Cn2ncc3ccc(NC(=O)OC4CCCC4)cc23)C(=O)NS(=O)(=O)c5ccccc5,1.8,1.804445595956255,0.004445595956255044
1376,train,COc1ccc(cc1)C(=O)CS(=O)(=O)c2ccccc2,1.96,2.0842649709130803,0.12426497091308031
3054,train,CNC(=O)c1ccc(cc1)c2cc(C(=O)N[C@H]3CCCNC3)c(NC(=O)N)s2,0.7,0.7143148393550267,0.014314839355026754
319,train,CC[C@H](NC(=O)c1c([S+](C)[O-])c(nc2cc(Br)ccc12)c3ccccc3)c4ccccc4,3.18,3.4622355669639298,0.2822355669639296
1452,train,C(Cc1nc2ccccc2[nH]1)c3nc4ccccc4[nH]3,3.3,2.787483587746724,-0.5125164122532757
624,train,Nc1ncnc2sccc12,1.19,1.5231528981678837,0.33315289816788374
142,train,Cc1ccc(cc1NC(=O)c2ccc(OCc3ccccn3)cc2)c4nccn4C,2.83,2.8021174418573667,-0.027882558142633407
2509,train,C(Oc1ccccc1)C2CNCCO2,0.2,0.09953881973539414,-0.10046118026460588
3973,train,CC(=O)c1ccc(cc1)S(=O)(=O)NC(=O)NC2CCCCC2,-0.49,-0.0978904765950297,0.3921095234049703
3847,train,OC(=O)C[C@@H]1CC[C@H](CC1)c2ccc(NC(=O)c3oc(Nc4ccccc4F)nn3)cc2,2.48,2.573500890354603,0.09350089035460307
1800,train,Cc1cc(N)n(n1)c2ccccc2,1.25,1.2070001360356615,-0.042999863964338525
2469,train,NC(=N)c1cc2c(cccc2s1)c3ccccc3,1.27,1.6087984061278784,0.33879840612787837
1065,train,C[C@@H](Oc1cc(cnc1N)c2cnn(c2)C3CCNCC3)c4c(Cl)ccc(F)c4Cl,2.33,2.1753093024445946,-0.15469069755540543
622,train,CN1C(=O)N(CC2CC2)c3nn(Cc4ccnc5ccc(Cl)cc45)c(c3C1=O)c6ncnn6C,3.8,3.5341445194660324,-0.26585548053396746
883,train,CC(C)C(NC(=O)CN1C(=O)C(=CC=C1c2ccccc2)NC(=O)Cc3ccccc3C(=O)O)C(=O)C(F)(F)F,1.14,1.1203613167280624,-0.019638683271937518
4093,train,O=C(NC1CC1)c2cc(on2)c3cccs3,2.54,2.3202674113809247,-0.2197325886190753
2609,train,OCCCN(Cc1ccc(F)cc1)C(=O)CC2CCN(Cc3ccn(c3)c4ccc(cc4)C(F)(F)F)CC2,3.04,2.9031536504425115,-0.13684634955748853
3798,train,CCCSc1nc(Oc2ccc(CC(=O)O)cc2)ccc1C(=O)NC3CCCCC3,1.79,1.7689958748154868,-0.021004125184513223
252,train,NC(=O)c1sc(cc1N)c2ccccc2,2.33,2.5008798004812887,0.1708798004812886
3615,train,CCCCC1(CC)C(=O)NC(=O)NC1=O,1.5,1.1656510065105596,-0.33434899348944036
1002,train,CN1CCNc2nc(CCOc3ccc(C[C@H](NC(=O)c4c(Cl)cccc4Cl)C(=O)O)cc3)ccc12,0.07,-0.16869890718591884,-0.23869890718591885
1850,train,CC(C)(NC(=O)c1sccc1Oc2ccc(F)cc2[N+](=O)[O-])C#C,3.0,2.777504717254966,-0.22249528274503394
3416,train,CN1CCCC1CCNC(=O)c2ccc(Nc3ncc4cc(ccc4n3)c5ccncc5)cc2,2.01,2.0182899132286205,0.008289913228620716
3461,train,NC1(CCC1)c2ccc(cc2)c3ncc4ccccc4c3c5ccccc5,3.6,3.0961502768337446,-0.5038497231662555
1929,train,[O-][N+](=O)c1cccc2ccc(nc12)C(Cl)(Cl)Cl,3.7,3.4969160517588533,-0.20308394824114684
2885,train,NC(=O)Nc1cc(sc1C(=O)N[C@H]2CCCNC2)c3ccc(cc3)C#N,0.61,1.2839534176048262,0.6739534176048262
3098,train,CCN(C1CCN(CC[C@H](c2ccc(cc2)S(=O)(=O)C)c3cc(F)cc(Cl)c3)CC1)C(=O)Cc4ccc(cc4)S(=O)(=O)C,2.71,2.651207173586484,-0.0587928264135158
2083,train,CSc1ncccc1C(=O)NCc2ccc(C)cc2,2.71,2.832012111453972,0.12201211145397206
3564,train,O=C1C=C(Nc2ccccc12)c3occc3,2.21,2.2371716027234707,0.027171602723470745
2197,train,Fc1ccc(Oc2cc(F)c(cc2F)S(=O)(=O)Nc3ncc(Cl)s3)c(c1)c4cn[nH]c4,2.7,2.6291815990767295,-0.07081840092327063
1370,train,CN1CCN(CC1)S(=O)(=O)c2ccc(cc2F)c3cnc(N)c(n3)C(=O)Nc4cccnc4,2.66,2.6611365402614675,0.001136540261467367
3018,train,CC(C)(C)OC(=O)N1CCN(CC1)c2ncc(OCc3c(F)cncc3F)cn2,3.7,3.5700318376467237,-0.12996816235327646
167,train,C[C@@H](Oc1cccc2ncnc(Nc3ccc4c(cnn4Cc5ccccn5)c3)c12)C(=O)N6CCOCC6,2.82,2.97909743088073,0.15909743088073025
3192,train,CCn1c2ccccc2c3cc(NC(=O)C)ccc13,3.5,3.021546951728368,-0.47845304827163204
736,train,Fc1ccc(cc1)C(=O)C2CCN(CCN3C(=O)Nc4ccccc4C3=O)CC2,2.9,2.956139371174578,0.05613937117457812
3115,train,Cc1ccc(cc1)S(=O)(=O)Nc2c(C(=O)NC3CCOCC3)c(C)nn2c4ccccc4,0.16,0.4006558457957752,0.24065584579577518
496,train,OC(=O)c1cc(ccc1O)c2ccc(F)cc2F,0.59,0.8782428016511987,0.28824280165119875
1429,train,Cc1ccc2c(c1)c(c(C)n2CC(=O)O)S(=O)(=O)c3ccc(Cl)cc3,0.06,0.3878208631374771,0.3278208631374771
2321,train,CC(=O)O[C@H]1CC[C@]2(C=O)[C@H]3CC[C@]4(C)[C@H](CC[C@]4(O)[C@@H]3CC[C@]2(O)C1)C5=CC(=O)OC5,0.64,0.7891004699575033,0.14910046995750326
97,train,CCSc1c(Cc2ccccc2C(F)(F)F)sc3N(CC(C)C)C(=O)N(C)C(=O)c13,4.49,4.633258982947917,0.14325898294791717
3309,train,Fc1ccc(cc1F)S(=O)(=O)NCC(N2CCCCCC2)c3ccccc3,2.84,2.86758691762146,0.02758691762146004
257,train,Clc1ccc2OC(=O)Nc2c1,2.16,2.038919443280842,-0.12108055671915796
990,train,C[C@@H]1CNc2c(sc3ccc4nc(ccc4c23)c5ccc(C)nc5)C(=O)N1,3.6,3.3852778014143965,-0.2147221985856036
2002,train,Cc1[nH]c(C(=O)NC2CCN(CC2)c3cc(cc(Cl)n3)C(=O)O)c(Cl)c1Cl,1.74,1.74639975025694,0.006399750256939951
3937,train,CCCNC(=O)c1nnc2c(c(F)ccc2c1N)c3ncccn3,2.07,1.973624037445446,-0.09637596255455394
2508,train,Cc1c(Sc2ccc(Cl)cc2)c3c(cccc3n1CC(=O)O)c4cnccn4,0.03,0.6034251654273726,0.5734251654273725
3960,train,CN(c1ccc(c(Cl)c1)c2cc(F)ccc2OCC(=O)O)S(=O)(=O)C,-1.17,-1.0436015458920154,0.12639845410798456
2703,train,Cc1ccc(cc1)C(=O)c2ccc(CC(=O)O)n2C,-1.02,-0.08238509311218234,0.9376149068878177
3193,train,CNc1c(Br)cnc2[nH]c(nc12)c3ccc(OCCN4CCCCC4)cc3,2.56,2.8851821476872286,0.32518214768722853
3220,train,CCN(CC)CCNC(=O)c1cc(Br)c(N)cc1OC,0.54,0.4441746818401491,-0.09582531815985096
1890,train,C[C@@H]1CN(CCN1C(=O)[C@@H]2CCCC[C@H]2C(=O)NC3(CC3)C#N)c4ccc5c(c4)c(C)nn5C,2.8,2.6162814821151192,-0.18371851788488058
3822,train,Cc1oc(CN2NC(=O)C3=C(C2=O)C(=O)c4ccc(Cl)cc4N3)cc1C,1.0,1.3158818150025868,0.31588181500258683
884,train,CCN(CC)c1ccc2C=C(C(=O)C)C(=O)Oc2c1,2.0,1.7010859091241506,-0.2989140908758494
3880,train,Fc1ccc(NC(=S)N2CCC(CC2)C(=O)c3ccc(F)cc3)cc1,3.4,3.194393177069385,-0.20560682293061472
3305,train,COc1cc(\C=C/2\SC(=O)NC2=O)cc(OC)c1O,0.74,0.9652569710745227,0.2252569710745227
2844,train,CC(C)n1nc(C)c(C(=O)N[C@@H](C)C(C)(C)C)c1NS(=O)(=O)c2ccc(C)cc2,0.97,1.150704230163425,0.18070423016342496
3711,train,CN1C(=O)C=C(CCc2cccc(c2)c3cccnc3)N=C1N,2.5,2.5058155010647374,0.005815501064737383
391,train,Cc1cnc(cn1)C(=O)NCCc2ccc(cc2)S(=O)(=O)NC(=O)NC3CCCCC3,0.31,0.43853175746319706,0.12853175746319706
1622,train,COc1ccc(\C=C/2\CCc3ccccc3C2=O)cc1CN4CCOCC4,3.8,3.5824430544151227,-0.21755694558487715
181,train,CC(C)C(NC(=O)CN1C(=O)C(=CC=C1c2ccccc2)NS(=O)(=O)C)C(=O)C(F)(F)F,1.77,1.485085505925285,-0.28491449407471503
3234,train,CCN1C(=O)C=Cc2cc(COc3cc(F)cc(c3)C4(CCOCC4)OC)ccc12,3.89,3.768476479008772,-0.1215235209912282
4146,train,COc1cc(OC)c(cc1NC(=O)C)S(=O)(=O)NCc2ccccc2N3CCC(CO)CC3,1.03,1.005307177810274,-0.024692822189726016
1756,train,O=C(CC12CC3CC(CC(C3)C1)C2)Nc4cccc5ncccc45,3.83,3.3601241046859993,-0.46987589531400076
3218,train,Cc1c(Cl)ccc(OC2CCN(CC2)C3CCN(CC3)C(=O)c4cccc(c4)S(=O)(=O)C)c1Cl,3.33,3.147125406948815,-0.18287459305118503
3715,train,CC(C)n1nc(c2ccc(C)cc2)c3c(N)ncnc13,3.2,2.908514175760028,-0.29148582423997205
1610,train,OC1CCN(CC1)C(=O)[C@H](Cc2ccccc2)NC(=O)c3cc4cc(Cl)ccc4[nH]3,3.6,3.44407155324525,-0.15592844675474993
1598,train,CCOC(=O)Nc1cccc(c1)[C@H](N2CCN(Cc3c[nH]c(C)n3)CC2)c4ccc(cc4)C(=O)N(C)CC,2.11,2.1910320695546974,0.08103206955469755
3398,train,CC(C)CN1C(=O)N(C)C(=O)c2c1sc(Cc3ccnc4ccc(F)cc34)c2C(=O)N5CC[C@@H](O)C5,1.95,2.0183453346680857,0.06834533466808579
2369,train,CNS(=O)(=O)Cc1ccc2[nH]cc(CCN(C)C)c2c1,-0.96,-0.6464707210843832,0.31352927891561677
1872,train,Cc1nc(cs1)C(=O)N2CCCC3(CCN(Cc4ccccc4)CC3)C2,0.24,0.5132457619027493,0.2732457619027493
2258,train,CC(C)C(NC(=O)CN1C(=O)c2nc(O)nc(O)c2C=C1c3ccccc3)C(=O)C(F)(F)F,1.88,1.8826596528520319,0.0026596528520319573
2262,train,Clc1ccc(OC2CCN(CC2)C3CCN(CC3)C(=O)C4=CNC(=O)c5ccccc45)cc1Cl,3.51,3.393465949799354,-0.116534050200646
2592,train,CC(C)c1cc(C(=O)N2Cc3ccc(CN4CCN(C)CC4)cc3C2)c(O)cc1O,2.5,2.5314646466133306,0.031464646613330594
3824,train,Cc1ccsc1C(=CCCN2CCC[C@H](C2)C(=O)O)c3sccc3C,1.49,1.422749447009982,-0.06725055299001803
2731,train,O=C(NCC12CC3CC(CC(C3)C1)C2)c4ccccc4,4.21,3.8210759391964157,-0.3889240608035842
3034,train,COc1ccc2SCC(=O)N(CCN3CCC(CC3)NCc4cc5OCCOc5cn4)c2c1,1.78,1.8072962325078266,0.027296232507826534
1633,train,Cc1ccc(c(C)c1)c2nnc(O)c3ccccc23,3.41,3.175265120058012,-0.23473487994198816
1093,train,Clc1cccc(NNC(=O)c2cccnc2Cl)c1,1.87,1.9908746922355327,0.1208746922355326
993,train,N(c1ccccc1)c2ccccc2,3.2,1.7540265648949624,-1.4459734351050377
3657,train,CC1=C(Cc2ccccc2)C(=O)n3nc(NCc4cccc(Cl)c4)nc3N1,3.6,3.5576457577755214,-0.0423542422244787
1550,train,NC(=O)C[S+]([O-])C(c1ccccc1)c2ccccc2,1.12,0.8525421479755781,-0.26745785202442196
2969,train,C(Cc1nc2ccccc2[nH]1)Cc3nc4ccccc4[nH]3,3.5,3.277661650650095,-0.22233834934990515
484,train,OC(=O)c1cc(nc2ccc(F)cc12)c3ccncc3,-0.8,-0.4494459418995227,0.35055405810047735
1330,train,CC(C)N=C1C=C2N(c3ccc(Cl)cc3)c4ccccc4N=C2C=C1Nc5ccc(Cl)cc5,3.17,3.317323230645375,0.1473232306453749
1213,train,CC#Cc1ccnc(c1)c2cc(ccc2O)C3(N=C(C)C(=N3)N)C4CC4,3.6,3.454634851904193,-0.14536514809580714
2142,train,CCOC(=O)N1CCN(CC1)C(=O)[C@H](Cc2cccc(c2)C(=N)N)NS(=O)(=O)c3c(cc(cc3C(C)C)C(C)C)C(C)C,1.67,1.6075640659827881,-0.062435934017211814
1695,train,O=S(=O)(c1ccccc1)C2(CC2)c3cc(nc(n3)c4cccc5[nH]ccc45)N6CCOCC6,3.4,3.2710513589642014,-0.1289486410357985
1320,train,CCn1c2ccccc2c3cc(NC(=O)CCc4ccncc4)ccc13,3.75,4.195389648260802,0.44538964826080196
1414,train,Oc1ccc(cc1)C2=Cc3ccc(O)cc3OC2,3.8,3.553265382056049,-0.24673461794395068
3263,train,Cc1cccc(n1)c2nn3CCCc3c2c4ccnc5ccc(cc45)C(=O)N,1.71,1.5043339957947048,-0.20566600420529513
626,train,CC(C)(C(=O)O)c1ccc(cc1)C(O)CCCN2CCC(CC2)C(O)(c3ccccc3)c4ccccc4,0.42,1.3932937041557811,0.9732937041557812
237,train,COc1ccc2nc(N[C@H]3CCC[C@@H](C3)NCc4ccsc4)ccc2c1,2.43,2.5043556030907816,0.07435560309078149
4130,train,OC12CC3CC(C1)CC(C3)(C2)NCC(=O)N4CCC[C@H]4C#N,-0.48,-0.24050964644906747,0.2394903535509325
1857,train,CC(C)Oc1ccc2C(=O)C(=COc2c1)c3ccccc3,4.07,3.696740579452653,-0.3732594205473472
3871,train,Oc1cc(O)c2C(=O)C(=COc2c1)c3ccc4OCOc4c3,3.5,3.369496110089,-0.13050388991100004
1502,train,Nc1ccccc1NC(=O)c2ccc(cc2)C3CCN(Cc4ccccc4)CC3,2.51,2.317282390506005,-0.19271760949399486
3137,train,CCC(N1NC(=O)C2=C(C1=O)C(=O)c3ccc(Cl)cc3N2)c4ccncc4,0.6,0.7283427010631522,0.12834270106315226
697,train,COc1cc2c(NC(=O)Nc3c(Cl)cccc3Cl)ncnc2cc1OCC4CCN(C)CC4,2.7,2.4760023881305635,-0.22399761186943667
1406,train,OC(=O)[C@H](Cc1cccc(F)c1)N2CCC(CN3CCC(CC3)Oc4ccc(Cl)c(Cl)c4)CC2,2.68,2.8543414802284146,0.17434148022841445
1951,train,COc1cc2ncc(C(=O)N)c(Nc3cccc(F)c3F)c2cc1OC,2.82,2.669560275619071,-0.150439724380929
165,train,Cc1c(Sc2ccc(Cl)cc2)c3c(NS(=O)(=O)C)cccc3n1CC(=O)O,0.21,0.08375254354687556,-0.12624745645312443
3072,train,CCCc1nn(C)c2C(=O)NC(=Nc12)c3cc(ccc3OCC)S(=O)(=O)N4CCN(C)CC4,2.8,2.571920073739297,-0.22807992626070295
1128,train,OCC(CO)Nc1nc(SCc2cccc(F)c2F)nc3nc(NC4CC4)sc13,3.11,3.3038895564777,0.19388955647770034
3407,train,OC(=O)[C@H](Cc1ccc(OCCc2ccc3CCCNc3n2)cc1)NC(=O)c4c(Cl)cccc4Cl,0.33,0.28412461061750305,-0.04587538938249697
1977,train,NCCCCN(Cc1nc2ccccc2[nH]1)C3CCCc4cccnc34,0.83,1.0302445572962509,0.2002445572962509
94,train,CCN1CCN(CC1)c2ccc(Nc3cc(ncn3)N(C)C(=O)Nc4c(Cl)c(OC)cc(OC)c4Cl)cc2,3.7,3.7475548096099542,0.04755480960995406
3333,train,Oc1c2ncc3ccccc3c2nn1c4ccc(Cl)cc4,1.52,1.6816349662265297,0.16163496622652973
3901,train,CC(C)(Cc1cccc(CC(=O)NCc2cccc(c2)c3ccc(O)cc3)c1)NC[C@H](O)c4ccc(O)c(NS(=O)(=O)C)c4,1.91,2.1175164622393545,0.2075164622393546
1788,train,COc1cc(ccc1Nc2ncc(Cl)c(Oc3cccc(NC(=O)C=C)c3)n2)N4CCN(C)CC4,3.9,3.870236331286307,-0.029763668713692848
2660,train,COc1ccc(Nc2cc(Oc3cc(C)c(C)nc3c4ccccn4)ccn2)cc1,3.51,3.441487540429515,-0.06851245957048491
3467,train,CN(C)C(=O)Nc1ccc(CN2NC(=O)C3=C(C2=O)C(=O)c4ccc(Cl)cc4N3)cc1,1.1,1.0808446481541933,-0.019155351845806745
1480,train,COCCNS(=O)(=O)c1ccc(Nc2nccc(n2)c3cnc4cccnn34)cc1,2.8,2.659513958774019,-0.14048604122598096
99,train,CCN(CCN(C)C)S(=O)(=O)c1ccc(cc1)c2cnc(N)c(n2)C(=O)Nc3cccnc3,2.0,2.103001605780038,0.10300160578003803
2437,train,CS(=O)(=O)c1ccc(cc1)C(CCNC(=O)c2ccc(cc2)C#N)c3ccc(F)cc3,2.9,2.684257522038674,-0.21574247796132573
560,train,O[C@]1(CN2CCC1CC2)C#Cc3ccc(Oc4ccc(cc4)C(=O)NC5CCCS(=O)(=O)C5)cc3,1.4,1.3267255173061616,-0.0732744826938383
3466,train,O[C@H](CNC(=O)c1cccc(c1)C#N)CN2CCC(CC2)Oc3ccc(Cl)c(Cl)c3,3.48,3.5971810509052675,0.11718105090526754
318,train,CN1CCN(CC1)c2ccc(NC(=O)c3oc(Nc4ccccc4F)nn3)cn2,2.36,2.753156490284526,0.39315649028452615
2879,train,COc1cc2ncnc(Nc3cccc(Cl)c3F)c2cc1CN(C)[C@H](C)C(=O)N,3.44,3.465293445985602,0.025293445985602236
628,train,NC(=N)NCCC[C@H](NC(=O)COCC(c1ccccc1)c2ccccc2)C(=O)O,0.18,0.14273706158425403,-0.03726293841574596
2355,train,Fc1ccccc1C(=O)Nc2c(cnn2c3ccccc3)C#N,1.7,1.7527816544620494,0.05278165446204941
3275,train,CC(C)n1c(C)ncc1c2nc(Nc3ccc(cc3)N4CC[C@H](C4)NC(=O)C)ncc2F,3.3,3.1980817041748937,-0.10191829582510614
65,train,COc1cc2ncc(C(=O)N)c(Nc3ccc(F)cc3F)c2cc1NCCN(C)C,1.91,2.0813143359836768,0.17131433598367685
2378,train,C[C@H](CO)Nc1nc(SCc2ccccc2)nc3NC(=O)Sc13,2.86,2.6668787940383303,-0.1931212059616696
2292,train,CNc1ccc2ncc(c3cccc(O)c3)n2n1,2.99,2.645270944903331,-0.34472905509666907
93,train,COC(=O)[C@H]1[C@@H](O)CC[C@H]2CN3CCc4c([nH]c5ccccc45)[C@@H]3C[C@H]12,1.65,1.7439132296655706,0.0939132296655707
503,train,CCN(C1CCN(CCC(c2ccccc2)c3ccccc3)CC1)C(=O)NCc4ccccc4,4.0,3.5968407303074987,-0.40315926969250127
4019,train,CC(C)CCOc1ccc(N)cc1,2.67,2.043605258829289,-0.6263947411707109
3708,train,OC(c1ccccc1)c2ccc3C(=O)C=C(Nc3c2)c4cccnc4,2.27,1.9765661703831712,-0.29343382961682885
679,train,CC[C@H](NC(=O)c1c(N)c(nc2ccccc12)c3ccccc3)c4ccccc4,3.89,3.3007211709172997,-0.5892788290827005
816,train,CC(C)CN1C(=O)N(C)C(=O)c2c1sc(Cc3ccnc4ccccc34)c2C(=O)N5C[C@H](O)CO5,2.14,2.08416876596488,-0.055831234035120136
727,train,CC[C@@H](NC1=C(Nc2cccc(C(=O)N(C)C)c2O)C(=O)C1=O)c3ccccc3,2.14,2.146588059013794,0.006588059013793668
1170,train,CCCc1c(O)c(ccc1OCCCCSCC(=O)O)C(=O)C,1.3,1.0580121534318387,-0.2419878465681613
338,train,Cc1cc(Oc2ccc3OCOc3c2)nc(Oc4ccc(cc4)n5ccnc5)n1,3.47,3.344859771033967,-0.12514022896603327
4056,train,COc1cc(F)ccc1c2cc(CNC3CCCC3)ccn2,1.71,2.065973536421142,0.3559735364211418
3814,train,CCO\N=C(\C1CCN(CC1)C2(C)CCN(CC2)C(=O)c3c(Cl)cncc3Cl)/c4ccc(Br)cc4,4.0,3.5628802632641827,-0.4371197367358173
1357,train,Cc1c[nH]c(\C=C\2/C(=O)Nc3ccccc23)c1CCC(=O)O,1.2,1.2597248438371649,0.05972484383716492
518,train,C(N(Cc1ccccc1)c2nn[nH]n2)c3ccccc3,1.37,1.2226464640253134,-0.1473535359746867
1720,train,CN[C@@H](C)C(=O)N[C@@H](C1CCCCC1)C(=O)N[C@H]2CCCN(CCCc3ccccc3)C2,2.6,2.4653308335664352,-0.13466916643356486
2074,train,Clc1ccc(CNc2nc(nc3ncccc23)N4CCN(CC4)C(=O)[C@@H]5CCCN5)c(Cl)c1,2.41,2.296562831925933,-0.11343716807406734
168,train,COc1ccc(Cn2cc3N(CC(C)C)C(=O)N(C)C(=O)c3c2)cc1,3.52,3.2857706353024554,-0.23422936469754463
3458,train,Nc1nc2ccc(Cl)cc2c3nc(nn13)c4occc4,3.98,3.6651974751621457,-0.3148025248378543
941,train,Clc1ccc(cc1)c2oc(cc2)C(=O)N(Cc3ccccn3)c4ccc(cc4)N5CCNCC5,3.0,2.906112101226932,-0.09388789877306802
3658,train,Clc1ccc(Cl)c(c1)S(=O)(=O)Nc2nc(cs2)c3sccc3Cl,2.11,1.7363061437410972,-0.3736938562589027
3060,train,Cc1cc(O)nc(n1)n2nc(C)c(Oc3ccccc3O)c2C,1.4,1.7733127020619395,0.37331270206193956
491,train,FC(F)(F)Oc1ccc(CNC(=O)C2N(CC3CC(F)(F)C3)C(=O)c4ccccc24)cc1,3.9,4.054756413373332,0.15475641337333235
251,train,CC(C(=O)O)n1c(C)c(Sc2ccc(Cl)cc2)c3cc(Cl)ccc13,3.56,3.4610035004152833,-0.09899649958471679
4184,train,NCC(O)(c1ccc(Cl)cc1)c2ccc(Cl)cc2,2.69,1.9964381904029134,-0.6935618095970866
3439,train,CN1CCCC(CC1)N2N=C(Cc3ccc(Cl)cc3)c4ccccc4C2=O,2.46,2.2692826995423063,-0.19071730045769364
3460,train,CCN(CC)CCN1C(=O)CN=C(c2ccccc2F)c3cc(Cl)ccc13,2.38,2.307406861310191,-0.07259313868980888
1334,train,CC(C)CN1C(=O)N(C)C(=O)c2c1sc(Cc3ccccc3C(F)(F)F)c2C(=O)N4C[C@H](O)CO4,3.15,3.094704621957471,-0.05529537804252893
2471,train,COc1ccccc1O[C@H]([C@@H]2CNCCO2)c3ccccc3,0.9,0.9858332467534674,0.08583324675346737
4147,train,COCCNCc1ccc(cc1)c2cc(C(=O)N)c(NC(=O)N)s2,0.87,1.0543569999746065,0.18435699997460653
977,train,Oc1ncc(NCc2ccccc2)c(O)n1,0.82,1.13441566605706,0.31441566605705995
3274,train,CCCCCOC(=O)NC1=NC(=O)N(C=C1F)[C@@H]2O[C@H](C)[C@@H](O)[C@H]2O,0.67,0.7680326740992598,0.09803267409925975
1509,train,CCC1(C)CC(=O)NC1=O,0.23,0.6558562645345987,0.4258562645345987
3252,train,CCC(N(CCCN)C(=O)c1ccc(C)cc1)C2=Nc3ncccc3C(=O)N2Cc4ccccc4,-0.04,0.01107229316345748,0.05107229316345748
4090,train,CCCCC(NC(=O)CC1CCN(Cc2ccn(c2)c3ccc(cc3)C(F)(F)F)CC1)C4=CNC(=O)C=C4,2.89,2.9890284858596368,0.09902848585963664
3774,train,Cc1ccccc1CN2CCC(CC2)N3CCC(CC3)N4C(=O)Nc5ccccc45,2.68,2.677155665270385,-0.0028443347296152055
1523,train,Cc1cc(ccn1)c2ccc(cc2)c3nc4ccncc4c(O)c3C#N,1.6,1.911896014516159,0.3118960145161589
283,train,CN1CCN2C(C1)c3ccccc3Cc4cccnc24,2.82,2.436007501263099,-0.3839924987369008
914,train,Cc1ccc(OC(=O)N2CCN3CCC2CC3)cc1,1.02,1.261528444671959,0.241528444671959
1567,train,CC(C)C[C@H](NC(=O)N1CCOCC1)C(=O)N[C@@H](CCc2ccccc2)\C=C\S(=O)(=O)c3ccccc3,3.4,3.1101154715203574,-0.2898845284796425
1767,train,CCCSc1nc(N[C@@H]2CC[C@H](CC2)C(=O)O)ccc1C(=O)NC3CCCCC3,2.02,2.1181527648676384,0.09815276486763835
1008,train,O=C(Nc1ccc(Nc2ccc(NC(=O)c3ccccc3)c4C(=O)c5ccccc5C(=O)c24)c6C(=O)c7ccccc7C(=O)c16)c8ccccc8,2.63,2.7399397203695415,0.10993972036954158
520,train,CC(=O)c1ccc(nc1)N2CCN(CC2)S(=O)(=O)C[C@]34CC[C@H](CC3=O)C4(C)C,2.21,2.1631909522552575,-0.04680904774474248
1277,train,O[C@H](CNS(=O)(=O)c1cccc(c1)C#N)CN2CCC(CC2)Oc3ccc(Cl)c(Cl)c3,3.42,3.325101380186518,-0.09489861981348202
3653,train,C[C@H](Nc1nc(Nc2ncc(C)s2)cc(n1)N3CCN(C)CC3)c4ccc(F)cn4,2.9,3.056431496327958,0.15643149632795827
395,train,COc1cc2ncc(C(=O)N)c(Nc3ccc(F)cc3)c2cc1OC,2.82,2.675376416512136,-0.14462358348786397
961,train,COc1cc(ccc1Cn2ccc3ccc(cc23)C(=O)NCC4CCCC4)C(=O)NS(=O)(=O)c5ccccc5,1.93,1.9210307973632679,-0.008969202636732065
557,train,CCCSc1nc(NC[C@@H]2CC[C@H](CC2)C(=O)O)ccc1C(=O)NC3CCCCC3,2.61,2.5323538704953577,-0.07764612950464223
3122,train,CC(C)C(NC(=O)CN1C(=O)C(=CC=C1c2ccccc2)NC(=O)C)C(=O)C(F)(F)F,1.78,1.6695554121042626,-0.11044458789573741
754,train,Fc1cccc2[nH]c3CCN(Cc3c12)C(=O)[C@@H]4CCCC[C@H]4C(=O)NC5(CC5)C#N,3.2,3.179249833017092,-0.02075016698290799
2598,train,CC(N1C(=O)c2ccccc2C1=O)C(=O)N3CCc4ccccc4C3,2.47,2.2789004457822615,-0.19109955421773872
1753,train,CN1CC(=O)N2[C@H](Cc3c([nH]c4ccccc34)[C@H]2c5ccc6OCOc6c5)C1=O,2.6,2.633805407177541,0.0338054071775411
3173,train,CCN(C1CCN(CC[C@@H](c2ccccc2)c3ccc(cc3)S(=O)(=O)C)CC1)C(=O)Cc4ccc(cc4)S(=O)(=O)C,1.38,2.377853112235091,0.9978531122350911
3199,train,Cc1ccc2c(c1)c(Sc3ccc(cc3)S(=O)(=O)C)c(C)n2CC(=O)O,-0.08,0.05330610796644608,0.1333061079664461
1294,train,N\C(=C(/C#N)\c1ccccc1C(F)(F)F)\Sc2ccc(N)cc2,3.4,3.3320940485973938,-0.06790595140260614
3929,train,Nc1nccc2ccccc12,1.5,1.795074219134827,0.295074219134827
698,train,Cc1c(c2c(NS(=O)(=O)C)cccc2n1CC(=O)O)S(=O)(=O)c3ccc(Cl)cc3,-0.83,-1.043707138031118,-0.21370713803111807
110,train,Nc1c2CCN(c3ccccc3)c2nc4ccc(Br)cc14,3.12,3.097998403076628,-0.022001596923372002
2091,train,NC(=O)c1cnc(N[C@H]2CCCNC2)c3cc(sc13)c4ccc(Cl)cc4,2.78,2.516394831309686,-0.2636051686903138
3741,train,Cc1cc(N)c2cc(NC(=O)CC(=O)Nc3ccc4nc(C)cc(N)c4c3)ccc2n1,1.35,1.0390771912366508,-0.3109228087633493
635,train,FC(F)Oc1ccc(cc1OCC2CC2)C(=O)Nc3c(Cl)cncc3Cl,3.95,3.515616759481701,-0.434383240518299
2951,train,CN1CCN(CC1)C(=O)c2cc(sc2NC(=O)N)c3ccccc3,2.17,1.9057444466431601,-0.2642555533568398
1907,train,CCc1c(C)nc2sc(C(=O)N)c(N)c2c1C,2.62,2.6213112599244353,0.0013112599244351486
457,train,NC(=O)Nc1sc(cc1C(=O)N)c2ccc(CNC3CCCC3)cc2,1.22,1.637829485633719,0.417829485633719
643,train,NS(=O)(=O)c1ccc(CCNc2ccc3nnc(c4ccccc4)n3n2)cc1,2.19,2.1460668857609866,-0.04393311423901336
1150,train,CC1=CN(C2CCCN(Cc3cccc(Oc4ccc(C)cc4)c3)C2)C(=O)NC1=O,3.38,3.2994032906408908,-0.08059670935910912
2069,train,COc1ccc2C(=NC(=O)N(CCN3CCC(CC3)NCc4cc5OCCOc5cn4)c2c1)C,0.29,0.36474407527801334,0.07474407527801336
825,train,Oc1cc(O)cc(\C=C\c2ccc(O)c(O)c2)c1,2.11,2.160261094487712,0.05026109448771221
3622,train,CCN(C1CCN(CC[C@H](N2CCN(CC2)S(=O)(=O)C)c3cc(F)cc(F)c3)CC1)C(=O)Cc4ccc(cc4)S(=O)(=O)C,1.25,1.4497044411759274,0.19970444117592745
2643,train,Clc1cccc(Cl)c1\C(=C\n2cncn2)\OC3CCCCCC3,4.1,4.172248008266787,0.07224800826678734
1235,train,CN1CCN(CC1)C(=O)c2cc3cc(Cl)ccc3[nH]2,2.4,2.5729257069496385,0.1729257069496386
2124,train,CS(=O)(=O)c1ccc(s1)C(=O)NC[C@@H](O)CN2CCC(CC2)Oc3ccc(Cl)c(Cl)c3,2.86,2.9692791349275414,0.10927913492754149
1336,train,COc1cc2ncnc(Nc3ccncc3)c2cc1OC,2.22,2.257939451740477,0.03793945174047675
3176,train,Cn1ncc2C(=O)NC(=Nc12)c3ccccc3,1.61,2.2744823445022706,0.6644823445022705
1197,train,NC(=O)c1cncc(c1)c2ccc(cc2)[C@@H]3CC[C@@H](CC(=O)O)CC3,0.22,0.2779176361249036,0.05791763612490361
1967,train,Cn1c(CN2CCN(CC2)c3cccc(Cl)c3)nc4ccccc14,3.75,3.9144085910284065,0.16440859102840655
3727,train,NC1(CCN(CC1)c2ncnc3[nH]ccc23)C(=O)N[C@@H](CCN4CCCCC4)c5ccc(Cl)cc5,2.4,2.508766181934286,0.108766181934286
2582,train,COc1ccc(cc1)c2nc3c(OCC4CCNCC4)c(Br)cnc3[nH]2,1.55,1.4954165416587206,-0.05458345834127942
2884,train,CC(C)(C)OC(=O)N1CCN(CC1)c2ncc(OCc3ccncc3C#N)cn2,2.81,2.9487139662730057,0.1387139662730057
3264,train,CC1=C(Oc2c(cccc2C1=O)C(=O)OCCN3CCCCC3)c4ccccc4,3.42,3.358823163686637,-0.061176836313363125
1716,train,Nc1c(nnc2c(cccc12)c3ncccn3)C(=O)NC4CC4,1.5,1.7336756427275737,0.23367564272757368
2403,train,CC(C)[N+](C)(CCOC(=O)C1c2ccccc2Oc3ccccc13)C(C)C,0.2,0.16098735060774416,-0.03901264939225585
2198,train,CC1=CN([C@H]2CCCN(C2)[C@H](CC3CCOCC3)c4ccc(C(=O)O)c(Oc5cccc(Cl)c5)c4)C(=O)NC1=O,-0.25,0.2954956063895158,0.5454956063895158
1835,train,CCN(C)C(=O)c1ccc(cc1)C(=C2CCN(Cc3ccc(F)cc3)CC2)c4ccccc4NC(=O)C,2.79,3.040405267670319,0.250405267670319
3775,train,O=C(CSc1ccccc1)N2CCN(CC2)c3ccccc3,3.2,2.8830962099519204,-0.3169037900480798
3092,train,CC(C)N1CCC[C@H](CN2C(=O)c3cc(ccc3N=C2C(C)C)c4ccc(F)cc4)C1,3.6,3.4040818007762175,-0.19591819922378262
868,train,CCCNCC(O)COc1ccccc1C(=O)CCc2ccccc2,1.72,1.7448561463673276,0.02485614636732758
377,train,CCNC(=O)C[C@@H]1N=C(c2ccc(Cl)cc2)c3cc(OC)ccc3n4c(C)nnc14,2.46,2.57811560729111,0.11811560729110981
978,train,COc1cc(ccc1Nc2ccccc2C(=O)O)c3ccc(Nc4ccccc4C(=O)O)c(OC)c3,1.8,1.4297307695399082,-0.37026923046009186
3842,train,Cc1[nH]c2ccccc2c1CCNCc3ccc(\C=C\C(=O)NO)cc3,1.1,1.3416496123192507,0.24164961231925064
328,train,CC(C)C(NC(=O)CN1C(=O)C(=CN=C1c2ccccc2)NC(=O)OCC(F)(F)F)C(=O)C(F)(F)F,2.37,2.1037662362106757,-0.2662337637893244
227,train,Cc1cc(OC2CCN(CC3CCN(CC3)[C@@](C)(Cc4ccc(F)cc4)C(=O)O)CC2)ccc1Cl,2.08,2.3684742849759233,0.2884742849759232
2778,train,Fc1ccc(cc1)C(=O)C2CCN(CC2)C(=O)NCc3ccccc3,3.15,3.0695466023972164,-0.08045339760278347
1222,train,COC[C@H](C)Oc1cc(Oc2ccccc2)cc(c1)C(=O)Nc3ccc(cn3)C(=O)O,0.95,1.2889244009402354,0.33892440094023546
2713,train,COc1ccccc1CNC(=O)c2ccc3cnccc3n2,1.8,2.1561779241916295,0.3561779241916294
1412,train,COc1cc(OC2CCN(C)CC2)c3c(Nc4c(Cl)ccc5OCOc45)ncnc3c1,2.98,2.9817732574713123,0.001773257471312295
3587,train,Fc1ccc(cc1Cl)S(=O)(=O)NCC(N2CCCCCC2)c3ccccc3,3.98,3.834994023619421,-0.14500597638057888
1861,train,C[C@H](NC(=O)c1c(C)nn(C2CCSCC2)c1NS(=O)(=O)c3ccc(C)cc3)C(C)(C)C,1.29,1.3256665533869478,0.0356665533869478
3703,train,OC(=O)[C@H](Cc1ccc(cc1)C#N)N2CCC(CN3CCC(CC3)Oc4ccc(Cl)c(Cl)c4)CC2,2.17,2.0888260048763017,-0.08117399512369827
359,train,CC(C)n1ncc2c(cc(nc12)C3CC3)C(=O)NCc4c(C)cc(C)nc4O,3.8,3.7251546250807555,-0.07484537491924437
1625,train,O[C@@H](CNCCCOCCOCCc1ccccc1)c2ccc(O)c3NC(=O)Sc23,1.09,1.2452396771363956,0.15523967713639553
1671,train,COc1c(N2CCNC(C)C2)c(F)cc3C(=O)C(=CN(C4CC4)c13)C(=O)O,-0.82,-0.6778798834641542,0.14212011653584578
1973,train,Cc1ccc2c(c1)c(c(C)n2CC(=O)O)c3ccnc4c(cccc34)S(=O)(=O)C,-0.34,0.04114138534592726,0.3811413853459273
3134,train,CCS(=O)(=O)c1ccc(Oc2c(C)n(CC(=O)O)c3ccc(cc23)C(F)(F)F)cc1,0.29,0.3160469478657024,0.02604694786570244
361,train,Clc1ccc(NS(=O)(=O)c2ccc(Cl)s2)c(c1)C(=O)Nc3ccc(cc3)S(=O)(=O)N4CCOCC4,3.02,3.1088361695981312,0.08883616959813123
962,train,NC1=NN(CC1)c2cccc(c2)C(F)(F)F,2.55,2.475386895351024,-0.07461310464897597
3478,train,O=C1C=C(Nc2cc(Cc3ccccc3)ccc12)c4cccnc4,3.46,3.055434902994357,-0.4045650970056429
1154,train,OC(=O)c1ccc2c(c1)nc(Nc3cccc(Cl)c3)c4ccncc24,1.29,1.1635095304471819,-0.12649046955281817
410,train,CN(C)CCCN1c2ccccc2CCc3ccccc13,2.49,2.3880187833558986,-0.10198121664410165
3547,train,CN[C@@H](C)C(=O)N[C@@H](C1CCCCC1)C(=O)N[C@H]2CCCN(CCc3ccc(F)cc3)C2,2.39,2.311652276461491,-0.07834772353850905
2487,train,Oc1cc(O)c2C(=O)c3ccccc3Oc2c1,3.39,3.43823831756089,0.04823831756089003
1740,train,O=C(C1CCN(CC1)c2nnc(s2)n3cccc3)N4CCc5ccccc5C4,3.7,3.3128924868638,-0.38710751313620007
867,train,O[C@]1(CN2CCC1CC2)C#Cc3ccc(Oc4ccc(cc4)C(=O)NCc5ccnc6ccccc56)cc3,3.88,3.735840907873853,-0.14415909212614686
2049,train,O=C(N1CCN(CC1)c2ccccn2)c3cccc(CC4=NNC(=O)c5ccccc45)c3,2.36,2.3722143975557284,0.012214397555728507
3337,train,CC1(C)CNC(=O)c2sc(nc2C1)N3CCOCC3,1.29,1.2319240502732152,-0.05807594972678487
3052,train,CCS(=O)(=O)c1ccc(c(Cl)c1)c2cc(Cl)ccc2OCC(=O)O,-0.43,-0.6143776200534039,-0.1843776200534039
3679,train,COc1cc(OC)c(cc1NC(=O)CCC(=O)O)S(=O)(=O)N2C(C)CCc3ccccc23,-0.87,-0.6047566828185285,0.26524331718147154
660,train,Cc1c(Sc2ccc(Cl)cc2)c3ccc(cc3n1CC(=O)O)S(=O)(=O)C,0.79,0.754093853769068,-0.03590614623093202
2259,train,NC(=O)c1cccc(C[C@@H]2C[C@H]3CC[C@@H](C2)N3Cc4ccccc4)c1,1.11,1.237059249493663,0.12705924949366287
3910,train,NC(=O)Cc1nc(cs1)c2ccccc2,1.3,1.532368364639249,0.23236836463924893
3544,train,CN1CCC(CC1)NC(=O)c2ccc(Oc3ccc(cc3)C#C[C@]4(O)CN5CCC4CC5)cc2,1.0,1.3344091568886798,0.3344091568886798
1172,train,CCc1nc2cc(O)ccc2c(Oc3ccc(\C=C\C(=O)O)cc3)c1c4ccccc4,3.0,2.9778892869469873,-0.02211071305301271
3503,train,O[C@@H](CNCCc1cccc(CNCCc2ccccc2F)c1)c3ccc(O)c4NC(=O)Sc34,1.06,1.1900880598158952,0.1300880598158951
4164,train,COc1cc(Nc2nc3c(cc2F)ncn3[C@@H](CO)c4ccc(F)cn4)n[nH]1,2.18,2.502565413688213,0.322565413688213
1471,train,CCCSc1nc(N[C@@H]2C[C@H]2c3ccccc3)c4nnn([C@@H]5C[C@@H]([C@@H](O)[C@H]5O)C(=O)N)c4n1,2.05,2.3471477028626317,0.2971477028626319
1913,train,Cc1cc(CNc2ncc(Cl)c(Nc3cc(C)[nH]n3)n2)on1,2.68,2.3913417187734693,-0.2886582812265308
1585,train,COC(=O)[C@@H]1C2CCC(C[C@@H]1c3ccc(I)cc3)N2CCCF,2.3,1.847015174050696,-0.4529848259493039
3585,train,CN(C)C(=O)N1CCC(CC1)C(=O)NCc2cccs2,1.1,1.2623565093612732,0.1623565093612731
495,train,CCCc1c(OCCCSc2ccc(CC(=O)O)cc2Cl)ccc3c(CC)noc13,3.92,3.870213290525594,-0.049786709474406
16,train,COc1ccc(cc1)N2CCN(CC2)C(=O)[C@@H]3CCCC[C@H]3C(=O)NCC#N,1.6,1.625068215643517,0.02506821564351691
3287,train,CNc1cccc(CCOc2ccc(C[C@H](NC(=O)c3c(Cl)cccc3Cl)C(=O)O)cc2)n1,-0.15,-0.5179810217665684,-0.36798102176656833
912,train,NC1CCN(CC1)c2nccc(C(=O)NCC34CC5CC(CC(C5)C3)C4)c2Cl,1.19,1.562357458844284,0.37235745884428395
1316,train,Nc1[nH]ncc1S(=O)(=O)c2ccccc2,1.1,0.8514621222346226,-0.2485378777653775
3181,train,CCN1CCC[C@H]1CNC(=O)c2cc(Br)cc(OC)c2OC,1.2,0.9072659328499675,-0.2927340671500325
1326,train,CCC1(CCC(=O)NC1=O)c2ccc(N)cc2,0.6,0.05110525148793421,-0.5488947485120658
851,train,CC(=O)C1=CN(Cc2ccccc2)C(=O)N(Cc3ccc(F)cc3)C1=O,3.2,2.798542815859229,-0.40145718414077125
2222,train,C[C@H](O)C(=O)N1CCN(CC1)c2ccc(Nc3nccc(n3)c4cnc(C)n4C(C)C)cc2,2.15,2.302745833169184,0.15274583316918422
3301,train,Cc1nnc(NS(=O)(=O)c2ccc(N)cc2)s1,-1.33,-1.0096603677477733,0.3203396322522267
2118,train,CN(C)C(=O)N[C@@H]1CC[C@@H](CCN2CCN(CC2)c3cccc(Cl)c3Cl)CC1,3.6,3.484920447782681,-0.11507955221731914
2342,train,Fc1ccc(CC2=NNC(=O)c3ccccc23)cc1C(=O)N4CCN(CC4)c5ccccn5,2.55,2.2952879817770997,-0.2547120182229001
1595,train,Cc1ccc(cc1)S(=O)(=O)NC(=O)N2CCC(CC2)N3CCC(CC3)Oc4ccc(F)c(F)c4,0.75,1.0324354669273998,0.28243546692739985
2412,train,Nc1n[nH]c2nnc(c3ccccc3)c(c4ccccc4)c12,2.6,2.1406449792760425,-0.4593550207239576
78,train,CC(=O)Nc1ccc2c(c1)c(cn2CCCO)c3cc(NC4CC4)n5ncc(C#N)c5n3,2.48,2.3855958853258383,-0.09440411467416165
2357,train,C[C@H](Cc1cccc(CC(=O)NC23CC4CC(CC(C4)C2)C3)c1)NC[C@H](O)c5ccc(O)c(CO)c5,2.4,2.3499452995599244,-0.05005470044007554
3394,train,CC(C)CC1(CC=C)C(=O)NC(=O)NC1=O,1.48,1.3573197362516418,-0.12268026374835816
712,train,CC1CC(CN)CC(CO)C1,-1.4,-1.2511987751636737,0.14880122483632618
3292,train,COc1nc(Cl)cnc1NS(=O)(=O)c2cccc3c(cccc23)N(C)C,1.74,1.914753031599083,0.17475303159908306
4189,train,CCC(N1NC(=O)c2nc3cc(Cl)ccc3c(O)c2C1=O)c4ccccn4,0.8,1.0364740391138805,0.23647403911388043
169,train,COc1cc2c(Nc3ccc(Cl)cc3F)ncnc2cc1OCCn4cncn4,3.2,3.2442652132892613,0.04426521328926114
2756,train,Cc1onc(CO)c1C(=O)Nc2nccs2,1.53,1.8145201427000635,0.2845201427000634
3916,train,CN1CCN(CC1)C2=Nc3ccccc3Nc4sc(C)cc24,2.19,2.3003528826527657,0.11035288265276577
655,train,Cc1cc(OC2CCN(CC3CCN(CC3)[C@@H](Cc4ccc(F)cc4)C(=O)O)CC2)ccc1Cl,2.54,2.2570258734375135,-0.28297412656248655
1897,train,c1ccc2[nH]ncc2c1,1.9,2.0315371137828384,0.1315371137828385
343,train,OC(=O)C[C@H]1[C@@H](Cc2ccccc12)NC(=O)c3cc4sc(Cl)c(Cl)c4[nH]3,2.53,2.0525905430220983,-0.4774094569779015
2056,train,COc1cc2ncnc(Nc3cccc(Cl)c3F)c2cc1CN4CCC[C@@H]4C(=O)N,3.58,3.390322453496691,-0.18967754650330892
301,train,NC12CC3CC(CC(C3)C1)C2,-0.98,0.17668638556793237,1.1566863855679324
2594,train,Oc1ccc(CCNCCS(=O)(=O)CCCOCCNc2ccccc2)c3sc(O)nc13,1.98,2.16490673159337,0.18490673159337012
2427,train,CCOc1ccccc1c2ccc(cc2)c3nc4ccc(F)cc4c(C(=O)NCCOCCN)c3C,2.46,2.398582190575064,-0.06141780942493602
3013,train,COc1cc2nnc(C(=O)N)c(Nc3cc(C)ccc3F)c2cc1N4CCN(C)CC4,2.57,2.6023025896208543,0.032302589620854416
3149,train,CN1CC=CCC(C1)c2ccc(Cl)c(Cl)c2,3.32,3.028063640984501,-0.29193635901549886
592,train,O=C(Nc1ccccc1)c2oc3ccccc3c2,3.44,3.141197730044494,-0.29880226995550574
615,train,CC(C)N1CCC[C@H](CN2C(=Nc3ccc(cc3C2=O)c4ccc(Cl)cc4)C)C1,3.3,3.2330566805928447,-0.06694331940715514
3355,train,C[C@H](COc1cn2ncnc(Oc3ccc4[nH]c(C)cc4c3F)c2c1C)OC(=O)[C@H](C)N,3.19,3.0010032709481944,-0.18899672905180553
3152,train,CC[C@H](CO)Nc1nc(SCc2ccccc2)nc3nc(N)sc13,3.27,3.095112338110809,-0.17488766188919103
3487,train,CS(=O)(=O)c1ccc(cc1)c2cc(ccc2OCC(=O)O)C(F)(F)F,-0.87,-0.7132363322213626,0.15676366777863737
3102,train,C[C@H](NC(=O)C)c1ccc(Nc2ncc3cc(ccc3n2)c4ccncc4)cc1,3.17,3.1036689473184866,-0.06633105268151329
158,train,CC(C)CN1C(=O)N(C)C(=O)c2c1sc(Cn3c(C)nc(Cl)c3Cl)c2C(=O)N4CC[C@@H](O)C4,1.61,1.8831061635940938,0.2731061635940937
3103,train,OC(=O)COc1ccc(cc1c2ccccc2)c3nccs3,-0.16,0.03254399443662637,0.19254399443662637
3329,train,CSc1nc(N)nc(n1)c2ccccc2,2.98,2.862689716552237,-0.11731028344776284
4194,train,CC1CC(N(C(=O)C)c2ccccc2)c3ccccc3N1S(=O)(=O)c4ccccc4,3.68,3.1746481728356053,-0.5053518271643949
578,train,COc1cc(ccc1Cn2ccc3ccc(NC(=O)OC4CCCC4)cc23)c5nn[nH]n5,2.7,2.79627815713531,0.09627815713530996
219,train,C(CN1CCCCC1)C2CCc3cc(OCc4ccc(cc4)c5ccccc5)ccc3C2,3.3,3.132033372637274,-0.1679666273627256
3413,train,CC(C(=O)O)c1cccc(Oc2ccccc2)c1,0.71,0.863616973672602,0.15361697367260208
2013,train,CN1C(=O)N(CC2CC2)c3nn(Cc4ccnc5ccc(Cl)cc45)c(c6cc(cn6C)S(=O)(=O)C)c3C1=O,3.18,3.189789556476791,0.009789556476790917
1933,train,O=C1NC(=NC(=C1C#N)c2ccccc2)SCc3ccccc3,1.56,1.5061982390112991,-0.05380176098870093
1730,train,CCOC(=O)c1ccc(OCCC2CCN(CC2)c3ccc(C)nn3)cn1,2.63,2.898768645830588,0.26876864583058824
3594,train,CC(C)N1CCN(Cc2cnc(c(C)c2)c3ccc(cc3)C(=O)Nc4ccccc4N)CC1,1.44,1.4973628139354025,0.057362813935402546
2353,train,COc1ccc(CC(C)(C)NC[C@H](O)c2cc(O)cc3NC(=O)COc23)cc1,0.79,0.848745498147286,0.05874549814728591
1148,train,O=C(N[C@H]1CN2CCC1CC2)c3ccc(s3)c4ccccc4,1.9,1.8504266416278066,-0.049573358372193344
1886,train,Cc1cnc(NS(=O)(=O)c2ccccc2)c(C)n1,-0.03,0.39108626045546746,0.4210862604554675
4031,train,NC(=O)Nc1cc(sc1C(=O)N)c2ccsc2,2.3,2.416654305812996,0.1166543058129963
554,train,OC(=O)c1ccc(cc1)c2ccc(Cl)c(c2)C(=O)NCC34CC5CC(CC(C5)C3)C4,2.48,2.085305279280803,-0.3946947207191971
916,train,CCN(CC)C(=O)c1ccc(C2=CC3(CCNCC3)Oc4ccccc24)c(O)c1,0.77,0.8111364361510578,0.041136436151057776
1481,train,Cc1c(Sc2ccc(Cl)cc2)c3c(cccc3n1CC(=O)O)c4ccccc4,2.61,2.478158246674251,-0.131841753325749
1290,train,Oc1ccc(cc1)c2oc3ccc(O)cc3n2,3.4,3.337473342635974,-0.06252665736402596
3028,train,CC(C)C(=O)Nc1ccc2C(=O)NC(=O)c2c1,1.55,1.7120041453654185,0.1620041453654184
333,train,O=C1CCOc2nc(\C=C\c3ccccc3)ccc12,3.2,3.421277548941985,0.22127754894198493
1791,train,COc1cc(F)ccc1c2cncc(CNC(=O)C3CC3)c2,2.9,2.583906160319819,-0.3160938396801809
2133,train,NC(=N)NC(=O)c1nc(Cl)c(NCc2ccncc2)nc1N,-0.51,-0.23061065587449514,0.27938934412550487
1289,train,CN1CCC[C@H]1c2ccccn2,0.44,0.9434457910464586,0.5034457910464587
2033,train,Clc1ccc(cc1C(=O)NCCc2ccccc2)N3N=CC(=O)NC3=O,0.74,0.8163631443059465,0.07636314430594648
43,train,CCS(=O)(=O)c1ccc(c(C)c1)c2cc(ccc2O[C@H](C)C(=O)O)C(F)(F)F,-0.4,0.18169617217458867,0.5816961721745887
2990,train,Clc1ccc(cc1)S(=O)(=O)NC(=O)N2CCC(CC2)N3CCC(CC3)Oc4ccc(Cl)c(Cl)c4,2.59,2.1330966717004745,-0.4569033282995254
2705,train,CC(=O)Nc1ccc(Nc2ncc3cc(ccc3n2)c4ccncc4)cc1,3.04,2.8090918845137787,-0.23090811548622137
41,train,CC(C)N(CCC(C(=O)N)(c1ccccc1)c2ccccn2)C(C)C,-0.54,-0.3181929920922184,0.22180700790778163
3848,train,NCC[C@@H](Sc1cc(Cl)ccc1C#N)c2ccccc2,1.26,1.6006370749499421,0.3406370749499421
535,train,CN(C)CCOc1cc(NS(=O)(=O)c2c(Cl)cc(cc2Cl)C(F)(F)F)ccc1Cl,2.99,2.8634370621281713,-0.12656293787182893
1655,train,COc1ccc(cc1CNCCO)c2ccc3c(nc(nc3n2)N4C[C@@H](C)O[C@@H](C)C4)N5CCOCC5,1.31,1.5728421518836542,0.2628421518836541
1962,train,Clc1c(NCC2CCNCC2)nccc1C(=O)NCC34CC5CC(CC(C5)C3)C4,0.6,1.066050558480832,0.466050558480832
1587,train,CC(C)N1CCN(Cc2cnc(c3ccc(cc3)C(=O)Nc4ccccc4N)c(c2)C#N)CC1,1.28,1.2199443959683527,-0.060055604031647336
2920,train,COc1ccc(CC(=O)Nc2nc3ccccc3[nH]2)cc1,2.9,2.651068346407256,-0.24893165359274372
3426,train,COc1c(N2C[C@@H]3CCCN[C@@H]3C2)c(F)cc4C(=O)C(=CN(C5CC5)c14)C(=O)O,-0.18,-0.46572132357934537,-0.2857213235793454
2103,train,CCc1[nH]c2nc(Sc3cnc4ccc[n+]([O-])c4c3)nc(N5CC[C@@H](N)C5)c2c1Cl,2.0,1.9873885109969147,-0.012611489003085286
235,train,CC1=CN([C@H]2CCCN(C2)S(=O)(=O)c3ccc(O)c(Oc4cccc(c4)C(F)(F)F)c3)C(=O)NC1=O,2.27,2.3917938278960804,0.1217938278960804
1001,train,C[C@H](N)C(=O)N[C@@H](CCc1ccccc1)\C=C\S(=O)(=O)c2ccccc2,1.66,1.608324178736704,-0.05167582126329595
2870,train,CCCS(=O)(=O)c1ccc(Nc2nccc(n2)c3cnc(C)n3C(C)C)cc1,3.37,3.217223556433452,-0.15277644356654818
2751,train,c1ccc2ccccc2c1,3.29,2.6997624661262796,-0.5902375338737205
3006,train,CC(C)n1c(C)ncc1c2ccnc(Nc3ccc(cc3)C(=O)N(C)C)n2,2.45,2.4013644334703583,-0.04863556652964185
287,train,O[C@@H](CNCCSCCCNCCc1ccccc1)c2ccc(O)c3NC(=O)Sc23,0.12,0.6122816946961649,0.4922816946961649
2478,train,OCCNS(=O)(=O)c1ccc2C(=CNC(=O)c2c1)C(=O)NC[C@@H](O)CN3CCC(CC3)Oc4ccc(Cl)c(Cl)c4,2.06,2.1393338639240445,0.0793338639240444
446,train,CNC(=O)[C@H]1CCCN1Cc2cc3c(Nc4cccc(Cl)c4F)ncnc3cc2OC,3.65,3.526759374338329,-0.12324062566167093
3001,train,Fc1ccc(cc1)c2ncn(C3CCNCC3)c2c4ccncc4,0.3,0.42250439109716065,0.12250439109716066
1672,train,OC(=O)[C@H](Cc1ccc(F)cc1)N2CCC(CN3CCC(CC3)Oc4ccc(Cl)cc4)CC2,1.9,2.187878878190119,0.2878788781901189
2768,train,CN[C@@H](C)C(=O)N[C@H](C(=O)N[C@H]1CCCN(CCc2ccc(Br)cc2)C1)C(C)(C)C,2.92,2.4990105873333284,-0.42098941266667156
2281,train,Nc1nc(NCc2ccccc2)nc3c1nc(O)n3Cc4ccccc4,3.69,3.186053572428982,-0.5039464275710182
1037,train,CC(C)CN1C(=O)N(C)C(=O)c2c1sc(Oc3cccc4ccccc34)c2C(=O)N5CC[C@@H](O)C5,2.87,2.994691863612047,0.1246918636120471
509,train,CC1(C)[C@@H]2CC[C@@]1(CS(=O)(=O)NC3CCN(CC3)c4ccc(cn4)C(F)(F)F)C(=O)C2,3.84,3.856068954984737,0.01606895498473726
2311,train,CCS(=O)(=O)c1ccc(c(C)c1)c2cc(ccc2OCC(=O)O)C(F)(F)F,-0.45,-0.42289603955073973,0.027103960449260278
662,train,CN1CCN(CC1)c2ccc3ncc(C(=O)N)c(Nc4ccc(F)cc4F)c3c2,2.3,2.325833346709362,0.025833346709362104
688,train,C[C@]12CC[C@H]3[C@@H](CCc4cc(O)ccc34)[C@@H]1CC[C@@H]2O,3.72,3.6334474805214256,-0.08655251947857456
3742,train,COc1cc2OC[C@H]3Oc4c5C[C@@H](Oc5ccc4C(=O)[C@H]3c2cc1OC)C(=C)C,3.57,3.353042553856866,-0.21695744614313384
933,train,Cc1ccc(cc1)S(=O)(=O)c2ccccc2,2.74,2.518151754063112,-0.22184824593688823
604,train,CC(C)Oc1cc(OCCCN2CCCC2)cc3ncnc(Nc4c(Cl)ccc5OCOc45)c13,3.1,2.8963129960029383,-0.20368700399706174
2392,train,CCc1nc(N)nc(N)c1c2ccc(Cl)cc2,2.31,2.760026921417098,0.450026921417098
4113,train,Nc1n[nH]c2ncc3CCCCCCc3c12,2.54,2.5007130567938445,-0.039286943206155556
497,train,CCOc1ccc(Oc2ccc(cc2)S(=O)(=O)NC(=O)c3cccc(c3)c4ccc(Cl)c(Cl)c4)cc1,2.94,2.9509349950184323,0.010934995018432314
3168,train,CCN[C@H]1C[C@H](C)S(=O)(=O)c2sc(cc12)S(=O)(=O)N,0.27,0.6120604573293913,0.3420604573293913
721,train,c1ccc2ncncc2c1,1.0,1.5355160654145408,0.5355160654145408
2105,train,NC(=O)c1ccccc1O,1.09,1.2654105382786138,0.17541053827861375
1068,train,CN1CCN(CC1)C(=O)c2ccc(cc2)C(=C3CCN(Cc4cscn4)CC3)c5cccc6cccnc56,1.98,2.1212223740154847,0.14122237401548476
2742,train,Nc1ccccc1NC(=O)c2ccccn2,1.0,1.2082045074484355,0.20820450744843555
1590,train,COc1cc2c(Nc3ccc(F)c(Cl)c3)c(cnc2cc1OCCCN4CCN(C)CC4)C(=O)N,1.2,1.7782020363691997,0.5782020363691998
3917,train,Cc1cc(F)ccc1OC2CCN(CC3CCN(CC3)[C@@](C)(Cc4ccc(F)cc4)C(=O)O)CC2,2.0,2.1725134004401054,0.17251340044010544
2943,train,Brc1ccc(s1)S(=O)(=O)NCC(N2CCCCCC2)c3ccccc3,3.52,3.584325291700721,0.0643252917007211
3161,train,OC(=O)C1=CN(C2CC2)c3cc(N4CCNCC4)c(F)cc3C1=O,-0.96,-1.0884443782857516,-0.12844437828575161
213,train,CN[C@@H](C)C(=O)N[C@@H](C1CCCCC1)C(=O)N[C@H]2CCN(C2)C(=O)c3ccccc3,0.82,0.8249845893996117,0.004984589399611772
1347,train,CCC(=O)N[C@H]1CC[C@H](C1)C(=O)N(C)c2ccc(cc2)c3oc4ccccc4n3,3.4,3.583035670702432,0.1830356707024321
1834,train,CC[C@H](NC(=O)c1c([S+](C)[O-])c(nc2ccccc12)c3cccs3)c4ccccc4,3.56,3.426041203320758,-0.13395879667924193
452,train,Fc1ccc(cc1C#N)S(=O)(=O)NCC(N2CCCCCC2)c3ccccc3,2.71,2.850782466714094,0.14078246671409422
2577,train,Cc1oncc1C(=O)Nc2ccc(cc2)C(F)(F)F,3.9,3.833260552611234,-0.0667394473887657
4116,train,CC1(C)NC(=O)N(C1=O)c2ccc(c(c2)C(F)(F)F)[N+](=O)[O-],1.74,1.7592222440512861,0.01922224405128614
2166,train,CNC(=O)c1nc(cnc1N)c2ccc(Cl)c(c2)S(=O)(=O)Nc3cccc(F)c3F,2.8,2.7270844620130834,-0.07291553798691641
3187,train,COc1cccc(\C=C\2/SC(=O)NC2=O)c1N3CCC[C@@H](N)C3,1.27,1.4382805015781206,0.16828050157812058
3583,train,O=C(NCc1ccccc1)c2cccnc2Oc3ccccc3,3.0,2.781393122835242,-0.21860687716475802
3566,train,Cc1onc(C)c1CCC2CCN(CC2)S(=O)(=O)CC3(CCC(F)(F)CC3)N(O)C=O,2.1,1.8142602140003954,-0.2857397859996047
3387,train,CN[C@@H](C)C(=O)N[C@@H](C1CCCCC1)C(=O)N[C@H]2CCCCN(Cc3ccccc3)C2,2.12,2.0916559871088225,-0.028344012891177606
4151,train,Cc1cc(n[nH]1)c2ccc(Cl)c(c2)C(=O)NCC3(O)CCCCCC3,3.41,2.8656885654693456,-0.5443114345306546
302,train,CNC(=O)c1cc(c2nc(cc(n2)C3(CC3)S(=O)(=O)C)N4CCOCC4)c5cc[nH]c5c1,1.7,1.5744096025490344,-0.12559039745096556
2630,train,CNc1nc(C)c(s1)c2nc(Nc3cccc(c3)N4CCNCC4)ncc2C#N,1.9,1.8478962858569379,-0.05210371414306203
3788,train,CCN1C2=NC(=O)N(C)C(=O)C2=Cc3ccccc13,1.1,1.340147670119868,0.24014767011986793
2411,train,OC[C@H](O)CN1C(=O)[C@@H](Cc2ccccc12)NC(=O)c3cc4cc(Cl)sc4[nH]3,3.27,3.143910971075529,-0.12608902892447116
1661,train,Clc1ccc(NC(=O)N2CCN(C[C@@H]3CCCN(Cc4ccccc4)C3)CC2)cc1Cl,4.26,3.820620093322183,-0.43937990667781657
1384,train,CN1CCN(CC1)c2ccc(Nc3ncc(F)c(N[C@@H]4[C@@H]5C[C@@H](C=C5)[C@@H]4C(=O)N)n3)cc2C,2.9,2.7039434357068592,-0.19605656429314067
1729,train,COc1cc(OC)c(cc1NC(=O)CCc2nn[nH]n2)S(=O)(=O)N3C(C)CCc4ccccc34,-0.34,-0.18425258827236712,0.1557474117276329
574,train,CN[C@H]1CC[C@@H](c2ccc(Cl)c(Cl)c2)c3ccccc13,3.15,3.2828480746406163,0.13284807464061643
1351,train,O=C1NCCc2[nH]c(cc12)c3ccncc3,1.49,1.2892377660857992,-0.20076223391420078
1264,train,Nc1nc2ccc(cc2s1)c3cccc(O)c3,3.1,2.7652169489194702,-0.33478305108052986
902,train,NC(Cc1cc(I)c(Oc2ccc(O)c(I)c2)c(I)c1)C(=O)O,0.97,0.6329218020384932,-0.33707819796150673
347,train,Cn1c(nc2ccccc12)c3ccc(O)nc3,1.2,1.4614072093711719,0.2614072093711719
566,train,CN(C1CCN(Cc2ccc(cn2)C(F)(F)F)CC1)C(=O)Cc3ccc(cc3)n4cnnn4,1.9,2.0697364978734867,0.16973649787348677
1511,train,CC1=CC2=NNC(=O)N2c3cc(ccc13)c4ccc[nH]4,3.29,3.2431271513565383,-0.04687284864346175
3980,train,CCCOc1cc(OCCCN2CCCC2)ccc1C(=O)Nc3cccc(O)c3,2.46,2.2397494474406185,-0.22025055255938142
1698,train,Cc1nc(N)c2nc(O)n(Cc3ccccc3)c2n1,2.04,2.170691338531304,0.130691338531304
3066,train,COc1ccc(OC)c(CNc2[nH]nc3cccc(Oc4ccc(cc4)S(=O)(=O)C)c23)c1,3.71,3.589628903247228,-0.12037109675277202
2015,train,C1CN=C(N1)c2ccc3ccccc3n2,0.6,0.889966095749102,0.28996609574910204
3097,train,OC(=O)c1[nH]c2cc(Cl)cc(Cl)c2c1\C=C\3/CCN(C3=O)c4ccccc4,1.85,2.0302983846995653,0.18029838469956516
12,train,O=C1CCCCCN1,-0.08,0.3647550124062975,0.4447550124062975
74,train,Clc1ccc(CN2CC3CNCC(C2)O3)cc1C(=O)NCC45CC6CC(CC(C6)C4)C5,1.55,1.9418508853859857,0.39185088538598567
3317,train,C[C@H](CO)Nc1nc(SCc2cccc(F)c2F)nc3[nH]c(N)nc13,3.22,3.1957622477807366,-0.02423775221926361
1664,train,NS(=O)(=O)NC(=O)CCCc1c([nH]c2ccc(cc12)C#N)c3ccc(F)cc3,1.95,1.6346126373373961,-0.3153873626626038
3656,train,CN1C(=O)C=C(CCc2ccc3cc[nH]c3c2)N=C1N,2.1,1.970170690984846,-0.1298293090151541
2158,train,CCn1cc(NC(=O)Cc2ccc(Oc3ccnc4ccc(F)cc34)cc2OC)cn1,3.88,3.9387778645671494,0.05877786456714951
3940,train,CCN1CCN(CC1)C(=O)c2cc3ccccc3[nH]2,1.95,2.1974837394180082,0.24748373941800828
3981,train,CC(=O)N1CCOc2cc(COc3ccccc3)cnc12,2.8,2.633837966469142,-0.166162033530858
1015,train,FC(F)(F)c1cccc2c3CN(CCc3[nH]c12)C(=O)[C@@H]4CCCC[C@H]4C(=O)NC5(CC5)C#N,3.75,3.613318240455749,-0.13668175954425088
3412,train,Cc1nccn1CCC(C(=O)N)(c2ccccc2)c3ccccc3,1.79,1.1315932170132328,-0.6584067829867672
1549,train,NC(=O)c1cccc(S[C@H]2C[C@H]3CC[C@@H](C2)N3Cc4ccccc4)c1,2.22,2.2730207169984045,0.05302071699840427
3689,train,FC(F)(F)c1cc(NC(=O)c2cnc(Cl)nc2C(F)(F)F)cc(c1)C(F)(F)F,1.8,2.2739958894620087,0.47399588946200866
2588,train,Cc1onc(NS(=O)(=O)c2ccc(N)cc2)c1,-0.56,0.17239779913682662,0.7323977991368267
1087,train,CC(O)(C(=O)Nc1ccc(cc1)S(=O)(=O)c2ccc(F)cc2)C(F)(F)F,3.12,2.9853758436208597,-0.13462415637914038
1620,train,Nc1nc(OC2CCCC2)nc3c1ncn3[C@@H]4O[C@H](CF)[C@@H](O)[C@H]4O,1.5,1.4485017397587574,-0.0514982602412426
2833,train,Cc1nccn1CC2CCc3c(C2=O)c4ccccc4n3C,1.67,1.8145872255987492,0.14458722559874926
796,train,Fc1ccc2[nH]c3CCN(Cc3c2c1)C(=O)[C@@H]4CCCC[C@H]4C(=O)NC5(CC5)C#N,3.0,3.095237010708857,0.09523701070885693
3991,train,Nc1ncnc2sc(nc12)c3c(ncn3Cc4ccccc4N5CCOCC5)c6ccccc6,3.58,3.4126301100004386,-0.16736988999956148
1575,train,[O-][N+](=O)c1ccc2[nH]ncc2c1,2.2,1.9736697802447674,-0.22633021975523282
2819,train,Fc1cc(c(F)cc1Oc2ccc(Cl)cc2c3ccnn3C4CNC4)S(=O)(=O)Nc5ncns5,1.0,0.762283541884202,-0.237716458115798
1880,train,CC(=O)Nc1ccc(cc1)S(=O)(=O)Nc2ccccn2,0.24,0.609054179232934,0.36905417923293404
3462,train,CS(=O)(=O)c1ccc(cc1Cl)[C@@H](CC2CCCC2)C(=O)Nc3cnc(cn3)[C@H](O)CO,2.58,2.7133144987008633,0.1333144987008632
1468,train,ON(C=O)C1(CS(=O)(=O)N2CCN(CC2)c3ccc(F)cc3)CCC1,1.34,1.2676195015196923,-0.07238049848030781
3773,train,COc1ccc2N=NC(=O)N(CCN3CCC(CC3)NCc4ccc5OCC(=O)Nc5n4)c2c1,-0.65,-0.4256091280098757,0.2243908719901243
3047,train,CCN1CCC[C@@H](CN2CCN(CC2)C(=O)Nc3ccc(Cl)c(Cl)c3)C1,1.94,2.5155255377004098,0.5755255377004098
2407,train,OCC(O)CN1CCN(CC1)c2ccccc2,0.4,0.8910865170091622,0.49108651700916217
4111,train,NNCCc1ccccc1,-0.01,0.2971005345136968,0.3071005345136968
1841,train,Cn1c(ccc1c2ccc3NC(=S)OC(C)(C)c3c2)C#N,3.4,3.565695479113175,0.16569547911317528
3993,train,CN1CCN(CCOc2n[nH]c3ncnc(Nc4ccc(OCc5ccccn5)c(Cl)c4)c23)CC1,2.45,2.7050309850206418,0.2550309850206416
3003,train,Cc1cc(nc(n1)n2ccnc2)N3CCC[C@@H]3C(=O)NCCc4ccc5OCOc5c4,2.5,2.3379957706423795,-0.1620042293576205
2864,train,CC(C)(C)C(O)\C(=C/c1ccc(Cl)cc1Cl)\n2cncn2,3.8,3.605935234720485,-0.19406476527951488
3347,train,COc1cc2CC[C@H](NC(=O)C)c3cc(O)ccc3c2c(OC)c1OC,1.81,1.6506283433309064,-0.1593716566690937
3496,train,NC1(CCN(CC1)c2ncnc3[nH]ccc23)C(=O)NC(Cc4ccccc4)c5ccc(Cl)cc5,4.1,3.4288093058689153,-0.6711906941310843
1931,train,CN(C)C(=O)CN1C(=O)C(Cc2ccccc12)NC(=O)c3cc4cc(Cl)sc4[nH]3,3.07,3.178523770765427,0.10852377076542696
1396,train,Cc1ccc(cc1)c2ccc(F)cc2COc3ccc(CCC(=O)O)cc3,3.24,3.1045211678813893,-0.1354788321186109
3765,train,COc1ccc2nccc(C(O)C3CC4(CCN3CC4)C=C)c2c1,2.08,1.9035470813961408,-0.17645291860385925
3491,train,CCc1cc2C(=NCc3nnc(C)n3c2s1)c4ccccc4Cl,2.52,2.4382249048433224,-0.08177509515667758
834,train,CC(=O)NCC(NC(=O)C1(N)CCN(CC1)c2ncnc3[nH]ccc23)c4ccc(Cl)cc4,2.4,2.590728558395449,0.190728558395449
384,train,Cc1ccc(cc1)S(=O)(=O)Nc2c(cnn2c3ccccc3)C(=O)NCc4ccccc4,1.9,1.371175419101143,-0.528824580898857
1958,train,Nc1scc2C(=NN(C(=O)c12)c3ccc(F)cc3)C(=O)NC4CC4,2.8,2.582968688426071,-0.21703131157392885
4102,train,O=C(CSc1ccccc1)N2CCN(CC2)C(=O)c3occc3,1.6,2.0557125490387085,0.4557125490387084
2256,train,CC(C)(C)OC(=O)N1CCN(CC1)c2ncc(OCc3ccncc3F)cn2,3.6,3.926891871611848,0.32689187161184785
1311,train,CN1C(=O)N(CC2CC2)c3nn(Cc4ccnc5ccc(Cl)cc45)c(c6oc(cc6Cl)S(=O)(=O)C)c3C1=O,3.97,3.651984651823481,-0.3180153481765191
2078,train,CNS(=O)(=O)c1ccc2C(=CNC(=O)c2c1)C(=O)NC[C@@H](O)CN3CCC(CC3)Oc4ccc(Cl)c(Cl)c4,2.77,2.603117455519221,-0.16688254448077888
467,train,COc1cc(N2CC[C@H](C2)N(C)C)c3NC(=CC(=O)c3c1)C(=O)Nc4ccc(cc4)N5CCOCC5,2.7,2.6488758537039225,-0.051124146296077644
3990,train,Clc1ccc(CNc2nc(nc3ncccc23)N4CCN(CC4)C(=O)[C@H]5CCCCN5)c(Cl)c1,2.27,2.494022569321237,0.224022569321237
2607,train,CCCc1c(O)c(ccc1OCc2ccc(cc2)c3nn[nH]n3)C(=O)C,3.1,2.819650737396558,-0.2803492626034423
1940,train,CN(C)c1cccc2c(cccc12)S(=O)(=O)N,1.95,1.435192124623799,-0.5148078753762009
4086,train,Nc1ccc(cc1)S(=O)(=O)Nc2ccccn2,-0.01,-0.08895964195623973,-0.07895964195623974
195,train,Nc1nc(N)nc(n1)c2cccc(c2)C(F)(F)F,2.4,2.4840842642259533,0.08408426422595339
2095,train,CC(C)CN1C(=O)N(C)C(=O)c2cn(Cc3cccc4ccccc34)cc12,4.41,4.286492930901366,-0.1235070690986344
3078,train,CN(Cc1oc2ccccc2c1C)C(=O)\C=C\c3cnc4NC(=O)CCc4c3,2.36,2.518068861334693,0.158068861334693
2694,train,Cc1ccc(CCOCCNS(=O)(=O)CCCNCCc2ccc(O)c3nc(O)sc23)cc1,2.07,2.0517124984379347,-0.018287501562065156
3517,train,NCC[C@@H](Oc1ccc(Cl)cc1C#N)c2ccccc2,0.91,1.0779235713807793,0.1679235713807793
3469,train,CCOc1ccccc1c2ccc3c(c2)C(=O)C(=O)c4ccccc34,2.67,2.865824084359055,0.19582408435905485
2970,train,Cc1ccc2c(c1)c(Sc3ccccc3Cl)c(C)n2CC(=O)O,1.71,1.778727967943626,0.06872796794362612
13,train,CCCSc1ncccc1C(=O)N2CCCC2c3ccncc3,1.95,1.82075758727063,-0.12924241272936987
2144,train,CC1(C)CC(=O)c2c(N)c3ccccc3nc2C1,3.0,2.7685566338275924,-0.23144336617240757
2200,train,O=C1N(Cc2ccccc12)C3CCN(CCC(c4ccccc4)c5ccccc5)CC3,4.1,3.9827860499074133,-0.1172139500925864
2983,train,CC1=C(C(=O)N(C[C@H](N)c2ccccc2)C(=O)N1Cc3c(F)cccc3F)c4ccccc4F,2.76,2.693903674625672,-0.06609632537432786
3671,train,CC(C)n1c2ccccc2c3cc(NC(=O)N4CCOCC4)ccc13,3.55,3.5306034141652347,-0.019396585834765112
2367,train,O=C(COCc1ccccc1)Nc2ccc3c(c2)C(=O)C(=O)c4ccccc34,3.21,3.6137493370064933,0.4037493370064933
2779,train,CN(C)S(=O)(=O)c1ccc2OCC(=O)N(CCN3CCC(CC3)NCc4ccc5OCC(=O)Nc5n4)c2c1,0.15,0.30845751149499834,0.15845751149499834
3217,train,COc1cc2c(Nc3ccc(Cl)cc3F)ncnc2cc1OCCCN4CCOCC4,3.4,3.3715661407646587,-0.028433859235341252
379,train,O=C(N1CCN(CC1)c2ncccn2)c3cccc(CC4=NNC(=O)c5ccccc45)c3,2.13,1.9346179160367323,-0.19538208396326762
2720,train,Nc1nccc(n1)c2cccs2,1.75,1.4092193615733075,-0.3407806384266925
4186,train,O[C@@H](CNCCOCCCNCCc1cccc(Cl)c1)c2ccc(O)c3NC(=O)Sc23,0.83,0.5640912939645475,-0.26590870603545247
2498,train,CCSc1ccc(cc1)c2cc(ccc2OCC(=O)O)C(F)(F)F,1.54,1.4586455198250179,-0.08135448017498215
4002,train,Cc1onc(c2ccccc2)c1c3ccc(cc3)S(=O)(=O)N,2.37,2.052775400076633,-0.31722459992336693
1298,train,CNC1=Nc2ncccc2C(=NC1c3ccns3)c4occc4,1.44,1.7626953901485196,0.32269539014851967
155,train,COC(=O)C1=Nc2c(N[C@H](C)CO)nc(SCc3cccc(F)c3F)nc2NC1=O,2.49,3.069643229543306,0.5796432295433056
35,train,CN(C)c1ccnc2sc(C(=O)NCc3ccccc3)c(N)c12,3.62,3.1448458262631314,-0.47515417373686875
3946,train,C[C@H]1CN(Cc2cc(Cl)ccc2OCC(=O)O)CCN1C(=O)Cc3cccc(Cl)c3,0.78,0.5821235395088868,-0.19787646049111318
1374,train,CC(C)C(NC(=O)CN1C(=O)C(=CC=C1c2ccccc2)NC(=O)OCc3ccccn3)C(=O)C(F)(F)F,1.91,1.7245401492032646,-0.18545985079673533
1041,train,Oc1ccc(CC(=O)c2ccc(O)cc2O)cc1,2.54,2.1959757228350223,-0.34402427716497774
3527,train,COc1cc2ncnc(Nc3ccc(F)c(Cl)c3)c2cc1OCCN(C)C,3.26,3.0454377220565765,-0.2145622779434233
2696,train,CCn1c(SCC(=O)Nc2c(cnn2c3ccccc3)C#N)nnc1c4cccs4,2.1,2.061453852137767,-0.03854614786223287
3069,train,CNc1nc2ccccc2n1Cc3sc4N(CC(C)C)C(=O)N(C)C(=O)c4c3C(=O)N5C[C@H](O)CO5,1.77,2.00464057987434,0.23464057987433984
3712,train,NS(=O)(=O)c1cccc(Nc2nccc(Nc3c(Cl)ccc4OCOc34)n2)c1,2.97,2.8753304322074,-0.09466956779260016
3162,train,CN(C)C(=O)[C@H](O)[C@H](Cc1ccccc1)NC(=O)c2cc3cc(Cl)ccc3[nH]2,3.6,3.6349979804249983,0.03499798042499824
351,train,Clc1ccc2C(=O)C3=C(Nc2c1)C(=O)NN(Cc4ccsc4)C3=O,1.11,1.3637313302649443,0.2537313302649442
521,train,Clc1cccc(CN2C=CN3C(=O)C=C(N=C23)N4CCOCC4)c1Cl,3.3,3.1619903232107793,-0.1380096767892205
411,train,CN1CCOc2cc(COC3CCCCC3)cnc12,3.1,3.1303462733564,0.030346273356399944
4068,train,C[C@H]1C[C@H]2[C@@H]3CC[C@H](C(=O)C)[C@@]3(C)C[C@H](O)[C@@H]2[C@@]4(C)CCC(=O)C=C14,3.25,3.043041367456043,-0.20695863254395697
930,train,CN1CC(C1)n2nccc2c3cc(Cl)ccc3Oc4cc(F)c(cc4F)S(=O)(=O)Nc5ncns5,1.0,1.1126808889884485,0.11268088898844852
934,train,CC(NC(=O)C1(N)CCN(CC1)c2ncnc3[nH]ccc23)c4ccc(F)cc4,2.4,2.4130084717920948,0.013008471792094856
282,train,O=C1CCOc2nc(ccc12)C#CC3CCCC3,3.0,2.9994025580576764,-0.0005974419423235844
1713,train,OC(=O)CCC(=O)c1ccc(cc1)c2ccccc2,0.58,1.0387856858378017,0.45878568583780177
2066,train,CCN1CCN(CC(=O)Nc2ccc(c3cccc4C(=O)C=C(Oc34)N5CCOCC5)c6sc7ccccc7c26)CC1,3.05,3.089773188735921,0.039773188735921394
443,train,COc1cc2ncc(C(=O)N)c(Nc3ccc(F)cc3F)c2cc1OC,2.95,2.727591407241819,-0.22240859275818137
1819,train,CCN1C=C(C(=O)O)C(=O)c2cc(F)c(nc12)N3CCNCC3,-0.83,-0.7276145650772632,0.10238543492273677
335,train,NS(=O)(=O)c1cc2c(NC(Cc3ccccc3)NS2(=O)=O)cc1C(F)(F)F,1.78,1.7905118031500278,0.010511803150027754
3059,train,COc1cc2ncnc(Nc3cc(NC(=O)c4ccnc(c4)N5CCOCC5)ccc3C)c2cc1OCCN(C(C)C)C(C)C,3.5,3.429656256566168,-0.0703437434338321
599,train,CCC(C)NC(=O)c1c(C)nn(c1NS(=O)(=O)c2ccc(C)cc2)c3ccccc3,0.66,0.6024462883694763,-0.057553711630523696
1124,train,CC(C)C[C@@H](N1CCC[C@@H](C1)N2C=C(C)C(=O)NC2=O)c3ccc(C(=O)O)c(Oc4cccc(Cl)c4)c3,0.91,0.9809694100619692,0.07096941006196922
1667,train,CC(=O)Nc1cccc2c1c(Oc3ccc(Cl)cc3)c(C)n2CC(=O)O,-1.41,-0.9312977789883661,0.47870222101163384
3911,train,COC(=O)N1CCN(C(CC(=O)NCc2ccc3OCOc3c2)C1)c4ccnc(n4)n5ccnc5,1.88,1.9603878709008031,0.08038787090080324
601,train,COc1ccc2c(c1)c(CC(=O)O)c(C)n2c3ccnc4cc(Cl)ccc34,1.68,1.5805110024440965,-0.09948899755590346
618,train,Nc1ncc2cc(c(N)nc2n1)c3c(Br)cccc3Br,2.06,2.438880904517666,0.37888090451766576
3908,train,Oc1cccc2nc(cc(O)c12)c3ccccc3,3.37,3.074626681682398,-0.29537331831760216
408,train,Cc1c(Oc2ccc(Cl)cc2)c3cc(ccc3n1CC(=O)O)C(F)(F)F,2.28,2.0580246791110763,-0.22197532088892347
2328,train,OC(=O)[C@H](Cc1ccc(cc1)C#CCCNc2ccccn2)NC(=O)c3c(Cl)cccc3Cl,0.27,0.17240328538816163,-0.09759671461183839
705,train,COc1c(Nc2ccc(nc2C)S(=O)(=O)C)ncnc1OC3CCN(CC3)C(=O)OC(C)C,2.4,2.642482821860307,0.24248282186030723
792,train,C1CN2C[C@@H](N=C2S1)c3ccccc3,0.81,1.1583530767809562,0.3483530767809562
565,train,Oc1ccc2OC(=O)C(=Cc2c1)c3ccccc3,3.12,2.9432107111630748,-0.17678928883692535
159,train,O=C(NC1(CC1)C#N)[C@@H]2CCCC[C@H]2C(=O)N3CCN(CC3)c4ncc(C#N)s4,1.2,1.460217526333814,0.260217526333814
2838,train,Cc1cn(C[C@H]2CN(C(=O)O2)c3ccc(C4=CCS(=O)(=O)CC4)c(F)c3)nn1,1.25,1.4975836788848216,0.24758367888482158
854,train,OC(=O)CCCS(=O)(=O)c1cccc(c1)C(=O)N2CCC(CC2)N3CCC(CC3)Oc4ccc(Cl)c(Cl)c4,0.66,0.603697140311396,-0.056302859688604046
899,train,CCN(CC)CCOC(=O)c1ccc(N)cc1,0.0,0.9271372570377483,0.9271372570377483
3764,train,N#Cc1cccc(c1)c2onc(n2)c3ccccn3,2.2,2.4537341109928463,0.25373411099284615
585,train,Nc1ncnc2sc(nc12)c3c(ncn3C[C@H]4CCCO4)c5ccccc5,2.65,2.7243784417852566,0.07437844178525665
2307,train,Cc1c(Cl)ccc(OC2CCN(C[C@H](O)CNC(=O)C3=CNC(=O)C=C3C(F)(F)F)CC2)c1Cl,3.14,3.158598374592023,0.01859837459202307
2911,train,Clc1ccc(OC2CCN(CC2)C3CCN(CC3)C(=O)NS(=O)(=O)c4ccccc4Cl)cc1Cl,1.93,1.7687496310916506,-0.16125036890834932
2237,train,COc1cc(cc(OC)c1OC)C(=O)N2CC[C@@](CCN3CCC(CC3)(C(=O)N)c4ccccc4)(C2)c5ccc(Cl)c(Cl)c5,3.23,3.1074087263095773,-0.12259127369042266
2693,train,Cc1nc(Nc2ncc(s2)C(=O)Nc3c(C)cccc3Cl)cc(n1)N4CCN(CCO)CC4,3.41,3.2584576999550317,-0.1515423000449685
3748,train,CN(C)CCCC(NC(=O)C1(N)CCN(CC1)c2ncnc3[nH]ccc23)c4ccc(Cl)cc4,1.4,1.5730504720920657,0.1730504720920658
1869,train,CN1C(=O)C(=Cc2cnc(NC3CCOCC3)nc12)Oc4ccc(F)cc4F,2.76,2.7376770017173397,-0.022322998282660045
575,train,Cc1cc(COc2cnc(nc2)N3CCN(CC3)C(=O)OC(C)(C)C)ccn1,3.7,3.717519143435677,0.01751914343567673
3453,train,Brc1cc(Br)cc(COC[C@@H](N2CCNCC2)c3ccccc3)c1,2.8,2.699402087827874,-0.10059791217212588
1142,train,C[C@H]1CCCN1CCc2oc3ccc(cc3c2)c4ccc(cc4)C#N,3.25,3.2893875394797485,0.03938753947974849
2186,train,Fc1ccc(cc1)C(=O)N2CCC(CC2)C(=O)c3ccc(Cl)cc3,3.49,3.573650791710344,0.08365079171034395
1616,train,Nc1nc(nn1Cc2ccccc2)c3ccccc3,1.91,2.347807888027204,0.4378078880272043
853,train,Cc1sc2ncnc(SCC(=O)N3CCN(CC3)C(=O)c4occc4)c2c1C,2.7,2.3563385305069224,-0.34366146949307774
1288,train,CS(=O)(=O)c1ccc2C(=CNC(=O)c2c1)C(=O)NC[C@@H](O)CN3CCC(CC3)Oc4ccc(Cl)c(Cl)c4,2.63,2.41603448929363,-0.21396551070637004
1385,train,Cc1ccc2c(c1)c(Sc3ccccc3)c(CC(=O)O)n2C,1.74,1.977326952149209,0.23732695214920896
57,train,CCC(CC)NC(=O)c1cnn(C)c1NS(=O)(=O)c2ccc(C)cc2,0.36,0.5754751029528757,0.21547510295287575
2820,train,Clc1cccc(c1)c2cnc3ccc(NC4CCOCC4)nn23,4.3,3.9841464356332588,-0.31585356436674106
1165,train,Fc1cccc(F)c1CS(=O)(=O)N2CCN(CC2)c3ncccc3C(F)(F)F,3.9,3.4593658070251214,-0.4406341929748785
2649,train,COc1ccc(N(C(C)C(=O)NC2CCCC2)C(=O)c3ccccc3)c(OC)c1,3.02,2.9582739226290378,-0.06172607737096225
2939,train,CNC(=O)C1(CCN(CC[C@H](CN(C)C(=O)c2c(OC)c(cc3ccccc23)C#N)c4ccc(Cl)c(Cl)c4)CC1)N5CCCNC5=O,2.2,2.178027364035604,-0.021972635964396137
4028,train,CC(C)Cc1ccc(cc1)[C@H](C)C(=O)NS(=O)(=O)C,0.56,0.6967144976209438,0.1367144976209438
3055,train,CC(C)(C)OC(=O)N1CCN(CC1)c2ccc(OCc3ccc(cc3)S(=O)(=O)C)nc2,3.1,3.070381693552366,-0.02961830644763408
1364,train,CC(C)c1noc(n1)N2CCN([C@H](C)C2)c3ncc(OCc4ccncc4C#N)cn3,3.1,3.2749811950015757,0.1749811950015756
2810,train,Fc1ccc(cc1)S(=O)(=O)Cc2cc(nc(n2)c3ccccn3)N4CCOCC4,1.59,1.5139939308974615,-0.0760060691025386
2632,train,CCC(N(CCCN)C(=O)c1ccccc1)C2=Nc3ccsc3C(=O)N2Cc4ccccc4,1.38,1.3906761449867875,0.010676144986787595
2835,train,CCN1CCC[C@H]1CNC(=O)c2cc(ccc2OC)S(=O)(=O)N,-0.84,-0.772895862346203,0.06710413765379697
69,train,Clc1cccc2cn[nH]c12,2.33,2.4184933785871845,0.08849337858718442
3915,train,OC(=O)c1cc2cc(ccc2n1Cc3ccc(Cl)c(Cl)c3)[N+](=O)[O-],1.79,1.6647653990483597,-0.1252346009516403
2389,train,C[C@@H]1CN(CCN1C(=O)[C@@H]2CCCC[C@H]2C(=O)NC3(CC3)C#N)c4ccccc4,2.35,2.386593749437708,0.03659374943770777
2176,train,COc1ccc(Cl)cc1C(=O)Nc2nc3ccccc3[nH]2,4.05,3.865782609089389,-0.18421739091061085
1836,train,Nc1nccc(n1)c2cc3C(=O)NC[C@@H](CCF)c3[nH]2,0.51,0.6040853291846167,0.09408532918461665
1600,train,CNc1cccc(CCOc2ccc(C[C@H](NC(=O)c3c(F)cccc3Cl)C(=O)O)cc2)n1,-0.42,-0.23027987271389128,0.1897201272861087
299,train,COc1ccc(cc1)C(=O)NCc2cn(nn2)c3cc(C)nc4ccc(OC)cc34,3.5,3.107231628094457,-0.39276837190554303
1974,train,CCOC(=O)[C@H](Cc1ccc(O)cc1)NC(=O)c2cccc3ccccc23,3.12,3.3336988337489935,0.21369883374899334
1100,train,CCN(CC)S(=O)(=O)c1ccc(cc1)c2cc(ccc2OCC(=O)O)C(F)(F)F,0.67,0.5610671010604831,-0.10893289893951696
2726,train,CC(C)NCC(O)COc1ccc(CCOCC2CC2)cc1,0.63,0.5929836312309489,-0.03701636876905112
913,train,COc1ccc(cc1)C(=O)N2CCC(CC2)C(=O)c3ccc(F)cc3,2.92,2.8341123514991216,-0.08588764850087838
3074,train,CCN(CC)Cc1cc(Nc2ccnc3cc(Cl)ccc23)ccc1O,2.9,2.776797999477142,-0.12320200052285779
3575,train,C[C@H](CO)Nc1nc(SCc2cccc(F)c2F)nc3nc(N)sc13,3.29,3.222593976984207,-0.0674060230157929
1020,train,CN1CCN(CC1)C(=O)[C@@H]2CCCC[C@H]2C(=O)NCC#N,-0.1,0.08896779162081314,0.18896779162081315
285,train,COc1ccc(cc1OC)N2CCN(CC2)C(=O)[C@@H]3CCCC[C@H]3C(=O)NC4(CC4)C#N,1.4,1.4495366272643622,0.049536627264362254
2692,train,CN(C)N(C)C(=O)[C@@]1(Cc2ccccc2)CCCN(C1)C(=O)[C@@H](Cc3c[nH]c4ccccc34)NC(=O)C(C)(C)N,2.1,1.9680263448423094,-0.13197365515769066
642,train,CC(C)Oc1cc(Oc2ccc(cc2)S(=O)(=O)C)cc(c1)C(=O)Nc3nccs3,3.61,3.0893926514370995,-0.5206073485629004
7,train,CNc1cccc(CCOc2ccc(C[C@H](NC(=O)c3c(Cl)cccc3Cl)C(=O)O)cc2C)n1,0.34,0.2797464941214234,-0.06025350587857664
3157,train,CC(C(=O)Nc1ccc(Cl)cc1)c2ncc(cc2Cl)C(F)(F)F,4.19,3.935535538725263,-0.25446446127473754
1646,train,O.O.O.CC(=O)O[C@@]12CO[C@@H]1C[C@H](O)[C@]3(C)[C@@H]2[C@H](OC(=O)c4ccccc4)[C@]5(O)C[C@H](OC(=O)[C@H](O)[C@@H](NC(=O)OC(C)(C)C)c6ccccc6)C(=C([C@@H](O)C3=O)C5(C)C)C,3.4,3.509431071478575,0.10943107147857489
3083,train,Fc1ccc(F)c(NS(=O)(=O)c2ccc(Cl)cc2)c1,2.9,2.6119143510991583,-0.28808564890084165
206,train,CC(C)C(NC(=O)CN1C(=O)C(=CC=C1c2ccccc2)NS(=O)(=O)N)C(=O)C(F)(F)F,1.17,1.302782532006392,0.132782532006392
3881,train,COc1cc(F)ccc1c2cccc(CNC3CCCC3)n2,2.06,1.8590670116121102,-0.20093298838788987
3506,train,OC(=O)COCCN1CCN(CC1)C(c2ccccc2)c3ccc(Cl)cc3,1.27,1.5695414251321789,0.29954142513217885
2587,train,Nc1cc(ncn1)c2ccccc2,1.91,2.0713032832016474,0.16130328320164744
1941,train,Cc1[nH]c(C(=O)NC2CCN(CC2)c3nc(cs3)C(=O)O)c(Cl)c1Cl,0.14,0.37348909035218214,0.23348909035218213
1309,train,N[C@H](Cc1c[nH]c2ccccc12)C(=O)O,-0.92,-0.7599709842575062,0.16002901574249384
1096,train,Nc1cccc2C(=O)C(=O)c3ccccc3c12,2.31,2.1855854093068143,-0.12441459069318572
1613,train,CCN(C1CCN(CCC(C2CCN(CC2)S(=O)(=O)CC)c3ccccc3)CC1)C(=O)Cc4ccc(cc4)S(=O)(=O)C,1.63,1.7155645569468847,0.0855645569468848
2312,train,CC(N1NC(=O)C2=C(C1=O)C(=O)c3ccc(Cl)cc3N2)c4oc5ccccc5c4,2.1,2.3479340892170875,0.24793408921708737
1594,train,CCNC1=CC=C(N(CC(=O)NC(C(C)C)C(=O)C(F)(F)F)C1=O)c2ccccc2,2.37,2.4117422602362923,0.04174226023629224
1757,train,O=C1C(=O)c2cccnc2c3ccccc13,1.88,2.1025509872017176,0.22255098720171773
4066,train,OCCCNCCCOc1ccc(Cl)c(c1)C(=O)NCC23CC4CC(CC(C4)C2)C3,1.41,1.7433686436958515,0.3333686436958516
3611,train,Cc1cc(CNc2nccc(Nc3cc(CCc4ccccc4)[nH]n3)n2)on1,3.56,3.260218319951841,-0.29978168004815897
2209,train,Cc1ccc(cc1)S(=O)(=O)Nc2c(cnn2c3ccccc3)C(=O)NC4CCCCC4,0.8,0.9921712937870295,0.19217129378702946
1950,train,CC1(C)COCc2sc(nc12)N3CCN(CC3)C(=O)[C@@H]4CCCC[C@H]4C(=O)NC5(CC5)C#N,2.4,2.312561810562154,-0.08743818943784598
812,train,C[C@H](NC(=O)c1c(C)nn(C2CCN(C)CC2)c1NS(=O)(=O)c3ccc(C)cc3)C(C)(C)C,0.8,0.6564160583682179,-0.14358394163178212
1964,train,CC(C)n1c(C)ncc1c2ccnc(Nc3ccc(cc3)N4CCN(CC4)C(=O)CN(C)C)n2,3.31,3.035546152895625,-0.2744538471043749
1377,train,CN(C)CC\C=C\1/c2ccccc2Sc3ccc(Cl)cc13,3.42,3.4741337919923234,0.05413379199232349
1059,train,ONC(=O)c1ccc(NS(=O)(=O)c2ccccc2)cc1,0.75,0.9897191789488029,0.2397191789488029
704,train,CC(=O)NC1CC2CCCC(C1)N2C(=O)Nc3ccc(Cl)c(c3)C(F)(F)F,2.79,2.7926903613935123,0.0026903613935123083
2433,train,CN1CCC(=CC1)c2cccc(O)c2,0.53,0.9395063712875624,0.4095063712875624
3546,train,COc1ccc(CNCc2cccc(CCNC[C@H](O)c3ccc(O)c4NC(=O)Sc34)c2)cc1,0.86,0.9083853421547932,0.048385342154793176
2203,train,COc1cc2cc(nc(C)c2cc1OC)c3ccc(O)cc3O,3.9,3.2539302272895996,-0.6460697727104003
1589,train,Cc1ccc(cc1)n2nc(cc2NC(=O)Nc3ccc(OCCN4CCOCC4)c5ccccc35)C(C)(C)C,4.49,4.254376966710849,-0.23562303328915135
367,train,COc1ccc(cc1)S(=O)(=O)NC(=O)N2CCC(CC2)N3CCC(CC3)Oc4ccc(Cl)c(Cl)c4,1.39,1.404445804749396,0.014445804749396052
2467,train,COc1ccc(cc1)c2cc3c(N[C@H]4CCCNC4)ncc(C(=O)N)c3s2,1.82,1.7890164592721116,-0.030983540727888448
888,train,Nc1ncnc2c1ncn2[C@@H]3O[C@H](CSCCCNC(=O)NCc4ccccc4)[C@@H](O)[C@H]3O,0.9,1.3280332483695352,0.42803324836953516
1810,train,Cc1sc(CN2CCNCC2)cc1C(=O)NCC34CC5CC(CC(C5)C3)C4,2.55,2.3585106486008374,-0.19148935139916246
239,train,CC(C)(C)OC(=O)N1CCN(CC1)c2ncc(OCc3ccc(cc3)S(=O)(=O)C)cn2,3.27,3.3735182036520674,0.10351820365206743
1530,train,CC(C)N1CCN(CC1)C(=O)NCc2ccc(Cl)c(Cl)c2,2.75,2.48539582737439,-0.2646041726256101
4043,train,O[C@H](C[C@H](O)\C=C\c1c(nc2ccccc2c1c3ccc(F)cc3)C4CC4)CC(=O)O,0.91,0.9121245924751078,0.002124592475107767
550,train,Cc1cc(N)c2cc(NC(=O)CCCCC(=O)Nc3ccc4nc(C)cc(N)c4c3)ccc2n1,0.53,1.3497679307831998,0.8197679307831998
1241,train,OCc1ccc(OC2CCN(CC3CCN(CC3)[C@@H](Cc4ccccc4)C(=O)O)CC2)cc1Cl,0.8,1.5099376692871096,0.7099376692871096
2149,train,Clc1c(ccnc1N2CCNCC2)C(=O)NCC34CC5CC(CC(C5)C3)C4,1.77,1.5791232345459632,-0.19087676545403687
2431,train,CN[C@@H](C)C(=O)N[C@@H](C1CCCCC1)C(=O)N[C@H]2CCCN(C2)C(=O)c3ccccc3,0.87,1.0848763524980256,0.2148763524980256
478,train,CNC(=O)c1ccc(CCC(COc2ccc(cc2)c3cccc(c3)[N+](=O)[O-])N4C(=O)CSC4=O)cc1,3.5,3.268000025385554,-0.2319999746144461
141,train,CN1SC(=NC1=O)NC(=O)c2cccc(Cl)c2,0.87,1.4336575789876473,0.5636575789876473
3382,train,O=C1C=C(N=C2N1C=Cc3ccccc23)N4CCOCC4,2.78,2.4974358120970055,-0.2825641879029943
17,train,CCC(COC(=O)c1cc(OC)c(OC)c(OC)c1)(N(C)C)c2ccccc2,3.77,3.507428003911468,-0.262571996088532
2760,train,CNC(=O)c1ccc(Nc2ncc(F)c(n2)c3cnc(C)n3C(C)C)cc1F,3.31,3.2242294954321284,-0.08577050456787161
4064,train,COc1cc(Nc2nc(N[C@@H](C)c3ncc(F)cn3)nc(N4CCOCC4)c2F)n[nH]1,2.64,2.5016829635697806,-0.13831703643021953
2164,train,CCc1nc2c(N)nc3ccccc3c2n1CC(C)(C)O,1.38,1.566216616812743,0.18621661681274304
2940,train,Oc1cccc(NC(=O)c2ccc(OCCCN3CCCC3)cc2OCc4cccnc4)c1,1.59,1.80478648641769,0.21478648641768983
2239,train,O=S(=O)(Nc1cccnc1)c2cccs2,0.54,0.7961900051741704,0.25619000517417034
1353,train,COc1cc(ccc1OCCN2CCCC2)N3C=Nc4cc(sc4C3=O)c5ccc(Cl)cc5,2.74,2.8282372274146974,0.0882372274146972
438,train,Oc1cc(O)c2C(=O)C(=COc2c1)c3ccc(O)c(O)c3,2.45,2.6060095925319753,0.1560095925319751
586,train,CC(C)C(NC(=O)CN1C(=O)C(=CN=C1C2CCCCC2)NC(=O)OCc3ccccc3)C(=O)C(F)(F)F,2.87,2.837695931575888,-0.03230406842411204
1874,train,CCOc1ccccc1c2ccc(cc2)c3nc4ccc(F)cc4c(C(=O)O)c3C,1.18,1.6607540069189302,0.4807540069189302
582,train,CC(=O)Nc1nnc(s1)S(=O)(=O)N,-0.78,-0.4543490131111634,0.32565098688883665
3432,train,CN(C)C(=O)c1ccc(CN2CCC(CC2)c3ccc(cc3)C(=O)Nc4ccccc4N)cc1,1.53,1.7913892934207363,0.26138929342073625
778,train,NC(=O)c1cnc(N[C@H]2CCCNC2)c3cc(sc13)c4ccncc4,0.77,0.7996420847674985,0.029642084767498522
681,train,COc1cc2ncnc(N3CC[C@H](C3)Oc4cnc5ccccc5n4)c2cc1OC,4.04,3.8054137639936387,-0.2345862360063613
2641,train,COCCOc1cc2ncc(C(=O)N)c(Nc3ccc(C)cc3F)c2cc1N4CCN(C)CC4,2.24,2.2615966434415125,0.021596643441512242
3167,train,COc1ccc(cc1)c2nc3c(NCCCNC(=O)C4CC4)c(Br)cnc3[nH]2,1.71,2.1127968571641187,0.4027968571641187
3932,train,CN[C@@H](C)C(=O)N[C@H](C(=O)N[C@H]1CCCN(CCc2ccccc2OC)C1)C(C)(C)C,1.61,1.6189475691708888,0.00894756917088868
238,train,CN1CCN(CC1)c2ncnc3c2sc4nc(C)cc(C)c34,3.2,3.3038520615335996,0.10385206153359938
2648,train,CC(N1Cc2ccccc2C1=O)c3ccccc3,3.0,2.8503184225235647,-0.1496815774764353
4112,train,CCN(C1CCN(CCC(c2ccccc2)c3ccccc3)CC1)C(=O)NCc4ccc(F)cc4,3.9,3.9984863780781117,0.09848637807811178
3433,train,COC1=CC=C2C(=CC1=O)[C@H](CCc3cc(OC)c(OC)c(OC)c23)NC(=O)C,0.82,1.1732538395730583,0.35325383957305834
3624,train,Clc1ccc(C2CCN(CC2)C(=O)COCc3ccncc3)c(Cl)c1,2.63,2.6581449479555284,0.028144947955528465
1194,train,COc1ccc2cc(ccc2c1)[C@H](C)C(=O)O,0.13,0.1974217802779501,0.0674217802779501
1067,train,Cc1ccccc1C(=O)NCC23CC4CC(CC(C4)C2)C3,4.28,3.790680480904365,-0.4893195190956354
3026,train,CCCNc1nc(ccc1C(=O)NC2CCCCC2)N3CCC[C@@H](CC(=O)O)C3,2.33,2.2681095736671333,-0.06189042633286679
2744,train,Nc1nc(nc(N)c1Cc2ccccc2F)c3ccccn3,2.12,1.988294185664222,-0.1317058143357781
2240,train,Brc1ccc(cc1)C(=O)Cn2cnc3ccccc23,3.22,3.2818209906910747,0.061820990691074496
2684,train,COc1ccc(NC(=O)c2oc(Nc3ccccc3F)nn2)cn1,3.2,3.2344228015278595,0.03442280152785937
3962,train,CN1CCN(CC1)S(=O)(=O)c2ccc(cc2)c3cnc(N)c(n3)C(=O)Nc4cnccc4CN5CCCC5,3.28,3.0961827600324634,-0.1838172399675364
1759,train,CNc1c(Br)cnc2[nH]c(nc12)c3cnn(c3)C4CCN(C)CC4,2.5,2.2911731196462846,-0.20882688035371544
1733,train,CC(C)(C)OC(=O)N1CCN(CC1)c2ccc(OCc3ccc(cc3)S(=O)(=O)C)cn2,3.2,3.4775479379810683,0.27754793798106814
1244,train,CCNC(=O)c1ccc(C)c(c1)N2C=Nc3ccc(cc3C2=O)N4CCN(C)CC4,1.47,1.9136940950888404,0.4436940950888404
241,train,Cc1nnsc1C(=O)Nc2ccccc2,0.97,1.2863691952345215,0.31636919523452156
613,train,C[C@H](Oc1ccc(Cl)cc1CN2CCN([C@@H](C)C2)C(=O)Cc3ccc(Cl)cc3)C(=O)O,1.66,1.5433601257998082,-0.11663987420019173
1904,train,CCN(C1CCCCC1)C(=O)c2cnn(c2NS(=O)(=O)c3ccc(cc3)c4ocnc4)c5ccccc5,1.46,1.5879893978540909,0.1279893978540909
1635,train,Cc1nc(nc(N2CCCC2)c1Cl)c3ccccn3,3.2,2.9836669047075985,-0.21633309529240163
534,train,CCc1ccccc1c2ccc(cc2)c3nc4ccncc4c(O)c3C#N,3.5,3.183661472528426,-0.316338527471574
2890,train,CN(CCNC[C@H](O)c1ccc(O)c2NC(=O)Sc12)C(=O)CCOCCc3ccccc3,1.21,1.2835308172581477,0.0735308172581477
1105,train,COc1ccc(Cl)cc1C(=O)NCCc2ccc(cc2)S(=O)(=O)NC(=O)NC3CCCCC3,2.23,1.9366025233627806,-0.2933974766372194
2527,train,CCN(C1CCN(CCC(c2ccccc2)c3ccccc3)CC1)C(=O)NCc4ccc(cc4)S(=O)(=O)C,2.86,2.6220444519264507,-0.23795554807354913
360,train,Cc1cc(Cl)ccc1OC2CCN(C[C@H](O)CNC(=O)c3c[nH]nc3C(F)(F)F)CC2,3.02,3.200604628393338,0.18060462839333802
2361,train,CN1CCN(CC1)c2nc(NCCNc3ccc(cc3)[N+](=O)[O-])c4ccccc4n2,2.91,3.0151875039159686,0.10518750391596843
2564,train,C[C@H](NC(=O)c1c(C)nn(C2CCOCC2)c1NS(=O)(=O)c3ccc(cc3)C4CC4)C(C)(C)C,1.23,1.158118484255077,-0.07188151574492307
3211,train,Cc1nc(C)c(nc1C(=O)N)c2ccc([C@@H]3CC[C@@H](CC(=O)O)CC3)c(Cl)c2,1.8,1.58013115991371,-0.21986884008629004
581,train,CC(C)Oc1ccc(cc1)C(=O)Nc2cc(NC(=O)c3cccc(c3)N(C)C)ccc2C,3.1,2.8396583056235913,-0.26034169437640875
3019,train,Clc1ccc(cc1)C(=O)CN2C3=NCCN3c4ccccc24,2.62,2.867508588183348,0.2475085881833481
4160,train,CCOc1ccccc1CNCc2cccc(CCNC[C@H](O)c3ccc(O)c4NC(=O)Sc34)c2,1.13,1.0079335693039901,-0.12206643069600975
1960,train,CCCC1CCCCC(=N1)N,1.1,0.9273343745650588,-0.17266562543494124
2232,train,O=C(Cc1cccc2ccccc12)Nc3ccccc3,3.9,3.390746918165314,-0.5092530818346859
605,train,CCN(CC)CCOc1ccc(cc1OC)N(C)C(=O)c2ccc(cc2)c3ccc(cc3)C(F)(F)F,3.13,3.2284045115081397,0.09840451150813978
2661,train,COc1ccc(NC(=O)c2ccc(c(C)c2)c3ccncc3)cc1N4CCN(C)CC4,2.56,2.550598596873445,-0.009401403126555241
3699,train,Cc1cc2nc(NC(=N)N)nc(C)c2cc1C,0.7,0.40705306886207104,-0.2929469311379289
894,train,O=S(=O)(Nc1nc(nn1Cc2ccccc2)c3ccccc3)c4ccccc4,1.25,1.6122507233001917,0.3622507233001917
1989,train,C[C@H]1CN(Cc2cc(Cl)ccc2CC(=O)O)CCN1S(=O)(=O)Cc3ccccc3,1.12,1.1288069462734227,0.0088069462734226
1000,train,NC(=O)c1cccc(O[C@H]2C[C@H]3CC[C@@H](C2)N3Cc4ccccc4)c1,1.61,1.5655129853596512,-0.044487014640348876
1505,train,O=C1N2CCOC2=Nc3ccccc13,0.6,0.9545251509865025,0.3545251509865025
992,train,Fc1ccc2OCC(=O)N(CCN3CCC(CC3)NCc4ccc5OCC(=O)Nc5n4)c2c1,0.9,1.0174853776869137,0.1174853776869137
3336,train,O=C(Nc1ccc(nc1)N2CCOCC2)c3oc(Nc4ccccc4)nn3,2.9,2.9890404427828003,0.08904044278280043
3514,train,CN1C(=O)N(CC2CC2)c3nn(Cc4cn(C)c5ccc(Cl)cc45)c(c6cc(oc6C)S(=O)(=O)C)c3C1=O,4.48,4.235683112870211,-0.2443168871297896
1461,train,CC(C)NCCCOc1ccc(NC(=O)C)cc1CC=C,-0.01,0.07222195349425053,0.08222195349425053
1016,train,OC(=O)[C@H](Cc1ccc(OCCNc2nc3ccccc3[nH]2)cc1)NC(=O)c4c(Cl)cccc4Cl,0.6,0.9205603522886936,0.3205603522886936
593,train,COc1cc2ncnc(Nc3ccc(OCc4ccccn4)c(C)c3)c2cc1OC,3.6,3.302628257422841,-0.2973717425771589
781,train,C[C@@H]1CN(Cc2ccc(F)cc2)[C@@H](C)CN1C(=O)c3cc4c(cn(C)c4cc3Cl)C(=O)C(=O)N(C)C,3.6,3.50384562027976,-0.09615437972023999
248,train,O=C1NC=Nc2[nH]ncc12,-0.42,-0.18513679384802595,0.23486320615197404
146,train,Clc1ccc(N2CCN(CC2)C(=O)COCc3cscn3)c(Cl)c1,3.07,2.7934128363863038,-0.27658716361369606
2249,train,C[C@H](CO)Nc1nc(SCc2csc(C)n2)nc3NC(=O)Sc13,1.73,1.569360256991542,-0.16063974300845807
37,train,Cn1cncc1c2c3C(=O)N(CC4CC4)C(=O)N(CC5CC5)c3nn2Cc6ccnc7ccc(Cl)cc67,4.33,3.6130212321719695,-0.7169787678280306
802,train,CN(c1ccnc(Nc2cccc(c2)S(=O)(=O)C)n1)c3cccc4[nH]ncc34,3.21,2.9779825419268873,-0.2320174580731127
385,train,CN1CCCC(CN2CCN(CC2)C(=O)Nc3ccc(Cl)c(Cl)c3)C1,1.98,1.962878195327593,-0.017121804672407093
3023,train,COc1nccnc1NS(=O)(=O)c2ccc(N)cc2,-0.65,-0.5078672365276327,0.14213276347236736
924,train,CN(C)CC(O)COc1ccc(Nc2nccc(n2)N(CC#N)c3cc(Cl)ccc3Cl)cc1,2.4,2.1856712920821484,-0.21432870791785152
722,train,CS(=O)(=O)Cc1cc(nc(n1)c2cccc3cc[nH]c23)N4CCOCC4,2.8,2.4873904501750372,-0.3126095498249626
903,train,O=C1C(=O)c2ccccc2c3ccccc13,2.6,2.5487056717439573,-0.05129432825604274
2347,train,COCCOc1nc(N)c2NC(=O)N(Cc3ccccc3)c2n1,2.26,2.4874847496679786,0.22748474966797883
1576,train,Cc1cc(C)cc(c1)c2[nH]c3ccccc3c2CCNCCCCc4ccncc4,3.3,3.1907831514042044,-0.10921684859579539
710,train,C[C@H](Nc1nc(Nc2cc(C)[nH]n2)cc(n1)N3CCOCC3)c4ncc(F)cn4,1.91,1.8258731623969675,-0.08412683760303241
3947,train,O=C(Oc1ccc2C(=O)CCOc2c1)c3ccccc3,3.6,3.463022829471016,-0.13697717052898417
3392,train,CC(C)(C)NC(=O)C(N(Cc1occc1)C(=O)c2ccc([nH]2)c3ccccc3)c4ccncc4,4.13,3.9122928771903345,-0.21770712280966542
1239,train,C[C@H]1COCCN1c2cc(CS(=O)(=O)C)nc(n2)c3ccc4[nH]ccc4c3,2.38,2.2814181053070595,-0.09858189469294043
770,train,CN(c1cccc(c1)C(=O)Nc2ccc(C)c(NC(=O)c3ccc4ncccc4c3)c2)S(=O)(=O)C,2.8,2.594977931211765,-0.2050220687882347
2795,train,Clc1cc(Cl)cc(NC(=O)NCC2(CCN(CC3CC3)CC2)c4ccc(cc4)c5cccc(c5)C#N)c1,3.37,3.4154709393388143,0.04547093933881419
3858,train,Cc1sc(nc1C(F)(F)F)N2CCN(CC2)C(=O)[C@@H]3CCCC[C@H]3C(=O)NC4(CC4)C#N,2.87,2.8561389249182607,-0.013861075081739394
3343,train,COc1c(C)cnc(Cn2cnc3c(Cl)nc(N)nc23)c1C,1.67,1.637973038833815,-0.032026961166184975
3082,train,COc1ncc(cn1)c2cccc3OC[C@H](Cc23)NC(=O)c4ccc(OCC(F)(F)F)nc4,4.3,4.0634890391953675,-0.2365109608046323
3424,train,Oc1cc(Cl)cc(Cl)c1,3.58,2.5165134682865764,-1.0634865317134237
1779,train,CC1=CN(Cc2ccccc2)C(=O)NC1=O,1.19,1.4424497398101337,0.25244973981013374
2774,train,C[C@H]1COCCN1c2nc(N3CCOC[C@@H]3C)c4ccc(nc4n2)c5cccc(c5)C(=O)NCCO,2.49,2.481211672308486,-0.008788327691514386
2331,train,COc1ccc(cc1)C(=O)N2CCCC2=O,0.93,1.3384733897778314,0.4084733897778313
2991,train,CN1C(=O)NC(=O)C(C)(C2=CCCCC2)C1=O,1.5,1.1366932641332825,-0.36330673586671747
630,train,Cc1nc(C)c(nc1C(=O)N)c2ccc3c(CC[C@@]34CC[C@@H](CC4)C(=O)O)c2,1.2,1.3696419692711128,0.16964196927111286
3205,train,C[C@](N)(Cc1ccccc1)c2ccccc2,1.7,1.6870761457768035,-0.012923854223196418
3886,train,COc1ccc(COc2nc(Br)cnc2NS(=O)(=O)c3ccc(C)cc3)cc1OCCN(C)C,1.68,1.7194706287752042,0.03947062877520424
2233,train,CNC1(C)C2CCC(C2)C1(C)C,-0.84,-0.06037148085756572,0.7796285191424343
2797,train,CC(C)c1ccc(NC(=O)NCCCSC[C@H]2O[C@H]([C@H](O)[C@@H]2O)n3cnc4c(N)ncnc34)cc1,2.5,2.346057579289981,-0.15394242071001907
2474,train,CC1CN(CCN1Cc2cc(Cl)ccc2OCC(=O)O)S(=O)(=O)c3ccccc3,0.69,0.4831182465097348,-0.20688175349026516
4088,train,CCNC(=O)c1cc2c(c(cnc2[nH]1)c3cnc(OC)c(c3)C4=NNC(=O)O4)n5ccc(n5)C(F)(F)F,2.32,2.470815464742718,0.15081546474271823
1948,train,CCCC[C@H](NC(=O)[C@H](CC(C)C)NC(=O)[C@H](CC(C)C)NC(=O)C)C=O,2.6,2.4286277387337334,-0.1713722612662667
2629,train,Cc1ncc(c2ccnc(Nc3ccc(cc3)S(=O)(=O)N)n2)n1C,1.6,1.5871709202556028,-0.012829079744397287
1202,train,CCC(C)(C)C[C@@H](N1CCC[C@@H](C1)N2C=C(C)C(=O)NC2=O)c3ccc(C(=O)O)c(Oc4cccc(Cl)c4)c3,1.37,1.337268973986001,-0.03273102601399902
1824,train,CC(C)(c1cc(nc(n1)c2cccc3[nH]ccc23)N4CCOCC4)S(=O)(=O)C,2.65,2.783782133094716,0.1337821330947162
2866,train,Fc1cc2N=CNC(=O)c2cc1F,1.5,1.1172996488154998,-0.3827003511845002
4124,train,O=C1NC(=O)C(Cc2ccc3ccccc3c2)S1,2.41,2.5997010772162854,0.18970107721628526
3872,train,N(c1ccccc1)c2ncnc3ccccc23,2.94,2.818457903525638,-0.1215420964743621
1293,train,Nc1nc(ns1)c2ccccc2,2.2,2.3055894945700652,0.10558949457006506
1234,train,Nc1nc(N)c(nc1Cl)C(=O)Nc2ccccn2,2.67,2.118657170427486,-0.5513428295725138
2986,train,CN(C)C(=O)[C@H](Cc1ccccc1)NC(=O)c2cc3cc(F)ccc3[nH]2,3.5,3.584408540548284,0.08440854054828417
3463,train,CCN(C(=O)C)c1cccc2c1c(Sc3ccc(Cl)cc3)c(C)n2CC(=O)O,1.61,1.5807433557825807,-0.02925664421741936
4092,train,CN(C)CC(O)COc1ccc(Nc2nccc(Nc3cc(C)ccc3F)n2)cc1,2.1,2.1073434350235365,0.007343435023536404
2092,train,CCN(CC)C(=O)c1ccc(cc1)C(=C2CCN(Cc3ccc(F)cc3)CC2)c4ccc(NC(=O)OC)cc4,4.01,4.044711718762285,0.03471171876228496
2094,train,CCN(C)C(=O)c1ccc(cc1)[C@@H](N2CCN(Cc3cccnc3)CC2)c4cccc(NC(=O)C5CCC5)c4,3.27,3.1695281890219302,-0.10047181097806979
3550,train,CCN(C1CCN(CCC(c2ccccc2)c3ccc(NC(=O)Cc4ccccc4)cc3)CC1)C(=O)Cc5ccc(cc5)S(=O)(=O)C,3.61,3.4535103076471074,-0.15648969235289245
2921,train,COc1cc(OC)cc(c1)c2cc3cnc(N)nc3nc2N,2.14,2.2133478918478255,0.07334789184782542
3633,train,CN1CCN(CC1)c2nc3ccccc3cc2Cn4nc(c5ccc6nc(N)sc6c5)c7c(N)ncnc47,3.09,3.346815936534882,0.2568159365348821
937,train,CC(NC(=O)c1c(C)nn(c1NS(=O)(=O)c2ccc(C)cc2)c3ccccc3)C(C)(C)C,1.21,1.276027669523843,0.06602766952384309
611,train,CS(=O)(=O)c1ccccc1C(=O)NCC(O)CNC2CCN(Cc3ccc(Cl)c(Cl)c3)CC2,1.21,1.500598044473498,0.29059804447349813
833,train,C1CC1Nc2ccc3nnc(c4ccccc4)n3n2,3.15,3.0332968547123134,-0.11670314528768655
433,train,CC(C)(C)c1cc2nc3C(=O)N(Cc4ccccc4)Cc3c(O)n2n1,1.9,1.9992982867145104,0.09929828671451046
1666,train,C[C@@](Cc1ccc(O)c(O)c1)(NN)C(=O)O,-0.7,-0.44565813191676096,0.254341868083239
795,train,COc1cc(ccc1Nc2ncc(Cl)c(n2)c3cnc4ccc(cn34)N(C)C)N5CCN(CC5)C(=O)C,4.1,3.968813430735751,-0.13118656926424865
3781,train,CSc1ncccc1C(=O)NCC2CCCCC2,2.93,2.9335685581257174,0.003568558125717214
1131,train,CN(C)CC(O)COc1ccc(Nc2ncc(C)c(Nc3ccccc3)n2)cc1,2.0,1.9228947336157134,-0.07710526638428661
191,train,Nc1nc(Nc2ccc(F)c(Cl)c2)c3nc[nH]c3n1,2.75,2.4789400145773484,-0.27105998542265164
970,train,[O-][N+](=O)c1cc(ccc1NCCSc2ccccc2)S(=O)(=O)NC(=O)c3ccc(cc3)N4CCNCC4,-0.04,-0.06545875510358945,-0.02545875510358945
2907,train,NCC[C@@H](Oc1nc(ccc1C#N)C(F)(F)F)c2oncc2,-0.49,-0.21851999348887707,0.2714800065111229
1462,train,CC(C)n1c(C)ncc1c2nc(Nc3ccc(cc3)N4CCOCC4)ncc2F,3.01,3.0775288461476613,0.06752884614766153
2593,train,COC1(CCOCC1)c2cc(F)cc(OCc3ccc4N(C)C(=O)C=Cc4c3)c2,3.52,3.4677534698808223,-0.05224653011917768
571,train,Oc1c(I)cc(I)c2cccnc12,2.19,2.116410264465727,-0.07358973553427273
1416,train,O=C(N1CC(=O)Nc2ccccc12)c3occc3,1.21,1.1896024875135218,-0.020397512486478142
3784,train,COc1ccc(cc1)c2cc(N)n3ncc(C#N)c3n2,2.42,2.424061639894047,0.004061639894047175
1537,train,Cc1ccc(Oc2ccnc(Nc3ccc(cc3)S(=O)(=O)N)c2)c(C)n1,2.47,2.3805413210666977,-0.0894586789333025
72,train,Cn1cncc1c2c3C(=O)N(CC#C)C(=O)N(CC4CC4)c3nn2Cc5ccnc6ccc(Cl)cc56,3.16,3.1448652273498916,-0.015134772650108541
3429,train,NC(=O)c1cccc(OC2CCN(Cc3ccccc3)CC2)c1,1.92,1.7496507378709945,-0.17034926212900547
3735,train,Fc1ccccc1Nc2oc(nn2)C(=O)Nc3ccc(cn3)N4CCOCC4,2.4,2.5979535253025956,0.1979535253025957
1763,train,CN1CC(c2ccccc2)c3cccc(N)c3C1,2.08,2.052981829114577,-0.02701817088542313
3695,train,CCN1CCN(Cc2cnc(c(C)c2)c3ccc(cc3)C(=O)Nc4ccccc4N)CC1,1.2,1.4423436901472986,0.24234369014729862
3345,train,CN[C@@H](C)C(=O)N[C@@H](C1CCCCC1)C(=O)N(C)[C@H]2CCCN(CCc3ccccc3)C2,2.34,2.6409718179344552,0.3009718179344554
1831,train,COC(=O)N1CCOc2cc(COc3ccccc3)cnc12,2.5,2.5280199259646903,0.028019925964690273
625,train,CC(O)(C(=O)Nc1ccc2c(c1)c3ccccc3S2(=O)=O)C(F)(F)F,3.0,3.0699324341706276,0.06993243417062756
2159,train,CC(C)C(NC(=O)CN1C(=O)C(=CC=C1c2ccccc2)NC(=O)NCc3ccc[n+]([O-])c3)C(=O)C(F)(F)F,1.48,1.6539008959558728,0.17390089595587277
829,train,Cc1cccc2c3CN(CCc3[nH]c12)C(=O)[C@@H]4CCCC[C@H]4C(=O)NC5(CC5)C#N,2.99,2.9405810250600553,-0.04941897493994496
4050,train,C[C@@H](NC(=O)C1CCNCC1)c2ccc(Nc3ncc4cc(ccc4n3)c5ccncc5)cc2,0.4,1.085342571599905,0.685342571599905
3537,train,COc1ccnc(NC2CCN(CC2)C(=O)c3ccc(cc3)C#N)c1,1.73,1.709659520835736,-0.02034047916426407
541,train,C[C@]12Cc3cnn(c3C=C1CC[C@@]2(O)CCc4ccc(F)cc4C(=O)N)c5ccc(F)cc5,3.8,3.581796508367877,-0.21820349163212294
135,train,Cc1ncc(nc1c2ccc(cc2)[C@@H]3CC[C@H](CC3)C(=O)O)C(=O)N,0.22,0.5903998075761694,0.3703998075761694
2434,train,OC(=O)COc1ccc(C(=O)c2cccs2)c(Cl)c1Cl,-0.84,-0.46612075216181426,0.3738792478381857
3213,train,C[C@H](CO)Nc1nc(SCc2ccccc2)nc3nc(N)sc13,3.12,2.99182819540534,-0.12817180459466027
1896,train,C[C@@H]1CN(CC2(CC2)C(=O)N)CCN1S(=O)(=O)c3ccc(cc3)C(C)(O)C(F)(F)F,1.03,0.8642618616613342,-0.1657381383386658
572,train,Clc1ccc2C(=O)C3=C(Nc2c1)C(=O)NN(CC#Cc4ccccc4)C3=O,1.78,1.7418096169897666,-0.038190383010233475
2575,train,Cc1ccc2c(c1)c(c(C)n2CC(=O)O)c3ccnc4c(cccc34)C(F)(F)F,1.27,1.2662194389945842,-0.0037805610054157945
1136,train,Oc1ccccc1CCC(=O)Nc2ccccc2,2.71,2.6017285447439966,-0.10827145525600335
1506,train,NC(=O)c1cc(cc(c1)[N+](=O)[O-])[N+](=O)[O-],0.81,0.5457740541071887,-0.26422594589281134
1792,train,Cn1cc(cc1c2c3C(=O)N(CC=C)C(=O)N(CC4CC4)c3nn2Cc5ccnc6ccc(Cl)cc56)C#N,4.27,4.121199839560731,-0.14880016043926858
3327,train,COCCNCc1cncc(n1)c2ccc(F)cc2OC,1.61,1.5919357037076893,-0.018064296292310766
3526,train,CN1C(=O)N(CC2CC2)c3nn(Cc4ccnc5ccc(Cl)cc45)c(c6cc(oc6C)S(=O)(=O)C)c3C1=O,3.2,3.5354818271536845,0.33548182715368435
2580,train,COc1ccc(cc1OC)C(=O)Nc2cc(NC(=O)c3cccc(c3)N(C)C)ccc2C,3.12,3.16258302027534,0.04258302027534011
3803,train,Fc1ccc(CC2=NNC(=O)c3ccccc23)cc1C(=O)N4CCN(CC4)C(=O)C5CCCO5,0.9,1.1727896658187644,0.2727896658187644
4180,train,CCCCC(CC)COC(=O)CC(C(=O)OCC(CC)CCCC)S(=O)(=O)O,2.93,2.858548577930385,-0.07145142206961497
694,train,CC(C)CN1C(=O)N(C)C(=O)c2c1sc(Cc3ccccc3C(F)(F)F)c2C(=O)N4CCC4,3.46,3.469051806008527,0.009051806008526952
3086,train,Clc1ccc2[nH]c(cc2c1)C(=O)N3CCNCC3,1.65,1.6286154294004773,-0.02138457059952259
1809,train,CC(C)N(C(C)C)C(=O)C(C(CNC(=O)NCc1ccccc1F)c2ccccc2)c3cccnc3,4.2,4.055475326299806,-0.14452467370019395
771,train,CC(C)[C@H](N(CCCN)C(=O)c1ccc(C)cc1)C2=Nc3cc(Cl)ccc3C(=O)N2Cc4ccccc4,2.88,2.7074555868187833,-0.1725444131812166
2875,train,OC(=O)CCc1oc(c2ccccc2)c(n1)c3ccccc3,1.2,1.3014645824275624,0.1014645824275624
3121,train,CCCN(CCC)S(=O)(=O)c1ccc(cc1)C(=O)O,0.03,-0.028854212101763643,-0.05885421210176364
1091,train,Oc1ccc(cc1)c2nc3ccccc3s2,4.1,3.826881821976424,-0.27311817802357563
1257,train,CS(=O)(=O)c1cccc(Nc2nccc(Nc3cccc4ncoc34)n2)c1,2.5,2.695488905258083,0.19548890525808282
3521,train,c1ccc2[nH]c(nc2c1)c3cscn3,2.35,2.3218785793806878,-0.02812142061931233
988,train,CC(C)n1c(C)ncc1c2ccnc(Nc3ccc(cc3)C(=O)N)n2,2.39,2.431077688957178,0.041077688957178005
3519,train,Cc1cc(Oc2ccnc(Nc3cccc(c3)N4CCOCC4)c2)c(nc1C)c5ccccn5,3.27,3.3047176709707164,0.03471767097071643
3326,train,Nc1c(nc(nc1N2CCOCC2)C#N)N3CCCC3,2.25,2.0820975728251523,-0.1679024271748477
1285,train,CCOc1ccccc1c2ccc(cc2)c3nc4ccncc4c(O)c3C#N,3.0,2.700183994816827,-0.29981600518317286
1742,train,CNC1=Nc2ncccc2C(=NC1c3cccs3)c4cccs4,2.63,1.9495581471956906,-0.6804418528043092
3494,train,FC(F)(F)c1nn(cc1C(=O)NCCNC(=O)c2ccc(Cl)cn2)c3ccccc3,3.8,3.4324658571042432,-0.3675341428957566
1237,train,CC1CN(C1)C(=O)c2nnc3c(cccc3c2N)c4ncccn4,1.21,1.308818714329767,0.09881871432976697
3787,train,CNC1=Nc2ncccc2C(=NC1c3cccs3)c4ccccc4,2.68,2.873313694823021,0.19331369482302074
449,train,CCc1c2CN3C(=O)C4=C(C=C3c2nc5ccc(O)cc15)[C@@](O)(CC)C(=O)OC4,1.6,1.8072023838783393,0.20720238387833922
568,train,CN(C)S(=O)(=O)c1ccc2Sc3ccccc3\C(=C\CCN4CCN(C)CC4)\c2c1,3.16,2.955071396796601,-0.204928603203399
1654,train,CCCCSc1nc(N)c2ncn(Cc3c(F)ccc(C)c3F)c2n1,3.0,3.0740597595447805,0.0740597595447805
2100,train,COc1ccccc1N2CCN(CC3=C(Br)C(=O)N(N3C)c4ccccc4)CC2,2.5,2.6862432163570356,0.18624321635703556
1804,train,CC(=O)N1CCN(CC(O)COc2ccc(Br)cc2)CC1,1.6,1.5046476060654363,-0.09535239393456374
926,train,Cn1nc(cc1NC(=O)Nc2ccc(Cl)cc2)C(C)(C)C,3.97,3.9233995551557,-0.04660044484430026
3815,train,C[C@H]1O[C@H]([C@H](O)[C@@H]1O)n2cnc3c(N)nc(OCC4CC45CC5)nc23,1.78,2.1038579793978234,0.32385797939782335
2482,train,Clc1ccc(cc1)C(=O)Cc2ccccn2,2.96,2.72301714763692,-0.23698285236307992
4107,train,CC(C)C(NC(=O)CN1C(=O)C(=CN=C1c2cc(F)cc(F)c2)N)C(=O)C(F)(F)F,1.38,1.4672456231456992,0.08724562314569928
2877,train,COc1ccc(nc1OC)N2CCN([C@H](C)C2)C(=O)[C@@H]3CCCC[C@H]3C(=O)NC4(CC4)C#N,2.3,2.5095701328111537,0.2095701328111539
2702,train,CC(C)C(NC(=O)CN1C(=O)C(=CC=C1c2cccc(c2)C(=O)O)NC(=O)OCc3ccccc3)C(=O)C(F)(F)F,1.2,1.228932392204059,0.028932392204058965
1011,train,NC(=O)c1cccc(O[C@@H]2C[C@H]3CC[C@@H](C2)N3CC4CC4)c1,0.07,0.4652347934933727,0.3952347934933727
3723,train,C[C@@H]1COCCN1c2cc(nc(n2)c3cccc4[nH]ccc34)C5(CC5)S(=O)(=O)C,2.7,2.816332990613952,0.11633299061395164
1106,train,OCC(=O)N1CCC[C@@H]1COc2cccc3ncnc(Nc4ccc(OCc5ccccn5)c(Cl)c4)c23,3.71,3.4486945229287578,-0.2613054770712422
616,train,Clc1ccc2[nH]c3CCN(Cc3c2c1)C(=O)[C@@H]4CCCC[C@H]4C(=O)NC5(CC5)C#N,3.65,3.6386080291192755,-0.011391970880724411
2098,train,Oc1ccc(cc1)C2=Cc3ccccc3OC2=O,3.0,3.1265654759948767,0.12656547599487666
2631,train,Clc1ccc(NC(=O)N2CCN(C[C@H]3CN(CCO3)C4CC4)CC2)cc1Cl,3.32,3.050025300313164,-0.26997469968683596
762,train,CC[C@H](NC(=O)c1c([S+](C)[O-])c(nc2cc(CN(C)C)ccc12)c3ccccc3)c4ccccc4,2.75,2.826605828855965,0.07660582885596501
3367,train,CCOC(=O)c1ccc(COC2CN(C2)c3ccc(C)nn3)cc1,2.5,2.5809039931718694,0.08090399317186936
2757,train,Cc1ccnc(NCc2c(O)ccc3ccccc23)c1,4.24,3.9119973631787035,-0.3280026368212967
3351,train,C[C@H](NC(=O)c1c(C)nn(c1NS(=O)(=O)c2cccnc2)c3ccc(F)cc3)C(C)(C)C,0.4,0.5110180223867018,0.11101802238670178
1208,train,Clc1cccc2c3CN(CCc3[nH]c12)C(=O)[C@@H]4CCCC[C@H]4C(=O)NC5(CC5)C#N,3.59,3.3621108676155402,-0.22788913238445963
3502,train,CN(C)C(=O)N[C@@H]1CC[C@@H](CN2[C@@H]3CC[C@H]2C[C@H](C3)Oc4cccc(c4)C(=O)N)CC1,-0.07,0.34794239817750516,0.41794239817750517
3958,train,COc1cccc(Nc2ncnc3cc(OC)c(OC)cc23)c1,3.1,3.2036164104912084,0.10361641049120829
648,train,CNC(=O)c1ccc(Oc2ccc(cc2)C#C[C@]3(O)CN4CCC3CC4)cc1,1.99,1.9388779796293587,-0.051122020370641286
4079,train,OCC(O)COC(=O)c1ccccc1Nc2ccnc3cc(Cl)ccc23,3.5,3.4548096314134664,-0.04519036858653358
3136,train,NC1(CCN(CC1)c2ncnc3[nH]ccc23)C(=O)NC(CS(=O)(=O)N)c4ccc(Cl)cc4,2.2,2.3290255098137167,0.12902550981371652
638,train,Cc1cc(Cl)ccc1OC2CCN(C[C@H](O)CNC(=O)C3=CNC(=O)c4c(F)cccc34)CC2,3.0,2.905215097361837,-0.09478490263816308
1563,train,CC(C)COc1cc(OC(C)C)cc(c1)C(=O)Nc2ccc(cn2)C(=O)O,1.6,1.507755734043088,-0.09224426595691204
3984,train,Cc1ccc(\C=C(/C#N)\C(=O)N)cc1,2.09,2.0058917606499964,-0.08410823935000344
3075,train,CCN(CCCOCCOCCc1ccccc1)CCc2ccc(O)c3nc(O)sc23,2.45,2.781943479989784,0.3319434799897838
3893,train,COc1cc(ccc1Nc2ncc(Cl)c(n2)c3cnc4ccccn34)C(CO)CO,3.1,3.241846710488076,0.14184671048807607
1691,train,Cc1ccc(CN2[C@@H]3CC[C@H]2C[C@H](C3)Oc4cccc(c4)C(=O)N)s1,2.39,2.241358408641997,-0.14864159135800303
1565,train,CNC(=O)c1ccc(Nc2nccc(n2)c3cnc(C4CC4)n3C(C)C)cc1,2.77,2.7610582965343173,-0.008941703465682682
1440,train,Nc1ncccc1NCc2cccc(c2)c3cccnc3,3.0,2.923755422401191,-0.0762445775988092
276,train,NC(=O)c1ccccc1OCc2ccccc2,2.5,2.0177516052029896,-0.4822483947970104
2061,train,Clc1cccc(c1)S(=O)(=O)NC(=O)N2CCC(CC2)N3CCC(CC3)Oc4ccc(Cl)c(Cl)c4,2.62,2.4299357159824915,-0.19006428401750863
3299,train,COc1cc2c(Nc3c(Cl)ccc4OCOc34)ncnc2cc1OCCCN5CCCC5,1.62,2.087864559124215,0.467864559124215
1181,train,OCC(=O)N1CCC(CC1)c2[nH]nc(c3ccc(Cl)cc3F)c2c4ccncn4,1.79,1.7545011882080854,-0.03549881179191461
3898,train,NC(=O)C(NC(=O)C1(N)CCN(CC1)c2ncnc3[nH]ccc23)c4ccc(Cl)cc4,2.2,2.4075833854406437,0.20758338544064348
690,train,CCS(=O)(=O)c1ccc(c(C)c1)c2cc(ccc2OCC(=O)N)C(F)(F)F,2.77,1.878242255939794,-0.891757744060206
228,train,O=C(CCc1ccccc1)c2ccccc2,3.77,3.218906081322084,-0.5510939186779162
3110,train,CC(C)C1NCCc2c1sc3ccccc23,2.8,2.5540346372672866,-0.2459653627327132
1689,train,CN1CCC[C@H]1CCN2CCCc3cc(NC(=N)c4cccs4)ccc23,0.37,0.4979812960325496,0.1279812960325496
3950,train,COc1ccc(cc1)c2nc3c(NCCCNC(=O)C4(CN)CC4)c(Br)cnc3[nH]2,1.9,1.435603639800211,-0.4643963601997889
3194,train,Cc1c(Sc2ccc(Cl)cc2)c3c(Cl)cccc3n1CC(=O)O,2.15,1.6295231011915114,-0.5204768988084885
1371,train,COc1ccccc1C2=COc3cc(O)ccc3C2=O,2.55,2.7948158428813796,0.2448158428813798
92,train,CN(C)C(=O)c1ccc(CN2CCc3cc4nc(N)sc4cc3CC2)cc1,1.72,1.5552390377570715,-0.16476096224292847
2422,train,O=C(NCC#N)[C@@H]1CCCC[C@H]1C(=O)N2CCCCC2,0.9,0.9699333539938981,0.0699333539938981
536,train,Oc1ccc(cc1)C2=Cc3ccc(O)cc3OC2=O,2.9,2.6596231723217816,-0.24037682767821833
2485,train,COc1ccccc1OCC(O)COC(=O)N,0.36,0.22369036286007682,-0.13630963713992317
3188,train,COc1ccccc1CN2C(C(=O)NC3CCC(C)CC3)c4ccccc4C2=O,3.74,3.398329503216641,-0.34167049678335903
3942,train,Cc1ccc(NC(=O)N2CCN(C[C@@H]3CCCN(C3)C4CC4)CC2)cc1Cl,3.37,3.0522872148876057,-0.3177127851123944
1905,train,Oc1nc2cc(Cl)c(Cl)c(c2nc1O)[N+](=O)[O-],0.21,0.6550224189817102,0.44502241898171024
2093,train,Cc1ccccc1CCOCCCS(=O)(=O)CCNCCc2ccc(O)c3nc(O)sc23,2.84,2.8085739219256127,-0.03142607807438713
1272,train,NS(=O)(=O)c1ccc(Nc2nccc(Nc3c(Cl)ccc4OCOc34)n2)cc1,2.7,2.8326702241102177,0.13267022411021756
3073,train,CN(C)CCOc1ccc(cc1)c2oc3ncnc(NC[C@@H]4CCCO4)c3c2c5ccccc5,3.6,3.677235202329472,0.07723520232947179
3260,train,COCCC(Oc1ncnc2c1cnn2c3ccccc3C(F)(F)F)C(=O)Nc4ccc(C)cn4,3.5,3.3091651132630835,-0.1908348867369165
1073,train,Fc1cc(cc(F)c1CN2CCOCC2)c3cccc4ncc(nc34)c5cnn(c5)C6CCNCC6,1.86,2.0514230231575037,0.1914230231575036
3923,train,Clc1ccccc1CNC[C@@H]2CC[C@@H](CNCc3ccccc3Cl)CC2,2.74,2.6392628728044194,-0.10073712719558081
896,train,COc1cc(ccc1Nc2ncc(Cl)c(n2)c3cnc4ccccn34)N5CCN(CCO)CC5,3.2,3.257852309795262,0.0578523097952619
2116,train,Cn1ncc(Cl)c1c2cc(sc2Cl)C(=O)N[C@H](CN)Cc3cccc(F)c3,2.99,2.5052307918265186,-0.48476920817348157
955,train,CS(=O)(=O)Cc1cc(nc(n1)c2cccc(CO)c2)N3CCOCC3,1.0,1.462637044183727,0.4626370441837271
3941,train,C[C@H]1O[C@H]([C@H](O)[C@@H]1O)n2cnc3c(N)nc(Oc4ccccc4)nc23,1.05,1.2887744328074608,0.2387744328074608
3896,train,CNS(=O)(=O)c1ccc(Nc2nccc(n2)c3cnc4cccnn34)cc1,2.8,2.5332172743322117,-0.26678272566778816
2928,train,CC12CCC3C(CCC4=CC(=O)CCC34C)C1CCC2O,3.3,3.456900813688376,0.15690081368837605
325,train,CN1CCC(CC1)n2cc(c(C)n2)c3cnc(N)c(c3)c4oc5ccccc5n4,3.4,3.2090019592826033,-0.19099804071739657
2088,train,Oc1ccc(Cl)cc1C(=O)Nc2ccc(F)cc2F,3.6,3.454673903423889,-0.14532609657611095
2413,train,O[C@@]1(CN2CCC1CC2)C#Cc3ccc(Oc4ccc(cc4)C(=O)NCc5ccncc5)cc3,2.31,2.5460655166120745,0.23606551661207442
516,train,COc1cccc2c(O)cc(nc12)c3ccccc3,2.3,2.4322270735608225,0.13222707356082264
3592,train,CCCCCCCCCC(=O)N[C@@H](Cc1c[nH]c2ccccc12)C(=O)N[C@@H](CC(=O)N)C(=O)N[C@@H](CC(=O)O)C(=O)N[C@H]3[C@@H](C)OC(=O)[C@H](CC(=O)c4ccccc4N)NC(=O)[C@@H](NC(=O)[C@@H](CO)NC(=O)CNC(=O)[C@H](CC(=O)O)NC(=O)[C@@H](C)NC(=O)[C@H](CC(=O)O)NC(=O)[C@H](CCCN)NC(=O)CNC3=O)[C@H](C)CC(=O)O,-0.94,-0.9819160448284228,-0.041916044828422816
2535,train,Cc1oc(cc1C(=O)Nc2cccc(c2)C(=O)O)c3ccccc3,1.63,1.8683095593186305,0.23830955931863063
3969,train,Cc1c(Cl)ccc(OC2CCN(CC3CCN(CC3)[C@@H](Cc4ccc(F)cc4)C(=O)O)CC2)c1Cl,3.15,3.0932180999333974,-0.05678190006660255
4001,train,COc1cc(ccc1Nc2nccc(n2)c3cnc4ccccn34)N5CCN(CC5)C(=O)C,3.0,2.9199457864177134,-0.08005421358228659
399,train,CN(C)CC(O)COc1ccc(Nc2cc(ncn2)N(CC#C)c3cc(Cl)ccc3Cl)cc1,2.8,2.656333186455917,-0.14366681354408284
264,train,CC(C)[C@@H](CO)NS(=O)(=O)c1ccc(Cl)s1,2.3,1.953782063110328,-0.34621793688967184
4089,train,Clc1cc(Cl)c2c3C(=O)NNC(=O)c3[nH]c2c1,1.02,1.2760903987329622,0.25609039873296213
1176,train,CCC(CC)n1nc(C)c(C(=O)N[C@@H](C)C(C)(C)C)c1NS(=O)(=O)c2ccc(C)cc2,1.88,1.2673039079168755,-0.6126960920831244
3253,train,Nc1ncnc2OCCN(C(=O)c12)c3ccc(cc3)[C@@H]4CC[C@@H](CC(=O)O)CC4,-0.5,-0.19128153923049274,0.30871846076950726
3599,train,CC(C)(C)C(=O)NCc1ccc(NC(=O)N2CCCC(O)(C2)c3ccc(Cl)c(Cl)c3)cc1,3.93,3.7064228388303473,-0.22357716116965287
1006,train,CCN(CC)CCNC(=O)c1ccc(N)cc1,-0.92,0.03979141249276852,0.9597914124927686
944,train,OCCN1CCN(CCCN2c3ccccc3Sc4ccc(Cl)cc24)CC1,3.6,3.6302452160770624,0.03024521607706232
2949,train,Oc1ccc(CCNCCS(=O)(=O)CCCOCCc2nccc3ccccc23)c4sc(O)nc14,2.35,2.518711917547152,0.1687119175471521
3438,train,CNCCC=C1c2ccccc2CCc3ccccc13,1.58,1.5901275362408644,0.010127536240864377
2915,train,OC(=O)Cc1ccccc1Nc2c(Cl)cccc2Cl,1.08,1.5412704518325062,0.46127045183250615
4140,train,CC(C)(C)C(=O)N[C@H]1CCCCNC1=O,0.58,0.7790713405507905,0.19907134055079057
3399,train,COc1ccccc1CNCc2ccc(CCNC[C@H](O)c3ccc(O)c4NC(=O)Sc34)cc2,0.15,0.5519390397295829,0.4019390397295829
967,train,CCN(CC)C(=O)c1ccc(cc1)C(=C2CCN(Cc3ccc(F)cc3)CC2)c4cccnc4,3.65,3.1975572714941016,-0.4524427285058983
1790,train,CCn1cc(NC(=O)Cc2ccc(Oc3ccnc4cc(F)ccc34)cc2OC)cn1,3.93,3.8458407411878417,-0.08415925881215847
2707,train,OC(=O)C1=CN(C2CC2)c3cc(N4CCN(CC4)C(=O)CC[N+](=O)[O-])c(F)cc3C1=O,0.22,0.11470674197169606,-0.10529325802830394
1943,train,O[C@H](CNC(=O)C1=CNC(=O)C=C1C(F)(F)F)CN2CCC(CC2)Oc3ccc(Cl)c(Cl)c3,2.71,2.737495834440542,0.027495834440542044
1957,train,O=C(NC1(CC1)C#N)[C@@H]2CCCC[C@H]2C(=O)N3CCc4[nH]c5ncccc5c4C3,2.13,2.391538700176029,0.261538700176029
4084,train,C1CN2CCC1C(C2)c3ccc(cc3)c4ccccc4,1.76,2.1617305364123793,0.4017305364123793
3979,train,CCC(=O)N1CCN(CC1)C(=O)c2cc(CC3=NNC(=O)c4ccccc34)ccc2F,1.22,1.2561570998682785,0.03615709986827853
3215,train,C[C@@H]1CN(CCN1c2ncc(OCc3ccncc3C#N)cn2)c4noc(n4)C(F)F,2.85,2.9634733073383717,0.11347330733837158
1158,train,CN1CCCC(COc2nccc(Nc3cc(NC(=O)c4ccnc(c4)N5CCOCC5)ccc3C)n2)C1,1.9,1.9815906900013556,0.08159069000135566
1888,train,CC(C)C(NC(=O)CN1C(=O)C(=CC=C1c2ccccc2)NC(=O)Cc3ccc(cc3)C(=O)O)C(=O)C(F)(F)F,0.35,0.7379148540329403,0.38791485403294035
3340,train,CC(C)Cn1cnc(c2ccccc2)c1c3nc4c(N)ncnc4s3,3.72,3.4818096090396873,-0.23819039096031291
2761,train,COc1cc2ncnc(Nc3ccc(F)c(Cl)c3)c2cc1OCCCN4CCCCC4,3.3,3.360926163077334,0.06092616307733412
1319,train,C[C@H]1O[C@H]([C@H](O)[C@@H]1O)n2cnc3c(N)nc(OCC4CCC(F)(F)CC4)nc23,1.72,1.9411190329306898,0.2211190329306898
1019,train,CCN(C1CCN(CCC(N2CCN(CC2)c3ccccc3)c4ccccc4)CC1)C(=O)Cc5ccc(cc5)S(=O)(=O)C,2.67,2.571743921608076,-0.09825607839192374
4145,train,O=S(=O)(Nc1cccc2[nH]ncc12)c3cccs3,1.7,1.8685597269559675,0.16855972695596755
4016,train,CC(C)NC(=O)c1cc2c(c(cnc2[nH]1)c3cncc(c3)C(=O)O)n4ccc(n4)C(F)(F)F,-0.62,-0.39693850603073866,0.22306149396926134
753,train,CN1CCN(CC1)c2ccc3N=CN(C(=O)c3c2)c4cc(NC(=O)c5ccc(cc5)C#N)ccc4C,2.73,2.5383256359290227,-0.19167436407097727
3987,train,C1CN2CCC1C(=C2)c3oc4ccccc4c3,2.59,2.680464427499478,0.09046442749947836
2426,train,COc1ccc(cc1OC2CCCC2)[C@@]3(CC[C@H](CC3)C(=O)O)C#N,0.76,0.6912162951238283,-0.06878370487617169
2719,train,Clc1ccccc1C(=O)NCC23CC4CC(CC(C4)C2)C3,4.05,4.030669808500157,-0.01933019149984272
2029,train,Cc1c(CC(=O)O)c2cc(F)ccc2n1S(=O)(=O)c3ccc(cc3)S(=O)(=O)C,-0.44,-0.13461356446398076,0.30538643553601924
2906,train,CCC(N(CCCN)C(=O)c1ccc(C)cc1)C2=Nc3ccsc3C(=O)N2Cc4ccc(C)cc4,1.69,1.5798113643051148,-0.11018863569488513
4136,train,CC(=O)C1=Cc2ccc(O)cc2OC1=O,0.87,1.4197049728396895,0.5497049728396896
2681,train,CC(=O)Nc1nc(CCc2ccc(NC(=N)N)cc2)cs1,-0.82,-0.4848438762947396,0.3351561237052604
2690,train,NC(=N)c1cc2c(I)cccc2s1,0.74,0.9840574241982538,0.24405742419825383
140,train,CN1C(=O)N(CC2CC2)c3nn(Cc4ccnc5ccc(Cl)cc45)c(c6cc(cn6C)C#N)c3C1=O,3.67,3.5542103079201217,-0.11578969207987821
1018,train,C[C@@H]1NC(C)(C)CO[C@@]1(O)c2cccc(Cl)c2,1.69,2.034564129579252,0.34456412957925187
3876,train,COc1cc(F)ccc1c2cncc(CNC(=O)c3cnccn3)c2,2.5,2.384880462920369,-0.11511953707963096
2569,train,C[C@H](NC1=NC(=O)[C@@](C)(S1)C(F)(F)F)c2ccccc2F,3.1,2.8792258865456413,-0.22077411345435882
2269,train,COC1CCN(CC1)C(=O)C2CCN(CCc3c([nH]c4sc(cc34)C(C)(C)C(=O)N5C6CCC5CC6)c7cc(C)cc(C)c7)CC2,4.09,4.099987173001779,0.00998717300177887
1687,train,COc1cc(CO)cc(c1)N(C)c2ccnc(Nc3cc(cc(c3)N4CCOCC4)N5CCOCC5)n2,3.0,2.84195132060511,-0.1580486793948901
3481,train,COc1cc(ccc1Cn2ncc3ccc(NC(=O)CC4CCCC4)cc23)C(=O)NS(=O)(=O)c5ccccc5,1.6,1.635135933522255,0.03513593352225497
222,train,OCC[C@@]1(CCCNC1)c2ccc(Cl)c(Cl)c2,0.61,0.5563603546540743,-0.05363964534592569
1129,train,CCN(C1CCN(CCC(c2ccccc2)c3ccc(cc3)C#N)CC1)C(=O)Cc4ccc(cc4)S(=O)(=O)C,2.76,2.8330445581114816,0.0730445581114818
1803,train,NS(=O)(=O)c1cc2c(NCNS2(=O)=O)cc1Cl,-0.09,0.004878107400692944,0.09487810740069294
2211,train,CC1=CN([C@H]2CCCN(C2)S(=O)(=O)c3ccc(O)c(Oc4cccc(F)c4)c3)C(=O)NC1=O,1.6,1.7411296400193794,0.14112964001937933
3245,train,O=C(NCCCN1CCCCC1)C(c2ccccc2)c3ccccc3,1.33,1.4729342411206408,0.14293424112064068
579,train,CCc1nc2c(N)nc3ccccc3c2n1CCCCNS(=O)(=O)C,1.24,1.3802246574283505,0.14022465742835055
1459,train,COc1ccc(Oc2ncccc2C(=O)NCc3ccccc3Cl)cc1,3.59,3.736937804690471,0.14693780469047102
1947,train,Nc1nccc(\C=C\c2ccc(Cl)cc2)n1,3.5,2.9862902756552443,-0.5137097243447557
3567,train,Oc1ccc(CCNCCCNS(=O)(=O)CCOCc2cccc3ccccc23)c4sc(O)nc14,1.69,2.095846958969214,0.4058469589692142
334,train,COc1cc2ncnc(Nc3cc(NC(=O)c4ccnc(c4)N5CCOCC5)ccc3C)c2cc1OCCN6CCCC6,2.7,2.8153022118117548,0.1153022118117546
1569,train,CC1=C(C(=O)c2cc(O)c(O)c(CCc3ccc(C)cc3)c2C1=O)C4=C(C)C(=O)c5c(CCc6ccc(C)cc6)c(O)c(O)cc5C4=O,3.36,3.2116390710721046,-0.14836092892789532
3371,train,CS(=O)(=O)N1CCC(CC1)NC(=O)NC23CC4CC(CC(C4)C2)C3,2.7,2.126185530927911,-0.5738144690720892
307,train,CC[C@H](NC(=O)c1c(CN(C)C)c(nc2ccccc12)c3ccccc3)c4ccccc4,4.18,3.9652639489636536,-0.21473605103634608
2988,train,CCN1C(=O)N(CC)c2[nH]c(nc2C1=O)c3ccccc3,3.3,3.0798618010464014,-0.22013819895359843
1064,train,Cc1cccc(NS(=O)(=O)c2ccc(cc2)c3ccc(cc3)C#N)n1,2.42,2.346494723166188,-0.0735052768338118
1748,train,CN(C)CCNC(=O)c1ccc(Nc2ncc3cc(ccc3n2)c4ccncc4)cc1,2.29,2.3164852260734077,0.02648522607340764
2109,train,NC(Cc1ccccc1)c2ccccc2,1.32,1.2565502544286886,-0.06344974557131144
2784,train,CCCSc1nc(ccc1C(=O)N[C@@H]2C3CC4CC2C[C@@](O)(C4)C3)N5CCOCC5,3.2,3.2954401100047335,0.09544011000473329
1634,train,Fc1ccc(cc1)N2CCN(CC2)C(=O)[C@@H]3CCCC[C@H]3C(=O)NC4(CC4)C#N,2.12,2.248192815238366,0.128192815238366
623,train,CCN(CC)c1ccc(cc1)c2nn3c(nnc3s2)c4[nH]nc5CCCc45,3.37,3.433106216638672,0.06310621663867177
3806,train,CN1CCN(CC1)c2ccc3N=CN(C(=O)c3c2)c4cc(NC(=O)c5cocc5)ccc4C,2.43,2.245765589313666,-0.18423441068633428
1596,train,C[C@H](CO)Nc1nc(SCc2cccc(F)c2F)nc3NC(=O)C(=O)Nc13,2.48,2.4951856087865902,0.015185608786590254
1304,train,NC(=O)c1ccc(Br)cc1,1.75,1.7103086404666656,-0.03969135953333436
3718,train,CC(C)N1CCO[C@@H](CN2CCN(CC2)C(=O)Nc3ccc(Cl)c(Cl)c3)C1,2.77,2.6780441052739294,-0.09195589472607058
2787,train,Cc1cc(Cl)ccc1OC2CCN(C[C@H](O)CNC(=O)C3=CNC(=O)c4cc(ccc34)S(=O)(=O)C)CC2,2.42,2.1934430599103654,-0.22655694008963456
3313,train,C[C@H](CO)N1C=Cc2c(NC(=O)Cc3ccc(Cl)c(c3)C(F)(F)F)cccc2C1=O,3.49,3.666176354480587,0.176176354480587
1282,train,Nc1nonc1\C(=N\O)\Nc2ccc(F)c(Cl)c2,2.7,2.795186551279453,0.09518655127945275
113,train,CC(C)C[C@H](N)c1oc(nn1)S(=O)(=O)Cc2ccc(F)cc2,1.11,1.2948550310122613,0.1848550310122612
715,train,CC(C)c1nc2ccccc2n1c3nc(N4CCOCC4)c5nc(OC6CN(C6)C7CCS(=O)(=O)CC7)n(C)c5n3,2.9,2.897872245411879,-0.002127754588121089
3246,train,Nc1c(Nc2ccccc2)nc(nc1N3CCOCC3)C#N,2.72,2.979522997089029,0.2595229970890287
2678,train,OC1CCN(CC1)C(=O)c2ccc(cc2)C(=C3CCN(Cc4cscn4)CC3)c5cccc6cccnc56,1.89,2.1364683222848115,0.24646832228481164
1785,train,CC(C)c1nnc2ccc(cn12)c3ocnc3c4cc(F)ccc4F,2.44,2.5232160138420157,0.08321601384201571
3673,train,CN[C@@H](C)C(=O)N[C@@H](C1CCCCC1)C(=O)N[C@H]2CCCN(Cc3ccccc3)C2,2.01,2.0913613422596735,0.08136134225967373
3160,train,C(CN1CCCC1)Oc2ccc(Nc3ncc4cc(ccc4n3)c5ccncc5)cc2,2.66,2.653831727593541,-0.006168272406459341
3130,train,C[C@H](C(=O)O)c1cccc(c1)C(=O)c2ccccc2,-0.06,0.2578807724516399,0.31788077245163987
1117,train,CC(C)NCC(O)COc1nccs1,-0.97,-0.5580297391462219,0.4119702608537781
259,train,NC1(CCC1)c2ccc(cc2)c3nn4cccc4cc3c5ccccc5,3.3,2.989319585418382,-0.310680414581618
1207,train,CC(=O)Nc1ccc2ccn(c3cc(NCCN4CCCC4)n5ncc(C#N)c5n3)c2c1,2.24,2.535754863280263,0.2957548632802629
895,train,CNC(=O)Nc1nc2ccc(cn2n1)c3cncc(c3)S(=O)(=O)NC(C)(C)C,1.58,1.7279352081191222,0.14793520811912209
2801,train,CC(C)(C)NC[C@H](O)COc1nsnc1N2CCOCC2,-0.22,0.21544725402688036,0.43544725402688034
4061,train,NNC(=O)c1ccncc1,-0.57,-0.09885732253225177,0.4711426774677482
880,train,OC(=O)c1cccnc1N2CCC(CN3CCC(CC3)Oc4ccc(Cl)c(Cl)c4)CC2,1.71,1.909721438523527,0.19972143852352708
4071,train,CC1CN(CCN1)C(=O)c2cc3ccccc3[nH]2,0.94,1.0041681807720233,0.06416818077202335
366,train,Oc1cc(ccc1NC(=O)Nc2ccccc2Br)[N+](=O)[O-],3.9,3.7379116181593868,-0.16208838184061314
2429,train,CS(=O)(=O)c1cccc(Nc2nccc(Nc3cccc4[nH]ncc34)n2)c1,2.91,2.838274364348364,-0.07172563565163603
2944,train,Cc1cc(Nc2ccc(F)cc2)nc(N)n1,2.08,2.2497494972142036,0.16974949721420352
89,train,Cc1nc(C)c(nc1C(=O)N)c2ccc([C@@H]3CC[C@@H](CC(=O)O)CC3)c(F)c2,1.3,1.4330242343802349,0.1330242343802348
3936,train,CN(c1ccnc(Nc2cc(nc(n2)N3CCOCC3)N4CCOCC4)n1)c5cc(CO)ccc5C,3.9,3.7867428423347365,-0.11325715766526345
2064,train,Oc1ccc(cc1)C2=Cc3cc(O)ccc3OC2=O,2.9,2.7034705244361406,-0.19652947556385936
229,train,CCCCc1ncc(\C=C(/Cc2cccs2)\C(=O)O)n1Cc3ccc(cc3)C(=O)O,-0.9,-0.37565454666810183,0.5243454533318982
2247,train,COc1cc2c(Nc3ccc(Cl)cc3F)ncnc2cc1OC[C@@H]4CCCN(C)C4,2.9,2.7352923576802732,-0.16470764231972668
3240,train,Cc1cc(Cl)ccc1OC2CCN(CC3CCN(CC3)[C@@H](Cc4ccc(F)cc4)C(=O)O)CC2,2.53,2.498677999251594,-0.03132200074840563
2219,train,OC(CN1CCCCC1)(C(=O)c2ccccc2)c3ccccc3,3.41,2.7626604200590226,-0.6473395799409776
2037,train,COc1ccccc1C(=O)Nc2nc3ccccc3[nH]2,2.9,3.2839598623108532,0.38395986231085333
4125,train,Cc1ccc(cc1NC(=O)c2ccc(OCc3ccccn3)cc2)c4cn(C)cn4,2.54,2.6715249451747285,0.13152494517472846
987,train,COc1cc(ccc1Nc2ncc3N(C)C(=O)CCN(C4CCCCC4)c3n2)C(=O)NC5CCN(C)CC5,2.87,2.949945628445552,0.07994562844555198
750,train,CC1=CN([C@H]2CCCN(Cc3ccc(C(=O)O)c(Oc4cccc(Br)c4)c3)C2)C(=O)NC1=O,-0.51,-0.14812841037919489,0.3618715896208051
4005,train,OCCNC(=O)CN1C(=O)C(Cc2ccccc12)NC(=O)c3cc4cc(Cl)sc4[nH]3,3.05,3.1440393468126917,0.09403934681269188
3041,train,[O-][N+](=O)c1ccc2[nH]c(nc2c1)c3ccccn3,2.8,2.373787386714313,-0.4262126132856867
2624,train,CCN1CCN(Cc2cnc(c(Cl)c2)c3ccc(cc3)C(=O)Nc4ccccc4N)CC1,1.81,1.7691082542218792,-0.040891745778120825
3049,train,COc1cc(OC)cc(c1)C2=CC=C(NC(=O)OCc3ccccc3)C(=O)N2CC(=O)NC(C(C)C)C(=O)C(F)(F)F,2.26,2.5181855384366525,0.2581855384366527
3388,train,Clc1ccc(cc1)C(N2CCNCC2)c3ccccc3,1.94,1.856068815958329,-0.08393118404167099
1110,train,Cc1cc(O)ccc1N2C(=O)c3ccc(O)cc3C2=O,2.0,2.18387705642966,0.1838770564296599
3963,train,N[C@@H](Cc1ccc(F)cc1)C(=O)O,-1.06,-0.6458126427301711,0.4141873572698289
164,train,FC(F)(F)c1nnc2ccc(nn12)N3CCCCC3,3.0,3.0355260938026962,0.035526093802696224
362,train,CN(C)CC(O)COc1ccc(Nc2cc(ncn2)N(CC#N)c3cc(Cl)ccc3Cl)cc1,2.1,2.5217242908001767,0.4217242908001766
1281,train,CN(C)c1ncnc2nc[nH]c12,0.95,0.5291303214523524,-0.42086967854764756
1231,train,COc1cccc(Oc2cncnc2O)c1,0.59,0.7704281262425379,0.1804281262425379
2531,train,O=C(CC1CCCCCC1)Nc2cccc3C(=O)N(C=Cc23)[C@H]4CCNC4,1.15,1.3940361071387135,0.2440361071387136
1038,train,Fc1ccccc1COc2cc(OCCCN3CCCC3)ccc2C(=O)Nc4ccccc4,3.85,3.5988024436560164,-0.25119755634398366
2897,train,COc1cccc(c1)c2cc3c(N[C@H]4CCCNC4)ncc(C(=O)N)c3s2,1.82,1.9977236966917395,0.17772369669173949
2936,train,[O-][N+](=O)c1ccc2C(=O)C(=O)c3ccccc3c2c1,2.56,2.5395352251674703,-0.02046477483252973
3024,train,NC(=O)c1cnc(N[C@H]2CCCNC2)c3cc(sc13)c4ccc(Cl)c(F)c4,2.76,3.0269435605449138,0.26694356054491397
4174,train,C(Cn1c2CCCCc2c3c(nc(nc13)N4CCCC4)N5CCCC5)N6CCOCC6,3.6,3.353266917287188,-0.24673308271281202
470,train,O=C(N1CCCC1)c2ccc(cc2)C(=C3CCN(Cc4cscn4)CC3)c5cccc6cccnc56,2.75,2.5451408222877543,-0.2048591777122457
1047,train,CS(=O)(=O)C1(CC1)c2cc(nc(n2)c3ccccc3)N4CCOCC4,2.6,2.1890998134540407,-0.4109001865459594
573,train,O[C@@H](CNCCc1ccc(CNCCc2ccccc2F)cc1)c3ccc(O)c4NC(=O)Sc34,1.3,1.1657366174809984,-0.1342633825190016
1776,train,Fc1ccc(N2CCN(CC2)C(=O)COCc3ccncc3)c(Cl)c1,2.63,2.914425278036722,0.28442527803672224
3276,train,CC[C@@H](N1CCC[C@@H](C1)N2C=C(C)C(=O)NC2=O)c3ccc(C(=O)O)c(Oc4cccc(Cl)c4)c3,0.22,0.40713421257730653,0.18713421257730653
606,train,C[C@H](NC(=O)c1c(C)nn(c1NS(=O)(=O)c2ccc(C)cc2)C(C)(C)C)C(C)(C)C,1.84,1.4732530035597402,-0.3667469964402599
3500,train,OC(=O)C[C@@H]1CC[C@H](CC1)c2ccc(cc2)c3ccc(Nc4ccc(nc4)C(F)(F)F)cn3,3.8,3.141937578642379,-0.6580624213576209
3475,train,CN1CCN(CCCN2c3ccccc3Sc4ccc(Cl)cc24)CC1,3.92,3.908562422795443,-0.011437577204556959
1183,train,NC(=O)c1cnc2[nH]c(nc2c1NCCCNC(=O)C3CCC3)c4ccc(OCCN5CCCCC5)cc4,2.48,2.345089696531528,-0.13491030346847177
1562,train,COc1ccc2C=CC(=O)N(CCN3CCC(CC3)NCc4cc5OCCOc5cn4)c2c1,1.31,1.1621085887553833,-0.1478914112446168
1906,train,CNCC[C@@H](Oc1cc(OC)ccc1C#N)c2ccccc2,0.87,0.6810857112735458,-0.18891428872645422
561,train,CCCCN(CCCC)CCCOC(=O)c1ccc(N)cc1,1.93,1.829948363675899,-0.10005163632410086
3604,train,CCCSc1nc(N[C@@H]2C[C@H]2c3ccccc3)c4nnn([C@@H]5C[C@H](OCCO)[C@@H](O)[C@H]5O)c4n1,3.87,4.090884174721396,0.22088417472139632
1642,train,CN(C)C\C=C\C(=O)Nc1cc2c(Nc3ccc(F)c(Cl)c3)ncnc2cc1O[C@H]4CCOC4,3.7,3.5744817053153053,-0.1255182946846949
2534,train,Cc1ccc(cc1NC(=O)c2ccc(OCc3ccccn3)cc2)c4ncc(CN5CCOCC5)s4,3.1,3.137872994141934,0.03787299414193379
1673,train,COc1ccc2nc(C)cc(OCC(=O)Nc3ccccc3OC)c2c1,3.9,3.856187460769476,-0.04381253923052375
1963,train,COCCOC(=O)C1=C(C)NC(=C(C1c2cccc(c2)[N+](=O)[O-])C(=O)OC(C)C)C,3.8,3.5367828990484256,-0.26321710095157425
3269,train,Oc1c2C(=O)N(NC(=O)c2nc3cc(Cl)ccc13)C(c4ccccc4)c5ccncc5,1.1,1.1344806189441827,0.03448061894418264
112,train,OC(C(=O)c1ccc(F)cc1)c2ccc(F)cc2,2.49,2.3510735520475907,-0.1389264479524095
1944,train,CC(C)C(NC(=O)CN1C(=O)C(=CC=C1c2ccccc2)NS(=O)(=O)C(F)(F)F)C(=O)C(F)(F)F,1.01,1.5100344598499778,0.5000344598499777
217,train,CC(C)CN1C(=O)N(C)C(=O)c2c1sc(Cc3c[nH]c4ccccc34)c2C(=O)N5CC[C@@H](O)C5,2.35,2.0738060831596967,-0.27619391684030337
2966,train,Cc1ncsc1CCOCCCS(=O)(=O)CCNCCc2ccc(O)c3nc(O)sc23,1.44,1.3912460602262002,-0.048753939773799715
2958,train,C[C@H](Nc1nc(Nc2cc(C)[nH]n2)cnc1C#N)c3ncc(F)cn3,1.96,2.0691216389523315,0.10912163895233151
1914,train,CCCc1cc(cc(OC)c1OC)C2=N[C@H](CO2)C(=O)NO,1.69,1.5317677901068545,-0.15823220989314546
344,train,Cc1ccc(cc1NC(=O)c2cnn(c2N)c3ccccc3F)C(=O)Nc4ccon4,2.6,2.615823689799044,0.015823689799043805
4118,train,CC[C@H](NC(=O)c1c([S+](C)[O-])c(nc2ccccc12)c3ccccc3)c4ccccc4,3.17,3.1427169936015837,-0.027283006398416187
106,train,COc1cc2ncc(C(=O)N)c(Nc3ccc(F)cc3F)c2cc1N4CCN(C)CC4,2.18,2.0431791249527778,-0.1368208750472224
590,train,Nc1ccccc1NC(=O)c2ccc(cc2)N3CCOCC3,1.2,1.2578025378439546,0.057802537843954616
3882,train,CC(C)n1c(C)ncc1c2ccnc(Nc3ccc(cc3)C(=O)NC4CCN(C)CC4)n2,1.87,1.818738391495488,-0.05126160850451211
3511,train,NC(=O)c1nnn(c1N)c2ccccc2,0.74,0.7589399328176587,0.01893993281765871
3391,train,NC1(CCC1)c2ccc(cc2)c3nc4ccccn4c3c5ccccc5,2.8,2.7042538759255343,-0.09574612407446548
3608,train,COc1ccc(cc1Cl)C(=O)NCCN2CCN(Cc3ccc(Cl)c(Cl)c3)CC2,3.74,3.219163710931567,-0.5208362890684333
2728,train,COc1ccc2c(c1)c(c(C)n2CC(=O)O)c3ccnc4cc(Cl)ccc34,1.16,1.3180691726951892,0.15806917269518928
1641,train,COCCOc1cc2ncnc(Nc3cccc(c3)C#C)c2cc1OCCOC,3.35,3.3118972997900276,-0.03810270020997253
1046,train,CC(=O)NC[C@H]1CN(C(=O)O1)c2ccc(c(F)c2)n3ccc(c3)C#N,1.6,1.6099914891166027,0.009991489116602636
3720,train,CC(C)n1c(C)ncc1c2ccnc(Nc3ccc(C(=O)N(C)C)c(F)c3)n2,2.74,2.8052992228606906,0.06529922286069034
764,train,OC(=O)c1cccc(c1)C(=O)N2CCC(CC2)N3CCC(CC3)Oc4ccc(Cl)c(Cl)c4,1.23,1.4299267183466584,0.19992671834665843
906,train,Fc1ccc(cc1)n2cc(C3CCNCC3)c4cc(Cl)ccc24,2.4,2.442203298482286,0.04220329848228621
720,train,Cc1cnc(NC(=O)Cc2ccccc2)s1,2.9,2.3923333873656447,-0.5076666126343552
233,train,O=C(Nc1nc2C(=O)NC=Nc2s1)c3ccccc3,1.94,2.0884737829356523,0.1484737829356524
1714,train,CCCSc1c(cnn1[C@@H]2CC[C@@H](CC2)C(=O)O)C(=O)NC3CCCCC3,1.39,1.163481589365329,-0.22651841063467093
4030,train,COc1cc(OC)c(cc1NC(=O)NCC(=O)O)S(=O)(=O)N2C(C)CCc3ccccc23,-1.02,-0.6568133238504639,0.36318667614953615
1149,train,CC(NCC(O)c1ccc(cc1)[N+](=O)[O-])C23CC4CC(CC(C4)C2)C3,3.53,3.048292865199483,-0.48170713480051663
34,train,O=C(NCc1ccncc1)c2ccc(Oc3ccccc3C#N)cc2,2.57,2.7037245823976397,0.13372458239763985
2846,train,CN1CCc2cc(Cl)c(O)cc2[C@H](C1)c3ccccc3,2.5,2.456972312003015,-0.04302768799698509
4049,train,OC(=O)COc1ccc(Cl)cc1CN2CCN(CC2)S(=O)(=O)Cc3ccccc3,0.33,0.5451278192748872,0.21512781927488717
3316,train,CCNC(=O)c1cc2c(c(cnc2[nH]1)c3cc(cnc3OC)C4=NNC(=O)O4)n5ccc(n5)C(F)(F)F,2.91,2.710076449596235,-0.1999235504037653
1557,train,Cc1ccc2nc(NCCN)c3ncc(C)n3c2c1,0.88,0.9891205782804613,0.10912057828046129
4054,train,COc1cc(Nc2cc(Oc3ccc(C)nc3)ccn2)cc(OC)c1OC,3.21,3.5903244821820093,0.3803244821820093
3196,train,CN(C)C(=O)C1(CCN(CC[C@H](CN(C)C(=O)c2cc(cc3ccccc23)C#N)c4ccc(Cl)c(Cl)c4)CC1)N5CCCCC5=O,2.52,2.6872524386223304,0.1672524386223304
2280,train,CN1CCC(CC1)Oc2nccc(Nc3cc(NC(=O)c4ccnc(c4)N5CCOCC5)ccc3C)n2,1.8,2.1414059712374685,0.3414059712374684
2773,train,Cc1nc(C)c(nc1C(=O)N)c2ccc3c(CC[C@@]34CC[C@H](CC4)C(=O)O)c2,1.3,1.3696419692711128,0.06964196927111277
234,train,CC[C@H](NC(=O)c1c([S+](C)[O-])c(nc2ccccc12)c3ccc(F)cc3)c4ccccc4,3.72,3.547209587935311,-0.17279041206468904
1864,train,CC(C)CN1C(=O)N(C)C(=O)c2c1sc(Cc3c[nH]c4ncccc34)c2C(=O)N5CC[C@@H](O)C5,1.71,1.6924917667769934,-0.017508233223006542
1024,train,C[C@@H](NC(=O)c1cccnc1Oc2ccccc2)c3ccccc3,3.14,3.189956975652394,0.049956975652393876
2290,train,COc1cc(ccc1Nc2ncc(Cl)c(n2)c3cnc4ccccn34)N5CC6CNCC(C5)O6,2.3,2.2643832686875256,-0.035616731312474226
1990,train,C(Nc1nc2ccccc2[nH]1)c3ccccc3,2.76,2.8565430514826753,0.0965430514826755
3490,train,CN(C)CC(C)(C)COc1nccc(Nc2cc(NC(=O)c3ccnc(c3)N4CCOCC4)ccc2C)n1,2.2,2.06543163013289,-0.13456836986711007
3799,train,O=C(Nc1ccc(cc1)N2CCOCC2)c3oc(Nc4ccccc4)nn3,3.15,2.6586490269708687,-0.4913509730291312
212,train,CCCCCC[C@H]1OC(=O)CNC(=O)[C@H](NC(=O)[C@H](CO)NC(=O)[C@@H](NC(=O)[C@H](CC(C)C)N(C)C(=O)[C@@H]1C)[C@H](C)CC)[C@H](C)O,3.2,3.022239730157809,-0.1777602698421914
459,train,CS(=O)(=O)Nc1ccc(CCOCCCS(=O)(=O)CCNCCc2ccc(O)c3nc(O)sc23)cc1,1.34,1.5221479747598707,0.18214797475987066
2873,train,CCOc1ccc(CCNCCCSCCNC[C@H](O)c2ccc(O)c3NC(=O)Sc23)cc1,0.41,0.5900144303598702,0.18001443035987025
760,train,OCC[C@@]1(CCCNC1)c2oc3ccccc3c2,0.12,0.3017325371257198,0.1817325371257198
1314,train,COc1ccc2N=CC(=O)N(CCN3CC[C@@H](NCc4ccc5OCC(=O)Nc5n4)[C@@H](F)C3)c2c1,0.83,0.7782720951193078,-0.05172790488069212
2888,train,C[S+]([O-])c1ccc(\C=C/2\C(=C(CC(=O)O)c3cc(F)ccc23)C)cc1,-0.01,-0.04046811451124377,-0.030468114511243767
4065,train,Cc1cccc(Nc2ncnc3ccccc23)c1,3.21,3.5232273968769463,0.31322739687694634
4033,train,CCCNC(=O)c1cc2c(c(cnc2[nH]1)c3cncc(c3)C(=O)O)n4ccc(n4)C(F)(F)F,-0.79,-0.7019070923686748,0.08809290763132527
425,train,NC(=O)Nc1sc(cc1C(=O)N)c2ccc(OCCN3CCCCC3)cc2,1.2,1.7015987151144278,0.5015987151144279
376,train,Nc1nc(OCc2nccs2)nc3c1ncn3[C@@H]4O[C@H](CF)[C@@H](O)[C@H]4O,0.47,0.6816302825226925,0.21163028252269256
2583,train,COc1ccc(cc1)c2nc3c(NCCCNC(=O)c4ccccc4)c(Br)cnc3[nH]2,0.25,1.6668714954586275,1.4168714954586275
708,train,C[C@H]1CN(Cc2cc(Cl)ccc2OCC(=O)O)CCN1C(=O)Cc3ccc(Cl)cc3,1.21,0.709486589512309,-0.5005134104876909
985,train,Oc1ccc(NC(=O)c2ccc(O)cc2)cc1,1.5,1.746691949248167,0.24669194924816695
458,train,CCCSc1nc2ccc(NC(=O)CCC(=O)O)cc2s1,0.5,1.0634949794508977,0.5634949794508977
3489,train,CO[C@H]1CN(CCCOc2ccc(F)cc2)CC[C@H]1NC(=O)c3cc(Cl)c(N)cc3OC,3.56,3.4385652053312405,-0.1214347946687595
429,train,CS(=O)(=O)c1cccc(Nc2nccc(Nc3c(Cl)ccc4OCOc34)n2)c1,3.13,3.1011657277970928,-0.02883427220290713
1564,train,Clc1ccc2NC(=O)CN(C(c3ccccc3)c2c1)C(=O)c4ccccc4,3.31,2.872121956774772,-0.4378780432252283
3545,train,CN1CCN(CC1)c2ccc3ncc(C(=O)N)c(Nc4ccc(Cl)cc4Cl)c3c2,3.23,3.109152620202382,-0.12084737979761817
765,train,Cc1c(Sc2ccc(Cl)cc2)c3cc(F)ccc3n1CC(=O)O,1.84,1.8301189323335914,-0.009881067666408727
2965,train,Nc1nc(OC2CCCC2)nc3c1ncn3[C@@H]4O[C@H](CO)[C@@H](O)[C@H]4O,0.79,0.7780851634470451,-0.011914836552954888
3883,train,NS(=O)(=O)c1cccc2c3nc(O)c(O)nc3cc(c12)[N+](=O)[O-],0.36,0.20825209478186935,-0.15174790521813064
2440,train,Nc1ncnc2c1ncn2[C@@H]3O[C@H](CSCCCNC(=O)Nc4ccccc4)[C@@H](O)[C@H]3O,1.9,1.4686538612514706,-0.43134613874852934
1772,train,CN1C(=O)N(CC2CC2)c3nn(Cc4ccnc5ccc(Cl)cc45)c(c6cncn6C)c3C1=O,2.69,3.084910486407787,0.39491048640778725
975,train,Cc1ccc(COC(=O)N2CCC(CNc3ncccn3)CC2)cc1,3.6,3.486560970166126,-0.1134390298338741
3320,train,C[C@H](N)COc1c(C)cccc1C,0.6,0.6596624274316223,0.05966242743162231
405,train,CC(C)CNc1nc(nc(N2CCNCC2)c1N)C#N,0.7,1.1028320757892378,0.40283207578923785
1022,train,Clc1cc(Cl)cc(c1)S(=O)(=O)NCC(N2CCCCCC2)c3ccccc3,3.36,3.4175996865983143,0.05759968659831438
2329,train,O=C1CCOc2nc(ccc12)C#CC3CCCCC3,3.3,2.9994025580576764,-0.3005974419423234
103,train,CC(C)CC(N1NC(=O)c2nc3cc(Cl)ccc3c(O)c2C1=O)c4ccncc4,1.64,1.5367537688800175,-0.10324623111998243
707,train,OC(=O)c1[nH]c2ccccc2c1CCCOc3cccc4ccccc34,2.75,2.418201318274716,-0.3317986817252838
644,train,C[C@H]1COc2c(N3CCN(C)CC3)c(F)cc4C(=O)C(=CN1c24)C(=O)O,-0.35,-0.27667829354340334,0.07332170645659664
637,train,Cc1nnc(N)s1,-0.4,0.05466672974880149,0.4546667297488015
3090,train,CCN(CC)CCNC(=O)c1cc(ccc1OC)S(=O)(=O)C,-0.9,-0.3343948304010089,0.5656051695989911
2302,train,O=C(Nc1nccs1)[C@H](CC2CCOCC2)c3ccc(cc3)S(=O)(=O)C4CC4,2.55,2.699539805116979,0.14953980511697917
3756,train,O=C(C1CC1)c2ccc(OCCCc3c[nH]cn3)cc2,2.68,2.3476959232449373,-0.3323040767550629
1248,train,Nc1nnc(Cc2ccc(Cl)cc2)s1,2.34,1.947692781543996,-0.3923072184560039
3677,train,N[C@@H](Cc1c[nH]c2ccccc12)C(=O)O,-1.08,-0.7599709842575062,0.32002901574249387
4106,train,CN(C)C(=O)[C@H](Cc1ccccc1)NC(=O)c2cc3ccsc3[nH]2,3.1,3.1398983881573677,0.03989838815736757
2228,train,Cc1ccc(cc1)S(=O)(=O)NC(=O)N2CCC(CC2)N3CCC(CC3)Oc4ccc(Cl)cc4C,1.79,1.7770769128984631,-0.01292308710153689
2382,train,Oc1cc(O)c2C(=O)C=C(Oc2c1)c3ccccc3,3.83,3.7287031631795386,-0.10129683682046142
2651,train,COCCOc1ccc(Nc2ncc3cc(ccc3n2)c4ccncc4)cc1,3.1,3.1478289805456328,0.04782898054563267
2904,train,COC(=O)c1ccc(cc1)C(C)N2NC(=O)C3=C(C2=O)C(=O)c4ccc(Cl)cc4N3,1.3,1.3739205343991863,0.07392053439918622
2974,train,CCN(C1CCN(CC[C@H](N2CCN(CC2)S(=O)(=O)C(F)(F)F)c3ccccc3)CC1)C(=O)Cc4ccc(cc4)S(=O)(=O)C,2.86,2.620844382508582,-0.23915561749141778
2551,train,CCN(c1ccnc(Nc2cc(cc(c2)N3CCOCC3)N4CCOCC4)n1)c5cc(CO)ccc5C,3.8,3.2817126391854634,-0.5182873608145364
2274,train,CN(C)CCCNS(=O)(=O)c1ccc(Nc2nccc(n2)c3cnc4ccccn34)cc1,1.9,1.755224065605482,-0.14477593439451786
639,train,NC(=N)c1ccc(cc1)C(=O)N2CCN(CC2)S(=O)(=O)c3ccc4cc(Br)ccc4c3,0.36,0.6844424792940316,0.3244424792940316
2504,train,COc1cc(ccc1Nc2ncc(C#N)c(n2)c3cnc4ccccn34)N5CCN(CC5)C(=O)C,2.8,2.8578074663640898,0.057807466364089954
981,train,CN(C)CC1CCn2c(C1)c(C3=C(C(=O)NC3=O)c4cn(C)c5ccccc45)c6ccccc26,2.88,2.621048976354612,-0.258951023645388
4156,train,C[C@H](Nc1cncc(Nc2ncc(C)s2)n1)c3ncc(F)cn3,1.91,2.293084934454201,0.3830849344542011
2167,train,O=C(Nc1nccs1)c2ccccc2,2.43,2.3028307154497725,-0.1271692845502277
2997,train,COc1cc(OC)c(cc1NC(=O)C)S(=O)(=O)N(C(C)C)c2ccccc2,1.6,1.3280648121177454,-0.2719351878822547
419,train,CC(=O)Nc1ccc2nc(cc(O)c2c1)c3cccc(F)c3,2.41,2.4845885328909865,0.07458853289098633
2710,train,COc1cc2ncnc(Nc3ccc(F)cc3)c2cc1OC,3.1,3.0093310922276357,-0.09066890777236436
609,train,COc1cc(Nc2ncnc3cccc(O[C@H](C)C(=O)N4CCOCC4)c23)ccc1Oc5ccc(C)nc5,3.6,3.9109182364937047,0.31091823649370465
3523,train,C[C@H](CO)Nc1nc(SCc2cccc(F)c2F)nc3nc(C)cnc13,3.55,3.6173197168580966,0.06731971685809679
876,train,CN[C@@H](C)C(=O)N[C@@H](C1CCCCC1)C(=O)N[C@H]2CCCN(CCc3ccccc3)C2,1.65,1.7451982685654646,0.09519826856546465
3384,train,CC(C)Oc1cc(ccc1NC(=O)CN2CCOCC2)c3cccc4C(=O)C=C(Oc34)N5CCOCC5,3.0,2.758910522559255,-0.24108947744074483
3535,train,CC(O)C(C)OC(=O)[C@@H]1CC2C(Cc3cn(C(C)C)c4cccc2c34)N(C)C1,2.8,2.5976531433058794,-0.20234685669412045
2212,train,CC(C)[C@H](NC(=O)CCc1ccccc1)C(=O)N2CCCC2,2.49,2.2800482803646775,-0.20995171963532266
1477,train,CN1CCN(CC1)c2ccc3N=CN(C(=O)c3c2)c4cc(NC(=O)c5ccccc5F)ccc4C,2.75,2.8543107802014918,0.10431078020149176
538,train,CC(C)(C)c1cc(O)n2nc(N)nc2n1,-0.2,0.47800166689380896,0.6780016668938089
1115,train,C[C@H](Nc1nc(Nc2ncc(C)s2)c(F)c(n1)N3CCOCC3)c4ncc(F)cn4,3.27,3.0081538547662814,-0.26184614523371863
3576,train,CCCS(=O)(=O)c1ccc(cc1)C(CNS(=O)(=O)c2ccc(cc2)C(F)(F)F)N3CCCCCC3,3.32,3.609983100838523,0.2899831008385232
1793,train,O=C(NCC#N)c1ccc(cc1)c2ccnc(Nc3ccc(cc3)N4CCOCC4)n2,2.37,2.2902046215705507,-0.07979537842944939
1732,train,CNC(=O)c1ccc(Oc2ccc3CCN(CCc3c2)C4CCC4)nc1,1.45,1.6986092511056117,0.24860925110561172
732,train,CC(=O)CC(C1=C(O)c2ccccc2OC1=O)c3ccccc3,0.86,1.1935158758348383,0.3335158758348383
3810,train,CCNCc1cncc(n1)c2ccc(F)cc2OC,1.18,1.396724682561448,0.21672468256144817
669,train,CS(=O)(=O)c1ccc(cc1)N2CCN(CC2)C(=O)[C@@H]3CCCC[C@H]3C(=O)NCC#N,0.67,0.8728040886159703,0.2028040886159702
3694,train,COc1ccc(CC(=O)N(C)C2CCN(CCC(c3ccccc3)c4ccccc4)CC2)cc1OC,3.4,3.2302734700805518,-0.16972652991944814
2849,train,C1Oc2ccc(Oc3cc(Oc4ccc(cc4)n5ccnc5)ncn3)cc2O1,3.17,3.0650411608937898,-0.10495883910621018
1284,train,Cc1ccc(cc1)c2csc3ncnc(O)c23,2.59,2.460553883087366,-0.12944611691263397
4131,train,CCOc1ccccc1N2CCN(Cc3c[nH]nc3c4ccc(F)cc4)CC2,3.38,3.4197028897888995,0.039702889788899576
1166,train,CS(=O)(=O)c1ccc(cc1)c2cc(C(=O)N[C@H]3CCCNC3)c(NC(=O)N)s2,0.68,0.5512902666030344,-0.12870973339696568
1992,train,OCCOCCN1CCN(CC1)C(c2ccccc2)c3ccc(Cl)cc3,3.08,2.8160012899963998,-0.2639987100036003
1592,train,C[C@H](Nc1ncc(F)c(Nc2cc([nH]n2)N(C)C)n1)c3ncc(F)cn3,1.98,2.129040031105162,0.14904003110516184
3324,train,Cc1cnc([nH]1)c2cc(NC(=O)c3ccc(nc3C)C(F)(F)F)ccc2Cl,3.3,3.333610002626023,0.033610002626023316
709,train,Cc1nc2nc(nn2c(O)c1Cc3ccccc3)c4cccnc4,1.52,1.4652031247573047,-0.054796875242695275
2170,train,COc1cc(ccc1Nc2ncc(Cl)c(n2)c3cnc4ccccn34)N5CCNCC5,2.4,2.2180148840051013,-0.18198511599489864
910,train,CCCCNc1nc(N)c2NC(=O)N(Cc3ccc(OCCN(C)C)nc3)c2n1,1.9,2.051439024309446,0.1514390243094459
3228,train,CNc1c(Br)cnc2[nH]c(nc12)c3ccc(OCCN4CCN(C)CC4)cc3,2.91,2.663387992681354,-0.24661200731864596
506,train,Oc1cccc(c1)N2C(=O)c3ccc(O)cc3C2=O,2.0,2.0404397263912015,0.040439726391201525
3745,train,CCN(CC)S(=O)(=O)c1ccc(NC(=O)[C@@](C)(O)C(F)(F)F)c(Cl)c1,3.66,3.3993558797920924,-0.2606441202079077
797,train,COc1ccc(NC(=O)c2ccnc(N)n2)cc1,1.72,1.5769425593445516,-0.14305744065544834
958,train,CCOc1ccc2nc(N)sc2c1,2.4,2.550237792692319,0.15023779269231907
2903,train,COc1cc(ccc1Nc2ncc(Cl)c(n2)c3cnc4cc(ccn34)C#N)N5CCN(CC5)C(=O)C,2.3,2.4796717967373048,0.17967179673730493
1531,train,C[C@H](N1CCC[C@@H](C1)N2C=C(C)C(=O)NC2=O)c3ccc(C(=O)O)c(Oc4cccc(Cl)c4)c3,-0.26,-0.24212884671159784,0.017871153288402164
1900,train,COc1ccc(OC(F)(F)F)cc1CN[C@H]2CCCN[C@H]2c3ccccc3,2.9,2.8300492946880587,-0.06995070531194125
1510,train,NC(=O)c1ccn2c(c3ccccc3)c(nc2c1)c4ccc(cc4)C5(N)CCC5,2.0,2.127668218433168,0.1276682184331679
2217,train,CCCSc1nc(N[C@@H]2C[C@H]2c3ccccc3)c4nnn([C@@H]5C[C@H](CO)[C@@H](O)[C@H]5O)c4n1,3.99,3.546932389643205,-0.4430676103567954
1090,train,CSc1ccc(OCc2ccccc2)c(c1)C(=O)Nc3ccc(cn3)C(=O)O,1.6,2.114281510544845,0.514281510544845
1577,train,COC(CN1C(=O)NC2=C(C=C(N(CC(=O)NC(C(C)C)C(=O)C(F)(F)F)C2=O)c3ccccc3)C1=O)OC,1.56,1.7488801888280572,0.18888018882805713
2136,train,CCC[C@@H](CNC(=O)c1nc(Cl)c(N)nc1N)[N+](C)(C)CCCc2ccc(OC)cc2,0.4,0.8074329195928889,0.40743291959288885
649,train,Nc1c(NC2CCOC2)nc(nc1N3CCOCC3)C#N,1.6,1.7138895967666015,0.11388959676660138
3707,train,Cn1c2ccccc2c3cc(NC(=O)CCc4ccncc4)ccc13,3.8,3.5917162085781076,-0.20828379142189224
818,train,CCCSc1c(cnn1c2ccc(cc2)C(=O)O)C(=O)N(C)C3CCCCC3,0.59,1.1253176936148863,0.5353176936148863
3590,train,COc1cc(cc2cnc(Nc3ccc(cc3)[C@@H](C)NC(=O)C)nc12)c4ccncc4,2.73,2.730748970775286,0.0007489707752861285
674,train,CC1CCN(CC1)C(=O)c2scc3OCCOc23,2.26,1.9774242018862613,-0.28257579811373845
3174,train,CN1CCN(CC1)C2=Nc3ccccc3Oc4ccc(Cl)cc24,3.24,3.2547035623600182,0.014703562360018019
2168,train,Fc1ccc(cc1Cl)C(=O)Nc2ccc(Cl)nc2,3.64,3.5623534764148976,-0.07764652358510249
3495,train,CNC(=O)c1cccc(NC(=O)Nc2cccc(c2)C#N)c1CN3CCC(Cc4ccc(F)cc4)CC3,3.97,3.7738627275354024,-0.19613727246459778
2912,train,CC(CCc1ccccc1)NCC(O)c2ccc(O)c(c2)C(=O)N,1.06,1.1453026228591696,0.08530262285916956
2541,train,COC(=O)COc1ccc(OCCNCC(O)COc2ccccc2)cc1,1.54,1.4255178373986723,-0.11448216260132771
295,train,NC(=O)Nc1cc(sc1C(=O)N[C@H]2CCCNC2)c3cccc(F)c3F,1.32,1.2648402994249075,-0.05515970057509256
2670,train,COc1cc(O)c2C(=O)O[C@@H](C)C\C=C/C(=O)[C@@H](O)[C@@H](O)C\C=C\c2c1,1.64,1.6830775830968083,0.043077583096808425
3581,train,Cc1cccc(CN2C=CN3C(=O)C=C(N=C23)N4CCOCC4)c1,2.8,2.7521201409950744,-0.04787985900492542
1081,train,OC(=O)CCc1ccc(OCc2cc(Cl)ccc2c3ccccc3)cc1,3.22,3.2017315695078032,-0.018268430492196952
2589,train,Clc1ccc2C(=O)C3=C(Nc2c1)C(=O)NN(Cc4cc5ccccc5s4)C3=O,2.0,1.9593570246860406,-0.04064297531395944
2571,train,CC1N=C(N)N=C(N)N1c2ccc(Cl)cc2,-0.8,-0.25789555144393983,0.5421044485560602
1508,train,COc1ccc(OC)c(c1)c2cccc3c(N)c(nnc23)C(=O)NC4(C)CCC4,4.48,4.397341813804992,-0.0826581861950082
879,train,Clc1ccc2N=C3NC(=O)CN3Cc2c1Cl,1.86,2.094627693715238,0.23462769371523806
3985,train,CC1=CC2=NNC(=O)N2c3cc(ccc13)c4cccnc4,2.72,2.5384625211345417,-0.18153747886545846
3233,train,CCN(C1CCN(CC[C@H](N2CCN(CC2)S(=O)(=O)CC(F)(F)F)c3ccccc3)CC1)C(=O)Cc4ccc(cc4)S(=O)(=O)C,1.8,2.180507622245232,0.38050762224523216
1649,train,COc1ccc(C)c(c1)N(C)c2ccnc(Nc3cc(cc(c3)N4CCOCC4)N5CCOCC5)n2,3.18,3.2580480736069024,0.07804807360690225
415,train,Fc1cc(C(=O)Nc2cccc(c2)c3nnn[nH]3)c4nc[nH]c4c1,0.29,0.4301846160176692,0.14018461601766924
1473,train,C1NCC(CC=C1)c2ccc3ccccc3c2,1.64,1.8254343875755483,0.18543438757554842
3909,train,CC(C)Oc1cc(OCCN2CCN(CC2)C(=O)C)cc3ncnc(Nc4c(F)ccc5OCOc45)c13,3.06,2.852952036908928,-0.20704796309107198
3943,train,COc1cc(Nc2ncc(C)s2)nc(N[C@@H](C)c3ncc(F)cn3)n1,2.99,2.62456377496199,-0.3654362250380103
2914,train,CC(C)C(NC(=O)CN1C(=O)C(=CC=C1c2ccccc2)NC(=O)NCc3ccccn3)C(=O)C(F)(F)F,2.15,2.1871780106864076,0.03717801068640769
50,train,OC(=O)c1ccc(NC(=O)c2cc(OCc3ccccc3F)cc(OCc4ccccc4F)c2)nc1,3.0,2.9129009814273172,-0.08709901857268276
1196,train,CCC(CC)CNC(=O)c1ccc2c(c1)c(Cc3ccc(cc3OC)C(=O)NS(=O)(=O)c4ccccc4C)cn2C,2.7,2.581276063936142,-0.11872393606385812
668,train,Clc1cc(Cl)cc(CS(=O)(=O)NCC(N2CCCCCC2)c3ccccc3)c1,3.23,3.1400515763169037,-0.0899484236830963
2119,train,O[C@H](CNC(=O)c1c[nH]nc1C(F)(F)F)CN2CCC(CC2)Oc3ccc(Cl)c(Cl)c3,3.34,3.2900681115560033,-0.04993188844399654
3383,train,O=S(=O)(N1CCOCC1)c2cccc(c2)c3cn4cccnc4n3,1.3,1.5337355052312385,0.23373550523123843
2539,train,CC(CO)(CO)Nc1nc(SCc2cccc(F)c2F)nc3nc(N)sc13,2.87,3.008297986018314,0.13829798601831378
2724,train,CN(C)c1ccc2N=C3C=CC(=[N+](C)C)C=C3Sc2c1,-0.88,0.09074188156365492,0.9707418815636549
2127,train,OC(=O)CCCCn1nnc(n1)c2ccc(cc2)C(=O)N3CCC(CC3)N4CCC(CC4)Oc5ccc(Cl)c(Cl)c5,1.6,1.6438645051874266,0.04386450518742646
150,train,COc1ccc(c(OC)n1)c2c(F)ccc3c(N)c(nnc23)C(=O)NC4CC4,3.37,3.3807894626886417,0.01078946268864156
2317,train,Nc1ccc(cc1)S(=O)(=O)c2ccc(N)cc2,0.88,0.9389497718667104,0.058949771866710354
706,train,CC(=O)Nc1ccc(cc1)c2ccnc(Nc3ccc(cc3)N4CCOCC4)n2,2.91,2.7869244262975568,-0.12307557370244337
114,train,CC(C)COc1cccc(c1)C(=O)Nc2ccc(C)c(c2)C(=O)Nc3cccnc3,2.81,2.992870822061883,0.18287082206188288
3051,train,CCNC(=O)c1cc2c(c(cnc2[nH]1)c3cncc(c3)C#N)n4ccc(n4)C(F)(F)F,2.62,2.449903618537572,-0.1700963814624279
1145,train,CCN1CCN(CC1)C(=O)c2cc3cc(F)ccc3[nH]2,2.28,2.2313551770193776,-0.04864482298062223
1837,train,CCCc1nc2c(C)cc(cc2n1Cc3ccc(cc3)c4ccccc4C(=O)O)c5nc6ccccc6n5C,2.21,2.324967632063675,0.11496763206367522
1151,train,CCCN(CCNCCc1ccc(O)c2NC(=O)Sc12)C(=O)CCOCCc3ccccc3,2.23,2.1846800944655484,-0.04531990553445153
1680,train,CC[C@H](NC(=O)c1c(O)c(nc2ccccc12)c3ccccc3)c4ccccc4,3.91,4.149779398931242,0.23977939893124223
3029,train,Cc1ccc(cc1)C(=O)c2cc(O)c(O)c(c2)[N+](=O)[O-],0.74,0.9550426037152906,0.2150426037152906
2669,train,CCN(CC)CCOc1ccc(cc1)\C(=C(\Cl)/c2ccccc2)\c3ccccc3,4.09,3.4910790214677014,-0.5989209785322984
477,train,COC1(CCOCC1)c2ccc(NC(=O)C3=CC(=O)c4cc(F)cc(c4O3)c5c(C)nn(C)c5C)cn2,2.98,3.2423858954717053,0.2623858954717053
2597,train,C(Nc1ncnc2ccccc12)c3ccccc3,3.21,3.0628309307115225,-0.1471690692884775
482,train,Oc1ccc(cc1)C2CC(=O)c3ccc(O)cc3O2,2.4,2.1751465350206387,-0.2248534649793612
3685,train,CC(C)n1c(C)ncc1c2nc(Nc3ccc(C(=O)N)c(F)c3)ncc2F,3.14,2.964656502172265,-0.17534349782773528
860,train,CN1C(=O)C=C(CCc2cccc(c2)c3ccccc3)N=C1N,3.8,3.4633431431107105,-0.33665685688928937
2038,train,CNc1ncc(s1)C(=O)c2ccccc2,2.36,1.9212056274010747,-0.4387943725989252
2451,train,CN(C)c1cccc(c1)C(=O)Nc2ccc(C)c(NC(=O)c3ccc(O)cc3)c2,2.65,2.8432230420944635,0.19322304209446362
3342,train,CCN(CC)C(=O)c1ccc(cc1)C(=C2CCNCC2)c3ccccc3OC,1.0,1.2229852416935003,0.2229852416935003
2945,train,CC(=O)Nc1ccccn1,0.5,1.259711420380693,0.759711420380693
2373,train,COc1ccc(N(C(C(=O)NC[C@@H](C)O)c2ccccc2F)C(=O)c3occc3C)c(OC)c1,2.04,2.079760004167147,0.03976000416714687
904,train,Clc1ccc(CN2CCNCC2)cc1C(=O)NCC34CC5CC(CC(C5)C3)C4,1.84,1.7188780071073788,-0.12112199289262127
2072,train,O[C@H](CNC(=O)c1c[nH]c2ccccc12)CN3CCC(CC3)Oc4ccc(Cl)c(Cl)c4,3.91,3.7609077479942465,-0.1490922520057536
3645,train,CCC[C@@H](N1CCC[C@@H](C1)N2C=C(C)C(=O)NC2=O)c3ccc(C(=O)O)c(Oc4cccc(Cl)c4)c3,0.6,0.6535540412883478,0.05355404128834784
1082,train,COc1ccc2CC3C4C=CC(O)C5Oc1c2C45CCN3C,0.8,1.0805328270535903,0.2805328270535903
2086,train,C1Cc2ccccc2CN1c3ccncc3,1.4,1.1677569373328665,-0.23224306266713346
3944,train,OC(=O)c1[nH]c2ccccc2c1CC(=O)Nc3cccc(c3)C(F)(F)F,1.33,1.889434827702995,0.559434827702995
793,train,CCCCOc1nc(N)c2NC(=O)N(Cc3cccc(CC(=O)OC)c3)c2n1,3.76,3.4828550209503386,-0.2771449790496612
4,train,Cc1cccc(C[C@H](NC(=O)c2cc(nn2C)C(C)(C)C)C(=O)NCC#N)c1,3.1,2.849136012781721,-0.25086398721827896
2625,train,CNC(=O)Nc1cc(sc1C(=O)N)c2ccccc2,2.71,2.287362278242866,-0.422637721757134
2323,train,CC(C)NNC(=O)c1ccncc1,0.33,0.6150257221656374,0.28502572216563743
1731,train,CC(C)(C(=O)c1cccnc1)c2cccnc2,1.45,1.293203497585452,-0.1567965024145479
3831,train,ONC(=O)Cc1ccc(OCc2ccccc2)cc1,1.92,2.2841491311042326,0.36414913110423264
3864,train,COc1cc(Nc2cc(Oc3cccnc3)ccn2)cc(OC)c1OC,2.66,2.649896989481973,-0.010103010518027311
4103,train,NC1=NC2(CCN(CC2)C(=O)c3ccc(cc3)C#N)Nc4c(F)ccc(F)c14,0.86,1.0247700098235322,0.16477000982353218
4104,train,CCN1CCCC1CNC(=O)c2cc(ccc2OC)S(=O)(=O)N,-1.2,-0.772895862346203,0.42710413765379696
3180,train,N(c1ccccc1)c2ccnc(Nc3ccccc3)n2,4.06,3.607140419947139,-0.45285958005286053
3525,train,Oc1nc(nc2ccccc12)c3ccccc3,2.46,2.7954580112104246,0.3354580112104246
1400,train,CC(C)C(NC(=O)CN1C(=O)C(=CC=C1c2ccccc2)NC(=O)NCc3cccnc3)C(=O)C(F)(F)F,2.84,2.584572720441057,-0.25542727955894273
1626,train,FC(F)(F)c1cccc(C(=O)N[C@H]([C@@H]2CCCCN2)c3ccccc3)c1Cl,2.61,2.6959153025857328,0.08591530258573288
595,train,CC(C)C(NC(=O)CN1C(=O)C(=CN=C1c2ccc(F)cc2)NC(=O)OCc3ccncc3)C(=O)C(F)(F)F,2.22,2.11056392974235,-0.10943607025765001
3543,train,CC(C)C(NC(=O)CN1C(=O)C(=CC=C1c2ccccc2)NC(=O)CN3C(=O)CCC3=O)C(=O)C(F)(F)F,0.96,1.5949486157151314,0.6349486157151314
620,train,Cc1cc(C)c2c(N)c(sc2n1)C(=O)NCc3ccccc3,3.41,3.472585588842266,0.06258558884226595
3350,train,CC(Oc1c(Cl)cccc1Cl)C2=NCCN2,0.48,0.9985166674248116,0.5185166674248116
2017,train,COC(=O)CCn1cc(c2cc(NC3CC3)n4ncc(C#N)c4n2)c5cc(NC(=O)C)ccc15,2.72,2.8193987715722866,0.09939877157228638
3302,train,Cc1c[nH]c(n1)c2cnc(NCCNc3ccc(cn3)C#N)nc2c4ccc(Cl)cc4Cl,3.86,3.5674579526830312,-0.29254204731696865
3616,train,COc1cc2ncnc(Nc3cccc(Cl)c3F)c2cc1CN4CCC[C@H]4CC(=O)N,2.64,2.715124628677163,0.07512462867716296
3255,train,Cc1csc(NC(=O)c2cc(Sc3nncn3C)ccc2N)n1,2.3,2.1484723956419,-0.15152760435809975
85,train,Fc1cc(cc(F)c1C2=CCN(CC2)C=O)N3C[C@H](COc4ccon4)OC3=O,2.01,2.1482284488922283,0.13822844889222852
2746,train,N#Cc1cnn2c(NC3CC3)cc(nc12)c4cccs4,2.88,2.879416519009317,-0.0005834809906830607
1993,train,COc1ccc(CN(CCN(C)C)c2ccccn2)cc1,1.39,1.4997771849974644,0.10977718499746447
456,train,Cc1ncc(CO)c(CO)c1O,-0.58,-0.5595781242916709,0.020421875708329096
820,train,CCN(CC)C(=O)N[C@H]1C[C@H]2[C@@H](Cc3c[nH]c4cccc2c34)N(C)C1,2.73,2.7576784550794713,0.02767845507947131
1770,train,CC1=CC(=O)Oc2c3CCCNc3c(C)cc12,2.9,2.89595499146221,-0.004045008537790107
3455,train,Oc1ccc(cc1)C2CC(=O)c3c(O)cc(O)cc3O2,2.6,2.6711313773493885,0.07113137734938846
79,train,CC1COc2c(N3CCN(C)CC3)c(F)cc4C(=O)C(=CN1c24)C(=O)O,-0.45,-0.27667829354340334,0.17332170645659667
1887,train,CCCC(=O)NCc1cncc(c1)c2ccc(F)cc2OC,2.9,2.8603934540390035,-0.03960654596099644
716,train,CCN(CC)CCOC(=O)C1(CCCC1)c2ccccc2,2.3,2.08359588022471,-0.21640411977528995
1623,train,CC(C)(C)c1ccc(cc1)C(O)CCCN2CCC(CC2)C(O)(c3ccccc3)c4ccccc4,3.99,2.8570488784873893,-1.132951121512611
1372,train,Cn1cc(CN2CCc3cc4nc(N)sc4cc3CC2)cn1,1.06,1.1346281634946165,0.07462816349461643
3782,train,Cc1c(F)cc(cc1c2ccc(cn2)C(=O)NCC(C)(C)C)C(=O)NC3CC3,3.5,3.3571075295143524,-0.14289247048564757
4091,train,Fc1cccc(Nc2oc(nn2)C(=O)Nc3ccc(nc3)N4CCOCC4)c1,3.2,3.000667799311187,-0.1993322006888132
4027,train,COc1ccc(OC)c(CNc2n[nH]c3ccnc(Oc4ccccc4)c23)c1,4.25,4.092046819600829,-0.15795318039917117
1449,train,Oc1cc(O)c2C(=O)C(=COc2c1)c3ccc(F)cc3,3.6,3.4545990315937303,-0.14540096840626981
974,train,N#Cc1ccc(cc1)C(c2ccc(cc2)C#N)n3cncn3,1.7,1.5338222885717658,-0.16617771142823412
3485,train,Cc1cc(Cl)ccc1OC2CCN(C[C@H](O)CNC(=O)C3=CNC(=O)C=C3C(F)(F)F)CC2,2.37,2.4966334686949563,0.12663346869495617
4152,train,Nc1ccc(cn1)C(=O)Nc2cccc(c2)c3nc(N4CCOCC4)c5oc6ncccc6c5n3,3.44,3.3340972793153973,-0.1059027206846026
2179,train,COc1cc2ncnc(Nc3cccc(Cl)c3F)c2cc1OC4CCN(CC4)S(=O)(=O)C,2.82,2.868539598972191,0.04853959897219129
2518,train,N#Cc1nc(nc(n1)N2CCOCC2)N3CCOCC3,1.51,1.6860092437941299,0.17600924379412985
329,train,Cc1ccc(Cl)c(Nc2ccccc2C(=O)O)c1Cl,2.33,1.974365273742198,-0.3556347262578021
2910,train,COc1ncc(cc1NS(=O)(=O)c2ccc(F)cc2F)c3ccc4nccc(c5ccnnc5)c4c3,2.5,2.4010173914854605,-0.09898260851453955
1470,train,Nc1ccccc1NC(=O)c2ccc(CNc3nccc(n3)c4cccnc4)cc2,2.28,2.198810539977401,-0.08118946002259886
18,train,COc1cc(ccc1N2CC[C@@H](O)C2)N3N=Nc4cc(sc4C3=O)c5ccc(Cl)cc5,3.15,3.0522770536359816,-0.09772294636401835
315,train,CS(=O)(=O)C1(CC1)c2cc(nc(n2)c3cccc(N)c3)N4CCOCC4,1.35,1.5977444370173888,0.24774443701738869
2545,train,CN(C1CCN(Cc2ccc(cc2)C(F)(F)F)CC1)C(=O)Cc3ccc(cc3F)S(=O)(=O)C,2.7,2.6079453894515914,-0.0920546105484088
1356,train,C[C@H]1O[C@H]([C@H](O)[C@@H]1O)n2cnc3c(N)nc(OC(C4CC4)C(F)(F)F)nc23,1.83,2.0824928784414873,0.25249287844148727
1466,train,CCCc1c(O)c(ccc1OCCCSc2ccc(CC(=O)O)cc2Cl)C(=O)CC,3.57,3.4891627207851483,-0.08083727921485151
455,train,COc1ccc(cc1)S(=O)(=O)NCC(N2CCCCCC2)c3ccccc3,3.13,2.760939942017444,-0.3690600579825558
1983,train,Fc1ccc(Nc2oc(nn2)C(=O)Nc3ccc(nc3)N4CCOCC4)cc1F,2.9,2.9481598687603405,0.04815986876034062
476,train,CCCS(=O)(=O)N1CCCC(C1)C(=O)N2CCC(Cc3ccccc3)CC2,3.44,3.1234794858606305,-0.31652051413936944
1009,train,COc1ccc(cc1OC)C(=O)Nc2cc(NC(=O)c3cccc(c3)N(C)C)ccc2Br,3.49,3.320265803235398,-0.169734196764602
3361,train,NS(=O)(=O)c1ccc2C(=CNC(=O)c2c1)C(=O)NC[C@@H](O)CN3CCC(CC3)Oc4ccc(Cl)c(Cl)c4,2.17,2.1164300469083175,-0.05356995309168244
1271,train,Cc1c(c2cc(F)ccc2n1CC(=O)O)S(=O)(=O)c3ccc(Cl)cc3,-0.16,0.3633161460583205,0.5233161460583206
3108,train,OC1CS(=O)(=O)CC1N2CCC(CC2)c3ccccc3,1.4,0.8561675995584477,-0.5438324004415522
1484,train,Cc1nocc1C(=O)Nc2ccc(c(N)n2)c3ccccc3OC(F)(F)F,3.7,3.7519883600231783,0.05198836002317808
4122,train,COc1cc(ccc1Nc2ncc(Cl)c(n2)c3cnc4ccccn34)N5CCN(CCS(=O)(=O)C)CC5,3.1,2.945274644306884,-0.1547253556931163
3770,train,COc1ccc2N=CC(=O)N(CCN3CCC(CC3)NCc4cc5OCCOc5cn4)c2c1,0.93,0.7099821692278843,-0.22001783077211579
2697,train,Nc1ncnc2c1ncn2Cc3ccccc3,1.53,1.5074809500120216,-0.02251904998797838
2831,train,O=C1C=COc2ccccc12,1.4,1.3796559077332615,-0.02034409226673839
1268,train,O=C1C=C(Oc2c1cccc2c3ccccc3)N4CCOCC4,2.9,2.9556274235316913,0.05562742353169137
1169,train,CCn1cnc(c2ccccc2)c1c3nc4c(N)ncnc4s3,2.97,3.0486946050431145,0.07869460504311432
3508,train,CN(C1CCN(Cc2ccc(cc2)C(F)(F)F)CC1)C(=O)Cc3ccc(c(F)c3)S(=O)(=O)C,3.0,2.934705510765172,-0.06529448923482795
1606,train,NC1(CCC1)c2ccc(cc2)c3nn4ccccc4c3c5ccccc5,3.2,2.953417760534416,-0.24658223946558433
3563,train,C[C@@H](NC1=CC(=O)CCC1)c2ccc(Nc3ncc4cc(ccc4n3)c5ccncc5)cc2,3.17,3.1486979316100676,-0.021302068389932316
1343,train,O=C(Nc1cc(nn1c2ccccc2)c3ccccc3)c4cccc(c4)C#N,3.82,3.6657706913302386,-0.15422930866976126
27,train,C(CCCCNc1cc(nc2ccccc12)c3ccccc3)CCCNc4cc(nc5ccccc45)c6ccccc6,2.27,2.711884498573649,0.441884498573649
3372,train,Oc1ncnc2onc(c3ccc(F)cc3)c12,1.97,1.983692539924187,0.013692539924186953
2279,train,CCN1C(=O)NC(C1=O)c2ccccc2,1.0,0.9772996297450516,-0.02270037025494842
3123,train,CN(C)CCCN1c2ccccc2CCc3ccc(Cl)cc13,3.36,3.4348562587054934,0.0748562587054935
3004,train,CC(C)c1c(cnn1c2ccc(cc2)C(=O)O)C(=O)NC3C4CC5CC(CC3C5)C4,1.15,1.1622402253768118,0.012240225376811908
1052,train,CN([C@@H]1CCN(Cc2ccc(nc2)C(F)(F)F)C[C@@H]1F)C(=O)Cc3ccc(cc3)n4cnnn4,1.8,1.8946166144031795,0.09461661440317948
3899,train,NC(=O)C1CCN(CC(=O)Nc2ccc3OCOc3c2)CC1,0.4,0.3154599629889374,-0.08454003701106261
1496,train,Nc1[nH]nc2ccccc12,1.0,1.5497185172889492,0.5497185172889492
1702,train,CCCNC(=O)NS(=O)(=O)c1ccc(Cl)cc1,-0.33,0.021532411057150647,0.35153241105715066
371,train,Oc1ccc(cc1)C2=CC(=O)c3ccc(O)cc3O2,3.2,3.0913475701563864,-0.10865242984361378
2857,train,CN(C)CCOc1ccc(cc1)c2cc(C(=O)N)c(NC(=O)N)s2,1.16,1.3145499289162248,0.15454992891622488
3557,train,OC(=O)COc1ccc(Cl)cc1C2CCCCC2,0.93,1.283184498517492,0.353184498517492
1139,train,Nc1nnc(s1)c2ccccc2,1.8,2.606762223187281,0.8067622231872809
3138,train,O=C(Nc1ccc(nc1)N2CCOCC2)c3oc(Nc4cccc(OCc5cccnc5)c4)nn3,3.3,3.137817993596325,-0.16218200640367497
4036,train,CC(C)COc1cc(ccc1NC(=O)CN2CCOCC2)c3cccc4C(=O)C=C(Oc34)N5CCOCC5,3.8,3.452776497582942,-0.3472235024170578
3286,train,CC1=CC2=NNC(=O)N2c3cc(ccc13)c4cn[nH]c4,2.13,2.5109178669259373,0.38091786692593743
1918,train,CC1(C)[C@@H]2CC[C@@]1(CS(=O)(=O)N3CCN(CC3)c4ccc(cn4)C(F)(F)F)C(=O)C2,3.8,3.731572329991698,-0.06842767000830197
2110,train,CCOC(=O)c1ccc(OC(=O)CCCCCN=C(N)N)cc1,2.41,2.292279304171066,-0.1177206958289343
3380,train,COc1cc2c(Nc3ccc(F)cc3F)c(cnc2cc1NCCN(C)C)C(=O)N,1.71,1.7706696579865442,0.06066965798654422
2668,train,NC(=O)Nc1sc(cc1C(=O)N[C@H]2CCCNC2)c3ccsc3,1.06,1.022957752806703,-0.03704224719329696
2621,train,OC(=O)c1cn(Cc2ccccc2)c3ccccc13,1.19,1.1363230947687475,-0.05367690523125246
3759,train,Cc1cc(CN2CCc3ccccc3C2C(=O)Nc4ccc(Cl)cc4Cl)ccc1OCC(=O)O,2.63,2.409382526772724,-0.22061747322727587
2992,train,COc1cc(Nc2nccc(Oc3cnc4ccccc4c3)n2)cc(OC)c1OC,3.41,3.3759609979198295,-0.03403900208017063
330,train,COc1ccc2N=CC(=O)N(CCN3CC[C@@H](NCc4cc5OCCOc5cn4)[C@@H](O)C3)c2c1,0.78,0.8674237004272363,0.08742370042723624
303,train,O=C1Nc2ccccc2C(=O)C=C1,1.02,1.3493913057321867,0.32939130573218667
3927,train,CC(C)CN1C(=O)N(C)C(=O)c2c1nn(Cc3cccc4ccccc34)c2c5cncn5C,4.1,4.054322073275788,-0.04567792672421156
81,train,COC(=O)c1ccc(C)c(NS(=O)(=O)c2ccc3N(C)SC(=O)c3c2)c1,2.6,2.2581630435339024,-0.3418369564660977
1820,train,COc1ccc2c(C)cc(N[C@H]3CC[C@@H](C3)NCc4cn(C)c5ccccc45)nc2c1,2.53,2.9122076353241475,0.3822076353241477
1355,train,CN1CCc2c(NC(=O)Cc3ccccc3)c4ccccc4nc12,2.8,2.78485333065804,-0.01514666934195974
1745,train,Cn1cc(nc1c2c3C(=O)N(CC#C)C(=O)N(CC4CC4)c3nn2Cc5ccnc6ccc(Cl)cc56)C#N,3.4,3.431472712286769,0.03147271228676907
1813,train,COc1cc2ncnc(Nc3cc(NC(=O)c4ccnc(c4)N5CCOCC5)ccc3C)c2cc1OCCN6CCCCC6,3.35,3.236610226005282,-0.11338977399471828
3907,train,CNc1ncnc2c(CNc3cc(NC(=O)c4ccc5OCCOc5c4)ccc3C)cccc12,4.0,3.9173580047283947,-0.08264199527160532
1758,train,COc1ccccc1OCC(O)CO,0.24,0.1755388816362946,-0.06446111836370538
4196,train,CCN(C1CCN(CCC(c2ccc(F)cc2)c3ccc(F)cc3)CC1)C(=O)Cc4ccc(cc4)S(=O)(=O)C,3.21,2.4054087119455945,-0.8045912880544055
1186,train,CC1(CCC(=O)N1Cc2cccs2)C(=O)NC3CCCCC3,2.15,2.3267290356146133,0.1767290356146134
3369,train,CC(C)N1CCC[C@@H](CN2CCN(CC2)C(=O)Nc3ccc(Cl)c(Cl)c3)C1,1.62,2.3219109011694274,0.7019109011694273
3868,train,Nc1ccc2cccc(Nc3ncccn3)c2n1,2.7,2.4048499230947136,-0.2951500769052866
11,train,C[C@H](Nc1nc(Nc2cc(C)[nH]n2)c(C)nc1C#N)c3ccc(F)cn3,2.61,2.726355514252301,0.11635551425230117
493,train,CN[C@@H](C)C(=O)N[C@@H](C1CCCCC1)C(=O)N[C@H]2C[C@@H]3CC[C@H]2N(CCc4ccccc4)C3,1.64,1.5920790542001075,-0.04792094579989237
576,train,CCCN(C)c1nc(ccc1C(=O)NC2CCCCC2)N3CCC[C@@H](CC(=O)O)C3,2.28,2.0845758983845792,-0.19542410161542056
3365,train,COc1ccc(CN2C(=O)NC3=C(C=C(N(CC(=O)NC(C(C)C)C(=O)C(F)(F)F)C3=O)c4ccccc4)C2=O)cc1,2.93,2.5595417692969757,-0.3704582307030244
462,train,CC(=O)Nc1ccc2CCN(c3cc(NC4CC4)n5ncc(C#N)c5n3)c2c1,3.3,3.040966056536527,-0.25903394346347275
8,train,COc1ccc(cc1)C2=COc3cc(OC)cc(OC)c3C2=O,3.05,3.274629766389789,0.22462976638978915
3832,train,CS(=O)(=O)c1cccc(Nc2nccc(n2)N(CC#N)c3c(Cl)ccc4OCOc34)c1,3.16,3.254923444911188,0.09492344491118798
848,train,C[C@@H](NC(=O)C)c1ccc(Nc2ncc3cc(cc(C)c3n2)c4ccncc4)cc1,3.46,3.3762421857915683,-0.08375781420843165
1286,train,COc1ccc(NC(=O)C=C)cc1,1.68,1.8746585729293443,0.1946585729293444
49,train,COc1ccccc1Cn2c(C)nc3ccccc23,3.47,3.031018186137262,-0.43898181386273816
2360,train,CC(C)(C)NC(=O)Nc1cccc(CN2NC(=O)C3=C(C2=O)C(=O)c4ccc(Cl)cc4N3)c1,1.77,1.7861096261259362,0.01610962612593614
2053,train,CN(C(=O)N1CCC(CC1)N2CCC(CC2)Oc3ccc(Cl)c(Cl)c3)S(=O)(=O)c4ccc(C)cc4,4.49,4.223477643744833,-0.26652235625516685
305,train,Fc1ccc(CN2CCN(CC2)C3=Nn4c(CC3)nnc4C(F)(F)F)cc1,2.8,2.8373610325683774,0.03736103256837753
198,train,OC(=O)COc1ccc(Cl)cc1CN2CCCN(CC2)S(=O)(=O)Cc3ccccc3,1.01,0.7389327703700508,-0.2710672296299492
3628,train,C[C@@H](NC(=O)[C@@H]1CCCC[C@H]1C(=O)N2CCc3[nH]c4ccc(F)cc4c3C2)C#N,3.1,3.067514095599311,-0.03248590440068888
3983,train,CN(C)C(=O)c1ccc(cc1)C(=C2CCN(Cc3cscn3)CC2)c4cccc5cccnc45,2.3,2.236545216995016,-0.06345478300498364
971,train,Nc1cc(nc2ccc(Nc3cc(nc(N)n3)c4ccc(cc4)C(F)(F)F)cc12)c5ccc(F)cc5,1.54,1.8514689787415124,0.31146897874151236
1390,train,CN([C@@H]1CCN(Cc2nc3ccccc3s2)C[C@@H]1F)C(=O)Cc4ccc(cc4)S(=O)(=O)C,2.1,2.2666773245237315,0.1666773245237314
2627,train,Cc1ccc(cc1)C(=O)C2CCN(CC2)C(=O)c3ccc(C)cc3,3.43,2.883516077568791,-0.546483922431209
3165,train,CN[C@@H](C)C(=O)N[C@H](C(=O)N[C@H]1CCCN(CCc2ccc(cc2)[N+](=O)[O-])C1)C(C)(C)C,1.54,1.7062297903204566,0.1662297903204566
1524,train,Cn1cnc(c2ccccc2)c1\C=C\c3ccnc(N)n3,2.61,2.7541378074745126,0.14413780747451277
352,train,Cc1cc2cc(C)c3nnc(SCC(=O)N4CCN(CC4)C(=O)c5occc5)n3c2cc1C,2.8,2.4892573757164698,-0.31074262428353006
4134,train,C[C@@H]1CC[C@H](CC1)Oc2nc(N)c3ncn([C@@H]4O[C@H](C)[C@@H](O)[C@H]4O)c3n2,2.35,1.8712240341497344,-0.4787759658502657
949,train,Clc1cc(Nc2ncnc3[nH]nc(OCCN4CCCC4)c23)ccc1OCc5ccccn5,2.87,2.8410591352965002,-0.02894086470349988
460,train,Cc1cccc(c1)S(=O)(=O)NC(=O)N2CCC(CC2)N3CCC(CC3)Oc4ccc(Cl)c(Cl)c4,1.84,1.9746390393122055,0.13463903931220544
2602,train,CC(C)(C)OC(=O)N1CCC(CC1)OCc2onc(n2)c3ccncc3,3.0,2.846277792383843,-0.15372220761615685
2480,train,Clc1ccc(cc1)C(=O)N[C@H]2CN3CCC2CC3,0.6,0.662988164447847,0.06298816444784705
2235,train,CC(C)C(=O)Nc1ccc(c(c1)C(F)(F)F)[N+](=O)[O-],3.46,3.0852512514856456,-0.37474874851435436
2565,train,CCC(NC(=O)c1ccc(C)cc1)C2=Nc3ccsc3C(=O)N2Cc4ccccc4,4.14,4.174656833473703,0.03465683347370341
3362,train,O=C1OC(=Cc2ccccc12)c3ccccc3,3.84,3.2874821806186754,-0.5525178193813245
3988,train,OCC1=CC2=NNC(=O)N2c3cc(ccc13)c4ccc[nH]4,2.19,2.258975146138215,0.06897514613821487
3755,train,CS(=O)(=O)C1(CCNCC1)c2cc(nc(n2)c3cccc4[nH]ccc34)N5CCOCC5,0.7,0.8161121320389437,0.11611213203894377
2687,train,OC(=O)[C@H](Cc1ccc(CCCCNc2ccccn2)cc1)NC(=O)c3c(Cl)cccc3Cl,0.51,0.4569532748484393,-0.053046725151560725
798,train,O[C@H](CNC(=O)C1=CNC(=O)c2cc(ccc12)S(=O)(=O)N3CCC3)CN4CCC(CC4)Oc5ccc(Cl)c(Cl)c5,3.02,2.809043211054014,-0.2109567889459858
402,train,Cc1c(Sc2ccc(Cl)cc2)c3c(Cl)nccc3n1CC(=O)O,0.92,1.1631601299337748,0.24316012993377478
2376,train,C[C@H](CO)Nc1nc(SCc2cccc(F)c2F)nc3nccnc13,3.15,3.222938186149775,0.07293818614977488
938,train,Cc1ccc2c(c1)c(Sc3ccc(Cl)cc3)c(C)n2CC(=O)O,2.18,1.8031646612099943,-0.37683533879000586
1229,train,Cc1oc(cc1)c2ccc(cc2F)S(=O)(=O)N3CCC[C@H]3C(=O)N4CC[C@@H](N)C4,1.2,1.1964241795113715,-0.0035758204886284783
1109,train,Oc1cc(nc2ccccc12)c3ccccc3,2.54,2.357502824275815,-0.1824971757241851
120,train,COc1cc2ncc(C(=O)N)c(Nc3cccc(Cl)c3F)c2cc1OC,3.6,3.244072852503726,-0.3559271474962742
3214,train,O=C(CCc1ccncc1)Nc2ccc(cc2)C(=O)c3ccccc3,3.4,3.1026461547660977,-0.2973538452339022
2,train,COC(=O)[C@@H](N1CCc2sccc2C1)c3ccccc3Cl,3.69,3.249751119908324,-0.44024888009167595
4178,train,OC(=O)[C@H](Cc1ccc(cc1)N2CCN(CC2)c3ccccc3)NC(=O)c4c(Cl)cccc4Cl,0.08,0.19034747475505376,0.11034747475505376
1179,train,CC(=O)NC[C@H]1CN(C(=O)O1)c2ccc(N3Cc4cccnc4C3)c(F)c2,2.88,2.5946726225804584,-0.2853273774195415
1597,train,COc1ccc(Cl)cc1NC(=O)Nc2cnccn2,3.63,3.1850718748606384,-0.44492812513936153
1755,train,CC1=C(OCc2ccccc2)C(=O)C=CO1,1.87,1.9480836722032628,0.07808367220326273
3724,train,Fc1cccc(CN2CCN(CC2)c3ccc4nnc(n4n3)C(F)(F)F)c1F,3.6,3.400316133070795,-0.19968386692920514
4135,train,CC(C)CN1C(=O)N(C)C(=O)c2c1sc(Cc3ccnc4ccccc34)c2C(=O)N5CC[C@@H](O)C5,1.65,1.7013162300638136,0.051316230063813695
184,train,Clc1ccc(CC2CCNCC2)cc1C(=O)NCC34CC5CC(CC(C5)C3)C4,1.49,1.6770297164009573,0.18702971640095734
1685,train,C[C@@H](c1ncncc1F)[C@](O)(Cn2cncn2)c3ccc(F)cc3F,1.7,1.5194881999876695,-0.18051180001233047
3840,train,COC(=O)C1=C(C)NC(=C(C1c2ccccc2[N+](=O)[O-])C(=O)OCC(C)C)C,3.59,3.487414287657149,-0.10258571234285085
2699,train,CC(C)OC(=O)N1CCC(CC1)Oc2ncnc(Oc3ccc(cc3F)S(=O)(=O)C)c2C,3.7,3.556256559025168,-0.14374344097483238
423,train,COc1ccc2N=CC(=O)N(CCN3CCC(CC3)NCc4cc5OCCOc5cn4)c2n1,0.83,0.8761739571968457,0.046173957196845694
2372,train,CCC(N(CCCN)C(=O)c1ccc(C)cc1)C2=Nc3ccoc3C(=O)N2Cc4ccccc4,1.37,1.5119823297539303,0.14198232975393021
844,train,C1Cc2ncc(c3ccc4OCCOc4c3)n2C1,2.33,2.148469819971984,-0.18153018002801602
1614,train,CCc1cccc2c(cn(CC(=O)NCCOC)c12)C#N,1.95,1.6818018232391034,-0.2681981767608965
1219,train,Nc1nc(Cl)nc(NCc2ccccc2)n1,2.26,2.402838360903386,0.14283836090338609
2614,train,OC(=O)c1ccccc1Nc2cccc(c2)C(F)(F)F,2.01,1.9474865417387193,-0.06251345826128052
502,train,Cc1ccc(cc1NC(=O)c2ccc(OCc3ccccn3)cc2)c4cn(C)c(C)n4,2.71,2.717321724828852,0.007321724828852183
3332,train,COc1ccc(OC)c(c1)c2c(F)ccc3c(N)c(nnc23)C(=O)NC(C)C,3.77,3.4876734783445626,-0.28232652165543737
2738,train,Cc1cc(NCc2ccccc2)nc3ccccc13,3.69,3.5488007269452355,-0.14119927305476443
2223,train,CN(C)c1nc(nc(n1)N(C)C)N(C)C,2.44,1.3889791225573151,-1.0510208774426848
2251,train,CS(=O)(=O)c1cccc(Nc2nccc(Nc3cccc4OCOc34)n2)c1,2.83,3.0506746538746534,0.22067465387465335
4080,train,CN[C@@H](C)C(=O)N[C@H](C(=O)N1CC[C@H]2CC[C@H](NC(=O)c3cccc4ccccc34)[C@@H]12)C(C)(C)C,1.94,1.9119964711491741,-0.0280035288508258
1114,train,CC(C)NC(=O)c1ccc(C)c(c1)N2C=Nc3ccc(cc3C2=O)N4CCN(C)CC4,1.56,1.7795672915220693,0.21956729152206922
3131,train,CN1CCN(CC1)c2ccc3N=CN(C(=O)c3c2)c4cc(NC(=O)c5cncs5)ccc4C,2.11,2.282041273070713,0.17204127307071326
2830,train,CCN1C=C(C(=O)O)C(=O)c2cc(F)c(N3CCNC(C)C3)c(F)c12,-1.1,-1.085783034301408,0.014216965698591988
1961,train,NNC1=Nc2ccccc2NC1=O,0.44,0.38408046604121004,-0.05591953395878996
19,train,CO[C@H]1CN(CCN2C(=O)C=Cc3ccc(cc23)C#N)CC[C@H]1NCc4ccc5OCC(=O)Nc5n4,0.32,0.5276061623864692,0.20760616238646917
1346,train,COc1ccnc(NC2CCN(CC2)C(=O)c3ccccc3)c1,2.06,1.8917995325839976,-0.16820046741600247
999,train,COc1ccc2c(c1)cc(C(=O)O)n2Cc3ccc(Cl)c(Cl)c3,1.66,1.7123580368835425,0.05235803688354257
461,train,C[C@@H]1CN(CCN1C(=O)[C@@H]2CCCC[C@H]2C(=O)NC3(CC3)C#N)c4ccc5c(C)nnc(C)c5c4,1.93,2.2578407582752544,0.3278407582752545
4024,train,Cc1ccc(cc1)c2nnc(N3CCN(CC3)C(=O)c4occc4)c5ccccc25,3.78,3.780733858554354,0.0007338585543541498
3079,train,COc1ccc(cc1Oc2cccc(Cl)c2)S(=O)(=O)N3CCC[C@@H](C3)N4C=C(C)C(=O)NC4=O,2.73,2.6197245058346823,-0.11027549416531768
3593,train,C[C@H](Nc1nc(Nc2ncc(C)s2)cc(n1)N3CCOCC3)c4ncc(F)cn4,2.68,2.7195808949978644,0.03958089499786421
2956,train,Cc1ccc(cc1)S(=O)(=O)NC(=O)N2CCC(CC2)N3CCC(CC3)Oc4ccc(Cl)c(C)c4Cl,2.2,2.2274405962621873,0.02744059626218709
290,train,COc1cc(OC)c(cc1NC(=O)COC(=O)C)S(=O)(=O)N2C(C)CCc3ccccc23,2.07,1.4241073984829198,-0.6458926015170801
3497,train,Cc1oc(cc1C(=O)O)c2ccc(Cl)cc2,1.67,1.4720071911715475,-0.19799280882845238
4042,train,CC1=CC2=NNC(=O)N2c3cc(ccc13)c4cccc(CO)c4,3.36,3.350748842798466,-0.00925115720153391
1781,train,C[C@H](NC(=O)c1c(C)nn(c1NS(=O)(=O)c2cccc(CN3CCOCC3)c2)c4ccccc4)C(C)(C)C,0.29,0.7330948606628755,0.44309486066287557
2393,train,C[C@@H](C(=O)NCCN1CCCC1)c2ccc(OS(=O)(=O)C(F)(F)F)cc2,1.64,1.5343013928291322,-0.10569860717086765
2041,train,CNC[C@H](O)c1ccc(Cl)c(c1)C(=O)NCC23CC4CC(CC(C4)C2)C3,1.41,1.6957902300178733,0.2857902300178734
2525,train,CC(=O)Nc1ccc(CNc2[nH]nc3cccc(Oc4ccc(F)cc4)c23)cc1,4.28,3.8114617132595114,-0.4685382867404888
3499,train,CC(C)C[C@H](CO)Nc1nc(SCc2cccc(c2)C#N)nc3nc(N)sc13,3.9,3.8473418792929155,-0.05265812070708442
1979,train,Oc1cccc(NC(=O)c2ccc(OCCCN3CCCC3)cc2OCc4cccc(c4)C#N)c1,2.41,2.277445005586651,-0.13255499441334928
3037,train,CCN(CC)CC#CCOC(=O)C(O)(C1CCCCC1)c2ccccc2,3.65,3.5112562951441477,-0.1387437048558522
138,train,COc1ccc(cc1)C2=CC(=O)c3ccccc3N2,2.71,2.978496033119379,0.2684960331193791
3254,train,Cc1cnc(Oc2ccc(cc2)n3ccnc3)nc1Oc4ccc5OCOc5c4,3.56,3.5672621021454525,0.00726210214545242
2780,train,O\N=C\1/C(=O)N(Cc2ccccc2[N+](=O)[O-])c3ccccc13,2.07,2.112251914658229,0.04225191465822897
1848,train,C[C@H](CO)Nc1nc(SCc2cccc(F)c2F)nc3NC(=O)C=Nc13,3.1,2.735469685340168,-0.3645303146598322
61,train,Cc1ccccc1NC(=O)CCS(=O)(=O)c2ccc(Br)s2,2.7,2.452417819351174,-0.2475821806488261
1478,train,Oc1ccc(cc1)C2=COc3cc(O)cc(O)c3C2=O,3.06,3.0272524197103388,-0.03274758028966129
3081,train,Nc1nc2OC(COc3ccccc3)Cc2c(N)c1C#N,2.08,2.1533419363097557,0.0733419363097556
3904,train,OCCCNc1ccc2c(NC(=O)CC3CCCCC3)c(Cl)ccc2n1,3.29,3.159509889037189,-0.13049011096281093
2468,train,C[N+]1(C)[C@@H]2C[C@H](C[C@H]1[C@@H]3O[C@H]23)OC(=O)C(O)(c4cccs4)c5cccs5,-0.25,-0.014260029428622367,0.23573997057137763
3906,train,O[C@@H]1CN(CCN2C(=O)C=Cc3ccc(cc23)C#N)CC[C@@H]1NCc4cc5OCCOc5cn4,0.46,0.5302453587129563,0.07024535871295629
2619,train,COc1cccc(n1)N(C)c2ccnc(Nc3cc(cc(c3)N4CCOCC4)N5CCOCC5)n2,3.37,3.1439834924187173,-0.22601650758128278
1738,train,CN(C)CCCNS(=O)(=O)c1ccc(Nc2nccc(n2)c3cnc4cccnn34)cc1,1.4,1.6079715243644828,0.20797152436448285
2861,train,N[C@@H](Cc1cccs1)C(=O)N[C@@]2(C[C@@H]2c3ccccc3)C#N,1.3,1.5655884141731127,0.26558841417311263
1927,train,COc1cc2ncc(C(=O)N)c(Nc3ccccc3Cl)c2cc1OC,2.89,3.296910148521337,0.4069101485213369
2346,train,C[C@H](NC(=O)c1c(C)nn(C2CCS(=O)(=O)CC2)c1NS(=O)(=O)c3ccc(C)cc3)C(C)(C)C,0.25,0.6476443983198226,0.39764439831982257
2817,train,CCc1[nH]c2nc(Sc3cnc4ccc[n+]([O-])c4c3)nc(N5C[C@@H]6[C@@H](N)[C@@H]6C5)c2c1Cl,2.3,2.3339218813919755,0.03392188139197572
591,train,CCC(CCNC)Oc1cc(Cl)ccc1C#N,0.38,0.6004612305727284,0.22046123057272837
1278,train,O=C(NCCCCc1ccccc1)c2ccccc2,3.8,3.3151349538431663,-0.48486504615683357
1953,train,O=C1CCOc2cc(OCc3cccc(c3)C#N)ccc12,2.8,2.970417565655672,0.17041756565567212
2104,train,OC1(C(=O)Nc2ccccc12)c3ccccc3,1.71,1.4268524877267745,-0.28314751227322543
300,train,Oc1ccc(CCNCCCS(=O)(=O)NCCOCCc2cccc(Cl)c2)c3sc(O)nc13,1.92,1.9614098141237108,0.04140981412371092
3186,train,Clc1ccc(OC2CCNCC2)cc1C(=O)NCC34CC5CC(CC(C5)C3)C4,1.83,1.7536233961529542,-0.07637660384704592
1402,train,Nc1n[nH]c2c(Cl)cccc12,1.7,2.078077885775049,0.37807788577504886
517,train,Cc1onc(n1)c2ccc(OCC3CN(C3)c4ccc(C)nn4)cc2,2.62,2.881151952737698,0.261151952737698
3257,train,CN1CCN(CC(=O)N2c3ccccc3C(=O)Nc4cccnc24)CC1,-0.49,-0.18528429809919622,0.30471570190080377
1252,train,C[C@H](CO)Nc1nc(SCc2ccccc2F)nc3nc(N)sc13,3.12,3.4476114935356934,0.3276114935356933
2242,train,OC(=O)C1Cc2c([nH]c3ccccc23)C(N1)c4ccccc4,0.78,1.2799354619193264,0.49993546191932636
3722,train,Cc1cc(C)nc(N)c1,0.85,0.9679182093052934,0.1179182093052934
1583,valid,CCN(C1CCN(CCC(c2ccccc2)c3ccccc3)CC1)C(=O)Cc4ccc(cc4)S(=O)(=O)N,2.4,2.553064009647765,0.1530640096477649
1735,valid,OC1N=C(c2ccccc2Cl)c3cc(Cl)ccc3NC1=O,2.38,3.105002687921168,0.725002687921168
2047,valid,CS(=O)(=O)Nc1cccc(NC(=O)CN2CCN([C@H](Cc3ccccc3)C2)C(=O)C[C@H](N)Cc4ccc(F)c(F)c4)c1,2.06,0.4696072001934877,-1.5903927998065124
4015,valid,Cn1cnc2c(c3ccc(cc3)C4(N)CCC4)c(ccc12)c5ccccc5,2.5,2.178453684784945,-0.32154631521505506
75,valid,COc1cc(NS(=O)(=O)c2ccc(N)cc2)nc(OC)n1,0.2,0.020032756880218106,-0.1799672431197819
2189,valid,CC(C)(N)C(=O)N[C@H](COCc1ccccc1)C(=O)N2CCC3(CC2)CN(c4ccccc34)S(=O)(=O)C,1.4,0.4623236035045617,-0.9376763964954382
2791,valid,Clc1ccccc1N2CCN(CC2)C(=O)NC3CCCCC3,3.78,3.1086331848486877,-0.6713668151513121
2388,valid,COC[C@H](C)Oc1cc(Oc2ccc(Cl)cc2)cc(c1)C(=O)Nc3ccc(cn3)C(=O)O,1.69,1.2031228537360819,-0.4868771462639181
3319,valid,CN1[C@@H]2CC[C@H]1C[C@H](C2)OC(=O)C(O)c3ccccc3,-1.29,1.0795773398765773,2.369577339876577
1965,valid,COCC[C@H](Oc1ncnc2c1cnn2c3ccccc3Cl)C(=O)Nc4ccc(C)cn4,3.6,2.3152700242611886,-1.2847299757388115
4073,valid,Cc1cc(C)cc(c1)c2c(O)nc3cc(Cl)c(cc3c2OCCC4CCCCN4)C(=O)Nc5ccncn5,1.7,1.8184839571681275,0.11848395716812754
3729,valid,O=S(=O)(Nc1cccnc1)c2ccc3OCCOc3c2,1.34,1.0086251970542048,-0.33137480294579524
3777,valid,O[C@@H](CNCCc1ccc(CNCCc2ccccn2)cc1)c3ccc(O)c4NC(=O)Sc34,-0.25,0.00886987755092905,0.25886987755092905
2004,valid,Cc1cc(C)cc(c1)c2[nH]c3ccc(cc3c2CCNCCCCc4ccncc4)C(C)(C)C(=O)N5C6CCC5CC6,4.3,3.9197930454556187,-0.38020695454438114
804,valid,C[C@H](Nc1nc(Nc2cc(C)[nH]n2)c(C)nc1C#N)c3ncc(F)cn3,1.92,2.2578156484880494,0.33781564848804946
2114,valid,Clc1cccc(NC(=O)N2CCN(C[C@@H]3CCCN(C3)C4CC4)CC2)c1,2.74,3.146903183503373,0.40690318350337273
3158,valid,CN(CCOc1ccc(C[C@H](Nc2ccccc2C(=O)c3ccccc3)C(=O)O)cc1)c4ccccn4,2.15,0.9602921975822125,-1.1897078024177874
2676,valid,CC(C)C[C@H](N1CCC[C@@H](C1)N2C=C(C)C(=O)NC2=O)c3ccc(C(=O)O)c(Oc4cccc(Cl)c4)c3,0.93,0.9809694100619692,0.0509694100619692
1427,valid,O=C(Nc1cccc(c1)c2nnn[nH]2)c3cccc4[nH]cnc34,-0.05,0.9999841173977555,1.0499841173977555
280,valid,COc1ccc(cc1OC)C2=COc3cc(O)cc(O)c3C2=O,2.8,2.7989477562022196,-0.001052243797780239
3101,valid,FC1(F)Oc2ccc(\C=C\3/SC(=O)NC3=O)cc2O1,2.8,1.364703626037654,-1.4352963739623459
3231,valid,COCC(=O)N1CCC(CC1)n2cc(cn2)c3cnc(N)c(c3)c4oc5ccccc5n4,3.4,2.683002593275969,-0.716997406724031
511,valid,CN1CC=CCC(C1)c2oc3ccccc3c2,2.47,4.6895659678321175,2.2195659678321173
1580,valid,OC(=O)[C@H](Cc1ccccc1C#N)N2CCC(CN3CCC(CC3)Oc4ccc(Cl)c(Cl)c4)CC2,2.12,2.3505859648802385,0.23058596488023841
2747,valid,OC(=O)COc1ccc(Cl)cc1c2cccc(c2)C#N,-0.25,0.16654417494659812,0.4165441749465981
1123,valid,CCCCNC(=O)NS(=O)(=O)c1ccc(C)cc1,0.44,0.3843722602404138,-0.05562773975958618
1442,valid,Nc1nnc(CCSCCc2nnc(N)s2)s1,-0.1,1.7314434128047669,1.831443412804767
1276,valid,Cc1nc2ncnn2c(O)c1CCOC(=O)c3ccccc3F,0.99,0.13680912037378157,-0.8531908796262184
1143,valid,COc1cc(Nc2nc(N[C@@H](C)c3ncc(F)cn3)ncc2Cl)n[nH]1,2.53,2.3562317760251075,-0.17376822397489233
4007,valid,O[C@@H](CNCCOc1cccc(CNCCc2ccccc2F)c1)c3ccc(O)c4NC(=O)Sc34,1.86,2.5764964083116513,0.7164964083116512
3568,valid,c1ccc(cc1)c2ccc3ccccc3n2,4.0,3.308511905482165,-0.691488094517835
492,valid,CC(C)CN1C(=O)N(C)C(=O)c2c1sc(Cc3ccccc3C(F)(F)F)c2C(=O)N(C)C,2.9,2.6030163976032803,-0.2969836023967196
454,valid,CCNC(=O)C[C@H]1N=C(c2ccc(Cl)cc2)c3cc(OC)ccc3n4c(C)nnc14,2.42,2.57811560729111,0.15811560729110985
369,valid,Clc1ccc(O[C@H]2CCCNC2)cc1C(=O)NCC34CC5CC(CC(C5)C3)C4,2.18,1.272403124977791,-0.9075968750222092
3994,valid,NC(=O)N1c2ccccc2C=Cc3ccccc13,1.65,1.0274591189721025,-0.6225408810278974
979,valid,COc1cc(cc(OC)c1OC)C(=O)c2cc(Cl)ccc2N,3.38,2.6548182755149385,-0.7251817244850614
3484,valid,COC(=O)CCCCCCC(=O)Nc1ccc2c(c1)C(=O)C(=O)c3ccccc23,2.9,3.9009955651284933,1.0009955651284934
1750,valid,Cc1cc(c(S)cc1Cl)S(=O)(=O)Nc2nc(Nc3ccc(Cl)cc3)n[nH]2,2.09,2.3385127550191043,0.24851275501910441
2320,valid,NC(=O)Cc1ccccc1,0.3,1.1714708861664582,0.8714708861664582
225,valid,CCCNC[C@@H](O)COc1ccccc1C(=O)CCc2ccccc2,1.56,1.7448561463673276,0.1848561463673275
3419,valid,O=C(N[C@@H]1CN2CCC1CC2)c3ccc(s3)c4ccccc4,1.77,1.8504266416278066,0.08042664162780655
1455,valid,COc1cc(cc(OC)c1OC)C(=O)Nc2cc(NC(=O)c3cccc(c3)N(C)C)ccc2C,2.54,3.097172223481119,0.5571722234811189
2055,valid,CN1C=CNC1=S,-0.42,2.4384063546132344,2.8584063546132343
262,valid,COc1ccnc(CCc2nc3cccnc3[nH]2)c1,1.69,2.142352267649391,0.45235226764939096
864,valid,C[C@@H](NC(=O)c1c(C)nn(c1NS(=O)(=O)c2ccc(C)cc2)c3ccccc3)C(C)(C)C,1.2,1.276027669523843,0.0760276695238431
2813,valid,NC(=O)c1cc(sc1N)c2ccccc2,2.7,2.3088053189288305,-0.3911946810711697
2102,valid,O[C@@H](CNCCSCCCNCCc1cccc(Cl)c1)c2ccc(O)c3NC(=O)Sc23,0.98,0.7803932827288289,-0.19960671727117107
1042,valid,Clc1cccc(Cl)c1c2nnc3cccc(Cl)n23,2.66,3.1662535280806763,0.5062535280806761
3428,valid,CC(=O)Nc1ccc(cc1)S(=O)(=O)Nc2ccc(Cc3ccncc3)cc2,2.8,0.8186765762294241,-1.9813234237705757
1274,valid,CC1(C)[C@@H]2CC[C@@]1(CS(=O)(=O)N3CCN(CC3)c4ccc(cn4)C#N)C(=O)C2,2.46,2.648050358419207,0.18805035841920725
3928,valid,COCCNc1nc(nc(NCC(C)C)c1N)C#N,2.8,1.8718285479483605,-0.9281714520516393
1102,valid,NCCc1ccc(O)c2nc(O)sc12,0.33,0.8732577266084334,0.5432577266084333
2758,valid,CC(C)CN1C(=O)N(C)C(=O)c2c1nn(Cc3cccc4ccccc34)c2c5ccncc5,4.3,3.787753455535814,-0.5122465444641859
1375,valid,Cn1c(SCc2c(Cl)cccc2Cl)nnc1c3ccc4nonc4c3,3.35,4.590826671563764,1.2408266715637635
2978,valid,OC[C@H](O)CN1C(=O)C(Cc2ccccc12)NC(=O)c3cc4cc(Cl)ccc4[nH]3,3.4,3.2391297965192063,-0.16087020348079362
842,valid,Clc1cccc(C(=O)N2CCN(CC2)c3ccccn3)c1Cl,2.98,3.945750177923591,0.9657501779235909
2538,valid,COc1ccc2NC(=O)C(NC(=O)c3ccccc3OC)N=C(c4ccccc4)c2c1,3.8,2.6139385640134374,-1.1860614359865624
3315,valid,Nc1ncnc2ccccc12,1.26,1.6886693564830682,0.42866935648306814
1310,valid,CC(C)CN1C(=O)N(C)C(=O)c2c(SCCCO)c(Cc3ccccc3C(F)(F)F)sc12,4.05,3.7447146291550304,-0.30528537084496943
1703,valid,CCN1CCO[C@@H](CN2CCN(CC2)C(=O)Nc3ccc(Cl)c(Cl)c3)C1,2.68,2.877506300919599,0.19750630091959875
2559,valid,COc1cc(Nc2cc(Oc3cc(C)c(C)nc3c4ccccn4)ccn2)cc(OC)c1OC,3.22,3.666728262374569,0.446728262374569
3378,valid,CS(=O)(=O)C1(CC1)c2cc(nc(n2)c3cccc4[nH]ccc34)N5CCOCC5,2.2,2.305354877711056,0.105354877711056
946,valid,Nc1ccccc1NC(=O)c2ccc(cc2)c3nccs3,2.3,2.2678895975355755,-0.032110402464424315
336,valid,C(CNCc1ccccc1)NCc2ccccc2,0.73,1.1725560335413228,0.4425560335413228
129,valid,CNCC[C@H](Oc1ccc(cc1)C(F)(F)F)c2ccccc2,1.89,1.8939045272979287,0.0039045272979287837
1878,valid,OC(=O)c1ccc(Nc2ncc(Br)c(Nc3ccccc3)n2)cc1,1.65,2.864925231006222,1.2149252310062222
2603,valid,C[C@@](O)(C(=O)Nc1ccc(cc1Cl)S(=O)(=O)C)C(F)(F)F,2.08,2.2574390356400085,0.1774390356400084
948,valid,Nc1ncc([nH]1)c2ccc(F)cc2,1.39,0.7869839541521757,-0.6030160458478242
1821,valid,Cc1ccn2c(c(C)nc2c1)c3ccnc(N)n3,2.39,1.444963068992195,-0.9450369310078051
2266,valid,Cc1ccccc1C(=O)N2CCN(CC2)c3ccccn3,2.18,2.9156453529718296,0.7356453529718294
3878,valid,COCCOc1ccc(cc1)c2cc(C(=O)N)c(NC(=O)N)s2,2.34,2.2081387253219518,-0.1318612746780481
1556,valid,CN(c1ccc2c(C)n(C)nc2c1)c3ccnc(Nc4ccc(C)c(c4)S(=O)(=O)N)n3,3.3,1.8564950746182523,-1.4435049253817476
3148,valid,C1CCC(CC1)NC2CCCCC2,-0.38,1.7247191174827095,2.1047191174827096
871,valid,CCOC(=O)\C=C\[C@H](C[C@@H]1CCNC1=O)NC(=O)[C@@H](CC(=O)[C@@H](NC(=O)c2cc(C)on2)C(C)C)Cc3ccc(F)cc3,2.8,1.4371938631305121,-1.3628061368694877
2640,valid,Cc1c(CCC(=O)O)c[nH]c1\C=C\2/C(=O)Nc3ccccc23,1.05,0.6273921148096435,-0.4226078851903565
1975,valid,FC(F)(F)c1cccc(c1)S(=O)(=O)NCC(N2CCCCCC2)c3ccccc3,3.12,3.732742557087946,0.6127425570879459
1985,valid,FC(F)(F)c1cc(COCC(N2CCNCC2)c3ccccc3)cc(c1)C(F)(F)F,2.9,2.910488015766761,0.010488015766761283
1212,valid,CCc1ccc(NC(=O)c2ccc3cc(ccc3c2)C(=N)N)cc1,1.1,1.8414250314893947,0.7414250314893946
629,valid,OC[C@H](O)C(=O)N1CCC(=CC1)c2ccc(cc2F)N3C[C@H](COc4ccon4)OC3=O,1.09,1.4898840315209734,0.3998840315209733
3007,valid,CC(C)CN1C(=O)N(C)C(=O)c2c1sc(Cc3cncc4ccccc34)c2C(=O)N5CC[C@@H](O)C5,1.74,1.3907624967375174,-0.3492375032624826
2536,valid,CCN(CC)C(=O)c1ccc(cc1)C(=C2CCN(Cc3ccc(F)cc3)CC2)c4cccc5cccnc45,3.86,4.2594884228449335,0.3994884228449336
1892,valid,Cc1cccc(n1)c2nc3cc(Cl)ccc3[nH]2,4.1,2.0809935534204387,-2.019006446579561
2605,valid,CCS(=O)(=O)Nc1cccc2c1c(Oc3ccc(Cl)cc3)c(C)n2CC(=O)O,-0.29,-0.7161611303009949,-0.42616113030099495
3730,valid,CNCCC(Oc1ccccc1OC)c2ccccc2,0.22,0.48398476172376537,0.2639847617237654
2391,valid,COCCOCCOc1ccc(cc1)c2cc(C(=O)N)c(NC(=O)N)s2,2.21,2.147697075734573,-0.06230292426542716
3758,valid,CN(C)Cc1ccccc1Sc2ccc(C)cc2N,2.6,2.2784182572411624,-0.32158174275883766
1682,valid,OC(=O)COc1ccc(cc1c2ccc(Cl)cc2)C(F)(F)F,0.9,0.8575981166091053,-0.04240188339089468
1187,valid,COc1cc(ccc1Nc2ncc(Cl)c(n2)c3cnc4ccccn34)N5CCN(CC5)C(=O)N,3.3,3.5250648857680664,0.2250648857680666
3031,valid,Cc1c(Oc2ccc(Cl)cc2)c3cc(F)ccc3n1CC(=O)O,1.26,0.9685480534470685,-0.2914519465529315
1631,valid,Cc1cc(N)nc(CCNC(=O)c2ccc(cc2)C#N)c1,1.62,1.4819844478988982,-0.13801555210110195
2499,valid,COc1ccc(CN2C(=O)CCC2(C)C(=O)NC3CCCCC3)c(OC)c1,2.38,2.5418467393356314,0.16184673933563154
2973,valid,CO[C@H]1CN(CCN2C(=O)C=Nc3ccc(OC)cc23)CC[C@H]1NCc4ccc5OCC(=O)Nc5n4,0.51,0.7765287599981634,0.2665287599981634
2889,valid,CN1C2CC(CC1C3OC23)OC(=O)C(CO)c4ccccc4,0.17,-0.024466927351165513,-0.19446692735116552
2701,valid,CCC(N(CCCN)C(=O)c1ccc(cc1)C(C)C)C2=Nc3ccsc3C(=O)N2Cc4ccccc4,2.72,1.8840527065720196,-0.8359472934279806
3902,valid,COCCN(c1ccnc(Nc2cc(cc(c2)N3CCOCC3)N4CCOCC4)n1)c5cc(CO)ccc5C,2.8,2.6135984413154127,-0.18640155868458708
2461,valid,Cc1nc(CS(=O)(=O)c2ccccc2)cc(n1)N3CCOCC3,1.07,1.0334823317165196,-0.036517668283480464
1712,valid,CC(C)C(NC(=O)CN1C(=O)C(=CC=C1c2ccccc2)NC(=O)Cc3cccc(c3)C(=O)O)C(=O)C(F)(F)F,0.68,1.1100557337756929,0.43005573377569284
3894,valid,COc1cc2c3N([C@H](C)c4ccccn4)C(=O)Nc3cnc2cc1c5c(C)onc5C,3.15,1.6386740749472697,-1.5113259250527302
3518,valid,CCn1c(nc2c(ncc(OCC3CCCNC3)c12)C#CC(C)(C)O)c4nonc4N,0.6,0.5409456323240365,-0.059054367675963504
1245,valid,O=C(Nc1nc(cs1)c2ccccc2)c3cccnc3,3.62,1.9123209345472612,-1.707679065452739
2163,valid,Clc1ccc(cc1C(=O)NCC23CC4CC(CC(C4)C2)C3)N5N=CC(=O)NC5=O,2.1,2.1098633225631866,0.00986332256318656
223,valid,COc1ccccc1C(NC(=O)[C@@H]2CCCC[C@H]2C(=O)N3CCN(Cc4ccc(F)cc4)CC3)C#N,3.57,2.760870869737591,-0.8091291302624088
3609,valid,O[C@@H](CNCCc1cccc(CNCc2ccccc2Cl)c1)c3ccc(O)c4NC(=O)Sc34,1.85,1.6739460164735824,-0.17605398352641766
2814,valid,OC1=CC(=O)C2=C(O1)c3ccccc3N(C2=O)c4ccccc4,0.96,2.899752525286088,1.9397525252860879
2782,valid,Cc1cccc(C[C@H](N2CCC(CN3CCC(CC3)Oc4ccc(Cl)c(Cl)c4)CC2)C(=O)O)c1,2.84,2.4909631921208315,-0.34903680787916835
1998,valid,NC(=O)CN1C(=O)C(Cc2ccccc12)NC(=O)c3cc4cc(Cl)sc4[nH]3,3.22,2.705924316538137,-0.5140756834618632
3753,valid,c1cnc2cccnc2c1,0.89,1.0860299586767745,0.19602995867677453
2151,valid,O[C@H](CNC(=O)C1=CNC(=O)c2ccccc12)CN3CCC(CC3)Oc4ccc(Cl)c(Cl)c4,3.42,3.527278468591327,0.10727846859132706
1500,valid,COc1ncccc1c2cccc3c(N)c4C(=O)N(Cc4nc23)C5CCC5,3.26,2.705970680298931,-0.5540293197010686
202,valid,Clc1ccc2C(=O)C3=C(Nc2c1)C(=O)NN(Cc4ccccn4)C3=O,1.1,0.9019352676184913,-0.1980647323815088
203,valid,C[C@@H](NC(=O)[C@H]1CCCCN1)c2ccc(Nc3ncc4cc(ccc4n3)c5ccncc5)cc2,2.15,3.2212236195571378,1.0712236195571379
1650,valid,Clc1ccc(CN(Cc2ccc(Cl)cc2)c3nn[nH]n3)cc1,2.74,1.3871116615667813,-1.3528883384332189
2954,valid,Cn1cc(cc1C=O)C(=O)CCCCOc2ccc(cc2)C(=O)O,0.14,1.387618771773384,1.247618771773384
2554,valid,Nc1nc(N)c(c(COCc2ccccc2)n1)c3ccc(NC(=O)C4CC4)cc3,2.46,3.1428381196724926,0.6828381196724926
3859,valid,COc1cc2ncnc(Nc3cccc(Cl)c3F)c2cc1CN(C)C4(CCN(C)CC4)C(=O)N,2.16,2.003902722373165,-0.15609727762683523
2683,valid,CC(C)n1c(C)ncc1c2nc(Nc3ccc(cc3)C(=O)N4CC[C@@H](C4)N(C)C)ncc2F,2.16,3.349258817464594,1.189258817464594
1428,valid,Cc1c(Sc2ccc(Cl)cc2)c3cc(ccc3n1CC(=O)O)S(=O)(=O)C,0.54,0.7159228490809562,0.17592284908095612
1679,valid,COc1ccc2c(C)nc(NC(=N)N)nc2c1,-0.51,0.07989480910399971,0.5898948091039997
4096,valid,Nc1nc(N)nc(n1)c2ccc(Cl)cc2,2.12,2.183489816754794,0.0634898167547937
432,valid,O=C1C=C(Oc2c1cccc2c3cccc(c3)c4ccsc4)N5CCOCC5,4.2,3.282883215155859,-0.9171167848441413
416,valid,Clc1cccc(c1)N2CCN(CCCN3N=C4C=CC=CN4C3=O)CC2,2.67,2.7067344320913316,0.03673443209133165
232,valid,COc1cc(Nc2nccc(n2)N(C)c3cc(CO)ccc3C)cc(c1)N4CCOCC4,3.9,3.819650447349602,-0.08034955265039789
1492,valid,Cc1ccc(NC(=O)c2cccc(c2)C(F)(F)F)cc1NC(=O)c3cccnc3,3.11,2.3843694945800307,-0.7256305054199692
558,valid,Cc1ccccc1CN2C=CN3C(=O)C=C(N=C23)N4CCOCC4,2.3,3.0954027223984495,0.7954027223984497
1879,valid,Oc1ccc(O)c2C(=O)C=CC(=O)c12,1.91,1.5380771876341857,-0.37192281236581426
3198,valid,[O-][N+](=O)c1oc(C=NN2CCOC2=O)cc1,-0.12,-0.14669960243521185,-0.026699602435211856
188,valid,CC(C)OC(=O)N1CCC(CC1)Oc2ncnc(Nc3ccc(nc3C)S(=O)(=O)C)c2C,2.8,2.836974446576071,0.036974446576071074
3311,valid,Clc1ccc(OC2CCN(CC2)C3CCN(CC3)S(=O)(=O)NC(=O)c4ccccc4)cc1Cl,2.14,1.674906472835065,-0.465093527164935
972,valid,Fc1cnc(NC(=O)[C@H](CC2CCOCC2)c3ccc(cc3)S(=O)(=O)C4CC4)s1,3.19,3.2446589652359425,0.0546589652359426
394,valid,COCCNCc1cccc(CCNC[C@H](O)c2ccc(O)c3NC(=O)Sc23)c1,0.01,-0.18257774328390086,-0.19257774328390087
2161,valid,CCS(=O)(=O)c1ccc(Oc2cc3nc([nH]c3cc2CN4C(=O)CCC4=O)c5ccccn5)cc1,2.0,2.7272883692315086,0.7272883692315086
1876,valid,CN1CCN(CC1)C(=O)OC2N(C(=O)c3nccnc23)c4ccc(Cl)cn4,1.1,1.313029630082445,0.21302963008244502
3085,valid,CCN(C(=O)Nc1ccccc1)c2ccccc2,3.1,2.9243112817356915,-0.17568871826430854
2770,valid,CC(C)NC[C@@H](O)COc1cccc2ccccc12,1.13,1.0824037095352086,-0.0475962904647913
807,valid,COc1cc(OC)c(cc1NC(=O)CSc2ccncc2)S(=O)(=O)N3C(C)CCc4ccccc34,2.82,1.6048539568437348,-1.215146043156265
3312,valid,OC(=O)c1cc2cc(ccc2n1Cc3ccc(Cl)c(Cl)c3)C(F)(F)F,3.07,2.5096432838104734,-0.5603567161895264
2298,valid,CCO\N=C(\C1CCN(CC1)C2(C)CCN(CC2)C(=O)c3c(C)cc[n+]([O-])c3C)/c4ccc(Br)cc4,2.14,3.0313423334617218,0.8913423334617216
1706,valid,OC(=O)C(N1CCC(CC1)N2CCC(CC2)Oc3ccc(Cl)c(Cl)c3)c4ccccc4,2.23,1.7832926898101749,-0.4467073101898251
3709,valid,CC(C)COc1ccc(cc1C#N)c2nc(C)c(s2)C(=O)O,0.94,2.4224205725989845,1.4824205725989845
126,valid,CN1CCN(CC1)C2=Nc3cc(Cl)ccc3Nc4ccccc24,3.08,1.671286960164168,-1.408713039835832
528,valid,CC(C)n1c(C)ncc1c2ccnc(Nc3ccc(cc3)N4CCOCC4)n2,2.88,2.9023001127783696,0.02230011277836974
3172,valid,COc1cc(ccc1Nc2ncc(Br)c(n2)c3cnc4ccccn34)N5CCN(CC5)C(=O)C,3.7,3.559467486874498,-0.14053251312550197
124,valid,CCN(C1CCN(CCC(c2ccccc2)c3ccccc3)CC1)C(=O)NCc4c(F)cccc4F,4.3,3.9675852832507488,-0.33241471674925105
3863,valid,COCCOc1cc(Nc2nccc(n2)N(C)c3cc(CO)ccc3C)cc(c1)N4CCOCC4,3.3,3.718456103686103,0.4184561036861032
2287,valid,Clc1ccc(cc1Cl)[C@@H]2CNCC=CC2,1.95,1.624548622917713,-0.3254513770822869
4037,valid,CN1CCOc2cc(OC(=O)c3ccccc3)cnc12,3.3,2.850667719413762,-0.44933228058623786
3493,valid,CS(=O)(=O)Cc1cc(nc(n1)c2ccc3[nH]ccc3c2)N4CCOCC4,2.06,1.7331279335483962,-0.3268720664516038
348,valid,CCOC(=O)C1(CCCN(CC2CC2)C1)c3cccc(O)c3,1.89,1.2935723242656443,-0.5964276757343556
3357,valid,Oc1c2C(=O)NNC(=O)c2nc3cc(Cl)cc(Cl)c13,0.89,1.6809660342396768,0.7909660342396768
2942,valid,CO[C@H]1CN(CCN2C(=O)C=Nc3ccc(OC)cc23)CC[C@@H]1NCc4cc5OCCOc5cn4,1.25,1.3848827451970656,0.13488274519706556
1968,valid,CCN1C(=O)C2=C(OC(=CC2=O)O)c3ccccc13,1.13,1.7223262708388338,0.5923262708388339
1630,valid,O=C1NC=Cc2nc(c3ccc(CN4CCC(CC4)c5n[nH]c(n5)c6ccccn6)cc3)c(cc12)c7ccccc7,3.9,1.9563283296819434,-1.9436716703180565
1254,valid,C=CCN(C1CCN(CCC(c2ccccc2)c3ccccc3)CC1)C(=O)Nc4ccccc4,3.6,3.177001859726122,-0.42299814027387805
1476,valid,O[C@@]1(CN2CCC1CC2)C#Cc3ccc(Oc4ccc(cc4)C(=O)NCc5ccncn5)cc3,1.77,1.8700686806788616,0.10006868067886154
1894,valid,F[C@H]1CN(CCN2C(=O)C=Cc3ccc(cc23)C#N)CC[C@H]1NCc4ccc5OCC(=O)Nc5n4,0.66,0.5808323783446399,-0.07916762165536018
3219,valid,CCCCc1nc2c(N)nc3ccccc3c2n1CC(C)C,3.82,3.116859946205389,-0.7031400537946109
1867,valid,CC(C)C(NC(=O)CN1C(=O)C(=CC=C1c2ccccc2)NC(=O)OCc3ccncc3)C(=O)C(F)(F)F,2.41,2.1689003206317934,-0.24109967936820675
2399,valid,CC(C)C(NC(=O)CN1C(=O)C(=CN=C1c2cccs2)NC(=O)OCC(F)(F)F)C(=O)C(F)(F)F,2.32,1.7672731102993078,-0.5527268897006921
1088,valid,C[C@@H]1CN(C[C@H](C)N1)c2c(F)c(N)c3C(=O)C(=CN(C4CC4)c3c2F)C(=O)O,-0.15,-0.48044006199613065,-0.33044006199613063
1612,valid,Cc1cccc(n1)C#Cc2ccccc2,3.6,4.260358105843856,0.6603581058438563
2336,valid,Nc1ccc(Cl)c(c1)c2oc3cccnc3n2,1.97,2.3638333252204617,0.39383332522046177
3857,valid,NC1=NC(c2cccc(c2)c3cncnc3)(c4ccnc(c4)C(F)(F)F)c5cccc(F)c15,3.4,2.6621459063664927,-0.7378540936335072
2028,valid,CC(C)C(NC(=O)CN1C(=O)C(=CC=C1c2ccccc2)NS(=O)(=O)NCc3ccccc3)C(=O)C(F)(F)F,2.57,3.0595836258949864,0.4895836258949866
3279,valid,CN([C@@H]1CCN(Cc2nc3cc(F)ccc3s2)C[C@@H]1F)C(=O)Cc4ccc(cc4)S(=O)(=O)C,2.2,2.5321849580140463,0.33218495801404613
2178,valid,CN(CCN(C)C(=O)CCOCCc1ccccc1)CCc2ccc(O)c3nc(O)sc23,2.59,3.0136781076756547,0.42367810767565484
3169,valid,CCCNC(=O)c1nnc2c(cccc2c1N)c3cnccc3OC,2.83,3.0346191925353865,0.2046191925353864
1134,valid,COc1cc2ncc(C(=O)N)c(Nc3cccc(Cl)c3)c2cc1OC,3.5,2.9450253173198147,-0.5549746826801853
3009,valid,CCc1cc(C(=O)N[C@@H](Cc2cccc(Cl)c2)C(=O)NCC#N)n(C)n1,2.6,3.104271554151514,0.5042715541515137
3887,valid,CCN(C1CCN(CC[C@H](c2ccc(cc2)S(=O)(=O)C)c3cccc(F)c3)CC1)C(=O)Cc4ccc(cc4)S(=O)(=O)C,2.9,2.120356242094579,-0.7796437579054207
310,valid,COc1ccnc(CCc2nc3cc(Br)cnc3[nH]2)c1,2.92,2.2260753382794993,-0.6939246617205006
3377,valid,C[C@H]1NC(C)(C)CO[C@]1(O)c2cccc(Cl)c2,1.69,2.034564129579252,0.34456412957925187
414,valid,COc1ccccc1Nc2cc(Oc3cc(C)c(C)nc3c4ccccn4)ccn2,3.37,3.9715455008650338,0.6015455008650337
3235,valid,CC(=O)OCCn1c(Sc2nc3cccc(Cl)c3s2)nc4c(N)ncnc14,3.16,2.380834406480645,-0.7791655935193553
1512,valid,CC(C)N1CCN(Cc2cnc(c(F)c2)c3ccc(cc3)C(=O)Nc4ccccc4N)CC1,1.6,1.7636431570941098,0.1636431570941097
2052,valid,Cc1nc(cs1)C(=O)N2CCOC3(CCN(Cc4ccc(Cl)cc4)CC3)C2,2.17,1.805276325297556,-0.3647236747024438
3856,valid,CC(C)Nc1ccc2cnn(c3cncc(n3)n4ccc(CC(=O)O)c4)c2c1,1.24,0.33732194738636867,-0.9026780526136313
2296,valid,OC(=O)c1ccc(Nc2ncc3CN=C(c4cc(Cl)ccc4c3n2)c5c(F)cccc5F)cc1,2.58,2.2372181292468203,-0.3427818707531798
316,valid,Nc1ncc(nc1C(=O)Nc2cccnc2)c3ccc(cc3)S(=O)(=O)N4CCOCC4,2.83,2.1922493684488797,-0.6377506315511203
1236,valid,CCn1c(C)c(C(=O)O)c(c2cccc(c2)N3CCN(CC3)c4ccc(NS(=O)(=O)c5ccc(N[C@H](CCN6CCC(O)CC6)CSc7ccccc7)c(c5)S(=O)(=O)C(F)(F)F)cc4)c1c8ccc(Cl)cc8,4.2,5.665907449013121,1.4659074490131205
2611,valid,CN1CCN(Cc2ccc(cc2)C(=O)Nc3ccc(C)c(Nc4nccc(n4)c5cccnc5)c3)CC1,2.5,1.794336675972981,-0.7056633240270189
4185,valid,Cc1ccnc(NS(=O)(=O)c2ccc(N)cc2)n1,-0.51,0.13708971955059823,0.6470897195505982
1690,valid,COC1=CC=C2C(=CC1=O)C(CCc3cc(OC)c(OC)c(OC)c23)NC(=O)C,1.12,1.1732538395730583,0.05325383957305818
3776,valid,CCN(CC)CCCNCc1cc(Cl)c2cccnc2c1O,0.72,1.7580481184757029,1.0380481184757029
1448,valid,COC(=O)CCCCCCC(=O)Nc1ccc2C(=O)C(=O)c3ccccc3c2c1,2.6,3.7732193632180406,1.1732193632180405
2414,valid,Oc1ccc(N2C(=O)c3ccc(O)cc3C2=O)c(F)c1,2.1,2.2702554660556005,0.17025546605560038
179,valid,CN[C@@H](C)C(=O)N[C@H](C(=O)N[C@H]1CCCN(CCc2ccc(F)cc2)C1)C(C)(C)C,3.12,1.9644295500889983,-1.1555704499110018
275,valid,OC[C@H]1C[C@H]([C@H](O)[C@@H]1O)n2nnc3c(N[C@@H]4C[C@H]4c5ccc(F)c(F)c5)nc(SCCC(F)(F)F)nc23,3.99,3.5370361365732768,-0.45296386342672346
1205,valid,CSCc1cc(nc(n1)c2ccccc2)N3CCOCC3,3.26,3.1431929585895824,-0.11680704141041742
254,valid,COc1ccc2ncc(F)c(CCN3CCC(CC3)NCc4cc5OCCOc5cn4)c2n1,1.46,3.2110507422852934,1.7510507422852934
3613,valid,COc1cc(Nc2c(cnc3cc(OC)c(OC)cc23)C#N)cc(OC)c1,3.5,2.5782680162686695,-0.9217319837313305
3977,valid,OC(=O)COc1ccc(Br)cc1c2ccccc2,0.15,0.7143748604697557,0.5643748604697557
1999,valid,CN(C)CCNC(=O)c1c(C)[nH]c(\C=C\2/C(=O)Nc3ccc(F)cc23)c1C,1.75,1.5929163854649637,-0.15708361453503628
3740,valid,CC(Nc1ccccc1)C2=CC(=CN3C(=O)C=C(N=C23)N4CCOCC4)C,3.6,2.918424186445519,-0.6815758135544812
1446,valid,COCCC(=O)NC(C)c1ccc(Nc2ncc3cc(ccc3n2)c4ccncc4)cc1,2.98,3.2362628095123838,0.2562628095123838
1014,valid,CN[C@@H](C)[C@H](O)c1ccccc1,-1.15,1.1789403077850764,2.3289403077850763
3151,valid,CNc1c(cnc2[nH]c(nc12)c3ccc(OCCN4CCOCC4)cc3)C(=O)N,2.14,0.9663803452044124,-1.1736196547955877
479,valid,CN1CCCC1c2cccnc2,0.5,0.05558371825115671,-0.4444162817488433
1321,valid,CCS(=O)(=O)c1ccc(c2cc(Cl)ccc2OCC(=O)O)c(c1)C(F)(F)F,0.62,0.013725687349143811,-0.6062743126508562
161,valid,Clc1ccc(cc1C(=O)NCC2CCCCC2)N3N=CC(=O)NC3=O,1.26,1.8549135528916072,0.5949135528916072
3884,valid,Nc1c(nc(nc1N2CCOCC2)C#N)N3CCCCC3,2.71,2.5630174177801006,-0.14698258221989935
2225,valid,OC1=NC(=O)CN1N=Cc2oc(cc2)c3ccc(cc3)[N+](=O)[O-],1.35,1.874082657859083,0.5240826578590829
3651,valid,Cc1ccc(cc1NC(=O)CC23CC4CC(CC(C4)C2)C3)C(=O)N5CC6CNCC(C5)O6,2.12,2.3171867686162577,0.1971867686162576
1942,valid,CCC[C@H](CO)Nc1nc(S[C@@H](C)c2cccc(c2)C#N)nc3NC(=O)Sc13,3.7,3.923103423363246,0.22310342336324585
2984,valid,OS(=N)(=O)Cc1noc2ccccc12,0.55,2.1660878669703023,1.6160878669703023
3674,valid,CN1CCN(CC1)C(=O)Cc2csc(NS(=O)(=O)c3cccc(Cl)c3C)n2,0.57,0.4548228288869498,-0.11517717111305015
340,valid,COC(=O)CCCC(=O)Nc1ccc2C(=O)C(=O)c3ccccc3c2c1,2.96,3.7006167525075067,0.7406167525075067
3267,valid,Nc1nc(N)c2cc(Br)ccc2n1,1.78,2.5370695131594254,0.7570695131594254
3204,valid,c1ccc2cnccc2c1,1.6,2.356919985886327,0.7569199858863267
3532,valid,O=C1O[C@]2(CN3CCC2CC3)CN1c4cccs4,0.9,0.29574938716891275,-0.6042506128310873
3050,valid,COc1cc2c(Nc3ncc(NC(=O)c4ccccc4)cn3)ncnc2cc1OCCCN5CCOCC5,2.32,3.2350188339455945,0.9150188339455947
3562,valid,CN(C)S(=O)(=O)c1ccc(CC(=O)N(C)C2CCN(CCC(c3ccccc3)c4ccccc4)CC2)cc1,3.5,3.2637703449221007,-0.23622965507789928
3636,valid,NCCCCCc1c[nH]c2ccc(F)cc12,0.6,1.3132006186234224,0.7132006186234224
4119,valid,Cc1ccnc(NCc2ccccc2O)c1,3.35,3.253984979454371,-0.09601502054562916
2084,valid,CNCC[C@@H](Oc1cc(ccc1C#N)C(F)(F)F)c2ccccc2,1.3,1.4290695657708548,0.1290695657708547
2734,valid,CC(C)(C)NC(=O)[C@@H]1CN(Cc2cccnc2)CCN1C[C@@H](O)C[C@@H](Cc3ccccc3)C(=O)N[C@@H]4[C@H](O)Cc5ccccc45,2.9,0.6931656820366665,-2.2068343179633336
3664,valid,C[C@@H](NC1=CC(=O)CNC1)c2ccc(Nc3ncc4cc(ccc4n3)c5ccncc5)cc2,2.49,1.95616862906635,-0.5338313709336502
2270,valid,C1NCC(CC=C1)c2oc3ccccc3c2,1.94,3.0986665878722444,1.1586665878722444
1875,valid,CC(C)(C)C(=O)Nc1ccc2c(c1)C(=O)C(=O)c3ccccc23,2.83,2.2348895788552294,-0.5951104211447706
3956,valid,OC(C(=O)c1ccccc1)c2ccccc2,2.13,2.8572499998184453,0.7272499998184454
717,valid,OC1(CNCCc2ccccc12)c3ccccc3,1.38,0.7902894926123065,-0.5897105073876934
2935,valid,COCc1c(nc(C(C)C)c(\C=C\[C@@H](O)C[C@@H](O)CC(=O)O)c1c2ccc(F)cc2)C(C)C,1.72,1.1408708774012761,-0.5791291225987238
1825,valid,CC(C)(C)OC(=O)c1ncn2c1[C@@H]3CCCN3C(=O)c4c(Br)cccc24,2.48,3.0453767368750855,0.5653767368750855
1891,valid,Cn1cc(cc1c2c3C(=O)N(CCO)C(=O)N(CC4CC4)c3nn2Cc5ccnc6ccc(Cl)cc56)C#N,3.0,4.03359284333477,1.0335928433347696
3918,valid,CCN1CCC[C@H](CN2CCN(CC2)C(=O)Nc3ccc(Cl)c(Cl)c3)C1,1.86,2.5155255377004098,0.6555255377004097
3068,valid,Nc1cccc(CCc2ccc3cc[nH]c3c2)n1,2.8,1.8417860881477004,-0.9582139118522994
667,valid,Fc1ccc2[nH]c3CCN(Cc3c2c1)C(=O)[C@@H]4CCCC[C@H]4C(=O)NCC#N,2.77,2.822582835362069,0.05258283536206898
2772,valid,Cc1nc(CSc2ccc(Cl)cc2)cc(n1)N3CCOCC3,3.38,4.039989676768705,0.6599896767687055
729,valid,Cc1ccc(NC(=O)c2cccc(c2)N3CCOCC3)cc1NC(=O)c4ccc(OCc5ccccn5)cc4,3.2,3.2163803743649257,0.016380374364925565
1240,valid,COCCCc1cc(Nc2nc(NCc3onc(C)c3)ncc2Br)n[nH]1,3.07,3.2741594837601,0.20415948376010018
2397,valid,CC(C)n1c(C)ncc1c2nc(Nc3ccc(cc3)C(=O)NC4CCN(C)CC4)ncc2F,2.13,2.0766881619218074,-0.05331183807819251
10,valid,CS(=O)(=O)c1ccc(Oc2ccc(cc2)C#C[C@]3(O)CN4CCC3CC4)cc1,1.51,2.088284451835453,0.5782844518354529
2893,valid,CCN1C(=O)N(CC2CC2)c3nn(Cc4ccnc5ccc(Cl)cc45)c(c3C1=O)c6cc(cn6C)C#N,4.13,3.5207464290051016,-0.6092535709948983
144,valid,Oc1ccc2C(=O)C=C(Oc2c1)N3CCOCC3,1.0,1.551781546941764,0.551781546941764
4129,valid,CCCCC(N1NC(=O)c2nc3cc(Cl)ccc3c(O)c2C1=O)c4ccncc4,1.4,2.058219535335381,0.6582195353353812
2743,valid,O=C(Nc1nccs1)c2cccnc2,2.25,1.0489942145698579,-1.2010057854301421
1674,valid,CCN(CC)C(=O)c1ccc(cc1)C(=C2CCN(Cc3ccc(F)cc3)CC2)c4ccccn4,3.28,2.67495844327617,-0.6050415567238296
2294,valid,CN1CCN(CC1)C(=O)c2cc(CC3=NNC(=O)c4ccccc34)ccc2F,1.03,1.0155227485561709,-0.014477251443829164
286,valid,CCN(C1CCN(CCC(c2ccccc2)c3ccc(NS(=O)(=O)C)cc3)CC1)C(=O)Cc4ccc(cc4)S(=O)(=O)C,1.84,2.2234445244656706,0.38344452446567057
2863,valid,Fc1ccc(cc1)C(COCc2cc(cc(c2)C(F)(F)F)C(F)(F)F)N3CCNCC3,3.0,2.9401716949260743,-0.05982830507392567
3451,valid,Cc1ccc(Oc2ccc(OCC(=O)Nc3ccncc3)cc2)cc1,4.3,3.2508211141180805,-1.0491788858819193
1171,valid,CN(c1ncccc1CNc2nc(Nc3ccc4NC(=O)Cc4c3)ncc2C(F)(F)F)S(=O)(=O)C,2.63,2.9403357968769934,0.31033579687699353
3440,valid,O=C(Nc1ccccc1)N2CCOCC2,1.0,2.1644444029193575,1.1644444029193575
294,valid,O[C@@H](CNCCCSCCNCCc1cccc(Cl)c1Cl)c2ccc(O)c3NC(=O)Sc23,1.74,1.619781693011329,-0.12021830698867109
976,valid,COC[C@H](C)Oc1cc(O[C@@H](C)Cc2ccccc2)cc(c1)C(=O)Nc3ccc(cn3)C(=O)O,1.5,0.2886628480019062,-1.2113371519980938
364,valid,C[C@@H](CNC(=O)c1c(O)c(O)cc2c(O)c(c(C)cc12)c3c(C)cc4c(C(=O)NC[C@H](C)c5ccccc5)c(O)c(O)cc4c3O)c6ccccc6,3.48,2.670983156263818,-0.809016843736182
960,valid,C[C@]12N[C@H](Cc3ccccc13)c4ccccc24,1.6,2.357296212710716,0.7572962127107159
4115,valid,Cc1c(Sc2ccc(Cl)cc2)c3c(C#N)c(Cl)ccc3n1CC(=O)O,1.6,1.9614475511745062,0.3614475511745061
1265,valid,CC#CCN1C(=O)N(CC2CC2)c3nn(Cc4ccnc5ccc(Cl)cc45)c(c3C1=O)c6cncn6C,3.61,3.575373306042986,-0.0346266939570139
742,valid,CN(CCO)Cc1ccc(cc1)c2cc(C(=O)N)c(NC(=O)N)s2,0.97,1.3273154885108092,0.3573154885108092
1007,valid,CC(C)Oc1cc(OCCc2ccsc2)cc(c1)C(=O)Nc3ccc(cn3)C(=O)O,1.74,1.674332846422722,-0.06566715357727793
4034,valid,COc1cc(OC2CCN(C)CC2)c3c(Nc4cccc5OCCOc45)ncnc3c1,2.26,2.6078369141003246,0.3478369141003248
323,valid,O[C@H](CNC(=O)c1n[nH]c2ccccc12)CN3CCC(CC3)Oc4ccc(Cl)c(Cl)c4,2.95,3.887874283464112,0.9378742834641116
889,valid,COc1cc2ncnc(Nc3cc4ccccc4cn3)c2cc1OC,3.9,3.652052937537352,-0.24794706246264786
3039,valid,COc1ccc(cc1)c2nc3c(NCCCNC(=O)C4CCCC4)c(cnc3[nH]2)C(=O)N,3.13,1.8425471115096315,-1.2874528884903684
1189,valid,CN(C)c1nc(Cc2ccc(NC(=O)c3ccc(cc3)C(F)(F)F)cc2)nc(N(C)C)c1CC(=O)O,1.46,1.0037690095916112,-0.45623099040838877
1365,valid,C[C@@H](N(CC1CCS(=O)(=O)CC1)C(=O)Cc2ccc(c(F)c2)C(F)(F)F)C3=Nc4ncccc4C(=O)N3c5ccc(Cl)cc5,2.9,2.3909330450338193,-0.5090669549661806
2520,valid,CN1CCN(CC1)C(=O)c2cc3cc(F)ccc3[nH]2,1.97,1.9150100061491595,-0.05498999385084047
968,valid,OC(=O)CO[C@H]1[C@@H](Cc2ccccc12)NC(=O)c3cc4sc(Cl)c(Cl)c4[nH]3,1.38,2.391391610852376,1.011391610852376
873,valid,CN1N(C(=O)C=C1C)c2ccccc2,0.11,1.7747888127755185,1.6647888127755184
2644,valid,Brc1oc(cc1)c2nc3cc(NS(=O)(=O)c4ccccc4)ccc3[nH]2,4.38,3.2758350815806847,-1.1041649184193152
2442,valid,CC12NC(Cc3ccccc13)c4ccccc24,1.7,2.357296212710716,0.657296212710716
4006,valid,Cc1ccc(cc1NC(=O)c2ccc(OCc3ccccn3)cc2)c4nc5ccccc5[nH]4,3.24,3.224374725419393,-0.01562527458060714
128,valid,Cn1ncnc1COc2nn3c(nnc3cc2C(C)(C)C)c4cc(F)ccc4F,2.4,2.948767952851065,0.5487679528510649
700,valid,CN(c1ccc(c(C)c1)c2cc(ccc2OCC(=O)O)C(F)(F)F)S(=O)(=O)C,-0.59,-0.8104272703472457,-0.22042727034724574
386,valid,CCCCN(CCNC[C@H](O)c1ccc(O)c2NC(=O)Sc12)C(=O)CCOCCc3ccccc3,2.51,2.28426114106982,-0.22573885893017964
3716,valid,O=C1CCOc2nc(OCc3ccccc3)ccc12,3.1,3.9555132550501133,0.8555132550501132
3892,valid,OC(=O)CCc1ccc(OCc2cccc(Oc3ccccc3)c2)cc1,2.47,2.0628987599320254,-0.40710124006797477
3038,valid,Brc1ccccc1C(=O)NCC23CC4CC(CC(C4)C2)C3,4.15,4.094324310470508,-0.05567568952949209
36,valid,CN1CCN(CC1)c2ccc3N=CN(C(=O)c3c2)c4cc(NC(=O)c5cscn5)ccc4C,2.06,2.3760649706248946,0.3160649706248946
3244,valid,NC(=O)Nc1sc(cc1C(=O)N2CCOCC2)c3ccccc3,2.24,2.0503486644265396,-0.1896513355734606
2374,valid,CCCc1c(O)c(ccc1OCc2cccc(NC(=O)Cc3ccccc3C(=O)O)c2)C(=O)C,2.95,2.9637796190592516,0.013779619059251402
3905,valid,O=C(Nc1ccncc1)c2cccc3ccccc23,3.1,3.085461192991408,-0.014538807008591892
656,valid,COc1cc2ncnc(Nc3ccc(Cl)c(O)c3)c2cc1OC,3.3,3.149276620412166,-0.15072337958783377
2892,valid,CN(C)CCCN1c2ccccc2Sc3ccc(cc13)C(F)(F)F,3.59,3.437189987340602,-0.15281001265939764
84,valid,Oc1cc(nc2ccnn12)c3ccccc3,1.3,1.9053240719029543,0.6053240719029542
2818,valid,O=C1NC(=O)c2cc(OCc3ccccc3)ccc12,3.1,2.5481201174016785,-0.5518798825983215
3144,valid,COc1cc(O)c(C(CC(=O)N2CC(C)CC(C)C2)c3ccc4OCOc4c3)c(OC)c1,4.3,2.820953554589863,-1.4790464454101366
1121,valid,OC(=O)c1ccccc1O,-1.36,0.7318580350766049,2.091858035076605
271,valid,Cc1cc(C(=O)CN2C=C(C=CC2=O)C(F)(F)F)c(C)n1Cc3ccccc3,3.46,3.8302433517374794,0.37024335173747946
199,valid,Clc1cccc(c1Cl)n2nnnc2NCc3ccccc3Oc4ccccn4,3.62,3.3971338707059653,-0.22286612929403482
1350,valid,COc1cc2ncnc(Nc3ccc(F)c(Cl)c3)c2cc1OCCN4CCN(C)CC4,3.3,2.7950330210759473,-0.5049669789240525
2063,valid,CS(=O)(=O)c1ccc(nc1)c2nnc(\C=C\c3oc(nn3)c4ccc(cc4)C#N)n2c5ccccc5Cl,2.66,2.7023507149155446,0.04235071491554443
810,valid,COc1cc(OC)nc(n1)N2N=CC(=C(Cl)C2=O)Cl,1.4,2.3333616392213288,0.9333616392213289
1796,valid,CC(C)OC(=O)N1CCC(CC1)Oc2ncnc(Oc3cccnc3C)c2C,3.8,2.7830207059623655,-1.0169792940376343
3016,valid,COc1ccccc1CNC(=O)NS(=O)(=O)c2ccc(Cl)cc2,0.87,1.1773491019980544,0.30734910199805443
349,valid,OCCCn1c(NC(=O)c2cccc(c2)[N+](=O)[O-])nc3ccccc13,3.0,3.206170830778312,0.2061708307783121
2686,valid,O[C@H](CNC(=O)c1cn2cc(F)ccc2n1)CN3CCC(CC3)Oc4ccc(Cl)c(Cl)c4,3.33,3.7171595406829594,0.3871595406829593
1694,valid,Cn1c(C(=O)O)c(CCCOc2cccc3ccccc23)c4ccccc14,2.99,3.34038234685642,0.3503823468564198
1453,valid,CC[C@H](CO)Nc1nc(SCc2ccccc2)nc3NC(=O)Sc13,3.22,2.689522035966473,-0.5304779640335271
1936,valid,CCN1CCN(Cc2ccc(cc2)c3cc4c(N[C@H](C)c5ccccc5)ncnc4[nH]3)CC1,3.97,3.145282227645711,-0.8247177723542891
1774,valid,Cc1c(Sc2ccc(Cl)cc2)c3cccc(Cl)c3n1CC(=O)O,2.0,2.3898408600084404,0.3898408600084404
2255,valid,Cc1ccc(cc1)S(=O)(=O)N2CCN(CC2)C(=O)c3occc3,2.17,2.160910912335815,-0.009089087664185147
3635,valid,COCCNC(=O)c1ccc(Nc2ncc3cc(ccc3n2)c4ccncc4OC)cc1,3.14,2.7754687124329007,-0.3645312875670994
822,valid,O=C(NC1=CC(=CNC1=O)c2ccncc2)[C@H](Cc3ccccc3)NC4(CC4)c5ccccn5,3.44,-0.47163657586376484,-3.911636575863765
908,valid,CCN1C=C(C=C(C)C1=O)[C@@]2(N=C(N)c3c(F)cccc23)c4cccc(c4)c5cc(ccn5)C#CC,4.4,3.486082315260771,-0.9139176847392294
2436,valid,OCCN(CCO)c1nc(N2CCCCC2)c3nc(nc(N4CCCCC4)c3n1)N(CCO)CCO,3.97,2.9424781224254097,-1.0275218775745905
718,valid,CC(=O)NC[C@H]1CN(C(=O)O1)c2ccc(N3CCOCC3)c(F)c2,0.67,1.275547400833119,0.6055474008331189
1174,valid,COCCOc1nc(N)c2NC(=O)N(Cc3cccc(CC(=O)OC)c3)c2n1,1.86,2.859730009558976,0.9997300095589761
2753,valid,O=C1COc2ccc(CNC3CCN(CCN4C(=O)COc5ccc(cc45)c6occc6)CC3)nc2N1,2.19,1.414517262617774,-0.775482737382226
133,valid,[O-][N+](=O)c1ccc2OC(CN(c2c1)c3cccc[n+]3[O-])(C(F)F)C(F)F,3.2,3.2387880678853875,0.038788067885387356
2852,valid,COc1ccc(NC(=O)CCc2c(C)nc3nc(C)nn3c2C)cc1,1.4,2.5506351591391523,1.1506351591391524
1572,valid,CCC(=O)O[C@H]1CC[C@H]2[C@@H]3CCC4=CC(=O)CC[C@]4(C)[C@H]3CC[C@]12C,3.3,3.5064850133873033,0.20648501338730352
1926,valid,CN(C)CC(O)COc1ccc(Nc2cc(Nc3ccc(F)cc3F)ncn2)cc1,1.48,1.7765048159351748,0.29650481593517486
1728,valid,CNc1cccc(CCCc2ccc(C[C@H](NC(=O)c3c(Cl)cccc3Cl)C(=O)O)s2)n1,0.78,1.0402674435783303,0.2602674435783303
1475,valid,CCC1(C(=O)NC(=O)NC1=O)c2ccccc2,0.05,0.14319824926882418,0.09319824926882418
1883,valid,Brc1ccc2oc3C(=O)NC(=Nc3c2c1)[C@@H]4CCCN4,2.19,2.235476297681615,0.04547629768161521
2452,valid,COc1cc(F)ccc1c2cncc(CNC3CCC3)n2,2.23,1.9988915768953834,-0.23110842310461654
3553,valid,CN[C@@H](C)C(=O)N[C@@H](C1CCCCC1)C(=O)N[C@H]2CCN(CCCc3ccccc3)C2,1.9,2.3222069820494196,0.42220698204941964
1519,valid,Cc1ccc(F)c(Nc2ccnc(Nc3ccc(cc3)S(=O)(=O)N)n2)c1,3.1,2.953310654369597,-0.14668934563040326
2825,valid,CC(C)n1c(C)ncc1c2nc(Nc3ccc(cc3)C(=O)N4CC[C@H](C4)N(C)C)ncc2F,2.36,3.349258817464594,0.9892588174645942
1185,valid,CC(C)n1c(C)ncc1c2ccnc(Nc3ccc(C(=O)NCCN(C)C)c(F)c3)n2,1.96,2.6174766112976164,0.6574766112976165
1125,valid,COc1ccc(Cl)c(Nc2ncnc3cc(OC)cc(OC4CCN(C)CC4)c23)c1,3.6,3.0682307876764963,-0.5317692123235038
1743,valid,Clc1ccc2NC(=O)CN(C(c3ccccc3)c2c1)C(=O)c4occc4,3.0,2.4037994484390626,-0.5962005515609374
4139,valid,CC(=O)N[C@@H]1CC2(CCN(Cc3ccc4[nH]c5ccccc5c4c3)CC2)c6ccccc16,2.96,2.6073826326744305,-0.3526173673255695
393,valid,Clc1ccc(cc1)C(=O)C2CCN(CC2)C(=O)C3CC3,2.72,2.781032564273536,0.06103256427353587
205,valid,C[C@H](NC(=O)[C@@H]1CCCC[C@H]1C(=O)N2CCc3[nH]c4ccc(F)cc4c3C2)C#N,3.5,3.067514095599311,-0.4324859044006888
96,valid,CCN(CC)CCCCNc1ncc2CN(C(=O)N(Cc3cccc(NC(=O)C=C)c3)c2n1)c4c(Cl)c(OC)cc(OC)c4Cl,2.04,4.219699105914508,2.1796991059145077
2845,valid,CCOC(=O)c1ncn2c1CN(C)C(=O)c3cc(F)ccc23,1.1,2.2471657268383423,1.1471657268383422
3930,valid,CC(C)n1c(C)ncc1c2nc(Nc3ccc(cc3)C(=O)N4CCN(C)CC4)ncc2F,2.49,2.1800520871755382,-0.309947912824462
3095,valid,COc1cc(OC)c(cc1NC(=O)C)S(=O)(=O)N2C(C)CCc3ccccc23,1.97,0.6557397593664542,-1.3142602406335457
3612,valid,NC(=O)c1cccc(O[C@@H]2C[C@H]3CC[C@@H](C2)N3Cc4ccccc4)c1,1.76,1.5655129853596512,-0.1944870146403488
2709,valid,C[C@H](CO)Nc1nc(SCc2cccc(F)c2F)nc3NC(=O)C=Cc13,3.36,3.3969178191388214,0.03691781913882153
409,valid,CC(C)(F)C[C@H](N[C@@H](c1ccc(cc1)c2ccc(cc2)S(=O)(=O)C)C(F)(F)F)C(=O)NC3(CC3)C#N,2.9,3.3046216087843776,0.4046216087843777
1543,valid,Nc1ncnc2[nH]ccc12,1.78,2.086039203911246,0.30603920391124606
3652,valid,C[C@H]1C[C@H]2[C@@H]3CC[C@](O)(C(=O)CO)[C@@]3(C)C[C@H](O)[C@@H]2[C@@]4(C)C=CC(=O)C=C14,2.12,1.1821482801101741,-0.937851719889826
3556,valid,CCn1c2ccccc2c3cc(NC(=O)CN(C)C)ccc13,3.2,3.4754215030319147,0.2754215030319145
1401,valid,CC[C@H](NC(=O)c1c([S+]([O-])CC)c(nc2ccccc12)c3ccccc3)c4ccccc4,3.45,4.139008558179029,0.6890085581790286
1049,valid,Clc1ccc(cc1)S(=O)(=O)Nc2nnc(s2)c3ccccc3,1.14,3.3163076806830385,2.1763076806830384
68,valid,O=C1CCOc2cc(COc3ccccc3)ccc12,3.0,3.3596780293333044,0.3596780293333044
3238,valid,CCNC(=O)c1cc2c(c(cnc2[nH]1)c3cncc(c3)C4=NNC(=O)O4)n5ccc(n5)C(F)(F)F,1.65,1.7497459361529077,0.09974593615290783
151,valid,Clc1ccccc1c2cnn[nH]2,2.68,3.65167724963397,0.9716772496339696
2606,valid,CNc1cccc(CCOc2ccc(C[C@H](NC(=O)c3ccc(F)cc3Cl)C(=O)O)cc2)n1,-0.04,0.5723337231580812,0.6123337231580812
3534,valid,OC[C@H](O)CN1C(=O)[C@H](Cc2ccccc12)NC(=O)c3cc4cc(Cl)sc4[nH]3,3.3,3.143910971075529,-0.15608902892447096
3647,valid,Cc1cccc(Br)c1C(=O)N[C@@H](Cc2ccc(NC(=O)c3c(Cl)cccc3Cl)cc2)C(=O)O,-0.13,0.43342631464159154,0.5634263146415915
3971,valid,CN1C2CCC1CC(C2)OC(=O)C(CO)c3ccccc3,-0.09,-0.08064311004301761,0.00935688995698239
4045,valid,CC(C)(C)OC(=O)N1CCN(CC1)c2ncc(OCc3ccncc3S(=O)(=O)C)cn2,2.4,3.17131915783264,0.7713191578326399
2821,valid,CC(C)(C)OC(=O)N1CCN(CC1)c2ccc(OCc3ccc(cc3)S(=O)(=O)C)nn2,2.8,2.8927975840188838,0.09279758401888394
685,valid,CNc1c(Cl)cnc2[nH]c(nc12)c3ccc(OCCN4CCOCC4)cc3,2.63,2.4243936195769376,-0.20560638042306234
3823,valid,O[C@@H](CNCCCSCCNCCc1cccc(Cl)c1)c2ccc(O)c3NC(=O)Sc23,1.06,0.7803932827288289,-0.27960671727117115
3885,valid,Brc1ccc(OC(=O)N2CCN3CCC2CC3)cc1,1.58,1.5482189838068101,-0.03178101619318996
836,valid,Cc1c(Cl)ccc(OC2CCN(C[C@H](O)CNC(=O)c3c[nH]nc3C(F)(F)F)CC2)c1Cl,3.66,3.956718565300686,0.2967185653006861
1553,valid,NC(=O)c1c(NC(=O)NCCCCN2CCCC2)snc1OCc3c(F)cc(Br)cc3F,2.5,1.2775092429996087,-1.2224907570003913
2175,valid,Nc1nc2cc3CCN(Cc4cccc(F)c4)CCc3cc2s1,3.3,3.071559099750337,-0.2284409002496628
3135,valid,O=C(NC1CCCCC1)C2CCCN(C2)S(=O)(=O)c3cccs3,2.93,2.0240600396046253,-0.9059399603953748
3464,valid,COc1ccc(COC(=O)N2CCC(CNc3ncccn3)CC2)cc1,3.14,2.863555535347381,-0.2764444646526192
1805,valid,Clc1ccc(cc1Cl)C2=CSC3=NCCN23,1.54,2.999512312183518,1.4595123121835178
567,valid,Nc1n[nH]c(Nc2ccccc2)n1,1.06,2.1226166683345262,1.0626166683345262
1221,valid,Oc1ccc(CCNCCCCCCOCCc2ccccc2)c3sc(O)nc13,2.21,2.0263085790722233,-0.18369142092777668
2071,valid,Cc1nc2ccc(NC(=O)CCNC(=O)N)cc2s1,0.9,0.7799009179915752,-0.12009908200842478
1715,valid,COc1cc(Nc2c(cnc3cc(OCCCN4CCN(C)CC4)c(OC)cc23)C#N)c(Cl)cc1Cl,3.5,1.7247722572224105,-1.7752277427775895
3346,valid,CC1=CC2=NNC(=O)N2c3cc(ccc13)c4ccncc4,2.29,2.3632753632480656,0.0732753632480656
3381,valid,COc1cccc(Nc2c(cnc3c(C)cc(cc23)S(=O)(=O)c4cccc(c4)C(=O)N(C)C)C(=O)N)c1,2.69,3.337509217537111,0.6475092175371109
2325,valid,Nc1ccc(N=Nc2ccccc2)c(N)n1,3.22,2.618106477396135,-0.6018935226038651
3459,valid,COc1ccc2ncc(F)c(CCN3CCC(CC3)NCc4ccc5OCC(=O)Nc5n4)c2n1,1.78,2.181102929793648,0.4011029297936479
196,valid,Cc1cccc(CN2CCN(CC2)C(c3ccccc3)c4ccc(Cl)cc4)c1,3.39,3.8264867379828695,0.4364867379828694
3210,valid,CC(C)n1c(C)ncc1c2nc(Nc3ccc(C(=O)NC4CCN(C)CC4)c(F)c3)ncc2F,2.41,2.8607308981499773,0.45073089814997713
4072,valid,Clc1ccc(cc1)C2(CCNCC2)c3ccc(cc3)c4cn[nH]c4,1.51,1.8104917813769448,0.30049178137694477
1542,valid,C[C@H]1O[C@H]([C@H](O)[C@H]1Cl)n2cnc3c(N)nc(OC4CCCC4)nc23,3.18,2.622421784823742,-0.557578215176258
3536,valid,COc1cc(ccc1Nc2ncc(Cl)c(n2)c3cnc4ccccn34)N5CC6COCC(C5)N6,3.0,3.6961234341705316,0.6961234341705316
39,valid,CNC(=O)C1(CCN(CC[C@H](CN(C)C(=O)c2c(OC)c(cc3ccccc23)C#N)c4ccc(Cl)c(Cl)c4)CC1)N5CCCCC5=O,2.78,3.6153292177252463,0.8353292177252465
2854,valid,CO[C@H]1CN(Cc2ccc(cc2)C(F)(F)F)CC[C@H]1N(C)C(=O)Cc3ccc(cc3)n4cnnn4,3.0,3.0982470580573733,0.09824705805737333
3359,valid,CC[C@H](C)[C@@H](CO)NS(=O)(=O)c1ccc(Cl)s1,2.7,1.820759908213854,-0.8792400917861463
1692,valid,OB1N(C(=Nc2ccccc12)S)c3cccnc3,-0.62,1.216544141362291,1.8365441413622912
2457,valid,Nc1ncc(cc1c2oc3ccccc3n2)c4cnn(c4)C5CCNCC5,1.85,2.560367235888545,0.7103672358885449
3405,valid,Cc1cc(C)cc(c1)c2oc(SCC(=O)N3CCN(CC3)C(=O)c4occc4)nn2,3.0,1.2537817000043001,-1.7462182999956999
772,valid,Cc1ccsc1CN2NC(=O)C3=C(C2=O)C(=O)c4ccc(Cl)cc4N3,1.15,1.1518506302562284,0.0018506302562284471
2736,valid,Oc1cccc(NC(=O)c2ccc(OCCCN3CCCC3)cc2OCc4ccc(F)cc4)c1,3.2,3.116846050660169,-0.083153949339831
3690,valid,CCC(C)(C)C(=O)O[C@H]1C[C@@H](C)C=C2C=C[C@H](C)[C@H](CC[C@@H](O)C[C@@H](O)CC(=O)O)[C@@H]12,1.55,1.7307926866588403,0.1807926866588403
3008,valid,OCCNC(=O)COc1ccc(OCCNCC(O)COc2ccccc2)cc1,0.42,1.333679874216395,0.913679874216395
1982,valid,Fc1ccc(cc1)N2CCN(CC2)C(=O)[C@@H]3CCCC[C@H]3C(=O)NCC#N,1.92,1.838840475386016,-0.08115952461398401
25,valid,Clc1ccc(N2CCN(CC2)C(=O)CCCc3ccncc3)c(Cl)c1,3.93,4.113745561987814,0.1837455619878141
4153,valid,Fc1ccc(CNC(=O)CCS(=O)(=O)c2ccc(Br)cc2)cc1,3.1,2.740360415888706,-0.35963958411129404
3696,valid,CCC(N(CCCN)C(=O)c1ccc(C)cc1)C2=Nc3snc(C)c3C(=O)N2Cc4ccccc4,1.61,1.4355583897346251,-0.17444161026537497
2204,valid,Cc1cc(NC(=O)Nc2ccc(Cl)cc2)n(n1)c3ccccc3,4.15,3.498291155996304,-0.6517088440036964
1521,valid,FC(F)(F)c1nnc2ccc(nn12)n3ccnc3,0.91,2.21643625935618,1.3064362593561798
2722,valid,COc1cc2ncc(C(=O)N)c(Nc3cccc(Cl)c3Cl)c2cc1OC,3.4,3.827078261079846,0.42707826107984603
1726,valid,CC(C)n1c(C)ncc1c2nc(Nc3ccc(C(=O)NCCN(C)C)c(F)c3)ncc2F,2.26,2.7400119467849624,0.4800119467849626
1261,valid,Nc1ccc2ccccc2n1,1.7,2.0414815980058303,0.34148159800583033
2125,valid,COc1cccc(c1)S(=O)(=O)c2c(C)n(CC(=O)O)c3ccc(C)cc23,-0.42,0.12360409319283239,0.5436040931928323
216,valid,OC(=O)[C@@H](Cc1ccccc1)N2CCC(CN3CCC(CC3)Oc4ccc(Cl)c(Cl)c4)CC2,2.5,2.536426027672876,0.03642602767287606
3492,valid,OC(=O)COc1ccc(cc1c2ccccc2)C#N,-1.08,-0.18848900013046732,0.8915109998695327
3954,valid,COc1ccccc1Oc2c(NS(=O)(=O)c3ccc(cc3)C(C)(C)C)nc(nc2OCCO)c4ncccn4,1.03,1.1312719202317032,0.10127192023170317
3897,valid,OCCn1cc(cn1)c2cnc3nnn(Cc4ccc5ncccc5c4)c3n2,1.7,2.022314404890217,0.3223144048902171
2226,valid,NC1(CCN(CC1)c2ncnc3[nH]ccc23)C(=O)NC(CCCN4CCCC4)c5ccc(Cl)cc5,1.3,2.766200082145761,1.4662000821457608
3036,valid,CCOc1ccc(cc1)N2C(=O)c3ccccc3N=C2[C@@H](C)N(Cc4cccnc4)C(=O)Cc5ccc(cc5)C(F)(F)F,4.25,3.5602457968055727,-0.6897542031944273
1177,valid,CN1CCN(CC(=O)Nc2ccc(C3=CC=CN4C(=O)C=C(N=C34)N5CCOCC5)c6sc7ccccc7c26)CC1,2.6,2.3277186652469806,-0.2722813347530195
3702,valid,COc1ccc(cc1)c2nc3CCCn3c2Br,3.3,4.2021839121859355,0.9021839121859356
185,valid,CC[C@H](NC(=O)c1c(c(nc2ccccc12)c3ccccc3)S(=O)(=O)C)c4ccccc4,3.17,3.782572932725248,0.6125729327252483
631,valid,COc1c2OC(=O)C=Cc2cc3ccoc13,1.97,3.0971370359158685,1.1271370359158686
782,valid,O=C1COc2ccc(CNC3CCN(CCN4C(=O)COc5ccc(cc45)C#N)CC3)nc2N1,0.23,0.12397163009360046,-0.10602836990639955
3999,valid,Oc1ncnc2scc(c3ccccc3)c12,2.07,2.1332060971823372,0.06320609718233738
1447,valid,CC(C)Cc1ccc(cc1)[C@@H](C)C(=O)NS(=O)(=O)C,0.51,0.6967144976209438,0.18671449762094383
1021,valid,Fc1ccc(cc1Cl)C2CNCC=CC2,1.33,1.8641061926303142,0.5341061926303141
2807,valid,COc1cc(Nc2ncnc(Nc3c(Cl)ccc4OCOc34)n2)cc(OC)c1OC,3.01,2.4258339891112675,-0.5841660108887323
4197,valid,COc1cccc2[nH]ncc12,2.1,1.9309315689263176,-0.16906843107368252
3322,valid,Cn1c(CN2CCC(CC2)c3ccccc3)nc4ccccc14,3.6,2.6595563746092266,-0.9404436253907735
3330,valid,O=C1N=C2C(=C1C#N)c3ccc(N4CCSCC4)c5cccc2c35,3.22,3.999917931444714,0.779917931444714
162,valid,O=C(Oc1ccccc1)N2CCOCC2,1.3,1.220767751065191,-0.07923224893480896
2652,valid,C[C@H](Nc1nc(Nc2cc(C)[nH]n2)c(F)cc1C#N)c3ccc(F)cn3,3.11,2.0185262714432026,-1.0914737285567973
3053,valid,CCCOc1nc(ccc1C(=O)NC2CCCCC2)N3CCC[C@@H](CC(=O)O)C3,2.81,2.3141166274283314,-0.4958833725716687
3733,valid,O=C(N1CCC1)c2ccc(cc2)C(=C3CCN(Cc4cscn4)CC3)c5cccc6cccnc56,2.52,2.4527265443423816,-0.06727345565761844
1987,valid,C[C@H](NC(=O)C1(N)CCN(CC1)c2ncnc3[nH]ccc23)c4ccc(Cl)cc4,2.67,2.93631146666399,0.2663114666639901
3262,valid,C[C@H]1O[C@H]([C@H](O)[C@@H]1O)n2cnc3c(N)nc(OC4CC5CC5C4)nc23,1.66,1.6792162000227489,0.01921620002274893
3596,valid,NC1(CCC1)c2ccc(cc2)c3nc4ccccc4cc3c5ccccc5,3.6,2.592177838018796,-1.007822161981204
3793,valid,COc1cc(ccc1Nc2ncc(Cl)c(n2)c3cnc4cc(C)ccn34)N5CCN(CC5)C(=O)C,3.3,4.001997965418478,0.701997965418478
243,valid,CC1=CN([C@H]2CCCN(Cc3ccc(C(=O)O)c(Oc4cccc(c4)C(F)(F)F)c3)C2)C(=O)NC1=O,-0.38,-0.011909619459113063,0.36809038054088694
2980,valid,CC[C@H](NC(=O)c1c([S+](C)[O-])c(nc2ccccc12)c3cccc(F)c3)c4ccccc4,3.14,4.113365127175862,0.9733651271758617
580,valid,CNc1nc2ccccc2n1Cc3sc4N(CC(C)C)C(=O)N(C)C(=O)c4c3C(=O)N5CC[C@@H](O)C5,1.61,1.6306898666496596,0.02068986664965955
839,valid,NC1(CCC1)c2ccc(cc2)c3ncc4cccnc4c3c5ccccc5,1.7,2.8057019841066273,1.1057019841066273
4083,valid,CCOc1cc(ccc1NC(=O)CN2CCOCC2)c3cccc4C(=O)C=C(Oc34)N5CCOCC5,2.8,2.6871913713242503,-0.11280862867574948
247,valid,Nc1cc(nc2ccc(Nc3cc(nc(N)n3)c4cccc(Cl)c4)cc12)c5ccc(F)cc5,2.5,2.4069803570407826,-0.09301964295921739
1911,valid,OC(=O)CC[C@H]1[C@@H](Cc2ccccc12)NC(=O)c3cc4sc(Cl)c(Cl)c4[nH]3,2.84,2.4497317914954446,-0.39026820850455524
3370,valid,CCOc1cc(CC(=O)N[C@@H](CC(C)C)c2ccccc2N3CCCCC3)ccc1C(=O)O,2.31,1.8307792850366587,-0.4792207149633414
3509,valid,CCOc1cccc2c3CN(CCc3[nH]c12)C(=O)[C@@H]4CCCC[C@H]4C(=O)NC5(CC5)C#N,3.1,2.5826024462549784,-0.5173975537450217
1085,valid,C[C@H](NC(=O)c1cccc2CCN(Cc3ccc(Cl)cc3)c12)c4ccc(cc4)C(=O)O,1.47,1.6178045575722726,0.14780455757227262
1328,valid,NC1=NC2(CCN(CC2)C(=O)c3ccc(cc3)C#N)Nc4cccc(F)c14,0.66,0.636778707066529,-0.023221292933471083
383,valid,CC(C)(C)NCC(O)COc1nsnc1N2CCOCC2,-0.35,0.21544725402688036,0.5654472540268803
3291,valid,CSc1ncccc1C(=O)NCCc2ccc(Cl)cc2,3.31,2.4333953639336965,-0.8766046360663036
2408,valid,C[C@@H](CO)Oc1cc(Oc2ccc(cc2)S(=O)(=O)C)cc(c1)C(=O)Nc3nccs3,2.63,2.1009877342383647,-0.5290122657616352
1075,valid,OC(=O)c1cc2cc(OCc3ccccc3)ccc2[nH]1,0.4,1.7401300498958414,1.3401300498958415
3035,test,COc1cc(ccc1Nc2ncc(Cl)c(n2)c3cnc4c(CO)cccn34)N5CCN(CC5)C(=O)C,3.1,2.988843590707911,-0.11115640929208892
2843,test,C(Oc1cccc2ccccc12)C3=NCCN3,0.68,2.6617527388738673,1.9817527388738672
3844,test,NC(=O)c1ccc(O[C@H]2C[C@H]3CC[C@@H](C2)N3Cc4ccccc4)nc1,1.25,2.314383859652374,1.064383859652374
3190,test,COCCNC(=O)c1cccc(CN2NC(=O)C3=C(C2=O)C(=O)c4ccc(Cl)cc4N3)c1,1.2,1.2157177063417368,0.01571770634173686
143,test,CC(=O)Nc1ccc(cc1)C(=O)Nc2ccccc2N,0.82,1.4592896505079809,0.6392896505079809
1560,test,CC(C)CN1C(=O)N(C)C(=O)c2c1sc(Cc3ccnc4ccccc34)c2C(=O)N5C[C@@H](O)[C@@H](O)C5,1.18,2.051232626989741,0.8712326269897412
1637,test,COc1ccc(Cl)c(c1)C(=O)NCC23CC4CC(CC(C4)C2)C3,4.39,2.7509012515365834,-1.6390987484634163
1333,test,CN(C)CC(O)COc1ccc(Nc2cc(Nc3cc(Cl)ccc3Cl)ncn2)cc1,2.6,2.32834009635929,-0.2716599036407099
1945,test,Fc1ccc(cc1)C(=O)C2CCN(CC2)C(=O)c3ccc(F)cc3,2.9,2.5757752636402604,-0.3242247363597395
828,test,COCCNC(=O)c1ccc(Nc2ncc3cc(ccc3n2)c4ccncc4)cc1C,2.78,2.461657311745125,-0.3183426882548748
634,test,OCCNCc1cc(Br)ccc1OCc2ccc(Cl)cc2,2.98,2.886617123802613,-0.09338287619738717
900,test,CC(C)n1c(C)ncc1c2ccnc(Nc3ccc(cc3)S(=O)(=O)CC4CCCO4)n2,2.82,1.9515960410777196,-0.8684039589222803
1034,test,O[C@H]([C@H](Cc1ccccc1)NC(=O)c2cc3cc(Cl)ccc3[nH]2)C(=O)N4C[C@@H](O)[C@@H](O)C4,2.8,2.3546056278277905,-0.44539437217220934
3688,test,COC[C@H](O)CN1C(=O)C=NN(C1=O)c2ccc(Cl)c(c2)C(=O)NCC3(O)CCCCCC3,1.46,1.3142649258721395,-0.14573507412786046
2322,test,COc1cc2ncnc(Nc3cccc(Cl)c3F)c2cc1CN4CCC[C@H]4C(=O)N,3.58,3.390322453496691,-0.18967754650330892
1846,test,CC(C)Cc1ccc(cc1)C(C)C(=O)NS(=O)(=O)C,0.78,0.6967144976209438,-0.08328550237905619
515,test,O=C(Nc1nnn[nH]1)C2=CC(=C3C=CC=CN3C2=O)Oc4ccccc4,0.67,0.38938442245819527,-0.2806155775418048
1555,test,Cc1ccc2c(c(C)n(CC(=O)O)c2c1)c3ccnc4cc(Cl)ccc34,2.41,1.1253162049383865,-1.2846837950616137
3531,test,CC(C)[C@H](NC(=O)C[C@H](NC(=O)\C=C\c1ccccc1)c2ccccc2)C(=O)[C@H]3[C@H](C)C(=O)NC3=O,1.91,1.2621336045131861,-0.6478663954868138
1195,test,CN(C)C1=C(C)N(C)N(C1=O)c2ccccc2,0.78,2.979396587240575,2.1993965872405754
260,test,OC(=O)COc1ccc(cc1CN2CCN(CC2)S(=O)(=O)c3ccccc3)C(F)(F)F,0.4,0.6015172052448783,0.20151720524487826
589,test,COC1=CC(=N/C/1=C\c2[nH]c(C)cc2C)c3cc4ccccc4[nH]3,2.55,3.378145895699193,0.8281458956991932
3802,test,COC(=O)C1=C(C)NC(=C(C1c2ccccc2[N+](=O)[O-])C(=O)OC)C,3.29,1.9210275473282943,-1.3689724526717058
268,test,Clc1ccc(Cl)c(c1)S(=O)(=O)Nc2nccs2,1.14,1.523794902833024,0.3837949028330241
887,test,CN(c1ccccc1)c2ccnc(Nc3cc(cc(c3)N4CCOCC4)N5CCOCC5)n2,3.47,2.3406863586982323,-1.129313641301768
2924,test,Clc1ccc2nc(ccc2c1C(=O)NCC34CC5CC(CC(C5)C3)C4)N6CCC[C@@H](C6)NCCc7nnn[nH]7,3.08,1.925136254398649,-1.154863745601351
2517,test,CN1CCN(CCCOc2ccc(cc2)c3onc(c3)c4ccc(F)cc4)CC1,3.81,3.3886523679264684,-0.42134763207353165
3698,test,Clc1ccc2Oc3ccccc3N=C(N4CCNCC4)c2c1,2.28,1.9040137124368517,-0.3759862875631481
2808,test,CCCNC(=O)c1nnc2c(cccc2c1N)c3cnc(OC)nc3OC,3.26,2.7364254956923837,-0.5235745043076161
939,test,Clc1cccc(NC(=O)c2ccccn2)c1,3.4,2.291641676552252,-1.108358323447748
2896,test,CN(C)CCCOc1ccc(cc1)c2cc(C(=O)N)c(NC(=O)N)s2,0.64,1.1985172442069278,0.5585172442069278
1398,test,COc1cc2ncnc(Nc3cccc(Cl)c3F)c2cc1CN(C)[C@@H](C)C(=O)N,3.42,3.465293445985602,0.045293445985602254
4038,test,Nc1sc2CCCCc2c1C(=O)NCc3ccccc3,3.52,3.131617521617356,-0.38838247838264417
1786,test,CC(=O)N1CCN(CC1)c2ccc(OCC3COC(Cn4ccnc4)(O3)c5ccc(Cl)cc5Cl)cc2,3.7,4.300526517989868,0.6005265179898682
1209,test,Oc1ccc(cc1)C2=COc3cc(O)ccc3C2=O,2.46,2.378120983232466,-0.08187901676753384
3331,test,CC1=C(C(=O)c2ccc(O)cc2O1)c3ccccc3,2.95,2.792249634686849,-0.15775036531315134
80,test,CC1(CC1)c2nc(ncc2C(=O)N[C@@H]3C4CC5CC3C[C@@](O)(C5)C4)N6CCOCC6,2.0,3.514733875015364,1.5147338750153638
814,test,CN1CCN(CC1)C(=O)c2cc3ccccc3n2C,1.71,1.6372873035700004,-0.07271269642999956
2513,test,CCN(CC)CCNC(=O)c1c(C)[nH]c(\C=C\2/C(=O)Nc3ccc(F)cc23)c1C,2.26,1.8692463823090686,-0.3907536176909312
2754,test,CCC(N(CCCN)C(=O)c1ccc(C)cc1)C2=Nc3sccc3C(=O)N2Cc4ccccc4,2.06,1.8067840123528653,-0.2532159876471347
1877,test,Nc1ncnc2oc(c3cocc3)c(c4occc4)c12,3.1,1.4700644543917805,-1.6299355456082196
2934,test,NC(=O)c1ccc(cc1)c2cc3c(N[C@H]4CCCNC4)ncc(C(=O)N)c3s2,0.28,1.6815314868398552,1.4015314868398552
1256,test,OC(=O)[C@H](Cc1ccc(F)cc1)N2CCC(CN3CCC(CC3)Oc4ccc(Cl)c(Cl)c4)CC2,2.98,2.4623638854217504,-0.5176361145782495
488,test,Oc1ccc(cc1)c2cnc3ccccc3n2,3.3,2.601524546624961,-0.698475453375039
831,test,COc1cccc2c(ccnc12)c3c(C)n(CC(=O)O)c4ccc(C)cc34,0.49,0.7061333783905508,0.2161333783905508
766,test,COc1ccc2c(C)cc(N[C@H]3CCC[C@@H](C3)NCc4cccc(OC(F)(F)F)c4)nc2c1,3.61,3.480614487906452,-0.1293855120935481
4179,test,CCNC(=O)Nc1nc2cc(ccc2[nH]1)c3cccnc3,2.34,1.0908915724801909,-1.249108427519809
1425,test,COc1cc(ccc1OC[C@H](OP(=O)(O)O)C2CC2)N3C=Nc4cc(sc4C3=O)c5ccc(Cl)cc5,-0.04,3.577581051234196,3.617581051234196
3076,test,Fc1ccccc1Nc2oc(nn2)C(=O)Nc3ccc(N4CCOCC4)c(F)c3,3.6,3.6505139786729135,0.05051397867291341
3717,test,COc1ccc(OC)c(c1)c2c(F)ccc3c(N)c(nnc23)C(=O)NC4CC4,3.47,3.45712098806389,-0.012879011936110185
1443,test,CNc1cccc(CCOc2ccc(C[C@H](NC(=O)c3c(Cl)cccc3Cl)C(=O)O)cc2F)n1,-0.05,-0.5531522583110218,-0.5031522583110217
3306,test,NC(=O)c1sc(cc1N)c2ccsc2,2.23,2.296017675929267,0.06601767592926722
332,test,CCNc1nc(Nc2ccccc2)nc(n1)C#N,3.11,4.0988018372287005,0.9888018372287006
1899,test,Oc1ccc(CCNCCS(=O)(=O)CCCOCCc2ccccc2)c3sc(O)nc13,2.61,2.366695608021945,-0.2433043919780551
1760,test,CN(CC[C@@H](Oc1ccc(cc1)c2ccccc2)c3ccc(F)cc3)CC(=O)O,2.86,1.2299751857658352,-1.6300248142341647
3065,test,Cc1ccc(NC(=O)c2ccnc(c2)N3CCOCC3)cc1NC(=O)c4ccc(OCc5ccccn5)cc4,3.47,2.79480084584282,-0.67519915415718
2301,test,COc1cc2nc(Nc3ccc(cc3)[C@@H](C)NC(=O)C)ncc2cc1c4ccncc4,3.11,2.970115301927836,-0.13988469807216397
1337,test,N(c1ccccc1)c2[nH]nnc2c3ccccc3,3.37,2.889496396354513,-0.48050360364548705
3406,test,COc1cc(ccc1Nc2ncc(OC)c(n2)c3cnc4ccccn34)N5CCN(CC5)C(=O)C,3.2,2.9265561183653603,-0.27344388163463984
3953,test,C[C@H](Nc1nc(Nc2cc([nH]n2)C3CC3)cnc1C#N)c4ccc(F)cn4,3.18,3.1367697871124713,-0.04323021288752882
3,test,OC[C@H](O)CN1C(=O)C(Cc2ccccc12)NC(=O)c3cc4cc(Cl)sc4[nH]3,3.37,3.143910971075529,-0.22608902892447125
2483,test,COc1nc(Br)cnc1NS(=O)(=O)c2cccc3c(cccc23)N(C)C,1.9,2.2293366694583034,0.32933666945830353
2122,test,C[C@@H]1C[C@H]2[C@@H]3CCC4=CC(=O)C=C[C@]4(C)[C@@]3(F)[C@@H](O)C[C@]2(C)[C@@]1(O)C(=O)CO,1.87,1.2264984742749023,-0.6435015257250978
2941,test,CC12CC3CC(C)(C1)CC(N)(C3)C2,0.06,-0.5902075655898624,-0.6502075655898625
2169,test,CC(C)CN1C(=O)N(C)C(=O)c2c(SC3CCCCC3)c(Cc4ccccc4C(F)(F)F)sc12,4.14,4.5761111683896685,0.4361111683896688
675,test,C[C@H](NC1=NC(=O)C(C)(S1)C(F)(F)F)c2ccccc2F,3.1,2.8792258865456413,-0.22077411345435882
3064,test,OCCN(C(=O)CNC(=O)c1cc2cc(Cl)ccc2[nH]1)c3ccccc3,3.37,3.0732080761421092,-0.2967919238578909
832,test,CCN(CCO)CCCC(C)Nc1ccnc2cc(Cl)ccc12,0.77,1.81196626699581,1.04196626699581
2799,test,CCCSc1ncccc1C(=O)N[C@@H]2[C@@H]3CC4C[C@H]2C[C@@](O)(C4)C3,2.27,3.6667440873518298,1.3967440873518298
177,test,C[C@@H](NC(=O)C1CCCCN1C)c2ccc(Nc3ncc4cc(ccc4n3)c5ccncc5)cc2,3.34,3.678774448849099,0.33877444884909913
2394,test,Nc1ccc(OCCc2ccccc2)cc1,2.71,2.366532852746902,-0.3434671472530981
2035,test,CCN(CC)C(=O)c1ccc(cc1)C(=C2CCNCC2)c3ccc(Cl)c(Cl)c3,2.4,1.8160584547374947,-0.5839415452625052
1164,test,Cn1cncc1c2c3C(=O)N(CC#CCO)C(=O)N(CC4CC4)c3nn2Cc5ccnc6ccc(Cl)cc56,2.55,3.6260358473348626,1.0760358473348628
3522,test,CCN(C1CCN(CC[C@H](C2CCN(CC2)S(=O)(=O)C)c3cc(Cl)cc(Cl)c3)CC1)C(=O)Cc4ccc(cc4)S(=O)(=O)C,2.6,1.7308949762728698,-0.8691050237271303
542,test,COc1cc(ccc1Nc2ncc(Cl)c(n2)c3cnc4cc(ccn34)N5CCCC5)N6CCN(CC6)C(=O)C,3.5,3.2689261367980333,-0.23107386320196666
2578,test,C[C@@H]1CN(C[C@H](C)O1)c2nc(N3CCOCC3)c4ccc(Nc5ccccc5)nc4n2,4.12,3.330740921425528,-0.7892590785744722
3048,test,CC(C)N1C(=O)N(C)C(=O)c2c1sc(Cc3ccccc3C(F)(F)F)c2C(=O)N4CCS(=O)(=O)C4,2.55,2.520537157664286,-0.029462842335713724
2079,test,OC1(CN2CCC1CC2)c3ccc(cc3)c4ccccc4,1.5,1.9944152359580194,0.4944152359580194
3578,test,OC(=O)C(N1CCCC(CN2CCC(CC2)Oc3ccc(Cl)c(Cl)c3)C1)c4ccccc4,2.6,2.1132030940825106,-0.4867969059174895
1996,test,FC1(CCN(CC1)C(=O)COCc2ccncc2)c3ccc(Cl)cc3,3.03,2.471935594773082,-0.5580644052269177
2293,test,CC(=O)Nc1cccc(Nc2nc(NC3CC3)n4ncc(C#N)c4n2)c1,2.1,2.3091152453043167,0.20911524530431658
3404,test,COc1cc2ncc(C(=O)N)c(Nc3cc(F)ccc3F)c2cc1OC,2.9,2.63842523079791,-0.26157476920209
2776,test,CN1CCN(CC1)c2ccc3N=CN(C(=O)c3c2)c4cc(NC(=O)C5CC5)ccc4C,2.17,2.354685702553434,0.18468570255343408
4172,test,COc1cc2c(Nc3c(Cl)ccc4OCOc34)ncnc2cc1OCCCN5CCCCC5,2.05,2.492466636692374,0.44246663669237396
1898,test,COCCS(=O)(=O)c1ccc(Nc2nccc(n2)c3cnc(C)n3C(C)C)cc1,2.56,2.605833510975214,0.04583351097521415
3437,test,O=C1COc2ccccc2N1CCN3CCC(CC3)NCc4cc5OCCOc5cn4,1.04,1.9458968886946264,0.9058968886946264
2115,test,COc1ccccc1CNCCc2cccc(CCNC[C@H](O)c3ccc(O)c4NC(=O)Sc34)c2,0.91,0.5416879509640351,-0.36831204903596493
2704,test,COc1cc(ccc1Cc2c[nH]c3ccc(NC(=O)CC4CCCC4)cc23)C(=O)NS(=O)(=O)c5ccccc5C,2.0,2.7714921872651783,0.7714921872651783
51,test,NC(Cc1c[nH]c2ccccc12)C(=O)O,-1.17,-0.7599709842575062,0.41002901574249373
1849,test,CC1=CN([C@H]2CCCN(C2)[C@@H](CC(C)(C)C)c3ccc(C(=O)O)c(Oc4cccc(Br)c4)c3)C(=O)NC1=O,1.12,1.006850650292603,-0.1131493497073972
3580,test,c1ccc2c(c1)nnn2c3ccncc3,1.69,1.236479968143014,-0.45352003185698586
3025,test,CC(=O)Nc1cccc2c1c(c(C)n2CC(=O)O)S(=O)(=O)c3ccc(Cl)cc3,0.4,-1.472991159888045,-1.8729911598880449
1707,test,C[C@H]1C[C@H]2[C@@H]3CC[C@](O)(C(=O)C)[C@@]3(C)C[C@H](O)[C@]2(F)[C@@]4(C)C=CC(=O)C=C14,2.65,1.219123989932949,-1.430876010067051
2860,test,Cc1ccc(cc1)c2cc(C(=O)N3CCOCC3)c4cc(C)ccc4n2,3.6,1.731029056063617,-1.868970943936383
4158,test,OC(=O)c1ccc(cc1)N2CCC(CN3CCC(CC3)Oc4ccc(Cl)c(Cl)c4)CC2,2.31,1.9331357535935434,-0.37686424640645666
564,test,CC(C)CN1C(=O)N(C)C(=O)c2c1sc(Cc3ccccc3C(F)(F)F)c2C(=O)N4CC(C)(O)C4,3.18,4.569511465946417,1.3895114659464167
636,test,Cc1cccc(C(=O)N)c1NC(=O)c2ccccc2,1.09,2.3087890886785325,1.2187890886785324
3142,test,Nc1nc2nc(SCc3ccccc3)nc(N)c2s1,3.1,3.5606023610812105,0.46060236108121044
2009,test,Oc1ccc(cc1)C(c2ccc(O)cc2)C(Cl)(Cl)Cl,3.86,2.576746936956603,-1.283253063043397
3150,test,Oc1ccc(Br)cc1C(=O)C(=O)c2cc(Br)ccc2O,3.85,2.288088007990305,-1.561911992009695
3861,test,CNc1c(Br)cnc2[nH]c(nc12)c3ccc(O)cc3,2.47,2.3198189131806486,-0.1501810868193516
4039,test,CN1CCC(CC1)Oc2cccc3ncnc(Nc4ccc(OCc5cnccn5)c(Cl)c4)c23,3.21,3.128909930918587,-0.08109006908141314
1230,test,Cc1onc(c1)[C@H](O)[C@](C)(OCc2ccc(cc2)c3ccccc3)C(=O)NO,2.88,2.7327051563088887,-0.14729484369111123
439,test,CO[C@@H]1CC[C@@]2(CC1)Cc3ccc(cc3C24N=C(C)C(=N4)N)c5cncc(Br)c5,3.4,3.5278901468571564,0.1278901468571565
1568,test,O=C(CN1CCOCC1)Nc2c(cnn2c3ccccc3)C#N,0.5,0.8265127735640385,0.3265127735640385
3714,test,CC1=C(Cc2ccccc2)C(=O)n3nc(NCc4cccc(Br)c4)nc3N1,3.68,3.955923056992618,0.2759230569926179
2595,test,C[C@H](Nc1ncc(F)c(Nc2cc(C)[nH]n2)n1)c3ncc(F)cn3,1.79,1.7677332270724362,-0.02226677292756385
2425,test,COCCC(=O)N[C@@H](C)c1ccc(Nc2ncc3cc(ccc3n2)c4ccncc4)cc1,3.05,3.2362628095123838,0.18626280951238394
1061,test,Nc1ccnc(n1)c2cccnc2,0.44,0.6770681899690483,0.23706818996904827
145,test,Oc1nc(nc2CCSCc12)c3ccc(cc3)C(F)(F)F,3.07,4.06248284353405,0.99248284353405
2526,test,N[C@H](CNC(=O)c1cc2c(cccc2[nH]1)c3ccccc3Cc4ccccc4)C(=O)O,3.25,3.188656843529899,-0.0613431564701008
2596,test,COc1cc2c(Nc3ccc(F)c(Cl)c3)c(cnc2cc1OCCN(C)CCO)C(=O)N,3.2,2.3898707594824655,-0.8101292405175347
2207,test,OC(=O)Cc1cccc(c1)N2CCC(CN3CCC(CC3)Oc4ccc(Cl)c(Cl)c4)CC2,1.58,2.51683711575366,0.9368371157536601
272,test,Oc1ccc2nc(sc2c1)c3ccccc3,3.99,4.138388471013172,0.1483884710131722
612,test,CN(C1CCN(Cc2nc3CCCCc3s2)CC1)C(=O)Cc4ccc(cc4)n5cnnn5,2.5,3.046600620754732,0.5466006207547318
139,test,COC1\C=C\OC2(C)Oc3c(C)c(O)c4C(=O)C(=CC(=O)c4c3C2=O)NC(=O)\C(=C/C=C/C(C)C(O)C(C)C(O)C(C)C(OC(=O)C)C1C)\C,0.7,0.4071221357382391,-0.2928778642617609
3283,test,CC(C)C[C@H](N[C@@H](c1ccc(cc1)c2ccc(cc2)S(=O)(=O)C)C(F)(F)F)C(=O)NCC#N,3.24,2.423937917240146,-0.8160620827598541
2106,test,OCC(CO)NC(=O)CN1C(=O)C(Cc2ccccc12)NC(=O)c3cc4cc(Cl)sc4[nH]3,2.61,3.654296532528712,1.044296532528712
5,test,OC1(CN2CCC1CC2)C#Cc3ccc(cc3)c4ccccc4,3.14,3.1446096205884544,0.004609620588454266
3473,test,CCC(N(CCCN)C(=O)c1ccc(C)nc1)C2=Nc3ccsc3C(=O)N2Cc4ccccc4,2.56,1.6026186842658667,-0.9573813157341333
430,test,CCS(=O)(=O)c1ccc2OCC(=O)N(CCN3CCC(CC3)NCc4ccc5OCC(=O)Nc5n4)c2c1,-0.11,-0.22439787143021395,-0.11439787143021395
321,test,CON(C)C(=O)c1c(Cn2c(C)nc(Cl)c2Cl)sc3N(CC(C)C)C(=O)N(C)C(=O)c13,2.23,2.040951917636781,-0.18904808236321902
598,test,CN[C@@H](C)C(=O)N[C@@H](C1CCCCC1)C(=O)N[C@H]2CCN(C2)C(=O)Cc3ccccc3,0.81,1.3849586042709165,0.5749586042709165
1206,test,CN(C)CCCNc1cc(nc2c(cnn12)C#N)n3ccc4ccc(NC(=O)C)cc34,1.62,2.312747571316196,0.6927475713161959
1079,test,CO[C@H]1CN(CCN2C(=O)C=Cc3ccc(cc23)C#N)CC[C@H]1NCc4cc5OCCOc5cn4,0.63,1.070784098874304,0.44078409887430403
513,test,CC(=O)Nc1ccc2ccn(c3cc(Nc4ccn(C)n4)n5ncc(C#N)c5n3)c2c1,3.57,2.149342534084942,-1.420657465915058
1922,test,Cc1cc(NC(=O)c2ccc(Cl)cc2)n(n1)c3ccccc3,3.25,3.2281616346736812,-0.021838365326318776
1604,test,CN1CCN(CC1)c2cc3c(Nc4ccc(F)cc4F)c(cnc3cc2F)C(=O)N,2.63,1.7318868662329767,-0.8981131337670232
2085,test,CCC(C)Nc1nc(nc(N2CCOCC2)c1N)C#N,2.8,2.90552379270449,0.1055237927044903
3833,test,CN(CCOc1ccccc1c2cc(C(=O)N)c(NC(=O)N)s2)Cc3ccccc3,3.46,2.58009408214891,-0.8799059178510902
132,test,[O-][S+](c1ccccc1)c2ccc3nnnn3n2,0.79,0.5199025696764166,-0.27009743032358347
1116,test,OC(=O)c1ccc(cc1)c2nnn(Cc3ccccc3F)n2,0.3,1.6285886651336794,1.3285886651336793
3530,test,CC1(CC(=O)NC(=N1)N)c2ccc(Cl)c(Cl)c2,1.59,1.9074323497844552,0.3174323497844551
1445,test,CN1C(=O)N(CC2CC2)c3nn(Cc4ccnc5ccc(Cl)cc45)c(c6oc(cc6)S(=O)(=O)C)c3C1=O,2.71,2.4535290473638467,-0.25647095263615327
1391,test,CN[C@@H](C)C(=O)N[C@@H](C1CCCCC1)C(=O)N2CC[C@H]3CCN(CCc4ccccc4)C[C@@H]23,2.47,2.339718608939043,-0.13028139106095704
1089,test,Cc1sc2c(C(=N[C@@H](CC(=O)OC(C)(C)C)c3nnc(C)n23)c4ccc(Cl)cc4)c1C,3.82,2.7892348660327246,-1.0307651339672752
23,test,OC(=O)c1cccc(c1)N2CCC(CN3CCC(CC3)Oc4ccc(Cl)c(Cl)c4)CC2,2.17,2.2314316687545945,0.061431668754594604
278,test,NC(=O)N1c2ccccc2CC(=O)c3ccccc13,1.28,0.9976378599657079,-0.28236214003429216
3163,test,CO[C@H]1CN(CCN2C(=O)C=Cc3ccc(cc23)C#N)CC[C@@H]1NCc4cc5OCCOc5cn4,1.05,1.070784098874304,0.02078409887430399
2804,test,CN(CCCc1ccccc1)S(=O)(=O)c2cc(C(=O)N3CCc4ccc(cc4C3)S(=O)(=O)NCCc5ccccc5)c(O)c(O)c2O,0.75,3.8531723543541725,3.1031723543541725
2368,test,OCc1ccc2ccn(c3cc(NC4CC4)n5ncc(C#N)c5n3)c2c1,3.09,3.001177558791672,-0.08882244120832805
4025,test,CC(=O)Nc1ccc(CNc2[nH]nc3cccc(Oc4ccc(cc4)S(=O)(=O)C)c23)cc1,2.63,3.00570104091765,0.37570104091765
3182,test,CC(O)c1ccc2OCC(=O)N(CCN3CCC(CC3)NCc4ccc5OCC(=O)Nc5n4)c2c1,0.25,0.8543192149481698,0.6043192149481698
2241,test,CCCc1nc2c(N)nc3ccccc3c2s1,4.09,3.2193628712281837,-0.8706371287718162
3295,test,C[C@H](CO)Nc1nc(SCc2cccc(Cl)c2F)nc3NC(=O)Sc13,3.53,3.3060336311805147,-0.22396636881948506
311,test,Nc1nnc(c(N)n1)c2cccc(Cl)c2Cl,1.38,2.2815521098996547,0.9015521098996548
1618,test,CC(NC(=O)c1cc(O)nc2ccccc12)c3ccccc3,2.2,2.213714527685838,0.013714527685837918
2506,test,CN(C)C(=O)N[C@@H]1CC[C@@H](CCN2CCN(CC2)c3ccc(Cl)c(Cl)c3)CC1,3.15,2.72601063767652,-0.42398936232347983
1200,test,NC1(CCC1)c2ccc(cc2)c3ncc4nccn4c3c5ccccc5,1.3,2.777094191968927,1.4770941919689269
2120,test,Cc1ccc(COC(=O)N2CC[C@H](CNc3ncccn3)[C@H](F)C2)cc1,3.21,3.0475578860010413,-0.1624421139989587
3113,test,Cc1sc2ncnc(SCC(=O)N3CCCC3)c2c1C,2.89,1.380681437456012,-1.5093185625439882
194,test,C[C@@H]1N[S@@](=O)(=NC1=O)c2cccc(c2)c3ccc(C)cc3,1.6,1.6386661615832159,0.038666161583215786
877,test,CNc1c(Br)cnc2[nH]c(nc12)c3ccc(cc3)S(=O)(=O)C,2.88,1.9277086300265114,-0.9522913699734885
2840,test,CC(C)n1c(C)ncc1c2ccnc(Nc3ccc(cc3)N4CCN(CC4)C(=O)CO)n2,1.69,2.114507596107833,0.42450759610783306
73,test,C[C@H](NC(=O)c1cccnc1Oc2ccccc2)c3ccccc3,2.91,3.189956975652394,0.27995697565239386
640,test,CC(N1NC(=O)c2nc3cc(Cl)ccc3c(O)c2C1=O)c4ccccn4,0.51,1.5019732275100854,0.9919732275100854
544,test,Nc1ccc(Cl)c(c1)C(=O)NCC23CC4CC(CC(C4)C2)C3,3.45,2.296744873969687,-1.153255126030313
846,test,Oc1c(C#N)c(nc2ccncc12)c3ccc(cc3)c4ccccc4C(F)(F)F,3.3,3.078810428293512,-0.2211895717064878
519,test,CN1CCN(CC1)c2nc(CCOc3ccc(C[C@H](Nc4ccccc4C(=O)c5ccccc5)C(=O)O)cc3)c(C)s2,2.58,1.7084496184218807,-0.8715503815781194
2979,test,CC(=O)C1=C(C)c2cnc(Nc3ccc(cn3)N4CCNCC4)nc2N(C5CCCC5)C1=O,0.8,1.072237371313096,0.2722373713130959
2224,test,COC(=O)c1ccc(NC(=O)c2cc(OC)c(OC)c(OC)c2)cc1,3.2,2.6675218650629313,-0.5324781349370689
2732,test,Cc1ccn2c(NC(=O)c3ccccc3)c(nc2c1)c4cccs4,2.87,4.066521946667297,1.1965219466672972
1988,test,CN1C(=O)N(CCCCC(=O)C)C(=O)c2c1ncn2C,0.22,1.658303324839328,1.438303324839328
1203,test,Fc1cccc(c1)C(COCc2cc(cc(c2)C(F)(F)F)C(F)(F)F)N3CCNCC3,3.2,3.3940379353030963,0.1940379353030961
3105,test,CC(C)C(NC(=O)CN1C(=O)C(=CC=C1c2ccccc2)NC(=O)NCc3cc[n+]([O-])cc3)C(=O)C(F)(F)F,1.13,2.636978921380754,1.506978921380754
827,test,CS(=O)(=O)c1ccc(cc1)[C@@H](O)[C@@H](CF)NC(=O)C(Cl)Cl,0.44,1.1961386328343275,0.7561386328343276
2547,test,Oc1cccc(NC(=O)c2ccc(OCCCN3CCCC3)cc2OCc4ccccc4C#N)c1,2.34,3.489749114328034,1.149749114328034
741,test,O=C1Nc2ccccc2C=C1,1.32,1.4837560983749052,0.16375609837490512
3441,test,CCn1c2ccccc2c3cc(NC(=O)N4CCOCC4)ccc13,3.2,3.6531207661118263,0.45312076611182617
2275,test,Cc1nc2ncnn2c(O)c1CCOC(=O)c3c(F)cccc3F,0.16,0.12450447337451731,-0.03549552662548269
2781,test,Cc1ccc(NC(=O)[C@H]2CCCN2S(=O)(=O)c3cccc4cccnc34)c(C)c1,3.9,3.606027523925803,-0.2939724760741971
2613,test,CN[C@@H](C)C(=O)N[C@H](C(=O)N[C@H]1CCCN(CCc2ccccn2)C1)C(C)(C)C,-0.55,1.3952152494033105,1.9452152494033106
923,test,C[C@@H]1CN(CCN1c2ncc(OCc3ccncc3C#N)cn2)C(=O)OCC(F)F,2.3,2.9942661405534725,0.6942661405534727
1423,test,Clc1n[nH]c2cccc(Nc3ccnc(Nc4cc(cc(c4)N5CCOCC5)N6CCOCC6)n3)c12,2.78,3.3554584032613497,0.5754584032613499
1986,test,COc1cc2ncnc(Nc3cccc(C)c3)c2cc1OC,3.5,3.5314493759727563,0.03144937597275632
1934,test,CC(C)C(NC(=O)CN1C(=O)C(=CC=C1c2ccccc2)NC(=O)NCc3ccncc3)C(=O)C(F)(F)F,2.16,2.670351978477674,0.510351978477674
3248,test,O=C(NCc1occc1)c2ccc3[nH]c(COc4ccc(cc4)C56CC7CC(CC(C7)C5)C6)nc3c2,4.0,3.787641989041008,-0.21235801095899198
2765,test,NCCCC(=O)OCCN1CCN(CCCN2c3ccccc3Sc4ccc(Cl)cc24)CC1,1.5,3.6721331915205804,2.1721331915205804
1855,test,NC1=NC(=O)N(C=C1)[C@@H]2O[C@H](CO)[C@@H](O)C2(F)F,-1.5,-0.08003857721455176,1.4199614227854482
2188,test,Nc1[nH]nc2cccc(Cl)c12,1.92,1.7455521455825616,-0.17444785441743837
4070,test,Cc1cc(Cl)ccc1N2CCN(CC2)C(=O)COCc3ccncc3,3.22,3.2098422138922977,-0.01015778610770246
265,test,CC(C)C(NC(=O)CN1C(=O)C(=CC=C1c2cccnc2)NC(=O)OCc3ccccc3)C(=O)C(F)(F)F,3.05,1.9648451851314312,-1.0851548148685686
279,test,Cc1ccc(F)cc1S(=O)(=O)N[C@@H]2CCN(Cc3ccc(cc3)c4ccccc4)C2,4.0,3.062120341833547,-0.937879658166453
3933,test,Nc1ncc(cc1c2oc3ccccc3n2)c4cnn(c4)C5CCOCC5,4.0,4.07164312510899,0.07164312510898974
2421,test,C[C@@H](Oc1ccc(cc1C(=O)N2CCN(CC2)c3ncc(cc3F)C(F)(F)F)S(=O)(=O)C)C(F)(F)F,3.49,2.8903503636987384,-0.5996496363012618
1104,test,CN(C)CC(O)COc1ccc(Nc2nccc(n2)N(CC#C)c3cc(Cl)ccc3Cl)cc1,3.2,2.222775729066931,-0.977224270933069
1501,test,COCCC(C)n1nc(C)c(C(=O)N[C@@H](C)C(C)(C)C)c1NS(=O)(=O)c2ccc(C)cc2,0.78,1.3759956201820929,0.5959956201820928
314,test,COc1ccc(Cl)c(Nc2ncnc3cc(OCC4CCN(C)CC4)c(OC)cc23)c1,2.0,3.02708399637612,1.02708399637612
292,test,CC1CN(C(=O)c2ccccc2)c3ccccc3NC1=O,1.73,0.9755528444418833,-0.7544471555581167
2972,test,CN1C(=O)N(CC2CC2)c3nn(Cc4ccnc5ccc(Cl)cc45)c(c6oc(cc6C)C#N)c3C1=O,4.34,4.16467302971245,-0.17532697028754995
2573,test,Cc1ccccc1N2C(=Nc3cccc(C)c3C2=O)Cn4cnc5c(N)ncnc45,2.6,2.439660882428719,-0.16033911757128116
1783,test,O=C1CCOc2nc(COc3ccccc3)ccc12,2.3,2.4696737339850503,0.16967373398505048
1533,test,NC1(CCC1)c2ccc(cc2)c3ncc4cccn4c3c5ccccc5,2.5,3.487587085693302,0.9875870856933018
819,test,O=S(=O)(Cc1cc(nc(n1)c2ccccn2)N3CCOCC3)c4ccccc4,1.34,0.6804310284985478,-0.6595689715014523
172,test,Cc1ccc2c(c1)c(c(C)n2CC(=O)O)c3ccnc4ccc(cc34)C(F)(F)F,1.78,1.942555818783963,0.16255581878396308
3997,test,COc1nc(Br)cnc1NS(=O)(=O)c2ccc(Cl)s2,0.99,4.065826427545942,3.075826427545942
2796,test,Oc1ccc(CCc2ccc(O)cc2)cc1,3.3,1.477150829702918,-1.822849170297082
2210,test,Cn1cncc1c2c3C(=O)N(C4CC4)C(=O)N(CC5CC5)c3nn2Cc6ccnc7ccc(Cl)cc67,3.53,3.3100754918268223,-0.21992450817317755
444,test,CC(C)(C)OC(=O)N1CCN(CC1)c2ncc(OCc3ccncc3)cn2,3.4,3.2210352834134035,-0.1789647165865964
1300,test,CN1C(=O)CC(C)(CCc2cccc(c2)c3ccccc3)N=C1N,2.03,3.176411711263408,1.1464117112634082
3479,test,COc1cc(O)ccc1\C=C\2/CCCN=C2c3cccnc3,2.2,2.562560377186281,0.36256037718628065
2129,test,O=C(C1CCN(CC1)c2nnc(s2)n3cccc3)N4CCN(Cc5ccc6OCOc6c5)CC4,2.5,2.741383384285907,0.241383384285907
3300,test,CN(C)CCOc1ccccc1Cc2ccccc2,2.53,1.7659554072478678,-0.764044592752132
374,test,CC1CCC(CC(=O)Nc2cccc3ncccc23)CC1,3.56,2.127619149702368,-1.432380850297632
2755,test,O=C(CN1CCOCC1)Nc2ccc(cc2c3ccccc3)c4cccc5C(=O)C=C(Oc45)N6CCOCC6,3.4,2.934683936473779,-0.4653160635262208
659,test,Nc1nc(N)c2cc(NCc3ccc(Cl)c(Cl)c3)ccc2n1,2.22,2.633607621874844,0.4136076218748439
346,test,CC(C)Oc1cc(OCCc2cccnc2)cc(c1)C(=O)Nc3ccc(cn3)C(=O)O,0.81,0.6998021904608487,-0.11019780953915137
173,test,CSc1ncccc1C(=O)Nc2nccs2,1.43,2.62532793574315,1.19532793574315
3826,test,C[C@H]1CN(Cc2cc(Cl)ccc2CC(=O)O)CCN1C(=O)Cc3ccc(Cl)cc3,1.66,0.6822646481253132,-0.9777353518746867
2476,test,CC(O)(C(=O)Nc1ccc(cc1)S(=O)(=O)c2ccncc2)C(F)(F)F,2.15,2.4042861433751197,0.2542861433751198
3779,test,CCN1C=C(C(=O)O)C(=O)c2ccc(C)nc12,-0.1,0.6456936461491847,0.7456936461491847
2202,test,OC(=O)[C@H](Cc1ccccc1F)N2CCC(CN3CCC(CC3)Oc4ccc(Cl)c(Cl)c4)CC2,2.58,2.90789368190788,0.32789368190787993
2524,test,Fc1cc2[nH]cnc2cc1Cl,2.35,2.154648334248388,-0.1953516657516121
3015,test,CCCCc1nc2c(N)nc3ccccc3c2n1Cc4ccccc4,4.17,3.3262444456973137,-0.8437555543026862
3091,test,CC(C)(CS(=O)(=O)N1CCN(CC1)c2ccc(F)cc2)N(O)C=O,1.07,1.969416024137769,0.8994160241377689
1146,test,CC(C)C[C@H](CO)Nc1nc(SCc2ccccc2)nc3nc(N)sc13,4.2,3.942743516161112,-0.257256483838888
2576,test,CC[C@H](NC(=O)c1c([S+](C)[O-])c(nc2ccccc12)c3ccsc3)c4ccccc4,2.66,3.3085214079376977,0.6485214079376975
2150,test,COc1ccc(cc1OC)N2CCN([C@H](C)C2)C(=O)[C@@H]3CCCC[C@H]3C(=O)NC4(CC4)C#N,1.85,1.9710772871855846,0.12107728718558453
1026,test,CCN(C1CCN(CC[C@H](C2CCN(CC2)S(=O)(=O)C)c3cc(C)cc(C)c3)CC1)C(=O)Cc4ccc(cc4)S(=O)(=O)C,1.93,1.3104447402623758,-0.6195552597376242
3584,test,CC(C)CNc1nc(nc(N2CC(O)C2)c1N)C#N,2.0,2.6408549973833138,0.6408549973833138
841,test,CC(C)OC(=O)C1=CN(Cc2c(F)cccc2F)c3sc(c(CN(C)Cc4ccccc4)c3C1=O)c5ccc(NC(=O)C(C)C)cc5,3.5,5.2129316274727024,1.7129316274727024
3762,test,SC1=Nc2[nH]cnc2C(=O)N1,-1.48,0.11336272485496623,1.5933627248549662
1003,test,C(Sc1nc2cccnc2[nH]1)c3ccccc3,3.22,1.833552876150755,-1.3864471238492453
31,test,CN([C@@H]1CCN(Cc2ccc(cc2)C(F)(F)F)C[C@@H]1F)C(=O)Cc3ccc(cc3)n4cnnn4,3.3,2.988623597182623,-0.3113764028173769
3589,test,Clc1ccc(cc1)c2c[nH]nn2,2.97,2.699798688284209,-0.2702013117157911
756,test,[O-][N+](=O)c1ccc2c(c1)nc3CCCCCn23,2.58,2.1710960618862387,-0.40890393811376136
3197,test,Cc1c(O[C@H]2C[C@H]3CC[C@@H](C2)N3Cc4ccccc4)cccc1C(=O)N,1.6,2.19721968656622,0.5972196865662198
3195,test,Oc1cccc(c1)c2nc3ccc(O)cc3s2,3.7,3.587794498514071,-0.11220550148592912
1624,test,NC(=O)c1cnc(N[C@H]2CCCNC2)c3cc(sc13)c4ccc(F)c(F)c4,2.17,1.8624600870083312,-0.3075399129916687
1980,test,CCN(CC)CCOCCOC(=O)C1(CCCC1)c2ccccc2,1.33,1.8818149880115629,0.5518149880115628
1302,test,Cc1ccc(cc1)c2nn(c3ncnc(N)c23)C(C)(C)C,4.1,3.598413092018645,-0.5015869079813546
3011,test,Cc1cnccc1COc2cnc(nc2)N3CCN(CC3)C(=O)OC(C)(C)C,3.8,3.6977098128465213,-0.10229018715347848
70,test,CNC(=O)c1ccc(CC(=O)N(C)C2CCN(Cc3ccc(cc3)C(F)(F)F)CC2)cc1,2.8,2.6901127553663087,-0.10988724463369115
3310,test,CCc1cc(O)c(Oc2ccc(cc2F)C(=O)N)cc1F,2.87,1.9605895314253676,-0.9094104685746325
2537,test,CCN(CC)S(=O)(=O)c1ccc(NC(=O)C(C)(O)C(F)(F)F)cc1,2.63,3.0683579627211137,0.4383579627211138
3570,test,CNS(=O)(=O)NC1=CC=C(N(CC(=O)NC(C(C)C)C(=O)C(F)(F)F)C1=O)c2ccccc2,1.79,1.7395789847670446,-0.05042101523295539
3191,test,Cc1ccc(cc1NC(=O)c2ccc(OCc3ccccn3)cc2)c4[nH]cnc4C,2.87,1.9719251098630028,-0.8980748901369973
1386,test,CC(C)n1c(C)ncc1c2nc(Nc3ccc(cc3)N4CC(C4)NC(=O)C)ncc2F,2.76,3.255176783996184,0.49517678399618426
4165,test,CC1(CCN(CC1)C(=O)COCc2ccncc2)c3ccc(Cl)cc3,2.79,2.191217056297664,-0.5987829437023362
548,test,Nc1cc(nc2c(cnn12)C#N)c3cccs3,2.3,1.763235744546649,-0.5367642554533507
3472,test,CNC1=Nc2ncccc2C(=NC1c3cccs3)c4ccns4,2.15,1.234638043743614,-0.915361956256386
2447,test,OC(=O)COc1ccc(Cl)cc1CN2CCN(CC2)S(=O)(=O)c3ccc(F)cc3,0.99,0.6955541953292617,-0.29444580467073833
1312,test,C[C@H](NC(=O)c1c(C)nn(C2CCC2)c1NS(=O)(=O)c3ccc(C)cc3)C(C)(C)C,1.57,1.3465855111234872,-0.22341448887651283
998,test,COc1cccc2c1c(NS(=O)(=O)c3ccc(Cl)s3)nn2Cc4cccc(CNC(=O)[C@@H]5COCCN5)c4,1.61,1.8695711088670381,0.25957110886703805
4063,test,Cn1cc(cc1c2c3C(=O)N(CC#C)C(=O)N(CC4CC4)c3nn2Cc5ccnc6ccc(Cl)cc56)C#N,3.96,3.4039952245839213,-0.5560047754160786
737,test,OC1(CN2CCC1CC2)C#Cc3ccc(Oc4ccc(cc4)C(=O)NCc5ccncc5)cc3,2.48,2.5460655166120745,0.06606551661207449
2883,test,O=C(CSC1=NC2=C(SCC2)C(=O)N1c3ccccc3)Nc4ncc(s4)c5ccccc5,3.95,5.213901479781528,1.263901479781528
3202,test,CC(C)CN1C(=O)N(C)C(=O)c2c(SC(C)C)c(Cc3ccccc3C(F)(F)F)sc12,4.42,4.757304054432524,0.33730405443252387
245,test,O=C(C1CCCCC1)N2CC3N(CCc4ccccc34)C(=O)C2,2.43,3.6629018438120733,1.2329018438120731
597,test,Cc1ccc2c(c1)c(c(C)n2CC(=O)O)c3ccnc4c(F)cccc34,0.53,0.792011565239515,0.26201156523951497
2375,test,CC(C)OC(=O)N1CC2COCC(C1)C2Oc3ncnc(Oc4cccnc4C)c3C,3.1,3.264207006410786,0.1642070064107859
849,test,CN1CCN(CC1)S(=O)(=O)c2ccc(c3cnc(N)c(n3)C(=O)Nc4cccnc4)c(c2)C(F)(F)F,3.25,3.2985379090267806,0.04853790902678057
1345,test,Cc1cc(on1)c2ccc(cc2F)N3C[C@H](Cn4ccnn4)OC3=O,1.99,1.8774779614521915,-0.11252203854780851
1292,test,Cn1c(Nc2ccc(cc2)C(F)(F)F)nc3cc(Oc4ccnc(c4)c5ncc([nH]5)C(F)(F)F)ccc13,3.45,3.7932297182702,0.34322971827019977
2971,test,Oc1ccc(cc1)c2ccc3cc(O)ccc3n2,3.1,3.1473237839472556,0.04732378394725556
3591,test,CC(C)N1C(=O)N(C)C(=O)c2cn(Cc3cccc4ccccc34)cc12,3.97,3.425996250150021,-0.544003749849979
304,test,CC[C@@H](NC1=C(Nc2cccc(C(=O)N(C)C)c2O)C(=O)C1=O)c3oc(C)cc3,2.32,2.7372394031174307,0.4172394031174309
1360,test,Clc1cnc(cc1C(=O)NCC23CC4CC(CC(C4)C2)C3)N5CCNCC5,2.09,1.4332886484591836,-0.6567113515408163
2811,test,OC(=O)[C@H](Cc1ccc(NC(=O)Cc2ccc3CCCNc3n2)cc1)NC(=O)c4c(Cl)cccc4Cl,-0.63,1.5209005556448583,2.150900555644858
530,test,NC(=O)c1cc(O)cc2nc(oc12)c3ccc(O)cc3,2.3,1.442024004692009,-0.8579759953079908
3471,test,Fc1ccc2c3CN(CCc3[nH]c2c1)C(=O)[C@@H]4CCCC[C@H]4C(=O)NC5(CC5)C#N,2.99,3.024203046873771,0.03420304687377085
4173,test,COc1cc2ncnc(Oc3cnn(CC(=O)Nc4ccc(cn4)N(C)C)c3)c2cc1OC,2.36,2.304016032789866,-0.055983967210133656
3000,test,OC(=O)c1ccc(cc1)n2ncc(C(=O)NC3C4CC5CC(CC3C5)C4)c2C(F)(F)F,1.5,1.493912250288537,-0.006087749711463086
2444,test,C[C@@H]1CN([C@@H](CO1)c2ccccc2)c3ccc4OCC(=O)Nc4n3,2.75,2.370491966575308,-0.37950803342469186
3649,test,Cc1nc(C)c(nc1C(=O)N)c2ccc3c(CC[C@@]34CC[C@@H](CC4)c5nnn[nH]5)c2,1.4,2.4878747665465877,1.0878747665465878
2700,test,Nc1c(cnn1c2ccc(F)cc2)C(=O)c3cccc(OC[C@@H](O)CO)c3,1.91,1.3762155378649354,-0.5337844621350645
984,test,CN[C@@H](C)C(=O)N[C@@H](C1CCCCC1)C(=O)N[C@H]2CCN(Cc3ccccc3)C2,1.49,1.937453128078353,0.4474531280783529
4058,test,Cc1nc2nc(NC(=O)c3ccc(F)cc3)nn2c(O)c1Cc4ccccc4,2.2,2.082289995430914,-0.1177100045690862
2337,test,C[C@@H]1CN(Cc2ccc(F)cc2)CCN1C(=O)COc3ccc(Cl)cc3NC(=O)N,1.91,2.758747836166297,0.8487478361662972
2981,test,CC(C)C[C@H](CO)Nc1nc(SCc2ccccc2)nc3NC(=O)Sc13,4.2,3.6153396159722395,-0.5846603840277607
2045,test,CC1=CN([C@H]2CCCN(Cc3ccc(C(=O)O)c(Oc4cccc(C)c4)c3)C2)C(=O)NC1=O,-0.82,-0.5825678970115127,0.23743210298848727
256,test,O=C1CCOc2nc(CCc3ccccc3)ccc12,2.5,3.150790259938305,0.6507902599383049
3643,test,COc1ccccc1N2CCN(CCN(C(=O)C3CCCCC3)c4ccccn4)CC2,3.0,3.7336061424612432,0.7336061424612432
2899,test,Cc1cc(CN2CCC2)cnc1c3ccc(cc3)C(=O)Nc4ccccc4N,1.18,1.3868366942407024,0.2068366942407025
3143,test,CCN(C1CCN(Cc2ccc(cc2)C(F)(F)F)CC1)C(=O)Cc3ccc(cc3)S(=O)(=O)C,2.9,2.8141345915741045,-0.0858654084258954
4132,test,COC(=O)Nc1nc2ccc(cc2[nH]1)C(=O)c3ccccc3,2.9,2.6234327881150254,-0.27656721188497446
2502,test,CN(C)CCCNC(=O)c1nc(Cl)c(N)nc1N,-1.0,0.06849780102795178,1.0684978010279518
845,test,CNC1=Nc2ncccc2C(=NC1c3cccs3)c4occc4,1.85,2.155998342409738,0.3059983424097381
109,test,Nc1nc(Nc2cccc(Br)c2)c3nc[nH]c3n1,3.04,2.1272826132989833,-0.9127173867010168
3297,test,Nc1cccc(NS(=O)(=O)c2ccc(cc2)c3ccc(cc3)C#N)n1,2.2,1.07418484916638,-1.1258151508336203
1050,test,CN1SC(=O)c2cc(ccc12)S(=O)(=O)NC3CC3,1.3,1.636676240511128,0.3366762405111279
3820,test,COc1ccc2C=CC(=O)N(CCN3CCC(CC3)NCc4cc5OCCOc5cn4)c2n1,1.16,1.4337065701648712,0.2737065701648713
2869,test,CN1C(=O)N(C)c2nc[nH]c2C1=O,-0.09,-0.11497059090866557,-0.024970590908665574
353,test,Cc1cc(NC(=O)Nc2ccc(Cl)cc2)n(C)n1,2.96,3.0877794443991986,0.12777944439919864
1472,test,COc1ccc2nc(C)cc(c2c1)n3cc(CN4CCN(CC4)C(=O)C)nn3,1.3,1.9617868480961858,0.6617868480961857
2512,test,O[C@@H](CNCCc1cccc(CNCCc2c(Cl)cccc2Cl)c1)c3ccc(O)c4NC(=O)Sc34,3.15,1.5883380416111437,-1.5616619583888562
3341,test,NC(=O)Nc1sc(cc1C(=O)N[C@H]2CCCNC2)c3ccccc3,1.27,1.0671907513330867,-0.2028092486669133
1393,test,Cc1cc(Nc2ccnc(NCc3onc(c3)C4CC4)n2)n[nH]1,2.5,2.593656973251224,0.0936569732512238
2090,test,C[C@H](NC(=O)c1c(C)nn(c1NS(=O)(=O)C2CCCCC2)c3ccccc3)C(C)(C)C,1.75,2.0102563477870943,0.2602563477870943
2550,test,Cc1ccnc(NCc2ccc(Cl)cc2)c1,3.6,3.6177242688738644,0.017724268873864357
2460,test,C[C@@H](N(c1cc(F)ccc1F)S(=O)(=O)c2ccc(Cl)cc2)c3ccc(F)cc3CCCC(=O)O,3.1,3.3330480131886273,0.23304801318862722
1697,test,CS(=O)(=O)c1ccc(C(=O)Nc2ccc(Cl)c(c2)c3ccccn3)c(Cl)c1,2.84,1.9719877844737248,-0.868012215526275
2712,test,COc1cc(OC)c(cc1NC(=S)NCC(=O)O)S(=O)(=O)N2C(C)CCc3ccccc23,-1.04,0.14726459875299946,1.1872645987529995
2390,test,COc1ccc2N=CC(=O)N(CCN3CC[C@@H](NCc4cc5OCCOc5cn4)[C@H](O)C3)c2c1,0.9,0.8674237004272363,-0.032576299572763756
3360,test,COCCCOc1ccnc(C[S+]([O-])c2nc3ccccc3[nH]2)c1C,-0.69,3.099604172232799,3.789604172232799
156,test,COc1cccc(NC(=O)Cn2cc(Oc3ncnc4cc(OC)c(OC)cc34)cn2)c1,3.11,3.1541220006489357,0.04412200064893579
1119,test,CC(C)NCC(O)COc1ccccc1CC=C,0.99,-0.40018832774632873,-1.3901883277463287
4076,test,CNc1c(Br)cnc2[nH]c(nc12)c3ccnc(N)c3,2.83,1.9173268642028587,-0.9126731357971414
4098,test,CN(C1CCCCC1)C(=O)c2c(C)nn(c2NS(=O)(=O)c3ccc(C)cc3)c4ccccc4,1.69,2.6322464476148304,0.9422464476148305
777,test,COC(=O)CCC(=O)Nc1ccc2C(=O)C(=O)c3ccccc3c2c1,2.72,2.661667897459609,-0.05833210254039134
4144,test,CCCCOc1nc(N)c2NC(=O)N(Cc3cccc(CC(=O)O)c3)c2n1,0.14,2.060759671021902,1.920759671021902
837,test,NC1(CCC1)c2ccc(cc2)c3c(ncc4nccn34)c5ccccc5,1.7,2.777094191968927,1.077094191968927
1062,test,Cc1nc(C)c(nc1C(=O)N)c2ccc(cc2)[C@@H]3CC[C@@H](CC(=O)N)CC3,2.7,2.8031324674979117,0.1031324674979115
1378,test,Clc1ccc(cc1)C2(CCC2)C(=O)Nc3oc(nn3)C(=O)Nc4ccc(cc4)N5CCOCC5,3.2,3.014538409914479,-0.185461590085521
1060,test,CN1CCCCC1CCN2c3ccccc3Sc4ccc(cc24)[S+](C)[O-],1.6,1.7992248715910608,0.19922487159106073
1648,test,COc1ccc(Cc2nccc3cc(OC)c(OC)cc23)cc1OC,2.81,0.8871811814885864,-1.9228188185114137
4161,test,CCCCNc1cc(cc(c1Oc2ccccc2)S(=O)(=O)N)C(=O)O,-0.3,0.7188027331803561,1.0188027331803562
1415,test,OB(O)c1ccccc1C=O,0.83,2.2537017207048344,1.4237017207048344
2900,test,Cc1oc2C=NN(B(O)c2c1)S(=O)(=O)c3ccc(C)cc3,-0.28,0.8556637907140996,1.1356637907140996
67,test,COc1cc2ncnc(Nc3ccc(F)c(Cl)c3)c2cc1OCCCN4CCCC4,3.13,2.9409994879947345,-0.18900051200526535
2503,test,Cc1ccc(cc1)\C(=C/CN2CCCC2)\c3ccccn3,1.88,1.8098369977942135,-0.07016300220578642
1920,test,COc1cc2ncc(C(=O)N)c(Nc3cc(C)ccc3F)c2cc1OC,3.16,3.0544617009692363,-0.10553829903076384
2156,test,CC(C)c1c(O)c(O)c(C=O)c2c(O)c(c(C)cc12)c3c(C)cc4c(C(C)C)c(O)c(O)c(C=O)c4c3O,2.75,1.8486195660539004,-0.9013804339460996
1074,test,CCC(N(CCCN)C(=O)c1ccc(C)cc1)C2=Nc3ccsc3C(=O)N2Cc4cccnc4,0.01,1.0869673104792033,1.0769673104792032
2435,test,COCC1=C(N2[C@H](SC1)[C@H](NC(=O)\C(=N/OC)\c3csc(N)n3)C2=O)C(=O)OC(C)OC(=O)OC(C)C,1.7,1.9086037885725822,0.20860378857258222
33,test,CS(=O)(=O)c1ccccc1C(=O)NC[C@@H](O)CN2CCC(CC2)Oc3ccc(Cl)c(Cl)c3,2.34,2.6541677913587627,0.3141677913587628
3111,test,Nc1nc(Nc2ccc(cc2)S(=O)(=O)N)nn1C(=O)c3c(F)cccc3F,1.87,1.4045884374520061,-0.465411562547994
2584,test,C[C@H]1O[C@H]([C@H](O)[C@@H]1O)n2cnc3c(N)nc(OCC4CC(F)(F)C4(F)F)nc23,1.42,2.3666291149942387,0.9466291149942387
1057,test,Clc1ccc(c(Cl)c1)c2nnc3cccc(Cl)n23,2.88,4.08125794771285,1.2012579477128504
157,test,CC1CCc2cc(F)cc3C(=O)C(=CN1c23)C(=O)O,0.74,-0.9844270879374646,-1.7244270879374646
2655,test,Fc1ccccc1c2ccc3c(c2)C(=O)C(=O)c4ccccc34,2.92,3.2252999838065266,0.3052999838065267
633,test,Fc1cc(Cl)ccc1N2CCN(CC2)C(=O)COCc3ccncc3,2.55,3.127562647895629,0.577562647895629
3099,test,CO[C@@H]1CN(CCN2C(=O)C=Cc3ccc(cc23)C#N)CC[C@H]1NCc4ccc5OCC(=O)Nc5n4,0.81,0.5276061623864692,-0.2823938376135309
1175,test,C[S+]([O-])c1ccc(cc1)c2nc(c3ccc(F)cc3)c([nH]2)c4ccncc4,3.34,1.7482649791495186,-1.5917350208504812
723,test,CC(C)(C)NS(=O)(=O)c1cncc(c1)c2ccc3nc(N)nn3c2,1.41,0.9203324062165699,-0.48966759378343006
654,test,COCCC(=O)Nc1ccc(Nc2ncc3cc(ccc3n2)c4ccncc4)cc1,2.78,3.6634077861189285,0.8834077861189287
678,test,Nc1ccc(cc1)S(=O)(=O)N2CCCC2,0.98,0.5417753178660947,-0.4382246821339053
250,test,Fc1ccc(SC2=NN3C=NC(=O)C(=C3C=C2)c4c(Cl)cccc4Cl)c(F)c1,2.74,2.6986055587132523,-0.04139444128674796
695,test,C[C@@H](O)[C@@H]1[C@H]2[C@@H](C)C(=C(N2C1=O)C(=O)OCOC(=O)C(C)(C)C)SC3CN(C3)C4=NCCS4,2.1,1.7747913532950068,-0.3252086467049933
3725,test,CCCCCCCN(CCc1ccc(OC(C)(C)C(=O)O)cc1)C(=O)Nc2ccc(F)cc2F,1.93,2.8751304956358523,0.9451304956358524
1338,test,O=C(NC1(CC1)C#N)[C@@H]2CCCC[C@H]2C(=O)N3CCN(CC3)c4nc5cnccc5s4,1.66,2.3633973870102194,0.7033973870102195
3631,test,CC(=O)Nc1ccc2c(c1)c(cn2CCC(=O)O)c3cc(NC4CC4)n5ncc(C#N)c5n3,-0.87,0.8043032822585254,1.6743032822585255
2560,test,CSc1nc(C(=O)N)c(N)s1,1.21,1.7362704380928948,0.5262704380928949
4035,test,FC(F)(F)Oc1ccccc1S(=O)(=O)NCC(N2CCCCCC2)c3ccccc3,4.09,3.0110340544737397,-1.0789659455262601
641,test,C1Oc2ccc(Oc3ccnc(Oc4ccc(cc4)n5ccnc5)n3)cc2O1,3.27,3.301224913337588,0.031224913337588145
3021,test,CCC(CC)NC(=O)c1cnn(c1NS(=O)(=O)c2ccc(cc2)c3ocnc3)c4ccccc4,0.8,1.0588741704932403,0.25887417049324024
3323,test,COc1cccc(c1OC)c2ccc(\C=C\3/SC(=S)N([C@@H](Cc4ccccc4)C(=O)O)C3=O)cn2,1.5,2.4626173002642426,0.9626173002642426
2456,test,Cc1cnc(Nc2ccc(OCCN3CCCC3)cc2)nc1Nc4cccc(c4)S(=O)(=O)NC(C)(C)C,2.11,2.840743697609512,0.7307436976095123
2042,test,OC(CCN1CCCCC1)(C2CC3CC2C=C3)c4ccccc4,2.49,1.7028321623353864,-0.7871678376646138
3783,test,COc1ccccc1C(=O)Nc2ccc(C)c(c2)N3C=Nc4ccc(cc4C3=O)N5CCN(C)CC5,2.93,3.578385211093988,0.6483852110939878
3177,test,CN(C)CCCn1c2CCCCCCc2c3ccccc13,2.96,3.611958738910834,0.6519587389108339
546,test,CCCCSc1nc(N)c2ncn([C@@H]3O[C@H](CO)[C@@H](O)[C@H]3O)c2n1,1.51,1.450205814479883,-0.05979418552011695
3851,test,CN1CCN(CC1)c2ccc3N=CN(C(=O)c3c2)c4cc(NC(=O)c5cccc(c5)N6CCOCC6)ccc4C,2.69,2.3985535803288416,-0.29144641967115836
2405,test,CC1CC(NC(=O)C)c2ccccc2N1C(=O)c3ccccc3,2.0,2.2847268861026304,0.2847268861026304
2615,test,CC1CN(Cc2cc(Cl)ccc2OCC(=O)O)CCN1S(=O)(=O)c3ccccc3,0.31,0.06271637881300052,-0.24728362118699948
799,test,CC(C)c1ccccc1Cc2cc(C(=O)Nc3ccc(cc3)S(=O)(=O)c4ccccc4C(C)(C)C)c(O)c(O)c2O,3.44,2.88565219493118,-0.55434780506882
1995,test,OC[C@H]1CCCN1CCCOc2ccc3c(Nc4cc(CC(=O)Nc5cccc(F)c5F)[nH]n4)ncnc3c2,2.06,2.495316167114778,0.43531616711477783
2680,test,CCC(N(CC1CCNCC1)C(=O)c2ccc(C)cc2)C3=Nc4ccsc4C(=O)N3Cc5ccccc5,1.33,1.9575409704234619,0.6275409704234618
3737,test,CC[C@H](CO)Nc1nc(NCc2ccccc2)c3ncn(C(C)C)c3n1,3.63,1.7771427944581035,-1.8528572055418964
3512,test,OC(c1ccccc1)c2cccnc2,1.72,0.7576439615323229,-0.962356038467677
255,test,CS(=O)(=O)c1ccc(cc1)c2cnc(N)c(c2)c3ccc(nc3)C(F)(F)F,2.4,1.9883026747358206,-0.41169732526417935
3577,test,NC(=N)c1cc2c(\C=C\c3ccc4OCOc4c3)cccc2s1,2.2,1.2640542453308616,-0.9359457546691385
677,test,COCCNCc1ccc(Nc2ncc3cc(ccc3n2)c4ccncc4)cc1,1.86,1.8336356395515034,-0.02636436044849666
3746,test,COc1cc(F)ccc1c2cncc(c2)C3CCCN3,1.1,1.1708431551665561,0.07084315516655604
3913,test,CC(C)N1CCC(CC1)N(C(=O)Cc2ccccc2)c3ccc(Cl)cc3,2.3,4.104814724992497,1.8048147249924975
543,test,Cc1ccc2[nH]ccc2c1c3nc(cc(n3)C4(CC4)S(=O)(=O)C)N5CCOCC5,1.7,1.317651374463364,-0.38234862553663596
2303,test,Cc1cccc(NS(=O)(=O)c2cccc3nonc23)c1,3.0,2.715515583397343,-0.2844844166026572
153,test,NC(=O)Nc1cc(sc1C(=O)N)c2cccc(O)c2,2.21,2.7109482321119778,0.5009482321119778
2171,test,CC(C)NC(=O)NS(=O)(=O)c1cnccc1Nc2cccc(C)c2,0.3,1.7953534395711106,1.4953534395711106
752,test,O[C@H](CNC(=O)C1=CNC(=O)c2cc(ccc12)S(=O)(=O)NC3CC3)CN4CCC(CC4)Oc5ccc(Cl)c(Cl)c5,3.67,3.3382339667518846,-0.3317660332481154
424,test,O=C(N1CCCCC1)c2scc3CCCCc23,3.16,2.7198060355735763,-0.4401939644264239
815,test,CN(C)CC(O)COc1ccc(Nc2nccc(Nc3ccc(Cl)cc3)n2)cc1,2.6,2.1896117238426154,-0.4103882761573847
3395,test,CCOC(=O)C1=COc2ccccc2C1=O,1.81,2.0738418504615357,0.26384185046153563
1259,test,C[C@@H]1CN(CCN1c2ncc(OCc3ccc(cc3)C#N)cn2)C(=O)OC(C)(C)C,2.89,3.7138989542450886,0.8238989542450885
1051,test,COc1ccc(cc1OC)c2cc(NC(=O)Cc3ccc4ccccc4c3)[nH]n2,3.1,3.9992420744760473,0.8992420744760472
2628,test,COc1cc(ccc1Nc2ncc(Cl)c(n2)c3cnc4cc(CO)ccn34)N5CCN(CC5)C(=O)C,3.1,3.1394367138135184,0.03943671381351832
3241,test,Nc1ncc(cc1c2oc3ccccc3n2)c4cnn(c4)C5CCN(CC5)C(=O)CO,3.2,2.401839860979288,-0.798160139020712
1517,test,Nc1nc2ccccc2s1,2.0,2.075787946323029,0.07578794632302888
4094,test,CCOc1ccc(NC(=O)CCc2c(C)nc3nc(C)nn3c2C)cc1,2.1,2.8424674424332945,0.7424674424332944
4121,test,O[C@@H](CNCCCSCCOCCc1cccc2ccccc12)c3ccc(O)c4NC(=O)Sc34,3.12,2.677549704672568,-0.4424502953274323
2976,test,NC1=NC(=CC(=O)N1)CCc2cccc(Br)c2,2.52,2.442888599518449,-0.07711140048155096
3834,test,Nc1nc(N)c2nc(CO)cnc2n1,-0.45,0.36267658035914274,0.8126765803591427
2886,test,CC(C)Cn1cnc2c(N)nc3ccccc3c12,2.52,2.0484205278818925,-0.47157947211810747
3061,test,NC(=O)c1c(N)sc2CCCCc12,1.84,1.9460080005938662,0.10600800059386617
2059,test,CCN(C1CCN(CCC(C2CCN(Cc3ccccc3)CC2)c4ccccc4)CC1)C(=O)Cc5ccc(cc5)S(=O)(=O)C,2.41,2.1255211426333553,-0.2844788573666448
757,test,Oc1ccc2OCC(=O)N(CCN3CCC(CC3)NCc4ccc5OCC(=O)Nc5n4)c2c1,0.52,0.4341953287633884,-0.08580467123661162
942,test,O=C1NC=Nc2scc(c3cccs3)c12,2.18,2.1609123445064102,-0.019087655493589928
3304,test,ONC(=O)[C@@H](Cc1ccc2ccccc2c1)NS(=O)(=O)c3ccc4ccccc4c3,3.23,2.160704699626188,-1.069295300373812
431,test,COc1ccc(OC)c(c1)c2cccc3c(N)c(nnc23)C(=O)NC(C)C,3.65,3.676383396976517,0.026383396976517037
480,test,Oc1nc2cc(Cl)cc(Cl)c2c(O)c1c3ccccc3,1.6,2.8819596104660934,1.2819596104660933
1204,test,COc1cc(F)ccc1c2cncc(CNC(=O)c3ccccn3)c2,3.2,2.708691056726714,-0.4913089432732862
2005,test,C[C@H]([C@H](O)c1ccc(O)cc1)N2CCC(O)(CC2)c3ccccc3,0.91,1.6538701034010557,0.7438701034010556
3397,test,CC1CCCCC1NC(=O)c2c(C)nn(c2NS(=O)(=O)c3ccc(C)cc3)c4ccccc4,1.94,1.6256616144633516,-0.3143383855366484
2977,test,COc1ccc(C[C@@H](C)NC[C@H](O)c2ccc(O)c(NC=O)c2)cc1,0.42,0.09374182589744029,-0.3262581741025597
2898,test,COc1ccc(cc1)C(CN(C)C)C2(O)CCCCC2,0.99,1.9032244103786196,0.9132244103786196
2174,test,CN1C(=O)N(Cc2ccc(Br)cc2)c3ccccc13,2.81,2.681194570296478,-0.12880542970352193
2932,test,Cc1cccc(NC(=O)c2ccc(c3ccccc3)c(c2)C#N)n1,3.71,4.111755198036442,0.401755198036442
56,test,COCCNC(=O)c1cccc(Nc2ncc3cc(ccc3n2)c4ccncc4)c1,3.21,2.5366726911409887,-0.6733273088590113
2040,test,CN1CCN(CC1)c2ccc(Nc3ccnc4ccccc34)cc2,1.3,2.7532385800273955,1.4532385800273955
650,test,CN1C(=O)C=C(CCc2ccccc2)N=C1N,2.0,1.9760810882958295,-0.023918911704170487
3056,test,COc1cnc(nc1Oc2ccc(F)cc2F)c3ccccn3,3.1,2.84361981211926,-0.2563801878807399
297,test,Nc1nc(N)c2nc(c(N)nc2n1)c3ccccc3,1.16,1.990900675752646,0.830900675752646
1981,test,Fc1cccc(COc2ccc3C(=O)CCOc3c2)c1,3.4,3.9041772244915447,0.5041772244915448
4021,test,Cc1ccc2c(c1)c(c(C)n2CC(=O)O)c3ccnc4c(C)cccc34,1.29,0.7987725888918418,-0.49122741110815826
1538,test,CCOC(=O)c1ccc(COCC2CCN(CC2)c3ccc(C)nn3)cc1,2.68,3.510796515835427,0.8307965158354267
1860,test,CNC(=O)c1ccc(CN2CCC(CC2)c3ccc(cc3)C(=O)Nc4ccccc4N)cc1,1.99,2.021905601650791,0.031905601650790816
2737,test,CC(=O)Nc1ccc(O)cc1,0.25,1.286700133065393,1.036700133065393
2853,test,Cc1nc(C)c(nc1C(=O)N)c2ccc3c(CC[C@@]34CC[C@H](Cc5nnn[nH]5)CC4)c2,2.0,1.1683864472195682,-0.8316135527804318
878,test,Clc1ccc(CN2C[C@@H]3C[C@H]2CN3)cc1C(=O)NCC45CC6CC(CC(C6)C4)C5,1.45,1.0231270924306388,-0.42687290756936114
2229,test,COc1cccc(NC(=O)CC23CC4CC(CC(C4)C2)C3)c1C,4.21,3.9063403296510186,-0.30365967034898134
1083,test,CNC(=O)c1cc(sc1NC(=O)N)c2ccccc2,3.19,2.191423115552797,-0.9985768844472029
1551,test,CC(=O)Nc1ccc(CNc2[nH]nc3ccnc(Oc4ccccc4)c23)cc1,3.03,3.2010113727869998,0.17101137278699996
2975,test,NC(=O)c1cccc(O[C@H]2C[C@H]3CC[C@@H](C2)N3Cc4ccccc4)n1,1.71,1.3728205222359238,-0.3371794777640762
2099,test,COc1cc(OC)c2nc(C)c3CCN(c4ccc(O)cc4)c3c2c1,1.5,1.9487745205001035,0.44877452050010347
1413,test,Cc1cc(CN2Cc3ccccc3C[C@H]2C(=O)Nc4ccc(Cl)cc4Cl)ccc1OCC(=O)O,2.41,1.5444288075772508,-0.8655711924227494
166,test,CCCNC(=O)CSc1ccc(cn1)S(=O)(=O)N2CCCC2,1.55,0.5568719728994675,-0.9931280271005325
1433,test,Oc1ccc(CCNCCCS(=O)(=O)NCCOCCc2cccc(c2)C(F)(F)F)c3sc(O)nc13,2.62,2.2828646009759193,-0.33713539902408085
1617,test,COc1ccc2OCC(=O)N(CCN3CCC(CC3)NCc4cc5OCCOc5cn4)c2c1,1.24,1.827647645589703,0.5876476455897031
417,test,CC(C)CN1C(=O)N(C)C(=O)c2c1sc(Cc3ccccc3C(F)(F)F)c2C(=O)N4CC[C@@H](O)C4,2.74,2.7594487021188487,0.019448702118848527
2180,test,CC1(C)C(=O)Nc2ccccc12,2.3,1.4968098288337708,-0.803190171166229
3769,test,CCC[C@@H](CN1CCCC1)N(C)C(=O)Cc2ccc(Cl)c(Cl)c2,2.27,3.539375568713658,1.269375568713658
249,test,C[C@H](NC(=O)c1c(C)nn(C2CCOC2)c1NS(=O)(=O)c3ccc(C)cc3)C(C)(C)C,0.78,0.367720916120684,-0.412279083879316
2113,test,OCCNCCNc1ccc2c(NC(=O)CC34CC5CC(CC(C5)C3)C4)cccc2n1,1.79,1.8733699786355467,0.08336997863554663
400,test,Nc1ccc2ncccc2c1,1.33,1.4892478400631852,0.15924784006318515
584,test,CN(C1CCN(CCC(c2ccccc2)c3ccccc3)CC1)C(=O)Cc4ccc(NC(=O)C)cc4,2.9,3.1767407555518394,0.2767407555518395
4020,test,CC(C)c1ccc(Sc2cnc(O)c(c2)C(=O)NCc3ccccc3)cc1,3.7,2.441484105642081,-1.2585158943579193
3448,test,COc1cc2ncnc(NCc3ccccc3)c2cc1OC,3.29,2.931521963485117,-0.35847803651488297
20,test,CC(C)(CCCCCOCCc1ccccc1)NCCc2ccc(O)c3nc(O)sc23,2.92,2.3832364678013014,-0.5367635321986985
1868,test,Cc1ccc(cc1)S(=O)(=O)Nc2c(C(=O)NC3CCCCC3)c(C)nn2c4ccccc4,1.68,1.5072904309782833,-0.17270956902171664
1678,test,Cc1ccc2c(c1)c(Sc3cccc(Cl)c3)c(C)n2CC(=O)O,1.85,1.208699632666474,-0.641300367333526
