row,partition,smiles,actual,predicted,residual
1129,train,CCN(C1CCN(CCC(c2ccccc2)c3ccc(cc3)C#N)CC1)C(=O)Cc4ccc(cc4)S(=O)(=O)C,2.76,2.573439999999999,-0.18656000000000095
1344,train,CN(C)c1cccc2c(cccc12)S(=O)(=O)N(C)CC(=O)O,-1.45,-0.9467999999999779,0.5032000000000221
2845,train,CCOC(=O)c1ncn2c1CN(C)C(=O)c3cc(F)ccc23,1.1,1.5003100000000025,0.4003100000000024
107,train,Oc1ccccc1OC(=O)c2cccc3ccccc23,4.4,3.665580000000006,-0.7344199999999943
1260,train,CC(C)n1c(C)ncc1c2ccnc(Nc3ccc(cc3)N4CCN(CC4)S(=O)(=O)CCN(C)C)n2,2.52,2.499093333333331,-0.02090666666666907
3869,train,O=C1C=C(N=C2C=CC=CN12)N3CCOCC3,1.0,1.616340000000001,0.616340000000001
1369,train,O=C(NCc1ccccn1)c2ccc(Oc3ccccc3)cc2,2.7,2.7213956666666688,0.02139566666666859
2949,train,Oc1ccc(CCNCCS(=O)(=O)CCCOCCc2nccc3ccccc23)c4sc(O)nc14,2.35,2.259816,-0.09018400000000026
938,train,Cc1ccc2c(c1)c(Sc3ccc(Cl)cc3)c(C)n2CC(=O)O,2.18,1.9745599999999988,-0.2054400000000014
2234,train,N[C@@H](CC(=O)N1CCn2c(C1)nnc2C(F)(F)F)Cc3cc(F)c(F)cc3F,0.31,0.6075933333333357,0.29759333333333565
1288,train,CS(=O)(=O)c1ccc2C(=CNC(=O)c2c1)C(=O)NC[C@@H](O)CN3CCC(CC3)Oc4ccc(Cl)c(Cl)c4,2.63,2.5974600000000008,-0.032539999999999125
2789,train,CN(C1CCN(CCC(c2ccccc2)c3ccccc3)CC1)C(=O)NCc4ccccc4,3.4,3.4187400000000014,0.018740000000001533
1408,train,CN([C@H]1CCN(Cc2ccc(cc2)C(F)(F)F)C[C@H]1F)C(=O)Cc3ccc(cc3)n4cnnn4,3.3,3.2205166666666614,-0.07948333333333846
1540,train,Cc1cc(Oc2ccnc(Nc3ccc(cc3)N4CCOCC4)c2)c(nc1C)c5ccccn5,2.59,2.8259799999999955,0.23597999999999564
375,train,CCCN[C@H]1CCc2nc(N)sc2C1,3.15,2.7414400000000008,-0.40855999999999915
3737,train,CC[C@H](CO)Nc1nc(NCc2ccccc2)c3ncn(C(C)C)c3n1,3.63,3.3668479999999903,-0.2631520000000096
3804,train,O=C(Nc1ccccc1)c2ccc(OCCCN3CCCC3)cc2OCc4ccccc4C#N,2.66,2.759000000000004,0.09900000000000375
3398,train,CC(C)CN1C(=O)N(C)C(=O)c2c1sc(Cc3ccnc4ccc(F)cc34)c2C(=O)N5CC[C@@H](O)C5,1.95,2.0483933333333337,0.09839333333333378
2576,train,CC[C@H](NC(=O)c1c([S+](C)[O-])c(nc2ccccc12)c3ccsc3)c4ccccc4,2.66,2.7890400000000053,0.12904000000000515
791,train,Nc1c(NC2CCCC2)nc(nc1N3CCOCC3)C#N,2.59,2.549879999999999,-0.04012000000000082
1856,train,CN1C=C(C(=O)c2c(O)cc(O)cc12)c3ccc(O)cc3,2.2,2.2884200000000003,0.08842000000000017
2105,train,NC(=O)c1ccccc1O,1.09,1.2888600000000068,0.1988600000000067
2450,train,COCc1ccoc1C(=O)N(C(C(=O)NC[C@@H](C)O)c2ccccc2F)c3ccc(OC)cc3OC,1.98,1.9034750000000005,-0.07652499999999951
2854,train,CO[C@H]1CN(Cc2ccc(cc2)C(F)(F)F)CC[C@H]1N(C)C(=O)Cc3ccc(cc3)n4cnnn4,3.0,3.0593699999999977,0.0593699999999977
1377,train,CN(C)CC\C=C\1/c2ccccc2Sc3ccc(Cl)cc13,3.42,3.1513799999999943,-0.26862000000000563
3995,train,CCCN1CCN(CC1)c2ccc(cc2)C(=O)NC3(CCCCC3)C(=O)NCC#N,1.33,1.636219999999999,0.3062199999999988
1109,train,Oc1cc(nc2ccccc12)c3ccccc3,2.54,2.702920000000002,0.16292000000000195
3857,train,NC1=NC(c2cccc(c2)c3cncnc3)(c4ccnc(c4)C(F)(F)F)c5cccc(F)c15,3.4,3.1222800000000035,-0.2777199999999964
1708,train,Clc1ccccc1CNC(=O)c2ccccc2Oc3ccccc3,3.58,3.3549626666666716,-0.22503733333332843
1174,train,COCCOc1nc(N)c2NC(=O)N(Cc3cccc(CC(=O)OC)c3)c2n1,1.86,2.23918,0.3791800000000001
1450,train,CC(=O)Nc1cnc2ccn(c3cc(NC4CC4)n5ncc(C#N)c5n3)c2c1,2.69,2.807240000000004,0.11724000000000423
3476,train,NC1(CCN(CC1)c2ncnc3[nH]ccc23)C(=O)NC(c4ccccc4)c5ccc(Cl)cc5,4.1,3.5726280000000044,-0.5273719999999953
410,train,CN(C)CCCN1c2ccccc2CCc3ccccc13,2.49,2.6009499999999983,0.1109499999999981
262,train,COc1ccnc(CCc2nc3cccnc3[nH]2)c1,1.69,1.9912666666666665,0.30126666666666657
1233,train,OC(=O)c1cccc(c1)c2ccc3c(C(=O)NCC45CC6CC(CC(C6)C4)C5)c(Cl)ccc3n2,2.84,2.7570999999999963,-0.08290000000000353
1756,train,O=C(CC12CC3CC(CC(C3)C1)C2)Nc4cccc5ncccc45,3.83,3.4784266666666745,-0.3515733333333255
2943,train,Brc1ccc(s1)S(=O)(=O)NCC(N2CCCCCC2)c3ccccc3,3.52,3.2061000000000073,-0.31389999999999274
4030,train,COc1cc(OC)c(cc1NC(=O)NCC(=O)O)S(=O)(=O)N2C(C)CCc3ccccc23,-1.02,-0.9601800000000118,0.059819999999988216
2842,train,Cc1ccc(cc1)c2cc(nn2c3ccc(cc3)S(=O)(=O)N)C(F)(F)F,3.42,2.9981399999999954,-0.42186000000000456
1578,train,O=S(=O)(Cc1ccccc1)NCC(N2CCCCCC2)c3ccccc3,2.83,2.8308000000000013,0.0008000000000012442
1320,train,CCn1c2ccccc2c3cc(NC(=O)CCc4ccncc4)ccc13,3.75,3.650019999999991,-0.09998000000000884
395,train,COc1cc2ncc(C(=O)N)c(Nc3ccc(F)cc3)c2cc1OC,2.82,2.8460360000000033,0.0260360000000035
3602,train,NC(=N)c1cc2c(OCc3ccccc3)cccc2s1,1.16,1.30724666666667,0.14724666666667008
2160,train,OC(=O)c1ccc2c(c1)nc(Nc3cccc(c3)C#C)c4ncncc24,0.92,1.6747266666666634,0.7547266666666633
3965,train,Brc1ccc(cc1)C2NC(=O)c3ccccc3N2,2.68,2.556699999999997,-0.12330000000000307
1148,train,O=C(N[C@H]1CN2CCC1CC2)c3ccc(s3)c4ccccc4,1.9,1.8246836190476203,-0.07531638095237958
1300,train,CN1C(=O)CC(C)(CCc2cccc(c2)c3ccccc3)N=C1N,2.03,2.344253333333334,0.31425333333333416
2433,train,CN1CCC(=CC1)c2cccc(O)c2,0.53,1.139261999999999,0.6092619999999991
4009,train,O=C(NCC#N)[C@@H]1CCCC[C@H]1C(=O)N2CCN(CC2)c3ccccc3,1.75,1.8354799999999982,0.08547999999999822
2609,train,OCCCN(Cc1ccc(F)cc1)C(=O)CC2CCN(Cc3ccn(c3)c4ccc(cc4)C(F)(F)F)CC2,3.04,2.94494666666666,-0.0950533333333401
443,train,COc1cc2ncc(C(=O)N)c(Nc3ccc(F)cc3F)c2cc1OC,2.95,2.888880000000003,-0.06111999999999718
1252,train,C[C@H](CO)Nc1nc(SCc2ccccc2F)nc3nc(N)sc13,3.12,3.1417466666666574,0.021746666666657255
2039,train,COc1cc2ncnc(Nc3ccccc3)c2cc1OC,3.04,3.090695999999992,0.05069599999999186
500,train,O[C@@H](CNCCSCCCNCCc1cccc(c1)C(F)(F)F)c2ccc(O)c3NC(=O)Sc23,1.21,1.1064236666666716,-0.10357633333332839
596,train,COc1cc2c(Nc3cc(CC(=O)Nc4cccc(F)c4)[nH]n3)ncnc2cc1OCCCN5CCC(CO)CC5,2.11,2.28786,0.1778599999999999
2896,train,CN(C)CCCOc1ccc(cc1)c2cc(C(=O)N)c(NC(=O)N)s2,0.64,0.9283500000000044,0.28835000000000444
2216,train,C(CCNc1cc(nc2ccccc12)c3ccccc3)CNc4cc(nc5ccccc45)c6ccccc6,3.65,3.208300000000004,-0.441699999999996
2592,train,CC(C)c1cc(C(=O)N2Cc3ccc(CN4CCN(C)CC4)cc3C2)c(O)cc1O,2.5,2.379886666666665,-0.12011333333333507
393,train,Clc1ccc(cc1)C(=O)C2CCN(CC2)C(=O)C3CC3,2.72,2.669686666666663,-0.050313333333336985
2421,train,C[C@@H](Oc1ccc(cc1C(=O)N2CCN(CC2)c3ncc(cc3F)C(F)(F)F)S(=O)(=O)C)C(F)(F)F,3.49,3.201421333333332,-0.2885786666666683
2934,train,NC(=O)c1ccc(cc1)c2cc3c(N[C@H]4CCCNC4)ncc(C(=O)N)c3s2,0.28,0.8941999999999974,0.6141999999999974
2898,train,COc1ccc(cc1)C(CN(C)C)C2(O)CCCCC2,0.99,1.1583729999999945,0.16837299999999455
3482,train,COc1cc2c(ncnc2cc1OCCCN3CCCCC3)N4CCN(CC4)C(=O)Nc5ccc(OC(C)C)cc5,2.6,2.6236399999999995,0.02363999999999944
1558,train,CNC(=O)c1ccc(C)c(c1)N2C(=CC(=C(Br)C2=O)OCc3ccc(F)cc3F)C,2.8,2.5549,-0.24509999999999987
532,train,C[C@H](C1=CNC(=S)N1)c2cccc(C)c2C,2.9,2.728753333333331,-0.171246666666669
2981,train,CC(C)C[C@H](CO)Nc1nc(SCc2ccccc2)nc3NC(=O)Sc13,4.2,3.8219999999999983,-0.3780000000000019
1612,train,Cc1cccc(n1)C#Cc2ccccc2,3.6,3.4583599999999994,-0.14164000000000065
1902,train,NS(=O)(=O)c1cc(C(=O)O)c(NCc2occc2)cc1Cl,-0.9,-0.10631866666665823,0.7936813333333418
2774,train,C[C@H]1COCCN1c2nc(N3CCOC[C@@H]3C)c4ccc(nc4n2)c5cccc(c5)C(=O)NCCO,2.49,2.530373333333334,0.040373333333333594
4111,train,NNCCc1ccccc1,-0.01,0.4475933333333446,0.4575933333333446
474,train,CN1CCN(CC1)C(=O)c2cc3cc(Br)ccc3[nH]2,2.79,2.529839999999999,-0.26016000000000084
3627,train,CCOc1ccc(cc1)c2cnc3CCCn23,2.65,2.7100733333333324,0.060073333333332535
3172,train,COc1cc(ccc1Nc2ncc(Br)c(n2)c3cnc4ccccn34)N5CCN(CC5)C(=O)C,3.7,3.4337400000000087,-0.2662599999999915
3744,train,Fc1ccc(cc1F)C(=O)Nc2ccc(Cl)nc2,3.31,3.286463999999992,-0.023536000000007995
1850,train,CC(C)(NC(=O)c1sccc1Oc2ccc(F)cc2[N+](=O)[O-])C#C,3.0,2.774219999999996,-0.22578000000000387
2403,train,CC(C)[N+](C)(CCOC(=O)C1c2ccccc2Oc3ccccc13)C(C)C,0.2,0.614465333333331,0.41446533333333097
2794,train,O=C1Nc2ccc(cc2C1=O)S(=O)(=O)N3CCC[C@H]3COc4ccccc4,2.7,2.6096666666666675,-0.09033333333333271
2533,train,OC(=O)c1c(Sc2ccccc2)c3cc(Cl)ccc3n1Cc4ccc(Cl)cc4,2.96,2.956583,-0.0034169999999997813
711,train,COc1ccc(NC(=O)CSc2nnc(C)n2c3ccc(C)cc3)cc1,2.94,2.9392666666666676,-0.0007333333333323644
3734,train,Clc1ccc(cc1C(=O)NCC23CC4CC(CC(C4)C2)C3)N5CCNCC5,1.77,1.795063333333336,0.02506333333333588
332,train,CCNc1nc(Nc2ccccc2)nc(n1)C#N,3.11,3.0056799999999972,-0.10432000000000263
2824,train,CC[C@@H]1COCCN1c2cc(nc(n2)c3cccc4[nH]ccc34)C5(CC5)S(=O)(=O)C,3.0,2.845119999999997,-0.15488000000000302
20,train,CC(C)(CCCCCOCCc1ccccc1)NCCc2ccc(O)c3nc(O)sc23,2.92,2.593623333333333,-0.326376666666667
3826,train,C[C@H]1CN(Cc2cc(Cl)ccc2CC(=O)O)CCN1C(=O)Cc3ccc(Cl)cc3,1.66,1.5898266666666636,-0.07017333333333631
3420,train,Cc1c(c2ccc(O)cc2)n(C)c3ccc(O)cc13,3.8,3.3475213333333276,-0.45247866666667225
911,train,CC(N)C(=O)Nc1c(C)cccc1C,-0.15,0.37183933333333763,0.5218393333333377
3974,train,NC(=O)Nc1sc(cc1C(=O)N)c2ccc(CN3CCCCC3)cc2,1.75,1.6633433333333318,-0.08665666666666816
3538,train,Cc1c(Cl)c(Cl)ccc1OC2CCN(CC3CCN(CC3)[C@@](C)(Cc4ccc(F)cc4)C(=O)O)CC2,2.98,2.7800020000000027,-0.19999799999999723
2846,train,CN1CCc2cc(Cl)c(O)cc2[C@H](C1)c3ccccc3,2.5,2.403004666666665,-0.09699533333333488
3008,train,OCCNC(=O)COc1ccc(OCCNCC(O)COc2ccccc2)cc1,0.42,0.9369706666666626,0.5169706666666627
838,train,CCc1c(C)[nH]c2CCC(CN3CCOCC3)C(=O)c12,1.54,1.7285600000000017,0.18856000000000162
602,train,NC(=N)Nc1cc(Cl)nc(n1)c2ccccc2,2.16,1.8294666666666672,-0.3305333333333329
3644,train,Fc1ccccc1NC(=O)N[C@H]2N=C(c3ccccc3)c4ccccc4NC2=O,4.0,3.708817142857141,-0.29118285714285896
2330,train,Cc1ccc(cc1)N2NC(=O)c3cccnc23,2.1,2.11438,0.01438000000000006
426,train,CC(C)C(NC(=O)CN1C(=O)C(=CN=C1c2cccs2)NC(=O)OCc3ccccc3)C(=O)C(F)(F)F,2.02,2.1224000000000003,0.10240000000000027
1283,train,COc1ccc(cc1)S(=O)(=O)Nc2ccccn2,0.87,1.0323199999999944,0.16231999999999436
167,train,C[C@@H](Oc1cccc2ncnc(Nc3ccc4c(cnn4Cc5ccccn5)c3)c12)C(=O)N6CCOCC6,2.82,2.903680000000004,0.0836800000000042
3169,train,CCCNC(=O)c1nnc2c(cccc2c1N)c3cnccc3OC,2.83,2.954400000000002,0.12440000000000184
450,train,COc1cc2ncnc(Nc3ccc(F)c(Cl)c3)c2cc1NC(=O)\C=C\CN4CCCCC4,4.1,3.7811240000000064,-0.3188759999999933
3434,train,CC(C)(C)c1ccc(cc1)c2n[nH]c(NC(=O)c3ccccc3Cl)c2Br,4.3,3.7524466666666587,-0.5475533333333411
2291,train,CCCS(=O)(=O)N1N=Cc2cc(Cl)ccc2B1O,-0.4,0.46558999999999817,0.8655899999999982
1471,train,CCCSc1nc(N[C@@H]2C[C@H]2c3ccccc3)c4nnn([C@@H]5C[C@@H]([C@@H](O)[C@H]5O)C(=O)N)c4n1,2.05,2.15222,0.10221999999999998
2299,train,CC(C)C(NC(=O)CN1C(=O)C(=CC=C1c2ccccc2)N)C(=O)C(F)(F)F,1.74,1.7553400000000017,0.015340000000001686
3815,train,C[C@H]1O[C@H]([C@H](O)[C@@H]1O)n2cnc3c(N)nc(OCC4CC45CC5)nc23,1.78,1.6830599999999982,-0.0969400000000018
1286,train,COc1ccc(NC(=O)C=C)cc1,1.68,1.9298628571428573,0.2498628571428574
3000,train,OC(=O)c1ccc(cc1)n2ncc(C(=O)NC3C4CC5CC(CC3C5)C4)c2C(F)(F)F,1.5,1.5977899999999967,0.09778999999999671
3719,train,CN[C@@H](C)C(=O)N[C@H](C(=O)N[C@H]1CCCN(CCc2cccc(OC)c2)C1)C(C)(C)C,1.47,1.581299999999997,0.11129999999999707
3146,train,CS(=O)(=O)c1ccc(c(Cl)c1)c2cc(ccc2OCC(=O)O)C(F)(F)F,-0.52,-0.5157199999999929,0.004280000000007167
783,train,CN1SC(=NC1=O)NC(=O)c2ccccc2,1.13,1.3644319999999976,0.23443199999999775
2893,train,CCN1C(=O)N(CC2CC2)c3nn(Cc4ccnc5ccc(Cl)cc45)c(c3C1=O)c6cc(cn6C)C#N,4.13,3.833899999999996,-0.296100000000004
251,train,CC(C(=O)O)n1c(C)c(Sc2ccc(Cl)cc2)c3cc(Cl)ccc13,3.56,3.0377699999999983,-0.5222300000000017
740,train,CC[C@H](N1CCC[C@@H](C1)N2C=C(C)C(=O)NC2=O)c3ccc(C(=O)O)c(Oc4cccc(Cl)c4)c3,0.22,0.35210333333334454,0.13210333333334454
710,train,C[C@H](Nc1nc(Nc2cc(C)[nH]n2)cc(n1)N3CCOCC3)c4ncc(F)cn4,1.91,2.05114,0.14114000000000027
2398,train,Oc1ccc2OC(=CC(=O)c2c1)c3ccccc3,3.6,3.3696599999999988,-0.23034000000000132
246,train,Cc1ccccc1N2C(=Nc3cccc(C)c3C2=O)Cn4nc(c5ccc(O)c(F)c5)c6c(N)ncnc46,3.55,3.134889999999994,-0.41511000000000564
338,train,Cc1cc(Oc2ccc3OCOc3c2)nc(Oc4ccc(cc4)n5ccnc5)n1,3.47,3.1826000000000016,-0.28739999999999855
2128,train,O=C(NC1(CC1)C#N)[C@@H]2CCCC[C@H]2C(=O)N3CCN(CC3)c4nc5ccncc5s4,1.6,1.6458999999999948,0.04589999999999472
3798,train,CCCSc1nc(Oc2ccc(CC(=O)O)cc2)ccc1C(=O)NC3CCCCC3,1.79,1.7822199999999988,-0.00778000000000123
1311,train,CN1C(=O)N(CC2CC2)c3nn(Cc4ccnc5ccc(Cl)cc45)c(c6oc(cc6Cl)S(=O)(=O)C)c3C1=O,3.97,3.697440000000008,-0.27255999999999236
3362,train,O=C1OC(=Cc2ccccc12)c3ccccc3,3.84,3.456306666666669,-0.3836933333333308
408,train,Cc1c(Oc2ccc(Cl)cc2)c3cc(ccc3n1CC(=O)O)C(F)(F)F,2.28,1.9087866666666646,-0.37121333333333517
3710,train,O[C@@H](CNCCc1cccc(CNCc2ccccc2F)c1)c3ccc(O)c4NC(=O)Sc34,0.69,0.9008600000000087,0.2108600000000087
3065,train,Cc1ccc(NC(=O)c2ccnc(c2)N3CCOCC3)cc1NC(=O)c4ccc(OCc5ccccn5)cc4,3.47,3.2278800000000016,-0.24211999999999856
2205,train,[O-][N+](=O)c1cccc(c1)c2ccc(OCC(CCc3ccc(cc3)C(=O)N4CCCC4)N5C(=O)CCCC5=O)cc2,2.31,2.5848350000000013,0.2748350000000013
2456,train,Cc1cnc(Nc2ccc(OCCN3CCCC3)cc2)nc1Nc4cccc(c4)S(=O)(=O)NC(C)(C)C,2.11,2.364830000000001,0.254830000000001
636,train,Cc1cccc(C(=O)N)c1NC(=O)c2ccccc2,1.09,1.3530213333333396,0.26302133333333955
181,train,CC(C)C(NC(=O)CN1C(=O)C(=CC=C1c2ccccc2)NS(=O)(=O)C)C(=O)C(F)(F)F,1.77,1.863780000000002,0.09378000000000197
2106,train,OCC(CO)NC(=O)CN1C(=O)C(Cc2ccccc12)NC(=O)c3cc4cc(Cl)sc4[nH]3,2.61,2.810318333333333,0.20031833333333315
577,train,NC12CCC(CC1)(CC2)c3ccccc3,0.29,0.48363499999999293,0.19363499999999295
154,train,Nc1ccc(cc1)S(=O)(=O)Nc2nccs2,-0.37,-0.38802000000000003,-0.018020000000000036
3714,train,CC1=C(Cc2ccccc2)C(=O)n3nc(NCc4cccc(Br)c4)nc3N1,3.68,3.3889399999999927,-0.2910600000000074
2306,train,CC1=C(C)C(=O)C(=C(C)C1=O)C(CCCCCC(=O)O)c2ccccc2,2.48,1.4891599999999963,-0.9908400000000037
667,train,Fc1ccc2[nH]c3CCN(Cc3c2c1)C(=O)[C@@H]4CCCC[C@H]4C(=O)NCC#N,2.77,2.7536133333333317,-0.016386666666668326
235,train,CC1=CN([C@H]2CCCN(C2)S(=O)(=O)c3ccc(O)c(Oc4cccc(c4)C(F)(F)F)c3)C(=O)NC1=O,2.27,2.2045600000000003,-0.06543999999999972
3490,train,CN(C)CC(C)(C)COc1nccc(Nc2cc(NC(=O)c3ccnc(c3)N4CCOCC4)ccc2C)n1,2.2,2.04762,-0.15237999999999996
2506,train,CN(C)C(=O)N[C@@H]1CC[C@@H](CCN2CCN(CC2)c3ccc(Cl)c(Cl)c3)CC1,3.15,3.0265666666666684,-0.12343333333333151
1097,train,COc1ccc2cc(ccc2c1)C(C)C(=O)O,0.23,0.34146238095238113,0.11146238095238112
811,train,Oc1ccc(CCNCCS(=O)(=O)CCCOCCc2oc3ccccc3c2)c4sc(O)nc14,2.86,2.6534000000000013,-0.20659999999999856
989,train,Cc1ccc(OCC(=O)O)c(c1)n2nc3ccccc3n2,-0.84,-0.08831666666667592,0.751683333333324
3887,train,CCN(C1CCN(CC[C@H](c2ccc(cc2)S(=O)(=O)C)c3cccc(F)c3)CC1)C(=O)Cc4ccc(cc4)S(=O)(=O)C,2.9,2.730771666666665,-0.1692283333333351
2967,train,COc1ccccc1CN(C)Cc2cccc(CCNC[C@H](O)c3ccc(O)c4NC(=O)Sc34)c2,1.52,1.2650133333333273,-0.2549866666666727
4070,train,Cc1cc(Cl)ccc1N2CCN(CC2)C(=O)COCc3ccncc3,3.22,3.1513199999999992,-0.06868000000000096
1705,train,COc1ccc(cc1OC)S(=O)(=O)Nc2ccc(\C=C\C(=O)Nc3ccccc3N)cc2,2.56,2.40204,-0.1579600000000001
3775,train,O=C(CSc1ccccc1)N2CCN(CC2)c3ccccc3,3.2,2.9351699999999976,-0.26483000000000256
2529,train,CCCN(CCO)CCCOc1ccc2c(Nc3cc(CC(=O)Nc4cccc(F)c4F)[nH]n3)ncnc2c1,2.19,2.0309600000000008,-0.15903999999999918
3790,train,NC(=O)c1ccc(O[C@H]2C[C@H]3CC[C@@H](C2)N3Cc4ccccc4)cn1,1.51,1.58874466666667,0.07874466666667002
3971,train,CN1C2CCC1CC(C2)OC(=O)C(CO)c3ccccc3,-0.09,-0.1740285714285701,-0.08402857142857009
2469,train,NC(=N)c1cc2c(cccc2s1)c3ccccc3,1.27,1.4414266666666682,0.17142666666666817
266,train,COc1ccc2nccc([C@H](O)C3CC4CCN3CC4C=C)c2c1,2.16,2.223223373015873,0.06322337301587266
2280,train,CN1CCC(CC1)Oc2nccc(Nc3cc(NC(=O)c4ccnc(c4)N5CCOCC5)ccc3C)n2,1.8,1.9807999999999988,0.18079999999999874
540,train,Oc1ccc(cc1)c2csc(n2)c3ccc(O)cc3,3.7,3.489226666666675,-0.21077333333332504
1624,train,NC(=O)c1cnc(N[C@H]2CCCNC2)c3cc(sc13)c4ccc(F)c(F)c4,2.17,2.1353999999999997,-0.034600000000000186
877,train,CNc1c(Br)cnc2[nH]c(nc12)c3ccc(cc3)S(=O)(=O)C,2.88,2.7208866666666625,-0.15911333333333744
944,train,OCCN1CCN(CCCN2c3ccccc3Sc4ccc(Cl)cc24)CC1,3.6,3.572919999999999,-0.027080000000001103
1335,train,CN1CCN(CC1)c2ccc(Nc3ncc(C)c(Nc4cccc(c4)S(=O)(=O)NC(C)(C)C)n3)cc2,2.84,2.714719999999996,-0.12528000000000405
3460,train,CCN(CC)CCN1C(=O)CN=C(c2ccccc2F)c3cc(Cl)ccc13,2.38,2.23484,-0.14515999999999973
3412,train,Cc1nccn1CCC(C(=O)N)(c2ccccc2)c3ccccc3,1.79,1.8444733333333336,0.054473333333333596
764,train,OC(=O)c1cccc(c1)C(=O)N2CCC(CC2)N3CCC(CC3)Oc4ccc(Cl)c(Cl)c4,1.23,1.6453616666666677,0.41536166666666774
3194,train,Cc1c(Sc2ccc(Cl)cc2)c3c(Cl)cccc3n1CC(=O)O,2.15,1.6136000000000021,-0.5363999999999978
994,train,CSCCC(NC(=O)c1ccccc1)c2nc3ccccc3n2Cc4ccc(cc4)C#N,4.24,3.7623266666666675,-0.47767333333333273
127,train,Cc1ncc(nc1C(=O)N)c2ccc(cc2)[C@@H]3CC[C@@H](CC(=O)O)CC3,1.0,1.1054199999999947,0.10541999999999474
1536,train,CNS(=O)(=O)c1ccc(Oc2ccc(cc2)C#C[C@]3(O)CN4CCC3CC4)cc1,2.03,1.9523633333333343,-0.07763666666666547
3338,train,C[C@]12CC[C@H]3[C@@H](CC(=C)C4=CC(=O)C=C[C@]34C)[C@@H]1CCC2=O,2.98,2.7258400000000025,-0.2541599999999975
604,train,CC(C)Oc1cc(OCCCN2CCCC2)cc3ncnc(Nc4c(Cl)ccc5OCOc45)c13,3.1,2.929379999999995,-0.17062000000000488
1308,train,Fc1ccc(CN2CCN(CC2)[C@H](c3ccc(cc3)C(=O)N4CCC4)c5cccc(NC(=O)C6CC6)c5)cc1,3.58,3.466180000000006,-0.11381999999999426
2439,train,CC1=CN([C@H]2CCCN(C2)S(=O)(=O)c3ccc(CO)c(Oc4cccc(Cl)c4)c3)C(=O)NC1=O,2.69,2.5346200000000008,-0.15537999999999919
1296,train,Cc1onc(NC(=O)CSc2nc(C)cc(C)n2)c1,1.52,1.7087400000000001,0.18874000000000013
2539,train,CC(CO)(CO)Nc1nc(SCc2cccc(F)c2F)nc3nc(N)sc13,2.87,3.0328800000000014,0.16288000000000125
820,train,CCN(CC)C(=O)N[C@H]1C[C@H]2[C@@H](Cc3c[nH]c4cccc2c34)N(C)C1,2.73,2.382747000000001,-0.3472529999999989
3464,train,COc1ccc(COC(=O)N2CCC(CNc3ncccn3)CC2)cc1,3.14,2.9877000000000047,-0.15229999999999544
1250,train,O[C@@H](CNCCc1cccc(c1)c2cccc(CNCc3ccccc3)c2)c4ccc(O)c5NC(=O)Sc45,2.32,1.8958400000000004,-0.4241599999999994
2700,train,Nc1c(cnn1c2ccc(F)cc2)C(=O)c3cccc(OC[C@@H](O)CO)c3,1.91,1.923444857142856,0.013444857142856037
2108,train,Brc1cccc2c3CN(CCc3[nH]c12)C(=O)[C@@H]4CCCC[C@H]4C(=O)NC5(CC5)C#N,3.12,3.0252199999999942,-0.09478000000000586
1651,train,Cc1c(F)ccc2c1c(Sc3ccc(Cl)cc3)c(C)n2CC(=O)O,2.23,1.896879999999998,-0.3331200000000021
3282,train,CCCN(CCO)CCCOc1cc2ncnc(Nc3cc(CC(=O)Nc4cccc(F)c4F)[nH]n3)c2cc1OC,1.28,1.6831199999999953,0.40311999999999526
4194,train,CC1CC(N(C(=O)C)c2ccccc2)c3ccccc3N1S(=O)(=O)c4ccccc4,3.68,3.003739999999995,-0.676260000000005
3745,train,CCN(CC)S(=O)(=O)c1ccc(NC(=O)[C@@](C)(O)C(F)(F)F)c(Cl)c1,3.66,3.2902200000000024,-0.3697799999999978
1807,train,O=C1C=CN=C2C=C(C=CN12)C#Cc3ccccc3,2.9,2.747846666666664,-0.1521533333333358
4061,train,NNC(=O)c1ccncc1,-0.57,0.220799999999991,0.790799999999991
3992,train,CC1=CN([C@H]2CCCN(C2)[C@H](CC3CCCCC3)c4ccc(C(=O)O)c(Oc5cccc(Cl)c5)c4)C(=O)NC1=O,1.83,1.31884695238095,-0.51115304761905
3773,train,COc1ccc2N=NC(=O)N(CCN3CCC(CC3)NCc4ccc5OCC(=O)Nc5n4)c2c1,-0.65,-0.055062666666651605,0.5949373333333484
1060,train,CN1CCCCC1CCN2c3ccccc3Sc4ccc(cc24)[S+](C)[O-],1.6,1.9717613333333335,0.3717613333333334
3136,train,NC1(CCN(CC1)c2ncnc3[nH]ccc23)C(=O)NC(CS(=O)(=O)N)c4ccc(Cl)cc4,2.2,2.25864,0.058640000000000025
3068,train,Nc1cccc(CCc2ccc3cc[nH]c3c2)n1,2.8,2.44724,-0.35275999999999996
2260,train,CC(C)CN1C(=O)N(C)C(=O)c2c1sc(Cc3c(C)n[nH]c3C)c2C(=O)N4C[C@H](O)CO4,1.07,1.3009466666666611,0.23094666666666108
2600,train,CS(=O)(=O)c1ccc(cc1)[C@@H](CC2CCCC2)C(=O)Nc3nccs3,3.86,3.6194289047618975,-0.24057109523810238
1054,train,C[C@@H]1CN(CCN1c2ncc(OCc3ccncc3C#N)cn2)c4noc(C)n4,2.6,2.701533333333334,0.1015333333333337
2232,train,O=C(Cc1cccc2ccccc12)Nc3ccccc3,3.9,3.5284425000000024,-0.37155749999999754
2814,train,OC1=CC(=O)C2=C(O1)c3ccccc3N(C2=O)c4ccccc4,0.96,1.5669899999999952,0.6069899999999953
3560,train,Cn1cc(cc1c2c3C(=O)N(CC#N)C(=O)N(CC4CC4)c3nn2Cc5ccnc6ccc(Cl)cc56)C#N,3.33,3.473420000000006,0.1434200000000061
152,train,NC(=O)c1ccc(Oc2cccc3cccnc23)c(c1)[N+](=O)[O-],1.7,1.6535420000000025,-0.046457999999997446
2328,train,OC(=O)[C@H](Cc1ccc(cc1)C#CCCNc2ccccn2)NC(=O)c3c(Cl)cccc3Cl,0.27,0.24907000000000012,-0.020929999999999893
302,train,CNC(=O)c1cc(c2nc(cc(n2)C3(CC3)S(=O)(=O)C)N4CCOCC4)c5cc[nH]c5c1,1.7,1.9413666666666654,0.2413666666666654
1531,train,C[C@H](N1CCC[C@@H](C1)N2C=C(C)C(=O)NC2=O)c3ccc(C(=O)O)c(Oc4cccc(Cl)c4)c3,-0.26,-0.12013619047617485,0.13986380952382516
3551,train,FC(F)(F)CCS(=O)(=O)Oc1ccc(NC(=O)c2ccc(Cn3ccnn3)c4ccccc24)c(n1)C(=O)NCC5CCOCC5,4.2,3.4997466666666632,-0.700253333333337
506,train,Oc1cccc(c1)N2C(=O)c3ccc(O)cc3C2=O,2.0,2.0732000000000004,0.07320000000000038
2580,train,COc1ccc(cc1OC)C(=O)Nc2cc(NC(=O)c3cccc(c3)N(C)C)ccc2C,3.12,3.0758199999999922,-0.04418000000000788
184,train,Clc1ccc(CC2CCNCC2)cc1C(=O)NCC34CC5CC(CC(C5)C3)C4,1.49,1.7163499999999996,0.2263499999999996
2441,train,CCN(CC)CCOC(=O)C1(CCCCC1)C2CCCCC2,3.72,2.832580000000003,-0.887419999999997
2707,train,OC(=O)C1=CN(C2CC2)c3cc(N4CCN(CC4)C(=O)CC[N+](=O)[O-])c(F)cc3C1=O,0.22,0.3313166666666738,0.11131666666667381
1819,train,CCN1C=C(C(=O)O)C(=O)c2cc(F)c(nc12)N3CCNCC3,-0.83,-0.41252333333334823,0.41747666666665173
2324,train,NC(=O)Nc1sc(cc1C(=O)N)c2ccccc2,2.42,2.2159050000000002,-0.2040949999999997
698,train,Cc1c(c2c(NS(=O)(=O)C)cccc2n1CC(=O)O)S(=O)(=O)c3ccc(Cl)cc3,-0.83,-0.5001600000000113,0.3298399999999887
1131,train,CN(C)CC(O)COc1ccc(Nc2ncc(C)c(Nc3ccccc3)n2)cc1,2.0,2.09146,0.0914600000000001
1628,train,FC(F)(F)c1csc(n1)N2CCN(CC2)C(=O)[C@@H]3CCCC[C@H]3C(=O)NC4(CC4)C#N,2.4,2.30397,-0.09602999999999984
268,train,Clc1ccc(Cl)c(c1)S(=O)(=O)Nc2nccs2,1.14,1.4841580000000003,0.3441580000000004
2152,train,Nc1cc(cc(c1)C(F)(F)F)C(=O)Nc2cccc(c2)c3nnn[nH]3,0.2,0.880620000000002,0.680620000000002
801,train,CCC(CC)C[C@@H](N1CCC[C@@H](C1)N2C=C(C)C(=O)NC2=O)c3ccc(C(=O)O)c(Oc4cccc(Cl)c4)c3,1.68,1.3715482857142853,-0.3084517142857146
2494,train,CNC(=O)c1ccc(cc1F)N2C(=S)N(C(=O)C23CCC3)c4ccc(C#N)c(c4)C(F)(F)F,3.3,2.8113600000000023,-0.4886399999999975
3716,train,O=C1CCOc2nc(OCc3ccccc3)ccc12,3.1,2.9746466666666618,-0.1253533333333383
3892,train,OC(=O)CCc1ccc(OCc2cccc(Oc3ccccc3)c2)cc1,2.47,2.2839000000000005,-0.1860999999999997
1499,train,CC(=O)NC[C@H]1CN(C(=O)O1)c2ccc(c(F)c2)n3cnc(c3)C#N,1.51,1.48246,-0.027539999999999898
558,train,Cc1ccccc1CN2C=CN3C(=O)C=C(N=C23)N4CCOCC4,2.3,2.4849,0.1849000000000003
1040,train,CN(CCOc1ccc(CC2SC(=O)NC2=O)cc1)c3ccccn3,2.5,2.467126666666665,-0.032873333333335086
132,train,[O-][S+](c1ccccc1)c2ccc3nnnn3n2,0.79,1.3096099999999975,0.5196099999999975
1121,train,OC(=O)c1ccccc1O,-1.36,-0.4471600000000149,0.9128399999999852
2510,train,COc1ncc(C)cc1c2cccc3c(N)c(nnc23)C(=O)NC4CC4,3.4,3.275110000000004,-0.12488999999999573
961,train,COc1cc(ccc1Cn2ccc3ccc(cc23)C(=O)NCC4CCCC4)C(=O)NS(=O)(=O)c5ccccc5,1.93,1.9037400000000013,-0.026259999999998618
3977,train,OC(=O)COc1ccc(Br)cc1c2ccccc2,0.15,0.32667999999999564,0.17667999999999565
1887,train,CCCC(=O)NCc1cncc(c1)c2ccc(F)cc2OC,2.9,2.8667133333333306,-0.03328666666666935
2091,train,NC(=O)c1cnc(N[C@H]2CCCNC2)c3cc(sc13)c4ccc(Cl)cc4,2.78,2.5498599999999993,-0.23014000000000046
731,train,CC(C)NC(=O)c1cnc(N2CCC(CC2)N3C(=O)OCc4ccccc34)c(Cl)c1,3.57,3.2772333333333425,-0.2927666666666573
1299,train,CN1C(=O)N(C)c2ncn(CC(O)CO)c2C1=O,-1.25,-0.3855293333333356,0.8644706666666644
3168,train,CCN[C@H]1C[C@H](C)S(=O)(=O)c2sc(cc12)S(=O)(=O)N,0.27,0.7069700000000017,0.43697000000000163
1987,train,C[C@H](NC(=O)C1(N)CCN(CC1)c2ncnc3[nH]ccc23)c4ccc(Cl)cc4,2.67,2.838431928571429,0.16843192857142908
1992,train,OCCOCCN1CCN(CC1)C(c2ccccc2)c3ccc(Cl)cc3,3.08,3.108040000000003,0.02804000000000295
1918,train,CC1(C)[C@@H]2CC[C@@]1(CS(=O)(=O)N3CCN(CC3)c4ccc(cn4)C(F)(F)F)C(=O)C2,3.8,3.4600399999999967,-0.33996000000000315
1047,train,CS(=O)(=O)C1(CC1)c2cc(nc(n2)c3ccccc3)N4CCOCC4,2.6,2.585036666666666,-0.014963333333334106
2921,train,COc1cc(OC)cc(c1)c2cc3cnc(N)nc3nc2N,2.14,1.9388500000000004,-0.20114999999999972
2562,train,COc1cccc(CNc2nc(NC(C)C)nc3ccsc23)c1OC,3.7,3.4029000000000087,-0.2970999999999915
2655,train,Fc1ccccc1c2ccc3c(c2)C(=O)C(=O)c4ccccc34,2.92,2.8060800000000006,-0.11391999999999936
2894,train,CN(C)c1ccnc2sc(C(=O)N)c(N)c12,1.7,2.0521199999999995,0.35211999999999954
875,train,CC(C)[C@H](N)C(=O)OCCOCn1cnc2C(=O)N=C(N)Nc12,-1.3,-0.4462899999999914,0.8537100000000086
1945,train,Fc1ccc(cc1)C(=O)C2CCN(CC2)C(=O)c3ccc(F)cc3,2.9,2.9385766666666644,0.03857666666666448
3390,train,CN1CCN(CC1)c2ccc3N=CN(C(=O)c3c2)c4cc(ccc4C)C(=O)NC5CCC5,2.25,2.124724,-0.12527599999999994
2674,train,CC1=NC(=C(NC1=O)c2ccccc2)c3ccc(CN4CCC(CC4)N5C(=O)Nc6ccccc56)cc3,3.8,3.7040423809523833,-0.09595761904761657
2797,train,CC(C)c1ccc(NC(=O)NCCCSC[C@H]2O[C@H]([C@H](O)[C@@H]2O)n3cnc4c(N)ncnc34)cc1,2.5,2.310895999999999,-0.18910400000000083
1839,train,FC(F)(F)c1ccc(cc1)S(=O)(=O)N2CCN(CC2)C(=O)N3CCN(CC3)c4ccncc4Cl,3.54,3.246781999999998,-0.2932180000000022
2567,train,COc1ccc2N=CC(=O)N(CCN3CC[C@@H](NCc4ccc5OCC(=O)Nc5n4)[C@@H](O)C3)c2c1,0.37,0.4152952857142962,0.045295285714296196
2503,train,Cc1ccc(cc1)\C(=C/CN2CCCC2)\c3ccccn3,1.88,1.9576733333333318,0.07767333333333193
3634,train,Oc1cccc2ccc(nc12)C#N,1.81,2.12127,0.31126999999999994
498,train,OC1=CC=Cc2cc(O)c(O)c(O)c2C1=O,2.03,2.2583799999999994,0.22837999999999958
1193,train,CO[C@@H]1CN(Cc2ccc(cc2)C(F)(F)F)CC[C@@H]1N(C)C(=O)Cc3ccc(cc3)n4cnnn4,3.1,3.0593699999999977,-0.040630000000002386
1800,train,Cc1cc(N)n(n1)c2ccccc2,1.25,1.6262933333333367,0.3762933333333367
2615,train,CC1CN(Cc2cc(Cl)ccc2OCC(=O)O)CCN1S(=O)(=O)c3ccccc3,0.31,0.4253999999999998,0.11539999999999978
119,train,OC(=O)Cc1ccc(cc1)N2CCC(CN3CCC(CC3)Oc4ccc(Cl)c(Cl)c4)CC2,1.83,1.7359333333333349,-0.09406666666666519
2353,train,COc1ccc(CC(C)(C)NC[C@H](O)c2cc(O)cc3NC(=O)COc23)cc1,0.79,1.0244466666666634,0.23444666666666336
3263,train,Cc1cccc(n1)c2nn3CCCc3c2c4ccnc5ccc(cc45)C(=O)N,1.71,1.7900100000000012,0.08001000000000125
3645,train,CCC[C@@H](N1CCC[C@@H](C1)N2C=C(C)C(=O)NC2=O)c3ccc(C(=O)O)c(Oc4cccc(Cl)c4)c3,0.6,0.8355942857142844,0.23559428571428442
2215,train,O=C1CCCc2nc(ccc12)C#Cc3ccccc3,3.53,3.3196200000000027,-0.21037999999999712
3072,train,CCCc1nn(C)c2C(=O)NC(=Nc12)c3cc(ccc3OCC)S(=O)(=O)N4CCN(C)CC4,2.8,2.4903766666666667,-0.30962333333333314
331,train,CCOc1cc2nccc(Oc3cnc(CC(=O)Nc4n[nH]c(CC)c4C)c(OC)c3)c2cc1OC,3.29,3.0345333333333295,-0.2554666666666705
661,train,COc1cc(c(OC)nn1)c2c(F)ccc3c(N)c(nnc23)C(=O)NC4CC4,2.75,2.787459999999995,0.03745999999999494
2614,train,OC(=O)c1ccccc1Nc2cccc(c2)C(F)(F)F,2.01,1.9294200000000012,-0.08057999999999854
1051,train,COc1ccc(cc1OC)c2cc(NC(=O)Cc3ccc4ccccc4c3)[nH]n2,3.1,3.0097133333333277,-0.0902866666666724
3839,train,CNC(=O)c1ccc(Nc2nccc(n2)c3cnc(C)n3C(C)C)cc1,2.69,2.6734266666666695,-0.016573333333330442
2542,train,COc1ccnc(CSc2nc3ccccc3[nH]2)c1,2.89,2.8467000000000025,-0.043299999999997674
773,train,CC(=O)N1CCN(CCOc2ccc(cc2)C3CCN(CC3)c4ccc5nnc(n5n4)C(F)(F)F)CC1,3.2,3.063959999999999,-0.13604000000000127
140,train,CN1C(=O)N(CC2CC2)c3nn(Cc4ccnc5ccc(Cl)cc45)c(c6cc(cn6C)C#N)c3C1=O,3.67,3.6346200000000035,-0.035379999999996414
96,train,CCN(CC)CCCCNc1ncc2CN(C(=O)N(Cc3cccc(NC(=O)C=C)c3)c2n1)c4c(Cl)c(OC)cc(OC)c4Cl,2.04,2.0677000000000003,0.02770000000000028
1237,train,CC1CN(C1)C(=O)c2nnc3c(cccc3c2N)c4ncccn4,1.21,1.4672999999999998,0.25729999999999986
2839,train,C[C@H](CNCCc1ccncc1)c2c([nH]c3ccc(cc23)C(C)(C)C(=O)N4C5CCC4CC5)c6cc(C)cc(C)c6,4.35,3.713800000000004,-0.6361999999999957
243,train,CC1=CN([C@H]2CCCN(Cc3ccc(C(=O)O)c(Oc4cccc(c4)C(F)(F)F)c3)C2)C(=O)NC1=O,-0.38,-0.37252666666665313,0.0074733333333468766
557,train,CCCSc1nc(NC[C@@H]2CC[C@H](CC2)C(=O)O)ccc1C(=O)NC3CCCCC3,2.61,2.3859279999999994,-0.2240720000000005
587,train,NC1(CCC1)c2ccc(cc2)c3ncc4ncccc4c3c5ccccc5,2.0,2.104493333333334,0.104493333333334
1601,train,NCc1ccc(NC(=O)c2cc(Nc3ncccn3)c4cc(ccc4c2)\C(=N\O)\N)cc1,-0.85,0.38589333333332343,1.2358933333333235
822,train,O=C(NC1=CC(=CNC1=O)c2ccncc2)[C@H](Cc3ccccc3)NC4(CC4)c5ccccn5,3.44,2.8055813333333326,-0.6344186666666674
2184,train,CC(C)(C)CNc1nc(nc(N2CCOCC2)c1N)C#N,3.08,2.854820000000003,-0.22517999999999727
1438,train,NC(=O)c1ccc(O[C@H]2C[C@H]3CC[C@@H](C2)N3Cc4ccccc4)c(F)c1,2.1,1.9972749999999988,-0.10272500000000129
2784,train,CCCSc1nc(ccc1C(=O)N[C@@H]2C3CC4CC2C[C@@](O)(C4)C3)N5CCOCC5,3.2,2.8595149999999956,-0.3404850000000046
1581,train,Cc1ccc(C)c(OCCCC(C)(C)C(=O)O)c1,0.72,1.2572400000000004,0.5372400000000004
585,train,Nc1ncnc2sc(nc12)c3c(ncn3C[C@H]4CCCO4)c5ccccc5,2.65,2.6908199999999973,0.040819999999997414
657,train,CS(=O)(=O)NCCC(NC(=O)C1(N)CCN(CC1)c2ncnc3[nH]ccc23)c4ccc(Cl)cc4,2.2,2.209725,0.009724999999999984
2969,train,C(Cc1nc2ccccc2[nH]1)Cc3nc4ccccc4[nH]3,3.5,3.248399999999992,-0.2516000000000078
915,train,CC(=O)Nc1ccc2cnn(c3cc(NC4CC4)n5ncc(C#N)c5n3)c2c1,3.44,3.194619999999991,-0.2453800000000088
2487,train,Oc1cc(O)c2C(=O)c3ccccc3Oc2c1,3.39,3.1048300000000006,-0.2851699999999995
855,train,CN(C)CC(O)COc1ccc(Nc2ncc(Cl)c(Nc3ccccc3)n2)cc1,2.25,2.3174933333333327,0.06749333333333274
3182,train,CC(O)c1ccc2OCC(=O)N(CCN3CCC(CC3)NCc4ccc5OCC(=O)Nc5n4)c2c1,0.25,0.43168800000001206,0.18168800000001206
1696,train,FC(F)(F)c1ccc(cc1)S(=O)(=O)NCC(N2CCCCCC2)c3ccccc3,4.29,3.9340299999999937,-0.35597000000000634
2613,train,CN[C@@H](C)C(=O)N[C@H](C(=O)N[C@H]1CCCN(CCc2ccccn2)C1)C(C)(C)C,-0.55,0.27315600000000995,0.82315600000001
3533,train,CCN(CCO)CCCOc1cc2ncnc(Nc3cc(CC(=O)Nc4cccc(F)c4F)[nH]n3)c2cc1OC,1.94,2.0244799999999987,0.08447999999999878
1596,train,C[C@H](CO)Nc1nc(SCc2cccc(F)c2F)nc3NC(=O)C(=O)Nc13,2.48,2.6835959999999996,0.20359599999999967
3715,train,CC(C)n1nc(c2ccc(C)cc2)c3c(N)ncnc13,3.2,3.207320000000003,0.007320000000002658
3881,train,COc1cc(F)ccc1c2cccc(CNC3CCCC3)n2,2.06,2.0682733333333325,0.008273333333332467
4155,train,CN(C)C(=O)[C@H](Cc1ccccc1)NC(=O)c2cc3ccccc3[nH]2,3.4,3.230780000000002,-0.16921999999999793
2863,train,Fc1ccc(cc1)C(COCc2cc(cc(c2)C(F)(F)F)C(F)(F)F)N3CCNCC3,3.0,2.969019999999998,-0.030980000000001784
1666,train,C[C@@](Cc1ccc(O)c(O)c1)(NN)C(=O)O,-0.7,-0.17009666666667833,0.5299033333333216
896,train,COc1cc(ccc1Nc2ncc(Cl)c(n2)c3cnc4ccccn34)N5CCN(CCO)CC5,3.2,3.1304399999999997,-0.06956000000000051
223,train,COc1ccccc1C(NC(=O)[C@@H]2CCCC[C@H]2C(=O)N3CCN(Cc4ccc(F)cc4)CC3)C#N,3.57,3.133440000000007,-0.43655999999999295
3770,train,COc1ccc2N=CC(=O)N(CCN3CCC(CC3)NCc4cc5OCCOc5cn4)c2c1,0.93,1.030656333333331,0.1006563333333309
3070,train,CN1CCN(CC(=O)Nc2c(cnn2c3ccccc3)C#N)CC1,0.0,0.6218050000000068,0.6218050000000068
752,train,O[C@H](CNC(=O)C1=CNC(=O)c2cc(ccc12)S(=O)(=O)NC3CC3)CN4CCC(CC4)Oc5ccc(Cl)c(Cl)c5,3.67,3.3258999999999963,-0.3441000000000036
2155,train,Fc1ccc(cc1)C(=O)N2CCC[C@@H](C2)c3onc(n3)c4ccc(F)cc4,3.73,3.271319999999999,-0.4586800000000011
1653,train,Nc1n[nH]c(N)c1Cc2ccc3OCOc3c2,0.47,0.9449199999999967,0.4749199999999967
3914,train,CN(C1CCN(CCC(c2ccccc2)c3ccccc3)CC1)C(=O)Cc4ccc(O)cc4,3.3,3.255339999999995,-0.04466000000000481
2665,train,OC(=O)COc1ccc(cc1c2ccccc2)[N+](=O)[O-],-0.69,-0.18072000000001776,0.5092799999999822
2748,train,CCC(CC)NC(=O)c1cn(nc1NS(=O)(=O)c2ccc(C)cc2)c3ccccc3,2.51,2.1279399999999997,-0.38206000000000007
3985,train,CC1=CC2=NNC(=O)N2c3cc(ccc13)c4cccnc4,2.72,2.507199999999999,-0.212800000000001
3233,train,CCN(C1CCN(CC[C@H](N2CCN(CC2)S(=O)(=O)CC(F)(F)F)c3ccccc3)CC1)C(=O)Cc4ccc(cc4)S(=O)(=O)C,1.8,2.04764,0.24763999999999986
3151,train,CNc1c(cnc2[nH]c(nc12)c3ccc(OCCN4CCOCC4)cc3)C(=O)N,2.14,2.3266599999999995,0.18665999999999938
3395,train,CCOC(=O)C1=COc2ccccc2C1=O,1.81,1.8693599999999992,0.05935999999999919
3732,train,CC(=O)NCc1ccc(CN2CCN(CC2)c3ccc(F)cc3F)cc1,2.5,2.5681599999999998,0.06815999999999978
3786,train,COCCCCC(=NOCCN)c1ccc(cc1)C(F)(F)F,1.55,1.4188493333333354,-0.13115066666666464
3077,train,CC1=NS(=O)(=O)c2cc(Cl)ccc2N1,1.05,1.4746066666666633,0.42460666666666325
3140,train,Cc1nc(C)c(nc1C(=O)N)c2ccc3c(CC[C@@]34CC[C@H](CC(=O)O)CC4)c2,1.5,1.60796333333333,0.10796333333333008
3979,train,CCC(=O)N1CCN(CC1)C(=O)c2cc(CC3=NNC(=O)c4ccccc34)ccc2F,1.22,1.2039800000000058,-0.01601999999999415
3380,train,COc1cc2c(Nc3ccc(F)cc3F)c(cnc2cc1NCCN(C)C)C(=O)N,1.71,1.9455200000000008,0.23552000000000084
919,train,CN[C@@H](C)C(=O)N[C@@H](C1CCCCC1)C(=O)N[C@H]2CCCN(C2)C(=O)Cc3ccccc3,1.32,1.3499849999999973,0.029984999999997264
3131,train,CN1CCN(CC1)c2ccc3N=CN(C(=O)c3c2)c4cc(NC(=O)c5cncs5)ccc4C,2.11,2.1206799999999997,0.0106799999999998
69,train,Clc1cccc2cn[nH]c12,2.33,2.498520000000001,0.1685200000000009
593,train,COc1cc2ncnc(Nc3ccc(OCc4ccccn4)c(C)c3)c2cc1OC,3.6,3.450149999999998,-0.14985000000000204
1220,train,COc1cccc(COCC(O)CN2CCC(CC2)C(=O)N)c1,-0.5,0.4090066666666705,0.9090066666666705
1067,train,Cc1ccccc1C(=O)NCC23CC4CC(CC(C4)C2)C3,4.28,4.034769999999996,-0.24523000000000383
3067,train,CCN(C1CCN(CC[C@H](c2ccc(cc2)S(=O)(=O)C)c3cc(F)cc(F)c3)CC1)C(=O)Cc4ccc(cc4)S(=O)(=O)C,2.2,2.291050166666667,0.09105016666666677
1962,train,Clc1c(NCC2CCNCC2)nccc1C(=O)NCC34CC5CC(CC(C5)C3)C4,0.6,0.9928999999999948,0.3928999999999948
1676,train,CC(NC(=O)C1(N)CCN(CC1)c2ncnc3[nH]ccc23)c4ccc(Cl)cc4,2.7,2.838431928571429,0.13843192857142883
770,train,CN(c1cccc(c1)C(=O)Nc2ccc(C)c(NC(=O)c3ccc4ncccc4c3)c2)S(=O)(=O)C,2.8,2.912079999999996,0.11207999999999618
2325,train,Nc1ccc(N=Nc2ccccc2)c(N)n1,3.22,2.635679999999998,-0.5843200000000022
1720,train,CN[C@@H](C)C(=O)N[C@@H](C1CCCCC1)C(=O)N[C@H]2CCCN(CCCc3ccccc3)C2,2.6,2.3399799999999997,-0.26002000000000036
1790,train,CCn1cc(NC(=O)Cc2ccc(Oc3ccnc4cc(F)ccc34)cc2OC)cn1,3.93,3.648100000000002,-0.28189999999999804
1764,train,Nc1cccc(NC(=O)c2ccc(CNC(=O)OCc3cccnc3)cc2)c1,1.6,1.6254549999999968,0.025454999999996675
1415,train,OB(O)c1ccccc1C=O,0.83,1.3504595238095236,0.5204595238095236
3204,train,c1ccc2cnccc2c1,1.6,1.9431400000000005,0.34314000000000044
2182,train,Cc1ccc2c(c1)c(c(C)n2CC(=O)O)c3cc(C)nc4ccccc34,2.88,2.2120333333333337,-0.6679666666666662
3720,train,CC(C)n1c(C)ncc1c2ccnc(Nc3ccc(C(=O)N(C)C)c(F)c3)n2,2.74,2.82484,0.0848399999999998
8,train,COc1ccc(cc1)C2=COc3cc(OC)cc(OC)c3C2=O,3.05,2.927706666666666,-0.12229333333333381
1028,train,COC(=O)COc1ccc(O)cc1,0.92,1.4649599999999965,0.5449599999999964
718,train,CC(=O)NC[C@H]1CN(C(=O)O1)c2ccc(N3CCOCC3)c(F)c2,0.67,1.0560799999999946,0.38607999999999454
3571,train,O=S(=O)(NCCNc1ncccn1)c2cccc3cnccc23,0.61,1.29886,0.6888599999999999
2867,train,CCOc1ccc2C=CC(=O)Oc2c1,2.2,2.296056666666667,0.09605666666666668
3006,train,CC(C)n1c(C)ncc1c2ccnc(Nc3ccc(cc3)C(=O)N(C)C)n2,2.45,2.5147799999999982,0.06477999999999806
2413,train,O[C@@]1(CN2CCC1CC2)C#Cc3ccc(Oc4ccc(cc4)C(=O)NCc5ccncc5)cc3,2.31,2.4080576904761903,0.09805769047619028
2578,train,C[C@@H]1CN(C[C@H](C)O1)c2nc(N3CCOCC3)c4ccc(Nc5ccccc5)nc4n2,4.12,3.723795999999995,-0.3962040000000049
2604,train,Clc1ccc2nsnc2c1NC3=NCCN3,0.71,1.554856190476193,0.8448561904761931
3805,train,COc1cccc(c1)[C@@H](C)NCCCc2ccccc2Cl,3.0,2.812443999999996,-0.18755600000000383
335,train,NS(=O)(=O)c1cc2c(NC(Cc3ccccc3)NS2(=O)=O)cc1C(F)(F)F,1.78,1.9154799999999983,0.13547999999999827
1772,train,CN1C(=O)N(CC2CC2)c3nn(Cc4ccnc5ccc(Cl)cc45)c(c6cncn6C)c3C1=O,2.69,3.087520000000006,0.39752000000000587
3297,train,Nc1cccc(NS(=O)(=O)c2ccc(cc2)c3ccc(cc3)C#N)n1,2.2,1.8669399999999972,-0.333060000000003
1665,train,O[C@@H](CNCCSCCCNCCc1cccc(Cl)c1Cl)c2ccc(O)c3NC(=O)Sc23,2.2,1.9847506666666663,-0.21524933333333385
761,train,Oc1ccc(cc1)c2nc3ccc(O)cc3s2,3.65,3.6434000000000006,-0.006599999999999273
992,train,Fc1ccc2OCC(=O)N(CCN3CCC(CC3)NCc4ccc5OCC(=O)Nc5n4)c2c1,0.9,0.890721333333341,-0.009278666666658997
2373,train,COc1ccc(N(C(C(=O)NC[C@@H](C)O)c2ccccc2F)C(=O)c3occc3C)c(OC)c1,2.04,2.04998,0.0099800000000001
3337,train,CC1(C)CNC(=O)c2sc(nc2C1)N3CCOCC3,1.29,1.4282633333333372,0.13826333333333718
2166,train,CNC(=O)c1nc(cnc1N)c2ccc(Cl)c(c2)S(=O)(=O)Nc3cccc(F)c3F,2.8,2.6733249999999997,-0.1266750000000001
48,train,O[C@@H](CNCCCOCCOCCc1cccc2ccccc12)c3ccc(O)c4NC(=O)Sc34,2.28,2.0926400000000003,-0.18735999999999953
958,train,CCOc1ccc2nc(N)sc2c1,2.4,2.490476,0.09047600000000022
3232,train,CCCC(=O)C1(CCN(CC1)C(=O)[C@@H](Cc2ccc(OC)cc2)NC(=O)[C@@H](N)Cc3cncn3C)c4ccccc4,2.51,2.20822,-0.30177999999999994
640,train,CC(N1NC(=O)c2nc3cc(Cl)ccc3c(O)c2C1=O)c4ccccn4,0.51,0.9764200000000027,0.4664200000000027
3456,train,Nc1c(c(CN2CCOCC2)nn1c3ccc(F)cc3)c4ccccc4,2.33,2.3815300000000006,0.05153000000000052
3813,train,CC(C)OC(=O)N1CCC(CC1)Oc2ncnc3N(CCc23)c4ccc(cc4F)S(=O)(=O)C,3.4,3.17366666666667,-0.22633333333332972
216,train,OC(=O)[C@@H](Cc1ccccc1)N2CCC(CN3CCC(CC3)Oc4ccc(Cl)c(Cl)c4)CC2,2.5,2.476359999999998,-0.023640000000002104
1988,train,CN1C(=O)N(CCCCC(=O)C)C(=O)c2c1ncn2C,0.22,0.6153000000000035,0.39530000000000354
2575,train,Cc1ccc2c(c1)c(c(C)n2CC(=O)O)c3ccnc4c(cccc34)C(F)(F)F,1.27,1.1249000000000076,-0.14509999999999246
180,train,NC1(CCC1)c2ccc(cc2)c3ncc4ccncc4c3c5ccccc5,2.2,2.2864800000000005,0.08648000000000033
2393,train,C[C@@H](C(=O)NCCN1CCCC1)c2ccc(OS(=O)(=O)C(F)(F)F)cc2,1.64,1.9699171428571423,0.32991714285714235
1132,train,CCCSc1nc(ccc1C(=O)NC2CCCCC2)N3CCCC(C3)C(=O)O,1.72,1.6727533333333295,-0.047246666666670434
2139,train,Clc1ccc(N2CCN(CC2)C(=O)COCc3ccncc3)c(Cl)c1,3.38,3.2602000000000064,-0.11979999999999347
1855,train,NC1=NC(=O)N(C=C1)[C@@H]2O[C@H](CO)[C@@H](O)C2(F)F,-1.5,-0.30348000000000885,1.1965199999999911
1650,train,Clc1ccc(CN(Cc2ccc(Cl)cc2)c3nn[nH]n3)cc1,2.74,2.6430599999999975,-0.09694000000000269
3922,train,c1ccc(nc1)c2n[nH]cc2c3ccnc4ccccc34,2.57,2.425280000000001,-0.14471999999999863
1637,train,COc1ccc(Cl)c(c1)C(=O)NCC23CC4CC(CC(C4)C2)C3,4.39,3.5931319999999936,-0.7968680000000061
572,train,Clc1ccc2C(=O)C3=C(Nc2c1)C(=O)NN(CC#Cc4ccccc4)C3=O,1.78,1.6615133333333314,-0.11848666666666863
1868,train,Cc1ccc(cc1)S(=O)(=O)Nc2c(C(=O)NC3CCCCC3)c(C)nn2c4ccccc4,1.68,1.4650799999999995,-0.21492000000000044
124,train,CCN(C1CCN(CCC(c2ccccc2)c3ccccc3)CC1)C(=O)NCc4c(F)cccc4F,4.3,3.935039999999989,-0.3649600000000106
1203,train,Fc1cccc(c1)C(COCc2cc(cc(c2)C(F)(F)F)C(F)(F)F)N3CCNCC3,3.2,3.173319999999999,-0.026680000000001147
3289,train,CC(C)C(NC(=O)CN1C(=O)C(=CN=C1c2cccnc2)NC(=O)OCc3ccccc3)C(=O)C(F)(F)F,2.15,2.2148600000000003,0.06486000000000036
2010,train,CNc1c(Br)cnc2[nH]c(nc12)c3ccc(OCCCN4CCOCC4)cc3,2.96,2.92256,-0.03744000000000014
1414,train,Oc1ccc(cc1)C2=Cc3ccc(O)cc3OC2,3.8,3.3407399999999945,-0.45926000000000533
3897,train,OCCn1cc(cn1)c2cnc3nnn(Cc4ccc5ncccc5c4)c3n2,1.7,1.9428899999999982,0.24288999999999827
835,train,CC(=O)N1CCN(CC1)c2ccc(Nc3nccc(n3)c4cnc5ccccn45)cc2,2.82,2.833840000000003,0.013840000000003183
1695,train,O=S(=O)(c1ccccc1)C2(CC2)c3cc(nc(n3)c4cccc5[nH]ccc45)N6CCOCC6,3.4,3.015160000000001,-0.38483999999999874
2302,train,O=C(Nc1nccs1)[C@H](CC2CCOCC2)c3ccc(cc3)S(=O)(=O)C4CC4,2.55,2.6071139999999975,0.05711399999999767
2402,train,NS(=O)(=O)c1ccc(Nc2nccc(n2)c3ccccc3)cc1,2.86,2.7487600000000025,-0.11123999999999734
2930,train,O=C1N2CCS(=O)(=O)C2=Nc3ccccc13,0.8,1.1125999999999916,0.31259999999999155
863,train,CCCSc1ncccc1C(=O)NC2CCCCC2,3.24,2.946822666666667,-0.2931773333333334
202,train,Clc1ccc2C(=O)C3=C(Nc2c1)C(=O)NN(Cc4ccccn4)C3=O,1.1,1.2312333333333352,0.1312333333333351
1796,train,CC(C)OC(=O)N1CCC(CC1)Oc2ncnc(Oc3cccnc3C)c2C,3.8,3.4949985714285683,-0.30500142857143153
717,train,OC1(CNCCc2ccccc12)c3ccccc3,1.38,1.3513033333333317,-0.028696666666668147
1907,train,CCc1c(C)nc2sc(C(=O)N)c(N)c2c1C,2.62,2.3641699999999997,-0.25583000000000045
1670,train,Cc1nc(CS(=O)(=O)c2ccc(Cl)cc2)cc(n1)N3CCOCC3,1.8,2.0943300000000002,0.2943300000000002
3845,train,NC(=O)c1cnc(N[C@H]2CCCNC2)c3cc(Br)sc13,1.08,1.1722600000000047,0.09226000000000467
623,train,CCN(CC)c1ccc(cc1)c2nn3c(nnc3s2)c4[nH]nc5CCCc45,3.37,3.196751999999994,-0.17324800000000629
1785,train,CC(C)c1nnc2ccc(cn12)c3ocnc3c4cc(F)ccc4F,2.44,2.539719999999998,0.09971999999999825
2512,train,O[C@@H](CNCCc1cccc(CNCCc2c(Cl)cccc2Cl)c1)c3ccc(O)c4NC(=O)Sc34,3.15,2.4226173333333345,-0.7273826666666654
3365,train,COc1ccc(CN2C(=O)NC3=C(C=C(N(CC(=O)NC(C(C)C)C(=O)C(F)(F)F)C3=O)c4ccccc4)C2=O)cc1,2.93,2.5733599999999988,-0.3566400000000014
2104,train,OC1(C(=O)Nc2ccccc12)c3ccccc3,1.71,1.5037999999999987,-0.20620000000000127
2149,train,Clc1c(ccnc1N2CCNCC2)C(=O)NCC34CC5CC(CC(C5)C3)C4,1.77,1.6663200000000031,-0.10367999999999689
3300,train,CN(C)CCOc1ccccc1Cc2ccccc2,2.53,2.21326,-0.3167399999999998
672,train,FC(F)c1nc2ccccc2n1c3nc(nc(n3)N4CCOCC4)N5CCOCC5,3.04,2.9076666666666604,-0.13233333333333963
4130,train,OC12CC3CC(C1)CC(C3)(C2)NCC(=O)N4CCC[C@H]4C#N,-0.48,0.31018999999999,0.79018999999999
2804,train,CN(CCCc1ccccc1)S(=O)(=O)c2cc(C(=O)N3CCc4ccc(cc4C3)S(=O)(=O)NCCc5ccccc5)c(O)c(O)c2O,0.75,1.2350466666666609,0.48504666666666085
2331,train,COc1ccc(cc1)C(=O)N2CCCC2=O,0.93,1.4730933333333365,0.5430933333333364
4164,train,COc1cc(Nc2nc3c(cc2F)ncn3[C@@H](CO)c4ccc(F)cn4)n[nH]1,2.18,2.4441749999999987,0.2641749999999985
2809,train,CN(Cc1ccc(Cl)cc1)C(=O)C2(N)CCN(CC2)c3ncnc4[nH]ccc34,2.8,2.692111999999998,-0.10788800000000176
3929,train,Nc1nccc2ccccc12,1.5,1.6705399999999977,0.1705399999999977
2584,train,C[C@H]1O[C@H]([C@H](O)[C@@H]1O)n2cnc3c(N)nc(OCC4CC(F)(F)C4(F)F)nc23,1.42,1.5773000000000015,0.15730000000000155
3861,train,CNc1c(Br)cnc2[nH]c(nc12)c3ccc(O)cc3,2.47,2.5584600000000006,0.08846000000000043
3011,train,Cc1cnccc1COc2cnc(nc2)N3CCN(CC3)C(=O)OC(C)(C)C,3.8,3.4127999999999963,-0.38720000000000354
3548,train,COc1cc2c(Nc3ccc(Cl)cc3F)ncnc2cc1OCC4CCNCC4,1.1,1.3562400000000019,0.2562400000000018
2190,train,C[C@H]1C[C@H](CN1C#N)NS(=O)(=O)c2cc(Br)ccc2Br,2.13,2.2087133333333333,0.07871333333333341
2226,train,NC1(CCN(CC1)c2ncnc3[nH]ccc23)C(=O)NC(CCCN4CCCC4)c5ccc(Cl)cc5,1.3,1.7489699999999977,0.44896999999999765
3951,train,COc1cccc(OC)c1c2ccc(C[C@H](NC(=O)c3c(Cl)cccc3Cl)C(=O)O)cc2,-0.27,-0.0810766666666507,0.18892333333334932
3355,train,C[C@H](COc1cn2ncnc(Oc3ccc4[nH]c(C)cc4c3F)c2c1C)OC(=O)[C@H](C)N,3.19,2.781535999999997,-0.40846400000000305
2891,train,Cc1oc(nc1CCOc2ccc(C[C@H](Nc3ccccc3C(=O)c4ccccc4)C(=O)O)cc2)c5ccccc5,3.5,2.618473333333335,-0.881526666666665
1525,train,Cc1cc(C)c(C(=O)N[C@@H](Cc2ccc(OCCCNc3ccccn3)cc2)C(=O)O)c(C)c1,0.49,0.35398000000000485,-0.13601999999999514
2844,train,CC(C)n1nc(C)c(C(=O)N[C@@H](C)C(C)(C)C)c1NS(=O)(=O)c2ccc(C)cc2,0.97,0.9718680000000048,0.0018680000000048658
1102,train,NCCc1ccc(O)c2nc(O)sc12,0.33,0.7405399999999984,0.4105399999999984
582,train,CC(=O)Nc1nnc(s1)S(=O)(=O)N,-0.78,-0.03151999999998534,0.7484800000000147
4001,train,COc1cc(ccc1Nc2nccc(n2)c3cnc4ccccn34)N5CCN(CC5)C(=O)C,3.0,3.0720600000000027,0.07206000000000268
3522,train,CCN(C1CCN(CC[C@H](C2CCN(CC2)S(=O)(=O)C)c3cc(Cl)cc(Cl)c3)CC1)C(=O)Cc4ccc(cc4)S(=O)(=O)C,2.6,2.3615533333333327,-0.23844666666666736
3524,train,COc1ccc2Sc3ccccc3N(C[C@H](C)CN(C)C)c2c1,2.99,2.82214,-0.16786000000000012
3130,train,C[C@H](C(=O)O)c1cccc(c1)C(=O)c2ccccc2,-0.06,0.15251023809523323,0.21251023809523323
1910,train,OCCCN1C(=O)C(Cc2ccccc12)NC(=O)c3cc4cc(Cl)sc4[nH]3,3.49,3.279354888888884,-0.21064511111111628
1264,train,Nc1nc2ccc(cc2s1)c3cccc(O)c3,3.1,2.9456499999999948,-0.15435000000000532
2286,train,Cc1cccc(c1)C(=O)N2CCC(CC2)C(=O)c3ccc(F)cc3,3.4,3.1599000000000017,-0.2400999999999982
32,train,CC(=O)[C@H]1CC[C@H]2[C@@H]3CCC4=CC(=O)CC[C@]4(C)[C@H]3CC[C@]12C,3.94,3.5968199999999992,-0.3431800000000007
1256,train,OC(=O)[C@H](Cc1ccc(F)cc1)N2CCC(CN3CCC(CC3)Oc4ccc(Cl)c(Cl)c4)CC2,2.98,2.769840000000003,-0.21015999999999702
3028,train,CC(C)C(=O)Nc1ccc2C(=O)NC(=O)c2c1,1.55,2.12776,0.5777599999999998
1115,train,C[C@H](Nc1nc(Nc2ncc(C)s2)c(F)c(n1)N3CCOCC3)c4ncc(F)cn4,3.27,2.970920000000003,-0.2990799999999969
2189,train,CC(C)(N)C(=O)N[C@H](COCc1ccccc1)C(=O)N2CCC3(CC2)CN(c4ccccc34)S(=O)(=O)C,1.4,1.3731133333333339,-0.02688666666666606
2698,train,CC(C)C[C@@H](CO)NS(=O)(=O)c1ccc(Cl)s1,2.8,2.6402393333333336,-0.15976066666666622
2374,train,CCCc1c(O)c(ccc1OCc2cccc(NC(=O)Cc3ccccc3C(=O)O)c2)C(=O)C,2.95,2.578120000000001,-0.3718799999999991
3785,train,CN(C)CCNS(=O)(=O)c1ccc(Nc2nccc(n2)c3cnc4ccccn34)cc1,2.7,2.511626666666668,-0.1883733333333324
1425,train,COc1cc(ccc1OC[C@H](OP(=O)(O)O)C2CC2)N3C=Nc4cc(sc4C3=O)c5ccc(Cl)cc5,-0.04,0.9616666666666629,1.001666666666663
14,train,CC1CCCCC1NC(=O)c2cnn(c2NS(=O)(=O)c3ccc(C)cc3)c4ccccc4,1.34,1.30998,-0.030020000000000158
2212,train,CC(C)[C@H](NC(=O)CCc1ccccc1)C(=O)N2CCCC2,2.49,2.6132839999999993,0.12328399999999906
3917,train,Cc1cc(F)ccc1OC2CCN(CC3CCN(CC3)[C@@](C)(Cc4ccc(F)cc4)C(=O)O)CC2,2.0,2.1766666666666667,0.17666666666666675
639,train,NC(=N)c1ccc(cc1)C(=O)N2CCN(CC2)S(=O)(=O)c3ccc4cc(Br)ccc4c3,0.36,0.6481766666666666,0.28817666666666664
4038,train,Nc1sc2CCCCc2c1C(=O)NCc3ccccc3,3.52,2.7748714285714318,-0.7451285714285683
4149,train,CC(C)N1CCC[C@H](CN2C(=Nc3ccc(Oc4ccc(F)cc4)cc3C2=O)C)C1,2.4,2.5475799999999986,0.1475799999999987
690,train,CCS(=O)(=O)c1ccc(c(C)c1)c2cc(ccc2OCC(=O)N)C(F)(F)F,2.77,2.3894433333333325,-0.38055666666666754
4102,train,O=C(CSc1ccccc1)N2CCN(CC2)C(=O)c3occc3,1.6,2.01181,0.41181
182,train,C[C@@H]1CN([C@@H](C)CN1C(=O)c2ccc(cc2)C#N)C(=O)[C@@](C)(O)C(F)(F)F,1.5,1.7719093333333322,0.2719093333333322
3201,train,OC1(CCc2ccc(Oc3ccc(cc3)C(=O)NCc4ccncn4)cc2)CN5CCC1CC5,0.76,1.2976763333333357,0.5376763333333356
802,train,CN(c1ccnc(Nc2cccc(c2)S(=O)(=O)C)n1)c3cccc4[nH]ncc34,3.21,3.1284400000000026,-0.08155999999999741
2435,train,COCC1=C(N2[C@H](SC1)[C@H](NC(=O)\C(=N/OC)\c3csc(N)n3)C2=O)C(=O)OC(C)OC(=O)OC(C)C,1.7,1.6240000000000028,-0.07599999999999718
4021,train,Cc1ccc2c(c1)c(c(C)n2CC(=O)O)c3ccnc4c(C)cccc34,1.29,1.130920000000005,-0.159079999999995
2420,train,OC1=C(CC2=C(O)c3ccccc3OC2=O)C(=O)Oc4ccccc14,1.22,1.6488300000000027,0.4288300000000027
3037,train,CCN(CC)CC#CCOC(=O)C(O)(C1CCCCC1)c2ccccc2,3.65,3.011193333333339,-0.6388066666666607
4079,train,OCC(O)COC(=O)c1ccccc1Nc2ccnc3cc(Cl)ccc23,3.5,3.1470166666666612,-0.35298333333333876
1600,train,CNc1cccc(CCOc2ccc(C[C@H](NC(=O)c3c(F)cccc3Cl)C(=O)O)cc2)n1,-0.42,-0.3046399999999858,0.11536000000001417
1130,train,C[C@@H](COCCCS(=O)(=O)CCNCCc1ccc(O)c2nc(O)sc12)c3ccccc3,2.32,2.2203916666666665,-0.0996083333333333
1610,train,OC1CCN(CC1)C(=O)[C@H](Cc2ccccc2)NC(=O)c3cc4cc(Cl)ccc4[nH]3,3.6,3.1437399999999993,-0.4562600000000008
2634,train,CN1C(=O)CN=C(c2ccccc2)c3cc(Cl)ccc13,2.69,2.727033333333337,0.037033333333337026
2141,train,CS(=O)(=O)c1ccc2OCC(=O)N(CCN3CCC(CC3)NCc4ccc5OCC(=O)Nc5n4)c2c1,-0.51,-0.21969866666665627,0.29030133333334374
3448,train,COc1cc2ncnc(NCc3ccccc3)c2cc1OC,3.29,3.1709649999999954,-0.11903500000000466
3484,train,COC(=O)CCCCCCC(=O)Nc1ccc2c(c1)C(=O)C(=O)c3ccccc23,2.9,2.815059999999998,-0.08494000000000179
4140,train,CC(C)(C)C(=O)N[C@H]1CCCCNC1=O,0.58,1.0349400000000049,0.4549400000000049
981,train,CN(C)CC1CCn2c(C1)c(C3=C(C(=O)NC3=O)c4cn(C)c5ccccc45)c6ccccc26,2.88,2.6414199999999957,-0.23858000000000423
534,train,CCc1ccccc1c2ccc(cc2)c3nc4ccncc4c(O)c3C#N,3.5,3.154299999999994,-0.3457000000000061
1392,train,CC(C)C(NC(=O)CN1C(=O)C(=CN=C1c2ccc(F)cc2)N)C(=O)C(F)(F)F,1.05,1.2989749999999958,0.24897499999999573
3669,train,C[C@H]1O[C@H]([C@H](O)[C@@H]1O)n2cnc3c(N)nc(OC4CCC(F)(F)CC4)nc23,1.42,1.439780000000003,0.019780000000003017
1493,train,CCCN(CCC)C(=O)c1cccc(c1)C(=O)N[C@@H](Cc2ccccc2)[C@H](O)CNC3Cc4ccccc4C3,3.3,3.0029899999999987,-0.2970100000000011
2372,train,CCC(N(CCCN)C(=O)c1ccc(C)cc1)C2=Nc3ccoc3C(=O)N2Cc4ccccc4,1.37,1.4830999999999979,0.11309999999999776
2999,train,Nc1nccc(n1)c2c[nH]c3ccccc23,1.68,1.6754866666666666,-0.004513333333333369
2146,train,CC(C)Oc1cc(Nc2nc(N[C@@H](C)c3ccc(F)cn3)nc(OC(CO)CO)c2Cl)n[nH]1,2.77,2.845751333333333,0.07575133333333284
186,train,Fc1ccc(NC(=O)c2cccnc2Oc3ccccc3)cc1,3.19,3.0735186666666694,-0.11648133333333055
300,train,Oc1ccc(CCNCCCS(=O)(=O)NCCOCCc2cccc(Cl)c2)c3sc(O)nc13,1.92,2.0148,0.09480000000000022
1399,train,OC(=O)c1[nH]c2cc(Cl)cc(Cl)c2c1\C=C\C(=O)Nc3ccccc3,1.52,1.8690100000000005,0.3490100000000005
3423,train,COc1cc(F)ccc1c2cncc(CNC(=O)C3CCC3)c2,3.2,3.024663333333332,-0.17533666666666825
3387,train,CN[C@@H](C)C(=O)N[C@@H](C1CCCCC1)C(=O)N[C@H]2CCCCN(Cc3ccccc3)C2,2.12,2.0431000000000004,-0.07689999999999975
837,train,NC1(CCC1)c2ccc(cc2)c3c(ncc4nccn34)c5ccccc5,1.7,1.6643895238095228,-0.03561047619047719
3747,train,COc1ccc(Nc2ccccc2C(=O)O)cc1,1.2,1.5208599999999999,0.3208599999999999
2445,train,CC(C)c1ccc2[nH]c3CCN(Cc3c2c1)C(=O)[C@@H]4CCCC[C@H]4C(=O)NC5(CC5)C#N,4.1,3.4256533333333383,-0.6743466666666613
2293,train,CC(=O)Nc1cccc(Nc2nc(NC3CC3)n4ncc(C#N)c4n2)c1,2.1,2.3141209999999988,0.21412099999999867
571,train,Oc1c(I)cc(I)c2cccnc12,2.19,2.13759,-0.05241000000000007
3878,train,COCCOc1ccc(cc1)c2cc(C(=O)N)c(NC(=O)N)s2,2.34,2.1010600000000004,-0.2389399999999995
458,train,CCCSc1nc2ccc(NC(=O)CCC(=O)O)cc2s1,0.5,0.8925133333333419,0.39251333333334193
1758,train,COc1ccccc1OCC(O)CO,0.24,0.7514199999999933,0.5114199999999933
63,train,COc1cccc(c1)c2c[nH]c(n2)c3ccccc3,3.8,3.500306666666664,-0.29969333333333603
3267,train,Nc1nc(N)c2cc(Br)ccc2n1,1.78,1.9024399999999984,0.12243999999999833
1990,train,C(Nc1nc2ccccc2[nH]1)c3ccccc3,2.76,2.8456200000000016,0.0856200000000018
3061,train,NC(=O)c1c(N)sc2CCCCc12,1.84,1.7718333333333336,-0.06816666666666649
366,train,Oc1cc(ccc1NC(=O)Nc2ccccc2Br)[N+](=O)[O-],3.9,3.4208800000000052,-0.47911999999999466
3972,train,C[C@@H]1CN(CCN1c2ncc(OCc3ccncc3C#N)cn2)c4noc(n4)C(F)(F)F,3.95,3.5209799999999927,-0.4290200000000075
1771,train,CC#Cc1cncc(c1)c2cccc(c2)C3(N=C(C)C(=N3)N)C4CC4,3.3,3.1529599999999975,-0.14704000000000228
1179,train,CC(=O)NC[C@H]1CN(C(=O)O1)c2ccc(N3Cc4cccnc4C3)c(F)c2,2.88,2.5078199999999997,-0.3721800000000002
296,train,CC(C)C(=O)Nc1nc(cc2ccccc12)c3ccccn3,2.7,2.838086666666668,0.13808666666666802
1116,train,OC(=O)c1ccc(cc1)c2nnn(Cc3ccccc3F)n2,0.3,1.137439999999994,0.837439999999994
2094,train,CCN(C)C(=O)c1ccc(cc1)[C@@H](N2CCN(Cc3cccnc3)CC2)c4cccc(NC(=O)C5CCC5)c4,3.27,3.085490000000004,-0.18450999999999596
1892,train,Cc1cccc(n1)c2nc3cc(Cl)ccc3[nH]2,4.1,3.6147000000000054,-0.4852999999999943
952,train,O=C(NC1(CC1)C#N)[C@@H]2CCCC[C@H]2C(=O)N3CCc4[nH]c5ccccc5c4C3,2.66,2.6964800000000024,0.03648000000000229
3152,train,CC[C@H](CO)Nc1nc(SCc2ccccc2)nc3nc(N)sc13,3.27,3.195033333333333,-0.07496666666666707
2900,train,Cc1oc2C=NN(B(O)c2c1)S(=O)(=O)c3ccc(C)cc3,-0.28,0.3257800000000053,0.6057800000000053
547,train,Oc1ccc(cc1)c2ccc3cc(O)ccc3c2,4.0,3.612283333333325,-0.3877166666666749
307,train,CC[C@H](NC(=O)c1c(CN(C)C)c(nc2ccccc12)c3ccccc3)c4ccccc4,4.18,3.711946666666673,-0.46805333333332655
191,train,Nc1nc(Nc2ccc(F)c(Cl)c2)c3nc[nH]c3n1,2.75,2.5360799999999997,-0.21392000000000033
2619,train,COc1cccc(n1)N(C)c2ccnc(Nc3cc(cc(c3)N4CCOCC4)N5CCOCC5)n2,3.37,3.244739999999993,-0.12526000000000703
2677,train,C[C@H](c1c[nH]cn1)c2cccc(C)c2C,2.79,2.4835133333333315,-0.3064866666666686
2937,train,CCC[C@H](CO)Nc1nc(SCc2ccccc2)nc3nc(N)sc13,3.8,3.6131786666666663,-0.1868213333333335
3494,train,FC(F)(F)c1nn(cc1C(=O)NCCNC(=O)c2ccc(Cl)cn2)c3ccccc3,3.8,3.3567733333333294,-0.44322666666667043
2368,train,OCc1ccc2ccn(c3cc(NC4CC4)n5ncc(C#N)c5n3)c2c1,3.09,2.874429999999998,-0.21557000000000182
407,train,O[C@H](CNC(=O)N1C(=O)Nc2ccccc12)CN3CCC(CC3)Oc4ccc(Cl)c(Cl)c4,4.46,3.8574866666666665,-0.6025133333333335
3952,train,COc1cc(OC)c(cc1NC(=O)\C=C\C(=O)O)S(=O)(=O)N2c3ccccc3Oc4ccccc24,-0.71,0.2747799999999936,0.9847799999999935
244,train,COc1cc(O)cc2OC=C(C(=O)c12)c3ccc(O)cc3,2.0,2.286526666666667,0.28652666666666704
2042,train,OC(CCN1CCCCC1)(C2CC3CC2C=C3)c4ccccc4,2.49,2.504530000000001,0.014530000000000598
1235,train,CN1CCN(CC1)C(=O)c2cc3cc(Cl)ccc3[nH]2,2.4,2.5588199999999985,0.15881999999999863
747,train,Cc1c(Cl)ccc(OC2CCN(C[C@H](O)CNC(=O)C3=CNC(=O)c4cc(ccc34)S(=O)(=O)C)CC2)c1Cl,2.83,2.770600000000002,-0.0593999999999979
1356,train,C[C@H]1O[C@H]([C@H](O)[C@@H]1O)n2cnc3c(N)nc(OC(C4CC4)C(F)(F)F)nc23,1.83,1.7730200000000012,-0.05697999999999892
1277,train,O[C@H](CNS(=O)(=O)c1cccc(c1)C#N)CN2CCC(CC2)Oc3ccc(Cl)c(Cl)c3,3.42,3.1826942857142795,-0.23730571428572045
1730,train,CCOC(=O)c1ccc(OCCC2CCN(CC2)c3ccc(C)nn3)cn1,2.63,2.480459999999998,-0.14954000000000178
1566,train,CC(C)CC(N1NC(=O)c2nc3cc(Cl)ccc3c(O)c2C1=O)c4ccccn4,1.83,1.6058200000000018,-0.22417999999999827
2223,train,CN(C)c1nc(nc(n1)N(C)C)N(C)C,2.44,2.31656,-0.12344
2383,train,CC(C)(C)NS(=O)(=O)c1cncc(c1)c2ccc3nc(NC(=O)NCC(=O)N4CCCC4)nn3c2,1.37,1.433619999999996,0.06361999999999579
2927,train,CNC(=O)c1ccc(Nc2nccc(n2)c3cnc(C)n3C(C)C)cc1F,2.95,2.948204000000004,-0.001795999999996134
1777,train,COc1cc(F)ccc1c2cncc(CNC[C@@H]3CCCO3)n2,2.0,2.0331333333333337,0.03313333333333368
4080,train,CN[C@@H](C)C(=O)N[C@H](C(=O)N1CC[C@H]2CC[C@H](NC(=O)c3cccc4ccccc34)[C@@H]12)C(C)(C)C,1.94,1.9477799999999983,0.007779999999998344
317,train,CS(=O)(=O)NCC(NC(=O)C1(N)CCN(CC1)c2ncnc3[nH]ccc23)c4ccc(Cl)cc4,2.1,2.1494900000000006,0.04949000000000048
1795,train,O[C@@H]1CNC[C@H]1N2C=Cc3c(NC(=O)Cc4ccc(F)c(c4)C(F)(F)F)cccc3C2=O,1.33,1.694189999999999,0.3641899999999989
1980,train,CCN(CC)CCOCCOC(=O)C1(CCCC1)c2ccccc2,1.33,1.3998300000000028,0.06983000000000272
3944,train,OC(=O)c1[nH]c2ccccc2c1CC(=O)Nc3cccc(c3)C(F)(F)F,1.33,1.8775799999999994,0.5475799999999993
1734,train,Fc1cccc(c1F)c2cncc(CNCC3CC3)n2,1.82,2.0446933333333326,0.22469333333333252
1258,train,COCCC(=O)N(C)c1ccc(Nc2ncc3cc(ccc3n2)c4ccncc4)cc1,3.23,3.081092333333326,-0.14890766666667377
1013,train,COCCCNS(=O)(=O)c1ccc(Nc2nccc(n2)c3cnc4ccccn34)cc1,3.41,3.0466399999999982,-0.3633600000000019
4099,train,CN(C)CCC[C@]1(OCc2cc(ccc12)C#N)c3ccc(F)cc3,1.48,1.6071776507936504,0.1271776507936504
209,train,Cc1ccc(cc1)c2cccc(c2)c3nn[nH]n3,1.3,1.5384199999999977,0.23841999999999763
3553,train,CN[C@@H](C)C(=O)N[C@@H](C1CCCCC1)C(=O)N[C@H]2CCN(CCCc3ccccc3)C2,1.9,1.9720799999999996,0.0720799999999997
3505,train,CC(NC(=O)C1(N)CCN(CC1)c2ncnc3[nH]ccc23)c4ccc(cc4)S(=O)(=O)C,1.0,1.4350496428571413,0.4350496428571413
2284,train,FC(F)(F)c1cc(CO[C@H]2CCCN[C@H]2c3ccccc3)cc(c1)C(F)(F)F,3.6,3.0261883333333333,-0.5738116666666668
3841,train,Clc1ccccc1CN2CCc3sccc3C2,3.46,3.205896666666672,-0.2541033333333278
3122,train,CC(C)C(NC(=O)CN1C(=O)C(=CC=C1c2ccccc2)NC(=O)C)C(=O)C(F)(F)F,1.78,1.7543999999999986,-0.0256000000000014
505,train,O[C@@H](CNCCc1cccc(CN2CCC(CC2)c3ccccc3)c1)c4ccc(O)c5NC(=O)Sc45,1.99,1.542573333333337,-0.4474266666666631
2904,train,COC(=O)c1ccc(cc1)C(C)N2NC(=O)C3=C(C2=O)C(=O)c4ccc(Cl)cc4N3,1.3,1.4490399999999983,0.14903999999999828
503,train,CCN(C1CCN(CCC(c2ccccc2)c3ccccc3)CC1)C(=O)NCc4ccccc4,4.0,3.7798599999999904,-0.22014000000000955
2358,train,Oc1ccc(cc1)c2ccc(cc2)C3(O)CN4CCC3CC4,0.95,1.3767600000000015,0.4267600000000016
1678,train,Cc1ccc2c(c1)c(Sc3cccc(Cl)c3)c(C)n2CC(=O)O,1.85,1.7986600000000006,-0.0513399999999995
301,train,NC12CC3CC(CC(C3)C1)C2,-0.98,-0.22998000000001362,0.7500199999999864
1937,train,OC(CN1CCOCC1)c2ccccc2,1.0,1.4905000000000002,0.49050000000000016
2672,train,COc1ccccc1Oc2ccc(cc2)N(Cc3cccnc3)S(=O)(=O)CC(F)(F)F,1.5,1.873534333333334,0.3735343333333341
3345,train,CN[C@@H](C)C(=O)N[C@@H](C1CCCCC1)C(=O)N(C)[C@H]2CCCN(CCc3ccccc3)C2,2.34,2.333803999999999,-0.0061960000000009785
220,train,Nc1ccccc1NC(=O)c2ccc(cc2)C3CCN(Cc4ccc(cc4)C(=O)NC5CC5)CC3,2.31,2.0822599999999998,-0.22774000000000028
3523,train,C[C@H](CO)Nc1nc(SCc2cccc(F)c2F)nc3nc(C)cnc13,3.55,3.4561199999999923,-0.09388000000000751
3489,train,CO[C@H]1CN(CCCOc2ccc(F)cc2)CC[C@H]1NC(=O)c3cc(Cl)c(N)cc3OC,3.56,2.9934266666666653,-0.5665733333333347
1814,train,NC(=O)c1cncc(O[C@H]2C[C@H]3CC[C@@H](C2)N3Cc4ccccc4)n1,1.1,1.1942200000000018,0.09422000000000175
3614,train,Cc1cc(CNc2ncc(Br)c(Nc3cc([nH]n3)C4CC4)n2)on1,3.43,3.3883799999999926,-0.04162000000000754
3946,train,C[C@H]1CN(Cc2cc(Cl)ccc2OCC(=O)O)CCN1C(=O)Cc3cccc(Cl)c3,0.78,0.6978600000000046,-0.08213999999999544
192,train,CCCSc1nc(N[C@@H]2C[C@H]2c3ccccc3)c4nnn([C@@H]5C[C@H](O)[C@@H](O)[C@H]5O)c4n1,3.97,3.877786666666672,-0.09221333333332815
3041,train,[O-][N+](=O)c1ccc2[nH]c(nc2c1)c3ccccn3,2.8,2.7199200000000006,-0.08007999999999926
2130,train,CCN1CCOC(C1)C(=O)N2CCN(CC2)C(=O)Nc3ccc(Cl)c(Cl)c3,2.1,2.107453333333334,0.007453333333333756
1167,train,Cc1onc(C(=O)N)c1C(=O)Nc2nccs2,1.63,1.4233899999999946,-0.2066100000000053
1243,train,COc1cc(ccc1C2CC2)N3CCN([C@H](C)C3)C(=O)[C@@H]4CCCC[C@H]4C(=O)NC5(CC5)C#N,3.49,3.0624366666666667,-0.4275633333333335
1065,train,C[C@@H](Oc1cc(cnc1N)c2cnn(c2)C3CCNCC3)c4c(Cl)ccc(F)c4Cl,2.33,2.307789333333332,-0.022210666666667933
1095,train,CCc1c(C(=O)C(=O)N)c2c(OCC(=O)N)cccc2n1Cc3ccccc3,2.1,2.015979999999999,-0.0840200000000011
578,train,COc1cc(ccc1Cn2ccc3ccc(NC(=O)OC4CCCC4)cc23)c5nn[nH]n5,2.7,2.572380000000001,-0.12761999999999896
1090,train,CSc1ccc(OCc2ccccc2)c(c1)C(=O)Nc3ccc(cn3)C(=O)O,1.6,1.9853800000000004,0.3853800000000003
1835,train,CCN(C)C(=O)c1ccc(cc1)C(=C2CCN(Cc3ccc(F)cc3)CC2)c4ccccc4NC(=O)C,2.79,2.837600000000001,0.047600000000000975
988,train,CC(C)n1c(C)ncc1c2ccnc(Nc3ccc(cc3)C(=O)N)n2,2.39,2.4508999999999985,0.0608999999999984
1798,train,CCN(C1CCN(CC[C@H](C2CCN(CC2)S(=O)(=O)C(F)(F)F)c3ccccc3)CC1)C(=O)Cc4ccc(cc4)S(=O)(=O)C,3.39,2.9336799999999976,-0.4563200000000025
2312,train,CC(N1NC(=O)C2=C(C1=O)C(=O)c3ccc(Cl)cc3N2)c4oc5ccccc5c4,2.1,1.9769999999999985,-0.12300000000000155
849,train,CN1CCN(CC1)S(=O)(=O)c2ccc(c3cnc(N)c(n3)C(=O)Nc4cccnc4)c(c2)C(F)(F)F,3.25,2.9995900000000035,-0.25040999999999647
1986,train,COc1cc2ncnc(Nc3cccc(C)c3)c2cc1OC,3.5,3.4203799999999918,-0.07962000000000824
4091,train,Fc1cccc(Nc2oc(nn2)C(=O)Nc3ccc(nc3)N4CCOCC4)c1,3.2,3.1354199999999994,-0.06458000000000075
345,train,CN1CCN(CC1)c2cc(F)cc3C(=O)C=C(Nc23)C(=O)Nc4ccc(cc4)N5CCOCC5,2.7,2.4769933333333345,-0.2230066666666657
1108,train,CCCN(CCC)C(=O)c1cccc(c1)C(=O)N[C@@H](Cc2ccccc2)[C@H](O)CNCc3cccc(OC)c3,2.7,2.7085300000000014,0.008530000000001259
3833,train,CN(CCOc1ccccc1c2cc(C(=O)N)c(NC(=O)N)s2)Cc3ccccc3,3.46,2.858984000000004,-0.601015999999996
1572,train,CCC(=O)O[C@H]1CC[C@H]2[C@@H]3CCC4=CC(=O)CC[C@]4(C)[C@H]3CC[C@]12C,3.3,3.191299999999995,-0.10870000000000468
597,train,Cc1ccc2c(c1)c(c(C)n2CC(=O)O)c3ccnc4c(F)cccc34,0.53,0.7481266666666697,0.2181266666666697
3708,train,OC(c1ccccc1)c2ccc3C(=O)C=C(Nc3c2)c4cccnc4,2.27,2.2501999999999995,-0.019800000000000484
203,train,C[C@@H](NC(=O)[C@H]1CCCCN1)c2ccc(Nc3ncc4cc(ccc4n3)c5ccncc5)cc2,2.15,2.4623124761904744,0.31231247619047453
3219,train,CCCCc1nc2c(N)nc3ccccc3c2n1CC(C)C,3.82,3.2675559999999946,-0.5524440000000053
2307,train,Cc1c(Cl)ccc(OC2CCN(C[C@H](O)CNC(=O)C3=CNC(=O)C=C3C(F)(F)F)CC2)c1Cl,3.14,3.1117200000000054,-0.028279999999994754
1828,train,CCS(=O)(=O)c1ccc(c(C)c1)c2cc(Cl)ccc2OCC(=O)O,-0.65,-0.48495999999997874,0.16504000000002128
4006,train,Cc1ccc(cc1NC(=O)c2ccc(OCc3ccccn3)cc2)c4nc5ccccc5[nH]4,3.24,3.123479999999998,-0.11652000000000218
4063,train,Cn1cc(cc1c2c3C(=O)N(CC#C)C(=O)N(CC4CC4)c3nn2Cc5ccnc6ccc(Cl)cc56)C#N,3.96,3.778500000000009,-0.1814999999999909
3687,train,c1ccc(cc1)c2cn3ccccc3n2,2.9,2.8186533333333315,-0.08134666666666845
1702,train,CCCNC(=O)NS(=O)(=O)c1ccc(Cl)cc1,-0.33,0.27103833333332905,0.6010383333333291
2772,train,Cc1nc(CSc2ccc(Cl)cc2)cc(n1)N3CCOCC3,3.38,3.1610800000000063,-0.21891999999999356
1447,train,CC(C)Cc1ccc(cc1)[C@@H](C)C(=O)NS(=O)(=O)C,0.51,0.7080187142857131,0.19801871428571305
724,train,O[C@@H](CNCCSCCCOCCc1ccccc1)c2ccc(O)c3NC(=O)Sc23,2.54,2.1245200000000004,-0.4154799999999996
2313,train,Cc1cc(CNc2nccc(Nc3cc(C)[nH]n3)n2)on1,1.86,2.059821333333333,0.19982133333333274
510,train,FC(F)(F)COc1ccc(OCC(F)(F)F)c(c1)C(=O)NCC2CCCCN2,1.13,1.5689800000000034,0.4389800000000035
3633,train,CN1CCN(CC1)c2nc3ccccc3cc2Cn4nc(c5ccc6nc(N)sc6c5)c7c(N)ncnc47,3.09,3.0407559999999982,-0.04924400000000162
2939,train,CNC(=O)C1(CCN(CC[C@H](CN(C)C(=O)c2c(OC)c(cc3ccccc23)C#N)c4ccc(Cl)c(Cl)c4)CC1)N5CCCNC5=O,2.2,2.255211666666667,0.05521166666666666
1776,train,Fc1ccc(N2CCN(CC2)C(=O)COCc3ccncc3)c(Cl)c1,2.63,2.7815533333333353,0.15155333333333543
3400,train,C[C@@](O)(C(=O)Nc1ccc(cc1Cl)S(=O)(=O)NCCCO)C(F)(F)F,2.1,2.244355,0.144355
3657,train,CC1=C(Cc2ccccc2)C(=O)n3nc(NCc4cccc(Cl)c4)nc3N1,3.6,3.4338800000000003,-0.16611999999999982
3462,train,CS(=O)(=O)c1ccc(cc1Cl)[C@@H](CC2CCCC2)C(=O)Nc3cnc(cn3)[C@H](O)CO,2.58,2.6799756666666643,0.09997566666666424
2653,train,OC(=O)CN1C(=O)C(Cc2ccccc12)NC(=O)c3cc4sc(Cl)c(Cl)c4[nH]3,0.67,0.9233999999999929,0.25339999999999285
684,train,O[C@@H](CNCCCCCCCCCN1CCC(CC1)OC(=O)Nc2ccccc2c3ccccc3)c4ccc(O)c5NC(=O)C=Cc45,2.16,2.2158700000000002,0.055870000000000086
2424,train,Cc1nnc2CN=C(c3ccccc3)c4cc(Cl)ccc4n12,1.98,2.2336566666666666,0.25365666666666664
564,train,CC(C)CN1C(=O)N(C)C(=O)c2c1sc(Cc3ccccc3C(F)(F)F)c2C(=O)N4CC(C)(O)C4,3.18,3.259787999999993,0.07978799999999264
3564,train,O=C1C=C(Nc2ccccc12)c3occc3,2.21,2.2199199999999997,0.009919999999999707
2078,train,CNS(=O)(=O)c1ccc2C(=CNC(=O)c2c1)C(=O)NC[C@@H](O)CN3CCC(CC3)Oc4ccc(Cl)c(Cl)c4,2.77,2.8197599999999996,0.04975999999999958
217,train,CC(C)CN1C(=O)N(C)C(=O)c2c1sc(Cc3c[nH]c4ccccc34)c2C(=O)N5CC[C@@H](O)C5,2.35,2.19244,-0.15756000000000014
1837,train,CCCc1nc2c(C)cc(cc2n1Cc3ccc(cc3)c4ccccc4C(=O)O)c5nc6ccccc6n5C,2.21,1.9975066666666657,-0.2124933333333343
1904,train,CCN(C1CCCCC1)C(=O)c2cnn(c2NS(=O)(=O)c3ccc(cc3)c4ocnc4)c5ccccc5,1.46,1.491499999999999,0.03149999999999897
228,train,O=C(CCc1ccccc1)c2ccccc2,3.77,3.314360000000005,-0.45563999999999494
687,train,O=C(NC1CCCCC1)c2cccnc2Sc3ccccc3,3.01,2.9550916666666716,-0.05490833333332823
2760,train,CNC(=O)c1ccc(Nc2ncc(F)c(n2)c3cnc(C)n3C(C)C)cc1F,3.31,3.1913173333333287,-0.11868266666667138
2048,train,O=S1NC(=NO1)Cc2ccc3ccccc3c2,1.85,2.1252473333333337,0.2752473333333336
3969,train,Cc1c(Cl)ccc(OC2CCN(CC3CCN(CC3)[C@@H](Cc4ccc(F)cc4)C(=O)O)CC2)c1Cl,3.15,2.8890000000000016,-0.26099999999999834
344,train,Cc1ccc(cc1NC(=O)c2cnn(c2N)c3ccccc3F)C(=O)Nc4ccon4,2.6,2.4900199999999972,-0.10998000000000285
1851,train,Nc1nc2nc(cc(n2n1)C(F)(F)F)c3cccs3,2.01,1.9734200000000004,-0.03657999999999939
259,train,NC1(CCC1)c2ccc(cc2)c3nn4cccc4cc3c5ccccc5,3.3,2.9364533333333336,-0.36354666666666624
3043,train,CSc1ccc(cc1)C(=O)C(C)(C)N2CCOCC2,3.49,3.0575333333333323,-0.4324666666666679
197,train,Fc1ccc(cc1)S(=O)(=O)NC(=O)N2CCC(CC2)N3CCC(CC3)Oc4ccc(Cl)c(Cl)c4,1.79,1.8408200000000008,0.05082000000000075
3323,train,COc1cccc(c1OC)c2ccc(\C=C\3/SC(=S)N([C@@H](Cc4ccccc4)C(=O)O)C3=O)cn2,1.5,1.7762206666666662,0.2762206666666662
736,train,Fc1ccc(cc1)C(=O)C2CCN(CCN3C(=O)Nc4ccccc4C3=O)CC2,2.9,2.8072899999999983,-0.09271000000000162
19,train,CO[C@H]1CN(CCN2C(=O)C=Cc3ccc(cc23)C#N)CC[C@H]1NCc4ccc5OCC(=O)Nc5n4,0.32,0.45699266666666083,0.13699266666666082
2990,train,Clc1ccc(cc1)S(=O)(=O)NC(=O)N2CCC(CC2)N3CCC(CC3)Oc4ccc(Cl)c(Cl)c4,2.59,2.2048,-0.38519999999999976
2481,train,CC1=C(OCc2ccc(F)cc2)C(=O)C=CO1,1.91,2.1036599999999996,0.19365999999999972
2731,train,O=C(NCC12CC3CC(CC(C3)C1)C2)c4ccccc4,4.21,3.874965000000011,-0.33503499999998887
4115,train,Cc1c(Sc2ccc(Cl)cc2)c3c(C#N)c(Cl)ccc3n1CC(=O)O,1.6,1.6482066666666624,0.04820666666666229
785,train,CC(C)NCC(O)COc1cccc2[nH]ccc12,-0.12,0.3288720000000074,0.4488720000000074
112,train,OC(C(=O)c1ccc(F)cc1)c2ccc(F)cc2,2.49,2.451253333333335,-0.03874666666666515
1613,train,CCN(C1CCN(CCC(C2CCN(CC2)S(=O)(=O)CC)c3ccccc3)CC1)C(=O)Cc4ccc(cc4)S(=O)(=O)C,1.63,1.8958400000000013,0.2658400000000014
287,train,O[C@@H](CNCCSCCCNCCc1ccccc1)c2ccc(O)c3NC(=O)Sc23,0.12,0.5552613333333449,0.43526133333334494
3601,train,CCCCn1c(Cc2cc(OC)c(OC)c(OC)c2)nc3c(N)ncnc13,2.39,2.2627,-0.12729999999999997
99,train,CCN(CCN(C)C)S(=O)(=O)c1ccc(cc1)c2cnc(N)c(n2)C(=O)Nc3cccnc3,2.0,2.0960400000000003,0.09604000000000035
3153,train,C[C@H](NC(=O)c1c(C)nn(c1NS(=O)(=O)c2ccc(cc2)C(F)(F)F)c3ccc(F)cc3)C(C)(C)C,2.35,1.8493120000000014,-0.5006879999999987
1598,train,CCOC(=O)Nc1cccc(c1)[C@H](N2CCN(Cc3c[nH]c(C)n3)CC2)c4ccc(cc4)C(=O)N(C)CC,2.11,2.203485,0.09348500000000026
1967,train,Cn1c(CN2CCN(CC2)c3cccc(Cl)c3)nc4ccccc14,3.75,3.5047999999999933,-0.24520000000000675
3873,train,FC(F)(F)Oc1ccc2OCC(=O)N(CCN3CCC(CC3)NCc4ccc5OCC(=O)Nc5n4)c2c1,1.82,1.425993333333331,-0.39400666666666906
2248,train,CN(c1cccc(CO)c1)c2ccnc(Nc3cc(cc(c3)N4CCOCC4)N5CCOCC5)n2,2.6,2.82892,0.22892
3879,train,C[C@H](NC1=NC(=O)[C@](C)(S1)C(F)(F)F)c2ccccc2F,3.1,3.0362239999999936,-0.0637760000000065
2806,train,CN[C@@H](C)C(=O)N[C@@H](C1CCCCC1)C(=O)N[C@H]2CCCN(CCc3ccccc3F)C2,2.51,2.392080000000001,-0.11791999999999891
1546,train,CC(C)n1c(C)ncc1c2nc(Nc3ccc(cc3)C(=O)N)ncc2F,2.7,2.689840000000001,-0.010159999999999059
4107,train,CC(C)C(NC(=O)CN1C(=O)C(=CN=C1c2cc(F)cc(F)c2)N)C(=O)C(F)(F)F,1.38,1.3258999999999983,-0.05410000000000159
1123,train,CCCCNC(=O)NS(=O)(=O)c1ccc(C)cc1,0.44,0.5099133333333314,0.06991333333333144
3960,train,CN(c1ccc(c(Cl)c1)c2cc(F)ccc2OCC(=O)O)S(=O)(=O)C,-1.17,-0.8768799999999879,0.29312000000001204
1595,train,Cc1ccc(cc1)S(=O)(=O)NC(=O)N2CCC(CC2)N3CCC(CC3)Oc4ccc(F)c(F)c4,0.75,1.2372999999999932,0.4872999999999932
2611,train,CN1CCN(Cc2ccc(cc2)C(=O)Nc3ccc(C)c(Nc4nccc(n4)c5cccnc5)c3)CC1,2.5,2.477419999999998,-0.02258000000000182
1659,train,Cc1cc(CNc2ncc(Br)c(Nc3cc(C)[nH]n3)n2)on1,2.92,2.676666666666666,-0.24333333333333407
4075,train,CCOc1ccc(cc1)c2cnc3CCCCCn23,3.01,2.8478933333333374,-0.1621066666666624
1686,train,Clc1ccc(OC2CCN(CC2)C3CCN(CC3)C(=O)c4ccc(cc4)C5=NOC(=O)N5)cc1Cl,2.24,2.2481400000000002,0.008140000000000036
4178,train,OC(=O)[C@H](Cc1ccc(cc1)N2CCN(CC2)c3ccccc3)NC(=O)c4c(Cl)cccc4Cl,0.08,0.3296599999999885,0.2496599999999885
1524,train,Cn1cnc(c2ccccc2)c1\C=C\c3ccnc(N)n3,2.61,2.466419999999999,-0.14358000000000093
714,train,COc1cc2nnc(C(=O)N)c(Nc3ccc(C)cc3F)c2cc1N4CCN(C)CC4,2.36,2.418619999999998,0.05861999999999812
1187,train,COc1cc(ccc1Nc2ncc(Cl)c(n2)c3cnc4ccccn34)N5CCN(CC5)C(=O)N,3.3,3.243033333333329,-0.05696666666667083
3888,train,COc1ccc(cc1OC)C(=O)Nc2cccc(NC(=O)c3cccc(c3)N(C)C)c2,3.67,3.3576199999999945,-0.31238000000000543
2862,train,CCCSc1nc(ccc1C(=O)NC2CCCCC2)N3CCC(CC3)C(=O)O,1.6,1.8174199999999985,0.2174199999999984
3783,train,COc1ccccc1C(=O)Nc2ccc(C)c(c2)N3C=Nc4ccc(cc4C3=O)N5CCN(C)CC5,2.93,2.780066666666665,-0.14993333333333503
828,train,COCCNC(=O)c1ccc(Nc2ncc3cc(ccc3n2)c4ccncc4)cc1C,2.78,2.8549016666666627,0.07490166666666287
3375,train,OC(=O)c1ccc2[nH]c(nc2c1)C(F)(F)F,-1.08,0.3166999999999911,1.3966999999999912
2802,train,CN(C(CN1CCCC1)c2ccccc2)C(=O)Cc3ccc(Cl)c(Cl)c3,3.38,3.2173586666666676,-0.1626413333333323
3040,train,CN1C(=O)CC(C1=O)c2ccccc2,0.68,1.2133399999999956,0.5333399999999956
1648,train,COc1ccc(Cc2nccc3cc(OC)c(OC)cc23)cc1OC,2.81,2.5717799999999995,-0.23822000000000054
1354,train,CN(C)c1ccnc2sc3C(=O)N(C=Nc3c12)c4ccccc4,2.34,2.3089333333333317,-0.03106666666666813
858,train,CC[S+]([O-])c1ncccc1C2(O)CCN(CC34CC(c5ccccc35)c6ccccc46)CC2,2.0,2.0953800000000005,0.09538000000000046
2966,train,Cc1ncsc1CCOCCCS(=O)(=O)CCNCCc2ccc(O)c3nc(O)sc23,1.44,1.7435199999999973,0.30351999999999735
471,train,NC(=O)c1cnc(N[C@H]2CCCNC2)c3cc(sc13)c4ccc(F)c(Cl)c4,2.94,2.733846666666663,-0.20615333333333696
2514,train,Clc1ccc(OC2CCN(CC2)C3CCN(CC3)C(=O)NS(=O)(=O)c4ccccc4)cc1Cl,1.5,1.6676399999999973,0.16763999999999735
3976,train,C[C@H](CO)Nc1nc(SCc2ccccc2F)nc3NC(=O)Sc13,3.0,3.0239200000000013,0.023920000000001274
215,train,O=C(NCCSCc1ccccc1)c2ccccc2,3.3,2.8891537142857153,-0.4108462857142845
1747,train,O[C@]1(CN2CCC1CC2)C#Cc3ccc(Oc4ccc(cc4)C(=O)NCc5ccncn5)cc3,1.78,1.840455666666667,0.06045566666666691
856,train,CCOC(=O)[C@H](Cc1ccc(cc1)[N+](=O)[O-])NC(=O)c2ccccc2,2.79,2.3478700000000003,-0.4421299999999997
303,train,O=C1Nc2ccccc2C(=O)C=C1,1.02,1.5085266666666652,0.4885266666666652
2992,train,COc1cc(Nc2nccc(Oc3cnc4ccccc4c3)n2)cc(OC)c1OC,3.41,3.333919999999998,-0.07608000000000192
2781,train,Cc1ccc(NC(=O)[C@H]2CCCN2S(=O)(=O)c3cccc4cccnc34)c(C)c1,3.9,3.3591100000000047,-0.5408899999999952
1024,train,C[C@@H](NC(=O)c1cccnc1Oc2ccccc2)c3ccccc3,3.14,2.994376428571428,-0.14562357142857207
780,train,CCCC(=O)N1CCN(CC1)c2nnc(c3ccccc3)c4ccccc24,3.2,2.925675999999998,-0.27432400000000223
3359,train,CC[C@H](C)[C@@H](CO)NS(=O)(=O)c1ccc(Cl)s1,2.7,2.5606333333333344,-0.13936666666666575
4166,train,NC1(CCN(CC1)c2ncnc3[nH]ccc23)C(=O)NC(CO)c4ccc(Cl)cc4,2.4,2.388175,-0.011824999999999974
4113,train,Nc1n[nH]c2ncc3CCCCCCc3c12,2.54,2.2251350000000003,-0.31486499999999973
1353,train,COc1cc(ccc1OCCN2CCCC2)N3C=Nc4cc(sc4C3=O)c5ccc(Cl)cc5,2.74,2.6142799999999977,-0.1257200000000025
2801,train,CC(C)(C)NC[C@H](O)COc1nsnc1N2CCOCC2,-0.22,0.6878693333333283,0.9078693333333283
2452,train,COc1cc(F)ccc1c2cncc(CNC3CCC3)n2,2.23,2.1144333333333334,-0.1155666666666666
2292,train,CNc1ccc2ncc(c3cccc(O)c3)n2n1,2.99,2.7440680000000013,-0.24593199999999893
1861,train,C[C@H](NC(=O)c1c(C)nn(C2CCSCC2)c1NS(=O)(=O)c3ccc(C)cc3)C(C)(C)C,1.29,1.1949000000000052,-0.09509999999999486
312,train,CCOc1ccc2oc(C(=O)NC(CCSC)c3nc4ncccc4[nH]3)c(C)c2c1,4.23,3.863340000000006,-0.3666599999999942
3404,train,COc1cc2ncc(C(=O)N)c(Nc3cc(F)ccc3F)c2cc1OC,2.9,2.858615999999998,-0.041384000000002086
1903,train,CCOC(=O)c1ccc(N)cc1,1.83,1.7799440000000009,-0.05005599999999921
2775,train,Clc1ccc(cc1Cl)[C@]23CNC[C@H]2C3,1.96,1.885225666666664,-0.07477433333333594
1474,train,C(Cc1ccccc1)NCc2ccccc2,1.65,1.703099999999999,0.05309999999999904
1143,train,COc1cc(Nc2nc(N[C@@H](C)c3ncc(F)cn3)ncc2Cl)n[nH]1,2.53,2.53456,0.0045600000000001195
2924,train,Clc1ccc2nc(ccc2c1C(=O)NCC34CC5CC(CC(C5)C3)C4)N6CCC[C@@H](C6)NCCc7nnn[nH]7,3.08,2.770760000000001,-0.30923999999999907
3675,train,CCOC(=O)c1cnc2c(N)cccc2c1O,0.9,1.2036800000000059,0.30368000000000583
2041,train,CNC[C@H](O)c1ccc(Cl)c(c1)C(=O)NCC23CC4CC(CC(C4)C2)C3,1.41,1.5772600000000039,0.16726000000000396
2762,train,CN[C@H]1CCN(C1)C(=O)c2ccc(Nc3nccc(n3)c4cnc(C)n4C(C)C)cc2,1.22,1.6198000000000028,0.3998000000000028
2798,train,CCO[C@@H]1OC(=O)C[C@@H]1NC(=O)[C@@H]2CCCN3N2C(=O)[C@H](CCC3=O)NC(=O)c4nccc5ccccc45,1.16,1.6133133333333345,0.45331333333333457
2030,train,CN[C@@H](C)C(=O)N[C@H](C(=O)N[C@H]1CCCN(C1)S(=O)(=O)c2ccccc2)C(C)(C)C,0.9,1.1285000000000065,0.22850000000000648
165,train,Cc1c(Sc2ccc(Cl)cc2)c3c(NS(=O)(=O)C)cccc3n1CC(=O)O,0.21,0.05436000000001373,-0.15563999999998626
1729,train,COc1cc(OC)c(cc1NC(=O)CCc2nn[nH]n2)S(=O)(=O)N3C(C)CCc4ccccc34,-0.34,0.5011399999999895,0.8411399999999896
1385,train,Cc1ccc2c(c1)c(Sc3ccccc3)c(CC(=O)O)n2C,1.74,1.6279000000000017,-0.11209999999999831
2675,train,Clc1ccc(N2CCN(CC2)C(=O)COCc3ccccn3)c(Cl)c1,3.47,3.2889233333333356,-0.18107666666666455
3684,train,CCc1cccc(CC)c1NC(=O)N2Cc3[nH]nc(NC(=O)c4ccc(cc4)N5CCN(C)CC5)c3C2,3.31,2.9789946666666625,-0.3310053333333376
522,train,C[C@@H](NC1=CC(=O)NCC1)c2ccc(Nc3ncc4cc(ccc4n3)c5ccncc5)cc2,3.02,2.9641754761904773,-0.05582452380952274
147,train,Oc1ccc(cc1)N2C=Nc3cc(O)ccc3C2=O,1.6,1.8031266666666657,0.20312666666666557
555,train,COc1cc2c(Nc3ncc(CC(=O)Nc4cccc(F)c4)s3)ncnc2cc1OCCCN5CCC(CO)CC5,2.89,2.681040000000002,-0.20895999999999804
3655,train,Fc1ccccc1NC(=O)NC2N=C(c3ccccc3)c4ccccc4NC2=O,3.8,3.708817142857141,-0.09118285714285879
1711,train,C[C@H](NC(=O)c1c(C)nn(c1NS(=O)(=O)c2ccc(C)cc2)c3ccccc3)C(C)(C)C,1.44,1.231762857142851,-0.208237142857149
3335,train,CCN(C1CCN(CC[C@@H](c2ccc(F)cc2)c3ccc(cc3)S(=O)(=O)C)CC1)C(=O)Cc4ccc(cc4)S(=O)(=O)C,1.88,2.5086411666666657,0.6286411666666658
662,train,CN1CCN(CC1)c2ccc3ncc(C(=O)N)c(Nc4ccc(F)cc4F)c3c2,2.3,2.4191599999999998,0.11915999999999993
3735,train,Fc1ccccc1Nc2oc(nn2)C(=O)Nc3ccc(cn3)N4CCOCC4,2.4,2.606173333333331,0.20617333333333088
1367,train,CC1=CN([C@H]2CCCN(C2)S(=O)(=O)c3ccc(C(=O)O)c(Oc4cccc(Cl)c4)c3)C(=O)NC1=O,-1.28,-0.6826866666666667,0.5973133333333334
754,train,Fc1cccc2[nH]c3CCN(Cc3c12)C(=O)[C@@H]4CCCC[C@H]4C(=O)NC5(CC5)C#N,3.2,3.032399999999999,-0.16760000000000108
2323,train,CC(C)NNC(=O)c1ccncc1,0.33,1.1668250000000033,0.8368250000000033
3115,train,Cc1ccc(cc1)S(=O)(=O)Nc2c(C(=O)NC3CCOCC3)c(C)nn2c4ccccc4,0.16,0.6439199999999912,0.48391999999999114
2159,train,CC(C)C(NC(=O)CN1C(=O)C(=CC=C1c2ccccc2)NC(=O)NCc3ccc[n+]([O-])c3)C(=O)C(F)(F)F,1.48,1.5523400000000027,0.07234000000000274
2300,train,CCOc1ccc(cc1)N2C(=O)c3cccnc3N=C2[C@@H](C)N(Cc4cccnc4)C(=O)Cc5ccc(OC(F)(F)F)cc5,3.7,3.050480000000004,-0.6495199999999963
1507,train,NC(=O)COc1ccc(OCCNCC(O)COc2ccccc2)cc1,0.63,0.8568550000000086,0.22685500000000858
1388,train,O=C(N1CCNCC1)c2cc3ccccc3[nH]2,0.6,0.8527219999999962,0.2527219999999962
584,train,CN(C1CCN(CCC(c2ccccc2)c3ccccc3)CC1)C(=O)Cc4ccc(NC(=O)C)cc4,2.9,2.983779999999997,0.0837799999999973
3600,train,CC[C@H]1N(C2CCCC2)c3nc(Nc4ccc(cc4OC)C(=O)NC5CCN(C)CC5)ncc3N(C)C1=O,3.14,2.984430000000005,-0.1555699999999951
356,train,CN(C)S(=O)(=O)c1ccc2C(=CNC(=O)c2c1)C(=O)NC[C@@H](O)CN3CCC(CC3)Oc4ccc(Cl)c(Cl)c4,3.13,3.039620000000003,-0.09037999999999702
1658,train,Nc1ccc2C(=O)C(=O)c3ccccc3c2c1,2.39,2.2903000000000007,-0.09969999999999946
3361,train,NS(=O)(=O)c1ccc2C(=CNC(=O)c2c1)C(=O)NC[C@@H](O)CN3CCC(CC3)Oc4ccc(Cl)c(Cl)c4,2.17,2.0921259999999995,-0.07787400000000044
321,train,CON(C)C(=O)c1c(Cn2c(C)nc(Cl)c2Cl)sc3N(CC(C)C)C(=O)N(C)C(=O)c13,2.23,1.9640980000000001,-0.26590199999999986
386,train,CCCCN(CCNC[C@H](O)c1ccc(O)c2NC(=O)Sc12)C(=O)CCOCCc3ccccc3,2.51,2.1628666666666665,-0.3471333333333333
325,train,CN1CCC(CC1)n2cc(c(C)n2)c3cnc(N)c(c3)c4oc5ccccc5n4,3.4,3.1717800000000027,-0.2282199999999972
3030,train,COc1cc(F)ccc1c2cncc(CNC(C)C)c2,1.5,1.7586566666666648,0.25865666666666476
4114,train,C[C@@H](NC(=O)[C@H]1CCCNC1)c2ccc(Nc3ncc4cc(ccc4n3)c5ccncc5)cc2,1.69,1.7042171428571424,0.014217142857142484
3576,train,CCCS(=O)(=O)c1ccc(cc1)C(CNS(=O)(=O)c2ccc(cc2)C(F)(F)F)N3CCCCCC3,3.32,3.391730000000008,0.07173000000000807
2831,train,O=C1C=COc2ccccc12,1.4,1.7359599999999968,0.3359599999999969
2423,train,CNc1cccc(CCOc2ccc(C[C@H](NC(=O)c3ccccc3Cl)C(=O)O)cc2)n1,-0.31,-0.2063200000000136,0.1036799999999864
1443,train,CNc1cccc(CCOc2ccc(C[C@H](NC(=O)c3c(Cl)cccc3Cl)C(=O)O)cc2F)n1,-0.05,0.03665999999998748,0.08665999999998748
2137,train,Oc1ccc(cc1)c2oc3cc(O)ccc3n2,3.3,3.20710333333333,-0.09289666666666996
3422,train,COC(=O)C1=C(C)NC(=C([C@@H]1c2cccc3nonc23)C(=O)OC(C)C)C,3.77,3.161340000000004,-0.608659999999996
367,train,COc1ccc(cc1)S(=O)(=O)NC(=O)N2CCC(CC2)N3CCC(CC3)Oc4ccc(Cl)c(Cl)c4,1.39,1.51626,0.12626000000000004
559,train,CNC(=O)c1c(F)cccc1Nc2nc(Nc3cc4N(CCc4cc3OC)C(=O)CN(C)C)nc5[nH]ccc25,2.61,2.552953333333332,-0.0570466666666678
355,train,CN(C)CC(O)COc1ccc(Nc2cc(Nc3cc(C)ccc3Cl)ncn2)cc1,2.16,2.2529200000000005,0.09292000000000034
1846,train,CC(C)Cc1ccc(cc1)C(C)C(=O)NS(=O)(=O)C,0.78,0.7080187142857131,-0.07198128571428697
1827,train,CC[C@H](NC(=O)c1c(CC[S+](C)[O-])c(nc2ccccc12)c3ccccc3)c4ccccc4,3.15,3.2280240000000013,0.07802400000000143
3441,train,CCn1c2ccccc2c3cc(NC(=O)N4CCOCC4)ccc13,3.2,3.110359999999999,-0.08964000000000105
3618,train,COc1ccc(cc1)c2cc(O)nc(N)n2,1.52,1.7026399999999997,0.1826399999999997
1738,train,CN(C)CCCNS(=O)(=O)c1ccc(Nc2nccc(n2)c3cnc4cccnn34)cc1,1.4,1.7445933333333308,0.34459333333333086
276,train,NC(=O)c1ccccc1OCc2ccccc2,2.5,2.2001340000000003,-0.29986599999999974
1436,train,CCC(N1NC(=O)c2nc3cc(Cl)ccc3c(O)c2C1=O)c4cccnc4,0.7,0.9946600000000048,0.2946600000000048
3322,train,Cn1c(CN2CCC(CC2)c3ccccc3)nc4ccccc14,3.6,3.196023333333333,-0.4039766666666669
329,train,Cc1ccc(Cl)c(Nc2ccccc2C(=O)O)c1Cl,2.33,2.17728,-0.15271999999999997
3044,train,CCN1C(=O)C=Cc2cnc(Nc3ccc(OC)c(OC)c3)nc12,2.7,2.8108710000000015,0.11087100000000127
4177,train,Cc1ccnc2nc(nn12)C(=O)Nc3nccs3,0.31,0.8769600000000068,0.5669600000000068
2602,train,CC(C)(C)OC(=O)N1CCC(CC1)OCc2onc(n2)c3ccncc3,3.0,2.864499999999998,-0.13550000000000217
3825,train,CC1Cc2ccccc2N1NC(=O)c3ccc(Cl)c(c3)S(=O)(=O)N,1.83,1.6675960000000014,-0.16240399999999866
957,train,CCCSc1ccc2nc(NC(=O)OC)[nH]c2c1,3.24,3.1446199999999966,-0.09538000000000357
1197,train,NC(=O)c1cncc(c1)c2ccc(cc2)[C@@H]3CC[C@@H](CC(=O)O)CC3,0.22,0.7272066666666672,0.5072066666666672
2919,train,COc1cccc(NC(=O)c2cccc(Cc3c(C)nn(CCO)c3c4ccccc4)c2)c1,4.29,3.7042799999999985,-0.5857200000000016
3165,train,CN[C@@H](C)C(=O)N[C@H](C(=O)N[C@H]1CCCN(CCc2ccc(cc2)[N+](=O)[O-])C1)C(C)(C)C,1.54,1.6940200000000027,0.1540200000000027
1192,train,CN1C(=O)N(C)c2[nH]c(nc2C1=O)c3cccnc3,0.7,1.3674480000000009,0.6674480000000009
204,train,CC(C)CN1C(=O)N(C)C(=O)c2c1sc(Cc3cccc4ncccc34)c2C(=O)N5CC[C@@H](O)C5,1.98,2.0378799999999995,0.05787999999999949
1792,train,Cn1cc(cc1c2c3C(=O)N(CC=C)C(=O)N(CC4CC4)c3nn2Cc5ccnc6ccc(Cl)cc56)C#N,4.27,4.032099999999988,-0.23790000000001132
382,train,c1ccc(cc1)c2nnc(s2)c3ccccc3,4.2,3.6922200000000003,-0.5077799999999999
1396,train,Cc1ccc(cc1)c2ccc(F)cc2COc3ccc(CCC(=O)O)cc3,3.24,2.5547557142857165,-0.6852442857142838
2174,train,CN1C(=O)N(Cc2ccc(Br)cc2)c3ccccc13,2.81,2.7305466666666645,-0.0794533333333356
2817,train,CCc1[nH]c2nc(Sc3cnc4ccc[n+]([O-])c4c3)nc(N5C[C@@H]6[C@@H](N)[C@@H]6C5)c2c1Cl,2.3,2.289559999999999,-0.010440000000000893
1979,train,Oc1cccc(NC(=O)c2ccc(OCCCN3CCCC3)cc2OCc4cccc(c4)C#N)c1,2.41,2.487820000000002,0.07782000000000178
1118,train,CNC(=O)c1cccc(O[C@H]2C[C@H]3CC[C@@H](C2)N3Cc4ccccc4)c1,1.93,2.150037,0.22003700000000026
381,train,Cc1ccc(NC(=O)c2cccc(c2)C(F)(F)F)cc1NC(=O)c3ccc4ncccc4c3,3.87,3.5508799999999914,-0.31912000000000873
615,train,CC(C)N1CCC[C@H](CN2C(=Nc3ccc(cc3C2=O)c4ccc(Cl)cc4)C)C1,3.3,3.1560799999999967,-0.14392000000000316
1799,train,CN1C(=O)c2c(onc2c3ccncc3)C=C1c4ccccc4,3.17,2.8505480000000016,-0.3194519999999983
3350,train,CC(Oc1c(Cl)cccc1Cl)C2=NCCN2,0.48,1.2751333333333263,0.7951333333333264
3870,train,Clc1ccc(cc1Cl)C2CNCC=CC2,1.86,1.893209428571428,0.033209428571427946
1996,train,FC1(CCN(CC1)C(=O)COCc2ccncc2)c3ccc(Cl)cc3,3.03,2.964318333333331,-0.06568166666666864
2080,train,Oc1nnc(Cc2cccc(c2)C(=O)N3CCOCC3)c4ccccc14,1.0,1.3849099999999979,0.38490999999999786
527,train,Nc1ccccc1NC(=O)c2ccc(cc2)C3CCN(CCC(=O)Nc4ccccc4F)CC3,2.76,2.4893459999999976,-0.27065400000000217
2444,train,C[C@@H]1CN([C@@H](CO1)c2ccccc2)c3ccc4OCC(=O)Nc4n3,2.75,2.312059333333334,-0.4379406666666661
2532,train,OC(=O)c1cc(ccc1O)N=Nc2ccc(cc2)S(=O)(=O)Nc3ccccn3,-0.58,-0.1392600000000117,0.44073999999998825
3849,train,FC(F)(F)Oc1cccc2c3CN(CCc3[nH]c12)C(=O)[C@@H]4CCCC[C@H]4C(=O)NC5(CC5)C#N,4.01,3.5880999999999905,-0.42190000000000927
569,train,CN(c1ccnc(Nc2cc(cc(c2)N3CCN(C)CC3)N4CCOCC4)n1)c5cc(CO)ccc5C,2.61,2.714599999999998,0.10459999999999825
4087,train,Fc1ccc(CC2=NNC(=O)c3ccccc23)cc1C(=O)N4CCN(CC4)C(=O)C5CCOC5,0.8,1.0181999999999949,0.21819999999999484
157,train,CC1CCc2cc(F)cc3C(=O)C(=CN1c23)C(=O)O,0.74,0.8063799999999999,0.06637999999999988
3943,train,COc1cc(Nc2ncc(C)s2)nc(N[C@@H](C)c3ncc(F)cn3)n1,2.99,2.7919300000000007,-0.19806999999999952
1938,train,OCCN1CCN(CCCN2c3ccccc3Sc4ccc(cc24)C(F)(F)F)CC1,3.8,3.797244000000008,-0.002755999999991765
360,train,Cc1cc(Cl)ccc1OC2CCN(C[C@H](O)CNC(=O)c3c[nH]nc3C(F)(F)F)CC2,3.02,3.0572800000000027,0.037280000000002644
1660,train,COc1ccc(CCN2CNC(=NC2)SCc3ccc(Cl)cc3)cc1OC,2.41,2.520240000000002,0.11024000000000189
3822,train,Cc1oc(CN2NC(=O)C3=C(C2=O)C(=O)c4ccc(Cl)cc4N3)cc1C,1.0,1.0428799999999931,0.042879999999993146
4067,train,CCOC(=O)c1ccc(OCCC2(CCN(CC2)c3ccc(C)nn3)C#N)cc1,3.54,3.1175333333333315,-0.42246666666666854
3740,train,CC(Nc1ccccc1)C2=CC(=CN3C(=O)C=C(N=C23)N4CCOCC4)C,3.6,3.1651624999999997,-0.43483750000000043
297,train,Nc1nc(N)c2nc(c(N)nc2n1)c3ccccc3,1.16,1.5722400000000012,0.41224000000000127
2479,train,CN(c1ccnc(Nc2cc(nc(c2)N3CCOCC3)N4CCOCC4)n1)c5cc(CO)ccc5C,3.44,3.36627999999999,-0.07372000000001
1782,train,Clc1ccc2C(=O)C3=C(Nc2c1)C(=O)NN(Cc4cocc4)C3=O,0.6,0.8191199999999998,0.21911999999999987
1899,train,Oc1ccc(CCNCCS(=O)(=O)CCCOCCc2ccccc2)c3sc(O)nc13,2.61,2.486439999999999,-0.12356000000000078
3058,train,CN(C(=O)C)c1ccc2ccn(c3cc(NC4CC4)n5ncc(C#N)c5n3)c2c1,2.9,2.7921999999999976,-0.10780000000000234
1241,train,OCc1ccc(OC2CCN(CC3CCN(CC3)[C@@H](Cc4ccccc4)C(=O)O)CC2)cc1Cl,0.8,1.3966799999999953,0.5966799999999952
2043,train,COc1ccc(CNC(=O)CSc2nc3cccnc3s2)cc1,2.5,2.549436666666666,0.04943666666666591
2652,train,C[C@H](Nc1nc(Nc2cc(C)[nH]n2)c(F)cc1C#N)c3ccc(F)cn3,3.11,2.8802760000000007,-0.22972399999999915
1586,train,COCCOc1cc2nccc(Nc3cc(O)c(Cl)cc3F)c2cc1OC,2.64,2.7356186666666664,0.0956186666666663
2684,train,COc1ccc(NC(=O)c2oc(Nc3ccccc3F)nn2)cn1,3.2,3.120413333333332,-0.07958666666666803
1878,train,OC(=O)c1ccc(Nc2ncc(Br)c(Nc3ccccc3)n2)cc1,1.65,2.0118624999999994,0.36186249999999953
2695,train,Cc1ccc2NC(=O)OC3(CCN(CCc4nc(oc4C)c5ccccc5)CC3)c2c1,4.2,3.5218779999999956,-0.6781220000000046
2601,train,CCN(CC)CCNC(=O)c1c(C)[nH]c(\C=C\2/C(=O)Nc3ccc(Cl)cc23)c1C,2.75,2.5385879999999994,-0.2114120000000006
2778,train,Fc1ccc(cc1)C(=O)C2CCN(CC2)C(=O)NCc3ccccc3,3.15,2.989990000000001,-0.16000999999999888
1926,train,CN(C)CC(O)COc1ccc(Nc2cc(Nc3ccc(F)cc3F)ncn2)cc1,1.48,1.71853,0.2385299999999999
1077,train,Cc1ccc(cc1NC(=O)c2ccc(OCc3ccccn3)cc2)c4c[nH]c(C)n4,2.97,2.959699999999997,-0.010300000000003084
3975,train,Cc1oc(CN2CCNCC2)cc1C(=O)NCC34CC5CC(CC(C5)C3)C4,1.03,1.4319480000000033,0.4019480000000033
3808,train,COc1ccc(CNC(=O)c2ccc(Oc3ccc(cc3)C#C[C@]4(O)CN5CCC4CC5)cc2)nc1,3.1,2.728445666666664,-0.3715543333333362
3920,train,OC(Cn1cncn1)(Cn2cncn2)c3ccc(F)cc3F,0.48,0.998153333333325,0.518153333333325
3340,train,CC(C)Cn1cnc(c2ccccc2)c1c3nc4c(N)ncnc4s3,3.72,3.4033800000000056,-0.3166199999999946
4013,train,C[C@H](Oc1nc(Nc2cc(C)[nH]n2)c(C)nc1C#N)c3ccc(F)cn3,2.86,2.7537259999999995,-0.10627400000000042
563,train,OCC[C@]1(CCCNC1)c2oc3ccccc3c2,0.06,0.5986709999999986,0.5386709999999986
2865,train,C[C@@H]1C2CCCC1(CCN2C)c3cccc(O)c3,0.52,0.9537900000000037,0.4337900000000037
3288,train,CCC(N(CCCN)C(=O)c1ccc(C)cc1)C2=Nc3nccnc3C(=O)N2Cc4ccccc4,-0.14,0.27260000000001416,0.4126000000000142
2869,train,CN1C(=O)N(C)c2nc[nH]c2C1=O,-0.09,0.35427999999999105,0.444279999999991
3105,train,CC(C)C(NC(=O)CN1C(=O)C(=CC=C1c2ccccc2)NC(=O)NCc3cc[n+]([O-])cc3)C(=O)C(F)(F)F,1.13,1.3712199999999983,0.24121999999999844
2641,train,COCCOc1cc2ncc(C(=O)N)c(Nc3ccc(C)cc3F)c2cc1N4CCN(C)CC4,2.24,2.35596,0.11595999999999984
404,train,CC(C)N1CCN(Cc2cnc(c(Cl)c2)c3ccc(cc3)C(=O)Nc4ccccc4N)CC1,1.68,1.7185559999999998,0.03855599999999981
148,train,O[C@@H](CNCCc1ccccc1CNCCc2ccccc2F)c3ccc(O)c4NC(=O)Sc34,1.58,1.6050000000000018,0.025000000000001688
23,train,OC(=O)c1cccc(c1)N2CCC(CN3CCC(CC3)Oc4ccc(Cl)c(Cl)c4)CC2,2.17,2.1248549999999997,-0.04514500000000021
1928,train,C1CNCC(C1)c2nc3ccccc3s2,1.0,1.2315599999999953,0.23155999999999533
3636,train,NCCCCCc1c[nH]c2ccc(F)cc12,0.6,0.5440133333333392,-0.055986666666660745
813,train,NC1(CCC1)c2ccc(cc2)c3c(ccn4ncnc34)c5ccccc5,1.7,1.9395733333333318,0.23957333333333186
3726,train,COc1ccc(cn1)[C@@]2(O)CC[C@H](CC2)N3CC[C@H](C3)NC(=O)CNC(=O)c4cccc(c4)C(F)(F)F,1.72,2.0069033333333333,0.2869033333333333
3807,train,COc1cccc(c1)C(=O)Nc2ccc(C)c(c2)N3C=Nc4ccc(cc4C3=O)N5CCN(C)CC5,3.08,2.892100000000003,-0.1878999999999973
2053,train,CN(C(=O)N1CCC(CC1)N2CCC(CC2)Oc3ccc(Cl)c(Cl)c3)S(=O)(=O)c4ccc(C)cc4,4.49,3.6885000000000034,-0.8014999999999968
141,train,CN1SC(=NC1=O)NC(=O)c2cccc(Cl)c2,0.87,1.3000990476190442,0.43009904761904416
1036,train,CC1(C)Cc2c(c3ccccc3)c(c(CC(=O)O)n2C1)c4ccc(Cl)cc4,3.07,2.4252600000000006,-0.6447399999999992
1007,train,CC(C)Oc1cc(OCCc2ccsc2)cc(c1)C(=O)Nc3ccc(cn3)C(=O)O,1.74,1.7506200000000018,0.01062000000000185
526,train,Nc1ccc2c3ccccc3C(=O)C(=O)c2c1,2.23,2.17988,-0.050120000000000164
1905,train,Oc1nc2cc(Cl)c(Cl)c(c2nc1O)[N+](=O)[O-],0.21,0.7761800000000048,0.5661800000000048
1606,train,NC1(CCC1)c2ccc(cc2)c3nn4ccccc4c3c5ccccc5,3.2,2.869619999999996,-0.33038000000000434
85,train,Fc1cc(cc(F)c1C2=CCN(CC2)C=O)N3C[C@H](COc4ccon4)OC3=O,2.01,2.0677399999999992,0.05773999999999946
1804,train,CC(=O)N1CCN(CC(O)COc2ccc(Br)cc2)CC1,1.6,1.7394153333333309,0.13941533333333078
1328,train,NC1=NC2(CCN(CC2)C(=O)c3ccc(cc3)C#N)Nc4cccc(F)c14,0.66,1.0075099999999968,0.34750999999999677
1929,train,[O-][N+](=O)c1cccc2ccc(nc12)C(Cl)(Cl)Cl,3.7,3.207320000000005,-0.4926799999999951
3108,train,OC1CS(=O)(=O)CC1N2CCC(CC2)c3ccccc3,1.4,1.5037799999999975,0.10377999999999754
1891,train,Cn1cc(cc1c2c3C(=O)N(CCO)C(=O)N(CC4CC4)c3nn2Cc5ccnc6ccc(Cl)cc56)C#N,3.0,3.229580000000005,0.22958000000000478
2643,train,Clc1cccc(Cl)c1\C(=C\n2cncn2)\OC3CCCCCC3,4.1,3.4556526666666727,-0.6443473333333269
2589,train,Clc1ccc2C(=O)C3=C(Nc2c1)C(=O)NN(Cc4cc5ccccc5s4)C3=O,2.0,1.8490000000000002,-0.1509999999999998
108,train,COc1ccccc1CNc2cc(C)ccn2,3.28,3.17712,-0.10287999999999986
65,train,COc1cc2ncc(C(=O)N)c(Nc3ccc(F)cc3F)c2cc1NCCN(C)C,1.91,2.0163600000000006,0.10636000000000068
1599,train,Cc1ccc(NC(=O)c2ccc(Cl)c(c2)C(F)(F)F)cc1C(=O)Nc3cccnc3,2.83,2.895220000000001,0.06522000000000094
857,train,CCc1cccc(c1)N(C)C(=N)Nc2cccc3ccccc23,1.57,2.0901199999999998,0.5201199999999997
3850,train,Clc1ccc(NC(=O)N2CCN(C[C@@H]3CCCN(CC4CC4)C3)CC2)cc1Cl,2.54,2.587836000000001,0.0478360000000011
2868,train,COc1cc2c(Nc3cnc(NC(=O)c4ccccc4)nc3)ncnc2cc1OCCCN5CCOCC5,2.7,2.7881000000000022,0.08810000000000207
2475,train,Clc1ccc(cc1)C2CCN(CC2)C(=O)COCc3ccncc3,2.74,2.8083249999999977,0.06832499999999753
3756,train,O=C(C1CC1)c2ccc(OCCCc3c[nH]cn3)cc2,2.68,2.3570299999999995,-0.32297000000000065
330,train,COc1ccc2N=CC(=O)N(CCN3CC[C@@H](NCc4cc5OCCOc5cn4)[C@@H](O)C3)c2c1,0.78,0.8376961746031752,0.05769617460317522
2732,train,Cc1ccn2c(NC(=O)c3ccccc3)c(nc2c1)c4cccs4,2.87,2.552507999999998,-0.31749200000000233
2586,train,Cc1ccc(cc1NC(=O)c2ccc(OCc3ccccn3)cc2)c4ncc[nH]4,3.01,2.9576200000000052,-0.05237999999999454
195,train,Nc1nc(N)nc(n1)c2cccc(c2)C(F)(F)F,2.4,2.39136,-0.008639999999999759
590,train,Nc1ccccc1NC(=O)c2ccc(cc2)N3CCOCC3,1.2,1.4322599999999972,0.23225999999999725
1206,train,CN(C)CCCNc1cc(nc2c(cnn12)C#N)n3ccc4ccc(NC(=O)C)cc34,1.62,1.960199999999999,0.34019999999999895
805,train,OCCc1cccc(NC(=O)c2cc3cc(Cl)ccc3[nH]2)c1,3.83,3.68204000000001,-0.1479599999999901
3531,train,CC(C)[C@H](NC(=O)C[C@H](NC(=O)\C=C\c1ccccc1)c2ccccc2)C(=O)[C@H]3[C@H](C)C(=O)NC3=O,1.91,1.9504299999999997,0.040429999999999744
70,train,CNC(=O)c1ccc(CC(=O)N(C)C2CCN(Cc3ccc(cc3)C(F)(F)F)CC2)cc1,2.8,2.8191049999999986,0.019104999999998817
3366,train,COc1cc2ncnc(Nc3ccc(F)c(Cl)c3)c2cc1OCCCN(C)C,2.9,2.907619999999997,0.0076199999999970736
1511,train,CC1=CC2=NNC(=O)N2c3cc(ccc13)c4ccc[nH]4,3.29,2.857379999999997,-0.4326200000000031
784,train,C[C@H]1[C@@H]2CN(CCN3CCOCC3)CC[C@H]2Cc4[nH]c5ccc(cc5c14)C(F)(F)F,2.87,2.889073333333333,0.019073333333333053
1717,train,C[C@H](NC(=O)c1c(C)nn(CC(F)(F)F)c1NS(=O)(=O)c2ccc(C)cc2)C(C)(C)C,0.93,1.0151599999999983,0.08515999999999824
3572,train,COc1ccc2nc(C)cc(c2c1)n3cc(CNC(=O)C)nn3,1.6,1.8962600000000003,0.2962600000000002
3498,train,CSc1nc2cc(Cl)ccc2[nH]1,3.22,3.2013799999999986,-0.018620000000001635
2153,train,CCN(CC)C(=O)c1ccc(cc1)C(=C2CCNCC2)c3ccccc3,1.2,1.2863073333333261,0.08630733333332619
1879,train,Oc1ccc(O)c2C(=O)C=CC(=O)c12,1.91,1.9853699999999996,0.07536999999999972
4027,train,COc1ccc(OC)c(CNc2n[nH]c3ccnc(Oc4ccccc4)c23)c1,4.25,3.807669999999996,-0.4423300000000041
4072,train,Clc1ccc(cc1)C2(CCNCC2)c3ccc(cc3)c4cn[nH]c4,1.51,1.4781240000000007,-0.03187599999999935
1640,train,O=C(NCC#N)[C@@H]1CCCC[C@H]1C(=O)N2CCc3ccccc3C2,1.91,2.0414000000000008,0.13140000000000085
179,train,CN[C@@H](C)C(=O)N[C@H](C(=O)N[C@H]1CCCN(CCc2ccc(F)cc2)C1)C(C)(C)C,3.12,2.766600000000001,-0.35339999999999927
3052,train,CCS(=O)(=O)c1ccc(c(Cl)c1)c2cc(Cl)ccc2OCC(=O)O,-0.43,-0.4614399999999721,-0.0314399999999721
2882,train,COCCOc1ccc(cc1)C(=O)Nc2cc(NC(=O)c3cccc(c3)N(C)C)ccc2C,2.74,2.792293333333331,0.05229333333333086
2876,train,C[C@@H](Oc1cccc2ncnc(Nc3ccc(Oc4ccc(C)nc4)c(C)c3)c12)C(=O)N5CCOCC5,4.14,3.8197269999999905,-0.32027300000000913
2213,train,COc1ccccc1C(=O)Nc2nc3ccccc3s2,3.61,3.397459999999996,-0.21254000000000373
3677,train,N[C@@H](Cc1c[nH]c2ccccc12)C(=O)O,-1.08,-0.9808581428571443,0.09914185714285573
57,train,CCC(CC)NC(=O)c1cnn(C)c1NS(=O)(=O)c2ccc(C)cc2,0.36,0.5676600000000003,0.2076600000000003
4037,train,CN1CCOc2cc(OC(=O)c3ccccc3)cnc12,3.3,2.931053333333333,-0.368946666666667
821,train,CCOC(=O)C1(CCN(C)CC1)c2ccccc2,1.4,1.6060799999999964,0.2060799999999965
3377,train,C[C@H]1NC(C)(C)CO[C@]1(O)c2cccc(Cl)c2,1.69,2.066687999999999,0.37668799999999925
999,train,COc1ccc2c(c1)cc(C(=O)O)n2Cc3ccc(Cl)c(Cl)c3,1.66,1.8394133333333338,0.17941333333333387
3348,train,Nc1ncc(NC(=O)c2cc(NC(=O)c3cccc(c3)C(F)(F)F)ccc2Cl)cc1Cl,3.26,2.864749999999998,-0.39525000000000166
3513,train,CN1CCN(CC1)c2ccc3N=CN(C(=O)c3c2)c4cc(ccc4C)C(=O)Nc5nccs5,2.56,2.3087,-0.2513000000000001
1898,train,COCCS(=O)(=O)c1ccc(Nc2nccc(n2)c3cnc(C)n3C(C)C)cc1,2.56,2.7745623333333294,0.2145623333333293
3330,train,O=C1N=C2C(=C1C#N)c3ccc(N4CCSCC4)c5cccc2c35,3.22,2.997266666666664,-0.22273333333333634
342,train,CCN(CC)S(=O)(=O)c1ccc(cc1)c2oc(SCC(=O)N3CCc4ccccc34)nn2,3.9,3.5896706666666662,-0.3103293333333337
973,train,NC(=N)SCc1ccc(Cl)c(Cl)c1,1.28,1.4622399999999964,0.1822399999999964
3736,train,CN(C)CCC=C1c2ccccc2COc3ccccc13,2.15,2.30159,0.1515900000000001
962,train,NC1=NN(CC1)c2cccc(c2)C(F)(F)F,2.55,2.2463566666666663,-0.3036433333333335
3514,train,CN1C(=O)N(CC2CC2)c3nn(Cc4cn(C)c5ccc(Cl)cc45)c(c6cc(oc6C)S(=O)(=O)C)c3C1=O,4.48,3.9559000000000104,-0.52409999999999
1091,train,Oc1ccc(cc1)c2nc3ccccc3s2,4.1,3.7893066666666724,-0.31069333333332727
2697,train,Nc1ncnc2c1ncn2Cc3ccccc3,1.53,1.6980199999999992,0.16801999999999917
1737,train,CS(=O)(=O)c1cccc2c3CN(CCc3[nH]c12)C(=O)[C@@H]4CCCC[C@H]4C(=O)NC5(CC5)C#N,1.7,2.0860799999999995,0.38607999999999953
628,train,NC(=N)NCCC[C@H](NC(=O)COCC(c1ccccc1)c2ccccc2)C(=O)O,0.18,0.2526799047619026,0.07267990476190261
2492,train,NS(=O)(=O)c1cc2c(NC(NS2(=O)=O)C3CC4CC3C=C4)cc1Cl,2.12,1.5006200000000027,-0.6193799999999974
1532,train,COc1ccc(N(C(C(=O)NC[C@@H](C)O)c2ccccc2F)C(=O)c3occc3CO)c(OC)c1,1.37,1.7214599999999987,0.35145999999999855
291,train,C[C@]1(CCCN1c2nc(Nc3cc([nH]n3)C4CC4)c5cccn5n2)C(=O)Nc6ccc(F)nc6,3.16,3.1389093333333293,-0.02109066666667081
160,train,Cc1ccc(NC(=N)N)cc1C,-1.34,-0.47197333333334957,0.8680266666666505
2719,train,Clc1ccccc1C(=O)NCC23CC4CC(CC(C4)C2)C3,4.05,3.943270000000008,-0.10672999999999178
3272,train,COc1cc(Nc2cc(Nc3c(Cl)ccc4OCOc34)ncn2)cc(OC)c1OC,3.07,3.095500000000002,0.0255000000000023
664,train,OC1(CCN(Cc2c[nH]c3ccccc23)CC1)c4ccc(Cl)cc4,2.25,2.397706666666667,0.1477066666666671
3327,train,COCCNCc1cncc(n1)c2ccc(F)cc2OC,1.61,1.7434160000000027,0.13341600000000264
530,train,NC(=O)c1cc(O)cc2nc(oc12)c3ccc(O)cc3,2.3,2.08091,-0.21909
1508,train,COc1ccc(OC)c(c1)c2cccc3c(N)c(nnc23)C(=O)NC4(C)CCC4,4.48,3.9569200000000078,-0.5230799999999927
1246,train,CS(=O)(=O)n1c2ccccc2c3cc(NC(=O)CCc4ccncc4)ccc13,3.4,3.3328000000000015,-0.06719999999999837
45,train,COc1ccc(cn1)C2=Cc3c(C)nc(N)nc3N([C@@H]4CC[C@H](CC4)OCCO)C2=O,2.2,2.22224,0.022240000000000038
2746,train,N#Cc1cnn2c(NC3CC3)cc(nc12)c4cccs4,2.88,2.836959999999995,-0.04304000000000485
692,train,O=C(CSc1ccncc1)Nc2ccc(cc2)C(=O)c3ccccc3,3.6,3.3511720000000005,-0.2488279999999996
1932,train,CN(C)c1ccccc1S(=O)(=O)NC(=O)N2CCC(CC2)N3CCC(CC3)Oc4ccc(Cl)c(Cl)c4,1.74,1.7296200000000022,-0.010379999999997835
3900,train,CC(O)(C(=O)Nc1ccc(cc1)S(=O)(=O)c2ccccc2)C(F)(F)F,2.98,2.8481466666666675,-0.1318533333333325
2346,train,C[C@H](NC(=O)c1c(C)nn(C2CCS(=O)(=O)CC2)c1NS(=O)(=O)c3ccc(C)cc3)C(C)(C)C,0.25,0.6155800000000091,0.3655800000000091
2009,train,Oc1ccc(cc1)C(c2ccc(O)cc2)C(Cl)(Cl)Cl,3.86,3.2701239999999974,-0.5898760000000025
22,train,COc1ccc(Oc2cccc(CN3CCCC(C3)N4C=C(C)C(=O)NC4=O)c2)cc1,3.17,3.159799999999998,-0.010200000000001985
1797,train,Cc1ncc2CN=C(c3ccccc3F)c4cc(Cl)ccc4n12,3.4,3.0844800000000028,-0.31551999999999714
2560,train,CSc1nc(C(=O)N)c(N)s1,1.21,1.2789800000000031,0.06898000000000315
3469,train,CCOc1ccccc1c2ccc3c(c2)C(=O)C(=O)c4ccccc34,2.67,2.7112666666666674,0.04126666666666745
921,train,N#Cc1ccc(Nc2nccc(NC3CC3)n2)cc1,3.01,3.114186666666672,0.10418666666667242
298,train,C[C@@](O)(C(=O)Nc1ccc(cc1Cl)S(=O)(=O)NCC=C)C(F)(F)F,3.07,2.8690599999999966,-0.20094000000000323
3257,train,CN1CCN(CC(=O)N2c3ccccc3C(=O)Nc4cccnc24)CC1,-0.49,0.5971026666666637,1.0871026666666637
369,train,Clc1ccc(O[C@H]2CCCNC2)cc1C(=O)NCC34CC5CC(CC(C5)C3)C4,2.18,2.0278266666666656,-0.1521733333333346
2692,train,CN(C)N(C)C(=O)[C@@]1(Cc2ccccc2)CCCN(C1)C(=O)[C@@H](Cc3c[nH]c4ccccc34)NC(=O)C(C)(C)N,2.1,1.8980083333333315,-0.20199166666666857
3424,train,Oc1cc(Cl)cc(Cl)c1,3.58,2.796269999999997,-0.7837300000000029
1502,train,Nc1ccccc1NC(=O)c2ccc(cc2)C3CCN(Cc4ccccc4)CC3,2.51,2.3064426666666673,-0.20355733333333248
4167,train,CNC(=O)c1cccc(c1c2ccc(CC(C)C)cc2)S(=O)(=O)Nc3ncc(C)nc3OC,1.68,1.8322153333333335,0.1522153333333336
655,train,Cc1cc(OC2CCN(CC3CCN(CC3)[C@@H](Cc4ccc(F)cc4)C(=O)O)CC2)ccc1Cl,2.54,2.5856600000000016,0.04566000000000159
2947,train,Nc1cc(nc(N)[n+]1[O-])N2CCCCC2,0.77,1.137050000000007,0.367050000000007
3670,train,O[C@@H](CNCCc1cccc(CNCCc2ccccc2Cl)c1)c3ccc(O)c4NC(=O)Sc34,1.63,1.7541466666666656,0.12414666666666574
1519,train,Cc1ccc(F)c(Nc2ccnc(Nc3ccc(cc3)S(=O)(=O)N)n2)c1,3.1,3.0011399999999946,-0.0988600000000055
60,train,OC(C(=O)OC1CN2CCC1CC2)(c3ccccc3)c4ccccc4,1.19,1.5203966666666684,0.33039666666666845
245,train,O=C(C1CCCCC1)N2CC3N(CCc4ccccc34)C(=O)C2,2.43,2.446180000000001,0.01618000000000075
619,train,OC(=O)c1cccc(CN2CCC(CN3CCC(CC3)Oc4ccc(Cl)c(Cl)c4)CC2)c1,1.26,1.5234000000000016,0.26340000000000163
2417,train,COc1ccc(CC(=O)NC(N\C(=N\C#N)\Nc2ccccc2C)C(C)(C)C)cc1OC,2.48,2.45208,-0.027919999999999945
1744,train,CC(C)CNc1nc(nc(NC2CCS(=O)(=O)C2)c1N)C#N,2.3,2.2389,-0.06109999999999971
1145,train,CCN1CCN(CC1)C(=O)c2cc3cc(F)ccc3[nH]2,2.28,2.33546,0.055460000000000065
1333,train,CN(C)CC(O)COc1ccc(Nc2cc(Nc3cc(Cl)ccc3Cl)ncn2)cc1,2.6,2.506999999999998,-0.09300000000000219
1294,train,N\C(=C(/C#N)\c1ccccc1C(F)(F)F)\Sc2ccc(N)cc2,3.4,3.1931795238095226,-0.20682047619047728
1645,train,OC(=O)[C@H](Cc1ccc(OCCc2ccc3OCCNc3n2)cc1)NC(=O)c4c(Cl)cccc4Cl,-0.18,-0.06730000000002034,0.11269999999997965
2110,train,CCOC(=O)c1ccc(OC(=O)CCCCCN=C(N)N)cc1,2.41,2.1599266666666668,-0.25007333333333337
377,train,CCNC(=O)C[C@@H]1N=C(c2ccc(Cl)cc2)c3cc(OC)ccc3n4c(C)nnc14,2.46,2.461407999999999,0.0014079999999991877
3980,train,CCCOc1cc(OCCCN2CCCC2)ccc1C(=O)Nc3cccc(O)c3,2.46,2.2383,-0.2216999999999998
3281,train,Cn1cnc(c2ccccc2)c1c3nc4c(N)ncnc4s3,2.69,2.8290200000000043,0.13902000000000436
2453,train,Cc1cccc(Nc2ncnc3ccc(NC(=O)C=C)cc23)c1,3.7,3.4548628571428655,-0.24513714285713473
3211,train,Cc1nc(C)c(nc1C(=O)N)c2ccc([C@@H]3CC[C@@H](CC(=O)O)CC3)c(Cl)c2,1.8,1.684758095238096,-0.11524190476190399
323,train,O[C@H](CNC(=O)c1n[nH]c2ccccc12)CN3CCC(CC3)Oc4ccc(Cl)c(Cl)c4,2.95,3.096793333333337,0.14679333333333666
3320,train,C[C@H](N)COc1c(C)cccc1C,0.6,0.7063436190476189,0.10634361904761891
2388,train,COC[C@H](C)Oc1cc(Oc2ccc(Cl)cc2)cc(c1)C(=O)Nc3ccc(cn3)C(=O)O,1.69,1.6554653333333318,-0.03453466666666816
2113,train,OCCNCCNc1ccc2c(NC(=O)CC34CC5CC(CC(C5)C3)C4)cccc2n1,1.79,2.21582,0.42581999999999987
178,train,CN(C)C(=O)CN1CCN(CCc2c([nH]c3sc(cc23)C(C)(C)C(=O)N4C5CCC4CC5)c6cc(C)cc(C)c6)CC1,4.13,3.6731199999999955,-0.4568800000000044
1010,train,COc1ccccc1CN[C@H]2CCCN[C@H]2c3ccccc3,1.5,1.8294000000000001,0.32940000000000014
1712,train,CC(C)C(NC(=O)CN1C(=O)C(=CC=C1c2ccccc2)NC(=O)Cc3cccc(c3)C(=O)O)C(=O)C(F)(F)F,0.68,1.0361999999999947,0.35619999999999463
59,train,O=C1NC(=NC(=C1C#N)c2ccccc2)SCCc3ccccc3,1.71,1.916100000000001,0.20610000000000106
720,train,Cc1cnc(NC(=O)Cc2ccccc2)s1,2.9,2.759236666666665,-0.1407633333333349
333,train,O=C1CCOc2nc(\C=C\c3ccccc3)ccc12,3.2,2.798379999999995,-0.4016200000000052
3802,train,COC(=O)C1=C(C)NC(=C(C1c2ccccc2[N+](=O)[O-])C(=O)OC)C,3.29,2.358198,-0.9318020000000002
1194,train,COc1ccc2cc(ccc2c1)[C@H](C)C(=O)O,0.13,0.34146238095238113,0.21146238095238112
3877,train,COc1cc(cc(OC)c1OC)c2nnc(S)n2c3cccc(c3)C(F)(F)F,2.27,2.401410000000001,0.13141000000000114
3520,train,Cc1c(Cl)c(ccc1OC2CCN(CC3CCN(CC3)[C@@H](Cc4ccc(F)cc4)C(=O)O)CC2)C#N,2.19,2.361570000000001,0.1715700000000009
3477,train,CN[C@@H](C)C(=O)N[C@@H](C1CCCCC1)C(=O)N2CCC[C@H]2C(=O)N[C@@H](C(c3ccccc3)c4ccccc4)C(=O)OC,2.42,1.8125439999999977,-0.6074560000000022
2103,train,CCc1[nH]c2nc(Sc3cnc4ccc[n+]([O-])c4c3)nc(N5CC[C@@H](N)C5)c2c1Cl,2.0,2.1373800000000003,0.13738000000000028
363,train,CCN1CCC[C@H]1CNC(=O)c2c(OC)ccc(Br)c2OC,0.05,0.8624400000000079,0.8124400000000078
3419,train,O=C(N[C@@H]1CN2CCC1CC2)c3ccc(s3)c4ccccc4,1.77,1.8246836190476203,0.05468361904762031
3597,train,OC(=O)c1ccc(cc1)n2ncc(C(=O)NC3C4CC5CC(CC3C5)C4)c2C6CCC6,1.33,1.4290700000000034,0.09907000000000332
2461,train,Cc1nc(CS(=O)(=O)c2ccccc2)cc(n1)N3CCOCC3,1.07,1.4051399999999976,0.33513999999999755
701,train,CC\C(=C(/c1ccccc1)\c2ccc(\C=C\C(=O)O)cc2)\c3ccccc3,3.89,3.117215000000008,-0.7727849999999923
1202,train,CCC(C)(C)C[C@@H](N1CCC[C@@H](C1)N2C=C(C)C(=O)NC2=O)c3ccc(C(=O)O)c(Oc4cccc(Cl)c4)c3,1.37,1.2214066666666623,-0.1485933333333378
378,train,Nc1ccccc1NC(=O)c2ccc(cc2)c3ncc(CN4CCC4)cc3F,1.69,1.577789999999998,-0.11221000000000192
3959,train,COc1cc2ncc(C(=O)N)c(Nc3ccc(C)cc3F)c2cc1OC,3.34,3.2003200000000023,-0.13967999999999758
1759,train,CNc1c(Br)cnc2[nH]c(nc12)c3cnn(c3)C4CCN(C)CC4,2.5,2.1620000000000004,-0.33799999999999963
3925,train,CC1=CN([C@H]2CCCN(C2)S(=O)(=O)c3ccc(O)c(Oc4ccc(Cl)c(C)c4)c3)C(=O)NC1=O,2.4,2.2981000000000003,-0.10189999999999966
959,train,N(c1ccccc1)c2ccnc3ccccc23,2.78,2.7537399999999965,-0.02626000000000328
3487,train,CS(=O)(=O)c1ccc(cc1)c2cc(ccc2OCC(=O)O)C(F)(F)F,-0.87,-0.6092800000000036,0.2607199999999964
995,train,C[C@@H]1CN(CCN1c2ncc(OCc3ccncc3C#N)cn2)C(=O)OC(C)(C)C,3.33,3.1761746666666744,-0.1538253333333257
1982,train,Fc1ccc(cc1)N2CCN(CC2)C(=O)[C@@H]3CCCC[C@H]3C(=O)NCC#N,1.92,1.9821800000000005,0.06218000000000057
3964,train,CN1[C@@H]2CC[C@H]1C[C@H](C2)OC(=O)C(CO)c3ccccc3,-0.66,-0.1740285714285701,0.48597142857142994
2941,train,CC12CC3CC(C)(C1)CC(N)(C3)C2,0.06,0.22537999999998926,0.16537999999998926
685,train,CNc1c(Cl)cnc2[nH]c(nc12)c3ccc(OCCN4CCOCC4)cc3,2.63,2.690660000000001,0.06066000000000127
3200,train,Cc1ccc(cc1S(=O)(=O)n2ccc(n2)c3c(C)nc4ccc(Br)cn34)[N+](=O)[O-],3.52,2.975020000000005,-0.5449799999999949
3842,train,Cc1[nH]c2ccccc2c1CCNCc3ccc(\C=C\C(=O)NO)cc3,1.1,1.5819340000000017,0.48193400000000164
224,train,CN(C)c1nc(N[C@@H]2CC[C@@H](CC2)NC(=O)c3ccc(F)c(F)c3)nc4ccccc14,3.13,2.882205,-0.247795
1923,train,OC(=O)c1ccc(cc1)n2ncc(C(=O)NC3C4CC5CC(CC3C5)C4)c2C6CCCC6,1.72,1.5969899999999964,-0.12301000000000362
4116,train,CC1(C)NC(=O)N(C1=O)c2ccc(c(c2)C(F)(F)F)[N+](=O)[O-],1.74,2.003259999999999,0.26325999999999916
2496,train,CCCC1=CC(=CC(=O)N1Cc2ccc(cc2)c3ccccc3c4nn[nH]n4)OCc5ccccc5,2.4,2.30872,-0.0912799999999998
1604,train,CN1CCN(CC1)c2cc3c(Nc4ccc(F)cc4F)c(cnc3cc2F)C(=O)N,2.63,2.5317199999999995,-0.09828000000000037
3916,train,CN1CCN(CC1)C2=Nc3ccccc3Nc4sc(C)cc24,2.19,2.1909199999999998,0.0009199999999998099
290,train,COc1cc(OC)c(cc1NC(=O)COC(=O)C)S(=O)(=O)N2C(C)CCc3ccccc23,2.07,1.5581599999999982,-0.5118400000000016
1231,train,COc1cccc(Oc2cncnc2O)c1,0.59,1.1401000000000014,0.5501000000000015
3643,train,COc1ccccc1N2CCN(CCN(C(=O)C3CCCCC3)c4ccccn4)CC2,3.0,2.885879999999999,-0.11412000000000111
861,train,CC1=CC2=NNC(=O)N2c3cc(ccc13)c4occc4,2.07,2.3319400000000003,0.2619400000000005
3679,train,COc1cc(OC)c(cc1NC(=O)CCC(=O)O)S(=O)(=O)N2C(C)CCc3ccccc23,-0.87,-0.8286400000000027,0.04135999999999729
3082,train,COc1ncc(cn1)c2cccc3OC[C@H](Cc23)NC(=O)c4ccc(OCC(F)(F)F)nc4,4.3,3.6308799999999963,-0.6691200000000035
2005,train,C[C@H]([C@H](O)c1ccc(O)cc1)N2CCC(O)(CC2)c3ccccc3,0.91,1.3739400000000013,0.46394000000000124
3763,train,Nc1ncnc2c1ncn2[C@@H]3O[C@H](CSCCCNC(=O)Nc4ccc(Cl)cc4)[C@@H](O)[C@H]3O,2.5,2.3210199999999985,-0.17898000000000147
549,train,CCC(N(CCCN)C(=O)c1ccc(OC)cc1)C2=Nc3ccsc3C(=O)N2Cc4ccccc4,1.39,1.5593400000000024,0.1693400000000025
1359,train,C[C@H](Oc1ncc(Cl)c(Nc2cc(C)[nH]n2)n1)c3ncc(F)cn3,1.82,1.9645066666666668,0.14450666666666678
3653,train,C[C@H](Nc1nc(Nc2ncc(C)s2)cc(n1)N3CCN(C)CC3)c4ccc(F)cn4,2.9,2.7543199999999977,-0.14568000000000225
3031,train,Cc1c(Oc2ccc(Cl)cc2)c3cc(F)ccc3n1CC(=O)O,1.26,1.5089400000000006,0.2489400000000006
1431,train,COc1ccc(cc1)S(=O)(=O)NC2=CC=C(N(CC(=O)NC(C(C)C)C(=O)C(F)(F)F)C2=O)c3ccccc3,2.5,2.3787999999999982,-0.12120000000000175
904,train,Clc1ccc(CN2CCNCC2)cc1C(=O)NCC34CC5CC(CC(C5)C3)C4,1.84,1.9222833333333336,0.08228333333333349
2377,train,NC(=O)c1cnc(c2ccc(cc2)C3(N)CCC3)c(c1)c4ccccc4,1.3,1.6202999999999985,0.3202999999999985
2430,train,COCCNS(=O)(=O)c1ccc(cc1)c2cnc(N)c(n2)C(=O)Nc3cccnc3,2.26,2.0301799999999997,-0.22982000000000014
1935,train,C[C@H](CO)Nc1nc(SCc2cccc(Cl)c2)nc3nc(N)sc13,3.31,3.262742476190465,-0.04725752380953496
554,train,OC(=O)c1ccc(cc1)c2ccc(Cl)c(c2)C(=O)NCC34CC5CC(CC(C5)C3)C4,2.48,2.57134,0.0913400000000002
341,train,C[C@@H]1CN(CCN1c2ncc(OCc3ccncc3C#N)cn2)c4noc(n4)C5CC5,3.1,3.1123199999999933,0.012319999999993225
3235,train,CC(=O)OCCn1c(Sc2nc3cccc(Cl)c3s2)nc4c(N)ncnc14,3.16,2.887639999999997,-0.27236000000000304
737,train,OC1(CN2CCC1CC2)C#Cc3ccc(Oc4ccc(cc4)C(=O)NCc5ccncc5)cc3,2.48,2.4080576904761903,-0.07194230952380964
1063,train,Oc1c2C(=O)N(NC(=O)c2nc3cc(Cl)ccc13)C(C4CCCC4)c5ccccn5,1.9,1.6899000000000013,-0.21009999999999862
313,train,CCOC(=O)C(CCc1ccccc1)NC2CCc3ccccc3N(CC(=O)O)C2=O,-0.2,0.4087933333333289,0.6087933333333289
3373,train,Cc1c(Sc2ccc(Cl)cc2)c3c(cccc3n1CC(=O)O)S(=O)(=O)C,0.58,0.3429799999999956,-0.23702000000000434
2501,train,CN(C)CC(O)COc1ccc(Nc2nccc(Nc3cc(Cl)ccc3Cl)n2)cc1,2.9,2.7879999999999985,-0.11200000000000143
1280,train,NC(=O)C1CCCCC1,0.9,1.097580000000006,0.19758000000000597
3777,train,O[C@@H](CNCCc1ccc(CNCCc2ccccn2)cc1)c3ccc(O)c4NC(=O)Sc34,-0.25,-0.022773333333328427,0.22722666666667157
2963,train,CC(=O)NC[C@H]1CN(C(=O)O1)c2ccc(c(F)c2)n3ccnc3,0.7,1.08920285714286,0.38920285714286007
2263,train,COc1ccc2OCC(=O)N(CCN3CCC(CC3)NCc4ccc5OCC(=O)Nc5n4)c2c1,0.87,0.8131766666666667,-0.05682333333333334
1484,train,Cc1nocc1C(=O)Nc2ccc(c(N)n2)c3ccccc3OC(F)(F)F,3.7,3.2429800000000064,-0.45701999999999376
3190,train,COCCNC(=O)c1cccc(CN2NC(=O)C3=C(C2=O)C(=O)c4ccc(Cl)cc4N3)c1,1.2,1.257519999999993,0.05751999999999313
2117,train,Nc1nc(O)c2ncn(COCCO)c2n1,-1.42,-0.6557299999999828,0.7642700000000171
374,train,CC1CCC(CC(=O)Nc2cccc3ncccc23)CC1,3.56,3.3343133333333284,-0.2256866666666717
3166,train,CCc1nc2c(N)nc3ccccc3c2n1CC(C)C,2.55,2.4794959999999975,-0.07050400000000234
622,train,CN1C(=O)N(CC2CC2)c3nn(Cc4ccnc5ccc(Cl)cc45)c(c3C1=O)c6ncnn6C,3.8,3.657840000000003,-0.14215999999999696
702,train,CN[C@@H](C)C(=O)N[C@H](C(=O)N[C@H]1CCCN(CCc2ccc(cc2)C(F)(F)F)C1)C(C)(C)C,2.85,2.7006800000000037,-0.14931999999999634
2928,train,CC12CCC3C(CCC4=CC(=O)CCC34C)C1CCC2O,3.3,3.3188199999999948,0.018819999999994952
4172,train,COc1cc2c(Nc3c(Cl)ccc4OCOc34)ncnc2cc1OCCCN5CCCCC5,2.05,2.0825199999999997,0.03251999999999988
907,train,CS(=O)(=O)c1cccc(Nc2nccc(Nc3cccc4ccoc34)n2)c1,3.52,3.294980000000007,-0.22501999999999311
3314,train,COc1ccc2COC(=O)N(CCN3CCC(CC3)NCc4ccc5OCC(=O)Nc5n4)c2c1,0.5,0.6107133333333448,0.11071333333334477
38,train,COc1ccc2ncc(C#N)c(CCN3CCC(CC3)NCc4cc5SCOc5cn4)c2c1,2.55,2.1847066666666666,-0.36529333333333325
1178,train,NC1=NC2(CCN(CC2)C(=O)c3ccc(nc3)C#N)Nc4c(F)ccc(F)c14,0.79,1.0513399999999962,0.26133999999999613
2875,train,OC(=O)CCc1oc(c2ccccc2)c(n1)c3ccccc3,1.2,1.4182699999999966,0.21826999999999663
3496,train,NC1(CCN(CC1)c2ncnc3[nH]ccc23)C(=O)NC(Cc4ccccc4)c5ccc(Cl)cc5,4.1,3.562960000000005,-0.5370399999999949
1349,train,O=C1C=C(N=C2N(Cc3cccc4ccccc34)C=CN12)N5CCOCC5,3.3,3.1011599999999966,-0.19884000000000324
258,train,CC(C)C(=O)NCCNCC(O)COc1ccc(O)cc1,-0.15,0.5368766666666682,0.6868766666666682
1348,train,Nc1c(cnn1c2ccc(F)cc2)C(=O)c3cccc(OC[C@H](O)CO)c3,1.94,1.923444857142856,-0.01655514285714399
1625,train,O[C@@H](CNCCCOCCOCCc1ccccc1)c2ccc(O)c3NC(=O)Sc23,1.09,1.4950000000000045,0.40500000000000447
2901,train,CC(C)n1c(C)ncc1c2ccnc(Nc3ccc(cc3)C(=O)N4CCN(C)CC4)n2,2.1,2.0464533333333326,-0.05354666666666752
2670,train,COc1cc(O)c2C(=O)O[C@@H](C)C\C=C/C(=O)[C@@H](O)[C@@H](O)C\C=C\c2c1,1.64,1.6726400000000012,0.032640000000001335
833,train,C1CC1Nc2ccc3nnc(c4ccccc4)n3n2,3.15,2.9930973333333344,-0.15690266666666552
129,train,CNCC[C@H](Oc1ccc(cc1)C(F)(F)F)c2ccccc2,1.89,1.9204920079365078,0.03049200793650786
964,train,CC(C)(C(=O)Nc1oc(nn1)C(=O)Nc2ccc(cc2)N3CCOCC3)c4ccc(Cl)cc4,2.96,2.9155350000000007,-0.04446499999999931
3936,train,CN(c1ccnc(Nc2cc(nc(n2)N3CCOCC3)N4CCOCC4)n1)c5cc(CO)ccc5C,3.9,3.6164200000000015,-0.2835799999999984
2550,train,Cc1ccnc(NCc2ccc(Cl)cc2)c1,3.6,3.40234,-0.19765999999999995
1976,train,Oc1cccc(NC(=O)c2ccc(OCCCN3CCCC3)cc2OCc4cccc(F)c4)c1,3.15,3.0542800000000003,-0.09571999999999958
2109,train,NC(Cc1ccccc1)c2ccccc2,1.32,1.2619023809523782,-0.058097619047621896
1607,train,CN(C)C(=O)N[C@@H]1CC[C@H](CCN2[C@@H]3CC[C@H]2C[C@H](C3)Oc4cccc(c4)C(=O)N)CC1,0.22,0.2065426190476214,-0.013457380952378611
3819,train,Oc1ccc2C(=O)N(C(=O)c2c1)c3ccccc3,2.3,2.2457920000000002,-0.05420799999999959
2459,train,NS(=O)(=O)c1cccc(Nc2nccc(Nc3cccc4[nH]ncc34)n2)c1,2.6,2.5741799999999992,-0.025820000000000842
4184,train,NCC(O)(c1ccc(Cl)cc1)c2ccc(Cl)cc2,2.69,2.2832333333333326,-0.4067666666666674
116,train,NC1(CCC1)c2ccc(cc2)c3nc4C=CN5C(=O)NN=C5c4cc3c6ccccc6,2.5,2.4750399999999977,-0.024960000000002314
68,train,O=C1CCOc2cc(COc3ccccc3)ccc12,3.0,2.9422966666666657,-0.05770333333333433
2811,train,OC(=O)[C@H](Cc1ccc(NC(=O)Cc2ccc3CCCNc3n2)cc1)NC(=O)c4c(Cl)cccc4Cl,-0.63,-0.2504800000000005,0.3795199999999995
1362,train,CC1=C(N2[C@H](SC1)[C@H](NC(=O)[C@H](N)c3ccc(O)cc3)C2=O)C(=O)O,-0.86,-0.026240000000008923,0.8337599999999911
3278,train,CS(=O)(=O)Cc1cc(nc(n1)c2ccccc2)N3CCOCC3,1.94,2.0353799999999986,0.09537999999999869
3064,train,OCCN(C(=O)CNC(=O)c1cc2cc(Cl)ccc2[nH]1)c3ccccc3,3.37,3.1758619999999964,-0.1941380000000037
3451,train,Cc1ccc(Oc2ccc(OCC(=O)Nc3ccncc3)cc2)cc1,4.3,3.678909666666662,-0.621090333333338
3183,train,CCN(CC)C(=O)c1ccc(cc1)C2=CC3(CCNCC3)Oc4cccc(O)c24,0.54,0.9067222222222153,0.3667222222222153
399,train,CN(C)CC(O)COc1ccc(Nc2cc(ncn2)N(CC#C)c3cc(Cl)ccc3Cl)cc1,2.8,2.6643599999999994,-0.13564000000000043
1523,train,Cc1cc(ccn1)c2ccc(cc2)c3nc4ccncc4c(O)c3C#N,1.6,1.9432100000000003,0.34321000000000024
62,train,CC(C)n1c(C)ncc1c2nc(Nc3ccc(cc3)C(=O)N(C)C)ncc2F,2.77,2.7369899999999987,-0.033010000000001316
213,train,CN[C@@H](C)C(=O)N[C@@H](C1CCCCC1)C(=O)N[C@H]2CCN(C2)C(=O)c3ccccc3,0.82,1.0255000000000059,0.2055000000000059
2273,train,CCN(CC)C(=O)c1ccc(cc1)[C@@H](N2CCN(CCOC)CC2)c3cccc(NC(=O)C4CC4)c3,2.35,2.685880000000001,0.33588000000000084
336,train,C(CNCc1ccccc1)NCc2ccccc2,0.73,1.2137999999999975,0.48379999999999757
2352,train,N#Cc1cccc(c1)c2cccc(c2)c3nn[nH]n3,0.7,0.9851066666666708,0.28510666666667084
1854,train,Nc1nc2ccc(cc2[nH]1)C(=O)c3ccccc3,2.29,2.0933199999999994,-0.19668000000000063
1198,train,CC(C(=O)O)c1ccc(c(F)c1)c2ccccc2,0.85,0.8947152380952386,0.044715238095238585
1429,train,Cc1ccc2c(c1)c(c(C)n2CC(=O)O)S(=O)(=O)c3ccc(Cl)cc3,0.06,0.019519999999992432,-0.040480000000007565
9,train,Oc1ncnc2scc(c3ccsc3)c12,2.25,2.1935599999999997,-0.05644000000000027
646,train,CC[C@H](NC(=O)c1c(N)c(nc2ccccc12)c3cccc(F)c3)c4ccccc4,4.05,3.8015600000000096,-0.24843999999999022
4019,train,CC(C)CCOc1ccc(N)cc1,2.67,2.2243500000000003,-0.44564999999999966
1815,train,COc1cc2c(Nc3cccc(Cl)c3Cl)c(cnc2cc1NCCN(C)C)C(=O)N,3.41,3.0295399999999986,-0.3804600000000016
3806,train,CN1CCN(CC1)c2ccc3N=CN(C(=O)c3c2)c4cc(NC(=O)c5cocc5)ccc4C,2.43,2.373140000000001,-0.05685999999999902
3088,train,COc1cnc(nc1NC(C)C)c2ccccn2,2.01,2.226843333333333,0.21684333333333328
1200,train,NC1(CCC1)c2ccc(cc2)c3ncc4nccn4c3c5ccccc5,1.3,1.6643895238095228,0.3643895238095227
1745,train,Cn1cc(nc1c2c3C(=O)N(CC#C)C(=O)N(CC4CC4)c3nn2Cc5ccnc6ccc(Cl)cc56)C#N,3.4,3.4516200000000032,0.05162000000000333
985,train,Oc1ccc(NC(=O)c2ccc(O)cc2)cc1,1.5,1.8250000000000002,0.3250000000000002
1055,train,COc1cc(ccc1Cn2ccc3ccc(NC(=O)OC4CCCC4)cc23)C(=O)NS(=O)(=O)c5ccccc5,2.2,2.0778600000000003,-0.12213999999999992
580,train,CNc1nc2ccccc2n1Cc3sc4N(CC(C)C)C(=O)N(C)C(=O)c4c3C(=O)N5CC[C@@H](O)C5,1.61,1.6583000000000028,0.048300000000002674
4007,train,O[C@@H](CNCCOc1cccc(CNCCc2ccccc2F)c1)c3ccc(O)c4NC(=O)Sc34,1.86,1.5853350000000033,-0.27466499999999683
1416,train,O=C(N1CC(=O)Nc2ccccc12)c3occc3,1.21,1.4986133333333325,0.2886133333333325
188,train,CC(C)OC(=O)N1CCC(CC1)Oc2ncnc(Nc3ccc(nc3C)S(=O)(=O)C)c2C,2.8,2.710974666666665,-0.08902533333333462
2585,train,O=C(NC1CC1)Nc2c[nH]nc2c3nc4cc(CN5CCOCC5)ccc4[nH]3,2.3,2.4419142857142857,0.14191428571428588
1859,train,CCCNC(=O)c1nnc2c(cccc2c1N)c3cc(C)ccc3OC,3.99,3.674349999999997,-0.3156500000000033
2742,train,Nc1ccccc1NC(=O)c2ccccn2,1.0,1.3097599999999976,0.3097599999999976
2451,train,CN(C)c1cccc(c1)C(=O)Nc2ccc(C)c(NC(=O)c3ccc(O)cc3)c2,2.65,2.589579999999999,-0.06042000000000103
3994,train,NC(=O)N1c2ccccc2C=Cc3ccccc13,1.65,1.4530160000000025,-0.19698399999999738
83,train,CNCCCC12CCC(c3ccccc13)c4ccccc24,0.89,1.2068534444444485,0.3168534444444485
467,train,COc1cc(N2CC[C@H](C2)N(C)C)c3NC(=CC(=O)c3c1)C(=O)Nc4ccc(cc4)N5CCOCC5,2.7,2.5048366666666677,-0.19516333333333247
2081,train,C[C@H](Nc1ncc(Br)c(Nc2cc(C)[nH]n2)n1)c3ncc(F)cn3,2.39,2.25798,-0.13202000000000025
1816,train,CN1C(C(=O)Nc2ncc(C)s2)C(=O)c3ccccc3S1(=O)=O,0.3,1.0696633333333265,0.7696633333333265
3743,train,Nc1ccc2ncnc(Nc3ccc(F)c(Cl)c3)c2c1,2.64,2.64919,0.00918999999999981
1806,train,O=S(=O)(NCC(N1CCCCCC1)c2ccccc2)c3ccc(cc3)C#N,2.86,2.8788,0.01880000000000015
909,train,COC(=O)NC1=CN=C(N(CC(=O)NC(C(C)C)C(=O)C(F)(F)F)C1=O)c2ccc(F)cc2,1.82,1.9456999999999998,0.1256999999999997
389,train,CC(C)Oc1cc(n[nH]1)n2cnc3cnc(N[C@@H](C)c4ncc(F)cn4)nc23,2.41,2.3165199999999992,-0.0934800000000009
171,train,CC(=O)Nc1nc(C)c(s1)c2cnc(F)c(NS(=O)(=O)c3sc(C)nc3C)c2,0.55,0.941586666666661,0.391586666666661
309,train,Nc1nc(cs1)c2ccccc2,2.43,2.3103800000000003,-0.11961999999999984
459,train,CS(=O)(=O)Nc1ccc(CCOCCCS(=O)(=O)CCNCCc2ccc(O)c3nc(O)sc23)cc1,1.34,1.5637249999999967,0.22372499999999662
1742,train,CNC1=Nc2ncccc2C(=NC1c3cccs3)c4cccs4,2.63,2.3720099999999995,-0.2579900000000004
6,train,COc1cc(OC)c(cc1NC(=O)CCC(=O)O)S(=O)(=O)NCc2ccccc2N3CCCCC3,-0.72,-0.4438200000000112,0.27617999999998877
2401,train,CCCc1c(O)c(ccc1OCCCOc2ccc3C(=O)C=C(Oc3c2CCC)C(=O)O)C(=O)C,3.0,2.7797853333333293,-0.22021466666667067
1017,train,COc1nc(N)nc2c1ncn2[C@@H]3O[C@H](CO)[C@@H](O)[C@H]3O,-0.58,-0.030720000000008962,0.549279999999991
2259,train,NC(=O)c1cccc(C[C@@H]2C[C@H]3CC[C@@H](C2)N3Cc4ccccc4)c1,1.11,1.2217047619047607,0.11170476190476064
2418,train,CN1CC(c2ccc(Cl)cc2)c3ccccc3C1,3.64,3.263338000000006,-0.3766619999999943
772,train,Cc1ccsc1CN2NC(=O)C3=C(C2=O)C(=O)c4ccc(Cl)cc4N3,1.15,1.1864600000000016,0.03646000000000171
1965,train,COCC[C@H](Oc1ncnc2c1cnn2c3ccccc3Cl)C(=O)Nc4ccc(C)cn4,3.6,3.1604133333333326,-0.43958666666666746
2725,train,CC[C@H](NC(=O)c1c(CS(=O)(=O)C)c(nc2ccccc12)c3ccccc3)c4ccccc4,3.25,3.2768428571428645,0.026842857142864496
3665,train,CN1CCOc2cc(COc3ccccc3)cnc12,3.3,3.0607799999999967,-0.2392200000000031
3968,train,CN(C1CCN(CCC(c2ccccc2)c3ccccc3)CC1)C(=O)Cc4ccc(cc4)C#N,3.7,3.591520000000008,-0.10847999999999214
1461,train,CC(C)NCCCOc1ccc(NC(=O)C)cc1CC=C,-0.01,0.593761857142868,0.603761857142868
3371,train,CS(=O)(=O)N1CCC(CC1)NC(=O)NC23CC4CC(CC(C4)C2)C3,2.7,1.99,-0.7100000000000002
968,train,OC(=O)CO[C@H]1[C@@H](Cc2ccccc12)NC(=O)c3cc4sc(Cl)c(Cl)c4[nH]3,1.38,1.5333866666666682,0.15338666666666834
306,train,Clc1ccc(cc1)C2(CCCC2)C(=O)Nc3oc(nn3)C(=O)Nc4ccc(cc4)N5CCOCC5,3.72,3.2782666666666715,-0.44173333333332865
1818,train,CO[C@H]1\C=C\O[C@@]2(C)Oc3c(C)c(O)c4c(O)c(NC(=O)\C(=C/C=C/[C@H](C)[C@H](O)[C@@H](C)[C@@H](O)[C@@H](C)[C@H](OC(=O)C)[C@@H]1C)\C)cc(O)c4c3C2=O,1.19,1.3779259999999987,0.1879259999999987
2808,train,CCCNC(=O)c1nnc2c(cccc2c1N)c3cnc(OC)nc3OC,3.26,3.0920600000000027,-0.1679399999999971
1183,train,NC(=O)c1cnc2[nH]c(nc2c1NCCCNC(=O)C3CCC3)c4ccc(OCCN5CCCCC5)cc4,2.48,2.4247400000000003,-0.05525999999999964
528,train,CC(C)n1c(C)ncc1c2ccnc(Nc3ccc(cc3)N4CCOCC4)n2,2.88,2.9753799999999972,0.09537999999999736
2252,train,NC(=O)c1cnc(N[C@H]2CCCNC2)c3cc(sc13)c4ccc(F)cc4F,1.97,1.932679999999999,-0.03732000000000091
2825,train,CC(C)n1c(C)ncc1c2nc(Nc3ccc(cc3)C(=O)N4CC[C@H](C4)N(C)C)ncc2F,2.36,2.2158504761904765,-0.1441495238095234
676,train,COc1ccc(Cl)cc1NC(=O)CCS(=O)(=O)c2ccc(Br)cc2,3.4,3.196140000000002,-0.20385999999999793
1917,train,OC(=O)c1cccc(c1)c2cccc(c2)C#N,0.3,1.0344899999999926,0.7344899999999925
2892,train,CN(C)CCCN1c2ccccc2Sc3ccc(cc13)C(F)(F)F,3.59,3.4107133333333373,-0.1792866666666626
3637,train,CN1C(=O)N(Cc2ccc(cc2)C(=O)O)C(=O)c3cc(ccc13)C#CCc4ccccc4,2.5,2.4725839999999986,-0.02741600000000144
691,train,C[C@H](CO)Nc1nc(SCc2cccc(F)c2F)nc3nc(NC4CC4)sc13,4.37,3.9986666666666677,-0.3713333333333324
1002,train,CN1CCNc2nc(CCOc3ccc(C[C@H](NC(=O)c4c(Cl)cccc4Cl)C(=O)O)cc3)ccc12,0.07,0.2687799999999898,0.1987799999999898
3218,train,Cc1c(Cl)ccc(OC2CCN(CC2)C3CCN(CC3)C(=O)c4cccc(c4)S(=O)(=O)C)c1Cl,3.33,2.918546666666672,-0.4114533333333279
4144,train,CCCCOc1nc(N)c2NC(=O)N(Cc3cccc(CC(=O)O)c3)c2n1,0.14,0.4512900000000035,0.3112900000000035
470,train,O=C(N1CCCC1)c2ccc(cc2)C(=C3CCN(Cc4cscn4)CC3)c5cccc6cccnc56,2.75,2.5641999999999987,-0.1858000000000013
3580,train,c1ccc2c(c1)nnn2c3ccncc3,1.69,1.8068200000000003,0.11682000000000037
463,train,Fc1cc(F)cc(c1)c2cc(on2)N(CCCN3CCCCCC3)Cc4ccc5OCOc5c4,3.84,3.3857213333333367,-0.45427866666666317
1053,train,COc1cc2nc(nc(N)c2cc1OC)N3CCN(CC3)C(=O)C4CCCO4,0.9,1.1938800000000052,0.29388000000000514
683,train,Cc1ccc(cc1)n2c(C)cc(C(=O)NS(=O)(=O)c3ccc(C)cc3)c2C,2.5,2.0922478571428567,-0.40775214285714334
1146,train,CC(C)C[C@H](CO)Nc1nc(SCc2ccccc2)nc3nc(N)sc13,4.2,3.837626666666667,-0.3623733333333332
1629,train,CC(C)Nc1nc(nc(N2CCOCC2)c1N)C#N,2.04,2.2550000000000003,0.2150000000000003
490,train,CC(CCc1cccc(OCc2ccc3ccccc3n2)c1)CC(=O)O,2.4,1.9672800000000001,-0.43271999999999977
1672,train,OC(=O)[C@H](Cc1ccc(F)cc1)N2CCC(CN3CCC(CC3)Oc4ccc(Cl)cc4)CC2,1.9,2.15866,0.2586599999999999
3261,train,CCN(C)C(=O)c1ccc(cc1)C(=C2CCN(Cc3cscn3)CC2)c4cccc5cccnc45,2.65,2.4957866666666684,-0.15421333333333154
974,train,N#Cc1ccc(cc1)C(c2ccc(cc2)C#N)n3cncn3,1.7,1.9092199999999984,0.2092199999999984
3321,train,CC(C(=O)O)c1ccc2oc(nc2c1)c3ccc(Cl)cc3,1.3,1.531109333333332,0.23110933333333206
1410,train,COC(=O)c1ccc2OCC(=O)N(CCN3CCC(CC3)NCc4ccc5OCC(=O)Nc5n4)c2c1,0.83,0.7053433333333374,-0.12465666666666253
4138,train,[O-][N+](=O)c1cccc2C(=O)C(=O)c3ccccc3c12,2.6,2.5225199999999983,-0.07748000000000177
1222,train,COC[C@H](C)Oc1cc(Oc2ccccc2)cc(c1)C(=O)Nc3ccc(cn3)C(=O)O,0.95,1.1215733333333395,0.17157333333333957
2728,train,COc1ccc2c(c1)c(c(C)n2CC(=O)O)c3ccnc4cc(Cl)ccc34,1.16,1.359340000000003,0.19934000000000318
2771,train,CC(C)C(NC(=O)CN1C(=O)C(=CC=C1c2ccccc2)NC(=O)OCc3ccc(cc3)C(=O)O)C(=O)C(F)(F)F,0.84,1.1383600000000025,0.2983600000000025
468,train,Oc1ccc(cc1)S(=O)(=O)Nc2nccs2,0.36,0.7161279999999983,0.35612799999999833
4188,train,COC(=O)COc1ccc(cn1)C(=O)Nc2ccc(F)cc2,2.43,2.5173533333333324,0.08735333333333228
2186,train,Fc1ccc(cc1)C(=O)N2CCC(CC2)C(=O)c3ccc(Cl)cc3,3.49,3.3450899999999963,-0.14491000000000387
4041,train,CC(C)COCC(CN(Cc1ccccc1)c2ccccc2)N3CCCC3,3.66,2.9868883333333356,-0.6731116666666646
3654,train,CN(c1ccnc(Nc2cc(cc(c2)N3CCOCC3)N4CCOCC4)n1)c5cccc6[nH]ncc56,3.23,3.1762499999999934,-0.053750000000006626
3167,train,COc1ccc(cc1)c2nc3c(NCCCNC(=O)C4CC4)c(Br)cnc3[nH]2,1.71,1.9888360000000007,0.27883600000000075
1896,train,C[C@@H]1CN(CC2(CC2)C(=O)N)CCN1S(=O)(=O)c3ccc(cc3)C(C)(O)C(F)(F)F,1.03,1.3160533333333375,0.2860533333333375
1033,train,COc1ccccc1S(=O)(=O)NC(=O)N2CCC(CC2)N3CCC(CC3)Oc4ccc(Cl)c(Cl)c4,0.89,1.2029200000000038,0.31292000000000375
1718,train,CC(C)(C)OC(=O)N1C[C@@H]2CC[C@H]1CN2c3ncc(OCc4ccc(cc4)S(=O)(=O)C)cn3,3.4,3.1799619047619085,-0.22003809523809137
2493,train,Oc1ccc(Br)c2ccccc12,4.3,3.4922,-0.8077999999999999
4088,train,CCNC(=O)c1cc2c(c(cnc2[nH]1)c3cnc(OC)c(c3)C4=NNC(=O)O4)n5ccc(n5)C(F)(F)F,2.32,2.4155200000000003,0.0955200000000005
2734,train,CC(C)(C)NC(=O)[C@@H]1CN(Cc2cccnc2)CCN1C[C@@H](O)C[C@@H](Cc3ccccc3)C(=O)N[C@@H]4[C@H](O)Cc5ccccc45,2.9,2.7563499999999976,-0.14365000000000228
2001,train,CN([C@H]1CC[C@@]2(CCCO2)C[C@@H]1N3CCCC3)C(=O)Cc4ccccc4,0.99,1.478299999999995,0.48829999999999507
177,train,C[C@@H](NC(=O)C1CCCCN1C)c2ccc(Nc3ncc4cc(ccc4n3)c5ccncc5)cc2,3.34,3.0717283333333345,-0.26827166666666535
365,train,COc1ccc(cc1C(=O)N)c2ccc3c(nc(nc3n2)N4CCOC[C@@H]4C)N5CCOC[C@@H]5C,2.82,2.4981399999999985,-0.32186000000000137
346,train,CC(C)Oc1cc(OCCc2cccnc2)cc(c1)C(=O)Nc3ccc(cn3)C(=O)O,0.81,1.320081333333333,0.5100813333333329
2218,train,NC(=O)c1cccc(C[C@H]2C[C@H]3CC[C@@H](C2)N3Cc4ccccc4)c1,1.19,1.2217047619047607,0.03170476190476079
2287,train,Clc1ccc(cc1Cl)[C@@H]2CNCC=CC2,1.95,1.893209428571428,-0.05679057142857191
212,train,CCCCCC[C@H]1OC(=O)CNC(=O)[C@H](NC(=O)[C@H](CO)NC(=O)[C@@H](NC(=O)[C@H](CC(C)C)N(C)C(=O)[C@@H]1C)[C@H](C)CC)[C@H](C)O,3.2,2.49253,-0.7074700000000003
2208,train,CC(C)n1c(C)ncc1c2nc(Nc3ccc(cc3)N4CCN(CC4)C(=O)CO)ncc2F,2.19,2.254031666666666,0.06403166666666626
1924,train,CC1=C(CCC(=O)O)C(=O)Oc2cc(O)ccc12,-0.7,-0.292826666666679,0.40717333333332095
1836,train,Nc1nccc(n1)c2cc3C(=O)NC[C@@H](CCF)c3[nH]2,0.51,0.5632600000000076,0.053260000000007635
3118,train,FC(F)(F)c1nnc2ccc(NCn3nnc4ccccc34)nn12,2.34,2.450829999999998,0.11082999999999821
7,train,CNc1cccc(CCOc2ccc(C[C@H](NC(=O)c3c(Cl)cccc3Cl)C(=O)O)cc2C)n1,0.34,0.25278000000001355,-0.08721999999998648
3592,train,CCCCCCCCCC(=O)N[C@@H](Cc1c[nH]c2ccccc12)C(=O)N[C@@H](CC(=O)N)C(=O)N[C@@H](CC(=O)O)C(=O)N[C@H]3[C@@H](C)OC(=O)[C@H](CC(=O)c4ccccc4N)NC(=O)[C@@H](NC(=O)[C@@H](CO)NC(=O)CNC(=O)[C@H](CC(=O)O)NC(=O)[C@@H](C)NC(=O)[C@H](CC(=O)O)NC(=O)[C@H](CCCN)NC(=O)CNC3=O)[C@H](C)CC(=O)O,-0.94,-0.5015999999999776,0.4384000000000223
80,train,CC1(CC1)c2nc(ncc2C(=O)N[C@@H]3C4CC5CC3C[C@@](O)(C5)C4)N6CCOCC6,2.0,2.13154,0.1315400000000002
2864,train,CC(C)(C)C(O)\C(=C/c1ccc(Cl)cc1Cl)\n2cncn2,3.8,3.4479599999999975,-0.35204000000000235
1843,train,Nc1nccc(n1)n2ccc3ccccc23,2.71,2.474156666666665,-0.23584333333333518
2233,train,CNC1(C)C2CCC(C2)C1(C)C,-0.84,0.18113999999999386,1.0211399999999937
481,train,CN(C)c1cccc2c(cccc12)S(=O)(=O)Nc3cnccn3,0.9,1.1790800000000057,0.27908000000000566
2086,train,C1Cc2ccccc2CN1c3ccncc3,1.4,1.6401899999999965,0.24018999999999657
272,train,Oc1ccc2nc(sc2c1)c3ccccc3,3.99,3.785619999999997,-0.20438000000000311
2240,train,Brc1ccc(cc1)C(=O)Cn2cnc3ccccc23,3.22,2.8982099999999975,-0.3217900000000027
2810,train,Fc1ccc(cc1)S(=O)(=O)Cc2cc(nc(n2)c3ccccn3)N4CCOCC4,1.59,1.6773299999999978,0.08732999999999769
1208,train,Clc1cccc2c3CN(CCc3[nH]c12)C(=O)[C@@H]4CCCC[C@H]4C(=O)NC5(CC5)C#N,3.59,3.3715800000000042,-0.21841999999999562
1265,train,CC#CCN1C(=O)N(CC2CC2)c3nn(Cc4ccnc5ccc(Cl)cc45)c(c3C1=O)c6cncn6C,3.61,3.4199799999999962,-0.19002000000000363
314,train,COc1ccc(Cl)c(Nc2ncnc3cc(OCC4CCN(C)CC4)c(OC)cc23)c1,2.0,2.2803880000000003,0.2803880000000003
1983,train,Fc1ccc(Nc2oc(nn2)C(=O)Nc3ccc(nc3)N4CCOCC4)cc1F,2.9,2.951859999999997,0.05185999999999691
1556,train,CN(c1ccc2c(C)n(C)nc2c1)c3ccnc(Nc4ccc(C)c(c4)S(=O)(=O)N)n3,3.3,3.0683999999999982,-0.23160000000000158
1061,train,Nc1ccnc(n1)c2cccnc2,0.44,1.0425066666666722,0.6025066666666723
3126,train,Oc1nc2ccccc2c(O)c1c3ccccc3,0.73,1.4586466666666635,0.7286466666666636
2199,train,CC(=O)Nc1nc(cs1)c2cccs2,2.77,2.6105099999999988,-0.15949000000000124
72,train,Cn1cncc1c2c3C(=O)N(CC#C)C(=O)N(CC4CC4)c3nn2Cc5ccnc6ccc(Cl)cc56,3.16,3.317339999999996,0.15733999999999604
1687,train,COc1cc(CO)cc(c1)N(C)c2ccnc(Nc3cc(cc(c3)N4CCOCC4)N5CCOCC5)n2,3.0,3.0761900000000013,0.07619000000000131
2351,train,Oc1cc(cc(c1)C(F)(F)F)C(=O)Nc2cccc(c2)c3nnn[nH]3,0.8,1.4703199999999943,0.6703199999999943
789,train,Cn1c(CN2CCN(CC2)c3ccccc3)nc4ccccc14,3.11,3.077179999999997,-0.032820000000002736
3331,train,CC1=C(C(=O)c2ccc(O)cc2O1)c3ccccc3,2.95,2.8194200000000027,-0.13057999999999748
3379,train,Cc1nc(C)c(nc1C(=O)N)c2ccc(cc2)[C@@H]3CC[C@@H](Cc4nnn[nH]4)CC3,1.4,1.6730399999999976,0.27303999999999773
327,train,CC(C)N1CCN(Cc2oc(nc2)c3cc(cc4[nH]ncc34)c5cccc6[nH]ccc56)CC1,3.49,3.3706133333333286,-0.11938666666667164
3517,train,NCC[C@@H](Oc1ccc(Cl)cc1C#N)c2ccccc2,0.91,0.9211200000000053,0.011120000000005237
1867,train,CC(C)C(NC(=O)CN1C(=O)C(=CC=C1c2ccccc2)NC(=O)OCc3ccncc3)C(=O)C(F)(F)F,2.41,2.3387599999999993,-0.07124000000000086
1301,train,COc1cc(ccc1Cc2cn(C)c3ccc(cc23)C(=O)NCCc4ccccc4)C(=O)NS(=O)(=O)c5ccccc5C,2.51,2.466414666666668,-0.04358533333333181
3100,train,CNC1CCN(C1)c2ccc(NC(=O)c3ccc(cc3)c4ccccc4)cn2,2.35,2.438380000000001,0.08838000000000079
1933,train,O=C1NC(=NC(=C1C#N)c2ccccc2)SCc3ccccc3,1.56,1.8527399999999976,0.29273999999999756
2620,train,CCOC(=O)[C@H](CCc1ccccc1)N[C@@H](C)C(=O)N2[C@H]3CCC[C@H]3C[C@H]2C(=O)O,-0.41,0.4364100000000062,0.8464100000000061
2120,train,Cc1ccc(COC(=O)N2CC[C@H](CNc3ncccn3)[C@H](F)C2)cc1,3.21,3.0718800000000037,-0.13811999999999625
2380,train,CN(c1ccnc(Nc2cc(OC3CCOCC3)cc(c2)N4CCOCC4)n1)c5cc(CO)ccc5C,3.7,3.511880000000009,-0.18811999999999118
2749,train,FC(F)(F)c1nnc2ccc(nn12)N3CCCC3,2.41,2.6181400000000012,0.2081400000000011
1384,train,CN1CCN(CC1)c2ccc(Nc3ncc(F)c(N[C@@H]4[C@@H]5C[C@@H](C=C5)[C@@H]4C(=O)N)n3)cc2C,2.9,2.7612499999999978,-0.13875000000000215
677,train,COCCNCc1ccc(Nc2ncc3cc(ccc3n2)c4ccncc4)cc1,1.86,2.2730571904761905,0.4130571904761904
3093,train,COCCN1CCC(Cc2ccc(cc2)C(=O)NCc3cnc(nc3NCC(C)(C)C)C#N)CC1,3.5,3.091146666666662,-0.40885333333333795
4181,train,CN1CCCC1CCOC(C)(c2ccccc2)c3ccc(Cl)cc3,3.04,3.183197333333331,0.14319733333333096
1993,train,COc1ccc(CN(CCN(C)C)c2ccccn2)cc1,1.39,1.6849800000000013,0.29498000000000135
3414,train,CNC(=O)c1cccc2c1c(Sc3ccc(Cl)cc3)c(C)n2CC(=O)O,-0.89,0.01444000000000667,0.9044400000000067
424,train,O=C(N1CCCCC1)c2scc3CCCCc23,3.16,2.8963434999999955,-0.2636565000000046
2948,train,NC1(CCC1)c2ccc(cc2)c3c(ccn4ccnc34)c5ccccc5,2.0,1.9989466666666669,-0.0010533333333331285
867,train,O[C@]1(CN2CCC1CC2)C#Cc3ccc(Oc4ccc(cc4)C(=O)NCc5ccnc6ccccc56)cc3,3.88,3.268444666666661,-0.6115553333333388
275,train,OC[C@H]1C[C@H]([C@H](O)[C@@H]1O)n2nnc3c(N[C@@H]4C[C@H]4c5ccc(F)c(F)c5)nc(SCCC(F)(F)F)nc23,3.99,3.8504599999999947,-0.13954000000000555
394,train,COCCNCc1cccc(CCNC[C@H](O)c2ccc(O)c3NC(=O)Sc23)c1,0.01,0.3473756666666732,0.3373756666666732
2827,train,Oc1ccc(cc1)C2=CC(=O)c3cc(O)ccc3O2,3.3,3.1991599999999956,-0.10084000000000426
2359,train,CNC(=O)c1snnc1c2ccccc2,1.23,1.645598571428573,0.41559857142857304
3124,train,COc1ccc(N(C(C(=O)NC[C@@H](C)O)c2ccccc2F)C(=O)c3occc3Cl)c(OC)c1,2.18,2.2194800000000003,0.03948000000000018
689,train,C[C@]12CC[C@H]3[C@@H](CCc4cc(O)ccc34)[C@@H]1CCC2=O,3.4,2.8285133333333343,-0.5714866666666656
2063,train,CS(=O)(=O)c1ccc(nc1)c2nnc(\C=C\c3oc(nn3)c4ccc(cc4)C#N)n2c5ccccc5Cl,2.66,2.5729999999999995,-0.08700000000000063
3847,train,OC(=O)C[C@@H]1CC[C@H](CC1)c2ccc(NC(=O)c3oc(Nc4ccccc4F)nn3)cc2,2.48,2.1736066666666667,-0.3063933333333333
2239,train,O=S(=O)(Nc1cccnc1)c2cccs2,0.54,0.9179466666666625,0.37794666666666243
1085,train,C[C@H](NC(=O)c1cccc2CCN(Cc3ccc(Cl)cc3)c12)c4ccc(cc4)C(=O)O,1.47,1.8751066666666678,0.40510666666666784
608,train,COc1ccc(cc1)C(=O)C2CCN(CC2)C(=O)c3occc3,2.42,2.4250333333333316,0.005033333333331669
3632,train,CCN(C1CCN(CCC(c2ccccc2)c3ccccc3)CC1)C(=O)Cc4ccc(cc4)S(=O)(=O)N(C)C,3.7,3.499090000000008,-0.20090999999999237
1151,train,CCCN(CCNCCc1ccc(O)c2NC(=O)Sc12)C(=O)CCOCCc3ccccc3,2.23,2.2538999999999993,0.023899999999999366
982,train,COc1ccc2cc(CCC(=O)C)ccc2c1,3.06,2.8689533333333332,-0.1910466666666668
2031,train,CCCN(CCC)CCc1cccc2NC(=O)Cc12,0.76,1.4983499999999985,0.7383499999999985
3376,train,CN(C)CCCN1c2ccccc2Sc3ccc(Cl)cc13,3.37,3.298039999999993,-0.07196000000000691
1460,train,COc1cc2ncc(C(=O)N)c(Nc3ccccc3F)c2cc1OC,2.81,2.9319400000000013,0.12194000000000127
759,train,COc1ccc2c(C)cc(N[C@H]3CCC[C@@H](C3)NCc4ccsc4)nc2c1,2.46,2.5446999999999997,0.08469999999999978
2355,train,Fc1ccccc1C(=O)Nc2c(cnn2c3ccccc3)C#N,1.7,1.7365600000000008,0.036560000000000814
972,train,Fc1cnc(NC(=O)[C@H](CC2CCOCC2)c3ccc(cc3)S(=O)(=O)C4CC4)s1,3.19,3.1375703809523805,-0.05242961904761945
1114,train,CC(C)NC(=O)c1ccc(C)c(c1)N2C=Nc3ccc(cc3C2=O)N4CCN(C)CC4,1.56,1.772059999999997,0.21205999999999703
3468,train,COc1cc(Nc2cc(Oc3cccnc3C)ccn2)cc(OC)c1OC,3.19,3.1918600000000046,0.0018600000000046357
1421,train,O[C@@H]1CN(CCN2C(=O)C=Cc3ccc(cc23)C#N)CC[C@@H]1NCc4ccc5OCC(=O)Nc5n4,0.11,0.290655523809525,0.180655523809525
1654,train,CCCCSc1nc(N)c2ncn(Cc3c(F)ccc(C)c3F)c2n1,3.0,2.7822399999999963,-0.21776000000000373
183,train,CCOc1ccccc1c2ccc(cc2)c3nc4ccc(F)cc4c(N[C@H](C)C(=O)O)c3C#N,2.5,2.0702089047619046,-0.42979109523809544
3265,train,CCC(CC)NC(=O)c1cnn(c1NS(=O)(=O)C2CCCC2)c3ccccc3,0.69,1.098796666666674,0.408796666666674
1791,train,COc1cc(F)ccc1c2cncc(CNC(=O)C3CC3)c2,2.9,2.8713833333333305,-0.0286166666666694
2075,train,O=C(CN1CCN(CC1)c2ccccc2)Nc3c(cnn3c4ccccc4)C#N,2.3,1.6434249999999961,-0.6565750000000037
237,train,COc1ccc2nc(N[C@H]3CCC[C@@H](C3)NCc4ccsc4)ccc2c1,2.43,2.418580000000001,-0.01141999999999932
1238,train,OC[C@H](Nc1ncc(Cl)c(Nc2cc([nH]n2)C3CC3)n1)c4ccc(F)cc4,3.75,3.3847566666666635,-0.3652433333333365
734,train,Oc1ccc(CCNCCS(=O)(=O)CCCOCCSc2ccccc2)c3sc(O)nc13,2.68,2.5507599999999977,-0.12924000000000246
2360,train,CC(C)(C)NC(=O)Nc1cccc(CN2NC(=O)C3=C(C2=O)C(=O)c4ccc(Cl)cc4N3)c1,1.77,1.6855600000000026,-0.0844399999999974
2616,train,O[C@H](CNC(=O)C1=CNC(=O)c2ccc(F)cc12)CN3CCC(CC3)Oc4ccc(Cl)c(Cl)c4,3.93,3.569,-0.3610000000000002
2759,train,COc1ccc(C(CN2CCCC2)N(C)C(=O)Cc3ccc(Cl)c(Cl)c3)c(OC)c1,3.07,2.869311333333331,-0.20068866666666896
1989,train,C[C@H]1CN(Cc2cc(Cl)ccc2CC(=O)O)CCN1S(=O)(=O)Cc3ccccc3,1.12,0.7952399999999984,-0.3247600000000017
913,train,COc1ccc(cc1)C(=O)N2CCC(CC2)C(=O)c3ccc(F)cc3,2.92,2.895919999999999,-0.02408000000000099
39,train,CNC(=O)C1(CCN(CC[C@H](CN(C)C(=O)c2c(OC)c(cc3ccccc23)C#N)c4ccc(Cl)c(Cl)c4)CC1)N5CCCCC5=O,2.78,2.6761599999999977,-0.10384000000000215
4042,train,CC1=CC2=NNC(=O)N2c3cc(ccc13)c4cccc(CO)c4,3.36,3.1332199999999917,-0.2267800000000082
3759,train,Cc1cc(CN2CCc3ccccc3C2C(=O)Nc4ccc(Cl)cc4Cl)ccc1OCC(=O)O,2.63,2.5483999999999996,-0.08160000000000034
476,train,CCCS(=O)(=O)N1CCCC(C1)C(=O)N2CCC(Cc3ccccc3)CC2,3.44,2.9921733333333282,-0.4478266666666717
4190,train,Cc1cccc(Nc2oc(nn2)C(=O)Nc3ccc(nc3)N4CCOCC4)c1,3.42,3.3442799999999946,-0.07572000000000534
4125,train,Cc1ccc(cc1NC(=O)c2ccc(OCc3ccccn3)cc2)c4cn(C)cn4,2.54,2.565580000000001,0.025580000000001046
2819,train,Fc1cc(c(F)cc1Oc2ccc(Cl)cc2c3ccnn3C4CNC4)S(=O)(=O)Nc5ncns5,1.0,1.289923999999997,0.28992399999999696
1870,train,O=C1Oc2ccccc2C=C1c3ccccc3,3.22,3.1622999999999966,-0.05770000000000364
3189,train,C[C@@H](Oc1cccc2ncnc(Nc3ccc4c(cnn4Cc5ccccn5)c3)c12)C(=O)N(C)C,2.89,2.973092000000004,0.08309200000000372
2003,train,COc1ccc(cc1)C(=O)Nc2cc(NC(=O)c3cccc(c3)N(C)C)ccc2C,3.17,3.0796799999999975,-0.0903200000000024
2537,train,CCN(CC)S(=O)(=O)c1ccc(NC(=O)C(C)(O)C(F)(F)F)cc1,2.63,2.6590300000000013,0.029030000000001444
1161,train,OC1=CC(=O)C2=C(O1)c3ccccc3N(Cc4ccccc4)C2=O,1.97,2.001079999999999,0.03107999999999911
198,train,OC(=O)COc1ccc(Cl)cc1CN2CCCN(CC2)S(=O)(=O)Cc3ccccc3,1.01,0.7782200000000099,-0.2317799999999901
2518,train,N#Cc1nc(nc(n1)N2CCOCC2)N3CCOCC3,1.51,1.7886,0.27859999999999996
156,train,COc1cccc(NC(=O)Cn2cc(Oc3ncnc4cc(OC)c(OC)cc34)cn2)c1,3.11,2.9934199999999973,-0.11658000000000257
3854,train,Nc1nc(nc2c1nc(O)n2Cc3ccccc3)c4ccccc4,4.16,3.2565466666666745,-0.9034533333333257
3004,train,CC(C)c1c(cnn1c2ccc(cc2)C(=O)O)C(=O)NC3C4CC5CC(CC3C5)C4,1.15,1.3534000000000002,0.20340000000000025
1740,train,O=C(C1CCN(CC1)c2nnc(s2)n3cccc3)N4CCc5ccccc5C4,3.7,3.0320400000000034,-0.6679599999999968
3249,train,NC(=O)Nc1cc(sc1C(=O)N)c2ccccc2,2.43,2.3354350000000004,-0.09456499999999979
105,train,O[C@@H](CNC1CCN(Cc2ccc(Cl)c(Cl)c2)CC1)COc3cccc(c3)C#N,3.09,2.602199999999999,-0.4878000000000009
432,train,O=C1C=C(Oc2c1cccc2c3cccc(c3)c4ccsc4)N5CCOCC5,4.2,3.580339999999997,-0.6196600000000032
3090,train,CCN(CC)CCNC(=O)c1cc(ccc1OC)S(=O)(=O)C,-0.9,0.23958666666667572,1.1395866666666756
3570,train,CNS(=O)(=O)NC1=CC=C(N(CC(=O)NC(C(C)C)C(=O)C(F)(F)F)C1=O)c2ccccc2,1.79,1.957060000000001,0.16706000000000087
2309,train,CC[C@H](NC(=O)c1c([S+](C)[O-])c(nc2cc(Cl)ccc12)c3ccccc3)c4ccccc4,3.07,3.025448,-0.044551999999999925
3539,train,O=C(Nc1ccc(nc1)N2CCOCC2)c3oc(Nc4cccc(OCc5ccccn5)c4)nn3,3.1,3.146933999999994,0.046933999999994036
2996,train,CCN1C=C(C(=O)O)C(=O)c2cc(F)c(cc12)N3CCNCC3,-0.87,-0.7291400000000059,0.1408599999999941
1787,train,CC1=CN([C@H]2CCCN(Cc3cccc(Oc4cccc(Br)c4)c3)C2)C(=O)NC1=O,3.68,3.4170999999999934,-0.2629000000000068
1880,train,CC(=O)Nc1ccc(cc1)S(=O)(=O)Nc2ccccn2,0.24,0.613579999999998,0.373579999999998
1062,train,Cc1nc(C)c(nc1C(=O)N)c2ccc(cc2)[C@@H]3CC[C@@H](CC(=O)N)CC3,2.7,2.187486666666667,-0.5125133333333332
271,train,Cc1cc(C(=O)CN2C=C(C=CC2=O)C(F)(F)F)c(C)n1Cc3ccccc3,3.46,3.078020000000005,-0.3819799999999951
2454,train,COc1cc2CC(CC3CCN(Cc4ccccc4)CC3)C(=O)c2cc1OC,2.41,2.4685000000000015,0.05850000000000133
200,train,CN1CCCN(CC1)C(c2ccccc2)c3ccc(Cl)cc3,2.36,2.5822099999999963,0.22220999999999647
2134,train,Oc1ccccc1OCC(=O)NC2CCCC2,2.31,2.36014,0.05013999999999985
2959,train,CN[C@@H](C)C(=O)N[C@H](C(=O)N[C@H]1CCCN(CCc2ccc(C)cc2)C1)C(C)(C)C,2.05,1.923559999999999,-0.12644000000000077
1527,train,OC(=O)c1cc(nc2ccccc12)c3ccccc3,-0.7,0.11013333333332342,0.8101333333333234
3765,train,COc1ccc2nccc(C(O)C3CC4(CCN3CC4)C=C)c2c1,2.08,2.219726666666667,0.13972666666666678
3652,train,C[C@H]1C[C@H]2[C@@H]3CC[C@](O)(C(=O)CO)[C@@]3(C)C[C@H](O)[C@@H]2[C@@]4(C)C=CC(=O)C=C14,2.12,2.1274560000000005,0.007456000000000351
887,train,CN(c1ccccc1)c2ccnc(Nc3cc(cc(c3)N4CCOCC4)N5CCOCC5)n2,3.47,3.32814,-0.14186000000000032
1316,train,Nc1[nH]ncc1S(=O)(=O)c2ccccc2,1.1,1.2598000000000036,0.1598000000000035
2386,train,S(c1ccccc1)c2ccc3ccccc3n2,3.92,3.4804000000000013,-0.43959999999999866
3557,train,OC(=O)COc1ccc(Cl)cc1C2CCCCC2,0.93,0.9897366666666647,0.05973666666666466
3506,train,OC(=O)COCCN1CCN(CC1)C(c2ccccc2)c3ccc(Cl)cc3,1.27,1.4604033333333337,0.1904033333333337
1048,train,COc1ccc2N=CC(=O)N(CCN3CC[C@H](NCc4ccc5OCC(=O)Nc5n4)[C@H](O)C3)c2c1,0.39,0.4152952857142962,0.02529528571429618
3824,train,Cc1ccsc1C(=CCCN2CCC[C@H](C2)C(=O)O)c3sccc3C,1.49,1.707515999999999,0.21751599999999893
1073,train,Fc1cc(cc(F)c1CN2CCOCC2)c3cccc4ncc(nc34)c5cnn(c5)C6CCNCC6,1.86,1.7729650000000001,-0.08703499999999997
2654,train,CC(C)n1c2ccccc2c3c(C)c(NC(=O)N4CCOCC4)ccc13,3.5,3.0739099999999944,-0.42609000000000563
1442,train,Nc1nnc(CCSCCc2nnc(N)s2)s1,-0.1,0.438773333333329,0.538773333333329
440,train,O[C@@H](CNCCc1cccc(CN2CCCC2)c1)c3ccc(O)c4NC(=O)Sc34,-0.28,0.3435533333333376,0.6235533333333376
3801,train,Cc1ccc([nH]1)C(=O)NC2CCN(CC2)c3cc(cc(Cl)n3)C(=O)N,2.64,2.3352250000000003,-0.3047749999999998
33,train,CS(=O)(=O)c1ccccc1C(=O)NC[C@@H](O)CN2CCC(CC2)Oc3ccc(Cl)c(Cl)c3,2.34,2.4418399999999982,0.10183999999999838
3199,train,Cc1ccc2c(c1)c(Sc3ccc(cc3)S(=O)(=O)C)c(C)n2CC(=O)O,-0.08,0.04947999999998398,0.129479999999984
4002,train,Cc1onc(c2ccccc2)c1c3ccc(cc3)S(=O)(=O)N,2.37,2.3239799999999993,-0.04602000000000084
3651,train,Cc1ccc(cc1NC(=O)CC23CC4CC(CC(C4)C2)C3)C(=O)N5CC6CNCC(C5)O6,2.12,2.015415,-0.10458500000000015
3604,train,CCCSc1nc(N[C@@H]2C[C@H]2c3ccccc3)c4nnn([C@@H]5C[C@H](OCCO)[C@@H](O)[C@H]5O)c4n1,3.87,3.828429999999992,-0.0415700000000081
3234,train,CCN1C(=O)C=Cc2cc(COc3cc(F)cc(c3)C4(CCOCC4)OC)ccc12,3.89,3.4753000000000087,-0.4146999999999914
1716,train,Nc1c(nnc2c(cccc12)c3ncccn3)C(=O)NC4CC4,1.5,1.5635999999999965,0.06359999999999655
2821,train,CC(C)(C)OC(=O)N1CCN(CC1)c2ccc(OCc3ccc(cc3)S(=O)(=O)C)nn2,2.8,2.851149999999998,0.05114999999999803
2750,train,COc1cc2c(Nc3cc(CC(=O)Nc4cccc(F)c4F)[nH]n3)ncnc2cc1OCCCN5CCC[C@@H]5CO,1.96,2.0449200000000003,0.08492000000000033
2588,train,Cc1onc(NS(=O)(=O)c2ccc(N)cc2)c1,-0.56,-0.3610600000000219,0.19893999999997813
257,train,Clc1ccc2OC(=O)Nc2c1,2.16,2.167733,0.00773299999999999
2995,train,CC1=C(C(=O)Oc2cc(O)ccc12)c3ccc(O)cc3,2.8,2.8278599999999985,0.027859999999998664
3603,train,OC(=O)CCc1ccc(NCc2cccc(Oc3ccccc3)c2)cc1,2.1,1.9814399999999988,-0.11856000000000133
1472,train,COc1ccc2nc(C)cc(c2c1)n3cc(CN4CCN(CC4)C(=O)C)nn3,1.3,1.769566666666665,0.4695666666666649
605,train,CCN(CC)CCOc1ccc(cc1OC)N(C)C(=O)c2ccc(cc2)c3ccc(cc3)C(F)(F)F,3.13,2.8617999999999992,-0.26820000000000066
40,train,OB1N(C(=O)Nc2ccccc12)c3ccccc3,1.4,1.2424400000000027,-0.15755999999999726
899,train,CCN(CC)CCOC(=O)c1ccc(N)cc1,0.0,0.5625200000000046,0.5625200000000046
1463,train,CN(C)C(=O)c1ncc(Oc2cc(cc3oc(C)cc23)C(=O)Nc4cnc(C)cn4)cn1,2.1,2.1515000000000004,0.05150000000000032
2047,train,CS(=O)(=O)Nc1cccc(NC(=O)CN2CCN([C@H](Cc3ccccc3)C2)C(=O)C[C@H](N)Cc4ccc(F)c(F)c4)c1,2.06,1.9371533333333335,-0.12284666666666655
1844,train,CCN(C1CCN(CCC(N2CCC(CC2)C(=O)C)c3ccccc3)CC1)C(=O)Cc4ccc(cc4)S(=O)(=O)C,0.9,1.4970000000000034,0.5970000000000034
1973,train,Cc1ccc2c(c1)c(c(C)n2CC(=O)O)c3ccnc4c(cccc34)S(=O)(=O)C,-0.34,-0.17134000000001182,0.1686599999999882
2729,train,Nc1nc(OC2CCCC2)nc3c1ncn3[C@@H]4O[C@H](CO)[C@H](Cl)[C@H]4O,2.16,1.8830200000000001,-0.27698
1673,train,COc1ccc2nc(C)cc(OCC(=O)Nc3ccccc3OC)c2c1,3.9,3.516300000000003,-0.38369999999999704
3488,train,O=C(OCCN1CCCCC1)c2c[nH]c3ccccc23,2.0,1.8373816666666671,-0.16261833333333287
337,train,CNCC[C@@H](Oc1ccc(cc1)C(F)(F)F)c2ccccc2,1.96,1.9204920079365078,-0.0395079920634922
1555,train,Cc1ccc2c(c(C)n(CC(=O)O)c2c1)c3ccnc4cc(Cl)ccc34,2.41,2.0115999999999996,-0.39840000000000053
2162,train,Oc1ccc(CCNCCCS(=O)(=O)NCCSCCc2ccccc2)c3sc(O)nc13,1.77,1.9579200000000008,0.18792000000000075
3493,train,CS(=O)(=O)Cc1cc(nc(n1)c2ccc3[nH]ccc3c2)N4CCOCC4,2.06,2.0797119999999993,0.019711999999999286
1559,train,Oc1ccc(Cl)cc1C(=O)Nc2ccccc2,2.9,2.878419999999998,-0.02158000000000193
3185,train,CC(=O)Nc1ccccc1C,1.0,1.46566,0.46565999999999996
2297,train,Cc1cc(CN2Cc3ccccc3C2C(=O)Nc4ccc(Cl)cc4Cl)ccc1OCC(=O)O,2.62,2.4328600000000007,-0.18713999999999942
2310,train,Fc1ccc(cc1)C(NC(=O)CC2CCN(Cc3ccn(c3)c4ccc(cc4)C(F)(F)F)CC2)C5=CNC(=O)C=C5,3.04,3.008066666666659,-0.03193333333334092
1714,train,CCCSc1c(cnn1[C@@H]2CC[C@@H](CC2)C(=O)O)C(=O)NC3CCCCC3,1.39,1.298629714285715,-0.09137028571428485
1765,train,CCc1c(cnn1c2ccc(cc2)C(=O)O)C(=O)NC3C4CC5CC(CC3C5)C4,0.9,1.1418200000000052,0.24182000000000514
3055,train,CC(C)(C)OC(=O)N1CCN(CC1)c2ccc(OCc3ccc(cc3)S(=O)(=O)C)nc2,3.1,2.984919999999995,-0.11508000000000518
125,train,NC1(CCN(CC1)c2ncnc3[nH]ccc23)C(=O)NCc4ccc(Cl)cc4,2.88,2.7338209999999945,-0.1461790000000054
1656,train,OC(=O)c1cc2ccccc2n1Cc3ccccc3,0.78,1.3606466666666694,0.5806466666666694
2466,train,CN(C1CCN(Cc2ccc(nc2)C(F)(F)F)CC1)C(=O)Cc3ccc(cc3)n4cnnn4,1.8,1.9027199999999977,0.1027199999999977
1664,train,NS(=O)(=O)NC(=O)CCCc1c([nH]c2ccc(cc12)C#N)c3ccc(F)cc3,1.95,1.8292333333333328,-0.12076666666666713
3702,train,COc1ccc(cc1)c2nc3CCCn3c2Br,3.3,3.11399333333333,-0.18600666666666976
17,train,CCC(COC(=O)c1cc(OC)c(OC)c(OC)c1)(N(C)C)c2ccccc2,3.77,3.0230566666666707,-0.7469433333333293
2480,train,Clc1ccc(cc1)C(=O)N[C@H]2CN3CCC2CC3,0.6,1.221104571428568,0.621104571428568
3999,train,Oc1ncnc2scc(c3ccccc3)c12,2.07,2.13362,0.06362000000000023
1641,train,COCCOc1cc2ncnc(Nc3cccc(c3)C#C)c2cc1OCCOC,3.35,3.1160599999999965,-0.2339400000000036
438,train,Oc1cc(O)c2C(=O)C(=COc2c1)c3ccc(O)c(O)c3,2.45,2.5194933333333323,0.06949333333333207
117,train,CC(C(Cc1nc2ccccc2[nH]1)c3nc4ccccc4[nH]3)c5ccccc5,4.48,3.7523400000000073,-0.7276599999999931
1469,train,O=C(Nc1ccccn1)c2ccc3[nH]c(nc3c2)c4ccc(NC(=O)C56CC7CC(CC(C7)C5)C6)cc4,4.24,3.607980000000001,-0.6320199999999994
3098,train,CCN(C1CCN(CC[C@H](c2ccc(cc2)S(=O)(=O)C)c3cc(F)cc(Cl)c3)CC1)C(=O)Cc4ccc(cc4)S(=O)(=O)C,2.71,2.611583666666664,-0.09841633333333588
1521,train,FC(F)(F)c1nnc2ccc(nn12)n3ccnc3,0.91,1.5591200000000018,0.6491200000000018
1171,train,CN(c1ncccc1CNc2nc(Nc3ccc4NC(=O)Cc4c3)ncc2C(F)(F)F)S(=O)(=O)C,2.63,2.6367250000000007,0.006725000000000758
1000,train,NC(=O)c1cccc(O[C@H]2C[C@H]3CC[C@@H](C2)N3Cc4ccccc4)c1,1.61,1.6976563095238086,0.08765630952380854
2026,train,CC(Cc1ccccc1)N(C)CC#C,2.16,2.3246900000000004,0.16469000000000023
2885,train,NC(=O)Nc1cc(sc1C(=O)N[C@H]2CCCNC2)c3ccc(cc3)C#N,0.61,0.8771999999999969,0.2671999999999969
1290,train,Oc1ccc(cc1)c2oc3ccc(O)cc3n2,3.4,3.2579200000000017,-0.1420799999999982
1008,train,O=C(Nc1ccc(Nc2ccc(NC(=O)c3ccccc3)c4C(=O)c5ccccc5C(=O)c24)c6C(=O)c7ccccc7C(=O)c16)c8ccccc8,2.63,2.6152200000000008,-0.014779999999999127
1692,train,OB1N(C(=Nc2ccccc12)S)c3cccnc3,-0.62,0.11197333333333281,0.7319733333333328
3453,train,Brc1cc(Br)cc(COC[C@@H](N2CCNCC2)c3ccccc3)c1,2.8,2.5893616666666666,-0.21063833333333326
2387,train,FC(F)(F)c1cc(C(=O)Nc2cccc(c2)c3nnn[nH]3)c4nc[nH]c4c1,1.1,0.9122400000000017,-0.18775999999999837
1076,train,OC(=O)c1ccccc1C(=O)N2CCC(CC2)N3CCC(CC3)Oc4ccc(Cl)c(Cl)c4,1.73,1.692608000000003,-0.03739199999999698
2834,train,Oc1ccccc1NC(=O)c2cc(ccc2Cl)[N+](=O)[O-],2.49,2.6202749999999986,0.13027499999999836
2577,train,Cc1oncc1C(=O)Nc2ccc(cc2)C(F)(F)F,3.9,3.4682600000000043,-0.43173999999999557
3945,train,CC(C)(C)c1ccc(cc1)C2=NC(=O)C(CC(=O)O)S2,-0.1,0.3780533333333278,0.4780533333333278
2745,train,COc1ccc2C(=CC(=O)N(CCN3CCC(CC3)NCc4cc5OCCOc5cn4)c2c1)C,1.72,1.5735099999999964,-0.14649000000000356
3111,train,Nc1nc(Nc2ccc(cc2)S(=O)(=O)N)nn1C(=O)c3c(F)cccc3F,1.87,2.098853333333333,0.2288533333333329
2013,train,CN1C(=O)N(CC2CC2)c3nn(Cc4ccnc5ccc(Cl)cc45)c(c6cc(cn6C)S(=O)(=O)C)c3C1=O,3.18,3.231459999999994,0.051459999999993844
728,train,CC1=CC2=NNC(=O)N2c3cc(ccc13)c4ccccc4CO,3.18,2.974019999999996,-0.20598000000000427
589,train,COC1=CC(=N/C/1=C\c2[nH]c(C)cc2C)c3cc4ccccc4[nH]3,2.55,2.5020999999999987,-0.047900000000001164
2173,train,NC(=O)c1sc(cc1N)c2ccc(Cl)cc2,3.3,2.9276799999999996,-0.3723200000000002
2014,train,CCCc1c(O)c(ccc1OCc2ccc(\C=C\c3nn[nH]n3)cc2)C(=O)C,3.3,2.7143933333333354,-0.5856066666666644
1225,train,NC1(CCC1)c2ccc(cc2)C3=NN4C=CC(=O)N=C4C=C3c5ccccc5,0.2,1.0223800000000038,0.8223800000000039
889,train,COc1cc2ncnc(Nc3cc4ccccc4cn3)c2cc1OC,3.9,3.58786,-0.31213999999999986
2434,train,OC(=O)COc1ccc(C(=O)c2cccs2)c(Cl)c1Cl,-0.84,-0.27028000000000807,0.5697199999999919
207,train,OC(=O)C1CCN(CC1)c2ncccc2c3ccc(Cl)c(c3)C(=O)NCC4CCCCCC4,2.53,2.5137333333333327,-0.016266666666667096
2405,train,CC1CC(NC(=O)C)c2ccccc2N1C(=O)c3ccccc3,2.0,1.985946666666667,-0.014053333333333029
1219,train,Nc1nc(Cl)nc(NCc2ccccc2)n1,2.26,2.2122,-0.04779999999999962
1110,train,Cc1cc(O)ccc1N2C(=O)c3ccc(O)cc3C2=O,2.0,2.037186666666667,0.03718666666666692
1751,train,CCCCC[C@@H](N1CCC[C@@H](C1)N2C=C(C)C(=O)NC2=O)c3ccc(C(=O)O)c(Oc4cccc(Br)c4)c3,1.69,1.4397366666666631,-0.25026333333333683
2483,train,COc1nc(Br)cnc1NS(=O)(=O)c2cccc3c(cccc23)N(C)C,1.9,1.8372400000000015,-0.06275999999999837
2272,train,CC(C)C(NC(=O)CN1C(=O)C(=CN=C1C(C)C)NC(=O)OCc2ccccc2)C(=O)C(F)(F)F,2.63,2.5708200000000003,-0.059179999999999566
2066,train,CCN1CCN(CC(=O)Nc2ccc(c3cccc4C(=O)C=C(Oc34)N5CCOCC5)c6sc7ccccc7c26)CC1,3.05,3.0482533333333293,-0.00174666666667056
1779,train,CC1=CN(Cc2ccccc2)C(=O)NC1=O,1.19,1.610320000000002,0.420320000000002
2396,train,Fc1cnc(NC(=O)C(CC2CCOCC2)c3ccc(cc3)S(=O)(=O)C4CC4)s1,3.3,3.1375703809523805,-0.16242961904761932
1271,train,Cc1c(c2cc(F)ccc2n1CC(=O)O)S(=O)(=O)c3ccc(Cl)cc3,-0.16,-0.025959999999990657,0.13404000000000935
1762,train,CS(=O)(=O)c1ccc(cc1)[C@H](CC2CCCC2)C(=O)Nc3nccs3,3.88,3.6194289047618975,-0.2605710952381024
965,train,Cc1ccc(cc1)C(=O)N2CCC(CC2)C(=O)c3ccc(Cl)cc3,3.79,3.5487066666666625,-0.24129333333333758
4052,train,Oc1ccnc2ccccc12,0.8,1.4347399999999948,0.6347399999999948
842,train,Clc1cccc(C(=O)N2CCN(CC2)c3ccccn3)c1Cl,2.98,2.8989800000000012,-0.08101999999999876
3316,train,CCNC(=O)c1cc2c(c(cnc2[nH]1)c3cc(cnc3OC)C4=NNC(=O)O4)n5ccc(n5)C(F)(F)F,2.91,2.683839999999998,-0.22616000000000236
189,train,Cc1ccccc1c2c(C(=O)O)n(CCCOc3cccc4ccccc34)c5ccccc25,3.89,3.3339400000000072,-0.5560599999999929
3613,train,COc1cc(Nc2c(cnc3cc(OC)c(OC)cc23)C#N)cc(OC)c1,3.5,3.2946599999999924,-0.20534000000000763
1602,train,CCS(=O)(=O)c1cccc(c1)c2cc(ccc2OCC(=O)O)C(F)(F)F,-0.66,-0.5053599999999872,0.15464000000001288
1520,train,CCOCc1nc2c(N)nc3ccccc3c2n1CC(C)(C)O,1.69,1.7217399999999996,0.03173999999999966
2157,train,CN(CCCOCCOCCc1ccccc1)CCc2ccc(O)c3nc(O)sc23,2.44,2.4478599999999977,0.007859999999997758
3937,train,CCCNC(=O)c1nnc2c(c(F)ccc2c1N)c3ncccn3,2.07,2.05288,-0.017119999999999802
638,train,Cc1cc(Cl)ccc1OC2CCN(C[C@H](O)CNC(=O)C3=CNC(=O)c4c(F)cccc34)CC2,3.0,2.9335000000000004,-0.06649999999999956
2140,train,CN1CCN(CC1)c2ccc3N=CN(C(=O)c3c2)c4cc(NC(=O)c5oncc5)ccc4C,1.75,1.8765466666666648,0.1265466666666648
2347,train,COCCOc1nc(N)c2NC(=O)N(Cc3ccccc3)c2n1,2.26,2.2459400000000005,-0.014059999999999295
746,train,CCCc1c(O)c(ccc1OCc2cccc(NC(=O)c3ccccc3C(=O)O)c2)C(=O)C,1.9,2.062899999999999,0.16289999999999916
3680,train,Cc1cc(CN2Cc3cccnc3CC2C(=O)Nc4ccc(Cl)cc4Cl)ccc1OCC(=O)O,1.15,1.5232599999999972,0.37325999999999726
3558,train,Oc1ccc2[nH]c(CN3CCC(Cc4ccc(F)cc4)CC3)nc2c1,3.8,3.406313333333329,-0.39368666666667096
2464,train,S=C(NC1CCCCC1)N2CCC(CC2)c3cnc[nH]3,2.3,1.9164600000000016,-0.3835399999999982
512,train,CCN(C1CCN(CCC(c2ccc(NC(=O)C)cc2)c3cccc(F)c3)CC1)C(=O)Cc4ccc(cc4)S(=O)(=O)C,2.41,2.4874316666666685,0.07743166666666834
3251,train,CCN(c1ccccc1)c2cc(NC)[n+](C)c(C)n2,-0.91,0.27007583333334617,1.1800758333333463
3326,train,Nc1c(nc(nc1N2CCOCC2)C#N)N3CCCC3,2.25,2.36302,0.11302000000000012
2167,train,O=C(Nc1nccs1)c2ccccc2,2.43,2.5125550000000008,0.0825550000000006
4096,train,Nc1nc(N)nc(n1)c2ccc(Cl)cc2,2.12,2.2865400000000005,0.16654000000000035
1383,train,C[C@@H](C[C@@](C)(CS(=O)(=O)N1CCN(CCc2ccc(Cl)cc2Cl)CC1)N(O)C=O)c3ncc(F)cn3,3.27,3.082680000000004,-0.18731999999999616
1876,train,CN1CCN(CC1)C(=O)OC2N(C(=O)c3nccnc23)c4ccc(Cl)cn4,1.1,1.5792000000000015,0.4792000000000014
3138,train,O=C(Nc1ccc(nc1)N2CCOCC2)c3oc(Nc4cccc(OCc5cccnc5)c4)nn3,3.3,3.2194366666666614,-0.08056333333333843
214,train,Cc1cnc([nH]1)c2ccc(C)c(NC(=O)c3ccc(OCc4ccccn4)cc3)c2,3.19,3.0741400000000043,-0.11585999999999563
3104,train,O[C@H](CNC(=O)C1=NNC(=O)c2ccccc12)CN3CCC(CC3)Oc4ccc(Cl)c(Cl)c4,3.69,3.3050733333333273,-0.38492666666667263
1781,train,C[C@H](NC(=O)c1c(C)nn(c1NS(=O)(=O)c2cccc(CN3CCOCC3)c2)c4ccccc4)C(C)(C)C,0.29,0.8995959999999961,0.609595999999996
768,train,CCOc1cc2nnc(C(=O)N)c(Nc3cccc(Cl)c3F)c2cc1N4CCN(C)CC4,1.99,2.2412,0.2512000000000001
1953,train,O=C1CCOc2cc(OCc3cccc(c3)C#N)ccc12,2.8,2.823379999999999,0.023379999999999068
2879,train,COc1cc2ncnc(Nc3cccc(Cl)c3F)c2cc1CN(C)[C@H](C)C(=O)N,3.44,3.3539660476190374,-0.08603395238096256
3228,train,CNc1c(Br)cnc2[nH]c(nc12)c3ccc(OCCN4CCN(C)CC4)cc3,2.91,2.875679999999995,-0.03432000000000501
2783,train,Cc1cc(nn1C[C@H](O)CN)c2ccc(Cl)c(c2)C(=O)NCC3(O)CCCCCC3,0.57,0.8898450000000047,0.3198450000000047
3029,train,Cc1ccc(cc1)C(=O)c2cc(O)c(O)c(c2)[N+](=O)[O-],0.74,1.38696,0.64696
3625,train,CC(C)N(CCNCCc1ccc(O)c2NC(=O)Sc12)C(=O)CCOCCc3ccccc3,2.33,2.2977999999999996,-0.03220000000000045
2011,train,CSc1ccc(OCc2ccccc2)c(\C=C\c3ccc(cn3)C(=O)O)c1,2.45,2.389519999999999,-0.06048000000000098
3811,train,COc1cc(cc(OC)c1OC)C(=O)NCc2ccc(OCCN(C)C)cc2,0.74,1.403321333333333,0.663321333333333
2535,train,Cc1oc(cc1C(=O)Nc2cccc(c2)C(=O)O)c3ccccc3,1.63,2.005373333333335,0.3753733333333349
2955,train,Nc1ccccc1NC(=O)c2ccc(CNC(=O)OCc3cccnc3)cc2,1.26,1.448074999999999,0.18807499999999888
1227,train,O=C(CC12CC3CC(CC(C3)C1)C2)Nc4ccc5[nH]ncc5c4,4.03,3.6147133333333334,-0.4152866666666668
1136,train,Oc1ccccc1CCC(=O)Nc2ccccc2,2.71,2.5520799999999975,-0.1579200000000025
2838,train,Cc1cn(C[C@H]2CN(C(=O)O2)c3ccc(C4=CCS(=O)(=O)CC4)c(F)c3)nn1,1.25,1.5471600000000045,0.29716000000000453
1364,train,CC(C)c1noc(n1)N2CCN([C@H](C)C2)c3ncc(OCc4ccncc4C#N)cn3,3.1,3.0995466666666607,-0.00045333333333941184
2150,train,COc1ccc(cc1OC)N2CCN([C@H](C)C2)C(=O)[C@@H]3CCCC[C@H]3C(=O)NC4(CC4)C#N,1.85,2.084856666666666,0.23485666666666605
809,train,CNC(=O)c1ccccc1Sc2ccc3c(\C=C\c4ccccn4)n[nH]c3c2,3.8,3.412499999999996,-0.38750000000000373
1668,train,COC[C@H](C)Oc1cc(Oc2ccc(cc2)S(=O)(=O)C)cc(c1)C(=O)Nc3ccc(cn3)C(=O)O,-0.41,0.36018666666666843,0.7701866666666684
1680,train,CC[C@H](NC(=O)c1c(O)c(nc2ccccc12)c3ccccc3)c4ccccc4,3.91,3.6271199999999997,-0.28288000000000046
1516,train,OC(=O)CC(=O)N[C@H]1[C@@H](Cc2ccccc12)NC(=O)c3cc4sc(Cl)c(Cl)c4[nH]3,1.18,1.2675599999999947,0.08755999999999475
2799,train,CCCSc1ncccc1C(=O)N[C@@H]2[C@@H]3CC4C[C@H]2C[C@@](O)(C4)C3,2.27,2.5077233333333337,0.23772333333333373
2349,train,NC(=O)c1cc(C(=O)N)n(n1)c2cccc(c2)c3cc(ccc3C(F)(F)F)C(F)(F)F,3.4,2.9144333333333354,-0.4855666666666645
1768,train,NC1(Cc2ccc(Cl)cc2)CCN(CC1)c3ncnc4[nH]ccc34,2.72,2.6897733333333282,-0.030226666666671953
2204,train,Cc1cc(NC(=O)Nc2ccc(Cl)cc2)n(n1)c3ccccc3,4.15,3.792973333333334,-0.35702666666666616
3795,train,C[C@@H]1CN(CCN1c2ncc(OCc3ccc(cn3)S(=O)(=O)C)cn2)C(=O)OC(C)(C)C,3.0,3.092207142857146,0.09220714285714582
1022,train,Clc1cc(Cl)cc(c1)S(=O)(=O)NCC(N2CCCCCC2)c3ccccc3,3.36,3.3303599999999918,-0.029640000000008104
1542,train,C[C@H]1O[C@H]([C@H](O)[C@H]1Cl)n2cnc3c(N)nc(OC4CCCC4)nc23,3.18,2.5383600000000013,-0.6416399999999989
1268,train,O=C1C=C(Oc2c1cccc2c3ccccc3)N4CCOCC4,2.9,3.0260479999999976,0.12604799999999772
1201,train,COC[C@H](C)Oc1cc(Oc2cc(F)cc(F)c2)cc(c1)C(=O)Nc3ccc(cn3)C(=O)O,1.36,1.411756,0.05175599999999991
562,train,OC(=O)C(N1CCC(CN2CCC(CC2)Oc3ccc(Cl)c(Cl)c3)CC1)c4ccccc4,2.17,2.293919999999999,0.12391999999999914
2792,train,COc1cc(OC)c(cc1NC(=O)C)S(=O)(=O)N2C(C)Cc3ccccc23,1.95,1.9372400000000007,-0.012759999999999216
3599,train,CC(C)(C)C(=O)NCc1ccc(NC(=O)N2CCCC(O)(C2)c3ccc(Cl)c(Cl)c3)cc1,3.93,3.4341093333333297,-0.4958906666666705
1780,train,CCCCCC1=CC(=O)NC(=N1)N,1.62,1.6252799999999978,0.005279999999997731
1049,train,Clc1ccc(cc1)S(=O)(=O)Nc2nnc(s2)c3ccccc3,1.14,1.6534799999999983,0.5134799999999984
3446,train,COc1ccc(cc1)c2nc(nc(O)c2C#N)N3CCOCC3,0.2,0.7541519999999975,0.5541519999999975
2207,train,OC(=O)Cc1cccc(c1)N2CCC(CN3CCC(CC3)Oc4ccc(Cl)c(Cl)c4)CC2,1.58,1.6515000000000026,0.07150000000000256
3928,train,COCCNc1nc(nc(NCC(C)C)c1N)C#N,2.8,2.4084000000000003,-0.3915999999999995
3663,train,Oc1cccc(NC(=O)c2ccc(OCCCN3CCCC3)cc2OCc4ccccc4)c1,3.07,2.8589799999999976,-0.2110200000000022
2446,train,Cc1nc2ccccn2c1c3ccnc(Nc4cccc(Cl)c4)n3,2.7,2.9454400000000014,0.2454400000000012
1943,train,O[C@H](CNC(=O)C1=CNC(=O)C=C1C(F)(F)F)CN2CCC(CC2)Oc3ccc(Cl)c(Cl)c3,2.71,2.9067199999999973,0.19671999999999734
1137,train,C[C@@H]1CN[C@@H]2[C@@H](C1)O[C@]3(CC[C@H]4[C@@H]5CC=C6C[C@@H](O)CC[C@]6(C)[C@H]5CC4=C3C)[C@@H]2C,2.63,2.3619733333333333,-0.26802666666666664
3363,train,CC(C)[C@@H]1N(C)c2ccccc2C[C@@H](CO)NC1=O,2.03,2.133224,0.10322399999999998
2197,train,Fc1ccc(Oc2cc(F)c(cc2F)S(=O)(=O)Nc3ncc(Cl)s3)c(c1)c4cn[nH]c4,2.7,2.4298450000000003,-0.2701549999999999
3820,train,COc1ccc2C=CC(=O)N(CCN3CCC(CC3)NCc4cc5OCCOc5cn4)c2n1,1.16,1.0458760000000056,-0.11412399999999434
2175,train,Nc1nc2cc3CCN(Cc4cccc(F)c4)CCc3cc2s1,3.3,2.955306666666666,-0.34469333333333374
1037,train,CC(C)CN1C(=O)N(C)C(=O)c2c1sc(Oc3cccc4ccccc34)c2C(=O)N5CC[C@@H](O)C5,2.87,2.6653999999999978,-0.20460000000000234
2002,train,Cc1[nH]c(C(=O)NC2CCN(CC2)c3cc(cc(Cl)n3)C(=O)O)c(Cl)c1Cl,1.74,1.455401333333336,-0.284598666666664
3868,train,Nc1ccc2cccc(Nc3ncccn3)c2n1,2.7,2.589320000000001,-0.110679999999999
3949,train,O=C(Nc1cc(ccn1)c2ccnc(Nc3ccccc3)c2)C4CCOCC4,3.7,3.442672000000008,-0.25732799999999223
3047,train,CCN1CCC[C@@H](CN2CCN(CC2)C(=O)Nc3ccc(Cl)c(Cl)c3)C1,1.94,2.0033813333333326,0.06338133333333262
4095,train,CNc1c(Br)cnc2[nH]c(nc12)c3cccc(N)c3,2.96,2.82494,-0.13506000000000018
715,train,CC(C)c1nc2ccccc2n1c3nc(N4CCOCC4)c5nc(OC6CN(C6)C7CCS(=O)(=O)CC7)n(C)c5n3,2.9,2.5523733333333314,-0.3476266666666685
2185,train,O=C1Nc2ccc(cc2C1=O)S(=O)(=O)N3CCC[C@H]3CNc4ccccc4,2.4,2.3978,-0.0021999999999997577
3834,train,Nc1nc(N)c2nc(CO)cnc2n1,-0.45,0.10851999999999373,0.5585199999999937
2803,train,[O-][N+](=O)c1ccc2NC(=O)CN=C(c3ccccc3Cl)c2c1,3.72,3.2203733333333373,-0.4996266666666629
3863,train,COCCOc1cc(Nc2nccc(n2)N(C)c3cc(CO)ccc3C)cc(c1)N4CCOCC4,3.3,3.3659199999999965,0.06591999999999665
1479,train,CCn1cc(NC(=O)Cc2ccc(Oc3ccnc4cc(OC)c(OC)cc34)cc2OC)cn1,3.42,3.411299999999993,-0.008700000000006813
521,train,Clc1cccc(CN2C=CN3C(=O)C=C(N=C23)N4CCOCC4)c1Cl,3.3,3.0017599999999987,-0.29824000000000117
1427,train,O=C(Nc1cccc(c1)c2nnn[nH]2)c3cccc4[nH]cnc34,-0.05,0.2961999999999838,0.3461999999999838
3,train,OC[C@H](O)CN1C(=O)C(Cc2ccccc12)NC(=O)c3cc4cc(Cl)sc4[nH]3,3.37,3.299225023809524,-0.07077497619047612
285,train,COc1ccc(cc1OC)N2CCN(CC2)C(=O)[C@@H]3CCCC[C@H]3C(=O)NC4(CC4)C#N,1.4,1.6318199999999963,0.23181999999999636
3507,train,C[C@@H]1CN(CCN1c2ncc(OCc3ccncc3C#N)cn2)C(=O)OC(C)(C)C#N,2.3,2.4574000000000007,0.15740000000000087
570,train,CN(C)CC(O)COc1ccc(Nc2nccc(Nc3ccccc3C#N)n2)cc1,1.2,1.6384166666666675,0.43841666666666756
1583,train,CCN(C1CCN(CCC(c2ccccc2)c3ccccc3)CC1)C(=O)Cc4ccc(cc4)S(=O)(=O)N,2.4,2.2769066666666666,-0.12309333333333328
537,train,COc1cc(C)c(c(C)c1)S(=O)(=O)N(C)CCOCC(=O)N2CCN(CC2)C3CCN(C)CC3,-0.4,0.19991999999999854,0.5999199999999986
4004,train,CCCc1c(cnn1c2ccccc2)C(=O)Nc3ccc(F)cc3C,3.89,3.3508600000000097,-0.5391399999999904
591,train,CCC(CCNC)Oc1cc(Cl)ccc1C#N,0.38,0.9869883333333374,0.6069883333333373
3541,train,CNc1nc2nc(SCc3cccc(F)c3F)nc(N[C@H](C)CO)c2s1,3.7,3.58502000000001,-0.11497999999999031
1172,train,CCc1nc2cc(O)ccc2c(Oc3ccc(\C=C\C(=O)O)cc3)c1c4ccccc4,3.0,2.66862333333333,-0.33137666666667
2270,train,C1NCC(CC=C1)c2oc3ccccc3c2,1.94,1.841606999999998,-0.09839300000000195
2676,train,CC(C)C[C@H](N1CCC[C@@H](C1)N2C=C(C)C(=O)NC2=O)c3ccc(C(=O)O)c(Oc4cccc(Cl)c4)c3,0.93,0.9327880476190449,0.002788047619044831
3206,train,Clc1ccc2oc3C(=O)NC(=Nc3c2c1)[C@@H]4CCCN4,2.01,2.0814499999999994,0.07144999999999957
454,train,CCNC(=O)C[C@H]1N=C(c2ccc(Cl)cc2)c3cc(OC)ccc3n4c(C)nnc14,2.42,2.461407999999999,0.04140799999999922
130,train,Cc1ccc(cc1)S(=O)(=O)NC(=O)N2CCC(CC2)N3CCC(CC3)Oc4ccc(Cl)cc4Cl,1.52,1.65226,0.13226000000000004
864,train,C[C@@H](NC(=O)c1c(C)nn(c1NS(=O)(=O)c2ccc(C)cc2)c3ccccc3)C(C)(C)C,1.2,1.231762857142851,0.031762857142850986
2136,train,CCC[C@@H](CNC(=O)c1nc(Cl)c(N)nc1N)[N+](C)(C)CCCc2ccc(OC)cc2,0.4,1.0940399999999992,0.6940399999999992
3492,train,OC(=O)COc1ccc(cc1c2ccccc2)C#N,-1.08,-0.6644400000000208,0.4155599999999793
3459,train,COc1ccc2ncc(F)c(CCN3CCC(CC3)NCc4ccc5OCC(=O)Nc5n4)c2n1,1.78,1.4733183333333342,-0.30668166666666585
1181,train,OCC(=O)N1CCC(CC1)c2[nH]nc(c3ccc(Cl)cc3F)c2c4ccncn4,1.79,2.09894,0.30893999999999977
1545,train,NC(=O)c1cccc(O[C@@H]2C[C@H]3CC[C@@H](C2)N3CCc4ccccc4)c1,2.0,1.7440483333333336,-0.25595166666666636
3882,train,CC(C)n1c(C)ncc1c2ccnc(Nc3ccc(cc3)C(=O)NC4CCN(C)CC4)n2,1.87,1.9977733333333338,0.12777333333333374
2705,train,CC(=O)Nc1ccc(Nc2ncc3cc(ccc3n2)c4ccncc4)cc1,3.04,3.012538999999992,-0.027461000000008173
190,train,C[C@@H](NCc1ccccc1c2ccc(CCNC[C@H](O)c3ccc(O)c4NC(=O)Sc34)cc2)c5ccccc5,2.28,1.9742899999999983,-0.3057100000000015
3789,train,CN(C)c1cccc(c1)C(=O)Nc2ccc(C)c(c2)C(=O)Nc3cccnc3,3.01,2.882346666666671,-0.12765333333332896
3311,train,Clc1ccc(OC2CCN(CC2)C3CCN(CC3)S(=O)(=O)NC(=O)c4ccccc4)cc1Cl,2.14,2.1570600000000004,0.017060000000000297
2605,train,CCS(=O)(=O)Nc1cccc2c1c(Oc3ccc(Cl)cc3)c(C)n2CC(=O)O,-0.29,-0.38641999999998866,-0.09641999999998868
4175,train,CC(C)(C)OC(=O)N1CCN(CC1)c2ncc(OCc3ccc(cc3)S(=O)(=O)C)nn2,2.93,2.928145666666668,-0.001854333333332292
1434,train,CCCSc1nc2ccc(NC(=O)CCNC(=O)N)cc2s1,2.9,2.4755666666666643,-0.42443333333333566
3246,train,Nc1c(Nc2ccccc2)nc(nc1N3CCOCC3)C#N,2.72,2.7169319999999955,-0.0030680000000047336
586,train,CC(C)C(NC(=O)CN1C(=O)C(=CN=C1C2CCCCC2)NC(=O)OCc3ccccc3)C(=O)C(F)(F)F,2.87,2.682959999999998,-0.18704000000000232
3353,train,c1ccc(nc1)c2n[nH]c(n2)c3ccncc3,1.48,1.9124083333333315,0.4324083333333315
831,train,COc1cccc2c(ccnc12)c3c(C)n(CC(=O)O)c4ccc(C)cc34,0.49,0.6943600000000008,0.20436000000000076
2944,train,Cc1cc(Nc2ccc(F)cc2)nc(N)n1,2.08,2.1542,0.07419999999999982
4108,train,CC(C)N(C(C)C)c1nnc(N)s1,1.49,1.2624199999999983,-0.22758000000000167
1232,train,CC(C)Oc1cc(Nc2nc3c(cc2F)ncn3[C@@H](CO)c4ccc(F)cn4)n[nH]1,2.97,2.7859999999999987,-0.1840000000000015
2957,train,CN1CCC(CC1)n2cc(cn2)c3cnc(N)c(c3)c4oc5cc(F)ccc5n4,3.35,3.113739999999997,-0.23626000000000325
1253,train,OCC[C@]1(CCCNC1)c2ccc(Cl)c(Cl)c2,0.62,0.7569668571428554,0.1369668571428554
2773,train,Cc1nc(C)c(nc1C(=O)N)c2ccc3c(CC[C@@]34CC[C@H](CC4)C(=O)O)c2,1.3,1.4493999999999985,0.14939999999999842
3582,train,Nc1nc(O)cc(n1)c2ccc(O)cc2,1.05,1.4172199999999961,0.3672199999999961
3729,train,O=S(=O)(Nc1cccnc1)c2ccc3OCCOc3c2,1.34,1.473779999999999,0.1337799999999989
2415,train,C[C@H]1COCCN1c2cc(nc(n2)c3cccc4[nH]ccc34)C5(CC5)S(=O)(=O)C,2.8,2.73426,-0.06573999999999991
3279,train,CN([C@@H]1CCN(Cc2nc3cc(F)ccc3s2)C[C@@H]1F)C(=O)Cc4ccc(cc4)S(=O)(=O)C,2.2,2.225021666666667,0.025021666666666942
1282,train,Nc1nonc1\C(=N\O)\Nc2ccc(F)c(Cl)c2,2.7,2.462860000000001,-0.23713999999999924
1580,train,OC(=O)[C@H](Cc1ccccc1C#N)N2CCC(CN3CCC(CC3)Oc4ccc(Cl)c(Cl)c4)CC2,2.12,2.2299200000000003,0.10992000000000024
2952,train,Oc1ccc(cc1)N2C(=O)c3ccccc3C2=O,2.0,2.01622,0.016220000000000123
3728,train,CN(C)CCNc1cc(nc2cc(nn12)c3ccc(F)cc3)c4ccccc4,4.5,3.8187666666666638,-0.6812333333333362
2917,train,NC(=O)C1=CN(Cc2ccc(Cl)cc2Cl)C(=O)C=C1,2.36,2.020226666666667,-0.33977333333333304
3229,train,COc1cc2nc(nc(N)c2cc1OC)N3CCN(CC3)C(=O)c4occc4,1.9,2.0821199999999997,0.18211999999999984
1459,train,COc1ccc(Oc2ncccc2C(=O)NCc3ccccc3Cl)cc1,3.59,3.3469100000000047,-0.24308999999999514
3062,train,Fc1ccc(C2CCN(CC2)C(=O)COCc3ccncc3)c(Cl)c1,2.7,2.8776933333333363,0.17769333333333615
3176,train,Cn1ncc2C(=O)NC(=Nc12)c3ccccc3,1.61,1.9624700000000002,0.35247000000000006
1213,train,CC#Cc1ccnc(c1)c2cc(ccc2O)C3(N=C(C)C(=N3)N)C4CC4,3.6,3.038386666666667,-0.5616133333333333
775,train,CN1C(=O)c2c(onc2c3ccccc3)C=C1c4ccncc4,2.61,2.8505480000000016,0.24054800000000176
2319,train,Cc1nc(C)c(nc1C(=O)N)c2ccc(cc2)[C@@H]3CC[C@@H](CCC(=O)O)CC3,1.6,1.4536590476190443,-0.1463409523809558
2975,train,NC(=O)c1cccc(O[C@H]2C[C@H]3CC[C@@H](C2)N3Cc4ccccc4)n1,1.71,1.677528714285716,-0.032471285714283926
1140,train,Fc1ccc(C2CCN(CC2)C(=S)COCc3ccncc3)c(Cl)c1,4.23,3.578844000000006,-0.6511559999999945
3247,train,COc1cc(N2CCN(C)CC2)c3NC(=CC(=O)c3c1)C(=O)Nc4ccc(cc4)N5CCOCC5,2.7,2.5542800000000017,-0.14571999999999852
3180,train,N(c1ccccc1)c2ccnc(Nc3ccccc3)n2,4.06,3.7698600000000018,-0.29013999999999784
2019,train,CC1=CC(=O)Oc2cc3NCCCc3cc12,2.7,2.546510000000001,-0.15348999999999924
1860,train,CNC(=O)c1ccc(CN2CCC(CC2)c3ccc(cc3)C(=O)Nc4ccccc4N)cc1,1.99,2.0849159999999998,0.09491599999999978
278,train,NC(=O)N1c2ccccc2CC(=O)c3ccccc13,1.28,1.348475,0.06847500000000006
3800,train,CNC(=O)c1[nH]cnc1C(=O)Nc2ccc(OC)cc2,2.2,1.9244199999999982,-0.27558000000000193
2693,train,Cc1nc(Nc2ncc(s2)C(=O)Nc3c(C)cccc3Cl)cc(n1)N4CCN(CCO)CC4,3.41,3.019263333333332,-0.39073666666666806
31,train,CN([C@@H]1CCN(Cc2ccc(cc2)C(F)(F)F)C[C@@H]1F)C(=O)Cc3ccc(cc3)n4cnnn4,3.3,3.2205166666666614,-0.07948333333333846
2741,train,COc1ccc(cc1)c2cc(ccc2OCC(=O)O)C(F)(F)F,0.29,0.6177199999999974,0.3277199999999974
2568,train,c1ccc2ncccc2c1,2.09,2.1129,0.02289999999999992
1185,train,CC(C)n1c(C)ncc1c2ccnc(Nc3ccc(C(=O)NCCN(C)C)c(F)c3)n2,1.96,2.193124,0.2331240000000001
447,train,CCn1nc(C)c(C(=O)N[C@@H](C)C(C)(C)C)c1NS(=O)(=O)c2ccc(C)cc2,0.95,0.9246000000000076,-0.025399999999992318
2400,train,ONC(=O)C1COC(=N1)c2ccc(F)c(c2)C(F)(F)F,1.53,1.931206666666668,0.40120666666666804
1155,train,NC(=N)Nc1nc(CSCCC(=N)NS(=O)(=O)N)cs1,-0.6,0.10620061904760991,0.7062006190476099
3352,train,Cc1c(Oc2ccc(Cl)cc2)c3c(NS(=O)(=O)C)cccc3n1CC(=O)O,-0.98,-0.6935200000000017,0.2864799999999983
2769,train,CCCCCCN1CC[C@@]2(C)[C@@H](C)C1Cc3ccc(O)cc23,2.5,2.2402883333333334,-0.25971166666666656
3074,train,CCN(CC)Cc1cc(Nc2ccnc3cc(Cl)ccc23)ccc1O,2.9,2.8468166666666646,-0.05318333333333536
3450,train,CCN(CC)CCCC(C)Nc1c2ccc(Cl)cc2nc3ccc(OC)cc13,2.17,2.3039199999999997,0.13391999999999982
1852,train,Cc1c(OCC(F)(F)F)ccnc1C[S+]([O-])c2nc3ccccc3[nH]2,2.7,2.2637,-0.43630000000000013
1873,train,CS(=O)(=O)n1c2ccccc2c3cc(NC(=O)N4CCOCC4)ccc13,2.7,2.659680000000001,-0.04031999999999902
1004,train,OC(c1ccc(cc1)N(CC(F)(F)F)S(=O)(=O)c2ccccc2)(C(F)(F)F)C(F)(F)F,4.5,3.614006666666664,-0.8859933333333361
3529,train,C[C@@](O)(C(=O)Nc1ccc(cc1Cl)C(=O)N2CCCCC2)C(F)(F)F,2.62,2.6906799999999973,0.07067999999999719
79,train,CC1COc2c(N3CCN(C)CC3)c(F)cc4C(=O)C(=CN1c24)C(=O)O,-0.45,-0.2957145238095267,0.15428547619047334
1195,train,CN(C)C1=C(C)N(C)N(C1=O)c2ccccc2,0.78,1.1910066666666685,0.4110066666666685
658,train,CS(=O)(=O)N1CCc2c1nc(nc2c3cnc(N)nc3)N4CCOCC4,1.2,1.4010599999999953,0.20105999999999535
421,train,COc1cc(ccc1Nc2ncc(Cl)c(n2)c3cnc4c(F)cccn34)N5CCN(CC5)C(=O)C,3.5,3.431379999999992,-0.06862000000000812
3116,train,COc1cc(ccc1Nc2ncc(Cl)c(n2)c3cnc4cc(Cl)ccn34)N5CCN(CC5)C(=O)C,4.2,3.900380000000003,-0.29961999999999733
1019,train,CCN(C1CCN(CCC(N2CCN(CC2)c3ccccc3)c4ccccc4)CC1)C(=O)Cc5ccc(cc5)S(=O)(=O)C,2.67,2.5742400000000014,-0.09575999999999851
3173,train,CCN(C1CCN(CC[C@@H](c2ccccc2)c3ccc(cc3)S(=O)(=O)C)CC1)C(=O)Cc4ccc(cc4)S(=O)(=O)C,1.38,1.8377133333333318,0.45771333333333186
3240,train,Cc1cc(Cl)ccc1OC2CCN(CC3CCN(CC3)[C@@H](Cc4ccc(F)cc4)C(=O)O)CC2,2.53,2.467199999999999,-0.06280000000000063
1894,train,F[C@H]1CN(CCN2C(=O)C=Cc3ccc(cc23)C#N)CC[C@H]1NCc4ccc5OCC(=O)Nc5n4,0.66,0.6529919999999974,-0.007008000000002679
1954,train,Cc1nc(C)c(nc1C(=O)N)c2ccc([C@@H]3CC[C@H](CC(=O)O)CC3)c(F)c2,1.2,1.2997357142857124,0.09973571428571248
756,train,[O-][N+](=O)c1ccc2c(c1)nc3CCCCCn23,2.58,2.426599999999998,-0.1534000000000022
1407,train,CC1SC2=C(C(=O)O)C(=O)c3cc(F)c(cc3N12)N4CCN(CC5=C(C)OC(=O)O5)CC4,0.47,0.5318333333333418,0.061833333333341844
1242,train,OC(=O)CNCCNc1ccc(Cl)c(c1)C(=O)NCC23CC4CC(CC(C4)C2)C3,1.94,1.6814366666666642,-0.2585633333333357
2314,train,CCCC(=O)Nc1ccc2c3ccccc3C(=O)C(=O)c2c1,2.81,2.8398666666666648,0.02986666666666471
1135,train,Brc1ccc(cc1)S(=O)(=O)NCC(N2CCCCCC2)c3ccccc3,3.21,3.120020000000004,-0.08997999999999617
3889,train,OC(=O)COc1ccc(Cl)cc1CN2CCC(CC2)S(=O)(=O)c3ccccc3,0.48,0.6615199999999999,0.1815199999999999
2786,train,OC1(CCN(CC1)c2ccc3nnc(n3n2)C(F)(F)F)c4ccc(F)cc4,3.5,3.102646666666661,-0.397353333333339
2853,train,Cc1nc(C)c(nc1C(=O)N)c2ccc3c(CC[C@@]34CC[C@H](Cc5nnn[nH]5)CC4)c2,2.0,1.8395799999999995,-0.16042000000000045
4016,train,CC(C)NC(=O)c1cc2c(c(cnc2[nH]1)c3cncc(c3)C(=O)O)n4ccc(n4)C(F)(F)F,-0.62,-0.43416000000000476,0.18583999999999523
1422,train,CNC(=O)c1ccc2C(=O)C=C(Nc2c1)c3cccnc3,1.01,1.3972000000000044,0.38720000000000443
3483,train,CC1=CC(=O)Nc2sc(C(=O)c3ccc(Br)cc3)c(N)c12,2.57,2.410330000000001,-0.15966999999999887
1872,train,Cc1nc(cs1)C(=O)N2CCCC3(CCN(Cc4ccccc4)CC3)C2,0.24,0.9073199999999915,0.6673199999999915
2266,train,Cc1ccccc1C(=O)N2CCN(CC2)c3ccccn3,2.18,2.2111600000000005,0.0311600000000003
2680,train,CCC(N(CC1CCNCC1)C(=O)c2ccc(C)cc2)C3=Nc4ccsc4C(=O)N3Cc5ccccc5,1.33,1.6107856666666658,0.2807856666666657
3926,train,C[C@H](NC(=O)\C=C\c1ccccc1)c2cccc(c2)N3CCOCC3,3.24,2.8043600000000026,-0.4356399999999976
340,train,COC(=O)CCCC(=O)Nc1ccc2C(=O)C(=O)c3ccccc3c2c1,2.96,2.720925,-0.23907500000000015
3752,train,CCCSc1c(cnn1[C@@H]2CC[C@H](CC2)C(=O)O)C(=O)NC3CCCCC3,1.03,1.298629714285715,0.268629714285715
3831,train,ONC(=O)Cc1ccc(OCc2ccccc2)cc1,1.92,2.1572199999999997,0.23721999999999976
3027,train,NC1CCc2cc(OC(=O)c3ccccc3)c(OC(=O)c4ccccc4)cc2C1,2.6,2.18338,-0.41662
1306,train,CCOc1cccc(Nc2oc(nn2)C(=O)Nc3ccc(nc3)N4CCOCC4)c1,3.6,3.3787999999999982,-0.22120000000000184
1119,train,CC(C)NCC(O)COc1ccccc1CC=C,0.99,0.9826139999999934,-0.007386000000006554
439,train,CO[C@@H]1CC[C@@]2(CC1)Cc3ccc(cc3C24N=C(C)C(=N4)N)c5cncc(Br)c5,3.4,3.1708600000000025,-0.22913999999999746
3123,train,CN(C)CCCN1c2ccccc2CCc3ccc(Cl)cc13,3.36,3.2321599999999924,-0.1278400000000075
777,train,COC(=O)CCC(=O)Nc1ccc2C(=O)C(=O)c3ccccc3c2c1,2.72,2.6932999999999967,-0.0267000000000035
299,train,COc1ccc(cc1)C(=O)NCc2cn(nn2)c3cc(C)nc4ccc(OC)cc34,3.5,3.015616666666663,-0.48438333333333716
1,train,COc1cc(OC)c(cc1NC(=O)CSCC(=O)O)S(=O)(=O)N2C(C)CCc3ccccc23,-1.18,-1.0245199999999866,0.15548000000001339
3751,train,C[C@H](Nc1nc(NC[C@@H](O)CO)c(Cl)c(Nc2cc([nH]n2)C3CC3)n1)c4ccc(F)cc4,3.39,3.258060000000003,-0.13193999999999706
3596,train,NC1(CCC1)c2ccc(cc2)c3nc4ccccc4cc3c5ccccc5,3.6,3.0762,-0.5238
2131,train,O=C1COC2(CCN(CC2)S(=O)(=O)c3ccc(cc3)c4ccc5cccnc5c4)CN1C6CC6,3.24,2.8967100000000006,-0.34328999999999965
3056,train,COc1cnc(nc1Oc2ccc(F)cc2F)c3ccccn3,3.1,2.826429999999996,-0.2735700000000043
2595,train,C[C@H](Nc1ncc(F)c(Nc2cc(C)[nH]n2)n1)c3ncc(F)cn3,1.79,1.9076800000000005,0.11768000000000045
3018,train,CC(C)(C)OC(=O)N1CCN(CC1)c2ncc(OCc3c(F)cncc3F)cn2,3.7,3.328400000000008,-0.3715999999999924
2118,train,CN(C)C(=O)N[C@@H]1CC[C@@H](CCN2CCN(CC2)c3cccc(Cl)c3Cl)CC1,3.6,3.3351066666666673,-0.26489333333333276
840,train,ON=Cc1oc(cc1)[N+](=O)[O-],1.31,1.6249066666666634,0.31490666666666334
3504,train,Cc1ccc(CNC(=O)C2CCCN2S(=O)(=O)c3ccc(F)cc3)cc1,2.9,2.7958679999999974,-0.10413200000000256
24,train,CNCC[C@@H](Oc1ccccc1C)c2ccccc2,1.2,1.2178972380952309,0.017897238095230916
1812,train,CC(C)C(NC(=O)CN1C(=O)C(=CN=C1c2ccccc2)NC(=O)OCc3ccccc3)C(=O)C(F)(F)F,2.12,2.18404,0.06403999999999987
520,train,CC(=O)c1ccc(nc1)N2CCN(CC2)S(=O)(=O)C[C@]34CC[C@H](CC3=O)C4(C)C,2.21,2.3517342857142847,0.1417342857142847
1842,train,CS(=O)(=O)c1ccc(c[n+]1[O-])C(=O)Nc2ccc(F)cc2,0.84,1.5197000000000018,0.6797000000000019
976,train,COC[C@H](C)Oc1cc(O[C@@H](C)Cc2ccccc2)cc(c1)C(=O)Nc3ccc(cn3)C(=O)O,1.5,1.4728866666666631,-0.027113333333336875
3623,train,Cc1ccc(cc1)S(=O)(=O)Nc2ccc(\C=C\C(=O)Nc3ccccc3N)cc2,2.82,2.4302199999999985,-0.38978000000000135
1707,train,C[C@H]1C[C@H]2[C@@H]3CC[C@](O)(C(=O)C)[C@@]3(C)C[C@H](O)[C@]2(F)[C@@]4(C)C=CC(=O)C=C14,2.65,2.4057150000000003,-0.24428499999999964
1473,train,C1NCC(CC=C1)c2ccc3ccccc3c2,1.64,1.6577678571428576,0.017767857142857668
1224,train,NC(=N)Nc1ccc(cc1)C(=O)Oc2ccccc2,-0.21,0.24684833333332,0.45684833333332
2071,train,Cc1nc2ccc(NC(=O)CCNC(=O)N)cc2s1,0.9,1.2969400000000046,0.3969400000000046
3016,train,COc1ccccc1CNC(=O)NS(=O)(=O)c2ccc(Cl)cc2,0.87,0.9862949999999966,0.1162949999999966
2379,train,NCC[C@@H](Oc1cc(Cl)c(F)cc1C#N)c2ccccc2,0.77,0.9487500000000098,0.17875000000000973
3953,train,C[C@H](Nc1nc(Nc2cc([nH]n2)C3CC3)cnc1C#N)c4ccc(F)cn4,3.18,2.9892733333333306,-0.1907266666666696
830,train,Cc1cc(N)c2cc(NC(=O)CCC(=O)Nc3ccc4nc(C)cc(N)c4c3)ccc2n1,1.39,1.4715600000000006,0.08156000000000074
3291,train,CSc1ncccc1C(=O)NCCc2ccc(Cl)cc2,3.31,3.006419999999996,-0.3035800000000042
4170,train,Oc1cccc2Oc3ccccc3C(=O)c12,3.8,3.3389199999999963,-0.4610800000000035
883,train,CC(C)C(NC(=O)CN1C(=O)C(=CC=C1c2ccccc2)NC(=O)Cc3ccccc3C(=O)O)C(=O)C(F)(F)F,1.14,1.0762540000000074,-0.06374599999999253
18,train,COc1cc(ccc1N2CC[C@@H](O)C2)N3N=Nc4cc(sc4C3=O)c5ccc(Cl)cc5,3.15,2.5331746666666675,-0.6168253333333324
3222,train,O=S(=O)(N1CCCC1)c2ccccc2c3ccc(CNC4CCOCC4)cc3,1.4,1.748459999999997,0.3484599999999971
2246,train,COc1ccc(CNC(=O)N(CC=C)C2CCN(CCC(c3ccccc3)c4ccccc4)CC2)cc1,3.6,3.412219999999999,-0.18778000000000095
1079,train,CO[C@H]1CN(CCN2C(=O)C=Cc3ccc(cc23)C#N)CC[C@H]1NCc4cc5OCCOc5cn4,0.63,0.8774260000000034,0.24742600000000337
2662,train,CCCSc1ncccc1C(=O)N(C)C2CCCCC2,3.36,3.011215999999992,-0.34878400000000775
3609,train,O[C@@H](CNCCc1cccc(CNCc2ccccc2Cl)c1)c3ccc(O)c4NC(=O)Sc34,1.85,1.6831999999999991,-0.16680000000000095
3932,train,CN[C@@H](C)C(=O)N[C@H](C(=O)N[C@H]1CCCN(CCc2ccccc2OC)C1)C(C)(C)C,1.61,1.6153200000000032,0.0053200000000031
1579,train,CCOC(=O)Nc1ccc2Sc3ccccc3N(C(=O)CCN4CCOCC4)c2c1,3.1,2.589759999999999,-0.5102400000000009
1506,train,NC(=O)c1cc(cc(c1)[N+](=O)[O-])[N+](=O)[O-],0.81,0.893669999999994,0.08366999999999392
1039,train,CCC(=O)NCC[C@@H]1CCc2ccc3OCCc3c12,2.57,2.3490699999999998,-0.22093000000000007
2343,train,Cc1ccc(cc1)C(=O)Oc2ccc(cc2OC(=O)c3ccc(C)cc3)C(O)CNC(C)(C)C,3.57,3.173660000000007,-0.3963399999999928
4119,train,Cc1ccnc(NCc2ccccc2O)c1,3.35,3.1111199999999966,-0.23888000000000353
1605,train,COc1cc(ccc1Nc2ncc(Cl)c(n2)c3cnc4ccccn34)N5CC6CN(CCO)CC(C5)O6,2.5,2.680110000000001,0.18011000000000088
1403,train,NC(=O)c1cccc(OC2CCN(CC3CC3)CC2)c1,0.49,0.83930533333333,0.34930533333333
3784,train,COc1ccc(cc1)c2cc(N)n3ncc(C#N)c3n2,2.42,2.3775199999999983,-0.04248000000000163
3381,train,COc1cccc(Nc2c(cnc3c(C)cc(cc23)S(=O)(=O)c4cccc(c4)C(=O)N(C)C)C(=O)N)c1,2.69,2.6104800000000026,-0.07951999999999737
46,train,CC(Nc1ncnc2ccccc12)c3ccccc3,3.4,3.0783086666666692,-0.32169133333333066
2338,train,CN(C1CCN(CCC(c2ccccc2)c3ccccc3)CC1)C(=O)c4ccncc4,2.8,2.9468116666666626,0.1468116666666628
483,train,NCc1nc2ccccc2[nH]1,0.4,0.6809950000000009,0.2809950000000009
2795,train,Clc1cc(Cl)cc(NC(=O)NCC2(CCN(CC3CC3)CC2)c4ccc(cc4)c5cccc(c5)C#N)c1,3.37,3.1602599999999956,-0.20974000000000448
453,train,CC(=O)Nc1ccc2ccn(c3cc(NC4COC4)n5ncc(C#N)c5n3)c2c1,2.24,2.4902000000000006,0.2502000000000004
4162,train,OC(=O)COc1ccc(cc1c2ccccc2c3ccccc3)C(F)(F)F,1.38,1.069359999999997,-0.3106400000000029
967,train,CCN(CC)C(=O)c1ccc(cc1)C(=C2CCN(Cc3ccc(F)cc3)CC2)c4cccnc4,3.65,3.4637466666666707,-0.18625333333332916
1035,train,CCOc1ccc(cc1)N2C(=O)c3cccnc3N=C2[C@@H](C)N(CC4CCN(C)CC4)C(=O)Cc5ccc(F)c(c5)C(F)(F)F,1.4,1.8535199999999972,0.45351999999999726
3433,train,COC1=CC=C2C(=CC1=O)[C@H](CCc3cc(OC)c(OC)c(OC)c23)NC(=O)C,0.82,1.0650914285714292,0.2450914285714293
1778,train,Nc1ncnc2nc(cc(c3cccc(Br)c3)c12)c4ccc(nc4)N5CCOCC5,3.2,3.003473333333332,-0.19652666666666807
966,train,c1ccc(nc1)c2nc3ccccc3[nH]2,2.5,2.5748600000000006,0.07486000000000059
2554,train,Nc1nc(N)c(c(COCc2ccccc2)n1)c3ccc(NC(=O)C4CC4)cc3,2.46,2.36874,-0.09126000000000012
131,train,O=C1C=COc2cc(OCc3ccccc3)ccc12,3.33,2.9049600000000053,-0.42503999999999476
2317,train,Nc1ccc(cc1)S(=O)(=O)c2ccc(N)cc2,0.88,1.112339999999991,0.232339999999991
4074,train,Clc1cccc(C(=O)NCC23CC4CC(CC(C4)C2)C3)c1Cl,4.37,4.024850000000001,-0.3451499999999994
1487,train,Clc1cnc(OC2CCNCC2)cc1C(=O)NCC34CC5CC(CC(C5)C3)C4,1.56,1.5453199999999967,-0.014680000000003357
2751,train,c1ccc2ccccc2c1,3.29,2.9298466666666627,-0.3601533333333373
425,train,NC(=O)Nc1sc(cc1C(=O)N)c2ccc(OCCN3CCCCC3)cc2,1.2,1.487219999999998,0.28721999999999803
35,train,CN(C)c1ccnc2sc(C(=O)NCc3ccccc3)c(N)c12,3.62,3.0634799999999975,-0.5565200000000026
3035,train,COc1cc(ccc1Nc2ncc(Cl)c(n2)c3cnc4c(CO)cccn34)N5CCN(CC5)C(=O)C,3.1,3.174903999999993,0.07490399999999298
3983,train,CN(C)C(=O)c1ccc(cc1)C(=C2CCN(Cc3cscn3)CC2)c4cccc5cccnc45,2.3,2.3487399999999994,0.04873999999999956
1614,train,CCc1cccc2c(cn(CC(=O)NCCOC)c12)C#N,1.95,2.1380133333333333,0.18801333333333337
1104,train,CN(C)CC(O)COc1ccc(Nc2nccc(n2)N(CC#C)c3cc(Cl)ccc3Cl)cc1,3.2,2.921879999999997,-0.27812000000000303
758,train,CC1(CC1)c2c(cnn2c3ccc(cc3)C(=O)O)C(=O)NC4C5CC6CC(CC4C6)C5,1.11,1.2372059999999974,0.12720599999999727
4135,train,CC(C)CN1C(=O)N(C)C(=O)c2c1sc(Cc3ccnc4ccccc34)c2C(=O)N5CC[C@@H](O)C5,1.65,1.7078199999999986,0.05781999999999865
1468,train,ON(C=O)C1(CS(=O)(=O)N2CCN(CC2)c3ccc(F)cc3)CCC1,1.34,1.594826666666664,0.25482666666666387
617,train,COc1cccc(CNCc2cccc(CCNC[C@H](O)c3ccc(O)c4NC(=O)Sc34)c2)c1,0.91,0.8340266666666691,-0.0759733333333309
4035,train,FC(F)(F)Oc1ccccc1S(=O)(=O)NCC(N2CCCCCC2)c3ccccc3,4.09,3.621020000000007,-0.46897999999999307
2590,train,OC(=O)[C@H](Cc1ccc(OCCCNc2ccccn2)cc1)NC(=O)c3c(Cl)cccc3Cl,-0.22,0.021379999999994848,0.24137999999999485
3823,train,O[C@@H](CNCCCSCCNCCc1cccc(Cl)c1)c2ccc(O)c3NC(=O)Sc23,1.06,0.978305523809522,-0.0816944761904781
4073,train,Cc1cc(C)cc(c1)c2c(O)nc3cc(Cl)c(cc3c2OCCC4CCCCN4)C(=O)Nc5ccncn5,1.7,1.7921333333333334,0.0921333333333334
3094,train,CC(C)CN1C(=O)N(C)C(=O)c2c1sc(Cn3c(C)nc4ccccc34)c2C(=O)N5CC[C@@H](O)C5,1.34,1.5605299999999973,0.22052999999999723
1573,train,CCCC(C)(COC(=O)N)COC(=O)NC(C)C,2.01,1.7636600000000011,-0.24633999999999867
2378,train,C[C@H](CO)Nc1nc(SCc2ccccc2)nc3NC(=O)Sc13,2.86,2.916839999999998,0.056839999999998
2689,train,COc1cc(ccc1Cn2cnc3ccc(NC(=O)CC4CCCC4)cc23)C(=O)NS(=O)(=O)c5ccccc5,0.9,1.3301800000000048,0.4301800000000048
2857,train,CN(C)CCOc1ccc(cc1)c2cc(C(=O)N)c(NC(=O)N)s2,1.16,1.283763333333337,0.123763333333337
839,train,NC1(CCC1)c2ccc(cc2)c3ncc4cccnc4c3c5ccccc5,1.7,2.039386666666666,0.33938666666666584
3217,train,COc1cc2c(Nc3ccc(Cl)cc3F)ncnc2cc1OCCCN4CCOCC4,3.4,3.3111200000000043,-0.08887999999999563
1674,train,CCN(CC)C(=O)c1ccc(cc1)C(=C2CCN(Cc3ccc(F)cc3)CC2)c4ccccn4,3.28,3.258397333333334,-0.021602666666665993
2563,train,OCCN1C=Cc2c(NC(=O)Cc3ccc(Cl)c(c3)C(F)(F)F)cccc2C1=O,3.36,3.190129999999992,-0.16987000000000796
3156,train,CCCCC(O)c1[nH]c2cc(C)c(cc2c1CCc3ccccc3)C(=O)O,2.59,2.28884,-0.30115999999999987
489,train,COc1ccc2[nH]c3CCN(Cc3c2c1)C(=O)[C@@H]4CCCC[C@H]4C(=O)NC5(CC5)C#N,2.4,2.5303999999999975,0.13039999999999763
1646,train,O.O.O.CC(=O)O[C@@]12CO[C@@H]1C[C@H](O)[C@]3(C)[C@@H]2[C@H](OC(=O)c4ccccc4)[C@]5(O)C[C@H](OC(=O)[C@H](O)[C@@H](NC(=O)OC(C)(C)C)c6ccccc6)C(=C([C@@H](O)C3=O)C5(C)C)C,3.4,2.6573140476190478,-0.7426859523809521
3020,train,COc1cc(C)c(c(C)c1)S(=O)(=O)N(C)CCOCC(=O)N2CCC(CC2)C3CCN(C)CC3,0.3,0.573226666666657,0.273226666666657
3884,train,Nc1c(nc(nc1N2CCOCC2)C#N)N3CCCCC3,2.71,2.5853599999999983,-0.12464000000000164
579,train,CCc1nc2c(N)nc3ccccc3c2n1CCCCNS(=O)(=O)C,1.24,1.6445999999999965,0.4045999999999965
25,train,Clc1ccc(N2CCN(CC2)C(=O)CCCc3ccncc3)c(Cl)c1,3.93,3.6801600000000017,-0.2498399999999985
2023,train,CCNC(=O)c1cc2c(c(cnc2[nH]1)c3cncc(c3)C(=O)N)n4ccc(n4)C(F)(F)F,1.81,1.861199999999999,0.051199999999999024
4192,train,COc1cc(F)ccc1c2cncc(CNC3CCCCC3)c2,2.6,2.4807999999999972,-0.11920000000000286
4153,train,Fc1ccc(CNC(=O)CCS(=O)(=O)c2ccc(Br)cc2)cc1,3.1,2.9467999999999956,-0.15320000000000444
2768,train,CN[C@@H](C)C(=O)N[C@H](C(=O)N[C@H]1CCCN(CCc2ccc(Br)cc2)C1)C(C)(C)C,2.92,2.427759999999998,-0.492240000000002
1413,train,Cc1cc(CN2Cc3ccccc3C[C@H]2C(=O)Nc4ccc(Cl)cc4Cl)ccc1OCC(=O)O,2.41,2.2337199999999995,-0.17628000000000066
2761,train,COc1cc2ncnc(Nc3ccc(F)c(Cl)c3)c2cc1OCCCN4CCCCC4,3.3,3.1860599999999977,-0.11394000000000215
3579,train,CCOC(=O)c1cc(O)c(nn1)c2ccccc2,0.69,1.263880000000007,0.573880000000007
2522,train,O=C1C2CCC(N2)C(=O)N1Cc3ccccc3,2.21,2.289599999999999,0.07959999999999923
12,train,O=C1CCCCCN1,-0.08,0.7569199999999896,0.8369199999999896
396,train,O=C(Nc1cccc(NC(=O)c2ccccc2)n1)c3ccccc3,4.02,3.604245000000004,-0.41575499999999543
2348,train,CC(C)N(c1ccnc(Nc2cc(cc(c2)N3CCOCC3)N4CCOCC4)n1)c5cc(CO)ccc5C,3.9,3.5390000000000024,-0.36099999999999755
91,train,Cc1cc(CCCOc2c(Cl)cc(cc2Cl)C3=NCCO3)on1,3.72,3.1075620000000046,-0.6124379999999956
486,train,OCCN1CC=CC[C@@H](C1)c2ccc(Cl)c(Cl)c2,2.37,2.446359999999999,0.07635999999999887
2025,train,CC1=C(CCC(=O)O)C(=O)Oc2c(C)c(O)ccc12,-0.3,0.05352000000001578,0.35352000000001577
969,train,COc1cc(CCc2cc(Nc3ccnc(NCc4ccccn4)n3)n[nH]2)cc(OC)c1,3.5,3.3979866666666574,-0.10201333333334262
1038,train,Fc1ccccc1COc2cc(OCCCN3CCCC3)ccc2C(=O)Nc4ccccc4,3.85,3.534380000000003,-0.3156199999999969
3386,train,CN1CCN(CC1)C(=O)c2cccc(CC3=NNC(=O)c4ccccc34)c2,0.92,1.168479999999997,0.24847999999999704
2988,train,CCN1C(=O)N(CC)c2[nH]c(nc2C1=O)c3ccccc3,3.3,3.003891999999999,-0.2961080000000007
2873,train,CCOc1ccc(CCNCCCSCCNC[C@H](O)c2ccc(O)c3NC(=O)Sc23)cc1,0.41,0.5339986666666643,0.12399866666666431
659,train,Nc1nc(N)c2cc(NCc3ccc(Cl)c(Cl)c3)ccc2n1,2.22,2.16644,-0.05356000000000005
2548,train,COc1ccc(cc1)c2nc3c(NCCCNC(=O)C)c(Br)cnc3[nH]2,3.28,2.7118400000000005,-0.5681599999999993
2890,train,CN(CCNC[C@H](O)c1ccc(O)c2NC(=O)Sc12)C(=O)CCOCCc3ccccc3,1.21,1.5787316666666653,0.36873166666666535
1218,train,NC(=O)Nc1cc(sc1C(=O)N[C@H]2CCCNC2)c3ccccc3,1.04,1.103352,0.06335200000000007
4104,train,CCN1CCCC1CNC(=O)c2cc(ccc2OC)S(=O)(=O)N,-1.2,-0.13130500000001932,1.0686949999999806
170,train,CCN1CCC[C@H]1CNC(=O)c2c(O)c(Cl)cc(Cl)c2OC,1.09,1.2540640000000067,0.16406400000000665
4078,train,FC(F)(F)c1ccc(NC(=O)N2CCN(C[C@@H]3CCCN(C3)C4CC4)CC2)cc1Cl,4.06,3.6770866666666686,-0.382913333333331
3836,train,OC(=O)c1ccccc1NC(=O)Nc2ccccc2,-0.12,0.5287200000000043,0.6487200000000043
1501,train,COCCC(C)n1nc(C)c(C(=O)N[C@@H](C)C(C)(C)C)c1NS(=O)(=O)c2ccc(C)cc2,0.78,0.9307120000000044,0.1507120000000044
1603,train,CCOc1cc2ncc(C(=O)N)c(Nc3ccc(F)cc3F)c2cc1N4CCC(O)CC4,2.74,2.7501266666666644,0.010126666666664175
1535,train,CC(C)Nc1nc(NCc2ccccc2)c3sccc3n1,3.9,3.5498933333333333,-0.35010666666666657
3495,train,CNC(=O)c1cccc(NC(=O)Nc2cccc(c2)C#N)c1CN3CCC(Cc4ccc(F)cc4)CC3,3.97,3.53955133333334,-0.43044866666666026
1921,train,COc1cc(Oc2ccnc3ccc(F)cc23)ccc1CC(=O)Nc4noc(C)c4C,4.06,3.65815,-0.4018499999999996
682,train,CCc1csc(n1)N2CCN(CC2)C(=O)[C@@H]3CCCC[C@H]3C(=O)NC4(CC4)C#N,2.1,2.0403299999999995,-0.059670000000000556
3175,train,COc1cc(O)c(cc1NC(=O)CCC(=O)O)S(=O)(=O)N2C(C)CCc3ccccc23,-0.27,-0.44225999999998855,-0.17225999999998853
2500,train,O=C1C(=O)c2cc(ccc2c3ccccc13)c4ccsc4,3.1,2.9718866666666615,-0.12811333333333863
2465,train,Nc1cc(nc2ccccc12)c3ccccc3,2.2,2.156086666666667,-0.04391333333333325
529,train,CN(c1ccnc(Nc2cc(CN3CCOCC3)cc(c2)N4CCOCC4)n1)c5cc(CO)ccc5C,3.0,3.1042600000000027,0.10426000000000268
1133,train,C[C@@H]1CCCN1CCc2oc3ccc(cc3c2)c4ccc(cc4)C#N,3.51,3.2339910793650857,-0.2760089206349141
1173,train,Cc1ccc(s1)C(NC(=O)c2ccccc2O)C(=O)Nc3c(C)cccc3C,4.05,3.2873633333333316,-0.7626366666666682
354,train,CC1(C)N(Cc2ccnc(c2)N3CCOCC3)C(=O)N(C1=O)c4ccc(SC(F)(F)F)cc4,3.73,3.250959999999999,-0.4790400000000008
3430,train,C[C@H](Nc1nc(Nc2cc(C)[nH]n2)c(Cl)c(n1)N3CCOCC3)c4ncc(F)cn4,2.61,2.3364199999999995,-0.2735800000000004
1309,train,N[C@H](Cc1c[nH]c2ccccc12)C(=O)O,-0.92,-0.9808581428571443,-0.060858142857144304
3384,train,CC(C)Oc1cc(ccc1NC(=O)CN2CCOCC2)c3cccc4C(=O)C=C(Oc34)N5CCOCC5,3.0,2.9745713333333326,-0.025428666666667432
3417,train,CC(=O)c1noc(C)c1C(=O)Nc2nccs2,1.94,1.8103749999999983,-0.12962500000000166
4097,train,COc1cc(c2nc(cc(n2)C3(CC3)S(=O)(=O)C)N4CCOCC4)c5cc[nH]c5c1,2.4,2.3455049999999997,-0.05449500000000018
3590,train,COc1cc(cc2cnc(Nc3ccc(cc3)[C@@H](C)NC(=O)C)nc12)c4ccncc4,2.73,2.884857000000001,0.15485700000000113
3287,train,CNc1cccc(CCOc2ccc(C[C@H](NC(=O)c3c(Cl)cccc3Cl)C(=O)O)cc2)n1,-0.15,-0.13075999999999555,0.019240000000004448
509,train,CC1(C)[C@@H]2CC[C@@]1(CS(=O)(=O)NC3CCN(CC3)c4ccc(cn4)C(F)(F)F)C(=O)C2,3.84,3.447020000000002,-0.3929799999999979
1584,train,O=S(=O)(Nc1cccnc1)c2ccccc2,0.84,1.1617200000000039,0.3217200000000039
1978,train,CC(=O)NC[C@H]1CN(C(=O)O1)c2ccc(N3CCN(CC3)c4cnccn4)c(F)c2,1.49,1.5966279999999984,0.10662799999999839
960,train,C[C@]12N[C@H](Cc3ccccc13)c4ccccc24,1.6,1.679179047619048,0.07917904761904793
902,train,NC(Cc1cc(I)c(Oc2ccc(O)c(I)c2)c(I)c1)C(=O)O,0.97,0.4053469523809443,-0.5646530476190557
536,train,Oc1ccc(cc1)C2=Cc3ccc(O)cc3OC2=O,2.9,2.8377399999999975,-0.062260000000002425
3577,train,NC(=N)c1cc2c(\C=C\c3ccc4OCOc4c3)cccc2s1,2.2,1.7352066666666641,-0.46479333333333606
1685,train,C[C@@H](c1ncncc1F)[C@](O)(Cn2cncn2)c3ccc(F)cc3F,1.7,1.5833173333333348,-0.11668266666666516
1005,train,C[C@H](Nc1nc(Nc2ncc(C#N)s2)cc(n1)N3CCOCC3)c4ncc(F)cn4,2.26,2.3872999999999984,0.12729999999999864
504,train,CN1[C@@H]2CC[C@H]1C[C@H](C2)OC(c3ccccc3)c4ccccc4,1.49,1.8202519999999989,0.3302519999999989
3465,train,CC[C@H](C)C(=O)O[C@H]1C[C@H](O)C=C2C=C[C@H](C)[C@H](CC[C@@H](O)C[C@@H](O)CC(=O)O)[C@@H]12,-0.76,-0.07535999999999898,0.684640000000001
2007,train,NC(=O)Nc1sc(cc1C(=O)N[C@H]2CCCNC2)c3ccc(F)cc3,1.76,1.6222799999999964,-0.13772000000000362
2607,train,CCCc1c(O)c(ccc1OCc2ccc(cc2)c3nn[nH]n3)C(=O)C,3.1,2.9033399999999956,-0.1966600000000045
128,train,Cn1ncnc1COc2nn3c(nnc3cc2C(C)(C)C)c4cc(F)ccc4F,2.4,2.4400600000000003,0.04006000000000043
539,train,COc1ccc(cc1)c2cc(O)c3cc(Cl)ccc3n2,2.7,2.6819200000000016,-0.01807999999999854
2179,train,COc1cc2ncnc(Nc3cccc(Cl)c3F)c2cc1OC4CCN(CC4)S(=O)(=O)C,2.82,2.9029190476190507,0.08291904761905089
3799,train,O=C(Nc1ccc(cc1)N2CCOCC2)c3oc(Nc4ccccc4)nn3,3.15,3.0160200000000006,-0.13397999999999932
1936,train,CCN1CCN(Cc2ccc(cc2)c3cc4c(N[C@H](C)c5ccccc5)ncnc4[nH]3)CC1,3.97,3.2576233333333393,-0.7123766666666609
2841,train,CCN1CCC[C@H](C1)C(=O)N2CCN(CC2)C(=O)Nc3ccc(Cl)c(Cl)c3,1.6,1.8153679999999988,0.21536799999999867
2991,train,CN1C(=O)NC(=O)C(C)(C2=CCCCC2)C1=O,1.5,1.567486666666663,0.06748666666666292
1643,train,CN[C@@H](C)C(=O)N[C@H](C(=O)N[C@H]1CCCN(CCc2ccc(O)cc2)C1)C(C)(C)C,0.77,1.1961200000000063,0.42612000000000627
1066,train,Cc1onc(C)c1CCC2CCN(CC2)S(=O)(=O)CC3(CCOCC3)N(O)C=O,0.9,1.301820000000005,0.40182000000000506
1099,train,C1NC(Cc2ccccc12)c3ccccc3,1.9,1.9041200000000011,0.004120000000001234
1189,train,CN(C)c1nc(Cc2ccc(NC(=O)c3ccc(cc3)C(F)(F)F)cc2)nc(N(C)C)c1CC(=O)O,1.46,1.4671000000000007,0.007100000000000772
2034,train,Cc1ccc2c(c1)c([S+]([O-])c3ccc(Cl)cc3)c(C)n2CC(=O)O,0.05,0.523620000000004,0.473620000000004
2617,train,CC(C)CN1C(=O)N(C)C(=O)c2c1sc(Cc3ccccc3C(F)(F)F)c2S(=O)(=O)N4CC[C@@H](O)C4,3.32,3.2429200000000065,-0.07707999999999338
2793,train,CC(=O)NC[C@H]1CN(C(=O)O1)c2ccc(N3CCN(CC3)c4ccc(cn4)C#N)c(F)c2,1.98,1.8347133333333332,-0.14528666666666679
1721,train,COc1cc2c(Nc3c(Cl)ccc4OCOc34)ncnc2cc1OCC5CCN(C)CC5,1.83,2.0073600000000007,0.17736000000000063
614,train,CN1SC(=NC1=O)NCc2ccccc2,1.2,1.477819999999999,0.27781999999999907
1006,train,CCN(CC)CCNC(=O)c1ccc(N)cc1,-0.92,-0.2367983333333199,0.6832016666666801
1337,train,N(c1ccccc1)c2[nH]nnc2c3ccccc3,3.37,3.2143199999999945,-0.1556800000000056
415,train,Fc1cc(C(=O)Nc2cccc(c2)c3nnn[nH]3)c4nc[nH]c4c1,0.29,0.5557199999999927,0.2657199999999927
2691,train,Oc1ccc(cc1)C2=CC(=O)c3ccccc3N2,2.34,2.4418599999999984,0.10185999999999851
2467,train,COc1ccc(cc1)c2cc3c(N[C@H]4CCCNC4)ncc(C(=O)N)c3s2,1.82,1.8841000000000017,0.0641000000000016
1440,train,Nc1ncccc1NCc2cccc(c2)c3cccnc3,3.0,2.6515099999999965,-0.3484900000000035
2050,train,COc1cnc(nc1N(C)c2ccccc2)c3ccccn3,2.79,2.6280600000000005,-0.16193999999999953
3202,train,CC(C)CN1C(=O)N(C)C(=O)c2c(SC(C)C)c(Cc3ccccc3C(F)(F)F)sc12,4.42,4.195699999999992,-0.2243000000000075
1955,train,Cn1cnc(c1Sc2ncnc3nc[nH]c23)[N+](=O)[O-],0.19,0.5228799999999942,0.33287999999999424
574,train,CN[C@H]1CC[C@@H](c2ccc(Cl)c(Cl)c2)c3ccccc13,3.15,2.9759845714285733,-0.1740154285714266
2243,train,COc1cc(CNc2nc3ccccc3[nH]2)cc(OC)c1OC,2.36,2.5749899999999974,0.21498999999999757
933,train,Cc1ccc(cc1)S(=O)(=O)c2ccccc2,2.74,2.657411999999998,-0.0825880000000021
134,train,CC(C)NCC(O)COc1ccc(COCCOC(C)C)cc1,0.1,0.33353333333334234,0.23353333333334234
2211,train,CC1=CN([C@H]2CCCN(C2)S(=O)(=O)c3ccc(O)c(Oc4cccc(F)c4)c3)C(=O)NC1=O,1.6,1.8673600000000008,0.2673600000000007
164,train,FC(F)(F)c1nnc2ccc(nn12)N3CCCCC3,3.0,2.8453999999999984,-0.15460000000000163
750,train,CC1=CN([C@H]2CCCN(Cc3ccc(C(=O)O)c(Oc4cccc(Br)c4)c3)C2)C(=O)NC1=O,-0.51,-0.37890666666665407,0.13109333333334594
3435,train,CC(C)[C@@H]1N=C(c2ccccc2)c3ccccc3NC1=O,3.05,2.7321100000000023,-0.31788999999999756
1486,train,Oc1ccc(cc1)c2nc3ccccc3nc2c4ccc(O)cc4,2.7,2.7817666666666687,0.08176666666666854
1755,train,CC1=C(OCc2ccccc2)C(=O)C=CO1,1.87,2.07656,0.20656000000000008
816,train,CC(C)CN1C(=O)N(C)C(=O)c2c1sc(Cc3ccnc4ccccc34)c2C(=O)N5C[C@H](O)CO5,2.14,2.0209599999999988,-0.11904000000000137
1230,train,Cc1onc(c1)[C@H](O)[C@](C)(OCc2ccc(cc2)c3ccccc3)C(=O)NO,2.88,2.809418333333328,-0.07058166666667187
3650,train,Brc1cnc(NCc2ccccc2)nc1Nc3cc([nH]n3)C4CC4,4.11,3.7946400000000007,-0.31535999999999964
4185,train,Cc1ccnc(NS(=O)(=O)c2ccc(N)cc2)n1,-0.51,-0.2949774999999928,0.21502250000000722
3397,train,CC1CCCCC1NC(=O)c2c(C)nn(c2NS(=O)(=O)c3ccc(C)cc3)c4ccccc4,1.94,1.697135999999998,-0.24286400000000197
908,train,CCN1C=C(C=C(C)C1=O)[C@@]2(N=C(N)c3c(F)cccc23)c4cccc(c4)c5cc(ccn5)C#CC,4.4,3.67744666666667,-0.7225533333333303
3518,train,CCn1c(nc2c(ncc(OCC3CCCNC3)c12)C#CC(C)(C)O)c4nonc4N,0.6,1.0416199999999953,0.44161999999999535
741,train,O=C1Nc2ccccc2C=C1,1.32,1.73226,0.41225999999999985
2656,train,Cc1cc(C)cc(CCOCCS(=O)(=O)NCCNCCc2ccc(O)c3nc(O)sc23)c1,2.45,2.2905599999999993,-0.15944000000000091
2442,train,CC12NC(Cc3ccccc13)c4ccccc24,1.7,1.679179047619048,-0.02082095238095194
3940,train,CCN1CCN(CC1)C(=O)c2cc3ccccc3[nH]2,1.95,2.0256800000000004,0.07568000000000041
1215,train,CC(C)C(NC(=O)CN1C(=O)C(=CC=C1c2ccccc2)NC=O)C(=O)C(F)(F)F,1.84,1.8925400000000003,0.05254000000000025
3593,train,C[C@H](Nc1nc(Nc2ncc(C)s2)cc(n1)N3CCOCC3)c4ncc(F)cn4,2.68,2.620659999999997,-0.05934000000000328
2813,train,NC(=O)c1cc(sc1N)c2ccccc2,2.7,2.570540000000001,-0.12945999999999902
2336,train,Nc1ccc(Cl)c(c1)c2oc3cccnc3n2,1.97,2.0623999999999993,0.09239999999999937
3466,train,O[C@H](CNC(=O)c1cccc(c1)C#N)CN2CCC(CC2)Oc3ccc(Cl)c(Cl)c3,3.48,3.26976428571428,-0.21023571428571985
2296,train,OC(=O)c1ccc(Nc2ncc3CN=C(c4cc(Cl)ccc4c3n2)c5c(F)cccc5F)cc1,2.58,2.5616699999999977,-0.0183300000000024
3750,train,COc1ccc2c(Oc3ccc(CC(=O)Nc4n[nH]c(C)c4C)c(OC)c3)ccnc2c1,3.78,3.1646800000000033,-0.6153199999999965
2779,train,CN(C)S(=O)(=O)c1ccc2OCC(=O)N(CCN3CCC(CC3)NCc4ccc5OCC(=O)Nc5n4)c2c1,0.15,0.1313200000000001,-0.01867999999999989
2647,train,CNCC[C@H](Oc1cccc2ccccc12)c3cccs3,2.09,1.8957494444444463,-0.1942505555555536
1667,train,CC(=O)Nc1cccc2c1c(Oc3ccc(Cl)cc3)c(C)n2CC(=O)O,-1.41,-0.521493333333324,0.8885066666666759
283,train,CN1CCN2C(C1)c3ccccc3Cc4cccnc24,2.82,2.6198700000000015,-0.20012999999999836
3628,train,C[C@@H](NC(=O)[C@@H]1CCCC[C@H]1C(=O)N2CCc3[nH]c4ccc(F)cc4c3C2)C#N,3.1,3.228537142857136,0.12853714285713602
2646,train,COc1ccc(cc1)c2c(C)[nH]nc2c3ccc(O)cc3O,3.37,3.1111666666666613,-0.2588333333333388
1393,train,Cc1cc(Nc2ccnc(NCc3onc(c3)C4CC4)n2)n[nH]1,2.5,2.389266666666665,-0.1107333333333349
3075,train,CCN(CCCOCCOCCc1ccccc1)CCc2ccc(O)c3nc(O)sc23,2.45,2.4823799999999983,0.03237999999999808
3319,train,CN1[C@@H]2CC[C@H]1C[C@H](C2)OC(=O)C(O)c3ccccc3,-1.29,-0.6885306666666624,0.6014693333333376
3844,train,NC(=O)c1ccc(O[C@H]2C[C@H]3CC[C@@H](C2)N3Cc4ccccc4)nc1,1.25,1.394246666666668,0.14424666666666797
2989,train,CN(C)C(=O)N[C@@H]1CC[C@@H](CCN2CCN(CC2)c3ccc(Cl)cc3)CC1,2.81,2.9381466666666682,0.12814666666666819
372,train,Cc1cccc(Nc2ccccc2C(=O)O)c1C,1.89,1.9044399999999995,0.014439999999999564
2886,train,CC(C)Cn1cnc2c(N)nc3ccccc3c12,2.52,2.5498999999999965,0.029899999999996485
1387,train,NC(=O)c1cc2ccccc2nc1N,1.07,1.3975199999999974,0.32751999999999737
3132,train,CC(C)n1c(C)ncc1c2nc(Nc3ccc(C(=O)N(C)C)c(F)c3)ncc2F,3.14,3.071364000000004,-0.06863599999999614
3109,train,COc1ccc2[nH]c(cc2c1)C(=O)N3CCN(C)CC3,1.62,1.842399999999998,0.22239999999999793
210,train,Cc1ccc2c(n1)c(Sc3ccc(Cl)cc3)c(C)n2CC(=O)O,0.35,0.7433199999999995,0.39331999999999956
2100,train,COc1ccccc1N2CCN(CC3=C(Br)C(=O)N(N3C)c4ccccc4)CC2,2.5,2.425669999999998,-0.074330000000002
3432,train,CN(C)C(=O)c1ccc(CN2CCC(CC2)c3ccc(cc3)C(=O)Nc4ccccc4N)cc1,1.53,1.6486649999999985,0.11866499999999847
2247,train,COc1cc2c(Nc3ccc(Cl)cc3F)ncnc2cc1OC[C@@H]4CCCN(C)C4,2.9,2.9554449999999974,0.055444999999997524
651,train,CS(=O)(=O)N1CCN(Cc2cc3nc(nc(N4CCOCC4)c3s2)c5cccc6[nH]ncc56)CC1,3.3,2.9156700000000004,-0.3843299999999994
2397,train,CC(C)n1c(C)ncc1c2nc(Nc3ccc(cc3)C(=O)NC4CCN(C)CC4)ncc2F,2.13,2.16968,0.03968000000000016
1177,train,CN1CCN(CC(=O)Nc2ccc(C3=CC=CN4C(=O)C=C(N=C34)N5CCOCC5)c6sc7ccccc7c26)CC1,2.6,2.7084600000000005,0.10846000000000044
4137,train,C[C@@](O)(C(=O)Nc1ccc(cc1Cl)S(=O)(=O)NCCN2CCOCC2)C(F)(F)F,2.14,2.3871200000000004,0.24712000000000023
2970,train,Cc1ccc2c(c1)c(Sc3ccccc3Cl)c(C)n2CC(=O)O,1.71,1.8039133333333348,0.09391333333333485
2298,train,CCO\N=C(\C1CCN(CC1)C2(C)CCN(CC2)C(=O)c3c(C)cc[n+]([O-])c3C)/c4ccc(Br)cc4,2.14,2.086599,-0.05340100000000003
3542,train,CC(C)CN1C(=O)N(C)C(=O)c2c(SCCCO)n(Cc3cccc4ccccc34)cc12,4.36,3.893240000000005,-0.4667599999999954
2780,train,O\N=C\1/C(=O)N(Cc2ccccc2[N+](=O)[O-])c3ccccc13,2.07,2.2059066666666665,0.13590666666666662
1634,train,Fc1ccc(cc1)N2CCN(CC2)C(=O)[C@@H]3CCCC[C@H]3C(=O)NC4(CC4)C#N,2.12,2.1345800000000006,0.014580000000000481
4071,train,CC1CN(CCN1)C(=O)c2cc3ccccc3[nH]2,0.94,1.2219199999999937,0.28191999999999373
2688,train,CCNC(=O)c1cc2c(c(cnc2[nH]1)c3cncc(c3)C(=O)NC)n4ccc(n4)C(F)(F)F,2.21,1.4791000000000007,-0.7308999999999992
4109,train,CS(=O)(=O)c1ccc(CC(=O)N(C2CC2)C3CCN(CCC(c4ccccc4)c5ccccc5)CC3)cc1,2.89,2.765520000000002,-0.12447999999999793
2308,train,Cc1ccc(cc1NC(=O)c2ccc(OCc3ccccn3)cc2)c4ccc(N)nn4,2.47,2.3583600000000002,-0.11163999999999996
2068,train,CC(C)n1c(C)ncc1c2ccnc(Nc3ccc(F)cc3)n2,3.62,3.426639999999995,-0.19336000000000508
437,train,COc1ccc(CNC(=O)Nc2ncc(s2)[N+](=O)[O-])cc1,2.9,2.7204299999999972,-0.17957000000000267
3069,train,CNc1nc2ccccc2n1Cc3sc4N(CC(C)C)C(=O)N(C)C(=O)c4c3C(=O)N5C[C@H](O)CO5,1.77,1.8580320000000023,0.08803200000000233
87,train,C[C@H]1CN(Cc2cc(Cl)ccc2OCC(=O)O)CCN1C(=O)Cc3ccccc3,0.18,0.5094199999999995,0.32941999999999955
1044,train,C[C@@H](N1CCC[C@@H](C1)N2C=C(C)C(=O)NC2=O)c3ccc(C(=O)O)c(Oc4cccc(Cl)c4)c3,-0.3,-0.12013619047617485,0.17986380952382514
991,train,CC1=C(Cc2ccccc2)C(=O)n3nc(NCc4ccc(Cl)cc4)nc3N1,3.7,3.5011333333333425,-0.19886666666665764
461,train,C[C@@H]1CN(CCN1C(=O)[C@@H]2CCCC[C@H]2C(=O)NC3(CC3)C#N)c4ccc5c(C)nnc(C)c5c4,1.93,2.1444,0.21440000000000015
2509,train,C(Oc1ccccc1)C2CNCCO2,0.2,0.6607866666666622,0.4607866666666622
681,train,COc1cc2ncnc(N3CC[C@H](C3)Oc4cnc5ccccc5n4)c2cc1OC,4.04,3.5374,-0.5026000000000002
2132,train,COc1cc2c(Nc3ccc(Br)cc3F)ncnc2cc1OC[C@@H]4CCCN(C)C4,3.05,2.9853399999999968,-0.06466000000000305
2095,train,CC(C)CN1C(=O)N(C)C(=O)c2cn(Cc3cccc4ccccc34)cc12,4.41,4.084839999999996,-0.3251600000000039
2642,train,COc1cc2ncnc(Nc3cccc(Cl)c3F)c2cc1OC4CCN(C)CC4,2.72,2.667319999999997,-0.05268000000000317
1329,train,Cc1ccc(cc1c2ccc(nc2)C(=O)NCC3CC3)C(=O)NC4CC4,3.36,3.0832066666666593,-0.27679333333334055
3364,train,CC(=O)NCc1ccc(CN2CCN(CC2)c3ccccc3)cc1,1.78,2.1044400000000003,0.3244400000000003
3685,train,CC(C)n1c(C)ncc1c2nc(Nc3ccc(C(=O)N)c(F)c3)ncc2F,3.14,3.048220000000005,-0.09177999999999509
1587,train,CC(C)N1CCN(Cc2cnc(c3ccc(cc3)C(=O)Nc4ccccc4N)c(c2)C#N)CC1,1.28,1.323119999999999,0.04311999999999894
3370,train,CCOc1cc(CC(=O)N[C@@H](CC(C)C)c2ccccc2N3CCCCC3)ccc1C(=O)O,2.31,2.053734000000001,-0.2562659999999992
515,train,O=C(Nc1nnn[nH]1)C2=CC(=C3C=CC=CN3C2=O)Oc4ccccc4,0.67,1.3604399999999948,0.6904399999999947
3761,train,O=C(N1CCCCC1)c2csc3CCCCc23,3.2,2.9187274999999966,-0.2812725000000036
3296,train,C1CC(CCN1)c2ccccc2,0.54,0.7829949999999928,0.24299499999999274
2962,train,COc1cc2ncnc(Nc3ccc(F)c(Cl)c3)c2cc1OCCN4CCCC4,3.28,3.214820000000001,-0.0651799999999989
316,train,Nc1ncc(nc1C(=O)Nc2cccnc2)c3ccc(cc3)S(=O)(=O)N4CCOCC4,2.83,2.7311400000000012,-0.09885999999999884
194,train,C[C@@H]1N[S@@](=O)(=NC1=O)c2cccc(c2)c3ccc(C)cc3,1.6,1.6287499999999961,0.028749999999996056
3778,train,Clc1ccc2OCOc2c1Nc3ncnc4cc(OCCN5CCCC5)cc(OC6CCOCC6)c34,2.6,2.722700000000001,0.12270000000000092
1292,train,Cn1c(Nc2ccc(cc2)C(F)(F)F)nc3cc(Oc4ccnc(c4)c5ncc([nH]5)C(F)(F)F)ccc13,3.45,3.1815066666666705,-0.2684933333333297
361,train,Clc1ccc(NS(=O)(=O)c2ccc(Cl)s2)c(c1)C(=O)Nc3ccc(cc3)S(=O)(=O)N4CCOCC4,3.02,2.812100000000002,-0.2078999999999982
873,train,CN1N(C(=O)C=C1C)c2ccccc2,0.11,0.891319999999993,0.781319999999993
3481,train,COc1cc(ccc1Cn2ncc3ccc(NC(=O)CC4CCCC4)cc23)C(=O)NS(=O)(=O)c5ccccc5,1.6,1.643359999999996,0.043359999999995846
851,train,CC(=O)C1=CN(Cc2ccccc2)C(=O)N(Cc3ccc(F)cc3)C1=O,3.2,2.848029999999995,-0.351970000000005
1411,train,Clc1ccc2OCOc2c1Nc3ccnc(Nc4ccccc4)n3,3.9,3.711899999999999,-0.18810000000000082
3471,train,Fc1ccc2c3CN(CCc3[nH]c2c1)C(=O)[C@@H]4CCCC[C@H]4C(=O)NC5(CC5)C#N,2.99,2.945879999999997,-0.044120000000003046
1297,train,COc1c(cc2ccccc2c1C(=O)N(C)C[C@@H](CCN3CCC(CC3)N4CCCNC4=O)c5ccc(Cl)c(Cl)c5)C#N,3.0,2.700734999999995,-0.299265000000005
3078,train,CN(Cc1oc2ccccc2c1C)C(=O)\C=C\c3cnc4NC(=O)CCc4c3,2.36,2.1300483333333333,-0.22995166666666655
4100,train,COc1ccc(Nc2cc(Nc3ccc(OCC(O)CN(C)C)cc3)ncn2)cc1,1.5,1.7266099999999978,0.22660999999999776
4174,train,C(Cn1c2CCCCc2c3c(nc(nc13)N4CCCC4)N5CCCC5)N6CCOCC6,3.6,3.1153,-0.48470000000000013
516,train,COc1cccc2c(O)cc(nc12)c3ccccc3,2.3,2.43148,0.13148000000000026
2337,train,C[C@@H]1CN(Cc2ccc(F)cc2)CCN1C(=O)COc3ccc(Cl)cc3NC(=O)N,1.91,1.906999999999999,-0.003000000000001002
370,train,COCCS(=O)(=O)N1CCN(CC1)c2ccc(Nc3nccc(n3)c4cnc(C)n4C(C)C)cc2,2.75,2.7252533333333298,-0.024746666666670247
576,train,CCCN(C)c1nc(ccc1C(=O)NC2CCCCC2)N3CCC[C@@H](CC(=O)O)C3,2.28,2.08496,-0.19503999999999966
3406,train,COc1cc(ccc1Nc2ncc(OC)c(n2)c3cnc4ccccn34)N5CCN(CC5)C(=O)C,3.2,3.2541800000000025,0.05418000000000234
3859,train,COc1cc2ncnc(Nc3cccc(Cl)c3F)c2cc1CN(C)C4(CCN(C)CC4)C(=O)N,2.16,2.3798340000000002,0.21983400000000008
1239,train,C[C@H]1COCCN1c2cc(CS(=O)(=O)C)nc(n2)c3ccc4[nH]ccc4c3,2.38,2.335711999999999,-0.04428800000000077
67,train,COc1cc2ncnc(Nc3ccc(F)c(Cl)c3)c2cc1OCCCN4CCCC4,3.13,3.137360000000003,0.00736000000000292
1830,train,Nc1ccc2c(c1)C(=O)C(=O)c3cc(N)ccc23,1.72,1.7687799999999965,0.04877999999999649
89,train,Cc1nc(C)c(nc1C(=O)N)c2ccc([C@@H]3CC[C@@H](CC(=O)O)CC3)c(F)c2,1.3,1.2997357142857124,-0.0002642857142876043
149,train,OCC(CO)N1C=Cc2c(NC(=O)CC34CC5CC(CC(C5)C3)C4)cccc2C1=O,2.62,2.7144286666666635,0.09442866666666339
1709,train,CC1(COc2ccc3c(c2)ncn3c4ccc5cccc(N6CCC(N)CC6)c5n4)COC1,1.99,2.0385100000000005,0.0485100000000005
2426,train,COc1ccc(cc1OC2CCCC2)[C@@]3(CC[C@H](CC3)C(=O)O)C#N,0.76,1.2988800000000023,0.5388800000000022
3117,train,Cc1cc(F)ccc1OC2CCN(CC3CCN(CC3)[C@@H](Cc4ccc(F)cc4)C(=O)O)CC2,1.81,2.0023133333333325,0.19231333333333245
1998,train,NC(=O)CN1C(=O)C(Cc2ccccc12)NC(=O)c3cc4cc(Cl)sc4[nH]3,3.22,2.4587699999999986,-0.7612300000000016
2964,train,CN1SC(=O)c2cc(ccc12)S(=O)(=O)N,0.3,0.5316499999999889,0.23164999999998886
2830,train,CCN1C=C(C(=O)O)C(=O)c2cc(F)c(N3CCNC(C)C3)c(F)c12,-1.1,-0.6786471428571557,0.42135285714284443
2913,train,CCN(CC)CCNC(=O)c1cc(Cl)c(N)cc1OC,0.34,0.551960000000006,0.21196000000000598
1909,train,COc1cc2ncc(C(=O)N)c(Nc3ccc(F)cc3F)c2cc1NCCN4CCOCC4,2.68,2.6904599999999967,0.010459999999996583
4103,train,NC1=NC2(CCN(CC2)C(=O)c3ccc(cc3)C#N)Nc4c(F)ccc(F)c14,0.86,1.0824299999999936,0.22242999999999358
1735,train,OC1N=C(c2ccccc2Cl)c3cc(Cl)ccc3NC1=O,2.38,2.533073333333334,0.15307333333333428
2332,train,CNCc1ccc(cc1)c2[nH]c3cc(F)cc4C(=O)NCCc2c34,1.17,1.4172892857142854,0.24728928571428543
2156,train,CC(C)c1c(O)c(O)c(C=O)c2c(O)c(c(C)cc12)c3c(C)cc4c(C(C)C)c(O)c(O)c(C=O)c4c3O,2.75,2.394040000000001,-0.35595999999999917
560,train,O[C@]1(CN2CCC1CC2)C#Cc3ccc(Oc4ccc(cc4)C(=O)NC5CCCS(=O)(=O)C5)cc3,1.4,1.4609257142857133,0.06092571428571336
260,train,OC(=O)COc1ccc(cc1CN2CCN(CC2)S(=O)(=O)c3ccccc3)C(F)(F)F,0.4,0.3008800000000016,-0.09911999999999843
943,train,CC(C)N1C(=O)N(CC2CC2)c3nn(Cc4ccnc5ccc(Cl)cc45)c(c6cncn6C)c3C1=O,4.02,3.774720000000001,-0.2452799999999984
1456,train,Fc1cccc(COc2cc(OCCCN3CCCC3)ccc2C(=O)Nc4ccccc4)c1,3.67,3.458119999999998,-0.21188000000000207
1064,train,Cc1cccc(NS(=O)(=O)c2ccc(cc2)c3ccc(cc3)C#N)n1,2.42,2.1303933333333336,-0.28960666666666635
3934,train,CCN(C1CCN(CC[C@H](C2CCN(CC2)S(=O)(=O)C)c3ccccc3)CC1)C(=O)Cc4ccc(cc4)S(=O)(=O)C,1.05,1.5782599999999976,0.5282599999999975
3266,train,CC[C@@H](CO)Nc1nc(SCc2ccccc2)nc3nc(N)sc13,2.99,3.195033333333333,0.20503333333333273
1439,train,CN(C1CCN(CCC(c2ccccc2)c3ccccc3)CC1)C(=O)Cc4ccc(Cl)cc4,3.5,3.383593333333324,-0.1164066666666761
2251,train,CS(=O)(=O)c1cccc(Nc2nccc(Nc3cccc4OCOc34)n2)c1,2.83,2.9109600000000015,0.08096000000000148
1371,train,COc1ccccc1C2=COc3cc(O)ccc3C2=O,2.55,2.5085399999999987,-0.04146000000000116
3478,train,O=C1C=C(Nc2cc(Cc3ccccc3)ccc12)c4cccnc4,3.46,2.906208571428575,-0.5537914285714249
3403,train,CS(=O)(=O)c1ccc2[nH]c3CCN(Cc3c2c1)C(=O)[C@@H]4CCCC[C@H]4C(=O)NC5(CC5)C#N,1.5,1.9632466666666664,0.46324666666666636
2177,train,CN1C(=O)N(CC2CC2)c3nn(Cc4ccnc5ccc(Cl)cc45)c(c3C1=O)c6nc(cn6C)S(=O)(=O)C,2.64,2.9365399999999995,0.29653999999999936
2914,train,CC(C)C(NC(=O)CN1C(=O)C(=CC=C1c2ccccc2)NC(=O)NCc3ccccn3)C(=O)C(F)(F)F,2.15,1.9061199999999991,-0.24388000000000076
3546,train,COc1ccc(CNCc2cccc(CCNC[C@H](O)c3ccc(O)c4NC(=O)Sc34)c2)cc1,0.86,0.859106666666664,-0.0008933333333359661
319,train,CC[C@H](NC(=O)c1c([S+](C)[O-])c(nc2cc(Br)ccc12)c3ccccc3)c4ccccc4,3.18,3.153779999999995,-0.02622000000000524
456,train,Cc1ncc(CO)c(CO)c1O,-0.58,0.14513399999999121,0.7251339999999912
3033,train,CC(=O)Nc1cc(CN2C(=O)N(C(=O)C2(C)C)c3ccc(SC(F)(F)F)cc3)ccn1,2.93,2.7256799999999988,-0.2043200000000014
451,train,Nc1n[nH]cc1c2cc(ccc2Oc3cc(F)c(cc3Cl)S(=O)(=O)Nc4cscn4)C(F)(F)F,2.65,2.4585450000000013,-0.1914549999999986
3491,train,CCc1cc2C(=NCc3nnc(C)n3c2s1)c4ccccc4Cl,2.52,2.4432599999999978,-0.07674000000000225
1552,train,NC(=N)N1CCc2ccccc2C1,-1.01,-0.10568399999999656,0.9043160000000035
4015,train,Cn1cnc2c(c3ccc(cc3)C4(N)CCC4)c(ccc12)c5ccccc5,2.5,2.4582666666666646,-0.0417333333333354
281,train,CC(=O)Nc1ccc2c(c1)c(Sc3ccc(Cl)cc3)c(C)n2CC(=O)O,0.2,0.8329100000000023,0.6329100000000023
823,train,CNC(=O)C[C@H](Nc1ncc(Cl)c(Nc2cc([nH]n2)C3CC3)n1)c4ccc(F)cc4,2.23,2.660159999999998,0.4301599999999981
2107,train,CC(C)Oc1cc(OCCN2CCOCC2)cc3ncnc(Nc4c(Cl)ccc5OCOc45)c13,3.68,3.357179999999992,-0.3228200000000081
473,train,CN1C(=N)N(CC(=O)c2ccc(Cl)cc2)c3ccccc13,1.63,2.072961333333333,0.4429613333333333
1961,train,NNC1=Nc2ccccc2NC1=O,0.44,0.8444800000000048,0.4044800000000048
3901,train,CC(C)(Cc1cccc(CC(=O)NCc2cccc(c2)c3ccc(O)cc3)c1)NC[C@H](O)c4ccc(O)c(NS(=O)(=O)C)c4,1.91,1.99946,0.0894600000000001
881,train,CC(=O)Nc1nc(N)n(n1)c2ccccc2,-0.2,0.5903399999999996,0.7903399999999996
1426,train,CCCC(=O)Nc1ccc(Cl)c(c1)c2oc3cccnc3n2,3.37,3.157119999999994,-0.21288000000000595
1677,train,C[C@]12CCC(=O)C=C1C=C[C@@H]3[C@@H]2CC[C@@]4(C)[C@H]3CC[C@@]45CCC(=O)O5,3.2,2.7706266666666615,-0.4293733333333387
1723,train,NS(=O)(=O)c1cc(ccc1Cl)C2(O)NC(=O)c3ccccc23,0.97,1.2262100000000036,0.2562100000000036
3942,train,Cc1ccc(NC(=O)N2CCN(C[C@@H]3CCCN(C3)C4CC4)CC2)cc1Cl,3.37,3.254333333333329,-0.11566666666667125
709,train,Cc1nc2nc(nn2c(O)c1Cc3ccccc3)c4cccnc4,1.52,1.6897533333333334,0.16975333333333342
3816,train,CCN(C1CCN(CCC(N2CCN(CC2)c3cccc(F)c3)c4ccccc4)CC1)C(=O)Cc5ccc(cc5)S(=O)(=O)C,3.21,2.9669900000000022,-0.24300999999999773
595,train,CC(C)C(NC(=O)CN1C(=O)C(=CN=C1c2ccc(F)cc2)NC(=O)OCc3ccncc3)C(=O)C(F)(F)F,2.22,2.2079200000000005,-0.012079999999999647
2438,train,Cc1cccc2c(CCNCc3cccc(CCNC[C@H](O)c4ccc(O)c5NC(=O)Sc45)c3)c[nH]c12,1.13,1.131999999999995,0.001999999999995117
1620,train,Nc1nc(OC2CCCC2)nc3c1ncn3[C@@H]4O[C@H](CF)[C@@H](O)[C@H]4O,1.5,1.3975799999999947,-0.10242000000000528
2712,train,COc1cc(OC)c(cc1NC(=S)NCC(=O)O)S(=O)(=O)N2C(C)CCc3ccccc23,-1.04,-0.9010000000000078,0.13899999999999224
748,train,COc1ccc(cc1)C(=O)C2CCN(CC2)C(=O)c3ccc(F)cc3,2.92,2.895919999999999,-0.02408000000000099
4171,train,COc1cc2c(Nc3cc(CC(=O)Nc4cccc(F)c4F)[nH]n3)ncnc2cc1OCCCN(CCO)CC(C)C,3.61,2.913979999999997,-0.696020000000003
632,train,CC(C)CNCc1ccc(cc1)c2ccccc2S(=O)(=O)N3CCCC3,1.9,1.9959599999999993,0.09595999999999938
3678,train,NS(=O)(=O)c1ccc(Nc2nccc(n2)c3cnc4ccccn34)cc1,2.7,2.6910733333333354,-0.008926666666664751
1180,train,CC[C@H](NC(=O)c1c([S+](C)[O-])c(nc2ccccc12)c3ccccc3)c4cccnc4,2.2,2.481789999999997,0.2817899999999969
1332,train,Oc1cc(OCc2ccccc2)ccn1,1.69,1.99146,0.30146000000000006
693,train,Oc1cc(O)c2C(=O)C(=COc2c1)c3ccc(cc3)[N+](=O)[O-],3.24,2.9166933333333334,-0.32330666666666685
796,train,Fc1ccc2[nH]c3CCN(Cc3c2c1)C(=O)[C@@H]4CCCC[C@H]4C(=O)NC5(CC5)C#N,3.0,2.9837799999999994,-0.016220000000000567
674,train,CC1CCN(CC1)C(=O)c2scc3OCCOc23,2.26,2.157944,-0.1020559999999997
729,train,Cc1ccc(NC(=O)c2cccc(c2)N3CCOCC3)cc1NC(=O)c4ccc(OCc5ccccn5)cc4,3.2,3.10682,-0.09318000000000026
1500,train,COc1ncccc1c2cccc3c(N)c4C(=O)N(Cc4nc23)C5CCC5,3.26,2.9932666666666674,-0.2667333333333324
1927,train,COc1cc2ncc(C(=O)N)c(Nc3ccccc3Cl)c2cc1OC,2.89,3.044860000000003,0.15486000000000288
3415,train,O=C1C=C(Oc2c1cccc2c3cccc4c5CCCCc5sc34)N6CCOCC6,4.1,3.599900000000006,-0.5000999999999935
1869,train,CN1C(=O)C(=Cc2cnc(NC3CCOCC3)nc12)Oc4ccc(F)cc4F,2.76,2.514739999999998,-0.2452600000000018
3911,train,COC(=O)N1CCN(C(CC(=O)NCc2ccc3OCOc3c2)C1)c4ccnc(n4)n5ccnc5,1.88,2.11188,0.2318800000000003
2193,train,C[C@H](Nc1nc(Nc2cc(C)[nH]n2)cnc1C#N)c3ccc(F)cn3,2.51,2.4671186666666673,-0.04288133333333244
4139,train,CC(=O)N[C@@H]1CC2(CCN(Cc3ccc4[nH]c5ccccc5c4c3)CC2)c6ccccc16,2.96,2.7053933333333333,-0.25460666666666665
970,train,[O-][N+](=O)c1cc(ccc1NCCSc2ccccc2)S(=O)(=O)NC(=O)c3ccc(cc3)N4CCNCC4,-0.04,0.8201033333333316,0.8601033333333317
1074,train,CCC(N(CCCN)C(=O)c1ccc(C)cc1)C2=Nc3ccsc3C(=O)N2Cc4cccnc4,0.01,0.5249400000000055,0.5149400000000055
749,train,CC(C)NC[C@@H](C(=O)N1CCN(CC1)c2ncnc3[C@H](O)C[C@@H](C)c23)c4ccc(Cl)cc4,1.3,1.6256506666666648,0.32565066666666476
814,train,CN1CCN(CC1)C(=O)c2cc3ccccc3n2C,1.71,1.820888000000001,0.11088800000000099
866,train,COc1ccc2N=CC(=O)N(CCN3CC[C@H](NCc4cc5OCCOc5cn4)[C@H](O)C3)c2c1,0.77,0.8376961746031752,0.06769617460317523
594,train,COCCC(=O)N[C@H](C)c1ccc(Nc2ncc3cc(ccc3n2)c4ccncc4)cc1,3.08,3.0320032301587303,-0.04799676984126977
3562,train,CN(C)S(=O)(=O)c1ccc(CC(=O)N(C)C2CCN(CCC(c3ccccc3)c4ccccc4)CC2)cc1,3.5,3.412099999999993,-0.08790000000000697
1913,train,Cc1cc(CNc2ncc(Cl)c(Nc3cc(C)[nH]n3)n2)on1,2.68,2.4781533333333305,-0.20184666666666962
2986,train,CN(C)C(=O)[C@H](Cc1ccccc1)NC(=O)c2cc3cc(F)ccc3[nH]2,3.5,3.2995066666666597,-0.2004933333333403
3128,train,CN1CCN(CC1)c2ccc3N=CN(C(=O)c3c2)c4cc(NC(=O)c5cccnc5)ccc4C,1.5,1.8456800000000009,0.3456800000000009
3898,train,NC(=O)C(NC(=O)C1(N)CCN(CC1)c2ncnc3[nH]ccc23)c4ccc(Cl)cc4,2.2,2.4037034999999984,0.20370349999999826
1424,train,Nc1ccccc1NC(=O)c2ccc(cc2)c3ncc(CN4CCCCC4)s3,2.82,2.3759799999999984,-0.4440200000000014
3339,train,Clc1ccc2OCOc2c1Nc3ccnc(Nc4cc(cc(c4)N5CCOCC5)N6CCOCC6)n3,3.25,3.207440000000008,-0.04255999999999194
3427,train,CCOc1cc2nnc(C(=O)N)c(Nc3ccc(F)cc3F)c2cc1N4CCN(C)CC4,2.63,2.5534399999999997,-0.07656000000000018
3711,train,CN1C(=O)C=C(CCc2cccc(c2)c3cccnc3)N=C1N,2.5,2.729520000000001,0.22952000000000083
2572,train,COc1cc2ncnc(Nc3cc(Cl)ccc3F)c2cc1OCCCN4CCOCC4,3.4,3.2912400000000046,-0.1087599999999953
607,train,Cc1ccc2c(c1)c(c(C)n2CC(=O)O)c3ccnc4c(Cl)cccc34,1.27,1.2106400000000055,-0.05935999999999453
1885,train,CN1CCN(CC1)c2cc(Nc3cc(C)[nH]n3)nc(Sc4ccc(NC(=O)C5CC5)cc4)n2,3.47,3.092156666666668,-0.377843333333332
241,train,Cc1nnsc1C(=O)Nc2ccccc2,0.97,1.4969233333333363,0.5269233333333363
1565,train,CNC(=O)c1ccc(Nc2nccc(n2)c3cnc(C4CC4)n3C(C)C)cc1,2.77,2.6880599999999997,-0.08194000000000035
3997,train,COc1nc(Br)cnc1NS(=O)(=O)c2ccc(Cl)s2,0.99,1.4170599999999955,0.42705999999999555
3991,train,Nc1ncnc2sc(nc12)c3c(ncn3Cc4ccccc4N5CCOCC5)c6ccccc6,3.58,3.3176466666666706,-0.26235333333332944
3046,train,CCOc1nc2cccc(C(=O)O)c2n1Cc3ccc(cc3)c4ccccc4c5nnn[nH]5,0.3,0.8797966666666581,0.5797966666666581
3245,train,O=C(NCCCN1CCCCC1)C(c2ccccc2)c3ccccc3,1.33,1.8010373333333327,0.47103733333333264
3461,train,NC1(CCC1)c2ccc(cc2)c3ncc4ccccc4c3c5ccccc5,3.6,3.0369999999999986,-0.5630000000000015
3630,train,CNC1=CN=C(N(CC(=O)NC(C(C)C)C(=O)C(F)(F)F)C1=O)c2ccc(F)cc2,1.86,1.9458699999999984,0.08586999999999834
1330,train,CC(C)N=C1C=C2N(c3ccc(Cl)cc3)c4ccccc4N=C2C=C1Nc5ccc(Cl)cc5,3.17,3.0407566666666668,-0.12924333333333315
2703,train,Cc1ccc(cc1)C(=O)c2ccc(CC(=O)O)n2C,-1.02,-0.20639999999999237,0.8136000000000077
50,train,OC(=O)c1ccc(NC(=O)c2cc(OCc3ccccc3F)cc(OCc4ccccc4F)c2)nc1,3.0,2.960733333333334,-0.039266666666665895
679,train,CC[C@H](NC(=O)c1c(N)c(nc2ccccc12)c3ccccc3)c4ccccc4,3.89,3.6244133333333393,-0.26558666666666086
2431,train,CN[C@@H](C)C(=O)N[C@@H](C1CCCCC1)C(=O)N[C@H]2CCCN(C2)C(=O)c3ccccc3,0.87,1.1222399999999977,0.2522399999999977
656,train,COc1cc2ncnc(Nc3ccc(Cl)c(O)c3)c2cc1OC,3.3,3.1531299999999964,-0.1468700000000034
3198,train,[O-][N+](=O)c1oc(C=NN2CCOC2=O)cc1,-0.12,0.23282000000000447,0.35282000000000446
1466,train,CCCc1c(O)c(ccc1OCCCSc2ccc(CC(=O)O)cc2Cl)C(=O)CC,3.57,2.634423333333332,-0.9355766666666678
1881,train,C[C@@H](Oc1cccc2ncnc(Nc3ccc(OCc4ccccn4)c(Cl)c3)c12)C(=O)N(C)CCO,3.56,3.5132803333333293,-0.04671966666667071
2357,train,C[C@H](Cc1cccc(CC(=O)NC23CC4CC(CC(C4)C2)C3)c1)NC[C@H](O)c5ccc(O)c(CO)c5,2.4,2.18042,-0.2195800000000001
2818,train,O=C1NC(=O)c2cc(OCc3ccccc3)ccc12,3.1,2.9575899999999953,-0.1424100000000048
2709,train,C[C@H](CO)Nc1nc(SCc2cccc(F)c2F)nc3NC(=O)C=Cc13,3.36,3.230079999999992,-0.1299200000000078
1495,train,CC1=CC2=NNC(=O)N2c3cc(ccc13)c4ccc(cc4)C(=O)N5CCOCC5,2.77,2.704279999999999,-0.06572000000000111
1895,train,C[C@H](NC(=O)c1c(C)nn(C2CCN(CC(F)(F)F)CC2)c1NS(=O)(=O)c3ccc(C)cc3)C(C)(C)C,1.08,1.125800000000006,0.045800000000005836
3212,train,CC(C)n1c(C)ncc1c2nc(Nc3ccc(cc3)C(=O)N4CCCN(C)CC4)ncc2F,2.02,2.1108466666666668,0.09084666666666674
1059,train,ONC(=O)c1ccc(NS(=O)(=O)c2ccccc2)cc1,0.75,1.3203399999999963,0.5703399999999963
567,train,Nc1n[nH]c(Nc2ccccc2)n1,1.06,1.5229200000000018,0.4629200000000018
1594,train,CCNC1=CC=C(N(CC(=O)NC(C(C)C)C(=O)C(F)(F)F)C1=O)c2ccccc2,2.37,2.15458,-0.21541999999999994
3026,train,CCCNc1nc(ccc1C(=O)NC2CCCCC2)N3CCC[C@@H](CC(=O)O)C3,2.33,2.0977,-0.23229999999999995
1159,train,O[C@H](CNC(=O)C1=CNC(=O)c2c(F)cccc12)CN3CCC(CC3)Oc4ccc(Cl)c(Cl)c4,3.15,3.1467600000000004,-0.0032399999999994655
2121,train,Clc1ccc2C(=O)C3=C(Nc2c1)C(=O)NN(Cc4ccncc4)C3=O,-0.16,0.31310000000000704,0.47310000000000707
2926,train,Cc1nc2c(cnn2c(O)c1Cc3ccccc3)C#N,0.68,1.2644799999999954,0.5844799999999953
2878,train,CC(C)OC(=O)N1CCC(CC1)Oc2ncnc3c2cnn3c4ccc(cc4F)S(=O)(=O)C,3.0,2.9496,-0.05039999999999978
2321,train,CC(=O)O[C@H]1CC[C@]2(C=O)[C@H]3CC[C@]4(C)[C@H](CC[C@]4(O)[C@@H]3CC[C@]2(O)C1)C5=CC(=O)OC5,0.64,1.197350000000001,0.557350000000001
905,train,CC1(C)CCC(=C(CN2CCN(CC2)c3ccc(cc3)C(=O)NS(=O)(=O)c4ccc(N[C@H](CCN5CCOCC5)CSc6ccccc6)c(c4)S(=O)(=O)C(F)(F)F)C1)c7ccc(Cl)cc7,0.64,1.279569285714286,0.639569285714286
4127,train,c1ccc(cc1)c2[nH]nc3ccccc23,3.79,3.4319933333333332,-0.3580066666666668
2720,train,Nc1nccc(n1)c2cccs2,1.75,1.7975828571428554,0.04758285714285537
1518,train,CC(C)n1c(C)ncc1c2ccnc(Nc3ccc(cc3)C(=O)NCCO)n2,2.09,2.2545799999999994,0.1645799999999995
73,train,C[C@H](NC(=O)c1cccnc1Oc2ccccc2)c3ccccc3,2.91,2.994376428571428,0.08437642857142791
1139,train,Nc1nnc(s1)c2ccccc2,1.8,1.8455199999999983,0.04551999999999823
2895,train,CC1=C(C(=O)c2cc(O)c(O)c(Cc3ccccc3)c2C1=O)C4=C(C)C(=O)c5c(Cc6ccccc6)c(O)c(O)cc5C4=O,2.73,2.6521240000000024,-0.07787599999999761
376,train,Nc1nc(OCc2nccs2)nc3c1ncn3[C@@H]4O[C@H](CF)[C@@H](O)[C@H]4O,0.47,0.8038199999999998,0.3338199999999998
3674,train,CN1CCN(CC1)C(=O)Cc2csc(NS(=O)(=O)c3cccc(Cl)c3C)n2,0.57,1.0670200000000065,0.49702000000000657
326,train,CC1N(C(=O)c2ccccc2)c3ccccc3NC1=O,2.11,2.0064800000000007,-0.10351999999999917
1538,train,CCOC(=O)c1ccc(COCC2CCN(CC2)c3ccc(C)nn3)cc1,2.68,2.612433333333331,-0.06756666666666922
234,train,CC[C@H](NC(=O)c1c([S+](C)[O-])c(nc2ccccc12)c3ccc(F)cc3)c4ccccc4,3.72,3.4764400000000046,-0.24355999999999556
36,train,CN1CCN(CC1)c2ccc3N=CN(C(=O)c3c2)c4cc(NC(=O)c5cscn5)ccc4C,2.06,2.18226,0.12225999999999981
3797,train,COc1ccc(cc1)c2nc3c(NCC4CCNCC4)c(Br)cnc3[nH]2,1.36,1.402647857142858,0.0426478571428579
2198,train,CC1=CN([C@H]2CCCN(C2)[C@H](CC3CCOCC3)c4ccc(C(=O)O)c(Oc5cccc(Cl)c5)c4)C(=O)NC1=O,-0.25,0.3871476190476226,0.6371476190476226
1691,train,Cc1ccc(CN2[C@@H]3CC[C@H]2C[C@H](C3)Oc4cccc(c4)C(=O)N)s1,2.39,2.2669816666666667,-0.12301833333333345
990,train,C[C@@H]1CNc2c(sc3ccc4nc(ccc4c23)c5ccc(C)nc5)C(=O)N1,3.6,2.996461666666667,-0.6035383333333333
174,train,CCOc1ncc(C)c2NC(=C([C@@H](c3ccc(cc3OC)C#N)c12)C(=O)N)C,2.51,2.494026666666668,-0.01597333333333184
1027,train,CN[C@@H](C)C(=O)N[C@H](C(=O)N[C@H]1CCCN(CCc2ccc(OC)cc2)C1)C(C)(C)C,1.45,1.6197400000000037,0.16974000000000378
1642,train,CN(C)C\C=C\C(=O)Nc1cc2c(Nc3ccc(F)c(Cl)c3)ncnc2cc1O[C@H]4CCOC4,3.7,3.449066666666676,-0.25093333333332435
566,train,CN(C1CCN(Cc2ccc(cn2)C(F)(F)F)CC1)C(=O)Cc3ccc(cc3)n4cnnn4,1.9,2.2016633333333333,0.3016633333333334
2283,train,Cc1nc(C)c(nc1C(=O)N)c2ccc([C@@H]3CC[C@H](CC(=O)O)CC3)c(Cl)c2,1.7,1.684758095238096,-0.015241904761903902
2040,train,CN1CCN(CC1)c2ccc(Nc3ccnc4ccccc34)cc2,1.3,1.7813799999999977,0.4813799999999977
1911,train,OC(=O)CC[C@H]1[C@@H](Cc2ccccc12)NC(=O)c3cc4sc(Cl)c(Cl)c4[nH]3,2.84,2.3603999999999994,-0.47960000000000047
3358,train,CCN(CC)C(=O)c1ccc(cc1)C(=C2CCNCC2)c3cccc(c3)C(F)(F)F,1.9,1.9045733333333341,0.004573333333334206
478,train,CNC(=O)c1ccc(CCC(COc2ccc(cc2)c3cccc(c3)[N+](=O)[O-])N4C(=O)CSC4=O)cc1,3.5,3.1921257142857082,-0.30787428571429176
2082,train,CN(C1CCCCC1)C(=O)c2cnn(c2NS(=O)(=O)c3ccc(C)cc3)c4ccccc4,2.01,1.7761000000000002,-0.23389999999999955
11,train,C[C@H](Nc1nc(Nc2cc(C)[nH]n2)c(C)nc1C#N)c3ccc(F)cn3,2.61,2.5857413333333326,-0.024258666666667317
996,train,Oc1cccc2ccccc12,2.5,2.5470800000000002,0.04708000000000023
1817,train,CC1=CN([C@H]2CCCN(Cc3ccc(C(=O)O)c(Oc4cccc(Cl)c4)c3)C2)C(=O)NC1=O,-0.55,-0.4475353333333145,0.10246466666668552
353,train,Cc1cc(NC(=O)Nc2ccc(Cl)cc2)n(C)n1,2.96,3.2209533333333358,0.2609533333333358
1470,train,Nc1ccccc1NC(=O)c2ccc(CNc3nccc(n3)c4cccnc4)cc2,2.28,2.11198,-0.16801999999999984
3343,train,COc1c(C)cnc(Cn2cnc3c(Cl)nc(N)nc23)c1C,1.67,1.514120000000003,-0.1558799999999969
519,train,CN1CCN(CC1)c2nc(CCOc3ccc(C[C@H](Nc4ccccc4C(=O)c5ccccc5)C(=O)O)cc3)c(C)s2,2.58,2.414696666666665,-0.1653033333333349
1749,train,CC1=CC2=NNC(=O)N2c3ccccc13,2.35,2.4044400000000006,0.05444000000000049
2980,train,CC[C@H](NC(=O)c1c([S+](C)[O-])c(nc2ccccc12)c3cccc(F)c3)c4ccccc4,3.14,3.182213333333338,0.042213333333337655
742,train,CN(CCO)Cc1ccc(cc1)c2cc(C(=O)N)c(NC(=O)N)s2,0.97,1.1687617142857192,0.1987617142857192
1753,train,CN1CC(=O)N2[C@H](Cc3c([nH]c4ccccc34)[C@H]2c5ccc6OCOc6c5)C1=O,2.6,2.4049599999999987,-0.19504000000000143
3962,train,CN1CCN(CC1)S(=O)(=O)c2ccc(cc2)c3cnc(N)c(n3)C(=O)Nc4cnccc4CN5CCCC5,3.28,2.97609,-0.3039099999999997
1838,train,COc1ccc2nccc([C@@H](O)[C@@H]3C[C@H]4CCN3C[C@@H]4C=C)c2c1,2.26,2.223223373015873,-0.03677662698412698
3748,train,CN(C)CCCC(NC(=O)C1(N)CCN(CC1)c2ncnc3[nH]ccc23)c4ccc(Cl)cc4,1.4,1.7227349999999961,0.3227349999999962
926,train,Cn1nc(cc1NC(=O)Nc2ccc(Cl)cc2)C(C)(C)C,3.97,3.678873333333341,-0.291126666666659
1563,train,CC(C)COc1cc(OC(C)C)cc(c1)C(=O)Nc2ccc(cn2)C(=O)O,1.6,1.5798933333333283,-0.020106666666671824
2851,train,Cc1[nH]c(\C=C\2/C(=O)Nc3ccc(F)cc23)c(C)c1C(=O)NC[C@H](O)CN4CCOCC4,2.22,2.24418,0.02417999999999987
4014,train,CO[C@@H]1CC[C@@]2(CC1)Cc3ccc(cc3C24N=C(C)C(=N4)N)c5cc(Cl)cc(c5)C#N,3.8,3.477879999999997,-0.3221200000000026
1144,train,CC(N1NC(=O)C2=C(C1=O)C(=O)c3ccc(Cl)cc3N2)c4ccsc4,0.9,1.1556300000000057,0.2556300000000057
4012,train,Clc1cccc(c1)S(=O)(=O)NCC(N2CCCCCC2)c3ccccc3,3.39,3.3260400000000017,-0.06395999999999846
2099,train,COc1cc(OC)c2nc(C)c3CCN(c4ccc(O)cc4)c3c2c1,1.5,1.8343866666666662,0.33438666666666617
1483,train,CC(C)C(NC(=O)CN1C(=O)C(=CN=C1c2ccc(F)cc2)NC(=O)OCc3ccccc3)C(=O)C(F)(F)F,2.47,2.34674,-0.12326000000000015
2455,train,CCN(CC)C(=O)c1ccc2[nH]c(c(CCNCCCCc3ccncc3)c2c1)c4cc(C)cc(C)c4,3.3,3.2318399999999965,-0.06816000000000333
3210,train,CC(C)n1c(C)ncc1c2nc(Nc3ccc(C(=O)NC4CCN(C)CC4)c(F)c3)ncc2F,2.41,2.4885400000000013,0.07854000000000116
3885,train,Brc1ccc(OC(=O)N2CCN3CCC2CC3)cc1,1.58,1.6947200000000016,0.11472000000000149
3253,train,Nc1ncnc2OCCN(C(=O)c12)c3ccc(cc3)[C@@H]4CC[C@@H](CC(=O)O)CC4,-0.5,0.0670666666666686,0.5670666666666686
2371,train,CN(C1CCN(Cc2ccc(cc2)C(F)(F)F)CC1)C(=O)Cc3ccc(cc3)n4cnnn4,3.0,2.9786600000000005,-0.02133999999999947
3133,train,COC(=O)CCC(=O)Nc1ccc2c(c1)C(=O)C(=O)c3cc(NC(=O)CCC(=O)OC)ccc23,2.67,2.6609000000000003,-0.009099999999999664
2573,train,Cc1ccccc1N2C(=Nc3cccc(C)c3C2=O)Cn4cnc5c(N)ncnc45,2.6,2.460666666666665,-0.1393333333333353
3329,train,CSc1nc(N)nc(n1)c2ccccc2,2.98,2.7611200000000022,-0.21887999999999774
1575,train,[O-][N+](=O)c1ccc2[nH]ncc2c1,2.2,2.30592,0.10591999999999979
1793,train,O=C(NCC#N)c1ccc(cc1)c2ccnc(Nc3ccc(cc3)N4CCOCC4)n2,2.37,2.5086199999999996,0.13861999999999952
496,train,OC(=O)c1cc(ccc1O)c2ccc(F)cc2F,0.59,0.6022319999999908,0.012231999999990806
3769,train,CCC[C@@H](CN1CCCC1)N(C)C(=O)Cc2ccc(Cl)c(Cl)c2,2.27,2.409360000000001,0.13936000000000082
912,train,NC1CCN(CC1)c2nccc(C(=O)NCC34CC5CC(CC(C5)C3)C4)c2Cl,1.19,1.5582716666666698,0.3682716666666699
2906,train,CCC(N(CCCN)C(=O)c1ccc(C)cc1)C2=Nc3ccsc3C(=O)N2Cc4ccc(C)cc4,1.69,1.6718999999999995,-0.01810000000000045
3758,train,CN(C)Cc1ccccc1Sc2ccc(C)cc2N,2.6,2.420699999999998,-0.17930000000000224
142,train,Cc1ccc(cc1NC(=O)c2ccc(OCc3ccccn3)cc2)c4nccn4C,2.83,2.8241733333333343,-0.0058266666666657585
387,train,Cc1ccc(cc1)S(=O)(=O)NC(=O)N2CCC(CC2)N3CCC(CC3)Oc4ccc(Cl)cc4,1.6,1.6374966666666624,0.03749666666666229
3860,train,COC(=O)c1c(C)[nH]c(C)c1C(=O)c2ccccc2Cl,2.7,2.754290000000002,0.054290000000001726
2978,train,OC[C@H](O)CN1C(=O)C(Cc2ccccc12)NC(=O)c3cc4cc(Cl)ccc4[nH]3,3.4,3.3640982857142907,-0.03590171428570921
2758,train,CC(C)CN1C(=O)N(C)C(=O)c2c1nn(Cc3cccc4ccccc34)c2c5ccncc5,4.3,4.028059999999988,-0.2719400000000114
739,train,C[C@@H](NC(=O)C)c1ccc(Nc2ncc3cc(c(C)cc3n2)c4ccncc4)cc1,3.45,3.3253533333333376,-0.12464666666666258
4131,train,CCOc1ccccc1N2CCN(Cc3c[nH]nc3c4ccc(F)cc4)CC2,3.38,3.2194900000000066,-0.16050999999999327
2194,train,CC(=O)Nc1ccc2ccn(c3cc(NC4CC4)n5ncc(C#N)c5n3)c2c1,3.29,3.028759999999996,-0.2612400000000039
1211,train,CN1C(=O)C(=Cc2cnc(NC(CCO)CCO)nc12)Oc3ccc(F)cc3F,1.5,1.8601500000000009,0.36015000000000086
1916,train,CC(C)[C@@H](CN1CC[C@](C)([C@@H](C)C1)c2cccc(O)c2)NC(=O)[C@H]3Cc4ccc(O)cc4CN3,2.39,2.151486666666667,-0.23851333333333313
3835,train,CCOC(=O)Nc1ccc(NCc2ccc(F)cc2)nc1N,2.22,2.2197400000000003,-0.00025999999999992696
507,train,NS(=O)(=O)c1ccc(NCc2ccccc2)cc1,1.7,1.5696733333333373,-0.1303266666666627
1616,train,Nc1nc(nn1Cc2ccccc2)c3ccccc3,1.91,2.1173399999999996,0.20733999999999964
1638,train,C[C@@H]1CN(Cc2cc(Cl)ccc2OCC(=O)O)C[C@H](C)N1C(=O)Cc3ccccc3,0.7,0.7302600000000019,0.030260000000001952
827,train,CS(=O)(=O)c1ccc(cc1)[C@@H](O)[C@@H](CF)NC(=O)C(Cl)Cl,0.44,1.149573333333338,0.709573333333338
1884,train,C[C@@H]1CN(CCN1c2ncc(OCc3ccc(cc3C#N)S(=O)(=O)C)cn2)C(=O)OC(C)(C)C,3.3,3.234399523809522,-0.06560047619047804
2020,train,OC(=O)COc1ccc(cc1c2cccc(c2)C#N)C(F)(F)F,0.05,-0.024160000000004178,-0.07416000000000418
3587,train,Fc1ccc(cc1Cl)S(=O)(=O)NCC(N2CCCCCC2)c3ccccc3,3.98,3.707086666666668,-0.272913333333332
1103,train,COc1ccc(C(=O)Nc2c(Cl)cncc2Cl)c3cccnc13,2.09,2.287279999999999,0.19727999999999923
2683,train,CC(C)n1c(C)ncc1c2nc(Nc3ccc(cc3)C(=O)N4CC[C@@H](C4)N(C)C)ncc2F,2.16,2.2158504761904765,0.05585047619047634
61,train,Cc1ccccc1NC(=O)CCS(=O)(=O)c2ccc(Br)s2,2.7,2.378053333333333,-0.32194666666666727
2427,train,CCOc1ccccc1c2ccc(cc2)c3nc4ccc(F)cc4c(C(=O)NCCOCCN)c3C,2.46,2.1344200000000004,-0.32557999999999954
3958,train,COc1cccc(Nc2ncnc3cc(OC)c(OC)cc23)c1,3.1,3.120699999999993,0.020699999999993057
3155,train,CC(N)COc1c(C)cccc1C,0.62,0.7063436190476189,0.08634361904761889
3559,train,Fc1ccc(CC2=NNC(=O)c3ccccc23)cc1C(=O)N4CCCNCC4,0.1,0.5926733333333369,0.49267333333333696
2085,train,CCC(C)Nc1nc(nc(N2CCOCC2)c1N)C#N,2.8,2.66308,-0.13691999999999993
1389,train,N#CCc1c[nH]c2ccc(OCc3ccccc3)cc12,3.71,3.2154200000000017,-0.49457999999999824
3886,train,COc1ccc(COc2nc(Br)cnc2NS(=O)(=O)c3ccc(C)cc3)cc1OCCN(C)C,1.68,1.6839120000000007,0.003912000000000804
3499,train,CC(C)C[C@H](CO)Nc1nc(SCc2cccc(c2)C#N)nc3nc(N)sc13,3.9,3.779674666666663,-0.12032533333333673
2881,train,CCOc1ccc2oc(C(=O)NC(CCSC)c3nc4cnccc4[nH]3)c(C)c2c1,4.31,3.84166833333334,-0.4683316666666597
3787,train,CNC1=Nc2ncccc2C(=NC1c3cccs3)c4ccccc4,2.68,2.5970099999999965,-0.08299000000000367
956,train,Cc1ccc2c(c1)c(c(C)n2CC(=O)O)c3ccnc4c(cccc34)C#N,0.52,0.7080600000000066,0.18806000000000656
884,train,CCN(CC)c1ccc2C=C(C(=O)C)C(=O)Oc2c1,2.0,1.9871466666666668,-0.012853333333333161
1163,train,CCCSc1ncccc1C(=O)N(C)[C@H]2[C@@H]3CC4C[C@H]2C[C@@](O)(C4)C3,2.48,2.495958,0.015957999999999917
841,train,CC(C)OC(=O)C1=CN(Cc2c(F)cccc2F)c3sc(c(CN(C)Cc4ccccc4)c3C1=O)c5ccc(NC(=O)C(C)C)cc5,3.5,3.0319533333333286,-0.4680466666666714
2565,train,CCC(NC(=O)c1ccc(C)cc1)C2=Nc3ccsc3C(=O)N2Cc4ccccc4,4.14,3.630939999999989,-0.5090600000000105
3225,train,CC(Cc1ccc(O)cc1)NCC(O)c2cc(O)cc(O)c2,-0.06,0.561426666666663,0.621426666666663
3137,train,CCC(N1NC(=O)C2=C(C1=O)C(=O)c3ccc(Cl)cc3N2)c4ccncc4,0.6,1.0215866666666629,0.4215866666666629
2058,train,NC(=N)Nc1ccc(cc1)C(=O)Oc2ccc(cc2)[N+](=O)[O-],0.5,0.5232200000000093,0.023220000000009344
1043,train,CNCCCN1c2ccccc2CCc3ccccc13,1.24,1.4493292142857102,0.20932921428571016
2067,train,COc1ccc(CNCc2ccc(cc2)c3cc(C(=O)N)c(NC(=O)N)s3)cc1,2.55,2.1735999999999995,-0.3764000000000003
719,train,C[C@@H]1CN(CCN1c2ncc(OCc3ccncc3C#N)cn2)c4ncc(F)cn4,3.4,3.2876466666666686,-0.1123533333333313
1808,train,COc1ncc2N=CC(=O)N(CCN3CCC(CC3)NCc4cc5OCCOc5cn4)c2n1,-0.14,0.32508000000001047,0.4650800000000105
1291,train,CC[C@H](Nc1ncnc2[nH]cnc12)C3=Nc4cccc(F)c4C(=O)N3c5ccccc5,2.72,2.07282,-0.6471800000000001
2339,train,CC(C)n1c(C)ncc1c2ccnc(Nc3ccc(cc3)C#N)n2,3.62,3.442419999999996,-0.1775800000000043
3697,train,CCOC(=O)Cc1csc(NS(=O)(=O)c2ccc(Cl)cc2)n1,1.32,1.3502339999999977,0.03023399999999765
641,train,C1Oc2ccc(Oc3ccnc(Oc4ccc(cc4)n5ccnc5)n3)cc2O1,3.27,3.1955200000000032,-0.07447999999999677
4034,train,COc1cc(OC2CCN(C)CC2)c3c(Nc4cccc5OCCOc45)ncnc3c1,2.26,2.506539999999998,0.2465399999999982
0,train,Cn1c(CN2CCN(CC2)c3ccc(Cl)cc3)nc4ccccc14,3.54,3.3499466666666633,-0.19005333333333674
901,train,CC1(O)CN(C1)S(=O)(=O)c2ccc3C(=CNC(=O)c3c2)C(=O)NC[C@@H](O)CN4CCC(CC4)Oc5ccc(Cl)c(Cl)c5,2.54,2.622613333333334,0.0826133333333341
1142,train,C[C@H]1CCCN1CCc2oc3ccc(cc3c2)c4ccc(cc4)C#N,3.25,3.2339910793650857,-0.016008920634914325
712,train,CC1CC(CN)CC(CO)C1,-1.4,-0.5922699999999939,0.807730000000006
1757,train,O=C1C(=O)c2cccnc2c3ccccc13,1.88,2.0986450000000003,0.21864500000000042
941,train,Clc1ccc(cc1)c2oc(cc2)C(=O)N(Cc3ccccn3)c4ccc(cc4)N5CCNCC5,3.0,2.80936333333333,-0.1906366666666699
2502,train,CN(C)CCCNC(=O)c1nc(Cl)c(N)nc1N,-1.0,-0.15484000000000364,0.8451599999999964
1319,train,C[C@H]1O[C@H]([C@H](O)[C@@H]1O)n2cnc3c(N)nc(OCC4CCC(F)(F)CC4)nc23,1.72,1.6532799999999974,-0.06672000000000256
2399,train,CC(C)C(NC(=O)CN1C(=O)C(=CN=C1c2cccs2)NC(=O)OCC(F)(F)F)C(=O)C(F)(F)F,2.32,2.2125000000000004,-0.10749999999999948
806,train,COc1cc(F)ccc1c2cncc(CNC(=O)c3ccccc3)c2,3.76,3.4472933333333224,-0.31270666666667735
1697,train,CS(=O)(=O)c1ccc(C(=O)Nc2ccc(Cl)c(c2)c3ccccn3)c(Cl)c1,2.84,2.861143333333329,0.021143333333329295
1234,train,Nc1nc(N)c(nc1Cl)C(=O)Nc2ccccn2,2.67,2.15082,-0.51918
1794,train,CNC(=O)C1(CCN(CC[C@H](CN(C)C(=O)c2cc(cc3ccccc23)C#N)c4ccc(Cl)c(Cl)c4)CC1)N5CCCCC5=O,2.5,2.5198466666666652,0.019846666666665236
3707,train,Cn1c2ccccc2c3cc(NC(=O)CCc4ccncc4)ccc13,3.8,3.5640799999999997,-0.23592000000000013
1455,train,COc1cc(cc(OC)c1OC)C(=O)Nc2cc(NC(=O)c3cccc(c3)N(C)C)ccc2C,2.54,2.7048200000000016,0.16482000000000152
2639,train,O[C@H]1CN(CCN2C(=O)C=Cc3ccc(cc23)C#N)CC[C@H]1NCc4cc5OCCOc5cn4,0.45,0.7033113809523823,0.2533113809523823
428,train,Oc1ccc(cc1)C2CNCCc3c(Cl)c(O)c(O)cc23,0.87,1.2207049999999964,0.3507049999999964
2925,train,Cc1c(Sc2ccc(Cl)cc2)c3ccc(Cl)cc3n1CC(=O)O,2.51,2.2428599999999994,-0.2671400000000004
3426,train,COc1c(N2C[C@@H]3CCCN[C@@H]3C2)c(F)cc4C(=O)C(=CN(C5CC5)c14)C(=O)O,-0.18,-0.1407057142857311,0.039294285714268906
2791,train,Clc1ccccc1N2CCN(CC2)C(=O)NC3CCCCC3,3.78,3.326905000000006,-0.4530949999999936
3402,train,COc1ccc(\C=C\2/SC(=S)NC2=O)cc1OC,1.42,1.7978600000000013,0.3778600000000014
169,train,COc1cc2c(Nc3ccc(Cl)cc3F)ncnc2cc1OCCn4cncn4,3.2,3.1133399999999987,-0.08666000000000151
847,train,C[Si](C)(C)C#Cc1cn(C[C@H]2CN(C(=O)O2)c3ccc(C4=CCS(=O)(=O)CC4)c(F)c3)nn1,1.26,1.4801200000000008,0.22012000000000076
2335,train,Brc1ccccc1NC(=O)Nc2ccc(C#N)c3[nH]nnc23,1.64,2.00108,0.36108000000000007
3286,train,CC1=CC2=NNC(=O)N2c3cc(ccc13)c4cn[nH]c4,2.13,2.368939999999999,0.23893999999999904
2142,train,CCOC(=O)N1CCN(CC1)C(=O)[C@H](Cc2cccc(c2)C(=N)N)NS(=O)(=O)c3c(cc(cc3C(C)C)C(C)C)C(C)C,1.67,1.5807233333333364,-0.08927666666666356
1528,train,N[C@H]1CCN(C1)c2c(Cl)cccc2\C=C\3/SC(=O)NC3=O,1.89,1.649918000000003,-0.2400819999999968
3429,train,NC(=O)c1cccc(OC2CCN(Cc3ccccc3)CC2)c1,1.92,1.7463897619047595,-0.17361023809524045
1395,train,COc1cccc(c1)C(=O)NCCCOc2cccc3ccc(N)nc23,2.46,2.3731499999999994,-0.08685000000000054
423,train,COc1ccc2N=CC(=O)N(CCN3CCC(CC3)NCc4cc5OCCOc5cn4)c2n1,0.83,0.8758233333333376,0.04582333333333766
1352,train,CCN(C1CCN(CCC(c2ccccc2)c3ccccc3)CC1)C(=O)Cc4ccc(cc4)S(=O)(=O)C,3.0,2.7300099999999974,-0.2699900000000026
1313,train,Clc1ccc2C(=O)C3=C(Nc2c1)C(=O)NN(Cc4cccs4)C3=O,1.52,1.4126799999999964,-0.10732000000000363
2062,train,COc1cc(ccc1Nc2ncc(Cl)c(n2)c3cnc4c(C)cccn34)N5CCN(CC5)C(=O)C,3.2,3.2525199999999996,0.052519999999999456
1743,train,Clc1ccc2NC(=O)CN(C(c3ccccc3)c2c1)C(=O)c4occc4,3.0,2.8903986666666643,-0.10960133333333566
3284,train,CN(C1CCN(CCC(c2ccccc2)c3ccccc3)CC1)C(=O)Cc4ccc(cc4)S(=O)(=O)N,2.3,2.1574866666666668,-0.14251333333333305
4053,train,CN1CCN(CCCN2c3ccccc3Sc4ccc(cc24)C(F)(F)F)CC1,4.31,4.014764000000013,-0.29523599999998673
1897,train,c1ccc2[nH]ncc2c1,1.9,2.0689799999999994,0.16897999999999946
2528,train,CCN(CC)C(=O)Cc1csc(NS(=O)(=O)c2cccc(Cl)c2C)n1,1.67,1.625720000000002,-0.04427999999999788
2126,train,Clc1ccc2C(=C3CCNCC3)c4ncccc4CCc2c1,1.48,1.523760000000002,0.04376000000000202
1106,train,OCC(=O)N1CCC[C@@H]1COc2cccc3ncnc(Nc4ccc(OCc5ccccn5)c(Cl)c4)c23,3.71,3.5917739761904763,-0.11822602380952363
3449,train,CC(C)CN1C(=O)N(C)C(=O)c2c1sc(Cc3ccccc3C(F)(F)F)c2C(=O)N4CC=CC4,3.53,3.352940000000002,-0.17705999999999777
2210,train,Cn1cncc1c2c3C(=O)N(C4CC4)C(=O)N(CC5CC5)c3nn2Cc6ccnc7ccc(Cl)cc67,3.53,3.4800800000000023,-0.04991999999999752
1592,train,C[C@H](Nc1ncc(F)c(Nc2cc([nH]n2)N(C)C)n1)c3ncc(F)cn3,1.98,2.17956,0.19955999999999996
753,train,CN1CCN(CC1)c2ccc3N=CN(C(=O)c3c2)c4cc(NC(=O)c5ccc(cc5)C#N)ccc4C,2.73,2.5609066666666687,-0.16909333333333132
3739,train,[O-][N+](=O)c1cccc(c1)c2ccc(OCC(CCc3ccncc3)N4C(=O)CCC4=O)cc2,3.88,3.47380666666666,-0.40619333333334007
1336,train,COc1cc2ncnc(Nc3ccncc3)c2cc1OC,2.22,2.536220000000001,0.31622000000000083
3534,train,OC[C@H](O)CN1C(=O)[C@H](Cc2ccccc12)NC(=O)c3cc4cc(Cl)sc4[nH]3,3.3,3.299225023809524,-0.0007749761904758401
280,train,COc1ccc(cc1OC)C2=COc3cc(O)cc(O)c3C2=O,2.8,2.6989400000000003,-0.10105999999999948
3970,train,OC(=O)C1CCn2c1ccc2C(=O)c3ccccc3,-0.93,0.2981800000000081,1.228180000000008
480,train,Oc1nc2cc(Cl)cc(Cl)c2c(O)c1c3ccccc3,1.6,1.8343766666666657,0.23437666666666557
565,train,Oc1ccc2OC(=O)C(=Cc2c1)c3ccccc3,3.12,3.0869999999999918,-0.033000000000008356
1001,train,C[C@H](N)C(=O)N[C@@H](CCc1ccccc1)\C=C\S(=O)(=O)c2ccccc2,1.66,1.4199800000000007,-0.24001999999999923
3341,train,NC(=O)Nc1sc(cc1C(=O)N[C@H]2CCCNC2)c3ccccc3,1.27,1.4872549999999989,0.21725499999999887
1731,train,CC(C)(C(=O)c1cccnc1)c2cccnc2,1.45,1.6674816666666694,0.21748166666666946
1991,train,CS(=O)(=O)N1CCOc2cc(COc3ccccc3)cnc12,2.4,2.542039999999998,0.14203999999999795
3606,train,Cc1ccc(NC(=O)c2ccnc(c2)N3CCOCC3)cc1Nc4ccnc(Cl)n4,3.1,2.9134733333333287,-0.1865266666666714
4048,train,O=C(NCc1ccncc1)c2ccc(Oc3ccccc3)cc2,3.26,3.1625250000000036,-0.0974749999999962
4084,train,C1CN2CCC1C(C2)c3ccc(cc3)c4ccccc4,1.76,1.923726666666667,0.16372666666666702
1841,train,Cn1c(ccc1c2ccc3NC(=S)OC(C)(C)c3c2)C#N,3.4,3.052701333333336,-0.347298666666664
1254,train,C=CCN(C1CCN(CCC(c2ccccc2)c3ccccc3)CC1)C(=O)Nc4ccccc4,3.6,3.3301100000000003,-0.26988999999999974
3290,train,OC(=O)CCn1c2ccccc2c3ccccc13,0.6,0.7552133333333335,0.15521333333333354
201,train,Clc1ccccc1CCNC(=O)c2cc(ccc2Cl)N3N=CC(=O)NC3=O,1.29,1.6466000000000036,0.3566000000000036
2985,train,Clc1ccc2[nH]ccc2c1,3.28,3.1638400000000004,-0.11615999999999937
2766,train,Cn1ccc2c(cccc12)c3nc(CS(=O)(=O)C)cc(n3)N4CCOCC4,2.0,2.03396,0.03395999999999999
3019,train,Clc1ccc(cc1)C(=O)CN2C3=NCCN3c4ccccc24,2.62,2.636924999999998,0.01692499999999786
1748,train,CN(C)CCNC(=O)c1ccc(Nc2ncc3cc(ccc3n2)c4ccncc4)cc1,2.29,2.309541666666666,0.019541666666666124
2341,train,O=C(NC1(CC1)C#N)[C@@H]2CCCC[C@H]2C(=O)N3CCN(CC3)c4nc5CCOCc5s4,1.42,1.7084400000000008,0.2884400000000009
2682,train,CN1C[C@H](c2ccccc2)c3cccc(N)c3C1,2.11,2.07151,-0.03848999999999991
4133,train,Fc1cc(ccc1C2=CCS(=O)(=O)CC2)N3C[C@H](Cn4nncc4F)OC3=O,3.54,2.956624999999997,-0.5833750000000029
1285,train,CCOc1ccccc1c2ccc(cc2)c3nc4ccncc4c(O)c3C#N,3.0,2.800099999999996,-0.19990000000000396
120,train,COc1cc2ncc(C(=O)N)c(Nc3cccc(Cl)c3F)c2cc1OC,3.6,3.4182786666666667,-0.1817213333333334
4040,train,CC(C)CNc1nc(nc(N2CCN(CC2)C(=O)C)c1N)C#N,2.4,2.3402600000000002,-0.05973999999999968
2305,train,O=S(=O)(Nc1ccccc1c2ccccc2)c3ccccc3,3.96,3.0707400000000034,-0.8892599999999966
1262,train,CCCCN1Cc2c(O)n3nc(cc3nc2C1=O)c4occc4,0.8,1.3477466666666607,0.5477466666666606
2262,train,Clc1ccc(OC2CCN(CC2)C3CCN(CC3)C(=O)C4=CNC(=O)c5ccccc45)cc1Cl,3.51,3.0208466666666696,-0.4891533333333302
1240,train,COCCCc1cc(Nc2nc(NCc3onc(C)c3)ncc2Br)n[nH]1,3.07,3.1413342857142856,0.0713342857142858
2090,train,C[C@H](NC(=O)c1c(C)nn(c1NS(=O)(=O)C2CCCCC2)c3ccccc3)C(C)(C)C,1.75,1.6773239999999978,-0.07267600000000218
1165,train,Fc1cccc(F)c1CS(=O)(=O)N2CCN(CC2)c3ncccc3C(F)(F)F,3.9,3.391476666666671,-0.5085233333333288
1490,train,C(N1CCN(CC1)c2nc3ccccc3s2)c4nnnn4Cc5cccs5,3.65,3.1809300000000063,-0.46906999999999366
2055,train,CN1C=CNC1=S,-0.42,0.424840000000007,0.8448400000000069
3097,train,OC(=O)c1[nH]c2cc(Cl)cc(Cl)c2c1\C=C\3/CCN(C3=O)c4ccccc4,1.85,2.00702,0.15701999999999972
1016,train,OC(=O)[C@H](Cc1ccc(OCCNc2nc3ccccc3[nH]2)cc1)NC(=O)c4c(Cl)cccc4Cl,0.6,0.41516166666667376,-0.18483833333332622
1138,train,NC(=O)N1c2ccccc2C[C@H](O)c3ccccc13,0.79,1.044981666666665,0.2549816666666649
4124,train,O=C1NC(=O)C(Cc2ccc3ccccc3c2)S1,2.41,2.543066666666668,0.133066666666668
1365,train,C[C@@H](N(CC1CCS(=O)(=O)CC1)C(=O)Cc2ccc(c(F)c2)C(F)(F)F)C3=Nc4ncccc4C(=O)N3c5ccc(Cl)cc5,2.9,2.628906666666664,-0.2710933333333361
1045,train,O[C@@H](CNCCc1cccc(CNCCc2ccccn2)c1)c3ccc(O)c4NC(=O)Sc34,-0.07,0.16408166666666357,0.23408166666666358
3328,train,CCN1CCN(Cc2cnc(c3ccc(cc3)C(=O)Nc4ccccc4N)c(c2)C#N)CC1,1.14,1.2244200000000052,0.08442000000000527
3701,train,Cc1nc(C)c(s1)C(=O)N[C@@H](Cc2cccc(Cl)c2)C(=O)NCC#N,2.0,2.2018000000000004,0.20180000000000042
2178,train,CN(CCN(C)C(=O)CCOCCc1ccccc1)CCc2ccc(O)c3nc(O)sc23,2.59,2.5006399999999998,-0.0893600000000001
2621,train,OC(=O)c1cn(Cc2ccccc2)c3ccccc13,1.19,1.0378866666666606,-0.15211333333333932
41,train,CC(C)N(CCC(C(=O)N)(c1ccccc1)c2ccccn2)C(C)C,-0.54,0.2154433333333423,0.7554433333333423
3271,train,C[C@H]1O[C@H]([C@H](O)[C@@H]1O)n2cnc3c(N)nc(OC4CCOC4)nc23,-0.06,0.5749299999999975,0.6349299999999976
2231,train,O=C(Nc1cccc2cccnc12)[C@@H]3CC[C@H](CC3)N4C(=O)[C@@H]5[C@@H]6CC[C@@H](C6)[C@@H]5C4=O,3.94,3.5959066666666653,-0.3440933333333347
3479,train,COc1cc(O)ccc1\C=C\2/CCCN=C2c3cccnc3,2.2,2.2396800000000003,0.03968000000000016
53,train,CCNC(=O)c1cc2c(c(cnc2[nH]1)c3cncc(c3)C(=O)O)n4ccc(n4)C(F)(F)F,-0.99,-0.6148600000000015,0.3751399999999985
3527,train,COc1cc2ncnc(Nc3ccc(F)c(Cl)c3)c2cc1OCCN(C)C,3.26,3.061666666666667,-0.1983333333333328
3832,train,CS(=O)(=O)c1cccc(Nc2nccc(n2)N(CC#N)c3c(Cl)ccc4OCOc34)c1,3.16,3.0956799999999958,-0.06432000000000437
3676,train,CN(c1ccnc(Nc2cc(cc(c2)N3CCOCC3)N4CCCOCC4)n1)c5cc(CO)ccc5C,3.3,3.209439999999997,-0.09056000000000264
1391,train,CN[C@@H](C)C(=O)N[C@@H](C1CCCCC1)C(=O)N2CC[C@H]3CCN(CCc4ccccc4)C[C@@H]23,2.47,2.2985800000000003,-0.1714199999999999
2508,train,Cc1c(Sc2ccc(Cl)cc2)c3c(cccc3n1CC(=O)O)c4cnccn4,0.03,0.5550199999999941,0.525019999999994
1627,train,COc1cc(cc(OC)c1OC)C(=O)Nc2ccc(Cl)c(c2)c3nc4ccccc4[nH]3,3.83,3.5315000000000074,-0.29849999999999266
778,train,NC(=O)c1cnc(N[C@H]2CCCNC2)c3cc(sc13)c4ccncc4,0.77,1.1055200000000076,0.3355200000000076
2361,train,CN1CCN(CC1)c2nc(NCCNc3ccc(cc3)[N+](=O)[O-])c4ccccc4n2,2.91,2.828279999999995,-0.08172000000000512
449,train,CCc1c2CN3C(=O)C4=C(C=C3c2nc5ccc(O)cc15)[C@@](O)(CC)C(=O)OC4,1.6,1.5614999999999952,-0.038500000000004864
3315,train,Nc1ncnc2ccccc12,1.26,1.46738,0.2073799999999999
2626,train,CCCSc1ncccc1C(=O)NC2CCC(F)(F)CC2,2.85,2.801752000000005,-0.048247999999995184
1196,train,CCC(CC)CNC(=O)c1ccc2c(c1)c(Cc3ccc(cc3OC)C(=O)NS(=O)(=O)c4ccccc4C)cn2C,2.7,2.771580000000003,0.07158000000000264
2505,train,CCCCC(CC)CNC(=O)c1cc(ccc1Cl)N2N=CC(=O)NC2=O,2.41,2.1231283333333333,-0.28687166666666686
2899,train,Cc1cc(CN2CCC2)cnc1c3ccc(cc3)C(=O)Nc4ccccc4N,1.18,1.2910799999999936,0.11107999999999363
2984,train,OS(=N)(=O)Cc1noc2ccccc12,0.55,1.2827399999999964,0.7327399999999964
373,train,CCCc1c(O)c(ccc1OCc2ccc(C(=O)O)c(Br)c2)C(=O)C,2.3,2.2292666666666667,-0.07073333333333309
263,train,[O-][N+](=O)c1cccc(c1)C(=O)Nc2nc3ccccc3n2CCN4CCOCC4,3.3,3.122679999999997,-0.17732000000000303
819,train,O=S(=O)(Cc1cc(nc(n1)c2ccccn2)N3CCOCC3)c4ccccc4,1.34,1.458779999999999,0.118779999999999
2938,train,CC(C)n1c(C)ncc1c2nc(Nc3ccc(C(=O)N(C)C)c(C)c3)ncc2F,2.86,2.9226133333333326,0.06261333333333274
158,train,CC(C)CN1C(=O)N(C)C(=O)c2c1sc(Cn3c(C)nc(Cl)c3Cl)c2C(=O)N4CC[C@@H](O)C4,1.61,1.7259600000000017,0.11596000000000162
2553,train,CCCc1c(O)c(ccc1OCc2ccc(cc2OC)c3nn[nH]n3)C(=O)C,2.8,2.7163199999999996,-0.0836800000000002
3135,train,O=C(NC1CCCCC1)C2CCCN(C2)S(=O)(=O)c3cccs3,2.93,2.6205766666666657,-0.3094233333333345
552,train,NC(=O)C1=CN(Cc2ccc(F)c(F)c2)C(=O)C=C1,1.37,1.4999849999999975,0.12998499999999735
1441,train,Clc1ccc(NC(=O)N2CCN(C[C@@H]3CCCN(C3)C4CC4)CC2)cc1Cl,3.57,3.3188840000000073,-0.25111599999999257
3360,train,COCCCOc1ccnc(C[S+]([O-])c2nc3ccccc3[nH]2)c1C,-0.69,0.5243533333333246,1.2143533333333245
1618,train,CC(NC(=O)c1cc(O)nc2ccccc12)c3ccccc3,2.2,2.4076783333333314,0.2076783333333312
103,train,CC(C)CC(N1NC(=O)c2nc3cc(Cl)ccc3c(O)c2C1=O)c4ccncc4,1.64,1.5636900000000011,-0.07630999999999877
2022,train,O[C@@H](CNCCCSCCOCCc1ccccc1)c2ccc(O)c3NC(=O)Sc23,2.3,2.13488,-0.16511999999999993
3918,train,CCN1CCC[C@H](CN2CCN(CC2)C(=O)Nc3ccc(Cl)c(Cl)c3)C1,1.86,2.0033813333333326,0.14338133333333247
1070,train,COc1ccc(cc1)n2cnc3cc(NS(=O)(=O)c4ccccc4)ccc23,3.7,3.057310000000004,-0.642689999999996
4158,train,OC(=O)c1ccc(cc1)N2CCC(CN3CCC(CC3)Oc4ccc(Cl)c(Cl)c4)CC2,2.31,2.1327900000000004,-0.17720999999999965
637,train,Cc1nnc(N)s1,-0.4,0.25942000000000176,0.6594200000000018
2897,train,COc1cccc(c1)c2cc3c(N[C@H]4CCCNC4)ncc(C(=O)N)c3s2,1.82,1.937966666666667,0.117966666666667
3221,train,OC(=O)Cc1ccc(cc1)c2ccc(NC(=O)c3oc(Nc4ccccc4F)nn3)cc2,1.5,1.7712733333333324,0.27127333333333237
2690,train,NC(=N)c1cc2c(I)cccc2s1,0.74,0.9947906666666644,0.2547906666666644
1739,train,Nc1c2CCCCc2nc3ccccc13,0.38,1.0293050000000055,0.6493050000000055
776,train,Cc1ccc(Nc2c(F)cccc2Cl)c(CC(=O)O)c1,1.02,1.2178690476190503,0.19786904761905033
1972,train,NC(=N)Nc1ccc(Cl)c(Cl)c1,-0.31,0.2882199999999888,0.5982199999999889
1515,train,CC(C)(C)OC(=O)N[C@@H](Cc1ccccc1)C(=O)O,-1.1,-0.3183104761904816,0.7816895238095185
2256,train,CC(C)(C)OC(=O)N1CCN(CC1)c2ncc(OCc3ccncc3F)cn2,3.6,3.490680000000001,-0.10931999999999897
3611,train,Cc1cc(CNc2nccc(Nc3cc(CCc4ccccc4)[nH]n3)n2)on1,3.56,3.419539999999991,-0.1404600000000089
1113,train,C[C@H]1O[C@H]([C@H](O)[C@@H]1O)n2cnc3c(N)nc(OCC45CC6CC(CC(C6)C4)C5)nc23,3.58,2.843199999999998,-0.7368000000000019
1960,train,CCCC1CCCCC(=N1)N,1.1,1.5560000000000018,0.45600000000000174
1809,train,CC(C)N(C(C)C)C(=O)C(C(CNC(=O)NCc1ccccc1F)c2ccccc2)c3cccnc3,4.2,3.6005719999999966,-0.5994280000000036
3087,train,O=C(Nc1cccnc1C(=O)NCC2CCOCC2)c3cccc4ccccc34,4.4,3.7322371428571457,-0.6677628571428547
2859,train,Clc1ccc(OC2CCN(CC2)C3CCN(CC3)C(=O)NS(=O)(=O)c4cccc(c4)C#N)cc1Cl,1.81,1.8927399999999994,0.08273999999999937
2874,train,CC(C)n1c(C)ncc1c2ccnc(Nc3ccc(cc3)N4CCN(CC4)S(=O)(=O)C)n2,2.57,2.6143800000000024,0.04438000000000253
2366,train,Nc1ncnc2c1c(COc3cccc(Cl)c3)nn2C4CCOCC4,3.17,2.8982900000000016,-0.27170999999999834
3308,train,CC1=CC2=NNC(=O)N2c3cc(ccc13)c4ccc(CO)cc4,2.86,2.8306399999999994,-0.029360000000000497
3313,train,C[C@H](CO)N1C=Cc2c(NC(=O)Cc3ccc(Cl)c(c3)C(F)(F)F)cccc2C1=O,3.49,3.240146666666663,-0.24985333333333726
3242,train,CCc1cc(OCc2ccc(cc2)c3ccccc3c4nn[nH]n4)c5CCCCc5n1,1.7,1.8532399999999993,0.15323999999999938
2837,train,ONC(=O)Cc1ccc(Oc2ccccc2)cc1,2.03,2.2342899999999997,0.20428999999999986
4017,train,Cc1[nH]c(C(=O)NC2CCN(CC2)c3ncc(s3)C(=O)O)c(Cl)c1Cl,0.02,0.49367999999999723,0.4736799999999972
2816,train,Clc1ccc(OC2CCN(CC2)C3CCN(CC3)C(=O)c4ccc(cc4)c5nn[nH]n5)cc1Cl,1.53,1.8888333333333354,0.35883333333333534
236,train,COc1cccc([C@H](O)C2CCN(CCc3ccc(F)cc3)CC2)c1OC,1.7,2.2226883333333336,0.5226883333333336
3741,train,Cc1cc(N)c2cc(NC(=O)CC(=O)Nc3ccc4nc(C)cc(N)c4c3)ccc2n1,1.35,1.4708800000000037,0.12088000000000365
886,train,CN(c1ccc(cc1)c2cc(ccc2OCC(=O)O)C(F)(F)F)S(=O)(=O)C,-0.81,-0.7580399999999905,0.051960000000009554
945,train,O=C(NC1(CC1)C#N)[C@@H]2CCCC[C@H]2C(=O)N3CCN(CC3)c4nc5ncccc5s4,1.4,1.5841426666666623,0.18414266666666235
1746,train,COc1cc(ccc1Nc2ncc(Cl)c(n2)c3cnc4cc(F)ccn34)N5CCN(CC5)C(=O)C,3.7,3.536100000000009,-0.16389999999999105
2708,train,Cc1ccc(CN2[C@@H]3CC[C@H]2C[C@@H](C3)Oc4cccc(c4)C(=O)N)s1,2.44,2.2669816666666667,-0.17301833333333327
4036,train,CC(C)COc1cc(ccc1NC(=O)CN2CCOCC2)c3cccc4C(=O)C=C(Oc34)N5CCOCC5,3.8,3.1892399999999963,-0.6107600000000035
891,train,CNC(=O)c1cnn(c1NS(=O)(=O)c2ccc(C)cc2)c3ccccc3,-0.54,0.14308000000000698,0.683080000000007
3909,train,CC(C)Oc1cc(OCCN2CCN(CC2)C(=O)C)cc3ncnc(Nc4c(F)ccc5OCOc45)c13,3.06,3.1074066666666718,0.047406666666671704
3693,train,OC(=O)c1ccccc1N2CCC(CN3CCC(CC3)Oc4ccc(Cl)c(Cl)c4)CC2,2.83,2.3108866666666668,-0.5191133333333333
3853,train,COc1cncc(NC(=O)c2cc(NC(=O)c3cccc(c3)C(C)(C)C#N)ccc2C)c1,3.04,2.896159999999994,-0.14384000000000619
2765,train,NCCCC(=O)OCCN1CCN(CCCN2c3ccccc3Sc4ccc(Cl)cc24)CC1,1.5,1.6855266666666646,0.18552666666666462
430,train,CCS(=O)(=O)c1ccc2OCC(=O)N(CCN3CCC(CC3)NCc4ccc5OCC(=O)Nc5n4)c2c1,-0.11,0.03678000000000248,0.14678000000000246
4060,train,CN(C)CCCOc1nccc(Nc2cc(NC(=O)c3ccnc(c3)N4CCOCC4)ccc2C)n1,1.3,1.6894999999999976,0.3894999999999975
3285,train,C[C@@H]1CN(CCN1c2ncc(OCc3ccc(cc3)S(=O)(=O)C)cn2)C(=O)OC(C)(C)C,3.6,3.489038333333329,-0.11096166666667129
3344,train,CC(C)(C(=O)N)C(=O)NCCCNc1nc(Nc2cccc(NC(=O)N3CCCC3)c2)ncc1Br,2.32,2.4097600000000003,0.0897600000000005
853,train,Cc1sc2ncnc(SCC(=O)N3CCN(CC3)C(=O)c4occc4)c2c1C,2.7,2.5448233333333348,-0.1551766666666654
953,train,NC(=O)NC(=O)C(Nc1ccc2CCCc2c1)c3ccccc3,3.3,2.424606666666665,-0.875393333333335
3753,train,c1cnc2cccnc2c1,0.89,1.4282000000000012,0.5382000000000012
3119,train,C[C@@H]1N[S@@](=O)(=NC1=O)c2cccc(c2)c3cccc(c3)C#N,0.4,0.8602366666666668,0.46023666666666674
618,train,Nc1ncc2cc(c(N)nc2n1)c3c(Br)cccc3Br,2.06,2.0339299999999993,-0.026070000000000704
273,train,NS(=O)(=O)c1nc2ccccc2s1,1.35,1.5673200000000023,0.21732000000000218
58,train,NC(=O)c1cc(F)cc(O[C@H]2C[C@H]3CC[C@@H](C2)N3Cc4ccccc4)c1,2.14,2.0140364285714276,-0.1259635714285725
3418,train,COc1cc(ccc1Nc2ncc(Cl)c(n2)c3cnc4c(N)cccn34)N5CCN(CC5)C(=O)C,3.4,3.240660000000001,-0.15933999999999893
3867,train,Cc1ccc2cc(C)c3nnc(SCC(=O)N4CCN(CC4)C(=O)c5occc5)n3c2c1,2.3,2.318613333333332,0.01861333333333226
2217,train,CCCSc1nc(N[C@@H]2C[C@H]2c3ccccc3)c4nnn([C@@H]5C[C@H](CO)[C@@H](O)[C@H]5O)c4n1,3.99,3.8252399999999964,-0.1647600000000038
256,train,O=C1CCOc2nc(CCc3ccccc3)ccc12,2.5,2.3538199999999985,-0.14618000000000153
2593,train,COC1(CCOCC1)c2cc(F)cc(OCc3ccc4N(C)C(=O)C=Cc4c3)c2,3.52,3.328280000000008,-0.19171999999999212
3987,train,C1CN2CCC1C(=C2)c3oc4ccccc4c3,2.59,2.5028560000000004,-0.08714399999999944
2276,train,COc1ccc(F)c(F)c1C(=O)c2cnc(NC3CCN(CC3)S(=O)(=O)C)nc2N,2.08,2.13614,0.05614000000000008
1995,train,OC[C@H]1CCCN1CCCOc2ccc3c(Nc4cc(CC(=O)Nc5cccc(F)c5F)[nH]n4)ncnc3c2,2.06,2.1201200000000004,0.060120000000000395
1700,train,O=C(Nc1ccccc1)c2ccccc2,2.8,2.7025449999999998,-0.09745500000000007
774,train,Cc1cc(C)c2c(N)c(sc2n1)C(=O)NC3CC3,2.53,2.341159999999999,-0.18884000000000079
871,train,CCOC(=O)\C=C\[C@H](C[C@@H]1CCNC1=O)NC(=O)[C@@H](CC(=O)[C@@H](NC(=O)c2cc(C)on2)C(C)C)Cc3ccc(F)cc3,2.8,2.4405200000000002,-0.3594799999999996
3150,train,Oc1ccc(Br)cc1C(=O)C(=O)c2cc(Br)ccc2O,3.85,3.2503866666666696,-0.5996133333333304
581,train,CC(C)Oc1ccc(cc1)C(=O)Nc2cc(NC(=O)c3cccc(c3)N(C)C)ccc2C,3.1,2.9983899999999952,-0.10161000000000486
2557,train,C[C@@H](Oc1nc(Nc2cc(C)[nH]n2)c(C)nc1C#N)c3ccc(F)cn3,2.72,2.7537259999999995,0.03372599999999926
4154,train,CC1(CC(=O)NC(=N1)N)c2ccccc2,0.62,1.1210799999999934,0.5010799999999934
1318,train,CS(=O)(=O)Cc1cc(nc(n1)c2cccc3[nH]ccc23)N4CCOCC4,1.7,1.8887799999999983,0.1887799999999984
2847,train,CCCCC1=NC2(CCCC2)C(=O)N1Cc3ccc(cc3)c4ccccc4c5nn[nH]n5,1.29,1.6184000000000023,0.32840000000000225
2733,train,Fc1cc(ccc1C2=CCOCC2)N3C[C@H](COc4ccon4)OC3=O,2.61,2.3553599999999992,-0.25464000000000064
744,train,OC(=O)COc1ccccc1N2CCC(CN3CCC(CC3)Oc4ccc(Cl)c(Cl)c4)CC2,2.0,1.6896000000000009,-0.3103999999999991
4,train,Cc1cccc(C[C@H](NC(=O)c2cc(nn2C)C(C)(C)C)C(=O)NCC#N)c1,3.1,2.889239999999996,-0.21076000000000406
2918,train,CCc1cc(ccn1)C(=S)N,1.52,1.5620800000000008,0.04208000000000078
3915,train,OC(=O)c1cc2cc(ccc2n1Cc3ccc(Cl)c(Cl)c3)[N+](=O)[O-],1.79,1.8747800000000012,0.08478000000000119
1125,train,COc1ccc(Cl)c(Nc2ncnc3cc(OC)cc(OC4CCN(C)CC4)c23)c1,3.6,3.2696049999999994,-0.33039500000000066
269,train,O=C1COC2(CCN(CC2)S(=O)(=O)c3ccc(cc3)c4ccc5cnccc5c4)CN1C6CC6,3.32,3.035880000000002,-0.28411999999999793
3170,train,CC(N)Cc1c[nH]c2ccc(OCc3cccs3)cc12,0.48,0.8011317142857115,0.3211317142857115
3543,train,CC(C)C(NC(=O)CN1C(=O)C(=CC=C1c2ccccc2)NC(=O)CN3C(=O)CCC3=O)C(=O)C(F)(F)F,0.96,1.3090399999999998,0.3490399999999998
1503,train,CC(C)C[C@H](CO)Nc1nc(SCc2ccncc2)nc3nc(N)sc13,2.9,3.16684533333333,0.26684533333333027
2098,train,Oc1ccc(cc1)C2=Cc3ccccc3OC2=O,3.0,2.9695999999999985,-0.030400000000001537
47,train,CC(C)c1ccc2Oc3nc(N)c(cc3C(=O)c2c1)C(=O)O,1.1,1.4019700000000026,0.3019700000000025
1529,train,OC(=O)c1ccccc1c2ccc(Cl)c(c2)C(=O)NCC3(O)CCCCCC3,-0.34,0.3217399999999886,0.6617399999999887
1343,train,O=C(Nc1cc(nn1c2ccccc2)c3ccccc3)c4cccc(c4)C#N,3.82,3.3130599999999926,-0.5069400000000073
1325,train,CC(C)N(CCCNC(=O)Nc1ccc(cc1)C(C)(C)C)C[C@H]2O[C@H]([C@H](O)[C@@H]2O)n3ccc4c(N)ncnc34,2.4,2.165626666666667,-0.2343733333333331
1617,train,COc1ccc2OCC(=O)N(CCN3CCC(CC3)NCc4cc5OCCOc5cn4)c2c1,1.24,1.2947466666666632,0.05474666666666317
232,train,COc1cc(Nc2nccc(n2)N(C)c3cc(CO)ccc3C)cc(c1)N4CCOCC4,3.9,3.6546200000000013,-0.2453799999999986
2187,train,OC(=O)COc1ccc(Cl)cc1CN2CCN(CC2)S(=O)(=O)c3ccccc3,0.49,0.4560400000000018,-0.033959999999998214
3110,train,CC(C)C1NCCc2c1sc3ccccc23,2.8,2.52079,-0.27920999999999996
3275,train,CC(C)n1c(C)ncc1c2nc(Nc3ccc(cc3)N4CC[C@H](C4)NC(=O)C)ncc2F,3.3,3.098945999999999,-0.20105400000000095
1981,train,Fc1cccc(COc2ccc3C(=O)CCOc3c2)c1,3.4,3.214876666666669,-0.18512333333333109
703,train,CCCCC1C(=O)N(N(C1=O)c2ccccc2)c3ccccc3,0.45,1.131220000000007,0.681220000000007
3768,train,C[C@H](Nc1ncc(F)c(Nc2cc([nH]n2)C3CC3)n1)c4ccc(F)cn4,3.14,3.0156200000000037,-0.12437999999999638
1925,train,CC(C)(O)c1ccc(Nc2nc3ccc(cc3[nH]2)C#N)cc1,2.73,2.7329600000000025,0.002960000000002516
3774,train,Cc1ccccc1CN2CCC(CC2)N3CCC(CC3)N4C(=O)Nc5ccccc45,2.68,2.6609966666666627,-0.01900333333333748
49,train,COc1ccccc1Cn2c(C)nc3ccccc23,3.47,3.1091300000000004,-0.3608699999999998
1725,train,COc1ccc2nc(NC(=O)CCc3ccc(OC)c(OC)c3)sc2c1,3.57,3.3191000000000095,-0.25089999999999035
3129,train,COc1ccc(cc1CO)c2ccc3c(nc(nc3n2)n4ccnc4)N5CCOC[C@@H]5C,2.6,2.6654516666666663,0.06545166666666624
3690,train,CCC(C)(C)C(=O)O[C@H]1C[C@@H](C)C=C2C=C[C@H](C)[C@H](CC[C@@H](O)C[C@@H](O)CC(=O)O)[C@@H]12,1.55,1.228260000000001,-0.321739999999999
1568,train,O=C(CN1CCOCC1)Nc2c(cnn2c3ccccc3)C#N,0.5,0.8355800000000102,0.3355800000000102
2737,train,CC(=O)Nc1ccc(O)cc1,0.25,0.8381600000000073,0.5881600000000073
654,train,COCCC(=O)Nc1ccc(Nc2ncc3cc(ccc3n2)c4ccncc4)cc1,2.78,2.8710412936507885,0.09104129365078872
95,train,CC(C)N(CCCNC(=O)Nc1ccc(cc1)C(C)(C)C)C[C@H]2O[C@H]([C@H](O)[C@@H]2O)n3cnc4c(N)ncnc34,2.2,2.18554,-0.01446000000000014
1156,train,CN(CCO)C(=O)c1ccc(cc1)[C@@H](N2CCN(Cc3ccc(F)cc3)CC2)c4cccc(NC(=O)C5CC5)c4,3.38,3.3740800000000086,-0.005919999999991266
3978,train,CN1CCC(=C2c3ccccc3C=Cc4ccccc24)CC1,3.06,2.88078,-0.17921999999999993
4173,train,COc1cc2ncnc(Oc3cnn(CC(=O)Nc4ccc(cn4)N(C)C)c3)c2cc1OC,2.36,2.5423499999999972,0.18234999999999735
2787,train,Cc1cc(Cl)ccc1OC2CCN(C[C@H](O)CNC(=O)C3=CNC(=O)c4cc(ccc34)S(=O)(=O)C)CC2,2.42,2.462379999999998,0.042379999999997864
3095,train,COc1cc(OC)c(cc1NC(=O)C)S(=O)(=O)N2C(C)CCc3ccccc23,1.97,1.4376300000000024,-0.5323699999999976
1162,train,CC(O)(C(=O)Nc1ccc(cc1)S(=O)(=O)c2ccc(O)cc2)C(F)(F)F,2.78,2.4942200000000008,-0.28577999999999903
3497,train,Cc1oc(cc1C(=O)O)c2ccc(Cl)cc2,1.67,1.480456666666671,-0.18954333333332896
2657,train,Cc1ccc2c(N)c(C#N)sc2n1,2.23,2.1777800000000003,-0.05221999999999971
97,train,CCSc1c(Cc2ccccc2C(F)(F)F)sc3N(CC(C)C)C(=O)N(C)C(=O)c13,4.49,4.270860000000006,-0.21913999999999412
1351,train,O=C1NCCc2[nH]c(cc12)c3ccncc3,1.49,1.7815799999999995,0.2915799999999995
2432,train,Oc1c(NC(=O)Nc2cccc(F)c2Cl)ccc(Cl)c1S(=O)(=O)N3CCNCC3,2.6,2.286103,-0.31389699999999987
629,train,OC[C@H](O)C(=O)N1CCC(=CC1)c2ccc(cc2F)N3C[C@H](COc4ccon4)OC3=O,1.09,1.457063333333339,0.36706333333333885
735,train,C[C@@H](O)[C@@H](CO)Nc1nc(SCc2cccc(F)c2F)nc3nc(N)sc13,2.83,2.961446666666667,0.1314466666666667
1752,train,CCC(N(CCCN)C(=O)c1ccc(C)cc1)C2=Nc3ccsc3C(=O)N2Cc4ccc(Cl)cc4,2.32,2.11924,-0.20075999999999983
3356,train,Fc1ccc(CN2CCN(CC2)c3ccc4nnc(n4n3)C(F)(F)F)cc1,3.46,3.2998300000000045,-0.16016999999999548
4196,train,CCN(C1CCN(CCC(c2ccc(F)cc2)c3ccc(F)cc3)CC1)C(=O)Cc4ccc(cc4)S(=O)(=O)C,3.21,2.5086411666666657,-0.7013588333333343
3048,train,CC(C)N1C(=O)N(C)C(=O)c2c1sc(Cc3ccccc3C(F)(F)F)c2C(=O)N4CCS(=O)(=O)C4,2.55,2.662179999999997,0.11217999999999728
274,train,CS(=O)(=O)c1ccc(c(Cl)c1)c2cc(Cl)ccc2OCC(=O)O,-0.75,-0.6211199999999839,0.1288800000000161
1423,train,Clc1n[nH]c2cccc(Nc3ccnc(Nc4cc(cc(c4)N5CCOCC5)N6CCOCC6)n3)c12,2.78,2.8377959999999955,0.05779599999999574
1775,train,OC(CCN1CCCCC1)(C2CCCCC2)c3ccccc3,2.68,2.698089999999996,0.018089999999995943
575,train,Cc1cc(COc2cnc(nc2)N3CCN(CC3)C(=O)OC(C)(C)C)ccn1,3.7,3.461046666666676,-0.23895333333332403
2920,train,COc1ccc(CC(=O)Nc2nc3ccccc3[nH]2)cc1,2.9,2.939499999999997,0.039499999999997204
411,train,CN1CCOc2cc(COC3CCCCC3)cnc12,3.1,2.749251999999997,-0.35074800000000295
2625,train,CNC(=O)Nc1cc(sc1C(=O)N)c2ccccc2,2.71,2.593699999999997,-0.11630000000000296
1597,train,COc1ccc(Cl)cc1NC(=O)Nc2cnccn2,3.63,3.3992266666666575,-0.23077333333334238
1964,train,CC(C)n1c(C)ncc1c2ccnc(Nc3ccc(cc3)N4CCN(CC4)C(=O)CN(C)C)n2,3.31,2.966699999999996,-0.34330000000000416
633,train,Fc1cc(Cl)ccc1N2CCN(CC2)C(=O)COCc3ccncc3,2.55,2.805039999999997,0.25503999999999705
1890,train,C[C@@H]1CN(CCN1C(=O)[C@@H]2CCCC[C@H]2C(=O)NC3(CC3)C#N)c4ccc5c(c4)c(C)nn5C,2.8,2.6577200000000007,-0.14227999999999907
3549,train,Nc1nc2cc3CCN(Cc4cnc[nH]4)CCc3cc2s1,-0.12,0.5765033333333374,0.6965033333333374
2032,train,CC(NC(=O)C1(N)CCN(CC1)c2ncnc3[nH]ccc23)c4cccnc4,1.2,1.5752825000000001,0.3752825000000002
4033,train,CCCNC(=O)c1cc2c(c(cnc2[nH]1)c3cncc(c3)C(=O)O)n4ccc(n4)C(F)(F)F,-0.79,-0.5793200000000001,0.21067999999999998
357,train,C[C@@H](Oc1cccc2ncnc(Nc3ccc(OCc4ccccn4)c(Cl)c3)c12)C(=O)N(C)C,3.67,3.55767,-0.11233000000000004
384,train,Cc1ccc(cc1)S(=O)(=O)Nc2c(cnn2c3ccccc3)C(=O)NCc4ccccc4,1.9,1.4631799999999986,-0.4368200000000013
2754,train,CCC(N(CCCN)C(=O)c1ccc(C)cc1)C2=Nc3sccc3C(=O)N2Cc4ccccc4,2.06,1.8677200000000012,-0.1922799999999989
4058,train,Cc1nc2nc(NC(=O)c3ccc(F)cc3)nn2c(O)c1Cc4ccccc4,2.2,2.2824425,0.08244249999999997
499,train,CC1=CN([C@H]2CCCN(C2)S(=O)(=O)c3ccc(O)c(Oc4cc(F)cc(Cl)c4)c3)C(=O)NC1=O,2.35,2.30704,-0.04295999999999989
2477,train,CCN(CC)CCN1C(=O)[C@@](O)(c2ccccc2Cl)c3c1cc(cc3C(F)(F)F)C(=O)N,2.4,2.2175433333333334,-0.1824566666666665
706,train,CC(=O)Nc1ccc(cc1)c2ccnc(Nc3ccc(cc3)N4CCOCC4)n2,2.91,2.886179999999996,-0.02382000000000417
52,train,OC(=O)CCC[C@H]1[C@@H](Cc2ccccc12)NC(=O)c3cc4cc(F)ccc4[nH]3,1.95,1.943753333333334,-0.0062466666666658455
3554,train,CNc1cc(nc2c(cc(OC)cc12)N3CCN(C)CC3)C(=O)Nc4ccc(cc4)N5CCOCC5,2.93,2.7364599999999992,-0.19354000000000093
1323,train,COc1cc2nnc(C(=O)N)c(Nc3ccc(F)cc3F)c2cc1N4CCN(C)CC4,2.36,2.3780399999999986,0.018039999999998724
3475,train,CN1CCN(CCCN2c3ccccc3Sc4ccc(Cl)cc24)CC1,3.92,3.7226400000000046,-0.19735999999999532
3659,train,COc1cc2ncc(C(=O)N)c(Nc3ccccc3C)c2cc1OC,3.4,3.2455400000000036,-0.15445999999999627
295,train,NC(=O)Nc1cc(sc1C(=O)N[C@H]2CCCNC2)c3cccc(F)c3F,1.32,1.2820866666666637,-0.03791333333333635
4180,train,CCCCC(CC)COC(=O)CC(C(=O)OCC(CC)CCCC)S(=O)(=O)O,2.93,2.344439999999999,-0.585560000000001
493,train,CN[C@@H](C)C(=O)N[C@@H](C1CCCCC1)C(=O)N[C@H]2C[C@@H]3CC[C@H]2N(CCc4ccccc4)C3,1.64,1.5389400000000002,-0.1010599999999997
993,train,N(c1ccccc1)c2ccccc2,3.2,2.779038666666662,-0.42096133333333796
2922,train,COc1ccc(cc1CO)c2ccc3c(nc(nc3n2)N4C[C@@H](C)O[C@@H](C)C4)N5CCOCC5,3.25,2.881520000000001,-0.36847999999999903
1160,train,CN(C)CCCN(C)S(=O)(=O)c1ccc(Nc2nccc(n2)c3cnc4ccccn34)cc1,2.16,2.2483000000000004,0.08830000000000027
3292,train,COc1nc(Cl)cnc1NS(=O)(=O)c2cccc3c(cccc23)N(C)C,1.74,1.742910000000002,0.0029100000000019666
448,train,Cc1ccc(O)c(O)c1,1.37,1.6753599999999986,0.3053599999999985
3347,train,COc1cc2CC[C@H](NC(=O)C)c3cc(O)ccc3c2c(OC)c1OC,1.81,1.814292857142856,0.004292857142855988
1871,train,COc1ccccc1C(=O)NCC23CC4CC(CC(C4)C2)C3,4.43,4.176419999999984,-0.25358000000001546
2089,train,CN(C)C(=O)N[C@@H]1CC[C@@H](CCN2[C@@H]3CC[C@H]2C[C@H](C3)Oc4cccc(c4)C(=O)N)CC1,0.12,0.2065426190476214,0.0865426190476214
699,train,C[C@H](Nc1ccc2ncn(c3cc([nH]n3)C4CC4)c2n1)c5ncc(F)cn5,2.74,2.574533333333332,-0.16546666666666843
649,train,Nc1c(NC2CCOC2)nc(nc1N3CCOCC3)C#N,1.6,1.925663333333334,0.32566333333333386
1857,train,CC(C)Oc1ccc2C(=O)C(=COc2c1)c3ccccc3,4.07,3.5703599999999973,-0.49964000000000297
3425,train,CSc1ccc(cc1)c2nc(c3ccc(F)cc3)c([nH]2)c4ccncc4,2.97,2.968139999999997,-0.0018600000000033035
2566,train,OC[C@@H](O)CN1C(=O)[C@H](Cc2ccccc12)NC(=O)c3cc4cc(Cl)sc4[nH]3,3.27,3.299225023809524,0.029225023809523965
1826,train,COc1cc2ncnc(Nc3cccc(O)c3)c2cc1OC,2.6,2.8278066666666666,0.2278066666666665
3830,train,Cc1ccc(cc1NC(=O)c2ccc(OCc3ccccn3)cc2)c4cc(n[nH]4)C(F)(F)F,2.44,2.6317000000000004,0.19170000000000043
2201,train,CCNC(=O)c1cc2c(c(cnc2[nH]1)c3cncc(c3)C(=O)O)n4nc(cc4C)C(F)(F)F,-0.88,-0.0073233333333337924,0.8726766666666662
2561,train,COc1ccccc1CN(C(=O)C)c2cnccc2Oc3ccccc3,3.0,2.673486666666663,-0.3265133333333372
3208,train,COc1cc(ccc1Nc2ncc(Cl)c(n2)c3cnc4ccccn34)C(=O)N5CCOCC5,3.4,3.229246666666669,-0.1707533333333311
1418,train,CCN(C1CCN(CC[C@H](c2ccc(cc2)S(=O)(=O)C)c3cc(F)c(F)c(F)c3)CC1)C(=O)Cc4ccc(cc4)S(=O)(=O)C,2.55,2.5146493333333306,-0.035350666666669195
1307,train,C[C@H](Oc1ccc(SCCCCCc2ccccc2)cc1)C(=O)c3nc(C)c(CCCC(=O)O)s3,2.03,1.933880000000001,-0.09611999999999887
1942,train,CCC[C@H](CO)Nc1nc(S[C@@H](C)c2cccc(c2)C#N)nc3NC(=O)Sc13,3.7,3.4443400000000084,-0.2556599999999918
3209,train,O=C(NCCN1CCCC1)c2ccc(Nc3ncc4cc(ccc4n3)c5ccncc5)cc2,2.39,2.4445599999999987,0.05455999999999861
3874,train,Nc1c(NC2CCCCC2)nc(nc1N3CCOCC3)C#N,2.81,2.700919999999997,-0.10908000000000317
616,train,Clc1ccc2[nH]c3CCN(Cc3c2c1)C(=O)[C@@H]4CCCC[C@H]4C(=O)NC5(CC5)C#N,3.65,3.4188120000000066,-0.2311879999999933
2504,train,COc1cc(ccc1Nc2ncc(C#N)c(n2)c3cnc4ccccn34)N5CCN(CC5)C(=O)C,2.8,2.9546199999999962,0.15461999999999643
979,train,COc1cc(cc(OC)c1OC)C(=O)c2cc(Cl)ccc2N,3.38,3.061380000000005,-0.3186199999999948
3181,train,CCN1CCC[C@H]1CNC(=O)c2cc(Br)cc(OC)c2OC,1.2,1.3136799999999949,0.1136799999999949
1382,train,CN(C1CCN(Cc2ccc(cc2)C(F)(F)F)CC1)C(=O)Cc3ccc(NC(=O)C)cc3,2.9,2.8781879999999975,-0.021812000000002385
730,train,NC1=NC(Nc2c(F)ccc(F)c12)c3occc3,1.2,1.5079999999999982,0.3079999999999983
1912,train,OCCO[C@H]1C[C@H]([C@H](O)[C@@H]1O)n2nnc3c(N[C@@H]4C[C@H]4c5ccc(F)c(F)c5)nc(SCCC(F)(F)F)nc23,4.17,3.9436199999999895,-0.22638000000001046
2716,train,CCN(CC)CCOc1ccc(cc1)C(O)(Cc2ccc(Cl)cc2)c3ccc(C)cc3,3.98,3.569566666666669,-0.410433333333331
3332,train,COc1ccc(OC)c(c1)c2c(F)ccc3c(N)c(nnc23)C(=O)NC(C)C,3.77,3.4417400000000065,-0.32825999999999356
846,train,Oc1c(C#N)c(nc2ccncc12)c3ccc(cc3)c4ccccc4C(F)(F)F,3.3,3.032319999999998,-0.2676800000000017
2916,train,COc1ccccc1CCNCc2ccc(CCNC[C@H](O)c3ccc(O)c4NC(=O)Sc34)cc2,0.8,0.8440099999999922,0.04400999999999211
3171,train,C1CC2(CCN1)OC(c3ccccc3)c4ccccc24,0.75,0.9436690476190377,0.1936690476190377
29,train,CNC1=Nc2ncccc2C(=NC1c3cccs3)c4occn4,1.14,1.6034799999999976,0.46347999999999767
1497,train,CS(=O)(=O)NC(=O)CCCc1c([nH]c2ccc(cc12)C#N)c3ccc(F)cc3,1.5,1.805280857142857,0.3052808571428569
3598,train,O=C1Nc2cc(ccc2C1c3ncnc4cc(OCCCN5CCOCC5)ccc34)C#N,2.99,2.5998800000000006,-0.3901199999999996
932,train,CCN(C1CCN(CCC(c2ccccc2)c3ccc(NC(=O)C)cc3)CC1)C(=O)Cc4ccc(cc4)S(=O)(=O)C,2.09,2.16444,0.07444000000000006
878,train,Clc1ccc(CN2C[C@@H]3C[C@H]2CN3)cc1C(=O)NCC45CC6CC(CC(C6)C4)C5,1.45,1.8622400000000017,0.4122400000000017
347,train,Cn1c(nc2ccccc12)c3ccc(O)nc3,1.2,1.6792200000000004,0.4792200000000004
3730,train,CNCCC(Oc1ccccc1OC)c2ccccc2,0.22,0.6722888333333343,0.45228883333333436
4032,train,COc1cc(F)ccc1c2cncc(CNCC3CC3)n2,1.8,1.9092799999999988,0.10927999999999871
3691,train,NC(=O)c1cccc(O[C@H]2C[C@H]3CC[C@@H](C2)N3CC4CCCCC4)c1,1.55,1.134120000000004,-0.41587999999999603
3293,train,O[C@@H](CNCCc1cccc(CNCCCc2ccccc2)c1)c3ccc(O)c4NC(=O)Sc34,1.11,1.0498466666666648,-0.06015333333333528
3880,train,Fc1ccc(NC(=S)N2CCC(CC2)C(=O)c3ccc(F)cc3)cc1,3.4,3.1678700000000024,-0.2321299999999975
2942,train,CO[C@H]1CN(CCN2C(=O)C=Nc3ccc(OC)cc23)CC[C@@H]1NCc4cc5OCCOc5cn4,1.25,1.1208976984126973,-0.12910230158730274
2491,train,CC1(C)CCC(CC1)NC(=O)[C@@H](N)CCC(=O)O,-0.27,0.346393333333348,0.616393333333348
1281,train,CN(C)c1ncnc2nc[nH]c12,0.95,0.9384600000000074,-0.011539999999992556
405,train,CC(C)CNc1nc(nc(N2CCNCC2)c1N)C#N,0.7,1.221600000000001,0.521600000000001
1030,train,CN(C)CCC=C1c2ccccc2C=Cc3ccccc13,2.83,2.6818600000000012,-0.14813999999999883
3268,train,CCC(=C)C(=O)c1ccc(OCC(=O)O)c(Cl)c1Cl,0.02,0.27660999999999736,0.25660999999999734
3083,train,Fc1ccc(F)c(NS(=O)(=O)c2ccc(Cl)cc2)c1,2.9,2.655777333333331,-0.2442226666666687
1491,train,N[C@@H]1CCCN(C1)c2c(\C=C\3/SC(=O)NC3=O)cccc2c4ccncc4,1.56,1.5176599999999962,-0.04234000000000382
2061,train,Clc1cccc(c1)S(=O)(=O)NC(=O)N2CCC(CC2)N3CCC(CC3)Oc4ccc(Cl)c(Cl)c4,2.62,2.37504,-0.2449600000000003
2253,train,CCN(C(=O)c1oc(cc1)c2ccc(Cl)cc2)c3ccc(cc3)N4CCNCC4,3.3,2.92431,-0.37568999999999964
2603,train,C[C@@](O)(C(=O)Nc1ccc(cc1Cl)S(=O)(=O)C)C(F)(F)F,2.08,2.3803150000000004,0.30031500000000033
624,train,Nc1ncnc2sccc12,1.19,1.3840199999999996,0.19401999999999964
2111,train,COc1ccc2c(c1)[nH]c3c(C)nccc23,2.9,2.728543571428569,-0.17145642857143084
151,train,Clc1ccccc1c2cnn[nH]2,2.68,2.7321333333333295,0.05213333333332937
3738,train,NCC(O)(c1ccccc1)c2ccccc2,0.9,1.1942133333333396,0.29421333333333954
2154,train,CC(C)n1c(C)ncc1c2ccnc(Nc3ccc(cc3)N(C)C)n2,3.51,3.337613333333339,-0.17238666666666091
3640,train,Cn1c(ccc1c2cc(F)c3NC(=O)C(C)(C)c3c2)C#N,3.21,2.5462200000000017,-0.6637799999999983
2807,train,COc1cc(Nc2ncnc(Nc3c(Cl)ccc4OCOc34)n2)cc(OC)c1OC,3.01,3.0064800000000056,-0.0035199999999941944
4150,train,Nc1ccc2cn[nH]c2c1,0.52,0.9712800000000046,0.45128000000000457
4047,train,CNc1cccc(CCCc2ccc(C[C@H](NC(=O)c3c(Cl)cccc3Cl)C(=O)O)cc2)n1,0.57,0.32717333333333065,-0.2428266666666693
885,train,CCOC(=O)c1c(nc2cc(C)ccn12)c3ccccc3,3.8,3.2401199999999957,-0.5598800000000042
2648,train,CC(N1Cc2ccccc2C1=O)c3ccccc3,3.0,2.7062249999999963,-0.29377500000000367
3589,train,Clc1ccc(cc1)c2c[nH]nn2,2.97,2.9580799999999967,-0.011920000000003483
3080,train,CCOC(=O)C1=C(C)NC(=C([C@H]1c2cccc3C(=O)C=C(C)Oc23)C(=O)C)C,2.63,2.35198,-0.2780199999999997
2122,train,C[C@@H]1C[C@H]2[C@@H]3CCC4=CC(=O)C=C[C@]4(C)[C@@]3(F)[C@@H](O)C[C@]2(C)[C@@]1(O)C(=O)CO,1.87,1.9883900000000003,0.11839000000000022
2191,train,CC(C)(C)NC(=O)Nc1ccc(cc1)c2c(N)nc(N)nc2COCc3ccccc3,3.09,2.560429999999999,-0.529570000000001
2828,train,CN(C1CCN(Cc2nc3cc(F)ccc3s2)CC1)C(=O)Cc4ccc(cc4)n5cnnn5,2.85,2.627336666666668,-0.22266333333333188
2858,train,Fc1cccc(COc2ccc(Nc3ncnc4ccc(cc34)c5cccc(c5)N6CCOCC6)cc2Cl)c1,3.2,3.203180000000001,0.003180000000000849
538,train,CC(C)(C)c1cc(O)n2nc(N)nc2n1,-0.2,0.5179999999999991,0.7179999999999991
2468,train,C[N+]1(C)[C@@H]2C[C@H](C[C@H]1[C@@H]3O[C@H]23)OC(=O)C(O)(c4cccs4)c5cccs5,-0.25,0.493526666666672,0.743526666666672
893,train,CC(C)CN1C(=O)N(C)C(=O)c2c1sc(Cc3c[nH]c4ncccc34)c2C(=O)N5C[C@H](O)CO5,2.04,2.0427800000000005,0.0027800000000004488
3407,train,OC(=O)[C@H](Cc1ccc(OCCc2ccc3CCCNc3n2)cc1)NC(=O)c4c(Cl)cccc4Cl,0.33,0.14435999999998606,-0.18564000000001396
2583,train,COc1ccc(cc1)c2nc3c(NCCCNC(=O)c4ccccc4)c(Br)cnc3[nH]2,0.25,1.123140000000004,0.873140000000004
2065,train,CN1C(=O)CN=C(c2ccccc2F)c3cc(ccc13)[N+](=O)[O-],2.1,2.25658,0.15657999999999994
1760,train,CN(CC[C@@H](Oc1ccc(cc1)c2ccccc2)c3ccc(F)cc3)CC(=O)O,2.86,2.4241433333333338,-0.4358566666666661
3649,train,Cc1nc(C)c(nc1C(=O)N)c2ccc3c(CC[C@@]34CC[C@@H](CC4)c5nnn[nH]5)c2,1.4,1.4934066666666648,0.09340666666666486
1405,train,CC(C)CN1C(=O)N(C)C(=O)c2c(SC3CCCC3)c(Cc4ccccc4C(F)(F)F)sc12,4.21,4.061730000000015,-0.14826999999998502
2982,train,CC(=O)N1CCN(CC1)c2ccc(NC(=O)c3oc(Nc4ccccc4F)nn3)cc2,2.51,2.6800400000000013,0.17004000000000152
1374,train,CC(C)C(NC(=O)CN1C(=O)C(=CC=C1c2ccccc2)NC(=O)OCc3ccccn3)C(=O)C(F)(F)F,1.91,2.08672,0.1767200000000002
3984,train,Cc1ccc(\C=C(/C#N)\C(=O)N)cc1,2.09,1.8628700000000018,-0.22712999999999806
3317,train,C[C@H](CO)Nc1nc(SCc2cccc(F)c2F)nc3[nH]c(N)nc13,3.22,3.001229999999997,-0.21877000000000324
2538,train,COc1ccc2NC(=O)C(NC(=O)c3ccccc3OC)N=C(c4ccccc4)c2c1,3.8,3.292519999999995,-0.507480000000005
2028,train,CC(C)C(NC(=O)CN1C(=O)C(=CC=C1c2ccccc2)NS(=O)(=O)NCc3ccccc3)C(=O)C(F)(F)F,2.57,2.34754,-0.22245999999999988
75,train,COc1cc(NS(=O)(=O)c2ccc(N)cc2)nc(OC)n1,0.2,0.04121999999998627,-0.15878000000001374
626,train,CC(C)(C(=O)O)c1ccc(cc1)C(O)CCCN2CCC(CC2)C(O)(c3ccccc3)c4ccccc4,0.42,1.3330253333333315,0.9130253333333316
1298,train,CNC1=Nc2ncccc2C(=NC1c3ccns3)c4occc4,1.44,1.6089699999999953,0.1689699999999954
1458,train,NC(=O)c1cn([C@@H]2O[C@H](CO)[C@@H](O)[C@H]2O)c3ncnc(N)c13,-0.87,0.07783999999999569,0.9478399999999957
3938,train,CCC(N(CCCN)C(=O)c1ccc(C)cc1)C2=Nc3ccn(C)c3C(=O)N2Cc4ccccc4,1.8,1.701420000000001,-0.098579999999999
3566,train,Cc1onc(C)c1CCC2CCN(CC2)S(=O)(=O)CC3(CCC(F)(F)CC3)N(O)C=O,2.1,1.8477666666666646,-0.25223333333333553
1644,train,CCOC(=O)c1ccc(OCC2CCN(C2)c3ccc(C)nn3)cc1,3.44,3.0903999999999945,-0.34960000000000546
3904,train,OCCCNc1ccc2c(NC(=O)CC3CCCCC3)c(Cl)ccc2n1,3.29,2.977684999999996,-0.3123150000000039
1082,train,COc1ccc2CC3C4C=CC(O)C5Oc1c2C45CCN3C,0.8,0.9003099999999922,0.10030999999999213
3876,train,COc1cc(F)ccc1c2cncc(CNC(=O)c3cnccn3)c2,2.5,2.6088050000000003,0.10880500000000026
1031,train,Oc1ccc(CCNCCCCCCNC(=O)Nc2ccccc2)c3sc(O)nc13,1.26,1.626900000000002,0.366900000000002
3709,train,CC(C)COc1ccc(cc1C#N)c2nc(C)c(s2)C(=O)O,0.94,1.4622799999999998,0.5222799999999999
817,train,COc1cc(ccc1Nc2ncc(Cl)c(n2)c3cnc4c(OC)cccn34)N5CCN(CC5)C(=O)C,3.5,3.423679999999991,-0.07632000000000883
1052,train,CN([C@@H]1CCN(Cc2ccc(nc2)C(F)(F)F)C[C@@H]1F)C(=O)Cc3ccc(cc3)n4cnnn4,1.8,1.9664599999999988,0.16645999999999872
1394,train,COc1ccc2CCC(=O)N(CCN3CCC(CC3)NCc4ccc5OCC(=O)Nc5n4)c2c1,0.66,0.6980100000000005,0.03801000000000043
2214,train,COc1ccc(cc1)c2csc(n2)N(CCCN3CCOCC3)C(=O)c4occc4,3.34,3.103072000000002,-0.23692799999999803
2176,train,COc1ccc(Cl)cc1C(=O)Nc2nc3ccccc3[nH]2,4.05,3.6902333333333397,-0.35976666666666013
2016,train,CCCNCc1cnc(s1)c2ccc(cc2)C(=O)Nc3ccccc3N,1.75,1.8874399999999982,0.13743999999999823
2148,train,C[S+]([O-])CCN1C(=O)C(Cc2ccccc12)NC(=O)c3cc4cc(Cl)sc4[nH]3,3.17,2.9946956666666664,-0.1753043333333335
1489,train,Oc1ccc(C(=O)Cc2ccccc2)c(O)c1,3.09,2.8822399999999986,-0.20776000000000128
4195,train,OCCc1ccc(NC(=O)c2cc3cc(Cl)ccc3[nH]2)cc1,3.85,3.6585000000000045,-0.19149999999999556
3923,train,Clc1ccccc1CNC[C@@H]2CC[C@@H](CNCc3ccccc3Cl)CC2,2.74,2.8013333333333317,0.06133333333333146
3243,train,C[C@@H]1CN(Cc2oc(nn2)c3cc(cc4[nH]ncc34)c5cccc6[nH]ccc56)C[C@H](C)O1,4.01,3.5962466666666573,-0.4137533333333425
3385,train,COc1ccnc(NC2CCN(CC2)C(=O)c3ccc(Cl)cc3)c1,2.82,2.728850000000002,-0.09114999999999762
392,train,OC(=O)c1ccccc1Cn2nnc(n2)c3cccc(OCc4ccc5ccccc5n4)c3,2.1,1.789294666666665,-0.31070533333333517
3079,train,COc1ccc(cc1Oc2cccc(Cl)c2)S(=O)(=O)N3CCC[C@@H](C3)N4C=C(C)C(=O)NC4=O,2.73,2.489640000000002,-0.24035999999999813
1245,train,O=C(Nc1nc(cs1)c2ccccc2)c3cccnc3,3.62,3.260099999999996,-0.3599000000000041
3250,train,CC(C)C(NC(=O)CN1C(=O)C(=CC=C1c2ccccc2)NS(=O)(=O)c3cccc(NC(=O)C)c3)C(=O)C(F)(F)F,2.43,2.31212,-0.11787999999999998
55,train,N(c1ccccc1)c2cc(Nc3ccccc3)[nH]n2,3.8,3.6023440000000004,-0.1976559999999994
1184,train,CNC(=O)OC[C@@H](C)N(c1cc(Cl)ccc1CO)S(=O)(=O)c2ccc(Cl)cc2,3.0,2.933406,-0.06659399999999982
3910,train,NC(=O)Cc1nc(cs1)c2ccccc2,1.3,1.448977999999998,0.14897799999999806
2645,train,Nc1c2C(=O)N(Cc2nc3c(cccc13)c4ncccn4)C5CCC5,1.85,1.8350900000000008,-0.014909999999999313
2843,train,C(Oc1cccc2ccccc12)C3=NCCN3,0.68,1.346689999999997,0.666689999999997
1741,train,COc1ccc(CN2CCc3c(C2)[nH]c4ccccc34)cc1OC,3.1,2.9489333333333287,-0.15106666666667135
3224,train,COc1cc(F)ccc1c2cncc(CNC3CCCC3)c2,2.29,2.349779999999999,0.059779999999999056
1530,train,CC(C)N1CCN(CC1)C(=O)NCc2ccc(Cl)c(Cl)c2,2.75,2.82975333333333,0.07975333333333001
1824,train,CC(C)(c1cc(nc(n1)c2cccc3[nH]ccc23)N4CCOCC4)S(=O)(=O)C,2.65,2.4670000000000014,-0.1829999999999985
3143,train,CCN(C1CCN(Cc2ccc(cc2)C(F)(F)F)CC1)C(=O)Cc3ccc(cc3)S(=O)(=O)C,2.9,2.840919999999999,-0.05908000000000113
865,train,COc1cc2ncnc(Nc3cc(NC(=O)c4ccnc(c4)N5CCOCC5)ccc3C)c2cc1OCCN6CCOCC6,3.19,3.1826600000000043,-0.007339999999995683
757,train,Oc1ccc2OCC(=O)N(CCN3CCC(CC3)NCc4ccc5OCC(=O)Nc5n4)c2c1,0.52,0.5991013333333395,0.07910133333333946
3336,train,O=C(Nc1ccc(nc1)N2CCOCC2)c3oc(Nc4ccccc4)nn3,2.9,2.948659999999997,0.04865999999999726
3474,train,C[C@@H]1CN(CCN1c2ncc(OCc3ccc(cc3F)S(=O)(=O)C)cn2)C(=O)OC(C)(C)C,3.7,3.388210952380959,-0.31178904761904125
1315,train,O=C(Nc1ccc(nc1)n2ccnc2)c3ccc(cc3)C#N,2.2,2.2312300000000005,0.031230000000000313
2735,train,OC(=O)COc1cccc(c1)N2CCC(CN3CCC(CC3)Oc4ccc(Cl)c(Cl)c4)CC2,1.99,1.8251733333333326,-0.16482666666666734
2235,train,CC(C)C(=O)Nc1ccc(c(c1)C(F)(F)F)[N+](=O)[O-],3.46,3.2045200000000045,-0.2554799999999955
16,train,COc1ccc(cc1)N2CCN(CC2)C(=O)[C@@H]3CCCC[C@H]3C(=O)NCC#N,1.6,1.7027199999999953,0.10271999999999526
1057,train,Clc1ccc(c(Cl)c1)c2nnc3cccc(Cl)n23,2.88,2.842019999999996,-0.03798000000000368
670,train,FC(F)(F)c1nnc2ccc(nn12)N3CCN(Cc4ccc(cc4)C#N)CC3,2.9,2.964649999999999,0.06464999999999899
3134,train,CCS(=O)(=O)c1ccc(Oc2c(C)n(CC(=O)O)c3ccc(cc23)C(F)(F)F)cc1,0.29,0.14327999999999497,-0.146720000000005
897,train,NC1(CCC1)c2ccc(cc2)N3C(=O)c4ccccc4N=C3c5ccccc5,1.6,1.7210066666666632,0.12100666666666315
3890,train,COc1cc(OC2CCN(C)CC2)c3c(Nc4cccc5OCOc45)ncnc3c1,3.02,2.883560000000001,-0.136439999999999
3227,train,COc1cc(ccc1N)C(=O)NC[C@@H](O)CN2CCC(CC2)Oc3ccc(Cl)c(Cl)c3,3.12,2.7942,-0.3258000000000001
1069,train,CC1(C)N=C(N)N=C(N)N1c2ccc(Oc3ccc(Cl)cc3)c(Cl)c2,0.79,1.3991613333333304,0.6091613333333303
1205,train,CSCc1cc(nc(n1)c2ccccc2)N3CCOCC3,3.26,2.981653333333333,-0.27834666666666674
790,train,CC(C)CN1C(=O)N(C)C(=O)c2c1sc(Cc3ccccc3C(F)(F)F)c2C(=O)N4CCCCC4,4.07,3.8857200000000067,-0.18427999999999356
1204,train,COc1cc(F)ccc1c2cncc(CNC(=O)c3ccccn3)c2,3.2,3.0734919999999994,-0.12650800000000073
3540,train,CC(O)(C(=O)Nc1ccc(cc1)S(=O)(=O)Nc2ccccc2)C(F)(F)F,3.07,2.593799999999998,-0.47620000000000173
2994,train,COc1cc(cc(OC)c1O)[C@H]2[C@@H]3C(COC3=O)C(O[C@@H]4O[C@@H]5CO[C@@H](C)O[C@H]5[C@H](O)[C@H]4O)c6cc7OCOc7cc26,0.91,1.155160000000002,0.24516000000000193
707,train,OC(=O)c1[nH]c2ccccc2c1CCCOc3cccc4ccccc34,2.75,2.754366666666663,0.004366666666662855
918,train,CCOC(=O)CN(c1ccccc1C)S(=O)(=O)c2ccc(Cl)cc2,4.03,3.4085400000000043,-0.6214599999999959
781,train,C[C@@H]1CN(Cc2ccc(F)cc2)[C@@H](C)CN1C(=O)c3cc4c(cn(C)c4cc3Cl)C(=O)C(=O)N(C)C,3.6,3.053594095238095,-0.546405904761905
43,train,CCS(=O)(=O)c1ccc(c(C)c1)c2cc(ccc2O[C@H](C)C(=O)O)C(F)(F)F,-0.4,0.5010296666666645,0.9010296666666645
1652,train,CN(c1ccnc(Nc2cc(cc(c2)N3CCOCC3)N4CCOCC4)n1)c5cc(CO)ccc5C,2.94,3.0840000000000014,0.14400000000000146
1649,train,COc1ccc(C)c(c1)N(C)c2ccnc(Nc3cc(cc(c3)N4CCOCC4)N5CCOCC5)n2,3.18,3.2293599999999936,0.04935999999999341
2598,train,CC(N1C(=O)c2ccccc2C1=O)C(=O)N3CCc4ccccc4C3,2.47,2.397379999999999,-0.07262000000000102
1150,train,CC1=CN(C2CCCN(Cc3cccc(Oc4ccc(C)cc4)c3)C2)C(=O)NC1=O,3.38,3.2626400000000046,-0.11735999999999525
678,train,Nc1ccc(cc1)S(=O)(=O)N2CCCC2,0.98,1.0729199999999963,0.09291999999999634
611,train,CS(=O)(=O)c1ccccc1C(=O)NCC(O)CNC2CCN(Cc3ccc(Cl)c(Cl)c3)CC2,1.21,1.6916499999999992,0.48164999999999925
3510,train,Oc1cc(nc2ncnn12)c3ccccc3,-0.21,0.6424933333333211,0.8524933333333211
2556,train,Clc1ccc(OC2CCN(CC2)C3CCN(CC3)C(=O)NS(=O)(=O)Cc4ccccc4)cc1Cl,2.13,2.0713599999999994,-0.05864000000000047
1971,train,O[C@H](CNC(=O)C1=CNC(=O)c2ccccc12)CN3CCC(CC3)Oc4ccc(C#N)c(Cl)c4,2.56,2.715079999999995,0.155079999999995
2008,train,CCCSc1nc(ccc1C(=O)NC2CCCCC2)N3CCCCC3C(=O)O,1.36,1.6942999999999997,0.3342999999999996
2644,train,Brc1oc(cc1)c2nc3cc(NS(=O)(=O)c4ccccc4)ccc3[nH]2,4.38,3.551967999999994,-0.8280320000000061
4128,train,CC(O)(C(=O)Nc1ccc(cc1)S(=O)(=O)c2cccnc2)C(F)(F)F,2.08,2.2471666666666668,0.16716666666666669
3595,train,COc1ccccc1OCCNCC(O)COc2cccc3[nH]c4ccccc4c23,3.27,2.372952333333333,-0.8970476666666669
3192,train,CCn1c2ccccc2c3cc(NC(=O)C)ccc13,3.5,3.2637466666666586,-0.23625333333334142
3084,train,COC(=O)N1CCN([C@H](CN2CCCC2)C1)C(=O)Cc3ccc(Cl)c(Cl)c3,2.05,2.056109428571428,0.006109428571428044
390,train,Nc1[nH]ncc1c2cc(Cl)ccc2Oc3cc(F)c(cc3Cl)S(=O)(=O)Nc4cscn4,2.3,2.227605,-0.07239499999999977
1105,train,COc1ccc(Cl)cc1C(=O)NCCc2ccc(cc2)S(=O)(=O)NC(=O)NC3CCCCC3,2.23,1.7323966666666646,-0.4976033333333354
807,train,COc1cc(OC)c(cc1NC(=O)CSc2ccncc2)S(=O)(=O)N3C(C)CCc4ccccc34,2.82,1.855319999999999,-0.9646800000000009
1214,train,Fc1ccc(cc1)C(NC(=O)CC2CCN(Cc3ccn(c3)c4ccc(cc4)C(F)(F)F)CC2)C5=CNC(=O)C(=C5)Cl,3.12,3.006139999999993,-0.11386000000000696
3032,train,COc1cccc2c1c(NS(=O)(=O)c3ccc(Cl)s3)nn2Cc4cccc(CNC(=O)C(C)(C)O)c4,2.09,2.075859999999999,-0.014140000000000708
3416,train,CN1CCCC1CCNC(=O)c2ccc(Nc3ncc4cc(ccc4n3)c5ccncc5)cc2,2.01,2.2165866666666667,0.20658666666666692
3610,train,CC(C)CC(N(C)C)C1(CCC1)c2ccc(Cl)cc2,3.6,3.3205999999999998,-0.2794000000000003
524,train,Clc1cccc(\C=C\2/SC(=O)NC2=O)c1N3CCNCC3,0.68,1.0617313333333267,0.38173133333332665
2517,train,CN1CCN(CCCOc2ccc(cc2)c3onc(c3)c4ccc(F)cc4)CC1,3.81,3.512346666666666,-0.2976533333333342
1969,train,CN([C@@H]1CCN(Cc2ccc(cc2)C(F)(F)F)C[C@@H]1F)C(=O)Cc3ccc(cc3)S(=O)(=O)C,2.7,2.6963400000000024,-0.003659999999997776
642,train,CC(C)Oc1cc(Oc2ccc(cc2)S(=O)(=O)C)cc(c1)C(=O)Nc3nccs3,3.61,3.0997159999999973,-0.5102840000000026
3239,train,CN(C)CCCN1c2ccccc2Sc3ccccc13,2.56,2.5986555555555535,0.038655555555553445
826,train,CCCSc1ncccc1C(=O)N(C)[C@@H]2[C@@H]3CC4C[C@H]2C[C@@](O)(C4)C3,2.49,2.495958,0.005957999999999686
895,train,CNC(=O)Nc1nc2ccc(cn2n1)c3cncc(c3)S(=O)(=O)NC(C)(C)C,1.58,1.6954000000000011,0.11540000000000106
2318,train,COc1ccc2nccc([C@H](O)[C@H]3C[C@@H]4CCN3C[C@@H]4C=C)c2c1,2.21,2.223223373015873,0.013223373015872841
2877,train,COc1ccc(nc1OC)N2CCN([C@H](C)C2)C(=O)[C@@H]3CCCC[C@H]3C(=O)NC4(CC4)C#N,2.3,2.304486666666666,0.004486666666666306
1551,train,CC(=O)Nc1ccc(CNc2[nH]nc3ccnc(Oc4ccccc4)c23)cc1,3.03,2.9300499999999965,-0.09995000000000331
4146,train,COc1cc(OC)c(cc1NC(=O)C)S(=O)(=O)NCc2ccccc2N3CCC(CO)CC3,1.03,1.569673333333336,0.5396733333333359
765,train,Cc1c(Sc2ccc(Cl)cc2)c3cc(F)ccc3n1CC(=O)O,1.84,1.8393200000000003,-0.0006799999999997919
3567,train,Oc1ccc(CCNCCCNS(=O)(=O)CCOCc2cccc3ccccc23)c4sc(O)nc14,1.69,2.0121999999999995,0.3221999999999996
1430,train,CCC1(CCCCN(C)C1)c2cccc(O)c2,0.8,1.1015799999999925,0.3015799999999924
3160,train,C(CN1CCCC1)Oc2ccc(Nc3ncc4cc(ccc4n3)c5ccncc5)cc2,2.66,2.7168241904761925,0.05682419047619236
3907,train,CNc1ncnc2c(CNc3cc(NC(=O)c4ccc5OCCOc5c4)ccc3C)cccc12,4.0,3.470967999999992,-0.5290320000000079
4105,train,CNC1=Nc2ccc(Cl)cc2C(=[N+]([O-])C1)c3ccccc3,2.41,2.5630600000000023,0.1530600000000022
518,train,C(N(Cc1ccccc1)c2nn[nH]n2)c3ccccc3,1.37,1.6732999999999985,0.30329999999999835
3586,train,CN(c1ccnc(Nc2cc(cc(c2)C(=O)N3CCOCC3)N4CCOCC4)n1)c5cc(CO)ccc5C,2.2,2.4341199999999987,0.23411999999999855
3837,train,CC(NC(=O)C1(N)CCN(CC1)c2ncnc3[nH]ccc23)c4ccccn4,1.3,1.5205764761904748,0.2205764761904747
3585,train,CN(C)C(=O)N1CCC(CC1)C(=O)NCc2cccs2,1.1,1.5913533333333358,0.49135333333333575
135,train,Cc1ncc(nc1c2ccc(cc2)[C@@H]3CC[C@H](CC3)C(=O)O)C(=O)N,0.22,0.8138299999999976,0.5938299999999976
2172,train,OC(=O)c1cncc(c1)c2cnc3[nH]c(cc3c2n4ccc(n4)C(F)(F)F)C(=O)NC5CC5,-0.98,-0.6119000000000043,0.36809999999999565
1134,train,COc1cc2ncc(C(=O)N)c(Nc3cccc(Cl)c3)c2cc1OC,3.5,3.360839999999992,-0.13916000000000794
113,train,CC(C)C[C@H](N)c1oc(nn1)S(=O)(=O)Cc2ccc(F)cc2,1.11,1.3563041904761874,0.24630419047618735
465,train,CC(C)c1ccccc1Nc2nc(SCc3cccs3)n[nH]2,4.21,3.6156600000000108,-0.5943399999999892
1406,train,OC(=O)[C@H](Cc1cccc(F)c1)N2CCC(CN3CCC(CC3)Oc4ccc(Cl)c(Cl)c4)CC2,2.68,2.6480399999999964,-0.03196000000000376
4000,train,NC1(CCN(CC1)c2ncnc3[nH]ccc23)C(=O)NC(CCCN4CCOCC4)c5ccc(Cl)cc5,2.7,2.4081799999999998,-0.2918200000000004
3039,train,COc1ccc(cc1)c2nc3c(NCCCNC(=O)C4CCCC4)c(cnc3[nH]2)C(=O)N,3.13,2.7735799999999977,-0.3564200000000022
1589,train,Cc1ccc(cc1)n2nc(cc2NC(=O)Nc3ccc(OCCN4CCOCC4)c5ccccc35)C(C)(C)C,4.49,3.8307400000000045,-0.6592599999999957
2545,train,CN(C1CCN(Cc2ccc(cc2)C(F)(F)F)CC1)C(=O)Cc3ccc(cc3F)S(=O)(=O)C,2.7,2.6964933333333345,-0.0035066666666656587
1042,train,Clc1cccc(Cl)c1c2nnc3cccc(Cl)n23,2.66,2.6803600000000007,0.0203600000000006
4123,train,COc1ccc(cc1)c2nc(N)s[n+]2c3ccccc3,2.19,2.2605399999999998,0.07053999999999983
3612,train,NC(=O)c1cccc(O[C@@H]2C[C@H]3CC[C@@H](C2)N3Cc4ccccc4)c1,1.76,1.6976563095238086,-0.06234369047619137
2833,train,Cc1nccn1CC2CCc3c(C2=O)c4ccccc4n3C,1.67,1.9069039999999988,0.2369039999999989
1314,train,COc1ccc2N=CC(=O)N(CCN3CC[C@@H](NCc4ccc5OCC(=O)Nc5n4)[C@@H](F)C3)c2c1,0.83,0.7590626666666682,-0.07093733333333174
3642,train,OC1(CNC(=O)c2cc(ccc2Cl)N3N=CC(=O)NC3=O)CCCCCC1,0.26,0.9418666666666733,0.6818666666666733
788,train,Cc1ccccc1Nc2ncnc3ccccc23,2.85,2.892880000000002,0.04288000000000203
862,train,C[C@@H](NC1=CC(=O)CC1)c2ccc(Nc3ncc4cc(ccc4n3)c5ccncc5)cc2,3.2,3.1189371428571433,-0.08106285714285688
4081,train,COc1cc(F)ccc1c2cccc(CNC3CCCC3)c2,2.29,2.420599999999999,0.13059999999999894
3986,train,Nc1ccccc1[N+](=O)[O-],-0.96,0.15619999999999035,1.1161999999999903
854,train,OC(=O)CCCS(=O)(=O)c1cccc(c1)C(=O)N2CCC(CC2)N3CCC(CC3)Oc4ccc(Cl)c(Cl)c4,0.66,0.4230399999999972,-0.23696000000000284
2133,train,NC(=N)NC(=O)c1nc(Cl)c(NCc2ccncc2)nc1N,-0.51,-0.148759999999998,0.361240000000002
2112,train,Cc1cc(ccc1O[C@H]2C[C@H]3CC[C@@H](C2)N3Cc4ccccc4)C(=O)N,2.23,2.0861626666666666,-0.14383733333333337
663,train,CCn1c(C)ncc1c2ccnc(Nc3ccc(cc3)C(=O)NC)n2,2.53,2.6043400000000023,0.07434000000000252
2362,train,OC(=O)CSCC(=O)Nc1nc(cs1)c2ccc(F)cc2,-0.2,0.41413333333332925,0.6141333333333292
1273,train,CCC(C)(CC)C[C@@H](N1CCC[C@@H](C1)N2C=C(C)C(=O)NC2=O)c3ccc(C(=O)O)c(Oc4cccc(Br)c4)c3,1.97,1.6932599999999978,-0.2767400000000022
477,train,COC1(CCOCC1)c2ccc(NC(=O)C3=CC(=O)c4cc(F)cc(c4O3)c5c(C)nn(C)c5C)cn2,2.98,2.824900000000002,-0.1550999999999978
4156,train,C[C@H](Nc1cncc(Nc2ncc(C)s2)n1)c3ncc(F)cn3,1.91,2.1741,0.2641000000000002
727,train,CC[C@@H](NC1=C(Nc2cccc(C(=O)N(C)C)c2O)C(=O)C1=O)c3ccccc3,2.14,2.3246383333333323,0.18463833333333213
2547,train,Oc1cccc(NC(=O)c2ccc(OCCCN3CCCC3)cc2OCc4ccccc4C#N)c1,2.34,2.4488999999999983,0.10889999999999844
3508,train,CN(C1CCN(Cc2ccc(cc2)C(F)(F)F)CC1)C(=O)Cc3ccc(c(F)c3)S(=O)(=O)C,3.0,2.90971,-0.09028999999999998
3793,train,COc1cc(ccc1Nc2ncc(Cl)c(n2)c3cnc4cc(C)ccn34)N5CCN(CC5)C(=O)C,3.3,3.370559999999995,0.07055999999999507
3034,train,COc1ccc2SCC(=O)N(CCN3CCC(CC3)NCc4cc5OCCOc5cn4)c2c1,1.78,1.5756476190476163,-0.20435238095238373
4049,train,OC(=O)COc1ccc(Cl)cc1CN2CCN(CC2)S(=O)(=O)Cc3ccccc3,0.33,0.47029999999999683,0.14029999999999682
2678,train,OC1CCN(CC1)C(=O)c2ccc(cc2)C(=C3CCN(Cc4cscn4)CC3)c5cccc6cccnc56,1.89,2.1332000000000004,0.24320000000000053
2354,train,NC1(CCC1)c2ccc(cc2)c3ncc4cnccc4c3c5ccccc5,2.2,2.3073200000000003,0.10732000000000008
660,train,Cc1c(Sc2ccc(Cl)cc2)c3ccc(cc3n1CC(=O)O)S(=O)(=O)C,0.79,0.6081399999999955,-0.18186000000000457
4143,train,Cc1ccc(cc1)c2c[nH]nn2,2.58,2.6471399999999976,0.06713999999999753
3749,train,C[C@H](CO)Nc1nc(SCc2cccc(F)c2F)nc3ncc(C)nc13,3.5,3.4958899999999895,-0.004110000000010494
3092,train,CC(C)N1CCC[C@H](CN2C(=O)c3cc(ccc3N=C2C(C)C)c4ccc(F)cc4)C1,3.6,3.270319999999999,-0.3296800000000011
3091,train,CC(C)(CS(=O)(=O)N1CCN(CC1)c2ccc(F)cc2)N(O)C=O,1.07,1.4407829999999981,0.3707829999999981
3718,train,CC(C)N1CCO[C@@H](CN2CCN(CC2)C(=O)Nc3ccc(Cl)c(Cl)c3)C1,2.77,2.7098933333333313,-0.06010666666666875
3447,train,CN1CCC(COc2cc(OC3CCOCC3)c4c(Nc5c(Cl)ccc6OCOc56)ncnc4c2)CC1,2.59,2.563679999999999,-0.02632000000000101
975,train,Cc1ccc(COC(=O)N2CCC(CNc3ncccn3)CC2)cc1,3.6,3.3001000000000014,-0.2998999999999987
2164,train,CCc1nc2c(N)nc3ccccc3c2n1CC(C)(C)O,1.38,1.627280000000003,0.24728000000000305
1361,train,Cc1c(Sc2ccc(Cl)cc2)c3cc(Cl)ccc3n1Cc4nnn[nH]4,3.25,3.1461266666666727,-0.10387333333332727
645,train,CCc1ccc(CCOc2ccc(CC3SC(=O)NC3=O)cc2)nc1,2.8,2.651166666666667,-0.1488333333333327
3626,train,CN(C\C=C\C#CC(C)(C)C)Cc1cccc2ccccc12,2.83,2.8398133333333346,0.009813333333334562
1324,train,Fc1ccc2cn[nH]c2c1,2.3,2.2997266666666656,-0.0002733333333342358
288,train,CC(C)(C)NS(=O)(=O)c1cncc(c1)c2ccc3nc(NC(=O)NCC(=O)N4CCOCC4)nn3c2,0.96,1.2628599999999988,0.3028599999999988
1820,train,COc1ccc2c(C)cc(N[C@H]3CC[C@@H](C3)NCc4cn(C)c5ccccc45)nc2c1,2.53,2.6070400000000014,0.07704000000000155
1375,train,Cn1c(SCc2c(Cl)cccc2Cl)nnc1c3ccc4nonc4c3,3.35,2.8647266666666633,-0.4852733333333368
2437,train,CS(=O)(=O)c1ccc(cc1)C(CCNC(=O)c2ccc(cc2)C#N)c3ccc(F)cc3,2.9,2.6327416666666648,-0.26725833333333515
2582,train,COc1ccc(cc1)c2nc3c(OCC4CCNCC4)c(Br)cnc3[nH]2,1.55,1.4689700000000019,-0.08102999999999816
3409,train,CS(=O)(=O)Cc1cc(nc(n1)c2ccc(NS(=O)(=O)C)cc2)N3CCOCC3,0.85,1.362333333333332,0.5123333333333321
254,train,COc1ccc2ncc(F)c(CCN3CCC(CC3)NCc4cc5OCCOc5cn4)c2n1,1.46,1.5236599999999987,0.06365999999999872
3862,train,CCNC(=O)c1ccc(CN2CCC(CC2)c3ccc(cc3)C(=O)Nc4ccccc4N)cc1,2.24,2.033026666666667,-0.206973333333333
3214,train,O=C(CCc1ccncc1)Nc2ccc(cc2)C(=O)c3ccccc3,3.4,3.3067600000000033,-0.09323999999999666
2974,train,CCN(C1CCN(CC[C@H](N2CCN(CC2)S(=O)(=O)C(F)(F)F)c3ccccc3)CC1)C(=O)Cc4ccc(cc4)S(=O)(=O)C,2.86,2.7184800000000022,-0.14151999999999765
2721,train,CN1CCC(CC1)(C#N)c2cccc3ccccc23,2.73,2.5954733333333353,-0.13452666666666468
2428,train,Cc1ccc(cc1c2cc(ccc2OCC(=O)O)C(F)(F)F)C#N,0.15,0.015046666666660435,-0.13495333333333956
1023,train,CN1CCC(CC1)(c2cc(nc(n2)c3cccc4[nH]ccc34)N5CCOCC5)S(=O)(=O)C,1.9,2.0867599999999995,0.1867599999999996
3725,train,CCCCCCCN(CCc1ccc(OC(C)(C)C(=O)O)cc1)C(=O)Nc2ccc(F)cc2F,1.93,2.1647933333333333,0.2347933333333334
1366,train,CCOc1ccc2nc(NC(=O)CC)sc2c1,3.4,3.1845613333333365,-0.21543866666666345
2123,train,CS(=O)(=O)c1cccc(Nc2nccc(Nc3cccc4CCOc34)n2)c1,3.0,2.92898,-0.07101999999999986
652,train,CC1(C)Oc2ncnc(N)c2N=C1c3ccc(cc3)[C@@H]4CC[C@@H](CC(=O)O)CC4,1.32,1.0799266666666603,-0.2400733333333398
2958,train,C[C@H](Nc1nc(Nc2cc(C)[nH]n2)cnc1C#N)c3ncc(F)cn3,1.96,1.99165,0.031649999999999956
4068,train,C[C@H]1C[C@H]2[C@@H]3CC[C@H](C(=O)C)[C@@]3(C)C[C@H](O)[C@@H]2[C@@]4(C)CCC(=O)C=C14,3.25,2.9449400000000034,-0.30505999999999656
3184,train,CN(C)CC(O)COc1ccc(Nc2nccc(Nc3cccc(Cl)c3)n2)cc1,2.5,2.5313299999999987,0.03132999999999875
2269,train,COC1CCN(CC1)C(=O)C2CCN(CCc3c([nH]c4sc(cc34)C(C)(C)C(=O)N5C6CCC5CC6)c7cc(C)cc(C)c7)CC2,4.09,3.5939800000000055,-0.49601999999999435
4120,train,CC(C)c1onc(n1)N2CCN([C@H](C)C2)c3ncc(OCc4ccncc4C#N)cn3,3.3,3.226533333333328,-0.0734666666666719
998,train,COc1cccc2c1c(NS(=O)(=O)c3ccc(Cl)s3)nn2Cc4cccc(CNC(=O)[C@@H]5COCCN5)c4,1.61,1.801760000000003,0.19176000000000282
2640,train,Cc1c(CCC(=O)O)c[nH]c1\C=C\2/C(=O)Nc3ccccc23,1.05,1.0669316666666628,0.016931666666662792
1713,train,OC(=O)CCC(=O)c1ccc(cc1)c2ccccc2,0.58,1.0101500000000052,0.43015000000000525
1339,train,O[C@@H](CNCCc1ccc(CNCCc2ccccc2)cc1)c3ccc(O)c4NC(=O)Sc34,1.11,1.0302946666666644,-0.07970533333333574
1476,train,O[C@@]1(CN2CCC1CC2)C#Cc3ccc(Oc4ccc(cc4)C(=O)NCc5ccncn5)cc3,1.77,1.840455666666667,0.07045566666666692
668,train,Clc1cc(Cl)cc(CS(=O)(=O)NCC(N2CCCCCC2)c3ccccc3)c1,3.23,3.1456799999999934,-0.08432000000000661
2135,train,Clc1ccc(cc1C(=O)NCC23CC4CC(CC(C4)C2)C3)C5CCNCC5,1.58,1.625546666666669,0.045546666666668845
2476,train,CC(O)(C(=O)Nc1ccc(cc1)S(=O)(=O)c2ccncc2)C(F)(F)F,2.15,2.3523099999999997,0.20230999999999977
708,train,C[C@H]1CN(Cc2cc(Cl)ccc2OCC(=O)O)CCN1C(=O)Cc3ccc(Cl)cc3,1.21,1.2061800000000054,-0.0038199999999946055
3696,train,CCC(N(CCCN)C(=O)c1ccc(C)cc1)C2=Nc3snc(C)c3C(=O)N2Cc4ccccc4,1.61,1.6808600000000034,0.07086000000000325
2463,train,Cc1ccc(cc1)S(=O)(=O)N2N=Cc3ccccc3B2O,0.05,0.3066600000000017,0.2566600000000017
1182,train,CC(C)Oc1cc(n[nH]1)n2cnc3ccc(N[C@@H](CO)c4ccc(F)cn4)nc23,2.79,2.537933333333333,-0.2520666666666669
3024,train,NC(=O)c1cnc(N[C@H]2CCCNC2)c3cc(sc13)c4ccc(Cl)c(F)c4,2.76,2.6449,-0.11509999999999998
2945,train,CC(=O)Nc1ccccn1,0.5,1.235090000000005,0.7350900000000049
1789,train,CCN(C1CCN(CC[C@H](c2ccc(cc2)S(=O)(=O)C)c3cccc(Cl)c3)CC1)C(=O)Cc4ccc(cc4)S(=O)(=O)C,2.37,2.4274566666666653,0.05745666666666516
2536,train,CCN(CC)C(=O)c1ccc(cc1)C(=C2CCN(Cc3ccc(F)cc3)CC2)c4cccc5cccnc45,3.86,3.5754899999999967,-0.28451000000000315
2687,train,OC(=O)[C@H](Cc1ccc(CCCCNc2ccccn2)cc1)NC(=O)c3c(Cl)cccc3Cl,0.51,0.3965200000000053,-0.1134799999999947
892,train,COCCNC(=O)c1ccc(Nc2ncc3cc(ccc3n2)c4ccnc(C)c4)cc1,3.56,3.2785999999999933,-0.28140000000000676
2414,train,Oc1ccc(N2C(=O)c3ccc(O)cc3C2=O)c(F)c1,2.1,2.1486,0.04859999999999998
3858,train,Cc1sc(nc1C(F)(F)F)N2CCN(CC2)C(=O)[C@@H]3CCCC[C@H]3C(=O)NC4(CC4)C#N,2.87,2.569439999999997,-0.30056000000000305
1498,train,CCCCCSc1nc(O)c2sc(N)nc2n1,2.86,2.3799853333333334,-0.4800146666666665
3410,train,COc1ccc(COc2ccc(Cc3cnc(N)nc3N)cc2OC)cc1,2.27,2.2396599999999998,-0.030340000000000256
1940,train,CN(C)c1cccc2c(cccc12)S(=O)(=O)N,1.95,1.698593333333331,-0.251406666666669
2951,train,CN1CCN(CC1)C(=O)c2cc(sc2NC(=O)N)c3ccccc3,2.17,2.17847,0.008469999999999978
2267,train,OC(=O)[C@H](Cc1ccc(F)cc1)N2CCC(CN3CCC(CC3)Oc4ccc(Cl)cc4Cl)CC2,2.6,2.5621699999999996,-0.037830000000000474
2860,train,Cc1ccc(cc1)c2cc(C(=O)N3CCOCC3)c4cc(C)ccc4n2,3.6,3.0754399999999995,-0.5245600000000006
3244,train,NC(=O)Nc1sc(cc1C(=O)N2CCOCC2)c3ccccc3,2.24,2.13091,-0.10909000000000013
1302,train,Cc1ccc(cc1)c2nn(c3ncnc(N)c23)C(C)(C)C,4.1,3.5773800000000064,-0.5226199999999932
2264,train,Nc1ncnc2c1nc(Sc3nc4cccc(Cl)c4s3)n2CCO,2.37,2.4628399999999986,0.09283999999999848
3196,train,CN(C)C(=O)C1(CCN(CC[C@H](CN(C)C(=O)c2cc(cc3ccccc23)C#N)c4ccc(Cl)c(Cl)c4)CC1)N5CCCCC5=O,2.52,2.5314999999999968,0.011499999999996735
2740,train,NC(=O)Nc1sc(cc1C(=O)N[C@H]2CCCNC2)c3cc(F)cc(F)c3,2.18,1.8851799999999979,-0.2948200000000023
3755,train,CS(=O)(=O)C1(CCNCC1)c2cc(nc(n2)c3cccc4[nH]ccc34)N5CCOCC5,0.7,0.9436800000000054,0.24368000000000545
485,train,Nc1nccc(n1)c2ccccc2,2.0,2.0152600000000005,0.015260000000000495
2385,train,ON1C(=O)N(CC2COc3ccccc3O2)c4ccsc4C1=O,1.44,1.6917799999999967,0.2517799999999968
2832,train,CS(=O)(=O)N1CC[C@@H](C1)N(Cc2ccccc2Cl)c3ccc(C#N)c(Cl)c3,4.0,3.5125666666666593,-0.4874333333333407
2316,train,Clc1ccc(Nc2nnc(Cc3ccncc3)c4ccccc24)cc1,3.7,3.3444728571428644,-0.3555271428571358
2163,train,Clc1ccc(cc1C(=O)NCC23CC4CC(CC(C4)C2)C3)N5N=CC(=O)NC5=O,2.1,2.0727399999999996,-0.027260000000000506
1539,train,Clc1ccc(COC(Cn2ccnc2)c3ccc(Cl)cc3Cl)cc1,2.54,2.6675466666666683,0.12754666666666825
3301,train,Cc1nnc(NS(=O)(=O)c2ccc(N)cc2)s1,-1.33,-0.8940200000000269,0.43597999999997317
1228,train,OC(=O)Cc1csc(n1)c2ccc(Cl)cc2,-0.22,0.37882333333332685,0.5988233333333268
4121,train,O[C@@H](CNCCCSCCOCCc1cccc2ccccc12)c3ccc(O)c4NC(=O)Sc34,3.12,2.727526666666667,-0.39247333333333323
1020,train,CN1CCN(CC1)C(=O)[C@@H]2CCCC[C@H]2C(=O)NCC#N,-0.1,0.4604999999999957,0.5604999999999957
173,train,CSc1ncccc1C(=O)Nc2nccs2,1.43,1.9210849999999986,0.49108499999999866
1690,train,COC1=CC=C2C(=CC1=O)C(CCc3cc(OC)c(OC)c(OC)c23)NC(=O)C,1.12,1.0650914285714292,-0.05490857142857086
1569,train,CC1=C(C(=O)c2cc(O)c(O)c(CCc3ccc(C)cc3)c2C1=O)C4=C(C)C(=O)c5c(CCc6ccc(C)cc6)c(O)c(O)cc5C4=O,3.36,2.9926199999999934,-0.3673800000000065
2702,train,CC(C)C(NC(=O)CN1C(=O)C(=CC=C1c2cccc(c2)C(=O)O)NC(=O)OCc3ccccc3)C(=O)C(F)(F)F,1.2,1.326499999999995,0.12649999999999495
4046,train,C[C@](O)(CS(=O)(=O)c1ccc(F)cc1)C(=O)Nc2ccc(C#N)c(c2)C(F)(F)F,2.87,2.740559999999997,-0.12944000000000289
2076,train,Cc1ncc([N+](=O)[O-])n1CCO,-0.11,0.4872199999999991,0.5972199999999991
64,train,O=C(COc1ccccc1)c2ccccc2,2.87,2.599509999999998,-0.2704900000000019
3555,train,CS(=O)(=O)Cc1ccc2ccn(c3cc(NC4CC4)n5ncc(C#N)c5n3)c2c1,2.49,2.544340000000001,0.05434000000000072
348,train,CCOC(=O)C1(CCCN(CC2CC2)C1)c3cccc(O)c3,1.89,1.7772166666666689,-0.11278333333333102
3963,train,N[C@@H](Cc1ccc(F)cc1)C(=O)O,-1.06,-0.46816323809522675,0.5918367619047733
304,train,CC[C@@H](NC1=C(Nc2cccc(C(=O)N(C)C)c2O)C(=O)C1=O)c3oc(C)cc3,2.32,2.3343,0.01429999999999998
797,train,COc1ccc(NC(=O)c2ccnc(N)n2)cc1,1.72,1.9351049999999983,0.21510499999999833
28,train,CSc1c(cnn1c2ccc(cc2)C(=O)O)C(=O)NC3C4CC5CC(CC3C5)C4,1.2,1.40705333333333,0.20705333333332998
1832,train,CC(C)C(NC(=O)CN1C(=O)C(=CC=C1c2ccccc2)NS(=O)(=O)c3ccccc3)C(=O)C(F)(F)F,2.26,2.287819999999999,0.02781999999999929
2635,train,Cn1cncc1c2c3C(=O)N(CC=C)C(=O)N(CC4CC4)c3nn2Cc5ccnc6ccc(Cl)cc56,3.62,3.6319599999999923,0.011959999999992199
4022,train,Fc1ccccc1Nc2oc(nn2)C(=O)Nc3ccc(Oc4cccnc4)nc3,3.1,3.055319999999995,-0.04468000000000494
1390,train,CN([C@@H]1CCN(Cc2nc3ccccc3s2)C[C@@H]1F)C(=O)Cc4ccc(cc4)S(=O)(=O)C,2.1,2.248,0.14800000000000013
1639,train,Cc1ccc(cc1)C(=O)N(CCCN)CC2=Nc3cc(Cl)ccc3C(=O)N2Cc4ccccc4,1.47,1.6020899999999962,0.13208999999999627
2495,train,CN[C@@H](C)C(=O)N[C@@H](C1CCCCC1)C(=O)N[C@H]2CCCN(CCc3cccc(F)c3)C2,2.64,2.5454533333333336,-0.09454666666666656
1822,train,Cc1cc2NC(=O)C(=CC(=O)c2cc1C)O,1.99,1.9610599999999998,-0.028940000000000188
3967,train,CCCC(=O)Nc1ccc(OCC(O)CNC(C)C)c(c1)C(=O)C,-0.27,0.3615343333333476,0.6315343333333476
3662,train,CC1=CN(C2CCCN(Cc3cccc(Oc4ccccc4)c3)C2)C(=O)NC1=O,3.04,3.057839999999993,0.017839999999992973
1141,train,COc1ncnc(NS(=O)(=O)c2ccc(N)cc2)c1OC,-0.73,-0.4608800000000026,0.26911999999999736
1266,train,C[C@@H]1CN(CCN1C(=O)[C@@H]2CCCC[C@H]2C(=O)NC3(CC3)C#N)c4ccc5c(C)nn(C)c5c4,2.7,2.5957800000000018,-0.10421999999999843
525,train,CSc1nc(nn1Cc2ccccc2)c3ccccc3,3.83,3.4357113333333413,-0.39428866666665874
2044,train,C[C@@H](NC(=O)C)c1ccc(Nc2ncc3cc(ccc3n2)c4ccncc4)cc1,3.18,3.146821142857137,-0.03317885714286328
3905,train,O=C(Nc1ccncc1)c2cccc3ccccc23,3.1,3.16367333333333,0.06367333333332992
1089,train,Cc1sc2c(C(=N[C@@H](CC(=O)OC(C)(C)C)c3nnc(C)n23)c4ccc(Cl)cc4)c1C,3.82,3.250346666666659,-0.5696533333333407
1078,train,CCc1c(C)nc(SCC(=O)Nc2nc(cs2)c3ccc(OC)cc3)nc1O,3.78,3.363580000000005,-0.4164199999999947
1567,train,CC(C)C[C@H](NC(=O)N1CCOCC1)C(=O)N[C@@H](CCc2ccccc2)\C=C\S(=O)(=O)c3ccccc3,3.4,3.0779600000000027,-0.3220399999999972
721,train,c1ccc2ncncc2c1,1.0,1.3814839999999975,0.3814839999999975
233,train,O=C(Nc1nc2C(=O)NC=Nc2s1)c3ccccc3,1.94,1.4591399999999974,-0.4808600000000025
2997,train,COc1cc(OC)c(cc1NC(=O)C)S(=O)(=O)N(C(C)C)c2ccccc2,1.6,1.7902399999999983,0.1902399999999982
466,train,Nc1nc2ccc(F)cc2s1,2.2,2.428139999999998,0.228139999999998
252,train,NC(=O)c1sc(cc1N)c2ccccc2,2.33,2.4019000000000004,0.0719000000000003
1557,train,Cc1ccc2nc(NCCN)c3ncc(C)n3c2c1,0.88,1.0110399999999924,0.13103999999999238
4085,train,Cc1cc(NC(=O)c2oc(Nc3ccccc3F)nn2)ccc1N4CCOCC4,4.0,3.579839999999991,-0.42016000000000897
1446,train,COCCC(=O)NC(C)c1ccc(Nc2ncc3cc(ccc3n2)c4ccncc4)cc1,2.98,3.0320032301587303,0.05200323015873032
484,train,OC(=O)c1cc(nc2ccc(F)cc12)c3ccncc3,-0.8,-0.07707666666665958,0.7229233333333405
264,train,CC(C)[C@@H](CO)NS(=O)(=O)c1ccc(Cl)s1,2.3,2.4039346666666668,0.10393466666666695
2726,train,CC(C)NCC(O)COc1ccc(CCOCC2CC2)cc1,0.63,0.7331400000000092,0.10314000000000922
3615,train,CCCCC1(CC)C(=O)NC(=O)NC1=O,1.5,1.4068066666666628,-0.09319333333333724
143,train,CC(=O)Nc1ccc(cc1)C(=O)Nc2ccccc2N,0.82,1.2163600000000059,0.39636000000000593
3318,train,CCN(CC)CCn1c2ccccc2c3cnc(N)c(C#N)c13,2.7,2.4619466666666674,-0.23805333333333278
1875,train,CC(C)(C)C(=O)Nc1ccc2c(c1)C(=O)C(=O)c3ccccc23,2.83,2.776626666666667,-0.05337333333333305
3706,train,CN([C@H](CN1CCCC1)c2ccccc2)C(=O)Cc3ccc(Cl)c(Cl)c3,3.42,3.2173586666666676,-0.20264133333333234
460,train,Cc1cccc(c1)S(=O)(=O)NC(=O)N2CCC(CC2)N3CCC(CC3)Oc4ccc(Cl)c(Cl)c4,1.84,1.9102400000000006,0.07024000000000052
1784,train,Nc1nc2ccccc2n1C(=O)c3ccccc3,1.56,1.6825699999999963,0.12256999999999629
2555,train,O=C(N1CCOCC1)c2ccc(cc2)C(=C3CCN(Cc4cscn4)CC3)c5cccc6cccnc56,2.12,2.2417000000000002,0.12170000000000014
2224,train,COC(=O)c1ccc(NC(=O)c2cc(OC)c(OC)c(OC)c2)cc1,3.2,2.891719999999996,-0.30828000000000433
457,train,NC(=O)Nc1sc(cc1C(=O)N)c2ccc(CNC3CCCC3)cc2,1.22,1.3798066666666715,0.15980666666667154
4003,train,O=C1NC(=O)C(Cc2cccc(Oc3ccccc3)c2)S1,2.84,2.797936666666663,-0.04206333333333667
3921,train,COc1ccc(N(C(C(=O)NC2CCCC2)c3ccccc3F)C(=O)C)c(OC)c1,2.81,2.8949333333333325,0.08493333333333242
1829,train,Fc1ccccc1Nc2oc(nn2)C(=O)Nc3ccc(cc3)N4CCOCC4,3.05,3.002939999999998,-0.04706000000000188
1585,train,COC(=O)[C@@H]1C2CCC(C[C@@H]1c3ccc(I)cc3)N2CCCF,2.3,2.182433333333333,-0.11756666666666682
1221,train,Oc1ccc(CCNCCCCCCOCCc2ccccc2)c3sc(O)nc13,2.21,2.22093,0.010930000000000106
848,train,C[C@@H](NC(=O)C)c1ccc(Nc2ncc3cc(cc(C)c3n2)c4ccncc4)cc1,3.46,3.257140476190481,-0.202859523809519
653,train,CN(C)c1ccc(cc1)S(=O)(=O)NC(=O)N2CCC(CC2)N3CCC(CC3)Oc4ccc(Cl)c(Cl)c4,1.7,1.7385600000000019,0.038560000000001926
888,train,Nc1ncnc2c1ncn2[C@@H]3O[C@H](CSCCCNC(=O)NCc4ccccc4)[C@@H](O)[C@H]3O,0.9,1.314510000000005,0.41451000000000493
3357,train,Oc1c2C(=O)NNC(=O)c2nc3cc(Cl)cc(Cl)c13,0.89,1.1499000000000046,0.25990000000000457
1831,train,COC(=O)N1CCOc2cc(COc3ccccc3)cnc12,2.5,2.601980000000001,0.10198000000000107
3236,train,CN1CCN(CC1)[C@@H]2C[C@@H](C2)c3nc(c4ccc5ccc(nc5c4)c6ccccc6)c7c(N)nccn37,3.2,2.951999999999998,-0.248000000000002
3584,train,CC(C)CNc1nc(nc(N2CC(O)C2)c1N)C#N,2.0,2.112264,0.11226400000000014
1244,train,CCNC(=O)c1ccc(C)c(c1)N2C=Nc3ccc(cc3C2=O)N4CCN(C)CC4,1.47,1.7229566666666638,0.25295666666666383
792,train,C1CN2C[C@@H](N=C2S1)c3ccccc3,0.81,1.2859133333333301,0.4759133333333301
391,train,Cc1cnc(cn1)C(=O)NCCc2ccc(cc2)S(=O)(=O)NC(=O)NC3CCCCC3,0.31,0.7655566666666722,0.4555566666666722
1865,train,CCOc1cccc(\C=C\2/SC(=O)NC2=O)c1N3CCC[C@@H](N)C3,1.86,1.7100086666666683,-0.1499913333333318
2632,train,CCC(N(CCCN)C(=O)c1ccccc1)C2=Nc3ccsc3C(=O)N2Cc4ccccc4,1.38,1.5413000000000028,0.16130000000000289
3191,train,Cc1ccc(cc1NC(=O)c2ccc(OCc3ccccn3)cc2)c4[nH]cnc4C,2.87,2.637919999999997,-0.23208000000000295
4106,train,CN(C)C(=O)[C@H](Cc1ccccc1)NC(=O)c2cc3ccsc3[nH]2,3.1,3.0752199999999954,-0.024780000000004687
2072,train,O[C@H](CNC(=O)c1c[nH]c2ccccc12)CN3CCC(CC3)Oc4ccc(Cl)c(Cl)c4,3.91,3.6053999999999986,-0.30460000000000154
77,train,C[C@H](Nc1ncc(F)c(Nc2cc([nH]n2)C3CC3)n1)c4ncc(F)cn4,2.47,2.507366666666665,0.037366666666664994
513,train,CC(=O)Nc1ccc2ccn(c3cc(Nc4ccn(C)n4)n5ncc(C#N)c5n3)c2c1,3.57,3.0692985714285768,-0.5007014285714231
643,train,NS(=O)(=O)c1ccc(CCNc2ccc3nnc(c4ccccc4)n3n2)cc1,2.19,2.0567400000000005,-0.1332599999999995
3213,train,C[C@H](CO)Nc1nc(SCc2ccccc2)nc3nc(N)sc13,3.12,3.189001333333323,0.06900133333332281
2482,train,Clc1ccc(cc1)C(=O)Cc2ccccn2,2.96,2.8515549999999994,-0.10844500000000057
610,train,COc1ccc(C=NN=Cc2ccc(OC)c(OC)c2)cc1OC,3.38,2.7241549999999974,-0.6558450000000025
1608,train,COCCNC(=O)c1ccc(Nc2ncc3cc(ccc3n2)c4cccnc4)cc1,3.11,3.014827999999998,-0.09517200000000203
3754,train,Oc1c(C#N)c(nc2ccncc12)c3ccc(cc3)c4ccccc4CN5CCOCC5,2.0,2.31008,0.31008000000000013
2195,train,CCN1C(=O)N(CC2CC2)c3nn(Cc4ccnc5ccc(Cl)cc45)c(c6cncn6C)c3C1=O,2.87,3.208940000000006,0.3389400000000058
4057,train,NC(=N)Nc1oc2ccccc2n1,1.91,1.5593799999999975,-0.3506200000000024
2552,train,CCN(CCO)CCCOc1cc2ncnc(Nc3cc(CC(=O)Nc4cccc(F)c4)[nH]n3)c2cc1OC,2.12,2.2365800000000005,0.11658000000000035
4056,train,COc1cc(F)ccc1c2cc(CNC3CCCC3)ccn2,1.71,1.9920420000000005,0.28204200000000057
414,train,COc1ccccc1Nc2cc(Oc3cc(C)c(C)nc3c4ccccn4)ccn2,3.37,3.2431799999999953,-0.12682000000000482
3771,train,CCN(CC)C(=O)c1ccc(cc1)C(N2CCNCC2)c3cccc4cccnc34,0.7,1.1538366666666695,0.45383666666666955
1715,train,COc1cc(Nc2c(cnc3cc(OCCCN4CCN(C)CC4)c(OC)cc23)C#N)c(Cl)cc1Cl,3.5,3.060909999999995,-0.4390900000000051
488,train,Oc1ccc(cc1)c2cnc3ccccc3n2,3.3,2.9871399999999992,-0.3128600000000006
3401,train,CN1c2ccccc2C(NCCCCCCC(=O)O)c3ccc(Cl)cc3S1(=O)=O,1.33,1.3764500000000042,0.0464500000000041
2238,train,C[C@@H](Oc1cccc2ncnc(Nc3ccc4c(cnn4Cc5cscn5)c3)c12)C(=O)N6CCOCC6,2.81,2.7773459999999988,-0.03265400000000129
2170,train,COc1cc(ccc1Nc2ncc(Cl)c(n2)c3cnc4ccccn34)N5CCNCC5,2.4,2.26276,-0.1372399999999998
1984,train,Cc1c(Sc2ccc(Cl)cc2)c3cc(ccc3n1CC(=O)O)c4ccccc4,3.7,2.9324600000000016,-0.7675399999999986
1626,train,FC(F)(F)c1cccc(C(=O)N[C@H]([C@@H]2CCCCN2)c3ccccc3)c1Cl,2.61,2.7092186666666658,0.0992186666666659
573,train,O[C@@H](CNCCc1ccc(CNCCc2ccccc2F)cc1)c3ccc(O)c4NC(=O)Sc34,1.3,1.1671199999999968,-0.13288000000000322
1952,train,OCCN1CCN(Cc2ccc3c(NC(=O)CC45CC6CC(CC(C6)C4)C5)c(Cl)ccc3n2)CC1,2.93,2.852473333333334,-0.07752666666666608
418,train,CC(=O)c1ncccc1NC(=O)[C@@H]2CC[C@H](CC2)N3C(=O)[C@@H]4[C@@H]5CC[C@@H](C5)[C@@H]4C3=O,3.01,2.8165700000000045,-0.19342999999999533
4089,train,Clc1cc(Cl)c2c3C(=O)NNC(=O)c3[nH]c2c1,1.02,1.2743800000000027,0.2543800000000027
3114,train,OC(=O)[C@H](Cc1cccc(OCCCNc2ccccn2)c1)NC(=O)c3c(Cl)cccc3Cl,0.16,0.3097485714285626,0.1497485714285626
2776,train,CN1CCN(CC1)c2ccc3N=CN(C(=O)c3c2)c4cc(NC(=O)C5CC5)ccc4C,2.17,2.13016,-0.039839999999999876
218,train,C[C@H](Nc1cnc(C)c(Nc2cc(C)[nH]n2)n1)c3ccc(F)cn3,1.73,2.098755333333333,0.3687553333333331
2288,train,COC(=O)c1ccc(CN2NC(=O)C3=C(C2=O)C(=O)c4ccc(Cl)cc4N3)cc1,1.17,1.1730399999999992,0.0030399999999992655
1544,train,Fc1cc(Oc2ccc(cc2c3ccnnc3)C(F)(F)F)c(Cl)cc1S(=O)(=O)Nc4nncs4,1.15,1.6203399999999966,0.47033999999999665
1338,train,O=C(NC1(CC1)C#N)[C@@H]2CCCC[C@H]2C(=O)N3CCN(CC3)c4nc5cnccc5s4,1.66,1.7056699999999971,0.04566999999999721
1682,train,OC(=O)COc1ccc(cc1c2ccc(Cl)cc2)C(F)(F)F,0.9,0.8317266666666723,-0.06827333333332775
1454,train,O[C@]1(CN2CCC1CC2)C#Cc3ccc(Oc4ccc(cc4)C(=O)NC5CCS(=O)(=O)C5)cc3,1.64,1.5723200000000008,-0.06767999999999907
1437,train,COc1cc(Nc2cc(nc(N[C@@H](C)c3ncc(F)cn3)n2)N4CCOCC4)n[nH]1,2.18,2.305859999999999,0.12585999999999897
15,train,Nc1ccc(cc1)c2nc3ccc(O)cc3s2,3.2,2.613459999999997,-0.5865400000000034
368,train,C[C@H](CN(C)C(=O)CO)Oc1cccc2ncnc(Nc3ccc(OCc4ccccn4)c(Cl)c3)c12,3.22,3.23276833333333,0.012768333333329718
1305,train,C1CCN(CC1)c2ncnc3[nH]cnc23,1.84,1.56426,-0.2757400000000001
2320,train,NC(=O)Cc1ccccc1,0.3,0.7755080952380855,0.4755080952380855
3713,train,CC(=O)NC[C@H]1CN(C(=O)O1)c2ccc(N3Cc4ccncc4C3)c(F)c2,3.02,2.500780000000001,-0.5192199999999989
523,train,C[C@H]1CN(Cc2cc(Cl)ccc2CCC(=O)O)CCN1C(=O)Cc3ccccc3,1.52,1.3037933333333296,-0.21620666666667043
1849,train,CC1=CN([C@H]2CCCN(C2)[C@@H](CC(C)(C)C)c3ccc(C(=O)O)c(Oc4cccc(Br)c4)c3)C(=O)NC1=O,1.12,1.2275599999999942,0.1075599999999941
4110,train,Nc1ccc(OCc2ccccc2)cc1,2.2,2.1892300000000002,-0.010769999999999946
265,train,CC(C)C(NC(=O)CN1C(=O)C(=CC=C1c2cccnc2)NC(=O)OCc3ccccc3)C(=O)C(F)(F)F,3.05,2.766500000000004,-0.28349999999999564
248,train,O=C1NC=Nc2[nH]ncc12,-0.42,0.21032000000000872,0.6303200000000087
3843,train,OCCN1C(=O)C(Cc2ccccc12)NC(=O)c3cc4cc(Cl)sc4[nH]3,3.05,3.1237315555555503,0.07373155555555044
2870,train,CCCS(=O)(=O)c1ccc(Nc2nccc(n2)c3cnc(C)n3C(C)C)cc1,3.37,3.1473199999999966,-0.22268000000000354
469,train,Clc1cccc(Nc2ncnc3ccccc23)c1,3.9,3.5911400000000007,-0.30885999999999925
4005,train,OCCNC(=O)CN1C(=O)C(Cc2ccccc12)NC(=O)c3cc4cc(Cl)sc4[nH]3,3.05,2.990546166666665,-0.05945383333333476
2596,train,COc1cc2c(Nc3ccc(F)c(Cl)c3)c(cnc2cc1OCCN(C)CCO)C(=O)N,3.2,2.8205199999999953,-0.3794800000000049
286,train,CCN(C1CCN(CCC(c2ccccc2)c3ccc(NS(=O)(=O)C)cc3)CC1)C(=O)Cc4ccc(cc4)S(=O)(=O)C,1.84,1.88736,0.04735999999999985
3443,train,CN(C)CC(O)COc1ccc(Nc2nccc(Nc3cc(C)ccc3Cl)n2)cc1,2.6,2.557099999999999,-0.04290000000000127
320,train,COc1cc(ccc1Nc2ncc(Cl)c(n2)c3cnc4c(F)cc(F)cn34)N5CCN(CC5)C(=O)C,3.2,3.2789600000000014,0.07896000000000125
1492,train,Cc1ccc(NC(=O)c2cccc(c2)C(F)(F)F)cc1NC(=O)c3cccnc3,3.11,3.103919999999995,-0.006080000000004748
2723,train,N\C(=C(\C#N)/c1ccccc1C(F)(F)F)\Sc2ccc(N)cc2,3.3,3.1931795238095226,-0.10682047619047719
2489,train,COC(=O)N1CCN([C@@H](CN2CCCC2)C1)C(=O)Cc3ccc(Cl)c(Cl)c3,1.97,2.056109428571428,0.08610942857142789
997,train,CCN1CCN(CC1)C(=O)c2cc3cc(Cl)ccc3[nH]2,3.14,2.9522466666666696,-0.18775333333333055
2408,train,C[C@@H](CO)Oc1cc(Oc2ccc(cc2)S(=O)(=O)C)cc(c1)C(=O)Nc3nccs3,2.63,2.6132093333333337,-0.016790666666666176
3574,train,CCCCc1nc2c(N)nc3ccccc3c2n1CC(C)(C)O,2.37,2.350439999999999,-0.019560000000001132
1209,train,Oc1ccc(cc1)C2=COc3cc(O)ccc3C2=O,2.46,2.610826666666665,0.1508266666666649
3502,train,CN(C)C(=O)N[C@@H]1CC[C@@H](CN2[C@@H]3CC[C@H]2C[C@H](C3)Oc4cccc(c4)C(=O)N)CC1,-0.07,0.08405999999999336,0.15405999999999337
3001,train,Fc1ccc(cc1)c2ncn(C3CCNCC3)c2c4ccncc4,0.3,0.7605183333333227,0.46051833333332276
1561,train,O=C1N([Se]c2ccccc12)c3ccccc3,3.31,2.8650813333333325,-0.4449186666666676
1975,train,FC(F)(F)c1cccc(c1)S(=O)(=O)NCC(N2CCCCCC2)c3ccccc3,3.12,3.217879999999992,0.09787999999999197
1080,train,Nc1cc(c(cn1)c2cc(nc(n2)N3CCOCC3)N4CCOCC4)C(F)(F)F,2.7,2.3735399999999998,-0.3264600000000004
1226,train,CCOc1ccc(NC(=O)C)cc1,1.5,1.7440866666666648,0.2440866666666648
3682,train,O=C(NC1(CC1)C#N)[C@@H]2CCCC[C@H]2C(=O)N3CCN(CC3)c4nc(cs4)c5ccccc5,3.5,2.9689999999999968,-0.5310000000000032
2425,train,COCCC(=O)N[C@@H](C)c1ccc(Nc2ncc3cc(ccc3n2)c4ccncc4)cc1,3.05,3.0320032301587303,-0.017996769841269522
2932,train,Cc1cccc(NC(=O)c2ccc(c3ccccc3)c(c2)C#N)n1,3.71,3.4123933333333367,-0.29760666666666324
1345,train,Cc1cc(on1)c2ccc(cc2F)N3C[C@H](Cn4ccnn4)OC3=O,1.99,2.0255400000000003,0.03554000000000035
3101,train,FC1(F)Oc2ccc(\C=C\3/SC(=O)NC3=O)cc2O1,2.8,2.4292266666666666,-0.3707733333333332
3594,train,CC(C)N1CCN(Cc2cnc(c(C)c2)c3ccc(cc3)C(=O)Nc4ccccc4N)CC1,1.44,1.4003199999999931,-0.03968000000000682
1774,train,Cc1c(Sc2ccc(Cl)cc2)c3cccc(Cl)c3n1CC(=O)O,2.0,1.89704,-0.10295999999999994
1056,train,CCCc1c(O)c(ccc1OCc2ccc(cc2)C(=O)O)C(=O)C,2.1,2.2091293333333337,0.10912933333333363
242,train,CC[C@H](C)C(=O)O[C@H]1C[C@@H](C)C=C2C=C[C@H](C)[C@H](CC[C@@H](O)C[C@@H](O)CC(=O)O)[C@@H]12,1.07,0.8484666666666583,-0.2215333333333418
3941,train,C[C@H]1O[C@H]([C@H](O)[C@@H]1O)n2cnc3c(N)nc(Oc4ccccc4)nc23,1.05,1.3900199999999971,0.3400199999999971
845,train,CNC1=Nc2ncccc2C(=NC1c3cccs3)c4occc4,1.85,1.8762900000000016,0.02629000000000148
3588,train,CCN(C1CCN(CCC(c2ccccc2)c3ccccc3)CC1)C(=O)Cc4ccc(cc4)[N+](=O)[O-],4.1,3.8192800000000062,-0.2807199999999934
318,train,CN1CCN(CC1)c2ccc(NC(=O)c3oc(Nc4ccccc4F)nn3)cn2,2.36,2.3843159999999988,0.024315999999998894
795,train,COc1cc(ccc1Nc2ncc(Cl)c(n2)c3cnc4ccc(cn34)N(C)C)N5CCN(CC5)C(=O)C,4.1,3.7738800000000063,-0.3261199999999933
1021,train,Fc1ccc(cc1Cl)C2CNCC=CC2,1.33,1.5523289999999996,0.22232899999999955
3042,train,c1ccc(cc1)C#Cc2n[nH]c3ccccc23,4.31,3.7357600000000044,-0.5742399999999952
1591,train,Cn1cnc2cc(cnc12)C#Cc3ccccc3,3.5,3.105119999999994,-0.3948800000000059
2929,train,CC(C)CN1C(=O)N(C)C(=O)c2c1sc(Cc3ccccc3C(F)(F)F)c2C(=O)N4CCCC4,3.8,3.7397200000000037,-0.060279999999996114
2871,train,COc1cc(ccc1Cn2ccc3ccc(NC(=O)OC4CCCC4)cc23)C(=O)O,2.1,2.1684200000000002,0.06842000000000015
2375,train,CC(C)OC(=O)N1CC2COCC(C1)C2Oc3ncnc(Oc4cccnc4C)c3C,3.1,3.113285238095232,0.013285238095231744
3120,train,CCCSc1ncccc1C(=O)N(C)C2CCOCC2,1.63,2.0720826666666676,0.44208266666666773
766,train,COc1ccc2c(C)cc(N[C@H]3CCC[C@@H](C3)NCc4cccc(OC(F)(F)F)c4)nc2c1,3.61,3.1828799999999964,-0.4271200000000035
2410,train,Cc1sc2ncnc(N3CCN(CC3)c4ncccn4)c2c1C,3.66,3.059186666666669,-0.6008133333333312
417,train,CC(C)CN1C(=O)N(C)C(=O)c2c1sc(Cc3ccccc3C(F)(F)F)c2C(=O)N4CC[C@@H](O)C4,2.74,2.8035999999999976,0.06359999999999744
92,train,CN(C)C(=O)c1ccc(CN2CCc3cc4nc(N)sc4cc3CC2)cc1,1.72,2.0450866666666667,0.32508666666666675
808,train,Cc1cc(Nc2ccccc2)n(CCC#N)n1,2.3,2.5312213333333333,0.2312213333333335
2606,train,CNc1cccc(CCOc2ccc(C[C@H](NC(=O)c3ccc(F)cc3Cl)C(=O)O)cc2)n1,-0.04,-0.08315999999998702,-0.04315999999998702
1088,train,C[C@@H]1CN(C[C@H](C)N1)c2c(F)c(N)c3C(=O)C(=CN(C4CC4)c3c2F)C(=O)O,-0.15,0.5292933333333354,0.6792933333333354
2660,train,COc1ccc(Nc2cc(Oc3cc(C)c(C)nc3c4ccccn4)ccn2)cc1,3.51,3.3155050000000044,-0.19449499999999542
3672,train,CC(C)Oc1ccc(cc1C(=O)N2CCN(CC2)c3ccc(cc3)C(F)(F)F)S(=O)(=O)C,3.33,3.0797260000000053,-0.2502739999999948
2724,train,CN(C)c1ccc2N=C3C=CC(=[N+](C)C)C=C3Sc2c1,-0.88,0.5482033333333349,1.428203333333335
2936,train,[O-][N+](=O)c1ccc2C(=O)C(=O)c3ccccc3c2c1,2.56,2.605779999999997,0.045779999999997045
2569,train,C[C@H](NC1=NC(=O)[C@@](C)(S1)C(F)(F)F)c2ccccc2F,3.1,3.0362239999999936,-0.0637760000000065
939,train,Clc1cccc(NC(=O)c2ccccn2)c1,3.4,3.271421333333337,-0.12857866666666284
4044,train,Nc1cccc2c3ccccc3C(=O)C(=O)c12,2.95,2.58016,-0.3698400000000004
2315,train,CC(C)(O)c1ccccc1CC[C@@H](SCC2(CC(=O)O)CC2)c3cccc(\C=C\c4ccc5ccc(Cl)cc5n4)c3,3.45,2.628569999999999,-0.8214300000000012
2180,train,CC1(C)C(=O)Nc2ccccc12,2.3,2.2532133333333335,-0.04678666666666631
3727,train,NC1(CCN(CC1)c2ncnc3[nH]ccc23)C(=O)N[C@@H](CCN4CCCCC4)c5ccc(Cl)cc5,2.4,2.2374500000000004,-0.16254999999999953
2079,train,OC1(CN2CCC1CC2)c3ccc(cc3)c4ccccc4,1.5,1.6377499999999963,0.13774999999999626
3545,train,CN1CCN(CC1)c2ccc3ncc(C(=O)N)c(Nc4ccc(Cl)cc4Cl)c3c2,3.23,2.948499999999995,-0.2815000000000052
90,train,COc1ccnc(CCc2nc3c(C)ccnc3[nH]2)c1,2.1,2.15518,0.05518000000000001
239,train,CC(C)(C)OC(=O)N1CCN(CC1)c2ncc(OCc3ccc(cc3)S(=O)(=O)C)cn2,3.27,3.267575333333338,-0.0024246666666618566
37,train,Cn1cncc1c2c3C(=O)N(CC4CC4)C(=O)N(CC5CC5)c3nn2Cc6ccnc7ccc(Cl)cc67,4.33,3.991780000000002,-0.33821999999999797
3368,train,CC1=CC(=O)Oc2c(C)c3oc(C)cc3cc12,3.47,2.9309700000000016,-0.5390299999999986
1480,train,COCCNS(=O)(=O)c1ccc(Nc2nccc(n2)c3cnc4cccnn34)cc1,2.8,2.768179999999999,-0.031820000000000626
1562,train,COc1ccc2C=CC(=O)N(CCN3CCC(CC3)NCc4cc5OCCOc5cn4)c2c1,1.31,1.2305333333333288,-0.07946666666667124
732,train,CC(=O)CC(C1=C(O)c2ccccc2OC1=O)c3ccccc3,0.86,1.2486949999999952,0.38869499999999524
446,train,CNC(=O)[C@H]1CCCN1Cc2cc3c(Nc4cccc(Cl)c4F)ncnc3cc2OC,3.65,3.41565671428572,-0.23434328571427976
2436,train,OCCN(CCO)c1nc(N2CCCCC2)c3nc(nc(N4CCCCC4)c3n1)N(CCO)CCO,3.97,3.131442666666673,-0.8385573333333274
2077,train,COCCN1CCN(CC(=O)Nc2ccc(C3=CC=CN4C(=O)C=C(N=C34)N5CCOCC5)c6sc7ccccc7c26)CC1,3.2,3.0108399999999986,-0.18916000000000155
825,train,Oc1cc(O)cc(\C=C\c2ccc(O)c(O)c2)c1,2.11,2.0982999999999996,-0.011700000000000266
872,train,C[C@@H]1CN(C[C@H](C)O1)c2nc(N3CCOC[C@@H]3C)c4ccc(nc4n2)c5ccccc5,3.75,3.3262239999999936,-0.42377600000000637
3163,train,CO[C@H]1CN(CCN2C(=O)C=Cc3ccc(cc23)C#N)CC[C@@H]1NCc4cc5OCCOc5cn4,1.05,0.8774260000000034,-0.17257399999999667
84,train,Oc1cc(nc2ccnn12)c3ccccc3,1.3,1.778013333333332,0.47801333333333185
464,train,COc1ccc2nc(C)cc(N3CC(CNC(=O)C4CC4)OC3=O)c2c1,1.55,1.8067466666666676,0.25674666666666757
3779,train,CCN1C=C(C(=O)O)C(=O)c2ccc(C)nc12,-0.1,0.3771599999999935,0.4771599999999935
3127,train,COc1ccc(OC)c(c1)C(O)CNC(=O)CN,-0.71,0.006878333333324882,0.7168783333333248
1922,train,Cc1cc(NC(=O)c2ccc(Cl)cc2)n(n1)c3ccccc3,3.25,3.281693333333343,0.0316933333333429
2064,train,Oc1ccc(cc1)C2=Cc3cc(O)ccc3OC2=O,2.9,2.9389999999999965,0.03899999999999659
948,train,Nc1ncc([nH]1)c2ccc(F)cc2,1.39,1.573266666666668,0.18326666666666802
1152,train,O=C1N=C(NCc2ccccc2)SN1Cc3ccccc3,3.01,2.890966000000005,-0.11903399999999476
2254,train,O=C(CCN1CCCCC1)Nc2ccc(C3=CC=CN4C(=O)C=C(N=C34)N5CCOCC5)c6sc7ccccc7c26,2.9,2.814379999999997,-0.0856200000000027
2935,train,COCc1c(nc(C(C)C)c(\C=C\[C@@H](O)C[C@@H](O)CC(=O)O)c1c2ccc(F)cc2)C(C)C,1.72,1.4507423809523792,-0.2692576190476208
1494,train,OC(=O)c1ccc2cccc(O)c2n1,3.3,2.865120000000002,-0.43487999999999793
3667,train,CCOc1noc2cc(OCCC3CCN(CC3)c4ccc(C)nn4)ccc12,4.23,3.654812000000005,-0.5751879999999954
1199,train,COc1cc(ccc1Nc2ncc(c(n2)c3cnc4ccccn34)C(F)(F)F)N5CCN(CC5)C(=O)C,3.7,3.4753800000000097,-0.2246199999999905
1630,train,O=C1NC=Cc2nc(c3ccc(CN4CCC(CC4)c5n[nH]c(n5)c6ccccn6)cc3)c(cc12)c7ccccc7,3.9,3.5433133333333355,-0.3566866666666644
508,train,CCCN(c1cccnc1)P(=O)(c2ccccc2)c3ccccc3,2.6,2.3508613333333326,-0.2491386666666675
1417,train,Oc1ccc(CCNCCCS(=O)(=O)NCCOCCc2ccc(F)cc2)c3sc(O)nc13,1.57,1.7496533333333355,0.17965333333333544
1959,train,O[C@@H](CNCCc1ccc(NC[C@H](O)c2ccccc2)cc1)c3ccc(O)c(NC=O)c3,0.02,0.7941153333333306,0.7741153333333306
2340,train,O[C@@H]1CCN(C1)c2ccc3c(NC(=O)CNc4cccc(c4)C#N)c(Cl)ccc3n2,2.39,2.4878583333333317,0.0978583333333316
78,train,CC(=O)Nc1ccc2c(c1)c(cn2CCCO)c3cc(NC4CC4)n5ncc(C#N)c5n3,2.48,2.5170999999999997,0.03709999999999969
3226,train,C[C@@H](Oc1cccc2ncnc(Nc3ccc(Oc4ccc(C)nc4)c(C)c3)c12)C(=O)N(C)CCO,3.85,3.6959600000000012,-0.15403999999999884
2404,train,CCN(CC)CCNc1ncnc2c1sc3nc(N4CCOCC4)c5CCCCc5c23,3.3,3.0172199999999987,-0.28278000000000114
3848,train,NCC[C@@H](Sc1cc(Cl)ccc1C#N)c2ccccc2,1.26,1.2252266666666642,-0.034773333333335765
2998,train,COC(=O)c1c(O)cccc1OC\C=C\c2ccc(F)c(c2)c3onc(c3)C(=O)O,0.66,1.2827333333333315,0.6227333333333315
548,train,Nc1cc(nc2c(cnn12)C#N)c3cccs3,2.3,2.19483,-0.10516999999999976
1564,train,Clc1ccc2NC(=O)CN(C(c3ccccc3)c2c1)C(=O)c4ccccc4,3.31,3.0595519999999947,-0.25044800000000533
279,train,Cc1ccc(F)cc1S(=O)(=O)N[C@@H]2CCN(Cc3ccc(cc3)c4ccccc4)C2,4.0,3.511239999999992,-0.4887600000000081
598,train,CN[C@@H](C)C(=O)N[C@@H](C1CCCCC1)C(=O)N[C@H]2CCN(C2)C(=O)Cc3ccccc3,0.81,1.101949999999993,0.29194999999999305
3059,train,COc1cc2ncnc(Nc3cc(NC(=O)c4ccnc(c4)N5CCOCC5)ccc3C)c2cc1OCCN(C(C)C)C(C)C,3.5,3.2958799999999924,-0.20412000000000763
1072,train,CNc1nc(C)c(s1)c2nc(Nc3cccc(c3)N4CCCN(CC4)C(=O)C)ncc2C#N,3.2,2.888959999999997,-0.3110400000000033
2370,train,NC1(CCC1)c2ccc(cc2)c3c(ccc4ccnn34)c5ccccc5,2.9,2.664546666666664,-0.23545333333333573
2018,train,CC(C#Cc1ccccc1)N2NC(=O)C3=C(C2=O)C(=O)c4ccc(Cl)cc4N3,1.4,1.7277199999999966,0.3277199999999967
3382,train,O=C1C=C(N=C2N1C=Cc3ccccc23)N4CCOCC4,2.78,2.5780133333333324,-0.20198666666666742
1985,train,FC(F)(F)c1cc(COCC(N2CCNCC2)c3ccccc3)cc(c1)C(F)(F)F,2.9,2.966119999999997,0.06611999999999707
671,train,COc1ccnc(C[S+]([O-])c2nc3cc(OC(F)F)ccc3[nH]2)c1OC,2.0,2.0251580000000002,0.025158000000000236
2221,train,CN1CCN(CC1)S(=O)(=O)c2ccc(c(C)c2)c3cnc(N)c(n3)C(=O)Nc4cccnc4,2.6,2.597459999999999,-0.002540000000001097
3547,train,CN[C@@H](C)C(=O)N[C@@H](C1CCCCC1)C(=O)N[C@H]2CCCN(CCc3ccc(F)cc3)C2,2.39,2.49402476190476,0.10402476190476007
3605,train,Cc1c(N)cccc1CN2C=CC(=CC2=O)OCCc3cccs3,2.78,2.4976766666666665,-0.28232333333333326
3641,train,CN(C)CC(O)COc1ccc(Nc2cc(ncn2)N(CCC#N)c3cc(Cl)ccc3Cl)cc1,2.1,2.319979999999999,0.21997999999999873
3552,train,CC(CC(=O)NCc1ccccc1)C2CCCO2,2.1,2.349909999999999,0.24990999999999897
2196,train,CCCNC[C@H](O)COc1ccccc1C(=O)CCc2ccccc2,1.69,1.6603175714285712,-0.029682428571428776
2225,train,OC1=NC(=O)CN1N=Cc2oc(cc2)c3ccc(cc3)[N+](=O)[O-],1.35,1.7517400000000012,0.4017400000000011
137,train,COc1cc(OC2CCN(CC2)C(=O)C)ccc1Nc3ncc(Cl)c(n3)c4cnc5ccccn45,4.0,3.6040866666666607,-0.39591333333333933
3264,train,CC1=C(Oc2c(cccc2C1=O)C(=O)OCCN3CCCCC3)c4ccccc4,3.42,2.848819999999996,-0.571180000000004
1947,train,Nc1nccc(\C=C\c2ccc(Cl)cc2)n1,3.5,2.9769699999999975,-0.5230300000000025
3891,train,CC[C@H](N)C(=O)N[C@@H](Cc1ccc(cc1)c2ccccc2)C#N,2.6,2.3946233333333313,-0.20537666666666876
3161,train,OC(=O)C1=CN(C2CC2)c3cc(N4CCNCC4)c(F)cc3C1=O,-0.96,-0.6968600000000076,0.2631399999999924
3695,train,CCN1CCN(Cc2cnc(c(C)c2)c3ccc(cc3)C(=O)Nc4ccccc4N)CC1,1.2,1.276855999999993,0.07685599999999315
986,train,COC(=O)[C@H](Cc1ccc(cc1)[N+](=O)[O-])NC(=O)c2cccc3ccccc23,3.58,3.0440333333333354,-0.5359666666666647
2294,train,CN1CCN(CC1)C(=O)c2cc(CC3=NNC(=O)c4ccccc34)ccc2F,1.03,1.1170600000000053,0.08706000000000524
2727,train,Cc1nsc(C)c1CCC2CCN(CC2)S(=O)(=O)CC3(CCOCC3)N(O)C=O,1.5,1.5452399999999975,0.045239999999997504
3686,train,[O-][N+](=O)c1cc(C(=O)NCC=C)c2N=C(Nc3ccc(Cl)c(Cl)c3)NC(=O)c2c1,2.7,2.734572000000002,0.0345720000000016
3664,train,C[C@@H](NC1=CC(=O)CNC1)c2ccc(Nc3ncc4cc(ccc4n3)c5ccncc5)cc2,2.49,2.289117142857142,-0.20088285714285803
810,train,COc1cc(OC)nc(n1)N2N=CC(=C(Cl)C2=O)Cl,1.4,1.5612999999999961,0.16129999999999622
3705,train,Cn1c(ccc1c2ccc3NC(=O)OC(C)(C)c3c2)C#N,2.85,2.7818200000000046,-0.06817999999999547
705,train,COc1c(Nc2ccc(nc2C)S(=O)(=O)C)ncnc1OC3CCN(CC3)C(=O)OC(C)C,2.4,2.515701333333333,0.11570133333333299
2587,train,Nc1cc(ncn1)c2ccccc2,1.91,2.0094333333333334,0.09943333333333348
3025,train,CC(=O)Nc1cccc2c1c(c(C)n2CC(=O)O)S(=O)(=O)c3ccc(Cl)cc3,0.4,0.1396399999999991,-0.2603600000000009
2507,train,Oc1c2ncc3ccccc3c2nn1c4ccccc4,0.8,1.021951999999992,0.22195199999999193
583,train,CCC[C@H]1CN(Cc2cc(Cl)ccc2OCC(=O)O)CCN1S(=O)(=O)c3ccccc3,1.02,0.7997600000000082,-0.22023999999999178
4028,train,CC(C)Cc1ccc(cc1)[C@H](C)C(=O)NS(=O)(=O)C,0.56,0.7080187142857131,0.148018714285713
56,train,COCCNC(=O)c1cccc(Nc2ncc3cc(ccc3n2)c4ccncc4)c1,3.21,3.1120000000000028,-0.0979999999999972
1170,train,CCCc1c(O)c(ccc1OCCCCSCC(=O)O)C(=O)C,1.3,1.1043199999999993,-0.19568000000000074
1931,train,CN(C)C(=O)CN1C(=O)C(Cc2ccccc12)NC(=O)c3cc4cc(Cl)sc4[nH]3,3.07,3.047178666666666,-0.022821333333333804
1098,train,CCOC(=O)Nc1cccc(c1)[C@H](N2CCN(Cc3cccnc3)CC2)c4ccc(cc4)C(=O)N5CCC5,3.02,2.6106800000000008,-0.40931999999999924
2658,train,O=S(=O)(Nc1ccc(cc1)S(=O)(=O)Nc2nccs2)c3ccc4OCCOc4c3,1.97,1.729107999999999,-0.240892000000001
2685,train,Cc1ccc(CCCOCCS(=O)(=O)CCCNCCc2ccc(O)c3nc(O)sc23)s1,2.41,2.24208,-0.16792000000000007
270,train,COc1ccc(cc1)c2cc(Nc3ccn(C)n3)n4ncc(C#N)c4n2,2.97,2.8352366666666633,-0.1347633333333369
3299,train,COc1cc2c(Nc3c(Cl)ccc4OCOc34)ncnc2cc1OCCCN5CCCC5,1.62,1.9595199999999984,0.33951999999999827
86,train,CC(C#C)N1C(=O)N(CC2CC2)c3nn(Cc4ccnc5ccc(Cl)cc45)c(c3C1=O)c6cncn6C,3.59,3.6111000000000057,0.021100000000005892
1688,train,CC(C)NC(=O)c1c(C)nn(c1NS(=O)(=O)c2ccc(C)cc2)c3ccccc3,0.46,0.7257479999999938,0.2657479999999938
874,train,CC1=CN([C@H]2CCCN(Cc3ccc(C(=O)O)c(Oc4cccc(F)c4)c3)C2)C(=O)NC1=O,-1.03,-0.7477523809523814,0.28224761904761864
2972,train,CN1C(=O)N(CC2CC2)c3nn(Cc4ccnc5ccc(Cl)cc45)c(c6oc(cc6C)C#N)c3C1=O,4.34,4.132480000000013,-0.20751999999998727
3307,train,CC(C)CNc1nc(nc(N2CCOCC2)c1N)C#N,2.79,2.6886400000000017,-0.10135999999999834
4118,train,CC[C@H](NC(=O)c1c([S+](C)[O-])c(nc2ccccc12)c3ccccc3)c4ccccc4,3.17,3.206159999999998,0.03615999999999797
1448,train,COC(=O)CCCCCCC(=O)Nc1ccc2C(=O)C(=O)c3ccccc3c2c1,2.6,2.6985600000000005,0.09856000000000043
4066,train,OCCCNCCCOc1ccc(Cl)c(c1)C(=O)NCC23CC4CC(CC(C4)C2)C3,1.41,2.058453333333333,0.6484533333333331
3392,train,CC(C)(C)NC(=O)C(N(Cc1occc1)C(=O)c2ccc([nH]2)c3ccccc3)c4ccncc4,4.13,3.5415866666666616,-0.5884133333333383
3939,train,COC(=O)c1cccc(CN2NC(=O)C3=C(C2=O)C(=O)c4ccc(Cl)cc4N3)c1,1.1,1.1890160000000014,0.08901600000000132
793,train,CCCCOc1nc(N)c2NC(=O)N(Cc3cccc(CC(=O)OC)c3)c2n1,3.76,3.154039999999993,-0.6059600000000067
1368,train,[O-][N+](=O)c1ccc(cc1)C2=Nc3ccccc3C(=O)N2,2.5,2.6011200000000008,0.10112000000000076
4193,train,Oc1cccc(NC(=O)c2ccc(OCCCN3CCCC3)cc2OCc4ccccn4)c1,1.78,2.0504199999999995,0.27041999999999944
1223,train,Clc1ccc2ncc(c3cccc(NC4CNC4)n3)n2c1,1.19,1.4408356666666675,0.25083566666666757
351,train,Clc1ccc2C(=O)C3=C(Nc2c1)C(=O)NN(Cc4ccsc4)C3=O,1.11,1.1103199999999966,0.00031999999999654527
2788,train,CC(=O)Nc1cc2c(ccn2c3cc(NC4CC4)n5ncc(C#N)c5n3)cc1C,2.66,2.685340000000002,0.025340000000001695
3164,train,CN(C)CCCC1(OCc2cc(ccc12)C#N)c3ccc(F)cc3,1.56,1.6071776507936504,0.04717765079365033
2303,train,Cc1cccc(NS(=O)(=O)c2cccc3nonc23)c1,3.0,2.5188199999999976,-0.4811800000000024
1548,train,CN1CCN(CC1)C(=O)c2cc3ccccc3[nH]2,1.7,1.7930400000000002,0.09304000000000023
1813,train,COc1cc2ncnc(Nc3cc(NC(=O)c4ccnc(c4)N5CCOCC5)ccc3C)c2cc1OCCN6CCCCC6,3.35,3.2140199999999988,-0.13598000000000132
3374,train,NC1(CCN(CC1)c2ncnc3[nH]ccc23)C(=O)NC(CCO)c4ccc(Cl)cc4,2.5,2.441014999999998,-0.058985000000002064
4129,train,CCCCC(N1NC(=O)c2nc3cc(Cl)ccc3c(O)c2C1=O)c4ccncc4,1.4,1.3696000000000006,-0.030399999999999316
2116,train,Cn1ncc(Cl)c1c2cc(sc2Cl)C(=O)N[C@H](CN)Cc3cccc(F)c3,2.99,2.534658333333334,-0.4553416666666661
2755,train,O=C(CN1CCOCC1)Nc2ccc(cc2c3ccccc3)c4cccc5C(=O)C=C(Oc45)N6CCOCC6,3.4,3.1990333333333343,-0.20096666666666563
3096,train,Brc1ccc(s1)N2C[C@@]3(CN4CCC3CC4)OC2=O,2.0,1.9883333333333337,-0.01166666666666627
898,train,CC(=O)c1ccc2OCC(=O)N(CCN3CCC(CC3)NCc4ccc5OCC(=O)Nc5n4)c2c1,0.37,0.47594000000001535,0.10594000000001536
2258,train,CC(C)C(NC(=O)CN1C(=O)c2nc(O)nc(O)c2C=C1c3ccccc3)C(=O)C(F)(F)F,1.88,1.9247133333333322,0.04471333333333227
922,train,Nc1ccccc1NC(=O)c2ccc(cc2)c3ncc(CN4CCC4)cc3C#N,1.22,1.2769000000000055,0.0569000000000055
2326,train,CCCSc1nc(NC)ccc1C(=O)N[C@@H]2C3CC4CC2C[C@@](O)(C4)C3,3.27,2.9813750000000026,-0.28862499999999747
1304,train,NC(=O)c1ccc(Br)cc1,1.75,1.568219999999998,-0.18178000000000205
1593,train,O=C1C2=Nc3ccccc3CN2c4ccccc14,2.71,2.4305666666666657,-0.2794333333333343
1803,train,NS(=O)(=O)c1cc2c(NCNS2(=O)=O)cc1Cl,-0.09,0.46674999999999045,0.5567499999999904
2699,train,CC(C)OC(=O)N1CCC(CC1)Oc2ncnc(Oc3ccc(cc3F)S(=O)(=O)C)c2C,3.7,3.47100000000001,-0.22899999999999032
551,train,CN(C)CC(O)COc1ccc(Nc2cc(ncn2)N(CC#N)c3ccc(C)cc3Br)cc1,2.24,2.1616333333333335,-0.0783666666666667
3066,train,COc1ccc(OC)c(CNc2[nH]nc3cccc(Oc4ccc(cc4)S(=O)(=O)C)c23)c1,3.71,3.485866000000004,-0.22413399999999584
763,train,CC(=O)c1ccc2NC(=CC(=O)c2c1)c3cccnc3,1.41,1.6518466666666698,0.24184666666666987
2965,train,Nc1nc(OC2CCCC2)nc3c1ncn3[C@@H]4O[C@H](CO)[C@@H](O)[C@H]4O,0.79,0.8591599999999955,0.06915999999999545
4090,train,CCCCC(NC(=O)CC1CCN(Cc2ccn(c2)c3ccc(cc3)C(F)(F)F)CC1)C4=CNC(=O)C=C4,2.89,2.8635266666666683,-0.026473333333331794
2365,train,CC(C)CN1C(=O)NC(=O)c2c1sc(Cc3ccccc3C(F)(F)F)c2C(=O)N4CCC4,3.0,3.045370000000002,0.04537000000000191
3703,train,OC(=O)[C@H](Cc1ccc(cc1)C#N)N2CCC(CN3CCC(CC3)Oc4ccc(Cl)c(Cl)c4)CC2,2.17,2.2385599999999997,0.06855999999999973
427,train,CS(=O)(=O)c1ccc2nc(sc2c1)N3CCN(CC3)C(=O)[C@@H]4CCCC[C@H]4C(=O)NC5(CC5)C#N,1.49,1.6420199999999985,0.1520199999999985
2747,train,OC(=O)COc1ccc(Cl)cc1c2cccc(c2)C#N,-0.25,-0.2061799999999967,0.0438200000000033
1210,train,Nc1ccc2[nH]c(Cc3ccc(Oc4ccccc4)cc3)nc2c1,3.8,2.864699999999996,-0.9353000000000038
546,train,CCCCSc1nc(N)c2ncn([C@@H]3O[C@H](CO)[C@@H](O)[C@H]3O)c2n1,1.51,1.1695399999999954,-0.34046000000000465
3658,train,Clc1ccc(Cl)c(c1)S(=O)(=O)Nc2nc(cs2)c3sccc3Cl,2.11,2.0666160000000002,-0.043383999999999645
600,train,CN(C)c1ccc(cc1)S(=O)(=O)NC(=O)N2CCC(CC2)N3CCC(CC3)Oc4ccc(Cl)c(C)c4Cl,2.0,1.8720466666666666,-0.12795333333333336
3503,train,O[C@@H](CNCCc1cccc(CNCCc2ccccc2F)c1)c3ccc(O)c4NC(=O)Sc34,1.06,1.1413999999999984,0.08139999999999836
2840,train,CC(C)n1c(C)ncc1c2ccnc(Nc3ccc(cc3)N4CCN(CC4)C(=O)CO)n2,1.69,1.99364,0.30364000000000013
949,train,Clc1cc(Nc2ncnc3[nH]nc(OCCN4CCCC4)c23)ccc1OCc5ccccn5,2.87,2.7946759999999973,-0.07532400000000283
601,train,COc1ccc2c(c1)c(CC(=O)O)c(C)n2c3ccnc4cc(Cl)ccc34,1.68,1.4846400000000006,-0.1953599999999993
2274,train,CN(C)CCCNS(=O)(=O)c1ccc(Nc2nccc(n2)c3cnc4ccccn34)cc1,1.9,2.0304199999999986,0.13041999999999865
804,train,C[C@H](Nc1nc(Nc2cc(C)[nH]n2)c(C)nc1C#N)c3ncc(F)cn3,1.92,2.0072300000000003,0.08723000000000036
1419,train,C[C@@H]1CN(CCN1c2ncc(OCC3CCN(CC3)S(=O)(=O)C)cn2)C(=O)OC(C)(C)C,3.5,3.127202666666662,-0.3727973333333381
3776,train,CCN(CC)CCCNCc1cc(Cl)c2cccnc2c1O,0.72,1.3637266666666672,0.6437266666666672
3872,train,N(c1ccccc1)c2ncnc3ccccc23,2.94,2.9500499999999987,0.010049999999998782
1149,train,CC(NCC(O)c1ccc(cc1)[N+](=O)[O-])C23CC4CC(CC(C4)C2)C3,3.53,2.808663333333336,-0.7213366666666636
2394,train,Nc1ccc(OCCc2ccccc2)cc1,2.71,2.4485499999999982,-0.26145000000000174
2968,train,OC1CCN(CC1)C(=O)CN2C(=O)C(Cc3ccccc23)NC(=O)c4cc5cc(Cl)sc5[nH]4,2.86,2.9167523333333314,0.05675233333333152
3731,train,OC[C@H]1C[C@H]([C@H](O)[C@@H]1O)n2nnc3c(N[C@@H]4C[C@H]4c5ccccc5)nc(SCCC(F)(F)F)nc23,4.06,3.863560000000003,-0.1964399999999964
870,train,CC(C)N1CCN[C@H](C1)C(=O)N2CCN(CC2)C(=O)Nc3ccc(Cl)c(Cl)c3,2.21,2.17728,-0.03271999999999986
2530,train,CCCc1c(cnn1c2ccccc2)C(=O)Nc3cc(C)on3,3.7,3.243406666666674,-0.4565933333333261
1127,train,Cc1ccc2nc(CCNCCCO)ccc2c1NC(=O)CC34CC5CC(CC(C5)C3)C4,1.18,1.743839999999999,0.563839999999999
1574,train,CC(=O)Nc1ccc(O)cc1OC[C@@H](O)CN2CCC3(CC2)Cc4cc(Cl)ccc4O3,2.76,2.5494566666666656,-0.2105433333333342
3302,train,Cc1c[nH]c(n1)c2cnc(NCCNc3ccc(cn3)C#N)nc2c4ccc(Cl)cc4Cl,3.86,3.272436666666664,-0.5875633333333359
2848,train,CCNC(=O)OC[C@@H](C)N(c1cc(Cl)ccc1CO)S(=O)(=O)c2ccc(Cl)cc2,3.4,2.760721,-0.6392789999999997
2289,train,CCN(CC)c1ncnc2c1ncn2Cc3c(Cl)cccc3Cl,1.25,1.7771766666666682,0.5271766666666682
2171,train,CC(C)NC(=O)NS(=O)(=O)c1cnccc1Nc2cccc(C)c2,0.3,1.1681729999999941,0.8681729999999941
122,train,NC(=N)NC(=O)c1nc(Cl)c(NCc2ccccn2)nc1N,-0.56,-0.045100000000017904,0.5148999999999821
3762,train,SC1=Nc2[nH]cnc2C(=O)N1,-1.48,-0.4503100000000053,1.0296899999999947
3796,train,Nc1nccc(n1)c2cc3C(=O)NC[C@H](CCF)c3[nH]2,0.51,0.5632600000000076,0.053260000000007635
3389,train,CC(=O)N1CCOc2nc(OCc3ccccc3)ccc12,2.4,2.44164,0.04164000000000012
1623,train,CC(C)(C)c1ccc(cc1)C(O)CCCN2CCC(CC2)C(O)(c3ccccc3)c4ccccc4,3.99,3.0444599999999955,-0.9455400000000047
3145,train,CCNc1nc(N)c(s1)C(=O)c2ccc(Cl)s2,3.63,3.0676699999999943,-0.5623300000000055
1212,train,CCc1ccc(NC(=O)c2ccc3cc(ccc3c2)C(=N)N)cc1,1.1,1.2075700000000027,0.10757000000000261
3688,train,COC[C@H](O)CN1C(=O)C=NN(C1=O)c2ccc(Cl)c(c2)C(=O)NCC3(O)CCCCCC3,1.46,1.5042953333333324,0.044295333333332465
420,train,COc1ccc2nc(N[C@H]3CCC[C@@H](C3)NCc4ccsc4)cc(C)c2c1,2.41,2.36154,-0.04845999999999995
1732,train,CNC(=O)c1ccc(Oc2ccc3CCN(CCc3c2)C4CCC4)nc1,1.45,1.7151366666666696,0.2651366666666697
4159,train,COc1ccc(cc1N2CC(=O)NS2(=O)=O)c3ccccc3,-1.01,0.3822226666666684,1.3922226666666684
196,train,Cc1cccc(CN2CCN(CC2)C(c3ccccc3)c4ccc(Cl)cc4)c1,3.39,3.1821600000000023,-0.2078399999999978
3367,train,CCOC(=O)c1ccc(COC2CN(C2)c3ccc(C)nn3)cc1,2.5,2.4838333333333313,-0.01616666666666866
3988,train,OCC1=CC2=NNC(=O)N2c3cc(ccc13)c4ccc[nH]4,2.19,2.321535000000001,0.13153500000000085
1012,train,CC(C)C(NC(=O)CN1C(=O)C(=CC=C1c2ccccc2)NC(=O)OCc3cc(C)nc(C)c3)C(=O)C(F)(F)F,2.38,2.314939999999999,-0.06506000000000078
1270,train,COc1cc(ccc1Cc2cn(C)c3ccc(NC(=O)CC4CCCC4)cc23)C(=O)O,2.0,2.0772800000000005,0.07728000000000046
3931,train,CO[C@@H]1C[C@@H](N(Cc2cc3c(Nc4cccc(Cl)c4F)ncnc3cc2OC)C1)C(=O)N,3.09,3.0954686666666644,0.005468666666664568
3258,train,O=C(NCC#N)[C@@H]1CCCC[C@H]1C(=O)N2CCN(CC2)c3ccc(cc3)C#N,1.79,1.7535399999999977,-0.03646000000000238
4086,train,Nc1ccc(cc1)S(=O)(=O)Nc2ccccn2,-0.01,0.0005600000000125505,0.01056000000001255
4147,train,COCCNCc1ccc(cc1)c2cc(C(=O)N)c(NC(=O)N)s2,0.87,1.3007399999999985,0.43073999999999846
3125,train,OC(=O)c1ccccc1C2=C3C=CC(=O)C=C3Oc4cc(O)ccc24,0.0,0.5058413333333391,0.5058413333333391
1379,train,C[C@H](CO)Nc1nc(SCc2ccccc2)nc3NC(=O)Nc13,2.75,2.7647299999999966,0.01472999999999658
860,train,CN1C(=O)C=C(CCc2cccc(c2)c3ccccc3)N=C1N,3.8,3.2940199999999957,-0.5059800000000041
1467,train,CC1=NC(=C(NC1=O)c2ccc(CN3CCC(CC3)N4C(=O)Nc5ccccc45)cc2)c6ccccc6,3.9,3.7040423809523833,-0.19595761904761666
3948,train,COc1ccc2c(Oc3ccc(CC(=O)Nc4cn(C)nc4C)c(OC)c3)ccnc2c1,3.5,3.3979999999999912,-0.10200000000000875
30,train,CS(=O)(=O)C1(CC1)c2cc(nc(n2)c3cccc4[nH]ccc34)N5CC6CCC(C5)O6,2.6,2.4307866666666644,-0.16921333333333566
2060,train,CN(C)C(=O)CC(NC(=O)C1(N)CCN(CC1)c2ncnc3[nH]ccc23)c4ccc(Cl)cc4,2.4,2.294798,-0.1052019999999998
211,train,CN(C1CCN(C)CC1)c2nccc(Nc3cc(NC(=O)c4ccnc(c4)N5CCOCC5)ccc3C)n2,1.8,2.0658400000000006,0.2658400000000005
4050,train,C[C@@H](NC(=O)C1CCNCC1)c2ccc(Nc3ncc4cc(ccc4n3)c5ccncc5)cc2,0.4,1.0848499999999996,0.6848499999999996
1029,train,C(=C\c1nn[nH]n1)/c2ccccc2,-0.4,0.5195799999999975,0.9195799999999975
1011,train,NC(=O)c1cccc(O[C@@H]2C[C@H]3CC[C@@H](C2)N3CC4CC4)c1,0.07,0.25186833333332426,0.18186833333332425
247,train,Nc1cc(nc2ccc(Nc3cc(nc(N)n3)c4cccc(Cl)c4)cc12)c5ccc(F)cc5,2.5,2.427219999999998,-0.07278000000000207
2884,train,CC(C)(C)OC(=O)N1CCN(CC1)c2ncc(OCc3ccncc3C#N)cn2,2.81,2.9666600000000023,0.15666000000000224
1505,train,O=C1N2CCOC2=Nc3ccccc13,0.6,1.2191999999999952,0.6191999999999952
2581,train,CNCc1cccc(c1)c2ccc3c(nc(nc3n2)N4C[C@@H](C)O[C@@H](C)C4)N5CCOCC5,1.26,1.5059750000000007,0.24597500000000072
2209,train,Cc1ccc(cc1)S(=O)(=O)Nc2c(cnn2c3ccccc3)C(=O)NC4CCCCC4,0.8,0.9997399999999934,0.19973999999999337
1704,train,COC[C@H](N1CCN(C[C@@H]1C)C2(C)CCN(CC2)C(=O)c3c(C)ncnc3C)c4ccc(cc4)C(F)(F)F,2.7,2.603580000000001,-0.09641999999999928
1475,train,CCC1(C(=O)NC(=O)NC1=O)c2ccccc2,0.05,0.5309366666666675,0.4809366666666675
2367,train,O=C(COCc1ccccc1)Nc2ccc3c(c2)C(=O)C(=O)c4ccccc34,3.21,3.0557800000000035,-0.15421999999999647
3569,train,O=C(NCC#N)[C@@H]1CCCC[C@H]1C(=O)N2CCC=CC2,0.9,1.0081800000000065,0.1081800000000065
4182,train,NC1=NC(CC(=O)N1)c2ccc(Cl)c(Cl)c2,1.46,1.6022949999999978,0.14229499999999784
1770,train,CC1=CC(=O)Oc2c3CCCNc3c(C)cc12,2.9,2.7959899999999984,-0.10401000000000149
4161,train,CCCCNc1cc(cc(c1Oc2ccccc2)S(=O)(=O)N)C(=O)O,-0.3,-0.033143333333312874,0.2668566666666871
3383,train,O=S(=O)(N1CCOCC1)c2cccc(c2)c3cn4cccnc4n3,1.3,1.777349999999998,0.47734999999999794
779,train,Cc1cccc(c1)N(Cc2cc(F)c(F)cc2F)C(=O)O[C@H]3CN4CCC3CC4,2.24,2.2851966666666668,0.04519666666666655
929,train,CNC(=O)c1cc(C(=O)c2ccc(Cl)cc2)c(Br)[nH]1,3.1,2.985213333333329,-0.11478666666667126
2073,train,C[C@H](CO)Nc1nc(SCc2occc2)nc3NC(=O)Sc13,2.21,2.4911199999999996,0.2811199999999996
2887,train,Cc1ccc(cc1NC(=O)c2ccc(OCc3ccccn3)cc2)c4ncc(C)n4C,2.67,2.4003200000000007,-0.26967999999999925
144,train,Oc1ccc2C(=O)C=C(Oc2c1)N3CCOCC3,1.0,1.5403800000000014,0.5403800000000014
497,train,CCOc1ccc(Oc2ccc(cc2)S(=O)(=O)NC(=O)c3cccc(c3)c4ccc(Cl)c(Cl)c4)cc1,2.94,2.5160249999999995,-0.42397500000000043
2230,train,O=C(Cc1ccccc1)Nc2nccs2,2.5,2.5310199999999985,0.031019999999998493
1175,train,C[S+]([O-])c1ccc(cc1)c2nc(c3ccc(F)cc3)c([nH]2)c4ccncc4,3.34,2.9388200000000015,-0.4011799999999983
2631,train,Clc1ccc(NC(=O)N2CCN(C[C@H]3CN(CCO3)C4CC4)CC2)cc1Cl,3.32,3.1542283333333376,-0.1657716666666622
3405,train,Cc1cc(C)cc(c1)c2oc(SCC(=O)N3CCN(CC3)C(=O)c4occc4)nn2,3.0,2.991080000000001,-0.008919999999998929
1303,train,COc1cc2ncnc(Nc3cccc(Cl)c3F)c2cc1OC4CCN(CC(=O)N)CC4,3.1,3.0656726666666607,-0.03432733333333937
1409,train,CC(=O)NC[C@H]1CN(C(=O)O1)c2ccc(c(F)c2)n3cc(nn3)C#N,0.8,1.0957599999999923,0.29575999999999225
1684,train,CC(O)(C(=O)c1ccccc1)c2ccccc2,2.92,2.7327633333333345,-0.18723666666666539
3162,train,CN(C)C(=O)[C@H](O)[C@H](Cc1ccccc1)NC(=O)c2cc3cc(Cl)ccc3[nH]2,3.6,3.3760199999999987,-0.2239800000000014
249,train,C[C@H](NC(=O)c1c(C)nn(C2CCOC2)c1NS(=O)(=O)c3ccc(C)cc3)C(C)(C)C,0.78,0.8544200000000026,0.0744200000000026
2202,train,OC(=O)[C@H](Cc1ccccc1F)N2CCC(CN3CCC(CC3)Oc4ccc(Cl)c(Cl)c4)CC2,2.58,2.560479999999998,-0.019520000000002202
1689,train,CN1CCC[C@H]1CCN2CCCc3cc(NC(=N)c4cccs4)ccc23,0.37,1.1735266666666737,0.8035266666666737
3195,train,Oc1cccc(c1)c2nc3ccc(O)cc3s2,3.7,3.5168200000000076,-0.18317999999999257
3445,train,OCC(=O)N1CCC[C@H]1COc2cccc3ncnc(Nc4ccc(OCc5ccccn5)c(Cl)c4)c23,3.62,3.5917739761904763,-0.02822602380952377
2304,train,CCOc1cc2nnc(C(=O)N)c(Nc3cc(C)ccc3F)c2cc1N4CCN(C)CC4,3.02,2.8566600000000033,-0.1633399999999967
1970,train,Cc1ccc(Oc2ccc(cc2)C(=O)NCc3ccncc3)cc1,3.65,3.395040333333341,-0.2549596666666587
3899,train,NC(=O)C1CCN(CC(=O)Nc2ccc3OCOc3c2)CC1,0.4,0.8379933333333345,0.43799333333333446
2713,train,COc1ccccc1CNC(=O)c2ccc3cnccc3n2,1.8,2.20358,0.40358000000000005
1946,train,CC(C(=O)O)c1cccc(c1)C(=O)c2ccccc2,-0.12,0.15251023809523323,0.2725102380952332
225,train,CCCNC[C@@H](O)COc1ccccc1C(=O)CCc2ccccc2,1.56,1.6603175714285712,0.10031757142857112
1547,train,Clc1ccc2[nH]ncc2c1,2.44,2.6471,0.20710000000000006
2144,train,CC1(C)CC(=O)c2c(N)c3ccccc3nc2C1,3.0,2.6439159999999964,-0.3560840000000036
3396,train,CN(C(=O)C)c1ccc(Nc2ncc3cc(ccc3n2)c4ccncc4)cc1,2.88,2.9289323333333295,0.04893233333332958
3895,train,COc1cc2c(Nc3ccc(NC(=O)c4ccccc4)cc3)ncnc2cc1OCCCN5CCOCC5,3.5,3.198719999999993,-0.3012800000000069
3764,train,N#Cc1cccc(c1)c2onc(n2)c3ccccn3,2.2,2.33068,0.1306799999999999
3303,train,Cc1ccc(cc1NC(=O)c2ccc(OCc3ccccn3)cc2)c4c[nH]cn4,2.81,2.7298999999999976,-0.0801000000000025
3216,train,CCN(C1CCN(CCC(c2ccccc2)c3ccc(NC(=O)C(C)(C)C)cc3)CC1)C(=O)Cc4ccc(cc4)S(=O)(=O)C,2.98,2.676420000000003,-0.3035799999999971
1543,train,Nc1ncnc2[nH]ccc12,1.78,1.7184799999999985,-0.06152000000000157
2940,train,Oc1cccc(NC(=O)c2ccc(OCCCN3CCCC3)cc2OCc4cccnc4)c1,1.59,1.9331839999999991,0.34318399999999905
2074,train,Clc1ccc(CNc2nc(nc3ncccc23)N4CCN(CC4)C(=O)[C@@H]5CCCN5)c(Cl)c1,2.41,2.3544066666666668,-0.05559333333333338
1541,train,CS(=O)(=O)c1ccc2C(=CNC(=O)c2c1)C(=O)NC[C@@H](O)CN3CCC(CC3)Oc4ccc(C#N)c(Cl)c4,1.41,1.8691233333333324,0.45912333333333244
4023,train,CN(C)CCCOc1nn(Cc2ccccc2)c3ccccc13,2.4,2.559129999999999,0.15912999999999888
917,train,CN1CCOc2nc(ccc12)C#Cc3ccccc3,3.8,3.4126799999999946,-0.3873200000000052
4065,train,Cc1cccc(Nc2ncnc3ccccc23)c1,3.21,3.2724000000000038,0.062400000000003786
109,train,Nc1nc(Nc2cccc(Br)c2)c3nc[nH]c3n1,3.04,2.6363266666666627,-0.4036733333333373
4045,train,CC(C)(C)OC(=O)N1CCN(CC1)c2ncc(OCc3ccncc3S(=O)(=O)C)cn2,2.4,2.6951149999999955,0.2951149999999956
2472,train,CCCNC(=O)c1nnc2c(cccc2c1N)c3ncccn3,1.86,1.9228499999999986,0.06284999999999852
2458,train,Nc1cc(nc2c(cnn12)C#N)c3ccc(F)cc3,2.23,2.18748,-0.04252000000000011
725,train,CCC(C)(C)C(=O)O[C@H]1C[C@@H](C)C=C2C=C[C@H](C)[C@H](CC[C@@H]3C[C@@H](O)CC(=O)O3)[C@@H]12,3.7,3.0323333333333373,-0.6676666666666629
2381,train,CC(C)(CO)Nc1nc(SCc2cccc(F)c2F)nc3nc(N)sc13,3.37,3.2470199999999942,-0.12298000000000586
2356,train,CC1=CC(=O)Nc2ccccc12,1.9,2.056999999999999,0.15699999999999914
3295,train,C[C@H](CO)Nc1nc(SCc2cccc(Cl)c2F)nc3NC(=O)Sc13,3.53,3.275100000000003,-0.254899999999997
1810,train,Cc1sc(CN2CCNCC2)cc1C(=O)NCC34CC5CC(CC(C5)C3)C4,2.55,2.19391,-0.35609
726,train,C[C@H]1CN(Cc2cc(Cl)ccc2OCC(=O)O)CCN1C(=O)Cc3ccccc3Cl,1.1,1.0640200000000049,-0.03597999999999524
1169,train,CCn1cnc(c2ccccc2)c1c3nc4c(N)ncnc4s3,2.97,3.0026399999999978,0.03263999999999756
1939,train,CC(=O)Nc1ccc2ccn(c3cc(NCCCN4CCCC4)n5ncc(C#N)c5n3)c2c1,1.87,2.0516400000000004,0.18164000000000025
3746,train,COc1cc(F)ccc1c2cncc(c2)C3CCCN3,1.1,1.5547600000000021,0.45476000000000205
850,train,CCC(CC)NC(=O)c1cnn(c1NS(=O)(=O)c2ccc(C)cc2)c3ccccc3,0.79,0.7753999999999961,-0.014600000000003943
1034,train,O[C@H]([C@H](Cc1ccccc1)NC(=O)c2cc3cc(Cl)ccc3[nH]2)C(=O)N4C[C@@H](O)[C@@H](O)C4,2.8,2.909953333333331,0.10995333333333113
2448,train,Oc1ccc(CCNCCCS(=O)(=O)NCCOCCSc2ccccc2)c3sc(O)nc13,1.84,2.0095600000000005,0.16956000000000038
686,train,COc1c(N2CCO[C@@H](CN(C)C)C2)c(F)cc3C(=O)C(=CN(C4CC4)c13)C(=O)O,-0.62,-0.3086666666666704,0.3113333333333296
1622,train,COc1ccc(\C=C/2\CCc3ccccc3C2=O)cc1CN4CCOCC4,3.8,3.2916449999999955,-0.5083550000000043
3050,train,COc1cc2c(Nc3ncc(NC(=O)c4ccccc4)cn3)ncnc2cc1OCCCN5CCOCC5,2.32,2.575660000000001,0.2556600000000011
2903,train,COc1cc(ccc1Nc2ncc(Cl)c(n2)c3cnc4cc(ccn34)C#N)N5CCN(CC5)C(=O)C,2.3,2.7199599999999973,0.41995999999999745
2290,train,COc1cc(ccc1Nc2ncc(Cl)c(n2)c3cnc4ccccn34)N5CC6CNCC(C5)O6,2.3,2.285706666666666,-0.014293333333333713
3294,train,CCCN(CCCOCCOCCc1ccccc1)CCc2ccc(O)c3nc(O)sc23,2.74,2.611539999999998,-0.12846000000000224
3254,train,Cc1cnc(Oc2ccc(cc2)n3ccnc3)nc1Oc4ccc5OCOc5c4,3.56,3.333039999999995,-0.22696000000000494
385,train,CN1CCCC(CN2CCN(CC2)C(=O)Nc3ccc(Cl)c(Cl)c3)C1,1.98,2.2607386666666667,0.2807386666666667
2245,train,CCn1c2ccccc2c3cc(NC(=O)C(C)C)ccc13,4.2,3.8108466666666674,-0.3891533333333328
2594,train,Oc1ccc(CCNCCS(=O)(=O)CCCOCCNc2ccccc2)c3sc(O)nc13,1.98,2.053258333333333,0.07325833333333298
4132,train,COC(=O)Nc1nc2ccc(cc2[nH]1)C(=O)c3ccccc3,2.9,2.9015133333333307,0.001513333333330813
1588,train,O=C(Nc1oc(nn1)C(=O)Nc2ccc(cc2)N3CCOCC3)c4ccccc4,1.02,1.6719199999999974,0.6519199999999974
3071,train,Cc1cc(Oc2ccnc(Nc3ccc(cc3)S(=O)(=O)N)c2)c(nc1C)c4ccccn4,2.34,2.438759999999998,0.09875999999999818
402,train,Cc1c(Sc2ccc(Cl)cc2)c3c(Cl)nccc3n1CC(=O)O,0.92,1.170219999999996,0.250219999999996
3186,train,Clc1ccc(OC2CCNCC2)cc1C(=O)NCC34CC5CC(CC(C5)C3)C4,1.83,1.81418,-0.015820000000000167
1255,train,C[C@H](NC(=O)c1c(C)nn(c1NS(=O)(=O)c2ccc(cc2)C#N)c3ccc(F)cc3)C(C)(C)C,0.45,0.9360400000000053,0.4860400000000053
621,train,C[C@H]1CN(CCN1c2ncc(OCc3ccc(cc3)S(=O)(=O)C)cn2)C(=O)OC(C)(C)C,3.5,3.489038333333329,-0.0109616666666712
1428,train,Cc1c(Sc2ccc(Cl)cc2)c3cc(ccc3n1CC(=O)O)S(=O)(=O)C,0.54,0.44795999999999125,-0.09204000000000878
2102,train,O[C@@H](CNCCSCCCNCCc1cccc(Cl)c1)c2ccc(O)c3NC(=O)Sc23,0.98,0.978305523809522,-0.0016944761904780226
1906,train,CNCC[C@@H](Oc1cc(OC)ccc1C#N)c2ccccc2,0.87,0.9627553333333274,0.09275533333332742
4169,train,CCC(CC)NC(=O)c1cnn(Cc2ccccc2)c1NS(=O)(=O)c3ccc(C)cc3,1.52,1.2321649999999926,-0.2878350000000074
3794,train,COc1cnc(nc1N2CCOCC2)c3ccccn3,1.52,1.8523600000000002,0.3323600000000002
696,train,CN1C(=O)N(CC2CC2)c3nn(Cc4ccnc5ccc(Cl)cc45)c(c6cc(oc6C)C#N)c3C1=O,4.26,4.069086666666662,-0.19091333333333793
665,train,CCCc1cc(Nc2nc(NCc3onc(C)c3)ncc2Br)n[nH]1,3.63,3.414346666666656,-0.2156533333333437
1786,train,CC(=O)N1CCN(CC1)c2ccc(OCC3COC(Cn4ccnc4)(O3)c5ccc(Cl)cc5Cl)cc2,3.7,3.3015733333333412,-0.39842666666665894
1287,train,CC1=CN([C@H]2CCCN(C2)S(=O)(=O)c3ccc(O)c(Oc4cccc(Br)c4)c3)C(=O)NC1=O,2.3,2.2206200000000003,-0.07937999999999956
2624,train,CCN1CCN(Cc2cnc(c(Cl)c2)c3ccc(cc3)C(=O)Nc4ccccc4N)CC1,1.81,1.7515399999999992,-0.058460000000000845
4151,train,Cc1cc(n[nH]1)c2ccc(Cl)c(c2)C(=O)NCC3(O)CCCCCC3,3.41,2.843303999999999,-0.5666960000000012
1153,train,COc1cc(OC)c(cc1NC(=O)Cc2ccnc(F)c2)S(=O)(=O)N3c4ccccc4Oc5ccccc35,3.37,2.835506666666668,-0.5344933333333319
3276,train,CC[C@@H](N1CCC[C@@H](C1)N2C=C(C)C(=O)NC2=O)c3ccc(C(=O)O)c(Oc4cccc(Cl)c4)c3,0.22,0.35210333333334454,0.13210333333334454
3439,train,CN1CCCC(CC1)N2N=C(Cc3ccc(Cl)cc3)c4ccccc4C2=O,2.46,2.4300800000000002,-0.029919999999999725
2618,train,Cc1ccccc1S(=O)(=O)NC(=O)N2CCC(CC2)N3CCC(CC3)Oc4ccc(Cl)c(Cl)c4,1.71,1.7444000000000017,0.03440000000000176
3372,train,Oc1ncnc2onc(c3ccc(F)cc3)c12,1.97,2.1223199999999998,0.1523199999999998
3013,train,COc1cc2nnc(C(=O)N)c(Nc3cc(C)ccc3F)c2cc1N4CCN(C)CC4,2.57,2.604300000000002,0.03430000000000222
951,train,COc1ccc(cc1)c2ccnc(N)n2,2.08,2.08348,0.0034800000000001496
1190,train,CCC(CC)NC(=O)c1nnn(c1NS(=O)(=O)c2ccc(C)cc2)c3ccccc3,0.46,0.6311399999999918,0.1711399999999918
1893,train,COC(=O)c1ccc(CC(=O)N(C)C2CCN(CCC(c3ccccc3)c4ccccc4)CC2)cc1,4.0,3.6840599999999917,-0.3159400000000083
511,train,CN1CC=CCC(C1)c2oc3ccccc3c2,2.47,2.5638699999999996,0.09386999999999945
3346,train,CC1=CC2=NNC(=O)N2c3cc(ccc13)c4ccncc4,2.29,2.4148799999999992,0.12487999999999921
1100,train,CCN(CC)S(=O)(=O)c1ccc(cc1)c2cc(ccc2OCC(=O)O)C(F)(F)F,0.67,0.20961999999999525,-0.4603800000000048
3280,train,CC(C)N1CCN[C@@H](CN2CCN(CC2)C(=O)Nc3ccc(Cl)c(Cl)c3)C1,1.92,2.1175400000000004,0.1975400000000005
3473,train,CCC(N(CCCN)C(=O)c1ccc(C)nc1)C2=Nc3ccsc3C(=O)N2Cc4ccccc4,2.56,2.099266666666667,-0.4607333333333332
3620,train,OCC(CO)CN1C(=O)C(Cc2ccccc12)NC(=O)c3cc4cc(Cl)ccc4[nH]3,3.64,3.4758940000000047,-0.16410599999999542
2222,train,C[C@H](O)C(=O)N1CCN(CC1)c2ccc(Nc3nccc(n3)c4cnc(C)n4C(C)C)cc2,2.15,2.391786666666666,0.24178666666666615
4117,train,NS(=O)(=O)c1ccc2NC(C3CC=CC3c2c1)c4cccc5ccccc45,1.9,1.766963333333335,-0.13303666666666492
3205,train,C[C@](N)(Cc1ccccc1)c2ccccc2,1.7,1.5475573333333372,-0.15244266666666273
2820,train,Clc1cccc(c1)c2cnc3ccc(NC4CCOCC4)nn23,4.3,3.6891533333333273,-0.6108466666666725
2237,train,COc1cc(cc(OC)c1OC)C(=O)N2CC[C@@](CCN3CCC(CC3)(C(=O)N)c4ccccc4)(C2)c5ccc(Cl)c(Cl)c5,3.23,2.9131399999999945,-0.31686000000000547
3486,train,CCCSc1c(cnn1C)C(=O)NC2CCCCC2,2.99,2.5709925714285724,-0.4190074285714278
634,train,OCCNCc1cc(Br)ccc1OCc2ccc(Cl)cc2,2.98,2.7539866666666697,-0.2260133333333303
1733,train,CC(C)(C)OC(=O)N1CCN(CC1)c2ccc(OCc3ccc(cc3)S(=O)(=O)C)cn2,3.2,3.1647766666666666,-0.035223333333333606
3722,train,Cc1cc(C)nc(N)c1,0.85,1.1759199999999987,0.32591999999999877
1168,train,CNCCC(Oc1ccc(cc1)C(F)(F)F)c2ccccc2,1.92,1.9204920079365078,0.0004920079365078323
3661,train,COc1ccc(C)c(NC(=O)CC23CC4CC(CC(C4)C2)C3)c1,3.96,3.536365000000007,-0.4236349999999929
98,train,COc1ccc(Cc2c(N)n[nH]c2N)cc1,0.2,0.9208000000000025,0.7208000000000025
1657,train,COc1cccc(c1)C(COCc2cc(cc(c2)C(F)(F)F)C(F)(F)F)N3CCNCC3,3.1,3.119539999999994,0.019539999999993896
4163,train,Cc1nc(cs1)C(=O)N2CCCC3(CCN(Cc4ccc(Cl)cc4)CC3)C2,0.64,1.20548,0.5654800000000001
3283,train,CC(C)C[C@H](N[C@@H](c1ccc(cc1)c2ccc(cc2)S(=O)(=O)C)C(F)(F)F)C(=O)NCC#N,3.24,2.9260366666666675,-0.3139633333333327
2261,train,O=C1N(C(=Nc2c1cnn2c3ccccc3)c4occc4)c5ccccc5,3.29,2.780612857142854,-0.5093871428571459
3990,train,Clc1ccc(CNc2nc(nc3ncccc23)N4CCN(CC4)C(=O)[C@H]5CCCCN5)c(Cl)c1,2.27,2.3029466666666667,0.03294666666666668
2498,train,CCSc1ccc(cc1)c2cc(ccc2OCC(=O)O)C(F)(F)F,1.54,1.265320000000005,-0.27467999999999493
954,train,COc1cc2nnc(C(=O)N)c(Nc3cccc(Cl)c3F)c2cc1N4CCN(C)CC4,2.35,2.3737466666666673,0.02374666666666725
3647,train,Cc1cccc(Br)c1C(=O)N[C@@H](Cc2ccc(NC(=O)c3c(Cl)cccc3Cl)cc2)C(=O)O,-0.13,0.05831666666667701,0.188316666666677
255,train,CS(=O)(=O)c1ccc(cc1)c2cnc(N)c(c2)c3ccc(nc3)C(F)(F)F,2.4,2.3395200000000003,-0.060479999999999645
2036,train,OC(=O)[C@H](Cc1cccc(c1)C#N)N2CCC(CN3CCC(CC3)Oc4ccc(Cl)c(Cl)c4)CC2,2.26,2.309479999999999,0.04947999999999908
94,train,CCN1CCN(CC1)c2ccc(Nc3cc(ncn3)N(C)C(=O)Nc4c(Cl)c(OC)cc(OC)c4Cl)cc2,3.7,3.431094666666676,-0.2689053333333242
1920,train,COc1cc2ncc(C(=O)N)c(Nc3cc(C)ccc3F)c2cc1OC,3.16,3.1511999999999962,-0.008800000000003916
2129,train,O=C(C1CCN(CC1)c2nnc(s2)n3cccc3)N4CCN(Cc5ccc6OCOc6c5)CC4,2.5,2.489491999999998,-0.01050800000000196
1263,train,CN1C=C(C(=O)NC[C@@H](O)CN2CCC(CC2)Oc3ccc(Cl)c(Cl)c3)C(=CC1=O)C(F)(F)F,2.76,2.8656800000000016,0.10568000000000177
2907,train,NCC[C@@H](Oc1nc(ccc1C#N)C(F)(F)F)c2oncc2,-0.49,0.1959726666666637,0.6859726666666637
2021,train,CNc1nc(C)c(s1)c2nc(Nc3cccc(c3)N4CCCNCC4)ncc2C#N,1.64,1.76598,0.1259800000000002
3057,train,CN1CCN(CC1)c2ccc3nc([nH]c3c2)C4=C(N)c5c(F)cccc5NC4=O,3.45,2.94424,-0.50576
1164,train,Cn1cncc1c2c3C(=O)N(CC#CCO)C(=O)N(CC4CC4)c3nn2Cc5ccnc6ccc(Cl)cc56,2.55,2.8479399999999986,0.29793999999999876
3021,train,CCC(CC)NC(=O)c1cnn(c1NS(=O)(=O)c2ccc(cc2)c3ocnc3)c4ccccc4,0.8,0.8336599999999912,0.03365999999999114
1941,train,Cc1[nH]c(C(=O)NC2CCN(CC2)c3nc(cs3)C(=O)O)c(Cl)c1Cl,0.14,0.5339666666666698,0.3939666666666698
3023,train,COc1nccnc1NS(=O)(=O)c2ccc(N)cc2,-0.65,-0.4347599999999887,0.2152400000000113
3141,train,COC[C@@H](O)CN1C(=O)C=NN(C1=O)c2ccc(Cl)c(c2)C(=O)NCC3(O)CCCCCC3,1.44,1.5042953333333324,0.06429533333333248
700,train,CN(c1ccc(c(C)c1)c2cc(ccc2OCC(=O)O)C(F)(F)F)S(=O)(=O)C,-0.59,-0.6327400000000032,-0.04274000000000322
1750,train,Cc1cc(c(S)cc1Cl)S(=O)(=O)Nc2nc(Nc3ccc(Cl)cc3)n[nH]2,2.09,2.2154,0.12539999999999996
403,train,Brc1ccc2OCC(=O)N(CCN3CCC(CC3)NCc4ccc5OCC(=O)Nc5n4)c2c1,1.42,1.1045200000000046,-0.3154799999999953
1025,train,CC1=CN([C@H]2CCCN(C2)S(=O)(=O)c3ccc(O)c(Oc4ccc(Cl)cc4)c3)C(=O)NC1=O,2.12,2.16196,0.04196
1321,train,CCS(=O)(=O)c1ccc(c2cc(Cl)ccc2OCC(=O)O)c(c1)C(F)(F)F,0.62,0.19206000000001033,-0.42793999999998966
542,train,COc1cc(ccc1Nc2ncc(Cl)c(n2)c3cnc4cc(ccn34)N5CCCC5)N6CCN(CC6)C(=O)C,3.5,3.440153333333324,-0.05984666666667593
2527,train,CCN(C1CCN(CCC(c2ccccc2)c3ccccc3)CC1)C(=O)NCc4ccc(cc4)S(=O)(=O)C,2.86,2.9390399999999985,0.07903999999999867
4059,train,CN(C)C(=O)C(CCN1CCC(O)(CC1)c2ccc(Cl)cc2)(c3ccccc3)c4ccccc4,3.47,3.1391683333333344,-0.33083166666666575
3305,train,COc1cc(\C=C/2\SC(=O)NC2=O)cc(OC)c1O,0.74,1.1240199999999962,0.38401999999999625
2244,train,OC1=C(C(=O)Nc2cc(Cl)ccc12)c3cccc(Oc4ccccc4)c3,2.96,2.64668,-0.31332000000000004
868,train,CCCNCC(O)COc1ccccc1C(=O)CCc2ccccc2,1.72,1.6603175714285712,-0.0596824285714288
4136,train,CC(=O)C1=Cc2ccc(O)cc2OC1=O,0.87,1.480093333333334,0.6100933333333339
627,train,Nc1c(nnc2c(c(F)ccc12)c3ncccn3)C(=O)NC4CC4,1.59,1.678679999999997,0.08867999999999698
3178,train,COc1ccc(cc1)C2=COc3cc(O)ccc3C2=O,3.05,2.9468849999999973,-0.10311500000000251
429,train,CS(=O)(=O)c1cccc(Nc2nccc(Nc3c(Cl)ccc4OCOc34)n2)c1,3.13,3.123560000000004,-0.0064399999999960045
3304,train,ONC(=O)[C@@H](Cc1ccc2ccccc2c1)NS(=O)(=O)c3ccc4ccccc4c3,3.23,2.9699799999999943,-0.2600200000000057
4020,train,CC(C)c1ccc(Sc2cnc(O)c(c2)C(=O)NCc3ccccc3)cc1,3.7,3.3009616190476248,-0.3990383809523754
836,train,Cc1c(Cl)ccc(OC2CCN(C[C@H](O)CNC(=O)c3c[nH]nc3C(F)(F)F)CC2)c1Cl,3.66,3.386040000000004,-0.2739599999999962
3324,train,Cc1cnc([nH]1)c2cc(NC(=O)c3ccc(nc3C)C(F)(F)F)ccc2Cl,3.3,3.139826666666664,-0.16017333333333594
2017,train,COC(=O)CCn1cc(c2cc(NC3CC3)n4ncc(C#N)c4n2)c5cc(NC(=O)C)ccc15,2.72,2.660759999999996,-0.0592400000000044
3421,train,CNC(=O)c1ccc(Nc2ncc(F)c(n2)c3cnc(C)n3C(C)C)cc1,3.0,2.8987933333333338,-0.10120666666666622
145,train,Oc1nc(nc2CCSCc12)c3ccc(cc3)C(F)(F)F,3.07,2.9760800000000005,-0.09391999999999934
1693,train,COc1ccccc1CCNCc2cccc(CCNC[C@H](O)c3ccc(O)c4NC(=O)Sc34)c2,0.82,0.8952833333333396,0.0752833333333397
1462,train,CC(C)n1c(C)ncc1c2nc(Nc3ccc(cc3)N4CCOCC4)ncc2F,3.01,3.0065400000000055,-0.0034599999999942455
1845,train,CCN(CC)C(=O)c1ccc(cc1)[C@@H](N2CCN(Cc3ccc(F)cc3)CC2)c4cccc(NC(=O)C5CC5)c4,3.99,3.7292199999999975,-0.2607800000000027
2679,train,COc1ccc(cc1)N2Sc3ccccc3C2=O,3.02,2.753220000000002,-0.266779999999998
2499,train,COc1ccc(CN2C(=O)CCC2(C)C(=O)NC3CCCCC3)c(OC)c1,2.38,2.396526666666666,0.016526666666666134
1550,train,NC(=O)C[S+]([O-])C(c1ccccc1)c2ccccc2,1.12,1.1374799999999923,0.01747999999999217
963,train,O[C@@H](CNCCCOCCNCCc1cccc(Cl)c1)c2ccc(O)c3NC(=O)Sc23,-0.03,0.3994463333333411,0.42944633333334115
2350,train,CS(=O)(=O)Nc1cc(Nc2nccc(Nc3c(Cl)ccc4OCOc34)n2)cc(c1)C(=O)N,2.28,2.3768013333333324,0.09680133333333263
2630,train,CNc1nc(C)c(s1)c2nc(Nc3cccc(c3)N4CCNCC4)ncc2C#N,1.9,1.9145400000000004,0.014540000000000441
2668,train,NC(=O)Nc1sc(cc1C(=O)N[C@H]2CCCNC2)c3ccsc3,1.06,1.3026899999999992,0.24268999999999918
2088,train,Oc1ccc(Cl)cc1C(=O)Nc2ccc(F)cc2F,3.6,3.1955,-0.4045000000000001
185,train,CC[C@H](NC(=O)c1c(c(nc2ccccc12)c3ccccc3)S(=O)(=O)C)c4ccccc4,3.17,3.2210999999999985,0.05109999999999859
358,train,CC(CN(C)C)CN1c2ccccc2CCc3ccccc13,2.95,2.7781400000000023,-0.1718599999999979
1003,train,C(Sc1nc2cccnc2[nH]1)c3ccccc3,3.22,3.031239999999997,-0.18876000000000337
3767,train,OC1=NC(=O)C(N1)(c2ccccc2)c3ccccc3,2.41,2.3185799999999994,-0.09142000000000072
106,train,COc1cc2ncc(C(=O)N)c(Nc3ccc(F)cc3F)c2cc1N4CCN(C)CC4,2.18,2.2802399999999996,0.10023999999999944
2976,train,NC1=NC(=CC(=O)N1)CCc2cccc(Br)c2,2.52,2.31298,-0.20701999999999998
3436,train,OC(=O)COc1cccc(c1)C(=O)N2CCC(CC2)N3CCC(CC3)Oc4ccc(Cl)c(Cl)c4,1.09,1.293733333333341,0.20373333333334087
695,train,C[C@@H](O)[C@@H]1[C@H]2[C@@H](C)C(=C(N2C1=O)C(=O)OCOC(=O)C(C)(C)C)SC3CN(C3)C4=NCCS4,2.1,1.9710499999999986,-0.12895000000000145
81,train,COC(=O)c1ccc(C)c(NS(=O)(=O)c2ccc3N(C)SC(=O)c3c2)c1,2.6,2.2567600000000003,-0.34323999999999977
4198,train,Clc1ccc2ncccc2c1C(=O)NCC3CCCCC3,2.65,2.7110666666666647,0.061066666666664826
3252,train,CCC(N(CCCN)C(=O)c1ccc(C)cc1)C2=Nc3ncccc3C(=O)N2Cc4ccccc4,-0.04,0.3353000000000117,0.3753000000000117
115,train,COc1ccc(OC)c(CNC(=O)c2cccnc2Oc3ccccc3)c1,3.52,3.4052800000000083,-0.11471999999999172
4062,train,CCS(=O)(=O)c1ccc(cc1)c2cc(Cl)ccc2OCC(=O)O,-0.78,-0.4977399999999865,0.2822600000000135
2663,train,CCOC(=O)C1=Cc2ccc(O)cc2OC1=O,1.2,1.368559999999995,0.16855999999999494
1719,train,CC[C@@]1(O)C(=O)OCC2=C1C=C3N(Cc4cc5c(CN(C)C)c(O)ccc5nc34)C2=O,0.31,0.897460000000007,0.587460000000007
2883,train,O=C(CSC1=NC2=C(SCC2)C(=O)N1c3ccccc3)Nc4ncc(s4)c5ccccc5,3.95,3.4955799999999915,-0.4544200000000087
2977,train,COc1ccc(C[C@@H](C)NC[C@H](O)c2ccc(O)c(NC=O)c2)cc1,0.42,0.834702857142853,0.414702857142853
2671,train,CCN1N(C2CCCC2)c3nc(Nc4ccc(cc4OC)C(=O)NC5CCN(C)CC5)ncc3N(C)C1=O,2.75,2.7695599999999967,0.01955999999999669
27,train,C(CCCCNc1cc(nc2ccccc12)c3ccccc3)CCCNc4cc(nc5ccccc45)c6ccccc6,2.27,2.6601399999999984,0.3901399999999984
163,train,CC(C)(C#N)c1cnc(s1)N2CCN(CC2)C(=O)[C@@H]3CCCC[C@H]3C(=O)NC4(CC4)C#N,1.9,1.9764799999999998,0.07647999999999988
3260,train,COCCC(Oc1ncnc2c1cnn2c3ccccc3C(F)(F)F)C(=O)Nc4ccc(C)cn4,3.5,3.146741428571423,-0.3532585714285772
2395,train,OC(=O)CCc1ccc(OCc2cccc(Br)c2)cc1,1.67,1.8771799999999983,0.20717999999999837
1452,train,C(Cc1nc2ccccc2[nH]1)c3nc4ccccc4[nH]3,3.3,3.0800999999999963,-0.21990000000000354
1874,train,CCOc1ccccc1c2ccc(cc2)c3nc4ccc(F)cc4c(C(=O)O)c3C,1.18,1.7386699999999986,0.5586699999999987
3704,train,CN1C[C@@H](c2ccccc2)c3cccc(N)c3C1,2.11,2.07151,-0.03848999999999991
1956,train,CC(C)(C)OC(=O)NCCCSC[C@H]1O[C@H]([C@H](O)[C@@H]1O)n2cnc3c(N)ncnc23,1.2,1.1669899999999918,-0.0330100000000082
422,train,CC(C)NCC(O)COc1ccccc1OCC=C,0.2,0.43103199999999453,0.23103199999999452
2628,train,COc1cc(ccc1Nc2ncc(Cl)c(n2)c3cnc4cc(CO)ccn34)N5CCN(CC5)C(=O)C,3.1,3.204269999999994,0.10426999999999387
1694,train,Cn1c(C(=O)O)c(CCCOc2cccc3ccccc23)c4ccccc14,2.99,2.9189399999999974,-0.07106000000000279
3575,train,C[C@H](CO)Nc1nc(SCc2cccc(F)c2F)nc3nc(N)sc13,3.29,3.2302799999999943,-0.05972000000000577
100,train,CC1=CN([C@H]2CCCN(C2)S(=O)(=O)c3ccc(O)c(Oc4ccccc4)c3)C(=O)NC1=O,1.49,1.7847599999999992,0.29475999999999924
1958,train,Nc1scc2C(=NN(C(=O)c12)c3ccc(F)cc3)C(=O)NC4CC4,2.8,2.32293,-0.4770699999999999
631,train,COc1c2OC(=O)C=Cc2cc3ccoc13,1.97,2.1963833333333334,0.22638333333333338
644,train,C[C@H]1COc2c(N3CCN(C)CC3)c(F)cc4C(=O)C(=CN1c24)C(=O)O,-0.35,-0.2957145238095267,0.0542854761904733
1977,train,NCCCCN(Cc1nc2ccccc2[nH]1)C3CCCc4cccnc34,0.83,0.7939200000000017,-0.036079999999998225
162,train,O=C(Oc1ccccc1)N2CCOCC2,1.3,1.6229133333333308,0.3229133333333307
2391,train,COCCOCCOc1ccc(cc1)c2cc(C(=O)N)c(NC(=O)N)s2,2.21,2.070179999999999,-0.13982000000000117
2004,train,Cc1cc(C)cc(c1)c2[nH]c3ccc(cc3c2CCNCCCCc4ccncc4)C(C)(C)C(=O)N5C6CCC5CC6,4.3,3.9331266666666593,-0.3668733333333405
1631,train,Cc1cc(N)nc(CCNC(=O)c2ccc(cc2)C#N)c1,1.62,1.833399999999998,0.2133999999999978
2369,train,CNS(=O)(=O)Cc1ccc2[nH]cc(CCN(C)C)c2c1,-0.96,0.3307066666666576,1.2907066666666576
1083,train,CNC(=O)c1cc(sc1NC(=O)N)c2ccccc2,3.19,2.7719999999999967,-0.41800000000000326
1358,train,COc1ccc(Nc2nccc(n2)c3cnc(C)n3C(C)C)cc1,3.43,3.3524999999999943,-0.0775000000000059
3017,train,Oc1cccc(NC(=O)c2ccc(OCCCN3CCCC3)cc2OCc4cscn4)c1,1.56,1.7449333333333303,0.18493333333333029
625,train,CC(O)(C(=O)Nc1ccc2c(c1)c3ccccc3S2(=O)=O)C(F)(F)F,3.0,2.836639999999997,-0.16336000000000306
931,train,Oc1ccc(Nc2nc(cs2)c3ccc(cc3)C#N)cc1,4.1,3.6024200000000057,-0.4975799999999939
2277,train,NC(=O)c1cccc(N[C@H]2C[C@H]3CC[C@@H](C2)N3Cc4ccccc4)c1,1.01,1.1802835476190547,0.17028354761905473
1560,train,CC(C)CN1C(=O)N(C)C(=O)c2c1sc(Cc3ccnc4ccccc34)c2C(=O)N5C[C@@H](O)[C@@H](O)C5,1.18,1.5651599999999959,0.38515999999999595
2390,train,COc1ccc2N=CC(=O)N(CCN3CC[C@@H](NCc4cc5OCCOc5cn4)[C@H](O)C3)c2c1,0.9,0.8376961746031752,-0.062303825396824775
3788,train,CCN1C2=NC(=O)N(C)C(=O)C2=Cc3ccccc13,1.1,1.5280000000000022,0.42800000000000216
2637,train,c1ccc(cc1)c2c[nH]c(n2)c3ccccc3,3.8,3.530813333333332,-0.269186666666668
914,train,Cc1ccc(OC(=O)N2CCN3CCC2CC3)cc1,1.02,1.3609600000000013,0.34096000000000126
2125,train,COc1cccc(c1)S(=O)(=O)c2c(C)n(CC(=O)O)c3ccc(C)cc23,-0.42,-0.27419999999998845,0.14580000000001153
984,train,CN[C@@H](C)C(=O)N[C@@H](C1CCCCC1)C(=O)N[C@H]2CCN(Cc3ccccc3)C2,1.49,1.67014,0.18013999999999997
2168,train,Fc1ccc(cc1Cl)C(=O)Nc2ccc(Cl)nc2,3.64,3.4951800000000026,-0.1448199999999975
2460,train,C[C@@H](N(c1cc(F)ccc1F)S(=O)(=O)c2ccc(Cl)cc2)c3ccc(F)cc3CCCC(=O)O,3.1,2.044799999999999,-1.055200000000001
3981,train,CC(=O)N1CCOc2cc(COc3ccccc3)cnc12,2.8,2.706633333333333,-0.09336666666666682
1247,train,C[C@@H]1CN(CCN1c2ncc(OCc3ccncc3C#N)cn2)C(=O)OCC(F)(F)F,3.0,2.759769999999996,-0.24023000000000394
3828,train,Cc1cc(CN2Cc3ccccc3C2C(=O)Nc4cc(Cl)ccc4Cl)ccc1OCC(=O)O,2.19,2.1795,-0.010499999999999954
786,train,C[C@H](Nc1ncc(C)c(Nc2cc(C)[nH]n2)n1)c3ncc(F)cn3,1.75,1.801339999999998,0.05133999999999794
1327,train,OC(=O)CCCc1ccc(cc1)N(CCCl)CCCl,1.47,1.4552599999999987,-0.014740000000001308
648,train,CNC(=O)c1ccc(Oc2ccc(cc2)C#C[C@]3(O)CN4CCC3CC4)cc1,1.99,1.9966179999999998,0.006617999999999791
455,train,COc1ccc(cc1)S(=O)(=O)NCC(N2CCCCCC2)c3ccccc3,3.13,2.9780900000000017,-0.1519099999999982
1451,train,CC[C@H]1CN(Cc2cc(Cl)ccc2OCC(=O)O)CCN1S(=O)(=O)c3ccccc3,0.44,0.5402600000000013,0.10026000000000129
3458,train,Nc1nc2ccc(Cl)cc2c3nc(nn13)c4occc4,3.98,3.293320000000002,-0.6866799999999982
3399,train,COc1ccccc1CNCc2ccc(CCNC[C@H](O)c3ccc(O)c4NC(=O)Sc34)cc2,0.15,0.4835199999999955,0.3335199999999955
311,train,Nc1nnc(c(N)n1)c2cccc(Cl)c2Cl,1.38,1.4940800000000014,0.11408000000000151
2743,train,O=C(Nc1nccs1)c2cccnc2,2.25,2.2489599999999994,-0.001040000000000596
2271,train,O[C@H](CNC(=O)C1=CC(=O)Nc2ccccc12)CN3CCC(CC3)Oc4ccc(Cl)c(Cl)c4,3.48,3.335759999999996,-0.14424000000000392
3700,train,CN[C@@H](C)C(=O)N[C@H]1CN(CC[C@H]2CC[C@H](N2C1=O)C(=O)NC(c3ccccc3)c4ccccc4)C(=O)CC(C)C,1.82,1.8557800000000004,0.03578000000000037
2549,train,COc1ccc(N(C(C(=O)NC2CCCC2)c3ccccc3F)C(=O)c4ccccc4)c(OC)c1,3.86,3.433903333333333,-0.426096666666667
3388,train,Clc1ccc(cc1)C(N2CCNCC2)c3ccccc3,1.94,1.8070249999999979,-0.13297500000000206
3927,train,CC(C)CN1C(=O)N(C)C(=O)c2c1nn(Cc3cccc4ccccc34)c2c5cncn5C,4.1,3.9214000000000055,-0.1785999999999941
1554,train,O=S(=O)(C1CCNCC1)C2(CC2)c3cc(nc(n3)c4cccc5[nH]ccc45)N6CCOCC6,1.1,1.2440580000000028,0.14405800000000268
971,train,Nc1cc(nc2ccc(Nc3cc(nc(N)n3)c4ccc(cc4)C(F)(F)F)cc12)c5ccc(F)cc5,1.54,1.8173400000000002,0.27734000000000014
751,train,COc1cc(ccc1Cn2ncc3ccc(NC(=O)OC4CCCC4)cc23)C(=O)NS(=O)(=O)c5ccccc5,1.8,1.8527999999999976,0.052799999999997516
3973,train,CC(=O)c1ccc(cc1)S(=O)(=O)NC(=O)NC2CCCCC2,-0.49,0.20034466666666417,0.6903446666666642
3500,train,OC(=O)C[C@@H]1CC[C@H](CC1)c2ccc(cc2)c3ccc(Nc4ccc(nc4)C(F)(F)F)cn3,3.8,2.8717733333333286,-0.9282266666666712
3619,train,OC(=O)c1ccc(NC(=O)c2cc(OCc3ccccc3)cc(OCc4ccccc4)c2)nc1,2.7,2.5533600000000005,-0.14663999999999966
1269,train,COc1ncc2C=CC(=O)N(CCN3CCC(CC3)NCc4cc5OCCOc5cn4)c2n1,0.2,0.5787199999999961,0.3787199999999961
3248,train,O=C(NCc1occc1)c2ccc3[nH]c(COc4ccc(cc4)C56CC7CC(CC(C7)C5)C6)nc3c2,4.0,3.456033333333326,-0.543966666666674
1346,train,COc1ccnc(NC2CCN(CC2)C(=O)c3ccccc3)c1,2.06,2.14752,0.08752000000000004
412,train,CC(C)C(NC(=O)CN1C(=O)C(=CC=C1c2ccccc2)NC(=O)CN3CCOCC3)C(=O)C(F)(F)F,2.0,1.8192,-0.18080000000000007
3144,train,COc1cc(O)c(C(CC(=O)N2CC(C)CC(C)C2)c3ccc4OCOc4c3)c(OC)c1,4.3,3.477126666666667,-0.8228733333333329
1398,train,COc1cc2ncnc(Nc3cccc(Cl)c3F)c2cc1CN(C)[C@@H](C)C(=O)N,3.42,3.3539660476190374,-0.06603395238096255
1117,train,CC(C)NCC(O)COc1nccs1,-0.97,-0.1789700000000054,0.7910299999999946
1577,train,COC(CN1C(=O)NC2=C(C=C(N(CC(=O)NC(C(C)C)C(=O)C(F)(F)F)C2=O)c3ccccc3)C1=O)OC,1.56,1.8444933333333307,0.2844933333333306
1950,train,CC1(C)COCc2sc(nc12)N3CCN(CC3)C(=O)[C@@H]4CCCC[C@H]4C(=O)NC5(CC5)C#N,2.4,2.1898999999999997,-0.21010000000000018
3411,train,NS(=O)(=O)c1cc(cc(N2CCCC2)c1Oc3ccccc3)C(=O)O,-0.94,-0.24801333333331055,0.6919866666666894
397,train,NCC[C@@H](Oc1cc(Cl)ccc1C#N)c2ccccc2,0.76,0.8629800000000096,0.10298000000000962
3438,train,CNCCC=C1c2ccccc2CCc3ccccc13,1.58,1.5793093809523828,-0.0006906190476172469
3954,train,COc1ccccc1Oc2c(NS(=O)(=O)c3ccc(cc3)C(C)(C)C)nc(nc2OCCO)c4ncccn4,1.03,1.3368500000000036,0.3068500000000036
3622,train,CCN(C1CCN(CC[C@H](N2CCN(CC2)S(=O)(=O)C)c3cc(F)cc(F)c3)CC1)C(=O)Cc4ccc(cc4)S(=O)(=O)C,1.25,1.6620683333333366,0.4120683333333366
2815,train,Clc1ccc(NCCNCC(=O)N2CCC[C@H]2C#N)nc1,0.99,1.5783986666666625,0.5883986666666625
3955,train,NC1(CCC1)c2ccc(cc2)C3=Nc4ccccc4C(=O)N3c5ccccc5,1.5,1.6481599999999965,0.14815999999999652
3908,train,Oc1cccc2nc(cc(O)c12)c3ccccc3,3.37,3.0924253333333285,-0.27757466666667163
3544,train,CN1CCC(CC1)NC(=O)c2ccc(Oc3ccc(cc3)C#C[C@]4(O)CN5CCC4CC5)cc2,1.0,1.368511999999998,0.36851199999999795
531,train,COc1ccc(N(C(C(=O)NC2CCCC2)c3ccccc3F)C(=O)c4occc4)c(OC)c1,3.09,2.966199999999999,-0.12380000000000102
222,train,OCC[C@@]1(CCCNC1)c2ccc(Cl)c(Cl)c2,0.61,0.7569668571428554,0.1469668571428554
900,train,CC(C)n1c(C)ncc1c2ccnc(Nc3ccc(cc3)S(=O)(=O)CC4CCCO4)n2,2.82,2.7290766666666695,-0.09092333333333036
2516,train,O=C(N1CCOCC1)N2CCn3cc(C4=C(C(=O)NC4=O)c5cnc6ccccn56)c7cccc(C2)c37,1.79,1.936503000000001,0.14650300000000094
2915,train,OC(=O)Cc1ccccc1Nc2c(Cl)cccc2Cl,1.08,1.2232400000000032,0.14324000000000314
4094,train,CCOc1ccc(NC(=O)CCc2c(C)nc3nc(C)nn3c2C)cc1,2.1,2.2820133333333326,0.18201333333333247
1278,train,O=C(NCCCCc1ccccc1)c2ccccc2,3.8,3.299636666666662,-0.5003633333333379
3993,train,CN1CCN(CCOc2n[nH]c3ncnc(Nc4ccc(OCc5ccccn5)c(Cl)c4)c23)CC1,2.45,2.4767099999999984,0.026709999999998235
2782,train,Cc1cccc(C[C@H](N2CCC(CN3CCC(CC3)Oc4ccc(Cl)c(Cl)c4)CC2)C(=O)O)c1,2.84,2.7315399999999963,-0.10846000000000355
3851,train,CN1CCN(CC1)c2ccc3N=CN(C(=O)c3c2)c4cc(NC(=O)c5cccc(c5)N6CCOCC6)ccc4C,2.69,2.6585800000000024,-0.03141999999999756
3631,train,CC(=O)Nc1ccc2c(c1)c(cn2CCC(=O)O)c3cc(NC4CC4)n5ncc(C#N)c5n3,-0.87,-0.38053500000000584,0.48946499999999415
1485,train,CC1(COc2cc(ccc2NC(=O)CN3CCOCC3)c4cccc5C(=O)C=C(Oc45)N6CCOCC6)COC1,2.2,2.53033333333333,0.3303333333333298
1477,train,CN1CCN(CC1)c2ccc3N=CN(C(=O)c3c2)c4cc(NC(=O)c5ccccc5F)ccc4C,2.75,2.656226666666664,-0.09377333333333615
1699,train,CCN(C1CCN(CCC(c2ccccc2)c3ccccc3)CC1)C(=O)Cc4ccc(cc4)C#N,3.9,3.742189999999999,-0.1578100000000009
4176,train,CC(C)C(NC(=O)CN1C(=O)C(=CN=C1c2cccs2)N)C(=O)C(F)(F)F,0.68,1.0822059999999933,0.4022059999999933
1124,train,CC(C)C[C@@H](N1CCC[C@@H](C1)N2C=C(C)C(=O)NC2=O)c3ccc(C(=O)O)c(Oc4cccc(Cl)c4)c3,0.91,0.9327880476190449,0.02278804761904485
3147,train,Oc1ccc(cc1)N2C(=O)c3ccc(O)cc3C2=O,1.8,1.9160799999999985,0.1160799999999984
1310,train,CC(C)CN1C(=O)N(C)C(=O)c2c(SCCCO)c(Cc3ccccc3C(F)(F)F)sc12,4.05,4.036820000000014,-0.01317999999998598
3856,train,CC(C)Nc1ccc2cnn(c3cncc(n3)n4ccc(CC(=O)O)c4)c2c1,1.24,1.232193333333329,-0.007806666666670958
2701,train,CCC(N(CCCN)C(=O)c1ccc(cc1)C(C)C)C2=Nc3ccsc3C(=O)N2Cc4ccccc4,2.72,2.3661600000000003,-0.35383999999999993
1111,train,FC(F)(F)c1cc(COCC(N2CCNCC2)c3cccc(Cl)c3)cc(c1)C(F)(F)F,4.2,3.7133599999999998,-0.4866400000000004
289,train,CC[C@H](NC(=O)c1c([S+]([O-])C(C)C)c(nc2ccccc12)c3ccccc3)c4ccccc4,3.81,3.57648,-0.23351999999999995
350,train,CCC(CC)NC(=O)c1cnn(c1NS(=O)(=O)c2ccc(C)cc2)c3ccccc3Cl,0.65,0.9459800000000023,0.29598000000000224
2880,train,N(c1cccnc1)c2ncnc3ccccc23,1.57,2.045259999999999,0.4752599999999989
3591,train,CC(C)N1C(=O)N(C)C(=O)c2cn(Cc3cccc4ccccc34)cc12,3.97,3.7511400000000075,-0.21885999999999273
1948,train,CCCC[C@H](NC(=O)[C@H](CC(C)C)NC(=O)[C@H](CC(C)C)NC(=O)C)C=O,2.6,2.5353599999999985,-0.06464000000000159
3440,train,O=C(Nc1ccccc1)N2CCOCC2,1.0,1.5217400000000003,0.5217400000000003
3766,train,Cn1cc(cn1)c2cccc(C[C@H](NC(=O)c3cc(nn3C)C(C)(C)C)C(=O)NCC#N)c2,2.6,2.458288333333331,-0.1417116666666689
452,train,Fc1ccc(cc1C#N)S(=O)(=O)NCC(N2CCCCCC2)c3ccccc3,2.71,2.929239999999997,0.219239999999997
1510,train,NC(=O)c1ccn2c(c3ccccc3)c(nc2c1)c4ccc(cc4)C5(N)CCC5,2.0,2.050206666666667,0.050206666666666955
2092,train,CCN(CC)C(=O)c1ccc(cc1)C(=C2CCN(Cc3ccc(F)cc3)CC2)c4ccc(NC(=O)OC)cc4,4.01,3.6460204761904658,-0.363979523809534
1032,train,CC1SC2=C(C(=O)O)C(=O)c3cc(F)c(cc3N12)N4CCNCC4,-1.1,-0.8051200000000112,0.29487999999998893
987,train,COc1cc(ccc1Nc2ncc3N(C)C(=O)CCN(C4CCCCC4)c3n2)C(=O)NC5CCN(C)CC5,2.87,2.8317799999999984,-0.0382200000000017
2888,train,C[S+]([O-])c1ccc(\C=C/2\C(=C(CC(=O)O)c3cc(F)ccc23)C)cc1,-0.01,0.28160333333334453,0.29160333333334454
502,train,Cc1ccc(cc1NC(=O)c2ccc(OCc3ccccn3)cc2)c4cn(C)c(C)n4,2.71,2.6682066666666646,-0.04179333333333535
2610,train,CN(C1CCN(Cc2ccc(cc2)c3noc(C)n3)CC1)C(=O)Cc4ccc(cc4)n5cnnn5,2.1,2.301233333333333,0.2012333333333327
1050,train,CN1SC(=O)c2cc(ccc12)S(=O)(=O)NC3CC3,1.3,1.6975199999999981,0.3975199999999981
187,train,CC(CN1CCCCC1)C(=O)c2ccc(C)cc2,1.65,2.0424999999999995,0.3924999999999996
673,train,CN[C@@H](C)C(=O)N[C@H](C(=O)N[C@H]1CCCN(CCc2ccccc2)C1)C(C)(C)C,1.46,1.6199799999999995,0.15997999999999957
1312,train,C[C@H](NC(=O)c1c(C)nn(C2CCC2)c1NS(=O)(=O)c3ccc(C)cc3)C(C)(C)C,1.57,1.353540000000001,-0.216459999999999
2764,train,Fc1cccc2c3CN(CCc3[nH]c12)C(=O)[C@@H]4CCCC[C@H]4C(=O)NC5(CC5)C#N,3.03,3.0829999999999966,0.05299999999999683
3760,train,CN(C1CCN(Cc2ccc(cc2)C(F)(F)F)CC1)C(=O)Cc3ccc(cc3)S(=O)(=O)C,2.5,2.6242800000000015,0.1242800000000015
1514,train,CCCCCC\N=C\1/C=CN(Cc2ccccc2)c3cc(Cl)ccc13,0.98,1.4929399999999977,0.5129399999999977
2087,train,CC(N)(COP(=O)(O)O)C(=O)O,2.5,1.9441959999999985,-0.5558040000000015
2960,train,CC(C)[C@@H](CN1CCCCC1)N(C)C(=O)Cc2ccc(Cl)c(Cl)c2,2.87,2.8485999999999985,-0.02140000000000164
1636,train,C[C@@H](NC(=O)C1(N)CCN(CC1)c2ncnc3[nH]ccc23)c4ccc(Cl)cc4,3.3,2.838431928571429,-0.4615680714285708
3803,train,Fc1ccc(CC2=NNC(=O)c3ccccc23)cc1C(=O)N4CCN(CC4)C(=O)C5CCCO5,0.9,1.0508800000000054,0.15088000000000534
3142,train,Nc1nc2nc(SCc3ccccc3)nc(N)c2s1,3.1,2.9852386666666613,-0.11476133333333882
3428,train,CC(=O)Nc1ccc(cc1)S(=O)(=O)Nc2ccc(Cc3ccncc3)cc2,2.8,2.2907900000000003,-0.5092099999999995
1908,train,OC(=O)c1ccc(OCC(=O)COc2ccc(SCCCCCc3ccccc3)cc2)cc1,3.63,3.2331979999999936,-0.3968020000000063
603,train,COc1cccc(Nc2oc(nn2)C(=O)Nc3ccc(nc3)N4CCOCC4)c1,2.8,2.9572599999999953,0.15725999999999551
2409,train,COc1cc(OC)c(cc1NC(=O)Cc2ccnc(F)c2)S(=O)(=O)N3C(C)CCc4ccccc34,2.49,1.9225400000000008,-0.5674599999999994
2633,train,NC1=NC(Nc2cccc(F)c12)c3cccs3,0.91,1.1873100000000014,0.2773100000000014
13,train,CCCSc1ncccc1C(=O)N2CCCC2c3ccncc3,1.95,2.17652,0.22652000000000005
545,train,O=C(Nc1cccc2cccnc12)c3ccc(cc3)N4C(=O)[C@@H]5[C@H]6C[C@H](C=C6)[C@@H]5C4=O,3.28,3.1739466666666667,-0.10605333333333311
308,train,CCOC(=O)Nc1cccc(c1)[C@H](N2CCN(Cc3nc[nH]c3C)CC2)c4ccc(cc4)C(=O)N(C)CC,2.32,1.9595585714285715,-0.36044142857142836
1259,train,C[C@@H]1CN(CCN1c2ncc(OCc3ccc(cc3)C#N)cn2)C(=O)OC(C)(C)C,2.89,3.0017122857142895,0.11171228571428937
2785,train,COc1cc(OC)c(cc1NC(=O)CCC(=O)O)S(=O)(=O)N(c2ccccc2)c3ccccc3,-0.8,-0.7725399999999945,0.02746000000000559
3528,train,NC(=N)Nc1ccc(cc1)C(=O)Oc2ccc(Cl)cc2,0.7,1.0320733333333385,0.33207333333333855
2736,train,Oc1cccc(NC(=O)c2ccc(OCCCN3CCCC3)cc2OCc4ccc(F)cc4)c1,3.2,3.0686,-0.13140000000000018
882,train,CC(C)NC[C@H](O)COc1cccc2ccccc12,0.99,0.9783999999999948,-0.011600000000005162
1322,train,COc1ccccc1C[C@H](N2CCC(CN3CCC(CC3)Oc4ccc(Cl)c(Cl)c4)CC2)C(=O)O,2.77,2.648299999999999,-0.12170000000000103
2718,train,NC1=CC2=NNC(=O)N2c3cc(ccc13)c4occc4,2.48,2.2719600000000004,-0.20803999999999956
435,train,[O-]c1c2c(nn1c3ccc(Cl)cc3)c4ccccc4c[n+]2Cc5ccccc5,4.5,3.880139999999998,-0.6198600000000019
940,train,CCC1=C(C)CN(C(=O)NCCc2ccc(cc2)S(=O)(=O)NC(=O)N[C@@H]3CC[C@@H](C)CC3)C1=O,1.73,1.4459966666666721,-0.28400333333332783
745,train,COc1ccc(CNC(=O)c2sc3nc(C)cc(C)c3c2N)cc1,3.85,3.444620000000003,-0.40537999999999696
1655,train,COc1ccc(cc1CNCCO)c2ccc3c(nc(nc3n2)N4C[C@@H](C)O[C@@H](C)C4)N5CCOCC5,1.31,1.9042000000000008,0.5942000000000007
1120,train,CC(=O)Nc1ccc2c(c1)c(cn2CCO)c3cc(NC4CC4)n5ncc(C#N)c5n3,2.71,2.6801599999999963,-0.02984000000000364
1590,train,COc1cc2c(Nc3ccc(F)c(Cl)c3)c(cnc2cc1OCCCN4CCN(C)CC4)C(=O)N,1.2,1.8467400000000005,0.6467400000000005
4076,train,CNc1c(Br)cnc2[nH]c(nc12)c3ccnc(N)c3,2.83,2.622460000000001,-0.20753999999999895
3699,train,Cc1cc2nc(NC(=N)N)nc(C)c2cc1C,0.7,0.9044600000000049,0.20446000000000497
2744,train,Nc1nc(nc(N)c1Cc2ccccc2F)c3ccccn3,2.12,2.1413500000000005,0.021350000000000424
3809,train,Cn1cc(cc1c2c3C(=O)N(CC#CCn4cncn4)C(=O)N(CC5CC5)c3nn2Cc6ccnc7ccc(Cl)cc67)C#N,3.43,3.330319999999996,-0.09968000000000421
1412,train,COc1cc(OC2CCN(C)CC2)c3c(Nc4c(Cl)ccc5OCOc45)ncnc3c1,2.98,2.92378,-0.05622000000000016
322,train,NC1(CCN(CC1)c2ncnc3[nH]ccc23)C(=O)NC(C4CC4)c5ccc(Cl)cc5,3.4,3.1065666428571452,-0.2934333571428547
1994,train,OC(=O)c1ccc(CN2CCC(CN3CCC(CC3)Oc4ccc(Cl)c(Cl)c4)CC2)cc1,1.1,1.4919600000000028,0.39196000000000275
2908,train,Cc1ccc2c(c1)c(c(C)n2CC(=O)O)c3ccnc4cc(ccc34)C(F)(F)F,1.78,1.6720499999999978,-0.10795000000000221
3220,train,CCN(CC)CCNC(=O)c1cc(Br)c(N)cc1OC,0.54,0.5670399999999967,0.027039999999996622
978,train,COc1cc(ccc1Nc2ccccc2C(=O)O)c3ccc(Nc4ccccc4C(=O)O)c(OC)c3,1.8,1.9251599999999982,0.12515999999999816
1147,train,CN1CCC[C@@H]1CCO[C@](C)(c2ccccc2)c3ccc(Cl)cc3,3.48,3.183197333333331,-0.296802666666669
1999,train,CN(C)CCNC(=O)c1c(C)[nH]c(\C=C\2/C(=O)Nc3ccc(F)cc23)c1C,1.75,1.8660599999999983,0.11605999999999828
2805,train,COc1ccc(N(C(C(=O)NC[C@@H](C)O)c2ccccc2F)C(=O)c3ccccc3)c(OC)c1,2.55,2.4983099999999983,-0.05169000000000157
934,train,CC(NC(=O)C1(N)CCN(CC1)c2ncnc3[nH]ccc23)c4ccc(F)cc4,2.4,2.235038642857143,-0.16496135714285698
1669,train,CC1=C(CCN2CCC(CC2)c3noc4cc(F)ccc34)C(=O)N5CCCCC5=N1,2.05,2.411199999999999,0.3611999999999993
2344,train,CCCCC(CC)CNC(=O)c1ccc2c(c1)c(Cc3ccc(cc3OC)C(=O)NS(=O)(=O)c4ccccc4C)cn2C,3.66,3.2363600000000035,-0.4236399999999967
441,train,COc1ccc(cc1)C2=C(C)c3ccc(OC)cc3OC2=O,3.31,3.1665319999999917,-0.14346800000000837
713,train,FC(F)(F)c1nnc2ccc(NCc3cccnc3)nn12,2.06,2.244826666666667,0.18482666666666692
1101,train,CN(C)CCOC(C)(c1ccccc1)c2ccccn2,-0.2,0.709780666666668,0.9097806666666679
2015,train,C1CN=C(N1)c2ccc3ccccc3n2,0.6,1.1021399999999957,0.5021399999999957
205,train,C[C@H](NC(=O)[C@@H]1CCCC[C@H]1C(=O)N2CCc3[nH]c4ccc(F)cc4c3C2)C#N,3.5,3.228537142857136,-0.2714628571428639
3757,train,Nc1nc2ccc(OC(F)(F)F)cc2s1,3.34,2.9525799999999998,-0.3874200000000001
3526,train,CN1C(=O)N(CC2CC2)c3nn(Cc4ccnc5ccc(Cl)cc45)c(c6cc(oc6C)S(=O)(=O)C)c3C1=O,3.2,3.4750400000000052,0.27504000000000506
3535,train,CC(O)C(C)OC(=O)[C@@H]1CC2C(Cc3cn(C(C)C)c4cccc2c34)N(C)C1,2.8,2.694863333333333,-0.10513666666666666
51,train,NC(Cc1c[nH]c2ccccc12)C(=O)O,-1.17,-0.9808581428571443,0.18914185714285559
1340,train,NS(=O)(=O)c1cc(Cl)c(Cl)c(c1)S(=O)(=O)N,0.92,0.9747146666666626,0.05471466666666258
339,train,CS(=O)(=O)Cc1cc(nc(n1)c2cnc3[nH]ccc3c2)N4CCOCC4,1.92,1.9423200000000003,0.02232000000000034
1435,train,CC(C)C[C@H](CO)Nc1nc(S[C@@H](C)c2ccccc2)nc3NC(=O)Sc13,4.3,3.908584999999992,-0.39141500000000784
3515,train,CC(CN1c2ccccc2Sc3ccccc13)N(C)C,2.67,2.7184257142857158,0.04842571428571585
2790,train,OC(=O)\C=C\c1cccc(c1)c2cnc3[nH]ccc3c2,0.58,1.1329233333333395,0.5529233333333395
769,train,COc1ccc(cc1OC)C(C)NC(=O)C2(N)CCN(CC2)c3ncnc4[nH]ccc34,1.8,1.9506713333333316,0.1506713333333316
2227,train,O=C(CS(=O)(=O)c1ccccc1)c2ccccc2,1.86,2.1470400000000005,0.2870400000000004
1889,train,Cc1nnc2CN=C(c3ccccc3Cl)c4cc(Cl)ccc4n12,2.34,2.452219999999998,0.11221999999999799
3369,valid,CC(C)N1CCC[C@@H](CN2CCN(CC2)C(=O)Nc3ccc(Cl)c(Cl)c3)C1,1.62,2.542898666666666,0.9228986666666659
2664,valid,COc1cc2ncnc(Nc3ccc(F)c(Cl)c3)c2cc1OC,3.67,3.2011899999999995,-0.4688100000000004
743,valid,COc1ccc(C=C2SC(=O)NC2=O)cc1OC,1.17,2.050793333333333,0.8807933333333331
114,valid,CC(C)COc1cccc(c1)C(=O)Nc2ccc(C)c(c2)C(=O)Nc3cccnc3,2.81,2.5887649999999995,-0.22123500000000051
2777,valid,O=C1C=C(OCc2ccccc2)C=CN1c3ccc4c(cnn4CCN5CCCC5)c3,2.0,2.6942999999999993,0.6942999999999993
2345,valid,CCN(C1CCN(CCC(c2ccccc2)c3ccc(cc3)S(=O)(=O)C)CC1)C(=O)Cc4ccc(cc4)S(=O)(=O)C,1.73,1.8377133333333318,0.10771333333333177
2849,valid,C1Oc2ccc(Oc3cc(Oc4ccc(cc4)n5ccnc5)ncn3)cc2O1,3.17,2.9552616666666687,-0.21473833333333125
2115,valid,COc1ccccc1CNCCc2cccc(CCNC[C@H](O)c3ccc(O)c4NC(=O)Sc34)c2,0.91,0.8213233333333347,-0.0886766666666653
433,valid,CC(C)(C)c1cc2nc3C(=O)N(Cc4ccccc4)Cc3c(O)n2n1,1.9,2.1870160000000003,0.2870160000000004
1015,valid,FC(F)(F)c1cccc2c3CN(CCc3[nH]c12)C(=O)[C@@H]4CCCC[C@H]4C(=O)NC5(CC5)C#N,3.75,3.1490999999999967,-0.6009000000000033
3875,valid,OC(CCN1CCCC1)(C2CCCCC2)c3ccccc3,1.78,2.698089999999996,0.9180899999999961
413,valid,COc1ccc(CCN(C)CCCC(C#N)(C(C)C)c2ccc(OC)c(OC)c2)cc1OC,2.61,2.4632399999999994,-0.14676000000000045
859,valid,C[C@]12CCC(=O)C=C1CC[C@H]3[C@@H]4CC[C@](O)(C(=O)CO)[C@@]4(C)CC(=O)[C@H]23,1.4,2.730103333333334,1.330103333333334
2440,valid,Nc1ncnc2c1ncn2[C@@H]3O[C@H](CSCCCNC(=O)Nc4ccccc4)[C@@H](O)[C@H]3O,1.9,1.840699999999999,-0.05930000000000102
54,valid,C[C@H](NC(=O)c1c(C)nn(C2CCCC2)c1NS(=O)(=O)c3ccc(C)cc3)C(C)(C)C,2.0,1.2657800000000026,-0.7342199999999974
1866,valid,CS(=O)(=O)C1(CCOCC1)c2cc(nc(n2)c3cccc4[nH]ccc34)N5CCOCC5,2.4,2.3231399999999995,-0.07686000000000037
3681,valid,C1CN2CCC1C(C2)c3oc(nn3)c4oc(cc4)c5cccnc5,1.2,2.5159999999999996,1.3159999999999996
3102,valid,C[C@H](NC(=O)C)c1ccc(Nc2ncc3cc(ccc3n2)c4ccncc4)cc1,3.17,3.146821142857137,-0.023178857142863052
2051,valid,CS(=O)(=O)c1ccc(cc1Cl)[C@@H](C[C@H]2CCC(=O)C2)C(=O)Nc3cnccn3,1.39,2.099037,0.7090370000000001
1930,valid,C[C@H](Nc1ncc(Cl)c(Nc2cc([nH]n2)N(C)C)n1)c3ncc(F)cn3,2.33,2.359129142857142,0.029129142857141854
442,valid,CC[C@H]1OC(=O)[C@H](C)[C@@H](O[C@H]2C[C@@](C)(OC)[C@@H](O)[C@H](C)O2)[C@H](C)[C@@H](O[C@@H]3O[C@H](C)C[C@@H]([C@H]3O)N(C)C)[C@](C)(O)C[C@@H](C)\C(=N/OCOCCOC)\[C@H](C)[C@@H](O)[C@]1(C)O,1.8,1.7027933333333336,-0.09720666666666644
3624,valid,Clc1ccc(C2CCN(CC2)C(=O)COCc3ccncc3)c(Cl)c1,2.63,2.9500200000000016,0.32002000000000175
1018,valid,C[C@@H]1NC(C)(C)CO[C@@]1(O)c2cccc(Cl)c2,1.69,2.066687999999999,0.37668799999999925
869,valid,CCN(CC)c1ccc2C=C(C(=O)O)C(=O)Oc2c1,-0.2,1.0643633333333329,1.2643633333333328
3648,valid,C[C@H](CO)Nc1nc(SCc2cccc(F)c2F)nc3nc(NS(=O)(=O)C)sc13,0.92,2.9781250000000004,2.0581250000000004
495,valid,CCCc1c(OCCCSc2ccc(CC(=O)O)cc2Cl)ccc3c(CC)noc13,3.92,2.006639999999999,-1.9133600000000008
1877,valid,Nc1ncnc2oc(c3cocc3)c(c4occc4)c12,3.1,2.4847419999999993,-0.6152580000000007
3472,valid,CNC1=Nc2ncccc2C(=NC1c3cccs3)c4ccns4,2.15,2.223748666666667,0.0737486666666669
161,valid,Clc1ccc(cc1C(=O)NCC2CCCCC2)N3N=CC(=O)NC3=O,1.26,1.8695966666666666,0.6095966666666666
4093,valid,O=C(NC1CC1)c2cc(on2)c3cccs3,2.54,2.4106013333333327,-0.12939866666666733
1372,valid,Cn1cc(CN2CCc3cc4nc(N)sc4cc3CC2)cn1,1.06,2.020246666666666,0.960246666666666
1386,valid,CC(C)n1c(C)ncc1c2nc(Nc3ccc(cc3)N4CC(C4)NC(=O)C)ncc2F,2.76,3.040753333333332,0.2807533333333323
4051,valid,CN(C)C[C@H](O)Cc1ccc(Cl)c(c1)C(=O)NCC23CC4CC(CC(C4)C2)C3,2.19,2.6677500000000007,0.4777500000000008
229,valid,CCCCc1ncc(\C=C(/Cc2cccs2)\C(=O)O)n1Cc3ccc(cc3)C(=O)O,-0.9,2.27071,3.1707099999999997
208,valid,Clc1ccc(CNC(=N)SCCCc2c[nH]cn2)cc1,1.13,2.2111813333333337,1.0811813333333338
71,valid,COCCNCc1ccc(CCNC[C@H](O)c2ccc(O)c3NC(=O)Sc23)cc1,-0.54,0.38153866666667047,0.9215386666666705
1433,valid,Oc1ccc(CCNCCCS(=O)(=O)NCCOCCc2cccc(c2)C(F)(F)F)c3sc(O)nc13,2.62,2.1116863333333336,-0.5083136666666666
2282,valid,CCN(C1CCN(CC[C@H](C2CCN(CC2)S(=O)(=O)C)c3cccc(F)c3)CC1)C(=O)Cc4ccc(cc4)S(=O)(=O)C,1.44,2.126375,0.686375
3550,valid,CCN(C1CCN(CCC(c2ccccc2)c3ccc(NC(=O)Cc4ccccc4)cc3)CC1)C(=O)Cc5ccc(cc5)S(=O)(=O)C,3.61,2.27811,-1.33189
2200,valid,O=C1N(Cc2ccccc12)C3CCN(CCC(c4ccccc4)c5ccccc5)CC3,4.1,2.9309496666666663,-1.1690503333333333
110,valid,Nc1c2CCN(c3ccccc3)c2nc4ccc(Br)cc14,3.12,2.0724849999999995,-1.0475150000000006
798,valid,O[C@H](CNC(=O)C1=CNC(=O)c2cc(ccc12)S(=O)(=O)N3CCC3)CN4CCC(CC4)Oc5ccc(Cl)c(Cl)c5,3.02,2.8075647619047617,-0.21243523809523834
3692,valid,Oc1ccc(cc1)c2sc3cc(O)ccc3c2C(=O)c4ccc(OCCN5CCCCC5)cc4,4.13,2.6949199999999998,-1.4350800000000001
4101,valid,CC(C)S(=O)(=O)NCC(C)c1ccc(cc1)c2ccc(cc2)C#N,3.5,2.2713799999999993,-1.2286200000000007
3157,valid,CC(C(=O)Nc1ccc(Cl)cc1)c2ncc(cc2Cl)C(F)(F)F,4.19,3.0122778333333327,-1.1777221666666677
3814,valid,CCO\N=C(\C1CCN(CC1)C2(C)CCN(CC2)C(=O)c3c(Cl)cncc3Cl)/c4ccc(Br)cc4,4.0,2.385843333333333,-1.6141566666666671
231,valid,C(C(C1CCCCC1)C2CCCCC2)C3CCCCN3,3.02,1.3184866666666668,-1.7015133333333332
419,valid,CC(=O)Nc1ccc2nc(cc(O)c2c1)c3cccc(F)c3,2.41,2.5193866666666667,0.10938666666666652
88,valid,COc1cc(Nc2nc(N[C@@H](C)c3ncc(F)cn3)ncc2Br)n[nH]1,2.6,2.52092,-0.07908000000000026
1216,valid,COc1cc(ccc1Nc2ncc(C)c(n2)c3cnc4ccccn34)N5CCN(CC5)C(=O)C,2.9,3.2678400000000014,0.3678400000000015
292,valid,CC1CN(C(=O)c2ccccc2)c3ccccc3NC1=O,1.73,2.0081700000000002,0.27817000000000025
1496,valid,Nc1[nH]nc2ccccc12,1.0,1.3423966666666662,0.34239666666666624
2462,valid,COc1ccc(cc1)[C@@H]2Sc3ccccc3N(CCN(C)C)C(=O)[C@@H]2OC(=O)C,1.99,2.1060646666666667,0.1160646666666667
2497,valid,O=C(NC1(CC1)C#N)[C@@H]2CCCC[C@H]2C(=O)N3CCN(CC3)c4nccs4,1.3,1.838085333333333,0.5380853333333329
2490,valid,CC(C)n1c(C)ncc1c2ccnc(Nc3ccc(cc3)S(=O)(=O)CCCN(C)C)n2,1.32,2.3423733333333328,1.0223733333333327
328,valid,CC(C)C(NC(=O)CN1C(=O)C(=CN=C1c2ccccc2)NC(=O)OCC(F)(F)F)C(=O)C(F)(F)F,2.37,2.2007400000000006,-0.16925999999999952
121,valid,CN(C1CCN(CCC(c2ccccc2)c3ccccc3)CC1)C(=O)C4CCC4,3.2,3.067786666666665,-0.1322133333333353
4148,valid,C[C@H](NC(=O)c1c(C)nn(C2CCCCC2)c1NS(=O)(=O)c3ccc(C)cc3)C(C)(C)C,1.97,1.3097200000000022,-0.6602799999999978
2236,valid,C[C@H](CO)Nc1nc(SCc2csc(C)n2)nc3nc(N)sc13,1.73,1.919662666666667,0.18966266666666698
1326,valid,CCC1(CCC(=O)NC1=O)c2ccc(N)cc2,0.6,1.7734733333333328,1.173473333333333
2800,valid,CCCC(C)(C)C[C@@H](N1CCC[C@@H](C1)N2C=C(C)C(=O)NC2=O)c3ccc(C(=O)O)c(Oc4cccc(Cl)c4)c3,1.99,1.300064285714283,-0.689935714285717
1481,valid,Cc1c(Sc2ccc(Cl)cc2)c3c(cccc3n1CC(=O)O)c4ccccc4,2.61,1.2892650000000003,-1.3207349999999995
2382,valid,Oc1cc(O)c2C(=O)C=C(Oc2c1)c3ccccc3,3.83,2.8539466666666664,-0.9760533333333337
2730,valid,COc1cc2N(CCN3CCC(CC3)NCc4cc5OCCOc5cn4)C(=O)C=Cc2cn1,0.68,1.0033493333333359,0.3233493333333358
1533,valid,NC1(CCC1)c2ccc(cc2)c3ncc4cccn4c3c5ccccc5,2.5,2.1246800000000006,-0.37531999999999943
1449,valid,Oc1cc(O)c2C(=O)C(=COc2c1)c3ccc(F)cc3,3.6,2.663433333333333,-0.9365666666666672
3413,valid,CC(C(=O)O)c1cccc(Oc2ccccc2)c1,0.71,0.5119966666666667,-0.1980033333333333
1188,valid,NC(=O)c1cccc(c1)[S+]([O-])[C@H]2C[C@H]3CC[C@@H](C2)N3Cc4ccccc4,1.1,1.3832004285714292,0.28320042857142913
606,valid,C[C@H](NC(=O)c1c(C)nn(c1NS(=O)(=O)c2ccc(C)cc2)C(C)(C)C)C(C)(C)C,1.84,1.2990960000000005,-0.5409039999999996
1075,valid,OC(=O)c1cc2cc(OCc3ccccc3)ccc2[nH]1,0.4,2.648059999999999,2.2480599999999993
349,valid,OCCCn1c(NC(=O)c2cccc(c2)[N+](=O)[O-])nc3ccccc13,3.0,2.7106190000000008,-0.2893809999999992
1834,valid,CC[C@H](NC(=O)c1c([S+](C)[O-])c(nc2ccccc12)c3cccs3)c4ccccc4,3.56,3.05522,-0.5047800000000002
3306,valid,NC(=O)c1sc(cc1N)c2ccsc2,2.23,2.20094,-0.029059999999999864
794,valid,CC(C)(C)OC(=O)N1CCN(CC1)c2ccc(OCc3ccc(cc3)S(=O)(=O)C)cc2,3.9,2.880626666666666,-1.0193733333333341
5,valid,OC1(CN2CCC1CC2)C#Cc3ccc(cc3)c4ccccc4,3.14,2.2293616666666667,-0.9106383333333334
3045,valid,CN(CCOc1ccc(NS(=O)(=O)C)cc1)CCc2ccc(NS(=O)(=O)C)cc2,0.6,1.8740050000000001,1.2740050000000003
4064,valid,COc1cc(Nc2nc(N[C@@H](C)c3ncc(F)cn3)nc(N4CCOCC4)c2F)n[nH]1,2.64,2.55304,-0.08695999999999993
168,valid,COc1ccc(Cn2cc3N(CC(C)C)C(=O)N(C)C(=O)c3c2)cc1,3.52,2.752346666666666,-0.767653333333334
2546,valid,Fc1ncccc1OC[C@@H]2CCN2,-1.2,2.1398633333333335,3.3398633333333336
3309,valid,Fc1ccc(cc1F)S(=O)(=O)NCC(N2CCCCCC2)c3ccccc3,2.84,3.1726599999999987,0.33265999999999885
2950,valid,CCOC(=O)c1ccccc1c2csc(NS(=O)(=O)c3ccc(Cl)cc3)n2,2.43,1.6520840000000006,-0.7779159999999996
4026,valid,CCS(=O)(=O)c1ccc(c(C)c1)c2cc(ccc2CCC(=O)O)C(F)(F)F,0.76,0.01906000000000585,-0.7409399999999942
2558,valid,O[C@]1(CN2CCC1CC2)C#Cc3ccc(Oc4ccc(cc4)C(=O)NCc5ccncc5)cc3,2.42,2.4080576904761903,-0.011942309523809591
3530,valid,CC1(CC(=O)NC(=N1)N)c2ccc(Cl)c(Cl)c2,1.59,1.6688600000000005,0.07886000000000037
1107,valid,CCN(CC)C(C)C(=O)c1ccccc1,1.18,2.07015,0.89015
3342,valid,CCN(CC)C(=O)c1ccc(cc1)C(=C2CCNCC2)c3ccccc3OC,1.0,1.4313066666666647,0.43130666666666473
1094,valid,Cc1ccc(NC(=O)CCC2CCCCC2)cc1NC(=O)c3ccc(O)cc3,4.13,2.4463633333333337,-1.6836366666666662
2376,valid,C[C@H](CO)Nc1nc(SCc2cccc(F)c2F)nc3nccnc13,3.15,3.4591733333333288,0.30917333333332886
3223,valid,Cc1ccc(NC(=O)C=C)cc1,2.25,2.117342857142857,-0.13265714285714303
4043,valid,O[C@H](C[C@H](O)\C=C\c1c(nc2ccccc2c1c3ccc(F)cc3)C4CC4)CC(=O)O,0.91,1.454989999999997,0.5449899999999969
3568,valid,c1ccc(cc1)c2ccc3ccccc3n2,4.0,2.837612,-1.162388
3010,valid,CC(C)n1c(C)ncc1c2ccnc(Nc3ccc(cc3)C(=O)NC4CC4)n2,3.06,2.468086666666666,-0.5919133333333342
910,valid,CCCCNc1nc(N)c2NC(=O)N(Cc3ccc(OCCN(C)C)nc3)c2n1,1.9,2.122728,0.22272800000000004
3556,valid,CCn1c2ccccc2c3cc(NC(=O)CN(C)C)ccc13,3.2,3.1436466666666636,-0.056353333333336586
3525,valid,Oc1nc(nc2ccccc12)c3ccccc3,2.46,2.4296666666666664,-0.030333333333333545
1769,valid,CC(C)CCCC(C)\N=C\1/C=CN(Cc2ccccc2)c3cc(Cl)ccc13,1.58,2.141648,0.5616479999999999
352,valid,Cc1cc2cc(C)c3nnc(SCC(=O)N4CCN(CC4)C(=O)c5occc5)n3c2cc1C,2.8,2.3215633333333323,-0.4784366666666675
1381,valid,CC(COc1ccccc1)NC(C)C(O)c2ccc(O)cc2,0.56,1.6333903333333333,1.0733903333333332
1217,valid,Nc1cccc2C(=O)N(Cc3cccc(Cl)c3)C(=O)c12,3.18,2.2181278095238097,-0.9618721904761904
1350,valid,COc1cc2ncnc(Nc3ccc(F)c(Cl)c3)c2cc1OCCN4CCN(C)CC4,3.3,2.699489999999999,-0.6005100000000008
3259,valid,Nc1ccc2nc(sc2c1)c3ccc(O)cc3,3.1,2.270306666666667,-0.8296933333333332
3519,valid,Cc1cc(Oc2ccnc(Nc3cccc(c3)N4CCOCC4)c2)c(nc1C)c5ccccn5,3.27,2.963919999999997,-0.30608000000000324
3107,valid,CC(=N)NCc1ccccc1,-0.28,2.4967599999999996,2.7767599999999995
1901,valid,Nc1nc(cs1)c2ccc(Cl)cc2,3.31,2.3437216666666667,-0.9662783333333334
2973,valid,CO[C@H]1CN(CCN2C(=O)C=Nc3ccc(OC)cc23)CC[C@H]1NCc4ccc5OCC(=O)Nc5n4,0.51,0.5904831428571469,0.08048314285714686
1788,valid,COc1cc(ccc1Nc2ncc(Cl)c(Oc3cccc(NC(=O)C=C)c3)n2)N4CCN(C)CC4,3.9,2.7935649999999987,-1.1064350000000012
1728,valid,CNc1cccc(CCCc2ccc(C[C@H](NC(=O)c3c(Cl)cccc3Cl)C(=O)O)s2)n1,0.78,0.2817995238095241,-0.4982004761904759
146,valid,Clc1ccc(N2CCN(CC2)C(=O)COCc3cscn3)c(Cl)c1,3.07,2.1831240000000003,-0.8868759999999996
294,valid,O[C@@H](CNCCCSCCNCCc1cccc(Cl)c1Cl)c2ccc(O)c3NC(=O)Sc23,1.74,1.9847506666666663,0.24475066666666634
2334,valid,Clc1cccc2[nH]ncc12,2.5,2.581419999999999,0.08141999999999916
4039,valid,CN1CCC(CC1)Oc2cccc3ncnc(Nc4ccc(OCc5cnccn5)c(Cl)c4)c23,3.21,2.8822519999999994,-0.3277480000000006
1513,valid,CN([C@@H]1CCN(Cc2ccc(cn2)C(F)(F)F)C[C@@H]1F)C(=O)Cc3ccc(cc3)n4cnnn4,2.1,2.3235333333333323,0.22353333333333225
1257,valid,CS(=O)(=O)c1cccc(Nc2nccc(Nc3cccc4ncoc34)n2)c1,2.5,3.1100000000000034,0.6100000000000034
3621,valid,CO[C@@H](C(=O)N1Cc2n[nH]c(NC(=O)c3ccc(cc3)N4CCN(C)CC4)c2C1)c5ccccc5,2.0,2.356649,0.356649
609,valid,COc1cc(Nc2ncnc3cccc(O[C@H](C)C(=O)N4CCOCC4)c23)ccc1Oc5ccc(C)nc5,3.6,3.5161249999999953,-0.0838750000000048
472,valid,O=C(NC1CCCC1)C(N(Cc2occc2)C(=O)c3ccc([nH]3)c4ccccc4)c5ccncc5,4.36,3.1527259999999973,-1.207274000000003
3255,valid,Cc1csc(NC(=O)c2cc(Sc3nncn3C)ccc2N)n1,2.3,1.8888266666666658,-0.41117333333333406
2511,valid,OC(=O)COc1ccc(Cl)cc1CN2CCCN(CC2)S(=O)(=O)c3ccccc3,1.01,0.6883600000000054,-0.3216399999999946
1236,valid,CCn1c(C)c(C(=O)O)c(c2cccc(c2)N3CCN(CC3)c4ccc(NS(=O)(=O)c5ccc(N[C@H](CCN6CCC(O)CC6)CSc7ccccc7)c(c5)S(=O)(=O)C(F)(F)F)cc4)c1c8ccc(Cl)cc8,4.2,2.3744866666666664,-1.8255133333333338
1317,valid,Cc1ccc(cc1)S(=O)(=O)Nc2c(C(=O)NCC(C)(C)C)c(C)nn2c3ccccc3,1.46,1.2846159999999984,-0.17538400000000154
1207,valid,CC(=O)Nc1ccc2ccn(c3cc(NCCN4CCCC4)n5ncc(C#N)c5n3)c2c1,2.24,2.1809200000000004,-0.0590799999999998
1186,valid,CC1(CCC(=O)N1Cc2cccs2)C(=O)NC3CCCCC3,2.15,2.416809333333333,0.26680933333333323
2686,valid,O[C@H](CNC(=O)c1cn2cc(F)ccc2n1)CN3CCC(CC3)Oc4ccc(Cl)c(Cl)c4,3.33,3.0765533333333317,-0.2534466666666684
762,valid,CC[C@H](NC(=O)c1c([S+](C)[O-])c(nc2cc(CN(C)C)ccc12)c3ccccc3)c4ccccc4,2.75,2.9884399999999993,0.23843999999999932
2911,valid,Clc1ccc(OC2CCN(CC2)C3CCN(CC3)C(=O)NS(=O)(=O)c4ccccc4Cl)cc1Cl,1.93,1.8485600000000006,-0.08143999999999929
2651,valid,COCCOc1ccc(Nc2ncc3cc(ccc3n2)c4ccncc4)cc1,3.1,2.94704241269841,-0.15295758730159026
1276,valid,Cc1nc2ncnn2c(O)c1CCOC(=O)c3ccccc3F,0.99,2.0137246666666666,1.0237246666666666
1886,valid,Cc1cnc(NS(=O)(=O)c2ccccc2)c(C)n1,-0.03,1.8497599999999994,1.8797599999999994
2006,valid,CCCSc1nc(ccc1C(=O)NC2CCCCC2)N3CCC[C@H](CC(=O)O)C3,2.18,1.970373333333333,-0.20962666666666707
716,valid,CCN(CC)CCOC(=O)C1(CCCC1)c2ccccc2,2.3,1.388240000000002,-0.9117599999999979
193,valid,CSc1ccc(cc1)N2C(=NC(=NC2(C)C)N)N,-0.84,1.7430316666666659,2.583031666666666
3207,valid,CN[C@@H](C)C(=O)N[C@H](C(=O)N[C@H]1CCCN(C1)S(=O)(=O)Cc2ccccc2)C(C)(C)C,0.78,1.4534000000000018,0.6734000000000018
1681,valid,Fc1ccc(CNc2ncc(Br)c(Nc3cc([nH]n3)C4CC4)n2)cc1,4.28,3.399653333333333,-0.880346666666667
1478,valid,Oc1ccc(cc1)C2=COc3cc(O)cc(O)c3C2=O,3.06,2.6450333333333327,-0.41496666666666737
1261,valid,Nc1ccc2ccccc2n1,1.7,1.9348066666666663,0.23480666666666639
1736,valid,CCCNC(=O)c1nnc2c(cccc2c1N)c3cncc(c3)C(=O)N4CCC4,2.79,2.14136,-0.6486399999999999
3723,valid,C[C@@H]1COCCN1c2cc(nc(n2)c3cccc4[nH]ccc34)C5(CC5)S(=O)(=O)C,2.7,2.73426,0.034259999999999735
3273,valid,CC1=CN(C2CCCN(Cc3cccc(Oc4ccc(Cl)cc4)c3)C2)C(=O)NC1=O,3.38,2.9984733333333318,-0.3815266666666681
3871,valid,Oc1cc(O)c2C(=O)C(=COc2c1)c3ccc4OCOc4c3,3.5,2.763481333333333,-0.736518666666667
1671,valid,COc1c(N2CCNC(C)C2)c(F)cc3C(=O)C(=CN(C4CC4)c13)C(=O)O,-0.82,-0.2889143809523884,0.5310856190476115
4142,valid,CCCSc1c(cnn1c2ccc(cc2)C(=O)O)C(=O)NC3CCCCC3,0.64,1.9133786666666666,1.2733786666666664
3866,valid,CC[C@H](NC(=O)c1c([S+](C)[O-])c(nc2c(F)cccc12)c3ccccc3)c4ccccc4,2.84,3.061253333333334,0.2212533333333342
894,valid,O=S(=O)(Nc1nc(nn1Cc2ccccc2)c3ccccc3)c4ccccc4,1.25,2.14048,0.8904800000000002
3408,valid,COc1cc(CCc2cc(Nc3ccnc(NCc4onc(C)c4)n3)n[nH]2)cc(OC)c1,3.1,3.3183733333333274,0.2183733333333273
2673,valid,O=C1C=C(C=CN1c2ccc3c(cnn3CCN4CCCC4)c2)c5ccccc5,1.6,2.67776,1.07776
2033,valid,Clc1ccc(cc1C(=O)NCCc2ccccc2)N3N=CC(=O)NC3=O,0.74,1.8114600000000005,1.0714600000000005
1811,valid,Cc1cc(CCCOc2c(C)cc(cc2C)c3noc(n3)C(F)(F)F)on1,3.63,2.5101436666666666,-1.1198563333333333
2037,valid,COc1ccccc1C(=O)Nc2nc3ccccc3[nH]2,2.9,3.220493333333332,0.32049333333333196
4029,valid,COCCC(NC(=O)C1(N)CCN(CC1)c2ncnc3[nH]ccc23)c4ccc(Cl)cc4,2.95,2.399758999999999,-0.5502410000000011
1848,valid,C[C@H](CO)Nc1nc(SCc2cccc(F)c2F)nc3NC(=O)C=Nc13,3.1,3.0874899999999945,-0.012510000000005572
928,valid,Cn1cnc(c2ccccc2)c1C#Cc3ccnc(N)n3,2.94,2.3370099999999994,-0.6029900000000006
3106,valid,COc1c(C)c2COC(=O)c2c(O)c1C\C=C(/C)\CCC(=O)OCCN3CCOCC3,2.26,1.8360899999999996,-0.42391000000000023
3349,valid,CCCCNc1ccc(cc1)C(=O)OCCN(C)C,2.11,1.1294600000000006,-0.9805399999999993
2220,valid,CCc1ccc(CCNCCCSCCNC[C@H](O)c2ccc(O)c3NC(=O)Sc23)cc1,0.86,0.5725680000000017,-0.28743199999999824
4145,valid,O=S(=O)(Nc1cccc2[nH]ncc12)c3cccs3,1.7,2.1337200000000003,0.4337200000000003
101,valid,C1Oc2ccccc2C3=NN(CC13)c4ccccc4,4.28,2.016363333333333,-2.263636666666667
2329,valid,O=C1CCOc2nc(ccc12)C#CC3CCCCC3,3.3,2.4746466666666667,-0.8253533333333332
800,valid,COc1cccc(c1)c2cc(O)c3cc(NC(=O)C)ccc3n2,2.41,2.5438633333333334,0.13386333333333322
487,valid,CN(c1ccnc(Nc2cc(cc(c2)N3CCOCC3)N4CCCCC4)n1)c5cc(CO)ccc5C,4.2,3.1217200000000007,-1.0782799999999995
2599,valid,Nc1ccc(cc1)C2(CCCCC2)c3ccc(N)cc3,3.2,1.5911599999999997,-1.6088400000000005
1026,valid,CCN(C1CCN(CC[C@H](C2CCN(CC2)S(=O)(=O)C)c3cc(C)cc(C)c3)CC1)C(=O)Cc4ccc(cc4)S(=O)(=O)C,1.93,1.9155799999999998,-0.0144200000000001
2551,valid,CCN(c1ccnc(Nc2cc(cc(c2)N3CCOCC3)N4CCOCC4)n1)c5cc(CO)ccc5C,3.8,3.0745000000000005,-0.7254999999999994
517,valid,Cc1onc(n1)c2ccc(OCC3CN(C3)c4ccc(C)nn4)cc2,2.62,2.5616838095238093,-0.058316190476190854
1347,valid,CCC(=O)N[C@H]1CC[C@H](C1)C(=O)N(C)c2ccc(cc2)c3oc4ccccc4n3,3.4,3.043330666666667,-0.35666933333333306
4025,valid,CC(=O)Nc1ccc(CNc2[nH]nc3cccc(Oc4ccc(cc4)S(=O)(=O)C)c23)cc1,2.63,2.8220666666666645,0.1920666666666646
305,valid,Fc1ccc(CN2CCN(CC2)C3=Nn4c(CC3)nnc4C(F)(F)F)cc1,2.8,3.0163900000000012,0.21639000000000141
3683,valid,NC1=CC2=NNC(=O)N2c3cc(ccc13)c4ccsc4,3.18,1.9637599999999995,-1.2162400000000007
937,valid,CC(NC(=O)c1c(C)nn(c1NS(=O)(=O)c2ccc(C)cc2)c3ccccc3)C(C)(C)C,1.21,1.231762857142851,0.021762857142850978
3512,valid,OC(c1ccccc1)c2cccnc2,1.72,2.06065,0.3406499999999999
153,valid,NC(=O)Nc1cc(sc1C(=O)N)c2cccc(O)c2,2.21,2.209095,-0.0009049999999999336
3810,valid,CCNCc1cncc(n1)c2ccc(F)cc2OC,1.18,1.94594,0.7659400000000001
3086,valid,Clc1ccc2[nH]c(cc2c1)C(=O)N3CCNCC3,1.65,1.377726999999998,-0.272273000000002
3950,valid,COc1ccc(cc1)c2nc3c(NCCCNC(=O)C4(CN)CC4)c(Br)cnc3[nH]2,1.9,1.9591800000000001,0.05918000000000023
3174,valid,CN1CCN(CC1)C2=Nc3ccccc3Oc4ccc(Cl)cc24,3.24,2.7634333333333325,-0.4765666666666677
150,valid,COc1ccc(c(OC)n1)c2c(F)ccc3c(N)c(nnc23)C(=O)NC4CC4,3.37,2.6007999999999982,-0.7692000000000019
475,valid,COc1cccc(c1)C(=O)N2CCC(CC2)N3C(=O)Nc4ccccc34,2.65,2.313585333333333,-0.33641466666666675
1378,valid,Clc1ccc(cc1)C2(CCC2)C(=O)Nc3oc(nn3)C(=O)Nc4ccc(cc4)N5CCOCC5,3.2,3.2525266666666712,0.05252666666667105
4165,valid,CC1(CCN(CC1)C(=O)COCc2ccncc2)c3ccc(Cl)cc3,2.79,2.8792349999999987,0.08923499999999862
253,valid,Cc1ccc2c(c1)c(c(C)n2CC(=O)O)c3ccnc4cc(Cl)ccc34,1.59,1.5940200000000002,0.004020000000000135
906,valid,Fc1ccc(cc1)n2cc(C3CCNCC3)c4cc(Cl)ccc24,2.4,1.446336666666667,-0.9536633333333329
2249,valid,C[C@H](CO)Nc1nc(SCc2csc(C)n2)nc3NC(=O)Sc13,1.73,2.158,0.42799999999999994
3256,valid,C[C@@](CCc1ccc(cc1)c2ccc(Cl)cc2)(C(=O)NO)S(=O)(=O)C,2.4,2.3855706666666663,-0.014429333333333627
1068,valid,CN1CCN(CC1)C(=O)c2ccc(cc2)C(=C3CCN(Cc4cscn4)CC3)c5cccc6cccnc56,1.98,2.29544,0.31544000000000016
3159,valid,CN(C)CC(O)COc1ccc(Nc2nccc(Nc3ccccc3)n2)cc1,1.58,2.14465,0.5646499999999999
2710,valid,COc1cc2ncnc(Nc3ccc(F)cc3)c2cc1OC,3.1,2.979459999999997,-0.1205400000000032
3334,valid,CC(NC(=O)C)c1ccc(Nc2ncc3cc(ccc3n2)c4ccncc4)cc1,3.1,3.146821142857137,0.04682114285713679
2145,valid,C[C@H]1O[C@H]([C@H](O)[C@H]1Cl)n2cnc3c(N)nc(OCC4CC45CC5)nc23,3.68,2.1239600000000003,-1.5560399999999999
2852,valid,COc1ccc(NC(=O)CCc2c(C)nc3nc(C)nn3c2C)cc1,1.4,2.3732933333333324,0.9732933333333325
176,valid,CC1CC(CC(C)(C)C1)OC(=O)C(O)c2ccccc2,2.31,0.43640266666667205,-1.873597333333328
3660,valid,N[C@@H](Cc1cccs1)C(=O)N[C@]2(C[C@H]2c3ccccc3)C#N,1.5,1.4471550000000004,-0.05284499999999959
238,valid,CN1CCN(CC1)c2ncnc3c2sc4nc(C)cc(C)c34,3.2,2.5664633333333335,-0.6335366666666666
832,valid,CCN(CCO)CCCC(C)Nc1ccnc2cc(Cl)ccc12,0.77,2.5931333333333324,1.8231333333333324
2659,valid,COc1ccc(cc1)C(CNC(=O)Nc2ccccc2)N3CCN(C)CC3,1.5,2.6671666666666662,1.1671666666666662
2856,valid,COc1ccc(cc1C(=O)NCc2cccnc2)C(=O)NCc3cccnc3,1.23,2.24793619047619,1.01793619047619
1662,valid,CC(=O)Nc1nc(ns1)c2ccccc2,2.8,2.744185,-0.05581499999999995
733,valid,CC(C)C(CCCN(C)CCc1ccccc1)(C#N)c2ccccc2,3.6,2.395476666666666,-1.2045233333333343
4054,valid,COc1cc(Nc2cc(Oc3ccc(C)nc3)ccn2)cc(OC)c1OC,3.21,3.267690000000001,0.05769000000000091
4157,valid,Cc1ccc(Oc2ccc(Nc3ncnc4[nH]nc(OCCN5CCC(O)CC5)c34)cc2Cl)cn1,3.4,2.6484399999999995,-0.7515600000000004
4112,valid,CCN(C1CCN(CCC(c2ccccc2)c3ccccc3)CC1)C(=O)NCc4ccc(F)cc4,3.9,3.657819999999994,-0.24218000000000606
1334,valid,CC(C)CN1C(=O)N(C)C(=O)c2c1sc(Cc3ccccc3C(F)(F)F)c2C(=O)N4C[C@H](O)CO4,3.15,2.8705799999999995,-0.27942000000000045
1661,valid,Clc1ccc(NC(=O)N2CCN(C[C@@H]3CCCN(Cc4ccccc4)C3)CC2)cc1Cl,4.26,2.6063150000000004,-1.6536849999999994
2474,valid,CC1CN(CCN1Cc2cc(Cl)ccc2OCC(=O)O)S(=O)(=O)c3ccccc3,0.69,0.30654000000000137,-0.3834599999999986
1773,valid,NC(=O)c1cnc(N[C@H]2CCCNC2)c3cc(sc13)c4ccc(F)cc4,2.01,1.7568749999999989,-0.25312500000000093
1805,valid,Clc1ccc(cc1Cl)C2=CSC3=NCCN23,1.54,2.7590433333333326,1.2190433333333326
3007,valid,CC(C)CN1C(=O)N(C)C(=O)c2c1sc(Cc3cncc4ccccc34)c2C(=O)N5CC[C@@H](O)C5,1.74,2.0211799999999993,0.2811799999999993
3203,valid,O=C1CC2(CCCC2)CC(=O)N1CCCCN3CCN(CC3)c4ncccn4,2.19,2.4612799999999995,0.2712799999999995
3840,valid,COC(=O)C1=C(C)NC(=C(C1c2ccccc2[N+](=O)[O-])C(=O)OCC(C)C)C,3.59,2.0315379999999994,-1.5584620000000005
4191,valid,CCOC(=O)c1ccc(OCC2CN(C2)c3ccc(C)nn3)cc1,3.1,2.798573333333334,-0.30142666666666607
2342,valid,Fc1ccc(CC2=NNC(=O)c3ccccc23)cc1C(=O)N4CCN(CC4)c5ccccn5,2.55,1.2752200000000018,-1.274779999999998
104,valid,FC(F)c1nc2ccccc2[nH]1,2.02,2.7085533333333345,0.6885533333333345
2311,valid,CCS(=O)(=O)c1ccc(c(C)c1)c2cc(ccc2OCC(=O)O)C(F)(F)F,-0.45,-0.31845999999998975,0.13154000000001026
1420,valid,O=C1C=CN=C2C=CC=CN12,0.2,1.9583083333333329,1.758308333333333
3269,valid,Oc1c2C(=O)N(NC(=O)c2nc3cc(Cl)ccc13)C(c4ccccc4)c5ccncc5,1.1,1.4424233333333325,0.3424233333333324
3188,valid,COc1ccccc1CN2C(C(=O)NC3CCC(C)CC3)c4ccccc4C2=O,3.74,2.1159,-1.6241000000000003
1267,valid,Cc1nccc(c1Cl)c2ccc(cc2)c3nc4ccncc4c(O)c3C#N,2.0,2.4797679999999995,0.47976799999999953
1014,valid,CN[C@@H](C)[C@H](O)c1ccccc1,-1.15,1.9049319999999998,3.054932
3187,valid,COc1cccc(\C=C\2/SC(=O)NC2=O)c1N3CCC[C@@H](N)C3,1.27,1.6570686666666679,0.38706866666666784
1041,valid,Oc1ccc(CC(=O)c2ccc(O)cc2O)cc1,2.54,2.6092059999999986,0.06920599999999855
1084,valid,C[C@H](NC(=O)Cc1cc(F)cc(F)c1)C(=O)NC2C(=O)N(C)c3ccccc3c4ccccc24,3.6,2.400648333333333,-1.1993516666666673
3053,valid,CCCOc1nc(ccc1C(=O)NC2CCCCC2)N3CCC[C@@H](CC(=O)O)C3,2.81,1.8218933333333331,-0.9881066666666669
2275,valid,Cc1nc2ncnn2c(O)c1CCOC(=O)c3c(F)cccc3F,0.16,2.1665680000000003,2.006568
491,valid,FC(F)(F)Oc1ccc(CNC(=O)C2N(CC3CC(F)(F)C3)C(=O)c4ccccc24)cc1,3.9,2.45211,-1.4478900000000001
2826,valid,CC1=C(C(=O)N(C[C@H](N)c2ccccc2)C(=O)N1Cc3c(F)cccc3F)c4ccc5OCOc5c4,2.67,1.3010209999999998,-1.3689790000000002
1821,valid,Cc1ccn2c(c(C)nc2c1)c3ccnc(N)n3,2.39,1.6364366666666668,-0.7535633333333334
3521,valid,c1ccc2[nH]c(nc2c1)c3cscn3,2.35,2.6253123333333335,0.2753123333333334
1086,valid,CC(=O)Nc1cccc(Nc2ncnc(n2)N3CCC(CC3)OCc4ccc(OC(F)(F)F)cc4)c1C,4.4,2.887109333333333,-1.5128906666666673
1847,valid,Cc1cc(NC(=O)c2ccccc2)n[nH]1,1.75,1.4655866666666664,-0.28441333333333363
2902,valid,Oc1ccc(CCNCCNS(=O)(=O)CCOCCCc2ccccc2)c3sc(O)nc13,2.22,2.2191,-0.0009000000000001229
4083,valid,CCOc1cc(ccc1NC(=O)CN2CCOCC2)c3cccc4C(=O)C=C(Oc34)N5CCOCC5,2.8,2.9766433333333313,0.1766433333333315
1071,valid,OC(=O)c1ccccc1CN2CCC(CN3CCC(CC3)Oc4ccc(Cl)c(Cl)c4)CC2,2.48,2.0258829999999994,-0.45411700000000055
3924,valid,CCC[C@H](N1CCC[C@@H](C1)N2C=C(C)C(=O)NC2=O)c3ccc(C(=O)O)c(Oc4cccc(Cl)c4)c3,0.5,0.8355942857142844,0.3355942857142844
1058,valid,CCn1c(C)ncc1c2ccnc(Nc3ccc(cc3)S(=O)(=O)NCCOC)n2,2.44,2.8098693333333333,0.3698693333333334
2124,valid,CS(=O)(=O)c1ccc(s1)C(=O)NC[C@@H](O)CN2CCC(CC2)Oc3ccc(Cl)c(Cl)c3,2.86,2.692305333333334,-0.16769466666666588
1444,valid,CC(C)n1c(C)ncc1c2ccnc(Nc3ccc(cc3)N4CCN(CC4)C(=O)C)n2,2.39,2.7616733333333343,0.3716733333333342
2753,valid,O=C1COc2ccc(CNC3CCN(CCN4C(=O)COc5ccc(cc45)c6occc6)CC3)nc2N1,2.19,0.8197973333333375,-1.3702026666666625
199,valid,Clc1cccc(c1Cl)n2nnnc2NCc3ccccc3Oc4ccccn4,3.62,2.863916666666666,-0.7560833333333341
1046,valid,CC(=O)NC[C@H]1CN(C(=O)O1)c2ccc(c(F)c2)n3ccc(c3)C#N,1.6,1.4416073333333312,-0.15839266666666885
2910,valid,COc1ncc(cc1NS(=O)(=O)c2ccc(F)cc2F)c3ccc4nccc(c5ccnnc5)c4c3,2.5,2.1218706666666667,-0.3781293333333333
1464,valid,C(=C\c1c(nc2sccn12)c3ccccc3)/c4ccncn4,3.4,2.4226933333333327,-0.9773066666666672
2715,valid,CCOc1cc(Nc2nc3c(cc2F)ncn3[C@@H](CO)c4ccc(F)cn4)n[nH]1,2.55,2.045695,-0.504305
2661,valid,COc1ccc(NC(=O)c2ccc(c(C)c2)c3ccncc3)cc1N4CCN(C)CC4,2.56,2.5300429999999996,-0.029957000000000455
760,valid,OCC[C@@]1(CCCNC1)c2oc3ccccc3c2,0.12,0.5986709999999986,0.4786709999999986
3956,valid,OC(C(=O)c1ccccc1)c2ccccc2,2.13,2.5132049999999997,0.3832049999999998
2696,valid,CCn1c(SCC(=O)Nc2c(cnn2c3ccccc3)C#N)nnc1c4cccs4,2.1,1.8281899999999998,-0.27181000000000033
1275,valid,NS(=O)(=O)c1cc2c(NC(NS2(=O)=O)C(Cl)Cl)cc1Cl,0.37,1.3592013333333335,0.9892013333333335
401,valid,CN[C@@H](C)C(=O)N[C@@H](C1CCCCC1)C(=O)N[C@H]2CCN(CCc3ccccc3)C2,1.65,1.88328,0.23328000000000015
3912,valid,C(C1NCCc2ccccc12)c3ccccc3,1.89,2.4790499999999995,0.5890499999999996
1284,valid,Cc1ccc(cc1)c2csc3ncnc(O)c23,2.59,2.14406,-0.4459399999999998
334,valid,COc1cc2ncnc(Nc3cc(NC(=O)c4ccnc(c4)N5CCOCC5)ccc3C)c2cc1OCCN6CCCC6,2.7,3.20784,0.5078399999999998
4082,valid,COc1cc(ccc1NC(=O)CN2CCOCC2)c3cccc4C(=O)C=C(Oc34)N5CCOCC5,2.3,3.0795499999999993,0.7795499999999995
1966,valid,OC(=O)[C@H](N1CCC(CN2CCC(CC2)Oc3ccc(Cl)c(Cl)c3)CC1)c4ccccc4,2.14,2.293919999999999,0.15391999999999895
3629,valid,COc1ccc2nc(C)cc(OCC(=O)NCc3ccccc3)c2c1,3.2,3.04092,-0.15908000000000033
2591,valid,CC(C)(C)OC(=O)N1CCN(CC1)c2cnc(OCc3ccc(cc3)S(=O)(=O)C)cn2,3.4,2.899136666666665,-0.500863333333335
592,valid,O=C(Nc1ccccc1)c2oc3ccccc3c2,3.44,1.5123725000000003,-1.9276274999999996
2823,valid,CCOC(=O)\C=C\[C@H](C[C@@H]1CCNC1=O)NC(=O)[C@H](CC#C)N2C=CC=C(NC(=O)c3cc(C)on3)C2=O,1.75,1.757453333333333,0.00745333333333309
1619,valid,COc1ccnc(c1)N(C)c2ccnc(Nc3cc(cc(c3)N4CCOCC4)N5CCOCC5)n2,2.23,3.1535899999999972,0.9235899999999972
1582,valid,O=S(=O)(NCC(N1CCCCCC1)c2ccccc2)c3cccnc3,2.1,2.847168666666666,0.7471686666666657
1087,valid,CC(O)(C(=O)Nc1ccc(cc1)S(=O)(=O)c2ccc(F)cc2)C(F)(F)F,3.12,2.6548599999999993,-0.4651400000000008
2526,valid,N[C@H](CNC(=O)c1cc2c(cccc2[nH]1)c3ccccc3Cc4ccccc4)C(=O)O,3.25,-0.0702165952380942,-3.320216595238094
4179,valid,CCNC(=O)Nc1nc2cc(ccc2[nH]1)c3cccnc3,2.34,2.4208799999999995,0.08087999999999962
1888,valid,CC(C)C(NC(=O)CN1C(=O)C(=CC=C1c2ccccc2)NC(=O)Cc3ccc(cc3)C(=O)O)C(=O)C(F)(F)F,0.35,1.3745599999999998,1.0245599999999997
1722,valid,Clc1ccccc1CNC(=O)c2cccnc2Oc3ccccc3,3.68,3.320608333333338,-0.35939166666666233
553,valid,COc1ccc(c(C)n1)c2cccc3c(N)c4C(=O)N(Cc4nc23)C5CCC5,3.92,2.7020199999999988,-1.2179800000000012
76,valid,Cc1cc(CCC2CCN(CC2)S(=O)(=O)CC3(CCOCC3)N(O)C=O)c(C)cn1,1.43,1.7721733333333332,0.3421733333333332
3394,valid,CC(C)CC1(CC=C)C(=O)NC(=O)NC1=O,1.48,1.3313166666666651,-0.14868333333333483
1766,valid,CC(NC(C)(C)C)C(=O)c1cccc(Cl)c1,2.12,2.757003333333332,0.637003333333332
2909,valid,CN(C)CCN(Cc1ccccc1)c2ccccn2,1.28,1.8513066666666673,0.5713066666666673
669,valid,CS(=O)(=O)c1ccc(cc1)N2CCN(CC2)C(=O)[C@@H]3CCCC[C@H]3C(=O)NCC#N,0.67,1.8594566666666665,1.1894566666666666
3608,valid,COc1ccc(cc1Cl)C(=O)NCCN2CCN(Cc3ccc(Cl)c(Cl)c3)CC2,3.74,2.5896066666666666,-1.1503933333333336
2559,valid,COc1cc(Nc2cc(Oc3cc(C)c(C)nc3c4ccccn4)ccn2)cc(OC)c1OC,3.22,3.237745000000001,0.01774500000000101
138,valid,COc1ccc(cc1)C2=CC(=O)c3ccccc3N2,2.71,2.6223600000000005,-0.0876399999999995
4187,valid,CN1CCC[C@@H]([C@H]1C(=O)Nc2ccc(OCc3cc(C)nc4ccccc34)cc2)C(=O)NO,2.41,2.3448233333333333,-0.06517666666666688
111,valid,COc1cc(OC)c(cc1NC(=O)CCC(=O)O)S(=O)(=O)N(c2ccc(C)cc2)c3ccc(C)cc3,0.06,-0.7444199999999963,-0.8044199999999964
787,valid,CN(C)CCNCc1ccc(Nc2ncc3cc(ccc3n2)c4ccncc4)cc1,1.4,2.2846345238095234,0.8846345238095235
1096,valid,Nc1cccc2C(=O)C(=O)c3ccccc3c12,2.31,2.3849639999999983,0.07496399999999825
3638,valid,COc1c(cc2ccccc2c1C(=O)N(C)C[C@@H](CCN3CCC(CC3)c4ccc(O)cc4[S+](C)[O-])c5ccc(Cl)c(Cl)c5)C#N,3.5,2.585486333333333,-0.9145136666666671
2597,valid,C(Nc1ncnc2ccccc12)c3ccccc3,3.21,3.039439999999999,-0.17056000000000093
556,valid,C[C@H]1CN(Cc2cc(Cl)ccc2OC(C)(C)C(=O)O)CCN1S(=O)(=O)c3ccccc3,0.54,2.5695333333333332,2.029533333333333
21,valid,Clc1ccc(cc1)C(=O)Nc2oc(nn2)C(=O)Nc3ccc(cc3)N4CCOCC4,1.92,2.731479666666666,0.8114796666666662
1293,valid,Nc1nc(ns1)c2ccccc2,2.2,2.1599600000000003,-0.040039999999999853
1724,valid,Cc1cc(OCCCS(=O)(=O)C)cc(C)c1c2cccc(COc3ccc4[C@H](CC(=O)O)COc4c3)c2,2.3,-0.24585333333332926,-2.545853333333329
2866,valid,Fc1cc2N=CNC(=O)c2cc1F,1.5,0.6008466666666674,-0.8991533333333326
2029,valid,Cc1c(CC(=O)O)c2cc(F)ccc2n1S(=O)(=O)c3ccc(cc3)S(=O)(=O)C,-0.44,0.028486666666664995,0.468486666666665
1331,valid,CO[C@@H]1CN(CCN2C(=O)C=Nc3ccc(OC)cc23)CC[C@H]1NCc4ccc5OCC(=O)Nc5n4,0.97,0.5904831428571469,-0.3795168571428531
3485,valid,Cc1cc(Cl)ccc1OC2CCN(C[C@H](O)CNC(=O)C3=CNC(=O)C=C3C(F)(F)F)CC2,2.37,2.927640000000001,0.557640000000001
2956,valid,Cc1ccc(cc1)S(=O)(=O)NC(=O)N2CCC(CC2)N3CCC(CC3)Oc4ccc(Cl)c(C)c4Cl,2.2,1.7872866666666667,-0.4127133333333335
436,valid,O=C(NC1(CC1)C#N)[C@@H]2CCCC[C@H]2C(=O)N3CCc4oc5ccccc5c4C3,3.01,2.5555533333333322,-0.45444666666666755
293,valid,COc1cc2ncn(c3cc(OCc4ccccc4C(F)(F)F)c(s3)C(=O)O)c2cc1OC,0.84,2.6328813333333323,1.7928813333333324
4098,valid,CN(C1CCCCC1)C(=O)c2c(C)nn(c2NS(=O)(=O)c3ccc(C)cc3)c4ccccc4,1.69,1.8038000000000003,0.11380000000000035
4008,valid,Clc1ccc2OCOc2c1Nc3ncnc4cc(OCCCN5CCCC5)cc(OC6CCOCC6)c34,2.3,2.6253599999999992,0.3253599999999994
3646,valid,CN(C)C(=O)[C@H](Cc1ccccc1)NC(=O)c2cc3sccc3[nH]2,3.1,2.9564533333333323,-0.14354666666666782
133,valid,[O-][N+](=O)c1ccc2OC(CN(c2c1)c3cccc[n+]3[O-])(C(F)F)C(F)F,3.2,2.4250799999999995,-0.7749200000000007
1914,valid,CCCc1cc(cc(OC)c1OC)C2=N[C@H](CO2)C(=O)NO,1.69,1.8639933333333332,0.17399333333333322
2544,valid,Oc1c2C(=O)N(NC(=O)c2nc3cc(Cl)ccc13)C(C4CC4)c5ccccn5,1.0,1.5881800000000008,0.5881800000000008
812,valid,C[C@H](NC(=O)c1c(C)nn(C2CCN(C)CC2)c1NS(=O)(=O)c3ccc(C)cc3)C(C)(C)C,0.8,0.8923800000000055,0.09238000000000546
155,valid,COC(=O)C1=Nc2c(N[C@H](C)CO)nc(SCc3cccc(F)c3F)nc2NC1=O,2.49,2.923175999999997,0.4331759999999969
3998,valid,CC(C)NC(=O)c1ccc2c(Nc3ccc(Cl)cc3)nc(nc2c1)N4CCOCC4,2.78,2.752264999999999,-0.02773500000000073
310,valid,COc1ccnc(CCc2nc3cc(Br)cnc3[nH]2)c1,2.92,2.15464,-0.7653599999999998
880,valid,OC(=O)c1cccnc1N2CCC(CN3CCC(CC3)Oc4ccc(Cl)c(Cl)c4)CC2,1.71,1.890226666666667,0.18022666666666698
2488,valid,CCC(Oc1ccc(cc1c2ccc(cc2C)S(=O)(=O)CC)C(F)(F)F)C(=O)O,0.31,0.8267396666666629,0.5167396666666628
1951,valid,COc1cc2ncc(C(=O)N)c(Nc3cccc(F)c3F)c2cc1OC,2.82,2.975106666666667,0.15510666666666717
2520,valid,CN1CCN(CC1)C(=O)c2cc3cc(F)ccc3[nH]2,1.97,2.3151214285714286,0.3451214285714286
1279,valid,CC(C)C[C@H](NC(=O)N1CCOCC1)C(=O)NCC#N,0.08,2.4591599999999993,2.3791599999999993
903,valid,O=C1C(=O)c2ccccc2c3ccccc13,2.6,2.5261599999999986,-0.07384000000000146
2052,valid,Cc1nc(cs1)C(=O)N2CCOC3(CCN(Cc4ccc(Cl)cc4)CC3)C2,2.17,1.8158499999999993,-0.35415000000000063
1380,valid,COCCN(C)Cc1ccc(Nc2ncc3cc(ccc3n2)c4ccncc4)cc1,2.65,2.7034573333333323,0.05345733333333236
1621,valid,Oc1oc(c2ccccc2)c(n1)c3ccccc3,3.42,2.671469333333333,-0.7485306666666669
2531,valid,O=C(CC1CCCCCC1)Nc2cccc3C(=O)N(C=Cc23)[C@H]4CCNC4,1.15,1.8201449999999995,0.6701449999999995
267,valid,N#CC[C@H](C1CCCC1)n2cc(cn2)c3ncnc4[nH]ccc34,2.55,2.0999066666666666,-0.45009333333333323
2188,valid,Nc1[nH]nc2cccc(Cl)c12,1.92,1.8183516666666661,-0.10164833333333378
2165,valid,Cc1ccccc1C[C@H](N2CCC(CN3CCC(CC3)Oc4ccc(Cl)c(Cl)c4)CC2)C(=O)O,2.54,2.5887599999999993,0.04875999999999925
2416,valid,Cc1ccc(C[C@H](N2CCC(CN3CCC(CC3)Oc4ccc(Cl)c(Cl)c4)CC2)C(=O)O)cc1,3.01,2.6811200000000004,-0.3288799999999994
1401,valid,CC[C@H](NC(=O)c1c([S+]([O-])CC)c(nc2ccccc12)c3ccccc3)c4ccccc4,3.45,2.9446813333333344,-0.5053186666666658
818,valid,CCCSc1c(cnn1c2ccc(cc2)C(=O)O)C(=O)N(C)C3CCCCC3,0.59,2.2740926666666668,1.684092666666667
2101,valid,CN1CCN(CC1)c2ccc3N=CN(C(=O)c3c2)c4cc(ccc4C)C(=O)Nc5ccon5,1.87,2.1987000000000005,0.32870000000000044
1191,valid,Nc1nc(SCc2ccccc2)nc3c1ncn3[C@@H]4O[C@H](CO)[C@@H](O)[C@H]4O,1.24,0.9995933333333311,-0.24040666666666888
2796,valid,Oc1ccc(CCc2ccc(O)cc2)cc1,3.3,2.3166959999999994,-0.9833040000000004
4126,valid,O=C(CN1CCOCC1)Nc2ccc(cc2OCC3CC3)c4cccc5C(=O)C=C(Oc45)N6CCOCC6,3.3,3.0322733333333307,-0.2677266666666691
445,valid,CC(C)C[C@H](CO)Nc1nc(SCc2ccccc2F)nc3nc(N)sc13,4.5,3.5321866666666626,-0.9678133333333374
1944,valid,CC(C)C(NC(=O)CN1C(=O)C(=CC=C1c2ccccc2)NS(=O)(=O)C(F)(F)F)C(=O)C(F)(F)F,1.01,2.064164,1.0541639999999999
284,valid,COc1ccccc1c2nnc(N)[nH]2,0.91,1.69924,0.78924
4024,valid,Cc1ccc(cc1)c2nnc(N3CCN(CC3)C(=O)c4occc4)c5ccccc25,3.78,2.493033333333333,-1.2869666666666668
42,valid,NC(=NC#N)c1sc(Nc2ccccc2)nc1N,2.91,2.1510650000000004,-0.7589349999999997
803,valid,O=C(N[C@H]1CN2CCC1CC2)c3ccc(s3)c4ccccn4,0.7,1.748787380952382,1.048787380952382
2363,valid,OC(=O)[C@H](Cc1ccc(OCCNc2ccccn2)cc1)NC(=O)c3c(Cl)cccc3Cl,-0.48,0.029699999999996507,0.5096999999999965
2835,valid,CCN1CCC[C@H]1CNC(=O)c2cc(ccc2OC)S(=O)(=O)N,-0.84,-0.13130500000001932,0.7086949999999806
1632,valid,CCNC1=Nc2ccccc2C(=NC1c3cccs3)c4ccccc4,3.98,2.7556033333333327,-1.2243966666666672
371,valid,Oc1ccc(cc1)C2=CC(=O)c3ccc(O)cc3O2,3.2,2.8346000000000005,-0.3653999999999997
2000,valid,Fc1ccc(Nc2oc(nn2)C(=O)Nc3ccc(nc3)N4CCOCC4)cc1,3.0,2.9697799999999983,-0.03022000000000169
4134,valid,C[C@@H]1CC[C@H](CC1)Oc2nc(N)c3ncn([C@@H]4O[C@H](C)[C@@H](O)[C@H]4O)c3n2,2.35,1.3975400000000011,-0.952459999999999
3005,valid,CCn1cnc2cnc(c3ccc(cc3)C4(N)CCC4)c(c5ccccc5)c12,2.0,2.3624533333333333,0.3624533333333333
3431,valid,CN(C(=O)C)c1ccccc1,1.1,2.2117186666666666,1.1117186666666665
2667,valid,Nc1ncnc(Nc2ccccc2)n1,1.4,2.462913333333333,1.062913333333333
2257,valid,Cc1ccc(CN2C(=O)CCSc3ccc(Cl)cc23)cc1,3.7,2.5792133333333336,-1.1207866666666666
230,valid,OC(=O)[C@H](Cc1ccccc1)N2CCC(CN3CCC(CC3)Oc4ccc(Cl)c(Cl)c4)CC2,2.5,2.476359999999998,-0.023640000000002104
4092,valid,CN(C)CC(O)COc1ccc(Nc2nccc(Nc3cc(C)ccc3F)n2)cc1,2.1,2.2460233333333335,0.1460233333333334
2711,valid,C[C@H](Nc1nc(Nc2ncc(C#N)s2)cc(n1)N3CCOCC3)c4ccc(F)cn4,3.45,2.7417333333333316,-0.7082666666666686
227,valid,Cc1cc(OC2CCN(CC3CCN(CC3)[C@@](C)(Cc4ccc(F)cc4)C(=O)O)CC2)ccc1Cl,2.08,2.425793333333333,0.34579333333333295
2704,valid,COc1cc(ccc1Cc2c[nH]c3ccc(NC(=O)CC4CCCC4)cc23)C(=O)NS(=O)(=O)c5ccccc5C,2.0,2.116766666666667,0.11676666666666691
2983,valid,CC1=C(C(=O)N(C[C@H](N)c2ccccc2)C(=O)N1Cc3c(F)cccc3F)c4ccccc4F,2.76,1.1303693333333333,-1.6296306666666664
1957,valid,O=C(NC1(CC1)C#N)[C@@H]2CCCC[C@H]2C(=O)N3CCc4[nH]c5ncccc5c4C3,2.13,2.6038959999999998,0.4738959999999999
2241,valid,CCCc1nc2c(N)nc3ccccc3c2s1,4.09,2.1414533333333337,-1.9485466666666662
3452,valid,Cn1cnc2cc(OC(=O)c3ccccc3)cnc12,2.4,2.589706666666667,0.1897066666666669
3113,valid,Cc1sc2ncnc(SCC(=O)N3CCCC3)c2c1C,2.89,2.2759146666666665,-0.6140853333333336
3455,valid,Oc1ccc(cc1)C2CC(=O)c3c(O)cc(O)cc3O2,2.6,2.2680933333333333,-0.3319066666666668
2281,valid,Nc1nc(NCc2ccccc2)nc3c1nc(O)n3Cc4ccccc4,3.69,2.1915,-1.4985
1840,valid,OCC(CO)CN1C(=O)C(Cc2ccccc12)NC(=O)c3cc4cc(Cl)sc4[nH]3,3.56,3.2063044365079363,-0.35369556349206377
3215,valid,C[C@@H]1CN(CCN1c2ncc(OCc3ccncc3C#N)cn2)c4noc(n4)C(F)F,2.85,3.2066199999999947,0.3566199999999946
398,valid,CCc1[nH]nc(NC(=O)Cc2ncc(Oc3ccnc4cc(OC)c(OC)cc34)cc2OC)c1C,2.79,3.0405833333333296,0.2505833333333296
3179,valid,NC(=O)c1cccnc1Oc2ccccc2,1.13,1.4050500000000004,0.27505000000000046
1698,valid,Cc1nc(N)c2nc(O)n(Cc3ccccc3)c2n1,2.04,2.274976,0.23497600000000007
2993,valid,Clc1ccc2N(C3CCN(CCCN4C(=O)Nc5ccccc45)CC3)C(=O)Nc2c1,3.45,2.9012199999999995,-0.5487800000000007
2407,valid,OCC(O)CN1CCN(CC1)c2ccccc2,0.4,2.3314,1.9314
3896,valid,CNS(=O)(=O)c1ccc(Nc2nccc(n2)c3cnc4cccnn34)cc1,2.8,2.7101800000000003,-0.08981999999999957
599,valid,CCC(C)NC(=O)c1c(C)nn(c1NS(=O)(=O)c2ccc(C)cc2)c3ccccc3,0.66,0.8510279999999968,0.19102799999999676
1229,valid,Cc1oc(cc1)c2ccc(cc2F)S(=O)(=O)N3CCC[C@H]3C(=O)N4CC[C@@H](N)C4,1.2,1.73656,0.5365600000000001
3791,valid,CCc1nn(C2CCCC2)c3c1CCn4c(nnc34)c5cccs5,3.6,2.235574666666667,-1.3644253333333332
1537,valid,Cc1ccc(Oc2ccnc(Nc3ccc(cc3)S(=O)(=O)N)c2)c(C)n1,2.47,2.6400063333333335,0.17000633333333326
3274,valid,CCCCCOC(=O)NC1=NC(=O)N(C=C1F)[C@@H]2O[C@H](C)[C@@H](O)[C@H]2O,0.67,1.7625095238095234,1.0925095238095235
1853,valid,NC1=CC2=NNC(=O)N2c3cc(ccc13)c4cccs4,3.26,1.9049799999999997,-1.3550200000000001
3772,valid,CC1=C2C(=CC(=O)N1Cc3ccccn3)NN(C2=O)c4ccccc4Cl,0.2,2.4045333333333327,2.2045333333333326
3639,valid,CN1C(=O)N(C)c2ncn(C)c2C1=O,-0.03,0.8530199999999977,0.8830199999999977
1488,valid,Cc1nc(C)c(nc1C(=O)N)c2ccc(cc2)C34CCC(CC(=O)O)(CC3)CC4,1.6,1.2497199999999977,-0.35028000000000237
3262,valid,C[C@H]1O[C@H]([C@H](O)[C@@H]1O)n2cnc3c(N)nc(OC4CC5CC5C4)nc23,1.66,1.6881166666666674,0.028116666666667456
3852,valid,OC(=O)c1cncc(c1)c2ccc(Cl)c(c2)C(=O)NCC34CC5CC(CC(C5)C3)C4,0.85,2.5304133333333336,1.6804133333333335
2763,valid,Cc1cc(C)n(n1)c2cccc(Cl)c2C#N,3.0,2.6901346666666663,-0.30986533333333366
2946,valid,Clc1ccc(cc1)c2oc(cc2)C(=O)Nc3ccc(cc3)N4CCNCC4,2.4,2.380582952380951,-0.019417047619048944
2364,valid,CC(C)(C)OC(=O)N1CCC(CC1)c2ncc(OCc3ccc(cc3)S(=O)(=O)C)cn2,2.8,3.026019523809524,0.22601952380952417
4010,valid,CC1=CN([C@H]2CCCN(C2)S(=O)(=O)c3ccc(C(=O)O)c(Oc4ccc(Cl)c(Cl)c4)c3)C(=O)NC1=O,-0.87,-0.16081333333332548,0.7091866666666745
206,valid,CC(C)C(NC(=O)CN1C(=O)C(=CC=C1c2ccccc2)NS(=O)(=O)N)C(=O)C(F)(F)F,1.17,1.378098333333335,0.20809833333333505
1900,valid,COc1ccc(OC(F)(F)F)cc1CN[C@H]2CCCN[C@H]2c3ccccc3,2.9,2.277505,-0.6224949999999998
635,valid,FC(F)Oc1ccc(cc1OCC2CC2)C(=O)Nc3c(Cl)cncc3Cl,3.95,2.5462846666666663,-1.4037153333333339
1251,valid,CC(C)n1c(C)ncc1c2ccnc(Nc3ccc(cc3)S(=O)(=O)CCCN4CCOCC4)n2,2.43,2.7253659999999984,0.29536599999999824
3966,valid,COc1cc(nc2c(cc(F)cc12)N3CCN(C)CC3)C(=O)Nc4ccc(cc4)N5CCOCC5,3.85,2.7501699999999993,-1.0998300000000008
1522,valid,CCOC(=O)c1ccc(CCN2CCN(CC2)c3ccc(C)nn3)cc1,2.58,2.531299999999999,-0.048700000000001076
2219,valid,OC(CN1CCCCC1)(C(=O)c2ccccc2)c3ccccc3,3.41,2.4562049999999993,-0.9537950000000008
2279,valid,CCN1C(=O)NC(C1=O)c2ccccc2,1.0,1.9729799999999995,0.9729799999999995
2056,valid,COc1cc2ncnc(Nc3cccc(Cl)c3F)c2cc1CN4CCC[C@@H]4C(=O)N,3.58,3.160504333333332,-0.41949566666666804
3666,valid,O[C@H](CNC(=O)c1c[nH]nc1C2CC2)CN3CCC(CC3)Oc4ccc(Cl)c(Cl)c4,3.15,2.994106666666666,-0.1558933333333341
738,valid,CS(=O)(=O)c1ccc2c3CN(CCc3[nH]c2c1)C(=O)[C@@H]4CCCC[C@H]4C(=O)NC5(CC5)C#N,1.5,2.2619466666666668,0.7619466666666668
2574,valid,COc1ccc2nc3ccccc3c(N)c2c1,1.0,2.47623,1.4762300000000002
1504,valid,CCCC1=CC(=O)NC(=S)N1,0.7,1.7749226666666664,1.0749226666666665
3532,valid,O=C1O[C@]2(CN3CCC2CC3)CN1c4cccs4,0.9,1.9468259999999997,1.0468259999999998
2933,valid,CONC(=O)c1cnc(s1)N2CCC(CC2)NC(=O)c3[nH]c(C)c(Cl)c3Cl,3.1,1.6093733333333329,-1.4906266666666672
175,valid,Cc1nc2ccc(Cl)cn2c1c3ccnc(N)n3,2.49,1.5645333333333338,-0.9254666666666664
1571,valid,CCN1CCN(CC(=O)Nc2ccc(c3cccc4C(=O)C=C(Nc34)N5CCOCC5)c6sc7ccccc7c26)CC1,2.6,2.800023333333334,0.2000233333333341
2979,valid,CC(=O)C1=C(C)c2cnc(Nc3ccc(cn3)N4CCNCC4)nc2N(C5CCCC5)C1=O,0.8,1.8498533333333333,1.0498533333333333
771,valid,CC(C)[C@H](N(CCCN)C(=O)c1ccc(C)cc1)C2=Nc3cc(Cl)ccc3C(=O)N2Cc4ccccc4,2.88,1.7324099999999987,-1.1475900000000012
2540,valid,C[C@@H](Oc1ccc(SCCCCCc2ccccc2)cc1)C(=O)c3nc(C)c(CCCC(=O)O)s3,3.58,1.933880000000001,-1.6461199999999991
3717,valid,COc1ccc(OC)c(c1)c2c(F)ccc3c(N)c(nnc23)C(=O)NC4CC4,3.47,3.2726400000000053,-0.19735999999999487
2265,valid,COc1cc2ncnc(Nc3cc(NC(=O)c4cccc(c4)N5CCOCC5)ccc3C)c2cc1OC,3.6,3.111419999999999,-0.4885800000000011
1553,valid,NC(=O)c1c(NC(=O)NCCCCN2CCCC2)snc1OCc3c(F)cc(Br)cc3F,2.5,1.6040500000000002,-0.8959499999999998
824,valid,Cc1cc(O[C@H]2C[C@H]3CC[C@@H](C2)N3Cc4ccccc4)cc(c1)C(=O)N,2.08,2.0369564285714286,-0.043043571428571514
2069,valid,COc1ccc2C(=NC(=O)N(CCN3CCC(CC3)NCc4cc5OCCOc5cn4)c2c1)C,0.29,1.324726666666667,1.034726666666667
501,valid,Cc1c(Sc2ccc(Cl)cc2)c3cc(Cl)ccc3n1CC(=O)O,2.87,1.9808799999999995,-0.8891200000000006
947,valid,CCN1CCOc2cc(COc3ccccc3)cnc12,3.7,2.7522799999999994,-0.9477200000000008
1360,valid,Clc1cnc(cc1C(=O)NCC23CC4CC(CC(C4)C2)C3)N5CCNCC5,2.09,1.5120400000000007,-0.5779599999999991
172,valid,Cc1ccc2c(c1)c(c(C)n2CC(=O)O)c3ccnc4ccc(cc34)C(F)(F)F,1.78,1.433569047619049,-0.346430952380951
680,valid,O=C(NC1(CC1)C#N)[C@@H]2CCCC[C@H]2C(=O)N3CCN(CC3)c4ccccc4,1.99,1.984893333333333,-0.005106666666667037
2443,valid,COc1ccc(cc1)N2CCN(CC2)C(=O)[C@@H]3CCCC[C@H]3C(=O)NC4(CC4)C#N,1.74,1.8010199999999983,0.0610199999999983
1801,valid,Cn1cc(nc1c2c3C(=O)N(CC=C)C(=O)N(CC4CC4)c3nn2Cc5ccnc6ccc(Cl)cc56)C#N,3.92,3.7224199999999907,-0.1975800000000092
3393,valid,Cc1cc(Nc2nc(NCc3ccccn3)ncc2Br)n[nH]1,2.8,2.6428173333333325,-0.15718266666666736
1154,valid,OC(=O)c1ccc2c(c1)nc(Nc3cccc(Cl)c3)c4ccncc24,1.29,2.2989479999999998,1.0089479999999997
1249,valid,OC(=O)c1c(C#N)c2ccccc2n1Cc3ccc(Cl)c(Cl)c3,1.26,2.586274999999999,1.3262749999999992
1400,valid,CC(C)C(NC(=O)CN1C(=O)C(=CC=C1c2ccccc2)NC(=O)NCc3cccnc3)C(=O)C(F)(F)F,2.84,1.6643400000000015,-1.1756599999999984
3673,valid,CN[C@@H](C)C(=O)N[C@@H](C1CCCCC1)C(=O)N[C@H]2CCCN(Cc3ccccc3)C2,2.01,1.9754599999999989,-0.0345400000000009
3312,valid,OC(=O)c1cc2cc(ccc2n1Cc3ccc(Cl)c(Cl)c3)C(F)(F)F,3.07,2.3724333333333334,-0.6975666666666664
3470,valid,Cc1cccc(NC(=O)NCC(N2CCOCC2)c3cccnc3)c1,2.0,2.766807142857143,0.766807142857143
1609,valid,CCOC(=O)c1ccc(OCCC2CN(C2)c3ccc(C)nn3)cc1,3.22,2.7603133333333343,-0.4596866666666659
1858,valid,NC(=O)N(c1ccc(C(=O)N)c(n1)c2ccc(F)cc2F)c3c(F)cccc3F,1.6,1.912328333333333,0.3123283333333329
2183,valid,C1CN(CCO1)c2cc(Nc3nccc(Nc4cccc5[nH]ncc45)n3)cc(c2)N6CCOCC6,3.05,2.9780749999999983,-0.07192500000000157
3792,valid,CCCN1CCC(CC1)Oc2nccc(Nc3cc(NC(=O)c4cccc(c4)N5CCOCC5)ccc3C)n2,2.6,2.3354899999999996,-0.26451000000000047
3509,valid,CCOc1cccc2c3CN(CCc3[nH]c12)C(=O)[C@@H]4CCCC[C@H]4C(=O)NC5(CC5)C#N,3.1,2.8924999999999996,-0.20750000000000046
2147,valid,CCS(=O)(=O)c1ccc(c(F)c1)c2cc(Cl)ccc2OCC(=O)O,-0.92,-0.3378599999999805,0.5821400000000195
2419,valid,OC(=O)CSc1c[nH]c2ccccc12,-1.31,1.2455533333333317,2.555553333333332
3698,valid,Clc1ccc2Oc3ccccc3N=C(N4CCNCC4)c2c1,2.28,1.5516504761904764,-0.7283495238095234
2158,valid,CCn1cc(NC(=O)Cc2ccc(Oc3ccnc4ccc(F)cc34)cc2OC)cn1,3.88,3.5329199999999976,-0.3470800000000023
2722,valid,COc1cc2ncc(C(=O)N)c(Nc3cccc(Cl)c3Cl)c2cc1OC,3.4,3.2749466666666653,-0.12505333333333457
462,valid,CC(=O)Nc1ccc2CCN(c3cc(NC4CC4)n5ncc(C#N)c5n3)c2c1,3.3,2.5664666666666665,-0.7335333333333334
2484,valid,NC(=O)c1sc2nccc(Nc3ccccc3)c2c1N,2.91,2.2584,-0.6516000000000002
3829,test,CCC(CC)NC(=O)c1c(C)nn(C(C)C)c1NS(=O)(=O)c2ccc(C)cc2,0.92,0.6686599999999989,-0.2513400000000011
416,test,Clc1cccc(c1)N2CCN(CCCN3N=C4C=CC=CN4C3=O)CC2,2.67,3.049566666666667,0.3795666666666673
2228,test,Cc1ccc(cc1)S(=O)(=O)NC(=O)N2CCC(CC2)N3CCC(CC3)Oc4ccc(Cl)cc4C,1.79,1.6061599999999991,-0.1838400000000009
3333,test,Oc1c2ncc3ccccc3c2nn1c4ccc(Cl)cc4,1.52,1.8262259999999997,0.30622599999999967
3883,test,NS(=O)(=O)c1cccc2c3nc(O)c(O)nc3cc(c12)[N+](=O)[O-],0.36,1.874299999999999,1.514299999999999
3099,test,CO[C@@H]1CN(CCN2C(=O)C=Cc3ccc(cc23)C#N)CC[C@H]1NCc4ccc5OCC(=O)Nc5n4,0.81,0.45699266666666083,-0.3530073333333392
2449,test,CCc1nc2ccc(cn2c1N(C)Cc3cccs3)C(=O)NCc4ccc5OCOc5c4,4.1,2.1971433333333334,-1.9028566666666662
2612,test,CCCCNc1nc(SCCC)nc2c1nnn2[C@@H]3C[C@H](CO)[C@@H](O)[C@H]3O,3.07,2.547486666666666,-0.5225133333333338
2151,test,O[C@H](CNC(=O)C1=CNC(=O)c2ccccc12)CN3CCC(CC3)Oc4ccc(Cl)c(Cl)c4,3.42,3.317219999999998,-0.10278000000000187
3148,test,C1CCC(CC1)NC2CCCCC2,-0.38,1.6900399999999995,2.0700399999999997
3073,test,CN(C)CCOc1ccc(cc1)c2oc3ncnc(NC[C@@H]4CCCO4)c3c2c5ccccc5,3.6,2.5458383333333328,-1.0541616666666673
535,test,CN(C)CCOc1cc(NS(=O)(=O)c2c(Cl)cc(cc2Cl)C(F)(F)F)ccc1Cl,2.99,2.4318686666666665,-0.5581313333333338
3112,test,CCCCCc1ccc(cc1)c2nnc(N)s2,4.13,1.9847399999999995,-2.1452600000000004
82,test,COc1ccc(cc1)C2=COc3cc(O)cc(O)c3C2=O,3.5,2.8837733333333326,-0.6162266666666674
3014,test,O[C@H](CNC(=O)c1cnnc2ccccc12)CN3CCC(CC3)Oc4ccc(Cl)c(Cl)c4,3.28,3.1407733333333323,-0.1392266666666675
383,test,CC(C)(C)NCC(O)COc1nsnc1N2CCOCC2,-0.35,0.6878693333333283,1.0378693333333282
2608,test,COc1cc(OC)c(cc1NC(=O)C)S(=O)(=O)N(C)c2ccccc2,1.1,1.9027,0.8027
4031,test,NC(=O)Nc1cc(sc1C(=O)N)c2ccsc2,2.3,2.05976,-0.24024
3457,test,C[C@H](CO)Nc1nc(SCc2cccc(F)c2F)nc3NC(=O)C(=Cc13)C#N,3.32,2.957082666666663,-0.36291733333333687
2046,test,CCCc1c(O)c(O)c(C(=O)O)c2cc(Cc3ccccc3)c(C)cc12,2.6,2.1781733333333335,-0.42182666666666657
2422,test,O=C(NCC#N)[C@@H]1CCCC[C@H]1C(=O)N2CCCCC2,0.9,1.1572720000000005,0.2572720000000005
1453,test,CC[C@H](CO)Nc1nc(SCc2ccccc2)nc3NC(=O)Sc13,3.22,3.2848466666666614,0.06484666666666117
3817,test,FC(F)(F)c1cccc(c1)S(=O)(=O)NC(=O)N2CCC(CC2)N3CCC(CC3)Oc4ccc(Cl)c(Cl)c4,2.94,2.13218,-0.80782
261,test,CSCCC(NC(=O)c1sccc1Cl)c2nc3ccccc3[nH]2,3.69,3.2908016666666677,-0.3991983333333322
1675,test,CCCCCCCN(CC)CCCC(O)c1ccc(NS(=O)(=O)C)cc1,1.2,1.5166669999999995,0.3166669999999996
3671,test,CC(C)n1c2ccccc2c3cc(NC(=O)N4CCOCC4)ccc13,3.55,2.929553333333333,-0.620446666666667
799,test,CC(C)c1ccccc1Cc2cc(C(=O)Nc3ccc(cc3)S(=O)(=O)c4ccccc4C(C)(C)C)c(O)c(O)c2O,3.44,2.5258246666666664,-0.9141753333333336
1376,test,COc1ccc(cc1)C(=O)CS(=O)(=O)c2ccccc2,1.96,2.239206666666667,0.27920666666666705
2,test,COC(=O)[C@@H](N1CCc2sccc2C1)c3ccccc3Cl,3.69,1.6810939999999994,-2.0089060000000005
2650,test,NC1=NC(=CC(=O)N1)CCc2ccccc2,1.4,2.1827,0.7827000000000002
118,test,Clc1ccc2OCC(=O)N(CCN3CCC(CC3)NCc4ccc5OCC(=O)Nc5n4)c2c1,1.33,0.8300413333333387,-0.49995866666666133
4018,test,COc1cc(OC2CCNCC2)ccc1Nc3ncc(Cl)c(n3)c4cnc5ccccn45,1.8,1.7411399999999997,-0.058860000000000356
694,test,CC(C)CN1C(=O)N(C)C(=O)c2c1sc(Cc3ccccc3C(F)(F)F)c2C(=O)N4CCC4,3.46,3.57242,0.11242000000000019
1763,test,CN1CC(c2ccccc2)c3cccc(N)c3C1,2.08,2.07151,-0.008490000000000109
3022,test,CC1=CN([C@H]2CCCN(C2)S(=O)(=O)c3cccc(Oc4ccccc4)c3)C(=O)NC1=O,2.32,2.2963299999999993,-0.023670000000000524
544,test,Nc1ccc(Cl)c(c1)C(=O)NCC23CC4CC(CC(C4)C2)C3,3.45,1.2936653333333323,-2.156334666666668
3689,test,FC(F)(F)c1cc(NC(=O)c2cnc(Cl)nc2C(F)(F)F)cc(c1)C(F)(F)F,1.8,2.16374,0.3637400000000002
26,test,COc1cnc(nc1N(C)C)c2ccccn2,1.9,2.30918,0.4091800000000001
977,test,Oc1ncc(NCc2ccccc2)c(O)n1,0.82,2.0700866666666666,1.2500866666666668
2636,test,CC(C)(N)C(=O)N[C@H](Cc1c[nH]c2ccccc12)C(=O)N[C@H](Cc3c[nH]c4ccccc34)NC=O,1.0,1.467228666666667,0.46722866666666696
3818,test,OC(=O)CCC(=O)N1CCC(CC1)c2onc(n2)c3cccs3,-1.27,0.6224166666666666,1.8924166666666666
2049,test,O=C(N1CCN(CC1)c2ccccn2)c3cccc(CC4=NNC(=O)c5ccccc45)c3,2.36,1.3965999999999974,-0.9634000000000025
2850,test,O=C1NN=C(Cc2ccccc2)c3ccccc13,2.8,1.564748571428571,-1.2352514285714289
1465,test,CCOc1ccc(cc1)N2C(=Nc3ccccc3C2=O)CC,3.27,2.2917899999999998,-0.9782100000000002
1342,test,Fc1ccc(CC2=NNC(=O)c3ccccc23)cc1N4C(=O)CCC4=O,1.0,1.4924400000000002,0.4924400000000002
3015,test,CCCCc1nc2c(N)nc3ccccc3c2n1Cc4ccccc4,4.17,2.789676000000001,-1.380323999999999
697,test,COc1cc2c(NC(=O)Nc3c(Cl)cccc3Cl)ncnc2cc1OCC4CCN(C)CC4,2.7,2.646263333333334,-0.0537366666666661
2579,test,OCC(=O)N1CCC(CC1)c2n[nH]c(c3ccc(Cl)cc3)c2c4ccncn4,1.85,2.3862566666666662,0.5362566666666662
2192,test,COc1ccc(N(C(C(=O)NC[C@@H](C)O)c2ccccc2F)C(=O)c3ccoc3Cl)c(OC)c1,2.36,2.2940699999999996,-0.06593000000000027
3298,test,CS(=O)(=O)c1ccc(CC(=O)N(CC=C)C2CCN(CCC(c3ccccc3)c4ccccc4)CC2)cc1,3.1,2.701279999999999,-0.3987200000000013
1122,test,Cn1cnc(c2ccccc2)c1c3cc4c(N)ncnc4s3,2.94,2.5359666666666665,-0.40403333333333347
925,test,CN(c1ccnc(Nc2cc(cc(c2)N3CCOCC3)N4CCCC4)n1)c5cc(CO)ccc5C,3.8,3.14028,-0.6597199999999996
876,test,CN[C@@H](C)C(=O)N[C@@H](C1CCCCC1)C(=O)N[C@H]2CCCN(CCc3ccccc3)C2,1.65,2.22222,0.5722200000000002
1570,test,CCN(CC)CC(=O)Nc1c(cnn1c2ccccc2)C#N,0.4,1.4285700000000008,1.0285700000000007
2093,test,Cc1ccccc1CCOCCCS(=O)(=O)CCNCCc2ccc(O)c3nc(O)sc23,2.84,2.3316,-0.5084
3573,test,Oc1ccc(CCNCCN(C2CCCCC2)C(=O)CCNCCc3ccc(Cl)c(Cl)c3)c4OCC(=O)Nc14,2.23,1.544336,-0.685664
3270,test,CSc1ccc2Sc3ccccc3N(CCC4CCCCN4C)c2c1,3.76,2.5755786666666656,-1.1844213333333342
3894,test,COc1cc2c3N([C@H](C)c4ccccn4)C(=O)Nc3cnc2cc1c5c(C)onc5C,3.15,2.3804199999999995,-0.7695800000000004
1404,test,Cc1cc(CN2Cc3ccccc3C2C(=O)Nc4ccc(Cl)cc4)ccc1OCC(=O)O,1.38,2.112,0.7320000000000002
2822,test,COc1ccccc1N2CCN(CCCCNC(=O)c3ccc4ccccc4c3)CC2,3.53,2.6310933333333337,-0.8989066666666661
2278,test,Clc1ccc(cc1)c2cn3ccccc3n2,4.0,2.8282613333333315,-1.1717386666666685
3694,test,COc1ccc(CC(=O)N(C)C2CCN(CCC(c3ccccc3)c4ccccc4)CC2)cc1OC,3.4,3.321706666666664,-0.07829333333333599
1457,test,C[C@H](NC(=O)c1c(NS(=O)(=O)c2ccc(C)cc2)n(nc1C(F)(F)F)c3ccccc3)C(C)(C)C,2.35,1.461039999999998,-0.8889600000000022
123,test,Nc1c(NC2CC3CCC2C3)nc(nc1N4CCOCC4)C#N,3.53,2.31891,-1.21109
3742,test,COc1cc2OC[C@H]3Oc4c5C[C@@H](Oc5ccc4C(=O)[C@H]3c2cc1OC)C(=C)C,3.57,2.336913333333333,-1.2330866666666669
1432,test,COc1cc(OC)c(cc1NC(=O)CCC(=O)O)S(=O)(=O)N2c3ccccc3Oc4ccccc24,-0.53,-0.7897200000000022,-0.25972000000000217
3230,test,Cc1c(sc2ncnc(O)c12)C(=O)Nc3ccccc3,2.13,2.1287083333333334,-0.001291666666666469
704,test,CC(=O)NC1CC2CCCC(C1)N2C(=O)Nc3ccc(Cl)c(c3)C(F)(F)F,2.79,2.826881666666667,0.036881666666666924
2327,test,Oc1ccc(cc1)c2oc3c(cc(O)cc3n2)C#N,3.6,2.86312,-0.7368800000000002
936,test,COc1ccc(Sc2c(C)n(CC(=O)O)c3ccc(C)cc23)cc1,1.01,1.6521533333333345,0.6421533333333345
2119,test,O[C@H](CNC(=O)c1c[nH]nc1C(F)(F)F)CN2CCC(CC2)Oc3ccc(Cl)c(Cl)c3,3.34,3.1475,-0.1924999999999999
3961,test,Nc1cc(nc2c(cnn12)C#N)c3ccccc3,2.48,2.24715,-0.23285
494,test,FC(F)(F)c1ccc2[nH]c3CCN(Cc3c2c1)C(=O)[C@@H]4CCCC[C@H]4C(=O)NC5(CC5)C#N,4.2,3.0054999999999983,-1.194500000000002
166,test,CCCNC(=O)CSc1ccc(cn1)S(=O)(=O)N2CCCC2,1.55,2.22315,0.6731499999999999
3036,test,CCOc1ccc(cc1)N2C(=O)c3ccccc3N=C2[C@@H](C)N(Cc4cccnc4)C(=O)Cc5ccc(cc5)C(F)(F)F,4.25,2.6510299999999987,-1.5989700000000013
688,test,C[C@]12CC[C@H]3[C@@H](CCc4cc(O)ccc34)[C@@H]1CC[C@@H]2O,3.72,2.5318766666666654,-1.1881233333333348
1727,test,CN1CCN(CC1)C(=O)c2cc3cc(C)ccc3[nH]2,2.22,2.10098,-0.11902000000000035
431,test,COc1ccc(OC)c(c1)c2cccc3c(N)c(nnc23)C(=O)NC(C)C,3.65,3.724300000000003,0.07430000000000314
1706,test,OC(=O)C(N1CCC(CC1)N2CCC(CC2)Oc3ccc(Cl)c(Cl)c3)c4ccccc4,2.23,2.2858699999999996,0.05586999999999964
2953,test,COCCNc1nc(NCc2ccccc2F)c3sccc3n1,3.4,2.8180993333333326,-0.5819006666666673
2485,test,COc1ccccc1OCC(O)COC(=O)N,0.36,1.3897633333333332,1.0297633333333334
93,test,COC(=O)[C@H]1[C@@H](O)CC[C@H]2CN3CCc4c([nH]c5ccccc45)[C@@H]3C[C@H]12,1.65,2.0455355555555554,0.39553555555555553
315,test,CS(=O)(=O)C1(CC1)c2cc(nc(n2)c3cccc(N)c3)N4CCOCC4,1.35,2.363413333333333,1.0134133333333328
3537,test,COc1ccnc(NC2CCN(CC2)C(=O)c3ccc(cc3)C#N)c1,1.73,2.1658466666666665,0.4358466666666665
434,test,CC(C)n1c(C)ncc1c2ccnc(Nc3ccccc3)n2,3.58,3.3448344999999984,-0.2351655000000017
2138,test,NC(=O)c1sc(cc1NS(=O)(=O)c2ccc(cc2)C(F)(F)F)c3ccsc3,2.39,2.0102399999999996,-0.37976000000000054
482,test,Oc1ccc(cc1)C2CC(=O)c3ccc(O)cc3O2,2.4,2.139546666666667,-0.260453333333333
380,test,O[C@@H](CNCCCSCCNCCc1ccccc1Cl)c2ccc(O)c3NC(=O)Sc23,0.99,1.9965866666666667,1.0065866666666667
2523,test,CN1N=Nc2c(ncn2C1=O)C(=O)N,-1.08,1.2371633333333327,2.317163333333333
927,test,CC1Nc2cc(Cl)c(cc2C(=O)N1c3ccccc3C)S(=O)(=O)N,1.64,1.6283100000000004,-0.011689999999999534
2855,test,CCOC(=O)c1ccc(OCCC2CCN(CC2)c3ccc(C)nn3)cc1,4.42,2.818173333333333,-1.6018266666666667
219,test,C(CN1CCCCC1)C2CCc3cc(OCc4ccc(cc4)c5ccccc5)ccc3C2,3.3,0.6497600000000001,-2.6502399999999997
343,test,OC(=O)C[C@H]1[C@@H](Cc2ccccc12)NC(=O)c3cc4sc(Cl)c(Cl)c4[nH]3,2.53,1.8315399999999986,-0.6984600000000012
2161,test,CCS(=O)(=O)c1ccc(Oc2cc3nc([nH]c3cc2CN4C(=O)CCC4=O)c5ccccn5)cc1,2.0,2.5026199999999994,0.5026199999999994
2470,test,Clc1ccc(CN2C(=O)C(=O)c3ccccc23)cc1,3.1,2.669786666666666,-0.430213333333334
2295,test,C[C@H](CO)Nc1nc(SCc2cccc(F)c2F)nc3nc(N)cnc13,2.89,2.978939999999997,0.08893999999999691
3103,test,OC(=O)COc1ccc(cc1c2ccccc2)c3nccs3,-0.16,0.16113999999999384,0.3211399999999939
3607,test,OC(=O)C[C@H]1[C@@H](Cc2ccccc12)NC(=O)c3cc4cc(Cl)ccc4[nH]3,1.79,1.9344199999999996,0.14441999999999955
3511,test,NC(=O)c1nnn(c1N)c2ccccc2,0.74,1.569731,0.829731
1919,test,CC1=CN([C@H]2CCCN(C2)[C@H](CC(C)(C)C)c3ccc(C(=O)O)c(Oc4cccc(Br)c4)c3)C(=O)NC1=O,1.09,1.2275599999999942,0.13755999999999413
1823,test,COc1cc(N2CCCN(C)CC2)c3NC(=CC(=O)c3c1)C(=O)Nc4ccc(cc4)N5CCOCC5,2.1,2.41584,0.3158400000000001
1825,test,CC(C)(C)OC(=O)c1ncn2c1[C@@H]3CCCN3C(=O)c4c(Br)cccc24,2.48,2.516015333333333,0.036015333333332844
324,test,COc1cc(N2CCN(C)CC2)c3nc(cc(N(C)C)c3c1)C(=O)Nc4ccc(cc4)N5CCOCC5,3.3,2.621109999999999,-0.6788900000000009
34,test,O=C(NCc1ccncc1)c2ccc(Oc3ccccc3C#N)cc2,2.57,3.0076685000000007,0.4376685000000009
2714,test,CC(=O)Nc1ccc2c(c1)c(cn2C)c3cc(NC4CC4)n5ncc(C#N)c5n3,2.94,2.776479999999997,-0.16352000000000277
492,test,CC(C)CN1C(=O)N(C)C(=O)c2c1sc(Cc3ccccc3C(F)(F)F)c2C(=O)N(C)C,2.9,3.3672400000000007,0.46724000000000077
3581,test,Cc1cccc(CN2C=CN3C(=O)C=C(N=C23)N4CCOCC4)c1,2.8,2.5214899999999996,-0.27851000000000026
2471,test,COc1ccccc1O[C@H]([C@@H]2CNCCO2)c3ccccc3,0.9,1.4840399999999998,0.5840399999999998
3865,test,C[C@@H]1CN[C@@H](C2CC2)C(=O)N(C)[C@H](C)C(=O)N[C@H](Cc3ccc(F)cc3)C(=O)NCCCc4ccccc4O1,3.3,2.053455,-1.2465449999999998
3893,test,COc1cc(ccc1Nc2ncc(Cl)c(n2)c3cnc4ccccn34)C(CO)CO,3.1,3.1668,0.06679999999999975
1517,test,Nc1nc2ccccc2s1,2.0,2.41558,0.41557999999999984
2027,test,C[C@H](NC(=O)c1c(C)nn(C2CCOCC2)c1NS(=O)(=O)c3ccc(C)cc3)C(C)(C)C,0.5,0.8518600000000018,0.35186000000000184
4122,test,COc1cc(ccc1Nc2ncc(Cl)c(n2)c3cnc4ccccn34)N5CCN(CCS(=O)(=O)C)CC5,3.1,3.0039599999999993,-0.09604000000000079
4011,test,CC(C)C(NC(=O)CN1C(=O)C2=C(C=C1c3ccccc3)C(=O)N(CCN4CCOCC4)C(=O)N2)C(=O)C(F)(F)F,1.91,2.230053333333333,0.3200533333333333
3906,test,O[C@@H]1CN(CCN2C(=O)C=Cc3ccc(cc23)C#N)CC[C@@H]1NCc4cc5OCCOc5cn4,0.46,0.7033113809523823,0.2433113809523823
2250,test,Cn1nnc(n1)c2ccc(cn2)c3ccc(cc3F)N4C[C@H](COc5ccon5)OC4=O,1.24,2.112168,0.872168
3583,test,O=C(NCc1ccccc1)c2cccnc2Oc3ccccc3,3.0,3.0477110000000014,0.04771100000000139
2829,test,ONC(=O)CN1C(=O)C(Cc2ccccc12)NC(=O)c3cc4cc(Cl)sc4[nH]3,2.4,2.9623846666666647,0.5623846666666648
1549,test,NC(=O)c1cccc(S[C@H]2C[C@H]3CC[C@@H](C2)N3Cc4ccccc4)c1,2.22,1.5727135952380946,-0.6472864047619056
1754,test,CCC(CC)NC(=O)c1cnn(c1NS(=O)(=O)c2ccc(C)cc2)c3ccccn3,0.27,0.7306999999999977,0.46069999999999767
955,test,CS(=O)(=O)Cc1cc(nc(n1)c2cccc(CO)c2)N3CCOCC3,1.0,2.114125333333334,1.1141253333333339
3089,test,CCCCN(CCNCCc1ccc(O)c2NC(=O)Sc12)C(=O)CCOCCc3ccccc3,3.0,2.29056,-0.7094399999999998
362,test,CN(C)CC(O)COc1ccc(Nc2cc(ncn2)N(CC#N)c3cc(Cl)ccc3Cl)cc1,2.1,2.463939999999999,0.36393999999999904
1635,test,Cc1nc(nc(N2CCCC2)c1Cl)c3ccccn3,3.2,2.4625879999999998,-0.7374120000000004
3781,test,CSc1ncccc1C(=O)NCC2CCCCC2,2.93,2.7263239999999995,-0.20367600000000063
722,test,CS(=O)(=O)Cc1cc(nc(n1)c2cccc3cc[nH]c23)N4CCOCC4,2.8,1.9116399999999993,-0.8883600000000005
2861,test,N[C@@H](Cc1cccs1)C(=O)N[C@@]2(C[C@@H]2c3ccccc3)C#N,1.3,1.4471550000000006,0.1471550000000006
2038,test,CNc1ncc(s1)C(=O)c2ccccc2,2.36,1.7504519999999995,-0.6095480000000004
3463,test,CCN(C(=O)C)c1cccc2c1c(Sc3ccc(Cl)cc3)c(C)n2CC(=O)O,1.61,1.0428800000000007,-0.5671199999999994
3158,test,CN(CCOc1ccc(C[C@H](Nc2ccccc2C(=O)c3ccccc3)C(=O)O)cc1)c4ccccn4,2.15,1.9901439999999995,-0.15985600000000044
3733,test,O=C(N1CCC1)c2ccc(cc2)C(=C3CCN(Cc4cscn4)CC3)c5cccc6cccnc56,2.52,2.4662,-0.05379999999999985
1112,test,COc1cc2ncnc(Nc3cc(NC(=O)c4cccc(c4)N(C)C)ccc3Cl)c2cc1OC,4.26,3.1356433333333316,-1.1243566666666682
2669,test,CCN(CC)CCOc1ccc(cc1)\C(=C(\Cl)/c2ccccc2)\c3ccccc3,4.09,2.3768786666666664,-1.7131213333333335
2412,test,Nc1n[nH]c2nnc(c3ccccc3)c(c4ccccc4)c12,2.6,2.1916083333333334,-0.4083916666666667
3149,test,CN1CC=CCC(C1)c2ccc(Cl)c(Cl)c2,3.32,2.451111238095238,-0.868888761904762
935,test,COc1cc2ncc(C(=O)N)c(Nc3ccc(F)cc3F)c2cc1NCCN4CCCCC4,2.52,2.6002199999999975,0.08021999999999752
2717,test,CC1=CN([C@H]2CCCN(C2)S(=O)(=O)c3ccc(C(=O)N)c(Oc4cccc(Cl)c4)c3)C(=O)NC1=O,1.96,1.6063266666666665,-0.3536733333333335
3989,test,Nc1ccc2c3ccccc3C(=O)c2c1,2.9,2.16242,-0.7375799999999999
2706,test,COCCNc1nc(N)c2nc(O)n(Cc3ccccc3)c2n1,2.18,2.0974,-0.08260000000000023
2666,test,CCCSc1c(cnn1c2cccc(c2)C(=O)O)C(=O)NC3CCCCC3,0.7,2.1926146666666666,1.4926146666666666
277,test,CC1CC(=O)Nc2ccccc2N1,0.56,2.0012416666666666,1.4412416666666665
3351,test,C[C@H](NC(=O)c1c(C)nn(c1NS(=O)(=O)c2cccnc2)c3ccc(F)cc3)C(C)(C)C,0.4,1.3248346666666664,0.9248346666666664
3838,test,Cc1nc(NC(=N)N)nc2ccccc12,-0.49,1.461240000000001,1.951240000000001
2971,test,Oc1ccc(cc1)c2ccc3cc(O)ccc3n2,3.1,2.7493200000000004,-0.35067999999999966
3561,test,Clc1ccccc1NC(=O)c2cc[nH]n2,2.58,2.9758966666666664,0.39589666666666634
3578,test,OC(=O)C(N1CCCC(CN2CCC(CC2)Oc3ccc(Cl)c(Cl)c3)C1)c4ccccc4,2.6,2.3524239999999996,-0.24757600000000046
2384,test,O=C(Nc1ccccn1)c2ccccc2,2.2,2.594171666666665,0.39417166666666503
4160,test,CCOc1ccccc1CNCc2cccc(CCNC[C@H](O)c3ccc(O)c4NC(=O)Sc34)c2,1.13,0.7343100000000022,-0.39568999999999765
3933,test,Nc1ncc(cc1c2oc3ccccc3n2)c4cnn(c4)C5CCOCC5,4.0,2.7555549999999984,-1.2444450000000016
1509,test,CCC1(C)CC(=O)NC1=O,0.23,1.3870366666666645,1.1570366666666645
4186,test,O[C@@H](CNCCOCCCNCCc1cccc(Cl)c1)c2ccc(O)c3NC(=O)Sc23,0.83,0.3994463333333411,-0.43055366666665884
815,test,CN(C)CC(O)COc1ccc(Nc2nccc(Nc3ccc(Cl)cc3)n2)cc1,2.6,2.6016799999999995,0.0016799999999994597
4183,test,Oc1c(C#N)c(nc2ccncc12)c3ccc(cc3)c4ccccc4OC(F)(F)F,3.45,2.8840066666666657,-0.5659933333333345
1974,test,CCOC(=O)[C@H](Cc1ccc(O)cc1)NC(=O)c2cccc3ccccc23,3.12,2.7363033333333324,-0.3836966666666677
942,test,O=C1NC=Nc2scc(c3cccs3)c12,2.18,1.1199333333333343,-1.0600666666666658
2681,test,CC(=O)Nc1nc(CCc2ccc(NC(=N)N)cc2)cs1,-0.82,1.0667700000000027,1.8867700000000025
2012,test,CNc1cccc(CCOc2ccc(C[C@H](NC(=O)c3c(C)cc(C)cc3C)C(=O)O)cc2)n1,0.52,0.055800000000005845,-0.4641999999999942
2242,test,OC(=O)C1Cc2c([nH]c3ccccc23)C(N1)c4ccccc4,0.78,2.209433333333333,1.4294333333333331
3782,test,Cc1c(F)cc(cc1c2ccc(cn2)C(=O)NCC(C)(C)C)C(=O)NC3CC3,3.5,2.4550986666666663,-1.0449013333333337
890,test,Oc1ccc2C[C@H]3N(CC4CC4)CC[C@@]56[C@@H](Oc1c25)c7[nH]c8ccccc8c7C[C@@]36O,2.7,2.2504600000000003,-0.44953999999999983
1370,test,CN1CCN(CC1)S(=O)(=O)c2ccc(cc2F)c3cnc(N)c(n3)C(=O)Nc4cccnc4,2.66,2.7542126666666666,0.0942126666666665
388,test,C[C@]1(CCSC(=N1)N)c2cc(c(F)cc2F)c3cncnc3,0.8,1.8939093333333323,1.0939093333333323
2097,test,C[C@H](O)C(=O)N1CCN(Cc2sc3c(nc(nc3c2C)c4cnc(N)nc4)N5CCOCC5)CC1,1.9,1.8407199999999997,-0.05928000000000022
2623,test,CC(C)(C)Cn1c(CN2C(=O)CC3(CCNCC3)C2=O)cc4cnc(nc14)C#N,0.75,1.6529166666666666,0.9029166666666666
2203,test,COc1cc2cc(nc(C)c2cc1OC)c3ccc(O)cc3O,3.9,2.3698599999999996,-1.5301400000000003
1274,test,CC1(C)[C@@H]2CC[C@@]1(CS(=O)(=O)N3CCN(CC3)c4ccc(cn4)C#N)C(=O)C2,2.46,2.4403993333333323,-0.01960066666666771
2084,test,CNCC[C@@H](Oc1cc(ccc1C#N)C(F)(F)F)c2ccccc2,1.3,1.4497467619047613,0.14974676190476122
3846,test,CCC(CC)NC(=O)c1c(C)nn(c1NS(=O)(=O)c2ccc(C)cc2)c3ccccc3,1.35,0.7635759999999949,-0.5864240000000052
1833,test,N[C@@H]1CCCN(C1)c2c(Cl)cccc2\C=C\3/SC(=O)NC3=O,1.97,1.6606280000000027,-0.3093719999999973
2570,test,C[C@@H](N)COc1c(C)cccc1C,0.6,0.7063436190476189,0.10634361904761891
2473,test,O[C@@H](CNCCc1ccc(CNCCc2c(Cl)cccc2Cl)cc1)c3ccc(O)c4NC(=O)Sc34,2.3,2.2503173333333333,-0.04968266666666654
2836,test,CS(=O)(=O)c1cccc(Nc2nccc(Nc3cccc4ocnc34)n2)c1,2.9,3.0880300000000025,0.18803000000000258
3231,test,COCC(=O)N1CCC(CC1)n2cc(cn2)c3cnc(N)c(c3)c4oc5ccccc5n4,3.4,2.8070799999999982,-0.5929200000000017
1126,test,CCOC(=O)c1ccc(OCCC2CCN(CC2)c3ccc(C)nn3)nc1,3.76,2.4918799999999988,-1.268120000000001
2024,test,C\N=C(/S)\n1nc(nc1N)c2ccc(Cl)cc2,4.12,2.10583,-2.01417
2757,test,Cc1ccnc(NCc2c(O)ccc3ccccc23)c1,4.24,2.510519999999999,-1.729480000000001
2392,test,CCc1nc(N)nc(N)c1c2ccc(Cl)cc2,2.31,2.3684916666666664,0.058491666666666386
4069,test,Fc1ccc(cc1)C(=O)C2CCN(CC2)C(=O)N3CCOCC3,1.61,2.687919999999999,1.077919999999999
4189,test,CCC(N1NC(=O)c2nc3cc(Cl)ccc3c(O)c2C1=O)c4ccccn4,0.8,1.2878199999999986,0.4878199999999986
3617,test,COc1cc2ncnc(NCc3cccc(C)c3)c2cc1OC,3.5,3.006764999999998,-0.4932350000000021
74,test,Clc1ccc(CN2CC3CNCC(C2)O3)cc1C(=O)NCC45CC6CC(CC(C6)C4)C5,1.55,2.004912333333333,0.4549123333333329
1166,test,CS(=O)(=O)c1ccc(cc1)c2cc(C(=O)N[C@H]3CCCNC3)c(NC(=O)N)s2,0.68,1.406879999999998,0.7268799999999979
1761,test,CCc1cccc2c3CCOC(CC)(CC(=O)O)c3[nH]c12,0.49,1.157126666666668,0.667126666666668
2285,test,CN(CCOc1ccc(C[C@H](Nc2ccccc2C(=O)c3ccccc3)C(=O)O)cc1)c4oc5ccccc5n4,2.47,2.13443,-0.33557000000000015
3391,test,NC1(CCC1)c2ccc(cc2)c3nc4ccccn4c3c5ccccc5,2.8,2.402093333333333,-0.39790666666666663
3003,test,Cc1cc(nc(n1)n2ccnc2)N3CCC[C@@H]3C(=O)NCCc4ccc5OCOc5c4,2.5,2.139326666666667,-0.3606733333333332
2931,test,CCOC(=O)c1c(C)n(Cc2occc2)c3ccc(O)cc13,3.5,1.7161533333333334,-1.7838466666666666
2127,test,OC(=O)CCCCn1nnc(n1)c2ccc(cc2)C(=O)N3CCC(CC3)N4CCC(CC4)Oc5ccc(Cl)c(Cl)c5,1.6,1.2397466666666683,-0.36025333333333176
2638,test,CCC1(NC(=O)N(C)C1=O)c2ccccc2,1.59,1.9622199999999999,0.3722199999999998
3237,test,CC(C)n1c(C)ncc1c2ccnc(Nc3ccc(C(=O)N)c(F)c3)n2,2.8,2.8583000000000016,0.058300000000001795
2447,test,OC(=O)COc1ccc(Cl)cc1CN2CCN(CC2)S(=O)(=O)c3ccc(F)cc3,0.99,0.4793000000000016,-0.5106999999999984
3076,test,Fc1ccccc1Nc2oc(nn2)C(=O)Nc3ccc(N4CCOCC4)c(F)c3,3.6,3.2888999999999946,-0.3111000000000055
1647,test,[O-][S+](CCC1C(=O)N(N(C1=O)c2ccccc2)c3ccccc3)c4ccccc4,-0.51,1.554730000000001,2.064730000000001
1862,test,CC[C@H]1[C@@H](Cc2cncn2C)COC1=O,-0.37,2.0719133333333333,2.4419133333333334
3501,test,COc1cc(Cc2cnc(N)nc2N)cc(OC)c1OC,0.63,1.6659999999999981,1.0359999999999983
1363,test,CN(C)CCOC(c1ccccc1)c2ccccc2C,1.47,2.1874743333333333,0.7174743333333333
3516,test,CCc1nc2c(N)nc3ccccc3c2n1Cc4ccccc4,3.29,2.1177360000000003,-1.1722639999999998
1949,test,OC(=O)c1cccnc1Nc2cccc(c2)C(F)(F)F,1.0,2.34883,1.34883
950,test,COc1ccc(cn1)c2ccc3nc(N)sc3c2,3.2,2.6184493333333316,-0.5815506666666685
647,test,COc1cc2c(Nc3ccc(F)cc3F)c(cnc2cc1N4CCN(C)CC4)C(=O)N,1.75,2.3246799999999994,0.5746799999999994
3139,test,CCOC(=O)c1ccc(OCCC2CN(CCO2)c3ccc(C)nn3)cc1,2.7,2.7667733333333335,0.06677333333333335
226,test,Oc1c2C(=O)N(NC(=O)c2nc3cc(Cl)ccc13)C(C4CC4)c5ccncc5,0.7,1.5288199999999996,0.8288199999999997
782,test,O=C1COc2ccc(CNC3CCN(CCN4C(=O)COc5ccc(cc45)C#N)CC3)nc2N1,0.23,0.6519600000000045,0.42196000000000455
543,test,Cc1ccc2[nH]ccc2c1c3nc(cc(n3)C4(CC4)S(=O)(=O)C)N5CCOCC5,1.7,2.03312,0.33311999999999986
2770,test,CC(C)NC[C@@H](O)COc1cccc2ccccc12,1.13,0.9783999999999946,-0.15160000000000529
755,test,NC1C2CN(CC12)c3nc4N(C=C(C(=O)O)C(=O)c4cc3F)c5ccc(F)cc5F,0.3,1.7838766666666663,1.4838766666666663
1248,test,Nc1nnc(Cc2ccc(Cl)cc2)s1,2.34,2.106955,-0.23304499999999972
3009,test,CCc1cc(C(=O)N[C@@H](Cc2cccc(Cl)c2)C(=O)NCC#N)n(C)n1,2.6,2.6021156190476185,0.0021156190476183667
1915,test,ON(C=O)C1(CS(=O)(=O)N2CCN(CC2)c3ccc(F)cc3)CCOCC1,0.85,1.620314666666665,0.770314666666665
3442,test,Cc1ccc(NC(=O)c2cccc(c2)N3CCOCC3)cc1NC(=O)c4ccc(OCc5ccncc5)cc4,3.2,3.061009999999999,-0.13899000000000106
3712,test,NS(=O)(=O)c1cccc(Nc2nccc(Nc3c(Cl)ccc4OCOc34)n2)c1,2.97,2.778239999999999,-0.19176000000000126
3721,test,OC(=O)[C@H](Cc1ccc(Cl)cc1)N2CCC(CN3CCC(CC3)Oc4ccc(Cl)c(Cl)c4)CC2,2.86,2.452699999999999,-0.40730000000000066
3812,test,CCCNC(=O)c1nnc2c(c(F)ccc2c1N)c3ccc(OC)cc3OC,3.52,3.0238066666666676,-0.4961933333333324
3864,test,COc1cc(Nc2cc(Oc3cccnc3)ccn2)cc(OC)c1OC,2.66,3.042479999999999,0.3824799999999988
3480,test,CCCNC(=O)c1nnc2c(cccc2c1N)c3ccccc3,3.8,2.4989533333333327,-1.3010466666666671
2206,test,Oc1ccc(cc1)C2=Cc3cccc(O)c3OC2=O,2.8,2.7189199999999984,-0.08108000000000137
2872,test,Brc1cnc(Nc2cccc(NC(=O)N3CCCC3)c2)nc1NCCCNC(=O)c4cccs4,4.13,2.7065599999999996,-1.4234400000000003
1341,test,Fc1ccc(cc1)c2cn3ccccc3n2,3.1,2.7738799999999983,-0.32612000000000174
2571,test,CC1N=C(N)N=C(N)N1c2ccc(Cl)cc2,-0.8,2.245193,3.0451930000000003
3444,test,CC(=O)Nc1cccc(OCc2cnc(Cl)s2)c1,2.38,2.768805333333333,0.388805333333333
3935,test,O=C1N2C=CC=CC2=Nc3ccccc13,2.1,2.2522093333333335,0.15220933333333342
4197,test,COc1cccc2[nH]ncc12,2.1,2.4602,0.36019999999999985
2229,test,COc1cccc(NC(=O)CC23CC4CC(CC(C4)C2)C3)c1C,4.21,3.139860000000002,-1.070139999999998
3310,test,CCc1cc(O)c(Oc2ccc(cc2F)C(=O)N)cc1F,2.87,1.6332723333333337,-1.2367276666666664
3154,test,Nc1nc2nc(SCc3cccc(F)c3F)nc(O)c2s1,2.5,2.8954479999999982,0.39544799999999825
980,test,Nc1ccccc1NC(=O)c2ccc(cc2)c3ncccc3C#N,1.58,1.559680000000001,-0.020319999999999006
3656,test,CN1C(=O)C=C(CCc2ccc3cc[nH]c3c2)N=C1N,2.1,2.3677099999999998,0.26770999999999967
946,test,Nc1ccccc1NC(=O)c2ccc(cc2)c3nccs3,2.3,1.6531249999999997,-0.6468750000000001
2059,test,CCN(C1CCN(CCC(C2CCN(Cc3ccccc3)CC2)c4ccccc4)CC1)C(=O)Cc5ccc(cc5)S(=O)(=O)C,2.41,2.29372,-0.11628000000000016
1373,test,Fc1ccc(cc1F)N2C=CN=C(SCC(=O)NC3CCCC3)C2=O,2.0,2.430448666666666,0.43044866666666604
588,test,CC(=O)Nc1ccc2ccn(c3cc(NCCCCO)n4ncc(C#N)c4n3)c2c1,2.58,2.138896,-0.44110400000000016
364,test,C[C@@H](CNC(=O)c1c(O)c(O)cc2c(O)c(c(C)cc12)c3c(C)cc4c(C(=O)NC[C@H](C)c5ccccc5)c(O)c(O)cc4c3O)c6ccccc6,3.48,2.5130619999999997,-0.9669380000000003
3241,test,Nc1ncc(cc1c2oc3ccccc3n2)c4cnn(c4)C5CCN(CC5)C(=O)CO,3.2,2.505834999999999,-0.6941650000000013
620,test,Cc1cc(C)c2c(N)c(sc2n1)C(=O)NCc3ccccc3,3.41,3.1420500000000002,-0.2679499999999999
3054,test,CNC(=O)c1ccc(cc1)c2cc(C(=O)N[C@H]3CCCNC3)c(NC(=O)N)s2,0.7,1.6256199999999987,0.9256199999999988
2889,test,CN1C2CC(CC1C3OC23)OC(=O)C(CO)c4ccccc4,0.17,0.3206180952380946,0.15061809523809458
1158,test,CN1CCCC(COc2nccc(Nc3cc(NC(=O)c4ccnc(c4)N5CCOCC5)ccc3C)n2)C1,1.9,2.420449999999999,0.520449999999999
3277,test,COc1ccc(cc1OC)c2csc(NC(=O)c3c(C)onc3C)n2,3.16,2.963256666666667,-0.19674333333333305
2524,test,Fc1cc2[nH]cnc2cc1Cl,2.35,1.1872133333333335,-1.1627866666666666
1081,test,OC(=O)CCc1ccc(OCc2cc(Cl)ccc2c3ccccc3)cc1,3.22,2.24458,-0.9754200000000002
2923,test,CC(=O)N1CCN(CCOc2ccc(cc2)C3(O)CCN(CC3)c4ccc5nnc(n5n4)C(F)(F)F)CC1,2.2,2.9751799999999986,0.7751799999999984
2525,test,CC(=O)Nc1ccc(CNc2[nH]nc3cccc(Oc4ccc(F)cc4)c23)cc1,4.28,2.8412833333333314,-1.4387166666666689
359,test,CC(C)n1ncc2c(cc(nc12)C3CC3)C(=O)NCc4c(C)cc(C)nc4O,3.8,2.3253826666666666,-1.4746173333333332
541,test,C[C@]12Cc3cnn(c3C=C1CC[C@@]2(O)CCc4ccc(F)cc4C(=O)N)c5ccc(F)cc5,3.8,1.2106499999999998,-2.58935
2181,test,CNS(=O)(=O)CCc1ccc2[nH]cc(C3CCN(C)CC3)c2c1,0.48,2.2836399999999997,1.8036399999999997
3081,test,Nc1nc2OC(COc3ccccc3)Cc2c(N)c1C#N,2.08,2.0393616666666663,-0.040638333333333776
723,test,CC(C)(C)NS(=O)(=O)c1cncc(c1)c2ccc3nc(N)nn3c2,1.41,2.017015,0.6070149999999999
2694,test,Cc1ccc(CCOCCNS(=O)(=O)CCCNCCc2ccc(O)c3nc(O)sc23)cc1,2.07,1.9245199999999998,-0.14548000000000005
2912,test,CC(CCc1ccccc1)NCC(O)c2ccc(O)c(c2)C(=O)N,1.06,1.4271960000000006,0.3671960000000005
767,test,COc1cccc(Nc2nc(NCC3CCCO3)c4ccccc4n2)c1,3.9,2.9568659999999998,-0.9431340000000001
983,test,C[C@@H]1CN(CCN1C(=O)[C@@H]2CCCC[C@H]2C(=O)NC3(CC3)C#N)c4ccc5c(C)noc5c4,2.67,2.1284636666666668,-0.5415363333333332
3012,test,C=CCCCCCCCCC(=O)N[C@H]1CCC(=O)NC1=O,2.64,1.5830899999999999,-1.0569100000000002
3085,test,CCN(C(=O)Nc1ccccc1)c2ccccc2,3.1,2.466253333333333,-0.6337466666666671
1093,test,Clc1cccc(NNC(=O)c2cccnc2Cl)c1,1.87,2.976983333333334,1.1069833333333339
409,test,CC(C)(F)C[C@H](N[C@@H](c1ccc(cc1)c2ccc(cc2)S(=O)(=O)C)C(F)(F)F)C(=O)NC3(CC3)C#N,2.9,2.7115113333333336,-0.1884886666666663
2096,test,C[C@@H]1CN(CCN1c2ncc(OCc3ccncc3C#N)cn2)c4onc(n4)C(F)(F)F,3.1,3.3353533333333276,0.23535333333332753
3668,test,CCC(N(CCCN)C(=O)c1ccc(C)cc1)C2=Nc3ccsc3C(=O)N2Cc4cscn4,0.02,1.4940399999999985,1.4740399999999985
3780,test,CC(C)[C@H](NC(=O)N(C)Cc1csc(n1)C(C)C)C(=O)N[C@H](C[C@H](O)[C@H](Cc2ccccc2)NC(=O)OCc3cncs3)Cc4ccccc4,4.3,1.30476,-2.99524
2987,test,COc1cc(NC(=O)Nc2cccc(CNC(=O)O[C@H]3CCOC3)c2)ccc1c4ocnc4,3.6,2.6732533333333324,-0.9267466666666677
159,test,O=C(NC1(CC1)C#N)[C@@H]2CCCC[C@H]2C(=O)N3CCN(CC3)c4ncc(C#N)s4,1.2,1.9931119999999996,0.7931119999999996
1157,test,CCN(C1CCN(CC[C@H](C2CCN(CC2)S(=O)(=O)C)c3cccc(c3)C(F)(F)F)CC1)C(=O)Cc4ccc(cc4)S(=O)(=O)C,1.9,2.2068333333333334,0.3068333333333335
1663,test,OC[C@@H](NC(=O)C(Cl)Cl)[C@H](O)c1ccc(cc1)[N+](=O)[O-],1.15,1.8207516666666654,0.6707516666666655
930,test,CN1CC(C1)n2nccc2c3cc(Cl)ccc3Oc4cc(F)c(cc4F)S(=O)(=O)Nc5ncns5,1.0,1.9422049999999997,0.9422049999999997
3121,test,CCCN(CCC)S(=O)(=O)c1ccc(cc1)C(=O)O,0.03,1.9490859999999999,1.9190859999999998
1355,test,CN1CCc2c(NC(=O)Cc3ccccc3)c4ccccc4nc12,2.8,2.6988099999999995,-0.10119000000000034
2143,test,CNC1=Nc2ncccc2C(=NC1c3cccs3)c4cc[nH]c4,1.73,2.192001904761905,0.46200190476190484
2255,test,Cc1ccc(cc1)S(=O)(=O)N2CCN(CC2)C(=O)c3occc3,2.17,2.175406666666667,0.005406666666667004
1289,test,CN1CCC[C@H]1c2ccccn2,0.44,2.3927619999999994,1.9527619999999994
1934,test,CC(C)C(NC(=O)CN1C(=O)C(=CC=C1c2ccccc2)NC(=O)NCc3ccncc3)C(=O)C(F)(F)F,2.16,1.7410806666666676,-0.41891933333333253
1397,test,CC[C@H](C)[C@H](N)C1=N[C@@H](CS1)C(=O)N[C@@H](CC(C)C)C(=O)N[C@H](CCC(=O)O)C(=O)N[C@@H]([C@@H](C)CC)C(=O)N[C@H]2CCCCNC(=O)[C@H](CC(=O)N)NC(=O)[C@@H](CC(=O)O)NC(=O)[C@H](Cc3cnc[nH]3)NC(=O)[C@@H](Cc4ccccc4)NC(=O)[C@@H](NC(=O)[C@@H](CCCN)NC2=O)[C@@H](C)CC,-0.46,-0.08704000000000622,0.3729599999999938
844,test,C1Cc2ncc(c3ccc4OCCOc4c3)n2C1,2.33,2.568246666666666,0.23824666666666605
2057,test,CS(=O)(=O)c1cccc(Nc2nccc(Nc3c(Cl)ccc4ccoc34)n2)c1,3.7,3.163450000000003,-0.536549999999997
1357,test,Cc1c[nH]c(\C=C\2/C(=O)Nc3ccccc23)c1CCC(=O)O,1.2,0.9577199999999975,-0.2422800000000025
3616,test,COc1cc2ncnc(Nc3cccc(Cl)c3F)c2cc1CN4CCC[C@H]4CC(=O)N,2.64,3.130416999999998,0.49041699999999766
126,test,CN1CCN(CC1)C2=Nc3cc(Cl)ccc3Nc4ccccc24,3.08,2.1758533333333334,-0.9041466666666667
1863,test,NC1=CC2=NNC(=O)N2c3cc(ccc13)c4ccc[nH]4,2.3,2.00511,-0.29488999999999965
1883,test,Brc1ccc2oc3C(=O)NC(=Nc3c2c1)[C@@H]4CCCN4,2.19,2.2352726666666665,0.04527266666666652
3051,test,CCNC(=O)c1cc2c(c(cnc2[nH]1)c3cncc(c3)C#N)n4ccc(n4)C(F)(F)F,2.62,1.3558599999999985,-1.2641400000000016
1882,test,Oc1ccc2C(=O)C(=COc2c1)c3ccc(O)c(O)c3,1.88,2.559379999999999,0.6793799999999992
1534,test,NC(Cc1ccc(cc1)N(CCCl)CCCl)C(=O)O,0.39,-0.13720423809523208,-0.5272042380952321
2752,test,CC(NC(=O)C1(N)CCN(CC1)c2ncnc3[nH]ccc23)c4ccccc4,2.17,2.029052976190476,-0.14094702380952384
379,test,O=C(N1CCN(CC1)c2ncccn2)c3cccc(CC4=NNC(=O)c5ccccc45)c3,2.13,1.4407399999999977,-0.6892600000000022
2961,test,COc1ccc(cc1OC)C(=O)Nc2cccc(NC(=O)c3ccc(OC)c(OC)c3)n2,3.5,3.1165750000000005,-0.38342499999999946
1968,test,CCN1C(=O)C2=C(OC(=CC2=O)O)c3ccccc13,1.13,1.9787999999999997,0.8487999999999998
3238,test,CCNC(=O)c1cc2c(c(cnc2[nH]1)c3cncc(c3)C4=NNC(=O)O4)n5ccc(n5)C(F)(F)F,1.65,2.386796666666667,0.7367966666666672
2513,test,CCN(CC)CCNC(=O)c1c(C)[nH]c(\C=C\2/C(=O)Nc3ccc(F)cc23)c1C,2.26,1.5471399999999975,-0.7128600000000023
1997,test,COc1cnccc1COc2cnc(nc2)N3CCN(CC3)C(=O)OC(C)(C)C,3.8,3.10526,-0.6947399999999999
1683,test,COCCCc1cc(Nc2ccnc(NCc3onc(C)c3)n2)n[nH]1,2.04,3.0731399999999987,1.0331399999999986
2054,test,Cc1ccnc(NCc2ccccc2)c1,3.08,2.9289999999999994,-0.1510000000000007
514,test,COc1ccc(cc1F)c2cc(nn2c3ccc(cc3)S(=O)(=O)N)C(F)F,2.8,2.357631,-0.4423689999999998
444,test,CC(C)(C)OC(=O)N1CCN(CC1)c2ncc(OCc3ccncc3)cn2,3.4,3.287173333333338,-0.11282666666666197
3536,test,COc1cc(ccc1Nc2ncc(Cl)c(n2)c3cnc4ccccn34)N5CC6COCC(C5)N6,3.0,3.0277499999999993,0.027749999999999275
612,test,CN(C1CCN(Cc2nc3CCCCc3s2)CC1)C(=O)Cc4ccc(cc4)n5cnnn5,2.5,2.388243333333332,-0.11175666666666784
66,test,CO[C@@H]1CC[C@@]2(CC1)Cc3ccc(OCC(C)C)cc3C24N=C(C)C(=N4)N,3.4,2.8672999999999997,-0.5327000000000002
2905,test,NC(=O)C([C@@H]1CCN(CCc2ccc3OCCc3c2)C1)(c4ccccc4)c5ccccc5,2.79,1.6546240952380948,-1.1353759047619052
10,test,CS(=O)(=O)c1ccc(Oc2ccc(cc2)C#C[C@]3(O)CN4CCC3CC4)cc1,1.51,2.0076236666666665,0.49762366666666646
4152,test,Nc1ccc(cn1)C(=O)Nc2cccc(c2)c3nc(N4CCOCC4)c5oc6ncccc6c5n3,3.44,2.222336,-1.217664
2114,test,Clc1cccc(NC(=O)N2CCN(C[C@@H]3CCCN(C3)C4CC4)CC2)c1,2.74,3.2025531428571448,0.46255314285714455
2322,test,COc1cc2ncnc(Nc3cccc(Cl)c3F)c2cc1CN4CCC[C@H]4C(=O)N,3.58,3.160504333333332,-0.41949566666666804
4055,test,CC1=NC(C)(N=C1N)c2cccc(c2)c3cccnc3,1.7,2.4920199999999983,0.7920199999999984
2389,test,C[C@@H]1CN(CCN1C(=O)[C@@H]2CCCC[C@H]2C(=O)NC3(CC3)C#N)c4ccccc4,2.35,2.20522,-0.1447799999999999
139,test,COC1\C=C\OC2(C)Oc3c(C)c(O)c4C(=O)C(=CC(=O)c4c3C2=O)NC(=O)\C(=C/C=C/C(C)C(O)C(C)C(O)C(C)C(OC(=O)C)C1C)\C,0.7,1.4775600000000007,0.7775600000000007
1615,test,COc1cccc2sc(NC(=O)c3ccccc3)nc12,3.96,3.0595299999999996,-0.9004700000000003
2478,test,OCCNS(=O)(=O)c1ccc2C(=CNC(=O)c2c1)C(=O)NC[C@@H](O)CN3CCC(CC3)Oc4ccc(Cl)c(Cl)c4,2.06,2.9451466666666657,0.8851466666666656
3903,test,Cc1ccc(NC(=O)[C@@H]2CCCN2S(=O)(=O)c3cccc4cccnc34)c(C)c1,3.8,3.359110000000005,-0.4408899999999947
102,test,CNC(=C[N+](=O)[O-])NCCSCc1oc(CN(C)C)cc1,-0.95,2.2569103333333334,3.206910333333333
1783,test,O=C1CCOc2nc(COc3ccccc3)ccc12,2.3,2.099330666666667,-0.20066933333333292
400,test,Nc1ccc2ncccc2c1,1.33,1.9792399999999994,0.6492399999999994
568,test,CN(C)S(=O)(=O)c1ccc2Sc3ccccc3\C(=C\CCN4CCN(C)CC4)\c2c1,3.16,2.6651399999999996,-0.4948600000000005
533,test,CC[C@H](NC(=O)c1c([S+](C)[O-])c(nc2cc(F)ccc12)c3ccccc3)c4ccccc4,3.62,3.2423133333333336,-0.3776866666666665
2534,test,Cc1ccc(cc1NC(=O)c2ccc(OCc3ccccn3)cc2)c4ncc(CN5CCOCC5)s4,3.1,2.641037999999999,-0.458962000000001
1576,test,Cc1cc(C)cc(c1)c2[nH]c3ccccc3c2CCNCCCCc4ccncc4,3.3,3.0252666666666665,-0.2747333333333333
2333,test,Oc1ccc2C[C@H]3N(CC4CC4)CC[C@@]56[C@@H](Oc1c25)c7[nH]c8[C@@H]9Oc%10c(O)ccc%11C[C@H]%12N(CC%13CC%13)CC[C@@]9(c%10%11)[C@@]%12(O)Cc8c7C[C@@]36O,1.41,2.14058,0.73058
2411,test,OC[C@H](O)CN1C(=O)[C@@H](Cc2ccccc12)NC(=O)c3cc4cc(Cl)sc4[nH]3,3.27,3.299225023809524,0.029225023809523965
1679,test,COc1ccc2c(C)nc(NC(=N)N)nc2c1,-0.51,1.6338899999999992,2.143889999999999
2627,test,Cc1ccc(cc1)C(=O)C2CCN(CC2)C(=O)c3ccc(C)cc3,3.43,2.759433333333333,-0.6705666666666672
2301,test,COc1cc2nc(Nc3ccc(cc3)[C@@H](C)NC(=O)C)ncc2cc1c4ccncc4,3.11,3.084846222222221,-0.02515377777777905
1710,test,OC1(CCN(CCCC(=O)c2ccc(F)cc2)CC1)c3ccc(Cl)cc3,2.67,2.7999173333333327,0.12991733333333277
2070,test,COC(=O)C1C(CC2CCC1N2C)OC(=O)c3ccccc3,1.06,2.2338336666666665,1.1738336666666664
550,test,Cc1cc(N)c2cc(NC(=O)CCCCC(=O)Nc3ccc4nc(C)cc(N)c4c3)ccc2n1,0.53,1.5096200000000017,0.9796200000000017
2738,test,Cc1cc(NCc2ccccc2)nc3ccccc13,3.69,3.011399999999999,-0.6786000000000008
4199,test,CN1C(=O)C=C(CCc2ccc3ccccc3c2)N=C1N,2.7,2.491779999999998,-0.20822000000000207
2486,test,Clc1ccc2C(=O)NC(=Nc2c1)c3ccccc3,3.31,2.8177510000000003,-0.4922489999999997
920,test,[O-][n+]1cc(ccc1Cl)C(=O)Nc2ccc(F)cc2,1.38,2.6498373333333327,1.2698373333333328
843,test,CC(=O)Nc1ccc2[nH]cc(c3cc(NC4CC4)n5ncc(C#N)c5n3)c2c1,2.65,2.8915666666666637,0.24156666666666382
240,test,O=C(COc1ccccc1)N2CCOCC2,0.75,2.1885233333333334,1.4385233333333334
2045,test,CC1=CN([C@H]2CCCN(Cc3ccc(C(=O)O)c(Oc4cccc(C)c4)c3)C2)C(=O)NC1=O,-0.82,-0.41403904761903343,0.4059609523809665
3913,test,CC(C)N1CCC(CC1)N(C(=O)Cc2ccccc2)c3ccc(Cl)cc3,2.3,2.8889933333333326,0.5889933333333328
829,test,Cc1cccc2c3CN(CCc3[nH]c12)C(=O)[C@@H]4CCCC[C@H]4C(=O)NC5(CC5)C#N,2.99,2.84718,-0.1428200000000004
3177,test,CN(C)CCCn1c2CCCCCCc2c3ccccc13,2.96,2.592599999999999,-0.36740000000000084
4077,test,COc1cc(ccc1Nc2ncc(Cl)c(n2)c3cnc4ccccn34)N5CCN(CC5)C(=O)C,3.65,3.40808,-0.2419199999999999
1009,test,COc1ccc(cc1OC)C(=O)Nc2cc(NC(=O)c3cccc(c3)N(C)C)ccc2Br,3.49,3.084479999999995,-0.40552000000000543
2756,test,Cc1onc(CO)c1C(=O)Nc2nccs2,1.53,1.6399069999999982,0.1099069999999982
3437,test,O=C1COc2ccccc2N1CCN3CCC(CC3)NCc4cc5OCCOc5cn4,1.04,1.4506739999999994,0.4106739999999993
221,test,CC(Cc1cccc(CNCCc2c(Cl)cccc2Cl)c1)NC[C@H](O)c3ccc(O)c4NC(=O)Sc34,2.41,2.3701790000000003,-0.039820999999999884
3902,test,COCCN(c1ccnc(Nc2cc(cc(c2)N3CCOCC3)N4CCOCC4)n1)c5cc(CO)ccc5C,2.8,3.085065,0.28506500000000035
1176,test,CCC(CC)n1nc(C)c(C(=O)N[C@@H](C)C(C)(C)C)c1NS(=O)(=O)c2ccc(C)cc2,1.88,0.9230400000000041,-0.9569599999999958
2169,test,CC(C)CN1C(=O)N(C)C(=O)c2c(SC3CCCCC3)c(Cc4ccccc4C(F)(F)F)sc12,4.14,4.0519100000000146,-0.08808999999998512
666,test,CCNCc1cnc(s1)c2ccc(cc2)C(=O)Nc3ccccc3N,0.95,1.9632799999999992,1.0132799999999993
3354,test,CCC(N(CCCN)C(=O)c1ccc(C)cc1)C2=Nc3ccsc3C(=O)N2Cc4ccccc4,1.81,1.6296000000000004,-0.18039999999999967
1611,test,C=CCOc1cc(ccc1NC(=O)CN2CCOCC2)c3cccc4C(=O)C=C(Oc34)N5CCOCC5,3.0,2.8056733333333317,-0.1943266666666683
916,test,CCN(CC)C(=O)c1ccc(C2=CC3(CCNCC3)Oc4ccccc24)c(O)c1,0.77,1.1673169841269797,0.3973169841269797
1701,test,CCC(CO)NCCNC(CC)CO,-1.42,1.1657266666666668,2.585726666666667
2515,test,Fc1ccc(cc1)[C@@H]2CCNC[C@H]2COc3ccc4OCOc4c3,1.78,1.517101333333334,-0.26289866666666595
2429,test,CS(=O)(=O)c1cccc(Nc2nccc(Nc3cccc4[nH]ncc34)n2)c1,2.91,2.9794600000000004,0.0694600000000003
250,test,Fc1ccc(SC2=NN3C=NC(=O)C(=C3C=C2)c4c(Cl)cccc4Cl)c(F)c1,2.74,2.250834333333333,-0.48916566666666705
1802,test,OC(=O)C[C@H]1[C@@H](Cc2ccccc12)NC(=O)c3cc4cc(F)ccc4[nH]3,1.26,1.8979533333333338,0.6379533333333338
3060,test,Cc1cc(O)nc(n1)n2nc(C)c(Oc3ccccc3O)c2C,1.4,2.3512,0.9512
1767,test,CCCSc1nc(N[C@@H]2CC[C@H](CC2)C(=O)O)ccc1C(=O)NC3CCCCC3,2.02,2.260236,0.2402359999999999
1295,test,CC(N(O)C(=O)N)c1cc2ccccc2s1,2.05,1.3882166666666667,-0.6617833333333332
923,test,C[C@@H]1CN(CCN1c2ncc(OCc3ccncc3C#N)cn2)C(=O)OCC(F)F,2.3,2.543225999999998,0.24322599999999817
2767,test,Oc1nc2ccccc2nc1NCc3ccccc3,3.3,2.46876,-0.8312399999999998
136,test,Nc1nnc(CCSCCc2nnc(NC(=O)Cc3ccccc3)s2)s1,2.0,1.5711016666666664,-0.4288983333333336
1864,test,CC(C)CN1C(=O)N(C)C(=O)c2c1sc(Cc3c[nH]c4ncccc34)c2C(=O)N5CC[C@@H](O)C5,1.71,2.0020299999999995,0.29202999999999957
3982,test,Cc1sc(N)nc1c2ccccc2,2.75,2.7220266666666664,-0.027973333333333628
282,test,O=C1CCOc2nc(ccc12)C#CC3CCCC3,3.0,2.4746466666666667,-0.5253533333333333
3957,test,CC(=O)Nc1ccc(O)cc1OC[C@@H](O)CN2CCC3(CC2)Cc4cc(F)ccc4O3,2.1,2.1214346666666666,0.02143466666666649
852,test,Cc1nc(C)c(nc1C(=O)N)c2ccc(cc2)C34CCC(CC3)(CC4)C(=O)O,1.3,1.5077199999999995,0.20771999999999946
3855,test,[O-][N+](=O)c1ccc2c(c1)C(=O)C(=O)c3ccccc23,2.42,2.6386399999999965,0.21863999999999661
2457,test,Nc1ncc(cc1c2oc3ccccc3n2)c4cnn(c4)C5CCNCC5,1.85,2.4285399999999986,0.5785399999999985
3724,test,Fc1cccc(CN2CCN(CC2)c3ccc4nnc(n4n3)C(F)(F)F)c1F,3.6,3.0124633333333346,-0.5875366666666655
2519,test,CNc1ccc(cc1)c2nc3ccc(O)cc3s2,3.5,3.2989485714285744,-0.20105142857142555
1726,test,CC(C)n1c(C)ncc1c2nc(Nc3ccc(C(=O)NCCN(C)C)c(F)c3)ncc2F,2.26,2.314924,0.054924000000000195
3454,test,Cc1ccc(cc1)S(=O)(=O)NC(=O)NN2CCCCCC2,0.01,1.328245857142858,1.318245857142858
879,test,Clc1ccc2N=C3NC(=O)CN3Cc2c1Cl,1.86,2.1971183333333335,0.3371183333333334
1272,test,NS(=O)(=O)c1ccc(Nc2nccc(Nc3c(Cl)ccc4OCOc34)n2)cc1,2.7,2.7924399999999987,0.09243999999999852
3193,test,CNc1c(Br)cnc2[nH]c(nc12)c3ccc(OCCN4CCCCC4)cc3,2.56,2.8355999999999977,0.2755999999999976
3996,test,CC(C)Oc1cccc(CC(=O)N2CCC[C@@](CC[N+]34CCC(CC3)(CC4)c5ccccc5)(C2)c6ccc(Cl)c(Cl)c6)c1,1.23,1.9899519999999995,0.7599519999999995
3038,test,Brc1ccccc1C(=O)NCC23CC4CC(CC(C4)C2)C3,4.15,3.8082049999999996,-0.34179500000000074
3563,test,C[C@@H](NC1=CC(=O)CCC1)c2ccc(Nc3ncc4cc(ccc4n3)c5ccncc5)cc2,3.17,2.9152554761904748,-0.25474452380952517
2812,test,OC(=O)C(N1CCO[C@@H](CN2CCC(CC2)Oc3ccc(Cl)c(Cl)c3)C1)c4ccccc4,1.71,2.426836666666667,0.716836666666667
2954,test,Cn1cc(cc1C=O)C(=O)CCCCOc2ccc(cc2)C(=O)O,0.14,1.7569400000000002,1.61694
1633,test,Cc1ccc(c(C)c1)c2nnc(O)c3ccccc23,3.41,2.0276799999999997,-1.3823200000000004
3002,test,CCC(N(CCCN)C(=O)c1ccc(C)cc1)C2=Nc3ccsc3C(=O)N2Cc4ccc(OC)cc4,2.15,1.7005800000000004,-0.4494199999999995
3635,test,COCCNC(=O)c1ccc(Nc2ncc3cc(ccc3n2)c4ccncc4OC)cc1,3.14,3.0148009999999985,-0.12519900000000161
2629,test,Cc1ncc(c2ccnc(Nc3ccc(cc3)S(=O)(=O)N)n2)n1C,1.6,2.7100400000000007,1.1100400000000006
1092,test,COc1cc(Nc2nc(N[C@@H](C)c3ncc(F)cn3)nc(N4CCOCC4)c2Cl)n[nH]1,2.85,2.5384213333333334,-0.31157866666666667
3378,test,CS(=O)(=O)C1(CC1)c2cc(nc(n2)c3cccc4[nH]ccc34)N5CCOCC5,2.2,2.367139999999999,0.16713999999999896
3325,test,Nc1cccc(C(=O)NCC23CC4CC(CC(C4)C2)C3)c1Cl,3.29,1.7540517619047618,-1.5359482380952383
2035,test,CCN(CC)C(=O)c1ccc(cc1)C(=C2CCNCC2)c3ccc(Cl)c(Cl)c3,2.4,1.5837790000000007,-0.8162209999999992
2622,test,CN(C)c1cccc(c1)C(=O)Nc2ccc(C)c(NC(=O)c3ccc(OCc4ccccn4)cc3)c2,2.83,2.946019999999999,0.1160199999999989
2521,test,Clc1ccc(cc1)C(=O)\C=C\Sc2nc[nH]n2,3.1,1.8188766666666665,-1.2811233333333336
2541,test,COC(=O)COc1ccc(OCCNCC(O)COc2ccccc2)cc1,1.54,1.1305636666666636,-0.4094363333333364
3930,test,CC(C)n1c(C)ncc1c2nc(Nc3ccc(cc3)C(=O)N4CCN(C)CC4)ncc2F,2.49,2.1302866666666667,-0.35971333333333355
3467,test,CN(C)C(=O)Nc1ccc(CN2NC(=O)C3=C(C2=O)C(=O)c4ccc(Cl)cc4N3)cc1,1.1,1.4648999999999996,0.36489999999999956
479,test,CN1CCCC1c2cccnc2,0.5,1.8334453333333331,1.3334453333333331
1963,test,COCCOC(=O)C1=C(C)NC(=C(C1c2cccc(c2)[N+](=O)[O-])C(=O)OC(C)C)C,3.8,1.610296666666667,-2.189703333333333
561,test,CCCCN(CCCC)CCCOC(=O)c1ccc(N)cc1,1.93,0.9057999999999986,-1.0242000000000013
44,test,OC(=O)COc1ccc(cc1c2cc(ccc2F)C#N)C(F)(F)F,-0.16,-0.022233333333338656,0.13776666666666135
1482,test,CN(c1ccnc(Nc2cc(cc(c2)S(=O)(=O)C)N3CCOCC3)n1)c4cc(CO)ccc4C,2.9,3.001273333333333,0.10127333333333288
3049,test,COc1cc(OC)cc(c1)C2=CC=C(NC(=O)OCc3ccccc3)C(=O)N2CC(=O)NC(C(C)C)C(=O)C(F)(F)F,2.26,1.6760200000000005,-0.5839799999999993
675,test,C[C@H](NC1=NC(=O)C(C)(S1)C(F)(F)F)c2ccccc2F,3.1,3.0362239999999936,-0.0637760000000065
406,test,C[C@@H](O)[C@H](NC(=O)c1ccc(cc1)C#Cc2ccc(CN3CCOCC3)cc2)C(=O)NO,2.03,2.557417333333333,0.5274173333333332
3197,test,Cc1c(O[C@H]2C[C@H]3CC[C@@H](C2)N3Cc4ccccc4)cccc1C(=O)N,1.6,1.9633179999999995,0.36331799999999936
1526,test,COc1cc2ncc(C(=O)N)c(Nc3ccc(F)c(Cl)c3)c2cc1OC,3.22,3.108579999999998,-0.11142000000000207
1402,test,Nc1n[nH]c2c(Cl)cccc12,1.7,1.7691,0.06909999999999994
2739,test,Cc1c(cnn1c2ccc(cc2)C(=O)O)C(=O)NC3C4CC5CC(CC3C5)C4,0.8,1.2914593333333324,0.49145933333333236
3821,test,Cc1cc(C)nc(SCC(=O)N)n1,0.23,1.4073391666666661,1.1773391666666662
3063,test,FC(F)(F)c1nnc2ccc(nn12)N3CCCCCC3,3.29,2.8453999999999984,-0.44460000000000166
630,test,Cc1nc(C)c(nc1C(=O)N)c2ccc3c(CC[C@@]34CC[C@@H](CC4)C(=O)O)c2,1.2,1.4493999999999985,0.2493999999999985
2083,test,CSc1ncccc1C(=O)NCc2ccc(C)cc2,2.71,2.82063,0.11063
4168,test,Oc1ccc(cc1)[N+](=O)[O-],1.5,2.0129499999999996,0.5129499999999996
650,test,CN1C(=O)C=C(CCc2ccccc2)N=C1N,2.0,2.5124799999999983,0.5124799999999983
2406,test,CCN(CCNCCc1ccc(O)c2NC(=O)Sc12)C(=O)CCOCCc3ccccc3,1.92,2.265968,0.34596800000000005
2564,test,C[C@H](NC(=O)c1c(C)nn(C2CCOCC2)c1NS(=O)(=O)c3ccc(cc3)C4CC4)C(C)(C)C,1.23,0.870400000000001,-0.35959999999999903
1128,test,OCC(CO)Nc1nc(SCc2cccc(F)c2F)nc3nc(NC4CC4)sc13,3.11,3.8669800000000008,0.7569800000000009
3947,test,O=C(Oc1ccc2C(=O)CCOc2c1)c3ccccc3,3.6,2.605161999999999,-0.994838000000001
834,test,CC(=O)NCC(NC(=O)C1(N)CCN(CC1)c2ncnc3[nH]ccc23)c4ccc(Cl)cc4,2.4,2.270133,-0.12986699999999995
3827,test,C[C@@](N)(Cc1ccccc1)c2ccccc2,1.7,1.5475573333333372,-0.15244266666666273
1512,test,CC(C)N1CCN(Cc2cnc(c(F)c2)c3ccc(cc3)C(=O)Nc4ccccc4N)CC1,1.6,1.5271199999999956,-0.0728800000000045
1703,test,CCN1CCO[C@@H](CN2CCN(CC2)C(=O)Nc3ccc(Cl)c(Cl)c3)C1,2.68,2.372447999999999,-0.30755200000000116
2268,test,COc1ccc(c(OC)c1)c2cncc(CNC3CCCC3)n2,2.14,2.1117866666666667,-0.028213333333333424
1445,test,CN1C(=O)N(CC2CC2)c3nn(Cc4ccnc5ccc(Cl)cc45)c(c6oc(cc6)S(=O)(=O)C)c3C1=O,2.71,3.4525600000000036,0.7425600000000037
4141,test,Oc1cc(ccc1NC(=O)CN2CCOCC2)c3cccc4C(=O)C=C(Oc34)N5CCOCC5,2.4,2.9142133333333327,0.5142133333333327
3565,test,Nc1nc2cc3CCN(Cc4ccccc4)CCc3cc2s1,2.66,2.6965493333333326,0.036549333333332434
3919,test,COCC(C)n1nc(C)c(C(=O)N[C@@H](C)C(C)(C)C)c1NS(=O)(=O)c2ccc(C)cc2,0.61,1.019404000000003,0.4094040000000031
924,test,CN(C)CC(O)COc1ccc(Nc2nccc(n2)N(CC#N)c3cc(Cl)ccc3Cl)cc1,2.4,2.7906866666666628,0.39068666666666285
2543,test,Oc1cccc(O[C@H]2C[C@H]3CC[C@@H](C2)N3Cc4ccccc4)c1,2.3,2.2244983333333335,-0.07550166666666636
2649,test,COc1ccc(N(C(C)C(=O)NC2CCCC2)C(=O)c3ccccc3)c(OC)c1,3.02,2.815579999999999,-0.20442000000000116
613,test,C[C@H](Oc1ccc(Cl)cc1CN2CCN([C@@H](C)C2)C(=O)Cc3ccc(Cl)cc3)C(=O)O,1.66,2.084964,0.4249639999999999
