row,partition,smiles,actual,predicted,residual
1129,train,CCN(C1CCN(CCC(c2ccccc2)c3ccc(cc3)C#N)CC1)C(=O)Cc4ccc(cc4)S(=O)(=O)C,2.76,2.788677015794919,0.028677015794919214
1344,train,CN(C)c1cccc2c(cccc12)S(=O)(=O)N(C)CC(=O)O,-1.45,-1.176607629560218,0.27339237043978204
2845,train,CCOC(=O)c1ncn2c1CN(C)C(=O)c3cc(F)ccc23,1.1,1.344662400099918,0.24466240009991802
107,train,Oc1ccccc1OC(=O)c2cccc3ccccc23,4.4,3.785290436574417,-0.6147095634255835
1260,train,CC(C)n1c(C)ncc1c2ccnc(Nc3ccc(cc3)N4CCN(CC4)S(=O)(=O)CCN(C)C)n2,2.52,2.422075261684748,-0.09792473831525195
3869,train,O=C1C=C(N=C2C=CC=CN12)N3CCOCC3,1.0,1.4499644643647356,0.4499644643647356
1369,train,O=C(NCc1ccccn1)c2ccc(Oc3ccccc3)cc2,2.7,2.628726850394007,-0.07127314960599307
2949,train,Oc1ccc(CCNCCS(=O)(=O)CCCOCCc2nccc3ccccc23)c4sc(O)nc14,2.35,2.4260235784638153,0.07602357846381524
938,train,Cc1ccc2c(c1)c(Sc3ccc(Cl)cc3)c(C)n2CC(=O)O,2.18,1.7947212400925932,-0.385278759907407
2234,train,N[C@@H](CC(=O)N1CCn2c(C1)nnc2C(F)(F)F)Cc3cc(F)c(F)cc3F,0.31,0.162770032383996,-0.147229967616004
1288,train,CS(=O)(=O)c1ccc2C(=CNC(=O)c2c1)C(=O)NC[C@@H](O)CN3CCC(CC3)Oc4ccc(Cl)c(Cl)c4,2.63,2.4138019281894056,-0.21619807181059425
2789,train,CN(C1CCN(CCC(c2ccccc2)c3ccccc3)CC1)C(=O)NCc4ccccc4,3.4,3.460184757380212,0.060184757380211895
1408,train,CN([C@H]1CCN(Cc2ccc(cc2)C(F)(F)F)C[C@H]1F)C(=O)Cc3ccc(cc3)n4cnnn4,3.3,3.075256494068215,-0.2247435059317846
1540,train,Cc1cc(Oc2ccnc(Nc3ccc(cc3)N4CCOCC4)c2)c(nc1C)c5ccccn5,2.59,2.6362292966361722,0.04622929663617237
375,train,CCCN[C@H]1CCc2nc(N)sc2C1,3.15,3.1449612836493723,-0.005038716350627581
3737,train,CC[C@H](CO)Nc1nc(NCc2ccccc2)c3ncn(C(C)C)c3n1,3.63,3.4546100178645003,-0.1753899821354996
3804,train,O=C(Nc1ccccc1)c2ccc(OCCCN3CCCC3)cc2OCc4ccccc4C#N,2.66,2.7500048063601605,0.0900048063601604
3398,train,CC(C)CN1C(=O)N(C)C(=O)c2c1sc(Cc3ccnc4ccc(F)cc34)c2C(=O)N5CC[C@@H](O)C5,1.95,1.9239910617806577,-0.026008938219342248
2576,train,CC[C@H](NC(=O)c1c([S+](C)[O-])c(nc2ccccc12)c3ccsc3)c4ccccc4,2.66,2.8778533003648916,0.21785330036489148
791,train,Nc1c(NC2CCCC2)nc(nc1N3CCOCC3)C#N,2.59,2.45622415190321,-0.13377584809678966
1856,train,CN1C=C(C(=O)c2c(O)cc(O)cc12)c3ccc(O)cc3,2.2,2.2422013075050575,0.04220130750505735
2105,train,NC(=O)c1ccccc1O,1.09,1.1203518904842202,0.030351890484220156
2450,train,COCc1ccoc1C(=O)N(C(C(=O)NC[C@@H](C)O)c2ccccc2F)c3ccc(OC)cc3OC,1.98,1.703325044727272,-0.2766749552727279
2854,train,CO[C@H]1CN(Cc2ccc(cc2)C(F)(F)F)CC[C@H]1N(C)C(=O)Cc3ccc(cc3)n4cnnn4,3.0,3.0922286915056696,0.09222869150566959
1377,train,CN(C)CC\C=C\1/c2ccccc2Sc3ccc(Cl)cc13,3.42,3.179194627022658,-0.24080537297734184
3995,train,CCCN1CCN(CC1)c2ccc(cc2)C(=O)NC3(CCCCC3)C(=O)NCC#N,1.33,1.2819819677923392,-0.04801803220766088
1109,train,Oc1cc(nc2ccccc12)c3ccccc3,2.54,2.4789249556352284,-0.061075044364771625
3857,train,NC1=NC(c2cccc(c2)c3cncnc3)(c4ccnc(c4)C(F)(F)F)c5cccc(F)c15,3.4,3.302241548293831,-0.0977584517061687
1708,train,Clc1ccccc1CNC(=O)c2ccccc2Oc3ccccc3,3.58,3.366428116502458,-0.2135718834975422
1174,train,COCCOc1nc(N)c2NC(=O)N(Cc3cccc(CC(=O)OC)c3)c2n1,1.86,2.1280516003064203,0.26805160030642017
1450,train,CC(=O)Nc1cnc2ccn(c3cc(NC4CC4)n5ncc(C#N)c5n3)c2c1,2.69,3.0117679182727235,0.32176791827272355
3476,train,NC1(CCN(CC1)c2ncnc3[nH]ccc23)C(=O)NC(c4ccccc4)c5ccc(Cl)cc5,4.1,3.712263309095752,-0.38773669090424745
410,train,CN(C)CCCN1c2ccccc2CCc3ccccc13,2.49,2.282862624931177,-0.20713737506882302
262,train,COc1ccnc(CCc2nc3cccnc3[nH]2)c1,1.69,1.89653726085503,0.20653726085503
1233,train,OC(=O)c1cccc(c1)c2ccc3c(C(=O)NCC45CC6CC(CC(C6)C4)C5)c(Cl)ccc3n2,2.84,3.066484919753412,0.22648491975341223
1756,train,O=C(CC12CC3CC(CC(C3)C1)C2)Nc4cccc5ncccc45,3.83,3.4359431971299563,-0.39405680287004374
2943,train,Brc1ccc(s1)S(=O)(=O)NCC(N2CCCCCC2)c3ccccc3,3.52,3.613466257547421,0.093466257547421
4030,train,COc1cc(OC)c(cc1NC(=O)NCC(=O)O)S(=O)(=O)N2C(C)CCc3ccccc23,-1.02,-0.7701859285122139,0.24981407148778612
2842,train,Cc1ccc(cc1)c2cc(nn2c3ccc(cc3)S(=O)(=O)N)C(F)(F)F,3.42,3.232350547443087,-0.1876494525569128
1578,train,O=S(=O)(Cc1ccccc1)NCC(N2CCCCCC2)c3ccccc3,2.83,2.711697573682162,-0.11830242631783827
1320,train,CCn1c2ccccc2c3cc(NC(=O)CCc4ccncc4)ccc13,3.75,4.188725977304999,0.4387259773049994
395,train,COc1cc2ncc(C(=O)N)c(Nc3ccc(F)cc3)c2cc1OC,2.82,2.7706157645073484,-0.049384235492651474
3602,train,NC(=N)c1cc2c(OCc3ccccc3)cccc2s1,1.16,1.347129775745992,0.187129775745992
2160,train,OC(=O)c1ccc2c(c1)nc(Nc3cccc(c3)C#C)c4ncncc24,0.92,1.2205577550919362,0.30055775509193616
3965,train,Brc1ccc(cc1)C2NC(=O)c3ccccc3N2,2.68,3.342641568826269,0.662641568826269
1148,train,O=C(N[C@H]1CN2CCC1CC2)c3ccc(s3)c4ccccc4,1.9,1.7960386542053048,-0.10396134579469507
1300,train,CN1C(=O)CC(C)(CCc2cccc(c2)c3ccccc3)N=C1N,2.03,2.2505065515000515,0.22050655150005172
2433,train,CN1CCC(=CC1)c2cccc(O)c2,0.53,0.6872940649359955,0.15729406493599551
4009,train,O=C(NCC#N)[C@@H]1CCCC[C@H]1C(=O)N2CCN(CC2)c3ccccc3,1.75,1.8179850706324103,0.06798507063241033
2609,train,OCCCN(Cc1ccc(F)cc1)C(=O)CC2CCN(Cc3ccn(c3)c4ccc(cc4)C(F)(F)F)CC2,3.04,3.0074018799261855,-0.032598120073814574
443,train,COc1cc2ncc(C(=O)N)c(Nc3ccc(F)cc3F)c2cc1OC,2.95,2.8757407293025006,-0.0742592706974996
1252,train,C[C@H](CO)Nc1nc(SCc2ccccc2F)nc3nc(N)sc13,3.12,3.383621278574781,0.2636212785747807
2039,train,COc1cc2ncnc(Nc3ccccc3)c2cc1OC,3.04,3.0740158059650837,0.03401580596508369
500,train,O[C@@H](CNCCSCCCNCCc1cccc(c1)C(F)(F)F)c2ccc(O)c3NC(=O)Sc23,1.21,1.2180413029631514,0.00804130296315142
596,train,COc1cc2c(Nc3cc(CC(=O)Nc4cccc(F)c4)[nH]n3)ncnc2cc1OCCCN5CCC(CO)CC5,2.11,2.4334873687830094,0.32348736878300954
2896,train,CN(C)CCCOc1ccc(cc1)c2cc(C(=O)N)c(NC(=O)N)s2,0.64,0.8428274070862254,0.20282740708622538
2216,train,C(CCNc1cc(nc2ccccc12)c3ccccc3)CNc4cc(nc5ccccc45)c6ccccc6,3.65,2.8702262513779204,-0.7797737486220795
2592,train,CC(C)c1cc(C(=O)N2Cc3ccc(CN4CCN(C)CC4)cc3C2)c(O)cc1O,2.5,2.511150248033407,0.011150248033406918
393,train,Clc1ccc(cc1)C(=O)C2CCN(CC2)C(=O)C3CC3,2.72,2.7394987382697935,0.019498738269793314
2421,train,C[C@@H](Oc1ccc(cc1C(=O)N2CCN(CC2)c3ncc(cc3F)C(F)(F)F)S(=O)(=O)C)C(F)(F)F,3.49,3.3875826262788458,-0.10241737372115445
2934,train,NC(=O)c1ccc(cc1)c2cc3c(N[C@H]4CCCNC4)ncc(C(=O)N)c3s2,0.28,0.893028630687063,0.6130286306870629
2898,train,COc1ccc(cc1)C(CN(C)C)C2(O)CCCCC2,0.99,1.3394917178085124,0.3494917178085124
3482,train,COc1cc2c(ncnc2cc1OCCCN3CCCCC3)N4CCN(CC4)C(=O)Nc5ccc(OC(C)C)cc5,2.6,2.7129252211047055,0.11292522110470538
1558,train,CNC(=O)c1ccc(C)c(c1)N2C(=CC(=C(Br)C2=O)OCc3ccc(F)cc3F)C,2.8,2.95821564630837,0.15821564630837015
532,train,C[C@H](C1=CNC(=S)N1)c2cccc(C)c2C,2.9,2.9353363146103417,0.03533631461034181
2981,train,CC(C)C[C@H](CO)Nc1nc(SCc2ccccc2)nc3NC(=O)Sc13,4.2,3.9894921543321225,-0.21050784566787772
1612,train,Cc1cccc(n1)C#Cc2ccccc2,3.6,3.786389992569716,0.1863899925697159
1902,train,NS(=O)(=O)c1cc(C(=O)O)c(NCc2occc2)cc1Cl,-0.9,-0.9830856585526204,-0.0830856585526204
2774,train,C[C@H]1COCCN1c2nc(N3CCOC[C@@H]3C)c4ccc(nc4n2)c5cccc(c5)C(=O)NCCO,2.49,2.528504152430727,0.0385041524307268
4111,train,NNCCc1ccccc1,-0.01,0.2788031744112254,0.2888031744112254
474,train,CN1CCN(CC1)C(=O)c2cc3cc(Br)ccc3[nH]2,2.79,2.5468335597508616,-0.24316644024913847
3627,train,CCOc1ccc(cc1)c2cnc3CCCn23,2.65,2.567657486199808,-0.08234251380019186
3172,train,COc1cc(ccc1Nc2ncc(Br)c(n2)c3cnc4ccccn34)N5CCN(CC5)C(=O)C,3.7,3.574864303029104,-0.12513569697089633
3744,train,Fc1ccc(cc1F)C(=O)Nc2ccc(Cl)nc2,3.31,3.123509815379234,-0.18649018462076628
1850,train,CC(C)(NC(=O)c1sccc1Oc2ccc(F)cc2[N+](=O)[O-])C#C,3.0,2.814229025167524,-0.18577097483247584
2403,train,CC(C)[N+](C)(CCOC(=O)C1c2ccccc2Oc3ccccc13)C(C)C,0.2,0.30895302055635243,0.10895302055635242
2794,train,O=C1Nc2ccc(cc2C1=O)S(=O)(=O)N3CCC[C@H]3COc4ccccc4,2.7,2.598714280690427,-0.10128571930957309
2533,train,OC(=O)c1c(Sc2ccccc2)c3cc(Cl)ccc3n1Cc4ccc(Cl)cc4,2.96,3.024987035706984,0.06498703570698394
711,train,COc1ccc(NC(=O)CSc2nnc(C)n2c3ccc(C)cc3)cc1,2.94,2.7980413157875246,-0.14195868421247537
3734,train,Clc1ccc(cc1C(=O)NCC23CC4CC(CC(C4)C2)C3)N5CCNCC5,1.77,1.6150778375142307,-0.1549221624857693
332,train,CCNc1nc(Nc2ccccc2)nc(n1)C#N,3.11,3.3859431828606104,0.2759431828606105
2824,train,CC[C@@H]1COCCN1c2cc(nc(n2)c3cccc4[nH]ccc34)C5(CC5)S(=O)(=O)C,3.0,2.7462335787866037,-0.2537664212133963
20,train,CC(C)(CCCCCOCCc1ccccc1)NCCc2ccc(O)c3nc(O)sc23,2.92,2.712478393999726,-0.2075216060002738
3826,train,C[C@H]1CN(Cc2cc(Cl)ccc2CC(=O)O)CCN1C(=O)Cc3ccc(Cl)cc3,1.66,1.2831060850351637,-0.37689391496483626
3420,train,Cc1c(c2ccc(O)cc2)n(C)c3ccc(O)cc13,3.8,3.459948681278198,-0.3400513187218017
911,train,CC(N)C(=O)Nc1c(C)cccc1C,-0.15,0.6151918549915922,0.7651918549915923
3974,train,NC(=O)Nc1sc(cc1C(=O)N)c2ccc(CN3CCCCC3)cc2,1.75,1.8215930308741066,0.07159303087410662
3538,train,Cc1c(Cl)c(Cl)ccc1OC2CCN(CC3CCN(CC3)[C@@](C)(Cc4ccc(F)cc4)C(=O)O)CC2,2.98,2.9438110168903924,-0.03618898310960761
2846,train,CN1CCc2cc(Cl)c(O)cc2[C@H](C1)c3ccccc3,2.5,2.4456529098153634,-0.05434709018463657
3008,train,OCCNC(=O)COc1ccc(OCCNCC(O)COc2ccccc2)cc1,0.42,0.6214600150254515,0.20146001502545147
838,train,CCc1c(C)[nH]c2CCC(CN3CCOCC3)C(=O)c12,1.54,1.4913866122457318,-0.04861338775426827
602,train,NC(=N)Nc1cc(Cl)nc(n1)c2ccccc2,2.16,2.025131443587029,-0.13486855641297124
3644,train,Fc1ccccc1NC(=O)N[C@H]2N=C(c3ccccc3)c4ccccc4NC2=O,4.0,3.8691552685530466,-0.1308447314469534
2330,train,Cc1ccc(cc1)N2NC(=O)c3cccnc23,2.1,1.818433572110382,-0.28156642788961816
426,train,CC(C)C(NC(=O)CN1C(=O)C(=CN=C1c2cccs2)NC(=O)OCc3ccccc3)C(=O)C(F)(F)F,2.02,2.259172782813059,0.2391727828130592
1283,train,COc1ccc(cc1)S(=O)(=O)Nc2ccccn2,0.87,1.1305145174507953,0.26051451745079535
167,train,C[C@@H](Oc1cccc2ncnc(Nc3ccc4c(cnn4Cc5ccccn5)c3)c12)C(=O)N6CCOCC6,2.82,3.046564851027614,0.22656485102761437
3169,train,CCCNC(=O)c1nnc2c(cccc2c1N)c3cnccc3OC,2.83,2.8510147995062685,0.02101479950626839
450,train,COc1cc2ncnc(Nc3ccc(F)c(Cl)c3)c2cc1NC(=O)\C=C\CN4CCCCC4,4.1,4.136165606550084,0.036165606550084384
3434,train,CC(C)(C)c1ccc(cc1)c2n[nH]c(NC(=O)c3ccccc3Cl)c2Br,4.3,4.316574944014642,0.01657494401464188
2291,train,CCCS(=O)(=O)N1N=Cc2cc(Cl)ccc2B1O,-0.4,-0.15375498003149612,0.2462450199685039
1471,train,CCCSc1nc(N[C@@H]2C[C@H]2c3ccccc3)c4nnn([C@@H]5C[C@@H]([C@@H](O)[C@H]5O)C(=O)N)c4n1,2.05,2.2383813701663593,0.18838137016635947
2299,train,CC(C)C(NC(=O)CN1C(=O)C(=CC=C1c2ccccc2)N)C(=O)C(F)(F)F,1.74,1.648936239838267,-0.09106376016173301
3815,train,C[C@H]1O[C@H]([C@H](O)[C@@H]1O)n2cnc3c(N)nc(OCC4CC45CC5)nc23,1.78,1.5903334926105037,-0.1896665073894963
1286,train,COc1ccc(NC(=O)C=C)cc1,1.68,1.7740704812978145,0.09407048129781459
3000,train,OC(=O)c1ccc(cc1)n2ncc(C(=O)NC3C4CC5CC(CC3C5)C4)c2C(F)(F)F,1.5,1.4048362983966016,-0.09516370160339838
3719,train,CN[C@@H](C)C(=O)N[C@H](C(=O)N[C@H]1CCCN(CCc2cccc(OC)c2)C1)C(C)(C)C,1.47,1.4504609138410438,-0.019539086158956165
3146,train,CS(=O)(=O)c1ccc(c(Cl)c1)c2cc(ccc2OCC(=O)O)C(F)(F)F,-0.52,-0.2951764957495002,0.2248235042504998
783,train,CN1SC(=NC1=O)NC(=O)c2ccccc2,1.13,0.9804467673983879,-0.14955323260161202
2893,train,CCN1C(=O)N(CC2CC2)c3nn(Cc4ccnc5ccc(Cl)cc45)c(c3C1=O)c6cc(cn6C)C#N,4.13,3.8804596906304187,-0.24954030936958116
251,train,CC(C(=O)O)n1c(C)c(Sc2ccc(Cl)cc2)c3cc(Cl)ccc13,3.56,3.4020558998937904,-0.15794410010620963
740,train,CC[C@H](N1CCC[C@@H](C1)N2C=C(C)C(=O)NC2=O)c3ccc(C(=O)O)c(Oc4cccc(Cl)c4)c3,0.22,0.39336029721463306,0.17336029721463306
710,train,C[C@H](Nc1nc(Nc2cc(C)[nH]n2)cc(n1)N3CCOCC3)c4ncc(F)cn4,1.91,1.7721285616650955,-0.13787143833490445
2398,train,Oc1ccc2OC(=CC(=O)c2c1)c3ccccc3,3.6,3.5190564057162277,-0.0809435942837724
246,train,Cc1ccccc1N2C(=Nc3cccc(C)c3C2=O)Cn4nc(c5ccc(O)c(F)c5)c6c(N)ncnc46,3.55,3.288094269281674,-0.2619057307183259
338,train,Cc1cc(Oc2ccc3OCOc3c2)nc(Oc4ccc(cc4)n5ccnc5)n1,3.47,3.5023737679094307,0.03237376790943047
2128,train,O=C(NC1(CC1)C#N)[C@@H]2CCCC[C@H]2C(=O)N3CCN(CC3)c4nc5ccncc5s4,1.6,1.5520491244000416,-0.047950875599958476
3798,train,CCCSc1nc(Oc2ccc(CC(=O)O)cc2)ccc1C(=O)NC3CCCCC3,1.79,1.6925965561692373,-0.09740344383076271
1311,train,CN1C(=O)N(CC2CC2)c3nn(Cc4ccnc5ccc(Cl)cc45)c(c6oc(cc6Cl)S(=O)(=O)C)c3C1=O,3.97,3.7171375563602087,-0.2528624436397915
3362,train,O=C1OC(=Cc2ccccc12)c3ccccc3,3.84,3.297683853960428,-0.542316146039572
408,train,Cc1c(Oc2ccc(Cl)cc2)c3cc(ccc3n1CC(=O)O)C(F)(F)F,2.28,2.0060545824380442,-0.27394541756195556
3710,train,O[C@@H](CNCCc1cccc(CNCc2ccccc2F)c1)c3ccc(O)c4NC(=O)Sc34,0.69,0.9202753439169356,0.2302753439169356
3065,train,Cc1ccc(NC(=O)c2ccnc(c2)N3CCOCC3)cc1NC(=O)c4ccc(OCc5ccccn5)cc4,3.47,3.290923318474694,-0.1790766815253062
2205,train,[O-][N+](=O)c1cccc(c1)c2ccc(OCC(CCc3ccc(cc3)C(=O)N4CCCC4)N5C(=O)CCCC5=O)cc2,2.31,2.5776188862118423,0.26761888621184227
2456,train,Cc1cnc(Nc2ccc(OCCN3CCCC3)cc2)nc1Nc4cccc(c4)S(=O)(=O)NC(C)(C)C,2.11,2.335663079587797,0.2256630795877972
636,train,Cc1cccc(C(=O)N)c1NC(=O)c2ccccc2,1.09,1.6172364326794746,0.5272364326794745
181,train,CC(C)C(NC(=O)CN1C(=O)C(=CC=C1c2ccccc2)NS(=O)(=O)C)C(=O)C(F)(F)F,1.77,1.5114573662109945,-0.25854263378900555
2106,train,OCC(CO)NC(=O)CN1C(=O)C(Cc2ccccc12)NC(=O)c3cc4cc(Cl)sc4[nH]3,2.61,3.0932643669626465,0.48326436696264663
577,train,NC12CCC(CC1)(CC2)c3ccccc3,0.29,0.9875844422683575,0.6975844422683575
154,train,Nc1ccc(cc1)S(=O)(=O)Nc2nccs2,-0.37,-0.27565418775517125,0.09434581224482874
3714,train,CC1=C(Cc2ccccc2)C(=O)n3nc(NCc4cccc(Br)c4)nc3N1,3.68,3.784191380947211,0.10419138094721081
2306,train,CC1=C(C)C(=O)C(=C(C)C1=O)C(CCCCCC(=O)O)c2ccccc2,2.48,2.1596321083189443,-0.3203678916810557
667,train,Fc1ccc2[nH]c3CCN(Cc3c2c1)C(=O)[C@@H]4CCCC[C@H]4C(=O)NCC#N,2.77,2.794143662217361,0.024143662217360973
235,train,CC1=CN([C@H]2CCCN(C2)S(=O)(=O)c3ccc(O)c(Oc4cccc(c4)C(F)(F)F)c3)C(=O)NC1=O,2.27,2.260936047457758,-0.009063952542242237
3490,train,CN(C)CC(C)(C)COc1nccc(Nc2cc(NC(=O)c3ccnc(c3)N4CCOCC4)ccc2C)n1,2.2,2.0992564728655947,-0.10074352713440549
2506,train,CN(C)C(=O)N[C@@H]1CC[C@@H](CCN2CCN(CC2)c3ccc(Cl)c(Cl)c3)CC1,3.15,2.9622226296303227,-0.18777737036967723
1097,train,COc1ccc2cc(ccc2c1)C(C)C(=O)O,0.23,0.23810465722131724,0.00810465722131723
811,train,Oc1ccc(CCNCCS(=O)(=O)CCCOCCc2oc3ccccc3c2)c4sc(O)nc14,2.86,2.7076618006205306,-0.15233819937946924
989,train,Cc1ccc(OCC(=O)O)c(c1)n2nc3ccccc3n2,-0.84,-0.9341150458975953,-0.09411504589759534
3887,train,CCN(C1CCN(CC[C@H](c2ccc(cc2)S(=O)(=O)C)c3cccc(F)c3)CC1)C(=O)Cc4ccc(cc4)S(=O)(=O)C,2.9,2.551419509539755,-0.348580490460245
2967,train,COc1ccccc1CN(C)Cc2cccc(CCNC[C@H](O)c3ccc(O)c4NC(=O)Sc34)c2,1.52,1.5966772947379644,0.07667729473796436
4070,train,Cc1cc(Cl)ccc1N2CCN(CC2)C(=O)COCc3ccncc3,3.22,3.1293659849710593,-0.09063401502894086
1705,train,COc1ccc(cc1OC)S(=O)(=O)Nc2ccc(\C=C\C(=O)Nc3ccccc3N)cc2,2.56,2.4673698593273437,-0.0926301406726564
3775,train,O=C(CSc1ccccc1)N2CCN(CC2)c3ccccc3,3.2,2.9626349503062586,-0.23736504969374161
2529,train,CCCN(CCO)CCCOc1ccc2c(Nc3cc(CC(=O)Nc4cccc(F)c4F)[nH]n3)ncnc2c1,2.19,2.190835043393716,0.000835043393716095
3790,train,NC(=O)c1ccc(O[C@H]2C[C@H]3CC[C@@H](C2)N3Cc4ccccc4)cn1,1.51,1.5071382087032061,-0.0028617912967938697
3971,train,CN1C2CCC1CC(C2)OC(=O)C(CO)c3ccccc3,-0.09,-0.2574510435039423,-0.16745104350394233
2469,train,NC(=N)c1cc2c(cccc2s1)c3ccccc3,1.27,1.7800620119773676,0.5100620119773676
266,train,COc1ccc2nccc([C@H](O)C3CC4CCN3CC4C=C)c2c1,2.16,2.21786696023411,0.057866960234109754
2280,train,CN1CCC(CC1)Oc2nccc(Nc3cc(NC(=O)c4ccnc(c4)N5CCOCC5)ccc3C)n2,1.8,2.1181624095918306,0.3181624095918305
540,train,Oc1ccc(cc1)c2csc(n2)c3ccc(O)cc3,3.7,3.393167735893424,-0.30683226410657616
1624,train,NC(=O)c1cnc(N[C@H]2CCCNC2)c3cc(sc13)c4ccc(F)c(F)c4,2.17,1.9618153966065406,-0.20818460339345934
877,train,CNc1c(Br)cnc2[nH]c(nc12)c3ccc(cc3)S(=O)(=O)C,2.88,2.6040959953871248,-0.2759040046128751
944,train,OCCN1CCN(CCCN2c3ccccc3Sc4ccc(Cl)cc24)CC1,3.6,3.4498926281258484,-0.15010737187415168
1335,train,CN1CCN(CC1)c2ccc(Nc3ncc(C)c(Nc4cccc(c4)S(=O)(=O)NC(C)(C)C)n3)cc2,2.84,2.7163896693552094,-0.12361033064479043
3460,train,CCN(CC)CCN1C(=O)CN=C(c2ccccc2F)c3cc(Cl)ccc13,2.38,2.2683827989514884,-0.11161720104851147
3412,train,Cc1nccn1CCC(C(=O)N)(c2ccccc2)c3ccccc3,1.79,1.071163967065162,-0.718836032934838
764,train,OC(=O)c1cccc(c1)C(=O)N2CCC(CC2)N3CCC(CC3)Oc4ccc(Cl)c(Cl)c4,1.23,1.5395961316961417,0.30959613169614175
3194,train,Cc1c(Sc2ccc(Cl)cc2)c3c(Cl)cccc3n1CC(=O)O,2.15,1.6033012967989695,-0.5466987032010304
994,train,CSCCC(NC(=O)c1ccccc1)c2nc3ccccc3n2Cc4ccc(cc4)C#N,4.24,3.9388739335587193,-0.3011260664412809
127,train,Cc1ncc(nc1C(=O)N)c2ccc(cc2)[C@@H]3CC[C@@H](CC(=O)O)CC3,1.0,1.1468618021611399,0.14686180216113986
1536,train,CNS(=O)(=O)c1ccc(Oc2ccc(cc2)C#C[C@]3(O)CN4CCC3CC4)cc1,2.03,1.6992380692377145,-0.3307619307622853
3338,train,C[C@]12CC[C@H]3[C@@H](CC(=C)C4=CC(=O)C=C[C@]34C)[C@@H]1CCC2=O,2.98,3.0831524014405742,0.10315240144057425
604,train,CC(C)Oc1cc(OCCCN2CCCC2)cc3ncnc(Nc4c(Cl)ccc5OCOc45)c13,3.1,2.9351830997986434,-0.16481690020135664
1308,train,Fc1ccc(CN2CCN(CC2)[C@H](c3ccc(cc3)C(=O)N4CCC4)c5cccc(NC(=O)C6CC6)c5)cc1,3.58,3.552252085418636,-0.027747914581364164
2439,train,CC1=CN([C@H]2CCCN(C2)S(=O)(=O)c3ccc(CO)c(Oc4cccc(Cl)c4)c3)C(=O)NC1=O,2.69,2.307231078737535,-0.382768921262465
1296,train,Cc1onc(NC(=O)CSc2nc(C)cc(C)n2)c1,1.52,1.7535064745522975,0.23350647455229745
2539,train,CC(CO)(CO)Nc1nc(SCc2cccc(F)c2F)nc3nc(N)sc13,2.87,3.082481873387594,0.21248187338759372
820,train,CCN(CC)C(=O)N[C@H]1C[C@H]2[C@@H](Cc3c[nH]c4cccc2c34)N(C)C1,2.73,2.6570038791696358,-0.07299612083036422
3464,train,COc1ccc(COC(=O)N2CCC(CNc3ncccn3)CC2)cc1,3.14,2.9584697390314507,-0.1815302609685494
1250,train,O[C@@H](CNCCc1cccc(c1)c2cccc(CNCc3ccccc3)c2)c4ccc(O)c5NC(=O)Sc45,2.32,2.086712338599527,-0.23328766140047286
2700,train,Nc1c(cnn1c2ccc(F)cc2)C(=O)c3cccc(OC[C@@H](O)CO)c3,1.91,1.7897409952668697,-0.12025900473313023
2108,train,Brc1cccc2c3CN(CCc3[nH]c12)C(=O)[C@@H]4CCCC[C@H]4C(=O)NC5(CC5)C#N,3.12,3.065920853291497,-0.05407914670850289
1651,train,Cc1c(F)ccc2c1c(Sc3ccc(Cl)cc3)c(C)n2CC(=O)O,2.23,1.7321676378514446,-0.4978323621485554
3282,train,CCCN(CCO)CCCOc1cc2ncnc(Nc3cc(CC(=O)Nc4cccc(F)c4F)[nH]n3)c2cc1OC,1.28,1.788192349920633,0.5081923499206329
4194,train,CC1CC(N(C(=O)C)c2ccccc2)c3ccccc3N1S(=O)(=O)c4ccccc4,3.68,3.2424639388110092,-0.4375360611889909
3745,train,CCN(CC)S(=O)(=O)c1ccc(NC(=O)[C@@](C)(O)C(F)(F)F)c(Cl)c1,3.66,3.414371471275343,-0.24562852872465735
1807,train,O=C1C=CN=C2C=C(C=CN12)C#Cc3ccccc3,2.9,2.8680070415823695,-0.03199295841763039
4061,train,NNC(=O)c1ccncc1,-0.57,-0.25631815914840317,0.3136818408515968
3992,train,CC1=CN([C@H]2CCCN(C2)[C@H](CC3CCCCC3)c4ccc(C(=O)O)c(Oc5cccc(Cl)c5)c4)C(=O)NC1=O,1.83,1.67983620522339,-0.15016379477661013
3773,train,COc1ccc2N=NC(=O)N(CCN3CCC(CC3)NCc4ccc5OCC(=O)Nc5n4)c2c1,-0.65,-0.27973206877014833,0.3702679312298517
1060,train,CN1CCCCC1CCN2c3ccccc3Sc4ccc(cc24)[S+](C)[O-],1.6,1.7416508548764125,0.14165085487641238
3136,train,NC1(CCN(CC1)c2ncnc3[nH]ccc23)C(=O)NC(CS(=O)(=O)N)c4ccc(Cl)cc4,2.2,2.0680552866658073,-0.1319447133341929
3068,train,Nc1cccc(CCc2ccc3cc[nH]c3c2)n1,2.8,2.461972275249399,-0.3380277247506007
2260,train,CC(C)CN1C(=O)N(C)C(=O)c2c1sc(Cc3c(C)n[nH]c3C)c2C(=O)N4C[C@H](O)CO4,1.07,1.1799112339350983,0.10991123393509827
2600,train,CS(=O)(=O)c1ccc(cc1)[C@@H](CC2CCCC2)C(=O)Nc3nccs3,3.86,3.5734050970866473,-0.28659490291335254
1054,train,C[C@@H]1CN(CCN1c2ncc(OCc3ccncc3C#N)cn2)c4noc(C)n4,2.6,2.329300655575755,-0.27069934442424515
2232,train,O=C(Cc1cccc2ccccc12)Nc3ccccc3,3.9,3.312587428824414,-0.587412571175586
2814,train,OC1=CC(=O)C2=C(O1)c3ccccc3N(C2=O)c4ccccc4,0.96,1.4592363288191104,0.4992363288191104
3560,train,Cn1cc(cc1c2c3C(=O)N(CC#N)C(=O)N(CC4CC4)c3nn2Cc5ccnc6ccc(Cl)cc56)C#N,3.33,3.459727941316774,0.1297279413167738
152,train,NC(=O)c1ccc(Oc2cccc3cccnc23)c(c1)[N+](=O)[O-],1.7,1.5864518771744907,-0.1135481228255093
2328,train,OC(=O)[C@H](Cc1ccc(cc1)C#CCCNc2ccccn2)NC(=O)c3c(Cl)cccc3Cl,0.27,0.21104336968905457,-0.058956630310945446
302,train,CNC(=O)c1cc(c2nc(cc(n2)C3(CC3)S(=O)(=O)C)N4CCOCC4)c5cc[nH]c5c1,1.7,1.5891382087754666,-0.11086179122453332
1531,train,C[C@H](N1CCC[C@@H](C1)N2C=C(C)C(=O)NC2=O)c3ccc(C(=O)O)c(Oc4cccc(Cl)c4)c3,-0.26,-0.24834416994015873,0.011655830059841277
3551,train,FC(F)(F)CCS(=O)(=O)Oc1ccc(NC(=O)c2ccc(Cn3ccnn3)c4ccccc24)c(n1)C(=O)NCC5CCOCC5,4.2,4.009802452804019,-0.19019754719598136
506,train,Oc1cccc(c1)N2C(=O)c3ccc(O)cc3C2=O,2.0,2.0190195406850173,0.019019540685017322
2580,train,COc1ccc(cc1OC)C(=O)Nc2cc(NC(=O)c3cccc(c3)N(C)C)ccc2C,3.12,3.0095257615409245,-0.11047423845907556
184,train,Clc1ccc(CC2CCNCC2)cc1C(=O)NCC34CC5CC(CC(C5)C3)C4,1.49,1.742581471512212,0.2525814715122121
2441,train,CCN(CC)CCOC(=O)C1(CCCCC1)C2CCCCC2,3.72,2.948972470203548,-0.7710275297964522
2707,train,OC(=O)C1=CN(C2CC2)c3cc(N4CCN(CC4)C(=O)CC[N+](=O)[O-])c(F)cc3C1=O,0.22,0.23560121036048587,0.015601210360485868
1819,train,CCN1C=C(C(=O)O)C(=O)c2cc(F)c(nc12)N3CCNCC3,-0.83,-0.6466801898974066,0.18331981010259335
2324,train,NC(=O)Nc1sc(cc1C(=O)N)c2ccccc2,2.42,2.3193201255541496,-0.10067987444585036
698,train,Cc1c(c2c(NS(=O)(=O)C)cccc2n1CC(=O)O)S(=O)(=O)c3ccc(Cl)cc3,-0.83,-0.5608923648907336,0.2691076351092664
1131,train,CN(C)CC(O)COc1ccc(Nc2ncc(C)c(Nc3ccccc3)n2)cc1,2.0,2.0298432102841586,0.029843210284158594
1628,train,FC(F)(F)c1csc(n1)N2CCN(CC2)C(=O)[C@@H]3CCCC[C@H]3C(=O)NC4(CC4)C#N,2.4,2.389217224916452,-0.010782775083547858
268,train,Clc1ccc(Cl)c(c1)S(=O)(=O)Nc2nccs2,1.14,1.1282328174046272,-0.011767182595372683
2152,train,Nc1cc(cc(c1)C(F)(F)F)C(=O)Nc2cccc(c2)c3nnn[nH]3,0.2,0.3014769380047271,0.10147693800472707
801,train,CCC(CC)C[C@@H](N1CCC[C@@H](C1)N2C=C(C)C(=O)NC2=O)c3ccc(C(=O)O)c(Oc4cccc(Cl)c4)c3,1.68,1.1822426995431643,-0.49775730045683564
2494,train,CNC(=O)c1ccc(cc1F)N2C(=S)N(C(=O)C23CCC3)c4ccc(C#N)c(c4)C(F)(F)F,3.3,3.0359196179520547,-0.26408038204794515
3716,train,O=C1CCOc2nc(OCc3ccccc3)ccc12,3.1,3.2309840193152963,0.13098401931529624
3892,train,OC(=O)CCc1ccc(OCc2cccc(Oc3ccccc3)c2)cc1,2.47,2.3468342175790013,-0.12316578242099885
1499,train,CC(=O)NC[C@H]1CN(C(=O)O1)c2ccc(c(F)c2)n3cnc(c3)C#N,1.51,1.6295537600410372,0.11955376004103724
558,train,Cc1ccccc1CN2C=CN3C(=O)C=C(N=C23)N4CCOCC4,2.3,2.7083224311583076,0.4083224311583078
1040,train,CN(CCOc1ccc(CC2SC(=O)NC2=O)cc1)c3ccccn3,2.5,2.113109572984603,-0.386890427015397
132,train,[O-][S+](c1ccccc1)c2ccc3nnnn3n2,0.79,0.9694089853448487,0.17940898534484861
1121,train,OC(=O)c1ccccc1O,-1.36,-0.30865466307369216,1.051345336926308
2510,train,COc1ncc(C)cc1c2cccc3c(N)c(nnc23)C(=O)NC4CC4,3.4,3.204544023571428,-0.1954559764285717
961,train,COc1cc(ccc1Cn2ccc3ccc(cc23)C(=O)NCC4CCCC4)C(=O)NS(=O)(=O)c5ccccc5,1.93,1.8445825539002905,-0.08541744609970947
3977,train,OC(=O)COc1ccc(Br)cc1c2ccccc2,0.15,0.4818334524997083,0.3318334524997083
1887,train,CCCC(=O)NCc1cncc(c1)c2ccc(F)cc2OC,2.9,2.7758265916269167,-0.12417340837308322
2091,train,NC(=O)c1cnc(N[C@H]2CCCNC2)c3cc(sc13)c4ccc(Cl)cc4,2.78,2.294670374898144,-0.48532962510185573
731,train,CC(C)NC(=O)c1cnc(N2CCC(CC2)N3C(=O)OCc4ccccc34)c(Cl)c1,3.57,3.598397239920362,0.02839723992036225
1299,train,CN1C(=O)N(C)c2ncn(CC(O)CO)c2C1=O,-1.25,-1.2758190604916173,-0.025819060491617307
3168,train,CCN[C@H]1C[C@H](C)S(=O)(=O)c2sc(cc12)S(=O)(=O)N,0.27,0.6118545969393128,0.34185459693931275
1987,train,C[C@H](NC(=O)C1(N)CCN(CC1)c2ncnc3[nH]ccc23)c4ccc(Cl)cc4,2.67,2.9122939114371027,0.24229391143710277
1992,train,OCCOCCN1CCN(CC1)C(c2ccccc2)c3ccc(Cl)cc3,3.08,2.8858004509253985,-0.19419954907460157
1918,train,CC1(C)[C@@H]2CC[C@@]1(CS(=O)(=O)N3CCN(CC3)c4ccc(cn4)C(F)(F)F)C(=O)C2,3.8,3.665881627457443,-0.13411837254255676
1047,train,CS(=O)(=O)C1(CC1)c2cc(nc(n2)c3ccccc3)N4CCOCC4,2.6,2.409034229189661,-0.19096577081033894
2921,train,COc1cc(OC)cc(c1)c2cc3cnc(N)nc3nc2N,2.14,2.0285010781639365,-0.11149892183606358
2562,train,COc1cccc(CNc2nc(NC(C)C)nc3ccsc23)c1OC,3.7,3.586310766812047,-0.11368923318795332
2655,train,Fc1ccccc1c2ccc3c(c2)C(=O)C(=O)c4ccccc34,2.92,3.037217256047244,0.11721725604724398
2894,train,CN(C)c1ccnc2sc(C(=O)N)c(N)c12,1.7,1.8240971629932679,0.1240971629932679
875,train,CC(C)[C@H](N)C(=O)OCCOCn1cnc2C(=O)N=C(N)Nc12,-1.3,-0.6964409965800207,0.6035590034199794
1945,train,Fc1ccc(cc1)C(=O)C2CCN(CC2)C(=O)c3ccc(F)cc3,2.9,2.5699652289596333,-0.3300347710403666
3390,train,CN1CCN(CC1)c2ccc3N=CN(C(=O)c3c2)c4cc(ccc4C)C(=O)NC5CCC5,2.25,2.095439875897614,-0.15456012410238618
2674,train,CC1=NC(=C(NC1=O)c2ccccc2)c3ccc(CN4CCC(CC4)N5C(=O)Nc6ccccc56)cc3,3.8,3.681139182060493,-0.11886081793950698
2797,train,CC(C)c1ccc(NC(=O)NCCCSC[C@H]2O[C@H]([C@H](O)[C@@H]2O)n3cnc4c(N)ncnc34)cc1,2.5,2.2389696468340077,-0.2610303531659923
1839,train,FC(F)(F)c1ccc(cc1)S(=O)(=O)N2CCN(CC2)C(=O)N3CCN(CC3)c4ccncc4Cl,3.54,3.3722346234824654,-0.16776537651753465
2567,train,COc1ccc2N=CC(=O)N(CCN3CC[C@@H](NCc4ccc5OCC(=O)Nc5n4)[C@@H](O)C3)c2c1,0.37,0.3273655781745859,-0.042634421825414104
2503,train,Cc1ccc(cc1)\C(=C/CN2CCCC2)\c3ccccn3,1.88,1.9183492850562736,0.03834928505627366
3634,train,Oc1cccc2ccc(nc12)C#N,1.81,1.9953361105954641,0.18533611059546407
498,train,OC1=CC=Cc2cc(O)c(O)c(O)c2C1=O,2.03,2.0213823117092646,-0.00861768829073517
1193,train,CO[C@@H]1CN(Cc2ccc(cc2)C(F)(F)F)CC[C@@H]1N(C)C(=O)Cc3ccc(cc3)n4cnnn4,3.1,3.0922286915056696,-0.007771308494330498
1800,train,Cc1cc(N)n(n1)c2ccccc2,1.25,1.0202792265773986,-0.22972077342260144
2615,train,CC1CN(Cc2cc(Cl)ccc2OCC(=O)O)CCN1S(=O)(=O)c3ccccc3,0.31,0.5906498001793086,0.2806498001793086
119,train,OC(=O)Cc1ccc(cc1)N2CCC(CN3CCC(CC3)Oc4ccc(Cl)c(Cl)c4)CC2,1.83,1.614867229460993,-0.21513277053900715
2353,train,COc1ccc(CC(C)(C)NC[C@H](O)c2cc(O)cc3NC(=O)COc23)cc1,0.79,0.7952994774463467,0.005299477446346623
3263,train,Cc1cccc(n1)c2nn3CCCc3c2c4ccnc5ccc(cc45)C(=O)N,1.71,1.5326951405125728,-0.17730485948742714
3645,train,CCC[C@@H](N1CCC[C@@H](C1)N2C=C(C)C(=O)NC2=O)c3ccc(C(=O)O)c(Oc4cccc(Cl)c4)c3,0.6,0.7875174811987729,0.18751748119877287
2215,train,O=C1CCCc2nc(ccc12)C#Cc3ccccc3,3.53,3.348420686850476,-0.1815793131495238
3072,train,CCCc1nn(C)c2C(=O)NC(=Nc12)c3cc(ccc3OCC)S(=O)(=O)N4CCN(C)CC4,2.8,2.4691225666142294,-0.33087743338577047
331,train,CCOc1cc2nccc(Oc3cnc(CC(=O)Nc4n[nH]c(CC)c4C)c(OC)c3)c2cc1OC,3.29,3.3470646903664485,0.057064690366448456
661,train,COc1cc(c(OC)nn1)c2c(F)ccc3c(N)c(nnc23)C(=O)NC4CC4,2.75,2.6672552549338677,-0.08274474506613227
2614,train,OC(=O)c1ccccc1Nc2cccc(c2)C(F)(F)F,2.01,1.8686355511751365,-0.14136444882486332
1051,train,COc1ccc(cc1OC)c2cc(NC(=O)Cc3ccc4ccccc4c3)[nH]n2,3.1,3.387580183776261,0.28758018377626104
3839,train,CNC(=O)c1ccc(Nc2nccc(n2)c3cnc(C)n3C(C)C)cc1,2.69,2.6805874316151317,-0.009412568384868258
2542,train,COc1ccnc(CSc2nc3ccccc3[nH]2)c1,2.89,2.700366869201364,-0.18963313079863608
773,train,CC(=O)N1CCN(CCOc2ccc(cc2)C3CCN(CC3)c4ccc5nnc(n5n4)C(F)(F)F)CC1,3.2,3.2133984579500754,0.013398457950075215
140,train,CN1C(=O)N(CC2CC2)c3nn(Cc4ccnc5ccc(Cl)cc45)c(c6cc(cn6C)C#N)c3C1=O,3.67,3.6522868867661,-0.017713113233900124
96,train,CCN(CC)CCCCNc1ncc2CN(C(=O)N(Cc3cccc(NC(=O)C=C)c3)c2n1)c4c(Cl)c(OC)cc(OC)c4Cl,2.04,2.127591146908308,0.08759114690830794
1237,train,CC1CN(C1)C(=O)c2nnc3c(cccc3c2N)c4ncccn4,1.21,1.2863001053274474,0.07630010532744746
2839,train,C[C@H](CNCCc1ccncc1)c2c([nH]c3ccc(cc23)C(C)(C)C(=O)N4C5CCC4CC5)c6cc(C)cc(C)c6,4.35,4.25693451180444,-0.09306548819555971
243,train,CC1=CN([C@H]2CCCN(Cc3ccc(C(=O)O)c(Oc4cccc(c4)C(F)(F)F)c3)C2)C(=O)NC1=O,-0.38,-0.16962839343423353,0.21037160656576648
557,train,CCCSc1nc(NC[C@@H]2CC[C@H](CC2)C(=O)O)ccc1C(=O)NC3CCCCC3,2.61,2.608914810400464,-0.0010851895995358518
587,train,NC1(CCC1)c2ccc(cc2)c3ncc4ncccc4c3c5ccccc5,2.0,2.153245744702789,0.15324574470278884
1601,train,NCc1ccc(NC(=O)c2cc(Nc3ncccn3)c4cc(ccc4c2)\C(=N\O)\N)cc1,-0.85,-0.4285123237812529,0.42148767621874705
822,train,O=C(NC1=CC(=CNC1=O)c2ccncc2)[C@H](Cc3ccccc3)NC4(CC4)c5ccccn5,3.44,2.923206729712094,-0.5167932702879061
2184,train,CC(C)(C)CNc1nc(nc(N2CCOCC2)c1N)C#N,3.08,2.7187657306605644,-0.3612342693394357
1438,train,NC(=O)c1ccc(O[C@H]2C[C@H]3CC[C@@H](C2)N3Cc4ccccc4)c(F)c1,2.1,1.6832474297207292,-0.41675257027927093
2784,train,CCCSc1nc(ccc1C(=O)N[C@@H]2C3CC4CC2C[C@@](O)(C4)C3)N5CCOCC5,3.2,3.029724753026918,-0.17027524697308216
1581,train,Cc1ccc(C)c(OCCCC(C)(C)C(=O)O)c1,0.72,0.8591171163345894,0.13911711633458945
585,train,Nc1ncnc2sc(nc12)c3c(ncn3C[C@H]4CCCO4)c5ccccc5,2.65,2.8152883349372972,0.16528833493729733
657,train,CS(=O)(=O)NCCC(NC(=O)C1(N)CCN(CC1)c2ncnc3[nH]ccc23)c4ccc(Cl)cc4,2.2,2.0051731003384647,-0.19482689966153544
2969,train,C(Cc1nc2ccccc2[nH]1)Cc3nc4ccccc4[nH]3,3.5,3.2300285098564157,-0.26997149014358435
915,train,CC(=O)Nc1ccc2cnn(c3cc(NC4CC4)n5ncc(C#N)c5n3)c2c1,3.44,3.505408461654863,0.06540846165486291
2487,train,Oc1cc(O)c2C(=O)c3ccccc3Oc2c1,3.39,3.4632699922180077,0.07326999221800756
855,train,CN(C)CC(O)COc1ccc(Nc2ncc(Cl)c(Nc3ccccc3)n2)cc1,2.25,2.3331835113105477,0.08318351131054769
3182,train,CC(O)c1ccc2OCC(=O)N(CCN3CCC(CC3)NCc4ccc5OCC(=O)Nc5n4)c2c1,0.25,0.4003349656200721,0.1503349656200721
1696,train,FC(F)(F)c1ccc(cc1)S(=O)(=O)NCC(N2CCCCCC2)c3ccccc3,4.29,3.921873036359046,-0.3681269636409539
2613,train,CN[C@@H](C)C(=O)N[C@H](C(=O)N[C@H]1CCCN(CCc2ccccn2)C1)C(C)(C)C,-0.55,0.20912414144995584,0.7591241414499559
3533,train,CCN(CCO)CCCOc1cc2ncnc(Nc3cc(CC(=O)Nc4cccc(F)c4F)[nH]n3)c2cc1OC,1.94,2.1161694744998667,0.17616947449986675
1596,train,C[C@H](CO)Nc1nc(SCc2cccc(F)c2F)nc3NC(=O)C(=O)Nc13,2.48,2.4417360868599354,-0.03826391314006461
3715,train,CC(C)n1nc(c2ccc(C)cc2)c3c(N)ncnc13,3.2,2.801024030458589,-0.39897596954141124
3881,train,COc1cc(F)ccc1c2cccc(CNC3CCCC3)n2,2.06,1.9412325048473122,-0.11876749515268781
4155,train,CN(C)C(=O)[C@H](Cc1ccccc1)NC(=O)c2cc3ccccc3[nH]2,3.4,3.0743216636293766,-0.32567833637062327
2863,train,Fc1ccc(cc1)C(COCc2cc(cc(c2)C(F)(F)F)C(F)(F)F)N3CCNCC3,3.0,2.9904547833290174,-0.009545216670982626
1666,train,C[C@@](Cc1ccc(O)c(O)c1)(NN)C(=O)O,-0.7,-0.34191411367482694,0.358085886325173
896,train,COc1cc(ccc1Nc2ncc(Cl)c(n2)c3cnc4ccccn34)N5CCN(CCO)CC5,3.2,3.256244075783478,0.056244075783477676
223,train,COc1ccccc1C(NC(=O)[C@@H]2CCCC[C@H]2C(=O)N3CCN(Cc4ccc(F)cc4)CC3)C#N,3.57,3.447287497126035,-0.12271250287396462
3770,train,COc1ccc2N=CC(=O)N(CCN3CCC(CC3)NCc4cc5OCCOc5cn4)c2c1,0.93,0.8211750688211135,-0.10882493117888659
3070,train,CN1CCN(CC(=O)Nc2c(cnn2c3ccccc3)C#N)CC1,0.0,0.5059147499002488,0.5059147499002488
752,train,O[C@H](CNC(=O)C1=CNC(=O)c2cc(ccc12)S(=O)(=O)NC3CC3)CN4CCC(CC4)Oc5ccc(Cl)c(Cl)c5,3.67,3.5178627946922294,-0.15213720530777053
2155,train,Fc1ccc(cc1)C(=O)N2CCC[C@@H](C2)c3onc(n3)c4ccc(F)cc4,3.73,3.478087731469083,-0.25191226853091697
1653,train,Nc1n[nH]c(N)c1Cc2ccc3OCOc3c2,0.47,0.4900122583037638,0.020012258303763852
3914,train,CN(C1CCN(CCC(c2ccccc2)c3ccccc3)CC1)C(=O)Cc4ccc(O)cc4,3.3,3.2038318403889554,-0.09616815961104441
2665,train,OC(=O)COc1ccc(cc1c2ccccc2)[N+](=O)[O-],-0.69,-0.4453632763050628,0.24463672369493716
2748,train,CCC(CC)NC(=O)c1cn(nc1NS(=O)(=O)c2ccc(C)cc2)c3ccccc3,2.51,2.343924823969,-0.16607517603099975
3985,train,CC1=CC2=NNC(=O)N2c3cc(ccc13)c4cccnc4,2.72,2.479461949362058,-0.2405380506379422
3233,train,CCN(C1CCN(CC[C@H](N2CCN(CC2)S(=O)(=O)CC(F)(F)F)c3ccccc3)CC1)C(=O)Cc4ccc(cc4)S(=O)(=O)C,1.8,2.115839082826209,0.31583908282620876
3151,train,CNc1c(cnc2[nH]c(nc12)c3ccc(OCCN4CCOCC4)cc3)C(=O)N,2.14,1.9021870313858267,-0.23781296861417345
3395,train,CCOC(=O)C1=COc2ccccc2C1=O,1.81,2.0422312824958437,0.23223128249584368
3732,train,CC(=O)NCc1ccc(CN2CCN(CC2)c3ccc(F)cc3F)cc1,2.5,2.5578178324354277,0.05781783243542771
3786,train,COCCCCC(=NOCCN)c1ccc(cc1)C(F)(F)F,1.55,1.5732901560632153,0.023290156063215273
3077,train,CC1=NS(=O)(=O)c2cc(Cl)ccc2N1,1.05,1.4667152629995022,0.4167152629995021
3140,train,Cc1nc(C)c(nc1C(=O)N)c2ccc3c(CC[C@@]34CC[C@H](CC(=O)O)CC4)c2,1.5,1.1378513406012984,-0.36214865939870156
3979,train,CCC(=O)N1CCN(CC1)C(=O)c2cc(CC3=NNC(=O)c4ccccc34)ccc2F,1.22,1.324663991040304,0.104663991040304
3380,train,COc1cc2c(Nc3ccc(F)cc3F)c(cnc2cc1NCCN(C)C)C(=O)N,1.71,1.8493936536648725,0.13939365366487255
919,train,CN[C@@H](C)C(=O)N[C@@H](C1CCCCC1)C(=O)N[C@H]2CCCN(C2)C(=O)Cc3ccccc3,1.32,1.5455022171414616,0.22550221714146157
3131,train,CN1CCN(CC1)c2ccc3N=CN(C(=O)c3c2)c4cc(NC(=O)c5cncs5)ccc4C,2.11,2.2683422925036787,0.15834229250367882
69,train,Clc1cccc2cn[nH]c12,2.33,2.4837130965775542,0.15371309657755416
593,train,COc1cc2ncnc(Nc3ccc(OCc4ccccn4)c(C)c3)c2cc1OC,3.6,3.3181386173490495,-0.2818613826509506
1220,train,COc1cccc(COCC(O)CN2CCC(CC2)C(=O)N)c1,-0.5,-0.21881304375512212,0.2811869562448779
1067,train,Cc1ccccc1C(=O)NCC23CC4CC(CC(C4)C2)C3,4.28,3.9028701650499524,-0.3771298349500478
3067,train,CCN(C1CCN(CC[C@H](c2ccc(cc2)S(=O)(=O)C)c3cc(F)cc(F)c3)CC1)C(=O)Cc4ccc(cc4)S(=O)(=O)C,2.2,2.2379058126070586,0.03790581260705839
1962,train,Clc1c(NCC2CCNCC2)nccc1C(=O)NCC34CC5CC(CC(C5)C3)C4,0.6,0.9652437282648352,0.3652437282648352
1676,train,CC(NC(=O)C1(N)CCN(CC1)c2ncnc3[nH]ccc23)c4ccc(Cl)cc4,2.7,2.9122939114371027,0.21229391143710252
770,train,CN(c1cccc(c1)C(=O)Nc2ccc(C)c(NC(=O)c3ccc4ncccc4c3)c2)S(=O)(=O)C,2.8,2.618615478870018,-0.18138452112998182
2325,train,Nc1ccc(N=Nc2ccccc2)c(N)n1,3.22,2.8993494440004746,-0.32065055599952563
1720,train,CN[C@@H](C)C(=O)N[C@@H](C1CCCCC1)C(=O)N[C@H]2CCCN(CCCc3ccccc3)C2,2.6,2.3660570110406502,-0.23394298895934984
1790,train,CCn1cc(NC(=O)Cc2ccc(Oc3ccnc4cc(F)ccc34)cc2OC)cn1,3.93,3.813187249660428,-0.11681275033957217
1764,train,Nc1cccc(NC(=O)c2ccc(CNC(=O)OCc3cccnc3)cc2)c1,1.6,1.6448064153135467,0.044806415313546566
1415,train,OB(O)c1ccccc1C=O,0.83,1.3067446002126708,0.47674460021267084
3204,train,c1ccc2cnccc2c1,1.6,1.9923894929588075,0.39238949295880743
2182,train,Cc1ccc2c(c1)c(c(C)n2CC(=O)O)c3cc(C)nc4ccccc34,2.88,2.4733627262917612,-0.40663727370823866
3720,train,CC(C)n1c(C)ncc1c2ccnc(Nc3ccc(C(=O)N(C)C)c(F)c3)n2,2.74,2.79451697791675,0.05451697791674981
8,train,COc1ccc(cc1)C2=COc3cc(OC)cc(OC)c3C2=O,3.05,3.236243147896227,0.18624314789622698
1028,train,COC(=O)COc1ccc(O)cc1,0.92,1.1919095607424914,0.2719095607424914
718,train,CC(=O)NC[C@H]1CN(C(=O)O1)c2ccc(N3CCOCC3)c(F)c2,0.67,1.0441970013050705,0.3741970013050705
3571,train,O=S(=O)(NCCNc1ncccn1)c2cccc3cnccc23,0.61,0.9441886093253489,0.3341886093253489
2867,train,CCOc1ccc2C=CC(=O)Oc2c1,2.2,2.4918137283279718,0.2918137283279716
3006,train,CC(C)n1c(C)ncc1c2ccnc(Nc3ccc(cc3)C(=O)N(C)C)n2,2.45,2.327895430685502,-0.12210456931449798
2413,train,O[C@@]1(CN2CCC1CC2)C#Cc3ccc(Oc4ccc(cc4)C(=O)NCc5ccncc5)cc3,2.31,2.587992056929575,0.27799205692957507
2578,train,C[C@@H]1CN(C[C@H](C)O1)c2nc(N3CCOCC3)c4ccc(Nc5ccccc5)nc4n2,4.12,3.88438651079605,-0.2356134892039501
2604,train,Clc1ccc2nsnc2c1NC3=NCCN3,0.71,1.0031162203427266,0.29311622034272666
3805,train,COc1cccc(c1)[C@@H](C)NCCCc2ccccc2Cl,3.0,2.9624598789849337,-0.03754012101506632
335,train,NS(=O)(=O)c1cc2c(NC(Cc3ccccc3)NS2(=O)=O)cc1C(F)(F)F,1.78,1.843527528065664,0.06352752806566397
1772,train,CN1C(=O)N(CC2CC2)c3nn(Cc4ccnc5ccc(Cl)cc45)c(c6cncn6C)c3C1=O,2.69,2.9781371454621373,0.2881371454621373
3297,train,Nc1cccc(NS(=O)(=O)c2ccc(cc2)c3ccc(cc3)C#N)n1,2.2,1.8761449434033268,-0.32385505659667335
1665,train,O[C@@H](CNCCSCCCNCCc1cccc(Cl)c1Cl)c2ccc(O)c3NC(=O)Sc23,2.2,1.838933938615515,-0.36106606138448516
761,train,Oc1ccc(cc1)c2nc3ccc(O)cc3s2,3.65,3.7151355361220264,0.0651355361220265
992,train,Fc1ccc2OCC(=O)N(CCN3CCC(CC3)NCc4ccc5OCC(=O)Nc5n4)c2c1,0.9,1.0293999509949896,0.12939995099498958
2373,train,COc1ccc(N(C(C(=O)NC[C@@H](C)O)c2ccccc2F)C(=O)c3occc3C)c(OC)c1,2.04,2.0676184391237182,0.027618439123718197
3337,train,CC1(C)CNC(=O)c2sc(nc2C1)N3CCOCC3,1.29,1.2801320132889966,-0.009867986711003418
2166,train,CNC(=O)c1nc(cnc1N)c2ccc(Cl)c(c2)S(=O)(=O)Nc3cccc(F)c3F,2.8,2.7472021008302843,-0.052797899169715556
48,train,O[C@@H](CNCCCOCCOCCc1cccc2ccccc12)c3ccc(O)c4NC(=O)Sc34,2.28,2.1875586212553495,-0.0924413787446503
958,train,CCOc1ccc2nc(N)sc2c1,2.4,2.652827568778819,0.25282756877881907
3232,train,CCCC(=O)C1(CCN(CC1)C(=O)[C@@H](Cc2ccc(OC)cc2)NC(=O)[C@@H](N)Cc3cncn3C)c4ccccc4,2.51,2.4963897007068643,-0.013610299293135508
640,train,CC(N1NC(=O)c2nc3cc(Cl)ccc3c(O)c2C1=O)c4ccccn4,0.51,0.7843659723899374,0.27436597238993743
3456,train,Nc1c(c(CN2CCOCC2)nn1c3ccc(F)cc3)c4ccccc4,2.33,2.4853909754269528,0.15539097542695268
3813,train,CC(C)OC(=O)N1CCC(CC1)Oc2ncnc3N(CCc23)c4ccc(cc4F)S(=O)(=O)C,3.4,3.431676471261351,0.03167647126135087
216,train,OC(=O)[C@@H](Cc1ccccc1)N2CCC(CN3CCC(CC3)Oc4ccc(Cl)c(Cl)c4)CC2,2.5,2.458033303637628,-0.04196669636237216
1988,train,CN1C(=O)N(CCCCC(=O)C)C(=O)c2c1ncn2C,0.22,0.7096957094011545,0.4896957094011545
2575,train,Cc1ccc2c(c1)c(c(C)n2CC(=O)O)c3ccnc4c(cccc34)C(F)(F)F,1.27,1.2336481802144885,-0.0363518197855115
180,train,NC1(CCC1)c2ccc(cc2)c3ncc4ccncc4c3c5ccccc5,2.2,2.2868140313854206,0.08681403138542043
2393,train,C[C@@H](C(=O)NCCN1CCCC1)c2ccc(OS(=O)(=O)C(F)(F)F)cc2,1.64,1.4797340699268071,-0.16026593007319279
1132,train,CCCSc1nc(ccc1C(=O)NC2CCCCC2)N3CCCC(C3)C(=O)O,1.72,1.6526768635641127,-0.06732313643588728
2139,train,Clc1ccc(N2CCN(CC2)C(=O)COCc3ccncc3)c(Cl)c1,3.38,3.100871878907061,-0.27912812109293883
1855,train,NC1=NC(=O)N(C=C1)[C@@H]2O[C@H](CO)[C@@H](O)C2(F)F,-1.5,-1.2454275297944641,0.25457247020553586
1650,train,Clc1ccc(CN(Cc2ccc(Cl)cc2)c3nn[nH]n3)cc1,2.74,2.32640895420135,-0.41359104579865
3922,train,c1ccc(nc1)c2n[nH]cc2c3ccnc4ccccc34,2.57,2.3800740543499384,-0.1899259456500615
1637,train,COc1ccc(Cl)c(c1)C(=O)NCC23CC4CC(CC(C4)C2)C3,4.39,3.624294562675837,-0.7657054373241627
572,train,Clc1ccc2C(=O)C3=C(Nc2c1)C(=O)NN(CC#Cc4ccccc4)C3=O,1.78,1.7255885135021525,-0.05441148649784755
1868,train,Cc1ccc(cc1)S(=O)(=O)Nc2c(C(=O)NC3CCCCC3)c(C)nn2c4ccccc4,1.68,1.5433343541892919,-0.13666564581070806
124,train,CCN(C1CCN(CCC(c2ccccc2)c3ccccc3)CC1)C(=O)NCc4c(F)cccc4F,4.3,4.146027034659843,-0.1539729653401567
1203,train,Fc1cccc(c1)C(COCc2cc(cc(c2)C(F)(F)F)C(F)(F)F)N3CCNCC3,3.2,3.3015055309661006,0.10150553096610038
3289,train,CC(C)C(NC(=O)CN1C(=O)C(=CN=C1c2cccnc2)NC(=O)OCc3ccccc3)C(=O)C(F)(F)F,2.15,2.168507686248415,0.018507686248415034
2010,train,CNc1c(Br)cnc2[nH]c(nc12)c3ccc(OCCCN4CCOCC4)cc3,2.96,3.2367639159756774,0.2767639159756774
1414,train,Oc1ccc(cc1)C2=Cc3ccc(O)cc3OC2,3.8,3.5690827924095405,-0.2309172075904593
3897,train,OCCn1cc(cn1)c2cnc3nnn(Cc4ccc5ncccc5c4)c3n2,1.7,1.79598186920795,0.09598186920795015
835,train,CC(=O)N1CCN(CC1)c2ccc(Nc3nccc(n3)c4cnc5ccccn45)cc2,2.82,2.7992970011604865,-0.02070299883951332
1695,train,O=S(=O)(c1ccccc1)C2(CC2)c3cc(nc(n3)c4cccc5[nH]ccc45)N6CCOCC6,3.4,3.229679074016916,-0.1703209259830838
2302,train,O=C(Nc1nccs1)[C@H](CC2CCOCC2)c3ccc(cc3)S(=O)(=O)C4CC4,2.55,2.933792464730691,0.3837924647306914
2402,train,NS(=O)(=O)c1ccc(Nc2nccc(n2)c3ccccc3)cc1,2.86,2.86206370412076,0.002063704120760068
2930,train,O=C1N2CCS(=O)(=O)C2=Nc3ccccc13,0.8,0.6013287800925371,-0.19867121990746295
863,train,CCCSc1ncccc1C(=O)NC2CCCCC2,3.24,2.8061521889230496,-0.4338478110769506
202,train,Clc1ccc2C(=O)C3=C(Nc2c1)C(=O)NN(Cc4ccccn4)C3=O,1.1,1.1551798598973417,0.05517985989734164
1796,train,CC(C)OC(=O)N1CCC(CC1)Oc2ncnc(Oc3cccnc3C)c2C,3.8,3.4429605151663587,-0.3570394848336411
717,train,OC1(CNCCc2ccccc12)c3ccccc3,1.38,1.133412978364412,-0.24658702163558788
1907,train,CCc1c(C)nc2sc(C(=O)N)c(N)c2c1C,2.62,2.633336105520042,0.01333610552004183
1670,train,Cc1nc(CS(=O)(=O)c2ccc(Cl)cc2)cc(n1)N3CCOCC3,1.8,1.8232203421996007,0.023220342199600674
3845,train,NC(=O)c1cnc(N[C@H]2CCCNC2)c3cc(Br)sc13,1.08,0.890252448980041,-0.1897475510199591
623,train,CCN(CC)c1ccc(cc1)c2nn3c(nnc3s2)c4[nH]nc5CCCc45,3.37,3.405151957775278,0.03515195777527769
1785,train,CC(C)c1nnc2ccc(cn12)c3ocnc3c4cc(F)ccc4F,2.44,2.6188267236871465,0.17882672368714658
2512,train,O[C@@H](CNCCc1cccc(CNCCc2c(Cl)cccc2Cl)c1)c3ccc(O)c4NC(=O)Sc34,3.15,2.2778935643621754,-0.8721064356378245
3365,train,COc1ccc(CN2C(=O)NC3=C(C=C(N(CC(=O)NC(C(C)C)C(=O)C(F)(F)F)C3=O)c4ccccc4)C2=O)cc1,2.93,2.6017469483362556,-0.3282530516637445
2104,train,OC1(C(=O)Nc2ccccc12)c3ccccc3,1.71,1.3454747489205476,-0.36452525107945233
2149,train,Clc1c(ccnc1N2CCNCC2)C(=O)NCC34CC5CC(CC(C5)C3)C4,1.77,1.6069318182222656,-0.1630681817777344
3300,train,CN(C)CCOc1ccccc1Cc2ccccc2,2.53,2.3496200095164164,-0.18037999048358344
672,train,FC(F)c1nc2ccccc2n1c3nc(nc(n3)N4CCOCC4)N5CCOCC5,3.04,3.0033756228793975,-0.036624377120602514
4130,train,OC12CC3CC(C1)CC(C3)(C2)NCC(=O)N4CCC[C@H]4C#N,-0.48,-0.21902256217346805,0.26097743782653193
2804,train,CN(CCCc1ccccc1)S(=O)(=O)c2cc(C(=O)N3CCc4ccc(cc4C3)S(=O)(=O)NCCc5ccccc5)c(O)c(O)c2O,0.75,1.119685326575237,0.3696853265752369
2331,train,COc1ccc(cc1)C(=O)N2CCCC2=O,0.93,1.3048025302795319,0.3748025302795318
4164,train,COc1cc(Nc2nc3c(cc2F)ncn3[C@@H](CO)c4ccc(F)cn4)n[nH]1,2.18,2.326745868749237,0.14674586874923667
2809,train,CN(Cc1ccc(Cl)cc1)C(=O)C2(N)CCN(CC2)c3ncnc4[nH]ccc34,2.8,2.8587932676200247,0.0587932676200249
3929,train,Nc1nccc2ccccc12,1.5,1.7469564345790127,0.24695643457901273
2584,train,C[C@H]1O[C@H]([C@H](O)[C@@H]1O)n2cnc3c(N)nc(OCC4CC(F)(F)C4(F)F)nc23,1.42,1.8173830957347965,0.3973830957347966
3861,train,CNc1c(Br)cnc2[nH]c(nc12)c3ccc(O)cc3,2.47,2.613244048776554,0.1432440487765536
3011,train,Cc1cnccc1COc2cnc(nc2)N3CCN(CC3)C(=O)OC(C)(C)C,3.8,3.6022238526249226,-0.1977761473750772
3548,train,COc1cc2c(Nc3ccc(Cl)cc3F)ncnc2cc1OCC4CCNCC4,1.1,1.4435791089510543,0.34357910895105426
2190,train,C[C@H]1C[C@H](CN1C#N)NS(=O)(=O)c2cc(Br)ccc2Br,2.13,2.4381704035232135,0.30817040352321357
2226,train,NC1(CCN(CC1)c2ncnc3[nH]ccc23)C(=O)NC(CCCN4CCCC4)c5ccc(Cl)cc5,1.3,2.0746998998340844,0.7746998998340844
3951,train,COc1cccc(OC)c1c2ccc(C[C@H](NC(=O)c3c(Cl)cccc3Cl)C(=O)O)cc2,-0.27,-0.23056267047371115,0.03943732952628887
3355,train,C[C@H](COc1cn2ncnc(Oc3ccc4[nH]c(C)cc4c3F)c2c1C)OC(=O)[C@H](C)N,3.19,2.936376776897945,-0.25362322310205476
2891,train,Cc1oc(nc1CCOc2ccc(C[C@H](Nc3ccccc3C(=O)c4ccccc4)C(=O)O)cc2)c5ccccc5,3.5,3.2499697431393075,-0.25003025686069247
1525,train,Cc1cc(C)c(C(=O)N[C@@H](Cc2ccc(OCCCNc3ccccn3)cc2)C(=O)O)c(C)c1,0.49,0.36672225730717245,-0.12327774269282754
2844,train,CC(C)n1nc(C)c(C(=O)N[C@@H](C)C(C)(C)C)c1NS(=O)(=O)c2ccc(C)cc2,0.97,0.8657271110185079,-0.10427288898149212
1102,train,NCCc1ccc(O)c2nc(O)sc12,0.33,0.38589768143957714,0.05589768143957713
582,train,CC(=O)Nc1nnc(s1)S(=O)(=O)N,-0.78,-0.5756139166431904,0.20438608335680963
4001,train,COc1cc(ccc1Nc2nccc(n2)c3cnc4ccccn34)N5CCN(CC5)C(=O)C,3.0,2.979759118051077,-0.02024088194892304
3522,train,CCN(C1CCN(CC[C@H](C2CCN(CC2)S(=O)(=O)C)c3cc(Cl)cc(Cl)c3)CC1)C(=O)Cc4ccc(cc4)S(=O)(=O)C,2.6,2.191879463614864,-0.4081205363851361
3524,train,COc1ccc2Sc3ccccc3N(C[C@H](C)CN(C)C)c2c1,2.99,2.983523093422941,-0.006476906577059349
3130,train,C[C@H](C(=O)O)c1cccc(c1)C(=O)c2ccccc2,-0.06,0.19255028122412177,0.25255028122412176
1910,train,OCCCN1C(=O)C(Cc2ccccc12)NC(=O)c3cc4cc(Cl)sc4[nH]3,3.49,3.5497347792305742,0.05973477923057402
1264,train,Nc1nc2ccc(cc2s1)c3cccc(O)c3,3.1,2.6397079680081568,-0.4602920319918433
2286,train,Cc1cccc(c1)C(=O)N2CCC(CC2)C(=O)c3ccc(F)cc3,3.4,3.23224714338019,-0.16775285661980988
32,train,CC(=O)[C@H]1CC[C@H]2[C@@H]3CCC4=CC(=O)CC[C@]4(C)[C@H]3CC[C@]12C,3.94,3.3567893308701495,-0.5832106691298504
1256,train,OC(=O)[C@H](Cc1ccc(F)cc1)N2CCC(CN3CCC(CC3)Oc4ccc(Cl)c(Cl)c4)CC2,2.98,2.6653805402338757,-0.31461945976612427
3028,train,CC(C)C(=O)Nc1ccc2C(=O)NC(=O)c2c1,1.55,1.8782055800856798,0.3282055800856798
1115,train,C[C@H](Nc1nc(Nc2ncc(C)s2)c(F)c(n1)N3CCOCC3)c4ncc(F)cn4,3.27,2.97057114437803,-0.29942885562196997
2189,train,CC(C)(N)C(=O)N[C@H](COCc1ccccc1)C(=O)N2CCC3(CC2)CN(c4ccccc34)S(=O)(=O)C,1.4,1.357224975849602,-0.04277502415039791
2698,train,CC(C)C[C@@H](CO)NS(=O)(=O)c1ccc(Cl)s1,2.8,2.4657382098582445,-0.3342617901417553
2374,train,CCCc1c(O)c(ccc1OCc2cccc(NC(=O)Cc3ccccc3C(=O)O)c2)C(=O)C,2.95,2.9196855008159908,-0.030314499184009414
3785,train,CN(C)CCNS(=O)(=O)c1ccc(Nc2nccc(n2)c3cnc4ccccn34)cc1,2.7,2.685491111072844,-0.014508888927156072
1425,train,COc1cc(ccc1OC[C@H](OP(=O)(O)O)C2CC2)N3C=Nc4cc(sc4C3=O)c5ccc(Cl)cc5,-0.04,0.5250906176340218,0.5650906176340218
14,train,CC1CCCCC1NC(=O)c2cnn(c2NS(=O)(=O)c3ccc(C)cc3)c4ccccc4,1.34,1.3671045281519867,0.027104528151986607
2212,train,CC(C)[C@H](NC(=O)CCc1ccccc1)C(=O)N2CCCC2,2.49,2.4172128062807006,-0.07278719371929965
3917,train,Cc1cc(F)ccc1OC2CCN(CC3CCN(CC3)[C@@](C)(Cc4ccc(F)cc4)C(=O)O)CC2,2.0,2.295044435525022,0.29504443552502213
639,train,NC(=N)c1ccc(cc1)C(=O)N2CCN(CC2)S(=O)(=O)c3ccc4cc(Br)ccc4c3,0.36,0.6165478357433194,0.2565478357433194
4038,train,Nc1sc2CCCCc2c1C(=O)NCc3ccccc3,3.52,3.2225621318134605,-0.2974378681865395
4149,train,CC(C)N1CCC[C@H](CN2C(=Nc3ccc(Oc4ccc(F)cc4)cc3C2=O)C)C1,2.4,2.549972085402341,0.1499720854023412
690,train,CCS(=O)(=O)c1ccc(c(C)c1)c2cc(ccc2OCC(=O)N)C(F)(F)F,2.77,1.981544099654103,-0.7884559003458971
4102,train,O=C(CSc1ccccc1)N2CCN(CC2)C(=O)c3occc3,1.6,2.0701015920934793,0.47010159209347924
182,train,C[C@@H]1CN([C@@H](C)CN1C(=O)c2ccc(cc2)C#N)C(=O)[C@@](C)(O)C(F)(F)F,1.5,1.654366435371477,0.1543664353714771
3201,train,OC1(CCc2ccc(Oc3ccc(cc3)C(=O)NCc4ccncn4)cc2)CN5CCC1CC5,0.76,0.928186763117832,0.16818676311783198
802,train,CN(c1ccnc(Nc2cccc(c2)S(=O)(=O)C)n1)c3cccc4[nH]ncc34,3.21,3.097511428280797,-0.11248857171920301
2435,train,COCC1=C(N2[C@H](SC1)[C@H](NC(=O)\C(=N/OC)\c3csc(N)n3)C2=O)C(=O)OC(C)OC(=O)OC(C)C,1.7,1.6464294026999728,-0.05357059730002711
4021,train,Cc1ccc2c(c1)c(c(C)n2CC(=O)O)c3ccnc4c(C)cccc34,1.29,1.1775692264934208,-0.11243077350657926
2420,train,OC1=C(CC2=C(O)c3ccccc3OC2=O)C(=O)Oc4ccccc14,1.22,1.1129595233207883,-0.10704047667921168
3037,train,CCN(CC)CC#CCOC(=O)C(O)(C1CCCCC1)c2ccccc2,3.65,3.4463632290663506,-0.2036367709336493
4079,train,OCC(O)COC(=O)c1ccccc1Nc2ccnc3cc(Cl)ccc23,3.5,3.428213559354333,-0.07178644064566697
1600,train,CNc1cccc(CCOc2ccc(C[C@H](NC(=O)c3c(F)cccc3Cl)C(=O)O)cc2)n1,-0.42,-0.19116184236469858,0.2288381576353014
1130,train,C[C@@H](COCCCS(=O)(=O)CCNCCc1ccc(O)c2nc(O)sc12)c3ccccc3,2.32,2.131546415844425,-0.188453584155575
1610,train,OC1CCN(CC1)C(=O)[C@H](Cc2ccccc2)NC(=O)c3cc4cc(Cl)ccc4[nH]3,3.6,3.4841144930872145,-0.11588550691278554
2634,train,CN1C(=O)CN=C(c2ccccc2)c3cc(Cl)ccc13,2.69,2.5872288159903607,-0.10277118400963925
2141,train,CS(=O)(=O)c1ccc2OCC(=O)N(CCN3CCC(CC3)NCc4ccc5OCC(=O)Nc5n4)c2c1,-0.51,-0.30161970329606635,0.20838029670393365
3448,train,COc1cc2ncnc(NCc3ccccc3)c2cc1OC,3.29,3.0290214539780522,-0.2609785460219478
3484,train,COC(=O)CCCCCCC(=O)Nc1ccc2c(c1)C(=O)C(=O)c3ccccc23,2.9,3.270901401776336,0.3709014017763361
4140,train,CC(C)(C)C(=O)N[C@H]1CCCCNC1=O,0.58,0.7588751073755571,0.17887510737555712
981,train,CN(C)CC1CCn2c(C1)c(C3=C(C(=O)NC3=O)c4cn(C)c5ccccc45)c6ccccc26,2.88,2.669740537699548,-0.2102594623004519
534,train,CCc1ccccc1c2ccc(cc2)c3nc4ccncc4c(O)c3C#N,3.5,3.1884940549301533,-0.31150594506984675
1392,train,CC(C)C(NC(=O)CN1C(=O)C(=CN=C1c2ccc(F)cc2)N)C(=O)C(F)(F)F,1.05,1.3251290414283243,0.2751290414283243
3669,train,C[C@H]1O[C@H]([C@H](O)[C@@H]1O)n2cnc3c(N)nc(OC4CCC(F)(F)CC4)nc23,1.42,1.4388990078760686,0.018899007876068685
1493,train,CCCN(CCC)C(=O)c1cccc(c1)C(=O)N[C@@H](Cc2ccccc2)[C@H](O)CNC3Cc4ccccc4C3,3.3,3.0049346231257874,-0.2950653768742124
2372,train,CCC(N(CCCN)C(=O)c1ccc(C)cc1)C2=Nc3ccoc3C(=O)N2Cc4ccccc4,1.37,1.5941488559729426,0.22414885597294254
2999,train,Nc1nccc(n1)c2c[nH]c3ccccc23,1.68,1.8129924305192642,0.13299243051926424
2146,train,CC(C)Oc1cc(Nc2nc(N[C@@H](C)c3ccc(F)cn3)nc(OC(CO)CO)c2Cl)n[nH]1,2.77,2.8776384846169134,0.10763848461691339
186,train,Fc1ccc(NC(=O)c2cccnc2Oc3ccccc3)cc1,3.19,2.991177852204598,-0.19882214779540197
300,train,Oc1ccc(CCNCCCS(=O)(=O)NCCOCCc2cccc(Cl)c2)c3sc(O)nc13,1.92,1.9429345737579364,0.022934573757936505
1399,train,OC(=O)c1[nH]c2cc(Cl)cc(Cl)c2c1\C=C\C(=O)Nc3ccccc3,1.52,1.6441720147729115,0.12417201477291151
3423,train,COc1cc(F)ccc1c2cncc(CNC(=O)C3CCC3)c2,3.2,3.167396989624472,-0.032603010375528374
3387,train,CN[C@@H](C)C(=O)N[C@@H](C1CCCCC1)C(=O)N[C@H]2CCCCN(Cc3ccccc3)C2,2.12,2.08505479798757,-0.0349452020124299
837,train,NC1(CCC1)c2ccc(cc2)c3c(ncc4nccn34)c5ccccc5,1.7,1.6547396193075763,-0.04526038069242366
3747,train,COc1ccc(Nc2ccccc2C(=O)O)cc1,1.2,1.370476871544759,0.1704768715447591
2445,train,CC(C)c1ccc2[nH]c3CCN(Cc3c2c1)C(=O)[C@@H]4CCCC[C@H]4C(=O)NC5(CC5)C#N,4.1,3.8361151001981284,-0.26388489980187124
2293,train,CC(=O)Nc1cccc(Nc2nc(NC3CC3)n4ncc(C#N)c4n2)c1,2.1,2.2167332811298786,0.11673328112987846
571,train,Oc1c(I)cc(I)c2cccnc12,2.19,2.036621309544772,-0.15337869045522812
3878,train,COCCOc1ccc(cc1)c2cc(C(=O)N)c(NC(=O)N)s2,2.34,2.1555183517627814,-0.18448164823721847
458,train,CCCSc1nc2ccc(NC(=O)CCC(=O)O)cc2s1,0.5,1.0200817063120404,0.5200817063120404
1758,train,COc1ccccc1OCC(O)CO,0.24,0.24551428497701777,0.00551428497701778
63,train,COc1cccc(c1)c2c[nH]c(n2)c3ccccc3,3.8,3.57562542576773,-0.2243745742322698
3267,train,Nc1nc(N)c2cc(Br)ccc2n1,1.78,2.229573898740253,0.4495738987402531
1990,train,C(Nc1nc2ccccc2[nH]1)c3ccccc3,2.76,2.804683603519879,0.04468360351987943
3061,train,NC(=O)c1c(N)sc2CCCCc12,1.84,1.9181363877993933,0.07813638779939325
366,train,Oc1cc(ccc1NC(=O)Nc2ccccc2Br)[N+](=O)[O-],3.9,3.7219974314850006,-0.1780025685149993
3972,train,C[C@@H]1CN(CCN1c2ncc(OCc3ccncc3C#N)cn2)c4noc(n4)C(F)(F)F,3.95,3.846889179037639,-0.10311082096236124
1771,train,CC#Cc1cncc(c1)c2cccc(c2)C3(N=C(C)C(=N3)N)C4CC4,3.3,3.3678908300624846,0.06789083006248475
1179,train,CC(=O)NC[C@H]1CN(C(=O)O1)c2ccc(N3Cc4cccnc4C3)c(F)c2,2.88,2.6547343464637554,-0.2252656535362445
296,train,CC(C)C(=O)Nc1nc(cc2ccccc12)c3ccccn3,2.7,3.140397393544499,0.4403973935444987
1116,train,OC(=O)c1ccc(cc1)c2nnn(Cc3ccccc3F)n2,0.3,0.778506020033817,0.478506020033817
2094,train,CCN(C)C(=O)c1ccc(cc1)[C@@H](N2CCN(Cc3cccnc3)CC2)c4cccc(NC(=O)C5CCC5)c4,3.27,3.0621273931745137,-0.20787260682548636
1892,train,Cc1cccc(n1)c2nc3cc(Cl)ccc3[nH]2,4.1,3.242185385466578,-0.8578146145334218
952,train,O=C(NC1(CC1)C#N)[C@@H]2CCCC[C@H]2C(=O)N3CCc4[nH]c5ccccc5c4C3,2.66,2.8684323179787077,0.20843231797870754
3152,train,CC[C@H](CO)Nc1nc(SCc2ccccc2)nc3nc(N)sc13,3.27,3.340742931446057,0.07074293144605681
2900,train,Cc1oc2C=NN(B(O)c2c1)S(=O)(=O)c3ccc(C)cc3,-0.28,0.0669159967354962,0.3469159967354962
547,train,Oc1ccc(cc1)c2ccc3cc(O)ccc3c2,4.0,3.4693391471759636,-0.5306608528240364
307,train,CC[C@H](NC(=O)c1c(CN(C)C)c(nc2ccccc12)c3ccccc3)c4ccccc4,4.18,4.032021937105776,-0.14797806289422333
191,train,Nc1nc(Nc2ccc(F)c(Cl)c2)c3nc[nH]c3n1,2.75,2.513494548711061,-0.23650545128893885
2619,train,COc1cccc(n1)N(C)c2ccnc(Nc3cc(cc(c3)N4CCOCC4)N5CCOCC5)n2,3.37,3.170164293081473,-0.19983570691852703
2677,train,C[C@H](c1c[nH]cn1)c2cccc(C)c2C,2.79,2.389241911098789,-0.400758088901211
2937,train,CCC[C@H](CO)Nc1nc(SCc2ccccc2)nc3nc(N)sc13,3.8,3.564265464629772,-0.23573453537022804
3494,train,FC(F)(F)c1nn(cc1C(=O)NCCNC(=O)c2ccc(Cl)cn2)c3ccccc3,3.8,3.5911474530001515,-0.20885254699984834
2368,train,OCc1ccc2ccn(c3cc(NC4CC4)n5ncc(C#N)c5n3)c2c1,3.09,2.988706918575066,-0.10129308142493398
407,train,O[C@H](CNC(=O)N1C(=O)Nc2ccccc12)CN3CCC(CC3)Oc4ccc(Cl)c(Cl)c4,4.46,4.314330000806201,-0.14566999919379864
3952,train,COc1cc(OC)c(cc1NC(=O)\C=C\C(=O)O)S(=O)(=O)N2c3ccccc3Oc4ccccc24,-0.71,-0.06427597259768714,0.6457240274023128
244,train,COc1cc(O)cc2OC=C(C(=O)c12)c3ccc(O)cc3,2.0,2.051300115426518,0.05130011542651802
2042,train,OC(CCN1CCCCC1)(C2CC3CC2C=C3)c4ccccc4,2.49,2.4586735509017403,-0.03132644909825988
1235,train,CN1CCN(CC1)C(=O)c2cc3cc(Cl)ccc3[nH]2,2.4,2.517126392144997,0.1171263921449972
747,train,Cc1c(Cl)ccc(OC2CCN(C[C@H](O)CNC(=O)C3=CNC(=O)c4cc(ccc34)S(=O)(=O)C)CC2)c1Cl,2.83,2.734797866226736,-0.09520213377326403
1356,train,C[C@H]1O[C@H]([C@H](O)[C@@H]1O)n2cnc3c(N)nc(OC(C4CC4)C(F)(F)F)nc23,1.83,1.9353317439636502,0.10533174396365008
1277,train,O[C@H](CNS(=O)(=O)c1cccc(c1)C#N)CN2CCC(CC2)Oc3ccc(Cl)c(Cl)c3,3.42,3.2180477697233347,-0.2019522302766652
1730,train,CCOC(=O)c1ccc(OCCC2CCN(CC2)c3ccc(C)nn3)cn1,2.63,2.943886668306083,0.313886668306083
1566,train,CC(C)CC(N1NC(=O)c2nc3cc(Cl)ccc3c(O)c2C1=O)c4ccccn4,1.83,1.8646542776672788,0.03465427766727869
2223,train,CN(C)c1nc(nc(n1)N(C)C)N(C)C,2.44,1.3722517037778708,-1.0677482962221292
2383,train,CC(C)(C)NS(=O)(=O)c1cncc(c1)c2ccc3nc(NC(=O)NCC(=O)N4CCCC4)nn3c2,1.37,1.168148680060756,-0.2018513199392442
2927,train,CNC(=O)c1ccc(Nc2nccc(n2)c3cnc(C)n3C(C)C)cc1F,2.95,3.0358361058490937,0.08583610584909351
1777,train,COc1cc(F)ccc1c2cncc(CNC[C@@H]3CCCO3)n2,2.0,2.1458935191130597,0.1458935191130597
4080,train,CN[C@@H](C)C(=O)N[C@H](C(=O)N1CC[C@H]2CC[C@H](NC(=O)c3cccc4ccccc34)[C@@H]12)C(C)(C)C,1.94,1.8542976911949578,-0.08570230880504215
317,train,CS(=O)(=O)NCC(NC(=O)C1(N)CCN(CC1)c2ncnc3[nH]ccc23)c4ccc(Cl)cc4,2.1,2.293078651853496,0.19307865185349593
1795,train,O[C@@H]1CNC[C@H]1N2C=Cc3c(NC(=O)Cc4ccc(F)c(c4)C(F)(F)F)cccc3C2=O,1.33,1.2018647462624341,-0.12813525373756596
1980,train,CCN(CC)CCOCCOC(=O)C1(CCCC1)c2ccccc2,1.33,1.3065918263535687,-0.02340817364643133
3944,train,OC(=O)c1[nH]c2ccccc2c1CC(=O)Nc3cccc(c3)C(F)(F)F,1.33,1.8430111811075087,0.5130111811075087
1734,train,Fc1cccc(c1F)c2cncc(CNCC3CC3)n2,1.82,1.7227731474989916,-0.09722685250100849
1258,train,COCCC(=O)N(C)c1ccc(Nc2ncc3cc(ccc3n2)c4ccncc4)cc1,3.23,3.0714310008519092,-0.15856899914809075
1013,train,COCCCNS(=O)(=O)c1ccc(Nc2nccc(n2)c3cnc4ccccn34)cc1,3.41,3.1288913236948472,-0.2811086763051529
4099,train,CN(C)CCC[C@]1(OCc2cc(ccc12)C#N)c3ccc(F)cc3,1.48,1.507228236180056,0.027228236180055987
209,train,Cc1ccc(cc1)c2cccc(c2)c3nn[nH]n3,1.3,1.628381969385442,0.32838196938544195
3553,train,CN[C@@H](C)C(=O)N[C@@H](C1CCCCC1)C(=O)N[C@H]2CCN(CCCc3ccccc3)C2,1.9,1.955892128232073,0.05589212823207301
3505,train,CC(NC(=O)C1(N)CCN(CC1)c2ncnc3[nH]ccc23)c4ccc(cc4)S(=O)(=O)C,1.0,1.2186467265931857,0.21864672659318574
2284,train,FC(F)(F)c1cc(CO[C@H]2CCCN[C@H]2c3ccccc3)cc(c1)C(F)(F)F,3.6,3.409297045992295,-0.1907029540077052
3841,train,Clc1ccccc1CN2CCc3sccc3C2,3.46,3.6934591606823606,0.2334591606823606
3122,train,CC(C)C(NC(=O)CN1C(=O)C(=CC=C1c2ccccc2)NC(=O)C)C(=O)C(F)(F)F,1.78,1.770869586868797,-0.009130413131203108
505,train,O[C@@H](CNCCc1cccc(CN2CCC(CC2)c3ccccc3)c1)c4ccc(O)c5NC(=O)Sc45,1.99,1.6129150661214668,-0.37708493387853315
2904,train,COC(=O)c1ccc(cc1)C(C)N2NC(=O)C3=C(C2=O)C(=O)c4ccc(Cl)cc4N3,1.3,1.3221414520098351,0.022141452009835083
503,train,CCN(C1CCN(CCC(c2ccccc2)c3ccccc3)CC1)C(=O)NCc4ccccc4,4.0,3.719925950546102,-0.2800740494538978
2358,train,Oc1ccc(cc1)c2ccc(cc2)C3(O)CN4CCC3CC4,0.95,1.3865177458925324,0.43651774589253245
1678,train,Cc1ccc2c(c1)c(Sc3cccc(Cl)c3)c(C)n2CC(=O)O,1.85,1.596115671426369,-0.2538843285736312
301,train,NC12CC3CC(CC(C3)C1)C2,-0.98,0.44414650840105496,1.424146508401055
1937,train,OC(CN1CCOCC1)c2ccccc2,1.0,0.9867046146276266,-0.013295385372373403
2672,train,COc1ccccc1Oc2ccc(cc2)N(Cc3cccnc3)S(=O)(=O)CC(F)(F)F,1.5,2.002878389686338,0.5028783896863378
3345,train,CN[C@@H](C)C(=O)N[C@@H](C1CCCCC1)C(=O)N(C)[C@H]2CCCN(CCc3ccccc3)C2,2.34,2.485201561726064,0.14520156172606402
220,train,Nc1ccccc1NC(=O)c2ccc(cc2)C3CCN(Cc4ccc(cc4)C(=O)NC5CC5)CC3,2.31,2.2612033199950523,-0.048796680004947746
3523,train,C[C@H](CO)Nc1nc(SCc2cccc(F)c2F)nc3nc(C)cnc13,3.55,3.550652734299584,0.0006527342995843455
3489,train,CO[C@H]1CN(CCCOc2ccc(F)cc2)CC[C@H]1NC(=O)c3cc(Cl)c(N)cc3OC,3.56,3.411602486161588,-0.14839751383841193
1814,train,NC(=O)c1cncc(O[C@H]2C[C@H]3CC[C@@H](C2)N3Cc4ccccc4)n1,1.1,1.2316081040750704,0.1316081040750703
3614,train,Cc1cc(CNc2ncc(Br)c(Nc3cc([nH]n3)C4CC4)n2)on1,3.43,3.2048022104280895,-0.2251977895719106
3946,train,C[C@H]1CN(Cc2cc(Cl)ccc2OCC(=O)O)CCN1C(=O)Cc3cccc(Cl)c3,0.78,0.5041195149290281,-0.27588048507097196
192,train,CCCSc1nc(N[C@@H]2C[C@H]2c3ccccc3)c4nnn([C@@H]5C[C@H](O)[C@@H](O)[C@H]5O)c4n1,3.97,3.6396873289163763,-0.33031267108362394
3041,train,[O-][N+](=O)c1ccc2[nH]c(nc2c1)c3ccccn3,2.8,2.51701385173146,-0.28298614826853985
2130,train,CCN1CCOC(C1)C(=O)N2CCN(CC2)C(=O)Nc3ccc(Cl)c(Cl)c3,2.1,2.0296444546043295,-0.07035554539567057
1167,train,Cc1onc(C(=O)N)c1C(=O)Nc2nccs2,1.63,1.4816044501460641,-0.14839554985393577
1243,train,COc1cc(ccc1C2CC2)N3CCN([C@H](C)C3)C(=O)[C@@H]4CCCC[C@H]4C(=O)NC5(CC5)C#N,3.49,3.084957847532235,-0.4050421524677654
1065,train,C[C@@H](Oc1cc(cnc1N)c2cnn(c2)C3CCNCC3)c4c(Cl)ccc(F)c4Cl,2.33,2.211078700555048,-0.11892129944495222
1095,train,CCc1c(C(=O)C(=O)N)c2c(OCC(=O)N)cccc2n1Cc3ccccc3,2.1,2.148894574230605,0.04889457423060506
578,train,COc1cc(ccc1Cn2ccc3ccc(NC(=O)OC4CCCC4)cc23)c5nn[nH]n5,2.7,2.7756186736325272,0.07561867363252706
1090,train,CSc1ccc(OCc2ccccc2)c(c1)C(=O)Nc3ccc(cn3)C(=O)O,1.6,2.2025956611306126,0.6025956611306125
1835,train,CCN(C)C(=O)c1ccc(cc1)C(=C2CCN(Cc3ccc(F)cc3)CC2)c4ccccc4NC(=O)C,2.79,2.9990060036847788,0.20900600368477873
988,train,CC(C)n1c(C)ncc1c2ccnc(Nc3ccc(cc3)C(=O)N)n2,2.39,2.3382449600112625,-0.05175503998873765
1798,train,CCN(C1CCN(CC[C@H](C2CCN(CC2)S(=O)(=O)C(F)(F)F)c3ccccc3)CC1)C(=O)Cc4ccc(cc4)S(=O)(=O)C,3.39,3.0815257571865824,-0.30847424281341773
2312,train,CC(N1NC(=O)C2=C(C1=O)C(=O)c3ccc(Cl)cc3N2)c4oc5ccccc5c4,2.1,2.3323580574958087,0.23235805749580862
849,train,CN1CCN(CC1)S(=O)(=O)c2ccc(c3cnc(N)c(n3)C(=O)Nc4cccnc4)c(c2)C(F)(F)F,3.25,3.2791608462250847,0.029160846225084747
1986,train,COc1cc2ncnc(Nc3cccc(C)c3)c2cc1OC,3.5,3.534117254070881,0.034117254070880954
4091,train,Fc1cccc(Nc2oc(nn2)C(=O)Nc3ccc(nc3)N4CCOCC4)c1,3.2,2.9403313782402773,-0.25966862175972283
345,train,CN1CCN(CC1)c2cc(F)cc3C(=O)C=C(Nc23)C(=O)Nc4ccc(cc4)N5CCOCC5,2.7,2.497489881713632,-0.202510118286368
1108,train,CCCN(CCC)C(=O)c1cccc(c1)C(=O)N[C@@H](Cc2ccccc2)[C@H](O)CNCc3cccc(OC)c3,2.7,2.7382188110339065,0.03821881103390634
3833,train,CN(CCOc1ccccc1c2cc(C(=O)N)c(NC(=O)N)s2)Cc3ccccc3,3.46,3.254042515764524,-0.20595748423547589
1572,train,CCC(=O)O[C@H]1CC[C@H]2[C@@H]3CCC4=CC(=O)CC[C@]4(C)[C@H]3CC[C@]12C,3.3,3.4524585705549,0.15245857055489997
597,train,Cc1ccc2c(c1)c(c(C)n2CC(=O)O)c3ccnc4c(F)cccc34,0.53,0.659212120064663,0.12921212006466298
3708,train,OC(c1ccccc1)c2ccc3C(=O)C=C(Nc3c2)c4cccnc4,2.27,1.9548522542249498,-0.3151477457750502
203,train,C[C@@H](NC(=O)[C@H]1CCCCN1)c2ccc(Nc3ncc4cc(ccc4n3)c5ccncc5)cc2,2.15,2.3371943065519667,0.18719430655196678
3219,train,CCCCc1nc2c(N)nc3ccccc3c2n1CC(C)C,3.82,3.584771796495269,-0.23522820350473106
2307,train,Cc1c(Cl)ccc(OC2CCN(C[C@H](O)CNC(=O)C3=CNC(=O)C=C3C(F)(F)F)CC2)c1Cl,3.14,3.2289672608789184,0.08896726087891826
1828,train,CCS(=O)(=O)c1ccc(c(C)c1)c2cc(Cl)ccc2OCC(=O)O,-0.65,-0.25360953741852565,0.39639046258147437
4006,train,Cc1ccc(cc1NC(=O)c2ccc(OCc3ccccn3)cc2)c4nc5ccccc5[nH]4,3.24,3.3038937286367513,0.06389372863675113
4063,train,Cn1cc(cc1c2c3C(=O)N(CC#C)C(=O)N(CC4CC4)c3nn2Cc5ccnc6ccc(Cl)cc56)C#N,3.96,3.7258133313579975,-0.23418666864200244
3687,train,c1ccc(cc1)c2cn3ccccc3n2,2.9,2.900517018213289,0.0005170182132889778
1702,train,CCCNC(=O)NS(=O)(=O)c1ccc(Cl)cc1,-0.33,0.10667966579217403,0.43667966579217404
2772,train,Cc1nc(CSc2ccc(Cl)cc2)cc(n1)N3CCOCC3,3.38,3.5089217438903084,0.12892174389030853
1447,train,CC(C)Cc1ccc(cc1)[C@@H](C)C(=O)NS(=O)(=O)C,0.51,0.6490567591622869,0.13905675916228688
724,train,O[C@@H](CNCCSCCCOCCc1ccccc1)c2ccc(O)c3NC(=O)Sc23,2.54,2.2496666445905005,-0.29033335540949956
2313,train,Cc1cc(CNc2nccc(Nc3cc(C)[nH]n3)n2)on1,1.86,1.7846613128498046,-0.07533868715019554
510,train,FC(F)(F)COc1ccc(OCC(F)(F)F)c(c1)C(=O)NCC2CCCCN2,1.13,1.3337901549231925,0.20379015492319263
3633,train,CN1CCN(CC1)c2nc3ccccc3cc2Cn4nc(c5ccc6nc(N)sc6c5)c7c(N)ncnc47,3.09,3.3023032281178417,0.21230322811784186
2939,train,CNC(=O)C1(CCN(CC[C@H](CN(C)C(=O)c2c(OC)c(cc3ccccc23)C#N)c4ccc(Cl)c(Cl)c4)CC1)N5CCCNC5=O,2.2,2.125047114944644,-0.07495288505535624
1776,train,Fc1ccc(N2CCN(CC2)C(=O)COCc3ccncc3)c(Cl)c1,2.63,2.8323361219517813,0.2023361219517814
3400,train,C[C@@](O)(C(=O)Nc1ccc(cc1Cl)S(=O)(=O)NCCCO)C(F)(F)F,2.1,2.0126944269119282,-0.08730557308807185
3657,train,CC1=C(Cc2ccccc2)C(=O)n3nc(NCc4cccc(Cl)c4)nc3N1,3.6,3.5450511224270365,-0.05494887757296363
3462,train,CS(=O)(=O)c1ccc(cc1Cl)[C@@H](CC2CCCC2)C(=O)Nc3cnc(cn3)[C@H](O)CO,2.58,2.682592464607401,0.10259246460740101
2653,train,OC(=O)CN1C(=O)C(Cc2ccccc12)NC(=O)c3cc4sc(Cl)c(Cl)c4[nH]3,0.67,0.7361406576790213,0.06614065767902122
684,train,O[C@@H](CNCCCCCCCCCN1CCC(CC1)OC(=O)Nc2ccccc2c3ccccc3)c4ccc(O)c5NC(=O)C=Cc45,2.16,2.2528914639164572,0.09289146391645708
2424,train,Cc1nnc2CN=C(c3ccccc3)c4cc(Cl)ccc4n12,1.98,2.3174727122418073,0.3374727122418073
564,train,CC(C)CN1C(=O)N(C)C(=O)c2c1sc(Cc3ccccc3C(F)(F)F)c2C(=O)N4CC(C)(O)C4,3.18,3.6811690806257875,0.5011690806257874
3564,train,O=C1C=C(Nc2ccccc12)c3occc3,2.21,2.384572694726663,0.1745726947266628
2078,train,CNS(=O)(=O)c1ccc2C(=CNC(=O)c2c1)C(=O)NC[C@@H](O)CN3CCC(CC3)Oc4ccc(Cl)c(Cl)c4,2.77,2.5835412609102217,-0.18645873908977828
217,train,CC(C)CN1C(=O)N(C)C(=O)c2c1sc(Cc3c[nH]c4ccccc34)c2C(=O)N5CC[C@@H](O)C5,2.35,2.188648493804841,-0.16135150619515892
1837,train,CCCc1nc2c(C)cc(cc2n1Cc3ccc(cc3)c4ccccc4C(=O)O)c5nc6ccccc6n5C,2.21,2.388782159925705,0.17878215992570512
1904,train,CCN(C1CCCCC1)C(=O)c2cnn(c2NS(=O)(=O)c3ccc(cc3)c4ocnc4)c5ccccc5,1.46,1.5714749063742621,0.11147490637426216
228,train,O=C(CCc1ccccc1)c2ccccc2,3.77,3.3561413197198107,-0.41385868028018935
687,train,O=C(NC1CCCCC1)c2cccnc2Sc3ccccc3,3.01,3.0202039543756434,0.010203954375643587
2760,train,CNC(=O)c1ccc(Nc2ncc(F)c(n2)c3cnc(C)n3C(C)C)cc1F,3.31,3.1961524128645884,-0.11384758713541165
2048,train,O=S1NC(=NO1)Cc2ccc3ccccc3c2,1.85,2.2835846968402134,0.4335846968402133
3969,train,Cc1c(Cl)ccc(OC2CCN(CC3CCN(CC3)[C@@H](Cc4ccc(F)cc4)C(=O)O)CC2)c1Cl,3.15,3.0669050383514698,-0.08309496164853014
344,train,Cc1ccc(cc1NC(=O)c2cnn(c2N)c3ccccc3F)C(=O)Nc4ccon4,2.6,2.6216606145991763,0.02166061459917623
1851,train,Nc1nc2nc(cc(n2n1)C(F)(F)F)c3cccs3,2.01,2.0527102318314103,0.04271023183141054
259,train,NC1(CCC1)c2ccc(cc2)c3nn4cccc4cc3c5ccccc5,3.3,2.9117860063504266,-0.3882139936495732
3043,train,CSc1ccc(cc1)C(=O)C(C)(C)N2CCOCC2,3.49,2.822653368816012,-0.6673466311839884
197,train,Fc1ccc(cc1)S(=O)(=O)NC(=O)N2CCC(CC2)N3CCC(CC3)Oc4ccc(Cl)c(Cl)c4,1.79,1.9623963140318357,0.17239631403183564
3323,train,COc1cccc(c1OC)c2ccc(\C=C\3/SC(=S)N([C@@H](Cc4ccccc4)C(=O)O)C3=O)cn2,1.5,1.5992825523519987,0.09928255235199868
736,train,Fc1ccc(cc1)C(=O)C2CCN(CCN3C(=O)Nc4ccccc4C3=O)CC2,2.9,3.1374017318262837,0.23740173182628377
19,train,CO[C@H]1CN(CCN2C(=O)C=Cc3ccc(cc23)C#N)CC[C@H]1NCc4ccc5OCC(=O)Nc5n4,0.32,0.42598900522820826,0.10598900522820826
2990,train,Clc1ccc(cc1)S(=O)(=O)NC(=O)N2CCC(CC2)N3CCC(CC3)Oc4ccc(Cl)c(Cl)c4,2.59,2.0942515934985577,-0.49574840650144214
2481,train,CC1=C(OCc2ccc(F)cc2)C(=O)C=CO1,1.91,1.9377255137640788,0.027725513764078835
2731,train,O=C(NCC12CC3CC(CC(C3)C1)C2)c4ccccc4,4.21,3.845334193914611,-0.3646658060853891
4115,train,Cc1c(Sc2ccc(Cl)cc2)c3c(C#N)c(Cl)ccc3n1CC(=O)O,1.6,1.8166525892041978,0.21665258920419772
785,train,CC(C)NCC(O)COc1cccc2[nH]ccc12,-0.12,-0.001428513516545049,0.11857148648345495
112,train,OC(C(=O)c1ccc(F)cc1)c2ccc(F)cc2,2.49,2.4016680019853216,-0.08833199801467861
1613,train,CCN(C1CCN(CCC(C2CCN(CC2)S(=O)(=O)CC)c3ccccc3)CC1)C(=O)Cc4ccc(cc4)S(=O)(=O)C,1.63,1.790711264273004,0.1607112642730042
287,train,O[C@@H](CNCCSCCCNCCc1ccccc1)c2ccc(O)c3NC(=O)Sc23,0.12,0.7669849672139253,0.6469849672139253
3601,train,CCCCn1c(Cc2cc(OC)c(OC)c(OC)c2)nc3c(N)ncnc13,2.39,2.431962764413848,0.04196276441384805
99,train,CCN(CCN(C)C)S(=O)(=O)c1ccc(cc1)c2cnc(N)c(n2)C(=O)Nc3cccnc3,2.0,2.179607389581237,0.1796073895812369
3153,train,C[C@H](NC(=O)c1c(C)nn(c1NS(=O)(=O)c2ccc(cc2)C(F)(F)F)c3ccc(F)cc3)C(C)(C)C,2.35,1.9811327924601252,-0.3688672075398749
1598,train,CCOC(=O)Nc1cccc(c1)[C@H](N2CCN(Cc3c[nH]c(C)n3)CC2)c4ccc(cc4)C(=O)N(C)CC,2.11,2.331824822054381,0.22182482205438125
1967,train,Cn1c(CN2CCN(CC2)c3cccc(Cl)c3)nc4ccccc14,3.75,4.01468643637137,0.26468643637137035
3873,train,FC(F)(F)Oc1ccc2OCC(=O)N(CCN3CCC(CC3)NCc4ccc5OCC(=O)Nc5n4)c2c1,1.82,1.8360022964679907,0.016002296467990673
2248,train,CN(c1cccc(CO)c1)c2ccnc(Nc3cc(cc(c3)N4CCOCC4)N5CCOCC5)n2,2.6,2.623317076772329,0.02331707677232897
3879,train,C[C@H](NC1=NC(=O)[C@](C)(S1)C(F)(F)F)c2ccccc2F,3.1,2.916683920615443,-0.18331607938455718
2806,train,CN[C@@H](C)C(=O)N[C@@H](C1CCCCC1)C(=O)N[C@H]2CCCN(CCc3ccccc3F)C2,2.51,2.106765506017447,-0.40323449398255296
1546,train,CC(C)n1c(C)ncc1c2nc(Nc3ccc(cc3)C(=O)N)ncc2F,2.7,2.6726819870722185,-0.027318012927781687
4107,train,CC(C)C(NC(=O)CN1C(=O)C(=CN=C1c2cc(F)cc(F)c2)N)C(=O)C(F)(F)F,1.38,1.3207442570080083,-0.059255742991991545
1123,train,CCCCNC(=O)NS(=O)(=O)c1ccc(C)cc1,0.44,0.20080708998804964,-0.23919291001195037
3960,train,CN(c1ccc(c(Cl)c1)c2cc(F)ccc2OCC(=O)O)S(=O)(=O)C,-1.17,-1.1366668926470895,0.033333107352910396
1595,train,Cc1ccc(cc1)S(=O)(=O)NC(=O)N2CCC(CC2)N3CCC(CC3)Oc4ccc(F)c(F)c4,0.75,1.001696563848717,0.25169656384871697
2611,train,CN1CCN(Cc2ccc(cc2)C(=O)Nc3ccc(C)c(Nc4nccc(n4)c5cccnc5)c3)CC1,2.5,2.368048402941005,-0.13195159705899506
1659,train,Cc1cc(CNc2ncc(Br)c(Nc3cc(C)[nH]n3)n2)on1,2.92,2.606623403391168,-0.313376596608832
4075,train,CCOc1ccc(cc1)c2cnc3CCCCCn23,3.01,2.9777425909305104,-0.03225740906948937
1686,train,Clc1ccc(OC2CCN(CC2)C3CCN(CC3)C(=O)c4ccc(cc4)C5=NOC(=O)N5)cc1Cl,2.24,2.3404773852878056,0.10047738528780537
4178,train,OC(=O)[C@H](Cc1ccc(cc1)N2CCN(CC2)c3ccccc3)NC(=O)c4c(Cl)cccc4Cl,0.08,0.07257880324778654,-0.007421196752213463
1524,train,Cn1cnc(c2ccccc2)c1\C=C\c3ccnc(N)n3,2.61,2.5633307590800873,-0.046669240919912536
714,train,COc1cc2nnc(C(=O)N)c(Nc3ccc(C)cc3F)c2cc1N4CCN(C)CC4,2.36,2.497020938914621,0.1370209389146213
1187,train,COc1cc(ccc1Nc2ncc(Cl)c(n2)c3cnc4ccccn34)N5CCN(CC5)C(=O)N,3.3,3.420105722359661,0.1201057223596611
3888,train,COc1ccc(cc1OC)C(=O)Nc2cccc(NC(=O)c3cccc(c3)N(C)C)c2,3.67,2.9649751333519676,-0.7050248666480323
2862,train,CCCSc1nc(ccc1C(=O)NC2CCCCC2)N3CCC(CC3)C(=O)O,1.6,1.9657969828704172,0.36579698287041706
3783,train,COc1ccccc1C(=O)Nc2ccc(C)c(c2)N3C=Nc4ccc(cc4C3=O)N5CCN(C)CC5,2.93,3.152061203829665,0.22206120382966477
828,train,COCCNC(=O)c1ccc(Nc2ncc3cc(ccc3n2)c4ccncc4)cc1C,2.78,2.7338536017735935,-0.046146398226406316
3375,train,OC(=O)c1ccc2[nH]c(nc2c1)C(F)(F)F,-1.08,-0.5154744108663634,0.5645255891336367
2802,train,CN(C(CN1CCCC1)c2ccccc2)C(=O)Cc3ccc(Cl)c(Cl)c3,3.38,3.0616958201840117,-0.31830417981598824
3040,train,CN1C(=O)CC(C1=O)c2ccccc2,0.68,1.0465263499576298,0.3665263499576298
1648,train,COc1ccc(Cc2nccc3cc(OC)c(OC)cc23)cc1OC,2.81,2.2322159912486566,-0.5777840087513435
1354,train,CN(C)c1ccnc2sc3C(=O)N(C=Nc3c12)c4ccccc4,2.34,2.4763254726589503,0.13632547265895045
858,train,CC[S+]([O-])c1ncccc1C2(O)CCN(CC34CC(c5ccccc35)c6ccccc46)CC2,2.0,2.052633526986501,0.05263352698650081
2966,train,Cc1ncsc1CCOCCCS(=O)(=O)CCNCCc2ccc(O)c3nc(O)sc23,1.44,1.494362586331809,0.054362586331809126
471,train,NC(=O)c1cnc(N[C@H]2CCCNC2)c3cc(sc13)c4ccc(F)c(Cl)c4,2.94,2.8336676093450412,-0.1063323906549587
2514,train,Clc1ccc(OC2CCN(CC2)C3CCN(CC3)C(=O)NS(=O)(=O)c4ccccc4)cc1Cl,1.5,1.3216776440740357,-0.17832235592596435
3976,train,C[C@H](CO)Nc1nc(SCc2ccccc2F)nc3NC(=O)Sc13,3.0,3.0815274019382297,0.08152740193822972
215,train,O=C(NCCSCc1ccccc1)c2ccccc2,3.3,2.5768561746538277,-0.7231438253461722
1747,train,O[C@]1(CN2CCC1CC2)C#Cc3ccc(Oc4ccc(cc4)C(=O)NCc5ccncn5)cc3,1.78,1.8086520882980182,0.02865208829801813
856,train,CCOC(=O)[C@H](Cc1ccc(cc1)[N+](=O)[O-])NC(=O)c2ccccc2,2.79,2.804644720810347,0.014644720810347067
303,train,O=C1Nc2ccccc2C(=O)C=C1,1.02,1.3103470343700159,0.29034703437001586
2992,train,COc1cc(Nc2nccc(Oc3cnc4ccccc4c3)n2)cc(OC)c1OC,3.41,3.560771102292323,0.15077110229232282
2781,train,Cc1ccc(NC(=O)[C@H]2CCCN2S(=O)(=O)c3cccc4cccnc34)c(C)c1,3.9,3.529274832133655,-0.370725167866345
1024,train,C[C@@H](NC(=O)c1cccnc1Oc2ccccc2)c3ccccc3,3.14,3.0620480807631796,-0.07795191923682054
780,train,CCCC(=O)N1CCN(CC1)c2nnc(c3ccccc3)c4ccccc24,3.2,2.8388193198002005,-0.36118068019979965
3359,train,CC[C@H](C)[C@@H](CO)NS(=O)(=O)c1ccc(Cl)s1,2.7,2.5674058199970027,-0.1325941800029975
4166,train,NC1(CCN(CC1)c2ncnc3[nH]ccc23)C(=O)NC(CO)c4ccc(Cl)cc4,2.4,2.7356798733842966,0.3356798733842967
4113,train,Nc1n[nH]c2ncc3CCCCCCc3c12,2.54,2.4571282584689254,-0.08287174153107468
1353,train,COc1cc(ccc1OCCN2CCCC2)N3C=Nc4cc(sc4C3=O)c5ccc(Cl)cc5,2.74,2.5160802575756103,-0.22391974242438994
2801,train,CC(C)(C)NC[C@H](O)COc1nsnc1N2CCOCC2,-0.22,0.20451030620090038,0.42451030620090036
2452,train,COc1cc(F)ccc1c2cncc(CNC3CCC3)n2,2.23,2.1461164728453728,-0.08388352715462721
2292,train,CNc1ccc2ncc(c3cccc(O)c3)n2n1,2.99,2.7339061210550266,-0.2560938789449736
1861,train,C[C@H](NC(=O)c1c(C)nn(C2CCSCC2)c1NS(=O)(=O)c3ccc(C)cc3)C(C)(C)C,1.29,1.0960782944639507,-0.19392170553604937
312,train,CCOc1ccc2oc(C(=O)NC(CCSC)c3nc4ncccc4[nH]3)c(C)c2c1,4.23,4.1200679808630465,-0.10993201913695394
3404,train,COc1cc2ncc(C(=O)N)c(Nc3cc(F)ccc3F)c2cc1OC,2.9,2.863031155476536,-0.03696884452346394
1903,train,CCOC(=O)c1ccc(N)cc1,1.83,1.3957899462674623,-0.43421005373253774
2775,train,Clc1ccc(cc1Cl)[C@]23CNC[C@H]2C3,1.96,2.104658478676105,0.14465847867610515
1474,train,C(Cc1ccccc1)NCc2ccccc2,1.65,1.5843935135303924,-0.06560648646960754
1143,train,COc1cc(Nc2nc(N[C@@H](C)c3ncc(F)cn3)ncc2Cl)n[nH]1,2.53,2.5746764241961606,0.0446764241961608
2924,train,Clc1ccc2nc(ccc2c1C(=O)NCC34CC5CC(CC(C5)C3)C4)N6CCC[C@@H](C6)NCCc7nnn[nH]7,3.08,2.97734411467887,-0.10265588532113012
3675,train,CCOC(=O)c1cnc2c(N)cccc2c1O,0.9,1.1359058221846452,0.23590582218464518
2041,train,CNC[C@H](O)c1ccc(Cl)c(c1)C(=O)NCC23CC4CC(CC(C4)C2)C3,1.41,1.8338983061062422,0.42389830610624224
2762,train,CN[C@H]1CCN(C1)C(=O)c2ccc(Nc3nccc(n3)c4cnc(C)n4C(C)C)cc2,1.22,1.3022002147545093,0.08220021475450934
2798,train,CCO[C@@H]1OC(=O)C[C@@H]1NC(=O)[C@@H]2CCCN3N2C(=O)[C@H](CCC3=O)NC(=O)c4nccc5ccccc45,1.16,1.1867729669603437,0.026772966960343814
2030,train,CN[C@@H](C)C(=O)N[C@H](C(=O)N[C@H]1CCCN(C1)S(=O)(=O)c2ccccc2)C(C)(C)C,0.9,0.8941028586825341,-0.0058971413174658815
165,train,Cc1c(Sc2ccc(Cl)cc2)c3c(NS(=O)(=O)C)cccc3n1CC(=O)O,0.21,0.08437346086729391,-0.12562653913270608
1729,train,COc1cc(OC)c(cc1NC(=O)CCc2nn[nH]n2)S(=O)(=O)N3C(C)CCc4ccccc34,-0.34,-0.20513049146673001,0.13486950853327
1385,train,Cc1ccc2c(c1)c(Sc3ccccc3)c(CC(=O)O)n2C,1.74,2.1319152547096643,0.39191525470966426
2675,train,Clc1ccc(N2CCN(CC2)C(=O)COCc3ccccn3)c(Cl)c1,3.47,3.2331210091182907,-0.2368789908817095
3684,train,CCc1cccc(CC)c1NC(=O)N2Cc3[nH]nc(NC(=O)c4ccc(cc4)N5CCN(C)CC5)c3C2,3.31,2.925363738449198,-0.3846362615508019
522,train,C[C@@H](NC1=CC(=O)NCC1)c2ccc(Nc3ncc4cc(ccc4n3)c5ccncc5)cc2,3.02,2.922518453939027,-0.09748154606097303
147,train,Oc1ccc(cc1)N2C=Nc3cc(O)ccc3C2=O,1.6,1.2495048327890175,-0.3504951672109826
555,train,COc1cc2c(Nc3ncc(CC(=O)Nc4cccc(F)c4)s3)ncnc2cc1OCCCN5CCC(CO)CC5,2.89,2.6187955311869398,-0.2712044688130604
3655,train,Fc1ccccc1NC(=O)NC2N=C(c3ccccc3)c4ccccc4NC2=O,3.8,3.8691552685530466,0.06915526855304677
1711,train,C[C@H](NC(=O)c1c(C)nn(c1NS(=O)(=O)c2ccc(C)cc2)c3ccccc3)C(C)(C)C,1.44,1.252979584066219,-0.18702041593378094
3335,train,CCN(C1CCN(CC[C@@H](c2ccc(F)cc2)c3ccc(cc3)S(=O)(=O)C)CC1)C(=O)Cc4ccc(cc4)S(=O)(=O)C,1.88,2.561131984009667,0.6811319840096672
662,train,CN1CCN(CC1)c2ccc3ncc(C(=O)N)c(Nc4ccc(F)cc4F)c3c2,2.3,2.3948395875066875,0.09483958750668764
3735,train,Fc1ccccc1Nc2oc(nn2)C(=O)Nc3ccc(cn3)N4CCOCC4,2.4,2.7324959083871576,0.3324959083871577
1367,train,CC1=CN([C@H]2CCCN(C2)S(=O)(=O)c3ccc(C(=O)O)c(Oc4cccc(Cl)c4)c3)C(=O)NC1=O,-1.28,-0.571070855153625,0.708929144846375
754,train,Fc1cccc2[nH]c3CCN(Cc3c12)C(=O)[C@@H]4CCCC[C@H]4C(=O)NC5(CC5)C#N,3.2,3.08376623519129,-0.1162337648087104
2323,train,CC(C)NNC(=O)c1ccncc1,0.33,0.5776479672769546,0.24764796727695454
3115,train,Cc1ccc(cc1)S(=O)(=O)Nc2c(C(=O)NC3CCOCC3)c(C)nn2c4ccccc4,0.16,0.42939119159783945,0.2693911915978394
2159,train,CC(C)C(NC(=O)CN1C(=O)C(=CC=C1c2ccccc2)NC(=O)NCc3ccc[n+]([O-])c3)C(=O)C(F)(F)F,1.48,1.4633587755699309,-0.0166412244300691
2300,train,CCOc1ccc(cc1)N2C(=O)c3cccnc3N=C2[C@@H](C)N(Cc4cccnc4)C(=O)Cc5ccc(OC(F)(F)F)cc5,3.7,3.4002971493607754,-0.29970285063922475
1507,train,NC(=O)COc1ccc(OCCNCC(O)COc2ccccc2)cc1,0.63,0.5697846746518178,-0.06021532534818219
1388,train,O=C(N1CCNCC1)c2cc3ccccc3[nH]2,0.6,0.5718923915022627,-0.028107608497737302
584,train,CN(C1CCN(CCC(c2ccccc2)c3ccccc3)CC1)C(=O)Cc4ccc(NC(=O)C)cc4,2.9,2.980197346306153,0.08019734630615316
3600,train,CC[C@H]1N(C2CCCC2)c3nc(Nc4ccc(cc4OC)C(=O)NC5CCN(C)CC5)ncc3N(C)C1=O,3.14,3.1466118375940075,0.006611837594007408
356,train,CN(C)S(=O)(=O)c1ccc2C(=CNC(=O)c2c1)C(=O)NC[C@@H](O)CN3CCC(CC3)Oc4ccc(Cl)c(Cl)c4,3.13,3.087418535672086,-0.0425814643279141
1658,train,Nc1ccc2C(=O)C(=O)c3ccccc3c2c1,2.39,1.9061237401977873,-0.4838762598022128
3361,train,NS(=O)(=O)c1ccc2C(=CNC(=O)c2c1)C(=O)NC[C@@H](O)CN3CCC(CC3)Oc4ccc(Cl)c(Cl)c4,2.17,2.1581464527120784,-0.01185354728792154
321,train,CON(C)C(=O)c1c(Cn2c(C)nc(Cl)c2Cl)sc3N(CC(C)C)C(=O)N(C)C(=O)c13,2.23,2.116501592547838,-0.11349840745216211
386,train,CCCCN(CCNC[C@H](O)c1ccc(O)c2NC(=O)Sc12)C(=O)CCOCCc3ccccc3,2.51,2.3556267541173814,-0.15437324588261836
325,train,CN1CCC(CC1)n2cc(c(C)n2)c3cnc(N)c(c3)c4oc5ccccc5n4,3.4,3.083803213859513,-0.3161967861404871
3030,train,COc1cc(F)ccc1c2cncc(CNC(C)C)c2,1.5,1.6985637975867234,0.19856379758672338
4114,train,C[C@@H](NC(=O)[C@H]1CCCNC1)c2ccc(Nc3ncc4cc(ccc4n3)c5ccncc5)cc2,1.69,1.5673240987603803,-0.12267590123961969
3576,train,CCCS(=O)(=O)c1ccc(cc1)C(CNS(=O)(=O)c2ccc(cc2)C(F)(F)F)N3CCCCCC3,3.32,3.603258097791721,0.28325809779172095
2831,train,O=C1C=COc2ccccc12,1.4,1.4239647628723513,0.023964762872351386
2423,train,CNc1cccc(CCOc2ccc(C[C@H](NC(=O)c3ccccc3Cl)C(=O)O)cc2)n1,-0.31,0.25286440386009246,0.5628644038600925
1443,train,CNc1cccc(CCOc2ccc(C[C@H](NC(=O)c3c(Cl)cccc3Cl)C(=O)O)cc2F)n1,-0.05,-0.17607560644652143,-0.12607560644652144
2137,train,Oc1ccc(cc1)c2oc3cc(O)ccc3n2,3.3,3.380353364851025,0.08035336485102507
3422,train,COC(=O)C1=C(C)NC(=C([C@@H]1c2cccc3nonc23)C(=O)OC(C)C)C,3.77,3.6283545762672187,-0.14164542373278133
367,train,COc1ccc(cc1)S(=O)(=O)NC(=O)N2CCC(CC2)N3CCC(CC3)Oc4ccc(Cl)c(Cl)c4,1.39,1.4305894150219616,0.04058941502196167
559,train,CNC(=O)c1c(F)cccc1Nc2nc(Nc3cc4N(CCc4cc3OC)C(=O)CN(C)C)nc5[nH]ccc25,2.61,2.516457226555864,-0.09354277344413608
355,train,CN(C)CC(O)COc1ccc(Nc2cc(Nc3cc(C)ccc3Cl)ncn2)cc1,2.16,2.3734755337496884,0.2134755337496883
1846,train,CC(C)Cc1ccc(cc1)C(C)C(=O)NS(=O)(=O)C,0.78,0.6490567591622869,-0.13094324083771314
1827,train,CC[C@H](NC(=O)c1c(CC[S+](C)[O-])c(nc2ccccc12)c3ccccc3)c4ccccc4,3.15,3.298981606757706,0.1489816067577059
3441,train,CCn1c2ccccc2c3cc(NC(=O)N4CCOCC4)ccc13,3.2,3.2668921806701547,0.06689218067015457
3618,train,COc1ccc(cc1)c2cc(O)nc(N)n2,1.52,1.42214347754831,-0.09785652245169008
1738,train,CN(C)CCCNS(=O)(=O)c1ccc(Nc2nccc(n2)c3cnc4cccnn34)cc1,1.4,1.5358497863358263,0.13584978633582634
276,train,NC(=O)c1ccccc1OCc2ccccc2,2.5,1.9539946427893815,-0.5460053572106185
1436,train,CCC(N1NC(=O)c2nc3cc(Cl)ccc3c(O)c2C1=O)c4cccnc4,0.7,0.6624412767747541,-0.037558723225245894
3322,train,Cn1c(CN2CCC(CC2)c3ccccc3)nc4ccccc14,3.6,3.334531073881225,-0.26546892611877526
329,train,Cc1ccc(Cl)c(Nc2ccccc2C(=O)O)c1Cl,2.33,1.9020532679818134,-0.42794673201818667
3044,train,CCN1C(=O)C=Cc2cnc(Nc3ccc(OC)c(OC)c3)nc12,2.7,2.6464247222780135,-0.05357527772198667
4177,train,Cc1ccnc2nc(nn12)C(=O)Nc3nccs3,0.31,0.6811800455509922,0.3711800455509922
2602,train,CC(C)(C)OC(=O)N1CCC(CC1)OCc2onc(n2)c3ccncc3,3.0,2.8438666072078944,-0.15613339279210559
3825,train,CC1Cc2ccccc2N1NC(=O)c3ccc(Cl)c(c3)S(=O)(=O)N,1.83,1.5979384689537937,-0.23206153104620642
957,train,CCCSc1ccc2nc(NC(=O)OC)[nH]c2c1,3.24,3.3105578278851087,0.07055782788510845
1197,train,NC(=O)c1cncc(c1)c2ccc(cc2)[C@@H]3CC[C@@H](CC(=O)O)CC3,0.22,0.4349411855910581,0.2149411855910581
2919,train,COc1cccc(NC(=O)c2cccc(Cc3c(C)nn(CCO)c3c4ccccc4)c2)c1,4.29,4.147189783549951,-0.14281021645004888
3165,train,CN[C@@H](C)C(=O)N[C@H](C(=O)N[C@H]1CCCN(CCc2ccc(cc2)[N+](=O)[O-])C1)C(C)(C)C,1.54,1.8097426251951059,0.26974262519510583
1192,train,CN1C(=O)N(C)c2[nH]c(nc2C1=O)c3cccnc3,0.7,1.0685214934805938,0.3685214934805938
204,train,CC(C)CN1C(=O)N(C)C(=O)c2c1sc(Cc3cccc4ncccc34)c2C(=O)N5CC[C@@H](O)C5,1.98,1.8582904281806436,-0.12170957181935638
1792,train,Cn1cc(cc1c2c3C(=O)N(CC=C)C(=O)N(CC4CC4)c3nn2Cc5ccnc6ccc(Cl)cc56)C#N,4.27,4.232613044017487,-0.037386955982512404
382,train,c1ccc(cc1)c2nnc(s2)c3ccccc3,4.2,3.1925858120133137,-1.0074141879866865
1396,train,Cc1ccc(cc1)c2ccc(F)cc2COc3ccc(CCC(=O)O)cc3,3.24,3.0822609181034206,-0.1577390818965796
2174,train,CN1C(=O)N(Cc2ccc(Br)cc2)c3ccccc13,2.81,2.9302594016110612,0.12025940161106119
2817,train,CCc1[nH]c2nc(Sc3cnc4ccc[n+]([O-])c4c3)nc(N5C[C@@H]6[C@@H](N)[C@@H]6C5)c2c1Cl,2.3,2.4020280017937075,0.10202800179370763
1979,train,Oc1cccc(NC(=O)c2ccc(OCCCN3CCCC3)cc2OCc4cccc(c4)C#N)c1,2.41,2.3029348389332776,-0.10706516106672259
1118,train,CNC(=O)c1cccc(O[C@H]2C[C@H]3CC[C@@H](C2)N3Cc4ccccc4)c1,1.93,2.14961168162389,0.21961168162389
381,train,Cc1ccc(NC(=O)c2cccc(c2)C(F)(F)F)cc1NC(=O)c3ccc4ncccc4c3,3.87,3.7313806651456742,-0.13861933485432587
615,train,CC(C)N1CCC[C@H](CN2C(=Nc3ccc(cc3C2=O)c4ccc(Cl)cc4)C)C1,3.3,3.1723642230221776,-0.12763577697782225
1799,train,CN1C(=O)c2c(onc2c3ccncc3)C=C1c4ccccc4,3.17,2.8299629870018284,-0.3400370129981716
3350,train,CC(Oc1c(Cl)cccc1Cl)C2=NCCN2,0.48,0.8416054990816009,0.3616054990816009
3870,train,Clc1ccc(cc1Cl)C2CNCC=CC2,1.86,1.6112381012301795,-0.24876189876982058
1996,train,FC1(CCN(CC1)C(=O)COCc2ccncc2)c3ccc(Cl)cc3,3.03,2.808837460748011,-0.22116253925198892
2080,train,Oc1nnc(Cc2cccc(c2)C(=O)N3CCOCC3)c4ccccc14,1.0,1.1450113625572098,0.1450113625572098
527,train,Nc1ccccc1NC(=O)c2ccc(cc2)C3CCN(CCC(=O)Nc4ccccc4F)CC3,2.76,2.767618864777381,0.007618864777381162
2444,train,C[C@@H]1CN([C@@H](CO1)c2ccccc2)c3ccc4OCC(=O)Nc4n3,2.75,2.645324167458714,-0.10467583254128598
2532,train,OC(=O)c1cc(ccc1O)N=Nc2ccc(cc2)S(=O)(=O)Nc3ccccn3,-0.58,-0.751474777719733,-0.17147477771973307
3849,train,FC(F)(F)Oc1cccc2c3CN(CCc3[nH]c12)C(=O)[C@@H]4CCCC[C@H]4C(=O)NC5(CC5)C#N,4.01,3.7888636357839576,-0.2211363642160422
569,train,CN(c1ccnc(Nc2cc(cc(c2)N3CCN(C)CC3)N4CCOCC4)n1)c5cc(CO)ccc5C,2.61,2.963120910292375,0.3531209102923749
4087,train,Fc1ccc(CC2=NNC(=O)c3ccccc23)cc1C(=O)N4CCN(CC4)C(=O)C5CCOC5,0.8,0.7207435954029549,-0.0792564045970452
157,train,CC1CCc2cc(F)cc3C(=O)C(=CN1c23)C(=O)O,0.74,0.42173541162688877,-0.3182645883731112
3943,train,COc1cc(Nc2ncc(C)s2)nc(N[C@@H](C)c3ncc(F)cn3)n1,2.99,2.6464948344912895,-0.3435051655087107
1938,train,OCCN1CCN(CCCN2c3ccccc3Sc4ccc(cc24)C(F)(F)F)CC1,3.8,3.7876329461165357,-0.012367053883464152
360,train,Cc1cc(Cl)ccc1OC2CCN(C[C@H](O)CNC(=O)c3c[nH]nc3C(F)(F)F)CC2,3.02,3.191861136813717,0.17186113681371706
1660,train,COc1ccc(CCN2CNC(=NC2)SCc3ccc(Cl)cc3)cc1OC,2.41,2.479542630722929,0.06954263072292877
3822,train,Cc1oc(CN2NC(=O)C3=C(C2=O)C(=O)c4ccc(Cl)cc4N3)cc1C,1.0,1.1603008060766278,0.16030080607662778
4067,train,CCOC(=O)c1ccc(OCCC2(CCN(CC2)c3ccc(C)nn3)C#N)cc1,3.54,3.285103637355477,-0.25489636264452287
3740,train,CC(Nc1ccccc1)C2=CC(=CN3C(=O)C=C(N=C23)N4CCOCC4)C,3.6,3.4959485030098736,-0.1040514969901265
297,train,Nc1nc(N)c2nc(c(N)nc2n1)c3ccccc3,1.16,1.3187143033659747,0.1587143033659748
2479,train,CN(c1ccnc(Nc2cc(nc(c2)N3CCOCC3)N4CCOCC4)n1)c5cc(CO)ccc5C,3.44,3.2213848220944445,-0.2186151779055554
1782,train,Clc1ccc2C(=O)C3=C(Nc2c1)C(=O)NN(Cc4cocc4)C3=O,0.6,0.5022259621929601,-0.09777403780703986
1899,train,Oc1ccc(CCNCCS(=O)(=O)CCCOCCc2ccccc2)c3sc(O)nc13,2.61,2.450666274554136,-0.159333725445864
3058,train,CN(C(=O)C)c1ccc2ccn(c3cc(NC4CC4)n5ncc(C#N)c5n3)c2c1,2.9,2.811506389746506,-0.08849361025349411
1241,train,OCc1ccc(OC2CCN(CC3CCN(CC3)[C@@H](Cc4ccccc4)C(=O)O)CC2)cc1Cl,0.8,1.486203475265675,0.6862034752656749
2043,train,COc1ccc(CNC(=O)CSc2nc3cccnc3s2)cc1,2.5,2.621257995879847,0.12125799587984698
2652,train,C[C@H](Nc1nc(Nc2cc(C)[nH]n2)c(F)cc1C#N)c3ccc(F)cn3,3.11,2.7358948940997436,-0.37410510590025625
1586,train,COCCOc1cc2nccc(Nc3cc(O)c(Cl)cc3F)c2cc1OC,2.64,2.5820150074615755,-0.057984992538424596
2684,train,COc1ccc(NC(=O)c2oc(Nc3ccccc3F)nn2)cn1,3.2,3.0546929734680566,-0.1453070265319436
1878,train,OC(=O)c1ccc(Nc2ncc(Br)c(Nc3ccccc3)n2)cc1,1.65,1.9828822496664886,0.3328822496664887
2695,train,Cc1ccc2NC(=O)OC3(CCN(CCc4nc(oc4C)c5ccccc5)CC3)c2c1,4.2,3.9393995877830266,-0.2606004122169736
2601,train,CCN(CC)CCNC(=O)c1c(C)[nH]c(\C=C\2/C(=O)Nc3ccc(Cl)cc23)c1C,2.75,2.8173077857684223,0.06730778576842233
2778,train,Fc1ccc(cc1)C(=O)C2CCN(CC2)C(=O)NCc3ccccc3,3.15,3.0968913681128303,-0.05310863188716963
1926,train,CN(C)CC(O)COc1ccc(Nc2cc(Nc3ccc(F)cc3F)ncn2)cc1,1.48,1.5295283449050814,0.0495283449050814
1077,train,Cc1ccc(cc1NC(=O)c2ccc(OCc3ccccn3)cc2)c4c[nH]c(C)n4,2.97,3.0643580585913925,0.09435805859139235
3975,train,Cc1oc(CN2CCNCC2)cc1C(=O)NCC34CC5CC(CC(C5)C3)C4,1.03,1.1668275913610644,0.13682759136106437
3808,train,COc1ccc(CNC(=O)c2ccc(Oc3ccc(cc3)C#C[C@]4(O)CN5CCC4CC5)cc2)nc1,3.1,3.0840290026737467,-0.0159709973262534
3920,train,OC(Cn1cncn1)(Cn2cncn2)c3ccc(F)cc3F,0.48,0.8400985311790727,0.36009853117907276
3340,train,CC(C)Cn1cnc(c2ccccc2)c1c3nc4c(N)ncnc4s3,3.72,3.4575236730743395,-0.2624763269256607
4013,train,C[C@H](Oc1nc(Nc2cc(C)[nH]n2)c(C)nc1C#N)c3ccc(F)cn3,2.86,2.6185359490290905,-0.2414640509709094
563,train,OCC[C@]1(CCCNC1)c2oc3ccccc3c2,0.06,0.3347743212314309,0.2747743212314309
2865,train,C[C@@H]1C2CCCC1(CCN2C)c3cccc(O)c3,0.52,0.81415075519089,0.29415075519088996
3288,train,CCC(N(CCCN)C(=O)c1ccc(C)cc1)C2=Nc3nccnc3C(=O)N2Cc4ccccc4,-0.14,0.24191678782940174,0.38191678782940175
2869,train,CN1C(=O)N(C)c2nc[nH]c2C1=O,-0.09,-0.05037704646325647,0.03962295353674353
3105,train,CC(C)C(NC(=O)CN1C(=O)C(=CC=C1c2ccccc2)NC(=O)NCc3cc[n+]([O-])cc3)C(=O)C(F)(F)F,1.13,1.4762728555265752,0.3462728555265753
2641,train,COCCOc1cc2ncc(C(=O)N)c(Nc3ccc(C)cc3F)c2cc1N4CCN(C)CC4,2.24,2.2631063955759583,0.02310639557595806
404,train,CC(C)N1CCN(Cc2cnc(c(Cl)c2)c3ccc(cc3)C(=O)Nc4ccccc4N)CC1,1.68,1.793885440107406,0.11388544010740609
148,train,O[C@@H](CNCCc1ccccc1CNCCc2ccccc2F)c3ccc(O)c4NC(=O)Sc34,1.58,1.3050311545537672,-0.2749688454462329
23,train,OC(=O)c1cccc(c1)N2CCC(CN3CCC(CC3)Oc4ccc(Cl)c(Cl)c4)CC2,2.17,2.340818049531317,0.17081804953131696
1928,train,C1CNCC(C1)c2nc3ccccc3s2,1.0,1.3307124325157154,0.33071243251571536
3636,train,NCCCCCc1c[nH]c2ccc(F)cc12,0.6,0.6499567757602036,0.04995677576020363
813,train,NC1(CCC1)c2ccc(cc2)c3c(ccn4ncnc34)c5ccccc5,1.7,1.8595248618052012,0.1595248618052012
3726,train,COc1ccc(cn1)[C@@]2(O)CC[C@H](CC2)N3CC[C@H](C3)NC(=O)CNC(=O)c4cccc(c4)C(F)(F)F,1.72,2.0217242002067954,0.30172420020679547
3807,train,COc1cccc(c1)C(=O)Nc2ccc(C)c(c2)N3C=Nc4ccc(cc4C3=O)N5CCN(C)CC5,3.08,3.008251659919677,-0.07174834008032294
2053,train,CN(C(=O)N1CCC(CC1)N2CCC(CC2)Oc3ccc(Cl)c(Cl)c3)S(=O)(=O)c4ccc(C)cc4,4.49,4.325020366954195,-0.16497963304580487
141,train,CN1SC(=NC1=O)NC(=O)c2cccc(Cl)c2,0.87,1.4076423242710403,0.5376423242710403
1036,train,CC1(C)Cc2c(c3ccccc3)c(c(CC(=O)O)n2C1)c4ccc(Cl)cc4,3.07,2.6653104835830486,-0.4046895164169513
1007,train,CC(C)Oc1cc(OCCc2ccsc2)cc(c1)C(=O)Nc3ccc(cn3)C(=O)O,1.74,1.6510495691554117,-0.08895043084458831
526,train,Nc1ccc2c3ccccc3C(=O)C(=O)c2c1,2.23,2.1968692804097474,-0.0331307195902526
1905,train,Oc1nc2cc(Cl)c(Cl)c(c2nc1O)[N+](=O)[O-],0.21,0.6437559076023718,0.4337559076023718
1606,train,NC1(CCC1)c2ccc(cc2)c3nn4ccccc4c3c5ccccc5,3.2,3.0571896287378606,-0.14281037126213958
85,train,Fc1cc(cc(F)c1C2=CCN(CC2)C=O)N3C[C@H](COc4ccon4)OC3=O,2.01,2.078728651102164,0.0687286511021643
1804,train,CC(=O)N1CCN(CC(O)COc2ccc(Br)cc2)CC1,1.6,1.4768507403975124,-0.12314925960248768
1328,train,NC1=NC2(CCN(CC2)C(=O)c3ccc(cc3)C#N)Nc4cccc(F)c14,0.66,0.6798438162506972,0.0198438162506972
1929,train,[O-][N+](=O)c1cccc2ccc(nc12)C(Cl)(Cl)Cl,3.7,3.530692026807456,-0.1693079731925442
3108,train,OC1CS(=O)(=O)CC1N2CCC(CC2)c3ccccc3,1.4,1.0722450862546395,-0.32775491374536037
1891,train,Cn1cc(cc1c2c3C(=O)N(CCO)C(=O)N(CC4CC4)c3nn2Cc5ccnc6ccc(Cl)cc56)C#N,3.0,3.4743465599385726,0.47434655993857255
2643,train,Clc1cccc(Cl)c1\C(=C\n2cncn2)\OC3CCCCCC3,4.1,3.885954077134823,-0.21404592286517676
2589,train,Clc1ccc2C(=O)C3=C(Nc2c1)C(=O)NN(Cc4cc5ccccc5s4)C3=O,2.0,1.797414642507702,-0.202585357492298
108,train,COc1ccccc1CNc2cc(C)ccn2,3.28,3.5222670488183114,0.24226704881831163
65,train,COc1cc2ncc(C(=O)N)c(Nc3ccc(F)cc3F)c2cc1NCCN(C)C,1.91,2.0576417230481896,0.14764172304818968
1599,train,Cc1ccc(NC(=O)c2ccc(Cl)c(c2)C(F)(F)F)cc1C(=O)Nc3cccnc3,2.83,3.0284815635301245,0.19848156353012447
857,train,CCc1cccc(c1)N(C)C(=N)Nc2cccc3ccccc23,1.57,2.242764422472495,0.6727644224724949
3850,train,Clc1ccc(NC(=O)N2CCN(C[C@@H]3CCCN(CC4CC4)C3)CC2)cc1Cl,2.54,2.6096214463905056,0.0696214463905056
2868,train,COc1cc2c(Nc3cnc(NC(=O)c4ccccc4)nc3)ncnc2cc1OCCCN5CCOCC5,2.7,2.68961165681362,-0.010388343186380045
2475,train,Clc1ccc(cc1)C2CCN(CC2)C(=O)COCc3ccncc3,2.74,2.74421005099897,0.004210050998969983
3756,train,O=C(C1CC1)c2ccc(OCCCc3c[nH]cn3)cc2,2.68,2.475755072345878,-0.20424492765412205
330,train,COc1ccc2N=CC(=O)N(CCN3CC[C@@H](NCc4cc5OCCOc5cn4)[C@@H](O)C3)c2c1,0.78,0.8353728771210316,0.05537287712103156
2732,train,Cc1ccn2c(NC(=O)c3ccccc3)c(nc2c1)c4cccs4,2.87,2.911077570536779,0.04107757053677874
2586,train,Cc1ccc(cc1NC(=O)c2ccc(OCc3ccccn3)cc2)c4ncc[nH]4,3.01,2.817868400631119,-0.19213159936888058
195,train,Nc1nc(N)nc(n1)c2cccc(c2)C(F)(F)F,2.4,2.5682062636244973,0.16820626362449742
590,train,Nc1ccccc1NC(=O)c2ccc(cc2)N3CCOCC3,1.2,1.2019131746303495,0.0019131746303495678
1206,train,CN(C)CCCNc1cc(nc2c(cnn12)C#N)n3ccc4ccc(NC(=O)C)cc34,1.62,1.760646552898288,0.14064655289828787
805,train,OCCc1cccc(NC(=O)c2cc3cc(Cl)ccc3[nH]2)c1,3.83,4.0462805652805685,0.21628056528056838
3531,train,CC(C)[C@H](NC(=O)C[C@H](NC(=O)\C=C\c1ccccc1)c2ccccc2)C(=O)[C@H]3[C@H](C)C(=O)NC3=O,1.91,1.6981986596238579,-0.21180134037614207
70,train,CNC(=O)c1ccc(CC(=O)N(C)C2CCN(Cc3ccc(cc3)C(F)(F)F)CC2)cc1,2.8,2.758419033762936,-0.041580966237063866
3366,train,COc1cc2ncnc(Nc3ccc(F)c(Cl)c3)c2cc1OCCCN(C)C,2.9,2.859675362178305,-0.04032463782169504
1511,train,CC1=CC2=NNC(=O)N2c3cc(ccc13)c4ccc[nH]4,3.29,3.255431368724492,-0.03456863127550802
784,train,C[C@H]1[C@@H]2CN(CCN3CCOCC3)CC[C@H]2Cc4[nH]c5ccc(cc5c14)C(F)(F)F,2.87,2.972512916376334,0.10251291637633386
1717,train,C[C@H](NC(=O)c1c(C)nn(CC(F)(F)F)c1NS(=O)(=O)c2ccc(C)cc2)C(C)(C)C,0.93,1.0344152567276,0.10441525672759988
3572,train,COc1ccc2nc(C)cc(c2c1)n3cc(CNC(=O)C)nn3,1.6,1.7804654831139246,0.18046548311392452
3498,train,CSc1nc2cc(Cl)ccc2[nH]1,3.22,3.4742376466966753,0.25423764669667515
2153,train,CCN(CC)C(=O)c1ccc(cc1)C(=C2CCNCC2)c3ccccc3,1.2,1.2214949105068653,0.02149491050686536
1879,train,Oc1ccc(O)c2C(=O)C=CC(=O)c12,1.91,1.5654162767391218,-0.34458372326087816
4027,train,COc1ccc(OC)c(CNc2n[nH]c3ccnc(Oc4ccccc4)c23)c1,4.25,4.154058846585177,-0.0959411534148229
4072,train,Clc1ccc(cc1)C2(CCNCC2)c3ccc(cc3)c4cn[nH]c4,1.51,1.553280737837618,0.0432807378376181
1640,train,O=C(NCC#N)[C@@H]1CCCC[C@H]1C(=O)N2CCc3ccccc3C2,1.91,1.8112849998847675,-0.09871500011523238
179,train,CN[C@@H](C)C(=O)N[C@H](C(=O)N[C@H]1CCCN(CCc2ccc(F)cc2)C1)C(C)(C)C,3.12,2.4248574504986053,-0.6951425495013948
3052,train,CCS(=O)(=O)c1ccc(c(Cl)c1)c2cc(Cl)ccc2OCC(=O)O,-0.43,-0.5404351290628968,-0.11043512906289682
2882,train,COCCOc1ccc(cc1)C(=O)Nc2cc(NC(=O)c3cccc(c3)N(C)C)ccc2C,2.74,2.896201603119846,0.15620160311984588
2876,train,C[C@@H](Oc1cccc2ncnc(Nc3ccc(Oc4ccc(C)nc4)c(C)c3)c12)C(=O)N5CCOCC5,4.14,4.113606327269907,-0.026393672730092632
2213,train,COc1ccccc1C(=O)Nc2nc3ccccc3s2,3.61,3.505850266646829,-0.10414973335317068
3677,train,N[C@@H](Cc1c[nH]c2ccccc12)C(=O)O,-1.08,-0.8109654395258525,0.26903456047414753
57,train,CCC(CC)NC(=O)c1cnn(C)c1NS(=O)(=O)c2ccc(C)cc2,0.36,0.6455295965417807,0.2855295965417807
4037,train,CN1CCOc2cc(OC(=O)c3ccccc3)cnc12,3.3,3.1247687107339495,-0.17523128926605036
821,train,CCOC(=O)C1(CCN(C)CC1)c2ccccc2,1.4,1.3510692717357502,-0.04893072826424971
3377,train,C[C@H]1NC(C)(C)CO[C@]1(O)c2cccc(Cl)c2,1.69,1.9356506840357697,0.24565068403576973
999,train,COc1ccc2c(c1)cc(C(=O)O)n2Cc3ccc(Cl)c(Cl)c3,1.66,1.7383866206298038,0.07838662062980384
3348,train,Nc1ncc(NC(=O)c2cc(NC(=O)c3cccc(c3)C(F)(F)F)ccc2Cl)cc1Cl,3.26,3.340434470328942,0.08043447032894235
3513,train,CN1CCN(CC1)c2ccc3N=CN(C(=O)c3c2)c4cc(ccc4C)C(=O)Nc5nccs5,2.56,2.3332153610619413,-0.22678463893805878
1898,train,COCCS(=O)(=O)c1ccc(Nc2nccc(n2)c3cnc(C)n3C(C)C)cc1,2.56,2.6808549912112145,0.12085499121121446
3330,train,O=C1N=C2C(=C1C#N)c3ccc(N4CCSCC4)c5cccc2c35,3.22,3.1735364686511387,-0.0464635313488615
342,train,CCN(CC)S(=O)(=O)c1ccc(cc1)c2oc(SCC(=O)N3CCc4ccccc34)nn2,3.9,3.7944821008279885,-0.10551789917201138
973,train,NC(=N)SCc1ccc(Cl)c(Cl)c1,1.28,1.2799462068787582,-5.3793121241874076e-05
3736,train,CN(C)CCC=C1c2ccccc2COc3ccccc13,2.15,2.36980881823907,0.21980881823907028
962,train,NC1=NN(CC1)c2cccc(c2)C(F)(F)F,2.55,2.3170125589892523,-0.23298744101074753
3514,train,CN1C(=O)N(CC2CC2)c3nn(Cc4cn(C)c5ccc(Cl)cc45)c(c6cc(oc6C)S(=O)(=O)C)c3C1=O,4.48,4.13639298608252,-0.34360701391748005
1091,train,Oc1ccc(cc1)c2nc3ccccc3s2,4.1,3.991505764678691,-0.10849423532130853
2697,train,Nc1ncnc2c1ncn2Cc3ccccc3,1.53,1.5288385078768243,-0.0011614921231757336
1737,train,CS(=O)(=O)c1cccc2c3CN(CCc3[nH]c12)C(=O)[C@@H]4CCCC[C@H]4C(=O)NC5(CC5)C#N,1.7,1.904012179300858,0.20401217930085802
628,train,NC(=N)NCCC[C@H](NC(=O)COCC(c1ccccc1)c2ccccc2)C(=O)O,0.18,0.2230390323354159,0.043039032335415894
2492,train,NS(=O)(=O)c1cc2c(NC(NS2(=O)=O)C3CC4CC3C=C4)cc1Cl,2.12,1.7687431569760916,-0.35125684302390847
1532,train,COc1ccc(N(C(C(=O)NC[C@@H](C)O)c2ccccc2F)C(=O)c3occc3CO)c(OC)c1,1.37,2.030776444309042,0.6607764443090418
291,train,C[C@]1(CCCN1c2nc(Nc3cc([nH]n3)C4CC4)c5cccn5n2)C(=O)Nc6ccc(F)nc6,3.16,3.25359185890183,0.09359185890182964
160,train,Cc1ccc(NC(=N)N)cc1C,-1.34,-0.656538699776815,0.6834613002231851
2719,train,Clc1ccccc1C(=O)NCC23CC4CC(CC(C4)C2)C3,4.05,4.079016701203628,0.02901670120362798
3272,train,COc1cc(Nc2cc(Nc3c(Cl)ccc4OCOc34)ncn2)cc(OC)c1OC,3.07,2.9778188019957907,-0.0921811980042091
664,train,OC1(CCN(Cc2c[nH]c3ccccc23)CC1)c4ccc(Cl)cc4,2.25,2.5961219301902063,0.3461219301902063
3327,train,COCCNCc1cncc(n1)c2ccc(F)cc2OC,1.61,1.6923406079020444,0.08234060790204434
530,train,NC(=O)c1cc(O)cc2nc(oc12)c3ccc(O)cc3,2.3,1.9740856688890034,-0.32591433111099644
1508,train,COc1ccc(OC)c(c1)c2cccc3c(N)c(nnc23)C(=O)NC4(C)CCC4,4.48,4.389560162428978,-0.09043983757102225
1246,train,CS(=O)(=O)n1c2ccccc2c3cc(NC(=O)CCc4ccncc4)ccc13,3.4,3.3518513777719634,-0.04814862222803651
45,train,COc1ccc(cn1)C2=Cc3c(C)nc(N)nc3N([C@@H]4CC[C@H](CC4)OCCO)C2=O,2.2,2.1406389667506804,-0.05936103324931974
2746,train,N#Cc1cnn2c(NC3CC3)cc(nc12)c4cccs4,2.88,2.9102215161831735,0.03022151618317359
692,train,O=C(CSc1ccncc1)Nc2ccc(cc2)C(=O)c3ccccc3,3.6,3.1610404361980837,-0.43895956380191636
1932,train,CN(C)c1ccccc1S(=O)(=O)NC(=O)N2CCC(CC2)N3CCC(CC3)Oc4ccc(Cl)c(Cl)c4,1.74,1.6828451570388068,-0.05715484296119322
3900,train,CC(O)(C(=O)Nc1ccc(cc1)S(=O)(=O)c2ccccc2)C(F)(F)F,2.98,2.665876433789498,-0.31412356621050197
2346,train,C[C@H](NC(=O)c1c(C)nn(C2CCS(=O)(=O)CC2)c1NS(=O)(=O)c3ccc(C)cc3)C(C)(C)C,0.25,0.6128044343267836,0.36280443432678355
2009,train,Oc1ccc(cc1)C(c2ccc(O)cc2)C(Cl)(Cl)Cl,3.86,3.1819560631434327,-0.6780439368565672
22,train,COc1ccc(Oc2cccc(CN3CCCC(C3)N4C=C(C)C(=O)NC4=O)c2)cc1,3.17,3.0903388876581945,-0.0796611123418054
1797,train,Cc1ncc2CN=C(c3ccccc3F)c4cc(Cl)ccc4n12,3.4,3.4782984201283376,0.07829842012833765
2560,train,CSc1nc(C(=O)N)c(N)s1,1.21,1.1930975699484359,-0.01690243005156411
3469,train,CCOc1ccccc1c2ccc3c(c2)C(=O)C(=O)c4ccccc34,2.67,3.048735634890545,0.3787356348905453
921,train,N#Cc1ccc(Nc2nccc(NC3CC3)n2)cc1,3.01,2.942823787599394,-0.0671762124006059
298,train,C[C@@](O)(C(=O)Nc1ccc(cc1Cl)S(=O)(=O)NCC=C)C(F)(F)F,3.07,3.082197688583982,0.012197688583982291
3257,train,CN1CCN(CC(=O)N2c3ccccc3C(=O)Nc4cccnc24)CC1,-0.49,-0.1588177369384529,0.3311822630615471
369,train,Clc1ccc(O[C@H]2CCCNC2)cc1C(=O)NCC34CC5CC(CC(C5)C3)C4,2.18,1.9239476741163055,-0.25605232588369464
2692,train,CN(C)N(C)C(=O)[C@@]1(Cc2ccccc2)CCCN(C1)C(=O)[C@@H](Cc3c[nH]c4ccccc34)NC(=O)C(C)(C)N,2.1,2.0113411986245904,-0.08865880137540971
3424,train,Oc1cc(Cl)cc(Cl)c1,3.58,2.744855930875807,-0.8351440691241931
1502,train,Nc1ccccc1NC(=O)c2ccc(cc2)C3CCN(Cc4ccccc4)CC3,2.51,2.2046561445937063,-0.3053438554062935
4167,train,CNC(=O)c1cccc(c1c2ccc(CC(C)C)cc2)S(=O)(=O)Nc3ncc(C)nc3OC,1.68,1.7996603598744885,0.11966035987448853
655,train,Cc1cc(OC2CCN(CC3CCN(CC3)[C@@H](Cc4ccc(F)cc4)C(=O)O)CC2)ccc1Cl,2.54,2.401199302941156,-0.13880069705884424
2947,train,Nc1cc(nc(N)[n+]1[O-])N2CCCCC2,0.77,0.6653423967867029,-0.10465760321329709
3670,train,O[C@@H](CNCCc1cccc(CNCCc2ccccc2Cl)c1)c3ccc(O)c4NC(=O)Sc34,1.63,2.0799631690308313,0.44996316903083144
1519,train,Cc1ccc(F)c(Nc2ccnc(Nc3ccc(cc3)S(=O)(=O)N)n2)c1,3.1,3.059671728905803,-0.04032827109419701
60,train,OC(C(=O)OC1CN2CCC1CC2)(c3ccccc3)c4ccccc4,1.19,1.4510855045788276,0.2610855045788276
245,train,O=C(C1CCCCC1)N2CC3N(CCc4ccccc34)C(=O)C2,2.43,2.709338155424308,0.27933815542430773
619,train,OC(=O)c1cccc(CN2CCC(CN3CCC(CC3)Oc4ccc(Cl)c(Cl)c4)CC2)c1,1.26,1.6029889746244876,0.34298897462448763
2417,train,COc1ccc(CC(=O)NC(N\C(=N\C#N)\Nc2ccccc2C)C(C)(C)C)cc1OC,2.48,2.518498640746753,0.03849864074675313
1744,train,CC(C)CNc1nc(nc(NC2CCS(=O)(=O)C2)c1N)C#N,2.3,2.087087301392184,-0.2129126986078158
1145,train,CCN1CCN(CC1)C(=O)c2cc3cc(F)ccc3[nH]2,2.28,2.296338342018773,0.016338342018773044
1333,train,CN(C)CC(O)COc1ccc(Nc2cc(Nc3cc(Cl)ccc3Cl)ncn2)cc1,2.6,2.398369179566653,-0.20163082043334724
1294,train,N\C(=C(/C#N)\c1ccccc1C(F)(F)F)\Sc2ccc(N)cc2,3.4,3.3618641915399747,-0.03813580846002518
1645,train,OC(=O)[C@H](Cc1ccc(OCCc2ccc3OCCNc3n2)cc1)NC(=O)c4c(Cl)cccc4Cl,-0.18,0.040601224997078855,0.22060122499707885
2110,train,CCOC(=O)c1ccc(OC(=O)CCCCCN=C(N)N)cc1,2.41,2.162352950375025,-0.24764704962497497
377,train,CCNC(=O)C[C@@H]1N=C(c2ccc(Cl)cc2)c3cc(OC)ccc3n4c(C)nnc14,2.46,2.54588238228593,0.08588238228592981
3980,train,CCCOc1cc(OCCCN2CCCC2)ccc1C(=O)Nc3cccc(O)c3,2.46,2.1913538522933966,-0.26864614770660333
3281,train,Cn1cnc(c2ccccc2)c1c3nc4c(N)ncnc4s3,2.69,3.0325787620639035,0.3425787620639036
2453,train,Cc1cccc(Nc2ncnc3ccc(NC(=O)C=C)cc23)c1,3.7,3.4714871800759948,-0.2285128199240054
3211,train,Cc1nc(C)c(nc1C(=O)N)c2ccc([C@@H]3CC[C@@H](CC(=O)O)CC3)c(Cl)c2,1.8,1.5258571564746397,-0.27414284352536034
323,train,O[C@H](CNC(=O)c1n[nH]c2ccccc12)CN3CCC(CC3)Oc4ccc(Cl)c(Cl)c4,2.95,3.2739823781091806,0.3239823781091804
3320,train,C[C@H](N)COc1c(C)cccc1C,0.6,0.6849302064610396,0.08493020646103966
2388,train,COC[C@H](C)Oc1cc(Oc2ccc(Cl)cc2)cc(c1)C(=O)Nc3ccc(cn3)C(=O)O,1.69,1.5888834898429836,-0.10111651015701639
2113,train,OCCNCCNc1ccc2c(NC(=O)CC34CC5CC(CC(C5)C3)C4)cccc2n1,1.79,1.921442662518562,0.13144266251856207
178,train,CN(C)C(=O)CN1CCN(CCc2c([nH]c3sc(cc23)C(C)(C)C(=O)N4C5CCC4CC5)c6cc(C)cc(C)c6)CC1,4.13,4.0031764409200505,-0.12682355907994936
1010,train,COc1ccccc1CN[C@H]2CCCN[C@H]2c3ccccc3,1.5,1.4437421978051646,-0.05625780219483545
1712,train,CC(C)C(NC(=O)CN1C(=O)C(=CC=C1c2ccccc2)NC(=O)Cc3cccc(c3)C(=O)O)C(=O)C(F)(F)F,0.68,0.8648197653188321,0.18481976531883204
59,train,O=C1NC(=NC(=C1C#N)c2ccccc2)SCCc3ccccc3,1.71,2.063493237105747,0.35349323710574687
720,train,Cc1cnc(NC(=O)Cc2ccccc2)s1,2.9,2.3678697826751467,-0.5321302173248532
333,train,O=C1CCOc2nc(\C=C\c3ccccc3)ccc12,3.2,3.139724361229129,-0.060275638770871165
3802,train,COC(=O)C1=C(C)NC(=C(C1c2ccccc2[N+](=O)[O-])C(=O)OC)C,3.29,2.7544253490176054,-0.5355746509823947
1194,train,COc1ccc2cc(ccc2c1)[C@H](C)C(=O)O,0.13,0.23810465722131724,0.10810465722131724
3877,train,COc1cc(cc(OC)c1OC)c2nnc(S)n2c3cccc(c3)C(F)(F)F,2.27,2.5945737149708386,0.32457371497083853
3520,train,Cc1c(Cl)c(ccc1OC2CCN(CC3CCN(CC3)[C@@H](Cc4ccc(F)cc4)C(=O)O)CC2)C#N,2.19,2.290657821434699,0.10065782143469892
3477,train,CN[C@@H](C)C(=O)N[C@@H](C1CCCCC1)C(=O)N2CCC[C@H]2C(=O)N[C@@H](C(c3ccccc3)c4ccccc4)C(=O)OC,2.42,2.5841364764496335,0.16413647644963358
2103,train,CCc1[nH]c2nc(Sc3cnc4ccc[n+]([O-])c4c3)nc(N5CC[C@@H](N)C5)c2c1Cl,2.0,1.9333748794158934,-0.06662512058410663
363,train,CCN1CCC[C@H]1CNC(=O)c2c(OC)ccc(Br)c2OC,0.05,0.6037266887310093,0.5537266887310093
3419,train,O=C(N[C@@H]1CN2CCC1CC2)c3ccc(s3)c4ccccc4,1.77,1.7960386542053048,0.026038654205304823
3597,train,OC(=O)c1ccc(cc1)n2ncc(C(=O)NC3C4CC5CC(CC3C5)C4)c2C6CCC6,1.33,1.183097841837679,-0.1469021581623211
2461,train,Cc1nc(CS(=O)(=O)c2ccccc2)cc(n1)N3CCOCC3,1.07,1.0392888227738504,-0.03071117722614969
701,train,CC\C(=C(/c1ccccc1)\c2ccc(\C=C\C(=O)O)cc2)\c3ccccc3,3.89,3.1698936222502985,-0.7201063777497017
1202,train,CCC(C)(C)C[C@@H](N1CCC[C@@H](C1)N2C=C(C)C(=O)NC2=O)c3ccc(C(=O)O)c(Oc4cccc(Cl)c4)c3,1.37,1.177282311051612,-0.19271768894838814
378,train,Nc1ccccc1NC(=O)c2ccc(cc2)c3ncc(CN4CCC4)cc3F,1.69,1.456439305945736,-0.23356069405426405
3959,train,COc1cc2ncc(C(=O)N)c(Nc3ccc(C)cc3F)c2cc1OC,3.34,3.1517775777049715,-0.1882224222950284
1759,train,CNc1c(Br)cnc2[nH]c(nc12)c3cnn(c3)C4CCN(C)CC4,2.5,2.349494113630082,-0.1505058863699178
3925,train,CC1=CN([C@H]2CCCN(C2)S(=O)(=O)c3ccc(O)c(Oc4ccc(Cl)c(C)c4)c3)C(=O)NC1=O,2.4,2.225164130347381,-0.1748358696526191
959,train,N(c1ccccc1)c2ccnc3ccccc23,2.78,2.61995482051566,-0.1600451794843396
3487,train,CS(=O)(=O)c1ccc(cc1)c2cc(ccc2OCC(=O)O)C(F)(F)F,-0.87,-0.6440781744629347,0.2259218255370653
995,train,C[C@@H]1CN(CCN1c2ncc(OCc3ccncc3C#N)cn2)C(=O)OC(C)(C)C,3.33,2.9661762515126,-0.36382374848740007
1982,train,Fc1ccc(cc1)N2CCN(CC2)C(=O)[C@@H]3CCCC[C@H]3C(=O)NCC#N,1.92,1.9966818213491846,0.07668182134918466
3964,train,CN1[C@@H]2CC[C@H]1C[C@H](C2)OC(=O)C(CO)c3ccccc3,-0.66,-0.2574510435039423,0.4025489564960577
2941,train,CC12CC3CC(C)(C1)CC(N)(C3)C2,0.06,-0.08035822570968376,-0.14035822570968376
685,train,CNc1c(Cl)cnc2[nH]c(nc12)c3ccc(OCCN4CCOCC4)cc3,2.63,2.70084441533755,0.07084441533755026
3200,train,Cc1ccc(cc1S(=O)(=O)n2ccc(n2)c3c(C)nc4ccc(Br)cn34)[N+](=O)[O-],3.52,3.5848467870913368,0.06484678709133673
3842,train,Cc1[nH]c2ccccc2c1CCNCc3ccc(\C=C\C(=O)NO)cc3,1.1,1.450591823151217,0.35059182315121684
224,train,CN(C)c1nc(N[C@@H]2CC[C@@H](CC2)NC(=O)c3ccc(F)c(F)c3)nc4ccccc14,3.13,3.0704752858963165,-0.05952471410368343
1923,train,OC(=O)c1ccc(cc1)n2ncc(C(=O)NC3C4CC5CC(CC3C5)C4)c2C6CCCC6,1.72,1.324497955480597,-0.3955020445194031
4116,train,CC1(C)NC(=O)N(C1=O)c2ccc(c(c2)C(F)(F)F)[N+](=O)[O-],1.74,1.917771209913875,0.17777120991387507
2496,train,CCCC1=CC(=CC(=O)N1Cc2ccc(cc2)c3ccccc3c4nn[nH]n4)OCc5ccccc5,2.4,2.4421888622757955,0.04218886227579555
1604,train,CN1CCN(CC1)c2cc3c(Nc4ccc(F)cc4F)c(cnc3cc2F)C(=O)N,2.63,2.384787690642141,-0.24521230935785887
3916,train,CN1CCN(CC1)C2=Nc3ccccc3Nc4sc(C)cc24,2.19,2.1530081785896025,-0.036991821410397474
290,train,COc1cc(OC)c(cc1NC(=O)COC(=O)C)S(=O)(=O)N2C(C)CCc3ccccc23,2.07,1.5234170386503385,-0.5465829613496613
1231,train,COc1cccc(Oc2cncnc2O)c1,0.59,1.0021503808200574,0.4121503808200574
3643,train,COc1ccccc1N2CCN(CCN(C(=O)C3CCCCC3)c4ccccn4)CC2,3.0,3.2506249955934425,0.25062499559344253
861,train,CC1=CC2=NNC(=O)N2c3cc(ccc13)c4occc4,2.07,2.6685554402104166,0.5985554402104167
3679,train,COc1cc(OC)c(cc1NC(=O)CCC(=O)O)S(=O)(=O)N2C(C)CCc3ccccc23,-0.87,-0.5815734456748567,0.2884265543251433
3082,train,COc1ncc(cn1)c2cccc3OC[C@H](Cc23)NC(=O)c4ccc(OCC(F)(F)F)nc4,4.3,4.107242164791168,-0.19275783520883216
2005,train,C[C@H]([C@H](O)c1ccc(O)cc1)N2CCC(O)(CC2)c3ccccc3,0.91,1.08343440402918,0.17343440402917987
3763,train,Nc1ncnc2c1ncn2[C@@H]3O[C@H](CSCCCNC(=O)Nc4ccc(Cl)cc4)[C@@H](O)[C@H]3O,2.5,2.295460206875205,-0.2045397931247952
549,train,CCC(N(CCCN)C(=O)c1ccc(OC)cc1)C2=Nc3ccsc3C(=O)N2Cc4ccccc4,1.39,1.5644508578139602,0.1744508578139603
1359,train,C[C@H](Oc1ncc(Cl)c(Nc2cc(C)[nH]n2)n1)c3ncc(F)cn3,1.82,2.0077249629071203,0.18772496290712026
3653,train,C[C@H](Nc1nc(Nc2ncc(C)s2)cc(n1)N3CCN(C)CC3)c4ccc(F)cn4,2.9,3.1155125410775457,0.2155125410775458
3031,train,Cc1c(Oc2ccc(Cl)cc2)c3cc(F)ccc3n1CC(=O)O,1.26,1.0832340047865383,-0.1767659952134617
1431,train,COc1ccc(cc1)S(=O)(=O)NC2=CC=C(N(CC(=O)NC(C(C)C)C(=O)C(F)(F)F)C2=O)c3ccccc3,2.5,2.4505514918091977,-0.049448508190802265
904,train,Clc1ccc(CN2CCNCC2)cc1C(=O)NCC34CC5CC(CC(C5)C3)C4,1.84,1.8123560334400564,-0.027643966559943722
2377,train,NC(=O)c1cnc(c2ccc(cc2)C3(N)CCC3)c(c1)c4ccccc4,1.3,1.6740016978501473,0.37400169785014725
2430,train,COCCNS(=O)(=O)c1ccc(cc1)c2cnc(N)c(n2)C(=O)Nc3cccnc3,2.26,2.128634422374231,-0.13136557762576873
1935,train,C[C@H](CO)Nc1nc(SCc2cccc(Cl)c2)nc3nc(N)sc13,3.31,3.4125070261450956,0.10250702614509555
554,train,OC(=O)c1ccc(cc1)c2ccc(Cl)c(c2)C(=O)NCC34CC5CC(CC(C5)C3)C4,2.48,2.3606788922745308,-0.11932110772546922
341,train,C[C@@H]1CN(CCN1c2ncc(OCc3ccncc3C#N)cn2)c4noc(n4)C5CC5,3.1,3.375420067666635,0.27542006766663496
3235,train,CC(=O)OCCn1c(Sc2nc3cccc(Cl)c3s2)nc4c(N)ncnc14,3.16,3.0272284784477534,-0.1327715215522467
737,train,OC1(CN2CCC1CC2)C#Cc3ccc(Oc4ccc(cc4)C(=O)NCc5ccncc5)cc3,2.48,2.587992056929575,0.10799205692957514
1063,train,Oc1c2C(=O)N(NC(=O)c2nc3cc(Cl)ccc13)C(C4CCCC4)c5ccccn5,1.9,1.7111223416990788,-0.18887765830092107
313,train,CCOC(=O)C(CCc1ccccc1)NC2CCc3ccccc3N(CC(=O)O)C2=O,-0.2,0.08127652248905948,0.2812765224890595
3373,train,Cc1c(Sc2ccc(Cl)cc2)c3c(cccc3n1CC(=O)O)S(=O)(=O)C,0.58,0.5191330413555089,-0.0608669586444911
2501,train,CN(C)CC(O)COc1ccc(Nc2nccc(Nc3cc(Cl)ccc3Cl)n2)cc1,2.9,2.753586254444228,-0.1464137455557717
1280,train,NC(=O)C1CCCCC1,0.9,1.0438410981602024,0.1438410981602024
3777,train,O[C@@H](CNCCc1ccc(CNCCc2ccccn2)cc1)c3ccc(O)c4NC(=O)Sc34,-0.25,-0.13249666704129837,0.11750333295870163
2963,train,CC(=O)NC[C@H]1CN(C(=O)O1)c2ccc(c(F)c2)n3ccnc3,0.7,0.7669282011125498,0.06692820111254982
2263,train,COc1ccc2OCC(=O)N(CCN3CCC(CC3)NCc4ccc5OCC(=O)Nc5n4)c2c1,0.87,0.6979024429668197,-0.1720975570331803
1484,train,Cc1nocc1C(=O)Nc2ccc(c(N)n2)c3ccccc3OC(F)(F)F,3.7,3.803266393172876,0.10326639317287567
3190,train,COCCNC(=O)c1cccc(CN2NC(=O)C3=C(C2=O)C(=O)c4ccc(Cl)cc4N3)c1,1.2,1.221537548759903,0.02153754875990299
2117,train,Nc1nc(O)c2ncn(COCCO)c2n1,-1.42,-1.0239886332014119,0.39601136679858806
374,train,CC1CCC(CC(=O)Nc2cccc3ncccc23)CC1,3.56,3.1769541061606734,-0.38304589383932663
3166,train,CCc1nc2c(N)nc3ccccc3c2n1CC(C)C,2.55,2.731357376282356,0.18135737628235615
622,train,CN1C(=O)N(CC2CC2)c3nn(Cc4ccnc5ccc(Cl)cc45)c(c3C1=O)c6ncnn6C,3.8,3.5439408207176823,-0.2560591792823175
702,train,CN[C@@H](C)C(=O)N[C@H](C(=O)N[C@H]1CCCN(CCc2ccc(cc2)C(F)(F)F)C1)C(C)(C)C,2.85,2.5476304867905846,-0.3023695132094155
2928,train,CC12CCC3C(CCC4=CC(=O)CCC34C)C1CCC2O,3.3,3.5554015946952706,0.2554015946952708
4172,train,COc1cc2c(Nc3c(Cl)ccc4OCOc34)ncnc2cc1OCCCN5CCCCC5,2.05,2.3326177739105587,0.28261777391055887
907,train,CS(=O)(=O)c1cccc(Nc2nccc(Nc3cccc4ccoc34)n2)c1,3.52,3.4139754933306117,-0.10602450666938834
3314,train,COc1ccc2COC(=O)N(CCN3CCC(CC3)NCc4ccc5OCC(=O)Nc5n4)c2c1,0.5,0.6990816136053823,0.19908161360538235
38,train,COc1ccc2ncc(C#N)c(CCN3CCC(CC3)NCc4cc5SCOc5cn4)c2c1,2.55,2.373731867057209,-0.17626813294279087
1178,train,NC1=NC2(CCN(CC2)C(=O)c3ccc(nc3)C#N)Nc4c(F)ccc(F)c14,0.79,0.8086737462271325,0.01867374622713247
2875,train,OC(=O)CCc1oc(c2ccccc2)c(n1)c3ccccc3,1.2,1.3405652056952513,0.14056520569525133
3496,train,NC1(CCN(CC1)c2ncnc3[nH]ccc23)C(=O)NC(Cc4ccccc4)c5ccc(Cl)cc5,4.1,3.576454508431657,-0.5235454915683428
1349,train,O=C1C=C(N=C2N(Cc3cccc4ccccc34)C=CN12)N5CCOCC5,3.3,3.308385701824569,0.008385701824569214
258,train,CC(C)C(=O)NCCNCC(O)COc1ccc(O)cc1,-0.15,0.10832775044714271,0.25832775044714273
1348,train,Nc1c(cnn1c2ccc(F)cc2)C(=O)c3cccc(OC[C@H](O)CO)c3,1.94,1.7897409952668697,-0.15025900473313025
1625,train,O[C@@H](CNCCCOCCOCCc1ccccc1)c2ccc(O)c3NC(=O)Sc23,1.09,1.2339755786530286,0.14397557865302857
2901,train,CC(C)n1c(C)ncc1c2ccnc(Nc3ccc(cc3)C(=O)N4CCN(C)CC4)n2,2.1,1.9813844007891215,-0.11861559921087861
2670,train,COc1cc(O)c2C(=O)O[C@@H](C)C\C=C/C(=O)[C@@H](O)[C@@H](O)C\C=C\c2c1,1.64,1.659836311666173,0.019836311666173057
833,train,C1CC1Nc2ccc3nnc(c4ccccc4)n3n2,3.15,2.959382710874635,-0.19061728912536502
129,train,CNCC[C@H](Oc1ccc(cc1)C(F)(F)F)c2ccccc2,1.89,1.93969400138398,0.04969400138398017
964,train,CC(C)(C(=O)Nc1oc(nn1)C(=O)Nc2ccc(cc2)N3CCOCC3)c4ccc(Cl)cc4,2.96,2.9423964965697462,-0.017603503430253742
3936,train,CN(c1ccnc(Nc2cc(nc(n2)N3CCOCC3)N4CCOCC4)n1)c5cc(CO)ccc5C,3.9,3.820233156233788,-0.07976684376621179
2550,train,Cc1ccnc(NCc2ccc(Cl)cc2)c1,3.6,3.686425961994386,0.08642596199438612
1976,train,Oc1cccc(NC(=O)c2ccc(OCCCN3CCCC3)cc2OCc4cccc(F)c4)c1,3.15,3.134155815622606,-0.015844184377393766
2109,train,NC(Cc1ccccc1)c2ccccc2,1.32,1.3173185463168577,-0.002681453683142321
1607,train,CN(C)C(=O)N[C@@H]1CC[C@H](CCN2[C@@H]3CC[C@H]2C[C@H](C3)Oc4cccc(c4)C(=O)N)CC1,0.22,0.32252479786572175,0.10252479786572175
3819,train,Oc1ccc2C(=O)N(C(=O)c2c1)c3ccccc3,2.3,2.1289302186577586,-0.17106978134224127
2459,train,NS(=O)(=O)c1cccc(Nc2nccc(Nc3cccc4[nH]ncc34)n2)c1,2.6,2.605970605942618,0.00597060594261789
4184,train,NCC(O)(c1ccc(Cl)cc1)c2ccc(Cl)cc2,2.69,2.036873215810947,-0.6531267841890531
116,train,NC1(CCC1)c2ccc(cc2)c3nc4C=CN5C(=O)NN=C5c4cc3c6ccccc6,2.5,2.592772041847146,0.09277204184714583
68,train,O=C1CCOc2cc(COc3ccccc3)ccc12,3.0,3.0423030431823914,0.04230304318239142
2811,train,OC(=O)[C@H](Cc1ccc(NC(=O)Cc2ccc3CCCNc3n2)cc1)NC(=O)c4c(Cl)cccc4Cl,-0.63,-0.2688877173675728,0.36111228263242723
1362,train,CC1=C(N2[C@H](SC1)[C@H](NC(=O)[C@H](N)c3ccc(O)cc3)C2=O)C(=O)O,-0.86,-0.45170508219841476,0.4082949178015852
3278,train,CS(=O)(=O)Cc1cc(nc(n1)c2ccccc2)N3CCOCC3,1.94,1.9237263736602095,-0.01627362633979046
3064,train,OCCN(C(=O)CNC(=O)c1cc2cc(Cl)ccc2[nH]1)c3ccccc3,3.37,3.315584868385571,-0.054415131614429235
3451,train,Cc1ccc(Oc2ccc(OCC(=O)Nc3ccncc3)cc2)cc1,4.3,3.919370037280461,-0.38062996271953864
3183,train,CCN(CC)C(=O)c1ccc(cc1)C2=CC3(CCNCC3)Oc4cccc(O)c24,0.54,0.669989102236207,0.12998910223620697
399,train,CN(C)CC(O)COc1ccc(Nc2cc(ncn2)N(CC#C)c3cc(Cl)ccc3Cl)cc1,2.8,2.987557293536584,0.18755729353658435
1523,train,Cc1cc(ccn1)c2ccc(cc2)c3nc4ccncc4c(O)c3C#N,1.6,1.8081258780423235,0.2081258780423234
62,train,CC(C)n1c(C)ncc1c2nc(Nc3ccc(cc3)C(=O)N(C)C)ncc2F,2.77,2.7157085505463296,-0.05429144945367037
213,train,CN[C@@H](C)C(=O)N[C@@H](C1CCCCC1)C(=O)N[C@H]2CCN(C2)C(=O)c3ccccc3,0.82,0.5772654042886891,-0.24273459571131084
2273,train,CCN(CC)C(=O)c1ccc(cc1)[C@@H](N2CCN(CCOC)CC2)c3cccc(NC(=O)C4CC4)c3,2.35,2.479663287008135,0.1296632870081349
336,train,C(CNCc1ccccc1)NCc2ccccc2,0.73,0.9182313178989221,0.1882313178989221
2352,train,N#Cc1cccc(c1)c2cccc(c2)c3nn[nH]n3,0.7,0.7006246639637674,0.00062466396376748
1854,train,Nc1nc2ccc(cc2[nH]1)C(=O)c3ccccc3,2.29,1.7476582081185295,-0.5423417918814706
1198,train,CC(C(=O)O)c1ccc(c(F)c1)c2ccccc2,0.85,1.1148230631965046,0.2648230631965046
1429,train,Cc1ccc2c(c1)c(c(C)n2CC(=O)O)S(=O)(=O)c3ccc(Cl)cc3,0.06,0.40224014904525274,0.34224014904525274
9,train,Oc1ncnc2scc(c3ccsc3)c12,2.25,2.0493636130883233,-0.20063638691167673
646,train,CC[C@H](NC(=O)c1c(N)c(nc2ccccc12)c3cccc(F)c3)c4ccccc4,4.05,3.9857015517961463,-0.06429844820385355
4019,train,CC(C)CCOc1ccc(N)cc1,2.67,2.029169062614884,-0.640830937385116
1815,train,COc1cc2c(Nc3cccc(Cl)c3Cl)c(cnc2cc1NCCN(C)C)C(=O)N,3.41,3.1452227700145143,-0.2647772299854858
3806,train,CN1CCN(CC1)c2ccc3N=CN(C(=O)c3c2)c4cc(NC(=O)c5cocc5)ccc4C,2.43,2.2449821183776013,-0.18501788162239885
3088,train,COc1cnc(nc1NC(C)C)c2ccccn2,2.01,1.961057030393796,-0.04894296960620381
1200,train,NC1(CCC1)c2ccc(cc2)c3ncc4nccn4c3c5ccccc5,1.3,1.6547396193075763,0.35473961930757625
1745,train,Cn1cc(nc1c2c3C(=O)N(CC#C)C(=O)N(CC4CC4)c3nn2Cc5ccnc6ccc(Cl)cc56)C#N,3.4,3.5513590800838393,0.15135908008383936
985,train,Oc1ccc(NC(=O)c2ccc(O)cc2)cc1,1.5,1.5661315735249823,0.06613157352498233
1055,train,COc1cc(ccc1Cn2ccc3ccc(NC(=O)OC4CCCC4)cc23)C(=O)NS(=O)(=O)c5ccccc5,2.2,2.110210508327584,-0.08978949167241623
580,train,CNc1nc2ccccc2n1Cc3sc4N(CC(C)C)C(=O)N(C)C(=O)c4c3C(=O)N5CC[C@@H](O)C5,1.61,1.5814081934218052,-0.028591806578194934
4007,train,O[C@@H](CNCCOc1cccc(CNCCc2ccccc2F)c1)c3ccc(O)c4NC(=O)Sc34,1.86,2.0423588800490946,0.1823588800490945
1416,train,O=C(N1CC(=O)Nc2ccccc12)c3occc3,1.21,1.2394234375233593,0.029423437523359297
188,train,CC(C)OC(=O)N1CCC(CC1)Oc2ncnc(Nc3ccc(nc3C)S(=O)(=O)C)c2C,2.8,2.7932038115524676,-0.00679618844753227
2585,train,O=C(NC1CC1)Nc2c[nH]nc2c3nc4cc(CN5CCOCC5)ccc4[nH]3,2.3,2.308809632220751,0.008809632220751151
1859,train,CCCNC(=O)c1nnc2c(cccc2c1N)c3cc(C)ccc3OC,3.99,3.8639513039672995,-0.12604869603270075
2742,train,Nc1ccccc1NC(=O)c2ccccn2,1.0,1.5774931980145133,0.5774931980145133
2451,train,CN(C)c1cccc(c1)C(=O)Nc2ccc(C)c(NC(=O)c3ccc(O)cc3)c2,2.65,2.675014731133801,0.02501473113380115
3994,train,NC(=O)N1c2ccccc2C=Cc3ccccc13,1.65,1.393723065171897,-0.2562769348281029
83,train,CNCCCC12CCC(c3ccccc13)c4ccccc24,0.89,1.0002497612773762,0.11024976127737618
467,train,COc1cc(N2CC[C@H](C2)N(C)C)c3NC(=CC(=O)c3c1)C(=O)Nc4ccc(cc4)N5CCOCC5,2.7,2.5214254668760137,-0.17857453312398652
2081,train,C[C@H](Nc1ncc(Br)c(Nc2cc(C)[nH]n2)n1)c3ncc(F)cn3,2.39,2.3374561774432183,-0.052543822556781805
1816,train,CN1C(C(=O)Nc2ncc(C)s2)C(=O)c3ccccc3S1(=O)=O,0.3,0.5463828644194719,0.24638286441947194
3743,train,Nc1ccc2ncnc(Nc3ccc(F)c(Cl)c3)c2c1,2.64,2.858987336644601,0.2189873366446009
1806,train,O=S(=O)(NCC(N1CCCCCC1)c2ccccc2)c3ccc(cc3)C#N,2.86,2.6805105173648354,-0.1794894826351645
909,train,COC(=O)NC1=CN=C(N(CC(=O)NC(C(C)C)C(=O)C(F)(F)F)C1=O)c2ccc(F)cc2,1.82,1.9256121498258338,0.10561214982583378
389,train,CC(C)Oc1cc(n[nH]1)n2cnc3cnc(N[C@@H](C)c4ncc(F)cn4)nc23,2.41,2.6261725894607637,0.21617258946076356
171,train,CC(=O)Nc1nc(C)c(s1)c2cnc(F)c(NS(=O)(=O)c3sc(C)nc3C)c2,0.55,0.9433911129175994,0.3933911129175993
309,train,Nc1nc(cs1)c2ccccc2,2.43,2.476915008919911,0.04691500891991085
459,train,CS(=O)(=O)Nc1ccc(CCOCCCS(=O)(=O)CCNCCc2ccc(O)c3nc(O)sc23)cc1,1.34,1.6551786870623348,0.31517868706233476
1742,train,CNC1=Nc2ncccc2C(=NC1c3cccs3)c4cccs4,2.63,1.9593866150585628,-0.6706133849414371
6,train,COc1cc(OC)c(cc1NC(=O)CCC(=O)O)S(=O)(=O)NCc2ccccc2N3CCCCC3,-0.72,-0.47340742033307226,0.2465925796669277
2401,train,CCCc1c(O)c(ccc1OCCCOc2ccc3C(=O)C=C(Oc3c2CCC)C(=O)O)C(=O)C,3.0,2.900683251358961,-0.0993167486410389
1017,train,COc1nc(N)nc2c1ncn2[C@@H]3O[C@H](CO)[C@@H](O)[C@H]3O,-0.58,-0.5297711092139967,0.05022889078600323
2259,train,NC(=O)c1cccc(C[C@@H]2C[C@H]3CC[C@@H](C2)N3Cc4ccccc4)c1,1.11,1.1957241665851768,0.08572416658517668
2418,train,CN1CC(c2ccc(Cl)cc2)c3ccccc3C1,3.64,3.885455066788353,0.24545506678835283
772,train,Cc1ccsc1CN2NC(=O)C3=C(C2=O)C(=O)c4ccc(Cl)cc4N3,1.15,1.3506627979272174,0.20066279792721753
1965,train,COCC[C@H](Oc1ncnc2c1cnn2c3ccccc3Cl)C(=O)Nc4ccc(C)cn4,3.6,3.3313529877311345,-0.26864701226886556
2725,train,CC[C@H](NC(=O)c1c(CS(=O)(=O)C)c(nc2ccccc12)c3ccccc3)c4ccccc4,3.25,3.1675004458097304,-0.08249955419026955
3665,train,CN1CCOc2cc(COc3ccccc3)cnc12,3.3,3.107907644511252,-0.19209235548874792
3968,train,CN(C1CCN(CCC(c2ccccc2)c3ccccc3)CC1)C(=O)Cc4ccc(cc4)C#N,3.7,3.474798771328272,-0.22520122867172798
1461,train,CC(C)NCCCOc1ccc(NC(=O)C)cc1CC=C,-0.01,0.11333705264941818,0.12333705264941817
3371,train,CS(=O)(=O)N1CCC(CC1)NC(=O)NC23CC4CC(CC(C4)C2)C3,2.7,2.1725187464041804,-0.5274812535958198
968,train,OC(=O)CO[C@H]1[C@@H](Cc2ccccc12)NC(=O)c3cc4sc(Cl)c(Cl)c4[nH]3,1.38,1.8009921327098533,0.42099213270985336
306,train,Clc1ccc(cc1)C2(CCCC2)C(=O)Nc3oc(nn3)C(=O)Nc4ccc(cc4)N5CCOCC5,3.72,3.2801860982957107,-0.43981390170428947
1818,train,CO[C@H]1\C=C\O[C@@]2(C)Oc3c(C)c(O)c4c(O)c(NC(=O)\C(=C/C=C/[C@H](C)[C@H](O)[C@@H](C)[C@@H](O)[C@@H](C)[C@H](OC(=O)C)[C@@H]1C)\C)cc(O)c4c3C2=O,1.19,1.3482682440093727,0.15826824400937278
2808,train,CCCNC(=O)c1nnc2c(cccc2c1N)c3cnc(OC)nc3OC,3.26,3.0522697522141673,-0.2077302477858325
1183,train,NC(=O)c1cnc2[nH]c(nc2c1NCCCNC(=O)C3CCC3)c4ccc(OCCN5CCCCC5)cc4,2.48,2.4786757894496225,-0.0013242105503774582
528,train,CC(C)n1c(C)ncc1c2ccnc(Nc3ccc(cc3)N4CCOCC4)n2,2.88,2.900182970363363,0.02018297036336314
2252,train,NC(=O)c1cnc(N[C@H]2CCCNC2)c3cc(sc13)c4ccc(F)cc4F,1.97,1.9543388520848128,-0.015661147915187135
2825,train,CC(C)n1c(C)ncc1c2nc(Nc3ccc(cc3)C(=O)N4CC[C@H](C4)N(C)C)ncc2F,2.36,2.370710060733401,0.010710060733400972
676,train,COc1ccc(Cl)cc1NC(=O)CCS(=O)(=O)c2ccc(Br)cc2,3.4,3.252557215884207,-0.14744278411579304
1917,train,OC(=O)c1cccc(c1)c2cccc(c2)C#N,0.3,0.7416706924984837,0.44167069249848373
2892,train,CN(C)CCCN1c2ccccc2Sc3ccc(cc13)C(F)(F)F,3.59,3.486959004190929,-0.10304099580907078
3637,train,CN1C(=O)N(Cc2ccc(cc2)C(=O)O)C(=O)c3cc(ccc13)C#CCc4ccccc4,2.5,2.525195721894644,0.02519572189464414
691,train,C[C@H](CO)Nc1nc(SCc2cccc(F)c2F)nc3nc(NC4CC4)sc13,4.37,4.156526070394106,-0.21347392960589406
1002,train,CN1CCNc2nc(CCOc3ccc(C[C@H](NC(=O)c4c(Cl)cccc4Cl)C(=O)O)cc3)ccc12,0.07,-0.1961095936395938,-0.2661095936395938
3218,train,Cc1c(Cl)ccc(OC2CCN(CC2)C3CCN(CC3)C(=O)c4cccc(c4)S(=O)(=O)C)c1Cl,3.33,3.0695716532097346,-0.2604283467902655
4144,train,CCCCOc1nc(N)c2NC(=O)N(Cc3cccc(CC(=O)O)c3)c2n1,0.14,0.8134236444963359,0.6734236444963358
470,train,O=C(N1CCCC1)c2ccc(cc2)C(=C3CCN(Cc4cscn4)CC3)c5cccc6cccnc56,2.75,2.5531323090896563,-0.19686769091034373
3580,train,c1ccc2c(c1)nnn2c3ccncc3,1.69,1.6101611580300692,-0.07983884196993074
463,train,Fc1cc(F)cc(c1)c2cc(on2)N(CCCN3CCCCCC3)Cc4ccc5OCOc5c4,3.84,3.6704154161492193,-0.16958458385078057
1053,train,COc1cc2nc(nc(N)c2cc1OC)N3CCN(CC3)C(=O)C4CCCO4,0.9,1.1488128611945811,0.24881286119458113
683,train,Cc1ccc(cc1)n2c(C)cc(C(=O)NS(=O)(=O)c3ccc(C)cc3)c2C,2.5,1.8400810404151866,-0.6599189595848134
1146,train,CC(C)C[C@H](CO)Nc1nc(SCc2ccccc2)nc3nc(N)sc13,4.2,4.102450454233245,-0.09754954576675523
1629,train,CC(C)Nc1nc(nc(N2CCOCC2)c1N)C#N,2.04,2.2499196220195765,0.20991962201957648
490,train,CC(CCc1cccc(OCc2ccc3ccccc3n2)c1)CC(=O)O,2.4,2.457787637926035,0.05778763792603492
1672,train,OC(=O)[C@H](Cc1ccc(F)cc1)N2CCC(CN3CCC(CC3)Oc4ccc(Cl)cc4)CC2,1.9,2.2571411477090684,0.35714114770906846
3261,train,CCN(C)C(=O)c1ccc(cc1)C(=C2CCN(Cc3cscn3)CC2)c4cccc5cccnc45,2.65,2.5277720019872203,-0.12222799801277962
974,train,N#Cc1ccc(cc1)C(c2ccc(cc2)C#N)n3cncn3,1.7,1.733964155164108,0.03396415516410811
3321,train,CC(C(=O)O)c1ccc2oc(nc2c1)c3ccc(Cl)cc3,1.3,1.6271057655949934,0.3271057655949934
1410,train,COC(=O)c1ccc2OCC(=O)N(CCN3CCC(CC3)NCc4ccc5OCC(=O)Nc5n4)c2c1,0.83,0.7845884189159595,-0.04541158108404042
4138,train,[O-][N+](=O)c1cccc2C(=O)C(=O)c3ccccc3c12,2.6,2.388246127155508,-0.2117538728444921
1222,train,COC[C@H](C)Oc1cc(Oc2ccccc2)cc(c1)C(=O)Nc3ccc(cn3)C(=O)O,0.95,1.4573573202456485,0.5073573202456485
2728,train,COc1ccc2c(c1)c(c(C)n2CC(=O)O)c3ccnc4cc(Cl)ccc34,1.16,1.42257539942027,0.26257539942027
2771,train,CC(C)C(NC(=O)CN1C(=O)C(=CC=C1c2ccccc2)NC(=O)OCc3ccc(cc3)C(=O)O)C(=O)C(F)(F)F,0.84,1.0242513052731104,0.1842513052731104
468,train,Oc1ccc(cc1)S(=O)(=O)Nc2nccs2,0.36,0.42245551291812244,0.06245551291812246
4188,train,COC(=O)COc1ccc(cn1)C(=O)Nc2ccc(F)cc2,2.43,2.207841951257218,-0.2221580487427821
2186,train,Fc1ccc(cc1)C(=O)N2CCC(CC2)C(=O)c3ccc(Cl)cc3,3.49,3.6784132986527,0.18841329865269962
4041,train,CC(C)COCC(CN(Cc1ccccc1)c2ccccc2)N3CCCC3,3.66,3.2822936616273264,-0.37770633837267376
3654,train,CN(c1ccnc(Nc2cc(cc(c2)N3CCOCC3)N4CCOCC4)n1)c5cccc6[nH]ncc56,3.23,3.3918951196494636,0.16189511964946357
3167,train,COc1ccc(cc1)c2nc3c(NCCCNC(=O)C4CC4)c(Br)cnc3[nH]2,1.71,2.172257593522644,0.46225759352264406
1896,train,C[C@@H]1CN(CC2(CC2)C(=O)N)CCN1S(=O)(=O)c3ccc(cc3)C(C)(O)C(F)(F)F,1.03,1.0717771637401476,0.041777163740147616
1033,train,COc1ccccc1S(=O)(=O)NC(=O)N2CCC(CC2)N3CCC(CC3)Oc4ccc(Cl)c(Cl)c4,0.89,1.3489434772171691,0.4589434772171691
1718,train,CC(C)(C)OC(=O)N1C[C@@H]2CC[C@H]1CN2c3ncc(OCc4ccc(cc4)S(=O)(=O)C)cn3,3.4,3.466705129082265,0.06670512908226511
2493,train,Oc1ccc(Br)c2ccccc12,4.3,3.294393025535937,-1.005606974464063
4088,train,CCNC(=O)c1cc2c(c(cnc2[nH]1)c3cnc(OC)c(c3)C4=NNC(=O)O4)n5ccc(n5)C(F)(F)F,2.32,2.4820037205630676,0.16200372056306778
2734,train,CC(C)(C)NC(=O)[C@@H]1CN(Cc2cccnc2)CCN1C[C@@H](O)C[C@@H](Cc3ccccc3)C(=O)N[C@@H]4[C@H](O)Cc5ccccc45,2.9,2.7455255348630607,-0.1544744651369392
2001,train,CN([C@H]1CC[C@@]2(CCCO2)C[C@@H]1N3CCCC3)C(=O)Cc4ccccc4,0.99,1.1809184929450587,0.1909184929450587
177,train,C[C@@H](NC(=O)C1CCCCN1C)c2ccc(Nc3ncc4cc(ccc4n3)c5ccncc5)cc2,3.34,3.2282187497529815,-0.11178125024701835
365,train,COc1ccc(cc1C(=O)N)c2ccc3c(nc(nc3n2)N4CCOC[C@@H]4C)N5CCOC[C@@H]5C,2.82,2.7107502091294258,-0.10924979087057407
346,train,CC(C)Oc1cc(OCCc2cccnc2)cc(c1)C(=O)Nc3ccc(cn3)C(=O)O,0.81,0.925642180854928,0.11564218085492795
2218,train,NC(=O)c1cccc(C[C@H]2C[C@H]3CC[C@@H](C2)N3Cc4ccccc4)c1,1.19,1.1957241665851768,0.005724166585176826
2287,train,Clc1ccc(cc1Cl)[C@@H]2CNCC=CC2,1.95,1.6112381012301795,-0.33876189876982044
212,train,CCCCCC[C@H]1OC(=O)CNC(=O)[C@H](NC(=O)[C@H](CO)NC(=O)[C@@H](NC(=O)[C@H](CC(C)C)N(C)C(=O)[C@@H]1C)[C@H](C)CC)[C@H](C)O,3.2,3.026632448544938,-0.17336755145506233
2208,train,CC(C)n1c(C)ncc1c2nc(Nc3ccc(cc3)N4CCN(CC4)C(=O)CO)ncc2F,2.19,2.2128619605950988,0.022861960595098818
1924,train,CC1=C(CCC(=O)O)C(=O)Oc2cc(O)ccc12,-0.7,-0.5118609142863626,0.18813908571363736
1836,train,Nc1nccc(n1)c2cc3C(=O)NC[C@@H](CCF)c3[nH]2,0.51,0.6077487499786463,0.09774874997864624
3118,train,FC(F)(F)c1nnc2ccc(NCn3nnc4ccccc34)nn12,2.34,2.510074975915848,0.1700749759158482
7,train,CNc1cccc(CCOc2ccc(C[C@H](NC(=O)c3c(Cl)cccc3Cl)C(=O)O)cc2C)n1,0.34,0.32819236629720927,-0.011807633702790754
3592,train,CCCCCCCCCC(=O)N[C@@H](Cc1c[nH]c2ccccc12)C(=O)N[C@@H](CC(=O)N)C(=O)N[C@@H](CC(=O)O)C(=O)N[C@H]3[C@@H](C)OC(=O)[C@H](CC(=O)c4ccccc4N)NC(=O)[C@@H](NC(=O)[C@@H](CO)NC(=O)CNC(=O)[C@H](CC(=O)O)NC(=O)[C@@H](C)NC(=O)[C@H](CC(=O)O)NC(=O)[C@H](CCCN)NC(=O)CNC3=O)[C@H](C)CC(=O)O,-0.94,-0.9556422626109717,-0.01564226261097179
80,train,CC1(CC1)c2nc(ncc2C(=O)N[C@@H]3C4CC5CC3C[C@@](O)(C5)C4)N6CCOCC6,2.0,2.257319565383474,0.2573195653834741
2864,train,CC(C)(C)C(O)\C(=C/c1ccc(Cl)cc1Cl)\n2cncn2,3.8,3.6242050597740447,-0.1757949402259551
1843,train,Nc1nccc(n1)n2ccc3ccccc23,2.71,2.472544936262044,-0.237455063737956
2233,train,CNC1(C)C2CCC(C2)C1(C)C,-0.84,0.09853722796335118,0.9385372279633512
481,train,CN(C)c1cccc2c(cccc12)S(=O)(=O)Nc3cnccn3,0.9,0.7195988126141741,-0.1804011873858259
2086,train,C1Cc2ccccc2CN1c3ccncc3,1.4,1.270695711185064,-0.12930428881493583
272,train,Oc1ccc2nc(sc2c1)c3ccccc3,3.99,4.030391266098075,0.04039126609807475
2240,train,Brc1ccc(cc1)C(=O)Cn2cnc3ccccc23,3.22,3.393180928263852,0.1731809282638519
2810,train,Fc1ccc(cc1)S(=O)(=O)Cc2cc(nc(n2)c3ccccn3)N4CCOCC4,1.59,1.7269932608382015,0.1369932608382014
1208,train,Clc1cccc2c3CN(CCc3[nH]c12)C(=O)[C@@H]4CCCC[C@H]4C(=O)NC5(CC5)C#N,3.59,3.492068080351216,-0.09793191964878378
1265,train,CC#CCN1C(=O)N(CC2CC2)c3nn(Cc4ccnc5ccc(Cl)cc45)c(c3C1=O)c6cncn6C,3.61,3.4418494167930245,-0.1681505832069754
314,train,COc1ccc(Cl)c(Nc2ncnc3cc(OCC4CCN(C)CC4)c(OC)cc23)c1,2.0,2.3938371548678585,0.39383715486785853
1983,train,Fc1ccc(Nc2oc(nn2)C(=O)Nc3ccc(nc3)N4CCOCC4)cc1F,2.9,2.976161558899161,0.0761615588991611
1556,train,CN(c1ccc2c(C)n(C)nc2c1)c3ccnc(Nc4ccc(C)c(c4)S(=O)(=O)N)n3,3.3,3.1197748654207507,-0.18022513457924916
1061,train,Nc1ccnc(n1)c2cccnc2,0.44,0.6374927313231002,0.19749273132310025
3126,train,Oc1nc2ccccc2c(O)c1c3ccccc3,0.73,1.114021925865794,0.384021925865794
2199,train,CC(=O)Nc1nc(cs1)c2cccs2,2.77,2.5064937605457676,-0.26350623945423246
72,train,Cn1cncc1c2c3C(=O)N(CC#C)C(=O)N(CC4CC4)c3nn2Cc5ccnc6ccc(Cl)cc56,3.16,3.118502141283328,-0.04149785871667211
1687,train,COc1cc(CO)cc(c1)N(C)c2ccnc(Nc3cc(cc(c3)N4CCOCC4)N5CCOCC5)n2,3.0,3.0195012340419147,0.019501234041914728
2351,train,Oc1cc(cc(c1)C(F)(F)F)C(=O)Nc2cccc(c2)c3nnn[nH]3,0.8,1.3333387829171666,0.5333387829171665
789,train,Cn1c(CN2CCN(CC2)c3ccccc3)nc4ccccc14,3.11,3.195744624903984,0.08574462490398416
3331,train,CC1=C(C(=O)c2ccc(O)cc2O1)c3ccccc3,2.95,3.0497060205346664,0.09970602053466626
3379,train,Cc1nc(C)c(nc1C(=O)N)c2ccc(cc2)[C@@H]3CC[C@@H](Cc4nnn[nH]4)CC3,1.4,1.7026879340897085,0.3026879340897086
327,train,CC(C)N1CCN(Cc2oc(nc2)c3cc(cc4[nH]ncc34)c5cccc6[nH]ccc56)CC1,3.49,3.4402125181387744,-0.049787481861225835
3517,train,NCC[C@@H](Oc1ccc(Cl)cc1C#N)c2ccccc2,0.91,0.9251874021805127,0.015187402180512621
1867,train,CC(C)C(NC(=O)CN1C(=O)C(=CC=C1c2ccccc2)NC(=O)OCc3ccncc3)C(=O)C(F)(F)F,2.41,2.433069182015929,0.023069182015929002
1301,train,COc1cc(ccc1Cc2cn(C)c3ccc(cc23)C(=O)NCCc4ccccc4)C(=O)NS(=O)(=O)c5ccccc5C,2.51,2.482706507311304,-0.027293492688695853
3100,train,CNC1CCN(C1)c2ccc(NC(=O)c3ccc(cc3)c4ccccc4)cn2,2.35,2.5980971413503675,0.24809714135036742
1933,train,O=C1NC(=NC(=C1C#N)c2ccccc2)SCc3ccccc3,1.56,1.7355697897448554,0.17556978974485538
2620,train,CCOC(=O)[C@H](CCc1ccccc1)N[C@@H](C)C(=O)N2[C@H]3CCC[C@H]3C[C@H]2C(=O)O,-0.41,-0.042927868591591256,0.3670721314084087
2120,train,Cc1ccc(COC(=O)N2CC[C@H](CNc3ncccn3)[C@H](F)C2)cc1,3.21,3.208669312287654,-0.0013306877123460126
2380,train,CN(c1ccnc(Nc2cc(OC3CCOCC3)cc(c2)N4CCOCC4)n1)c5cc(CO)ccc5C,3.7,3.511090628384073,-0.18890937161592714
2749,train,FC(F)(F)c1nnc2ccc(nn12)N3CCCC3,2.41,2.3500890887753982,-0.059910911224601904
1384,train,CN1CCN(CC1)c2ccc(Nc3ncc(F)c(N[C@@H]4[C@@H]5C[C@@H](C=C5)[C@@H]4C(=O)N)n3)cc2C,2.9,2.8263204115797933,-0.07367958842020661
677,train,COCCNCc1ccc(Nc2ncc3cc(ccc3n2)c4ccncc4)cc1,1.86,2.054478235527582,0.1944782355275818
3093,train,COCCN1CCC(Cc2ccc(cc2)C(=O)NCc3cnc(nc3NCC(C)(C)C)C#N)CC1,3.5,3.3395626883455387,-0.1604373116544613
4181,train,CN1CCCC1CCOC(C)(c2ccccc2)c3ccc(Cl)cc3,3.04,3.1903680090199167,0.15036800901991665
1993,train,COc1ccc(CN(CCN(C)C)c2ccccn2)cc1,1.39,1.4587897388528708,0.06878973885287087
3414,train,CNC(=O)c1cccc2c1c(Sc3ccc(Cl)cc3)c(C)n2CC(=O)O,-0.89,-0.03927554740533479,0.8507244525946652
424,train,O=C(N1CCCCC1)c2scc3CCCCc23,3.16,2.9521232745143897,-0.20787672548561043
2948,train,NC1(CCC1)c2ccc(cc2)c3c(ccn4ccnc34)c5ccccc5,2.0,1.9997408665539185,-0.00025913344608152755
867,train,O[C@]1(CN2CCC1CC2)C#Cc3ccc(Oc4ccc(cc4)C(=O)NCc5ccnc6ccccc56)cc3,3.88,3.5906479371600932,-0.28935206283990667
275,train,OC[C@H]1C[C@H]([C@H](O)[C@@H]1O)n2nnc3c(N[C@@H]4C[C@H]4c5ccc(F)c(F)c5)nc(SCCC(F)(F)F)nc23,3.99,3.8727615001948887,-0.11723849980511147
394,train,COCCNCc1cccc(CCNC[C@H](O)c2ccc(O)c3NC(=O)Sc23)c1,0.01,0.13098080612109264,0.12098080612109265
2827,train,Oc1ccc(cc1)C2=CC(=O)c3cc(O)ccc3O2,3.3,3.255495639193172,-0.04450436080682785
2359,train,CNC(=O)c1snnc1c2ccccc2,1.23,1.0631083025497379,-0.1668916974502621
3124,train,COc1ccc(N(C(C(=O)NC[C@@H](C)O)c2ccccc2F)C(=O)c3occc3Cl)c(OC)c1,2.18,2.337365253122466,0.15736525312246563
689,train,C[C@]12CC[C@H]3[C@@H](CCc4cc(O)ccc34)[C@@H]1CCC2=O,3.4,3.3488554407519313,-0.0511445592480686
2063,train,CS(=O)(=O)c1ccc(nc1)c2nnc(\C=C\c3oc(nn3)c4ccc(cc4)C#N)n2c5ccccc5Cl,2.66,2.7009211974781833,0.040921197478183124
3847,train,OC(=O)C[C@@H]1CC[C@H](CC1)c2ccc(NC(=O)c3oc(Nc4ccccc4F)nn3)cc2,2.48,2.613880815924293,0.13388081592429302
2239,train,O=S(=O)(Nc1cccnc1)c2cccs2,0.54,0.899578722547244,0.359578722547244
1085,train,C[C@H](NC(=O)c1cccc2CCN(Cc3ccc(Cl)cc3)c12)c4ccc(cc4)C(=O)O,1.47,1.4755080250224941,0.005508025022494145
608,train,COc1ccc(cc1)C(=O)C2CCN(CC2)C(=O)c3occc3,2.42,2.512261838417489,0.09226183841748892
3632,train,CCN(C1CCN(CCC(c2ccccc2)c3ccccc3)CC1)C(=O)Cc4ccc(cc4)S(=O)(=O)N(C)C,3.7,3.551146242393757,-0.14885375760624298
1151,train,CCCN(CCNCCc1ccc(O)c2NC(=O)Sc12)C(=O)CCOCCc3ccccc3,2.23,2.2181951027684987,-0.011804897231501243
982,train,COc1ccc2cc(CCC(=O)C)ccc2c1,3.06,2.7742592983989534,-0.2857407016010467
2031,train,CCCN(CCC)CCc1cccc2NC(=O)Cc12,0.76,1.0243434056002128,0.26434340560021274
3376,train,CN(C)CCCN1c2ccccc2Sc3ccc(Cl)cc13,3.37,3.265359083105431,-0.104640916894569
1460,train,COc1cc2ncc(C(=O)N)c(Nc3ccccc3F)c2cc1OC,2.81,2.979420799679294,0.16942079967929402
759,train,COc1ccc2c(C)cc(N[C@H]3CCC[C@@H](C3)NCc4ccsc4)nc2c1,2.46,2.517643917112538,0.05764391711253802
2355,train,Fc1ccccc1C(=O)Nc2c(cnn2c3ccccc3)C#N,1.7,1.664690880224096,-0.0353091197759039
972,train,Fc1cnc(NC(=O)[C@H](CC2CCOCC2)c3ccc(cc3)S(=O)(=O)C4CC4)s1,3.19,3.115554525829049,-0.07444547417095082
1114,train,CC(C)NC(=O)c1ccc(C)c(c1)N2C=Nc3ccc(cc3C2=O)N4CCN(C)CC4,1.56,1.8398299443450479,0.2798299443450478
3468,train,COc1cc(Nc2cc(Oc3cccnc3C)ccn2)cc(OC)c1OC,3.19,3.22434028818504,0.03434028818504009
1421,train,O[C@@H]1CN(CCN2C(=O)C=Cc3ccc(cc23)C#N)CC[C@@H]1NCc4ccc5OCC(=O)Nc5n4,0.11,0.223625038254732,0.11362503825473201
1654,train,CCCCSc1nc(N)c2ncn(Cc3c(F)ccc(C)c3F)c2n1,3.0,3.0618612010712702,0.061861201071270244
183,train,CCOc1ccccc1c2ccc(cc2)c3nc4ccc(F)cc4c(N[C@H](C)C(=O)O)c3C#N,2.5,2.147570033115289,-0.35242996688471084
3265,train,CCC(CC)NC(=O)c1cnn(c1NS(=O)(=O)C2CCCC2)c3ccccc3,0.69,0.8903794514323291,0.20037945143232916
1791,train,COc1cc(F)ccc1c2cncc(CNC(=O)C3CC3)c2,2.9,2.623434307636196,-0.2765656923638038
2075,train,O=C(CN1CCN(CC1)c2ccccc2)Nc3c(cnn3c4ccccc4)C#N,2.3,1.5963711375560667,-0.7036288624439331
237,train,COc1ccc2nc(N[C@H]3CCC[C@@H](C3)NCc4ccsc4)ccc2c1,2.43,2.5629135134045042,0.13291351340450408
1238,train,OC[C@H](Nc1ncc(Cl)c(Nc2cc([nH]n2)C3CC3)n1)c4ccc(F)cc4,3.75,3.6307968055674387,-0.11920319443256133
734,train,Oc1ccc(CCNCCS(=O)(=O)CCCOCCSc2ccccc2)c3sc(O)nc13,2.68,2.8050425830295467,0.12504258302954652
2360,train,CC(C)(C)NC(=O)Nc1cccc(CN2NC(=O)C3=C(C2=O)C(=O)c4ccc(Cl)cc4N3)c1,1.77,1.7942679266196624,0.024267926619662372
2616,train,O[C@H](CNC(=O)C1=CNC(=O)c2ccc(F)cc12)CN3CCC(CC3)Oc4ccc(Cl)c(Cl)c4,3.93,3.873556204978857,-0.05644379502114294
2759,train,COc1ccc(C(CN2CCCC2)N(C)C(=O)Cc3ccc(Cl)c(Cl)c3)c(OC)c1,3.07,2.8764084772122627,-0.19359152278773717
1989,train,C[C@H]1CN(Cc2cc(Cl)ccc2CC(=O)O)CCN1S(=O)(=O)Cc3ccccc3,1.12,1.1399379702802583,0.019937970280258233
913,train,COc1ccc(cc1)C(=O)N2CCC(CC2)C(=O)c3ccc(F)cc3,2.92,2.8839840645169383,-0.03601593548306159
39,train,CNC(=O)C1(CCN(CC[C@H](CN(C)C(=O)c2c(OC)c(cc3ccccc23)C#N)c4ccc(Cl)c(Cl)c4)CC1)N5CCCCC5=O,2.78,2.9176514736103885,0.13765147361038865
4042,train,CC1=CC2=NNC(=O)N2c3cc(ccc13)c4cccc(CO)c4,3.36,3.3509231828297557,-0.009076817170244222
3759,train,Cc1cc(CN2CCc3ccccc3C2C(=O)Nc4ccc(Cl)cc4Cl)ccc1OCC(=O)O,2.63,2.4535892138988835,-0.17641078610111638
476,train,CCCS(=O)(=O)N1CCCC(C1)C(=O)N2CCC(Cc3ccccc3)CC2,3.44,3.292470462797093,-0.14752953720290707
4190,train,Cc1cccc(Nc2oc(nn2)C(=O)Nc3ccc(nc3)N4CCOCC4)c1,3.42,3.6008288776990085,0.18082887769900857
4125,train,Cc1ccc(cc1NC(=O)c2ccc(OCc3ccccn3)cc2)c4cn(C)cn4,2.54,2.6243173192733917,0.0843173192733917
2819,train,Fc1cc(c(F)cc1Oc2ccc(Cl)cc2c3ccnn3C4CNC4)S(=O)(=O)Nc5ncns5,1.0,0.9600196586557201,-0.03998034134427986
1870,train,O=C1Oc2ccccc2C=C1c3ccccc3,3.22,3.072689306932933,-0.14731069306706734
3189,train,C[C@@H](Oc1cccc2ncnc(Nc3ccc4c(cnn4Cc5ccccn5)c3)c12)C(=O)N(C)C,2.89,3.003578123638198,0.11357812363819786
2003,train,COc1ccc(cc1)C(=O)Nc2cc(NC(=O)c3cccc(c3)N(C)C)ccc2C,3.17,3.258404682823523,0.0884046828235232
2537,train,CCN(CC)S(=O)(=O)c1ccc(NC(=O)C(C)(O)C(F)(F)F)cc1,2.63,2.761742207991346,0.13174220799134595
1161,train,OC1=CC(=O)C2=C(O1)c3ccccc3N(Cc4ccccc4)C2=O,1.97,2.0495286130157018,0.0795286130157018
198,train,OC(=O)COc1ccc(Cl)cc1CN2CCCN(CC2)S(=O)(=O)Cc3ccccc3,1.01,0.5902928249607675,-0.4197071750392325
2518,train,N#Cc1nc(nc(n1)N2CCOCC2)N3CCOCC3,1.51,1.7091193768822315,0.19911937688223147
156,train,COc1cccc(NC(=O)Cn2cc(Oc3ncnc4cc(OC)c(OC)cc34)cn2)c1,3.11,3.111457539043862,0.0014575390438622549
3854,train,Nc1nc(nc2c1nc(O)n2Cc3ccccc3)c4ccccc4,4.16,3.8107036493172437,-0.34929635068275644
3004,train,CC(C)c1c(cnn1c2ccc(cc2)C(=O)O)C(=O)NC3C4CC5CC(CC3C5)C4,1.15,1.3226736712835863,0.17267367128358635
1740,train,O=C(C1CCN(CC1)c2nnc(s2)n3cccc3)N4CCc5ccccc5C4,3.7,3.310368228244938,-0.38963177175506214
3249,train,NC(=O)Nc1cc(sc1C(=O)N)c2ccccc2,2.43,2.2303112734816075,-0.19968872651839265
105,train,O[C@@H](CNC1CCN(Cc2ccc(Cl)c(Cl)c2)CC1)COc3cccc(c3)C#N,3.09,2.7405081106976366,-0.3494918893023633
432,train,O=C1C=C(Oc2c1cccc2c3cccc(c3)c4ccsc4)N5CCOCC5,4.2,3.8110030582629966,-0.3889969417370036
3090,train,CCN(CC)CCNC(=O)c1cc(ccc1OC)S(=O)(=O)C,-0.9,-0.32046289086810065,0.5795371091318994
3570,train,CNS(=O)(=O)NC1=CC=C(N(CC(=O)NC(C(C)C)C(=O)C(F)(F)F)C1=O)c2ccccc2,1.79,1.8700058853552817,0.08000588535528164
2309,train,CC[C@H](NC(=O)c1c([S+](C)[O-])c(nc2cc(Cl)ccc12)c3ccccc3)c4ccccc4,3.07,3.0202690902392026,-0.04973090976079719
3539,train,O=C(Nc1ccc(nc1)N2CCOCC2)c3oc(Nc4cccc(OCc5ccccn5)c4)nn3,3.1,3.2285724537582436,0.12857245375824355
2996,train,CCN1C=C(C(=O)O)C(=O)c2cc(F)c(cc12)N3CCNCC3,-0.87,-1.0875108010501195,-0.21751080105011955
1787,train,CC1=CN([C@H]2CCCN(Cc3cccc(Oc4cccc(Br)c4)c3)C2)C(=O)NC1=O,3.68,3.402197966050821,-0.27780203394917935
1880,train,CC(=O)Nc1ccc(cc1)S(=O)(=O)Nc2ccccn2,0.24,0.7351386849430162,0.49513868494301616
1062,train,Cc1nc(C)c(nc1C(=O)N)c2ccc(cc2)[C@@H]3CC[C@@H](CC(=O)N)CC3,2.7,2.690558558414553,-0.00944144158544713
271,train,Cc1cc(C(=O)CN2C=C(C=CC2=O)C(F)(F)F)c(C)n1Cc3ccccc3,3.46,3.4694126038254476,0.009412603825447619
2454,train,COc1cc2CC(CC3CCN(Cc4ccccc4)CC3)C(=O)c2cc1OC,2.41,2.5885475016898547,0.17854750168985456
200,train,CN1CCCN(CC1)C(c2ccccc2)c3ccc(Cl)cc3,2.36,2.5645534057199972,0.20455340571999736
2134,train,Oc1ccccc1OCC(=O)NC2CCCC2,2.31,2.359145946775592,0.04914594677559192
2959,train,CN[C@@H](C)C(=O)N[C@H](C(=O)N[C@H]1CCCN(CCc2ccc(C)cc2)C1)C(C)(C)C,2.05,2.0099916695911664,-0.04000833040883345
1527,train,OC(=O)c1cc(nc2ccccc12)c3ccccc3,-0.7,0.4138639584171415,1.1138639584171415
3765,train,COc1ccc2nccc(C(O)C3CC4(CCN3CC4)C=C)c2c1,2.08,1.899554328834586,-0.1804456711654141
3652,train,C[C@H]1C[C@H]2[C@@H]3CC[C@](O)(C(=O)CO)[C@@]3(C)C[C@H](O)[C@@H]2[C@@]4(C)C=CC(=O)C=C14,2.12,2.100773219359208,-0.019226780640792196
887,train,CN(c1ccccc1)c2ccnc(Nc3cc(cc(c3)N4CCOCC4)N5CCOCC5)n2,3.47,2.9120730815548788,-0.5579269184451214
1316,train,Nc1[nH]ncc1S(=O)(=O)c2ccccc2,1.1,1.0354919198477364,-0.06450808015226372
2386,train,S(c1ccccc1)c2ccc3ccccc3n2,3.92,3.696989712032921,-0.223010287967079
3557,train,OC(=O)COc1ccc(Cl)cc1C2CCCCC2,0.93,1.2392742520623063,0.3092742520623063
3506,train,OC(=O)COCCN1CCN(CC1)C(c2ccccc2)c3ccc(Cl)cc3,1.27,1.4722029783765476,0.20220297837654755
1048,train,COc1ccc2N=CC(=O)N(CCN3CC[C@H](NCc4ccc5OCC(=O)Nc5n4)[C@H](O)C3)c2c1,0.39,0.3273655781745859,-0.06263442182541412
3824,train,Cc1ccsc1C(=CCCN2CCC[C@H](C2)C(=O)O)c3sccc3C,1.49,1.533292624254595,0.043292624254595014
1073,train,Fc1cc(cc(F)c1CN2CCOCC2)c3cccc4ncc(nc34)c5cnn(c5)C6CCNCC6,1.86,1.9546269579454698,0.09462695794546971
2654,train,CC(C)n1c2ccccc2c3c(C)c(NC(=O)N4CCOCC4)ccc13,3.5,3.4598867435833123,-0.040113256416687726
1442,train,Nc1nnc(CCSCCc2nnc(N)s2)s1,-0.1,0.3838653389727942,0.48386533897279416
440,train,O[C@@H](CNCCc1cccc(CN2CCCC2)c1)c3ccc(O)c4NC(=O)Sc34,-0.28,0.13667466720265242,0.41667466720265245
3801,train,Cc1ccc([nH]1)C(=O)NC2CCN(CC2)c3cc(cc(Cl)n3)C(=O)N,2.64,2.4537383357724534,-0.18626166422754675
33,train,CS(=O)(=O)c1ccccc1C(=O)NC[C@@H](O)CN2CCC(CC2)Oc3ccc(Cl)c(Cl)c3,2.34,2.4390417760456415,0.09904177604564168
3199,train,Cc1ccc2c(c1)c(Sc3ccc(cc3)S(=O)(=O)C)c(C)n2CC(=O)O,-0.08,0.06862274397814883,0.14862274397814884
4002,train,Cc1onc(c2ccccc2)c1c3ccc(cc3)S(=O)(=O)N,2.37,2.260309781661404,-0.10969021833859616
3651,train,Cc1ccc(cc1NC(=O)CC23CC4CC(CC(C4)C2)C3)C(=O)N5CC6CNCC(C5)O6,2.12,2.0514491611258547,-0.06855083887414537
3604,train,CCCSc1nc(N[C@@H]2C[C@H]2c3ccccc3)c4nnn([C@@H]5C[C@H](OCCO)[C@@H](O)[C@H]5O)c4n1,3.87,4.085542422010267,0.21554242201026685
3234,train,CCN1C(=O)C=Cc2cc(COc3cc(F)cc(c3)C4(CCOCC4)OC)ccc12,3.89,3.7108650612284846,-0.17913493877151554
1716,train,Nc1c(nnc2c(cccc12)c3ncccn3)C(=O)NC4CC4,1.5,1.6374434927648953,0.13744349276489531
2821,train,CC(C)(C)OC(=O)N1CCN(CC1)c2ccc(OCc3ccc(cc3)S(=O)(=O)C)nn2,2.8,2.788130656257233,-0.011869343742766603
2750,train,COc1cc2c(Nc3cc(CC(=O)Nc4cccc(F)c4F)[nH]n3)ncnc2cc1OCCCN5CCC[C@@H]5CO,1.96,1.7334691758136418,-0.22653082418635817
2588,train,Cc1onc(NS(=O)(=O)c2ccc(N)cc2)c1,-0.56,0.19606213798745586,0.7560621379874559
257,train,Clc1ccc2OC(=O)Nc2c1,2.16,2.09736489600124,-0.06263510399876004
2995,train,CC1=C(C(=O)Oc2cc(O)ccc12)c3ccc(O)cc3,2.8,2.4295977160097224,-0.3704022839902774
3603,train,OC(=O)CCc1ccc(NCc2cccc(Oc3ccccc3)c2)cc1,2.1,2.002112238119197,-0.09788776188080295
1472,train,COc1ccc2nc(C)cc(c2c1)n3cc(CN4CCN(CC4)C(=O)C)nn3,1.3,1.6593397863274708,0.35933978632747077
605,train,CCN(CC)CCOc1ccc(cc1OC)N(C)C(=O)c2ccc(cc2)c3ccc(cc3)C(F)(F)F,3.13,3.1721831979187933,0.042183197918793436
40,train,OB1N(C(=O)Nc2ccccc12)c3ccccc3,1.4,1.2123762600047012,-0.1876237399952987
899,train,CCN(CC)CCOC(=O)c1ccc(N)cc1,0.0,0.5476588621945095,0.5476588621945095
1463,train,CN(C)C(=O)c1ncc(Oc2cc(cc3oc(C)cc23)C(=O)Nc4cnc(C)cn4)cn1,2.1,2.220343493598218,0.12034349359821794
2047,train,CS(=O)(=O)Nc1cccc(NC(=O)CN2CCN([C@H](Cc3ccccc3)C2)C(=O)C[C@H](N)Cc4ccc(F)c(F)c4)c1,2.06,1.9230741190240708,-0.13692588097592928
1844,train,CCN(C1CCN(CCC(N2CCC(CC2)C(=O)C)c3ccccc3)CC1)C(=O)Cc4ccc(cc4)S(=O)(=O)C,0.9,1.4171377357757482,0.5171377357757482
1973,train,Cc1ccc2c(c1)c(c(C)n2CC(=O)O)c3ccnc4c(cccc34)S(=O)(=O)C,-0.34,0.031649147019014556,0.3716491470190146
2729,train,Nc1nc(OC2CCCC2)nc3c1ncn3[C@@H]4O[C@H](CO)[C@H](Cl)[C@H]4O,2.16,2.2170511755041025,0.057051175504102325
1673,train,COc1ccc2nc(C)cc(OCC(=O)Nc3ccccc3OC)c2c1,3.9,3.8549946200906104,-0.045005379909389465
3488,train,O=C(OCCN1CCCCC1)c2c[nH]c3ccccc23,2.0,1.8423337232897927,-0.15766627671020728
337,train,CNCC[C@@H](Oc1ccc(cc1)C(F)(F)F)c2ccccc2,1.96,1.93969400138398,-0.020305998616019894
1555,train,Cc1ccc2c(c(C)n(CC(=O)O)c2c1)c3ccnc4cc(Cl)ccc34,2.41,2.0049191692508552,-0.4050808307491449
2162,train,Oc1ccc(CCNCCCS(=O)(=O)NCCSCCc2ccccc2)c3sc(O)nc13,1.77,1.7458424491718607,-0.024157550828139307
3493,train,CS(=O)(=O)Cc1cc(nc(n1)c2ccc3[nH]ccc3c2)N4CCOCC4,2.06,1.789617695201707,-0.27038230479829295
1559,train,Oc1ccc(Cl)cc1C(=O)Nc2ccccc2,2.9,3.1427508547415015,0.2427508547415016
3185,train,CC(=O)Nc1ccccc1C,1.0,1.3709198977686485,0.37091989776864853
2297,train,Cc1cc(CN2Cc3ccccc3C2C(=O)Nc4ccc(Cl)cc4Cl)ccc1OCC(=O)O,2.62,2.3049846279271304,-0.31501537207286967
2310,train,Fc1ccc(cc1)C(NC(=O)CC2CCN(Cc3ccn(c3)c4ccc(cc4)C(F)(F)F)CC2)C5=CNC(=O)C=C5,3.04,3.0655637235250026,0.02556372352500258
1714,train,CCCSc1c(cnn1[C@@H]2CC[C@@H](CC2)C(=O)O)C(=O)NC3CCCCC3,1.39,1.3374790321110939,-0.052520967888906034
1765,train,CCc1c(cnn1c2ccc(cc2)C(=O)O)C(=O)NC3C4CC5CC(CC3C5)C4,0.9,1.053503255997995,0.15350325599799508
3055,train,CC(C)(C)OC(=O)N1CCN(CC1)c2ccc(OCc3ccc(cc3)S(=O)(=O)C)nc2,3.1,2.9309033402580433,-0.16909665974195676
125,train,NC1(CCN(CC1)c2ncnc3[nH]ccc23)C(=O)NCc4ccc(Cl)cc4,2.88,2.678130004474517,-0.2018699955254828
1656,train,OC(=O)c1cc2ccccc2n1Cc3ccccc3,0.78,1.1339248025175048,0.3539248025175048
2466,train,CN(C1CCN(Cc2ccc(nc2)C(F)(F)F)CC1)C(=O)Cc3ccc(cc3)n4cnnn4,1.8,1.7982622601420677,-0.0017377398579323522
1664,train,NS(=O)(=O)NC(=O)CCCc1c([nH]c2ccc(cc12)C#N)c3ccc(F)cc3,1.95,1.7357687957634444,-0.2142312042365555
3702,train,COc1ccc(cc1)c2nc3CCCn3c2Br,3.3,3.409106323571084,0.1091063235710843
17,train,CCC(COC(=O)c1cc(OC)c(OC)c(OC)c1)(N(C)C)c2ccccc2,3.77,3.491107152733706,-0.27889284726629393
2480,train,Clc1ccc(cc1)C(=O)N[C@H]2CN3CCC2CC3,0.6,0.6608836822546589,0.0608836822546589
3999,train,Oc1ncnc2scc(c3ccccc3)c12,2.07,2.0834363575390027,0.013436357539002852
1641,train,COCCOc1cc2ncnc(Nc3cccc(c3)C#C)c2cc1OCCOC,3.35,3.276022315689503,-0.0739776843104969
438,train,Oc1cc(O)c2C(=O)C(=COc2c1)c3ccc(O)c(O)c3,2.45,2.5464238138975475,0.09642381389754728
117,train,CC(C(Cc1nc2ccccc2[nH]1)c3nc4ccccc4[nH]3)c5ccccc5,4.48,3.8555961754074337,-0.6244038245925667
1469,train,O=C(Nc1ccccn1)c2ccc3[nH]c(nc3c2)c4ccc(NC(=O)C56CC7CC(CC(C7)C5)C6)cc4,4.24,4.183541678411464,-0.056458321588536364
3098,train,CCN(C1CCN(CC[C@H](c2ccc(cc2)S(=O)(=O)C)c3cc(F)cc(Cl)c3)CC1)C(=O)Cc4ccc(cc4)S(=O)(=O)C,2.71,2.8022777397203056,0.09227773972030562
1521,train,FC(F)(F)c1nnc2ccc(nn12)n3ccnc3,0.91,1.3204079714055617,0.4104079714055616
1171,train,CN(c1ncccc1CNc2nc(Nc3ccc4NC(=O)Cc4c3)ncc2C(F)(F)F)S(=O)(=O)C,2.63,2.706442213909137,0.07644221390913719
1000,train,NC(=O)c1cccc(O[C@H]2C[C@H]3CC[C@@H](C2)N3Cc4ccccc4)c1,1.61,1.658247893861463,0.048247893861463
2026,train,CC(Cc1ccccc1)N(C)CC#C,2.16,1.9910551650715904,-0.16894483492840973
2885,train,NC(=O)Nc1cc(sc1C(=O)N[C@H]2CCCNC2)c3ccc(cc3)C#N,0.61,1.2014132388483083,0.5914132388483083
1290,train,Oc1ccc(cc1)c2oc3ccc(O)cc3n2,3.4,3.347043465831665,-0.0529565341683349
1008,train,O=C(Nc1ccc(Nc2ccc(NC(=O)c3ccccc3)c4C(=O)c5ccccc5C(=O)c24)c6C(=O)c7ccccc7C(=O)c16)c8ccccc8,2.63,2.701768404122087,0.07176840412208696
1692,train,OB1N(C(=Nc2ccccc12)S)c3cccnc3,-0.62,-0.28863878173497826,0.33136121826502174
3453,train,Brc1cc(Br)cc(COC[C@@H](N2CCNCC2)c3ccccc3)c1,2.8,2.65996063124221,-0.14003936875778988
2387,train,FC(F)(F)c1cc(C(=O)Nc2cccc(c2)c3nnn[nH]3)c4nc[nH]c4c1,1.1,0.820243229714926,-0.27975677028507406
1076,train,OC(=O)c1ccccc1C(=O)N2CCC(CC2)N3CCC(CC3)Oc4ccc(Cl)c(Cl)c4,1.73,1.8519950180140121,0.12199501801401214
2834,train,Oc1ccccc1NC(=O)c2cc(ccc2Cl)[N+](=O)[O-],2.49,2.703427036536232,0.21342703653623163
2577,train,Cc1oncc1C(=O)Nc2ccc(cc2)C(F)(F)F,3.9,3.7422117850282177,-0.1577882149717822
3945,train,CC(C)(C)c1ccc(cc1)C2=NC(=O)C(CC(=O)O)S2,-0.1,0.410827918716659,0.510827918716659
2745,train,COc1ccc2C(=CC(=O)N(CCN3CCC(CC3)NCc4cc5OCCOc5cn4)c2c1)C,1.72,1.5767719897565666,-0.14322801024343335
3111,train,Nc1nc(Nc2ccc(cc2)S(=O)(=O)N)nn1C(=O)c3c(F)cccc3F,1.87,1.7994252451009154,-0.07057475489908471
2013,train,CN1C(=O)N(CC2CC2)c3nn(Cc4ccnc5ccc(Cl)cc45)c(c6cc(cn6C)S(=O)(=O)C)c3C1=O,3.18,3.15801369556798,-0.0219863044320201
728,train,CC1=CC2=NNC(=O)N2c3cc(ccc13)c4ccccc4CO,3.18,3.0655615081414287,-0.11443849185857147
589,train,COC1=CC(=N/C/1=C\c2[nH]c(C)cc2C)c3cc4ccccc4[nH]3,2.55,2.733816717758281,0.183816717758281
2173,train,NC(=O)c1sc(cc1N)c2ccc(Cl)cc2,3.3,3.2096011718894095,-0.0903988281105903
2014,train,CCCc1c(O)c(ccc1OCc2ccc(\C=C\c3nn[nH]n3)cc2)C(=O)C,3.3,3.1140535500025557,-0.18594644999744414
1225,train,NC1(CCC1)c2ccc(cc2)C3=NN4C=CC(=O)N=C4C=C3c5ccccc5,0.2,0.6197503439194914,0.41975034391949134
889,train,COc1cc2ncnc(Nc3cc4ccccc4cn3)c2cc1OC,3.9,3.7204095939583466,-0.17959040604165333
2434,train,OC(=O)COc1ccc(C(=O)c2cccs2)c(Cl)c1Cl,-0.84,-0.45819822021638457,0.3818017797836154
207,train,OC(=O)C1CCN(CC1)c2ncccc2c3ccc(Cl)c(c3)C(=O)NCC4CCCCCC4,2.53,2.636216395848958,0.10621639584895837
2405,train,CC1CC(NC(=O)C)c2ccccc2N1C(=O)c3ccccc3,2.0,2.1475189566261386,0.14751895662613856
1219,train,Nc1nc(Cl)nc(NCc2ccccc2)n1,2.26,2.3029763443988496,0.042976344398849786
1110,train,Cc1cc(O)ccc1N2C(=O)c3ccc(O)cc3C2=O,2.0,2.0150157501077075,0.015015750107707504
1751,train,CCCCC[C@@H](N1CCC[C@@H](C1)N2C=C(C)C(=O)NC2=O)c3ccc(C(=O)O)c(Oc4cccc(Br)c4)c3,1.69,1.6482858790677193,-0.04171412093228066
2483,train,COc1nc(Br)cnc1NS(=O)(=O)c2cccc3c(cccc23)N(C)C,1.9,1.6880945916000034,-0.2119054083999965
2272,train,CC(C)C(NC(=O)CN1C(=O)C(=CN=C1C(C)C)NC(=O)OCc2ccccc2)C(=O)C(F)(F)F,2.63,2.3673496729493495,-0.2626503270506504
2066,train,CCN1CCN(CC(=O)Nc2ccc(c3cccc4C(=O)C=C(Oc34)N5CCOCC5)c6sc7ccccc7c26)CC1,3.05,3.271064616941169,0.22106461694116897
1779,train,CC1=CN(Cc2ccccc2)C(=O)NC1=O,1.19,1.3202763237833848,0.13027632378338483
2396,train,Fc1cnc(NC(=O)C(CC2CCOCC2)c3ccc(cc3)S(=O)(=O)C4CC4)s1,3.3,3.115554525829049,-0.1844454741709507
1271,train,Cc1c(c2cc(F)ccc2n1CC(=O)O)S(=O)(=O)c3ccc(Cl)cc3,-0.16,0.30670660497150615,0.4667066049715062
1762,train,CS(=O)(=O)c1ccc(cc1)[C@H](CC2CCCC2)C(=O)Nc3nccs3,3.88,3.5734050970866473,-0.30659490291335256
965,train,Cc1ccc(cc1)C(=O)N2CCC(CC2)C(=O)c3ccc(Cl)cc3,3.79,3.6537769341883397,-0.13622306581166033
4052,train,Oc1ccnc2ccccc12,0.8,1.7778864178054357,0.9778864178054356
842,train,Clc1cccc(C(=O)N2CCN(CC2)c3ccccn3)c1Cl,2.98,3.0962735032124664,0.11627350321246643
3316,train,CCNC(=O)c1cc2c(c(cnc2[nH]1)c3cc(cnc3OC)C4=NNC(=O)O4)n5ccc(n5)C(F)(F)F,2.91,2.6324355950976233,-0.2775644049023769
189,train,Cc1ccccc1c2c(C(=O)O)n(CCCOc3cccc4ccccc34)c5ccccc25,3.89,3.656877067180253,-0.23312293281974705
3613,train,COc1cc(Nc2c(cnc3cc(OC)c(OC)cc23)C#N)cc(OC)c1,3.5,3.5815817593487003,0.08158175934870027
1602,train,CCS(=O)(=O)c1cccc(c1)c2cc(ccc2OCC(=O)O)C(F)(F)F,-0.66,-0.3688788429687686,0.2911211570312314
1520,train,CCOCc1nc2c(N)nc3ccccc3c2n1CC(C)(C)O,1.69,1.4705851786392143,-0.2194148213607856
2157,train,CN(CCCOCCOCCc1ccccc1)CCc2ccc(O)c3nc(O)sc23,2.44,2.5477237064492644,0.10772370644926443
3937,train,CCCNC(=O)c1nnc2c(c(F)ccc2c1N)c3ncccn3,2.07,2.0005963840363243,-0.0694036159636755
638,train,Cc1cc(Cl)ccc1OC2CCN(C[C@H](O)CNC(=O)C3=CNC(=O)c4c(F)cccc34)CC2,3.0,2.9582872662634685,-0.041712733736531504
2140,train,CN1CCN(CC1)c2ccc3N=CN(C(=O)c3c2)c4cc(NC(=O)c5oncc5)ccc4C,1.75,1.8374217396047894,0.08742173960478938
2347,train,COCCOc1nc(N)c2NC(=O)N(Cc3ccccc3)c2n1,2.26,2.3200208040339163,0.06002080403391652
746,train,CCCc1c(O)c(ccc1OCc2cccc(NC(=O)c3ccccc3C(=O)O)c2)C(=O)C,1.9,2.0886494949826315,0.18864949498263162
3680,train,Cc1cc(CN2Cc3cccnc3CC2C(=O)Nc4ccc(Cl)cc4Cl)ccc1OCC(=O)O,1.15,1.7408328696876165,0.5908328696876166
3558,train,Oc1ccc2[nH]c(CN3CCC(Cc4ccc(F)cc4)CC3)nc2c1,3.8,3.763385018152862,-0.03661498184713796
2464,train,S=C(NC1CCCCC1)N2CCC(CC2)c3cnc[nH]3,2.3,1.9895678915627477,-0.3104321084372521
512,train,CCN(C1CCN(CCC(c2ccc(NC(=O)C)cc2)c3cccc(F)c3)CC1)C(=O)Cc4ccc(cc4)S(=O)(=O)C,2.41,2.4093682754783226,-0.0006317245216775902
3251,train,CCN(c1ccccc1)c2cc(NC)[n+](C)c(C)n2,-0.91,-0.4300673198001794,0.4799326801998206
3326,train,Nc1c(nc(nc1N2CCOCC2)C#N)N3CCCC3,2.25,2.1854660947263493,-0.06453390527365066
2167,train,O=C(Nc1nccs1)c2ccccc2,2.43,2.238668395984832,-0.19133160401516802
4096,train,Nc1nc(N)nc(n1)c2ccc(Cl)cc2,2.12,2.222042514418841,0.10204251441884082
1383,train,C[C@@H](C[C@@](C)(CS(=O)(=O)N1CCN(CCc2ccc(Cl)cc2Cl)CC1)N(O)C=O)c3ncc(F)cn3,3.27,3.350189938521607,0.08018993852160694
1876,train,CN1CCN(CC1)C(=O)OC2N(C(=O)c3nccnc23)c4ccc(Cl)cn4,1.1,1.202163945270247,0.10216394527024697
3138,train,O=C(Nc1ccc(nc1)N2CCOCC2)c3oc(Nc4cccc(OCc5cccnc5)c4)nn3,3.3,3.2124833820945717,-0.08751661790542808
214,train,Cc1cnc([nH]1)c2ccc(C)c(NC(=O)c3ccc(OCc4ccccn4)cc3)c2,3.19,3.2594385616100947,0.06943856161009476
3104,train,O[C@H](CNC(=O)C1=NNC(=O)c2ccccc12)CN3CCC(CC3)Oc4ccc(Cl)c(Cl)c4,3.69,3.38325481145503,-0.3067451885449701
1781,train,C[C@H](NC(=O)c1c(C)nn(c1NS(=O)(=O)c2cccc(CN3CCOCC3)c2)c4ccccc4)C(C)(C)C,0.29,0.6526325110726852,0.3626325110726852
768,train,CCOc1cc2nnc(C(=O)N)c(Nc3cccc(Cl)c3F)c2cc1N4CCN(C)CC4,1.99,2.4038330681039146,0.4138330681039146
1953,train,O=C1CCOc2cc(OCc3cccc(c3)C#N)ccc12,2.8,2.8166648541581703,0.016664854158170428
2879,train,COc1cc2ncnc(Nc3cccc(Cl)c3F)c2cc1CN(C)[C@H](C)C(=O)N,3.44,3.408954215805437,-0.03104578419456283
3228,train,CNc1c(Br)cnc2[nH]c(nc12)c3ccc(OCCN4CCN(C)CC4)cc3,2.91,2.9068918700193,-0.0031081299807000917
2783,train,Cc1cc(nn1C[C@H](O)CN)c2ccc(Cl)c(c2)C(=O)NCC3(O)CCCCCC3,0.57,0.6487699160617917,0.07876991606179173
3029,train,Cc1ccc(cc1)C(=O)c2cc(O)c(O)c(c2)[N+](=O)[O-],0.74,1.0383057576354955,0.2983057576354955
3625,train,CC(C)N(CCNCCc1ccc(O)c2NC(=O)Sc12)C(=O)CCOCCc3ccccc3,2.33,2.264028624947566,-0.06597137505243422
2011,train,CSc1ccc(OCc2ccccc2)c(\C=C\c3ccc(cn3)C(=O)O)c1,2.45,2.3385699732318828,-0.11143002676811742
3811,train,COc1cc(cc(OC)c1OC)C(=O)NCc2ccc(OCCN(C)C)cc2,0.74,1.3927133846654156,0.6527133846654156
2535,train,Cc1oc(cc1C(=O)Nc2cccc(c2)C(=O)O)c3ccccc3,1.63,1.7851113928215248,0.15511139282152486
2955,train,Nc1ccccc1NC(=O)c2ccc(CNC(=O)OCc3cccnc3)cc2,1.26,1.6378678798708832,0.3778678798708832
1227,train,O=C(CC12CC3CC(CC(C3)C1)C2)Nc4ccc5[nH]ncc5c4,4.03,3.5417291039824392,-0.488270896017561
1136,train,Oc1ccccc1CCC(=O)Nc2ccccc2,2.71,2.550756066236893,-0.15924393376310686
2838,train,Cc1cn(C[C@H]2CN(C(=O)O2)c3ccc(C4=CCS(=O)(=O)CC4)c(F)c3)nn1,1.25,1.5395275727967028,0.2895275727967028
1364,train,CC(C)c1noc(n1)N2CCN([C@H](C)C2)c3ncc(OCc4ccncc4C#N)cn3,3.1,3.2745413593819217,0.1745413593819216
2150,train,COc1ccc(cc1OC)N2CCN([C@H](C)C2)C(=O)[C@@H]3CCCC[C@H]3C(=O)NC4(CC4)C#N,1.85,1.9625279500740536,0.11252795007405347
809,train,CNC(=O)c1ccccc1Sc2ccc3c(\C=C\c4ccccn4)n[nH]c3c2,3.8,3.7070819631288803,-0.09291803687111955
1668,train,COC[C@H](C)Oc1cc(Oc2ccc(cc2)S(=O)(=O)C)cc(c1)C(=O)Nc3ccc(cn3)C(=O)O,-0.41,0.17564337048519807,0.585643370485198
1680,train,CC[C@H](NC(=O)c1c(O)c(nc2ccccc12)c3ccccc3)c4ccccc4,3.91,4.001775400085282,0.09177540008528151
1516,train,OC(=O)CC(=O)N[C@H]1[C@@H](Cc2ccccc12)NC(=O)c3cc4sc(Cl)c(Cl)c4[nH]3,1.18,1.1870905734993515,0.0070905734993516045
2799,train,CCCSc1ncccc1C(=O)N[C@@H]2[C@@H]3CC4C[C@H]2C[C@@](O)(C4)C3,2.27,2.7094888806417767,0.4394888806417767
2349,train,NC(=O)c1cc(C(=O)N)n(n1)c2cccc(c2)c3cc(ccc3C(F)(F)F)C(F)(F)F,3.4,3.373545778966537,-0.026454221033462844
1768,train,NC1(Cc2ccc(Cl)cc2)CCN(CC1)c3ncnc4[nH]ccc34,2.72,2.9135903072891365,0.1935903072891363
2204,train,Cc1cc(NC(=O)Nc2ccc(Cl)cc2)n(n1)c3ccccc3,4.15,3.9170956677426374,-0.23290433225736296
3795,train,C[C@@H]1CN(CCN1c2ncc(OCc3ccc(cn3)S(=O)(=O)C)cn2)C(=O)OC(C)(C)C,3.0,2.8889915244964386,-0.11100847550356141
1022,train,Clc1cc(Cl)cc(c1)S(=O)(=O)NCC(N2CCCCCC2)c3ccccc3,3.36,3.4153036552915186,0.055303655291518705
1542,train,C[C@H]1O[C@H]([C@H](O)[C@H]1Cl)n2cnc3c(N)nc(OC4CCCC4)nc23,3.18,2.855890379923619,-0.32410962007638133
1268,train,O=C1C=C(Oc2c1cccc2c3ccccc3)N4CCOCC4,2.9,3.1047041939250213,0.20470419392502137
1201,train,COC[C@H](C)Oc1cc(Oc2cc(F)cc(F)c2)cc(c1)C(=O)Nc3ccc(cn3)C(=O)O,1.36,1.3829233634218885,0.022923363421888387
562,train,OC(=O)C(N1CCC(CN2CCC(CC2)Oc3ccc(Cl)c(Cl)c3)CC1)c4ccccc4,2.17,2.115562150372972,-0.05443784962702791
2792,train,COc1cc(OC)c(cc1NC(=O)C)S(=O)(=O)N2C(C)Cc3ccccc23,1.95,1.8833390774969319,-0.0666609225030681
3599,train,CC(C)(C)C(=O)NCc1ccc(NC(=O)N2CCCC(O)(C2)c3ccc(Cl)c(Cl)c3)cc1,3.93,3.7561606771560783,-0.1738393228439219
1780,train,CCCCCC1=CC(=O)NC(=N1)N,1.62,1.4914801584341548,-0.12851984156584528
1049,train,Clc1ccc(cc1)S(=O)(=O)Nc2nnc(s2)c3ccccc3,1.14,2.0999393463529485,0.9599393463529486
3446,train,COc1ccc(cc1)c2nc(nc(O)c2C#N)N3CCOCC3,0.2,0.23742023067751017,0.03742023067751016
2207,train,OC(=O)Cc1cccc(c1)N2CCC(CN3CCC(CC3)Oc4ccc(Cl)c(Cl)c4)CC2,1.58,1.8226846479990069,0.2426846479990068
3928,train,COCCNc1nc(nc(NCC(C)C)c1N)C#N,2.8,2.6337290515962684,-0.16627094840373147
3663,train,Oc1cccc(NC(=O)c2ccc(OCCCN3CCCC3)cc2OCc4ccccc4)c1,3.07,2.8212905594047872,-0.2487094405952126
2446,train,Cc1nc2ccccn2c1c3ccnc(Nc4cccc(Cl)c4)n3,2.7,2.954830433192088,0.25483043319208765
1943,train,O[C@H](CNC(=O)C1=CNC(=O)C=C1C(F)(F)F)CN2CCC(CC2)Oc3ccc(Cl)c(Cl)c3,2.71,2.898651518709758,0.18865151870975794
1137,train,C[C@@H]1CN[C@@H]2[C@@H](C1)O[C@]3(CC[C@H]4[C@@H]5CC=C6C[C@@H](O)CC[C@]6(C)[C@H]5CC4=C3C)[C@@H]2C,2.63,2.697770518687162,0.067770518687162
3363,train,CC(C)[C@@H]1N(C)c2ccccc2C[C@@H](CO)NC1=O,2.03,1.5872256450255637,-0.44277435497443607
2197,train,Fc1ccc(Oc2cc(F)c(cc2F)S(=O)(=O)Nc3ncc(Cl)s3)c(c1)c4cn[nH]c4,2.7,2.5645474073802963,-0.13545259261970388
3820,train,COc1ccc2C=CC(=O)N(CCN3CCC(CC3)NCc4cc5OCCOc5cn4)c2n1,1.16,1.1321840662018998,-0.0278159337981001
2175,train,Nc1nc2cc3CCN(Cc4cccc(F)c4)CCc3cc2s1,3.3,3.0349828883866143,-0.2650171116133855
1037,train,CC(C)CN1C(=O)N(C)C(=O)c2c1sc(Oc3cccc4ccccc34)c2C(=O)N5CC[C@@H](O)C5,2.87,2.9386378267308015,0.06863782673080143
2002,train,Cc1[nH]c(C(=O)NC2CCN(CC2)c3cc(cc(Cl)n3)C(=O)O)c(Cl)c1Cl,1.74,1.8068105213538885,0.06681052135388854
3868,train,Nc1ccc2cccc(Nc3ncccn3)c2n1,2.7,2.3993804434385773,-0.3006195565614229
3949,train,O=C(Nc1cc(ccn1)c2ccnc(Nc3ccccc3)c2)C4CCOCC4,3.7,3.377951210083909,-0.3220487899160913
3047,train,CCN1CCC[C@@H](CN2CCN(CC2)C(=O)Nc3ccc(Cl)c(Cl)c3)C1,1.94,2.315529070168609,0.3755290701686089
4095,train,CNc1c(Br)cnc2[nH]c(nc12)c3cccc(N)c3,2.96,2.8689029512898356,-0.09109704871016433
715,train,CC(C)c1nc2ccccc2n1c3nc(N4CCOCC4)c5nc(OC6CN(C6)C7CCS(=O)(=O)CC7)n(C)c5n3,2.9,2.8828024714182137,-0.017197528581786248
2185,train,O=C1Nc2ccc(cc2C1=O)S(=O)(=O)N3CCC[C@H]3CNc4ccccc4,2.4,2.4890674374827,0.0890674374827003
3834,train,Nc1nc(N)c2nc(CO)cnc2n1,-0.45,-0.48006368631070995,-0.030063686310709936
2803,train,[O-][N+](=O)c1ccc2NC(=O)CN=C(c3ccccc3Cl)c2c1,3.72,3.1634372910058888,-0.5565627089941114
3863,train,COCCOc1cc(Nc2nccc(n2)N(C)c3cc(CO)ccc3C)cc(c1)N4CCOCC4,3.3,3.358617512740127,0.058617512740127165
1479,train,CCn1cc(NC(=O)Cc2ccc(Oc3ccnc4cc(OC)c(OC)cc34)cc2OC)cn1,3.42,3.5196217281303666,0.09962172813036663
521,train,Clc1cccc(CN2C=CN3C(=O)C=C(N=C23)N4CCOCC4)c1Cl,3.3,2.9133837323052467,-0.3866162676947531
1427,train,O=C(Nc1cccc(c1)c2nnn[nH]2)c3cccc4[nH]cnc34,-0.05,0.2417492883817396,0.2917492883817396
3,train,OC[C@H](O)CN1C(=O)C(Cc2ccccc12)NC(=O)c3cc4cc(Cl)sc4[nH]3,3.37,3.1750416961727153,-0.19495830382728485
285,train,COc1ccc(cc1OC)N2CCN(CC2)C(=O)[C@@H]3CCCC[C@H]3C(=O)NC4(CC4)C#N,1.4,1.467952045468531,0.06795204546853117
3507,train,C[C@@H]1CN(CCN1c2ncc(OCc3ccncc3C#N)cn2)C(=O)OC(C)(C)C#N,2.3,2.597228055879795,0.29722805587979506
570,train,CN(C)CC(O)COc1ccc(Nc2nccc(Nc3ccccc3C#N)n2)cc1,1.2,1.6259784958817904,0.4259784958817905
1583,train,CCN(C1CCN(CCC(c2ccccc2)c3ccccc3)CC1)C(=O)Cc4ccc(cc4)S(=O)(=O)N,2.4,2.537298418522194,0.13729841852219415
537,train,COc1cc(C)c(c(C)c1)S(=O)(=O)N(C)CCOCC(=O)N2CCN(CC2)C3CCN(C)CC3,-0.4,-0.14172182063374716,0.25827817936625286
4004,train,CCCc1c(cnn1c2ccccc2)C(=O)Nc3ccc(F)cc3C,3.89,3.726930356351881,-0.16306964364811893
591,train,CCC(CCNC)Oc1cc(Cl)ccc1C#N,0.38,0.6655511422248543,0.28555114222485434
3541,train,CNc1nc2nc(SCc3cccc(F)c3F)nc(N[C@H](C)CO)c2s1,3.7,3.4836346121225015,-0.2163653878774987
1172,train,CCc1nc2cc(O)ccc2c(Oc3ccc(\C=C\C(=O)O)cc3)c1c4ccccc4,3.0,3.1227343605473945,0.1227343605473945
2270,train,C1NCC(CC=C1)c2oc3ccccc3c2,1.94,2.1301128593564327,0.19011285935643274
2676,train,CC(C)C[C@H](N1CCC[C@@H](C1)N2C=C(C)C(=O)NC2=O)c3ccc(C(=O)O)c(Oc4cccc(Cl)c4)c3,0.93,0.9821111435658028,0.05211114356580271
3206,train,Clc1ccc2oc3C(=O)NC(=Nc3c2c1)[C@@H]4CCCN4,2.01,2.0764236021373987,0.06642360213739895
454,train,CCNC(=O)C[C@H]1N=C(c2ccc(Cl)cc2)c3cc(OC)ccc3n4c(C)nnc14,2.42,2.54588238228593,0.12588238228592985
130,train,Cc1ccc(cc1)S(=O)(=O)NC(=O)N2CCC(CC2)N3CCC(CC3)Oc4ccc(Cl)cc4Cl,1.52,1.6408133010906127,0.12081330109061272
864,train,C[C@@H](NC(=O)c1c(C)nn(c1NS(=O)(=O)c2ccc(C)cc2)c3ccccc3)C(C)(C)C,1.2,1.252979584066219,0.052979584066219054
2136,train,CCC[C@@H](CNC(=O)c1nc(Cl)c(N)nc1N)[N+](C)(C)CCCc2ccc(OC)cc2,0.4,0.6989647991349148,0.2989647991349148
3492,train,OC(=O)COc1ccc(cc1c2ccccc2)C#N,-1.08,-0.7405160844071528,0.3394839155928473
3459,train,COc1ccc2ncc(F)c(CCN3CCC(CC3)NCc4ccc5OCC(=O)Nc5n4)c2n1,1.78,1.5455410330487547,-0.23445896695124535
1181,train,OCC(=O)N1CCC(CC1)c2[nH]nc(c3ccc(Cl)cc3F)c2c4ccncn4,1.79,1.7978752728302276,0.007875272830227598
1545,train,NC(=O)c1cccc(O[C@@H]2C[C@H]3CC[C@@H](C2)N3CCc4ccccc4)c1,2.0,1.744247096287501,-0.25575290371249904
3882,train,CC(C)n1c(C)ncc1c2ccnc(Nc3ccc(cc3)C(=O)NC4CCN(C)CC4)n2,1.87,1.7123947449883108,-0.15760525501168932
2705,train,CC(=O)Nc1ccc(Nc2ncc3cc(ccc3n2)c4ccncc4)cc1,3.04,2.769457583514221,-0.27054241648577904
190,train,C[C@@H](NCc1ccccc1c2ccc(CCNC[C@H](O)c3ccc(O)c4NC(=O)Sc34)cc2)c5ccccc5,2.28,2.104436581621474,-0.17556341837852596
3789,train,CN(C)c1cccc(c1)C(=O)Nc2ccc(C)c(c2)C(=O)Nc3cccnc3,3.01,2.8316724861718368,-0.17832751382816303
3311,train,Clc1ccc(OC2CCN(CC2)C3CCN(CC3)S(=O)(=O)NC(=O)c4ccccc4)cc1Cl,2.14,2.050839197251682,-0.08916080274831817
2605,train,CCS(=O)(=O)Nc1cccc2c1c(Oc3ccc(Cl)cc3)c(C)n2CC(=O)O,-0.29,-0.32854255596543247,-0.03854255596543249
4175,train,CC(C)(C)OC(=O)N1CCN(CC1)c2ncc(OCc3ccc(cc3)S(=O)(=O)C)nn2,2.93,2.9605547931275056,0.03055479312750542
1434,train,CCCSc1nc2ccc(NC(=O)CCNC(=O)N)cc2s1,2.9,2.721897713047917,-0.17810228695208297
3246,train,Nc1c(Nc2ccccc2)nc(nc1N3CCOCC3)C#N,2.72,3.0462577045494927,0.32625770454949254
586,train,CC(C)C(NC(=O)CN1C(=O)C(=CN=C1C2CCCCC2)NC(=O)OCc3ccccc3)C(=O)C(F)(F)F,2.87,2.8719498318908707,0.0019498318908706125
3353,train,c1ccc(nc1)c2n[nH]c(n2)c3ccncc3,1.48,2.036043239249046,0.5560432392490462
831,train,COc1cccc2c(ccnc12)c3c(C)n(CC(=O)O)c4ccc(C)cc34,0.49,0.6317555957916989,0.14175559579169894
2944,train,Cc1cc(Nc2ccc(F)cc2)nc(N)n1,2.08,2.325322627353444,0.24532262735344412
4108,train,CC(C)N(C(C)C)c1nnc(N)s1,1.49,1.257503036587424,-0.23249696341257597
1232,train,CC(C)Oc1cc(Nc2nc3c(cc2F)ncn3[C@@H](CO)c4ccc(F)cn4)n[nH]1,2.97,2.7737865478300603,-0.1962134521699399
2957,train,CN1CCC(CC1)n2cc(cn2)c3cnc(N)c(c3)c4oc5cc(F)ccc5n4,3.35,3.30188298923037,-0.04811701076963004
1253,train,OCC[C@]1(CCCNC1)c2ccc(Cl)c(Cl)c2,0.62,0.6470622276536797,0.027062227653679716
2773,train,Cc1nc(C)c(nc1C(=O)N)c2ccc3c(CC[C@@]34CC[C@H](CC4)C(=O)O)c2,1.3,1.4634962761665684,0.16349627616656837
3582,train,Nc1nc(O)cc(n1)c2ccc(O)cc2,1.05,1.1479358247038063,0.09793582470380624
3729,train,O=S(=O)(Nc1cccnc1)c2ccc3OCCOc3c2,1.34,1.2762630752411308,-0.06373692475886927
2415,train,C[C@H]1COCCN1c2cc(nc(n2)c3cccc4[nH]ccc34)C5(CC5)S(=O)(=O)C,2.8,2.8861193422629956,0.08611934226299578
3279,train,CN([C@@H]1CCN(Cc2nc3cc(F)ccc3s2)C[C@@H]1F)C(=O)Cc4ccc(cc4)S(=O)(=O)C,2.2,2.3299659120635394,0.12996591206353925
1282,train,Nc1nonc1\C(=N\O)\Nc2ccc(F)c(Cl)c2,2.7,2.548053031189357,-0.15194696881064296
1580,train,OC(=O)[C@H](Cc1ccccc1C#N)N2CCC(CN3CCC(CC3)Oc4ccc(Cl)c(Cl)c4)CC2,2.12,2.1278568559490854,0.00785685594908525
2952,train,Oc1ccc(cc1)N2C(=O)c3ccccc3C2=O,2.0,2.0116947070855926,0.011694707085592615
3728,train,CN(C)CCNc1cc(nc2cc(nn12)c3ccc(F)cc3)c4ccccc4,4.5,3.957271350478055,-0.542728649521945
2917,train,NC(=O)C1=CN(Cc2ccc(Cl)cc2Cl)C(=O)C=C1,2.36,2.369778322306189,0.009778322306189136
3229,train,COc1cc2nc(nc(N)c2cc1OC)N3CCN(CC3)C(=O)c4occc4,1.9,1.768232541574117,-0.131767458425883
1459,train,COc1ccc(Oc2ncccc2C(=O)NCc3ccccc3Cl)cc1,3.59,3.5585313020955804,-0.03146869790441942
3062,train,Fc1ccc(C2CCN(CC2)C(=O)COCc3ccncc3)c(Cl)c1,2.7,2.755182333235265,0.055182333235265
3176,train,Cn1ncc2C(=O)NC(=Nc12)c3ccccc3,1.61,2.246790138467688,0.6367901384676877
1213,train,CC#Cc1ccnc(c1)c2cc(ccc2O)C3(N=C(C)C(=N3)N)C4CC4,3.6,3.4543544244421036,-0.14564557555789648
775,train,CN1C(=O)c2c(onc2c3ccccc3)C=C1c4ccncc4,2.61,2.8299629870018284,0.21996298700182848
2319,train,Cc1nc(C)c(nc1C(=O)N)c2ccc(cc2)[C@@H]3CC[C@@H](CCC(=O)O)CC3,1.6,1.1703437171631585,-0.42965628283684154
2975,train,NC(=O)c1cccc(O[C@H]2C[C@H]3CC[C@@H](C2)N3Cc4ccccc4)n1,1.71,1.5042173136126302,-0.20578268638736974
1140,train,Fc1ccc(C2CCN(CC2)C(=S)COCc3ccncc3)c(Cl)c1,4.23,3.734893920244976,-0.49510607975502463
3247,train,COc1cc(N2CCN(C)CC2)c3NC(=CC(=O)c3c1)C(=O)Nc4ccc(cc4)N5CCOCC5,2.7,2.6180835914556067,-0.08191640854439353
3180,train,N(c1ccccc1)c2ccnc(Nc3ccccc3)n2,4.06,3.677898317999583,-0.3821016820004166
2019,train,CC1=CC(=O)Oc2cc3NCCCc3cc12,2.7,2.741301473237538,0.041301473237537856
1860,train,CNC(=O)c1ccc(CN2CCC(CC2)c3ccc(cc3)C(=O)Nc4ccccc4N)cc1,1.99,2.033214219151366,0.04321421915136603
278,train,NC(=O)N1c2ccccc2CC(=O)c3ccccc13,1.28,1.2688247354986886,-0.011175264501311455
3800,train,CNC(=O)c1[nH]cnc1C(=O)Nc2ccc(OC)cc2,2.2,2.0075316483251946,-0.19246835167480558
2693,train,Cc1nc(Nc2ncc(s2)C(=O)Nc3c(C)cccc3Cl)cc(n1)N4CCN(CCO)CC4,3.41,3.2217374694094105,-0.18826253059058962
31,train,CN([C@@H]1CCN(Cc2ccc(cc2)C(F)(F)F)C[C@@H]1F)C(=O)Cc3ccc(cc3)n4cnnn4,3.3,3.075256494068215,-0.2247435059317846
2741,train,COc1ccc(cc1)c2cc(ccc2OCC(=O)O)C(F)(F)F,0.29,0.38147816644581156,0.09147816644581158
2568,train,c1ccc2ncccc2c1,2.09,1.9025801197564636,-0.18741988024353629
1185,train,CC(C)n1c(C)ncc1c2ccnc(Nc3ccc(C(=O)NCCN(C)C)c(F)c3)n2,1.96,2.245984326805506,0.28598432680550623
447,train,CCn1nc(C)c(C(=O)N[C@@H](C)C(C)(C)C)c1NS(=O)(=O)c2ccc(C)cc2,0.95,0.736700192189625,-0.21329980781037494
2400,train,ONC(=O)C1COC(=N1)c2ccc(F)c(c2)C(F)(F)F,1.53,1.8376102559242598,0.3076102559242597
1155,train,NC(=N)Nc1nc(CSCCC(=N)NS(=O)(=O)N)cs1,-0.6,-0.5173162142096146,0.08268378579038538
3352,train,Cc1c(Oc2ccc(Cl)cc2)c3c(NS(=O)(=O)C)cccc3n1CC(=O)O,-0.98,-1.1172818451878208,-0.13728184518782083
2769,train,CCCCCCN1CC[C@@]2(C)[C@@H](C)C1Cc3ccc(O)cc23,2.5,2.2632714566858536,-0.2367285433141464
3074,train,CCN(CC)Cc1cc(Nc2ccnc3cc(Cl)ccc23)ccc1O,2.9,2.860686554843296,-0.039313445156703875
3450,train,CCN(CC)CCCC(C)Nc1c2ccc(Cl)cc2nc3ccc(OC)cc13,2.17,2.0673408213545263,-0.10265917864547358
1852,train,Cc1c(OCC(F)(F)F)ccnc1C[S+]([O-])c2nc3ccccc3[nH]2,2.7,2.209514755300295,-0.490485244699705
1873,train,CS(=O)(=O)n1c2ccccc2c3cc(NC(=O)N4CCOCC4)ccc13,2.7,2.512196674519766,-0.18780332548023404
1004,train,OC(c1ccc(cc1)N(CC(F)(F)F)S(=O)(=O)c2ccccc2)(C(F)(F)F)C(F)(F)F,4.5,4.0932299268203405,-0.4067700731796595
3529,train,C[C@@](O)(C(=O)Nc1ccc(cc1Cl)C(=O)N2CCCCC2)C(F)(F)F,2.62,2.5565098473158168,-0.06349015268418334
79,train,CC1COc2c(N3CCN(C)CC3)c(F)cc4C(=O)C(=CN1c24)C(=O)O,-0.45,-0.2575165099543941,0.1924834900456059
1195,train,CN(C)C1=C(C)N(C)N(C1=O)c2ccccc2,0.78,1.3424578019375577,0.5624578019375577
658,train,CS(=O)(=O)N1CCc2c1nc(nc2c3cnc(N)nc3)N4CCOCC4,1.2,1.0556438438775646,-0.14435615612243535
421,train,COc1cc(ccc1Nc2ncc(Cl)c(n2)c3cnc4c(F)cccn34)N5CCN(CC5)C(=O)C,3.5,3.3660775246588446,-0.13392247534115542
3116,train,COc1cc(ccc1Nc2ncc(Cl)c(n2)c3cnc4cc(Cl)ccn34)N5CCN(CC5)C(=O)C,4.2,3.9204599170520904,-0.2795400829479098
1019,train,CCN(C1CCN(CCC(N2CCN(CC2)c3ccccc3)c4ccccc4)CC1)C(=O)Cc5ccc(cc5)S(=O)(=O)C,2.67,2.5775201384651547,-0.09247986153484522
3173,train,CCN(C1CCN(CC[C@@H](c2ccccc2)c3ccc(cc3)S(=O)(=O)C)CC1)C(=O)Cc4ccc(cc4)S(=O)(=O)C,1.38,2.3697242060895523,0.9897242060895524
3240,train,Cc1cc(Cl)ccc1OC2CCN(CC3CCN(CC3)[C@@H](Cc4ccc(F)cc4)C(=O)O)CC2,2.53,2.612763796710256,0.08276379671025635
1894,train,F[C@H]1CN(CCN2C(=O)C=Cc3ccc(cc23)C#N)CC[C@H]1NCc4ccc5OCC(=O)Nc5n4,0.66,0.7088389884983985,0.04883898849839852
1954,train,Cc1nc(C)c(nc1C(=O)N)c2ccc([C@@H]3CC[C@H](CC(=O)O)CC3)c(F)c2,1.2,1.4793167679370933,0.27931676793709337
756,train,[O-][N+](=O)c1ccc2c(c1)nc3CCCCCn23,2.58,2.3722351739721335,-0.2077648260278666
1407,train,CC1SC2=C(C(=O)O)C(=O)c3cc(F)c(cc3N12)N4CCN(CC5=C(C)OC(=O)O5)CC4,0.47,0.6588737887782301,0.18887378877823013
1242,train,OC(=O)CNCCNc1ccc(Cl)c(c1)C(=O)NCC23CC4CC(CC(C4)C2)C3,1.94,1.8217616697597359,-0.11823833024026409
2314,train,CCCC(=O)Nc1ccc2c3ccccc3C(=O)C(=O)c2c1,2.81,2.8317876108331346,0.02178761083313452
1135,train,Brc1ccc(cc1)S(=O)(=O)NCC(N2CCCCCC2)c3ccccc3,3.21,3.3576584739283337,0.14765847392833376
3889,train,OC(=O)COc1ccc(Cl)cc1CN2CCC(CC2)S(=O)(=O)c3ccccc3,0.48,0.6228013414259499,0.1428013414259499
2786,train,OC1(CCN(CC1)c2ccc3nnc(n3n2)C(F)(F)F)c4ccc(F)cc4,3.5,3.0241898037317605,-0.4758101962682395
2853,train,Cc1nc(C)c(nc1C(=O)N)c2ccc3c(CC[C@@]34CC[C@H](Cc5nnn[nH]5)CC4)c2,2.0,1.8457595055445892,-0.15424049445541077
4016,train,CC(C)NC(=O)c1cc2c(c(cnc2[nH]1)c3cncc(c3)C(=O)O)n4ccc(n4)C(F)(F)F,-0.62,-0.39491974374945116,0.22508025625054884
1422,train,CNC(=O)c1ccc2C(=O)C=C(Nc2c1)c3cccnc3,1.01,1.2512817016458913,0.24128170164589124
3483,train,CC1=CC(=O)Nc2sc(C(=O)c3ccc(Br)cc3)c(N)c12,2.57,2.529782987523911,-0.040217012476088776
1872,train,Cc1nc(cs1)C(=O)N2CCCC3(CCN(Cc4ccccc4)CC3)C2,0.24,0.6317344024040938,0.39173440240409385
2266,train,Cc1ccccc1C(=O)N2CCN(CC2)c3ccccn3,2.18,2.2830231702238546,0.10302317022385443
2680,train,CCC(N(CC1CCNCC1)C(=O)c2ccc(C)cc2)C3=Nc4ccsc4C(=O)N3Cc5ccccc5,1.33,1.522029890325136,0.19202989032513584
3926,train,C[C@H](NC(=O)\C=C\c1ccccc1)c2cccc(c2)N3CCOCC3,3.24,2.9249897669003815,-0.31501023309961873
340,train,COC(=O)CCCC(=O)Nc1ccc2C(=O)C(=O)c3ccccc3c2c1,2.96,2.8226615858194575,-0.1373384141805425
3752,train,CCCSc1c(cnn1[C@@H]2CC[C@H](CC2)C(=O)O)C(=O)NC3CCCCC3,1.03,1.3374790321110939,0.30747903211109384
3831,train,ONC(=O)Cc1ccc(OCc2ccccc2)cc1,1.92,2.3807255833972354,0.46072558339723546
3027,train,NC1CCc2cc(OC(=O)c3ccccc3)c(OC(=O)c4ccccc4)cc2C1,2.6,2.156730555306987,-0.443269444693013
1306,train,CCOc1cccc(Nc2oc(nn2)C(=O)Nc3ccc(nc3)N4CCOCC4)c1,3.6,3.5060064878026784,-0.09399351219732166
1119,train,CC(C)NCC(O)COc1ccccc1CC=C,0.99,0.5137703443865631,-0.4762296556134369
439,train,CO[C@@H]1CC[C@@]2(CC1)Cc3ccc(cc3C24N=C(C)C(=N4)N)c5cncc(Br)c5,3.4,3.355906752746697,-0.04409324725330288
3123,train,CN(C)CCCN1c2ccccc2CCc3ccc(Cl)cc13,3.36,3.4001580396217816,0.04015803962178177
777,train,COC(=O)CCC(=O)Nc1ccc2C(=O)C(=O)c3ccccc3c2c1,2.72,2.4552550902855175,-0.2647449097144827
299,train,COc1ccc(cc1)C(=O)NCc2cn(nn2)c3cc(C)nc4ccc(OC)cc34,3.5,3.0164269263522625,-0.4835730736477375
1,train,COc1cc(OC)c(cc1NC(=O)CSCC(=O)O)S(=O)(=O)N2C(C)CCc3ccccc23,-1.18,-0.6546319530617692,0.5253680469382307
3751,train,C[C@H](Nc1nc(NC[C@@H](O)CO)c(Cl)c(Nc2cc([nH]n2)C3CC3)n1)c4ccc(F)cc4,3.39,3.345443381973322,-0.04455661802667832
3596,train,NC1(CCC1)c2ccc(cc2)c3nc4ccccc4cc3c5ccccc5,3.6,3.0374400607880485,-0.5625599392119516
2131,train,O=C1COC2(CCN(CC2)S(=O)(=O)c3ccc(cc3)c4ccc5cccnc5c4)CN1C6CC6,3.24,3.260538453514852,0.020538453514851618
3056,train,COc1cnc(nc1Oc2ccc(F)cc2F)c3ccccn3,3.1,3.100127725756364,0.0001277257563638834
2595,train,C[C@H](Nc1ncc(F)c(Nc2cc(C)[nH]n2)n1)c3ncc(F)cn3,1.79,1.7342256330096435,-0.05577436699035654
3018,train,CC(C)(C)OC(=O)N1CCN(CC1)c2ncc(OCc3c(F)cncc3F)cn2,3.7,3.491283774098693,-0.20871622590130734
2118,train,CN(C)C(=O)N[C@@H]1CC[C@@H](CCN2CCN(CC2)c3cccc(Cl)c3Cl)CC1,3.6,3.4169808202879546,-0.1830191797120455
840,train,ON=Cc1oc(cc1)[N+](=O)[O-],1.31,1.3308802722202486,0.020880272220248575
3504,train,Cc1ccc(CNC(=O)C2CCCN2S(=O)(=O)c3ccc(F)cc3)cc1,2.9,2.8486032816962474,-0.051396718303752476
24,train,CNCC[C@@H](Oc1ccccc1C)c2ccccc2,1.2,1.3843648581727999,0.1843648581727999
1812,train,CC(C)C(NC(=O)CN1C(=O)C(=CN=C1c2ccccc2)NC(=O)OCc3ccccc3)C(=O)C(F)(F)F,2.12,2.472807719632101,0.3528077196321009
520,train,CC(=O)c1ccc(nc1)N2CCN(CC2)S(=O)(=O)C[C@]34CC[C@H](CC3=O)C4(C)C,2.21,2.122551135262364,-0.08744886473763591
1842,train,CS(=O)(=O)c1ccc(c[n+]1[O-])C(=O)Nc2ccc(F)cc2,0.84,1.2107088199026288,0.37070881990262883
976,train,COC[C@H](C)Oc1cc(O[C@@H](C)Cc2ccccc2)cc(c1)C(=O)Nc3ccc(cn3)C(=O)O,1.5,1.1098963488541067,-0.3901036511458933
3623,train,Cc1ccc(cc1)S(=O)(=O)Nc2ccc(\C=C\C(=O)Nc3ccccc3N)cc2,2.82,2.7316905099120987,-0.08830949008790112
1707,train,C[C@H]1C[C@H]2[C@@H]3CC[C@](O)(C(=O)C)[C@@]3(C)C[C@H](O)[C@]2(F)[C@@]4(C)C=CC(=O)C=C14,2.65,2.495237944648267,-0.15476205535173282
1473,train,C1NCC(CC=C1)c2ccc3ccccc3c2,1.64,1.8270946747878631,0.18709467478786324
1224,train,NC(=N)Nc1ccc(cc1)C(=O)Oc2ccccc2,-0.21,0.11470113701410245,0.3247011370141024
2071,train,Cc1nc2ccc(NC(=O)CCNC(=O)N)cc2s1,0.9,0.8319900075588451,-0.06800999244115491
3016,train,COc1ccccc1CNC(=O)NS(=O)(=O)c2ccc(Cl)cc2,0.87,1.1242873216550038,0.2542873216550038
2379,train,NCC[C@@H](Oc1cc(Cl)c(F)cc1C#N)c2ccccc2,0.77,1.1284074530422248,0.35840745304222477
3953,train,C[C@H](Nc1nc(Nc2cc([nH]n2)C3CC3)cnc1C#N)c4ccc(F)cn4,3.18,3.205261760458698,0.02526176045869777
830,train,Cc1cc(N)c2cc(NC(=O)CCC(=O)Nc3ccc4nc(C)cc(N)c4c3)ccc2n1,1.39,1.1243380646861214,-0.2656619353138785
3291,train,CSc1ncccc1C(=O)NCCc2ccc(Cl)cc2,3.31,2.9867879993091093,-0.32321200069089073
4170,train,Oc1cccc2Oc3ccccc3C(=O)c12,3.8,3.672094553172179,-0.12790544682782068
883,train,CC(C)C(NC(=O)CN1C(=O)C(=CC=C1c2ccccc2)NC(=O)Cc3ccccc3C(=O)O)C(=O)C(F)(F)F,1.14,1.0847284584095607,-0.05527154159043923
18,train,COc1cc(ccc1N2CC[C@@H](O)C2)N3N=Nc4cc(sc4C3=O)c5ccc(Cl)cc5,3.15,2.997466277424951,-0.1525337225750487
3222,train,O=S(=O)(N1CCCC1)c2ccccc2c3ccc(CNC4CCOCC4)cc3,1.4,1.5137120702951052,0.11371207029510533
2246,train,COc1ccc(CNC(=O)N(CC=C)C2CCN(CCC(c3ccccc3)c4ccccc4)CC2)cc1,3.6,3.5477484124727736,-0.05225158752722647
1079,train,CO[C@H]1CN(CCN2C(=O)C=Cc3ccc(cc23)C#N)CC[C@H]1NCc4cc5OCCOc5cn4,0.63,0.9075460575032892,0.2775460575032892
2662,train,CCCSc1ncccc1C(=O)N(C)C2CCCCC2,3.36,3.1548087704786476,-0.20519122952135227
3609,train,O[C@@H](CNCCc1cccc(CNCc2ccccc2Cl)c1)c3ccc(O)c4NC(=O)Sc34,1.85,1.7835444417142299,-0.06645555828577021
3932,train,CN[C@@H](C)C(=O)N[C@H](C(=O)N[C@H]1CCCN(CCc2ccccc2OC)C1)C(C)(C)C,1.61,1.4784111865756002,-0.13158881342439988
1579,train,CCOC(=O)Nc1ccc2Sc3ccccc3N(C(=O)CCN4CCOCC4)c2c1,3.1,3.0167765024039364,-0.08322349759606373
1506,train,NC(=O)c1cc(cc(c1)[N+](=O)[O-])[N+](=O)[O-],0.81,0.4746268469399668,-0.33537315306003324
1039,train,CCC(=O)NCC[C@@H]1CCc2ccc3OCCc3c12,2.57,2.190292907569751,-0.379707092430249
2343,train,Cc1ccc(cc1)C(=O)Oc2ccc(cc2OC(=O)c3ccc(C)cc3)C(O)CNC(C)(C)C,3.57,3.2353888779472832,-0.3346111220527166
4119,train,Cc1ccnc(NCc2ccccc2O)c1,3.35,3.245725555621386,-0.1042744443786141
1605,train,COc1cc(ccc1Nc2ncc(Cl)c(n2)c3cnc4ccccn34)N5CC6CN(CCO)CC(C5)O6,2.5,2.5133040546798604,0.0133040546798604
1403,train,NC(=O)c1cccc(OC2CCN(CC3CC3)CC2)c1,0.49,0.5366043452639302,0.0466043452639302
3784,train,COc1ccc(cc1)c2cc(N)n3ncc(C#N)c3n2,2.42,2.355974589227083,-0.06402541077291701
3381,train,COc1cccc(Nc2c(cnc3c(C)cc(cc23)S(=O)(=O)c4cccc(c4)C(=O)N(C)C)C(=O)N)c1,2.69,2.7774187573444467,0.08741875734444671
46,train,CC(Nc1ncnc2ccccc12)c3ccccc3,3.4,3.002359929493403,-0.397640070506597
2338,train,CN(C1CCN(CCC(c2ccccc2)c3ccccc3)CC1)C(=O)c4ccncc4,2.8,2.8104319465418133,0.010431946541813453
483,train,NCc1nc2ccccc2[nH]1,0.4,0.7425723150956192,0.34257231509561914
2795,train,Clc1cc(Cl)cc(NC(=O)NCC2(CCN(CC3CC3)CC2)c4ccc(cc4)c5cccc(c5)C#N)c1,3.37,3.4643861943218495,0.09438619432184936
453,train,CC(=O)Nc1ccc2ccn(c3cc(NC4COC4)n5ncc(C#N)c5n3)c2c1,2.24,2.6998055889000474,0.4598055889000472
4162,train,OC(=O)COc1ccc(cc1c2ccccc2c3ccccc3)C(F)(F)F,1.38,1.141144711572711,-0.23885528842728898
967,train,CCN(CC)C(=O)c1ccc(cc1)C(=C2CCN(Cc3ccc(F)cc3)CC2)c4cccnc4,3.65,3.3199579731440987,-0.3300420268559012
1035,train,CCOc1ccc(cc1)N2C(=O)c3cccnc3N=C2[C@@H](C)N(CC4CCN(C)CC4)C(=O)Cc5ccc(F)c(c5)C(F)(F)F,1.4,1.5625967221730779,0.16259672217307797
3433,train,COC1=CC=C2C(=CC1=O)[C@H](CCc3cc(OC)c(OC)c(OC)c23)NC(=O)C,0.82,1.130843220124315,0.3108432201243151
1778,train,Nc1ncnc2nc(cc(c3cccc(Br)c3)c12)c4ccc(nc4)N5CCOCC5,3.2,3.023328476151954,-0.17667152384804607
966,train,c1ccc(nc1)c2nc3ccccc3[nH]2,2.5,2.545185745312126,0.045185745312125825
2554,train,Nc1nc(N)c(c(COCc2ccccc2)n1)c3ccc(NC(=O)C4CC4)cc3,2.46,2.66114184164719,0.20114184164718996
131,train,O=C1C=COc2cc(OCc3ccccc3)ccc12,3.33,2.805593791782169,-0.5244062082178309
2317,train,Nc1ccc(cc1)S(=O)(=O)c2ccc(N)cc2,0.88,0.9205371384798264,0.04053713847982643
4074,train,Clc1cccc(C(=O)NCC23CC4CC(CC(C4)C2)C3)c1Cl,4.37,3.889300187731207,-0.4806998122687931
1487,train,Clc1cnc(OC2CCNCC2)cc1C(=O)NCC34CC5CC(CC(C5)C3)C4,1.56,1.2875419264941086,-0.27245807350589146
2751,train,c1ccc2ccccc2c1,3.29,2.400270899527631,-0.8897291004723691
425,train,NC(=O)Nc1sc(cc1C(=O)N)c2ccc(OCCN3CCCCC3)cc2,1.2,1.7312466457492137,0.5312466457492138
35,train,CN(C)c1ccnc2sc(C(=O)NCc3ccccc3)c(N)c12,3.62,3.2549955973646467,-0.3650044026353534
3035,train,COc1cc(ccc1Nc2ncc(Cl)c(n2)c3cnc4c(CO)cccn34)N5CCN(CC5)C(=O)C,3.1,3.1960151541504516,0.09601515415045148
3983,train,CN(C)C(=O)c1ccc(cc1)C(=C2CCN(Cc3cscn3)CC2)c4cccc5cccnc45,2.3,2.167333318952032,-0.13266668104796775
1614,train,CCc1cccc2c(cn(CC(=O)NCCOC)c12)C#N,1.95,1.7672364571966002,-0.1827635428033998
1104,train,CN(C)CC(O)COc1ccc(Nc2nccc(n2)N(CC#C)c3cc(Cl)ccc3Cl)cc1,3.2,2.746908988654743,-0.4530910113452573
758,train,CC1(CC1)c2c(cnn2c3ccc(cc3)C(=O)O)C(=O)NC4C5CC6CC(CC4C6)C5,1.11,1.2128998104839306,0.10289981048393049
4135,train,CC(C)CN1C(=O)N(C)C(=O)c2c1sc(Cc3ccnc4ccccc34)c2C(=O)N5CC[C@@H](O)C5,1.65,1.551494649154395,-0.09850535084560486
1468,train,ON(C=O)C1(CS(=O)(=O)N2CCN(CC2)c3ccc(F)cc3)CCC1,1.34,1.5354811445049052,0.19548114450490517
617,train,COc1cccc(CNCc2cccc(CCNC[C@H](O)c3ccc(O)c4NC(=O)Sc34)c2)c1,0.91,0.6372052965180286,-0.27279470348197143
4035,train,FC(F)(F)Oc1ccccc1S(=O)(=O)NCC(N2CCCCCC2)c3ccccc3,4.09,3.7717527435107114,-0.3182472564892884
2590,train,OC(=O)[C@H](Cc1ccc(OCCCNc2ccccn2)cc1)NC(=O)c3c(Cl)cccc3Cl,-0.22,-0.07174208057440135,0.14825791942559866
3823,train,O[C@@H](CNCCCSCCNCCc1cccc(Cl)c1)c2ccc(O)c3NC(=O)Sc23,1.06,1.027409167987106,-0.03259083201289403
4073,train,Cc1cc(C)cc(c1)c2c(O)nc3cc(Cl)c(cc3c2OCCC4CCCCN4)C(=O)Nc5ccncn5,1.7,1.6574856662127195,-0.04251433378728042
3094,train,CC(C)CN1C(=O)N(C)C(=O)c2c1sc(Cn3c(C)nc4ccccc34)c2C(=O)N5CC[C@@H](O)C5,1.34,1.6096742095704082,0.2696742095704081
1573,train,CCCC(C)(COC(=O)N)COC(=O)NC(C)C,2.01,1.3401977526977888,-0.6698022473022109
2378,train,C[C@H](CO)Nc1nc(SCc2ccccc2)nc3NC(=O)Sc13,2.86,2.7740831376705497,-0.08591686232945017
2689,train,COc1cc(ccc1Cn2cnc3ccc(NC(=O)CC4CCCC4)cc23)C(=O)NS(=O)(=O)c5ccccc5,0.9,1.3215079937624226,0.42150799376242254
2857,train,CN(C)CCOc1ccc(cc1)c2cc(C(=O)N)c(NC(=O)N)s2,1.16,1.3053591342246291,0.1453591342246292
839,train,NC1(CCC1)c2ccc(cc2)c3ncc4cccnc4c3c5ccccc5,1.7,2.088466984444197,0.38846698444419725
3217,train,COc1cc2c(Nc3ccc(Cl)cc3F)ncnc2cc1OCCCN4CCOCC4,3.4,3.4008419260559215,0.0008419260559215935
1674,train,CCN(CC)C(=O)c1ccc(cc1)C(=C2CCN(Cc3ccc(F)cc3)CC2)c4ccccn4,3.28,3.208788428196627,-0.07121157180337301
2563,train,OCCN1C=Cc2c(NC(=O)Cc3ccc(Cl)c(c3)C(F)(F)F)cccc2C1=O,3.36,3.206743474074073,-0.1532565259259271
3156,train,CCCCC(O)c1[nH]c2cc(C)c(cc2c1CCc3ccccc3)C(=O)O,2.59,2.6125114673820518,0.022511467382051897
489,train,COc1ccc2[nH]c3CCN(Cc3c2c1)C(=O)[C@@H]4CCCC[C@H]4C(=O)NC5(CC5)C#N,2.4,2.49950533785472,0.09950533785471993
1646,train,O.O.O.CC(=O)O[C@@]12CO[C@@H]1C[C@H](O)[C@]3(C)[C@@H]2[C@H](OC(=O)c4ccccc4)[C@]5(O)C[C@H](OC(=O)[C@H](O)[C@@H](NC(=O)OC(C)(C)C)c6ccccc6)C(=C([C@@H](O)C3=O)C5(C)C)C,3.4,3.485634756919661,0.08563475691966094
3020,train,COc1cc(C)c(c(C)c1)S(=O)(=O)N(C)CCOCC(=O)N2CCC(CC2)C3CCN(C)CC3,0.3,0.13390449247866743,-0.16609550752133256
3884,train,Nc1c(nc(nc1N2CCOCC2)C#N)N3CCCCC3,2.71,2.599147944629779,-0.1108520553702208
579,train,CCc1nc2c(N)nc3ccccc3c2n1CCCCNS(=O)(=O)C,1.24,1.3088367959124207,0.06883679591242076
25,train,Clc1ccc(N2CCN(CC2)C(=O)CCCc3ccncc3)c(Cl)c1,3.93,3.970929811894345,0.04092981189434486
2023,train,CCNC(=O)c1cc2c(c(cnc2[nH]1)c3cncc(c3)C(=O)N)n4ccc(n4)C(F)(F)F,1.81,1.44115587922643,-0.36884412077357
4192,train,COc1cc(F)ccc1c2cncc(CNC3CCCCC3)c2,2.6,2.631928411548981,0.03192841154898085
4153,train,Fc1ccc(CNC(=O)CCS(=O)(=O)c2ccc(Br)cc2)cc1,3.1,3.155260101836533,0.05526010183653307
2768,train,CN[C@@H](C)C(=O)N[C@H](C(=O)N[C@H]1CCCN(CCc2ccc(Br)cc2)C1)C(C)(C)C,2.92,2.550461460883329,-0.3695385391166708
1413,train,Cc1cc(CN2Cc3ccccc3C[C@H]2C(=O)Nc4ccc(Cl)cc4Cl)ccc1OCC(=O)O,2.41,2.2018331651595555,-0.20816683484044463
2761,train,COc1cc2ncnc(Nc3ccc(F)c(Cl)c3)c2cc1OCCCN4CCCCC4,3.3,3.3627100009767075,0.06271000097670765
3579,train,CCOC(=O)c1cc(O)c(nn1)c2ccccc2,0.69,1.0529035701438996,0.3629035701438996
2522,train,O=C1C2CCC(N2)C(=O)N1Cc3ccccc3,2.21,1.8071706930943658,-0.4028293069056341
12,train,O=C1CCCCCN1,-0.08,0.3906537009617148,0.4706537009617148
396,train,O=C(Nc1cccc(NC(=O)c2ccccc2)n1)c3ccccc3,4.02,3.464843398249883,-0.5551566017501166
2348,train,CC(C)N(c1ccnc(Nc2cc(cc(c2)N3CCOCC3)N4CCOCC4)n1)c5cc(CO)ccc5C,3.9,3.7138220613594086,-0.1861779386405913
91,train,Cc1cc(CCCOc2c(Cl)cc(cc2Cl)C3=NCCO3)on1,3.72,3.444272511129263,-0.27572748887073706
486,train,OCCN1CC=CC[C@@H](C1)c2ccc(Cl)c(Cl)c2,2.37,2.1324194169062407,-0.2375805830937594
2025,train,CC1=C(CCC(=O)O)C(=O)Oc2c(C)c(O)ccc12,-0.3,-0.1627040419514536,0.13729595804854638
969,train,COc1cc(CCc2cc(Nc3ccnc(NCc4ccccn4)n3)n[nH]2)cc(OC)c1,3.5,3.6151948535437,0.11519485354369996
1038,train,Fc1ccccc1COc2cc(OCCCN3CCCC3)ccc2C(=O)Nc4ccccc4,3.85,3.606496284899162,-0.24350371510083813
3386,train,CN1CCN(CC1)C(=O)c2cccc(CC3=NNC(=O)c4ccccc34)c2,0.92,0.9613739043148724,0.04137390431487231
2988,train,CCN1C(=O)N(CC)c2[nH]c(nc2C1=O)c3ccccc3,3.3,3.0848940487466487,-0.21510595125335108
2873,train,CCOc1ccc(CCNCCCSCCNC[C@H](O)c2ccc(O)c3NC(=O)Sc23)cc1,0.41,0.5627215808285038,0.1527215808285038
659,train,Nc1nc(N)c2cc(NCc3ccc(Cl)c(Cl)c3)ccc2n1,2.22,2.2344691084315618,0.014469108431561573
2548,train,COc1ccc(cc1)c2nc3c(NCCCNC(=O)C)c(Br)cnc3[nH]2,3.28,2.469684027664815,-0.8103159723351849
2890,train,CN(CCNC[C@H](O)c1ccc(O)c2NC(=O)Sc12)C(=O)CCOCCc3ccccc3,1.21,1.2389665042631193,0.028966504263119308
1218,train,NC(=O)Nc1cc(sc1C(=O)N[C@H]2CCCNC2)c3ccccc3,1.04,1.146132998604163,0.10613299860416303
4104,train,CCN1CCCC1CNC(=O)c2cc(ccc2OC)S(=O)(=O)N,-1.2,-0.6898998093530819,0.510100190646918
170,train,CCN1CCC[C@H]1CNC(=O)c2c(O)c(Cl)cc(Cl)c2OC,1.09,0.9553728104986394,-0.13462718950136066
4078,train,FC(F)(F)c1ccc(NC(=O)N2CCN(C[C@@H]3CCCN(C3)C4CC4)CC2)cc1Cl,4.06,4.037564428968331,-0.02243557103166882
3836,train,OC(=O)c1ccccc1NC(=O)Nc2ccccc2,-0.12,0.7645172457315133,0.8845172457315132
1501,train,COCCC(C)n1nc(C)c(C(=O)N[C@@H](C)C(C)(C)C)c1NS(=O)(=O)c2ccc(C)cc2,0.78,0.9145921024053805,0.13459210240538044
1603,train,CCOc1cc2ncc(C(=O)N)c(Nc3ccc(F)cc3F)c2cc1N4CCC(O)CC4,2.74,2.6556523591003875,-0.08434764089961266
1535,train,CC(C)Nc1nc(NCc2ccccc2)c3sccc3n1,3.9,3.8265121820442674,-0.07348781795573256
3495,train,CNC(=O)c1cccc(NC(=O)Nc2cccc(c2)C#N)c1CN3CCC(Cc4ccc(F)cc4)CC3,3.97,3.846189656675513,-0.12381034332448726
1921,train,COc1cc(Oc2ccnc3ccc(F)cc23)ccc1CC(=O)Nc4noc(C)c4C,4.06,3.8969557288799415,-0.16304427112005815
682,train,CCc1csc(n1)N2CCN(CC2)C(=O)[C@@H]3CCCC[C@H]3C(=O)NC4(CC4)C#N,2.1,2.08341206046076,-0.016587939539240093
3175,train,COc1cc(O)c(cc1NC(=O)CCC(=O)O)S(=O)(=O)N2C(C)CCc3ccccc23,-0.27,-0.14156110437027536,0.12843889562972466
2500,train,O=C1C(=O)c2cc(ccc2c3ccccc13)c4ccsc4,3.1,3.6492672949211604,0.5492672949211603
2465,train,Nc1cc(nc2ccccc12)c3ccccc3,2.2,1.8936233561087756,-0.30637664389122454
529,train,CN(c1ccnc(Nc2cc(CN3CCOCC3)cc(c2)N4CCOCC4)n1)c5cc(CO)ccc5C,3.0,3.0555879043767815,0.055587904376781516
1133,train,C[C@@H]1CCCN1CCc2oc3ccc(cc3c2)c4ccc(cc4)C#N,3.51,3.2610726940758603,-0.24892730592413947
1173,train,Cc1ccc(s1)C(NC(=O)c2ccccc2O)C(=O)Nc3c(C)cccc3C,4.05,3.7270538403719007,-0.32294615962809914
354,train,CC1(C)N(Cc2ccnc(c2)N3CCOCC3)C(=O)N(C1=O)c4ccc(SC(F)(F)F)cc4,3.73,3.522528300689832,-0.20747169931016796
3430,train,C[C@H](Nc1nc(Nc2cc(C)[nH]n2)c(Cl)c(n1)N3CCOCC3)c4ncc(F)cn4,2.61,2.7352315533579903,0.1252315533579904
1309,train,N[C@H](Cc1c[nH]c2ccccc12)C(=O)O,-0.92,-0.8109654395258525,0.1090345604741475
3384,train,CC(C)Oc1cc(ccc1NC(=O)CN2CCOCC2)c3cccc4C(=O)C=C(Oc34)N5CCOCC5,3.0,2.8787311207357567,-0.12126887926424335
3417,train,CC(=O)c1noc(C)c1C(=O)Nc2nccs2,1.94,2.049488844771883,0.10948884477188292
4097,train,COc1cc(c2nc(cc(n2)C3(CC3)S(=O)(=O)C)N4CCOCC4)c5cc[nH]c5c1,2.4,2.655463463836136,0.25546346383613594
3590,train,COc1cc(cc2cnc(Nc3ccc(cc3)[C@@H](C)NC(=O)C)nc12)c4ccncc4,2.73,2.7487050574261715,0.018705057426171567
3287,train,CNc1cccc(CCOc2ccc(C[C@H](NC(=O)c3c(Cl)cccc3Cl)C(=O)O)cc2)n1,-0.15,-0.5530456771096275,-0.40304567710962746
509,train,CC1(C)[C@@H]2CC[C@@]1(CS(=O)(=O)NC3CCN(CC3)c4ccc(cn4)C(F)(F)F)C(=O)C2,3.84,3.905823110764951,0.06582311076495095
1584,train,O=S(=O)(Nc1cccnc1)c2ccccc2,0.84,0.8569079965236044,0.01690799652360442
1978,train,CC(=O)NC[C@H]1CN(C(=O)O1)c2ccc(N3CCN(CC3)c4cnccn4)c(F)c2,1.49,1.7033945659513963,0.21339456595139628
960,train,C[C@]12N[C@H](Cc3ccccc13)c4ccccc24,1.6,1.8714361183362733,0.27143611833627324
902,train,NC(Cc1cc(I)c(Oc2ccc(O)c(I)c2)c(I)c1)C(=O)O,0.97,0.4479251764318406,-0.5220748235681594
536,train,Oc1ccc(cc1)C2=Cc3ccc(O)cc3OC2=O,2.9,2.6812414676151555,-0.21875853238484444
3577,train,NC(=N)c1cc2c(\C=C\c3ccc4OCOc4c3)cccc2s1,2.2,1.9622325119838022,-0.23776748801619796
1685,train,C[C@@H](c1ncncc1F)[C@](O)(Cn2cncn2)c3ccc(F)cc3F,1.7,1.629825695076181,-0.07017430492381904
1005,train,C[C@H](Nc1nc(Nc2ncc(C#N)s2)cc(n1)N3CCOCC3)c4ncc(F)cn4,2.26,2.4326428994353178,0.17264289943531796
504,train,CN1[C@@H]2CC[C@H]1C[C@H](C2)OC(c3ccccc3)c4ccccc4,1.49,1.655673908352858,0.165673908352858
3465,train,CC[C@H](C)C(=O)O[C@H]1C[C@H](O)C=C2C=C[C@H](C)[C@H](CC[C@@H](O)C[C@@H](O)CC(=O)O)[C@@H]12,-0.76,-0.42888880475048863,0.3311111952495114
2007,train,NC(=O)Nc1sc(cc1C(=O)N[C@H]2CCCNC2)c3ccc(F)cc3,1.76,1.727735343693949,-0.03226465630605091
2607,train,CCCc1c(O)c(ccc1OCc2ccc(cc2)c3nn[nH]n3)C(=O)C,3.1,2.896892282976345,-0.20310771702365527
128,train,Cn1ncnc1COc2nn3c(nnc3cc2C(C)(C)C)c4cc(F)ccc4F,2.4,2.4050510674723986,0.005051067472398696
539,train,COc1ccc(cc1)c2cc(O)c3cc(Cl)ccc3n2,2.7,2.921195039811133,0.22119503981113287
2179,train,COc1cc2ncnc(Nc3cccc(Cl)c3F)c2cc1OC4CCN(CC4)S(=O)(=O)C,2.82,2.9874783298809793,0.16747832988097944
3799,train,O=C(Nc1ccc(cc1)N2CCOCC2)c3oc(Nc4ccccc4)nn3,3.15,2.671694719230618,-0.4783052807693817
1936,train,CCN1CCN(Cc2ccc(cc2)c3cc4c(N[C@H](C)c5ccccc5)ncnc4[nH]3)CC1,3.97,3.7740875669963287,-0.19591243300367145
2841,train,CCN1CCC[C@H](C1)C(=O)N2CCN(CC2)C(=O)Nc3ccc(Cl)c(Cl)c3,1.6,1.887104217043523,0.28710421704352296
2991,train,CN1C(=O)NC(=O)C(C)(C2=CCCCC2)C1=O,1.5,1.1073594905094202,-0.3926405094905798
1643,train,CN[C@@H](C)C(=O)N[C@H](C(=O)N[C@H]1CCCN(CCc2ccc(O)cc2)C1)C(C)(C)C,0.77,1.168066627155342,0.3980666271553419
1066,train,Cc1onc(C)c1CCC2CCN(CC2)S(=O)(=O)CC3(CCOCC3)N(O)C=O,0.9,1.3878659326604517,0.48786593266045164
1099,train,C1NC(Cc2ccccc12)c3ccccc3,1.9,1.7438610031849224,-0.15613899681507748
1189,train,CN(C)c1nc(Cc2ccc(NC(=O)c3ccc(cc3)C(F)(F)F)cc2)nc(N(C)C)c1CC(=O)O,1.46,1.4439163946599431,-0.016083605340056817
2034,train,Cc1ccc2c(c1)c([S+]([O-])c3ccc(Cl)cc3)c(C)n2CC(=O)O,0.05,0.09508372898730322,0.045083728987303215
2617,train,CC(C)CN1C(=O)N(C)C(=O)c2c1sc(Cc3ccccc3C(F)(F)F)c2S(=O)(=O)N4CC[C@@H](O)C4,3.32,3.266455589276726,-0.05354441072327365
2793,train,CC(=O)NC[C@H]1CN(C(=O)O1)c2ccc(N3CCN(CC3)c4ccc(cn4)C#N)c(F)c2,1.98,2.0720699740704824,0.09206997407048245
1721,train,COc1cc2c(Nc3c(Cl)ccc4OCOc34)ncnc2cc1OCC5CCN(C)CC5,1.83,1.9008903148695766,0.07089031486957653
614,train,CN1SC(=NC1=O)NCc2ccccc2,1.2,1.5849725211288108,0.38497252112881086
1006,train,CCN(CC)CCNC(=O)c1ccc(N)cc1,-0.92,-0.06809595671460622,0.8519040432853938
1337,train,N(c1ccccc1)c2[nH]nnc2c3ccccc3,3.37,3.1047286507712153,-0.2652713492287848
415,train,Fc1cc(C(=O)Nc2cccc(c2)c3nnn[nH]3)c4nc[nH]c4c1,0.29,0.42231314334143066,0.13231314334143068
2691,train,Oc1ccc(cc1)C2=CC(=O)c3ccccc3N2,2.34,2.395232592011816,0.055232592011816184
2467,train,COc1ccc(cc1)c2cc3c(N[C@H]4CCCNC4)ncc(C(=O)N)c3s2,1.82,1.6591576437711264,-0.16084235622887366
1440,train,Nc1ncccc1NCc2cccc(c2)c3cccnc3,3.0,3.056031395333762,0.05603139533376211
2050,train,COc1cnc(nc1N(C)c2ccccc2)c3ccccn3,2.79,2.8206583777022205,0.030658377702220463
3202,train,CC(C)CN1C(=O)N(C)C(=O)c2c(SC(C)C)c(Cc3ccccc3C(F)(F)F)sc12,4.42,4.430930269854295,0.01093026985429546
1955,train,Cn1cnc(c1Sc2ncnc3nc[nH]c23)[N+](=O)[O-],0.19,0.5097266307817405,0.3197266307817405
574,train,CN[C@H]1CC[C@@H](c2ccc(Cl)c(Cl)c2)c3ccccc13,3.15,3.3688412733241213,0.2188412733241214
2243,train,COc1cc(CNc2nc3ccccc3[nH]2)cc(OC)c1OC,2.36,2.5226312740309,0.16263127403089994
933,train,Cc1ccc(cc1)S(=O)(=O)c2ccccc2,2.74,2.4777940529873588,-0.26220594701264144
134,train,CC(C)NCC(O)COc1ccc(COCCOC(C)C)cc1,0.1,0.28740722301136046,0.18740722301136045
2211,train,CC1=CN([C@H]2CCCN(C2)S(=O)(=O)c3ccc(O)c(Oc4cccc(F)c4)c3)C(=O)NC1=O,1.6,1.6840356116110315,0.08403561161103146
164,train,FC(F)(F)c1nnc2ccc(nn12)N3CCCCC3,3.0,2.775710250678663,-0.22428974932133716
750,train,CC1=CN([C@H]2CCCN(Cc3ccc(C(=O)O)c(Oc4cccc(Br)c4)c3)C2)C(=O)NC1=O,-0.51,-0.15255564991220139,0.3574443500877986
3435,train,CC(C)[C@@H]1N=C(c2ccccc2)c3ccccc3NC1=O,3.05,2.836704975989275,-0.21329502401072498
1486,train,Oc1ccc(cc1)c2nc3ccccc3nc2c4ccc(O)cc4,2.7,2.992024976339052,0.2920249763390519
1755,train,CC1=C(OCc2ccccc2)C(=O)C=CO1,1.87,1.8623305190585002,-0.007669480941499884
816,train,CC(C)CN1C(=O)N(C)C(=O)c2c1sc(Cc3ccnc4ccccc34)c2C(=O)N5C[C@H](O)CO5,2.14,1.9512236632058497,-0.1887763367941504
1230,train,Cc1onc(c1)[C@H](O)[C@](C)(OCc2ccc(cc2)c3ccccc3)C(=O)NO,2.88,2.810495554476582,-0.06950444552341795
3650,train,Brc1cnc(NCc2ccccc2)nc1Nc3cc([nH]n3)C4CC4,4.11,3.8625448246711285,-0.24745517532887185
4185,train,Cc1ccnc(NS(=O)(=O)c2ccc(N)cc2)n1,-0.51,-0.2006691452644156,0.3093308547355844
3397,train,CC1CCCCC1NC(=O)c2c(C)nn(c2NS(=O)(=O)c3ccc(C)cc3)c4ccccc4,1.94,1.8042736611686339,-0.1357263388313661
908,train,CCN1C=C(C=C(C)C1=O)[C@@]2(N=C(N)c3c(F)cccc23)c4cccc(c4)c5cc(ccn5)C#CC,4.4,4.166590572403436,-0.23340942759656436
3518,train,CCn1c(nc2c(ncc(OCC3CCCNC3)c12)C#CC(C)(C)O)c4nonc4N,0.6,0.5754845642160857,-0.02451543578391424
741,train,O=C1Nc2ccccc2C=C1,1.32,1.4833201207808364,0.16332012078083635
2656,train,Cc1cc(C)cc(CCOCCS(=O)(=O)NCCNCCc2ccc(O)c3nc(O)sc23)c1,2.45,2.161166044051348,-0.28883395594865213
2442,train,CC12NC(Cc3ccccc13)c4ccccc24,1.7,1.8714361183362733,0.17143611833627337
3940,train,CCN1CCN(CC1)C(=O)c2cc3ccccc3[nH]2,1.95,2.1603967034329696,0.21039670343296968
1215,train,CC(C)C(NC(=O)CN1C(=O)C(=CC=C1c2ccccc2)NC=O)C(=O)C(F)(F)F,1.84,1.718552107136822,-0.12144789286317814
3593,train,C[C@H](Nc1nc(Nc2ncc(C)s2)cc(n1)N3CCOCC3)c4ncc(F)cn4,2.68,2.845500154548449,0.1655001545484489
2813,train,NC(=O)c1cc(sc1N)c2ccccc2,2.7,2.6516962001635287,-0.048303799836471484
2336,train,Nc1ccc(Cl)c(c1)c2oc3cccnc3n2,1.97,2.171284603790856,0.201284603790856
3466,train,O[C@H](CNC(=O)c1cccc(c1)C#N)CN2CCC(CC2)Oc3ccc(Cl)c(Cl)c3,3.48,3.597814976232175,0.11781497623217518
2296,train,OC(=O)c1ccc(Nc2ncc3CN=C(c4cc(Cl)ccc4c3n2)c5c(F)cccc5F)cc1,2.58,2.4571931479793245,-0.12280685202067554
3750,train,COc1ccc2c(Oc3ccc(CC(=O)Nc4n[nH]c(C)c4C)c(OC)c3)ccnc2c1,3.78,3.691701561321813,-0.08829843867818665
2779,train,CN(C)S(=O)(=O)c1ccc2OCC(=O)N(CCN3CCC(CC3)NCc4ccc5OCC(=O)Nc5n4)c2c1,0.15,0.33454046782515134,0.18454046782515135
2647,train,CNCC[C@H](Oc1cccc2ccccc12)c3cccs3,2.09,1.9938494500756694,-0.09615054992433048
1667,train,CC(=O)Nc1cccc2c1c(Oc3ccc(Cl)cc3)c(C)n2CC(=O)O,-1.41,-0.6112827191287837,0.7987172808712162
283,train,CN1CCN2C(C1)c3ccccc3Cc4cccnc24,2.82,2.5310938084329404,-0.28890619156705943
3628,train,C[C@@H](NC(=O)[C@@H]1CCCC[C@H]1C(=O)N2CCc3[nH]c4ccc(F)cc4c3C2)C#N,3.1,3.270066139165675,0.1700661391656748
2646,train,COc1ccc(cc1)c2c(C)[nH]nc2c3ccc(O)cc3O,3.37,3.5389902700827203,0.16899027008272016
1393,train,Cc1cc(Nc2ccnc(NCc3onc(c3)C4CC4)n2)n[nH]1,2.5,2.526678686700355,0.02667868670035478
3075,train,CCN(CCCOCCOCCc1ccccc1)CCc2ccc(O)c3nc(O)sc23,2.45,2.6860638317097854,0.23606383170978518
3319,train,CN1[C@@H]2CC[C@H]1C[C@H](C2)OC(=O)C(O)c3ccccc3,-1.29,-0.35558274393225675,0.9344172560677433
3844,train,NC(=O)c1ccc(O[C@H]2C[C@H]3CC[C@@H](C2)N3Cc4ccccc4)nc1,1.25,1.417620512871312,0.16762051287131197
2989,train,CN(C)C(=O)N[C@@H]1CC[C@@H](CCN2CCN(CC2)c3ccc(Cl)cc3)CC1,2.81,3.0308147820563316,0.22081478205633154
372,train,Cc1cccc(Nc2ccccc2C(=O)O)c1C,1.89,1.9745944825531863,0.08459448255318636
2886,train,CC(C)Cn1cnc2c(N)nc3ccccc3c12,2.52,2.4041976989976597,-0.11580230100234035
1387,train,NC(=O)c1cc2ccccc2nc1N,1.07,1.8873494062263838,0.8173494062263837
3132,train,CC(C)n1c(C)ncc1c2nc(Nc3ccc(C(=O)N(C)C)c(F)c3)ncc2F,3.14,3.0586128679376823,-0.08138713206231785
3109,train,COc1ccc2[nH]c(cc2c1)C(=O)N3CCN(C)CC3,1.62,1.6769391071155817,0.05693910711558159
210,train,Cc1ccc2c(n1)c(Sc3ccc(Cl)cc3)c(C)n2CC(=O)O,0.35,0.5027777319288302,0.15277773192883026
2100,train,COc1ccccc1N2CCN(CC3=C(Br)C(=O)N(N3C)c4ccccc4)CC2,2.5,2.5616356117428367,0.061635611742836716
3432,train,CN(C)C(=O)c1ccc(CN2CCC(CC2)c3ccc(cc3)C(=O)Nc4ccccc4N)cc1,1.53,1.7554043757938675,0.22540437579386752
2247,train,COc1cc2c(Nc3ccc(Cl)cc3F)ncnc2cc1OC[C@@H]4CCCN(C)C4,2.9,2.810352124575675,-0.08964787542432484
651,train,CS(=O)(=O)N1CCN(Cc2cc3nc(nc(N4CCOCC4)c3s2)c5cccc6[nH]ncc56)CC1,3.3,3.2518097712595067,-0.04819022874049317
2397,train,CC(C)n1c(C)ncc1c2nc(Nc3ccc(cc3)C(=O)NC4CCN(C)CC4)ncc2F,2.13,2.0035762225246643,-0.12642377747533562
1177,train,CN1CCN(CC(=O)Nc2ccc(C3=CC=CN4C(=O)C=C(N=C34)N5CCOCC5)c6sc7ccccc7c26)CC1,2.6,2.569188815897135,-0.030811184102864875
4137,train,C[C@@](O)(C(=O)Nc1ccc(cc1Cl)S(=O)(=O)NCCN2CCOCC2)C(F)(F)F,2.14,2.271142971024352,0.13114297102435168
2970,train,Cc1ccc2c(c1)c(Sc3ccccc3Cl)c(C)n2CC(=O)O,1.71,1.922901424568835,0.21290142456883498
2298,train,CCO\N=C(\C1CCN(CC1)C2(C)CCN(CC2)C(=O)c3c(C)cc[n+]([O-])c3C)/c4ccc(Br)cc4,2.14,1.90224281514808,-0.2377571848519202
3542,train,CC(C)CN1C(=O)N(C)C(=O)c2c(SCCCO)n(Cc3cccc4ccccc34)cc12,4.36,4.40587952251391,0.0458795225139097
2780,train,O\N=C\1/C(=O)N(Cc2ccccc2[N+](=O)[O-])c3ccccc13,2.07,2.212576468133514,0.1425764681335142
1634,train,Fc1ccc(cc1)N2CCN(CC2)C(=O)[C@@H]3CCCC[C@H]3C(=O)NC4(CC4)C#N,2.12,2.404783944482671,0.28478394448267075
4071,train,CC1CN(CCN1)C(=O)c2cc3ccccc3[nH]2,0.94,1.140446821443654,0.2004468214436541
2688,train,CCNC(=O)c1cc2c(c(cnc2[nH]1)c3cncc(c3)C(=O)NC)n4ccc(n4)C(F)(F)F,2.21,1.9153469831180707,-0.29465301688192924
4109,train,CS(=O)(=O)c1ccc(CC(=O)N(C2CC2)C3CCN(CCC(c4ccccc4)c5ccccc5)CC3)cc1,2.89,2.550081180252375,-0.3399188197476253
2308,train,Cc1ccc(cc1NC(=O)c2ccc(OCc3ccccn3)cc2)c4ccc(N)nn4,2.47,2.448860445366042,-0.021139554633958113
2068,train,CC(C)n1c(C)ncc1c2ccnc(Nc3ccc(F)cc3)n2,3.62,3.5670605801003985,-0.0529394198996016
437,train,COc1ccc(CNC(=O)Nc2ncc(s2)[N+](=O)[O-])cc1,2.9,2.8060573464304537,-0.09394265356954623
3069,train,CNc1nc2ccccc2n1Cc3sc4N(CC(C)C)C(=O)N(C)C(=O)c4c3C(=O)N5C[C@H](O)CO5,1.77,1.9692380005835877,0.19923800058358765
87,train,C[C@H]1CN(Cc2cc(Cl)ccc2OCC(=O)O)CCN1C(=O)Cc3ccccc3,0.18,0.7083882332141851,0.5283882332141852
1044,train,C[C@@H](N1CCC[C@@H](C1)N2C=C(C)C(=O)NC2=O)c3ccc(C(=O)O)c(Oc4cccc(Cl)c4)c3,-0.3,-0.24834416994015873,0.05165583005984126
991,train,CC1=C(Cc2ccccc2)C(=O)n3nc(NCc4ccc(Cl)cc4)nc3N1,3.7,3.6349131811401905,-0.06508681885980971
461,train,C[C@@H]1CN(CCN1C(=O)[C@@H]2CCCC[C@H]2C(=O)NC3(CC3)C#N)c4ccc5c(C)nnc(C)c5c4,1.93,2.225417602917039,0.2954176029170392
2509,train,C(Oc1ccccc1)C2CNCCO2,0.2,0.3183332347047001,0.11833323470470009
681,train,COc1cc2ncnc(N3CC[C@H](C3)Oc4cnc5ccccc5n4)c2cc1OC,4.04,3.7252755105845115,-0.3147244894154886
2132,train,COc1cc2c(Nc3ccc(Br)cc3F)ncnc2cc1OC[C@@H]4CCCN(C)C4,3.05,2.943074266000071,-0.10692573399992877
2095,train,CC(C)CN1C(=O)N(C)C(=O)c2cn(Cc3cccc4ccccc34)cc12,4.41,4.257148402181022,-0.1528515978189784
2642,train,COc1cc2ncnc(Nc3cccc(Cl)c3F)c2cc1OC4CCN(C)CC4,2.72,2.749072048840849,0.029072048840848908
1329,train,Cc1ccc(cc1c2ccc(nc2)C(=O)NCC3CC3)C(=O)NC4CC4,3.36,3.137654411873757,-0.22234558812624305
3364,train,CC(=O)NCc1ccc(CN2CCN(CC2)c3ccccc3)cc1,1.78,1.9915702850345192,0.21157028503451913
3685,train,CC(C)n1c(C)ncc1c2nc(Nc3ccc(C(=O)N)c(F)c3)ncc2F,3.14,2.9581742529877224,-0.18182574701227772
1587,train,CC(C)N1CCN(Cc2cnc(c3ccc(cc3)C(=O)Nc4ccccc4N)c(c2)C#N)CC1,1.28,1.2545096967845333,-0.025490303215466747
3370,train,CCOc1cc(CC(=O)N[C@@H](CC(C)C)c2ccccc2N3CCCCC3)ccc1C(=O)O,2.31,2.2980004262975164,-0.011999573702483612
515,train,O=C(Nc1nnn[nH]1)C2=CC(=C3C=CC=CN3C2=O)Oc4ccccc4,0.67,0.5449698715155358,-0.12503012848446426
3761,train,O=C(N1CCCCC1)c2csc3CCCCc23,3.2,3.1241852214791788,-0.07581477852082141
3296,train,C1CC(CCN1)c2ccccc2,0.54,0.629105140222759,0.08910514022275895
2962,train,COc1cc2ncnc(Nc3ccc(F)c(Cl)c3)c2cc1OCCN4CCCC4,3.28,3.0785098051150586,-0.20149019488494124
316,train,Nc1ncc(nc1C(=O)Nc2cccnc2)c3ccc(cc3)S(=O)(=O)N4CCOCC4,2.83,2.8201119567447606,-0.00988804325523951
194,train,C[C@@H]1N[S@@](=O)(=NC1=O)c2cccc(c2)c3ccc(C)cc3,1.6,1.584164704081309,-0.01583529591869115
3778,train,Clc1ccc2OCOc2c1Nc3ncnc4cc(OCCN5CCCC5)cc(OC6CCOCC6)c34,2.6,2.945247595868209,0.3452475958682091
1292,train,Cn1c(Nc2ccc(cc2)C(F)(F)F)nc3cc(Oc4ccnc(c4)c5ncc([nH]5)C(F)(F)F)ccc13,3.45,3.6536620276186387,0.2036620276186385
361,train,Clc1ccc(NS(=O)(=O)c2ccc(Cl)s2)c(c1)C(=O)Nc3ccc(cc3)S(=O)(=O)N4CCOCC4,3.02,3.112856252027541,0.09285625202754089
873,train,CN1N(C(=O)C=C1C)c2ccccc2,0.11,0.7264166899143822,0.6164166899143823
3481,train,COc1cc(ccc1Cn2ncc3ccc(NC(=O)CC4CCCC4)cc23)C(=O)NS(=O)(=O)c5ccccc5,1.6,1.618671723245186,0.018671723245185845
851,train,CC(=O)C1=CN(Cc2ccccc2)C(=O)N(Cc3ccc(F)cc3)C1=O,3.2,2.7791731728894704,-0.42082682711052977
1411,train,Clc1ccc2OCOc2c1Nc3ccnc(Nc4ccccc4)n3,3.9,4.061570639381134,0.16157063938113447
3471,train,Fc1ccc2c3CN(CCc3[nH]c2c1)C(=O)[C@@H]4CCCC[C@H]4C(=O)NC5(CC5)C#N,2.99,2.9908697382600287,0.000869738260028452
1297,train,COc1c(cc2ccccc2c1C(=O)N(C)C[C@@H](CCN3CCC(CC3)N4CCCNC4=O)c5ccc(Cl)c(Cl)c5)C#N,3.0,2.721790267651106,-0.2782097323488939
3078,train,CN(Cc1oc2ccccc2c1C)C(=O)\C=C\c3cnc4NC(=O)CCc4c3,2.36,2.4513446145273985,0.09134461452739862
4100,train,COc1ccc(Nc2cc(Nc3ccc(OCC(O)CN(C)C)cc3)ncn2)cc1,1.5,1.3090135287961722,-0.19098647120382783
4174,train,C(Cn1c2CCCCc2c3c(nc(nc13)N4CCCC4)N5CCCC5)N6CCOCC6,3.6,3.507783626335788,-0.09221637366421209
516,train,COc1cccc2c(O)cc(nc12)c3ccccc3,2.3,2.3026426417505554,0.002642641750555619
2337,train,C[C@@H]1CN(Cc2ccc(F)cc2)CCN1C(=O)COc3ccc(Cl)cc3NC(=O)N,1.91,2.0297941490622673,0.11979414906226737
370,train,COCCS(=O)(=O)N1CCN(CC1)c2ccc(Nc3nccc(n3)c4cnc(C)n4C(C)C)cc2,2.75,2.7840118577092055,0.03401185770920545
576,train,CCCN(C)c1nc(ccc1C(=O)NC2CCCCC2)N3CCC[C@@H](CC(=O)O)C3,2.28,2.062383150586176,-0.21761684941382375
3406,train,COc1cc(ccc1Nc2ncc(OC)c(n2)c3cnc4ccccn34)N5CCN(CC5)C(=O)C,3.2,3.243582946309806,0.04358294630980586
3859,train,COc1cc2ncnc(Nc3cccc(Cl)c3F)c2cc1CN(C)C4(CCN(C)CC4)C(=O)N,2.16,2.1420778834910967,-0.017922116508903407
1239,train,C[C@H]1COCCN1c2cc(CS(=O)(=O)C)nc(n2)c3ccc4[nH]ccc4c3,2.38,2.4210931341323882,0.041093134132388354
67,train,COc1cc2ncnc(Nc3ccc(F)c(Cl)c3)c2cc1OCCCN4CCCC4,3.13,3.038678988527086,-0.09132101147291394
1830,train,Nc1ccc2c(c1)C(=O)C(=O)c3cc(N)ccc23,1.72,1.5755622748878233,-0.14443772511217667
89,train,Cc1nc(C)c(nc1C(=O)N)c2ccc([C@@H]3CC[C@@H](CC(=O)O)CC3)c(F)c2,1.3,1.4793167679370933,0.17931676793709328
149,train,OCC(CO)N1C=Cc2c(NC(=O)CC34CC5CC(CC(C5)C3)C4)cccc2C1=O,2.62,3.035362051131108,0.4153620511311078
1709,train,CC1(COc2ccc3c(c2)ncn3c4ccc5cccc(N6CCC(N)CC6)c5n4)COC1,1.99,1.9569201157825367,-0.03307988421746333
2426,train,COc1ccc(cc1OC2CCCC2)[C@@]3(CC[C@H](CC3)C(=O)O)C#N,0.76,0.7316438926680489,-0.028356107331951153
3117,train,Cc1cc(F)ccc1OC2CCN(CC3CCN(CC3)[C@@H](Cc4ccc(F)cc4)C(=O)O)CC2,1.81,1.7449791589310455,-0.06502084106895456
1998,train,NC(=O)CN1C(=O)C(Cc2ccccc12)NC(=O)c3cc4cc(Cl)sc4[nH]3,3.22,3.017990359561013,-0.20200964043898706
2964,train,CN1SC(=O)c2cc(ccc12)S(=O)(=O)N,0.3,0.40144009883652343,0.10144009883652344
2830,train,CCN1C=C(C(=O)O)C(=O)c2cc(F)c(N3CCNC(C)C3)c(F)c12,-1.1,-1.117859351443117,-0.0178593514431169
2913,train,CCN(CC)CCNC(=O)c1cc(Cl)c(N)cc1OC,0.34,0.2596618243180242,-0.08033817568197582
1909,train,COc1cc2ncc(C(=O)N)c(Nc3ccc(F)cc3F)c2cc1NCCN4CCOCC4,2.68,2.6964816170123083,0.016481617012308103
4103,train,NC1=NC2(CCN(CC2)C(=O)c3ccc(cc3)C#N)Nc4c(F)ccc(F)c14,0.86,1.080963879789694,0.22096387978969412
1735,train,OC1N=C(c2ccccc2Cl)c3cc(Cl)ccc3NC1=O,2.38,2.4149547415512935,0.03495474155129363
2332,train,CNCc1ccc(cc1)c2[nH]c3cc(F)cc4C(=O)NCCc2c34,1.17,1.0128704763179233,-0.15712952368207667
2156,train,CC(C)c1c(O)c(O)c(C=O)c2c(O)c(c(C)cc12)c3c(C)cc4c(C(C)C)c(O)c(O)c(C=O)c4c3O,2.75,2.415607732577737,-0.3343922674222628
560,train,O[C@]1(CN2CCC1CC2)C#Cc3ccc(Oc4ccc(cc4)C(=O)NC5CCCS(=O)(=O)C5)cc3,1.4,1.4549877617663782,0.05498776176637832
260,train,OC(=O)COc1ccc(cc1CN2CCN(CC2)S(=O)(=O)c3ccccc3)C(F)(F)F,0.4,0.3625452941742915,-0.037454705825708534
943,train,CC(C)N1C(=O)N(CC2CC2)c3nn(Cc4ccnc5ccc(Cl)cc45)c(c6cncn6C)c3C1=O,4.02,3.9614134094825766,-0.05858659051742299
1456,train,Fc1cccc(COc2cc(OCCCN3CCCC3)ccc2C(=O)Nc4ccccc4)c1,3.67,3.5394925451225214,-0.1305074548774785
1064,train,Cc1cccc(NS(=O)(=O)c2ccc(cc2)c3ccc(cc3)C#N)n1,2.42,2.56762938497285,0.14762938497285027
3934,train,CCN(C1CCN(CC[C@H](C2CCN(CC2)S(=O)(=O)C)c3ccccc3)CC1)C(=O)Cc4ccc(cc4)S(=O)(=O)C,1.05,1.4851938741262636,0.43519387412626354
3266,train,CC[C@@H](CO)Nc1nc(SCc2ccccc2)nc3nc(N)sc13,2.99,3.340742931446057,0.3507429314460566
1439,train,CN(C1CCN(CCC(c2ccccc2)c3ccccc3)CC1)C(=O)Cc4ccc(Cl)cc4,3.5,3.990758394417779,0.4907583944177789
2251,train,CS(=O)(=O)c1cccc(Nc2nccc(Nc3cccc4OCOc34)n2)c1,2.83,2.8912178817068943,0.06121788170689424
1371,train,COc1ccccc1C2=COc3cc(O)ccc3C2=O,2.55,2.6476622208017657,0.0976622208017659
3478,train,O=C1C=C(Nc2cc(Cc3ccccc3)ccc12)c4cccnc4,3.46,3.115826361321872,-0.3441736386781278
3403,train,CS(=O)(=O)c1ccc2[nH]c3CCN(Cc3c2c1)C(=O)[C@@H]4CCCC[C@H]4C(=O)NC5(CC5)C#N,1.5,1.6618202220005682,0.16182022200056823
2177,train,CN1C(=O)N(CC2CC2)c3nn(Cc4ccnc5ccc(Cl)cc45)c(c3C1=O)c6nc(cn6C)S(=O)(=O)C,2.64,2.7504053372123614,0.11040533721236123
2914,train,CC(C)C(NC(=O)CN1C(=O)C(=CC=C1c2ccccc2)NC(=O)NCc3ccccn3)C(=O)C(F)(F)F,2.15,2.1054319725548134,-0.04456802744518651
3546,train,COc1ccc(CNCc2cccc(CCNC[C@H](O)c3ccc(O)c4NC(=O)Sc34)c2)cc1,0.86,0.8650193261500576,0.005019326150057624
319,train,CC[C@H](NC(=O)c1c([S+](C)[O-])c(nc2cc(Br)ccc12)c3ccccc3)c4ccccc4,3.18,3.366157501230148,0.18615750123014774
456,train,Cc1ncc(CO)c(CO)c1O,-0.58,-0.325681097889575,0.25431890211042496
3033,train,CC(=O)Nc1cc(CN2C(=O)N(C(=O)C2(C)C)c3ccc(SC(F)(F)F)cc3)ccn1,2.93,2.9652146542742126,0.03521465427421244
451,train,Nc1n[nH]cc1c2cc(ccc2Oc3cc(F)c(cc3Cl)S(=O)(=O)Nc4cscn4)C(F)(F)F,2.65,2.645942230850231,-0.004057769149768742
3491,train,CCc1cc2C(=NCc3nnc(C)n3c2s1)c4ccccc4Cl,2.52,2.4490364726459557,-0.07096352735404432
1552,train,NC(=N)N1CCc2ccccc2C1,-1.01,-0.058260169649579474,0.9517398303504205
4015,train,Cn1cnc2c(c3ccc(cc3)C4(N)CCC4)c(ccc12)c5ccccc5,2.5,2.43341398748315,-0.06658601251684981
281,train,CC(=O)Nc1ccc2c(c1)c(Sc3ccc(Cl)cc3)c(C)n2CC(=O)O,0.2,0.8186587536474239,0.618658753647424
823,train,CNC(=O)C[C@H](Nc1ncc(Cl)c(Nc2cc([nH]n2)C3CC3)n1)c4ccc(F)cc4,2.23,2.5577670526744933,0.32776705267449335
2107,train,CC(C)Oc1cc(OCCN2CCOCC2)cc3ncnc(Nc4c(Cl)ccc5OCOc45)c13,3.68,3.3669335373158154,-0.3130664626841848
473,train,CN1C(=N)N(CC(=O)c2ccc(Cl)cc2)c3ccccc13,1.63,1.5315843382916825,-0.09841566170831739
1961,train,NNC1=Nc2ccccc2NC1=O,0.44,0.43750282648286776,-0.002497173517132245
3901,train,CC(C)(Cc1cccc(CC(=O)NCc2cccc(c2)c3ccc(O)cc3)c1)NC[C@H](O)c4ccc(O)c(NS(=O)(=O)C)c4,1.91,2.125981066590822,0.21598106659082217
881,train,CC(=O)Nc1nc(N)n(n1)c2ccccc2,-0.2,0.21661432150984172,0.41661432150984173
1426,train,CCCC(=O)Nc1ccc(Cl)c(c1)c2oc3cccnc3n2,3.37,3.3197871683123656,-0.05021283168763446
1677,train,C[C@]12CCC(=O)C=C1C=C[C@@H]3[C@@H]2CC[C@@]4(C)[C@H]3CC[C@@]45CCC(=O)O5,3.2,3.106092976499081,-0.09390702350091917
1723,train,NS(=O)(=O)c1cc(ccc1Cl)C2(O)NC(=O)c3ccccc23,0.97,1.2996042166519444,0.3296042166519444
3942,train,Cc1ccc(NC(=O)N2CCN(C[C@@H]3CCCN(C3)C4CC4)CC2)cc1Cl,3.37,2.9997985818330606,-0.3702014181669395
709,train,Cc1nc2nc(nn2c(O)c1Cc3ccccc3)c4cccnc4,1.52,1.4970112277554937,-0.02298877224450635
3816,train,CCN(C1CCN(CCC(N2CCN(CC2)c3cccc(F)c3)c4ccccc4)CC1)C(=O)Cc5ccc(cc5)S(=O)(=O)C,3.21,3.1967813637467004,-0.013218636253299554
595,train,CC(C)C(NC(=O)CN1C(=O)C(=CN=C1c2ccc(F)cc2)NC(=O)OCc3ccncc3)C(=O)C(F)(F)F,2.22,2.094042289752676,-0.12595771024732416
2438,train,Cc1cccc2c(CCNCc3cccc(CCNC[C@H](O)c4ccc(O)c5NC(=O)Sc45)c3)c[nH]c12,1.13,1.0500364481662126,-0.07996355183378734
1620,train,Nc1nc(OC2CCCC2)nc3c1ncn3[C@@H]4O[C@H](CF)[C@@H](O)[C@H]4O,1.5,1.4102370134117534,-0.08976298658824655
2712,train,COc1cc(OC)c(cc1NC(=S)NCC(=O)O)S(=O)(=O)N2C(C)CCc3ccccc23,-1.04,-0.4646561634467874,0.5753438365532126
748,train,COc1ccc(cc1)C(=O)C2CCN(CC2)C(=O)c3ccc(F)cc3,2.92,2.8839840645169383,-0.03601593548306159
4171,train,COc1cc2c(Nc3cc(CC(=O)Nc4cccc(F)c4F)[nH]n3)ncnc2cc1OCCCN(CCO)CC(C)C,3.61,3.092270636339552,-0.5177293636604481
632,train,CC(C)CNCc1ccc(cc1)c2ccccc2S(=O)(=O)N3CCCC3,1.9,1.9833751282828755,0.08337512828287563
3678,train,NS(=O)(=O)c1ccc(Nc2nccc(n2)c3cnc4ccccn34)cc1,2.7,2.709842805735986,0.009842805735985838
1180,train,CC[C@H](NC(=O)c1c([S+](C)[O-])c(nc2ccccc12)c3ccccc3)c4cccnc4,2.2,2.276231805796562,0.07623180579656186
1332,train,Oc1cc(OCc2ccccc2)ccn1,1.69,2.0339540812453474,0.34395408124534743
693,train,Oc1cc(O)c2C(=O)C(=COc2c1)c3ccc(cc3)[N+](=O)[O-],3.24,3.2492048525409074,0.009204852540907194
796,train,Fc1ccc2[nH]c3CCN(Cc3c2c1)C(=O)[C@@H]4CCCC[C@H]4C(=O)NC5(CC5)C#N,3.0,3.0153379648320477,0.015337964832047746
674,train,CC1CCN(CC1)C(=O)c2scc3OCCOc23,2.26,2.0080477500332763,-0.2519522499667235
729,train,Cc1ccc(NC(=O)c2cccc(c2)N3CCOCC3)cc1NC(=O)c4ccc(OCc5ccccn5)cc4,3.2,3.339598556835327,0.13959855683532663
1500,train,COc1ncccc1c2cccc3c(N)c4C(=O)N(Cc4nc23)C5CCC5,3.26,3.1064626003705884,-0.15353739962941138
1927,train,COc1cc2ncc(C(=O)N)c(Nc3ccccc3Cl)c2cc1OC,2.89,3.2392181397338247,0.34921813973382454
3415,train,O=C1C=C(Oc2c1cccc2c3cccc4c5CCCCc5sc34)N6CCOCC6,4.1,4.198555423583687,0.09855542358368741
1869,train,CN1C(=O)C(=Cc2cnc(NC3CCOCC3)nc12)Oc4ccc(F)cc4F,2.76,2.7601962719901496,0.0001962719901498211
3911,train,COC(=O)N1CCN(C(CC(=O)NCc2ccc3OCOc3c2)C1)c4ccnc(n4)n5ccnc5,1.88,1.8517817049022818,-0.028218295097718116
2193,train,C[C@H](Nc1nc(Nc2cc(C)[nH]n2)cnc1C#N)c3ccc(F)cn3,2.51,2.681499911508502,0.1714999115085023
4139,train,CC(=O)N[C@@H]1CC2(CCN(Cc3ccc4[nH]c5ccccc5c4c3)CC2)c6ccccc16,2.96,2.9039302621416017,-0.056069737858398305
970,train,[O-][N+](=O)c1cc(ccc1NCCSc2ccccc2)S(=O)(=O)NC(=O)c3ccc(cc3)N4CCNCC4,-0.04,-0.049032613210785225,-0.009032613210785224
1074,train,CCC(N(CCCN)C(=O)c1ccc(C)cc1)C2=Nc3ccsc3C(=O)N2Cc4cccnc4,0.01,0.4545622648461549,0.4445622648461549
749,train,CC(C)NC[C@@H](C(=O)N1CCN(CC1)c2ncnc3[C@H](O)C[C@@H](C)c23)c4ccc(Cl)cc4,1.3,1.5639925678141626,0.2639925678141626
814,train,CN1CCN(CC1)C(=O)c2cc3ccccc3n2C,1.71,1.65031302039354,-0.059686979606459856
866,train,COc1ccc2N=CC(=O)N(CCN3CC[C@H](NCc4cc5OCCOc5cn4)[C@H](O)C3)c2c1,0.77,0.8353728771210316,0.06537287712103157
594,train,COCCC(=O)N[C@H](C)c1ccc(Nc2ncc3cc(ccc3n2)c4ccncc4)cc1,3.08,3.0118967000982684,-0.0681032999017317
3562,train,CN(C)S(=O)(=O)c1ccc(CC(=O)N(C)C2CCN(CCC(c3ccccc3)c4ccccc4)CC2)cc1,3.5,3.3133469493315326,-0.18665305066846738
1913,train,Cc1cc(CNc2ncc(Cl)c(Nc3cc(C)[nH]n3)n2)on1,2.68,2.466225287686982,-0.21377471231301826
2986,train,CN(C)C(=O)[C@H](Cc1ccccc1)NC(=O)c2cc3cc(F)ccc3[nH]2,3.5,3.6591794318656037,0.15917943186560368
3128,train,CN1CCN(CC1)c2ccc3N=CN(C(=O)c3c2)c4cc(NC(=O)c5cccnc5)ccc4C,1.5,1.6497785592395346,0.14977855923953465
3898,train,NC(=O)C(NC(=O)C1(N)CCN(CC1)c2ncnc3[nH]ccc23)c4ccc(Cl)cc4,2.2,2.4205637304756307,0.2205637304756305
1424,train,Nc1ccccc1NC(=O)c2ccc(cc2)c3ncc(CN4CCCCC4)s3,2.82,2.7608073071929997,-0.059192692807000125
3339,train,Clc1ccc2OCOc2c1Nc3ccnc(Nc4cc(cc(c4)N5CCOCC5)N6CCOCC6)n3,3.25,3.409194041450671,0.15919404145067118
3427,train,CCOc1cc2nnc(C(=O)N)c(Nc3ccc(F)cc3F)c2cc1N4CCN(C)CC4,2.63,2.427040698162591,-0.20295930183740873
3711,train,CN1C(=O)C=C(CCc2cccc(c2)c3cccnc3)N=C1N,2.5,2.438814186744006,-0.06118581325599415
2572,train,COc1cc2ncnc(Nc3cc(Cl)ccc3F)c2cc1OCCCN4CCOCC4,3.4,3.1295322870803384,-0.27046771291966154
607,train,Cc1ccc2c(c1)c(c(C)n2CC(=O)O)c3ccnc4c(Cl)cccc34,1.27,1.21167733352417,-0.058322666475830065
1885,train,CN1CCN(CC1)c2cc(Nc3cc(C)[nH]n3)nc(Sc4ccc(NC(=O)C5CC5)cc4)n2,3.47,3.183947272285279,-0.2860527277147211
241,train,Cc1nnsc1C(=O)Nc2ccccc2,0.97,1.438827632693497,0.46882763269349703
1565,train,CNC(=O)c1ccc(Nc2nccc(n2)c3cnc(C4CC4)n3C(C)C)cc1,2.77,2.8998068405277344,0.1298068405277344
3997,train,COc1nc(Br)cnc1NS(=O)(=O)c2ccc(Cl)s2,0.99,1.7124370346596671,0.7224370346596671
3991,train,Nc1ncnc2sc(nc12)c3c(ncn3Cc4ccccc4N5CCOCC5)c6ccccc6,3.58,3.517030675036785,-0.06296932496321528
3046,train,CCOc1nc2cccc(C(=O)O)c2n1Cc3ccc(cc3)c4ccccc4c5nnn[nH]5,0.3,0.13284967113637558,-0.1671503288636244
3245,train,O=C(NCCCN1CCCCC1)C(c2ccccc2)c3ccccc3,1.33,1.594999177562852,0.26499917756285196
3461,train,NC1(CCC1)c2ccc(cc2)c3ncc4ccccc4c3c5ccccc5,3.6,3.0066775851078704,-0.5933224148921297
3630,train,CNC1=CN=C(N(CC(=O)NC(C(C)C)C(=O)C(F)(F)F)C1=O)c2ccc(F)cc2,1.86,1.5696608601568047,-0.29033913984319537
1330,train,CC(C)N=C1C=C2N(c3ccc(Cl)cc3)c4ccccc4N=C2C=C1Nc5ccc(Cl)cc5,3.17,3.3536175382259543,0.1836175382259544
2703,train,Cc1ccc(cc1)C(=O)c2ccc(CC(=O)O)n2C,-1.02,-0.24734481771679828,0.7726551822832017
50,train,OC(=O)c1ccc(NC(=O)c2cc(OCc3ccccc3F)cc(OCc4ccccc4F)c2)nc1,3.0,2.8441553240860644,-0.15584467591393558
679,train,CC[C@H](NC(=O)c1c(N)c(nc2ccccc12)c3ccccc3)c4ccccc4,3.89,3.445125232457535,-0.44487476754246513
2431,train,CN[C@@H](C)C(=O)N[C@@H](C1CCCCC1)C(=O)N[C@H]2CCCN(C2)C(=O)c3ccccc3,0.87,1.1372695407084799,0.26726954070847986
656,train,COc1cc2ncnc(Nc3ccc(Cl)c(O)c3)c2cc1OC,3.3,3.1386637714150734,-0.16133622858492647
3198,train,[O-][N+](=O)c1oc(C=NN2CCOC2=O)cc1,-0.12,-0.09509062411641533,0.02490937588358466
1466,train,CCCc1c(O)c(ccc1OCCCSc2ccc(CC(=O)O)cc2Cl)C(=O)CC,3.57,3.316719278335312,-0.25328072166468774
1881,train,C[C@@H](Oc1cccc2ncnc(Nc3ccc(OCc4ccccn4)c(Cl)c3)c12)C(=O)N(C)CCO,3.56,3.5678953144745105,0.007895314474510418
2357,train,C[C@H](Cc1cccc(CC(=O)NC23CC4CC(CC(C4)C2)C3)c1)NC[C@H](O)c5ccc(O)c(CO)c5,2.4,2.423066409143937,0.023066409143936983
2818,train,O=C1NC(=O)c2cc(OCc3ccccc3)ccc12,3.1,2.9991125768547158,-0.10088742314528432
2709,train,C[C@H](CO)Nc1nc(SCc2cccc(F)c2F)nc3NC(=O)C=Cc13,3.36,3.289952153016386,-0.07004784698361366
1495,train,CC1=CC2=NNC(=O)N2c3cc(ccc13)c4ccc(cc4)C(=O)N5CCOCC5,2.77,2.574453572697676,-0.19554642730232397
1895,train,C[C@H](NC(=O)c1c(C)nn(C2CCN(CC(F)(F)F)CC2)c1NS(=O)(=O)c3ccc(C)cc3)C(C)(C)C,1.08,0.9908121713666818,-0.08918782863331831
3212,train,CC(C)n1c(C)ncc1c2nc(Nc3ccc(cc3)C(=O)N4CCCN(C)CC4)ncc2F,2.02,2.148559053508392,0.12855905350839203
1059,train,ONC(=O)c1ccc(NS(=O)(=O)c2ccccc2)cc1,0.75,1.101582547893403,0.35158254789340293
567,train,Nc1n[nH]c(Nc2ccccc2)n1,1.06,1.4767533686990455,0.41675336869904545
1594,train,CCNC1=CC=C(N(CC(=O)NC(C(C)C)C(=O)C(F)(F)F)C1=O)c2ccccc2,2.37,2.199216202692724,-0.1707837973072759
3026,train,CCCNc1nc(ccc1C(=O)NC2CCCCC2)N3CCC[C@@H](CC(=O)O)C3,2.33,2.3568754132639054,0.0268754132639053
1159,train,O[C@H](CNC(=O)C1=CNC(=O)c2c(F)cccc12)CN3CCC(CC3)Oc4ccc(Cl)c(Cl)c4,3.15,3.220930513348717,0.07093051334871703
2121,train,Clc1ccc2C(=O)C3=C(Nc2c1)C(=O)NN(Cc4ccncc4)C3=O,-0.16,0.20082509295884576,0.3608250929588458
2926,train,Cc1nc2c(cnn2c(O)c1Cc3ccccc3)C#N,0.68,1.2237857204465588,0.5437857204465587
2878,train,CC(C)OC(=O)N1CCC(CC1)Oc2ncnc3c2cnn3c4ccc(cc4F)S(=O)(=O)C,3.0,3.1197461229500054,0.11974612295000542
2321,train,CC(=O)O[C@H]1CC[C@]2(C=O)[C@H]3CC[C@]4(C)[C@H](CC[C@]4(O)[C@@H]3CC[C@]2(O)C1)C5=CC(=O)OC5,0.64,0.7987917051017752,0.1587917051017752
905,train,CC1(C)CCC(=C(CN2CCN(CC2)c3ccc(cc3)C(=O)NS(=O)(=O)c4ccc(N[C@H](CCN5CCOCC5)CSc6ccccc6)c(c4)S(=O)(=O)C(F)(F)F)C1)c7ccc(Cl)cc7,0.64,0.9964309008322789,0.3564309008322789
4127,train,c1ccc(cc1)c2[nH]nc3ccccc23,3.79,3.795365532877408,0.005365532877407819
2720,train,Nc1nccc(n1)c2cccs2,1.75,1.4561927104155903,-0.2938072895844097
1518,train,CC(C)n1c(C)ncc1c2ccnc(Nc3ccc(cc3)C(=O)NCCO)n2,2.09,2.2913282962720882,0.20132829627208837
73,train,C[C@H](NC(=O)c1cccnc1Oc2ccccc2)c3ccccc3,2.91,3.0620480807631796,0.15204808076317944
1139,train,Nc1nnc(s1)c2ccccc2,1.8,1.8524949254263392,0.052494925426339156
2895,train,CC1=C(C(=O)c2cc(O)c(O)c(Cc3ccccc3)c2C1=O)C4=C(C)C(=O)c5c(Cc6ccccc6)c(O)c(O)cc5C4=O,2.73,2.491443427187807,-0.23855657281219278
376,train,Nc1nc(OCc2nccs2)nc3c1ncn3[C@@H]4O[C@H](CF)[C@@H](O)[C@H]4O,0.47,0.7215761834638039,0.25157618346380395
3674,train,CN1CCN(CC1)C(=O)Cc2csc(NS(=O)(=O)c3cccc(Cl)c3C)n2,0.57,0.6149529176962272,0.044952917696227224
326,train,CC1N(C(=O)c2ccccc2)c3ccccc3NC1=O,2.11,2.2125752675352945,0.10257526753529467
1538,train,CCOC(=O)c1ccc(COCC2CCN(CC2)c3ccc(C)nn3)cc1,2.68,2.6652544362938713,-0.014745563706128895
234,train,CC[C@H](NC(=O)c1c([S+](C)[O-])c(nc2ccccc12)c3ccc(F)cc3)c4ccccc4,3.72,3.5329435149498525,-0.1870564850501477
36,train,CN1CCN(CC1)c2ccc3N=CN(C(=O)c3c2)c4cc(NC(=O)c5cscn5)ccc4C,2.06,2.114797189211582,0.054797189211582165
3797,train,COc1ccc(cc1)c2nc3c(NCC4CCNCC4)c(Br)cnc3[nH]2,1.36,1.637652199994958,0.27765219999495794
2198,train,CC1=CN([C@H]2CCCN(C2)[C@H](CC3CCOCC3)c4ccc(C(=O)O)c(Oc5cccc(Cl)c5)c4)C(=O)NC1=O,-0.25,0.3739133385392368,0.6239133385392368
1691,train,Cc1ccc(CN2[C@@H]3CC[C@H]2C[C@H](C3)Oc4cccc(c4)C(=O)N)s1,2.39,2.275065757589461,-0.11493424241053907
990,train,C[C@@H]1CNc2c(sc3ccc4nc(ccc4c23)c5ccc(C)nc5)C(=O)N1,3.6,3.4076901717665,-0.1923098282335003
174,train,CCOc1ncc(C)c2NC(=C([C@@H](c3ccc(cc3OC)C#N)c12)C(=O)N)C,2.51,2.604430601441317,0.09443060144131721
1027,train,CN[C@@H](C)C(=O)N[C@H](C(=O)N[C@H]1CCCN(CCc2ccc(OC)cc2)C1)C(C)(C)C,1.45,1.659471788864201,0.20947178886420104
1642,train,CN(C)C\C=C\C(=O)Nc1cc2c(Nc3ccc(F)c(Cl)c3)ncnc2cc1O[C@H]4CCOC4,3.7,3.4917660043532335,-0.2082339956467667
566,train,CN(C1CCN(Cc2ccc(cn2)C(F)(F)F)CC1)C(=O)Cc3ccc(cc3)n4cnnn4,1.9,2.2352435986445194,0.33524359864451947
2283,train,Cc1nc(C)c(nc1C(=O)N)c2ccc([C@@H]3CC[C@H](CC(=O)O)CC3)c(Cl)c2,1.7,1.5258571564746397,-0.17414284352536025
2040,train,CN1CCN(CC1)c2ccc(Nc3ccnc4ccccc34)cc2,1.3,1.9076163282835061,0.6076163282835061
1911,train,OC(=O)CC[C@H]1[C@@H](Cc2ccccc12)NC(=O)c3cc4sc(Cl)c(Cl)c4[nH]3,2.84,2.34456753645467,-0.49543246354532977
3358,train,CCN(CC)C(=O)c1ccc(cc1)C(=C2CCNCC2)c3cccc(c3)C(F)(F)F,1.9,1.9781774405545058,0.07817744055450593
478,train,CNC(=O)c1ccc(CCC(COc2ccc(cc2)c3cccc(c3)[N+](=O)[O-])N4C(=O)CSC4=O)cc1,3.5,3.2372888228014256,-0.2627111771985744
2082,train,CN(C1CCCCC1)C(=O)c2cnn(c2NS(=O)(=O)c3ccc(C)cc3)c4ccccc4,2.01,1.751895648815852,-0.2581043511841479
11,train,C[C@H](Nc1nc(Nc2cc(C)[nH]n2)c(C)nc1C#N)c3ccc(F)cn3,2.61,2.741251190849483,0.1312511908494831
996,train,Oc1cccc2ccccc12,2.5,2.5293341986739333,0.029334198673933276
1817,train,CC1=CN([C@H]2CCCN(Cc3ccc(C(=O)O)c(Oc4cccc(Cl)c4)c3)C2)C(=O)NC1=O,-0.55,-0.45989753465296657,0.09010246534703348
353,train,Cc1cc(NC(=O)Nc2ccc(Cl)cc2)n(C)n1,2.96,3.116563561036524,0.15656356103652413
1470,train,Nc1ccccc1NC(=O)c2ccc(CNc3nccc(n3)c4cccnc4)cc2,2.28,2.1472564359646005,-0.13274356403539933
3343,train,COc1c(C)cnc(Cn2cnc3c(Cl)nc(N)nc23)c1C,1.67,1.5080231336158447,-0.1619768663841552
519,train,CN1CCN(CC1)c2nc(CCOc3ccc(C[C@H](Nc4ccccc4C(=O)c5ccccc5)C(=O)O)cc3)c(C)s2,2.58,2.4015015670466817,-0.17849843295331835
1749,train,CC1=CC2=NNC(=O)N2c3ccccc13,2.35,2.198073149865441,-0.1519268501345592
2980,train,CC[C@H](NC(=O)c1c([S+](C)[O-])c(nc2ccccc12)c3cccc(F)c3)c4ccccc4,3.14,3.4170801212315602,0.2770801212315601
742,train,CN(CCO)Cc1ccc(cc1)c2cc(C(=O)N)c(NC(=O)N)s2,0.97,1.3386489034271318,0.36864890342713186
1753,train,CN1CC(=O)N2[C@H](Cc3c([nH]c4ccccc34)[C@H]2c5ccc6OCOc6c5)C1=O,2.6,2.5821449464704873,-0.017855053529512777
3962,train,CN1CCN(CC1)S(=O)(=O)c2ccc(cc2)c3cnc(N)c(n3)C(=O)Nc4cnccc4CN5CCCC5,3.28,3.1072004641608393,-0.17279953583916052
1838,train,COc1ccc2nccc([C@@H](O)[C@@H]3C[C@H]4CCN3C[C@@H]4C=C)c2c1,2.26,2.21786696023411,-0.04213303976588989
3748,train,CN(C)CCCC(NC(=O)C1(N)CCN(CC1)c2ncnc3[nH]ccc23)c4ccc(Cl)cc4,1.4,1.335303411985581,-0.06469658801441902
926,train,Cn1nc(cc1NC(=O)Nc2ccc(Cl)cc2)C(C)(C)C,3.97,3.822948560652594,-0.14705143934740628
1563,train,CC(C)COc1cc(OC(C)C)cc(c1)C(=O)Nc2ccc(cn2)C(=O)O,1.6,1.5655508024280174,-0.034449197571982726
2851,train,Cc1[nH]c(\C=C\2/C(=O)Nc3ccc(F)cc23)c(C)c1C(=O)NC[C@H](O)CN4CCOCC4,2.22,2.2133621744296765,-0.006637825570323663
4014,train,CO[C@@H]1CC[C@@]2(CC1)Cc3ccc(cc3C24N=C(C)C(=N4)N)c5cc(Cl)cc(c5)C#N,3.8,3.8445659520696536,0.04456595206965375
1144,train,CC(N1NC(=O)C2=C(C1=O)C(=O)c3ccc(Cl)cc3N2)c4ccsc4,0.9,1.0018964184902837,0.10189641849028364
4012,train,Clc1cccc(c1)S(=O)(=O)NCC(N2CCCCCC2)c3ccccc3,3.39,3.313396449133313,-0.07660355086668691
2099,train,COc1cc(OC)c2nc(C)c3CCN(c4ccc(O)cc4)c3c2c1,1.5,1.5925268922907891,0.09252689229078914
1483,train,CC(C)C(NC(=O)CN1C(=O)C(=CN=C1c2ccc(F)cc2)NC(=O)OCc3ccccc3)C(=O)C(F)(F)F,2.47,2.4292675627265035,-0.040732437273496735
2455,train,CCN(CC)C(=O)c1ccc2[nH]c(c(CCNCCCCc3ccncc3)c2c1)c4cc(C)cc(C)c4,3.3,3.4414394208929373,0.14143942089293748
3210,train,CC(C)n1c(C)ncc1c2nc(Nc3ccc(C(=O)NC4CCN(C)CC4)c(F)c3)ncc2F,2.41,2.4814292937415394,0.07142929374153928
3885,train,Brc1ccc(OC(=O)N2CCN3CCC2CC3)cc1,1.58,1.5382561148320268,-0.04174388516797323
3253,train,Nc1ncnc2OCCN(C(=O)c12)c3ccc(cc3)[C@@H]4CC[C@@H](CC(=O)O)CC4,-0.5,-0.17723164618570708,0.3227683538142929
2371,train,CN(C1CCN(Cc2ccc(cc2)C(F)(F)F)CC1)C(=O)Cc3ccc(cc3)n4cnnn4,3.0,2.728861479255243,-0.2711385207447572
3133,train,COC(=O)CCC(=O)Nc1ccc2c(c1)C(=O)C(=O)c3cc(NC(=O)CCC(=O)OC)ccc23,2.67,2.3247190453311233,-0.34528095466887665
2573,train,Cc1ccccc1N2C(=Nc3cccc(C)c3C2=O)Cn4cnc5c(N)ncnc45,2.6,2.57898117725405,-0.02101882274595024
3329,train,CSc1nc(N)nc(n1)c2ccccc2,2.98,2.8642631096434292,-0.11573689035657075
1575,train,[O-][N+](=O)c1ccc2[nH]ncc2c1,2.2,2.106894791595546,-0.09310520840445413
1793,train,O=C(NCC#N)c1ccc(cc1)c2ccnc(Nc3ccc(cc3)N4CCOCC4)n2,2.37,2.438712968029896,0.0687129680298959
496,train,OC(=O)c1cc(ccc1O)c2ccc(F)cc2F,0.59,0.7877711331645356,0.19777113316453565
3769,train,CCC[C@@H](CN1CCCC1)N(C)C(=O)Cc2ccc(Cl)c(Cl)c2,2.27,2.577519845479216,0.30751984547921607
912,train,NC1CCN(CC1)c2nccc(C(=O)NCC34CC5CC(CC(C5)C3)C4)c2Cl,1.19,1.5465556661694002,0.35655566616940026
2906,train,CCC(N(CCCN)C(=O)c1ccc(C)cc1)C2=Nc3ccsc3C(=O)N2Cc4ccc(C)cc4,1.69,1.463619149171901,-0.2263808508280989
3758,train,CN(C)Cc1ccccc1Sc2ccc(C)cc2N,2.6,2.6267138136485237,0.026713813648523654
142,train,Cc1ccc(cc1NC(=O)c2ccc(OCc3ccccn3)cc2)c4nccn4C,2.83,2.746122025572717,-0.08387797442728306
387,train,Cc1ccc(cc1)S(=O)(=O)NC(=O)N2CCC(CC2)N3CCC(CC3)Oc4ccc(Cl)cc4,1.6,1.6021341251291805,0.002134125129180431
3860,train,COC(=O)c1c(C)[nH]c(C)c1C(=O)c2ccccc2Cl,2.7,2.6847272037749326,-0.015272796225067609
2978,train,OC[C@H](O)CN1C(=O)C(Cc2ccccc12)NC(=O)c3cc4cc(Cl)ccc4[nH]3,3.4,3.3602417665205646,-0.0397582334794353
2758,train,CC(C)CN1C(=O)N(C)C(=O)c2c1nn(Cc3cccc4ccccc34)c2c5ccncc5,4.3,4.311883741557988,0.011883741557988436
739,train,C[C@@H](NC(=O)C)c1ccc(Nc2ncc3cc(c(C)cc3n2)c4ccncc4)cc1,3.45,3.5310903522286052,0.08109035222860506
4131,train,CCOc1ccccc1N2CCN(Cc3c[nH]nc3c4ccc(F)cc4)CC2,3.38,3.5020205301091907,0.12202053010919078
2194,train,CC(=O)Nc1ccc2ccn(c3cc(NC4CC4)n5ncc(C#N)c5n3)c2c1,3.29,2.8675931206805134,-0.4224068793194866
1211,train,CN1C(=O)C(=Cc2cnc(NC(CCO)CCO)nc12)Oc3ccc(F)cc3F,1.5,1.347622583623894,-0.15237741637610602
1916,train,CC(C)[C@@H](CN1CC[C@](C)([C@@H](C)C1)c2cccc(O)c2)NC(=O)[C@H]3Cc4ccc(O)cc4CN3,2.39,2.4582052973296333,0.06820529732963321
3835,train,CCOC(=O)Nc1ccc(NCc2ccc(F)cc2)nc1N,2.22,2.439647482029856,0.21964748202985573
507,train,NS(=O)(=O)c1ccc(NCc2ccccc2)cc1,1.7,1.4108666172030153,-0.28913338279698464
1616,train,Nc1nc(nn1Cc2ccccc2)c3ccccc3,1.91,2.3520456469371616,0.44204564693716164
1638,train,C[C@@H]1CN(Cc2cc(Cl)ccc2OCC(=O)O)C[C@H](C)N1C(=O)Cc3ccccc3,0.7,0.9270780105659073,0.22707801056590737
827,train,CS(=O)(=O)c1ccc(cc1)[C@@H](O)[C@@H](CF)NC(=O)C(Cl)Cl,0.44,0.7196340233252538,0.27963402332525383
1884,train,C[C@@H]1CN(CCN1c2ncc(OCc3ccc(cc3C#N)S(=O)(=O)C)cn2)C(=O)OC(C)(C)C,3.3,3.1400382071482147,-0.15996179285178513
2020,train,OC(=O)COc1ccc(cc1c2cccc(c2)C#N)C(F)(F)F,0.05,-0.07811715980567913,-0.12811715980567911
3587,train,Fc1ccc(cc1Cl)S(=O)(=O)NCC(N2CCCCCC2)c3ccccc3,3.98,3.9612141643697045,-0.018785835630295455
1103,train,COc1ccc(C(=O)Nc2c(Cl)cncc2Cl)c3cccnc13,2.09,1.9360890393204389,-0.153910960679561
2683,train,CC(C)n1c(C)ncc1c2nc(Nc3ccc(cc3)C(=O)N4CC[C@@H](C4)N(C)C)ncc2F,2.16,2.370710060733401,0.2107100607334007
61,train,Cc1ccccc1NC(=O)CCS(=O)(=O)c2ccc(Br)s2,2.7,2.3438867074373078,-0.3561132925626924
2427,train,CCOc1ccccc1c2ccc(cc2)c3nc4ccc(F)cc4c(C(=O)NCCOCCN)c3C,2.46,2.3696196128175973,-0.09038038718240271
3958,train,COc1cccc(Nc2ncnc3cc(OC)c(OC)cc23)c1,3.1,3.2911272670188576,0.19112726701885752
3155,train,CC(N)COc1c(C)cccc1C,0.62,0.6849302064610396,0.06493020646103964
3559,train,Fc1ccc(CC2=NNC(=O)c3ccccc23)cc1C(=O)N4CCCNCC4,0.1,-0.04756791702425245,-0.14756791702425245
2085,train,CCC(C)Nc1nc(nc(N2CCOCC2)c1N)C#N,2.8,2.7820993860789685,-0.017900613921031372
1389,train,N#CCc1c[nH]c2ccc(OCc3ccccc3)cc12,3.71,3.511288859104077,-0.1987111408959228
3886,train,COc1ccc(COc2nc(Br)cnc2NS(=O)(=O)c3ccc(C)cc3)cc1OCCN(C)C,1.68,1.5806277088088385,-0.09937229119116142
3499,train,CC(C)C[C@H](CO)Nc1nc(SCc2cccc(c2)C#N)nc3nc(N)sc13,3.9,3.876798738572635,-0.023201261427364894
2881,train,CCOc1ccc2oc(C(=O)NC(CCSC)c3nc4cnccc4[nH]3)c(C)c2c1,4.31,4.095836515612012,-0.2141634843879876
3787,train,CNC1=Nc2ncccc2C(=NC1c3cccs3)c4ccccc4,2.68,2.854814874092864,0.1748148740928639
956,train,Cc1ccc2c(c1)c(c(C)n2CC(=O)O)c3ccnc4c(cccc34)C#N,0.52,0.4020449354295741,-0.11795506457042593
884,train,CCN(CC)c1ccc2C=C(C(=O)C)C(=O)Oc2c1,2.0,1.9033769773592373,-0.09662302264076272
1163,train,CCCSc1ncccc1C(=O)N(C)[C@H]2[C@@H]3CC4C[C@H]2C[C@@](O)(C4)C3,2.48,2.5464870072163444,0.06648700721634437
841,train,CC(C)OC(=O)C1=CN(Cc2c(F)cccc2F)c3sc(c(CN(C)Cc4ccccc4)c3C1=O)c5ccc(NC(=O)C(C)C)cc5,3.5,3.5767824993557493,0.07678249935574932
2565,train,CCC(NC(=O)c1ccc(C)cc1)C2=Nc3ccsc3C(=O)N2Cc4ccccc4,4.14,4.194726245342268,0.05472624534226789
3225,train,CC(Cc1ccc(O)cc1)NCC(O)c2cc(O)cc(O)c2,-0.06,0.26532360621065165,0.32532360621065165
3137,train,CCC(N1NC(=O)C2=C(C1=O)C(=O)c3ccc(Cl)cc3N2)c4ccncc4,0.6,0.9088845757747255,0.3088845757747255
2058,train,NC(=N)Nc1ccc(cc1)C(=O)Oc2ccc(cc2)[N+](=O)[O-],0.5,0.6718272126843337,0.17182721268433365
1043,train,CNCCCN1c2ccccc2CCc3ccccc13,1.24,1.1802282548153085,-0.05977174518469153
2067,train,COc1ccc(CNCc2ccc(cc2)c3cc(C(=O)N)c(NC(=O)N)s3)cc1,2.55,2.098401064106016,-0.4515989358939838
719,train,C[C@@H]1CN(CCN1c2ncc(OCc3ccncc3C#N)cn2)c4ncc(F)cn4,3.4,3.359012562186039,-0.04098743781396097
1808,train,COc1ncc2N=CC(=O)N(CCN3CCC(CC3)NCc4cc5OCCOc5cn4)c2n1,-0.14,-0.03950119739867697,0.10049880260132305
1291,train,CC[C@H](Nc1ncnc2[nH]cnc12)C3=Nc4cccc(F)c4C(=O)N3c5ccccc5,2.72,2.4115283803789125,-0.3084716196210877
2339,train,CC(C)n1c(C)ncc1c2ccnc(Nc3ccc(cc3)C#N)n2,3.62,3.3926791268999095,-0.22732087310009064
3697,train,CCOC(=O)Cc1csc(NS(=O)(=O)c2ccc(Cl)cc2)n1,1.32,1.3919570879453447,0.07195708794534461
641,train,C1Oc2ccc(Oc3ccnc(Oc4ccc(cc4)n5ccnc5)n3)cc2O1,3.27,3.1797255760241905,-0.09027442397580954
4034,train,COc1cc(OC2CCN(C)CC2)c3c(Nc4cccc5OCCOc45)ncnc3c1,2.26,2.3434387977329116,0.08343879773291185
0,train,Cn1c(CN2CCN(CC2)c3ccc(Cl)cc3)nc4ccccc14,3.54,3.6296264922769863,0.08962649227698627
901,train,CC1(O)CN(C1)S(=O)(=O)c2ccc3C(=CNC(=O)c3c2)C(=O)NC[C@@H](O)CN4CCC(CC4)Oc5ccc(Cl)c(Cl)c5,2.54,2.879430192031743,0.33943019203174307
1142,train,C[C@H]1CCCN1CCc2oc3ccc(cc3c2)c4ccc(cc4)C#N,3.25,3.2610726940758603,0.011072694075860312
712,train,CC1CC(CN)CC(CO)C1,-1.4,-1.2796763791575736,0.12032362084242632
1757,train,O=C1C(=O)c2cccnc2c3ccccc13,1.88,1.958172949465798,0.07817294946579811
941,train,Clc1ccc(cc1)c2oc(cc2)C(=O)N(Cc3ccccn3)c4ccc(cc4)N5CCNCC5,3.0,2.9934854666632784,-0.006514533336721584
2502,train,CN(C)CCCNC(=O)c1nc(Cl)c(N)nc1N,-1.0,-0.7975201694083203,0.20247983059167973
1319,train,C[C@H]1O[C@H]([C@H](O)[C@@H]1O)n2cnc3c(N)nc(OCC4CCC(F)(F)CC4)nc23,1.72,1.8636154999099124,0.1436154999099124
2399,train,CC(C)C(NC(=O)CN1C(=O)C(=CN=C1c2cccs2)NC(=O)OCC(F)(F)F)C(=O)C(F)(F)F,2.32,2.1275836818289497,-0.1924163181710501
806,train,COc1cc(F)ccc1c2cncc(CNC(=O)c3ccccc3)c2,3.76,3.670514441831676,-0.08948555816832382
1697,train,CS(=O)(=O)c1ccc(C(=O)Nc2ccc(Cl)c(c2)c3ccccn3)c(Cl)c1,2.84,2.6877353632537235,-0.15226463674627633
1234,train,Nc1nc(N)c(nc1Cl)C(=O)Nc2ccccn2,2.67,1.889861176629649,-0.780138823370351
1794,train,CNC(=O)C1(CCN(CC[C@H](CN(C)C(=O)c2cc(cc3ccccc23)C#N)c4ccc(Cl)c(Cl)c4)CC1)N5CCCCC5=O,2.5,2.3905516024004365,-0.10944839759956349
3707,train,Cn1c2ccccc2c3cc(NC(=O)CCc4ccncc4)ccc13,3.8,3.572969190996284,-0.22703080900371564
1455,train,COc1cc(cc(OC)c1OC)C(=O)Nc2cc(NC(=O)c3cccc(c3)N(C)C)ccc2C,2.54,2.831775188589269,0.291775188589269
2639,train,O[C@H]1CN(CCN2C(=O)C=Cc3ccc(cc23)C#N)CC[C@H]1NCc4cc5OCCOc5cn4,0.45,0.5746851628475018,0.12468516284750181
428,train,Oc1ccc(cc1)C2CNCCc3c(Cl)c(O)c(O)cc23,0.87,1.0311184908991553,0.1611184908991553
2925,train,Cc1c(Sc2ccc(Cl)cc2)c3ccc(Cl)cc3n1CC(=O)O,2.51,1.9803826837740661,-0.5296173162259337
3426,train,COc1c(N2C[C@@H]3CCCN[C@@H]3C2)c(F)cc4C(=O)C(=CN(C5CC5)c14)C(=O)O,-0.18,-0.4917435397202117,-0.3117435397202117
2791,train,Clc1ccccc1N2CCN(CC2)C(=O)NC3CCCCC3,3.78,3.427416541632479,-0.3525834583675209
3402,train,COc1ccc(\C=C\2/SC(=S)NC2=O)cc1OC,1.42,1.4309022847001596,0.010902284700159637
169,train,COc1cc2c(Nc3ccc(Cl)cc3F)ncnc2cc1OCCn4cncn4,3.2,3.2303914608013544,0.030391460801354242
847,train,C[Si](C)(C)C#Cc1cn(C[C@H]2CN(C(=O)O2)c3ccc(C4=CCS(=O)(=O)CC4)c(F)c3)nn1,1.26,1.1744796619531848,-0.08552033804681525
2335,train,Brc1ccccc1NC(=O)Nc2ccc(C#N)c3[nH]nnc23,1.64,1.8000626980384342,0.16006269803843431
3286,train,CC1=CC2=NNC(=O)N2c3cc(ccc13)c4cn[nH]c4,2.13,2.4819264785688957,0.3519264785688958
2142,train,CCOC(=O)N1CCN(CC1)C(=O)[C@H](Cc2cccc(c2)C(=N)N)NS(=O)(=O)c3c(cc(cc3C(C)C)C(C)C)C(C)C,1.67,1.6489243820036747,-0.02107561799632518
1528,train,N[C@H]1CCN(C1)c2c(Cl)cccc2\C=C\3/SC(=O)NC3=O,1.89,1.7626098723215478,-0.12739012767845215
3429,train,NC(=O)c1cccc(OC2CCN(Cc3ccccc3)CC2)c1,1.92,1.7812339865702422,-0.1387660134297577
1395,train,COc1cccc(c1)C(=O)NCCCOc2cccc3ccc(N)nc23,2.46,2.454672607433528,-0.005327392566472078
423,train,COc1ccc2N=CC(=O)N(CCN3CCC(CC3)NCc4cc5OCCOc5cn4)c2n1,0.83,0.7742194562826283,-0.05578054371737162
1352,train,CCN(C1CCN(CCC(c2ccccc2)c3ccccc3)CC1)C(=O)Cc4ccc(cc4)S(=O)(=O)C,3.0,2.488920928303945,-0.5110790716960549
1313,train,Clc1ccc2C(=O)C3=C(Nc2c1)C(=O)NN(Cc4cccs4)C3=O,1.52,1.3223879748531213,-0.1976120251468787
2062,train,COc1cc(ccc1Nc2ncc(Cl)c(n2)c3cnc4c(C)cccn34)N5CCN(CC5)C(=O)C,3.2,3.417398020111322,0.2173980201113217
1743,train,Clc1ccc2NC(=O)CN(C(c3ccccc3)c2c1)C(=O)c4occc4,3.0,2.9208579597380577,-0.07914204026194227
3284,train,CN(C1CCN(CCC(c2ccccc2)c3ccccc3)CC1)C(=O)Cc4ccc(cc4)S(=O)(=O)N,2.3,2.323510672218423,0.023510672218423068
4053,train,CN1CCN(CCCN2c3ccccc3Sc4ccc(cc24)C(F)(F)F)CC1,4.31,4.267954927312903,-0.04204507268709623
1897,train,c1ccc2[nH]ncc2c1,1.9,2.0107555763134437,0.1107555763134438
2528,train,CCN(CC)C(=O)Cc1csc(NS(=O)(=O)c2cccc(Cl)c2C)n1,1.67,1.6720892938702634,0.0020892938702634645
2126,train,Clc1ccc2C(=C3CCNCC3)c4ncccc4CCc2c1,1.48,1.8188869565716685,0.33888695657166856
1106,train,OCC(=O)N1CCC[C@@H]1COc2cccc3ncnc(Nc4ccc(OCc5ccccn5)c(Cl)c4)c23,3.71,3.467922598262448,-0.24207740173755177
3449,train,CC(C)CN1C(=O)N(C)C(=O)c2c1sc(Cc3ccccc3C(F)(F)F)c2C(=O)N4CC=CC4,3.53,3.4172055603189184,-0.11279443968108138
2210,train,Cn1cncc1c2c3C(=O)N(C4CC4)C(=O)N(CC5CC5)c3nn2Cc6ccnc7ccc(Cl)cc67,3.53,3.21894215108974,-0.3110578489102598
1592,train,C[C@H](Nc1ncc(F)c(Nc2cc([nH]n2)N(C)C)n1)c3ncc(F)cn3,1.98,2.118909367647597,0.1389093676475972
753,train,CN1CCN(CC1)c2ccc3N=CN(C(=O)c3c2)c4cc(NC(=O)c5ccc(cc5)C#N)ccc4C,2.73,2.5207375497434406,-0.20926245025655943
3739,train,[O-][N+](=O)c1cccc(c1)c2ccc(OCC(CCc3ccncc3)N4C(=O)CCC4=O)cc2,3.88,3.67484390111784,-0.2051560988821599
1336,train,COc1cc2ncnc(Nc3ccncc3)c2cc1OC,2.22,2.2509335160779154,0.03093351607791517
3534,train,OC[C@H](O)CN1C(=O)[C@H](Cc2ccccc12)NC(=O)c3cc4cc(Cl)sc4[nH]3,3.3,3.1750416961727153,-0.12495830382728457
280,train,COc1ccc(cc1OC)C2=COc3cc(O)cc(O)c3C2=O,2.8,2.6612457679583446,-0.13875423204165527
3970,train,OC(=O)C1CCn2c1ccc2C(=O)c3ccccc3,-0.93,-0.3168398234882681,0.6131601765117319
480,train,Oc1nc2cc(Cl)cc(Cl)c2c(O)c1c3ccccc3,1.6,2.047946590768189,0.447946590768189
565,train,Oc1ccc2OC(=O)C(=Cc2c1)c3ccccc3,3.12,2.8807898458377923,-0.2392101541622078
1001,train,C[C@H](N)C(=O)N[C@@H](CCc1ccccc1)\C=C\S(=O)(=O)c2ccccc2,1.66,1.5886015233543995,-0.0713984766456004
3341,train,NC(=O)Nc1sc(cc1C(=O)N[C@H]2CCCNC2)c3ccccc3,1.27,1.247870414810011,-0.022129585189988976
1731,train,CC(C)(C(=O)c1cccnc1)c2cccnc2,1.45,1.2941597974259627,-0.1558402025740373
1991,train,CS(=O)(=O)N1CCOc2cc(COc3ccccc3)cnc12,2.4,2.7472990115458638,0.34729901154586384
3606,train,Cc1ccc(NC(=O)c2ccnc(c2)N3CCOCC3)cc1Nc4ccnc(Cl)n4,3.1,3.0025350889988367,-0.09746491100116339
4048,train,O=C(NCc1ccncc1)c2ccc(Oc3ccccc3)cc2,3.26,3.0705334502055877,-0.18946654979441213
4084,train,C1CN2CCC1C(C2)c3ccc(cc3)c4ccccc4,1.76,1.8440518568615079,0.08405185686150785
1841,train,Cn1c(ccc1c2ccc3NC(=S)OC(C)(C)c3c2)C#N,3.4,3.410546540869273,0.010546540869273091
1254,train,C=CCN(C1CCN(CCC(c2ccccc2)c3ccccc3)CC1)C(=O)Nc4ccccc4,3.6,3.3329876537030763,-0.26701234629692383
3290,train,OC(=O)CCn1c2ccccc2c3ccccc13,0.6,0.6738357650206772,0.07383576502067724
201,train,Clc1ccccc1CCNC(=O)c2cc(ccc2Cl)N3N=CC(=O)NC3=O,1.29,1.6190807493625028,0.32908074936250276
2985,train,Clc1ccc2[nH]ccc2c1,3.28,2.729032985590859,-0.550967014409141
2766,train,Cn1ccc2c(cccc12)c3nc(CS(=O)(=O)C)cc(n3)N4CCOCC4,2.0,2.000959317530952,0.0009593175309521307
3019,train,Clc1ccc(cc1)C(=O)CN2C3=NCCN3c4ccccc24,2.62,2.7982777040389735,0.17827770403897336
1748,train,CN(C)CCNC(=O)c1ccc(Nc2ncc3cc(ccc3n2)c4ccncc4)cc1,2.29,2.364029813798701,0.07402981379870077
2341,train,O=C(NC1(CC1)C#N)[C@@H]2CCCC[C@H]2C(=O)N3CCN(CC3)c4nc5CCOCc5s4,1.42,1.6457871285357042,0.22578712853570426
2682,train,CN1C[C@H](c2ccccc2)c3cccc(N)c3C1,2.11,2.0486772590215927,-0.061322740978407175
4133,train,Fc1cc(ccc1C2=CCS(=O)(=O)CC2)N3C[C@H](Cn4nncc4F)OC3=O,3.54,3.2620211199286526,-0.2779788800713474
1285,train,CCOc1ccccc1c2ccc(cc2)c3nc4ccncc4c(O)c3C#N,3.0,2.7324322123950426,-0.26756778760495736
120,train,COc1cc2ncc(C(=O)N)c(Nc3cccc(Cl)c3F)c2cc1OC,3.6,3.360445097767626,-0.2395549022323742
4040,train,CC(C)CNc1nc(nc(N2CCN(CC2)C(=O)C)c1N)C#N,2.4,2.3376455871949715,-0.0623544128050284
2305,train,O=S(=O)(Nc1ccccc1c2ccccc2)c3ccccc3,3.96,2.704571175161972,-1.2554288248380279
1262,train,CCCCN1Cc2c(O)n3nc(cc3nc2C1=O)c4occc4,0.8,1.13961322539491,0.33961322539491
2262,train,Clc1ccc(OC2CCN(CC2)C3CCN(CC3)C(=O)C4=CNC(=O)c5ccccc45)cc1Cl,3.51,3.371951350505374,-0.13804864949462559
1240,train,COCCCc1cc(Nc2nc(NCc3onc(C)c3)ncc2Br)n[nH]1,3.07,3.106937074863403,0.03693707486340303
2090,train,C[C@H](NC(=O)c1c(C)nn(c1NS(=O)(=O)C2CCCCC2)c3ccccc3)C(C)(C)C,1.75,1.796359457007486,0.046359457007485894
1165,train,Fc1cccc(F)c1CS(=O)(=O)N2CCN(CC2)c3ncccc3C(F)(F)F,3.9,3.6579546044262843,-0.24204539557371563
1490,train,C(N1CCN(CC1)c2nc3ccccc3s2)c4nnnn4Cc5cccs5,3.65,3.208729229647826,-0.4412707703521739
2055,train,CN1C=CNC1=S,-0.42,0.4511417526591883,0.8711417526591883
3097,train,OC(=O)c1[nH]c2cc(Cl)cc(Cl)c2c1\C=C\3/CCN(C3=O)c4ccccc4,1.85,1.9234081631869324,0.07340816318693233
1016,train,OC(=O)[C@H](Cc1ccc(OCCNc2nc3ccccc3[nH]2)cc1)NC(=O)c4c(Cl)cccc4Cl,0.6,0.852517817964271,0.252517817964271
1138,train,NC(=O)N1c2ccccc2C[C@H](O)c3ccccc13,0.79,1.0617059622023124,0.27170596220231236
4124,train,O=C1NC(=O)C(Cc2ccc3ccccc3c2)S1,2.41,2.6201912788698527,0.21019127886985256
1365,train,C[C@@H](N(CC1CCS(=O)(=O)CC1)C(=O)Cc2ccc(c(F)c2)C(F)(F)F)C3=Nc4ncccc4C(=O)N3c5ccc(Cl)cc5,2.9,2.882869221716366,-0.017130778283633852
1045,train,O[C@@H](CNCCc1cccc(CNCCc2ccccn2)c1)c3ccc(O)c4NC(=O)Sc34,-0.07,0.085440633254239,0.155440633254239
3328,train,CCN1CCN(Cc2cnc(c3ccc(cc3)C(=O)Nc4ccccc4N)c(c2)C#N)CC1,1.14,1.2484409611174478,0.10844096111744794
3701,train,Cc1nc(C)c(s1)C(=O)N[C@@H](Cc2cccc(Cl)c2)C(=O)NCC#N,2.0,2.012932577008363,0.012932577008363033
2178,train,CN(CCN(C)C(=O)CCOCCc1ccccc1)CCc2ccc(O)c3nc(O)sc23,2.59,2.8583175796412927,0.2683175796412929
2621,train,OC(=O)c1cn(Cc2ccccc2)c3ccccc13,1.19,1.0101693768672162,-0.17983062313278375
41,train,CC(C)N(CCC(C(=O)N)(c1ccccc1)c2ccccn2)C(C)C,-0.54,-0.28126871335860315,0.2587312866413969
3271,train,C[C@H]1O[C@H]([C@H](O)[C@@H]1O)n2cnc3c(N)nc(OC4CCOC4)nc23,-0.06,0.14673980774957895,0.20673980774957895
2231,train,O=C(Nc1cccc2cccnc12)[C@@H]3CC[C@H](CC3)N4C(=O)[C@@H]5[C@@H]6CC[C@@H](C6)[C@@H]5C4=O,3.94,3.7794297771437693,-0.16057022285623068
3479,train,COc1cc(O)ccc1\C=C\2/CCCN=C2c3cccnc3,2.2,2.3475128029306163,0.14751280293061608
53,train,CCNC(=O)c1cc2c(c(cnc2[nH]1)c3cncc(c3)C(=O)O)n4ccc(n4)C(F)(F)F,-0.99,-0.4738840664848376,0.5161159335151624
3527,train,COc1cc2ncnc(Nc3ccc(F)c(Cl)c3)c2cc1OCCN(C)C,3.26,3.164319450191461,-0.0956805498085389
3832,train,CS(=O)(=O)c1cccc(Nc2nccc(n2)N(CC#N)c3c(Cl)ccc4OCOc34)c1,3.16,3.2738268061452267,0.11382680614522656
3676,train,CN(c1ccnc(Nc2cc(cc(c2)N3CCOCC3)N4CCCOCC4)n1)c5cc(CO)ccc5C,3.3,3.2457168618626353,-0.05428313813736452
1391,train,CN[C@@H](C)C(=O)N[C@@H](C1CCCCC1)C(=O)N2CC[C@H]3CCN(CCc4ccccc4)C[C@@H]23,2.47,2.3966323610428115,-0.07336763895718867
2508,train,Cc1c(Sc2ccc(Cl)cc2)c3c(cccc3n1CC(=O)O)c4cnccn4,0.03,0.4813512160116238,0.45135121601162376
1627,train,COc1cc(cc(OC)c1OC)C(=O)Nc2ccc(Cl)c(c2)c3nc4ccccc4[nH]3,3.83,3.7904928039710226,-0.039507196028977454
778,train,NC(=O)c1cnc(N[C@H]2CCCNC2)c3cc(sc13)c4ccncc4,0.77,0.6933101877375654,-0.07668981226243465
2361,train,CN1CCN(CC1)c2nc(NCCNc3ccc(cc3)[N+](=O)[O-])c4ccccc4n2,2.91,3.0915998184583144,0.1815998184583143
449,train,CCc1c2CN3C(=O)C4=C(C=C3c2nc5ccc(O)cc15)[C@@](O)(CC)C(=O)OC4,1.6,1.6821218087992973,0.0821218087992972
3315,train,Nc1ncnc2ccccc12,1.26,1.509183474757514,0.2491834747575139
2626,train,CCCSc1ncccc1C(=O)NC2CCC(F)(F)CC2,2.85,2.670124903117869,-0.1798750968821312
1196,train,CCC(CC)CNC(=O)c1ccc2c(c1)c(Cc3ccc(cc3OC)C(=O)NS(=O)(=O)c4ccccc4C)cn2C,2.7,2.634135797080971,-0.06586420291902906
2505,train,CCCCC(CC)CNC(=O)c1cc(ccc1Cl)N2N=CC(=O)NC2=O,2.41,2.1713487809076777,-0.23865121909232245
2899,train,Cc1cc(CN2CCC2)cnc1c3ccc(cc3)C(=O)Nc4ccccc4N,1.18,1.2825672652071067,0.1025672652071068
2984,train,OS(=N)(=O)Cc1noc2ccccc12,0.55,0.9917782858108815,0.4417782858108814
373,train,CCCc1c(O)c(ccc1OCc2ccc(C(=O)O)c(Br)c2)C(=O)C,2.3,2.1292497365194927,-0.17075026348050715
263,train,[O-][N+](=O)c1cccc(c1)C(=O)Nc2nc3ccccc3n2CCN4CCOCC4,3.3,3.0738617463811115,-0.22613825361888829
819,train,O=S(=O)(Cc1cc(nc(n1)c2ccccn2)N3CCOCC3)c4ccccc4,1.34,1.0568969507426331,-0.28310304925736696
2938,train,CC(C)n1c(C)ncc1c2nc(Nc3ccc(C(=O)N(C)C)c(C)c3)ncc2F,2.86,2.906535334682253,0.046535334682253016
158,train,CC(C)CN1C(=O)N(C)C(=O)c2c1sc(Cn3c(C)nc(Cl)c3Cl)c2C(=O)N4CC[C@@H](O)C4,1.61,1.83313136014788,0.22313136014787993
2553,train,CCCc1c(O)c(ccc1OCc2ccc(cc2OC)c3nn[nH]n3)C(=O)C,2.8,2.9866964358429358,0.18669643584293594
3135,train,O=C(NC1CCCCC1)C2CCCN(C2)S(=O)(=O)c3cccs3,2.93,2.8119655994912924,-0.11803440050870773
552,train,NC(=O)C1=CN(Cc2ccc(F)c(F)c2)C(=O)C=C1,1.37,1.4039956211656919,0.03399562116569177
1441,train,Clc1ccc(NC(=O)N2CCN(C[C@@H]3CCCN(C3)C4CC4)CC2)cc1Cl,3.57,3.3209645632339244,-0.24903543676607542
3360,train,COCCCOc1ccnc(C[S+]([O-])c2nc3ccccc3[nH]2)c1C,-0.69,0.24864500709719928,0.9386450070971992
1618,train,CC(NC(=O)c1cc(O)nc2ccccc12)c3ccccc3,2.2,2.331910553660929,0.13191055366092863
103,train,CC(C)CC(N1NC(=O)c2nc3cc(Cl)ccc3c(O)c2C1=O)c4ccncc4,1.64,1.5051318924135735,-0.13486810758642642
2022,train,O[C@@H](CNCCCSCCOCCc1ccccc1)c2ccc(O)c3NC(=O)Sc23,2.3,2.1384670424029433,-0.16153295759705655
3918,train,CCN1CCC[C@H](CN2CCN(CC2)C(=O)Nc3ccc(Cl)c(Cl)c3)C1,1.86,2.315529070168609,0.4555290701686088
1070,train,COc1ccc(cc1)n2cnc3cc(NS(=O)(=O)c4ccccc4)ccc23,3.7,3.250340259119918,-0.4496597408800822
4158,train,OC(=O)c1ccc(cc1)N2CCC(CN3CCC(CC3)Oc4ccc(Cl)c(Cl)c4)CC2,2.31,2.087874144124551,-0.22212585587544886
637,train,Cc1nnc(N)s1,-0.4,-0.18225022693722037,0.21774977306277965
2897,train,COc1cccc(c1)c2cc3c(N[C@H]4CCCNC4)ncc(C(=O)N)c3s2,1.82,2.0178517860605534,0.19785178606055331
3221,train,OC(=O)Cc1ccc(cc1)c2ccc(NC(=O)c3oc(Nc4ccccc4F)nn3)cc2,1.5,1.7660323160858982,0.26603231608589817
2690,train,NC(=N)c1cc2c(I)cccc2s1,0.74,0.917221280566735,0.17722128056673503
1739,train,Nc1c2CCCCc2nc3ccccc13,0.38,1.0355553158718582,0.6555553158718582
776,train,Cc1ccc(Nc2c(F)cccc2Cl)c(CC(=O)O)c1,1.02,1.0643908605349217,0.044390860534921694
1972,train,NC(=N)Nc1ccc(Cl)c(Cl)c1,-0.31,0.28421474056103113,0.5942147405610312
1515,train,CC(C)(C)OC(=O)N[C@@H](Cc1ccccc1)C(=O)O,-1.1,-0.3629396168100927,0.7370603831899074
2256,train,CC(C)(C)OC(=O)N1CCN(CC1)c2ncc(OCc3ccncc3F)cn2,3.6,3.7922840477180735,0.1922840477180734
3611,train,Cc1cc(CNc2nccc(Nc3cc(CCc4ccccc4)[nH]n3)n2)on1,3.56,3.6484091499524642,0.08840914995246418
1113,train,C[C@H]1O[C@H]([C@H](O)[C@@H]1O)n2cnc3c(N)nc(OCC45CC6CC(CC(C6)C4)C5)nc23,3.58,2.845241389218319,-0.734758610781681
1960,train,CCCC1CCCCC(=N1)N,1.1,0.9216960079318397,-0.1783039920681604
1809,train,CC(C)N(C(C)C)C(=O)C(C(CNC(=O)NCc1ccccc1F)c2ccccc2)c3cccnc3,4.2,4.06732773314912,-0.1326722668508804
3087,train,O=C(Nc1cccnc1C(=O)NCC2CCOCC2)c3cccc4ccccc34,4.4,3.957315963441681,-0.44268403655831934
2859,train,Clc1ccc(OC2CCN(CC2)C3CCN(CC3)C(=O)NS(=O)(=O)c4cccc(c4)C#N)cc1Cl,1.81,1.7975307741716788,-0.012469225828321218
2874,train,CC(C)n1c(C)ncc1c2ccnc(Nc3ccc(cc3)N4CCN(CC4)S(=O)(=O)C)n2,2.57,2.6126744804022355,0.04267448040223565
2366,train,Nc1ncnc2c1c(COc3cccc(Cl)c3)nn2C4CCOCC4,3.17,3.1307193534770508,-0.03928064652294916
3308,train,CC1=CC2=NNC(=O)N2c3cc(ccc13)c4ccc(CO)cc4,2.86,2.819450300263383,-0.04054969973661704
3313,train,C[C@H](CO)N1C=Cc2c(NC(=O)Cc3ccc(Cl)c(c3)C(F)(F)F)cccc2C1=O,3.49,3.7004866010072206,0.2104866010072204
3242,train,CCc1cc(OCc2ccc(cc2)c3ccccc3c4nn[nH]n4)c5CCCCc5n1,1.7,1.6573219039120501,-0.04267809608794981
2837,train,ONC(=O)Cc1ccc(Oc2ccccc2)cc1,2.03,2.0169169129810154,-0.013083087018984418
4017,train,Cc1[nH]c(C(=O)NC2CCN(CC2)c3ncc(s3)C(=O)O)c(Cl)c1Cl,0.02,0.4341293041958556,0.4141293041958556
2816,train,Clc1ccc(OC2CCN(CC2)C3CCN(CC3)C(=O)c4ccc(cc4)c5nn[nH]n5)cc1Cl,1.53,1.673155469899867,0.14315546989986694
236,train,COc1cccc([C@H](O)C2CCN(CCc3ccc(F)cc3)CC2)c1OC,1.7,2.104659703820769,0.4046597038207691
3741,train,Cc1cc(N)c2cc(NC(=O)CC(=O)Nc3ccc4nc(C)cc(N)c4c3)ccc2n1,1.35,1.120927003964873,-0.22907299603512699
886,train,CN(c1ccc(cc1)c2cc(ccc2OCC(=O)O)C(F)(F)F)S(=O)(=O)C,-0.81,-0.6187058871482591,0.19129411285174092
945,train,O=C(NC1(CC1)C#N)[C@@H]2CCCC[C@H]2C(=O)N3CCN(CC3)c4nc5ncccc5s4,1.4,1.3554711161404795,-0.04452888385952036
1746,train,COc1cc(ccc1Nc2ncc(Cl)c(n2)c3cnc4cc(F)ccn34)N5CCN(CC5)C(=O)C,3.7,3.7975523174972134,0.09755231749721327
2708,train,Cc1ccc(CN2[C@@H]3CC[C@H]2C[C@@H](C3)Oc4cccc(c4)C(=O)N)s1,2.44,2.275065757589461,-0.1649342424105389
4036,train,CC(C)COc1cc(ccc1NC(=O)CN2CCOCC2)c3cccc4C(=O)C=C(Oc34)N5CCOCC5,3.8,3.444294247322524,-0.35570575267747584
891,train,CNC(=O)c1cnn(c1NS(=O)(=O)c2ccc(C)cc2)c3ccccc3,-0.54,0.0645590297453622,0.6045590297453622
3909,train,CC(C)Oc1cc(OCCN2CCN(CC2)C(=O)C)cc3ncnc(Nc4c(F)ccc5OCOc45)c13,3.06,2.882138073858368,-0.17786192614163188
3693,train,OC(=O)c1ccccc1N2CCC(CN3CCC(CC3)Oc4ccc(Cl)c(Cl)c4)CC2,2.83,2.654114286145245,-0.17588571385475493
3853,train,COc1cncc(NC(=O)c2cc(NC(=O)c3cccc(c3)C(C)(C)C#N)ccc2C)c1,3.04,2.94752957470667,-0.09247042529332994
2765,train,NCCCC(=O)OCCN1CCN(CCCN2c3ccccc3Sc4ccc(Cl)cc24)CC1,1.5,1.7742057512661193,0.27420575126611935
430,train,CCS(=O)(=O)c1ccc2OCC(=O)N(CCN3CCC(CC3)NCc4ccc5OCC(=O)Nc5n4)c2c1,-0.11,-0.1453214224039887,-0.03532142240398871
4060,train,CN(C)CCCOc1nccc(Nc2cc(NC(=O)c3ccnc(c3)N4CCOCC4)ccc2C)n1,1.3,1.2710283572157839,-0.028971642784216156
3285,train,C[C@@H]1CN(CCN1c2ncc(OCc3ccc(cc3)S(=O)(=O)C)cn2)C(=O)OC(C)(C)C,3.6,3.3451585302878337,-0.25484146971216637
3344,train,CC(C)(C(=O)N)C(=O)NCCCNc1nc(Nc2cccc(NC(=O)N3CCCC3)c2)ncc1Br,2.32,2.134640677600468,-0.185359322399532
853,train,Cc1sc2ncnc(SCC(=O)N3CCN(CC3)C(=O)c4occc4)c2c1C,2.7,2.5219305091382487,-0.1780694908617515
953,train,NC(=O)NC(=O)C(Nc1ccc2CCCc2c1)c3ccccc3,3.3,2.767069363411208,-0.5329306365887918
3753,train,c1cnc2cccnc2c1,0.89,1.073017587201826,0.18301758720182593
3119,train,C[C@@H]1N[S@@](=O)(=NC1=O)c2cccc(c2)c3cccc(c3)C#N,0.4,0.5904829909089566,0.1904829909089566
618,train,Nc1ncc2cc(c(N)nc2n1)c3c(Br)cccc3Br,2.06,2.5580102673638954,0.4980102673638953
273,train,NS(=O)(=O)c1nc2ccccc2s1,1.35,1.1502547071179756,-0.19974529288202447
58,train,NC(=O)c1cc(F)cc(O[C@H]2C[C@H]3CC[C@@H](C2)N3Cc4ccccc4)c1,2.14,2.0602868423494396,-0.07971315765056053
3418,train,COc1cc(ccc1Nc2ncc(Cl)c(n2)c3cnc4c(N)cccn34)N5CCN(CC5)C(=O)C,3.4,3.1801319114247226,-0.2198680885752773
3867,train,Cc1ccc2cc(C)c3nnc(SCC(=O)N4CCN(CC4)C(=O)c5occc5)n3c2c1,2.3,2.5144288333456517,0.21442883334565188
2217,train,CCCSc1nc(N[C@@H]2C[C@H]2c3ccccc3)c4nnn([C@@H]5C[C@H](CO)[C@@H](O)[C@H]5O)c4n1,3.99,3.6088436326706415,-0.38115636732935876
256,train,O=C1CCOc2nc(CCc3ccccc3)ccc12,2.5,2.764238767385628,0.2642387673856281
2593,train,COC1(CCOCC1)c2cc(F)cc(OCc3ccc4N(C)C(=O)C=Cc4c3)c2,3.52,3.4775378259274845,-0.04246217407251551
3987,train,C1CN2CCC1C(=C2)c3oc4ccccc4c3,2.59,2.450026104837755,-0.13997389516224468
2276,train,COc1ccc(F)c(F)c1C(=O)c2cnc(NC3CCN(CC3)S(=O)(=O)C)nc2N,2.08,2.010749682715864,-0.06925031728413611
1995,train,OC[C@H]1CCCN1CCCOc2ccc3c(Nc4cc(CC(=O)Nc5cccc(F)c5F)[nH]n4)ncnc3c2,2.06,2.203232300519962,0.14323230051996205
1700,train,O=C(Nc1ccccc1)c2ccccc2,2.8,2.316467461660081,-0.4835325383399187
774,train,Cc1cc(C)c2c(N)c(sc2n1)C(=O)NC3CC3,2.53,2.6655338111749725,0.13553381117497265
871,train,CCOC(=O)\C=C\[C@H](C[C@@H]1CCNC1=O)NC(=O)[C@@H](CC(=O)[C@@H](NC(=O)c2cc(C)on2)C(C)C)Cc3ccc(F)cc3,2.8,2.6520595807462097,-0.1479404192537901
3150,train,Oc1ccc(Br)cc1C(=O)C(=O)c2cc(Br)ccc2O,3.85,3.1780200275083774,-0.6719799724916227
581,train,CC(C)Oc1ccc(cc1)C(=O)Nc2cc(NC(=O)c3cccc(c3)N(C)C)ccc2C,3.1,2.842596100652705,-0.2574038993472949
2557,train,C[C@@H](Oc1nc(Nc2cc(C)[nH]n2)c(C)nc1C#N)c3ccc(F)cn3,2.72,2.6185359490290905,-0.10146405097090971
4154,train,CC1(CC(=O)NC(=N1)N)c2ccccc2,0.62,0.5175148153595184,-0.10248518464048162
1318,train,CS(=O)(=O)Cc1cc(nc(n1)c2cccc3[nH]ccc23)N4CCOCC4,1.7,1.892170236653734,0.19217023665373412
2847,train,CCCCC1=NC2(CCCC2)C(=O)N1Cc3ccc(cc3)c4ccccc4c5nn[nH]n5,1.29,1.3857078389752104,0.0957078389752104
2733,train,Fc1cc(ccc1C2=CCOCC2)N3C[C@H](COc4ccon4)OC3=O,2.61,2.4726160575183265,-0.1373839424816734
744,train,OC(=O)COc1ccccc1N2CCC(CN3CCC(CC3)Oc4ccc(Cl)c(Cl)c4)CC2,2.0,1.9288342277526602,-0.07116577224733978
4,train,Cc1cccc(C[C@H](NC(=O)c2cc(nn2C)C(C)(C)C)C(=O)NCC#N)c1,3.1,2.9837485445928182,-0.11625145540718185
2918,train,CCc1cc(ccn1)C(=S)N,1.52,0.9024709056270215,-0.6175290943729785
3915,train,OC(=O)c1cc2cc(ccc2n1Cc3ccc(Cl)c(Cl)c3)[N+](=O)[O-],1.79,1.6987961775685863,-0.09120382243141378
1125,train,COc1ccc(Cl)c(Nc2ncnc3cc(OC)cc(OC4CCN(C)CC4)c23)c1,3.6,3.4493603098164125,-0.15063969018358758
269,train,O=C1COC2(CCN(CC2)S(=O)(=O)c3ccc(cc3)c4ccc5cnccc5c4)CN1C6CC6,3.32,3.3061749772273257,-0.013825022772674167
3170,train,CC(N)Cc1c[nH]c2ccc(OCc3cccs3)cc12,0.48,0.9746393487603933,0.4946393487603933
3543,train,CC(C)C(NC(=O)CN1C(=O)C(=CC=C1c2ccccc2)NC(=O)CN3C(=O)CCC3=O)C(=O)C(F)(F)F,0.96,1.6112233300867675,0.6512233300867676
1503,train,CC(C)C[C@H](CO)Nc1nc(SCc2ccncc2)nc3nc(N)sc13,2.9,3.061370711346564,0.1613707113465641
2098,train,Oc1ccc(cc1)C2=Cc3ccccc3OC2=O,3.0,3.1445336396506507,0.1445336396506507
47,train,CC(C)c1ccc2Oc3nc(N)c(cc3C(=O)c2c1)C(=O)O,1.1,0.8325228466829333,-0.2674771533170668
1529,train,OC(=O)c1ccccc1c2ccc(Cl)c(c2)C(=O)NCC3(O)CCCCCC3,-0.34,0.22301729402869297,0.563017294028693
1343,train,O=C(Nc1cc(nn1c2ccccc2)c3ccccc3)c4cccc(c4)C#N,3.82,3.6502563365408336,-0.16974366345916625
1325,train,CC(C)N(CCCNC(=O)Nc1ccc(cc1)C(C)(C)C)C[C@H]2O[C@H]([C@H](O)[C@@H]2O)n3ccc4c(N)ncnc34,2.4,2.278089785498266,-0.1219102145017339
1617,train,COc1ccc2OCC(=O)N(CCN3CCC(CC3)NCc4cc5OCCOc5cn4)c2c1,1.24,1.3283350901202038,0.0883350901202038
232,train,COc1cc(Nc2nccc(n2)N(C)c3cc(CO)ccc3C)cc(c1)N4CCOCC4,3.9,3.84244548461351,-0.057554515386490035
2187,train,OC(=O)COc1ccc(Cl)cc1CN2CCN(CC2)S(=O)(=O)c3ccccc3,0.49,0.3442195000515542,-0.14578049994844577
3110,train,CC(C)C1NCCc2c1sc3ccccc23,2.8,2.5065073022739597,-0.29349269772604014
3275,train,CC(C)n1c(C)ncc1c2nc(Nc3ccc(cc3)N4CC[C@H](C4)NC(=O)C)ncc2F,3.3,3.1880904567984683,-0.11190954320153157
1981,train,Fc1cccc(COc2ccc3C(=O)CCOc3c2)c1,3.4,3.483829408340678,0.08382940834067787
703,train,CCCCC1C(=O)N(N(C1=O)c2ccccc2)c3ccccc3,0.45,1.2623317207960199,0.8123317207960199
3768,train,C[C@H](Nc1ncc(F)c(Nc2cc([nH]n2)C3CC3)n1)c4ccc(F)cn4,3.14,2.86369144801869,-0.2763085519813102
1925,train,CC(C)(O)c1ccc(Nc2nc3ccc(cc3[nH]2)C#N)cc1,2.73,3.076957661214922,0.3469576612149221
3774,train,Cc1ccccc1CN2CCC(CC2)N3CCC(CC3)N4C(=O)Nc5ccccc45,2.68,2.6463868249126743,-0.033613175087325864
49,train,COc1ccccc1Cn2c(C)nc3ccccc23,3.47,2.953976679938128,-0.5160233200618722
1725,train,COc1ccc2nc(NC(=O)CCc3ccc(OC)c(OC)c3)sc2c1,3.57,3.528576187141475,-0.04142381285852492
3129,train,COc1ccc(cc1CO)c2ccc3c(nc(nc3n2)n4ccnc4)N5CCOC[C@@H]5C,2.6,2.5915838064746652,-0.008416193525334847
3690,train,CCC(C)(C)C(=O)O[C@H]1C[C@@H](C)C=C2C=C[C@H](C)[C@H](CC[C@@H](O)C[C@@H](O)CC(=O)O)[C@@H]12,1.55,1.6103370894367361,0.0603370894367361
1568,train,O=C(CN1CCOCC1)Nc2c(cnn2c3ccccc3)C#N,0.5,0.7293513533755096,0.2293513533755096
2737,train,CC(=O)Nc1ccc(O)cc1,0.25,1.012530075825221,0.7625300758252209
654,train,COCCC(=O)Nc1ccc(Nc2ncc3cc(ccc3n2)c4ccncc4)cc1,2.78,3.122039596729241,0.34203959672924134
95,train,CC(C)N(CCCNC(=O)Nc1ccc(cc1)C(C)(C)C)C[C@H]2O[C@H]([C@H](O)[C@@H]2O)n3cnc4c(N)ncnc34,2.2,2.2485740537128085,0.04857405371280832
1156,train,CN(CCO)C(=O)c1ccc(cc1)[C@@H](N2CCN(Cc3ccc(F)cc3)CC2)c4cccc(NC(=O)C5CC5)c4,3.38,3.2900610479176047,-0.08993895208239522
3978,train,CN1CCC(=C2c3ccccc3C=Cc4ccccc24)CC1,3.06,2.766066676712228,-0.2939333232877721
4173,train,COc1cc2ncnc(Oc3cnn(CC(=O)Nc4ccc(cn4)N(C)C)c3)c2cc1OC,2.36,2.297610752499675,-0.06238924750032471
2787,train,Cc1cc(Cl)ccc1OC2CCN(C[C@H](O)CNC(=O)C3=CNC(=O)c4cc(ccc34)S(=O)(=O)C)CC2,2.42,2.2246305761948673,-0.19536942380513267
3095,train,COc1cc(OC)c(cc1NC(=O)C)S(=O)(=O)N2C(C)CCc3ccccc23,1.97,1.2373073825427627,-0.7326926174572372
1162,train,CC(O)(C(=O)Nc1ccc(cc1)S(=O)(=O)c2ccc(O)cc2)C(F)(F)F,2.78,2.539344332750715,-0.240655667249285
3497,train,Cc1oc(cc1C(=O)O)c2ccc(Cl)cc2,1.67,1.2848567518240785,-0.3851432481759214
2657,train,Cc1ccc2c(N)c(C#N)sc2n1,2.23,2.1433579329793853,-0.08664206702061472
97,train,CCSc1c(Cc2ccccc2C(F)(F)F)sc3N(CC(C)C)C(=O)N(C)C(=O)c13,4.49,4.863861941501522,0.37386194150152186
1351,train,O=C1NCCc2[nH]c(cc12)c3ccncc3,1.49,1.338032062019908,-0.151967937980092
2432,train,Oc1c(NC(=O)Nc2cccc(F)c2Cl)ccc(Cl)c1S(=O)(=O)N3CCNCC3,2.6,2.2996526306338563,-0.3003473693661438
629,train,OC[C@H](O)C(=O)N1CCC(=CC1)c2ccc(cc2F)N3C[C@H](COc4ccon4)OC3=O,1.09,1.2140672369894707,0.12406723698947064
735,train,C[C@@H](O)[C@@H](CO)Nc1nc(SCc2cccc(F)c2F)nc3nc(N)sc13,2.83,2.9347341000254406,0.10473410002544048
1752,train,CCC(N(CCCN)C(=O)c1ccc(C)cc1)C2=Nc3ccsc3C(=O)N2Cc4ccc(Cl)cc4,2.32,2.1710890467300192,-0.1489109532699806
3356,train,Fc1ccc(CN2CCN(CC2)c3ccc4nnc(n4n3)C(F)(F)F)cc1,3.46,3.31725214628033,-0.14274785371967003
4196,train,CCN(C1CCN(CCC(c2ccc(F)cc2)c3ccc(F)cc3)CC1)C(=O)Cc4ccc(cc4)S(=O)(=O)C,3.21,2.561131984009667,-0.6488680159903328
3048,train,CC(C)N1C(=O)N(C)C(=O)c2c1sc(Cc3ccccc3C(F)(F)F)c2C(=O)N4CCS(=O)(=O)C4,2.55,2.4726293171713665,-0.07737068282863335
274,train,CS(=O)(=O)c1ccc(c(Cl)c1)c2cc(Cl)ccc2OCC(=O)O,-0.75,-0.6197100340292434,0.1302899659707566
1423,train,Clc1n[nH]c2cccc(Nc3ccnc(Nc4cc(cc(c4)N5CCOCC5)N6CCOCC6)n3)c12,2.78,2.8986016282442053,0.1186016282442055
1775,train,OC(CCN1CCCCC1)(C2CCCCC2)c3ccccc3,2.68,2.7171876542182303,0.037187654218230115
575,train,Cc1cc(COc2cnc(nc2)N3CCN(CC3)C(=O)OC(C)(C)C)ccn1,3.7,3.6114889813997113,-0.08851101860028887
2920,train,COc1ccc(CC(=O)Nc2nc3ccccc3[nH]2)cc1,2.9,2.7589537376385262,-0.14104626236147366
411,train,CN1CCOc2cc(COC3CCCCC3)cnc12,3.1,3.1171693314115316,0.01716933141153154
2625,train,CNC(=O)Nc1cc(sc1C(=O)N)c2ccccc2,2.71,2.3937343464797665,-0.3162656535202335
1597,train,COc1ccc(Cl)cc1NC(=O)Nc2cnccn2,3.63,2.9150229245925097,-0.7149770754074902
1964,train,CC(C)n1c(C)ncc1c2ccnc(Nc3ccc(cc3)N4CCN(CC4)C(=O)CN(C)C)n2,3.31,3.0504637518535906,-0.2595362481464094
633,train,Fc1cc(Cl)ccc1N2CCN(CC2)C(=O)COCc3ccncc3,2.55,2.9433050699016303,0.3933050699016305
1890,train,C[C@@H]1CN(CCN1C(=O)[C@@H]2CCCC[C@H]2C(=O)NC3(CC3)C#N)c4ccc5c(c4)c(C)nn5C,2.8,2.586680693261349,-0.21331930673865074
3549,train,Nc1nc2cc3CCN(Cc4cnc[nH]4)CCc3cc2s1,-0.12,0.10769279366336759,0.2276927936633676
2032,train,CC(NC(=O)C1(N)CCN(CC1)c2ncnc3[nH]ccc23)c4cccnc4,1.2,1.3476770928561246,0.14767709285612463
4033,train,CCCNC(=O)c1cc2c(c(cnc2[nH]1)c3cncc(c3)C(=O)O)n4ccc(n4)C(F)(F)F,-0.79,-0.7093972874840682,0.08060271251593187
357,train,C[C@@H](Oc1cccc2ncnc(Nc3ccc(OCc4ccccn4)c(Cl)c3)c12)C(=O)N(C)C,3.67,3.5586257395160414,-0.11137426048395849
384,train,Cc1ccc(cc1)S(=O)(=O)Nc2c(cnn2c3ccccc3)C(=O)NCc4ccccc4,1.9,1.4049951623618728,-0.4950048376381271
2754,train,CCC(N(CCCN)C(=O)c1ccc(C)cc1)C2=Nc3sccc3C(=O)N2Cc4ccccc4,2.06,1.9012931902074621,-0.15870680979253793
4058,train,Cc1nc2nc(NC(=O)c3ccc(F)cc3)nn2c(O)c1Cc4ccccc4,2.2,2.1982614166478758,-0.001738583352124401
499,train,CC1=CN([C@H]2CCCN(C2)S(=O)(=O)c3ccc(O)c(Oc4cc(F)cc(Cl)c4)c3)C(=O)NC1=O,2.35,2.196747099333442,-0.15325290066655795
2477,train,CCN(CC)CCN1C(=O)[C@@](O)(c2ccccc2Cl)c3c1cc(cc3C(F)(F)F)C(=O)N,2.4,2.1799781421210245,-0.22002185787897544
706,train,CC(=O)Nc1ccc(cc1)c2ccnc(Nc3ccc(cc3)N4CCOCC4)n2,2.91,2.798519557771751,-0.11148044222824893
52,train,OC(=O)CCC[C@H]1[C@@H](Cc2ccccc12)NC(=O)c3cc4cc(F)ccc4[nH]3,1.95,2.054660529953192,0.1046605299531922
3554,train,CNc1cc(nc2c(cc(OC)cc12)N3CCN(C)CC3)C(=O)Nc4ccc(cc4)N5CCOCC5,2.93,3.080823009279901,0.15082300927990078
1323,train,COc1cc2nnc(C(=O)N)c(Nc3ccc(F)cc3F)c2cc1N4CCN(C)CC4,2.36,2.247349523141219,-0.11265047685878082
3475,train,CN1CCN(CCCN2c3ccccc3Sc4ccc(Cl)cc24)CC1,3.92,3.889587479516587,-0.03041252048341292
3659,train,COc1cc2ncc(C(=O)N)c(Nc3ccccc3C)c2cc1OC,3.4,3.4019633638778597,0.0019633638778597806
295,train,NC(=O)Nc1cc(sc1C(=O)N[C@H]2CCCNC2)c3cccc(F)c3F,1.32,1.2531937266005526,-0.06680627339944745
4180,train,CCCCC(CC)COC(=O)CC(C(=O)OCC(CC)CCCC)S(=O)(=O)O,2.93,2.8262765823586737,-0.10372341764132642
493,train,CN[C@@H](C)C(=O)N[C@@H](C1CCCCC1)C(=O)N[C@H]2C[C@@H]3CC[C@H]2N(CCc4ccccc4)C3,1.64,1.534920901773607,-0.10507909822639294
993,train,N(c1ccccc1)c2ccccc2,3.2,1.920270234601609,-1.2797297653983912
2922,train,COc1ccc(cc1CO)c2ccc3c(nc(nc3n2)N4C[C@@H](C)O[C@@H](C)C4)N5CCOCC5,3.25,2.9391344948540756,-0.31086550514592437
1160,train,CN(C)CCCN(C)S(=O)(=O)c1ccc(Nc2nccc(n2)c3cnc4ccccn34)cc1,2.16,2.336585555742412,0.17658555574241186
3292,train,COc1nc(Cl)cnc1NS(=O)(=O)c2cccc3c(cccc23)N(C)C,1.74,1.9126725561402473,0.17267255614024735
448,train,Cc1ccc(O)c(O)c1,1.37,1.4243200236789626,0.05432002367896249
3347,train,COc1cc2CC[C@H](NC(=O)C)c3cc(O)ccc3c2c(OC)c1OC,1.81,1.565083714810823,-0.24491628518917707
1871,train,COc1ccccc1C(=O)NCC23CC4CC(CC(C4)C2)C3,4.43,4.369252414173841,-0.06074758582615836
2089,train,CN(C)C(=O)N[C@@H]1CC[C@@H](CCN2[C@@H]3CC[C@H]2C[C@H](C3)Oc4cccc(c4)C(=O)N)CC1,0.12,0.32252479786572175,0.20252479786572175
699,train,C[C@H](Nc1ccc2ncn(c3cc([nH]n3)C4CC4)c2n1)c5ncc(F)cn5,2.74,2.6338208530068354,-0.10617914699316477
649,train,Nc1c(NC2CCOC2)nc(nc1N3CCOCC3)C#N,1.6,1.6530480641373964,0.05304806413739627
1857,train,CC(C)Oc1ccc2C(=O)C(=COc2c1)c3ccccc3,4.07,3.8111147829984278,-0.2588852170015725
3425,train,CSc1ccc(cc1)c2nc(c3ccc(F)cc3)c([nH]2)c4ccncc4,2.97,3.2097613074801328,0.23976130748013258
2566,train,OC[C@@H](O)CN1C(=O)[C@H](Cc2ccccc12)NC(=O)c3cc4cc(Cl)sc4[nH]3,3.27,3.1750416961727153,-0.09495830382728476
1826,train,COc1cc2ncnc(Nc3cccc(O)c3)c2cc1OC,2.6,2.6346341405967806,0.034634140596780494
3830,train,Cc1ccc(cc1NC(=O)c2ccc(OCc3ccccn3)cc2)c4cc(n[nH]4)C(F)(F)F,2.44,2.964703311033798,0.524703311033798
2201,train,CCNC(=O)c1cc2c(c(cnc2[nH]1)c3cncc(c3)C(=O)O)n4nc(cc4C)C(F)(F)F,-0.88,-0.7740323444537078,0.10596765554629217
2561,train,COc1ccccc1CN(C(=O)C)c2cnccc2Oc3ccccc3,3.0,2.443668716819154,-0.556331283180846
3208,train,COc1cc(ccc1Nc2ncc(Cl)c(n2)c3cnc4ccccn34)C(=O)N5CCOCC5,3.4,3.331875992307684,-0.06812400769231575
1418,train,CCN(C1CCN(CC[C@H](c2ccc(cc2)S(=O)(=O)C)c3cc(F)c(F)c(F)c3)CC1)C(=O)Cc4ccc(cc4)S(=O)(=O)C,2.55,2.2148765891420883,-0.33512341085791153
1307,train,C[C@H](Oc1ccc(SCCCCCc2ccccc2)cc1)C(=O)c3nc(C)c(CCCC(=O)O)s3,2.03,2.2506277564926975,0.22062775649269772
1942,train,CCC[C@H](CO)Nc1nc(S[C@@H](C)c2cccc(c2)C#N)nc3NC(=O)Sc13,3.7,3.7036338095088697,0.00363380950886949
3209,train,O=C(NCCN1CCCC1)c2ccc(Nc3ncc4cc(ccc4n3)c5ccncc5)cc2,2.39,2.273699365275423,-0.11630063472457719
3874,train,Nc1c(NC2CCCCC2)nc(nc1N3CCOCC3)C#N,2.81,2.858553212896032,0.04855321289603198
616,train,Clc1ccc2[nH]c3CCN(Cc3c2c1)C(=O)[C@@H]4CCCC[C@H]4C(=O)NC5(CC5)C#N,3.65,3.5875154516004386,-0.0624845483995613
2504,train,COc1cc(ccc1Nc2ncc(C#N)c(n2)c3cnc4ccccn34)N5CCN(CC5)C(=O)C,2.8,2.9416760877142987,0.14167608771429885
979,train,COc1cc(cc(OC)c1OC)C(=O)c2cc(Cl)ccc2N,3.38,3.0224093760623387,-0.35759062393766117
3181,train,CCN1CCC[C@H]1CNC(=O)c2cc(Br)cc(OC)c2OC,1.2,0.9363410924524342,-0.2636589075475657
1382,train,CN(C1CCN(Cc2ccc(cc2)C(F)(F)F)CC1)C(=O)Cc3ccc(NC(=O)C)cc3,2.9,2.8878025454682272,-0.012197454531772678
730,train,NC1=NC(Nc2c(F)ccc(F)c12)c3occc3,1.2,1.3874042031698122,0.1874042031698122
1912,train,OCCO[C@H]1C[C@H]([C@H](O)[C@@H]1O)n2nnc3c(N[C@@H]4C[C@H]4c5ccc(F)c(F)c5)nc(SCCC(F)(F)F)nc23,4.17,4.275371132814397,0.1053711328143967
2716,train,CCN(CC)CCOc1ccc(cc1)C(O)(Cc2ccc(Cl)cc2)c3ccc(C)cc3,3.98,4.048554901430784,0.06855490143078358
3332,train,COc1ccc(OC)c(c1)c2c(F)ccc3c(N)c(nnc23)C(=O)NC(C)C,3.77,3.6317608673435986,-0.13823913265640142
846,train,Oc1c(C#N)c(nc2ccncc12)c3ccc(cc3)c4ccccc4C(F)(F)F,3.3,3.0760251275702943,-0.22397487242970548
2916,train,COc1ccccc1CCNCc2ccc(CCNC[C@H](O)c3ccc(O)c4NC(=O)Sc34)cc2,0.8,0.8188239775158659,0.018823977515865842
3171,train,C1CC2(CCN1)OC(c3ccccc3)c4ccccc24,0.75,1.1709434808902668,0.4209434808902668
29,train,CNC1=Nc2ncccc2C(=NC1c3cccs3)c4occn4,1.14,1.2062954833105322,0.06629548331053225
1497,train,CS(=O)(=O)NC(=O)CCCc1c([nH]c2ccc(cc12)C#N)c3ccc(F)cc3,1.5,1.5336602314293741,0.03366023142937413
3598,train,O=C1Nc2cc(ccc2C1c3ncnc4cc(OCCCN5CCOCC5)ccc34)C#N,2.99,2.689326281853577,-0.3006737181464234
932,train,CCN(C1CCN(CCC(c2ccccc2)c3ccc(NC(=O)C)cc3)CC1)C(=O)Cc4ccc(cc4)S(=O)(=O)C,2.09,2.267596482039123,0.17759648203912315
878,train,Clc1ccc(CN2C[C@@H]3C[C@H]2CN3)cc1C(=O)NCC45CC6CC(CC(C6)C4)C5,1.45,1.499515968568263,0.049515968568263125
347,train,Cn1c(nc2ccccc12)c3ccc(O)nc3,1.2,1.3274480234408537,0.1274480234408537
3730,train,CNCCC(Oc1ccccc1OC)c2ccccc2,0.22,0.4566900944049699,0.23669009440496988
4032,train,COc1cc(F)ccc1c2cncc(CNCC3CC3)n2,1.8,1.899983556640316,0.099983556640316
3691,train,NC(=O)c1cccc(O[C@H]2C[C@H]3CC[C@@H](C2)N3CC4CCCCC4)c1,1.55,1.4990502929281395,-0.05094970707186053
3293,train,O[C@@H](CNCCc1cccc(CNCCCc2ccccc2)c1)c3ccc(O)c4NC(=O)Sc34,1.11,1.0604515366501315,-0.04954846334986862
3880,train,Fc1ccc(NC(=S)N2CCC(CC2)C(=O)c3ccc(F)cc3)cc1,3.4,3.3180688557485447,-0.0819311442514552
2942,train,CO[C@H]1CN(CCN2C(=O)C=Nc3ccc(OC)cc23)CC[C@@H]1NCc4cc5OCCOc5cn4,1.25,1.1607675439348168,-0.08923245606518315
2491,train,CC1(C)CCC(CC1)NC(=O)[C@@H](N)CCC(=O)O,-0.27,-0.34140013913429623,-0.07140013913429621
1281,train,CN(C)c1ncnc2nc[nH]c12,0.95,0.5997977101759284,-0.35020228982407153
405,train,CC(C)CNc1nc(nc(N2CCNCC2)c1N)C#N,0.7,1.0219970894351373,0.3219970894351374
1030,train,CN(C)CCC=C1c2ccccc2C=Cc3ccccc13,2.83,2.8012718113193786,-0.028728188680621436
3268,train,CCC(=C)C(=O)c1ccc(OCC(=O)O)c(Cl)c1Cl,0.02,-0.022270007520077684,-0.04227000752007769
3083,train,Fc1ccc(F)c(NS(=O)(=O)c2ccc(Cl)cc2)c1,2.9,2.5730050632784356,-0.3269949367215643
1491,train,N[C@@H]1CCCN(C1)c2c(\C=C\3/SC(=O)NC3=O)cccc2c4ccncc4,1.56,1.5984098554707624,0.038409855470762366
2061,train,Clc1cccc(c1)S(=O)(=O)NC(=O)N2CCC(CC2)N3CCC(CC3)Oc4ccc(Cl)c(Cl)c4,2.62,2.3097119317656745,-0.31028806823432564
2253,train,CCN(C(=O)c1oc(cc1)c2ccc(Cl)cc2)c3ccc(cc3)N4CCNCC4,3.3,3.1289863907483246,-0.1710136092516752
2603,train,C[C@@](O)(C(=O)Nc1ccc(cc1Cl)S(=O)(=O)C)C(F)(F)F,2.08,2.2443656438243598,0.1643656438243597
624,train,Nc1ncnc2sccc12,1.19,1.4690244235747667,0.27902442357476676
2111,train,COc1ccc2c(c1)[nH]c3c(C)nccc23,2.9,2.738504331514421,-0.16149566848557884
151,train,Clc1ccccc1c2cnn[nH]2,2.68,2.9020444973031014,0.22204449730310127
3738,train,NCC(O)(c1ccccc1)c2ccccc2,0.9,0.82293251146717,-0.07706748853283008
2154,train,CC(C)n1c(C)ncc1c2ccnc(Nc3ccc(cc3)N(C)C)n2,3.51,3.5507310730025177,0.04073107300251788
3640,train,Cn1c(ccc1c2cc(F)c3NC(=O)C(C)(C)c3c2)C#N,3.21,2.68559088348455,-0.5244091165154501
2807,train,COc1cc(Nc2ncnc(Nc3c(Cl)ccc4OCOc34)n2)cc(OC)c1OC,3.01,2.8920248176682986,-0.11797518233170123
4150,train,Nc1ccc2cn[nH]c2c1,0.52,0.5861647364884031,0.06616473648840304
4047,train,CNc1cccc(CCCc2ccc(C[C@H](NC(=O)c3c(Cl)cccc3Cl)C(=O)O)cc2)n1,0.57,0.5128143678478019,-0.057185632152198074
885,train,CCOC(=O)c1c(nc2cc(C)ccn12)c3ccccc3,3.8,3.438415465338681,-0.3615845346613189
2648,train,CC(N1Cc2ccccc2C1=O)c3ccccc3,3.0,2.877685910886793,-0.12231408911320685
3589,train,Clc1ccc(cc1)c2c[nH]nn2,2.97,2.734351728482592,-0.23564827151740841
3080,train,CCOC(=O)C1=C(C)NC(=C([C@H]1c2cccc3C(=O)C=C(C)Oc23)C(=O)C)C,2.63,2.6776047870139315,0.04760478701393156
2122,train,C[C@@H]1C[C@H]2[C@@H]3CCC4=CC(=O)C=C[C@]4(C)[C@@]3(F)[C@@H](O)C[C@]2(C)[C@@]1(O)C(=O)CO,1.87,1.9220397007949361,0.05203970079493603
2191,train,CC(C)(C)NC(=O)Nc1ccc(cc1)c2c(N)nc(N)nc2COCc3ccccc3,3.09,3.1334718453549413,0.04347184535494142
2828,train,CN(C1CCN(Cc2nc3cc(F)ccc3s2)CC1)C(=O)Cc4ccc(cc4)n5cnnn5,2.85,2.7186815065990433,-0.1313184934009568
2858,train,Fc1cccc(COc2ccc(Nc3ncnc4ccc(cc34)c5cccc(c5)N6CCOCC6)cc2Cl)c1,3.2,3.5982866664988418,0.3982866664988416
538,train,CC(C)(C)c1cc(O)n2nc(N)nc2n1,-0.2,0.515672654823234,0.715672654823234
2468,train,C[N+]1(C)[C@@H]2C[C@H](C[C@H]1[C@@H]3O[C@H]23)OC(=O)C(O)(c4cccs4)c5cccs5,-0.25,0.0034078949009459514,0.25340789490094595
893,train,CC(C)CN1C(=O)N(C)C(=O)c2c1sc(Cc3c[nH]c4ncccc34)c2C(=O)N5C[C@H](O)CO5,2.04,1.8983895557485138,-0.14161044425148628
3407,train,OC(=O)[C@H](Cc1ccc(OCCc2ccc3CCCNc3n2)cc1)NC(=O)c4c(Cl)cccc4Cl,0.33,0.1302116832738558,-0.19978831672614422
2583,train,COc1ccc(cc1)c2nc3c(NCCCNC(=O)c4ccccc4)c(Br)cnc3[nH]2,0.25,1.5353401231798034,1.2853401231798034
2065,train,CN1C(=O)CN=C(c2ccccc2F)c3cc(ccc13)[N+](=O)[O-],2.1,2.141467652639366,0.041467652639366026
1760,train,CN(CC[C@@H](Oc1ccc(cc1)c2ccccc2)c3ccc(F)cc3)CC(=O)O,2.86,2.403295015325662,-0.45670498467433784
3649,train,Cc1nc(C)c(nc1C(=O)N)c2ccc3c(CC[C@@]34CC[C@@H](CC4)c5nnn[nH]5)c2,1.4,1.449209179636426,0.049209179636426015
1405,train,CC(C)CN1C(=O)N(C)C(=O)c2c(SC3CCCC3)c(Cc4ccccc4C(F)(F)F)sc12,4.21,4.030862359682043,-0.17913764031795676
2982,train,CC(=O)N1CCN(CC1)c2ccc(NC(=O)c3oc(Nc4ccccc4F)nn3)cc2,2.51,2.707694030296821,0.1976940302968213
1374,train,CC(C)C(NC(=O)CN1C(=O)C(=CC=C1c2ccccc2)NC(=O)OCc3ccccn3)C(=O)C(F)(F)F,1.91,1.7967564564725127,-0.11324354352748722
3984,train,Cc1ccc(\C=C(/C#N)\C(=O)N)cc1,2.09,2.012032706628764,-0.07796729337123587
3317,train,C[C@H](CO)Nc1nc(SCc2cccc(F)c2F)nc3[nH]c(N)nc13,3.22,3.3608559543301366,0.14085595433013642
2538,train,COc1ccc2NC(=O)C(NC(=O)c3ccccc3OC)N=C(c4ccccc4)c2c1,3.8,3.5623414966954625,-0.2376585033045373
2028,train,CC(C)C(NC(=O)CN1C(=O)C(=CC=C1c2ccccc2)NS(=O)(=O)NCc3ccccc3)C(=O)C(F)(F)F,2.57,2.7397370124668488,0.1697370124668489
75,train,COc1cc(NS(=O)(=O)c2ccc(N)cc2)nc(OC)n1,0.2,0.10271435783748384,-0.09728564216251617
626,train,CC(C)(C(=O)O)c1ccc(cc1)C(O)CCCN2CCC(CC2)C(O)(c3ccccc3)c4ccccc4,0.42,1.3544579910240033,0.9344579910240034
1298,train,CNC1=Nc2ncccc2C(=NC1c3ccns3)c4occc4,1.44,1.7031298871189169,0.26312988711891694
1458,train,NC(=O)c1cn([C@@H]2O[C@H](CO)[C@@H](O)[C@H]2O)c3ncnc(N)c13,-0.87,-0.5875546505676561,0.2824453494323439
3938,train,CCC(N(CCCN)C(=O)c1ccc(C)cc1)C2=Nc3ccn(C)c3C(=O)N2Cc4ccccc4,1.8,1.5983067234186212,-0.2016932765813788
3566,train,Cc1onc(C)c1CCC2CCN(CC2)S(=O)(=O)CC3(CCC(F)(F)CC3)N(O)C=O,2.1,1.9246204003078913,-0.1753795996921088
1644,train,CCOC(=O)c1ccc(OCC2CCN(C2)c3ccc(C)nn3)cc1,3.44,3.2444078609403317,-0.1955921390596682
3904,train,OCCCNc1ccc2c(NC(=O)CC3CCCCC3)c(Cl)ccc2n1,3.29,3.2024491548420473,-0.08755084515795275
1082,train,COc1ccc2CC3C4C=CC(O)C5Oc1c2C45CCN3C,0.8,0.8294507571004845,0.029450757100484504
3876,train,COc1cc(F)ccc1c2cncc(CNC(=O)c3cnccn3)c2,2.5,2.493777618212763,-0.006222381787237108
1031,train,Oc1ccc(CCNCCCCCCNC(=O)Nc2ccccc2)c3sc(O)nc13,1.26,1.4608036956910946,0.20080369569109457
3709,train,CC(C)COc1ccc(cc1C#N)c2nc(C)c(s2)C(=O)O,0.94,1.3481472809449961,0.4081472809449962
817,train,COc1cc(ccc1Nc2ncc(Cl)c(n2)c3cnc4c(OC)cccn34)N5CCN(CC5)C(=O)C,3.5,3.316306496594462,-0.18369350340553803
1052,train,CN([C@@H]1CCN(Cc2ccc(nc2)C(F)(F)F)C[C@@H]1F)C(=O)Cc3ccc(cc3)n4cnnn4,1.8,2.0125925458401617,0.21259254584016163
1394,train,COc1ccc2CCC(=O)N(CCN3CCC(CC3)NCc4ccc5OCC(=O)Nc5n4)c2c1,0.66,0.7597783219046141,0.09977832190461411
2214,train,COc1ccc(cc1)c2csc(n2)N(CCCN3CCOCC3)C(=O)c4occc4,3.34,3.2050452462132717,-0.13495475378672817
2176,train,COc1ccc(Cl)cc1C(=O)Nc2nc3ccccc3[nH]2,4.05,4.0894912018313665,0.039491201831366674
2016,train,CCCNCc1cnc(s1)c2ccc(cc2)C(=O)Nc3ccccc3N,1.75,1.954081219603427,0.20408121960342696
2148,train,C[S+]([O-])CCN1C(=O)C(Cc2ccccc12)NC(=O)c3cc4cc(Cl)sc4[nH]3,3.17,3.0529609236269595,-0.11703907637304045
1489,train,Oc1ccc(C(=O)Cc2ccccc2)c(O)c1,3.09,2.430191686191446,-0.6598083138085538
4195,train,OCCc1ccc(NC(=O)c2cc3cc(Cl)ccc3[nH]2)cc1,3.85,3.8355401082451475,-0.014459891754852627
3923,train,Clc1ccccc1CNC[C@@H]2CC[C@@H](CNCc3ccccc3Cl)CC2,2.74,2.629262126598166,-0.11073787340183427
3243,train,C[C@@H]1CN(Cc2oc(nn2)c3cc(cc4[nH]ncc34)c5cccc6[nH]ccc56)C[C@H](C)O1,4.01,4.01883970125491,0.008839701254910182
3385,train,COc1ccnc(NC2CCN(CC2)C(=O)c3ccc(Cl)cc3)c1,2.82,2.750094408904704,-0.0699055910952957
392,train,OC(=O)c1ccccc1Cn2nnc(n2)c3cccc(OCc4ccc5ccccc5n4)c3,2.1,1.8645173229205203,-0.23548267707947979
3079,train,COc1ccc(cc1Oc2cccc(Cl)c2)S(=O)(=O)N3CCC[C@@H](C3)N4C=C(C)C(=O)NC4=O,2.73,2.5740739434004087,-0.15592605659959125
1245,train,O=C(Nc1nc(cs1)c2ccccc2)c3cccnc3,3.62,3.1118461451306083,-0.5081538548693918
3250,train,CC(C)C(NC(=O)CN1C(=O)C(=CC=C1c2ccccc2)NS(=O)(=O)c3cccc(NC(=O)C)c3)C(=O)C(F)(F)F,2.43,2.4153734534847127,-0.014626546515287497
55,train,N(c1ccccc1)c2cc(Nc3ccccc3)[nH]n2,3.8,3.3553820943844,-0.4446179056155999
1184,train,CNC(=O)OC[C@@H](C)N(c1cc(Cl)ccc1CO)S(=O)(=O)c2ccc(Cl)cc2,3.0,2.9455425306844862,-0.05445746931551376
3910,train,NC(=O)Cc1nc(cs1)c2ccccc2,1.3,1.3290726265139856,0.029072626513985567
2645,train,Nc1c2C(=O)N(Cc2nc3c(cccc13)c4ncccn4)C5CCC5,1.85,1.9406517490917459,0.09065174909174578
2843,train,C(Oc1cccc2ccccc12)C3=NCCN3,0.68,1.258658497262756,0.5786584972627559
1741,train,COc1ccc(CN2CCc3c(C2)[nH]c4ccccc34)cc1OC,3.1,3.2065058565174853,0.10650585651748523
3224,train,COc1cc(F)ccc1c2cncc(CNC3CCCC3)c2,2.29,2.2504556382922125,-0.03954436170778752
1530,train,CC(C)N1CCN(CC1)C(=O)NCc2ccc(Cl)c(Cl)c2,2.75,2.6884200855933997,-0.06157991440660027
1824,train,CC(C)(c1cc(nc(n1)c2cccc3[nH]ccc23)N4CCOCC4)S(=O)(=O)C,2.65,2.797521692360938,0.14752169236093815
3143,train,CCN(C1CCN(Cc2ccc(cc2)C(F)(F)F)CC1)C(=O)Cc3ccc(cc3)S(=O)(=O)C,2.9,2.7908120117192112,-0.10918798828078868
865,train,COc1cc2ncnc(Nc3cc(NC(=O)c4ccnc(c4)N5CCOCC5)ccc3C)c2cc1OCCN6CCOCC6,3.19,3.21472329240825,0.024723292408249886
757,train,Oc1ccc2OCC(=O)N(CCN3CCC(CC3)NCc4ccc5OCC(=O)Nc5n4)c2c1,0.52,0.32220871546801,-0.19779128453199002
3336,train,O=C(Nc1ccc(nc1)N2CCOCC2)c3oc(Nc4ccccc4)nn3,2.9,2.9511963142732274,0.05119631427322746
3474,train,C[C@@H]1CN(CCN1c2ncc(OCc3ccc(cc3F)S(=O)(=O)C)cn2)C(=O)OC(C)(C)C,3.7,3.823039499888896,0.12303949988889595
1315,train,O=C(Nc1ccc(nc1)n2ccnc2)c3ccc(cc3)C#N,2.2,2.161550104854348,-0.038449895145652224
2735,train,OC(=O)COc1cccc(c1)N2CCC(CN3CCC(CC3)Oc4ccc(Cl)c(Cl)c4)CC2,1.99,1.8848790573671423,-0.10512094263285765
2235,train,CC(C)C(=O)Nc1ccc(c(c1)C(F)(F)F)[N+](=O)[O-],3.46,3.0595352841621004,-0.40046471583789955
16,train,COc1ccc(cc1)N2CCN(CC2)C(=O)[C@@H]3CCCC[C@H]3C(=O)NCC#N,1.6,1.6736340632502014,0.07363406325020128
1057,train,Clc1ccc(c(Cl)c1)c2nnc3cccc(Cl)n23,2.88,3.0934387090865774,0.21343870908657747
670,train,FC(F)(F)c1nnc2ccc(nn12)N3CCN(Cc4ccc(cc4)C#N)CC3,2.9,3.021687977244321,0.12168797724432112
3134,train,CCS(=O)(=O)c1ccc(Oc2c(C)n(CC(=O)O)c3ccc(cc23)C(F)(F)F)cc1,0.29,0.2594843788249448,-0.030515621175055185
897,train,NC1(CCC1)c2ccc(cc2)N3C(=O)c4ccccc4N=C3c5ccccc5,1.6,1.7008033543284662,0.1008033543284661
3890,train,COc1cc(OC2CCN(C)CC2)c3c(Nc4cccc5OCOc45)ncnc3c1,3.02,2.8794522189248806,-0.14054778107511945
3227,train,COc1cc(ccc1N)C(=O)NC[C@@H](O)CN2CCC(CC2)Oc3ccc(Cl)c(Cl)c3,3.12,2.8983781051389026,-0.2216218948610975
1069,train,CC1(C)N=C(N)N=C(N)N1c2ccc(Oc3ccc(Cl)cc3)c(Cl)c2,0.79,0.9138400074806785,0.12384000748067847
1205,train,CSCc1cc(nc(n1)c2ccccc2)N3CCOCC3,3.26,3.1481359805484357,-0.1118640194515641
790,train,CC(C)CN1C(=O)N(C)C(=O)c2c1sc(Cc3ccccc3C(F)(F)F)c2C(=O)N4CCCCC4,4.07,3.9562714773342353,-0.11372852266576494
1204,train,COc1cc(F)ccc1c2cncc(CNC(=O)c3ccccn3)c2,3.2,3.1308787639908067,-0.06912123600919351
3540,train,CC(O)(C(=O)Nc1ccc(cc1)S(=O)(=O)Nc2ccccc2)C(F)(F)F,3.07,2.8720513810769663,-0.1979486189230335
2994,train,COc1cc(cc(OC)c1O)[C@H]2[C@@H]3C(COC3=O)C(O[C@@H]4O[C@@H]5CO[C@@H](C)O[C@H]5[C@H](O)[C@H]4O)c6cc7OCOc7cc26,0.91,0.8642728223942802,-0.04572717760571987
707,train,OC(=O)c1[nH]c2ccccc2c1CCCOc3cccc4ccccc34,2.75,2.1076212408683745,-0.6423787591316255
918,train,CCOC(=O)CN(c1ccccc1C)S(=O)(=O)c2ccc(Cl)cc2,4.03,3.607756179032315,-0.4222438209676853
781,train,C[C@@H]1CN(Cc2ccc(F)cc2)[C@@H](C)CN1C(=O)c3cc4c(cn(C)c4cc3Cl)C(=O)C(=O)N(C)C,3.6,3.5908941160426258,-0.009105883957374328
43,train,CCS(=O)(=O)c1ccc(c(C)c1)c2cc(ccc2O[C@H](C)C(=O)O)C(F)(F)F,-0.4,0.3538697171326908,0.7538697171326908
1652,train,CN(c1ccnc(Nc2cc(cc(c2)N3CCOCC3)N4CCOCC4)n1)c5cc(CO)ccc5C,2.94,2.989634835943387,0.049634835943387134
1649,train,COc1ccc(C)c(c1)N(C)c2ccnc(Nc3cc(cc(c3)N4CCOCC4)N5CCOCC5)n2,3.18,3.411899851733129,0.23189985173312877
2598,train,CC(N1C(=O)c2ccccc2C1=O)C(=O)N3CCc4ccccc4C3,2.47,1.9755254666037825,-0.4944745333962177
1150,train,CC1=CN(C2CCCN(Cc3cccc(Oc4ccc(C)cc4)c3)C2)C(=O)NC1=O,3.38,3.2173898236257177,-0.1626101763742822
678,train,Nc1ccc(cc1)S(=O)(=O)N2CCCC2,0.98,0.7380520029919737,-0.24194799700802627
611,train,CS(=O)(=O)c1ccccc1C(=O)NCC(O)CNC2CCN(Cc3ccc(Cl)c(Cl)c3)CC2,1.21,1.4357892289115046,0.22578922891150466
3510,train,Oc1cc(nc2ncnn12)c3ccccc3,-0.21,0.3391636790636763,0.5491636790636762
2556,train,Clc1ccc(OC2CCN(CC2)C3CCN(CC3)C(=O)NS(=O)(=O)Cc4ccccc4)cc1Cl,2.13,1.8451099194037297,-0.2848900805962702
1971,train,O[C@H](CNC(=O)C1=CNC(=O)c2ccccc12)CN3CCC(CC3)Oc4ccc(C#N)c(Cl)c4,2.56,2.740348185697551,0.18034818569755107
2008,train,CCCSc1nc(ccc1C(=O)NC2CCCCC2)N3CCCCC3C(=O)O,1.36,1.3468890507431857,-0.013110949256814441
2644,train,Brc1oc(cc1)c2nc3cc(NS(=O)(=O)c4ccccc4)ccc3[nH]2,4.38,4.199911003115499,-0.18008899688450075
4128,train,CC(O)(C(=O)Nc1ccc(cc1)S(=O)(=O)c2cccnc2)C(F)(F)F,2.08,2.359673643476092,0.2796736434760918
3595,train,COc1ccccc1OCCNCC(O)COc2cccc3[nH]c4ccccc4c23,3.27,2.6999172740272153,-0.5700827259727848
3192,train,CCn1c2ccccc2c3cc(NC(=O)C)ccc13,3.5,3.0460706049177673,-0.45392939508223273
3084,train,COC(=O)N1CCN([C@H](CN2CCCC2)C1)C(=O)Cc3ccc(Cl)c(Cl)c3,2.05,2.0744347990070935,0.024434799007093666
390,train,Nc1[nH]ncc1c2cc(Cl)ccc2Oc3cc(F)c(cc3Cl)S(=O)(=O)Nc4cscn4,2.3,2.251048430696569,-0.04895156930343081
1105,train,COc1ccc(Cl)cc1C(=O)NCCc2ccc(cc2)S(=O)(=O)NC(=O)NC3CCCCC3,2.23,2.0124982113171868,-0.21750178868281322
807,train,COc1cc(OC)c(cc1NC(=O)CSc2ccncc2)S(=O)(=O)N3C(C)CCc4ccccc34,2.82,2.4940562865114972,-0.3259437134885026
1214,train,Fc1ccc(cc1)C(NC(=O)CC2CCN(Cc3ccn(c3)c4ccc(cc4)C(F)(F)F)CC2)C5=CNC(=O)C(=C5)Cl,3.12,3.196212851776343,0.07621285177634274
3032,train,COc1cccc2c1c(NS(=O)(=O)c3ccc(Cl)s3)nn2Cc4cccc(CNC(=O)C(C)(C)O)c4,2.09,2.210668664766428,0.12066866476642835
3416,train,CN1CCCC1CCNC(=O)c2ccc(Nc3ncc4cc(ccc4n3)c5ccncc5)cc2,2.01,2.1271501055563182,0.11715010555631844
3610,train,CC(C)CC(N(C)C)C1(CCC1)c2ccc(Cl)cc2,3.6,3.57749006066749,-0.022509939332509887
524,train,Clc1cccc(\C=C\2/SC(=O)NC2=O)c1N3CCNCC3,0.68,0.9185094291639582,0.23850942916395812
2517,train,CN1CCN(CCCOc2ccc(cc2)c3onc(c3)c4ccc(F)cc4)CC1,3.81,3.758525406472347,-0.051474593527653045
1969,train,CN([C@@H]1CCN(Cc2ccc(cc2)C(F)(F)F)C[C@@H]1F)C(=O)Cc3ccc(cc3)S(=O)(=O)C,2.7,2.689750878077996,-0.010249121922004
642,train,CC(C)Oc1cc(Oc2ccc(cc2)S(=O)(=O)C)cc(c1)C(=O)Nc3nccs3,3.61,3.2828394210851695,-0.3271605789148304
3239,train,CN(C)CCCN1c2ccccc2Sc3ccccc13,2.56,2.035390918293316,-0.524609081706684
826,train,CCCSc1ncccc1C(=O)N(C)[C@@H]2[C@@H]3CC4C[C@H]2C[C@@](O)(C4)C3,2.49,2.5464870072163444,0.05648700721634414
895,train,CNC(=O)Nc1nc2ccc(cn2n1)c3cncc(c3)S(=O)(=O)NC(C)(C)C,1.58,1.7049709139472449,0.1249709139472448
2318,train,COc1ccc2nccc([C@H](O)[C@H]3C[C@@H]4CCN3C[C@@H]4C=C)c2c1,2.21,2.21786696023411,0.007866960234109932
2877,train,COc1ccc(nc1OC)N2CCN([C@H](C)C2)C(=O)[C@@H]3CCCC[C@H]3C(=O)NC4(CC4)C#N,2.3,2.3693029837742783,0.06930298377427846
1551,train,CC(=O)Nc1ccc(CNc2[nH]nc3ccnc(Oc4ccccc4)c23)cc1,3.03,2.9340721171319144,-0.0959278828680854
4146,train,COc1cc(OC)c(cc1NC(=O)C)S(=O)(=O)NCc2ccccc2N3CCC(CO)CC3,1.03,0.9874857826969559,-0.042514217303044166
765,train,Cc1c(Sc2ccc(Cl)cc2)c3cc(F)ccc3n1CC(=O)O,1.84,1.7297332818258655,-0.11026671817413458
3567,train,Oc1ccc(CCNCCCNS(=O)(=O)CCOCc2cccc3ccccc23)c4sc(O)nc14,1.69,2.066122425367892,0.3761224253678921
1430,train,CCC1(CCCCN(C)C1)c2cccc(O)c2,0.8,0.8492535430664885,0.04925354306648844
3160,train,C(CN1CCCC1)Oc2ccc(Nc3ncc4cc(ccc4n3)c5ccncc5)cc2,2.66,2.6225195359496225,-0.03748046405037764
3907,train,CNc1ncnc2c(CNc3cc(NC(=O)c4ccc5OCCOc5c4)ccc3C)cccc12,4.0,3.8095994619874727,-0.19040053801252732
4105,train,CNC1=Nc2ccc(Cl)cc2C(=[N+]([O-])C1)c3ccccc3,2.41,2.3985857830949318,-0.011414216905068386
518,train,C(N(Cc1ccccc1)c2nn[nH]n2)c3ccccc3,1.37,1.7328998049153452,0.3628998049153451
3586,train,CN(c1ccnc(Nc2cc(cc(c2)C(=O)N3CCOCC3)N4CCOCC4)n1)c5cc(CO)ccc5C,2.2,2.5100550542356523,0.31005505423565216
3837,train,CC(NC(=O)C1(N)CCN(CC1)c2ncnc3[nH]ccc23)c4ccccn4,1.3,1.2612792614578954,-0.03872073854210467
3585,train,CN(C)C(=O)N1CCC(CC1)C(=O)NCc2cccs2,1.1,1.529112321816378,0.42911232181637793
135,train,Cc1ncc(nc1c2ccc(cc2)[C@@H]3CC[C@H](CC3)C(=O)O)C(=O)N,0.22,0.4856456426432967,0.2656456426432967
2172,train,OC(=O)c1cncc(c1)c2cnc3[nH]c(cc3c2n4ccc(n4)C(F)(F)F)C(=O)NC5CC5,-0.98,-0.606449972744195,0.373550027255805
1134,train,COc1cc2ncc(C(=O)N)c(Nc3cccc(Cl)c3)c2cc1OC,3.5,3.38520466319212,-0.11479533680787979
113,train,CC(C)C[C@H](N)c1oc(nn1)S(=O)(=O)Cc2ccc(F)cc2,1.11,1.30531032706861,0.19531032706860985
465,train,CC(C)c1ccccc1Nc2nc(SCc3cccs3)n[nH]2,4.21,4.257004035444423,0.047004035444422776
1406,train,OC(=O)[C@H](Cc1cccc(F)c1)N2CCC(CN3CCC(CC3)Oc4ccc(Cl)c(Cl)c4)CC2,2.68,2.823569056601386,0.14356905660138564
4000,train,NC1(CCN(CC1)c2ncnc3[nH]ccc23)C(=O)NC(CCCN4CCOCC4)c5ccc(Cl)cc5,2.7,2.6484596932339484,-0.05154030676605181
3039,train,COc1ccc(cc1)c2nc3c(NCCCNC(=O)C4CCCC4)c(cnc3[nH]2)C(=O)N,3.13,2.6686324263291668,-0.46136757367083314
1589,train,Cc1ccc(cc1)n2nc(cc2NC(=O)Nc3ccc(OCCN4CCOCC4)c5ccccc35)C(C)(C)C,4.49,4.35601565656996,-0.13398434343003984
2545,train,CN(C1CCN(Cc2ccc(cc2)C(F)(F)F)CC1)C(=O)Cc3ccc(cc3F)S(=O)(=O)C,2.7,2.816955522006344,0.11695552200634385
1042,train,Clc1cccc(Cl)c1c2nnc3cccc(Cl)n23,2.66,2.5074882885819734,-0.15251171141802677
4123,train,COc1ccc(cc1)c2nc(N)s[n+]2c3ccccc3,2.19,2.180833784089576,-0.00916621591042377
3612,train,NC(=O)c1cccc(O[C@@H]2C[C@H]3CC[C@@H](C2)N3Cc4ccccc4)c1,1.76,1.658247893861463,-0.10175210613853691
2833,train,Cc1nccn1CC2CCc3c(C2=O)c4ccccc4n3C,1.67,1.7179139328898412,0.04791393288984125
1314,train,COc1ccc2N=CC(=O)N(CCN3CC[C@@H](NCc4ccc5OCC(=O)Nc5n4)[C@@H](F)C3)c2c1,0.83,0.73366333226738,-0.09633666773261995
3642,train,OC1(CNC(=O)c2cc(ccc2Cl)N3N=CC(=O)NC3=O)CCCCCC1,0.26,0.4714442268996344,0.21144422689963438
788,train,Cc1ccccc1Nc2ncnc3ccccc23,2.85,3.1663230381704546,0.3163230381704545
862,train,C[C@@H](NC1=CC(=O)CC1)c2ccc(Nc3ncc4cc(ccc4n3)c5ccncc5)cc2,3.2,3.486889871887545,0.2868898718875448
4081,train,COc1cc(F)ccc1c2cccc(CNC3CCCC3)c2,2.29,2.752008663771723,0.4620086637717229
3986,train,Nc1ccccc1[N+](=O)[O-],-0.96,0.28484403904401945,1.2448440390440194
854,train,OC(=O)CCCS(=O)(=O)c1cccc(c1)C(=O)N2CCC(CC2)N3CCC(CC3)Oc4ccc(Cl)c(Cl)c4,0.66,0.5933130129934889,-0.0666869870065111
2133,train,NC(=N)NC(=O)c1nc(Cl)c(NCc2ccncc2)nc1N,-0.51,-0.3512006905562046,0.1587993094437954
2112,train,Cc1cc(ccc1O[C@H]2C[C@H]3CC[C@@H](C2)N3Cc4ccccc4)C(=O)N,2.23,2.0906267673426395,-0.13937323265736046
663,train,CCn1c(C)ncc1c2ccnc(Nc3ccc(cc3)C(=O)NC)n2,2.53,2.5380089408440853,0.008008940844085544
2362,train,OC(=O)CSCC(=O)Nc1nc(cs1)c2ccc(F)cc2,-0.2,0.4660812306200117,0.6660812306200117
1273,train,CCC(C)(CC)C[C@@H](N1CCC[C@@H](C1)N2C=C(C)C(=O)NC2=O)c3ccc(C(=O)O)c(Oc4cccc(Br)c4)c3,1.97,1.4711451388440762,-0.4988548611559238
477,train,COC1(CCOCC1)c2ccc(NC(=O)C3=CC(=O)c4cc(F)cc(c4O3)c5c(C)nn(C)c5C)cn2,2.98,3.289587855384154,0.30958785538415423
4156,train,C[C@H](Nc1cncc(Nc2ncc(C)s2)n1)c3ncc(F)cn3,1.91,2.3509725439530973,0.4409725439530974
727,train,CC[C@@H](NC1=C(Nc2cccc(C(=O)N(C)C)c2O)C(=O)C1=O)c3ccccc3,2.14,2.2618375460386426,0.1218375460386425
2547,train,Oc1cccc(NC(=O)c2ccc(OCCCN3CCCC3)cc2OCc4ccccc4C#N)c1,2.34,2.8513817960110104,0.5113817960110105
3508,train,CN(C1CCN(Cc2ccc(cc2)C(F)(F)F)CC1)C(=O)Cc3ccc(c(F)c3)S(=O)(=O)C,3.0,2.9193665110483966,-0.08063348895160338
3793,train,COc1cc(ccc1Nc2ncc(Cl)c(n2)c3cnc4cc(C)ccn34)N5CCN(CC5)C(=O)C,3.3,3.548812251608088,0.24881225160808818
3034,train,COc1ccc2SCC(=O)N(CCN3CCC(CC3)NCc4cc5OCCOc5cn4)c2c1,1.78,1.6886514984929364,-0.09134850150706364
4049,train,OC(=O)COc1ccc(Cl)cc1CN2CCN(CC2)S(=O)(=O)Cc3ccccc3,0.33,0.4918609276538033,0.16186092765380328
2678,train,OC1CCN(CC1)C(=O)c2ccc(cc2)C(=C3CCN(Cc4cscn4)CC3)c5cccc6cccnc56,1.89,2.0923797432392766,0.20237974323927665
2354,train,NC1(CCC1)c2ccc(cc2)c3ncc4cnccc4c3c5ccccc5,2.2,2.226379414201317,0.02637941420131673
660,train,Cc1c(Sc2ccc(Cl)cc2)c3ccc(cc3n1CC(=O)O)S(=O)(=O)C,0.79,0.8447588230288343,0.05475882302883428
4143,train,Cc1ccc(cc1)c2c[nH]nn2,2.58,2.4727352777616995,-0.10726472223830052
3749,train,C[C@H](CO)Nc1nc(SCc2cccc(F)c2F)nc3ncc(C)nc13,3.5,3.655835991658487,0.15583599165848705
3092,train,CC(C)N1CCC[C@H](CN2C(=O)c3cc(ccc3N=C2C(C)C)c4ccc(F)cc4)C1,3.6,3.6273456834814675,0.027345683481467375
3091,train,CC(C)(CS(=O)(=O)N1CCN(CC1)c2ccc(F)cc2)N(O)C=O,1.07,1.3896262383416682,0.31962623834166815
3718,train,CC(C)N1CCO[C@@H](CN2CCN(CC2)C(=O)Nc3ccc(Cl)c(Cl)c3)C1,2.77,2.8205937705091237,0.050593770509123726
3447,train,CN1CCC(COc2cc(OC3CCOCC3)c4c(Nc5c(Cl)ccc6OCOc56)ncnc4c2)CC1,2.59,2.493471215675742,-0.09652878432425771
975,train,Cc1ccc(COC(=O)N2CCC(CNc3ncccn3)CC2)cc1,3.6,3.376232835142877,-0.2237671648571231
2164,train,CCc1nc2c(N)nc3ccccc3c2n1CC(C)(C)O,1.38,1.4467778242629674,0.06677782426296752
1361,train,Cc1c(Sc2ccc(Cl)cc2)c3cc(Cl)ccc3n1Cc4nnn[nH]4,3.25,3.4441004355228806,0.1941004355228806
645,train,CCc1ccc(CCOc2ccc(CC3SC(=O)NC3=O)cc2)nc1,2.8,2.8445346385970494,0.044534638597049536
3626,train,CN(C\C=C\C#CC(C)(C)C)Cc1cccc2ccccc12,2.83,3.0801656003056976,0.25016560030569757
1324,train,Fc1ccc2cn[nH]c2c1,2.3,1.8441995258387645,-0.45580047416123537
288,train,CC(C)(C)NS(=O)(=O)c1cncc(c1)c2ccc3nc(NC(=O)NCC(=O)N4CCOCC4)nn3c2,0.96,1.0690527247840576,0.10905272478405759
1820,train,COc1ccc2c(C)cc(N[C@H]3CC[C@@H](C3)NCc4cn(C)c5ccccc45)nc2c1,2.53,2.8942714384241635,0.36427143842416365
1375,train,Cn1c(SCc2c(Cl)cccc2Cl)nnc1c3ccc4nonc4c3,3.35,3.52777713340065,0.17777713340064993
2437,train,CS(=O)(=O)c1ccc(cc1)C(CCNC(=O)c2ccc(cc2)C#N)c3ccc(F)cc3,2.9,2.6038775347126633,-0.29612246528733666
2582,train,COc1ccc(cc1)c2nc3c(OCC4CCNCC4)c(Br)cnc3[nH]2,1.55,1.4096175045453367,-0.1403824954546633
3409,train,CS(=O)(=O)Cc1cc(nc(n1)c2ccc(NS(=O)(=O)C)cc2)N3CCOCC3,0.85,1.0583988107241245,0.20839881072412447
254,train,COc1ccc2ncc(F)c(CCN3CCC(CC3)NCc4cc5OCCOc5cn4)c2n1,1.46,1.7445678026988398,0.28456780269883986
3862,train,CCNC(=O)c1ccc(CN2CCC(CC2)c3ccc(cc3)C(=O)Nc4ccccc4N)cc1,2.24,2.407600845299279,0.16760084529927877
3214,train,O=C(CCc1ccncc1)Nc2ccc(cc2)C(=O)c3ccccc3,3.4,3.094081859977744,-0.3059181400222557
2974,train,CCN(C1CCN(CC[C@H](N2CCN(CC2)S(=O)(=O)C(F)(F)F)c3ccccc3)CC1)C(=O)Cc4ccc(cc4)S(=O)(=O)C,2.86,2.737362590274808,-0.12263740972519166
2721,train,CN1CCC(CC1)(C#N)c2cccc3ccccc23,2.73,2.1166319354407386,-0.6133680645592614
2428,train,Cc1ccc(cc1c2cc(ccc2OCC(=O)O)C(F)(F)F)C#N,0.15,0.04610683487610023,-0.10389316512389976
1023,train,CN1CCC(CC1)(c2cc(nc(n2)c3cccc4[nH]ccc34)N5CCOCC5)S(=O)(=O)C,1.9,2.00734337727179,0.10734337727179
3725,train,CCCCCCCN(CCc1ccc(OC(C)(C)C(=O)O)cc1)C(=O)Nc2ccc(F)cc2F,1.93,2.1166924670721934,0.18669246707219345
1366,train,CCOc1ccc2nc(NC(=O)CC)sc2c1,3.4,3.171110439731466,-0.2288895602685339
2123,train,CS(=O)(=O)c1cccc(Nc2nccc(Nc3cccc4CCOc34)n2)c1,3.0,2.9283587197918757,-0.07164128020812432
652,train,CC1(C)Oc2ncnc(N)c2N=C1c3ccc(cc3)[C@@H]4CC[C@@H](CC(=O)O)CC4,1.32,1.3604231633085615,0.04042316330856144
2958,train,C[C@H](Nc1nc(Nc2cc(C)[nH]n2)cnc1C#N)c3ncc(F)cn3,1.96,2.122389607127169,0.1623896071271691
4068,train,C[C@H]1C[C@H]2[C@@H]3CC[C@H](C(=O)C)[C@@]3(C)C[C@H](O)[C@@H]2[C@@]4(C)CCC(=O)C=C14,3.25,3.0661276100626718,-0.18387238993732824
3184,train,CN(C)CC(O)COc1ccc(Nc2nccc(Nc3cccc(Cl)c3)n2)cc1,2.5,2.649587752921478,0.14958775292147797
2269,train,COC1CCN(CC1)C(=O)C2CCN(CCc3c([nH]c4sc(cc34)C(C)(C)C(=O)N5C6CCC5CC6)c7cc(C)cc(C)c7)CC2,4.09,4.079333311791361,-0.01066668820863903
4120,train,CC(C)c1onc(n1)N2CCN([C@H](C)C2)c3ncc(OCc4ccncc4C#N)cn3,3.3,3.2166759275637657,-0.08332407243623408
998,train,COc1cccc2c1c(NS(=O)(=O)c3ccc(Cl)s3)nn2Cc4cccc(CNC(=O)[C@@H]5COCCN5)c4,1.61,1.637371639299117,0.027371639299117012
2640,train,Cc1c(CCC(=O)O)c[nH]c1\C=C\2/C(=O)Nc3ccccc23,1.05,0.9320860181970472,-0.11791398180295287
1713,train,OC(=O)CCC(=O)c1ccc(cc1)c2ccccc2,0.58,1.1524666625459845,0.5724666625459846
1339,train,O[C@@H](CNCCc1ccc(CNCCc2ccccc2)cc1)c3ccc(O)c4NC(=O)Sc34,1.11,0.8283873250958296,-0.2816126749041705
1476,train,O[C@@]1(CN2CCC1CC2)C#Cc3ccc(Oc4ccc(cc4)C(=O)NCc5ccncn5)cc3,1.77,1.8086520882980182,0.03865208829801814
668,train,Clc1cc(Cl)cc(CS(=O)(=O)NCC(N2CCCCCC2)c3ccccc3)c1,3.23,3.1895161969878156,-0.04048380301218435
2135,train,Clc1ccc(cc1C(=O)NCC23CC4CC(CC(C4)C2)C3)C5CCNCC5,1.58,1.6598813319035568,0.07988133190355673
2476,train,CC(O)(C(=O)Nc1ccc(cc1)S(=O)(=O)c2ccncc2)C(F)(F)F,2.15,2.250343705166457,0.1003437051664573
708,train,C[C@H]1CN(Cc2cc(Cl)ccc2OCC(=O)O)CCN1C(=O)Cc3ccc(Cl)cc3,1.21,0.7668083096321676,-0.44319169036783235
3696,train,CCC(N(CCCN)C(=O)c1ccc(C)cc1)C2=Nc3snc(C)c3C(=O)N2Cc4ccccc4,1.61,1.6602930810025365,0.05029308100253638
2463,train,Cc1ccc(cc1)S(=O)(=O)N2N=Cc3ccccc3B2O,0.05,0.08227713327219588,0.032277133272195876
1182,train,CC(C)Oc1cc(n[nH]1)n2cnc3ccc(N[C@@H](CO)c4ccc(F)cn4)nc23,2.79,2.7237818505173226,-0.06621814948267746
3024,train,NC(=O)c1cnc(N[C@H]2CCCNC2)c3cc(sc13)c4ccc(Cl)c(F)c4,2.76,3.1049118250219183,0.34491182502191853
2945,train,CC(=O)Nc1ccccn1,0.5,1.2321905840745995,0.7321905840745995
1789,train,CCN(C1CCN(CC[C@H](c2ccc(cc2)S(=O)(=O)C)c3cccc(Cl)c3)CC1)C(=O)Cc4ccc(cc4)S(=O)(=O)C,2.37,2.6077125110207913,0.23771251102079116
2536,train,CCN(CC)C(=O)c1ccc(cc1)C(=C2CCN(Cc3ccc(F)cc3)CC2)c4cccc5cccnc45,3.86,3.9632285128167997,0.10322851281679979
2687,train,OC(=O)[C@H](Cc1ccc(CCCCNc2ccccn2)cc1)NC(=O)c3c(Cl)cccc3Cl,0.51,0.4672407902029452,-0.04275920979705483
892,train,COCCNC(=O)c1ccc(Nc2ncc3cc(ccc3n2)c4ccnc(C)c4)cc1,3.56,3.4877677436106858,-0.0722322563893143
2414,train,Oc1ccc(N2C(=O)c3ccc(O)cc3C2=O)c(F)c1,2.1,2.118911218495235,0.018911218495234916
3858,train,Cc1sc(nc1C(F)(F)F)N2CCN(CC2)C(=O)[C@@H]3CCCC[C@H]3C(=O)NC4(CC4)C#N,2.87,2.91685013921634,0.04685013921633985
1498,train,CCCCCSc1nc(O)c2sc(N)nc2n1,2.86,2.554525964457872,-0.3054740355421277
3410,train,COc1ccc(COc2ccc(Cc3cnc(N)nc3N)cc2OC)cc1,2.27,2.0674532821540175,-0.20254671784598255
1940,train,CN(C)c1cccc2c(cccc12)S(=O)(=O)N,1.95,1.4206071556842506,-0.5293928443157494
2951,train,CN1CCN(CC1)C(=O)c2cc(sc2NC(=O)N)c3ccccc3,2.17,1.9682693325337555,-0.20173066746624446
2267,train,OC(=O)[C@H](Cc1ccc(F)cc1)N2CCC(CN3CCC(CC3)Oc4ccc(Cl)cc4Cl)CC2,2.6,2.367060278855874,-0.2329397211441262
2860,train,Cc1ccc(cc1)c2cc(C(=O)N3CCOCC3)c4cc(C)ccc4n2,3.6,3.0670161671151464,-0.5329838328848537
3244,train,NC(=O)Nc1sc(cc1C(=O)N2CCOCC2)c3ccccc3,2.24,2.2720218155828955,0.0320218155828953
1302,train,Cc1ccc(cc1)c2nn(c3ncnc(N)c23)C(C)(C)C,4.1,3.9089209976838757,-0.19107900231612396
2264,train,Nc1ncnc2c1nc(Sc3nc4cccc(Cl)c4s3)n2CCO,2.37,2.5100285754096614,0.1400285754096613
3196,train,CN(C)C(=O)C1(CCN(CC[C@H](CN(C)C(=O)c2cc(cc3ccccc23)C#N)c4ccc(Cl)c(Cl)c4)CC1)N5CCCCC5=O,2.52,2.605999863977206,0.08599986397720594
2740,train,NC(=O)Nc1sc(cc1C(=O)N[C@H]2CCCNC2)c3cc(F)cc(F)c3,2.18,1.6243763998729945,-0.5556236001270056
3755,train,CS(=O)(=O)C1(CCNCC1)c2cc(nc(n2)c3cccc4[nH]ccc34)N5CCOCC5,0.7,0.8228730469141019,0.12287304691410195
485,train,Nc1nccc(n1)c2ccccc2,2.0,1.967544633192884,-0.032455366807115915
2385,train,ON1C(=O)N(CC2COc3ccccc3O2)c4ccsc4C1=O,1.44,1.3337917864681337,-0.10620821353186627
2832,train,CS(=O)(=O)N1CC[C@@H](C1)N(Cc2ccccc2Cl)c3ccc(C#N)c(Cl)c3,4.0,3.764368067296844,-0.2356319327031562
2316,train,Clc1ccc(Nc2nnc(Cc3ccncc3)c4ccccc24)cc1,3.7,3.447424612489824,-0.25257538751017616
2163,train,Clc1ccc(cc1C(=O)NCC23CC4CC(CC(C4)C2)C3)N5N=CC(=O)NC5=O,2.1,2.2171944364857774,0.11719443648577732
1539,train,Clc1ccc(COC(Cn2ccnc2)c3ccc(Cl)cc3Cl)cc1,2.54,2.782816588682394,0.24281658868239386
3301,train,Cc1nnc(NS(=O)(=O)c2ccc(N)cc2)s1,-1.33,-1.1833612047133246,0.14663879528667545
1228,train,OC(=O)Cc1csc(n1)c2ccc(Cl)cc2,-0.22,0.38473363084408185,0.6047336308440818
4121,train,O[C@@H](CNCCCSCCOCCc1cccc2ccccc12)c3ccc(O)c4NC(=O)Sc34,3.12,3.04373123898246,-0.07626876101754032
1020,train,CN1CCN(CC1)C(=O)[C@@H]2CCCC[C@H]2C(=O)NCC#N,-0.1,0.36197527489058046,0.46197527489058043
173,train,CSc1ncccc1C(=O)Nc2nccs2,1.43,2.0114220305804875,0.5814220305804876
1690,train,COC1=CC=C2C(=CC1=O)C(CCc3cc(OC)c(OC)c(OC)c23)NC(=O)C,1.12,1.130843220124315,0.010843220124314934
1569,train,CC1=C(C(=O)c2cc(O)c(O)c(CCc3ccc(C)cc3)c2C1=O)C4=C(C)C(=O)c5c(CCc6ccc(C)cc6)c(O)c(O)cc5C4=O,3.36,3.171239114957433,-0.18876088504256705
2702,train,CC(C)C(NC(=O)CN1C(=O)C(=CC=C1c2cccc(c2)C(=O)O)NC(=O)OCc3ccccc3)C(=O)C(F)(F)F,1.2,1.3106608098972656,0.11066080989726568
4046,train,C[C@](O)(CS(=O)(=O)c1ccc(F)cc1)C(=O)Nc2ccc(C#N)c(c2)C(F)(F)F,2.87,2.8017279062224505,-0.06827209377754961
2076,train,Cc1ncc([N+](=O)[O-])n1CCO,-0.11,0.24143623959480642,0.3514362395948064
64,train,O=C(COc1ccccc1)c2ccccc2,2.87,2.1018610777251574,-0.7681389222748427
3555,train,CS(=O)(=O)Cc1ccc2ccn(c3cc(NC4CC4)n5ncc(C#N)c5n3)c2c1,2.49,2.580154541564096,0.09015454156409586
348,train,CCOC(=O)C1(CCCN(CC2CC2)C1)c3cccc(O)c3,1.89,1.7324734398219075,-0.1575265601780924
3963,train,N[C@@H](Cc1ccc(F)cc1)C(=O)O,-1.06,-0.7066208648325452,0.3533791351674549
304,train,CC[C@@H](NC1=C(Nc2cccc(C(=O)N(C)C)c2O)C(=O)C1=O)c3oc(C)cc3,2.32,2.343058705085357,0.023058705085357012
797,train,COc1ccc(NC(=O)c2ccnc(N)n2)cc1,1.72,1.7386508769229496,0.018650876922949644
28,train,CSc1c(cnn1c2ccc(cc2)C(=O)O)C(=O)NC3C4CC5CC(CC3C5)C4,1.2,1.0335958065771955,-0.16640419342280444
1832,train,CC(C)C(NC(=O)CN1C(=O)C(=CC=C1c2ccccc2)NS(=O)(=O)c3ccccc3)C(=O)C(F)(F)F,2.26,1.836905181058166,-0.42309481894183376
2635,train,Cn1cncc1c2c3C(=O)N(CC=C)C(=O)N(CC4CC4)c3nn2Cc5ccnc6ccc(Cl)cc56,3.62,3.766250296065551,0.14625029606555096
4022,train,Fc1ccccc1Nc2oc(nn2)C(=O)Nc3ccc(Oc4cccnc4)nc3,3.1,3.3357089462848855,0.23570894628488537
1390,train,CN([C@@H]1CCN(Cc2nc3ccccc3s2)C[C@@H]1F)C(=O)Cc4ccc(cc4)S(=O)(=O)C,2.1,2.1934005162309407,0.09340051623094059
1639,train,Cc1ccc(cc1)C(=O)N(CCCN)CC2=Nc3cc(Cl)ccc3C(=O)N2Cc4ccccc4,1.47,1.4408795161936756,-0.02912048380632437
2495,train,CN[C@@H](C)C(=O)N[C@@H](C1CCCCC1)C(=O)N[C@H]2CCCN(CCc3cccc(F)c3)C2,2.64,2.5379487659332867,-0.10205123406671346
1822,train,Cc1cc2NC(=O)C(=CC(=O)c2cc1C)O,1.99,1.5063745567496798,-0.4836254432503202
3967,train,CCCC(=O)Nc1ccc(OCC(O)CNC(C)C)c(c1)C(=O)C,-0.27,-0.019298086474980103,0.2507019135250199
3662,train,CC1=CN(C2CCCN(Cc3cccc(Oc4ccccc4)c3)C2)C(=O)NC1=O,3.04,2.7365442746516617,-0.3034557253483383
1141,train,COc1ncnc(NS(=O)(=O)c2ccc(N)cc2)c1OC,-0.73,-0.3815203420734612,0.3484796579265388
1266,train,C[C@@H]1CN(CCN1C(=O)[C@@H]2CCCC[C@H]2C(=O)NC3(CC3)C#N)c4ccc5c(C)nn(C)c5c4,2.7,2.7303442123390753,0.03034421233907514
525,train,CSc1nc(nn1Cc2ccccc2)c3ccccc3,3.83,3.420554039054444,-0.40944596094555585
2044,train,C[C@@H](NC(=O)C)c1ccc(Nc2ncc3cc(ccc3n2)c4ccncc4)cc1,3.18,3.078060310709908,-0.10193968929009234
3905,train,O=C(Nc1ccncc1)c2cccc3ccccc23,3.1,3.1367721588837334,0.03677215888373331
1089,train,Cc1sc2c(C(=N[C@@H](CC(=O)OC(C)(C)C)c3nnc(C)n23)c4ccc(Cl)cc4)c1C,3.82,3.6476157526482154,-0.17238424735178448
1078,train,CCc1c(C)nc(SCC(=O)Nc2nc(cs2)c3ccc(OC)cc3)nc1O,3.78,3.6085427346547476,-0.17145726534525219
1567,train,CC(C)C[C@H](NC(=O)N1CCOCC1)C(=O)N[C@@H](CCc2ccccc2)\C=C\S(=O)(=O)c3ccccc3,3.4,3.3012508130739775,-0.09874918692602241
721,train,c1ccc2ncncc2c1,1.0,1.4018129494859757,0.4018129494859757
233,train,O=C(Nc1nc2C(=O)NC=Nc2s1)c3ccccc3,1.94,1.9549953744616912,0.014995374461691302
2997,train,COc1cc(OC)c(cc1NC(=O)C)S(=O)(=O)N(C(C)C)c2ccccc2,1.6,1.3507495437678874,-0.24925045623211273
466,train,Nc1nc2ccc(F)cc2s1,2.2,2.3701405419896946,0.17014054198969442
252,train,NC(=O)c1sc(cc1N)c2ccccc2,2.33,2.553636574088527,0.22363657408852688
1557,train,Cc1ccc2nc(NCCN)c3ncc(C)n3c2c1,0.88,0.9225540676348529,0.04255406763485292
4085,train,Cc1cc(NC(=O)c2oc(Nc3ccccc3F)nn2)ccc1N4CCOCC4,4.0,3.5750511825278712,-0.42494881747212876
1446,train,COCCC(=O)NC(C)c1ccc(Nc2ncc3cc(ccc3n2)c4ccncc4)cc1,2.98,3.0118967000982684,0.031896700098268393
484,train,OC(=O)c1cc(nc2ccc(F)cc12)c3ccncc3,-0.8,-0.2112432572577414,0.5887567427422586
264,train,CC(C)[C@@H](CO)NS(=O)(=O)c1ccc(Cl)s1,2.3,2.0039075839702014,-0.2960924160297984
2726,train,CC(C)NCC(O)COc1ccc(CCOCC2CC2)cc1,0.63,0.5570170859446921,-0.07298291405530788
3615,train,CCCCC1(CC)C(=O)NC(=O)NC1=O,1.5,1.1517105998071782,-0.34828940019282184
143,train,CC(=O)Nc1ccc(cc1)C(=O)Nc2ccccc2N,0.82,0.9906060757601931,0.17060607576019315
3318,train,CCN(CC)CCn1c2ccccc2c3cnc(N)c(C#N)c13,2.7,2.31981603053264,-0.3801839694673603
1875,train,CC(C)(C)C(=O)Nc1ccc2c(c1)C(=O)C(=O)c3ccccc23,2.83,2.5760196737468024,-0.25398032625319766
3706,train,CN([C@H](CN1CCCC1)c2ccccc2)C(=O)Cc3ccc(Cl)c(Cl)c3,3.42,3.0616958201840117,-0.3583041798159883
460,train,Cc1cccc(c1)S(=O)(=O)NC(=O)N2CCC(CC2)N3CCC(CC3)Oc4ccc(Cl)c(Cl)c4,1.84,2.0431595007625747,0.2031595007625746
1784,train,Nc1nc2ccccc2n1C(=O)c3ccccc3,1.56,1.4975677328650097,-0.062432267134990393
2555,train,O=C(N1CCOCC1)c2ccc(cc2)C(=C3CCN(Cc4cscn4)CC3)c5cccc6cccnc56,2.12,2.375118164741578,0.2551181647415781
2224,train,COC(=O)c1ccc(NC(=O)c2cc(OC)c(OC)c(OC)c2)cc1,3.2,2.8278786627715125,-0.3721213372284877
457,train,NC(=O)Nc1sc(cc1C(=O)N)c2ccc(CNC3CCCC3)cc2,1.22,1.6600507840579821,0.44005078405798215
4003,train,O=C1NC(=O)C(Cc2cccc(Oc3ccccc3)c2)S1,2.84,2.8971316225037924,0.057131622503792556
3921,train,COc1ccc(N(C(C(=O)NC2CCCC2)c3ccccc3F)C(=O)C)c(OC)c1,2.81,3.436578846218496,0.626578846218496
1829,train,Fc1ccccc1Nc2oc(nn2)C(=O)Nc3ccc(cc3)N4CCOCC4,3.05,2.8051162581857922,-0.24488374181420758
1585,train,COC(=O)[C@@H]1C2CCC(C[C@@H]1c3ccc(I)cc3)N2CCCF,2.3,1.8167067785177582,-0.48329322148224163
1221,train,Oc1ccc(CCNCCCCCCOCCc2ccccc2)c3sc(O)nc13,2.21,2.1409917497821387,-0.06900825021786128
848,train,C[C@@H](NC(=O)C)c1ccc(Nc2ncc3cc(cc(C)c3n2)c4ccncc4)cc1,3.46,3.426366566456696,-0.03363343354330395
653,train,CN(C)c1ccc(cc1)S(=O)(=O)NC(=O)N2CCC(CC2)N3CCC(CC3)Oc4ccc(Cl)c(Cl)c4,1.7,1.698089578110257,-0.001910421889742997
888,train,Nc1ncnc2c1ncn2[C@@H]3O[C@H](CSCCCNC(=O)NCc4ccccc4)[C@@H](O)[C@H]3O,0.9,1.1192256371647153,0.21922563716471533
3357,train,Oc1c2C(=O)NNC(=O)c2nc3cc(Cl)cc(Cl)c13,0.89,0.9614800924341422,0.07148009243414222
1831,train,COC(=O)N1CCOc2cc(COc3ccccc3)cnc12,2.5,2.4939032161721206,-0.006096783827879371
3236,train,CN1CCN(CC1)[C@@H]2C[C@@H](C2)c3nc(c4ccc5ccc(nc5c4)c6ccccc6)c7c(N)nccn37,3.2,2.9428170949206667,-0.2571829050793335
3584,train,CC(C)CNc1nc(nc(N2CC(O)C2)c1N)C#N,2.0,2.2231953761269683,0.22319537612696827
1244,train,CCNC(=O)c1ccc(C)c(c1)N2C=Nc3ccc(cc3C2=O)N4CCN(C)CC4,1.47,1.9481628883208528,0.47816288832085285
792,train,C1CN2C[C@@H](N=C2S1)c3ccccc3,0.81,1.2913988576703799,0.4813988576703798
391,train,Cc1cnc(cn1)C(=O)NCCc2ccc(cc2)S(=O)(=O)NC(=O)NC3CCCCC3,0.31,0.5072397423807915,0.1972397423807915
1865,train,CCOc1cccc(\C=C\2/SC(=O)NC2=O)c1N3CCC[C@@H](N)C3,1.86,1.7284653359636193,-0.1315346640363808
2632,train,CCC(N(CCCN)C(=O)c1ccccc1)C2=Nc3ccsc3C(=O)N2Cc4ccccc4,1.38,1.5035054104713927,0.12350541047139285
3191,train,Cc1ccc(cc1NC(=O)c2ccc(OCc3ccccn3)cc2)c4[nH]cnc4C,2.87,2.5496743157684896,-0.32032568423151053
4106,train,CN(C)C(=O)[C@H](Cc1ccccc1)NC(=O)c2cc3ccsc3[nH]2,3.1,3.0882523808986715,-0.011747619101328599
2072,train,O[C@H](CNC(=O)c1c[nH]c2ccccc12)CN3CCC(CC3)Oc4ccc(Cl)c(Cl)c4,3.91,3.77047439496268,-0.13952560503732014
77,train,C[C@H](Nc1ncc(F)c(Nc2cc([nH]n2)C3CC3)n1)c4ncc(F)cn4,2.47,2.369012759406639,-0.10098724059336117
513,train,CC(=O)Nc1ccc2ccn(c3cc(Nc4ccn(C)n4)n5ncc(C#N)c5n3)c2c1,3.57,3.122216852735489,-0.44778314726451063
643,train,NS(=O)(=O)c1ccc(CCNc2ccc3nnc(c4ccccc4)n3n2)cc1,2.19,2.190381473739935,0.00038147373993524525
3213,train,C[C@H](CO)Nc1nc(SCc2ccccc2)nc3nc(N)sc13,3.12,2.992931625786275,-0.1270683742137253
2482,train,Clc1ccc(cc1)C(=O)Cc2ccccn2,2.96,2.657091993266338,-0.302908006733662
610,train,COc1ccc(C=NN=Cc2ccc(OC)c(OC)c2)cc1OC,3.38,2.528459693013433,-0.8515403069865668
1608,train,COCCNC(=O)c1ccc(Nc2ncc3cc(ccc3n2)c4cccnc4)cc1,3.11,2.964853856980339,-0.145146143019661
3754,train,Oc1c(C#N)c(nc2ccncc12)c3ccc(cc3)c4ccccc4CN5CCOCC5,2.0,2.0933350096703163,0.09333500967031627
2195,train,CCN1C(=O)N(CC2CC2)c3nn(Cc4ccnc5ccc(Cl)cc45)c(c6cncn6C)c3C1=O,2.87,3.336477063474198,0.4664770634741977
4057,train,NC(=N)Nc1oc2ccccc2n1,1.91,1.4417921313703133,-0.46820786862968666
2552,train,CCN(CCO)CCCOc1cc2ncnc(Nc3cc(CC(=O)Nc4cccc(F)c4)[nH]n3)c2cc1OC,2.12,2.1187266106137312,-0.0012733893862688639
4056,train,COc1cc(F)ccc1c2cc(CNC3CCCC3)ccn2,1.71,1.9974596903038992,0.2874596903038993
414,train,COc1ccccc1Nc2cc(Oc3cc(C)c(C)nc3c4ccccn4)ccn2,3.37,3.4306426172424196,0.06064261724241948
3771,train,CCN(CC)C(=O)c1ccc(cc1)C(N2CCNCC2)c3cccc4cccnc34,0.7,0.7732849693136246,0.0732849693136246
1715,train,COc1cc(Nc2c(cnc3cc(OCCCN4CCN(C)CC4)c(OC)cc23)C#N)c(Cl)cc1Cl,3.5,3.2144200014716495,-0.2855799985283505
488,train,Oc1ccc(cc1)c2cnc3ccccc3n2,3.3,3.042539121076171,-0.25746087892382885
3401,train,CN1c2ccccc2C(NCCCCCCC(=O)O)c3ccc(Cl)cc3S1(=O)=O,1.33,1.2335834077182266,-0.09641659228177346
2238,train,C[C@@H](Oc1cccc2ncnc(Nc3ccc4c(cnn4Cc5cscn5)c3)c12)C(=O)N6CCOCC6,2.81,2.7472708362016114,-0.06272916379838867
2170,train,COc1cc(ccc1Nc2ncc(Cl)c(n2)c3cnc4ccccn34)N5CCNCC5,2.4,2.425533192993413,0.025533192993413056
1984,train,Cc1c(Sc2ccc(Cl)cc2)c3cc(ccc3n1CC(=O)O)c4ccccc4,3.7,3.278456073924472,-0.42154392607552804
1626,train,FC(F)(F)c1cccc(C(=O)N[C@H]([C@@H]2CCCCN2)c3ccccc3)c1Cl,2.61,2.706372100593395,0.09637210059339507
573,train,O[C@@H](CNCCc1ccc(CNCCc2ccccc2F)cc1)c3ccc(O)c4NC(=O)Sc34,1.3,1.1159463037484816,-0.18405369625151846
1952,train,OCCN1CCN(Cc2ccc3c(NC(=O)CC45CC6CC(CC(C6)C4)C5)c(Cl)ccc3n2)CC1,2.93,3.1096363873109265,0.17963638731092635
418,train,CC(=O)c1ncccc1NC(=O)[C@@H]2CC[C@H](CC2)N3C(=O)[C@@H]4[C@@H]5CC[C@@H](C5)[C@@H]4C3=O,3.01,2.79417504986093,-0.21582495013906966
4089,train,Clc1cc(Cl)c2c3C(=O)NNC(=O)c3[nH]c2c1,1.02,1.1298787659991831,0.10987876599918311
3114,train,OC(=O)[C@H](Cc1cccc(OCCCNc2ccccn2)c1)NC(=O)c3c(Cl)cccc3Cl,0.16,0.4052653794496428,0.2452653794496428
2776,train,CN1CCN(CC1)c2ccc3N=CN(C(=O)c3c2)c4cc(NC(=O)C5CC5)ccc4C,2.17,2.1038632501203884,-0.06613674987961149
218,train,C[C@H](Nc1cnc(C)c(Nc2cc(C)[nH]n2)n1)c3ccc(F)cn3,1.73,1.7460368179520567,0.016036817952056692
2288,train,COC(=O)c1ccc(CN2NC(=O)C3=C(C2=O)C(=O)c4ccc(Cl)cc4N3)cc1,1.17,1.1493050717970557,-0.020694928202944274
1544,train,Fc1cc(Oc2ccc(cc2c3ccnnc3)C(F)(F)F)c(Cl)cc1S(=O)(=O)Nc4nncs4,1.15,1.5937163056204064,0.44371630562040654
1338,train,O=C(NC1(CC1)C#N)[C@@H]2CCCC[C@H]2C(=O)N3CCN(CC3)c4nc5cnccc5s4,1.66,1.9454619672136206,0.2854619672136207
1682,train,OC(=O)COc1ccc(cc1c2ccc(Cl)cc2)C(F)(F)F,0.9,0.8865096234139815,-0.013490376586018482
1454,train,O[C@]1(CN2CCC1CC2)C#Cc3ccc(Oc4ccc(cc4)C(=O)NC5CCS(=O)(=O)C5)cc3,1.64,1.5533074176525776,-0.08669258234742228
1437,train,COc1cc(Nc2cc(nc(N[C@@H](C)c3ncc(F)cn3)n2)N4CCOCC4)n[nH]1,2.18,2.1681668175003685,-0.011833182499631612
15,train,Nc1ccc(cc1)c2nc3ccc(O)cc3s2,3.2,3.121427129406329,-0.07857287059367124
368,train,C[C@H](CN(C)C(=O)CO)Oc1cccc2ncnc(Nc3ccc(OCc4ccccn4)c(Cl)c3)c12,3.22,3.214162192615429,-0.005837807384571292
1305,train,C1CCN(CC1)c2ncnc3[nH]cnc23,1.84,1.4701298444197817,-0.3698701555802184
2320,train,NC(=O)Cc1ccccc1,0.3,0.7284855786272895,0.4284855786272895
3713,train,CC(=O)NC[C@H]1CN(C(=O)O1)c2ccc(N3Cc4ccncc4C3)c(F)c2,3.02,2.673725424695481,-0.3462745753045189
523,train,C[C@H]1CN(Cc2cc(Cl)ccc2CCC(=O)O)CCN1C(=O)Cc3ccccc3,1.52,1.3151771081667465,-0.20482289183325353
1849,train,CC1=CN([C@H]2CCCN(C2)[C@@H](CC(C)(C)C)c3ccc(C(=O)O)c(Oc4cccc(Br)c4)c3)C(=O)NC1=O,1.12,1.001576800929207,-0.11842319907079313
4110,train,Nc1ccc(OCc2ccccc2)cc1,2.2,2.2416869420605336,0.04168694206053347
265,train,CC(C)C(NC(=O)CN1C(=O)C(=CC=C1c2cccnc2)NC(=O)OCc3ccccc3)C(=O)C(F)(F)F,3.05,2.7384837328203337,-0.3115162671796661
248,train,O=C1NC=Nc2[nH]ncc12,-0.42,-0.21454737750027064,0.20545262249972934
3843,train,OCCN1C(=O)C(Cc2ccccc12)NC(=O)c3cc4cc(Cl)sc4[nH]3,3.05,3.131256530051446,0.08125653005144606
2870,train,CCCS(=O)(=O)c1ccc(Nc2nccc(n2)c3cnc(C)n3C(C)C)cc1,3.37,3.2560509923160197,-0.11394900768398042
469,train,Clc1cccc(Nc2ncnc3ccccc23)c1,3.9,3.6507227624963567,-0.24927723750364317
4005,train,OCCNC(=O)CN1C(=O)C(Cc2ccccc12)NC(=O)c3cc4cc(Cl)sc4[nH]3,3.05,3.0605832896654555,0.01058328966545563
2596,train,COc1cc2c(Nc3ccc(F)c(Cl)c3)c(cnc2cc1OCCN(C)CCO)C(=O)N,3.2,2.994794776107302,-0.20520522389269802
286,train,CCN(C1CCN(CCC(c2ccccc2)c3ccc(NS(=O)(=O)C)cc3)CC1)C(=O)Cc4ccc(cc4)S(=O)(=O)C,1.84,2.03064631742626,0.19064631742625981
3443,train,CN(C)CC(O)COc1ccc(Nc2nccc(Nc3cc(C)ccc3Cl)n2)cc1,2.6,2.7107577163505683,0.11075771635056819
320,train,COc1cc(ccc1Nc2ncc(Cl)c(n2)c3cnc4c(F)cc(F)cn34)N5CCN(CC5)C(=O)C,3.2,3.4130248671295256,0.2130248671295254
1492,train,Cc1ccc(NC(=O)c2cccc(c2)C(F)(F)F)cc1NC(=O)c3cccnc3,3.11,2.9815382363028813,-0.1284617636971186
2723,train,N\C(=C(\C#N)/c1ccccc1C(F)(F)F)\Sc2ccc(N)cc2,3.3,3.3618641915399747,0.06186419153997491
2489,train,COC(=O)N1CCN([C@@H](CN2CCCC2)C1)C(=O)Cc3ccc(Cl)c(Cl)c3,1.97,2.0744347990070935,0.10443479900709352
997,train,CCN1CCN(CC1)C(=O)c2cc3cc(Cl)ccc3[nH]2,3.14,3.01309835802316,-0.12690164197684028
2408,train,C[C@@H](CO)Oc1cc(Oc2ccc(cc2)S(=O)(=O)C)cc(c1)C(=O)Nc3nccs3,2.63,2.437999877529336,-0.192000122470664
3574,train,CCCCc1nc2c(N)nc3ccccc3c2n1CC(C)(C)O,2.37,2.2716889090086787,-0.0983110909913214
1209,train,Oc1ccc(cc1)C2=COc3cc(O)ccc3C2=O,2.46,2.458799682074873,-0.0012003179251269813
3502,train,CN(C)C(=O)N[C@@H]1CC[C@@H](CN2[C@@H]3CC[C@H]2C[C@H](C3)Oc4cccc(c4)C(=O)N)CC1,-0.07,0.2635730183912184,0.3335730183912184
3001,train,Fc1ccc(cc1)c2ncn(C3CCNCC3)c2c4ccncc4,0.3,0.5390618903160127,0.23906189031601272
1561,train,O=C1N([Se]c2ccccc12)c3ccccc3,3.31,3.06288307071728,-0.24711692928272022
1975,train,FC(F)(F)c1cccc(c1)S(=O)(=O)NCC(N2CCCCCC2)c3ccccc3,3.12,3.50845470155328,0.38845470155327977
1080,train,Nc1cc(c(cn1)c2cc(nc(n2)N3CCOCC3)N4CCOCC4)C(F)(F)F,2.7,2.7994803402451485,0.09948034024514829
1226,train,CCOc1ccc(NC(=O)C)cc1,1.5,1.7661037819357117,0.2661037819357117
3682,train,O=C(NC1(CC1)C#N)[C@@H]2CCCC[C@H]2C(=O)N3CCN(CC3)c4nc(cs4)c5ccccc5,3.5,3.27921390354415,-0.2207860964558499
2425,train,COCCC(=O)N[C@@H](C)c1ccc(Nc2ncc3cc(ccc3n2)c4ccncc4)cc1,3.05,3.0118967000982684,-0.03810329990173145
2932,train,Cc1cccc(NC(=O)c2ccc(c3ccccc3)c(c2)C#N)n1,3.71,3.674155865747071,-0.03584413425292876
1345,train,Cc1cc(on1)c2ccc(cc2F)N3C[C@H](Cn4ccnn4)OC3=O,1.99,1.968263613210163,-0.021736386789837026
3101,train,FC1(F)Oc2ccc(\C=C\3/SC(=O)NC3=O)cc2O1,2.8,2.562688104332434,-0.23731189566756594
3594,train,CC(C)N1CCN(Cc2cnc(c(C)c2)c3ccc(cc3)C(=O)Nc4ccccc4N)CC1,1.44,1.5503177765234861,0.11031777652348618
1774,train,Cc1c(Sc2ccc(Cl)cc2)c3cccc(Cl)c3n1CC(=O)O,2.0,2.1127925588085215,0.11279255880852146
1056,train,CCCc1c(O)c(ccc1OCc2ccc(cc2)C(=O)O)C(=O)C,2.1,2.088591090816574,-0.011408909183426186
242,train,CC[C@H](C)C(=O)O[C@H]1C[C@@H](C)C=C2C=C[C@H](C)[C@H](CC[C@@H](O)C[C@@H](O)CC(=O)O)[C@@H]12,1.07,0.8174155395302243,-0.2525844604697758
3941,train,C[C@H]1O[C@H]([C@H](O)[C@@H]1O)n2cnc3c(N)nc(Oc4ccccc4)nc23,1.05,1.2871665487163604,0.23716654871636034
845,train,CNC1=Nc2ncccc2C(=NC1c3cccs3)c4occc4,1.85,1.9437982575765385,0.09379825757653837
3588,train,CCN(C1CCN(CCC(c2ccccc2)c3ccccc3)CC1)C(=O)Cc4ccc(cc4)[N+](=O)[O-],4.1,4.04656332323085,-0.05343667676914965
318,train,CN1CCN(CC1)c2ccc(NC(=O)c3oc(Nc4ccccc4F)nn3)cn2,2.36,2.806354363332841,0.44635436333284106
795,train,COc1cc(ccc1Nc2ncc(Cl)c(n2)c3cnc4ccc(cn34)N(C)C)N5CCN(CC5)C(=O)C,4.1,3.9822077242625493,-0.11779227573745032
1021,train,Fc1ccc(cc1Cl)C2CNCC=CC2,1.33,1.6454788505862656,0.31547885058626557
3042,train,c1ccc(cc1)C#Cc2n[nH]c3ccccc23,4.31,3.6668299701831053,-0.6431700298168943
1591,train,Cn1cnc2cc(cnc12)C#Cc3ccccc3,3.5,3.0328216133456842,-0.46717838665431577
2929,train,CC(C)CN1C(=O)N(C)C(=O)c2c1sc(Cc3ccccc3C(F)(F)F)c2C(=O)N4CCCC4,3.8,3.5476594645968182,-0.2523405354031816
2871,train,COc1cc(ccc1Cn2ccc3ccc(NC(=O)OC4CCCC4)cc23)C(=O)O,2.1,2.1581216477074334,0.05812164770743333
2375,train,CC(C)OC(=O)N1CC2COCC(C1)C2Oc3ncnc(Oc4cccnc4C)c3C,3.1,3.3237603381552243,0.22376033815522423
3120,train,CCCSc1ncccc1C(=O)N(C)C2CCOCC2,1.63,1.934089972244247,0.30408997224424716
766,train,COc1ccc2c(C)cc(N[C@H]3CCC[C@@H](C3)NCc4cccc(OC(F)(F)F)c4)nc2c1,3.61,3.5546509933811956,-0.055349006618804264
2410,train,Cc1sc2ncnc(N3CCN(CC3)c4ncccn4)c2c1C,3.66,2.984533123765284,-0.675466876234716
417,train,CC(C)CN1C(=O)N(C)C(=O)c2c1sc(Cc3ccccc3C(F)(F)F)c2C(=O)N4CC[C@@H](O)C4,2.74,2.6897462551754514,-0.05025374482454881
92,train,CN(C)C(=O)c1ccc(CN2CCc3cc4nc(N)sc4cc3CC2)cc1,1.72,1.559045282008117,-0.16095471799188288
808,train,Cc1cc(Nc2ccccc2)n(CCC#N)n1,2.3,2.4271870188855003,0.12718701888550044
2606,train,CNc1cccc(CCOc2ccc(C[C@H](NC(=O)c3ccc(F)cc3Cl)C(=O)O)cc2)n1,-0.04,0.19882058242638045,0.23882058242638046
1088,train,C[C@@H]1CN(C[C@H](C)N1)c2c(F)c(N)c3C(=O)C(=CN(C4CC4)c3c2F)C(=O)O,-0.15,-0.23279233473179373,-0.08279233473179373
2660,train,COc1ccc(Nc2cc(Oc3cc(C)c(C)nc3c4ccccn4)ccn2)cc1,3.51,3.3086206797487168,-0.20137932025128302
3672,train,CC(C)Oc1ccc(cc1C(=O)N2CCN(CC2)c3ccc(cc3)C(F)(F)F)S(=O)(=O)C,3.33,2.928095039669662,-0.40190496033033796
2724,train,CN(C)c1ccc2N=C3C=CC(=[N+](C)C)C=C3Sc2c1,-0.88,0.08105490437898766,0.9610549043789877
2936,train,[O-][N+](=O)c1ccc2C(=O)C(=O)c3ccccc3c2c1,2.56,2.5248924018957903,-0.035107598104209714
2569,train,C[C@H](NC1=NC(=O)[C@@](C)(S1)C(F)(F)F)c2ccccc2F,3.1,2.916683920615443,-0.18331607938455718
939,train,Clc1cccc(NC(=O)c2ccccn2)c1,3.4,3.1637422715017873,-0.23625772849821258
4044,train,Nc1cccc2c3ccccc3C(=O)C(=O)c12,2.95,2.4748927061465946,-0.47510729385340555
2315,train,CC(C)(O)c1ccccc1CC[C@@H](SCC2(CC(=O)O)CC2)c3cccc(\C=C\c4ccc5ccc(Cl)cc5n4)c3,3.45,3.43602960964618,-0.013970390353819973
2180,train,CC1(C)C(=O)Nc2ccccc12,2.3,2.2089649578090436,-0.09103504219095626
3727,train,NC1(CCN(CC1)c2ncnc3[nH]ccc23)C(=O)N[C@@H](CCN4CCCCC4)c5ccc(Cl)cc5,2.4,2.274104688284882,-0.12589531171511803
2079,train,OC1(CN2CCC1CC2)c3ccc(cc3)c4ccccc4,1.5,1.7245759224627304,0.2245759224627304
3545,train,CN1CCN(CC1)c2ccc3ncc(C(=O)N)c(Nc4ccc(Cl)cc4Cl)c3c2,3.23,3.0158194352436882,-0.21418056475631175
90,train,COc1ccnc(CCc2nc3c(C)ccnc3[nH]2)c1,2.1,1.9827149384571983,-0.11728506154280183
239,train,CC(C)(C)OC(=O)N1CCN(CC1)c2ncc(OCc3ccc(cc3)S(=O)(=O)C)cn2,3.27,3.268960486415497,-0.001039513584502938
37,train,Cn1cncc1c2c3C(=O)N(CC4CC4)C(=O)N(CC5CC5)c3nn2Cc6ccnc7ccc(Cl)cc67,4.33,3.6412245155861713,-0.6887754844138287
3368,train,CC1=CC(=O)Oc2c(C)c3oc(C)cc3cc12,3.47,3.255512987867946,-0.21448701213205412
1480,train,COCCNS(=O)(=O)c1ccc(Nc2nccc(n2)c3cnc4cccnn34)cc1,2.8,2.636311147568987,-0.16368885243101294
1562,train,COc1ccc2C=CC(=O)N(CCN3CCC(CC3)NCc4cc5OCCOc5cn4)c2c1,1.31,1.251577333381726,-0.05842266661827411
732,train,CC(=O)CC(C1=C(O)c2ccccc2OC1=O)c3ccccc3,0.86,1.024026141757025,0.16402614175702512
446,train,CNC(=O)[C@H]1CCCN1Cc2cc3c(Nc4cccc(Cl)c4F)ncnc3cc2OC,3.65,3.560811942637042,-0.08918805736295798
2436,train,OCCN(CCO)c1nc(N2CCCCC2)c3nc(nc(N4CCCCC4)c3n1)N(CCO)CCO,3.97,3.583817022197259,-0.38618297780274125
2077,train,COCCN1CCN(CC(=O)Nc2ccc(C3=CC=CN4C(=O)C=C(N=C34)N5CCOCC5)c6sc7ccccc7c26)CC1,3.2,3.0852263522480827,-0.11477364775191745
825,train,Oc1cc(O)cc(\C=C\c2ccc(O)c(O)c2)c1,2.11,2.205920126472631,0.09592012647263104
872,train,C[C@@H]1CN(C[C@H](C)O1)c2nc(N3CCOC[C@@H]3C)c4ccc(nc4n2)c5ccccc5,3.75,3.6962285251428275,-0.053771474857172485
3163,train,CO[C@H]1CN(CCN2C(=O)C=Cc3ccc(cc23)C#N)CC[C@@H]1NCc4cc5OCCOc5cn4,1.05,0.9075460575032892,-0.14245394249671084
84,train,Oc1cc(nc2ccnn12)c3ccccc3,1.3,1.6297757560034882,0.3297757560034882
464,train,COc1ccc2nc(C)cc(N3CC(CNC(=O)C4CC4)OC3=O)c2c1,1.55,1.6527103802444758,0.10271038024447576
3779,train,CCN1C=C(C(=O)O)C(=O)c2ccc(C)nc12,-0.1,0.1334381936433111,0.23343819364331111
3127,train,COc1ccc(OC)c(c1)C(O)CNC(=O)CN,-0.71,-0.27712299911925964,0.4328770008807403
1922,train,Cc1cc(NC(=O)c2ccc(Cl)cc2)n(n1)c3ccccc3,3.25,3.3775903607801676,0.1275903607801676
2064,train,Oc1ccc(cc1)C2=Cc3cc(O)ccc3OC2=O,2.9,2.6789058424238132,-0.22109415757618667
948,train,Nc1ncc([nH]1)c2ccc(F)cc2,1.39,1.1433033695928503,-0.24669663040714962
1152,train,O=C1N=C(NCc2ccccc2)SN1Cc3ccccc3,3.01,3.120075517638784,0.11007551763878443
2254,train,O=C(CCN1CCCCC1)Nc2ccc(C3=CC=CN4C(=O)C=C(N=C34)N5CCOCC5)c6sc7ccccc7c26,2.9,3.092475967504753,0.19247596750475315
2935,train,COCc1c(nc(C(C)C)c(\C=C\[C@@H](O)C[C@@H](O)CC(=O)O)c1c2ccc(F)cc2)C(C)C,1.72,1.6637742905759594,-0.05622570942404059
1494,train,OC(=O)c1ccc2cccc(O)c2n1,3.3,2.153838075651812,-1.146161924348188
3667,train,CCOc1noc2cc(OCCC3CCN(CC3)c4ccc(C)nn4)ccc12,4.23,4.197095453234339,-0.03290454676566146
1199,train,COc1cc(ccc1Nc2ncc(c(n2)c3cnc4ccccn34)C(F)(F)F)N5CCN(CC5)C(=O)C,3.7,3.6216427345938875,-0.07835726540611265
1630,train,O=C1NC=Cc2nc(c3ccc(CN4CCC(CC4)c5n[nH]c(n5)c6ccccn6)cc3)c(cc12)c7ccccc7,3.9,3.6639794534364216,-0.2360205465635783
508,train,CCCN(c1cccnc1)P(=O)(c2ccccc2)c3ccccc3,2.6,2.2703513669189883,-0.3296486330810118
1417,train,Oc1ccc(CCNCCCS(=O)(=O)NCCOCCc2ccc(F)cc2)c3sc(O)nc13,1.57,1.6170230454317012,0.047023045431701105
1959,train,O[C@@H](CNCCc1ccc(NC[C@H](O)c2ccccc2)cc1)c3ccc(O)c(NC=O)c3,0.02,0.3397592784718817,0.3197592784718817
2340,train,O[C@@H]1CCN(C1)c2ccc3c(NC(=O)CNc4cccc(c4)C#N)c(Cl)ccc3n2,2.39,2.3260926559964497,-0.06390734400355047
78,train,CC(=O)Nc1ccc2c(c1)c(cn2CCCO)c3cc(NC4CC4)n5ncc(C#N)c5n3,2.48,2.2126041879548217,-0.26739581204517826
3226,train,C[C@@H](Oc1cccc2ncnc(Nc3ccc(Oc4ccc(C)nc4)c(C)c3)c12)C(=O)N(C)CCO,3.85,3.825779048831653,-0.024220951168346883
2404,train,CCN(CC)CCNc1ncnc2c1sc3nc(N4CCOCC4)c5CCCCc5c23,3.3,2.999173666689955,-0.3008263333100447
3848,train,NCC[C@@H](Sc1cc(Cl)ccc1C#N)c2ccccc2,1.26,1.5587306413512994,0.29873064135129934
2998,train,COC(=O)c1c(O)cccc1OC\C=C\c2ccc(F)c(c2)c3onc(c3)C(=O)O,0.66,0.8165454582846998,0.1565454582846998
548,train,Nc1cc(nc2c(cnn12)C#N)c3cccs3,2.3,2.0367727454120272,-0.2632272545879726
1564,train,Clc1ccc2NC(=O)CN(C(c3ccccc3)c2c1)C(=O)c4ccccc4,3.31,3.0880661834279,-0.2219338165721001
279,train,Cc1ccc(F)cc1S(=O)(=O)N[C@@H]2CCN(Cc3ccc(cc3)c4ccccc4)C2,4.0,3.90779871254215,-0.09220128745785017
598,train,CN[C@@H](C)C(=O)N[C@@H](C1CCCCC1)C(=O)N[C@H]2CCN(C2)C(=O)Cc3ccccc3,0.81,0.9505170773654372,0.14051707736543717
3059,train,COc1cc2ncnc(Nc3cc(NC(=O)c4ccnc(c4)N5CCOCC5)ccc3C)c2cc1OCCN(C(C)C)C(C)C,3.5,3.422338182126693,-0.07766181787330684
1072,train,CNc1nc(C)c(s1)c2nc(Nc3cccc(c3)N4CCCN(CC4)C(=O)C)ncc2C#N,3.2,3.111404345515662,-0.08859565448433804
2370,train,NC1(CCC1)c2ccc(cc2)c3c(ccc4ccnn34)c5ccccc5,2.9,2.715102372178211,-0.1848976278217891
2018,train,CC(C#Cc1ccccc1)N2NC(=O)C3=C(C2=O)C(=O)c4ccc(Cl)cc4N3,1.4,1.5876986941620688,0.18769869416206886
3382,train,O=C1C=C(N=C2N1C=Cc3ccccc23)N4CCOCC4,2.78,2.4727851714165734,-0.3072148285834264
1985,train,FC(F)(F)c1cc(COCC(N2CCNCC2)c3ccccc3)cc(c1)C(F)(F)F,2.9,3.0332688487193566,0.13326884871935674
671,train,COc1ccnc(C[S+]([O-])c2nc3cc(OC(F)F)ccc3[nH]2)c1OC,2.0,1.7972962664025158,-0.20270373359748417
2221,train,CN1CCN(CC1)S(=O)(=O)c2ccc(c(C)c2)c3cnc(N)c(n3)C(=O)Nc4cccnc4,2.6,2.591441482626391,-0.008558517373609131
3547,train,CN[C@@H](C)C(=O)N[C@@H](C1CCCCC1)C(=O)N[C@H]2CCCN(CCc3ccc(F)cc3)C2,2.39,2.6205653691643276,0.23056536916432746
3605,train,Cc1c(N)cccc1CN2C=CC(=CC2=O)OCCc3cccs3,2.78,2.7667018765417657,-0.013298123458234112
3641,train,CN(C)CC(O)COc1ccc(Nc2cc(ncn2)N(CCC#N)c3cc(Cl)ccc3Cl)cc1,2.1,2.2138566238206208,0.11385662382062067
3552,train,CC(CC(=O)NCc1ccccc1)C2CCCO2,2.1,2.259761284976969,0.15976128497696873
2196,train,CCCNC[C@H](O)COc1ccccc1C(=O)CCc2ccccc2,1.69,1.6585233532645731,-0.03147664673542683
2225,train,OC1=NC(=O)CN1N=Cc2oc(cc2)c3ccc(cc3)[N+](=O)[O-],1.35,1.5494056254077342,0.1994056254077341
137,train,COc1cc(OC2CCN(CC2)C(=O)C)ccc1Nc3ncc(Cl)c(n3)c4cnc5ccccn45,4.0,3.833358976365824,-0.1666410236341762
3264,train,CC1=C(Oc2c(cccc2C1=O)C(=O)OCCN3CCCCC3)c4ccccc4,3.42,3.1257031306651806,-0.29429686933481936
1947,train,Nc1nccc(\C=C\c2ccc(Cl)cc2)n1,3.5,3.110924702592258,-0.38907529740774205
3891,train,CC[C@H](N)C(=O)N[C@@H](Cc1ccc(cc1)c2ccccc2)C#N,2.6,2.6872293116476724,0.08722931164767234
3161,train,OC(=O)C1=CN(C2CC2)c3cc(N4CCNCC4)c(F)cc3C1=O,-0.96,-0.9371646554707209,0.022835344529279045
3695,train,CCN1CCN(Cc2cnc(c(C)c2)c3ccc(cc3)C(=O)Nc4ccccc4N)CC1,1.2,1.506078330542489,0.306078330542489
986,train,COC(=O)[C@H](Cc1ccc(cc1)[N+](=O)[O-])NC(=O)c2cccc3ccccc23,3.58,3.6021319318770026,0.022131931877002575
2294,train,CN1CCN(CC1)C(=O)c2cc(CC3=NNC(=O)c4ccccc34)ccc2F,1.03,1.0330895311655972,0.0030895311655971813
2727,train,Cc1nsc(C)c1CCC2CCN(CC2)S(=O)(=O)CC3(CCOCC3)N(O)C=O,1.5,1.5349360684766111,0.034936068476611126
3686,train,[O-][N+](=O)c1cc(C(=O)NCC=C)c2N=C(Nc3ccc(Cl)c(Cl)c3)NC(=O)c2c1,2.7,2.74162755561954,0.04162755561953979
3664,train,C[C@@H](NC1=CC(=O)CNC1)c2ccc(Nc3ncc4cc(ccc4n3)c5ccncc5)cc2,2.49,2.274648273421147,-0.21535172657885315
810,train,COc1cc(OC)nc(n1)N2N=CC(=C(Cl)C2=O)Cl,1.4,1.806607147631215,0.4066071476312152
3705,train,Cn1c(ccc1c2ccc3NC(=O)OC(C)(C)c3c2)C#N,2.85,2.9802901185380577,0.1302901185380576
705,train,COc1c(Nc2ccc(nc2C)S(=O)(=O)C)ncnc1OC3CCN(CC3)C(=O)OC(C)C,2.4,2.5582546864501783,0.15825468645017837
2587,train,Nc1cc(ncn1)c2ccccc2,1.91,2.1393043096946673,0.22930430969466742
3025,train,CC(=O)Nc1cccc2c1c(c(C)n2CC(=O)O)S(=O)(=O)c3ccc(Cl)cc3,0.4,-0.20910085110056498,-0.609100851100565
2507,train,Oc1c2ncc3ccccc3c2nn1c4ccccc4,0.8,0.9884286703933465,0.18842867039334643
583,train,CCC[C@H]1CN(Cc2cc(Cl)ccc2OCC(=O)O)CCN1S(=O)(=O)c3ccccc3,1.02,0.6975425949560123,-0.3224574050439877
4028,train,CC(C)Cc1ccc(cc1)[C@H](C)C(=O)NS(=O)(=O)C,0.56,0.6490567591622869,0.08905675916228684
56,train,COCCNC(=O)c1cccc(Nc2ncc3cc(ccc3n2)c4ccncc4)c1,3.21,3.0906537154398896,-0.11934628456011032
1170,train,CCCc1c(O)c(ccc1OCCCCSCC(=O)O)C(=O)C,1.3,1.170723069400343,-0.12927693059965706
1931,train,CN(C)C(=O)CN1C(=O)C(Cc2ccccc12)NC(=O)c3cc4cc(Cl)sc4[nH]3,3.07,3.2305243593753,0.1605243593753003
1098,train,CCOC(=O)Nc1cccc(c1)[C@H](N2CCN(Cc3cccnc3)CC2)c4ccc(cc4)C(=O)N5CCC5,3.02,2.829524508013092,-0.19047549198690783
2658,train,O=S(=O)(Nc1ccc(cc1)S(=O)(=O)Nc2nccs2)c3ccc4OCCOc4c3,1.97,1.8448349136787914,-0.1251650863212086
2685,train,Cc1ccc(CCCOCCS(=O)(=O)CCCNCCc2ccc(O)c3nc(O)sc23)s1,2.41,2.0308402253626006,-0.3791597746373996
270,train,COc1ccc(cc1)c2cc(Nc3ccn(C)n3)n4ncc(C#N)c4n2,2.97,2.7894663099616097,-0.18053369003839048
3299,train,COc1cc2c(Nc3c(Cl)ccc4OCOc34)ncnc2cc1OCCCN5CCCC5,1.62,2.033573760438216,0.4135737604382159
86,train,CC(C#C)N1C(=O)N(CC2CC2)c3nn(Cc4ccnc5ccc(Cl)cc45)c(c3C1=O)c6cncn6C,3.59,3.739631776113252,0.14963177611325218
1688,train,CC(C)NC(=O)c1c(C)nn(c1NS(=O)(=O)c2ccc(C)cc2)c3ccccc3,0.46,0.7101741974749534,0.25017419747495334
874,train,CC1=CN([C@H]2CCCN(Cc3ccc(C(=O)O)c(Oc4cccc(F)c4)c3)C2)C(=O)NC1=O,-1.03,-0.7559957089467804,0.27400429105321966
2972,train,CN1C(=O)N(CC2CC2)c3nn(Cc4ccnc5ccc(Cl)cc45)c(c6oc(cc6C)C#N)c3C1=O,4.34,4.327950245590284,-0.012049754409716229
3307,train,CC(C)CNc1nc(nc(N2CCOCC2)c1N)C#N,2.79,2.5820749738327478,-0.20792502616725228
4118,train,CC[C@H](NC(=O)c1c([S+](C)[O-])c(nc2ccccc12)c3ccccc3)c4ccccc4,3.17,3.000840992617667,-0.16915900738233303
1448,train,COC(=O)CCCCCCC(=O)Nc1ccc2C(=O)C(=O)c3ccccc3c2c1,2.6,2.948783532498356,0.3487835324983557
4066,train,OCCCNCCCOc1ccc(Cl)c(c1)C(=O)NCC23CC4CC(CC(C4)C2)C3,1.41,1.77025832224309,0.3602583222430902
3392,train,CC(C)(C)NC(=O)C(N(Cc1occc1)C(=O)c2ccc([nH]2)c3ccccc3)c4ccncc4,4.13,3.987055646412986,-0.14294435358701385
3939,train,COC(=O)c1cccc(CN2NC(=O)C3=C(C2=O)C(=O)c4ccc(Cl)cc4N3)c1,1.1,1.2135533390887954,0.11355333908879528
793,train,CCCCOc1nc(N)c2NC(=O)N(Cc3cccc(CC(=O)OC)c3)c2n1,3.76,2.9594651295630663,-0.8005348704369335
1368,train,[O-][N+](=O)c1ccc(cc1)C2=Nc3ccccc3C(=O)N2,2.5,2.4828470009888637,-0.017152999011136316
4193,train,Oc1cccc(NC(=O)c2ccc(OCCCN3CCCC3)cc2OCc4ccccn4)c1,1.78,1.9966101104004605,0.21661011040046052
1223,train,Clc1ccc2ncc(c3cccc(NC4CNC4)n3)n2c1,1.19,1.6463304413337958,0.45633044133379586
351,train,Clc1ccc2C(=O)C3=C(Nc2c1)C(=O)NN(Cc4ccsc4)C3=O,1.11,1.1865510263064731,0.07655102630647304
2788,train,CC(=O)Nc1cc2c(ccn2c3cc(NC4CC4)n5ncc(C#N)c5n3)cc1C,2.66,2.661510250490127,0.0015102504901269853
3164,train,CN(C)CCCC1(OCc2cc(ccc12)C#N)c3ccc(F)cc3,1.56,1.507228236180056,-0.052771763819944084
2303,train,Cc1cccc(NS(=O)(=O)c2cccc3nonc23)c1,3.0,2.8377427980985814,-0.16225720190141857
1548,train,CN1CCN(CC1)C(=O)c2cc3ccccc3[nH]2,1.7,1.726088401503042,0.026088401503042036
1813,train,COc1cc2ncnc(Nc3cc(NC(=O)c4ccnc(c4)N5CCOCC5)ccc3C)c2cc1OCCN6CCCCC6,3.35,3.3114036852848305,-0.038596314715169555
3374,train,NC1(CCN(CC1)c2ncnc3[nH]ccc23)C(=O)NC(CCO)c4ccc(Cl)cc4,2.5,2.0510697197881376,-0.44893028021186243
4129,train,CCCCC(N1NC(=O)c2nc3cc(Cl)ccc3c(O)c2C1=O)c4ccncc4,1.4,1.556477011570884,0.156477011570884
2116,train,Cn1ncc(Cl)c1c2cc(sc2Cl)C(=O)N[C@H](CN)Cc3cccc(F)c3,2.99,2.47882163125579,-0.5111783687442104
2755,train,O=C(CN1CCOCC1)Nc2ccc(cc2c3ccccc3)c4cccc5C(=O)C=C(Oc45)N6CCOCC6,3.4,3.3624823840092697,-0.037517615990730224
3096,train,Brc1ccc(s1)N2C[C@@]3(CN4CCC3CC4)OC2=O,2.0,1.8250106574543121,-0.17498934254568788
898,train,CC(=O)c1ccc2OCC(=O)N(CCN3CCC(CC3)NCc4ccc5OCC(=O)Nc5n4)c2c1,0.37,0.26951855124636626,-0.10048144875363374
2258,train,CC(C)C(NC(=O)CN1C(=O)c2nc(O)nc(O)c2C=C1c3ccccc3)C(=O)C(F)(F)F,1.88,1.97314504689148,0.09314504689148007
922,train,Nc1ccccc1NC(=O)c2ccc(cc2)c3ncc(CN4CCC4)cc3C#N,1.22,0.9856757680485171,-0.2343242319514829
2326,train,CCCSc1nc(NC)ccc1C(=O)N[C@@H]2C3CC4CC2C[C@@](O)(C4)C3,3.27,3.1177637289708526,-0.15223627102914739
1304,train,NC(=O)c1ccc(Br)cc1,1.75,1.5536217894228903,-0.1963782105771097
1593,train,O=C1C2=Nc3ccccc3CN2c4ccccc14,2.71,2.398941434455234,-0.3110585655447662
1803,train,NS(=O)(=O)c1cc2c(NCNS2(=O)=O)cc1Cl,-0.09,0.05333026872057278,0.14333026872057278
2699,train,CC(C)OC(=O)N1CCC(CC1)Oc2ncnc(Oc3ccc(cc3F)S(=O)(=O)C)c2C,3.7,3.6940698561093335,-0.005930143890666706
551,train,CN(C)CC(O)COc1ccc(Nc2cc(ncn2)N(CC#N)c3ccc(C)cc3Br)cc1,2.24,2.258585045492092,0.018585045492091723
3066,train,COc1ccc(OC)c(CNc2[nH]nc3cccc(Oc4ccc(cc4)S(=O)(=O)C)c23)c1,3.71,3.47049605707633,-0.23950394292366983
763,train,CC(=O)c1ccc2NC(=CC(=O)c2c1)c3cccnc3,1.41,1.230299918858651,-0.17970008114134894
2965,train,Nc1nc(OC2CCCC2)nc3c1ncn3[C@@H]4O[C@H](CO)[C@@H](O)[C@H]4O,0.79,0.7751274462737607,-0.014872553726239301
4090,train,CCCCC(NC(=O)CC1CCN(Cc2ccn(c2)c3ccc(cc3)C(F)(F)F)CC1)C4=CNC(=O)C=C4,2.89,2.871366278574654,-0.018633721425346028
2365,train,CC(C)CN1C(=O)NC(=O)c2c1sc(Cc3ccccc3C(F)(F)F)c2C(=O)N4CCC4,3.0,3.240203835700332,0.2402038357003322
3703,train,OC(=O)[C@H](Cc1ccc(cc1)C#N)N2CCC(CN3CCC(CC3)Oc4ccc(Cl)c(Cl)c4)CC2,2.17,2.0659560491351843,-0.10404395086481566
427,train,CS(=O)(=O)c1ccc2nc(sc2c1)N3CCN(CC3)C(=O)[C@@H]4CCCC[C@H]4C(=O)NC5(CC5)C#N,1.49,1.282184142807956,-0.2078158571920441
2747,train,OC(=O)COc1ccc(Cl)cc1c2cccc(c2)C#N,-0.25,-0.16604683719263358,0.08395316280736642
1210,train,Nc1ccc2[nH]c(Cc3ccc(Oc4ccccc4)cc3)nc2c1,3.8,3.752921536584762,-0.04707846341523769
546,train,CCCCSc1nc(N)c2ncn([C@@H]3O[C@H](CO)[C@@H](O)[C@H]3O)c2n1,1.51,1.4064507251235672,-0.10354927487643284
3658,train,Clc1ccc(Cl)c(c1)S(=O)(=O)Nc2nc(cs2)c3sccc3Cl,2.11,1.7316400449405918,-0.3783599550594081
600,train,CN(C)c1ccc(cc1)S(=O)(=O)NC(=O)N2CCC(CC2)N3CCC(CC3)Oc4ccc(Cl)c(C)c4Cl,2.0,2.075736229831991,0.0757362298319908
3503,train,O[C@@H](CNCCc1cccc(CNCCc2ccccc2F)c1)c3ccc(O)c4NC(=O)Sc34,1.06,1.1717622445563531,0.11176224455635309
2840,train,CC(C)n1c(C)ncc1c2ccnc(Nc3ccc(cc3)N4CCN(CC4)C(=O)CO)n2,1.69,1.921715815910284,0.23171581591028412
949,train,Clc1cc(Nc2ncnc3[nH]nc(OCCN4CCCC4)c23)ccc1OCc5ccccn5,2.87,2.6830405020981036,-0.18695949790189648
601,train,COc1ccc2c(c1)c(CC(=O)O)c(C)n2c3ccnc4cc(Cl)ccc34,1.68,1.6221076711648295,-0.05789232883517048
2274,train,CN(C)CCCNS(=O)(=O)c1ccc(Nc2nccc(n2)c3cnc4ccccn34)cc1,1.9,1.812174897084046,-0.0878251029159538
804,train,C[C@H](Nc1nc(Nc2cc(C)[nH]n2)c(C)nc1C#N)c3ncc(F)cn3,1.92,2.101720141700686,0.18172014170068618
1419,train,C[C@@H]1CN(CCN1c2ncc(OCC3CCN(CC3)S(=O)(=O)C)cn2)C(=O)OC(C)(C)C,3.5,3.222379979497942,-0.27762002050205803
3776,train,CCN(CC)CCCNCc1cc(Cl)c2cccnc2c1O,0.72,0.796307235662034,0.07630723566203401
3872,train,N(c1ccccc1)c2ncnc3ccccc23,2.94,2.7267382623509473,-0.21326173764905265
1149,train,CC(NCC(O)c1ccc(cc1)[N+](=O)[O-])C23CC4CC(CC(C4)C2)C3,3.53,2.9238580848448734,-0.6061419151551264
2394,train,Nc1ccc(OCCc2ccccc2)cc1,2.71,2.482407562426162,-0.22759243757383807
2968,train,OC1CCN(CC1)C(=O)CN2C(=O)C(Cc3ccccc23)NC(=O)c4cc5cc(Cl)sc5[nH]4,2.86,2.772545372754962,-0.08745462724503783
3731,train,OC[C@H]1C[C@H]([C@H](O)[C@@H]1O)n2nnc3c(N[C@@H]4C[C@H]4c5ccccc5)nc(SCCC(F)(F)F)nc23,4.06,4.052342947834085,-0.00765705216591428
870,train,CC(C)N1CCN[C@H](C1)C(=O)N2CCN(CC2)C(=O)Nc3ccc(Cl)c(Cl)c3,2.21,1.9167434088828765,-0.29325659111712343
2530,train,CCCc1c(cnn1c2ccccc2)C(=O)Nc3cc(C)on3,3.7,3.331554299154873,-0.3684457008451272
1127,train,Cc1ccc2nc(CCNCCCO)ccc2c1NC(=O)CC34CC5CC(CC(C5)C3)C4,1.18,1.3736776806577062,0.1936776806577063
1574,train,CC(=O)Nc1ccc(O)cc1OC[C@@H](O)CN2CCC3(CC2)Cc4cc(Cl)ccc4O3,2.76,2.758512330502416,-0.0014876694975836102
3302,train,Cc1c[nH]c(n1)c2cnc(NCCNc3ccc(cn3)C#N)nc2c4ccc(Cl)cc4Cl,3.86,3.7234505768051864,-0.13654942319481345
2848,train,CCNC(=O)OC[C@@H](C)N(c1cc(Cl)ccc1CO)S(=O)(=O)c2ccc(Cl)cc2,3.4,3.208685562403518,-0.19131443759648192
2289,train,CCN(CC)c1ncnc2c1ncn2Cc3c(Cl)cccc3Cl,1.25,1.5149246824461058,0.2649246824461058
2171,train,CC(C)NC(=O)NS(=O)(=O)c1cnccc1Nc2cccc(C)c2,0.3,0.6401153519256999,0.3401153519256999
122,train,NC(=N)NC(=O)c1nc(Cl)c(NCc2ccccn2)nc1N,-0.56,-0.2496151444551198,0.31038485554488027
3762,train,SC1=Nc2[nH]cnc2C(=O)N1,-1.48,-1.1153144079829689,0.3646855920170311
3796,train,Nc1nccc(n1)c2cc3C(=O)NC[C@H](CCF)c3[nH]2,0.51,0.6077487499786463,0.09774874997864624
3389,train,CC(=O)N1CCOc2nc(OCc3ccccc3)ccc12,2.4,2.290722826795215,-0.1092771732047848
1623,train,CC(C)(C)c1ccc(cc1)C(O)CCCN2CCC(CC2)C(O)(c3ccccc3)c4ccccc4,3.99,2.862314348156776,-1.1276856518432243
3145,train,CCNc1nc(N)c(s1)C(=O)c2ccc(Cl)s2,3.63,3.1172478450204024,-0.5127521549795975
1212,train,CCc1ccc(NC(=O)c2ccc3cc(ccc3c2)C(=N)N)cc1,1.1,1.4041601655829474,0.30416016558294734
3688,train,COC[C@H](O)CN1C(=O)C=NN(C1=O)c2ccc(Cl)c(c2)C(=O)NCC3(O)CCCCCC3,1.46,1.4453061825607187,-0.01469381743928122
420,train,COc1ccc2nc(N[C@H]3CCC[C@@H](C3)NCc4ccsc4)cc(C)c2c1,2.41,2.200531012056386,-0.20946898794361424
1732,train,CNC(=O)c1ccc(Oc2ccc3CCN(CCc3c2)C4CCC4)nc1,1.45,1.6581477219740466,0.20814772197404663
4159,train,COc1ccc(cc1N2CC(=O)NS2(=O)=O)c3ccccc3,-1.01,-0.2634418528385343,0.7465581471614657
196,train,Cc1cccc(CN2CCN(CC2)C(c3ccccc3)c4ccc(Cl)cc4)c1,3.39,3.5662325607341874,0.17623256073418725
3367,train,CCOC(=O)c1ccc(COC2CN(C2)c3ccc(C)nn3)cc1,2.5,2.6435542260732756,0.14355422607327561
3988,train,OCC1=CC2=NNC(=O)N2c3cc(ccc13)c4ccc[nH]4,2.19,2.3360447814630434,0.14604478146304345
1012,train,CC(C)C(NC(=O)CN1C(=O)C(=CC=C1c2ccccc2)NC(=O)OCc3cc(C)nc(C)c3)C(=O)C(F)(F)F,2.38,2.2826702524846247,-0.09732974751537515
1270,train,COc1cc(ccc1Cc2cn(C)c3ccc(NC(=O)CC4CCCC4)cc23)C(=O)O,2.0,1.9744612420182142,-0.025538757981785842
3931,train,CO[C@@H]1C[C@@H](N(Cc2cc3c(Nc4cccc(Cl)c4F)ncnc3cc2OC)C1)C(=O)N,3.09,3.1131365718478103,0.023136571847810483
3258,train,O=C(NCC#N)[C@@H]1CCCC[C@H]1C(=O)N2CCN(CC2)c3ccc(cc3)C#N,1.79,1.4398124516316761,-0.3501875483683239
4086,train,Nc1ccc(cc1)S(=O)(=O)Nc2ccccn2,-0.01,-0.0278544431198382,-0.0178544431198382
4147,train,COCCNCc1ccc(cc1)c2cc(C(=O)N)c(NC(=O)N)s2,0.87,1.1487263418911526,0.27872634189115264
3125,train,OC(=O)c1ccccc1C2=C3C=CC(=O)C=C3Oc4cc(O)ccc24,0.0,0.24166538948232263,0.24166538948232263
1379,train,C[C@H](CO)Nc1nc(SCc2ccccc2)nc3NC(=O)Nc13,2.75,2.786980450073557,0.03698045007355688
860,train,CN1C(=O)C=C(CCc2cccc(c2)c3ccccc3)N=C1N,3.8,3.3339726572462594,-0.46602734275374047
1467,train,CC1=NC(=C(NC1=O)c2ccc(CN3CCC(CC3)N4C(=O)Nc5ccccc45)cc2)c6ccccc6,3.9,3.681139182060493,-0.21886081793950707
3948,train,COc1ccc2c(Oc3ccc(CC(=O)Nc4cn(C)nc4C)c(OC)c3)ccnc2c1,3.5,3.1363480291280617,-0.36365197087193835
30,train,CS(=O)(=O)C1(CC1)c2cc(nc(n2)c3cccc4[nH]ccc34)N5CC6CCC(C5)O6,2.6,2.6154239589141484,0.015423958914148272
2060,train,CN(C)C(=O)CC(NC(=O)C1(N)CCN(CC1)c2ncnc3[nH]ccc23)c4ccc(Cl)cc4,2.4,2.5084672872087093,0.10846728720870935
211,train,CN(C1CCN(C)CC1)c2nccc(Nc3cc(NC(=O)c4ccnc(c4)N5CCOCC5)ccc3C)n2,1.8,1.9784338722677601,0.17843387226776009
4050,train,C[C@@H](NC(=O)C1CCNCC1)c2ccc(Nc3ncc4cc(ccc4n3)c5ccncc5)cc2,0.4,1.144678491582427,0.744678491582427
1029,train,C(=C\c1nn[nH]n1)/c2ccccc2,-0.4,0.4423315119603266,0.8423315119603266
1011,train,NC(=O)c1cccc(O[C@@H]2C[C@H]3CC[C@@H](C2)N3CC4CC4)c1,0.07,0.4117606498946582,0.3417606498946582
247,train,Nc1cc(nc2ccc(Nc3cc(nc(N)n3)c4cccc(Cl)c4)cc12)c5ccc(F)cc5,2.5,2.417580952297869,-0.08241904770213093
2884,train,CC(C)(C)OC(=O)N1CCN(CC1)c2ncc(OCc3ccncc3C#N)cn2,2.81,2.8762687324433114,0.06626873244331133
1505,train,O=C1N2CCOC2=Nc3ccccc13,0.6,0.6729566692327986,0.07295666923279864
2581,train,CNCc1cccc(c1)c2ccc3c(nc(nc3n2)N4C[C@@H](C)O[C@@H](C)C4)N5CCOCC5,1.26,1.60896925882072,0.34896925882072005
2209,train,Cc1ccc(cc1)S(=O)(=O)Nc2c(cnn2c3ccccc3)C(=O)NC4CCCCC4,0.8,1.049479649308668,0.24947964930866795
1704,train,COC[C@H](N1CCN(C[C@@H]1C)C2(C)CCN(CC2)C(=O)c3c(C)ncnc3C)c4ccc(cc4)C(F)(F)F,2.7,2.6511917999889905,-0.04880820001100972
1475,train,CCC1(C(=O)NC(=O)NC1=O)c2ccccc2,0.05,0.1254620008092222,0.0754620008092222
2367,train,O=C(COCc1ccccc1)Nc2ccc3c(c2)C(=O)C(=O)c4ccccc34,3.21,3.3537875850306786,0.14378758503067868
3569,train,O=C(NCC#N)[C@@H]1CCCC[C@H]1C(=O)N2CCC=CC2,0.9,0.7251964779057365,-0.17480352209426353
4182,train,NC1=NC(CC(=O)N1)c2ccc(Cl)c(Cl)c2,1.46,1.2680254266504598,-0.19197457334954016
1770,train,CC1=CC(=O)Oc2c3CCCNc3c(C)cc12,2.9,2.685115207939544,-0.21488479206045596
4161,train,CCCCNc1cc(cc(c1Oc2ccccc2)S(=O)(=O)N)C(=O)O,-0.3,-0.19720122719898425,0.10279877280101574
3383,train,O=S(=O)(N1CCOCC1)c2cccc(c2)c3cn4cccnc4n3,1.3,1.5034054026856232,0.20340540268562313
779,train,Cc1cccc(c1)N(Cc2cc(F)c(F)cc2F)C(=O)O[C@H]3CN4CCC3CC4,2.24,2.224366472060976,-0.015633527939024283
929,train,CNC(=O)c1cc(C(=O)c2ccc(Cl)cc2)c(Br)[nH]1,3.1,2.9503393580272887,-0.14966064197271134
2073,train,C[C@H](CO)Nc1nc(SCc2occc2)nc3NC(=O)Sc13,2.21,2.438323368582608,0.22832336858260804
2887,train,Cc1ccc(cc1NC(=O)c2ccc(OCc3ccccn3)cc2)c4ncc(C)n4C,2.67,2.2853938202844617,-0.38460617971553823
144,train,Oc1ccc2C(=O)C=C(Oc2c1)N3CCOCC3,1.0,1.322858644608903,0.322858644608903
497,train,CCOc1ccc(Oc2ccc(cc2)S(=O)(=O)NC(=O)c3cccc(c3)c4ccc(Cl)c(Cl)c4)cc1,2.94,2.861171278773134,-0.0788287212268659
2230,train,O=C(Cc1ccccc1)Nc2nccs2,2.5,2.1292800947199555,-0.3707199052800445
1175,train,C[S+]([O-])c1ccc(cc1)c2nc(c3ccc(F)cc3)c([nH]2)c4ccncc4,3.34,2.843052392609327,-0.4969476073906729
2631,train,Clc1ccc(NC(=O)N2CCN(C[C@H]3CN(CCO3)C4CC4)CC2)cc1Cl,3.32,3.0813262976936473,-0.23867370230635254
3405,train,Cc1cc(C)cc(c1)c2oc(SCC(=O)N3CCN(CC3)C(=O)c4occc4)nn2,3.0,2.5629051050691096,-0.4370948949308904
1303,train,COc1cc2ncnc(Nc3cccc(Cl)c3F)c2cc1OC4CCN(CC(=O)N)CC4,3.1,3.059492050266586,-0.040507949733413984
1409,train,CC(=O)NC[C@H]1CN(C(=O)O1)c2ccc(c(F)c2)n3cc(nn3)C#N,0.8,0.7147502094681062,-0.08524979053189385
1684,train,CC(O)(C(=O)c1ccccc1)c2ccccc2,2.92,2.5660366647315005,-0.35396333526849943
3162,train,CN(C)C(=O)[C@H](O)[C@H](Cc1ccccc1)NC(=O)c2cc3cc(Cl)ccc3[nH]2,3.6,3.6482754994648396,0.048275499464839555
249,train,C[C@H](NC(=O)c1c(C)nn(C2CCOC2)c1NS(=O)(=O)c3ccc(C)cc3)C(C)(C)C,0.78,0.6615451605288363,-0.11845483947116375
2202,train,OC(=O)[C@H](Cc1ccccc1F)N2CCC(CN3CCC(CC3)Oc4ccc(Cl)c(Cl)c4)CC2,2.58,2.6382937270230404,0.058293727023040365
1689,train,CN1CCC[C@H]1CCN2CCCc3cc(NC(=N)c4cccs4)ccc23,0.37,0.5603930489332867,0.19039304893328668
3195,train,Oc1cccc(c1)c2nc3ccc(O)cc3s2,3.7,3.6180765796117775,-0.08192342038822265
3445,train,OCC(=O)N1CCC[C@H]1COc2cccc3ncnc(Nc4ccc(OCc5ccccn5)c(Cl)c4)c23,3.62,3.467922598262448,-0.1520774017375519
2304,train,CCOc1cc2nnc(C(=O)N)c(Nc3cc(C)ccc3F)c2cc1N4CCN(C)CC4,3.02,2.759322230442095,-0.2606777695579052
1970,train,Cc1ccc(Oc2ccc(cc2)C(=O)NCc3ccncc3)cc1,3.65,3.349986789528349,-0.3000132104716511
3899,train,NC(=O)C1CCN(CC(=O)Nc2ccc3OCOc3c2)CC1,0.4,0.34748372449349496,-0.05251627550650506
2713,train,COc1ccccc1CNC(=O)c2ccc3cnccc3n2,1.8,2.1978484019760476,0.39784840197604754
1946,train,CC(C(=O)O)c1cccc(c1)C(=O)c2ccccc2,-0.12,0.19255028122412177,0.31255028122412176
225,train,CCCNC[C@@H](O)COc1ccccc1C(=O)CCc2ccccc2,1.56,1.6585233532645731,0.09852335326457307
1547,train,Clc1ccc2[nH]ncc2c1,2.44,2.7817690866815843,0.34176908668158434
2144,train,CC1(C)CC(=O)c2c(N)c3ccccc3nc2C1,3.0,2.9378139622741393,-0.06218603772586073
3396,train,CN(C(=O)C)c1ccc(Nc2ncc3cc(ccc3n2)c4ccncc4)cc1,2.88,2.7855877138551888,-0.09441228614481112
3895,train,COc1cc2c(Nc3ccc(NC(=O)c4ccccc4)cc3)ncnc2cc1OCCCN5CCOCC5,3.5,3.169795559390132,-0.33020444060986787
3764,train,N#Cc1cccc(c1)c2onc(n2)c3ccccn3,2.2,2.5855698769301494,0.3855698769301492
3303,train,Cc1ccc(cc1NC(=O)c2ccc(OCc3ccccn3)cc2)c4c[nH]cn4,2.81,2.86572550451174,0.05572550451173974
3216,train,CCN(C1CCN(CCC(c2ccccc2)c3ccc(NC(=O)C(C)(C)C)cc3)CC1)C(=O)Cc4ccc(cc4)S(=O)(=O)C,2.98,2.7914127644943956,-0.1885872355056044
1543,train,Nc1ncnc2[nH]ccc12,1.78,1.7167865931399984,-0.06321340686000165
2940,train,Oc1cccc(NC(=O)c2ccc(OCCCN3CCCC3)cc2OCc4cccnc4)c1,1.59,1.8379238525224055,0.24792385252240545
2074,train,Clc1ccc(CNc2nc(nc3ncccc23)N4CCN(CC4)C(=O)[C@@H]5CCCN5)c(Cl)c1,2.41,2.1904410044983087,-0.21955899550169145
1541,train,CS(=O)(=O)c1ccc2C(=CNC(=O)c2c1)C(=O)NC[C@@H](O)CN3CCC(CC3)Oc4ccc(C#N)c(Cl)c4,1.41,1.565564846236454,0.15556484623645406
4023,train,CN(C)CCCOc1nn(Cc2ccccc2)c3ccccc13,2.4,2.503298364199404,0.10329836419940408
917,train,CN1CCOc2nc(ccc12)C#Cc3ccccc3,3.8,3.46327343014083,-0.3367265698591697
4065,train,Cc1cccc(Nc2ncnc3ccccc23)c1,3.21,3.523725718323207,0.31372571832320695
109,train,Nc1nc(Nc2cccc(Br)c2)c3nc[nH]c3n1,3.04,2.677767958423398,-0.3622320415766018
4045,train,CC(C)(C)OC(=O)N1CCN(CC1)c2ncc(OCc3ccncc3S(=O)(=O)C)cn2,2.4,2.670065300889801,0.2700653008898013
2472,train,CCCNC(=O)c1nnc2c(cccc2c1N)c3ncccn3,1.86,1.799100589845344,-0.06089941015465605
2458,train,Nc1cc(nc2c(cnn12)C#N)c3ccc(F)cc3,2.23,2.307513252829263,0.07751325282926302
725,train,CCC(C)(C)C(=O)O[C@H]1C[C@@H](C)C=C2C=C[C@H](C)[C@H](CC[C@@H]3C[C@@H](O)CC(=O)O3)[C@@H]12,3.7,3.4632922153289876,-0.2367077846710126
2381,train,CC(C)(CO)Nc1nc(SCc2cccc(F)c2F)nc3nc(N)sc13,3.37,3.1504884450573707,-0.21951155494262942
2356,train,CC1=CC(=O)Nc2ccccc12,1.9,2.067473130135186,0.16747313013518594
3295,train,C[C@H](CO)Nc1nc(SCc2cccc(Cl)c2F)nc3NC(=O)Sc13,3.53,3.4503501373347216,-0.07964986266527818
1810,train,Cc1sc(CN2CCNCC2)cc1C(=O)NCC34CC5CC(CC(C5)C3)C4,2.55,2.3600175638033054,-0.18998243619669442
726,train,C[C@H]1CN(Cc2cc(Cl)ccc2OCC(=O)O)CCN1C(=O)Cc3ccccc3Cl,1.1,1.3759588087908154,0.27595880879081536
1169,train,CCn1cnc(c2ccccc2)c1c3nc4c(N)ncnc4s3,2.97,2.8055833253653195,-0.16441667463468068
1939,train,CC(=O)Nc1ccc2ccn(c3cc(NCCCN4CCCC4)n5ncc(C#N)c5n3)c2c1,1.87,2.0901678213257773,0.22016782132577717
3746,train,COc1cc(F)ccc1c2cncc(c2)C3CCCN3,1.1,1.0652630132058472,-0.034736986794152935
850,train,CCC(CC)NC(=O)c1cnn(c1NS(=O)(=O)c2ccc(C)cc2)c3ccccc3,0.79,0.8039409831875384,0.013940983187538336
1034,train,O[C@H]([C@H](Cc1ccccc1)NC(=O)c2cc3cc(Cl)ccc3[nH]2)C(=O)N4C[C@@H](O)[C@@H](O)C4,2.8,2.604169583398863,-0.19583041660113665
2448,train,Oc1ccc(CCNCCCS(=O)(=O)NCCOCCSc2ccccc2)c3sc(O)nc13,1.84,1.9277211573144082,0.0877211573144081
686,train,COc1c(N2CCO[C@@H](CN(C)C)C2)c(F)cc3C(=O)C(=CN(C4CC4)c13)C(=O)O,-0.62,-0.41092044262038474,0.20907955737961526
1622,train,COc1ccc(\C=C/2\CCc3ccccc3C2=O)cc1CN4CCOCC4,3.8,3.4658107958338036,-0.33418920416619624
3050,train,COc1cc2c(Nc3ncc(NC(=O)c4ccccc4)cn3)ncnc2cc1OCCCN5CCOCC5,2.32,2.6311474891314495,0.31114748913144963
2903,train,COc1cc(ccc1Nc2ncc(Cl)c(n2)c3cnc4cc(ccn34)C#N)N5CCN(CC5)C(=O)C,2.3,2.495928762482851,0.19592876248285096
2290,train,COc1cc(ccc1Nc2ncc(Cl)c(n2)c3cnc4ccccn34)N5CC6CNCC(C5)O6,2.3,2.2224360423709193,-0.07756395762908053
3294,train,CCCN(CCCOCCOCCc1ccccc1)CCc2ccc(O)c3nc(O)sc23,2.74,2.572263842433313,-0.16773615756668736
3254,train,Cc1cnc(Oc2ccc(cc2)n3ccnc3)nc1Oc4ccc5OCOc5c4,3.56,3.526887699129807,-0.033112300870193234
385,train,CN1CCCC(CN2CCN(CC2)C(=O)Nc3ccc(Cl)c(Cl)c3)C1,1.98,2.0314459359363792,0.05144593593637925
2245,train,CCn1c2ccccc2c3cc(NC(=O)C(C)C)ccc13,4.2,3.831800339103343,-0.3681996608966571
2594,train,Oc1ccc(CCNCCS(=O)(=O)CCCOCCNc2ccccc2)c3sc(O)nc13,1.98,2.1680678351119296,0.1880678351119296
4132,train,COC(=O)Nc1nc2ccc(cc2[nH]1)C(=O)c3ccccc3,2.9,2.804439004623567,-0.0955609953764327
1588,train,O=C(Nc1oc(nn1)C(=O)Nc2ccc(cc2)N3CCOCC3)c4ccccc4,1.02,1.6013654106795363,0.5813654106795363
3071,train,Cc1cc(Oc2ccnc(Nc3ccc(cc3)S(=O)(=O)N)c2)c(nc1C)c4ccccn4,2.34,2.532274901624989,0.19227490162498917
402,train,Cc1c(Sc2ccc(Cl)cc2)c3c(Cl)nccc3n1CC(=O)O,0.92,1.229304042240956,0.309304042240956
3186,train,Clc1ccc(OC2CCNCC2)cc1C(=O)NCC34CC5CC(CC(C5)C3)C4,1.83,2.321303511389999,0.49130351138999906
1255,train,C[C@H](NC(=O)c1c(C)nn(c1NS(=O)(=O)c2ccc(cc2)C#N)c3ccc(F)cc3)C(C)(C)C,0.45,0.7762371357559494,0.3262371357559494
621,train,C[C@H]1CN(CCN1c2ncc(OCc3ccc(cc3)S(=O)(=O)C)cn2)C(=O)OC(C)(C)C,3.5,3.3451585302878337,-0.15484146971216628
1428,train,Cc1c(Sc2ccc(Cl)cc2)c3cc(ccc3n1CC(=O)O)S(=O)(=O)C,0.54,0.465795049428646,-0.07420495057135401
2102,train,O[C@@H](CNCCSCCCNCCc1cccc(Cl)c1)c2ccc(O)c3NC(=O)Sc23,0.98,1.027409167987106,0.04740916798710604
1906,train,CNCC[C@@H](Oc1cc(OC)ccc1C#N)c2ccccc2,0.87,0.7076678508068222,-0.16233214919317784
4169,train,CCC(CC)NC(=O)c1cnn(Cc2ccccc2)c1NS(=O)(=O)c3ccc(C)cc3,1.52,1.3533032591131167,-0.16669674088688335
3794,train,COc1cnc(nc1N2CCOCC2)c3ccccn3,1.52,1.761187516721631,0.24118751672163108
696,train,CN1C(=O)N(CC2CC2)c3nn(Cc4ccnc5ccc(Cl)cc45)c(c6cc(oc6C)C#N)c3C1=O,4.26,4.2573838484215845,-0.0026161515784153266
665,train,CCCc1cc(Nc2nc(NCc3onc(C)c3)ncc2Br)n[nH]1,3.63,3.714955418208726,0.08495541820872621
1786,train,CC(=O)N1CCN(CC1)c2ccc(OCC3COC(Cn4ccnc4)(O3)c5ccc(Cl)cc5Cl)cc2,3.7,3.7491180093135767,0.04911800931357657
1287,train,CC1=CN([C@H]2CCCN(C2)S(=O)(=O)c3ccc(O)c(Oc4cccc(Br)c4)c3)C(=O)NC1=O,2.3,2.369793705890931,0.06979370589093126
2624,train,CCN1CCN(Cc2cnc(c(Cl)c2)c3ccc(cc3)C(=O)Nc4ccccc4N)CC1,1.81,1.7136854234320398,-0.09631457656796027
4151,train,Cc1cc(n[nH]1)c2ccc(Cl)c(c2)C(=O)NCC3(O)CCCCCC3,3.41,2.8980314630439516,-0.5119685369560485
1153,train,COc1cc(OC)c(cc1NC(=O)Cc2ccnc(F)c2)S(=O)(=O)N3c4ccccc4Oc5ccccc35,3.37,3.0770116809836425,-0.2929883190163576
3276,train,CC[C@@H](N1CCC[C@@H](C1)N2C=C(C)C(=O)NC2=O)c3ccc(C(=O)O)c(Oc4cccc(Cl)c4)c3,0.22,0.39336029721463306,0.17336029721463306
3439,train,CN1CCCC(CC1)N2N=C(Cc3ccc(Cl)cc3)c4ccccc4C2=O,2.46,2.290705086622891,-0.1692949133771089
2618,train,Cc1ccccc1S(=O)(=O)NC(=O)N2CCC(CC2)N3CCC(CC3)Oc4ccc(Cl)c(Cl)c4,1.71,1.864830667889537,0.15483066788953703
3372,train,Oc1ncnc2onc(c3ccc(F)cc3)c12,1.97,1.9939968854604262,0.02399688546042622
3013,train,COc1cc2nnc(C(=O)N)c(Nc3cc(C)ccc3F)c2cc1N4CCN(C)CC4,2.57,2.5803124763945315,0.0103124763945317
951,train,COc1ccc(cc1)c2ccnc(N)n2,2.08,2.0422497983082315,-0.03775020169176857
1190,train,CCC(CC)NC(=O)c1nnn(c1NS(=O)(=O)c2ccc(C)cc2)c3ccccc3,0.46,0.40305462255677904,-0.05694537744322098
1893,train,COC(=O)c1ccc(CC(=O)N(C)C2CCN(CCC(c3ccccc3)c4ccccc4)CC2)cc1,4.0,3.8705759582340935,-0.1294240417659065
511,train,CN1CC=CCC(C1)c2oc3ccccc3c2,2.47,2.663591200413158,0.1935912004131577
3346,train,CC1=CC2=NNC(=O)N2c3cc(ccc13)c4ccncc4,2.29,2.4100710207595992,0.12007102075959919
1100,train,CCN(CC)S(=O)(=O)c1ccc(cc1)c2cc(ccc2OCC(=O)O)C(F)(F)F,0.67,0.5362870793969585,-0.13371292060304152
3280,train,CC(C)N1CCN[C@@H](CN2CCN(CC2)C(=O)Nc3ccc(Cl)c(Cl)c3)C1,1.92,1.8637459388816093,-0.0562540611183906
3473,train,CCC(N(CCCN)C(=O)c1ccc(C)nc1)C2=Nc3ccsc3C(=O)N2Cc4ccccc4,2.56,2.214823390317378,-0.3451766096826221
3620,train,OCC(CO)CN1C(=O)C(Cc2ccccc12)NC(=O)c3cc4cc(Cl)ccc4[nH]3,3.64,3.609993336631457,-0.030006663368542963
2222,train,C[C@H](O)C(=O)N1CCN(CC1)c2ccc(Nc3nccc(n3)c4cnc(C)n4C(C)C)cc2,2.15,2.29684821618115,0.14684821618115018
4117,train,NS(=O)(=O)c1ccc2NC(C3CC=CC3c2c1)c4cccc5ccccc45,1.9,2.0536360770722095,0.1536360770722096
3205,train,C[C@](N)(Cc1ccccc1)c2ccccc2,1.7,1.6948811144407012,-0.005118885559298736
2820,train,Clc1cccc(c1)c2cnc3ccc(NC4CCOCC4)nn23,4.3,3.987209637948534,-0.3127903620514658
2237,train,COc1cc(cc(OC)c1OC)C(=O)N2CC[C@@](CCN3CCC(CC3)(C(=O)N)c4ccccc4)(C2)c5ccc(Cl)c(Cl)c5,3.23,3.085531762831629,-0.14446823716837098
3486,train,CCCSc1c(cnn1C)C(=O)NC2CCCCC2,2.99,2.9090682920293425,-0.08093170797065774
634,train,OCCNCc1cc(Br)ccc1OCc2ccc(Cl)cc2,2.98,2.9502036398058076,-0.029796360194192406
1733,train,CC(C)(C)OC(=O)N1CCN(CC1)c2ccc(OCc3ccc(cc3)S(=O)(=O)C)cn2,3.2,3.2963360772979096,0.09633607729790938
3722,train,Cc1cc(C)nc(N)c1,0.85,1.007209756556579,0.15720975655657898
1168,train,CNCCC(Oc1ccc(cc1)C(F)(F)F)c2ccccc2,1.92,1.93969400138398,0.019694001383980142
3661,train,COc1ccc(C)c(NC(=O)CC23CC4CC(CC(C4)C2)C3)c1,3.96,3.797162708761474,-0.16283729123852586
98,train,COc1ccc(Cc2c(N)n[nH]c2N)cc1,0.2,0.576363406851621,0.376363406851621
1657,train,COc1cccc(c1)C(COCc2cc(cc(c2)C(F)(F)F)C(F)(F)F)N3CCNCC3,3.1,3.0997810953917773,-0.0002189046082228252
4163,train,Cc1nc(cs1)C(=O)N2CCCC3(CCN(Cc4ccc(Cl)cc4)CC3)C2,0.64,0.8786997495692253,0.23869974956922524
3283,train,CC(C)C[C@H](N[C@@H](c1ccc(cc1)c2ccc(cc2)S(=O)(=O)C)C(F)(F)F)C(=O)NCC#N,3.24,3.169873674612386,-0.07012632538761432
2261,train,O=C1N(C(=Nc2c1cnn2c3ccccc3)c4occc4)c5ccccc5,3.29,2.6381337728353174,-0.6518662271646827
3990,train,Clc1ccc(CNc2nc(nc3ncccc23)N4CCN(CC4)C(=O)[C@H]5CCCCN5)c(Cl)c1,2.27,2.4411047925782685,0.1711047925782685
2498,train,CCSc1ccc(cc1)c2cc(ccc2OCC(=O)O)C(F)(F)F,1.54,1.5689282697723181,0.028928269772318105
954,train,COc1cc2nnc(C(=O)N)c(Nc3cccc(Cl)c3F)c2cc1N4CCN(C)CC4,2.35,2.4156334047967376,0.06563340479673752
3647,train,Cc1cccc(Br)c1C(=O)N[C@@H](Cc2ccc(NC(=O)c3c(Cl)cccc3Cl)cc2)C(=O)O,-0.13,0.07384854815562658,0.20384854815562659
255,train,CS(=O)(=O)c1ccc(cc1)c2cnc(N)c(c2)c3ccc(nc3)C(F)(F)F,2.4,2.288025297790435,-0.11197470220956474
2036,train,OC(=O)[C@H](Cc1cccc(c1)C#N)N2CCC(CN3CCC(CC3)Oc4ccc(Cl)c(Cl)c4)CC2,2.26,2.2615420131696147,0.0015420131696148864
94,train,CCN1CCN(CC1)c2ccc(Nc3cc(ncn3)N(C)C(=O)Nc4c(Cl)c(OC)cc(OC)c4Cl)cc2,3.7,3.6285589052726914,-0.07144109472730875
1920,train,COc1cc2ncc(C(=O)N)c(Nc3cc(C)ccc3F)c2cc1OC,3.16,3.2353945314631583,0.07539453146315811
2129,train,O=C(C1CCN(CC1)c2nnc(s2)n3cccc3)N4CCN(Cc5ccc6OCOc6c5)CC4,2.5,2.544865033824095,0.04486503382409479
1263,train,CN1C=C(C(=O)NC[C@@H](O)CN2CCC(CC2)Oc3ccc(Cl)c(Cl)c3)C(=CC1=O)C(F)(F)F,2.76,2.8209996288650516,0.060999628865051836
2907,train,NCC[C@@H](Oc1nc(ccc1C#N)C(F)(F)F)c2oncc2,-0.49,-0.3348520083189923,0.15514799168100768
2021,train,CNc1nc(C)c(s1)c2nc(Nc3cccc(c3)N4CCCNCC4)ncc2C#N,1.64,1.6146192734846496,-0.025380726515350283
3057,train,CN1CCN(CC1)c2ccc3nc([nH]c3c2)C4=C(N)c5c(F)cccc5NC4=O,3.45,3.305226549580631,-0.14477345041936918
1164,train,Cn1cncc1c2c3C(=O)N(CC#CCO)C(=O)N(CC4CC4)c3nn2Cc5ccnc6ccc(Cl)cc56,2.55,2.7733764578018265,0.2233764578018267
3021,train,CCC(CC)NC(=O)c1cnn(c1NS(=O)(=O)c2ccc(cc2)c3ocnc3)c4ccccc4,0.8,0.8570460139996823,0.05704601399968223
1941,train,Cc1[nH]c(C(=O)NC2CCN(CC2)c3nc(cs3)C(=O)O)c(Cl)c1Cl,0.14,0.4082969512415109,0.2682969512415109
3023,train,COc1nccnc1NS(=O)(=O)c2ccc(N)cc2,-0.65,-0.502203915926811,0.147796084073189
3141,train,COC[C@@H](O)CN1C(=O)C=NN(C1=O)c2ccc(Cl)c(c2)C(=O)NCC3(O)CCCCCC3,1.44,1.4453061825607187,0.005306182560718797
700,train,CN(c1ccc(c(C)c1)c2cc(ccc2OCC(=O)O)C(F)(F)F)S(=O)(=O)C,-0.59,-0.45563106793492114,0.13436893206507883
1750,train,Cc1cc(c(S)cc1Cl)S(=O)(=O)Nc2nc(Nc3ccc(Cl)cc3)n[nH]2,2.09,1.9121249350705938,-0.17787506492940608
403,train,Brc1ccc2OCC(=O)N(CCN3CCC(CC3)NCc4ccc5OCC(=O)Nc5n4)c2c1,1.42,1.11627591026009,-0.30372408973990983
1025,train,CC1=CN([C@H]2CCCN(C2)S(=O)(=O)c3ccc(O)c(Oc4ccc(Cl)cc4)c3)C(=O)NC1=O,2.12,2.166719688332836,0.04671968833283602
1321,train,CCS(=O)(=O)c1ccc(c2cc(Cl)ccc2OCC(=O)O)c(c1)C(F)(F)F,0.62,0.3516558760472026,-0.2683441239527974
542,train,COc1cc(ccc1Nc2ncc(Cl)c(n2)c3cnc4cc(ccn34)N5CCCC5)N6CCN(CC6)C(=O)C,3.5,3.472616853567546,-0.027383146432454097
2527,train,CCN(C1CCN(CCC(c2ccccc2)c3ccccc3)CC1)C(=O)NCc4ccc(cc4)S(=O)(=O)C,2.86,2.7083379297125867,-0.1516620702874132
4059,train,CN(C)C(=O)C(CCN1CCC(O)(CC1)c2ccc(Cl)cc2)(c3ccccc3)c4ccccc4,3.47,2.908998026907474,-0.5610019730925262
3305,train,COc1cc(\C=C/2\SC(=O)NC2=O)cc(OC)c1O,0.74,1.1153283101446985,0.3753283101446985
2244,train,OC1=C(C(=O)Nc2cc(Cl)ccc12)c3cccc(Oc4ccccc4)c3,2.96,2.998668842141098,0.038668842141098114
868,train,CCCNCC(O)COc1ccccc1C(=O)CCc2ccccc2,1.72,1.6585233532645731,-0.061476646735426854
4136,train,CC(=O)C1=Cc2ccc(O)cc2OC1=O,0.87,1.3361001589158432,0.4661001589158432
627,train,Nc1c(nnc2c(c(F)ccc12)c3ncccn3)C(=O)NC4CC4,1.59,1.9113400164180288,0.3213400164180287
3178,train,COc1ccc(cc1)C2=COc3cc(O)ccc3C2=O,3.05,2.931943333119941,-0.11805666688005889
429,train,CS(=O)(=O)c1cccc(Nc2nccc(Nc3c(Cl)ccc4OCOc34)n2)c1,3.13,3.1703702215461584,0.04037022154615855
3304,train,ONC(=O)[C@@H](Cc1ccc2ccccc2c1)NS(=O)(=O)c3ccc4ccccc4c3,3.23,3.052852379472582,-0.17714762052741806
4020,train,CC(C)c1ccc(Sc2cnc(O)c(c2)C(=O)NCc3ccccc3)cc1,3.7,3.5390853628767163,-0.1609146371232839
836,train,Cc1c(Cl)ccc(OC2CCN(C[C@H](O)CNC(=O)c3c[nH]nc3C(F)(F)F)CC2)c1Cl,3.66,3.6575299908004935,-0.002470009199506684
3324,train,Cc1cnc([nH]1)c2cc(NC(=O)c3ccc(nc3C)C(F)(F)F)ccc2Cl,3.3,3.2631958847508553,-0.03680411524914451
2017,train,COC(=O)CCn1cc(c2cc(NC3CC3)n4ncc(C#N)c4n2)c5cc(NC(=O)C)ccc15,2.72,2.5023213184699538,-0.21767868153004644
3421,train,CNC(=O)c1ccc(Nc2ncc(F)c(n2)c3cnc(C)n3C(C)C)cc1,3.0,2.9732658500607556,-0.02673414993924439
145,train,Oc1nc(nc2CCSCc12)c3ccc(cc3)C(F)(F)F,3.07,3.2594704840082995,0.1894704840082997
1693,train,COc1ccccc1CCNCc2cccc(CCNC[C@H](O)c3ccc(O)c4NC(=O)Sc34)c2,0.82,0.947177391990538,0.127177391990538
1462,train,CC(C)n1c(C)ncc1c2nc(Nc3ccc(cc3)N4CCOCC4)ncc2F,3.01,3.1363145620359187,0.12631456203591895
1845,train,CCN(CC)C(=O)c1ccc(cc1)[C@@H](N2CCN(Cc3ccc(F)cc3)CC2)c4cccc(NC(=O)C5CC5)c4,3.99,3.9632129261143243,-0.026787073885675916
2679,train,COc1ccc(cc1)N2Sc3ccccc3C2=O,3.02,2.5132273569191597,-0.5067726430808404
2499,train,COc1ccc(CN2C(=O)CCC2(C)C(=O)NC3CCCCC3)c(OC)c1,2.38,2.489026725519084,0.10902672551908399
1550,train,NC(=O)C[S+]([O-])C(c1ccccc1)c2ccccc2,1.12,0.8839676045453861,-0.23603239545461396
963,train,O[C@@H](CNCCCOCCNCCc1cccc(Cl)c1)c2ccc(O)c3NC(=O)Sc23,-0.03,0.3066184728816004,0.3366184728816004
2350,train,CS(=O)(=O)Nc1cc(Nc2nccc(Nc3c(Cl)ccc4OCOc34)n2)cc(c1)C(=O)N,2.28,2.11158697737578,-0.16841302262421998
2630,train,CNc1nc(C)c(s1)c2nc(Nc3cccc(c3)N4CCNCC4)ncc2C#N,1.9,1.7686133576409417,-0.13138664235905817
2668,train,NC(=O)Nc1sc(cc1C(=O)N[C@H]2CCCNC2)c3ccsc3,1.06,1.1176130788026983,0.05761307880269828
2088,train,Oc1ccc(Cl)cc1C(=O)Nc2ccc(F)cc2F,3.6,3.628262796867163,0.02826279686716271
185,train,CC[C@H](NC(=O)c1c(c(nc2ccccc12)c3ccccc3)S(=O)(=O)C)c4ccccc4,3.17,3.316117908320651,0.14611790832065097
358,train,CC(CN(C)C)CN1c2ccccc2CCc3ccccc13,2.95,2.813609542364839,-0.13639045763516133
1003,train,C(Sc1nc2cccnc2[nH]1)c3ccccc3,3.22,2.8525037819962558,-0.36749621800374443
3767,train,OC1=NC(=O)C(N1)(c2ccccc2)c3ccccc3,2.41,2.025381558904469,-0.38461844109553134
106,train,COc1cc2ncc(C(=O)N)c(Nc3ccc(F)cc3F)c2cc1N4CCN(C)CC4,2.18,2.3561733394810895,0.17617333948108937
2976,train,NC1=NC(=CC(=O)N1)CCc2cccc(Br)c2,2.52,2.73092377118135,0.21092377118135008
3436,train,OC(=O)COc1cccc(c1)C(=O)N2CCC(CC2)N3CCC(CC3)Oc4ccc(Cl)c(Cl)c4,1.09,0.973067163942243,-0.11693283605775706
695,train,C[C@@H](O)[C@@H]1[C@H]2[C@@H](C)C(=C(N2C1=O)C(=O)OCOC(=O)C(C)(C)C)SC3CN(C3)C4=NCCS4,2.1,2.164224015351284,0.06422401535128408
81,train,COC(=O)c1ccc(C)c(NS(=O)(=O)c2ccc3N(C)SC(=O)c3c2)c1,2.6,2.2630272410993824,-0.33697275890061773
4198,train,Clc1ccc2ncccc2c1C(=O)NCC3CCCCC3,2.65,2.942679061405343,0.29267906140534317
3252,train,CCC(N(CCCN)C(=O)c1ccc(C)cc1)C2=Nc3ncccc3C(=O)N2Cc4ccccc4,-0.04,0.08885669575071287,0.12885669575071287
115,train,COc1ccc(OC)c(CNC(=O)c2cccnc2Oc3ccccc3)c1,3.52,3.2614213121323408,-0.25857868786765925
4062,train,CCS(=O)(=O)c1ccc(cc1)c2cc(Cl)ccc2OCC(=O)O,-0.78,-0.7252387325948204,0.054761267405179614
2663,train,CCOC(=O)C1=Cc2ccc(O)cc2OC1=O,1.2,1.1680016771450394,-0.031998322854960515
1719,train,CC[C@@]1(O)C(=O)OCC2=C1C=C3N(Cc4cc5c(CN(C)C)c(O)ccc5nc34)C2=O,0.31,0.3360479245149173,0.026047924514917276
2883,train,O=C(CSC1=NC2=C(SCC2)C(=O)N1c3ccccc3)Nc4ncc(s4)c5ccccc5,3.95,4.029887762276383,0.07988776227638272
2977,train,COc1ccc(C[C@@H](C)NC[C@H](O)c2ccc(O)c(NC=O)c2)cc1,0.42,0.45531535109196786,0.03531535109196787
2671,train,CCN1N(C2CCCC2)c3nc(Nc4ccc(cc4OC)C(=O)NC5CCN(C)CC5)ncc3N(C)C1=O,2.75,2.476795593627816,-0.2732044063721841
27,train,C(CCCCNc1cc(nc2ccccc12)c3ccccc3)CCCNc4cc(nc5ccccc45)c6ccccc6,2.27,2.693202730463207,0.4232027304632071
163,train,CC(C)(C#N)c1cnc(s1)N2CCN(CC2)C(=O)[C@@H]3CCCC[C@H]3C(=O)NC4(CC4)C#N,1.9,1.8097347187913428,-0.09026528120865707
3260,train,COCCC(Oc1ncnc2c1cnn2c3ccccc3C(F)(F)F)C(=O)Nc4ccc(C)cn4,3.5,3.5735942195034784,0.07359421950347844
2395,train,OC(=O)CCc1ccc(OCc2cccc(Br)c2)cc1,1.67,1.7935383203312827,0.12353832033128276
1452,train,C(Cc1nc2ccccc2[nH]1)c3nc4ccccc4[nH]3,3.3,2.815503393060556,-0.48449660693944363
1874,train,CCOc1ccccc1c2ccc(cc2)c3nc4ccc(F)cc4c(C(=O)O)c3C,1.18,1.623412560335948,0.443412560335948
3704,train,CN1C[C@@H](c2ccccc2)c3cccc(N)c3C1,2.11,2.0486772590215927,-0.061322740978407175
1956,train,CC(C)(C)OC(=O)NCCCSC[C@H]1O[C@H]([C@H](O)[C@@H]1O)n2cnc3c(N)ncnc23,1.2,1.1224778911007212,-0.0775221088992788
422,train,CC(C)NCC(O)COc1ccccc1OCC=C,0.2,0.3631246485682087,0.16312464856820869
2628,train,COc1cc(ccc1Nc2ncc(Cl)c(n2)c3cnc4cc(CO)ccn34)N5CCN(CC5)C(=O)C,3.1,3.0772320038959364,-0.02276799610406366
1694,train,Cn1c(C(=O)O)c(CCCOc2cccc3ccccc23)c4ccccc14,2.99,3.1533023189687075,0.16330231896870728
3575,train,C[C@H](CO)Nc1nc(SCc2cccc(F)c2F)nc3nc(N)sc13,3.29,3.253963292510521,-0.03603670748947918
100,train,CC1=CN([C@H]2CCCN(C2)S(=O)(=O)c3ccc(O)c(Oc4ccccc4)c3)C(=O)NC1=O,1.49,1.1911599670931676,-0.29884003290683236
1958,train,Nc1scc2C(=NN(C(=O)c12)c3ccc(F)cc3)C(=O)NC4CC4,2.8,2.6067314253518803,-0.19326857464811953
631,train,COc1c2OC(=O)C=Cc2cc3ccoc13,1.97,2.2268145751669137,0.25681457516691375
644,train,C[C@H]1COc2c(N3CCN(C)CC3)c(F)cc4C(=O)C(=CN1c24)C(=O)O,-0.35,-0.2575165099543941,0.09248349004560585
1977,train,NCCCCN(Cc1nc2ccccc2[nH]1)C3CCCc4cccnc34,0.83,0.9554109329133664,0.12541093291336647
162,train,O=C(Oc1ccccc1)N2CCOCC2,1.3,1.2525467189064459,-0.04745328109355418
2391,train,COCCOCCOc1ccc(cc1)c2cc(C(=O)N)c(NC(=O)N)s2,2.21,2.208371008404674,-0.0016289915953260348
2004,train,Cc1cc(C)cc(c1)c2[nH]c3ccc(cc3c2CCNCCCCc4ccncc4)C(C)(C)C(=O)N5C6CCC5CC6,4.3,4.169496565255862,-0.13050343474413761
1631,train,Cc1cc(N)nc(CCNC(=O)c2ccc(cc2)C#N)c1,1.62,1.4984651931668882,-0.12153480683311191
2369,train,CNS(=O)(=O)Cc1ccc2[nH]cc(CCN(C)C)c2c1,-0.96,-0.6097112954605839,0.3502887045394161
1083,train,CNC(=O)c1cc(sc1NC(=O)N)c2ccccc2,3.19,2.740620753551034,-0.4493792464489661
1358,train,COc1ccc(Nc2nccc(n2)c3cnc(C)n3C(C)C)cc1,3.43,3.5017904341727335,0.07179043417273334
3017,train,Oc1cccc(NC(=O)c2ccc(OCCCN3CCCC3)cc2OCc4cscn4)c1,1.56,1.4786272061977637,-0.08137279380223639
625,train,CC(O)(C(=O)Nc1ccc2c(c1)c3ccccc3S2(=O)=O)C(F)(F)F,3.0,2.958788890778683,-0.04121110922131699
931,train,Oc1ccc(Nc2nc(cs2)c3ccc(cc3)C#N)cc1,4.1,3.5136834486829795,-0.5863165513170201
2277,train,NC(=O)c1cccc(N[C@H]2C[C@H]3CC[C@@H](C2)N3Cc4ccccc4)c1,1.01,1.1994888405920583,0.18948884059205828
1560,train,CC(C)CN1C(=O)N(C)C(=O)c2c1sc(Cc3ccnc4ccccc34)c2C(=O)N5C[C@@H](O)[C@@H](O)C5,1.18,1.500002324515006,0.3200023245150061
2390,train,COc1ccc2N=CC(=O)N(CCN3CC[C@@H](NCc4cc5OCCOc5cn4)[C@H](O)C3)c2c1,0.9,0.8353728771210316,-0.06462712287896843
3788,train,CCN1C2=NC(=O)N(C)C(=O)C2=Cc3ccccc13,1.1,1.2195307622711011,0.11953076227110104
2637,train,c1ccc(cc1)c2c[nH]c(n2)c3ccccc3,3.8,3.15260253266656,-0.6473974673334397
914,train,Cc1ccc(OC(=O)N2CCN3CCC2CC3)cc1,1.02,1.2186407865697553,0.19864078656975526
2125,train,COc1cccc(c1)S(=O)(=O)c2c(C)n(CC(=O)O)c3ccc(C)cc23,-0.42,-0.2981358542811394,0.12186414571886056
984,train,CN[C@@H](C)C(=O)N[C@@H](C1CCCCC1)C(=O)N[C@H]2CCN(Cc3ccccc3)C2,1.49,1.7993375784249221,0.30933757842492215
2168,train,Fc1ccc(cc1Cl)C(=O)Nc2ccc(Cl)nc2,3.64,3.53753235517798,-0.10246764482202009
2460,train,C[C@@H](N(c1cc(F)ccc1F)S(=O)(=O)c2ccc(Cl)cc2)c3ccc(F)cc3CCCC(=O)O,3.1,3.186233064236453,0.08623306423645305
3981,train,CC(=O)N1CCOc2cc(COc3ccccc3)cnc12,2.8,2.548112471631687,-0.25188752836831263
1247,train,C[C@@H]1CN(CCN1c2ncc(OCc3ccncc3C#N)cn2)C(=O)OCC(F)(F)F,3.0,3.0166157646527876,0.01661576465278758
3828,train,Cc1cc(CN2Cc3ccccc3C2C(=O)Nc4cc(Cl)ccc4Cl)ccc1OCC(=O)O,2.19,2.255687709418178,0.06568770941817803
786,train,C[C@H](Nc1ncc(C)c(Nc2cc(C)[nH]n2)n1)c3ncc(F)cn3,1.75,1.7474151489792533,-0.0025848510207466813
1327,train,OC(=O)CCCc1ccc(cc1)N(CCCl)CCCl,1.47,1.3903988718788904,-0.07960112812110953
648,train,CNC(=O)c1ccc(Oc2ccc(cc2)C#C[C@]3(O)CN4CCC3CC4)cc1,1.99,1.9024302471388874,-0.08756975286111257
455,train,COc1ccc(cc1)S(=O)(=O)NCC(N2CCCCCC2)c3ccccc3,3.13,2.900088712301922,-0.22991128769807778
1451,train,CC[C@H]1CN(Cc2cc(Cl)ccc2OCC(=O)O)CCN1S(=O)(=O)c3ccccc3,0.44,0.5347469839819907,0.09474698398199072
3458,train,Nc1nc2ccc(Cl)cc2c3nc(nn13)c4occc4,3.98,3.6669805712571475,-0.3130194287428525
3399,train,COc1ccccc1CNCc2ccc(CCNC[C@H](O)c3ccc(O)c4NC(=O)Sc34)cc2,0.15,0.4564812390778341,0.3064812390778341
311,train,Nc1nnc(c(N)n1)c2cccc(Cl)c2Cl,1.38,1.4087536009415973,0.0287536009415974
2743,train,O=C(Nc1nccs1)c2cccnc2,2.25,1.8684136108892138,-0.38158638911078624
2271,train,O[C@H](CNC(=O)C1=CC(=O)Nc2ccccc12)CN3CCC(CC3)Oc4ccc(Cl)c(Cl)c4,3.48,3.173729484218303,-0.30627051578169695
3700,train,CN[C@@H](C)C(=O)N[C@H]1CN(CC[C@H]2CC[C@H](N2C1=O)C(=O)NC(c3ccccc3)c4ccccc4)C(=O)CC(C)C,1.82,1.88237502324951,0.06237502324950994
2549,train,COc1ccc(N(C(C(=O)NC2CCCC2)c3ccccc3F)C(=O)c4ccccc4)c(OC)c1,3.86,3.2538377957263656,-0.6061622042736343
3388,train,Clc1ccc(cc1)C(N2CCNCC2)c3ccccc3,1.94,1.7550947154325938,-0.18490528456740618
3927,train,CC(C)CN1C(=O)N(C)C(=O)c2c1nn(Cc3cccc4ccccc34)c2c5cncn5C,4.1,4.0300164325387025,-0.06998356746129719
1554,train,O=S(=O)(C1CCNCC1)C2(CC2)c3cc(nc(n3)c4cccc5[nH]ccc45)N6CCOCC6,1.1,1.0772980082572765,-0.022701991742723582
971,train,Nc1cc(nc2ccc(Nc3cc(nc(N)n3)c4ccc(cc4)C(F)(F)F)cc12)c5ccc(F)cc5,1.54,1.8926595182261172,0.3526595182261172
751,train,COc1cc(ccc1Cn2ncc3ccc(NC(=O)OC4CCCC4)cc23)C(=O)NS(=O)(=O)c5ccccc5,1.8,1.7128342507470484,-0.08716574925295162
3973,train,CC(=O)c1ccc(cc1)S(=O)(=O)NC(=O)NC2CCCCC2,-0.49,-0.16460756660304554,0.32539243339695445
3500,train,OC(=O)C[C@@H]1CC[C@H](CC1)c2ccc(cc2)c3ccc(Nc4ccc(nc4)C(F)(F)F)cn3,3.8,3.2079918136398913,-0.5920081863601085
3619,train,OC(=O)c1ccc(NC(=O)c2cc(OCc3ccccc3)cc(OCc4ccccc4)c2)nc1,2.7,2.3117043862226097,-0.3882956137773905
1269,train,COc1ncc2C=CC(=O)N(CCN3CCC(CC3)NCc4cc5OCCOc5cn4)c2n1,0.2,0.3081171244010372,0.10811712440103721
3248,train,O=C(NCc1occc1)c2ccc3[nH]c(COc4ccc(cc4)C56CC7CC(CC(C7)C5)C6)nc3c2,4.0,3.9158528597390356,-0.08414714026096437
1346,train,COc1ccnc(NC2CCN(CC2)C(=O)c3ccccc3)c1,2.06,1.8446600660608592,-0.21533993393914086
412,train,CC(C)C(NC(=O)CN1C(=O)C(=CC=C1c2ccccc2)NC(=O)CN3CCOCC3)C(=O)C(F)(F)F,2.0,1.9355758949478512,-0.0644241050521488
3144,train,COc1cc(O)c(C(CC(=O)N2CC(C)CC(C)C2)c3ccc4OCOc4c3)c(OC)c1,4.3,4.030379347547967,-0.2696206524520326
1398,train,COc1cc2ncnc(Nc3cccc(Cl)c3F)c2cc1CN(C)[C@@H](C)C(=O)N,3.42,3.408954215805437,-0.011045784194562813
1117,train,CC(C)NCC(O)COc1nccs1,-0.97,-0.45264417927545786,0.5173558207245421
1577,train,COC(CN1C(=O)NC2=C(C=C(N(CC(=O)NC(C(C)C)C(=O)C(F)(F)F)C2=O)c3ccccc3)C1=O)OC,1.56,1.7266425692605738,0.16664256926057375
1950,train,CC1(C)COCc2sc(nc12)N3CCN(CC3)C(=O)[C@@H]4CCCC[C@H]4C(=O)NC5(CC5)C#N,2.4,2.1592463870077325,-0.24075361299226739
3411,train,NS(=O)(=O)c1cc(cc(N2CCCC2)c1Oc3ccccc3)C(=O)O,-0.94,-0.40257294049204617,0.5374270595079538
397,train,NCC[C@@H](Oc1cc(Cl)ccc1C#N)c2ccccc2,0.76,0.46980773070059323,-0.2901922692994068
3438,train,CNCCC=C1c2ccccc2CCc3ccccc13,1.58,1.4235800520988233,-0.15641994790117675
3954,train,COc1ccccc1Oc2c(NS(=O)(=O)c3ccc(cc3)C(C)(C)C)nc(nc2OCCO)c4ncccn4,1.03,1.0982880265434587,0.06828802654345867
3622,train,CCN(C1CCN(CC[C@H](N2CCN(CC2)S(=O)(=O)C)c3cc(F)cc(F)c3)CC1)C(=O)Cc4ccc(cc4)S(=O)(=O)C,1.25,1.543759130964255,0.2937591309642551
2815,train,Clc1ccc(NCCNCC(=O)N2CCC[C@H]2C#N)nc1,0.99,1.0267108555727225,0.03671085557272247
3955,train,NC1(CCC1)c2ccc(cc2)C3=Nc4ccccc4C(=O)N3c5ccccc5,1.5,1.927037806724411,0.42703780672441094
3908,train,Oc1cccc2nc(cc(O)c12)c3ccccc3,3.37,2.976210030510086,-0.39378996948991407
3544,train,CN1CCC(CC1)NC(=O)c2ccc(Oc3ccc(cc3)C#C[C@]4(O)CN5CCC4CC5)cc2,1.0,1.2298955468923847,0.22989554689238467
531,train,COc1ccc(N(C(C(=O)NC2CCCC2)c3ccccc3F)C(=O)c4occc4)c(OC)c1,3.09,3.236134625439142,0.14613462543914224
222,train,OCC[C@@]1(CCCNC1)c2ccc(Cl)c(Cl)c2,0.61,0.6470622276536797,0.037062227653679725
900,train,CC(C)n1c(C)ncc1c2ccnc(Nc3ccc(cc3)S(=O)(=O)CC4CCCO4)n2,2.82,2.663707185339085,-0.15629281466091482
2516,train,O=C(N1CCOCC1)N2CCn3cc(C4=C(C(=O)NC4=O)c5cnc6ccccn56)c7cccc(C2)c37,1.79,1.912895306400045,0.12289530640004487
2915,train,OC(=O)Cc1ccccc1Nc2c(Cl)cccc2Cl,1.08,1.7064446405431901,0.62644464054319
4094,train,CCOc1ccc(NC(=O)CCc2c(C)nc3nc(C)nn3c2C)cc1,2.1,2.1307174470380565,0.030717447038056456
1278,train,O=C(NCCCCc1ccccc1)c2ccccc2,3.8,3.098608354361817,-0.701391645638183
3993,train,CN1CCN(CCOc2n[nH]c3ncnc(Nc4ccc(OCc5ccccn5)c(Cl)c4)c23)CC1,2.45,2.667828352163907,0.21782835216390684
2782,train,Cc1cccc(C[C@H](N2CCC(CN3CCC(CC3)Oc4ccc(Cl)c(Cl)c4)CC2)C(=O)O)c1,2.84,2.6776352978147315,-0.16236470218526833
3851,train,CN1CCN(CC1)c2ccc3N=CN(C(=O)c3c2)c4cc(NC(=O)c5cccc(c5)N6CCOCC6)ccc4C,2.69,2.566708835037348,-0.12329116496265202
3631,train,CC(=O)Nc1ccc2c(c1)c(cn2CCC(=O)O)c3cc(NC4CC4)n5ncc(C#N)c5n3,-0.87,-0.21209087159746076,0.6579091284025392
1485,train,CC1(COc2cc(ccc2NC(=O)CN3CCOCC3)c4cccc5C(=O)C=C(Oc45)N6CCOCC6)COC1,2.2,2.370666487482068,0.1706664874820678
1477,train,CN1CCN(CC1)c2ccc3N=CN(C(=O)c3c2)c4cc(NC(=O)c5ccccc5F)ccc4C,2.75,2.706296650589697,-0.04370334941030318
1699,train,CCN(C1CCN(CCC(c2ccccc2)c3ccccc3)CC1)C(=O)Cc4ccc(cc4)C#N,3.9,3.7687422777935455,-0.13125772220645437
4176,train,CC(C)C(NC(=O)CN1C(=O)C(=CN=C1c2cccs2)N)C(=O)C(F)(F)F,0.68,1.072944678496314,0.39294467849631387
1124,train,CC(C)C[C@@H](N1CCC[C@@H](C1)N2C=C(C)C(=O)NC2=O)c3ccc(C(=O)O)c(Oc4cccc(Cl)c4)c3,0.91,0.9821111435658028,0.07211114356580273
3147,train,Oc1ccc(cc1)N2C(=O)c3ccc(O)cc3C2=O,1.8,1.695867953731861,-0.10413204626813899
1310,train,CC(C)CN1C(=O)N(C)C(=O)c2c(SCCCO)c(Cc3ccccc3C(F)(F)F)sc12,4.05,3.788152217529073,-0.26184778247092666
3856,train,CC(C)Nc1ccc2cnn(c3cncc(n3)n4ccc(CC(=O)O)c4)c2c1,1.24,1.1749935175680122,-0.06500648243198781
2701,train,CCC(N(CCCN)C(=O)c1ccc(cc1)C(C)C)C2=Nc3ccsc3C(=O)N2Cc4ccccc4,2.72,2.398570520420455,-0.32142947957954515
1111,train,FC(F)(F)c1cc(COCC(N2CCNCC2)c3cccc(Cl)c3)cc(c1)C(F)(F)F,4.2,3.9337091643228588,-0.2662908356771414
289,train,CC[C@H](NC(=O)c1c([S+]([O-])C(C)C)c(nc2ccccc12)c3ccccc3)c4ccccc4,3.81,3.768800455547539,-0.0411995444524611
350,train,CCC(CC)NC(=O)c1cnn(c1NS(=O)(=O)c2ccc(C)cc2)c3ccccc3Cl,0.65,0.6930834379164497,0.04308343791644964
2880,train,N(c1cccnc1)c2ncnc3ccccc23,1.57,1.8633437781749058,0.29334377817490576
3591,train,CC(C)N1C(=O)N(C)C(=O)c2cn(Cc3cccc4ccccc34)cc12,3.97,3.891667704269044,-0.07833229573095624
1948,train,CCCC[C@H](NC(=O)[C@H](CC(C)C)NC(=O)[C@H](CC(C)C)NC(=O)C)C=O,2.6,2.478518936298941,-0.12148106370105927
3440,train,O=C(Nc1ccccc1)N2CCOCC2,1.0,1.6870592411254988,0.6870592411254988
3766,train,Cn1cc(cn1)c2cccc(C[C@H](NC(=O)c3cc(nn3C)C(C)(C)C)C(=O)NCC#N)c2,2.6,2.6179106777407557,0.01791067774075561
452,train,Fc1ccc(cc1C#N)S(=O)(=O)NCC(N2CCCCCC2)c3ccccc3,2.71,2.888337652606816,0.1783376526068161
1510,train,NC(=O)c1ccn2c(c3ccccc3)c(nc2c1)c4ccc(cc4)C5(N)CCC5,2.0,1.8630615041542296,-0.13693849584577045
2092,train,CCN(CC)C(=O)c1ccc(cc1)C(=C2CCN(Cc3ccc(F)cc3)CC2)c4ccc(NC(=O)OC)cc4,4.01,3.9311426203989006,-0.07885737960109918
1032,train,CC1SC2=C(C(=O)O)C(=O)c3cc(F)c(cc3N12)N4CCNCC4,-1.1,-1.2287942735954358,-0.12879427359543572
987,train,COc1cc(ccc1Nc2ncc3N(C)C(=O)CCN(C4CCCCC4)c3n2)C(=O)NC5CCN(C)CC5,2.87,2.9003147722440565,0.03031477224405643
2888,train,C[S+]([O-])c1ccc(\C=C/2\C(=C(CC(=O)O)c3cc(F)ccc23)C)cc1,-0.01,0.05106906608189865,0.06106906608189865
502,train,Cc1ccc(cc1NC(=O)c2ccc(OCc3ccccn3)cc2)c4cn(C)c(C)n4,2.71,2.8517746334777994,0.1417746334777994
2610,train,CN(C1CCN(Cc2ccc(cc2)c3noc(C)n3)CC1)C(=O)Cc4ccc(cc4)n5cnnn5,2.1,1.9729127219561255,-0.12708727804387454
1050,train,CN1SC(=O)c2cc(ccc12)S(=O)(=O)NC3CC3,1.3,1.402999764231708,0.10299976423170798
187,train,CC(CN1CCCCC1)C(=O)c2ccc(C)cc2,1.65,1.8471105623743207,0.19711056237432079
673,train,CN[C@@H](C)C(=O)N[C@H](C(=O)N[C@H]1CCCN(CCc2ccccc2)C1)C(C)(C)C,1.46,1.4626239640035499,0.0026239640035499168
1312,train,C[C@H](NC(=O)c1c(C)nn(C2CCC2)c1NS(=O)(=O)c3ccc(C)cc3)C(C)(C)C,1.57,1.4405044340435382,-0.12949556595646183
2764,train,Fc1cccc2c3CN(CCc3[nH]c12)C(=O)[C@@H]4CCCC[C@H]4C(=O)NC5(CC5)C#N,3.03,3.1699866002826904,0.1399866002826906
3760,train,CN(C1CCN(Cc2ccc(cc2)C(F)(F)F)CC1)C(=O)Cc3ccc(cc3)S(=O)(=O)C,2.5,2.5158774312928927,0.015877431292892652
1514,train,CCCCCC\N=C\1/C=CN(Cc2ccccc2)c3cc(Cl)ccc13,0.98,1.2526542744549332,0.2726542744549332
2087,train,CC(N)(COP(=O)(O)O)C(=O)O,2.5,1.8180118867938821,-0.6819881132061179
2960,train,CC(C)[C@@H](CN1CCCCC1)N(C)C(=O)Cc2ccc(Cl)c(Cl)c2,2.87,3.003119876745756,0.13311987674575576
1636,train,C[C@@H](NC(=O)C1(N)CCN(CC1)c2ncnc3[nH]ccc23)c4ccc(Cl)cc4,3.3,2.9122939114371027,-0.3877060885628971
3803,train,Fc1ccc(CC2=NNC(=O)c3ccccc23)cc1C(=O)N4CCN(CC4)C(=O)C5CCCO5,0.9,1.1656801731270638,0.2656801731270638
3142,train,Nc1nc2nc(SCc3ccccc3)nc(N)c2s1,3.1,3.2308436450265114,0.13084364502651136
3428,train,CC(=O)Nc1ccc(cc1)S(=O)(=O)Nc2ccc(Cc3ccncc3)cc2,2.8,2.1143637011274024,-0.6856362988725975
1908,train,OC(=O)c1ccc(OCC(=O)COc2ccc(SCCCCCc3ccccc3)cc2)cc1,3.63,3.506205971394151,-0.12379402860584898
603,train,COc1cccc(Nc2oc(nn2)C(=O)Nc3ccc(nc3)N4CCOCC4)c1,2.8,2.9533650722121196,0.1533650722121198
2409,train,COc1cc(OC)c(cc1NC(=O)Cc2ccnc(F)c2)S(=O)(=O)N3C(C)CCc4ccccc34,2.49,2.374971767405834,-0.11502823259416628
2633,train,NC1=NC(Nc2cccc(F)c12)c3cccs3,0.91,1.1797703248477698,0.26977032484776975
13,train,CCCSc1ncccc1C(=O)N2CCCC2c3ccncc3,1.95,2.0417805578638917,0.09178055786389172
545,train,O=C(Nc1cccc2cccnc12)c3ccc(cc3)N4C(=O)[C@@H]5[C@H]6C[C@H](C=C6)[C@@H]5C4=O,3.28,3.1207748825023405,-0.15922511749765933
308,train,CCOC(=O)Nc1cccc(c1)[C@H](N2CCN(Cc3nc[nH]c3C)CC2)c4ccc(cc4)C(=O)N(C)CC,2.32,2.242742384943188,-0.07725761505681206
1259,train,C[C@@H]1CN(CCN1c2ncc(OCc3ccc(cc3)C#N)cn2)C(=O)OC(C)(C)C,2.89,3.2504553417942486,0.36045534179424843
2785,train,COc1cc(OC)c(cc1NC(=O)CCC(=O)O)S(=O)(=O)N(c2ccccc2)c3ccccc3,-0.8,-0.8465026733233891,-0.04650267332338909
3528,train,NC(=N)Nc1ccc(cc1)C(=O)Oc2ccc(Cl)cc2,0.7,0.8587150495202922,0.15871504952029225
2736,train,Oc1cccc(NC(=O)c2ccc(OCCCN3CCCC3)cc2OCc4ccc(F)cc4)c1,3.2,3.1443857496289063,-0.05561425037109391
882,train,CC(C)NC[C@H](O)COc1cccc2ccccc12,0.99,0.9412909253114912,-0.048709074688508824
1322,train,COc1ccccc1C[C@H](N2CCC(CN3CCC(CC3)Oc4ccc(Cl)c(Cl)c4)CC2)C(=O)O,2.77,2.634099231996493,-0.13590076800350692
2718,train,NC1=CC2=NNC(=O)N2c3cc(ccc13)c4occc4,2.48,1.9898167875903665,-0.4901832124096335
435,train,[O-]c1c2c(nn1c3ccc(Cl)cc3)c4ccccc4c[n+]2Cc5ccccc5,4.5,4.591074069158318,0.09107406915831806
940,train,CCC1=C(C)CN(C(=O)NCCc2ccc(cc2)S(=O)(=O)NC(=O)N[C@@H]3CC[C@@H](C)CC3)C1=O,1.73,1.6286133789520334,-0.10138662104796659
745,train,COc1ccc(CNC(=O)c2sc3nc(C)cc(C)c3c2N)cc1,3.85,3.8856121762531957,0.03561217625319557
1655,train,COc1ccc(cc1CNCCO)c2ccc3c(nc(nc3n2)N4C[C@@H](C)O[C@@H](C)C4)N5CCOCC5,1.31,1.5902298647263438,0.2802298647263437
1120,train,CC(=O)Nc1ccc2c(c1)c(cn2CCO)c3cc(NC4CC4)n5ncc(C#N)c5n3,2.71,2.5385870669960395,-0.17141293300396043
1590,train,COc1cc2c(Nc3ccc(F)c(Cl)c3)c(cnc2cc1OCCCN4CCN(C)CC4)C(=O)N,1.2,1.9378451863321149,0.7378451863321149
4076,train,CNc1c(Br)cnc2[nH]c(nc12)c3ccnc(N)c3,2.83,2.5534514433274356,-0.2765485566725645
3699,train,Cc1cc2nc(NC(=N)N)nc(C)c2cc1C,0.7,0.5283846206501033,-0.17161537934989668
2744,train,Nc1nc(nc(N)c1Cc2ccccc2F)c3ccccn3,2.12,1.9837000959067348,-0.1362999040932653
3809,train,Cn1cc(cc1c2c3C(=O)N(CC#CCn4cncn4)C(=O)N(CC5CC5)c3nn2Cc6ccnc7ccc(Cl)cc67)C#N,3.43,3.3429128654434788,-0.0870871345565214
1412,train,COc1cc(OC2CCN(C)CC2)c3c(Nc4c(Cl)ccc5OCOc45)ncnc3c1,2.98,3.174015624725064,0.19401562472506395
322,train,NC1(CCN(CC1)c2ncnc3[nH]ccc23)C(=O)NC(C4CC4)c5ccc(Cl)cc5,3.4,3.3744877903085966,-0.02551220969140333
1994,train,OC(=O)c1ccc(CN2CCC(CN3CCC(CC3)Oc4ccc(Cl)c(Cl)c4)CC2)cc1,1.1,1.5599161386883633,0.45991613868836323
2908,train,Cc1ccc2c(c1)c(c(C)n2CC(=O)O)c3ccnc4cc(ccc34)C(F)(F)F,1.78,1.8790797391305194,0.09907973913051937
3220,train,CCN(CC)CCNC(=O)c1cc(Br)c(N)cc1OC,0.54,0.42608779542155717,-0.11391220457844287
978,train,COc1cc(ccc1Nc2ccccc2C(=O)O)c3ccc(Nc4ccccc4C(=O)O)c(OC)c3,1.8,1.4568757741039593,-0.34312422589604075
1147,train,CN1CCC[C@@H]1CCO[C@](C)(c2ccccc2)c3ccc(Cl)cc3,3.48,3.1903680090199167,-0.2896319909800833
1999,train,CN(C)CCNC(=O)c1c(C)[nH]c(\C=C\2/C(=O)Nc3ccc(F)cc23)c1C,1.75,1.7412463873861674,-0.008753612613832562
2805,train,COc1ccc(N(C(C(=O)NC[C@@H](C)O)c2ccccc2F)C(=O)c3ccccc3)c(OC)c1,2.55,1.9412435015900469,-0.6087564984099529
934,train,CC(NC(=O)C1(N)CCN(CC1)c2ncnc3[nH]ccc23)c4ccc(F)cc4,2.4,2.4347590769396246,0.034759076939624656
1669,train,CC1=C(CCN2CCC(CC2)c3noc4cc(F)ccc34)C(=O)N5CCCCC5=N1,2.05,2.3314896919915973,0.28148969199159746
2344,train,CCCCC(CC)CNC(=O)c1ccc2c(c1)c(Cc3ccc(cc3OC)C(=O)NS(=O)(=O)c4ccccc4C)cn2C,3.66,3.682319453954576,0.022319453954575685
441,train,COc1ccc(cc1)C2=C(C)c3ccc(OC)cc3OC2=O,3.31,3.3461515973577507,0.03615159735775064
713,train,FC(F)(F)c1nnc2ccc(NCc3cccnc3)nn12,2.06,1.860492395129257,-0.19950760487074315
1101,train,CN(C)CCOC(C)(c1ccccc1)c2ccccn2,-0.2,0.5369081486083453,0.7369081486083453
2015,train,C1CN=C(N1)c2ccc3ccccc3n2,0.6,0.8415322474024809,0.24153224740248092
205,train,C[C@H](NC(=O)[C@@H]1CCCC[C@H]1C(=O)N2CCc3[nH]c4ccc(F)cc4c3C2)C#N,3.5,3.270066139165675,-0.2299338608343251
3757,train,Nc1nc2ccc(OC(F)(F)F)cc2s1,3.34,3.215209794216667,-0.124790205783333
3526,train,CN1C(=O)N(CC2CC2)c3nn(Cc4ccnc5ccc(Cl)cc45)c(c6cc(oc6C)S(=O)(=O)C)c3C1=O,3.2,3.6105938206221526,0.41059382062215244
3535,train,CC(O)C(C)OC(=O)[C@@H]1CC2C(Cc3cn(C(C)C)c4cccc2c34)N(C)C1,2.8,2.76598588923167,-0.03401411076832961
51,train,NC(Cc1c[nH]c2ccccc12)C(=O)O,-1.17,-0.8109654395258525,0.3590345604741474
1340,train,NS(=O)(=O)c1cc(Cl)c(Cl)c(c1)S(=O)(=O)N,0.92,1.2720900334166825,0.35209003341668244
339,train,CS(=O)(=O)Cc1cc(nc(n1)c2cnc3[nH]ccc3c2)N4CCOCC4,1.92,1.8243750233274356,-0.09562497667256431
1435,train,CC(C)C[C@H](CO)Nc1nc(S[C@@H](C)c2ccccc2)nc3NC(=O)Sc13,4.3,4.394095157868353,0.09409515786835332
3515,train,CC(CN1c2ccccc2Sc3ccccc13)N(C)C,2.67,3.091916526797429,0.4219165267974292
2790,train,OC(=O)\C=C\c1cccc(c1)c2cnc3[nH]ccc3c2,0.58,1.1079135860291713,0.5279135860291714
769,train,COc1ccc(cc1OC)C(C)NC(=O)C2(N)CCN(CC2)c3ncnc4[nH]ccc34,1.8,1.913554870806257,0.11355487080625704
2227,train,O=C(CS(=O)(=O)c1ccccc1)c2ccccc2,1.86,2.1344344425050874,0.2744344425050873
1889,train,Cc1nnc2CN=C(c3ccccc3Cl)c4cc(Cl)ccc4n12,2.34,2.406719281459371,0.06671928145937134
3369,valid,CC(C)N1CCC[C@@H](CN2CCN(CC2)C(=O)Nc3ccc(Cl)c(Cl)c3)C1,1.62,2.866795053666617,1.246795053666617
2664,valid,COc1cc2ncnc(Nc3ccc(F)c(Cl)c3)c2cc1OC,3.67,3.6412867424890827,-0.028713257510917245
743,valid,COc1ccc(C=C2SC(=O)NC2=O)cc1OC,1.17,1.4211150882384855,0.2511150882384856
114,valid,CC(C)COc1cccc(c1)C(=O)Nc2ccc(C)c(c2)C(=O)Nc3cccnc3,2.81,3.440423120180354,0.6304231201803541
2777,valid,O=C1C=C(OCc2ccccc2)C=CN1c3ccc4c(cnn4CCN5CCCC5)c3,2.0,2.5226371695707193,0.5226371695707193
2345,valid,CCN(C1CCN(CCC(c2ccccc2)c3ccc(cc3)S(=O)(=O)C)CC1)C(=O)Cc4ccc(cc4)S(=O)(=O)C,1.73,2.3697242060895523,0.6397242060895523
2849,valid,C1Oc2ccc(Oc3cc(Oc4ccc(cc4)n5ccnc5)ncn3)cc2O1,3.17,2.7793009606663452,-0.3906990393336547
2115,valid,COc1ccccc1CNCCc2cccc(CCNC[C@H](O)c3ccc(O)c4NC(=O)Sc34)c2,0.91,0.6204517662558511,-0.28954823374414895
433,valid,CC(C)(C)c1cc2nc3C(=O)N(Cc4ccccc4)Cc3c(O)n2n1,1.9,2.0698196360979666,0.1698196360979667
1015,valid,FC(F)(F)c1cccc2c3CN(CCc3[nH]c12)C(=O)[C@@H]4CCCC[C@H]4C(=O)NC5(CC5)C#N,3.75,3.5189667396636084,-0.2310332603363916
3875,valid,OC(CCN1CCCC1)(C2CCCCC2)c3ccccc3,1.78,2.7171876542182303,0.9371876542182302
413,valid,COc1ccc(CCN(C)CCCC(C#N)(C(C)C)c2ccc(OC)c(OC)c2)cc1OC,2.61,2.9377566442041783,0.3277566442041784
859,valid,C[C@]12CCC(=O)C=C1CC[C@H]3[C@@H]4CC[C@](O)(C(=O)CO)[C@@]4(C)CC(=O)[C@H]23,1.4,3.3238212760266945,1.9238212760266946
2440,valid,Nc1ncnc2c1ncn2[C@@H]3O[C@H](CSCCCNC(=O)Nc4ccccc4)[C@@H](O)[C@H]3O,1.9,1.1561147493408543,-0.7438852506591456
54,valid,C[C@H](NC(=O)c1c(C)nn(C2CCCC2)c1NS(=O)(=O)c3ccc(C)cc3)C(C)(C)C,2.0,1.491733734412622,-0.508266265587378
1866,valid,CS(=O)(=O)C1(CCOCC1)c2cc(nc(n2)c3cccc4[nH]ccc34)N5CCOCC5,2.4,2.821341371947988,0.42134137194798793
3681,valid,C1CN2CCC1C(C2)c3oc(nn3)c4oc(cc4)c5cccnc5,1.2,0.7785776561421713,-0.4214223438578286
3102,valid,C[C@H](NC(=O)C)c1ccc(Nc2ncc3cc(ccc3n2)c4ccncc4)cc1,3.17,3.078060310709908,-0.09193968929009211
2051,valid,CS(=O)(=O)c1ccc(cc1Cl)[C@@H](C[C@H]2CCC(=O)C2)C(=O)Nc3cnccn3,1.39,0.34730563919705815,-1.0426943608029418
1930,valid,C[C@H](Nc1ncc(Cl)c(Nc2cc([nH]n2)N(C)C)n1)c3ncc(F)cn3,2.33,2.686058919199284,0.3560589191992838
442,valid,CC[C@H]1OC(=O)[C@H](C)[C@@H](O[C@H]2C[C@@](C)(OC)[C@@H](O)[C@H](C)O2)[C@H](C)[C@@H](O[C@@H]3O[C@H](C)C[C@@H]([C@H]3O)N(C)C)[C@](C)(O)C[C@@H](C)\C(=N/OCOCCOC)\[C@H](C)[C@@H](O)[C@]1(C)O,1.8,1.6103388911319294,-0.18966110886807064
3624,valid,Clc1ccc(C2CCN(CC2)C(=O)COCc3ccncc3)c(Cl)c1,2.63,2.749852983452988,0.11985298345298823
1018,valid,C[C@@H]1NC(C)(C)CO[C@@]1(O)c2cccc(Cl)c2,1.69,1.9356506840357697,0.24565068403576973
869,valid,CCN(CC)c1ccc2C=C(C(=O)O)C(=O)Oc2c1,-0.2,0.18759940131221242,0.38759940131221243
3648,valid,C[C@H](CO)Nc1nc(SCc2cccc(F)c2F)nc3nc(NS(=O)(=O)C)sc13,0.92,2.739454224701598,1.8194542247015981
495,valid,CCCc1c(OCCCSc2ccc(CC(=O)O)cc2Cl)ccc3c(CC)noc13,3.92,2.804082765772033,-1.1159172342279668
1877,valid,Nc1ncnc2oc(c3cocc3)c(c4occc4)c12,3.1,1.4175542893980229,-1.6824457106019772
3472,valid,CNC1=Nc2ncccc2C(=NC1c3cccs3)c4ccns4,2.15,1.0919709402579645,-1.0580290597420354
161,valid,Clc1ccc(cc1C(=O)NCC2CCCCC2)N3N=CC(=O)NC3=O,1.26,1.7645362613257012,0.5045362613257012
4093,valid,O=C(NC1CC1)c2cc(on2)c3cccs3,2.54,1.824301314572517,-0.7156986854274829
1372,valid,Cn1cc(CN2CCc3cc4nc(N)sc4cc3CC2)cn1,1.06,1.265342051290232,0.20534205129023198
1386,valid,CC(C)n1c(C)ncc1c2nc(Nc3ccc(cc3)N4CC(C4)NC(=O)C)ncc2F,2.76,2.914001072055332,0.15400107205533242
4051,valid,CN(C)C[C@H](O)Cc1ccc(Cl)c(c1)C(=O)NCC23CC4CC(CC(C4)C2)C3,2.19,2.4265372591969,0.23653725919690016
229,valid,CCCCc1ncc(\C=C(/Cc2cccs2)\C(=O)O)n1Cc3ccc(cc3)C(=O)O,-0.9,2.121178367680734,3.021178367680734
208,valid,Clc1ccc(CNC(=N)SCCCc2c[nH]cn2)cc1,1.13,2.2524644113869847,1.1224644113869848
71,valid,COCCNCc1ccc(CCNC[C@H](O)c2ccc(O)c3NC(=O)Sc23)cc1,-0.54,-0.09318818859618228,0.44681181140381776
1433,valid,Oc1ccc(CCNCCCS(=O)(=O)NCCOCCc2cccc(c2)C(F)(F)F)c3sc(O)nc13,2.62,2.1714570067739927,-0.44854299322600744
2282,valid,CCN(C1CCN(CC[C@H](C2CCN(CC2)S(=O)(=O)C)c3cccc(F)c3)CC1)C(=O)Cc4ccc(cc4)S(=O)(=O)C,1.44,1.8926664999344098,0.4526664999344099
3550,valid,CCN(C1CCN(CCC(c2ccccc2)c3ccc(NC(=O)Cc4ccccc4)cc3)CC1)C(=O)Cc5ccc(cc5)S(=O)(=O)C,3.61,3.147003610635249,-0.46299638936475107
2200,valid,O=C1N(Cc2ccccc12)C3CCN(CCC(c4ccccc4)c5ccccc5)CC3,4.1,3.7385150688697086,-0.361484931130291
110,valid,Nc1c2CCN(c3ccccc3)c2nc4ccc(Br)cc14,3.12,3.405692674507014,0.28569267450701386
798,valid,O[C@H](CNC(=O)C1=CNC(=O)c2cc(ccc12)S(=O)(=O)N3CCC3)CN4CCC(CC4)Oc5ccc(Cl)c(Cl)c5,3.02,2.7877324767664122,-0.2322675232335878
3692,valid,Oc1ccc(cc1)c2sc3cc(O)ccc3c2C(=O)c4ccc(OCCN5CCCCC5)cc4,4.13,3.8133299797944185,-0.31667002020558144
4101,valid,CC(C)S(=O)(=O)NCC(C)c1ccc(cc1)c2ccc(cc2)C#N,3.5,2.0342953130033585,-1.4657046869966415
3157,valid,CC(C(=O)Nc1ccc(Cl)cc1)c2ncc(cc2Cl)C(F)(F)F,4.19,3.6553978499148654,-0.534602150085135
3814,valid,CCO\N=C(\C1CCN(CC1)C2(C)CCN(CC2)C(=O)c3c(Cl)cncc3Cl)/c4ccc(Br)cc4,4.0,1.926449822986799,-2.073550177013201
231,valid,C(C(C1CCCCC1)C2CCCCC2)C3CCCCN3,3.02,1.1487622608577366,-1.8712377391422634
419,valid,CC(=O)Nc1ccc2nc(cc(O)c2c1)c3cccc(F)c3,2.41,2.0195783482502376,-0.3904216517497625
88,valid,COc1cc(Nc2nc(N[C@@H](C)c3ncc(F)cn3)ncc2Br)n[nH]1,2.6,2.7696598088596756,0.16965980885967546
1216,valid,COc1cc(ccc1Nc2ncc(C)c(n2)c3cnc4ccccn34)N5CCN(CC5)C(=O)C,2.9,3.806618976430281,0.906618976430281
292,valid,CC1CN(C(=O)c2ccccc2)c3ccccc3NC1=O,1.73,1.7877462829661883,0.057746282966188334
1496,valid,Nc1[nH]nc2ccccc12,1.0,1.854709402138649,0.854709402138649
2462,valid,COc1ccc(cc1)[C@@H]2Sc3ccccc3N(CCN(C)C)C(=O)[C@@H]2OC(=O)C,1.99,1.8239821610539915,-0.16601783894600852
2497,valid,O=C(NC1(CC1)C#N)[C@@H]2CCCC[C@H]2C(=O)N3CCN(CC3)c4nccs4,1.3,1.577149036549174,0.277149036549174
2490,valid,CC(C)n1c(C)ncc1c2ccnc(Nc3ccc(cc3)S(=O)(=O)CCCN(C)C)n2,1.32,1.44633212195585,0.12633212195584997
328,valid,CC(C)C(NC(=O)CN1C(=O)C(=CN=C1c2ccccc2)NC(=O)OCC(F)(F)F)C(=O)C(F)(F)F,2.37,2.29978254597008,-0.0702174540299203
121,valid,CN(C1CCN(CCC(c2ccccc2)c3ccccc3)CC1)C(=O)C4CCC4,3.2,3.973032092037863,0.7730320920378628
4148,valid,C[C@H](NC(=O)c1c(C)nn(C2CCCCC2)c1NS(=O)(=O)c3ccc(C)cc3)C(C)(C)C,1.97,1.879873252927795,-0.09012674707220492
2236,valid,C[C@H](CO)Nc1nc(SCc2csc(C)n2)nc3nc(N)sc13,1.73,1.6410163080090712,-0.08898369199092881
1326,valid,CCC1(CCC(=O)NC1=O)c2ccc(N)cc2,0.6,-1.2493919563347426,-1.8493919563347427
2800,valid,CCCC(C)(C)C[C@@H](N1CCC[C@@H](C1)N2C=C(C)C(=O)NC2=O)c3ccc(C(=O)O)c(Oc4cccc(Cl)c4)c3,1.99,0.7004980610415756,-1.2895019389584244
1481,valid,Cc1c(Sc2ccc(Cl)cc2)c3c(cccc3n1CC(=O)O)c4ccccc4,2.61,2.119742402631067,-0.4902575973689327
2382,valid,Oc1cc(O)c2C(=O)C=C(Oc2c1)c3ccccc3,3.83,2.9782518717451585,-0.8517481282548416
2730,valid,COc1cc2N(CCN3CCC(CC3)NCc4cc5OCCOc5cn4)C(=O)C=Cc2cn1,0.68,0.8503488277749458,0.17034882777494575
1533,valid,NC1(CCC1)c2ccc(cc2)c3ncc4cccn4c3c5ccccc5,2.5,2.5535095205528586,0.053509520552858625
1449,valid,Oc1cc(O)c2C(=O)C(=COc2c1)c3ccc(F)cc3,3.6,3.2907377238569566,-0.30926227614304347
3413,valid,CC(C(=O)O)c1cccc(Oc2ccccc2)c1,0.71,0.8153944867371774,0.10539448673717744
1188,valid,NC(=O)c1cccc(c1)[S+]([O-])[C@H]2C[C@H]3CC[C@@H](C2)N3Cc4ccccc4,1.1,0.6672230889738398,-0.43277691102616034
606,valid,C[C@H](NC(=O)c1c(C)nn(c1NS(=O)(=O)c2ccc(C)cc2)C(C)(C)C)C(C)(C)C,1.84,0.8184775200079974,-1.0215224799920026
1075,valid,OC(=O)c1cc2cc(OCc3ccccc3)ccc2[nH]1,0.4,1.9273867280470454,1.5273867280470452
349,valid,OCCCn1c(NC(=O)c2cccc(c2)[N+](=O)[O-])nc3ccccc13,3.0,3.0195904463769345,0.019590446376934523
1834,valid,CC[C@H](NC(=O)c1c([S+](C)[O-])c(nc2ccccc12)c3cccs3)c4ccccc4,3.56,3.327670862480021,-0.23232913751997897
3306,valid,NC(=O)c1sc(cc1N)c2ccsc2,2.23,2.401253641957513,0.17125364195751303
794,valid,CC(C)(C)OC(=O)N1CCN(CC1)c2ccc(OCc3ccc(cc3)S(=O)(=O)C)cc2,3.9,2.9915612695204157,-0.9084387304795842
5,valid,OC1(CN2CCC1CC2)C#Cc3ccc(cc3)c4ccccc4,3.14,2.9934503812786013,-0.14654961872139882
3045,valid,CN(CCOc1ccc(NS(=O)(=O)C)cc1)CCc2ccc(NS(=O)(=O)C)cc2,0.6,1.9687182419069578,1.368718241906958
4064,valid,COc1cc(Nc2nc(N[C@@H](C)c3ncc(F)cn3)nc(N4CCOCC4)c2F)n[nH]1,2.64,2.368915457586549,-0.27108454241345115
168,valid,COc1ccc(Cn2cc3N(CC(C)C)C(=O)N(C)C(=O)c3c2)cc1,3.52,2.8370005644974023,-0.6829994355025977
2546,valid,Fc1ncccc1OC[C@@H]2CCN2,-1.2,1.9467165189156415,3.1467165189156416
3309,valid,Fc1ccc(cc1F)S(=O)(=O)NCC(N2CCCCCC2)c3ccccc3,2.84,2.9752965336350456,0.1352965336350458
2950,valid,CCOC(=O)c1ccccc1c2csc(NS(=O)(=O)c3ccc(Cl)cc3)n2,2.43,2.372396572724053,-0.05760342727594736
4026,valid,CCS(=O)(=O)c1ccc(c(C)c1)c2cc(ccc2CCC(=O)O)C(F)(F)F,0.76,0.8716398882937513,0.11163988829375127
2558,valid,O[C@]1(CN2CCC1CC2)C#Cc3ccc(Oc4ccc(cc4)C(=O)NCc5ccncc5)cc3,2.42,2.587992056929575,0.1679920569295752
3530,valid,CC1(CC(=O)NC(=N1)N)c2ccc(Cl)c(Cl)c2,1.59,1.8306217341882907,0.24062173418829058
1107,valid,CCN(CC)C(C)C(=O)c1ccccc1,1.18,2.1979865997213657,1.0179865997213657
3342,valid,CCN(CC)C(=O)c1ccc(cc1)C(=C2CCNCC2)c3ccccc3OC,1.0,1.6259112166972867,0.6259112166972867
1094,valid,Cc1ccc(NC(=O)CCC2CCCCC2)cc1NC(=O)c3ccc(O)cc3,4.13,2.8032921942927547,-1.3267078057072452
2376,valid,C[C@H](CO)Nc1nc(SCc2cccc(F)c2F)nc3nccnc13,3.15,3.16485454599555,0.01485454599555025
3223,valid,Cc1ccc(NC(=O)C=C)cc1,2.25,2.0045706679997237,-0.24542933200027628
4043,valid,O[C@H](C[C@H](O)\C=C\c1c(nc2ccccc2c1c3ccc(F)cc3)C4CC4)CC(=O)O,0.91,1.993246146230648,1.083246146230648
3568,valid,c1ccc(cc1)c2ccc3ccccc3n2,4.0,3.186291581453658,-0.8137084185463421
3010,valid,CC(C)n1c(C)ncc1c2ccnc(Nc3ccc(cc3)C(=O)NC4CC4)n2,3.06,2.7120855909414683,-0.34791440905853177
910,valid,CCCCNc1nc(N)c2NC(=O)N(Cc3ccc(OCCN(C)C)nc3)c2n1,1.9,2.0859640321760238,0.18596403217602386
3556,valid,CCn1c2ccccc2c3cc(NC(=O)CN(C)C)ccc13,3.2,3.233800323568592,0.03380032356859175
3525,valid,Oc1nc(nc2ccccc12)c3ccccc3,2.46,2.9950944405812074,0.5350944405812075
1769,valid,CC(C)CCCC(C)\N=C\1/C=CN(Cc2ccccc2)c3cc(Cl)ccc13,1.58,1.8251769094174521,0.24517690941745207
352,valid,Cc1cc2cc(C)c3nnc(SCC(=O)N4CCN(CC4)C(=O)c5occc5)n3c2cc1C,2.8,1.9099732951074502,-0.8900267048925496
1381,valid,CC(COc1ccccc1)NC(C)C(O)c2ccc(O)cc2,0.56,1.83424150922836,1.2742415092283599
1217,valid,Nc1cccc2C(=O)N(Cc3cccc(Cl)c3)C(=O)c12,3.18,1.965477429903684,-1.2145225700963163
1350,valid,COc1cc2ncnc(Nc3ccc(F)c(Cl)c3)c2cc1OCCN4CCN(C)CC4,3.3,2.8523345500513004,-0.4476654499486994
3259,valid,Nc1ccc2nc(sc2c1)c3ccc(O)cc3,3.1,2.3968658253861483,-0.7031341746138517
3519,valid,Cc1cc(Oc2ccnc(Nc3cccc(c3)N4CCOCC4)c2)c(nc1C)c5ccccn5,3.27,3.344762501723277,0.07476250172327692
3107,valid,CC(=N)NCc1ccccc1,-0.28,1.938837538763267,2.218837538763267
1901,valid,Nc1nc(cs1)c2ccc(Cl)cc2,3.31,2.880054685941531,-0.42994531405846903
2973,valid,CO[C@H]1CN(CCN2C(=O)C=Nc3ccc(OC)cc23)CC[C@H]1NCc4ccc5OCC(=O)Nc5n4,0.51,0.5783234570196949,0.06832345701969489
1788,valid,COc1cc(ccc1Nc2ncc(Cl)c(Oc3cccc(NC(=O)C=C)c3)n2)N4CCN(C)CC4,3.9,3.635916246656431,-0.2640837533435687
1728,valid,CNc1cccc(CCCc2ccc(C[C@H](NC(=O)c3c(Cl)cccc3Cl)C(=O)O)s2)n1,0.78,0.7388552990205264,-0.04114470097947365
146,valid,Clc1ccc(N2CCN(CC2)C(=O)COCc3cscn3)c(Cl)c1,3.07,2.3511395523180845,-0.7188604476819154
294,valid,O[C@@H](CNCCCSCCNCCc1cccc(Cl)c1Cl)c2ccc(O)c3NC(=O)Sc23,1.74,1.838933938615515,0.09893393861551503
2334,valid,Clc1cccc2[nH]ncc12,2.5,2.360982243637899,-0.1390177563621009
4039,valid,CN1CCC(CC1)Oc2cccc3ncnc(Nc4ccc(OCc5cnccn5)c(Cl)c4)c23,3.21,2.6338329013740647,-0.5761670986259353
1513,valid,CN([C@@H]1CCN(Cc2ccc(cn2)C(F)(F)F)C[C@@H]1F)C(=O)Cc3ccc(cc3)n4cnnn4,2.1,2.593885007287891,0.49388500728789086
1257,valid,CS(=O)(=O)c1cccc(Nc2nccc(Nc3cccc4ncoc34)n2)c1,2.5,3.0068380911688486,0.5068380911688486
3621,valid,CO[C@@H](C(=O)N1Cc2n[nH]c(NC(=O)c3ccc(cc3)N4CCN(C)CC4)c2C1)c5ccccc5,2.0,2.044474286023701,0.04447428602370085
609,valid,COc1cc(Nc2ncnc3cccc(O[C@H](C)C(=O)N4CCOCC4)c23)ccc1Oc5ccc(C)nc5,3.6,4.366439340966952,0.7664393409669521
472,valid,O=C(NC1CCCC1)C(N(Cc2occc2)C(=O)c3ccc([nH]3)c4ccccc4)c5ccncc5,4.36,4.371890299959416,0.011890299959415707
3255,valid,Cc1csc(NC(=O)c2cc(Sc3nncn3C)ccc2N)n1,2.3,2.0760541090504443,-0.22394589094955553
2511,valid,OC(=O)COc1ccc(Cl)cc1CN2CCCN(CC2)S(=O)(=O)c3ccccc3,1.01,0.3980899873146275,-0.6119100126853725
1236,valid,CCn1c(C)c(C(=O)O)c(c2cccc(c2)N3CCN(CC3)c4ccc(NS(=O)(=O)c5ccc(N[C@H](CCN6CCC(O)CC6)CSc7ccccc7)c(c5)S(=O)(=O)C(F)(F)F)cc4)c1c8ccc(Cl)cc8,4.2,5.517517795830243,1.317517795830243
1317,valid,Cc1ccc(cc1)S(=O)(=O)Nc2c(C(=O)NCC(C)(C)C)c(C)nn2c3ccccc3,1.46,1.744774914103954,0.28477491410395395
1207,valid,CC(=O)Nc1ccc2ccn(c3cc(NCCN4CCCC4)n5ncc(C#N)c5n3)c2c1,2.24,2.802508808427785,0.562508808427785
1186,valid,CC1(CCC(=O)N1Cc2cccs2)C(=O)NC3CCCCC3,2.15,3.3307642173122565,1.1807642173122566
2686,valid,O[C@H](CNC(=O)c1cn2cc(F)ccc2n1)CN3CCC(CC3)Oc4ccc(Cl)c(Cl)c4,3.33,3.3620885192020147,0.03208851920201461
762,valid,CC[C@H](NC(=O)c1c([S+](C)[O-])c(nc2cc(CN(C)C)ccc12)c3ccccc3)c4ccccc4,2.75,2.691972077848332,-0.058027922151667966
2911,valid,Clc1ccc(OC2CCN(CC2)C3CCN(CC3)C(=O)NS(=O)(=O)c4ccccc4Cl)cc1Cl,1.93,1.3282743974610338,-0.6017256025389661
2651,valid,COCCOc1ccc(Nc2ncc3cc(ccc3n2)c4ccncc4)cc1,3.1,3.0550469472732145,-0.044953052726785625
1276,valid,Cc1nc2ncnn2c(O)c1CCOC(=O)c3ccccc3F,0.99,-0.25565684304624714,-1.2456568430462471
1886,valid,Cc1cnc(NS(=O)(=O)c2ccccc2)c(C)n1,-0.03,0.9118828635399039,0.9418828635399039
2006,valid,CCCSc1nc(ccc1C(=O)NC2CCCCC2)N3CCC[C@H](CC(=O)O)C3,2.18,2.1250375303104296,-0.054962469689570526
716,valid,CCN(CC)CCOC(=O)C1(CCCC1)c2ccccc2,2.3,1.2988528520331681,-1.0011471479668317
193,valid,CSc1ccc(cc1)N2C(=NC(=NC2(C)C)N)N,-0.84,0.8242200745416632,1.6642200745416633
3207,valid,CN[C@@H](C)C(=O)N[C@H](C(=O)N[C@H]1CCCN(C1)S(=O)(=O)Cc2ccccc2)C(C)(C)C,0.78,0.9817169758597208,0.20171697585972082
1681,valid,Fc1ccc(CNc2ncc(Br)c(Nc3cc([nH]n3)C4CC4)n2)cc1,4.28,4.087903304459644,-0.19209669554035624
1478,valid,Oc1ccc(cc1)C2=COc3cc(O)cc(O)c3C2=O,3.06,2.8461528091918864,-0.21384719080811365
1261,valid,Nc1ccc2ccccc2n1,1.7,1.9451598558994365,0.24515985589943656
1736,valid,CCCNC(=O)c1nnc2c(cccc2c1N)c3cncc(c3)C(=O)N4CCC4,2.79,2.0005911227953215,-0.7894088772046786
3723,valid,C[C@@H]1COCCN1c2cc(nc(n2)c3cccc4[nH]ccc34)C5(CC5)S(=O)(=O)C,2.7,2.8861193422629956,0.18611934226299542
3273,valid,CC1=CN(C2CCCN(Cc3cccc(Oc4ccc(Cl)cc4)c3)C2)C(=O)NC1=O,3.38,3.4427475600151283,0.06274756001512838
3871,valid,Oc1cc(O)c2C(=O)C(=COc2c1)c3ccc4OCOc4c3,3.5,2.8974880781465595,-0.6025119218534405
1671,valid,COc1c(N2CCNC(C)C2)c(F)cc3C(=O)C(=CN(C4CC4)c13)C(=O)O,-0.82,-0.30537168501324397,0.514628314986756
4142,valid,CCCSc1c(cnn1c2ccc(cc2)C(=O)O)C(=O)NC3CCCCC3,0.64,2.249685786521579,1.6096857865215788
3866,valid,CC[C@H](NC(=O)c1c([S+](C)[O-])c(nc2c(F)cccc12)c3ccccc3)c4ccccc4,2.84,3.358267874128991,0.5182678741289912
894,valid,O=S(=O)(Nc1nc(nn1Cc2ccccc2)c3ccccc3)c4ccccc4,1.25,2.6915589286226527,1.4415589286226527
3408,valid,COc1cc(CCc2cc(Nc3ccnc(NCc4onc(C)c4)n3)n[nH]2)cc(OC)c1,3.1,3.5410433435484636,0.44104334354846353
2673,valid,O=C1C=C(C=CN1c2ccc3c(cnn3CCN4CCCC4)c2)c5ccccc5,1.6,2.520259692691252,0.9202596926912521
2033,valid,Clc1ccc(cc1C(=O)NCCc2ccccc2)N3N=CC(=O)NC3=O,0.74,1.0666140344381434,0.3266140344381434
1811,valid,Cc1cc(CCCOc2c(C)cc(cc2C)c3noc(n3)C(F)(F)F)on1,3.63,2.535337568651638,-1.094662431348362
2037,valid,COc1ccccc1C(=O)Nc2nc3ccccc3[nH]2,2.9,3.742944258025656,0.8429442580256561
4029,valid,COCCC(NC(=O)C1(N)CCN(CC1)c2ncnc3[nH]ccc23)c4ccc(Cl)cc4,2.95,2.2612491878708867,-0.6887508121291135
1848,valid,C[C@H](CO)Nc1nc(SCc2cccc(F)c2F)nc3NC(=O)C=Nc13,3.1,2.1939466871232924,-0.9060533128767077
928,valid,Cn1cnc(c2ccccc2)c1C#Cc3ccnc(N)n3,2.94,0.31647099939910084,-2.6235290006008993
3106,valid,COc1c(C)c2COC(=O)c2c(O)c1C\C=C(/C)\CCC(=O)OCCN3CCOCC3,2.26,-0.2676594788901867,-2.5276594788901865
3349,valid,CCCCNc1ccc(cc1)C(=O)OCCN(C)C,2.11,0.9945877491929092,-1.1154122508070907
2220,valid,CCc1ccc(CCNCCCSCCNC[C@H](O)c2ccc(O)c3NC(=O)Sc23)cc1,0.86,0.4018283008786736,-0.4581716991213264
4145,valid,O=S(=O)(Nc1cccc2[nH]ncc12)c3cccs3,1.7,2.0543623892078986,0.35436238920789864
101,valid,C1Oc2ccccc2C3=NN(CC13)c4ccccc4,4.28,2.560480840753069,-1.7195191592469312
2329,valid,O=C1CCOc2nc(ccc12)C#CC3CCCCC3,3.3,1.6397344646521055,-1.6602655353478943
800,valid,COc1cccc(c1)c2cc(O)c3cc(NC(=O)C)ccc3n2,2.41,2.4226418614722025,0.012641861472202365
487,valid,CN(c1ccnc(Nc2cc(cc(c2)N3CCOCC3)N4CCCCC4)n1)c5cc(CO)ccc5C,4.2,3.4468654679995314,-0.7531345320004688
2599,valid,Nc1ccc(cc1)C2(CCCCC2)c3ccc(N)cc3,3.2,1.031026602939981,-2.168973397060019
1026,valid,CCN(C1CCN(CC[C@H](C2CCN(CC2)S(=O)(=O)C)c3cc(C)cc(C)c3)CC1)C(=O)Cc4ccc(cc4)S(=O)(=O)C,1.93,0.8103768325918734,-1.1196231674081265
2551,valid,CCN(c1ccnc(Nc2cc(cc(c2)N3CCOCC3)N4CCOCC4)n1)c5cc(CO)ccc5C,3.8,1.7384277091386113,-2.0615722908613883
517,valid,Cc1onc(n1)c2ccc(OCC3CN(C3)c4ccc(C)nn4)cc2,2.62,3.852194449988569,1.2321944499885689
1347,valid,CCC(=O)N[C@H]1CC[C@H](C1)C(=O)N(C)c2ccc(cc2)c3oc4ccccc4n3,3.4,4.673423499167468,1.273423499167468
4025,valid,CC(=O)Nc1ccc(CNc2[nH]nc3cccc(Oc4ccc(cc4)S(=O)(=O)C)c23)cc1,2.63,2.3223891392028873,-0.30761086079711264
305,valid,Fc1ccc(CN2CCN(CC2)C3=Nn4c(CC3)nnc4C(F)(F)F)cc1,2.8,3.2772214450513646,0.47722144505136477
3683,valid,NC1=CC2=NNC(=O)N2c3cc(ccc13)c4ccsc4,3.18,2.0284077442095794,-1.1515922557904208
937,valid,CC(NC(=O)c1c(C)nn(c1NS(=O)(=O)c2ccc(C)cc2)c3ccccc3)C(C)(C)C,1.21,1.252979584066219,0.042979584066219045
3512,valid,OC(c1ccccc1)c2cccnc2,1.72,0.5407697336394746,-1.1792302663605254
153,valid,NC(=O)Nc1cc(sc1C(=O)N)c2cccc(O)c2,2.21,2.8439338475016958,0.6339338475016958
3810,valid,CCNCc1cncc(n1)c2ccc(F)cc2OC,1.18,1.9398785657085673,0.7598785657085674
3086,valid,Clc1ccc2[nH]c(cc2c1)C(=O)N3CCNCC3,1.65,1.5410158796171394,-0.10898412038286054
3950,valid,COc1ccc(cc1)c2nc3c(NCCCNC(=O)C4(CN)CC4)c(Br)cnc3[nH]2,1.9,0.25346889835673814,-1.6465311016432618
3174,valid,CN1CCN(CC1)C2=Nc3ccccc3Oc4ccc(Cl)cc24,3.24,2.9001096411474023,-0.3398903588525979
150,valid,COc1ccc(c(OC)n1)c2c(F)ccc3c(N)c(nnc23)C(=O)NC4CC4,3.37,3.041381603583422,-0.3286183964165783
475,valid,COc1cccc(c1)C(=O)N2CCC(CC2)N3C(=O)Nc4ccccc34,2.65,1.574691009998922,-1.075308990001078
1378,valid,Clc1ccc(cc1)C2(CCC2)C(=O)Nc3oc(nn3)C(=O)Nc4ccc(cc4)N5CCOCC5,3.2,3.1285813197369072,-0.07141868026309295
4165,valid,CC1(CCN(CC1)C(=O)COCc2ccncc2)c3ccc(Cl)cc3,2.79,2.0105893225627427,-0.7794106774372573
253,valid,Cc1ccc2c(c1)c(c(C)n2CC(=O)O)c3ccnc4cc(Cl)ccc34,1.59,1.6655073465835462,0.07550734658354608
906,valid,Fc1ccc(cc1)n2cc(C3CCNCC3)c4cc(Cl)ccc24,2.4,2.593720075386672,0.1937200753866719
2249,valid,C[C@H](CO)Nc1nc(SCc2csc(C)n2)nc3NC(=O)Sc13,1.73,1.2205643620435636,-0.5094356379564364
3256,valid,C[C@@](CCc1ccc(cc1)c2ccc(Cl)cc2)(C(=O)NO)S(=O)(=O)C,2.4,3.498544154765053,1.0985441547650532
1068,valid,CN1CCN(CC1)C(=O)c2ccc(cc2)C(=C3CCN(Cc4cscn4)CC3)c5cccc6cccnc56,1.98,2.1750939605430313,0.1950939605430313
3159,valid,CN(C)CC(O)COc1ccc(Nc2nccc(Nc3ccccc3)n2)cc1,1.58,2.329084268966161,0.7490842689661608
2710,valid,COc1cc2ncnc(Nc3ccc(F)cc3)c2cc1OC,3.1,2.863321245122894,-0.2366787548771061
3334,valid,CC(NC(=O)C)c1ccc(Nc2ncc3cc(ccc3n2)c4ccncc4)cc1,3.1,3.078060310709908,-0.021939689290092268
2145,valid,C[C@H]1O[C@H]([C@H](O)[C@H]1Cl)n2cnc3c(N)nc(OCC4CC45CC5)nc23,3.68,2.3081538809498605,-1.3718461190501396
2852,valid,COc1ccc(NC(=O)CCc2c(C)nc3nc(C)nn3c2C)cc1,1.4,1.8438769745684924,0.4438769745684925
176,valid,CC1CC(CC(C)(C)C1)OC(=O)C(O)c2ccccc2,2.31,2.0598081102316343,-0.2501918897683657
3660,valid,N[C@@H](Cc1cccs1)C(=O)N[C@]2(C[C@H]2c3ccccc3)C#N,1.5,2.9111084071573434,1.4111084071573434
238,valid,CN1CCN(CC1)c2ncnc3c2sc4nc(C)cc(C)c34,3.2,4.327534193269827,1.1275341932698266
832,valid,CCN(CCO)CCCC(C)Nc1ccnc2cc(Cl)ccc12,0.77,1.6452000775496838,0.8752000775496838
2659,valid,COc1ccc(cc1)C(CNC(=O)Nc2ccccc2)N3CCN(C)CC3,1.5,2.7136824372611663,1.2136824372611663
2856,valid,COc1ccc(cc1C(=O)NCc2cccnc2)C(=O)NCc3cccnc3,1.23,1.6310642885290605,0.4010642885290605
1662,valid,CC(=O)Nc1nc(ns1)c2ccccc2,2.8,2.6888595230242713,-0.11114047697572849
733,valid,CC(C)C(CCCN(C)CCc1ccccc1)(C#N)c2ccccc2,3.6,3.4793990712111653,-0.12060092878883477
4054,valid,COc1cc(Nc2cc(Oc3ccc(C)nc3)ccn2)cc(OC)c1OC,3.21,4.451612062336354,1.2416120623363538
4157,valid,Cc1ccc(Oc2ccc(Nc3ncnc4[nH]nc(OCCN5CCC(O)CC5)c34)cc2Cl)cn1,3.4,2.8442286940287462,-0.5557713059712537
4112,valid,CCN(C1CCN(CCC(c2ccccc2)c3ccccc3)CC1)C(=O)NCc4ccc(F)cc4,3.9,4.273664183815516,0.3736641838155159
1334,valid,CC(C)CN1C(=O)N(C)C(=O)c2c1sc(Cc3ccccc3C(F)(F)F)c2C(=O)N4C[C@H](O)CO4,3.15,3.038396811786241,-0.11160318821375892
1661,valid,Clc1ccc(NC(=O)N2CCN(C[C@@H]3CCCN(Cc4ccccc4)C3)CC2)cc1Cl,4.26,3.5044146696759615,-0.7555853303240383
2474,valid,CC1CN(CCN1Cc2cc(Cl)ccc2OCC(=O)O)S(=O)(=O)c3ccccc3,0.69,0.5058621648869213,-0.18413783511307869
1773,valid,NC(=O)c1cnc(N[C@H]2CCCNC2)c3cc(sc13)c4ccc(F)cc4,2.01,1.8048448448550234,-0.2051551551449764
1805,valid,Clc1ccc(cc1Cl)C2=CSC3=NCCN23,1.54,3.562067603669246,2.022067603669246
3007,valid,CC(C)CN1C(=O)N(C)C(=O)c2c1sc(Cc3cncc4ccccc34)c2C(=O)N5CC[C@@H](O)C5,1.74,1.1738845698084823,-0.5661154301915177
3203,valid,O=C1CC2(CCCC2)CC(=O)N1CCCCN3CCN(CC3)c4ncccn4,2.19,1.7419143362724905,-0.44808566372750946
3840,valid,COC(=O)C1=C(C)NC(=C(C1c2ccccc2[N+](=O)[O-])C(=O)OCC(C)C)C,3.59,3.9036152934100006,0.3136152934100007
4191,valid,CCOC(=O)c1ccc(OCC2CN(C2)c3ccc(C)nn3)cc1,3.1,3.483521182830885,0.3835211828308851
2342,valid,Fc1ccc(CC2=NNC(=O)c3ccccc23)cc1C(=O)N4CCN(CC4)c5ccccn5,2.55,1.7966798924214773,-0.7533201075785225
104,valid,FC(F)c1nc2ccccc2[nH]1,2.02,2.3125577297844724,0.29255772978447236
2311,valid,CCS(=O)(=O)c1ccc(c(C)c1)c2cc(ccc2OCC(=O)O)C(F)(F)F,-0.45,-0.17119041784951294,0.27880958215048707
1420,valid,O=C1C=CN=C2C=CC=CN12,0.2,1.4711297520280346,1.2711297520280347
3269,valid,Oc1c2C(=O)N(NC(=O)c2nc3cc(Cl)ccc13)C(c4ccccc4)c5ccncc5,1.1,0.8449629901082281,-0.255037009891772
3188,valid,COc1ccccc1CN2C(C(=O)NC3CCC(C)CC3)c4ccccc4C2=O,3.74,2.299076603695662,-1.4409233963043384
1267,valid,Cc1nccc(c1Cl)c2ccc(cc2)c3nc4ccncc4c(O)c3C#N,2.0,1.563989989313093,-0.4360100106869069
1014,valid,CN[C@@H](C)[C@H](O)c1ccccc1,-1.15,1.0404973180243904,2.1904973180243905
3187,valid,COc1cccc(\C=C\2/SC(=O)NC2=O)c1N3CCC[C@@H](N)C3,1.27,1.4823920680100677,0.2123920680100677
1041,valid,Oc1ccc(CC(=O)c2ccc(O)cc2O)cc1,2.54,2.0380179069547135,-0.5019820930452865
1084,valid,C[C@H](NC(=O)Cc1cc(F)cc(F)c1)C(=O)NC2C(=O)N(C)c3ccccc3c4ccccc24,3.6,2.72036963630239,-0.8796303636976099
3053,valid,CCCOc1nc(ccc1C(=O)NC2CCCCC2)N3CCC[C@@H](CC(=O)O)C3,2.81,1.8465144711579524,-0.9634855288420476
2275,valid,Cc1nc2ncnn2c(O)c1CCOC(=O)c3c(F)cccc3F,0.16,-0.27011332887364503,-0.43011332887364506
491,valid,FC(F)(F)Oc1ccc(CNC(=O)C2N(CC3CC(F)(F)C3)C(=O)c4ccccc24)cc1,3.9,4.381192204529466,0.4811922045294659
2826,valid,CC1=C(C(=O)N(C[C@H](N)c2ccccc2)C(=O)N1Cc3c(F)cccc3F)c4ccc5OCOc5c4,2.67,3.925275003564254,1.255275003564254
1821,valid,Cc1ccn2c(c(C)nc2c1)c3ccnc(N)n3,2.39,0.6408456911054308,-1.7491543088945694
3521,valid,c1ccc2[nH]c(nc2c1)c3cscn3,2.35,2.3187187432750545,-0.03128125672494564
1086,valid,CC(=O)Nc1cccc(Nc2ncnc(n2)N3CCC(CC3)OCc4ccc(OC(F)(F)F)cc4)c1C,4.4,3.321223134119228,-1.0787768658807724
1847,valid,Cc1cc(NC(=O)c2ccccc2)n[nH]1,1.75,1.528844829906423,-0.221155170093577
2902,valid,Oc1ccc(CCNCCNS(=O)(=O)CCOCCCc2ccccc2)c3sc(O)nc13,2.22,1.81902404846563,-0.40097595153437027
4083,valid,CCOc1cc(ccc1NC(=O)CN2CCOCC2)c3cccc4C(=O)C=C(Oc34)N5CCOCC5,2.8,2.818015157869465,0.01801515786946517
1071,valid,OC(=O)c1ccccc1CN2CCC(CN3CCC(CC3)Oc4ccc(Cl)c(Cl)c4)CC2,2.48,1.7385705008726269,-0.7414294991273731
3924,valid,CCC[C@H](N1CCC[C@@H](C1)N2C=C(C)C(=O)NC2=O)c3ccc(C(=O)O)c(Oc4cccc(Cl)c4)c3,0.5,0.7875174811987729,0.28751748119877285
1058,valid,CCn1c(C)ncc1c2ccnc(Nc3ccc(cc3)S(=O)(=O)NCCOC)n2,2.44,2.2839008001856738,-0.15609919981432618
2124,valid,CS(=O)(=O)c1ccc(s1)C(=O)NC[C@@H](O)CN2CCC(CC2)Oc3ccc(Cl)c(Cl)c3,2.86,2.500516301517534,-0.3594836984824661
1444,valid,CC(C)n1c(C)ncc1c2ccnc(Nc3ccc(cc3)N4CCN(CC4)C(=O)C)n2,2.39,2.5997060006925565,0.2097060006925564
2753,valid,O=C1COc2ccc(CNC3CCN(CCN4C(=O)COc5ccc(cc45)c6occc6)CC3)nc2N1,2.19,1.450845414433585,-0.739154585566415
199,valid,Clc1cccc(c1Cl)n2nnnc2NCc3ccccc3Oc4ccccn4,3.62,4.258578096226085,0.6385780962260847
1046,valid,CC(=O)NC[C@H]1CN(C(=O)O1)c2ccc(c(F)c2)n3ccc(c3)C#N,1.6,1.426735161184478,-0.17326483881552202
2910,valid,COc1ncc(cc1NS(=O)(=O)c2ccc(F)cc2F)c3ccc4nccc(c5ccnnc5)c4c3,2.5,1.9664332009765437,-0.5335667990234563
1464,valid,C(=C\c1c(nc2sccn12)c3ccccc3)/c4ccncn4,3.4,3.405639004601176,0.0056390046011762784
2715,valid,CCOc1cc(Nc2nc3c(cc2F)ncn3[C@@H](CO)c4ccc(F)cn4)n[nH]1,2.55,2.014860620277258,-0.5351393797227417
2661,valid,COc1ccc(NC(=O)c2ccc(c(C)c2)c3ccncc3)cc1N4CCN(C)CC4,2.56,2.7642989464947445,0.20429894649474445
760,valid,OCC[C@@]1(CCCNC1)c2oc3ccccc3c2,0.12,0.3347743212314309,0.21477432123143092
3956,valid,OC(C(=O)c1ccccc1)c2ccccc2,2.13,2.8671135483643515,0.7371135483643516
2696,valid,CCn1c(SCC(=O)Nc2c(cnn2c3ccccc3)C#N)nnc1c4cccs4,2.1,2.0931646864757156,-0.006835313524284459
1275,valid,NS(=O)(=O)c1cc2c(NC(NS2(=O)=O)C(Cl)Cl)cc1Cl,0.37,1.4736948627342206,1.1036948627342205
401,valid,CN[C@@H](C)C(=O)N[C@@H](C1CCCCC1)C(=O)N[C@H]2CCN(CCc3ccccc3)C2,1.65,1.350157299178328,-0.29984270082167197
3912,valid,C(C1NCCc2ccccc12)c3ccccc3,1.89,1.813249150319742,-0.0767508496802578
1284,valid,Cc1ccc(cc1)c2csc3ncnc(O)c23,2.59,2.334803761054871,-0.2551962389451288
334,valid,COc1cc2ncnc(Nc3cc(NC(=O)c4ccnc(c4)N5CCOCC5)ccc3C)c2cc1OCCN6CCCC6,2.7,3.005135904929904,0.30513590492990383
4082,valid,COc1cc(ccc1NC(=O)CN2CCOCC2)c3cccc4C(=O)C=C(Oc34)N5CCOCC5,2.3,2.768524101351167,0.4685241013511674
1966,valid,OC(=O)[C@H](N1CCC(CN2CCC(CC2)Oc3ccc(Cl)c(Cl)c3)CC1)c4ccccc4,2.14,2.115562150372972,-0.024437849627028108
3629,valid,COc1ccc2nc(C)cc(OCC(=O)NCc3ccccc3)c2c1,3.2,3.399622080377942,0.19962208037794182
2591,valid,CC(C)(C)OC(=O)N1CCN(CC1)c2cnc(OCc3ccc(cc3)S(=O)(=O)C)cn2,3.4,3.0427482181195478,-0.35725178188045215
592,valid,O=C(Nc1ccccc1)c2oc3ccccc3c2,3.44,2.8785050955483196,-0.5614949044516804
2823,valid,CCOC(=O)\C=C\[C@H](C[C@@H]1CCNC1=O)NC(=O)[C@H](CC#C)N2C=CC=C(NC(=O)c3cc(C)on3)C2=O,1.75,0.7295449939571759,-1.0204550060428241
1619,valid,COc1ccnc(c1)N(C)c2ccnc(Nc3cc(cc(c3)N4CCOCC4)N5CCOCC5)n2,2.23,3.1451354431700254,0.9151354431700254
1582,valid,O=S(=O)(NCC(N1CCCCCC1)c2ccccc2)c3cccnc3,2.1,2.4386360769824615,0.33863607698246145
1087,valid,CC(O)(C(=O)Nc1ccc(cc1)S(=O)(=O)c2ccc(F)cc2)C(F)(F)F,3.12,2.848521231666936,-0.27147876833306395
2526,valid,N[C@H](CNC(=O)c1cc2c(cccc2[nH]1)c3ccccc3Cc4ccccc4)C(=O)O,3.25,2.660222885667876,-0.589777114332124
4179,valid,CCNC(=O)Nc1nc2cc(ccc2[nH]1)c3cccnc3,2.34,1.562775328457664,-0.7772246715423359
1888,valid,CC(C)C(NC(=O)CN1C(=O)C(=CC=C1c2ccccc2)NC(=O)Cc3ccc(cc3)C(=O)O)C(=O)C(F)(F)F,0.35,0.7593615949121619,0.40936159491216195
1722,valid,Clc1ccccc1CNC(=O)c2cccnc2Oc3ccccc3,3.68,2.928678695761152,-0.7513213042388482
553,valid,COc1ccc(c(C)n1)c2cccc3c(N)c4C(=O)N(Cc4nc23)C5CCC5,3.92,2.7206120767762356,-1.1993879232237643
76,valid,Cc1cc(CCC2CCN(CC2)S(=O)(=O)CC3(CCOCC3)N(O)C=O)c(C)cn1,1.43,1.7055945501412964,0.2755945501412964
3394,valid,CC(C)CC1(CC=C)C(=O)NC(=O)NC1=O,1.48,2.2046609687000744,0.7246609687000745
1766,valid,CC(NC(C)(C)C)C(=O)c1cccc(Cl)c1,2.12,2.631142784872723,0.5111427848727228
2909,valid,CN(C)CCN(Cc1ccccc1)c2ccccn2,1.28,1.0176691917725251,-0.2623308082274749
669,valid,CS(=O)(=O)c1ccc(cc1)N2CCN(CC2)C(=O)[C@@H]3CCCC[C@H]3C(=O)NCC#N,0.67,1.1400122994639055,0.47001229946390544
3608,valid,COc1ccc(cc1Cl)C(=O)NCCN2CCN(Cc3ccc(Cl)c(Cl)c3)CC2,3.74,2.2341833403540456,-1.5058166596459546
2559,valid,COc1cc(Nc2cc(Oc3cc(C)c(C)nc3c4ccccn4)ccn2)cc(OC)c1OC,3.22,3.4028535430279407,0.18285354302794055
138,valid,COc1ccc(cc1)C2=CC(=O)c3ccccc3N2,2.71,3.065591923042582,0.3555919230425819
4187,valid,CN1CCC[C@@H]([C@H]1C(=O)Nc2ccc(OCc3cc(C)nc4ccccc34)cc2)C(=O)NO,2.41,0.9646345524972628,-1.4453654475027373
111,valid,COc1cc(OC)c(cc1NC(=O)CCC(=O)O)S(=O)(=O)N(c2ccc(C)cc2)c3ccc(C)cc3,0.06,-0.29770312387966325,-0.35770312387966324
787,valid,CN(C)CCNCc1ccc(Nc2ncc3cc(ccc3n2)c4ccncc4)cc1,1.4,1.5673924858863355,0.1673924858863356
1096,valid,Nc1cccc2C(=O)C(=O)c3ccccc3c12,2.31,1.997277866741943,-0.312722133258057
3638,valid,COc1c(cc2ccccc2c1C(=O)N(C)C[C@@H](CCN3CCC(CC3)c4ccc(O)cc4[S+](C)[O-])c5ccc(Cl)c(Cl)c5)C#N,3.5,3.820554865809096,0.320554865809096
2597,valid,C(Nc1ncnc2ccccc12)c3ccccc3,3.21,2.9239383212390804,-0.2860616787609196
556,valid,C[C@H]1CN(Cc2cc(Cl)ccc2OC(C)(C)C(=O)O)CCN1S(=O)(=O)c3ccccc3,0.54,2.535730224766228,1.9957302247662279
21,valid,Clc1ccc(cc1)C(=O)Nc2oc(nn2)C(=O)Nc3ccc(cc3)N4CCOCC4,1.92,2.469307960452477,0.5493079604524769
1293,valid,Nc1nc(ns1)c2ccccc2,2.2,2.2166395189584955,0.01663951895849536
1724,valid,Cc1cc(OCCCS(=O)(=O)C)cc(C)c1c2cccc(COc3ccc4[C@H](CC(=O)O)COc4c3)c2,2.3,3.1905289235620993,0.8905289235620995
2866,valid,Fc1cc2N=CNC(=O)c2cc1F,1.5,0.5791453799994577,-0.9208546200005423
2029,valid,Cc1c(CC(=O)O)c2cc(F)ccc2n1S(=O)(=O)c3ccc(cc3)S(=O)(=O)C,-0.44,0.07123642168434241,0.5112364216843424
1331,valid,CO[C@@H]1CN(CCN2C(=O)C=Nc3ccc(OC)cc23)CC[C@H]1NCc4ccc5OCC(=O)Nc5n4,0.97,0.5783234570452678,-0.3916765429547322
3485,valid,Cc1cc(Cl)ccc1OC2CCN(C[C@H](O)CNC(=O)C3=CNC(=O)C=C3C(F)(F)F)CC2,2.37,2.9178181374017655,0.5478181374017654
2956,valid,Cc1ccc(cc1)S(=O)(=O)NC(=O)N2CCC(CC2)N3CCC(CC3)Oc4ccc(Cl)c(C)c4Cl,2.2,2.14220029845761,-0.057799701542390114
436,valid,O=C(NC1(CC1)C#N)[C@@H]2CCCC[C@H]2C(=O)N3CCc4oc5ccccc5c4C3,3.01,2.8566221562718432,-0.15337784372815655
293,valid,COc1cc2ncn(c3cc(OCc4ccccc4C(F)(F)F)c(s3)C(=O)O)c2cc1OC,0.84,3.8539317114160694,3.0139317114160695
4098,valid,CN(C1CCCCC1)C(=O)c2c(C)nn(c2NS(=O)(=O)c3ccc(C)cc3)c4ccccc4,1.69,2.5528883481466216,0.8628883481466216
4008,valid,Clc1ccc2OCOc2c1Nc3ncnc4cc(OCCCN5CCCC5)cc(OC6CCOCC6)c34,2.3,3.0682267347839547,0.7682267347839549
3646,valid,CN(C)C(=O)[C@H](Cc1ccccc1)NC(=O)c2cc3sccc3[nH]2,3.1,2.803653393002235,-0.29634660699776516
133,valid,[O-][N+](=O)c1ccc2OC(CN(c2c1)c3cccc[n+]3[O-])(C(F)F)C(F)F,3.2,2.9706689323891795,-0.22933106761082067
1914,valid,CCCc1cc(cc(OC)c1OC)C2=N[C@H](CO2)C(=O)NO,1.69,0.702175387439465,-0.987824612560535
2544,valid,Oc1c2C(=O)N(NC(=O)c2nc3cc(Cl)ccc13)C(C4CC4)c5ccccn5,1.0,0.48495028044311406,-0.5150497195568859
812,valid,C[C@H](NC(=O)c1c(C)nn(C2CCN(C)CC2)c1NS(=O)(=O)c3ccc(C)cc3)C(C)(C)C,0.8,0.18414046301761888,-0.6158595369823812
155,valid,COC(=O)C1=Nc2c(N[C@H](C)CO)nc(SCc3cccc(F)c3F)nc2NC1=O,2.49,4.567445654018467,2.077445654018467
3998,valid,CC(C)NC(=O)c1ccc2c(Nc3ccc(Cl)cc3)nc(nc2c1)N4CCOCC4,2.78,3.2557995057662206,0.47579950576622076
310,valid,COc1ccnc(CCc2nc3cc(Br)cnc3[nH]2)c1,2.92,2.232800049582017,-0.6871999504179831
880,valid,OC(=O)c1cccnc1N2CCC(CN3CCC(CC3)Oc4ccc(Cl)c(Cl)c4)CC2,1.71,2.1225695148812638,0.4125695148812638
2488,valid,CCC(Oc1ccc(cc1c2ccc(cc2C)S(=O)(=O)CC)C(F)(F)F)C(=O)O,0.31,1.6258590697687931,1.315859069768793
1951,valid,COc1cc2ncc(C(=O)N)c(Nc3cccc(F)c3F)c2cc1OC,2.82,2.610314699670968,-0.20968530032903177
2520,valid,CN1CCN(CC1)C(=O)c2cc3cc(F)ccc3[nH]2,1.97,1.9889926126835304,0.018992612683530474
1279,valid,CC(C)C[C@H](NC(=O)N1CCOCC1)C(=O)NCC#N,0.08,2.307691917447903,2.227691917447903
903,valid,O=C1C(=O)c2ccccc2c3ccccc13,2.6,2.36106128929101,-0.23893871070898998
2052,valid,Cc1nc(cs1)C(=O)N2CCOC3(CCN(Cc4ccc(Cl)cc4)CC3)C2,2.17,2.6024978697179586,0.43249786971795867
1380,valid,COCCN(C)Cc1ccc(Nc2ncc3cc(ccc3n2)c4ccncc4)cc1,2.65,3.639559982879968,0.9895599828799679
1621,valid,Oc1oc(c2ccccc2)c(n1)c3ccccc3,3.42,2.406065708402121,-1.013934291597879
2531,valid,O=C(CC1CCCCCC1)Nc2cccc3C(=O)N(C=Cc23)[C@H]4CCNC4,1.15,2.36226375699305,1.2122637569930501
267,valid,N#CC[C@H](C1CCCC1)n2cc(cn2)c3ncnc4[nH]ccc34,2.55,2.341853693958986,-0.20814630604101403
2188,valid,Nc1[nH]nc2cccc(Cl)c12,1.92,1.6578506460976588,-0.2621493539023412
2165,valid,Cc1ccccc1C[C@H](N2CCC(CN3CCC(CC3)Oc4ccc(Cl)c(Cl)c4)CC2)C(=O)O,2.54,2.628677812525658,0.08867781252565798
2416,valid,Cc1ccc(C[C@H](N2CCC(CN3CCC(CC3)Oc4ccc(Cl)c(Cl)c4)CC2)C(=O)O)cc1,3.01,2.6117281661679783,-0.39827183383202147
1401,valid,CC[C@H](NC(=O)c1c([S+]([O-])CC)c(nc2ccccc12)c3ccccc3)c4ccccc4,3.45,3.5847305720334015,0.13473057203340133
818,valid,CCCSc1c(cnn1c2ccc(cc2)C(=O)O)C(=O)N(C)C3CCCCC3,0.59,3.37103732667023,2.78103732667023
2101,valid,CN1CCN(CC1)c2ccc3N=CN(C(=O)c3c2)c4cc(ccc4C)C(=O)Nc5ccon5,1.87,2.4122156437276825,0.5422156437276824
1191,valid,Nc1nc(SCc2ccccc2)nc3c1ncn3[C@@H]4O[C@H](CO)[C@@H](O)[C@H]4O,1.24,1.0167450276942511,-0.22325497230574887
2796,valid,Oc1ccc(CCc2ccc(O)cc2)cc1,3.3,1.9664057991548956,-1.3335942008451043
4126,valid,O=C(CN1CCOCC1)Nc2ccc(cc2OCC3CC3)c4cccc5C(=O)C=C(Oc45)N6CCOCC6,3.3,2.856349169089233,-0.44365083091076674
445,valid,CC(C)C[C@H](CO)Nc1nc(SCc2ccccc2F)nc3nc(N)sc13,4.5,4.478292238801858,-0.021707761198141995
1944,valid,CC(C)C(NC(=O)CN1C(=O)C(=CC=C1c2ccccc2)NS(=O)(=O)C(F)(F)F)C(=O)C(F)(F)F,1.01,2.046331537163545,1.036331537163545
284,valid,COc1ccccc1c2nnc(N)[nH]2,0.91,1.1789192738218999,0.26891927382189984
4024,valid,Cc1ccc(cc1)c2nnc(N3CCN(CC3)C(=O)c4occc4)c5ccccc25,3.78,3.683788191254239,-0.09621180874576085
42,valid,NC(=NC#N)c1sc(Nc2ccccc2)nc1N,2.91,1.9312963587150547,-0.9787036412849455
803,valid,O=C(N[C@H]1CN2CCC1CC2)c3ccc(s3)c4ccccn4,0.7,0.9324712730115943,0.23247127301159431
2363,valid,OC(=O)[C@H](Cc1ccc(OCCNc2ccccn2)cc1)NC(=O)c3c(Cl)cccc3Cl,-0.48,0.15076312825104798,0.630763128251048
2835,valid,CCN1CCC[C@H]1CNC(=O)c2cc(ccc2OC)S(=O)(=O)N,-0.84,-0.6898998093530819,0.15010019064691804
1632,valid,CCNC1=Nc2ccccc2C(=NC1c3cccs3)c4ccccc4,3.98,2.961730072386201,-1.0182699276137992
371,valid,Oc1ccc(cc1)C2=CC(=O)c3ccc(O)cc3O2,3.2,2.7996979870739387,-0.4003020129260615
2000,valid,Fc1ccc(Nc2oc(nn2)C(=O)Nc3ccc(nc3)N4CCOCC4)cc1,3.0,2.7163862561844496,-0.2836137438155504
4134,valid,C[C@@H]1CC[C@H](CC1)Oc2nc(N)c3ncn([C@@H]4O[C@H](C)[C@@H](O)[C@H]4O)c3n2,2.35,1.313736077092023,-1.036263922907977
3005,valid,CCn1cnc2cnc(c3ccc(cc3)C4(N)CCC4)c(c5ccccc5)c12,2.0,1.4478733675424218,-0.5521266324575782
3431,valid,CN(C(=O)C)c1ccccc1,1.1,1.0543504317039916,-0.045649568296008525
2667,valid,Nc1ncnc(Nc2ccccc2)n1,1.4,2.578613240704581,1.178613240704581
2257,valid,Cc1ccc(CN2C(=O)CCSc3ccc(Cl)cc23)cc1,3.7,3.0329607095140907,-0.6670392904859095
230,valid,OC(=O)[C@H](Cc1ccccc1)N2CCC(CN3CCC(CC3)Oc4ccc(Cl)c(Cl)c4)CC2,2.5,2.458033303637628,-0.04196669636237216
4092,valid,CN(C)CC(O)COc1ccc(Nc2nccc(Nc3cc(C)ccc3F)n2)cc1,2.1,2.140376951707631,0.040376951707631115
2711,valid,C[C@H](Nc1nc(Nc2ncc(C#N)s2)cc(n1)N3CCOCC3)c4ccc(F)cn4,3.45,2.7619813769236674,-0.6880186230763328
227,valid,Cc1cc(OC2CCN(CC3CCN(CC3)[C@@](C)(Cc4ccc(F)cc4)C(=O)O)CC2)ccc1Cl,2.08,2.9807937024558924,0.9007937024558923
2704,valid,COc1cc(ccc1Cc2c[nH]c3ccc(NC(=O)CC4CCCC4)cc23)C(=O)NS(=O)(=O)c5ccccc5C,2.0,3.1006115927194586,1.1006115927194586
2983,valid,CC1=C(C(=O)N(C[C@H](N)c2ccccc2)C(=O)N1Cc3c(F)cccc3F)c4ccccc4F,2.76,3.3383847316399047,0.5783847316399049
1957,valid,O=C(NC1(CC1)C#N)[C@@H]2CCCC[C@H]2C(=O)N3CCc4[nH]c5ncccc5c4C3,2.13,2.722510663219751,0.592510663219751
2241,valid,CCCc1nc2c(N)nc3ccccc3c2s1,4.09,3.014967866689609,-1.075032133310391
3452,valid,Cn1cnc2cc(OC(=O)c3ccccc3)cnc12,2.4,1.8865437535939824,-0.5134562464060175
3113,valid,Cc1sc2ncnc(SCC(=O)N3CCCC3)c2c1C,2.89,1.8515407025555393,-1.0384592974444609
3455,valid,Oc1ccc(cc1)C2CC(=O)c3c(O)cc(O)cc3O2,2.6,3.484350368695039,0.8843503686950389
2281,valid,Nc1nc(NCc2ccccc2)nc3c1nc(O)n3Cc4ccccc4,3.69,3.0967002818602163,-0.5932997181397837
1840,valid,OCC(CO)CN1C(=O)C(Cc2ccccc12)NC(=O)c3cc4cc(Cl)sc4[nH]3,3.56,3.3866415215413106,-0.17335847845868946
3215,valid,C[C@@H]1CN(CCN1c2ncc(OCc3ccncc3C#N)cn2)c4noc(n4)C(F)F,2.85,3.057539669358641,0.2075396693586411
398,valid,CCc1[nH]nc(NC(=O)Cc2ncc(Oc3ccnc4cc(OC)c(OC)cc34)cc2OC)c1C,2.79,3.4891335617720616,0.6991335617720615
3179,valid,NC(=O)c1cccnc1Oc2ccccc2,1.13,1.1493174676115858,0.019317467611585926
1698,valid,Cc1nc(N)c2nc(O)n(Cc3ccccc3)c2n1,2.04,2.423940513498291,0.38394051349829095
2993,valid,Clc1ccc2N(C3CCN(CCCN4C(=O)Nc5ccccc45)CC3)C(=O)Nc2c1,3.45,3.761255487819842,0.3112554878198419
2407,valid,OCC(O)CN1CCN(CC1)c2ccccc2,0.4,1.130241754586916,0.7302417545869159
3896,valid,CNS(=O)(=O)c1ccc(Nc2nccc(n2)c3cnc4cccnn34)cc1,2.8,2.3835053177036647,-0.41649468229633513
599,valid,CCC(C)NC(=O)c1c(C)nn(c1NS(=O)(=O)c2ccc(C)cc2)c3ccccc3,0.66,0.7088497793547592,0.048849779354759204
1229,valid,Cc1oc(cc1)c2ccc(cc2F)S(=O)(=O)N3CCC[C@H]3C(=O)N4CC[C@@H](N)C4,1.2,1.1062951759102038,-0.09370482408979619
3791,valid,CCc1nn(C2CCCC2)c3c1CCn4c(nnc34)c5cccs5,3.6,2.4721890822834065,-1.1278109177165936
1537,valid,Cc1ccc(Oc2ccnc(Nc3ccc(cc3)S(=O)(=O)N)c2)c(C)n1,2.47,2.6482632128532773,0.17826321285327706
3274,valid,CCCCCOC(=O)NC1=NC(=O)N(C=C1F)[C@@H]2O[C@H](C)[C@@H](O)[C@H]2O,0.67,1.8014393383849105,1.1314393383849106
1853,valid,NC1=CC2=NNC(=O)N2c3cc(ccc13)c4cccs4,3.26,2.2814412792452656,-0.9785587207547342
3772,valid,CC1=C2C(=CC(=O)N1Cc3ccccn3)NN(C2=O)c4ccccc4Cl,0.2,0.31814386242100356,0.11814386242100355
3639,valid,CN1C(=O)N(C)c2ncn(C)c2C1=O,-0.03,0.24980972258035727,0.2798097225803573
1488,valid,Cc1nc(C)c(nc1C(=O)N)c2ccc(cc2)C34CCC(CC(=O)O)(CC3)CC4,1.6,0.3729787290408022,-1.2270212709591979
3262,valid,C[C@H]1O[C@H]([C@H](O)[C@@H]1O)n2cnc3c(N)nc(OC4CC5CC5C4)nc23,1.66,1.8755200933676792,0.2155200933676793
3852,valid,OC(=O)c1cncc(c1)c2ccc(Cl)c(c2)C(=O)NCC34CC5CC(CC(C5)C3)C4,0.85,1.770229524780084,0.9202295247800841
2763,valid,Cc1cc(C)n(n1)c2cccc(Cl)c2C#N,3.0,2.9711076543734967,-0.028892345626503335
2946,valid,Clc1ccc(cc1)c2oc(cc2)C(=O)Nc3ccc(cc3)N4CCNCC4,2.4,2.8196573370549762,0.4196573370549763
2364,valid,CC(C)(C)OC(=O)N1CCC(CC1)c2ncc(OCc3ccc(cc3)S(=O)(=O)C)cn2,2.8,2.816052917583339,0.016052917583339266
4010,valid,CC1=CN([C@H]2CCCN(C2)S(=O)(=O)c3ccc(C(=O)O)c(Oc4ccc(Cl)c(Cl)c4)c3)C(=O)NC1=O,-0.87,0.02347155495178166,0.8934715549517817
206,valid,CC(C)C(NC(=O)CN1C(=O)C(=CC=C1c2ccccc2)NS(=O)(=O)N)C(=O)C(F)(F)F,1.17,1.2475376682464474,0.07753766824644748
1900,valid,COc1ccc(OC(F)(F)F)cc1CN[C@H]2CCCN[C@H]2c3ccccc3,2.9,2.8809504904616574,-0.0190495095383425
635,valid,FC(F)Oc1ccc(cc1OCC2CC2)C(=O)Nc3c(Cl)cncc3Cl,3.95,1.9288214165948785,-2.0211785834051215
1251,valid,CC(C)n1c(C)ncc1c2ccnc(Nc3ccc(cc3)S(=O)(=O)CCCN4CCOCC4)n2,2.43,2.493388865402925,0.06338886540292465
3966,valid,COc1cc(nc2c(cc(F)cc12)N3CCN(C)CC3)C(=O)Nc4ccc(cc4)N5CCOCC5,3.85,3.294584631262791,-0.5554153687372092
1522,valid,CCOC(=O)c1ccc(CCN2CCN(CC2)c3ccc(C)nn3)cc1,2.58,2.8438532795580587,0.2638532795580586
2219,valid,OC(CN1CCCCC1)(C(=O)c2ccccc2)c3ccccc3,3.41,1.600913557083526,-1.8090864429164741
2279,valid,CCN1C(=O)NC(C1=O)c2ccccc2,1.0,1.6034566693385273,0.6034566693385273
2056,valid,COc1cc2ncnc(Nc3cccc(Cl)c3F)c2cc1CN4CCC[C@@H]4C(=O)N,3.58,3.054631205068967,-0.5253687949310333
3666,valid,O[C@H](CNC(=O)c1c[nH]nc1C2CC2)CN3CCC(CC3)Oc4ccc(Cl)c(Cl)c4,3.15,3.4052561931363634,0.2552561931363635
738,valid,CS(=O)(=O)c1ccc2c3CN(CCc3[nH]c2c1)C(=O)[C@@H]4CCCC[C@H]4C(=O)NC5(CC5)C#N,1.5,2.0766986086945973,0.5766986086945973
2574,valid,COc1ccc2nc3ccccc3c(N)c2c1,1.0,1.3042979176328435,0.30429791763284353
1504,valid,CCCC1=CC(=O)NC(=S)N1,0.7,0.9557072187308504,0.25570721873085045
3532,valid,O=C1O[C@]2(CN3CCC2CC3)CN1c4cccs4,0.9,0.7646262639760875,-0.13537373602391256
2933,valid,CONC(=O)c1cnc(s1)N2CCC(CC2)NC(=O)c3[nH]c(C)c(Cl)c3Cl,3.1,0.5382870995752813,-2.5617129004247188
175,valid,Cc1nc2ccc(Cl)cn2c1c3ccnc(N)n3,2.49,1.716544695204361,-0.7734553047956392
1571,valid,CCN1CCN(CC(=O)Nc2ccc(c3cccc4C(=O)C=C(Nc34)N5CCOCC5)c6sc7ccccc7c26)CC1,2.6,2.834606488717529,0.23460648871752898
2979,valid,CC(=O)C1=C(C)c2cnc(Nc3ccc(cn3)N4CCNCC4)nc2N(C5CCCC5)C1=O,0.8,2.1842818155227373,1.3842818155227372
771,valid,CC(C)[C@H](N(CCCN)C(=O)c1ccc(C)cc1)C2=Nc3cc(Cl)ccc3C(=O)N2Cc4ccccc4,2.88,1.7310639201135,-1.1489360798864998
2540,valid,C[C@@H](Oc1ccc(SCCCCCc2ccccc2)cc1)C(=O)c3nc(C)c(CCCC(=O)O)s3,3.58,2.2506277564926975,-1.3293722435073025
3717,valid,COc1ccc(OC)c(c1)c2c(F)ccc3c(N)c(nnc23)C(=O)NC4CC4,3.47,3.6538388024241497,0.18383880242414952
2265,valid,COc1cc2ncnc(Nc3cc(NC(=O)c4cccc(c4)N5CCOCC5)ccc3C)c2cc1OC,3.6,3.3924239300168066,-0.20757606998319345
1553,valid,NC(=O)c1c(NC(=O)NCCCCN2CCCC2)snc1OCc3c(F)cc(Br)cc3F,2.5,0.9259402381526354,-1.5740597618473646
824,valid,Cc1cc(O[C@H]2C[C@H]3CC[C@@H](C2)N3Cc4ccccc4)cc(c1)C(=O)N,2.08,2.27320120029623,0.19320120029623
2069,valid,COc1ccc2C(=NC(=O)N(CCN3CCC(CC3)NCc4cc5OCCOc5cn4)c2c1)C,0.29,0.7240047032007311,0.4340047032007311
501,valid,Cc1c(Sc2ccc(Cl)cc2)c3cc(Cl)ccc3n1CC(=O)O,2.87,1.8700297669430384,-0.9999702330569618
947,valid,CCN1CCOc2cc(COc3ccccc3)cnc12,3.7,3.266374456792711,-0.4336255432072891
1360,valid,Clc1cnc(cc1C(=O)NCC23CC4CC(CC(C4)C2)C3)N5CCNCC5,2.09,1.2934865304129388,-0.796513469587061
172,valid,Cc1ccc2c(c1)c(c(C)n2CC(=O)O)c3ccnc4ccc(cc34)C(F)(F)F,1.78,1.5922886591091334,-0.1877113408908666
680,valid,O=C(NC1(CC1)C#N)[C@@H]2CCCC[C@H]2C(=O)N3CCN(CC3)c4ccccc4,1.99,2.263566971405414,0.27356697140541386
2443,valid,COc1ccc(cc1)N2CCN(CC2)C(=O)[C@@H]3CCCC[C@H]3C(=O)NC4(CC4)C#N,1.74,2.064824574533793,0.3248245745337932
1801,valid,Cn1cc(nc1c2c3C(=O)N(CC=C)C(=O)N(CC4CC4)c3nn2Cc5ccnc6ccc(Cl)cc56)C#N,3.92,4.101525809060938,0.18152580906093796
3393,valid,Cc1cc(Nc2nc(NCc3ccccn3)ncc2Br)n[nH]1,2.8,2.403983124243054,-0.396016875756946
1154,valid,OC(=O)c1ccc2c(c1)nc(Nc3cccc(Cl)c3)c4ccncc24,1.29,0.9221021147236466,-0.3678978852763535
1249,valid,OC(=O)c1c(C#N)c2ccccc2n1Cc3ccc(Cl)c(Cl)c3,1.26,3.7958922085466016,2.535892208546602
1400,valid,CC(C)C(NC(=O)CN1C(=O)C(=CC=C1c2ccccc2)NC(=O)NCc3cccnc3)C(=O)C(F)(F)F,2.84,2.0909781211911413,-0.7490218788088585
3673,valid,CN[C@@H](C)C(=O)N[C@@H](C1CCCCC1)C(=O)N[C@H]2CCCN(Cc3ccccc3)C2,2.01,2.204666556703873,0.194666556703873
3312,valid,OC(=O)c1cc2cc(ccc2n1Cc3ccc(Cl)c(Cl)c3)C(F)(F)F,3.07,2.685528845011498,-0.38447115498850204
3470,valid,Cc1cccc(NC(=O)NCC(N2CCOCC2)c3cccnc3)c1,2.0,2.850586272301163,0.8505862723011628
1609,valid,CCOC(=O)c1ccc(OCCC2CN(C2)c3ccc(C)nn3)cc1,3.22,3.7939831185333968,0.5739831185333966
1858,valid,NC(=O)N(c1ccc(C(=O)N)c(n1)c2ccc(F)cc2F)c3c(F)cccc3F,1.6,2.1955808187331547,0.5955808187331546
2183,valid,C1CN(CCO1)c2cc(Nc3nccc(Nc4cccc5[nH]ncc45)n3)cc(c2)N6CCOCC6,3.05,2.830770012817238,-0.21922998718276165
3792,valid,CCCN1CCC(CC1)Oc2nccc(Nc3cc(NC(=O)c4cccc(c4)N5CCOCC5)ccc3C)n2,2.6,2.9872389675679036,0.38723896756790355
3509,valid,CCOc1cccc2c3CN(CCc3[nH]c12)C(=O)[C@@H]4CCCC[C@H]4C(=O)NC5(CC5)C#N,3.1,2.9440887277788725,-0.15591127222112755
2147,valid,CCS(=O)(=O)c1ccc(c(F)c1)c2cc(Cl)ccc2OCC(=O)O,-0.92,-0.5843573857262729,0.3356426142737271
2419,valid,OC(=O)CSc1c[nH]c2ccccc12,-1.31,0.9357051060311703,2.2457051060311706
3698,valid,Clc1ccc2Oc3ccccc3N=C(N4CCNCC4)c2c1,2.28,1.4645087184885477,-0.8154912815114521
2158,valid,CCn1cc(NC(=O)Cc2ccc(Oc3ccnc4ccc(F)cc34)cc2OC)cn1,3.88,3.8153328883034767,-0.06466711169652317
2722,valid,COc1cc2ncc(C(=O)N)c(Nc3cccc(Cl)c3Cl)c2cc1OC,3.4,3.8323737854862863,0.43237378548628635
462,valid,CC(=O)Nc1ccc2CCN(c3cc(NC4CC4)n5ncc(C#N)c5n3)c2c1,3.3,1.674509249440849,-1.625490750559151
2484,valid,NC(=O)c1sc2nccc(Nc3ccccc3)c2c1N,2.91,2.9777838051113354,0.0677838051113353
3829,test,CCC(CC)NC(=O)c1c(C)nn(C(C)C)c1NS(=O)(=O)c2ccc(C)cc2,0.92,0.3569725093866454,-0.5630274906133547
416,test,Clc1cccc(c1)N2CCN(CCCN3N=C4C=CC=CN4C3=O)CC2,2.67,2.780864825058868,0.11086482505886819
2228,test,Cc1ccc(cc1)S(=O)(=O)NC(=O)N2CCC(CC2)N3CCC(CC3)Oc4ccc(Cl)cc4C,1.79,1.8955259158541171,0.10552591585411708
3333,test,Oc1c2ncc3ccccc3c2nn1c4ccc(Cl)cc4,1.52,1.7779032696886863,0.25790326968868627
3883,test,NS(=O)(=O)c1cccc2c3nc(O)c(O)nc3cc(c12)[N+](=O)[O-],0.36,-0.696751403788483,-1.0567514037884829
3099,test,CO[C@@H]1CN(CCN2C(=O)C=Cc3ccc(cc23)C#N)CC[C@H]1NCc4ccc5OCC(=O)Nc5n4,0.81,0.42598900522820826,-0.3840109947717918
2449,test,CCc1nc2ccc(cn2c1N(C)Cc3cccs3)C(=O)NCc4ccc5OCOc5c4,4.1,3.746085729649524,-0.35391427035047585
2612,test,CCCCNc1nc(SCCC)nc2c1nnn2[C@@H]3C[C@H](CO)[C@@H](O)[C@H]3O,3.07,3.287941337086848,0.21794133708684837
2151,test,O[C@H](CNC(=O)C1=CNC(=O)c2ccccc12)CN3CCC(CC3)Oc4ccc(Cl)c(Cl)c4,3.42,3.6288575450577976,0.20885754505779763
3148,test,C1CCC(CC1)NC2CCCCC2,-0.38,2.173945964896394,2.553945964896394
3073,test,CN(C)CCOc1ccc(cc1)c2oc3ncnc(NC[C@@H]4CCCO4)c3c2c5ccccc5,3.6,3.9454535400283426,0.3454535400283425
535,test,CN(C)CCOc1cc(NS(=O)(=O)c2c(Cl)cc(cc2Cl)C(F)(F)F)ccc1Cl,2.99,3.177694274141044,0.18769427414104367
3112,test,CCCCCc1ccc(cc1)c2nnc(N)s2,4.13,2.142441594018243,-1.987558405981757
82,test,COc1ccc(cc1)C2=COc3cc(O)cc(O)c3C2=O,3.5,3.321488117918433,-0.1785118820815672
3014,test,O[C@H](CNC(=O)c1cnnc2ccccc12)CN3CCC(CC3)Oc4ccc(Cl)c(Cl)c4,3.28,3.3997999115090405,0.11979991150904068
383,test,CC(C)(C)NCC(O)COc1nsnc1N2CCOCC2,-0.35,0.20451030620090038,0.5545103062009004
2608,test,COc1cc(OC)c(cc1NC(=O)C)S(=O)(=O)N(C)c2ccccc2,1.1,0.2458765353492487,-0.8541234646507514
4031,test,NC(=O)Nc1cc(sc1C(=O)N)c2ccsc2,2.3,2.471009012152376,0.17100901215237618
3457,test,C[C@H](CO)Nc1nc(SCc2cccc(F)c2F)nc3NC(=O)C(=Cc13)C#N,3.32,2.6257882390377443,-0.6942117609622556
2046,test,CCCc1c(O)c(O)c(C(=O)O)c2cc(Cc3ccccc3)c(C)cc12,2.6,1.9338000105860913,-0.6661999894139088
2422,test,O=C(NCC#N)[C@@H]1CCCC[C@H]1C(=O)N2CCCCC2,0.9,1.321143963896239,0.421143963896239
1453,test,CC[C@H](CO)Nc1nc(SCc2ccccc2)nc3NC(=O)Sc13,3.22,3.2221356865989277,0.0021356865989274887
3817,test,FC(F)(F)c1cccc(c1)S(=O)(=O)NC(=O)N2CCC(CC2)N3CCC(CC3)Oc4ccc(Cl)c(Cl)c4,2.94,2.437598781583594,-0.5024012184164057
261,test,CSCCC(NC(=O)c1sccc1Cl)c2nc3ccccc3[nH]2,3.69,2.8861260587065707,-0.8038739412934293
1675,test,CCCCCCCN(CC)CCCC(O)c1ccc(NS(=O)(=O)C)cc1,1.2,-0.7790091333720901,-1.97900913337209
3671,test,CC(C)n1c2ccccc2c3cc(NC(=O)N4CCOCC4)ccc13,3.55,3.364578892806162,-0.18542110719383764
799,test,CC(C)c1ccccc1Cc2cc(C(=O)Nc3ccc(cc3)S(=O)(=O)c4ccccc4C(C)(C)C)c(O)c(O)c2O,3.44,3.1589014629709258,-0.28109853702907417
1376,test,COc1ccc(cc1)C(=O)CS(=O)(=O)c2ccccc2,1.96,2.3029434882469495,0.34294348824694953
2,test,COC(=O)[C@@H](N1CCc2sccc2C1)c3ccccc3Cl,3.69,2.2660469179371114,-1.4239530820628885
2650,test,NC1=NC(=CC(=O)N1)CCc2ccccc2,1.4,2.294541603911079,0.8945416039110792
118,test,Clc1ccc2OCC(=O)N(CCN3CCC(CC3)NCc4ccc5OCC(=O)Nc5n4)c2c1,1.33,1.5388484469608552,0.20884844696085514
4018,test,COc1cc(OC2CCNCC2)ccc1Nc3ncc(Cl)c(n3)c4cnc5ccccn45,1.8,3.412151107391932,1.612151107391932
694,test,CC(C)CN1C(=O)N(C)C(=O)c2c1sc(Cc3ccccc3C(F)(F)F)c2C(=O)N4CCC4,3.46,3.3025920613328434,-0.15740793866715652
1763,test,CN1CC(c2ccccc2)c3cccc(N)c3C1,2.08,2.0486772590215927,-0.03132274097840737
3022,test,CC1=CN([C@H]2CCCN(C2)S(=O)(=O)c3cccc(Oc4ccccc4)c3)C(=O)NC1=O,2.32,2.3260521310366693,0.006052131036669461
544,test,Nc1ccc(Cl)c(c1)C(=O)NCC23CC4CC(CC(C4)C2)C3,3.45,2.6711272320717554,-0.7788727679282448
3689,test,FC(F)(F)c1cc(NC(=O)c2cnc(Cl)nc2C(F)(F)F)cc(c1)C(F)(F)F,1.8,3.984143435242097,2.184143435242097
26,test,COc1cnc(nc1N(C)C)c2ccccn2,1.9,3.402607736588026,1.502607736588026
977,test,Oc1ncc(NCc2ccccc2)c(O)n1,0.82,1.4291431500449645,0.6091431500449646
2636,test,CC(C)(N)C(=O)N[C@H](Cc1c[nH]c2ccccc12)C(=O)N[C@H](Cc3c[nH]c4ccccc34)NC=O,1.0,1.7145916660719533,0.7145916660719533
3818,test,OC(=O)CCC(=O)N1CCC(CC1)c2onc(n2)c3cccs3,-1.27,0.8545788749941226,2.1245788749941226
2049,test,O=C(N1CCN(CC1)c2ccccn2)c3cccc(CC4=NNC(=O)c5ccccc45)c3,2.36,1.6833889420089811,-0.6766110579910187
2850,test,O=C1NN=C(Cc2ccccc2)c3ccccc13,2.8,1.7877415080607224,-1.0122584919392774
1465,test,CCOc1ccc(cc1)N2C(=Nc3ccccc3C2=O)CC,3.27,3.4509948853716037,0.1809948853716037
1342,test,Fc1ccc(CC2=NNC(=O)c3ccccc23)cc1N4C(=O)CCC4=O,1.0,3.138824588808047,2.138824588808047
3015,test,CCCCc1nc2c(N)nc3ccccc3c2n1Cc4ccccc4,4.17,3.513812083968096,-0.6561879160319037
697,test,COc1cc2c(NC(=O)Nc3c(Cl)cccc3Cl)ncnc2cc1OCC4CCN(C)CC4,2.7,1.4105127345629809,-1.2894872654370193
2579,test,OCC(=O)N1CCC(CC1)c2n[nH]c(c3ccc(Cl)cc3)c2c4ccncn4,1.85,2.63794468485004,0.7879446848500398
2192,test,COc1ccc(N(C(C(=O)NC[C@@H](C)O)c2ccccc2F)C(=O)c3ccoc3Cl)c(OC)c1,2.36,3.101889317096278,0.7418893170962781
3298,test,CS(=O)(=O)c1ccc(CC(=O)N(CC=C)C2CCN(CCC(c3ccccc3)c4ccccc4)CC2)cc1,3.1,2.479347634460194,-0.6206523655398062
1122,test,Cn1cnc(c2ccccc2)c1c3cc4c(N)ncnc4s3,2.94,2.4278562477568952,-0.5121437522431047
925,test,CN(c1ccnc(Nc2cc(cc(c2)N3CCOCC3)N4CCCC4)n1)c5cc(CO)ccc5C,3.8,3.0882917405860835,-0.7117082594139164
876,test,CN[C@@H](C)C(=O)N[C@@H](C1CCCCC1)C(=O)N[C@H]2CCCN(CCc3ccccc3)C2,1.65,1.7719903019247831,0.12199030192478322
1570,test,CCN(CC)CC(=O)Nc1c(cnn1c2ccccc2)C#N,0.4,1.0249309835257954,0.6249309835257953
2093,test,Cc1ccccc1CCOCCCS(=O)(=O)CCNCCc2ccc(O)c3nc(O)sc23,2.84,2.9400129025250297,0.10001290252502981
3573,test,Oc1ccc(CCNCCN(C2CCCCC2)C(=O)CCNCCc3ccc(Cl)c(Cl)c3)c4OCC(=O)Nc14,2.23,1.985154584792582,-0.24484541520741798
3270,test,CSc1ccc2Sc3ccccc3N(CCC4CCCCN4C)c2c1,3.76,3.3405108757786657,-0.4194891242213341
3894,test,COc1cc2c3N([C@H](C)c4ccccn4)C(=O)Nc3cnc2cc1c5c(C)onc5C,3.15,1.7316033223109475,-1.4183966776890524
1404,test,Cc1cc(CN2Cc3ccccc3C2C(=O)Nc4ccc(Cl)cc4)ccc1OCC(=O)O,1.38,1.6597272937630088,0.27972729376300887
2822,test,COc1ccccc1N2CCN(CCCCNC(=O)c3ccc4ccccc4c3)CC2,3.53,3.1002132415820545,-0.42978675841794534
2278,test,Clc1ccc(cc1)c2cn3ccccc3n2,4.0,3.6649556047928327,-0.33504439520716733
3694,test,COc1ccc(CC(=O)N(C)C2CCN(CCC(c3ccccc3)c4ccccc4)CC2)cc1OC,3.4,2.9441113479683167,-0.45588865203168316
1457,test,C[C@H](NC(=O)c1c(NS(=O)(=O)c2ccc(C)cc2)n(nc1C(F)(F)F)c3ccccc3)C(C)(C)C,2.35,2.4748998862337537,0.12489988623375359
123,test,Nc1c(NC2CC3CCC2C3)nc(nc1N4CCOCC4)C#N,3.53,2.3197408381060374,-1.2102591618939624
3742,test,COc1cc2OC[C@H]3Oc4c5C[C@@H](Oc5ccc4C(=O)[C@H]3c2cc1OC)C(=C)C,3.57,2.4918025793913112,-1.0781974206086886
1432,test,COc1cc(OC)c(cc1NC(=O)CCC(=O)O)S(=O)(=O)N2c3ccccc3Oc4ccccc24,-0.53,-0.5587867602157779,-0.028786760215777862
3230,test,Cc1c(sc2ncnc(O)c12)C(=O)Nc3ccccc3,2.13,4.13904088902422,2.00904088902422
704,test,CC(=O)NC1CC2CCCC(C1)N2C(=O)Nc3ccc(Cl)c(c3)C(F)(F)F,2.79,2.174946275804868,-0.6150537241951319
2327,test,Oc1ccc(cc1)c2oc3c(cc(O)cc3n2)C#N,3.6,2.5329711173659577,-1.0670288826340424
936,test,COc1ccc(Sc2c(C)n(CC(=O)O)c3ccc(C)cc23)cc1,1.01,1.412374667901135,0.4023746679011351
2119,test,O[C@H](CNC(=O)c1c[nH]nc1C(F)(F)F)CN2CCC(CC2)Oc3ccc(Cl)c(Cl)c3,3.34,3.120523678515924,-0.21947632148407603
3961,test,Nc1cc(nc2c(cnn12)C#N)c3ccccc3,2.48,2.108993426365157,-0.37100657363484313
494,test,FC(F)(F)c1ccc2[nH]c3CCN(Cc3c2c1)C(=O)[C@@H]4CCCC[C@H]4C(=O)NC5(CC5)C#N,4.2,3.7202521800891772,-0.47974781991082294
166,test,CCCNC(=O)CSc1ccc(cn1)S(=O)(=O)N2CCCC2,1.55,1.2189027973603768,-0.3310972026396233
3036,test,CCOc1ccc(cc1)N2C(=O)c3ccccc3N=C2[C@@H](C)N(Cc4cccnc4)C(=O)Cc5ccc(cc5)C(F)(F)F,4.25,3.844932027859631,-0.40506797214036894
688,test,C[C@]12CC[C@H]3[C@@H](CCc4cc(O)ccc34)[C@@H]1CC[C@@H]2O,3.72,3.4782836353369984,-0.24171636466300184
1727,test,CN1CCN(CC1)C(=O)c2cc3cc(C)ccc3[nH]2,2.22,1.6560899256320059,-0.5639100743679943
431,test,COc1ccc(OC)c(c1)c2cccc3c(N)c(nnc23)C(=O)NC(C)C,3.65,3.6769964613154444,0.02699646131544453
1706,test,OC(=O)C(N1CCC(CC1)N2CCC(CC2)Oc3ccc(Cl)c(Cl)c3)c4ccccc4,2.23,2.0194429736807735,-0.21055702631922646
2953,test,COCCNc1nc(NCc2ccccc2F)c3sccc3n1,3.4,4.009733824630581,0.6097338246305815
2485,test,COc1ccccc1OCC(O)COC(=O)N,0.36,0.676804749973946,0.31680474997394603
93,test,COC(=O)[C@H]1[C@@H](O)CC[C@H]2CN3CCc4c([nH]c5ccccc45)[C@@H]3C[C@H]12,1.65,1.2033817810359992,-0.44661821896400067
315,test,CS(=O)(=O)C1(CC1)c2cc(nc(n2)c3cccc(N)c3)N4CCOCC4,1.35,2.069969601024973,0.7199696010249728
3537,test,COc1ccnc(NC2CCN(CC2)C(=O)c3ccc(cc3)C#N)c1,1.73,1.661189842871638,-0.06881015712836192
434,test,CC(C)n1c(C)ncc1c2ccnc(Nc3ccccc3)n2,3.58,3.687521347910649,0.10752134791064893
2138,test,NC(=O)c1sc(cc1NS(=O)(=O)c2ccc(cc2)C(F)(F)F)c3ccsc3,2.39,2.175973110126615,-0.21402688987338525
482,test,Oc1ccc(cc1)C2CC(=O)c3ccc(O)cc3O2,2.4,2.4871158435946747,0.08711584359467484
380,test,O[C@@H](CNCCCSCCNCCc1ccccc1Cl)c2ccc(O)c3NC(=O)Sc23,0.99,2.3872871726174267,1.3972871726174267
2523,test,CN1N=Nc2c(ncn2C1=O)C(=O)N,-1.08,-0.44647574014462643,0.6335242598553736
927,test,CC1Nc2cc(Cl)c(cc2C(=O)N1c3ccccc3C)S(=O)(=O)N,1.64,2.2308570217574237,0.5908570217574238
2855,test,CCOC(=O)c1ccc(OCCC2CCN(CC2)c3ccc(C)nn3)cc1,4.42,3.3107542835428747,-1.1092457164571252
219,test,C(CN1CCCCC1)C2CCc3cc(OCc4ccc(cc4)c5ccccc5)ccc3C2,3.3,3.0732649185605485,-0.2267350814394513
343,test,OC(=O)C[C@H]1[C@@H](Cc2ccccc12)NC(=O)c3cc4sc(Cl)c(Cl)c4[nH]3,2.53,1.877620599055956,-0.6523794009440438
2161,test,CCS(=O)(=O)c1ccc(Oc2cc3nc([nH]c3cc2CN4C(=O)CCC4=O)c5ccccn5)cc1,2.0,2.7318657795725865,0.7318657795725865
2470,test,Clc1ccc(CN2C(=O)C(=O)c3ccccc23)cc1,3.1,2.382787217054887,-0.7172127829451131
2295,test,C[C@H](CO)Nc1nc(SCc2cccc(F)c2F)nc3nc(N)cnc13,2.89,2.44187904196949,-0.44812095803051033
3103,test,OC(=O)COc1ccc(cc1c2ccccc2)c3nccs3,-0.16,-0.016140479500200478,0.14385952049979953
3607,test,OC(=O)C[C@H]1[C@@H](Cc2ccccc12)NC(=O)c3cc4cc(Cl)ccc4[nH]3,1.79,2.5914000256556027,0.8014000256556026
3511,test,NC(=O)c1nnn(c1N)c2ccccc2,0.74,0.9965549536320764,0.25655495363207637
1919,test,CC1=CN([C@H]2CCCN(C2)[C@H](CC(C)(C)C)c3ccc(C(=O)O)c(Oc4cccc(Br)c4)c3)C(=O)NC1=O,1.09,1.001576800929207,-0.0884231990707931
1823,test,COc1cc(N2CCCN(C)CC2)c3NC(=CC(=O)c3c1)C(=O)Nc4ccc(cc4)N5CCOCC5,2.1,2.624533934450284,0.5245339344502837
1825,test,CC(C)(C)OC(=O)c1ncn2c1[C@@H]3CCCN3C(=O)c4c(Br)cccc24,2.48,2.8873860444686765,0.40738604446867654
324,test,COc1cc(N2CCN(C)CC2)c3nc(cc(N(C)C)c3c1)C(=O)Nc4ccc(cc4)N5CCOCC5,3.3,3.21338040129269,-0.08661959870730973
34,test,O=C(NCc1ccncc1)c2ccc(Oc3ccccc3C#N)cc2,2.57,3.0275770886626225,0.4575770886626227
2714,test,CC(=O)Nc1ccc2c(c1)c(cn2C)c3cc(NC4CC4)n5ncc(C#N)c5n3,2.94,2.5791476394629713,-0.3608523605370286
492,test,CC(C)CN1C(=O)N(C)C(=O)c2c1sc(Cc3ccccc3C(F)(F)F)c2C(=O)N(C)C,2.9,3.436790441829131,0.5367904418291309
3581,test,Cc1cccc(CN2C=CN3C(=O)C=C(N=C23)N4CCOCC4)c1,2.8,2.3186216449868287,-0.48137835501317117
2471,test,COc1ccccc1O[C@H]([C@@H]2CNCCO2)c3ccccc3,0.9,1.67780222343926,0.77780222343926
3865,test,C[C@@H]1CN[C@@H](C2CC2)C(=O)N(C)[C@H](C)C(=O)N[C@H](Cc3ccc(F)cc3)C(=O)NCCCc4ccccc4O1,3.3,2.3438883575903766,-0.9561116424096232
3893,test,COc1cc(ccc1Nc2ncc(Cl)c(n2)c3cnc4ccccn34)C(CO)CO,3.1,4.160434612558088,1.0604346125580881
1517,test,Nc1nc2ccccc2s1,2.0,2.3492762735912773,0.34927627359127733
2027,test,C[C@H](NC(=O)c1c(C)nn(C2CCOCC2)c1NS(=O)(=O)c3ccc(C)cc3)C(C)(C)C,0.5,1.0721213382810884,0.5721213382810884
4122,test,COc1cc(ccc1Nc2ncc(Cl)c(n2)c3cnc4ccccn34)N5CCN(CCS(=O)(=O)C)CC5,3.1,3.297994831958459,0.19799483195845902
4011,test,CC(C)C(NC(=O)CN1C(=O)C2=C(C=C1c3ccccc3)C(=O)N(CCN4CCOCC4)C(=O)N2)C(=O)C(F)(F)F,1.91,1.7438078781224482,-0.16619212187755172
3906,test,O[C@@H]1CN(CCN2C(=O)C=Cc3ccc(cc23)C#N)CC[C@@H]1NCc4cc5OCCOc5cn4,0.46,0.5746851628475018,0.1146851628475018
2250,test,Cn1nnc(n1)c2ccc(cn2)c3ccc(cc3F)N4C[C@H](COc5ccon5)OC4=O,1.24,2.518532700639459,1.278532700639459
3583,test,O=C(NCc1ccccc1)c2cccnc2Oc3ccccc3,3.0,2.64569269007029,-0.3543073099297098
2829,test,ONC(=O)CN1C(=O)C(Cc2ccccc12)NC(=O)c3cc4cc(Cl)sc4[nH]3,2.4,2.8517728931330364,0.4517728931330365
1549,test,NC(=O)c1cccc(S[C@H]2C[C@H]3CC[C@@H](C2)N3Cc4ccccc4)c1,2.22,1.8131890217013458,-0.4068109782986544
1754,test,CCC(CC)NC(=O)c1cnn(c1NS(=O)(=O)c2ccc(C)cc2)c3ccccn3,0.27,1.3686853261191487,1.0986853261191487
955,test,CS(=O)(=O)Cc1cc(nc(n1)c2cccc(CO)c2)N3CCOCC3,1.0,2.278730815057562,1.2787308150575618
3089,test,CCCCN(CCNCCc1ccc(O)c2NC(=O)Sc12)C(=O)CCOCCc3ccccc3,3.0,2.6433906287411166,-0.35660937125888337
362,test,CN(C)CC(O)COc1ccc(Nc2cc(ncn2)N(CC#N)c3cc(Cl)ccc3Cl)cc1,2.1,3.0747697374034364,0.9747697374034363
1635,test,Cc1nc(nc(N2CCCC2)c1Cl)c3ccccn3,3.2,3.00894408714704,-0.1910559128529603
3781,test,CSc1ncccc1C(=O)NCC2CCCCC2,2.93,2.8327085462221304,-0.09729145377786974
722,test,CS(=O)(=O)Cc1cc(nc(n1)c2cccc3cc[nH]c23)N4CCOCC4,2.8,1.793689602927857,-1.0063103970721428
2861,test,N[C@@H](Cc1cccs1)C(=O)N[C@@]2(C[C@@H]2c3ccccc3)C#N,1.3,2.9111084071573434,1.6111084071573434
2038,test,CNc1ncc(s1)C(=O)c2ccccc2,2.36,0.918501667386989,-1.4414983326130109
3463,test,CCN(C(=O)C)c1cccc2c1c(Sc3ccc(Cl)cc3)c(C)n2CC(=O)O,1.61,1.1331452729787557,-0.47685472702124443
3158,test,CN(CCOc1ccc(C[C@H](Nc2ccccc2C(=O)c3ccccc3)C(=O)O)cc1)c4ccccn4,2.15,1.098362833178259,-1.051637166821741
3733,test,O=C(N1CCC1)c2ccc(cc2)C(=C3CCN(Cc4cscn4)CC3)c5cccc6cccnc56,2.52,2.3485570415588617,-0.17144295844113833
1112,test,COc1cc2ncnc(Nc3cc(NC(=O)c4cccc(c4)N(C)C)ccc3Cl)c2cc1OC,4.26,4.538430165327602,0.27843016532760245
2669,test,CCN(CC)CCOc1ccc(cc1)\C(=C(\Cl)/c2ccccc2)\c3ccccc3,4.09,1.8466771296981177,-2.243322870301882
2412,test,Nc1n[nH]c2nnc(c3ccccc3)c(c4ccccc4)c12,2.6,0.6132261271942168,-1.9867738728057833
3149,test,CN1CC=CCC(C1)c2ccc(Cl)c(Cl)c2,3.32,1.936430901992047,-1.383569098007953
935,test,COc1cc2ncc(C(=O)N)c(Nc3ccc(F)cc3F)c2cc1NCCN4CCCCC4,2.52,2.614762475611323,0.094762475611323
2717,test,CC1=CN([C@H]2CCCN(C2)S(=O)(=O)c3ccc(C(=O)N)c(Oc4cccc(Cl)c4)c3)C(=O)NC1=O,1.96,0.953243594837961,-1.006756405162039
3989,test,Nc1ccc2c3ccccc3C(=O)c2c1,2.9,2.517410208772343,-0.382589791227657
2706,test,COCCNc1nc(N)c2nc(O)n(Cc3ccccc3)c2n1,2.18,3.272942600904825,1.0929426009048249
2666,test,CCCSc1c(cnn1c2cccc(c2)C(=O)O)C(=O)NC3CCCCC3,0.7,3.1772715364714603,2.47727153647146
277,test,CC1CC(=O)Nc2ccccc2N1,0.56,1.3646191183100476,0.8046191183100475
3351,test,C[C@H](NC(=O)c1c(C)nn(c1NS(=O)(=O)c2cccnc2)c3ccc(F)cc3)C(C)(C)C,0.4,0.7204225895768546,0.32042258957685454
3838,test,Cc1nc(NC(=N)N)nc2ccccc12,-0.49,0.9722056540164745,1.4622056540164745
2971,test,Oc1ccc(cc1)c2ccc3cc(O)ccc3n2,3.1,3.118947290977709,0.018947290977708864
3561,test,Clc1ccccc1NC(=O)c2cc[nH]n2,2.58,2.8619450481538324,0.28194504815383237
3578,test,OC(=O)C(N1CCCC(CN2CCC(CC2)Oc3ccc(Cl)c(Cl)c3)C1)c4ccccc4,2.6,2.9968092084710514,0.3968092084710513
2384,test,O=C(Nc1ccccn1)c2ccccc2,2.2,1.888686787918517,-0.3113132120814832
4160,test,CCOc1ccccc1CNCc2cccc(CCNC[C@H](O)c3ccc(O)c4NC(=O)Sc34)c2,1.13,0.896313475740133,-0.2336865242598669
3933,test,Nc1ncc(cc1c2oc3ccccc3n2)c4cnn(c4)C5CCOCC5,4.0,4.1371429822954795,0.1371429822954795
1509,test,CCC1(C)CC(=O)NC1=O,0.23,1.4037951491764287,1.1737951491764287
4186,test,O[C@@H](CNCCOCCCNCCc1cccc(Cl)c1)c2ccc(O)c3NC(=O)Sc23,0.83,0.3066184728816004,-0.5233815271183996
815,test,CN(C)CC(O)COc1ccc(Nc2nccc(Nc3ccc(Cl)cc3)n2)cc1,2.6,2.467438563224833,-0.13256143677516707
4183,test,Oc1c(C#N)c(nc2ccncc12)c3ccc(cc3)c4ccccc4OC(F)(F)F,3.45,3.149825276466837,-0.3001747235331633
1974,test,CCOC(=O)[C@H](Cc1ccc(O)cc1)NC(=O)c2cccc3ccccc23,3.12,3.2380996196668272,0.11809961966682714
942,test,O=C1NC=Nc2scc(c3cccs3)c12,2.18,2.224193309833664,0.044193309833663985
2681,test,CC(=O)Nc1nc(CCc2ccc(NC(=N)N)cc2)cs1,-0.82,0.5076849251497708,1.3276849251497707
2012,test,CNc1cccc(CCOc2ccc(C[C@H](NC(=O)c3c(C)cc(C)cc3C)C(=O)O)cc2)n1,0.52,-0.46171889627083473,-0.9817188962708348
2242,test,OC(=O)C1Cc2c([nH]c3ccccc23)C(N1)c4ccccc4,0.78,2.456109896487565,1.6761098964875651
3782,test,Cc1c(F)cc(cc1c2ccc(cn2)C(=O)NCC(C)(C)C)C(=O)NC3CC3,3.5,2.8038977692905203,-0.6961022307094797
890,test,Oc1ccc2C[C@H]3N(CC4CC4)CC[C@@]56[C@@H](Oc1c25)c7[nH]c8ccccc8c7C[C@@]36O,2.7,0.9150603885395225,-1.7849396114604776
1370,test,CN1CCN(CC1)S(=O)(=O)c2ccc(cc2F)c3cnc(N)c(n3)C(=O)Nc4cccnc4,2.66,2.681853226239413,0.02185322623941266
388,test,C[C@]1(CCSC(=N1)N)c2cc(c(F)cc2F)c3cncnc3,0.8,2.1801184791685317,1.3801184791685317
2097,test,C[C@H](O)C(=O)N1CCN(Cc2sc3c(nc(nc3c2C)c4cnc(N)nc4)N5CCOCC5)CC1,1.9,2.4257413470709484,0.5257413470709484
2623,test,CC(C)(C)Cn1c(CN2C(=O)CC3(CCNCC3)C2=O)cc4cnc(nc14)C#N,0.75,1.0543610218630262,0.30436102186302616
2203,test,COc1cc2cc(nc(C)c2cc1OC)c3ccc(O)cc3O,3.9,2.15171270735825,-1.7482872926417499
1274,test,CC1(C)[C@@H]2CC[C@@]1(CS(=O)(=O)N3CCN(CC3)c4ccc(cn4)C#N)C(=O)C2,2.46,2.673891802310649,0.21389180231064886
2084,test,CNCC[C@@H](Oc1cc(ccc1C#N)C(F)(F)F)c2ccccc2,1.3,1.394689340465352,0.09468934046535193
3846,test,CCC(CC)NC(=O)c1c(C)nn(c1NS(=O)(=O)c2ccc(C)cc2)c3ccccc3,1.35,0.7579571720640128,-0.5920428279359873
1833,test,N[C@@H]1CCCN(C1)c2c(Cl)cccc2\C=C\3/SC(=O)NC3=O,1.97,2.1078384619081274,0.13783846190812743
2570,test,C[C@@H](N)COc1c(C)cccc1C,0.6,0.6849302064610396,0.08493020646103966
2473,test,O[C@@H](CNCCc1ccc(CNCCc2c(Cl)cccc2Cl)cc1)c3ccc(O)c4NC(=O)Sc34,2.3,2.1293680934747616,-0.1706319065252382
2836,test,CS(=O)(=O)c1cccc(Nc2nccc(Nc3cccc4ocnc34)n2)c1,2.9,3.883882997403293,0.9838829974032932
3231,test,COCC(=O)N1CCC(CC1)n2cc(cn2)c3cnc(N)c(c3)c4oc5ccccc5n4,3.4,2.7042606272207768,-0.6957393727792232
1126,test,CCOC(=O)c1ccc(OCCC2CCN(CC2)c3ccc(C)nn3)nc1,3.76,2.8343832123502914,-0.9256167876497083
2024,test,C\N=C(/S)\n1nc(nc1N)c2ccc(Cl)cc2,4.12,1.8849738231541238,-2.235026176845876
2757,test,Cc1ccnc(NCc2c(O)ccc3ccccc23)c1,4.24,3.4172859586126663,-0.822714041387334
2392,test,CCc1nc(N)nc(N)c1c2ccc(Cl)cc2,2.31,3.645160156183503,1.3351601561835031
4069,test,Fc1ccc(cc1)C(=O)C2CCN(CC2)C(=O)N3CCOCC3,1.61,2.667466316211787,1.057466316211787
4189,test,CCC(N1NC(=O)c2nc3cc(Cl)ccc3c(O)c2C1=O)c4ccccn4,0.8,1.462142081215335,0.6621420812153349
3617,test,COc1cc2ncnc(NCc3cccc(C)c3)c2cc1OC,3.5,3.4143627869297375,-0.08563721307026251
74,test,Clc1ccc(CN2CC3CNCC(C2)O3)cc1C(=O)NCC45CC6CC(CC(C6)C4)C5,1.55,2.3470014161311483,0.7970014161311483
1166,test,CS(=O)(=O)c1ccc(cc1)c2cc(C(=O)N[C@H]3CCCNC3)c(NC(=O)N)s2,0.68,0.529580179483528,-0.15041982051647207
1761,test,CCc1cccc2c3CCOC(CC)(CC(=O)O)c3[nH]c12,0.49,2.9867114462718423,2.496711446271842
2285,test,CN(CCOc1ccc(C[C@H](Nc2ccccc2C(=O)c3ccccc3)C(=O)O)cc1)c4oc5ccccc5n4,2.47,3.344107054031139,0.8741070540311386
3391,test,NC1(CCC1)c2ccc(cc2)c3nc4ccccn4c3c5ccccc5,2.8,2.217060442431127,-0.582939557568873
3003,test,Cc1cc(nc(n1)n2ccnc2)N3CCC[C@@H]3C(=O)NCCc4ccc5OCOc5c4,2.5,2.132602766124436,-0.3673972338755642
2931,test,CCOC(=O)c1c(C)n(Cc2occc2)c3ccc(O)cc13,3.5,2.3926809914270875,-1.1073190085729125
2127,test,OC(=O)CCCCn1nnc(n1)c2ccc(cc2)C(=O)N3CCC(CC3)N4CCC(CC4)Oc5ccc(Cl)c(Cl)c5,1.6,1.298243744973611,-0.30175625502638903
2638,test,CCC1(NC(=O)N(C)C1=O)c2ccccc2,1.59,1.0714823379323433,-0.5185176620676568
3237,test,CC(C)n1c(C)ncc1c2ccnc(Nc3ccc(C(=O)N)c(F)c3)n2,2.8,2.749357288952435,-0.05064271104756468
2447,test,OC(=O)COc1ccc(Cl)cc1CN2CCN(CC2)S(=O)(=O)c3ccc(F)cc3,0.99,0.6396723027053943,-0.35032769729460567
3076,test,Fc1ccccc1Nc2oc(nn2)C(=O)Nc3ccc(N4CCOCC4)c(F)c3,3.6,3.931659108530045,0.3316591085300451
1647,test,[O-][S+](CCC1C(=O)N(N(C1=O)c2ccccc2)c3ccccc3)c4ccccc4,-0.51,1.3289582902758141,1.8389582902758141
1862,test,CC[C@H]1[C@@H](Cc2cncn2C)COC1=O,-0.37,1.4278337845510878,1.7978337845510879
3501,test,COc1cc(Cc2cnc(N)nc2N)cc(OC)c1OC,0.63,1.2033422897833332,0.5733422897833332
1363,test,CN(C)CCOC(c1ccccc1)c2ccccc2C,1.47,2.815463816419167,1.3454638164191672
3516,test,CCc1nc2c(N)nc3ccccc3c2n1Cc4ccccc4,3.29,2.7256700835799013,-0.5643299164200988
1949,test,OC(=O)c1cccnc1Nc2cccc(c2)C(F)(F)F,1.0,1.0553551130973917,0.05535511309739172
950,test,COc1ccc(cn1)c2ccc3nc(N)sc3c2,3.2,1.9590781570311648,-1.2409218429688353
647,test,COc1cc2c(Nc3ccc(F)cc3F)c(cnc2cc1N4CCN(C)CC4)C(=O)N,1.75,2.54922961785774,0.79922961785774
3139,test,CCOC(=O)c1ccc(OCCC2CN(CCO2)c3ccc(C)nn3)cc1,2.7,2.8314423746701656,0.1314423746701654
226,test,Oc1c2C(=O)N(NC(=O)c2nc3cc(Cl)ccc13)C(C4CC4)c5ccncc5,0.7,0.17111746189399168,-0.5288825381060083
782,test,O=C1COc2ccc(CNC3CCN(CCN4C(=O)COc5ccc(cc45)C#N)CC3)nc2N1,0.23,0.27970505048956906,0.04970505048956905
543,test,Cc1ccc2[nH]ccc2c1c3nc(cc(n3)C4(CC4)S(=O)(=O)C)N5CCOCC5,1.7,1.1950300425903706,-0.5049699574096294
2770,test,CC(C)NC[C@@H](O)COc1cccc2ccccc12,1.13,0.9412909253114912,-0.18870907468850873
755,test,NC1C2CN(CC12)c3nc4N(C=C(C(=O)O)C(=O)c4cc3F)c5ccc(F)cc5F,0.3,1.514098371959023,1.214098371959023
1248,test,Nc1nnc(Cc2ccc(Cl)cc2)s1,2.34,0.9564223831779937,-1.3835776168220062
3009,test,CCc1cc(C(=O)N[C@@H](Cc2cccc(Cl)c2)C(=O)NCC#N)n(C)n1,2.6,3.243051110116221,0.6430511101162208
1915,test,ON(C=O)C1(CS(=O)(=O)N2CCN(CC2)c3ccc(F)cc3)CCOCC1,0.85,2.021109446197632,1.1711094461976321
3442,test,Cc1ccc(NC(=O)c2cccc(c2)N3CCOCC3)cc1NC(=O)c4ccc(OCc5ccncc5)cc4,3.2,3.289855075514337,0.08985507551433702
3712,test,NS(=O)(=O)c1cccc(Nc2nccc(Nc3c(Cl)ccc4OCOc34)n2)c1,2.97,3.082635970920892,0.11263597092089173
3721,test,OC(=O)[C@H](Cc1ccc(Cl)cc1)N2CCC(CN3CCC(CC3)Oc4ccc(Cl)c(Cl)c4)CC2,2.86,2.533291570361365,-0.3267084296386349
3812,test,CCCNC(=O)c1nnc2c(c(F)ccc2c1N)c3ccc(OC)cc3OC,3.52,3.3468966574023398,-0.17310334259766025
3864,test,COc1cc(Nc2cc(Oc3cccnc3)ccn2)cc(OC)c1OC,2.66,3.3027058855872564,0.6427058855872563
3480,test,CCCNC(=O)c1nnc2c(cccc2c1N)c3ccccc3,3.8,3.16470717035288,-0.6352928296471196
2206,test,Oc1ccc(cc1)C2=Cc3cccc(O)c3OC2=O,2.8,3.2057237547638042,0.4057237547638044
2872,test,Brc1cnc(Nc2cccc(NC(=O)N3CCCC3)c2)nc1NCCCNC(=O)c4cccs4,4.13,3.784799339721295,-0.3452006602787048
1341,test,Fc1ccc(cc1)c2cn3ccccc3n2,3.1,3.4122942053432697,0.31229420534326957
2571,test,CC1N=C(N)N=C(N)N1c2ccc(Cl)cc2,-0.8,1.8104928926916786,2.6104928926916786
3444,test,CC(=O)Nc1cccc(OCc2cnc(Cl)s2)c1,2.38,3.0028860086662155,0.6228860086662156
3935,test,O=C1N2C=CC=CC2=Nc3ccccc13,2.1,2.1270404001905128,0.02704040019051268
4197,test,COc1cccc2[nH]ncc12,2.1,1.6904319144982356,-0.4095680855017645
2229,test,COc1cccc(NC(=O)CC23CC4CC(CC(C4)C2)C3)c1C,4.21,3.5821948805100767,-0.6278051194899232
3310,test,CCc1cc(O)c(Oc2ccc(cc2F)C(=O)N)cc1F,2.87,1.6679830842100238,-1.2020169157899763
3154,test,Nc1nc2nc(SCc3cccc(F)c3F)nc(O)c2s1,2.5,2.265678534385545,-0.234321465614455
980,test,Nc1ccccc1NC(=O)c2ccc(cc2)c3ncccc3C#N,1.58,1.5948882976025205,0.014888297602520417
3656,test,CN1C(=O)C=C(CCc2ccc3cc[nH]c3c2)N=C1N,2.1,1.7422286417691883,-0.35777135823081174
946,test,Nc1ccccc1NC(=O)c2ccc(cc2)c3nccs3,2.3,2.1828968578623393,-0.11710314213766049
2059,test,CCN(C1CCN(CCC(C2CCN(Cc3ccccc3)CC2)c4ccccc4)CC1)C(=O)Cc5ccc(cc5)S(=O)(=O)C,2.41,1.91496905095909,-0.49503094904091016
1373,test,Fc1ccc(cc1F)N2C=CN=C(SCC(=O)NC3CCCC3)C2=O,2.0,1.395925896412097,-0.6040741035879029
588,test,CC(=O)Nc1ccc2ccn(c3cc(NCCCCO)n4ncc(C#N)c4n3)c2c1,2.58,2.1111704670952913,-0.46882953290470875
364,test,C[C@@H](CNC(=O)c1c(O)c(O)cc2c(O)c(c(C)cc12)c3c(C)cc4c(C(=O)NC[C@H](C)c5ccccc5)c(O)c(O)cc4c3O)c6ccccc6,3.48,2.269247172251001,-1.210752827748999
3241,test,Nc1ncc(cc1c2oc3ccccc3n2)c4cnn(c4)C5CCN(CC5)C(=O)CO,3.2,2.5071756755902967,-0.6928243244097034
620,test,Cc1cc(C)c2c(N)c(sc2n1)C(=O)NCc3ccccc3,3.41,3.7651087394534133,0.35510873945341315
3054,test,CNC(=O)c1ccc(cc1)c2cc(C(=O)N[C@H]3CCCNC3)c(NC(=O)N)s2,0.7,0.7007933055952218,0.0007933055952218382
2889,test,CN1C2CC(CC1C3OC23)OC(=O)C(CO)c4ccccc4,0.17,-0.7894918368376835,-0.9594918368376836
1158,test,CN1CCCC(COc2nccc(Nc3cc(NC(=O)c4ccnc(c4)N5CCOCC5)ccc3C)n2)C1,1.9,2.337614523074627,0.4376145230746271
3277,test,COc1ccc(cc1OC)c2csc(NC(=O)c3c(C)onc3C)n2,3.16,3.78203791810442,0.6220379181044198
2524,test,Fc1cc2[nH]cnc2cc1Cl,2.35,1.9889945663702022,-0.36100543362979787
1081,test,OC(=O)CCc1ccc(OCc2cc(Cl)ccc2c3ccccc3)cc1,3.22,3.061632879262568,-0.1583671207374322
2923,test,CC(=O)N1CCN(CCOc2ccc(cc2)C3(O)CCN(CC3)c4ccc5nnc(n5n4)C(F)(F)F)CC1,2.2,3.061077885142579,0.8610778851425787
2525,test,CC(=O)Nc1ccc(CNc2[nH]nc3cccc(Oc4ccc(F)cc4)c23)cc1,4.28,2.7789344176163038,-1.5010655823836965
359,test,CC(C)n1ncc2c(cc(nc12)C3CC3)C(=O)NCc4c(C)cc(C)nc4O,3.8,2.7646429439608666,-1.0353570560391332
541,test,C[C@]12Cc3cnn(c3C=C1CC[C@@]2(O)CCc4ccc(F)cc4C(=O)N)c5ccc(F)cc5,3.8,2.9177176984945365,-0.8822823015054633
2181,test,CNS(=O)(=O)CCc1ccc2[nH]cc(C3CCN(C)CC3)c2c1,0.48,1.4336156859638745,0.9536156859638745
3081,test,Nc1nc2OC(COc3ccccc3)Cc2c(N)c1C#N,2.08,2.4687266210436993,0.38872662104369926
723,test,CC(C)(C)NS(=O)(=O)c1cncc(c1)c2ccc3nc(N)nn3c2,1.41,1.226913644954875,-0.18308635504512494
2694,test,Cc1ccc(CCOCCNS(=O)(=O)CCCNCCc2ccc(O)c3nc(O)sc23)cc1,2.07,1.9410024210230226,-0.12899757897697728
2912,test,CC(CCc1ccccc1)NCC(O)c2ccc(O)c(c2)C(=O)N,1.06,1.1332625529186933,0.07326255291869321
767,test,COc1cccc(Nc2nc(NCC3CCCO3)c4ccccc4n2)c1,3.9,5.010176651261428,1.1101766512614284
983,test,C[C@@H]1CN(CCN1C(=O)[C@@H]2CCCC[C@H]2C(=O)NC3(CC3)C#N)c4ccc5c(C)noc5c4,2.67,1.8631258769040926,-0.8068741230959073
3012,test,C=CCCCCCCCCC(=O)N[C@H]1CCC(=O)NC1=O,2.64,0.9208215573095764,-1.7191784426904237
3085,test,CCN(C(=O)Nc1ccccc1)c2ccccc2,3.1,2.593829031996342,-0.5061709680036581
1093,test,Clc1cccc(NNC(=O)c2cccnc2Cl)c1,1.87,2.6466738092344784,0.7766738092344783
409,test,CC(C)(F)C[C@H](N[C@@H](c1ccc(cc1)c2ccc(cc2)S(=O)(=O)C)C(F)(F)F)C(=O)NC3(CC3)C#N,2.9,3.1727808636608184,0.27278086366081844
2096,test,C[C@@H]1CN(CCN1c2ncc(OCc3ccncc3C#N)cn2)c4onc(n4)C(F)(F)F,3.1,3.145962701748582,0.04596270174858175
3668,test,CCC(N(CCCN)C(=O)c1ccc(C)cc1)C2=Nc3ccsc3C(=O)N2Cc4cscn4,0.02,0.6042142021800585,0.5842142021800585
3780,test,CC(C)[C@H](NC(=O)N(C)Cc1csc(n1)C(C)C)C(=O)N[C@H](C[C@H](O)[C@H](Cc2ccccc2)NC(=O)OCc3cncs3)Cc4ccccc4,4.3,1.1977237860520813,-3.1022762139479187
2987,test,COc1cc(NC(=O)Nc2cccc(CNC(=O)O[C@H]3CCOC3)c2)ccc1c4ocnc4,3.6,1.6438785572491939,-1.9561214427508062
159,test,O=C(NC1(CC1)C#N)[C@@H]2CCCC[C@H]2C(=O)N3CCN(CC3)c4ncc(C#N)s4,1.2,1.958122552396609,0.7581225523966091
1157,test,CCN(C1CCN(CC[C@H](C2CCN(CC2)S(=O)(=O)C)c3cccc(c3)C(F)(F)F)CC1)C(=O)Cc4ccc(cc4)S(=O)(=O)C,1.9,2.1219528522856184,0.22195285228561845
1663,test,OC[C@@H](NC(=O)C(Cl)Cl)[C@H](O)c1ccc(cc1)[N+](=O)[O-],1.15,1.388078790581273,0.23807879058127313
930,test,CN1CC(C1)n2nccc2c3cc(Cl)ccc3Oc4cc(F)c(cc4F)S(=O)(=O)Nc5ncns5,1.0,1.770883359936926,0.770883359936926
3121,test,CCCN(CCC)S(=O)(=O)c1ccc(cc1)C(=O)O,0.03,-0.03920636071448147,-0.06920636071448147
1355,test,CN1CCc2c(NC(=O)Cc3ccccc3)c4ccccc4nc12,2.8,2.2662588631765423,-0.5337411368234575
2143,test,CNC1=Nc2ncccc2C(=NC1c3cccs3)c4cc[nH]c4,1.73,1.6563399458984644,-0.07366005410153553
2255,test,Cc1ccc(cc1)S(=O)(=O)N2CCN(CC2)C(=O)c3occc3,2.17,1.9680720411325077,-0.20192795886749226
1289,test,CN1CCC[C@H]1c2ccccn2,0.44,2.0100441034780863,1.5700441034780863
1934,test,CC(C)C(NC(=O)CN1C(=O)C(=CC=C1c2ccccc2)NC(=O)NCc3ccncc3)C(=O)C(F)(F)F,2.16,2.4599874612311803,0.29998746123118014
1397,test,CC[C@H](C)[C@H](N)C1=N[C@@H](CS1)C(=O)N[C@@H](CC(C)C)C(=O)N[C@H](CCC(=O)O)C(=O)N[C@@H]([C@@H](C)CC)C(=O)N[C@H]2CCCCNC(=O)[C@H](CC(=O)N)NC(=O)[C@@H](CC(=O)O)NC(=O)[C@H](Cc3cnc[nH]3)NC(=O)[C@@H](Cc4ccccc4)NC(=O)[C@@H](NC(=O)[C@@H](CCCN)NC2=O)[C@@H](C)CC,-0.46,2.1800035405940257,2.6400035405940256
844,test,C1Cc2ncc(c3ccc4OCCOc4c3)n2C1,2.33,1.650729647888752,-0.679270352111248
2057,test,CS(=O)(=O)c1cccc(Nc2nccc(Nc3c(Cl)ccc4ccoc34)n2)c1,3.7,3.7027394921177477,0.0027394921177474885
1357,test,Cc1c[nH]c(\C=C\2/C(=O)Nc3ccccc23)c1CCC(=O)O,1.2,1.5257660494008243,0.3257660494008243
3616,test,COc1cc2ncnc(Nc3cccc(Cl)c3F)c2cc1CN4CCC[C@H]4CC(=O)N,2.64,3.2250964371416586,0.5850964371416585
126,test,CN1CCN(CC1)C2=Nc3cc(Cl)ccc3Nc4ccccc24,3.08,1.8693794031502562,-1.2106205968497439
1863,test,NC1=CC2=NNC(=O)N2c3cc(ccc13)c4ccc[nH]4,2.3,2.323017574257223,0.023017574257223394
1883,test,Brc1ccc2oc3C(=O)NC(=Nc3c2c1)[C@@H]4CCCN4,2.19,2.2832557567665024,0.09325575676650244
3051,test,CCNC(=O)c1cc2c(c(cnc2[nH]1)c3cncc(c3)C#N)n4ccc(n4)C(F)(F)F,2.62,2.204577241711519,-0.4154227582884813
1882,test,Oc1ccc2C(=O)C(=COc2c1)c3ccc(O)c(O)c3,1.88,2.198600959935544,0.31860095993554394
1534,test,NC(Cc1ccc(cc1)N(CCCl)CCCl)C(=O)O,0.39,-0.39523617767732366,-0.7852361776773237
2752,test,CC(NC(=O)C1(N)CCN(CC1)c2ncnc3[nH]ccc23)c4ccccc4,2.17,2.4858497207533135,0.3158497207533135
379,test,O=C(N1CCN(CC1)c2ncccn2)c3cccc(CC4=NNC(=O)c5ccccc45)c3,2.13,1.0890504523075604,-1.0409495476924395
2961,test,COc1ccc(cc1OC)C(=O)Nc2cccc(NC(=O)c3ccc(OC)c(OC)c3)n2,3.5,3.170419603391322,-0.3295803966086779
1968,test,CCN1C(=O)C2=C(OC(=CC2=O)O)c3ccccc13,1.13,1.4684960589791896,0.33849605897918966
3238,test,CCNC(=O)c1cc2c(c(cnc2[nH]1)c3cncc(c3)C4=NNC(=O)O4)n5ccc(n5)C(F)(F)F,1.65,1.4344170167850763,-0.21558298321492364
2513,test,CCN(CC)CCNC(=O)c1c(C)[nH]c(\C=C\2/C(=O)Nc3ccc(F)cc23)c1C,2.26,1.876757343342852,-0.38324265665714785
1997,test,COc1cnccc1COc2cnc(nc2)N3CCN(CC3)C(=O)OC(C)(C)C,3.8,3.915989405048669,0.11598940504866917
1683,test,COCCCc1cc(Nc2ccnc(NCc3onc(C)c3)n2)n[nH]1,2.04,2.4820901901646106,0.4420901901646106
2054,test,Cc1ccnc(NCc2ccccc2)c1,3.08,3.2172875942909327,0.13728759429093262
514,test,COc1ccc(cc1F)c2cc(nn2c3ccc(cc3)S(=O)(=O)N)C(F)F,2.8,2.4762970148358923,-0.32370298516410756
444,test,CC(C)(C)OC(=O)N1CCN(CC1)c2ncc(OCc3ccncc3)cn2,3.4,3.2068292800211102,-0.19317071997888968
3536,test,COc1cc(ccc1Nc2ncc(Cl)c(n2)c3cnc4ccccn34)N5CC6COCC(C5)N6,3.0,3.8690306127292002,0.8690306127292002
612,test,CN(C1CCN(Cc2nc3CCCCc3s2)CC1)C(=O)Cc4ccc(cc4)n5cnnn5,2.5,2.526398753411092,0.026398753411092102
66,test,CO[C@@H]1CC[C@@]2(CC1)Cc3ccc(OCC(C)C)cc3C24N=C(C)C(=N4)N,3.4,3.196347250867285,-0.20365274913271492
2905,test,NC(=O)C([C@@H]1CCN(CCc2ccc3OCCc3c2)C1)(c4ccccc4)c5ccccc5,2.79,1.5227429895234172,-1.2672570104765828
10,test,CS(=O)(=O)c1ccc(Oc2ccc(cc2)C#C[C@]3(O)CN4CCC3CC4)cc1,1.51,2.116743100190339,0.6067431001903392
4152,test,Nc1ccc(cn1)C(=O)Nc2cccc(c2)c3nc(N4CCOCC4)c5oc6ncccc6c5n3,3.44,3.3209856434355554,-0.11901435656444459
2114,test,Clc1cccc(NC(=O)N2CCN(C[C@@H]3CCCN(C3)C4CC4)CC2)c1,2.74,3.3002704288089326,0.5602704288089324
2322,test,COc1cc2ncnc(Nc3cccc(Cl)c3F)c2cc1CN4CCC[C@H]4C(=O)N,3.58,3.054631205068967,-0.5253687949310333
4055,test,CC1=NC(C)(N=C1N)c2cccc(c2)c3cccnc3,1.7,1.3912540220222538,-0.30874597797774617
2389,test,C[C@@H]1CN(CCN1C(=O)[C@@H]2CCCC[C@H]2C(=O)NC3(CC3)C#N)c4ccccc4,2.35,2.4052537895352772,0.055253789535277154
139,test,COC1\C=C\OC2(C)Oc3c(C)c(O)c4C(=O)C(=CC(=O)c4c3C2=O)NC(=O)\C(=C/C=C/C(C)C(O)C(C)C(O)C(C)C(OC(=O)C)C1C)\C,0.7,0.33441917853177294,-0.365580821468227
1615,test,COc1cccc2sc(NC(=O)c3ccccc3)nc12,3.96,2.666114087400389,-1.293885912599611
2478,test,OCCNS(=O)(=O)c1ccc2C(=CNC(=O)c2c1)C(=O)NC[C@@H](O)CN3CCC(CC3)Oc4ccc(Cl)c(Cl)c4,2.06,2.1262948840614064,0.06629488406140638
3903,test,Cc1ccc(NC(=O)[C@@H]2CCCN2S(=O)(=O)c3cccc4cccnc34)c(C)c1,3.8,3.529274832133655,-0.27072516786634493
102,test,CNC(=C[N+](=O)[O-])NCCSCc1oc(CN(C)C)cc1,-0.95,1.1172145441006496,2.0672145441006498
1783,test,O=C1CCOc2nc(COc3ccccc3)ccc12,2.3,2.0715840871329703,-0.22841591286702956
400,test,Nc1ccc2ncccc2c1,1.33,1.2231217993964205,-0.10687820060357955
568,test,CN(C)S(=O)(=O)c1ccc2Sc3ccccc3\C(=C\CCN4CCN(C)CC4)\c2c1,3.16,2.2635668248327963,-0.8964331751672039
533,test,CC[C@H](NC(=O)c1c([S+](C)[O-])c(nc2cc(F)ccc12)c3ccccc3)c4ccccc4,3.62,3.0860931030798238,-0.5339068969201763
2534,test,Cc1ccc(cc1NC(=O)c2ccc(OCc3ccccn3)cc2)c4ncc(CN5CCOCC5)s4,3.1,3.727953185848335,0.6279531858483347
1576,test,Cc1cc(C)cc(c1)c2[nH]c3ccccc3c2CCNCCCCc4ccncc4,3.3,2.9637953170719546,-0.3362046829280452
2333,test,Oc1ccc2C[C@H]3N(CC4CC4)CC[C@@]56[C@@H](Oc1c25)c7[nH]c8[C@@H]9Oc%10c(O)ccc%11C[C@H]%12N(CC%13CC%13)CC[C@@]9(c%10%11)[C@@]%12(O)Cc8c7C[C@@]36O,1.41,0.1673583994091934,-1.2426416005908065
2411,test,OC[C@H](O)CN1C(=O)[C@@H](Cc2ccccc12)NC(=O)c3cc4cc(Cl)sc4[nH]3,3.27,3.1750416961727153,-0.09495830382728476
1679,test,COc1ccc2c(C)nc(NC(=N)N)nc2c1,-0.51,0.8539753168670645,1.3639753168670645
2627,test,Cc1ccc(cc1)C(=O)C2CCN(CC2)C(=O)c3ccc(C)cc3,3.43,2.5489510522249565,-0.8810489477750436
2301,test,COc1cc2nc(Nc3ccc(cc3)[C@@H](C)NC(=O)C)ncc2cc1c4ccncc4,3.11,2.9765017085762464,-0.13349829142375347
1710,test,OC1(CCN(CCCC(=O)c2ccc(F)cc2)CC1)c3ccc(Cl)cc3,2.67,3.559721006587663,0.8897210065876631
2070,test,COC(=O)C1C(CC2CCC1N2C)OC(=O)c3ccccc3,1.06,1.8321310327902336,0.7721310327902335
550,test,Cc1cc(N)c2cc(NC(=O)CCCCC(=O)Nc3ccc4nc(C)cc(N)c4c3)ccc2n1,0.53,1.7011043656750866,1.1711043656750866
2738,test,Cc1cc(NCc2ccccc2)nc3ccccc13,3.69,3.564224014490012,-0.1257759855099878
4199,test,CN1C(=O)C=C(CCc2ccc3ccccc3c2)N=C1N,2.7,2.3761793348203852,-0.32382066517961494
2486,test,Clc1ccc2C(=O)NC(=Nc2c1)c3ccccc3,3.31,2.07634637639326,-1.23365362360674
920,test,[O-][n+]1cc(ccc1Cl)C(=O)Nc2ccc(F)cc2,1.38,2.041505529430044,0.6615055294300443
843,test,CC(=O)Nc1ccc2[nH]cc(c3cc(NC4CC4)n5ncc(C#N)c5n3)c2c1,2.65,2.646560616960216,-0.003439383039784083
240,test,O=C(COc1ccccc1)N2CCOCC2,0.75,1.1120227154311888,0.3620227154311888
2045,test,CC1=CN([C@H]2CCCN(Cc3ccc(C(=O)O)c(Oc4cccc(C)c4)c3)C2)C(=O)NC1=O,-0.82,-0.5085043387920001,0.3114956612079999
3913,test,CC(C)N1CCC(CC1)N(C(=O)Cc2ccccc2)c3ccc(Cl)cc3,2.3,3.7463505923130622,1.4463505923130624
829,test,Cc1cccc2c3CN(CCc3[nH]c12)C(=O)[C@@H]4CCCC[C@H]4C(=O)NC5(CC5)C#N,2.99,2.827140235983123,-0.1628597640168774
3177,test,CN(C)CCCn1c2CCCCCCc2c3ccccc13,2.96,2.8984618698296014,-0.06153813017039855
4077,test,COc1cc(ccc1Nc2ncc(Cl)c(n2)c3cnc4ccccn34)N5CCN(CC5)C(=O)C,3.65,3.7542918307753235,0.10429183077532356
1009,test,COc1ccc(cc1OC)C(=O)Nc2cc(NC(=O)c3cccc(c3)N(C)C)ccc2Br,3.49,2.736216795378395,-0.7537832046216053
2756,test,Cc1onc(CO)c1C(=O)Nc2nccs2,1.53,2.877861831859324,1.3478618318593238
3437,test,O=C1COc2ccccc2N1CCN3CCC(CC3)NCc4cc5OCCOc5cn4,1.04,1.6332245530691156,0.5932245530691156
221,test,CC(Cc1cccc(CNCCc2c(Cl)cccc2Cl)c1)NC[C@H](O)c3ccc(O)c4NC(=O)Sc34,2.41,2.62612405338984,0.21612405338983987
3902,test,COCCN(c1ccnc(Nc2cc(cc(c2)N3CCOCC3)N4CCOCC4)n1)c5cc(CO)ccc5C,2.8,2.0535772815676236,-0.7464227184323762
1176,test,CCC(CC)n1nc(C)c(C(=O)N[C@@H](C)C(C)(C)C)c1NS(=O)(=O)c2ccc(C)cc2,1.88,0.707998142452066,-1.1720018575479338
2169,test,CC(C)CN1C(=O)N(C)C(=O)c2c(SC3CCCCC3)c(Cc4ccccc4C(F)(F)F)sc12,4.14,4.429902340155859,0.2899023401558596
666,test,CCNCc1cnc(s1)c2ccc(cc2)C(=O)Nc3ccccc3N,0.95,2.5920536804897147,1.6420536804897148
3354,test,CCC(N(CCCN)C(=O)c1ccc(C)cc1)C2=Nc3ccsc3C(=O)N2Cc4ccccc4,1.81,1.625058555346222,-0.18494144465377804
1611,test,C=CCOc1cc(ccc1NC(=O)CN2CCOCC2)c3cccc4C(=O)C=C(Oc34)N5CCOCC5,3.0,2.895416320469205,-0.10458367953079506
916,test,CCN(CC)C(=O)c1ccc(C2=CC3(CCNCC3)Oc4ccccc24)c(O)c1,0.77,1.0137753776753426,0.24377537767534263
1701,test,CCC(CO)NCCNC(CC)CO,-1.42,0.32507201479934866,1.7450720147993486
2515,test,Fc1ccc(cc1)[C@@H]2CCNC[C@H]2COc3ccc4OCOc4c3,1.78,1.8541782544200107,0.07417825442001069
2429,test,CS(=O)(=O)c1cccc(Nc2nccc(Nc3cccc4[nH]ncc34)n2)c1,2.91,2.722419295799233,-0.1875807042007671
250,test,Fc1ccc(SC2=NN3C=NC(=O)C(=C3C=C2)c4c(Cl)cccc4Cl)c(F)c1,2.74,3.3015978303795666,0.5615978303795663
1802,test,OC(=O)C[C@H]1[C@@H](Cc2ccccc12)NC(=O)c3cc4cc(F)ccc4[nH]3,1.26,2.3401081054592168,1.0801081054592168
3060,test,Cc1cc(O)nc(n1)n2nc(C)c(Oc3ccccc3O)c2C,1.4,1.9717075647588775,0.5717075647588776
1767,test,CCCSc1nc(N[C@@H]2CC[C@H](CC2)C(=O)O)ccc1C(=O)NC3CCCCC3,2.02,2.5843446119102182,0.5643446119102182
1295,test,CC(N(O)C(=O)N)c1cc2ccccc2s1,2.05,1.655510998663661,-0.3944890013363389
923,test,C[C@@H]1CN(CCN1c2ncc(OCc3ccncc3C#N)cn2)C(=O)OCC(F)F,2.3,2.5418412648454813,0.24184126484548152
2767,test,Oc1nc2ccccc2nc1NCc3ccccc3,3.3,1.887644700758049,-1.4123552992419508
136,test,Nc1nnc(CCSCCc2nnc(NC(=O)Cc3ccccc3)s2)s1,2.0,0.47390890435119326,-1.5260910956488067
1864,test,CC(C)CN1C(=O)N(C)C(=O)c2c1sc(Cc3c[nH]c4ncccc34)c2C(=O)N5CC[C@@H](O)C5,1.71,1.5198470036434015,-0.19015299635659844
3982,test,Cc1sc(N)nc1c2ccccc2,2.75,3.049153349108565,0.29915334910856517
282,test,O=C1CCOc2nc(ccc12)C#CC3CCCC3,3.0,1.6397344646521055,-1.3602655353478945
3957,test,CC(=O)Nc1ccc(O)cc1OC[C@@H](O)CN2CCC3(CC2)Cc4cc(F)ccc4O3,2.1,2.5420020061989104,0.4420020061989103
852,test,Cc1nc(C)c(nc1C(=O)N)c2ccc(cc2)C34CCC(CC3)(CC4)C(=O)O,1.3,1.4654311423214557,0.16543114232145562
3855,test,[O-][N+](=O)c1ccc2c(c1)C(=O)C(=O)c3ccccc23,2.42,2.822779530200116,0.40277953020011603
2457,test,Nc1ncc(cc1c2oc3ccccc3n2)c4cnn(c4)C5CCNCC5,1.85,2.7457482140605403,0.8957482140605402
3724,test,Fc1cccc(CN2CCN(CC2)c3ccc4nnc(n4n3)C(F)(F)F)c1F,3.6,2.84370409312013,-0.75629590687987
2519,test,CNc1ccc(cc1)c2nc3ccc(O)cc3s2,3.5,3.0375393751540423,-0.46246062484595774
1726,test,CC(C)n1c(C)ncc1c2nc(Nc3ccc(C(=O)NCCN(C)C)c(F)c3)ncc2F,2.26,2.466579236862359,0.20657923686235913
3454,test,Cc1ccc(cc1)S(=O)(=O)NC(=O)NN2CCCCCC2,0.01,0.07448887920570213,0.06448887920570213
879,test,Clc1ccc2N=C3NC(=O)CN3Cc2c1Cl,1.86,1.9041113117102746,0.04411131171027449
1272,test,NS(=O)(=O)c1ccc(Nc2nccc(Nc3c(Cl)ccc4OCOc34)n2)cc1,2.7,3.0538761812112956,0.3538761812112954
3193,test,CNc1c(Br)cnc2[nH]c(nc12)c3ccc(OCCN4CCCCC4)cc3,2.56,3.2523730838869396,0.6923730838869395
3996,test,CC(C)Oc1cccc(CC(=O)N2CCC[C@@](CC[N+]34CCC(CC3)(CC4)c5ccccc5)(C2)c6ccc(Cl)c(Cl)c6)c1,1.23,3.2095373545402244,1.9795373545402244
3038,test,Brc1ccccc1C(=O)NCC23CC4CC(CC(C4)C2)C3,4.15,4.041215953371978,-0.10878404662802232
3563,test,C[C@@H](NC1=CC(=O)CCC1)c2ccc(Nc3ncc4cc(ccc4n3)c5ccncc5)cc2,3.17,3.354285949192737,0.1842859491927369
2812,test,OC(=O)C(N1CCO[C@@H](CN2CCC(CC2)Oc3ccc(Cl)c(Cl)c3)C1)c4ccccc4,1.71,2.8436240620671303,1.1336240620671303
2954,test,Cn1cc(cc1C=O)C(=O)CCCCOc2ccc(cc2)C(=O)O,0.14,1.129980213563824,0.9899802135638239
1633,test,Cc1ccc(c(C)c1)c2nnc(O)c3ccccc23,3.41,2.171628363383031,-1.2383716366169693
3002,test,CCC(N(CCCN)C(=O)c1ccc(C)cc1)C2=Nc3ccsc3C(=O)N2Cc4ccc(OC)cc4,2.15,1.7346610700115064,-0.41533892998849353
3635,test,COCCNC(=O)c1ccc(Nc2ncc3cc(ccc3n2)c4ccncc4OC)cc1,3.14,2.663735370602291,-0.4762646293977091
2629,test,Cc1ncc(c2ccnc(Nc3ccc(cc3)S(=O)(=O)N)n2)n1C,1.6,1.754457233145659,0.15445723314565885
1092,test,COc1cc(Nc2nc(N[C@@H](C)c3ncc(F)cn3)nc(N4CCOCC4)c2Cl)n[nH]1,2.85,2.9336489215014705,0.08364892150147041
3378,test,CS(=O)(=O)C1(CC1)c2cc(nc(n2)c3cccc4[nH]ccc34)N5CCOCC5,2.2,2.2785966302582454,0.07859663025824526
3325,test,Nc1cccc(C(=O)NCC23CC4CC(CC(C4)C2)C3)c1Cl,3.29,3.099003186598091,-0.1909968134019091
2035,test,CCN(CC)C(=O)c1ccc(cc1)C(=C2CCNCC2)c3ccc(Cl)c(Cl)c3,2.4,1.8511347497440473,-0.5488652502559526
2622,test,CN(C)c1cccc(c1)C(=O)Nc2ccc(C)c(NC(=O)c3ccc(OCc4ccccn4)cc3)c2,2.83,3.6166985656878747,0.7866985656878747
2521,test,Clc1ccc(cc1)C(=O)\C=C\Sc2nc[nH]n2,3.1,2.402638323319091,-0.697361676680909
2541,test,COC(=O)COc1ccc(OCCNCC(O)COc2ccccc2)cc1,1.54,1.0600370300370219,-0.47996296996297816
3930,test,CC(C)n1c(C)ncc1c2nc(Nc3ccc(cc3)C(=O)N4CCN(C)CC4)ncc2F,2.49,2.1586998644825837,-0.33130013551741655
3467,test,CN(C)C(=O)Nc1ccc(CN2NC(=O)C3=C(C2=O)C(=O)c4ccc(Cl)cc4N3)cc1,1.1,0.6124307464216205,-0.48756925357837955
479,test,CN1CCCC1c2cccnc2,0.5,0.721359187575938,0.22135918757593798
1963,test,COCCOC(=O)C1=C(C)NC(=C(C1c2cccc(c2)[N+](=O)[O-])C(=O)OC(C)C)C,3.8,3.032548351107475,-0.7674516488925249
561,test,CCCCN(CCCC)CCCOC(=O)c1ccc(N)cc1,1.93,1.6201095683459128,-0.30989043165408714
44,test,OC(=O)COc1ccc(cc1c2cc(ccc2F)C#N)C(F)(F)F,-0.16,0.004812087268438958,0.16481208726843896
1482,test,CN(c1ccnc(Nc2cc(cc(c2)S(=O)(=O)C)N3CCOCC3)n1)c4cc(CO)ccc4C,2.9,2.6221629252455116,-0.27783707475448827
3049,test,COc1cc(OC)cc(c1)C2=CC=C(NC(=O)OCc3ccccc3)C(=O)N2CC(=O)NC(C(C)C)C(=O)C(F)(F)F,2.26,3.379524897653558,1.1195248976535583
675,test,C[C@H](NC1=NC(=O)C(C)(S1)C(F)(F)F)c2ccccc2F,3.1,2.916683920615443,-0.18331607938455718
406,test,C[C@@H](O)[C@H](NC(=O)c1ccc(cc1)C#Cc2ccc(CN3CCOCC3)cc2)C(=O)NO,2.03,3.503733383982043,1.4737333839820432
3197,test,Cc1c(O[C@H]2C[C@H]3CC[C@@H](C2)N3Cc4ccccc4)cccc1C(=O)N,1.6,1.6931097705406224,0.0931097705406223
1526,test,COc1cc2ncc(C(=O)N)c(Nc3ccc(F)c(Cl)c3)c2cc1OC,3.22,3.449293180448371,0.22929318044837066
1402,test,Nc1n[nH]c2c(Cl)cccc12,1.7,2.0545760189424125,0.35457601894241253
2739,test,Cc1c(cnn1c2ccc(cc2)C(=O)O)C(=O)NC3C4CC5CC(CC3C5)C4,0.8,0.5725117676086622,-0.22748823239133786
3821,test,Cc1cc(C)nc(SCC(=O)N)n1,0.23,1.205477556013467,0.975477556013467
3063,test,FC(F)(F)c1nnc2ccc(nn12)N3CCCCCC3,3.29,2.775710250678663,-0.5142897493213372
630,test,Cc1nc(C)c(nc1C(=O)N)c2ccc3c(CC[C@@]34CC[C@@H](CC4)C(=O)O)c2,1.2,1.4634962761665684,0.26349627616656845
2083,test,CSc1ncccc1C(=O)NCc2ccc(C)cc2,2.71,2.9156405400704686,0.2056405400704686
4168,test,Oc1ccc(cc1)[N+](=O)[O-],1.5,2.021310469382363,0.5213104693823629
650,test,CN1C(=O)C=C(CCc2ccccc2)N=C1N,2.0,1.869788285251981,-0.13021171474801907
2406,test,CCN(CCNCCc1ccc(O)c2NC(=O)Sc12)C(=O)CCOCCc3ccccc3,1.92,2.323575645392779,0.40357564539277924
2564,test,C[C@H](NC(=O)c1c(C)nn(C2CCOCC2)c1NS(=O)(=O)c3ccc(cc3)C4CC4)C(C)(C)C,1.23,1.2519977284953887,0.021997728495388724
1128,test,OCC(CO)Nc1nc(SCc2cccc(F)c2F)nc3nc(NC4CC4)sc13,3.11,3.902189210259177,0.7921892102591772
3947,test,O=C(Oc1ccc2C(=O)CCOc2c1)c3ccccc3,3.6,3.1922781271713836,-0.4077218728286165
834,test,CC(=O)NCC(NC(=O)C1(N)CCN(CC1)c2ncnc3[nH]ccc23)c4ccc(Cl)cc4,2.4,2.732543352238591,0.332543352238591
3827,test,C[C@@](N)(Cc1ccccc1)c2ccccc2,1.7,1.6948811144407012,-0.005118885559298736
1512,test,CC(C)N1CCN(Cc2cnc(c(F)c2)c3ccc(cc3)C(=O)Nc4ccccc4N)CC1,1.6,1.6824126510857873,0.08241265108578721
1703,test,CCN1CCO[C@@H](CN2CCN(CC2)C(=O)Nc3ccc(Cl)c(Cl)c3)C1,2.68,2.3537154821167587,-0.3262845178832414
2268,test,COc1ccc(c(OC)c1)c2cncc(CNC3CCCC3)n2,2.14,2.0016232850775943,-0.13837671492240577
1445,test,CN1C(=O)N(CC2CC2)c3nn(Cc4ccnc5ccc(Cl)cc45)c(c6oc(cc6)S(=O)(=O)C)c3C1=O,2.71,2.5638766482952198,-0.1461233517047802
4141,test,Oc1cc(ccc1NC(=O)CN2CCOCC2)c3cccc4C(=O)C=C(Oc34)N5CCOCC5,2.4,2.9880430606038457,0.5880430606038458
3565,test,Nc1nc2cc3CCN(Cc4ccccc4)CCc3cc2s1,2.66,2.5005456185550727,-0.1594543814449274
3919,test,COCC(C)n1nc(C)c(C(=O)N[C@@H](C)C(C)(C)C)c1NS(=O)(=O)c2ccc(C)cc2,0.61,0.9933015992988663,0.3833015992988663
924,test,CN(C)CC(O)COc1ccc(Nc2nccc(n2)N(CC#N)c3cc(Cl)ccc3Cl)cc1,2.4,2.691693833809286,0.29169383380928604
2543,test,Oc1cccc(O[C@H]2C[C@H]3CC[C@@H](C2)N3Cc4ccccc4)c1,2.3,2.42809023742511,0.12809023742511005
2649,test,COc1ccc(N(C(C)C(=O)NC2CCCC2)C(=O)c3ccccc3)c(OC)c1,3.02,2.7103941842988295,-0.3096058157011705
613,test,C[C@H](Oc1ccc(Cl)cc1CN2CCN([C@@H](C)C2)C(=O)Cc3ccc(Cl)cc3)C(=O)O,1.66,1.76389123307326,0.10389123307325998
