row,partition,smiles,actual,predicted,residual
805,train,OCCc1cccc(NC(=O)c2cc3cc(Cl)ccc3[nH]2)c1,3.83,2.1793452380952383,-1.6506547619047618
2572,train,COc1cc2ncnc(Nc3cc(Cl)ccc3F)c2cc1OCCCN4CCOCC4,3.4,2.1793452380952383,-1.2206547619047616
2762,train,CN[C@H]1CCN(C1)C(=O)c2ccc(Nc3nccc(n3)c4cnc(C)n4C(C)C)cc2,1.22,2.1793452380952383,0.9593452380952383
2829,train,ONC(=O)CN1C(=O)C(Cc2ccccc12)NC(=O)c3cc4cc(Cl)sc4[nH]3,2.4,2.1793452380952383,-0.22065476190476163
2187,train,OC(=O)COc1ccc(Cl)cc1CN2CCN(CC2)S(=O)(=O)c3ccccc3,0.49,2.1793452380952383,1.6893452380952383
3308,train,CC1=CC2=NNC(=O)N2c3cc(ccc13)c4ccc(CO)cc4,2.86,2.1793452380952383,-0.6806547619047616
2046,train,CCCc1c(O)c(O)c(C(=O)O)c2cc(Cc3ccccc3)c(C)cc12,2.6,2.1793452380952383,-0.4206547619047618
1144,train,CC(N1NC(=O)C2=C(C1=O)C(=O)c3ccc(Cl)cc3N2)c4ccsc4,0.9,2.1793452380952383,1.2793452380952384
2514,train,Clc1ccc(OC2CCN(CC2)C3CCN(CC3)C(=O)NS(=O)(=O)c4ccccc4)cc1Cl,1.5,2.1793452380952383,0.6793452380952383
4059,train,CN(C)C(=O)C(CCN1CCC(O)(CC1)c2ccc(Cl)cc2)(c3ccccc3)c4ccccc4,3.47,2.1793452380952383,-1.290654761904762
1895,train,C[C@H](NC(=O)c1c(C)nn(C2CCN(CC(F)(F)F)CC2)c1NS(=O)(=O)c3ccc(C)cc3)C(C)(C)C,1.08,2.1793452380952383,1.0993452380952382
1937,train,OC(CN1CCOCC1)c2ccccc2,1.0,2.1793452380952383,1.1793452380952383
3819,train,Oc1ccc2C(=O)N(C(=O)c2c1)c3ccccc3,2.3,2.1793452380952383,-0.12065476190476154
965,train,Cc1ccc(cc1)C(=O)N2CCC(CC2)C(=O)c3ccc(Cl)cc3,3.79,2.1793452380952383,-1.6106547619047618
501,train,Cc1c(Sc2ccc(Cl)cc2)c3cc(Cl)ccc3n1CC(=O)O,2.87,2.1793452380952383,-0.6906547619047618
2048,train,O=S1NC(=NO1)Cc2ccc3ccccc3c2,1.85,2.1793452380952383,0.3293452380952382
773,train,CC(=O)N1CCN(CCOc2ccc(cc2)C3CCN(CC3)c4ccc5nnc(n5n4)C(F)(F)F)CC1,3.2,2.1793452380952383,-1.020654761904762
2599,train,Nc1ccc(cc1)C2(CCCCC2)c3ccc(N)cc3,3.2,2.1793452380952383,-1.020654761904762
3665,train,CN1CCOc2cc(COc3ccccc3)cnc12,3.3,2.1793452380952383,-1.1206547619047615
3903,train,Cc1ccc(NC(=O)[C@@H]2CCCN2S(=O)(=O)c3cccc4cccnc34)c(C)c1,3.8,2.1793452380952383,-1.6206547619047615
1130,train,C[C@@H](COCCCS(=O)(=O)CCNCCc1ccc(O)c2nc(O)sc12)c3ccccc3,2.32,2.1793452380952383,-0.14065476190476156
2419,train,OC(=O)CSc1c[nH]c2ccccc12,-1.31,2.1793452380952383,3.4893452380952383
966,train,c1ccc(nc1)c2nc3ccccc3[nH]2,2.5,2.1793452380952383,-0.3206547619047617
2913,train,CCN(CC)CCNC(=O)c1cc(Cl)c(N)cc1OC,0.34,2.1793452380952383,1.8393452380952382
2132,train,COc1cc2c(Nc3ccc(Br)cc3F)ncnc2cc1OC[C@@H]4CCCN(C)C4,3.05,2.1793452380952383,-0.8706547619047615
2404,train,CCN(CC)CCNc1ncnc2c1sc3nc(N4CCOCC4)c5CCCCc5c23,3.3,2.1793452380952383,-1.1206547619047615
3409,train,CS(=O)(=O)Cc1cc(nc(n1)c2ccc(NS(=O)(=O)C)cc2)N3CCOCC3,0.85,2.1793452380952383,1.3293452380952382
483,train,NCc1nc2ccccc2[nH]1,0.4,2.1793452380952383,1.7793452380952384
4188,train,COC(=O)COc1ccc(cn1)C(=O)Nc2ccc(F)cc2,2.43,2.1793452380952383,-0.2506547619047619
3094,train,CC(C)CN1C(=O)N(C)C(=O)c2c1sc(Cn3c(C)nc4ccccc34)c2C(=O)N5CC[C@@H](O)C5,1.34,2.1793452380952383,0.8393452380952382
525,train,CSc1nc(nn1Cc2ccccc2)c3ccccc3,3.83,2.1793452380952383,-1.6506547619047618
2465,train,Nc1cc(nc2ccccc12)c3ccccc3,2.2,2.1793452380952383,-0.020654761904761898
244,train,COc1cc(O)cc2OC=C(C(=O)c12)c3ccc(O)cc3,2.0,2.1793452380952383,0.17934523809523828
2196,train,CCCNC[C@H](O)COc1ccccc1C(=O)CCc2ccccc2,1.69,2.1793452380952383,0.48934523809523833
2244,train,OC1=C(C(=O)Nc2cc(Cl)ccc12)c3cccc(Oc4ccccc4)c3,2.96,2.1793452380952383,-0.7806547619047617
843,train,CC(=O)Nc1ccc2[nH]cc(c3cc(NC4CC4)n5ncc(C#N)c5n3)c2c1,2.65,2.1793452380952383,-0.47065476190476163
3640,train,Cn1c(ccc1c2cc(F)c3NC(=O)C(C)(C)c3c2)C#N,3.21,2.1793452380952383,-1.0306547619047617
3364,train,CC(=O)NCc1ccc(CN2CCN(CC2)c3ccccc3)cc1,1.78,2.1793452380952383,0.39934523809523825
1822,train,Cc1cc2NC(=O)C(=CC(=O)c2cc1C)O,1.99,2.1793452380952383,0.1893452380952383
1591,train,Cn1cnc2cc(cnc12)C#Cc3ccccc3,3.5,2.1793452380952383,-1.3206547619047617
40,train,OB1N(C(=O)Nc2ccccc12)c3ccccc3,1.4,2.1793452380952383,0.7793452380952384
4022,train,Fc1ccccc1Nc2oc(nn2)C(=O)Nc3ccc(Oc4cccnc4)nc3,3.1,2.1793452380952383,-0.9206547619047618
2014,train,CCCc1c(O)c(ccc1OCc2ccc(\C=C\c3nn[nH]n3)cc2)C(=O)C,3.3,2.1793452380952383,-1.1206547619047615
3625,train,CC(C)N(CCNCCc1ccc(O)c2NC(=O)Sc12)C(=O)CCOCCc3ccccc3,2.33,2.1793452380952383,-0.1506547619047618
1701,train,CCC(CO)NCCNC(CC)CO,-1.42,2.1793452380952383,3.599345238095238
1693,train,COc1ccccc1CCNCc2cccc(CCNC[C@H](O)c3ccc(O)c4NC(=O)Sc34)c2,0.82,2.1793452380952383,1.3593452380952384
1603,train,CCOc1cc2ncc(C(=O)N)c(Nc3ccc(F)cc3F)c2cc1N4CCC(O)CC4,2.74,2.1793452380952383,-0.5606547619047619
3812,train,CCCNC(=O)c1nnc2c(c(F)ccc2c1N)c3ccc(OC)cc3OC,3.52,2.1793452380952383,-1.3406547619047617
3114,train,OC(=O)[C@H](Cc1cccc(OCCCNc2ccccn2)c1)NC(=O)c3c(Cl)cccc3Cl,0.16,2.1793452380952383,2.019345238095238
2199,train,CC(=O)Nc1nc(cs1)c2cccs2,2.77,2.1793452380952383,-0.5906547619047617
1839,train,FC(F)(F)c1ccc(cc1)S(=O)(=O)N2CCN(CC2)C(=O)N3CCN(CC3)c4ccncc4Cl,3.54,2.1793452380952383,-1.3606547619047618
2558,train,O[C@]1(CN2CCC1CC2)C#Cc3ccc(Oc4ccc(cc4)C(=O)NCc5ccncc5)cc3,2.42,2.1793452380952383,-0.24065476190476165
324,train,COc1cc(N2CCN(C)CC2)c3nc(cc(N(C)C)c3c1)C(=O)Nc4ccc(cc4)N5CCOCC5,3.3,2.1793452380952383,-1.1206547619047615
2815,train,Clc1ccc(NCCNCC(=O)N2CCC[C@H]2C#N)nc1,0.99,2.1793452380952383,1.1893452380952383
3921,train,COc1ccc(N(C(C(=O)NC2CCCC2)c3ccccc3F)C(=O)C)c(OC)c1,2.81,2.1793452380952383,-0.6306547619047618
3446,train,COc1ccc(cc1)c2nc(nc(O)c2C#N)N3CCOCC3,0.2,2.1793452380952383,1.9793452380952383
1388,train,O=C(N1CCNCC1)c2cc3ccccc3[nH]2,0.6,2.1793452380952383,1.5793452380952382
2344,train,CCCCC(CC)CNC(=O)c1ccc2c(c1)c(Cc3ccc(cc3OC)C(=O)NS(=O)(=O)c4ccccc4C)cn2C,3.66,2.1793452380952383,-1.4806547619047619
3273,train,CC1=CN(C2CCCN(Cc3cccc(Oc4ccc(Cl)cc4)c3)C2)C(=O)NC1=O,3.38,2.1793452380952383,-1.2006547619047616
3356,train,Fc1ccc(CN2CCN(CC2)c3ccc4nnc(n4n3)C(F)(F)F)cc1,3.46,2.1793452380952383,-1.2806547619047617
3558,train,Oc1ccc2[nH]c(CN3CCC(Cc4ccc(F)cc4)CC3)nc2c1,3.8,2.1793452380952383,-1.6206547619047615
4167,train,CNC(=O)c1cccc(c1c2ccc(CC(C)C)cc2)S(=O)(=O)Nc3ncc(C)nc3OC,1.68,2.1793452380952383,0.49934523809523834
3403,train,CS(=O)(=O)c1ccc2[nH]c3CCN(Cc3c2c1)C(=O)[C@@H]4CCCC[C@H]4C(=O)NC5(CC5)C#N,1.5,2.1793452380952383,0.6793452380952383
1915,train,ON(C=O)C1(CS(=O)(=O)N2CCN(CC2)c3ccc(F)cc3)CCOCC1,0.85,2.1793452380952383,1.3293452380952382
3141,train,COC[C@@H](O)CN1C(=O)C=NN(C1=O)c2ccc(Cl)c(c2)C(=O)NCC3(O)CCCCCC3,1.44,2.1793452380952383,0.7393452380952383
1775,train,OC(CCN1CCCCC1)(C2CCCCC2)c3ccccc3,2.68,2.1793452380952383,-0.5006547619047619
2108,train,Brc1cccc2c3CN(CCc3[nH]c12)C(=O)[C@@H]4CCCC[C@H]4C(=O)NC5(CC5)C#N,3.12,2.1793452380952383,-0.9406547619047618
2673,train,O=C1C=C(C=CN1c2ccc3c(cnn3CCN4CCCC4)c2)c5ccccc5,1.6,2.1793452380952383,0.5793452380952382
1916,train,CC(C)[C@@H](CN1CC[C@](C)([C@@H](C)C1)c2cccc(O)c2)NC(=O)[C@H]3Cc4ccc(O)cc4CN3,2.39,2.1793452380952383,-0.21065476190476184
3132,train,CC(C)n1c(C)ncc1c2nc(Nc3ccc(C(=O)N(C)C)c(F)c3)ncc2F,3.14,2.1793452380952383,-0.9606547619047618
2862,train,CCCSc1nc(ccc1C(=O)NC2CCCCC2)N3CCC(CC3)C(=O)O,1.6,2.1793452380952383,0.5793452380952382
1456,train,Fc1cccc(COc2cc(OCCCN3CCCC3)ccc2C(=O)Nc4ccccc4)c1,3.67,2.1793452380952383,-1.4906547619047616
2423,train,CNc1cccc(CCOc2ccc(C[C@H](NC(=O)c3ccccc3Cl)C(=O)O)cc2)n1,-0.31,2.1793452380952383,2.4893452380952383
115,train,COc1ccc(OC)c(CNC(=O)c2cccnc2Oc3ccccc3)c1,3.52,2.1793452380952383,-1.3406547619047617
3571,train,O=S(=O)(NCCNc1ncccn1)c2cccc3cnccc23,0.61,2.1793452380952383,1.5693452380952384
3243,train,C[C@@H]1CN(Cc2oc(nn2)c3cc(cc4[nH]ncc34)c5cccc6[nH]ccc56)C[C@H](C)O1,4.01,2.1793452380952383,-1.8306547619047615
1526,train,COc1cc2ncc(C(=O)N)c(Nc3ccc(F)c(Cl)c3)c2cc1OC,3.22,2.1793452380952383,-1.040654761904762
3630,train,CNC1=CN=C(N(CC(=O)NC(C(C)C)C(=O)C(F)(F)F)C1=O)c2ccc(F)cc2,1.86,2.1793452380952383,0.3193452380952382
192,train,CCCSc1nc(N[C@@H]2C[C@H]2c3ccccc3)c4nnn([C@@H]5C[C@H](O)[C@@H](O)[C@H]5O)c4n1,3.97,2.1793452380952383,-1.790654761904762
3790,train,NC(=O)c1ccc(O[C@H]2C[C@H]3CC[C@@H](C2)N3Cc4ccccc4)cn1,1.51,2.1793452380952383,0.6693452380952383
1141,train,COc1ncnc(NS(=O)(=O)c2ccc(N)cc2)c1OC,-0.73,2.1793452380952383,2.9093452380952383
312,train,CCOc1ccc2oc(C(=O)NC(CCSC)c3nc4ncccc4[nH]3)c(C)c2c1,4.23,2.1793452380952383,-2.050654761904762
2286,train,Cc1cccc(c1)C(=O)N2CCC(CC2)C(=O)c3ccc(F)cc3,3.4,2.1793452380952383,-1.2206547619047616
4081,train,COc1cc(F)ccc1c2cccc(CNC3CCCC3)c2,2.29,2.1793452380952383,-0.11065476190476176
1363,train,CN(C)CCOC(c1ccccc1)c2ccccc2C,1.47,2.1793452380952383,0.7093452380952383
3314,train,COc1ccc2COC(=O)N(CCN3CCC(CC3)NCc4ccc5OCC(=O)Nc5n4)c2c1,0.5,2.1793452380952383,1.6793452380952383
298,train,C[C@@](O)(C(=O)Nc1ccc(cc1Cl)S(=O)(=O)NCC=C)C(F)(F)F,3.07,2.1793452380952383,-0.8906547619047616
3318,train,CCN(CC)CCn1c2ccccc2c3cnc(N)c(C#N)c13,2.7,2.1793452380952383,-0.5206547619047619
1216,train,COc1cc(ccc1Nc2ncc(C)c(n2)c3cnc4ccccn34)N5CCN(CC5)C(=O)C,2.9,2.1793452380952383,-0.7206547619047616
1122,train,Cn1cnc(c2ccccc2)c1c3cc4c(N)ncnc4s3,2.94,2.1793452380952383,-0.7606547619047617
857,train,CCc1cccc(c1)N(C)C(=N)Nc2cccc3ccccc23,1.57,2.1793452380952383,0.6093452380952382
3539,train,O=C(Nc1ccc(nc1)N2CCOCC2)c3oc(Nc4cccc(OCc5ccccn5)c4)nn3,3.1,2.1793452380952383,-0.9206547619047618
3507,train,C[C@@H]1CN(CCN1c2ncc(OCc3ccncc3C#N)cn2)C(=O)OC(C)(C)C#N,2.3,2.1793452380952383,-0.12065476190476154
3166,train,CCc1nc2c(N)nc3ccccc3c2n1CC(C)C,2.55,2.1793452380952383,-0.37065476190476154
2917,train,NC(=O)C1=CN(Cc2ccc(Cl)cc2Cl)C(=O)C=C1,2.36,2.1793452380952383,-0.1806547619047616
3789,train,CN(C)c1cccc(c1)C(=O)Nc2ccc(C)c(c2)C(=O)Nc3cccnc3,3.01,2.1793452380952383,-0.8306547619047615
779,train,Cc1cccc(c1)N(Cc2cc(F)c(F)cc2F)C(=O)O[C@H]3CN4CCC3CC4,2.24,2.1793452380952383,-0.060654761904761934
3239,train,CN(C)CCCN1c2ccccc2Sc3ccccc13,2.56,2.1793452380952383,-0.3806547619047618
4018,train,COc1cc(OC2CCNCC2)ccc1Nc3ncc(Cl)c(n3)c4cnc5ccccn45,1.8,2.1793452380952383,0.37934523809523824
2677,train,C[C@H](c1c[nH]cn1)c2cccc(C)c2C,2.79,2.1793452380952383,-0.6106547619047618
63,train,COc1cccc(c1)c2c[nH]c(n2)c3ccccc3,3.8,2.1793452380952383,-1.6206547619047615
2246,train,COc1ccc(CNC(=O)N(CC=C)C2CCN(CCC(c3ccccc3)c4ccccc4)CC2)cc1,3.6,2.1793452380952383,-1.4206547619047618
2012,train,CNc1cccc(CCOc2ccc(C[C@H](NC(=O)c3c(C)cc(C)cc3C)C(=O)O)cc2)n1,0.52,2.1793452380952383,1.6593452380952383
387,train,Cc1ccc(cc1)S(=O)(=O)NC(=O)N2CCC(CC2)N3CCC(CC3)Oc4ccc(Cl)cc4,1.6,2.1793452380952383,0.5793452380952382
3386,train,CN1CCN(CC1)C(=O)c2cccc(CC3=NNC(=O)c4ccccc34)c2,0.92,2.1793452380952383,1.2593452380952384
4041,train,CC(C)COCC(CN(Cc1ccccc1)c2ccccc2)N3CCCC3,3.66,2.1793452380952383,-1.4806547619047619
3839,train,CNC(=O)c1ccc(Nc2nccc(n2)c3cnc(C)n3C(C)C)cc1,2.69,2.1793452380952383,-0.5106547619047617
556,train,C[C@H]1CN(Cc2cc(Cl)ccc2OC(C)(C)C(=O)O)CCN1S(=O)(=O)c3ccccc3,0.54,2.1793452380952383,1.6393452380952382
2058,train,NC(=N)Nc1ccc(cc1)C(=O)Oc2ccc(cc2)[N+](=O)[O-],0.5,2.1793452380952383,1.6793452380952383
372,train,Cc1cccc(Nc2ccccc2C(=O)O)c1C,1.89,2.1793452380952383,0.2893452380952384
2395,train,OC(=O)CCc1ccc(OCc2cccc(Br)c2)cc1,1.67,2.1793452380952383,0.5093452380952384
3939,train,COC(=O)c1cccc(CN2NC(=O)C3=C(C2=O)C(=O)c4ccc(Cl)cc4N3)c1,1.1,2.1793452380952383,1.0793452380952382
632,train,CC(C)CNCc1ccc(cc1)c2ccccc2S(=O)(=O)N3CCCC3,1.9,2.1793452380952383,0.27934523809523837
2567,train,COc1ccc2N=CC(=O)N(CCN3CC[C@@H](NCc4ccc5OCC(=O)Nc5n4)[C@@H](O)C3)c2c1,0.37,2.1793452380952383,1.8093452380952382
3480,train,CCCNC(=O)c1nnc2c(cccc2c1N)c3ccccc3,3.8,2.1793452380952383,-1.6206547619047615
2522,train,O=C1C2CCC(N2)C(=O)N1Cc3ccccc3,2.21,2.1793452380952383,-0.030654761904761685
178,train,CN(C)C(=O)CN1CCN(CCc2c([nH]c3sc(cc23)C(C)(C)C(=O)N4C5CCC4CC5)c6cc(C)cc(C)c6)CC1,4.13,2.1793452380952383,-1.9506547619047616
3684,train,CCc1cccc(CC)c1NC(=O)N2Cc3[nH]nc(NC(=O)c4ccc(cc4)N5CCN(C)CC5)c3C2,3.31,2.1793452380952383,-1.1306547619047618
88,train,COc1cc(Nc2nc(N[C@@H](C)c3ncc(F)cn3)ncc2Br)n[nH]1,2.6,2.1793452380952383,-0.4206547619047618
3595,train,COc1ccccc1OCCNCC(O)COc2cccc3[nH]c4ccccc4c23,3.27,2.1793452380952383,-1.0906547619047617
826,train,CCCSc1ncccc1C(=O)N(C)[C@@H]2[C@@H]3CC4C[C@H]2C[C@@](O)(C4)C3,2.49,2.1793452380952383,-0.31065476190476193
1912,train,OCCO[C@H]1C[C@H]([C@H](O)[C@@H]1O)n2nnc3c(N[C@@H]4C[C@H]4c5ccc(F)c(F)c5)nc(SCCC(F)(F)F)nc23,4.17,2.1793452380952383,-1.9906547619047616
4114,train,C[C@@H](NC(=O)[C@H]1CCCNC1)c2ccc(Nc3ncc4cc(ccc4n3)c5ccncc5)cc2,1.69,2.1793452380952383,0.48934523809523833
1561,train,O=C1N([Se]c2ccccc12)c3ccccc3,3.31,2.1793452380952383,-1.1306547619047618
1324,train,Fc1ccc2cn[nH]c2c1,2.3,2.1793452380952383,-0.12065476190476154
1373,train,Fc1ccc(cc1F)N2C=CN=C(SCC(=O)NC3CCCC3)C2=O,2.0,2.1793452380952383,0.17934523809523828
2608,train,COc1cc(OC)c(cc1NC(=O)C)S(=O)(=O)N(C)c2ccccc2,1.1,2.1793452380952383,1.0793452380952382
1491,train,N[C@@H]1CCCN(C1)c2c(\C=C\3/SC(=O)NC3=O)cccc2c4ccncc4,1.56,2.1793452380952383,0.6193452380952382
1708,train,Clc1ccccc1CNC(=O)c2ccccc2Oc3ccccc3,3.58,2.1793452380952383,-1.4006547619047618
1422,train,CNC(=O)c1ccc2C(=O)C=C(Nc2c1)c3cccnc3,1.01,2.1793452380952383,1.1693452380952383
2957,train,CN1CCC(CC1)n2cc(cn2)c3cnc(N)c(c3)c4oc5cc(F)ccc5n4,3.35,2.1793452380952383,-1.1706547619047618
1028,train,COC(=O)COc1ccc(O)cc1,0.92,2.1793452380952383,1.2593452380952384
4137,train,C[C@@](O)(C(=O)Nc1ccc(cc1Cl)S(=O)(=O)NCCN2CCOCC2)C(F)(F)F,2.14,2.1793452380952383,0.039345238095238155
2359,train,CNC(=O)c1snnc1c2ccccc2,1.23,2.1793452380952383,0.9493452380952383
2245,train,CCn1c2ccccc2c3cc(NC(=O)C(C)C)ccc13,4.2,2.1793452380952383,-2.020654761904762
218,train,C[C@H](Nc1cnc(C)c(Nc2cc(C)[nH]n2)n1)c3ccc(F)cn3,1.73,2.1793452380952383,0.4493452380952383
1545,train,NC(=O)c1cccc(O[C@@H]2C[C@H]3CC[C@@H](C2)N3CCc4ccccc4)c1,2.0,2.1793452380952383,0.17934523809523828
2267,train,OC(=O)[C@H](Cc1ccc(F)cc1)N2CCC(CN3CCC(CC3)Oc4ccc(Cl)cc4Cl)CC2,2.6,2.1793452380952383,-0.4206547619047618
3986,train,Nc1ccccc1[N+](=O)[O-],-0.96,2.1793452380952383,3.1393452380952382
1724,train,Cc1cc(OCCCS(=O)(=O)C)cc(C)c1c2cccc(COc3ccc4[C@H](CC(=O)O)COc4c3)c2,2.3,2.1793452380952383,-0.12065476190476154
1599,train,Cc1ccc(NC(=O)c2ccc(Cl)c(c2)C(F)(F)F)cc1C(=O)Nc3cccnc3,2.83,2.1793452380952383,-0.6506547619047618
3436,train,OC(=O)COc1cccc(c1)C(=O)N2CCC(CC2)N3CCC(CC3)Oc4ccc(Cl)c(Cl)c4,1.09,2.1793452380952383,1.0893452380952382
4000,train,NC1(CCN(CC1)c2ncnc3[nH]ccc23)C(=O)NC(CCCN4CCOCC4)c5ccc(Cl)cc5,2.7,2.1793452380952383,-0.5206547619047619
2618,train,Cc1ccccc1S(=O)(=O)NC(=O)N2CCC(CC2)N3CCC(CC3)Oc4ccc(Cl)c(Cl)c4,1.71,2.1793452380952383,0.4693452380952383
696,train,CN1C(=O)N(CC2CC2)c3nn(Cc4ccnc5ccc(Cl)cc45)c(c6cc(oc6C)C#N)c3C1=O,4.26,2.1793452380952383,-2.0806547619047615
3171,train,C1CC2(CCN1)OC(c3ccccc3)c4ccccc24,0.75,2.1793452380952383,1.4293452380952383
1399,train,OC(=O)c1[nH]c2cc(Cl)cc(Cl)c2c1\C=C\C(=O)Nc3ccccc3,1.52,2.1793452380952383,0.6593452380952383
2067,train,COc1ccc(CNCc2ccc(cc2)c3cc(C(=O)N)c(NC(=O)N)s3)cc1,2.55,2.1793452380952383,-0.37065476190476154
291,train,C[C@]1(CCCN1c2nc(Nc3cc([nH]n3)C4CC4)c5cccn5n2)C(=O)Nc6ccc(F)nc6,3.16,2.1793452380952383,-0.9806547619047619
3641,train,CN(C)CC(O)COc1ccc(Nc2cc(ncn2)N(CCC#N)c3cc(Cl)ccc3Cl)cc1,2.1,2.1793452380952383,0.07934523809523819
3676,train,CN(c1ccnc(Nc2cc(cc(c2)N3CCOCC3)N4CCCOCC4)n1)c5cc(CO)ccc5C,3.3,2.1793452380952383,-1.1206547619047615
2730,train,COc1cc2N(CCN3CCC(CC3)NCc4cc5OCCOc5cn4)C(=O)C=Cc2cn1,0.68,2.1793452380952383,1.4993452380952381
2352,train,N#Cc1cccc(c1)c2cccc(c2)c3nn[nH]n3,0.7,2.1793452380952383,1.4793452380952383
345,train,CN1CCN(CC1)c2cc(F)cc3C(=O)C=C(Nc23)C(=O)Nc4ccc(cc4)N5CCOCC5,2.7,2.1793452380952383,-0.5206547619047619
2387,train,FC(F)(F)c1cc(C(=O)Nc2cccc(c2)c3nnn[nH]3)c4nc[nH]c4c1,1.1,2.1793452380952383,1.0793452380952382
397,train,NCC[C@@H](Oc1cc(Cl)ccc1C#N)c2ccccc2,0.76,2.1793452380952383,1.4193452380952383
1305,train,C1CCN(CC1)c2ncnc3[nH]cnc23,1.84,2.1793452380952383,0.3393452380952382
3849,train,FC(F)(F)Oc1cccc2c3CN(CCc3[nH]c12)C(=O)[C@@H]4CCCC[C@H]4C(=O)NC5(CC5)C#N,4.01,2.1793452380952383,-1.8306547619047615
21,train,Clc1ccc(cc1)C(=O)Nc2oc(nn2)C(=O)Nc3ccc(cc3)N4CCOCC4,1.92,2.1793452380952383,0.25934523809523835
1952,train,OCCN1CCN(Cc2ccc3c(NC(=O)CC45CC6CC(CC(C6)C4)C5)c(Cl)ccc3n2)CC1,2.93,2.1793452380952383,-0.7506547619047619
392,train,OC(=O)c1ccccc1Cn2nnc(n2)c3cccc(OCc4ccc5ccccc5n4)c3,2.1,2.1793452380952383,0.07934523809523819
3555,train,CS(=O)(=O)Cc1ccc2ccn(c3cc(NC4CC4)n5ncc(C#N)c5n3)c2c1,2.49,2.1793452380952383,-0.31065476190476193
1070,train,COc1ccc(cc1)n2cnc3cc(NS(=O)(=O)c4ccccc4)ccc23,3.7,2.1793452380952383,-1.520654761904762
3548,train,COc1cc2c(Nc3ccc(Cl)cc3F)ncnc2cc1OCC4CCNCC4,1.1,2.1793452380952383,1.0793452380952382
125,train,NC1(CCN(CC1)c2ncnc3[nH]ccc23)C(=O)NCc4ccc(Cl)cc4,2.88,2.1793452380952383,-0.7006547619047616
186,train,Fc1ccc(NC(=O)c2cccnc2Oc3ccccc3)cc1,3.19,2.1793452380952383,-1.0106547619047617
3838,train,Cc1nc(NC(=N)N)nc2ccccc12,-0.49,2.1793452380952383,2.6693452380952385
389,train,CC(C)Oc1cc(n[nH]1)n2cnc3cnc(N[C@@H](C)c4ncc(F)cn4)nc23,2.41,2.1793452380952383,-0.23065476190476186
1862,train,CC[C@H]1[C@@H](Cc2cncn2C)COC1=O,-0.37,2.1793452380952383,2.5493452380952384
1807,train,O=C1C=CN=C2C=C(C=CN12)C#Cc3ccccc3,2.9,2.1793452380952383,-0.7206547619047616
1856,train,CN1C=C(C(=O)c2c(O)cc(O)cc12)c3ccc(O)cc3,2.2,2.1793452380952383,-0.020654761904761898
664,train,OC1(CCN(Cc2c[nH]c3ccccc23)CC1)c4ccc(Cl)cc4,2.25,2.1793452380952383,-0.07065476190476172
60,train,OC(C(=O)OC1CN2CCC1CC2)(c3ccccc3)c4ccccc4,1.19,2.1793452380952383,0.9893452380952383
801,train,CCC(CC)C[C@@H](N1CCC[C@@H](C1)N2C=C(C)C(=O)NC2=O)c3ccc(C(=O)O)c(Oc4cccc(Cl)c4)c3,1.68,2.1793452380952383,0.49934523809523834
3639,train,CN1C(=O)N(C)c2ncn(C)c2C1=O,-0.03,2.1793452380952383,2.209345238095238
1970,train,Cc1ccc(Oc2ccc(cc2)C(=O)NCc3ccncc3)cc1,3.65,2.1793452380952383,-1.4706547619047616
288,train,CC(C)(C)NS(=O)(=O)c1cncc(c1)c2ccc3nc(NC(=O)NCC(=O)N4CCOCC4)nn3c2,0.96,2.1793452380952383,1.2193452380952383
2540,train,C[C@@H](Oc1ccc(SCCCCCc2ccccc2)cc1)C(=O)c3nc(C)c(CCCC(=O)O)s3,3.58,2.1793452380952383,-1.4006547619047618
266,train,COc1ccc2nccc([C@H](O)C3CC4CCN3CC4C=C)c2c1,2.16,2.1793452380952383,0.019345238095238138
2491,train,CC1(C)CCC(CC1)NC(=O)[C@@H](N)CCC(=O)O,-0.27,2.1793452380952383,2.4493452380952383
1099,train,C1NC(Cc2ccccc12)c3ccccc3,1.9,2.1793452380952383,0.27934523809523837
2441,train,CCN(CC)CCOC(=O)C1(CCCCC1)C2CCCCC2,3.72,2.1793452380952383,-1.540654761904762
2333,train,Oc1ccc2C[C@H]3N(CC4CC4)CC[C@@]56[C@@H](Oc1c25)c7[nH]c8[C@@H]9Oc%10c(O)ccc%11C[C@H]%12N(CC%13CC%13)CC[C@@]9(c%10%11)[C@@]%12(O)Cc8c7C[C@@]36O,1.41,2.1793452380952383,0.7693452380952384
758,train,CC1(CC1)c2c(cnn2c3ccc(cc3)C(=O)O)C(=O)NC4C5CC6CC(CC4C6)C5,1.11,2.1793452380952383,1.0693452380952382
1971,train,O[C@H](CNC(=O)C1=CNC(=O)c2ccccc12)CN3CCC(CC3)Oc4ccc(C#N)c(Cl)c4,2.56,2.1793452380952383,-0.3806547619047618
1515,train,CC(C)(C)OC(=O)N[C@@H](Cc1ccccc1)C(=O)O,-1.1,2.1793452380952383,3.2793452380952384
1747,train,O[C@]1(CN2CCC1CC2)C#Cc3ccc(Oc4ccc(cc4)C(=O)NCc5ccncn5)cc3,1.78,2.1793452380952383,0.39934523809523825
451,train,Nc1n[nH]cc1c2cc(ccc2Oc3cc(F)c(cc3Cl)S(=O)(=O)Nc4cscn4)C(F)(F)F,2.65,2.1793452380952383,-0.47065476190476163
2141,train,CS(=O)(=O)c1ccc2OCC(=O)N(CCN3CCC(CC3)NCc4ccc5OCC(=O)Nc5n4)c2c1,-0.51,2.1793452380952383,2.689345238095238
1751,train,CCCCC[C@@H](N1CCC[C@@H](C1)N2C=C(C)C(=O)NC2=O)c3ccc(C(=O)O)c(Oc4cccc(Br)c4)c3,1.69,2.1793452380952383,0.48934523809523833
390,train,Nc1[nH]ncc1c2cc(Cl)ccc2Oc3cc(F)c(cc3Cl)S(=O)(=O)Nc4cscn4,2.3,2.1793452380952383,-0.12065476190476154
2143,train,CNC1=Nc2ncccc2C(=NC1c3cccs3)c4cc[nH]c4,1.73,2.1793452380952383,0.4493452380952383
1675,train,CCCCCCCN(CC)CCCC(O)c1ccc(NS(=O)(=O)C)cc1,1.2,2.1793452380952383,0.9793452380952383
3734,train,Clc1ccc(cc1C(=O)NCC23CC4CC(CC(C4)C2)C3)N5CCNCC5,1.77,2.1793452380952383,0.40934523809523826
3232,train,CCCC(=O)C1(CCN(CC1)C(=O)[C@@H](Cc2ccc(OC)cc2)NC(=O)[C@@H](N)Cc3cncn3C)c4ccccc4,2.51,2.1793452380952383,-0.3306547619047615
562,train,OC(=O)C(N1CCC(CN2CCC(CC2)Oc3ccc(Cl)c(Cl)c3)CC1)c4ccccc4,2.17,2.1793452380952383,0.00934523809523835
3520,train,Cc1c(Cl)c(ccc1OC2CCN(CC3CCN(CC3)[C@@H](Cc4ccc(F)cc4)C(=O)O)CC2)C#N,2.19,2.1793452380952383,-0.010654761904761667
4105,train,CNC1=Nc2ccc(Cl)cc2C(=[N+]([O-])C1)c3ccccc3,2.41,2.1793452380952383,-0.23065476190476186
3100,train,CNC1CCN(C1)c2ccc(NC(=O)c3ccc(cc3)c4ccccc4)cn2,2.35,2.1793452380952383,-0.1706547619047618
1291,train,CC[C@H](Nc1ncnc2[nH]cnc12)C3=Nc4cccc(F)c4C(=O)N3c5ccccc5,2.72,2.1793452380952383,-0.5406547619047619
2097,train,C[C@H](O)C(=O)N1CCN(Cc2sc3c(nc(nc3c2C)c4cnc(N)nc4)N5CCOCC5)CC1,1.9,2.1793452380952383,0.27934523809523837
2841,train,CCN1CCC[C@H](C1)C(=O)N2CCN(CC2)C(=O)Nc3ccc(Cl)c(Cl)c3,1.6,2.1793452380952383,0.5793452380952382
1182,train,CC(C)Oc1cc(n[nH]1)n2cnc3ccc(N[C@@H](CO)c4ccc(F)cn4)nc23,2.79,2.1793452380952383,-0.6106547619047618
1238,train,OC[C@H](Nc1ncc(Cl)c(Nc2cc([nH]n2)C3CC3)n1)c4ccc(F)cc4,3.75,2.1793452380952383,-1.5706547619047617
22,train,COc1ccc(Oc2cccc(CN3CCCC(C3)N4C=C(C)C(=O)NC4=O)c2)cc1,3.17,2.1793452380952383,-0.9906547619047616
4062,train,CCS(=O)(=O)c1ccc(cc1)c2cc(Cl)ccc2OCC(=O)O,-0.78,2.1793452380952383,2.9593452380952385
1619,train,COc1ccnc(c1)N(C)c2ccnc(Nc3cc(cc(c3)N4CCOCC4)N5CCOCC5)n2,2.23,2.1793452380952383,-0.0506547619047617
3795,train,C[C@@H]1CN(CCN1c2ncc(OCc3ccc(cn3)S(=O)(=O)C)cn2)C(=O)OC(C)(C)C,3.0,2.1793452380952383,-0.8206547619047617
1486,train,Oc1ccc(cc1)c2nc3ccccc3nc2c4ccc(O)cc4,2.7,2.1793452380952383,-0.5206547619047619
4170,train,Oc1cccc2Oc3ccccc3C(=O)c12,3.8,2.1793452380952383,-1.6206547619047615
3418,train,COc1cc(ccc1Nc2ncc(Cl)c(n2)c3cnc4c(N)cccn34)N5CCN(CC5)C(=O)C,3.4,2.1793452380952383,-1.2206547619047616
2330,train,Cc1ccc(cc1)N2NC(=O)c3cccnc23,2.1,2.1793452380952383,0.07934523809523819
9,train,Oc1ncnc2scc(c3ccsc3)c12,2.25,2.1793452380952383,-0.07065476190476172
2473,train,O[C@@H](CNCCc1ccc(CNCCc2c(Cl)cccc2Cl)cc1)c3ccc(O)c4NC(=O)Sc34,2.3,2.1793452380952383,-0.12065476190476154
3586,train,CN(c1ccnc(Nc2cc(cc(c2)C(=O)N3CCOCC3)N4CCOCC4)n1)c5cc(CO)ccc5C,2.2,2.1793452380952383,-0.020654761904761898
3281,train,Cn1cnc(c2ccccc2)c1c3nc4c(N)ncnc4s3,2.69,2.1793452380952383,-0.5106547619047617
755,train,NC1C2CN(CC12)c3nc4N(C=C(C(=O)O)C(=O)c4cc3F)c5ccc(F)cc5F,0.3,2.1793452380952383,1.8793452380952382
1086,train,CC(=O)Nc1cccc(Nc2ncnc(n2)N3CCC(CC3)OCc4ccc(OC(F)(F)F)cc4)c1C,4.4,2.1793452380952383,-2.220654761904762
1709,train,CC1(COc2ccc3c(c2)ncn3c4ccc5cccc(N6CCC(N)CC6)c5n4)COC1,1.99,2.1793452380952383,0.1893452380952383
545,train,O=C(Nc1cccc2cccnc12)c3ccc(cc3)N4C(=O)[C@@H]5[C@H]6C[C@H](C=C6)[C@@H]5C4=O,3.28,2.1793452380952383,-1.1006547619047615
2610,train,CN(C1CCN(Cc2ccc(cc2)c3noc(C)n3)CC1)C(=O)Cc4ccc(cc4)n5cnnn5,2.1,2.1793452380952383,0.07934523809523819
1341,train,Fc1ccc(cc1)c2cn3ccccc3n2,3.1,2.1793452380952383,-0.9206547619047618
610,train,COc1ccc(C=NN=Cc2ccc(OC)c(OC)c2)cc1OC,3.38,2.1793452380952383,-1.2006547619047616
3106,train,COc1c(C)c2COC(=O)c2c(O)c1C\C=C(/C)\CCC(=O)OCCN3CCOCC3,2.26,2.1793452380952383,-0.08065476190476151
1135,train,Brc1ccc(cc1)S(=O)(=O)NCC(N2CCCCCC2)c3ccccc3,3.21,2.1793452380952383,-1.0306547619047617
2568,train,c1ccc2ncccc2c1,2.09,2.1793452380952383,0.08934523809523842
1215,train,CC(C)C(NC(=O)CN1C(=O)C(=CC=C1c2ccccc2)NC=O)C(=O)C(F)(F)F,1.84,2.1793452380952383,0.3393452380952382
2044,train,C[C@@H](NC(=O)C)c1ccc(Nc2ncc3cc(ccc3n2)c4ccncc4)cc1,3.18,2.1793452380952383,-1.0006547619047619
1761,train,CCc1cccc2c3CCOC(CC)(CC(=O)O)c3[nH]c12,0.49,2.1793452380952383,1.6893452380952383
3421,train,CNC(=O)c1ccc(Nc2ncc(F)c(n2)c3cnc(C)n3C(C)C)cc1,3.0,2.1793452380952383,-0.8206547619047617
2023,train,CCNC(=O)c1cc2c(c(cnc2[nH]1)c3cncc(c3)C(=O)N)n4ccc(n4)C(F)(F)F,1.81,2.1793452380952383,0.3693452380952382
2922,train,COc1ccc(cc1CO)c2ccc3c(nc(nc3n2)N4C[C@@H](C)O[C@@H](C)C4)N5CCOCC5,3.25,2.1793452380952383,-1.0706547619047617
2021,train,CNc1nc(C)c(s1)c2nc(Nc3cccc(c3)N4CCCNCC4)ncc2C#N,1.64,2.1793452380952383,0.5393452380952384
1313,train,Clc1ccc2C(=O)C3=C(Nc2c1)C(=O)NN(Cc4cccs4)C3=O,1.52,2.1793452380952383,0.6593452380952383
2623,train,CC(C)(C)Cn1c(CN2C(=O)CC3(CCNCC3)C2=O)cc4cnc(nc14)C#N,0.75,2.1793452380952383,1.4293452380952383
4155,train,CN(C)C(=O)[C@H](Cc1ccccc1)NC(=O)c2cc3ccccc3[nH]2,3.4,2.1793452380952383,-1.2206547619047616
2420,train,OC1=C(CC2=C(O)c3ccccc3OC2=O)C(=O)Oc4ccccc14,1.22,2.1793452380952383,0.9593452380952383
1602,train,CCS(=O)(=O)c1cccc(c1)c2cc(ccc2OCC(=O)O)C(F)(F)F,-0.66,2.1793452380952383,2.8393452380952384
2418,train,CN1CC(c2ccc(Cl)cc2)c3ccccc3C1,3.64,2.1793452380952383,-1.4606547619047618
2416,train,Cc1ccc(C[C@H](N2CCC(CN3CCC(CC3)Oc4ccc(Cl)c(Cl)c4)CC2)C(=O)O)cc1,3.01,2.1793452380952383,-0.8306547619047615
1076,train,OC(=O)c1ccccc1C(=O)N2CCC(CC2)N3CCC(CC3)Oc4ccc(Cl)c(Cl)c4,1.73,2.1793452380952383,0.4493452380952383
2964,train,CN1SC(=O)c2cc(ccc12)S(=O)(=O)N,0.3,2.1793452380952383,1.8793452380952382
2263,train,COc1ccc2OCC(=O)N(CCN3CCC(CC3)NCc4ccc5OCC(=O)Nc5n4)c2c1,0.87,2.1793452380952383,1.3093452380952382
100,train,CC1=CN([C@H]2CCCN(C2)S(=O)(=O)c3ccc(O)c(Oc4ccccc4)c3)C(=O)NC1=O,1.49,2.1793452380952383,0.6893452380952383
1072,train,CNc1nc(C)c(s1)c2nc(Nc3cccc(c3)N4CCCN(CC4)C(=O)C)ncc2C#N,3.2,2.1793452380952383,-1.020654761904762
2016,train,CCCNCc1cnc(s1)c2ccc(cc2)C(=O)Nc3ccccc3N,1.75,2.1793452380952383,0.4293452380952383
3850,train,Clc1ccc(NC(=O)N2CCN(C[C@@H]3CCCN(CC4CC4)C3)CC2)cc1Cl,2.54,2.1793452380952383,-0.36065476190476176
3476,train,NC1(CCN(CC1)c2ncnc3[nH]ccc23)C(=O)NC(c4ccccc4)c5ccc(Cl)cc5,4.1,2.1793452380952383,-1.9206547619047614
893,train,CC(C)CN1C(=O)N(C)C(=O)c2c1sc(Cc3c[nH]c4ncccc34)c2C(=O)N5C[C@H](O)CO5,2.04,2.1793452380952383,0.13934523809523824
4157,train,Cc1ccc(Oc2ccc(Nc3ncnc4[nH]nc(OCCN5CCC(O)CC5)c34)cc2Cl)cn1,3.4,2.1793452380952383,-1.2206547619047616
3482,train,COc1cc2c(ncnc2cc1OCCCN3CCCCC3)N4CCN(CC4)C(=O)Nc5ccc(OC(C)C)cc5,2.6,2.1793452380952383,-0.4206547619047618
2721,train,CN1CCC(CC1)(C#N)c2cccc3ccccc23,2.73,2.1793452380952383,-0.5506547619047617
1734,train,Fc1cccc(c1F)c2cncc(CNCC3CC3)n2,1.82,2.1793452380952383,0.3593452380952382
445,train,CC(C)C[C@H](CO)Nc1nc(SCc2ccccc2F)nc3nc(N)sc13,4.5,2.1793452380952383,-2.3206547619047617
1696,train,FC(F)(F)c1ccc(cc1)S(=O)(=O)NCC(N2CCCCCC2)c3ccccc3,4.29,2.1793452380952383,-2.1106547619047618
1710,train,OC1(CCN(CCCC(=O)c2ccc(F)cc2)CC1)c3ccc(Cl)cc3,2.67,2.1793452380952383,-0.49065476190476165
3692,train,Oc1ccc(cc1)c2sc3cc(O)ccc3c2C(=O)c4ccc(OCCN5CCCCC5)cc4,4.13,2.1793452380952383,-1.9506547619047616
1991,train,CS(=O)(=O)N1CCOc2cc(COc3ccccc3)cnc12,2.4,2.1793452380952383,-0.22065476190476163
2295,train,C[C@H](CO)Nc1nc(SCc2cccc(F)c2F)nc3nc(N)cnc13,2.89,2.1793452380952383,-0.7106547619047618
2449,train,CCc1nc2ccc(cn2c1N(C)Cc3cccs3)C(=O)NCc4ccc5OCOc5c4,4.1,2.1793452380952383,-1.9206547619047614
874,train,CC1=CN([C@H]2CCCN(Cc3ccc(C(=O)O)c(Oc4cccc(F)c4)c3)C2)C(=O)NC1=O,-1.03,2.1793452380952383,3.2093452380952385
1035,train,CCOc1ccc(cc1)N2C(=O)c3cccnc3N=C2[C@@H](C)N(CC4CCN(C)CC4)C(=O)Cc5ccc(F)c(c5)C(F)(F)F,1.4,2.1793452380952383,0.7793452380952384
1581,train,Cc1ccc(C)c(OCCCC(C)(C)C(=O)O)c1,0.72,2.1793452380952383,1.4593452380952383
3661,train,COc1ccc(C)c(NC(=O)CC23CC4CC(CC(C4)C2)C3)c1,3.96,2.1793452380952383,-1.7806547619047617
2148,train,C[S+]([O-])CCN1C(=O)C(Cc2ccccc12)NC(=O)c3cc4cc(Cl)sc4[nH]3,3.17,2.1793452380952383,-0.9906547619047616
32,train,CC(=O)[C@H]1CC[C@H]2[C@@H]3CCC4=CC(=O)CC[C@]4(C)[C@H]3CC[C@]12C,3.94,2.1793452380952383,-1.7606547619047617
3226,train,C[C@@H](Oc1cccc2ncnc(Nc3ccc(Oc4ccc(C)nc4)c(C)c3)c12)C(=O)N(C)CCO,3.85,2.1793452380952383,-1.6706547619047618
3572,train,COc1ccc2nc(C)cc(c2c1)n3cc(CNC(=O)C)nn3,1.6,2.1793452380952383,0.5793452380952382
3686,train,[O-][N+](=O)c1cc(C(=O)NCC=C)c2N=C(Nc3ccc(Cl)c(Cl)c3)NC(=O)c2c1,2.7,2.1793452380952383,-0.5206547619047619
886,train,CN(c1ccc(cc1)c2cc(ccc2OCC(=O)O)C(F)(F)F)S(=O)(=O)C,-0.81,2.1793452380952383,2.9893452380952383
2350,train,CS(=O)(=O)Nc1cc(Nc2nccc(Nc3c(Cl)ccc4OCOc34)n2)cc(c1)C(=O)N,2.28,2.1793452380952383,-0.10065476190476152
3955,train,NC1(CCC1)c2ccc(cc2)C3=Nc4ccccc4C(=O)N3c5ccccc5,1.5,2.1793452380952383,0.6793452380952383
2268,train,COc1ccc(c(OC)c1)c2cncc(CNC3CCCC3)n2,2.14,2.1793452380952383,0.039345238095238155
3967,train,CCCC(=O)Nc1ccc(OCC(O)CNC(C)C)c(c1)C(=O)C,-0.27,2.1793452380952383,2.4493452380952383
532,train,C[C@H](C1=CNC(=S)N1)c2cccc(C)c2C,2.9,2.1793452380952383,-0.7206547619047616
2494,train,CNC(=O)c1ccc(cc1F)N2C(=S)N(C(=O)C23CCC3)c4ccc(C#N)c(c4)C(F)(F)F,3.3,2.1793452380952383,-1.1206547619047615
1921,train,COc1cc(Oc2ccnc3ccc(F)cc23)ccc1CC(=O)Nc4noc(C)c4C,4.06,2.1793452380952383,-1.8806547619047613
1789,train,CCN(C1CCN(CC[C@H](c2ccc(cc2)S(=O)(=O)C)c3cccc(Cl)c3)CC1)C(=O)Cc4ccc(cc4)S(=O)(=O)C,2.37,2.1793452380952383,-0.19065476190476183
1928,train,C1CNCC(C1)c2nc3ccccc3s2,1.0,2.1793452380952383,1.1793452380952383
4142,train,CCCSc1c(cnn1c2ccc(cc2)C(=O)O)C(=O)NC3CCCCC3,0.64,2.1793452380952383,1.5393452380952382
3425,train,CSc1ccc(cc1)c2nc(c3ccc(F)cc3)c([nH]2)c4ccncc4,2.97,2.1793452380952383,-0.7906547619047619
996,train,Oc1cccc2ccccc12,2.5,2.1793452380952383,-0.3206547619047617
3417,train,CC(=O)c1noc(C)c1C(=O)Nc2nccs2,1.94,2.1793452380952383,0.23934523809523833
3285,train,C[C@@H]1CN(CCN1c2ncc(OCc3ccc(cc3)S(=O)(=O)C)cn2)C(=O)OC(C)(C)C,3.6,2.1793452380952383,-1.4206547619047618
920,train,[O-][n+]1cc(ccc1Cl)C(=O)Nc2ccc(F)cc2,1.38,2.1793452380952383,0.7993452380952384
852,train,Cc1nc(C)c(nc1C(=O)N)c2ccc(cc2)C34CCC(CC3)(CC4)C(=O)O,1.3,2.1793452380952383,0.8793452380952382
1889,train,Cc1nnc2CN=C(c3ccccc3Cl)c4cc(Cl)ccc4n12,2.34,2.1793452380952383,-0.16065476190476158
1066,train,Cc1onc(C)c1CCC2CCN(CC2)S(=O)(=O)CC3(CCOCC3)N(O)C=O,0.9,2.1793452380952383,1.2793452380952384
2030,train,CN[C@@H](C)C(=O)N[C@H](C(=O)N[C@H]1CCCN(C1)S(=O)(=O)c2ccccc2)C(C)(C)C,0.9,2.1793452380952383,1.2793452380952384
2043,train,COc1ccc(CNC(=O)CSc2nc3cccnc3s2)cc1,2.5,2.1793452380952383,-0.3206547619047617
2874,train,CC(C)n1c(C)ncc1c2ccnc(Nc3ccc(cc3)N4CCN(CC4)S(=O)(=O)C)n2,2.57,2.1793452380952383,-0.39065476190476156
1454,train,O[C@]1(CN2CCC1CC2)C#Cc3ccc(Oc4ccc(cc4)C(=O)NC5CCS(=O)(=O)C5)cc3,1.64,2.1793452380952383,0.5393452380952384
3935,train,O=C1N2C=CC=CC2=Nc3ccccc13,2.1,2.1793452380952383,0.07934523809523819
2195,train,CCN1C(=O)N(CC2CC2)c3nn(Cc4ccnc5ccc(Cl)cc45)c(c6cncn6C)c3C1=O,2.87,2.1793452380952383,-0.6906547619047618
3129,train,COc1ccc(cc1CO)c2ccc3c(nc(nc3n2)n4ccnc4)N5CCOC[C@@H]5C,2.6,2.1793452380952383,-0.4206547619047618
3307,train,CC(C)CNc1nc(nc(N2CCOCC2)c1N)C#N,2.79,2.1793452380952383,-0.6106547619047618
2867,train,CCOc1ccc2C=CC(=O)Oc2c1,2.2,2.1793452380952383,-0.020654761904761898
1437,train,COc1cc(Nc2cc(nc(N[C@@H](C)c3ncc(F)cn3)n2)N4CCOCC4)n[nH]1,2.18,2.1793452380952383,-0.0006547619047618802
2213,train,COc1ccccc1C(=O)Nc2nc3ccccc3s2,3.61,2.1793452380952383,-1.4306547619047616
3303,train,Cc1ccc(cc1NC(=O)c2ccc(OCc3ccccn3)cc2)c4c[nH]cn4,2.81,2.1793452380952383,-0.6306547619047618
2637,train,c1ccc(cc1)c2c[nH]c(n2)c3ccccc3,3.8,2.1793452380952383,-1.6206547619047615
2923,train,CC(=O)N1CCN(CCOc2ccc(cc2)C3(O)CCN(CC3)c4ccc5nnc(n5n4)C(F)(F)F)CC1,2.2,2.1793452380952383,-0.020654761904761898
3889,train,OC(=O)COc1ccc(Cl)cc1CN2CCC(CC2)S(=O)(=O)c3ccccc3,0.48,2.1793452380952383,1.6993452380952383
3627,train,CCOc1ccc(cc1)c2cnc3CCCn23,2.65,2.1793452380952383,-0.47065476190476163
2878,train,CC(C)OC(=O)N1CCC(CC1)Oc2ncnc3c2cnn3c4ccc(cc4F)S(=O)(=O)C,3.0,2.1793452380952383,-0.8206547619047617
740,train,CC[C@H](N1CCC[C@@H](C1)N2C=C(C)C(=O)NC2=O)c3ccc(C(=O)O)c(Oc4cccc(Cl)c4)c3,0.22,2.1793452380952383,1.9593452380952383
1210,train,Nc1ccc2[nH]c(Cc3ccc(Oc4ccccc4)cc3)nc2c1,3.8,2.1793452380952383,-1.6206547619047615
3256,train,C[C@@](CCc1ccc(cc1)c2ccc(Cl)cc2)(C(=O)NO)S(=O)(=O)C,2.4,2.1793452380952383,-0.22065476190476163
2868,train,COc1cc2c(Nc3cnc(NC(=O)c4ccccc4)nc3)ncnc2cc1OCCCN5CCOCC5,2.7,2.1793452380952383,-0.5206547619047619
2789,train,CN(C1CCN(CCC(c2ccccc2)c3ccccc3)CC1)C(=O)NCc4ccccc4,3.4,2.1793452380952383,-1.2206547619047616
3767,train,OC1=NC(=O)C(N1)(c2ccccc2)c3ccccc3,2.41,2.1793452380952383,-0.23065476190476186
761,train,Oc1ccc(cc1)c2nc3ccc(O)cc3s2,3.65,2.1793452380952383,-1.4706547619047616
2492,train,NS(=O)(=O)c1cc2c(NC(NS2(=O)=O)C3CC4CC3C=C4)cc1Cl,2.12,2.1793452380952383,0.05934523809523817
2557,train,C[C@@H](Oc1nc(Nc2cc(C)[nH]n2)c(C)nc1C#N)c3ccc(F)cn3,2.72,2.1793452380952383,-0.5406547619047619
1198,train,CC(C(=O)O)c1ccc(c(F)c1)c2ccccc2,0.85,2.1793452380952383,1.3293452380952382
1663,train,OC[C@@H](NC(=O)C(Cl)Cl)[C@H](O)c1ccc(cc1)[N+](=O)[O-],1.15,2.1793452380952383,1.0293452380952384
2729,train,Nc1nc(OC2CCCC2)nc3c1ncn3[C@@H]4O[C@H](CO)[C@H](Cl)[C@H]4O,2.16,2.1793452380952383,0.019345238095238138
4075,train,CCOc1ccc(cc1)c2cnc3CCCCCn23,3.01,2.1793452380952383,-0.8306547619047615
1851,train,Nc1nc2nc(cc(n2n1)C(F)(F)F)c3cccs3,2.01,2.1793452380952383,0.1693452380952385
1156,train,CN(CCO)C(=O)c1ccc(cc1)[C@@H](N2CCN(Cc3ccc(F)cc3)CC2)c4cccc(NC(=O)C5CC5)c4,3.38,2.1793452380952383,-1.2006547619047616
2291,train,CCCS(=O)(=O)N1N=Cc2cc(Cl)ccc2B1O,-0.4,2.1793452380952383,2.579345238095238
2946,train,Clc1ccc(cc1)c2oc(cc2)C(=O)Nc3ccc(cc3)N4CCNCC4,2.4,2.1793452380952383,-0.22065476190476163
1699,train,CCN(C1CCN(CCC(c2ccccc2)c3ccccc3)CC1)C(=O)Cc4ccc(cc4)C#N,3.9,2.1793452380952383,-1.7206547619047616
2654,train,CC(C)n1c2ccccc2c3c(C)c(NC(=O)N4CCOCC4)ccc13,3.5,2.1793452380952383,-1.3206547619047617
1361,train,Cc1c(Sc2ccc(Cl)cc2)c3cc(Cl)ccc3n1Cc4nnn[nH]4,3.25,2.1793452380952383,-1.0706547619047617
2809,train,CN(Cc1ccc(Cl)cc1)C(=O)C2(N)CCN(CC2)c3ncnc4[nH]ccc34,2.8,2.1793452380952383,-0.6206547619047615
693,train,Oc1cc(O)c2C(=O)C(=COc2c1)c3ccc(cc3)[N+](=O)[O-],3.24,2.1793452380952383,-1.060654761904762
3224,train,COc1cc(F)ccc1c2cncc(CNC3CCCC3)c2,2.29,2.1793452380952383,-0.11065476190476176
2847,train,CCCCC1=NC2(CCCC2)C(=O)N1Cc3ccc(cc3)c4ccccc4c5nn[nH]n5,1.29,2.1793452380952383,0.8893452380952382
1686,train,Clc1ccc(OC2CCN(CC2)C3CCN(CC3)C(=O)c4ccc(cc4)C5=NOC(=O)N5)cc1Cl,2.24,2.1793452380952383,-0.060654761904761934
2995,train,CC1=C(C(=O)Oc2cc(O)ccc12)c3ccc(O)cc3,2.8,2.1793452380952383,-0.6206547619047615
148,train,O[C@@H](CNCCc1ccccc1CNCCc2ccccc2F)c3ccc(O)c4NC(=O)Sc34,1.58,2.1793452380952383,0.5993452380952382
2475,train,Clc1ccc(cc1)C2CCN(CC2)C(=O)COCc3ccncc3,2.74,2.1793452380952383,-0.5606547619047619
3922,train,c1ccc(nc1)c2n[nH]cc2c3ccnc4ccccc34,2.57,2.1793452380952383,-0.39065476190476156
1754,train,CCC(CC)NC(=O)c1cnn(c1NS(=O)(=O)c2ccc(C)cc2)c3ccccn3,0.27,2.1793452380952383,1.9093452380952383
645,train,CCc1ccc(CCOc2ccc(CC3SC(=O)NC3=O)cc2)nc1,2.8,2.1793452380952383,-0.6206547619047615
2354,train,NC1(CCC1)c2ccc(cc2)c3ncc4cnccc4c3c5ccccc5,2.2,2.1793452380952383,-0.020654761904761898
803,train,O=C(N[C@H]1CN2CCC1CC2)c3ccc(s3)c4ccccn4,0.7,2.1793452380952383,1.4793452380952383
404,train,CC(C)N1CCN(Cc2cnc(c(Cl)c2)c3ccc(cc3)C(=O)Nc4ccccc4N)CC1,1.68,2.1793452380952383,0.49934523809523834
1097,train,COc1ccc2cc(ccc2c1)C(C)C(=O)O,0.23,2.1793452380952383,1.9493452380952383
2409,train,COc1cc(OC)c(cc1NC(=O)Cc2ccnc(F)c2)S(=O)(=O)N3C(C)CCc4ccccc34,2.49,2.1793452380952383,-0.31065476190476193
2220,train,CCc1ccc(CCNCCCSCCNC[C@H](O)c2ccc(O)c3NC(=O)Sc23)cc1,0.86,2.1793452380952383,1.3193452380952384
824,train,Cc1cc(O[C@H]2C[C@H]3CC[C@@H](C2)N3Cc4ccccc4)cc(c1)C(=O)N,2.08,2.1793452380952383,0.09934523809523821
4126,train,O=C(CN1CCOCC1)Nc2ccc(cc2OCC3CC3)c4cccc5C(=O)C=C(Oc45)N6CCOCC6,3.3,2.1793452380952383,-1.1206547619047615
71,train,COCCNCc1ccc(CCNC[C@H](O)c2ccc(O)c3NC(=O)Sc23)cc1,-0.54,2.1793452380952383,2.7193452380952383
2193,train,C[C@H](Nc1nc(Nc2cc(C)[nH]n2)cnc1C#N)c3ccc(F)cn3,2.51,2.1793452380952383,-0.3306547619047615
3672,train,CC(C)Oc1ccc(cc1C(=O)N2CCN(CC2)c3ccc(cc3)C(F)(F)F)S(=O)(=O)C,3.33,2.1793452380952383,-1.1506547619047618
2304,train,CCOc1cc2nnc(C(=O)N)c(Nc3cc(C)ccc3F)c2cc1N4CCN(C)CC4,3.02,2.1793452380952383,-0.8406547619047617
3147,train,Oc1ccc(cc1)N2C(=O)c3ccc(O)cc3C2=O,1.8,2.1793452380952383,0.37934523809523824
1621,train,Oc1oc(c2ccccc2)c(n1)c3ccccc3,3.42,2.1793452380952383,-1.2406547619047616
1866,train,CS(=O)(=O)C1(CCOCC1)c2cc(nc(n2)c3cccc4[nH]ccc34)N5CCOCC5,2.4,2.1793452380952383,-0.22065476190476163
2288,train,COC(=O)c1ccc(CN2NC(=O)C3=C(C2=O)C(=O)c4ccc(Cl)cc4N3)cc1,1.17,2.1793452380952383,1.0093452380952384
1525,train,Cc1cc(C)c(C(=O)N[C@@H](Cc2ccc(OCCCNc3ccccn3)cc2)C(=O)O)c(C)c1,0.49,2.1793452380952383,1.6893452380952383
3873,train,FC(F)(F)Oc1ccc2OCC(=O)N(CCN3CCC(CC3)NCc4ccc5OCC(=O)Nc5n4)c2c1,1.82,2.1793452380952383,0.3593452380952382
3623,train,Cc1ccc(cc1)S(=O)(=O)Nc2ccc(\C=C\C(=O)Nc3ccccc3N)cc2,2.82,2.1793452380952383,-0.6406547619047616
3077,train,CC1=NS(=O)(=O)c2cc(Cl)ccc2N1,1.05,2.1793452380952383,1.1293452380952382
3632,train,CCN(C1CCN(CCC(c2ccccc2)c3ccccc3)CC1)C(=O)Cc4ccc(cc4)S(=O)(=O)N(C)C,3.7,2.1793452380952383,-1.520654761904762
3449,train,CC(C)CN1C(=O)N(C)C(=O)c2c1sc(Cc3ccccc3C(F)(F)F)c2C(=O)N4CC=CC4,3.53,2.1793452380952383,-1.3506547619047615
2238,train,C[C@@H](Oc1cccc2ncnc(Nc3ccc4c(cnn4Cc5cscn5)c3)c12)C(=O)N6CCOCC6,2.81,2.1793452380952383,-0.6306547619047618
1847,train,Cc1cc(NC(=O)c2ccccc2)n[nH]1,1.75,2.1793452380952383,0.4293452380952383
1882,train,Oc1ccc2C(=O)C(=COc2c1)c3ccc(O)c(O)c3,1.88,2.1793452380952383,0.2993452380952384
2327,train,Oc1ccc(cc1)c2oc3c(cc(O)cc3n2)C#N,3.6,2.1793452380952383,-1.4206547619047618
3982,train,Cc1sc(N)nc1c2ccccc2,2.75,2.1793452380952383,-0.5706547619047617
273,train,NS(=O)(=O)c1nc2ccccc2s1,1.35,2.1793452380952383,0.8293452380952382
2745,train,COc1ccc2C(=CC(=O)N(CCN3CCC(CC3)NCc4cc5OCCOc5cn4)c2c1)C,1.72,2.1793452380952383,0.4593452380952383
2080,train,Oc1nnc(Cc2cccc(c2)C(=O)N3CCOCC3)c4ccccc14,1.0,2.1793452380952383,1.1793452380952383
3447,train,CN1CCC(COc2cc(OC3CCOCC3)c4c(Nc5c(Cl)ccc6OCOc56)ncnc4c2)CC1,2.59,2.1793452380952383,-0.4106547619047616
4101,train,CC(C)S(=O)(=O)NCC(C)c1ccc(cc1)c2ccc(cc2)C#N,3.5,2.1793452380952383,-1.3206547619047617
1609,train,CCOC(=O)c1ccc(OCCC2CN(C2)c3ccc(C)nn3)cc1,3.22,2.1793452380952383,-1.040654761904762
915,train,CC(=O)Nc1ccc2cnn(c3cc(NC4CC4)n5ncc(C#N)c5n3)c2c1,3.44,2.1793452380952383,-1.2606547619047617
6,train,COc1cc(OC)c(cc1NC(=O)CCC(=O)O)S(=O)(=O)NCc2ccccc2N3CCCCC3,-0.72,2.1793452380952383,2.899345238095238
954,train,COc1cc2nnc(C(=O)N)c(Nc3cccc(Cl)c3F)c2cc1N4CCN(C)CC4,2.35,2.1793452380952383,-0.1706547619047618
4192,train,COc1cc(F)ccc1c2cncc(CNC3CCCCC3)c2,2.6,2.1793452380952383,-0.4206547619047618
3247,train,COc1cc(N2CCN(C)CC2)c3NC(=CC(=O)c3c1)C(=O)Nc4ccc(cc4)N5CCOCC5,2.7,2.1793452380952383,-0.5206547619047619
2561,train,COc1ccccc1CN(C(=O)C)c2cnccc2Oc3ccccc3,3.0,2.1793452380952383,-0.8206547619047617
646,train,CC[C@H](NC(=O)c1c(N)c(nc2ccccc12)c3cccc(F)c3)c4ccccc4,4.05,2.1793452380952383,-1.8706547619047615
413,train,COc1ccc(CCN(C)CCCC(C#N)(C(C)C)c2ccc(OC)c(OC)c2)cc1OC,2.61,2.1793452380952383,-0.4306547619047616
220,train,Nc1ccccc1NC(=O)c2ccc(cc2)C3CCN(Cc4ccc(cc4)C(=O)NC5CC5)CC3,2.31,2.1793452380952383,-0.13065476190476177
607,train,Cc1ccc2c(c1)c(c(C)n2CC(=O)O)c3ccnc4c(Cl)cccc34,1.27,2.1793452380952383,0.9093452380952383
2850,train,O=C1NN=C(Cc2ccccc2)c3ccccc13,2.8,2.1793452380952383,-0.6206547619047615
2834,train,Oc1ccccc1NC(=O)c2cc(ccc2Cl)[N+](=O)[O-],2.49,2.1793452380952383,-0.31065476190476193
3978,train,CN1CCC(=C2c3ccccc3C=Cc4ccccc24)CC1,3.06,2.1793452380952383,-0.8806547619047618
435,train,[O-]c1c2c(nn1c3ccc(Cl)cc3)c4ccccc4c[n+]2Cc5ccccc5,4.5,2.1793452380952383,-2.3206547619047617
2050,train,COc1cnc(nc1N(C)c2ccccc2)c3ccccn3,2.79,2.1793452380952383,-0.6106547619047618
670,train,FC(F)(F)c1nnc2ccc(nn12)N3CCN(Cc4ccc(cc4)C#N)CC3,2.9,2.1793452380952383,-0.7206547619047616
3117,train,Cc1cc(F)ccc1OC2CCN(CC3CCN(CC3)[C@@H](Cc4ccc(F)cc4)C(=O)O)CC2,1.81,2.1793452380952383,0.3693452380952382
3924,train,CCC[C@H](N1CCC[C@@H](C1)N2C=C(C)C(=O)NC2=O)c3ccc(C(=O)O)c(Oc4cccc(Cl)c4)c3,0.5,2.1793452380952383,1.6793452380952383
953,train,NC(=O)NC(=O)C(Nc1ccc2CCCc2c1)c3ccccc3,3.3,2.1793452380952383,-1.1206547619047615
3352,train,Cc1c(Oc2ccc(Cl)cc2)c3c(NS(=O)(=O)C)cccc3n1CC(=O)O,-0.98,2.1793452380952383,3.1593452380952383
1832,train,CC(C)C(NC(=O)CN1C(=O)C(=CC=C1c2ccccc2)NS(=O)(=O)c3ccccc3)C(=O)C(F)(F)F,2.26,2.1793452380952383,-0.08065476190476151
3659,train,COc1cc2ncc(C(=O)N)c(Nc3ccccc3C)c2cc1OC,3.4,2.1793452380952383,-1.2206547619047616
29,train,CNC1=Nc2ncccc2C(=NC1c3cccs3)c4occn4,1.14,2.1793452380952383,1.0393452380952384
1318,train,CS(=O)(=O)Cc1cc(nc(n1)c2cccc3[nH]ccc23)N4CCOCC4,1.7,2.1793452380952383,0.4793452380952383
3763,train,Nc1ncnc2c1ncn2[C@@H]3O[C@H](CSCCCNC(=O)Nc4ccc(Cl)cc4)[C@@H](O)[C@H]3O,2.5,2.1793452380952383,-0.3206547619047617
2121,train,Clc1ccc2C(=O)C3=C(Nc2c1)C(=O)NN(Cc4ccncc4)C3=O,-0.16,2.1793452380952383,2.3393452380952384
1924,train,CC1=C(CCC(=O)O)C(=O)Oc2cc(O)ccc12,-0.7,2.1793452380952383,2.8793452380952385
800,train,COc1cccc(c1)c2cc(O)c3cc(NC(=O)C)ccc3n2,2.41,2.1793452380952383,-0.23065476190476186
1893,train,COC(=O)c1ccc(CC(=O)N(C)C2CCN(CCC(c3ccccc3)c4ccccc4)CC2)cc1,4.0,2.1793452380952383,-1.8206547619047617
2011,train,CSc1ccc(OCc2ccccc2)c(\C=C\c3ccc(cn3)C(=O)O)c1,2.45,2.1793452380952383,-0.2706547619047619
3697,train,CCOC(=O)Cc1csc(NS(=O)(=O)c2ccc(Cl)cc2)n1,1.32,2.1793452380952383,0.8593452380952382
1132,train,CCCSc1nc(ccc1C(=O)NC2CCCCC2)N3CCCC(C3)C(=O)O,1.72,2.1793452380952383,0.4593452380952383
1938,train,OCCN1CCN(CCCN2c3ccccc3Sc4ccc(cc24)C(F)(F)F)CC1,3.8,2.1793452380952383,-1.6206547619047615
3184,train,CN(C)CC(O)COc1ccc(Nc2nccc(Nc3cccc(Cl)c3)n2)cc1,2.5,2.1793452380952383,-0.3206547619047617
2289,train,CCN(CC)c1ncnc2c1ncn2Cc3c(Cl)cccc3Cl,1.25,2.1793452380952383,0.9293452380952383
1253,train,OCC[C@]1(CCCNC1)c2ccc(Cl)c(Cl)c2,0.62,2.1793452380952383,1.5593452380952382
2505,train,CCCCC(CC)CNC(=O)c1cc(ccc1Cl)N2N=CC(=O)NC2=O,2.41,2.1793452380952383,-0.23065476190476186
2231,train,O=C(Nc1cccc2cccnc12)[C@@H]3CC[C@H](CC3)N4C(=O)[C@@H]5[C@@H]6CC[C@@H](C6)[C@@H]5C4=O,3.94,2.1793452380952383,-1.7606547619047617
472,train,O=C(NC1CCCC1)C(N(Cc2occc2)C(=O)c3ccc([nH]3)c4ccccc4)c5ccncc5,4.36,2.1793452380952383,-2.180654761904762
4060,train,CN(C)CCCOc1nccc(Nc2cc(NC(=O)c3ccnc(c3)N4CCOCC4)ccc2C)n1,1.3,2.1793452380952383,0.8793452380952382
1552,train,NC(=N)N1CCc2ccccc2C1,-1.01,2.1793452380952383,3.189345238095238
2428,train,Cc1ccc(cc1c2cc(ccc2OCC(=O)O)C(F)(F)F)C#N,0.15,2.1793452380952383,2.0293452380952384
3294,train,CCCN(CCCOCCOCCc1ccccc1)CCc2ccc(O)c3nc(O)sc23,2.74,2.1793452380952383,-0.5606547619047619
950,train,COc1ccc(cn1)c2ccc3nc(N)sc3c2,3.2,2.1793452380952383,-1.020654761904762
1162,train,CC(O)(C(=O)Nc1ccc(cc1)S(=O)(=O)c2ccc(O)cc2)C(F)(F)F,2.78,2.1793452380952383,-0.6006547619047615
514,train,COc1ccc(cc1F)c2cc(nn2c3ccc(cc3)S(=O)(=O)N)C(F)F,2.8,2.1793452380952383,-0.6206547619047615
350,train,CCC(CC)NC(=O)c1cnn(c1NS(=O)(=O)c2ccc(C)cc2)c3ccccc3Cl,0.65,2.1793452380952383,1.5293452380952384
872,train,C[C@@H]1CN(C[C@H](C)O1)c2nc(N3CCOC[C@@H]3C)c4ccc(nc4n2)c5ccccc5,3.75,2.1793452380952383,-1.5706547619047617
1801,train,Cn1cc(nc1c2c3C(=O)N(CC=C)C(=O)N(CC4CC4)c3nn2Cc5ccnc6ccc(Cl)cc56)C#N,3.92,2.1793452380952383,-1.7406547619047616
2415,train,C[C@H]1COCCN1c2cc(nc(n2)c3cccc4[nH]ccc34)C5(CC5)S(=O)(=O)C,2.8,2.1793452380952383,-0.6206547619047615
2314,train,CCCC(=O)Nc1ccc2c3ccccc3C(=O)C(=O)c2c1,2.81,2.1793452380952383,-0.6306547619047618
2026,train,CC(Cc1ccccc1)N(C)CC#C,2.16,2.1793452380952383,0.019345238095238138
2767,train,Oc1nc2ccccc2nc1NCc3ccccc3,3.3,2.1793452380952383,-1.1206547619047615
1160,train,CN(C)CCCN(C)S(=O)(=O)c1ccc(Nc2nccc(n2)c3cnc4ccccn34)cc1,2.16,2.1793452380952383,0.019345238095238138
1214,train,Fc1ccc(cc1)C(NC(=O)CC2CCN(Cc3ccn(c3)c4ccc(cc4)C(F)(F)F)CC2)C5=CNC(=O)C(=C5)Cl,3.12,2.1793452380952383,-0.9406547619047618
3290,train,OC(=O)CCn1c2ccccc2c3ccccc13,0.6,2.1793452380952383,1.5793452380952382
1628,train,FC(F)(F)c1csc(n1)N2CCN(CC2)C(=O)[C@@H]3CCCC[C@H]3C(=O)NC4(CC4)C#N,2.4,2.1793452380952383,-0.22065476190476163
2908,train,Cc1ccc2c(c1)c(c(C)n2CC(=O)O)c3ccnc4cc(ccc34)C(F)(F)F,1.78,2.1793452380952383,0.39934523809523825
1,train,COc1cc(OC)c(cc1NC(=O)CSCC(=O)O)S(=O)(=O)N2C(C)CCc3ccccc23,-1.18,2.1793452380952383,3.359345238095238
1647,train,[O-][S+](CCC1C(=O)N(N(C1=O)c2ccccc2)c3ccccc3)c4ccccc4,-0.51,2.1793452380952383,2.689345238095238
3513,train,CN1CCN(CC1)c2ccc3N=CN(C(=O)c3c2)c4cc(ccc4C)C(=O)Nc5nccs5,2.56,2.1793452380952383,-0.3806547619047618
209,train,Cc1ccc(cc1)c2cccc(c2)c3nn[nH]n3,1.3,2.1793452380952383,0.8793452380952382
1383,train,C[C@@H](C[C@@](C)(CS(=O)(=O)N1CCN(CCc2ccc(Cl)cc2Cl)CC1)N(O)C=O)c3ncc(F)cn3,3.27,2.1793452380952383,-1.0906547619047617
2523,train,CN1N=Nc2c(ncn2C1=O)C(=O)N,-1.08,2.1793452380952383,3.2593452380952384
3170,train,CC(N)Cc1c[nH]c2ccc(OCc3cccs3)cc12,0.48,2.1793452380952383,1.6993452380952383
1043,train,CNCCCN1c2ccccc2CCc3ccccc13,1.24,2.1793452380952383,0.9393452380952383
2805,train,COc1ccc(N(C(C(=O)NC[C@@H](C)O)c2ccccc2F)C(=O)c3ccccc3)c(OC)c1,2.55,2.1793452380952383,-0.37065476190476154
3754,train,Oc1c(C#N)c(nc2ccncc12)c3ccc(cc3)c4ccccc4CN5CCOCC5,2.0,2.1793452380952383,0.17934523809523828
3597,train,OC(=O)c1ccc(cc1)n2ncc(C(=O)NC3C4CC5CC(CC3C5)C4)c2C6CCC6,1.33,2.1793452380952383,0.8493452380952382
440,train,O[C@@H](CNCCc1cccc(CN2CCCC2)c1)c3ccc(O)c4NC(=O)Sc34,-0.28,2.1793452380952383,2.4593452380952385
1228,train,OC(=O)Cc1csc(n1)c2ccc(Cl)cc2,-0.22,2.1793452380952383,2.3993452380952385
2947,train,Nc1cc(nc(N)[n+]1[O-])N2CCCCC2,0.77,2.1793452380952383,1.4093452380952383
1054,train,C[C@@H]1CN(CCN1c2ncc(OCc3ccncc3C#N)cn2)c4noc(C)n4,2.6,2.1793452380952383,-0.4206547619047618
3853,train,COc1cncc(NC(=O)c2cc(NC(=O)c3cccc(c3)C(C)(C)C#N)ccc2C)c1,3.04,2.1793452380952383,-0.8606547619047618
4166,train,NC1(CCN(CC1)c2ncnc3[nH]ccc23)C(=O)NC(CO)c4ccc(Cl)cc4,2.4,2.1793452380952383,-0.22065476190476163
1053,train,COc1cc2nc(nc(N)c2cc1OC)N3CCN(CC3)C(=O)C4CCCO4,0.9,2.1793452380952383,1.2793452380952384
3354,train,CCC(N(CCCN)C(=O)c1ccc(C)cc1)C2=Nc3ccsc3C(=O)N2Cc4ccccc4,1.81,2.1793452380952383,0.3693452380952382
1157,train,CCN(C1CCN(CC[C@H](C2CCN(CC2)S(=O)(=O)C)c3cccc(c3)C(F)(F)F)CC1)C(=O)Cc4ccc(cc4)S(=O)(=O)C,1.9,2.1793452380952383,0.27934523809523837
3655,train,Fc1ccccc1NC(=O)NC2N=C(c3ccccc3)c4ccccc4NC2=O,3.8,2.1793452380952383,-1.6206547619047615
105,train,O[C@@H](CNC1CCN(Cc2ccc(Cl)c(Cl)c2)CC1)COc3cccc(c3)C#N,3.09,2.1793452380952383,-0.9106547619047616
3229,train,COc1cc2nc(nc(N)c2cc1OC)N3CCN(CC3)C(=O)c4occc4,1.9,2.1793452380952383,0.27934523809523837
3675,train,CCOC(=O)c1cnc2c(N)cccc2c1O,0.9,2.1793452380952383,1.2793452380952384
2563,train,OCCN1C=Cc2c(NC(=O)Cc3ccc(Cl)c(c3)C(F)(F)F)cccc2C1=O,3.36,2.1793452380952383,-1.1806547619047616
453,train,CC(=O)Nc1ccc2ccn(c3cc(NC4COC4)n5ncc(C#N)c5n3)c2c1,2.24,2.1793452380952383,-0.060654761904761934
215,train,O=C(NCCSCc1ccccc1)c2ccccc2,3.3,2.1793452380952383,-1.1206547619047615
231,train,C(C(C1CCCCC1)C2CCCCC2)C3CCCCN3,3.02,2.1793452380952383,-0.8406547619047617
1069,train,CC1(C)N=C(N)N=C(N)N1c2ccc(Oc3ccc(Cl)cc3)c(Cl)c2,0.79,2.1793452380952383,1.3893452380952382
2316,train,Clc1ccc(Nc2nnc(Cc3ccncc3)c4ccccc24)cc1,3.7,2.1793452380952383,-1.520654761904762
2989,train,CN(C)C(=O)N[C@@H]1CC[C@@H](CCN2CCN(CC2)c3ccc(Cl)cc3)CC1,2.81,2.1793452380952383,-0.6306547619047618
3681,train,C1CN2CCC1C(C2)c3oc(nn3)c4oc(cc4)c5cccnc5,1.2,2.1793452380952383,0.9793452380952383
1023,train,CN1CCC(CC1)(c2cc(nc(n2)c3cccc4[nH]ccc34)N5CCOCC5)S(=O)(=O)C,1.9,2.1793452380952383,0.27934523809523837
293,train,COc1cc2ncn(c3cc(OCc4ccccc4C(F)(F)F)c(s3)C(=O)O)c2cc1OC,0.84,2.1793452380952383,1.3393452380952384
2218,train,NC(=O)c1cccc(C[C@H]2C[C@H]3CC[C@@H](C2)N3Cc4ccccc4)c1,1.19,2.1793452380952383,0.9893452380952383
1152,train,O=C1N=C(NCc2ccccc2)SN1Cc3ccccc3,3.01,2.1793452380952383,-0.8306547619047615
322,train,NC1(CCN(CC1)c2ncnc3[nH]ccc23)C(=O)NC(C4CC4)c5ccc(Cl)cc5,3.4,2.1793452380952383,-1.2206547619047616
4198,train,Clc1ccc2ncccc2c1C(=O)NCC3CCCCC3,2.65,2.1793452380952383,-0.47065476190476163
2685,train,Cc1ccc(CCCOCCS(=O)(=O)CCCNCCc2ccc(O)c3nc(O)sc23)s1,2.41,2.1793452380952383,-0.23065476190476186
3227,train,COc1cc(ccc1N)C(=O)NC[C@@H](O)CN2CCC(CC2)Oc3ccc(Cl)c(Cl)c3,3.12,2.1793452380952383,-0.9406547619047618
713,train,FC(F)(F)c1nnc2ccc(NCc3cccnc3)nn12,2.06,2.1793452380952383,0.11934523809523823
600,train,CN(C)c1ccc(cc1)S(=O)(=O)NC(=O)N2CCC(CC2)N3CCC(CC3)Oc4ccc(Cl)c(C)c4Cl,2.0,2.1793452380952383,0.17934523809523828
2718,train,NC1=CC2=NNC(=O)N2c3cc(ccc13)c4occc4,2.48,2.1793452380952383,-0.3006547619047617
3501,train,COc1cc(Cc2cnc(N)nc2N)cc(OC)c1OC,0.63,2.1793452380952383,1.5493452380952384
1499,train,CC(=O)NC[C@H]1CN(C(=O)O1)c2ccc(c(F)c2)n3cnc(c3)C#N,1.51,2.1793452380952383,0.6693452380952383
3093,train,COCCN1CCC(Cc2ccc(cc2)C(=O)NCc3cnc(nc3NCC(C)(C)C)C#N)CC1,3.5,2.1793452380952383,-1.3206547619047617
3771,train,CCN(CC)C(=O)c1ccc(cc1)C(N2CCNCC2)c3cccc4cccnc34,0.7,2.1793452380952383,1.4793452380952383
1823,train,COc1cc(N2CCCN(C)CC2)c3NC(=CC(=O)c3c1)C(=O)Nc4ccc(cc4)N5CCOCC5,2.1,2.1793452380952383,0.07934523809523819
1808,train,COc1ncc2N=CC(=O)N(CCN3CCC(CC3)NCc4cc5OCCOc5cn4)c2n1,-0.14,2.1793452380952383,2.3193452380952384
2600,train,CS(=O)(=O)c1ccc(cc1)[C@@H](CC2CCCC2)C(=O)Nc3nccs3,3.86,2.1793452380952383,-1.6806547619047616
4120,train,CC(C)c1onc(n1)N2CCN([C@H](C)C2)c3ncc(OCc4ccncc4C#N)cn3,3.3,2.1793452380952383,-1.1206547619047615
4143,train,Cc1ccc(cc1)c2c[nH]nn2,2.58,2.1793452380952383,-0.4006547619047618
1103,train,COc1ccc(C(=O)Nc2c(Cl)cncc2Cl)c3cccnc13,2.09,2.1793452380952383,0.08934523809523842
3621,train,CO[C@@H](C(=O)N1Cc2n[nH]c(NC(=O)c3ccc(cc3)N4CCN(C)CC4)c2C1)c5ccccc5,2.0,2.1793452380952383,0.17934523809523828
2553,train,CCCc1c(O)c(ccc1OCc2ccc(cc2OC)c3nn[nH]n3)C(=O)C,2.8,2.1793452380952383,-0.6206547619047615
1358,train,COc1ccc(Nc2nccc(n2)c3cnc(C)n3C(C)C)cc1,3.43,2.1793452380952383,-1.2506547619047619
2591,train,CC(C)(C)OC(=O)N1CCN(CC1)c2cnc(OCc3ccc(cc3)S(=O)(=O)C)cn2,3.4,2.1793452380952383,-1.2206547619047616
3389,train,CC(=O)N1CCOc2nc(OCc3ccccc3)ccc12,2.4,2.1793452380952383,-0.22065476190476163
1349,train,O=C1C=C(N=C2N(Cc3cccc4ccccc34)C=CN12)N5CCOCC5,3.3,2.1793452380952383,-1.1206547619047615
3155,train,CC(N)COc1c(C)cccc1C,0.62,2.1793452380952383,1.5593452380952382
2827,train,Oc1ccc(cc1)C2=CC(=O)c3cc(O)ccc3O2,3.3,2.1793452380952383,-1.1206547619047615
3860,train,COC(=O)c1c(C)[nH]c(C)c1C(=O)c2ccccc2Cl,2.7,2.1793452380952383,-0.5206547619047619
2326,train,CCCSc1nc(NC)ccc1C(=O)N[C@@H]2C3CC4CC2C[C@@](O)(C4)C3,3.27,2.1793452380952383,-1.0906547619047617
3867,train,Cc1ccc2cc(C)c3nnc(SCC(=O)N4CCN(CC4)C(=O)c5occc5)n3c2c1,2.3,2.1793452380952383,-0.12065476190476154
969,train,COc1cc(CCc2cc(Nc3ccnc(NCc4ccccn4)n3)n[nH]2)cc(OC)c1,3.5,2.1793452380952383,-1.3206547619047617
2552,train,CCN(CCO)CCCOc1cc2ncnc(Nc3cc(CC(=O)Nc4cccc(F)c4)[nH]n3)c2cc1OC,2.12,2.1793452380952383,0.05934523809523817
1852,train,Cc1c(OCC(F)(F)F)ccnc1C[S+]([O-])c2nc3ccccc3[nH]2,2.7,2.1793452380952383,-0.5206547619047619
357,train,C[C@@H](Oc1cccc2ncnc(Nc3ccc(OCc4ccccn4)c(Cl)c3)c12)C(=O)N(C)C,3.67,2.1793452380952383,-1.4906547619047616
1566,train,CC(C)CC(N1NC(=O)c2nc3cc(Cl)ccc3c(O)c2C1=O)c4ccccn4,1.83,2.1793452380952383,0.3493452380952382
2087,train,CC(N)(COP(=O)(O)O)C(=O)O,2.5,2.1793452380952383,-0.3206547619047617
2305,train,O=S(=O)(Nc1ccccc1c2ccccc2)c3ccccc3,3.96,2.1793452380952383,-1.7806547619047617
2657,train,Cc1ccc2c(N)c(C#N)sc2n1,2.23,2.1793452380952383,-0.0506547619047617
2123,train,CS(=O)(=O)c1cccc(Nc2nccc(Nc3cccc4CCOc34)n2)c1,3.0,2.1793452380952383,-0.8206547619047617
1704,train,COC[C@H](N1CCN(C[C@@H]1C)C2(C)CCN(CC2)C(=O)c3c(C)ncnc3C)c4ccc(cc4)C(F)(F)F,2.7,2.1793452380952383,-0.5206547619047619
3739,train,[O-][N+](=O)c1cccc(c1)c2ccc(OCC(CCc3ccncc3)N4C(=O)CCC4=O)cc2,3.88,2.1793452380952383,-1.7006547619047616
3154,train,Nc1nc2nc(SCc3cccc(F)c3F)nc(O)c2s1,2.5,2.1793452380952383,-0.3206547619047617
2446,train,Cc1nc2ccccn2c1c3ccnc(Nc4cccc(Cl)c4)n3,2.7,2.1793452380952383,-0.5206547619047619
98,train,COc1ccc(Cc2c(N)n[nH]c2N)cc1,0.2,2.1793452380952383,1.9793452380952383
1828,train,CCS(=O)(=O)c1ccc(c(C)c1)c2cc(Cl)ccc2OCC(=O)O,-0.65,2.1793452380952383,2.829345238095238
892,train,COCCNC(=O)c1ccc(Nc2ncc3cc(ccc3n2)c4ccnc(C)c4)cc1,3.56,2.1793452380952383,-1.3806547619047618
1315,train,O=C(Nc1ccc(nc1)n2ccnc2)c3ccc(cc3)C#N,2.2,2.1793452380952383,-0.020654761904761898
2081,train,C[C@H](Nc1ncc(Br)c(Nc2cc(C)[nH]n2)n1)c3ncc(F)cn3,2.39,2.1793452380952383,-0.21065476190476184
830,train,Cc1cc(N)c2cc(NC(=O)CCC(=O)Nc3ccc4nc(C)cc(N)c4c3)ccc2n1,1.39,2.1793452380952383,0.7893452380952384
1665,train,O[C@@H](CNCCSCCCNCCc1cccc(Cl)c1Cl)c2ccc(O)c3NC(=O)Sc23,2.2,2.1793452380952383,-0.020654761904761898
3046,train,CCOc1nc2cccc(C(=O)O)c2n1Cc3ccc(cc3)c4ccccc4c5nnn[nH]5,0.3,2.1793452380952383,1.8793452380952382
3811,train,COc1cc(cc(OC)c1OC)C(=O)NCc2ccc(OCCN(C)C)cc2,0.74,2.1793452380952383,1.4393452380952383
813,train,NC1(CCC1)c2ccc(cc2)c3c(ccn4ncnc34)c5ccccc5,1.7,2.1793452380952383,0.4793452380952383
1766,train,CC(NC(C)(C)C)C(=O)c1cccc(Cl)c1,2.12,2.1793452380952383,0.05934523809523817
2380,train,CN(c1ccnc(Nc2cc(OC3CCOCC3)cc(c2)N4CCOCC4)n1)c5cc(CO)ccc5C,3.7,2.1793452380952383,-1.520654761904762
4082,train,COc1cc(ccc1NC(=O)CN2CCOCC2)c3cccc4C(=O)C=C(Oc34)N5CCOCC5,2.3,2.1793452380952383,-0.12065476190476154
1653,train,Nc1n[nH]c(N)c1Cc2ccc3OCOc3c2,0.47,2.1793452380952383,1.7093452380952383
3423,train,COc1cc(F)ccc1c2cncc(CNC(=O)C3CCC3)c2,3.2,2.1793452380952383,-1.020654761904762
1722,train,Clc1ccccc1CNC(=O)c2cccnc2Oc3ccccc3,3.68,2.1793452380952383,-1.5006547619047619
687,train,O=C(NC1CCCCC1)c2cccnc2Sc3ccccc3,3.01,2.1793452380952383,-0.8306547619047615
3457,train,C[C@H](CO)Nc1nc(SCc2cccc(F)c2F)nc3NC(=O)C(=Cc13)C#N,3.32,2.1793452380952383,-1.1406547619047616
4193,train,Oc1cccc(NC(=O)c2ccc(OCCCN3CCCC3)cc2OCc4ccccn4)c1,1.78,2.1793452380952383,0.39934523809523825
4017,train,Cc1[nH]c(C(=O)NC2CCN(CC2)c3ncc(s3)C(=O)O)c(Cl)c1Cl,0.02,2.1793452380952383,2.1593452380952383
569,train,CN(c1ccnc(Nc2cc(cc(c2)N3CCN(C)CC3)N4CCOCC4)n1)c5cc(CO)ccc5C,2.61,2.1793452380952383,-0.4306547619047616
2674,train,CC1=NC(=C(NC1=O)c2ccccc2)c3ccc(CN4CCC(CC4)N5C(=O)Nc6ccccc56)cc3,3.8,2.1793452380952383,-1.6206547619047615
487,train,CN(c1ccnc(Nc2cc(cc(c2)N3CCOCC3)N4CCCCC4)n1)c5cc(CO)ccc5C,4.2,2.1793452380952383,-2.020654761904762
2574,train,COc1ccc2nc3ccccc3c(N)c2c1,1.0,2.1793452380952383,1.1793452380952383
963,train,O[C@@H](CNCCCOCCNCCc1cccc(Cl)c1)c2ccc(O)c3NC(=O)Sc23,-0.03,2.1793452380952383,2.209345238095238
2432,train,Oc1c(NC(=O)Nc2cccc(F)c2Cl)ccc(Cl)c1S(=O)(=O)N3CCNCC3,2.6,2.1793452380952383,-0.4206547619047618
2010,train,CNc1c(Br)cnc2[nH]c(nc12)c3ccc(OCCCN4CCOCC4)cc3,2.96,2.1793452380952383,-0.7806547619047617
2365,train,CC(C)CN1C(=O)NC(=O)c2c1sc(Cc3ccccc3C(F)(F)F)c2C(=O)N4CCC4,3.0,2.1793452380952383,-0.8206547619047617
823,train,CNC(=O)C[C@H](Nc1ncc(Cl)c(Nc2cc([nH]n2)C3CC3)n1)c4ccc(F)cc4,2.23,2.1793452380952383,-0.0506547619047617
3375,train,OC(=O)c1ccc2[nH]c(nc2c1)C(F)(F)F,-1.08,2.1793452380952383,3.2593452380952384
3373,train,Cc1c(Sc2ccc(Cl)cc2)c3c(cccc3n1CC(=O)O)S(=O)(=O)C,0.58,2.1793452380952383,1.5993452380952382
2054,train,Cc1ccnc(NCc2ccccc2)c1,3.08,2.1793452380952383,-0.9006547619047618
553,train,COc1ccc(c(C)n1)c2cccc3c(N)c4C(=O)N(Cc4nc23)C5CCC5,3.92,2.1793452380952383,-1.7406547619047616
3900,train,CC(O)(C(=O)Nc1ccc(cc1)S(=O)(=O)c2ccccc2)C(F)(F)F,2.98,2.1793452380952383,-0.8006547619047617
3515,train,CC(CN1c2ccccc2Sc3ccccc13)N(C)C,2.67,2.1793452380952383,-0.49065476190476165
498,train,OC1=CC=Cc2cc(O)c(O)c(O)c2C1=O,2.03,2.1793452380952383,0.14934523809523848
2872,train,Brc1cnc(Nc2cccc(NC(=O)N3CCCC3)c2)nc1NCCCNC(=O)c4cccs4,4.13,2.1793452380952383,-1.9506547619047616
2221,train,CN1CCN(CC1)S(=O)(=O)c2ccc(c(C)c2)c3cnc(N)c(n3)C(=O)Nc4cccnc4,2.6,2.1793452380952383,-0.4206547619047618
563,train,OCC[C@]1(CCCNC1)c2oc3ccccc3c2,0.06,2.1793452380952383,2.1193452380952382
1441,train,Clc1ccc(NC(=O)N2CCN(C[C@@H]3CCCN(C3)C4CC4)CC2)cc1Cl,3.57,2.1793452380952383,-1.3906547619047616
1395,train,COc1cccc(c1)C(=O)NCCCOc2cccc3ccc(N)nc23,2.46,2.1793452380952383,-0.2806547619047617
4199,train,CN1C(=O)C=C(CCc2ccc3ccccc3c2)N=C1N,2.7,2.1793452380952383,-0.5206547619047619
2273,train,CCN(CC)C(=O)c1ccc(cc1)[C@@H](N2CCN(CCOC)CC2)c3cccc(NC(=O)C4CC4)c3,2.35,2.1793452380952383,-0.1706547619047618
1527,train,OC(=O)c1cc(nc2ccccc12)c3ccccc3,-0.7,2.1793452380952383,2.8793452380952385
2459,train,NS(=O)(=O)c1cccc(Nc2nccc(Nc3cccc4[nH]ncc34)n2)c1,2.6,2.1793452380952383,-0.4206547619047618
1768,train,NC1(Cc2ccc(Cl)cc2)CCN(CC1)c3ncnc4[nH]ccc34,2.72,2.1793452380952383,-0.5406547619047619
152,train,NC(=O)c1ccc(Oc2cccc3cccnc23)c(c1)[N+](=O)[O-],1.7,2.1793452380952383,0.4793452380952383
2495,train,CN[C@@H](C)C(=O)N[C@@H](C1CCCCC1)C(=O)N[C@H]2CCCN(CCc3cccc(F)c3)C2,2.64,2.1793452380952383,-0.46065476190476184
3706,train,CN([C@H](CN1CCCC1)c2ccccc2)C(=O)Cc3ccc(Cl)c(Cl)c3,3.42,2.1793452380952383,-1.2406547619047616
2147,train,CCS(=O)(=O)c1ccc(c(F)c1)c2cc(Cl)ccc2OCC(=O)O,-0.92,2.1793452380952383,3.099345238095238
919,train,CN[C@@H](C)C(=O)N[C@@H](C1CCCCC1)C(=O)N[C@H]2CCCN(C2)C(=O)Cc3ccccc3,1.32,2.1793452380952383,0.8593452380952382
2739,train,Cc1c(cnn1c2ccc(cc2)C(=O)O)C(=O)NC3C4CC5CC(CC3C5)C4,0.8,2.1793452380952383,1.3793452380952382
746,train,CCCc1c(O)c(ccc1OCc2cccc(NC(=O)c3ccccc3C(=O)O)c2)C(=O)C,1.9,2.1793452380952383,0.27934523809523837
3112,train,CCCCCc1ccc(cc1)c2nnc(N)s2,4.13,2.1793452380952383,-1.9506547619047616
4110,train,Nc1ccc(OCc2ccccc2)cc1,2.2,2.1793452380952383,-0.020654761904761898
1465,train,CCOc1ccc(cc1)N2C(=Nc3ccccc3C2=O)CC,3.27,2.1793452380952383,-1.0906547619047617
3325,train,Nc1cccc(C(=O)NCC23CC4CC(CC(C4)C2)C3)c1Cl,3.29,2.1793452380952383,-1.1106547619047618
3976,train,C[C@H](CO)Nc1nc(SCc2ccccc2F)nc3NC(=O)Sc13,3.0,2.1793452380952383,-0.8206547619047617
1120,train,CC(=O)Nc1ccc2c(c1)c(cn2CCO)c3cc(NC4CC4)n5ncc(C#N)c5n3,2.71,2.1793452380952383,-0.5306547619047617
1908,train,OC(=O)c1ccc(OCC(=O)COc2ccc(SCCCCCc3ccccc3)cc2)cc1,3.63,2.1793452380952383,-1.4506547619047616
4168,train,Oc1ccc(cc1)[N+](=O)[O-],1.5,2.1793452380952383,0.6793452380952383
1155,train,NC(=N)Nc1nc(CSCCC(=N)NS(=O)(=O)N)cs1,-0.6,2.1793452380952383,2.7793452380952384
1483,train,CC(C)C(NC(=O)CN1C(=O)C(=CN=C1c2ccc(F)cc2)NC(=O)OCc3ccccc3)C(=O)C(F)(F)F,2.47,2.1793452380952383,-0.2906547619047619
1267,train,Cc1nccc(c1Cl)c2ccc(cc2)c3nc4ccncc4c(O)c3C#N,2.0,2.1793452380952383,0.17934523809523828
2194,train,CC(=O)Nc1ccc2ccn(c3cc(NC4CC4)n5ncc(C#N)c5n3)c2c1,3.29,2.1793452380952383,-1.1106547619047618
2752,train,CC(NC(=O)C1(N)CCN(CC1)c2ncnc3[nH]ccc23)c4ccccc4,2.17,2.1793452380952383,0.00934523809523835
3992,train,CC1=CN([C@H]2CCCN(C2)[C@H](CC3CCCCC3)c4ccc(C(=O)O)c(Oc5cccc(Cl)c5)c4)C(=O)NC1=O,1.83,2.1793452380952383,0.3493452380952382
2020,train,OC(=O)COc1ccc(cc1c2cccc(c2)C#N)C(F)(F)F,0.05,2.1793452380952383,2.1293452380952385
1659,train,Cc1cc(CNc2ncc(Br)c(Nc3cc(C)[nH]n3)n2)on1,2.92,2.1793452380952383,-0.7406547619047616
378,train,Nc1ccccc1NC(=O)c2ccc(cc2)c3ncc(CN4CCC4)cc3F,1.69,2.1793452380952383,0.48934523809523833
136,train,Nc1nnc(CCSCCc2nnc(NC(=O)Cc3ccccc3)s2)s1,2.0,2.1793452380952383,0.17934523809523828
627,train,Nc1c(nnc2c(c(F)ccc12)c3ncccn3)C(=O)NC4CC4,1.59,2.1793452380952383,0.5893452380952382
1458,train,NC(=O)c1cn([C@@H]2O[C@H](CO)[C@@H](O)[C@H]2O)c3ncnc(N)c13,-0.87,2.1793452380952383,3.0493452380952384
2604,train,Clc1ccc2nsnc2c1NC3=NCCN3,0.71,2.1793452380952383,1.4693452380952383
1095,train,CCc1c(C(=O)C(=O)N)c2c(OCC(=O)N)cccc2n1Cc3ccccc3,2.1,2.1793452380952383,0.07934523809523819
3415,train,O=C1C=C(Oc2c1cccc2c3cccc4c5CCCCc5sc34)N6CCOCC6,4.1,2.1793452380952383,-1.9206547619047614
3975,train,Cc1oc(CN2CCNCC2)cc1C(=O)NCC34CC5CC(CC(C5)C3)C4,1.03,2.1793452380952383,1.1493452380952383
3687,train,c1ccc(cc1)c2cn3ccccc3n2,2.9,2.1793452380952383,-0.7206547619047616
2134,train,Oc1ccccc1OCC(=O)NC2CCCC2,2.31,2.1793452380952383,-0.13065476190476177
3216,train,CCN(C1CCN(CCC(c2ccccc2)c3ccc(NC(=O)C(C)(C)C)cc3)CC1)C(=O)Cc4ccc(cc4)S(=O)(=O)C,2.98,2.1793452380952383,-0.8006547619047617
1193,train,CO[C@@H]1CN(Cc2ccc(cc2)C(F)(F)F)CC[C@@H]1N(C)C(=O)Cc3ccc(cc3)n4cnnn4,3.1,2.1793452380952383,-0.9206547619047618
4026,train,CCS(=O)(=O)c1ccc(c(C)c1)c2cc(ccc2CCC(=O)O)C(F)(F)F,0.76,2.1793452380952383,1.4193452380952383
3042,train,c1ccc(cc1)C#Cc2n[nH]c3ccccc23,4.31,2.1793452380952383,-2.1306547619047613
3208,train,COc1cc(ccc1Nc2ncc(Cl)c(n2)c3cnc4ccccn34)C(=O)N5CCOCC5,3.4,2.1793452380952383,-1.2206547619047616
3836,train,OC(=O)c1ccccc1NC(=O)Nc2ccccc2,-0.12,2.1793452380952383,2.2993452380952384
3752,train,CCCSc1c(cnn1[C@@H]2CC[C@H](CC2)C(=O)O)C(=O)NC3CCCCC3,1.03,2.1793452380952383,1.1493452380952383
4012,train,Clc1cccc(c1)S(=O)(=O)NCC(N2CCCCCC2)c3ccccc3,3.39,2.1793452380952383,-1.2106547619047618
2025,train,CC1=C(CCC(=O)O)C(=O)Oc2c(C)c(O)ccc12,-0.3,2.1793452380952383,2.479345238095238
3804,train,O=C(Nc1ccccc1)c2ccc(OCCCN3CCCC3)cc2OCc4ccccc4C#N,2.66,2.1793452380952383,-0.48065476190476186
154,train,Nc1ccc(cc1)S(=O)(=O)Nc2nccs2,-0.37,2.1793452380952383,2.5493452380952384
3644,train,Fc1ccccc1NC(=O)N[C@H]2N=C(c3ccccc3)c4ccccc4NC2=O,4.0,2.1793452380952383,-1.8206547619047617
809,train,CNC(=O)c1ccccc1Sc2ccc3c(\C=C\c4ccccn4)n[nH]c3c2,3.8,2.1793452380952383,-1.6206547619047615
1084,train,C[C@H](NC(=O)Cc1cc(F)cc(F)c1)C(=O)NC2C(=O)N(C)c3ccccc3c4ccccc24,3.6,2.1793452380952383,-1.4206547619047618
2798,train,CCO[C@@H]1OC(=O)C[C@@H]1NC(=O)[C@@H]2CCCN3N2C(=O)[C@H](CCC3=O)NC(=O)c4nccc5ccccc45,1.16,2.1793452380952383,1.0193452380952384
3731,train,OC[C@H]1C[C@H]([C@H](O)[C@@H]1O)n2nnc3c(N[C@@H]4C[C@H]4c5ccccc5)nc(SCCC(F)(F)F)nc23,4.06,2.1793452380952383,-1.8806547619047613
1444,train,CC(C)n1c(C)ncc1c2ccnc(Nc3ccc(cc3)N4CCN(CC4)C(=O)C)n2,2.39,2.1793452380952383,-0.21065476190476184
284,train,COc1ccccc1c2nnc(N)[nH]2,0.91,2.1793452380952383,1.2693452380952381
4009,train,O=C(NCC#N)[C@@H]1CCCC[C@H]1C(=O)N2CCN(CC2)c3ccccc3,1.75,2.1793452380952383,0.4293452380952383
3139,train,CCOC(=O)c1ccc(OCCC2CN(CCO2)c3ccc(C)nn3)cc1,2.7,2.1793452380952383,-0.5206547619047619
1260,train,CC(C)n1c(C)ncc1c2ccnc(Nc3ccc(cc3)N4CCN(CC4)S(=O)(=O)CCN(C)C)n2,2.52,2.1793452380952383,-0.34065476190476174
1865,train,CCOc1cccc(\C=C\2/SC(=O)NC2=O)c1N3CCC[C@@H](N)C3,1.86,2.1793452380952383,0.3193452380952382
2717,train,CC1=CN([C@H]2CCCN(C2)S(=O)(=O)c3ccc(C(=O)N)c(Oc4cccc(Cl)c4)c3)C(=O)NC1=O,1.96,2.1793452380952383,0.21934523809523832
3510,train,Oc1cc(nc2ncnn12)c3ccccc3,-0.21,2.1793452380952383,2.3893452380952382
507,train,NS(=O)(=O)c1ccc(NCc2ccccc2)cc1,1.7,2.1793452380952383,0.4793452380952383
559,train,CNC(=O)c1c(F)cccc1Nc2nc(Nc3cc4N(CCc4cc3OC)C(=O)CN(C)C)nc5[nH]ccc25,2.61,2.1793452380952383,-0.4306547619047616
30,train,CS(=O)(=O)C1(CC1)c2cc(nc(n2)c3cccc4[nH]ccc34)N5CC6CCC(C5)O6,2.6,2.1793452380952383,-0.4206547619047618
289,train,CC[C@H](NC(=O)c1c([S+]([O-])C(C)C)c(nc2ccccc12)c3ccccc3)c4ccccc4,3.81,2.1793452380952383,-1.6306547619047618
855,train,CN(C)CC(O)COc1ccc(Nc2ncc(Cl)c(Nc3ccccc3)n2)cc1,2.25,2.1793452380952383,-0.07065476190476172
1652,train,CN(c1ccnc(Nc2cc(cc(c2)N3CCOCC3)N4CCOCC4)n1)c5cc(CO)ccc5C,2.94,2.1793452380952383,-0.7606547619047617
2277,train,NC(=O)c1cccc(N[C@H]2C[C@H]3CC[C@@H](C2)N3Cc4ccccc4)c1,1.01,2.1793452380952383,1.1693452380952383
4108,train,CC(C)N(C(C)C)c1nnc(N)s1,1.49,2.1793452380952383,0.6893452380952383
3088,train,COc1cnc(nc1NC(C)C)c2ccccn2,2.01,2.1793452380952383,0.1693452380952385
1833,train,N[C@@H]1CCCN(C1)c2c(Cl)cccc2\C=C\3/SC(=O)NC3=O,1.97,2.1793452380952383,0.2093452380952383
3646,train,CN(C)C(=O)[C@H](Cc1ccccc1)NC(=O)c2cc3sccc3[nH]2,3.1,2.1793452380952383,-0.9206547619047618
4057,train,NC(=N)Nc1oc2ccccc2n1,1.91,2.1793452380952383,0.26934523809523836
1859,train,CCCNC(=O)c1nnc2c(cccc2c1N)c3cc(C)ccc3OC,3.99,2.1793452380952383,-1.810654761904762
682,train,CCc1csc(n1)N2CCN(CC2)C(=O)[C@@H]3CCCC[C@H]3C(=O)NC4(CC4)C#N,2.1,2.1793452380952383,0.07934523809523819
3966,train,COc1cc(nc2c(cc(F)cc12)N3CCN(C)CC3)C(=O)Nc4ccc(cc4)N5CCOCC5,3.85,2.1793452380952383,-1.6706547619047618
1544,train,Fc1cc(Oc2ccc(cc2c3ccnnc3)C(F)(F)F)c(Cl)cc1S(=O)(=O)Nc4nncs4,1.15,2.1793452380952383,1.0293452380952384
3877,train,COc1cc(cc(OC)c1OC)c2nnc(S)n2c3cccc(c3)C(F)(F)F,2.27,2.1793452380952383,-0.09065476190476174
3920,train,OC(Cn1cncn1)(Cn2cncn2)c3ccc(F)cc3F,0.48,2.1793452380952383,1.6993452380952383
2448,train,Oc1ccc(CCNCCCS(=O)(=O)NCCOCCSc2ccccc2)c3sc(O)nc13,1.84,2.1793452380952383,0.3393452380952382
1101,train,CN(C)CCOC(C)(c1ccccc1)c2ccccn2,-0.2,2.1793452380952383,2.3793452380952385
1629,train,CC(C)Nc1nc(nc(N2CCOCC2)c1N)C#N,2.04,2.1793452380952383,0.13934523809523824
3277,train,COc1ccc(cc1OC)c2csc(NC(=O)c3c(C)onc3C)n2,3.16,2.1793452380952383,-0.9806547619047619
808,train,Cc1cc(Nc2ccccc2)n(CCC#N)n1,2.3,2.1793452380952383,-0.12065476190476154
2533,train,OC(=O)c1c(Sc2ccccc2)c3cc(Cl)ccc3n1Cc4ccc(Cl)cc4,2.96,2.1793452380952383,-0.7806547619047617
2027,train,C[C@H](NC(=O)c1c(C)nn(C2CCOCC2)c1NS(=O)(=O)c3ccc(C)cc3)C(C)(C)C,0.5,2.1793452380952383,1.6793452380952383
3809,train,Cn1cc(cc1c2c3C(=O)N(CC#CCn4cncn4)C(=O)N(CC5CC5)c3nn2Cc6ccnc7ccc(Cl)cc67)C#N,3.43,2.1793452380952383,-1.2506547619047619
3554,train,CNc1cc(nc2c(cc(OC)cc12)N3CCN(C)CC3)C(=O)Nc4ccc(cc4)N5CCOCC5,2.93,2.1793452380952383,-0.7506547619047619
3663,train,Oc1cccc(NC(=O)c2ccc(OCCCN3CCCC3)cc2OCc4ccccc4)c1,3.07,2.1793452380952383,-0.8906547619047616
652,train,CC1(C)Oc2ncnc(N)c2N=C1c3ccc(cc3)[C@@H]4CC[C@@H](CC(=O)O)CC4,1.32,2.1793452380952383,0.8593452380952382
2177,train,CN1C(=O)N(CC2CC2)c3nn(Cc4ccnc5ccc(Cl)cc45)c(c3C1=O)c6nc(cn6C)S(=O)(=O)C,2.64,2.1793452380952383,-0.46065476190476184
2173,train,NC(=O)c1sc(cc1N)c2ccc(Cl)cc2,3.3,2.1793452380952383,-1.1206547619047615
2334,train,Clc1cccc2[nH]ncc12,2.5,2.1793452380952383,-0.3206547619047617
207,train,OC(=O)C1CCN(CC1)c2ncccc2c3ccc(Cl)c(c3)C(=O)NCC4CCCCCC4,2.53,2.1793452380952383,-0.3506547619047615
2089,train,CN(C)C(=O)N[C@@H]1CC[C@@H](CCN2[C@@H]3CC[C@H]2C[C@H](C3)Oc4cccc(c4)C(=O)N)CC1,0.12,2.1793452380952383,2.059345238095238
1258,train,COCCC(=O)N(C)c1ccc(Nc2ncc3cc(ccc3n2)c4ccncc4)cc1,3.23,2.1793452380952383,-1.0506547619047617
2933,train,CONC(=O)c1cnc(s1)N2CCC(CC2)NC(=O)c3[nH]c(C)c(Cl)c3Cl,3.1,2.1793452380952383,-0.9206547619047618
907,train,CS(=O)(=O)c1cccc(Nc2nccc(Nc3cccc4ccoc34)n2)c1,3.52,2.1793452380952383,-1.3406547619047617
3116,train,COc1cc(ccc1Nc2ncc(Cl)c(n2)c3cnc4cc(Cl)ccn34)N5CCN(CC5)C(=O)C,4.2,2.1793452380952383,-2.020654761904762
2386,train,S(c1ccccc1)c2ccc3ccccc3n2,3.92,2.1793452380952383,-1.7406547619047616
3033,train,CC(=O)Nc1cc(CN2C(=O)N(C(=O)C2(C)C)c3ccc(SC(F)(F)F)cc3)ccn1,2.93,2.1793452380952383,-0.7506547619047619
2532,train,OC(=O)c1cc(ccc1O)N=Nc2ccc(cc2)S(=O)(=O)Nc3ccccn3,-0.58,2.1793452380952383,2.7593452380952384
3156,train,CCCCC(O)c1[nH]c2cc(C)c(cc2c1CCc3ccccc3)C(=O)O,2.59,2.1793452380952383,-0.4106547619047616
3719,train,CN[C@@H](C)C(=O)N[C@H](C(=O)N[C@H]1CCCN(CCc2cccc(OC)c2)C1)C(C)(C)C,1.47,2.1793452380952383,0.7093452380952383
396,train,O=C(Nc1cccc(NC(=O)c2ccccc2)n1)c3ccccc3,4.02,2.1793452380952383,-1.8406547619047613
2252,train,NC(=O)c1cnc(N[C@H]2CCCNC2)c3cc(sc13)c4ccc(F)cc4F,1.97,2.1793452380952383,0.2093452380952383
594,train,COCCC(=O)N[C@H](C)c1ccc(Nc2ncc3cc(ccc3n2)c4ccncc4)cc1,3.08,2.1793452380952383,-0.9006547619047618
342,train,CCN(CC)S(=O)(=O)c1ccc(cc1)c2oc(SCC(=O)N3CCc4ccccc34)nn2,3.9,2.1793452380952383,-1.7206547619047616
1640,train,O=C(NCC#N)[C@@H]1CCCC[C@H]1C(=O)N2CCc3ccccc3C2,1.91,2.1793452380952383,0.26934523809523836
2165,train,Cc1ccccc1C[C@H](N2CCC(CN3CCC(CC3)Oc4ccc(Cl)c(Cl)c4)CC2)C(=O)O,2.54,2.1793452380952383,-0.36065476190476176
1845,train,CCN(CC)C(=O)c1ccc(cc1)[C@@H](N2CCN(Cc3ccc(F)cc3)CC2)c4cccc(NC(=O)C5CC5)c4,3.99,2.1793452380952383,-1.810654761904762
2308,train,Cc1ccc(cc1NC(=O)c2ccc(OCc3ccccn3)cc2)c4ccc(N)nn4,2.47,2.1793452380952383,-0.2906547619047619
3680,train,Cc1cc(CN2Cc3cccnc3CC2C(=O)Nc4ccc(Cl)cc4Cl)ccc1OCC(=O)O,1.15,2.1793452380952383,1.0293452380952384
2612,train,CCCCNc1nc(SCCC)nc2c1nnn2[C@@H]3C[C@H](CO)[C@@H](O)[C@H]3O,3.07,2.1793452380952383,-0.8906547619047616
1438,train,NC(=O)c1ccc(O[C@H]2C[C@H]3CC[C@@H](C2)N3Cc4ccccc4)c(F)c1,2.1,2.1793452380952383,0.07934523809523819
2019,train,CC1=CC(=O)Oc2cc3NCCCc3cc12,2.7,2.1793452380952383,-0.5206547619047619
2007,train,NC(=O)Nc1sc(cc1C(=O)N[C@H]2CCCNC2)c3ccc(F)cc3,1.76,2.1793452380952383,0.41934523809523827
1140,train,Fc1ccc(C2CCN(CC2)C(=S)COCc3ccncc3)c(Cl)c1,4.23,2.1793452380952383,-2.050654761904762
2679,train,COc1ccc(cc1)N2Sc3ccccc3C2=O,3.02,2.1793452380952383,-0.8406547619047617
3298,train,CS(=O)(=O)c1ccc(CC(=O)N(CC=C)C2CCN(CCC(c3ccccc3)c4ccccc4)CC2)cc1,3.1,2.1793452380952383,-0.9206547619047618
1503,train,CC(C)C[C@H](CO)Nc1nc(SCc2ccncc2)nc3nc(N)sc13,2.9,2.1793452380952383,-0.7206547619047616
608,train,COc1ccc(cc1)C(=O)C2CCN(CC2)C(=O)c3occc3,2.42,2.1793452380952383,-0.24065476190476165
3738,train,NCC(O)(c1ccccc1)c2ccccc2,0.9,2.1793452380952383,1.2793452380952384
1644,train,CCOC(=O)c1ccc(OCC2CCN(C2)c3ccc(C)nn3)cc1,3.44,2.1793452380952383,-1.2606547619047617
3366,train,COc1cc2ncnc(Nc3ccc(F)c(Cl)c3)c2cc1OCCCN(C)C,2.9,2.1793452380952383,-0.7206547619047616
749,train,CC(C)NC[C@@H](C(=O)N1CCN(CC1)c2ncnc3[C@H](O)C[C@@H](C)c23)c4ccc(Cl)cc4,1.3,2.1793452380952383,0.8793452380952382
1389,train,N#CCc1c[nH]c2ccc(OCc3ccccc3)cc12,3.71,2.1793452380952383,-1.5306547619047617
210,train,Cc1ccc2c(n1)c(Sc3ccc(Cl)cc3)c(C)n2CC(=O)O,0.35,2.1793452380952383,1.8293452380952382
1518,train,CC(C)n1c(C)ncc1c2ccnc(Nc3ccc(cc3)C(=O)NCCO)n2,2.09,2.1793452380952383,0.08934523809523842
2060,train,CN(C)C(=O)CC(NC(=O)C1(N)CCN(CC1)c2ncnc3[nH]ccc23)c4ccc(Cl)cc4,2.4,2.1793452380952383,-0.22065476190476163
3385,train,COc1ccnc(NC2CCN(CC2)C(=O)c3ccc(Cl)cc3)c1,2.82,2.1793452380952383,-0.6406547619047616
3668,train,CCC(N(CCCN)C(=O)c1ccc(C)cc1)C2=Nc3ccsc3C(=O)N2Cc4cscn4,0.02,2.1793452380952383,2.1593452380952383
2077,train,COCCN1CCN(CC(=O)Nc2ccc(C3=CC=CN4C(=O)C=C(N=C34)N5CCOCC5)c6sc7ccccc7c26)CC1,3.2,2.1793452380952383,-1.020654761904762
2771,train,CC(C)C(NC(=O)CN1C(=O)C(=CC=C1c2ccccc2)NC(=O)OCc3ccc(cc3)C(=O)O)C(=O)C(F)(F)F,0.84,2.1793452380952383,1.3393452380952384
1138,train,NC(=O)N1c2ccccc2C[C@H](O)c3ccccc13,0.79,2.1793452380952383,1.3893452380952382
4169,train,CCC(CC)NC(=O)c1cnn(Cc2ccccc2)c1NS(=O)(=O)c3ccc(C)cc3,1.52,2.1793452380952383,0.6593452380952383
2633,train,NC1=NC(Nc2cccc(F)c12)c3cccs3,0.91,2.1793452380952383,1.2693452380952381
1161,train,OC1=CC(=O)C2=C(O1)c3ccccc3N(Cc4ccccc4)C2=O,1.97,2.1793452380952383,0.2093452380952383
956,train,Cc1ccc2c(c1)c(c(C)n2CC(=O)O)c3ccnc4c(cccc34)C#N,0.52,2.1793452380952383,1.6593452380952383
2516,train,O=C(N1CCOCC1)N2CCn3cc(C4=C(C(=O)NC4=O)c5cnc6ccccn56)c7cccc(C2)c37,1.79,2.1793452380952383,0.38934523809523824
281,train,CC(=O)Nc1ccc2c(c1)c(Sc3ccc(Cl)cc3)c(C)n2CC(=O)O,0.2,2.1793452380952383,1.9793452380952383
1764,train,Nc1cccc(NC(=O)c2ccc(CNC(=O)OCc3cccnc3)cc2)c1,1.6,2.1793452380952383,0.5793452380952382
743,train,COc1ccc(C=C2SC(=O)NC2=O)cc1OC,1.17,2.1793452380952383,1.0093452380952384
101,train,C1Oc2ccccc2C3=NN(CC13)c4ccccc4,4.28,2.1793452380952383,-2.100654761904762
4149,train,CC(C)N1CCC[C@H](CN2C(=Nc3ccc(Oc4ccc(F)cc4)cc3C2=O)C)C1,2.4,2.1793452380952383,-0.22065476190476163
2496,train,CCCC1=CC(=CC(=O)N1Cc2ccc(cc2)c3ccccc3c4nn[nH]n4)OCc5ccccc5,2.4,2.1793452380952383,-0.22065476190476163
2227,train,O=C(CS(=O)(=O)c1ccccc1)c2ccccc2,1.86,2.1793452380952383,0.3193452380952382
48,train,O[C@@H](CNCCCOCCOCCc1cccc2ccccc12)c3ccc(O)c4NC(=O)Sc34,2.28,2.1793452380952383,-0.10065476190476152
2930,train,O=C1N2CCS(=O)(=O)C2=Nc3ccccc13,0.8,2.1793452380952383,1.3793452380952382
370,train,COCCS(=O)(=O)N1CCN(CC1)c2ccc(Nc3nccc(n3)c4cnc(C)n4C(C)C)cc2,2.75,2.1793452380952383,-0.5706547619047617
3012,train,C=CCCCCCCCCC(=O)N[C@H]1CCC(=O)NC1=O,2.64,2.1793452380952383,-0.46065476190476184
811,train,Oc1ccc(CCNCCS(=O)(=O)CCCOCCc2oc3ccccc3c2)c4sc(O)nc14,2.86,2.1793452380952383,-0.6806547619047616
116,train,NC1(CCC1)c2ccc(cc2)c3nc4C=CN5C(=O)NN=C5c4cc3c6ccccc6,2.5,2.1793452380952383,-0.3206547619047617
3964,train,CN1[C@@H]2CC[C@H]1C[C@H](C2)OC(=O)C(CO)c3ccccc3,-0.66,2.1793452380952383,2.8393452380952384
1954,train,Cc1nc(C)c(nc1C(=O)N)c2ccc([C@@H]3CC[C@H](CC(=O)O)CC3)c(F)c2,1.2,2.1793452380952383,0.9793452380952383
4032,train,COc1cc(F)ccc1c2cncc(CNCC3CC3)n2,1.8,2.1793452380952383,0.37934523809523824
3293,train,O[C@@H](CNCCc1cccc(CNCCCc2ccccc2)c1)c3ccc(O)c4NC(=O)Sc34,1.11,2.1793452380952383,1.0693452380952382
4117,train,NS(=O)(=O)c1ccc2NC(C3CC=CC3c2c1)c4cccc5ccccc45,1.9,2.1793452380952383,0.27934523809523837
464,train,COc1ccc2nc(C)cc(N3CC(CNC(=O)C4CC4)OC3=O)c2c1,1.55,2.1793452380952383,0.6293452380952382
512,train,CCN(C1CCN(CCC(c2ccc(NC(=O)C)cc2)c3cccc(F)c3)CC1)C(=O)Cc4ccc(cc4)S(=O)(=O)C,2.41,2.1793452380952383,-0.23065476190476186
1327,train,OC(=O)CCCc1ccc(cc1)N(CCCl)CCCl,1.47,2.1793452380952383,0.7093452380952383
2271,train,O[C@H](CNC(=O)C1=CC(=O)Nc2ccccc12)CN3CCC(CC3)Oc4ccc(Cl)c(Cl)c4,3.48,2.1793452380952383,-1.3006547619047617
1380,train,COCCN(C)Cc1ccc(Nc2ncc3cc(ccc3n2)c4ccncc4)cc1,2.65,2.1793452380952383,-0.47065476190476163
2135,train,Clc1ccc(cc1C(=O)NCC23CC4CC(CC(C4)C2)C3)C5CCNCC5,1.58,2.1793452380952383,0.5993452380952382
474,train,CN1CCN(CC1)C(=O)c2cc3cc(Br)ccc3[nH]2,2.79,2.1793452380952383,-0.6106547619047618
3414,train,CNC(=O)c1cccc2c1c(Sc3ccc(Cl)cc3)c(C)n2CC(=O)O,-0.89,2.1793452380952383,3.0693452380952384
1266,train,C[C@@H]1CN(CCN1C(=O)[C@@H]2CCCC[C@H]2C(=O)NC3(CC3)C#N)c4ccc5c(C)nn(C)c5c4,2.7,2.1793452380952383,-0.5206547619047619
3785,train,CN(C)CCNS(=O)(=O)c1ccc(Nc2nccc(n2)c3cnc4ccccn34)cc1,2.7,2.1793452380952383,-0.5206547619047619
1780,train,CCCCCC1=CC(=O)NC(=N1)N,1.62,2.1793452380952383,0.5593452380952382
1903,train,CCOC(=O)c1ccc(N)cc1,1.83,2.1793452380952383,0.3493452380952382
0,train,Cn1c(CN2CCN(CC2)c3ccc(Cl)cc3)nc4ccccc14,3.54,2.1793452380952383,-1.3606547619047618
2828,train,CN(C1CCN(Cc2nc3cc(F)ccc3s2)CC1)C(=O)Cc4ccc(cc4)n5cnnn5,2.85,2.1793452380952383,-0.6706547619047618
3796,train,Nc1nccc(n1)c2cc3C(=O)NC[C@H](CCF)c3[nH]2,0.51,2.1793452380952383,1.6693452380952383
2993,train,Clc1ccc2N(C3CCN(CCCN4C(=O)Nc5ccccc45)CC3)C(=O)Nc2c1,3.45,2.1793452380952383,-1.270654761904762
1842,train,CS(=O)(=O)c1ccc(c[n+]1[O-])C(=O)Nc2ccc(F)cc2,0.84,2.1793452380952383,1.3393452380952384
3704,train,CN1C[C@@H](c2ccccc2)c3cccc(N)c3C1,2.11,2.1793452380952383,0.0693452380952384
3230,train,Cc1c(sc2ncnc(O)c12)C(=O)Nc3ccccc3,2.13,2.1793452380952383,0.049345238095238386
380,train,O[C@@H](CNCCCSCCNCCc1ccccc1Cl)c2ccc(O)c3NC(=O)Sc23,0.99,2.1793452380952383,1.1893452380952383
1676,train,CC(NC(=O)C1(N)CCN(CC1)c2ncnc3[nH]ccc23)c4ccc(Cl)cc4,2.7,2.1793452380952383,-0.5206547619047619
2570,train,C[C@@H](N)COc1c(C)cccc1C,0.6,2.1793452380952383,1.5793452380952382
2501,train,CN(C)CC(O)COc1ccc(Nc2nccc(Nc3cc(Cl)ccc3Cl)n2)cc1,2.9,2.1793452380952383,-0.7206547619047616
1939,train,CC(=O)Nc1ccc2ccn(c3cc(NCCCN4CCCC4)n5ncc(C#N)c5n3)c2c1,1.87,2.1793452380952383,0.3093452380952382
3888,train,COc1ccc(cc1OC)C(=O)Nc2cccc(NC(=O)c3cccc(c3)N(C)C)c2,3.67,2.1793452380952383,-1.4906547619047616
759,train,COc1ccc2c(C)cc(N[C@H]3CCC[C@@H](C3)NCc4ccsc4)nc2c1,2.46,2.1793452380952383,-0.2806547619047617
1605,train,COc1cc(ccc1Nc2ncc(Cl)c(n2)c3cnc4ccccn34)N5CC6CN(CCO)CC(C5)O6,2.5,2.1793452380952383,-0.3206547619047617
2248,train,CN(c1cccc(CO)c1)c2ccnc(Nc3cc(cc(c3)N4CCOCC4)N5CCOCC5)n2,2.6,2.1793452380952383,-0.4206547619047618
1705,train,COc1ccc(cc1OC)S(=O)(=O)Nc2ccc(\C=C\C(=O)Nc3ccccc3N)cc2,2.56,2.1793452380952383,-0.3806547619047618
2018,train,CC(C#Cc1ccccc1)N2NC(=O)C3=C(C2=O)C(=O)c4ccc(Cl)cc4N3,1.4,2.1793452380952383,0.7793452380952384
2982,train,CC(=O)N1CCN(CC1)c2ccc(NC(=O)c3oc(Nc4ccccc4F)nn3)cc2,2.51,2.1793452380952383,-0.3306547619047615
3206,train,Clc1ccc2oc3C(=O)NC(=Nc3c2c1)[C@@H]4CCCN4,2.01,2.1793452380952383,0.1693452380952385
1013,train,COCCCNS(=O)(=O)c1ccc(Nc2nccc(n2)c3cnc4ccccn34)cc1,3.41,2.1793452380952383,-1.2306547619047619
3119,train,C[C@@H]1N[S@@](=O)(=NC1=O)c2cccc(c2)c3cccc(c3)C#N,0.4,2.1793452380952383,1.7793452380952384
2812,train,OC(=O)C(N1CCO[C@@H](CN2CCC(CC2)Oc3ccc(Cl)c(Cl)c3)C1)c4ccccc4,1.71,2.1793452380952383,0.4693452380952383
524,train,Clc1cccc(\C=C\2/SC(=O)NC2=O)c1N3CCNCC3,0.68,2.1793452380952383,1.4993452380952381
1773,train,NC(=O)c1cnc(N[C@H]2CCCNC2)c3cc(sc13)c4ccc(F)cc4,2.01,2.1793452380952383,0.1693452380952385
3574,train,CCCCc1nc2c(N)nc3ccccc3c2n1CC(C)(C)O,2.37,2.1793452380952383,-0.19065476190476183
3159,train,CN(C)CC(O)COc1ccc(Nc2nccc(Nc3ccccc3)n2)cc1,1.58,2.1793452380952383,0.5993452380952382
14,train,CC1CCCCC1NC(=O)c2cnn(c2NS(=O)(=O)c3ccc(C)cc3)c4ccccc4,1.34,2.1793452380952383,0.8393452380952382
1280,train,NC(=O)C1CCCCC1,0.9,2.1793452380952383,1.2793452380952384
1749,train,CC1=CC2=NNC(=O)N2c3ccccc13,2.35,2.1793452380952383,-0.1706547619047618
527,train,Nc1ccccc1NC(=O)c2ccc(cc2)C3CCN(CCC(=O)Nc4ccccc4F)CC3,2.76,2.1793452380952383,-0.5806547619047615
296,train,CC(C)C(=O)Nc1nc(cc2ccccc12)c3ccccn3,2.7,2.1793452380952383,-0.5206547619047619
1092,train,COc1cc(Nc2nc(N[C@@H](C)c3ncc(F)cn3)nc(N4CCOCC4)c2Cl)n[nH]1,2.85,2.1793452380952383,-0.6706547619047618
2490,train,CC(C)n1c(C)ncc1c2ccnc(Nc3ccc(cc3)S(=O)(=O)CCCN(C)C)n2,1.32,2.1793452380952383,0.8593452380952382
1718,train,CC(C)(C)OC(=O)N1C[C@@H]2CC[C@H]1CN2c3ncc(OCc4ccc(cc4)S(=O)(=O)C)cn3,3.4,2.1793452380952383,-1.2206547619047616
1578,train,O=S(=O)(Cc1ccccc1)NCC(N2CCCCCC2)c3ccccc3,2.83,2.1793452380952383,-0.6506547619047618
104,train,FC(F)c1nc2ccccc2[nH]1,2.02,2.1793452380952383,0.15934523809523826
1044,train,C[C@@H](N1CCC[C@@H](C1)N2C=C(C)C(=O)NC2=O)c3ccc(C(=O)O)c(Oc4cccc(Cl)c4)c3,-0.3,2.1793452380952383,2.479345238095238
991,train,CC1=C(Cc2ccccc2)C(=O)n3nc(NCc4ccc(Cl)cc4)nc3N1,3.7,2.1793452380952383,-1.520654761904762
905,train,CC1(C)CCC(=C(CN2CCN(CC2)c3ccc(cc3)C(=O)NS(=O)(=O)c4ccc(N[C@H](CCN5CCOCC5)CSc6ccccc6)c(c4)S(=O)(=O)C(F)(F)F)C1)c7ccc(Cl)cc7,0.64,2.1793452380952383,1.5393452380952382
522,train,C[C@@H](NC1=CC(=O)NCC1)c2ccc(Nc3ncc4cc(ccc4n3)c5ccncc5)cc2,3.02,2.1793452380952383,-0.8406547619047617
2764,train,Fc1cccc2c3CN(CCc3[nH]c12)C(=O)[C@@H]4CCCC[C@H]4C(=O)NC5(CC5)C#N,3.03,2.1793452380952383,-0.8506547619047615
313,train,CCOC(=O)C(CCc1ccccc1)NC2CCc3ccccc3N(CC(=O)O)C2=O,-0.2,2.1793452380952383,2.3793452380952385
3600,train,CC[C@H]1N(C2CCCC2)c3nc(Nc4ccc(cc4OC)C(=O)NC5CCN(C)CC5)ncc3N(C)C1=O,3.14,2.1793452380952383,-0.9606547619047618
2006,train,CCCSc1nc(ccc1C(=O)NC2CCCCC2)N3CCC[C@H](CC(=O)O)C3,2.18,2.1793452380952383,-0.0006547619047618802
1113,train,C[C@H]1O[C@H]([C@H](O)[C@@H]1O)n2cnc3c(N)nc(OCC45CC6CC(CC(C6)C4)C5)nc23,3.58,2.1793452380952383,-1.4006547619047618
1547,train,Clc1ccc2[nH]ncc2c1,2.44,2.1793452380952383,-0.26065476190476167
1485,train,CC1(COc2cc(ccc2NC(=O)CN3CCOCC3)c4cccc5C(=O)C=C(Oc45)N6CCOCC6)COC1,2.2,2.1793452380952383,-0.020654761904761898
2848,train,CCNC(=O)OC[C@@H](C)N(c1cc(Cl)ccc1CO)S(=O)(=O)c2ccc(Cl)cc2,3.4,2.1793452380952383,-1.2206547619047616
1949,train,OC(=O)c1cccnc1Nc2cccc(c2)C(F)(F)F,1.0,2.1793452380952383,1.1793452380952383
3540,train,CC(O)(C(=O)Nc1ccc(cc1)S(=O)(=O)Nc2ccccc2)C(F)(F)F,3.07,2.1793452380952383,-0.8906547619047616
4074,train,Clc1cccc(C(=O)NCC23CC4CC(CC(C4)C2)C3)c1Cl,4.37,2.1793452380952383,-2.190654761904762
3895,train,COc1cc2c(Nc3ccc(NC(=O)c4ccccc4)cc3)ncnc2cc1OCCCN5CCOCC5,3.5,2.1793452380952383,-1.3206547619047617
1546,train,CC(C)n1c(C)ncc1c2nc(Nc3ccc(cc3)C(=O)N)ncc2F,2.7,2.1793452380952383,-0.5206547619047619
2351,train,Oc1cc(cc(c1)C(F)(F)F)C(=O)Nc2cccc(c2)c3nnn[nH]3,0.8,2.1793452380952383,1.3793452380952382
776,train,Cc1ccc(Nc2c(F)cccc2Cl)c(CC(=O)O)c1,1.02,2.1793452380952383,1.1593452380952383
2723,train,N\C(=C(\C#N)/c1ccccc1C(F)(F)F)\Sc2ccc(N)cc2,3.3,2.1793452380952383,-1.1206547619047615
2519,train,CNc1ccc(cc1)c2nc3ccc(O)cc3s2,3.5,2.1793452380952383,-1.3206547619047617
1681,train,Fc1ccc(CNc2ncc(Br)c(Nc3cc([nH]n3)C4CC4)n2)cc1,4.28,2.1793452380952383,-2.100654761904762
1736,train,CCCNC(=O)c1nnc2c(cccc2c1N)c3cncc(c3)C(=O)N4CCC4,2.79,2.1793452380952383,-0.6106547619047618
1657,train,COc1cccc(c1)C(COCc2cc(cc(c2)C(F)(F)F)C(F)(F)F)N3CCNCC3,3.1,2.1793452380952383,-0.9206547619047618
1147,train,CN1CCC[C@@H]1CCO[C@](C)(c2ccccc2)c3ccc(Cl)cc3,3.48,2.1793452380952383,-1.3006547619047617
224,train,CN(C)c1nc(N[C@@H]2CC[C@@H](CC2)NC(=O)c3ccc(F)c(F)c3)nc4ccccc14,3.13,2.1793452380952383,-0.9506547619047616
840,train,ON=Cc1oc(cc1)[N+](=O)[O-],1.31,2.1793452380952383,0.8693452380952382
4123,train,COc1ccc(cc1)c2nc(N)s[n+]2c3ccccc3,2.19,2.1793452380952383,-0.010654761904761667
175,train,Cc1nc2ccc(Cl)cn2c1c3ccnc(N)n3,2.49,2.1793452380952383,-0.31065476190476193
1269,train,COc1ncc2C=CC(=O)N(CCN3CCC(CC3)NCc4cc5OCCOc5cn4)c2n1,0.2,2.1793452380952383,1.9793452380952383
3005,train,CCn1cnc2cnc(c3ccc(cc3)C4(N)CCC4)c(c5ccccc5)c12,2.0,2.1793452380952383,0.17934523809523828
1279,train,CC(C)C[C@H](NC(=O)N1CCOCC1)C(=O)NCC#N,0.08,2.1793452380952383,2.099345238095238
3989,train,Nc1ccc2c3ccccc3C(=O)c2c1,2.9,2.1793452380952383,-0.7206547619047616
4128,train,CC(O)(C(=O)Nc1ccc(cc1)S(=O)(=O)c2cccnc2)C(F)(F)F,2.08,2.1793452380952383,0.09934523809523821
2340,train,O[C@@H]1CCN(C1)c2ccc3c(NC(=O)CNc4cccc(c4)C#N)c(Cl)ccc3n2,2.39,2.1793452380952383,-0.21065476190476184
1297,train,COc1c(cc2ccccc2c1C(=O)N(C)C[C@@H](CCN3CCC(CC3)N4CCCNC4=O)c5ccc(Cl)c(Cl)c5)C#N,3.0,2.1793452380952383,-0.8206547619047617
3223,train,Cc1ccc(NC(=O)C=C)cc1,2.25,2.1793452380952383,-0.07065476190476172
481,train,CN(C)c1cccc2c(cccc12)S(=O)(=O)Nc3cnccn3,0.9,2.1793452380952383,1.2793452380952384
686,train,COc1c(N2CCO[C@@H](CN(C)C)C2)c(F)cc3C(=O)C(=CN(C4CC4)c13)C(=O)O,-0.62,2.1793452380952383,2.7993452380952384
3067,train,CCN(C1CCN(CC[C@H](c2ccc(cc2)S(=O)(=O)C)c3cc(F)cc(F)c3)CC1)C(=O)Cc4ccc(cc4)S(=O)(=O)C,2.2,2.1793452380952383,-0.020654761904761898
3569,train,O=C(NCC#N)[C@@H]1CCCC[C@H]1C(=O)N2CCC=CC2,0.9,2.1793452380952383,1.2793452380952384
3757,train,Nc1nc2ccc(OC(F)(F)F)cc2s1,3.34,2.1793452380952383,-1.1606547619047616
1403,train,NC(=O)c1cccc(OC2CCN(CC3CC3)CC2)c1,0.49,2.1793452380952383,1.6893452380952383
3638,train,COc1c(cc2ccccc2c1C(=O)N(C)C[C@@H](CCN3CCC(CC3)c4ccc(O)cc4[S+](C)[O-])c5ccc(Cl)c(Cl)c5)C#N,3.5,2.1793452380952383,-1.3206547619047617
3945,train,CC(C)(C)c1ccc(cc1)C2=NC(=O)C(CC(=O)O)S2,-0.1,2.1793452380952383,2.2793452380952384
3145,train,CCNc1nc(N)c(s1)C(=O)c2ccc(Cl)s2,3.63,2.1793452380952383,-1.4506547619047616
3654,train,CN(c1ccnc(Nc2cc(cc(c2)N3CCOCC3)N4CCOCC4)n1)c5cccc6[nH]ncc56,3.23,2.1793452380952383,-1.0506547619047617
1301,train,COc1cc(ccc1Cc2cn(C)c3ccc(cc23)C(=O)NCCc4ccccc4)C(=O)NS(=O)(=O)c5ccccc5C,2.51,2.1793452380952383,-0.3306547619047615
2788,train,CC(=O)Nc1cc2c(ccn2c3cc(NC4CC4)n5ncc(C#N)c5n3)cc1C,2.66,2.1793452380952383,-0.48065476190476186
2642,train,COc1cc2ncnc(Nc3cccc(Cl)c3F)c2cc1OC4CCN(C)CC4,2.72,2.1793452380952383,-0.5406547619047619
3477,train,CN[C@@H](C)C(=O)N[C@@H](C1CCCCC1)C(=O)N2CCC[C@H]2C(=O)N[C@@H](C(c3ccccc3)c4ccccc4)C(=O)OC,2.42,2.1793452380952383,-0.24065476190476165
2662,train,CCCSc1ncccc1C(=O)N(C)C2CCCCC2,3.36,2.1793452380952383,-1.1806547619047616
2666,train,CCCSc1c(cnn1c2cccc(c2)C(=O)O)C(=O)NC3CCCCC3,0.7,2.1793452380952383,1.4793452380952383
3062,train,Fc1ccc(C2CCN(CC2)C(=O)COCc3ccncc3)c(Cl)c1,2.7,2.1793452380952383,-0.5206547619047619
3549,train,Nc1nc2cc3CCN(Cc4cnc[nH]4)CCc3cc2s1,-0.12,2.1793452380952383,2.2993452380952384
2111,train,COc1ccc2c(c1)[nH]c3c(C)nccc23,2.9,2.1793452380952383,-0.7206547619047616
3133,train,COC(=O)CCC(=O)Nc1ccc2c(c1)C(=O)C(=O)c3cc(NC(=O)CCC(=O)OC)ccc23,2.67,2.1793452380952383,-0.49065476190476165
3805,train,COc1cccc(c1)[C@@H](C)NCCCc2ccccc2Cl,3.0,2.1793452380952383,-0.8206547619047617
1840,train,OCC(CO)CN1C(=O)C(Cc2ccccc12)NC(=O)c3cc4cc(Cl)sc4[nH]3,3.56,2.1793452380952383,-1.3806547619047618
3565,train,Nc1nc2cc3CCN(Cc4ccccc4)CCc3cc2s1,2.66,2.1793452380952383,-0.48065476190476186
1683,train,COCCCc1cc(Nc2ccnc(NCc3onc(C)c3)n2)n[nH]1,2.04,2.1793452380952383,0.13934523809523824
2462,train,COc1ccc(cc1)[C@@H]2Sc3ccccc3N(CCN(C)C)C(=O)[C@@H]2OC(=O)C,1.99,2.1793452380952383,0.1893452380952383
3221,train,OC(=O)Cc1ccc(cc1)c2ccc(NC(=O)c3oc(Nc4ccccc4F)nn3)cc2,1.5,2.1793452380952383,0.6793452380952383
4014,train,CO[C@@H]1CC[C@@]2(CC1)Cc3ccc(cc3C24N=C(C)C(=N4)N)c5cc(Cl)cc(c5)C#N,3.8,2.1793452380952383,-1.6206547619047615
1645,train,OC(=O)[C@H](Cc1ccc(OCCc2ccc3OCCNc3n2)cc1)NC(=O)c4c(Cl)cccc4Cl,-0.18,2.1793452380952383,2.3593452380952384
733,train,CC(C)C(CCCN(C)CCc1ccccc1)(C#N)c2ccccc2,3.6,2.1793452380952383,-1.4206547619047618
3743,train,Nc1ccc2ncnc(Nc3ccc(F)c(Cl)c3)c2c1,2.64,2.1793452380952383,-0.46065476190476184
2076,train,Cc1ncc([N+](=O)[O-])n1CCO,-0.11,2.1793452380952383,2.289345238095238
1457,train,C[C@H](NC(=O)c1c(NS(=O)(=O)c2ccc(C)cc2)n(nc1C(F)(F)F)c3ccccc3)C(C)(C)C,2.35,2.1793452380952383,-0.1706547619047618
3524,train,COc1ccc2Sc3ccccc3N(C[C@H](C)CN(C)C)c2c1,2.99,2.1793452380952383,-0.8106547619047619
1638,train,C[C@@H]1CN(Cc2cc(Cl)ccc2OCC(=O)O)C[C@H](C)N1C(=O)Cc3ccccc3,0.7,2.1793452380952383,1.4793452380952383
3104,train,O[C@H](CNC(=O)C1=NNC(=O)c2ccccc12)CN3CCC(CC3)Oc4ccc(Cl)c(Cl)c4,3.69,2.1793452380952383,-1.5106547619047617
1295,train,CC(N(O)C(=O)N)c1cc2ccccc2s1,2.05,2.1793452380952383,0.12934523809523846
3700,train,CN[C@@H](C)C(=O)N[C@H]1CN(CC[C@H]2CC[C@H](N2C1=O)C(=O)NC(c3ccccc3)c4ccccc4)C(=O)CC(C)C,1.82,2.1793452380952383,0.3593452380952382
3358,train,CCN(CC)C(=O)c1ccc(cc1)C(=C2CCNCC2)c3cccc(c3)C(F)(F)F,1.9,2.1793452380952383,0.27934523809523837
3965,train,Brc1ccc(cc1)C2NC(=O)c3ccccc3N2,2.68,2.1793452380952383,-0.5006547619047619
1307,train,C[C@H](Oc1ccc(SCCCCCc2ccccc2)cc1)C(=O)c3nc(C)c(CCCC(=O)O)s3,2.03,2.1793452380952383,0.14934523809523848
421,train,COc1cc(ccc1Nc2ncc(Cl)c(n2)c3cnc4c(F)cccn34)N5CCN(CC5)C(=O)C,3.5,2.1793452380952383,-1.3206547619047617
2706,train,COCCNc1nc(N)c2nc(O)n(Cc3ccccc3)c2n1,2.18,2.1793452380952383,-0.0006547619047618802
2653,train,OC(=O)CN1C(=O)C(Cc2ccccc12)NC(=O)c3cc4sc(Cl)c(Cl)c4[nH]3,0.67,2.1793452380952383,1.5093452380952384
2960,train,CC(C)[C@@H](CN1CCCCC1)N(C)C(=O)Cc2ccc(Cl)c(Cl)c2,2.87,2.1793452380952383,-0.6906547619047618
3379,train,Cc1nc(C)c(nc1C(=O)N)c2ccc(cc2)[C@@H]3CC[C@@H](Cc4nnn[nH]4)CC3,1.4,2.1793452380952383,0.7793452380952384
3751,train,C[C@H](Nc1nc(NC[C@@H](O)CO)c(Cl)c(Nc2cc([nH]n2)C3CC3)n1)c4ccc(F)cc4,3.39,2.1793452380952383,-1.2106547619047618
267,train,N#CC[C@H](C1CCCC1)n2cc(cn2)c3ncnc4[nH]ccc34,2.55,2.1793452380952383,-0.37065476190476154
2183,train,C1CN(CCO1)c2cc(Nc3nccc(Nc4cccc5[nH]ncc45)n3)cc(c2)N6CCOCC6,3.05,2.1793452380952383,-0.8706547619047615
2236,train,C[C@H](CO)Nc1nc(SCc2csc(C)n2)nc3nc(N)sc13,1.73,2.1793452380952383,0.4493452380952383
1359,train,C[C@H](Oc1ncc(Cl)c(Nc2cc(C)[nH]n2)n1)c3ncc(F)cn3,1.82,2.1793452380952383,0.3593452380952382
790,train,CC(C)CN1C(=O)N(C)C(=O)c2c1sc(Cc3ccccc3C(F)(F)F)c2C(=O)N4CCCCC4,4.07,2.1793452380952383,-1.890654761904762
1607,train,CN(C)C(=O)N[C@@H]1CC[C@H](CCN2[C@@H]3CC[C@H]2C[C@H](C3)Oc4cccc(c4)C(=O)N)CC1,0.22,2.1793452380952383,1.9593452380952383
2548,train,COc1ccc(cc1)c2nc3c(NCCCNC(=O)C)c(Br)cnc3[nH]2,3.28,2.1793452380952383,-1.1006547619047615
375,train,CCCN[C@H]1CCc2nc(N)sc2C1,3.15,2.1793452380952383,-0.9706547619047616
3634,train,Oc1cccc2ccc(nc12)C#N,1.81,2.1793452380952383,0.3693452380952382
3828,train,Cc1cc(CN2Cc3ccccc3C2C(=O)Nc4cc(Cl)ccc4Cl)ccc1OCC(=O)O,2.19,2.1793452380952383,-0.010654761904761667
3825,train,CC1Cc2ccccc2N1NC(=O)c3ccc(Cl)c(c3)S(=O)(=O)N,1.83,2.1793452380952383,0.3493452380952382
4013,train,C[C@H](Oc1nc(Nc2cc(C)[nH]n2)c(C)nc1C#N)c3ccc(F)cn3,2.86,2.1793452380952383,-0.6806547619047616
603,train,COc1cccc(Nc2oc(nn2)C(=O)Nc3ccc(nc3)N4CCOCC4)c1,2.8,2.1793452380952383,-0.6206547619047615
2546,train,Fc1ncccc1OC[C@@H]2CCN2,-1.2,2.1793452380952383,3.3793452380952385
1917,train,OC(=O)c1cccc(c1)c2cccc(c2)C#N,0.3,2.1793452380952383,1.8793452380952382
448,train,Cc1ccc(O)c(O)c1,1.37,2.1793452380952383,0.8093452380952382
2777,train,O=C1C=C(OCc2ccccc2)C=CN1c3ccc4c(cnn4CCN5CCCC5)c3,2.0,2.1793452380952383,0.17934523809523828
2929,train,CC(C)CN1C(=O)N(C)C(=O)c2c1sc(Cc3ccccc3C(F)(F)F)c2C(=O)N4CCCC4,3.8,2.1793452380952383,-1.6206547619047615
3289,train,CC(C)C(NC(=O)CN1C(=O)C(=CN=C1c2cccnc2)NC(=O)OCc3ccccc3)C(=O)C(F)(F)F,2.15,2.1793452380952383,0.02934523809523837
3786,train,COCCCCC(=NOCCN)c1ccc(cc1)C(F)(F)F,1.55,2.1793452380952383,0.6293452380952382
1593,train,O=C1C2=Nc3ccccc3CN2c4ccccc14,2.71,2.1793452380952383,-0.5306547619047617
3282,train,CCCN(CCO)CCCOc1cc2ncnc(Nc3cc(CC(=O)Nc4cccc(F)c4F)[nH]n3)c2cc1OC,1.28,2.1793452380952383,0.8993452380952383
983,train,C[C@@H]1CN(CCN1C(=O)[C@@H]2CCCC[C@H]2C(=O)NC3(CC3)C#N)c4ccc5c(C)noc5c4,2.67,2.1793452380952383,-0.49065476190476165
2032,train,CC(NC(=O)C1(N)CCN(CC1)c2ncnc3[nH]ccc23)c4cccnc4,1.2,2.1793452380952383,0.9793452380952383
1799,train,CN1C(=O)c2c(onc2c3ccncc3)C=C1c4ccccc4,3.17,2.1793452380952383,-0.9906547619047616
2057,train,CS(=O)(=O)c1cccc(Nc2nccc(Nc3c(Cl)ccc4ccoc34)n2)c1,3.7,2.1793452380952383,-1.520654761904762
794,train,CC(C)(C)OC(=O)N1CCN(CC1)c2ccc(OCc3ccc(cc3)S(=O)(=O)C)cc2,3.9,2.1793452380952383,-1.7206547619047616
2402,train,NS(=O)(=O)c1ccc(Nc2nccc(n2)c3ccccc3)cc1,2.86,2.1793452380952383,-0.6806547619047616
2634,train,CN1C(=O)CN=C(c2ccccc2)c3cc(Cl)ccc13,2.69,2.1793452380952383,-0.5106547619047617
2931,train,CCOC(=O)c1c(C)n(Cc2occc2)c3ccc(O)cc13,3.5,2.1793452380952383,-1.3206547619047617
2803,train,[O-][N+](=O)c1ccc2NC(=O)CN=C(c3ccccc3Cl)c2c1,3.72,2.1793452380952383,-1.540654761904762
1636,train,C[C@@H](NC(=O)C1(N)CCN(CC1)c2ncnc3[nH]ccc23)c4ccc(Cl)cc4,3.3,2.1793452380952383,-1.1206547619047615
1558,train,CNC(=O)c1ccc(C)c(c1)N2C(=CC(=C(Br)C2=O)OCc3ccc(F)cc3F)C,2.8,2.1793452380952383,-0.6206547619047615
3642,train,OC1(CNC(=O)c2cc(ccc2Cl)N3N=CC(=O)NC3=O)CCCCCC1,0.26,2.1793452380952383,1.9193452380952383
1012,train,CC(C)C(NC(=O)CN1C(=O)C(=CC=C1c2ccccc2)NC(=O)OCc3cc(C)nc(C)c3)C(=O)C(F)(F)F,2.38,2.1793452380952383,-0.2006547619047616
2024,train,C\N=C(/S)\n1nc(nc1N)c2ccc(Cl)cc2,4.12,2.1793452380952383,-1.9406547619047618
684,train,O[C@@H](CNCCCCCCCCCN1CCC(CC1)OC(=O)Nc2ccccc2c3ccccc3)c4ccc(O)c5NC(=O)C=Cc45,2.16,2.1793452380952383,0.019345238095238138
339,train,CS(=O)(=O)Cc1cc(nc(n1)c2cnc3[nH]ccc3c2)N4CCOCC4,1.92,2.1793452380952383,0.25934523809523835
3951,train,COc1cccc(OC)c1c2ccc(C[C@H](NC(=O)c3c(Cl)cccc3Cl)C(=O)O)cc2,-0.27,2.1793452380952383,2.4493452380952383
1167,train,Cc1onc(C(=O)N)c1C(=O)Nc2nccs2,1.63,2.1793452380952383,0.5493452380952384
1539,train,Clc1ccc(COC(Cn2ccnc2)c3ccc(Cl)cc3Cl)cc1,2.54,2.1793452380952383,-0.36065476190476176
306,train,Clc1ccc(cc1)C2(CCCC2)C(=O)Nc3oc(nn3)C(=O)Nc4ccc(cc4)N5CCOCC5,3.72,2.1793452380952383,-1.540654761904762
4175,train,CC(C)(C)OC(=O)N1CCN(CC1)c2ncc(OCc3ccc(cc3)S(=O)(=O)C)nn2,2.93,2.1793452380952383,-0.7506547619047619
1188,train,NC(=O)c1cccc(c1)[S+]([O-])[C@H]2C[C@H]3CC[C@@H](C2)N3Cc4ccccc4,1.1,2.1793452380952383,1.0793452380952382
38,train,COc1ccc2ncc(C#N)c(CCN3CCC(CC3)NCc4cc5SCOc5cn4)c2c1,2.55,2.1793452380952383,-0.37065476190476154
2881,train,CCOc1ccc2oc(C(=O)NC(CCSC)c3nc4cnccc4[nH]3)c(C)c2c1,4.31,2.1793452380952383,-2.1306547619047613
957,train,CCCSc1ccc2nc(NC(=O)OC)[nH]c2c1,3.24,2.1793452380952383,-1.060654761904762
230,train,OC(=O)[C@H](Cc1ccccc1)N2CCC(CN3CCC(CC3)Oc4ccc(Cl)c(Cl)c4)CC2,2.5,2.1793452380952383,-0.3206547619047617
4181,train,CN1CCCC1CCOC(C)(c2ccccc2)c3ccc(Cl)cc3,3.04,2.1793452380952383,-0.8606547619047618
1434,train,CCCSc1nc2ccc(NC(=O)CCNC(=O)N)cc2s1,2.9,2.1793452380952383,-0.7206547619047616
4187,train,CN1CCC[C@@H]([C@H]1C(=O)Nc2ccc(OCc3cc(C)nc4ccccc34)cc2)C(=O)NO,2.41,2.1793452380952383,-0.23065476190476186
2985,train,Clc1ccc2[nH]ccc2c1,3.28,2.1793452380952383,-1.1006547619047615
1978,train,CC(=O)NC[C@H]1CN(C(=O)O1)c2ccc(N3CCN(CC3)c4cnccn4)c(F)c2,1.49,2.1793452380952383,0.6893452380952383
2493,train,Oc1ccc(Br)c2ccccc12,4.3,2.1793452380952383,-2.1206547619047615
2963,train,CC(=O)NC[C@H]1CN(C(=O)O1)c2ccc(c(F)c2)n3ccnc3,0.7,2.1793452380952383,1.4793452380952383
363,train,CCN1CCC[C@H]1CNC(=O)c2c(OC)ccc(Br)c2OC,0.05,2.1793452380952383,2.1293452380952385
320,train,COc1cc(ccc1Nc2ncc(Cl)c(n2)c3cnc4c(F)cc(F)cn34)N5CCN(CC5)C(=O)C,3.2,2.1793452380952383,-1.020654761904762
2763,train,Cc1cc(C)n(n1)c2cccc(Cl)c2C#N,3.0,2.1793452380952383,-0.8206547619047617
775,train,CN1C(=O)c2c(onc2c3ccccc3)C=C1c4ccncc4,2.61,2.1793452380952383,-0.4306547619047616
1367,train,CC1=CN([C@H]2CCCN(C2)S(=O)(=O)c3ccc(C(=O)O)c(Oc4cccc(Cl)c4)c3)C(=O)NC1=O,-1.28,2.1793452380952383,3.4593452380952385
44,train,OC(=O)COc1ccc(cc1c2cc(ccc2F)C#N)C(F)(F)F,-0.16,2.1793452380952383,2.3393452380952384
1787,train,CC1=CN([C@H]2CCCN(Cc3cccc(Oc4cccc(Br)c4)c3)C2)C(=O)NC1=O,3.68,2.1793452380952383,-1.5006547619047619
3732,train,CC(=O)NCc1ccc(CN2CCN(CC2)c3ccc(F)cc3F)cc1,2.5,2.1793452380952383,-0.3206547619047617
1574,train,CC(=O)Nc1ccc(O)cc1OC[C@@H](O)CN2CCC3(CC2)Cc4cc(Cl)ccc4O3,2.76,2.1793452380952383,-0.5806547619047615
3618,train,COc1ccc(cc1)c2cc(O)nc(N)n2,1.52,2.1793452380952383,0.6593452380952383
2529,train,CCCN(CCO)CCCOc1ccc2c(Nc3cc(CC(=O)Nc4cccc(F)c4F)[nH]n3)ncnc2c1,2.19,2.1793452380952383,-0.010654761904761667
523,train,C[C@H]1CN(Cc2cc(Cl)ccc2CCC(=O)O)CCN1C(=O)Cc3ccccc3,1.52,2.1793452380952383,0.6593452380952383
2672,train,COc1ccccc1Oc2ccc(cc2)N(Cc3cccnc3)S(=O)(=O)CC(F)(F)F,1.5,2.1793452380952383,0.6793452380952383
1180,train,CC[C@H](NC(=O)c1c([S+](C)[O-])c(nc2ccccc12)c3ccccc3)c4cccnc4,2.2,2.1793452380952383,-0.020654761904761898
1056,train,CCCc1c(O)c(ccc1OCc2ccc(cc2)C(=O)O)C(=O)C,2.1,2.1793452380952383,0.07934523809523819
82,train,COc1ccc(cc1)C2=COc3cc(O)cc(O)c3C2=O,3.5,2.1793452380952383,-1.3206547619047617
838,train,CCc1c(C)[nH]c2CCC(CN3CCOCC3)C(=O)c12,1.54,2.1793452380952383,0.6393452380952382
2639,train,O[C@H]1CN(CCN2C(=O)C=Cc3ccc(cc23)C#N)CC[C@H]1NCc4cc5OCCOc5cn4,0.45,2.1793452380952383,1.7293452380952383
1541,train,CS(=O)(=O)c1ccc2C(=CNC(=O)c2c1)C(=O)NC[C@@H](O)CN3CCC(CC3)Oc4ccc(C#N)c(Cl)c4,1.41,2.1793452380952383,0.7693452380952384
1853,train,NC1=CC2=NNC(=O)N2c3cc(ccc13)c4cccs4,3.26,2.1793452380952383,-1.0806547619047615
672,train,FC(F)c1nc2ccccc2n1c3nc(nc(n3)N4CCOCC4)N5CCOCC5,3.04,2.1793452380952383,-0.8606547619047618
3486,train,CCCSc1c(cnn1C)C(=O)NC2CCCCC2,2.99,2.1793452380952383,-0.8106547619047619
1784,train,Nc1nc2ccccc2n1C(=O)c3ccccc3,1.56,2.1793452380952383,0.6193452380952382
337,train,CNCC[C@@H](Oc1ccc(cc1)C(F)(F)F)c2ccccc2,1.96,2.1793452380952383,0.21934523809523832
1362,train,CC1=C(N2[C@H](SC1)[C@H](NC(=O)[C@H](N)c3ccc(O)cc3)C2=O)C(=O)O,-0.86,2.1793452380952383,3.039345238095238
2663,train,CCOC(=O)C1=Cc2ccc(O)cc2OC1=O,1.2,2.1793452380952383,0.9793452380952383
2895,train,CC1=C(C(=O)c2cc(O)c(O)c(Cc3ccccc3)c2C1=O)C4=C(C)C(=O)c5c(Cc6ccccc6)c(O)c(O)cc5C4=O,2.73,2.1793452380952383,-0.5506547619047617
4183,train,Oc1c(C#N)c(nc2ccncc12)c3ccc(cc3)c4ccccc4OC(F)(F)F,3.45,2.1793452380952383,-1.270654761904762
1873,train,CS(=O)(=O)n1c2ccccc2c3cc(NC(=O)N4CCOCC4)ccc13,2.7,2.1793452380952383,-0.5206547619047619
1224,train,NC(=N)Nc1ccc(cc1)C(=O)Oc2ccccc2,-0.21,2.1793452380952383,2.3893452380952382
2260,train,CC(C)CN1C(=O)N(C)C(=O)c2c1sc(Cc3c(C)n[nH]c3C)c2C(=O)N4C[C@H](O)CO4,1.07,2.1793452380952383,1.1093452380952382
4191,train,CCOC(=O)c1ccc(OCC2CN(C2)c3ccc(C)nn3)cc1,3.1,2.1793452380952383,-0.9206547619047618
3401,train,CN1c2ccccc2C(NCCCCCCC(=O)O)c3ccc(Cl)cc3S1(=O)=O,1.33,2.1793452380952383,0.8493452380952382
3179,train,NC(=O)c1cccnc1Oc2ccccc2,1.13,2.1793452380952383,1.0493452380952384
3995,train,CCCN1CCN(CC1)c2ccc(cc2)C(=O)NC3(CCCCC3)C(=O)NCC#N,1.33,2.1793452380952383,0.8493452380952382
1242,train,OC(=O)CNCCNc1ccc(Cl)c(c1)C(=O)NCC23CC4CC(CC(C4)C2)C3,1.94,2.1793452380952383,0.23934523809523833
2826,train,CC1=C(C(=O)N(C[C@H](N)c2ccccc2)C(=O)N1Cc3c(F)cccc3F)c4ccc5OCOc5c4,2.67,2.1793452380952383,-0.49065476190476165
4163,train,Cc1nc(cs1)C(=O)N2CCCC3(CCN(Cc4ccc(Cl)cc4)CC3)C2,0.64,2.1793452380952383,1.5393452380952382
123,train,Nc1c(NC2CC3CCC2C3)nc(nc1N4CCOCC4)C#N,3.53,2.1793452380952383,-1.3506547619047615
121,train,CN(C1CCN(CCC(c2ccccc2)c3ccccc3)CC1)C(=O)C4CCC4,3.2,2.1793452380952383,-1.020654761904762
3952,train,COc1cc(OC)c(cc1NC(=O)\C=C\C(=O)O)S(=O)(=O)N2c3ccccc3Oc4ccccc24,-0.71,2.1793452380952383,2.8893452380952382
427,train,CS(=O)(=O)c1ccc2nc(sc2c1)N3CCN(CC3)C(=O)[C@@H]4CCCC[C@H]4C(=O)NC5(CC5)C#N,1.49,2.1793452380952383,0.6893452380952383
1615,train,COc1cccc2sc(NC(=O)c3ccccc3)nc12,3.96,2.1793452380952383,-1.7806547619047617
4087,train,Fc1ccc(CC2=NNC(=O)c3ccccc23)cc1C(=O)N4CCN(CC4)C(=O)C5CCOC5,0.8,2.1793452380952383,1.3793452380952382
4195,train,OCCc1ccc(NC(=O)c2cc3cc(Cl)ccc3[nH]2)cc1,3.85,2.1793452380952383,-1.6706547619047618
730,train,NC1=NC(Nc2c(F)ccc(F)c12)c3occc3,1.2,2.1793452380952383,0.9793452380952383
1036,train,CC1(C)Cc2c(c3ccccc3)c(c(CC(=O)O)n2C1)c4ccc(Cl)cc4,3.07,2.1793452380952383,-0.8906547619047616
3957,train,CC(=O)Nc1ccc(O)cc1OC[C@@H](O)CN2CCC3(CC2)Cc4cc(F)ccc4O3,2.1,2.1793452380952383,0.07934523809523819
261,train,CSCCC(NC(=O)c1sccc1Cl)c2nc3ccccc3[nH]2,3.69,2.1793452380952383,-1.5106547619047617
2511,train,OC(=O)COc1ccc(Cl)cc1CN2CCCN(CC2)S(=O)(=O)c3ccccc3,1.01,2.1793452380952383,1.1693452380952383
847,train,C[Si](C)(C)C#Cc1cn(C[C@H]2CN(C(=O)O2)c3ccc(C4=CCS(=O)(=O)CC4)c(F)c3)nn1,1.26,2.1793452380952383,0.9193452380952383
791,train,Nc1c(NC2CCCC2)nc(nc1N3CCOCC3)C#N,2.59,2.1793452380952383,-0.4106547619047616
1529,train,OC(=O)c1ccccc1c2ccc(Cl)c(c2)C(=O)NCC3(O)CCCCCC3,-0.34,2.1793452380952383,2.519345238095238
547,train,Oc1ccc(cc1)c2ccc3cc(O)ccc3c2,4.0,2.1793452380952383,-1.8206547619047617
2926,train,Cc1nc2c(cnn2c(O)c1Cc3ccccc3)C#N,0.68,2.1793452380952383,1.4993452380952381
2528,train,CCN(CC)C(=O)Cc1csc(NS(=O)(=O)c2cccc(Cl)c2C)n1,1.67,2.1793452380952383,0.5093452380952384
1579,train,CCOC(=O)Nc1ccc2Sc3ccccc3N(C(=O)CCN4CCOCC4)c2c1,3.1,2.1793452380952383,-0.9206547619047618
1532,train,COc1ccc(N(C(C(=O)NC[C@@H](C)O)c2ccccc2F)C(=O)c3occc3CO)c(OC)c1,1.37,2.1793452380952383,0.8093452380952382
4177,train,Cc1ccnc2nc(nn12)C(=O)Nc3nccs3,0.31,2.1793452380952383,1.8693452380952382
2750,train,COc1cc2c(Nc3cc(CC(=O)Nc4cccc(F)c4F)[nH]n3)ncnc2cc1OCCCN5CCC[C@@H]5CO,1.96,2.1793452380952383,0.21934523809523832
897,train,NC1(CCC1)c2ccc(cc2)N3C(=O)c4ccccc4N=C3c5ccccc5,1.6,2.1793452380952383,0.5793452380952382
3854,train,Nc1nc(nc2c1nc(O)n2Cc3ccccc3)c4ccccc4,4.16,2.1793452380952383,-1.9806547619047619
614,train,CN1SC(=NC1=O)NCc2ccccc2,1.2,2.1793452380952383,0.9793452380952383
1436,train,CCC(N1NC(=O)c2nc3cc(Cl)ccc3c(O)c2C1=O)c4cccnc4,0.7,2.1793452380952383,1.4793452380952383
1340,train,NS(=O)(=O)c1cc(Cl)c(Cl)c(c1)S(=O)(=O)N,0.92,2.1793452380952383,1.2593452380952384
663,train,CCn1c(C)ncc1c2ccnc(Nc3ccc(cc3)C(=O)NC)n2,2.53,2.1793452380952383,-0.3506547619047615
2215,train,O=C1CCCc2nc(ccc12)C#Cc3ccccc3,3.53,2.1793452380952383,-1.3506547619047615
2636,train,CC(C)(N)C(=O)N[C@H](Cc1c[nH]c2ccccc12)C(=O)N[C@H](Cc3c[nH]c4ccccc34)NC=O,1.0,2.1793452380952383,1.1793452380952383
1494,train,OC(=O)c1ccc2cccc(O)c2n1,3.3,2.1793452380952383,-1.1206547619047615
3363,train,CC(C)[C@@H]1N(C)c2ccccc2C[C@@H](CO)NC1=O,2.03,2.1793452380952383,0.14934523809523848
856,train,CCOC(=O)[C@H](Cc1ccc(cc1)[N+](=O)[O-])NC(=O)c2ccccc2,2.79,2.1793452380952383,-0.6106547619047618
2999,train,Nc1nccc(n1)c2c[nH]c3ccccc23,1.68,2.1793452380952383,0.49934523809523834
3760,train,CN(C1CCN(Cc2ccc(cc2)C(F)(F)F)CC1)C(=O)Cc3ccc(cc3)S(=O)(=O)C,2.5,2.1793452380952383,-0.3206547619047617
2658,train,O=S(=O)(Nc1ccc(cc1)S(=O)(=O)Nc2nccs2)c3ccc4OCCOc4c3,1.97,2.1793452380952383,0.2093452380952383
731,train,CC(C)NC(=O)c1cnc(N2CCC(CC2)N3C(=O)OCc4ccccc34)c(Cl)c1,3.57,2.1793452380952383,-1.3906547619047616
821,train,CCOC(=O)C1(CCN(C)CC1)c2ccccc2,1.4,2.1793452380952383,0.7793452380952384
3242,train,CCc1cc(OCc2ccc(cc2)c3ccccc3c4nn[nH]n4)c5CCCCc5n1,1.7,2.1793452380952383,0.4793452380952383
1387,train,NC(=O)c1cc2ccccc2nc1N,1.07,2.1793452380952383,1.1093452380952382
1424,train,Nc1ccccc1NC(=O)c2ccc(cc2)c3ncc(CN4CCCCC4)s3,2.82,2.1793452380952383,-0.6406547619047616
190,train,C[C@@H](NCc1ccccc1c2ccc(CCNC[C@H](O)c3ccc(O)c4NC(=O)Sc34)cc2)c5ccccc5,2.28,2.1793452380952383,-0.10065476190476152
258,train,CC(C)C(=O)NCCNCC(O)COc1ccc(O)cc1,-0.15,2.1793452380952383,2.329345238095238
170,train,CCN1CCC[C@H]1CNC(=O)c2c(O)c(Cl)cc(Cl)c2OC,1.09,2.1793452380952383,1.0893452380952382
221,train,CC(Cc1cccc(CNCCc2c(Cl)cccc2Cl)c1)NC[C@H](O)c3ccc(O)c4NC(=O)Sc34,2.41,2.1793452380952383,-0.23065476190476186
1339,train,O[C@@H](CNCCc1ccc(CNCCc2ccccc2)cc1)c3ccc(O)c4NC(=O)Sc34,1.11,2.1793452380952383,1.0693452380952382
1817,train,CC1=CN([C@H]2CCCN(Cc3ccc(C(=O)O)c(Oc4cccc(Cl)c4)c3)C2)C(=O)NC1=O,-0.55,2.1793452380952383,2.729345238095238
2871,train,COc1cc(ccc1Cn2ccc3ccc(NC(=O)OC4CCCC4)cc23)C(=O)O,2.1,2.1793452380952383,0.07934523809523819
3040,train,CN1C(=O)CC(C1=O)c2ccccc2,0.68,2.1793452380952383,1.4993452380952381
3222,train,O=S(=O)(N1CCCC1)c2ccccc2c3ccc(CNC4CCOCC4)cc3,1.4,2.1793452380952383,0.7793452380952384
355,train,CN(C)CC(O)COc1ccc(Nc2cc(Nc3cc(C)ccc3Cl)ncn2)cc1,2.16,2.1793452380952383,0.019345238095238138
3030,train,COc1cc(F)ccc1c2cncc(CNC(C)C)c2,1.5,2.1793452380952383,0.6793452380952383
701,train,CC\C(=C(/c1ccccc1)\c2ccc(\C=C\C(=O)O)cc2)\c3ccccc3,3.89,2.1793452380952383,-1.7106547619047618
1308,train,Fc1ccc(CN2CCN(CC2)[C@H](c3ccc(cc3)C(=O)N4CCC4)c5cccc(NC(=O)C6CC6)c5)cc1,3.58,2.1793452380952383,-1.4006547619047618
3617,train,COc1cc2ncnc(NCc3cccc(C)c3)c2cc1OC,3.5,2.1793452380952383,-1.3206547619047617
1504,train,CCCC1=CC(=O)NC(=S)N1,0.7,2.1793452380952383,1.4793452380952383
3175,train,COc1cc(O)c(cc1NC(=O)CCC(=O)O)S(=O)(=O)N2C(C)CCc3ccccc23,-0.27,2.1793452380952383,2.4493452380952383
3926,train,C[C@H](NC(=O)\C=C\c1ccccc1)c2cccc(c2)N3CCOCC3,3.24,2.1793452380952383,-1.060654761904762
2585,train,O=C(NC1CC1)Nc2c[nH]nc2c3nc4cc(CN5CCOCC5)ccc4[nH]3,2.3,2.1793452380952383,-0.12065476190476154
2783,train,Cc1cc(nn1C[C@H](O)CN)c2ccc(Cl)c(c2)C(=O)NCC3(O)CCCCCC3,0.57,2.1793452380952383,1.6093452380952384
3109,train,COc1ccc2[nH]c(cc2c1)C(=O)N3CCN(C)CC3,1.62,2.1793452380952383,0.5593452380952382
1418,train,CCN(C1CCN(CC[C@H](c2ccc(cc2)S(=O)(=O)C)c3cc(F)c(F)c(F)c3)CC1)C(=O)Cc4ccc(cc4)S(=O)(=O)C,2.55,2.1793452380952383,-0.37065476190476154
1331,train,CO[C@@H]1CN(CCN2C(=O)C=Nc3ccc(OC)cc23)CC[C@H]1NCc4ccc5OCC(=O)Nc5n4,0.97,2.1793452380952383,1.2093452380952383
1608,train,COCCNC(=O)c1ccc(Nc2ncc3cc(ccc3n2)c4cccnc4)cc1,3.11,2.1793452380952383,-0.9306547619047616
2257,train,Cc1ccc(CN2C(=O)CCSc3ccc(Cl)cc23)cc1,3.7,2.1793452380952383,-1.520654761904762
835,train,CC(=O)N1CCN(CC1)c2ccc(Nc3nccc(n3)c4cnc5ccccn45)cc2,2.82,2.1793452380952383,-0.6406547619047616
692,train,O=C(CSc1ccncc1)Nc2ccc(cc2)C(=O)c3ccccc3,3.6,2.1793452380952383,-1.4206547619047618
931,train,Oc1ccc(Nc2nc(cs2)c3ccc(cc3)C#N)cc1,4.1,2.1793452380952383,-1.9206547619047614
3837,train,CC(NC(=O)C1(N)CCN(CC1)c2ncnc3[nH]ccc23)c4ccccn4,1.3,2.1793452380952383,0.8793452380952382
3605,train,Cc1c(N)cccc1CN2C=CC(=CC2=O)OCCc3cccs3,2.78,2.1793452380952383,-0.6006547619047615
1535,train,CC(C)Nc1nc(NCc2ccccc2)c3sccc3n1,3.9,2.1793452380952383,-1.7206547619047616
1797,train,Cc1ncc2CN=C(c3ccccc3F)c4cc(Cl)ccc4n12,3.4,2.1793452380952383,-1.2206547619047616
858,train,CC[S+]([O-])c1ncccc1C2(O)CCN(CC34CC(c5ccccc35)c6ccccc46)CC2,2.0,2.1793452380952383,0.17934523809523828
3948,train,COc1ccc2c(Oc3ccc(CC(=O)Nc4cn(C)nc4C)c(OC)c3)ccnc2c1,3.5,2.1793452380952383,-1.3206547619047617
1220,train,COc1cccc(COCC(O)CN2CCC(CC2)C(=O)N)c1,-0.5,2.1793452380952383,2.6793452380952383
1811,train,Cc1cc(CCCOc2c(C)cc(cc2C)c3noc(n3)C(F)(F)F)on1,3.63,2.1793452380952383,-1.4506547619047616
2802,train,CN(C(CN1CCCC1)c2ccccc2)C(=O)Cc3ccc(Cl)c(Cl)c3,3.38,2.1793452380952383,-1.2006547619047616
1723,train,NS(=O)(=O)c1cc(ccc1Cl)C2(O)NC(=O)c3ccccc23,0.97,2.1793452380952383,1.2093452380952383
3411,train,NS(=O)(=O)c1cc(cc(N2CCCC2)c1Oc3ccccc3)C(=O)O,-0.94,2.1793452380952383,3.1193452380952382
4048,train,O=C(NCc1ccncc1)c2ccc(Oc3ccccc3)cc2,3.26,2.1793452380952383,-1.0806547619047615
4097,train,COc1cc(c2nc(cc(n2)C3(CC3)S(=O)(=O)C)N4CCOCC4)c5cc[nH]c5c1,2.4,2.1793452380952383,-0.22065476190476163
882,train,CC(C)NC[C@H](O)COc1cccc2ccccc12,0.99,2.1793452380952383,1.1893452380952383
2477,train,CCN(CC)CCN1C(=O)[C@@](O)(c2ccccc2Cl)c3c1cc(cc3C(F)(F)F)C(=O)N,2.4,2.1793452380952383,-0.22065476190476163
1410,train,COC(=O)c1ccc2OCC(=O)N(CCN3CCC(CC3)NCc4ccc5OCC(=O)Nc5n4)c2c1,0.83,2.1793452380952383,1.3493452380952382
4078,train,FC(F)(F)c1ccc(NC(=O)N2CCN(C[C@@H]3CCCN(C3)C4CC4)CC2)cc1Cl,4.06,2.1793452380952383,-1.8806547619047613
2184,train,CC(C)(C)CNc1nc(nc(N2CCOCC2)c1N)C#N,3.08,2.1793452380952383,-0.9006547619047618
3002,train,CCC(N(CCCN)C(=O)c1ccc(C)cc1)C2=Nc3ccsc3C(=O)N2Cc4ccc(OC)cc4,2.15,2.1793452380952383,0.02934523809523837
58,train,NC(=O)c1cc(F)cc(O[C@H]2C[C@H]3CC[C@@H](C2)N3Cc4ccccc4)c1,2.14,2.1793452380952383,0.039345238095238155
3017,train,Oc1cccc(NC(=O)c2ccc(OCCCN3CCCC3)cc2OCc4cscn4)c1,1.56,2.1793452380952383,0.6193452380952382
176,train,CC1CC(CC(C)(C)C1)OC(=O)C(O)c2ccccc2,2.31,2.1793452380952383,-0.13065476190476177
2417,train,COc1ccc(CC(=O)NC(N\C(=N\C#N)\Nc2ccccc2C)C(C)(C)C)cc1OC,2.48,2.1793452380952383,-0.3006547619047617
2919,train,COc1cccc(NC(=O)c2cccc(Cc3c(C)nn(CCO)c3c4ccccc4)c2)c1,4.29,2.1793452380952383,-2.1106547619047618
3573,train,Oc1ccc(CCNCCN(C2CCCCC2)C(=O)CCNCCc3ccc(Cl)c(Cl)c3)c4OCC(=O)Nc14,2.23,2.1793452380952383,-0.0506547619047617
540,train,Oc1ccc(cc1)c2csc(n2)c3ccc(O)cc3,3.7,2.1793452380952383,-1.520654761904762
3080,train,CCOC(=O)C1=C(C)NC(=C([C@H]1c2cccc3C(=O)C=C(C)Oc23)C(=O)C)C,2.63,2.1793452380952383,-0.4506547619047616
4047,train,CNc1cccc(CCCc2ccc(C[C@H](NC(=O)c3c(Cl)cccc3Cl)C(=O)O)cc2)n1,0.57,2.1793452380952383,1.6093452380952384
3728,train,CN(C)CCNc1cc(nc2cc(nn12)c3ccc(F)cc3)c4ccccc4,4.5,2.1793452380952383,-2.3206547619047617
531,train,COc1ccc(N(C(C(=O)NC2CCCC2)c3ccccc3F)C(=O)c4occc4)c(OC)c1,3.09,2.1793452380952383,-0.9106547619047616
2282,train,CCN(C1CCN(CC[C@H](C2CCN(CC2)S(=O)(=O)C)c3cccc(F)c3)CC1)C(=O)Cc4ccc(cc4)S(=O)(=O)C,1.44,2.1793452380952383,0.7393452380952383
806,train,COc1cc(F)ccc1c2cncc(CNC(=O)c3ccccc3)c2,3.76,2.1793452380952383,-1.5806547619047615
388,train,C[C@]1(CCSC(=N1)N)c2cc(c(F)cc2F)c3cncnc3,0.8,2.1793452380952383,1.3793452380952382
1173,train,Cc1ccc(s1)C(NC(=O)c2ccccc2O)C(=O)Nc3c(C)cccc3C,4.05,2.1793452380952383,-1.8706547619047615
3465,train,CC[C@H](C)C(=O)O[C@H]1C[C@H](O)C=C2C=C[C@H](C)[C@H](CC[C@@H](O)C[C@@H](O)CC(=O)O)[C@@H]12,-0.76,2.1793452380952383,2.939345238095238
3529,train,C[C@@](O)(C(=O)Nc1ccc(cc1Cl)C(=O)N2CCCCC2)C(F)(F)F,2.62,2.1793452380952383,-0.4406547619047618
1858,train,NC(=O)N(c1ccc(C(=O)N)c(n1)c2ccc(F)cc2F)c3c(F)cccc3F,1.6,2.1793452380952383,0.5793452380952382
1352,train,CCN(C1CCN(CCC(c2ccccc2)c3ccccc3)CC1)C(=O)Cc4ccc(cc4)S(=O)(=O)C,3.0,2.1793452380952383,-0.8206547619047617
651,train,CS(=O)(=O)N1CCN(Cc2cc3nc(nc(N4CCOCC4)c3s2)c5cccc6[nH]ncc56)CC1,3.3,2.1793452380952383,-1.1206547619047615
197,train,Fc1ccc(cc1)S(=O)(=O)NC(=O)N2CCC(CC2)N3CCC(CC3)Oc4ccc(Cl)c(Cl)c4,1.79,2.1793452380952383,0.38934523809523824
2682,train,CN1C[C@H](c2ccccc2)c3cccc(N)c3C1,2.11,2.1793452380952383,0.0693452380952384
3691,train,NC(=O)c1cccc(O[C@H]2C[C@H]3CC[C@@H](C2)N3CC4CCCCC4)c1,1.55,2.1793452380952383,0.6293452380952382
3014,train,O[C@H](CNC(=O)c1cnnc2ccccc12)CN3CCC(CC3)Oc4ccc(Cl)c(Cl)c4,3.28,2.1793452380952383,-1.1006547619047615
326,train,CC1N(C(=O)c2ccccc2)c3ccccc3NC1=O,2.11,2.1793452380952383,0.0693452380952384
3869,train,O=C1C=C(N=C2C=CC=CN12)N3CCOCC3,1.0,2.1793452380952383,1.1793452380952383
2034,train,Cc1ccc2c(c1)c([S+]([O-])c3ccc(Cl)cc3)c(C)n2CC(=O)O,0.05,2.1793452380952383,2.1293452380952385
1827,train,CC[C@H](NC(=O)c1c(CC[S+](C)[O-])c(nc2ccccc12)c3ccccc3)c4ccccc4,3.15,2.1793452380952383,-0.9706547619047616
2948,train,NC1(CCC1)c2ccc(cc2)c3c(ccn4ccnc34)c5ccccc5,2.0,2.1793452380952383,0.17934523809523828
1111,train,FC(F)(F)c1cc(COCC(N2CCNCC2)c3cccc(Cl)c3)cc(c1)C(F)(F)F,4.2,2.1793452380952383,-2.020654761904762
2205,train,[O-][N+](=O)c1cccc(c1)c2ccc(OCC(CCc3ccc(cc3)C(=O)N4CCCC4)N5C(=O)CCCC5=O)cc2,2.31,2.1793452380952383,-0.13065476190476177
2725,train,CC[C@H](NC(=O)c1c(CS(=O)(=O)C)c(nc2ccccc12)c3ccccc3)c4ccccc4,3.25,2.1793452380952383,-1.0706547619047617
2008,train,CCCSc1nc(ccc1C(=O)NC2CCCCC2)N3CCCCC3C(=O)O,1.36,2.1793452380952383,0.8193452380952382
2349,train,NC(=O)c1cc(C(=O)N)n(n1)c2cccc(c2)c3cc(ccc3C(F)(F)F)C(F)(F)F,3.4,2.1793452380952383,-1.2206547619047616
952,train,O=C(NC1(CC1)C#N)[C@@H]2CCCC[C@H]2C(=O)N3CCc4[nH]c5ccccc5c4C3,2.66,2.1793452380952383,-0.48065476190476186
2543,train,Oc1cccc(O[C@H]2C[C@H]3CC[C@@H](C2)N3Cc4ccccc4)c1,2.3,2.1793452380952383,-0.12065476190476154
1802,train,OC(=O)C[C@H]1[C@@H](Cc2ccccc12)NC(=O)c3cc4cc(F)ccc4[nH]3,1.26,2.1793452380952383,0.9193452380952383
1946,train,CC(C(=O)O)c1cccc(c1)C(=O)c2ccccc2,-0.12,2.1793452380952383,2.2993452380952384
2324,train,NC(=O)Nc1sc(cc1C(=O)N)c2ccccc2,2.42,2.1793452380952383,-0.24065476190476165
3829,train,CCC(CC)NC(=O)c1c(C)nn(C(C)C)c1NS(=O)(=O)c2ccc(C)cc2,0.92,2.1793452380952383,1.2593452380952384
1495,train,CC1=CC2=NNC(=O)N2c3cc(ccc13)c4ccc(cc4)C(=O)N5CCOCC5,2.77,2.1793452380952383,-0.5906547619047617
1192,train,CN1C(=O)N(C)c2[nH]c(nc2C1=O)c3cccnc3,0.7,2.1793452380952383,1.4793452380952383
1816,train,CN1C(C(=O)Nc2ncc(C)s2)C(=O)c3ccccc3S1(=O)=O,0.3,2.1793452380952383,1.8793452380952382
861,train,CC1=CC2=NNC(=O)N2c3cc(ccc13)c4occc4,2.07,2.1793452380952383,0.10934523809523844
2185,train,O=C1Nc2ccc(cc2C1=O)S(=O)(=O)N3CCC[C@H]3CNc4ccccc4,2.4,2.1793452380952383,-0.22065476190476163
2306,train,CC1=C(C)C(=O)C(=C(C)C1=O)C(CCCCCC(=O)O)c2ccccc2,2.48,2.1793452380952383,-0.3006547619047617
1217,train,Nc1cccc2C(=O)N(Cc3cccc(Cl)c3)C(=O)c12,3.18,2.1793452380952383,-1.0006547619047619
3682,train,O=C(NC1(CC1)C#N)[C@@H]2CCCC[C@H]2C(=O)N3CCN(CC3)c4nc(cs4)c5ccccc5,3.5,2.1793452380952383,-1.3206547619047617
3096,train,Brc1ccc(s1)N2C[C@@]3(CN4CCC3CC4)OC2=O,2.0,2.1793452380952383,0.17934523809523828
327,train,CC(C)N1CCN(Cc2oc(nc2)c3cc(cc4[nH]ncc34)c5cccc6[nH]ccc56)CC1,3.49,2.1793452380952383,-1.310654761904762
3862,train,CCNC(=O)c1ccc(CN2CCC(CC2)c3ccc(cc3)C(=O)Nc4ccccc4N)cc1,2.24,2.1793452380952383,-0.060654761904761934
3792,train,CCCN1CCC(CC1)Oc2nccc(Nc3cc(NC(=O)c4cccc(c4)N5CCOCC5)ccc3C)n2,2.6,2.1793452380952383,-0.4206547619047618
2162,train,Oc1ccc(CCNCCCS(=O)(=O)NCCSCCc2ccccc2)c3sc(O)nc13,1.77,2.1793452380952383,0.40934523809523826
1843,train,Nc1nccc(n1)n2ccc3ccccc23,2.71,2.1793452380952383,-0.5306547619047617
308,train,CCOC(=O)Nc1cccc(c1)[C@H](N2CCN(Cc3nc[nH]c3C)CC2)c4ccc(cc4)C(=O)N(C)CC,2.32,2.1793452380952383,-0.14065476190476156
86,train,CC(C#C)N1C(=O)N(CC2CC2)c3nn(Cc4ccnc5ccc(Cl)cc45)c(c3C1=O)c6cncn6C,3.59,2.1793452380952383,-1.4106547619047616
2458,train,Nc1cc(nc2c(cnn12)C#N)c3ccc(F)cc3,2.23,2.1793452380952383,-0.0506547619047617
676,train,COc1ccc(Cl)cc1NC(=O)CCS(=O)(=O)c2ccc(Br)cc2,3.4,2.1793452380952383,-1.2206547619047616
1201,train,COC[C@H](C)Oc1cc(Oc2cc(F)cc(F)c2)cc(c1)C(=O)Nc3ccc(cn3)C(=O)O,1.36,2.1793452380952383,0.8193452380952382
1450,train,CC(=O)Nc1cnc2ccn(c3cc(NC4CC4)n5ncc(C#N)c5n3)c2c1,2.69,2.1793452380952383,-0.5106547619047617
108,train,COc1ccccc1CNc2cc(C)ccn2,3.28,2.1793452380952383,-1.1006547619047615
2145,train,C[C@H]1O[C@H]([C@H](O)[C@H]1Cl)n2cnc3c(N)nc(OCC4CC45CC5)nc23,3.68,2.1793452380952383,-1.5006547619047619
242,train,CC[C@H](C)C(=O)O[C@H]1C[C@@H](C)C=C2C=C[C@H](C)[C@H](CC[C@@H](O)C[C@@H](O)CC(=O)O)[C@@H]12,1.07,2.1793452380952383,1.1093452380952382
2616,train,O[C@H](CNC(=O)C1=CNC(=O)c2ccc(F)cc12)CN3CCC(CC3)Oc4ccc(Cl)c(Cl)c4,3.93,2.1793452380952383,-1.7506547619047619
3914,train,CN(C1CCN(CCC(c2ccccc2)c3ccccc3)CC1)C(=O)Cc4ccc(O)cc4,3.3,2.1793452380952383,-1.1206547619047615
90,train,COc1ccnc(CCc2nc3c(C)ccnc3[nH]2)c1,2.1,2.1793452380952383,0.07934523809523819
702,train,CN[C@@H](C)C(=O)N[C@H](C(=O)N[C@H]1CCCN(CCc2ccc(cc2)C(F)(F)F)C1)C(C)(C)C,2.85,2.1793452380952383,-0.6706547619047618
657,train,CS(=O)(=O)NCCC(NC(=O)C1(N)CCN(CC1)c2ncnc3[nH]ccc23)c4ccc(Cl)cc4,2.2,2.1793452380952383,-0.020654761904761898
1010,train,COc1ccccc1CN[C@H]2CCCN[C@H]2c3ccccc3,1.5,2.1793452380952383,0.6793452380952383
1777,train,COc1cc(F)ccc1c2cncc(CNC[C@@H]3CCCO3)n2,2.0,2.1793452380952383,0.17934523809523828
2343,train,Cc1ccc(cc1)C(=O)Oc2ccc(cc2OC(=O)c3ccc(C)cc3)C(O)CNC(C)(C)C,3.57,2.1793452380952383,-1.3906547619047616
54,train,C[C@H](NC(=O)c1c(C)nn(C2CCCC2)c1NS(=O)(=O)c3ccc(C)cc3)C(C)(C)C,2.0,2.1793452380952383,0.17934523809523828
1516,train,OC(=O)CC(=O)N[C@H]1[C@@H](Cc2ccccc12)NC(=O)c3cc4sc(Cl)c(Cl)c4[nH]3,1.18,2.1793452380952383,0.9993452380952383
3249,train,NC(=O)Nc1cc(sc1C(=O)N)c2ccccc2,2.43,2.1793452380952383,-0.2506547619047619
2876,train,C[C@@H](Oc1cccc2ncnc(Nc3ccc(Oc4ccc(C)nc4)c(C)c3)c12)C(=O)N5CCOCC5,4.14,2.1793452380952383,-1.9606547619047614
2466,train,CN(C1CCN(Cc2ccc(nc2)C(F)(F)F)CC1)C(=O)Cc3ccc(cc3)n4cnnn4,1.8,2.1793452380952383,0.37934523809523824
2479,train,CN(c1ccnc(Nc2cc(nc(c2)N3CCOCC3)N4CCOCC4)n1)c5cc(CO)ccc5C,3.44,2.1793452380952383,-1.2606547619047617
1806,train,O=S(=O)(NCC(N1CCCCCC1)c2ccccc2)c3ccc(cc3)C#N,2.86,2.1793452380952383,-0.6806547619047616
403,train,Brc1ccc2OCC(=O)N(CCN3CCC(CC3)NCc4ccc5OCC(=O)Nc5n4)c2c1,1.42,2.1793452380952383,0.7593452380952384
1045,train,O[C@@H](CNCCc1cccc(CNCCc2ccccn2)c1)c3ccc(O)c4NC(=O)Sc34,-0.07,2.1793452380952383,2.249345238095238
2716,train,CCN(CC)CCOc1ccc(cc1)C(O)(Cc2ccc(Cl)cc2)c3ccc(C)cc3,3.98,2.1793452380952383,-1.8006547619047617
1255,train,C[C@H](NC(=O)c1c(C)nn(c1NS(=O)(=O)c2ccc(cc2)C#N)c3ccc(F)cc3)C(C)(C)C,0.45,2.1793452380952383,1.7293452380952383
3561,train,Clc1ccccc1NC(=O)c2cc[nH]n2,2.58,2.1793452380952383,-0.4006547619047618
2675,train,Clc1ccc(N2CCN(CC2)C(=O)COCc3ccccn3)c(Cl)c1,3.47,2.1793452380952383,-1.290654761904762
2117,train,Nc1nc(O)c2ncn(COCCO)c2n1,-1.42,2.1793452380952383,3.599345238095238
1513,train,CN([C@@H]1CCN(Cc2ccc(cn2)C(F)(F)F)C[C@@H]1F)C(=O)Cc3ccc(cc3)n4cnnn4,2.1,2.1793452380952383,0.07934523809523819
673,train,CN[C@@H](C)C(=O)N[C@H](C(=O)N[C@H]1CCCN(CCc2ccccc2)C1)C(C)(C)C,1.46,2.1793452380952383,0.7193452380952383
4133,train,Fc1cc(ccc1C2=CCS(=O)(=O)CC2)N3C[C@H](Cn4nncc4F)OC3=O,3.54,2.1793452380952383,-1.3606547619047618
2003,train,COc1ccc(cc1)C(=O)Nc2cc(NC(=O)c3cccc(c3)N(C)C)ccc2C,3.17,2.1793452380952383,-0.9906547619047616
1030,train,CN(C)CCC=C1c2ccccc2C=Cc3ccccc13,2.83,2.1793452380952383,-0.6506547619047618
1871,train,COc1ccccc1C(=O)NCC23CC4CC(CC(C4)C2)C3,4.43,2.1793452380952383,-2.2506547619047614
3107,train,CC(=N)NCc1ccccc1,-0.28,2.1793452380952383,2.4593452380952385
2759,train,COc1ccc(C(CN2CCCC2)N(C)C(=O)Cc3ccc(Cl)c(Cl)c3)c(OC)c1,3.07,2.1793452380952383,-0.8906547619047616
927,train,CC1Nc2cc(Cl)c(cc2C(=O)N1c3ccccc3C)S(=O)(=O)N,1.64,2.1793452380952383,0.5393452380952384
3603,train,OC(=O)CCc1ccc(NCc2cccc(Oc3ccccc3)c2)cc1,2.1,2.1793452380952383,0.07934523809523819
62,train,CC(C)n1c(C)ncc1c2nc(Nc3ccc(cc3)C(=O)N(C)C)ncc2F,2.77,2.1793452380952383,-0.5906547619047617
1611,train,C=CCOc1cc(ccc1NC(=O)CN2CCOCC2)c3cccc4C(=O)C=C(Oc34)N5CCOCC5,3.0,2.1793452380952383,-0.8206547619047617
1040,train,CN(CCOc1ccc(CC2SC(=O)NC2=O)cc1)c3ccccn3,2.5,2.1793452380952383,-0.3206547619047617
661,train,COc1cc(c(OC)nn1)c2c(F)ccc3c(N)c(nnc23)C(=O)NC4CC4,2.75,2.1793452380952383,-0.5706547619047617
875,train,CC(C)[C@H](N)C(=O)OCCOCn1cnc2C(=O)N=C(N)Nc12,-1.3,2.1793452380952383,3.479345238095238
3996,train,CC(C)Oc1cccc(CC(=O)N2CCC[C@@](CC[N+]34CCC(CC3)(CC4)c5ccccc5)(C2)c6ccc(Cl)c(Cl)c6)c1,1.23,2.1793452380952383,0.9493452380952383
2549,train,COc1ccc(N(C(C(=O)NC2CCCC2)c3ccccc3F)C(=O)c4ccccc4)c(OC)c1,3.86,2.1793452380952383,-1.6806547619047616
1586,train,COCCOc1cc2nccc(Nc3cc(O)c(Cl)cc3F)c2cc1OC,2.64,2.1793452380952383,-0.46065476190476184
2138,train,NC(=O)c1sc(cc1NS(=O)(=O)c2ccc(cc2)C(F)(F)F)c3ccsc3,2.39,2.1793452380952383,-0.21065476190476184
2285,train,CN(CCOc1ccc(C[C@H](Nc2ccccc2C(=O)c3ccccc3)C(=O)O)cc1)c4oc5ccccc5n4,2.47,2.1793452380952383,-0.2906547619047619
3879,train,C[C@H](NC1=NC(=O)[C@](C)(S1)C(F)(F)F)c2ccccc2F,3.1,2.1793452380952383,-0.9206547619047618
3516,train,CCc1nc2c(N)nc3ccccc3c2n1Cc4ccccc4,3.29,2.1793452380952383,-1.1106547619047618
1668,train,COC[C@H](C)Oc1cc(Oc2ccc(cc2)S(=O)(=O)C)cc(c1)C(=O)Nc3ccc(cn3)C(=O)O,-0.41,2.1793452380952383,2.5893452380952384
1643,train,CN[C@@H](C)C(=O)N[C@H](C(=O)N[C@H]1CCCN(CCc2ccc(O)cc2)C1)C(C)(C)C,0.77,2.1793452380952383,1.4093452380952383
204,train,CC(C)CN1C(=O)N(C)C(=O)c2c1sc(Cc3cccc4ncccc34)c2C(=O)N5CC[C@@H](O)C5,1.98,2.1793452380952383,0.1993452380952383
1270,train,COc1cc(ccc1Cc2cn(C)c3ccc(NC(=O)CC4CCCC4)cc23)C(=O)O,2.0,2.1793452380952383,0.17934523809523828
3813,train,CC(C)OC(=O)N1CCC(CC1)Oc2ncnc3N(CCc23)c4ccc(cc4F)S(=O)(=O)C,3.4,2.1793452380952383,-1.2206547619047616
3125,train,OC(=O)c1ccccc1C2=C3C=CC(=O)C=C3Oc4cc(O)ccc24,0.0,2.1793452380952383,2.1793452380952383
2318,train,COc1ccc2nccc([C@H](O)[C@H]3C[C@@H]4CCN3C[C@@H]4C=C)c2c1,2.21,2.1793452380952383,-0.030654761904761685
4051,train,CN(C)C[C@H](O)Cc1ccc(Cl)c(c1)C(=O)NCC23CC4CC(CC(C4)C2)C3,2.19,2.1793452380952383,-0.010654761904761667
2068,train,CC(C)n1c(C)ncc1c2ccnc(Nc3ccc(F)cc3)n2,3.62,2.1793452380952383,-1.4406547619047618
2276,train,COc1ccc(F)c(F)c1C(=O)c2cnc(NC3CCN(CC3)S(=O)(=O)C)nc2N,2.08,2.1793452380952383,0.09934523809523821
3827,train,C[C@@](N)(Cc1ccccc1)c2ccccc2,1.7,2.1793452380952383,0.4793452380952383
2769,train,CCCCCCN1CC[C@@]2(C)[C@@H](C)C1Cc3ccc(O)cc23,2.5,2.1793452380952383,-0.3206547619047617
2859,train,Clc1ccc(OC2CCN(CC2)C3CCN(CC3)C(=O)NS(=O)(=O)c4cccc(c4)C#N)cc1Cl,1.81,2.1793452380952383,0.3693452380952382
2586,train,Cc1ccc(cc1NC(=O)c2ccc(OCc3ccccn3)cc2)c4ncc[nH]4,3.01,2.1793452380952383,-0.8306547619047615
3251,train,CCN(c1ccccc1)c2cc(NC)[n+](C)c(C)n2,-0.91,2.1793452380952383,3.0893452380952384
763,train,CC(=O)c1ccc2NC(=CC(=O)c2c1)c3cccnc3,1.41,2.1793452380952383,0.7693452380952384
2664,train,COc1cc2ncnc(Nc3ccc(F)c(Cl)c3)c2cc1OC,3.67,2.1793452380952383,-1.4906547619047616
2335,train,Brc1ccccc1NC(=O)Nc2ccc(C#N)c3[nH]nnc23,1.64,2.1793452380952383,0.5393452380952384
246,train,Cc1ccccc1N2C(=Nc3cccc(C)c3C2=O)Cn4nc(c5ccc(O)c(F)c5)c6c(N)ncnc46,3.55,2.1793452380952383,-1.3706547619047615
2192,train,COc1ccc(N(C(C(=O)NC[C@@H](C)O)c2ccccc2F)C(=O)c3ccoc3Cl)c(OC)c1,2.36,2.1793452380952383,-0.1806547619047616
420,train,COc1ccc2nc(N[C@H]3CCC[C@@H](C3)NCc4ccsc4)cc(C)c2c1,2.41,2.1793452380952383,-0.23065476190476186
2698,train,CC(C)C[C@@H](CO)NS(=O)(=O)c1ccc(Cl)s1,2.8,2.1793452380952383,-0.6206547619047615
2489,train,COC(=O)N1CCN([C@@H](CN2CCCC2)C1)C(=O)Cc3ccc(Cl)c(Cl)c3,1.97,2.1793452380952383,0.2093452380952383
3057,train,CN1CCN(CC1)c2ccc3nc([nH]c3c2)C4=C(N)c5c(F)cccc5NC4=O,3.45,2.1793452380952383,-1.270654761904762
1838,train,COc1ccc2nccc([C@@H](O)[C@@H]3C[C@H]4CCN3C[C@@H]4C=C)c2c1,2.26,2.1793452380952383,-0.08065476190476151
118,train,Clc1ccc2OCC(=O)N(CCN3CCC(CC3)NCc4ccc5OCC(=O)Nc5n4)c2c1,1.33,2.1793452380952383,0.8493452380952382
3800,train,CNC(=O)c1[nH]cnc1C(=O)Nc2ccc(OC)cc2,2.2,2.1793452380952383,-0.020654761904761898
3588,train,CCN(C1CCN(CCC(c2ccccc2)c3ccccc3)CC1)C(=O)Cc4ccc(cc4)[N+](=O)[O-],4.1,2.1793452380952383,-1.9206547619047614
994,train,CSCCC(NC(=O)c1ccccc1)c2nc3ccccc3n2Cc4ccc(cc4)C#N,4.24,2.1793452380952383,-2.060654761904762
940,train,CCC1=C(C)CN(C(=O)NCCc2ccc(cc2)S(=O)(=O)NC(=O)N[C@@H]3CC[C@@H](C)CC3)C1=O,1.73,2.1793452380952383,0.4493452380952383
1233,train,OC(=O)c1cccc(c1)c2ccc3c(C(=O)NCC45CC6CC(CC(C6)C4)C5)c(Cl)ccc3n2,2.84,2.1793452380952383,-0.6606547619047616
356,train,CN(C)S(=O)(=O)c1ccc2C(=CNC(=O)c2c1)C(=O)NC[C@@H](O)CN3CCC(CC3)Oc4ccc(Cl)c(Cl)c4,3.13,2.1793452380952383,-0.9506547619047616
947,train,CCN1CCOc2cc(COc3ccccc3)cnc12,3.7,2.1793452380952383,-1.520654761904762
494,train,FC(F)(F)c1ccc2[nH]c3CCN(Cc3c2c1)C(=O)[C@@H]4CCCC[C@H]4C(=O)NC5(CC5)C#N,4.2,2.1793452380952383,-2.020654761904762
3209,train,O=C(NCCN1CCCC1)c2ccc(Nc3ncc4cc(ccc4n3)c5ccncc5)cc2,2.39,2.1793452380952383,-0.21065476190476184
726,train,C[C@H]1CN(Cc2cc(Cl)ccc2OCC(=O)O)CCN1C(=O)Cc3ccccc3Cl,1.1,2.1793452380952383,1.0793452380952382
890,train,Oc1ccc2C[C@H]3N(CC4CC4)CC[C@@]56[C@@H](Oc1c25)c7[nH]c8ccccc8c7C[C@@]36O,2.7,2.1793452380952383,-0.5206547619047619
3607,train,OC(=O)C[C@H]1[C@@H](Cc2ccccc12)NC(=O)c3cc4cc(Cl)ccc4[nH]3,1.79,2.1793452380952383,0.38934523809523824
3744,train,Fc1ccc(cc1F)C(=O)Nc2ccc(Cl)nc2,3.31,2.1793452380952383,-1.1306547619047618
1507,train,NC(=O)COc1ccc(OCCNCC(O)COc2ccccc2)cc1,0.63,2.1793452380952383,1.5493452380952384
1223,train,Clc1ccc2ncc(c3cccc(NC4CNC4)n3)n2c1,1.19,2.1793452380952383,0.9893452380952383
1431,train,COc1ccc(cc1)S(=O)(=O)NC2=CC=C(N(CC(=O)NC(C(C)C)C(=O)C(F)(F)F)C2=O)c3ccccc3,2.5,2.1793452380952383,-0.3206547619047617
475,train,COc1cccc(c1)C(=O)N2CCC(CC2)N3C(=O)Nc4ccccc34,2.65,2.1793452380952383,-0.47065476190476163
2364,train,CC(C)(C)OC(=O)N1CCC(CC1)c2ncc(OCc3ccc(cc3)S(=O)(=O)C)cn2,2.8,2.1793452380952383,-0.6206547619047615
3626,train,CN(C\C=C\C#CC(C)(C)C)Cc1cccc2ccccc12,2.83,2.1793452380952383,-0.6506547619047618
1798,train,CCN(C1CCN(CC[C@H](C2CCN(CC2)S(=O)(=O)C(F)(F)F)c3ccccc3)CC1)C(=O)Cc4ccc(cc4)S(=O)(=O)C,3.39,2.1793452380952383,-1.2106547619047618
1153,train,COc1cc(OC)c(cc1NC(=O)Cc2ccnc(F)c2)S(=O)(=O)N3c4ccccc4Oc5ccccc35,3.37,2.1793452380952383,-1.1906547619047618
995,train,C[C@@H]1CN(CCN1c2ncc(OCc3ccncc3C#N)cn2)C(=O)OC(C)(C)C,3.33,2.1793452380952383,-1.1506547619047618
1094,train,Cc1ccc(NC(=O)CCC2CCCCC2)cc1NC(=O)c3ccc(O)cc3,4.13,2.1793452380952383,-1.9506547619047616
1677,train,C[C@]12CCC(=O)C=C1C=C[C@@H]3[C@@H]2CC[C@@]4(C)[C@H]3CC[C@@]45CCC(=O)O5,3.2,2.1793452380952383,-1.020654761904762
1184,train,CNC(=O)OC[C@@H](C)N(c1cc(Cl)ccc1CO)S(=O)(=O)c2ccc(Cl)cc2,3.0,2.1793452380952383,-0.8206547619047617
442,train,CC[C@H]1OC(=O)[C@H](C)[C@@H](O[C@H]2C[C@@](C)(OC)[C@@H](O)[C@H](C)O2)[C@H](C)[C@@H](O[C@@H]3O[C@H](C)C[C@@H]([C@H]3O)N(C)C)[C@](C)(O)C[C@@H](C)\C(=N/OCOCCOC)\[C@H](C)[C@@H](O)[C@]1(C)O,1.8,2.1793452380952383,0.37934523809523824
2300,train,CCOc1ccc(cc1)N2C(=O)c3cccnc3N=C2[C@@H](C)N(Cc4cccnc4)C(=O)Cc5ccc(OC(F)(F)F)cc5,3.7,2.1793452380952383,-1.520654761904762
744,train,OC(=O)COc1ccccc1N2CCC(CN3CCC(CC3)Oc4ccc(Cl)c(Cl)c4)CC2,2.0,2.1793452380952383,0.17934523809523828
2201,train,CCNC(=O)c1cc2c(c(cnc2[nH]1)c3cncc(c3)C(=O)O)n4nc(cc4C)C(F)(F)F,-0.88,2.1793452380952383,3.059345238095238
1306,train,CCOc1cccc(Nc2oc(nn2)C(=O)Nc3ccc(nc3)N4CCOCC4)c1,3.6,2.1793452380952383,-1.4206547619047618
2101,train,CN1CCN(CC1)c2ccc3N=CN(C(=O)c3c2)c4cc(ccc4C)C(=O)Nc5ccon5,1.87,2.1793452380952383,0.3093452380952382
3538,train,Cc1c(Cl)c(Cl)ccc1OC2CCN(CC3CCN(CC3)[C@@](C)(Cc4ccc(F)cc4)C(=O)O)CC2,2.98,2.1793452380952383,-0.8006547619047617
1077,train,Cc1ccc(cc1NC(=O)c2ccc(OCc3ccccn3)cc2)c4c[nH]c(C)n4,2.97,2.1793452380952383,-0.7906547619047619
2617,train,CC(C)CN1C(=O)N(C)C(=O)c2c1sc(Cc3ccccc3C(F)(F)F)c2S(=O)(=O)N4CC[C@@H](O)C4,3.32,2.1793452380952383,-1.1406547619047616
214,train,Cc1cnc([nH]1)c2ccc(C)c(NC(=O)c3ccc(OCc4ccccn4)cc3)c2,3.19,2.1793452380952383,-1.0106547619047617
3870,train,Clc1ccc(cc1Cl)C2CNCC=CC2,1.86,2.1793452380952383,0.3193452380952382
602,train,NC(=N)Nc1cc(Cl)nc(n1)c2ccccc2,2.16,2.1793452380952383,0.019345238095238138
1098,train,CCOC(=O)Nc1cccc(c1)[C@H](N2CCN(Cc3cccnc3)CC2)c4ccc(cc4)C(=O)N5CCC5,3.02,2.1793452380952383,-0.8406547619047617
1570,train,CCN(CC)CC(=O)Nc1c(cnn1c2ccccc2)C#N,0.4,2.1793452380952383,1.7793452380952384
4127,train,c1ccc(cc1)c2[nH]nc3ccccc23,3.79,2.1793452380952383,-1.6106547619047618
4029,train,COCCC(NC(=O)C1(N)CCN(CC1)c2ncnc3[nH]ccc23)c4ccc(Cl)cc4,2.95,2.1793452380952383,-0.7706547619047619
160,train,Cc1ccc(NC(=N)N)cc1C,-1.34,2.1793452380952383,3.519345238095238
1299,train,CN1C(=O)N(C)c2ncn(CC(O)CO)c2C1=O,-1.25,2.1793452380952383,3.4293452380952383
748,train,COc1ccc(cc1)C(=O)C2CCN(CC2)C(=O)c3ccc(F)cc3,2.92,2.1793452380952383,-0.7406547619047616
943,train,CC(C)N1C(=O)N(CC2CC2)c3nn(Cc4ccnc5ccc(Cl)cc45)c(c6cncn6C)c3C1=O,4.02,2.1793452380952383,-1.8406547619047613
2749,train,FC(F)(F)c1nnc2ccc(nn12)N3CCCC3,2.41,2.1793452380952383,-0.23065476190476186
2741,train,COc1ccc(cc1)c2cc(ccc2OCC(=O)O)C(F)(F)F,0.29,2.1793452380952383,1.8893452380952382
111,train,COc1cc(OC)c(cc1NC(=O)CCC(=O)O)S(=O)(=O)N(c2ccc(C)cc2)c3ccc(C)cc3,0.06,2.1793452380952383,2.1193452380952382
1601,train,NCc1ccc(NC(=O)c2cc(Nc3ncccn3)c4cc(ccc4c2)\C(=N\O)\N)cc1,-0.85,2.1793452380952383,3.0293452380952384
3542,train,CC(C)CN1C(=O)N(C)C(=O)c2c(SCCCO)n(Cc3cccc4ccccc34)cc12,4.36,2.1793452380952383,-2.180654761904762
2284,train,FC(F)(F)c1cc(CO[C@H]2CCCN[C@H]2c3ccccc3)cc(c1)C(F)(F)F,3.6,2.1793452380952383,-1.4206547619047618
1884,train,C[C@@H]1CN(CCN1c2ncc(OCc3ccc(cc3C#N)S(=O)(=O)C)cn2)C(=O)OC(C)(C)C,3.3,2.1793452380952383,-1.1206547619047615
2182,train,Cc1ccc2c(c1)c(c(C)n2CC(=O)O)c3cc(C)nc4ccccc34,2.88,2.1793452380952383,-0.7006547619047616
925,train,CN(c1ccnc(Nc2cc(cc(c2)N3CCOCC3)N4CCCC4)n1)c5cc(CO)ccc5C,3.8,2.1793452380952383,-1.6206547619047615
1771,train,CC#Cc1cncc(c1)c2cccc(c2)C3(N=C(C)C(=N3)N)C4CC4,3.3,2.1793452380952383,-1.1206547619047615
885,train,CCOC(=O)c1c(nc2cc(C)ccn12)c3ccccc3,3.8,2.1793452380952383,-1.6206547619047615
1489,train,Oc1ccc(C(=O)Cc2ccccc2)c(O)c1,3.09,2.1793452380952383,-0.9106547619047616
1795,train,O[C@@H]1CNC[C@H]1N2C=Cc3c(NC(=O)Cc4ccc(F)c(c4)C(F)(F)F)cccc3C2=O,1.33,2.1793452380952383,0.8493452380952382
3268,train,CCC(=C)C(=O)c1ccc(OCC(=O)O)c(Cl)c1Cl,0.02,2.1793452380952383,2.1593452380952383
3043,train,CSc1ccc(cc1)C(=O)C(C)(C)N2CCOCC2,3.49,2.1793452380952383,-1.310654761904762
1632,train,CCNC1=Nc2ccccc2C(=NC1c3cccs3)c4ccccc4,3.98,2.1793452380952383,-1.8006547619047617
3032,train,COc1cccc2c1c(NS(=O)(=O)c3ccc(Cl)s3)nn2Cc4cccc(CNC(=O)C(C)(C)O)c4,2.09,2.1793452380952383,0.08934523809523842
3212,train,CC(C)n1c(C)ncc1c2nc(Nc3ccc(cc3)C(=O)N4CCCN(C)CC4)ncc2F,2.02,2.1793452380952383,0.15934523809523826
3353,train,c1ccc(nc1)c2n[nH]c(n2)c3ccncc3,1.48,2.1793452380952383,0.6993452380952383
2445,train,CC(C)c1ccc2[nH]c3CCN(Cc3c2c1)C(=O)[C@@H]4CCCC[C@H]4C(=O)NC5(CC5)C#N,4.1,2.1793452380952383,-1.9206547619047614
2400,train,ONC(=O)C1COC(=N1)c2ccc(F)c(c2)C(F)(F)F,1.53,2.1793452380952383,0.6493452380952383
587,train,NC1(CCC1)c2ccc(cc2)c3ncc4ncccc4c3c5ccccc5,2.0,2.1793452380952383,0.17934523809523828
3666,train,O[C@H](CNC(=O)c1c[nH]nc1C2CC2)CN3CCC(CC3)Oc4ccc(Cl)c(Cl)c4,3.15,2.1793452380952383,-0.9706547619047616
1514,train,CCCCCC\N=C\1/C=CN(Cc2ccccc2)c3cc(Cl)ccc13,0.98,2.1793452380952383,1.1993452380952383
2128,train,O=C(NC1(CC1)C#N)[C@@H]2CCCC[C@H]2C(=O)N3CCN(CC3)c4nc5ccncc5s4,1.6,2.1793452380952383,0.5793452380952382
119,train,OC(=O)Cc1ccc(cc1)N2CCC(CN3CCC(CC3)Oc4ccc(Cl)c(Cl)c4)CC2,1.83,2.1793452380952383,0.3493452380952382
3070,train,CN1CCN(CC(=O)Nc2c(cnn2c3ccccc3)C#N)CC1,0.0,2.1793452380952383,2.1793452380952383
2837,train,ONC(=O)Cc1ccc(Oc2ccccc2)cc1,2.03,2.1793452380952383,0.14934523809523848
147,train,Oc1ccc(cc1)N2C=Nc3cc(O)ccc3C2=O,1.6,2.1793452380952383,0.5793452380952382
1493,train,CCCN(CCC)C(=O)c1cccc(c1)C(=O)N[C@@H](Cc2ccccc2)[C@H](O)CNC3Cc4ccccc4C3,3.3,2.1793452380952383,-1.1206547619047615
3726,train,COc1ccc(cn1)[C@@]2(O)CC[C@H](CC2)N3CC[C@H](C3)NC(=O)CNC(=O)c4cccc(c4)C(F)(F)F,1.72,2.1793452380952383,0.4593452380952383
863,train,CCCSc1ncccc1C(=O)NC2CCCCC2,3.24,2.1793452380952383,-1.060654761904762
1479,train,CCn1cc(NC(=O)Cc2ccc(Oc3ccnc4cc(OC)c(OC)cc34)cc2OC)cn1,3.42,2.1793452380952383,-1.2406547619047616
3348,train,Nc1ncc(NC(=O)c2cc(NC(=O)c3cccc(c3)C(F)(F)F)ccc2Cl)cc1Cl,3.26,2.1793452380952383,-1.0806547619047615
3602,train,NC(=N)c1cc2c(OCc3ccccc3)cccc2s1,1.16,2.1793452380952383,1.0193452380952384
3841,train,Clc1ccccc1CN2CCc3sccc3C2,3.46,2.1793452380952383,-1.2806547619047617
2507,train,Oc1c2ncc3ccccc3c2nn1c4ccccc4,0.8,2.1793452380952383,1.3793452380952382
2155,train,Fc1ccc(cc1)C(=O)N2CCC[C@@H](C2)c3onc(n3)c4ccc(F)cc4,3.73,2.1793452380952383,-1.5506547619047617
2216,train,C(CCNc1cc(nc2ccccc12)c3ccccc3)CNc4cc(nc5ccccc45)c6ccccc6,3.65,2.1793452380952383,-1.4706547619047616
2022,train,O[C@@H](CNCCCSCCOCCc1ccccc1)c2ccc(O)c3NC(=O)Sc23,2.3,2.1793452380952383,-0.12065476190476154
2082,train,CN(C1CCCCC1)C(=O)c2cnn(c2NS(=O)(=O)c3ccc(C)cc3)c4ccccc4,2.01,2.1793452380952383,0.1693452380952385
3890,train,COc1cc(OC2CCN(C)CC2)c3c(Nc4cccc5OCOc45)ncnc3c1,3.02,2.1793452380952383,-0.8406547619047617
91,train,Cc1cc(CCCOc2c(Cl)cc(cc2Cl)C3=NCCO3)on1,3.72,2.1793452380952383,-1.540654761904762
46,train,CC(Nc1ncnc2ccccc12)c3ccccc3,3.4,2.1793452380952383,-1.2206547619047616
331,train,CCOc1cc2nccc(Oc3cnc(CC(=O)Nc4n[nH]c(CC)c4C)c(OC)c3)c2cc1OC,3.29,2.1793452380952383,-1.1106547619047618
2206,train,Oc1ccc(cc1)C2=Cc3cccc(O)c3OC2=O,2.8,2.1793452380952383,-0.6206547619047615
134,train,CC(C)NCC(O)COc1ccc(COCCOC(C)C)cc1,0.1,2.1793452380952383,2.079345238095238
1684,train,CC(O)(C(=O)c1ccccc1)c2ccccc2,2.92,2.1793452380952383,-0.7406547619047616
3874,train,Nc1c(NC2CCCCC2)nc(nc1N3CCOCC3)C#N,2.81,2.1793452380952383,-0.6306547619047618
381,train,Cc1ccc(NC(=O)c2cccc(c2)C(F)(F)F)cc1NC(=O)c3ccc4ncccc4c3,3.87,2.1793452380952383,-1.6906547619047618
2450,train,COCc1ccoc1C(=O)N(C(C(=O)NC[C@@H](C)O)c2ccccc2F)c3ccc(OC)cc3OC,1.98,2.1793452380952383,0.1993452380952383
365,train,COc1ccc(cc1C(=O)N)c2ccc3c(nc(nc3n2)N4CCOC[C@@H]4C)N5CCOC[C@@H]5C,2.82,2.1793452380952383,-0.6406547619047616
2348,train,CC(C)N(c1ccnc(Nc2cc(cc(c2)N3CCOCC3)N4CCOCC4)n1)c5cc(CO)ccc5C,3.9,2.1793452380952383,-1.7206547619047616
3601,train,CCCCn1c(Cc2cc(OC)c(OC)c(OC)c2)nc3c(N)ncnc13,2.39,2.1793452380952383,-0.21065476190476184
226,train,Oc1c2C(=O)N(NC(=O)c2nc3cc(Cl)ccc13)C(C4CC4)c5ccncc5,0.7,2.1793452380952383,1.4793452380952383
2955,train,Nc1ccccc1NC(=O)c2ccc(CNC(=O)OCc3cccnc3)cc2,1.26,2.1793452380952383,0.9193452380952383
1004,train,OC(c1ccc(cc1)N(CC(F)(F)F)S(=O)(=O)c2ccccc2)(C(F)(F)F)C(F)(F)F,4.5,2.1793452380952383,-2.3206547619047617
1976,train,Oc1cccc(NC(=O)c2ccc(OCCCN3CCCC3)cc2OCc4cccc(F)c4)c1,3.15,2.1793452380952383,-0.9706547619047616
2253,train,CCN(C(=O)c1oc(cc1)c2ccc(Cl)cc2)c3ccc(cc3)N4CCNCC4,3.3,2.1793452380952383,-1.1206547619047615
2902,train,Oc1ccc(CCNCCNS(=O)(=O)CCOCCCc2ccccc2)c3sc(O)nc13,2.22,2.1793452380952383,-0.040654761904761916
2172,train,OC(=O)c1cncc(c1)c2cnc3[nH]c(cc3c2n4ccc(n4)C(F)(F)F)C(=O)NC5CC5,-0.98,2.1793452380952383,3.1593452380952383
3772,train,CC1=C2C(=CC(=O)N1Cc3ccccn3)NN(C2=O)c4ccccc4Cl,0.2,2.1793452380952383,1.9793452380952383
2001,train,CN([C@H]1CC[C@@]2(CCCO2)C[C@@H]1N3CCCC3)C(=O)Cc4ccccc4,0.99,2.1793452380952383,1.1893452380952383
2665,train,OC(=O)COc1ccc(cc1c2ccccc2)[N+](=O)[O-],-0.69,2.1793452380952383,2.8693452380952382
4190,train,Cc1cccc(Nc2oc(nn2)C(=O)Nc3ccc(nc3)N4CCOCC4)c1,3.42,2.1793452380952383,-1.2406547619047616
2967,train,COc1ccccc1CN(C)Cc2cccc(CCNC[C@H](O)c3ccc(O)c4NC(=O)Sc34)c2,1.52,2.1793452380952383,0.6593452380952383
1997,train,COc1cnccc1COc2cnc(nc2)N3CCN(CC3)C(=O)OC(C)(C)C,3.8,2.1793452380952383,-1.6206547619047615
2785,train,COc1cc(OC)c(cc1NC(=O)CCC(=O)O)S(=O)(=O)N(c2ccccc2)c3ccccc3,-0.8,2.1793452380952383,2.979345238095238
1283,train,COc1ccc(cc1)S(=O)(=O)Nc2ccccn2,0.87,2.1793452380952383,1.3093452380952382
3344,train,CC(C)(C(=O)N)C(=O)NCCCNc1nc(Nc2cccc(NC(=O)N3CCCC3)c2)ncc1Br,2.32,2.1793452380952383,-0.14065476190476156
1218,train,NC(=O)Nc1cc(sc1C(=O)N[C@H]2CCCNC2)c3ccccc3,1.04,2.1793452380952383,1.1393452380952382
4085,train,Cc1cc(NC(=O)c2oc(Nc3ccccc3F)nn2)ccc1N4CCOCC4,4.0,2.1793452380952383,-1.8206547619047617
1830,train,Nc1ccc2c(c1)C(=O)C(=O)c3cc(N)ccc23,1.72,2.1793452380952383,0.4593452380952383
130,train,Cc1ccc(cc1)S(=O)(=O)NC(=O)N2CCC(CC2)N3CCC(CC3)Oc4ccc(Cl)cc4Cl,1.52,2.1793452380952383,0.6593452380952383
2856,train,COc1ccc(cc1C(=O)NCc2cccnc2)C(=O)NCc3cccnc3,1.23,2.1793452380952383,0.9493452380952383
2822,train,COc1ccccc1N2CCN(CCCCNC(=O)c3ccc4ccccc4c3)CC2,3.53,2.1793452380952383,-1.3506547619047615
2208,train,CC(C)n1c(C)ncc1c2nc(Nc3ccc(cc3)N4CCN(CC4)C(=O)CO)ncc2F,2.19,2.1793452380952383,-0.010654761904761667
1923,train,OC(=O)c1ccc(cc1)n2ncc(C(=O)NC3C4CC5CC(CC3C5)C4)c2C6CCCC6,1.72,2.1793452380952383,0.4593452380952383
4004,train,CCCc1c(cnn1c2ccccc2)C(=O)Nc3ccc(F)cc3C,3.89,2.1793452380952383,-1.7106547619047618
1419,train,C[C@@H]1CN(CCN1c2ncc(OCC3CCN(CC3)S(=O)(=O)C)cn2)C(=O)OC(C)(C)C,3.5,2.1793452380952383,-1.3206547619047617
465,train,CC(C)c1ccccc1Nc2nc(SCc3cccs3)n[nH]2,4.21,2.1793452380952383,-2.0306547619047617
3126,train,Oc1nc2ccccc2c(O)c1c3ccccc3,0.73,2.1793452380952383,1.4493452380952383
2398,train,Oc1ccc2OC(=CC(=O)c2c1)c3ccccc3,3.6,2.1793452380952383,-1.4206547619047618
3747,train,COc1ccc(Nc2ccccc2C(=O)O)cc1,1.2,2.1793452380952383,0.9793452380952383
2987,train,COc1cc(NC(=O)Nc2cccc(CNC(=O)O[C@H]3CCOC3)c2)ccc1c4ocnc4,3.6,2.1793452380952383,-1.4206547619047618
2385,train,ON1C(=O)N(CC2COc3ccccc3O2)c4ccsc4C1=O,1.44,2.1793452380952383,0.7393452380952383
434,train,CC(C)n1c(C)ncc1c2ccnc(Nc3ccccc3)n2,3.58,2.1793452380952383,-1.4006547619047618
3474,train,C[C@@H]1CN(CCN1c2ncc(OCc3ccc(cc3F)S(=O)(=O)C)cn2)C(=O)OC(C)(C)C,3.7,2.1793452380952383,-1.520654761904762
3808,train,COc1ccc(CNC(=O)c2ccc(Oc3ccc(cc3)C#C[C@]4(O)CN5CCC4CC5)cc2)nc1,3.1,2.1793452380952383,-0.9206547619047618
52,train,OC(=O)CCC[C@H]1[C@@H](Cc2ccccc12)NC(=O)c3cc4cc(F)ccc4[nH]3,1.95,2.1793452380952383,0.22934523809523832
1303,train,COc1cc2ncnc(Nc3cccc(Cl)c3F)c2cc1OC4CCN(CC(=O)N)CC4,3.1,2.1793452380952383,-0.9206547619047618
3488,train,O=C(OCCN1CCCCC1)c2c[nH]c3ccccc23,2.0,2.1793452380952383,0.17934523809523828
1420,train,O=C1C=CN=C2C=CC=CN12,0.2,2.1793452380952383,1.9793452380952383
2775,train,Clc1ccc(cc1Cl)[C@]23CNC[C@H]2C3,1.96,2.1793452380952383,0.21934523809523832
1348,train,Nc1c(cnn1c2ccc(F)cc2)C(=O)c3cccc(OC[C@H](O)CO)c3,1.94,2.1793452380952383,0.23934523809523833
3284,train,CN(C1CCN(CCC(c2ccccc2)c3ccccc3)CC1)C(=O)Cc4ccc(cc4)S(=O)(=O)N,2.3,2.1793452380952383,-0.12065476190476154
471,train,NC(=O)c1cnc(N[C@H]2CCCNC2)c3cc(sc13)c4ccc(F)c(Cl)c4,2.94,2.1793452380952383,-0.7606547619047617
3435,train,CC(C)[C@@H]1N=C(c2ccccc2)c3ccccc3NC1=O,3.05,2.1793452380952383,-0.8706547619047615
1536,train,CNS(=O)(=O)c1ccc(Oc2ccc(cc2)C#C[C@]3(O)CN4CCC3CC4)cc1,2.03,2.1793452380952383,0.14934523809523848
2766,train,Cn1ccc2c(cccc12)c3nc(CS(=O)(=O)C)cc(n3)N4CCOCC4,2.0,2.1793452380952383,0.17934523809523828
4067,train,CCOC(=O)c1ccc(OCCC2(CCN(CC2)c3ccc(C)nn3)C#N)cc1,3.54,2.1793452380952383,-1.3606547619047618
2622,train,CN(C)c1cccc(c1)C(=O)Nc2ccc(C)c(NC(=O)c3ccc(OCc4ccccn4)cc3)c2,2.83,2.1793452380952383,-0.6506547619047618
2332,train,CNCc1ccc(cc1)c2[nH]c3cc(F)cc4C(=O)NCCc2c34,1.17,2.1793452380952383,1.0093452380952384
3153,train,C[C@H](NC(=O)c1c(C)nn(c1NS(=O)(=O)c2ccc(cc2)C(F)(F)F)c3ccc(F)cc3)C(C)(C)C,2.35,2.1793452380952383,-0.1706547619047618
3970,train,OC(=O)C1CCn2c1ccc2C(=O)c3ccccc3,-0.93,2.1793452380952383,3.1093452380952384
3780,train,CC(C)[C@H](NC(=O)N(C)Cc1csc(n1)C(C)C)C(=O)N[C@H](C[C@H](O)[C@H](Cc2ccccc2)NC(=O)OCc3cncs3)Cc4ccccc4,4.3,2.1793452380952383,-2.1206547619047615
1930,train,C[C@H](Nc1ncc(Cl)c(Nc2cc([nH]n2)N(C)C)n1)c3ncc(F)cn3,2.33,2.1793452380952383,-0.1506547619047618
441,train,COc1ccc(cc1)C2=C(C)c3ccc(OC)cc3OC2=O,3.31,2.1793452380952383,-1.1306547619047618
2264,train,Nc1ncnc2c1nc(Sc3nc4cccc(Cl)c4s3)n2CCO,2.37,2.1793452380952383,-0.19065476190476183
149,train,OCC(CO)N1C=Cc2c(NC(=O)CC34CC5CC(CC(C5)C3)C4)cccc2C1=O,2.62,2.1793452380952383,-0.4406547619047618
450,train,COc1cc2ncnc(Nc3ccc(F)c(Cl)c3)c2cc1NC(=O)\C=C\CN4CCCCC4,4.1,2.1793452380952383,-1.9206547619047614
1323,train,COc1cc2nnc(C(=O)N)c(Nc3ccc(F)cc3F)c2cc1N4CCN(C)CC4,2.36,2.1793452380952383,-0.1806547619047616
127,train,Cc1ncc(nc1C(=O)N)c2ccc(cc2)[C@@H]3CC[C@@H](CC(=O)O)CC3,1.0,2.1793452380952383,1.1793452380952383
689,train,C[C@]12CC[C@H]3[C@@H](CCc4cc(O)ccc34)[C@@H]1CCC2=O,3.4,2.1793452380952383,-1.2206547619047616
500,train,O[C@@H](CNCCSCCCNCCc1cccc(c1)C(F)(F)F)c2ccc(O)c3NC(=O)Sc23,1.21,2.1793452380952383,0.9693452380952383
4176,train,CC(C)C(NC(=O)CN1C(=O)C(=CN=C1c2cccs2)N)C(=O)C(F)(F)F,0.68,2.1793452380952383,1.4993452380952381
617,train,COc1cccc(CNCc2cccc(CCNC[C@H](O)c3ccc(O)c4NC(=O)Sc34)c2)c1,0.91,2.1793452380952383,1.2693452380952381
1048,train,COc1ccc2N=CC(=O)N(CCN3CC[C@H](NCc4ccc5OCC(=O)Nc5n4)[C@H](O)C3)c2c1,0.39,2.1793452380952383,1.7893452380952382
1559,train,Oc1ccc(Cl)cc1C(=O)Nc2ccccc2,2.9,2.1793452380952383,-0.7206547619047616
850,train,CCC(CC)NC(=O)c1cnn(c1NS(=O)(=O)c2ccc(C)cc2)c3ccccc3,0.79,2.1793452380952383,1.3893452380952382
1741,train,COc1ccc(CN2CCc3c(C2)[nH]c4ccccc34)cc1OC,3.1,2.1793452380952383,-0.9206547619047618
3443,train,CN(C)CC(O)COc1ccc(Nc2nccc(Nc3cc(C)ccc3Cl)n2)cc1,2.6,2.1793452380952383,-0.4206547619047618
928,train,Cn1cnc(c2ccccc2)c1C#Cc3ccnc(N)n3,2.94,2.1793452380952383,-0.7606547619047617
911,train,CC(N)C(=O)Nc1c(C)cccc1C,-0.15,2.1793452380952383,2.329345238095238
3701,train,Cc1nc(C)c(s1)C(=O)N[C@@H](Cc2cccc(Cl)c2)C(=O)NCC#N,2.0,2.1793452380952383,0.17934523809523828
917,train,CN1CCOc2nc(ccc12)C#Cc3ccccc3,3.8,2.1793452380952383,-1.6206547619047615
2377,train,NC(=O)c1cnc(c2ccc(cc2)C3(N)CCC3)c(c1)c4ccccc4,1.3,2.1793452380952383,0.8793452380952382
4109,train,CS(=O)(=O)c1ccc(CC(=O)N(C2CC2)C3CCN(CCC(c4ccccc4)c5ccccc5)CC3)cc1,2.89,2.1793452380952383,-0.7106547619047618
428,train,Oc1ccc(cc1)C2CNCCc3c(Cl)c(O)c(O)cc23,0.87,2.1793452380952383,1.3093452380952382
4141,train,Oc1cc(ccc1NC(=O)CN2CCOCC2)c3cccc4C(=O)C=C(Oc34)N5CCOCC5,2.4,2.1793452380952383,-0.22065476190476163
2272,train,CC(C)C(NC(=O)CN1C(=O)C(=CN=C1C(C)C)NC(=O)OCc2ccccc2)C(=O)C(F)(F)F,2.63,2.1793452380952383,-0.4506547619047616
2727,train,Cc1nsc(C)c1CCC2CCN(CC2)S(=O)(=O)CC3(CCOCC3)N(O)C=O,1.5,2.1793452380952383,0.6793452380952383
3891,train,CC[C@H](N)C(=O)N[C@@H](Cc1ccc(cc1)c2ccccc2)C#N,2.6,2.1793452380952383,-0.4206547619047618
3200,train,Cc1ccc(cc1S(=O)(=O)n2ccc(n2)c3c(C)nc4ccc(Br)cn34)[N+](=O)[O-],3.52,2.1793452380952383,-1.3406547619047617
951,train,COc1ccc(cc1)c2ccnc(N)n2,2.08,2.1793452380952383,0.09934523809523821
42,train,NC(=NC#N)c1sc(Nc2ccccc2)nc1N,2.91,2.1793452380952383,-0.7306547619047619
505,train,O[C@@H](CNCCc1cccc(CN2CCC(CC2)c3ccccc3)c1)c4ccc(O)c5NC(=O)Sc45,1.99,2.1793452380952383,0.1893452380952383
1959,train,O[C@@H](CNCCc1ccc(NC[C@H](O)c2ccccc2)cc1)c3ccc(O)c(NC=O)c3,0.02,2.1793452380952383,2.1593452380952383
2714,train,CC(=O)Nc1ccc2c(c1)c(cn2C)c3cc(NC4CC4)n5ncc(C#N)c5n3,2.94,2.1793452380952383,-0.7606547619047617
989,train,Cc1ccc(OCC(=O)O)c(c1)n2nc3ccccc3n2,-0.84,2.1793452380952383,3.019345238095238
2265,train,COc1cc2ncnc(Nc3cc(NC(=O)c4cccc(c4)N5CCOCC5)ccc3C)c2cc1OC,3.6,2.1793452380952383,-1.4206547619047618
3620,train,OCC(CO)CN1C(=O)C(Cc2ccccc12)NC(=O)c3cc4cc(Cl)ccc4[nH]3,3.64,2.1793452380952383,-1.4606547619047618
3614,train,Cc1cc(CNc2ncc(Br)c(Nc3cc([nH]n3)C4CC4)n2)on1,3.43,2.1793452380952383,-1.2506547619047619
529,train,CN(c1ccnc(Nc2cc(CN3CCOCC3)cc(c2)N4CCOCC4)n1)c5cc(CO)ccc5C,3.0,2.1793452380952383,-0.8206547619047617
3237,train,CC(C)n1c(C)ncc1c2ccnc(Nc3ccc(C(=O)N)c(F)c3)n2,2.8,2.1793452380952383,-0.6206547619047615
64,train,O=C(COc1ccccc1)c2ccccc2,2.87,2.1793452380952383,-0.6906547619047618
3736,train,CN(C)CCC=C1c2ccccc2COc3ccccc13,2.15,2.1793452380952383,0.02934523809523837
2363,train,OC(=O)[C@H](Cc1ccc(OCCNc2ccccn2)cc1)NC(=O)c3c(Cl)cccc3Cl,-0.48,2.1793452380952383,2.6593452380952383
789,train,Cn1c(CN2CCN(CC2)c3ccccc3)nc4ccccc14,3.11,2.1793452380952383,-0.9306547619047616
1919,train,CC1=CN([C@H]2CCCN(C2)[C@H](CC(C)(C)C)c3ccc(C(=O)O)c(Oc4cccc(Br)c4)c3)C(=O)NC1=O,1.09,2.1793452380952383,1.0893452380952382
583,train,CCC[C@H]1CN(Cc2cc(Cl)ccc2OCC(=O)O)CCN1S(=O)(=O)c3ccccc3,1.02,2.1793452380952383,1.1593452380952383
3430,train,C[C@H](Nc1nc(Nc2cc(C)[nH]n2)c(Cl)c(n1)N3CCOCC3)c4ncc(F)cn4,2.61,2.1793452380952383,-0.4306547619047616
1752,train,CCC(N(CCCN)C(=O)c1ccc(C)cc1)C2=Nc3ccsc3C(=O)N2Cc4ccc(Cl)cc4,2.32,2.1793452380952383,-0.14065476190476156
2918,train,CCc1cc(ccn1)C(=S)N,1.52,2.1793452380952383,0.6593452380952383
658,train,CS(=O)(=O)N1CCc2c1nc(nc2c3cnc(N)nc3)N4CCOCC4,1.2,2.1793452380952383,0.9793452380952383
1932,train,CN(C)c1ccccc1S(=O)(=O)NC(=O)N2CCC(CC2)N3CCC(CC3)Oc4ccc(Cl)c(Cl)c4,1.74,2.1793452380952383,0.4393452380952383
1966,train,OC(=O)[C@H](N1CCC(CN2CCC(CC2)Oc3ccc(Cl)c(Cl)c3)CC1)c4ccccc4,2.14,2.1793452380952383,0.039345238095238155
1460,train,COc1cc2ncc(C(=O)N)c(Nc3ccccc3F)c2cc1OC,2.81,2.1793452380952383,-0.6306547619047618
1421,train,O[C@@H]1CN(CCN2C(=O)C=Cc3ccc(cc23)C#N)CC[C@@H]1NCc4ccc5OCC(=O)Nc5n4,0.11,2.1793452380952383,2.0693452380952384
3296,train,C1CC(CCN1)c2ccccc2,0.54,2.1793452380952383,1.6393452380952382
2689,train,COc1cc(ccc1Cn2cnc3ccc(NC(=O)CC4CCCC4)cc23)C(=O)NS(=O)(=O)c5ccccc5,0.9,2.1793452380952383,1.2793452380952384
1727,train,CN1CCN(CC1)C(=O)c2cc3cc(C)ccc3[nH]2,2.22,2.1793452380952383,-0.040654761904761916
2927,train,CNC(=O)c1ccc(Nc2nccc(n2)c3cnc(C)n3C(C)C)cc1F,2.95,2.1793452380952383,-0.7706547619047619
358,train,CC(CN(C)C)CN1c2ccccc2CCc3ccccc13,2.95,2.1793452380952383,-0.7706547619047619
865,train,COc1cc2ncnc(Nc3cc(NC(=O)c4ccnc(c4)N5CCOCC5)ccc3C)c2cc1OCCN6CCOCC6,3.19,2.1793452380952383,-1.0106547619047617
2463,train,Cc1ccc(cc1)S(=O)(=O)N2N=Cc3ccccc3B2O,0.05,2.1793452380952383,2.1293452380952385
2152,train,Nc1cc(cc(c1)C(F)(F)F)C(=O)Nc2cccc(c2)c3nnn[nH]3,0.2,2.1793452380952383,1.9793452380952383
2905,train,NC(=O)C([C@@H]1CCN(CCc2ccc3OCCc3c2)C1)(c4ccccc4)c5ccccc5,2.79,2.1793452380952383,-0.6106547619047618
2112,train,Cc1cc(ccc1O[C@H]2C[C@H]3CC[C@@H](C2)N3Cc4ccccc4)C(=O)N,2.23,2.1793452380952383,-0.0506547619047617
309,train,Nc1nc(cs1)c2ccccc2,2.43,2.1793452380952383,-0.2506547619047619
3662,train,CC1=CN(C2CCCN(Cc3cccc(Oc4ccccc4)c3)C2)C(=O)NC1=O,3.04,2.1793452380952383,-0.8606547619047618
2880,train,N(c1cccnc1)c2ncnc3ccccc23,1.57,2.1793452380952383,0.6093452380952382
4008,train,Clc1ccc2OCOc2c1Nc3ncnc4cc(OCCCN5CCCC5)cc(OC6CCOCC6)c34,2.3,2.1793452380952383,-0.12065476190476154
3422,train,COC(=O)C1=C(C)NC(=C([C@@H]1c2cccc3nonc23)C(=O)OC(C)C)C,3.77,2.1793452380952383,-1.5906547619047617
1711,train,C[C@H](NC(=O)c1c(C)nn(c1NS(=O)(=O)c2ccc(C)cc2)c3ccccc3)C(C)(C)C,1.44,2.1793452380952383,0.7393452380952383
1571,train,CCN1CCN(CC(=O)Nc2ccc(c3cccc4C(=O)C=C(Nc34)N5CCOCC5)c6sc7ccccc7c26)CC1,2.6,2.1793452380952383,-0.4206547619047618
577,train,NC12CCC(CC1)(CC2)c3ccccc3,0.29,2.1793452380952383,1.8893452380952382
87,train,C[C@H]1CN(Cc2cc(Cl)ccc2OCC(=O)O)CCN1C(=O)Cc3ccccc3,0.18,2.1793452380952383,1.9993452380952383
3265,train,CCC(CC)NC(=O)c1cnn(c1NS(=O)(=O)C2CCCC2)c3ccccc3,0.69,2.1793452380952383,1.4893452380952383
1137,train,C[C@@H]1CN[C@@H]2[C@@H](C1)O[C@]3(CC[C@H]4[C@@H]5CC=C6C[C@@H](O)CC[C@]6(C)[C@H]5CC4=C3C)[C@@H]2C,2.63,2.1793452380952383,-0.4506547619047616
728,train,CC1=CC2=NNC(=O)N2c3cc(ccc13)c4ccccc4CO,3.18,2.1793452380952383,-1.0006547619047619
1818,train,CO[C@H]1\C=C\O[C@@]2(C)Oc3c(C)c(O)c4c(O)c(NC(=O)\C(=C/C=C/[C@H](C)[C@H](O)[C@@H](C)[C@@H](O)[C@@H](C)[C@H](OC(=O)C)[C@@H]1C)\C)cc(O)c4c3C2=O,1.19,2.1793452380952383,0.9893452380952383
1554,train,O=S(=O)(C1CCNCC1)C2(CC2)c3cc(nc(n3)c4cccc5[nH]ccc45)N6CCOCC6,1.1,2.1793452380952383,1.0793452380952382
2345,train,CCN(C1CCN(CCC(c2ccccc2)c3ccc(cc3)S(=O)(=O)C)CC1)C(=O)Cc4ccc(cc4)S(=O)(=O)C,1.73,2.1793452380952383,0.4493452380952383
2961,train,COc1ccc(cc1OC)C(=O)Nc2cccc(NC(=O)c3ccc(OC)c(OC)c3)n2,3.5,2.1793452380952383,-1.3206547619047617
3146,train,CS(=O)(=O)c1ccc(c(Cl)c1)c2cc(ccc2OCC(=O)O)C(F)(F)F,-0.52,2.1793452380952383,2.6993452380952383
2036,train,OC(=O)[C@H](Cc1cccc(c1)C#N)N2CCC(CN3CCC(CC3)Oc4ccc(Cl)c(Cl)c4)CC2,2.26,2.1793452380952383,-0.08065476190476151
1765,train,CCc1c(cnn1c2ccc(cc2)C(=O)O)C(=O)NC3C4CC5CC(CC3C5)C4,0.9,2.1793452380952383,1.2793452380952384
95,train,CC(C)N(CCCNC(=O)Nc1ccc(cc1)C(C)(C)C)C[C@H]2O[C@H]([C@H](O)[C@@H]2O)n3cnc4c(N)ncnc34,2.2,2.1793452380952383,-0.020654761904761898
2039,train,COc1cc2ncnc(Nc3ccccc3)c2cc1OC,3.04,2.1793452380952383,-0.8606547619047618
2362,train,OC(=O)CSCC(=O)Nc1nc(cs1)c2ccc(F)cc2,-0.2,2.1793452380952383,2.3793452380952385
570,train,CN(C)CC(O)COc1ccc(Nc2nccc(Nc3ccccc3C#N)n2)cc1,1.2,2.1793452380952383,0.9793452380952383
2410,train,Cc1sc2ncnc(N3CCN(CC3)c4ncccn4)c2c1C,3.66,2.1793452380952383,-1.4806547619047619
1746,train,COc1cc(ccc1Nc2ncc(Cl)c(n2)c3cnc4cc(F)ccn34)N5CCN(CC5)C(=O)C,3.7,2.1793452380952383,-1.520654761904762
1488,train,Cc1nc(C)c(nc1C(=O)N)c2ccc(cc2)C34CCC(CC(=O)O)(CC3)CC4,1.6,2.1793452380952383,0.5793452380952382
1540,train,Cc1cc(Oc2ccnc(Nc3ccc(cc3)N4CCOCC4)c2)c(nc1C)c5ccccn5,2.59,2.1793452380952383,-0.4106547619047616
3713,train,CC(=O)NC[C@H]1CN(C(=O)O1)c2ccc(N3Cc4ccncc4C3)c(F)c2,3.02,2.1793452380952383,-0.8406547619047617
1249,train,OC(=O)c1c(C#N)c2ccccc2n1Cc3ccc(Cl)c(Cl)c3,1.26,2.1793452380952383,0.9193452380952383
2645,train,Nc1c2C(=O)N(Cc2nc3c(cccc13)c4ncccn4)C5CCC5,1.85,2.1793452380952383,0.3293452380952382
3710,train,O[C@@H](CNCCc1cccc(CNCc2ccccc2F)c1)c3ccc(O)c4NC(=O)Sc34,0.69,2.1793452380952383,1.4893452380952383
1317,train,Cc1ccc(cc1)S(=O)(=O)Nc2c(C(=O)NCC(C)(C)C)c(C)nn2c3ccccc3,1.46,2.1793452380952383,0.7193452380952383
787,train,CN(C)CCNCc1ccc(Nc2ncc3cc(ccc3n2)c4ccncc4)cc1,1.4,2.1793452380952383,0.7793452380952384
3420,train,Cc1c(c2ccc(O)cc2)n(C)c3ccc(O)cc13,3.8,2.1793452380952383,-1.6206547619047615
1474,train,C(Cc1ccccc1)NCc2ccccc2,1.65,2.1793452380952383,0.5293452380952384
869,train,CCN(CC)c1ccc2C=C(C(=O)O)C(=O)Oc2c1,-0.2,2.1793452380952383,2.3793452380952385
2065,train,CN1C(=O)CN=C(c2ccccc2F)c3cc(ccc13)[N+](=O)[O-],2.1,2.1793452380952383,0.07934523809523819
468,train,Oc1ccc(cc1)S(=O)(=O)Nc2nccs2,0.36,2.1793452380952383,1.8193452380952384
817,train,COc1cc(ccc1Nc2ncc(Cl)c(n2)c3cnc4c(OC)cccn34)N5CCN(CC5)C(=O)C,3.5,2.1793452380952383,-1.3206547619047617
2139,train,Clc1ccc(N2CCN(CC2)C(=O)COCc3ccncc3)c(Cl)c1,3.38,2.1793452380952383,-1.2006547619047616
77,train,C[C@H](Nc1ncc(F)c(Nc2cc([nH]n2)C3CC3)n1)c4ncc(F)cn4,2.47,2.1793452380952383,-0.2906547619047619
2646,train,COc1ccc(cc1)c2c(C)[nH]nc2c3ccc(O)cc3O,3.37,2.1793452380952383,-1.1906547619047618
2396,train,Fc1cnc(NC(=O)C(CC2CCOCC2)c3ccc(cc3)S(=O)(=O)C4CC4)s1,3.3,2.1793452380952383,-1.1206547619047615
3396,train,CN(C(=O)C)c1ccc(Nc2ncc3cc(ccc3n2)c4ccncc4)cc1,2.88,2.1793452380952383,-0.7006547619047616
1534,train,NC(Cc1ccc(cc1)N(CCCl)CCCl)C(=O)O,0.39,2.1793452380952383,1.7893452380952382
3339,train,Clc1ccc2OCOc2c1Nc3ccnc(Nc4cc(cc(c4)N5CCOCC5)N6CCOCC6)n3,3.25,2.1793452380952383,-1.0706547619047617
3961,train,Nc1cc(nc2c(cnn12)C#N)c3ccccc3,2.48,2.1793452380952383,-0.3006547619047617
1027,train,CN[C@@H](C)C(=O)N[C@H](C(=O)N[C@H]1CCCN(CCc2ccc(OC)cc2)C1)C(C)(C)C,1.45,2.1793452380952383,0.7293452380952383
1956,train,CC(C)(C)OC(=O)NCCCSC[C@H]1O[C@H]([C@H](O)[C@@H]1O)n2cnc3c(N)ncnc23,1.2,2.1793452380952383,0.9793452380952383
4052,train,Oc1ccnc2ccccc12,0.8,2.1793452380952383,1.3793452380952382
665,train,CCCc1cc(Nc2nc(NCc3onc(C)c3)ncc2Br)n[nH]1,3.63,2.1793452380952383,-1.4506547619047616
1112,train,COc1cc2ncnc(Nc3cc(NC(=O)c4cccc(c4)N(C)C)ccc3Cl)c2cc1OC,4.26,2.1793452380952383,-2.0806547619047615
3650,train,Brc1cnc(NCc2ccccc2)nc1Nc3cc([nH]n3)C4CC4,4.11,2.1793452380952383,-1.930654761904762
3533,train,CCN(CCO)CCCOc1cc2ncnc(Nc3cc(CC(=O)Nc4cccc(F)c4F)[nH]n3)c2cc1OC,1.94,2.1793452380952383,0.23934523809523833
4099,train,CN(C)CCC[C@]1(OCc2cc(ccc12)C#N)c3ccc(F)cc3,1.48,2.1793452380952383,0.6993452380952383
3816,train,CCN(C1CCN(CCC(N2CCN(CC2)c3cccc(F)c3)c4ccccc4)CC1)C(=O)Cc5ccc(cc5)S(=O)(=O)C,3.21,2.1793452380952383,-1.0306547619047617
2793,train,CC(=O)NC[C@H]1CN(C(=O)O1)c2ccc(N3CCN(CC3)c4ccc(cn4)C#N)c(F)c2,1.98,2.1793452380952383,0.1993452380952383
3678,train,NS(=O)(=O)c1ccc(Nc2nccc(n2)c3cnc4ccccn34)cc1,2.7,2.1793452380952383,-0.5206547619047619
783,train,CN1SC(=NC1=O)NC(=O)c2ccccc2,1.13,2.1793452380952383,1.0493452380952384
788,train,Cc1ccccc1Nc2ncnc3ccccc23,2.85,2.1793452380952383,-0.6706547619047618
1721,train,COc1cc2c(Nc3c(Cl)ccc4OCOc34)ncnc2cc1OCC5CCN(C)CC5,1.83,2.1793452380952383,0.3493452380952382
490,train,CC(CCc1cccc(OCc2ccc3ccccc3n2)c1)CC(=O)O,2.4,2.1793452380952383,-0.22065476190476163
3846,train,CCC(CC)NC(=O)c1c(C)nn(c1NS(=O)(=O)c2ccc(C)cc2)c3ccccc3,1.35,2.1793452380952383,0.8293452380952382
2443,train,COc1ccc(cc1)N2CCN(CC2)C(=O)[C@@H]3CCCC[C@H]3C(=O)NC4(CC4)C#N,1.74,2.1793452380952383,0.4393452380952383
2950,train,CCOC(=O)c1ccccc1c2csc(NS(=O)(=O)c3ccc(Cl)cc3)n2,2.43,2.1793452380952383,-0.2506547619047619
2358,train,Oc1ccc(cc1)c2ccc(cc2)C3(O)CN4CCC3CC4,0.95,2.1793452380952383,1.2293452380952383
122,train,NC(=N)NC(=O)c1nc(Cl)c(NCc2ccccn2)nc1N,-0.56,2.1793452380952383,2.7393452380952383
1032,train,CC1SC2=C(C(=O)O)C(=O)c3cc(F)c(cc3N12)N4CCNCC4,-1.1,2.1793452380952383,3.2793452380952384
3278,train,CS(=O)(=O)Cc1cc(nc(n1)c2ccccc2)N3CCOCC3,1.94,2.1793452380952383,0.23934523809523833
2310,train,Fc1ccc(cc1)C(NC(=O)CC2CCN(Cc3ccn(c3)c4ccc(cc4)C(F)(F)F)CC2)C5=CNC(=O)C=C5,3.04,2.1793452380952383,-0.8606547619047618
2555,train,O=C(N1CCOCC1)c2ccc(cc2)C(=C3CCN(Cc4cscn4)CC3)c5cccc6cccnc56,2.12,2.1793452380952383,0.05934523809523817
4069,train,Fc1ccc(cc1)C(=O)C2CCN(CC2)C(=O)N3CCOCC3,1.61,2.1793452380952383,0.5693452380952382
3801,train,Cc1ccc([nH]1)C(=O)NC2CCN(CC2)c3cc(cc(Cl)n3)C(=O)N,2.64,2.1793452380952383,-0.46065476190476184
2581,train,CNCc1cccc(c1)c2ccc3c(nc(nc3n2)N4C[C@@H](C)O[C@@H](C)C4)N5CCOCC5,1.26,2.1793452380952383,0.9193452380952383
4003,train,O=C1NC(=O)C(Cc2cccc(Oc3ccccc3)c2)S1,2.84,2.1793452380952383,-0.6606547619047616
3236,train,CN1CCN(CC1)[C@@H]2C[C@@H](C2)c3nc(c4ccc5ccc(nc5c4)c6ccccc6)c7c(N)nccn37,3.2,2.1793452380952383,-1.020654761904762
2137,train,Oc1ccc(cc1)c2oc3cc(O)ccc3n2,3.3,2.1793452380952383,-1.1206547619047615
3266,train,CC[C@@H](CO)Nc1nc(SCc2ccccc2)nc3nc(N)sc13,2.99,2.1793452380952383,-0.8106547619047619
3022,train,CC1=CN([C@H]2CCCN(C2)S(=O)(=O)c3cccc(Oc4ccccc4)c3)C(=O)NC1=O,2.32,2.1793452380952383,-0.14065476190476156
1955,train,Cn1cnc(c1Sc2ncnc3nc[nH]c23)[N+](=O)[O-],0.19,2.1793452380952383,1.9893452380952383
200,train,CN1CCCN(CC1)C(c2ccccc2)c3ccc(Cl)cc3,2.36,2.1793452380952383,-0.1806547619047616
3797,train,COc1ccc(cc1)c2nc3c(NCC4CCNCC4)c(Br)cnc3[nH]2,1.36,2.1793452380952383,0.8193452380952382
4010,train,CC1=CN([C@H]2CCCN(C2)S(=O)(=O)c3ccc(C(=O)O)c(Oc4ccc(Cl)c(Cl)c4)c3)C(=O)NC1=O,-0.87,2.1793452380952383,3.0493452380952384
486,train,OCCN1CC=CC[C@@H](C1)c2ccc(Cl)c(Cl)c2,2.37,2.1793452380952383,-0.19065476190476183
1744,train,CC(C)CNc1nc(nc(NC2CCS(=O)(=O)C2)c1N)C#N,2.3,2.1793452380952383,-0.12065476190476154
3998,train,CC(C)NC(=O)c1ccc2c(Nc3ccc(Cl)cc3)nc(nc2c1)N4CCOCC4,2.78,2.1793452380952383,-0.6006547619047615
2994,train,COc1cc(cc(OC)c1O)[C@H]2[C@@H]3C(COC3=O)C(O[C@@H]4O[C@@H]5CO[C@@H](C)O[C@H]5[C@H](O)[C@H]4O)c6cc7OCOc7cc26,0.91,2.1793452380952383,1.2693452380952381
3552,train,CC(CC(=O)NCc1ccccc1)C2CCCO2,2.1,2.1793452380952383,0.07934523809523819
2839,train,C[C@H](CNCCc1ccncc1)c2c([nH]c3ccc(cc23)C(C)(C)C(=O)N4C5CCC4CC5)c6cc(C)cc(C)c6,4.35,2.1793452380952383,-2.1706547619047614
2790,train,OC(=O)\C=C\c1cccc(c1)c2cnc3[nH]ccc3c2,0.58,2.1793452380952383,1.5993452380952382
1107,train,CCN(CC)C(C)C(=O)c1ccccc1,1.18,2.1793452380952383,0.9993452380952383
2894,train,CN(C)c1ccnc2sc(C(=O)N)c(N)c12,1.7,2.1793452380952383,0.4793452380952383
277,train,CC1CC(=O)Nc2ccccc2N1,0.56,2.1793452380952383,1.6193452380952382
3183,train,CCN(CC)C(=O)c1ccc(cc1)C2=CC3(CCNCC3)Oc4cccc(O)c24,0.54,2.1793452380952383,1.6393452380952382
269,train,O=C1COC2(CCN(CC2)S(=O)(=O)c3ccc(cc3)c4ccc5cnccc5c4)CN1C6CC6,3.32,2.1793452380952383,-1.1406547619047616
3606,train,Cc1ccc(NC(=O)c2ccnc(c2)N3CCOCC3)cc1Nc4ccnc(Cl)n4,3.1,2.1793452380952383,-0.9206547619047618
2356,train,CC1=CC(=O)Nc2ccccc12,1.9,2.1793452380952383,0.27934523809523837
1275,train,NS(=O)(=O)c1cc2c(NC(NS2(=O)=O)C(Cl)Cl)cc1Cl,0.37,2.1793452380952383,1.8093452380952382
3619,train,OC(=O)c1ccc(NC(=O)c2cc(OCc3ccccc3)cc(OCc4ccccc4)c2)nc1,2.7,2.1793452380952383,-0.5206547619047619
3027,train,NC1CCc2cc(OC(=O)c3ccccc3)c(OC(=O)c4ccccc4)cc2C1,2.6,2.1793452380952383,-0.4206547619047618
3505,train,CC(NC(=O)C1(N)CCN(CC1)c2ncnc3[nH]ccc23)c4ccc(cc4)S(=O)(=O)C,1.0,2.1793452380952383,1.1793452380952383
2748,train,CCC(CC)NC(=O)c1cn(nc1NS(=O)(=O)c2ccc(C)cc2)c3ccccc3,2.51,2.1793452380952383,-0.3306547619047615
3528,train,NC(=N)Nc1ccc(cc1)C(=O)Oc2ccc(Cl)cc2,0.7,2.1793452380952383,1.4793452380952383
253,train,Cc1ccc2c(c1)c(c(C)n2CC(=O)O)c3ccnc4cc(Cl)ccc34,1.59,2.1793452380952383,0.5893452380952382
2959,train,CN[C@@H](C)C(=O)N[C@H](C(=O)N[C@H]1CCCN(CCc2ccc(C)cc2)C1)C(C)(C)C,2.05,2.1793452380952383,0.12934523809523846
1063,train,Oc1c2C(=O)N(NC(=O)c2nc3cc(Cl)ccc13)C(C4CCCC4)c5ccccn5,1.9,2.1793452380952383,0.27934523809523837
1409,train,CC(=O)NC[C@H]1CN(C(=O)O1)c2ccc(c(F)c2)n3cc(nn3)C#N,0.8,2.1793452380952383,1.3793452380952382
3670,train,O[C@@H](CNCCc1cccc(CNCCc2ccccc2Cl)c1)c3ccc(O)c4NC(=O)Sc34,1.63,2.1793452380952383,0.5493452380952384
745,train,COc1ccc(CNC(=O)c2sc3nc(C)cc(C)c3c2N)cc1,3.85,2.1793452380952383,-1.6706547619047618
182,train,C[C@@H]1CN([C@@H](C)CN1C(=O)c2ccc(cc2)C#N)C(=O)[C@@](C)(O)C(F)(F)F,1.5,2.1793452380952383,0.6793452380952383
2381,train,CC(C)(CO)Nc1nc(SCc2cccc(F)c2F)nc3nc(N)sc13,3.37,2.1793452380952383,-1.1906547619047618
1246,train,CS(=O)(=O)n1c2ccccc2c3cc(NC(=O)CCc4ccncc4)ccc13,3.4,2.1793452380952383,-1.2206547619047616
3408,train,COc1cc(CCc2cc(Nc3ccnc(NCc4onc(C)c4)n3)n[nH]2)cc(OC)c1,3.1,2.1793452380952383,-0.9206547619047618
2454,train,COc1cc2CC(CC3CCN(Cc4ccccc4)CC3)C(=O)c2cc1OC,2.41,2.1793452380952383,-0.23065476190476186
935,train,COc1cc2ncc(C(=O)N)c(Nc3ccc(F)cc3F)c2cc1NCCN4CCCCC4,2.52,2.1793452380952383,-0.34065476190476174
208,train,Clc1ccc(CNC(=N)SCCCc2c[nH]cn2)cc1,1.13,2.1793452380952383,1.0493452380952384
2938,train,CC(C)n1c(C)ncc1c2nc(Nc3ccc(C(=O)N(C)C)c(C)c3)ncc2F,2.86,2.1793452380952383,-0.6806547619047616
2953,train,COCCNc1nc(NCc2ccccc2F)c3sccc3n1,3.4,2.1793452380952383,-1.2206547619047616
1487,train,Clc1cnc(OC2CCNCC2)cc1C(=O)NCC34CC5CC(CC(C5)C3)C4,1.56,2.1793452380952383,0.6193452380952382
2590,train,OC(=O)[C@H](Cc1ccc(OCCCNc2ccccn2)cc1)NC(=O)c3c(Cl)cccc3Cl,-0.22,2.1793452380952383,2.3993452380952385
3974,train,NC(=O)Nc1sc(cc1C(=O)N)c2ccc(CN3CCCCC3)cc2,1.75,2.1793452380952383,0.4293452380952383
859,train,C[C@]12CCC(=O)C=C1CC[C@H]3[C@@H]4CC[C@](O)(C(=O)CO)[C@@]4(C)CC(=O)[C@H]23,1.4,2.1793452380952383,0.7793452380952384
653,train,CN(C)c1ccc(cc1)S(=O)(=O)NC(=O)N2CCC(CC2)N3CCC(CC3)Oc4ccc(Cl)c(Cl)c4,1.7,2.1793452380952383,0.4793452380952383
1451,train,CC[C@H]1CN(Cc2cc(Cl)ccc2OCC(=O)O)CCN1S(=O)(=O)c3ccccc3,0.44,2.1793452380952383,1.7393452380952383
2481,train,CC1=C(OCc2ccc(F)cc2)C(=O)C=CO1,1.91,2.1793452380952383,0.26934523809523836
683,train,Cc1ccc(cc1)n2c(C)cc(C(=O)NS(=O)(=O)c3ccc(C)cc3)c2C,2.5,2.1793452380952383,-0.3206547619047617
2062,train,COc1cc(ccc1Nc2ncc(Cl)c(n2)c3cnc4c(C)cccn34)N5CCN(CC5)C(=O)C,3.2,2.1793452380952383,-1.020654761904762
3637,train,CN1C(=O)N(Cc2ccc(cc2)C(=O)O)C(=O)c3cc(ccc13)C#CCc4ccccc4,2.5,2.1793452380952383,-0.3206547619047617
1467,train,CC1=NC(=C(NC1=O)c2ccc(CN3CCC(CC3)N4C(=O)Nc5ccccc45)cc2)c6ccccc6,3.9,2.1793452380952383,-1.7206547619047616
2735,train,OC(=O)COc1cccc(c1)N2CCC(CN3CCC(CC3)Oc4ccc(Cl)c(Cl)c4)CC2,1.99,2.1793452380952383,0.1893452380952383
3071,train,Cc1cc(Oc2ccnc(Nc3ccc(cc3)S(=O)(=O)N)c2)c(nc1C)c4ccccn4,2.34,2.1793452380952383,-0.16065476190476158
1127,train,Cc1ccc2nc(CCNCCCO)ccc2c1NC(=O)CC34CC5CC(CC(C5)C3)C4,1.18,2.1793452380952383,0.9993452380952383
1815,train,COc1cc2c(Nc3cccc(Cl)c3Cl)c(cnc2cc1NCCN(C)C)C(=O)N,3.41,2.1793452380952383,-1.2306547619047619
3749,train,C[C@H](CO)Nc1nc(SCc2cccc(F)c2F)nc3ncc(C)nc13,3.5,2.1793452380952383,-1.3206547619047617
1191,train,Nc1nc(SCc2ccccc2)nc3c1ncn3[C@@H]4O[C@H](CO)[C@@H](O)[C@H]4O,1.24,2.1793452380952383,0.9393452380952383
549,train,CCC(N(CCCN)C(=O)c1ccc(OC)cc1)C2=Nc3ccsc3C(=O)N2Cc4ccccc4,1.39,2.1793452380952383,0.7893452380952384
3830,train,Cc1ccc(cc1NC(=O)c2ccc(OCc3ccccn3)cc2)c4cc(n[nH]4)C(F)(F)F,2.44,2.1793452380952383,-0.26065476190476167
4044,train,Nc1cccc2c3ccccc3C(=O)C(=O)c12,2.95,2.1793452380952383,-0.7706547619047619
3934,train,CCN(C1CCN(CC[C@H](C2CCN(CC2)S(=O)(=O)C)c3ccccc3)CC1)C(=O)Cc4ccc(cc4)S(=O)(=O)C,1.05,2.1793452380952383,1.1293452380952382
2530,train,CCCc1c(cnn1c2ccccc2)C(=O)Nc3cc(C)on3,3.7,2.1793452380952383,-1.520654761904762
45,train,COc1ccc(cn1)C2=Cc3c(C)nc(N)nc3N([C@@H]4CC[C@H](CC4)OCCO)C2=O,2.2,2.1793452380952383,-0.020654761904761898
1342,train,Fc1ccc(CC2=NNC(=O)c3ccccc23)cc1N4C(=O)CCC4=O,1.0,2.1793452380952383,1.1793452380952383
3321,train,CC(C(=O)O)c1ccc2oc(nc2c1)c3ccc(Cl)cc3,1.3,2.1793452380952383,0.8793452380952382
1039,train,CCC(=O)NCC[C@@H]1CCc2ccc3OCCc3c12,2.57,2.1793452380952383,-0.39065476190476156
2096,train,C[C@@H]1CN(CCN1c2ncc(OCc3ccncc3C#N)cn2)c4onc(n4)C(F)(F)F,3.1,2.1793452380952383,-0.9206547619047618
945,train,O=C(NC1(CC1)C#N)[C@@H]2CCCC[C@H]2C(=O)N3CCN(CC3)c4nc5ncccc5s4,1.4,2.1793452380952383,0.7793452380952384
2925,train,Cc1c(Sc2ccc(Cl)cc2)c3ccc(Cl)cc3n1CC(=O)O,2.51,2.1793452380952383,-0.3306547619047615
1464,train,C(=C\c1c(nc2sccn12)c3ccccc3)/c4ccncn4,3.4,2.1793452380952383,-1.2206547619047616
466,train,Nc1nc2ccc(F)cc2s1,2.2,2.1793452380952383,-0.020654761904761898
1227,train,O=C(CC12CC3CC(CC(C3)C1)C2)Nc4ccc5[nH]ncc5c4,4.03,2.1793452380952383,-1.850654761904762
3579,train,CCOC(=O)c1cc(O)c(nn1)c2ccccc2,0.69,2.1793452380952383,1.4893452380952383
2832,train,CS(=O)(=O)N1CC[C@@H](C1)N(Cc2ccccc2Cl)c3ccc(C#N)c(Cl)c3,4.0,2.1793452380952383,-1.8206547619047617
3598,train,O=C1Nc2cc(ccc2C1c3ncnc4cc(OCCCN5CCOCC5)ccc34)C#N,2.99,2.1793452380952383,-0.8106547619047619
2671,train,CCN1N(C2CCCC2)c3nc(Nc4ccc(cc4OC)C(=O)NC5CCN(C)CC5)ncc3N(C)C1=O,2.75,2.1793452380952383,-0.5706547619047617
1782,train,Clc1ccc2C(=O)C3=C(Nc2c1)C(=O)NN(Cc4cocc4)C3=O,0.6,2.1793452380952383,1.5793452380952382
4138,train,[O-][N+](=O)c1cccc2C(=O)C(=O)c3ccccc3c12,2.6,2.1793452380952383,-0.4206547619047618
2486,train,Clc1ccc2C(=O)NC(=Nc2c1)c3ccccc3,3.31,2.1793452380952383,-1.1306547619047618
2635,train,Cn1cncc1c2c3C(=O)N(CC=C)C(=O)N(CC4CC4)c3nn2Cc5ccnc6ccc(Cl)cc56,3.62,2.1793452380952383,-1.4406547619047618
1902,train,NS(=O)(=O)c1cc(C(=O)O)c(NCc2occc2)cc1Cl,-0.9,2.1793452380952383,3.079345238095238
2438,train,Cc1cccc2c(CCNCc3cccc(CCNC[C@H](O)c4ccc(O)c5NC(=O)Sc45)c3)c[nH]c12,1.13,2.1793452380952383,1.0493452380952384
3912,train,C(C1NCCc2ccccc12)c3ccccc3,1.89,2.1793452380952383,0.2893452380952384
901,train,CC1(O)CN(C1)S(=O)(=O)c2ccc3C(=CNC(=O)c3c2)C(=O)NC[C@@H](O)CN4CCC(CC4)Oc5ccc(Cl)c(Cl)c5,2.54,2.1793452380952383,-0.36065476190476176
2562,train,COc1cccc(CNc2nc(NC(C)C)nc3ccsc23)c1OC,3.7,2.1793452380952383,-1.520654761904762
1881,train,C[C@@H](Oc1cccc2ncnc(Nc3ccc(OCc4ccccn4)c(Cl)c3)c12)C(=O)N(C)CCO,3.56,2.1793452380952383,-1.3806547619047618
1397,train,CC[C@H](C)[C@H](N)C1=N[C@@H](CS1)C(=O)N[C@@H](CC(C)C)C(=O)N[C@H](CCC(=O)O)C(=O)N[C@@H]([C@@H](C)CC)C(=O)N[C@H]2CCCCNC(=O)[C@H](CC(=O)N)NC(=O)[C@@H](CC(=O)O)NC(=O)[C@H](Cc3cnc[nH]3)NC(=O)[C@@H](Cc4ccccc4)NC(=O)[C@@H](NC(=O)[C@@H](CCCN)NC2=O)[C@@H](C)CC,-0.46,2.1793452380952383,2.6393452380952382
3483,train,CC1=CC(=O)Nc2sc(C(=O)c3ccc(Br)cc3)c(N)c12,2.57,2.1793452380952383,-0.39065476190476156
719,train,C[C@@H]1CN(CCN1c2ncc(OCc3ccncc3C#N)cn2)c4ncc(F)cn4,3.4,2.1793452380952383,-1.2206547619047616
1247,train,C[C@@H]1CN(CCN1c2ncc(OCc3ccncc3C#N)cn2)C(=O)OCC(F)(F)F,3.0,2.1793452380952383,-0.8206547619047617
3185,train,CC(=O)Nc1ccccc1C,1.0,2.1793452380952383,1.1793452380952383
734,train,Oc1ccc(CCNCCS(=O)(=O)CCCOCCSc2ccccc2)c3sc(O)nc13,2.68,2.1793452380952383,-0.5006547619047619
2424,train,Cc1nnc2CN=C(c3ccccc3)c4cc(Cl)ccc4n12,1.98,2.1793452380952383,0.1993452380952383
621,train,C[C@H]1CN(CCN1c2ncc(OCc3ccc(cc3)S(=O)(=O)C)cn2)C(=O)OC(C)(C)C,3.5,2.1793452380952383,-1.3206547619047617
2297,train,Cc1cc(CN2Cc3ccccc3C2C(=O)Nc4ccc(Cl)cc4Cl)ccc1OCC(=O)O,2.62,2.1793452380952383,-0.4406547619047618
107,train,Oc1ccccc1OC(=O)c2cccc3ccccc23,4.4,2.1793452380952383,-2.220654761904762
1133,train,C[C@@H]1CCCN1CCc2oc3ccc(cc3c2)c4ccc(cc4)C#N,3.51,2.1793452380952383,-1.3306547619047615
3938,train,CCC(N(CCCN)C(=O)c1ccc(C)cc1)C2=Nc3ccn(C)c3C(=O)N2Cc4ccccc4,1.8,2.1793452380952383,0.37934523809523824
1232,train,CC(C)Oc1cc(Nc2nc3c(cc2F)ncn3[C@@H](CO)c4ccc(F)cn4)n[nH]1,2.97,2.1793452380952383,-0.7906547619047619
1332,train,Oc1cc(OCc2ccccc2)ccn1,1.69,2.1793452380952383,0.48934523809523833
2339,train,CC(C)n1c(C)ncc1c2ccnc(Nc3ccc(cc3)C#N)n2,3.62,2.1793452380952383,-1.4406547619047618
4100,train,COc1ccc(Nc2cc(Nc3ccc(OCC(O)CN(C)C)cc3)ncn2)cc1,1.5,2.1793452380952383,0.6793452380952383
3270,train,CSc1ccc2Sc3ccccc3N(CCC4CCCCN4C)c2c1,3.76,2.1793452380952383,-1.5806547619047615
2146,train,CC(C)Oc1cc(Nc2nc(N[C@@H](C)c3ccc(F)cn3)nc(OC(CO)CO)c2Cl)n[nH]1,2.77,2.1793452380952383,-0.5906547619047617
102,train,CNC(=C[N+](=O)[O-])NCCSCc1oc(CN(C)C)cc1,-0.95,2.1793452380952383,3.1293452380952385
786,train,C[C@H](Nc1ncc(C)c(Nc2cc(C)[nH]n2)n1)c3ncc(F)cn3,1.75,2.1793452380952383,0.4293452380952383
3865,train,C[C@@H]1CN[C@@H](C2CC2)C(=O)N(C)[C@H](C)C(=O)N[C@H](Cc3ccc(F)cc3)C(=O)NCCCc4ccccc4O1,3.3,2.1793452380952383,-1.1206547619047615
1426,train,CCCC(=O)Nc1ccc(Cl)c(c1)c2oc3cccnc3n2,3.37,2.1793452380952383,-1.1906547619047618
2261,train,O=C1N(C(=Nc2c1cnn2c3ccccc3)c4occc4)c5ccccc5,3.29,2.1793452380952383,-1.1106547619047618
406,train,C[C@@H](O)[C@H](NC(=O)c1ccc(cc1)C#Cc2ccc(CN3CCOCC3)cc2)C(=O)NO,2.03,2.1793452380952383,0.14934523809523848
4154,train,CC1(CC(=O)NC(=N1)N)c2ccccc2,0.62,2.1793452380952383,1.5593452380952382
1031,train,Oc1ccc(CCNCCCCCCNC(=O)Nc2ccccc2)c3sc(O)nc13,1.26,2.1793452380952383,0.9193452380952383
55,train,N(c1ccccc1)c2cc(Nc3ccccc3)[nH]n2,3.8,2.1793452380952383,-1.6206547619047615
3949,train,O=C(Nc1cc(ccn1)c2ccnc(Nc3ccccc3)c2)C4CCOCC4,3.7,2.1793452380952383,-1.520654761904762
1717,train,C[C@H](NC(=O)c1c(C)nn(CC(F)(F)F)c1NS(=O)(=O)c2ccc(C)cc2)C(C)(C)C,0.93,2.1793452380952383,1.2493452380952381
3410,train,COc1ccc(COc2ccc(Cc3cnc(N)nc3N)cc2OC)cc1,2.27,2.1793452380952383,-0.09065476190476174
1688,train,CC(C)NC(=O)c1c(C)nn(c1NS(=O)(=O)c2ccc(C)cc2)c3ccccc3,0.46,2.1793452380952383,1.7193452380952383
2051,train,CS(=O)(=O)c1ccc(cc1Cl)[C@@H](C[C@H]2CCC(=O)C2)C(=O)Nc3cnccn3,1.39,2.1793452380952383,0.7893452380952384
1033,train,COc1ccccc1S(=O)(=O)NC(=O)N2CCC(CC2)N3CCC(CC3)Oc4ccc(Cl)c(Cl)c4,0.89,2.1793452380952383,1.2893452380952382
1854,train,Nc1nc2ccc(cc2[nH]1)C(=O)c3ccccc3,2.29,2.1793452380952383,-0.11065476190476176
1382,train,CN(C1CCN(Cc2ccc(cc2)C(F)(F)F)CC1)C(=O)Cc3ccc(NC(=O)C)cc3,2.9,2.1793452380952383,-0.7206547619047616
1225,train,NC1(CCC1)c2ccc(cc2)C3=NN4C=CC(=O)N=C4C=C3c5ccccc5,0.2,2.1793452380952383,1.9793452380952383
2659,train,COc1ccc(cc1)C(CNC(=O)Nc2ccccc2)N3CCN(C)CC3,1.5,2.1793452380952383,0.6793452380952383
3271,train,C[C@H]1O[C@H]([C@H](O)[C@@H]1O)n2cnc3c(N)nc(OC4CCOC4)nc23,-0.06,2.1793452380952383,2.2393452380952383
1662,train,CC(=O)Nc1nc(ns1)c2ccccc2,2.8,2.1793452380952383,-0.6206547619047615
1055,train,COc1cc(ccc1Cn2ccc3ccc(NC(=O)OC4CCCC4)cc23)C(=O)NS(=O)(=O)c5ccccc5,2.2,2.1793452380952383,-0.020654761904761898
3919,train,COCC(C)n1nc(C)c(C(=O)N[C@@H](C)C(C)(C)C)c1NS(=O)(=O)c2ccc(C)cc2,0.61,2.1793452380952383,1.5693452380952384
1969,train,CN([C@@H]1CCN(Cc2ccc(cc2)C(F)(F)F)C[C@@H]1F)C(=O)Cc3ccc(cc3)S(=O)(=O)C,2.7,2.1793452380952383,-0.5206547619047619
2620,train,CCOC(=O)[C@H](CCc1ccccc1)N[C@@H](C)C(=O)N2[C@H]3CCC[C@H]3C[C@H]2C(=O)O,-0.41,2.1793452380952383,2.5893452380952384
2691,train,Oc1ccc(cc1)C2=CC(=O)c3ccccc3N2,2.34,2.1793452380952383,-0.16065476190476158
4077,train,COc1cc(ccc1Nc2ncc(Cl)c(n2)c3cnc4ccccn34)N5CCN(CC5)C(=O)C,3.65,2.1793452380952383,-1.4706547619047616
1369,train,O=C(NCc1ccccn1)c2ccc(Oc3ccccc3)cc2,2.7,2.1793452380952383,-0.5206547619047619
3693,train,OC(=O)c1ccccc1N2CCC(CN3CCC(CC3)Oc4ccc(Cl)c(Cl)c4)CC2,2.83,2.1793452380952383,-0.6506547619047618
2430,train,COCCNS(=O)(=O)c1ccc(cc1)c2cnc(N)c(n2)C(=O)Nc3cccnc3,2.26,2.1793452380952383,-0.08065476190476151
1925,train,CC(C)(O)c1ccc(Nc2nc3ccc(cc3[nH]2)C#N)cc1,2.73,2.1793452380952383,-0.5506547619047617
596,train,COc1cc2c(Nc3cc(CC(=O)Nc4cccc(F)c4)[nH]n3)ncnc2cc1OCCCN5CCC(CO)CC5,2.11,2.1793452380952383,0.0693452380952384
240,train,O=C(COc1ccccc1)N2CCOCC2,0.75,2.1793452380952383,1.4293452380952383
469,train,Clc1cccc(Nc2ncnc3ccccc23)c1,3.9,2.1793452380952383,-1.7206547619047616
1379,train,C[C@H](CO)Nc1nc(SCc2ccccc2)nc3NC(=O)Nc13,2.75,2.1793452380952383,-0.5706547619047617
1901,train,Nc1nc(cs1)c2ccc(Cl)cc2,3.31,2.1793452380952383,-1.1306547619047618
2384,train,O=C(Nc1ccccn1)c2ccccc2,2.2,2.1793452380952383,-0.020654761904761898
2283,train,Cc1nc(C)c(nc1C(=O)N)c2ccc([C@@H]3CC[C@H](CC(=O)O)CC3)c(Cl)c2,1.7,2.1793452380952383,0.4793452380952383
1159,train,O[C@H](CNC(=O)C1=CNC(=O)c2c(F)cccc12)CN3CCC(CC3)Oc4ccc(Cl)c(Cl)c4,3.15,2.1793452380952383,-0.9706547619047616
3667,train,CCOc1noc2cc(OCCC3CCN(CC3)c4ccc(C)nn4)ccc12,4.23,2.1793452380952383,-2.050654761904762
499,train,CC1=CN([C@H]2CCCN(C2)S(=O)(=O)c3ccc(O)c(Oc4cc(F)cc(Cl)c4)c3)C(=O)NC1=O,2.35,2.1793452380952383,-0.1706547619047618
2858,train,Fc1cccc(COc2ccc(Nc3ncnc4ccc(cc34)c5cccc(c5)N6CCOCC6)cc2Cl)c1,3.2,2.1793452380952383,-1.020654761904762
1430,train,CCC1(CCCCN(C)C1)c2cccc(O)c2,0.8,2.1793452380952383,1.3793452380952382
862,train,C[C@@H](NC1=CC(=O)CC1)c2ccc(Nc3ncc4cc(ccc4n3)c5ccncc5)cc2,3.2,2.1793452380952383,-1.020654761904762
2806,train,CN[C@@H](C)C(=O)N[C@@H](C1CCCCC1)C(=O)N[C@H]2CCCN(CCc3ccccc3F)C2,2.51,2.1793452380952383,-0.3306547619047615
211,train,CN(C1CCN(C)CC1)c2nccc(Nc3cc(NC(=O)c4ccnc(c4)N5CCOCC5)ccc3C)n2,1.8,2.1793452380952383,0.37934523809523824
1354,train,CN(C)c1ccnc2sc3C(=O)N(C=Nc3c12)c4ccccc4,2.34,2.1793452380952383,-0.16065476190476158
473,train,CN1C(=N)N(CC(=O)c2ccc(Cl)cc2)c3ccccc13,1.63,2.1793452380952383,0.5493452380952384
3427,train,CCOc1cc2nnc(C(=O)N)c(Nc3ccc(F)cc3F)c2cc1N4CCN(C)CC4,2.63,2.1793452380952383,-0.4506547619047616
3968,train,CN(C1CCN(CCC(c2ccccc2)c3ccccc3)CC1)C(=O)Cc4ccc(cc4)C#N,3.7,2.1793452380952383,-1.520654761904762
1548,train,CN1CCN(CC1)C(=O)c2cc3ccccc3[nH]2,1.7,2.1793452380952383,0.4793452380952383
3610,train,CC(C)CC(N(C)C)C1(CCC1)c2ccc(Cl)cc2,3.6,2.1793452380952383,-1.4206547619047618
1405,train,CC(C)CN1C(=O)N(C)C(=O)c2c(SC3CCCC3)c(Cc4ccccc4C(F)(F)F)sc12,4.21,2.1793452380952383,-2.0306547619047617
2800,train,CCCC(C)(C)C[C@@H](N1CCC[C@@H](C1)N2C=C(C)C(=O)NC2=O)c3ccc(C(=O)O)c(Oc4cccc(Cl)c4)c3,1.99,2.1793452380952383,0.1893452380952383
3444,train,CC(=O)Nc1cccc(OCc2cnc(Cl)s2)c1,2.38,2.1793452380952383,-0.2006547619047616
691,train,C[C@H](CO)Nc1nc(SCc2cccc(F)c2F)nc3nc(NC4CC4)sc13,4.37,2.1793452380952383,-2.190654761904762
1071,train,OC(=O)c1ccccc1CN2CCC(CN3CCC(CC3)Oc4ccc(Cl)c(Cl)c4)CC2,2.48,2.1793452380952383,-0.3006547619047617
1844,train,CCN(C1CCN(CCC(N2CCC(CC2)C(=O)C)c3ccccc3)CC1)C(=O)Cc4ccc(cc4)S(=O)(=O)C,0.9,2.1793452380952383,1.2793452380952384
2470,train,Clc1ccc(CN2C(=O)C(=O)c3ccccc23)cc1,3.1,2.1793452380952383,-0.9206547619047618
918,train,CCOC(=O)CN(c1ccccc1C)S(=O)(=O)c2ccc(Cl)cc2,4.03,2.1793452380952383,-1.850654761904762
53,train,CCNC(=O)c1cc2c(c(cnc2[nH]1)c3cncc(c3)C(=O)O)n4ccc(n4)C(F)(F)F,-0.99,2.1793452380952383,3.1693452380952385
2656,train,Cc1cc(C)cc(CCOCCS(=O)(=O)NCCNCCc2ccc(O)c3nc(O)sc23)c1,2.45,2.1793452380952383,-0.2706547619047619
3766,train,Cn1cc(cn1)c2cccc(C[C@H](NC(=O)c3cc(nn3C)C(C)(C)C)C(=O)NCC#N)c2,2.6,2.1793452380952383,-0.4206547619047618
187,train,CC(CN1CCCCC1)C(=O)c2ccc(C)cc2,1.65,2.1793452380952383,0.5293452380952384
2500,train,O=C1C(=O)c2cc(ccc2c3ccccc13)c4ccsc4,3.1,2.1793452380952383,-0.9206547619047618
1287,train,CC1=CN([C@H]2CCCN(C2)S(=O)(=O)c3ccc(O)c(Oc4cccc(Br)c4)c3)C(=O)NC1=O,2.3,2.1793452380952383,-0.12065476190476154
2566,train,OC[C@@H](O)CN1C(=O)[C@H](Cc2ccccc12)NC(=O)c3cc4cc(Cl)sc4[nH]3,3.27,2.1793452380952383,-1.0906547619047617
1168,train,CNCCC(Oc1ccc(cc1)C(F)(F)F)c2ccccc2,1.92,2.1793452380952383,0.25934523809523835
3442,train,Cc1ccc(NC(=O)c2cccc(c2)N3CCOCC3)cc1NC(=O)c4ccc(OCc5ccncc5)cc4,3.2,2.1793452380952383,-1.020654761904762
3452,train,Cn1cnc2cc(OC(=O)c3ccccc3)cnc12,2.4,2.1793452380952383,-0.22065476190476163
1909,train,COc1cc2ncc(C(=O)N)c(Nc3ccc(F)cc3F)c2cc1NCCN4CCOCC4,2.68,2.1793452380952383,-0.5006547619047619
1394,train,COc1ccc2CCC(=O)N(CCN3CCC(CC3)NCc4ccc5OCC(=O)Nc5n4)c2c1,0.66,2.1793452380952383,1.5193452380952381
131,train,O=C1C=COc2cc(OCc3ccccc3)ccc12,3.33,2.1793452380952383,-1.1506547619047618
3127,train,COc1ccc(OC)c(c1)C(O)CNC(=O)CN,-0.71,2.1793452380952383,2.8893452380952382
767,train,COc1cccc(Nc2nc(NCC3CCCO3)c4ccccc4n2)c1,3.9,2.1793452380952383,-1.7206547619047616
2406,train,CCN(CCNCCc1ccc(O)c2NC(=O)Sc12)C(=O)CCOCCc3ccccc3,1.92,2.1793452380952383,0.25934523809523835
3402,train,COc1ccc(\C=C\2/SC(=S)NC2=O)cc1OC,1.42,2.1793452380952383,0.7593452380952384
932,train,CCN(C1CCN(CCC(c2ccccc2)c3ccc(NC(=O)C)cc3)CC1)C(=O)Cc4ccc(cc4)S(=O)(=O)C,2.09,2.1793452380952383,0.08934523809523842
3020,train,COc1cc(C)c(c(C)c1)S(=O)(=O)N(C)CCOCC(=O)N2CCC(CC2)C3CCN(C)CC3,0.3,2.1793452380952383,1.8793452380952382
274,train,CS(=O)(=O)c1ccc(c(Cl)c1)c2cc(Cl)ccc2OCC(=O)O,-0.75,2.1793452380952383,2.9293452380952383
909,train,COC(=O)NC1=CN=C(N(CC(=O)NC(C(C)C)C(=O)C(F)(F)F)C1=O)c2ccc(F)cc2,1.82,2.1793452380952383,0.3593452380952382
3328,train,CCN1CCN(Cc2cnc(c3ccc(cc3)C(=O)Nc4ccccc4N)c(c2)C#N)CC1,1.14,2.1793452380952383,1.0393452380952384
1262,train,CCCCN1Cc2c(O)n3nc(cc3nc2C1=O)c4occc4,0.8,2.1793452380952383,1.3793452380952382
422,train,CC(C)NCC(O)COc1ccccc1OCC=C,0.2,2.1793452380952383,1.9793452380952383
2855,train,CCOC(=O)c1ccc(OCCC2CCN(CC2)c3ccc(C)nn3)cc1,4.42,2.1793452380952383,-2.2406547619047616
2230,train,O=C(Cc1ccccc1)Nc2nccs2,2.5,2.1793452380952383,-0.3206547619047617
3817,train,FC(F)(F)c1cccc(c1)S(=O)(=O)NC(=O)N2CCC(CC2)N3CCC(CC3)Oc4ccc(Cl)c(Cl)c4,2.94,2.1793452380952383,-0.7606547619047617
3750,train,COc1ccc2c(Oc3ccc(CC(=O)Nc4n[nH]c(C)c4C)c(OC)c3)ccnc2c1,3.78,2.1793452380952383,-1.6006547619047615
4053,train,CN1CCN(CCCN2c3ccccc3Sc4ccc(cc24)C(F)(F)F)CC1,4.31,2.1793452380952383,-2.1306547619047613
2126,train,Clc1ccc2C(=C3CCNCC3)c4ncccc4CCc2c1,1.48,2.1793452380952383,0.6993452380952383
3280,train,CC(C)N1CCN[C@@H](CN2CCN(CC2)C(=O)Nc3ccc(Cl)c(Cl)c3)C1,1.92,2.1793452380952383,0.25934523809523835
555,train,COc1cc2c(Nc3ncc(CC(=O)Nc4cccc(F)c4)s3)ncnc2cc1OCCCN5CCC(CO)CC5,2.89,2.1793452380952383,-0.7106547619047618
3044,train,CCN1C(=O)C=Cc2cnc(Nc3ccc(OC)c(OC)c3)nc12,2.7,2.1793452380952383,-0.5206547619047619
2882,train,COCCOc1ccc(cc1)C(=O)Nc2cc(NC(=O)c3cccc(c3)N(C)C)ccc2C,2.74,2.1793452380952383,-0.5606547619047619
1719,train,CC[C@@]1(O)C(=O)OCC2=C1C=C3N(Cc4cc5c(CN(C)C)c(O)ccc5nc34)C2=O,0.31,2.1793452380952383,1.8693452380952382
2909,train,CN(C)CCN(Cc1ccccc1)c2ccccn2,1.28,2.1793452380952383,0.8993452380952383
1407,train,CC1SC2=C(C(=O)O)C(=O)c3cc(F)c(cc3N12)N4CCN(CC5=C(C)OC(=O)O5)CC4,0.47,2.1793452380952383,1.7093452380952383
3541,train,CNc1nc2nc(SCc3cccc(F)c3F)nc(N[C@H](C)CO)c2s1,3.7,2.1793452380952383,-1.520654761904762
921,train,N#Cc1ccc(Nc2nccc(NC3CC3)n2)cc1,3.01,2.1793452380952383,-0.8306547619047615
2214,train,COc1ccc(cc1)c2csc(n2)N(CCCN3CCOCC3)C(=O)c4occc4,3.34,2.1793452380952383,-1.1606547619047616
2190,train,C[C@H]1C[C@H](CN1C#N)NS(=O)(=O)c2cc(Br)ccc2Br,2.13,2.1793452380952383,0.049345238095238386
1670,train,Cc1nc(CS(=O)(=O)c2ccc(Cl)cc2)cc(n1)N3CCOCC3,1.8,2.1793452380952383,0.37934523809523824
2891,train,Cc1oc(nc1CCOc2ccc(C[C@H](Nc3ccccc3C(=O)c4ccccc4)C(=O)O)cc2)c5ccccc5,3.5,2.1793452380952383,-1.3206547619047617
735,train,C[C@@H](O)[C@@H](CO)Nc1nc(SCc2cccc(F)c2F)nc3nc(N)sc13,2.83,2.1793452380952383,-0.6506547619047618
3045,train,CN(CCOc1ccc(NS(=O)(=O)C)cc1)CCc2ccc(NS(=O)(=O)C)cc2,0.6,2.1793452380952383,1.5793452380952382
2786,train,OC1(CCN(CC1)c2ccc3nnc(n3n2)C(F)(F)F)c4ccc(F)cc4,3.5,2.1793452380952383,-1.3206547619047617
891,train,CNC(=O)c1cnn(c1NS(=O)(=O)c2ccc(C)cc2)c3ccccc3,-0.54,2.1793452380952383,2.7193452380952383
3450,train,CCN(CC)CCCC(C)Nc1c2ccc(Cl)cc2nc3ccc(OC)cc13,2.17,2.1793452380952383,0.00934523809523835
3925,train,CC1=CN([C@H]2CCCN(C2)S(=O)(=O)c3ccc(O)c(Oc4ccc(Cl)c(C)c4)c3)C(=O)NC1=O,2.4,2.1793452380952383,-0.22065476190476163
936,train,COc1ccc(Sc2c(C)n(CC(=O)O)c3ccc(C)cc23)cc1,1.01,2.1793452380952383,1.1693452380952383
368,train,C[C@H](CN(C)C(=O)CO)Oc1cccc2ncnc(Nc3ccc(OCc4ccccn4)c(Cl)c3)c12,3.22,2.1793452380952383,-1.040654761904762
2996,train,CCN1C=C(C(=O)O)C(=O)c2cc(F)c(cc12)N3CCNCC3,-0.87,2.1793452380952383,3.0493452380952384
15,train,Nc1ccc(cc1)c2nc3ccc(O)cc3s2,3.2,2.1793452380952383,-1.020654761904762
3855,train,[O-][N+](=O)c1ccc2c(c1)C(=O)C(=O)c3ccccc23,2.42,2.1793452380952383,-0.24065476190476165
504,train,CN1[C@@H]2CC[C@H]1C[C@H](C2)OC(c3ccccc3)c4ccccc4,1.49,2.1793452380952383,0.6893452380952383
47,train,CC(C)c1ccc2Oc3nc(N)c(cc3C(=O)c2c1)C(=O)O,1.1,2.1793452380952383,1.0793452380952382
724,train,O[C@@H](CNCCSCCCOCCc1ccccc1)c2ccc(O)c3NC(=O)Sc23,2.54,2.1793452380952383,-0.36065476190476176
3807,train,COc1cccc(c1)C(=O)Nc2ccc(C)c(c2)N3C=Nc4ccc(cc4C3=O)N5CCN(C)CC5,3.08,2.1793452380952383,-0.9006547619047618
929,train,CNC(=O)c1cc(C(=O)c2ccc(Cl)cc2)c(Br)[nH]1,3.1,2.1793452380952383,-0.9206547619047618
1273,train,CCC(C)(CC)C[C@@H](N1CCC[C@@H](C1)N2C=C(C)C(=O)NC2=O)c3ccc(C(=O)O)c(Oc4cccc(Br)c4)c3,1.97,2.1793452380952383,0.2093452380952383
1080,train,Nc1cc(c(cn1)c2cc(nc(n2)N3CCOCC3)N4CCOCC4)C(F)(F)F,2.7,2.1793452380952383,-0.5206547619047619
382,train,c1ccc(cc1)c2nnc(s2)c3ccccc3,4.2,2.1793452380952383,-2.020654761904762
4148,train,C[C@H](NC(=O)c1c(C)nn(C2CCCCC2)c1NS(=O)(=O)c3ccc(C)cc3)C(C)(C)C,1.97,2.1793452380952383,0.2093452380952383
76,train,Cc1cc(CCC2CCN(CC2)S(=O)(=O)CC3(CCOCC3)N(O)C=O)c(C)cn1,1.43,2.1793452380952383,0.7493452380952383
3705,train,Cn1c(ccc1c2ccc3NC(=O)OC(C)(C)c3c2)C#N,2.85,2.1793452380952383,-0.6706547619047618
2130,train,CCN1CCOC(C1)C(=O)N2CCN(CC2)C(=O)Nc3ccc(Cl)c(Cl)c3,2.1,2.1793452380952383,0.07934523809523819
2521,train,Clc1ccc(cc1)C(=O)\C=C\Sc2nc[nH]n2,3.1,2.1793452380952383,-0.9206547619047618
714,train,COc1cc2nnc(C(=O)N)c(Nc3ccc(C)cc3F)c2cc1N4CCN(C)CC4,2.36,2.1793452380952383,-0.1806547619047616
3089,train,CCCCN(CCNCCc1ccc(O)c2NC(=O)Sc12)C(=O)CCOCCc3ccccc3,3.0,2.1793452380952383,-0.8206547619047617
1368,train,[O-][N+](=O)c1ccc(cc1)C2=Nc3ccccc3C(=O)N2,2.5,2.1793452380952383,-0.3206547619047617
3084,train,COC(=O)N1CCN([C@H](CN2CCCC2)C1)C(=O)Cc3ccc(Cl)c(Cl)c3,2.05,2.1793452380952383,0.12934523809523846
2901,train,CC(C)n1c(C)ncc1c2ccnc(Nc3ccc(cc3)C(=O)N4CCN(C)CC4)n2,2.1,2.1793452380952383,0.07934523809523819
117,train,CC(C(Cc1nc2ccccc2[nH]1)c3nc4ccccc4[nH]3)c5ccccc5,4.48,2.1793452380952383,-2.300654761904762
2695,train,Cc1ccc2NC(=O)OC3(CCN(CCc4nc(oc4C)c5ccccc5)CC3)c2c1,4.2,2.1793452380952383,-2.020654761904762
997,train,CCN1CCN(CC1)C(=O)c2cc3cc(Cl)ccc3[nH]2,3.14,2.1793452380952383,-0.9606547619047618
2823,train,CCOC(=O)\C=C\[C@H](C[C@@H]1CCNC1=O)NC(=O)[C@H](CC#C)N2C=CC=C(NC(=O)c3cc(C)on3)C2=O,1.75,2.1793452380952383,0.4293452380952383
1381,train,CC(COc1ccccc1)NC(C)C(O)c2ccc(O)cc2,0.56,2.1793452380952383,1.6193452380952382
436,train,O=C(NC1(CC1)C#N)[C@@H]2CCCC[C@H]2C(=O)N3CCc4oc5ccccc5c4C3,3.01,2.1793452380952383,-0.8306547619047615
3835,train,CCOC(=O)Nc1ccc(NCc2ccc(F)cc2)nc1N,2.22,2.1793452380952383,-0.040654761904761916
2484,train,NC(=O)c1sc2nccc(Nc3ccccc3)c2c1N,2.91,2.1793452380952383,-0.7306547619047619
3660,train,N[C@@H](Cc1cccs1)C(=O)N[C@]2(C[C@H]2c3ccccc3)C#N,1.5,2.1793452380952383,0.6793452380952383
2160,train,OC(=O)c1ccc2c(c1)nc(Nc3cccc(c3)C#C)c4ncncc24,0.92,2.1793452380952383,1.2593452380952384
373,train,CCCc1c(O)c(ccc1OCc2ccc(C(=O)O)c(Br)c2)C(=O)C,2.3,2.1793452380952383,-0.12065476190476154
1794,train,CNC(=O)C1(CCN(CC[C@H](CN(C)C(=O)c2cc(cc3ccccc23)C#N)c4ccc(Cl)c(Cl)c4)CC1)N5CCCCC5=O,2.5,2.1793452380952383,-0.3206547619047617
2962,train,COc1cc2ncnc(Nc3ccc(F)c(Cl)c3)c2cc1OCCN4CCCC4,3.28,2.1793452380952383,-1.1006547619047615
3648,train,C[C@H](CO)Nc1nc(SCc2cccc(F)c2F)nc3nc(NS(=O)(=O)C)sc13,0.92,2.1793452380952383,1.2593452380952384
2107,train,CC(C)Oc1cc(OCCN2CCOCC2)cc3ncnc(Nc4c(Cl)ccc5OCOc45)c13,3.68,2.1793452380952383,-1.5006547619047619
4055,train,CC1=NC(C)(N=C1N)c2cccc(c2)c3cccnc3,1.7,2.1793452380952383,0.4793452380952383
3559,train,Fc1ccc(CC2=NNC(=O)c3ccccc23)cc1C(=O)N4CCCNCC4,0.1,2.1793452380952383,2.079345238095238
2157,train,CN(CCCOCCOCCc1ccccc1)CCc2ccc(O)c3nc(O)sc23,2.44,2.1793452380952383,-0.26065476190476167
4159,train,COc1ccc(cc1N2CC(=O)NS2(=O)=O)c3ccccc3,-1.01,2.1793452380952383,3.189345238095238
774,train,Cc1cc(C)c2c(N)c(sc2n1)C(=O)NC3CC3,2.53,2.1793452380952383,-0.3506547619047615
3178,train,COc1ccc(cc1)C2=COc3cc(O)ccc3C2=O,3.05,2.1793452380952383,-0.8706547619047615
1769,train,CC(C)CCCC(C)\N=C\1/C=CN(Cc2ccccc2)c3cc(Cl)ccc13,1.58,2.1793452380952383,0.5993452380952382
1737,train,CS(=O)(=O)c1cccc2c3CN(CCc3[nH]c12)C(=O)[C@@H]4CCCC[C@H]4C(=O)NC5(CC5)C#N,1.7,2.1793452380952383,0.4793452380952383
2667,train,Nc1ncnc(Nc2ccccc2)n1,1.4,2.1793452380952383,0.7793452380952384
1651,train,Cc1c(F)ccc2c1c(Sc3ccc(Cl)cc3)c(C)n2CC(=O)O,2.23,2.1793452380952383,-0.0506547619047617
1439,train,CN(C1CCN(CCC(c2ccccc2)c3ccccc3)CC1)C(=O)Cc4ccc(Cl)cc4,3.5,2.1793452380952383,-1.3206547619047617
1658,train,Nc1ccc2C(=O)C(=O)c3ccccc3c2c1,2.39,2.1793452380952383,-0.21065476190476184
3334,train,CC(NC(=O)C)c1ccc(Nc2ncc3cc(ccc3n2)c4ccncc4)cc1,3.1,2.1793452380952383,-0.9206547619047618
2542,train,COc1ccnc(CSc2nc3ccccc3[nH]2)c1,2.89,2.1793452380952383,-0.7106547619047618
3335,train,CCN(C1CCN(CC[C@@H](c2ccc(F)cc2)c3ccc(cc3)S(=O)(=O)C)CC1)C(=O)Cc4ccc(cc4)S(=O)(=O)C,1.88,2.1793452380952383,0.2993452380952384
2000,train,Fc1ccc(Nc2oc(nn2)C(=O)Nc3ccc(nc3)N4CCOCC4)cc1,3.0,2.1793452380952383,-0.8206547619047617
2031,train,CCCN(CCC)CCc1cccc2NC(=O)Cc12,0.76,2.1793452380952383,1.4193452380952383
201,train,Clc1ccccc1CCNC(=O)c2cc(ccc2Cl)N3N=CC(=O)NC3=O,1.29,2.1793452380952383,0.8893452380952382
2250,train,Cn1nnc(n1)c2ccc(cn2)c3ccc(cc3F)N4C[C@H](COc5ccon5)OC4=O,1.24,2.1793452380952383,0.9393452380952383
463,train,Fc1cc(F)cc(c1)c2cc(on2)N(CCCN3CCCCCC3)Cc4ccc5OCOc5c4,3.84,2.1793452380952383,-1.6606547619047616
171,train,CC(=O)Nc1nc(C)c(s1)c2cnc(F)c(NS(=O)(=O)c3sc(C)nc3C)c2,0.55,2.1793452380952383,1.6293452380952382
986,train,COC(=O)[C@H](Cc1ccc(cc1)[N+](=O)[O-])NC(=O)c2cccc3ccccc23,3.58,2.1793452380952383,-1.4006547619047618
3390,train,CN1CCN(CC1)c2ccc3N=CN(C(=O)c3c2)c4cc(ccc4C)C(=O)NC5CCC5,2.25,2.1793452380952383,-0.07065476190476172
510,train,FC(F)(F)COc1ccc(OCC(F)(F)F)c(c1)C(=O)NCC2CCCCN2,1.13,2.1793452380952383,1.0493452380952384
2191,train,CC(C)(C)NC(=O)Nc1ccc(cc1)c2c(N)nc(N)nc2COCc3ccccc3,3.09,2.1793452380952383,-0.9106547619047616
3207,train,CN[C@@H](C)C(=O)N[C@H](C(=O)N[C@H]1CCCN(C1)S(=O)(=O)Cc2ccccc2)C(C)(C)C,0.78,2.1793452380952383,1.3993452380952383
959,train,N(c1ccccc1)c2ccnc3ccccc23,2.78,2.1793452380952383,-0.6006547619047615
3761,train,O=C(N1CCCCC1)c2csc3CCCCc23,3.2,2.1793452380952383,-1.020654761904762
2472,train,CCCNC(=O)c1nnc2c(cccc2c1N)c3ncccn3,1.86,2.1793452380952383,0.3193452380952382
769,train,COc1ccc(cc1OC)C(C)NC(=O)C2(N)CCN(CC2)c3ncnc4[nH]ccc34,1.8,2.1793452380952383,0.37934523809523824
3338,train,C[C@]12CC[C@H]3[C@@H](CC(=C)C4=CC(=O)C=C[C@]34C)[C@@H]1CCC2=O,2.98,2.1793452380952383,-0.8006547619047617
317,train,CS(=O)(=O)NCC(NC(=O)C1(N)CCN(CC1)c2ncnc3[nH]ccc23)c4ccc(Cl)cc4,2.1,2.1793452380952383,0.07934523809523819
1243,train,COc1cc(ccc1C2CC2)N3CCN([C@H](C)C3)C(=O)[C@@H]4CCCC[C@H]4C(=O)NC5(CC5)C#N,3.49,2.1793452380952383,-1.310654761904762
1408,train,CN([C@H]1CCN(Cc2ccc(cc2)C(F)(F)F)C[C@H]1F)C(=O)Cc3ccc(cc3)n4cnnn4,3.3,2.1793452380952383,-1.1206547619047615
2638,train,CCC1(NC(=O)N(C)C1=O)c2ccccc2,1.59,2.1793452380952383,0.5893452380952382
66,train,CO[C@@H]1CC[C@@]2(CC1)Cc3ccc(OCC(C)C)cc3C24N=C(C)C(=N4)N,3.4,2.1793452380952383,-1.2206547619047616
1108,train,CCCN(CCC)C(=O)c1cccc(c1)C(=O)N[C@@H](Cc2ccccc2)[C@H](O)CNCc3cccc(OC)c3,2.7,2.1793452380952383,-0.5206547619047619
3683,train,NC1=CC2=NNC(=O)N2c3cc(ccc13)c4ccsc4,3.18,2.1793452380952383,-1.0006547619047619
3010,train,CC(C)n1c(C)ncc1c2ccnc(Nc3ccc(cc3)C(=O)NC4CC4)n2,3.06,2.1793452380952383,-0.8806547619047618
1469,train,O=C(Nc1ccccn1)c2ccc3[nH]c(nc3c2)c4ccc(NC(=O)C56CC7CC(CC(C7)C5)C6)cc4,4.24,2.1793452380952383,-2.060654761904762
1118,train,CNC(=O)c1cccc(O[C@H]2C[C@H]3CC[C@@H](C2)N3Cc4ccccc4)c1,1.93,2.1793452380952383,0.24934523809523834
2851,train,Cc1[nH]c(\C=C\2/C(=O)Nc3ccc(F)cc23)c(C)c1C(=O)NC[C@H](O)CN4CCOCC4,2.22,2.1793452380952383,-0.040654761904761916
270,train,COc1ccc(cc1)c2cc(Nc3ccn(C)n3)n4ncc(C#N)c4n2,2.97,2.1793452380952383,-0.7906547619047619
2278,train,Clc1ccc(cc1)c2cn3ccccc3n2,4.0,2.1793452380952383,-1.8206547619047617
1411,train,Clc1ccc2OCOc2c1Nc3ccnc(Nc4ccccc4)n3,3.9,2.1793452380952383,-1.7206547619047616
3498,train,CSc1nc2cc(Cl)ccc2[nH]1,3.22,2.1793452380952383,-1.040654761904762
2836,train,CS(=O)(=O)c1cccc(Nc2nccc(Nc3cccc4ocnc34)n2)c1,2.9,2.1793452380952383,-0.7206547619047616
489,train,COc1ccc2[nH]c3CCN(Cc3c2c1)C(=O)[C@@H]4CCCC[C@H]4C(=O)NC5(CC5)C#N,2.4,2.1793452380952383,-0.22065476190476163
2816,train,Clc1ccc(OC2CCN(CC2)C3CCN(CC3)C(=O)c4ccc(cc4)c5nn[nH]n5)cc1Cl,1.53,2.1793452380952383,0.6493452380952383
3768,train,C[C@H](Nc1ncc(F)c(Nc2cc([nH]n2)C3CC3)n1)c4ccc(F)cn4,3.14,2.1793452380952383,-0.9606547619047618
1885,train,CN1CCN(CC1)c2cc(Nc3cc(C)[nH]n3)nc(Sc4ccc(NC(=O)C5CC5)cc4)n2,3.47,2.1793452380952383,-1.290654761904762
647,train,COc1cc2c(Nc3ccc(F)cc3F)c(cnc2cc1N4CCN(C)CC4)C(=O)N,1.75,2.1793452380952383,0.4293452380952383
2556,train,Clc1ccc(OC2CCN(CC2)C3CCN(CC3)C(=O)NS(=O)(=O)Cc4ccccc4)cc1Cl,2.13,2.1793452380952383,0.049345238095238386
533,train,CC[C@H](NC(=O)c1c([S+](C)[O-])c(nc2cc(F)ccc12)c3ccccc3)c4ccccc4,3.62,2.1793452380952383,-1.4406547619047618
1582,train,O=S(=O)(NCC(N1CCCCCC1)c2ccccc2)c3cccnc3,2.1,2.1793452380952383,0.07934523809523819
137,train,COc1cc(OC2CCN(CC2)C(=O)C)ccc1Nc3ncc(Cl)c(n3)c4cnc5ccccn45,4.0,2.1793452380952383,-1.8206547619047617
739,train,C[C@@H](NC(=O)C)c1ccc(Nc2ncc3cc(c(C)cc3n2)c4ccncc4)cc1,3.45,2.1793452380952383,-1.270654761904762
747,train,Cc1c(Cl)ccc(OC2CCN(C[C@H](O)CNC(=O)C3=CNC(=O)c4cc(ccc34)S(=O)(=O)C)CC2)c1Cl,2.83,2.1793452380952383,-0.6506547619047618
2544,train,Oc1c2C(=O)N(NC(=O)c2nc3cc(Cl)ccc13)C(C4CC4)c5ccccn5,1.0,2.1793452380952383,1.1793452380952383
3118,train,FC(F)(F)c1nnc2ccc(NCn3nnc4ccccc34)nn12,2.34,2.1793452380952383,-0.16065476190476158
4171,train,COc1cc2c(Nc3cc(CC(=O)Nc4cccc(F)c4F)[nH]n3)ncnc2cc1OCCCN(CCO)CC(C)C,3.61,2.1793452380952383,-1.4306547619047616
2315,train,CC(C)(O)c1ccccc1CC[C@@H](SCC2(CC(=O)O)CC2)c3cccc(\C=C\c4ccc5ccc(Cl)cc5n4)c3,3.45,2.1793452380952383,-1.270654761904762
680,train,O=C(NC1(CC1)C#N)[C@@H]2CCCC[C@H]2C(=O)N3CCN(CC3)c4ccccc4,1.99,2.1793452380952383,0.1893452380952383
3721,train,OC(=O)[C@H](Cc1ccc(Cl)cc1)N2CCC(CN3CCC(CC3)Oc4ccc(Cl)c(Cl)c4)CC2,2.86,2.1793452380952383,-0.6806547619047616
619,train,OC(=O)c1cccc(CN2CCC(CN3CCC(CC3)Oc4ccc(Cl)c(Cl)c4)CC2)c1,1.26,2.1793452380952383,0.9193452380952383
2338,train,CN(C1CCN(CCC(c2ccccc2)c3ccccc3)CC1)C(=O)c4ccncc4,2.8,2.1793452380952383,-0.6206547619047615
3629,train,COc1ccc2nc(C)cc(OCC(=O)NCc3ccccc3)c2c1,3.2,2.1793452380952383,-1.020654761904762
866,train,COc1ccc2N=CC(=O)N(CCN3CC[C@H](NCc4cc5OCCOc5cn4)[C@H](O)C3)c2c1,0.77,2.1793452380952383,1.4093452380952383
163,train,CC(C)(C#N)c1cnc(s1)N2CCN(CC2)C(=O)[C@@H]3CCCC[C@H]3C(=O)NC4(CC4)C#N,1.9,2.1793452380952383,0.27934523809523837
1870,train,O=C1Oc2ccccc2C=C1c3ccccc3,3.22,2.1793452380952383,-1.040654761904762
1984,train,Cc1c(Sc2ccc(Cl)cc2)c3cc(ccc3n1CC(=O)O)c4ccccc4,3.7,2.1793452380952383,-1.520654761904762
4023,train,CN(C)CCCOc1nn(Cc2ccccc2)c3ccccc13,2.4,2.1793452380952383,-0.22065476190476163
1250,train,O[C@@H](CNCCc1cccc(c1)c2cccc(CNCc3ccccc3)c2)c4ccc(O)c5NC(=O)Sc45,2.32,2.1793452380952383,-0.14065476190476156
2453,train,Cc1cccc(Nc2ncnc3ccc(NC(=O)C=C)cc23)c1,3.7,2.1793452380952383,-1.520654761904762
3189,train,C[C@@H](Oc1cccc2ncnc(Nc3ccc4c(cnn4Cc5ccccn5)c3)c12)C(=O)N(C)C,2.89,2.1793452380952383,-0.7106547619047618
1814,train,NC(=O)c1cncc(O[C@H]2C[C@H]3CC[C@@H](C2)N3Cc4ccccc4)n1,1.1,2.1793452380952383,1.0793452380952382
3551,train,FC(F)(F)CCS(=O)(=O)Oc1ccc(NC(=O)c2ccc(Cn3ccnn3)c4ccccc24)c(n1)C(=O)NCC5CCOCC5,4.2,2.1793452380952383,-2.020654761904762
1994,train,OC(=O)c1ccc(CN2CCC(CN3CCC(CC3)Oc4ccc(Cl)c(Cl)c4)CC2)cc1,1.1,2.1793452380952383,1.0793452380952382
3063,train,FC(F)(F)c1nnc2ccc(nn12)N3CCCCCC3,3.29,2.1793452380952383,-1.1106547619047618
1417,train,Oc1ccc(CCNCCCS(=O)(=O)NCCOCCc2ccc(F)cc2)c3sc(O)nc13,1.57,2.1793452380952383,0.6093452380952382
3272,train,COc1cc(Nc2cc(Nc3c(Cl)ccc4OCOc34)ncn2)cc(OC)c1OC,3.07,2.1793452380952383,-0.8906547619047616
398,train,CCc1[nH]nc(NC(=O)Cc2ncc(Oc3ccnc4cc(OC)c(OC)cc34)cc2OC)c1C,2.79,2.1793452380952383,-0.6106547619047618
3203,train,O=C1CC2(CCCC2)CC(=O)N1CCCCN3CCN(CC3)c4ncccn4,2.19,2.1793452380952383,-0.010654761904761667
3400,train,C[C@@](O)(C(=O)Nc1ccc(cc1Cl)S(=O)(=O)NCCCO)C(F)(F)F,2.1,2.1793452380952383,0.07934523809523819
3959,train,COc1cc2ncc(C(=O)N)c(Nc3ccc(C)cc3F)c2cc1OC,3.34,2.1793452380952383,-1.1606547619047616
1863,train,NC1=CC2=NNC(=O)N2c3cc(ccc13)c4ccc[nH]4,2.3,2.1793452380952383,-0.12065476190476154
1656,train,OC(=O)c1cc2ccccc2n1Cc3ccccc3,0.78,2.1793452380952383,1.3993452380952383
1392,train,CC(C)C(NC(=O)CN1C(=O)C(=CN=C1c2ccc(F)cc2)N)C(=O)C(F)(F)F,1.05,2.1793452380952383,1.1293452380952382
3931,train,CO[C@@H]1C[C@@H](N(Cc2cc3c(Nc4cccc(Cl)c4F)ncnc3cc2OC)C1)C(=O)N,3.09,2.1793452380952383,-0.9106547619047616
2711,train,C[C@H](Nc1nc(Nc2ncc(C#N)s2)cc(n1)N3CCOCC3)c4ccc(F)cn4,3.45,2.1793452380952383,-1.270654761904762
236,train,COc1cccc([C@H](O)C2CCN(CCc3ccc(F)cc3)CC2)c1OC,1.7,2.1793452380952383,0.4793452380952383
3376,train,CN(C)CCCN1c2ccccc2Sc3ccc(Cl)cc13,3.37,2.1793452380952383,-1.1906547619047618
437,train,COc1ccc(CNC(=O)Nc2ncc(s2)[N+](=O)[O-])cc1,2.9,2.1793452380952383,-0.7206547619047616
2140,train,CN1CCN(CC1)c2ccc3N=CN(C(=O)c3c2)c4cc(NC(=O)c5oncc5)ccc4C,1.75,2.1793452380952383,0.4293452380952383
1522,train,CCOC(=O)c1ccc(CCN2CCN(CC2)c3ccc(C)nn3)cc1,2.58,2.1793452380952383,-0.4006547619047618
3434,train,CC(C)(C)c1ccc(cc1)c2n[nH]c(NC(=O)c3ccccc3Cl)c2Br,4.3,2.1793452380952383,-2.1206547619047615
2626,train,CCCSc1ncccc1C(=O)NC2CCC(F)(F)CC2,2.85,2.1793452380952383,-0.6706547619047618
3164,train,CN(C)CCCC1(OCc2cc(ccc12)C#N)c3ccc(F)cc3,1.56,2.1793452380952383,0.6193452380952382
2319,train,Cc1nc(C)c(nc1C(=O)N)c2ccc(cc2)[C@@H]3CC[C@@H](CCC(=O)O)CC3,1.6,2.1793452380952383,0.5793452380952382
1463,train,CN(C)C(=O)c1ncc(Oc2cc(cc3oc(C)cc23)C(=O)Nc4cnc(C)cn4)cn1,2.1,2.1793452380952383,0.07934523809523819
2794,train,O=C1Nc2ccc(cc2C1=O)S(=O)(=O)N3CCC[C@H]3COc4ccccc4,2.7,2.1793452380952383,-0.5206547619047619
785,train,CC(C)NCC(O)COc1cccc2[nH]ccc12,-0.12,2.1793452380952383,2.2993452380952384
1029,train,C(=C\c1nn[nH]n1)/c2ccccc2,-0.4,2.1793452380952383,2.579345238095238
980,train,Nc1ccccc1NC(=O)c2ccc(cc2)c3ncccc3C#N,1.58,2.1793452380952383,0.5993452380952382
588,train,CC(=O)Nc1ccc2ccn(c3cc(NCCCCO)n4ncc(C#N)c4n3)c2c1,2.58,2.1793452380952383,-0.4006547619047618
2181,train,CNS(=O)(=O)CCc1ccc2[nH]cc(C3CCN(C)CC3)c2c1,0.48,2.1793452380952383,1.6993452380952383
2865,train,C[C@@H]1C2CCCC1(CCN2C)c3cccc(O)c3,0.52,2.1793452380952383,1.6593452380952383
1058,train,CCn1c(C)ncc1c2ccnc(Nc3ccc(cc3)S(=O)(=O)NCCOC)n2,2.44,2.1793452380952383,-0.26065476190476167
3259,train,Nc1ccc2nc(sc2c1)c3ccc(O)cc3,3.1,2.1793452380952383,-0.9206547619047618
2439,train,CC1=CN([C@H]2CCCN(C2)S(=O)(=O)c3ccc(CO)c(Oc4cccc(Cl)c4)c3)C(=O)NC1=O,2.69,2.1793452380952383,-0.5106547619047617
2887,train,Cc1ccc(cc1NC(=O)c2ccc(OCc3ccccn3)cc2)c4ncc(C)n4C,2.67,2.1793452380952383,-0.49065476190476165
1627,train,COc1cc(cc(OC)c1OC)C(=O)Nc2ccc(Cl)c(c2)c3nc4ccccc4[nH]3,3.83,2.1793452380952383,-1.6506547619047618
1660,train,COc1ccc(CCN2CNC(=NC2)SCc3ccc(Cl)cc3)cc1OC,2.41,2.1793452380952383,-0.23065476190476186
2254,train,O=C(CCN1CCCCC1)Nc2ccc(C3=CC=CN4C(=O)C=C(N=C34)N5CCOCC5)c6sc7ccccc7c26,2.9,2.1793452380952383,-0.7206547619047616
2733,train,Fc1cc(ccc1C2=CCOCC2)N3C[C@H](COc4ccon4)OC3=O,2.61,2.1793452380952383,-0.4306547619047616
1126,train,CCOC(=O)c1ccc(OCCC2CCN(CC2)c3ccc(C)nn3)nc1,3.76,2.1793452380952383,-1.5806547619047615
412,train,CC(C)C(NC(=O)CN1C(=O)C(=CC=C1c2ccccc2)NC(=O)CN3CCOCC3)C(=O)C(F)(F)F,2.0,2.1793452380952383,0.17934523809523828
1344,train,CN(C)c1cccc2c(cccc12)S(=O)(=O)N(C)CC(=O)O,-1.45,2.1793452380952383,3.6293452380952385
2715,train,CCOc1cc(Nc2nc3c(cc2F)ncn3[C@@H](CO)c4ccc(F)cn4)n[nH]1,2.55,2.1793452380952383,-0.37065476190476154
1910,train,OCCCN1C(=O)C(Cc2ccccc12)NC(=O)c3cc4cc(Cl)sc4[nH]3,3.49,2.1793452380952383,-1.310654761904762
1404,train,Cc1cc(CN2Cc3ccccc3C2C(=O)Nc4ccc(Cl)cc4)ccc1OCC(=O)O,1.38,2.1793452380952383,0.7993452380952384
1296,train,Cc1onc(NC(=O)CSc2nc(C)cc(C)n2)c1,1.52,2.1793452380952383,0.6593452380952383
3225,train,CC(Cc1ccc(O)cc1)NCC(O)c2cc(O)cc(O)c2,-0.06,2.1793452380952383,2.2393452380952383
780,train,CCCC(=O)N1CCN(CC1)c2nnc(c3ccccc3)c4ccccc24,3.2,2.1793452380952383,-1.020654761904762
666,train,CCNCc1cnc(s1)c2ccc(cc2)C(=O)Nc3ccccc3N,0.95,2.1793452380952383,1.2293452380952383
2998,train,COC(=O)c1c(O)cccc1OC\C=C\c2ccc(F)c(c2)c3onc(c3)C(=O)O,0.66,2.1793452380952383,1.5193452380952381
59,train,O=C1NC(=NC(=C1C#N)c2ccccc2)SCCc3ccccc3,1.71,2.1793452380952383,0.4693452380952383
3468,train,COc1cc(Nc2cc(Oc3cccnc3C)ccn2)cc(OC)c1OC,3.19,2.1793452380952383,-1.0106547619047617
1829,train,Fc1ccccc1Nc2oc(nn2)C(=O)Nc3ccc(cc3)N4CCOCC4,3.05,2.1793452380952383,-0.8706547619047615
3431,train,CN(C(=O)C)c1ccccc1,1.1,2.1793452380952383,1.0793452380952382
2650,train,NC1=NC(=CC(=O)N1)CCc2ccccc2,1.4,2.1793452380952383,0.7793452380952384
738,train,CS(=O)(=O)c1ccc2c3CN(CCc3[nH]c2c1)C(=O)[C@@H]4CCCC[C@H]4C(=O)NC5(CC5)C#N,1.5,2.1793452380952383,0.6793452380952383
552,train,NC(=O)C1=CN(Cc2ccc(F)c(F)c2)C(=O)C=C1,1.37,2.1793452380952383,0.8093452380952382
3349,train,CCCCNc1ccc(cc1)C(=O)OCCN(C)C,2.11,2.1793452380952383,0.0693452380952384
447,train,CCn1nc(C)c(C(=O)N[C@@H](C)C(C)(C)C)c1NS(=O)(=O)c2ccc(C)cc2,0.95,2.1793452380952383,1.2293452380952383
3972,train,C[C@@H]1CN(CCN1c2ncc(OCc3ccncc3C#N)cn2)c4noc(n4)C(F)(F)F,3.95,2.1793452380952383,-1.770654761904762
2455,train,CCN(CC)C(=O)c1ccc2[nH]c(c(CCNCCCCc3ccncc3)c2c1)c4cc(C)cc(C)c4,3.3,2.1793452380952383,-1.1206547619047615
3393,train,Cc1cc(Nc2nc(NCc3ccccn3)ncc2Br)n[nH]1,2.8,2.1793452380952383,-0.6206547619047615
485,train,Nc1nccc(n1)c2ccccc2,2.0,2.1793452380952383,0.17934523809523828
1226,train,CCOc1ccc(NC(=O)C)cc1,1.5,2.1793452380952383,0.6793452380952383
1573,train,CCCC(C)(COC(=O)N)COC(=O)NC(C)C,2.01,2.1793452380952383,0.1693452380952385
1669,train,CC1=C(CCN2CCC(CC2)c3noc4cc(F)ccc34)C(=O)N5CCCCC5=N1,2.05,2.1793452380952383,0.12934523809523846
4040,train,CC(C)CNc1nc(nc(N2CCN(CC2)C(=O)C)c1N)C#N,2.4,2.1793452380952383,-0.22065476190476163
2824,train,CC[C@@H]1COCCN1c2cc(nc(n2)c3cccc4[nH]ccc34)C5(CC5)S(=O)(=O)C,3.0,2.1793452380952383,-0.8206547619047617
922,train,Nc1ccccc1NC(=O)c2ccc(cc2)c3ncc(CN4CCC4)cc3C#N,1.22,2.1793452380952383,0.9593452380952383
2371,train,CN(C1CCN(Cc2ccc(cc2)C(F)(F)F)CC1)C(=O)Cc3ccc(cc3)n4cnnn4,3.0,2.1793452380952383,-0.8206547619047617
526,train,Nc1ccc2c3ccccc3C(=O)C(=O)c2c1,2.23,2.1793452380952383,-0.0506547619047617
982,train,COc1ccc2cc(CCC(=O)C)ccc2c1,3.06,2.1793452380952383,-0.8806547619047618
1935,train,C[C@H](CO)Nc1nc(SCc2cccc(Cl)c2)nc3nc(N)sc13,3.31,2.1793452380952383,-1.1306547619047618
3374,train,NC1(CCN(CC1)c2ncnc3[nH]ccc23)C(=O)NC(CCO)c4ccc(Cl)cc4,2.5,2.1793452380952383,-0.3206547619047617
354,train,CC1(C)N(Cc2ccnc(c2)N3CCOCC3)C(=O)N(C1=O)c4ccc(SC(F)(F)F)cc4,3.73,2.1793452380952383,-1.5506547619047617
703,train,CCCCC1C(=O)N(N(C1=O)c2ccccc2)c3ccccc3,0.45,2.1793452380952383,1.7293452380952383
4162,train,OC(=O)COc1ccc(cc1c2ccccc2c3ccccc3)C(F)(F)F,1.38,2.1793452380952383,0.7993452380952384
3058,train,CN(C(=O)C)c1ccc2ccn(c3cc(NC4CC4)n5ncc(C#N)c5n3)c2c1,2.9,2.1793452380952383,-0.7206547619047616
2366,train,Nc1ncnc2c1c(COc3cccc(Cl)c3)nn2C4CCOCC4,3.17,2.1793452380952383,-0.9906547619047616
2708,train,Cc1ccc(CN2[C@@H]3CC[C@H]2C[C@@H](C3)Oc4cccc(c4)C(=O)N)s1,2.44,2.1793452380952383,-0.26065476190476167
4150,train,Nc1ccc2cn[nH]c2c1,0.52,2.1793452380952383,1.6593452380952383
964,train,CC(C)(C(=O)Nc1oc(nn1)C(=O)Nc2ccc(cc2)N3CCOCC3)c4ccc(Cl)cc4,2.96,2.1793452380952383,-0.7806547619047617
3778,train,Clc1ccc2OCOc2c1Nc3ncnc4cc(OCCN5CCCC5)cc(OC6CCOCC6)c34,2.6,2.1793452380952383,-0.4206547619047618
1482,train,CN(c1ccnc(Nc2cc(cc(c2)S(=O)(=O)C)N3CCOCC3)n1)c4cc(CO)ccc4C,2.9,2.1793452380952383,-0.7206547619047616
2309,train,CC[C@H](NC(=O)c1c([S+](C)[O-])c(nc2cc(Cl)ccc12)c3ccccc3)c4ccccc4,3.07,2.1793452380952383,-0.8906547619047616
24,train,CNCC[C@@H](Oc1ccccc1C)c2ccccc2,1.2,2.1793452380952383,0.9793452380952383
2916,train,COc1ccccc1CCNCc2ccc(CCNC[C@H](O)c3ccc(O)c4NC(=O)Sc34)cc2,0.8,2.1793452380952383,1.3793452380952382
551,train,CN(C)CC(O)COc1ccc(Nc2cc(ncn2)N(CC#N)c3ccc(C)cc3Br)cc1,2.24,2.1793452380952383,-0.060654761904761934
3454,train,Cc1ccc(cc1)S(=O)(=O)NC(=O)NN2CCCCCC2,0.01,2.1793452380952383,2.1693452380952385
2601,train,CCN(CC)CCNC(=O)c1c(C)[nH]c(\C=C\2/C(=O)Nc3ccc(Cl)cc23)c1C,2.75,2.1793452380952383,-0.5706547619047617
341,train,C[C@@H]1CN(CCN1c2ncc(OCc3ccncc3C#N)cn2)c4noc(n4)C5CC5,3.1,2.1793452380952383,-0.9206547619047618
2073,train,C[C@H](CO)Nc1nc(SCc2occc2)nc3NC(=O)Sc13,2.21,2.1793452380952383,-0.030654761904761685
1497,train,CS(=O)(=O)NC(=O)CCCc1c([nH]c2ccc(cc12)C#N)c3ccc(F)cc3,1.5,2.1793452380952383,0.6793452380952383
1211,train,CN1C(=O)C(=Cc2cnc(NC(CCO)CCO)nc12)Oc3ccc(F)cc3F,1.5,2.1793452380952383,0.6793452380952383
1432,train,COc1cc(OC)c(cc1NC(=O)CCC(=O)O)S(=O)(=O)N2c3ccccc3Oc4ccccc24,-0.53,2.1793452380952383,2.7093452380952385
2792,train,COc1cc(OC)c(cc1NC(=O)C)S(=O)(=O)N2C(C)Cc3ccccc23,1.95,2.1793452380952383,0.22934523809523832
671,train,COc1ccnc(C[S+]([O-])c2nc3cc(OC(F)F)ccc3[nH]2)c1OC,2.0,2.1793452380952383,0.17934523809523828
1325,train,CC(C)N(CCCNC(=O)Nc1ccc(cc1)C(C)(C)C)C[C@H]2O[C@H]([C@H](O)[C@@H]2O)n3ccc4c(N)ncnc34,2.4,2.1793452380952383,-0.22065476190476163
2579,train,OCC(=O)N1CCC(CC1)c2n[nH]c(c3ccc(Cl)cc3)c2c4ccncn4,1.85,2.1793452380952383,0.3293452380952382
2153,train,CCN(CC)C(=O)c1ccc(cc1)C(=C2CCNCC2)c3ccccc3,1.2,2.1793452380952383,0.9793452380952383
699,train,C[C@H](Nc1ccc2ncn(c3cc([nH]n3)C4CC4)c2n1)c5ncc(F)cn5,2.74,2.1793452380952383,-0.5606547619047619
1335,train,CN1CCN(CC1)c2ccc(Nc3ncc(C)c(Nc4cccc(c4)S(=O)(=O)NC(C)(C)C)n3)cc2,2.84,2.1793452380952383,-0.6606547619047616
2234,train,N[C@@H](CC(=O)N1CCn2c(C1)nnc2C(F)(F)F)Cc3cc(F)c(F)cc3F,0.31,2.1793452380952383,1.8693452380952382
2131,train,O=C1COC2(CCN(CC2)S(=O)(=O)c3ccc(cc3)c4ccc5cccnc5c4)CN1C6CC6,3.24,2.1793452380952383,-1.060654761904762
3669,train,C[C@H]1O[C@H]([C@H](O)[C@@H]1O)n2cnc3c(N)nc(OC4CCC(F)(F)CC4)nc23,1.42,2.1793452380952383,0.7593452380952384
3821,train,Cc1cc(C)nc(SCC(=O)N)n1,0.23,2.1793452380952383,1.9493452380952383
1190,train,CCC(CC)NC(=O)c1nnn(c1NS(=O)(=O)c2ccc(C)cc2)c3ccccc3,0.46,2.1793452380952383,1.7193452380952383
3128,train,CN1CCN(CC1)c2ccc3N=CN(C(=O)c3c2)c4cc(NC(=O)c5cccnc5)ccc4C,1.5,2.1793452380952383,0.6793452380952383
537,train,COc1cc(C)c(c(C)c1)S(=O)(=O)N(C)CCOCC(=O)N2CCN(CC2)C3CCN(C)CC3,-0.4,2.1793452380952383,2.579345238095238
3845,train,NC(=O)c1cnc(N[C@H]2CCCNC2)c3cc(Br)sc13,1.08,2.1793452380952383,1.0993452380952382
3445,train,OCC(=O)N1CCC[C@H]1COc2cccc3ncnc(Nc4ccc(OCc5ccccn5)c(Cl)c4)c23,3.62,2.1793452380952383,-1.4406547619047618
508,train,CCCN(c1cccnc1)P(=O)(c2ccccc2)c3ccccc3,2.6,2.1793452380952383,-0.4206547619047618
1639,train,Cc1ccc(cc1)C(=O)N(CCCN)CC2=Nc3cc(Cl)ccc3C(=O)N2Cc4ccccc4,1.47,2.1793452380952383,0.7093452380952383
3560,train,Cn1cc(cc1c2c3C(=O)N(CC#N)C(=O)N(CC4CC4)c3nn2Cc5ccnc6ccc(Cl)cc56)C#N,3.33,2.1793452380952383,-1.1506547619047618
1005,train,C[C@H](Nc1nc(Nc2ncc(C#N)s2)cc(n1)N3CCOCC3)c4ncc(F)cn4,2.26,2.1793452380952383,-0.08065476190476151
1725,train,COc1ccc2nc(NC(=O)CCc3ccc(OC)c(OC)c3)sc2c1,3.57,2.1793452380952383,-1.3906547619047616
1078,train,CCc1c(C)nc(SCC(=O)Nc2nc(cs2)c3ccc(OC)cc3)nc1O,3.78,2.1793452380952383,-1.6006547619047615
3791,train,CCc1nn(C2CCCC2)c3c1CCn4c(nnc34)c5cccs5,3.6,2.1793452380952383,-1.4206547619047618
3794,train,COc1cnc(nc1N2CCOCC2)c3ccccn3,1.52,2.1793452380952383,0.6593452380952383
1588,train,O=C(Nc1oc(nn1)C(=O)Nc2ccc(cc2)N3CCOCC3)c4ccccc4,1.02,2.1793452380952383,1.1593452380952383
1812,train,CC(C)C(NC(=O)CN1C(=O)C(=CN=C1c2ccccc2)NC(=O)OCc3ccccc3)C(=O)C(F)(F)F,2.12,2.1793452380952383,0.05934523809523817
768,train,CCOc1cc2nnc(C(=O)N)c(Nc3cccc(Cl)c3F)c2cc1N4CCN(C)CC4,1.99,2.1793452380952383,0.1893452380952383
2937,train,CCC[C@H](CO)Nc1nc(SCc2ccccc2)nc3nc(N)sc13,3.8,2.1793452380952383,-1.6206547619047615
1700,train,O=C(Nc1ccccc1)c2ccccc2,2.8,2.1793452380952383,-0.6206547619047615
4095,train,CNc1c(Br)cnc2[nH]c(nc12)c3cccc(N)c3,2.96,2.1793452380952383,-0.7806547619047617
407,train,O[C@H](CNC(=O)N1C(=O)Nc2ccccc12)CN3CCC(CC3)Oc4ccc(Cl)c(Cl)c4,4.46,2.1793452380952383,-2.2806547619047617
1520,train,CCOCc1nc2c(N)nc3ccccc3c2n1CC(C)(C)O,1.69,2.1793452380952383,0.48934523809523833
426,train,CC(C)C(NC(=O)CN1C(=O)C(=CN=C1c2cccs2)NC(=O)OCc3ccccc3)C(=O)C(F)(F)F,2.02,2.1793452380952383,0.15934523809523826
3504,train,Cc1ccc(CNC(=O)C2CCCN2S(=O)(=O)c3ccc(F)cc3)cc1,2.9,2.1793452380952383,-0.7206547619047616
1826,train,COc1cc2ncnc(Nc3cccc(O)c3)c2cc1OC,2.6,2.1793452380952383,-0.4206547619047618
1490,train,C(N1CCN(CC1)c2nc3ccccc3s2)c4nnnn4Cc5cccs5,3.65,2.1793452380952383,-1.4706547619047616
2313,train,Cc1cc(CNc2nccc(Nc3cc(C)[nH]n3)n2)on1,1.86,2.1793452380952383,0.3193452380952382
1778,train,Nc1ncnc2nc(cc(c3cccc(Br)c3)c12)c4ccc(nc4)N5CCOCC5,3.2,2.1793452380952383,-1.020654761904762
174,train,CCOc1ncc(C)c2NC(=C([C@@H](c3ccc(cc3OC)C#N)c12)C(=O)N)C,2.51,2.1793452380952383,-0.3306547619047615
2740,train,NC(=O)Nc1sc(cc1C(=O)N[C@H]2CCCNC2)c3cc(F)cc(F)c3,2.18,2.1793452380952383,-0.0006547619047618802
3456,train,Nc1c(c(CN2CCOCC2)nn1c3ccc(F)cc3)c4ccccc4,2.33,2.1793452380952383,-0.1506547619047618
2075,train,O=C(CN1CCN(CC1)c2ccccc2)Nc3c(cnn3c4ccccc4)C#N,2.3,2.1793452380952383,-0.12065476190476154
1251,train,CC(C)n1c(C)ncc1c2ccnc(Nc3ccc(cc3)S(=O)(=O)CCCN4CCOCC4)n2,2.43,2.1793452380952383,-0.2506547619047619
1366,train,CCOc1ccc2nc(NC(=O)CC)sc2c1,3.4,2.1793452380952383,-1.2206547619047616
1972,train,NC(=N)Nc1ccc(Cl)c(Cl)c1,-0.31,2.1793452380952383,2.4893452380952383
83,train,CNCCCC12CCC(c3ccccc13)c4ccccc24,0.89,2.1793452380952383,1.2893452380952382
2341,train,O=C(NC1(CC1)C#N)[C@@H]2CCCC[C@H]2C(=O)N3CCN(CC3)c4nc5CCOCc5s4,1.42,2.1793452380952383,0.7593452380952384
28,train,CSc1c(cnn1c2ccc(cc2)C(=O)O)C(=O)NC3C4CC5CC(CC3C5)C4,1.2,2.1793452380952383,0.9793452380952383
2497,train,O=C(NC1(CC1)C#N)[C@@H]2CCCC[C@H]2C(=O)N3CCN(CC3)c4nccs4,1.3,2.1793452380952383,0.8793452380952382
1498,train,CCCCCSc1nc(O)c2sc(N)nc2n1,2.86,2.1793452380952383,-0.6806547619047616
1329,train,Cc1ccc(cc1c2ccc(nc2)C(=O)NCC3CC3)C(=O)NC4CC4,3.36,2.1793452380952383,-1.1806547619047616
180,train,NC1(CCC1)c2ccc(cc2)c3ncc4ccncc4c3c5ccccc5,2.2,2.1793452380952383,-0.020654761904761898
3582,train,Nc1nc(O)cc(n1)c2ccc(O)cc2,1.05,2.1793452380952383,1.1293452380952382
1199,train,COc1cc(ccc1Nc2ncc(c(n2)c3cnc4ccccn34)C(F)(F)F)N5CCN(CC5)C(=O)C,3.7,2.1793452380952383,-1.520654761904762
2379,train,NCC[C@@H](Oc1cc(Cl)c(F)cc1C#N)c2ccccc2,0.77,2.1793452380952383,1.4093452380952383
4046,train,C[C@](O)(CS(=O)(=O)c1ccc(F)cc1)C(=O)Nc2ccc(C#N)c(c2)C(F)(F)F,2.87,2.1793452380952383,-0.6906547619047618
3818,train,OC(=O)CCC(=O)N1CCC(CC1)c2onc(n2)c3cccs3,-1.27,2.1793452380952383,3.4493452380952383
3288,train,CCC(N(CCCN)C(=O)c1ccc(C)cc1)C2=Nc3nccnc3C(=O)N2Cc4ccccc4,-0.14,2.1793452380952383,2.3193452380952384
2383,train,CC(C)(C)NS(=O)(=O)c1cncc(c1)c2ccc3nc(NC(=O)NCC(=O)N4CCCC4)nn3c2,1.37,2.1793452380952383,0.8093452380952382
3087,train,O=C(Nc1cccnc1C(=O)NCC2CCOCC2)c3cccc4ccccc34,4.4,2.1793452380952383,-2.220654761904762
3261,train,CCN(C)C(=O)c1ccc(cc1)C(=C2CCN(Cc3cscn3)CC2)c4cccc5cccnc45,2.65,2.1793452380952383,-0.47065476190476163
711,train,COc1ccc(NC(=O)CSc2nnc(C)n2c3ccc(C)cc3)cc1,2.94,2.1793452380952383,-0.7606547619047617
4011,train,CC(C)C(NC(=O)CN1C(=O)C2=C(C=C1c3ccccc3)C(=O)N(CCN4CCOCC4)C(=O)N2)C(=O)C(F)(F)F,1.91,2.1793452380952383,0.26934523809523836
2070,train,COC(=O)C1C(CC2CCC1N2C)OC(=O)c3ccccc3,1.06,2.1793452380952383,1.1193452380952382
2299,train,CC(C)C(NC(=O)CN1C(=O)C(=CC=C1c2ccccc2)N)C(=O)C(F)(F)F,1.74,2.1793452380952383,0.4393452380952383
3258,train,O=C(NCC#N)[C@@H]1CCCC[C@H]1C(=O)N2CCN(CC2)c3ccc(cc3)C#N,1.79,2.1793452380952383,0.38934523809523824
26,train,COc1cnc(nc1N(C)C)c2ccccn2,1.9,2.1793452380952383,0.27934523809523837
2510,train,COc1ncc(C)cc1c2cccc3c(N)c(nnc23)C(=O)NC4CC4,3.4,2.1793452380952383,-1.2206547619047616
189,train,Cc1ccccc1c2c(C(=O)O)n(CCCOc3cccc4ccccc34)c5ccccc25,3.89,2.1793452380952383,-1.7106547619047618
2842,train,Cc1ccc(cc1)c2cc(nn2c3ccc(cc3)S(=O)(=O)N)C(F)(F)F,3.42,2.1793452380952383,-1.2406547619047616
784,train,C[C@H]1[C@@H]2CN(CCN3CCOCC3)CC[C@H]2Cc4[nH]c5ccc(cc5c14)C(F)(F)F,2.87,2.1793452380952383,-0.6906547619047618
870,train,CC(C)N1CCN[C@H](C1)C(=O)N2CCN(CC2)C(=O)Nc3ccc(Cl)c(Cl)c3,2.21,2.1793452380952383,-0.030654761904761685
1435,train,CC(C)C[C@H](CO)Nc1nc(S[C@@H](C)c2ccccc2)nc3NC(=O)Sc13,4.3,2.1793452380952383,-2.1206547619047615
2243,train,COc1cc(CNc2nc3ccccc3[nH]2)cc(OC)c1OC,2.36,2.1793452380952383,-0.1806547619047616
881,train,CC(=O)Nc1nc(N)n(n1)c2ccccc2,-0.2,2.1793452380952383,2.3793452380952385
3140,train,Cc1nc(C)c(nc1C(=O)N)c2ccc3c(CC[C@@]34CC[C@H](CC(=O)O)CC4)c2,1.5,2.1793452380952383,0.6793452380952383
418,train,CC(=O)c1ncccc1NC(=O)[C@@H]2CC[C@H](CC2)N3C(=O)[C@@H]4[C@@H]5CC[C@@H](C5)[C@@H]4C3=O,3.01,2.1793452380952383,-0.8306547619047615
1584,train,O=S(=O)(Nc1cccnc1)c2ccccc2,0.84,2.1793452380952383,1.3393452380952384
2952,train,Oc1ccc(cc1)N2C(=O)c3ccccc3C2=O,2.0,2.1793452380952383,0.17934523809523828
2688,train,CCNC(=O)c1cc2c(c(cnc2[nH]1)c3cncc(c3)C(=O)NC)n4ccc(n4)C(F)(F)F,2.21,2.1793452380952383,-0.030654761904761685
4182,train,NC1=NC(CC(=O)N1)c2ccc(Cl)c(Cl)c2,1.46,2.1793452380952383,0.7193452380952383
3120,train,CCCSc1ncccc1C(=O)N(C)C2CCOCC2,1.63,2.1793452380952383,0.5493452380952384
1163,train,CCCSc1ncccc1C(=O)N(C)[C@H]2[C@@H]3CC4C[C@H]2C[C@@](O)(C4)C3,2.48,2.1793452380952383,-0.3006547619047617
539,train,COc1ccc(cc1)c2cc(O)c3cc(Cl)ccc3n2,2.7,2.1793452380952383,-0.5206547619047619
3875,train,OC(CCN1CCCC1)(C2CCCCC2)c3ccccc3,1.78,2.1793452380952383,0.39934523809523825
263,train,[O-][N+](=O)c1cccc(c1)C(=O)Nc2nc3ccccc3n2CCN4CCOCC4,3.3,2.1793452380952383,-1.1206547619047615
1739,train,Nc1c2CCCCc2nc3ccccc13,0.38,2.1793452380952383,1.7993452380952384
973,train,NC(=N)SCc1ccc(Cl)c(Cl)c1,1.28,2.1793452380952383,0.8993452380952383
3124,train,COc1ccc(N(C(C(=O)NC[C@@H](C)O)c2ccccc2F)C(=O)c3occc3Cl)c(OC)c1,2.18,2.1793452380952383,-0.0006547619047618802
3852,train,OC(=O)c1cncc(c1)c2ccc(Cl)c(c2)C(=O)NCC34CC5CC(CC(C5)C3)C4,0.85,2.1793452380952383,1.3293452380952382
2154,train,CC(C)n1c(C)ncc1c2ccnc(Nc3ccc(cc3)N(C)C)n2,3.51,2.1793452380952383,-1.3306547619047615
2515,train,Fc1ccc(cc1)[C@@H]2CCNC[C@H]2COc3ccc4OCOc4c3,1.78,2.1793452380952383,0.39934523809523825
2401,train,CCCc1c(O)c(ccc1OCCCOc2ccc3C(=O)C=C(Oc3c2CCC)C(=O)O)C(=O)C,3.0,2.1793452380952383,-0.8206547619047617
193,train,CSc1ccc(cc1)N2C(=NC(=NC2(C)C)N)N,-0.84,2.1793452380952383,3.019345238095238
1762,train,CS(=O)(=O)c1ccc(cc1)[C@H](CC2CCCC2)C(=O)Nc3nccs3,3.88,2.1793452380952383,-1.7006547619047616
725,train,CCC(C)(C)C(=O)O[C@H]1C[C@@H](C)C=C2C=C[C@H](C)[C@H](CC[C@@H]3C[C@@H](O)CC(=O)O3)[C@@H]12,3.7,2.1793452380952383,-1.520654761904762
3866,train,CC[C@H](NC(=O)c1c([S+](C)[O-])c(nc2c(F)cccc12)c3ccccc3)c4ccccc4,2.84,2.1793452380952383,-0.6606547619047616
1263,train,CN1C=C(C(=O)NC[C@@H](O)CN2CCC(CC2)Oc3ccc(Cl)c(Cl)c3)C(=CC1=O)C(F)(F)F,2.76,2.1793452380952383,-0.5806547619047615
2647,train,CNCC[C@H](Oc1cccc2ccccc12)c3cccs3,2.09,2.1793452380952383,0.08934523809523842
1178,train,NC1=NC2(CCN(CC2)C(=O)c3ccc(nc3)C#N)Nc4c(F)ccc(F)c14,0.79,2.1793452380952383,1.3893452380952382
3470,train,Cc1cccc(NC(=O)NCC(N2CCOCC2)c3cccnc3)c1,2.0,2.1793452380952383,0.17934523809523828
3368,train,CC1=CC(=O)Oc2c(C)c3oc(C)cc3cc12,3.47,2.1793452380952383,-1.290654761904762
1025,train,CC1=CN([C@H]2CCCN(C2)S(=O)(=O)c3ccc(O)c(Oc4ccc(Cl)cc4)c3)C(=O)NC1=O,2.12,2.1793452380952383,0.05934523809523817
3201,train,OC1(CCc2ccc(Oc3ccc(cc3)C(=O)NCc4ccncn4)cc2)CN5CCC1CC5,0.76,2.1793452380952383,1.4193452380952383
3843,train,OCCN1C(=O)C(Cc2ccccc12)NC(=O)c3cc4cc(Cl)sc4[nH]3,3.05,2.1793452380952383,-0.8706547619047615
2464,train,S=C(NC1CCCCC1)N2CCC(CC2)c3cnc[nH]3,2.3,2.1793452380952383,-0.12065476190476154
2370,train,NC1(CCC1)c2ccc(cc2)c3c(ccc4ccnn34)c5ccccc5,2.9,2.1793452380952383,-0.7206547619047616
1322,train,COc1ccccc1C[C@H](N2CCC(CN3CCC(CC3)Oc4ccc(Cl)c(Cl)c4)CC2)C(=O)O,2.77,2.1793452380952383,-0.5906547619047617
898,train,CC(=O)c1ccc2OCC(=O)N(CCN3CCC(CC3)NCc4ccc5OCC(=O)Nc5n4)c2c1,0.37,2.1793452380952383,1.8093452380952382
1528,train,N[C@H]1CCN(C1)c2c(Cl)cccc2\C=C\3/SC(=O)NC3=O,1.89,2.1793452380952383,0.2893452380952384
3250,train,CC(C)C(NC(=O)CN1C(=O)C(=CC=C1c2ccccc2)NS(=O)(=O)c3cccc(NC(=O)C)c3)C(=O)C(F)(F)F,2.43,2.1793452380952383,-0.2506547619047619
183,train,CCOc1ccccc1c2ccc(cc2)c3nc4ccc(F)cc4c(N[C@H](C)C(=O)O)c3C#N,2.5,2.1793452380952383,-0.3206547619047617
401,train,CN[C@@H](C)C(=O)N[C@@H](C1CCCCC1)C(=O)N[C@H]2CCN(CCc3ccccc3)C2,1.65,2.1793452380952383,0.5293452380952384
2488,train,CCC(Oc1ccc(cc1c2ccc(cc2C)S(=O)(=O)CC)C(F)(F)F)C(=O)O,0.31,2.1793452380952383,1.8693452380952382
1017,train,COc1nc(N)nc2c1ncn2[C@@H]3O[C@H](CO)[C@@H](O)[C@H]3O,-0.58,2.1793452380952383,2.7593452380952384
2968,train,OC1CCN(CC1)C(=O)CN2C(=O)C(Cc3ccccc23)NC(=O)c4cc5cc(Cl)sc5[nH]4,2.86,2.1793452380952383,-0.6806547619047616
751,train,COc1cc(ccc1Cn2ncc3ccc(NC(=O)OC4CCCC4)cc23)C(=O)NS(=O)(=O)c5ccccc5,1.8,2.1793452380952383,0.37934523809523824
1376,train,COc1ccc(cc1)C(=O)CS(=O)(=O)c2ccccc2,1.96,2.1793452380952383,0.21934523809523832
3054,train,CNC(=O)c1ccc(cc1)c2cc(C(=O)N[C@H]3CCCNC3)c(NC(=O)N)s2,0.7,2.1793452380952383,1.4793452380952383
319,train,CC[C@H](NC(=O)c1c([S+](C)[O-])c(nc2cc(Br)ccc12)c3ccccc3)c4ccccc4,3.18,2.1793452380952383,-1.0006547619047619
1452,train,C(Cc1nc2ccccc2[nH]1)c3nc4ccccc4[nH]3,3.3,2.1793452380952383,-1.1206547619047615
624,train,Nc1ncnc2sccc12,1.19,2.1793452380952383,0.9893452380952383
142,train,Cc1ccc(cc1NC(=O)c2ccc(OCc3ccccn3)cc2)c4nccn4C,2.83,2.1793452380952383,-0.6506547619047618
2509,train,C(Oc1ccccc1)C2CNCCO2,0.2,2.1793452380952383,1.9793452380952383
3973,train,CC(=O)c1ccc(cc1)S(=O)(=O)NC(=O)NC2CCCCC2,-0.49,2.1793452380952383,2.6693452380952385
3847,train,OC(=O)C[C@@H]1CC[C@H](CC1)c2ccc(NC(=O)c3oc(Nc4ccccc4F)nn3)cc2,2.48,2.1793452380952383,-0.3006547619047617
1800,train,Cc1cc(N)n(n1)c2ccccc2,1.25,2.1793452380952383,0.9293452380952383
2469,train,NC(=N)c1cc2c(cccc2s1)c3ccccc3,1.27,2.1793452380952383,0.9093452380952383
1065,train,C[C@@H](Oc1cc(cnc1N)c2cnn(c2)C3CCNCC3)c4c(Cl)ccc(F)c4Cl,2.33,2.1793452380952383,-0.1506547619047618
622,train,CN1C(=O)N(CC2CC2)c3nn(Cc4ccnc5ccc(Cl)cc45)c(c3C1=O)c6ncnn6C,3.8,2.1793452380952383,-1.6206547619047615
883,train,CC(C)C(NC(=O)CN1C(=O)C(=CC=C1c2ccccc2)NC(=O)Cc3ccccc3C(=O)O)C(=O)C(F)(F)F,1.14,2.1793452380952383,1.0393452380952384
4093,train,O=C(NC1CC1)c2cc(on2)c3cccs3,2.54,2.1793452380952383,-0.36065476190476176
2609,train,OCCCN(Cc1ccc(F)cc1)C(=O)CC2CCN(Cc3ccn(c3)c4ccc(cc4)C(F)(F)F)CC2,3.04,2.1793452380952383,-0.8606547619047618
3798,train,CCCSc1nc(Oc2ccc(CC(=O)O)cc2)ccc1C(=O)NC3CCCCC3,1.79,2.1793452380952383,0.38934523809523824
252,train,NC(=O)c1sc(cc1N)c2ccccc2,2.33,2.1793452380952383,-0.1506547619047618
3615,train,CCCCC1(CC)C(=O)NC(=O)NC1=O,1.5,2.1793452380952383,0.6793452380952383
1002,train,CN1CCNc2nc(CCOc3ccc(C[C@H](NC(=O)c4c(Cl)cccc4Cl)C(=O)O)cc3)ccc12,0.07,2.1793452380952383,2.1093452380952384
1850,train,CC(C)(NC(=O)c1sccc1Oc2ccc(F)cc2[N+](=O)[O-])C#C,3.0,2.1793452380952383,-0.8206547619047617
3416,train,CN1CCCC1CCNC(=O)c2ccc(Nc3ncc4cc(ccc4n3)c5ccncc5)cc2,2.01,2.1793452380952383,0.1693452380952385
3461,train,NC1(CCC1)c2ccc(cc2)c3ncc4ccccc4c3c5ccccc5,3.6,2.1793452380952383,-1.4206547619047618
1929,train,[O-][N+](=O)c1cccc2ccc(nc12)C(Cl)(Cl)Cl,3.7,2.1793452380952383,-1.520654761904762
2885,train,NC(=O)Nc1cc(sc1C(=O)N[C@H]2CCCNC2)c3ccc(cc3)C#N,0.61,2.1793452380952383,1.5693452380952384
3098,train,CCN(C1CCN(CC[C@H](c2ccc(cc2)S(=O)(=O)C)c3cc(F)cc(Cl)c3)CC1)C(=O)Cc4ccc(cc4)S(=O)(=O)C,2.71,2.1793452380952383,-0.5306547619047617
2083,train,CSc1ncccc1C(=O)NCc2ccc(C)cc2,2.71,2.1793452380952383,-0.5306547619047617
3564,train,O=C1C=C(Nc2ccccc12)c3occc3,2.21,2.1793452380952383,-0.030654761904761685
2197,train,Fc1ccc(Oc2cc(F)c(cc2F)S(=O)(=O)Nc3ncc(Cl)s3)c(c1)c4cn[nH]c4,2.7,2.1793452380952383,-0.5206547619047619
1370,train,CN1CCN(CC1)S(=O)(=O)c2ccc(cc2F)c3cnc(N)c(n3)C(=O)Nc4cccnc4,2.66,2.1793452380952383,-0.48065476190476186
3018,train,CC(C)(C)OC(=O)N1CCN(CC1)c2ncc(OCc3c(F)cncc3F)cn2,3.7,2.1793452380952383,-1.520654761904762
167,train,C[C@@H](Oc1cccc2ncnc(Nc3ccc4c(cnn4Cc5ccccn5)c3)c12)C(=O)N6CCOCC6,2.82,2.1793452380952383,-0.6406547619047616
3192,train,CCn1c2ccccc2c3cc(NC(=O)C)ccc13,3.5,2.1793452380952383,-1.3206547619047617
736,train,Fc1ccc(cc1)C(=O)C2CCN(CCN3C(=O)Nc4ccccc4C3=O)CC2,2.9,2.1793452380952383,-0.7206547619047616
3115,train,Cc1ccc(cc1)S(=O)(=O)Nc2c(C(=O)NC3CCOCC3)c(C)nn2c4ccccc4,0.16,2.1793452380952383,2.019345238095238
496,train,OC(=O)c1cc(ccc1O)c2ccc(F)cc2F,0.59,2.1793452380952383,1.5893452380952384
1429,train,Cc1ccc2c(c1)c(c(C)n2CC(=O)O)S(=O)(=O)c3ccc(Cl)cc3,0.06,2.1793452380952383,2.1193452380952382
2321,train,CC(=O)O[C@H]1CC[C@]2(C=O)[C@H]3CC[C@]4(C)[C@H](CC[C@]4(O)[C@@H]3CC[C@]2(O)C1)C5=CC(=O)OC5,0.64,2.1793452380952383,1.5393452380952382
97,train,CCSc1c(Cc2ccccc2C(F)(F)F)sc3N(CC(C)C)C(=O)N(C)C(=O)c13,4.49,2.1793452380952383,-2.310654761904762
3309,train,Fc1ccc(cc1F)S(=O)(=O)NCC(N2CCCCCC2)c3ccccc3,2.84,2.1793452380952383,-0.6606547619047616
257,train,Clc1ccc2OC(=O)Nc2c1,2.16,2.1793452380952383,0.019345238095238138
990,train,C[C@@H]1CNc2c(sc3ccc4nc(ccc4c23)c5ccc(C)nc5)C(=O)N1,3.6,2.1793452380952383,-1.4206547619047618
2002,train,Cc1[nH]c(C(=O)NC2CCN(CC2)c3cc(cc(Cl)n3)C(=O)O)c(Cl)c1Cl,1.74,2.1793452380952383,0.4393452380952383
3937,train,CCCNC(=O)c1nnc2c(c(F)ccc2c1N)c3ncccn3,2.07,2.1793452380952383,0.10934523809523844
2508,train,Cc1c(Sc2ccc(Cl)cc2)c3c(cccc3n1CC(=O)O)c4cnccn4,0.03,2.1793452380952383,2.1493452380952385
3960,train,CN(c1ccc(c(Cl)c1)c2cc(F)ccc2OCC(=O)O)S(=O)(=O)C,-1.17,2.1793452380952383,3.349345238095238
2703,train,Cc1ccc(cc1)C(=O)c2ccc(CC(=O)O)n2C,-1.02,2.1793452380952383,3.1993452380952383
3193,train,CNc1c(Br)cnc2[nH]c(nc12)c3ccc(OCCN4CCCCC4)cc3,2.56,2.1793452380952383,-0.3806547619047618
3220,train,CCN(CC)CCNC(=O)c1cc(Br)c(N)cc1OC,0.54,2.1793452380952383,1.6393452380952382
1890,train,C[C@@H]1CN(CCN1C(=O)[C@@H]2CCCC[C@H]2C(=O)NC3(CC3)C#N)c4ccc5c(c4)c(C)nn5C,2.8,2.1793452380952383,-0.6206547619047615
3822,train,Cc1oc(CN2NC(=O)C3=C(C2=O)C(=O)c4ccc(Cl)cc4N3)cc1C,1.0,2.1793452380952383,1.1793452380952383
884,train,CCN(CC)c1ccc2C=C(C(=O)C)C(=O)Oc2c1,2.0,2.1793452380952383,0.17934523809523828
3880,train,Fc1ccc(NC(=S)N2CCC(CC2)C(=O)c3ccc(F)cc3)cc1,3.4,2.1793452380952383,-1.2206547619047616
3305,train,COc1cc(\C=C/2\SC(=O)NC2=O)cc(OC)c1O,0.74,2.1793452380952383,1.4393452380952383
2844,train,CC(C)n1nc(C)c(C(=O)N[C@@H](C)C(C)(C)C)c1NS(=O)(=O)c2ccc(C)cc2,0.97,2.1793452380952383,1.2093452380952383
3711,train,CN1C(=O)C=C(CCc2cccc(c2)c3cccnc3)N=C1N,2.5,2.1793452380952383,-0.3206547619047617
391,train,Cc1cnc(cn1)C(=O)NCCc2ccc(cc2)S(=O)(=O)NC(=O)NC3CCCCC3,0.31,2.1793452380952383,1.8693452380952382
1622,train,COc1ccc(\C=C/2\CCc3ccccc3C2=O)cc1CN4CCOCC4,3.8,2.1793452380952383,-1.6206547619047615
181,train,CC(C)C(NC(=O)CN1C(=O)C(=CC=C1c2ccccc2)NS(=O)(=O)C)C(=O)C(F)(F)F,1.77,2.1793452380952383,0.40934523809523826
3234,train,CCN1C(=O)C=Cc2cc(COc3cc(F)cc(c3)C4(CCOCC4)OC)ccc12,3.89,2.1793452380952383,-1.7106547619047618
4146,train,COc1cc(OC)c(cc1NC(=O)C)S(=O)(=O)NCc2ccccc2N3CCC(CO)CC3,1.03,2.1793452380952383,1.1493452380952383
1756,train,O=C(CC12CC3CC(CC(C3)C1)C2)Nc4cccc5ncccc45,3.83,2.1793452380952383,-1.6506547619047618
3218,train,Cc1c(Cl)ccc(OC2CCN(CC2)C3CCN(CC3)C(=O)c4cccc(c4)S(=O)(=O)C)c1Cl,3.33,2.1793452380952383,-1.1506547619047618
3715,train,CC(C)n1nc(c2ccc(C)cc2)c3c(N)ncnc13,3.2,2.1793452380952383,-1.020654761904762
1610,train,OC1CCN(CC1)C(=O)[C@H](Cc2ccccc2)NC(=O)c3cc4cc(Cl)ccc4[nH]3,3.6,2.1793452380952383,-1.4206547619047618
1598,train,CCOC(=O)Nc1cccc(c1)[C@H](N2CCN(Cc3c[nH]c(C)n3)CC2)c4ccc(cc4)C(=O)N(C)CC,2.11,2.1793452380952383,0.0693452380952384
3398,train,CC(C)CN1C(=O)N(C)C(=O)c2c1sc(Cc3ccnc4ccc(F)cc34)c2C(=O)N5CC[C@@H](O)C5,1.95,2.1793452380952383,0.22934523809523832
2369,train,CNS(=O)(=O)Cc1ccc2[nH]cc(CCN(C)C)c2c1,-0.96,2.1793452380952383,3.1393452380952382
1872,train,Cc1nc(cs1)C(=O)N2CCCC3(CCN(Cc4ccccc4)CC3)C2,0.24,2.1793452380952383,1.9393452380952383
2258,train,CC(C)C(NC(=O)CN1C(=O)c2nc(O)nc(O)c2C=C1c3ccccc3)C(=O)C(F)(F)F,1.88,2.1793452380952383,0.2993452380952384
2262,train,Clc1ccc(OC2CCN(CC2)C3CCN(CC3)C(=O)C4=CNC(=O)c5ccccc45)cc1Cl,3.51,2.1793452380952383,-1.3306547619047615
2592,train,CC(C)c1cc(C(=O)N2Cc3ccc(CN4CCN(C)CC4)cc3C2)c(O)cc1O,2.5,2.1793452380952383,-0.3206547619047617
3824,train,Cc1ccsc1C(=CCCN2CCC[C@H](C2)C(=O)O)c3sccc3C,1.49,2.1793452380952383,0.6893452380952383
2731,train,O=C(NCC12CC3CC(CC(C3)C1)C2)c4ccccc4,4.21,2.1793452380952383,-2.0306547619047617
3034,train,COc1ccc2SCC(=O)N(CCN3CCC(CC3)NCc4cc5OCCOc5cn4)c2c1,1.78,2.1793452380952383,0.39934523809523825
1633,train,Cc1ccc(c(C)c1)c2nnc(O)c3ccccc23,3.41,2.1793452380952383,-1.2306547619047619
1093,train,Clc1cccc(NNC(=O)c2cccnc2Cl)c1,1.87,2.1793452380952383,0.3093452380952382
993,train,N(c1ccccc1)c2ccccc2,3.2,2.1793452380952383,-1.020654761904762
3657,train,CC1=C(Cc2ccccc2)C(=O)n3nc(NCc4cccc(Cl)c4)nc3N1,3.6,2.1793452380952383,-1.4206547619047618
1550,train,NC(=O)C[S+]([O-])C(c1ccccc1)c2ccccc2,1.12,2.1793452380952383,1.0593452380952382
2969,train,C(Cc1nc2ccccc2[nH]1)Cc3nc4ccccc4[nH]3,3.5,2.1793452380952383,-1.3206547619047617
484,train,OC(=O)c1cc(nc2ccc(F)cc12)c3ccncc3,-0.8,2.1793452380952383,2.979345238095238
1330,train,CC(C)N=C1C=C2N(c3ccc(Cl)cc3)c4ccccc4N=C2C=C1Nc5ccc(Cl)cc5,3.17,2.1793452380952383,-0.9906547619047616
1213,train,CC#Cc1ccnc(c1)c2cc(ccc2O)C3(N=C(C)C(=N3)N)C4CC4,3.6,2.1793452380952383,-1.4206547619047618
2142,train,CCOC(=O)N1CCN(CC1)C(=O)[C@H](Cc2cccc(c2)C(=N)N)NS(=O)(=O)c3c(cc(cc3C(C)C)C(C)C)C(C)C,1.67,2.1793452380952383,0.5093452380952384
1695,train,O=S(=O)(c1ccccc1)C2(CC2)c3cc(nc(n3)c4cccc5[nH]ccc45)N6CCOCC6,3.4,2.1793452380952383,-1.2206547619047616
1320,train,CCn1c2ccccc2c3cc(NC(=O)CCc4ccncc4)ccc13,3.75,2.1793452380952383,-1.5706547619047617
1414,train,Oc1ccc(cc1)C2=Cc3ccc(O)cc3OC2,3.8,2.1793452380952383,-1.6206547619047615
3263,train,Cc1cccc(n1)c2nn3CCCc3c2c4ccnc5ccc(cc45)C(=O)N,1.71,2.1793452380952383,0.4693452380952383
626,train,CC(C)(C(=O)O)c1ccc(cc1)C(O)CCCN2CCC(CC2)C(O)(c3ccccc3)c4ccccc4,0.42,2.1793452380952383,1.7593452380952384
237,train,COc1ccc2nc(N[C@H]3CCC[C@@H](C3)NCc4ccsc4)ccc2c1,2.43,2.1793452380952383,-0.2506547619047619
4130,train,OC12CC3CC(C1)CC(C3)(C2)NCC(=O)N4CCC[C@H]4C#N,-0.48,2.1793452380952383,2.6593452380952383
1857,train,CC(C)Oc1ccc2C(=O)C(=COc2c1)c3ccccc3,4.07,2.1793452380952383,-1.890654761904762
3871,train,Oc1cc(O)c2C(=O)C(=COc2c1)c3ccc4OCOc4c3,3.5,2.1793452380952383,-1.3206547619047617
1502,train,Nc1ccccc1NC(=O)c2ccc(cc2)C3CCN(Cc4ccccc4)CC3,2.51,2.1793452380952383,-0.3306547619047615
3137,train,CCC(N1NC(=O)C2=C(C1=O)C(=O)c3ccc(Cl)cc3N2)c4ccncc4,0.6,2.1793452380952383,1.5793452380952382
697,train,COc1cc2c(NC(=O)Nc3c(Cl)cccc3Cl)ncnc2cc1OCC4CCN(C)CC4,2.7,2.1793452380952383,-0.5206547619047619
1406,train,OC(=O)[C@H](Cc1cccc(F)c1)N2CCC(CN3CCC(CC3)Oc4ccc(Cl)c(Cl)c4)CC2,2.68,2.1793452380952383,-0.5006547619047619
1951,train,COc1cc2ncc(C(=O)N)c(Nc3cccc(F)c3F)c2cc1OC,2.82,2.1793452380952383,-0.6406547619047616
165,train,Cc1c(Sc2ccc(Cl)cc2)c3c(NS(=O)(=O)C)cccc3n1CC(=O)O,0.21,2.1793452380952383,1.9693452380952383
3072,train,CCCc1nn(C)c2C(=O)NC(=Nc12)c3cc(ccc3OCC)S(=O)(=O)N4CCN(C)CC4,2.8,2.1793452380952383,-0.6206547619047615
1128,train,OCC(CO)Nc1nc(SCc2cccc(F)c2F)nc3nc(NC4CC4)sc13,3.11,2.1793452380952383,-0.9306547619047616
3407,train,OC(=O)[C@H](Cc1ccc(OCCc2ccc3CCCNc3n2)cc1)NC(=O)c4c(Cl)cccc4Cl,0.33,2.1793452380952383,1.8493452380952382
1977,train,NCCCCN(Cc1nc2ccccc2[nH]1)C3CCCc4cccnc34,0.83,2.1793452380952383,1.3493452380952382
94,train,CCN1CCN(CC1)c2ccc(Nc3cc(ncn3)N(C)C(=O)Nc4c(Cl)c(OC)cc(OC)c4Cl)cc2,3.7,2.1793452380952383,-1.520654761904762
3333,train,Oc1c2ncc3ccccc3c2nn1c4ccc(Cl)cc4,1.52,2.1793452380952383,0.6593452380952383
3901,train,CC(C)(Cc1cccc(CC(=O)NCc2cccc(c2)c3ccc(O)cc3)c1)NC[C@H](O)c4ccc(O)c(NS(=O)(=O)C)c4,1.91,2.1793452380952383,0.26934523809523836
1788,train,COc1cc(ccc1Nc2ncc(Cl)c(Oc3cccc(NC(=O)C=C)c3)n2)N4CCN(C)CC4,3.9,2.1793452380952383,-1.7206547619047616
2660,train,COc1ccc(Nc2cc(Oc3cc(C)c(C)nc3c4ccccn4)ccn2)cc1,3.51,2.1793452380952383,-1.3306547619047615
3467,train,CN(C)C(=O)Nc1ccc(CN2NC(=O)C3=C(C2=O)C(=O)c4ccc(Cl)cc4N3)cc1,1.1,2.1793452380952383,1.0793452380952382
1480,train,COCCNS(=O)(=O)c1ccc(Nc2nccc(n2)c3cnc4cccnn34)cc1,2.8,2.1793452380952383,-0.6206547619047615
99,train,CCN(CCN(C)C)S(=O)(=O)c1ccc(cc1)c2cnc(N)c(n2)C(=O)Nc3cccnc3,2.0,2.1793452380952383,0.17934523809523828
2437,train,CS(=O)(=O)c1ccc(cc1)C(CCNC(=O)c2ccc(cc2)C#N)c3ccc(F)cc3,2.9,2.1793452380952383,-0.7206547619047616
560,train,O[C@]1(CN2CCC1CC2)C#Cc3ccc(Oc4ccc(cc4)C(=O)NC5CCCS(=O)(=O)C5)cc3,1.4,2.1793452380952383,0.7793452380952384
3466,train,O[C@H](CNC(=O)c1cccc(c1)C#N)CN2CCC(CC2)Oc3ccc(Cl)c(Cl)c3,3.48,2.1793452380952383,-1.3006547619047617
318,train,CN1CCN(CC1)c2ccc(NC(=O)c3oc(Nc4ccccc4F)nn3)cn2,2.36,2.1793452380952383,-0.1806547619047616
2879,train,COc1cc2ncnc(Nc3cccc(Cl)c3F)c2cc1CN(C)[C@H](C)C(=O)N,3.44,2.1793452380952383,-1.2606547619047617
628,train,NC(=N)NCCC[C@H](NC(=O)COCC(c1ccccc1)c2ccccc2)C(=O)O,0.18,2.1793452380952383,1.9993452380952383
2355,train,Fc1ccccc1C(=O)Nc2c(cnn2c3ccccc3)C#N,1.7,2.1793452380952383,0.4793452380952383
3275,train,CC(C)n1c(C)ncc1c2nc(Nc3ccc(cc3)N4CC[C@H](C4)NC(=O)C)ncc2F,3.3,2.1793452380952383,-1.1206547619047615
65,train,COc1cc2ncc(C(=O)N)c(Nc3ccc(F)cc3F)c2cc1NCCN(C)C,1.91,2.1793452380952383,0.26934523809523836
2378,train,C[C@H](CO)Nc1nc(SCc2ccccc2)nc3NC(=O)Sc13,2.86,2.1793452380952383,-0.6806547619047616
2292,train,CNc1ccc2ncc(c3cccc(O)c3)n2n1,2.99,2.1793452380952383,-0.8106547619047619
93,train,COC(=O)[C@H]1[C@@H](O)CC[C@H]2CN3CCc4c([nH]c5ccccc45)[C@@H]3C[C@H]12,1.65,2.1793452380952383,0.5293452380952384
503,train,CCN(C1CCN(CCC(c2ccccc2)c3ccccc3)CC1)C(=O)NCc4ccccc4,4.0,2.1793452380952383,-1.8206547619047617
4019,train,CC(C)CCOc1ccc(N)cc1,2.67,2.1793452380952383,-0.49065476190476165
3708,train,OC(c1ccccc1)c2ccc3C(=O)C=C(Nc3c2)c4cccnc4,2.27,2.1793452380952383,-0.09065476190476174
679,train,CC[C@H](NC(=O)c1c(N)c(nc2ccccc12)c3ccccc3)c4ccccc4,3.89,2.1793452380952383,-1.7106547619047618
816,train,CC(C)CN1C(=O)N(C)C(=O)c2c1sc(Cc3ccnc4ccccc34)c2C(=O)N5C[C@H](O)CO5,2.14,2.1793452380952383,0.039345238095238155
727,train,CC[C@@H](NC1=C(Nc2cccc(C(=O)N(C)C)c2O)C(=O)C1=O)c3ccccc3,2.14,2.1793452380952383,0.039345238095238155
1170,train,CCCc1c(O)c(ccc1OCCCCSCC(=O)O)C(=O)C,1.3,2.1793452380952383,0.8793452380952382
338,train,Cc1cc(Oc2ccc3OCOc3c2)nc(Oc4ccc(cc4)n5ccnc5)n1,3.47,2.1793452380952383,-1.290654761904762
4056,train,COc1cc(F)ccc1c2cc(CNC3CCCC3)ccn2,1.71,2.1793452380952383,0.4693452380952383
3814,train,CCO\N=C(\C1CCN(CC1)C2(C)CCN(CC2)C(=O)c3c(Cl)cncc3Cl)/c4ccc(Br)cc4,4.0,2.1793452380952383,-1.8206547619047617
1357,train,Cc1c[nH]c(\C=C\2/C(=O)Nc3ccccc23)c1CCC(=O)O,1.2,2.1793452380952383,0.9793452380952383
518,train,C(N(Cc1ccccc1)c2nn[nH]n2)c3ccccc3,1.37,2.1793452380952383,0.8093452380952382
1720,train,CN[C@@H](C)C(=O)N[C@@H](C1CCCCC1)C(=O)N[C@H]2CCCN(CCCc3ccccc3)C2,2.6,2.1793452380952383,-0.4206547619047618
2074,train,Clc1ccc(CNc2nc(nc3ncccc23)N4CCN(CC4)C(=O)[C@@H]5CCCN5)c(Cl)c1,2.41,2.1793452380952383,-0.23065476190476186
168,train,COc1ccc(Cn2cc3N(CC(C)C)C(=O)N(C)C(=O)c3c2)cc1,3.52,2.1793452380952383,-1.3406547619047617
3458,train,Nc1nc2ccc(Cl)cc2c3nc(nn13)c4occc4,3.98,2.1793452380952383,-1.8006547619047617
941,train,Clc1ccc(cc1)c2oc(cc2)C(=O)N(Cc3ccccn3)c4ccc(cc4)N5CCNCC5,3.0,2.1793452380952383,-0.8206547619047617
3658,train,Clc1ccc(Cl)c(c1)S(=O)(=O)Nc2nc(cs2)c3sccc3Cl,2.11,2.1793452380952383,0.0693452380952384
3060,train,Cc1cc(O)nc(n1)n2nc(C)c(Oc3ccccc3O)c2C,1.4,2.1793452380952383,0.7793452380952384
491,train,FC(F)(F)Oc1ccc(CNC(=O)C2N(CC3CC(F)(F)C3)C(=O)c4ccccc24)cc1,3.9,2.1793452380952383,-1.7206547619047616
251,train,CC(C(=O)O)n1c(C)c(Sc2ccc(Cl)cc2)c3cc(Cl)ccc13,3.56,2.1793452380952383,-1.3806547619047618
4184,train,NCC(O)(c1ccc(Cl)cc1)c2ccc(Cl)cc2,2.69,2.1793452380952383,-0.5106547619047617
3439,train,CN1CCCC(CC1)N2N=C(Cc3ccc(Cl)cc3)c4ccccc4C2=O,2.46,2.1793452380952383,-0.2806547619047617
3460,train,CCN(CC)CCN1C(=O)CN=C(c2ccccc2F)c3cc(Cl)ccc13,2.38,2.1793452380952383,-0.2006547619047616
1334,train,CC(C)CN1C(=O)N(C)C(=O)c2c1sc(Cc3ccccc3C(F)(F)F)c2C(=O)N4C[C@H](O)CO4,3.15,2.1793452380952383,-0.9706547619047616
2471,train,COc1ccccc1O[C@H]([C@@H]2CNCCO2)c3ccccc3,0.9,2.1793452380952383,1.2793452380952384
4147,train,COCCNCc1ccc(cc1)c2cc(C(=O)N)c(NC(=O)N)s2,0.87,2.1793452380952383,1.3093452380952382
977,train,Oc1ncc(NCc2ccccc2)c(O)n1,0.82,2.1793452380952383,1.3593452380952384
3274,train,CCCCCOC(=O)NC1=NC(=O)N(C=C1F)[C@@H]2O[C@H](C)[C@@H](O)[C@H]2O,0.67,2.1793452380952383,1.5093452380952384
1509,train,CCC1(C)CC(=O)NC1=O,0.23,2.1793452380952383,1.9493452380952383
3252,train,CCC(N(CCCN)C(=O)c1ccc(C)cc1)C2=Nc3ncccc3C(=O)N2Cc4ccccc4,-0.04,2.1793452380952383,2.2193452380952383
4090,train,CCCCC(NC(=O)CC1CCN(Cc2ccn(c2)c3ccc(cc3)C(F)(F)F)CC1)C4=CNC(=O)C=C4,2.89,2.1793452380952383,-0.7106547619047618
3774,train,Cc1ccccc1CN2CCC(CC2)N3CCC(CC3)N4C(=O)Nc5ccccc45,2.68,2.1793452380952383,-0.5006547619047619
1523,train,Cc1cc(ccn1)c2ccc(cc2)c3nc4ccncc4c(O)c3C#N,1.6,2.1793452380952383,0.5793452380952382
283,train,CN1CCN2C(C1)c3ccccc3Cc4cccnc24,2.82,2.1793452380952383,-0.6406547619047616
914,train,Cc1ccc(OC(=O)N2CCN3CCC2CC3)cc1,1.02,2.1793452380952383,1.1593452380952383
1567,train,CC(C)C[C@H](NC(=O)N1CCOCC1)C(=O)N[C@@H](CCc2ccccc2)\C=C\S(=O)(=O)c3ccccc3,3.4,2.1793452380952383,-1.2206547619047616
1767,train,CCCSc1nc(N[C@@H]2CC[C@H](CC2)C(=O)O)ccc1C(=O)NC3CCCCC3,2.02,2.1793452380952383,0.15934523809523826
1008,train,O=C(Nc1ccc(Nc2ccc(NC(=O)c3ccccc3)c4C(=O)c5ccccc5C(=O)c24)c6C(=O)c7ccccc7C(=O)c16)c8ccccc8,2.63,2.1793452380952383,-0.4506547619047616
520,train,CC(=O)c1ccc(nc1)N2CCN(CC2)S(=O)(=O)C[C@]34CC[C@H](CC3=O)C4(C)C,2.21,2.1793452380952383,-0.030654761904761685
1277,train,O[C@H](CNS(=O)(=O)c1cccc(c1)C#N)CN2CCC(CC2)Oc3ccc(Cl)c(Cl)c3,3.42,2.1793452380952383,-1.2406547619047616
3653,train,C[C@H](Nc1nc(Nc2ncc(C)s2)cc(n1)N3CCN(C)CC3)c4ccc(F)cn4,2.9,2.1793452380952383,-0.7206547619047616
395,train,COc1cc2ncc(C(=O)N)c(Nc3ccc(F)cc3)c2cc1OC,2.82,2.1793452380952383,-0.6406547619047616
961,train,COc1cc(ccc1Cn2ccc3ccc(cc23)C(=O)NCC4CCCC4)C(=O)NS(=O)(=O)c5ccccc5,1.93,2.1793452380952383,0.24934523809523834
557,train,CCCSc1nc(NC[C@@H]2CC[C@H](CC2)C(=O)O)ccc1C(=O)NC3CCCCC3,2.61,2.1793452380952383,-0.4306547619047616
3122,train,CC(C)C(NC(=O)CN1C(=O)C(=CC=C1c2ccccc2)NC(=O)C)C(=O)C(F)(F)F,1.78,2.1793452380952383,0.39934523809523825
754,train,Fc1cccc2[nH]c3CCN(Cc3c12)C(=O)[C@@H]4CCCC[C@H]4C(=O)NC5(CC5)C#N,3.2,2.1793452380952383,-1.020654761904762
2598,train,CC(N1C(=O)c2ccccc2C1=O)C(=O)N3CCc4ccccc4C3,2.47,2.1793452380952383,-0.2906547619047619
1753,train,CN1CC(=O)N2[C@H](Cc3c([nH]c4ccccc34)[C@H]2c5ccc6OCOc6c5)C1=O,2.6,2.1793452380952383,-0.4206547619047618
3173,train,CCN(C1CCN(CC[C@@H](c2ccccc2)c3ccc(cc3)S(=O)(=O)C)CC1)C(=O)Cc4ccc(cc4)S(=O)(=O)C,1.38,2.1793452380952383,0.7993452380952384
3199,train,Cc1ccc2c(c1)c(Sc3ccc(cc3)S(=O)(=O)C)c(C)n2CC(=O)O,-0.08,2.1793452380952383,2.2593452380952384
1294,train,N\C(=C(/C#N)\c1ccccc1C(F)(F)F)\Sc2ccc(N)cc2,3.4,2.1793452380952383,-1.2206547619047616
3929,train,Nc1nccc2ccccc12,1.5,2.1793452380952383,0.6793452380952383
698,train,Cc1c(c2c(NS(=O)(=O)C)cccc2n1CC(=O)O)S(=O)(=O)c3ccc(Cl)cc3,-0.83,2.1793452380952383,3.0093452380952384
110,train,Nc1c2CCN(c3ccccc3)c2nc4ccc(Br)cc14,3.12,2.1793452380952383,-0.9406547619047618
2091,train,NC(=O)c1cnc(N[C@H]2CCCNC2)c3cc(sc13)c4ccc(Cl)cc4,2.78,2.1793452380952383,-0.6006547619047615
3741,train,Cc1cc(N)c2cc(NC(=O)CC(=O)Nc3ccc4nc(C)cc(N)c4c3)ccc2n1,1.35,2.1793452380952383,0.8293452380952382
635,train,FC(F)Oc1ccc(cc1OCC2CC2)C(=O)Nc3c(Cl)cncc3Cl,3.95,2.1793452380952383,-1.770654761904762
2951,train,CN1CCN(CC1)C(=O)c2cc(sc2NC(=O)N)c3ccccc3,2.17,2.1793452380952383,0.00934523809523835
1907,train,CCc1c(C)nc2sc(C(=O)N)c(N)c2c1C,2.62,2.1793452380952383,-0.4406547619047618
457,train,NC(=O)Nc1sc(cc1C(=O)N)c2ccc(CNC3CCCC3)cc2,1.22,2.1793452380952383,0.9593452380952383
643,train,NS(=O)(=O)c1ccc(CCNc2ccc3nnc(c4ccccc4)n3n2)cc1,2.19,2.1793452380952383,-0.010654761904761667
1150,train,CC1=CN(C2CCCN(Cc3cccc(Oc4ccc(C)cc4)c3)C2)C(=O)NC1=O,3.38,2.1793452380952383,-1.2006547619047616
2069,train,COc1ccc2C(=NC(=O)N(CCN3CCC(CC3)NCc4cc5OCCOc5cn4)c2c1)C,0.29,2.1793452380952383,1.8893452380952382
825,train,Oc1cc(O)cc(\C=C\c2ccc(O)c(O)c2)c1,2.11,2.1793452380952383,0.0693452380952384
3622,train,CCN(C1CCN(CC[C@H](N2CCN(CC2)S(=O)(=O)C)c3cc(F)cc(F)c3)CC1)C(=O)Cc4ccc(cc4)S(=O)(=O)C,1.25,2.1793452380952383,0.9293452380952383
2643,train,Clc1cccc(Cl)c1\C(=C\n2cncn2)\OC3CCCCCC3,4.1,2.1793452380952383,-1.9206547619047614
1235,train,CN1CCN(CC1)C(=O)c2cc3cc(Cl)ccc3[nH]2,2.4,2.1793452380952383,-0.22065476190476163
2124,train,CS(=O)(=O)c1ccc(s1)C(=O)NC[C@@H](O)CN2CCC(CC2)Oc3ccc(Cl)c(Cl)c3,2.86,2.1793452380952383,-0.6806547619047616
1336,train,COc1cc2ncnc(Nc3ccncc3)c2cc1OC,2.22,2.1793452380952383,-0.040654761904761916
3176,train,Cn1ncc2C(=O)NC(=Nc12)c3ccccc3,1.61,2.1793452380952383,0.5693452380952382
1197,train,NC(=O)c1cncc(c1)c2ccc(cc2)[C@@H]3CC[C@@H](CC(=O)O)CC3,0.22,2.1793452380952383,1.9593452380952383
1967,train,Cn1c(CN2CCN(CC2)c3cccc(Cl)c3)nc4ccccc14,3.75,2.1793452380952383,-1.5706547619047617
3727,train,NC1(CCN(CC1)c2ncnc3[nH]ccc23)C(=O)N[C@@H](CCN4CCCCC4)c5ccc(Cl)cc5,2.4,2.1793452380952383,-0.22065476190476163
2582,train,COc1ccc(cc1)c2nc3c(OCC4CCNCC4)c(Br)cnc3[nH]2,1.55,2.1793452380952383,0.6293452380952382
2884,train,CC(C)(C)OC(=O)N1CCN(CC1)c2ncc(OCc3ccncc3C#N)cn2,2.81,2.1793452380952383,-0.6306547619047618
3264,train,CC1=C(Oc2c(cccc2C1=O)C(=O)OCCN3CCCCC3)c4ccccc4,3.42,2.1793452380952383,-1.2406547619047616
1716,train,Nc1c(nnc2c(cccc12)c3ncccn3)C(=O)NC4CC4,1.5,2.1793452380952383,0.6793452380952383
2403,train,CC(C)[N+](C)(CCOC(=O)C1c2ccccc2Oc3ccccc13)C(C)C,0.2,2.1793452380952383,1.9793452380952383
2198,train,CC1=CN([C@H]2CCCN(C2)[C@H](CC3CCOCC3)c4ccc(C(=O)O)c(Oc5cccc(Cl)c5)c4)C(=O)NC1=O,-0.25,2.1793452380952383,2.4293452380952383
1835,train,CCN(C)C(=O)c1ccc(cc1)C(=C2CCN(Cc3ccc(F)cc3)CC2)c4ccccc4NC(=O)C,2.79,2.1793452380952383,-0.6106547619047618
3775,train,O=C(CSc1ccccc1)N2CCN(CC2)c3ccccc3,3.2,2.1793452380952383,-1.020654761904762
3092,train,CC(C)N1CCC[C@H](CN2C(=O)c3cc(ccc3N=C2C(C)C)c4ccc(F)cc4)C1,3.6,2.1793452380952383,-1.4206547619047618
868,train,CCCNCC(O)COc1ccccc1C(=O)CCc2ccccc2,1.72,2.1793452380952383,0.4593452380952383
377,train,CCNC(=O)C[C@@H]1N=C(c2ccc(Cl)cc2)c3cc(OC)ccc3n4c(C)nnc14,2.46,2.1793452380952383,-0.2806547619047617
978,train,COc1cc(ccc1Nc2ccccc2C(=O)O)c3ccc(Nc4ccccc4C(=O)O)c(OC)c3,1.8,2.1793452380952383,0.37934523809523824
3842,train,Cc1[nH]c2ccccc2c1CCNCc3ccc(\C=C\C(=O)NO)cc3,1.1,2.1793452380952383,1.0793452380952382
328,train,CC(C)C(NC(=O)CN1C(=O)C(=CN=C1c2ccccc2)NC(=O)OCC(F)(F)F)C(=O)C(F)(F)F,2.37,2.1793452380952383,-0.19065476190476183
227,train,Cc1cc(OC2CCN(CC3CCN(CC3)[C@@](C)(Cc4ccc(F)cc4)C(=O)O)CC2)ccc1Cl,2.08,2.1793452380952383,0.09934523809523821
2778,train,Fc1ccc(cc1)C(=O)C2CCN(CC2)C(=O)NCc3ccccc3,3.15,2.1793452380952383,-0.9706547619047616
1222,train,COC[C@H](C)Oc1cc(Oc2ccccc2)cc(c1)C(=O)Nc3ccc(cn3)C(=O)O,0.95,2.1793452380952383,1.2293452380952383
2713,train,COc1ccccc1CNC(=O)c2ccc3cnccc3n2,1.8,2.1793452380952383,0.37934523809523824
1412,train,COc1cc(OC2CCN(C)CC2)c3c(Nc4c(Cl)ccc5OCOc45)ncnc3c1,2.98,2.1793452380952383,-0.8006547619047617
3587,train,Fc1ccc(cc1Cl)S(=O)(=O)NCC(N2CCCCCC2)c3ccccc3,3.98,2.1793452380952383,-1.8006547619047617
1861,train,C[C@H](NC(=O)c1c(C)nn(C2CCSCC2)c1NS(=O)(=O)c3ccc(C)cc3)C(C)(C)C,1.29,2.1793452380952383,0.8893452380952382
3703,train,OC(=O)[C@H](Cc1ccc(cc1)C#N)N2CCC(CN3CCC(CC3)Oc4ccc(Cl)c(Cl)c4)CC2,2.17,2.1793452380952383,0.00934523809523835
359,train,CC(C)n1ncc2c(cc(nc12)C3CC3)C(=O)NCc4c(C)cc(C)nc4O,3.8,2.1793452380952383,-1.6206547619047615
1625,train,O[C@@H](CNCCCOCCOCCc1ccccc1)c2ccc(O)c3NC(=O)Sc23,1.09,2.1793452380952383,1.0893452380952382
1671,train,COc1c(N2CCNC(C)C2)c(F)cc3C(=O)C(=CN(C4CC4)c13)C(=O)O,-0.82,2.1793452380952383,2.999345238095238
1973,train,Cc1ccc2c(c1)c(c(C)n2CC(=O)O)c3ccnc4c(cccc34)S(=O)(=O)C,-0.34,2.1793452380952383,2.519345238095238
3134,train,CCS(=O)(=O)c1ccc(Oc2c(C)n(CC(=O)O)c3ccc(cc23)C(F)(F)F)cc1,0.29,2.1793452380952383,1.8893452380952382
361,train,Clc1ccc(NS(=O)(=O)c2ccc(Cl)s2)c(c1)C(=O)Nc3ccc(cc3)S(=O)(=O)N4CCOCC4,3.02,2.1793452380952383,-0.8406547619047617
962,train,NC1=NN(CC1)c2cccc(c2)C(F)(F)F,2.55,2.1793452380952383,-0.37065476190476154
3478,train,O=C1C=C(Nc2cc(Cc3ccccc3)ccc12)c4cccnc4,3.46,2.1793452380952383,-1.2806547619047617
1154,train,OC(=O)c1ccc2c(c1)nc(Nc3cccc(Cl)c3)c4ccncc24,1.29,2.1793452380952383,0.8893452380952382
410,train,CN(C)CCCN1c2ccccc2CCc3ccccc13,2.49,2.1793452380952383,-0.31065476190476193
3547,train,CN[C@@H](C)C(=O)N[C@@H](C1CCCCC1)C(=O)N[C@H]2CCCN(CCc3ccc(F)cc3)C2,2.39,2.1793452380952383,-0.21065476190476184
2487,train,Oc1cc(O)c2C(=O)c3ccccc3Oc2c1,3.39,2.1793452380952383,-1.2106547619047618
1740,train,O=C(C1CCN(CC1)c2nnc(s2)n3cccc3)N4CCc5ccccc5C4,3.7,2.1793452380952383,-1.520654761904762
867,train,O[C@]1(CN2CCC1CC2)C#Cc3ccc(Oc4ccc(cc4)C(=O)NCc5ccnc6ccccc56)cc3,3.88,2.1793452380952383,-1.7006547619047616
2049,train,O=C(N1CCN(CC1)c2ccccn2)c3cccc(CC4=NNC(=O)c5ccccc45)c3,2.36,2.1793452380952383,-0.1806547619047616
3337,train,CC1(C)CNC(=O)c2sc(nc2C1)N3CCOCC3,1.29,2.1793452380952383,0.8893452380952382
3052,train,CCS(=O)(=O)c1ccc(c(Cl)c1)c2cc(Cl)ccc2OCC(=O)O,-0.43,2.1793452380952383,2.6093452380952384
3679,train,COc1cc(OC)c(cc1NC(=O)CCC(=O)O)S(=O)(=O)N2C(C)CCc3ccccc23,-0.87,2.1793452380952383,3.0493452380952384
660,train,Cc1c(Sc2ccc(Cl)cc2)c3ccc(cc3n1CC(=O)O)S(=O)(=O)C,0.79,2.1793452380952383,1.3893452380952382
2259,train,NC(=O)c1cccc(C[C@@H]2C[C@H]3CC[C@@H](C2)N3Cc4ccccc4)c1,1.11,2.1793452380952383,1.0693452380952382
3910,train,NC(=O)Cc1nc(cs1)c2ccccc2,1.3,2.1793452380952383,0.8793452380952382
3544,train,CN1CCC(CC1)NC(=O)c2ccc(Oc3ccc(cc3)C#C[C@]4(O)CN5CCC4CC5)cc2,1.0,2.1793452380952383,1.1793452380952383
1172,train,CCc1nc2cc(O)ccc2c(Oc3ccc(\C=C\C(=O)O)cc3)c1c4ccccc4,3.0,2.1793452380952383,-0.8206547619047617
3503,train,O[C@@H](CNCCc1cccc(CNCCc2ccccc2F)c1)c3ccc(O)c4NC(=O)Sc34,1.06,2.1793452380952383,1.1193452380952382
4164,train,COc1cc(Nc2nc3c(cc2F)ncn3[C@@H](CO)c4ccc(F)cn4)n[nH]1,2.18,2.1793452380952383,-0.0006547619047618802
1471,train,CCCSc1nc(N[C@@H]2C[C@H]2c3ccccc3)c4nnn([C@@H]5C[C@@H]([C@@H](O)[C@H]5O)C(=O)N)c4n1,2.05,2.1793452380952383,0.12934523809523846
1913,train,Cc1cc(CNc2ncc(Cl)c(Nc3cc(C)[nH]n3)n2)on1,2.68,2.1793452380952383,-0.5006547619047619
1585,train,COC(=O)[C@@H]1C2CCC(C[C@@H]1c3ccc(I)cc3)N2CCCF,2.3,2.1793452380952383,-0.12065476190476154
3585,train,CN(C)C(=O)N1CCC(CC1)C(=O)NCc2cccs2,1.1,2.1793452380952383,1.0793452380952382
495,train,CCCc1c(OCCCSc2ccc(CC(=O)O)cc2Cl)ccc3c(CC)noc13,3.92,2.1793452380952383,-1.7406547619047616
16,train,COc1ccc(cc1)N2CCN(CC2)C(=O)[C@@H]3CCCC[C@H]3C(=O)NCC#N,1.6,2.1793452380952383,0.5793452380952382
3287,train,CNc1cccc(CCOc2ccc(C[C@H](NC(=O)c3c(Cl)cccc3Cl)C(=O)O)cc2)n1,-0.15,2.1793452380952383,2.329345238095238
912,train,NC1CCN(CC1)c2nccc(C(=O)NCC34CC5CC(CC(C5)C3)C4)c2Cl,1.19,2.1793452380952383,0.9893452380952383
1316,train,Nc1[nH]ncc1S(=O)(=O)c2ccccc2,1.1,2.1793452380952383,1.0793452380952382
3181,train,CCN1CCC[C@H]1CNC(=O)c2cc(Br)cc(OC)c2OC,1.2,2.1793452380952383,0.9793452380952383
1326,train,CCC1(CCC(=O)NC1=O)c2ccc(N)cc2,0.6,2.1793452380952383,1.5793452380952382
851,train,CC(=O)C1=CN(Cc2ccccc2)C(=O)N(Cc3ccc(F)cc3)C1=O,3.2,2.1793452380952383,-1.020654761904762
2222,train,C[C@H](O)C(=O)N1CCN(CC1)c2ccc(Nc3nccc(n3)c4cnc(C)n4C(C)C)cc2,2.15,2.1793452380952383,0.02934523809523837
3301,train,Cc1nnc(NS(=O)(=O)c2ccc(N)cc2)s1,-1.33,2.1793452380952383,3.5093452380952384
2118,train,CN(C)C(=O)N[C@@H]1CC[C@@H](CCN2CCN(CC2)c3cccc(Cl)c3Cl)CC1,3.6,2.1793452380952383,-1.4206547619047618
2342,train,Fc1ccc(CC2=NNC(=O)c3ccccc23)cc1C(=O)N4CCN(CC4)c5ccccn5,2.55,2.1793452380952383,-0.37065476190476154
1595,train,Cc1ccc(cc1)S(=O)(=O)NC(=O)N2CCC(CC2)N3CCC(CC3)Oc4ccc(F)c(F)c4,0.75,2.1793452380952383,1.4293452380952383
2412,train,Nc1n[nH]c2nnc(c3ccccc3)c(c4ccccc4)c12,2.6,2.1793452380952383,-0.4206547619047618
78,train,CC(=O)Nc1ccc2c(c1)c(cn2CCCO)c3cc(NC4CC4)n5ncc(C#N)c5n3,2.48,2.1793452380952383,-0.3006547619047617
2357,train,C[C@H](Cc1cccc(CC(=O)NC23CC4CC(CC(C4)C2)C3)c1)NC[C@H](O)c5ccc(O)c(CO)c5,2.4,2.1793452380952383,-0.22065476190476163
3394,train,CC(C)CC1(CC=C)C(=O)NC(=O)NC1=O,1.48,2.1793452380952383,0.6993452380952383
712,train,CC1CC(CN)CC(CO)C1,-1.4,2.1793452380952383,3.579345238095238
3292,train,COc1nc(Cl)cnc1NS(=O)(=O)c2cccc3c(cccc23)N(C)C,1.74,2.1793452380952383,0.4393452380952383
4189,train,CCC(N1NC(=O)c2nc3cc(Cl)ccc3c(O)c2C1=O)c4ccccn4,0.8,2.1793452380952383,1.3793452380952382
169,train,COc1cc2c(Nc3ccc(Cl)cc3F)ncnc2cc1OCCn4cncn4,3.2,2.1793452380952383,-1.020654761904762
2756,train,Cc1onc(CO)c1C(=O)Nc2nccs2,1.53,2.1793452380952383,0.6493452380952383
3916,train,CN1CCN(CC1)C2=Nc3ccccc3Nc4sc(C)cc24,2.19,2.1793452380952383,-0.010654761904761667
655,train,Cc1cc(OC2CCN(CC3CCN(CC3)[C@@H](Cc4ccc(F)cc4)C(=O)O)CC2)ccc1Cl,2.54,2.1793452380952383,-0.36065476190476176
1897,train,c1ccc2[nH]ncc2c1,1.9,2.1793452380952383,0.27934523809523837
343,train,OC(=O)C[C@H]1[C@@H](Cc2ccccc12)NC(=O)c3cc4sc(Cl)c(Cl)c4[nH]3,2.53,2.1793452380952383,-0.3506547619047615
2056,train,COc1cc2ncnc(Nc3cccc(Cl)c3F)c2cc1CN4CCC[C@@H]4C(=O)N,3.58,2.1793452380952383,-1.4006547619047618
301,train,NC12CC3CC(CC(C3)C1)C2,-0.98,2.1793452380952383,3.1593452380952383
2594,train,Oc1ccc(CCNCCS(=O)(=O)CCCOCCNc2ccccc2)c3sc(O)nc13,1.98,2.1793452380952383,0.1993452380952383
2427,train,CCOc1ccccc1c2ccc(cc2)c3nc4ccc(F)cc4c(C(=O)NCCOCCN)c3C,2.46,2.1793452380952383,-0.2806547619047617
3013,train,COc1cc2nnc(C(=O)N)c(Nc3cc(C)ccc3F)c2cc1N4CCN(C)CC4,2.57,2.1793452380952383,-0.39065476190476156
3149,train,CN1CC=CCC(C1)c2ccc(Cl)c(Cl)c2,3.32,2.1793452380952383,-1.1406547619047616
592,train,O=C(Nc1ccccc1)c2oc3ccccc3c2,3.44,2.1793452380952383,-1.2606547619047617
615,train,CC(C)N1CCC[C@H](CN2C(=Nc3ccc(cc3C2=O)c4ccc(Cl)cc4)C)C1,3.3,2.1793452380952383,-1.1206547619047615
3355,train,C[C@H](COc1cn2ncnc(Oc3ccc4[nH]c(C)cc4c3F)c2c1C)OC(=O)[C@H](C)N,3.19,2.1793452380952383,-1.0106547619047617
3152,train,CC[C@H](CO)Nc1nc(SCc2ccccc2)nc3nc(N)sc13,3.27,2.1793452380952383,-1.0906547619047617
3487,train,CS(=O)(=O)c1ccc(cc1)c2cc(ccc2OCC(=O)O)C(F)(F)F,-0.87,2.1793452380952383,3.0493452380952384
3102,train,C[C@H](NC(=O)C)c1ccc(Nc2ncc3cc(ccc3n2)c4ccncc4)cc1,3.17,2.1793452380952383,-0.9906547619047616
158,train,CC(C)CN1C(=O)N(C)C(=O)c2c1sc(Cn3c(C)nc(Cl)c3Cl)c2C(=O)N4CC[C@@H](O)C4,1.61,2.1793452380952383,0.5693452380952382
3103,train,OC(=O)COc1ccc(cc1c2ccccc2)c3nccs3,-0.16,2.1793452380952383,2.3393452380952384
3329,train,CSc1nc(N)nc(n1)c2ccccc2,2.98,2.1793452380952383,-0.8006547619047617
4194,train,CC1CC(N(C(=O)C)c2ccccc2)c3ccccc3N1S(=O)(=O)c4ccccc4,3.68,2.1793452380952383,-1.5006547619047619
578,train,COc1cc(ccc1Cn2ccc3ccc(NC(=O)OC4CCCC4)cc23)c5nn[nH]n5,2.7,2.1793452380952383,-0.5206547619047619
219,train,C(CN1CCCCC1)C2CCc3cc(OCc4ccc(cc4)c5ccccc5)ccc3C2,3.3,2.1793452380952383,-1.1206547619047615
3413,train,CC(C(=O)O)c1cccc(Oc2ccccc2)c1,0.71,2.1793452380952383,1.4693452380952383
2013,train,CN1C(=O)N(CC2CC2)c3nn(Cc4ccnc5ccc(Cl)cc45)c(c6cc(cn6C)S(=O)(=O)C)c3C1=O,3.18,2.1793452380952383,-1.0006547619047619
1933,train,O=C1NC(=NC(=C1C#N)c2ccccc2)SCc3ccccc3,1.56,2.1793452380952383,0.6193452380952382
1730,train,CCOC(=O)c1ccc(OCCC2CCN(CC2)c3ccc(C)nn3)cn1,2.63,2.1793452380952383,-0.4506547619047616
3594,train,CC(C)N1CCN(Cc2cnc(c(C)c2)c3ccc(cc3)C(=O)Nc4ccccc4N)CC1,1.44,2.1793452380952383,0.7393452380952383
2353,train,COc1ccc(CC(C)(C)NC[C@H](O)c2cc(O)cc3NC(=O)COc23)cc1,0.79,2.1793452380952383,1.3893452380952382
1148,train,O=C(N[C@H]1CN2CCC1CC2)c3ccc(s3)c4ccccc4,1.9,2.1793452380952383,0.27934523809523837
1886,train,Cc1cnc(NS(=O)(=O)c2ccccc2)c(C)n1,-0.03,2.1793452380952383,2.209345238095238
4031,train,NC(=O)Nc1cc(sc1C(=O)N)c2ccsc2,2.3,2.1793452380952383,-0.12065476190476154
554,train,OC(=O)c1ccc(cc1)c2ccc(Cl)c(c2)C(=O)NCC34CC5CC(CC(C5)C3)C4,2.48,2.1793452380952383,-0.3006547619047617
916,train,CCN(CC)C(=O)c1ccc(C2=CC3(CCNCC3)Oc4ccccc24)c(O)c1,0.77,2.1793452380952383,1.4093452380952383
1481,train,Cc1c(Sc2ccc(Cl)cc2)c3c(cccc3n1CC(=O)O)c4ccccc4,2.61,2.1793452380952383,-0.4306547619047616
1290,train,Oc1ccc(cc1)c2oc3ccc(O)cc3n2,3.4,2.1793452380952383,-1.2206547619047616
3028,train,CC(C)C(=O)Nc1ccc2C(=O)NC(=O)c2c1,1.55,2.1793452380952383,0.6293452380952382
333,train,O=C1CCOc2nc(\C=C\c3ccccc3)ccc12,3.2,2.1793452380952383,-1.020654761904762
1791,train,COc1cc(F)ccc1c2cncc(CNC(=O)C3CC3)c2,2.9,2.1793452380952383,-0.7206547619047616
2133,train,NC(=N)NC(=O)c1nc(Cl)c(NCc2ccncc2)nc1N,-0.51,2.1793452380952383,2.689345238095238
1289,train,CN1CCC[C@H]1c2ccccn2,0.44,2.1793452380952383,1.7393452380952383
2033,train,Clc1ccc(cc1C(=O)NCCc2ccccc2)N3N=CC(=O)NC3=O,0.74,2.1793452380952383,1.4393452380952383
43,train,CCS(=O)(=O)c1ccc(c(C)c1)c2cc(ccc2O[C@H](C)C(=O)O)C(F)(F)F,-0.4,2.1793452380952383,2.579345238095238
2990,train,Clc1ccc(cc1)S(=O)(=O)NC(=O)N2CCC(CC2)N3CCC(CC3)Oc4ccc(Cl)c(Cl)c4,2.59,2.1793452380952383,-0.4106547619047616
2705,train,CC(=O)Nc1ccc(Nc2ncc3cc(ccc3n2)c4ccncc4)cc1,3.04,2.1793452380952383,-0.8606547619047618
41,train,CC(C)N(CCC(C(=O)N)(c1ccccc1)c2ccccn2)C(C)C,-0.54,2.1793452380952383,2.7193452380952383
3848,train,NCC[C@@H](Sc1cc(Cl)ccc1C#N)c2ccccc2,1.26,2.1793452380952383,0.9193452380952383
535,train,CN(C)CCOc1cc(NS(=O)(=O)c2c(Cl)cc(cc2Cl)C(F)(F)F)ccc1Cl,2.99,2.1793452380952383,-0.8106547619047619
1655,train,COc1ccc(cc1CNCCO)c2ccc3c(nc(nc3n2)N4C[C@@H](C)O[C@@H](C)C4)N5CCOCC5,1.31,2.1793452380952383,0.8693452380952382
1962,train,Clc1c(NCC2CCNCC2)nccc1C(=O)NCC34CC5CC(CC(C5)C3)C4,0.6,2.1793452380952383,1.5793452380952382
1587,train,CC(C)N1CCN(Cc2cnc(c3ccc(cc3)C(=O)Nc4ccccc4N)c(c2)C#N)CC1,1.28,2.1793452380952383,0.8993452380952383
2920,train,COc1ccc(CC(=O)Nc2nc3ccccc3[nH]2)cc1,2.9,2.1793452380952383,-0.7206547619047616
3426,train,COc1c(N2C[C@@H]3CCCN[C@@H]3C2)c(F)cc4C(=O)C(=CN(C5CC5)c14)C(=O)O,-0.18,2.1793452380952383,2.3593452380952384
2103,train,CCc1[nH]c2nc(Sc3cnc4ccc[n+]([O-])c4c3)nc(N5CC[C@@H](N)C5)c2c1Cl,2.0,2.1793452380952383,0.17934523809523828
235,train,CC1=CN([C@H]2CCCN(C2)S(=O)(=O)c3ccc(O)c(Oc4cccc(c4)C(F)(F)F)c3)C(=O)NC1=O,2.27,2.1793452380952383,-0.09065476190476174
1001,train,C[C@H](N)C(=O)N[C@@H](CCc1ccccc1)\C=C\S(=O)(=O)c2ccccc2,1.66,2.1793452380952383,0.5193452380952384
2870,train,CCCS(=O)(=O)c1ccc(Nc2nccc(n2)c3cnc(C)n3C(C)C)cc1,3.37,2.1793452380952383,-1.1906547619047618
2751,train,c1ccc2ccccc2c1,3.29,2.1793452380952383,-1.1106547619047618
3006,train,CC(C)n1c(C)ncc1c2ccnc(Nc3ccc(cc3)C(=O)N(C)C)n2,2.45,2.1793452380952383,-0.2706547619047619
287,train,O[C@@H](CNCCSCCCNCCc1ccccc1)c2ccc(O)c3NC(=O)Sc23,0.12,2.1793452380952383,2.059345238095238
2478,train,OCCNS(=O)(=O)c1ccc2C(=CNC(=O)c2c1)C(=O)NC[C@@H](O)CN3CCC(CC3)Oc4ccc(Cl)c(Cl)c4,2.06,2.1793452380952383,0.11934523809523823
446,train,CNC(=O)[C@H]1CCCN1Cc2cc3c(Nc4cccc(Cl)c4F)ncnc3cc2OC,3.65,2.1793452380952383,-1.4706547619047616
3001,train,Fc1ccc(cc1)c2ncn(C3CCNCC3)c2c4ccncc4,0.3,2.1793452380952383,1.8793452380952382
1672,train,OC(=O)[C@H](Cc1ccc(F)cc1)N2CCC(CN3CCC(CC3)Oc4ccc(Cl)cc4)CC2,1.9,2.1793452380952383,0.27934523809523837
2768,train,CN[C@@H](C)C(=O)N[C@H](C(=O)N[C@H]1CCCN(CCc2ccc(Br)cc2)C1)C(C)(C)C,2.92,2.1793452380952383,-0.7406547619047616
2281,train,Nc1nc(NCc2ccccc2)nc3c1nc(O)n3Cc4ccccc4,3.69,2.1793452380952383,-1.5106547619047617
1037,train,CC(C)CN1C(=O)N(C)C(=O)c2c1sc(Oc3cccc4ccccc34)c2C(=O)N5CC[C@@H](O)C5,2.87,2.1793452380952383,-0.6906547619047618
509,train,CC1(C)[C@@H]2CC[C@@]1(CS(=O)(=O)NC3CCN(CC3)c4ccc(cn4)C(F)(F)F)C(=O)C2,3.84,2.1793452380952383,-1.6606547619047616
2311,train,CCS(=O)(=O)c1ccc(c(C)c1)c2cc(ccc2OCC(=O)O)C(F)(F)F,-0.45,2.1793452380952383,2.6293452380952385
662,train,CN1CCN(CC1)c2ccc3ncc(C(=O)N)c(Nc4ccc(F)cc4F)c3c2,2.3,2.1793452380952383,-0.12065476190476154
688,train,C[C@]12CC[C@H]3[C@@H](CCc4cc(O)ccc34)[C@@H]1CC[C@@H]2O,3.72,2.1793452380952383,-1.540654761904762
3742,train,COc1cc2OC[C@H]3Oc4c5C[C@@H](Oc5ccc4C(=O)[C@H]3c2cc1OC)C(=C)C,3.57,2.1793452380952383,-1.3906547619047616
933,train,Cc1ccc(cc1)S(=O)(=O)c2ccccc2,2.74,2.1793452380952383,-0.5606547619047619
604,train,CC(C)Oc1cc(OCCCN2CCCC2)cc3ncnc(Nc4c(Cl)ccc5OCOc45)c13,3.1,2.1793452380952383,-0.9206547619047618
2392,train,CCc1nc(N)nc(N)c1c2ccc(Cl)cc2,2.31,2.1793452380952383,-0.13065476190476177
4113,train,Nc1n[nH]c2ncc3CCCCCCc3c12,2.54,2.1793452380952383,-0.36065476190476176
497,train,CCOc1ccc(Oc2ccc(cc2)S(=O)(=O)NC(=O)c3cccc(c3)c4ccc(Cl)c(Cl)c4)cc1,2.94,2.1793452380952383,-0.7606547619047617
3168,train,CCN[C@H]1C[C@H](C)S(=O)(=O)c2sc(cc12)S(=O)(=O)N,0.27,2.1793452380952383,1.9093452380952383
721,train,c1ccc2ncncc2c1,1.0,2.1793452380952383,1.1793452380952383
2105,train,NC(=O)c1ccccc1O,1.09,2.1793452380952383,1.0893452380952382
1068,train,CN1CCN(CC1)C(=O)c2ccc(cc2)C(=C3CCN(Cc4cscn4)CC3)c5cccc6cccnc56,1.98,2.1793452380952383,0.1993452380952383
2742,train,Nc1ccccc1NC(=O)c2ccccn2,1.0,2.1793452380952383,1.1793452380952383
1590,train,COc1cc2c(Nc3ccc(F)c(Cl)c3)c(cnc2cc1OCCCN4CCN(C)CC4)C(=O)N,1.2,2.1793452380952383,0.9793452380952383
3917,train,Cc1cc(F)ccc1OC2CCN(CC3CCN(CC3)[C@@](C)(Cc4ccc(F)cc4)C(=O)O)CC2,2.0,2.1793452380952383,0.17934523809523828
2943,train,Brc1ccc(s1)S(=O)(=O)NCC(N2CCCCCC2)c3ccccc3,3.52,2.1793452380952383,-1.3406547619047617
3161,train,OC(=O)C1=CN(C2CC2)c3cc(N4CCNCC4)c(F)cc3C1=O,-0.96,2.1793452380952383,3.1393452380952382
213,train,CN[C@@H](C)C(=O)N[C@@H](C1CCCCC1)C(=O)N[C@H]2CCN(C2)C(=O)c3ccccc3,0.82,2.1793452380952383,1.3593452380952384
1347,train,CCC(=O)N[C@H]1CC[C@H](C1)C(=O)N(C)c2ccc(cc2)c3oc4ccccc4n3,3.4,2.1793452380952383,-1.2206547619047616
1834,train,CC[C@H](NC(=O)c1c([S+](C)[O-])c(nc2ccccc12)c3cccs3)c4ccccc4,3.56,2.1793452380952383,-1.3806547619047618
452,train,Fc1ccc(cc1C#N)S(=O)(=O)NCC(N2CCCCCC2)c3ccccc3,2.71,2.1793452380952383,-0.5306547619047617
2577,train,Cc1oncc1C(=O)Nc2ccc(cc2)C(F)(F)F,3.9,2.1793452380952383,-1.7206547619047616
4116,train,CC1(C)NC(=O)N(C1=O)c2ccc(c(c2)C(F)(F)F)[N+](=O)[O-],1.74,2.1793452380952383,0.4393452380952383
2166,train,CNC(=O)c1nc(cnc1N)c2ccc(Cl)c(c2)S(=O)(=O)Nc3cccc(F)c3F,2.8,2.1793452380952383,-0.6206547619047615
3187,train,COc1cccc(\C=C\2/SC(=O)NC2=O)c1N3CCC[C@@H](N)C3,1.27,2.1793452380952383,0.9093452380952383
3583,train,O=C(NCc1ccccc1)c2cccnc2Oc3ccccc3,3.0,2.1793452380952383,-0.8206547619047617
3566,train,Cc1onc(C)c1CCC2CCN(CC2)S(=O)(=O)CC3(CCC(F)(F)CC3)N(O)C=O,2.1,2.1793452380952383,0.07934523809523819
3387,train,CN[C@@H](C)C(=O)N[C@@H](C1CCCCC1)C(=O)N[C@H]2CCCCN(Cc3ccccc3)C2,2.12,2.1793452380952383,0.05934523809523817
4151,train,Cc1cc(n[nH]1)c2ccc(Cl)c(c2)C(=O)NCC3(O)CCCCCC3,3.41,2.1793452380952383,-1.2306547619047619
302,train,CNC(=O)c1cc(c2nc(cc(n2)C3(CC3)S(=O)(=O)C)N4CCOCC4)c5cc[nH]c5c1,1.7,2.1793452380952383,0.4793452380952383
2630,train,CNc1nc(C)c(s1)c2nc(Nc3cccc(c3)N4CCNCC4)ncc2C#N,1.9,2.1793452380952383,0.27934523809523837
3788,train,CCN1C2=NC(=O)N(C)C(=O)C2=Cc3ccccc13,1.1,2.1793452380952383,1.0793452380952382
2411,train,OC[C@H](O)CN1C(=O)[C@@H](Cc2ccccc12)NC(=O)c3cc4cc(Cl)sc4[nH]3,3.27,2.1793452380952383,-1.0906547619047617
1661,train,Clc1ccc(NC(=O)N2CCN(C[C@@H]3CCCN(Cc4ccccc4)C3)CC2)cc1Cl,4.26,2.1793452380952383,-2.0806547619047615
1384,train,CN1CCN(CC1)c2ccc(Nc3ncc(F)c(N[C@@H]4[C@@H]5C[C@@H](C=C5)[C@@H]4C(=O)N)n3)cc2C,2.9,2.1793452380952383,-0.7206547619047616
1729,train,COc1cc(OC)c(cc1NC(=O)CCc2nn[nH]n2)S(=O)(=O)N3C(C)CCc4ccccc34,-0.34,2.1793452380952383,2.519345238095238
574,train,CN[C@H]1CC[C@@H](c2ccc(Cl)c(Cl)c2)c3ccccc13,3.15,2.1793452380952383,-0.9706547619047616
1351,train,O=C1NCCc2[nH]c(cc12)c3ccncc3,1.49,2.1793452380952383,0.6893452380952383
1264,train,Nc1nc2ccc(cc2s1)c3cccc(O)c3,3.1,2.1793452380952383,-0.9206547619047618
902,train,NC(Cc1cc(I)c(Oc2ccc(O)c(I)c2)c(I)c1)C(=O)O,0.97,2.1793452380952383,1.2093452380952383
347,train,Cn1c(nc2ccccc12)c3ccc(O)nc3,1.2,2.1793452380952383,0.9793452380952383
566,train,CN(C1CCN(Cc2ccc(cn2)C(F)(F)F)CC1)C(=O)Cc3ccc(cc3)n4cnnn4,1.9,2.1793452380952383,0.27934523809523837
1511,train,CC1=CC2=NNC(=O)N2c3cc(ccc13)c4ccc[nH]4,3.29,2.1793452380952383,-1.1106547619047618
3980,train,CCCOc1cc(OCCCN2CCCC2)ccc1C(=O)Nc3cccc(O)c3,2.46,2.1793452380952383,-0.2806547619047617
1698,train,Cc1nc(N)c2nc(O)n(Cc3ccccc3)c2n1,2.04,2.1793452380952383,0.13934523809523824
3066,train,COc1ccc(OC)c(CNc2[nH]nc3cccc(Oc4ccc(cc4)S(=O)(=O)C)c23)c1,3.71,2.1793452380952383,-1.5306547619047617
2015,train,C1CN=C(N1)c2ccc3ccccc3n2,0.6,2.1793452380952383,1.5793452380952382
3097,train,OC(=O)c1[nH]c2cc(Cl)cc(Cl)c2c1\C=C\3/CCN(C3=O)c4ccccc4,1.85,2.1793452380952383,0.3293452380952382
12,train,O=C1CCCCCN1,-0.08,2.1793452380952383,2.2593452380952384
74,train,Clc1ccc(CN2CC3CNCC(C2)O3)cc1C(=O)NCC45CC6CC(CC(C6)C4)C5,1.55,2.1793452380952383,0.6293452380952382
3317,train,C[C@H](CO)Nc1nc(SCc2cccc(F)c2F)nc3[nH]c(N)nc13,3.22,2.1793452380952383,-1.040654761904762
1664,train,NS(=O)(=O)NC(=O)CCCc1c([nH]c2ccc(cc12)C#N)c3ccc(F)cc3,1.95,2.1793452380952383,0.22934523809523832
3656,train,CN1C(=O)C=C(CCc2ccc3cc[nH]c3c2)N=C1N,2.1,2.1793452380952383,0.07934523809523819
2158,train,CCn1cc(NC(=O)Cc2ccc(Oc3ccnc4ccc(F)cc34)cc2OC)cn1,3.88,2.1793452380952383,-1.7006547619047616
3940,train,CCN1CCN(CC1)C(=O)c2cc3ccccc3[nH]2,1.95,2.1793452380952383,0.22934523809523832
3981,train,CC(=O)N1CCOc2cc(COc3ccccc3)cnc12,2.8,2.1793452380952383,-0.6206547619047615
1015,train,FC(F)(F)c1cccc2c3CN(CCc3[nH]c12)C(=O)[C@@H]4CCCC[C@H]4C(=O)NC5(CC5)C#N,3.75,2.1793452380952383,-1.5706547619047617
3412,train,Cc1nccn1CCC(C(=O)N)(c2ccccc2)c3ccccc3,1.79,2.1793452380952383,0.38934523809523824
1549,train,NC(=O)c1cccc(S[C@H]2C[C@H]3CC[C@@H](C2)N3Cc4ccccc4)c1,2.22,2.1793452380952383,-0.040654761904761916
3689,train,FC(F)(F)c1cc(NC(=O)c2cnc(Cl)nc2C(F)(F)F)cc(c1)C(F)(F)F,1.8,2.1793452380952383,0.37934523809523824
2588,train,Cc1onc(NS(=O)(=O)c2ccc(N)cc2)c1,-0.56,2.1793452380952383,2.7393452380952383
1087,train,CC(O)(C(=O)Nc1ccc(cc1)S(=O)(=O)c2ccc(F)cc2)C(F)(F)F,3.12,2.1793452380952383,-0.9406547619047618
1620,train,Nc1nc(OC2CCCC2)nc3c1ncn3[C@@H]4O[C@H](CF)[C@@H](O)[C@H]4O,1.5,2.1793452380952383,0.6793452380952383
2833,train,Cc1nccn1CC2CCc3c(C2=O)c4ccccc4n3C,1.67,2.1793452380952383,0.5093452380952384
796,train,Fc1ccc2[nH]c3CCN(Cc3c2c1)C(=O)[C@@H]4CCCC[C@H]4C(=O)NC5(CC5)C#N,3.0,2.1793452380952383,-0.8206547619047617
3991,train,Nc1ncnc2sc(nc12)c3c(ncn3Cc4ccccc4N5CCOCC5)c6ccccc6,3.58,2.1793452380952383,-1.4006547619047618
1575,train,[O-][N+](=O)c1ccc2[nH]ncc2c1,2.2,2.1793452380952383,-0.020654761904761898
2819,train,Fc1cc(c(F)cc1Oc2ccc(Cl)cc2c3ccnn3C4CNC4)S(=O)(=O)Nc5ncns5,1.0,2.1793452380952383,1.1793452380952383
1880,train,CC(=O)Nc1ccc(cc1)S(=O)(=O)Nc2ccccn2,0.24,2.1793452380952383,1.9393452380952383
3462,train,CS(=O)(=O)c1ccc(cc1Cl)[C@@H](CC2CCCC2)C(=O)Nc3cnc(cn3)[C@H](O)CO,2.58,2.1793452380952383,-0.4006547619047618
1468,train,ON(C=O)C1(CS(=O)(=O)N2CCN(CC2)c3ccc(F)cc3)CCC1,1.34,2.1793452380952383,0.8393452380952382
3773,train,COc1ccc2N=NC(=O)N(CCN3CCC(CC3)NCc4ccc5OCC(=O)Nc5n4)c2c1,-0.65,2.1793452380952383,2.829345238095238
3047,train,CCN1CCC[C@@H](CN2CCN(CC2)C(=O)Nc3ccc(Cl)c(Cl)c3)C1,1.94,2.1793452380952383,0.23934523809523833
2407,train,OCC(O)CN1CCN(CC1)c2ccccc2,0.4,2.1793452380952383,1.7793452380952384
4111,train,NNCCc1ccccc1,-0.01,2.1793452380952383,2.189345238095238
1841,train,Cn1c(ccc1c2ccc3NC(=S)OC(C)(C)c3c2)C#N,3.4,2.1793452380952383,-1.2206547619047616
3993,train,CN1CCN(CCOc2n[nH]c3ncnc(Nc4ccc(OCc5ccccn5)c(Cl)c4)c23)CC1,2.45,2.1793452380952383,-0.2706547619047619
3003,train,Cc1cc(nc(n1)n2ccnc2)N3CCC[C@@H]3C(=O)NCCc4ccc5OCOc5c4,2.5,2.1793452380952383,-0.3206547619047617
2864,train,CC(C)(C)C(O)\C(=C/c1ccc(Cl)cc1Cl)\n2cncn2,3.8,2.1793452380952383,-1.6206547619047615
3347,train,COc1cc2CC[C@H](NC(=O)C)c3cc(O)ccc3c2c(OC)c1OC,1.81,2.1793452380952383,0.3693452380952382
3496,train,NC1(CCN(CC1)c2ncnc3[nH]ccc23)C(=O)NC(Cc4ccccc4)c5ccc(Cl)cc5,4.1,2.1793452380952383,-1.9206547619047614
1931,train,CN(C)C(=O)CN1C(=O)C(Cc2ccccc12)NC(=O)c3cc4cc(Cl)sc4[nH]3,3.07,2.1793452380952383,-0.8906547619047616
1396,train,Cc1ccc(cc1)c2ccc(F)cc2COc3ccc(CCC(=O)O)cc3,3.24,2.1793452380952383,-1.060654761904762
3765,train,COc1ccc2nccc(C(O)C3CC4(CCN3CC4)C=C)c2c1,2.08,2.1793452380952383,0.09934523809523821
3491,train,CCc1cc2C(=NCc3nnc(C)n3c2s1)c4ccccc4Cl,2.52,2.1793452380952383,-0.34065476190476174
834,train,CC(=O)NCC(NC(=O)C1(N)CCN(CC1)c2ncnc3[nH]ccc23)c4ccc(Cl)cc4,2.4,2.1793452380952383,-0.22065476190476163
384,train,Cc1ccc(cc1)S(=O)(=O)Nc2c(cnn2c3ccccc3)C(=O)NCc4ccccc4,1.9,2.1793452380952383,0.27934523809523837
1958,train,Nc1scc2C(=NN(C(=O)c12)c3ccc(F)cc3)C(=O)NC4CC4,2.8,2.1793452380952383,-0.6206547619047615
4102,train,O=C(CSc1ccccc1)N2CCN(CC2)C(=O)c3occc3,1.6,2.1793452380952383,0.5793452380952382
2256,train,CC(C)(C)OC(=O)N1CCN(CC1)c2ncc(OCc3ccncc3F)cn2,3.6,2.1793452380952383,-1.4206547619047618
1311,train,CN1C(=O)N(CC2CC2)c3nn(Cc4ccnc5ccc(Cl)cc45)c(c6oc(cc6Cl)S(=O)(=O)C)c3C1=O,3.97,2.1793452380952383,-1.790654761904762
2078,train,CNS(=O)(=O)c1ccc2C(=CNC(=O)c2c1)C(=O)NC[C@@H](O)CN3CCC(CC3)Oc4ccc(Cl)c(Cl)c4,2.77,2.1793452380952383,-0.5906547619047617
467,train,COc1cc(N2CC[C@H](C2)N(C)C)c3NC(=CC(=O)c3c1)C(=O)Nc4ccc(cc4)N5CCOCC5,2.7,2.1793452380952383,-0.5206547619047619
3990,train,Clc1ccc(CNc2nc(nc3ncccc23)N4CCN(CC4)C(=O)[C@H]5CCCCN5)c(Cl)c1,2.27,2.1793452380952383,-0.09065476190476174
2607,train,CCCc1c(O)c(ccc1OCc2ccc(cc2)c3nn[nH]n3)C(=O)C,3.1,2.1793452380952383,-0.9206547619047618
1940,train,CN(C)c1cccc2c(cccc12)S(=O)(=O)N,1.95,2.1793452380952383,0.22934523809523832
4086,train,Nc1ccc(cc1)S(=O)(=O)Nc2ccccn2,-0.01,2.1793452380952383,2.189345238095238
195,train,Nc1nc(N)nc(n1)c2cccc(c2)C(F)(F)F,2.4,2.1793452380952383,-0.22065476190476163
2095,train,CC(C)CN1C(=O)N(C)C(=O)c2cn(Cc3cccc4ccccc34)cc12,4.41,2.1793452380952383,-2.230654761904762
3078,train,CN(Cc1oc2ccccc2c1C)C(=O)\C=C\c3cnc4NC(=O)CCc4c3,2.36,2.1793452380952383,-0.1806547619047616
2694,train,Cc1ccc(CCOCCNS(=O)(=O)CCCNCCc2ccc(O)c3nc(O)sc23)cc1,2.07,2.1793452380952383,0.10934523809523844
3517,train,NCC[C@@H](Oc1ccc(Cl)cc1C#N)c2ccccc2,0.91,2.1793452380952383,1.2693452380952381
3469,train,CCOc1ccccc1c2ccc3c(c2)C(=O)C(=O)c4ccccc34,2.67,2.1793452380952383,-0.49065476190476165
2970,train,Cc1ccc2c(c1)c(Sc3ccccc3Cl)c(C)n2CC(=O)O,1.71,2.1793452380952383,0.4693452380952383
13,train,CCCSc1ncccc1C(=O)N2CCCC2c3ccncc3,1.95,2.1793452380952383,0.22934523809523832
2144,train,CC1(C)CC(=O)c2c(N)c3ccccc3nc2C1,3.0,2.1793452380952383,-0.8206547619047617
2200,train,O=C1N(Cc2ccccc12)C3CCN(CCC(c4ccccc4)c5ccccc5)CC3,4.1,2.1793452380952383,-1.9206547619047614
2983,train,CC1=C(C(=O)N(C[C@H](N)c2ccccc2)C(=O)N1Cc3c(F)cccc3F)c4ccccc4F,2.76,2.1793452380952383,-0.5806547619047615
3671,train,CC(C)n1c2ccccc2c3cc(NC(=O)N4CCOCC4)ccc13,3.55,2.1793452380952383,-1.3706547619047615
2367,train,O=C(COCc1ccccc1)Nc2ccc3c(c2)C(=O)C(=O)c4ccccc34,3.21,2.1793452380952383,-1.0306547619047617
2779,train,CN(C)S(=O)(=O)c1ccc2OCC(=O)N(CCN3CCC(CC3)NCc4ccc5OCC(=O)Nc5n4)c2c1,0.15,2.1793452380952383,2.0293452380952384
3217,train,COc1cc2c(Nc3ccc(Cl)cc3F)ncnc2cc1OCCCN4CCOCC4,3.4,2.1793452380952383,-1.2206547619047616
379,train,O=C(N1CCN(CC1)c2ncccn2)c3cccc(CC4=NNC(=O)c5ccccc45)c3,2.13,2.1793452380952383,0.049345238095238386
2720,train,Nc1nccc(n1)c2cccs2,1.75,2.1793452380952383,0.4293452380952383
4186,train,O[C@@H](CNCCOCCCNCCc1cccc(Cl)c1)c2ccc(O)c3NC(=O)Sc23,0.83,2.1793452380952383,1.3493452380952382
2498,train,CCSc1ccc(cc1)c2cc(ccc2OCC(=O)O)C(F)(F)F,1.54,2.1793452380952383,0.6393452380952382
4002,train,Cc1onc(c2ccccc2)c1c3ccc(cc3)S(=O)(=O)N,2.37,2.1793452380952383,-0.19065476190476183
1298,train,CNC1=Nc2ncccc2C(=NC1c3ccns3)c4occc4,1.44,2.1793452380952383,0.7393452380952383
155,train,COC(=O)C1=Nc2c(N[C@H](C)CO)nc(SCc3cccc(F)c3F)nc2NC1=O,2.49,2.1793452380952383,-0.31065476190476193
35,train,CN(C)c1ccnc2sc(C(=O)NCc3ccccc3)c(N)c12,3.62,2.1793452380952383,-1.4406547619047618
3946,train,C[C@H]1CN(Cc2cc(Cl)ccc2OCC(=O)O)CCN1C(=O)Cc3cccc(Cl)c3,0.78,2.1793452380952383,1.3993452380952383
1374,train,CC(C)C(NC(=O)CN1C(=O)C(=CC=C1c2ccccc2)NC(=O)OCc3ccccn3)C(=O)C(F)(F)F,1.91,2.1793452380952383,0.26934523809523836
1041,train,Oc1ccc(CC(=O)c2ccc(O)cc2O)cc1,2.54,2.1793452380952383,-0.36065476190476176
3527,train,COc1cc2ncnc(Nc3ccc(F)c(Cl)c3)c2cc1OCCN(C)C,3.26,2.1793452380952383,-1.0806547619047615
2696,train,CCn1c(SCC(=O)Nc2c(cnn2c3ccccc3)C#N)nnc1c4cccs4,2.1,2.1793452380952383,0.07934523809523819
3069,train,CNc1nc2ccccc2n1Cc3sc4N(CC(C)C)C(=O)N(C)C(=O)c4c3C(=O)N5C[C@H](O)CO5,1.77,2.1793452380952383,0.40934523809523826
3712,train,NS(=O)(=O)c1cccc(Nc2nccc(Nc3c(Cl)ccc4OCOc34)n2)c1,2.97,2.1793452380952383,-0.7906547619047619
3162,train,CN(C)C(=O)[C@H](O)[C@H](Cc1ccccc1)NC(=O)c2cc3cc(Cl)ccc3[nH]2,3.6,2.1793452380952383,-1.4206547619047618
351,train,Clc1ccc2C(=O)C3=C(Nc2c1)C(=O)NN(Cc4ccsc4)C3=O,1.11,2.1793452380952383,1.0693452380952382
521,train,Clc1cccc(CN2C=CN3C(=O)C=C(N=C23)N4CCOCC4)c1Cl,3.3,2.1793452380952383,-1.1206547619047615
411,train,CN1CCOc2cc(COC3CCCCC3)cnc12,3.1,2.1793452380952383,-0.9206547619047618
4068,train,C[C@H]1C[C@H]2[C@@H]3CC[C@H](C(=O)C)[C@@]3(C)C[C@H](O)[C@@H]2[C@@]4(C)CCC(=O)C=C14,3.25,2.1793452380952383,-1.0706547619047617
930,train,CN1CC(C1)n2nccc2c3cc(Cl)ccc3Oc4cc(F)c(cc4F)S(=O)(=O)Nc5ncns5,1.0,2.1793452380952383,1.1793452380952383
934,train,CC(NC(=O)C1(N)CCN(CC1)c2ncnc3[nH]ccc23)c4ccc(F)cc4,2.4,2.1793452380952383,-0.22065476190476163
282,train,O=C1CCOc2nc(ccc12)C#CC3CCCC3,3.0,2.1793452380952383,-0.8206547619047617
1713,train,OC(=O)CCC(=O)c1ccc(cc1)c2ccccc2,0.58,2.1793452380952383,1.5993452380952382
2066,train,CCN1CCN(CC(=O)Nc2ccc(c3cccc4C(=O)C=C(Oc34)N5CCOCC5)c6sc7ccccc7c26)CC1,3.05,2.1793452380952383,-0.8706547619047615
443,train,COc1cc2ncc(C(=O)N)c(Nc3ccc(F)cc3F)c2cc1OC,2.95,2.1793452380952383,-0.7706547619047619
1819,train,CCN1C=C(C(=O)O)C(=O)c2cc(F)c(nc12)N3CCNCC3,-0.83,2.1793452380952383,3.0093452380952384
335,train,NS(=O)(=O)c1cc2c(NC(Cc3ccccc3)NS2(=O)=O)cc1C(F)(F)F,1.78,2.1793452380952383,0.39934523809523825
3059,train,COc1cc2ncnc(Nc3cc(NC(=O)c4ccnc(c4)N5CCOCC5)ccc3C)c2cc1OCCN(C(C)C)C(C)C,3.5,2.1793452380952383,-1.3206547619047617
599,train,CCC(C)NC(=O)c1c(C)nn(c1NS(=O)(=O)c2ccc(C)cc2)c3ccccc3,0.66,2.1793452380952383,1.5193452380952381
1124,train,CC(C)C[C@@H](N1CCC[C@@H](C1)N2C=C(C)C(=O)NC2=O)c3ccc(C(=O)O)c(Oc4cccc(Cl)c4)c3,0.91,2.1793452380952383,1.2693452380952381
1667,train,CC(=O)Nc1cccc2c1c(Oc3ccc(Cl)cc3)c(C)n2CC(=O)O,-1.41,2.1793452380952383,3.5893452380952384
3911,train,COC(=O)N1CCN(C(CC(=O)NCc2ccc3OCOc3c2)C1)c4ccnc(n4)n5ccnc5,1.88,2.1793452380952383,0.2993452380952384
601,train,COc1ccc2c(c1)c(CC(=O)O)c(C)n2c3ccnc4cc(Cl)ccc34,1.68,2.1793452380952383,0.49934523809523834
618,train,Nc1ncc2cc(c(N)nc2n1)c3c(Br)cccc3Br,2.06,2.1793452380952383,0.11934523809523823
3908,train,Oc1cccc2nc(cc(O)c12)c3ccccc3,3.37,2.1793452380952383,-1.1906547619047618
408,train,Cc1c(Oc2ccc(Cl)cc2)c3cc(ccc3n1CC(=O)O)C(F)(F)F,2.28,2.1793452380952383,-0.10065476190476152
2328,train,OC(=O)[C@H](Cc1ccc(cc1)C#CCCNc2ccccn2)NC(=O)c3c(Cl)cccc3Cl,0.27,2.1793452380952383,1.9093452380952383
705,train,COc1c(Nc2ccc(nc2C)S(=O)(=O)C)ncnc1OC3CCN(CC3)C(=O)OC(C)C,2.4,2.1793452380952383,-0.22065476190476163
792,train,C1CN2C[C@@H](N=C2S1)c3ccccc3,0.81,2.1793452380952383,1.3693452380952382
565,train,Oc1ccc2OC(=O)C(=Cc2c1)c3ccccc3,3.12,2.1793452380952383,-0.9406547619047618
159,train,O=C(NC1(CC1)C#N)[C@@H]2CCCC[C@H]2C(=O)N3CCN(CC3)c4ncc(C#N)s4,1.2,2.1793452380952383,0.9793452380952383
2838,train,Cc1cn(C[C@H]2CN(C(=O)O2)c3ccc(C4=CCS(=O)(=O)CC4)c(F)c3)nn1,1.25,2.1793452380952383,0.9293452380952383
854,train,OC(=O)CCCS(=O)(=O)c1cccc(c1)C(=O)N2CCC(CC2)N3CCC(CC3)Oc4ccc(Cl)c(Cl)c4,0.66,2.1793452380952383,1.5193452380952381
899,train,CCN(CC)CCOC(=O)c1ccc(N)cc1,0.0,2.1793452380952383,2.1793452380952383
3764,train,N#Cc1cccc(c1)c2onc(n2)c3ccccn3,2.2,2.1793452380952383,-0.020654761904761898
585,train,Nc1ncnc2sc(nc12)c3c(ncn3C[C@H]4CCCO4)c5ccccc5,2.65,2.1793452380952383,-0.47065476190476163
2307,train,Cc1c(Cl)ccc(OC2CCN(C[C@H](O)CNC(=O)C3=CNC(=O)C=C3C(F)(F)F)CC2)c1Cl,3.14,2.1793452380952383,-0.9606547619047618
2911,train,Clc1ccc(OC2CCN(CC2)C3CCN(CC3)C(=O)NS(=O)(=O)c4ccccc4Cl)cc1Cl,1.93,2.1793452380952383,0.24934523809523834
2237,train,COc1cc(cc(OC)c1OC)C(=O)N2CC[C@@](CCN3CCC(CC3)(C(=O)N)c4ccccc4)(C2)c5ccc(Cl)c(Cl)c5,3.23,2.1793452380952383,-1.0506547619047617
2693,train,Cc1nc(Nc2ncc(s2)C(=O)Nc3c(C)cccc3Cl)cc(n1)N4CCN(CCO)CC4,3.41,2.1793452380952383,-1.2306547619047619
3748,train,CN(C)CCCC(NC(=O)C1(N)CCN(CC1)c2ncnc3[nH]ccc23)c4ccc(Cl)cc4,1.4,2.1793452380952383,0.7793452380952384
1869,train,CN1C(=O)C(=Cc2cnc(NC3CCOCC3)nc12)Oc4ccc(F)cc4F,2.76,2.1793452380952383,-0.5806547619047615
575,train,Cc1cc(COc2cnc(nc2)N3CCN(CC3)C(=O)OC(C)(C)C)ccn1,3.7,2.1793452380952383,-1.520654761904762
3453,train,Brc1cc(Br)cc(COC[C@@H](N2CCNCC2)c3ccccc3)c1,2.8,2.1793452380952383,-0.6206547619047615
1142,train,C[C@H]1CCCN1CCc2oc3ccc(cc3c2)c4ccc(cc4)C#N,3.25,2.1793452380952383,-1.0706547619047617
2186,train,Fc1ccc(cc1)C(=O)N2CCC(CC2)C(=O)c3ccc(Cl)cc3,3.49,2.1793452380952383,-1.310654761904762
1616,train,Nc1nc(nn1Cc2ccccc2)c3ccccc3,1.91,2.1793452380952383,0.26934523809523836
853,train,Cc1sc2ncnc(SCC(=O)N3CCN(CC3)C(=O)c4occc4)c2c1C,2.7,2.1793452380952383,-0.5206547619047619
1288,train,CS(=O)(=O)c1ccc2C(=CNC(=O)c2c1)C(=O)NC[C@@H](O)CN3CCC(CC3)Oc4ccc(Cl)c(Cl)c4,2.63,2.1793452380952383,-0.4506547619047616
1385,train,Cc1ccc2c(c1)c(Sc3ccccc3)c(CC(=O)O)n2C,1.74,2.1793452380952383,0.4393452380952383
57,train,CCC(CC)NC(=O)c1cnn(C)c1NS(=O)(=O)c2ccc(C)cc2,0.36,2.1793452380952383,1.8193452380952384
2820,train,Clc1cccc(c1)c2cnc3ccc(NC4CCOCC4)nn23,4.3,2.1793452380952383,-2.1206547619047615
1165,train,Fc1cccc(F)c1CS(=O)(=O)N2CCN(CC2)c3ncccc3C(F)(F)F,3.9,2.1793452380952383,-1.7206547619047616
2649,train,COc1ccc(N(C(C)C(=O)NC2CCCC2)C(=O)c3ccccc3)c(OC)c1,3.02,2.1793452380952383,-0.8406547619047617
2939,train,CNC(=O)C1(CCN(CC[C@H](CN(C)C(=O)c2c(OC)c(cc3ccccc23)C#N)c4ccc(Cl)c(Cl)c4)CC1)N5CCCNC5=O,2.2,2.1793452380952383,-0.020654761904761898
4028,train,CC(C)Cc1ccc(cc1)[C@H](C)C(=O)NS(=O)(=O)C,0.56,2.1793452380952383,1.6193452380952382
3055,train,CC(C)(C)OC(=O)N1CCN(CC1)c2ccc(OCc3ccc(cc3)S(=O)(=O)C)nc2,3.1,2.1793452380952383,-0.9206547619047618
1364,train,CC(C)c1noc(n1)N2CCN([C@H](C)C2)c3ncc(OCc4ccncc4C#N)cn3,3.1,2.1793452380952383,-0.9206547619047618
2810,train,Fc1ccc(cc1)S(=O)(=O)Cc2cc(nc(n2)c3ccccn3)N4CCOCC4,1.59,2.1793452380952383,0.5893452380952382
2632,train,CCC(N(CCCN)C(=O)c1ccccc1)C2=Nc3ccsc3C(=O)N2Cc4ccccc4,1.38,2.1793452380952383,0.7993452380952384
2835,train,CCN1CCC[C@H]1CNC(=O)c2cc(ccc2OC)S(=O)(=O)N,-0.84,2.1793452380952383,3.019345238095238
69,train,Clc1cccc2cn[nH]c12,2.33,2.1793452380952383,-0.1506547619047618
3915,train,OC(=O)c1cc2cc(ccc2n1Cc3ccc(Cl)c(Cl)c3)[N+](=O)[O-],1.79,2.1793452380952383,0.38934523809523824
2389,train,C[C@@H]1CN(CCN1C(=O)[C@@H]2CCCC[C@H]2C(=O)NC3(CC3)C#N)c4ccccc4,2.35,2.1793452380952383,-0.1706547619047618
2176,train,COc1ccc(Cl)cc1C(=O)Nc2nc3ccccc3[nH]2,4.05,2.1793452380952383,-1.8706547619047615
1836,train,Nc1nccc(n1)c2cc3C(=O)NC[C@@H](CCF)c3[nH]2,0.51,2.1793452380952383,1.6693452380952383
1600,train,CNc1cccc(CCOc2ccc(C[C@H](NC(=O)c3c(F)cccc3Cl)C(=O)O)cc2)n1,-0.42,2.1793452380952383,2.599345238095238
299,train,COc1ccc(cc1)C(=O)NCc2cn(nn2)c3cc(C)nc4ccc(OC)cc34,3.5,2.1793452380952383,-1.3206547619047617
1974,train,CCOC(=O)[C@H](Cc1ccc(O)cc1)NC(=O)c2cccc3ccccc23,3.12,2.1793452380952383,-0.9406547619047618
1100,train,CCN(CC)S(=O)(=O)c1ccc(cc1)c2cc(ccc2OCC(=O)O)C(F)(F)F,0.67,2.1793452380952383,1.5093452380952384
2726,train,CC(C)NCC(O)COc1ccc(CCOCC2CC2)cc1,0.63,2.1793452380952383,1.5493452380952384
913,train,COc1ccc(cc1)C(=O)N2CCC(CC2)C(=O)c3ccc(F)cc3,2.92,2.1793452380952383,-0.7406547619047616
3074,train,CCN(CC)Cc1cc(Nc2ccnc3cc(Cl)ccc23)ccc1O,2.9,2.1793452380952383,-0.7206547619047616
3575,train,C[C@H](CO)Nc1nc(SCc2cccc(F)c2F)nc3nc(N)sc13,3.29,2.1793452380952383,-1.1106547619047618
1020,train,CN1CCN(CC1)C(=O)[C@@H]2CCCC[C@H]2C(=O)NCC#N,-0.1,2.1793452380952383,2.2793452380952384
285,train,COc1ccc(cc1OC)N2CCN(CC2)C(=O)[C@@H]3CCCC[C@H]3C(=O)NC4(CC4)C#N,1.4,2.1793452380952383,0.7793452380952384
2692,train,CN(C)N(C)C(=O)[C@@]1(Cc2ccccc2)CCCN(C1)C(=O)[C@@H](Cc3c[nH]c4ccccc34)NC(=O)C(C)(C)N,2.1,2.1793452380952383,0.07934523809523819
642,train,CC(C)Oc1cc(Oc2ccc(cc2)S(=O)(=O)C)cc(c1)C(=O)Nc3nccs3,3.61,2.1793452380952383,-1.4306547619047616
7,train,CNc1cccc(CCOc2ccc(C[C@H](NC(=O)c3c(Cl)cccc3Cl)C(=O)O)cc2C)n1,0.34,2.1793452380952383,1.8393452380952382
3157,train,CC(C(=O)Nc1ccc(Cl)cc1)c2ncc(cc2Cl)C(F)(F)F,4.19,2.1793452380952383,-2.010654761904762
1646,train,O.O.O.CC(=O)O[C@@]12CO[C@@H]1C[C@H](O)[C@]3(C)[C@@H]2[C@H](OC(=O)c4ccccc4)[C@]5(O)C[C@H](OC(=O)[C@H](O)[C@@H](NC(=O)OC(C)(C)C)c6ccccc6)C(=C([C@@H](O)C3=O)C5(C)C)C,3.4,2.1793452380952383,-1.2206547619047616
3083,train,Fc1ccc(F)c(NS(=O)(=O)c2ccc(Cl)cc2)c1,2.9,2.1793452380952383,-0.7206547619047616
206,train,CC(C)C(NC(=O)CN1C(=O)C(=CC=C1c2ccccc2)NS(=O)(=O)N)C(=O)C(F)(F)F,1.17,2.1793452380952383,1.0093452380952384
3881,train,COc1cc(F)ccc1c2cccc(CNC3CCCC3)n2,2.06,2.1793452380952383,0.11934523809523823
3506,train,OC(=O)COCCN1CCN(CC1)C(c2ccccc2)c3ccc(Cl)cc3,1.27,2.1793452380952383,0.9093452380952383
2587,train,Nc1cc(ncn1)c2ccccc2,1.91,2.1793452380952383,0.26934523809523836
1941,train,Cc1[nH]c(C(=O)NC2CCN(CC2)c3nc(cs3)C(=O)O)c(Cl)c1Cl,0.14,2.1793452380952383,2.039345238095238
1309,train,N[C@H](Cc1c[nH]c2ccccc12)C(=O)O,-0.92,2.1793452380952383,3.099345238095238
1096,train,Nc1cccc2C(=O)C(=O)c3ccccc3c12,2.31,2.1793452380952383,-0.13065476190476177
1613,train,CCN(C1CCN(CCC(C2CCN(CC2)S(=O)(=O)CC)c3ccccc3)CC1)C(=O)Cc4ccc(cc4)S(=O)(=O)C,1.63,2.1793452380952383,0.5493452380952384
2312,train,CC(N1NC(=O)C2=C(C1=O)C(=O)c3ccc(Cl)cc3N2)c4oc5ccccc5c4,2.1,2.1793452380952383,0.07934523809523819
1594,train,CCNC1=CC=C(N(CC(=O)NC(C(C)C)C(=O)C(F)(F)F)C1=O)c2ccccc2,2.37,2.1793452380952383,-0.19065476190476183
1757,train,O=C1C(=O)c2cccnc2c3ccccc13,1.88,2.1793452380952383,0.2993452380952384
4066,train,OCCCNCCCOc1ccc(Cl)c(c1)C(=O)NCC23CC4CC(CC(C4)C2)C3,1.41,2.1793452380952383,0.7693452380952384
3611,train,Cc1cc(CNc2nccc(Nc3cc(CCc4ccccc4)[nH]n3)n2)on1,3.56,2.1793452380952383,-1.3806547619047618
2209,train,Cc1ccc(cc1)S(=O)(=O)Nc2c(cnn2c3ccccc3)C(=O)NC4CCCCC4,0.8,2.1793452380952383,1.3793452380952382
1950,train,CC1(C)COCc2sc(nc12)N3CCN(CC3)C(=O)[C@@H]4CCCC[C@H]4C(=O)NC5(CC5)C#N,2.4,2.1793452380952383,-0.22065476190476163
812,train,C[C@H](NC(=O)c1c(C)nn(C2CCN(C)CC2)c1NS(=O)(=O)c3ccc(C)cc3)C(C)(C)C,0.8,2.1793452380952383,1.3793452380952382
1964,train,CC(C)n1c(C)ncc1c2ccnc(Nc3ccc(cc3)N4CCN(CC4)C(=O)CN(C)C)n2,3.31,2.1793452380952383,-1.1306547619047618
1377,train,CN(C)CC\C=C\1/c2ccccc2Sc3ccc(Cl)cc13,3.42,2.1793452380952383,-1.2406547619047616
1059,train,ONC(=O)c1ccc(NS(=O)(=O)c2ccccc2)cc1,0.75,2.1793452380952383,1.4293452380952383
704,train,CC(=O)NC1CC2CCCC(C1)N2C(=O)Nc3ccc(Cl)c(c3)C(F)(F)F,2.79,2.1793452380952383,-0.6106547619047618
2433,train,CN1CCC(=CC1)c2cccc(O)c2,0.53,2.1793452380952383,1.6493452380952383
3546,train,COc1ccc(CNCc2cccc(CCNC[C@H](O)c3ccc(O)c4NC(=O)Sc34)c2)cc1,0.86,2.1793452380952383,1.3193452380952384
2203,train,COc1cc2cc(nc(C)c2cc1OC)c3ccc(O)cc3O,3.9,2.1793452380952383,-1.7206547619047616
1589,train,Cc1ccc(cc1)n2nc(cc2NC(=O)Nc3ccc(OCCN4CCOCC4)c5ccccc35)C(C)(C)C,4.49,2.1793452380952383,-2.310654761904762
367,train,COc1ccc(cc1)S(=O)(=O)NC(=O)N2CCC(CC2)N3CCC(CC3)Oc4ccc(Cl)c(Cl)c4,1.39,2.1793452380952383,0.7893452380952384
2467,train,COc1ccc(cc1)c2cc3c(N[C@H]4CCCNC4)ncc(C(=O)N)c3s2,1.82,2.1793452380952383,0.3593452380952382
888,train,Nc1ncnc2c1ncn2[C@@H]3O[C@H](CSCCCNC(=O)NCc4ccccc4)[C@@H](O)[C@H]3O,0.9,2.1793452380952383,1.2793452380952384
1810,train,Cc1sc(CN2CCNCC2)cc1C(=O)NCC34CC5CC(CC(C5)C3)C4,2.55,2.1793452380952383,-0.37065476190476154
239,train,CC(C)(C)OC(=O)N1CCN(CC1)c2ncc(OCc3ccc(cc3)S(=O)(=O)C)cn2,3.27,2.1793452380952383,-1.0906547619047617
1530,train,CC(C)N1CCN(CC1)C(=O)NCc2ccc(Cl)c(Cl)c2,2.75,2.1793452380952383,-0.5706547619047617
4043,train,O[C@H](C[C@H](O)\C=C\c1c(nc2ccccc2c1c3ccc(F)cc3)C4CC4)CC(=O)O,0.91,2.1793452380952383,1.2693452380952381
550,train,Cc1cc(N)c2cc(NC(=O)CCCCC(=O)Nc3ccc4nc(C)cc(N)c4c3)ccc2n1,0.53,2.1793452380952383,1.6493452380952383
1241,train,OCc1ccc(OC2CCN(CC3CCN(CC3)[C@@H](Cc4ccccc4)C(=O)O)CC2)cc1Cl,0.8,2.1793452380952383,1.3793452380952382
2149,train,Clc1c(ccnc1N2CCNCC2)C(=O)NCC34CC5CC(CC(C5)C3)C4,1.77,2.1793452380952383,0.40934523809523826
2431,train,CN[C@@H](C)C(=O)N[C@@H](C1CCCCC1)C(=O)N[C@H]2CCCN(C2)C(=O)c3ccccc3,0.87,2.1793452380952383,1.3093452380952382
478,train,CNC(=O)c1ccc(CCC(COc2ccc(cc2)c3cccc(c3)[N+](=O)[O-])N4C(=O)CSC4=O)cc1,3.5,2.1793452380952383,-1.3206547619047617
141,train,CN1SC(=NC1=O)NC(=O)c2cccc(Cl)c2,0.87,2.1793452380952383,1.3093452380952382
3382,train,O=C1C=C(N=C2N1C=Cc3ccccc23)N4CCOCC4,2.78,2.1793452380952383,-0.6006547619047615
17,train,CCC(COC(=O)c1cc(OC)c(OC)c(OC)c1)(N(C)C)c2ccccc2,3.77,2.1793452380952383,-1.5906547619047617
2760,train,CNC(=O)c1ccc(Nc2ncc(F)c(n2)c3cnc(C)n3C(C)C)cc1F,3.31,2.1793452380952383,-1.1306547619047618
4064,train,COc1cc(Nc2nc(N[C@@H](C)c3ncc(F)cn3)nc(N4CCOCC4)c2F)n[nH]1,2.64,2.1793452380952383,-0.46065476190476184
2164,train,CCc1nc2c(N)nc3ccccc3c2n1CC(C)(C)O,1.38,2.1793452380952383,0.7993452380952384
2940,train,Oc1cccc(NC(=O)c2ccc(OCCCN3CCCC3)cc2OCc4cccnc4)c1,1.59,2.1793452380952383,0.5893452380952382
2239,train,O=S(=O)(Nc1cccnc1)c2cccs2,0.54,2.1793452380952383,1.6393452380952382
1353,train,COc1cc(ccc1OCCN2CCCC2)N3C=Nc4cc(sc4C3=O)c5ccc(Cl)cc5,2.74,2.1793452380952383,-0.5606547619047619
438,train,Oc1cc(O)c2C(=O)C(=COc2c1)c3ccc(O)c(O)c3,2.45,2.1793452380952383,-0.2706547619047619
586,train,CC(C)C(NC(=O)CN1C(=O)C(=CN=C1C2CCCCC2)NC(=O)OCc3ccccc3)C(=O)C(F)(F)F,2.87,2.1793452380952383,-0.6906547619047618
1874,train,CCOc1ccccc1c2ccc(cc2)c3nc4ccc(F)cc4c(C(=O)O)c3C,1.18,2.1793452380952383,0.9993452380952383
582,train,CC(=O)Nc1nnc(s1)S(=O)(=O)N,-0.78,2.1793452380952383,2.9593452380952385
3432,train,CN(C)C(=O)c1ccc(CN2CCC(CC2)c3ccc(cc3)C(=O)Nc4ccccc4N)cc1,1.53,2.1793452380952383,0.6493452380952383
778,train,NC(=O)c1cnc(N[C@H]2CCCNC2)c3cc(sc13)c4ccncc4,0.77,2.1793452380952383,1.4093452380952383
681,train,COc1cc2ncnc(N3CC[C@H](C3)Oc4cnc5ccccc5n4)c2cc1OC,4.04,2.1793452380952383,-1.8606547619047618
2641,train,COCCOc1cc2ncc(C(=O)N)c(Nc3ccc(C)cc3F)c2cc1N4CCN(C)CC4,2.24,2.1793452380952383,-0.060654761904761934
3167,train,COc1ccc(cc1)c2nc3c(NCCCNC(=O)C4CC4)c(Br)cnc3[nH]2,1.71,2.1793452380952383,0.4693452380952383
3932,train,CN[C@@H](C)C(=O)N[C@H](C(=O)N[C@H]1CCCN(CCc2ccccc2OC)C1)C(C)(C)C,1.61,2.1793452380952383,0.5693452380952382
238,train,CN1CCN(CC1)c2ncnc3c2sc4nc(C)cc(C)c34,3.2,2.1793452380952383,-1.020654761904762
2648,train,CC(N1Cc2ccccc2C1=O)c3ccccc3,3.0,2.1793452380952383,-0.8206547619047617
4112,train,CCN(C1CCN(CCC(c2ccccc2)c3ccccc3)CC1)C(=O)NCc4ccc(F)cc4,3.9,2.1793452380952383,-1.7206547619047616
3433,train,COC1=CC=C2C(=CC1=O)[C@H](CCc3cc(OC)c(OC)c(OC)c23)NC(=O)C,0.82,2.1793452380952383,1.3593452380952384
3624,train,Clc1ccc(C2CCN(CC2)C(=O)COCc3ccncc3)c(Cl)c1,2.63,2.1793452380952383,-0.4506547619047616
1194,train,COc1ccc2cc(ccc2c1)[C@H](C)C(=O)O,0.13,2.1793452380952383,2.0493452380952384
1067,train,Cc1ccccc1C(=O)NCC23CC4CC(CC(C4)C2)C3,4.28,2.1793452380952383,-2.100654761904762
3026,train,CCCNc1nc(ccc1C(=O)NC2CCCCC2)N3CCC[C@@H](CC(=O)O)C3,2.33,2.1793452380952383,-0.1506547619047618
2744,train,Nc1nc(nc(N)c1Cc2ccccc2F)c3ccccn3,2.12,2.1793452380952383,0.05934523809523817
2240,train,Brc1ccc(cc1)C(=O)Cn2cnc3ccccc23,3.22,2.1793452380952383,-1.040654761904762
2684,train,COc1ccc(NC(=O)c2oc(Nc3ccccc3F)nn2)cn1,3.2,2.1793452380952383,-1.020654761904762
3962,train,CN1CCN(CC1)S(=O)(=O)c2ccc(cc2)c3cnc(N)c(n3)C(=O)Nc4cnccc4CN5CCCC5,3.28,2.1793452380952383,-1.1006547619047615
1759,train,CNc1c(Br)cnc2[nH]c(nc12)c3cnn(c3)C4CCN(C)CC4,2.5,2.1793452380952383,-0.3206547619047617
1733,train,CC(C)(C)OC(=O)N1CCN(CC1)c2ccc(OCc3ccc(cc3)S(=O)(=O)C)cn2,3.2,2.1793452380952383,-1.020654761904762
1244,train,CCNC(=O)c1ccc(C)c(c1)N2C=Nc3ccc(cc3C2=O)N4CCN(C)CC4,1.47,2.1793452380952383,0.7093452380952383
241,train,Cc1nnsc1C(=O)Nc2ccccc2,0.97,2.1793452380952383,1.2093452380952383
613,train,C[C@H](Oc1ccc(Cl)cc1CN2CCN([C@@H](C)C2)C(=O)Cc3ccc(Cl)cc3)C(=O)O,1.66,2.1793452380952383,0.5193452380952384
1904,train,CCN(C1CCCCC1)C(=O)c2cnn(c2NS(=O)(=O)c3ccc(cc3)c4ocnc4)c5ccccc5,1.46,2.1793452380952383,0.7193452380952383
1635,train,Cc1nc(nc(N2CCCC2)c1Cl)c3ccccn3,3.2,2.1793452380952383,-1.020654761904762
534,train,CCc1ccccc1c2ccc(cc2)c3nc4ccncc4c(O)c3C#N,3.5,2.1793452380952383,-1.3206547619047617
2890,train,CN(CCNC[C@H](O)c1ccc(O)c2NC(=O)Sc12)C(=O)CCOCCc3ccccc3,1.21,2.1793452380952383,0.9693452380952383
1105,train,COc1ccc(Cl)cc1C(=O)NCCc2ccc(cc2)S(=O)(=O)NC(=O)NC3CCCCC3,2.23,2.1793452380952383,-0.0506547619047617
2527,train,CCN(C1CCN(CCC(c2ccccc2)c3ccccc3)CC1)C(=O)NCc4ccc(cc4)S(=O)(=O)C,2.86,2.1793452380952383,-0.6806547619047616
360,train,Cc1cc(Cl)ccc1OC2CCN(C[C@H](O)CNC(=O)c3c[nH]nc3C(F)(F)F)CC2,3.02,2.1793452380952383,-0.8406547619047617
2361,train,CN1CCN(CC1)c2nc(NCCNc3ccc(cc3)[N+](=O)[O-])c4ccccc4n2,2.91,2.1793452380952383,-0.7306547619047619
2564,train,C[C@H](NC(=O)c1c(C)nn(C2CCOCC2)c1NS(=O)(=O)c3ccc(cc3)C4CC4)C(C)(C)C,1.23,2.1793452380952383,0.9493452380952383
3211,train,Cc1nc(C)c(nc1C(=O)N)c2ccc([C@@H]3CC[C@@H](CC(=O)O)CC3)c(Cl)c2,1.8,2.1793452380952383,0.37934523809523824
581,train,CC(C)Oc1ccc(cc1)C(=O)Nc2cc(NC(=O)c3cccc(c3)N(C)C)ccc2C,3.1,2.1793452380952383,-0.9206547619047618
3019,train,Clc1ccc(cc1)C(=O)CN2C3=NCCN3c4ccccc24,2.62,2.1793452380952383,-0.4406547619047618
4160,train,CCOc1ccccc1CNCc2cccc(CCNC[C@H](O)c3ccc(O)c4NC(=O)Sc34)c2,1.13,2.1793452380952383,1.0493452380952384
1960,train,CCCC1CCCCC(=N1)N,1.1,2.1793452380952383,1.0793452380952382
2232,train,O=C(Cc1cccc2ccccc12)Nc3ccccc3,3.9,2.1793452380952383,-1.7206547619047616
605,train,CCN(CC)CCOc1ccc(cc1OC)N(C)C(=O)c2ccc(cc2)c3ccc(cc3)C(F)(F)F,3.13,2.1793452380952383,-0.9506547619047616
2661,train,COc1ccc(NC(=O)c2ccc(c(C)c2)c3ccncc3)cc1N4CCN(C)CC4,2.56,2.1793452380952383,-0.3806547619047618
3699,train,Cc1cc2nc(NC(=N)N)nc(C)c2cc1C,0.7,2.1793452380952383,1.4793452380952383
894,train,O=S(=O)(Nc1nc(nn1Cc2ccccc2)c3ccccc3)c4ccccc4,1.25,2.1793452380952383,0.9293452380952383
1989,train,C[C@H]1CN(Cc2cc(Cl)ccc2CC(=O)O)CCN1S(=O)(=O)Cc3ccccc3,1.12,2.1793452380952383,1.0593452380952382
1000,train,NC(=O)c1cccc(O[C@H]2C[C@H]3CC[C@@H](C2)N3Cc4ccccc4)c1,1.61,2.1793452380952383,0.5693452380952382
1505,train,O=C1N2CCOC2=Nc3ccccc13,0.6,2.1793452380952383,1.5793452380952382
992,train,Fc1ccc2OCC(=O)N(CCN3CCC(CC3)NCc4ccc5OCC(=O)Nc5n4)c2c1,0.9,2.1793452380952383,1.2793452380952384
3336,train,O=C(Nc1ccc(nc1)N2CCOCC2)c3oc(Nc4ccccc4)nn3,2.9,2.1793452380952383,-0.7206547619047616
3514,train,CN1C(=O)N(CC2CC2)c3nn(Cc4cn(C)c5ccc(Cl)cc45)c(c6cc(oc6C)S(=O)(=O)C)c3C1=O,4.48,2.1793452380952383,-2.300654761904762
1461,train,CC(C)NCCCOc1ccc(NC(=O)C)cc1CC=C,-0.01,2.1793452380952383,2.189345238095238
1016,train,OC(=O)[C@H](Cc1ccc(OCCNc2nc3ccccc3[nH]2)cc1)NC(=O)c4c(Cl)cccc4Cl,0.6,2.1793452380952383,1.5793452380952382
593,train,COc1cc2ncnc(Nc3ccc(OCc4ccccn4)c(C)c3)c2cc1OC,3.6,2.1793452380952383,-1.4206547619047618
781,train,C[C@@H]1CN(Cc2ccc(F)cc2)[C@@H](C)CN1C(=O)c3cc4c(cn(C)c4cc3Cl)C(=O)C(=O)N(C)C,3.6,2.1793452380952383,-1.4206547619047618
248,train,O=C1NC=Nc2[nH]ncc12,-0.42,2.1793452380952383,2.599345238095238
146,train,Clc1ccc(N2CCN(CC2)C(=O)COCc3cscn3)c(Cl)c1,3.07,2.1793452380952383,-0.8906547619047616
2249,train,C[C@H](CO)Nc1nc(SCc2csc(C)n2)nc3NC(=O)Sc13,1.73,2.1793452380952383,0.4493452380952383
37,train,Cn1cncc1c2c3C(=O)N(CC4CC4)C(=O)N(CC5CC5)c3nn2Cc6ccnc7ccc(Cl)cc67,4.33,2.1793452380952383,-2.150654761904762
802,train,CN(c1ccnc(Nc2cccc(c2)S(=O)(=O)C)n1)c3cccc4[nH]ncc34,3.21,2.1793452380952383,-1.0306547619047617
385,train,CN1CCCC(CN2CCN(CC2)C(=O)Nc3ccc(Cl)c(Cl)c3)C1,1.98,2.1793452380952383,0.1993452380952383
3023,train,COc1nccnc1NS(=O)(=O)c2ccc(N)cc2,-0.65,2.1793452380952383,2.829345238095238
924,train,CN(C)CC(O)COc1ccc(Nc2nccc(n2)N(CC#N)c3cc(Cl)ccc3Cl)cc1,2.4,2.1793452380952383,-0.22065476190476163
722,train,CS(=O)(=O)Cc1cc(nc(n1)c2cccc3cc[nH]c23)N4CCOCC4,2.8,2.1793452380952383,-0.6206547619047615
903,train,O=C1C(=O)c2ccccc2c3ccccc13,2.6,2.1793452380952383,-0.4206547619047618
2347,train,COCCOc1nc(N)c2NC(=O)N(Cc3ccccc3)c2n1,2.26,2.1793452380952383,-0.08065476190476151
1576,train,Cc1cc(C)cc(c1)c2[nH]c3ccccc3c2CCNCCCCc4ccncc4,3.3,2.1793452380952383,-1.1206547619047615
710,train,C[C@H](Nc1nc(Nc2cc(C)[nH]n2)cc(n1)N3CCOCC3)c4ncc(F)cn4,1.91,2.1793452380952383,0.26934523809523836
3947,train,O=C(Oc1ccc2C(=O)CCOc2c1)c3ccccc3,3.6,2.1793452380952383,-1.4206547619047618
3392,train,CC(C)(C)NC(=O)C(N(Cc1occc1)C(=O)c2ccc([nH]2)c3ccccc3)c4ccncc4,4.13,2.1793452380952383,-1.9506547619047616
1239,train,C[C@H]1COCCN1c2cc(CS(=O)(=O)C)nc(n2)c3ccc4[nH]ccc4c3,2.38,2.1793452380952383,-0.2006547619047616
770,train,CN(c1cccc(c1)C(=O)Nc2ccc(C)c(NC(=O)c3ccc4ncccc4c3)c2)S(=O)(=O)C,2.8,2.1793452380952383,-0.6206547619047615
2795,train,Clc1cc(Cl)cc(NC(=O)NCC2(CCN(CC3CC3)CC2)c4ccc(cc4)c5cccc(c5)C#N)c1,3.37,2.1793452380952383,-1.1906547619047618
3858,train,Cc1sc(nc1C(F)(F)F)N2CCN(CC2)C(=O)[C@@H]3CCCC[C@H]3C(=O)NC4(CC4)C#N,2.87,2.1793452380952383,-0.6906547619047618
3343,train,COc1c(C)cnc(Cn2cnc3c(Cl)nc(N)nc23)c1C,1.67,2.1793452380952383,0.5093452380952384
3082,train,COc1ncc(cn1)c2cccc3OC[C@H](Cc23)NC(=O)c4ccc(OCC(F)(F)F)nc4,4.3,2.1793452380952383,-2.1206547619047615
3424,train,Oc1cc(Cl)cc(Cl)c1,3.58,2.1793452380952383,-1.4006547619047618
1779,train,CC1=CN(Cc2ccccc2)C(=O)NC1=O,1.19,2.1793452380952383,0.9893452380952383
2774,train,C[C@H]1COCCN1c2nc(N3CCOC[C@@H]3C)c4ccc(nc4n2)c5cccc(c5)C(=O)NCCO,2.49,2.1793452380952383,-0.31065476190476193
2331,train,COc1ccc(cc1)C(=O)N2CCCC2=O,0.93,2.1793452380952383,1.2493452380952381
2991,train,CN1C(=O)NC(=O)C(C)(C2=CCCCC2)C1=O,1.5,2.1793452380952383,0.6793452380952383
630,train,Cc1nc(C)c(nc1C(=O)N)c2ccc3c(CC[C@@]34CC[C@@H](CC4)C(=O)O)c2,1.2,2.1793452380952383,0.9793452380952383
3205,train,C[C@](N)(Cc1ccccc1)c2ccccc2,1.7,2.1793452380952383,0.4793452380952383
3886,train,COc1ccc(COc2nc(Br)cnc2NS(=O)(=O)c3ccc(C)cc3)cc1OCCN(C)C,1.68,2.1793452380952383,0.49934523809523834
2233,train,CNC1(C)C2CCC(C2)C1(C)C,-0.84,2.1793452380952383,3.019345238095238
2797,train,CC(C)c1ccc(NC(=O)NCCCSC[C@H]2O[C@H]([C@H](O)[C@@H]2O)n3cnc4c(N)ncnc34)cc1,2.5,2.1793452380952383,-0.3206547619047617
2474,train,CC1CN(CCN1Cc2cc(Cl)ccc2OCC(=O)O)S(=O)(=O)c3ccccc3,0.69,2.1793452380952383,1.4893452380952383
4088,train,CCNC(=O)c1cc2c(c(cnc2[nH]1)c3cnc(OC)c(c3)C4=NNC(=O)O4)n5ccc(n5)C(F)(F)F,2.32,2.1793452380952383,-0.14065476190476156
1948,train,CCCC[C@H](NC(=O)[C@H](CC(C)C)NC(=O)[C@H](CC(C)C)NC(=O)C)C=O,2.6,2.1793452380952383,-0.4206547619047618
2629,train,Cc1ncc(c2ccnc(Nc3ccc(cc3)S(=O)(=O)N)n2)n1C,1.6,2.1793452380952383,0.5793452380952382
1202,train,CCC(C)(C)C[C@@H](N1CCC[C@@H](C1)N2C=C(C)C(=O)NC2=O)c3ccc(C(=O)O)c(Oc4cccc(Cl)c4)c3,1.37,2.1793452380952383,0.8093452380952382
1824,train,CC(C)(c1cc(nc(n1)c2cccc3[nH]ccc23)N4CCOCC4)S(=O)(=O)C,2.65,2.1793452380952383,-0.47065476190476163
2866,train,Fc1cc2N=CNC(=O)c2cc1F,1.5,2.1793452380952383,0.6793452380952383
4124,train,O=C1NC(=O)C(Cc2ccc3ccccc3c2)S1,2.41,2.1793452380952383,-0.23065476190476186
3872,train,N(c1ccccc1)c2ncnc3ccccc23,2.94,2.1793452380952383,-0.7606547619047617
1293,train,Nc1nc(ns1)c2ccccc2,2.2,2.1793452380952383,-0.020654761904761898
1234,train,Nc1nc(N)c(nc1Cl)C(=O)Nc2ccccn2,2.67,2.1793452380952383,-0.49065476190476165
2986,train,CN(C)C(=O)[C@H](Cc1ccccc1)NC(=O)c2cc3cc(F)ccc3[nH]2,3.5,2.1793452380952383,-1.3206547619047617
3463,train,CCN(C(=O)C)c1cccc2c1c(Sc3ccc(Cl)cc3)c(C)n2CC(=O)O,1.61,2.1793452380952383,0.5693452380952382
4092,train,CN(C)CC(O)COc1ccc(Nc2nccc(Nc3cc(C)ccc3F)n2)cc1,2.1,2.1793452380952383,0.07934523809523819
2092,train,CCN(CC)C(=O)c1ccc(cc1)C(=C2CCN(Cc3ccc(F)cc3)CC2)c4ccc(NC(=O)OC)cc4,4.01,2.1793452380952383,-1.8306547619047615
2094,train,CCN(C)C(=O)c1ccc(cc1)[C@@H](N2CCN(Cc3cccnc3)CC2)c4cccc(NC(=O)C5CCC5)c4,3.27,2.1793452380952383,-1.0906547619047617
3550,train,CCN(C1CCN(CCC(c2ccccc2)c3ccc(NC(=O)Cc4ccccc4)cc3)CC1)C(=O)Cc5ccc(cc5)S(=O)(=O)C,3.61,2.1793452380952383,-1.4306547619047616
2921,train,COc1cc(OC)cc(c1)c2cc3cnc(N)nc3nc2N,2.14,2.1793452380952383,0.039345238095238155
3633,train,CN1CCN(CC1)c2nc3ccccc3cc2Cn4nc(c5ccc6nc(N)sc6c5)c7c(N)ncnc47,3.09,2.1793452380952383,-0.9106547619047616
937,train,CC(NC(=O)c1c(C)nn(c1NS(=O)(=O)c2ccc(C)cc2)c3ccccc3)C(C)(C)C,1.21,2.1793452380952383,0.9693452380952383
611,train,CS(=O)(=O)c1ccccc1C(=O)NCC(O)CNC2CCN(Cc3ccc(Cl)c(Cl)c3)CC2,1.21,2.1793452380952383,0.9693452380952383
833,train,C1CC1Nc2ccc3nnc(c4ccccc4)n3n2,3.15,2.1793452380952383,-0.9706547619047616
433,train,CC(C)(C)c1cc2nc3C(=O)N(Cc4ccccc4)Cc3c(O)n2n1,1.9,2.1793452380952383,0.27934523809523837
1666,train,C[C@@](Cc1ccc(O)c(O)c1)(NN)C(=O)O,-0.7,2.1793452380952383,2.8793452380952385
795,train,COc1cc(ccc1Nc2ncc(Cl)c(n2)c3cnc4ccc(cn34)N(C)C)N5CCN(CC5)C(=O)C,4.1,2.1793452380952383,-1.9206547619047614
3781,train,CSc1ncccc1C(=O)NCC2CCCCC2,2.93,2.1793452380952383,-0.7506547619047619
1131,train,CN(C)CC(O)COc1ccc(Nc2ncc(C)c(Nc3ccccc3)n2)cc1,2.0,2.1793452380952383,0.17934523809523828
191,train,Nc1nc(Nc2ccc(F)c(Cl)c2)c3nc[nH]c3n1,2.75,2.1793452380952383,-0.5706547619047617
970,train,[O-][N+](=O)c1cc(ccc1NCCSc2ccccc2)S(=O)(=O)NC(=O)c3ccc(cc3)N4CCNCC4,-0.04,2.1793452380952383,2.2193452380952383
2907,train,NCC[C@@H](Oc1nc(ccc1C#N)C(F)(F)F)c2oncc2,-0.49,2.1793452380952383,2.6693452380952385
1462,train,CC(C)n1c(C)ncc1c2nc(Nc3ccc(cc3)N4CCOCC4)ncc2F,3.01,2.1793452380952383,-0.8306547619047615
2593,train,COC1(CCOCC1)c2cc(F)cc(OCc3ccc4N(C)C(=O)C=Cc4c3)c2,3.52,2.1793452380952383,-1.3406547619047617
571,train,Oc1c(I)cc(I)c2cccnc12,2.19,2.1793452380952383,-0.010654761904761667
1416,train,O=C(N1CC(=O)Nc2ccccc12)c3occc3,1.21,2.1793452380952383,0.9693452380952383
3784,train,COc1ccc(cc1)c2cc(N)n3ncc(C#N)c3n2,2.42,2.1793452380952383,-0.24065476190476165
1537,train,Cc1ccc(Oc2ccnc(Nc3ccc(cc3)S(=O)(=O)N)c2)c(C)n1,2.47,2.1793452380952383,-0.2906547619047619
72,train,Cn1cncc1c2c3C(=O)N(CC#C)C(=O)N(CC4CC4)c3nn2Cc5ccnc6ccc(Cl)cc56,3.16,2.1793452380952383,-0.9806547619047619
3429,train,NC(=O)c1cccc(OC2CCN(Cc3ccccc3)CC2)c1,1.92,2.1793452380952383,0.25934523809523835
3735,train,Fc1ccccc1Nc2oc(nn2)C(=O)Nc3ccc(cn3)N4CCOCC4,2.4,2.1793452380952383,-0.22065476190476163
1763,train,CN1CC(c2ccccc2)c3cccc(N)c3C1,2.08,2.1793452380952383,0.09934523809523821
3695,train,CCN1CCN(Cc2cnc(c(C)c2)c3ccc(cc3)C(=O)Nc4ccccc4N)CC1,1.2,2.1793452380952383,0.9793452380952383
3345,train,CN[C@@H](C)C(=O)N[C@@H](C1CCCCC1)C(=O)N(C)[C@H]2CCCN(CCc3ccccc3)C2,2.34,2.1793452380952383,-0.16065476190476158
1831,train,COC(=O)N1CCOc2cc(COc3ccccc3)cnc12,2.5,2.1793452380952383,-0.3206547619047617
625,train,CC(O)(C(=O)Nc1ccc2c(c1)c3ccccc3S2(=O)=O)C(F)(F)F,3.0,2.1793452380952383,-0.8206547619047617
2159,train,CC(C)C(NC(=O)CN1C(=O)C(=CC=C1c2ccccc2)NC(=O)NCc3ccc[n+]([O-])c3)C(=O)C(F)(F)F,1.48,2.1793452380952383,0.6993452380952383
829,train,Cc1cccc2c3CN(CCc3[nH]c12)C(=O)[C@@H]4CCCC[C@H]4C(=O)NC5(CC5)C#N,2.99,2.1793452380952383,-0.8106547619047619
4050,train,C[C@@H](NC(=O)C1CCNCC1)c2ccc(Nc3ncc4cc(ccc4n3)c5ccncc5)cc2,0.4,2.1793452380952383,1.7793452380952384
3537,train,COc1ccnc(NC2CCN(CC2)C(=O)c3ccc(cc3)C#N)c1,1.73,2.1793452380952383,0.4493452380952383
541,train,C[C@]12Cc3cnn(c3C=C1CC[C@@]2(O)CCc4ccc(F)cc4C(=O)N)c5ccc(F)cc5,3.8,2.1793452380952383,-1.6206547619047615
135,train,Cc1ncc(nc1c2ccc(cc2)[C@@H]3CC[C@H](CC3)C(=O)O)C(=O)N,0.22,2.1793452380952383,1.9593452380952383
2434,train,OC(=O)COc1ccc(C(=O)c2cccs2)c(Cl)c1Cl,-0.84,2.1793452380952383,3.019345238095238
3213,train,C[C@H](CO)Nc1nc(SCc2ccccc2)nc3nc(N)sc13,3.12,2.1793452380952383,-0.9406547619047618
1896,train,C[C@@H]1CN(CC2(CC2)C(=O)N)CCN1S(=O)(=O)c3ccc(cc3)C(C)(O)C(F)(F)F,1.03,2.1793452380952383,1.1493452380952383
572,train,Clc1ccc2C(=O)C3=C(Nc2c1)C(=O)NN(CC#Cc4ccccc4)C3=O,1.78,2.1793452380952383,0.39934523809523825
2575,train,Cc1ccc2c(c1)c(c(C)n2CC(=O)O)c3ccnc4c(cccc34)C(F)(F)F,1.27,2.1793452380952383,0.9093452380952383
1136,train,Oc1ccccc1CCC(=O)Nc2ccccc2,2.71,2.1793452380952383,-0.5306547619047617
1506,train,NC(=O)c1cc(cc(c1)[N+](=O)[O-])[N+](=O)[O-],0.81,2.1793452380952383,1.3693452380952382
1792,train,Cn1cc(cc1c2c3C(=O)N(CC=C)C(=O)N(CC4CC4)c3nn2Cc5ccnc6ccc(Cl)cc56)C#N,4.27,2.1793452380952383,-2.0906547619047613
3327,train,COCCNCc1cncc(n1)c2ccc(F)cc2OC,1.61,2.1793452380952383,0.5693452380952382
3526,train,CN1C(=O)N(CC2CC2)c3nn(Cc4ccnc5ccc(Cl)cc45)c(c6cc(oc6C)S(=O)(=O)C)c3C1=O,3.2,2.1793452380952383,-1.020654761904762
2580,train,COc1ccc(cc1OC)C(=O)Nc2cc(NC(=O)c3cccc(c3)N(C)C)ccc2C,3.12,2.1793452380952383,-0.9406547619047618
3803,train,Fc1ccc(CC2=NNC(=O)c3ccccc23)cc1C(=O)N4CCN(CC4)C(=O)C5CCCO5,0.9,2.1793452380952383,1.2793452380952384
4180,train,CCCCC(CC)COC(=O)CC(C(=O)OCC(CC)CCCC)S(=O)(=O)O,2.93,2.1793452380952383,-0.7506547619047619
694,train,CC(C)CN1C(=O)N(C)C(=O)c2c1sc(Cc3ccccc3C(F)(F)F)c2C(=O)N4CCC4,3.46,2.1793452380952383,-1.2806547619047617
3086,train,Clc1ccc2[nH]c(cc2c1)C(=O)N3CCNCC3,1.65,2.1793452380952383,0.5293452380952384
1809,train,CC(C)N(C(C)C)C(=O)C(C(CNC(=O)NCc1ccccc1F)c2ccccc2)c3cccnc3,4.2,2.1793452380952383,-2.020654761904762
771,train,CC(C)[C@H](N(CCCN)C(=O)c1ccc(C)cc1)C2=Nc3cc(Cl)ccc3C(=O)N2Cc4ccccc4,2.88,2.1793452380952383,-0.7006547619047616
2875,train,OC(=O)CCc1oc(c2ccccc2)c(n1)c3ccccc3,1.2,2.1793452380952383,0.9793452380952383
3121,train,CCCN(CCC)S(=O)(=O)c1ccc(cc1)C(=O)O,0.03,2.1793452380952383,2.1493452380952385
1091,train,Oc1ccc(cc1)c2nc3ccccc3s2,4.1,2.1793452380952383,-1.9206547619047614
1257,train,CS(=O)(=O)c1cccc(Nc2nccc(Nc3cccc4ncoc34)n2)c1,2.5,2.1793452380952383,-0.3206547619047617
3521,train,c1ccc2[nH]c(nc2c1)c3cscn3,2.35,2.1793452380952383,-0.1706547619047618
988,train,CC(C)n1c(C)ncc1c2ccnc(Nc3ccc(cc3)C(=O)N)n2,2.39,2.1793452380952383,-0.21065476190476184
3519,train,Cc1cc(Oc2ccnc(Nc3cccc(c3)N4CCOCC4)c2)c(nc1C)c5ccccn5,3.27,2.1793452380952383,-1.0906547619047617
3326,train,Nc1c(nc(nc1N2CCOCC2)C#N)N3CCCC3,2.25,2.1793452380952383,-0.07065476190476172
1285,train,CCOc1ccccc1c2ccc(cc2)c3nc4ccncc4c(O)c3C#N,3.0,2.1793452380952383,-0.8206547619047617
1742,train,CNC1=Nc2ncccc2C(=NC1c3cccs3)c4cccs4,2.63,2.1793452380952383,-0.4506547619047616
3494,train,FC(F)(F)c1nn(cc1C(=O)NCCNC(=O)c2ccc(Cl)cn2)c3ccccc3,3.8,2.1793452380952383,-1.6206547619047615
1237,train,CC1CN(C1)C(=O)c2nnc3c(cccc3c2N)c4ncccn4,1.21,2.1793452380952383,0.9693452380952383
3787,train,CNC1=Nc2ncccc2C(=NC1c3cccs3)c4ccccc4,2.68,2.1793452380952383,-0.5006547619047619
449,train,CCc1c2CN3C(=O)C4=C(C=C3c2nc5ccc(O)cc15)[C@@](O)(CC)C(=O)OC4,1.6,2.1793452380952383,0.5793452380952382
568,train,CN(C)S(=O)(=O)c1ccc2Sc3ccccc3\C(=C\CCN4CCN(C)CC4)\c2c1,3.16,2.1793452380952383,-0.9806547619047619
1654,train,CCCCSc1nc(N)c2ncn(Cc3c(F)ccc(C)c3F)c2n1,3.0,2.1793452380952383,-0.8206547619047617
2100,train,COc1ccccc1N2CCN(CC3=C(Br)C(=O)N(N3C)c4ccccc4)CC2,2.5,2.1793452380952383,-0.3206547619047617
1804,train,CC(=O)N1CCN(CC(O)COc2ccc(Br)cc2)CC1,1.6,2.1793452380952383,0.5793452380952382
926,train,Cn1nc(cc1NC(=O)Nc2ccc(Cl)cc2)C(C)(C)C,3.97,2.1793452380952383,-1.790654761904762
3815,train,C[C@H]1O[C@H]([C@H](O)[C@@H]1O)n2cnc3c(N)nc(OCC4CC45CC5)nc23,1.78,2.1793452380952383,0.39934523809523825
2482,train,Clc1ccc(cc1)C(=O)Cc2ccccn2,2.96,2.1793452380952383,-0.7806547619047617
4107,train,CC(C)C(NC(=O)CN1C(=O)C(=CN=C1c2cc(F)cc(F)c2)N)C(=O)C(F)(F)F,1.38,2.1793452380952383,0.7993452380952384
2877,train,COc1ccc(nc1OC)N2CCN([C@H](C)C2)C(=O)[C@@H]3CCCC[C@H]3C(=O)NC4(CC4)C#N,2.3,2.1793452380952383,-0.12065476190476154
2702,train,CC(C)C(NC(=O)CN1C(=O)C(=CC=C1c2cccc(c2)C(=O)O)NC(=O)OCc3ccccc3)C(=O)C(F)(F)F,1.2,2.1793452380952383,0.9793452380952383
1011,train,NC(=O)c1cccc(O[C@@H]2C[C@H]3CC[C@@H](C2)N3CC4CC4)c1,0.07,2.1793452380952383,2.1093452380952384
3723,train,C[C@@H]1COCCN1c2cc(nc(n2)c3cccc4[nH]ccc34)C5(CC5)S(=O)(=O)C,2.7,2.1793452380952383,-0.5206547619047619
1106,train,OCC(=O)N1CCC[C@@H]1COc2cccc3ncnc(Nc4ccc(OCc5ccccn5)c(Cl)c4)c23,3.71,2.1793452380952383,-1.5306547619047617
616,train,Clc1ccc2[nH]c3CCN(Cc3c2c1)C(=O)[C@@H]4CCCC[C@H]4C(=O)NC5(CC5)C#N,3.65,2.1793452380952383,-1.4706547619047616
2098,train,Oc1ccc(cc1)C2=Cc3ccccc3OC2=O,3.0,2.1793452380952383,-0.8206547619047617
2631,train,Clc1ccc(NC(=O)N2CCN(C[C@H]3CN(CCO3)C4CC4)CC2)cc1Cl,3.32,2.1793452380952383,-1.1406547619047616
762,train,CC[C@H](NC(=O)c1c([S+](C)[O-])c(nc2cc(CN(C)C)ccc12)c3ccccc3)c4ccccc4,2.75,2.1793452380952383,-0.5706547619047617
3367,train,CCOC(=O)c1ccc(COC2CN(C2)c3ccc(C)nn3)cc1,2.5,2.1793452380952383,-0.3206547619047617
2757,train,Cc1ccnc(NCc2c(O)ccc3ccccc23)c1,4.24,2.1793452380952383,-2.060654761904762
3351,train,C[C@H](NC(=O)c1c(C)nn(c1NS(=O)(=O)c2cccnc2)c3ccc(F)cc3)C(C)(C)C,0.4,2.1793452380952383,1.7793452380952384
1208,train,Clc1cccc2c3CN(CCc3[nH]c12)C(=O)[C@@H]4CCCC[C@H]4C(=O)NC5(CC5)C#N,3.59,2.1793452380952383,-1.4106547619047616
3502,train,CN(C)C(=O)N[C@@H]1CC[C@@H](CN2[C@@H]3CC[C@H]2C[C@H](C3)Oc4cccc(c4)C(=O)N)CC1,-0.07,2.1793452380952383,2.249345238095238
3958,train,COc1cccc(Nc2ncnc3cc(OC)c(OC)cc23)c1,3.1,2.1793452380952383,-0.9206547619047618
648,train,CNC(=O)c1ccc(Oc2ccc(cc2)C#C[C@]3(O)CN4CCC3CC4)cc1,1.99,2.1793452380952383,0.1893452380952383
4079,train,OCC(O)COC(=O)c1ccccc1Nc2ccnc3cc(Cl)ccc23,3.5,2.1793452380952383,-1.3206547619047617
3136,train,NC1(CCN(CC1)c2ncnc3[nH]ccc23)C(=O)NC(CS(=O)(=O)N)c4ccc(Cl)cc4,2.2,2.1793452380952383,-0.020654761904761898
638,train,Cc1cc(Cl)ccc1OC2CCN(C[C@H](O)CNC(=O)C3=CNC(=O)c4c(F)cccc34)CC2,3.0,2.1793452380952383,-0.8206547619047617
1563,train,CC(C)COc1cc(OC(C)C)cc(c1)C(=O)Nc2ccc(cn2)C(=O)O,1.6,2.1793452380952383,0.5793452380952382
3984,train,Cc1ccc(\C=C(/C#N)\C(=O)N)cc1,2.09,2.1793452380952383,0.08934523809523842
3075,train,CCN(CCCOCCOCCc1ccccc1)CCc2ccc(O)c3nc(O)sc23,2.45,2.1793452380952383,-0.2706547619047619
3893,train,COc1cc(ccc1Nc2ncc(Cl)c(n2)c3cnc4ccccn34)C(CO)CO,3.1,2.1793452380952383,-0.9206547619047618
1691,train,Cc1ccc(CN2[C@@H]3CC[C@H]2C[C@H](C3)Oc4cccc(c4)C(=O)N)s1,2.39,2.1793452380952383,-0.21065476190476184
1565,train,CNC(=O)c1ccc(Nc2nccc(n2)c3cnc(C4CC4)n3C(C)C)cc1,2.77,2.1793452380952383,-0.5906547619047617
1440,train,Nc1ncccc1NCc2cccc(c2)c3cccnc3,3.0,2.1793452380952383,-0.8206547619047617
276,train,NC(=O)c1ccccc1OCc2ccccc2,2.5,2.1793452380952383,-0.3206547619047617
2061,train,Clc1cccc(c1)S(=O)(=O)NC(=O)N2CCC(CC2)N3CCC(CC3)Oc4ccc(Cl)c(Cl)c4,2.62,2.1793452380952383,-0.4406547619047618
3299,train,COc1cc2c(Nc3c(Cl)ccc4OCOc34)ncnc2cc1OCCCN5CCCC5,1.62,2.1793452380952383,0.5593452380952382
1181,train,OCC(=O)N1CCC(CC1)c2[nH]nc(c3ccc(Cl)cc3F)c2c4ccncn4,1.79,2.1793452380952383,0.38934523809523824
3898,train,NC(=O)C(NC(=O)C1(N)CCN(CC1)c2ncnc3[nH]ccc23)c4ccc(Cl)cc4,2.2,2.1793452380952383,-0.020654761904761898
690,train,CCS(=O)(=O)c1ccc(c(C)c1)c2cc(ccc2OCC(=O)N)C(F)(F)F,2.77,2.1793452380952383,-0.5906547619047617
228,train,O=C(CCc1ccccc1)c2ccccc2,3.77,2.1793452380952383,-1.5906547619047617
3110,train,CC(C)C1NCCc2c1sc3ccccc23,2.8,2.1793452380952383,-0.6206547619047615
1689,train,CN1CCC[C@H]1CCN2CCCc3cc(NC(=N)c4cccs4)ccc23,0.37,2.1793452380952383,1.8093452380952382
3950,train,COc1ccc(cc1)c2nc3c(NCCCNC(=O)C4(CN)CC4)c(Br)cnc3[nH]2,1.9,2.1793452380952383,0.27934523809523837
3194,train,Cc1c(Sc2ccc(Cl)cc2)c3c(Cl)cccc3n1CC(=O)O,2.15,2.1793452380952383,0.02934523809523837
1371,train,COc1ccccc1C2=COc3cc(O)ccc3C2=O,2.55,2.1793452380952383,-0.37065476190476154
92,train,CN(C)C(=O)c1ccc(CN2CCc3cc4nc(N)sc4cc3CC2)cc1,1.72,2.1793452380952383,0.4593452380952383
2422,train,O=C(NCC#N)[C@@H]1CCCC[C@H]1C(=O)N2CCCCC2,0.9,2.1793452380952383,1.2793452380952384
536,train,Oc1ccc(cc1)C2=Cc3ccc(O)cc3OC2=O,2.9,2.1793452380952383,-0.7206547619047616
2485,train,COc1ccccc1OCC(O)COC(=O)N,0.36,2.1793452380952383,1.8193452380952384
3188,train,COc1ccccc1CN2C(C(=O)NC3CCC(C)CC3)c4ccccc4C2=O,3.74,2.1793452380952383,-1.560654761904762
3942,train,Cc1ccc(NC(=O)N2CCN(C[C@@H]3CCCN(C3)C4CC4)CC2)cc1Cl,3.37,2.1793452380952383,-1.1906547619047618
1905,train,Oc1nc2cc(Cl)c(Cl)c(c2nc1O)[N+](=O)[O-],0.21,2.1793452380952383,1.9693452380952383
2093,train,Cc1ccccc1CCOCCCS(=O)(=O)CCNCCc2ccc(O)c3nc(O)sc23,2.84,2.1793452380952383,-0.6606547619047616
1272,train,NS(=O)(=O)c1ccc(Nc2nccc(Nc3c(Cl)ccc4OCOc34)n2)cc1,2.7,2.1793452380952383,-0.5206547619047619
3073,train,CN(C)CCOc1ccc(cc1)c2oc3ncnc(NC[C@@H]4CCCO4)c3c2c5ccccc5,3.6,2.1793452380952383,-1.4206547619047618
3260,train,COCCC(Oc1ncnc2c1cnn2c3ccccc3C(F)(F)F)C(=O)Nc4ccc(C)cn4,3.5,2.1793452380952383,-1.3206547619047617
1073,train,Fc1cc(cc(F)c1CN2CCOCC2)c3cccc4ncc(nc34)c5cnn(c5)C6CCNCC6,1.86,2.1793452380952383,0.3193452380952382
3923,train,Clc1ccccc1CNC[C@@H]2CC[C@@H](CNCc3ccccc3Cl)CC2,2.74,2.1793452380952383,-0.5606547619047619
896,train,COc1cc(ccc1Nc2ncc(Cl)c(n2)c3cnc4ccccn34)N5CCN(CCO)CC5,3.2,2.1793452380952383,-1.020654761904762
2116,train,Cn1ncc(Cl)c1c2cc(sc2Cl)C(=O)N[C@H](CN)Cc3cccc(F)c3,2.99,2.1793452380952383,-0.8106547619047619
955,train,CS(=O)(=O)Cc1cc(nc(n1)c2cccc(CO)c2)N3CCOCC3,1.0,2.1793452380952383,1.1793452380952383
3941,train,C[C@H]1O[C@H]([C@H](O)[C@@H]1O)n2cnc3c(N)nc(Oc4ccccc4)nc23,1.05,2.1793452380952383,1.1293452380952382
3896,train,CNS(=O)(=O)c1ccc(Nc2nccc(n2)c3cnc4cccnn34)cc1,2.8,2.1793452380952383,-0.6206547619047615
2928,train,CC12CCC3C(CCC4=CC(=O)CCC34C)C1CCC2O,3.3,2.1793452380952383,-1.1206547619047615
325,train,CN1CCC(CC1)n2cc(c(C)n2)c3cnc(N)c(c3)c4oc5ccccc5n4,3.4,2.1793452380952383,-1.2206547619047616
2088,train,Oc1ccc(Cl)cc1C(=O)Nc2ccc(F)cc2F,3.6,2.1793452380952383,-1.4206547619047618
2413,train,O[C@@]1(CN2CCC1CC2)C#Cc3ccc(Oc4ccc(cc4)C(=O)NCc5ccncc5)cc3,2.31,2.1793452380952383,-0.13065476190476177
516,train,COc1cccc2c(O)cc(nc12)c3ccccc3,2.3,2.1793452380952383,-0.12065476190476154
3592,train,CCCCCCCCCC(=O)N[C@@H](Cc1c[nH]c2ccccc12)C(=O)N[C@@H](CC(=O)N)C(=O)N[C@@H](CC(=O)O)C(=O)N[C@H]3[C@@H](C)OC(=O)[C@H](CC(=O)c4ccccc4N)NC(=O)[C@@H](NC(=O)[C@@H](CO)NC(=O)CNC(=O)[C@H](CC(=O)O)NC(=O)[C@@H](C)NC(=O)[C@H](CC(=O)O)NC(=O)[C@H](CCCN)NC(=O)CNC3=O)[C@H](C)CC(=O)O,-0.94,2.1793452380952383,3.1193452380952382
2535,train,Cc1oc(cc1C(=O)Nc2cccc(c2)C(=O)O)c3ccccc3,1.63,2.1793452380952383,0.5493452380952384
3969,train,Cc1c(Cl)ccc(OC2CCN(CC3CCN(CC3)[C@@H](Cc4ccc(F)cc4)C(=O)O)CC2)c1Cl,3.15,2.1793452380952383,-0.9706547619047616
4001,train,COc1cc(ccc1Nc2nccc(n2)c3cnc4ccccn34)N5CCN(CC5)C(=O)C,3.0,2.1793452380952383,-0.8206547619047617
399,train,CN(C)CC(O)COc1ccc(Nc2cc(ncn2)N(CC#C)c3cc(Cl)ccc3Cl)cc1,2.8,2.1793452380952383,-0.6206547619047615
264,train,CC(C)[C@@H](CO)NS(=O)(=O)c1ccc(Cl)s1,2.3,2.1793452380952383,-0.12065476190476154
4089,train,Clc1cc(Cl)c2c3C(=O)NNC(=O)c3[nH]c2c1,1.02,2.1793452380952383,1.1593452380952383
1176,train,CCC(CC)n1nc(C)c(C(=O)N[C@@H](C)C(C)(C)C)c1NS(=O)(=O)c2ccc(C)cc2,1.88,2.1793452380952383,0.2993452380952384
3253,train,Nc1ncnc2OCCN(C(=O)c12)c3ccc(cc3)[C@@H]4CC[C@@H](CC(=O)O)CC4,-0.5,2.1793452380952383,2.6793452380952383
3599,train,CC(C)(C)C(=O)NCc1ccc(NC(=O)N2CCCC(O)(C2)c3ccc(Cl)c(Cl)c3)cc1,3.93,2.1793452380952383,-1.7506547619047619
1006,train,CCN(CC)CCNC(=O)c1ccc(N)cc1,-0.92,2.1793452380952383,3.099345238095238
944,train,OCCN1CCN(CCCN2c3ccccc3Sc4ccc(Cl)cc24)CC1,3.6,2.1793452380952383,-1.4206547619047618
2949,train,Oc1ccc(CCNCCS(=O)(=O)CCCOCCc2nccc3ccccc23)c4sc(O)nc14,2.35,2.1793452380952383,-0.1706547619047618
3438,train,CNCCC=C1c2ccccc2CCc3ccccc13,1.58,2.1793452380952383,0.5993452380952382
2915,train,OC(=O)Cc1ccccc1Nc2c(Cl)cccc2Cl,1.08,2.1793452380952383,1.0993452380952382
4140,train,CC(C)(C)C(=O)N[C@H]1CCCCNC1=O,0.58,2.1793452380952383,1.5993452380952382
3399,train,COc1ccccc1CNCc2ccc(CCNC[C@H](O)c3ccc(O)c4NC(=O)Sc34)cc2,0.15,2.1793452380952383,2.0293452380952384
967,train,CCN(CC)C(=O)c1ccc(cc1)C(=C2CCN(Cc3ccc(F)cc3)CC2)c4cccnc4,3.65,2.1793452380952383,-1.4706547619047616
1790,train,CCn1cc(NC(=O)Cc2ccc(Oc3ccnc4cc(F)ccc34)cc2OC)cn1,3.93,2.1793452380952383,-1.7506547619047619
2707,train,OC(=O)C1=CN(C2CC2)c3cc(N4CCN(CC4)C(=O)CC[N+](=O)[O-])c(F)cc3C1=O,0.22,2.1793452380952383,1.9593452380952383
1943,train,O[C@H](CNC(=O)C1=CNC(=O)C=C1C(F)(F)F)CN2CCC(CC2)Oc3ccc(Cl)c(Cl)c3,2.71,2.1793452380952383,-0.5306547619047617
1957,train,O=C(NC1(CC1)C#N)[C@@H]2CCCC[C@H]2C(=O)N3CCc4[nH]c5ncccc5c4C3,2.13,2.1793452380952383,0.049345238095238386
4084,train,C1CN2CCC1C(C2)c3ccc(cc3)c4ccccc4,1.76,2.1793452380952383,0.41934523809523827
3979,train,CCC(=O)N1CCN(CC1)C(=O)c2cc(CC3=NNC(=O)c4ccccc34)ccc2F,1.22,2.1793452380952383,0.9593452380952383
3215,train,C[C@@H]1CN(CCN1c2ncc(OCc3ccncc3C#N)cn2)c4noc(n4)C(F)F,2.85,2.1793452380952383,-0.6706547619047618
1158,train,CN1CCCC(COc2nccc(Nc3cc(NC(=O)c4ccnc(c4)N5CCOCC5)ccc3C)n2)C1,1.9,2.1793452380952383,0.27934523809523837
1888,train,CC(C)C(NC(=O)CN1C(=O)C(=CC=C1c2ccccc2)NC(=O)Cc3ccc(cc3)C(=O)O)C(=O)C(F)(F)F,0.35,2.1793452380952383,1.8293452380952382
3340,train,CC(C)Cn1cnc(c2ccccc2)c1c3nc4c(N)ncnc4s3,3.72,2.1793452380952383,-1.540654761904762
2761,train,COc1cc2ncnc(Nc3ccc(F)c(Cl)c3)c2cc1OCCCN4CCCCC4,3.3,2.1793452380952383,-1.1206547619047615
1319,train,C[C@H]1O[C@H]([C@H](O)[C@@H]1O)n2cnc3c(N)nc(OCC4CCC(F)(F)CC4)nc23,1.72,2.1793452380952383,0.4593452380952383
1019,train,CCN(C1CCN(CCC(N2CCN(CC2)c3ccccc3)c4ccccc4)CC1)C(=O)Cc5ccc(cc5)S(=O)(=O)C,2.67,2.1793452380952383,-0.49065476190476165
4145,train,O=S(=O)(Nc1cccc2[nH]ncc12)c3cccs3,1.7,2.1793452380952383,0.4793452380952383
4016,train,CC(C)NC(=O)c1cc2c(c(cnc2[nH]1)c3cncc(c3)C(=O)O)n4ccc(n4)C(F)(F)F,-0.62,2.1793452380952383,2.7993452380952384
753,train,CN1CCN(CC1)c2ccc3N=CN(C(=O)c3c2)c4cc(NC(=O)c5ccc(cc5)C#N)ccc4C,2.73,2.1793452380952383,-0.5506547619047617
3987,train,C1CN2CCC1C(=C2)c3oc4ccccc4c3,2.59,2.1793452380952383,-0.4106547619047616
2426,train,COc1ccc(cc1OC2CCCC2)[C@@]3(CC[C@H](CC3)C(=O)O)C#N,0.76,2.1793452380952383,1.4193452380952383
2719,train,Clc1ccccc1C(=O)NCC23CC4CC(CC(C4)C2)C3,4.05,2.1793452380952383,-1.8706547619047615
2029,train,Cc1c(CC(=O)O)c2cc(F)ccc2n1S(=O)(=O)c3ccc(cc3)S(=O)(=O)C,-0.44,2.1793452380952383,2.6193452380952382
2906,train,CCC(N(CCCN)C(=O)c1ccc(C)cc1)C2=Nc3ccsc3C(=O)N2Cc4ccc(C)cc4,1.69,2.1793452380952383,0.48934523809523833
4136,train,CC(=O)C1=Cc2ccc(O)cc2OC1=O,0.87,2.1793452380952383,1.3093452380952382
2681,train,CC(=O)Nc1nc(CCc2ccc(NC(=N)N)cc2)cs1,-0.82,2.1793452380952383,2.999345238095238
2690,train,NC(=N)c1cc2c(I)cccc2s1,0.74,2.1793452380952383,1.4393452380952383
140,train,CN1C(=O)N(CC2CC2)c3nn(Cc4ccnc5ccc(Cl)cc45)c(c6cc(cn6C)C#N)c3C1=O,3.67,2.1793452380952383,-1.4906547619047616
1018,train,C[C@@H]1NC(C)(C)CO[C@@]1(O)c2cccc(Cl)c2,1.69,2.1793452380952383,0.48934523809523833
3876,train,COc1cc(F)ccc1c2cncc(CNC(=O)c3cnccn3)c2,2.5,2.1793452380952383,-0.3206547619047617
2569,train,C[C@H](NC1=NC(=O)[C@@](C)(S1)C(F)(F)F)c2ccccc2F,3.1,2.1793452380952383,-0.9206547619047618
2269,train,COC1CCN(CC1)C(=O)C2CCN(CCc3c([nH]c4sc(cc34)C(C)(C)C(=O)N5C6CCC5CC6)c7cc(C)cc(C)c7)CC2,4.09,2.1793452380952383,-1.9106547619047616
1687,train,COc1cc(CO)cc(c1)N(C)c2ccnc(Nc3cc(cc(c3)N4CCOCC4)N5CCOCC5)n2,3.0,2.1793452380952383,-0.8206547619047617
3481,train,COc1cc(ccc1Cn2ncc3ccc(NC(=O)CC4CCCC4)cc23)C(=O)NS(=O)(=O)c5ccccc5,1.6,2.1793452380952383,0.5793452380952382
222,train,OCC[C@@]1(CCCNC1)c2ccc(Cl)c(Cl)c2,0.61,2.1793452380952383,1.5693452380952384
1129,train,CCN(C1CCN(CCC(c2ccccc2)c3ccc(cc3)C#N)CC1)C(=O)Cc4ccc(cc4)S(=O)(=O)C,2.76,2.1793452380952383,-0.5806547619047615
1803,train,NS(=O)(=O)c1cc2c(NCNS2(=O)=O)cc1Cl,-0.09,2.1793452380952383,2.269345238095238
2211,train,CC1=CN([C@H]2CCCN(C2)S(=O)(=O)c3ccc(O)c(Oc4cccc(F)c4)c3)C(=O)NC1=O,1.6,2.1793452380952383,0.5793452380952382
3245,train,O=C(NCCCN1CCCCC1)C(c2ccccc2)c3ccccc3,1.33,2.1793452380952383,0.8493452380952382
579,train,CCc1nc2c(N)nc3ccccc3c2n1CCCCNS(=O)(=O)C,1.24,2.1793452380952383,0.9393452380952383
1459,train,COc1ccc(Oc2ncccc2C(=O)NCc3ccccc3Cl)cc1,3.59,2.1793452380952383,-1.4106547619047616
1947,train,Nc1nccc(\C=C\c2ccc(Cl)cc2)n1,3.5,2.1793452380952383,-1.3206547619047617
3567,train,Oc1ccc(CCNCCCNS(=O)(=O)CCOCc2cccc3ccccc23)c4sc(O)nc14,1.69,2.1793452380952383,0.48934523809523833
334,train,COc1cc2ncnc(Nc3cc(NC(=O)c4ccnc(c4)N5CCOCC5)ccc3C)c2cc1OCCN6CCCC6,2.7,2.1793452380952383,-0.5206547619047619
1569,train,CC1=C(C(=O)c2cc(O)c(O)c(CCc3ccc(C)cc3)c2C1=O)C4=C(C)C(=O)c5c(CCc6ccc(C)cc6)c(O)c(O)cc5C4=O,3.36,2.1793452380952383,-1.1806547619047616
3371,train,CS(=O)(=O)N1CCC(CC1)NC(=O)NC23CC4CC(CC(C4)C2)C3,2.7,2.1793452380952383,-0.5206547619047619
307,train,CC[C@H](NC(=O)c1c(CN(C)C)c(nc2ccccc12)c3ccccc3)c4ccccc4,4.18,2.1793452380952383,-2.0006547619047614
2988,train,CCN1C(=O)N(CC)c2[nH]c(nc2C1=O)c3ccccc3,3.3,2.1793452380952383,-1.1206547619047615
1064,train,Cc1cccc(NS(=O)(=O)c2ccc(cc2)c3ccc(cc3)C#N)n1,2.42,2.1793452380952383,-0.24065476190476165
1748,train,CN(C)CCNC(=O)c1ccc(Nc2ncc3cc(ccc3n2)c4ccncc4)cc1,2.29,2.1793452380952383,-0.11065476190476176
2109,train,NC(Cc1ccccc1)c2ccccc2,1.32,2.1793452380952383,0.8593452380952382
2784,train,CCCSc1nc(ccc1C(=O)N[C@@H]2C3CC4CC2C[C@@](O)(C4)C3)N5CCOCC5,3.2,2.1793452380952383,-1.020654761904762
1634,train,Fc1ccc(cc1)N2CCN(CC2)C(=O)[C@@H]3CCCC[C@H]3C(=O)NC4(CC4)C#N,2.12,2.1793452380952383,0.05934523809523817
623,train,CCN(CC)c1ccc(cc1)c2nn3c(nnc3s2)c4[nH]nc5CCCc45,3.37,2.1793452380952383,-1.1906547619047618
3806,train,CN1CCN(CC1)c2ccc3N=CN(C(=O)c3c2)c4cc(NC(=O)c5cocc5)ccc4C,2.43,2.1793452380952383,-0.2506547619047619
1596,train,C[C@H](CO)Nc1nc(SCc2cccc(F)c2F)nc3NC(=O)C(=O)Nc13,2.48,2.1793452380952383,-0.3006547619047617
1304,train,NC(=O)c1ccc(Br)cc1,1.75,2.1793452380952383,0.4293452380952383
3718,train,CC(C)N1CCO[C@@H](CN2CCN(CC2)C(=O)Nc3ccc(Cl)c(Cl)c3)C1,2.77,2.1793452380952383,-0.5906547619047617
2787,train,Cc1cc(Cl)ccc1OC2CCN(C[C@H](O)CNC(=O)C3=CNC(=O)c4cc(ccc34)S(=O)(=O)C)CC2,2.42,2.1793452380952383,-0.24065476190476165
3313,train,C[C@H](CO)N1C=Cc2c(NC(=O)Cc3ccc(Cl)c(c3)C(F)(F)F)cccc2C1=O,3.49,2.1793452380952383,-1.310654761904762
1282,train,Nc1nonc1\C(=N\O)\Nc2ccc(F)c(Cl)c2,2.7,2.1793452380952383,-0.5206547619047619
113,train,CC(C)C[C@H](N)c1oc(nn1)S(=O)(=O)Cc2ccc(F)cc2,1.11,2.1793452380952383,1.0693452380952382
715,train,CC(C)c1nc2ccccc2n1c3nc(N4CCOCC4)c5nc(OC6CN(C6)C7CCS(=O)(=O)CC7)n(C)c5n3,2.9,2.1793452380952383,-0.7206547619047616
3246,train,Nc1c(Nc2ccccc2)nc(nc1N3CCOCC3)C#N,2.72,2.1793452380952383,-0.5406547619047619
2678,train,OC1CCN(CC1)C(=O)c2ccc(cc2)C(=C3CCN(Cc4cscn4)CC3)c5cccc6cccnc56,1.89,2.1793452380952383,0.2893452380952384
1785,train,CC(C)c1nnc2ccc(cn12)c3ocnc3c4cc(F)ccc4F,2.44,2.1793452380952383,-0.26065476190476167
3673,train,CN[C@@H](C)C(=O)N[C@@H](C1CCCCC1)C(=O)N[C@H]2CCCN(Cc3ccccc3)C2,2.01,2.1793452380952383,0.1693452380952385
3160,train,C(CN1CCCC1)Oc2ccc(Nc3ncc4cc(ccc4n3)c5ccncc5)cc2,2.66,2.1793452380952383,-0.48065476190476186
3130,train,C[C@H](C(=O)O)c1cccc(c1)C(=O)c2ccccc2,-0.06,2.1793452380952383,2.2393452380952383
1117,train,CC(C)NCC(O)COc1nccs1,-0.97,2.1793452380952383,3.149345238095238
259,train,NC1(CCC1)c2ccc(cc2)c3nn4cccc4cc3c5ccccc5,3.3,2.1793452380952383,-1.1206547619047615
1207,train,CC(=O)Nc1ccc2ccn(c3cc(NCCN4CCCC4)n5ncc(C#N)c5n3)c2c1,2.24,2.1793452380952383,-0.060654761904761934
895,train,CNC(=O)Nc1nc2ccc(cn2n1)c3cncc(c3)S(=O)(=O)NC(C)(C)C,1.58,2.1793452380952383,0.5993452380952382
2801,train,CC(C)(C)NC[C@H](O)COc1nsnc1N2CCOCC2,-0.22,2.1793452380952383,2.3993452380952385
4061,train,NNC(=O)c1ccncc1,-0.57,2.1793452380952383,2.749345238095238
880,train,OC(=O)c1cccnc1N2CCC(CN3CCC(CC3)Oc4ccc(Cl)c(Cl)c4)CC2,1.71,2.1793452380952383,0.4693452380952383
4071,train,CC1CN(CCN1)C(=O)c2cc3ccccc3[nH]2,0.94,2.1793452380952383,1.2393452380952383
366,train,Oc1cc(ccc1NC(=O)Nc2ccccc2Br)[N+](=O)[O-],3.9,2.1793452380952383,-1.7206547619047616
2429,train,CS(=O)(=O)c1cccc(Nc2nccc(Nc3cccc4[nH]ncc34)n2)c1,2.91,2.1793452380952383,-0.7306547619047619
2944,train,Cc1cc(Nc2ccc(F)cc2)nc(N)n1,2.08,2.1793452380952383,0.09934523809523821
89,train,Cc1nc(C)c(nc1C(=O)N)c2ccc([C@@H]3CC[C@@H](CC(=O)O)CC3)c(F)c2,1.3,2.1793452380952383,0.8793452380952382
3936,train,CN(c1ccnc(Nc2cc(nc(n2)N3CCOCC3)N4CCOCC4)n1)c5cc(CO)ccc5C,3.9,2.1793452380952383,-1.7206547619047616
2064,train,Oc1ccc(cc1)C2=Cc3cc(O)ccc3OC2=O,2.9,2.1793452380952383,-0.7206547619047616
229,train,CCCCc1ncc(\C=C(/Cc2cccs2)\C(=O)O)n1Cc3ccc(cc3)C(=O)O,-0.9,2.1793452380952383,3.079345238095238
2247,train,COc1cc2c(Nc3ccc(Cl)cc3F)ncnc2cc1OC[C@@H]4CCCN(C)C4,2.9,2.1793452380952383,-0.7206547619047616
3240,train,Cc1cc(Cl)ccc1OC2CCN(CC3CCN(CC3)[C@@H](Cc4ccc(F)cc4)C(=O)O)CC2,2.53,2.1793452380952383,-0.3506547619047615
2219,train,OC(CN1CCCCC1)(C(=O)c2ccccc2)c3ccccc3,3.41,2.1793452380952383,-1.2306547619047619
2037,train,COc1ccccc1C(=O)Nc2nc3ccccc3[nH]2,2.9,2.1793452380952383,-0.7206547619047616
4125,train,Cc1ccc(cc1NC(=O)c2ccc(OCc3ccccn3)cc2)c4cn(C)cn4,2.54,2.1793452380952383,-0.36065476190476176
987,train,COc1cc(ccc1Nc2ncc3N(C)C(=O)CCN(C4CCCCC4)c3n2)C(=O)NC5CCN(C)CC5,2.87,2.1793452380952383,-0.6906547619047618
750,train,CC1=CN([C@H]2CCCN(Cc3ccc(C(=O)O)c(Oc4cccc(Br)c4)c3)C2)C(=O)NC1=O,-0.51,2.1793452380952383,2.689345238095238
4005,train,OCCNC(=O)CN1C(=O)C(Cc2ccccc12)NC(=O)c3cc4cc(Cl)sc4[nH]3,3.05,2.1793452380952383,-0.8706547619047615
3041,train,[O-][N+](=O)c1ccc2[nH]c(nc2c1)c3ccccn3,2.8,2.1793452380952383,-0.6206547619047615
2624,train,CCN1CCN(Cc2cnc(c(Cl)c2)c3ccc(cc3)C(=O)Nc4ccccc4N)CC1,1.81,2.1793452380952383,0.3693452380952382
3049,train,COc1cc(OC)cc(c1)C2=CC=C(NC(=O)OCc3ccccc3)C(=O)N2CC(=O)NC(C(C)C)C(=O)C(F)(F)F,2.26,2.1793452380952383,-0.08065476190476151
3388,train,Clc1ccc(cc1)C(N2CCNCC2)c3ccccc3,1.94,2.1793452380952383,0.23934523809523833
1110,train,Cc1cc(O)ccc1N2C(=O)c3ccc(O)cc3C2=O,2.0,2.1793452380952383,0.17934523809523828
3963,train,N[C@@H](Cc1ccc(F)cc1)C(=O)O,-1.06,2.1793452380952383,3.2393452380952383
164,train,FC(F)(F)c1nnc2ccc(nn12)N3CCCCC3,3.0,2.1793452380952383,-0.8206547619047617
362,train,CN(C)CC(O)COc1ccc(Nc2cc(ncn2)N(CC#N)c3cc(Cl)ccc3Cl)cc1,2.1,2.1793452380952383,0.07934523809523819
1281,train,CN(C)c1ncnc2nc[nH]c12,0.95,2.1793452380952383,1.2293452380952383
1231,train,COc1cccc(Oc2cncnc2O)c1,0.59,2.1793452380952383,1.5893452380952384
2531,train,O=C(CC1CCCCCC1)Nc2cccc3C(=O)N(C=Cc23)[C@H]4CCNC4,1.15,2.1793452380952383,1.0293452380952384
1038,train,Fc1ccccc1COc2cc(OCCCN3CCCC3)ccc2C(=O)Nc4ccccc4,3.85,2.1793452380952383,-1.6706547619047618
2897,train,COc1cccc(c1)c2cc3c(N[C@H]4CCCNC4)ncc(C(=O)N)c3s2,1.82,2.1793452380952383,0.3593452380952382
2936,train,[O-][N+](=O)c1ccc2C(=O)C(=O)c3ccccc3c2c1,2.56,2.1793452380952383,-0.3806547619047618
3024,train,NC(=O)c1cnc(N[C@H]2CCCNC2)c3cc(sc13)c4ccc(Cl)c(F)c4,2.76,2.1793452380952383,-0.5806547619047615
4174,train,C(Cn1c2CCCCc2c3c(nc(nc13)N4CCCC4)N5CCCC5)N6CCOCC6,3.6,2.1793452380952383,-1.4206547619047618
470,train,O=C(N1CCCC1)c2ccc(cc2)C(=C3CCN(Cc4cscn4)CC3)c5cccc6cccnc56,2.75,2.1793452380952383,-0.5706547619047617
1047,train,CS(=O)(=O)C1(CC1)c2cc(nc(n2)c3ccccc3)N4CCOCC4,2.6,2.1793452380952383,-0.4206547619047618
573,train,O[C@@H](CNCCc1ccc(CNCCc2ccccc2F)cc1)c3ccc(O)c4NC(=O)Sc34,1.3,2.1793452380952383,0.8793452380952382
1776,train,Fc1ccc(N2CCN(CC2)C(=O)COCc3ccncc3)c(Cl)c1,2.63,2.1793452380952383,-0.4506547619047616
3276,train,CC[C@@H](N1CCC[C@@H](C1)N2C=C(C)C(=O)NC2=O)c3ccc(C(=O)O)c(Oc4cccc(Cl)c4)c3,0.22,2.1793452380952383,1.9593452380952383
606,train,C[C@H](NC(=O)c1c(C)nn(c1NS(=O)(=O)c2ccc(C)cc2)C(C)(C)C)C(C)(C)C,1.84,2.1793452380952383,0.3393452380952382
3500,train,OC(=O)C[C@@H]1CC[C@H](CC1)c2ccc(cc2)c3ccc(Nc4ccc(nc4)C(F)(F)F)cn3,3.8,2.1793452380952383,-1.6206547619047615
3475,train,CN1CCN(CCCN2c3ccccc3Sc4ccc(Cl)cc24)CC1,3.92,2.1793452380952383,-1.7406547619047616
1183,train,NC(=O)c1cnc2[nH]c(nc2c1NCCCNC(=O)C3CCC3)c4ccc(OCCN5CCCCC5)cc4,2.48,2.1793452380952383,-0.3006547619047617
1562,train,COc1ccc2C=CC(=O)N(CCN3CCC(CC3)NCc4cc5OCCOc5cn4)c2c1,1.31,2.1793452380952383,0.8693452380952382
1906,train,CNCC[C@@H](Oc1cc(OC)ccc1C#N)c2ccccc2,0.87,2.1793452380952383,1.3093452380952382
561,train,CCCCN(CCCC)CCCOC(=O)c1ccc(N)cc1,1.93,2.1793452380952383,0.24934523809523834
3604,train,CCCSc1nc(N[C@@H]2C[C@H]2c3ccccc3)c4nnn([C@@H]5C[C@H](OCCO)[C@@H](O)[C@H]5O)c4n1,3.87,2.1793452380952383,-1.6906547619047618
1642,train,CN(C)C\C=C\C(=O)Nc1cc2c(Nc3ccc(F)c(Cl)c3)ncnc2cc1O[C@H]4CCOC4,3.7,2.1793452380952383,-1.520654761904762
2534,train,Cc1ccc(cc1NC(=O)c2ccc(OCc3ccccn3)cc2)c4ncc(CN5CCOCC5)s4,3.1,2.1793452380952383,-0.9206547619047618
1673,train,COc1ccc2nc(C)cc(OCC(=O)Nc3ccccc3OC)c2c1,3.9,2.1793452380952383,-1.7206547619047616
1963,train,COCCOC(=O)C1=C(C)NC(=C(C1c2cccc(c2)[N+](=O)[O-])C(=O)OC(C)C)C,3.8,2.1793452380952383,-1.6206547619047615
3269,train,Oc1c2C(=O)N(NC(=O)c2nc3cc(Cl)ccc13)C(c4ccccc4)c5ccncc5,1.1,2.1793452380952383,1.0793452380952382
112,train,OC(C(=O)c1ccc(F)cc1)c2ccc(F)cc2,2.49,2.1793452380952383,-0.31065476190476193
1944,train,CC(C)C(NC(=O)CN1C(=O)C(=CC=C1c2ccccc2)NS(=O)(=O)C(F)(F)F)C(=O)C(F)(F)F,1.01,2.1793452380952383,1.1693452380952383
217,train,CC(C)CN1C(=O)N(C)C(=O)c2c1sc(Cc3c[nH]c4ccccc34)c2C(=O)N5CC[C@@H](O)C5,2.35,2.1793452380952383,-0.1706547619047618
2966,train,Cc1ncsc1CCOCCCS(=O)(=O)CCNCCc2ccc(O)c3nc(O)sc23,1.44,2.1793452380952383,0.7393452380952383
2958,train,C[C@H](Nc1nc(Nc2cc(C)[nH]n2)cnc1C#N)c3ncc(F)cn3,1.96,2.1793452380952383,0.21934523809523832
1914,train,CCCc1cc(cc(OC)c1OC)C2=N[C@H](CO2)C(=O)NO,1.69,2.1793452380952383,0.48934523809523833
344,train,Cc1ccc(cc1NC(=O)c2cnn(c2N)c3ccccc3F)C(=O)Nc4ccon4,2.6,2.1793452380952383,-0.4206547619047618
4118,train,CC[C@H](NC(=O)c1c([S+](C)[O-])c(nc2ccccc12)c3ccccc3)c4ccccc4,3.17,2.1793452380952383,-0.9906547619047616
106,train,COc1cc2ncc(C(=O)N)c(Nc3ccc(F)cc3F)c2cc1N4CCN(C)CC4,2.18,2.1793452380952383,-0.0006547619047618802
590,train,Nc1ccccc1NC(=O)c2ccc(cc2)N3CCOCC3,1.2,2.1793452380952383,0.9793452380952383
3882,train,CC(C)n1c(C)ncc1c2ccnc(Nc3ccc(cc3)C(=O)NC4CCN(C)CC4)n2,1.87,2.1793452380952383,0.3093452380952382
3511,train,NC(=O)c1nnn(c1N)c2ccccc2,0.74,2.1793452380952383,1.4393452380952383
3391,train,NC1(CCC1)c2ccc(cc2)c3nc4ccccn4c3c5ccccc5,2.8,2.1793452380952383,-0.6206547619047615
3608,train,COc1ccc(cc1Cl)C(=O)NCCN2CCN(Cc3ccc(Cl)c(Cl)c3)CC2,3.74,2.1793452380952383,-1.560654761904762
2728,train,COc1ccc2c(c1)c(c(C)n2CC(=O)O)c3ccnc4cc(Cl)ccc34,1.16,2.1793452380952383,1.0193452380952384
1641,train,COCCOc1cc2ncnc(Nc3cccc(c3)C#C)c2cc1OCCOC,3.35,2.1793452380952383,-1.1706547619047618
1046,train,CC(=O)NC[C@H]1CN(C(=O)O1)c2ccc(c(F)c2)n3ccc(c3)C#N,1.6,2.1793452380952383,0.5793452380952382
3720,train,CC(C)n1c(C)ncc1c2ccnc(Nc3ccc(C(=O)N(C)C)c(F)c3)n2,2.74,2.1793452380952383,-0.5606547619047619
764,train,OC(=O)c1cccc(c1)C(=O)N2CCC(CC2)N3CCC(CC3)Oc4ccc(Cl)c(Cl)c4,1.23,2.1793452380952383,0.9493452380952383
906,train,Fc1ccc(cc1)n2cc(C3CCNCC3)c4cc(Cl)ccc24,2.4,2.1793452380952383,-0.22065476190476163
720,train,Cc1cnc(NC(=O)Cc2ccccc2)s1,2.9,2.1793452380952383,-0.7206547619047616
233,train,O=C(Nc1nc2C(=O)NC=Nc2s1)c3ccccc3,1.94,2.1793452380952383,0.23934523809523833
1714,train,CCCSc1c(cnn1[C@@H]2CC[C@@H](CC2)C(=O)O)C(=O)NC3CCCCC3,1.39,2.1793452380952383,0.7893452380952384
4030,train,COc1cc(OC)c(cc1NC(=O)NCC(=O)O)S(=O)(=O)N2C(C)CCc3ccccc23,-1.02,2.1793452380952383,3.1993452380952383
1149,train,CC(NCC(O)c1ccc(cc1)[N+](=O)[O-])C23CC4CC(CC(C4)C2)C3,3.53,2.1793452380952383,-1.3506547619047615
34,train,O=C(NCc1ccncc1)c2ccc(Oc3ccccc3C#N)cc2,2.57,2.1793452380952383,-0.39065476190476156
2846,train,CN1CCc2cc(Cl)c(O)cc2[C@H](C1)c3ccccc3,2.5,2.1793452380952383,-0.3206547619047617
4049,train,OC(=O)COc1ccc(Cl)cc1CN2CCN(CC2)S(=O)(=O)Cc3ccccc3,0.33,2.1793452380952383,1.8493452380952382
3316,train,CCNC(=O)c1cc2c(c(cnc2[nH]1)c3cc(cnc3OC)C4=NNC(=O)O4)n5ccc(n5)C(F)(F)F,2.91,2.1793452380952383,-0.7306547619047619
1557,train,Cc1ccc2nc(NCCN)c3ncc(C)n3c2c1,0.88,2.1793452380952383,1.2993452380952384
4054,train,COc1cc(Nc2cc(Oc3ccc(C)nc3)ccn2)cc(OC)c1OC,3.21,2.1793452380952383,-1.0306547619047617
3196,train,CN(C)C(=O)C1(CCN(CC[C@H](CN(C)C(=O)c2cc(cc3ccccc23)C#N)c4ccc(Cl)c(Cl)c4)CC1)N5CCCCC5=O,2.52,2.1793452380952383,-0.34065476190476174
2280,train,CN1CCC(CC1)Oc2nccc(Nc3cc(NC(=O)c4ccnc(c4)N5CCOCC5)ccc3C)n2,1.8,2.1793452380952383,0.37934523809523824
2773,train,Cc1nc(C)c(nc1C(=O)N)c2ccc3c(CC[C@@]34CC[C@H](CC4)C(=O)O)c2,1.3,2.1793452380952383,0.8793452380952382
234,train,CC[C@H](NC(=O)c1c([S+](C)[O-])c(nc2ccccc12)c3ccc(F)cc3)c4ccccc4,3.72,2.1793452380952383,-1.540654761904762
1864,train,CC(C)CN1C(=O)N(C)C(=O)c2c1sc(Cc3c[nH]c4ncccc34)c2C(=O)N5CC[C@@H](O)C5,1.71,2.1793452380952383,0.4693452380952383
1024,train,C[C@@H](NC(=O)c1cccnc1Oc2ccccc2)c3ccccc3,3.14,2.1793452380952383,-0.9606547619047618
2290,train,COc1cc(ccc1Nc2ncc(Cl)c(n2)c3cnc4ccccn34)N5CC6CNCC(C5)O6,2.3,2.1793452380952383,-0.12065476190476154
1990,train,C(Nc1nc2ccccc2[nH]1)c3ccccc3,2.76,2.1793452380952383,-0.5806547619047615
3490,train,CN(C)CC(C)(C)COc1nccc(Nc2cc(NC(=O)c3ccnc(c3)N4CCOCC4)ccc2C)n1,2.2,2.1793452380952383,-0.020654761904761898
3799,train,O=C(Nc1ccc(cc1)N2CCOCC2)c3oc(Nc4ccccc4)nn3,3.15,2.1793452380952383,-0.9706547619047616
212,train,CCCCCC[C@H]1OC(=O)CNC(=O)[C@H](NC(=O)[C@H](CO)NC(=O)[C@@H](NC(=O)[C@H](CC(C)C)N(C)C(=O)[C@@H]1C)[C@H](C)CC)[C@H](C)O,3.2,2.1793452380952383,-1.020654761904762
459,train,CS(=O)(=O)Nc1ccc(CCOCCCS(=O)(=O)CCNCCc2ccc(O)c3nc(O)sc23)cc1,1.34,2.1793452380952383,0.8393452380952382
2873,train,CCOc1ccc(CCNCCCSCCNC[C@H](O)c2ccc(O)c3NC(=O)Sc23)cc1,0.41,2.1793452380952383,1.7693452380952384
760,train,OCC[C@@]1(CCCNC1)c2oc3ccccc3c2,0.12,2.1793452380952383,2.059345238095238
1314,train,COc1ccc2N=CC(=O)N(CCN3CC[C@@H](NCc4ccc5OCC(=O)Nc5n4)[C@@H](F)C3)c2c1,0.83,2.1793452380952383,1.3493452380952382
2888,train,C[S+]([O-])c1ccc(\C=C/2\C(=C(CC(=O)O)c3cc(F)ccc23)C)cc1,-0.01,2.1793452380952383,2.189345238095238
4065,train,Cc1cccc(Nc2ncnc3ccccc23)c1,3.21,2.1793452380952383,-1.0306547619047617
4033,train,CCCNC(=O)c1cc2c(c(cnc2[nH]1)c3cncc(c3)C(=O)O)n4ccc(n4)C(F)(F)F,-0.79,2.1793452380952383,2.9693452380952383
425,train,NC(=O)Nc1sc(cc1C(=O)N)c2ccc(OCCN3CCCCC3)cc2,1.2,2.1793452380952383,0.9793452380952383
376,train,Nc1nc(OCc2nccs2)nc3c1ncn3[C@@H]4O[C@H](CF)[C@@H](O)[C@H]4O,0.47,2.1793452380952383,1.7093452380952383
2583,train,COc1ccc(cc1)c2nc3c(NCCCNC(=O)c4ccccc4)c(Br)cnc3[nH]2,0.25,2.1793452380952383,1.9293452380952383
708,train,C[C@H]1CN(Cc2cc(Cl)ccc2OCC(=O)O)CCN1C(=O)Cc3ccc(Cl)cc3,1.21,2.1793452380952383,0.9693452380952383
985,train,Oc1ccc(NC(=O)c2ccc(O)cc2)cc1,1.5,2.1793452380952383,0.6793452380952383
458,train,CCCSc1nc2ccc(NC(=O)CCC(=O)O)cc2s1,0.5,2.1793452380952383,1.6793452380952383
3489,train,CO[C@H]1CN(CCCOc2ccc(F)cc2)CC[C@H]1NC(=O)c3cc(Cl)c(N)cc3OC,3.56,2.1793452380952383,-1.3806547619047618
429,train,CS(=O)(=O)c1cccc(Nc2nccc(Nc3c(Cl)ccc4OCOc34)n2)c1,3.13,2.1793452380952383,-0.9506547619047616
1564,train,Clc1ccc2NC(=O)CN(C(c3ccccc3)c2c1)C(=O)c4ccccc4,3.31,2.1793452380952383,-1.1306547619047618
3545,train,CN1CCN(CC1)c2ccc3ncc(C(=O)N)c(Nc4ccc(Cl)cc4Cl)c3c2,3.23,2.1793452380952383,-1.0506547619047617
765,train,Cc1c(Sc2ccc(Cl)cc2)c3cc(F)ccc3n1CC(=O)O,1.84,2.1793452380952383,0.3393452380952382
2965,train,Nc1nc(OC2CCCC2)nc3c1ncn3[C@@H]4O[C@H](CO)[C@@H](O)[C@H]4O,0.79,2.1793452380952383,1.3893452380952382
3883,train,NS(=O)(=O)c1cccc2c3nc(O)c(O)nc3cc(c12)[N+](=O)[O-],0.36,2.1793452380952383,1.8193452380952384
2440,train,Nc1ncnc2c1ncn2[C@@H]3O[C@H](CSCCCNC(=O)Nc4ccccc4)[C@@H](O)[C@H]3O,1.9,2.1793452380952383,0.27934523809523837
1772,train,CN1C(=O)N(CC2CC2)c3nn(Cc4ccnc5ccc(Cl)cc45)c(c6cncn6C)c3C1=O,2.69,2.1793452380952383,-0.5106547619047617
975,train,Cc1ccc(COC(=O)N2CCC(CNc3ncccn3)CC2)cc1,3.6,2.1793452380952383,-1.4206547619047618
3320,train,C[C@H](N)COc1c(C)cccc1C,0.6,2.1793452380952383,1.5793452380952382
405,train,CC(C)CNc1nc(nc(N2CCNCC2)c1N)C#N,0.7,2.1793452380952383,1.4793452380952383
1022,train,Clc1cc(Cl)cc(c1)S(=O)(=O)NCC(N2CCCCCC2)c3ccccc3,3.36,2.1793452380952383,-1.1806547619047616
2329,train,O=C1CCOc2nc(ccc12)C#CC3CCCCC3,3.3,2.1793452380952383,-1.1206547619047615
103,train,CC(C)CC(N1NC(=O)c2nc3cc(Cl)ccc3c(O)c2C1=O)c4ccncc4,1.64,2.1793452380952383,0.5393452380952384
707,train,OC(=O)c1[nH]c2ccccc2c1CCCOc3cccc4ccccc34,2.75,2.1793452380952383,-0.5706547619047617
644,train,C[C@H]1COc2c(N3CCN(C)CC3)c(F)cc4C(=O)C(=CN1c24)C(=O)O,-0.35,2.1793452380952383,2.5293452380952384
637,train,Cc1nnc(N)s1,-0.4,2.1793452380952383,2.579345238095238
3090,train,CCN(CC)CCNC(=O)c1cc(ccc1OC)S(=O)(=O)C,-0.9,2.1793452380952383,3.079345238095238
2302,train,O=C(Nc1nccs1)[C@H](CC2CCOCC2)c3ccc(cc3)S(=O)(=O)C4CC4,2.55,2.1793452380952383,-0.37065476190476154
3756,train,O=C(C1CC1)c2ccc(OCCCc3c[nH]cn3)cc2,2.68,2.1793452380952383,-0.5006547619047619
1248,train,Nc1nnc(Cc2ccc(Cl)cc2)s1,2.34,2.1793452380952383,-0.16065476190476158
3677,train,N[C@@H](Cc1c[nH]c2ccccc12)C(=O)O,-1.08,2.1793452380952383,3.2593452380952384
4106,train,CN(C)C(=O)[C@H](Cc1ccccc1)NC(=O)c2cc3ccsc3[nH]2,3.1,2.1793452380952383,-0.9206547619047618
2228,train,Cc1ccc(cc1)S(=O)(=O)NC(=O)N2CCC(CC2)N3CCC(CC3)Oc4ccc(Cl)cc4C,1.79,2.1793452380952383,0.38934523809523824
2382,train,Oc1cc(O)c2C(=O)C=C(Oc2c1)c3ccccc3,3.83,2.1793452380952383,-1.6506547619047618
2651,train,COCCOc1ccc(Nc2ncc3cc(ccc3n2)c4ccncc4)cc1,3.1,2.1793452380952383,-0.9206547619047618
2904,train,COC(=O)c1ccc(cc1)C(C)N2NC(=O)C3=C(C2=O)C(=O)c4ccc(Cl)cc4N3,1.3,2.1793452380952383,0.8793452380952382
2974,train,CCN(C1CCN(CC[C@H](N2CCN(CC2)S(=O)(=O)C(F)(F)F)c3ccccc3)CC1)C(=O)Cc4ccc(cc4)S(=O)(=O)C,2.86,2.1793452380952383,-0.6806547619047616
2551,train,CCN(c1ccnc(Nc2cc(cc(c2)N3CCOCC3)N4CCOCC4)n1)c5cc(CO)ccc5C,3.8,2.1793452380952383,-1.6206547619047615
2274,train,CN(C)CCCNS(=O)(=O)c1ccc(Nc2nccc(n2)c3cnc4ccccn34)cc1,1.9,2.1793452380952383,0.27934523809523837
639,train,NC(=N)c1ccc(cc1)C(=O)N2CCN(CC2)S(=O)(=O)c3ccc4cc(Br)ccc4c3,0.36,2.1793452380952383,1.8193452380952384
2504,train,COc1cc(ccc1Nc2ncc(C#N)c(n2)c3cnc4ccccn34)N5CCN(CC5)C(=O)C,2.8,2.1793452380952383,-0.6206547619047615
981,train,CN(C)CC1CCn2c(C1)c(C3=C(C(=O)NC3=O)c4cn(C)c5ccccc45)c6ccccc26,2.88,2.1793452380952383,-0.7006547619047616
4156,train,C[C@H](Nc1cncc(Nc2ncc(C)s2)n1)c3ncc(F)cn3,1.91,2.1793452380952383,0.26934523809523836
2167,train,O=C(Nc1nccs1)c2ccccc2,2.43,2.1793452380952383,-0.2506547619047619
2997,train,COc1cc(OC)c(cc1NC(=O)C)S(=O)(=O)N(C(C)C)c2ccccc2,1.6,2.1793452380952383,0.5793452380952382
419,train,CC(=O)Nc1ccc2nc(cc(O)c2c1)c3cccc(F)c3,2.41,2.1793452380952383,-0.23065476190476186
2710,train,COc1cc2ncnc(Nc3ccc(F)cc3)c2cc1OC,3.1,2.1793452380952383,-0.9206547619047618
609,train,COc1cc(Nc2ncnc3cccc(O[C@H](C)C(=O)N4CCOCC4)c23)ccc1Oc5ccc(C)nc5,3.6,2.1793452380952383,-1.4206547619047618
3523,train,C[C@H](CO)Nc1nc(SCc2cccc(F)c2F)nc3nc(C)cnc13,3.55,2.1793452380952383,-1.3706547619047615
876,train,CN[C@@H](C)C(=O)N[C@@H](C1CCCCC1)C(=O)N[C@H]2CCCN(CCc3ccccc3)C2,1.65,2.1793452380952383,0.5293452380952384
3384,train,CC(C)Oc1cc(ccc1NC(=O)CN2CCOCC2)c3cccc4C(=O)C=C(Oc34)N5CCOCC5,3.0,2.1793452380952383,-0.8206547619047617
3535,train,CC(O)C(C)OC(=O)[C@@H]1CC2C(Cc3cn(C(C)C)c4cccc2c34)N(C)C1,2.8,2.1793452380952383,-0.6206547619047615
2212,train,CC(C)[C@H](NC(=O)CCc1ccccc1)C(=O)N2CCCC2,2.49,2.1793452380952383,-0.31065476190476193
1477,train,CN1CCN(CC1)c2ccc3N=CN(C(=O)c3c2)c4cc(NC(=O)c5ccccc5F)ccc4C,2.75,2.1793452380952383,-0.5706547619047617
538,train,CC(C)(C)c1cc(O)n2nc(N)nc2n1,-0.2,2.1793452380952383,2.3793452380952385
1115,train,C[C@H](Nc1nc(Nc2ncc(C)s2)c(F)c(n1)N3CCOCC3)c4ncc(F)cn4,3.27,2.1793452380952383,-1.0906547619047617
3576,train,CCCS(=O)(=O)c1ccc(cc1)C(CNS(=O)(=O)c2ccc(cc2)C(F)(F)F)N3CCCCCC3,3.32,2.1793452380952383,-1.1406547619047616
1793,train,O=C(NCC#N)c1ccc(cc1)c2ccnc(Nc3ccc(cc3)N4CCOCC4)n2,2.37,2.1793452380952383,-0.19065476190476183
1732,train,CNC(=O)c1ccc(Oc2ccc3CCN(CCc3c2)C4CCC4)nc1,1.45,2.1793452380952383,0.7293452380952383
732,train,CC(=O)CC(C1=C(O)c2ccccc2OC1=O)c3ccccc3,0.86,2.1793452380952383,1.3193452380952384
3810,train,CCNCc1cncc(n1)c2ccc(F)cc2OC,1.18,2.1793452380952383,0.9993452380952383
669,train,CS(=O)(=O)c1ccc(cc1)N2CCN(CC2)C(=O)[C@@H]3CCCC[C@H]3C(=O)NCC#N,0.67,2.1793452380952383,1.5093452380952384
3694,train,COc1ccc(CC(=O)N(C)C2CCN(CCC(c3ccccc3)c4ccccc4)CC2)cc1OC,3.4,2.1793452380952383,-1.2206547619047616
2849,train,C1Oc2ccc(Oc3cc(Oc4ccc(cc4)n5ccnc5)ncn3)cc2O1,3.17,2.1793452380952383,-0.9906547619047616
1284,train,Cc1ccc(cc1)c2csc3ncnc(O)c23,2.59,2.1793452380952383,-0.4106547619047616
4131,train,CCOc1ccccc1N2CCN(Cc3c[nH]nc3c4ccc(F)cc4)CC2,3.38,2.1793452380952383,-1.2006547619047616
1166,train,CS(=O)(=O)c1ccc(cc1)c2cc(C(=O)N[C@H]3CCCNC3)c(NC(=O)N)s2,0.68,2.1793452380952383,1.4993452380952381
1992,train,OCCOCCN1CCN(CC1)C(c2ccccc2)c3ccc(Cl)cc3,3.08,2.1793452380952383,-0.9006547619047618
1592,train,C[C@H](Nc1ncc(F)c(Nc2cc([nH]n2)N(C)C)n1)c3ncc(F)cn3,1.98,2.1793452380952383,0.1993452380952383
3324,train,Cc1cnc([nH]1)c2cc(NC(=O)c3ccc(nc3C)C(F)(F)F)ccc2Cl,3.3,2.1793452380952383,-1.1206547619047615
709,train,Cc1nc2nc(nn2c(O)c1Cc3ccccc3)c4cccnc4,1.52,2.1793452380952383,0.6593452380952383
2170,train,COc1cc(ccc1Nc2ncc(Cl)c(n2)c3cnc4ccccn34)N5CCNCC5,2.4,2.1793452380952383,-0.22065476190476163
910,train,CCCCNc1nc(N)c2NC(=O)N(Cc3ccc(OCCN(C)C)nc3)c2n1,1.9,2.1793452380952383,0.27934523809523837
3228,train,CNc1c(Br)cnc2[nH]c(nc12)c3ccc(OCCN4CCN(C)CC4)cc3,2.91,2.1793452380952383,-0.7306547619047619
506,train,Oc1cccc(c1)N2C(=O)c3ccc(O)cc3C2=O,2.0,2.1793452380952383,0.17934523809523828
3745,train,CCN(CC)S(=O)(=O)c1ccc(NC(=O)[C@@](C)(O)C(F)(F)F)c(Cl)c1,3.66,2.1793452380952383,-1.4806547619047619
797,train,COc1ccc(NC(=O)c2ccnc(N)n2)cc1,1.72,2.1793452380952383,0.4593452380952383
958,train,CCOc1ccc2nc(N)sc2c1,2.4,2.1793452380952383,-0.22065476190476163
2903,train,COc1cc(ccc1Nc2ncc(Cl)c(n2)c3cnc4cc(ccn34)C#N)N5CCN(CC5)C(=O)C,2.3,2.1793452380952383,-0.12065476190476154
1531,train,C[C@H](N1CCC[C@@H](C1)N2C=C(C)C(=O)NC2=O)c3ccc(C(=O)O)c(Oc4cccc(Cl)c4)c3,-0.26,2.1793452380952383,2.439345238095238
1900,train,COc1ccc(OC(F)(F)F)cc1CN[C@H]2CCCN[C@H]2c3ccccc3,2.9,2.1793452380952383,-0.7206547619047616
1510,train,NC(=O)c1ccn2c(c3ccccc3)c(nc2c1)c4ccc(cc4)C5(N)CCC5,2.0,2.1793452380952383,0.17934523809523828
2217,train,CCCSc1nc(N[C@@H]2C[C@H]2c3ccccc3)c4nnn([C@@H]5C[C@H](CO)[C@@H](O)[C@H]5O)c4n1,3.99,2.1793452380952383,-1.810654761904762
1090,train,CSc1ccc(OCc2ccccc2)c(c1)C(=O)Nc3ccc(cn3)C(=O)O,1.6,2.1793452380952383,0.5793452380952382
1577,train,COC(CN1C(=O)NC2=C(C=C(N(CC(=O)NC(C(C)C)C(=O)C(F)(F)F)C2=O)c3ccccc3)C1=O)OC,1.56,2.1793452380952383,0.6193452380952382
2136,train,CCC[C@@H](CNC(=O)c1nc(Cl)c(N)nc1N)[N+](C)(C)CCCc2ccc(OC)cc2,0.4,2.1793452380952383,1.7793452380952384
649,train,Nc1c(NC2CCOC2)nc(nc1N3CCOCC3)C#N,1.6,2.1793452380952383,0.5793452380952382
3707,train,Cn1c2ccccc2c3cc(NC(=O)CCc4ccncc4)ccc13,3.8,2.1793452380952383,-1.6206547619047615
818,train,CCCSc1c(cnn1c2ccc(cc2)C(=O)O)C(=O)N(C)C3CCCCC3,0.59,2.1793452380952383,1.5893452380952384
3590,train,COc1cc(cc2cnc(Nc3ccc(cc3)[C@@H](C)NC(=O)C)nc12)c4ccncc4,2.73,2.1793452380952383,-0.5506547619047617
674,train,CC1CCN(CC1)C(=O)c2scc3OCCOc23,2.26,2.1793452380952383,-0.08065476190476151
3174,train,CN1CCN(CC1)C2=Nc3ccccc3Oc4ccc(Cl)cc24,3.24,2.1793452380952383,-1.060654761904762
2168,train,Fc1ccc(cc1Cl)C(=O)Nc2ccc(Cl)nc2,3.64,2.1793452380952383,-1.4606547619047618
3495,train,CNC(=O)c1cccc(NC(=O)Nc2cccc(c2)C#N)c1CN3CCC(Cc4ccc(F)cc4)CC3,3.97,2.1793452380952383,-1.790654761904762
2912,train,CC(CCc1ccccc1)NCC(O)c2ccc(O)c(c2)C(=O)N,1.06,2.1793452380952383,1.1193452380952382
2541,train,COC(=O)COc1ccc(OCCNCC(O)COc2ccccc2)cc1,1.54,2.1793452380952383,0.6393452380952382
295,train,NC(=O)Nc1cc(sc1C(=O)N[C@H]2CCCNC2)c3cccc(F)c3F,1.32,2.1793452380952383,0.8593452380952382
2670,train,COc1cc(O)c2C(=O)O[C@@H](C)C\C=C/C(=O)[C@@H](O)[C@@H](O)C\C=C\c2c1,1.64,2.1793452380952383,0.5393452380952384
3581,train,Cc1cccc(CN2C=CN3C(=O)C=C(N=C23)N4CCOCC4)c1,2.8,2.1793452380952383,-0.6206547619047615
1081,train,OC(=O)CCc1ccc(OCc2cc(Cl)ccc2c3ccccc3)cc1,3.22,2.1793452380952383,-1.040654761904762
2589,train,Clc1ccc2C(=O)C3=C(Nc2c1)C(=O)NN(Cc4cc5ccccc5s4)C3=O,2.0,2.1793452380952383,0.17934523809523828
2571,train,CC1N=C(N)N=C(N)N1c2ccc(Cl)cc2,-0.8,2.1793452380952383,2.979345238095238
1508,train,COc1ccc(OC)c(c1)c2cccc3c(N)c(nnc23)C(=O)NC4(C)CCC4,4.48,2.1793452380952383,-2.300654761904762
879,train,Clc1ccc2N=C3NC(=O)CN3Cc2c1Cl,1.86,2.1793452380952383,0.3193452380952382
3985,train,CC1=CC2=NNC(=O)N2c3cc(ccc13)c4cccnc4,2.72,2.1793452380952383,-0.5406547619047619
3233,train,CCN(C1CCN(CC[C@H](N2CCN(CC2)S(=O)(=O)CC(F)(F)F)c3ccccc3)CC1)C(=O)Cc4ccc(cc4)S(=O)(=O)C,1.8,2.1793452380952383,0.37934523809523824
1649,train,COc1ccc(C)c(c1)N(C)c2ccnc(Nc3cc(cc(c3)N4CCOCC4)N5CCOCC5)n2,3.18,2.1793452380952383,-1.0006547619047619
415,train,Fc1cc(C(=O)Nc2cccc(c2)c3nnn[nH]3)c4nc[nH]c4c1,0.29,2.1793452380952383,1.8893452380952382
1473,train,C1NCC(CC=C1)c2ccc3ccccc3c2,1.64,2.1793452380952383,0.5393452380952384
3909,train,CC(C)Oc1cc(OCCN2CCN(CC2)C(=O)C)cc3ncnc(Nc4c(F)ccc5OCOc45)c13,3.06,2.1793452380952383,-0.8806547619047618
3943,train,COc1cc(Nc2ncc(C)s2)nc(N[C@@H](C)c3ncc(F)cn3)n1,2.99,2.1793452380952383,-0.8106547619047619
2914,train,CC(C)C(NC(=O)CN1C(=O)C(=CC=C1c2ccccc2)NC(=O)NCc3ccccn3)C(=O)C(F)(F)F,2.15,2.1793452380952383,0.02934523809523837
50,train,OC(=O)c1ccc(NC(=O)c2cc(OCc3ccccc3F)cc(OCc4ccccc4F)c2)nc1,3.0,2.1793452380952383,-0.8206547619047617
1196,train,CCC(CC)CNC(=O)c1ccc2c(c1)c(Cc3ccc(cc3OC)C(=O)NS(=O)(=O)c4ccccc4C)cn2C,2.7,2.1793452380952383,-0.5206547619047619
668,train,Clc1cc(Cl)cc(CS(=O)(=O)NCC(N2CCCCCC2)c3ccccc3)c1,3.23,2.1793452380952383,-1.0506547619047617
2119,train,O[C@H](CNC(=O)c1c[nH]nc1C(F)(F)F)CN2CCC(CC2)Oc3ccc(Cl)c(Cl)c3,3.34,2.1793452380952383,-1.1606547619047616
3383,train,O=S(=O)(N1CCOCC1)c2cccc(c2)c3cn4cccnc4n3,1.3,2.1793452380952383,0.8793452380952382
2539,train,CC(CO)(CO)Nc1nc(SCc2cccc(F)c2F)nc3nc(N)sc13,2.87,2.1793452380952383,-0.6906547619047618
2724,train,CN(C)c1ccc2N=C3C=CC(=[N+](C)C)C=C3Sc2c1,-0.88,2.1793452380952383,3.059345238095238
2127,train,OC(=O)CCCCn1nnc(n1)c2ccc(cc2)C(=O)N3CCC(CC3)N4CCC(CC4)Oc5ccc(Cl)c(Cl)c5,1.6,2.1793452380952383,0.5793452380952382
150,train,COc1ccc(c(OC)n1)c2c(F)ccc3c(N)c(nnc23)C(=O)NC4CC4,3.37,2.1793452380952383,-1.1906547619047618
2317,train,Nc1ccc(cc1)S(=O)(=O)c2ccc(N)cc2,0.88,2.1793452380952383,1.2993452380952384
706,train,CC(=O)Nc1ccc(cc1)c2ccnc(Nc3ccc(cc3)N4CCOCC4)n2,2.91,2.1793452380952383,-0.7306547619047619
114,train,CC(C)COc1cccc(c1)C(=O)Nc2ccc(C)c(c2)C(=O)Nc3cccnc3,2.81,2.1793452380952383,-0.6306547619047618
3051,train,CCNC(=O)c1cc2c(c(cnc2[nH]1)c3cncc(c3)C#N)n4ccc(n4)C(F)(F)F,2.62,2.1793452380952383,-0.4406547619047618
1145,train,CCN1CCN(CC1)C(=O)c2cc3cc(F)ccc3[nH]2,2.28,2.1793452380952383,-0.10065476190476152
1837,train,CCCc1nc2c(C)cc(cc2n1Cc3ccc(cc3)c4ccccc4C(=O)O)c5nc6ccccc6n5C,2.21,2.1793452380952383,-0.030654761904761685
1151,train,CCCN(CCNCCc1ccc(O)c2NC(=O)Sc12)C(=O)CCOCCc3ccccc3,2.23,2.1793452380952383,-0.0506547619047617
1680,train,CC[C@H](NC(=O)c1c(O)c(nc2ccccc12)c3ccccc3)c4ccccc4,3.91,2.1793452380952383,-1.7306547619047619
3029,train,Cc1ccc(cc1)C(=O)c2cc(O)c(O)c(c2)[N+](=O)[O-],0.74,2.1793452380952383,1.4393452380952383
2669,train,CCN(CC)CCOc1ccc(cc1)\C(=C(\Cl)/c2ccccc2)\c3ccccc3,4.09,2.1793452380952383,-1.9106547619047616
477,train,COC1(CCOCC1)c2ccc(NC(=O)C3=CC(=O)c4cc(F)cc(c4O3)c5c(C)nn(C)c5C)cn2,2.98,2.1793452380952383,-0.8006547619047617
2597,train,C(Nc1ncnc2ccccc12)c3ccccc3,3.21,2.1793452380952383,-1.0306547619047617
482,train,Oc1ccc(cc1)C2CC(=O)c3ccc(O)cc3O2,2.4,2.1793452380952383,-0.22065476190476163
3685,train,CC(C)n1c(C)ncc1c2nc(Nc3ccc(C(=O)N)c(F)c3)ncc2F,3.14,2.1793452380952383,-0.9606547619047618
860,train,CN1C(=O)C=C(CCc2cccc(c2)c3ccccc3)N=C1N,3.8,2.1793452380952383,-1.6206547619047615
2038,train,CNc1ncc(s1)C(=O)c2ccccc2,2.36,2.1793452380952383,-0.1806547619047616
2451,train,CN(C)c1cccc(c1)C(=O)Nc2ccc(C)c(NC(=O)c3ccc(O)cc3)c2,2.65,2.1793452380952383,-0.47065476190476163
3342,train,CCN(CC)C(=O)c1ccc(cc1)C(=C2CCNCC2)c3ccccc3OC,1.0,2.1793452380952383,1.1793452380952383
2945,train,CC(=O)Nc1ccccn1,0.5,2.1793452380952383,1.6793452380952383
2373,train,COc1ccc(N(C(C(=O)NC[C@@H](C)O)c2ccccc2F)C(=O)c3occc3C)c(OC)c1,2.04,2.1793452380952383,0.13934523809523824
904,train,Clc1ccc(CN2CCNCC2)cc1C(=O)NCC34CC5CC(CC(C5)C3)C4,1.84,2.1793452380952383,0.3393452380952382
2072,train,O[C@H](CNC(=O)c1c[nH]c2ccccc12)CN3CCC(CC3)Oc4ccc(Cl)c(Cl)c4,3.91,2.1793452380952383,-1.7306547619047619
3645,train,CCC[C@@H](N1CCC[C@@H](C1)N2C=C(C)C(=O)NC2=O)c3ccc(C(=O)O)c(Oc4cccc(Cl)c4)c3,0.6,2.1793452380952383,1.5793452380952382
1082,train,COc1ccc2CC3C4C=CC(O)C5Oc1c2C45CCN3C,0.8,2.1793452380952383,1.3793452380952382
2086,train,C1Cc2ccccc2CN1c3ccncc3,1.4,2.1793452380952383,0.7793452380952384
3944,train,OC(=O)c1[nH]c2ccccc2c1CC(=O)Nc3cccc(c3)C(F)(F)F,1.33,2.1793452380952383,0.8493452380952382
793,train,CCCCOc1nc(N)c2NC(=O)N(Cc3cccc(CC(=O)OC)c3)c2n1,3.76,2.1793452380952383,-1.5806547619047615
4,train,Cc1cccc(C[C@H](NC(=O)c2cc(nn2C)C(C)(C)C)C(=O)NCC#N)c1,3.1,2.1793452380952383,-0.9206547619047618
2625,train,CNC(=O)Nc1cc(sc1C(=O)N)c2ccccc2,2.71,2.1793452380952383,-0.5306547619047617
2323,train,CC(C)NNC(=O)c1ccncc1,0.33,2.1793452380952383,1.8493452380952382
1731,train,CC(C)(C(=O)c1cccnc1)c2cccnc2,1.45,2.1793452380952383,0.7293452380952383
3831,train,ONC(=O)Cc1ccc(OCc2ccccc2)cc1,1.92,2.1793452380952383,0.25934523809523835
3864,train,COc1cc(Nc2cc(Oc3cccnc3)ccn2)cc(OC)c1OC,2.66,2.1793452380952383,-0.48065476190476186
4103,train,NC1=NC2(CCN(CC2)C(=O)c3ccc(cc3)C#N)Nc4c(F)ccc(F)c14,0.86,2.1793452380952383,1.3193452380952384
4104,train,CCN1CCCC1CNC(=O)c2cc(ccc2OC)S(=O)(=O)N,-1.2,2.1793452380952383,3.3793452380952385
3180,train,N(c1ccccc1)c2ccnc(Nc3ccccc3)n2,4.06,2.1793452380952383,-1.8806547619047613
3525,train,Oc1nc(nc2ccccc12)c3ccccc3,2.46,2.1793452380952383,-0.2806547619047617
1400,train,CC(C)C(NC(=O)CN1C(=O)C(=CC=C1c2ccccc2)NC(=O)NCc3cccnc3)C(=O)C(F)(F)F,2.84,2.1793452380952383,-0.6606547619047616
1626,train,FC(F)(F)c1cccc(C(=O)N[C@H]([C@@H]2CCCCN2)c3ccccc3)c1Cl,2.61,2.1793452380952383,-0.4306547619047616
595,train,CC(C)C(NC(=O)CN1C(=O)C(=CN=C1c2ccc(F)cc2)NC(=O)OCc3ccncc3)C(=O)C(F)(F)F,2.22,2.1793452380952383,-0.040654761904761916
3543,train,CC(C)C(NC(=O)CN1C(=O)C(=CC=C1c2ccccc2)NC(=O)CN3C(=O)CCC3=O)C(=O)C(F)(F)F,0.96,2.1793452380952383,1.2193452380952383
620,train,Cc1cc(C)c2c(N)c(sc2n1)C(=O)NCc3ccccc3,3.41,2.1793452380952383,-1.2306547619047619
3350,train,CC(Oc1c(Cl)cccc1Cl)C2=NCCN2,0.48,2.1793452380952383,1.6993452380952383
2017,train,COC(=O)CCn1cc(c2cc(NC3CC3)n4ncc(C#N)c4n2)c5cc(NC(=O)C)ccc15,2.72,2.1793452380952383,-0.5406547619047619
3302,train,Cc1c[nH]c(n1)c2cnc(NCCNc3ccc(cn3)C#N)nc2c4ccc(Cl)cc4Cl,3.86,2.1793452380952383,-1.6806547619047616
3616,train,COc1cc2ncnc(Nc3cccc(Cl)c3F)c2cc1CN4CCC[C@H]4CC(=O)N,2.64,2.1793452380952383,-0.46065476190476184
3255,train,Cc1csc(NC(=O)c2cc(Sc3nncn3C)ccc2N)n1,2.3,2.1793452380952383,-0.12065476190476154
85,train,Fc1cc(cc(F)c1C2=CCN(CC2)C=O)N3C[C@H](COc4ccon4)OC3=O,2.01,2.1793452380952383,0.1693452380952385
2746,train,N#Cc1cnn2c(NC3CC3)cc(nc12)c4cccs4,2.88,2.1793452380952383,-0.7006547619047616
1993,train,COc1ccc(CN(CCN(C)C)c2ccccn2)cc1,1.39,2.1793452380952383,0.7893452380952384
456,train,Cc1ncc(CO)c(CO)c1O,-0.58,2.1793452380952383,2.7593452380952384
820,train,CCN(CC)C(=O)N[C@H]1C[C@H]2[C@@H](Cc3c[nH]c4cccc2c34)N(C)C1,2.73,2.1793452380952383,-0.5506547619047617
1770,train,CC1=CC(=O)Oc2c3CCCNc3c(C)cc12,2.9,2.1793452380952383,-0.7206547619047616
3455,train,Oc1ccc(cc1)C2CC(=O)c3c(O)cc(O)cc3O2,2.6,2.1793452380952383,-0.4206547619047618
79,train,CC1COc2c(N3CCN(C)CC3)c(F)cc4C(=O)C(=CN1c24)C(=O)O,-0.45,2.1793452380952383,2.6293452380952385
1887,train,CCCC(=O)NCc1cncc(c1)c2ccc(F)cc2OC,2.9,2.1793452380952383,-0.7206547619047616
716,train,CCN(CC)CCOC(=O)C1(CCCC1)c2ccccc2,2.3,2.1793452380952383,-0.12065476190476154
1623,train,CC(C)(C)c1ccc(cc1)C(O)CCCN2CCC(CC2)C(O)(c3ccccc3)c4ccccc4,3.99,2.1793452380952383,-1.810654761904762
1372,train,Cn1cc(CN2CCc3cc4nc(N)sc4cc3CC2)cn1,1.06,2.1793452380952383,1.1193452380952382
3782,train,Cc1c(F)cc(cc1c2ccc(cn2)C(=O)NCC(C)(C)C)C(=O)NC3CC3,3.5,2.1793452380952383,-1.3206547619047617
4091,train,Fc1cccc(Nc2oc(nn2)C(=O)Nc3ccc(nc3)N4CCOCC4)c1,3.2,2.1793452380952383,-1.020654761904762
4027,train,COc1ccc(OC)c(CNc2n[nH]c3ccnc(Oc4ccccc4)c23)c1,4.25,2.1793452380952383,-2.0706547619047617
1449,train,Oc1cc(O)c2C(=O)C(=COc2c1)c3ccc(F)cc3,3.6,2.1793452380952383,-1.4206547619047618
974,train,N#Cc1ccc(cc1)C(c2ccc(cc2)C#N)n3cncn3,1.7,2.1793452380952383,0.4793452380952383
3485,train,Cc1cc(Cl)ccc1OC2CCN(C[C@H](O)CNC(=O)C3=CNC(=O)C=C3C(F)(F)F)CC2,2.37,2.1793452380952383,-0.19065476190476183
4152,train,Nc1ccc(cn1)C(=O)Nc2cccc(c2)c3nc(N4CCOCC4)c5oc6ncccc6c5n3,3.44,2.1793452380952383,-1.2606547619047617
2179,train,COc1cc2ncnc(Nc3cccc(Cl)c3F)c2cc1OC4CCN(CC4)S(=O)(=O)C,2.82,2.1793452380952383,-0.6406547619047616
2518,train,N#Cc1nc(nc(n1)N2CCOCC2)N3CCOCC3,1.51,2.1793452380952383,0.6693452380952383
329,train,Cc1ccc(Cl)c(Nc2ccccc2C(=O)O)c1Cl,2.33,2.1793452380952383,-0.1506547619047618
2910,train,COc1ncc(cc1NS(=O)(=O)c2ccc(F)cc2F)c3ccc4nccc(c5ccnnc5)c4c3,2.5,2.1793452380952383,-0.3206547619047617
1470,train,Nc1ccccc1NC(=O)c2ccc(CNc3nccc(n3)c4cccnc4)cc2,2.28,2.1793452380952383,-0.10065476190476152
18,train,COc1cc(ccc1N2CC[C@@H](O)C2)N3N=Nc4cc(sc4C3=O)c5ccc(Cl)cc5,3.15,2.1793452380952383,-0.9706547619047616
315,train,CS(=O)(=O)C1(CC1)c2cc(nc(n2)c3cccc(N)c3)N4CCOCC4,1.35,2.1793452380952383,0.8293452380952382
2545,train,CN(C1CCN(Cc2ccc(cc2)C(F)(F)F)CC1)C(=O)Cc3ccc(cc3F)S(=O)(=O)C,2.7,2.1793452380952383,-0.5206547619047619
1356,train,C[C@H]1O[C@H]([C@H](O)[C@@H]1O)n2cnc3c(N)nc(OC(C4CC4)C(F)(F)F)nc23,1.83,2.1793452380952383,0.3493452380952382
1466,train,CCCc1c(O)c(ccc1OCCCSc2ccc(CC(=O)O)cc2Cl)C(=O)CC,3.57,2.1793452380952383,-1.3906547619047616
455,train,COc1ccc(cc1)S(=O)(=O)NCC(N2CCCCCC2)c3ccccc3,3.13,2.1793452380952383,-0.9506547619047616
1983,train,Fc1ccc(Nc2oc(nn2)C(=O)Nc3ccc(nc3)N4CCOCC4)cc1F,2.9,2.1793452380952383,-0.7206547619047616
476,train,CCCS(=O)(=O)N1CCCC(C1)C(=O)N2CCC(Cc3ccccc3)CC2,3.44,2.1793452380952383,-1.2606547619047617
1009,train,COc1ccc(cc1OC)C(=O)Nc2cc(NC(=O)c3cccc(c3)N(C)C)ccc2Br,3.49,2.1793452380952383,-1.310654761904762
3361,train,NS(=O)(=O)c1ccc2C(=CNC(=O)c2c1)C(=O)NC[C@@H](O)CN3CCC(CC3)Oc4ccc(Cl)c(Cl)c4,2.17,2.1793452380952383,0.00934523809523835
1271,train,Cc1c(c2cc(F)ccc2n1CC(=O)O)S(=O)(=O)c3ccc(Cl)cc3,-0.16,2.1793452380952383,2.3393452380952384
3108,train,OC1CS(=O)(=O)CC1N2CCC(CC2)c3ccccc3,1.4,2.1793452380952383,0.7793452380952384
1484,train,Cc1nocc1C(=O)Nc2ccc(c(N)n2)c3ccccc3OC(F)(F)F,3.7,2.1793452380952383,-1.520654761904762
4122,train,COc1cc(ccc1Nc2ncc(Cl)c(n2)c3cnc4ccccn34)N5CCN(CCS(=O)(=O)C)CC5,3.1,2.1793452380952383,-0.9206547619047618
3770,train,COc1ccc2N=CC(=O)N(CCN3CCC(CC3)NCc4cc5OCCOc5cn4)c2c1,0.93,2.1793452380952383,1.2493452380952381
2697,train,Nc1ncnc2c1ncn2Cc3ccccc3,1.53,2.1793452380952383,0.6493452380952383
2831,train,O=C1C=COc2ccccc12,1.4,2.1793452380952383,0.7793452380952384
1268,train,O=C1C=C(Oc2c1cccc2c3ccccc3)N4CCOCC4,2.9,2.1793452380952383,-0.7206547619047616
1169,train,CCn1cnc(c2ccccc2)c1c3nc4c(N)ncnc4s3,2.97,2.1793452380952383,-0.7906547619047619
3508,train,CN(C1CCN(Cc2ccc(cc2)C(F)(F)F)CC1)C(=O)Cc3ccc(c(F)c3)S(=O)(=O)C,3.0,2.1793452380952383,-0.8206547619047617
1606,train,NC1(CCC1)c2ccc(cc2)c3nn4ccccc4c3c5ccccc5,3.2,2.1793452380952383,-1.020654761904762
3563,train,C[C@@H](NC1=CC(=O)CCC1)c2ccc(Nc3ncc4cc(ccc4n3)c5ccncc5)cc2,3.17,2.1793452380952383,-0.9906547619047616
1343,train,O=C(Nc1cc(nn1c2ccccc2)c3ccccc3)c4cccc(c4)C#N,3.82,2.1793452380952383,-1.6406547619047616
27,train,C(CCCCNc1cc(nc2ccccc12)c3ccccc3)CCCNc4cc(nc5ccccc45)c6ccccc6,2.27,2.1793452380952383,-0.09065476190476174
3372,train,Oc1ncnc2onc(c3ccc(F)cc3)c12,1.97,2.1793452380952383,0.2093452380952383
2279,train,CCN1C(=O)NC(C1=O)c2ccccc2,1.0,2.1793452380952383,1.1793452380952383
3123,train,CN(C)CCCN1c2ccccc2CCc3ccc(Cl)cc13,3.36,2.1793452380952383,-1.1806547619047616
3004,train,CC(C)c1c(cnn1c2ccc(cc2)C(=O)O)C(=O)NC3C4CC5CC(CC3C5)C4,1.15,2.1793452380952383,1.0293452380952384
1052,train,CN([C@@H]1CCN(Cc2ccc(nc2)C(F)(F)F)C[C@@H]1F)C(=O)Cc3ccc(cc3)n4cnnn4,1.8,2.1793452380952383,0.37934523809523824
3899,train,NC(=O)C1CCN(CC(=O)Nc2ccc3OCOc3c2)CC1,0.4,2.1793452380952383,1.7793452380952384
1496,train,Nc1[nH]nc2ccccc12,1.0,2.1793452380952383,1.1793452380952383
1702,train,CCCNC(=O)NS(=O)(=O)c1ccc(Cl)cc1,-0.33,2.1793452380952383,2.5093452380952384
371,train,Oc1ccc(cc1)C2=CC(=O)c3ccc(O)cc3O2,3.2,2.1793452380952383,-1.020654761904762
2857,train,CN(C)CCOc1ccc(cc1)c2cc(C(=O)N)c(NC(=O)N)s2,1.16,2.1793452380952383,1.0193452380952384
3557,train,OC(=O)COc1ccc(Cl)cc1C2CCCCC2,0.93,2.1793452380952383,1.2493452380952381
1139,train,Nc1nnc(s1)c2ccccc2,1.8,2.1793452380952383,0.37934523809523824
3138,train,O=C(Nc1ccc(nc1)N2CCOCC2)c3oc(Nc4cccc(OCc5cccnc5)c4)nn3,3.3,2.1793452380952383,-1.1206547619047615
4036,train,CC(C)COc1cc(ccc1NC(=O)CN2CCOCC2)c3cccc4C(=O)C=C(Oc34)N5CCOCC5,3.8,2.1793452380952383,-1.6206547619047615
3286,train,CC1=CC2=NNC(=O)N2c3cc(ccc13)c4cn[nH]c4,2.13,2.1793452380952383,0.049345238095238386
1918,train,CC1(C)[C@@H]2CC[C@@]1(CS(=O)(=O)N3CCN(CC3)c4ccc(cn4)C(F)(F)F)C(=O)C2,3.8,2.1793452380952383,-1.6206547619047615
2110,train,CCOC(=O)c1ccc(OC(=O)CCCCCN=C(N)N)cc1,2.41,2.1793452380952383,-0.23065476190476186
3380,train,COc1cc2c(Nc3ccc(F)cc3F)c(cnc2cc1NCCN(C)C)C(=O)N,1.71,2.1793452380952383,0.4693452380952383
2668,train,NC(=O)Nc1sc(cc1C(=O)N[C@H]2CCCNC2)c3ccsc3,1.06,2.1793452380952383,1.1193452380952382
2621,train,OC(=O)c1cn(Cc2ccccc2)c3ccccc13,1.19,2.1793452380952383,0.9893452380952383
3759,train,Cc1cc(CN2CCc3ccccc3C2C(=O)Nc4ccc(Cl)cc4Cl)ccc1OCC(=O)O,2.63,2.1793452380952383,-0.4506547619047616
2992,train,COc1cc(Nc2nccc(Oc3cnc4ccccc4c3)n2)cc(OC)c1OC,3.41,2.1793452380952383,-1.2306547619047619
330,train,COc1ccc2N=CC(=O)N(CCN3CC[C@@H](NCc4cc5OCCOc5cn4)[C@@H](O)C3)c2c1,0.78,2.1793452380952383,1.3993452380952383
303,train,O=C1Nc2ccccc2C(=O)C=C1,1.02,2.1793452380952383,1.1593452380952383
3927,train,CC(C)CN1C(=O)N(C)C(=O)c2c1nn(Cc3cccc4ccccc34)c2c5cncn5C,4.1,2.1793452380952383,-1.9206547619047614
81,train,COC(=O)c1ccc(C)c(NS(=O)(=O)c2ccc3N(C)SC(=O)c3c2)c1,2.6,2.1793452380952383,-0.4206547619047618
1820,train,COc1ccc2c(C)cc(N[C@H]3CC[C@@H](C3)NCc4cn(C)c5ccccc45)nc2c1,2.53,2.1793452380952383,-0.3506547619047615
1355,train,CN1CCc2c(NC(=O)Cc3ccccc3)c4ccccc4nc12,2.8,2.1793452380952383,-0.6206547619047615
1745,train,Cn1cc(nc1c2c3C(=O)N(CC#C)C(=O)N(CC4CC4)c3nn2Cc5ccnc6ccc(Cl)cc56)C#N,3.4,2.1793452380952383,-1.2206547619047616
1813,train,COc1cc2ncnc(Nc3cc(NC(=O)c4ccnc(c4)N5CCOCC5)ccc3C)c2cc1OCCN6CCCCC6,3.35,2.1793452380952383,-1.1706547619047618
3907,train,CNc1ncnc2c(CNc3cc(NC(=O)c4ccc5OCCOc5c4)ccc3C)cccc12,4.0,2.1793452380952383,-1.8206547619047617
1758,train,COc1ccccc1OCC(O)CO,0.24,2.1793452380952383,1.9393452380952383
4196,train,CCN(C1CCN(CCC(c2ccc(F)cc2)c3ccc(F)cc3)CC1)C(=O)Cc4ccc(cc4)S(=O)(=O)C,3.21,2.1793452380952383,-1.0306547619047617
1186,train,CC1(CCC(=O)N1Cc2cccs2)C(=O)NC3CCCCC3,2.15,2.1793452380952383,0.02934523809523837
3369,train,CC(C)N1CCC[C@@H](CN2CCN(CC2)C(=O)Nc3ccc(Cl)c(Cl)c3)C1,1.62,2.1793452380952383,0.5593452380952382
3868,train,Nc1ccc2cccc(Nc3ncccn3)c2n1,2.7,2.1793452380952383,-0.5206547619047619
11,train,C[C@H](Nc1nc(Nc2cc(C)[nH]n2)c(C)nc1C#N)c3ccc(F)cn3,2.61,2.1793452380952383,-0.4306547619047616
493,train,CN[C@@H](C)C(=O)N[C@@H](C1CCCCC1)C(=O)N[C@H]2C[C@@H]3CC[C@H]2N(CCc4ccccc4)C3,1.64,2.1793452380952383,0.5393452380952384
576,train,CCCN(C)c1nc(ccc1C(=O)NC2CCCCC2)N3CCC[C@@H](CC(=O)O)C3,2.28,2.1793452380952383,-0.10065476190476152
3365,train,COc1ccc(CN2C(=O)NC3=C(C=C(N(CC(=O)NC(C(C)C)C(=O)C(F)(F)F)C3=O)c4ccccc4)C2=O)cc1,2.93,2.1793452380952383,-0.7506547619047619
462,train,CC(=O)Nc1ccc2CCN(c3cc(NC4CC4)n5ncc(C#N)c5n3)c2c1,3.3,2.1793452380952383,-1.1206547619047615
8,train,COc1ccc(cc1)C2=COc3cc(OC)cc(OC)c3C2=O,3.05,2.1793452380952383,-0.8706547619047615
3832,train,CS(=O)(=O)c1cccc(Nc2nccc(n2)N(CC#N)c3c(Cl)ccc4OCOc34)c1,3.16,2.1793452380952383,-0.9806547619047619
848,train,C[C@@H](NC(=O)C)c1ccc(Nc2ncc3cc(cc(C)c3n2)c4ccncc4)cc1,3.46,2.1793452380952383,-1.2806547619047617
1286,train,COc1ccc(NC(=O)C=C)cc1,1.68,2.1793452380952383,0.49934523809523834
49,train,COc1ccccc1Cn2c(C)nc3ccccc23,3.47,2.1793452380952383,-1.290654761904762
2360,train,CC(C)(C)NC(=O)Nc1cccc(CN2NC(=O)C3=C(C2=O)C(=O)c4ccc(Cl)cc4N3)c1,1.77,2.1793452380952383,0.40934523809523826
2053,train,CN(C(=O)N1CCC(CC1)N2CCC(CC2)Oc3ccc(Cl)c(Cl)c3)S(=O)(=O)c4ccc(C)cc4,4.49,2.1793452380952383,-2.310654761904762
305,train,Fc1ccc(CN2CCN(CC2)C3=Nn4c(CC3)nnc4C(F)(F)F)cc1,2.8,2.1793452380952383,-0.6206547619047615
198,train,OC(=O)COc1ccc(Cl)cc1CN2CCCN(CC2)S(=O)(=O)Cc3ccccc3,1.01,2.1793452380952383,1.1693452380952383
3628,train,C[C@@H](NC(=O)[C@@H]1CCCC[C@H]1C(=O)N2CCc3[nH]c4ccc(F)cc4c3C2)C#N,3.1,2.1793452380952383,-0.9206547619047618
3983,train,CN(C)C(=O)c1ccc(cc1)C(=C2CCN(Cc3cscn3)CC2)c4cccc5cccnc45,2.3,2.1793452380952383,-0.12065476190476154
971,train,Nc1cc(nc2ccc(Nc3cc(nc(N)n3)c4ccc(cc4)C(F)(F)F)cc12)c5ccc(F)cc5,1.54,2.1793452380952383,0.6393452380952382
1390,train,CN([C@@H]1CCN(Cc2nc3ccccc3s2)C[C@@H]1F)C(=O)Cc4ccc(cc4)S(=O)(=O)C,2.1,2.1793452380952383,0.07934523809523819
2627,train,Cc1ccc(cc1)C(=O)C2CCN(CC2)C(=O)c3ccc(C)cc3,3.43,2.1793452380952383,-1.2506547619047619
3165,train,CN[C@@H](C)C(=O)N[C@H](C(=O)N[C@H]1CCCN(CCc2ccc(cc2)[N+](=O)[O-])C1)C(C)(C)C,1.54,2.1793452380952383,0.6393452380952382
1524,train,Cn1cnc(c2ccccc2)c1\C=C\c3ccnc(N)n3,2.61,2.1793452380952383,-0.4306547619047616
352,train,Cc1cc2cc(C)c3nnc(SCC(=O)N4CCN(CC4)C(=O)c5occc5)n3c2cc1C,2.8,2.1793452380952383,-0.6206547619047615
4134,train,C[C@@H]1CC[C@H](CC1)Oc2nc(N)c3ncn([C@@H]4O[C@H](C)[C@@H](O)[C@H]4O)c3n2,2.35,2.1793452380952383,-0.1706547619047618
949,train,Clc1cc(Nc2ncnc3[nH]nc(OCCN4CCCC4)c23)ccc1OCc5ccccn5,2.87,2.1793452380952383,-0.6906547619047618
460,train,Cc1cccc(c1)S(=O)(=O)NC(=O)N2CCC(CC2)N3CCC(CC3)Oc4ccc(Cl)c(Cl)c4,1.84,2.1793452380952383,0.3393452380952382
2602,train,CC(C)(C)OC(=O)N1CCC(CC1)OCc2onc(n2)c3ccncc3,3.0,2.1793452380952383,-0.8206547619047617
2480,train,Clc1ccc(cc1)C(=O)N[C@H]2CN3CCC2CC3,0.6,2.1793452380952383,1.5793452380952382
2235,train,CC(C)C(=O)Nc1ccc(c(c1)C(F)(F)F)[N+](=O)[O-],3.46,2.1793452380952383,-1.2806547619047617
2565,train,CCC(NC(=O)c1ccc(C)cc1)C2=Nc3ccsc3C(=O)N2Cc4ccccc4,4.14,2.1793452380952383,-1.9606547619047614
3362,train,O=C1OC(=Cc2ccccc12)c3ccccc3,3.84,2.1793452380952383,-1.6606547619047616
3988,train,OCC1=CC2=NNC(=O)N2c3cc(ccc13)c4ccc[nH]4,2.19,2.1793452380952383,-0.010654761904761667
3755,train,CS(=O)(=O)C1(CCNCC1)c2cc(nc(n2)c3cccc4[nH]ccc34)N5CCOCC5,0.7,2.1793452380952383,1.4793452380952383
2687,train,OC(=O)[C@H](Cc1ccc(CCCCNc2ccccn2)cc1)NC(=O)c3c(Cl)cccc3Cl,0.51,2.1793452380952383,1.6693452380952383
798,train,O[C@H](CNC(=O)C1=CNC(=O)c2cc(ccc12)S(=O)(=O)N3CCC3)CN4CCC(CC4)Oc5ccc(Cl)c(Cl)c5,3.02,2.1793452380952383,-0.8406547619047617
402,train,Cc1c(Sc2ccc(Cl)cc2)c3c(Cl)nccc3n1CC(=O)O,0.92,2.1793452380952383,1.2593452380952384
2376,train,C[C@H](CO)Nc1nc(SCc2cccc(F)c2F)nc3nccnc13,3.15,2.1793452380952383,-0.9706547619047616
938,train,Cc1ccc2c(c1)c(Sc3ccc(Cl)cc3)c(C)n2CC(=O)O,2.18,2.1793452380952383,-0.0006547619047618802
1229,train,Cc1oc(cc1)c2ccc(cc2F)S(=O)(=O)N3CCC[C@H]3C(=O)N4CC[C@@H](N)C4,1.2,2.1793452380952383,0.9793452380952383
1109,train,Oc1cc(nc2ccccc12)c3ccccc3,2.54,2.1793452380952383,-0.36065476190476176
120,train,COc1cc2ncc(C(=O)N)c(Nc3cccc(Cl)c3F)c2cc1OC,3.6,2.1793452380952383,-1.4206547619047618
3214,train,O=C(CCc1ccncc1)Nc2ccc(cc2)C(=O)c3ccccc3,3.4,2.1793452380952383,-1.2206547619047616
2,train,COC(=O)[C@@H](N1CCc2sccc2C1)c3ccccc3Cl,3.69,2.1793452380952383,-1.5106547619047617
4178,train,OC(=O)[C@H](Cc1ccc(cc1)N2CCN(CC2)c3ccccc3)NC(=O)c4c(Cl)cccc4Cl,0.08,2.1793452380952383,2.099345238095238
1179,train,CC(=O)NC[C@H]1CN(C(=O)O1)c2ccc(N3Cc4cccnc4C3)c(F)c2,2.88,2.1793452380952383,-0.7006547619047616
1597,train,COc1ccc(Cl)cc1NC(=O)Nc2cnccn2,3.63,2.1793452380952383,-1.4506547619047616
1755,train,CC1=C(OCc2ccccc2)C(=O)C=CO1,1.87,2.1793452380952383,0.3093452380952382
3724,train,Fc1cccc(CN2CCN(CC2)c3ccc4nnc(n4n3)C(F)(F)F)c1F,3.6,2.1793452380952383,-1.4206547619047618
4135,train,CC(C)CN1C(=O)N(C)C(=O)c2c1sc(Cc3ccnc4ccccc34)c2C(=O)N5CC[C@@H](O)C5,1.65,2.1793452380952383,0.5293452380952384
184,train,Clc1ccc(CC2CCNCC2)cc1C(=O)NCC34CC5CC(CC(C5)C3)C4,1.49,2.1793452380952383,0.6893452380952383
1685,train,C[C@@H](c1ncncc1F)[C@](O)(Cn2cncn2)c3ccc(F)cc3F,1.7,2.1793452380952383,0.4793452380952383
3840,train,COC(=O)C1=C(C)NC(=C(C1c2ccccc2[N+](=O)[O-])C(=O)OCC(C)C)C,3.59,2.1793452380952383,-1.4106547619047616
2699,train,CC(C)OC(=O)N1CCC(CC1)Oc2ncnc(Oc3ccc(cc3F)S(=O)(=O)C)c2C,3.7,2.1793452380952383,-1.520654761904762
423,train,COc1ccc2N=CC(=O)N(CCN3CCC(CC3)NCc4cc5OCCOc5cn4)c2n1,0.83,2.1793452380952383,1.3493452380952382
2372,train,CCC(N(CCCN)C(=O)c1ccc(C)cc1)C2=Nc3ccoc3C(=O)N2Cc4ccccc4,1.37,2.1793452380952383,0.8093452380952382
844,train,C1Cc2ncc(c3ccc4OCCOc4c3)n2C1,2.33,2.1793452380952383,-0.1506547619047618
1614,train,CCc1cccc2c(cn(CC(=O)NCCOC)c12)C#N,1.95,2.1793452380952383,0.22934523809523832
1219,train,Nc1nc(Cl)nc(NCc2ccccc2)n1,2.26,2.1793452380952383,-0.08065476190476151
2614,train,OC(=O)c1ccccc1Nc2cccc(c2)C(F)(F)F,2.01,2.1793452380952383,0.1693452380952385
502,train,Cc1ccc(cc1NC(=O)c2ccc(OCc3ccccn3)cc2)c4cn(C)c(C)n4,2.71,2.1793452380952383,-0.5306547619047617
3332,train,COc1ccc(OC)c(c1)c2c(F)ccc3c(N)c(nnc23)C(=O)NC(C)C,3.77,2.1793452380952383,-1.5906547619047617
2738,train,Cc1cc(NCc2ccccc2)nc3ccccc13,3.69,2.1793452380952383,-1.5106547619047617
2223,train,CN(C)c1nc(nc(n1)N(C)C)N(C)C,2.44,2.1793452380952383,-0.26065476190476167
2251,train,CS(=O)(=O)c1cccc(Nc2nccc(Nc3cccc4OCOc34)n2)c1,2.83,2.1793452380952383,-0.6506547619047618
4080,train,CN[C@@H](C)C(=O)N[C@H](C(=O)N1CC[C@H]2CC[C@H](NC(=O)c3cccc4ccccc34)[C@@H]12)C(C)(C)C,1.94,2.1793452380952383,0.23934523809523833
1114,train,CC(C)NC(=O)c1ccc(C)c(c1)N2C=Nc3ccc(cc3C2=O)N4CCN(C)CC4,1.56,2.1793452380952383,0.6193452380952382
3131,train,CN1CCN(CC1)c2ccc3N=CN(C(=O)c3c2)c4cc(NC(=O)c5cncs5)ccc4C,2.11,2.1793452380952383,0.0693452380952384
2830,train,CCN1C=C(C(=O)O)C(=O)c2cc(F)c(N3CCNC(C)C3)c(F)c12,-1.1,2.1793452380952383,3.2793452380952384
1961,train,NNC1=Nc2ccccc2NC1=O,0.44,2.1793452380952383,1.7393452380952383
19,train,CO[C@H]1CN(CCN2C(=O)C=Cc3ccc(cc23)C#N)CC[C@H]1NCc4ccc5OCC(=O)Nc5n4,0.32,2.1793452380952383,1.8593452380952382
1346,train,COc1ccnc(NC2CCN(CC2)C(=O)c3ccccc3)c1,2.06,2.1793452380952383,0.11934523809523823
999,train,COc1ccc2c(c1)cc(C(=O)O)n2Cc3ccc(Cl)c(Cl)c3,1.66,2.1793452380952383,0.5193452380952384
461,train,C[C@@H]1CN(CCN1C(=O)[C@@H]2CCCC[C@H]2C(=O)NC3(CC3)C#N)c4ccc5c(C)nnc(C)c5c4,1.93,2.1793452380952383,0.24934523809523834
4024,train,Cc1ccc(cc1)c2nnc(N3CCN(CC3)C(=O)c4occc4)c5ccccc25,3.78,2.1793452380952383,-1.6006547619047615
3079,train,COc1ccc(cc1Oc2cccc(Cl)c2)S(=O)(=O)N3CCC[C@@H](C3)N4C=C(C)C(=O)NC4=O,2.73,2.1793452380952383,-0.5506547619047617
3593,train,C[C@H](Nc1nc(Nc2ncc(C)s2)cc(n1)N3CCOCC3)c4ncc(F)cn4,2.68,2.1793452380952383,-0.5006547619047619
2956,train,Cc1ccc(cc1)S(=O)(=O)NC(=O)N2CCC(CC2)N3CCC(CC3)Oc4ccc(Cl)c(C)c4Cl,2.2,2.1793452380952383,-0.020654761904761898
290,train,COc1cc(OC)c(cc1NC(=O)COC(=O)C)S(=O)(=O)N2C(C)CCc3ccccc23,2.07,2.1793452380952383,0.10934523809523844
3497,train,Cc1oc(cc1C(=O)O)c2ccc(Cl)cc2,1.67,2.1793452380952383,0.5093452380952384
4042,train,CC1=CC2=NNC(=O)N2c3cc(ccc13)c4cccc(CO)c4,3.36,2.1793452380952383,-1.1806547619047616
1781,train,C[C@H](NC(=O)c1c(C)nn(c1NS(=O)(=O)c2cccc(CN3CCOCC3)c2)c4ccccc4)C(C)(C)C,0.29,2.1793452380952383,1.8893452380952382
2393,train,C[C@@H](C(=O)NCCN1CCCC1)c2ccc(OS(=O)(=O)C(F)(F)F)cc2,1.64,2.1793452380952383,0.5393452380952384
2041,train,CNC[C@H](O)c1ccc(Cl)c(c1)C(=O)NCC23CC4CC(CC(C4)C2)C3,1.41,2.1793452380952383,0.7693452380952384
2525,train,CC(=O)Nc1ccc(CNc2[nH]nc3cccc(Oc4ccc(F)cc4)c23)cc1,4.28,2.1793452380952383,-2.100654761904762
3499,train,CC(C)C[C@H](CO)Nc1nc(SCc2cccc(c2)C#N)nc3nc(N)sc13,3.9,2.1793452380952383,-1.7206547619047616
1979,train,Oc1cccc(NC(=O)c2ccc(OCCCN3CCCC3)cc2OCc4cccc(c4)C#N)c1,2.41,2.1793452380952383,-0.23065476190476186
3037,train,CCN(CC)CC#CCOC(=O)C(O)(C1CCCCC1)c2ccccc2,3.65,2.1793452380952383,-1.4706547619047616
138,train,COc1ccc(cc1)C2=CC(=O)c3ccccc3N2,2.71,2.1793452380952383,-0.5306547619047617
3254,train,Cc1cnc(Oc2ccc(cc2)n3ccnc3)nc1Oc4ccc5OCOc5c4,3.56,2.1793452380952383,-1.3806547619047618
2780,train,O\N=C\1/C(=O)N(Cc2ccccc2[N+](=O)[O-])c3ccccc13,2.07,2.1793452380952383,0.10934523809523844
1848,train,C[C@H](CO)Nc1nc(SCc2cccc(F)c2F)nc3NC(=O)C=Nc13,3.1,2.1793452380952383,-0.9206547619047618
61,train,Cc1ccccc1NC(=O)CCS(=O)(=O)c2ccc(Br)s2,2.7,2.1793452380952383,-0.5206547619047619
1478,train,Oc1ccc(cc1)C2=COc3cc(O)cc(O)c3C2=O,3.06,2.1793452380952383,-0.8806547619047618
3081,train,Nc1nc2OC(COc3ccccc3)Cc2c(N)c1C#N,2.08,2.1793452380952383,0.09934523809523821
3904,train,OCCCNc1ccc2c(NC(=O)CC3CCCCC3)c(Cl)ccc2n1,3.29,2.1793452380952383,-1.1106547619047618
2468,train,C[N+]1(C)[C@@H]2C[C@H](C[C@H]1[C@@H]3O[C@H]23)OC(=O)C(O)(c4cccs4)c5cccs5,-0.25,2.1793452380952383,2.4293452380952383
3906,train,O[C@@H]1CN(CCN2C(=O)C=Cc3ccc(cc23)C#N)CC[C@@H]1NCc4cc5OCCOc5cn4,0.46,2.1793452380952383,1.7193452380952383
2619,train,COc1cccc(n1)N(C)c2ccnc(Nc3cc(cc(c3)N4CCOCC4)N5CCOCC5)n2,3.37,2.1793452380952383,-1.1906547619047618
1738,train,CN(C)CCCNS(=O)(=O)c1ccc(Nc2nccc(n2)c3cnc4cccnn34)cc1,1.4,2.1793452380952383,0.7793452380952384
2861,train,N[C@@H](Cc1cccs1)C(=O)N[C@@]2(C[C@@H]2c3ccccc3)C#N,1.3,2.1793452380952383,0.8793452380952382
1927,train,COc1cc2ncc(C(=O)N)c(Nc3ccccc3Cl)c2cc1OC,2.89,2.1793452380952383,-0.7106547619047618
2346,train,C[C@H](NC(=O)c1c(C)nn(C2CCS(=O)(=O)CC2)c1NS(=O)(=O)c3ccc(C)cc3)C(C)(C)C,0.25,2.1793452380952383,1.9293452380952383
2817,train,CCc1[nH]c2nc(Sc3cnc4ccc[n+]([O-])c4c3)nc(N5C[C@@H]6[C@@H](N)[C@@H]6C5)c2c1Cl,2.3,2.1793452380952383,-0.12065476190476154
591,train,CCC(CCNC)Oc1cc(Cl)ccc1C#N,0.38,2.1793452380952383,1.7993452380952384
1278,train,O=C(NCCCCc1ccccc1)c2ccccc2,3.8,2.1793452380952383,-1.6206547619047615
1953,train,O=C1CCOc2cc(OCc3cccc(c3)C#N)ccc12,2.8,2.1793452380952383,-0.6206547619047615
2104,train,OC1(C(=O)Nc2ccccc12)c3ccccc3,1.71,2.1793452380952383,0.4693452380952383
300,train,Oc1ccc(CCNCCCS(=O)(=O)NCCOCCc2cccc(Cl)c2)c3sc(O)nc13,1.92,2.1793452380952383,0.25934523809523835
3186,train,Clc1ccc(OC2CCNCC2)cc1C(=O)NCC34CC5CC(CC(C5)C3)C4,1.83,2.1793452380952383,0.3493452380952382
1402,train,Nc1n[nH]c2c(Cl)cccc12,1.7,2.1793452380952383,0.4793452380952383
517,train,Cc1onc(n1)c2ccc(OCC3CN(C3)c4ccc(C)nn4)cc2,2.62,2.1793452380952383,-0.4406547619047618
3257,train,CN1CCN(CC(=O)N2c3ccccc3C(=O)Nc4cccnc24)CC1,-0.49,2.1793452380952383,2.6693452380952385
1252,train,C[C@H](CO)Nc1nc(SCc2ccccc2F)nc3nc(N)sc13,3.12,2.1793452380952383,-0.9406547619047618
2242,train,OC(=O)C1Cc2c([nH]c3ccccc23)C(N1)c4ccccc4,0.78,2.1793452380952383,1.3993452380952383
3722,train,Cc1cc(C)nc(N)c1,0.85,2.1793452380952383,1.3293452380952382
1583,valid,CCN(C1CCN(CCC(c2ccccc2)c3ccccc3)CC1)C(=O)Cc4ccc(cc4)S(=O)(=O)N,2.4,2.1793452380952383,-0.22065476190476163
1735,valid,OC1N=C(c2ccccc2Cl)c3cc(Cl)ccc3NC1=O,2.38,2.1793452380952383,-0.2006547619047616
2047,valid,CS(=O)(=O)Nc1cccc(NC(=O)CN2CCN([C@H](Cc3ccccc3)C2)C(=O)C[C@H](N)Cc4ccc(F)c(F)c4)c1,2.06,2.1793452380952383,0.11934523809523823
4015,valid,Cn1cnc2c(c3ccc(cc3)C4(N)CCC4)c(ccc12)c5ccccc5,2.5,2.1793452380952383,-0.3206547619047617
75,valid,COc1cc(NS(=O)(=O)c2ccc(N)cc2)nc(OC)n1,0.2,2.1793452380952383,1.9793452380952383
2189,valid,CC(C)(N)C(=O)N[C@H](COCc1ccccc1)C(=O)N2CCC3(CC2)CN(c4ccccc34)S(=O)(=O)C,1.4,2.1793452380952383,0.7793452380952384
2791,valid,Clc1ccccc1N2CCN(CC2)C(=O)NC3CCCCC3,3.78,2.1793452380952383,-1.6006547619047615
2388,valid,COC[C@H](C)Oc1cc(Oc2ccc(Cl)cc2)cc(c1)C(=O)Nc3ccc(cn3)C(=O)O,1.69,2.1793452380952383,0.48934523809523833
3319,valid,CN1[C@@H]2CC[C@H]1C[C@H](C2)OC(=O)C(O)c3ccccc3,-1.29,2.1793452380952383,3.4693452380952383
1965,valid,COCC[C@H](Oc1ncnc2c1cnn2c3ccccc3Cl)C(=O)Nc4ccc(C)cn4,3.6,2.1793452380952383,-1.4206547619047618
4073,valid,Cc1cc(C)cc(c1)c2c(O)nc3cc(Cl)c(cc3c2OCCC4CCCCN4)C(=O)Nc5ccncn5,1.7,2.1793452380952383,0.4793452380952383
3729,valid,O=S(=O)(Nc1cccnc1)c2ccc3OCCOc3c2,1.34,2.1793452380952383,0.8393452380952382
3777,valid,O[C@@H](CNCCc1ccc(CNCCc2ccccn2)cc1)c3ccc(O)c4NC(=O)Sc34,-0.25,2.1793452380952383,2.4293452380952383
2004,valid,Cc1cc(C)cc(c1)c2[nH]c3ccc(cc3c2CCNCCCCc4ccncc4)C(C)(C)C(=O)N5C6CCC5CC6,4.3,2.1793452380952383,-2.1206547619047615
804,valid,C[C@H](Nc1nc(Nc2cc(C)[nH]n2)c(C)nc1C#N)c3ncc(F)cn3,1.92,2.1793452380952383,0.25934523809523835
2114,valid,Clc1cccc(NC(=O)N2CCN(C[C@@H]3CCCN(C3)C4CC4)CC2)c1,2.74,2.1793452380952383,-0.5606547619047619
3158,valid,CN(CCOc1ccc(C[C@H](Nc2ccccc2C(=O)c3ccccc3)C(=O)O)cc1)c4ccccn4,2.15,2.1793452380952383,0.02934523809523837
2676,valid,CC(C)C[C@H](N1CCC[C@@H](C1)N2C=C(C)C(=O)NC2=O)c3ccc(C(=O)O)c(Oc4cccc(Cl)c4)c3,0.93,2.1793452380952383,1.2493452380952381
1427,valid,O=C(Nc1cccc(c1)c2nnn[nH]2)c3cccc4[nH]cnc34,-0.05,2.1793452380952383,2.229345238095238
280,valid,COc1ccc(cc1OC)C2=COc3cc(O)cc(O)c3C2=O,2.8,2.1793452380952383,-0.6206547619047615
3101,valid,FC1(F)Oc2ccc(\C=C\3/SC(=O)NC3=O)cc2O1,2.8,2.1793452380952383,-0.6206547619047615
3231,valid,COCC(=O)N1CCC(CC1)n2cc(cn2)c3cnc(N)c(c3)c4oc5ccccc5n4,3.4,2.1793452380952383,-1.2206547619047616
511,valid,CN1CC=CCC(C1)c2oc3ccccc3c2,2.47,2.1793452380952383,-0.2906547619047619
1580,valid,OC(=O)[C@H](Cc1ccccc1C#N)N2CCC(CN3CCC(CC3)Oc4ccc(Cl)c(Cl)c4)CC2,2.12,2.1793452380952383,0.05934523809523817
2747,valid,OC(=O)COc1ccc(Cl)cc1c2cccc(c2)C#N,-0.25,2.1793452380952383,2.4293452380952383
1123,valid,CCCCNC(=O)NS(=O)(=O)c1ccc(C)cc1,0.44,2.1793452380952383,1.7393452380952383
1442,valid,Nc1nnc(CCSCCc2nnc(N)s2)s1,-0.1,2.1793452380952383,2.2793452380952384
1276,valid,Cc1nc2ncnn2c(O)c1CCOC(=O)c3ccccc3F,0.99,2.1793452380952383,1.1893452380952383
1143,valid,COc1cc(Nc2nc(N[C@@H](C)c3ncc(F)cn3)ncc2Cl)n[nH]1,2.53,2.1793452380952383,-0.3506547619047615
4007,valid,O[C@@H](CNCCOc1cccc(CNCCc2ccccc2F)c1)c3ccc(O)c4NC(=O)Sc34,1.86,2.1793452380952383,0.3193452380952382
3568,valid,c1ccc(cc1)c2ccc3ccccc3n2,4.0,2.1793452380952383,-1.8206547619047617
492,valid,CC(C)CN1C(=O)N(C)C(=O)c2c1sc(Cc3ccccc3C(F)(F)F)c2C(=O)N(C)C,2.9,2.1793452380952383,-0.7206547619047616
454,valid,CCNC(=O)C[C@H]1N=C(c2ccc(Cl)cc2)c3cc(OC)ccc3n4c(C)nnc14,2.42,2.1793452380952383,-0.24065476190476165
369,valid,Clc1ccc(O[C@H]2CCCNC2)cc1C(=O)NCC34CC5CC(CC(C5)C3)C4,2.18,2.1793452380952383,-0.0006547619047618802
3994,valid,NC(=O)N1c2ccccc2C=Cc3ccccc13,1.65,2.1793452380952383,0.5293452380952384
979,valid,COc1cc(cc(OC)c1OC)C(=O)c2cc(Cl)ccc2N,3.38,2.1793452380952383,-1.2006547619047616
3484,valid,COC(=O)CCCCCCC(=O)Nc1ccc2c(c1)C(=O)C(=O)c3ccccc23,2.9,2.1793452380952383,-0.7206547619047616
1750,valid,Cc1cc(c(S)cc1Cl)S(=O)(=O)Nc2nc(Nc3ccc(Cl)cc3)n[nH]2,2.09,2.1793452380952383,0.08934523809523842
2320,valid,NC(=O)Cc1ccccc1,0.3,2.1793452380952383,1.8793452380952382
225,valid,CCCNC[C@@H](O)COc1ccccc1C(=O)CCc2ccccc2,1.56,2.1793452380952383,0.6193452380952382
3419,valid,O=C(N[C@@H]1CN2CCC1CC2)c3ccc(s3)c4ccccc4,1.77,2.1793452380952383,0.40934523809523826
1455,valid,COc1cc(cc(OC)c1OC)C(=O)Nc2cc(NC(=O)c3cccc(c3)N(C)C)ccc2C,2.54,2.1793452380952383,-0.36065476190476176
2055,valid,CN1C=CNC1=S,-0.42,2.1793452380952383,2.599345238095238
262,valid,COc1ccnc(CCc2nc3cccnc3[nH]2)c1,1.69,2.1793452380952383,0.48934523809523833
864,valid,C[C@@H](NC(=O)c1c(C)nn(c1NS(=O)(=O)c2ccc(C)cc2)c3ccccc3)C(C)(C)C,1.2,2.1793452380952383,0.9793452380952383
2813,valid,NC(=O)c1cc(sc1N)c2ccccc2,2.7,2.1793452380952383,-0.5206547619047619
2102,valid,O[C@@H](CNCCSCCCNCCc1cccc(Cl)c1)c2ccc(O)c3NC(=O)Sc23,0.98,2.1793452380952383,1.1993452380952383
1042,valid,Clc1cccc(Cl)c1c2nnc3cccc(Cl)n23,2.66,2.1793452380952383,-0.48065476190476186
3428,valid,CC(=O)Nc1ccc(cc1)S(=O)(=O)Nc2ccc(Cc3ccncc3)cc2,2.8,2.1793452380952383,-0.6206547619047615
1274,valid,CC1(C)[C@@H]2CC[C@@]1(CS(=O)(=O)N3CCN(CC3)c4ccc(cn4)C#N)C(=O)C2,2.46,2.1793452380952383,-0.2806547619047617
3928,valid,COCCNc1nc(nc(NCC(C)C)c1N)C#N,2.8,2.1793452380952383,-0.6206547619047615
1102,valid,NCCc1ccc(O)c2nc(O)sc12,0.33,2.1793452380952383,1.8493452380952382
2758,valid,CC(C)CN1C(=O)N(C)C(=O)c2c1nn(Cc3cccc4ccccc34)c2c5ccncc5,4.3,2.1793452380952383,-2.1206547619047615
1375,valid,Cn1c(SCc2c(Cl)cccc2Cl)nnc1c3ccc4nonc4c3,3.35,2.1793452380952383,-1.1706547619047618
2978,valid,OC[C@H](O)CN1C(=O)C(Cc2ccccc12)NC(=O)c3cc4cc(Cl)ccc4[nH]3,3.4,2.1793452380952383,-1.2206547619047616
842,valid,Clc1cccc(C(=O)N2CCN(CC2)c3ccccn3)c1Cl,2.98,2.1793452380952383,-0.8006547619047617
2538,valid,COc1ccc2NC(=O)C(NC(=O)c3ccccc3OC)N=C(c4ccccc4)c2c1,3.8,2.1793452380952383,-1.6206547619047615
3315,valid,Nc1ncnc2ccccc12,1.26,2.1793452380952383,0.9193452380952383
1310,valid,CC(C)CN1C(=O)N(C)C(=O)c2c(SCCCO)c(Cc3ccccc3C(F)(F)F)sc12,4.05,2.1793452380952383,-1.8706547619047615
1703,valid,CCN1CCO[C@@H](CN2CCN(CC2)C(=O)Nc3ccc(Cl)c(Cl)c3)C1,2.68,2.1793452380952383,-0.5006547619047619
2559,valid,COc1cc(Nc2cc(Oc3cc(C)c(C)nc3c4ccccn4)ccn2)cc(OC)c1OC,3.22,2.1793452380952383,-1.040654761904762
3378,valid,CS(=O)(=O)C1(CC1)c2cc(nc(n2)c3cccc4[nH]ccc34)N5CCOCC5,2.2,2.1793452380952383,-0.020654761904761898
946,valid,Nc1ccccc1NC(=O)c2ccc(cc2)c3nccs3,2.3,2.1793452380952383,-0.12065476190476154
336,valid,C(CNCc1ccccc1)NCc2ccccc2,0.73,2.1793452380952383,1.4493452380952383
129,valid,CNCC[C@H](Oc1ccc(cc1)C(F)(F)F)c2ccccc2,1.89,2.1793452380952383,0.2893452380952384
1878,valid,OC(=O)c1ccc(Nc2ncc(Br)c(Nc3ccccc3)n2)cc1,1.65,2.1793452380952383,0.5293452380952384
2603,valid,C[C@@](O)(C(=O)Nc1ccc(cc1Cl)S(=O)(=O)C)C(F)(F)F,2.08,2.1793452380952383,0.09934523809523821
948,valid,Nc1ncc([nH]1)c2ccc(F)cc2,1.39,2.1793452380952383,0.7893452380952384
1821,valid,Cc1ccn2c(c(C)nc2c1)c3ccnc(N)n3,2.39,2.1793452380952383,-0.21065476190476184
2266,valid,Cc1ccccc1C(=O)N2CCN(CC2)c3ccccn3,2.18,2.1793452380952383,-0.0006547619047618802
3878,valid,COCCOc1ccc(cc1)c2cc(C(=O)N)c(NC(=O)N)s2,2.34,2.1793452380952383,-0.16065476190476158
1556,valid,CN(c1ccc2c(C)n(C)nc2c1)c3ccnc(Nc4ccc(C)c(c4)S(=O)(=O)N)n3,3.3,2.1793452380952383,-1.1206547619047615
3148,valid,C1CCC(CC1)NC2CCCCC2,-0.38,2.1793452380952383,2.559345238095238
871,valid,CCOC(=O)\C=C\[C@H](C[C@@H]1CCNC1=O)NC(=O)[C@@H](CC(=O)[C@@H](NC(=O)c2cc(C)on2)C(C)C)Cc3ccc(F)cc3,2.8,2.1793452380952383,-0.6206547619047615
2640,valid,Cc1c(CCC(=O)O)c[nH]c1\C=C\2/C(=O)Nc3ccccc23,1.05,2.1793452380952383,1.1293452380952382
1975,valid,FC(F)(F)c1cccc(c1)S(=O)(=O)NCC(N2CCCCCC2)c3ccccc3,3.12,2.1793452380952383,-0.9406547619047618
1985,valid,FC(F)(F)c1cc(COCC(N2CCNCC2)c3ccccc3)cc(c1)C(F)(F)F,2.9,2.1793452380952383,-0.7206547619047616
1212,valid,CCc1ccc(NC(=O)c2ccc3cc(ccc3c2)C(=N)N)cc1,1.1,2.1793452380952383,1.0793452380952382
629,valid,OC[C@H](O)C(=O)N1CCC(=CC1)c2ccc(cc2F)N3C[C@H](COc4ccon4)OC3=O,1.09,2.1793452380952383,1.0893452380952382
3007,valid,CC(C)CN1C(=O)N(C)C(=O)c2c1sc(Cc3cncc4ccccc34)c2C(=O)N5CC[C@@H](O)C5,1.74,2.1793452380952383,0.4393452380952383
2536,valid,CCN(CC)C(=O)c1ccc(cc1)C(=C2CCN(Cc3ccc(F)cc3)CC2)c4cccc5cccnc45,3.86,2.1793452380952383,-1.6806547619047616
1892,valid,Cc1cccc(n1)c2nc3cc(Cl)ccc3[nH]2,4.1,2.1793452380952383,-1.9206547619047614
2605,valid,CCS(=O)(=O)Nc1cccc2c1c(Oc3ccc(Cl)cc3)c(C)n2CC(=O)O,-0.29,2.1793452380952383,2.4693452380952383
3730,valid,CNCCC(Oc1ccccc1OC)c2ccccc2,0.22,2.1793452380952383,1.9593452380952383
2391,valid,COCCOCCOc1ccc(cc1)c2cc(C(=O)N)c(NC(=O)N)s2,2.21,2.1793452380952383,-0.030654761904761685
3758,valid,CN(C)Cc1ccccc1Sc2ccc(C)cc2N,2.6,2.1793452380952383,-0.4206547619047618
1682,valid,OC(=O)COc1ccc(cc1c2ccc(Cl)cc2)C(F)(F)F,0.9,2.1793452380952383,1.2793452380952384
1187,valid,COc1cc(ccc1Nc2ncc(Cl)c(n2)c3cnc4ccccn34)N5CCN(CC5)C(=O)N,3.3,2.1793452380952383,-1.1206547619047615
3031,valid,Cc1c(Oc2ccc(Cl)cc2)c3cc(F)ccc3n1CC(=O)O,1.26,2.1793452380952383,0.9193452380952383
1631,valid,Cc1cc(N)nc(CCNC(=O)c2ccc(cc2)C#N)c1,1.62,2.1793452380952383,0.5593452380952382
2499,valid,COc1ccc(CN2C(=O)CCC2(C)C(=O)NC3CCCCC3)c(OC)c1,2.38,2.1793452380952383,-0.2006547619047616
2973,valid,CO[C@H]1CN(CCN2C(=O)C=Nc3ccc(OC)cc23)CC[C@H]1NCc4ccc5OCC(=O)Nc5n4,0.51,2.1793452380952383,1.6693452380952383
2889,valid,CN1C2CC(CC1C3OC23)OC(=O)C(CO)c4ccccc4,0.17,2.1793452380952383,2.0093452380952384
2701,valid,CCC(N(CCCN)C(=O)c1ccc(cc1)C(C)C)C2=Nc3ccsc3C(=O)N2Cc4ccccc4,2.72,2.1793452380952383,-0.5406547619047619
3902,valid,COCCN(c1ccnc(Nc2cc(cc(c2)N3CCOCC3)N4CCOCC4)n1)c5cc(CO)ccc5C,2.8,2.1793452380952383,-0.6206547619047615
2461,valid,Cc1nc(CS(=O)(=O)c2ccccc2)cc(n1)N3CCOCC3,1.07,2.1793452380952383,1.1093452380952382
1712,valid,CC(C)C(NC(=O)CN1C(=O)C(=CC=C1c2ccccc2)NC(=O)Cc3cccc(c3)C(=O)O)C(=O)C(F)(F)F,0.68,2.1793452380952383,1.4993452380952381
3894,valid,COc1cc2c3N([C@H](C)c4ccccn4)C(=O)Nc3cnc2cc1c5c(C)onc5C,3.15,2.1793452380952383,-0.9706547619047616
3518,valid,CCn1c(nc2c(ncc(OCC3CCCNC3)c12)C#CC(C)(C)O)c4nonc4N,0.6,2.1793452380952383,1.5793452380952382
1245,valid,O=C(Nc1nc(cs1)c2ccccc2)c3cccnc3,3.62,2.1793452380952383,-1.4406547619047618
2163,valid,Clc1ccc(cc1C(=O)NCC23CC4CC(CC(C4)C2)C3)N5N=CC(=O)NC5=O,2.1,2.1793452380952383,0.07934523809523819
223,valid,COc1ccccc1C(NC(=O)[C@@H]2CCCC[C@H]2C(=O)N3CCN(Cc4ccc(F)cc4)CC3)C#N,3.57,2.1793452380952383,-1.3906547619047616
3609,valid,O[C@@H](CNCCc1cccc(CNCc2ccccc2Cl)c1)c3ccc(O)c4NC(=O)Sc34,1.85,2.1793452380952383,0.3293452380952382
2814,valid,OC1=CC(=O)C2=C(O1)c3ccccc3N(C2=O)c4ccccc4,0.96,2.1793452380952383,1.2193452380952383
2782,valid,Cc1cccc(C[C@H](N2CCC(CN3CCC(CC3)Oc4ccc(Cl)c(Cl)c4)CC2)C(=O)O)c1,2.84,2.1793452380952383,-0.6606547619047616
1998,valid,NC(=O)CN1C(=O)C(Cc2ccccc12)NC(=O)c3cc4cc(Cl)sc4[nH]3,3.22,2.1793452380952383,-1.040654761904762
3753,valid,c1cnc2cccnc2c1,0.89,2.1793452380952383,1.2893452380952382
2151,valid,O[C@H](CNC(=O)C1=CNC(=O)c2ccccc12)CN3CCC(CC3)Oc4ccc(Cl)c(Cl)c4,3.42,2.1793452380952383,-1.2406547619047616
1500,valid,COc1ncccc1c2cccc3c(N)c4C(=O)N(Cc4nc23)C5CCC5,3.26,2.1793452380952383,-1.0806547619047615
202,valid,Clc1ccc2C(=O)C3=C(Nc2c1)C(=O)NN(Cc4ccccn4)C3=O,1.1,2.1793452380952383,1.0793452380952382
203,valid,C[C@@H](NC(=O)[C@H]1CCCCN1)c2ccc(Nc3ncc4cc(ccc4n3)c5ccncc5)cc2,2.15,2.1793452380952383,0.02934523809523837
1650,valid,Clc1ccc(CN(Cc2ccc(Cl)cc2)c3nn[nH]n3)cc1,2.74,2.1793452380952383,-0.5606547619047619
2954,valid,Cn1cc(cc1C=O)C(=O)CCCCOc2ccc(cc2)C(=O)O,0.14,2.1793452380952383,2.039345238095238
2554,valid,Nc1nc(N)c(c(COCc2ccccc2)n1)c3ccc(NC(=O)C4CC4)cc3,2.46,2.1793452380952383,-0.2806547619047617
3859,valid,COc1cc2ncnc(Nc3cccc(Cl)c3F)c2cc1CN(C)C4(CCN(C)CC4)C(=O)N,2.16,2.1793452380952383,0.019345238095238138
2683,valid,CC(C)n1c(C)ncc1c2nc(Nc3ccc(cc3)C(=O)N4CC[C@@H](C4)N(C)C)ncc2F,2.16,2.1793452380952383,0.019345238095238138
1428,valid,Cc1c(Sc2ccc(Cl)cc2)c3cc(ccc3n1CC(=O)O)S(=O)(=O)C,0.54,2.1793452380952383,1.6393452380952382
1679,valid,COc1ccc2c(C)nc(NC(=N)N)nc2c1,-0.51,2.1793452380952383,2.689345238095238
4096,valid,Nc1nc(N)nc(n1)c2ccc(Cl)cc2,2.12,2.1793452380952383,0.05934523809523817
432,valid,O=C1C=C(Oc2c1cccc2c3cccc(c3)c4ccsc4)N5CCOCC5,4.2,2.1793452380952383,-2.020654761904762
416,valid,Clc1cccc(c1)N2CCN(CCCN3N=C4C=CC=CN4C3=O)CC2,2.67,2.1793452380952383,-0.49065476190476165
232,valid,COc1cc(Nc2nccc(n2)N(C)c3cc(CO)ccc3C)cc(c1)N4CCOCC4,3.9,2.1793452380952383,-1.7206547619047616
1492,valid,Cc1ccc(NC(=O)c2cccc(c2)C(F)(F)F)cc1NC(=O)c3cccnc3,3.11,2.1793452380952383,-0.9306547619047616
558,valid,Cc1ccccc1CN2C=CN3C(=O)C=C(N=C23)N4CCOCC4,2.3,2.1793452380952383,-0.12065476190476154
1879,valid,Oc1ccc(O)c2C(=O)C=CC(=O)c12,1.91,2.1793452380952383,0.26934523809523836
3198,valid,[O-][N+](=O)c1oc(C=NN2CCOC2=O)cc1,-0.12,2.1793452380952383,2.2993452380952384
188,valid,CC(C)OC(=O)N1CCC(CC1)Oc2ncnc(Nc3ccc(nc3C)S(=O)(=O)C)c2C,2.8,2.1793452380952383,-0.6206547619047615
3311,valid,Clc1ccc(OC2CCN(CC2)C3CCN(CC3)S(=O)(=O)NC(=O)c4ccccc4)cc1Cl,2.14,2.1793452380952383,0.039345238095238155
972,valid,Fc1cnc(NC(=O)[C@H](CC2CCOCC2)c3ccc(cc3)S(=O)(=O)C4CC4)s1,3.19,2.1793452380952383,-1.0106547619047617
394,valid,COCCNCc1cccc(CCNC[C@H](O)c2ccc(O)c3NC(=O)Sc23)c1,0.01,2.1793452380952383,2.1693452380952385
2161,valid,CCS(=O)(=O)c1ccc(Oc2cc3nc([nH]c3cc2CN4C(=O)CCC4=O)c5ccccn5)cc1,2.0,2.1793452380952383,0.17934523809523828
1876,valid,CN1CCN(CC1)C(=O)OC2N(C(=O)c3nccnc23)c4ccc(Cl)cn4,1.1,2.1793452380952383,1.0793452380952382
3085,valid,CCN(C(=O)Nc1ccccc1)c2ccccc2,3.1,2.1793452380952383,-0.9206547619047618
2770,valid,CC(C)NC[C@@H](O)COc1cccc2ccccc12,1.13,2.1793452380952383,1.0493452380952384
807,valid,COc1cc(OC)c(cc1NC(=O)CSc2ccncc2)S(=O)(=O)N3C(C)CCc4ccccc34,2.82,2.1793452380952383,-0.6406547619047616
3312,valid,OC(=O)c1cc2cc(ccc2n1Cc3ccc(Cl)c(Cl)c3)C(F)(F)F,3.07,2.1793452380952383,-0.8906547619047616
2298,valid,CCO\N=C(\C1CCN(CC1)C2(C)CCN(CC2)C(=O)c3c(C)cc[n+]([O-])c3C)/c4ccc(Br)cc4,2.14,2.1793452380952383,0.039345238095238155
1706,valid,OC(=O)C(N1CCC(CC1)N2CCC(CC2)Oc3ccc(Cl)c(Cl)c3)c4ccccc4,2.23,2.1793452380952383,-0.0506547619047617
3709,valid,CC(C)COc1ccc(cc1C#N)c2nc(C)c(s2)C(=O)O,0.94,2.1793452380952383,1.2393452380952383
126,valid,CN1CCN(CC1)C2=Nc3cc(Cl)ccc3Nc4ccccc24,3.08,2.1793452380952383,-0.9006547619047618
528,valid,CC(C)n1c(C)ncc1c2ccnc(Nc3ccc(cc3)N4CCOCC4)n2,2.88,2.1793452380952383,-0.7006547619047616
3172,valid,COc1cc(ccc1Nc2ncc(Br)c(n2)c3cnc4ccccn34)N5CCN(CC5)C(=O)C,3.7,2.1793452380952383,-1.520654761904762
124,valid,CCN(C1CCN(CCC(c2ccccc2)c3ccccc3)CC1)C(=O)NCc4c(F)cccc4F,4.3,2.1793452380952383,-2.1206547619047615
3863,valid,COCCOc1cc(Nc2nccc(n2)N(C)c3cc(CO)ccc3C)cc(c1)N4CCOCC4,3.3,2.1793452380952383,-1.1206547619047615
2287,valid,Clc1ccc(cc1Cl)[C@@H]2CNCC=CC2,1.95,2.1793452380952383,0.22934523809523832
4037,valid,CN1CCOc2cc(OC(=O)c3ccccc3)cnc12,3.3,2.1793452380952383,-1.1206547619047615
3493,valid,CS(=O)(=O)Cc1cc(nc(n1)c2ccc3[nH]ccc3c2)N4CCOCC4,2.06,2.1793452380952383,0.11934523809523823
348,valid,CCOC(=O)C1(CCCN(CC2CC2)C1)c3cccc(O)c3,1.89,2.1793452380952383,0.2893452380952384
3357,valid,Oc1c2C(=O)NNC(=O)c2nc3cc(Cl)cc(Cl)c13,0.89,2.1793452380952383,1.2893452380952382
2942,valid,CO[C@H]1CN(CCN2C(=O)C=Nc3ccc(OC)cc23)CC[C@@H]1NCc4cc5OCCOc5cn4,1.25,2.1793452380952383,0.9293452380952383
1968,valid,CCN1C(=O)C2=C(OC(=CC2=O)O)c3ccccc13,1.13,2.1793452380952383,1.0493452380952384
1630,valid,O=C1NC=Cc2nc(c3ccc(CN4CCC(CC4)c5n[nH]c(n5)c6ccccn6)cc3)c(cc12)c7ccccc7,3.9,2.1793452380952383,-1.7206547619047616
1254,valid,C=CCN(C1CCN(CCC(c2ccccc2)c3ccccc3)CC1)C(=O)Nc4ccccc4,3.6,2.1793452380952383,-1.4206547619047618
1476,valid,O[C@@]1(CN2CCC1CC2)C#Cc3ccc(Oc4ccc(cc4)C(=O)NCc5ccncn5)cc3,1.77,2.1793452380952383,0.40934523809523826
1894,valid,F[C@H]1CN(CCN2C(=O)C=Cc3ccc(cc23)C#N)CC[C@H]1NCc4ccc5OCC(=O)Nc5n4,0.66,2.1793452380952383,1.5193452380952381
3219,valid,CCCCc1nc2c(N)nc3ccccc3c2n1CC(C)C,3.82,2.1793452380952383,-1.6406547619047616
1867,valid,CC(C)C(NC(=O)CN1C(=O)C(=CC=C1c2ccccc2)NC(=O)OCc3ccncc3)C(=O)C(F)(F)F,2.41,2.1793452380952383,-0.23065476190476186
2399,valid,CC(C)C(NC(=O)CN1C(=O)C(=CN=C1c2cccs2)NC(=O)OCC(F)(F)F)C(=O)C(F)(F)F,2.32,2.1793452380952383,-0.14065476190476156
1088,valid,C[C@@H]1CN(C[C@H](C)N1)c2c(F)c(N)c3C(=O)C(=CN(C4CC4)c3c2F)C(=O)O,-0.15,2.1793452380952383,2.329345238095238
1612,valid,Cc1cccc(n1)C#Cc2ccccc2,3.6,2.1793452380952383,-1.4206547619047618
2336,valid,Nc1ccc(Cl)c(c1)c2oc3cccnc3n2,1.97,2.1793452380952383,0.2093452380952383
3857,valid,NC1=NC(c2cccc(c2)c3cncnc3)(c4ccnc(c4)C(F)(F)F)c5cccc(F)c15,3.4,2.1793452380952383,-1.2206547619047616
2028,valid,CC(C)C(NC(=O)CN1C(=O)C(=CC=C1c2ccccc2)NS(=O)(=O)NCc3ccccc3)C(=O)C(F)(F)F,2.57,2.1793452380952383,-0.39065476190476156
3279,valid,CN([C@@H]1CCN(Cc2nc3cc(F)ccc3s2)C[C@@H]1F)C(=O)Cc4ccc(cc4)S(=O)(=O)C,2.2,2.1793452380952383,-0.020654761904761898
2178,valid,CN(CCN(C)C(=O)CCOCCc1ccccc1)CCc2ccc(O)c3nc(O)sc23,2.59,2.1793452380952383,-0.4106547619047616
3169,valid,CCCNC(=O)c1nnc2c(cccc2c1N)c3cnccc3OC,2.83,2.1793452380952383,-0.6506547619047618
1134,valid,COc1cc2ncc(C(=O)N)c(Nc3cccc(Cl)c3)c2cc1OC,3.5,2.1793452380952383,-1.3206547619047617
3009,valid,CCc1cc(C(=O)N[C@@H](Cc2cccc(Cl)c2)C(=O)NCC#N)n(C)n1,2.6,2.1793452380952383,-0.4206547619047618
3887,valid,CCN(C1CCN(CC[C@H](c2ccc(cc2)S(=O)(=O)C)c3cccc(F)c3)CC1)C(=O)Cc4ccc(cc4)S(=O)(=O)C,2.9,2.1793452380952383,-0.7206547619047616
310,valid,COc1ccnc(CCc2nc3cc(Br)cnc3[nH]2)c1,2.92,2.1793452380952383,-0.7406547619047616
3377,valid,C[C@H]1NC(C)(C)CO[C@]1(O)c2cccc(Cl)c2,1.69,2.1793452380952383,0.48934523809523833
414,valid,COc1ccccc1Nc2cc(Oc3cc(C)c(C)nc3c4ccccn4)ccn2,3.37,2.1793452380952383,-1.1906547619047618
3235,valid,CC(=O)OCCn1c(Sc2nc3cccc(Cl)c3s2)nc4c(N)ncnc14,3.16,2.1793452380952383,-0.9806547619047619
1512,valid,CC(C)N1CCN(Cc2cnc(c(F)c2)c3ccc(cc3)C(=O)Nc4ccccc4N)CC1,1.6,2.1793452380952383,0.5793452380952382
2052,valid,Cc1nc(cs1)C(=O)N2CCOC3(CCN(Cc4ccc(Cl)cc4)CC3)C2,2.17,2.1793452380952383,0.00934523809523835
3856,valid,CC(C)Nc1ccc2cnn(c3cncc(n3)n4ccc(CC(=O)O)c4)c2c1,1.24,2.1793452380952383,0.9393452380952383
2296,valid,OC(=O)c1ccc(Nc2ncc3CN=C(c4cc(Cl)ccc4c3n2)c5c(F)cccc5F)cc1,2.58,2.1793452380952383,-0.4006547619047618
316,valid,Nc1ncc(nc1C(=O)Nc2cccnc2)c3ccc(cc3)S(=O)(=O)N4CCOCC4,2.83,2.1793452380952383,-0.6506547619047618
1236,valid,CCn1c(C)c(C(=O)O)c(c2cccc(c2)N3CCN(CC3)c4ccc(NS(=O)(=O)c5ccc(N[C@H](CCN6CCC(O)CC6)CSc7ccccc7)c(c5)S(=O)(=O)C(F)(F)F)cc4)c1c8ccc(Cl)cc8,4.2,2.1793452380952383,-2.020654761904762
2611,valid,CN1CCN(Cc2ccc(cc2)C(=O)Nc3ccc(C)c(Nc4nccc(n4)c5cccnc5)c3)CC1,2.5,2.1793452380952383,-0.3206547619047617
4185,valid,Cc1ccnc(NS(=O)(=O)c2ccc(N)cc2)n1,-0.51,2.1793452380952383,2.689345238095238
1690,valid,COC1=CC=C2C(=CC1=O)C(CCc3cc(OC)c(OC)c(OC)c23)NC(=O)C,1.12,2.1793452380952383,1.0593452380952382
3776,valid,CCN(CC)CCCNCc1cc(Cl)c2cccnc2c1O,0.72,2.1793452380952383,1.4593452380952383
1448,valid,COC(=O)CCCCCCC(=O)Nc1ccc2C(=O)C(=O)c3ccccc3c2c1,2.6,2.1793452380952383,-0.4206547619047618
2414,valid,Oc1ccc(N2C(=O)c3ccc(O)cc3C2=O)c(F)c1,2.1,2.1793452380952383,0.07934523809523819
179,valid,CN[C@@H](C)C(=O)N[C@H](C(=O)N[C@H]1CCCN(CCc2ccc(F)cc2)C1)C(C)(C)C,3.12,2.1793452380952383,-0.9406547619047618
275,valid,OC[C@H]1C[C@H]([C@H](O)[C@@H]1O)n2nnc3c(N[C@@H]4C[C@H]4c5ccc(F)c(F)c5)nc(SCCC(F)(F)F)nc23,3.99,2.1793452380952383,-1.810654761904762
1205,valid,CSCc1cc(nc(n1)c2ccccc2)N3CCOCC3,3.26,2.1793452380952383,-1.0806547619047615
254,valid,COc1ccc2ncc(F)c(CCN3CCC(CC3)NCc4cc5OCCOc5cn4)c2n1,1.46,2.1793452380952383,0.7193452380952383
3613,valid,COc1cc(Nc2c(cnc3cc(OC)c(OC)cc23)C#N)cc(OC)c1,3.5,2.1793452380952383,-1.3206547619047617
3977,valid,OC(=O)COc1ccc(Br)cc1c2ccccc2,0.15,2.1793452380952383,2.0293452380952384
1999,valid,CN(C)CCNC(=O)c1c(C)[nH]c(\C=C\2/C(=O)Nc3ccc(F)cc23)c1C,1.75,2.1793452380952383,0.4293452380952383
3740,valid,CC(Nc1ccccc1)C2=CC(=CN3C(=O)C=C(N=C23)N4CCOCC4)C,3.6,2.1793452380952383,-1.4206547619047618
1446,valid,COCCC(=O)NC(C)c1ccc(Nc2ncc3cc(ccc3n2)c4ccncc4)cc1,2.98,2.1793452380952383,-0.8006547619047617
1014,valid,CN[C@@H](C)[C@H](O)c1ccccc1,-1.15,2.1793452380952383,3.329345238095238
3151,valid,CNc1c(cnc2[nH]c(nc12)c3ccc(OCCN4CCOCC4)cc3)C(=O)N,2.14,2.1793452380952383,0.039345238095238155
479,valid,CN1CCCC1c2cccnc2,0.5,2.1793452380952383,1.6793452380952383
1321,valid,CCS(=O)(=O)c1ccc(c2cc(Cl)ccc2OCC(=O)O)c(c1)C(F)(F)F,0.62,2.1793452380952383,1.5593452380952382
161,valid,Clc1ccc(cc1C(=O)NCC2CCCCC2)N3N=CC(=O)NC3=O,1.26,2.1793452380952383,0.9193452380952383
3884,valid,Nc1c(nc(nc1N2CCOCC2)C#N)N3CCCCC3,2.71,2.1793452380952383,-0.5306547619047617
2225,valid,OC1=NC(=O)CN1N=Cc2oc(cc2)c3ccc(cc3)[N+](=O)[O-],1.35,2.1793452380952383,0.8293452380952382
3651,valid,Cc1ccc(cc1NC(=O)CC23CC4CC(CC(C4)C2)C3)C(=O)N5CC6CNCC(C5)O6,2.12,2.1793452380952383,0.05934523809523817
1942,valid,CCC[C@H](CO)Nc1nc(S[C@@H](C)c2cccc(c2)C#N)nc3NC(=O)Sc13,3.7,2.1793452380952383,-1.520654761904762
2984,valid,OS(=N)(=O)Cc1noc2ccccc12,0.55,2.1793452380952383,1.6293452380952382
3674,valid,CN1CCN(CC1)C(=O)Cc2csc(NS(=O)(=O)c3cccc(Cl)c3C)n2,0.57,2.1793452380952383,1.6093452380952384
340,valid,COC(=O)CCCC(=O)Nc1ccc2C(=O)C(=O)c3ccccc3c2c1,2.96,2.1793452380952383,-0.7806547619047617
3267,valid,Nc1nc(N)c2cc(Br)ccc2n1,1.78,2.1793452380952383,0.39934523809523825
3204,valid,c1ccc2cnccc2c1,1.6,2.1793452380952383,0.5793452380952382
3532,valid,O=C1O[C@]2(CN3CCC2CC3)CN1c4cccs4,0.9,2.1793452380952383,1.2793452380952384
3050,valid,COc1cc2c(Nc3ncc(NC(=O)c4ccccc4)cn3)ncnc2cc1OCCCN5CCOCC5,2.32,2.1793452380952383,-0.14065476190476156
3562,valid,CN(C)S(=O)(=O)c1ccc(CC(=O)N(C)C2CCN(CCC(c3ccccc3)c4ccccc4)CC2)cc1,3.5,2.1793452380952383,-1.3206547619047617
3636,valid,NCCCCCc1c[nH]c2ccc(F)cc12,0.6,2.1793452380952383,1.5793452380952382
4119,valid,Cc1ccnc(NCc2ccccc2O)c1,3.35,2.1793452380952383,-1.1706547619047618
2084,valid,CNCC[C@@H](Oc1cc(ccc1C#N)C(F)(F)F)c2ccccc2,1.3,2.1793452380952383,0.8793452380952382
2734,valid,CC(C)(C)NC(=O)[C@@H]1CN(Cc2cccnc2)CCN1C[C@@H](O)C[C@@H](Cc3ccccc3)C(=O)N[C@@H]4[C@H](O)Cc5ccccc45,2.9,2.1793452380952383,-0.7206547619047616
3664,valid,C[C@@H](NC1=CC(=O)CNC1)c2ccc(Nc3ncc4cc(ccc4n3)c5ccncc5)cc2,2.49,2.1793452380952383,-0.31065476190476193
2270,valid,C1NCC(CC=C1)c2oc3ccccc3c2,1.94,2.1793452380952383,0.23934523809523833
1875,valid,CC(C)(C)C(=O)Nc1ccc2c(c1)C(=O)C(=O)c3ccccc23,2.83,2.1793452380952383,-0.6506547619047618
3956,valid,OC(C(=O)c1ccccc1)c2ccccc2,2.13,2.1793452380952383,0.049345238095238386
717,valid,OC1(CNCCc2ccccc12)c3ccccc3,1.38,2.1793452380952383,0.7993452380952384
2935,valid,COCc1c(nc(C(C)C)c(\C=C\[C@@H](O)C[C@@H](O)CC(=O)O)c1c2ccc(F)cc2)C(C)C,1.72,2.1793452380952383,0.4593452380952383
1825,valid,CC(C)(C)OC(=O)c1ncn2c1[C@@H]3CCCN3C(=O)c4c(Br)cccc24,2.48,2.1793452380952383,-0.3006547619047617
1891,valid,Cn1cc(cc1c2c3C(=O)N(CCO)C(=O)N(CC4CC4)c3nn2Cc5ccnc6ccc(Cl)cc56)C#N,3.0,2.1793452380952383,-0.8206547619047617
3918,valid,CCN1CCC[C@H](CN2CCN(CC2)C(=O)Nc3ccc(Cl)c(Cl)c3)C1,1.86,2.1793452380952383,0.3193452380952382
3068,valid,Nc1cccc(CCc2ccc3cc[nH]c3c2)n1,2.8,2.1793452380952383,-0.6206547619047615
667,valid,Fc1ccc2[nH]c3CCN(Cc3c2c1)C(=O)[C@@H]4CCCC[C@H]4C(=O)NCC#N,2.77,2.1793452380952383,-0.5906547619047617
2772,valid,Cc1nc(CSc2ccc(Cl)cc2)cc(n1)N3CCOCC3,3.38,2.1793452380952383,-1.2006547619047616
729,valid,Cc1ccc(NC(=O)c2cccc(c2)N3CCOCC3)cc1NC(=O)c4ccc(OCc5ccccn5)cc4,3.2,2.1793452380952383,-1.020654761904762
1240,valid,COCCCc1cc(Nc2nc(NCc3onc(C)c3)ncc2Br)n[nH]1,3.07,2.1793452380952383,-0.8906547619047616
2397,valid,CC(C)n1c(C)ncc1c2nc(Nc3ccc(cc3)C(=O)NC4CCN(C)CC4)ncc2F,2.13,2.1793452380952383,0.049345238095238386
10,valid,CS(=O)(=O)c1ccc(Oc2ccc(cc2)C#C[C@]3(O)CN4CCC3CC4)cc1,1.51,2.1793452380952383,0.6693452380952383
2893,valid,CCN1C(=O)N(CC2CC2)c3nn(Cc4ccnc5ccc(Cl)cc45)c(c3C1=O)c6cc(cn6C)C#N,4.13,2.1793452380952383,-1.9506547619047616
144,valid,Oc1ccc2C(=O)C=C(Oc2c1)N3CCOCC3,1.0,2.1793452380952383,1.1793452380952383
4129,valid,CCCCC(N1NC(=O)c2nc3cc(Cl)ccc3c(O)c2C1=O)c4ccncc4,1.4,2.1793452380952383,0.7793452380952384
2743,valid,O=C(Nc1nccs1)c2cccnc2,2.25,2.1793452380952383,-0.07065476190476172
1674,valid,CCN(CC)C(=O)c1ccc(cc1)C(=C2CCN(Cc3ccc(F)cc3)CC2)c4ccccn4,3.28,2.1793452380952383,-1.1006547619047615
2294,valid,CN1CCN(CC1)C(=O)c2cc(CC3=NNC(=O)c4ccccc34)ccc2F,1.03,2.1793452380952383,1.1493452380952383
286,valid,CCN(C1CCN(CCC(c2ccccc2)c3ccc(NS(=O)(=O)C)cc3)CC1)C(=O)Cc4ccc(cc4)S(=O)(=O)C,1.84,2.1793452380952383,0.3393452380952382
2863,valid,Fc1ccc(cc1)C(COCc2cc(cc(c2)C(F)(F)F)C(F)(F)F)N3CCNCC3,3.0,2.1793452380952383,-0.8206547619047617
3451,valid,Cc1ccc(Oc2ccc(OCC(=O)Nc3ccncc3)cc2)cc1,4.3,2.1793452380952383,-2.1206547619047615
1171,valid,CN(c1ncccc1CNc2nc(Nc3ccc4NC(=O)Cc4c3)ncc2C(F)(F)F)S(=O)(=O)C,2.63,2.1793452380952383,-0.4506547619047616
3440,valid,O=C(Nc1ccccc1)N2CCOCC2,1.0,2.1793452380952383,1.1793452380952383
294,valid,O[C@@H](CNCCCSCCNCCc1cccc(Cl)c1Cl)c2ccc(O)c3NC(=O)Sc23,1.74,2.1793452380952383,0.4393452380952383
976,valid,COC[C@H](C)Oc1cc(O[C@@H](C)Cc2ccccc2)cc(c1)C(=O)Nc3ccc(cn3)C(=O)O,1.5,2.1793452380952383,0.6793452380952383
364,valid,C[C@@H](CNC(=O)c1c(O)c(O)cc2c(O)c(c(C)cc12)c3c(C)cc4c(C(=O)NC[C@H](C)c5ccccc5)c(O)c(O)cc4c3O)c6ccccc6,3.48,2.1793452380952383,-1.3006547619047617
960,valid,C[C@]12N[C@H](Cc3ccccc13)c4ccccc24,1.6,2.1793452380952383,0.5793452380952382
4115,valid,Cc1c(Sc2ccc(Cl)cc2)c3c(C#N)c(Cl)ccc3n1CC(=O)O,1.6,2.1793452380952383,0.5793452380952382
1265,valid,CC#CCN1C(=O)N(CC2CC2)c3nn(Cc4ccnc5ccc(Cl)cc45)c(c3C1=O)c6cncn6C,3.61,2.1793452380952383,-1.4306547619047616
742,valid,CN(CCO)Cc1ccc(cc1)c2cc(C(=O)N)c(NC(=O)N)s2,0.97,2.1793452380952383,1.2093452380952383
1007,valid,CC(C)Oc1cc(OCCc2ccsc2)cc(c1)C(=O)Nc3ccc(cn3)C(=O)O,1.74,2.1793452380952383,0.4393452380952383
4034,valid,COc1cc(OC2CCN(C)CC2)c3c(Nc4cccc5OCCOc45)ncnc3c1,2.26,2.1793452380952383,-0.08065476190476151
323,valid,O[C@H](CNC(=O)c1n[nH]c2ccccc12)CN3CCC(CC3)Oc4ccc(Cl)c(Cl)c4,2.95,2.1793452380952383,-0.7706547619047619
889,valid,COc1cc2ncnc(Nc3cc4ccccc4cn3)c2cc1OC,3.9,2.1793452380952383,-1.7206547619047616
3039,valid,COc1ccc(cc1)c2nc3c(NCCCNC(=O)C4CCCC4)c(cnc3[nH]2)C(=O)N,3.13,2.1793452380952383,-0.9506547619047616
1189,valid,CN(C)c1nc(Cc2ccc(NC(=O)c3ccc(cc3)C(F)(F)F)cc2)nc(N(C)C)c1CC(=O)O,1.46,2.1793452380952383,0.7193452380952383
1365,valid,C[C@@H](N(CC1CCS(=O)(=O)CC1)C(=O)Cc2ccc(c(F)c2)C(F)(F)F)C3=Nc4ncccc4C(=O)N3c5ccc(Cl)cc5,2.9,2.1793452380952383,-0.7206547619047616
2520,valid,CN1CCN(CC1)C(=O)c2cc3cc(F)ccc3[nH]2,1.97,2.1793452380952383,0.2093452380952383
968,valid,OC(=O)CO[C@H]1[C@@H](Cc2ccccc12)NC(=O)c3cc4sc(Cl)c(Cl)c4[nH]3,1.38,2.1793452380952383,0.7993452380952384
873,valid,CN1N(C(=O)C=C1C)c2ccccc2,0.11,2.1793452380952383,2.0693452380952384
2644,valid,Brc1oc(cc1)c2nc3cc(NS(=O)(=O)c4ccccc4)ccc3[nH]2,4.38,2.1793452380952383,-2.2006547619047616
2442,valid,CC12NC(Cc3ccccc13)c4ccccc24,1.7,2.1793452380952383,0.4793452380952383
4006,valid,Cc1ccc(cc1NC(=O)c2ccc(OCc3ccccn3)cc2)c4nc5ccccc5[nH]4,3.24,2.1793452380952383,-1.060654761904762
128,valid,Cn1ncnc1COc2nn3c(nnc3cc2C(C)(C)C)c4cc(F)ccc4F,2.4,2.1793452380952383,-0.22065476190476163
700,valid,CN(c1ccc(c(C)c1)c2cc(ccc2OCC(=O)O)C(F)(F)F)S(=O)(=O)C,-0.59,2.1793452380952383,2.769345238095238
386,valid,CCCCN(CCNC[C@H](O)c1ccc(O)c2NC(=O)Sc12)C(=O)CCOCCc3ccccc3,2.51,2.1793452380952383,-0.3306547619047615
3716,valid,O=C1CCOc2nc(OCc3ccccc3)ccc12,3.1,2.1793452380952383,-0.9206547619047618
3892,valid,OC(=O)CCc1ccc(OCc2cccc(Oc3ccccc3)c2)cc1,2.47,2.1793452380952383,-0.2906547619047619
3038,valid,Brc1ccccc1C(=O)NCC23CC4CC(CC(C4)C2)C3,4.15,2.1793452380952383,-1.970654761904762
36,valid,CN1CCN(CC1)c2ccc3N=CN(C(=O)c3c2)c4cc(NC(=O)c5cscn5)ccc4C,2.06,2.1793452380952383,0.11934523809523823
3244,valid,NC(=O)Nc1sc(cc1C(=O)N2CCOCC2)c3ccccc3,2.24,2.1793452380952383,-0.060654761904761934
2374,valid,CCCc1c(O)c(ccc1OCc2cccc(NC(=O)Cc3ccccc3C(=O)O)c2)C(=O)C,2.95,2.1793452380952383,-0.7706547619047619
3905,valid,O=C(Nc1ccncc1)c2cccc3ccccc23,3.1,2.1793452380952383,-0.9206547619047618
656,valid,COc1cc2ncnc(Nc3ccc(Cl)c(O)c3)c2cc1OC,3.3,2.1793452380952383,-1.1206547619047615
2892,valid,CN(C)CCCN1c2ccccc2Sc3ccc(cc13)C(F)(F)F,3.59,2.1793452380952383,-1.4106547619047616
84,valid,Oc1cc(nc2ccnn12)c3ccccc3,1.3,2.1793452380952383,0.8793452380952382
2818,valid,O=C1NC(=O)c2cc(OCc3ccccc3)ccc12,3.1,2.1793452380952383,-0.9206547619047618
3144,valid,COc1cc(O)c(C(CC(=O)N2CC(C)CC(C)C2)c3ccc4OCOc4c3)c(OC)c1,4.3,2.1793452380952383,-2.1206547619047615
1121,valid,OC(=O)c1ccccc1O,-1.36,2.1793452380952383,3.5393452380952386
271,valid,Cc1cc(C(=O)CN2C=C(C=CC2=O)C(F)(F)F)c(C)n1Cc3ccccc3,3.46,2.1793452380952383,-1.2806547619047617
199,valid,Clc1cccc(c1Cl)n2nnnc2NCc3ccccc3Oc4ccccn4,3.62,2.1793452380952383,-1.4406547619047618
1350,valid,COc1cc2ncnc(Nc3ccc(F)c(Cl)c3)c2cc1OCCN4CCN(C)CC4,3.3,2.1793452380952383,-1.1206547619047615
2063,valid,CS(=O)(=O)c1ccc(nc1)c2nnc(\C=C\c3oc(nn3)c4ccc(cc4)C#N)n2c5ccccc5Cl,2.66,2.1793452380952383,-0.48065476190476186
810,valid,COc1cc(OC)nc(n1)N2N=CC(=C(Cl)C2=O)Cl,1.4,2.1793452380952383,0.7793452380952384
1796,valid,CC(C)OC(=O)N1CCC(CC1)Oc2ncnc(Oc3cccnc3C)c2C,3.8,2.1793452380952383,-1.6206547619047615
3016,valid,COc1ccccc1CNC(=O)NS(=O)(=O)c2ccc(Cl)cc2,0.87,2.1793452380952383,1.3093452380952382
349,valid,OCCCn1c(NC(=O)c2cccc(c2)[N+](=O)[O-])nc3ccccc13,3.0,2.1793452380952383,-0.8206547619047617
2686,valid,O[C@H](CNC(=O)c1cn2cc(F)ccc2n1)CN3CCC(CC3)Oc4ccc(Cl)c(Cl)c4,3.33,2.1793452380952383,-1.1506547619047618
1694,valid,Cn1c(C(=O)O)c(CCCOc2cccc3ccccc23)c4ccccc14,2.99,2.1793452380952383,-0.8106547619047619
1453,valid,CC[C@H](CO)Nc1nc(SCc2ccccc2)nc3NC(=O)Sc13,3.22,2.1793452380952383,-1.040654761904762
1936,valid,CCN1CCN(Cc2ccc(cc2)c3cc4c(N[C@H](C)c5ccccc5)ncnc4[nH]3)CC1,3.97,2.1793452380952383,-1.790654761904762
1774,valid,Cc1c(Sc2ccc(Cl)cc2)c3cccc(Cl)c3n1CC(=O)O,2.0,2.1793452380952383,0.17934523809523828
2255,valid,Cc1ccc(cc1)S(=O)(=O)N2CCN(CC2)C(=O)c3occc3,2.17,2.1793452380952383,0.00934523809523835
3635,valid,COCCNC(=O)c1ccc(Nc2ncc3cc(ccc3n2)c4ccncc4OC)cc1,3.14,2.1793452380952383,-0.9606547619047618
822,valid,O=C(NC1=CC(=CNC1=O)c2ccncc2)[C@H](Cc3ccccc3)NC4(CC4)c5ccccn5,3.44,2.1793452380952383,-1.2606547619047617
908,valid,CCN1C=C(C=C(C)C1=O)[C@@]2(N=C(N)c3c(F)cccc23)c4cccc(c4)c5cc(ccn5)C#CC,4.4,2.1793452380952383,-2.220654761904762
2436,valid,OCCN(CCO)c1nc(N2CCCCC2)c3nc(nc(N4CCCCC4)c3n1)N(CCO)CCO,3.97,2.1793452380952383,-1.790654761904762
718,valid,CC(=O)NC[C@H]1CN(C(=O)O1)c2ccc(N3CCOCC3)c(F)c2,0.67,2.1793452380952383,1.5093452380952384
1174,valid,COCCOc1nc(N)c2NC(=O)N(Cc3cccc(CC(=O)OC)c3)c2n1,1.86,2.1793452380952383,0.3193452380952382
2753,valid,O=C1COc2ccc(CNC3CCN(CCN4C(=O)COc5ccc(cc45)c6occc6)CC3)nc2N1,2.19,2.1793452380952383,-0.010654761904761667
133,valid,[O-][N+](=O)c1ccc2OC(CN(c2c1)c3cccc[n+]3[O-])(C(F)F)C(F)F,3.2,2.1793452380952383,-1.020654761904762
2852,valid,COc1ccc(NC(=O)CCc2c(C)nc3nc(C)nn3c2C)cc1,1.4,2.1793452380952383,0.7793452380952384
1572,valid,CCC(=O)O[C@H]1CC[C@H]2[C@@H]3CCC4=CC(=O)CC[C@]4(C)[C@H]3CC[C@]12C,3.3,2.1793452380952383,-1.1206547619047615
1926,valid,CN(C)CC(O)COc1ccc(Nc2cc(Nc3ccc(F)cc3F)ncn2)cc1,1.48,2.1793452380952383,0.6993452380952383
1728,valid,CNc1cccc(CCCc2ccc(C[C@H](NC(=O)c3c(Cl)cccc3Cl)C(=O)O)s2)n1,0.78,2.1793452380952383,1.3993452380952383
1475,valid,CCC1(C(=O)NC(=O)NC1=O)c2ccccc2,0.05,2.1793452380952383,2.1293452380952385
1883,valid,Brc1ccc2oc3C(=O)NC(=Nc3c2c1)[C@@H]4CCCN4,2.19,2.1793452380952383,-0.010654761904761667
2452,valid,COc1cc(F)ccc1c2cncc(CNC3CCC3)n2,2.23,2.1793452380952383,-0.0506547619047617
3553,valid,CN[C@@H](C)C(=O)N[C@@H](C1CCCCC1)C(=O)N[C@H]2CCN(CCCc3ccccc3)C2,1.9,2.1793452380952383,0.27934523809523837
1519,valid,Cc1ccc(F)c(Nc2ccnc(Nc3ccc(cc3)S(=O)(=O)N)n2)c1,3.1,2.1793452380952383,-0.9206547619047618
2825,valid,CC(C)n1c(C)ncc1c2nc(Nc3ccc(cc3)C(=O)N4CC[C@H](C4)N(C)C)ncc2F,2.36,2.1793452380952383,-0.1806547619047616
1185,valid,CC(C)n1c(C)ncc1c2ccnc(Nc3ccc(C(=O)NCCN(C)C)c(F)c3)n2,1.96,2.1793452380952383,0.21934523809523832
1125,valid,COc1ccc(Cl)c(Nc2ncnc3cc(OC)cc(OC4CCN(C)CC4)c23)c1,3.6,2.1793452380952383,-1.4206547619047618
1743,valid,Clc1ccc2NC(=O)CN(C(c3ccccc3)c2c1)C(=O)c4occc4,3.0,2.1793452380952383,-0.8206547619047617
4139,valid,CC(=O)N[C@@H]1CC2(CCN(Cc3ccc4[nH]c5ccccc5c4c3)CC2)c6ccccc16,2.96,2.1793452380952383,-0.7806547619047617
393,valid,Clc1ccc(cc1)C(=O)C2CCN(CC2)C(=O)C3CC3,2.72,2.1793452380952383,-0.5406547619047619
205,valid,C[C@H](NC(=O)[C@@H]1CCCC[C@H]1C(=O)N2CCc3[nH]c4ccc(F)cc4c3C2)C#N,3.5,2.1793452380952383,-1.3206547619047617
96,valid,CCN(CC)CCCCNc1ncc2CN(C(=O)N(Cc3cccc(NC(=O)C=C)c3)c2n1)c4c(Cl)c(OC)cc(OC)c4Cl,2.04,2.1793452380952383,0.13934523809523824
2845,valid,CCOC(=O)c1ncn2c1CN(C)C(=O)c3cc(F)ccc23,1.1,2.1793452380952383,1.0793452380952382
3930,valid,CC(C)n1c(C)ncc1c2nc(Nc3ccc(cc3)C(=O)N4CCN(C)CC4)ncc2F,2.49,2.1793452380952383,-0.31065476190476193
3095,valid,COc1cc(OC)c(cc1NC(=O)C)S(=O)(=O)N2C(C)CCc3ccccc23,1.97,2.1793452380952383,0.2093452380952383
3612,valid,NC(=O)c1cccc(O[C@@H]2C[C@H]3CC[C@@H](C2)N3Cc4ccccc4)c1,1.76,2.1793452380952383,0.41934523809523827
2709,valid,C[C@H](CO)Nc1nc(SCc2cccc(F)c2F)nc3NC(=O)C=Cc13,3.36,2.1793452380952383,-1.1806547619047616
409,valid,CC(C)(F)C[C@H](N[C@@H](c1ccc(cc1)c2ccc(cc2)S(=O)(=O)C)C(F)(F)F)C(=O)NC3(CC3)C#N,2.9,2.1793452380952383,-0.7206547619047616
1543,valid,Nc1ncnc2[nH]ccc12,1.78,2.1793452380952383,0.39934523809523825
3652,valid,C[C@H]1C[C@H]2[C@@H]3CC[C@](O)(C(=O)CO)[C@@]3(C)C[C@H](O)[C@@H]2[C@@]4(C)C=CC(=O)C=C14,2.12,2.1793452380952383,0.05934523809523817
3556,valid,CCn1c2ccccc2c3cc(NC(=O)CN(C)C)ccc13,3.2,2.1793452380952383,-1.020654761904762
1401,valid,CC[C@H](NC(=O)c1c([S+]([O-])CC)c(nc2ccccc12)c3ccccc3)c4ccccc4,3.45,2.1793452380952383,-1.270654761904762
1049,valid,Clc1ccc(cc1)S(=O)(=O)Nc2nnc(s2)c3ccccc3,1.14,2.1793452380952383,1.0393452380952384
68,valid,O=C1CCOc2cc(COc3ccccc3)ccc12,3.0,2.1793452380952383,-0.8206547619047617
3238,valid,CCNC(=O)c1cc2c(c(cnc2[nH]1)c3cncc(c3)C4=NNC(=O)O4)n5ccc(n5)C(F)(F)F,1.65,2.1793452380952383,0.5293452380952384
151,valid,Clc1ccccc1c2cnn[nH]2,2.68,2.1793452380952383,-0.5006547619047619
2606,valid,CNc1cccc(CCOc2ccc(C[C@H](NC(=O)c3ccc(F)cc3Cl)C(=O)O)cc2)n1,-0.04,2.1793452380952383,2.2193452380952383
3534,valid,OC[C@H](O)CN1C(=O)[C@H](Cc2ccccc12)NC(=O)c3cc4cc(Cl)sc4[nH]3,3.3,2.1793452380952383,-1.1206547619047615
3647,valid,Cc1cccc(Br)c1C(=O)N[C@@H](Cc2ccc(NC(=O)c3c(Cl)cccc3Cl)cc2)C(=O)O,-0.13,2.1793452380952383,2.309345238095238
3971,valid,CN1C2CCC1CC(C2)OC(=O)C(CO)c3ccccc3,-0.09,2.1793452380952383,2.269345238095238
4045,valid,CC(C)(C)OC(=O)N1CCN(CC1)c2ncc(OCc3ccncc3S(=O)(=O)C)cn2,2.4,2.1793452380952383,-0.22065476190476163
2821,valid,CC(C)(C)OC(=O)N1CCN(CC1)c2ccc(OCc3ccc(cc3)S(=O)(=O)C)nn2,2.8,2.1793452380952383,-0.6206547619047615
685,valid,CNc1c(Cl)cnc2[nH]c(nc12)c3ccc(OCCN4CCOCC4)cc3,2.63,2.1793452380952383,-0.4506547619047616
3823,valid,O[C@@H](CNCCCSCCNCCc1cccc(Cl)c1)c2ccc(O)c3NC(=O)Sc23,1.06,2.1793452380952383,1.1193452380952382
3885,valid,Brc1ccc(OC(=O)N2CCN3CCC2CC3)cc1,1.58,2.1793452380952383,0.5993452380952382
836,valid,Cc1c(Cl)ccc(OC2CCN(C[C@H](O)CNC(=O)c3c[nH]nc3C(F)(F)F)CC2)c1Cl,3.66,2.1793452380952383,-1.4806547619047619
1553,valid,NC(=O)c1c(NC(=O)NCCCCN2CCCC2)snc1OCc3c(F)cc(Br)cc3F,2.5,2.1793452380952383,-0.3206547619047617
2175,valid,Nc1nc2cc3CCN(Cc4cccc(F)c4)CCc3cc2s1,3.3,2.1793452380952383,-1.1206547619047615
3135,valid,O=C(NC1CCCCC1)C2CCCN(C2)S(=O)(=O)c3cccs3,2.93,2.1793452380952383,-0.7506547619047619
3464,valid,COc1ccc(COC(=O)N2CCC(CNc3ncccn3)CC2)cc1,3.14,2.1793452380952383,-0.9606547619047618
1805,valid,Clc1ccc(cc1Cl)C2=CSC3=NCCN23,1.54,2.1793452380952383,0.6393452380952382
567,valid,Nc1n[nH]c(Nc2ccccc2)n1,1.06,2.1793452380952383,1.1193452380952382
1221,valid,Oc1ccc(CCNCCCCCCOCCc2ccccc2)c3sc(O)nc13,2.21,2.1793452380952383,-0.030654761904761685
2071,valid,Cc1nc2ccc(NC(=O)CCNC(=O)N)cc2s1,0.9,2.1793452380952383,1.2793452380952384
1715,valid,COc1cc(Nc2c(cnc3cc(OCCCN4CCN(C)CC4)c(OC)cc23)C#N)c(Cl)cc1Cl,3.5,2.1793452380952383,-1.3206547619047617
3346,valid,CC1=CC2=NNC(=O)N2c3cc(ccc13)c4ccncc4,2.29,2.1793452380952383,-0.11065476190476176
3381,valid,COc1cccc(Nc2c(cnc3c(C)cc(cc23)S(=O)(=O)c4cccc(c4)C(=O)N(C)C)C(=O)N)c1,2.69,2.1793452380952383,-0.5106547619047617
2325,valid,Nc1ccc(N=Nc2ccccc2)c(N)n1,3.22,2.1793452380952383,-1.040654761904762
3459,valid,COc1ccc2ncc(F)c(CCN3CCC(CC3)NCc4ccc5OCC(=O)Nc5n4)c2n1,1.78,2.1793452380952383,0.39934523809523825
196,valid,Cc1cccc(CN2CCN(CC2)C(c3ccccc3)c4ccc(Cl)cc4)c1,3.39,2.1793452380952383,-1.2106547619047618
3210,valid,CC(C)n1c(C)ncc1c2nc(Nc3ccc(C(=O)NC4CCN(C)CC4)c(F)c3)ncc2F,2.41,2.1793452380952383,-0.23065476190476186
4072,valid,Clc1ccc(cc1)C2(CCNCC2)c3ccc(cc3)c4cn[nH]c4,1.51,2.1793452380952383,0.6693452380952383
1542,valid,C[C@H]1O[C@H]([C@H](O)[C@H]1Cl)n2cnc3c(N)nc(OC4CCCC4)nc23,3.18,2.1793452380952383,-1.0006547619047619
3536,valid,COc1cc(ccc1Nc2ncc(Cl)c(n2)c3cnc4ccccn34)N5CC6COCC(C5)N6,3.0,2.1793452380952383,-0.8206547619047617
39,valid,CNC(=O)C1(CCN(CC[C@H](CN(C)C(=O)c2c(OC)c(cc3ccccc23)C#N)c4ccc(Cl)c(Cl)c4)CC1)N5CCCCC5=O,2.78,2.1793452380952383,-0.6006547619047615
2854,valid,CO[C@H]1CN(Cc2ccc(cc2)C(F)(F)F)CC[C@H]1N(C)C(=O)Cc3ccc(cc3)n4cnnn4,3.0,2.1793452380952383,-0.8206547619047617
3359,valid,CC[C@H](C)[C@@H](CO)NS(=O)(=O)c1ccc(Cl)s1,2.7,2.1793452380952383,-0.5206547619047619
1692,valid,OB1N(C(=Nc2ccccc12)S)c3cccnc3,-0.62,2.1793452380952383,2.7993452380952384
2457,valid,Nc1ncc(cc1c2oc3ccccc3n2)c4cnn(c4)C5CCNCC5,1.85,2.1793452380952383,0.3293452380952382
3405,valid,Cc1cc(C)cc(c1)c2oc(SCC(=O)N3CCN(CC3)C(=O)c4occc4)nn2,3.0,2.1793452380952383,-0.8206547619047617
772,valid,Cc1ccsc1CN2NC(=O)C3=C(C2=O)C(=O)c4ccc(Cl)cc4N3,1.15,2.1793452380952383,1.0293452380952384
2736,valid,Oc1cccc(NC(=O)c2ccc(OCCCN3CCCC3)cc2OCc4ccc(F)cc4)c1,3.2,2.1793452380952383,-1.020654761904762
3690,valid,CCC(C)(C)C(=O)O[C@H]1C[C@@H](C)C=C2C=C[C@H](C)[C@H](CC[C@@H](O)C[C@@H](O)CC(=O)O)[C@@H]12,1.55,2.1793452380952383,0.6293452380952382
3008,valid,OCCNC(=O)COc1ccc(OCCNCC(O)COc2ccccc2)cc1,0.42,2.1793452380952383,1.7593452380952384
1982,valid,Fc1ccc(cc1)N2CCN(CC2)C(=O)[C@@H]3CCCC[C@H]3C(=O)NCC#N,1.92,2.1793452380952383,0.25934523809523835
25,valid,Clc1ccc(N2CCN(CC2)C(=O)CCCc3ccncc3)c(Cl)c1,3.93,2.1793452380952383,-1.7506547619047619
4153,valid,Fc1ccc(CNC(=O)CCS(=O)(=O)c2ccc(Br)cc2)cc1,3.1,2.1793452380952383,-0.9206547619047618
3696,valid,CCC(N(CCCN)C(=O)c1ccc(C)cc1)C2=Nc3snc(C)c3C(=O)N2Cc4ccccc4,1.61,2.1793452380952383,0.5693452380952382
2204,valid,Cc1cc(NC(=O)Nc2ccc(Cl)cc2)n(n1)c3ccccc3,4.15,2.1793452380952383,-1.970654761904762
1521,valid,FC(F)(F)c1nnc2ccc(nn12)n3ccnc3,0.91,2.1793452380952383,1.2693452380952381
2722,valid,COc1cc2ncc(C(=O)N)c(Nc3cccc(Cl)c3Cl)c2cc1OC,3.4,2.1793452380952383,-1.2206547619047616
1726,valid,CC(C)n1c(C)ncc1c2nc(Nc3ccc(C(=O)NCCN(C)C)c(F)c3)ncc2F,2.26,2.1793452380952383,-0.08065476190476151
1261,valid,Nc1ccc2ccccc2n1,1.7,2.1793452380952383,0.4793452380952383
2125,valid,COc1cccc(c1)S(=O)(=O)c2c(C)n(CC(=O)O)c3ccc(C)cc23,-0.42,2.1793452380952383,2.599345238095238
216,valid,OC(=O)[C@@H](Cc1ccccc1)N2CCC(CN3CCC(CC3)Oc4ccc(Cl)c(Cl)c4)CC2,2.5,2.1793452380952383,-0.3206547619047617
3492,valid,OC(=O)COc1ccc(cc1c2ccccc2)C#N,-1.08,2.1793452380952383,3.2593452380952384
3954,valid,COc1ccccc1Oc2c(NS(=O)(=O)c3ccc(cc3)C(C)(C)C)nc(nc2OCCO)c4ncccn4,1.03,2.1793452380952383,1.1493452380952383
3897,valid,OCCn1cc(cn1)c2cnc3nnn(Cc4ccc5ncccc5c4)c3n2,1.7,2.1793452380952383,0.4793452380952383
2226,valid,NC1(CCN(CC1)c2ncnc3[nH]ccc23)C(=O)NC(CCCN4CCCC4)c5ccc(Cl)cc5,1.3,2.1793452380952383,0.8793452380952382
3036,valid,CCOc1ccc(cc1)N2C(=O)c3ccccc3N=C2[C@@H](C)N(Cc4cccnc4)C(=O)Cc5ccc(cc5)C(F)(F)F,4.25,2.1793452380952383,-2.0706547619047617
1177,valid,CN1CCN(CC(=O)Nc2ccc(C3=CC=CN4C(=O)C=C(N=C34)N5CCOCC5)c6sc7ccccc7c26)CC1,2.6,2.1793452380952383,-0.4206547619047618
3702,valid,COc1ccc(cc1)c2nc3CCCn3c2Br,3.3,2.1793452380952383,-1.1206547619047615
185,valid,CC[C@H](NC(=O)c1c(c(nc2ccccc12)c3ccccc3)S(=O)(=O)C)c4ccccc4,3.17,2.1793452380952383,-0.9906547619047616
631,valid,COc1c2OC(=O)C=Cc2cc3ccoc13,1.97,2.1793452380952383,0.2093452380952383
782,valid,O=C1COc2ccc(CNC3CCN(CCN4C(=O)COc5ccc(cc45)C#N)CC3)nc2N1,0.23,2.1793452380952383,1.9493452380952383
3999,valid,Oc1ncnc2scc(c3ccccc3)c12,2.07,2.1793452380952383,0.10934523809523844
1447,valid,CC(C)Cc1ccc(cc1)[C@@H](C)C(=O)NS(=O)(=O)C,0.51,2.1793452380952383,1.6693452380952383
1021,valid,Fc1ccc(cc1Cl)C2CNCC=CC2,1.33,2.1793452380952383,0.8493452380952382
2807,valid,COc1cc(Nc2ncnc(Nc3c(Cl)ccc4OCOc34)n2)cc(OC)c1OC,3.01,2.1793452380952383,-0.8306547619047615
4197,valid,COc1cccc2[nH]ncc12,2.1,2.1793452380952383,0.07934523809523819
3322,valid,Cn1c(CN2CCC(CC2)c3ccccc3)nc4ccccc14,3.6,2.1793452380952383,-1.4206547619047618
3330,valid,O=C1N=C2C(=C1C#N)c3ccc(N4CCSCC4)c5cccc2c35,3.22,2.1793452380952383,-1.040654761904762
162,valid,O=C(Oc1ccccc1)N2CCOCC2,1.3,2.1793452380952383,0.8793452380952382
2652,valid,C[C@H](Nc1nc(Nc2cc(C)[nH]n2)c(F)cc1C#N)c3ccc(F)cn3,3.11,2.1793452380952383,-0.9306547619047616
3053,valid,CCCOc1nc(ccc1C(=O)NC2CCCCC2)N3CCC[C@@H](CC(=O)O)C3,2.81,2.1793452380952383,-0.6306547619047618
3733,valid,O=C(N1CCC1)c2ccc(cc2)C(=C3CCN(Cc4cscn4)CC3)c5cccc6cccnc56,2.52,2.1793452380952383,-0.34065476190476174
1987,valid,C[C@H](NC(=O)C1(N)CCN(CC1)c2ncnc3[nH]ccc23)c4ccc(Cl)cc4,2.67,2.1793452380952383,-0.49065476190476165
3262,valid,C[C@H]1O[C@H]([C@H](O)[C@@H]1O)n2cnc3c(N)nc(OC4CC5CC5C4)nc23,1.66,2.1793452380952383,0.5193452380952384
3596,valid,NC1(CCC1)c2ccc(cc2)c3nc4ccccc4cc3c5ccccc5,3.6,2.1793452380952383,-1.4206547619047618
3793,valid,COc1cc(ccc1Nc2ncc(Cl)c(n2)c3cnc4cc(C)ccn34)N5CCN(CC5)C(=O)C,3.3,2.1793452380952383,-1.1206547619047615
243,valid,CC1=CN([C@H]2CCCN(Cc3ccc(C(=O)O)c(Oc4cccc(c4)C(F)(F)F)c3)C2)C(=O)NC1=O,-0.38,2.1793452380952383,2.559345238095238
2980,valid,CC[C@H](NC(=O)c1c([S+](C)[O-])c(nc2ccccc12)c3cccc(F)c3)c4ccccc4,3.14,2.1793452380952383,-0.9606547619047618
580,valid,CNc1nc2ccccc2n1Cc3sc4N(CC(C)C)C(=O)N(C)C(=O)c4c3C(=O)N5CC[C@@H](O)C5,1.61,2.1793452380952383,0.5693452380952382
839,valid,NC1(CCC1)c2ccc(cc2)c3ncc4cccnc4c3c5ccccc5,1.7,2.1793452380952383,0.4793452380952383
4083,valid,CCOc1cc(ccc1NC(=O)CN2CCOCC2)c3cccc4C(=O)C=C(Oc34)N5CCOCC5,2.8,2.1793452380952383,-0.6206547619047615
247,valid,Nc1cc(nc2ccc(Nc3cc(nc(N)n3)c4cccc(Cl)c4)cc12)c5ccc(F)cc5,2.5,2.1793452380952383,-0.3206547619047617
1911,valid,OC(=O)CC[C@H]1[C@@H](Cc2ccccc12)NC(=O)c3cc4sc(Cl)c(Cl)c4[nH]3,2.84,2.1793452380952383,-0.6606547619047616
3370,valid,CCOc1cc(CC(=O)N[C@@H](CC(C)C)c2ccccc2N3CCCCC3)ccc1C(=O)O,2.31,2.1793452380952383,-0.13065476190476177
3509,valid,CCOc1cccc2c3CN(CCc3[nH]c12)C(=O)[C@@H]4CCCC[C@H]4C(=O)NC5(CC5)C#N,3.1,2.1793452380952383,-0.9206547619047618
1085,valid,C[C@H](NC(=O)c1cccc2CCN(Cc3ccc(Cl)cc3)c12)c4ccc(cc4)C(=O)O,1.47,2.1793452380952383,0.7093452380952383
1328,valid,NC1=NC2(CCN(CC2)C(=O)c3ccc(cc3)C#N)Nc4cccc(F)c14,0.66,2.1793452380952383,1.5193452380952381
383,valid,CC(C)(C)NCC(O)COc1nsnc1N2CCOCC2,-0.35,2.1793452380952383,2.5293452380952384
3291,valid,CSc1ncccc1C(=O)NCCc2ccc(Cl)cc2,3.31,2.1793452380952383,-1.1306547619047618
2408,valid,C[C@@H](CO)Oc1cc(Oc2ccc(cc2)S(=O)(=O)C)cc(c1)C(=O)Nc3nccs3,2.63,2.1793452380952383,-0.4506547619047616
1075,valid,OC(=O)c1cc2cc(OCc3ccccc3)ccc2[nH]1,0.4,2.1793452380952383,1.7793452380952384
3035,test,COc1cc(ccc1Nc2ncc(Cl)c(n2)c3cnc4c(CO)cccn34)N5CCN(CC5)C(=O)C,3.1,2.1793452380952383,-0.9206547619047618
2843,test,C(Oc1cccc2ccccc12)C3=NCCN3,0.68,2.1793452380952383,1.4993452380952381
3844,test,NC(=O)c1ccc(O[C@H]2C[C@H]3CC[C@@H](C2)N3Cc4ccccc4)nc1,1.25,2.1793452380952383,0.9293452380952383
3190,test,COCCNC(=O)c1cccc(CN2NC(=O)C3=C(C2=O)C(=O)c4ccc(Cl)cc4N3)c1,1.2,2.1793452380952383,0.9793452380952383
143,test,CC(=O)Nc1ccc(cc1)C(=O)Nc2ccccc2N,0.82,2.1793452380952383,1.3593452380952384
1560,test,CC(C)CN1C(=O)N(C)C(=O)c2c1sc(Cc3ccnc4ccccc34)c2C(=O)N5C[C@@H](O)[C@@H](O)C5,1.18,2.1793452380952383,0.9993452380952383
1637,test,COc1ccc(Cl)c(c1)C(=O)NCC23CC4CC(CC(C4)C2)C3,4.39,2.1793452380952383,-2.2106547619047614
1333,test,CN(C)CC(O)COc1ccc(Nc2cc(Nc3cc(Cl)ccc3Cl)ncn2)cc1,2.6,2.1793452380952383,-0.4206547619047618
1945,test,Fc1ccc(cc1)C(=O)C2CCN(CC2)C(=O)c3ccc(F)cc3,2.9,2.1793452380952383,-0.7206547619047616
828,test,COCCNC(=O)c1ccc(Nc2ncc3cc(ccc3n2)c4ccncc4)cc1C,2.78,2.1793452380952383,-0.6006547619047615
634,test,OCCNCc1cc(Br)ccc1OCc2ccc(Cl)cc2,2.98,2.1793452380952383,-0.8006547619047617
900,test,CC(C)n1c(C)ncc1c2ccnc(Nc3ccc(cc3)S(=O)(=O)CC4CCCO4)n2,2.82,2.1793452380952383,-0.6406547619047616
1034,test,O[C@H]([C@H](Cc1ccccc1)NC(=O)c2cc3cc(Cl)ccc3[nH]2)C(=O)N4C[C@@H](O)[C@@H](O)C4,2.8,2.1793452380952383,-0.6206547619047615
3688,test,COC[C@H](O)CN1C(=O)C=NN(C1=O)c2ccc(Cl)c(c2)C(=O)NCC3(O)CCCCCC3,1.46,2.1793452380952383,0.7193452380952383
2322,test,COc1cc2ncnc(Nc3cccc(Cl)c3F)c2cc1CN4CCC[C@H]4C(=O)N,3.58,2.1793452380952383,-1.4006547619047618
1846,test,CC(C)Cc1ccc(cc1)C(C)C(=O)NS(=O)(=O)C,0.78,2.1793452380952383,1.3993452380952383
515,test,O=C(Nc1nnn[nH]1)C2=CC(=C3C=CC=CN3C2=O)Oc4ccccc4,0.67,2.1793452380952383,1.5093452380952384
1555,test,Cc1ccc2c(c(C)n(CC(=O)O)c2c1)c3ccnc4cc(Cl)ccc34,2.41,2.1793452380952383,-0.23065476190476186
3531,test,CC(C)[C@H](NC(=O)C[C@H](NC(=O)\C=C\c1ccccc1)c2ccccc2)C(=O)[C@H]3[C@H](C)C(=O)NC3=O,1.91,2.1793452380952383,0.26934523809523836
1195,test,CN(C)C1=C(C)N(C)N(C1=O)c2ccccc2,0.78,2.1793452380952383,1.3993452380952383
260,test,OC(=O)COc1ccc(cc1CN2CCN(CC2)S(=O)(=O)c3ccccc3)C(F)(F)F,0.4,2.1793452380952383,1.7793452380952384
589,test,COC1=CC(=N/C/1=C\c2[nH]c(C)cc2C)c3cc4ccccc4[nH]3,2.55,2.1793452380952383,-0.37065476190476154
3802,test,COC(=O)C1=C(C)NC(=C(C1c2ccccc2[N+](=O)[O-])C(=O)OC)C,3.29,2.1793452380952383,-1.1106547619047618
268,test,Clc1ccc(Cl)c(c1)S(=O)(=O)Nc2nccs2,1.14,2.1793452380952383,1.0393452380952384
887,test,CN(c1ccccc1)c2ccnc(Nc3cc(cc(c3)N4CCOCC4)N5CCOCC5)n2,3.47,2.1793452380952383,-1.290654761904762
2924,test,Clc1ccc2nc(ccc2c1C(=O)NCC34CC5CC(CC(C5)C3)C4)N6CCC[C@@H](C6)NCCc7nnn[nH]7,3.08,2.1793452380952383,-0.9006547619047618
2517,test,CN1CCN(CCCOc2ccc(cc2)c3onc(c3)c4ccc(F)cc4)CC1,3.81,2.1793452380952383,-1.6306547619047618
3698,test,Clc1ccc2Oc3ccccc3N=C(N4CCNCC4)c2c1,2.28,2.1793452380952383,-0.10065476190476152
2808,test,CCCNC(=O)c1nnc2c(cccc2c1N)c3cnc(OC)nc3OC,3.26,2.1793452380952383,-1.0806547619047615
939,test,Clc1cccc(NC(=O)c2ccccn2)c1,3.4,2.1793452380952383,-1.2206547619047616
2896,test,CN(C)CCCOc1ccc(cc1)c2cc(C(=O)N)c(NC(=O)N)s2,0.64,2.1793452380952383,1.5393452380952382
1398,test,COc1cc2ncnc(Nc3cccc(Cl)c3F)c2cc1CN(C)[C@@H](C)C(=O)N,3.42,2.1793452380952383,-1.2406547619047616
4038,test,Nc1sc2CCCCc2c1C(=O)NCc3ccccc3,3.52,2.1793452380952383,-1.3406547619047617
1786,test,CC(=O)N1CCN(CC1)c2ccc(OCC3COC(Cn4ccnc4)(O3)c5ccc(Cl)cc5Cl)cc2,3.7,2.1793452380952383,-1.520654761904762
1209,test,Oc1ccc(cc1)C2=COc3cc(O)ccc3C2=O,2.46,2.1793452380952383,-0.2806547619047617
3331,test,CC1=C(C(=O)c2ccc(O)cc2O1)c3ccccc3,2.95,2.1793452380952383,-0.7706547619047619
80,test,CC1(CC1)c2nc(ncc2C(=O)N[C@@H]3C4CC5CC3C[C@@](O)(C5)C4)N6CCOCC6,2.0,2.1793452380952383,0.17934523809523828
814,test,CN1CCN(CC1)C(=O)c2cc3ccccc3n2C,1.71,2.1793452380952383,0.4693452380952383
2513,test,CCN(CC)CCNC(=O)c1c(C)[nH]c(\C=C\2/C(=O)Nc3ccc(F)cc23)c1C,2.26,2.1793452380952383,-0.08065476190476151
2754,test,CCC(N(CCCN)C(=O)c1ccc(C)cc1)C2=Nc3sccc3C(=O)N2Cc4ccccc4,2.06,2.1793452380952383,0.11934523809523823
1877,test,Nc1ncnc2oc(c3cocc3)c(c4occc4)c12,3.1,2.1793452380952383,-0.9206547619047618
2934,test,NC(=O)c1ccc(cc1)c2cc3c(N[C@H]4CCCNC4)ncc(C(=O)N)c3s2,0.28,2.1793452380952383,1.8993452380952383
1256,test,OC(=O)[C@H](Cc1ccc(F)cc1)N2CCC(CN3CCC(CC3)Oc4ccc(Cl)c(Cl)c4)CC2,2.98,2.1793452380952383,-0.8006547619047617
488,test,Oc1ccc(cc1)c2cnc3ccccc3n2,3.3,2.1793452380952383,-1.1206547619047615
831,test,COc1cccc2c(ccnc12)c3c(C)n(CC(=O)O)c4ccc(C)cc34,0.49,2.1793452380952383,1.6893452380952383
766,test,COc1ccc2c(C)cc(N[C@H]3CCC[C@@H](C3)NCc4cccc(OC(F)(F)F)c4)nc2c1,3.61,2.1793452380952383,-1.4306547619047616
4179,test,CCNC(=O)Nc1nc2cc(ccc2[nH]1)c3cccnc3,2.34,2.1793452380952383,-0.16065476190476158
1425,test,COc1cc(ccc1OC[C@H](OP(=O)(O)O)C2CC2)N3C=Nc4cc(sc4C3=O)c5ccc(Cl)cc5,-0.04,2.1793452380952383,2.2193452380952383
3076,test,Fc1ccccc1Nc2oc(nn2)C(=O)Nc3ccc(N4CCOCC4)c(F)c3,3.6,2.1793452380952383,-1.4206547619047618
3717,test,COc1ccc(OC)c(c1)c2c(F)ccc3c(N)c(nnc23)C(=O)NC4CC4,3.47,2.1793452380952383,-1.290654761904762
1443,test,CNc1cccc(CCOc2ccc(C[C@H](NC(=O)c3c(Cl)cccc3Cl)C(=O)O)cc2F)n1,-0.05,2.1793452380952383,2.229345238095238
3306,test,NC(=O)c1sc(cc1N)c2ccsc2,2.23,2.1793452380952383,-0.0506547619047617
332,test,CCNc1nc(Nc2ccccc2)nc(n1)C#N,3.11,2.1793452380952383,-0.9306547619047616
1899,test,Oc1ccc(CCNCCS(=O)(=O)CCCOCCc2ccccc2)c3sc(O)nc13,2.61,2.1793452380952383,-0.4306547619047616
1760,test,CN(CC[C@@H](Oc1ccc(cc1)c2ccccc2)c3ccc(F)cc3)CC(=O)O,2.86,2.1793452380952383,-0.6806547619047616
3065,test,Cc1ccc(NC(=O)c2ccnc(c2)N3CCOCC3)cc1NC(=O)c4ccc(OCc5ccccn5)cc4,3.47,2.1793452380952383,-1.290654761904762
2301,test,COc1cc2nc(Nc3ccc(cc3)[C@@H](C)NC(=O)C)ncc2cc1c4ccncc4,3.11,2.1793452380952383,-0.9306547619047616
1337,test,N(c1ccccc1)c2[nH]nnc2c3ccccc3,3.37,2.1793452380952383,-1.1906547619047618
3406,test,COc1cc(ccc1Nc2ncc(OC)c(n2)c3cnc4ccccn34)N5CCN(CC5)C(=O)C,3.2,2.1793452380952383,-1.020654761904762
3953,test,C[C@H](Nc1nc(Nc2cc([nH]n2)C3CC3)cnc1C#N)c4ccc(F)cn4,3.18,2.1793452380952383,-1.0006547619047619
3,test,OC[C@H](O)CN1C(=O)C(Cc2ccccc12)NC(=O)c3cc4cc(Cl)sc4[nH]3,3.37,2.1793452380952383,-1.1906547619047618
2483,test,COc1nc(Br)cnc1NS(=O)(=O)c2cccc3c(cccc23)N(C)C,1.9,2.1793452380952383,0.27934523809523837
2122,test,C[C@@H]1C[C@H]2[C@@H]3CCC4=CC(=O)C=C[C@]4(C)[C@@]3(F)[C@@H](O)C[C@]2(C)[C@@]1(O)C(=O)CO,1.87,2.1793452380952383,0.3093452380952382
2941,test,CC12CC3CC(C)(C1)CC(N)(C3)C2,0.06,2.1793452380952383,2.1193452380952382
2169,test,CC(C)CN1C(=O)N(C)C(=O)c2c(SC3CCCCC3)c(Cc4ccccc4C(F)(F)F)sc12,4.14,2.1793452380952383,-1.9606547619047614
675,test,C[C@H](NC1=NC(=O)C(C)(S1)C(F)(F)F)c2ccccc2F,3.1,2.1793452380952383,-0.9206547619047618
3064,test,OCCN(C(=O)CNC(=O)c1cc2cc(Cl)ccc2[nH]1)c3ccccc3,3.37,2.1793452380952383,-1.1906547619047618
832,test,CCN(CCO)CCCC(C)Nc1ccnc2cc(Cl)ccc12,0.77,2.1793452380952383,1.4093452380952383
2799,test,CCCSc1ncccc1C(=O)N[C@@H]2[C@@H]3CC4C[C@H]2C[C@@](O)(C4)C3,2.27,2.1793452380952383,-0.09065476190476174
177,test,C[C@@H](NC(=O)C1CCCCN1C)c2ccc(Nc3ncc4cc(ccc4n3)c5ccncc5)cc2,3.34,2.1793452380952383,-1.1606547619047616
2394,test,Nc1ccc(OCCc2ccccc2)cc1,2.71,2.1793452380952383,-0.5306547619047617
2035,test,CCN(CC)C(=O)c1ccc(cc1)C(=C2CCNCC2)c3ccc(Cl)c(Cl)c3,2.4,2.1793452380952383,-0.22065476190476163
1164,test,Cn1cncc1c2c3C(=O)N(CC#CCO)C(=O)N(CC4CC4)c3nn2Cc5ccnc6ccc(Cl)cc56,2.55,2.1793452380952383,-0.37065476190476154
3522,test,CCN(C1CCN(CC[C@H](C2CCN(CC2)S(=O)(=O)C)c3cc(Cl)cc(Cl)c3)CC1)C(=O)Cc4ccc(cc4)S(=O)(=O)C,2.6,2.1793452380952383,-0.4206547619047618
542,test,COc1cc(ccc1Nc2ncc(Cl)c(n2)c3cnc4cc(ccn34)N5CCCC5)N6CCN(CC6)C(=O)C,3.5,2.1793452380952383,-1.3206547619047617
2578,test,C[C@@H]1CN(C[C@H](C)O1)c2nc(N3CCOCC3)c4ccc(Nc5ccccc5)nc4n2,4.12,2.1793452380952383,-1.9406547619047618
3048,test,CC(C)N1C(=O)N(C)C(=O)c2c1sc(Cc3ccccc3C(F)(F)F)c2C(=O)N4CCS(=O)(=O)C4,2.55,2.1793452380952383,-0.37065476190476154
2079,test,OC1(CN2CCC1CC2)c3ccc(cc3)c4ccccc4,1.5,2.1793452380952383,0.6793452380952383
3578,test,OC(=O)C(N1CCCC(CN2CCC(CC2)Oc3ccc(Cl)c(Cl)c3)C1)c4ccccc4,2.6,2.1793452380952383,-0.4206547619047618
1996,test,FC1(CCN(CC1)C(=O)COCc2ccncc2)c3ccc(Cl)cc3,3.03,2.1793452380952383,-0.8506547619047615
2293,test,CC(=O)Nc1cccc(Nc2nc(NC3CC3)n4ncc(C#N)c4n2)c1,2.1,2.1793452380952383,0.07934523809523819
3404,test,COc1cc2ncc(C(=O)N)c(Nc3cc(F)ccc3F)c2cc1OC,2.9,2.1793452380952383,-0.7206547619047616
2776,test,CN1CCN(CC1)c2ccc3N=CN(C(=O)c3c2)c4cc(NC(=O)C5CC5)ccc4C,2.17,2.1793452380952383,0.00934523809523835
4172,test,COc1cc2c(Nc3c(Cl)ccc4OCOc34)ncnc2cc1OCCCN5CCCCC5,2.05,2.1793452380952383,0.12934523809523846
1898,test,COCCS(=O)(=O)c1ccc(Nc2nccc(n2)c3cnc(C)n3C(C)C)cc1,2.56,2.1793452380952383,-0.3806547619047618
3437,test,O=C1COc2ccccc2N1CCN3CCC(CC3)NCc4cc5OCCOc5cn4,1.04,2.1793452380952383,1.1393452380952382
2115,test,COc1ccccc1CNCCc2cccc(CCNC[C@H](O)c3ccc(O)c4NC(=O)Sc34)c2,0.91,2.1793452380952383,1.2693452380952381
2704,test,COc1cc(ccc1Cc2c[nH]c3ccc(NC(=O)CC4CCCC4)cc23)C(=O)NS(=O)(=O)c5ccccc5C,2.0,2.1793452380952383,0.17934523809523828
51,test,NC(Cc1c[nH]c2ccccc12)C(=O)O,-1.17,2.1793452380952383,3.349345238095238
1849,test,CC1=CN([C@H]2CCCN(C2)[C@@H](CC(C)(C)C)c3ccc(C(=O)O)c(Oc4cccc(Br)c4)c3)C(=O)NC1=O,1.12,2.1793452380952383,1.0593452380952382
3580,test,c1ccc2c(c1)nnn2c3ccncc3,1.69,2.1793452380952383,0.48934523809523833
3025,test,CC(=O)Nc1cccc2c1c(c(C)n2CC(=O)O)S(=O)(=O)c3ccc(Cl)cc3,0.4,2.1793452380952383,1.7793452380952384
1707,test,C[C@H]1C[C@H]2[C@@H]3CC[C@](O)(C(=O)C)[C@@]3(C)C[C@H](O)[C@]2(F)[C@@]4(C)C=CC(=O)C=C14,2.65,2.1793452380952383,-0.47065476190476163
2860,test,Cc1ccc(cc1)c2cc(C(=O)N3CCOCC3)c4cc(C)ccc4n2,3.6,2.1793452380952383,-1.4206547619047618
4158,test,OC(=O)c1ccc(cc1)N2CCC(CN3CCC(CC3)Oc4ccc(Cl)c(Cl)c4)CC2,2.31,2.1793452380952383,-0.13065476190476177
564,test,CC(C)CN1C(=O)N(C)C(=O)c2c1sc(Cc3ccccc3C(F)(F)F)c2C(=O)N4CC(C)(O)C4,3.18,2.1793452380952383,-1.0006547619047619
636,test,Cc1cccc(C(=O)N)c1NC(=O)c2ccccc2,1.09,2.1793452380952383,1.0893452380952382
3142,test,Nc1nc2nc(SCc3ccccc3)nc(N)c2s1,3.1,2.1793452380952383,-0.9206547619047618
2009,test,Oc1ccc(cc1)C(c2ccc(O)cc2)C(Cl)(Cl)Cl,3.86,2.1793452380952383,-1.6806547619047616
3150,test,Oc1ccc(Br)cc1C(=O)C(=O)c2cc(Br)ccc2O,3.85,2.1793452380952383,-1.6706547619047618
3861,test,CNc1c(Br)cnc2[nH]c(nc12)c3ccc(O)cc3,2.47,2.1793452380952383,-0.2906547619047619
4039,test,CN1CCC(CC1)Oc2cccc3ncnc(Nc4ccc(OCc5cnccn5)c(Cl)c4)c23,3.21,2.1793452380952383,-1.0306547619047617
1230,test,Cc1onc(c1)[C@H](O)[C@](C)(OCc2ccc(cc2)c3ccccc3)C(=O)NO,2.88,2.1793452380952383,-0.7006547619047616
439,test,CO[C@@H]1CC[C@@]2(CC1)Cc3ccc(cc3C24N=C(C)C(=N4)N)c5cncc(Br)c5,3.4,2.1793452380952383,-1.2206547619047616
1568,test,O=C(CN1CCOCC1)Nc2c(cnn2c3ccccc3)C#N,0.5,2.1793452380952383,1.6793452380952383
3714,test,CC1=C(Cc2ccccc2)C(=O)n3nc(NCc4cccc(Br)c4)nc3N1,3.68,2.1793452380952383,-1.5006547619047619
2595,test,C[C@H](Nc1ncc(F)c(Nc2cc(C)[nH]n2)n1)c3ncc(F)cn3,1.79,2.1793452380952383,0.38934523809523824
2425,test,COCCC(=O)N[C@@H](C)c1ccc(Nc2ncc3cc(ccc3n2)c4ccncc4)cc1,3.05,2.1793452380952383,-0.8706547619047615
1061,test,Nc1ccnc(n1)c2cccnc2,0.44,2.1793452380952383,1.7393452380952383
145,test,Oc1nc(nc2CCSCc12)c3ccc(cc3)C(F)(F)F,3.07,2.1793452380952383,-0.8906547619047616
2526,test,N[C@H](CNC(=O)c1cc2c(cccc2[nH]1)c3ccccc3Cc4ccccc4)C(=O)O,3.25,2.1793452380952383,-1.0706547619047617
2596,test,COc1cc2c(Nc3ccc(F)c(Cl)c3)c(cnc2cc1OCCN(C)CCO)C(=O)N,3.2,2.1793452380952383,-1.020654761904762
2207,test,OC(=O)Cc1cccc(c1)N2CCC(CN3CCC(CC3)Oc4ccc(Cl)c(Cl)c4)CC2,1.58,2.1793452380952383,0.5993452380952382
272,test,Oc1ccc2nc(sc2c1)c3ccccc3,3.99,2.1793452380952383,-1.810654761904762
612,test,CN(C1CCN(Cc2nc3CCCCc3s2)CC1)C(=O)Cc4ccc(cc4)n5cnnn5,2.5,2.1793452380952383,-0.3206547619047617
139,test,COC1\C=C\OC2(C)Oc3c(C)c(O)c4C(=O)C(=CC(=O)c4c3C2=O)NC(=O)\C(=C/C=C/C(C)C(O)C(C)C(O)C(C)C(OC(=O)C)C1C)\C,0.7,2.1793452380952383,1.4793452380952383
3283,test,CC(C)C[C@H](N[C@@H](c1ccc(cc1)c2ccc(cc2)S(=O)(=O)C)C(F)(F)F)C(=O)NCC#N,3.24,2.1793452380952383,-1.060654761904762
2106,test,OCC(CO)NC(=O)CN1C(=O)C(Cc2ccccc12)NC(=O)c3cc4cc(Cl)sc4[nH]3,2.61,2.1793452380952383,-0.4306547619047616
5,test,OC1(CN2CCC1CC2)C#Cc3ccc(cc3)c4ccccc4,3.14,2.1793452380952383,-0.9606547619047618
3473,test,CCC(N(CCCN)C(=O)c1ccc(C)nc1)C2=Nc3ccsc3C(=O)N2Cc4ccccc4,2.56,2.1793452380952383,-0.3806547619047618
430,test,CCS(=O)(=O)c1ccc2OCC(=O)N(CCN3CCC(CC3)NCc4ccc5OCC(=O)Nc5n4)c2c1,-0.11,2.1793452380952383,2.289345238095238
321,test,CON(C)C(=O)c1c(Cn2c(C)nc(Cl)c2Cl)sc3N(CC(C)C)C(=O)N(C)C(=O)c13,2.23,2.1793452380952383,-0.0506547619047617
598,test,CN[C@@H](C)C(=O)N[C@@H](C1CCCCC1)C(=O)N[C@H]2CCN(C2)C(=O)Cc3ccccc3,0.81,2.1793452380952383,1.3693452380952382
1206,test,CN(C)CCCNc1cc(nc2c(cnn12)C#N)n3ccc4ccc(NC(=O)C)cc34,1.62,2.1793452380952383,0.5593452380952382
1079,test,CO[C@H]1CN(CCN2C(=O)C=Cc3ccc(cc23)C#N)CC[C@H]1NCc4cc5OCCOc5cn4,0.63,2.1793452380952383,1.5493452380952384
513,test,CC(=O)Nc1ccc2ccn(c3cc(Nc4ccn(C)n4)n5ncc(C#N)c5n3)c2c1,3.57,2.1793452380952383,-1.3906547619047616
1922,test,Cc1cc(NC(=O)c2ccc(Cl)cc2)n(n1)c3ccccc3,3.25,2.1793452380952383,-1.0706547619047617
1604,test,CN1CCN(CC1)c2cc3c(Nc4ccc(F)cc4F)c(cnc3cc2F)C(=O)N,2.63,2.1793452380952383,-0.4506547619047616
2085,test,CCC(C)Nc1nc(nc(N2CCOCC2)c1N)C#N,2.8,2.1793452380952383,-0.6206547619047615
3833,test,CN(CCOc1ccccc1c2cc(C(=O)N)c(NC(=O)N)s2)Cc3ccccc3,3.46,2.1793452380952383,-1.2806547619047617
132,test,[O-][S+](c1ccccc1)c2ccc3nnnn3n2,0.79,2.1793452380952383,1.3893452380952382
1116,test,OC(=O)c1ccc(cc1)c2nnn(Cc3ccccc3F)n2,0.3,2.1793452380952383,1.8793452380952382
3530,test,CC1(CC(=O)NC(=N1)N)c2ccc(Cl)c(Cl)c2,1.59,2.1793452380952383,0.5893452380952382
1445,test,CN1C(=O)N(CC2CC2)c3nn(Cc4ccnc5ccc(Cl)cc45)c(c6oc(cc6)S(=O)(=O)C)c3C1=O,2.71,2.1793452380952383,-0.5306547619047617
1391,test,CN[C@@H](C)C(=O)N[C@@H](C1CCCCC1)C(=O)N2CC[C@H]3CCN(CCc4ccccc4)C[C@@H]23,2.47,2.1793452380952383,-0.2906547619047619
1089,test,Cc1sc2c(C(=N[C@@H](CC(=O)OC(C)(C)C)c3nnc(C)n23)c4ccc(Cl)cc4)c1C,3.82,2.1793452380952383,-1.6406547619047616
23,test,OC(=O)c1cccc(c1)N2CCC(CN3CCC(CC3)Oc4ccc(Cl)c(Cl)c4)CC2,2.17,2.1793452380952383,0.00934523809523835
278,test,NC(=O)N1c2ccccc2CC(=O)c3ccccc13,1.28,2.1793452380952383,0.8993452380952383
3163,test,CO[C@H]1CN(CCN2C(=O)C=Cc3ccc(cc23)C#N)CC[C@@H]1NCc4cc5OCCOc5cn4,1.05,2.1793452380952383,1.1293452380952382
2804,test,CN(CCCc1ccccc1)S(=O)(=O)c2cc(C(=O)N3CCc4ccc(cc4C3)S(=O)(=O)NCCc5ccccc5)c(O)c(O)c2O,0.75,2.1793452380952383,1.4293452380952383
2368,test,OCc1ccc2ccn(c3cc(NC4CC4)n5ncc(C#N)c5n3)c2c1,3.09,2.1793452380952383,-0.9106547619047616
4025,test,CC(=O)Nc1ccc(CNc2[nH]nc3cccc(Oc4ccc(cc4)S(=O)(=O)C)c23)cc1,2.63,2.1793452380952383,-0.4506547619047616
3182,test,CC(O)c1ccc2OCC(=O)N(CCN3CCC(CC3)NCc4ccc5OCC(=O)Nc5n4)c2c1,0.25,2.1793452380952383,1.9293452380952383
2241,test,CCCc1nc2c(N)nc3ccccc3c2s1,4.09,2.1793452380952383,-1.9106547619047616
3295,test,C[C@H](CO)Nc1nc(SCc2cccc(Cl)c2F)nc3NC(=O)Sc13,3.53,2.1793452380952383,-1.3506547619047615
311,test,Nc1nnc(c(N)n1)c2cccc(Cl)c2Cl,1.38,2.1793452380952383,0.7993452380952384
1618,test,CC(NC(=O)c1cc(O)nc2ccccc12)c3ccccc3,2.2,2.1793452380952383,-0.020654761904761898
2506,test,CN(C)C(=O)N[C@@H]1CC[C@@H](CCN2CCN(CC2)c3ccc(Cl)c(Cl)c3)CC1,3.15,2.1793452380952383,-0.9706547619047616
1200,test,NC1(CCC1)c2ccc(cc2)c3ncc4nccn4c3c5ccccc5,1.3,2.1793452380952383,0.8793452380952382
2120,test,Cc1ccc(COC(=O)N2CC[C@H](CNc3ncccn3)[C@H](F)C2)cc1,3.21,2.1793452380952383,-1.0306547619047617
3113,test,Cc1sc2ncnc(SCC(=O)N3CCCC3)c2c1C,2.89,2.1793452380952383,-0.7106547619047618
194,test,C[C@@H]1N[S@@](=O)(=NC1=O)c2cccc(c2)c3ccc(C)cc3,1.6,2.1793452380952383,0.5793452380952382
877,test,CNc1c(Br)cnc2[nH]c(nc12)c3ccc(cc3)S(=O)(=O)C,2.88,2.1793452380952383,-0.7006547619047616
2840,test,CC(C)n1c(C)ncc1c2ccnc(Nc3ccc(cc3)N4CCN(CC4)C(=O)CO)n2,1.69,2.1793452380952383,0.48934523809523833
73,test,C[C@H](NC(=O)c1cccnc1Oc2ccccc2)c3ccccc3,2.91,2.1793452380952383,-0.7306547619047619
640,test,CC(N1NC(=O)c2nc3cc(Cl)ccc3c(O)c2C1=O)c4ccccn4,0.51,2.1793452380952383,1.6693452380952383
544,test,Nc1ccc(Cl)c(c1)C(=O)NCC23CC4CC(CC(C4)C2)C3,3.45,2.1793452380952383,-1.270654761904762
846,test,Oc1c(C#N)c(nc2ccncc12)c3ccc(cc3)c4ccccc4C(F)(F)F,3.3,2.1793452380952383,-1.1206547619047615
519,test,CN1CCN(CC1)c2nc(CCOc3ccc(C[C@H](Nc4ccccc4C(=O)c5ccccc5)C(=O)O)cc3)c(C)s2,2.58,2.1793452380952383,-0.4006547619047618
2979,test,CC(=O)C1=C(C)c2cnc(Nc3ccc(cn3)N4CCNCC4)nc2N(C5CCCC5)C1=O,0.8,2.1793452380952383,1.3793452380952382
2224,test,COC(=O)c1ccc(NC(=O)c2cc(OC)c(OC)c(OC)c2)cc1,3.2,2.1793452380952383,-1.020654761904762
2732,test,Cc1ccn2c(NC(=O)c3ccccc3)c(nc2c1)c4cccs4,2.87,2.1793452380952383,-0.6906547619047618
1988,test,CN1C(=O)N(CCCCC(=O)C)C(=O)c2c1ncn2C,0.22,2.1793452380952383,1.9593452380952383
1203,test,Fc1cccc(c1)C(COCc2cc(cc(c2)C(F)(F)F)C(F)(F)F)N3CCNCC3,3.2,2.1793452380952383,-1.020654761904762
3105,test,CC(C)C(NC(=O)CN1C(=O)C(=CC=C1c2ccccc2)NC(=O)NCc3cc[n+]([O-])cc3)C(=O)C(F)(F)F,1.13,2.1793452380952383,1.0493452380952384
827,test,CS(=O)(=O)c1ccc(cc1)[C@@H](O)[C@@H](CF)NC(=O)C(Cl)Cl,0.44,2.1793452380952383,1.7393452380952383
2547,test,Oc1cccc(NC(=O)c2ccc(OCCCN3CCCC3)cc2OCc4ccccc4C#N)c1,2.34,2.1793452380952383,-0.16065476190476158
741,test,O=C1Nc2ccccc2C=C1,1.32,2.1793452380952383,0.8593452380952382
3441,test,CCn1c2ccccc2c3cc(NC(=O)N4CCOCC4)ccc13,3.2,2.1793452380952383,-1.020654761904762
2275,test,Cc1nc2ncnn2c(O)c1CCOC(=O)c3c(F)cccc3F,0.16,2.1793452380952383,2.019345238095238
2781,test,Cc1ccc(NC(=O)[C@H]2CCCN2S(=O)(=O)c3cccc4cccnc34)c(C)c1,3.9,2.1793452380952383,-1.7206547619047616
2613,test,CN[C@@H](C)C(=O)N[C@H](C(=O)N[C@H]1CCCN(CCc2ccccn2)C1)C(C)(C)C,-0.55,2.1793452380952383,2.729345238095238
923,test,C[C@@H]1CN(CCN1c2ncc(OCc3ccncc3C#N)cn2)C(=O)OCC(F)F,2.3,2.1793452380952383,-0.12065476190476154
1423,test,Clc1n[nH]c2cccc(Nc3ccnc(Nc4cc(cc(c4)N5CCOCC5)N6CCOCC6)n3)c12,2.78,2.1793452380952383,-0.6006547619047615
1986,test,COc1cc2ncnc(Nc3cccc(C)c3)c2cc1OC,3.5,2.1793452380952383,-1.3206547619047617
1934,test,CC(C)C(NC(=O)CN1C(=O)C(=CC=C1c2ccccc2)NC(=O)NCc3ccncc3)C(=O)C(F)(F)F,2.16,2.1793452380952383,0.019345238095238138
3248,test,O=C(NCc1occc1)c2ccc3[nH]c(COc4ccc(cc4)C56CC7CC(CC(C7)C5)C6)nc3c2,4.0,2.1793452380952383,-1.8206547619047617
2765,test,NCCCC(=O)OCCN1CCN(CCCN2c3ccccc3Sc4ccc(Cl)cc24)CC1,1.5,2.1793452380952383,0.6793452380952383
1855,test,NC1=NC(=O)N(C=C1)[C@@H]2O[C@H](CO)[C@@H](O)C2(F)F,-1.5,2.1793452380952383,3.6793452380952383
2188,test,Nc1[nH]nc2cccc(Cl)c12,1.92,2.1793452380952383,0.25934523809523835
4070,test,Cc1cc(Cl)ccc1N2CCN(CC2)C(=O)COCc3ccncc3,3.22,2.1793452380952383,-1.040654761904762
265,test,CC(C)C(NC(=O)CN1C(=O)C(=CC=C1c2cccnc2)NC(=O)OCc3ccccc3)C(=O)C(F)(F)F,3.05,2.1793452380952383,-0.8706547619047615
279,test,Cc1ccc(F)cc1S(=O)(=O)N[C@@H]2CCN(Cc3ccc(cc3)c4ccccc4)C2,4.0,2.1793452380952383,-1.8206547619047617
3933,test,Nc1ncc(cc1c2oc3ccccc3n2)c4cnn(c4)C5CCOCC5,4.0,2.1793452380952383,-1.8206547619047617
2421,test,C[C@@H](Oc1ccc(cc1C(=O)N2CCN(CC2)c3ncc(cc3F)C(F)(F)F)S(=O)(=O)C)C(F)(F)F,3.49,2.1793452380952383,-1.310654761904762
1104,test,CN(C)CC(O)COc1ccc(Nc2nccc(n2)N(CC#C)c3cc(Cl)ccc3Cl)cc1,3.2,2.1793452380952383,-1.020654761904762
1501,test,COCCC(C)n1nc(C)c(C(=O)N[C@@H](C)C(C)(C)C)c1NS(=O)(=O)c2ccc(C)cc2,0.78,2.1793452380952383,1.3993452380952383
314,test,COc1ccc(Cl)c(Nc2ncnc3cc(OCC4CCN(C)CC4)c(OC)cc23)c1,2.0,2.1793452380952383,0.17934523809523828
292,test,CC1CN(C(=O)c2ccccc2)c3ccccc3NC1=O,1.73,2.1793452380952383,0.4493452380952383
2972,test,CN1C(=O)N(CC2CC2)c3nn(Cc4ccnc5ccc(Cl)cc45)c(c6oc(cc6C)C#N)c3C1=O,4.34,2.1793452380952383,-2.1606547619047616
2573,test,Cc1ccccc1N2C(=Nc3cccc(C)c3C2=O)Cn4cnc5c(N)ncnc45,2.6,2.1793452380952383,-0.4206547619047618
1783,test,O=C1CCOc2nc(COc3ccccc3)ccc12,2.3,2.1793452380952383,-0.12065476190476154
1533,test,NC1(CCC1)c2ccc(cc2)c3ncc4cccn4c3c5ccccc5,2.5,2.1793452380952383,-0.3206547619047617
819,test,O=S(=O)(Cc1cc(nc(n1)c2ccccn2)N3CCOCC3)c4ccccc4,1.34,2.1793452380952383,0.8393452380952382
172,test,Cc1ccc2c(c1)c(c(C)n2CC(=O)O)c3ccnc4ccc(cc34)C(F)(F)F,1.78,2.1793452380952383,0.39934523809523825
3997,test,COc1nc(Br)cnc1NS(=O)(=O)c2ccc(Cl)s2,0.99,2.1793452380952383,1.1893452380952383
2796,test,Oc1ccc(CCc2ccc(O)cc2)cc1,3.3,2.1793452380952383,-1.1206547619047615
2210,test,Cn1cncc1c2c3C(=O)N(C4CC4)C(=O)N(CC5CC5)c3nn2Cc6ccnc7ccc(Cl)cc67,3.53,2.1793452380952383,-1.3506547619047615
444,test,CC(C)(C)OC(=O)N1CCN(CC1)c2ncc(OCc3ccncc3)cn2,3.4,2.1793452380952383,-1.2206547619047616
1300,test,CN1C(=O)CC(C)(CCc2cccc(c2)c3ccccc3)N=C1N,2.03,2.1793452380952383,0.14934523809523848
3479,test,COc1cc(O)ccc1\C=C\2/CCCN=C2c3cccnc3,2.2,2.1793452380952383,-0.020654761904761898
2129,test,O=C(C1CCN(CC1)c2nnc(s2)n3cccc3)N4CCN(Cc5ccc6OCOc6c5)CC4,2.5,2.1793452380952383,-0.3206547619047617
3300,test,CN(C)CCOc1ccccc1Cc2ccccc2,2.53,2.1793452380952383,-0.3506547619047615
374,test,CC1CCC(CC(=O)Nc2cccc3ncccc23)CC1,3.56,2.1793452380952383,-1.3806547619047618
2755,test,O=C(CN1CCOCC1)Nc2ccc(cc2c3ccccc3)c4cccc5C(=O)C=C(Oc45)N6CCOCC6,3.4,2.1793452380952383,-1.2206547619047616
659,test,Nc1nc(N)c2cc(NCc3ccc(Cl)c(Cl)c3)ccc2n1,2.22,2.1793452380952383,-0.040654761904761916
346,test,CC(C)Oc1cc(OCCc2cccnc2)cc(c1)C(=O)Nc3ccc(cn3)C(=O)O,0.81,2.1793452380952383,1.3693452380952382
173,test,CSc1ncccc1C(=O)Nc2nccs2,1.43,2.1793452380952383,0.7493452380952383
3826,test,C[C@H]1CN(Cc2cc(Cl)ccc2CC(=O)O)CCN1C(=O)Cc3ccc(Cl)cc3,1.66,2.1793452380952383,0.5193452380952384
2476,test,CC(O)(C(=O)Nc1ccc(cc1)S(=O)(=O)c2ccncc2)C(F)(F)F,2.15,2.1793452380952383,0.02934523809523837
3779,test,CCN1C=C(C(=O)O)C(=O)c2ccc(C)nc12,-0.1,2.1793452380952383,2.2793452380952384
2202,test,OC(=O)[C@H](Cc1ccccc1F)N2CCC(CN3CCC(CC3)Oc4ccc(Cl)c(Cl)c4)CC2,2.58,2.1793452380952383,-0.4006547619047618
2524,test,Fc1cc2[nH]cnc2cc1Cl,2.35,2.1793452380952383,-0.1706547619047618
3015,test,CCCCc1nc2c(N)nc3ccccc3c2n1Cc4ccccc4,4.17,2.1793452380952383,-1.9906547619047616
3091,test,CC(C)(CS(=O)(=O)N1CCN(CC1)c2ccc(F)cc2)N(O)C=O,1.07,2.1793452380952383,1.1093452380952382
1146,test,CC(C)C[C@H](CO)Nc1nc(SCc2ccccc2)nc3nc(N)sc13,4.2,2.1793452380952383,-2.020654761904762
2576,test,CC[C@H](NC(=O)c1c([S+](C)[O-])c(nc2ccccc12)c3ccsc3)c4ccccc4,2.66,2.1793452380952383,-0.48065476190476186
2150,test,COc1ccc(cc1OC)N2CCN([C@H](C)C2)C(=O)[C@@H]3CCCC[C@H]3C(=O)NC4(CC4)C#N,1.85,2.1793452380952383,0.3293452380952382
1026,test,CCN(C1CCN(CC[C@H](C2CCN(CC2)S(=O)(=O)C)c3cc(C)cc(C)c3)CC1)C(=O)Cc4ccc(cc4)S(=O)(=O)C,1.93,2.1793452380952383,0.24934523809523834
3584,test,CC(C)CNc1nc(nc(N2CC(O)C2)c1N)C#N,2.0,2.1793452380952383,0.17934523809523828
841,test,CC(C)OC(=O)C1=CN(Cc2c(F)cccc2F)c3sc(c(CN(C)Cc4ccccc4)c3C1=O)c5ccc(NC(=O)C(C)C)cc5,3.5,2.1793452380952383,-1.3206547619047617
3762,test,SC1=Nc2[nH]cnc2C(=O)N1,-1.48,2.1793452380952383,3.6593452380952383
1003,test,C(Sc1nc2cccnc2[nH]1)c3ccccc3,3.22,2.1793452380952383,-1.040654761904762
31,test,CN([C@@H]1CCN(Cc2ccc(cc2)C(F)(F)F)C[C@@H]1F)C(=O)Cc3ccc(cc3)n4cnnn4,3.3,2.1793452380952383,-1.1206547619047615
3589,test,Clc1ccc(cc1)c2c[nH]nn2,2.97,2.1793452380952383,-0.7906547619047619
756,test,[O-][N+](=O)c1ccc2c(c1)nc3CCCCCn23,2.58,2.1793452380952383,-0.4006547619047618
3197,test,Cc1c(O[C@H]2C[C@H]3CC[C@@H](C2)N3Cc4ccccc4)cccc1C(=O)N,1.6,2.1793452380952383,0.5793452380952382
3195,test,Oc1cccc(c1)c2nc3ccc(O)cc3s2,3.7,2.1793452380952383,-1.520654761904762
1624,test,NC(=O)c1cnc(N[C@H]2CCCNC2)c3cc(sc13)c4ccc(F)c(F)c4,2.17,2.1793452380952383,0.00934523809523835
1980,test,CCN(CC)CCOCCOC(=O)C1(CCCC1)c2ccccc2,1.33,2.1793452380952383,0.8493452380952382
1302,test,Cc1ccc(cc1)c2nn(c3ncnc(N)c23)C(C)(C)C,4.1,2.1793452380952383,-1.9206547619047614
3011,test,Cc1cnccc1COc2cnc(nc2)N3CCN(CC3)C(=O)OC(C)(C)C,3.8,2.1793452380952383,-1.6206547619047615
70,test,CNC(=O)c1ccc(CC(=O)N(C)C2CCN(Cc3ccc(cc3)C(F)(F)F)CC2)cc1,2.8,2.1793452380952383,-0.6206547619047615
3310,test,CCc1cc(O)c(Oc2ccc(cc2F)C(=O)N)cc1F,2.87,2.1793452380952383,-0.6906547619047618
2537,test,CCN(CC)S(=O)(=O)c1ccc(NC(=O)C(C)(O)C(F)(F)F)cc1,2.63,2.1793452380952383,-0.4506547619047616
3570,test,CNS(=O)(=O)NC1=CC=C(N(CC(=O)NC(C(C)C)C(=O)C(F)(F)F)C1=O)c2ccccc2,1.79,2.1793452380952383,0.38934523809523824
3191,test,Cc1ccc(cc1NC(=O)c2ccc(OCc3ccccn3)cc2)c4[nH]cnc4C,2.87,2.1793452380952383,-0.6906547619047618
1386,test,CC(C)n1c(C)ncc1c2nc(Nc3ccc(cc3)N4CC(C4)NC(=O)C)ncc2F,2.76,2.1793452380952383,-0.5806547619047615
4165,test,CC1(CCN(CC1)C(=O)COCc2ccncc2)c3ccc(Cl)cc3,2.79,2.1793452380952383,-0.6106547619047618
548,test,Nc1cc(nc2c(cnn12)C#N)c3cccs3,2.3,2.1793452380952383,-0.12065476190476154
3472,test,CNC1=Nc2ncccc2C(=NC1c3cccs3)c4ccns4,2.15,2.1793452380952383,0.02934523809523837
2447,test,OC(=O)COc1ccc(Cl)cc1CN2CCN(CC2)S(=O)(=O)c3ccc(F)cc3,0.99,2.1793452380952383,1.1893452380952383
1312,test,C[C@H](NC(=O)c1c(C)nn(C2CCC2)c1NS(=O)(=O)c3ccc(C)cc3)C(C)(C)C,1.57,2.1793452380952383,0.6093452380952382
998,test,COc1cccc2c1c(NS(=O)(=O)c3ccc(Cl)s3)nn2Cc4cccc(CNC(=O)[C@@H]5COCCN5)c4,1.61,2.1793452380952383,0.5693452380952382
4063,test,Cn1cc(cc1c2c3C(=O)N(CC#C)C(=O)N(CC4CC4)c3nn2Cc5ccnc6ccc(Cl)cc56)C#N,3.96,2.1793452380952383,-1.7806547619047617
737,test,OC1(CN2CCC1CC2)C#Cc3ccc(Oc4ccc(cc4)C(=O)NCc5ccncc5)cc3,2.48,2.1793452380952383,-0.3006547619047617
2883,test,O=C(CSC1=NC2=C(SCC2)C(=O)N1c3ccccc3)Nc4ncc(s4)c5ccccc5,3.95,2.1793452380952383,-1.770654761904762
3202,test,CC(C)CN1C(=O)N(C)C(=O)c2c(SC(C)C)c(Cc3ccccc3C(F)(F)F)sc12,4.42,2.1793452380952383,-2.2406547619047616
245,test,O=C(C1CCCCC1)N2CC3N(CCc4ccccc34)C(=O)C2,2.43,2.1793452380952383,-0.2506547619047619
597,test,Cc1ccc2c(c1)c(c(C)n2CC(=O)O)c3ccnc4c(F)cccc34,0.53,2.1793452380952383,1.6493452380952383
2375,test,CC(C)OC(=O)N1CC2COCC(C1)C2Oc3ncnc(Oc4cccnc4C)c3C,3.1,2.1793452380952383,-0.9206547619047618
849,test,CN1CCN(CC1)S(=O)(=O)c2ccc(c3cnc(N)c(n3)C(=O)Nc4cccnc4)c(c2)C(F)(F)F,3.25,2.1793452380952383,-1.0706547619047617
1345,test,Cc1cc(on1)c2ccc(cc2F)N3C[C@H](Cn4ccnn4)OC3=O,1.99,2.1793452380952383,0.1893452380952383
1292,test,Cn1c(Nc2ccc(cc2)C(F)(F)F)nc3cc(Oc4ccnc(c4)c5ncc([nH]5)C(F)(F)F)ccc13,3.45,2.1793452380952383,-1.270654761904762
2971,test,Oc1ccc(cc1)c2ccc3cc(O)ccc3n2,3.1,2.1793452380952383,-0.9206547619047618
3591,test,CC(C)N1C(=O)N(C)C(=O)c2cn(Cc3cccc4ccccc34)cc12,3.97,2.1793452380952383,-1.790654761904762
304,test,CC[C@@H](NC1=C(Nc2cccc(C(=O)N(C)C)c2O)C(=O)C1=O)c3oc(C)cc3,2.32,2.1793452380952383,-0.14065476190476156
1360,test,Clc1cnc(cc1C(=O)NCC23CC4CC(CC(C4)C2)C3)N5CCNCC5,2.09,2.1793452380952383,0.08934523809523842
2811,test,OC(=O)[C@H](Cc1ccc(NC(=O)Cc2ccc3CCCNc3n2)cc1)NC(=O)c4c(Cl)cccc4Cl,-0.63,2.1793452380952383,2.809345238095238
530,test,NC(=O)c1cc(O)cc2nc(oc12)c3ccc(O)cc3,2.3,2.1793452380952383,-0.12065476190476154
3471,test,Fc1ccc2c3CN(CCc3[nH]c2c1)C(=O)[C@@H]4CCCC[C@H]4C(=O)NC5(CC5)C#N,2.99,2.1793452380952383,-0.8106547619047619
4173,test,COc1cc2ncnc(Oc3cnn(CC(=O)Nc4ccc(cn4)N(C)C)c3)c2cc1OC,2.36,2.1793452380952383,-0.1806547619047616
3000,test,OC(=O)c1ccc(cc1)n2ncc(C(=O)NC3C4CC5CC(CC3C5)C4)c2C(F)(F)F,1.5,2.1793452380952383,0.6793452380952383
2444,test,C[C@@H]1CN([C@@H](CO1)c2ccccc2)c3ccc4OCC(=O)Nc4n3,2.75,2.1793452380952383,-0.5706547619047617
3649,test,Cc1nc(C)c(nc1C(=O)N)c2ccc3c(CC[C@@]34CC[C@@H](CC4)c5nnn[nH]5)c2,1.4,2.1793452380952383,0.7793452380952384
2700,test,Nc1c(cnn1c2ccc(F)cc2)C(=O)c3cccc(OC[C@@H](O)CO)c3,1.91,2.1793452380952383,0.26934523809523836
984,test,CN[C@@H](C)C(=O)N[C@@H](C1CCCCC1)C(=O)N[C@H]2CCN(Cc3ccccc3)C2,1.49,2.1793452380952383,0.6893452380952383
4058,test,Cc1nc2nc(NC(=O)c3ccc(F)cc3)nn2c(O)c1Cc4ccccc4,2.2,2.1793452380952383,-0.020654761904761898
2337,test,C[C@@H]1CN(Cc2ccc(F)cc2)CCN1C(=O)COc3ccc(Cl)cc3NC(=O)N,1.91,2.1793452380952383,0.26934523809523836
2981,test,CC(C)C[C@H](CO)Nc1nc(SCc2ccccc2)nc3NC(=O)Sc13,4.2,2.1793452380952383,-2.020654761904762
2045,test,CC1=CN([C@H]2CCCN(Cc3ccc(C(=O)O)c(Oc4cccc(C)c4)c3)C2)C(=O)NC1=O,-0.82,2.1793452380952383,2.999345238095238
256,test,O=C1CCOc2nc(CCc3ccccc3)ccc12,2.5,2.1793452380952383,-0.3206547619047617
3643,test,COc1ccccc1N2CCN(CCN(C(=O)C3CCCCC3)c4ccccn4)CC2,3.0,2.1793452380952383,-0.8206547619047617
2899,test,Cc1cc(CN2CCC2)cnc1c3ccc(cc3)C(=O)Nc4ccccc4N,1.18,2.1793452380952383,0.9993452380952383
3143,test,CCN(C1CCN(Cc2ccc(cc2)C(F)(F)F)CC1)C(=O)Cc3ccc(cc3)S(=O)(=O)C,2.9,2.1793452380952383,-0.7206547619047616
4132,test,COC(=O)Nc1nc2ccc(cc2[nH]1)C(=O)c3ccccc3,2.9,2.1793452380952383,-0.7206547619047616
2502,test,CN(C)CCCNC(=O)c1nc(Cl)c(N)nc1N,-1.0,2.1793452380952383,3.1793452380952383
845,test,CNC1=Nc2ncccc2C(=NC1c3cccs3)c4occc4,1.85,2.1793452380952383,0.3293452380952382
109,test,Nc1nc(Nc2cccc(Br)c2)c3nc[nH]c3n1,3.04,2.1793452380952383,-0.8606547619047618
3297,test,Nc1cccc(NS(=O)(=O)c2ccc(cc2)c3ccc(cc3)C#N)n1,2.2,2.1793452380952383,-0.020654761904761898
1050,test,CN1SC(=O)c2cc(ccc12)S(=O)(=O)NC3CC3,1.3,2.1793452380952383,0.8793452380952382
3820,test,COc1ccc2C=CC(=O)N(CCN3CCC(CC3)NCc4cc5OCCOc5cn4)c2n1,1.16,2.1793452380952383,1.0193452380952384
2869,test,CN1C(=O)N(C)c2nc[nH]c2C1=O,-0.09,2.1793452380952383,2.269345238095238
353,test,Cc1cc(NC(=O)Nc2ccc(Cl)cc2)n(C)n1,2.96,2.1793452380952383,-0.7806547619047617
1472,test,COc1ccc2nc(C)cc(c2c1)n3cc(CN4CCN(CC4)C(=O)C)nn3,1.3,2.1793452380952383,0.8793452380952382
2512,test,O[C@@H](CNCCc1cccc(CNCCc2c(Cl)cccc2Cl)c1)c3ccc(O)c4NC(=O)Sc34,3.15,2.1793452380952383,-0.9706547619047616
3341,test,NC(=O)Nc1sc(cc1C(=O)N[C@H]2CCCNC2)c3ccccc3,1.27,2.1793452380952383,0.9093452380952383
1393,test,Cc1cc(Nc2ccnc(NCc3onc(c3)C4CC4)n2)n[nH]1,2.5,2.1793452380952383,-0.3206547619047617
2090,test,C[C@H](NC(=O)c1c(C)nn(c1NS(=O)(=O)C2CCCCC2)c3ccccc3)C(C)(C)C,1.75,2.1793452380952383,0.4293452380952383
2550,test,Cc1ccnc(NCc2ccc(Cl)cc2)c1,3.6,2.1793452380952383,-1.4206547619047618
2460,test,C[C@@H](N(c1cc(F)ccc1F)S(=O)(=O)c2ccc(Cl)cc2)c3ccc(F)cc3CCCC(=O)O,3.1,2.1793452380952383,-0.9206547619047618
1697,test,CS(=O)(=O)c1ccc(C(=O)Nc2ccc(Cl)c(c2)c3ccccn3)c(Cl)c1,2.84,2.1793452380952383,-0.6606547619047616
2712,test,COc1cc(OC)c(cc1NC(=S)NCC(=O)O)S(=O)(=O)N2C(C)CCc3ccccc23,-1.04,2.1793452380952383,3.2193452380952383
2390,test,COc1ccc2N=CC(=O)N(CCN3CC[C@@H](NCc4cc5OCCOc5cn4)[C@H](O)C3)c2c1,0.9,2.1793452380952383,1.2793452380952384
3360,test,COCCCOc1ccnc(C[S+]([O-])c2nc3ccccc3[nH]2)c1C,-0.69,2.1793452380952383,2.8693452380952382
156,test,COc1cccc(NC(=O)Cn2cc(Oc3ncnc4cc(OC)c(OC)cc34)cn2)c1,3.11,2.1793452380952383,-0.9306547619047616
1119,test,CC(C)NCC(O)COc1ccccc1CC=C,0.99,2.1793452380952383,1.1893452380952383
4076,test,CNc1c(Br)cnc2[nH]c(nc12)c3ccnc(N)c3,2.83,2.1793452380952383,-0.6506547619047618
4098,test,CN(C1CCCCC1)C(=O)c2c(C)nn(c2NS(=O)(=O)c3ccc(C)cc3)c4ccccc4,1.69,2.1793452380952383,0.48934523809523833
777,test,COC(=O)CCC(=O)Nc1ccc2C(=O)C(=O)c3ccccc3c2c1,2.72,2.1793452380952383,-0.5406547619047619
4144,test,CCCCOc1nc(N)c2NC(=O)N(Cc3cccc(CC(=O)O)c3)c2n1,0.14,2.1793452380952383,2.039345238095238
837,test,NC1(CCC1)c2ccc(cc2)c3c(ncc4nccn34)c5ccccc5,1.7,2.1793452380952383,0.4793452380952383
1062,test,Cc1nc(C)c(nc1C(=O)N)c2ccc(cc2)[C@@H]3CC[C@@H](CC(=O)N)CC3,2.7,2.1793452380952383,-0.5206547619047619
1378,test,Clc1ccc(cc1)C2(CCC2)C(=O)Nc3oc(nn3)C(=O)Nc4ccc(cc4)N5CCOCC5,3.2,2.1793452380952383,-1.020654761904762
1060,test,CN1CCCCC1CCN2c3ccccc3Sc4ccc(cc24)[S+](C)[O-],1.6,2.1793452380952383,0.5793452380952382
1648,test,COc1ccc(Cc2nccc3cc(OC)c(OC)cc23)cc1OC,2.81,2.1793452380952383,-0.6306547619047618
4161,test,CCCCNc1cc(cc(c1Oc2ccccc2)S(=O)(=O)N)C(=O)O,-0.3,2.1793452380952383,2.479345238095238
1415,test,OB(O)c1ccccc1C=O,0.83,2.1793452380952383,1.3493452380952382
2900,test,Cc1oc2C=NN(B(O)c2c1)S(=O)(=O)c3ccc(C)cc3,-0.28,2.1793452380952383,2.4593452380952385
67,test,COc1cc2ncnc(Nc3ccc(F)c(Cl)c3)c2cc1OCCCN4CCCC4,3.13,2.1793452380952383,-0.9506547619047616
2503,test,Cc1ccc(cc1)\C(=C/CN2CCCC2)\c3ccccn3,1.88,2.1793452380952383,0.2993452380952384
1920,test,COc1cc2ncc(C(=O)N)c(Nc3cc(C)ccc3F)c2cc1OC,3.16,2.1793452380952383,-0.9806547619047619
2156,test,CC(C)c1c(O)c(O)c(C=O)c2c(O)c(c(C)cc12)c3c(C)cc4c(C(C)C)c(O)c(O)c(C=O)c4c3O,2.75,2.1793452380952383,-0.5706547619047617
1074,test,CCC(N(CCCN)C(=O)c1ccc(C)cc1)C2=Nc3ccsc3C(=O)N2Cc4cccnc4,0.01,2.1793452380952383,2.1693452380952385
2435,test,COCC1=C(N2[C@H](SC1)[C@H](NC(=O)\C(=N/OC)\c3csc(N)n3)C2=O)C(=O)OC(C)OC(=O)OC(C)C,1.7,2.1793452380952383,0.4793452380952383
33,test,CS(=O)(=O)c1ccccc1C(=O)NC[C@@H](O)CN2CCC(CC2)Oc3ccc(Cl)c(Cl)c3,2.34,2.1793452380952383,-0.16065476190476158
3111,test,Nc1nc(Nc2ccc(cc2)S(=O)(=O)N)nn1C(=O)c3c(F)cccc3F,1.87,2.1793452380952383,0.3093452380952382
2584,test,C[C@H]1O[C@H]([C@H](O)[C@@H]1O)n2cnc3c(N)nc(OCC4CC(F)(F)C4(F)F)nc23,1.42,2.1793452380952383,0.7593452380952384
1057,test,Clc1ccc(c(Cl)c1)c2nnc3cccc(Cl)n23,2.88,2.1793452380952383,-0.7006547619047616
157,test,CC1CCc2cc(F)cc3C(=O)C(=CN1c23)C(=O)O,0.74,2.1793452380952383,1.4393452380952383
2655,test,Fc1ccccc1c2ccc3c(c2)C(=O)C(=O)c4ccccc34,2.92,2.1793452380952383,-0.7406547619047616
633,test,Fc1cc(Cl)ccc1N2CCN(CC2)C(=O)COCc3ccncc3,2.55,2.1793452380952383,-0.37065476190476154
3099,test,CO[C@@H]1CN(CCN2C(=O)C=Cc3ccc(cc23)C#N)CC[C@H]1NCc4ccc5OCC(=O)Nc5n4,0.81,2.1793452380952383,1.3693452380952382
1175,test,C[S+]([O-])c1ccc(cc1)c2nc(c3ccc(F)cc3)c([nH]2)c4ccncc4,3.34,2.1793452380952383,-1.1606547619047616
723,test,CC(C)(C)NS(=O)(=O)c1cncc(c1)c2ccc3nc(N)nn3c2,1.41,2.1793452380952383,0.7693452380952384
654,test,COCCC(=O)Nc1ccc(Nc2ncc3cc(ccc3n2)c4ccncc4)cc1,2.78,2.1793452380952383,-0.6006547619047615
678,test,Nc1ccc(cc1)S(=O)(=O)N2CCCC2,0.98,2.1793452380952383,1.1993452380952383
250,test,Fc1ccc(SC2=NN3C=NC(=O)C(=C3C=C2)c4c(Cl)cccc4Cl)c(F)c1,2.74,2.1793452380952383,-0.5606547619047619
695,test,C[C@@H](O)[C@@H]1[C@H]2[C@@H](C)C(=C(N2C1=O)C(=O)OCOC(=O)C(C)(C)C)SC3CN(C3)C4=NCCS4,2.1,2.1793452380952383,0.07934523809523819
3725,test,CCCCCCCN(CCc1ccc(OC(C)(C)C(=O)O)cc1)C(=O)Nc2ccc(F)cc2F,1.93,2.1793452380952383,0.24934523809523834
1338,test,O=C(NC1(CC1)C#N)[C@@H]2CCCC[C@H]2C(=O)N3CCN(CC3)c4nc5cnccc5s4,1.66,2.1793452380952383,0.5193452380952384
3631,test,CC(=O)Nc1ccc2c(c1)c(cn2CCC(=O)O)c3cc(NC4CC4)n5ncc(C#N)c5n3,-0.87,2.1793452380952383,3.0493452380952384
2560,test,CSc1nc(C(=O)N)c(N)s1,1.21,2.1793452380952383,0.9693452380952383
4035,test,FC(F)(F)Oc1ccccc1S(=O)(=O)NCC(N2CCCCCC2)c3ccccc3,4.09,2.1793452380952383,-1.9106547619047616
641,test,C1Oc2ccc(Oc3ccnc(Oc4ccc(cc4)n5ccnc5)n3)cc2O1,3.27,2.1793452380952383,-1.0906547619047617
3021,test,CCC(CC)NC(=O)c1cnn(c1NS(=O)(=O)c2ccc(cc2)c3ocnc3)c4ccccc4,0.8,2.1793452380952383,1.3793452380952382
3323,test,COc1cccc(c1OC)c2ccc(\C=C\3/SC(=S)N([C@@H](Cc4ccccc4)C(=O)O)C3=O)cn2,1.5,2.1793452380952383,0.6793452380952383
2456,test,Cc1cnc(Nc2ccc(OCCN3CCCC3)cc2)nc1Nc4cccc(c4)S(=O)(=O)NC(C)(C)C,2.11,2.1793452380952383,0.0693452380952384
2042,test,OC(CCN1CCCCC1)(C2CC3CC2C=C3)c4ccccc4,2.49,2.1793452380952383,-0.31065476190476193
3783,test,COc1ccccc1C(=O)Nc2ccc(C)c(c2)N3C=Nc4ccc(cc4C3=O)N5CCN(C)CC5,2.93,2.1793452380952383,-0.7506547619047619
3177,test,CN(C)CCCn1c2CCCCCCc2c3ccccc13,2.96,2.1793452380952383,-0.7806547619047617
546,test,CCCCSc1nc(N)c2ncn([C@@H]3O[C@H](CO)[C@@H](O)[C@H]3O)c2n1,1.51,2.1793452380952383,0.6693452380952383
3851,test,CN1CCN(CC1)c2ccc3N=CN(C(=O)c3c2)c4cc(NC(=O)c5cccc(c5)N6CCOCC6)ccc4C,2.69,2.1793452380952383,-0.5106547619047617
2405,test,CC1CC(NC(=O)C)c2ccccc2N1C(=O)c3ccccc3,2.0,2.1793452380952383,0.17934523809523828
2615,test,CC1CN(Cc2cc(Cl)ccc2OCC(=O)O)CCN1S(=O)(=O)c3ccccc3,0.31,2.1793452380952383,1.8693452380952382
799,test,CC(C)c1ccccc1Cc2cc(C(=O)Nc3ccc(cc3)S(=O)(=O)c4ccccc4C(C)(C)C)c(O)c(O)c2O,3.44,2.1793452380952383,-1.2606547619047617
1995,test,OC[C@H]1CCCN1CCCOc2ccc3c(Nc4cc(CC(=O)Nc5cccc(F)c5F)[nH]n4)ncnc3c2,2.06,2.1793452380952383,0.11934523809523823
2680,test,CCC(N(CC1CCNCC1)C(=O)c2ccc(C)cc2)C3=Nc4ccsc4C(=O)N3Cc5ccccc5,1.33,2.1793452380952383,0.8493452380952382
3737,test,CC[C@H](CO)Nc1nc(NCc2ccccc2)c3ncn(C(C)C)c3n1,3.63,2.1793452380952383,-1.4506547619047616
3512,test,OC(c1ccccc1)c2cccnc2,1.72,2.1793452380952383,0.4593452380952383
255,test,CS(=O)(=O)c1ccc(cc1)c2cnc(N)c(c2)c3ccc(nc3)C(F)(F)F,2.4,2.1793452380952383,-0.22065476190476163
3577,test,NC(=N)c1cc2c(\C=C\c3ccc4OCOc4c3)cccc2s1,2.2,2.1793452380952383,-0.020654761904761898
677,test,COCCNCc1ccc(Nc2ncc3cc(ccc3n2)c4ccncc4)cc1,1.86,2.1793452380952383,0.3193452380952382
3746,test,COc1cc(F)ccc1c2cncc(c2)C3CCCN3,1.1,2.1793452380952383,1.0793452380952382
3913,test,CC(C)N1CCC(CC1)N(C(=O)Cc2ccccc2)c3ccc(Cl)cc3,2.3,2.1793452380952383,-0.12065476190476154
543,test,Cc1ccc2[nH]ccc2c1c3nc(cc(n3)C4(CC4)S(=O)(=O)C)N5CCOCC5,1.7,2.1793452380952383,0.4793452380952383
2303,test,Cc1cccc(NS(=O)(=O)c2cccc3nonc23)c1,3.0,2.1793452380952383,-0.8206547619047617
153,test,NC(=O)Nc1cc(sc1C(=O)N)c2cccc(O)c2,2.21,2.1793452380952383,-0.030654761904761685
2171,test,CC(C)NC(=O)NS(=O)(=O)c1cnccc1Nc2cccc(C)c2,0.3,2.1793452380952383,1.8793452380952382
752,test,O[C@H](CNC(=O)C1=CNC(=O)c2cc(ccc12)S(=O)(=O)NC3CC3)CN4CCC(CC4)Oc5ccc(Cl)c(Cl)c5,3.67,2.1793452380952383,-1.4906547619047616
424,test,O=C(N1CCCCC1)c2scc3CCCCc23,3.16,2.1793452380952383,-0.9806547619047619
815,test,CN(C)CC(O)COc1ccc(Nc2nccc(Nc3ccc(Cl)cc3)n2)cc1,2.6,2.1793452380952383,-0.4206547619047618
3395,test,CCOC(=O)C1=COc2ccccc2C1=O,1.81,2.1793452380952383,0.3693452380952382
1259,test,C[C@@H]1CN(CCN1c2ncc(OCc3ccc(cc3)C#N)cn2)C(=O)OC(C)(C)C,2.89,2.1793452380952383,-0.7106547619047618
1051,test,COc1ccc(cc1OC)c2cc(NC(=O)Cc3ccc4ccccc4c3)[nH]n2,3.1,2.1793452380952383,-0.9206547619047618
2628,test,COc1cc(ccc1Nc2ncc(Cl)c(n2)c3cnc4cc(CO)ccn34)N5CCN(CC5)C(=O)C,3.1,2.1793452380952383,-0.9206547619047618
3241,test,Nc1ncc(cc1c2oc3ccccc3n2)c4cnn(c4)C5CCN(CC5)C(=O)CO,3.2,2.1793452380952383,-1.020654761904762
1517,test,Nc1nc2ccccc2s1,2.0,2.1793452380952383,0.17934523809523828
4094,test,CCOc1ccc(NC(=O)CCc2c(C)nc3nc(C)nn3c2C)cc1,2.1,2.1793452380952383,0.07934523809523819
4121,test,O[C@@H](CNCCCSCCOCCc1cccc2ccccc12)c3ccc(O)c4NC(=O)Sc34,3.12,2.1793452380952383,-0.9406547619047618
2976,test,NC1=NC(=CC(=O)N1)CCc2cccc(Br)c2,2.52,2.1793452380952383,-0.34065476190476174
3834,test,Nc1nc(N)c2nc(CO)cnc2n1,-0.45,2.1793452380952383,2.6293452380952385
2886,test,CC(C)Cn1cnc2c(N)nc3ccccc3c12,2.52,2.1793452380952383,-0.34065476190476174
3061,test,NC(=O)c1c(N)sc2CCCCc12,1.84,2.1793452380952383,0.3393452380952382
2059,test,CCN(C1CCN(CCC(C2CCN(Cc3ccccc3)CC2)c4ccccc4)CC1)C(=O)Cc5ccc(cc5)S(=O)(=O)C,2.41,2.1793452380952383,-0.23065476190476186
757,test,Oc1ccc2OCC(=O)N(CCN3CCC(CC3)NCc4ccc5OCC(=O)Nc5n4)c2c1,0.52,2.1793452380952383,1.6593452380952383
942,test,O=C1NC=Nc2scc(c3cccs3)c12,2.18,2.1793452380952383,-0.0006547619047618802
3304,test,ONC(=O)[C@@H](Cc1ccc2ccccc2c1)NS(=O)(=O)c3ccc4ccccc4c3,3.23,2.1793452380952383,-1.0506547619047617
431,test,COc1ccc(OC)c(c1)c2cccc3c(N)c(nnc23)C(=O)NC(C)C,3.65,2.1793452380952383,-1.4706547619047616
480,test,Oc1nc2cc(Cl)cc(Cl)c2c(O)c1c3ccccc3,1.6,2.1793452380952383,0.5793452380952382
1204,test,COc1cc(F)ccc1c2cncc(CNC(=O)c3ccccn3)c2,3.2,2.1793452380952383,-1.020654761904762
2005,test,C[C@H]([C@H](O)c1ccc(O)cc1)N2CCC(O)(CC2)c3ccccc3,0.91,2.1793452380952383,1.2693452380952381
3397,test,CC1CCCCC1NC(=O)c2c(C)nn(c2NS(=O)(=O)c3ccc(C)cc3)c4ccccc4,1.94,2.1793452380952383,0.23934523809523833
2977,test,COc1ccc(C[C@@H](C)NC[C@H](O)c2ccc(O)c(NC=O)c2)cc1,0.42,2.1793452380952383,1.7593452380952384
2898,test,COc1ccc(cc1)C(CN(C)C)C2(O)CCCCC2,0.99,2.1793452380952383,1.1893452380952383
2174,test,CN1C(=O)N(Cc2ccc(Br)cc2)c3ccccc13,2.81,2.1793452380952383,-0.6306547619047618
2932,test,Cc1cccc(NC(=O)c2ccc(c3ccccc3)c(c2)C#N)n1,3.71,2.1793452380952383,-1.5306547619047617
56,test,COCCNC(=O)c1cccc(Nc2ncc3cc(ccc3n2)c4ccncc4)c1,3.21,2.1793452380952383,-1.0306547619047617
2040,test,CN1CCN(CC1)c2ccc(Nc3ccnc4ccccc34)cc2,1.3,2.1793452380952383,0.8793452380952382
650,test,CN1C(=O)C=C(CCc2ccccc2)N=C1N,2.0,2.1793452380952383,0.17934523809523828
3056,test,COc1cnc(nc1Oc2ccc(F)cc2F)c3ccccn3,3.1,2.1793452380952383,-0.9206547619047618
297,test,Nc1nc(N)c2nc(c(N)nc2n1)c3ccccc3,1.16,2.1793452380952383,1.0193452380952384
1981,test,Fc1cccc(COc2ccc3C(=O)CCOc3c2)c1,3.4,2.1793452380952383,-1.2206547619047616
4021,test,Cc1ccc2c(c1)c(c(C)n2CC(=O)O)c3ccnc4c(C)cccc34,1.29,2.1793452380952383,0.8893452380952382
1538,test,CCOC(=O)c1ccc(COCC2CCN(CC2)c3ccc(C)nn3)cc1,2.68,2.1793452380952383,-0.5006547619047619
1860,test,CNC(=O)c1ccc(CN2CCC(CC2)c3ccc(cc3)C(=O)Nc4ccccc4N)cc1,1.99,2.1793452380952383,0.1893452380952383
2737,test,CC(=O)Nc1ccc(O)cc1,0.25,2.1793452380952383,1.9293452380952383
2853,test,Cc1nc(C)c(nc1C(=O)N)c2ccc3c(CC[C@@]34CC[C@H](Cc5nnn[nH]5)CC4)c2,2.0,2.1793452380952383,0.17934523809523828
878,test,Clc1ccc(CN2C[C@@H]3C[C@H]2CN3)cc1C(=O)NCC45CC6CC(CC(C6)C4)C5,1.45,2.1793452380952383,0.7293452380952383
2229,test,COc1cccc(NC(=O)CC23CC4CC(CC(C4)C2)C3)c1C,4.21,2.1793452380952383,-2.0306547619047617
1083,test,CNC(=O)c1cc(sc1NC(=O)N)c2ccccc2,3.19,2.1793452380952383,-1.0106547619047617
1551,test,CC(=O)Nc1ccc(CNc2[nH]nc3ccnc(Oc4ccccc4)c23)cc1,3.03,2.1793452380952383,-0.8506547619047615
2975,test,NC(=O)c1cccc(O[C@H]2C[C@H]3CC[C@@H](C2)N3Cc4ccccc4)n1,1.71,2.1793452380952383,0.4693452380952383
2099,test,COc1cc(OC)c2nc(C)c3CCN(c4ccc(O)cc4)c3c2c1,1.5,2.1793452380952383,0.6793452380952383
1413,test,Cc1cc(CN2Cc3ccccc3C[C@H]2C(=O)Nc4ccc(Cl)cc4Cl)ccc1OCC(=O)O,2.41,2.1793452380952383,-0.23065476190476186
166,test,CCCNC(=O)CSc1ccc(cn1)S(=O)(=O)N2CCCC2,1.55,2.1793452380952383,0.6293452380952382
1433,test,Oc1ccc(CCNCCCS(=O)(=O)NCCOCCc2cccc(c2)C(F)(F)F)c3sc(O)nc13,2.62,2.1793452380952383,-0.4406547619047618
1617,test,COc1ccc2OCC(=O)N(CCN3CCC(CC3)NCc4cc5OCCOc5cn4)c2c1,1.24,2.1793452380952383,0.9393452380952383
417,test,CC(C)CN1C(=O)N(C)C(=O)c2c1sc(Cc3ccccc3C(F)(F)F)c2C(=O)N4CC[C@@H](O)C4,2.74,2.1793452380952383,-0.5606547619047619
2180,test,CC1(C)C(=O)Nc2ccccc12,2.3,2.1793452380952383,-0.12065476190476154
3769,test,CCC[C@@H](CN1CCCC1)N(C)C(=O)Cc2ccc(Cl)c(Cl)c2,2.27,2.1793452380952383,-0.09065476190476174
249,test,C[C@H](NC(=O)c1c(C)nn(C2CCOC2)c1NS(=O)(=O)c3ccc(C)cc3)C(C)(C)C,0.78,2.1793452380952383,1.3993452380952383
2113,test,OCCNCCNc1ccc2c(NC(=O)CC34CC5CC(CC(C5)C3)C4)cccc2n1,1.79,2.1793452380952383,0.38934523809523824
400,test,Nc1ccc2ncccc2c1,1.33,2.1793452380952383,0.8493452380952382
584,test,CN(C1CCN(CCC(c2ccccc2)c3ccccc3)CC1)C(=O)Cc4ccc(NC(=O)C)cc4,2.9,2.1793452380952383,-0.7206547619047616
4020,test,CC(C)c1ccc(Sc2cnc(O)c(c2)C(=O)NCc3ccccc3)cc1,3.7,2.1793452380952383,-1.520654761904762
3448,test,COc1cc2ncnc(NCc3ccccc3)c2cc1OC,3.29,2.1793452380952383,-1.1106547619047618
20,test,CC(C)(CCCCCOCCc1ccccc1)NCCc2ccc(O)c3nc(O)sc23,2.92,2.1793452380952383,-0.7406547619047616
1868,test,Cc1ccc(cc1)S(=O)(=O)Nc2c(C(=O)NC3CCCCC3)c(C)nn2c4ccccc4,1.68,2.1793452380952383,0.49934523809523834
1678,test,Cc1ccc2c(c1)c(Sc3cccc(Cl)c3)c(C)n2CC(=O)O,1.85,2.1793452380952383,0.3293452380952382
