row,partition,smiles,actual,predicted,residual
2030,train,CN[C@@H](C)C(=O)N[C@H](C(=O)N[C@H]1CCCN(C1)S(=O)(=O)c2ccccc2)C(C)(C)C,0.9,0.9469901801380576,0.04699018013805756
3043,train,CSc1ccc(cc1)C(=O)C(C)(C)N2CCOCC2,3.49,2.8058349615396443,-0.6841650384603559
3552,train,CC(CC(=O)NCc1ccccc1)C2CCCO2,2.1,2.136706014482944,0.03670601448294386
380,train,O[C@@H](CNCCCSCCNCCc1ccccc1Cl)c2ccc(O)c3NC(=O)Sc23,0.99,1.7212642103024942,0.7312642103024942
730,train,NC1=NC(Nc2c(F)ccc(F)c12)c3occc3,1.2,1.2693861893893756,0.06938618938937569
1335,train,CN1CCN(CC1)c2ccc(Nc3ncc(C)c(Nc4cccc(c4)S(=O)(=O)NC(C)(C)C)n3)cc2,2.84,2.742865110499237,-0.09713488950076288
3786,train,COCCCCC(=NOCCN)c1ccc(cc1)C(F)(F)F,1.55,1.5154633881853086,-0.034536611814691476
1827,train,CC[C@H](NC(=O)c1c(CC[S+](C)[O-])c(nc2ccccc12)c3ccccc3)c4ccccc4,3.15,3.4632515391094705,0.31325153910947057
558,train,Cc1ccccc1CN2C=CN3C(=O)C=C(N=C23)N4CCOCC4,2.3,2.659127473001808,0.35912747300180836
2733,train,Fc1cc(ccc1C2=CCOCC2)N3C[C@H](COc4ccon4)OC3=O,2.61,2.394659947384967,-0.21534005261503308
696,train,CN1C(=O)N(CC2CC2)c3nn(Cc4ccnc5ccc(Cl)cc45)c(c6cc(oc6C)C#N)c3C1=O,4.26,4.351222416393593,0.09122241639359352
649,train,Nc1c(NC2CCOC2)nc(nc1N3CCOCC3)C#N,1.6,1.724564053147212,0.12456405314721186
1059,train,ONC(=O)c1ccc(NS(=O)(=O)c2ccccc2)cc1,0.75,1.0280498877987199,0.27804988779871986
2266,train,Cc1ccccc1C(=O)N2CCN(CC2)c3ccccn3,2.18,2.3385839861151667,0.15858398611516655
3410,train,COc1ccc(COc2ccc(Cc3cnc(N)nc3N)cc2OC)cc1,2.27,1.9836908070681376,-0.2863091929318624
1046,train,CC(=O)NC[C@H]1CN(C(=O)O1)c2ccc(c(F)c2)n3ccc(c3)C#N,1.6,1.6039400011666618,0.003940001166661711
1057,train,Clc1ccc(c(Cl)c1)c2nnc3cccc(Cl)n23,2.88,3.0746288210467494,0.1946288210467495
4075,train,CCOc1ccc(cc1)c2cnc3CCCCCn23,3.01,2.9921951310250425,-0.017804868974957255
385,train,CN1CCCC(CN2CCN(CC2)C(=O)Nc3ccc(Cl)c(Cl)c3)C1,1.98,2.0750796418065334,0.09507964180653339
4140,train,CC(C)(C)C(=O)N[C@H]1CCCCNC1=O,0.58,0.7531020242291835,0.17310202422918353
3926,train,C[C@H](NC(=O)\C=C\c1ccccc1)c2cccc(c2)N3CCOCC3,3.24,2.826411284147741,-0.4135887158522591
155,train,COC(=O)C1=Nc2c(N[C@H](C)CO)nc(SCc3cccc(F)c3F)nc2NC1=O,2.49,3.0383186505272715,0.5483186505272712
1316,train,Nc1[nH]ncc1S(=O)(=O)c2ccccc2,1.1,0.9424718363306599,-0.1575281636693402
1991,train,CS(=O)(=O)N1CCOc2cc(COc3ccccc3)cnc12,2.4,2.680155975414098,0.2801559754140981
1275,train,NS(=O)(=O)c1cc2c(NC(NS2(=O)=O)C(Cl)Cl)cc1Cl,0.37,0.644682192413365,0.274682192413365
1371,train,COc1ccccc1C2=COc3cc(O)ccc3C2=O,2.55,2.5912797024658514,0.04127970246585155
1315,train,O=C(Nc1ccc(nc1)n2ccnc2)c3ccc(cc3)C#N,2.2,2.1972098239940947,-0.002790176005905476
2028,train,CC(C)C(NC(=O)CN1C(=O)C(=CC=C1c2ccccc2)NS(=O)(=O)NCc3ccccc3)C(=O)C(F)(F)F,2.57,2.7327914324010343,0.16279143240103444
1107,train,CCN(CC)C(C)C(=O)c1ccccc1,1.18,1.449553495831173,0.26955349583117316
3391,train,NC1(CCC1)c2ccc(cc2)c3nc4ccccn4c3c5ccccc5,2.8,2.6776770156830865,-0.12232298431691335
2012,train,CNc1cccc(CCOc2ccc(C[C@H](NC(=O)c3c(C)cc(C)cc3C)C(=O)O)cc2)n1,0.52,0.26405181172438286,-0.25594818827561716
3806,train,CN1CCN(CC1)c2ccc3N=CN(C(=O)c3c2)c4cc(NC(=O)c5cocc5)ccc4C,2.43,2.2679908421328596,-0.16200915786714054
2038,train,CNc1ncc(s1)C(=O)c2ccccc2,2.36,1.9423414323444659,-0.417658567655534
2160,train,OC(=O)c1ccc2c(c1)nc(Nc3cccc(c3)C#C)c4ncncc24,0.92,1.1470789583467276,0.22707895834672753
1067,train,Cc1ccccc1C(=O)NCC23CC4CC(CC(C4)C2)C3,4.28,3.8686094156877453,-0.41139058431225495
767,train,COc1cccc(Nc2nc(NCC3CCCO3)c4ccccc4n2)c1,3.9,3.994674232934731,0.09467423293473098
1952,train,OCCN1CCN(Cc2ccc3c(NC(=O)CC45CC6CC(CC(C6)C4)C5)c(Cl)ccc3n2)CC1,2.93,3.1962256157293423,0.2662256157293421
439,train,CO[C@@H]1CC[C@@]2(CC1)Cc3ccc(cc3C24N=C(C)C(=N4)N)c5cncc(Br)c5,3.4,3.458662803881757,0.05866280388175715
995,train,C[C@@H]1CN(CCN1c2ncc(OCc3ccncc3C#N)cn2)C(=O)OC(C)(C)C,3.33,3.091431976700846,-0.23856802329915405
4109,train,CS(=O)(=O)c1ccc(CC(=O)N(C2CC2)C3CCN(CCC(c4ccccc4)c5ccccc5)CC3)cc1,2.89,2.681578073185238,-0.20842192681476224
3525,train,Oc1nc(nc2ccccc12)c3ccccc3,2.46,2.5252577161829857,0.0652577161829857
684,train,O[C@@H](CNCCCCCCCCCN1CCC(CC1)OC(=O)Nc2ccccc2c3ccccc3)c4ccc(O)c5NC(=O)C=Cc45,2.16,2.2332366015148795,0.07323660151487932
668,train,Clc1cc(Cl)cc(CS(=O)(=O)NCC(N2CCCCCC2)c3ccccc3)c1,3.23,3.248402729186563,0.01840272918656316
2093,train,Cc1ccccc1CCOCCCS(=O)(=O)CCNCCc2ccc(O)c3nc(O)sc23,2.84,2.9489575941952237,0.10895759419522388
1810,train,Cc1sc(CN2CCNCC2)cc1C(=O)NCC34CC5CC(CC(C5)C3)C4,2.55,2.3144582725557425,-0.23554172744425728
3844,train,NC(=O)c1ccc(O[C@H]2C[C@H]3CC[C@@H](C2)N3Cc4ccccc4)nc1,1.25,1.419212900257424,0.16921290025742408
3141,train,COC[C@@H](O)CN1C(=O)C=NN(C1=O)c2ccc(Cl)c(c2)C(=O)NCC3(O)CCCCCC3,1.44,1.4386578417487002,-0.0013421582512997965
3577,train,NC(=N)c1cc2c(\C=C\c3ccc4OCOc4c3)cccc2s1,2.2,1.9591430413142048,-0.24085695868579537
3558,train,Oc1ccc2[nH]c(CN3CCC(Cc4ccc(F)cc4)CC3)nc2c1,3.8,3.811920709967165,0.011920709967164989
3633,train,CN1CCN(CC1)c2nc3ccccc3cc2Cn4nc(c5ccc6nc(N)sc6c5)c7c(N)ncnc47,3.09,3.2798023145241517,0.18980231452415186
3113,train,Cc1sc2ncnc(SCC(=O)N3CCCC3)c2c1C,2.89,2.495238037977073,-0.394761962022927
2732,train,Cc1ccn2c(NC(=O)c3ccccc3)c(nc2c1)c4cccs4,2.87,2.9014884209503733,0.031488420950373186
736,train,Fc1ccc(cc1)C(=O)C2CCN(CCN3C(=O)Nc4ccccc4C3=O)CC2,2.9,2.9879162367100767,0.08791623671007676
671,train,COc1ccnc(C[S+]([O-])c2nc3cc(OC(F)F)ccc3[nH]2)c1OC,2.0,1.9113607492733022,-0.08863925072669776
33,train,CS(=O)(=O)c1ccccc1C(=O)NC[C@@H](O)CN2CCC(CC2)Oc3ccc(Cl)c(Cl)c3,2.34,2.534910764856222,0.19491076485622205
2134,train,Oc1ccccc1OCC(=O)NC2CCCC2,2.31,2.4774831221778957,0.16748312217789563
3286,train,CC1=CC2=NNC(=O)N2c3cc(ccc13)c4cn[nH]c4,2.13,2.487973226129425,0.3579732261294253
4139,train,CC(=O)N[C@@H]1CC2(CCN(Cc3ccc4[nH]c5ccccc5c4c3)CC2)c6ccccc16,2.96,2.9123629119937475,-0.04763708800625244
3362,train,O=C1OC(=Cc2ccccc12)c3ccccc3,3.84,3.4596173692863736,-0.3803826307136262
3366,train,COc1cc2ncnc(Nc3ccc(F)c(Cl)c3)c2cc1OCCCN(C)C,2.9,2.927486467415493,0.0274864674154931
1998,train,NC(=O)CN1C(=O)C(Cc2ccccc12)NC(=O)c3cc4cc(Cl)sc4[nH]3,3.22,2.92208722157278,-0.2979127784272202
3020,train,COc1cc(C)c(c(C)c1)S(=O)(=O)N(C)CCOCC(=O)N2CCC(CC2)C3CCN(C)CC3,0.3,0.19814124878800388,-0.10185875121199611
1208,train,Clc1cccc2c3CN(CCc3[nH]c12)C(=O)[C@@H]4CCCC[C@H]4C(=O)NC5(CC5)C#N,3.59,3.5087209690952386,-0.0812790309047613
1147,train,CN1CCC[C@@H]1CCO[C@](C)(c2ccccc2)c3ccc(Cl)cc3,3.48,3.272044251786321,-0.20795574821367913
3203,train,O=C1CC2(CCCC2)CC(=O)N1CCCCN3CCN(CC3)c4ncccn4,2.19,2.0736659706492966,-0.11633402935070336
2867,train,CCOc1ccc2C=CC(=O)Oc2c1,2.2,2.4788988494174484,0.27889884941744825
4024,train,Cc1ccc(cc1)c2nnc(N3CCN(CC3)C(=O)c4occc4)c5ccccc25,3.78,3.819986953648459,0.03998695364845917
591,train,CCC(CCNC)Oc1cc(Cl)ccc1C#N,0.38,0.6423268790957513,0.26232687909575125
803,train,O=C(N[C@H]1CN2CCC1CC2)c3ccc(s3)c4ccccn4,0.7,0.7559921853995732,0.05599218539957329
148,train,O[C@@H](CNCCc1ccccc1CNCCc2ccccc2F)c3ccc(O)c4NC(=O)Sc34,1.58,1.227592869809419,-0.3524071301905811
3068,train,Nc1cccc(CCc2ccc3cc[nH]c3c2)n1,2.8,2.5422085604145157,-0.2577914395854841
3994,train,NC(=O)N1c2ccccc2C=Cc3ccccc13,1.65,1.2182605804543178,-0.43173941954568207
3510,train,Oc1cc(nc2ncnn12)c3ccccc3,-0.21,0.42162144858147155,0.6316214485814715
948,train,Nc1ncc([nH]1)c2ccc(F)cc2,1.39,1.2829459792288018,-0.10705402077119808
3484,train,COC(=O)CCCCCCC(=O)Nc1ccc2c(c1)C(=O)C(=O)c3ccccc23,2.9,3.1662292010440534,0.26622920104405345
1941,train,Cc1[nH]c(C(=O)NC2CCN(CC2)c3nc(cs3)C(=O)O)c(Cl)c1Cl,0.14,0.2797787368910305,0.1397787368910305
1747,train,O[C@]1(CN2CCC1CC2)C#Cc3ccc(Oc4ccc(cc4)C(=O)NCc5ccncn5)cc3,1.78,1.8294693102218529,0.04946931022185286
1089,train,Cc1sc2c(C(=N[C@@H](CC(=O)OC(C)(C)C)c3nnc(C)n23)c4ccc(Cl)cc4)c1C,3.82,3.660975450512537,-0.1590245494874627
3448,train,COc1cc2ncnc(NCc3ccccc3)c2cc1OC,3.29,3.197163304414868,-0.09283669558513186
4076,train,CNc1c(Br)cnc2[nH]c(nc12)c3ccnc(N)c3,2.83,2.569127049189702,-0.26087295081029804
3623,train,Cc1ccc(cc1)S(=O)(=O)Nc2ccc(\C=C\C(=O)Nc3ccccc3N)cc2,2.82,2.6598642566354607,-0.16013574336453917
3680,train,Cc1cc(CN2Cc3cccnc3CC2C(=O)Nc4ccc(Cl)cc4Cl)ccc1OCC(=O)O,1.15,1.6006920410471235,0.45069204104712357
3042,train,c1ccc(cc1)C#Cc2n[nH]c3ccccc23,4.31,3.7105454085690956,-0.599454591430904
1843,train,Nc1nccc(n1)n2ccc3ccccc23,2.71,2.3973095422935535,-0.31269045770644643
935,train,COc1cc2ncc(C(=O)N)c(Nc3ccc(F)cc3F)c2cc1NCCN4CCCCC4,2.52,2.5905521758767986,0.07055217587679863
3954,train,COc1ccccc1Oc2c(NS(=O)(=O)c3ccc(cc3)C(C)(C)C)nc(nc2OCCO)c4ncccn4,1.03,0.9892880454632,-0.04071195453679999
3182,train,CC(O)c1ccc2OCC(=O)N(CCN3CCC(CC3)NCc4ccc5OCC(=O)Nc5n4)c2c1,0.25,0.4064983207941173,0.1564983207941173
3615,train,CCCCC1(CC)C(=O)NC(=O)NC1=O,1.5,1.1529680366756094,-0.34703196332439057
1084,train,C[C@H](NC(=O)Cc1cc(F)cc(F)c1)C(=O)NC2C(=O)N(C)c3ccccc3c4ccccc24,3.6,3.451765663294146,-0.14823433670585429
1822,train,Cc1cc2NC(=O)C(=CC(=O)c2cc1C)O,1.99,1.6498873588463758,-0.34011264115362416
4005,train,OCCNC(=O)CN1C(=O)C(Cc2ccccc12)NC(=O)c3cc4cc(Cl)sc4[nH]3,3.05,3.332192374011512,0.2821923740115122
1574,train,CC(=O)Nc1ccc(O)cc1OC[C@@H](O)CN2CCC3(CC2)Cc4cc(Cl)ccc4O3,2.76,2.5941975570904834,-0.1658024429095164
4173,train,COc1cc2ncnc(Oc3cnn(CC(=O)Nc4ccc(cn4)N(C)C)c3)c2cc1OC,2.36,2.358573993749531,-0.0014260062504689586
2358,train,Oc1ccc(cc1)c2ccc(cc2)C3(O)CN4CCC3CC4,0.95,1.3664517374279264,0.4164517374279264
2952,train,Oc1ccc(cc1)N2C(=O)c3ccccc3C2=O,2.0,1.935928361905849,-0.06407163809415106
1283,train,COc1ccc(cc1)S(=O)(=O)Nc2ccccn2,0.87,1.1135228305816818,0.24352283058168178
4019,train,CC(C)CCOc1ccc(N)cc1,2.67,1.990674454401557,-0.6793255455984428
276,train,NC(=O)c1ccccc1OCc2ccccc2,2.5,1.9995499221009132,-0.5004500778990868
2816,train,Clc1ccc(OC2CCN(CC2)C3CCN(CC3)C(=O)c4ccc(cc4)c5nn[nH]n5)cc1Cl,1.53,1.5863383494838903,0.05633834948389027
1733,train,CC(C)(C)OC(=O)N1CCN(CC1)c2ccc(OCc3ccc(cc3)S(=O)(=O)C)cn2,3.2,3.364833787902983,0.16483378790298264
3201,train,OC1(CCc2ccc(Oc3ccc(cc3)C(=O)NCc4ccncn4)cc2)CN5CCC1CC5,0.76,0.9573884641832433,0.1973884641832433
3648,train,C[C@H](CO)Nc1nc(SCc2cccc(F)c2F)nc3nc(NS(=O)(=O)C)sc13,0.92,1.4910311566774164,0.5710311566774163
2803,train,[O-][N+](=O)c1ccc2NC(=O)CN=C(c3ccccc3Cl)c2c1,3.72,3.2820607706380693,-0.43793922936193086
3470,train,Cc1cccc(NC(=O)NCC(N2CCOCC2)c3cccnc3)c1,2.0,2.183052583871349,0.18305258387134904
3970,train,OC(=O)C1CCn2c1ccc2C(=O)c3ccccc3,-0.93,-0.33679686245211027,0.5932031375478898
3375,train,OC(=O)c1ccc2[nH]c(nc2c1)C(F)(F)F,-1.08,-0.5640394685636156,0.5159605314363844
2957,train,CN1CCC(CC1)n2cc(cn2)c3cnc(N)c(c3)c4oc5cc(F)ccc5n4,3.35,3.3095163188182553,-0.040483681181744835
3390,train,CN1CCN(CC1)c2ccc3N=CN(C(=O)c3c2)c4cc(ccc4C)C(=O)NC5CCC5,2.25,2.056071927526815,-0.1939280724731849
3764,train,N#Cc1cccc(c1)c2onc(n2)c3ccccn3,2.2,2.539969725825895,0.3399697258258949
3988,train,OCC1=CC2=NNC(=O)N2c3cc(ccc13)c4ccc[nH]4,2.19,2.224099864592374,0.03409986459237402
2577,train,Cc1oncc1C(=O)Nc2ccc(cc2)C(F)(F)F,3.9,3.9827385692634607,0.08273856926346079
1189,train,CN(C)c1nc(Cc2ccc(NC(=O)c3ccc(cc3)C(F)(F)F)cc2)nc(N(C)C)c1CC(=O)O,1.46,1.3260315684767656,-0.13396843152323434
1027,train,CN[C@@H](C)C(=O)N[C@H](C(=O)N[C@H]1CCCN(CCc2ccc(OC)cc2)C1)C(C)(C)C,1.45,1.4869524229082667,0.036952422908266724
2371,train,CN(C1CCN(Cc2ccc(cc2)C(F)(F)F)CC1)C(=O)Cc3ccc(cc3)n4cnnn4,3.0,2.693367500313789,-0.3066324996862111
3107,train,CC(=N)NCc1ccccc1,-0.28,0.9436412164245325,1.2236412164245325
2840,train,CC(C)n1c(C)ncc1c2ccnc(Nc3ccc(cc3)N4CCN(CC4)C(=O)CO)n2,1.69,2.017291325078073,0.3272913250780731
1169,train,CCn1cnc(c2ccccc2)c1c3nc4c(N)ncnc4s3,2.97,3.099521269910191,0.12952126991019064
2261,train,O=C1N(C(=Nc2c1cnn2c3ccccc3)c4occc4)c5ccccc5,3.29,2.7003834745998687,-0.5896165254001313
2595,train,C[C@H](Nc1ncc(F)c(Nc2cc(C)[nH]n2)n1)c3ncc(F)cn3,1.79,1.8586208264842599,0.06862082648425982
1853,train,NC1=CC2=NNC(=O)N2c3cc(ccc13)c4cccs4,3.26,2.8498589883305883,-0.4101410116694115
1905,train,Oc1nc2cc(Cl)c(Cl)c(c2nc1O)[N+](=O)[O-],0.21,0.6169934645301336,0.40699346453013363
976,train,COC[C@H](C)Oc1cc(O[C@@H](C)Cc2ccccc2)cc(c1)C(=O)Nc3ccc(cn3)C(=O)O,1.5,1.1278975217509448,-0.3721024782490552
2794,train,O=C1Nc2ccc(cc2C1=O)S(=O)(=O)N3CCC[C@H]3COc4ccccc4,2.7,2.604047136514132,-0.09595286348586818
1256,train,OC(=O)[C@H](Cc1ccc(F)cc1)N2CCC(CN3CCC(CC3)Oc4ccc(Cl)c(Cl)c4)CC2,2.98,2.7317714497336527,-0.24822855026634727
4130,train,OC12CC3CC(C1)CC(C3)(C2)NCC(=O)N4CCC[C@H]4C#N,-0.48,-0.24460180204367488,0.2353981979563251
476,train,CCCS(=O)(=O)N1CCCC(C1)C(=O)N2CCC(Cc3ccccc3)CC2,3.44,3.1055344537470653,-0.3344655462529347
2954,train,Cn1cc(cc1C=O)C(=O)CCCCOc2ccc(cc2)C(=O)O,0.14,0.5253774556049045,0.38537745560490444
3081,train,Nc1nc2OC(COc3ccccc3)Cc2c(N)c1C#N,2.08,2.1946249091148347,0.11462490911483458
2078,train,CNS(=O)(=O)c1ccc2C(=CNC(=O)c2c1)C(=O)NC[C@@H](O)CN3CCC(CC3)Oc4ccc(Cl)c(Cl)c4,2.77,2.593510306833945,-0.1764896931660549
2727,train,Cc1nsc(C)c1CCC2CCN(CC2)S(=O)(=O)CC3(CCOCC3)N(O)C=O,1.5,1.5061317912160506,0.006131791216050564
4170,train,Oc1cccc2Oc3ccccc3C(=O)c12,3.8,3.6229886633004926,-0.1770113366995072
319,train,CC[C@H](NC(=O)c1c([S+](C)[O-])c(nc2cc(Br)ccc12)c3ccccc3)c4ccccc4,3.18,3.4645721364456525,0.2845721364456524
3570,train,CNS(=O)(=O)NC1=CC=C(N(CC(=O)NC(C(C)C)C(=O)C(F)(F)F)C1=O)c2ccccc2,1.79,1.7603761517449188,-0.029623848255081242
3443,train,CN(C)CC(O)COc1ccc(Nc2nccc(Nc3cc(C)ccc3Cl)n2)cc1,2.6,2.8104751247561937,0.21047512475619357
2123,train,CS(=O)(=O)c1cccc(Nc2nccc(Nc3cccc4CCOc34)n2)c1,3.0,2.9532137262175837,-0.04678627378241629
4190,train,Cc1cccc(Nc2oc(nn2)C(=O)Nc3ccc(nc3)N4CCOCC4)c1,3.42,3.603251911870228,0.18325191187022805
472,train,O=C(NC1CCCC1)C(N(Cc2occc2)C(=O)c3ccc([nH]3)c4ccccc4)c5ccncc5,4.36,4.364489536071618,0.004489536071617728
3682,train,O=C(NC1(CC1)C#N)[C@@H]2CCCC[C@H]2C(=O)N3CCN(CC3)c4nc(cs4)c5ccccc5,3.5,3.0834548153207315,-0.4165451846792685
4046,train,C[C@](O)(CS(=O)(=O)c1ccc(F)cc1)C(=O)Nc2ccc(C#N)c(c2)C(F)(F)F,2.87,2.822404210901681,-0.047595789098318964
2849,train,C1Oc2ccc(Oc3cc(Oc4ccc(cc4)n5ccnc5)ncn3)cc2O1,3.17,3.102145131347291,-0.06785486865270896
4061,train,NNC(=O)c1ccncc1,-0.57,-0.1856823395546825,0.38431766044531745
2325,train,Nc1ccc(N=Nc2ccccc2)c(N)n1,3.22,3.072342290652074,-0.14765770934792632
1518,train,CC(C)n1c(C)ncc1c2ccnc(Nc3ccc(cc3)C(=O)NCCO)n2,2.09,2.375120243433283,0.28512024343328335
4033,train,CCCNC(=O)c1cc2c(c(cnc2[nH]1)c3cncc(c3)C(=O)O)n4ccc(n4)C(F)(F)F,-0.79,-0.4644673005151243,0.32553269948487573
1156,train,CN(CCO)C(=O)c1ccc(cc1)[C@@H](N2CCN(Cc3ccc(F)cc3)CC2)c4cccc(NC(=O)C5CC5)c4,3.38,3.176293413592114,-0.20370658640788575
2322,train,COc1cc2ncnc(Nc3cccc(Cl)c3F)c2cc1CN4CCC[C@H]4C(=O)N,3.58,3.3372754895256977,-0.24272451047430232
2560,train,CSc1nc(C(=O)N)c(N)s1,1.21,1.1261735015168166,-0.08382649848318335
594,train,COCCC(=O)N[C@H](C)c1ccc(Nc2ncc3cc(ccc3n2)c4ccncc4)cc1,3.08,2.971485072760763,-0.10851492723923695
364,train,C[C@@H](CNC(=O)c1c(O)c(O)cc2c(O)c(c(C)cc12)c3c(C)cc4c(C(=O)NC[C@H](C)c5ccccc5)c(O)c(O)cc4c3O)c6ccccc6,3.48,3.3009780947382277,-0.1790219052617723
3732,train,CC(=O)NCc1ccc(CN2CCN(CC2)c3ccc(F)cc3F)cc1,2.5,2.554876791517041,0.054876791517040946
1713,train,OC(=O)CCC(=O)c1ccc(cc1)c2ccccc2,0.58,1.0376371310329933,0.4576371310329933
2087,train,CC(N)(COP(=O)(O)O)C(=O)O,2.5,1.7588833839793985,-0.7411166160206015
2963,train,CC(=O)NC[C@H]1CN(C(=O)O1)c2ccc(c(F)c2)n3ccnc3,0.7,0.7988324401936973,0.0988324401936973
1837,train,CCCc1nc2c(C)cc(cc2n1Cc3ccc(cc3)c4ccccc4C(=O)O)c5nc6ccccc6n5C,2.21,2.274957505830981,0.06495750583098125
553,train,COc1ccc(c(C)n1)c2cccc3c(N)c4C(=O)N(Cc4nc23)C5CCC5,3.92,3.6230447220343587,-0.29695527796564125
1588,train,O=C(Nc1oc(nn1)C(=O)Nc2ccc(cc2)N3CCOCC3)c4ccccc4,1.02,1.5257521011025994,0.5057521011025994
3580,train,c1ccc2c(c1)nnn2c3ccncc3,1.69,1.6505235004676342,-0.03947649953236576
2405,train,CC1CC(NC(=O)C)c2ccccc2N1C(=O)c3ccccc3,2.0,2.045816304755358,0.04581630475535814
2812,train,OC(=O)C(N1CCO[C@@H](CN2CCC(CC2)Oc3ccc(Cl)c(Cl)c3)C1)c4ccccc4,1.71,2.0131655070413865,0.30316550704138656
784,train,C[C@H]1[C@@H]2CN(CCN3CCOCC3)CC[C@H]2Cc4[nH]c5ccc(cc5c14)C(F)(F)F,2.87,2.9692220230964166,0.09922202309641648
831,train,COc1cccc2c(ccnc12)c3c(C)n(CC(=O)O)c4ccc(C)cc34,0.49,0.7097899523361131,0.2197899523361131
1032,train,CC1SC2=C(C(=O)O)C(=O)c3cc(F)c(cc3N12)N4CCNCC4,-1.1,-1.196601716312061,-0.09660171631206094
735,train,C[C@@H](O)[C@@H](CO)Nc1nc(SCc2cccc(F)c2F)nc3nc(N)sc13,2.83,2.898334247122659,0.0683342471226589
4152,train,Nc1ccc(cn1)C(=O)Nc2cccc(c2)c3nc(N4CCOCC4)c5oc6ncccc6c5n3,3.44,3.5142067346260557,0.07420673462605576
3653,train,C[C@H](Nc1nc(Nc2ncc(C)s2)cc(n1)N3CCN(C)CC3)c4ccc(F)cn4,2.9,3.1450794560234616,0.2450794560234617
569,train,CN(c1ccnc(Nc2cc(cc(c2)N3CCN(C)CC3)N4CCOCC4)n1)c5cc(CO)ccc5C,2.61,3.10220511327614,0.49220511327614025
3657,train,CC1=C(Cc2ccccc2)C(=O)n3nc(NCc4cccc(Cl)c4)nc3N1,3.6,3.600805343602614,0.0008053436026140837
3146,train,CS(=O)(=O)c1ccc(c(Cl)c1)c2cc(ccc2OCC(=O)O)C(F)(F)F,-0.52,-0.4358764698892612,0.08412353011073881
1495,train,CC1=CC2=NNC(=O)N2c3cc(ccc13)c4ccc(cc4)C(=O)N5CCOCC5,2.77,2.6260615205244404,-0.1439384794755596
3903,train,Cc1ccc(NC(=O)[C@@H]2CCCN2S(=O)(=O)c3cccc4cccnc34)c(C)c1,3.8,3.6434401565600334,-0.15655984343996643
1692,train,OB1N(C(=Nc2ccccc12)S)c3cccnc3,-0.62,-0.30794593411498505,0.31205406588501494
3647,train,Cc1cccc(Br)c1C(=O)N[C@@H](Cc2ccc(NC(=O)c3c(Cl)cccc3Cl)cc2)C(=O)O,-0.13,-0.098234766982503,0.03176523301749701
1065,train,C[C@@H](Oc1cc(cnc1N)c2cnn(c2)C3CCNCC3)c4c(Cl)ccc(F)c4Cl,2.33,2.093482995152265,-0.2365170048477352
267,train,N#CC[C@H](C1CCCC1)n2cc(cn2)c3ncnc4[nH]ccc34,2.55,2.5081368145526763,-0.04186318544732348
748,train,COc1ccc(cc1)C(=O)C2CCN(CC2)C(=O)c3ccc(F)cc3,2.92,2.8960634873437914,-0.023936512656208553
1334,train,CC(C)CN1C(=O)N(C)C(=O)c2c1sc(Cc3ccccc3C(F)(F)F)c2C(=O)N4C[C@H](O)CO4,3.15,3.062555611336447,-0.08744438866355297
387,train,Cc1ccc(cc1)S(=O)(=O)NC(=O)N2CCC(CC2)N3CCC(CC3)Oc4ccc(Cl)cc4,1.6,1.5687171033903895,-0.03128289660961059
3839,train,CNC(=O)c1ccc(Nc2nccc(n2)c3cnc(C)n3C(C)C)cc1,2.69,2.673141621790764,-0.01685837820923597
72,train,Cn1cncc1c2c3C(=O)N(CC#C)C(=O)N(CC4CC4)c3nn2Cc5ccnc6ccc(Cl)cc56,3.16,3.1786582948436823,0.0186582948436822
1688,train,CC(C)NC(=O)c1c(C)nn(c1NS(=O)(=O)c2ccc(C)cc2)c3ccccc3,0.46,0.780637891149103,0.32063789114910296
2198,train,CC1=CN([C@H]2CCCN(C2)[C@H](CC3CCOCC3)c4ccc(C(=O)O)c(Oc5cccc(Cl)c5)c4)C(=O)NC1=O,-0.25,0.2826845148670323,0.5326845148670323
245,train,O=C(C1CCCCC1)N2CC3N(CCc4ccccc34)C(=O)C2,2.43,2.6398917468193246,0.20989174681932443
1366,train,CCOc1ccc2nc(NC(=O)CC)sc2c1,3.4,3.444304758504301,0.044304758504301045
1613,train,CCN(C1CCN(CCC(C2CCN(CC2)S(=O)(=O)CC)c3ccccc3)CC1)C(=O)Cc4ccc(cc4)S(=O)(=O)C,1.63,1.7218221893536458,0.09182218935364594
3870,train,Clc1ccc(cc1Cl)C2CNCC=CC2,1.86,1.6526340523992777,-0.20736594760072236
3014,train,O[C@H](CNC(=O)c1cnnc2ccccc12)CN3CCC(CC3)Oc4ccc(Cl)c(Cl)c4,3.28,3.117718001446969,-0.1622819985530306
2506,train,CN(C)C(=O)N[C@@H]1CC[C@@H](CCN2CCN(CC2)c3ccc(Cl)c(Cl)c3)CC1,3.15,3.0736616884960197,-0.07633831150398018
1441,train,Clc1ccc(NC(=O)N2CCN(C[C@@H]3CCCN(C3)C4CC4)CC2)cc1Cl,3.57,3.285385657763349,-0.28461434223665094
1171,train,CN(c1ncccc1CNc2nc(Nc3ccc4NC(=O)Cc4c3)ncc2C(F)(F)F)S(=O)(=O)C,2.63,2.742858745501028,0.11285874550102815
511,train,CN1CC=CCC(C1)c2oc3ccccc3c2,2.47,2.9350824518542638,0.46508245185426356
2913,train,CCN(CC)CCNC(=O)c1cc(Cl)c(N)cc1OC,0.34,0.27632489193380216,-0.06367510806619786
3885,train,Brc1ccc(OC(=O)N2CCN3CCC2CC3)cc1,1.58,1.4667168972140368,-0.11328310278596332
3241,train,Nc1ncc(cc1c2oc3ccccc3n2)c4cnn(c4)C5CCN(CC5)C(=O)CO,3.2,2.7957096091581803,-0.40429039084181984
4042,train,CC1=CC2=NNC(=O)N2c3cc(ccc13)c4cccc(CO)c4,3.36,3.322634521744477,-0.037365478255523055
2269,train,COC1CCN(CC1)C(=O)C2CCN(CCc3c([nH]c4sc(cc34)C(C)(C)C(=O)N5C6CCC5CC6)c7cc(C)cc(C)c7)CC2,4.09,4.022045421355747,-0.0679545786442528
2797,train,CC(C)c1ccc(NC(=O)NCCCSC[C@H]2O[C@H]([C@H](O)[C@@H]2O)n3cnc4c(N)ncnc34)cc1,2.5,2.3990274449148328,-0.10097255508516723
1901,train,Nc1nc(cs1)c2ccc(Cl)cc2,3.31,2.949100368474427,-0.36089963152557303
3381,train,COc1cccc(Nc2c(cnc3c(C)cc(cc23)S(=O)(=O)c4cccc(c4)C(=O)N(C)C)C(=O)N)c1,2.69,2.783734837310934,0.0937348373109339
2902,train,Oc1ccc(CCNCCNS(=O)(=O)CCOCCCc2ccccc2)c3sc(O)nc13,2.22,2.0499715420747555,-0.17002845792524468
1436,train,CCC(N1NC(=O)c2nc3cc(Cl)ccc3c(O)c2C1=O)c4cccnc4,0.7,0.8344675426771415,0.13446754267714156
2931,train,CCOC(=O)c1c(C)n(Cc2occc2)c3ccc(O)cc13,3.5,3.3423244924967896,-0.15767550750321035
866,train,COc1ccc2N=CC(=O)N(CCN3CC[C@H](NCc4cc5OCCOc5cn4)[C@H](O)C3)c2c1,0.77,0.8144148359315555,0.044414835931555485
1633,train,Cc1ccc(c(C)c1)c2nnc(O)c3ccccc23,3.41,2.9894618391609336,-0.4205381608390666
2488,train,CCC(Oc1ccc(cc1c2ccc(cc2C)S(=O)(=O)CC)C(F)(F)F)C(=O)O,0.31,0.39409327973356456,0.08409327973356456
4074,train,Clc1cccc(C(=O)NCC23CC4CC(CC(C4)C2)C3)c1Cl,4.37,3.9447632278735494,-0.4252367721264507
4091,train,Fc1cccc(Nc2oc(nn2)C(=O)Nc3ccc(nc3)N4CCOCC4)c1,3.2,2.961130679309339,-0.23886932069066136
1582,train,O=S(=O)(NCC(N1CCCCCC1)c2ccccc2)c3cccnc3,2.1,2.3678379064935053,0.26783790649350525
2210,train,Cn1cncc1c2c3C(=O)N(C4CC4)C(=O)N(CC5CC5)c3nn2Cc6ccnc7ccc(Cl)cc67,3.53,3.421917003957603,-0.10808299604239702
1448,train,COC(=O)CCCCCCC(=O)Nc1ccc2C(=O)C(=O)c3ccccc3c2c1,2.6,2.8076386707710874,0.20763867077108733
1509,train,CCC1(C)CC(=O)NC1=O,0.23,0.6025017847515279,0.37250178475152795
2763,train,Cc1cc(C)n(n1)c2cccc(Cl)c2C#N,3.0,3.0020884258383744,0.0020884258383744303
2061,train,Clc1cccc(c1)S(=O)(=O)NC(=O)N2CCC(CC2)N3CCC(CC3)Oc4ccc(Cl)c(Cl)c4,2.62,2.3716626223117343,-0.2483373776882658
3089,train,CCCCN(CCNCCc1ccc(O)c2NC(=O)Sc12)C(=O)CCOCCc3ccccc3,3.0,2.903426687335542,-0.09657331266445812
2247,train,COc1cc2c(Nc3ccc(Cl)cc3F)ncnc2cc1OC[C@@H]4CCCN(C)C4,2.9,2.603761603231546,-0.29623839676845387
457,train,NC(=O)Nc1sc(cc1C(=O)N)c2ccc(CNC3CCCC3)cc2,1.22,1.5240955898101463,0.3040955898101463
2323,train,CC(C)NNC(=O)c1ccncc1,0.33,0.8046471096333478,0.47464710963334783
3605,train,Cc1c(N)cccc1CN2C=CC(=CC2=O)OCCc3cccs3,2.78,2.697492018379859,-0.08250798162014084
3122,train,CC(C)C(NC(=O)CN1C(=O)C(=CC=C1c2ccccc2)NC(=O)C)C(=O)C(F)(F)F,1.78,1.631565822286844,-0.14843417771315592
15,train,Nc1ccc(cc1)c2nc3ccc(O)cc3s2,3.2,3.1478313608398656,-0.05216863916013459
94,train,CCN1CCN(CC1)c2ccc(Nc3cc(ncn3)N(C)C(=O)Nc4c(Cl)c(OC)cc(OC)c4Cl)cc2,3.7,3.6196473704221006,-0.08035262957789957
2983,train,CC1=C(C(=O)N(C[C@H](N)c2ccccc2)C(=O)N1Cc3c(F)cccc3F)c4ccccc4F,2.76,2.6433579986880806,-0.11664200131191915
3685,train,CC(C)n1c(C)ncc1c2nc(Nc3ccc(C(=O)N)c(F)c3)ncc2F,3.14,2.9094100380941077,-0.23058996190589243
463,train,Fc1cc(F)cc(c1)c2cc(on2)N(CCCN3CCCCCC3)Cc4ccc5OCOc5c4,3.84,3.6591834756564046,-0.1808165243435953
1479,train,CCn1cc(NC(=O)Cc2ccc(Oc3ccnc4cc(OC)c(OC)cc34)cc2OC)cn1,3.42,3.5366381016649697,0.1166381016649698
1503,train,CC(C)C[C@H](CO)Nc1nc(SCc2ccncc2)nc3nc(N)sc13,2.9,2.9320931659880984,0.032093165988098526
84,train,Oc1cc(nc2ccnn12)c3ccccc3,1.3,1.711946129559418,0.411946129559418
2531,train,O=C(CC1CCCCCC1)Nc2cccc3C(=O)N(C=Cc23)[C@H]4CCNC4,1.15,1.3776209065674707,0.2276209065674708
3681,train,C1CN2CCC1C(C2)c3oc(nn3)c4oc(cc4)c5cccnc5,1.2,1.0613923321276906,-0.13860766787230938
3867,train,Cc1ccc2cc(C)c3nnc(SCC(=O)N4CCN(CC4)C(=O)c5occc5)n3c2c1,2.3,2.682801219677052,0.3828012196770523
2943,train,Brc1ccc(s1)S(=O)(=O)NCC(N2CCCCCC2)c3ccccc3,3.52,3.6498804835148464,0.12988048351484638
2237,train,COc1cc(cc(OC)c1OC)C(=O)N2CC[C@@](CCN3CCC(CC3)(C(=O)N)c4ccccc4)(C2)c5ccc(Cl)c(Cl)c5,3.23,3.0999368366984053,-0.13006316330159473
3734,train,Clc1ccc(cc1C(=O)NCC23CC4CC(CC(C4)C2)C3)N5CCNCC5,1.77,1.6708745212478116,-0.09912547875218847
3675,train,CCOC(=O)c1cnc2c(N)cccc2c1O,0.9,1.1094809563179227,0.20948095631792263
189,train,Cc1ccccc1c2c(C(=O)O)n(CCCOc3cccc4ccccc34)c5ccccc25,3.89,3.7442522486884,-0.14574775131160012
1109,train,Oc1cc(nc2ccccc12)c3ccccc3,2.54,2.532425466001996,-0.007574533998004007
2244,train,OC1=C(C(=O)Nc2cc(Cl)ccc12)c3cccc(Oc4ccccc4)c3,2.96,2.909977997942938,-0.050022002057061865
611,train,CS(=O)(=O)c1ccccc1C(=O)NCC(O)CNC2CCN(Cc3ccc(Cl)c(Cl)c3)CC2,1.21,1.2334274983271611,0.023427498327161178
967,train,CCN(CC)C(=O)c1ccc(cc1)C(=C2CCN(Cc3ccc(F)cc3)CC2)c4cccnc4,3.65,3.4348671801226516,-0.21513281987734834
2008,train,CCCSc1nc(ccc1C(=O)NC2CCCCC2)N3CCCCC3C(=O)O,1.36,1.4147059522954193,0.05470595229541919
2823,train,CCOC(=O)\C=C\[C@H](C[C@@H]1CCNC1=O)NC(=O)[C@H](CC#C)N2C=CC=C(NC(=O)c3cc(C)on3)C2=O,1.75,1.696613781470698,-0.05338621852930192
2927,train,CNC(=O)c1ccc(Nc2nccc(n2)c3cnc(C)n3C(C)C)cc1F,2.95,3.115047477487654,0.1650474774876538
1813,train,COc1cc2ncnc(Nc3cc(NC(=O)c4ccnc(c4)N5CCOCC5)ccc3C)c2cc1OCCN6CCCCC6,3.35,3.2673943229433577,-0.08260567705664235
471,train,NC(=O)c1cnc(N[C@H]2CCCNC2)c3cc(sc13)c4ccc(F)c(Cl)c4,2.94,2.8077820125480333,-0.13221798745196667
298,train,C[C@@](O)(C(=O)Nc1ccc(cc1Cl)S(=O)(=O)NCC=C)C(F)(F)F,3.07,3.1825756353883263,0.11257563538832649
2058,train,NC(=N)Nc1ccc(cc1)C(=O)Oc2ccc(cc2)[N+](=O)[O-],0.5,0.6756251204552148,0.17562512045521483
61,train,Cc1ccccc1NC(=O)CCS(=O)(=O)c2ccc(Br)s2,2.7,2.4849931052168928,-0.21500689478310742
2273,train,CCN(CC)C(=O)c1ccc(cc1)[C@@H](N2CCN(CCOC)CC2)c3cccc(NC(=O)C4CC4)c3,2.35,2.5185235493725595,0.16852354937255942
1471,train,CCCSc1nc(N[C@@H]2C[C@H]2c3ccccc3)c4nnn([C@@H]5C[C@@H]([C@@H](O)[C@H]5O)C(=O)N)c4n1,2.05,2.3089818578001844,0.25898185780018457
1493,train,CCCN(CCC)C(=O)c1cccc(c1)C(=O)N[C@@H](Cc2ccccc2)[C@H](O)CNC3Cc4ccccc4C3,3.3,3.022668370496187,-0.27733162950381285
1497,train,CS(=O)(=O)NC(=O)CCCc1c([nH]c2ccc(cc12)C#N)c3ccc(F)cc3,1.5,1.6631130510583638,0.16311305105836382
4193,train,Oc1cccc(NC(=O)c2ccc(OCCCN3CCCC3)cc2OCc4ccccn4)c1,1.78,1.9158726463828222,0.13587264638282215
2652,train,C[C@H](Nc1nc(Nc2cc(C)[nH]n2)c(F)cc1C#N)c3ccc(F)cn3,3.11,2.748006543635304,-0.3619934563646958
43,train,CCS(=O)(=O)c1ccc(c(C)c1)c2cc(ccc2O[C@H](C)C(=O)O)C(F)(F)F,-0.4,0.12929240258676833,0.5292924025867684
2034,train,Cc1ccc2c(c1)c([S+]([O-])c3ccc(Cl)cc3)c(C)n2CC(=O)O,0.05,0.1466233065531295,0.09662330655312949
823,train,CNC(=O)C[C@H](Nc1ncc(Cl)c(Nc2cc([nH]n2)C3CC3)n1)c4ccc(F)cc4,2.23,2.7146103825735928,0.4846103825735928
283,train,CN1CCN2C(C1)c3ccccc3Cc4cccnc24,2.82,2.4529452456906764,-0.36705475430932344
3595,train,COc1ccccc1OCCNCC(O)COc2cccc3[nH]c4ccccc4c23,3.27,2.736598455681632,-0.5334015443183682
3452,train,Cn1cnc2cc(OC(=O)c3ccccc3)cnc12,2.4,2.3656252756833456,-0.03437472431665434
4195,train,OCCc1ccc(NC(=O)c2cc3cc(Cl)ccc3[nH]2)cc1,3.85,3.637475026267306,-0.2125249737326942
1868,train,Cc1ccc(cc1)S(=O)(=O)Nc2c(C(=O)NC3CCCCC3)c(C)nn2c4ccccc4,1.68,1.5486152849384172,-0.13138471506158278
1004,train,OC(c1ccc(cc1)N(CC(F)(F)F)S(=O)(=O)c2ccccc2)(C(F)(F)F)C(F)(F)F,4.5,4.193411783698679,-0.3065882163013214
12,train,O=C1CCCCCN1,-0.08,0.27350782896767156,0.3535078289676716
1824,train,CC(C)(c1cc(nc(n1)c2cccc3[nH]ccc23)N4CCOCC4)S(=O)(=O)C,2.65,2.734294002801634,0.0842940028016339
835,train,CC(=O)N1CCN(CC1)c2ccc(Nc3nccc(n3)c4cnc5ccccn45)cc2,2.82,2.8590612634088037,0.03906126340880389
838,train,CCc1c(C)[nH]c2CCC(CN3CCOCC3)C(=O)c12,1.54,1.5675992130023877,0.027599213002387657
1404,train,Cc1cc(CN2Cc3ccccc3C2C(=O)Nc4ccc(Cl)cc4)ccc1OCC(=O)O,1.38,1.5073458625607647,0.12734586256076486
1720,train,CN[C@@H](C)C(=O)N[C@@H](C1CCCCC1)C(=O)N[C@H]2CCCN(CCCc3ccccc3)C2,2.6,2.3867670912639354,-0.2132329087360647
1340,train,NS(=O)(=O)c1cc(Cl)c(Cl)c(c1)S(=O)(=O)N,0.92,1.2075595324928434,0.2875595324928434
3626,train,CN(C\C=C\C#CC(C)(C)C)Cc1cccc2ccccc12,2.83,3.0409601972016844,0.21096019720168435
852,train,Cc1nc(C)c(nc1C(=O)N)c2ccc(cc2)C34CCC(CC3)(CC4)C(=O)O,1.3,1.47198490084573,0.17198490084572993
527,train,Nc1ccccc1NC(=O)c2ccc(cc2)C3CCN(CCC(=O)Nc4ccccc4F)CC3,2.76,2.7292935206809092,-0.03070647931909054
891,train,CNC(=O)c1cnn(c1NS(=O)(=O)c2ccc(C)cc2)c3ccccc3,-0.54,0.02344147244827477,0.5634414724482748
4172,train,COc1cc2c(Nc3c(Cl)ccc4OCOc34)ncnc2cc1OCCCN5CCCCC5,2.05,2.29757075835106,0.24757075835106024
554,train,OC(=O)c1ccc(cc1)c2ccc(Cl)c(c2)C(=O)NCC34CC5CC(CC(C5)C3)C4,2.48,2.2756966116353303,-0.20430338836466966
2737,train,CC(=O)Nc1ccc(O)cc1,0.25,1.0782410933432167,0.8282410933432167
3826,train,C[C@H]1CN(Cc2cc(Cl)ccc2CC(=O)O)CCN1C(=O)Cc3ccc(Cl)cc3,1.66,1.3875228725106727,-0.2724771274893272
3497,train,Cc1oc(cc1C(=O)O)c2ccc(Cl)cc2,1.67,1.4859354389415826,-0.1840645610584173
1715,train,COc1cc(Nc2c(cnc3cc(OCCCN4CCN(C)CC4)c(OC)cc23)C#N)c(Cl)cc1Cl,3.5,3.1489859564157148,-0.35101404358428523
3426,train,COc1c(N2C[C@@H]3CCCN[C@@H]3C2)c(F)cc4C(=O)C(=CN(C5CC5)c14)C(=O)O,-0.18,-0.4305102936810101,-0.25051029368101013
1961,train,NNC1=Nc2ccccc2NC1=O,0.44,0.5157099844578834,0.0757099844578834
3013,train,COc1cc2nnc(C(=O)N)c(Nc3cc(C)ccc3F)c2cc1N4CCN(C)CC4,2.57,2.616581120437416,0.046581120437416246
2738,train,Cc1cc(NCc2ccccc2)nc3ccccc13,3.69,3.6216045890850577,-0.06839541091494228
822,train,O=C(NC1=CC(=CNC1=O)c2ccncc2)[C@H](Cc3ccccc3)NC4(CC4)c5ccccn5,3.44,2.926802330219607,-0.5131976697803928
2330,train,Cc1ccc(cc1)N2NC(=O)c3cccnc23,2.1,1.8295963233065535,-0.27040367669344656
3370,train,CCOc1cc(CC(=O)N[C@@H](CC(C)C)c2ccccc2N3CCCCC3)ccc1C(=O)O,2.31,2.2373376289123694,-0.07266237108763063
1886,train,Cc1cnc(NS(=O)(=O)c2ccccc2)c(C)n1,-0.03,0.30273419814074964,0.33273419814074967
3409,train,CS(=O)(=O)Cc1cc(nc(n1)c2ccc(NS(=O)(=O)C)cc2)N3CCOCC3,0.85,0.7729727343935628,-0.07702726560643713
3983,train,CN(C)C(=O)c1ccc(cc1)C(=C2CCN(Cc3cscn3)CC2)c4cccc5cccnc45,2.3,2.1287244633429023,-0.1712755366570975
63,train,COc1cccc(c1)c2c[nH]c(n2)c3ccccc3,3.8,3.4726934549213118,-0.32730654507868806
1130,train,C[C@@H](COCCCS(=O)(=O)CCNCCc1ccc(O)c2nc(O)sc12)c3ccccc3,2.32,2.128736662927031,-0.19126333707296883
2650,train,NC1=NC(=CC(=O)N1)CCc2ccccc2,1.4,1.7103120689303113,0.3103120689303114
3018,train,CC(C)(C)OC(=O)N1CCN(CC1)c2ncc(OCc3c(F)cncc3F)cn2,3.7,3.573547172691114,-0.1264528273088863
4103,train,NC1=NC2(CCN(CC2)C(=O)c3ccc(cc3)C#N)Nc4c(F)ccc(F)c14,0.86,0.9057557470094941,0.04575574700949414
613,train,C[C@H](Oc1ccc(Cl)cc1CN2CCN([C@@H](C)C2)C(=O)Cc3ccc(Cl)cc3)C(=O)O,1.66,1.5912601738340522,-0.06873982616594776
3440,train,O=C(Nc1ccccc1)N2CCOCC2,1.0,1.5165838772330105,0.5165838772330105
2685,train,Cc1ccc(CCCOCCS(=O)(=O)CCCNCCc2ccc(O)c3nc(O)sc23)s1,2.41,2.109352375003776,-0.3006476249962242
3157,train,CC(C(=O)Nc1ccc(Cl)cc1)c2ncc(cc2Cl)C(F)(F)F,4.19,4.0437871973285775,-0.1462128026714229
1127,train,Cc1ccc2nc(CCNCCCO)ccc2c1NC(=O)CC34CC5CC(CC(C5)C3)C4,1.18,1.4526069132925716,0.2726069132925717
440,train,O[C@@H](CNCCc1cccc(CN2CCCC2)c1)c3ccc(O)c4NC(=O)Sc34,-0.28,-0.07593186822117248,0.20406813177882754
559,train,CNC(=O)c1c(F)cccc1Nc2nc(Nc3cc4N(CCc4cc3OC)C(=O)CN(C)C)nc5[nH]ccc25,2.61,2.5521698918670923,-0.057830108132907565
3029,train,Cc1ccc(cc1)C(=O)c2cc(O)c(O)c(c2)[N+](=O)[O-],0.74,0.9742767446358787,0.23427674463587866
11,train,C[C@H](Nc1nc(Nc2cc(C)[nH]n2)c(C)nc1C#N)c3ccc(F)cn3,2.61,2.6556204075917123,0.045620407591712375
3743,train,Nc1ccc2ncnc(Nc3ccc(F)c(Cl)c3)c2c1,2.64,2.638994964162385,-0.0010050358376152424
3618,train,COc1ccc(cc1)c2cc(O)nc(N)n2,1.52,1.4802292967424258,-0.03977070325757426
3065,train,Cc1ccc(NC(=O)c2ccnc(c2)N3CCOCC3)cc1NC(=O)c4ccc(OCc5ccccn5)cc4,3.47,3.2956342413124213,-0.17436575868757886
4000,train,NC1(CCN(CC1)c2ncnc3[nH]ccc23)C(=O)NC(CCCN4CCOCC4)c5ccc(Cl)cc5,2.7,2.5314762739348082,-0.16852372606519195
1356,train,C[C@H]1O[C@H]([C@H](O)[C@@H]1O)n2cnc3c(N)nc(OC(C4CC4)C(F)(F)F)nc23,1.83,1.952002581712425,0.12200258171242484
3419,train,O=C(N[C@@H]1CN2CCC1CC2)c3ccc(s3)c4ccccc4,1.77,1.8839196695874287,0.11391966958742872
1155,train,NC(=N)Nc1nc(CSCCC(=N)NS(=O)(=O)N)cs1,-0.6,-0.5144261551788434,0.0855738448211566
2940,train,Oc1cccc(NC(=O)c2ccc(OCCCN3CCCC3)cc2OCc4cccnc4)c1,1.59,1.7564330727570572,0.1664330727570571
2252,train,NC(=O)c1cnc(N[C@H]2CCCNC2)c3cc(sc13)c4ccc(F)cc4F,1.97,1.8844074005718925,-0.08559259942810749
3808,train,COc1ccc(CNC(=O)c2ccc(Oc3ccc(cc3)C#C[C@]4(O)CN5CCC4CC5)cc2)nc1,3.1,3.0690996228446563,-0.030900377155343772
3420,train,Cc1c(c2ccc(O)cc2)n(C)c3ccc(O)cc13,3.8,3.4084581964216696,-0.39154180357833024
2583,train,COc1ccc(cc1)c2nc3c(NCCCNC(=O)c4ccccc4)c(Br)cnc3[nH]2,0.25,1.54861096954356,1.29861096954356
1584,train,O=S(=O)(Nc1cccnc1)c2ccccc2,0.84,0.8535982647404821,0.013598264740482091
1008,train,O=C(Nc1ccc(Nc2ccc(NC(=O)c3ccccc3)c4C(=O)c5ccccc5C(=O)c24)c6C(=O)c7ccccc7C(=O)c16)c8ccccc8,2.63,2.806235937533741,0.176235937533741
602,train,NC(=N)Nc1cc(Cl)nc(n1)c2ccccc2,2.16,1.7804723582435347,-0.3795276417564655
2438,train,Cc1cccc2c(CCNCc3cccc(CCNC[C@H](O)c4ccc(O)c5NC(=O)Sc45)c3)c[nH]c12,1.13,0.9656692601120067,-0.16433073988799318
841,train,CC(C)OC(=O)C1=CN(Cc2c(F)cccc2F)c3sc(c(CN(C)Cc4ccccc4)c3C1=O)c5ccc(NC(=O)C(C)C)cc5,3.5,3.615906050936832,0.11590605093683193
3056,train,COc1cnc(nc1Oc2ccc(F)cc2F)c3ccccn3,3.1,3.014059334479949,-0.08594066552005097
3195,train,Oc1cccc(c1)c2nc3ccc(O)cc3s2,3.7,3.5459778278432488,-0.1540221721567514
152,train,NC(=O)c1ccc(Oc2cccc3cccnc23)c(c1)[N+](=O)[O-],1.7,1.5497498359722623,-0.1502501640277376
131,train,O=C1C=COc2cc(OCc3ccccc3)ccc12,3.33,2.755063191213788,-0.5749368087862119
360,train,Cc1cc(Cl)ccc1OC2CCN(C[C@H](O)CNC(=O)c3c[nH]nc3C(F)(F)F)CC2,3.02,3.1966663191940414,0.1766663191940414
2282,train,CCN(C1CCN(CC[C@H](C2CCN(CC2)S(=O)(=O)C)c3cccc(F)c3)CC1)C(=O)Cc4ccc(cc4)S(=O)(=O)C,1.44,1.6822158099050633,0.2422158099050633
3179,train,NC(=O)c1cccnc1Oc2ccccc2,1.13,1.2824218223973354,0.15242182239733548
4056,train,COc1cc(F)ccc1c2cc(CNC3CCCC3)ccn2,1.71,1.8578072452930605,0.14780724529306055
1203,train,Fc1cccc(c1)C(COCc2cc(cc(c2)C(F)(F)F)C(F)(F)F)N3CCNCC3,3.2,3.1979894136540667,-0.0020105863459334294
1144,train,CC(N1NC(=O)C2=C(C1=O)C(=O)c3ccc(Cl)cc3N2)c4ccsc4,0.9,1.1123718672104508,0.21237186721045076
3311,train,Clc1ccc(OC2CCN(CC2)C3CCN(CC3)S(=O)(=O)NC(=O)c4ccccc4)cc1Cl,2.14,2.0529940395904354,-0.08700596040956476
1529,train,OC(=O)c1ccccc1c2ccc(Cl)c(c2)C(=O)NCC3(O)CCCCCC3,-0.34,0.2130426651611621,0.5530426651611622
3414,train,CNC(=O)c1cccc2c1c(Sc3ccc(Cl)cc3)c(C)n2CC(=O)O,-0.89,-0.13229200979034372,0.7577079902096563
1055,train,COc1cc(ccc1Cn2ccc3ccc(NC(=O)OC4CCCC4)cc23)C(=O)NS(=O)(=O)c5ccccc5,2.2,2.1549162074148085,-0.045083792585191684
1895,train,C[C@H](NC(=O)c1c(C)nn(C2CCN(CC(F)(F)F)CC2)c1NS(=O)(=O)c3ccc(C)cc3)C(C)(C)C,1.08,1.1501565988045053,0.0701565988045052
3557,train,OC(=O)COc1ccc(Cl)cc1C2CCCCC2,0.93,1.1552104732185993,0.22521047321859922
680,train,O=C(NC1(CC1)C#N)[C@@H]2CCCC[C@H]2C(=O)N3CCN(CC3)c4ccccc4,1.99,2.1763088915324396,0.18630889153243957
428,train,Oc1ccc(cc1)C2CNCCc3c(Cl)c(O)c(O)cc23,0.87,0.9305767610794218,0.06057676107942178
3993,train,CN1CCN(CCOc2n[nH]c3ncnc(Nc4ccc(OCc5ccccn5)c(Cl)c4)c23)CC1,2.45,2.7075223805276885,0.2575223805276883
2580,train,COc1ccc(cc1OC)C(=O)Nc2cc(NC(=O)c3cccc(c3)N(C)C)ccc2C,3.12,3.0764745624105205,-0.043525437589479576
2801,train,CC(C)(C)NC[C@H](O)COc1nsnc1N2CCOCC2,-0.22,-0.00852046537395168,0.21147953462604832
2287,train,Clc1ccc(cc1Cl)[C@@H]2CNCC=CC2,1.95,1.6526340523992777,-0.2973659476007222
3760,train,CN(C1CCN(Cc2ccc(cc2)C(F)(F)F)CC1)C(=O)Cc3ccc(cc3)S(=O)(=O)C,2.5,2.5462401368312206,0.046240136831220635
279,train,Cc1ccc(F)cc1S(=O)(=O)N[C@@H]2CCN(Cc3ccc(cc3)c4ccccc4)C2,4.0,3.9456438518415995,-0.05435614815840051
3363,train,CC(C)[C@@H]1N(C)c2ccccc2C[C@@H](CO)NC1=O,2.03,1.713453752574601,-0.31654624742539883
3117,train,Cc1cc(F)ccc1OC2CCN(CC3CCN(CC3)[C@@H](Cc4ccc(F)cc4)C(=O)O)CC2,1.81,1.8302536541501526,0.020253654150152567
2230,train,O=C(Cc1ccccc1)Nc2nccs2,2.5,2.2915663678615883,-0.2084336321384117
3073,train,CN(C)CCOc1ccc(cc1)c2oc3ncnc(NC[C@@H]4CCCO4)c3c2c5ccccc5,3.6,3.6778952698561334,0.07789526985613326
2870,train,CCCS(=O)(=O)c1ccc(Nc2nccc(n2)c3cnc(C)n3C(C)C)cc1,3.37,3.2850641235457525,-0.0849358764542476
3964,train,CN1[C@@H]2CC[C@H]1C[C@H](C2)OC(=O)C(CO)c3ccccc3,-0.66,-0.18064241060191177,0.47935758939808826
541,train,C[C@]12Cc3cnn(c3C=C1CC[C@@]2(O)CCc4ccc(F)cc4C(=O)N)c5ccc(F)cc5,3.8,3.609291837545636,-0.19070816245436362
3242,train,CCc1cc(OCc2ccc(cc2)c3ccccc3c4nn[nH]n4)c5CCCCc5n1,1.7,1.6886506131910095,-0.011349386808990447
1083,train,CNC(=O)c1cc(sc1NC(=O)N)c2ccccc2,3.19,2.7262937819960795,-0.4637062180039204
2186,train,Fc1ccc(cc1)C(=O)N2CCC(CC2)C(=O)c3ccc(Cl)cc3,3.49,3.637993415593785,0.14799341559378476
571,train,Oc1c(I)cc(I)c2cccnc12,2.19,2.045961767047472,-0.14403823295252804
3088,train,COc1cnc(nc1NC(C)C)c2ccccn2,2.01,1.819874466101948,-0.19012553389805187
1284,train,Cc1ccc(cc1)c2csc3ncnc(O)c23,2.59,2.5138948284626372,-0.07610517153736263
198,train,OC(=O)COc1ccc(Cl)cc1CN2CCCN(CC2)S(=O)(=O)Cc3ccccc3,1.01,0.6703772653116942,-0.33962273468830584
856,train,CCOC(=O)[C@H](Cc1ccc(cc1)[N+](=O)[O-])NC(=O)c2ccccc2,2.79,2.7833745344115135,-0.006625465588486534
2120,train,Cc1ccc(COC(=O)N2CC[C@H](CNc3ncccn3)[C@H](F)C2)cc1,3.21,3.1924798168029422,-0.017520183197057726
853,train,Cc1sc2ncnc(SCC(=O)N3CCN(CC3)C(=O)c4occc4)c2c1C,2.7,2.7621344402681114,0.06213444026811121
1204,train,COc1cc(F)ccc1c2cncc(CNC(=O)c3ccccn3)c2,3.2,3.1198064342506457,-0.08019356574935443
1455,train,COc1cc(cc(OC)c1OC)C(=O)Nc2cc(NC(=O)c3cccc(c3)N(C)C)ccc2C,2.54,2.743455212743811,0.20345521274381095
2982,train,CC(=O)N1CCN(CC1)c2ccc(NC(=O)c3oc(Nc4ccccc4F)nn3)cc2,2.51,2.7481901359569787,0.2381901359569789
2933,train,CONC(=O)c1cnc(s1)N2CCC(CC2)NC(=O)c3[nH]c(C)c(Cl)c3Cl,3.1,2.4412989642629936,-0.6587010357370064
2647,train,CNCC[C@H](Oc1cccc2ccccc12)c3cccs3,2.09,1.902376233791676,-0.18762376620832377
3691,train,NC(=O)c1cccc(O[C@H]2C[C@H]3CC[C@@H](C2)N3CC4CCCCC4)c1,1.55,1.669165710366911,0.11916571036691104
1848,train,C[C@H](CO)Nc1nc(SCc2cccc(F)c2F)nc3NC(=O)C=Nc13,3.1,2.6826914311129286,-0.41730856888707146
3294,train,CCCN(CCCOCCOCCc1ccccc1)CCc2ccc(O)c3nc(O)sc23,2.74,2.640479186938049,-0.09952081306195115
1227,train,O=C(CC12CC3CC(CC(C3)C1)C2)Nc4ccc5[nH]ncc5c4,4.03,3.5808715431135867,-0.44912845688641356
2482,train,Clc1ccc(cc1)C(=O)Cc2ccccn2,2.96,2.603857332548654,-0.35614266745134593
2180,train,CC1(C)C(=O)Nc2ccccc12,2.3,1.9105950595089938,-0.38940494049100605
3380,train,COc1cc2c(Nc3ccc(F)cc3F)c(cnc2cc1NCCN(C)C)C(=O)N,1.71,1.830568441513795,0.12056844151379509
2196,train,CCCNC[C@H](O)COc1ccccc1C(=O)CCc2ccccc2,1.69,1.7292382436571259,0.039238243657125915
3140,train,Cc1nc(C)c(nc1C(=O)N)c2ccc3c(CC[C@@]34CC[C@H](CC(=O)O)CC4)c2,1.5,1.1114225300026752,-0.3885774699973248
2765,train,NCCCC(=O)OCCN1CCN(CCCN2c3ccccc3Sc4ccc(Cl)cc24)CC1,1.5,1.8959381769424677,0.3959381769424677
882,train,CC(C)NC[C@H](O)COc1cccc2ccccc12,0.99,1.1261132520025,0.1361132520024999
3922,train,c1ccc(nc1)c2n[nH]cc2c3ccnc4ccccc34,2.57,2.317642211641204,-0.25235778835879596
909,train,COC(=O)NC1=CN=C(N(CC(=O)NC(C(C)C)C(=O)C(F)(F)F)C1=O)c2ccc(F)cc2,1.82,1.8137301639441872,-0.006269836055812883
3193,train,CNc1c(Br)cnc2[nH]c(nc12)c3ccc(OCCN4CCCCC4)cc3,2.56,2.9605432927659567,0.4005432927659567
3720,train,CC(C)n1c(C)ncc1c2ccnc(Nc3ccc(C(=O)N(C)C)c(F)c3)n2,2.74,2.6860400456778906,-0.05395995432210965
3076,train,Fc1ccccc1Nc2oc(nn2)C(=O)Nc3ccc(N4CCOCC4)c(F)c3,3.6,3.675165287385171,0.07516528738517092
1865,train,CCOc1cccc(\C=C\2/SC(=O)NC2=O)c1N3CCC[C@@H](N)C3,1.86,1.8552138260402622,-0.004786173959737905
2873,train,CCOc1ccc(CCNCCCSCCNC[C@H](O)c2ccc(O)c3NC(=O)Sc23)cc1,0.41,0.6996191211264187,0.2896191211264187
2215,train,O=C1CCCc2nc(ccc12)C#Cc3ccccc3,3.53,3.2449032591841176,-0.2850967408158822
1611,train,C=CCOc1cc(ccc1NC(=O)CN2CCOCC2)c3cccc4C(=O)C=C(Oc34)N5CCOCC5,3.0,2.99256314871234,-0.00743685128766014
1936,train,CCN1CCN(Cc2ccc(cc2)c3cc4c(N[C@H](C)c5ccccc5)ncnc4[nH]3)CC1,3.97,3.7311097170513188,-0.23889028294868142
3235,train,CC(=O)OCCn1c(Sc2nc3cccc(Cl)c3s2)nc4c(N)ncnc14,3.16,3.009840989023346,-0.15015901097665418
477,train,COC1(CCOCC1)c2ccc(NC(=O)C3=CC(=O)c4cc(F)cc(c4O3)c5c(C)nn(C)c5C)cn2,2.98,3.2465182102563546,0.2665182102563546
3305,train,COc1cc(\C=C/2\SC(=O)NC2=O)cc(OC)c1O,0.74,0.9854131178291328,0.24541311782913278
3920,train,OC(Cn1cncn1)(Cn2cncn2)c3ccc(F)cc3F,0.48,0.8750454115992081,0.39504541159920814
3090,train,CCN(CC)CCNC(=O)c1cc(ccc1OC)S(=O)(=O)C,-0.9,-0.4902965188695303,0.4097034811304697
646,train,CC[C@H](NC(=O)c1c(N)c(nc2ccccc12)c3cccc(F)c3)c4ccccc4,4.05,3.973361241252859,-0.07663875874714066
1930,train,C[C@H](Nc1ncc(Cl)c(Nc2cc([nH]n2)N(C)C)n1)c3ncc(F)cn3,2.33,2.2765016660592234,-0.05349833394077663
3125,train,OC(=O)c1ccccc1C2=C3C=CC(=O)C=C3Oc4cc(O)ccc24,0.0,0.3399405651770111,0.3399405651770111
590,train,Nc1ccccc1NC(=O)c2ccc(cc2)N3CCOCC3,1.2,1.0030735166236968,-0.19692648337630314
4114,train,C[C@@H](NC(=O)[C@H]1CCCNC1)c2ccc(Nc3ncc4cc(ccc4n3)c5ccncc5)cc2,1.69,1.5064666994116702,-0.18353330058832973
667,train,Fc1ccc2[nH]c3CCN(Cc3c2c1)C(=O)[C@@H]4CCCC[C@H]4C(=O)NCC#N,2.77,2.8296862288595013,0.059686228859501256
905,train,CC1(C)CCC(=C(CN2CCN(CC2)c3ccc(cc3)C(=O)NS(=O)(=O)c4ccc(N[C@H](CCN5CCOCC5)CSc6ccccc6)c(c4)S(=O)(=O)C(F)(F)F)C1)c7ccc(Cl)cc7,0.64,0.9628128413909252,0.32281284139092514
1450,train,CC(=O)Nc1cnc2ccn(c3cc(NC4CC4)n5ncc(C#N)c5n3)c2c1,2.69,3.0177567965607555,0.3277567965607555
1420,train,O=C1C=CN=C2C=CC=CN12,0.2,0.8407124731834696,0.6407124731834697
682,train,CCc1csc(n1)N2CCN(CC2)C(=O)[C@@H]3CCCC[C@H]3C(=O)NC4(CC4)C#N,2.1,2.056505248274063,-0.043494751725936975
2157,train,CN(CCCOCCOCCc1ccccc1)CCc2ccc(O)c3nc(O)sc23,2.44,2.5073994318763364,0.06739943187633646
2335,train,Brc1ccccc1NC(=O)Nc2ccc(C#N)c3[nH]nnc23,1.64,1.8225332122751103,0.18253321227511043
3855,train,[O-][N+](=O)c1ccc2c(c1)C(=O)C(=O)c3ccccc23,2.42,2.626488625919313,0.20648862591931305
709,train,Cc1nc2nc(nn2c(O)c1Cc3ccccc3)c4cccnc4,1.52,1.699812996145654,0.17981299614565405
1233,train,OC(=O)c1cccc(c1)c2ccc3c(C(=O)NCC45CC6CC(CC(C6)C4)C5)c(Cl)ccc3n2,2.84,3.0596676102872356,0.2196676102872357
4079,train,OCC(O)COC(=O)c1ccccc1Nc2ccnc3cc(Cl)ccc23,3.5,3.4425860528603316,-0.05741394713966841
2024,train,C\N=C(/S)\n1nc(nc1N)c2ccc(Cl)cc2,4.12,3.436879646086883,-0.6831203539131172
3891,train,CC[C@H](N)C(=O)N[C@@H](Cc1ccc(cc1)c2ccccc2)C#N,2.6,2.7009541944714908,0.10095419447149068
1793,train,O=C(NCC#N)c1ccc(cc1)c2ccnc(Nc3ccc(cc3)N4CCOCC4)n2,2.37,2.3892045750424,0.019204575042399696
1399,train,OC(=O)c1[nH]c2cc(Cl)cc(Cl)c2c1\C=C\C(=O)Nc3ccccc3,1.52,1.73827706881888,0.21827706881887998
2961,train,COc1ccc(cc1OC)C(=O)Nc2cccc(NC(=O)c3ccc(OC)c(OC)c3)n2,3.5,3.362265903900199,-0.13773409609980103
3174,train,CN1CCN(CC1)C2=Nc3ccccc3Oc4ccc(Cl)cc24,3.24,3.230898346982415,-0.009101653017585143
3383,train,O=S(=O)(N1CCOCC1)c2cccc(c2)c3cn4cccnc4n3,1.3,1.641944479698704,0.3419444796987039
2062,train,COc1cc(ccc1Nc2ncc(Cl)c(n2)c3cnc4c(C)cccn34)N5CCN(CC5)C(=O)C,3.2,3.3045806155345563,0.10458061553455611
2454,train,COc1cc2CC(CC3CCN(Cc4ccccc4)CC3)C(=O)c2cc1OC,2.41,2.5995929134899822,0.18959291348998208
4159,train,COc1ccc(cc1N2CC(=O)NS2(=O)=O)c3ccccc3,-1.01,-0.16368054391900166,0.8463194560809983
2406,train,CCN(CCNCCc1ccc(O)c2NC(=O)Sc12)C(=O)CCOCCc3ccccc3,1.92,2.2257252391160853,0.3057252391160854
167,train,C[C@@H](Oc1cccc2ncnc(Nc3ccc4c(cnn4Cc5ccccn5)c3)c12)C(=O)N6CCOCC6,2.82,3.0526683192127164,0.23266831921271658
2493,train,Oc1ccc(Br)c2ccccc12,4.3,3.2514118101739493,-1.0485881898260505
1409,train,CC(=O)NC[C@H]1CN(C(=O)O1)c2ccc(c(F)c2)n3cc(nn3)C#N,0.8,0.8748948560035197,0.07489485600351964
742,train,CN(CCO)Cc1ccc(cc1)c2cc(C(=O)N)c(NC(=O)N)s2,0.97,1.309754414086726,0.33975441408672613
1750,train,Cc1cc(c(S)cc1Cl)S(=O)(=O)Nc2nc(Nc3ccc(Cl)cc3)n[nH]2,2.09,2.121925746571678,0.031925746571678015
399,train,CN(C)CC(O)COc1ccc(Nc2cc(ncn2)N(CC#C)c3cc(Cl)ccc3Cl)cc1,2.8,2.6426572487668265,-0.15734275123317332
1066,train,Cc1onc(C)c1CCC2CCN(CC2)S(=O)(=O)CC3(CCOCC3)N(O)C=O,0.9,1.3352284191465866,0.4352284191465866
3781,train,CSc1ncccc1C(=O)NCC2CCCCC2,2.93,2.794254945407912,-0.1357450545920882
420,train,COc1ccc2nc(N[C@H]3CCC[C@@H](C3)NCc4ccsc4)cc(C)c2c1,2.41,2.1928119116997253,-0.2171880883002748
1491,train,N[C@@H]1CCCN(C1)c2c(\C=C\3/SC(=O)NC3=O)cccc2c4ccncc4,1.56,1.6464899452442123,0.08648994524421227
4051,train,CN(C)C[C@H](O)Cc1ccc(Cl)c(c1)C(=O)NCC23CC4CC(CC(C4)C2)C3,2.19,2.177867081732652,-0.012132918267347748
2456,train,Cc1cnc(Nc2ccc(OCCN3CCCC3)cc2)nc1Nc4cccc(c4)S(=O)(=O)NC(C)(C)C,2.11,2.3569452710762637,0.24694527107626385
1018,train,C[C@@H]1NC(C)(C)CO[C@@]1(O)c2cccc(Cl)c2,1.69,1.984724800975125,0.2947248009751251
2579,train,OCC(=O)N1CCC(CC1)c2n[nH]c(c3ccc(Cl)cc3)c2c4ccncn4,1.85,1.9615777848098073,0.11157778480980718
1999,train,CN(C)CCNC(=O)c1c(C)[nH]c(\C=C\2/C(=O)Nc3ccc(F)cc23)c1C,1.75,1.6636633159691239,-0.08633668403087613
1829,train,Fc1ccccc1Nc2oc(nn2)C(=O)Nc3ccc(cc3)N4CCOCC4,3.05,2.7855786966696074,-0.2644213033303924
1504,train,CCCC1=CC(=O)NC(=S)N1,0.7,0.874774022059202,0.174774022059202
1721,train,COc1cc2c(Nc3c(Cl)ccc4OCOc34)ncnc2cc1OCC5CCN(C)CC5,1.83,2.049967181550931,0.21996718155093076
222,train,OCC[C@@]1(CCCNC1)c2ccc(Cl)c(Cl)c2,0.61,0.5830030835414706,-0.02699691645852942
1940,train,CN(C)c1cccc2c(cccc12)S(=O)(=O)N,1.95,1.329075288854939,-0.6209247111450609
3559,train,Fc1ccc(CC2=NNC(=O)c3ccccc23)cc1C(=O)N4CCCNCC4,0.1,0.1204366868544815,0.020436686854481495
3503,train,O[C@@H](CNCCc1cccc(CNCCc2ccccc2F)c1)c3ccc(O)c4NC(=O)Sc34,1.06,1.1712366924275337,0.11123669242753365
833,train,C1CC1Nc2ccc3nnc(c4ccccc4)n3n2,3.15,3.11927668291501,-0.030723317084989876
2511,train,OC(=O)COc1ccc(Cl)cc1CN2CCCN(CC2)S(=O)(=O)c3ccccc3,1.01,0.8493133581519845,-0.1606866418480155
1927,train,COc1cc2ncc(C(=O)N)c(Nc3ccccc3Cl)c2cc1OC,2.89,3.2934005182746064,0.4034005182746063
2041,train,CNC[C@H](O)c1ccc(Cl)c(c1)C(=O)NCC23CC4CC(CC(C4)C2)C3,1.41,1.7400312544809209,0.33003125448092097
1187,train,COc1cc(ccc1Nc2ncc(Cl)c(n2)c3cnc4ccccn34)N5CCN(CC5)C(=O)N,3.3,3.3882775414705,0.08827754147050015
3263,train,Cc1cccc(n1)c2nn3CCCc3c2c4ccnc5ccc(cc45)C(=O)N,1.71,1.4655854907493149,-0.24441450925068509
4069,train,Fc1ccc(cc1)C(=O)C2CCN(CC2)C(=O)N3CCOCC3,1.61,2.008717015545806,0.39871701554580574
1116,train,OC(=O)c1ccc(cc1)c2nnn(Cc3ccccc3F)n2,0.3,0.7246026762736193,0.4246026762736193
3437,train,O=C1COc2ccccc2N1CCN3CCC(CC3)NCc4cc5OCCOc5cn4,1.04,1.1777879696056692,0.1377879696056692
918,train,CCOC(=O)CN(c1ccccc1C)S(=O)(=O)c2ccc(Cl)cc2,4.03,3.620774301977813,-0.40922569802218733
1568,train,O=C(CN1CCOCC1)Nc2c(cnn2c3ccccc3)C#N,0.5,0.5817445029243156,0.08174450292431557
4194,train,CC1CC(N(C(=O)C)c2ccccc2)c3ccccc3N1S(=O)(=O)c4ccccc4,3.68,3.429464907465336,-0.2505350925346641
1432,train,COc1cc(OC)c(cc1NC(=O)CCC(=O)O)S(=O)(=O)N2c3ccccc3Oc4ccccc24,-0.53,-0.58340494883053,-0.05340494883052993
1791,train,COc1cc(F)ccc1c2cncc(CNC(=O)C3CC3)c2,2.9,2.6845360170142696,-0.21546398298573033
1553,train,NC(=O)c1c(NC(=O)NCCCCN2CCCC2)snc1OCc3c(F)cc(Br)cc3F,2.5,2.2865594651094012,-0.21344053489059878
3713,train,CC(=O)NC[C@H]1CN(C(=O)O1)c2ccc(N3Cc4ccncc4C3)c(F)c2,3.02,2.6961547940700723,-0.3238452059299277
2014,train,CCCc1c(O)c(ccc1OCc2ccc(\C=C\c3nn[nH]n3)cc2)C(=O)C,3.3,2.985954243793241,-0.3140457562067587
2510,train,COc1ncc(C)cc1c2cccc3c(N)c(nnc23)C(=O)NC4CC4,3.4,3.2696452832816947,-0.13035471671830523
25,train,Clc1ccc(N2CCN(CC2)C(=O)CCCc3ccncc3)c(Cl)c1,3.93,4.0101381509422565,0.08013815094225629
3746,train,COc1cc(F)ccc1c2cncc(c2)C3CCCN3,1.1,1.0473860514714186,-0.05261394852858148
3438,train,CNCCC=C1c2ccccc2CCc3ccccc13,1.58,1.4946092454724291,-0.08539075452757094
2980,train,CC[C@H](NC(=O)c1c([S+](C)[O-])c(nc2ccccc12)c3cccc(F)c3)c4ccccc4,3.14,3.463989793827226,0.3239897938272258
3773,train,COc1ccc2N=NC(=O)N(CCN3CCC(CC3)NCc4ccc5OCC(=O)Nc5n4)c2c1,-0.65,-0.3824001629878757,0.2675998370121243
177,train,C[C@@H](NC(=O)C1CCCCN1C)c2ccc(Nc3ncc4cc(ccc4n3)c5ccncc5)cc2,3.34,3.4567456133635233,0.1167456133635234
743,train,COc1ccc(C=C2SC(=O)NC2=O)cc1OC,1.17,1.2654546163410294,0.09545461634102947
3861,train,CNc1c(Br)cnc2[nH]c(nc12)c3ccc(O)cc3,2.47,2.60392621287627,0.1339262128762697
627,train,Nc1c(nnc2c(c(F)ccc12)c3ncccn3)C(=O)NC4CC4,1.59,1.8145120295119979,0.22451202951199778
1523,train,Cc1cc(ccn1)c2ccc(cc2)c3nc4ccncc4c(O)c3C#N,1.6,1.9493502576036383,0.34935025760363825
3714,train,CC1=C(Cc2ccccc2)C(=O)n3nc(NCc4cccc(Br)c4)nc3N1,3.68,3.82114315911264,0.14114315911263997
3536,train,COc1cc(ccc1Nc2ncc(Cl)c(n2)c3cnc4ccccn34)N5CC6COCC(C5)N6,3.0,3.170498863034307,0.17049886303430695
632,train,CC(C)CNCc1ccc(cc1)c2ccccc2S(=O)(=O)N3CCCC3,1.9,2.082144994907012,0.18214499490701197
550,train,Cc1cc(N)c2cc(NC(=O)CCCCC(=O)Nc3ccc4nc(C)cc(N)c4c3)ccc2n1,0.53,1.142290303695971,0.612290303695971
1673,train,COc1ccc2nc(C)cc(OCC(=O)Nc3ccccc3OC)c2c1,3.9,3.823552849834959,-0.07644715016504078
576,train,CCCN(C)c1nc(ccc1C(=O)NC2CCCCC2)N3CCC[C@@H](CC(=O)O)C3,2.28,2.1768898485572774,-0.1031101514427224
2242,train,OC(=O)C1Cc2c([nH]c3ccccc23)C(N1)c4ccccc4,0.78,1.1700857706944452,0.39008577069444517
775,train,CN1C(=O)c2c(onc2c3ccccc3)C=C1c4ccncc4,2.61,2.674177884574478,0.06417788457447804
326,train,CC1N(C(=O)c2ccccc2)c3ccccc3NC1=O,2.11,2.0024585391485528,-0.10754146085144711
1573,train,CCCC(C)(COC(=O)N)COC(=O)NC(C)C,2.01,1.3104524938487636,-0.6995475061512362
3023,train,COc1nccnc1NS(=O)(=O)c2ccc(N)cc2,-0.65,-0.49808043962195203,0.151919560378048
797,train,COc1ccc(NC(=O)c2ccnc(N)n2)cc1,1.72,1.677626782455639,-0.042373217544360964
3963,train,N[C@@H](Cc1ccc(F)cc1)C(=O)O,-1.06,-0.6049971022325251,0.45500289776747493
993,train,N(c1ccccc1)c2ccccc2,3.2,1.9207360574881749,-1.2792639425118253
902,train,NC(Cc1cc(I)c(Oc2ccc(O)c(I)c2)c(I)c1)C(=O)O,0.97,0.7815422925039577,-0.1884577074960423
119,train,OC(=O)Cc1ccc(cc1)N2CCC(CN3CCC(CC3)Oc4ccc(Cl)c(Cl)c4)CC2,1.83,1.5345872425061384,-0.29541275749386164
2150,train,COc1ccc(cc1OC)N2CCN([C@H](C)C2)C(=O)[C@@H]3CCCC[C@H]3C(=O)NC4(CC4)C#N,1.85,1.8311309581132666,-0.01886904188673344
533,train,CC[C@H](NC(=O)c1c([S+](C)[O-])c(nc2cc(F)ccc12)c3ccccc3)c4ccccc4,3.62,3.2755544672448926,-0.3444455327551075
3441,train,CCn1c2ccccc2c3cc(NC(=O)N4CCOCC4)ccc13,3.2,3.2700842690634575,0.07008426906345733
2432,train,Oc1c(NC(=O)Nc2cccc(F)c2Cl)ccc(Cl)c1S(=O)(=O)N3CCNCC3,2.6,2.310068251522519,-0.28993174847748104
1226,train,CCOc1ccc(NC(=O)C)cc1,1.5,1.7791631784060606,0.27916317840606064
3899,train,NC(=O)C1CCN(CC(=O)Nc2ccc3OCOc3c2)CC1,0.4,0.524436984847815,0.12443698484781496
3321,train,CC(C(=O)O)c1ccc2oc(nc2c1)c3ccc(Cl)cc3,1.3,1.5862882711988846,0.28628827119888456
1758,train,COc1ccccc1OCC(O)CO,0.24,0.23622423027504258,-0.003775769724957412
597,train,Cc1ccc2c(c1)c(c(C)n2CC(=O)O)c3ccnc4c(F)cccc34,0.53,0.7492560880745027,0.2192560880745027
981,train,CN(C)CC1CCn2c(C1)c(C3=C(C(=O)NC3=O)c4cn(C)c5ccccc45)c6ccccc26,2.88,2.5506671918515593,-0.32933280814844057
2886,train,CC(C)Cn1cnc2c(N)nc3ccccc3c12,2.52,2.322332396307229,-0.19766760369277092
2946,train,Clc1ccc(cc1)c2oc(cc2)C(=O)Nc3ccc(cc3)N4CCNCC4,2.4,2.538919966756948,0.1389199667569483
3079,train,COc1ccc(cc1Oc2cccc(Cl)c2)S(=O)(=O)N3CCC[C@@H](C3)N4C=C(C)C(=O)NC4=O,2.73,2.658725382921523,-0.07127461707847704
315,train,CS(=O)(=O)C1(CC1)c2cc(nc(n2)c3cccc(N)c3)N4CCOCC4,1.35,1.551310465946311,0.20131046594631097
2590,train,OC(=O)[C@H](Cc1ccc(OCCCNc2ccccn2)cc1)NC(=O)c3c(Cl)cccc3Cl,-0.22,-0.19586050903709484,0.024139490962905158
3066,train,COc1ccc(OC)c(CNc2[nH]nc3cccc(Oc4ccc(cc4)S(=O)(=O)C)c23)c1,3.71,3.356787578703404,-0.3532124212965959
3589,train,Clc1ccc(cc1)c2c[nH]nn2,2.97,2.6705615716838476,-0.29943842831615264
720,train,Cc1cnc(NC(=O)Cc2ccccc2)s1,2.9,2.3934631007264717,-0.5065368992735282
3254,train,Cc1cnc(Oc2ccc(cc2)n3ccnc3)nc1Oc4ccc5OCOc5c4,3.56,3.527724810312758,-0.03227518968724219
3902,train,COCCN(c1ccnc(Nc2cc(cc(c2)N3CCOCC3)N4CCOCC4)n1)c5cc(CO)ccc5C,2.8,2.443716579777463,-0.3562834202225367
1831,train,COC(=O)N1CCOc2cc(COc3ccccc3)cnc12,2.5,2.4227506687931326,-0.07724933120686739
543,train,Cc1ccc2[nH]ccc2c1c3nc(cc(n3)C4(CC4)S(=O)(=O)C)N5CCOCC5,1.7,1.509794567410829,-0.1902054325891709
1424,train,Nc1ccccc1NC(=O)c2ccc(cc2)c3ncc(CN4CCCCC4)s3,2.82,2.615537529926133,-0.20446247007386686
4085,train,Cc1cc(NC(=O)c2oc(Nc3ccccc3F)nn2)ccc1N4CCOCC4,4.0,3.548456121916029,-0.4515438780839709
1250,train,O[C@@H](CNCCc1cccc(c1)c2cccc(CNCc3ccccc3)c2)c4ccc(O)c5NC(=O)Sc45,2.32,2.072306052071228,-0.24769394792877186
4120,train,CC(C)c1onc(n1)N2CCN([C@H](C)C2)c3ncc(OCc4ccncc4C#N)cn3,3.3,3.2643597371865694,-0.03564026281343047
3074,train,CCN(CC)Cc1cc(Nc2ccnc3cc(Cl)ccc23)ccc1O,2.9,2.7391729290500417,-0.16082707094995818
2382,train,Oc1cc(O)c2C(=O)C=C(Oc2c1)c3ccccc3,3.83,3.641335808155457,-0.18866419184454308
734,train,Oc1ccc(CCNCCS(=O)(=O)CCCOCCSc2ccccc2)c3sc(O)nc13,2.68,2.7776815113585305,0.09768151135853032
1469,train,O=C(Nc1ccccn1)c2ccc3[nH]c(nc3c2)c4ccc(NC(=O)C56CC7CC(CC(C7)C5)C6)cc4,4.24,4.280130754361076,0.04013075436107538
528,train,CC(C)n1c(C)ncc1c2ccnc(Nc3ccc(cc3)N4CCOCC4)n2,2.88,2.8762231238957328,-0.003776876104267135
2151,train,O[C@H](CNC(=O)C1=CNC(=O)c2ccccc12)CN3CCC(CC3)Oc4ccc(Cl)c(Cl)c4,3.42,3.5704997433216965,0.15049974332169658
3661,train,COc1ccc(C)c(NC(=O)CC23CC4CC(CC(C4)C2)C3)c1,3.96,3.9406977454428316,-0.019302254557168386
1428,train,Cc1c(Sc2ccc(Cl)cc2)c3cc(ccc3n1CC(=O)O)S(=O)(=O)C,0.54,0.754164785163125,0.21416478516312498
2089,train,CN(C)C(=O)N[C@@H]1CC[C@@H](CCN2[C@@H]3CC[C@H]2C[C@H](C3)Oc4cccc(c4)C(=O)N)CC1,0.12,0.527227380148787,0.407227380148787
2076,train,Cc1ncc([N+](=O)[O-])n1CCO,-0.11,0.32115369682582573,0.4311536968258257
3538,train,Cc1c(Cl)c(Cl)ccc1OC2CCN(CC3CCN(CC3)[C@@](C)(Cc4ccc(F)cc4)C(=O)O)CC2,2.98,2.9430073269345947,-0.036992673065405324
3663,train,Oc1cccc(NC(=O)c2ccc(OCCCN3CCCC3)cc2OCc4ccccc4)c1,3.07,2.776908956400515,-0.2930910435994849
159,train,O=C(NC1(CC1)C#N)[C@@H]2CCCC[C@H]2C(=O)N3CCN(CC3)c4ncc(C#N)s4,1.2,1.4224856960310412,0.2224856960310413
289,train,CC[C@H](NC(=O)c1c([S+]([O-])C(C)C)c(nc2ccccc12)c3ccccc3)c4ccccc4,3.81,3.79333178314416,-0.01666821685584008
565,train,Oc1ccc2OC(=O)C(=Cc2c1)c3ccccc3,3.12,2.8658325593630627,-0.2541674406369374
179,train,CN[C@@H](C)C(=O)N[C@H](C(=O)N[C@H]1CCCN(CCc2ccc(F)cc2)C1)C(C)(C)C,3.12,2.329843773254006,-0.7901562267459941
3118,train,FC(F)(F)c1nnc2ccc(NCn3nnc4ccccc34)nn12,2.34,2.603575610011739,0.26357561001173924
2211,train,CC1=CN([C@H]2CCCN(C2)S(=O)(=O)c3ccc(O)c(Oc4cccc(F)c4)c3)C(=O)NC1=O,1.6,1.7881889302565064,0.1881889302565063
1600,train,CNc1cccc(CCOc2ccc(C[C@H](NC(=O)c3c(F)cccc3Cl)C(=O)O)cc2)n1,-0.42,-0.31715694072045375,0.10284305927954623
2119,train,O[C@H](CNC(=O)c1c[nH]nc1C(F)(F)F)CN2CCC(CC2)Oc3ccc(Cl)c(Cl)c3,3.34,3.264858713094819,-0.07514128690518085
4015,train,Cn1cnc2c(c3ccc(cc3)C4(N)CCC4)c(ccc12)c5ccccc5,2.5,2.43956134634709,-0.06043865365291001
4036,train,CC(C)COc1cc(ccc1NC(=O)CN2CCOCC2)c3cccc4C(=O)C=C(Oc34)N5CCOCC5,3.8,3.4810203347266153,-0.3189796652733845
3563,train,C[C@@H](NC1=CC(=O)CCC1)c2ccc(Nc3ncc4cc(ccc4n3)c5ccncc5)cc2,3.17,3.188449758891421,0.018449758891421197
2998,train,COC(=O)c1c(O)cccc1OC\C=C\c2ccc(F)c(c2)c3onc(c3)C(=O)O,0.66,0.7083033402833159,0.04830334028331584
2772,train,Cc1nc(CSc2ccc(Cl)cc2)cc(n1)N3CCOCC3,3.38,3.5731482328076694,0.19314823280766946
146,train,Clc1ccc(N2CCN(CC2)C(=O)COCc3cscn3)c(Cl)c1,3.07,2.755985405269462,-0.31401459473053794
1866,train,CS(=O)(=O)C1(CCOCC1)c2cc(nc(n2)c3cccc4[nH]ccc34)N5CCOCC5,2.4,2.5970745473680017,0.19707454736800178
1407,train,CC1SC2=C(C(=O)O)C(=O)c3cc(F)c(cc3N12)N4CCN(CC5=C(C)OC(=O)O5)CC4,0.47,0.7355015728111873,0.26550157281118736
969,train,COc1cc(CCc2cc(Nc3ccnc(NCc4ccccn4)n3)n[nH]2)cc(OC)c1,3.5,3.477896260460499,-0.022103739539501177
547,train,Oc1ccc(cc1)c2ccc3cc(O)ccc3c2,4.0,3.4426560587843413,-0.5573439412156587
251,train,CC(C(=O)O)n1c(C)c(Sc2ccc(Cl)cc2)c3cc(Cl)ccc13,3.56,3.5501870660582258,-0.009812933941774293
655,train,Cc1cc(OC2CCN(CC3CCN(CC3)[C@@H](Cc4ccc(F)cc4)C(=O)O)CC2)ccc1Cl,2.54,2.267603350133299,-0.272396649866701
3493,train,CS(=O)(=O)Cc1cc(nc(n1)c2ccc3[nH]ccc3c2)N4CCOCC4,2.06,1.8441450657282703,-0.21585493427172975
2429,train,CS(=O)(=O)c1cccc(Nc2nccc(Nc3cccc4[nH]ncc34)n2)c1,2.91,2.873203567735405,-0.03679643226459506
958,train,CCOc1ccc2nc(N)sc2c1,2.4,2.489558359279878,0.0895583592798781
1754,train,CCC(CC)NC(=O)c1cnn(c1NS(=O)(=O)c2ccc(C)cc2)c3ccccn3,0.27,0.6212388094785191,0.35123880947851904
1373,train,Fc1ccc(cc1F)N2C=CN=C(SCC(=O)NC3CCCC3)C2=O,2.0,1.9621569500175502,-0.037843049982449806
1661,train,Clc1ccc(NC(=O)N2CCN(C[C@@H]3CCCN(Cc4ccccc4)C3)CC2)cc1Cl,4.26,4.037987929714969,-0.22201207028503056
2079,train,OC1(CN2CCC1CC2)c3ccc(cc3)c4ccccc4,1.5,1.6784601171290943,0.17846011712909426
1268,train,O=C1C=C(Oc2c1cccc2c3ccccc3)N4CCOCC4,2.9,3.1181580228016683,0.2181580228016684
3901,train,CC(C)(Cc1cccc(CC(=O)NCc2cccc(c2)c3ccc(O)cc3)c1)NC[C@H](O)c4ccc(O)c(NS(=O)(=O)C)c4,1.91,2.1196610889400636,0.20966108894006363
257,train,Clc1ccc2OC(=O)Nc2c1,2.16,2.0917252266307673,-0.06827477336923282
4053,train,CN1CCN(CCCN2c3ccccc3Sc4ccc(cc24)C(F)(F)F)CC1,4.31,4.289287528957746,-0.02071247104225371
2673,train,O=C1C=C(C=CN1c2ccc3c(cnn3CCN4CCCC4)c2)c5ccccc5,1.6,1.7235318694540125,0.1235318694540124
4150,train,Nc1ccc2cn[nH]c2c1,0.52,0.7712945499704951,0.25129454997049505
966,train,c1ccc(nc1)c2nc3ccccc3[nH]2,2.5,2.4344333338375876,-0.06556666616241236
3894,train,COc1cc2c3N([C@H](C)c4ccccn4)C(=O)Nc3cnc2cc1c5c(C)onc5C,3.15,2.935965639311317,-0.21403436068868276
1516,train,OC(=O)CC(=O)N[C@H]1[C@@H](Cc2ccccc12)NC(=O)c3cc4sc(Cl)c(Cl)c4[nH]3,1.18,1.1475770203242146,-0.032422979675785335
1078,train,CCc1c(C)nc(SCC(=O)Nc2nc(cs2)c3ccc(OC)cc3)nc1O,3.78,3.566686792075002,-0.21331320792499797
2238,train,C[C@@H](Oc1cccc2ncnc(Nc3ccc4c(cnn4Cc5cscn5)c3)c12)C(=O)N6CCOCC6,2.81,2.747813539279319,-0.062186460720681236
1213,train,CC#Cc1ccnc(c1)c2cc(ccc2O)C3(N=C(C)C(=N3)N)C4CC4,3.6,3.588265039954888,-0.011734960045111986
2453,train,Cc1cccc(Nc2ncnc3ccc(NC(=O)C=C)cc23)c1,3.7,3.517491759672677,-0.18250824032732327
3105,train,CC(C)C(NC(=O)CN1C(=O)C(=CC=C1c2ccccc2)NC(=O)NCc3cc[n+]([O-])cc3)C(=O)C(F)(F)F,1.13,1.4320384060107911,0.30203840601079124
85,train,Fc1cc(cc(F)c1C2=CCN(CC2)C=O)N3C[C@H](COc4ccon4)OC3=O,2.01,2.216017756062751,0.2060177560627512
21,train,Clc1ccc(cc1)C(=O)Nc2oc(nn2)C(=O)Nc3ccc(cc3)N4CCOCC4,1.92,2.1100221545275843,0.19002215452758442
701,train,CC\C(=C(/c1ccccc1)\c2ccc(\C=C\C(=O)O)cc2)\c3ccccc3,3.89,3.0586990757591597,-0.8313009242408405
3004,train,CC(C)c1c(cnn1c2ccc(cc2)C(=O)O)C(=O)NC3C4CC5CC(CC3C5)C4,1.15,1.2015440550489336,0.05154405504893367
3070,train,CN1CCN(CC(=O)Nc2c(cnn2c3ccccc3)C#N)CC1,0.0,0.4486560918338611,0.4486560918338611
3946,train,C[C@H]1CN(Cc2cc(Cl)ccc2OCC(=O)O)CCN1C(=O)Cc3cccc(Cl)c3,0.78,0.6468829168396024,-0.1331170831603976
2743,train,O=C(Nc1nccs1)c2cccnc2,2.25,1.9507331783336526,-0.29926682166634744
3077,train,CC1=NS(=O)(=O)c2cc(Cl)ccc2N1,1.05,1.4090222116256133,0.3590222116256132
1286,train,COc1ccc(NC(=O)C=C)cc1,1.68,1.8558526545217926,0.17585265452179266
1353,train,COc1cc(ccc1OCCN2CCCC2)N3C=Nc4cc(sc4C3=O)c5ccc(Cl)cc5,2.74,2.8495998376354503,0.10959983763545011
3220,train,CCN(CC)CCNC(=O)c1cc(Br)c(N)cc1OC,0.54,0.4779268036730586,-0.062073196326941416
2126,train,Clc1ccc2C(=C3CCNCC3)c4ncccc4CCc2c1,1.48,1.9011638467094139,0.42116384670941387
3923,train,Clc1ccccc1CNC[C@@H]2CC[C@@H](CNCc3ccccc3Cl)CC2,2.74,2.5503760877477832,-0.18962391225221698
2853,train,Cc1nc(C)c(nc1C(=O)N)c2ccc3c(CC[C@@]34CC[C@H](Cc5nnn[nH]5)CC4)c2,2.0,1.7085653602248254,-0.2914346397751746
3754,train,Oc1c(C#N)c(nc2ccncc12)c3ccc(cc3)c4ccccc4CN5CCOCC5,2.0,2.24684995154403,0.2468499515440299
1967,train,Cn1c(CN2CCN(CC2)c3cccc(Cl)c3)nc4ccccc14,3.75,3.953049793156788,0.20304979315678784
1276,train,Cc1nc2ncnn2c(O)c1CCOC(=O)c3ccccc3F,0.99,0.6164982649485553,-0.3735017350514447
773,train,CC(=O)N1CCN(CCOc2ccc(cc2)C3CCN(CC3)c4ccc5nnc(n5n4)C(F)(F)F)CC1,3.2,3.1865135958119213,-0.013486404188078893
3731,train,OC[C@H]1C[C@H]([C@H](O)[C@@H]1O)n2nnc3c(N[C@@H]4C[C@H]4c5ccccc5)nc(SCCC(F)(F)F)nc23,4.06,4.045338741569242,-0.01466125843075794
614,train,CN1SC(=NC1=O)NCc2ccccc2,1.2,1.6763869096011283,0.4763869096011284
2826,train,CC1=C(C(=O)N(C[C@H](N)c2ccccc2)C(=O)N1Cc3c(F)cccc3F)c4ccc5OCOc5c4,2.67,2.8380061663932277,0.16800616639322774
4071,train,CC1CN(CCN1)C(=O)c2cc3ccccc3[nH]2,0.94,1.030036929574585,0.09003692957458509
3131,train,CN1CCN(CC1)c2ccc3N=CN(C(=O)c3c2)c4cc(NC(=O)c5cncs5)ccc4C,2.11,2.2412224000934664,0.13122240009346653
2981,train,CC(C)C[C@H](CO)Nc1nc(SCc2ccccc2)nc3NC(=O)Sc13,4.2,3.930533405605289,-0.2694665943947112
1035,train,CCOc1ccc(cc1)N2C(=O)c3cccnc3N=C2[C@@H](C)N(CC4CCN(C)CC4)C(=O)Cc5ccc(F)c(c5)C(F)(F)F,1.4,1.5796084965912547,0.17960849659125477
1094,train,Cc1ccc(NC(=O)CCC2CCCCC2)cc1NC(=O)c3ccc(O)cc3,4.13,3.744829429390954,-0.3851705706090458
4113,train,Nc1n[nH]c2ncc3CCCCCCc3c12,2.54,2.449483279938716,-0.09051672006128397
2987,train,COc1cc(NC(=O)Nc2cccc(CNC(=O)O[C@H]3CCOC3)c2)ccc1c4ocnc4,3.6,3.448072909493675,-0.15192709050632525
2082,train,CN(C1CCCCC1)C(=O)c2cnn(c2NS(=O)(=O)c3ccc(C)cc3)c4ccccc4,2.01,1.528987849970389,-0.48101215002961073
4182,train,NC1=NC(CC(=O)N1)c2ccc(Cl)c(Cl)c2,1.46,1.1596238408164488,-0.3003761591835512
2316,train,Clc1ccc(Nc2nnc(Cc3ccncc3)c4ccccc24)cc1,3.7,3.648875066360322,-0.05112493363967818
537,train,COc1cc(C)c(c(C)c1)S(=O)(=O)N(C)CCOCC(=O)N2CCN(CC2)C3CCN(C)CC3,-0.4,-0.14417381991646305,0.25582618008353697
601,train,COc1ccc2c(c1)c(CC(=O)O)c(C)n2c3ccnc4cc(Cl)ccc34,1.68,1.6031052913101131,-0.07689470868988679
1707,train,C[C@H]1C[C@H]2[C@@H]3CC[C@](O)(C(=O)C)[C@@]3(C)C[C@H](O)[C@]2(F)[C@@]4(C)C=CC(=O)C=C14,2.65,2.4692533094541362,-0.18074669054586368
1642,train,CN(C)C\C=C\C(=O)Nc1cc2c(Nc3ccc(F)c(Cl)c3)ncnc2cc1O[C@H]4CCOC4,3.7,3.5299898058311934,-0.1700101941688068
2497,train,O=C(NC1(CC1)C#N)[C@@H]2CCCC[C@H]2C(=O)N3CCN(CC3)c4nccs4,1.3,1.2657404062640896,-0.034259593735910476
934,train,CC(NC(=O)C1(N)CCN(CC1)c2ncnc3[nH]ccc23)c4ccc(F)cc4,2.4,2.515072442254972,0.11507244225497226
3881,train,COc1cc(F)ccc1c2cccc(CNC3CCCC3)n2,2.06,1.863200911782919,-0.19679908821708114
879,train,Clc1ccc2N=C3NC(=O)CN3Cc2c1Cl,1.86,1.898586908050882,0.03858690805088183
3919,train,COCC(C)n1nc(C)c(C(=O)N[C@@H](C)C(C)(C)C)c1NS(=O)(=O)c2ccc(C)cc2,0.61,0.9572095899079314,0.3472095899079314
2313,train,Cc1cc(CNc2nccc(Nc3cc(C)[nH]n3)n2)on1,1.86,1.7230311218497933,-0.13696887815020675
2942,train,CO[C@H]1CN(CCN2C(=O)C=Nc3ccc(OC)cc23)CC[C@@H]1NCc4cc5OCCOc5cn4,1.25,1.238288526526568,-0.011711473473432044
3418,train,COc1cc(ccc1Nc2ncc(Cl)c(n2)c3cnc4c(N)cccn34)N5CCN(CC5)C(=O)C,3.4,3.226988561297664,-0.17301143870233604
2926,train,Cc1nc2c(cnn2c(O)c1Cc3ccccc3)C#N,0.68,1.3443422023652625,0.6643422023652624
2098,train,Oc1ccc(cc1)C2=Cc3ccccc3OC2=O,3.0,3.0024367100101435,0.0024367100101434502
3217,train,COc1cc2c(Nc3ccc(Cl)cc3F)ncnc2cc1OCCCN4CCOCC4,3.4,3.315247953255607,-0.08475204674439274
1969,train,CN([C@@H]1CCN(Cc2ccc(cc2)C(F)(F)F)C[C@@H]1F)C(=O)Cc3ccc(cc3)S(=O)(=O)C,2.7,2.7719461812893536,0.07194618128935337
3596,train,NC1(CCC1)c2ccc(cc2)c3nc4ccccc4cc3c5ccccc5,3.6,3.0433879439075238,-0.5566120560924763
3850,train,Clc1ccc(NC(=O)N2CCN(C[C@@H]3CCCN(CC4CC4)C3)CC2)cc1Cl,2.54,2.808993092934172,0.26899309293417195
275,train,OC[C@H]1C[C@H]([C@H](O)[C@@H]1O)n2nnc3c(N[C@@H]4C[C@H]4c5ccc(F)c(F)c5)nc(SCCC(F)(F)F)nc23,3.99,3.915831142247886,-0.07416885775211401
1660,train,COc1ccc(CCN2CNC(=NC2)SCc3ccc(Cl)cc3)cc1OC,2.41,2.307557250086039,-0.10244274991396107
1933,train,O=C1NC(=NC(=C1C#N)c2ccccc2)SCc3ccccc3,1.56,1.7012409626669425,0.14124096266694242
3629,train,COc1ccc2nc(C)cc(OCC(=O)NCc3ccccc3)c2c1,3.2,3.2453702652292176,0.04537026522921739
1729,train,COc1cc(OC)c(cc1NC(=O)CCc2nn[nH]n2)S(=O)(=O)N3C(C)CCc4ccccc34,-0.34,-0.14089825416507473,0.1991017458349253
563,train,OCC[C@]1(CCCNC1)c2oc3ccccc3c2,0.06,0.20662007460457965,0.14662007460457965
509,train,CC1(C)[C@@H]2CC[C@@]1(CS(=O)(=O)NC3CCN(CC3)c4ccc(cn4)C(F)(F)F)C(=O)C2,3.84,3.7805878164083766,-0.05941218359162326
1672,train,OC(=O)[C@H](Cc1ccc(F)cc1)N2CCC(CN3CCC(CC3)Oc4ccc(Cl)cc4)CC2,1.9,2.29764043600454,0.39764043600454
4090,train,CCCCC(NC(=O)CC1CCN(Cc2ccn(c2)c3ccc(cc3)C(F)(F)F)CC1)C4=CNC(=O)C=C4,2.89,2.798316966552512,-0.09168303344748807
2112,train,Cc1cc(ccc1O[C@H]2C[C@H]3CC[C@@H](C2)N3Cc4ccccc4)C(=O)N,2.23,1.9081527196538475,-0.3218472803461525
354,train,CC1(C)N(Cc2ccnc(c2)N3CCOCC3)C(=O)N(C1=O)c4ccc(SC(F)(F)F)cc4,3.73,3.338072961708018,-0.39192703829198194
1344,train,CN(C)c1cccc2c(cccc12)S(=O)(=O)N(C)CC(=O)O,-1.45,-1.2936460433732568,0.15635395662674312
3741,train,Cc1cc(N)c2cc(NC(=O)CC(=O)Nc3ccc4nc(C)cc(N)c4c3)ccc2n1,1.35,1.0817286883536577,-0.26827131164634244
2970,train,Cc1ccc2c(c1)c(Sc3ccccc3Cl)c(C)n2CC(=O)O,1.71,1.7849718758577608,0.07497187585776088
204,train,CC(C)CN1C(=O)N(C)C(=O)c2c1sc(Cc3cccc4ncccc34)c2C(=O)N5CC[C@@H](O)C5,1.98,1.9146158341490689,-0.0653841658509311
700,train,CN(c1ccc(c(C)c1)c2cc(ccc2OCC(=O)O)C(F)(F)F)S(=O)(=O)C,-0.59,-0.6414180317366003,-0.05141803173660031
3784,train,COc1ccc(cc1)c2cc(N)n3ncc(C#N)c3n2,2.42,2.5079118425006013,0.08791184250060136
475,train,COc1cccc(c1)C(=O)N2CCC(CC2)N3C(=O)Nc4ccccc34,2.65,2.4195721738110194,-0.2304278261889805
842,train,Clc1cccc(C(=O)N2CCN(CC2)c3ccccn3)c1Cl,2.98,3.0995225233806307,0.11952252338063074
4066,train,OCCCNCCCOc1ccc(Cl)c(c1)C(=O)NCC23CC4CC(CC(C4)C2)C3,1.41,1.7336677960950213,0.3236677960950214
469,train,Clc1cccc(Nc2ncnc3ccccc23)c1,3.9,3.772729073596397,-0.12727092640360294
2182,train,Cc1ccc2c(c1)c(c(C)n2CC(=O)O)c3cc(C)nc4ccccc34,2.88,2.437724509115934,-0.4422754908840658
746,train,CCCc1c(O)c(ccc1OCc2cccc(NC(=O)c3ccccc3C(=O)O)c2)C(=O)C,1.9,2.139284214560816,0.23928421456081628
75,train,COc1cc(NS(=O)(=O)c2ccc(N)cc2)nc(OC)n1,0.2,0.005351768519583189,-0.19464823148041682
3932,train,CN[C@@H](C)C(=O)N[C@H](C(=O)N[C@H]1CCCN(CCc2ccccc2OC)C1)C(C)(C)C,1.61,1.5434312756824862,-0.06656872431751393
4054,train,COc1cc(Nc2cc(Oc3ccc(C)nc3)ccn2)cc(OC)c1OC,3.21,3.48114897715656,0.27114897715655983
4161,train,CCCCNc1cc(cc(c1Oc2ccccc2)S(=O)(=O)N)C(=O)O,-0.3,-0.08015097691373008,0.2198490230862699
1459,train,COc1ccc(Oc2ncccc2C(=O)NCc3ccccc3Cl)cc1,3.59,3.7402580401655596,0.15025804016555977
3299,train,COc1cc2c(Nc3c(Cl)ccc4OCOc34)ncnc2cc1OCCCN5CCCC5,1.62,2.0129709783756153,0.39297097837561523
2427,train,CCOc1ccccc1c2ccc(cc2)c3nc4ccc(F)cc4c(C(=O)NCCOCCN)c3C,2.46,2.3556843050060046,-0.1043156949939954
3436,train,OC(=O)COc1cccc(c1)C(=O)N2CCC(CC2)N3CCC(CC3)Oc4ccc(Cl)c(Cl)c4,1.09,1.0138993730556933,-0.07610062694430675
3275,train,CC(C)n1c(C)ncc1c2nc(Nc3ccc(cc3)N4CC[C@H](C4)NC(=O)C)ncc2F,3.3,3.056276152455181,-0.2437238475448189
804,train,C[C@H](Nc1nc(Nc2cc(C)[nH]n2)c(C)nc1C#N)c3ncc(F)cn3,1.92,1.9886662977744543,0.06866629777445432
1166,train,CS(=O)(=O)c1ccc(cc1)c2cc(C(=O)N[C@H]3CCCNC3)c(NC(=O)N)s2,0.68,0.639419978558116,-0.040580021441883996
1653,train,Nc1n[nH]c(N)c1Cc2ccc3OCOc3c2,0.47,0.22793512241648517,-0.2420648775835148
2253,train,CCN(C(=O)c1oc(cc1)c2ccc(Cl)cc2)c3ccc(cc3)N4CCNCC4,3.3,3.075018177471133,-0.2249818225288669
1131,train,CN(C)CC(O)COc1ccc(Nc2ncc(C)c(Nc3ccccc3)n2)cc1,2.0,1.9087178357908678,-0.09128216420913216
3957,train,CC(=O)Nc1ccc(O)cc1OC[C@@H](O)CN2CCC3(CC2)Cc4cc(F)ccc4O3,2.1,2.158216678647465,0.058216678647464715
2750,train,COc1cc2c(Nc3cc(CC(=O)Nc4cccc(F)c4F)[nH]n3)ncnc2cc1OCCCN5CCC[C@@H]5CO,1.96,1.8758995961082556,-0.08410040389174434
1957,train,O=C(NC1(CC1)C#N)[C@@H]2CCCC[C@H]2C(=O)N3CCc4[nH]c5ncccc5c4C3,2.13,2.344071954453731,0.21407195445373128
524,train,Clc1cccc(\C=C\2/SC(=O)NC2=O)c1N3CCNCC3,0.68,0.9122908119955226,0.2322908119955226
582,train,CC(=O)Nc1nnc(s1)S(=O)(=O)N,-0.78,-0.6604048679647043,0.1195951320352957
2675,train,Clc1ccc(N2CCN(CC2)C(=O)COCc3ccccn3)c(Cl)c1,3.47,3.4791147709552774,0.00911477095527724
1638,train,C[C@@H]1CN(Cc2cc(Cl)ccc2OCC(=O)O)C[C@H](C)N1C(=O)Cc3ccccc3,0.7,1.0237202997536547,0.3237202997536548
901,train,CC1(O)CN(C1)S(=O)(=O)c2ccc3C(=CNC(=O)c3c2)C(=O)NC[C@@H](O)CN4CCC(CC4)Oc5ccc(Cl)c(Cl)c5,2.54,2.899304772263016,0.35930477226301605
984,train,CN[C@@H](C)C(=O)N[C@@H](C1CCCCC1)C(=O)N[C@H]2CCN(Cc3ccccc3)C2,1.49,1.668054950679056,0.17805495067905608
914,train,Cc1ccc(OC(=O)N2CCN3CCC2CC3)cc1,1.02,1.1434197782515287,0.12341977825152872
523,train,C[C@H]1CN(Cc2cc(Cl)ccc2CCC(=O)O)CCN1C(=O)Cc3ccccc3,1.52,1.3493575559384081,-0.1706424440615919
3895,train,COc1cc2c(Nc3ccc(NC(=O)c4ccccc4)cc3)ncnc2cc1OCCCN5CCOCC5,3.5,3.1815485731600504,-0.31845142683994965
2305,train,O=S(=O)(Nc1ccccc1c2ccccc2)c3ccccc3,3.96,2.8246409793112233,-1.1353590206887767
1909,train,COc1cc2ncc(C(=O)N)c(Nc3ccc(F)cc3F)c2cc1NCCN4CCOCC4,2.68,2.5782400263470873,-0.1017599736529129
36,train,CN1CCN(CC1)c2ccc3N=CN(C(=O)c3c2)c4cc(NC(=O)c5cscn5)ccc4C,2.06,2.2289797445755575,0.16897974457555742
805,train,OCCc1cccc(NC(=O)c2cc3cc(Cl)ccc3[nH]2)c1,3.83,3.9453534131719987,0.11535341317199865
3520,train,Cc1c(Cl)c(ccc1OC2CCN(CC3CCN(CC3)[C@@H](Cc4ccc(F)cc4)C(=O)O)CC2)C#N,2.19,2.34434946931388,0.15434946931388005
2537,train,CCN(CC)S(=O)(=O)c1ccc(NC(=O)C(C)(O)C(F)(F)F)cc1,2.63,2.6724171748410566,0.04241717484105667
1121,train,OC(=O)c1ccccc1O,-1.36,-0.23114099941105826,1.1288590005889418
3825,train,CC1Cc2ccccc2N1NC(=O)c3ccc(Cl)c(c3)S(=O)(=O)N,1.83,1.5569918779979943,-0.27300812200200575
2013,train,CN1C(=O)N(CC2CC2)c3nn(Cc4ccnc5ccc(Cl)cc45)c(c6cc(cn6C)S(=O)(=O)C)c3C1=O,3.18,3.1753312146062025,-0.00466878539379767
80,train,CC1(CC1)c2nc(ncc2C(=O)N[C@@H]3C4CC5CC3C[C@@](O)(C5)C4)N6CCOCC6,2.0,2.1995834620190737,0.19958346201907373
2085,train,CCC(C)Nc1nc(nc(N2CCOCC2)c1N)C#N,2.8,2.7593451961045012,-0.04065480389549858
3243,train,C[C@@H]1CN(Cc2oc(nn2)c3cc(cc4[nH]ncc34)c5cccc6[nH]ccc56)C[C@H](C)O1,4.01,3.979752206293428,-0.030247793706571713
1850,train,CC(C)(NC(=O)c1sccc1Oc2ccc(F)cc2[N+](=O)[O-])C#C,3.0,2.9438895821971993,-0.05611041780280068
1260,train,CC(C)n1c(C)ncc1c2ccnc(Nc3ccc(cc3)N4CCN(CC4)S(=O)(=O)CCN(C)C)n2,2.52,2.4657189937163864,-0.05428100628361365
1006,train,CCN(CC)CCNC(=O)c1ccc(N)cc1,-0.92,-0.045160873210367214,0.8748391267896328
897,train,NC1(CCC1)c2ccc(cc2)N3C(=O)c4ccccc4N=C3c5ccccc5,1.6,1.9281150035349053,0.3281150035349052
777,train,COC(=O)CCC(=O)Nc1ccc2C(=O)C(=O)c3ccccc3c2c1,2.72,2.3423907172437106,-0.3776092827562896
2724,train,CN(C)c1ccc2N=C3C=CC(=[N+](C)C)C=C3Sc2c1,-0.88,0.019699955832742422,0.8996999558327424
4179,train,CCNC(=O)Nc1nc2cc(ccc2[nH]1)c3cccnc3,2.34,2.1343960621545732,-0.20560393784542663
1392,train,CC(C)C(NC(=O)CN1C(=O)C(=CN=C1c2ccc(F)cc2)N)C(=O)C(F)(F)F,1.05,1.2012070758431905,0.15120707584319049
3827,train,C[C@@](N)(Cc1ccccc1)c2ccccc2,1.7,1.492706813825119,-0.20729318617488102
517,train,Cc1onc(n1)c2ccc(OCC3CN(C3)c4ccc(C)nn4)cc2,2.62,2.810825665096321,0.19082566509632093
1237,train,CC1CN(C1)C(=O)c2nnc3c(cccc3c2N)c4ncccn4,1.21,1.4012086293227484,0.1912086293227484
185,train,CC[C@H](NC(=O)c1c(c(nc2ccccc12)c3ccccc3)S(=O)(=O)C)c4ccccc4,3.17,3.2733276837932785,0.10332768379327861
1074,train,CCC(N(CCCN)C(=O)c1ccc(C)cc1)C2=Nc3ccsc3C(=O)N2Cc4cccnc4,0.01,0.49650314625837466,0.48650314625837465
3583,train,O=C(NCc1ccccc1)c2cccnc2Oc3ccccc3,3.0,2.803020670508549,-0.1969793294914508
3376,train,CN(C)CCCN1c2ccccc2Sc3ccc(Cl)cc13,3.37,3.2624601904070945,-0.10753980959290566
2903,train,COc1cc(ccc1Nc2ncc(Cl)c(n2)c3cnc4cc(ccn34)C#N)N5CCN(CC5)C(=O)C,2.3,2.4458538955262057,0.14585389552620587
973,train,NC(=N)SCc1ccc(Cl)c(Cl)c1,1.28,1.248963573758259,-0.031036426241741077
586,train,CC(C)C(NC(=O)CN1C(=O)C(=CN=C1C2CCCCC2)NC(=O)OCc3ccccc3)C(=O)C(F)(F)F,2.87,2.8296471092673845,-0.04035289073261561
2326,train,CCCSc1nc(NC)ccc1C(=O)N[C@@H]2C3CC4CC2C[C@@](O)(C4)C3,3.27,3.2481599054721273,-0.021840094527872722
827,train,CS(=O)(=O)c1ccc(cc1)[C@@H](O)[C@@H](CF)NC(=O)C(Cl)Cl,0.44,0.6192862245320028,0.17928622453200277
2648,train,CC(N1Cc2ccccc2C1=O)c3ccccc3,3.0,2.865116256179408,-0.1348837438205921
1123,train,CCCCNC(=O)NS(=O)(=O)c1ccc(C)cc1,0.44,0.23398294715905998,-0.20601705284094002
168,train,COc1ccc(Cn2cc3N(CC(C)C)C(=O)N(C)C(=O)c3c2)cc1,3.52,3.247912422730646,-0.27208757726935406
3255,train,Cc1csc(NC(=O)c2cc(Sc3nncn3C)ccc2N)n1,2.3,2.176847166527947,-0.12315283347205286
4121,train,O[C@@H](CNCCCSCCOCCc1cccc2ccccc12)c3ccc(O)c4NC(=O)Sc34,3.12,2.9205743089873466,-0.1994256910126535
3413,train,CC(C(=O)O)c1cccc(Oc2ccccc2)c1,0.71,0.7846824580198726,0.07468245801987261
1395,train,COc1cccc(c1)C(=O)NCCCOc2cccc3ccc(N)nc23,2.46,2.44832806451482,-0.011671935485179752
1148,train,O=C(N[C@H]1CN2CCC1CC2)c3ccc(s3)c4ccccc4,1.9,1.8839196695874287,-0.016080330412571175
895,train,CNC(=O)Nc1nc2ccc(cn2n1)c3cncc(c3)S(=O)(=O)NC(C)(C)C,1.58,1.6750153196882756,0.09501531968827548
843,train,CC(=O)Nc1ccc2[nH]cc(c3cc(NC4CC4)n5ncc(C#N)c5n3)c2c1,2.65,2.679086256089739,0.029086256089739138
1668,train,COC[C@H](C)Oc1cc(Oc2ccc(cc2)S(=O)(=O)C)cc(c1)C(=O)Nc3ccc(cn3)C(=O)O,-0.41,0.16361340994367213,0.573613409943672
774,train,Cc1cc(C)c2c(N)c(sc2n1)C(=O)NC3CC3,2.53,2.621761017630459,0.0917610176304593
1872,train,Cc1nc(cs1)C(=O)N2CCCC3(CCN(Cc4ccccc4)CC3)C2,0.24,0.7237502208037654,0.4837502208037654
153,train,NC(=O)Nc1cc(sc1C(=O)N)c2cccc(O)c2,2.21,2.4693659350476183,0.2593659350476183
2340,train,O[C@@H]1CCN(C1)c2ccc3c(NC(=O)CNc4cccc(c4)C#N)c(Cl)ccc3n2,2.39,2.3438882539406234,-0.046111746059376735
574,train,CN[C@H]1CC[C@@H](c2ccc(Cl)c(Cl)c2)c3ccccc13,3.15,3.3791097814574425,0.22910978145744254
2280,train,CN1CCC(CC1)Oc2nccc(Nc3cc(NC(=O)c4ccnc(c4)N5CCOCC5)ccc3C)n2,1.8,2.1774926843247457,0.3774926843247457
1416,train,O=C(N1CC(=O)Nc2ccccc12)c3occc3,1.21,1.3943962629752347,0.1843962629752347
1413,train,Cc1cc(CN2Cc3ccccc3C[C@H]2C(=O)Nc4ccc(Cl)cc4Cl)ccc1OCC(=O)O,2.41,2.237579259541408,-0.17242074045859201
2075,train,O=C(CN1CCN(CC1)c2ccccc2)Nc3c(cnn3c4ccccc4)C#N,2.3,1.5707286625335783,-0.7292713374664215
3871,train,Oc1cc(O)c2C(=O)C(=COc2c1)c3ccc4OCOc4c3,3.5,3.326678928620896,-0.17332107137910402
2283,train,Cc1nc(C)c(nc1C(=O)N)c2ccc([C@@H]3CC[C@H](CC(=O)O)CC3)c(Cl)c2,1.7,1.6170189382774716,-0.0829810617225284
1949,train,OC(=O)c1cccnc1Nc2cccc(c2)C(F)(F)F,1.0,1.0460126953822624,0.04601269538226238
2321,train,CC(=O)O[C@H]1CC[C@]2(C=O)[C@H]3CC[C@]4(C)[C@H](CC[C@]4(O)[C@@H]3CC[C@]2(O)C1)C5=CC(=O)OC5,0.64,0.8188170884152635,0.17881708841526345
2190,train,C[C@H]1C[C@H](CN1C#N)NS(=O)(=O)c2cc(Br)ccc2Br,2.13,2.4918176297936845,0.3618176297936846
314,train,COc1ccc(Cl)c(Nc2ncnc3cc(OCC4CCN(C)CC4)c(OC)cc23)c1,2.0,2.4326584541679233,0.43265845416792326
1629,train,CC(C)Nc1nc(nc(N2CCOCC2)c1N)C#N,2.04,2.3275693055646816,0.2875693055646815
242,train,CC[C@H](C)C(=O)O[C@H]1C[C@@H](C)C=C2C=C[C@H](C)[C@H](CC[C@@H](O)C[C@@H](O)CC(=O)O)[C@@H]12,1.07,1.0721764679060595,0.0021764679060594094
616,train,Clc1ccc2[nH]c3CCN(Cc3c2c1)C(=O)[C@@H]4CCCC[C@H]4C(=O)NC5(CC5)C#N,3.65,3.589593410371249,-0.06040658962875112
2376,train,C[C@H](CO)Nc1nc(SCc2cccc(F)c2F)nc3nccnc13,3.15,3.2539461444119535,0.1039461444119536
2678,train,OC1CCN(CC1)C(=O)c2ccc(cc2)C(=C3CCN(Cc4cscn4)CC3)c5cccc6cccnc56,1.89,2.0292493781256655,0.13924937812566562
2975,train,NC(=O)c1cccc(O[C@H]2C[C@H]3CC[C@@H](C2)N3Cc4ccccc4)n1,1.71,1.554715864222434,-0.15528413577756606
379,train,O=C(N1CCN(CC1)c2ncccn2)c3cccc(CC4=NNC(=O)c5ccccc45)c3,2.13,1.9369659646556125,-0.19303403534438734
2556,train,Clc1ccc(OC2CCN(CC2)C3CCN(CC3)C(=O)NS(=O)(=O)Cc4ccccc4)cc1Cl,2.13,1.9821714408859983,-0.1478285591140016
1845,train,CCN(CC)C(=O)c1ccc(cc1)[C@@H](N2CCN(Cc3ccc(F)cc3)CC2)c4cccc(NC(=O)C5CC5)c4,3.99,3.9595408233450033,-0.030459176654996867
3984,train,Cc1ccc(\C=C(/C#N)\C(=O)N)cc1,2.09,1.9428055612841464,-0.14719443871585347
3987,train,C1CN2CCC1C(=C2)c3oc4ccccc4c3,2.59,2.5226400927248607,-0.06735990727513919
711,train,COc1ccc(NC(=O)CSc2nnc(C)n2c3ccc(C)cc3)cc1,2.94,2.7901347324567425,-0.14986526754325746
3327,train,COCCNCc1cncc(n1)c2ccc(F)cc2OC,1.61,1.6360842508108449,0.026084250810844756
2005,train,C[C@H]([C@H](O)c1ccc(O)cc1)N2CCC(O)(CC2)c3ccccc3,0.91,0.9079956862065046,-0.002004313793495416
305,train,Fc1ccc(CN2CCN(CC2)C3=Nn4c(CC3)nnc4C(F)(F)F)cc1,2.8,2.838655165692432,0.0386551656924321
512,train,CCN(C1CCN(CCC(c2ccc(NC(=O)C)cc2)c3cccc(F)c3)CC1)C(=O)Cc4ccc(cc4)S(=O)(=O)C,2.41,2.458044118768677,0.04804411876867665
2437,train,CS(=O)(=O)c1ccc(cc1)C(CCNC(=O)c2ccc(cc2)C#N)c3ccc(F)cc3,2.9,2.6176829791571326,-0.28231702084286736
45,train,COc1ccc(cn1)C2=Cc3c(C)nc(N)nc3N([C@@H]4CC[C@H](CC4)OCCO)C2=O,2.2,2.039413262831956,-0.16058673716804428
3500,train,OC(=O)C[C@@H]1CC[C@H](CC1)c2ccc(cc2)c3ccc(Nc4ccc(nc4)C(F)(F)F)cn3,3.8,3.217700364430444,-0.582299635569556
2676,train,CC(C)C[C@H](N1CCC[C@@H](C1)N2C=C(C)C(=O)NC2=O)c3ccc(C(=O)O)c(Oc4cccc(Cl)c4)c3,0.93,0.8311359767167468,-0.09886402328325328
3947,train,O=C(Oc1ccc2C(=O)CCOc2c1)c3ccccc3,3.6,3.4713046190421677,-0.1286953809578324
1304,train,NC(=O)c1ccc(Br)cc1,1.75,1.5714504828950684,-0.1785495171049316
98,train,COc1ccc(Cc2c(N)n[nH]c2N)cc1,0.2,0.4728585708848281,0.27285857088482807
2354,train,NC1(CCC1)c2ccc(cc2)c3ncc4cnccc4c3c5ccccc5,2.2,2.333582612623912,0.1335826126239117
2804,train,CN(CCCc1ccccc1)S(=O)(=O)c2cc(C(=O)N3CCc4ccc(cc4C3)S(=O)(=O)NCCc5ccccc5)c(O)c(O)c2O,0.75,1.1397145883730857,0.3897145883730857
593,train,COc1cc2ncnc(Nc3ccc(OCc4ccccn4)c(C)c3)c2cc1OC,3.6,3.327812679576312,-0.2721873204236882
3905,train,O=C(Nc1ccncc1)c2cccc3ccccc23,3.1,3.308144342422649,0.2081443424226488
1364,train,CC(C)c1noc(n1)N2CCN([C@H](C)C2)c3ncc(OCc4ccncc4C#N)cn3,3.1,3.2699379146946406,0.16993791469464048
2896,train,CN(C)CCCOc1ccc(cc1)c2cc(C(=O)N)c(NC(=O)N)s2,0.64,0.949902907332183,0.30990290733218295
3853,train,COc1cncc(NC(=O)c2cc(NC(=O)c3cccc(c3)C(C)(C)C#N)ccc2C)c1,3.04,2.972024338558674,-0.06797566144132583
3865,train,C[C@@H]1CN[C@@H](C2CC2)C(=O)N(C)[C@H](C)C(=O)N[C@H](Cc3ccc(F)cc3)C(=O)NCCCc4ccccc4O1,3.3,3.123644779812541,-0.17635522018745897
706,train,CC(=O)Nc1ccc(cc1)c2ccnc(Nc3ccc(cc3)N4CCOCC4)n2,2.91,2.7840255623943513,-0.12597443760564886
2369,train,CNS(=O)(=O)Cc1ccc2[nH]cc(CCN(C)C)c2c1,-0.96,-0.6467005611333572,0.3132994388666428
1774,train,Cc1c(Sc2ccc(Cl)cc2)c3cccc(Cl)c3n1CC(=O)O,2.0,2.143719740434385,0.14371974043438485
3289,train,CC(C)C(NC(=O)CN1C(=O)C(=CN=C1c2cccnc2)NC(=O)OCc3ccccc3)C(=O)C(F)(F)F,2.15,2.3060422733352848,0.15604227333528486
2167,train,O=C(Nc1nccs1)c2ccccc2,2.43,2.36290238252477,-0.06709761747523002
670,train,FC(F)(F)c1nnc2ccc(nn12)N3CCN(Cc4ccc(cc4)C#N)CC3,2.9,3.091976803677877,0.19197680367787706
1809,train,CC(C)N(C(C)C)C(=O)C(C(CNC(=O)NCc1ccccc1F)c2ccccc2)c3cccnc3,4.2,4.063250057335251,-0.13674994266474894
417,train,CC(C)CN1C(=O)N(C)C(=O)c2c1sc(Cc3ccccc3C(F)(F)F)c2C(=O)N4CC[C@@H](O)C4,2.74,2.6859093855323413,-0.05409061446765895
1019,train,CCN(C1CCN(CCC(N2CCN(CC2)c3ccccc3)c4ccccc4)CC1)C(=O)Cc5ccc(cc5)S(=O)(=O)C,2.67,2.6126687624188127,-0.05733123758118719
3803,train,Fc1ccc(CC2=NNC(=O)c3ccccc23)cc1C(=O)N4CCN(CC4)C(=O)C5CCCO5,0.9,1.0414672348970648,0.1414672348970648
2036,train,OC(=O)[C@H](Cc1cccc(c1)C#N)N2CCC(CN3CCC(CC3)Oc4ccc(Cl)c(Cl)c4)CC2,2.26,2.2618509937820197,0.0018509937820199163
1244,train,CCNC(=O)c1ccc(C)c(c1)N2C=Nc3ccc(cc3C2=O)N4CCN(C)CC4,1.47,1.931916971822694,0.4619169718226941
2704,train,COc1cc(ccc1Cc2c[nH]c3ccc(NC(=O)CC4CCCC4)cc23)C(=O)NS(=O)(=O)c5ccccc5C,2.0,2.213524343711643,0.2135243437116432
1863,train,NC1=CC2=NNC(=O)N2c3cc(ccc13)c4ccc[nH]4,2.3,2.464625338110857,0.1646253381108571
758,train,CC1(CC1)c2c(cnn2c3ccc(cc3)C(=O)O)C(=O)NC4C5CC6CC(CC4C6)C5,1.11,1.155006134698057,0.04500613469805681
698,train,Cc1c(c2c(NS(=O)(=O)C)cccc2n1CC(=O)O)S(=O)(=O)c3ccc(Cl)cc3,-0.83,-0.8630669373325452,-0.03306693733254529
1012,train,CC(C)C(NC(=O)CN1C(=O)C(=CC=C1c2ccccc2)NC(=O)OCc3cc(C)nc(C)c3)C(=O)C(F)(F)F,2.38,2.2690623714129448,-0.11093762858705514
2362,train,OC(=O)CSCC(=O)Nc1nc(cs1)c2ccc(F)cc2,-0.2,0.43674455583551475,0.6367445558355147
3960,train,CN(c1ccc(c(Cl)c1)c2cc(F)ccc2OCC(=O)O)S(=O)(=O)C,-1.17,-1.0580483716305533,0.11195162836944661
2367,train,O=C(COCc1ccccc1)Nc2ccc3c(c2)C(=O)C(=O)c4ccccc34,3.21,3.488712972795505,0.2787129727955051
1621,train,Oc1oc(c2ccccc2)c(n1)c3ccccc3,3.42,3.122212045511401,-0.29778795448859885
1337,train,N(c1ccccc1)c2[nH]nnc2c3ccccc3,3.37,3.1240239185376035,-0.24597608146239658
1234,train,Nc1nc(N)c(nc1Cl)C(=O)Nc2ccccn2,2.67,2.090006272490484,-0.5799937275095157
2272,train,CC(C)C(NC(=O)CN1C(=O)C(=CN=C1C(C)C)NC(=O)OCc2ccccc2)C(=O)C(F)(F)F,2.63,2.3743826688153358,-0.2556173311846641
1691,train,Cc1ccc(CN2[C@@H]3CC[C@H]2C[C@H](C3)Oc4cccc(c4)C(=O)N)s1,2.39,2.2691729536012155,-0.12082704639878461
1293,train,Nc1nc(ns1)c2ccccc2,2.2,2.359430281652377,0.15943028165237694
3290,train,OC(=O)CCn1c2ccccc2c3ccccc13,0.6,0.7083398171033799,0.10833981710337992
2669,train,CCN(CC)CCOc1ccc(cc1)\C(=C(\Cl)/c2ccccc2)\c3ccccc3,4.09,3.4718357478126967,-0.6181642521873032
1859,train,CCCNC(=O)c1nnc2c(cccc2c1N)c3cc(C)ccc3OC,3.99,3.902257868239781,-0.08774213176021917
714,train,COc1cc2nnc(C(=O)N)c(Nc3ccc(C)cc3F)c2cc1N4CCN(C)CC4,2.36,2.3100025092494114,-0.04999749075058846
2003,train,COc1ccc(cc1)C(=O)Nc2cc(NC(=O)c3cccc(c3)N(C)C)ccc2C,3.17,3.134554934576271,-0.03544506542372883
423,train,COc1ccc2N=CC(=O)N(CCN3CCC(CC3)NCc4cc5OCCOc5cn4)c2n1,0.83,0.7294547456612448,-0.10054525433875516
2950,train,CCOC(=O)c1ccccc1c2csc(NS(=O)(=O)c3ccc(Cl)cc3)n2,2.43,2.505173466359863,0.07517346635986266
335,train,NS(=O)(=O)c1cc2c(NC(Cc3ccccc3)NS2(=O)=O)cc1C(F)(F)F,1.78,1.8306111817770143,0.05061118177701429
3276,train,CC[C@@H](N1CCC[C@@H](C1)N2C=C(C)C(=O)NC2=O)c3ccc(C(=O)O)c(Oc4cccc(Cl)c4)c3,0.22,0.3216860525212786,0.10168605252127857
3183,train,CCN(CC)C(=O)c1ccc(cc1)C2=CC3(CCNCC3)Oc4cccc(O)c24,0.54,0.6170870440578513,0.07708704405785127
2857,train,CN(C)CCOc1ccc(cc1)c2cc(C(=O)N)c(NC(=O)N)s2,1.16,1.3730241511860313,0.21302415118603135
1090,train,CSc1ccc(OCc2ccccc2)c(c1)C(=O)Nc3ccc(cn3)C(=O)O,1.6,2.210566928814543,0.610566928814543
284,train,COc1ccccc1c2nnc(N)[nH]2,0.91,0.899758598401935,-0.01024140159806508
1852,train,Cc1c(OCC(F)(F)F)ccnc1C[S+]([O-])c2nc3ccccc3[nH]2,2.7,2.1719007824129433,-0.5280992175870569
392,train,OC(=O)c1ccccc1Cn2nnc(n2)c3cccc(OCc4ccc5ccccc5n4)c3,2.1,1.8755074637934461,-0.22449253620655396
2742,train,Nc1ccccc1NC(=O)c2ccccn2,1.0,1.4854265485684537,0.4854265485684537
2162,train,Oc1ccc(CCNCCCS(=O)(=O)NCCSCCc2ccccc2)c3sc(O)nc13,1.77,1.7112096581534206,-0.058790341846579386
605,train,CCN(CC)CCOc1ccc(cc1OC)N(C)C(=O)c2ccc(cc2)c3ccc(cc3)C(F)(F)F,3.13,3.1047988020809942,-0.025201197919005658
3776,train,CCN(CC)CCCNCc1cc(Cl)c2cccnc2c1O,0.72,0.8530221729179985,0.13302217291799856
1769,train,CC(C)CCCC(C)\N=C\1/C=CN(Cc2ccccc2)c3cc(Cl)ccc13,1.58,1.9264389149701937,0.34643891497019363
4087,train,Fc1ccc(CC2=NNC(=O)c3ccccc23)cc1C(=O)N4CCN(CC4)C(=O)C5CCOC5,0.8,0.9679891642474003,0.1679891642474003
673,train,CN[C@@H](C)C(=O)N[C@H](C(=O)N[C@H]1CCCN(CCc2ccccc2)C1)C(C)(C)C,1.46,1.3647514159809646,-0.09524858401903535
2959,train,CN[C@@H](C)C(=O)N[C@H](C(=O)N[C@H]1CCCN(CCc2ccc(C)cc2)C1)C(C)(C)C,2.05,2.011069203477789,-0.038930796522210986
384,train,Cc1ccc(cc1)S(=O)(=O)Nc2c(cnn2c3ccccc3)C(=O)NCc4ccccc4,1.9,1.3791481495977007,-0.5208518504022992
756,train,[O-][N+](=O)c1ccc2c(c1)nc3CCCCCn23,2.58,2.544295480083213,-0.035704519916786914
1362,train,CC1=C(N2[C@H](SC1)[C@H](NC(=O)[C@H](N)c3ccc(O)cc3)C2=O)C(=O)O,-0.86,-0.5323707790540078,0.32762922094599223
820,train,CCN(CC)C(=O)N[C@H]1C[C@H]2[C@@H](Cc3c[nH]c4cccc2c34)N(C)C1,2.73,2.658099315141901,-0.07190068485809897
2400,train,ONC(=O)C1COC(=N1)c2ccc(F)c(c2)C(F)(F)F,1.53,1.7666369378836784,0.23663693788367834
446,train,CNC(=O)[C@H]1CCCN1Cc2cc3c(Nc4cccc(Cl)c4F)ncnc3cc2OC,3.65,3.570011400840399,-0.07998859915960077
1049,train,Clc1ccc(cc1)S(=O)(=O)Nc2nnc(s2)c3ccccc3,1.14,2.061236351292556,0.9212363512925561
3341,train,NC(=O)Nc1sc(cc1C(=O)N[C@H]2CCCNC2)c3ccccc3,1.27,1.3012293204332634,0.03122932043326343
2295,train,C[C@H](CO)Nc1nc(SCc2cccc(F)c2F)nc3nc(N)cnc13,2.89,2.815164331549771,-0.07483566845022915
1636,train,C[C@@H](NC(=O)C1(N)CCN(CC1)c2ncnc3[nH]ccc23)c4ccc(Cl)cc4,3.3,2.902465967394974,-0.3975340326050256
2311,train,CCS(=O)(=O)c1ccc(c(C)c1)c2cc(ccc2OCC(=O)O)C(F)(F)F,-0.45,-0.5894192087093906,-0.13941920870939056
2565,train,CCC(NC(=O)c1ccc(C)cc1)C2=Nc3ccsc3C(=O)N2Cc4ccccc4,4.14,4.0992168933498885,-0.0407831066501112
3523,train,C[C@H](CO)Nc1nc(SCc2cccc(F)c2F)nc3nc(C)cnc13,3.55,3.7008576301678815,0.15085763016788167
1266,train,C[C@@H]1CN(CCN1C(=O)[C@@H]2CCCC[C@H]2C(=O)NC3(CC3)C#N)c4ccc5c(C)nn(C)c5c4,2.7,2.5700194554071905,-0.12998054459280972
2183,train,C1CN(CCO1)c2cc(Nc3nccc(Nc4cccc5[nH]ncc45)n3)cc(c2)N6CCOCC6,3.05,3.0512572570930407,0.00125725709304092
3769,train,CCC[C@@H](CN1CCCC1)N(C)C(=O)Cc2ccc(Cl)c(Cl)c2,2.27,2.761085545774619,0.4910855457746188
697,train,COc1cc2c(NC(=O)Nc3c(Cl)cccc3Cl)ncnc2cc1OCC4CCN(C)CC4,2.7,2.3936388306984004,-0.30636116930159973
615,train,CC(C)N1CCC[C@H](CN2C(=Nc3ccc(cc3C2=O)c4ccc(Cl)cc4)C)C1,3.3,3.201969822029767,-0.09803017797023283
1002,train,CN1CCNc2nc(CCOc3ccc(C[C@H](NC(=O)c4c(Cl)cccc4Cl)C(=O)O)cc3)ccc12,0.07,-0.21510855320598665,-0.28510855320598666
1298,train,CNC1=Nc2ncccc2C(=NC1c3ccns3)c4occc4,1.44,1.6470337827980024,0.20703378279800244
1003,train,C(Sc1nc2cccnc2[nH]1)c3ccccc3,3.22,2.6850995437811855,-0.5349004562188147
3501,train,COc1cc(Cc2cnc(N)nc2N)cc(OC)c1OC,0.63,0.8634433419494068,0.23344334194940675
2598,train,CC(N1C(=O)c2ccccc2C1=O)C(=O)N3CCc4ccccc4C3,2.47,2.1832416842377826,-0.28675831576221755
2996,train,CCN1C=C(C(=O)O)C(=O)c2cc(F)c(cc12)N3CCNCC3,-0.87,-0.9320703262077239,-0.0620703262077239
2155,train,Fc1ccc(cc1)C(=O)N2CCC[C@@H](C2)c3onc(n3)c4ccc(F)cc4,3.73,3.293127723791054,-0.4368722762089461
3612,train,NC(=O)c1cccc(O[C@@H]2C[C@H]3CC[C@@H](C2)N3Cc4ccccc4)c1,1.76,1.5679808500711219,-0.19201914992887814
244,train,COc1cc(O)cc2OC=C(C(=O)c12)c3ccc(O)cc3,2.0,2.1803523930166167,0.18035239301661665
2099,train,COc1cc(OC)c2nc(C)c3CCN(c4ccc(O)cc4)c3c2c1,1.5,1.609443196033948,0.10944319603394792
4199,train,CN1C(=O)C=C(CCc2ccc3ccccc3c2)N=C1N,2.7,2.6820671806773833,-0.017932819322616922
3332,train,COc1ccc(OC)c(c1)c2c(F)ccc3c(N)c(nnc23)C(=O)NC(C)C,3.77,3.5703159536067597,-0.19968404639324033
406,train,C[C@@H](O)[C@H](NC(=O)c1ccc(cc1)C#Cc2ccc(CN3CCOCC3)cc2)C(=O)NO,2.03,2.360674730314142,0.3306747303141422
2568,train,c1ccc2ncccc2c1,2.09,2.0324481023925416,-0.05755189760745827
733,train,CC(C)C(CCCN(C)CCc1ccccc1)(C#N)c2ccccc2,3.6,3.423620926682379,-0.17637907331762115
809,train,CNC(=O)c1ccccc1Sc2ccc3c(\C=C\c4ccccn4)n[nH]c3c2,3.8,3.6716278992949567,-0.12837210070504312
1376,train,COc1ccc(cc1)C(=O)CS(=O)(=O)c2ccccc2,1.96,2.2019656434509844,0.24196564345098448
3388,train,Clc1ccc(cc1)C(N2CCNCC2)c3ccccc3,1.94,1.8336647131927641,-0.10633528680723581
2572,train,COc1cc2ncnc(Nc3cc(Cl)ccc3F)c2cc1OCCCN4CCOCC4,3.4,3.0644562965580793,-0.33554370344192064
3757,train,Nc1nc2ccc(OC(F)(F)F)cc2s1,3.34,3.115208522345734,-0.22479147765426566
2377,train,NC(=O)c1cnc(c2ccc(cc2)C3(N)CCC3)c(c1)c4ccccc4,1.3,1.5037662941083003,0.20376629410830027
3499,train,CC(C)C[C@H](CO)Nc1nc(SCc2cccc(c2)C#N)nc3nc(N)sc13,3.9,3.8697401259148974,-0.030259874085102556
2893,train,CCN1C(=O)N(CC2CC2)c3nn(Cc4ccnc5ccc(Cl)cc45)c(c3C1=O)c6cc(cn6C)C#N,4.13,3.8908218027323773,-0.23917819726762257
3860,train,COC(=O)c1c(C)[nH]c(C)c1C(=O)c2ccccc2Cl,2.7,2.5377798767153403,-0.16222012328465985
1975,train,FC(F)(F)c1cccc(c1)S(=O)(=O)NCC(N2CCCCCC2)c3ccccc3,3.12,3.486900103355362,0.36690010335536183
3260,train,COCCC(Oc1ncnc2c1cnn2c3ccccc3C(F)(F)F)C(=O)Nc4ccc(C)cn4,3.5,3.5666640928133235,0.06666409281332353
4063,train,Cn1cc(cc1c2c3C(=O)N(CC#C)C(=O)N(CC4CC4)c3nn2Cc5ccnc6ccc(Cl)cc56)C#N,3.96,3.8109067372864125,-0.14909326271358747
1778,train,Nc1ncnc2nc(cc(c3cccc(Br)c3)c12)c4ccc(nc4)N5CCOCC5,3.2,3.090972750157847,-0.1090272498421534
3982,train,Cc1sc(N)nc1c2ccccc2,2.75,2.972762115937894,0.22276211593789386
2187,train,OC(=O)COc1ccc(Cl)cc1CN2CCN(CC2)S(=O)(=O)c3ccccc3,0.49,0.6285458813370308,0.13854588133703083
633,train,Fc1cc(Cl)ccc1N2CCN(CC2)C(=O)COCc3ccncc3,2.55,2.8616236440165994,0.3116236440165996
2477,train,CCN(CC)CCN1C(=O)[C@@](O)(c2ccccc2Cl)c3c1cc(cc3C(F)(F)F)C(=O)N,2.4,2.129689226034743,-0.27031077396525705
2152,train,Nc1cc(cc(c1)C(F)(F)F)C(=O)Nc2cccc(c2)c3nnn[nH]3,0.2,0.4714535914042104,0.2714535914042104
2966,train,Cc1ncsc1CCOCCCS(=O)(=O)CCNCCc2ccc(O)c3nc(O)sc23,1.44,1.4517967014898634,0.011796701489863448
3012,train,C=CCCCCCCCCC(=O)N[C@H]1CCC(=O)NC1=O,2.64,2.3362905334482766,-0.3037094665517235
1185,train,CC(C)n1c(C)ncc1c2ccnc(Nc3ccc(C(=O)NCCN(C)C)c(F)c3)n2,1.96,2.194093354305454,0.23409335430545397
3780,train,CC(C)[C@H](NC(=O)N(C)Cc1csc(n1)C(C)C)C(=O)N[C@H](C[C@H](O)[C@H](Cc2ccccc2)NC(=O)OCc3cncs3)Cc4ccccc4,4.3,3.981342114382542,-0.318657885617458
3709,train,CC(C)COc1ccc(cc1C#N)c2nc(C)c(s2)C(=O)O,0.94,1.3490585573643075,0.4090585573643075
3156,train,CCCCC(O)c1[nH]c2cc(C)c(cc2c1CCc3ccccc3)C(=O)O,2.59,2.6231492673795938,0.033149267379593894
3151,train,CNc1c(cnc2[nH]c(nc12)c3ccc(OCCN4CCOCC4)cc3)C(=O)N,2.14,1.875312993440271,-0.2646870065597291
890,train,Oc1ccc2C[C@H]3N(CC4CC4)CC[C@@]56[C@@H](Oc1c25)c7[nH]c8ccccc8c7C[C@@]36O,2.7,2.462234781183727,-0.2377652188162731
2827,train,Oc1ccc(cc1)C2=CC(=O)c3cc(O)ccc3O2,3.3,3.4489409847646844,0.14894098476468454
4037,train,CN1CCOc2cc(OC(=O)c3ccccc3)cnc12,3.3,3.116426074873088,-0.18357392512691195
1120,train,CC(=O)Nc1ccc2c(c1)c(cn2CCO)c3cc(NC4CC4)n5ncc(C#N)c5n3,2.71,2.556448759380949,-0.15355124061905112
2831,train,O=C1C=COc2ccccc12,1.4,1.3468074332040265,-0.053192566795973395
2318,train,COc1ccc2nccc([C@H](O)[C@H]3C[C@@H]4CCN3C[C@@H]4C=C)c2c1,2.21,2.2605120732668227,0.05051207326682272
996,train,Oc1cccc2ccccc12,2.5,2.5021398960562564,0.0021398960562564184
861,train,CC1=CC2=NNC(=O)N2c3cc(ccc13)c4occc4,2.07,2.6349287804239134,0.5649287804239136
1173,train,Cc1ccc(s1)C(NC(=O)c2ccccc2O)C(=O)Nc3c(C)cccc3C,4.05,3.6218252478064947,-0.4281747521935051
2960,train,CC(C)[C@@H](CN1CCCCC1)N(C)C(=O)Cc2ccc(Cl)c(Cl)c2,2.87,2.881900546194754,0.011900546194754114
3900,train,CC(O)(C(=O)Nc1ccc(cc1)S(=O)(=O)c2ccccc2)C(F)(F)F,2.98,2.643815031854784,-0.3361849681452158
1589,train,Cc1ccc(cc1)n2nc(cc2NC(=O)Nc3ccc(OCCN4CCOCC4)c5ccccc35)C(C)(C)C,4.49,4.367140233493661,-0.12285976650633934
3864,train,COc1cc(Nc2cc(Oc3cccnc3)ccn2)cc(OC)c1OC,2.66,2.673096188928487,0.013096188928487074
729,train,Cc1ccc(NC(=O)c2cccc(c2)N3CCOCC3)cc1NC(=O)c4ccc(OCc5ccccn5)cc4,3.2,3.407350182998166,0.20735018299816588
2132,train,COc1cc2c(Nc3ccc(Br)cc3F)ncnc2cc1OC[C@@H]4CCCN(C)C4,3.05,3.022016219681313,-0.02798378031868687
2236,train,C[C@H](CO)Nc1nc(SCc2csc(C)n2)nc3nc(N)sc13,1.73,1.703179281080455,-0.026820718919545072
4133,train,Fc1cc(ccc1C2=CCS(=O)(=O)CC2)N3C[C@H](Cn4nncc4F)OC3=O,3.54,3.2518230967308726,-0.2881769032691275
3630,train,CNC1=CN=C(N(CC(=O)NC(C(C)C)C(=O)C(F)(F)F)C1=O)c2ccc(F)cc2,1.86,1.6885977236885636,-0.17140227631143645
3531,train,CC(C)[C@H](NC(=O)C[C@H](NC(=O)\C=C\c1ccccc1)c2ccccc2)C(=O)[C@H]3[C@H](C)C(=O)NC3=O,1.91,1.7354758022423562,-0.17452419775764372
637,train,Cc1nnc(N)s1,-0.4,-0.05928344624554205,0.340716553754458
1207,train,CC(=O)Nc1ccc2ccn(c3cc(NCCN4CCCC4)n5ncc(C#N)c5n3)c2c1,2.24,2.401455052306627,0.1614550523066267
3812,train,CCCNC(=O)c1nnc2c(c(F)ccc2c1N)c3ccc(OC)cc3OC,3.52,3.5077471824641098,-0.012252817535890248
3467,train,CN(C)C(=O)Nc1ccc(CN2NC(=O)C3=C(C2=O)C(=O)c4ccc(Cl)cc4N3)cc1,1.1,1.1344191419683491,0.034419141968349054
3765,train,COc1ccc2nccc(C(O)C3CC4(CCN3CC4)C=C)c2c1,2.08,1.9540069870204235,-0.12599301297957655
1068,train,CN1CCN(CC1)C(=O)c2ccc(cc2)C(=C3CCN(Cc4cscn4)CC3)c5cccc6cccnc56,1.98,2.088504582764982,0.10850458276498198
1414,train,Oc1ccc(cc1)C2=Cc3ccc(O)cc3OC2,3.8,3.584821585702187,-0.21517841429781281
2985,train,Clc1ccc2[nH]ccc2c1,3.28,2.7990316102380293,-0.48096838976197054
860,train,CN1C(=O)C=C(CCc2cccc(c2)c3ccccc3)N=C1N,3.8,3.324994309048276,-0.47500569095172374
2204,train,Cc1cc(NC(=O)Nc2ccc(Cl)cc2)n(n1)c3ccccc3,4.15,4.005320531773105,-0.14467946822689548
1259,train,C[C@@H]1CN(CCN1c2ncc(OCc3ccc(cc3)C#N)cn2)C(=O)OC(C)(C)C,2.89,3.2479664551124827,0.3579664551124826
770,train,CN(c1cccc(c1)C(=O)Nc2ccc(C)c(NC(=O)c3ccc4ncccc4c3)c2)S(=O)(=O)C,2.8,2.7103589999895137,-0.08964100001048614
3360,train,COCCCOc1ccnc(C[S+]([O-])c2nc3ccccc3[nH]2)c1C,-0.69,0.30691538401514085,0.9969153840151408
564,train,CC(C)CN1C(=O)N(C)C(=O)c2c1sc(Cc3ccccc3C(F)(F)F)c2C(=O)N4CC(C)(O)C4,3.18,3.583547078900315,0.4035470789003148
2984,train,OS(=N)(=O)Cc1noc2ccccc12,0.55,0.7833354945833895,0.23333549458338942
761,train,Oc1ccc(cc1)c2nc3ccc(O)cc3s2,3.65,3.863133654069083,0.2131336540690829
606,train,C[C@H](NC(=O)c1c(C)nn(c1NS(=O)(=O)c2ccc(C)cc2)C(C)(C)C)C(C)(C)C,1.84,1.4060251457941526,-0.43397485420584747
343,train,OC(=O)C[C@H]1[C@@H](Cc2ccccc12)NC(=O)c3cc4sc(Cl)c(Cl)c4[nH]3,2.53,2.123615318058091,-0.4063846819419088
3269,train,Oc1c2C(=O)N(NC(=O)c2nc3cc(Cl)ccc13)C(c4ccccc4)c5ccncc5,1.1,1.044179992465157,-0.055820007534843175
3071,train,Cc1cc(Oc2ccnc(Nc3ccc(cc3)S(=O)(=O)N)c2)c(nc1C)c4ccccn4,2.34,2.4723646928403227,0.13236469284032282
79,train,CC1COc2c(N3CCN(C)CC3)c(F)cc4C(=O)C(=CN1c24)C(=O)O,-0.45,-0.31863603136016927,0.13136396863983074
2145,train,C[C@H]1O[C@H]([C@H](O)[C@H]1Cl)n2cnc3c(N)nc(OCC4CC45CC5)nc23,3.68,3.126570864252919,-0.5534291357470811
18,train,COc1cc(ccc1N2CC[C@@H](O)C2)N3N=Nc4cc(sc4C3=O)c5ccc(Cl)cc5,3.15,3.0656887503712547,-0.08431124962874526
3639,train,CN1C(=O)N(C)c2ncn(C)c2C1=O,-0.03,0.39976367779751976,0.4297636777975198
2725,train,CC[C@H](NC(=O)c1c(CS(=O)(=O)C)c(nc2ccccc12)c3ccccc3)c4ccccc4,3.25,3.196191697154229,-0.053808302845771205
3986,train,Nc1ccccc1[N+](=O)[O-],-0.96,0.23461947268081063,1.1946194726808106
2802,train,CN(C(CN1CCCC1)c2ccccc2)C(=O)Cc3ccc(Cl)c(Cl)c3,3.38,3.0975794065837947,-0.2824205934162052
793,train,CCCCOc1nc(N)c2NC(=O)N(Cc3cccc(CC(=O)OC)c3)c2n1,3.76,3.028268203312991,-0.7317317966870087
415,train,Fc1cc(C(=O)Nc2cccc(c2)c3nnn[nH]3)c4nc[nH]c4c1,0.29,0.28685660172348837,-0.003143398276511611
658,train,CS(=O)(=O)N1CCc2c1nc(nc2c3cnc(N)nc3)N4CCOCC4,1.2,1.0026110769239582,-0.19738892307604172
383,train,CC(C)(C)NCC(O)COc1nsnc1N2CCOCC2,-0.35,-0.00852046537395168,0.3414795346260483
2205,train,[O-][N+](=O)c1cccc(c1)c2ccc(OCC(CCc3ccc(cc3)C(=O)N4CCCC4)N5C(=O)CCCC5=O)cc2,2.31,2.6739797935049507,0.3639797935049507
1183,train,NC(=O)c1cnc2[nH]c(nc2c1NCCCNC(=O)C3CCC3)c4ccc(OCCN5CCCCC5)cc4,2.48,2.506222411073897,0.02622241107389689
263,train,[O-][N+](=O)c1cccc(c1)C(=O)Nc2nc3ccccc3n2CCN4CCOCC4,3.3,3.024633197933891,-0.27536680206610864
2629,train,Cc1ncc(c2ccnc(Nc3ccc(cc3)S(=O)(=O)N)n2)n1C,1.6,1.6887638896577952,0.08876388965779514
3519,train,Cc1cc(Oc2ccnc(Nc3cccc(c3)N4CCOCC4)c2)c(nc1C)c5ccccn5,3.27,3.2919279187988923,0.021927918798892332
42,train,NC(=NC#N)c1sc(Nc2ccccc2)nc1N,2.91,2.7039761796921216,-0.20602382030787858
1723,train,NS(=O)(=O)c1cc(ccc1Cl)C2(O)NC(=O)c3ccccc23,0.97,1.2958540358540582,0.32585403585405825
3715,train,CC(C)n1nc(c2ccc(C)cc2)c3c(N)ncnc13,3.2,2.946807766113638,-0.25319223388636214
3238,train,CCNC(=O)c1cc2c(c(cnc2[nH]1)c3cncc(c3)C4=NNC(=O)O4)n5ccc(n5)C(F)(F)F,1.65,1.5956586832552553,-0.05434131674474463
1728,train,CNc1cccc(CCCc2ccc(C[C@H](NC(=O)c3c(Cl)cccc3Cl)C(=O)O)s2)n1,0.78,0.6551179870706247,-0.12488201292937529
1644,train,CCOC(=O)c1ccc(OCC2CCN(C2)c3ccc(C)nn3)cc1,3.44,3.2744881825837995,-0.16551181741620047
3253,train,Nc1ncnc2OCCN(C(=O)c12)c3ccc(cc3)[C@@H]4CC[C@@H](CC(=O)O)CC4,-0.5,-0.16772864821969158,0.3322713517803084
3585,train,CN(C)C(=O)N1CCC(CC1)C(=O)NCc2cccs2,1.1,1.3049837697162603,0.2049837697162602
2390,train,COc1ccc2N=CC(=O)N(CCN3CC[C@@H](NCc4cc5OCCOc5cn4)[C@H](O)C3)c2c1,0.9,0.8144148359315555,-0.08558516406844452
568,train,CN(C)S(=O)(=O)c1ccc2Sc3ccccc3\C(=C\CCN4CCN(C)CC4)\c2c1,3.16,2.889569957426435,-0.2704300425735653
3992,train,CC1=CN([C@H]2CCCN(C2)[C@H](CC3CCCCC3)c4ccc(C(=O)O)c(Oc5cccc(Cl)c5)c4)C(=O)NC1=O,1.83,1.638067551646289,-0.19193244835371104
2277,train,NC(=O)c1cccc(N[C@H]2C[C@H]3CC[C@@H](C2)N3Cc4ccccc4)c1,1.01,1.3635346475371581,0.35353464753715813
3798,train,CCCSc1nc(Oc2ccc(CC(=O)O)cc2)ccc1C(=O)NC3CCCCC3,1.79,1.718872951724534,-0.07112704827546601
732,train,CC(=O)CC(C1=C(O)c2ccccc2OC1=O)c3ccccc3,0.86,1.1420846417530195,0.2820846417530195
4028,train,CC(C)Cc1ccc(cc1)[C@H](C)C(=O)NS(=O)(=O)C,0.56,0.7316976103923203,0.17169761039232023
3654,train,CN(c1ccnc(Nc2cc(cc(c2)N3CCOCC3)N4CCOCC4)n1)c5cccc6[nH]ncc56,3.23,3.387435673404603,0.15743567340460318
3813,train,CC(C)OC(=O)N1CCC(CC1)Oc2ncnc3N(CCc23)c4ccc(cc4F)S(=O)(=O)C,3.4,3.3552946311783742,-0.04470536882162568
1426,train,CCCC(=O)Nc1ccc(Cl)c(c1)c2oc3cccnc3n2,3.37,3.2960147716238066,-0.07398522837619348
618,train,Nc1ncc2cc(c(N)nc2n1)c3c(Br)cccc3Br,2.06,2.502198495026981,0.44219849502698105
2591,train,CC(C)(C)OC(=O)N1CCN(CC1)c2cnc(OCc3ccc(cc3)S(=O)(=O)C)cn2,3.4,3.2834174454049165,-0.11658255459508338
3990,train,Clc1ccc(CNc2nc(nc3ncccc23)N4CCN(CC4)C(=O)[C@H]5CCCCN5)c(Cl)c1,2.27,2.536930873289105,0.2669308732891049
2291,train,CCCS(=O)(=O)N1N=Cc2cc(Cl)ccc2B1O,-0.4,-0.030808379700971944,0.3691916202990281
1483,train,CC(C)C(NC(=O)CN1C(=O)C(=CN=C1c2ccc(F)cc2)NC(=O)OCc3ccccc3)C(=O)C(F)(F)F,2.47,2.411436287076519,-0.05856371292348106
691,train,C[C@H](CO)Nc1nc(SCc2cccc(F)c2F)nc3nc(NC4CC4)sc13,4.37,3.973584544268391,-0.3964154557316091
2935,train,COCc1c(nc(C(C)C)c(\C=C\[C@@H](O)C[C@@H](O)CC(=O)O)c1c2ccc(F)cc2)C(C)C,1.72,1.6276728192916006,-0.0923271807083994
2552,train,CCN(CCO)CCCOc1cc2ncnc(Nc3cc(CC(=O)Nc4cccc(F)c4)[nH]n3)c2cc1OC,2.12,2.2010515924397445,0.08105159243974436
3045,train,CN(CCOc1ccc(NS(=O)(=O)C)cc1)CCc2ccc(NS(=O)(=O)C)cc2,0.6,0.9870638949133999,0.3870638949133999
2356,train,CC1=CC(=O)Nc2ccccc12,1.9,1.996563841303547,0.096563841303547
1417,train,Oc1ccc(CCNCCCS(=O)(=O)NCCOCCc2ccc(F)cc2)c3sc(O)nc13,1.57,1.6779714255137685,0.10797142551376848
1572,train,CCC(=O)O[C@H]1CC[C@H]2[C@@H]3CCC4=CC(=O)CC[C@]4(C)[C@H]3CC[C@]12C,3.3,3.3496604234504606,0.04966042345046073
4044,train,Nc1cccc2c3ccccc3C(=O)C(=O)c12,2.95,2.539039002805051,-0.41096099719494905
681,train,COc1cc2ncnc(N3CC[C@H](C3)Oc4cnc5ccccc5n4)c2cc1OC,4.04,3.749662421309927,-0.2903375786900728
3688,train,COC[C@H](O)CN1C(=O)C=NN(C1=O)c2ccc(Cl)c(c2)C(=O)NCC3(O)CCCCCC3,1.46,1.4386578417487002,-0.021342158251299814
626,train,CC(C)(C(=O)O)c1ccc(cc1)C(O)CCCN2CCC(CC2)C(O)(c3ccccc3)c4ccccc4,0.42,1.3582228343213796,0.9382228343213797
2807,train,COc1cc(Nc2ncnc(Nc3c(Cl)ccc4OCOc34)n2)cc(OC)c1OC,3.01,2.8377406334731035,-0.17225936652689633
2348,train,CC(C)N(c1ccnc(Nc2cc(cc(c2)N3CCOCC3)N4CCOCC4)n1)c5cc(CO)ccc5C,3.9,3.6520009461350584,-0.24799905386494148
1796,train,CC(C)OC(=O)N1CCC(CC1)Oc2ncnc(Oc3cccnc3C)c2C,3.8,3.3918565228937156,-0.4081434771062842
3123,train,CN(C)CCCN1c2ccccc2CCc3ccc(Cl)cc13,3.36,3.3781184564682816,0.018118456468281696
4144,train,CCCCOc1nc(N)c2NC(=O)N(Cc3cccc(CC(=O)O)c3)c2n1,0.14,0.8189607024866838,0.6789607024866838
1110,train,Cc1cc(O)ccc1N2C(=O)c3ccc(O)cc3C2=O,2.0,2.089437766295912,0.08943776629591182
3856,train,CC(C)Nc1ccc2cnn(c3cncc(n3)n4ccc(CC(=O)O)c4)c2c1,1.24,1.1783120926132409,-0.06168790738675911
3489,train,CO[C@H]1CN(CCCOc2ccc(F)cc2)CC[C@H]1NC(=O)c3cc(Cl)c(N)cc3OC,3.56,3.399806009361903,-0.16019399063809692
1984,train,Cc1c(Sc2ccc(Cl)cc2)c3cc(ccc3n1CC(=O)O)c4ccccc4,3.7,3.5979353947918757,-0.10206460520812444
1440,train,Nc1ncccc1NCc2cccc(c2)c3cccnc3,3.0,3.0583816632297918,0.05838166322979177
1179,train,CC(=O)NC[C@H]1CN(C(=O)O1)c2ccc(N3Cc4cccnc4C3)c(F)c2,2.88,2.64985626404038,-0.2301437359596199
137,train,COc1cc(OC2CCN(CC2)C(=O)C)ccc1Nc3ncc(Cl)c(n3)c4cnc5ccccn45,4.0,3.7264042488008258,-0.27359575119917423
3483,train,CC1=CC(=O)Nc2sc(C(=O)c3ccc(Br)cc3)c(N)c12,2.57,2.5754754035893894,0.0054754035893895825
654,train,COCCC(=O)Nc1ccc(Nc2ncc3cc(ccc3n2)c4ccncc4)cc1,2.78,2.9997416452188217,0.2197416452188219
3722,train,Cc1cc(C)nc(N)c1,0.85,1.0286695903999559,0.1786695903999559
3643,train,COc1ccccc1N2CCN(CCN(C(=O)C3CCCCC3)c4ccccn4)CC2,3.0,3.0748631452776536,0.07486314527765359
465,train,CC(C)c1ccccc1Nc2nc(SCc3cccs3)n[nH]2,4.21,4.284292238084981,0.07429223808498087
2645,train,Nc1c2C(=O)N(Cc2nc3c(cccc13)c4ncccn4)C5CCC5,1.85,1.950607397722886,0.10060739772288585
65,train,COc1cc2ncc(C(=O)N)c(Nc3ccc(F)cc3F)c2cc1NCCN(C)C,1.91,1.9879685133001517,0.07796851330015175
395,train,COc1cc2ncc(C(=O)N)c(Nc3ccc(F)cc3)c2cc1OC,2.82,2.807284167032394,-0.012715832967606033
2601,train,CCN(CC)CCNC(=O)c1c(C)[nH]c(\C=C\2/C(=O)Nc3ccc(Cl)cc23)c1C,2.75,2.771019458336779,0.021019458336779095
2785,train,COc1cc(OC)c(cc1NC(=O)CCC(=O)O)S(=O)(=O)N(c2ccccc2)c3ccccc3,-0.8,-0.6045215117717357,0.1954784882282643
1462,train,CC(C)n1c(C)ncc1c2nc(Nc3ccc(cc3)N4CCOCC4)ncc2F,3.01,3.069427458570179,0.05942745857017906
2715,train,CCOc1cc(Nc2nc3c(cc2F)ncn3[C@@H](CO)c4ccc(F)cn4)n[nH]1,2.55,2.3501008824236993,-0.19989911757630052
1756,train,O=C(CC12CC3CC(CC(C3)C1)C2)Nc4cccc5ncccc45,3.83,3.66077350966038,-0.16922649033962012
815,train,CN(C)CC(O)COc1ccc(Nc2nccc(Nc3ccc(Cl)cc3)n2)cc1,2.6,2.336018161258529,-0.2639818387414712
207,train,OC(=O)C1CCN(CC1)c2ncccc2c3ccc(Cl)c(c3)C(=O)NCC4CCCCCC4,2.53,2.627445305390574,0.09744530539057417
59,train,O=C1NC(=NC(=C1C#N)c2ccccc2)SCCc3ccccc3,1.71,2.105924276674239,0.395924276674239
1581,train,Cc1ccc(C)c(OCCCC(C)(C)C(=O)O)c1,0.72,0.7634416508753179,0.04344165087531793
4032,train,COc1cc(F)ccc1c2cncc(CNCC3CC3)n2,1.8,1.781736560011844,-0.01826343998815605
2912,train,CC(CCc1ccccc1)NCC(O)c2ccc(O)c(c2)C(=O)N,1.06,1.1728129801556184,0.11281298015561836
3212,train,CC(C)n1c(C)ncc1c2nc(Nc3ccc(cc3)C(=O)N4CCCN(C)CC4)ncc2F,2.02,2.1874985969916314,0.1674985969916314
3040,train,CN1C(=O)CC(C1=O)c2ccccc2,0.68,1.037232959001157,0.35723295900115704
2662,train,CCCSc1ncccc1C(=O)N(C)C2CCCCC2,3.36,3.110791971258082,-0.24920802874191805
3453,train,Brc1cc(Br)cc(COC[C@@H](N2CCNCC2)c3ccccc3)c1,2.8,2.7356245261123515,-0.0643754738876483
647,train,COc1cc2c(Nc3ccc(F)cc3F)c(cnc2cc1N4CCN(C)CC4)C(=O)N,1.75,2.1670503769519125,0.4170503769519125
303,train,O=C1Nc2ccccc2C(=O)C=C1,1.02,1.2659531960997739,0.24595319609977384
115,train,COc1ccc(OC)c(CNC(=O)c2cccnc2Oc3ccccc3)c1,3.52,3.4950844814951543,-0.024915518504845746
1290,train,Oc1ccc(cc1)c2oc3ccc(O)cc3n2,3.4,3.366772065767641,-0.0332279342323587
2739,train,Cc1c(cnn1c2ccc(cc2)C(=O)O)C(=O)NC3C4CC5CC(CC3C5)C4,0.8,0.7708219031168584,-0.029178096883141658
3460,train,CCN(CC)CCN1C(=O)CN=C(c2ccccc2F)c3cc(Cl)ccc13,2.38,2.227577222197571,-0.15242277780242874
2703,train,Cc1ccc(cc1)C(=O)c2ccc(CC(=O)O)n2C,-1.02,-0.22170297488314272,0.7982970251168573
2779,train,CN(C)S(=O)(=O)c1ccc2OCC(=O)N(CCN3CCC(CC3)NCc4ccc5OCC(=O)Nc5n4)c2c1,0.15,0.40149346920763773,0.2514934692076377
2547,train,Oc1cccc(NC(=O)c2ccc(OCCCN3CCCC3)cc2OCc4ccccc4C#N)c1,2.34,2.8059885266332074,0.46598852663320756
925,train,CN(c1ccnc(Nc2cc(cc(c2)N3CCOCC3)N4CCCC4)n1)c5cc(CO)ccc5C,3.8,3.441079027342209,-0.35892097265779066
2101,train,CN1CCN(CC1)c2ccc3N=CN(C(=O)c3c2)c4cc(ccc4C)C(=O)Nc5ccon5,1.87,1.9710143040139747,0.1010143040139746
252,train,NC(=O)c1sc(cc1N)c2ccccc2,2.33,2.458628831687522,0.12862883168752193
2055,train,CN1C=CNC1=S,-0.42,0.4257563049063289,0.8457563049063288
2780,train,O\N=C\1/C(=O)N(Cc2ccccc2[N+](=O)[O-])c3ccccc13,2.07,2.2152702517671794,0.14527025176717956
712,train,CC1CC(CN)CC(CO)C1,-1.4,-1.315535000627078,0.08446499937292185
1370,train,CN1CCN(CC1)S(=O)(=O)c2ccc(cc2F)c3cnc(N)c(n3)C(=O)Nc4cccnc4,2.66,2.6525304656426254,-0.007469534357374741
2498,train,CCSc1ccc(cc1)c2cc(ccc2OCC(=O)O)C(F)(F)F,1.54,1.448908725540364,-0.09109127445963594
2909,train,CN(C)CCN(Cc1ccccc1)c2ccccn2,1.28,1.288821001321844,0.008821001321843935
3904,train,OCCCNc1ccc2c(NC(=O)CC3CCCCC3)c(Cl)ccc2n1,3.29,3.1284127356575375,-0.1615872643424625
834,train,CC(=O)NCC(NC(=O)C1(N)CCN(CC1)c2ncnc3[nH]ccc23)c4ccc(Cl)cc4,2.4,2.596188836401198,0.19618883640119789
3171,train,C1CC2(CCN1)OC(c3ccccc3)c4ccccc24,0.75,1.0052089691339867,0.2552089691339867
4073,train,Cc1cc(C)cc(c1)c2c(O)nc3cc(Cl)c(cc3c2OCCC4CCCCN4)C(=O)Nc5ccncn5,1.7,1.7381345393394843,0.0381345393394843
4178,train,OC(=O)[C@H](Cc1ccc(cc1)N2CCN(CC2)c3ccccc3)NC(=O)c4c(Cl)cccc4Cl,0.08,0.041987491240599084,-0.03801250875940092
1394,train,COc1ccc2CCC(=O)N(CCN3CCC(CC3)NCc4ccc5OCC(=O)Nc5n4)c2c1,0.66,0.7296662774833986,0.0696662774833986
101,train,C1Oc2ccccc2C3=NN(CC13)c4ccccc4,4.28,3.882972480078574,-0.3970275199214264
3197,train,Cc1c(O[C@H]2C[C@H]3CC[C@@H](C2)N3Cc4ccccc4)cccc1C(=O)N,1.6,1.6258223182619722,0.02582231826197212
1583,train,CCN(C1CCN(CCC(c2ccccc2)c3ccccc3)CC1)C(=O)Cc4ccc(cc4)S(=O)(=O)N,2.4,2.4451342696050693,0.04513426960506939
846,train,Oc1c(C#N)c(nc2ccncc12)c3ccc(cc3)c4ccccc4C(F)(F)F,3.3,3.2550172259096457,-0.044982774090354116
2422,train,O=C(NCC#N)[C@@H]1CCCC[C@H]1C(=O)N2CCCCC2,0.9,0.9943597066894063,0.0943597066894063
4092,train,CN(C)CC(O)COc1ccc(Nc2nccc(Nc3cc(C)ccc3F)n2)cc1,2.1,2.1283522782120405,0.02835227821204045
4100,train,COc1ccc(Nc2cc(Nc3ccc(OCC(O)CN(C)C)cc3)ncn2)cc1,1.5,1.269970350299384,-0.230029649700616
3228,train,CNc1c(Br)cnc2[nH]c(nc12)c3ccc(OCCN4CCN(C)CC4)cc3,2.91,2.8046161992063667,-0.10538380079363341
3190,train,COCCNC(=O)c1cccc(CN2NC(=O)C3=C(C2=O)C(=O)c4ccc(Cl)cc4N3)c1,1.2,1.2235128962210409,0.023512896221040913
188,train,CC(C)OC(=O)N1CCC(CC1)Oc2ncnc(Nc3ccc(nc3C)S(=O)(=O)C)c2C,2.8,2.95766835122738,0.1576683512273802
2689,train,COc1cc(ccc1Cn2cnc3ccc(NC(=O)CC4CCCC4)cc23)C(=O)NS(=O)(=O)c5ccccc5,0.9,1.275911753465339,0.375911753465339
2168,train,Fc1ccc(cc1Cl)C(=O)Nc2ccc(Cl)nc2,3.64,3.3748840918160155,-0.26511590818398467
3464,train,COc1ccc(COC(=O)N2CCC(CNc3ncccn3)CC2)cc1,3.14,3.0061117904655252,-0.1338882095344749
3450,train,CCN(CC)CCCC(C)Nc1c2ccc(Cl)cc2nc3ccc(OC)cc13,2.17,2.0566605428229434,-0.11333945717705651
3439,train,CN1CCCC(CC1)N2N=C(Cc3ccc(Cl)cc3)c4ccccc4C2=O,2.46,2.3418031722417334,-0.11819682775826656
916,train,CCN(CC)C(=O)c1ccc(C2=CC3(CCNCC3)Oc4ccccc24)c(O)c1,0.77,0.7986613436861809,0.028661343686180896
2986,train,CN(C)C(=O)[C@H](Cc1ccccc1)NC(=O)c2cc3cc(F)ccc3[nH]2,3.5,3.57892532520893,0.07892532520892992
3927,train,CC(C)CN1C(=O)N(C)C(=O)c2c1nn(Cc3cccc4ccccc34)c2c5cncn5C,4.1,4.0845356863054265,-0.015464313694573129
134,train,CC(C)NCC(O)COc1ccc(COCCOC(C)C)cc1,0.1,0.06505801937638811,-0.034941980623611896
1170,train,CCCc1c(O)c(ccc1OCCCCSCC(=O)O)C(=O)C,1.3,1.162620085629742,-0.1373799143702581
3430,train,C[C@H](Nc1nc(Nc2cc(C)[nH]n2)c(Cl)c(n1)N3CCOCC3)c4ncc(F)cn4,2.61,2.8636036949685586,0.2536036949685587
876,train,CN[C@@H](C)C(=O)N[C@@H](C1CCCCC1)C(=O)N[C@H]2CCCN(CCc3ccccc3)C2,1.65,1.7996835164117067,0.14968351641170674
429,train,CS(=O)(=O)c1cccc(Nc2nccc(Nc3c(Cl)ccc4OCOc34)n2)c1,3.13,3.215276407825074,0.08527640782507406
2546,train,Fc1ncccc1OC[C@@H]2CCN2,-1.2,-0.3971769601146571,0.8028230398853429
2814,train,OC1=CC(=O)C2=C(O1)c3ccccc3N(C2=O)c4ccccc4,0.96,1.5432213819555372,0.5832213819555372
2851,train,Cc1[nH]c(\C=C\2/C(=O)Nc3ccc(F)cc23)c(C)c1C(=O)NC[C@H](O)CN4CCOCC4,2.22,2.2358964916808546,0.015896491680854385
1860,train,CNC(=O)c1ccc(CN2CCC(CC2)c3ccc(cc3)C(=O)Nc4ccccc4N)cc1,1.99,1.984003197125394,-0.005996802874606022
3706,train,CN([C@H](CN1CCCC1)c2ccccc2)C(=O)Cc3ccc(Cl)c(Cl)c3,3.42,3.0975794065837947,-0.3224205934162052
1964,train,CC(C)n1c(C)ncc1c2ccnc(Nc3ccc(cc3)N4CCN(CC4)C(=O)CN(C)C)n2,3.31,2.912615819813322,-0.3973841801866782
2064,train,Oc1ccc(cc1)C2=Cc3cc(O)ccc3OC2=O,2.9,2.6566447998025544,-0.2433552001974455
184,train,Clc1ccc(CC2CCNCC2)cc1C(=O)NCC34CC5CC(CC(C5)C3)C4,1.49,1.7950026109147434,0.30500261091474345
4110,train,Nc1ccc(OCc2ccccc2)cc1,2.2,2.213982842811913,0.013982842811912644
2416,train,Cc1ccc(C[C@H](N2CCC(CN3CCC(CC3)Oc4ccc(Cl)c(Cl)c4)CC2)C(=O)O)cc1,3.01,2.918028899544797,-0.09197110045520285
265,train,CC(C)C(NC(=O)CN1C(=O)C(=CC=C1c2cccnc2)NC(=O)OCc3ccccc3)C(=O)C(F)(F)F,3.05,2.6101467698855734,-0.43985323011442645
114,train,CC(C)COc1cccc(c1)C(=O)Nc2ccc(C)c(c2)C(=O)Nc3cccnc3,2.81,3.0397337318208244,0.22973373182082435
1001,train,C[C@H](N)C(=O)N[C@@H](CCc1ccccc1)\C=C\S(=O)(=O)c2ccccc2,1.66,1.5728347819221926,-0.0871652180778073
3758,train,CN(C)Cc1ccccc1Sc2ccc(C)cc2N,2.6,2.692342564562699,0.09234256456269874
2328,train,OC(=O)[C@H](Cc1ccc(cc1)C#CCCNc2ccccn2)NC(=O)c3c(Cl)cccc3Cl,0.27,0.24091533504638662,-0.029084664953613393
1797,train,Cc1ncc2CN=C(c3ccccc3F)c4cc(Cl)ccc4n12,3.4,3.464286756758805,0.06428675675880502
3233,train,CCN(C1CCN(CC[C@H](N2CCN(CC2)S(=O)(=O)CC(F)(F)F)c3ccccc3)CC1)C(=O)Cc4ccc(cc4)S(=O)(=O)C,1.8,2.205910939616593,0.40591093961659275
1016,train,OC(=O)[C@H](Cc1ccc(OCCNc2nc3ccccc3[nH]2)cc1)NC(=O)c4c(Cl)cccc4Cl,0.6,0.7111135816889913,0.11111358168899133
1963,train,COCCOC(=O)C1=C(C)NC(=C(C1c2cccc(c2)[N+](=O)[O-])C(=O)OC(C)C)C,3.8,3.696586582169111,-0.10341341783088875
3301,train,Cc1nnc(NS(=O)(=O)c2ccc(N)cc2)s1,-1.33,-1.1666625268991493,0.16333747310085078
2243,train,COc1cc(CNc2nc3ccccc3[nH]2)cc(OC)c1OC,2.36,2.45502051418548,0.0950205141854803
1476,train,O[C@@]1(CN2CCC1CC2)C#Cc3ccc(Oc4ccc(cc4)C(=O)NCc5ccncn5)cc3,1.77,1.8294693102218529,0.05946931022185287
893,train,CC(C)CN1C(=O)N(C)C(=O)c2c1sc(Cc3c[nH]c4ncccc34)c2C(=O)N5C[C@H](O)CO5,2.04,1.9016060746997285,-0.1383939253002715
220,train,Nc1ccccc1NC(=O)c2ccc(cc2)C3CCN(Cc4ccc(cc4)C(=O)NC5CC5)CC3,2.31,2.308726180354143,-0.001273819645857266
3739,train,[O-][N+](=O)c1cccc(c1)c2ccc(OCC(CCc3ccncc3)N4C(=O)CCC4=O)cc2,3.88,3.7114043414609657,-0.16859565853903424
3876,train,COc1cc(F)ccc1c2cncc(CNC(=O)c3cnccn3)c2,2.5,2.499740008132191,-0.0002599918678090063
2762,train,CN[C@H]1CCN(C1)C(=O)c2ccc(Nc3nccc(n3)c4cnc(C)n4C(C)C)cc2,1.22,1.3624462716623553,0.14244627166235535
3620,train,OCC(CO)CN1C(=O)C(Cc2ccccc12)NC(=O)c3cc4cc(Cl)ccc4[nH]3,3.64,3.571229872491011,-0.06877012750898892
1577,train,COC(CN1C(=O)NC2=C(C=C(N(CC(=O)NC(C(C)C)C(=O)C(F)(F)F)C2=O)c3ccccc3)C1=O)OC,1.56,1.6785063562130929,0.1185063562130928
2245,train,CCn1c2ccccc2c3cc(NC(=O)C(C)C)ccc13,4.2,3.7614749596383144,-0.4385250403616858
3576,train,CCCS(=O)(=O)c1ccc(cc1)C(CNS(=O)(=O)c2ccc(cc2)C(F)(F)F)N3CCCCCC3,3.32,3.592705435079443,0.27270543507944334
2642,train,COc1cc2ncnc(Nc3cccc(Cl)c3F)c2cc1OC4CCN(C)CC4,2.72,2.9116798832999375,0.19167988329993735
3995,train,CCCN1CCN(CC1)c2ccc(cc2)C(=O)NC3(CCCCC3)C(=O)NCC#N,1.33,1.3232555858714847,-0.006744414128515341
1595,train,Cc1ccc(cc1)S(=O)(=O)NC(=O)N2CCC(CC2)N3CCC(CC3)Oc4ccc(F)c(F)c4,0.75,1.035567940735901,0.2855679407359011
1571,train,CCN1CCN(CC(=O)Nc2ccc(c3cccc4C(=O)C=C(Nc34)N5CCOCC5)c6sc7ccccc7c26)CC1,2.6,2.6554103087463825,0.05541030874638242
3000,train,OC(=O)c1ccc(cc1)n2ncc(C(=O)NC3C4CC5CC(CC3C5)C4)c2C(F)(F)F,1.5,1.5207953947626334,0.020795394762633368
1310,train,CC(C)CN1C(=O)N(C)C(=O)c2c(SCCCO)c(Cc3ccccc3C(F)(F)F)sc12,4.05,3.768103802306343,-0.2818961976936567
1380,train,COCCN(C)Cc1ccc(Nc2ncc3cc(ccc3n2)c4ccncc4)cc1,2.65,2.9407212847110085,0.29072128471100855
923,train,C[C@@H]1CN(CCN1c2ncc(OCc3ccncc3C#N)cn2)C(=O)OCC(F)F,2.3,2.4677942870092364,0.1677942870092366
2175,train,Nc1nc2cc3CCN(Cc4cccc(F)c4)CCc3cc2s1,3.3,3.1752279484877537,-0.12477205151224613
4125,train,Cc1ccc(cc1NC(=O)c2ccc(OCc3ccccn3)cc2)c4cn(C)cn4,2.54,2.568235563800159,0.028235563800159014
1681,train,Fc1ccc(CNc2ncc(Br)c(Nc3cc([nH]n3)C4CC4)n2)cc1,4.28,4.164648601827588,-0.11535139817241191
2355,train,Fc1ccccc1C(=O)Nc2c(cnn2c3ccccc3)C#N,1.7,1.6006140072522212,-0.0993859927477787
769,train,COc1ccc(cc1OC)C(C)NC(=O)C2(N)CCN(CC2)c3ncnc4[nH]ccc34,1.8,1.817639770791978,0.017639770791977982
1711,train,C[C@H](NC(=O)c1c(C)nn(c1NS(=O)(=O)c2ccc(C)cc2)c3ccccc3)C(C)(C)C,1.44,1.1854940677883872,-0.2545059322116128
2585,train,O=C(NC1CC1)Nc2c[nH]nc2c3nc4cc(CN5CCOCC5)ccc4[nH]3,2.3,2.376400203836596,0.07640020383659607
4118,train,CC[C@H](NC(=O)c1c([S+](C)[O-])c(nc2ccccc12)c3ccccc3)c4ccccc4,3.17,3.0351758730089666,-0.1348241269910333
3115,train,Cc1ccc(cc1)S(=O)(=O)Nc2c(C(=O)NC3CCOCC3)c(C)nn2c4ccccc4,0.16,0.5864029045231982,0.4264029045231982
875,train,CC(C)[C@H](N)C(=O)OCCOCn1cnc2C(=O)N=C(N)Nc12,-1.3,-0.7213670324806727,0.5786329675193274
988,train,CC(C)n1c(C)ncc1c2ccnc(Nc3ccc(cc3)C(=O)N)n2,2.39,2.357828351217539,-0.03217164878246104
3600,train,CC[C@H]1N(C2CCCC2)c3nc(Nc4ccc(cc4OC)C(=O)NC5CCN(C)CC5)ncc3N(C)C1=O,3.14,3.03550247043127,-0.10449752956873004
1379,train,C[C@H](CO)Nc1nc(SCc2ccccc2)nc3NC(=O)Nc13,2.75,2.801041552797271,0.051041552797271184
1435,train,CC(C)C[C@H](CO)Nc1nc(S[C@@H](C)c2ccccc2)nc3NC(=O)Sc13,4.3,4.361298179742203,0.061298179742203196
2232,train,O=C(Cc1cccc2ccccc12)Nc3ccccc3,3.9,3.1765286196611755,-0.7234713803388244
307,train,CC[C@H](NC(=O)c1c(CN(C)C)c(nc2ccccc12)c3ccccc3)c4ccccc4,4.18,3.9740600629603584,-0.2059399370396413
1137,train,C[C@@H]1CN[C@@H]2[C@@H](C1)O[C@]3(CC[C@H]4[C@@H]5CC=C6C[C@@H](O)CC[C@]6(C)[C@H]5CC4=C3C)[C@@H]2C,2.63,2.757105460207648,0.12710546020764824
2749,train,FC(F)(F)c1nnc2ccc(nn12)N3CCCC3,2.41,2.6019848780339685,0.19198487803396835
1659,train,Cc1cc(CNc2ncc(Br)c(Nc3cc(C)[nH]n3)n2)on1,2.92,2.6475968317458123,-0.27240316825418764
1411,train,Clc1ccc2OCOc2c1Nc3ccnc(Nc4ccccc4)n3,3.9,4.018626961219559,0.1186269612195594
3318,train,CCN(CC)CCn1c2ccccc2c3cnc(N)c(C#N)c13,2.7,2.3398484451069885,-0.36015155489301165
3965,train,Brc1ccc(cc1)C2NC(=O)c3ccccc3N2,2.68,3.2386846125041595,0.5586846125041594
1768,train,NC1(Cc2ccc(Cl)cc2)CCN(CC1)c3ncnc4[nH]ccc34,2.72,2.836385424990578,0.11638542499057802
1430,train,CCC1(CCCCN(C)C1)c2cccc(O)c2,0.8,0.8084471891825784,0.008447189182578363
957,train,CCCSc1ccc2nc(NC(=O)OC)[nH]c2c1,3.24,3.2318518261687523,-0.008148173831247885
3969,train,Cc1c(Cl)ccc(OC2CCN(CC3CCN(CC3)[C@@H](Cc4ccc(F)cc4)C(=O)O)CC2)c1Cl,3.15,3.0594767110765333,-0.09052328892346662
2066,train,CCN1CCN(CC(=O)Nc2ccc(c3cccc4C(=O)C=C(Oc34)N5CCOCC5)c6sc7ccccc7c26)CC1,3.05,3.160618359171761,0.11061835917176133
2063,train,CS(=O)(=O)c1ccc(nc1)c2nnc(\C=C\c3oc(nn3)c4ccc(cc4)C#N)n2c5ccccc5Cl,2.66,2.6393450343323845,-0.0206549656676156
1224,train,NC(=N)Nc1ccc(cc1)C(=O)Oc2ccccc2,-0.21,0.16926767994195568,0.37926767994195565
814,train,CN1CCN(CC1)C(=O)c2cc3ccccc3n2C,1.71,1.6238489251554786,-0.08615107484452134
3240,train,Cc1cc(Cl)ccc1OC2CCN(CC3CCN(CC3)[C@@H](Cc4ccc(F)cc4)C(=O)O)CC2,2.53,2.5449028588224087,0.014902858822408938
1578,train,O=S(=O)(Cc1ccccc1)NCC(N2CCCCCC2)c3ccccc3,2.83,2.679811257019808,-0.15018874298019202
235,train,CC1=CN([C@H]2CCCN(C2)S(=O)(=O)c3ccc(O)c(Oc4cccc(c4)C(F)(F)F)c3)C(=O)NC1=O,2.27,2.1279353815166937,-0.14206461848330632
2158,train,CCn1cc(NC(=O)Cc2ccc(Oc3ccnc4ccc(F)cc34)cc2OC)cn1,3.88,3.9061616796773766,0.026161679677376704
2953,train,COCCNc1nc(NCc2ccccc2F)c3sccc3n1,3.4,3.4440667423048943,0.04406674230489438
3488,train,O=C(OCCN1CCCCC1)c2c[nH]c3ccccc23,2.0,1.7450439285868065,-0.25495607141319354
2570,train,C[C@@H](N)COc1c(C)cccc1C,0.6,0.592503576436793,-0.007496423563207011
1561,train,O=C1N([Se]c2ccccc12)c3ccccc3,3.31,3.068692739273797,-0.24130726072620323
2499,train,COc1ccc(CN2C(=O)CCC2(C)C(=O)NC3CCCCC3)c(OC)c1,2.38,2.461149000934138,0.08114900093413802
689,train,C[C@]12CC[C@H]3[C@@H](CCc4cc(O)ccc34)[C@@H]1CCC2=O,3.4,3.341536959447404,-0.0584630405525961
2971,train,Oc1ccc(cc1)c2ccc3cc(O)ccc3n2,3.1,3.2308284660932243,0.13082846609322418
3977,train,OC(=O)COc1ccc(Br)cc1c2ccccc2,0.15,0.5849864352542657,0.4349864352542657
206,train,CC(C)C(NC(=O)CN1C(=O)C(=CC=C1c2ccccc2)NS(=O)(=O)N)C(=O)C(F)(F)F,1.17,1.2695170177982154,0.09951701779821542
3684,train,CCc1cccc(CC)c1NC(=O)N2Cc3[nH]nc(NC(=O)c4ccc(cc4)N5CCN(C)CC5)c3C2,3.31,3.0383786058702915,-0.27162139412970854
2758,train,CC(C)CN1C(=O)N(C)C(=O)c2c1nn(Cc3cccc4ccccc34)c2c5ccncc5,4.3,4.267311902346677,-0.032688097653323034
2586,train,Cc1ccc(cc1NC(=O)c2ccc(OCc3ccccn3)cc2)c4ncc[nH]4,3.01,2.932829328633132,-0.07717067136686762
4186,train,O[C@@H](CNCCOCCCNCCc1cccc(Cl)c1)c2ccc(O)c3NC(=O)Sc23,0.83,0.4435374496042477,-0.3864625503957523
3877,train,COc1cc(cc(OC)c1OC)c2nnc(S)n2c3cccc(c3)C(F)(F)F,2.27,2.6986736719701563,0.42867367197015627
1982,train,Fc1ccc(cc1)N2CCN(CC2)C(=O)[C@@H]3CCCC[C@H]3C(=O)NCC#N,1.92,1.9184283031754488,-0.0015716968245511609
1915,train,ON(C=O)C1(CS(=O)(=O)N2CCN(CC2)c3ccc(F)cc3)CCOCC1,0.85,1.254874043041524,0.40487404304152397
4160,train,CCOc1ccccc1CNCc2cccc(CCNC[C@H](O)c3ccc(O)c4NC(=O)Sc34)c2,1.13,1.0023235820855654,-0.12767641791443451
2319,train,Cc1nc(C)c(nc1C(=O)N)c2ccc(cc2)[C@@H]3CC[C@@H](CCC(=O)O)CC3,1.6,1.4948597943070785,-0.1051402056929216
2901,train,CC(C)n1c(C)ncc1c2ccnc(Nc3ccc(cc3)C(=O)N4CCN(C)CC4)n2,2.1,1.981098902835457,-0.118901097164543
1762,train,CS(=O)(=O)c1ccc(cc1)[C@H](CC2CCCC2)C(=O)Nc3nccs3,3.88,3.649878869671946,-0.2301211303280537
2705,train,CC(=O)Nc1ccc(Nc2ncc3cc(ccc3n2)c4ccncc4)cc1,3.04,2.8205356265449737,-0.21946437345502634
3229,train,COc1cc2nc(nc(N)c2cc1OC)N3CCN(CC3)C(=O)c4occc4,1.9,1.8521590557283825,-0.04784094427161745
2391,train,COCCOCCOc1ccc(cc1)c2cc(C(=O)N)c(NC(=O)N)s2,2.21,2.054418118641131,-0.15558188135886875
766,train,COc1ccc2c(C)cc(N[C@H]3CCC[C@@H](C3)NCc4cccc(OC(F)(F)F)c4)nc2c1,3.61,3.5790812579060165,-0.030918742093983376
3100,train,CNC1CCN(C1)c2ccc(NC(=O)c3ccc(cc3)c4ccccc4)cn2,2.35,2.5846901971755516,0.2346901971755515
4171,train,COc1cc2c(Nc3cc(CC(=O)Nc4cccc(F)c4F)[nH]n3)ncnc2cc1OCCCN(CCO)CC(C)C,3.61,3.0100089895439597,-0.5999910104560402
3818,train,OC(=O)CCC(=O)N1CCC(CC1)c2onc(n2)c3cccs3,-1.27,-0.8477359205589154,0.42226407944108457
1064,train,Cc1cccc(NS(=O)(=O)c2ccc(cc2)c3ccc(cc3)C#N)n1,2.42,2.4661698335290256,0.046169833529025706
2001,train,CN([C@H]1CC[C@@]2(CCCO2)C[C@@H]1N3CCCC3)C(=O)Cc4ccccc4,0.99,1.2638254150880082,0.2738254150880082
4098,train,CN(C1CCCCC1)C(=O)c2c(C)nn(c2NS(=O)(=O)c3ccc(C)cc3)c4ccccc4,1.69,1.9825979871469561,0.2925979871469562
2603,train,C[C@@](O)(C(=O)Nc1ccc(cc1Cl)S(=O)(=O)C)C(F)(F)F,2.08,2.141847111291529,0.06184711129152909
2530,train,CCCc1c(cnn1c2ccccc2)C(=O)Nc3cc(C)on3,3.7,3.231333390777593,-0.468666609222407
3938,train,CCC(N(CCCN)C(=O)c1ccc(C)cc1)C2=Nc3ccn(C)c3C(=O)N2Cc4ccccc4,1.8,1.7294804103552408,-0.07051958964475924
917,train,CN1CCOc2nc(ccc12)C#Cc3ccccc3,3.8,3.5292896435954484,-0.27071035640455143
58,train,NC(=O)c1cc(F)cc(O[C@H]2C[C@H]3CC[C@@H](C2)N3Cc4ccccc4)c1,2.14,1.959055196284821,-0.18094480371517907
1549,train,NC(=O)c1cccc(S[C@H]2C[C@H]3CC[C@@H](C2)N3Cc4ccccc4)c1,2.22,2.237934324564621,0.01793432456462085
3104,train,O[C@H](CNC(=O)C1=NNC(=O)c2ccccc12)CN3CCC(CC3)Oc4ccc(Cl)c(Cl)c4,3.69,3.6340914592343,-0.05590854076569984
2288,train,COC(=O)c1ccc(CN2NC(=O)C3=C(C2=O)C(=O)c4ccc(Cl)cc4N3)cc1,1.17,1.2003803072141077,0.030380307214107782
854,train,OC(=O)CCCS(=O)(=O)c1cccc(c1)C(=O)N2CCC(CC2)N3CCC(CC3)Oc4ccc(Cl)c(Cl)c4,0.66,0.6976266143102103,0.037626614310210305
1318,train,CS(=O)(=O)Cc1cc(nc(n1)c2cccc3[nH]ccc23)N4CCOCC4,1.7,1.9863474740499936,0.2863474740499936
2701,train,CCC(N(CCCN)C(=O)c1ccc(cc1)C(C)C)C2=Nc3ccsc3C(=O)N2Cc4ccccc4,2.72,2.425235171423673,-0.29476482857632735
1770,train,CC1=CC(=O)Oc2c3CCCNc3c(C)cc12,2.9,2.7031323097675592,-0.19686769023244066
1135,train,Brc1ccc(cc1)S(=O)(=O)NCC(N2CCCCCC2)c3ccccc3,3.21,3.228834002976506,0.01883400297650617
344,train,Cc1ccc(cc1NC(=O)c2cnn(c2N)c3ccccc3F)C(=O)Nc4ccon4,2.6,2.6521247409748345,0.05212474097483444
2279,train,CCN1C(=O)NC(C1=O)c2ccccc2,1.0,1.1699065358909038,0.16990653589090376
1625,train,O[C@@H](CNCCCOCCOCCc1ccccc1)c2ccc(O)c3NC(=O)Sc23,1.09,1.2440433202772967,0.1540433202772966
1671,train,COc1c(N2CCNC(C)C2)c(F)cc3C(=O)C(=CN(C4CC4)c13)C(=O)O,-0.82,-0.5329547747017545,0.2870452252982455
2889,train,CN1C2CC(CC1C3OC23)OC(=O)C(CO)c4ccccc4,0.17,-0.102504879013805,-0.27250487901380505
3490,train,CN(C)CC(C)(C)COc1nccc(Nc2cc(NC(=O)c3ccnc(c3)N4CCOCC4)ccc2C)n1,2.2,2.048906033940201,-0.1510939660597992
403,train,Brc1ccc2OCC(=O)N(CCN3CCC(CC3)NCc4ccc5OCC(=O)Nc5n4)c2c1,1.42,1.1553954652170055,-0.2646045347829944
704,train,CC(=O)NC1CC2CCCC(C1)N2C(=O)Nc3ccc(Cl)c(c3)C(F)(F)F,2.79,2.7087544073923517,-0.0812455926076483
2504,train,COc1cc(ccc1Nc2ncc(C#N)c(n2)c3cnc4ccccn34)N5CCN(CC5)C(=O)C,2.8,2.794818883531593,-0.005181116468406799
896,train,COc1cc(ccc1Nc2ncc(Cl)c(n2)c3cnc4ccccn34)N5CCN(CCO)CC5,3.2,3.242768950218529,0.04276895021852889
4185,train,Cc1ccnc(NS(=O)(=O)c2ccc(N)cc2)n1,-0.51,-0.2707168074119837,0.23928319258801634
2694,train,Cc1ccc(CCOCCNS(=O)(=O)CCCNCCc2ccc(O)c3nc(O)sc23)cc1,2.07,2.081260157942727,0.011260157942726945
530,train,NC(=O)c1cc(O)cc2nc(oc12)c3ccc(O)cc3,2.3,2.0270945229967916,-0.2729054770032082
791,train,Nc1c(NC2CCCC2)nc(nc1N3CCOCC3)C#N,2.59,2.546582898872346,-0.04341710112765407
2536,train,CCN(CC)C(=O)c1ccc(cc1)C(=C2CCN(Cc3ccc(F)cc3)CC2)c4cccc5cccnc45,3.86,3.9142367726582705,0.05423677265827065
239,train,CC(C)(C)OC(=O)N1CCN(CC1)c2ncc(OCc3ccc(cc3)S(=O)(=O)C)cn2,3.27,3.2198046571762626,-0.05019534282373739
3915,train,OC(=O)c1cc2cc(ccc2n1Cc3ccc(Cl)c(Cl)c3)[N+](=O)[O-],1.79,1.904299518871908,0.11429951887190803
707,train,OC(=O)c1[nH]c2ccccc2c1CCCOc3cccc4ccccc34,2.75,2.2768422988662094,-0.47315770113379063
308,train,CCOC(=O)Nc1cccc(c1)[C@H](N2CCN(Cc3nc[nH]c3C)CC2)c4ccc(cc4)C(=O)N(C)CC,2.32,2.1988233832809096,-0.12117661671909019
2419,train,OC(=O)CSc1c[nH]c2ccccc12,-1.31,-0.5908306542559432,0.7191693457440569
2094,train,CCN(C)C(=O)c1ccc(cc1)[C@@H](N2CCN(Cc3cccnc3)CC2)c4cccc(NC(=O)C5CCC5)c4,3.27,3.080859374500327,-0.18914062549967303
2995,train,CC1=C(C(=O)Oc2cc(O)ccc12)c3ccc(O)cc3,2.8,2.5434890702504367,-0.25651092974956313
2915,train,OC(=O)Cc1ccccc1Nc2c(Cl)cccc2Cl,1.08,1.4657213351002931,0.38572133510029305
2095,train,CC(C)CN1C(=O)N(C)C(=O)c2cn(Cc3cccc4ccccc34)cc12,4.41,4.436084942068399,0.026084942068399286
2962,train,COc1cc2ncnc(Nc3ccc(F)c(Cl)c3)c2cc1OCCN4CCCC4,3.28,3.2046251771534444,-0.07537482284655539
2384,train,O=C(Nc1ccccn1)c2ccccc2,2.2,2.1759952397198967,-0.024004760280103454
3055,train,CC(C)(C)OC(=O)N1CCN(CC1)c2ccc(OCc3ccc(cc3)S(=O)(=O)C)nc2,3.1,2.9725250423744205,-0.1274749576255796
960,train,C[C@]12N[C@H](Cc3ccccc13)c4ccccc24,1.6,1.8201114312334785,0.22011143123347843
228,train,O=C(CCc1ccccc1)c2ccccc2,3.77,3.341244203556898,-0.4287557964431019
807,train,COc1cc(OC)c(cc1NC(=O)CSc2ccncc2)S(=O)(=O)N3C(C)CCc4ccccc34,2.82,2.646186374192055,-0.17381362580794502
937,train,CC(NC(=O)c1c(C)nn(c1NS(=O)(=O)c2ccc(C)cc2)c3ccccc3)C(C)(C)C,1.21,1.1854940677883872,-0.02450593221161279
3167,train,COc1ccc(cc1)c2nc3c(NCCCNC(=O)C4CC4)c(Br)cnc3[nH]2,1.71,2.2712167786206594,0.5612167786206594
2189,train,CC(C)(N)C(=O)N[C@H](COCc1ccccc1)C(=O)N2CCC3(CC2)CN(c4ccccc34)S(=O)(=O)C,1.4,1.2421270830295468,-0.15787291697045314
2941,train,CC12CC3CC(C)(C1)CC(N)(C3)C2,0.06,-0.1697696903900967,-0.2297696903900967
246,train,Cc1ccccc1N2C(=Nc3cccc(C)c3C2=O)Cn4nc(c5ccc(O)c(F)c5)c6c(N)ncnc46,3.55,3.258802883402762,-0.291197116597238
186,train,Fc1ccc(NC(=O)c2cccnc2Oc3ccccc3)cc1,3.19,3.0097758798504746,-0.18022412014952538
2060,train,CN(C)C(=O)CC(NC(=O)C1(N)CCN(CC1)c2ncnc3[nH]ccc23)c4ccc(Cl)cc4,2.4,2.4672859851435196,0.06728598514351969
3300,train,CN(C)CCOc1ccccc1Cc2ccccc2,2.53,2.3134471771605862,-0.21655282283941357
990,train,C[C@@H]1CNc2c(sc3ccc4nc(ccc4c23)c5ccc(C)nc5)C(=O)N1,3.6,3.464269011719214,-0.13573098828078622
1511,train,CC1=CC2=NNC(=O)N2c3cc(ccc13)c4ccc[nH]4,3.29,3.2475608598879493,-0.042439140112050744
418,train,CC(=O)c1ncccc1NC(=O)[C@@H]2CC[C@H](CC2)N3C(=O)[C@@H]4[C@@H]5CC[C@@H](C5)[C@@H]4C3=O,3.01,2.6844153693114423,-0.3255846306885575
421,train,COc1cc(ccc1Nc2ncc(Cl)c(n2)c3cnc4c(F)cccn34)N5CCN(CC5)C(=O)C,3.5,3.3831595605704834,-0.11684043942951661
1280,train,NC(=O)C1CCCCC1,0.9,0.8903100925671099,-0.00968990743289011
1405,train,CC(C)CN1C(=O)N(C)C(=O)c2c(SC3CCCC3)c(Cc4ccccc4C(F)(F)F)sc12,4.21,4.0485269363407985,-0.16147306365920144
3302,train,Cc1c[nH]c(n1)c2cnc(NCCNc3ccc(cn3)C#N)nc2c4ccc(Cl)cc4Cl,3.86,3.5716572525020895,-0.28834274749791033
2164,train,CCc1nc2c(N)nc3ccccc3c2n1CC(C)(C)O,1.38,1.3388277593861286,-0.04117224061387126
3379,train,Cc1nc(C)c(nc1C(=O)N)c2ccc(cc2)[C@@H]3CC[C@@H](Cc4nnn[nH]4)CC3,1.4,1.8310031358741017,0.4310031358741018
2271,train,O[C@H](CNC(=O)C1=CC(=O)Nc2ccccc12)CN3CCC(CC3)Oc4ccc(Cl)c(Cl)c4,3.48,2.9318718335594323,-0.5481281664405677
2153,train,CCN(CC)C(=O)c1ccc(cc1)C(=C2CCNCC2)c3ccccc3,1.2,1.287282836467527,0.0872828364675271
693,train,Oc1cc(O)c2C(=O)C(=COc2c1)c3ccc(cc3)[N+](=O)[O-],3.24,3.3046082135350776,0.0646082135350774
956,train,Cc1ccc2c(c1)c(c(C)n2CC(=O)O)c3ccnc4c(cccc34)C#N,0.52,0.33703423764938023,-0.1829657623506198
328,train,CC(C)C(NC(=O)CN1C(=O)C(=CN=C1c2ccccc2)NC(=O)OCC(F)(F)F)C(=O)C(F)(F)F,2.37,2.165330017866437,-0.2046699821335629
3567,train,Oc1ccc(CCNCCCNS(=O)(=O)CCOCc2cccc3ccccc23)c4sc(O)nc14,1.69,2.084165123482686,0.39416512348268595
3910,train,NC(=O)Cc1nc(cs1)c2ccccc2,1.3,1.2844670337557575,-0.015532966244242497
493,train,CN[C@@H](C)C(=O)N[C@@H](C1CCCCC1)C(=O)N[C@H]2C[C@@H]3CC[C@H]2N(CCc4ccccc4)C3,1.64,1.5294967464519815,-0.11050325354801838
1255,train,C[C@H](NC(=O)c1c(C)nn(c1NS(=O)(=O)c2ccc(cc2)C#N)c3ccc(F)cc3)C(C)(C)C,0.45,0.5790624142496941,0.12906241424969406
3804,train,O=C(Nc1ccccc1)c2ccc(OCCCN3CCCC3)cc2OCc4ccccc4C#N,2.66,2.6779534531530764,0.017953453153076282
3284,train,CN(C1CCN(CCC(c2ccccc2)c3ccccc3)CC1)C(=O)Cc4ccc(cc4)S(=O)(=O)N,2.3,2.3899489678498216,0.08994896784982176
3394,train,CC(C)CC1(CC=C)C(=O)NC(=O)NC1=O,1.48,1.5082349245229323,0.028234924522932303
2908,train,Cc1ccc2c(c1)c(c(C)n2CC(=O)O)c3ccnc4cc(ccc34)C(F)(F)F,1.78,1.7315107758776263,-0.048489224122373775
1313,train,Clc1ccc2C(=O)C3=C(Nc2c1)C(=O)NN(Cc4cccs4)C3=O,1.52,1.112030245535838,-0.40796975446416206
2144,train,CC1(C)CC(=O)c2c(N)c3ccccc3nc2C1,3.0,2.8481154897852012,-0.15188451021479876
2135,train,Clc1ccc(cc1C(=O)NCC23CC4CC(CC(C4)C2)C3)C5CCNCC5,1.58,1.6816035757418815,0.10160357574188139
664,train,OC1(CCN(Cc2c[nH]c3ccccc23)CC1)c4ccc(Cl)cc4,2.25,2.352932876151716,0.10293287615171609
4135,train,CC(C)CN1C(=O)N(C)C(=O)c2c1sc(Cc3ccnc4ccccc34)c2C(=O)N5CC[C@@H](O)C5,1.65,1.5569794195728748,-0.09302058042712513
945,train,O=C(NC1(CC1)C#N)[C@@H]2CCCC[C@H]2C(=O)N3CCN(CC3)c4nc5ncccc5s4,1.4,1.384861463205467,-0.01513853679453292
190,train,C[C@@H](NCc1ccccc1c2ccc(CCNC[C@H](O)c3ccc(O)c4NC(=O)Sc34)cc2)c5ccccc5,2.28,2.1304612989114844,-0.1495387010885154
1199,train,COc1cc(ccc1Nc2ncc(c(n2)c3cnc4ccccn34)C(F)(F)F)N5CCN(CC5)C(=O)C,3.7,3.5792663297461025,-0.1207336702538977
2773,train,Cc1nc(C)c(nc1C(=O)N)c2ccc3c(CC[C@@]34CC[C@H](CC4)C(=O)O)c2,1.3,1.4040505261458505,0.10405052614585042
1740,train,O=C(C1CCN(CC1)c2nnc(s2)n3cccc3)N4CCc5ccccc5C4,3.7,3.294920769569625,-0.40507923043037497
2297,train,Cc1cc(CN2Cc3ccccc3C2C(=O)Nc4ccc(Cl)cc4Cl)ccc1OCC(=O)O,2.62,2.3229874469780794,-0.29701255302192076
3594,train,CC(C)N1CCN(Cc2cnc(c(C)c2)c3ccc(cc3)C(=O)Nc4ccccc4N)CC1,1.44,1.4773228777323706,0.03732287773237064
3533,train,CCN(CCO)CCCOc1cc2ncnc(Nc3cc(CC(=O)Nc4cccc(F)c4F)[nH]n3)c2cc1OC,1.94,2.068310209982013,0.12831020998201303
560,train,O[C@]1(CN2CCC1CC2)C#Cc3ccc(Oc4ccc(cc4)C(=O)NC5CCCS(=O)(=O)C5)cc3,1.4,1.4847272806241891,0.08472728062418922
1103,train,COc1ccc(C(=O)Nc2c(Cl)cncc2Cl)c3cccnc13,2.09,2.0277933740467993,-0.06220662595320059
717,train,OC1(CNCCc2ccccc12)c3ccccc3,1.38,1.112745844025126,-0.2672541559748738
3024,train,NC(=O)c1cnc(N[C@H]2CCCNC2)c3cc(sc13)c4ccc(Cl)c(F)c4,2.76,3.0718422997513684,0.31184229975136857
178,train,CN(C)C(=O)CN1CCN(CCc2c([nH]c3sc(cc23)C(C)(C)C(=O)N4C5CCC4CC5)c6cc(C)cc(C)c6)CC1,4.13,3.9978931906863835,-0.1321068093136164
118,train,Clc1ccc2OCC(=O)N(CCN3CCC(CC3)NCc4ccc5OCC(=O)Nc5n4)c2c1,1.33,1.4201638233110216,0.09016382331102157
1188,train,NC(=O)c1cccc(c1)[S+]([O-])[C@H]2C[C@H]3CC[C@@H](C2)N3Cc4ccccc4,1.1,1.027591293109254,-0.07240870689074619
800,train,COc1cccc(c1)c2cc(O)c3cc(NC(=O)C)ccc3n2,2.41,2.478405154502809,0.06840515450280904
3371,train,CS(=O)(=O)N1CCC(CC1)NC(=O)NC23CC4CC(CC(C4)C2)C3,2.7,2.1711972982369376,-0.5288027017630625
2197,train,Fc1ccc(Oc2cc(F)c(cc2F)S(=O)(=O)Nc3ncc(Cl)s3)c(c1)c4cn[nH]c4,2.7,2.581950947664148,-0.11804905233585217
1751,train,CCCCC[C@@H](N1CCC[C@@H](C1)N2C=C(C)C(=O)NC2=O)c3ccc(C(=O)O)c(Oc4cccc(Br)c4)c3,1.69,1.8772312038870405,0.1872312038870405
141,train,CN1SC(=NC1=O)NC(=O)c2cccc(Cl)c2,0.87,1.40577956501051,0.53577956501051
1464,train,C(=C\c1c(nc2sccn12)c3ccccc3)/c4ccncn4,3.4,3.36353556282714,-0.03646443717285974
3202,train,CC(C)CN1C(=O)N(C)C(=O)c2c(SC(C)C)c(Cc3ccccc3C(F)(F)F)sc12,4.42,4.570265636608646,0.1502656366086459
208,train,Clc1ccc(CNC(=N)SCCCc2c[nH]cn2)cc1,1.13,1.1572552507326972,0.0272552507326973
431,train,COc1ccc(OC)c(c1)c2cccc3c(N)c(nnc23)C(=O)NC(C)C,3.65,3.5669838843212194,-0.08301611567878053
1041,train,Oc1ccc(CC(=O)c2ccc(O)cc2O)cc1,2.54,2.3971109127155685,-0.1428890872844315
1726,train,CC(C)n1c(C)ncc1c2nc(Nc3ccc(C(=O)NCCN(C)C)c(F)c3)ncc2F,2.26,2.262610741751036,0.0026107417510363717
1445,train,CN1C(=O)N(CC2CC2)c3nn(Cc4ccnc5ccc(Cl)cc45)c(c6oc(cc6)S(=O)(=O)C)c3C1=O,2.71,2.612054307701144,-0.09794569229885575
584,train,CN(C1CCN(CCC(c2ccccc2)c3ccccc3)CC1)C(=O)Cc4ccc(NC(=O)C)cc4,2.9,3.0986060945936873,0.1986060945936874
203,train,C[C@@H](NC(=O)[C@H]1CCCCN1)c2ccc(Nc3ncc4cc(ccc4n3)c5ccncc5)cc2,2.15,2.3965407117685187,0.24654071176851877
2411,train,OC[C@H](O)CN1C(=O)[C@@H](Cc2ccccc12)NC(=O)c3cc4cc(Cl)sc4[nH]3,3.27,3.2942500065900786,0.024250006590078588
2344,train,CCCCC(CC)CNC(=O)c1ccc2c(c1)c(Cc3ccc(cc3OC)C(=O)NS(=O)(=O)c4ccccc4C)cn2C,3.66,3.5580344690738164,-0.10196553092618377
3412,train,Cc1nccn1CCC(C(=O)N)(c2ccccc2)c3ccccc3,1.79,1.1704815561514166,-0.6195184438485835
1331,train,CO[C@@H]1CN(CCN2C(=O)C=Nc3ccc(OC)cc23)CC[C@H]1NCc4ccc5OCC(=O)Nc5n4,0.97,0.7127251159212153,-0.2572748840787846
2298,train,CCO\N=C(\C1CCN(CC1)C2(C)CCN(CC2)C(=O)c3c(C)cc[n+]([O-])c3C)/c4ccc(Br)cc4,2.14,2.240566069193849,0.10056606919384903
1412,train,COc1cc(OC2CCN(C)CC2)c3c(Nc4c(Cl)ccc5OCOc45)ncnc3c1,2.98,3.043163383688572,0.06316338368857188
3022,train,CC1=CN([C@H]2CCCN(C2)S(=O)(=O)c3cccc(Oc4ccccc4)c3)C(=O)NC1=O,2.32,2.2889931893014657,-0.03100681069853417
2671,train,CCN1N(C2CCCC2)c3nc(Nc4ccc(cc4OC)C(=O)NC5CCN(C)CC5)ncc3N(C)C1=O,2.75,2.5852215100320297,-0.1647784899679703
546,train,CCCCSc1nc(N)c2ncn([C@@H]3O[C@H](CO)[C@@H](O)[C@H]3O)c2n1,1.51,1.3395315677113575,-0.1704684322886425
4023,train,CN(C)CCCOc1nn(Cc2ccccc2)c3ccccc13,2.4,2.349863283920433,-0.050136716079566934
299,train,COc1ccc(cc1)C(=O)NCc2cn(nn2)c3cc(C)nc4ccc(OC)cc34,3.5,3.08481992906595,-0.41518007093405007
2548,train,COc1ccc(cc1)c2nc3c(NCCCNC(=O)C)c(Br)cnc3[nH]2,3.28,2.4912172581447765,-0.7887827418552233
2687,train,OC(=O)[C@H](Cc1ccc(CCCCNc2ccccn2)cc1)NC(=O)c3c(Cl)cccc3Cl,0.51,0.5167462225069006,0.006746222506900601
368,train,C[C@H](CN(C)C(=O)CO)Oc1cccc2ncnc(Nc3ccc(OCc4ccccn4)c(Cl)c3)c12,3.22,3.24077731401521,0.020777314015209658
3763,train,Nc1ncnc2c1ncn2[C@@H]3O[C@H](CSCCCNC(=O)Nc4ccc(Cl)cc4)[C@@H](O)[C@H]3O,2.5,2.338873059798261,-0.161126940201739
236,train,COc1cccc([C@H](O)C2CCN(CCc3ccc(F)cc3)CC2)c1OC,1.7,2.066538004437651,0.36653800443765117
3777,train,O[C@@H](CNCCc1ccc(CNCCc2ccccn2)cc1)c3ccc(O)c4NC(=O)Sc34,-0.25,-0.20959607286564053,0.040403927134359474
348,train,CCOC(=O)C1(CCCN(CC2CC2)C1)c3cccc(O)c3,1.89,1.809981790927142,-0.08001820907285784
661,train,COc1cc(c(OC)nn1)c2c(F)ccc3c(N)c(nnc23)C(=O)NC4CC4,2.75,2.7182878273171887,-0.031712172682811346
310,train,COc1ccnc(CCc2nc3cc(Br)cnc3[nH]2)c1,2.92,2.641451977081192,-0.278548022918808
2554,train,Nc1nc(N)c(c(COCc2ccccc2)n1)c3ccc(NC(=O)C4CC4)cc3,2.46,2.4764668786091266,0.016466878609126656
3130,train,C[C@H](C(=O)O)c1cccc(c1)C(=O)c2ccccc2,-0.06,0.16033907045326856,0.22033907045326856
2208,train,CC(C)n1c(C)ncc1c2nc(Nc3ccc(cc3)N4CCN(CC4)C(=O)CO)ncc2F,2.19,2.345849099174448,0.1558490991744481
86,train,CC(C#C)N1C(=O)N(CC2CC2)c3nn(Cc4ccnc5ccc(Cl)cc45)c(c3C1=O)c6cncn6C,3.59,3.690268300335201,0.10026830033520095
989,train,Cc1ccc(OCC(=O)O)c(c1)n2nc3ccccc3n2,-0.84,-0.6849763865377589,0.15502361346224103
4145,train,O=S(=O)(Nc1cccc2[nH]ncc12)c3cccs3,1.7,1.80396455091842,0.10396455091841994
270,train,COc1ccc(cc1)c2cc(Nc3ccn(C)n3)n4ncc(C#N)c4n2,2.97,2.5088127501325586,-0.46118724986744164
104,train,FC(F)c1nc2ccccc2[nH]1,2.02,2.10156926594475,0.08156926594474978
1765,train,CCc1c(cnn1c2ccc(cc2)C(=O)O)C(=O)NC3C4CC5CC(CC3C5)C4,0.9,1.173870415429354,0.273870415429354
830,train,Cc1cc(N)c2cc(NC(=O)CCC(=O)Nc3ccc4nc(C)cc(N)c4c3)ccc2n1,1.39,0.8641068710110245,-0.5258931289889754
351,train,Clc1ccc2C(=O)C3=C(Nc2c1)C(=O)NN(Cc4ccsc4)C3=O,1.11,1.248853444870127,0.13885344487012685
3378,train,CS(=O)(=O)C1(CC1)c2cc(nc(n2)c3cccc4[nH]ccc34)N5CCOCC5,2.2,2.356501835735861,0.15650183573586096
4052,train,Oc1ccnc2ccccc12,0.8,1.7957668092335877,0.9957668092335876
2965,train,Nc1nc(OC2CCCC2)nc3c1ncn3[C@@H]4O[C@H](CO)[C@@H](O)[C@H]4O,0.79,0.8335706225833419,0.04357062258334188
4027,train,COc1ccc(OC)c(CNc2n[nH]c3ccnc(Oc4ccccc4)c23)c1,4.25,4.177885365777978,-0.07211463422202158
112,train,OC(C(=O)c1ccc(F)cc1)c2ccc(F)cc2,2.49,1.941947454538492,-0.5480525454615082
3176,train,Cn1ncc2C(=O)NC(=Nc12)c3ccccc3,1.61,2.154384803131577,0.544384803131577
2345,train,CCN(C1CCN(CCC(c2ccccc2)c3ccc(cc3)S(=O)(=O)C)CC1)C(=O)Cc4ccc(cc4)S(=O)(=O)C,1.73,2.3233579865280305,0.5933579865280305
2781,train,Cc1ccc(NC(=O)[C@H]2CCCN2S(=O)(=O)c3cccc4cccnc34)c(C)c1,3.9,3.6434401565600334,-0.2565598434399665
1643,train,CN[C@@H](C)C(=O)N[C@H](C(=O)N[C@H]1CCCN(CCc2ccc(O)cc2)C1)C(C)(C)C,0.77,1.1756232895527083,0.4056232895527083
501,train,Cc1c(Sc2ccc(Cl)cc2)c3cc(Cl)ccc3n1CC(=O)O,2.87,2.3554213929594465,-0.5145786070405536
1262,train,CCCCN1Cc2c(O)n3nc(cc3nc2C1=O)c4occc4,0.8,1.0005940625141316,0.2005940625141316
3664,train,C[C@@H](NC1=CC(=O)CNC1)c2ccc(Nc3ncc4cc(ccc4n3)c5ccncc5)cc2,2.49,2.3291797567362478,-0.16082024326375244
2898,train,COc1ccc(cc1)C(CN(C)C)C2(O)CCCCC2,0.99,1.3184620777567486,0.3284620777567486
2782,train,Cc1cccc(C[C@H](N2CCC(CN3CCC(CC3)Oc4ccc(Cl)c(Cl)c4)CC2)C(=O)O)c1,2.84,2.693983543459815,-0.1460164565401847
2736,train,Oc1cccc(NC(=O)c2ccc(OCCCN3CCCC3)cc2OCc4ccc(F)cc4)c1,3.2,3.008605776160115,-0.19139422383988514
4123,train,COc1ccc(cc1)c2nc(N)s[n+]2c3ccccc3,2.19,2.187224483918908,-0.0027755160810918333
1247,train,C[C@@H]1CN(CCN1c2ncc(OCc3ccncc3C#N)cn2)C(=O)OCC(F)(F)F,3.0,2.923052402752772,-0.07694759724722822
1079,train,CO[C@H]1CN(CCN2C(=O)C=Cc3ccc(cc23)C#N)CC[C@H]1NCc4cc5OCCOc5cn4,0.63,0.9010163273310836,0.2710163273310836
921,train,N#Cc1ccc(Nc2nccc(NC3CC3)n2)cc1,3.01,2.9908886953822162,-0.019111304617783542
2458,train,Nc1cc(nc2c(cnn12)C#N)c3ccc(F)cc3,2.23,2.384618592037765,0.15461859203776518
1612,train,Cc1cccc(n1)C#Cc2ccccc2,3.6,3.5943525682950375,-0.005647431704962624
1458,train,NC(=O)c1cn([C@@H]2O[C@H](CO)[C@@H](O)[C@H]2O)c3ncnc(N)c13,-0.87,-0.7215888586650898,0.14841114133491018
1317,train,Cc1ccc(cc1)S(=O)(=O)Nc2c(C(=O)NCC(C)(C)C)c(C)nn2c3ccccc3,1.46,1.460635385280793,0.0006353852807929883
1273,train,CCC(C)(CC)C[C@@H](N1CCC[C@@H](C1)N2C=C(C)C(=O)NC2=O)c3ccc(C(=O)O)c(Oc4cccc(Br)c4)c3,1.97,1.641570167589616,-0.32842983241038404
1804,train,CC(=O)N1CCN(CC(O)COc2ccc(Br)cc2)CC1,1.6,1.531985371193357,-0.068014628806643
1449,train,Oc1cc(O)c2C(=O)C(=COc2c1)c3ccc(F)cc3,3.6,3.5693391266847834,-0.03066087331521672
3604,train,CCCSc1nc(N[C@@H]2C[C@H]2c3ccccc3)c4nnn([C@@H]5C[C@H](OCCO)[C@@H](O)[C@H]5O)c4n1,3.87,3.993210714265098,0.123210714265098
1473,train,C1NCC(CC=C1)c2ccc3ccccc3c2,1.64,1.8742750594979305,0.2342750594979306
449,train,CCc1c2CN3C(=O)C4=C(C=C3c2nc5ccc(O)cc15)[C@@](O)(CC)C(=O)OC4,1.6,1.7879169267394233,0.18791692673942317
3336,train,O=C(Nc1ccc(nc1)N2CCOCC2)c3oc(Nc4ccccc4)nn3,2.9,3.0132661594460775,0.11326615944607754
419,train,CC(=O)Nc1ccc2nc(cc(O)c2c1)c3cccc(F)c3,2.41,2.3977714244782278,-0.012228575521772367
4048,train,O=C(NCc1ccncc1)c2ccc(Oc3ccccc3)cc2,3.26,2.9367119063578553,-0.3232880936421445
3789,train,CN(C)c1cccc(c1)C(=O)Nc2ccc(C)c(c2)C(=O)Nc3cccnc3,3.01,2.794564589299544,-0.2154354107004557
4080,train,CN[C@@H](C)C(=O)N[C@H](C(=O)N1CC[C@H]2CC[C@H](NC(=O)c3cccc4ccccc34)[C@@H]12)C(C)(C)C,1.94,1.9873325494748313,0.04733254947483134
3911,train,COC(=O)N1CCN(C(CC(=O)NCc2ccc3OCOc3c2)C1)c4ccnc(n4)n5ccnc5,1.88,1.8423376265463747,-0.03766237345362522
1017,train,COc1nc(N)nc2c1ncn2[C@@H]3O[C@H](CO)[C@@H](O)[C@H]3O,-0.58,-0.6137287325420187,-0.03372873254201869
2665,train,OC(=O)COc1ccc(cc1c2ccccc2)[N+](=O)[O-],-0.69,-0.545174051426133,0.144825948573867
2914,train,CC(C)C(NC(=O)CN1C(=O)C(=CC=C1c2ccccc2)NC(=O)NCc3ccccn3)C(=O)C(F)(F)F,2.15,2.115996112839017,-0.034003887160983126
127,train,Cc1ncc(nc1C(=O)N)c2ccc(cc2)[C@@H]3CC[C@@H](CC(=O)O)CC3,1.0,1.2098330305312166,0.2098330305312166
1279,train,CC(C)C[C@H](NC(=O)N1CCOCC1)C(=O)NCC#N,0.08,0.6378270573237113,0.5578270573237113
3298,train,CS(=O)(=O)c1ccc(CC(=O)N(CC=C)C2CCN(CCC(c3ccccc3)c4ccccc4)CC2)cc1,3.1,2.9246964664745985,-0.17530353352540162
929,train,CNC(=O)c1cc(C(=O)c2ccc(Cl)cc2)c(Br)[nH]1,3.1,3.0038506097553803,-0.09614939024461977
776,train,Cc1ccc(Nc2c(F)cccc2Cl)c(CC(=O)O)c1,1.02,1.1600599171462382,0.14005991714623822
2051,train,CS(=O)(=O)c1ccc(cc1Cl)[C@@H](C[C@H]2CCC(=O)C2)C(=O)Nc3cnccn3,1.39,1.2727580053912653,-0.11724199460873463
3571,train,O=S(=O)(NCCNc1ncccn1)c2cccc3cnccc23,0.61,1.0090547546251227,0.39905475462512274
103,train,CC(C)CC(N1NC(=O)c2nc3cc(Cl)ccc3c(O)c2C1=O)c4ccncc4,1.64,1.5169059182761764,-0.12309408172382352
362,train,CN(C)CC(O)COc1ccc(Nc2cc(ncn2)N(CC#N)c3cc(Cl)ccc3Cl)cc1,2.1,2.458405848699358,0.35840584869935777
644,train,C[C@H]1COc2c(N3CCN(C)CC3)c(F)cc4C(=O)C(=CN1c24)C(=O)O,-0.35,-0.31863603136016927,0.03136396863983071
1011,train,NC(=O)c1cccc(O[C@@H]2C[C@H]3CC[C@@H](C2)N3CC4CC4)c1,0.07,0.45662714776485025,0.38662714776485024
2139,train,Clc1ccc(N2CCN(CC2)C(=O)COCc3ccncc3)c(Cl)c1,3.38,3.3137834250331064,-0.06621657496689348
1285,train,CCOc1ccccc1c2ccc(cc2)c3nc4ccncc4c(O)c3C#N,3.0,2.7494573573147143,-0.2505426426852857
3008,train,OCCNC(=O)COc1ccc(OCCNCC(O)COc2ccccc2)cc1,0.42,0.45913312453775235,0.03913312453775236
2767,train,Oc1nc2ccccc2nc1NCc3ccccc3,3.3,2.6491524666620636,-0.6508475333379362
595,train,CC(C)C(NC(=O)CN1C(=O)C(=CN=C1c2ccc(F)cc2)NC(=O)OCc3ccncc3)C(=O)C(F)(F)F,2.22,2.1208883126764704,-0.09911168732352982
4014,train,CO[C@@H]1CC[C@@]2(CC1)Cc3ccc(cc3C24N=C(C)C(=N4)N)c5cc(Cl)cc(c5)C#N,3.8,3.8681763210427684,0.0681763210427686
4183,train,Oc1c(C#N)c(nc2ccncc12)c3ccc(cc3)c4ccccc4OC(F)(F)F,3.45,3.3201752322312283,-0.12982476776877183
3087,train,O=C(Nc1cccnc1C(=O)NCC2CCOCC2)c3cccc4ccccc34,4.4,4.01670528186028,-0.3832947181397204
1134,train,COc1cc2ncc(C(=O)N)c(Nc3cccc(Cl)c3)c2cc1OC,3.5,3.343609572439299,-0.1563904275607011
4181,train,CN1CCCC1CCOC(C)(c2ccccc2)c3ccc(Cl)cc3,3.04,3.272044251786321,0.23204425178632082
3330,train,O=C1N=C2C(=C1C#N)c3ccc(N4CCSCC4)c5cccc2c35,3.22,3.2396982133809544,0.019698213380954233
2653,train,OC(=O)CN1C(=O)C(Cc2ccccc12)NC(=O)c3cc4sc(Cl)c(Cl)c4[nH]3,0.67,0.8845144714252784,0.21451447142527835
2007,train,NC(=O)Nc1sc(cc1C(=O)N[C@H]2CCCNC2)c3ccc(F)cc3,1.76,1.680361596573818,-0.07963840342618211
828,train,COCCNC(=O)c1ccc(Nc2ncc3cc(ccc3n2)c4ccncc4)cc1C,2.78,2.765555431291704,-0.01444456870829569
3163,train,CO[C@H]1CN(CCN2C(=O)C=Cc3ccc(cc23)C#N)CC[C@@H]1NCc4cc5OCCOc5cn4,1.05,0.9010163273310836,-0.14898367266891643
3407,train,OC(=O)[C@H](Cc1ccc(OCCc2ccc3CCCNc3n2)cc1)NC(=O)c4c(Cl)cccc4Cl,0.33,0.04280338992859134,-0.2871966100714087
1034,train,O[C@H]([C@H](Cc1ccccc1)NC(=O)c2cc3cc(Cl)ccc3[nH]2)C(=O)N4C[C@@H](O)[C@@H](O)C4,2.8,2.658176921843765,-0.14182307815623485
353,train,Cc1cc(NC(=O)Nc2ccc(Cl)cc2)n(C)n1,2.96,3.141697415237761,0.18169741523776084
3854,train,Nc1nc(nc2c1nc(O)n2Cc3ccccc3)c4ccccc4,4.16,3.689150767567642,-0.4708492324323581
48,train,O[C@@H](CNCCCOCCOCCc1cccc2ccccc12)c3ccc(O)c4NC(=O)Sc34,2.28,2.199371558674608,-0.08062844132539171
630,train,Cc1nc(C)c(nc1C(=O)N)c2ccc3c(CC[C@@]34CC[C@@H](CC4)C(=O)O)c2,1.2,1.4040505261458505,0.2040505261458505
1533,train,NC1(CCC1)c2ccc(cc2)c3ncc4cccn4c3c5ccccc5,2.5,2.423328219591392,-0.07667178040860811
3308,train,CC1=CC2=NNC(=O)N2c3cc(ccc13)c4ccc(CO)cc4,2.86,2.905944196537255,0.045944196537255344
2306,train,CC1=C(C)C(=O)C(=C(C)C1=O)C(CCCCCC(=O)O)c2ccccc2,2.48,2.0898548978155183,-0.39014510218448173
1390,train,CN([C@@H]1CCN(Cc2nc3ccccc3s2)C[C@@H]1F)C(=O)Cc4ccc(cc4)S(=O)(=O)C,2.1,2.112076050555746,0.012076050555745788
1746,train,COc1cc(ccc1Nc2ncc(Cl)c(n2)c3cnc4cc(F)ccn34)N5CCN(CC5)C(=O)C,3.7,3.7426915930724625,0.042691593072462286
3816,train,CCN(C1CCN(CCC(N2CCN(CC2)c3cccc(F)c3)c4ccccc4)CC1)C(=O)Cc5ccc(cc5)S(=O)(=O)C,3.21,3.1913652324719353,-0.0186347675280647
249,train,C[C@H](NC(=O)c1c(C)nn(C2CCOC2)c1NS(=O)(=O)c3ccc(C)cc3)C(C)(C)C,0.78,0.6516628216884504,-0.12833717831154967
68,train,O=C1CCOc2cc(COc3ccccc3)ccc12,3.0,3.1461893589885035,0.1461893589885035
577,train,NC12CCC(CC1)(CC2)c3ccccc3,0.29,0.7387790150740601,0.4487790150740601
1683,train,COCCCc1cc(Nc2ccnc(NCc3onc(C)c3)n2)n[nH]1,2.04,2.1629163306843235,0.1229163306843235
216,train,OC(=O)[C@@H](Cc1ccccc1)N2CCC(CN3CCC(CC3)Oc4ccc(Cl)c(Cl)c4)CC2,2.5,2.5648036996825168,0.06480369968251676
1051,train,COc1ccc(cc1OC)c2cc(NC(=O)Cc3ccc4ccccc4c3)[nH]n2,3.1,3.27434299154788,0.17434299154788002
1117,train,CC(C)NCC(O)COc1nccs1,-0.97,-0.5280933515383897,0.4419066484616103
2457,train,Nc1ncc(cc1c2oc3ccccc3n2)c4cnn(c4)C5CCNCC5,1.85,2.084398408192668,0.23439840819266777
336,train,C(CNCc1ccccc1)NCc2ccccc2,0.73,1.048074942973104,0.318074942973104
3810,train,CCNCc1cncc(n1)c2ccc(F)cc2OC,1.18,1.519732334201902,0.3397323342019021
1995,train,OC[C@H]1CCCN1CCCOc2ccc3c(Nc4cc(CC(=O)Nc5cccc(F)c5F)[nH]n4)ncnc3c2,2.06,2.1458070124698736,0.08580701246987354
3564,train,O=C1C=C(Nc2ccccc12)c3occc3,2.21,2.368648248643098,0.158648248643098
1527,train,OC(=O)c1cc(nc2ccccc12)c3ccccc3,-0.7,0.32690480783025744,1.0269048078302574
799,train,CC(C)c1ccccc1Cc2cc(C(=O)Nc3ccc(cc3)S(=O)(=O)c4ccccc4C(C)(C)C)c(O)c(O)c2O,3.44,3.407920249069501,-0.032079750930499085
2877,train,COc1ccc(nc1OC)N2CCN([C@H](C)C2)C(=O)[C@@H]3CCCC[C@H]3C(=O)NC4(CC4)C#N,2.3,2.4359735607156705,0.13597356071567068
2088,train,Oc1ccc(Cl)cc1C(=O)Nc2ccc(F)cc2F,3.6,3.5225011655485714,-0.07749883445142869
2681,train,CC(=O)Nc1nc(CCc2ccc(NC(=N)N)cc2)cs1,-0.82,-0.31893846265700043,0.5010615373429995
486,train,OCCN1CC=CC[C@@H](C1)c2ccc(Cl)c(Cl)c2,2.37,2.505093015874611,0.13509301587461087
3046,train,CCOc1nc2cccc(C(=O)O)c2n1Cc3ccc(cc3)c4ccccc4c5nnn[nH]5,0.3,0.16191073111884302,-0.13808926888115697
949,train,Clc1cc(Nc2ncnc3[nH]nc(OCCN4CCCC4)c23)ccc1OCc5ccccn5,2.87,2.6797715803434605,-0.19022841965653958
117,train,CC(C(Cc1nc2ccccc2[nH]1)c3nc4ccccc4[nH]3)c5ccccc5,4.48,3.810073062093963,-0.6699269379060375
2759,train,COc1ccc(C(CN2CCCC2)N(C)C(=O)Cc3ccc(Cl)c(Cl)c3)c(OC)c1,3.07,2.9159277818081257,-0.1540722181918741
2118,train,CN(C)C(=O)N[C@@H]1CC[C@@H](CCN2CCN(CC2)c3cccc(Cl)c3Cl)CC1,3.6,3.573390191368275,-0.02660980863172524
4067,train,CCOC(=O)c1ccc(OCCC2(CCN(CC2)c3ccc(C)nn3)C#N)cc1,3.54,3.287205880333263,-0.25279411966673715
1916,train,CC(C)[C@@H](CN1CC[C@](C)([C@@H](C)C1)c2cccc(O)c2)NC(=O)[C@H]3Cc4ccc(O)cc4CN3,2.39,2.426369012898375,0.03636901289837491
3415,train,O=C1C=C(Oc2c1cccc2c3cccc4c5CCCCc5sc34)N6CCOCC6,4.1,4.121789255484412,0.02178925548441235
2690,train,NC(=N)c1cc2c(I)cccc2s1,0.74,0.9487739251183847,0.20877392511838466
2555,train,O=C(N1CCOCC1)c2ccc(cc2)C(=C3CCN(Cc4cscn4)CC3)c5cccc6cccnc56,2.12,2.298794052674872,0.17879405267487192
3783,train,COc1ccccc1C(=O)Nc2ccc(C)c(c2)N3C=Nc4ccc(cc4C3=O)N5CCN(C)CC5,2.93,3.0686681301640673,0.1386681301640671
74,train,Clc1ccc(CN2CC3CNCC(C2)O3)cc1C(=O)NCC45CC6CC(CC(C6)C4)C5,1.55,1.8654410921164142,0.31544109211641413
2336,train,Nc1ccc(Cl)c(c1)c2oc3cccnc3n2,1.97,2.1509342946206327,0.1809342946206327
2993,train,Clc1ccc2N(C3CCN(CCCN4C(=O)Nc5ccccc45)CC3)C(=O)Nc2c1,3.45,3.5698169644841657,0.11981696448416557
3802,train,COC(=O)C1=C(C)NC(=C(C1c2ccccc2[N+](=O)[O-])C(=O)OC)C,3.29,2.7813016550860654,-0.5086983449139346
1351,train,O=C1NCCc2[nH]c(cc12)c3ccncc3,1.49,1.2311669515956494,-0.2588330484043506
2327,train,Oc1ccc(cc1)c2oc3c(cc(O)cc3n2)C#N,3.6,3.1299726002011483,-0.4700273997988518
1384,train,CN1CCN(CC1)c2ccc(Nc3ncc(F)c(N[C@@H]4[C@@H]5C[C@@H](C=C5)[C@@H]4C(=O)N)n3)cc2C,2.9,2.7014383334187198,-0.19856166658128016
1050,train,CN1SC(=O)c2cc(ccc12)S(=O)(=O)NC3CC3,1.3,1.4843041176538654,0.18430411765386534
3925,train,CC1=CN([C@H]2CCCN(C2)S(=O)(=O)c3ccc(O)c(Oc4ccc(Cl)c(C)c4)c3)C(=O)NC1=O,2.4,2.211911724713251,-0.18808827528674898
2420,train,OC1=C(CC2=C(O)c3ccccc3OC2=O)C(=O)Oc4ccccc14,1.22,1.2131916760389823,-0.006808323961017715
2142,train,CCOC(=O)N1CCN(CC1)C(=O)[C@H](Cc2cccc(c2)C(=N)N)NS(=O)(=O)c3c(cc(cc3C(C)C)C(C)C)C(C)C,1.67,1.630045423413776,-0.03995457658622392
1736,train,CCCNC(=O)c1nnc2c(cccc2c1N)c3cncc(c3)C(=O)N4CCC4,2.79,2.68572120681987,-0.10427879318012989
1955,train,Cn1cnc(c1Sc2ncnc3nc[nH]c23)[N+](=O)[O-],0.19,0.3975535691876053,0.2075535691876053
2661,train,COc1ccc(NC(=O)c2ccc(c(C)c2)c3ccncc3)cc1N4CCN(C)CC4,2.56,2.4906730222681146,-0.06932697773188545
638,train,Cc1cc(Cl)ccc1OC2CCN(C[C@H](O)CNC(=O)C3=CNC(=O)c4c(F)cccc34)CC2,3.0,2.995364195845185,-0.004635804154815126
3745,train,CCN(CC)S(=O)(=O)c1ccc(NC(=O)[C@@](C)(O)C(F)(F)F)c(Cl)c1,3.66,3.3574702332323083,-0.30252976676769183
1798,train,CCN(C1CCN(CC[C@H](C2CCN(CC2)S(=O)(=O)C(F)(F)F)c3ccccc3)CC1)C(=O)Cc4ccc(cc4)S(=O)(=O)C,3.39,3.053995434480826,-0.3360045655191741
1565,train,CNC(=O)c1ccc(Nc2nccc(n2)c3cnc(C4CC4)n3C(C)C)cc1,2.77,2.8033662121089082,0.03336621210890822
898,train,CC(=O)c1ccc2OCC(=O)N(CCN3CCC(CC3)NCc4ccc5OCC(=O)Nc5n4)c2c1,0.37,0.1994381740056692,-0.17056182599433078
3051,train,CCNC(=O)c1cc2c(c(cnc2[nH]1)c3cncc(c3)C#N)n4ccc(n4)C(F)(F)F,2.62,2.565729372379794,-0.05427062762020629
1980,train,CCN(CC)CCOCCOC(=O)C1(CCCC1)c2ccccc2,1.33,1.670253601294338,0.340253601294338
3257,train,CN1CCN(CC(=O)N2c3ccccc3C(=O)Nc4cccnc24)CC1,-0.49,0.05271671977129966,0.5427167197712996
2035,train,CCN(CC)C(=O)c1ccc(cc1)C(=C2CCNCC2)c3ccc(Cl)c(Cl)c3,2.4,2.3126393793516073,-0.08736062064839256
1422,train,CNC(=O)c1ccc2C(=O)C=C(Nc2c1)c3cccnc3,1.01,1.1728279796170116,0.16282797961701156
2343,train,Cc1ccc(cc1)C(=O)Oc2ccc(cc2OC(=O)c3ccc(C)cc3)C(O)CNC(C)(C)C,3.57,3.1174673623691946,-0.4525326376308052
4,train,Cc1cccc(C[C@H](NC(=O)c2cc(nn2C)C(C)(C)C)C(=O)NCC#N)c1,3.1,2.869031221981464,-0.2309687780185361
3846,train,CCC(CC)NC(=O)c1c(C)nn(c1NS(=O)(=O)c2ccc(C)cc2)c3ccccc3,1.35,0.9863623175128398,-0.36363768248716033
1993,train,COc1ccc(CN(CCN(C)C)c2ccccn2)cc1,1.39,1.4867355931726018,0.09673559317260194
2492,train,NS(=O)(=O)c1cc2c(NC(NS2(=O)=O)C3CC4CC3C=C4)cc1Cl,2.12,1.6456846269050311,-0.47431537309496896
645,train,CCc1ccc(CCOc2ccc(CC3SC(=O)NC3=O)cc2)nc1,2.8,2.891098167487235,0.09109816748723532
723,train,CC(C)(C)NS(=O)(=O)c1cncc(c1)c2ccc3nc(N)nn3c2,1.41,1.358820640507291,-0.05117935949270902
2688,train,CCNC(=O)c1cc2c(c(cnc2[nH]1)c3cncc(c3)C(=O)NC)n4ccc(n4)C(F)(F)F,2.21,1.8426686546378126,-0.36733134536218737
1986,train,COc1cc2ncnc(Nc3cccc(C)c3)c2cc1OC,3.5,3.459439633171024,-0.04056036682897579
1196,train,CCC(CC)CNC(=O)c1ccc2c(c1)c(Cc3ccc(cc3OC)C(=O)NS(=O)(=O)c4ccccc4C)cn2C,2.7,2.6300108993004576,-0.06998910069954256
2481,train,CC1=C(OCc2ccc(F)cc2)C(=O)C=CO1,1.91,2.0148561240768323,0.10485612407683242
373,train,CCCc1c(O)c(ccc1OCc2ccc(C(=O)O)c(Br)c2)C(=O)C,2.3,2.2150435445816083,-0.08495645541839147
2783,train,Cc1cc(nn1C[C@H](O)CN)c2ccc(Cl)c(c2)C(=O)NCC3(O)CCCCCC3,0.57,0.5897485532764666,0.01974855327646663
1215,train,CC(C)C(NC(=O)CN1C(=O)C(=CC=C1c2ccccc2)NC=O)C(=O)C(F)(F)F,1.84,1.7683612838557132,-0.07163871614428685
3711,train,CN1C(=O)C=C(CCc2cccc(c2)c3cccnc3)N=C1N,2.5,2.529928787631561,0.029928787631560816
2609,train,OCCCN(Cc1ccc(F)cc1)C(=O)CC2CCN(Cc3ccn(c3)c4ccc(cc4)C(F)(F)F)CC2,3.04,2.9720224728948264,-0.06797752710517369
839,train,NC1(CCC1)c2ccc(cc2)c3ncc4cccnc4c3c5ccccc5,1.7,2.0732720959626523,0.3732720959626523
1800,train,Cc1cc(N)n(n1)c2ccccc2,1.25,1.418582057850406,0.16858205785040603
200,train,CN1CCCN(CC1)C(c2ccccc2)c3ccc(Cl)cc3,2.36,2.3922915291134697,0.032291529113469775
3244,train,NC(=O)Nc1sc(cc1C(=O)N2CCOCC2)c3ccccc3,2.24,2.2419259877082935,0.0019259877082933308
318,train,CN1CCN(CC1)c2ccc(NC(=O)c3oc(Nc4ccccc4F)nn3)cn2,2.36,2.928796875035994,0.5687968750359942
2824,train,CC[C@@H]1COCCN1c2cc(nc(n2)c3cccc4[nH]ccc34)C5(CC5)S(=O)(=O)C,3.0,2.7457105166032516,-0.2542894833967484
304,train,CC[C@@H](NC1=C(Nc2cccc(C(=O)N(C)C)c2O)C(=O)C1=O)c3oc(C)cc3,2.32,2.3901079090528494,0.07010790905284958
1566,train,CC(C)CC(N1NC(=O)c2nc3cc(Cl)ccc3c(O)c2C1=O)c4ccccn4,1.83,1.9663739394693416,0.1363739394693415
2663,train,CCOC(=O)C1=Cc2ccc(O)cc2OC1=O,1.2,1.358491649588095,0.15849164958809503
3062,train,Fc1ccc(C2CCN(CC2)C(=O)COCc3ccncc3)c(Cl)c1,2.7,2.5285919334240616,-0.17140806657593854
1361,train,Cc1c(Sc2ccc(Cl)cc2)c3cc(Cl)ccc3n1Cc4nnn[nH]4,3.25,3.547737002695957,0.29773700269595693
3159,train,CN(C)CC(O)COc1ccc(Nc2nccc(Nc3ccccc3)n2)cc1,1.58,1.9966736074341374,0.4166736074341373
3690,train,CCC(C)(C)C(=O)O[C@H]1C[C@@H](C)C=C2C=C[C@H](C)[C@H](CC[C@@H](O)C[C@@H](O)CC(=O)O)[C@@H]12,1.55,1.5966939634139097,0.046693963413909634
728,train,CC1=CC2=NNC(=O)N2c3cc(ccc13)c4ccccc4CO,3.18,3.153948097799997,-0.026051902200002974
2740,train,NC(=O)Nc1sc(cc1C(=O)N[C@H]2CCCNC2)c3cc(F)cc(F)c3,2.18,1.8024132653358278,-0.37758673466417236
1486,train,Oc1ccc(cc1)c2nc3ccccc3nc2c4ccc(O)cc4,2.7,2.8477409558479017,0.14774095584790148
3797,train,COc1ccc(cc1)c2nc3c(NCC4CCNCC4)c(Br)cnc3[nH]2,1.36,1.574939767005862,0.21493976700586193
3098,train,CCN(C1CCN(CC[C@H](c2ccc(cc2)S(=O)(=O)C)c3cc(F)cc(Cl)c3)CC1)C(=O)Cc4ccc(cc4)S(=O)(=O)C,2.71,2.67111214850853,-0.038887851491470116
1567,train,CC(C)C[C@H](NC(=O)N1CCOCC1)C(=O)N[C@@H](CCc2ccccc2)\C=C\S(=O)(=O)c3ccccc3,3.4,3.153481865924052,-0.2465181340759477
1781,train,C[C@H](NC(=O)c1c(C)nn(c1NS(=O)(=O)c2cccc(CN3CCOCC3)c2)c4ccccc4)C(C)(C)C,0.29,0.6318268096983284,0.3418268096983284
3063,train,FC(F)(F)c1nnc2ccc(nn12)N3CCCCCC3,3.29,2.989926936822159,-0.300073063177841
2469,train,NC(=N)c1cc2c(cccc2s1)c3ccccc3,1.27,1.9224445225396614,0.6524445225396613
621,train,C[C@H]1CN(CCN1c2ncc(OCc3ccc(cc3)S(=O)(=O)C)cn2)C(=O)OC(C)(C)C,3.5,3.3475484916689497,-0.15245150833105026
2256,train,CC(C)(C)OC(=O)N1CCN(CC1)c2ncc(OCc3ccncc3F)cn2,3.6,3.7537636543720883,0.15376365437208817
759,train,COc1ccc2c(C)cc(N[C@H]3CCC[C@@H](C3)NCc4ccsc4)nc2c1,2.46,2.4393509105945315,-0.0206490894054685
3716,train,O=C1CCOc2nc(OCc3ccccc3)ccc12,3.1,3.4045807224502336,0.3045807224502335
2373,train,COc1ccc(N(C(C(=O)NC[C@@H](C)O)c2ccccc2F)C(=O)c3occc3C)c(OC)c1,2.04,1.8553717225413904,-0.18462827745860966
3793,train,COc1cc(ccc1Nc2ncc(Cl)c(n2)c3cnc4cc(C)ccn34)N5CCN(CC5)C(=O)C,3.3,3.5231421259402933,0.22314212594029348
1415,train,OB(O)c1ccccc1C=O,0.83,1.0675610586184159,0.23756105861841592
196,train,Cc1cccc(CN2CCN(CC2)C(c3ccccc3)c4ccc(Cl)cc4)c1,3.39,3.558212349627969,0.16821234962796883
3880,train,Fc1ccc(NC(=S)N2CCC(CC2)C(=O)c3ccc(F)cc3)cc1,3.4,3.1215129941090622,-0.27848700589093767
136,train,Nc1nnc(CCSCCc2nnc(NC(=O)Cc3ccccc3)s2)s1,2.0,2.0900416416421677,0.09004164164216766
2997,train,COc1cc(OC)c(cc1NC(=O)C)S(=O)(=O)N(C(C)C)c2ccccc2,1.6,1.365739217378998,-0.23426078262100214
81,train,COC(=O)c1ccc(C)c(NS(=O)(=O)c2ccc3N(C)SC(=O)c3c2)c1,2.6,2.3004948936182004,-0.2995051063817997
3192,train,CCn1c2ccccc2c3cc(NC(=O)C)ccc13,3.5,3.171006699236513,-0.3289933007634871
1522,train,CCOC(=O)c1ccc(CCN2CCN(CC2)c3ccc(C)nn3)cc1,2.58,2.814787781686569,0.2347877816865691
589,train,COC1=CC(=N/C/1=C\c2[nH]c(C)cc2C)c3cc4ccccc4[nH]3,2.55,2.6546298495564034,0.10462984955640353
1138,train,NC(=O)N1c2ccccc2C[C@H](O)c3ccccc13,0.79,0.8236209276310742,0.03362092763107416
1807,train,O=C1C=CN=C2C=C(C=CN12)C#Cc3ccccc3,2.9,2.722691816083465,-0.1773081839165349
1515,train,CC(C)(C)OC(=O)N[C@@H](Cc1ccccc1)C(=O)O,-1.1,-0.4113094312482306,0.6886905687517695
1580,train,OC(=O)[C@H](Cc1ccccc1C#N)N2CCC(CN3CCC(CC3)Oc4ccc(Cl)c(Cl)c4)CC2,2.12,2.128800208047807,0.008800208047806901
3939,train,COC(=O)c1cccc(CN2NC(=O)C3=C(C2=O)C(=O)c4ccc(Cl)cc4N3)c1,1.1,1.146369981641471,0.04636998164147088
108,train,COc1ccccc1CNc2cc(C)ccn2,3.28,3.5856441985007512,0.3056441985007514
3638,train,COc1c(cc2ccccc2c1C(=O)N(C)C[C@@H](CCN3CCC(CC3)c4ccc(O)cc4[S+](C)[O-])c5ccc(Cl)c(Cl)c5)C#N,3.5,3.586785553065843,0.08678555306584279
123,train,Nc1c(NC2CC3CCC2C3)nc(nc1N4CCOCC4)C#N,3.53,3.3796654444905134,-0.15033455550948638
2448,train,Oc1ccc(CCNCCCS(=O)(=O)NCCOCCSc2ccccc2)c3sc(O)nc13,1.84,1.9068612437599983,0.06686124375999825
2203,train,COc1cc2cc(nc(C)c2cc1OC)c3ccc(O)cc3O,3.9,3.289626396505592,-0.6103736034944078
1563,train,CC(C)COc1cc(OC(C)C)cc(c1)C(=O)Nc2ccc(cn2)C(=O)O,1.6,1.4472290064184052,-0.15277099358159485
2695,train,Cc1ccc2NC(=O)OC3(CCN(CCc4nc(oc4C)c5ccccc5)CC3)c2c1,4.2,3.9714684432911844,-0.22853155670881575
1295,train,CC(N(O)C(=O)N)c1cc2ccccc2s1,2.05,1.932810867237138,-0.1171891327628618
1701,train,CCC(CO)NCCNC(CC)CO,-1.42,-0.8211538635335991,0.5988461364664008
3568,train,c1ccc(cc1)c2ccc3ccccc3n2,4.0,3.4513475846802555,-0.5486524153197445
1833,train,N[C@@H]1CCCN(C1)c2c(Cl)cccc2\C=C\3/SC(=O)NC3=O,1.97,2.048691409289588,0.07869140928958784
3075,train,CCN(CCCOCCOCCc1ccccc1)CCc2ccc(O)c3nc(O)sc23,2.45,2.6806507468906857,0.23065074689068554
3297,train,Nc1cccc(NS(=O)(=O)c2ccc(cc2)c3ccc(cc3)C#N)n1,2.2,1.9926469236642672,-0.20735307633573297
3353,train,c1ccc(nc1)c2n[nH]c(n2)c3ccncc3,1.48,1.9304833812155895,0.4504833812155895
2439,train,CC1=CN([C@H]2CCCN(C2)S(=O)(=O)c3ccc(CO)c(Oc4cccc(Cl)c4)c3)C(=O)NC1=O,2.69,2.519674574320139,-0.17032542567986075
2881,train,CCOc1ccc2oc(C(=O)NC(CCSC)c3nc4cnccc4[nH]3)c(C)c2c1,4.31,4.059120500593763,-0.25087949940623666
116,train,NC1(CCC1)c2ccc(cc2)c3nc4C=CN5C(=O)NN=C5c4cc3c6ccccc6,2.5,2.6381346920723416,0.13813469207234164
3652,train,C[C@H]1C[C@H]2[C@@H]3CC[C@](O)(C(=O)CO)[C@@]3(C)C[C@H](O)[C@@H]2[C@@]4(C)C=CC(=O)C=C14,2.12,2.296844988360962,0.17684498836096196
2834,train,Oc1ccccc1NC(=O)c2cc(ccc2Cl)[N+](=O)[O-],2.49,2.5847703156666175,0.09477031566661731
2502,train,CN(C)CCCNC(=O)c1nc(Cl)c(N)nc1N,-1.0,-0.7518196793316858,0.2481803206683142
2465,train,Nc1cc(nc2ccccc12)c3ccccc3,2.2,1.8274388302106186,-0.3725611697893816
3572,train,COc1ccc2nc(C)cc(c2c1)n3cc(CNC(=O)C)nn3,1.6,1.7178717897358684,0.11787178973586832
610,train,COc1ccc(C=NN=Cc2ccc(OC)c(OC)c2)cc1OC,3.38,2.6265998352674673,-0.7534001647325326
2468,train,C[N+]1(C)[C@@H]2C[C@H](C[C@H]1[C@@H]3O[C@H]23)OC(=O)C(O)(c4cccs4)c5cccs5,-0.25,-0.01504021120634258,0.23495978879365742
1785,train,CC(C)c1nnc2ccc(cn12)c3ocnc3c4cc(F)ccc4F,2.44,2.5272235826828062,0.08722358268280628
2897,train,COc1cccc(c1)c2cc3c(N[C@H]4CCCNC4)ncc(C(=O)N)c3s2,1.82,1.946728660092376,0.12672866009237604
2235,train,CC(C)C(=O)Nc1ccc(c(c1)C(F)(F)F)[N+](=O)[O-],3.46,3.0098646221356193,-0.4501353778643806
221,train,CC(Cc1cccc(CNCCc2c(Cl)cccc2Cl)c1)NC[C@H](O)c3ccc(O)c4NC(=O)Sc34,2.41,2.2066406986062845,-0.2033593013937156
3543,train,CC(C)C(NC(=O)CN1C(=O)C(=CC=C1c2ccccc2)NC(=O)CN3C(=O)CCC3=O)C(=O)C(F)(F)F,0.96,1.6033831955668356,0.6433831955668357
2057,train,CS(=O)(=O)c1cccc(Nc2nccc(Nc3c(Cl)ccc4ccoc34)n2)c1,3.7,3.534718850659547,-0.16528114934045313
2097,train,C[C@H](O)C(=O)N1CCN(Cc2sc3c(nc(nc3c2C)c4cnc(N)nc4)N5CCOCC5)CC1,1.9,1.9413725435156448,0.0413725435156449
1903,train,CCOC(=O)c1ccc(N)cc1,1.83,1.247796009387145,-0.5822039906128551
2389,train,C[C@@H]1CN(CCN1C(=O)[C@@H]2CCCC[C@H]2C(=O)NC3(CC3)C#N)c4ccccc4,2.35,2.4230885680529113,0.0730885680529112
1291,train,CC[C@H](Nc1ncnc2[nH]cnc12)C3=Nc4cccc(F)c4C(=O)N3c5ccccc5,2.72,2.4336494806840294,-0.2863505193159708
3974,train,NC(=O)Nc1sc(cc1C(=O)N)c2ccc(CN3CCCCC3)cc2,1.75,1.82471701069551,0.07471701069550996
2364,train,CC(C)(C)OC(=O)N1CCC(CC1)c2ncc(OCc3ccc(cc3)S(=O)(=O)C)cn2,2.8,2.80458216249965,0.004582162499650266
2424,train,Cc1nnc2CN=C(c3ccccc3)c4cc(Cl)ccc4n12,1.98,2.3251560336853996,0.3451560336853996
3359,train,CC[C@H](C)[C@@H](CO)NS(=O)(=O)c1ccc(Cl)s1,2.7,2.6226644540798443,-0.0773355459201559
1102,train,NCCc1ccc(O)c2nc(O)sc12,0.33,0.5260116662754739,0.1960116662754739
1253,train,OCC[C@]1(CCCNC1)c2ccc(Cl)c(Cl)c2,0.62,0.5830030835414706,-0.03699691645852943
1309,train,N[C@H](Cc1c[nH]c2ccccc12)C(=O)O,-0.92,-0.8975066173994408,0.02249338260055922
1014,train,CN[C@@H](C)[C@H](O)c1ccccc1,-1.15,-0.3516079727321042,0.7983920272678957
1082,train,COc1ccc2CC3C4C=CC(O)C5Oc1c2C45CCN3C,0.8,0.8803101664394475,0.08031016643944744
972,train,Fc1cnc(NC(=O)[C@H](CC2CCOCC2)c3ccc(cc3)S(=O)(=O)C4CC4)s1,3.19,3.236140588223268,0.046140588223268164
1548,train,CN1CCN(CC1)C(=O)c2cc3ccccc3[nH]2,1.7,1.6868954242225072,-0.0131045757774928
3324,train,Cc1cnc([nH]1)c2cc(NC(=O)c3ccc(nc3C)C(F)(F)F)ccc2Cl,3.3,3.2684684943554148,-0.03153150564458507
518,train,C(N(Cc1ccccc1)c2nn[nH]n2)c3ccccc3,1.37,1.339577493855769,-0.030422506144231143
818,train,CCCSc1c(cnn1c2ccc(cc2)C(=O)O)C(=O)N(C)C3CCCCC3,0.59,1.0696245743266812,0.47962457432668126
878,train,Clc1ccc(CN2C[C@@H]3C[C@H]2CN3)cc1C(=O)NCC45CC6CC(CC(C6)C4)C5,1.45,1.2882567579628523,-0.16174324203714763
2114,train,Clc1cccc(NC(=O)N2CCN(C[C@@H]3CCCN(C3)C4CC4)CC2)c1,2.74,2.922327185861347,0.18232718586134666
474,train,CN1CCN(CC1)C(=O)c2cc3cc(Br)ccc3[nH]2,2.79,2.8159992834661765,0.025999283466176415
2833,train,Cc1nccn1CC2CCc3c(C2=O)c4ccccc4n3C,1.67,1.7124801922634918,0.04248019226349187
129,train,CNCC[C@H](Oc1ccc(cc1)C(F)(F)F)c2ccccc2,1.89,1.8929901274552694,0.002990127455269498
2977,train,COc1ccc(C[C@@H](C)NC[C@H](O)c2ccc(O)c(NC=O)c2)cc1,0.42,0.3624386529947059,-0.05756134700529408
132,train,[O-][S+](c1ccccc1)c2ccc3nnnn3n2,0.79,0.7222599619163692,-0.06774003808363083
2430,train,COCCNS(=O)(=O)c1ccc(cc1)c2cnc(N)c(n2)C(=O)Nc3cccnc3,2.26,2.177090587641539,-0.08290941235846061
1780,train,CCCCCC1=CC(=O)NC(=N1)N,1.62,1.674527435203509,0.054527435203509
2845,train,CCOC(=O)c1ncn2c1CN(C)C(=O)c3cc(F)ccc23,1.1,1.22844636880824,0.12844636880824
2312,train,CC(N1NC(=O)C2=C(C1=O)C(=O)c3ccc(Cl)cc3N2)c4oc5ccccc5c4,2.1,2.457875231016117,0.35787523101611685
3961,train,Nc1cc(nc2c(cnn12)C#N)c3ccccc3,2.48,2.249489921486227,-0.23051007851377303
1087,train,CC(O)(C(=O)Nc1ccc(cc1)S(=O)(=O)c2ccc(F)cc2)C(F)(F)F,3.12,3.00880214092317,-0.11119785907682989
3819,train,Oc1ccc2C(=O)N(C(=O)c2c1)c3ccccc3,2.3,2.29284645222195,-0.007153547778049774
227,train,Cc1cc(OC2CCN(CC3CCN(CC3)[C@@](C)(Cc4ccc(F)cc4)C(=O)O)CC2)ccc1Cl,2.08,2.371634493785936,0.29163449378593587
2304,train,CCOc1cc2nnc(C(=O)N)c(Nc3cc(C)ccc3F)c2cc1N4CCN(C)CC4,3.02,2.862564139417337,-0.1574358605826629
641,train,C1Oc2ccc(Oc3ccnc(Oc4ccc(cc4)n5ccnc5)n3)cc2O1,3.27,3.171777239544948,-0.09822276045505207
1206,train,CN(C)CCCNc1cc(nc2c(cnn12)C#N)n3ccc4ccc(NC(=O)C)cc34,1.62,1.7170586696519252,0.09705866965192511
139,train,COC1\C=C\OC2(C)Oc3c(C)c(O)c4C(=O)C(=CC(=O)c4c3C2=O)NC(=O)\C(=C/C=C/C(C)C(O)C(C)C(O)C(C)C(OC(=O)C)C1C)\C,0.7,0.5857841800859294,-0.1142158199140706
3285,train,C[C@@H]1CN(CCN1c2ncc(OCc3ccc(cc3)S(=O)(=O)C)cn2)C(=O)OC(C)(C)C,3.6,3.3475484916689497,-0.25245150833105034
3863,train,COCCOc1cc(Nc2nccc(n2)N(C)c3cc(CO)ccc3C)cc(c1)N4CCOCC4,3.3,3.3856372429511703,0.08563724295117048
2594,train,Oc1ccc(CCNCCS(=O)(=O)CCCOCCNc2ccccc2)c3sc(O)nc13,1.98,2.0433627171676405,0.06336271716764053
2415,train,C[C@H]1COCCN1c2cc(nc(n2)c3cccc4[nH]ccc34)C5(CC5)S(=O)(=O)C,2.8,2.904909066939579,0.10490906693957935
2916,train,COc1ccccc1CCNCc2ccc(CCNC[C@H](O)c3ccc(O)c4NC(=O)Sc34)cc2,0.8,0.8282173983694765,0.028217398369476454
2748,train,CCC(CC)NC(=O)c1cn(nc1NS(=O)(=O)c2ccc(C)cc2)c3ccccc3,2.51,2.3647270790476864,-0.14527292095231337
237,train,COc1ccc2nc(N[C@H]3CCC[C@@H](C3)NCc4ccsc4)ccc2c1,2.43,2.582600761500087,0.15260076150008706
2188,train,Nc1[nH]nc2cccc(Cl)c12,1.92,1.7057762409616564,-0.21422375903834356
309,train,Nc1nc(cs1)c2ccccc2,2.43,2.473934574699385,0.043934574699384665
1913,train,Cc1cc(CNc2ncc(Cl)c(Nc3cc(C)[nH]n3)n2)on1,2.68,2.386393693060106,-0.293606306939894
4003,train,O=C1NC(=O)C(Cc2cccc(Oc3ccccc3)c2)S1,2.84,2.7578007309033983,-0.08219926909660158
1542,train,C[C@H]1O[C@H]([C@H](O)[C@H]1Cl)n2cnc3c(N)nc(OC4CCCC4)nc23,3.18,2.8672005497858835,-0.3127994502141167
946,train,Nc1ccccc1NC(=O)c2ccc(cc2)c3nccs3,2.3,2.3213180104739757,0.021318010473975857
1820,train,COc1ccc2c(C)cc(N[C@H]3CC[C@@H](C3)NCc4cn(C)c5ccccc45)nc2c1,2.53,2.8512235803213333,0.32122358032133347
3001,train,Fc1ccc(cc1)c2ncn(C3CCNCC3)c2c4ccncc4,0.3,0.49629416305199126,0.19629416305199127
176,train,CC1CC(CC(C)(C)C1)OC(=O)C(O)c2ccccc2,2.31,2.4272667465707087,0.11726674657070868
3710,train,O[C@@H](CNCCc1cccc(CNCc2ccccc2F)c1)c3ccc(O)c4NC(=O)Sc34,0.69,0.9995685244453576,0.30956852444535765
562,train,OC(=O)C(N1CCC(CN2CCC(CC2)Oc3ccc(Cl)c(Cl)c3)CC1)c4ccccc4,2.17,2.02518990657204,-0.14481009342796014
3761,train,O=C(N1CCCCC1)c2csc3CCCCc23,3.2,3.078022051871663,-0.1219779481283374
3180,train,N(c1ccccc1)c2ccnc(Nc3ccccc3)n2,4.06,3.492839268515449,-0.5671607314845506
3566,train,Cc1onc(C)c1CCC2CCN(CC2)S(=O)(=O)CC3(CCC(F)(F)CC3)N(O)C=O,2.1,1.8887037959430601,-0.21129620405693994
1569,train,CC1=C(C(=O)c2cc(O)c(O)c(CCc3ccc(C)cc3)c2C1=O)C4=C(C)C(=O)c5c(CCc6ccc(C)cc6)c(O)c(O)cc5C4=O,3.36,3.243879307224712,-0.1161206927752878
2734,train,CC(C)(C)NC(=O)[C@@H]1CN(Cc2cccnc2)CCN1C[C@@H](O)C[C@@H](Cc3ccccc3)C(=O)N[C@@H]4[C@H](O)Cc5ccccc45,2.9,2.7739104345408303,-0.1260895654591696
2485,train,COc1ccccc1OCC(O)COC(=O)N,0.36,0.38629945973147684,0.02629945973147685
2413,train,O[C@@]1(CN2CCC1CC2)C#Cc3ccc(Oc4ccc(cc4)C(=O)NCc5ccncc5)cc3,2.31,2.492277903900297,0.18227790390029686
884,train,CCN(CC)c1ccc2C=C(C(=O)C)C(=O)Oc2c1,2.0,1.968794709729776,-0.031205290270224006
2796,train,Oc1ccc(CCc2ccc(O)cc2)cc1,3.3,2.191028871053959,-1.1089711289460409
2214,train,COc1ccc(cc1)c2csc(n2)N(CCCN3CCOCC3)C(=O)c4occc4,3.34,3.189402590586406,-0.150597409413594
3673,train,CN[C@@H](C)C(=O)N[C@@H](C1CCCCC1)C(=O)N[C@H]2CCCN(Cc3ccccc3)C2,2.01,2.069615760213585,0.05961576021358539
2627,train,Cc1ccc(cc1)C(=O)C2CCN(CC2)C(=O)c3ccc(C)cc3,3.43,2.9503303871448887,-0.47966961285511145
122,train,NC(=N)NC(=O)c1nc(Cl)c(NCc2ccccn2)nc1N,-0.56,-0.3162876952528211,0.24371230474717898
3509,train,CCOc1cccc2c3CN(CCc3[nH]c12)C(=O)[C@@H]4CCCC[C@H]4C(=O)NC5(CC5)C#N,3.1,2.9584438653124434,-0.14155613468755668
4101,train,CC(C)S(=O)(=O)NCC(C)c1ccc(cc1)c2ccc(cc2)C#N,3.5,2.976223951206123,-0.5237760487938772
1328,train,NC1=NC2(CCN(CC2)C(=O)c3ccc(cc3)C#N)Nc4cccc(F)c14,0.66,0.6832633040176701,0.023263304017670072
3649,train,Cc1nc(C)c(nc1C(=O)N)c2ccc3c(CC[C@@]34CC[C@@H](CC4)c5nnn[nH]5)c2,1.4,1.538721159563575,0.1387211595635751
952,train,O=C(NC1(CC1)C#N)[C@@H]2CCCC[C@H]2C(=O)N3CCc4[nH]c5ccccc5c4C3,2.66,2.854645645160616,0.194645645160616
504,train,CN1[C@@H]2CC[C@H]1C[C@H](C2)OC(c3ccccc3)c4ccccc4,1.49,1.5292287041787467,0.03922870417874669
3817,train,FC(F)(F)c1cccc(c1)S(=O)(=O)NC(=O)N2CCC(CC2)N3CCC(CC3)Oc4ccc(Cl)c(Cl)c4,2.94,2.7333842350026942,-0.20661576499730572
2974,train,CCN(C1CCN(CC[C@H](N2CCN(CC2)S(=O)(=O)C(F)(F)F)c3ccccc3)CC1)C(=O)Cc4ccc(cc4)S(=O)(=O)C,2.86,2.832591507936346,-0.0274084920636537
3444,train,CC(=O)Nc1cccc(OCc2cnc(Cl)s2)c1,2.38,2.4532451833303557,0.07324518333035579
2683,train,CC(C)n1c(C)ncc1c2nc(Nc3ccc(cc3)C(=O)N4CC[C@@H](C4)N(C)C)ncc2F,2.16,2.458188937763419,0.29818893776341904
3404,train,COc1cc2ncc(C(=O)N)c(Nc3cc(F)ccc3F)c2cc1OC,2.9,2.7372175879703065,-0.16278241202969346
1397,train,CC[C@H](C)[C@H](N)C1=N[C@@H](CS1)C(=O)N[C@@H](CC(C)C)C(=O)N[C@H](CCC(=O)O)C(=O)N[C@@H]([C@@H](C)CC)C(=O)N[C@H]2CCCCNC(=O)[C@H](CC(=O)N)NC(=O)[C@@H](CC(=O)O)NC(=O)[C@H](Cc3cnc[nH]3)NC(=O)[C@@H](Cc4ccccc4)NC(=O)[C@@H](NC(=O)[C@@H](CCCN)NC2=O)[C@@H](C)CC,-0.46,-0.2966401586870431,0.16335984131295694
1637,train,COc1ccc(Cl)c(c1)C(=O)NCC23CC4CC(CC(C4)C2)C3,4.39,3.52726726540278,-0.8627327345972198
3479,train,COc1cc(O)ccc1\C=C\2/CCCN=C2c3cccnc3,2.2,2.214577468755593,0.014577468755592626
1302,train,Cc1ccc(cc1)c2nn(c3ncnc(N)c23)C(C)(C)C,4.1,4.040536677985868,-0.05946332201413185
1496,train,Nc1[nH]nc2ccccc12,1.0,1.4009270343870086,0.4009270343870086
3456,train,Nc1c(c(CN2CCOCC2)nn1c3ccc(F)cc3)c4ccccc4,2.33,2.453355608457293,0.1233556084572931
2265,train,COc1cc2ncnc(Nc3cc(NC(=O)c4cccc(c4)N5CCOCC5)ccc3C)c2cc1OC,3.6,3.5067510541717266,-0.09324894582827348
3158,train,CN(CCOc1ccc(C[C@H](Nc2ccccc2C(=O)c3ccccc3)C(=O)O)cc1)c4ccccn4,2.15,1.8930464370318627,-0.2569535629681372
850,train,CCC(CC)NC(=O)c1cnn(c1NS(=O)(=O)c2ccc(C)cc2)c3ccccc3,0.79,0.6833997897191768,-0.10660021028082323
2809,train,CN(Cc1ccc(Cl)cc1)C(=O)C2(N)CCN(CC2)c3ncnc4[nH]ccc34,2.8,2.811663214934168,0.01166321493416822
2728,train,COc1ccc2c(c1)c(c(C)n2CC(=O)O)c3ccnc4cc(Cl)ccc34,1.16,1.35376814503834,0.19376814503834017
3009,train,CCc1cc(C(=O)N[C@@H](Cc2cccc(Cl)c2)C(=O)NCC#N)n(C)n1,2.6,2.769234135022389,0.1692341350223887
2524,train,Fc1cc2[nH]cnc2cc1Cl,2.35,2.0269605571225155,-0.32303944287748454
2859,train,Clc1ccc(OC2CCN(CC2)C3CCN(CC3)C(=O)NS(=O)(=O)c4cccc(c4)C#N)cc1Cl,1.81,1.805283525976022,-0.004716474023978012
56,train,COCCNC(=O)c1cccc(Nc2ncc3cc(ccc3n2)c4ccncc4)c1,3.21,3.0664673951191848,-0.1435326048808152
2726,train,CC(C)NCC(O)COc1ccc(CCOCC2CC2)cc1,0.63,0.5637429792634752,-0.06625702073652484
2928,train,CC12CCC3C(CCC4=CC(=O)CCC34C)C1CCC2O,3.3,3.2800525459361825,-0.01994745406381737
3929,train,Nc1nccc2ccccc12,1.5,1.8118152231874727,0.3118152231874727
1599,train,Cc1ccc(NC(=O)c2ccc(Cl)c(c2)C(F)(F)F)cc1C(=O)Nc3cccnc3,2.83,2.959766506630293,0.12976650663029288
3401,train,CN1c2ccccc2C(NCCCCCCC(=O)O)c3ccc(Cl)cc3S1(=O)=O,1.33,1.2369238868045747,-0.09307611319542541
2597,train,C(Nc1ncnc2ccccc12)c3ccccc3,3.21,3.2780959828286598,0.0680959828286598
779,train,Cc1cccc(c1)N(Cc2cc(F)c(F)cc2F)C(=O)O[C@H]3CN4CCC3CC4,2.24,2.2166161309242733,-0.02338386907572687
4176,train,CC(C)C(NC(=O)CN1C(=O)C(=CN=C1c2cccs2)N)C(=O)C(F)(F)F,0.68,1.0467851563540254,0.3667851563540253
1766,train,CC(NC(C)(C)C)C(=O)c1cccc(Cl)c1,2.12,2.0396396422101915,-0.08036035778980866
1882,train,Oc1ccc2C(=O)C(=COc2c1)c3ccc(O)c(O)c3,1.88,2.024356692029137,0.14435669202913726
3342,train,CCN(CC)C(=O)c1ccc(cc1)C(=C2CCNCC2)c3ccccc3OC,1.0,1.1674022307809595,0.1674022307809595
171,train,CC(=O)Nc1nc(C)c(s1)c2cnc(F)c(NS(=O)(=O)c3sc(C)nc3C)c2,0.55,0.9025739736600387,0.3525739736600386
174,train,CCOc1ncc(C)c2NC(=C([C@@H](c3ccc(cc3OC)C#N)c12)C(=O)N)C,2.51,2.5306864152592783,0.0206864152592785
2770,train,CC(C)NC[C@@H](O)COc1cccc2ccccc12,1.13,1.1261132520025,-0.0038867479974999952
994,train,CSCCC(NC(=O)c1ccccc1)c2nc3ccccc3n2Cc4ccc(cc4)C#N,4.24,3.9876430950858612,-0.252356904914139
792,train,C1CN2C[C@@H](N=C2S1)c3ccccc3,0.81,1.0800632178344953,0.2700632178344953
243,train,CC1=CN([C@H]2CCCN(Cc3ccc(C(=O)O)c(Oc4cccc(c4)C(F)(F)F)c3)C2)C(=O)NC1=O,-0.38,-0.08923844574507056,0.29076155425492944
447,train,CCn1nc(C)c(C(=O)N[C@@H](C)C(C)(C)C)c1NS(=O)(=O)c2ccc(C)cc2,0.95,0.7783189217012907,-0.17168107829870927
497,train,CCOc1ccc(Oc2ccc(cc2)S(=O)(=O)NC(=O)c3cccc(c3)c4ccc(Cl)c(Cl)c4)cc1,2.94,2.8716236684915084,-0.06837633150849154
1045,train,O[C@@H](CNCCc1cccc(CNCCc2ccccn2)c1)c3ccc(O)c4NC(=O)Sc34,-0.07,0.11200043628074452,0.18200043628074453
1619,train,COc1ccnc(c1)N(C)c2ccnc(Nc3cc(cc(c3)N4CCOCC4)N5CCOCC5)n2,2.23,2.655270893456419,0.4252708934564189
202,train,Clc1ccc2C(=O)C3=C(Nc2c1)C(=O)NN(Cc4ccccn4)C3=O,1.1,1.1746542276032246,0.07465422760322449
1126,train,CCOC(=O)c1ccc(OCCC2CCN(CC2)c3ccc(C)nn3)nc1,3.76,3.5411084212989756,-0.21889157870102416
1698,train,Cc1nc(N)c2nc(O)n(Cc3ccccc3)c2n1,2.04,2.4682190892249354,0.42821908922493535
1182,train,CC(C)Oc1cc(n[nH]1)n2cnc3ccc(N[C@@H](CO)c4ccc(F)cn4)nc23,2.79,2.8241469592222446,0.03414695922224453
1883,train,Brc1ccc2oc3C(=O)NC(=Nc3c2c1)[C@@H]4CCCN4,2.19,2.2955432466712535,0.10554324667125359
2549,train,COc1ccc(N(C(C(=O)NC2CCCC2)c3ccccc3F)C(=O)c4ccccc4)c(OC)c1,3.86,3.0590589493074347,-0.8009410506925652
0,train,Cn1c(CN2CCN(CC2)c3ccc(Cl)cc3)nc4ccccc14,3.54,3.665523263148552,0.1255232631485521
4001,train,COc1cc(ccc1Nc2nccc(n2)c3cnc4ccccn34)N5CCN(CC5)C(=O)C,3.0,2.9204363204116204,-0.07956367958837962
381,train,Cc1ccc(NC(=O)c2cccc(c2)C(F)(F)F)cc1NC(=O)c3ccc4ncccc4c3,3.87,3.7207086850554685,-0.14929131494453163
2769,train,CCCCCCN1CC[C@@]2(C)[C@@H](C)C1Cc3ccc(O)cc23,2.5,2.3957975996165843,-0.10420240038341566
2811,train,OC(=O)[C@H](Cc1ccc(NC(=O)Cc2ccc3CCCNc3n2)cc1)NC(=O)c4c(Cl)cccc4Cl,-0.63,-0.12636465539920483,0.5036353446007952
3934,train,CCN(C1CCN(CC[C@H](C2CCN(CC2)S(=O)(=O)C)c3ccccc3)CC1)C(=O)Cc4ccc(cc4)S(=O)(=O)C,1.05,1.4927635800643304,0.44276358006433036
3021,train,CCC(CC)NC(=O)c1cnn(c1NS(=O)(=O)c2ccc(cc2)c3ocnc3)c4ccccc4,0.8,0.9247759466196528,0.12477594661965274
2083,train,CSc1ncccc1C(=O)NCc2ccc(C)cc2,2.71,2.867717083809646,0.15771708380964622
3601,train,CCCCn1c(Cc2cc(OC)c(OC)c(OC)c2)nc3c(N)ncnc13,2.39,2.355909756070588,-0.03409024392941218
2042,train,OC(CCN1CCCCC1)(C2CC3CC2C=C3)c4ccccc4,2.49,2.384435118819881,-0.10556488118011931
393,train,Clc1ccc(cc1)C(=O)C2CCN(CC2)C(=O)C3CC3,2.72,2.6441433676392325,-0.07585663236076767
2417,train,COc1ccc(CC(=O)NC(N\C(=N\C#N)\Nc2ccccc2C)C(C)(C)C)cc1OC,2.48,2.561479378282007,0.08147937828200691
1457,train,C[C@H](NC(=O)c1c(NS(=O)(=O)c2ccc(C)cc2)n(nc1C(F)(F)F)c3ccccc3)C(C)(C)C,2.35,2.352998216808033,0.0029982168080326943
3303,train,Cc1ccc(cc1NC(=O)c2ccc(OCc3ccccn3)cc2)c4c[nH]cn4,2.81,2.456765400915493,-0.35323459908450694
3338,train,C[C@]12CC[C@H]3[C@@H](CC(=C)C4=CC(=O)C=C[C@]34C)[C@@H]1CCC2=O,2.98,3.029259983763865,0.0492599837638652
28,train,CSc1c(cnn1c2ccc(cc2)C(=O)O)C(=O)NC3C4CC5CC(CC3C5)C4,1.2,0.8034481209289561,-0.39655187907104383
110,train,Nc1c2CCN(c3ccccc3)c2nc4ccc(Br)cc14,3.12,3.187534546195203,0.06753454619520305
2835,train,CCN1CCC[C@H]1CNC(=O)c2cc(ccc2OC)S(=O)(=O)N,-0.84,-0.7337264677494328,0.10627353225056713
3416,train,CN1CCCC1CCNC(=O)c2ccc(Nc3ncc4cc(ccc4n3)c5ccncc5)cc2,2.01,1.935168793477223,-0.07483120652277675
2333,train,Oc1ccc2C[C@H]3N(CC4CC4)CC[C@@]56[C@@H](Oc1c25)c7[nH]c8[C@@H]9Oc%10c(O)ccc%11C[C@H]%12N(CC%13CC%13)CC[C@@]9(c%10%11)[C@@]%12(O)Cc8c7C[C@@]36O,1.41,1.3570366479770586,-0.052963352022941335
798,train,O[C@H](CNC(=O)C1=CNC(=O)c2cc(ccc12)S(=O)(=O)N3CCC3)CN4CCC(CC4)Oc5ccc(Cl)c(Cl)c5,3.02,2.977810447354829,-0.04218955264517099
3402,train,COc1ccc(\C=C\2/SC(=S)NC2=O)cc1OC,1.42,1.4450503583570522,0.02505035835705227
2081,train,C[C@H](Nc1ncc(Br)c(Nc2cc(C)[nH]n2)n1)c3ncc(F)cn3,2.39,2.4391349959932773,0.0491349959932772
3908,train,Oc1cccc2nc(cc(O)c12)c3ccccc3,3.37,2.932597392980867,-0.43740260701913325
1892,train,Cc1cccc(n1)c2nc3cc(Cl)ccc3[nH]2,4.1,3.4155372538439703,-0.6844627461560293
2644,train,Brc1oc(cc1)c2nc3cc(NS(=O)(=O)c4ccccc4)ccc3[nH]2,4.38,4.059045849042988,-0.32095415095701174
1971,train,O[C@H](CNC(=O)C1=CNC(=O)c2ccccc12)CN3CCC(CC3)Oc4ccc(C#N)c(Cl)c4,2.56,2.6533548350225926,0.09335483502259256
2471,train,COc1ccccc1O[C@H]([C@@H]2CNCCO2)c3ccccc3,0.9,1.0563001633657143,0.15630016336571428
3549,train,Nc1nc2cc3CCN(Cc4cnc[nH]4)CCc3cc2s1,-0.12,0.1353225433562848,0.2553225433562848
899,train,CCN(CC)CCOC(=O)c1ccc(N)cc1,0.0,0.8467693369703,0.8467693369703
3085,train,CCN(C(=O)Nc1ccccc1)c2ccccc2,3.1,2.925588800779562,-0.17441119922043802
2044,train,C[C@@H](NC(=O)C)c1ccc(Nc2ncc3cc(ccc3n2)c4ccncc4)cc1,3.18,3.0958803228465923,-0.08411967715340785
3173,train,CCN(C1CCN(CC[C@@H](c2ccccc2)c3ccc(cc3)S(=O)(=O)C)CC1)C(=O)Cc4ccc(cc4)S(=O)(=O)C,1.38,2.3233579865280305,0.9433579865280306
1191,train,Nc1nc(SCc2ccccc2)nc3c1ncn3[C@@H]4O[C@H](CO)[C@@H](O)[C@H]4O,1.24,1.2122902658566117,-0.027709734143388287
450,train,COc1cc2ncnc(Nc3ccc(F)c(Cl)c3)c2cc1NC(=O)\C=C\CN4CCCCC4,4.1,4.069448390000679,-0.030551609999320384
2813,train,NC(=O)c1cc(sc1N)c2ccccc2,2.7,2.532318279700014,-0.1676817202999863
3344,train,CC(C)(C(=O)N)C(=O)NCCCNc1nc(Nc2cccc(NC(=O)N3CCCC3)c2)ncc1Br,2.32,2.2597335837480155,-0.06026641625198437
2582,train,COc1ccc(cc1)c2nc3c(OCC4CCNCC4)c(Br)cnc3[nH]2,1.55,1.5720704311564089,0.022070431156408832
1970,train,Cc1ccc(Oc2ccc(cc2)C(=O)NCc3ccncc3)cc1,3.65,3.329236763875449,-0.32076323612455093
3837,train,CC(NC(=O)C1(N)CCN(CC1)c2ncnc3[nH]ccc23)c4ccccn4,1.3,1.2417549138661435,-0.058245086133856594
1609,train,CCOC(=O)c1ccc(OCCC2CN(C2)c3ccc(C)nn3)cc1,3.22,3.641650358724686,0.4216503587246856
3728,train,CN(C)CCNc1cc(nc2cc(nn12)c3ccc(F)cc3)c4ccccc4,4.5,3.9593494789232,-0.5406505210767998
5,train,OC1(CN2CCC1CC2)C#Cc3ccc(cc3)c4ccccc4,3.14,3.1051369630311365,-0.034863036968863614
1898,train,COCCS(=O)(=O)c1ccc(Nc2nccc(n2)c3cnc(C)n3C(C)C)cc1,2.56,2.693846561405487,0.13384656140548712
2315,train,CC(C)(O)c1ccccc1CC[C@@H](SCC2(CC(=O)O)CC2)c3cccc(\C=C\c4ccc5ccc(Cl)cc5n4)c3,3.45,3.42737106017945,-0.022628939820550364
3628,train,C[C@@H](NC(=O)[C@@H]1CCCC[C@H]1C(=O)N2CCc3[nH]c4ccc(F)cc4c3C2)C#N,3.1,3.318912492732066,0.2189124927320658
1036,train,CC1(C)Cc2c(c3ccccc3)c(c(CC(=O)O)n2C1)c4ccc(Cl)cc4,3.07,2.5559339691970377,-0.5140660308029621
3350,train,CC(Oc1c(Cl)cccc1Cl)C2=NCCN2,0.48,0.6822043711919266,0.20220437119192658
1499,train,CC(=O)NC[C@H]1CN(C(=O)O1)c2ccc(c(F)c2)n3cnc(c3)C#N,1.51,1.6576599385249904,0.14765993852499038
1058,train,CCn1c(C)ncc1c2ccnc(Nc3ccc(cc3)S(=O)(=O)NCCOC)n2,2.44,2.286800982110162,-0.15319901788983792
157,train,CC1CCc2cc(F)cc3C(=O)C(=CN1c23)C(=O)O,0.74,0.5166557607529563,-0.22334423924704372
4011,train,CC(C)C(NC(=O)CN1C(=O)C2=C(C=C1c3ccccc3)C(=O)N(CCN4CCOCC4)C(=O)N2)C(=O)C(F)(F)F,1.91,1.6816549772713136,-0.2283450227286863
2017,train,COC(=O)CCn1cc(c2cc(NC3CC3)n4ncc(C#N)c4n2)c5cc(NC(=O)C)ccc15,2.72,2.530789693288326,-0.18921030671167438
498,train,OC1=CC=Cc2cc(O)c(O)c(O)c2C1=O,2.03,1.9786444521630637,-0.05135554783693608
4155,train,CN(C)C(=O)[C@H](Cc1ccccc1)NC(=O)c2cc3ccccc3[nH]2,3.4,3.129077135034492,-0.27092286496550777
4165,train,CC1(CCN(CC1)C(=O)COCc2ccncc2)c3ccc(Cl)cc3,2.79,2.5992854133837633,-0.19071458661623675
1245,train,O=C(Nc1nc(cs1)c2ccccc2)c3cccnc3,3.62,3.064655706432057,-0.5553442935679431
4007,train,O[C@@H](CNCCOc1cccc(CNCCc2ccccc2F)c1)c3ccc(O)c4NC(=O)Sc34,1.86,1.974642293588203,0.11464229358820299
2606,train,CNc1cccc(CCOc2ccc(C[C@H](NC(=O)c3ccc(F)cc3Cl)C(=O)O)cc2)n1,-0.04,0.1697847817127469,0.20978478171274692
4008,train,Clc1ccc2OCOc2c1Nc3ncnc4cc(OCCCN5CCCC5)cc(OC6CCOCC6)c34,2.3,2.5816985002023274,0.28169850020232756
1294,train,N\C(=C(/C#N)\c1ccccc1C(F)(F)F)\Sc2ccc(N)cc2,3.4,3.358358781129744,-0.04164121887025596
2562,train,COc1cccc(CNc2nc(NC(C)C)nc3ccsc23)c1OC,3.7,3.6569107911880643,-0.0430892088119359
1818,train,CO[C@H]1\C=C\O[C@@]2(C)Oc3c(C)c(O)c4c(O)c(NC(=O)\C(=C/C=C/[C@H](C)[C@H](O)[C@@H](C)[C@@H](O)[C@@H](C)[C@H](OC(=O)C)[C@@H]1C)\C)cc(O)c4c3C2=O,1.19,1.2955526448202481,0.10555264482024818
1071,train,OC(=O)c1ccccc1CN2CCC(CN3CCC(CC3)Oc4ccc(Cl)c(Cl)c4)CC2,2.48,2.2541849017503752,-0.22581509824962476
3590,train,COc1cc(cc2cnc(Nc3ccc(cc3)[C@@H](C)NC(=O)C)nc12)c4ccncc4,2.73,2.868011029863229,0.13801102986322888
987,train,COc1cc(ccc1Nc2ncc3N(C)C(=O)CCN(C4CCCCC4)c3n2)C(=O)NC5CCN(C)CC5,2.87,2.8935726749739556,0.023572674973955543
24,train,CNCC[C@@H](Oc1ccccc1C)c2ccccc2,1.2,1.2069144355314316,0.006914435531431673
1801,train,Cn1cc(nc1c2c3C(=O)N(CC=C)C(=O)N(CC4CC4)c3nn2Cc5ccnc6ccc(Cl)cc56)C#N,3.92,3.9704818055603495,0.050481805560349535
3144,train,COc1cc(O)c(C(CC(=O)N2CC(C)CC(C)C2)c3ccc4OCOc4c3)c(OC)c1,4.3,4.006365478084615,-0.29363452191538464
3036,train,CCOc1ccc(cc1)N2C(=O)c3ccccc3N=C2[C@@H](C)N(Cc4cccnc4)C(=O)Cc5ccc(cc5)C(F)(F)F,4.25,4.068616798011969,-0.18138320198803104
2825,train,CC(C)n1c(C)ncc1c2nc(Nc3ccc(cc3)C(=O)N4CC[C@H](C4)N(C)C)ncc2F,2.36,2.458188937763419,0.0981889377634193
2869,train,CN1C(=O)N(C)c2nc[nH]c2C1=O,-0.09,-0.1848580775184665,-0.0948580775184665
2710,train,COc1cc2ncnc(Nc3ccc(F)cc3)c2cc1OC,3.1,2.9894662821199427,-0.11053371788005739
1693,train,COc1ccccc1CCNCc2cccc(CCNC[C@H](O)c3ccc(O)c4NC(=O)Sc34)c2,0.82,1.112102059513158,0.29210205951315815
3248,train,O=C(NCc1occc1)c2ccc3[nH]c(COc4ccc(cc4)C56CC7CC(CC(C7)C5)C6)nc3c2,4.0,3.9555383085960516,-0.0444616914039484
3222,train,O=S(=O)(N1CCCC1)c2ccccc2c3ccc(CNC4CCOCC4)cc3,1.4,1.4602940120539527,0.060294012053952795
1678,train,Cc1ccc2c(c1)c(Sc3cccc(Cl)c3)c(C)n2CC(=O)O,1.85,1.705011740302399,-0.1449882596976011
1586,train,COCCOc1cc2nccc(Nc3cc(O)c(Cl)cc3F)c2cc1OC,2.64,2.676018911059928,0.03601891105992783
1667,train,CC(=O)Nc1cccc2c1c(Oc3ccc(Cl)cc3)c(C)n2CC(=O)O,-1.41,-0.8407851084465126,0.5692148915534874
4086,train,Nc1ccc(cc1)S(=O)(=O)Nc2ccccn2,-0.01,0.08529720715471001,0.09529720715471
3513,train,CN1CCN(CC1)c2ccc3N=CN(C(=O)c3c2)c4cc(ccc4C)C(=O)Nc5nccs5,2.56,2.348470299096161,-0.21152970090383905
31,train,CN([C@@H]1CCN(Cc2ccc(cc2)C(F)(F)F)C[C@@H]1F)C(=O)Cc3ccc(cc3)n4cnnn4,3.3,3.115255106035754,-0.18474489396424598
62,train,CC(C)n1c(C)ncc1c2nc(Nc3ccc(cc3)C(=O)N(C)C)ncc2F,2.77,2.664013476170984,-0.10598652382901586
1817,train,CC1=CN([C@H]2CCCN(Cc3ccc(C(=O)O)c(Oc4cccc(Cl)c4)c3)C2)C(=O)NC1=O,-0.55,-0.18931082146491152,0.36068917853508853
2659,train,COc1ccc(cc1)C(CNC(=O)Nc2ccccc2)N3CCN(C)CC3,1.5,1.7939373351642445,0.2939373351642445
1738,train,CN(C)CCCNS(=O)(=O)c1ccc(Nc2nccc(n2)c3cnc4cccnn34)cc1,1.4,1.5360065268892138,0.13600652688921389
339,train,CS(=O)(=O)Cc1cc(nc(n1)c2cnc3[nH]ccc3c2)N4CCOCC4,1.92,1.920430010265997,0.0004300102659970939
3598,train,O=C1Nc2cc(ccc2C1c3ncnc4cc(OCCCN5CCOCC5)ccc34)C#N,2.99,2.6895856582196798,-0.30041434178032045
679,train,CC[C@H](NC(=O)c1c(N)c(nc2ccccc12)c3ccccc3)c4ccccc4,3.89,3.4748236955677836,-0.41517630443221654
2895,train,CC1=C(C(=O)c2cc(O)c(O)c(Cc3ccccc3)c2C1=O)C4=C(C)C(=O)c5c(Cc6ccccc6)c(O)c(O)cc5C4=O,2.73,2.347663655757954,-0.382336344242046
2022,train,O[C@@H](CNCCCSCCOCCc1ccccc1)c2ccc(O)c3NC(=O)Sc23,2.3,2.0736683109690457,-0.22633168903095413
2264,train,Nc1ncnc2c1nc(Sc3nc4cccc(Cl)c4s3)n2CCO,2.37,2.56576287235322,0.1957628723532201
164,train,FC(F)(F)c1nnc2ccc(nn12)N3CCCCC3,3.0,2.989926936822159,-0.010073063177840957
2177,train,CN1C(=O)N(CC2CC2)c3nn(Cc4ccnc5ccc(Cl)cc45)c(c3C1=O)c6nc(cn6C)S(=O)(=O)C,2.64,2.633098495480061,-0.0069015045199392056
3835,train,CCOC(=O)Nc1ccc(NCc2ccc(F)cc2)nc1N,2.22,2.2479344336135276,0.027934433613527432
226,train,Oc1c2C(=O)N(NC(=O)c2nc3cc(Cl)ccc13)C(C4CC4)c5ccncc5,0.7,0.8446764842754686,0.14467648427546864
2246,train,COc1ccc(CNC(=O)N(CC=C)C2CCN(CCC(c3ccccc3)c4ccccc4)CC2)cc1,3.6,3.5766281357637872,-0.023371864236212847
1624,train,NC(=O)c1cnc(N[C@H]2CCCNC2)c3cc(sc13)c4ccc(F)c(F)c4,2.17,2.033552283761781,-0.13644771623821894
3256,train,C[C@@](CCc1ccc(cc1)c2ccc(Cl)cc2)(C(=O)NO)S(=O)(=O)C,2.4,2.6898888943741537,0.28988889437415377
3304,train,ONC(=O)[C@@H](Cc1ccc2ccccc2c1)NS(=O)(=O)c3ccc4ccccc4c3,3.23,3.1653559113028313,-0.06464408869716864
2808,train,CCCNC(=O)c1nnc2c(cccc2c1N)c3cnc(OC)nc3OC,3.26,3.089935183685894,-0.17006481631410564
991,train,CC1=C(Cc2ccccc2)C(=O)n3nc(NCc4ccc(Cl)cc4)nc3N1,3.7,3.4691553295661217,-0.23084467043387846
1403,train,NC(=O)c1cccc(OC2CCN(CC3CC3)CC2)c1,0.49,0.5925847379895179,0.10258473798951795
971,train,Nc1cc(nc2ccc(Nc3cc(nc(N)n3)c4ccc(cc4)C(F)(F)F)cc12)c5ccc(F)cc5,1.54,1.9103191153430783,0.37031911534307826
2832,train,CS(=O)(=O)N1CC[C@@H](C1)N(Cc2ccccc2Cl)c3ccc(C#N)c(Cl)c3,4.0,3.7046652585598645,-0.2953347414401355
4162,train,OC(=O)COc1ccc(cc1c2ccccc2c3ccccc3)C(F)(F)F,1.38,1.1560187001977238,-0.2239812998022761
1519,train,Cc1ccc(F)c(Nc2ccnc(Nc3ccc(cc3)S(=O)(=O)N)n2)c1,3.1,3.0300748235379213,-0.06992517646207874
3399,train,COc1ccccc1CNCc2ccc(CCNC[C@H](O)c3ccc(O)c4NC(=O)Sc34)cc2,0.15,0.5767892166663213,0.4267892166663213
1620,train,Nc1nc(OC2CCCC2)nc3c1ncn3[C@@H]4O[C@H](CF)[C@@H](O)[C@H]4O,1.5,1.4378415930000163,-0.06215840699998365
1676,train,CC(NC(=O)C1(N)CCN(CC1)c2ncnc3[nH]ccc23)c4ccc(Cl)cc4,2.7,2.902465967394974,0.20246596739497402
4038,train,Nc1sc2CCCCc2c1C(=O)NCc3ccccc3,3.52,3.2604581681070597,-0.25954183189294033
2879,train,COc1cc2ncnc(Nc3cccc(Cl)c3F)c2cc1CN(C)[C@H](C)C(=O)N,3.44,3.358596425759669,-0.08140357424033073
224,train,CN(C)c1nc(N[C@@H]2CC[C@@H](CC2)NC(=O)c3ccc(F)c(F)c3)nc4ccccc14,3.13,3.089740628150179,-0.04025937184982098
1099,train,C1NC(Cc2ccccc12)c3ccccc3,1.9,1.8415911434918597,-0.058408856508140206
317,train,CS(=O)(=O)NCC(NC(=O)C1(N)CCN(CC1)c2ncnc3[nH]ccc23)c4ccc(Cl)cc4,2.1,2.3189315472818754,0.21893154728187536
402,train,Cc1c(Sc2ccc(Cl)cc2)c3c(Cl)nccc3n1CC(=O)O,0.92,1.1476166215977612,0.2276166215977612
256,train,O=C1CCOc2nc(CCc3ccccc3)ccc12,2.5,2.7571113871464354,0.25711138714643544
3422,train,COC(=O)C1=C(C)NC(=C([C@@H]1c2cccc3nonc23)C(=O)OC(C)C)C,3.77,3.6650868863854273,-0.10491311361457267
466,train,Nc1nc2ccc(F)cc2s1,2.2,2.4433545291516356,0.24335452915163547
2111,train,COc1ccc2c(c1)[nH]c3c(C)nccc23,2.9,2.910359048061405,0.010359048061405307
556,train,C[C@H]1CN(Cc2cc(Cl)ccc2OC(C)(C)C(=O)O)CCN1S(=O)(=O)c3ccccc3,0.54,1.019908645946872,0.479908645946872
4050,train,C[C@@H](NC(=O)C1CCNCC1)c2ccc(Nc3ncc4cc(ccc4n3)c5ccncc5)cc2,0.4,1.0294376711134496,0.6294376711134496
2374,train,CCCc1c(O)c(ccc1OCc2cccc(NC(=O)Cc3ccccc3C(=O)O)c2)C(=O)C,2.95,2.9342562352299035,-0.015743764770096647
2830,train,CCN1C=C(C(=O)O)C(=O)c2cc(F)c(N3CCNC(C)C3)c(F)c12,-1.1,-1.1042154176287822,-0.004215417628782081
3357,train,Oc1c2C(=O)NNC(=O)c2nc3cc(Cl)cc(Cl)c13,0.89,1.1729066855342996,0.28290668553429954
4156,train,C[C@H](Nc1cncc(Nc2ncc(C)s2)n1)c3ncc(F)cn3,1.91,2.2792819895301233,0.36928198953012337
2501,train,CN(C)CC(O)COc1ccc(Nc2nccc(Nc3cc(Cl)ccc3Cl)n2)cc1,2.9,2.6673943231387867,-0.23260567686121325
3606,train,Cc1ccc(NC(=O)c2ccnc(c2)N3CCOCC3)cc1Nc4ccnc(Cl)n4,3.1,3.02636304426204,-0.07363695573795992
311,train,Nc1nnc(c(N)n1)c2cccc(Cl)c2Cl,1.38,1.625346475792654,0.245346475792654
1042,train,Clc1cccc(Cl)c1c2nnc3cccc(Cl)n23,2.66,2.523867673936911,-0.13613232606308934
3642,train,OC1(CNC(=O)c2cc(ccc2Cl)N3N=CC(=O)NC3=O)CCCCCC1,0.26,0.43584886132038614,0.17584886132038613
2973,train,CO[C@H]1CN(CCN2C(=O)C=Nc3ccc(OC)cc23)CC[C@H]1NCc4ccc5OCC(=O)Nc5n4,0.51,0.7127251159212153,0.20272511592121534
1664,train,NS(=O)(=O)NC(=O)CCCc1c([nH]c2ccc(cc12)C#N)c3ccc(F)cc3,1.95,1.7188551599574196,-0.2311448400425804
1630,train,O=C1NC=Cc2nc(c3ccc(CN4CCC(CC4)c5n[nH]c(n5)c6ccccn6)cc3)c(cc12)c7ccccc7,3.9,3.7059290643111273,-0.19407093568887257
3989,train,Nc1ccc2c3ccccc3C(=O)c2c1,2.9,2.735891133786896,-0.16410886621310405
3917,train,Cc1cc(F)ccc1OC2CCN(CC3CCN(CC3)[C@@](C)(Cc4ccc(F)cc4)C(=O)O)CC2,2.0,2.135048735955267,0.13504873595526679
650,train,CN1C(=O)C=C(CCc2ccccc2)N=C1N,2.0,1.8224948145424325,-0.17750518545756755
1063,train,Oc1c2C(=O)N(NC(=O)c2nc3cc(Cl)ccc13)C(C4CCCC4)c5ccccn5,1.9,1.792188543442875,-0.10781145655712487
1788,train,COc1cc(ccc1Nc2ncc(Cl)c(Oc3cccc(NC(=O)C=C)c3)n2)N4CCN(C)CC4,3.9,3.8643127693444086,-0.03568723065559132
1352,train,CCN(C1CCN(CCC(c2ccccc2)c3ccccc3)CC1)C(=O)Cc4ccc(cc4)S(=O)(=O)C,3.0,2.440406744000961,-0.5595932559990389
870,train,CC(C)N1CCN[C@H](C1)C(=O)N2CCN(CC2)C(=O)Nc3ccc(Cl)c(Cl)c3,2.21,1.9134725696284232,-0.2965274303715768
3516,train,CCc1nc2c(N)nc3ccccc3c2n1Cc4ccccc4,3.29,3.1423100540409763,-0.14768994595902374
2426,train,COc1ccc(cc1OC2CCCC2)[C@@]3(CC[C@H](CC3)C(=O)O)C#N,0.76,0.7220872394085369,-0.03791276059146309
2357,train,C[C@H](Cc1cccc(CC(=O)NC23CC4CC(CC(C4)C2)C3)c1)NC[C@H](O)c5ccc(O)c(CO)c5,2.4,2.457495063629835,0.05749506362983503
1216,train,COc1cc(ccc1Nc2ncc(C)c(n2)c3cnc4ccccn34)N5CCN(CC5)C(=O)C,2.9,3.0288625136950578,0.12886251369505786
4166,train,NC1(CCN(CC1)c2ncnc3[nH]ccc23)C(=O)NC(CO)c4ccc(Cl)cc4,2.4,2.5928235038881033,0.19282350388810343
1945,train,Fc1ccc(cc1)C(=O)C2CCN(CC2)C(=O)c3ccc(F)cc3,2.9,2.6512829291614293,-0.24871707083857064
261,train,CSCCC(NC(=O)c1sccc1Cl)c2nc3ccccc3[nH]2,3.69,3.5691997060819323,-0.12080029391806768
301,train,NC12CC3CC(CC(C3)C1)C2,-0.98,0.32045902840826845,1.3004590284082684
2229,train,COc1cccc(NC(=O)CC23CC4CC(CC(C4)C2)C3)c1C,4.21,4.062118146671648,-0.1478818533283519
3548,train,COc1cc2c(Nc3ccc(Cl)cc3F)ncnc2cc1OCC4CCNCC4,1.1,1.4678485623129713,0.36784856231297125
3940,train,CCN1CCN(CC1)C(=O)c2cc3ccccc3[nH]2,1.95,2.1028739802372027,0.15287398023720278
813,train,NC1(CCC1)c2ccc(cc2)c3c(ccn4ncnc34)c5ccccc5,1.7,1.8900416627806955,0.19004166278069556
1451,train,CC[C@H]1CN(Cc2cc(Cl)ccc2OCC(=O)O)CCN1S(=O)(=O)c3ccccc3,0.44,0.333952469558084,-0.106047530441916
1178,train,NC1=NC2(CCN(CC2)C(=O)c3ccc(nc3)C#N)Nc4c(F)ccc(F)c14,0.79,0.8937773155784186,0.10377731557841852
1031,train,Oc1ccc(CCNCCCCCCNC(=O)Nc2ccccc2)c3sc(O)nc13,1.26,1.5183703395575132,0.2583703395575132
1270,train,COc1cc(ccc1Cc2cn(C)c3ccc(NC(=O)CC4CCCC4)cc23)C(=O)O,2.0,1.9122543588956358,-0.08774564110436422
675,train,C[C@H](NC1=NC(=O)C(C)(S1)C(F)(F)F)c2ccccc2F,3.1,2.9746408621492284,-0.12535913785077168
2539,train,CC(CO)(CO)Nc1nc(SCc2cccc(F)c2F)nc3nc(N)sc13,2.87,2.989477830096074,0.11947783009607393
266,train,COc1ccc2nccc([C@H](O)C3CC4CCN3CC4C=C)c2c1,2.16,2.2605120732668227,0.10051207326682254
1606,train,NC1(CCC1)c2ccc(cc2)c3nn4ccccc4c3c5ccccc5,3.2,3.057392698120956,-0.14260730187904436
2514,train,Clc1ccc(OC2CCN(CC2)C3CCN(CC3)C(=O)NS(=O)(=O)c4ccccc4)cc1Cl,1.5,1.3715217708416265,-0.12847822915837348
2925,train,Cc1c(Sc2ccc(Cl)cc2)c3ccc(Cl)cc3n1CC(=O)O,2.51,2.120526246919622,-0.3894737530803778
215,train,O=C(NCCSCc1ccccc1)c2ccccc2,3.3,2.388621351440628,-0.911378648559372
1122,train,Cn1cnc(c2ccccc2)c1c3cc4c(N)ncnc4s3,2.94,2.89439580713917,-0.04560419286082995
1717,train,C[C@H](NC(=O)c1c(C)nn(CC(F)(F)F)c1NS(=O)(=O)c2ccc(C)cc2)C(C)(C)C,0.93,1.0536934305010122,0.12369343050101211
1815,train,COc1cc2c(Nc3cccc(Cl)c3Cl)c(cnc2cc1NCCN(C)C)C(=O)N,3.41,3.0474595659099113,-0.36254043409008885
982,train,COc1ccc2cc(CCC(=O)C)ccc2c1,3.06,2.6227705306078164,-0.43722946939218366
2865,train,C[C@@H]1C2CCCC1(CCN2C)c3cccc(O)c3,0.52,0.7334117476618129,0.21341174766181292
193,train,CSc1ccc(cc1)N2C(=NC(=NC2(C)C)N)N,-0.84,-0.3983561850148778,0.4416438149851222
749,train,CC(C)NC[C@@H](C(=O)N1CCN(CC1)c2ncnc3[C@H](O)C[C@@H](C)c23)c4ccc(Cl)cc4,1.3,1.4763906920518601,0.1763906920518601
50,train,OC(=O)c1ccc(NC(=O)c2cc(OCc3ccccc3F)cc(OCc4ccccc4F)c2)nc1,3.0,2.917364330361119,-0.08263566963888103
3033,train,CC(=O)Nc1cc(CN2C(=O)N(C(=O)C2(C)C)c3ccc(SC(F)(F)F)cc3)ccn1,2.93,3.0843623908565236,0.15436239085652348
3801,train,Cc1ccc([nH]1)C(=O)NC2CCN(CC2)c3cc(cc(Cl)n3)C(=O)N,2.64,2.463571142105252,-0.17642885789474816
2719,train,Clc1ccccc1C(=O)NCC23CC4CC(CC(C4)C2)C3,4.05,4.168197405564554,0.11819740556455383
1732,train,CNC(=O)c1ccc(Oc2ccc3CCN(CCc3c2)C4CCC4)nc1,1.45,1.5728743158114962,0.12287431581149622
1292,train,Cn1c(Nc2ccc(cc2)C(F)(F)F)nc3cc(Oc4ccnc(c4)c5ncc([nH]5)C(F)(F)F)ccc13,3.45,3.569762390428023,0.11976239042802295
1306,train,CCOc1cccc(Nc2oc(nn2)C(=O)Nc3ccc(nc3)N4CCOCC4)c1,3.6,3.4957728530243894,-0.10422714697561064
3744,train,Fc1ccc(cc1F)C(=O)Nc2ccc(Cl)nc2,3.31,3.2549889713469478,-0.055011028653052296
3108,train,OC1CS(=O)(=O)CC1N2CCC(CC2)c3ccccc3,1.4,0.8312171389783869,-0.568782861021613
3712,train,NS(=O)(=O)c1cccc(Nc2nccc(Nc3c(Cl)ccc4OCOc34)n2)c1,2.97,2.929585149680909,-0.04041485031909131
906,train,Fc1ccc(cc1)n2cc(C3CCNCC3)c4cc(Cl)ccc24,2.4,2.3325153272369734,-0.0674846727630265
3039,train,COc1ccc(cc1)c2nc3c(NCCCNC(=O)C4CCCC4)c(cnc3[nH]2)C(=O)N,3.13,2.62015342715889,-0.5098465728411097
3796,train,Nc1nccc(n1)c2cc3C(=O)NC[C@H](CCF)c3[nH]2,0.51,0.6072515311058462,0.09725153110584617
350,train,CCC(CC)NC(=O)c1cnn(c1NS(=O)(=O)c2ccc(C)cc2)c3ccccc3Cl,0.65,0.6038818391861884,-0.04611816081381159
2526,train,N[C@H](CNC(=O)c1cc2c(cccc2[nH]1)c3ccccc3Cc4ccccc4)C(=O)O,3.25,3.3124771188930477,0.062477118893047745
2978,train,OC[C@H](O)CN1C(=O)C(Cc2ccccc12)NC(=O)c3cc4cc(Cl)ccc4[nH]3,3.4,3.3889220528863113,-0.011077947113688591
2496,train,CCCC1=CC(=CC(=O)N1Cc2ccc(cc2)c3ccccc3c4nn[nH]n4)OCc5ccccc5,2.4,2.5583751783658606,0.15837517836586068
3423,train,COc1cc(F)ccc1c2cncc(CNC(=O)C3CCC3)c2,3.2,3.179857278483375,-0.020142721516624995
965,train,Cc1ccc(cc1)C(=O)N2CCC(CC2)C(=O)c3ccc(Cl)cc3,3.79,3.938916825386827,0.14891682538682716
1706,train,OC(=O)C(N1CCC(CC1)N2CCC(CC2)Oc3ccc(Cl)c(Cl)c3)c4ccccc4,2.23,1.9640572736208413,-0.2659427263791587
2988,train,CCN1C(=O)N(CC)c2[nH]c(nc2C1=O)c3ccccc3,3.3,3.1043085465838773,-0.19569145341612249
3547,train,CN[C@@H](C)C(=O)N[C@@H](C1CCCCC1)C(=O)N[C@H]2CCCN(CCc3ccc(F)cc3)C2,2.39,2.612848175245913,0.22284817524591283
394,train,COCCNCc1cccc(CCNC[C@H](O)c2ccc(O)c3NC(=O)Sc23)c1,0.01,0.02326582536073918,0.013265825360739178
3951,train,COc1cccc(OC)c1c2ccc(C[C@H](NC(=O)c3c(Cl)cccc3Cl)C(=O)O)cc2,-0.27,-0.22880331219049932,0.0411966878095007
3307,train,CC(C)CNc1nc(nc(N2CCOCC2)c1N)C#N,2.79,2.6138999023087686,-0.17610009769123147
2479,train,CN(c1ccnc(Nc2cc(nc(c2)N3CCOCC3)N4CCOCC4)n1)c5cc(CO)ccc5C,3.44,3.236380117212932,-0.2036198827870681
4034,train,COc1cc(OC2CCN(C)CC2)c3c(Nc4cccc5OCCOc45)ncnc3c1,2.26,2.355857052252647,0.09585705225264718
375,train,CCCN[C@H]1CCc2nc(N)sc2C1,3.15,3.1629160437504455,0.012916043750445638
219,train,C(CN1CCCCC1)C2CCc3cc(OCc4ccc(cc4)c5ccccc5)ccc3C2,3.3,3.2022237707930303,-0.09777622920696949
2672,train,COc1ccccc1Oc2ccc(cc2)N(Cc3cccnc3)S(=O)(=O)CC(F)(F)F,1.5,1.9927724663408715,0.49277246634087146
977,train,Oc1ncc(NCc2ccccc2)c(O)n1,0.82,1.01948705671898,0.19948705671898004
1167,train,Cc1onc(C(=O)N)c1C(=O)Nc2nccs2,1.63,1.3584357512689915,-0.2715642487310084
3049,train,COc1cc(OC)cc(c1)C2=CC=C(NC(=O)OCc3ccccc3)C(=O)N2CC(=O)NC(C(C)C)C(=O)C(F)(F)F,2.26,2.5961618164841553,0.33616181648415555
451,train,Nc1n[nH]cc1c2cc(ccc2Oc3cc(F)c(cc3Cl)S(=O)(=O)Nc4cscn4)C(F)(F)F,2.65,2.6117479638715793,-0.03825203612842065
1043,train,CNCCCN1c2ccccc2CCc3ccccc13,1.24,1.1383430231622946,-0.10165697683770536
2366,train,Nc1ncnc2c1c(COc3cccc(Cl)c3)nn2C4CCOCC4,3.17,3.112474124659715,-0.05752587534028475
1453,train,CC[C@H](CO)Nc1nc(SCc2ccccc2)nc3NC(=O)Sc13,3.22,3.2061640235769566,-0.013835976423043572
3361,train,NS(=O)(=O)c1ccc2C(=CNC(=O)c2c1)C(=O)NC[C@@H](O)CN3CCC(CC3)Oc4ccc(Cl)c(Cl)c4,2.17,2.063455542441212,-0.10654445755878772
2259,train,NC(=O)c1cccc(C[C@@H]2C[C@H]3CC[C@@H](C2)N3Cc4ccccc4)c1,1.11,1.1873711877723336,0.07737118777233354
1400,train,CC(C)C(NC(=O)CN1C(=O)C(=CC=C1c2ccccc2)NC(=O)NCc3cccnc3)C(=O)C(F)(F)F,2.84,2.5736691880892333,-0.2663308119107666
1402,train,Nc1n[nH]c2c(Cl)cccc12,1.7,1.883078074505999,0.183078074505999
502,train,Cc1ccc(cc1NC(=O)c2ccc(OCc3ccccn3)cc2)c4cn(C)c(C)n4,2.71,2.865665584783737,0.15566558478373693
3767,train,OC1=NC(=O)C(N1)(c2ccccc2)c3ccccc3,2.41,2.145517959644519,-0.2644820403554813
927,train,CC1Nc2cc(Cl)c(cc2C(=O)N1c3ccccc3C)S(=O)(=O)N,1.64,1.8824573054502725,0.24245730545027255
26,train,COc1cnc(nc1N(C)C)c2ccccn2,1.9,2.3869763744667867,0.48697637446678677
1300,train,CN1C(=O)CC(C)(CCc2cccc(c2)c3ccccc3)N=C1N,2.03,2.257386364654662,0.2273863646546621
2664,train,COc1cc2ncnc(Nc3ccc(F)c(Cl)c3)c2cc1OC,3.67,3.656189090411385,-0.013810909588614972
4168,train,Oc1ccc(cc1)[N+](=O)[O-],1.5,1.7842112025163366,0.2842112025163366
401,train,CN[C@@H](C)C(=O)N[C@@H](C1CCCCC1)C(=O)N[C@H]2CCN(CCc3ccccc3)C2,1.65,1.393820243904456,-0.2561797560955439
1327,train,OC(=O)CCCc1ccc(cc1)N(CCCl)CCCl,1.47,1.38915748979016,-0.08084251020984001
683,train,Cc1ccc(cc1)n2c(C)cc(C(=O)NS(=O)(=O)c3ccc(C)cc3)c2C,2.5,2.001204891219465,-0.4987951087805351
785,train,CC(C)NCC(O)COc1cccc2[nH]ccc12,-0.12,0.06984157864755902,0.18984157864755902
332,train,CCNc1nc(Nc2ccccc2)nc(n1)C#N,3.11,3.5325306136024643,0.42253061360246447
3349,train,CCCCNc1ccc(cc1)C(=O)OCCN(C)C,2.11,1.6902236766607697,-0.4197763233392302
46,train,CC(Nc1ncnc2ccccc12)c3ccccc3,3.4,2.924452550271343,-0.4755474497286567
1912,train,OCCO[C@H]1C[C@H]([C@H](O)[C@@H]1O)n2nnc3c(N[C@@H]4C[C@H]4c5ccc(F)c(F)c5)nc(SCCC(F)(F)F)nc23,4.17,4.247910593238653,0.07791059323865301
579,train,CCc1nc2c(N)nc3ccccc3c2n1CCCCNS(=O)(=O)C,1.24,1.3124521906353677,0.07245219063536767
3196,train,CN(C)C(=O)C1(CCN(CC[C@H](CN(C)C(=O)c2cc(cc3ccccc23)C#N)c4ccc(Cl)c(Cl)c4)CC1)N5CCCCC5=O,2.52,2.5876242918204353,0.06762429182043528
2593,train,COC1(CCOCC1)c2cc(F)cc(OCc3ccc4N(C)C(=O)C=Cc4c3)c2,3.52,3.5584052716488666,0.038405271648866535
4041,train,CC(C)COCC(CN(Cc1ccccc1)c2ccccc2)N3CCCC3,3.66,3.369640989865421,-0.290359010134579
278,train,NC(=O)N1c2ccccc2CC(=O)c3ccccc13,1.28,1.1291389949260375,-0.1508610050739625
426,train,CC(C)C(NC(=O)CN1C(=O)C(=CN=C1c2cccs2)NC(=O)OCc3ccccc3)C(=O)C(F)(F)F,2.02,2.3365544482747516,0.31655444827475154
3840,train,COC(=O)C1=C(C)NC(=C(C1c2ccccc2[N+](=O)[O-])C(=O)OCC(C)C)C,3.59,3.7088517970055417,0.11885179700554183
327,train,CC(C)N1CCN(Cc2oc(nc2)c3cc(cc4[nH]ncc34)c5cccc6[nH]ccc56)CC1,3.49,3.499499169425804,0.009499169425803977
2047,train,CS(=O)(=O)Nc1cccc(NC(=O)CN2CCN([C@H](Cc3ccccc3)C2)C(=O)C[C@H](N)Cc4ccc(F)c(F)c4)c1,2.06,1.9226416264465231,-0.1373583735534769
1195,train,CN(C)C1=C(C)N(C)N(C1=O)c2ccccc2,0.78,1.4130619056498108,0.6330619056498108
3432,train,CN(C)C(=O)c1ccc(CN2CCC(CC2)c3ccc(cc3)C(=O)Nc4ccccc4N)cc1,1.53,1.905746600554199,0.37574660055419895
2368,train,OCc1ccc2ccn(c3cc(NC4CC4)n5ncc(C#N)c5n3)c2c1,3.09,3.0607518534893257,-0.0292481465106742
603,train,COc1cccc(Nc2oc(nn2)C(=O)Nc3ccc(nc3)N4CCOCC4)c1,2.8,3.025920807454575,0.2259208074545751
1077,train,Cc1ccc(cc1NC(=O)c2ccc(OCc3ccccn3)cc2)c4c[nH]c(C)n4,2.97,3.0311054928653443,0.06110549286534406
13,train,CCCSc1ncccc1C(=O)N2CCCC2c3ccncc3,1.95,1.9901848844375278,0.04018488443752788
1186,train,CC1(CCC(=O)N1Cc2cccs2)C(=O)NC3CCCCC3,2.15,2.332501286868768,0.1825012868687681
3788,train,CCN1C2=NC(=O)N(C)C(=O)C2=Cc3ccccc13,1.1,1.2345973318687147,0.1345973318687146
975,train,Cc1ccc(COC(=O)N2CCC(CNc3ncccn3)CC2)cc1,3.6,3.553034012033333,-0.04696598796666729
3882,train,CC(C)n1c(C)ncc1c2ccnc(Nc3ccc(cc3)C(=O)NC4CCN(C)CC4)n2,1.87,1.7733566191935057,-0.09664338080649437
1423,train,Clc1n[nH]c2cccc(Nc3ccnc(Nc4cc(cc(c4)N5CCOCC5)N6CCOCC6)n3)c12,2.78,2.898498763322758,0.1184987633227581
3941,train,C[C@H]1O[C@H]([C@H](O)[C@@H]1O)n2cnc3c(N)nc(Oc4ccccc4)nc23,1.05,1.2944918517995885,0.24449185179958843
3010,train,CC(C)n1c(C)ncc1c2ccnc(Nc3ccc(cc3)C(=O)NC4CC4)n2,3.06,2.896186764997042,-0.1638132350029582
3768,train,C[C@H](Nc1ncc(F)c(Nc2cc([nH]n2)C3CC3)n1)c4ccc(F)cn4,3.14,2.9744033793946776,-0.16559662060532254
1015,train,FC(F)(F)c1cccc2c3CN(CCc3[nH]c12)C(=O)[C@@H]4CCCC[C@H]4C(=O)NC5(CC5)C#N,3.75,3.527204013075509,-0.2227959869244911
1708,train,Clc1ccccc1CNC(=O)c2ccccc2Oc3ccccc3,3.58,3.5946359371009358,0.014635937100935692
1849,train,CC1=CN([C@H]2CCCN(C2)[C@@H](CC(C)(C)C)c3ccc(C(=O)O)c(Oc4cccc(Br)c4)c3)C(=O)NC1=O,1.12,1.0224661730917852,-0.09753382690821488
1020,train,CN1CCN(CC1)C(=O)[C@@H]2CCCC[C@H]2C(=O)NCC#N,-0.1,0.04632410999750114,0.14632410999750114
3067,train,CCN(C1CCN(CC[C@H](c2ccc(cc2)S(=O)(=O)C)c3cc(F)cc(F)c3)CC1)C(=O)Cc4ccc(cc4)S(=O)(=O)C,2.2,2.3861195468422367,0.18611954684223653
3883,train,NS(=O)(=O)c1cccc2c3nc(O)c(O)nc3cc(c12)[N+](=O)[O-],0.36,0.11464326153682824,-0.24535673846317174
4131,train,CCOc1ccccc1N2CCN(Cc3c[nH]nc3c4ccc(F)cc4)CC2,3.38,3.4339254085634443,0.05392540856344441
3281,train,Cn1cnc(c2ccccc2)c1c3nc4c(N)ncnc4s3,2.69,3.0761648933791363,0.3861648933791364
3698,train,Clc1ccc2Oc3ccccc3N=C(N4CCNCC4)c2c1,2.28,2.070605002830782,-0.20939499716921794
1618,train,CC(NC(=O)c1cc(O)nc2ccccc12)c3ccccc3,2.2,2.360866025614016,0.16086602561401575
1757,train,O=C1C(=O)c2cccnc2c3ccccc13,1.88,2.1742732183129645,0.2942732183129646
3433,train,COC1=CC=C2C(=CC1=O)[C@H](CCc3cc(OC)c(OC)c(OC)c23)NC(=O)C,0.82,1.160062133777421,0.3400621337774211
1700,train,O=C(Nc1ccccc1)c2ccccc2,2.8,2.3142809564453755,-0.48571904355462436
2443,train,COc1ccc(cc1)N2CCN(CC2)C(=O)[C@@H]3CCCC[C@H]3C(=O)NC4(CC4)C#N,1.74,1.8242978267325027,0.08429782673250275
352,train,Cc1cc2cc(C)c3nnc(SCC(=O)N4CCN(CC4)C(=O)c5occc5)n3c2cc1C,2.8,2.518331635540177,-0.281668364459823
1000,train,NC(=O)c1cccc(O[C@H]2C[C@H]3CC[C@@H](C2)N3Cc4ccccc4)c1,1.61,1.5679808500711219,-0.04201914992887823
1456,train,Fc1cccc(COc2cc(OCCCN3CCCC3)ccc2C(=O)Nc4ccccc4)c1,3.67,3.5449154405665917,-0.12508455943340824
3319,train,CN1[C@@H]2CC[C@H]1C[C@H](C2)OC(=O)C(O)c3ccccc3,-1.29,-0.46696070188037675,0.8230392981196233
1887,train,CCCC(=O)NCc1cncc(c1)c2ccc(F)cc2OC,2.9,2.7055433793009174,-0.19445662069908254
1748,train,CN(C)CCNC(=O)c1ccc(Nc2ncc3cc(ccc3n2)c4ccncc4)cc1,2.29,2.2727576637647835,-0.017242336235216538
2990,train,Clc1ccc(cc1)S(=O)(=O)NC(=O)N2CCC(CC2)N3CCC(CC3)Oc4ccc(Cl)c(Cl)c4,2.59,2.1760952161719644,-0.4139047838280354
3345,train,CN[C@@H](C)C(=O)N[C@@H](C1CCCCC1)C(=O)N(C)[C@H]2CCCN(CCc3ccccc3)C2,2.34,2.7641564839726382,0.4241564839726384
1033,train,COc1ccccc1S(=O)(=O)NC(=O)N2CCC(CC2)N3CCC(CC3)Oc4ccc(Cl)c(Cl)c4,0.89,1.4097759877981,0.5197759877981
1446,train,COCCC(=O)NC(C)c1ccc(Nc2ncc3cc(ccc3n2)c4ccncc4)cc1,2.98,2.971485072760763,-0.008514927239236858
2091,train,NC(=O)c1cnc(N[C@H]2CCCNC2)c3cc(sc13)c4ccc(Cl)cc4,2.78,2.315626475713224,-0.4643735242867759
1461,train,CC(C)NCCCOc1ccc(NC(=O)C)cc1CC=C,-0.01,-0.04446494574867854,-0.03446494574867854
1052,train,CN([C@@H]1CCN(Cc2ccc(nc2)C(F)(F)F)C[C@@H]1F)C(=O)Cc3ccc(cc3)n4cnnn4,1.8,1.9785476869480427,0.17854768694804268
2699,train,CC(C)OC(=O)N1CCC(CC1)Oc2ncnc(Oc3ccc(cc3F)S(=O)(=O)C)c2C,3.7,3.652311490814138,-0.047688509185862316
3236,train,CN1CCN(CC1)[C@@H]2C[C@@H](C2)c3nc(c4ccc5ccc(nc5c4)c6ccccc6)c7c(N)nccn37,3.2,3.0226475604699936,-0.17735243953000657
2436,train,OCCN(CCO)c1nc(N2CCCCC2)c3nc(nc(N4CCCCC4)c3n1)N(CCO)CCO,3.97,3.5411030937201735,-0.4288969062798267
1881,train,C[C@@H](Oc1cccc2ncnc(Nc3ccc(OCc4ccccn4)c(Cl)c3)c12)C(=O)N(C)CCO,3.56,3.5504941013305156,-0.00950589866948448
2604,train,Clc1ccc2nsnc2c1NC3=NCCN3,0.71,1.0466446319852554,0.3366446319852554
1657,train,COc1cccc(c1)C(COCc2cc(cc(c2)C(F)(F)F)C(F)(F)F)N3CCNCC3,3.1,2.954617157065355,-0.14538284293464487
2508,train,Cc1c(Sc2ccc(Cl)cc2)c3c(cccc3n1CC(=O)O)c4cnccn4,0.03,0.54537265331649,0.51537265331649
520,train,CC(=O)c1ccc(nc1)N2CCN(CC2)S(=O)(=O)C[C@]34CC[C@H](CC3=O)C4(C)C,2.21,2.041587664204815,-0.168412335795185
2121,train,Clc1ccc2C(=O)C3=C(Nc2c1)C(=O)NN(Cc4ccncc4)C3=O,-0.16,0.33347231141445577,0.4934723114144558
3678,train,NS(=O)(=O)c1ccc(Nc2nccc(n2)c3cnc4ccccn34)cc1,2.7,2.6068338367679624,-0.09316616323203775
790,train,CC(C)CN1C(=O)N(C)C(=O)c2c1sc(Cc3ccccc3C(F)(F)F)c2C(=O)N4CCCCC4,4.07,4.011990671180188,-0.05800932881981247
142,train,Cc1ccc(cc1NC(=O)c2ccc(OCc3ccccn3)cc2)c4nccn4C,2.83,2.7874689541558326,-0.04253104584416745
3206,train,Clc1ccc2oc3C(=O)NC(=Nc3c2c1)[C@@H]4CCCN4,2.01,2.00993874394116,-6.125605883999796e-05
1096,train,Nc1cccc2C(=O)C(=O)c3ccccc3c12,2.31,2.0081559726461555,-0.3018440273538445
536,train,Oc1ccc(cc1)C2=Cc3ccc(O)cc3OC2=O,2.9,2.6969265768839343,-0.20307342311606558
3640,train,Cn1c(ccc1c2cc(F)c3NC(=O)C(C)(C)c3c2)C#N,3.21,2.721762637417569,-0.488237362582431
648,train,CNC(=O)c1ccc(Oc2ccc(cc2)C#C[C@]3(O)CN4CCC3CC4)cc1,1.99,1.8829278143198087,-0.10707218568019128
3480,train,CCCNC(=O)c1nnc2c(cccc2c1N)c3ccccc3,3.8,3.5923097504400894,-0.20769024955991044
2899,train,Cc1cc(CN2CCC2)cnc1c3ccc(cc3)C(=O)Nc4ccccc4N,1.18,1.220497638323681,0.04049763832368103
2102,train,O[C@@H](CNCCSCCCNCCc1cccc(Cl)c1)c2ccc(O)c3NC(=O)Sc23,0.98,1.0517868261290617,0.07178682612906173
2015,train,C1CN=C(N1)c2ccc3ccccc3n2,0.6,0.8122368888543505,0.21223688885435055
961,train,COc1cc(ccc1Cn2ccc3ccc(cc23)C(=O)NCC4CCCC4)C(=O)NS(=O)(=O)c5ccccc5,1.93,1.8990616534435891,-0.030938346556410812
1739,train,Nc1c2CCCCc2nc3ccccc13,0.38,0.9562065596139206,0.5762065596139206
3185,train,CC(=O)Nc1ccccc1C,1.0,1.1715400496962654,0.17154004969626535
3943,train,COc1cc(Nc2ncc(C)s2)nc(N[C@@H](C)c3ncc(F)cn3)n1,2.99,2.666563807707089,-0.32343619229291143
1136,train,Oc1ccccc1CCC(=O)Nc2ccccc2,2.71,2.437365224545122,-0.27263477545487813
2858,train,Fc1cccc(COc2ccc(Nc3ncnc4ccc(cc34)c5cccc(c5)N6CCOCC6)cc2Cl)c1,3.2,3.6536155864462856,0.4536155864462854
2156,train,CC(C)c1c(O)c(O)c(C=O)c2c(O)c(c(C)cc12)c3c(C)cc4c(C(C)C)c(O)c(O)c(C=O)c4c3O,2.75,2.5181556966200795,-0.23184430337992046
1587,train,CC(C)N1CCN(Cc2cnc(c3ccc(cc3)C(=O)Nc4ccccc4N)c(c2)C#N)CC1,1.28,1.3198598505483639,0.03985985054836383
1722,train,Clc1ccccc1CNC(=O)c2cccnc2Oc3ccccc3,3.68,3.36067608682675,-0.31932391317325015
3886,train,COc1ccc(COc2nc(Br)cnc2NS(=O)(=O)c3ccc(C)cc3)cc1OCCN(C)C,1.68,1.688273606941625,0.008273606941625156
3102,train,C[C@H](NC(=O)C)c1ccc(Nc2ncc3cc(ccc3n2)c4ccncc4)cc1,3.17,3.0958803228465923,-0.07411967715340761
2404,train,CCN(CC)CCNc1ncnc2c1sc3nc(N4CCOCC4)c5CCCCc5c23,3.3,2.9655921672777708,-0.33440783272222907
3848,train,NCC[C@@H](Sc1cc(Cl)ccc1C#N)c2ccccc2,1.26,1.591157768009868,0.33115776800986807
2958,train,C[C@H](Nc1nc(Nc2cc(C)[nH]n2)cnc1C#N)c3ncc(F)cn3,1.96,2.012045354112194,0.05204535411219391
1342,train,Fc1ccc(CC2=NNC(=O)c3ccccc23)cc1N4C(=O)CCC4=O,1.0,1.6610671588920418,0.6610671588920418
2276,train,COc1ccc(F)c(F)c1C(=O)c2cnc(NC3CCN(CC3)S(=O)(=O)C)nc2N,2.08,2.05141093009786,-0.028589069902140274
2068,train,CC(C)n1c(C)ncc1c2ccnc(Nc3ccc(F)cc3)n2,3.62,3.620148090813848,0.00014809081384781209
1680,train,CC[C@H](NC(=O)c1c(O)c(nc2ccccc12)c3ccccc3)c4ccccc4,3.91,4.113991274187811,0.2039912741878105
4111,train,NNCCc1ccccc1,-0.01,0.436469437748626,0.446469437748626
1482,train,CN(c1ccnc(Nc2cc(cc(c2)S(=O)(=O)C)N3CCOCC3)n1)c4cc(CO)ccc4C,2.9,2.8238546626344836,-0.07614533736551632
903,train,O=C1C(=O)c2ccccc2c3ccccc13,2.6,2.4109639645215672,-0.18903603547843284
1724,train,Cc1cc(OCCCS(=O)(=O)C)cc(C)c1c2cccc(COc3ccc4[C@H](CC(=O)O)COc4c3)c2,2.3,2.1935717388176865,-0.1064282611823133
1652,train,CN(c1ccnc(Nc2cc(cc(c2)N3CCOCC3)N4CCOCC4)n1)c5cc(CO)ccc5C,2.94,3.2461694587089824,0.3061694587089825
2792,train,COc1cc(OC)c(cc1NC(=O)C)S(=O)(=O)N2C(C)Cc3ccccc23,1.95,1.704325867792841,-0.24567413220715895
2308,train,Cc1ccc(cc1NC(=O)c2ccc(OCc3ccccn3)cc2)c4ccc(N)nn4,2.47,2.538554242952299,0.06855424295229895
1060,train,CN1CCCCC1CCN2c3ccccc3Sc4ccc(cc24)[S+](C)[O-],1.6,1.6863893239521144,0.0863893239521143
3692,train,Oc1ccc(cc1)c2sc3cc(O)ccc3c2C(=O)c4ccc(OCCN5CCCCC5)cc4,4.13,4.109216439983303,-0.02078356001669679
3669,train,C[C@H]1O[C@H]([C@H](O)[C@@H]1O)n2cnc3c(N)nc(OC4CCC(F)(F)CC4)nc23,1.42,1.3728469847590687,-0.047153015240931184
3322,train,Cn1c(CN2CCC(CC2)c3ccccc3)nc4ccccc14,3.6,3.1996045671220115,-0.4003954328779886
1332,train,Oc1cc(OCc2ccccc2)ccn1,1.69,2.169377918534863,0.4793779185348632
1805,train,Clc1ccc(cc1Cl)C2=CSC3=NCCN23,1.54,1.8692389516259098,0.32923895162590977
2798,train,CCO[C@@H]1OC(=O)C[C@@H]1NC(=O)[C@@H]2CCCN3N2C(=O)[C@H](CCC3=O)NC(=O)c4nccc5ccccc45,1.16,1.27738482554398,0.11738482554398
3857,train,NC1=NC(c2cccc(c2)c3cncnc3)(c4ccnc(c4)C(F)(F)F)c5cccc(F)c15,3.4,3.2925682908532323,-0.10743170914676758
2281,train,Nc1nc(NCc2ccccc2)nc3c1nc(O)n3Cc4ccccc4,3.69,3.1560959383951106,-0.5339040616048893
1878,train,OC(=O)c1ccc(Nc2ncc(Br)c(Nc3ccccc3)n2)cc1,1.65,2.0103077954256774,0.3603077954256775
4017,train,Cc1[nH]c(C(=O)NC2CCN(CC2)c3ncc(s3)C(=O)O)c(Cl)c1Cl,0.02,0.9170422247572276,0.8970422247572276
3291,train,CSc1ncccc1C(=O)NCCc2ccc(Cl)cc2,3.31,2.791380245922062,-0.518619754077938
643,train,NS(=O)(=O)c1ccc(CCNc2ccc3nnc(c4ccccc4)n3n2)cc1,2.19,2.1906947556622294,0.0006947556622294293
3721,train,OC(=O)[C@H](Cc1ccc(Cl)cc1)N2CCC(CN3CCC(CC3)Oc4ccc(Cl)c(Cl)c4)CC2,2.86,2.772888204772075,-0.087111795227925
529,train,CN(c1ccnc(Nc2cc(CN3CCOCC3)cc(c2)N4CCOCC4)n1)c5cc(CO)ccc5C,3.0,3.203369384818882,0.203369384818882
4078,train,FC(F)(F)c1ccc(NC(=O)N2CCN(C[C@@H]3CCCN(C3)C4CC4)CC2)cc1Cl,4.06,4.085150620544596,0.02515062054459616
3799,train,O=C(Nc1ccc(cc1)N2CCOCC2)c3oc(Nc4ccccc4)nn3,3.15,2.594935523262466,-0.5550644767375341
130,train,Cc1ccc(cc1)S(=O)(=O)NC(=O)N2CCC(CC2)N3CCC(CC3)Oc4ccc(Cl)cc4Cl,1.52,1.7297234970604958,0.20972349706049576
3471,train,Fc1ccc2c3CN(CCc3[nH]c2c1)C(=O)[C@@H]4CCCC[C@H]4C(=O)NC5(CC5)C#N,2.99,2.981177225530902,-0.008822774469098071
1114,train,CC(C)NC(=O)c1ccc(C)c(c1)N2C=Nc3ccc(cc3C2=O)N4CCN(C)CC4,1.56,1.7721014498314278,0.21210144983142776
983,train,C[C@@H]1CN(CCN1C(=O)[C@@H]2CCCC[C@H]2C(=O)NC3(CC3)C#N)c4ccc5c(C)noc5c4,2.67,2.343241680467314,-0.32675831953268597
3449,train,CC(C)CN1C(=O)N(C)C(=O)c2c1sc(Cc3ccccc3C(F)(F)F)c2C(=O)N4CC=CC4,3.53,3.4317091766567436,-0.09829082334325623
3823,train,O[C@@H](CNCCCSCCNCCc1cccc(Cl)c1)c2ccc(O)c3NC(=O)Sc23,1.06,1.0517868261290617,-0.00821317387093834
857,train,CCc1cccc(c1)N(C)C(=N)Nc2cccc3ccccc23,1.57,2.2441105543240374,0.6741105543240373
970,train,[O-][N+](=O)c1cc(ccc1NCCSc2ccccc2)S(=O)(=O)NC(=O)c3ccc(cc3)N4CCNCC4,-0.04,-0.012082512982566573,0.027917487017433427
3514,train,CN1C(=O)N(CC2CC2)c3nn(Cc4cn(C)c5ccc(Cl)cc45)c(c6cc(oc6C)S(=O)(=O)C)c3C1=O,4.48,4.254590306344253,-0.22540969365574703
346,train,CC(C)Oc1cc(OCCc2cccnc2)cc(c1)C(=O)Nc3ccc(cn3)C(=O)O,0.81,0.9429877434046088,0.13298774340460873
120,train,COc1cc2ncc(C(=O)N)c(Nc3cccc(Cl)c3F)c2cc1OC,3.6,3.326726691509802,-0.27327330849019793
1113,train,C[C@H]1O[C@H]([C@H](O)[C@@H]1O)n2cnc3c(N)nc(OCC45CC6CC(CC(C6)C4)C5)nc23,3.58,2.9386145940220136,-0.6413854059779864
1532,train,COc1ccc(N(C(C(=O)NC[C@@H](C)O)c2ccccc2F)C(=O)c3occc3CO)c(OC)c1,1.37,1.6106071199367138,0.2406071199367137
1029,train,C(=C\c1nn[nH]n1)/c2ccccc2,-0.4,0.33774919774720935,0.7377491977472094
30,train,CS(=O)(=O)C1(CC1)c2cc(nc(n2)c3cccc4[nH]ccc34)N5CC6CCC(C5)O6,2.6,2.669749747460458,0.06974974746045781
2053,train,CN(C(=O)N1CCC(CC1)N2CCC(CC2)Oc3ccc(Cl)c(Cl)c3)S(=O)(=O)c4ccc(C)cc4,4.49,4.357773445406974,-0.1322265545930259
292,train,CC1CN(C(=O)c2ccccc2)c3ccccc3NC1=O,1.73,1.686648917252507,-0.043351082747493
1939,train,CC(=O)Nc1ccc2ccn(c3cc(NCCCN4CCCC4)n5ncc(C#N)c5n3)c2c1,1.87,1.8830050748568614,0.01300507485686131
1981,train,Fc1cccc(COc2ccc3C(=O)CCOc3c2)c1,3.4,3.52534278684663,0.12534278684662992
2039,train,COc1cc2ncnc(Nc3ccccc3)c2cc1OC,3.04,3.1185492446389684,0.0785492446389684
2133,train,NC(=N)NC(=O)c1nc(Cl)c(NCc2ccncc2)nc1N,-0.51,-0.26682596328490726,0.24317403671509275
3120,train,CCCSc1ncccc1C(=O)N(C)C2CCOCC2,1.63,1.7999740816998737,0.16997408169987382
3050,train,COc1cc2c(Nc3ncc(NC(=O)c4ccccc4)cn3)ncnc2cc1OCCCN5CCOCC5,2.32,2.7049539436214913,0.3849539436214915
2069,train,COc1ccc2C(=NC(=O)N(CCN3CCC(CC3)NCc4cc5OCCOc5cn4)c2c1)C,0.29,0.22286157351029456,-0.06713842648970542
722,train,CS(=O)(=O)Cc1cc(nc(n1)c2cccc3cc[nH]c23)N4CCOCC4,2.8,2.342899421723362,-0.45710057827663775
173,train,CSc1ncccc1C(=O)Nc2nccs2,1.43,2.1143365951975346,0.6843365951975346
1338,train,O=C(NC1(CC1)C#N)[C@@H]2CCCC[C@H]2C(=O)N3CCN(CC3)c4nc5cnccc5s4,1.66,1.8851554259379788,0.22515542593797888
2891,train,Cc1oc(nc1CCOc2ccc(C[C@H](Nc3ccccc3C(=O)c4ccccc4)C(=O)O)cc2)c5ccccc5,3.5,3.2674655244022937,-0.23253447559770635
3216,train,CCN(C1CCN(CCC(c2ccccc2)c3ccc(NC(=O)C(C)(C)C)cc3)CC1)C(=O)Cc4ccc(cc4)S(=O)(=O)C,2.98,2.733763951456367,-0.2462360485436328
978,train,COc1cc(ccc1Nc2ccccc2C(=O)O)c3ccc(Nc4ccccc4C(=O)O)c(OC)c3,1.8,1.4737860933055453,-0.3262139066944547
1375,train,Cn1c(SCc2c(Cl)cccc2Cl)nnc1c3ccc4nonc4c3,3.35,3.426259673922428,0.07625967392242794
2115,train,COc1ccccc1CNCCc2cccc(CCNC[C@H](O)c3ccc(O)c4NC(=O)Sc34)c2,0.91,0.6992606182795764,-0.2107393817204236
91,train,Cc1cc(CCCOc2c(Cl)cc(cc2Cl)C3=NCCO3)on1,3.72,3.4784044630992015,-0.2415955369007987
2910,train,COc1ncc(cc1NS(=O)(=O)c2ccc(F)cc2F)c3ccc4nccc(c5ccnnc5)c4c3,2.5,2.433422937705438,-0.06657706229456206
2314,train,CCCC(=O)Nc1ccc2c3ccccc3C(=O)C(=O)c2c1,2.81,2.760234457863386,-0.049765542136614105
3795,train,C[C@@H]1CN(CCN1c2ncc(OCc3ccc(cn3)S(=O)(=O)C)cn2)C(=O)OC(C)(C)C,3.0,2.929514611595495,-0.07048538840450513
2285,train,CN(CCOc1ccc(C[C@H](Nc2ccccc2C(=O)c3ccccc3)C(=O)O)cc1)c4oc5ccccc5n4,2.47,2.5958040297124425,0.1258040297124423
3631,train,CC(=O)Nc1ccc2c(c1)c(cn2CCC(=O)O)c3cc(NC4CC4)n5ncc(C#N)c5n3,-0.87,-0.1649425394737536,0.7050574605262464
2147,train,CCS(=O)(=O)c1ccc(c(F)c1)c2cc(Cl)ccc2OCC(=O)O,-0.92,-0.8200608309367539,0.09993916906324618
2731,train,O=C(NCC12CC3CC(CC(C3)C1)C2)c4ccccc4,4.21,3.883735799462386,-0.3262642005376142
1918,train,CC1(C)[C@@H]2CC[C@@]1(CS(=O)(=O)N3CCN(CC3)c4ccc(cn4)C(F)(F)F)C(=O)C2,3.8,3.7553774240536972,-0.04462257594630259
1867,train,CC(C)C(NC(=O)CN1C(=O)C(=CC=C1c2ccccc2)NC(=O)OCc3ccncc3)C(=O)C(F)(F)F,2.41,2.407924776239237,-0.0020752237607633006
2939,train,CNC(=O)C1(CCN(CC[C@H](CN(C)C(=O)c2c(OC)c(cc3ccccc23)C#N)c4ccc(Cl)c(Cl)c4)CC1)N5CCCNC5=O,2.2,2.1687874509705054,-0.031212549029494774
1289,train,CN1CCC[C@H]1c2ccccn2,0.44,0.7434225950483495,0.3034225950483495
1617,train,COc1ccc2OCC(=O)N(CCN3CCC(CC3)NCc4cc5OCCOc5cn4)c2c1,1.24,1.292275067643267,0.05227506764326706
2718,train,NC1=CC2=NNC(=O)N2c3cc(ccc13)c4occc4,2.48,2.1200658454262915,-0.3599341545737085
3372,train,Oc1ncnc2onc(c3ccc(F)cc3)c12,1.97,1.9840447436184336,0.014044743618433664
147,train,Oc1ccc(cc1)N2C=Nc3cc(O)ccc3C2=O,1.6,1.150979998166586,-0.44902000183341406
2612,train,CCCCNc1nc(SCCC)nc2c1nnn2[C@@H]3C[C@H](CO)[C@@H](O)[C@H]3O,3.07,3.036831387066125,-0.03316861293387463
1840,train,OCC(CO)CN1C(=O)C(Cc2ccccc12)NC(=O)c3cc4cc(Cl)sc4[nH]3,3.56,3.488410696830638,-0.07158930316936196
1272,train,NS(=O)(=O)c1ccc(Nc2nccc(Nc3c(Cl)ccc4OCOc34)n2)cc1,2.7,2.805715681522961,0.10571568152296074
738,train,CS(=O)(=O)c1ccc2c3CN(CCc3[nH]c2c1)C(=O)[C@@H]4CCCC[C@H]4C(=O)NC5(CC5)C#N,1.5,1.700881828815346,0.200881828815346
2746,train,N#Cc1cnn2c(NC3CC3)cc(nc12)c4cccs4,2.88,2.9587231170831747,0.07872311708317481
1477,train,CN1CCN(CC1)c2ccc3N=CN(C(=O)c3c2)c4cc(NC(=O)c5ccccc5F)ccc4C,2.75,2.6719350873899965,-0.07806491261000348
2972,train,CN1C(=O)N(CC2CC2)c3nn(Cc4ccnc5ccc(Cl)cc45)c(c6oc(cc6C)C#N)c3C1=O,4.34,4.17683637972116,-0.1631636202788398
608,train,COc1ccc(cc1)C(=O)C2CCN(CC2)C(=O)c3occc3,2.42,2.548752068015912,0.128752068015912
1205,train,CSCc1cc(nc(n1)c2ccccc2)N3CCOCC3,3.26,3.049943985606146,-0.2100560143938539
2919,train,COc1cccc(NC(=O)c2cccc(Cc3c(C)nn(CCO)c3c4ccccc4)c2)c1,4.29,4.083086868761803,-0.20691313123819732
2790,train,OC(=O)\C=C\c1cccc(c1)c2cnc3[nH]ccc3c2,0.58,1.0648937043293079,0.4848937043293079
1929,train,[O-][N+](=O)c1cccc2ccc(nc12)C(Cl)(Cl)Cl,3.7,3.3302548938731107,-0.3697451061268895
2509,train,C(Oc1ccccc1)C2CNCCO2,0.2,0.09466895277879361,-0.1053310472212064
1072,train,CNc1nc(C)c(s1)c2nc(Nc3cccc(c3)N4CCCN(CC4)C(=O)C)ncc2C#N,3.2,3.1084174562257156,-0.09158254377428454
452,train,Fc1ccc(cc1C#N)S(=O)(=O)NCC(N2CCCCCC2)c3ccccc3,2.71,2.807987704348794,0.09798770434879422
2006,train,CCCSc1nc(ccc1C(=O)NC2CCCCC2)N3CCC[C@H](CC(=O)O)C3,2.18,2.219176367313354,0.03917636731335383
585,train,Nc1ncnc2sc(nc12)c3c(ncn3C[C@H]4CCCO4)c5ccccc5,2.65,2.7172995174374392,0.06729951743743934
1854,train,Nc1nc2ccc(cc2[nH]1)C(=O)c3ccccc3,2.29,1.8371644419890312,-0.45283555801096886
2776,train,CN1CCN(CC1)c2ccc3N=CN(C(=O)c3c2)c4cc(NC(=O)C5CC5)ccc4C,2.17,2.1590190258127016,-0.010980974187298376
52,train,OC(=O)CCC[C@H]1[C@@H](Cc2ccccc12)NC(=O)c3cc4cc(F)ccc4[nH]3,1.95,2.005715937778808,0.0557159377788079
3207,train,CN[C@@H](C)C(=O)N[C@H](C(=O)N[C@H]1CCCN(C1)S(=O)(=O)Cc2ccccc2)C(C)(C)C,0.78,0.93304077397386,0.15304077397385996
2451,train,CN(C)c1cccc(c1)C(=O)Nc2ccc(C)c(NC(=O)c3ccc(O)cc3)c2,2.65,2.758624116897285,0.10862411689728502
3909,train,CC(C)Oc1cc(OCCN2CCN(CC2)C(=O)C)cc3ncnc(Nc4c(F)ccc5OCOc45)c13,3.06,2.841416613337045,-0.21858338666295518
858,train,CC[S+]([O-])c1ncccc1C2(O)CCN(CC34CC(c5ccccc35)c6ccccc46)CC2,2.0,2.05916229054412,0.05916229054412003
926,train,Cn1nc(cc1NC(=O)Nc2ccc(Cl)cc2)C(C)(C)C,3.97,3.874148975126803,-0.09585102487319741
3893,train,COc1cc(ccc1Nc2ncc(Cl)c(n2)c3cnc4ccccn34)C(CO)CO,3.1,3.3960366788873344,0.2960366788873343
3239,train,CN(C)CCCN1c2ccccc2Sc3ccccc13,2.56,2.134895742890471,-0.4251042571095289
1689,train,CN1CCC[C@H]1CCN2CCCc3cc(NC(=N)c4cccs4)ccc23,0.37,0.4937592982766432,0.12375929827664323
1773,train,NC(=O)c1cnc(N[C@H]2CCCNC2)c3cc(sc13)c4ccc(F)cc4,2.01,1.948862186317654,-0.06113781368234572
3398,train,CC(C)CN1C(=O)N(C)C(=O)c2c1sc(Cc3ccnc4ccc(F)cc34)c2C(=O)N5CC[C@@H](O)C5,1.95,2.0009774697037654,0.05097746970376549
1544,train,Fc1cc(Oc2ccc(cc2c3ccnnc3)C(F)(F)F)c(Cl)cc1S(=O)(=O)Nc4nncs4,1.15,1.5235314191425262,0.3735314191425263
2755,train,O=C(CN1CCOCC1)Nc2ccc(cc2c3ccccc3)c4cccc5C(=O)C=C(Oc45)N6CCOCC6,3.4,3.275297455881754,-0.1247025441182461
3411,train,NS(=O)(=O)c1cc(cc(N2CCCC2)c1Oc3ccccc3)C(=O)O,-0.94,-0.46188052065707286,0.4781194793429271
1727,train,CN1CCN(CC1)C(=O)c2cc3cc(C)ccc3[nH]2,2.22,1.8494870253206532,-0.37051297467934696
3635,train,COCCNC(=O)c1ccc(Nc2ncc3cc(ccc3n2)c4ccncc4OC)cc1,3.14,3.0042412985301175,-0.13575870146988267
100,train,CC1=CN([C@H]2CCCN(C2)S(=O)(=O)c3ccc(O)c(Oc4ccccc4)c3)C(=O)NC1=O,1.49,1.1474236299981369,-0.34257637000186314
444,train,CC(C)(C)OC(=O)N1CCN(CC1)c2ncc(OCc3ccncc3)cn2,3.4,3.1912540596017887,-0.20874594039821126
4020,train,CC(C)c1ccc(Sc2cnc(O)c(c2)C(=O)NCc3ccccc3)cc1,3.7,3.5325758714973334,-0.16742412850266675
3266,train,CC[C@@H](CO)Nc1nc(SCc2ccccc2)nc3nc(N)sc13,2.99,3.205397288578993,0.21539728857899298
1308,train,Fc1ccc(CN2CCN(CC2)[C@H](c3ccc(cc3)C(=O)N4CCC4)c5cccc(NC(=O)C6CC6)c5)cc1,3.58,3.638686707819587,0.058686707819586736
3061,train,NC(=O)c1c(N)sc2CCCCc12,1.84,2.0181620330136774,0.17816203301367728
234,train,CC[C@H](NC(=O)c1c([S+](C)[O-])c(nc2ccccc12)c3ccc(F)cc3)c4ccccc4,3.72,3.527966836005304,-0.1920331639946964
483,train,NCc1nc2ccccc2[nH]1,0.4,0.6398054284408539,0.23980542844085384
3250,train,CC(C)C(NC(=O)CN1C(=O)C(=CC=C1c2ccccc2)NS(=O)(=O)c3cccc(NC(=O)C)c3)C(=O)C(F)(F)F,2.43,2.470723511850536,0.04072351185053602
3417,train,CC(=O)c1noc(C)c1C(=O)Nc2nccs2,1.94,1.8951273925416665,-0.044872607458333436
1962,train,Clc1c(NCC2CCNCC2)nccc1C(=O)NCC34CC5CC(CC(C5)C3)C4,0.6,0.9494619531786059,0.34946195317860596
3762,train,SC1=Nc2[nH]cnc2C(=O)N1,-1.48,-1.2283050349322258,0.2516949650677742
1391,train,CN[C@@H](C)C(=O)N[C@@H](C1CCCCC1)C(=O)N2CC[C@H]3CCN(CCc4ccccc4)C[C@@H]23,2.47,2.4624491010901965,-0.007550898909803649
1846,train,CC(C)Cc1ccc(cc1)C(C)C(=O)NS(=O)(=O)C,0.78,0.7316976103923203,-0.04830238960767974
2423,train,CNc1cccc(CCOc2ccc(C[C@H](NC(=O)c3ccccc3Cl)C(=O)O)cc2)n1,-0.31,0.2816516688802755,0.5916516688802755
2540,train,C[C@@H](Oc1ccc(SCCCCCc2ccccc2)cc1)C(=O)c3nc(C)c(CCCC(=O)O)s3,3.58,2.834355207834413,-0.7456447921655869
2655,train,Fc1ccccc1c2ccc3c(c2)C(=O)C(=O)c4ccccc34,2.92,3.039613886743037,0.11961388674303697
3562,train,CN(C)S(=O)(=O)c1ccc(CC(=O)N(C)C2CCN(CCC(c3ccccc3)c4ccccc4)CC2)cc1,3.5,3.4045404108836728,-0.09545958911632724
2363,train,OC(=O)[C@H](Cc1ccc(OCCNc2ccccn2)cc1)NC(=O)c3c(Cl)cccc3Cl,-0.48,-0.21698512919060464,0.26301487080939534
2254,train,O=C(CCN1CCCCC1)Nc2ccc(C3=CC=CN4C(=O)C=C(N=C34)N5CCOCC5)c6sc7ccccc7c26,2.9,3.0402839485313824,0.14028394853138249
1737,train,CS(=O)(=O)c1cccc2c3CN(CCc3[nH]c12)C(=O)[C@@H]4CCCC[C@H]4C(=O)NC5(CC5)C#N,1.7,1.892490270783342,0.19249027078334202
273,train,NS(=O)(=O)c1nc2ccccc2s1,1.35,1.298048679301772,-0.051951320698228054
3164,train,CN(C)CCCC1(OCc2cc(ccc12)C#N)c3ccc(F)cc3,1.56,1.5137706004031835,-0.0462293995968166
3838,train,Cc1nc(NC(=N)N)nc2ccccc12,-0.49,-0.08193191210185224,0.40806808789814775
2559,train,COc1cc(Nc2cc(Oc3cc(C)c(C)nc3c4ccccn4)ccn2)cc(OC)c1OC,3.22,3.2146729271795036,-0.005327072820496603
515,train,O=C(Nc1nnn[nH]1)C2=CC(=C3C=CC=CN3C2=O)Oc4ccccc4,0.67,0.5565375562598935,-0.1134624437401065
2613,train,CN[C@@H](C)C(=O)N[C@H](C(=O)N[C@H]1CCCN(CCc2ccccn2)C1)C(C)(C)C,-0.55,0.08565501300817147,0.6356550130081715
1176,train,CCC(CC)n1nc(C)c(C(=O)N[C@@H](C)C(C)(C)C)c1NS(=O)(=O)c2ccc(C)cc2,1.88,1.690622350844708,-0.18937764915529187
1037,train,CC(C)CN1C(=O)N(C)C(=O)c2c1sc(Oc3cccc4ccccc34)c2C(=O)N5CC[C@@H](O)C5,2.87,2.9971050408942905,0.12710504089429042
1761,train,CCc1cccc2c3CCOC(CC)(CC(=O)O)c3[nH]c12,0.49,0.8916210998498111,0.4016210998498111
2698,train,CC(C)C[C@@H](CO)NS(=O)(=O)c1ccc(Cl)s1,2.8,2.3204045054377027,-0.4795954945622971
433,train,CC(C)(C)c1cc2nc3C(=O)N(Cc4ccccc4)Cc3c(O)n2n1,1.9,2.0168645332088424,0.11686453320884249
410,train,CN(C)CCCN1c2ccccc2CCc3ccccc13,2.49,2.2165653943937946,-0.2734346056062056
2581,train,CNCc1cccc(c1)c2ccc3c(nc(nc3n2)N4C[C@@H](C)O[C@@H](C)C4)N5CCOCC5,1.26,1.5391827646608498,0.2791827646608498
3138,train,O=C(Nc1ccc(nc1)N2CCOCC2)c3oc(Nc4cccc(OCc5cccnc5)c4)nn3,3.3,3.1896476019822306,-0.1103523980177692
1324,train,Fc1ccc2cn[nH]c2c1,2.3,1.9294177235481895,-0.3705822764518103
388,train,C[C@]1(CCSC(=N1)N)c2cc(c(F)cc2F)c3cncnc3,0.8,0.9607243665750402,0.1607243665750402
2070,train,COC(=O)C1C(CC2CCC1N2C)OC(=O)c3ccccc3,1.06,1.364740708360069,0.30474070836006906
4077,train,COc1cc(ccc1Nc2ncc(Cl)c(n2)c3cnc4ccccn34)N5CCN(CC5)C(=O)C,3.65,3.7063667652952534,0.05636676529525353
3339,train,Clc1ccc2OCOc2c1Nc3ccnc(Nc4cc(cc(c4)N5CCOCC5)N6CCOCC6)n3,3.25,3.3547625544225506,0.10476255442255056
1987,train,C[C@H](NC(=O)C1(N)CCN(CC1)c2ncnc3[nH]ccc23)c4ccc(Cl)cc4,2.67,2.902465967394974,0.23246596739497427
2846,train,CN1CCc2cc(Cl)c(O)cc2[C@H](C1)c3ccccc3,2.5,2.530637706786065,0.03063770678606481
3314,train,COc1ccc2COC(=O)N(CCN3CCC(CC3)NCc4ccc5OCC(=O)Nc5n4)c2c1,0.5,0.582549989160126,0.08254998916012601
2639,train,O[C@H]1CN(CCN2C(=O)C=Cc3ccc(cc23)C#N)CC[C@H]1NCc4cc5OCCOc5cn4,0.45,0.446851951815068,-0.0031480481849320285
183,train,CCOc1ccccc1c2ccc(cc2)c3nc4ccc(F)cc4c(N[C@H](C)C(=O)O)c3C#N,2.5,2.402519094342247,-0.0974809056577528
169,train,COc1cc2c(Nc3ccc(Cl)cc3F)ncnc2cc1OCCn4cncn4,3.2,3.2771795352517614,0.07717953525176124
2136,train,CCC[C@@H](CNC(=O)c1nc(Cl)c(N)nc1N)[N+](C)(C)CCCc2ccc(OC)cc2,0.4,0.6890782935718975,0.2890782935718975
500,train,O[C@@H](CNCCSCCCNCCc1cccc(c1)C(F)(F)F)c2ccc(O)c3NC(=O)Sc23,1.21,1.3298272388006558,0.11982723880065582
2720,train,Nc1nccc(n1)c2cccs2,1.75,1.2858973525671782,-0.4641026474328218
1884,train,C[C@@H]1CN(CCN1c2ncc(OCc3ccc(cc3C#N)S(=O)(=O)C)cn2)C(=O)OC(C)(C)C,3.3,3.1683492063198817,-0.13165079368011812
3403,train,CS(=O)(=O)c1ccc2[nH]c3CCN(Cc3c2c1)C(=O)[C@@H]4CCCC[C@H]4C(=O)NC5(CC5)C#N,1.5,1.6279337607490991,0.12793376074909912
1387,train,NC(=O)c1cc2ccccc2nc1N,1.07,1.7116216932790211,0.6416216932790211
409,train,CC(C)(F)C[C@H](N[C@@H](c1ccc(cc1)c2ccc(cc2)S(=O)(=O)C)C(F)(F)F)C(=O)NC3(CC3)C#N,2.9,2.934751585868015,0.03475158586801497
2433,train,CN1CCC(=CC1)c2cccc(O)c2,0.53,0.8126103808801617,0.28261038088016166
3545,train,CN1CCN(CC1)c2ccc3ncc(C(=O)N)c(Nc4ccc(Cl)cc4Cl)c3c2,3.23,3.060515558169419,-0.1694844418305812
3181,train,CCN1CCC[C@H]1CNC(=O)c2cc(Br)cc(OC)c2OC,1.2,1.124713832176492,-0.07528616782350794
3530,train,CC1(CC(=O)NC(=N1)N)c2ccc(Cl)c(Cl)c2,1.59,1.6615489110881798,0.07154891108817973
2561,train,COc1ccccc1CN(C(=O)C)c2cnccc2Oc3ccccc3,3.0,2.527203670283148,-0.4727963297168518
2534,train,Cc1ccc(cc1NC(=O)c2ccc(OCc3ccccn3)cc2)c4ncc(CN5CCOCC5)s4,3.1,3.217014759075793,0.11701475907579306
3112,train,CCCCCc1ccc(cc1)c2nnc(N)s2,4.13,3.8225067291067925,-0.30749327089320744
2600,train,CS(=O)(=O)c1ccc(cc1)[C@@H](CC2CCCC2)C(=O)Nc3nccs3,3.86,3.649878869671946,-0.21012113032805368
1920,train,COc1cc2ncc(C(=O)N)c(Nc3cc(C)ccc3F)c2cc1OC,3.16,3.151726499559457,-0.008273500440543202
3466,train,O[C@H](CNC(=O)c1cccc(c1)C#N)CN2CCC(CC2)Oc3ccc(Cl)c(Cl)c3,3.48,3.450665552858644,-0.029334447141355913
2754,train,CCC(N(CCCN)C(=O)c1ccc(C)cc1)C2=Nc3sccc3C(=O)N2Cc4ccccc4,2.06,2.1126084985914515,0.05260849859145145
1299,train,CN1C(=O)N(C)c2ncn(CC(O)CO)c2C1=O,-1.25,-1.2718972551617957,-0.021897255161795748
1341,train,Fc1ccc(cc1)c2cn3ccccc3n2,3.1,3.055357447315952,-0.04464255268404793
3736,train,CN(C)CCC=C1c2ccccc2COc3ccccc13,2.15,2.3806983491813085,0.2306983491813086
2386,train,S(c1ccccc1)c2ccc3ccccc3n2,3.92,3.8202827208092645,-0.09971727919073547
2693,train,Cc1nc(Nc2ncc(s2)C(=O)Nc3c(C)cccc3Cl)cc(n1)N4CCN(CCO)CC4,3.41,3.237919069787517,-0.17208093021248327
210,train,Cc1ccc2c(n1)c(Sc3ccc(Cl)cc3)c(C)n2CC(=O)O,0.35,0.4744388409816118,0.12443884098161184
7,train,CNc1cccc(CCOc2ccc(C[C@H](NC(=O)c3c(Cl)cccc3Cl)C(=O)O)cc2C)n1,0.34,0.2288140856775398,-0.11118591432246022
940,train,CCC1=C(C)CN(C(=O)NCCc2ccc(cc2)S(=O)(=O)NC(=O)N[C@@H]3CC[C@@H](C)CC3)C1=O,1.73,1.6474845989666047,-0.08251540103339527
678,train,Nc1ccc(cc1)S(=O)(=O)N2CCCC2,0.98,0.7128733242056327,-0.26712667579436733
1598,train,CCOC(=O)Nc1cccc(c1)[C@H](N2CCN(Cc3c[nH]c(C)n3)CC2)c4ccc(cc4)C(=O)N(C)CC,2.11,2.1380252741251695,0.02802527412516964
294,train,O[C@@H](CNCCCSCCNCCc1cccc(Cl)c1Cl)c2ccc(O)c3NC(=O)Sc23,1.74,1.3691881553558662,-0.37081184464413375
347,train,Cn1c(nc2ccccc12)c3ccc(O)nc3,1.2,1.6163469882776607,0.4163469882776607
1663,train,OC[C@@H](NC(=O)C(Cl)Cl)[C@H](O)c1ccc(cc1)[N+](=O)[O-],1.15,1.0194711676715484,-0.13052883232845147
3821,train,Cc1cc(C)nc(SCC(=O)N)n1,0.23,0.5408889019485759,0.3108889019485759
2257,train,Cc1ccc(CN2C(=O)CCSc3ccc(Cl)cc23)cc1,3.7,3.515048183118626,-0.18495181688137396
2125,train,COc1cccc(c1)S(=O)(=O)c2c(C)n(CC(=O)O)c3ccc(C)cc23,-0.42,-0.2014478924894565,0.2185521075105435
3264,train,CC1=C(Oc2c(cccc2C1=O)C(=O)OCCN3CCCCC3)c4ccccc4,3.42,3.233117700308386,-0.18688229969161396
1098,train,CCOC(=O)Nc1cccc(c1)[C@H](N2CCN(Cc3cccnc3)CC2)c4ccc(cc4)C(=O)N5CCC5,3.02,2.8868585437734757,-0.1331414562265243
4187,train,CN1CCC[C@@H]([C@H]1C(=O)Nc2ccc(OCc3cc(C)nc4ccccc34)cc2)C(=O)NO,2.41,2.1376280026093926,-0.2723719973906076
2921,train,COc1cc(OC)cc(c1)c2cc3cnc(N)nc3nc2N,2.14,2.022998220627588,-0.11700177937241207
2529,train,CCCN(CCO)CCCOc1ccc2c(Nc3cc(CC(=O)Nc4cccc(F)c4F)[nH]n3)ncnc2c1,2.19,2.159102169379951,-0.030897830620049138
187,train,CC(CN1CCCCC1)C(=O)c2ccc(C)cc2,1.65,1.9776079020890562,0.3276079020890563
2872,train,Brc1cnc(Nc2cccc(NC(=O)N3CCCC3)c2)nc1NCCCNC(=O)c4cccs4,4.13,4.035117553127508,-0.09488244687249203
1022,train,Clc1cc(Cl)cc(c1)S(=O)(=O)NCC(N2CCCCCC2)c3ccccc3,3.36,3.348251379651092,-0.011748620348907668
963,train,O[C@@H](CNCCCOCCNCCc1cccc(Cl)c1)c2ccc(O)c3NC(=O)Sc23,-0.03,0.4435374496042477,0.4735374496042477
3879,train,C[C@H](NC1=NC(=O)[C@](C)(S1)C(F)(F)F)c2ccccc2F,3.1,2.9746408621492284,-0.12535913785077168
1201,train,COC[C@H](C)Oc1cc(Oc2cc(F)cc(F)c2)cc(c1)C(=O)Nc3ccc(cn3)C(=O)O,1.36,1.5443769264362146,0.1843769264362145
349,train,OCCCn1c(NC(=O)c2cccc(c2)[N+](=O)[O-])nc3ccccc13,3.0,3.0085474139925794,0.008547413992579411
2930,train,O=C1N2CCS(=O)(=O)C2=Nc3ccccc13,0.8,0.6823931034421327,-0.11760689655786738
1605,train,COc1cc(ccc1Nc2ncc(Cl)c(n2)c3cnc4ccccn34)N5CC6CN(CCO)CC(C5)O6,2.5,2.4576815118188167,-0.042318488181183334
1106,train,OCC(=O)N1CCC[C@@H]1COc2cccc3ncnc(Nc4ccc(OCc5ccccn5)c(Cl)c4)c23,3.71,3.490077169376375,-0.21992283062362494
2828,train,CN(C1CCN(Cc2nc3cc(F)ccc3s2)CC1)C(=O)Cc4ccc(cc4)n5cnnn5,2.85,2.676677582541744,-0.17332241745825616
3335,train,CCN(C1CCN(CC[C@@H](c2ccc(F)cc2)c3ccc(cc3)S(=O)(=O)C)CC1)C(=O)Cc4ccc(cc4)S(=O)(=O)C,1.88,2.4802707718543227,0.6002707718543228
715,train,CC(C)c1nc2ccccc2n1c3nc(N4CCOCC4)c5nc(OC6CN(C6)C7CCS(=O)(=O)CC7)n(C)c5n3,2.9,2.9224802901644025,0.02248029016440256
623,train,CCN(CC)c1ccc(cc1)c2nn3c(nnc3s2)c4[nH]nc5CCCc45,3.37,3.415574267209469,0.045574267209469
1570,train,CCN(CC)CC(=O)Nc1c(cnn1c2ccccc2)C#N,0.4,0.8408075504825887,0.4408075504825887
2862,train,CCCSc1nc(ccc1C(=O)NC2CCCCC2)N3CCC(CC3)C(=O)O,1.6,2.082213738243137,0.48221373824313707
3874,train,Nc1c(NC2CCCCC2)nc(nc1N3CCOCC3)C#N,2.81,2.8957194526383123,0.08571945263831227
3215,train,C[C@@H]1CN(CCN1c2ncc(OCc3ccncc3C#N)cn2)c4noc(n4)C(F)F,2.85,2.680924178248317,-0.169075821751683
3154,train,Nc1nc2nc(SCc3cccc(F)c3F)nc(O)c2s1,2.5,2.460156091746252,-0.03984390825374806
3191,train,Cc1ccc(cc1NC(=O)c2ccc(OCc3ccccn3)cc2)c4[nH]cnc4C,2.87,2.5182783159839777,-0.35172168401602244
1269,train,COc1ncc2C=CC(=O)N(CCN3CCC(CC3)NCc4cc5OCCOc5cn4)c2n1,0.2,0.4412852611963005,0.2412852611963005
1864,train,CC(C)CN1C(=O)N(C)C(=O)c2c1sc(Cc3c[nH]c4ncccc34)c2C(=O)N5CC[C@@H](O)C5,1.71,1.5481061515782193,-0.16189384842178067
3498,train,CSc1nc2cc(Cl)ccc2[nH]1,3.22,3.426322229500668,0.20632222950066792
968,train,OC(=O)CO[C@H]1[C@@H](Cc2ccccc12)NC(=O)c3cc4sc(Cl)c(Cl)c4[nH]3,1.38,1.785878306732413,0.4058783067324132
3809,train,Cn1cc(cc1c2c3C(=O)N(CC#CCn4cncn4)C(=O)N(CC5CC5)c3nn2Cc6ccnc7ccc(Cl)cc67)C#N,3.43,3.4299074888209566,-9.251117904351958e-05
3532,train,O=C1O[C@]2(CN3CCC2CC3)CN1c4cccs4,0.9,0.8243496644448183,-0.07565033555518175
2445,train,CC(C)c1ccc2[nH]c3CCN(Cc3c2c1)C(=O)[C@@H]4CCCC[C@H]4C(=O)NC5(CC5)C#N,4.1,3.721155877314172,-0.3788441226858277
3660,train,N[C@@H](Cc1cccs1)C(=O)N[C@]2(C[C@H]2c3ccccc3)C#N,1.5,1.6398650314743,0.13986503147429996
2630,train,CNc1nc(C)c(s1)c2nc(Nc3cccc(c3)N4CCNCC4)ncc2C#N,1.9,1.8835717136532808,-0.016428286346719112
1696,train,FC(F)(F)c1ccc(cc1)S(=O)(=O)NCC(N2CCCCCC2)c3ccccc3,4.29,3.7753513928434153,-0.5146486071565848
4106,train,CN(C)C(=O)[C@H](Cc1ccccc1)NC(=O)c2cc3ccsc3[nH]2,3.1,3.1342772428251826,0.03427724282518252
1932,train,CN(C)c1ccccc1S(=O)(=O)NC(=O)N2CCC(CC2)N3CCC(CC3)Oc4ccc(Cl)c(Cl)c4,1.74,1.735746674796406,-0.004253325203593894
3811,train,COc1cc(cc(OC)c1OC)C(=O)NCc2ccc(OCCN(C)C)cc2,0.74,1.3569641896942535,0.6169641896942535
1472,train,COc1ccc2nc(C)cc(c2c1)n3cc(CN4CCN(CC4)C(=O)C)nn3,1.3,1.5529289181585906,0.25292891815859053
2033,train,Clc1ccc(cc1C(=O)NCCc2ccccc2)N3N=CC(=O)NC3=O,0.74,0.7530422080043997,0.013042208004399702
229,train,CCCCc1ncc(\C=C(/Cc2cccs2)\C(=O)O)n1Cc3ccc(cc3)C(=O)O,-0.9,-0.3820914992158295,0.5179085007841705
3389,train,CC(=O)N1CCOc2nc(OCc3ccccc3)ccc12,2.4,2.0211684307328106,-0.3788315692671893
1223,train,Clc1ccc2ncc(c3cccc(NC4CNC4)n3)n2c1,1.19,1.689281060496949,0.4992810604969491
35,train,CN(C)c1ccnc2sc(C(=O)NCc3ccccc3)c(N)c12,3.62,3.243988197089191,-0.37601180291080905
458,train,CCCSc1nc2ccc(NC(=O)CCC(=O)O)cc2s1,0.5,0.8563770591577595,0.3563770591577595
3459,train,COc1ccc2ncc(F)c(CCN3CCC(CC3)NCc4ccc5OCC(=O)Nc5n4)c2n1,1.78,1.616803709610246,-0.16319629038975392
3041,train,[O-][N+](=O)c1ccc2[nH]c(nc2c1)c3ccccn3,2.8,2.611184579618014,-0.18881542038198562
357,train,C[C@@H](Oc1cccc2ncnc(Nc3ccc(OCc4ccccn4)c(Cl)c3)c12)C(=O)N(C)C,3.67,3.679032345476951,0.009032345476950976
1597,train,COc1ccc(Cl)cc1NC(=O)Nc2cnccn2,3.63,3.0824561549658167,-0.5475438450341832
1480,train,COCCNS(=O)(=O)c1ccc(Nc2nccc(n2)c3cnc4cccnn34)cc1,2.8,2.6967511950842677,-0.10324880491573207
1488,train,Cc1nc(C)c(nc1C(=O)N)c2ccc(cc2)C34CCC(CC(=O)O)(CC3)CC4,1.6,1.1066354479194982,-0.4933645520805019
1703,train,CCN1CCO[C@@H](CN2CCN(CC2)C(=O)Nc3ccc(Cl)c(Cl)c3)C1,2.68,2.769017021565962,0.08901702156596203
3979,train,CCC(=O)N1CCN(CC1)C(=O)c2cc(CC3=NNC(=O)c4ccccc34)ccc2F,1.22,1.2624549079697986,0.04245490796979867
3211,train,Cc1nc(C)c(nc1C(=O)N)c2ccc([C@@H]3CC[C@@H](CC(=O)O)CC3)c(Cl)c2,1.8,1.6170189382774716,-0.18298106172252848
1702,train,CCCNC(=O)NS(=O)(=O)c1ccc(Cl)cc1,-0.33,0.07523741341317747,0.4052374134131775
253,train,Cc1ccc2c(c1)c(c(C)n2CC(=O)O)c3ccnc4cc(Cl)ccc34,1.59,1.456534341825893,-0.13346565817410716
3048,train,CC(C)N1C(=O)N(C)C(=O)c2c1sc(Cc3ccccc3C(F)(F)F)c2C(=O)N4CCS(=O)(=O)C4,2.55,2.501445931198527,-0.04855406880147273
2300,train,CCOc1ccc(cc1)N2C(=O)c3cccnc3N=C2[C@@H](C)N(Cc4cccnc4)C(=O)Cc5ccc(OC(F)(F)F)cc5,3.7,3.5545943514914553,-0.14540564850854487
1009,train,COc1ccc(cc1OC)C(=O)Nc2cc(NC(=O)c3cccc(c3)N(C)C)ccc2Br,3.49,3.324227799985845,-0.16577220001415505
1408,train,CN([C@H]1CCN(Cc2ccc(cc2)C(F)(F)F)C[C@H]1F)C(=O)Cc3ccc(cc3)n4cnnn4,3.3,3.115255106035754,-0.18474489396424598
3616,train,COc1cc2ncnc(Nc3cccc(Cl)c3F)c2cc1CN4CCC[C@H]4CC(=O)N,2.64,2.694837136718582,0.054837136718581814
3337,train,CC1(C)CNC(=O)c2sc(nc2C1)N3CCOCC3,1.29,1.243312467170064,-0.046687532829936096
3219,train,CCCCc1nc2c(N)nc3ccccc3c2n1CC(C)C,3.82,3.7990326315565977,-0.02096736844340219
3246,train,Nc1c(Nc2ccccc2)nc(nc1N3CCOCC3)C#N,2.72,2.9393089243978032,0.21930892439780303
3210,train,CC(C)n1c(C)ncc1c2nc(Nc3ccc(C(=O)NC4CCN(C)CC4)c(F)c3)ncc2F,2.41,2.5766877785449505,0.16668777854495032
3742,train,COc1cc2OC[C@H]3Oc4c5C[C@@H](Oc5ccc4C(=O)[C@H]3c2cc1OC)C(=C)C,3.57,3.3813937127925726,-0.18860628720742723
3621,train,CO[C@@H](C(=O)N1Cc2n[nH]c(NC(=O)c3ccc(cc3)N4CCN(C)CC4)c2C1)c5ccccc5,2.0,2.0302224484798224,0.03022244847982236
370,train,COCCS(=O)(=O)N1CCN(CC1)c2ccc(Nc3nccc(n3)c4cnc(C)n4C(C)C)cc2,2.75,2.676956254348794,-0.07304374565120586
3408,train,COc1cc(CCc2cc(Nc3ccnc(NCc4onc(C)c4)n3)n[nH]2)cc(OC)c1,3.1,3.328178338590223,0.22817833859022274
3326,train,Nc1c(nc(nc1N2CCOCC2)C#N)N3CCCC3,2.25,2.0964954166296312,-0.15350458337036876
1694,train,Cn1c(C(=O)O)c(CCCOc2cccc3ccccc23)c4ccccc14,2.99,3.1220694517148835,0.13206945171488327
2515,train,Fc1ccc(cc1)[C@@H]2CCNC[C@H]2COc3ccc4OCOc4c3,1.78,1.8797901227990013,0.09979012279900124
218,train,C[C@H](Nc1cnc(C)c(Nc2cc(C)[nH]n2)n1)c3ccc(F)cn3,1.73,1.8418523963671771,0.11185239636717714
2434,train,OC(=O)COc1ccc(C(=O)c2cccs2)c(Cl)c1Cl,-0.84,-0.48710106446164225,0.3528989355383577
3096,train,Brc1ccc(s1)N2C[C@@]3(CN4CCC3CC4)OC2=O,2.0,1.8837947987784398,-0.1162052012215602
356,train,CN(C)S(=O)(=O)c1ccc2C(=CNC(=O)c2c1)C(=O)NC[C@@H](O)CN3CCC(CC3)Oc4ccc(Cl)c(Cl)c4,3.13,3.1332665460940556,0.0032665460940557445
3814,train,CCO\N=C(\C1CCN(CC1)C2(C)CCN(CC2)C(=O)c3c(Cl)cncc3Cl)/c4ccc(Br)cc4,4.0,3.556744752813408,-0.4432552471865918
3320,train,C[C@H](N)COc1c(C)cccc1C,0.6,0.592503576436793,-0.007496423563207011
2861,train,N[C@@H](Cc1cccs1)C(=O)N[C@@]2(C[C@@H]2c3ccccc3)C#N,1.3,1.6398650314743,0.3398650314742999
3279,train,CN([C@@H]1CCN(Cc2nc3cc(F)ccc3s2)C[C@@H]1F)C(=O)Cc4ccc(cc4)S(=O)(=O)C,2.2,2.3480440412825234,0.14804404128252324
1481,train,Cc1c(Sc2ccc(Cl)cc2)c3c(cccc3n1CC(=O)O)c4ccccc4,2.61,2.284164587263086,-0.3258354127369141
3782,train,Cc1c(F)cc(cc1c2ccc(cn2)C(=O)NCC(C)(C)C)C(=O)NC3CC3,3.5,3.385828784142335,-0.11417121585766488
3771,train,CCN(CC)C(=O)c1ccc(cc1)C(N2CCNCC2)c3cccc4cccnc34,0.7,0.6561243602309217,-0.04387563976907827
871,train,CCOC(=O)\C=C\[C@H](C[C@@H]1CCNC1=O)NC(=O)[C@@H](CC(=O)[C@@H](NC(=O)c2cc(C)on2)C(C)C)Cc3ccc(F)cc3,2.8,2.7300007578362795,-0.06999924216372033
1489,train,Oc1ccc(C(=O)Cc2ccccc2)c(O)c1,3.09,2.6090848611102375,-0.48091513888976234
2352,train,N#Cc1cccc(c1)c2cccc(c2)c3nn[nH]n3,0.7,0.6756898360611165,-0.02431016393888341
2220,train,CCc1ccc(CCNCCCSCCNC[C@H](O)c2ccc(O)c3NC(=O)Sc23)cc1,0.86,0.5694186204328817,-0.29058137956711827
1745,train,Cn1cc(nc1c2c3C(=O)N(CC#C)C(=O)N(CC4CC4)c3nn2Cc5ccnc6ccc(Cl)cc56)C#N,3.4,3.442486073475796,0.042486073475795916
1596,train,C[C@H](CO)Nc1nc(SCc2cccc(F)c2F)nc3NC(=O)C(=O)Nc13,2.48,2.411986895230592,-0.06801310476940792
716,train,CCN(CC)CCOC(=O)C1(CCCC1)c2ccccc2,2.3,1.9440009980314779,-0.35599900196852197
3942,train,Cc1ccc(NC(=O)N2CCN(C[C@@H]3CCCN(C3)C4CC4)CC2)cc1Cl,3.37,3.1108296955939716,-0.2591703044060285
3554,train,CNc1cc(nc2c(cc(OC)cc12)N3CCN(C)CC3)C(=O)Nc4ccc(cc4)N5CCOCC5,2.93,3.1418365265243087,0.2118365265243085
1075,train,OC(=O)c1cc2cc(OCc3ccccc3)ccc2[nH]1,0.4,0.9712777679120537,0.5712777679120536
4082,train,COc1cc(ccc1NC(=O)CN2CCOCC2)c3cccc4C(=O)C=C(Oc34)N5CCOCC5,2.3,2.68021152229609,0.38021152229609
1790,train,CCn1cc(NC(=O)Cc2ccc(Oc3ccnc4cc(F)ccc34)cc2OC)cn1,3.93,3.7480928910283886,-0.18190710897161155
2955,train,Nc1ccccc1NC(=O)c2ccc(CNC(=O)OCc3cccnc3)cc2,1.26,1.7843868218431909,0.5243868218431909
1806,train,O=S(=O)(NCC(N1CCCCCC1)c2ccccc2)c3ccc(cc3)C#N,2.86,2.6198395834801564,-0.24016041651984343
2923,train,CC(=O)N1CCN(CCOc2ccc(cc2)C3(O)CCN(CC3)c4ccc5nnc(n5n4)C(F)(F)F)CC1,2.2,2.463948247261885,0.2639482472618848
3790,train,NC(=O)c1ccc(O[C@H]2C[C@H]3CC[C@@H](C2)N3Cc4ccccc4)cn1,1.51,1.5193945090255472,0.00939450902554717
1095,train,CCc1c(C(=O)C(=O)N)c2c(OCC(=O)N)cccc2n1Cc3ccccc3,2.1,2.003444988675697,-0.09655501132430322
1710,train,OC1(CCN(CCCC(=O)c2ccc(F)cc2)CC1)c3ccc(Cl)cc3,2.67,2.9260468387868364,0.25604683878683643
2500,train,O=C1C(=O)c2cc(ccc2c3ccccc13)c4ccsc4,3.1,3.619454201575022,0.5194542015750221
1908,train,OC(=O)c1ccc(OCC(=O)COc2ccc(SCCCCCc3ccccc3)cc2)cc1,3.63,3.544637738649083,-0.08536226135091685
3617,train,COc1cc2ncnc(NCc3cccc(C)c3)c2cc1OC,3.5,3.4533781038951874,-0.0466218961048126
3708,train,OC(c1ccccc1)c2ccc3C(=O)C=C(Nc3c2)c4cccnc4,2.27,1.8269436433217765,-0.4430563566782235
4045,train,CC(C)(C)OC(=O)N1CCN(CC1)c2ncc(OCc3ccncc3S(=O)(=O)C)cn2,2.4,2.7351353652217503,0.33513536522175036
427,train,CS(=O)(=O)c1ccc2nc(sc2c1)N3CCN(CC3)C(=O)[C@@H]4CCCC[C@H]4C(=O)NC5(CC5)C#N,1.49,1.261414374509929,-0.2285856254900709
1333,train,CN(C)CC(O)COc1ccc(Nc2cc(Nc3cc(Cl)ccc3Cl)ncn2)cc1,2.6,2.5521365802243308,-0.047863419775669325
3442,train,Cc1ccc(NC(=O)c2cccc(c2)N3CCOCC3)cc1NC(=O)c4ccc(OCc5ccncc5)cc4,3.2,3.2237834417258364,0.02378344172583624
2992,train,COc1cc(Nc2nccc(Oc3cnc4ccccc4c3)n2)cc(OC)c1OC,3.41,3.4329645344207895,0.022964534420789384
796,train,Fc1ccc2[nH]c3CCN(Cc3c2c1)C(=O)[C@@H]4CCCC[C@H]4C(=O)NC5(CC5)C#N,3.0,3.0387396741867123,0.038739674186712314
156,train,COc1cccc(NC(=O)Cn2cc(Oc3ncnc4cc(OC)c(OC)cc34)cn2)c1,3.11,3.2451986472993344,0.1351986472993345
2129,train,O=C(C1CCN(CC1)c2nnc(s2)n3cccc3)N4CCN(Cc5ccc6OCOc6c5)CC4,2.5,2.5489247385039016,0.048924738503901555
76,train,Cc1cc(CCC2CCN(CC2)S(=O)(=O)CC3(CCOCC3)N(O)C=O)c(C)cn1,1.43,1.4337559559973445,0.0037559559973445733
437,train,COc1ccc(CNC(=O)Nc2ncc(s2)[N+](=O)[O-])cc1,2.9,2.7970232586820023,-0.10297674131799761
1193,train,CO[C@@H]1CN(Cc2ccc(cc2)C(F)(F)F)CC[C@@H]1N(C)C(=O)Cc3ccc(cc3)n4cnnn4,3.1,2.995563047457063,-0.10443695254293717
1559,train,Oc1ccc(Cl)cc1C(=O)Nc2ccccc2,2.9,3.123990144061782,0.2239901440617822
947,train,CCN1CCOc2cc(COc3ccccc3)cnc12,3.7,3.4798172932945794,-0.22018270670542073
2218,train,NC(=O)c1cccc(C[C@H]2C[C@H]3CC[C@@H](C2)N3Cc4ccccc4)c1,1.19,1.1873711877723336,-0.0026288122276663106
3641,train,CN(C)CC(O)COc1ccc(Nc2cc(ncn2)N(CCC#N)c3cc(Cl)ccc3Cl)cc1,2.1,2.074376407312663,-0.025623592687336938
3400,train,C[C@@](O)(C(=O)Nc1ccc(cc1Cl)S(=O)(=O)NCCCO)C(F)(F)F,2.1,2.0309328499280657,-0.06906715007193442
3492,train,OC(=O)COc1ccc(cc1c2ccccc2)C#N,-1.08,-0.7525318716931224,0.32746812830687766
64,train,O=C(COc1ccccc1)c2ccccc2,2.87,2.0513253416109003,-0.8186746583890998
2176,train,COc1ccc(Cl)cc1C(=O)Nc2nc3ccccc3[nH]2,4.05,3.8739384396527714,-0.17606156034722842
1917,train,OC(=O)c1cccc(c1)c2cccc(c2)C#N,0.3,0.746098316776822,0.44609831677682205
182,train,C[C@@H]1CN([C@@H](C)CN1C(=O)c2ccc(cc2)C#N)C(=O)[C@@](C)(O)C(F)(F)F,1.5,1.8291597103177932,0.32915971031779323
847,train,C[Si](C)(C)C#Cc1cn(C[C@H]2CN(C(=O)O2)c3ccc(C4=CCS(=O)(=O)CC4)c(F)c3)nn1,1.26,1.409757957337722,0.1497579573377219
2324,train,NC(=O)Nc1sc(cc1C(=O)N)c2ccccc2,2.42,2.3926796273811686,-0.027320372618831357
2550,train,Cc1ccnc(NCc2ccc(Cl)cc2)c1,3.6,3.631000401712085,0.03100040171208507
1592,train,C[C@H](Nc1ncc(F)c(Nc2cc([nH]n2)N(C)C)n1)c3ncc(F)cn3,1.98,2.006271893084599,0.026271893084599096
2876,train,C[C@@H](Oc1cccc2ncnc(Nc3ccc(Oc4ccc(C)nc4)c(C)c3)c12)C(=O)N5CCOCC5,4.14,4.20106947927946,0.06106947927946038
4184,train,NCC(O)(c1ccc(Cl)cc1)c2ccc(Cl)cc2,2.69,1.9624879353516647,-0.7275120646483353
1959,train,O[C@@H](CNCCc1ccc(NC[C@H](O)c2ccccc2)cc1)c3ccc(O)c(NC=O)c3,0.02,0.3321317199589282,0.3121317199589282
250,train,Fc1ccc(SC2=NN3C=NC(=O)C(=C3C=C2)c4c(Cl)cccc4Cl)c(F)c1,2.74,2.7856981782995867,0.045698178299586445
254,train,COc1ccc2ncc(F)c(CCN3CCC(CC3)NCc4cc5OCCOc5cn4)c2n1,1.46,1.7703770363649047,0.31037703636490477
2194,train,CC(=O)Nc1ccc2ccn(c3cc(NC4CC4)n5ncc(C#N)c5n3)c2c1,3.29,2.926440202295967,-0.363559797704033
3597,train,OC(=O)c1ccc(cc1)n2ncc(C(=O)NC3C4CC5CC(CC3C5)C4)c2C6CCC6,1.33,1.340588294732987,0.010588294732986947
4198,train,Clc1ccc2ncccc2c1C(=O)NCC3CCCCC3,2.65,2.8971352338127385,0.2471352338127386
1674,train,CCN(CC)C(=O)c1ccc(cc1)C(=C2CCN(Cc3ccc(F)cc3)CC2)c4ccccn4,3.28,3.225608334056896,-0.05439166594310363
3382,train,O=C1C=C(N=C2N1C=Cc3ccccc23)N4CCOCC4,2.78,2.600767895092984,-0.1792321049070158
209,train,Cc1ccc(cc1)c2cccc(c2)c3nn[nH]n3,1.3,1.542284439286593,0.24228443928659305
3666,train,O[C@H](CNC(=O)c1c[nH]nc1C2CC2)CN3CCC(CC3)Oc4ccc(Cl)c(Cl)c4,3.15,3.2629873126600084,0.1129873126600085
3667,train,CCOc1noc2cc(OCCC3CCN(CC3)c4ccc(C)nn4)ccc12,4.23,4.301986311123256,0.07198631112325593
1926,train,CN(C)CC(O)COc1ccc(Nc2cc(Nc3ccc(F)cc3F)ncn2)cc1,1.48,1.6585499501834482,0.17854995018344821
3613,train,COc1cc(Nc2c(cnc3cc(OC)c(OC)cc23)C#N)cc(OC)c1,3.5,3.438133545911513,-0.06186645408848701
2730,train,COc1cc2N(CCN3CCC(CC3)NCc4cc5OCCOc5cn4)C(=O)C=Cc2cn1,0.68,0.6202841929593326,-0.05971580704066748
840,train,ON=Cc1oc(cc1)[N+](=O)[O-],1.31,1.3224462446350445,0.012446244635044401
47,train,CC(C)c1ccc2Oc3nc(N)c(cc3C(=O)c2c1)C(=O)O,1.1,0.8815734692769268,-0.21842653072307328
2138,train,NC(=O)c1sc(cc1NS(=O)(=O)c2ccc(cc2)C(F)(F)F)c3ccsc3,2.39,2.2245360355361554,-0.1654639644638447
3637,train,CN1C(=O)N(Cc2ccc(cc2)C(=O)O)C(=O)c3cc(ccc13)C#CCc4ccccc4,2.5,2.438452964295623,-0.06154703570437681
2334,train,Clc1cccc2[nH]ncc12,2.5,2.515949049374716,0.015949049374715862
3625,train,CC(C)N(CCNCCc1ccc(O)c2NC(=O)Sc12)C(=O)CCOCCc3ccccc3,2.33,2.0936500028956595,-0.23634999710434057
3805,train,COc1cccc(c1)[C@@H](C)NCCCc2ccccc2Cl,3.0,3.018573206381834,0.018573206381833796
710,train,C[C@H](Nc1nc(Nc2cc(C)[nH]n2)cc(n1)N3CCOCC3)c4ncc(F)cn4,1.91,1.79433510799662,-0.11566489200337982
4119,train,Cc1ccnc(NCc2ccccc2O)c1,3.35,3.1687714322403044,-0.18122856775969565
2399,train,CC(C)C(NC(=O)CN1C(=O)C(=CN=C1c2cccs2)NC(=O)OCC(F)(F)F)C(=O)C(F)(F)F,2.32,2.072848832931619,-0.24715116706838103
154,train,Nc1ccc(cc1)S(=O)(=O)Nc2nccs2,-0.37,-0.2031215844347578,0.1668784155652422
951,train,COc1ccc(cc1)c2ccnc(N)n2,2.08,2.08303170419648,0.003031704196479801
1143,train,COc1cc(Nc2nc(N[C@@H](C)c3ncc(F)cn3)ncc2Cl)n[nH]1,2.53,2.5537130928175817,0.023713092817581938
628,train,NC(=N)NCCC[C@H](NC(=O)COCC(c1ccccc1)c2ccccc2)C(=O)O,0.18,0.16789743296382076,-0.012102567036179235
306,train,Clc1ccc(cc1)C2(CCCC2)C(=O)Nc3oc(nn3)C(=O)Nc4ccc(cc4)N5CCOCC5,3.72,3.3524005503987135,-0.36759944960128665
2455,train,CCN(CC)C(=O)c1ccc2[nH]c(c(CCNCCCCc3ccncc3)c2c1)c4cc(C)cc(C)c4,3.3,3.3390931251210834,0.03909312512108354
29,train,CNC1=Nc2ncccc2C(=NC1c3cccs3)c4occn4,1.14,1.2149410307920658,0.07494103079206593
1855,train,NC1=NC(=O)N(C=C1)[C@@H]2O[C@H](CO)[C@@H](O)C2(F)F,-1.5,-1.2169342384966075,0.28306576150339247
69,train,Clc1cccc2cn[nH]c12,2.33,2.504844539347523,0.17484453934752286
2048,train,O=S1NC(=NO1)Cc2ccc3ccccc3c2,1.85,2.2702177749363197,0.4202177749363196
4097,train,COc1cc(c2nc(cc(n2)C3(CC3)S(=O)(=O)C)N4CCOCC4)c5cc[nH]c5c1,2.4,2.629803233361125,0.22980323336112507
3529,train,C[C@@](O)(C(=O)Nc1ccc(cc1Cl)C(=O)N2CCCCC2)C(F)(F)F,2.62,2.715389197985253,0.09538919798525303
2760,train,CNC(=O)c1ccc(Nc2ncc(F)c(n2)c3cnc(C)n3C(C)C)cc1F,3.31,3.1597444695374275,-0.15025553046257256
1358,train,COc1ccc(Nc2nccc(n2)c3cnc(C)n3C(C)C)cc1,3.43,3.494368981597737,0.06436898159773685
1725,train,COc1ccc2nc(NC(=O)CCc3ccc(OC)c(OC)c3)sc2c1,3.57,3.5635887029817503,-0.0064112970182494955
718,train,CC(=O)NC[C@H]1CN(C(=O)O1)c2ccc(N3CCOCC3)c(F)c2,0.67,1.1313311500423762,0.4613311500423761
2538,train,COc1ccc2NC(=O)C(NC(=O)c3ccccc3OC)N=C(c4ccccc4)c2c1,3.8,3.573643011160324,-0.22635698883967592
2109,train,NC(Cc1ccccc1)c2ccccc2,1.32,1.475642276906907,0.15564227690690702
3976,train,C[C@H](CO)Nc1nc(SCc2ccccc2F)nc3NC(=O)Sc13,3.0,3.0581947323477023,0.05819473234770234
2976,train,NC1=NC(=CC(=O)N1)CCc2cccc(Br)c2,2.52,2.6000668889952725,0.08006688899527248
3541,train,CNc1nc2nc(SCc3cccc(F)c3F)nc(N[C@H](C)CO)c2s1,3.7,3.3418220685321236,-0.3581779314678766
2631,train,Clc1ccc(NC(=O)N2CCN(C[C@H]3CN(CCO3)C4CC4)CC2)cc1Cl,3.32,2.9916030435340035,-0.3283969564659963
3277,train,COc1ccc(cc1OC)c2csc(NC(=O)c3c(C)onc3C)n2,3.16,3.3251913982272527,0.1651913982272526
772,train,Cc1ccsc1CN2NC(=O)C3=C(C2=O)C(=O)c4ccc(Cl)cc4N3,1.15,1.2364669835229325,0.08646698352293258
3935,train,O=C1N2C=CC=CC2=Nc3ccccc13,2.1,1.976354770676148,-0.12364522932385213
3128,train,CN1CCN(CC1)c2ccc3N=CN(C(=O)c3c2)c4cc(NC(=O)c5cccnc5)ccc4C,1.5,1.595694611982931,0.09569461198293094
787,train,CN(C)CCNCc1ccc(Nc2ncc3cc(ccc3n2)c4ccncc4)cc1,1.4,1.560950207193169,0.160950207193169
4059,train,CN(C)C(=O)C(CCN1CCC(O)(CC1)c2ccc(Cl)cc2)(c3ccccc3)c4ccccc4,3.47,2.876411320933868,-0.5935886790661322
2396,train,Fc1cnc(NC(=O)C(CC2CCOCC2)c3ccc(cc3)S(=O)(=O)C4CC4)s1,3.3,3.236140588223268,-0.06385941177673171
1386,train,CC(C)n1c(C)ncc1c2nc(Nc3ccc(cc3)N4CC(C4)NC(=O)C)ncc2F,2.76,2.7788777120581365,0.01887771205813671
1531,train,C[C@H](N1CCC[C@@H](C1)N2C=C(C)C(=O)NC2=O)c3ccc(C(=O)O)c(Oc4cccc(Cl)c4)c3,-0.26,-0.20251476758697873,0.05748523241302128
296,train,CC(C)C(=O)Nc1nc(cc2ccccc12)c3ccccn3,2.7,3.109130044526863,0.40913004452686286
573,train,O[C@@H](CNCCc1ccc(CNCCc2ccccc2F)cc1)c3ccc(O)c4NC(=O)Sc34,1.3,1.044723305416197,-0.255276694583803
535,train,CN(C)CCOc1cc(NS(=O)(=O)c2c(Cl)cc(cc2Cl)C(F)(F)F)ccc1Cl,2.99,2.8296678591698883,-0.16033214083011194
4104,train,CCN1CCCC1CNC(=O)c2cc(ccc2OC)S(=O)(=O)N,-1.2,-0.7337264677494328,0.4662735322505671
2375,train,CC(C)OC(=O)N1CC2COCC(C1)C2Oc3ncnc(Oc4cccnc4C)c3C,3.1,3.384229328091479,0.2842293280914787
663,train,CCn1c(C)ncc1c2ccnc(Nc3ccc(cc3)C(=O)NC)n2,2.53,2.3577957382138837,-0.17220426178611614
372,train,Cc1cccc(Nc2ccccc2C(=O)O)c1C,1.89,1.724394622386708,-0.16560537761329197
212,train,CCCCCC[C@H]1OC(=O)CNC(=O)[C@H](NC(=O)[C@H](CO)NC(=O)[C@@H](NC(=O)[C@H](CC(C)C)N(C)C(=O)[C@@H]1C)[C@H](C)CC)[C@H](C)O,3.2,3.0188363906644526,-0.18116360933554754
928,train,Cn1cnc(c2ccccc2)c1C#Cc3ccnc(N)n3,2.94,2.3736303804068903,-0.5663696195931096
634,train,OCCNCc1cc(Br)ccc1OCc2ccc(Cl)cc2,2.98,2.9363117931730955,-0.04368820682690444
2401,train,CCCc1c(O)c(ccc1OCCCOc2ccc3C(=O)C=C(Oc3c2CCC)C(=O)O)C(=O)C,3.0,2.887691534677896,-0.11230846532210403
4154,train,CC1(CC(=O)NC(=N1)N)c2ccccc2,0.62,0.4731221295506498,-0.1468778704493502
2929,train,CC(C)CN1C(=O)N(C)C(=O)c2c1sc(Cc3ccccc3C(F)(F)F)c2C(=O)N4CCCC4,3.8,3.628434019456113,-0.17156598054388672
2722,train,COc1cc2ncc(C(=O)N)c(Nc3cccc(Cl)c3Cl)c2cc1OC,3.4,3.6538854968863737,0.25388549688637374
4040,train,CC(C)CNc1nc(nc(N2CCN(CC2)C(=O)C)c1N)C#N,2.4,2.3928853558834438,-0.007114644116556157
3521,train,c1ccc2[nH]c(nc2c1)c3cscn3,2.35,2.3527016999473025,0.002701699947302405
1119,train,CC(C)NCC(O)COc1ccccc1CC=C,0.99,0.5667231207490837,-0.4232768792509163
2179,train,COc1cc2ncnc(Nc3cccc(Cl)c3F)c2cc1OC4CCN(CC4)S(=O)(=O)C,2.82,2.9254290051269125,0.10542900512691267
2054,train,Cc1ccnc(NCc2ccccc2)c1,3.08,3.1847106900093207,0.10471069000932065
3347,train,COc1cc2CC[C@H](NC(=O)C)c3cc(O)ccc3c2c(OC)c1OC,1.81,1.5977338062035933,-0.21226619379640677
66,train,CO[C@@H]1CC[C@@]2(CC1)Cc3ccc(OCC(C)C)cc3C24N=C(C)C(=N4)N,3.4,3.2112410603323323,-0.18875893966766766
1654,train,CCCCSc1nc(N)c2ncn(Cc3c(F)ccc(C)c3F)c2n1,3.0,3.1318764827637176,0.13187648276371755
3609,train,O[C@@H](CNCCc1cccc(CNCc2ccccc2Cl)c1)c3ccc(O)c4NC(=O)Sc34,1.85,1.7014021010105098,-0.14859789898949027
2617,train,CC(C)CN1C(=O)N(C)C(=O)c2c1sc(Cc3ccccc3C(F)(F)F)c2S(=O)(=O)N4CC[C@@H](O)C4,3.32,3.2520086279765446,-0.06799137202345529
1485,train,CC1(COc2cc(ccc2NC(=O)CN3CCOCC3)c4cccc5C(=O)C=C(Oc45)N6CCOCC6)COC1,2.2,2.416775968732047,0.21677596873204674
1005,train,C[C@H](Nc1nc(Nc2ncc(C#N)s2)cc(n1)N3CCOCC3)c4ncc(F)cn4,2.26,2.616852408665621,0.3568524086656213
1228,train,OC(=O)Cc1csc(n1)c2ccc(Cl)cc2,-0.22,0.2144491654374312,0.4344491654374312
2922,train,COc1ccc(cc1CO)c2ccc3c(nc(nc3n2)N4C[C@@H](C)O[C@@H](C)C4)N5CCOCC5,3.25,2.785708440995964,-0.4642915590040362
1954,train,Cc1nc(C)c(nc1C(=O)N)c2ccc([C@@H]3CC[C@H](CC(=O)O)CC3)c(F)c2,1.2,1.321887359049433,0.12188735904943315
3610,train,CC(C)CC(N(C)C)C1(CCC1)c2ccc(Cl)cc2,3.6,3.562897361599868,-0.03710263840013228
331,train,CCOc1cc2nccc(Oc3cnc(CC(=O)Nc4n[nH]c(CC)c4C)c(OC)c3)c2cc1OC,3.29,3.1302742507733465,-0.1597257492266535
3384,train,CC(C)Oc1cc(ccc1NC(=O)CN2CCOCC2)c3cccc4C(=O)C=C(Oc34)N5CCOCC5,3.0,2.6179858568794074,-0.38201414312059256
2875,train,OC(=O)CCc1oc(c2ccccc2)c(n1)c3ccccc3,1.2,1.2273058147853213,0.027305814785321347
260,train,OC(=O)COc1ccc(cc1CN2CCN(CC2)S(=O)(=O)c3ccccc3)C(F)(F)F,0.4,0.3764248817713587,-0.023575118228641334
2874,train,CC(C)n1c(C)ncc1c2ccnc(Nc3ccc(cc3)N4CCN(CC4)S(=O)(=O)C)n2,2.57,2.6831264663953656,0.11312646639536572
3312,train,OC(=O)c1cc2cc(ccc2n1Cc3ccc(Cl)c(Cl)c3)C(F)(F)F,3.07,2.9095331351105482,-0.1604668648894516
2337,train,C[C@@H]1CN(Cc2ccc(F)cc2)CCN1C(=O)COc3ccc(Cl)cc3NC(=O)N,1.91,2.1319774477634708,0.22197744776347084
3129,train,COc1ccc(cc1CO)c2ccc3c(nc(nc3n2)n4ccnc4)N5CCOC[C@@H]5C,2.6,2.5552398841939468,-0.044760115806053324
1834,train,CC[C@H](NC(=O)c1c([S+](C)[O-])c(nc2ccccc12)c3cccs3)c4ccccc4,3.56,3.4424479251458004,-0.1175520748541996
3094,train,CC(C)CN1C(=O)N(C)C(=O)c2c1sc(Cn3c(C)nc4ccccc34)c2C(=O)N5CC[C@@H](O)C5,1.34,1.6608086749063038,0.3208086749063037
2206,train,Oc1ccc(cc1)C2=Cc3cccc(O)c3OC2=O,2.8,2.948461638040671,0.14846163804067114
478,train,CNC(=O)c1ccc(CCC(COc2ccc(cc2)c3cccc(c3)[N+](=O)[O-])N4C(=O)CSC4=O)cc1,3.5,3.247170289187773,-0.25282971081222705
600,train,CN(C)c1ccc(cc1)S(=O)(=O)NC(=O)N2CCC(CC2)N3CCC(CC3)Oc4ccc(Cl)c(C)c4Cl,2.0,2.0273624186405796,0.027362418640579644
778,train,NC(=O)c1cnc(N[C@H]2CCCNC2)c3cc(sc13)c4ccncc4,0.77,0.7899921710431765,0.01999217104317652
3208,train,COc1cc(ccc1Nc2ncc(Cl)c(n2)c3cnc4ccccn34)C(=O)N5CCOCC5,3.4,3.3277919368479756,-0.07220806315202433
1097,train,COc1ccc2cc(ccc2c1)C(C)C(=O)O,0.23,0.15085065596364444,-0.07914934403635557
702,train,CN[C@@H](C)C(=O)N[C@H](C(=O)N[C@H]1CCCN(CCc2ccc(cc2)C(F)(F)F)C1)C(C)(C)C,2.85,2.541269443318018,-0.308730556681982
54,train,C[C@H](NC(=O)c1c(C)nn(C2CCCC2)c1NS(=O)(=O)c3ccc(C)cc3)C(C)(C)C,2.0,1.6887770405293652,-0.31122295947063483
2885,train,NC(=O)Nc1cc(sc1C(=O)N[C@H]2CCCNC2)c3ccc(cc3)C#N,0.61,1.089178803787835,0.47917880378783495
3097,train,OC(=O)c1[nH]c2cc(Cl)cc(Cl)c2c1\C=C\3/CCN(C3=O)c4ccccc4,1.85,1.9111176952639852,0.06111769526398514
2002,train,Cc1[nH]c(C(=O)NC2CCN(CC2)c3cc(cc(Cl)n3)C(=O)O)c(Cl)c1Cl,1.74,1.8467351893074195,0.10673518930741954
725,train,CCC(C)(C)C(=O)O[C@H]1C[C@@H](C)C=C2C=C[C@H](C)[C@H](CC[C@@H]3C[C@@H](O)CC(=O)O3)[C@@H]12,3.7,3.5030828702904517,-0.19691712970954844
20,train,CC(C)(CCCCCOCCc1ccccc1)NCCc2ccc(O)c3nc(O)sc23,2.92,2.880192268618847,-0.03980773138115312
1383,train,C[C@@H](C[C@@](C)(CS(=O)(=O)N1CCN(CCc2ccc(Cl)cc2Cl)CC1)N(O)C=O)c3ncc(F)cn3,3.27,3.345489409902622,0.07548940990262176
3223,train,Cc1ccc(NC(=O)C=C)cc1,2.25,2.299988720786152,0.04998872078615202
1047,train,CS(=O)(=O)C1(CC1)c2cc(nc(n2)c3ccccc3)N4CCOCC4,2.6,2.2149361781309675,-0.38506382186903254
2573,train,Cc1ccccc1N2C(=Nc3cccc(C)c3C2=O)Cn4cnc5c(N)ncnc45,2.6,2.671816310001611,0.0718163100016107
312,train,CCOc1ccc2oc(C(=O)NC(CCSC)c3nc4ncccc4[nH]3)c(C)c2c1,4.23,4.085369519527283,-0.14463048047271698
2463,train,Cc1ccc(cc1)S(=O)(=O)N2N=Cc3ccccc3B2O,0.05,0.2834785531328472,0.2334785531328472
3740,train,CC(Nc1ccccc1)C2=CC(=CN3C(=O)C=C(N=C23)N4CCOCC4)C,3.6,3.5870751613450604,-0.012924838654939652
2294,train,CN1CCN(CC1)C(=O)c2cc(CC3=NNC(=O)c4ccccc34)ccc2F,1.03,0.9840494791990977,-0.04595052080090234
3949,train,O=C(Nc1cc(ccn1)c2ccnc(Nc3ccccc3)c2)C4CCOCC4,3.7,3.460162678348244,-0.23983732165175597
1274,train,CC1(C)[C@@H]2CC[C@@]1(CS(=O)(=O)N3CCN(CC3)c4ccc(cn4)C#N)C(=O)C2,2.46,2.5999515039987857,0.13995150399878575
3707,train,Cn1c2ccccc2c3cc(NC(=O)CCc4ccncc4)ccc13,3.8,3.597448761478854,-0.20255123852114565
2907,train,NCC[C@@H](Oc1nc(ccc1C#N)C(F)(F)F)c2oncc2,-0.49,-0.2469691094118338,0.24303089058816618
369,train,Clc1ccc(O[C@H]2CCCNC2)cc1C(=O)NCC34CC5CC(CC(C5)C3)C4,2.18,1.9697290117835795,-0.21027098821642065
781,train,C[C@@H]1CN(Cc2ccc(F)cc2)[C@@H](C)CN1C(=O)c3cc4c(cn(C)c4cc3Cl)C(=O)C(=O)N(C)C,3.6,3.5112024340062225,-0.08879756599377764
3733,train,O=C(N1CCC1)c2ccc(cc2)C(=C3CCN(Cc4cscn4)CC3)c5cccc6cccnc56,2.52,2.4572068142983183,-0.06279318570168169
397,train,NCC[C@@H](Oc1cc(Cl)ccc1C#N)c2ccccc2,0.76,0.5106969943861521,-0.24930300561384788
192,train,CCCSc1nc(N[C@@H]2C[C@H]2c3ccccc3)c4nnn([C@@H]5C[C@H](O)[C@@H](O)[C@H]5O)c4n1,3.97,3.553297641977358,-0.4167023580226421
3293,train,O[C@@H](CNCCc1cccc(CNCCCc2ccccc2)c1)c3ccc(O)c4NC(=O)Sc34,1.11,1.1813402388103933,0.0713402388103932
4049,train,OC(=O)COc1ccc(Cl)cc1CN2CCN(CC2)S(=O)(=O)Cc3ccccc3,0.33,0.4304656713815347,0.10046567138153467
1906,train,CNCC[C@@H](Oc1cc(OC)ccc1C#N)c2ccccc2,0.87,0.6414635622990177,-0.2285364377009823
1319,train,C[C@H]1O[C@H]([C@H](O)[C@@H]1O)n2cnc3c(N)nc(OCC4CCC(F)(F)CC4)nc23,1.72,1.8153819373727376,0.09538193737273759
1623,train,CC(C)(C)c1ccc(cc1)C(O)CCCN2CCC(CC2)C(O)(c3ccccc3)c4ccccc4,3.99,2.8767755725437345,-1.1132244274562657
1973,train,Cc1ccc2c(c1)c(c(C)n2CC(=O)O)c3ccnc4c(cccc34)S(=O)(=O)C,-0.34,0.008953823820236906,0.34895382382023693
1655,train,COc1ccc(cc1CNCCO)c2ccc3c(nc(nc3n2)N4C[C@@H](C)O[C@@H](C)C4)N5CCOCC5,1.31,1.6186857725715398,0.30868577257153973
2660,train,COc1ccc(Nc2cc(Oc3cc(C)c(C)nc3c4ccccn4)ccn2)cc1,3.51,3.2950109427799905,-0.21498905722000927
3550,train,CCN(C1CCN(CCC(c2ccccc2)c3ccc(NC(=O)Cc4ccccc4)cc3)CC1)C(=O)Cc5ccc(cc5)S(=O)(=O)C,3.61,3.438894883393788,-0.17110511660621208
3283,train,CC(C)C[C@H](N[C@@H](c1ccc(cc1)c2ccc(cc2)S(=O)(=O)C)C(F)(F)F)C(=O)NCC#N,3.24,3.1145188794687804,-0.12548112053121985
432,train,O=C1C=C(Oc2c1cccc2c3cccc(c3)c4ccsc4)N5CCOCC5,4.2,3.722527799155942,-0.4774722008440584
2090,train,C[C@H](NC(=O)c1c(C)nn(c1NS(=O)(=O)C2CCCCC2)c3ccccc3)C(C)(C)C,1.75,1.7511923358038661,0.0011923358038661291
277,train,CC1CC(=O)Nc2ccccc2N1,0.56,0.8603530322090691,0.30035303220906906
1396,train,Cc1ccc(cc1)c2ccc(F)cc2COc3ccc(CCC(=O)O)cc3,3.24,3.1552362552954194,-0.08476374470458081
2195,train,CCN1C(=O)N(CC2CC2)c3nn(Cc4ccnc5ccc(Cl)cc45)c(c6cncn6C)c3C1=O,2.87,3.187327217134304,0.317327217134304
3057,train,CN1CCN(CC1)c2ccc3nc([nH]c3c2)C4=C(N)c5c(F)cccc5NC4=O,3.45,3.2440196024295744,-0.20598039757042574
2686,train,O[C@H](CNC(=O)c1cn2cc(F)ccc2n1)CN3CCC(CC3)Oc4ccc(Cl)c(Cl)c4,3.33,3.2545453695137594,-0.07545463048624068
2475,train,Clc1ccc(cc1)C2CCN(CC2)C(=O)COCc3ccncc3,2.74,2.7953928821226834,0.05539288212268323
2274,train,CN(C)CCCNS(=O)(=O)c1ccc(Nc2nccc(n2)c3cnc4ccccn34)cc1,1.9,1.7704280566243726,-0.12957194337562727
2226,train,NC1(CCN(CC1)c2ncnc3[nH]ccc23)C(=O)NC(CCCN4CCCC4)c5ccc(Cl)cc5,1.3,1.969725046220422,0.6697250462204221
4021,train,Cc1ccc2c(c1)c(c(C)n2CC(=O)O)c3ccnc4c(C)cccc34,1.29,0.9235086855944767,-0.3664913144055233
468,train,Oc1ccc(cc1)S(=O)(=O)Nc2nccs2,0.36,0.5133404753213535,0.15334047532135353
125,train,NC1(CCN(CC1)c2ncnc3[nH]ccc23)C(=O)NCc4ccc(Cl)cc4,2.88,2.536650819600878,-0.34334918039912177
1360,train,Clc1cnc(cc1C(=O)NCC23CC4CC(CC(C4)C2)C3)N5CCNCC5,2.09,1.7762074707767397,-0.3137925292232602
2658,train,O=S(=O)(Nc1ccc(cc1)S(=O)(=O)Nc2nccs2)c3ccc4OCCOc4c3,1.97,1.839097021301334,-0.13090297869866596
3828,train,Cc1cc(CN2Cc3ccccc3C2C(=O)Nc4cc(Cl)ccc4Cl)ccc1OCC(=O)O,2.19,2.2096082709010325,0.019608270901032565
2184,train,CC(C)(C)CNc1nc(nc(N2CCOCC2)c1N)C#N,3.08,2.6907133616576444,-0.38928663834235566
3658,train,Clc1ccc(Cl)c(c1)S(=O)(=O)Nc2nc(cs2)c3sccc3Cl,2.11,1.736730866457086,-0.3732691335429139
2349,train,NC(=O)c1cc(C(=O)N)n(n1)c2cccc(c2)c3cc(ccc3C(F)(F)F)C(F)(F)F,3.4,3.3527753846851565,-0.047224615314843454
1026,train,CCN(C1CCN(CC[C@H](C2CCN(CC2)S(=O)(=O)C)c3cc(C)cc(C)c3)CC1)C(=O)Cc4ccc(cc4)S(=O)(=O)C,1.93,1.659699305879479,-0.27030069412052105
1330,train,CC(C)N=C1C=C2N(c3ccc(Cl)cc3)c4ccccc4N=C2C=C1Nc5ccc(Cl)cc5,3.17,3.318784390992173,0.1487843909921729
1108,train,CCCN(CCC)C(=O)c1cccc(c1)C(=O)N[C@@H](Cc2ccccc2)[C@H](O)CNCc3cccc(OC)c3,2.7,2.7673329066825674,0.0673329066825672
2309,train,CC[C@H](NC(=O)c1c([S+](C)[O-])c(nc2cc(Cl)ccc12)c3ccccc3)c4ccccc4,3.07,3.1240824676558194,0.05408246765581959
4149,train,CC(C)N1CCC[C@H](CN2C(=Nc3ccc(Oc4ccc(F)cc4)cc3C2=O)C)C1,2.4,2.4692385891937243,0.06923858919372439
1200,train,NC1(CCC1)c2ccc(cc2)c3ncc4nccn4c3c5ccccc5,1.3,1.6221024423202555,0.3221024423202554
3292,train,COc1nc(Cl)cnc1NS(=O)(=O)c2cccc3c(cccc23)N(C)C,1.74,1.8109049934780221,0.07090499347802215
320,train,COc1cc(ccc1Nc2ncc(Cl)c(n2)c3cnc4c(F)cc(F)cn34)N5CCN(CC5)C(=O)C,3.2,3.534094426409233,0.3340944264092327
708,train,C[C@H]1CN(Cc2cc(Cl)ccc2OCC(=O)O)CCN1C(=O)Cc3ccc(Cl)cc3,1.21,0.7350121644430805,-0.4749878355569195
2516,train,O=C(N1CCOCC1)N2CCn3cc(C4=C(C(=O)NC4=O)c5cnc6ccccn56)c7cccc(C2)c37,1.79,1.8484001518598923,0.058400151859892224
3718,train,CC(C)N1CCO[C@@H](CN2CCN(CC2)C(=O)Nc3ccc(Cl)c(Cl)c3)C1,2.77,2.502429352862093,-0.2675706471379069
3892,train,OC(=O)CCc1ccc(OCc2cccc(Oc3ccccc3)c2)cc1,2.47,2.283472706986887,-0.18652729301311322
3928,train,COCCNc1nc(nc(NCC(C)C)c1N)C#N,2.8,2.6747031972366813,-0.12529680276331856
2842,train,Cc1ccc(cc1)c2cc(nn2c3ccc(cc3)S(=O)(=O)N)C(F)(F)F,3.42,3.106391626123259,-0.313608373876741
3504,train,Cc1ccc(CNC(=O)C2CCCN2S(=O)(=O)c3ccc(F)cc3)cc1,2.9,2.7215320640568352,-0.17846793594316468
3842,train,Cc1[nH]c2ccccc2c1CCNCc3ccc(\C=C\C(=O)NO)cc3,1.1,1.2485072881658315,0.14850728816583136
1779,train,CC1=CN(Cc2ccccc2)C(=O)NC1=O,1.19,1.359220160871362,0.16922016087136216
824,train,Cc1cc(O[C@H]2C[C@H]3CC[C@@H](C2)N3Cc4ccccc4)cc(c1)C(=O)N,2.08,2.168354486370199,0.08835448637019905
3833,train,CN(CCOc1ccccc1c2cc(C(=O)N)c(NC(=O)N)s2)Cc3ccccc3,3.46,3.1709317829485473,-0.2890682170514527
2820,train,Clc1cccc(c1)c2cnc3ccc(NC4CCOCC4)nn23,4.3,4.0956729530900216,-0.20432704690997827
1942,train,CCC[C@H](CO)Nc1nc(S[C@@H](C)c2cccc(c2)C#N)nc3NC(=O)Sc13,3.7,3.7545958028866724,0.05459580288667221
2163,train,Clc1ccc(cc1C(=O)NCC23CC4CC(CC(C4)C2)C3)N5N=CC(=O)NC5=O,2.1,2.1271210153964595,0.02712101539645939
3581,train,Cc1cccc(CN2C=CN3C(=O)C=C(N=C23)N4CCOCC4)c1,2.8,2.543750031128647,-0.2562499688713529
2141,train,CS(=O)(=O)c1ccc2OCC(=O)N(CCN3CCC(CC3)NCc4ccc5OCC(=O)Nc5n4)c2c1,-0.51,-0.26676290056681706,0.24323709943318295
87,train,C[C@H]1CN(Cc2cc(Cl)ccc2OCC(=O)O)CCN1C(=O)Cc3ccccc3,0.18,0.6544677946182853,0.4744677946182853
382,train,c1ccc(cc1)c2nnc(s2)c3ccccc3,4.2,3.1707765698349664,-1.0292234301650338
1468,train,ON(C=O)C1(CS(=O)(=O)N2CCN(CC2)c3ccc(F)cc3)CCC1,1.34,1.2089551941637202,-0.13104480583627987
3392,train,CC(C)(C)NC(=O)C(N(Cc1occc1)C(=O)c2ccc([nH]2)c3ccccc3)c4ccncc4,4.13,3.968953837871494,-0.16104616212850598
4093,train,O=C(NC1CC1)c2cc(on2)c3cccs3,2.54,2.305243493680462,-0.23475650631953782
912,train,NC1CCN(CC1)c2nccc(C(=O)NCC34CC5CC(CC(C5)C3)C4)c2Cl,1.19,1.5662911452924668,0.3762911452924669
3991,train,Nc1ncnc2sc(nc12)c3c(ncn3Cc4ccccc4N5CCOCC5)c6ccccc6,3.58,3.4096322409860145,-0.1703677590139856
485,train,Nc1nccc(n1)c2ccccc2,2.0,2.1620110045979644,0.16201100459796436
2774,train,C[C@H]1COCCN1c2nc(N3CCOC[C@@H]3C)c4ccc(nc4n2)c5cccc(c5)C(=O)NCCO,2.49,2.404652931690534,-0.08534706830946615
726,train,C[C@H]1CN(Cc2cc(Cl)ccc2OCC(=O)O)CCN1C(=O)Cc3ccccc3Cl,1.1,1.304392748870584,0.2043927488705839
2938,train,CC(C)n1c(C)ncc1c2nc(Nc3ccc(C(=O)N(C)C)c(C)c3)ncc2F,2.86,2.867627192685287,0.00762719268528711
2628,train,COc1cc(ccc1Nc2ncc(Cl)c(n2)c3cnc4cc(CO)ccn34)N5CCN(CC5)C(=O)C,3.1,3.0184718080951143,-0.0815281919048858
3170,train,CC(N)Cc1c[nH]c2ccc(OCc3cccs3)cc12,0.48,0.7855312561815564,0.3055312561815564
3851,train,CN1CCN(CC1)c2ccc3N=CN(C(=O)c3c2)c4cc(NC(=O)c5cccc(c5)N6CCOCC6)ccc4C,2.69,2.514896240500922,-0.17510375949907786
2339,train,CC(C)n1c(C)ncc1c2ccnc(Nc3ccc(cc3)C#N)n2,3.62,3.469436605994342,-0.15056339400565832
1590,train,COc1cc2c(Nc3ccc(F)c(Cl)c3)c(cnc2cc1OCCCN4CCN(C)CC4)C(=O)N,1.2,2.02586117723279,0.8258611772327902
3517,train,NCC[C@@H](Oc1ccc(Cl)cc1C#N)c2ccccc2,0.91,0.9749967354122326,0.06499673541223261
2716,train,CCN(CC)CCOc1ccc(cc1)C(O)(Cc2ccc(Cl)cc2)c3ccc(C)cc3,3.98,4.184380156703586,0.2043801567035861
1085,train,C[C@H](NC(=O)c1cccc2CCN(Cc3ccc(Cl)cc3)c12)c4ccc(cc4)C(=O)O,1.47,1.5898405163120093,0.11984051631200932
1385,train,Cc1ccc2c(c1)c(Sc3ccccc3)c(CC(=O)O)n2C,1.74,2.024164148129633,0.28416414812963287
1467,train,CC1=NC(=C(NC1=O)c2ccc(CN3CCC(CC3)N4C(=O)Nc5ccccc45)cc2)c6ccccc6,3.9,3.647845499328059,-0.2521545006719408
4175,train,CC(C)(C)OC(=O)N1CCN(CC1)c2ncc(OCc3ccc(cc3)S(=O)(=O)C)nn2,2.93,3.0790542125181246,0.14905421251812445
1812,train,CC(C)C(NC(=O)CN1C(=O)C(=CN=C1c2ccccc2)NC(=O)OCc3ccccc3)C(=O)C(F)(F)F,2.12,2.4894346867241004,0.3694346867241003
522,train,C[C@@H](NC1=CC(=O)NCC1)c2ccc(Nc3ncc4cc(ccc4n3)c5ccncc5)cc2,3.02,3.0162511261907126,-0.0037488738092874563
2815,train,Clc1ccc(NCCNCC(=O)N2CCC[C@H]2C#N)nc1,0.99,0.956054295587119,-0.03394570441288103
3791,train,CCc1nn(C2CCCC2)c3c1CCn4c(nnc34)c5cccs5,3.6,3.456152094390552,-0.14384790560944793
2181,train,CNS(=O)(=O)CCc1ccc2[nH]cc(C3CCN(C)CC3)c2c1,0.48,0.5273499182150554,0.04734991821505541
1697,train,CS(=O)(=O)c1ccc(C(=O)Nc2ccc(Cl)c(c2)c3ccccn3)c(Cl)c1,2.84,2.6987402068592985,-0.14125979314070136
4115,train,Cc1c(Sc2ccc(Cl)cc2)c3c(C#N)c(Cl)ccc3n1CC(=O)O,1.6,1.632435645109295,0.032435645109294864
2303,train,Cc1cccc(NS(=O)(=O)c2cccc3nonc23)c1,3.0,2.7664690763490176,-0.23353092365098238
1743,train,Clc1ccc2NC(=O)CN(C(c3ccccc3)c2c1)C(=O)c4occc4,3.0,2.7199550051872254,-0.28004499481277456
3888,train,COc1ccc(cc1OC)C(=O)Nc2cccc(NC(=O)c3cccc(c3)N(C)C)c2,3.67,2.935845861147722,-0.7341541388522779
2602,train,CC(C)(C)OC(=O)N1CCC(CC1)OCc2onc(n2)c3ccncc3,3.0,2.865985145385466,-0.13401485461453388
2202,train,OC(=O)[C@H](Cc1ccccc1F)N2CCC(CN3CCC(CC3)Oc4ccc(Cl)c(Cl)c4)CC2,2.58,2.664316540360999,0.08431654036099889
2310,train,Fc1ccc(cc1)C(NC(=O)CC2CCN(Cc3ccn(c3)c4ccc(cc4)C(F)(F)F)CC2)C5=CNC(=O)C=C5,3.04,3.0615120981484805,0.02151209814848043
1869,train,CN1C(=O)C(=Cc2cnc(NC3CCOCC3)nc12)Oc4ccc(F)cc4F,2.76,2.777609527075092,0.017609527075092224
3169,train,CCCNC(=O)c1nnc2c(cccc2c1N)c3cnccc3OC,2.83,2.9522514868040335,0.12225148680403342
1591,train,Cn1cnc2cc(cnc12)C#Cc3ccccc3,3.5,3.128103735998442,-0.37189626400155795
566,train,CN(C1CCN(Cc2ccc(cn2)C(F)(F)F)CC1)C(=O)Cc3ccc(cc3)n4cnnn4,1.9,2.2965936197748684,0.3965936197748685
2614,train,OC(=O)c1ccccc1Nc2cccc(c2)C(F)(F)F,2.01,1.8822192894425607,-0.12778071055743911
2442,train,CC12NC(Cc3ccccc13)c4ccccc24,1.7,1.8201114312334785,0.12011143123347856
44,train,OC(=O)COc1ccc(cc1c2cc(ccc2F)C#N)C(F)(F)F,-0.16,-0.26890604851749433,-0.10890604851749433
548,train,Nc1cc(nc2c(cnn12)C#N)c3cccs3,2.3,2.0345129678657927,-0.2654870321342071
2251,train,CS(=O)(=O)c1cccc(Nc2nccc(Nc3cccc4OCOc34)n2)c1,2.83,2.978903234367535,0.14890323436753494
2882,train,COCCOc1ccc(cc1)C(=O)Nc2cc(NC(=O)c3cccc(c3)N(C)C)ccc2C,2.74,2.903606332212945,0.16360633221294485
652,train,CC1(C)Oc2ncnc(N)c2N=C1c3ccc(cc3)[C@@H]4CC[C@@H](CC(=O)O)CC4,1.32,1.3790840858891216,0.05908408588912151
121,train,CN(C1CCN(CCC(c2ccccc2)c3ccccc3)CC1)C(=O)C4CCC4,3.2,3.361251850226225,0.161251850226225
2735,train,OC(=O)COc1cccc(c1)N2CCC(CN3CCC(CC3)Oc4ccc(Cl)c(Cl)c4)CC2,1.99,1.7593150597636025,-0.23068494023639752
3044,train,CCN1C(=O)C=Cc2cnc(Nc3ccc(OC)c(OC)c3)nc12,2.7,2.697536684965387,-0.002463315034613167
1177,train,CN1CCN(CC(=O)Nc2ccc(C3=CC=CN4C(=O)C=C(N=C34)N5CCOCC5)c6sc7ccccc7c26)CC1,2.6,2.51328973197988,-0.08671026802011994
2752,train,CC(NC(=O)C1(N)CCN(CC1)c2ncnc3[nH]ccc23)c4ccccc4,2.17,2.292535604061337,0.12253560406133701
3262,train,C[C@H]1O[C@H]([C@H](O)[C@@H]1O)n2cnc3c(N)nc(OC4CC5CC5C4)nc23,1.66,1.8072219644638672,0.14722196446386726
1374,train,CC(C)C(NC(=O)CN1C(=O)C(=CC=C1c2ccccc2)NC(=O)OCc3ccccn3)C(=O)C(F)(F)F,1.91,1.8241605489480879,-0.08583945105191204
3059,train,COc1cc2ncnc(Nc3cc(NC(=O)c4ccnc(c4)N5CCOCC5)ccc3C)c2cc1OCCN(C(C)C)C(C)C,3.5,3.4361688000854453,-0.06383119991455466
3127,train,COc1ccc(OC)c(c1)C(O)CNC(=O)CN,-0.71,-0.44959373097803823,0.26040626902196173
737,train,OC1(CN2CCC1CC2)C#Cc3ccc(Oc4ccc(cc4)C(=O)NCc5ccncc5)cc3,2.48,2.492277903900297,0.012277903900296927
2234,train,N[C@@H](CC(=O)N1CCn2c(C1)nnc2C(F)(F)F)Cc3cc(F)c(F)cc3F,0.31,0.2694540679570787,-0.040545932042921284
4167,train,CNC(=O)c1cccc(c1c2ccc(CC(C)C)cc2)S(=O)(=O)Nc3ncc(C)nc3OC,1.68,1.7718682758844448,0.0918682758844449
3845,train,NC(=O)c1cnc(N[C@H]2CCCNC2)c3cc(Br)sc13,1.08,0.9472023578930475,-0.13279764210695255
2532,train,OC(=O)c1cc(ccc1O)N=Nc2ccc(cc2)S(=O)(=O)Nc3ccccn3,-0.58,-0.43334892376654555,0.1466510762334544
1023,train,CN1CCC(CC1)(c2cc(nc(n2)c3cccc4[nH]ccc34)N5CCOCC5)S(=O)(=O)C,1.9,1.9185184727729518,0.018518472772951933
1101,train,CN(C)CCOC(C)(c1ccccc1)c2ccccn2,-0.2,0.514343469669386,0.714343469669386
1492,train,Cc1ccc(NC(=O)c2cccc(c2)C(F)(F)F)cc1NC(=O)c3cccnc3,3.11,2.9507966047967304,-0.15920339520326943
3114,train,OC(=O)[C@H](Cc1cccc(OCCCNc2ccccn2)c1)NC(=O)c3c(Cl)cccc3Cl,0.16,0.31319964899250907,0.15319964899250907
4026,train,CCS(=O)(=O)c1ccc(c(C)c1)c2cc(ccc2CCC(=O)O)C(F)(F)F,0.76,0.7978533000912209,0.0378533000912209
1894,train,F[C@H]1CN(CCN2C(=O)C=Cc3ccc(cc23)C#N)CC[C@H]1NCc4ccc5OCC(=O)Nc5n4,0.66,0.6164282251745976,-0.04357177482540242
1841,train,Cn1c(ccc1c2ccc3NC(=S)OC(C)(C)c3c2)C#N,3.4,3.50201922570534,0.10201922570534006
2370,train,NC1(CCC1)c2ccc(cc2)c3c(ccc4ccnn34)c5ccccc5,2.9,2.721385418060864,-0.17861458193913604
980,train,Nc1ccccc1NC(=O)c2ccc(cc2)c3ncccc3C#N,1.58,1.4858933388693978,-0.09410666113060229
1180,train,CC[C@H](NC(=O)c1c([S+](C)[O-])c(nc2ccccc12)c3ccccc3)c4cccnc4,2.2,2.30013054281889,0.10013054281888989
2233,train,CNC1(C)C2CCC(C2)C1(C)C,-0.84,-0.09018514468165062,0.7498148553183493
3015,train,CCCCc1nc2c(N)nc3ccccc3c2n1Cc4ccccc4,4.17,3.9329535426162994,-0.23704645738370056
685,train,CNc1c(Cl)cnc2[nH]c(nc12)c3ccc(OCCN4CCOCC4)cc3,2.63,2.671682436652975,0.041682436652974886
3425,train,CSc1ccc(cc1)c2nc(c3ccc(F)cc3)c([nH]2)c4ccncc4,2.97,3.2284360934109753,0.25843609341097507
1786,train,CC(=O)N1CCN(CC1)c2ccc(OCC3COC(Cn4ccnc4)(O3)c5ccc(Cl)cc5Cl)cc2,3.7,3.7745647543191643,0.0745647543191641
2883,train,O=C(CSC1=NC2=C(SCC2)C(=O)N1c3ccccc3)Nc4ncc(s4)c5ccccc5,3.95,4.168934283712101,0.21893428371210089
1856,train,CN1C=C(C(=O)c2c(O)cc(O)cc12)c3ccc(O)cc3,2.2,2.16571247821556,-0.034287521784440056
2708,train,Cc1ccc(CN2[C@@H]3CC[C@H]2C[C@@H](C3)Oc4cccc(c4)C(=O)N)s1,2.44,2.2691729536012155,-0.17082704639878443
2646,train,COc1ccc(cc1)c2c(C)[nH]nc2c3ccc(O)cc3O,3.37,3.6140046857859707,0.24400468578597057
2258,train,CC(C)C(NC(=O)CN1C(=O)c2nc(O)nc(O)c2C=C1c3ccccc3)C(=O)C(F)(F)F,1.88,1.7805628765384731,-0.09943712346152678
764,train,OC(=O)c1cccc(c1)C(=O)N2CCC(CC2)N3CCC(CC3)Oc4ccc(Cl)c(Cl)c4,1.23,1.627136845426131,0.39713684542613104
489,train,COc1ccc2[nH]c3CCN(Cc3c2c1)C(=O)[C@@H]4CCCC[C@H]4C(=O)NC5(CC5)C#N,2.4,2.4835571232884566,0.08355712328845666
297,train,Nc1nc(N)c2nc(c(N)nc2n1)c3ccccc3,1.16,1.3460571726614257,0.18605717266142574
811,train,Oc1ccc(CCNCCS(=O)(=O)CCCOCCc2oc3ccccc3c2)c4sc(O)nc14,2.86,2.6658728781583294,-0.19412712184167047
2633,train,NC1=NC(Nc2cccc(F)c12)c3cccs3,0.91,1.2537117683580359,0.34371176835803585
887,train,CN(c1ccccc1)c2ccnc(Nc3cc(cc(c3)N4CCOCC4)N5CCOCC5)n2,3.47,3.089730562158442,-0.3802694378415583
1281,train,CN(C)c1ncnc2nc[nH]c12,0.95,0.47393128131393336,-0.4760687186860666
1832,train,CC(C)C(NC(=O)CN1C(=O)C(=CC=C1c2ccccc2)NS(=O)(=O)c3ccccc3)C(=O)C(F)(F)F,2.26,1.8564465777440022,-0.40355342225599755
3868,train,Nc1ccc2cccc(Nc3ncccn3)c2n1,2.7,2.2024070305460812,-0.49759296945391895
2979,train,CC(=O)C1=C(C)c2cnc(Nc3ccc(cn3)N4CCNCC4)nc2N(C5CCCC5)C1=O,0.8,0.9257614159136747,0.12576141591367462
374,train,CC1CCC(CC(=O)Nc2cccc3ncccc23)CC1,3.56,3.1546363898106096,-0.4053636101893905
4058,train,Cc1nc2nc(NC(=O)c3ccc(F)cc3)nn2c(O)c1Cc4ccccc4,2.2,2.330158773751022,0.1301587737510217
2491,train,CC1(C)CCC(CC1)NC(=O)[C@@H](N)CCC(=O)O,-0.27,-0.5504342453013624,-0.2804342453013624
2753,train,O=C1COc2ccc(CNC3CCN(CCN4C(=O)COc5ccc(cc45)c6occc6)CC3)nc2N1,2.19,1.957136080769963,-0.23286391923003702
3985,train,CC1=CC2=NNC(=O)N2c3cc(ccc13)c4cccnc4,2.72,2.516404067595932,-0.20359593240406815
1889,train,Cc1nnc2CN=C(c3ccccc3Cl)c4cc(Cl)ccc4n12,2.34,2.422420337127943,0.08242033712794328
2855,train,CCOC(=O)c1ccc(OCCC2CCN(CC2)c3ccc(C)nn3)cc1,4.42,3.9140259058367155,-0.5059740941632844
2116,train,Cn1ncc(Cl)c1c2cc(sc2Cl)C(=O)N[C@H](CN)Cc3cccc(F)c3,2.99,2.587493329972634,-0.4025066700273663
1478,train,Oc1ccc(cc1)C2=COc3cc(O)cc(O)c3C2=O,3.06,3.1994597798940756,0.13945977989407554
3106,train,COc1c(C)c2COC(=O)c2c(O)c1C\C=C(/C)\CCC(=O)OCCN3CCOCC3,2.26,1.9873472091409545,-0.27265279085904526
3632,train,CCN(C1CCN(CCC(c2ccccc2)c3ccccc3)CC1)C(=O)Cc4ccc(cc4)S(=O)(=O)N(C)C,3.7,3.4969150202734385,-0.2030849797265617
1608,train,COCCNC(=O)c1ccc(Nc2ncc3cc(ccc3n2)c4cccnc4)cc1,3.11,3.0338576825595363,-0.07614231744046362
1278,train,O=C(NCCCCc1ccccc1)c2ccccc2,3.8,3.2993813980171542,-0.5006186019828456
3907,train,CNc1ncnc2c(CNc3cc(NC(=O)c4ccc5OCCOc5c4)ccc3C)cccc12,4.0,3.816394917312273,-0.1836050826877269
3524,train,COc1ccc2Sc3ccccc3N(C[C@H](C)CN(C)C)c2c1,2.99,3.0235126117993585,0.03351261179935827
313,train,CCOC(=O)C(CCc1ccccc1)NC2CCc3ccccc3N(CC(=O)O)C2=O,-0.2,0.21291634690360572,0.41291634690360574
1907,train,CCc1c(C)nc2sc(C(=O)N)c(N)c2c1C,2.62,2.5994751578264155,-0.020524842173584634
3730,train,CNCCC(Oc1ccccc1OC)c2ccccc2,0.22,0.36620848492738234,0.14620848492738234
525,train,CSc1nc(nn1Cc2ccccc2)c3ccccc3,3.83,3.3112617124443178,-0.5187382875556823
3280,train,CC(C)N1CCN[C@@H](CN2CCN(CC2)C(=O)Nc3ccc(Cl)c(Cl)c3)C1,1.92,1.7297020201060573,-0.1902979798939426
345,train,CN1CCN(CC1)c2cc(F)cc3C(=O)C=C(Nc23)C(=O)Nc4ccc(cc4)N5CCOCC5,2.7,2.67590775666573,-0.02409224333427007
3750,train,COc1ccc2c(Oc3ccc(CC(=O)Nc4n[nH]c(C)c4C)c(OC)c3)ccnc2c1,3.78,3.572901340350139,-0.20709865964986074
1690,train,COC1=CC=C2C(=CC1=O)C(CCc3cc(OC)c(OC)c(OC)c23)NC(=O)C,1.12,1.160062133777421,0.04006213377742096
38,train,COc1ccc2ncc(C#N)c(CCN3CCC(CC3)NCc4cc5SCOc5cn4)c2c1,2.55,2.4220001403861606,-0.1279998596138392
1053,train,COc1cc2nc(nc(N)c2cc1OC)N3CCN(CC3)C(=O)C4CCCO4,0.9,1.0846793341897945,0.18467933418979443
3487,train,CS(=O)(=O)c1ccc(cc1)c2cc(ccc2OCC(=O)O)C(F)(F)F,-0.87,-0.6372330798303025,0.23276692016969747
561,train,CCCCN(CCCC)CCCOC(=O)c1ccc(N)cc1,1.93,1.7230100093331764,-0.20698999066682355
1463,train,CN(C)C(=O)c1ncc(Oc2cc(cc3oc(C)cc23)C(=O)Nc4cnc(C)cn4)cn1,2.1,2.216444625884683,0.11644462588468274
1158,train,CN1CCCC(COc2nccc(Nc3cc(NC(=O)c4ccnc(c4)N5CCOCC5)ccc3C)n2)C1,1.9,1.946634452927594,0.04663445292759416
955,train,CS(=O)(=O)Cc1cc(nc(n1)c2cccc(CO)c2)N3CCOCC3,1.0,1.520029355958636,0.520029355958636
1219,train,Nc1nc(Cl)nc(NCc2ccccc2)n1,2.26,2.355356657615809,0.09535665761580914
1039,train,CCC(=O)NCC[C@@H]1CCc2ccc3OCCc3c12,2.57,2.2095701870101974,-0.3604298129898025
436,train,O=C(NC1(CC1)C#N)[C@@H]2CCCC[C@H]2C(=O)N3CCc4oc5ccccc5c4C3,3.01,3.0311642530104814,0.021164253010481637
3237,train,CC(C)n1c(C)ncc1c2ccnc(Nc3ccc(C(=O)N)c(F)c3)n2,2.8,2.7658531595881777,-0.034146840411822144
4108,train,CC(C)N(C(C)C)c1nnc(N)s1,1.49,1.5002565022075145,0.010256502207514506
2178,train,CN(CCN(C)C(=O)CCOCCc1ccccc1)CCc2ccc(O)c3nc(O)sc23,2.59,2.6259739729048754,0.035973972904875584
2249,train,C[C@H](CO)Nc1nc(SCc2csc(C)n2)nc3NC(=O)Sc13,1.73,1.558411794014935,-0.17158820598506508
3006,train,CC(C)n1c(C)ncc1c2ccnc(Nc3ccc(cc3)C(=O)N(C)C)n2,2.45,2.3985444541801764,-0.05145554581982381
4039,train,CN1CCC(CC1)Oc2cccc3ncnc(Nc4ccc(OCc5cnccn5)c(Cl)c4)c23,3.21,3.1471950143245566,-0.06280498567544335
999,train,COc1ccc2c(c1)cc(C(=O)O)n2Cc3ccc(Cl)c(Cl)c3,1.66,1.7847956384418473,0.12479563844184738
1814,train,NC(=O)c1cncc(O[C@H]2C[C@H]3CC[C@@H](C2)N3Cc4ccccc4)n1,1.1,1.1467819157643406,0.04678191576434054
3175,train,COc1cc(O)c(cc1NC(=O)CCC(=O)O)S(=O)(=O)N2C(C)CCc3ccccc23,-0.27,-0.08201486561427762,0.1879851343857224
2124,train,CS(=O)(=O)c1ccc(s1)C(=O)NC[C@@H](O)CN2CCC(CC2)Oc3ccc(Cl)c(Cl)c3,2.86,2.8535343196371983,-0.006465680362801596
95,train,CC(C)N(CCCNC(=O)Nc1ccc(cc1)C(C)(C)C)C[C@H]2O[C@H]([C@H](O)[C@@H]2O)n3cnc4c(N)ncnc34,2.2,2.1659638238064733,-0.034036176193526835
2756,train,Cc1onc(CO)c1C(=O)Nc2nccs2,1.53,1.9157627781319655,0.38576277813196547
1265,train,CC#CCN1C(=O)N(CC2CC2)c3nn(Cc4ccnc5ccc(Cl)cc45)c(c3C1=O)c6cncn6C,3.61,3.606989824004801,-0.003010175995199038
161,train,Clc1ccc(cc1C(=O)NCC2CCCCC2)N3N=CC(=O)NC3=O,1.26,1.3829229819932074,0.12292298199320739
1220,train,COc1cccc(COCC(O)CN2CCC(CC2)C(=O)N)c1,-0.5,-0.07841225884175307,0.42158774115824693
1354,train,CN(C)c1ccnc2sc3C(=O)N(C=Nc3c12)c4ccccc4,2.34,2.5137637147874083,0.17376371478740849
1828,train,CCS(=O)(=O)c1ccc(c(C)c1)c2cc(Cl)ccc2OCC(=O)O,-0.65,-0.45408344543173706,0.19591655456826296
2049,train,O=C(N1CCN(CC1)c2ccccn2)c3cccc(CC4=NNC(=O)c5ccccc45)c3,2.36,2.3268465757625907,-0.03315342423740919
1552,train,NC(=N)N1CCc2ccccc2C1,-1.01,-0.3417088932349994,0.6682911067650006
2786,train,OC1(CCN(CC1)c2ccc3nnc(n3n2)C(F)(F)F)c4ccc(F)cc4,3.5,3.003987503865278,-0.4960124961347221
3962,train,CN1CCN(CC1)S(=O)(=O)c2ccc(cc2)c3cnc(N)c(n3)C(=O)Nc4cnccc4CN5CCCC5,3.28,3.108169765042865,-0.171830234957135
482,train,Oc1ccc(cc1)C2CC(=O)c3ccc(O)cc3O2,2.4,2.168534961067288,-0.23146503893271175
233,train,O=C(Nc1nc2C(=O)NC=Nc2s1)c3ccccc3,1.94,1.8428529377223672,-0.0971470622776327
4057,train,NC(=N)Nc1oc2ccccc2n1,1.91,1.3538372977986481,-0.5561627022013518
1174,train,COCCOc1nc(N)c2NC(=O)N(Cc3cccc(CC(=O)OC)c3)c2n1,1.86,2.139969159223756,0.2799691592237561
1685,train,C[C@@H](c1ncncc1F)[C@](O)(Cn2cncn2)c3ccc(F)cc3F,1.7,1.5154536038816524,-0.18454639611834756
3352,train,Cc1c(Oc2ccc(Cl)cc2)c3c(NS(=O)(=O)C)cccc3n1CC(=O)O,-0.98,-1.0817246602037396,-0.1017246602037396
1772,train,CN1C(=O)N(CC2CC2)c3nn(Cc4ccnc5ccc(Cl)cc45)c(c6cncn6C)c3C1=O,2.69,2.9429863057177568,0.2529863057177568
724,train,O[C@@H](CNCCSCCCOCCc1ccccc1)c2ccc(O)c3NC(=O)Sc23,2.54,2.317216098130345,-0.22278390186965513
3671,train,CC(C)n1c2ccccc2c3cc(NC(=O)N4CCOCC4)ccc13,3.55,3.371218053885019,-0.17878194611498088
3495,train,CNC(=O)c1cccc(NC(=O)Nc2cccc(c2)C#N)c1CN3CCC(Cc4ccc(F)cc4)CC3,3.97,3.8939702666574134,-0.07602973334258678
2520,train,CN1CCN(CC1)C(=O)c2cc3cc(F)ccc3[nH]2,1.97,1.9643785794799784,-0.0056214205200215694
3686,train,[O-][N+](=O)c1cc(C(=O)NCC=C)c2N=C(Nc3ccc(Cl)c(Cl)c3)NC(=O)c2c1,2.7,2.638849837920494,-0.0611501620795063
316,train,Nc1ncc(nc1C(=O)Nc2cccnc2)c3ccc(cc3)S(=O)(=O)N4CCOCC4,2.83,2.7581817807553026,-0.07181821924469745
386,train,CCCCN(CCNC[C@H](O)c1ccc(O)c2NC(=O)Sc12)C(=O)CCOCCc3ccccc3,2.51,2.436810330240247,-0.07318966975975272
3028,train,CC(C)C(=O)Nc1ccc2C(=O)NC(=O)c2c1,1.55,1.8260099308279254,0.27600993082792535
2084,train,CNCC[C@@H](Oc1cc(ccc1C#N)C(F)(F)F)c2ccccc2,1.3,1.4082177163323437,0.10821771633234367
2636,train,CC(C)(N)C(=O)N[C@H](Cc1c[nH]c2ccccc12)C(=O)N[C@H](Cc3c[nH]c4ccccc34)NC=O,1.0,1.0477541326229456,0.04775413262294559
2350,train,CS(=O)(=O)Nc1cc(Nc2nccc(Nc3c(Cl)ccc4OCOc34)n2)cc(c1)C(=O)N,2.28,2.059165480030222,-0.22083451996977788
143,train,CC(=O)Nc1ccc(cc1)C(=O)Nc2ccccc2N,0.82,1.1345070415630885,0.3145070415630885
2789,train,CN(C1CCN(CCC(c2ccccc2)c3ccccc3)CC1)C(=O)NCc4ccccc4,3.4,3.3058416587419224,-0.09415834125807754
3038,train,Brc1ccccc1C(=O)NCC23CC4CC(CC(C4)C2)C3,4.15,4.019015003570439,-0.13098499642956174
479,train,CN1CCCC1c2cccnc2,0.5,0.44221995570008654,-0.05778004429991346
1943,train,O[C@H](CNC(=O)C1=CNC(=O)C=C1C(F)(F)F)CN2CCC(CC2)Oc3ccc(Cl)c(Cl)c3,2.71,2.84118868812707,0.13118868812706985
4122,train,COc1cc(ccc1Nc2ncc(Cl)c(n2)c3cnc4ccccn34)N5CCN(CCS(=O)(=O)C)CC5,3.1,2.947717502525048,-0.15228249747495193
3553,train,CN[C@@H](C)C(=O)N[C@@H](C1CCCCC1)C(=O)N[C@H]2CCN(CCCc3ccccc3)C2,1.9,1.9852789709715808,0.08527897097158088
2680,train,CCC(N(CC1CCNCC1)C(=O)c2ccc(C)cc2)C3=Nc4ccsc4C(=O)N3Cc5ccccc5,1.33,1.452614955391406,0.12261495539140599
1658,train,Nc1ccc2C(=O)C(=O)c3ccccc3c2c1,2.39,1.8406023490264594,-0.5493976509735408
3890,train,COc1cc(OC2CCN(C)CC2)c3c(Nc4cccc5OCOc45)ncnc3c1,3.02,2.8433977691115766,-0.17660223088842342
3124,train,COc1ccc(N(C(C(=O)NC[C@@H](C)O)c2ccccc2F)C(=O)c3occc3Cl)c(OC)c1,2.18,2.272253645987021,0.09225364598702068
1536,train,CNS(=O)(=O)c1ccc(Oc2ccc(cc2)C#C[C@]3(O)CN4CCC3CC4)cc1,2.03,1.5542416687932672,-0.4757583312067326
2868,train,COc1cc2c(Nc3cnc(NC(=O)c4ccccc4)nc3)ncnc2cc1OCCCN5CCOCC5,2.7,2.7547090932529574,0.05470909325295725
953,train,NC(=O)NC(=O)C(Nc1ccc2CCCc2c1)c3ccccc3,3.3,2.856997333745331,-0.44300266625466866
19,train,CO[C@H]1CN(CCN2C(=O)C=Cc3ccc(cc23)C#N)CC[C@H]1NCc4ccc5OCC(=O)Nc5n4,0.32,0.5051486952348185,0.18514869523481853
3011,train,Cc1cnccc1COc2cnc(nc2)N3CCN(CC3)C(=O)OC(C)(C)C,3.8,3.702536917698687,-0.09746308230131273
2638,train,CCC1(NC(=O)N(C)C1=O)c2ccccc2,1.59,1.304169017870728,-0.28583098212927216
1239,train,C[C@H]1COCCN1c2cc(CS(=O)(=O)C)nc(n2)c3ccc4[nH]ccc4c3,2.38,2.4552031601588094,0.07520316015880946
1142,train,C[C@H]1CCCN1CCc2oc3ccc(cc3c2)c4ccc(cc4)C#N,3.25,2.9863444380490125,-0.2636555619509875
653,train,CN(C)c1ccc(cc1)S(=O)(=O)NC(=O)N2CCC(CC2)N3CCC(CC3)Oc4ccc(Cl)c(Cl)c4,1.7,1.766163909193219,0.06616390919321913
3770,train,COc1ccc2N=CC(=O)N(CCN3CCC(CC3)NCc4cc5OCCOc5cn4)c2c1,0.93,0.7701867822449409,-0.1598132177550592
1129,train,CCN(C1CCN(CCC(c2ccccc2)c3ccc(cc3)C#N)CC1)C(=O)Cc4ccc(cc4)S(=O)(=O)C,2.76,2.726422564685107,-0.03357743531489277
1979,train,Oc1cccc(NC(=O)c2ccc(OCCCN3CCCC3)cc2OCc4cccc(c4)C#N)c1,2.41,2.215685451160422,-0.1943145488395781
3494,train,FC(F)(F)c1nn(cc1C(=O)NCCNC(=O)c2ccc(Cl)cn2)c3ccccc3,3.8,3.4900678962729943,-0.3099321037270055
666,train,CCNCc1cnc(s1)c2ccc(cc2)C(=O)Nc3ccccc3N,0.95,1.6040583081690922,0.6540583081690923
1997,train,COc1cnccc1COc2cnc(nc2)N3CCN(CC3)C(=O)OC(C)(C)C,3.8,3.8548767376920923,0.05487673769209245
911,train,CC(N)C(=O)Nc1c(C)cccc1C,-0.15,0.40519445269057286,0.5551944526905729
1540,train,Cc1cc(Oc2ccnc(Nc3ccc(cc3)N4CCOCC4)c2)c(nc1C)c5ccccn5,2.59,2.6639057656737757,0.07390576567377583
2209,train,Cc1ccc(cc1)S(=O)(=O)Nc2c(cnn2c3ccccc3)C(=O)NC4CCCCC4,0.8,1.048029361333518,0.24802936133351805
3168,train,CCN[C@H]1C[C@H](C)S(=O)(=O)c2sc(cc12)S(=O)(=O)N,0.27,0.6845090811325372,0.41450908113253715
865,train,COc1cc2ncnc(Nc3cc(NC(=O)c4ccnc(c4)N5CCOCC5)ccc3C)c2cc1OCCN6CCOCC6,3.19,3.1738469257826756,-0.01615307421732437
3249,train,NC(=O)Nc1cc(sc1C(=O)N)c2ccccc2,2.43,2.183888041496611,-0.24611195850338907
1164,train,Cn1cncc1c2c3C(=O)N(CC#CCO)C(=O)N(CC4CC4)c3nn2Cc5ccnc6ccc(Cl)cc56,2.55,2.8986428344895505,0.3486428344895507
753,train,CN1CCN(CC1)c2ccc3N=CN(C(=O)c3c2)c4cc(NC(=O)c5ccc(cc5)C#N)ccc4C,2.73,2.487252404740278,-0.242747595259722
2071,train,Cc1nc2ccc(NC(=O)CCNC(=O)N)cc2s1,0.9,0.8274779014726419,-0.07252209852735814
2117,train,Nc1nc(O)c2ncn(COCCO)c2n1,-1.42,-0.9485044445383299,0.47149555546167
1923,train,OC(=O)c1ccc(cc1)n2ncc(C(=O)NC3C4CC5CC(CC3C5)C4)c2C6CCCC6,1.72,1.510474572770714,-0.2095254272292859
1287,train,CC1=CN([C@H]2CCCN(C2)S(=O)(=O)c3ccc(O)c(Oc4cccc(Br)c4)c3)C(=O)NC1=O,2.3,2.6255190392765795,0.32551903927657966
3869,train,O=C1C=C(N=C2C=CC=CN12)N3CCOCC3,1.0,1.3973300393138923,0.3973300393138923
817,train,COc1cc(ccc1Nc2ncc(Cl)c(n2)c3cnc4c(OC)cccn34)N5CCN(CC5)C(=O)C,3.5,3.435592629565419,-0.06440737043458089
3455,train,Oc1ccc(cc1)C2CC(=O)c3c(O)cc(O)cc3O2,2.6,2.8341943254860293,0.23419432548602925
2380,train,CN(c1ccnc(Nc2cc(OC3CCOCC3)cc(c2)N4CCOCC4)n1)c5cc(CO)ccc5C,3.7,3.572937657385374,-0.127062342614626
3677,train,N[C@@H](Cc1c[nH]c2ccccc12)C(=O)O,-1.08,-0.8975066173994408,0.18249338260055925
145,train,Oc1nc(nc2CCSCc12)c3ccc(cc3)C(F)(F)F,3.07,3.120182882113425,0.050182882113425364
150,train,COc1ccc(c(OC)n1)c2c(F)ccc3c(N)c(nnc23)C(=O)NC4CC4,3.37,3.3361980207575175,-0.03380197924248263
1347,train,CCC(=O)N[C@H]1CC[C@H](C1)C(=O)N(C)c2ccc(cc2)c3oc4ccccc4n3,3.4,3.6956207316395933,0.29562073163959335
1466,train,CCCc1c(O)c(ccc1OCCCSc2ccc(CC(=O)O)cc2Cl)C(=O)CC,3.57,3.4406732164867817,-0.12932678351321814
941,train,Clc1ccc(cc1)c2oc(cc2)C(=O)N(Cc3ccccn3)c4ccc(cc4)N5CCNCC5,3.0,2.91474654716314,-0.08525345283685981
1217,train,Nc1cccc2C(=O)N(Cc3cccc(Cl)c3)C(=O)c12,3.18,2.99311491165174,-0.18688508834826
986,train,COC(=O)[C@H](Cc1ccc(cc1)[N+](=O)[O-])NC(=O)c2cccc3ccccc23,3.58,3.465943206165565,-0.11405679383443523
2217,train,CCCSc1nc(N[C@@H]2C[C@H]2c3ccccc3)c4nnn([C@@H]5C[C@H](CO)[C@@H](O)[C@H]5O)c4n1,3.99,3.602174970148841,-0.3878250298511592
3194,train,Cc1c(Sc2ccc(Cl)cc2)c3c(Cl)cccc3n1CC(=O)O,2.15,1.5869976170712636,-0.5630023829287363
1209,train,Oc1ccc(cc1)C2=COc3cc(O)ccc3C2=O,2.46,2.410686309888841,-0.04931369011115905
651,train,CS(=O)(=O)N1CCN(Cc2cc3nc(nc(N4CCOCC4)c3s2)c5cccc6[nH]ncc56)CC1,3.3,3.2562709741950764,-0.04372902580492344
2113,train,OCCNCCNc1ccc2c(NC(=O)CC34CC5CC(CC(C5)C3)C4)cccc2n1,1.79,1.7962608340049722,0.006260834004972127
910,train,CCCCNc1nc(N)c2NC(=O)N(Cc3ccc(OCCN(C)C)nc3)c2n1,1.9,2.013877087755157,0.11387708775515692
883,train,CC(C)C(NC(=O)CN1C(=O)C(=CC=C1c2ccccc2)NC(=O)Cc3ccccc3C(=O)O)C(=O)C(F)(F)F,1.14,1.1093520396960244,-0.03064796030397554
1622,train,COc1ccc(\C=C/2\CCc3ccccc3C2=O)cc1CN4CCOCC4,3.8,3.445651308453708,-0.35434869154629167
1152,train,O=C1N=C(NCc2ccccc2)SN1Cc3ccccc3,3.01,3.089933211251461,0.07993321125146124
473,train,CN1C(=N)N(CC(=O)c2ccc(Cl)cc2)c3ccccc13,1.63,1.518996275968974,-0.11100372403102599
166,train,CCCNC(=O)CSc1ccc(cn1)S(=O)(=O)N2CCCC2,1.55,1.5359105255751841,-0.014089474424815895
795,train,COc1cc(ccc1Nc2ncc(Cl)c(n2)c3cnc4ccc(cn34)N(C)C)N5CCN(CC5)C(=O)C,4.1,3.9246486380352055,-0.17535136196479417
3693,train,OC(=O)c1ccccc1N2CCC(CN3CCC(CC3)Oc4ccc(Cl)c(Cl)c4)CC2,2.83,2.6232802763522947,-0.2067197236477054
499,train,CC1=CN([C@H]2CCCN(C2)S(=O)(=O)c3ccc(O)c(Oc4cc(F)cc(Cl)c4)c3)C(=O)NC1=O,2.35,2.2607418668092927,-0.08925813319070741
2219,train,OC(CN1CCCCC1)(C(=O)c2ccccc2)c3ccccc3,3.41,2.727280146327246,-0.6827198536727543
334,train,COc1cc2ncnc(Nc3cc(NC(=O)c4ccnc(c4)N5CCOCC5)ccc3C)c2cc1OCCN6CCCC6,2.7,2.931061792614891,0.23106179261489102
2096,train,C[C@@H]1CN(CCN1c2ncc(OCc3ccncc3C#N)cn2)c4onc(n4)C(F)(F)F,3.1,3.096923690839123,-0.0030763091608769777
230,train,OC(=O)[C@H](Cc1ccccc1)N2CCC(CN3CCC(CC3)Oc4ccc(Cl)c(Cl)c4)CC2,2.5,2.5648036996825168,0.06480369968251676
97,train,CCSc1c(Cc2ccccc2C(F)(F)F)sc3N(CC(C)C)C(=O)N(C)C(=O)c13,4.49,4.6046081784466075,0.11460817844660731
3534,train,OC[C@H](O)CN1C(=O)[C@H](Cc2ccccc12)NC(=O)c3cc4cc(Cl)sc4[nH]3,3.3,3.2942500065900786,-0.005749993409921217
2221,train,CN1CCN(CC1)S(=O)(=O)c2ccc(c(C)c2)c3cnc(N)c(n3)C(=O)Nc4cccnc4,2.6,2.618839753359727,0.018839753359726874
435,train,[O-]c1c2c(nn1c3ccc(Cl)cc3)c4ccccc4c[n+]2Cc5ccccc5,4.5,4.457621591853348,-0.042378408146651836
3188,train,COc1ccccc1CN2C(C(=O)NC3CCC(C)CC3)c4ccccc4C2=O,3.74,3.4950970945046547,-0.24490290549534555
2331,train,COc1ccc(cc1)C(=O)N2CCCC2=O,0.93,1.1928477955620789,0.2628477955620788
3551,train,FC(F)(F)CCS(=O)(=O)Oc1ccc(NC(=O)c2ccc(Cn3ccnn3)c4ccccc24)c(n1)C(=O)NCC5CCOCC5,4.2,4.062226005195292,-0.1377739948047081
1369,train,O=C(NCc1ccccn1)c2ccc(Oc3ccccc3)cc2,2.7,2.6393886363886008,-0.060611363611399405
4083,train,CCOc1cc(ccc1NC(=O)CN2CCOCC2)c3cccc4C(=O)C=C(Oc34)N5CCOCC5,2.8,2.8575614171601593,0.0575614171601595
944,train,OCCN1CCN(CCCN2c3ccccc3Sc4ccc(Cl)cc24)CC1,3.6,3.442431469112087,-0.15756853088791312
1080,train,Nc1cc(c(cn1)c2cc(nc(n2)N3CCOCC3)N4CCOCC4)C(F)(F)F,2.7,2.872631702708185,0.17263170270818495
2848,train,CCNC(=O)OC[C@@H](C)N(c1cc(Cl)ccc1CO)S(=O)(=O)c2ccc(Cl)cc2,3.4,3.339085907940684,-0.06091409205931608
3424,train,Oc1cc(Cl)cc(Cl)c1,3.58,2.5397229220507795,-1.0402770779492205
4072,train,Clc1ccc(cc1)C2(CCNCC2)c3ccc(cc3)c4cn[nH]c4,1.51,1.5521543443235564,0.04215434432355636
2403,train,CC(C)[N+](C)(CCOC(=O)C1c2ccccc2Oc3ccccc13)C(C)C,0.2,0.244679723823769,0.044679723823769
2307,train,Cc1c(Cl)ccc(OC2CCN(C[C@H](O)CNC(=O)C3=CNC(=O)C=C3C(F)(F)F)CC2)c1Cl,3.14,3.1611895005550505,0.021189500555050422
3462,train,CS(=O)(=O)c1ccc(cc1Cl)[C@@H](CC2CCCC2)C(=O)Nc3cnc(cn3)[C@H](O)CO,2.58,2.6390226762738496,0.059022676273849495
1323,train,COc1cc2nnc(C(=O)N)c(Nc3ccc(F)cc3F)c2cc1N4CCN(C)CC4,2.36,2.2002868423457183,-0.15971315765428162
657,train,CS(=O)(=O)NCCC(NC(=O)C1(N)CCN(CC1)c2ncnc3[nH]ccc23)c4ccc(Cl)cc4,2.2,1.9872668209642772,-0.21273317903572297
3670,train,O[C@@H](CNCCc1cccc(CNCCc2ccccc2Cl)c1)c3ccc(O)c4NC(=O)Sc34,1.63,1.7637296492855759,0.13372964928557596
656,train,COc1cc2ncnc(Nc3ccc(Cl)c(O)c3)c2cc1OC,3.3,3.2754383174564023,-0.024561682543597474
752,train,O[C@H](CNC(=O)C1=CNC(=O)c2cc(ccc12)S(=O)(=O)NC3CC3)CN4CCC(CC4)Oc5ccc(Cl)c(Cl)c5,3.67,3.53013823210663,-0.13986176789337001
3650,train,Brc1cnc(NCc2ccccc2)nc1Nc3cc([nH]n3)C4CC4,4.11,3.9172942766259573,-0.19270572337404301
2029,train,Cc1c(CC(=O)O)c2cc(F)ccc2n1S(=O)(=O)c3ccc(cc3)S(=O)(=O)C,-0.44,-0.1849737821298616,0.2550262178701384
138,train,COc1ccc(cc1)C2=CC(=O)c3ccccc3N2,2.71,2.7627573243124837,0.0527573243124837
3421,train,CNC(=O)c1ccc(Nc2ncc(F)c(n2)c3cnc(C)n3C(C)C)cc1,3.0,2.8469117450664827,-0.1530882549335173
631,train,COc1c2OC(=O)C=Cc2cc3ccoc13,1.97,2.1249595696889876,0.1549595696889876
1677,train,C[C@]12CCC(=O)C=C1C=C[C@@H]3[C@@H]2CC[C@@]4(C)[C@H]3CC[C@@]45CCC(=O)O5,3.2,3.0632083116500217,-0.13679168834997846
2199,train,CC(=O)Nc1nc(cs1)c2cccs2,2.77,2.443509100959663,-0.326490899040337
620,train,Cc1cc(C)c2c(N)c(sc2n1)C(=O)NCc3ccccc3,3.41,3.423362251975135,0.013362251975134853
4096,train,Nc1nc(N)nc(n1)c2ccc(Cl)cc2,2.12,2.155734270899803,0.035734270899802745
1603,train,CCOc1cc2ncc(C(=O)N)c(Nc3ccc(F)cc3F)c2cc1N4CCC(O)CC4,2.74,2.6045980162131763,-0.1354019837868239
2460,train,C[C@@H](N(c1cc(F)ccc1F)S(=O)(=O)c2ccc(Cl)cc2)c3ccc(F)cc3CCCC(=O)O,3.1,3.1681281904134977,0.0681281904134976
1579,train,CCOC(=O)Nc1ccc2Sc3ccccc3N(C(=O)CCN4CCOCC4)c2c1,3.1,3.0260419932797276,-0.07395800672027253
2787,train,Cc1cc(Cl)ccc1OC2CCN(C[C@H](O)CNC(=O)C3=CNC(=O)c4cc(ccc34)S(=O)(=O)C)CC2,2.42,2.1744367067285957,-0.24556329327140425
1648,train,COc1ccc(Cc2nccc3cc(OC)c(OC)cc23)cc1OC,2.81,2.2965179043751753,-0.5134820956248247
2505,train,CCCCC(CC)CNC(=O)c1cc(ccc1Cl)N2N=CC(=O)NC2=O,2.41,2.153129381849002,-0.2568706181509981
1616,train,Nc1nc(nn1Cc2ccccc2)c3ccccc3,1.91,2.4047504540420968,0.49475045404209683
3593,train,C[C@H](Nc1nc(Nc2ncc(C)s2)cc(n1)N3CCOCC3)c4ncc(F)cn4,2.68,2.7311604717772964,0.05116047177729621
2890,train,CN(CCNC[C@H](O)c1ccc(O)c2NC(=O)Sc12)C(=O)CCOCCc3ccccc3,1.21,1.2425995896339739,0.03259958963397391
1525,train,Cc1cc(C)c(C(=O)N[C@@H](Cc2ccc(OCCCNc3ccccn3)cc2)C(=O)O)c(C)c1,0.49,0.5738248866259235,0.08382488662592347
172,train,Cc1ccc2c(c1)c(c(C)n2CC(=O)O)c3ccnc4ccc(cc34)C(F)(F)F,1.78,1.7351048169522918,-0.04489518304770823
587,train,NC1(CCC1)c2ccc(cc2)c3ncc4ncccc4c3c5ccccc5,2.0,2.3024243901982584,0.3024243901982584
1604,train,CN1CCN(CC1)c2cc3c(Nc4ccc(F)cc4F)c(cnc3cc2F)C(=O)N,2.63,2.3834555841818124,-0.24654441581818753
3160,train,C(CN1CCCC1)Oc2ccc(Nc3ncc4cc(ccc4n3)c5ccncc5)cc2,2.66,2.5341541772096043,-0.1258458227903958
2692,train,CN(C)N(C)C(=O)[C@@]1(Cc2ccccc2)CCCN(C1)C(=O)[C@@H](Cc3c[nH]c4ccccc34)NC(=O)C(C)(C)N,2.1,1.9942484160531215,-0.10575158394687856
3351,train,C[C@H](NC(=O)c1c(C)nn(c1NS(=O)(=O)c2cccnc2)c3ccc(F)cc3)C(C)(C)C,0.4,0.4777317398744725,0.07773173987447246
2864,train,CC(C)(C)C(O)\C(=C/c1ccc(Cl)cc1Cl)\n2cncn2,3.8,3.4049381933537304,-0.39506180664626944
1714,train,CCCSc1c(cnn1[C@@H]2CC[C@@H](CC2)C(=O)O)C(=O)NC3CCCCC3,1.39,1.2583971985517965,-0.13160280144820335
1547,train,Clc1ccc2[nH]ncc2c1,2.44,2.681796933059938,0.2417969330599381
727,train,CC[C@@H](NC1=C(Nc2cccc(C(=O)N(C)C)c2O)C(=O)C1=O)c3ccccc3,2.14,2.2374237984912413,0.09742379849124116
3227,train,COc1cc(ccc1N)C(=O)NC[C@@H](O)CN2CCC(CC2)Oc3ccc(Cl)c(Cl)c3,3.12,2.902194706012854,-0.217805293987146
2016,train,CCCNCc1cnc(s1)c2ccc(cc2)C(=O)Nc3ccccc3N,1.75,1.6547525916940957,-0.09524740830590428
487,train,CN(c1ccnc(Nc2cc(cc(c2)N3CCOCC3)N4CCCCC4)n1)c5cc(CO)ccc5C,4.2,3.822556761377304,-0.37744323862269624
4102,train,O=C(CSc1ccccc1)N2CCN(CC2)C(=O)c3occc3,1.6,2.0986086628672136,0.4986086628672135
624,train,Nc1ncnc2sccc12,1.19,1.4177486687871101,0.2277486687871102
2464,train,S=C(NC1CCCCC1)N2CCC(CC2)c3cnc[nH]3,2.3,2.0420680923071997,-0.25793190769280017
1145,train,CCN1CCN(CC1)C(=O)c2cc3cc(F)ccc3[nH]2,2.28,2.239541502160125,-0.04045849783987476
3152,train,CC[C@H](CO)Nc1nc(SCc2ccccc2)nc3nc(N)sc13,3.27,3.205397288578993,-0.06460271142100682
3333,train,Oc1c2ncc3ccccc3c2nn1c4ccc(Cl)cc4,1.52,1.696490002203571,0.17649000220357092
1632,train,CCNC1=Nc2ccccc2C(=NC1c3cccs3)c4ccccc4,3.98,3.88807026262831,-0.09192973737168986
3887,train,CCN(C1CCN(CC[C@H](c2ccc(cc2)S(=O)(=O)C)c3cccc(F)c3)CC1)C(=O)Cc4ccc(cc4)S(=O)(=O)C,2.9,2.514833089499439,-0.38516691050056107
1157,train,CCN(C1CCN(CC[C@H](C2CCN(CC2)S(=O)(=O)C)c3cccc(c3)C(F)(F)F)CC1)C(=O)Cc4ccc(cc4)S(=O)(=O)C,1.9,1.832802957627548,-0.06719704237245194
740,train,CC[C@H](N1CCC[C@@H](C1)N2C=C(C)C(=O)NC2=O)c3ccc(C(=O)O)c(Oc4cccc(Cl)c4)c3,0.22,0.3216860525212786,0.10168605252127857
1198,train,CC(C(=O)O)c1ccc(c(F)c1)c2ccccc2,0.85,1.1138867566272372,0.26388675662723726
1048,train,COc1ccc2N=CC(=O)N(CCN3CC[C@H](NCc4ccc5OCC(=O)Nc5n4)[C@H](O)C3)c2c1,0.39,0.34940454213029626,-0.040595457869703755
2616,train,O[C@H](CNC(=O)C1=CNC(=O)c2ccc(F)cc12)CN3CCC(CC3)Oc4ccc(Cl)c(Cl)c4,3.93,3.862375168139742,-0.06762483186025836
3177,train,CN(C)CCCn1c2CCCCCCc2c3ccccc13,2.96,3.1597877841643087,0.19978778416430876
151,train,Clc1ccccc1c2cnn[nH]2,2.68,2.927258516312972,0.2472585163129719
1194,train,COc1ccc2cc(ccc2c1)[C@H](C)C(=O)O,0.13,0.15085065596364444,0.020850655963644438
1212,train,CCc1ccc(NC(=O)c2ccc3cc(ccc3c2)C(=N)N)cc1,1.1,1.2597594873680305,0.15975948736803036
617,train,COc1cccc(CNCc2cccc(CCNC[C@H](O)c3ccc(O)c4NC(=O)Sc34)c2)c1,0.91,0.6365654056454968,-0.27343459435450324
282,train,O=C1CCOc2nc(ccc12)C#CC3CCCC3,3.0,2.8123262961708853,-0.18767370382911475
2522,train,O=C1C2CCC(N2)C(=O)N1Cc3ccccc3,2.21,2.0535331864320976,-0.15646681356790237
1460,train,COc1cc2ncc(C(=O)N)c(Nc3ccccc3F)c2cc1OC,2.81,2.856860051164152,0.04686005116415215
3958,train,COc1cccc(Nc2ncnc3cc(OC)c(OC)cc23)c1,3.1,3.2559263088989483,0.1559263088989482
863,train,CCCSc1ncccc1C(=O)NC2CCCCC2,3.24,2.964908444807712,-0.27509155519228834
2494,train,CNC(=O)c1ccc(cc1F)N2C(=S)N(C(=O)C23CCC3)c4ccc(C#N)c(c4)C(F)(F)F,3.3,3.094137412798471,-0.20586258720152895
124,train,CCN(C1CCN(CCC(c2ccccc2)c3ccccc3)CC1)C(=O)NCc4c(F)cccc4F,4.3,4.15651724621263,-0.14348275378736997
3052,train,CCS(=O)(=O)c1ccc(c(Cl)c1)c2cc(Cl)ccc2OCC(=O)O,-0.43,-0.512597716154247,-0.08259771615424699
1372,train,Cn1cc(CN2CCc3cc4nc(N)sc4cc3CC2)cn1,1.06,0.9313931306283565,-0.12860686937164356
1345,train,Cc1cc(on1)c2ccc(cc2F)N3C[C@H](Cn4ccnn4)OC3=O,1.99,2.0694071996989316,0.07940719969893162
3030,train,COc1cc(F)ccc1c2cncc(CNC(C)C)c2,1.5,1.619169885944892,0.11916988594489197
1296,train,Cc1onc(NC(=O)CSc2nc(C)cc(C)n2)c1,1.52,1.7783023776106093,0.25830237761060926
2228,train,Cc1ccc(cc1)S(=O)(=O)NC(=O)N2CCC(CC2)N3CCC(CC3)Oc4ccc(Cl)cc4C,1.79,1.7363897692023036,-0.053610230797696445
3317,train,C[C@H](CO)Nc1nc(SCc2cccc(F)c2F)nc3[nH]c(N)nc13,3.22,3.3299507458518183,0.10995074585181808
1165,train,Fc1cccc(F)c1CS(=O)(=O)N2CCN(CC2)c3ncccc3C(F)(F)F,3.9,3.5035356395794555,-0.39646436042054445
408,train,Cc1c(Oc2ccc(Cl)cc2)c3cc(ccc3n1CC(=O)O)C(F)(F)F,2.28,2.0250916029948045,-0.2549083970051953
1535,train,CC(C)Nc1nc(NCc2ccccc2)c3sccc3n1,3.9,3.7665971296069634,-0.13340287039303655
2702,train,CC(C)C(NC(=O)CN1C(=O)C(=CC=C1c2cccc(c2)C(=O)O)NC(=O)OCc3ccccc3)C(=O)C(F)(F)F,1.2,1.1760991711810227,-0.02390082881897726
3468,train,COc1cc(Nc2cc(Oc3cccnc3C)ccn2)cc(OC)c1OC,3.19,3.0610418646416364,-0.12895813535836353
3945,train,CC(C)(C)c1ccc(cc1)C2=NC(=O)C(CC(=O)O)S2,-0.1,0.44519852332890486,0.5451985233289048
2461,train,Cc1nc(CS(=O)(=O)c2ccccc2)cc(n1)N3CCOCC3,1.07,1.0275243237159617,-0.042475676284038366
3189,train,C[C@@H](Oc1cccc2ncnc(Nc3ccc4c(cnn4Cc5ccccn5)c3)c12)C(=O)N(C)C,2.89,2.963859569412423,0.07385956941242267
2576,train,CC[C@H](NC(=O)c1c([S+](C)[O-])c(nc2ccccc12)c3ccsc3)c4ccccc4,2.66,2.8599563748119543,0.19995637481195416
2634,train,CN1C(=O)CN=C(c2ccccc2)c3cc(Cl)ccc13,2.69,2.69743442316069,0.007434423160689985
2394,train,Nc1ccc(OCCc2ccccc2)cc1,2.71,2.4280656917475003,-0.28193430825249965
2045,train,CC1=CN([C@H]2CCCN(Cc3ccc(C(=O)O)c(Oc4cccc(C)c4)c3)C2)C(=O)NC1=O,-0.82,-0.6520023264718966,0.16799767352810335
2918,train,CCc1cc(ccn1)C(=S)N,1.52,0.6034234389800037,-0.9165765610199963
3836,train,OC(=O)c1ccccc1NC(=O)Nc2ccccc2,-0.12,0.7085953253671462,0.8285953253671462
519,train,CN1CCN(CC1)c2nc(CCOc3ccc(C[C@H](Nc4ccccc4C(=O)c5ccccc5)C(=O)O)cc3)c(C)s2,2.58,2.5102096070866073,-0.06979039291339273
2020,train,OC(=O)COc1ccc(cc1c2cccc(c2)C#N)C(F)(F)F,0.05,-0.03276246317607123,-0.08276246317607124
302,train,CNC(=O)c1cc(c2nc(cc(n2)C3(CC3)S(=O)(=O)C)N4CCOCC4)c5cc[nH]c5c1,1.7,1.6138338269314427,-0.08616617306855723
2904,train,COC(=O)c1ccc(cc1)C(C)N2NC(=O)C3=C(C2=O)C(=O)c4ccc(Cl)cc4N3,1.3,1.4191795129324094,0.11917951293240936
37,train,Cn1cncc1c2c3C(=O)N(CC4CC4)C(=O)N(CC5CC5)c3nn2Cc6ccnc7ccc(Cl)cc67,4.33,3.6286288955262695,-0.7013711044737305
4151,train,Cc1cc(n[nH]1)c2ccc(Cl)c(c2)C(=O)NCC3(O)CCCCCC3,3.41,2.876788300203612,-0.533211699796388
3469,train,CCOc1ccccc1c2ccc3c(c2)C(=O)C(=O)c4ccccc34,2.67,2.9280442746606976,0.2580442746606977
2146,train,CC(C)Oc1cc(Nc2nc(N[C@@H](C)c3ccc(F)cn3)nc(OC(CO)CO)c2Cl)n[nH]1,2.77,2.7885818289510804,0.018581828951080404
2911,train,Clc1ccc(OC2CCN(CC2)C3CCN(CC3)C(=O)NS(=O)(=O)c4ccccc4Cl)cc1Cl,1.93,1.9185218919577327,-0.011478108042267232
411,train,CN1CCOc2cc(COC3CCCCC3)cnc12,3.1,3.062593990492804,-0.03740600950719619
3924,train,CCC[C@H](N1CCC[C@@H](C1)N2C=C(C)C(=O)NC2=O)c3ccc(C(=O)O)c(Oc4cccc(Cl)c4)c3,0.5,0.5400979122280145,0.04009791222801451
3968,train,CN(C1CCN(CCC(c2ccccc2)c3ccccc3)CC1)C(=O)Cc4ccc(cc4)C#N,3.7,3.5116063259257713,-0.1883936740742289
1934,train,CC(C)C(NC(=O)CN1C(=O)C(=CC=C1c2ccccc2)NC(=O)NCc3ccncc3)C(=O)C(F)(F)F,2.16,2.35107516341062,0.1910751634106198
598,train,CN[C@@H](C)C(=O)N[C@@H](C1CCCCC1)C(=O)N[C@H]2CCN(C2)C(=O)Cc3ccccc3,0.81,1.1405031378195938,0.33050313781959373
3060,train,Cc1cc(O)nc(n1)n2nc(C)c(Oc3ccccc3O)c2C,1.4,1.6298695085211055,0.22986950852110555
868,train,CCCNCC(O)COc1ccccc1C(=O)CCc2ccccc2,1.72,1.7292382436571259,0.009238243657125889
2714,train,CC(=O)Nc1ccc2c(c1)c(cn2C)c3cc(NC4CC4)n5ncc(C#N)c5n3,2.94,2.867489661415002,-0.07251033858499811
459,train,CS(=O)(=O)Nc1ccc(CCOCCCS(=O)(=O)CCNCCc2ccc(O)c3nc(O)sc23)cc1,1.34,1.522090201342865,0.1820902013428649
521,train,Clc1cccc(CN2C=CN3C(=O)C=C(N=C23)N4CCOCC4)c1Cl,3.3,2.9770632651489244,-0.32293673485107544
3586,train,CN(c1ccnc(Nc2cc(cc(c2)C(=O)N3CCOCC3)N4CCOCC4)n1)c5cc(CO)ccc5C,2.2,2.698526767366299,0.498526767366299
162,train,O=C(Oc1ccccc1)N2CCOCC2,1.3,1.2658826351861927,-0.03411736481380734
1538,train,CCOC(=O)c1ccc(COCC2CCN(CC2)c3ccc(C)nn3)cc1,2.68,2.711075149700564,0.03107514970056391
3726,train,COc1ccc(cn1)[C@@]2(O)CC[C@H](CC2)N3CC[C@H](C3)NC(=O)CNC(=O)c4cccc(c4)C(F)(F)F,1.72,2.0009509060072634,0.28095090600726347
1627,train,COc1cc(cc(OC)c1OC)C(=O)Nc2ccc(Cl)c(c2)c3nc4ccccc4[nH]3,3.83,3.764455461403689,-0.06554453859631115
286,train,CCN(C1CCN(CCC(c2ccccc2)c3ccc(NS(=O)(=O)C)cc3)CC1)C(=O)Cc4ccc(cc4)S(=O)(=O)C,1.84,1.8962064259419633,0.056206425941963234
1501,train,COCCC(C)n1nc(C)c(C(=O)N[C@@H](C)C(C)(C)C)c1NS(=O)(=O)c2ccc(C)cc2,0.78,0.9708659353733073,0.19086593537330732
1429,train,Cc1ccc2c(c1)c(c(C)n2CC(=O)O)S(=O)(=O)c3ccc(Cl)cc3,0.06,0.6517994651174237,0.5917994651174237
241,train,Cc1nnsc1C(=O)Nc2ccccc2,0.97,1.2598914713857456,0.28989147138574567
1802,train,OC(=O)C[C@H]1[C@@H](Cc2ccccc12)NC(=O)c3cc4cc(F)ccc4[nH]3,1.26,1.5259569112327647,0.26595691123276466
1162,train,CC(O)(C(=O)Nc1ccc(cc1)S(=O)(=O)c2ccc(O)cc2)C(F)(F)F,2.78,2.5928133901152055,-0.1871866098847943
453,train,CC(=O)Nc1ccc2ccn(c3cc(NC4COC4)n5ncc(C#N)c5n3)c2c1,2.24,2.5496870076741,0.30968700767409985
1821,train,Cc1ccn2c(c(C)nc2c1)c3ccnc(N)n3,2.39,2.118514131129892,-0.27148586887010806
140,train,CN1C(=O)N(CC2CC2)c3nn(Cc4ccnc5ccc(Cl)cc45)c(c6cc(cn6C)C#N)c3C1=O,3.67,3.77521775881688,0.10521775881688011
1628,train,FC(F)(F)c1csc(n1)N2CCN(CC2)C(=O)[C@@H]3CCCC[C@H]3C(=O)NC4(CC4)C#N,2.4,2.386348937140016,-0.013651062859983742
674,train,CC1CCN(CC1)C(=O)c2scc3OCCOc23,2.26,2.0041890842271495,-0.2558109157728503
1069,train,CC1(C)N=C(N)N=C(N)N1c2ccc(Oc3ccc(Cl)cc3)c(Cl)c2,0.79,0.6503841447403607,-0.13961585525963938
1236,train,CCn1c(C)c(C(=O)O)c(c2cccc(c2)N3CCN(CC3)c4ccc(NS(=O)(=O)c5ccc(N[C@H](CCN6CCC(O)CC6)CSc7ccccc7)c(c5)S(=O)(=O)C(F)(F)F)cc4)c1c8ccc(Cl)cc8,4.2,4.299044861602229,0.0990448616022288
1151,train,CCCN(CCNCCc1ccc(O)c2NC(=O)Sc12)C(=O)CCOCCc3ccccc3,2.23,2.2679110155135724,0.037911015513572455
542,train,COc1cc(ccc1Nc2ncc(Cl)c(n2)c3cnc4cc(ccn34)N5CCCC5)N6CCN(CC6)C(=O)C,3.5,3.4848149767891314,-0.015185023210868565
258,train,CC(C)C(=O)NCCNCC(O)COc1ccc(O)cc1,-0.15,0.00643589745550921,0.1564358974555092
1484,train,Cc1nocc1C(=O)Nc2ccc(c(N)n2)c3ccccc3OC(F)(F)F,3.7,3.668304978964053,-0.031695021035947235
55,train,N(c1ccccc1)c2cc(Nc3ccccc3)[nH]n2,3.8,3.396931853626096,-0.40306814637390387
422,train,CC(C)NCC(O)COc1ccccc1OCC=C,0.2,0.3408928337541701,0.1408928337541701
2200,train,O=C1N(Cc2ccccc12)C3CCN(CCC(c4ccccc4)c5ccccc5)CC3,4.1,3.9485904812314683,-0.15140951876853137
2635,train,Cn1cncc1c2c3C(=O)N(CC=C)C(=O)N(CC4CC4)c3nn2Cc5ccnc6ccc(Cl)cc56,3.62,3.7000899633380175,0.08008996333801743
414,train,COc1ccccc1Nc2cc(Oc3cc(C)c(C)nc3c4ccccn4)ccn2,3.37,3.4722704900150454,0.10227049001504529
1646,train,O.O.O.CC(=O)O[C@@]12CO[C@@H]1C[C@H](O)[C@]3(C)[C@@H]2[C@H](OC(=O)c4ccccc4)[C@]5(O)C[C@H](OC(=O)[C@H](O)[C@@H](NC(=O)OC(C)(C)C)c6ccccc6)C(=C([C@@H](O)C3=O)C5(C)C)C,3.4,3.4826138803551743,0.08261388035517436
954,train,COc1cc2nnc(C(=O)N)c(Nc3cccc(Cl)c3F)c2cc1N4CCN(C)CC4,2.35,2.5710476308199484,0.22104763081994827
4012,train,Clc1cccc(c1)S(=O)(=O)NCC(N2CCCCCC2)c3ccccc3,3.39,3.206666660920168,-0.18333333907983196
2000,train,Fc1ccc(Nc2oc(nn2)C(=O)Nc3ccc(nc3)N4CCOCC4)cc1,3.0,2.8636666214707147,-0.1363333785292853
3270,train,CSc1ccc2Sc3ccccc3N(CCC4CCCCN4C)c2c1,3.76,3.742389477078909,-0.017610522921090777
1251,train,CC(C)n1c(C)ncc1c2ccnc(Nc3ccc(cc3)S(=O)(=O)CCCN4CCOCC4)n2,2.43,2.4497240826672133,0.01972408266721315
3364,train,CC(=O)NCc1ccc(CN2CCN(CC2)c3ccccc3)cc1,1.78,1.993045962800505,0.21304596280050503
2025,train,CC1=C(CCC(=O)O)C(=O)Oc2c(C)c(O)ccc12,-0.3,-0.2742531710725311,0.02574682892746888
1181,train,OCC(=O)N1CCC(CC1)c2[nH]nc(c3ccc(Cl)cc3F)c2c4ccncn4,1.79,1.8338859582213705,0.043885958221370425
2569,train,C[C@H](NC1=NC(=O)[C@@](C)(S1)C(F)(F)F)c2ccccc2F,3.1,2.9746408621492284,-0.12535913785077168
985,train,Oc1ccc(NC(=O)c2ccc(O)cc2)cc1,1.5,1.6324078230852554,0.13240782308525545
3265,train,CCC(CC)NC(=O)c1cnn(c1NS(=O)(=O)C2CCCC2)c3ccccc3,0.69,0.8277175656654654,0.13771756566546545
106,train,COc1cc2ncc(C(=O)N)c(Nc3ccc(F)cc3F)c2cc1N4CCN(C)CC4,2.18,2.196424822889865,0.01642482288986491
3644,train,Fc1ccccc1NC(=O)N[C@H]2N=C(c3ccccc3)c4ccccc4NC2=O,4.0,3.8845761654194715,-0.11542383458052852
163,train,CC(C)(C#N)c1cnc(s1)N2CCN(CC2)C(=O)[C@@H]3CCCC[C@H]3C(=O)NC4(CC4)C#N,1.9,1.8475098110360533,-0.05249018896394664
2440,train,Nc1ncnc2c1ncn2[C@@H]3O[C@H](CSCCCNC(=O)Nc4ccccc4)[C@@H](O)[C@H]3O,1.9,1.534566451088901,-0.3654335489110989
2472,train,CCCNC(=O)c1nnc2c(cccc2c1N)c3ncccn3,1.86,1.970071437444569,0.11007143744456882
1526,train,COc1cc2ncc(C(=O)N)c(Nc3ccc(F)c(Cl)c3)c2cc1OC,3.22,3.289580236379666,0.06958023637966582
802,train,CN(c1ccnc(Nc2cccc(c2)S(=O)(=O)C)n1)c3cccc4[nH]ncc34,3.21,3.0542870992800495,-0.15571290071995048
1505,train,O=C1N2CCOC2=Nc3ccccc13,0.6,0.7244394145035324,0.12443941450353246
3724,train,Fc1cccc(CN2CCN(CC2)c3ccc4nnc(n4n3)C(F)(F)F)c1F,3.6,3.3560207834874123,-0.2439792165125878
3973,train,CC(=O)c1ccc(cc1)S(=O)(=O)NC(=O)NC2CCCCC2,-0.49,-0.27931778649564487,0.21068221350435512
3274,train,CCCCCOC(=O)NC1=NC(=O)N(C=C1F)[C@@H]2O[C@H](C)[C@@H](O)[C@H]2O,0.67,0.8538558251210269,0.18385582512102683
4196,train,CCN(C1CCN(CCC(c2ccc(F)cc2)c3ccc(F)cc3)CC1)C(=O)Cc4ccc(cc4)S(=O)(=O)C,3.21,2.4802707718543227,-0.7297292281456773
1645,train,OC(=O)[C@H](Cc1ccc(OCCc2ccc3OCCNc3n2)cc1)NC(=O)c4c(Cl)cccc4Cl,-0.18,0.03794984295129744,0.21794984295129743
1556,train,CN(c1ccc2c(C)n(C)nc2c1)c3ccnc(Nc4ccc(C)c(c4)S(=O)(=O)N)n3,3.3,3.0692844454830785,-0.23071555451692127
280,train,COc1ccc(cc1OC)C2=COc3cc(O)cc(O)c3C2=O,2.8,2.9080692070367524,0.1080692070367526
599,train,CCC(C)NC(=O)c1c(C)nn(c1NS(=O)(=O)c2ccc(C)cc2)c3ccccc3,0.66,0.6417030002044566,-0.018296999795543445
1924,train,CC1=C(CCC(=O)O)C(=O)Oc2cc(O)ccc12,-0.7,-0.5242623170087684,0.1757376829912316
806,train,COc1cc(F)ccc1c2cncc(CNC(=O)c3ccccc3)c2,3.76,3.701954746524483,-0.05804525347551692
1808,train,COc1ncc2N=CC(=O)N(CCN3CCC(CC3)NCc4cc5OCCOc5cn4)c2n1,-0.14,-0.021598953419191158,0.11840104658080886
1076,train,OC(=O)c1ccccc1C(=O)N2CCC(CC2)N3CCC(CC3)Oc4ccc(Cl)c(Cl)c4,1.73,1.9589298382338742,0.22892983823387425
1261,train,Nc1ccc2ccccc2n1,1.7,1.9713126016398528,0.2713126016398528
4124,train,O=C1NC(=O)C(Cc2ccc3ccccc3c2)S1,2.41,2.592093157180542,0.18209315718054198
1028,train,COC(=O)COc1ccc(O)cc1,0.92,1.1377190130435246,0.2177190130435246
2143,train,CNC1=Nc2ncccc2C(=NC1c3cccs3)c4cc[nH]c4,1.73,1.8824041558587608,0.15240415585876077
175,train,Cc1nc2ccc(Cl)cn2c1c3ccnc(N)n3,2.49,2.681121114590108,0.19112111459010794
1742,train,CNC1=Nc2ncccc2C(=NC1c3cccs3)c4cccs4,2.63,2.190252494513331,-0.4397475054866691
642,train,CC(C)Oc1cc(Oc2ccc(cc2)S(=O)(=O)C)cc(c1)C(=O)Nc3nccs3,3.61,3.2918169016663135,-0.3181830983336864
2626,train,CCCSc1ncccc1C(=O)NC2CCC(F)(F)CC2,2.85,2.5981499933808347,-0.25185000661916535
223,train,COc1ccccc1C(NC(=O)[C@@H]2CCCC[C@H]2C(=O)N3CCN(Cc4ccc(F)cc4)CC3)C#N,3.57,3.3911321907816925,-0.17886780921830736
78,train,CC(=O)Nc1ccc2c(c1)c(cn2CCCO)c3cc(NC4CC4)n5ncc(C#N)c5n3,2.48,2.2715333923531293,-0.20846660764687064
324,train,COc1cc(N2CCN(C)CC2)c3nc(cc(N(C)C)c3c1)C(=O)Nc4ccc(cc4)N5CCOCC5,3.3,3.2596529733412636,-0.04034702665873624
1541,train,CS(=O)(=O)c1ccc2C(=CNC(=O)c2c1)C(=O)NC[C@@H](O)CN3CCC(CC3)Oc4ccc(C#N)c(Cl)c4,1.41,1.5903210497139457,0.1803210497139458
462,train,CC(=O)Nc1ccc2CCN(c3cc(NC4CC4)n5ncc(C#N)c5n3)c2c1,3.3,2.922437113819594,-0.3775628861804057
1931,train,CN(C)C(=O)CN1C(=O)C(Cc2ccccc12)NC(=O)c3cc4cc(Cl)sc4[nH]3,3.07,3.3221908296752938,0.25219082967529394
3704,train,CN1C[C@@H](c2ccccc2)c3cccc(N)c3C1,2.11,2.037548160508586,-0.07245183949141376
1240,train,COCCCc1cc(Nc2nc(NCc3onc(C)c3)ncc2Br)n[nH]1,3.07,3.0344875597169114,-0.03551244028308842
2441,train,CCN(CC)CCOC(=O)C1(CCCCC1)C2CCCCC2,3.72,3.0101263906372018,-0.7098736093627984
3906,train,O[C@@H]1CN(CCN2C(=O)C=Cc3ccc(cc23)C#N)CC[C@@H]1NCc4cc5OCCOc5cn4,0.46,0.446851951815068,-0.013148048184932037
3447,train,CN1CCC(COc2cc(OC3CCOCC3)c4c(Nc5c(Cl)ccc6OCOc56)ncnc4c2)CC1,2.59,2.5355545844184944,-0.05444541558150551
376,train,Nc1nc(OCc2nccs2)nc3c1ncn3[C@@H]4O[C@H](CF)[C@@H](O)[C@H]4O,0.47,0.703015334250721,0.23301533425072107
1264,train,Nc1nc2ccc(cc2s1)c3cccc(O)c3,3.1,2.496851643786004,-0.6031483562139961
491,train,FC(F)(F)Oc1ccc(CNC(=O)C2N(CC3CC(F)(F)C3)C(=O)c4ccccc24)cc1,3.9,3.909733471381677,0.009733471381677017
3016,train,COc1ccccc1CNC(=O)NS(=O)(=O)c2ccc(Cl)cc2,0.87,1.0208439293820484,0.15084392938204838
4095,train,CNc1c(Br)cnc2[nH]c(nc12)c3cccc(N)c3,2.96,2.744632317977094,-0.2153676820229058
3134,train,CCS(=O)(=O)c1ccc(Oc2c(C)n(CC(=O)O)c3ccc(cc23)C(F)(F)F)cc1,0.29,0.3892205579556154,0.09922055795561541
1073,train,Fc1cc(cc(F)c1CN2CCOCC2)c3cccc4ncc(nc34)c5cnn(c5)C6CCNCC6,1.86,1.8763851180711997,0.016385118071199578
448,train,Cc1ccc(O)c(O)c1,1.37,1.5556781300756426,0.1856781300756425
4009,train,O=C(NCC#N)[C@@H]1CCCC[C@H]1C(=O)N2CCN(CC2)c3ccccc3,1.75,1.8195428642378388,0.06954286423783884
3186,train,Clc1ccc(OC2CCNCC2)cc1C(=O)NCC34CC5CC(CC(C5)C3)C4,1.83,2.2258350897027492,0.39583508970274917
3578,train,OC(=O)C(N1CCCC(CN2CCC(CC2)Oc3ccc(Cl)c(Cl)c3)C1)c4ccccc4,2.6,2.5517768728120522,-0.048223127187947856
2105,train,NC(=O)c1ccccc1O,1.09,0.8344397369307279,-0.25556026306927215
1202,train,CCC(C)(C)C[C@@H](N1CCC[C@@H](C1)N2C=C(C)C(=O)NC2=O)c3ccc(C(=O)O)c(Oc4cccc(Cl)c4)c3,1.37,1.1249762950617694,-0.24502370493823067
1670,train,Cc1nc(CS(=O)(=O)c2ccc(Cl)cc2)cc(n1)N3CCOCC3,1.8,1.802532137378794,0.002532137378793875
3591,train,CC(C)N1C(=O)N(C)C(=O)c2cn(Cc3cccc4ccccc34)cc12,3.97,3.8003588216541413,-0.1696411783458589
2067,train,COc1ccc(CNCc2ccc(cc2)c3cc(C(=O)N)c(NC(=O)N)s3)cc1,2.55,2.1640412499184944,-0.3859587500815054
1753,train,CN1CC(=O)N2[C@H](Cc3c([nH]c4ccccc34)[C@H]2c5ccc6OCOc6c5)C1=O,2.6,2.6700211915378467,0.07002119153784658
2632,train,CCC(N(CCCN)C(=O)c1ccccc1)C2=Nc3ccsc3C(=O)N2Cc4ccccc4,1.38,1.491150200136632,0.11115020013663202
1842,train,CS(=O)(=O)c1ccc(c[n+]1[O-])C(=O)Nc2ccc(F)cc2,0.84,1.156742714347969,0.31674271434796897
676,train,COc1ccc(Cl)cc1NC(=O)CCS(=O)(=O)c2ccc(Br)cc2,3.4,3.21328475684478,-0.18671524315521992
2744,train,Nc1nc(nc(N)c1Cc2ccccc2F)c3ccccn3,2.12,1.9224956582448076,-0.1975043417551925
2459,train,NS(=O)(=O)c1cccc(Nc2nccc(Nc3cccc4[nH]ncc34)n2)c1,2.6,2.6026803179224154,0.0026803179224152984
2351,train,Oc1cc(cc(c1)C(F)(F)F)C(=O)Nc2cccc(c2)c3nnn[nH]3,0.8,1.289373107287906,0.48937310728790595
4174,train,C(Cn1c2CCCCc2c3c(nc(nc13)N4CCCC4)N5CCCC5)N6CCOCC6,3.6,3.50711402294698,-0.09288597705302015
526,train,Nc1ccc2c3ccccc3C(=O)C(=O)c2c1,2.23,2.1934259859739944,-0.036574014026005575
721,train,c1ccc2ncncc2c1,1.0,1.4122570639191334,0.4122570639191334
1433,train,Oc1ccc(CCNCCCS(=O)(=O)NCCOCCc2cccc(c2)C(F)(F)F)c3sc(O)nc13,2.62,2.456201610662477,-0.163798389337523
3996,train,CC(C)Oc1cccc(CC(=O)N2CCC[C@@](CC[N+]34CCC(CC3)(CC4)c5ccccc5)(C2)c6ccc(Cl)c(Cl)c6)c1,1.23,1.366476031130989,0.13647603113098894
1874,train,CCOc1ccccc1c2ccc(cc2)c3nc4ccc(F)cc4c(C(=O)O)c3C,1.18,1.515022478573821,0.33502247857382117
3729,train,O=S(=O)(Nc1cccnc1)c2ccc3OCCOc3c2,1.34,1.380759786559008,0.040759786559007916
3161,train,OC(=O)C1=CN(C2CC2)c3cc(N4CCNCC4)c(F)cc3C1=O,-0.96,-1.0400545422980496,-0.08005454229804965
503,train,CCN(C1CCN(CCC(c2ccccc2)c3ccccc3)CC1)C(=O)NCc4ccccc4,4.0,3.6163115701664763,-0.3836884298335237
4068,train,C[C@H]1C[C@H]2[C@@H]3CC[C@H](C(=O)C)[C@@]3(C)C[C@H](O)[C@@H]2[C@@]4(C)CCC(=O)C=C14,3.25,2.907946641860853,-0.34205335813914717
2026,train,CC(Cc1ccccc1)N(C)CC#C,2.16,2.0753031168457605,-0.08469688315423962
2656,train,Cc1cc(C)cc(CCOCCS(=O)(=O)NCCNCCc2ccc(O)c3nc(O)sc23)c1,2.45,2.202616300199739,-0.24738369980026098
2193,train,C[C@H](Nc1nc(Nc2cc(C)[nH]n2)cnc1C#N)c3ccc(F)cn3,2.51,2.6383650653135753,0.1283650653135755
3546,train,COc1ccc(CNCc2cccc(CCNC[C@H](O)c3ccc(O)c4NC(=O)Sc34)c2)cc1,0.86,0.8464415274063544,-0.01355847259364562
2951,train,CN1CCN(CC1)C(=O)c2cc(sc2NC(=O)N)c3ccccc3,2.17,2.0133586263798553,-0.15664137362014463
1744,train,CC(C)CNc1nc(nc(NC2CCS(=O)(=O)C2)c1N)C#N,2.3,2.178209267345623,-0.12179073265437701
1410,train,COC(=O)c1ccc2OCC(=O)N(CCN3CCC(CC3)NCc4ccc5OCC(=O)Nc5n4)c2c1,0.83,0.8091617672996083,-0.020838232700391646
1091,train,Oc1ccc(cc1)c2nc3ccccc3s2,4.1,3.8325339377506986,-0.26746606224930103
2905,train,NC(=O)C([C@@H]1CCN(CCc2ccc3OCCc3c2)C1)(c4ccccc4)c5ccccc5,2.79,2.619690442843327,-0.17030955715667284
2292,train,CNc1ccc2ncc(c3cccc(O)c3)n2n1,2.99,2.782878302708881,-0.2071216972911194
3225,train,CC(Cc1ccc(O)cc1)NCC(O)c2cc(O)cc(O)c2,-0.06,0.359699055024183,0.419699055024183
4105,train,CNC1=Nc2ccc(Cl)cc2C(=[N+]([O-])C1)c3ccccc3,2.41,2.2979946729495033,-0.11200532705049682
2888,train,C[S+]([O-])c1ccc(\C=C/2\C(=C(CC(=O)O)c3cc(F)ccc23)C)cc1,-0.01,0.04681193183226151,0.05681193183226151
578,train,COc1cc(ccc1Cn2ccc3ccc(NC(=O)OC4CCCC4)cc23)c5nn[nH]n5,2.7,2.760625125150176,0.06062512515017593
3145,train,CCNc1nc(N)c(s1)C(=O)c2ccc(Cl)s2,3.63,3.2159387505484665,-0.41406124945153344
3560,train,Cn1cc(cc1c2c3C(=O)N(CC#N)C(=O)N(CC4CC4)c3nn2Cc5ccnc6ccc(Cl)cc56)C#N,3.33,3.4869977628418436,0.15699776284184352
240,train,O=C(COc1ccccc1)N2CCOCC2,0.75,0.8641000880811014,0.11410008808110139
2806,train,CN[C@@H](C)C(=O)N[C@@H](C1CCCCC1)C(=O)N[C@H]2CCCN(CCc3ccccc3F)C2,2.51,2.1806344605522665,-0.3293655394477333
3820,train,COc1ccc2C=CC(=O)N(CCN3CCC(CC3)NCc4cc5OCCOc5cn4)c2n1,1.16,1.218428530420912,0.058428530420912006
3526,train,CN1C(=O)N(CC2CC2)c3nn(Cc4ccnc5ccc(Cl)cc45)c(c6cc(oc6C)S(=O)(=O)C)c3C1=O,3.2,3.540051313472496,0.34005131347249584
3659,train,COc1cc2ncc(C(=O)N)c(Nc3ccccc3C)c2cc1OC,3.4,3.3140074851141508,-0.08599251488584914
274,train,CS(=O)(=O)c1ccc(c(Cl)c1)c2cc(Cl)ccc2OCC(=O)O,-0.75,-0.7294501654934402,0.020549834506559783
2392,train,CCc1nc(N)nc(N)c1c2ccc(Cl)cc2,2.31,2.817984068120967,0.5079840681209671
2103,train,CCc1[nH]c2nc(Sc3cnc4ccc[n+]([O-])c4c3)nc(N5CC[C@@H](N)C5)c2c1Cl,2.0,2.025606156826106,0.02560615682610612
205,train,C[C@H](NC(=O)[C@@H]1CCCC[C@H]1C(=O)N2CCc3[nH]c4ccc(F)cc4c3C2)C#N,3.5,3.318912492732066,-0.1810875072679341
907,train,CS(=O)(=O)c1cccc(Nc2nccc(Nc3cccc4ccoc34)n2)c1,3.52,3.4337173080886982,-0.08628269191130178
165,train,Cc1c(Sc2ccc(Cl)cc2)c3c(NS(=O)(=O)C)cccc3n1CC(=O)O,0.21,-0.014420951232300805,-0.2244209512323008
3966,train,COc1cc(nc2c(cc(F)cc12)N3CCN(C)CC3)C(=O)Nc4ccc(cc4)N5CCOCC5,3.85,3.70218535020814,-0.1478146497918602
692,train,O=C(CSc1ccncc1)Nc2ccc(cc2)C(=O)c3ccccc3,3.6,3.2238168692368827,-0.3761831307631174
67,train,COc1cc2ncnc(Nc3ccc(F)c(Cl)c3)c2cc1OCCCN4CCCC4,3.13,3.0769850253328546,-0.05301497466714533
1610,train,OC1CCN(CC1)C(=O)[C@H](Cc2ccccc2)NC(=O)c3cc4cc(Cl)ccc4[nH]3,3.6,3.450385407695946,-0.14961459230405394
2444,train,C[C@@H]1CN([C@@H](CO1)c2ccccc2)c3ccc4OCC(=O)Nc4n3,2.75,2.63271377002586,-0.11728622997414018
83,train,CNCCCC12CCC(c3ccccc13)c4ccccc24,0.89,1.0952904628598015,0.20529046285980146
57,train,CCC(CC)NC(=O)c1cnn(C)c1NS(=O)(=O)c2ccc(C)cc2,0.36,0.4378919724671366,0.07789197246713664
4006,train,Cc1ccc(cc1NC(=O)c2ccc(OCc3ccccn3)cc2)c4nc5ccccc5[nH]4,3.24,3.3533773008061125,0.1133773008061123
1349,train,O=C1C=C(N=C2N(Cc3cccc4ccccc34)C=CN12)N5CCOCC5,3.3,3.3990199172892517,0.09901991728925186
1021,train,Fc1ccc(cc1Cl)C2CNCC=CC2,1.33,1.6034331757349578,0.27343317573495773
2717,train,CC1=CN([C@H]2CCCN(C2)S(=O)(=O)c3ccc(C(=O)N)c(Oc4cccc(Cl)c4)c3)C(=O)NC1=O,1.96,1.9733604223353078,0.013360422335307875
1752,train,CCC(N(CCCN)C(=O)c1ccc(C)cc1)C2=Nc3ccsc3C(=O)N2Cc4ccc(Cl)cc4,2.32,2.2208527834273397,-0.09914721657266012
3019,train,Clc1ccc(cc1)C(=O)CN2C3=NCCN3c4ccccc24,2.62,2.7763943661402952,0.15639436614029512
3542,train,CC(C)CN1C(=O)N(C)C(=O)c2c(SCCCO)n(Cc3cccc4ccccc34)cc12,4.36,4.3492440992115995,-0.01075590078840083
1857,train,CC(C)Oc1ccc2C(=O)C(=COc2c1)c3ccccc3,4.07,3.7711919534576923,-0.29880804654230797
3139,train,CCOC(=O)c1ccc(OCCC2CN(CCO2)c3ccc(C)nn3)cc1,2.7,2.731326616060578,0.03132661606057763
741,train,O=C1Nc2ccccc2C=C1,1.32,1.2907795615458415,-0.02922043845415856
2225,train,OC1=NC(=O)CN1N=Cc2oc(cc2)c3ccc(cc3)[N+](=O)[O-],1.35,1.4717632901687985,0.12176329016879839
3428,train,CC(=O)Nc1ccc(cc1)S(=O)(=O)Nc2ccc(Cc3ccncc3)cc2,2.8,1.9207376720325853,-0.8792623279674145
3555,train,CS(=O)(=O)Cc1ccc2ccn(c3cc(NC4CC4)n5ncc(C#N)c5n3)c2c1,2.49,2.546847205988372,0.05684720598837201
2651,train,COCCOc1ccc(Nc2ncc3cc(ccc3n2)c4ccncc4)cc1,3.1,3.0297118393395794,-0.07028816066042065
580,train,CNc1nc2ccccc2n1Cc3sc4N(CC(C)C)C(=O)N(C)C(=O)c4c3C(=O)N5CC[C@@H](O)C5,1.61,1.6584957021197084,0.04849570211970833
2934,train,NC(=O)c1ccc(cc1)c2cc3c(N[C@H]4CCCNC4)ncc(C(=O)N)c3s2,0.28,0.8748238475831589,0.5948238475831589
962,train,NC1=NN(CC1)c2cccc(c2)C(F)(F)F,2.55,2.2733950039340627,-0.27660499606593714
2353,train,COc1ccc(CC(C)(C)NC[C@H](O)c2cc(O)cc3NC(=O)COc23)cc1,0.79,0.9472588410611764,0.15725884106117638
1512,train,CC(C)N1CCN(Cc2cnc(c(F)c2)c3ccc(cc3)C(=O)Nc4ccccc4N)CC1,1.6,1.4753807895355975,-0.12461921046440261
1634,train,Fc1ccc(cc1)N2CCN(CC2)C(=O)[C@@H]3CCCC[C@H]3C(=O)NC4(CC4)C#N,2.12,2.231793051051753,0.11179305105175308
1870,train,O=C1Oc2ccccc2C=C1c3ccccc3,3.22,3.0651335284658225,-0.15486647153417765
2518,train,N#Cc1nc(nc(n1)N2CCOCC2)N3CCOCC3,1.51,1.632847918821479,0.12284791882147905
1965,train,COCC[C@H](Oc1ncnc2c1cnn2c3ccccc3Cl)C(=O)Nc4ccc(C)cn4,3.6,3.3886224944447,-0.2113775055553
2571,train,CC1N=C(N)N=C(N)N1c2ccc(Cl)cc2,-0.8,-0.20871802101534076,0.5912819789846593
3674,train,CN1CCN(CC1)C(=O)Cc2csc(NS(=O)(=O)c3cccc(Cl)c3C)n2,0.57,0.6546812971559244,0.08468129715592443
1695,train,O=S(=O)(c1ccccc1)C2(CC2)c3cc(nc(n3)c4cccc5[nH]ccc45)N6CCOCC6,3.4,3.0825885864140723,-0.3174114135859276
1893,train,COC(=O)c1ccc(CC(=O)N(C)C2CCN(CCC(c3ccccc3)c4ccccc4)CC2)cc1,4.0,3.903335418895485,-0.09666458110451481
1830,train,Nc1ccc2c(c1)C(=O)C(=O)c3cc(N)ccc23,1.72,1.5549624246100873,-0.1650375753899127
359,train,CC(C)n1ncc2c(cc(nc12)C3CC3)C(=O)NCc4c(C)cc(C)nc4O,3.8,3.6451660552387777,-0.15483394476122214
3889,train,OC(=O)COc1ccc(Cl)cc1CN2CCC(CC2)S(=O)(=O)c3ccccc3,0.48,0.4970249792679342,0.017024979267934226
367,train,COc1ccc(cc1)S(=O)(=O)NC(=O)N2CCC(CC2)N3CCC(CC3)Oc4ccc(Cl)c(Cl)c4,1.39,1.4603129467841016,0.07031294678410172
3735,train,Fc1ccccc1Nc2oc(nn2)C(=O)Nc3ccc(cn3)N4CCOCC4,2.4,2.628339078102351,0.22833907810235088
2476,train,CC(O)(C(=O)Nc1ccc(cc1)S(=O)(=O)c2ccncc2)C(F)(F)F,2.15,2.338093682373147,0.18809368237314716
2131,train,O=C1COC2(CCN(CC2)S(=O)(=O)c3ccc(cc3)c4ccc5cccnc5c4)CN1C6CC6,3.24,3.3344026691944753,0.09440266919447504
2837,train,ONC(=O)Cc1ccc(Oc2ccccc2)cc1,2.03,2.0789056652319178,0.04890566523191797
2553,train,CCCc1c(O)c(ccc1OCc2ccc(cc2OC)c3nn[nH]n3)C(=O)C,2.8,2.8849634892496314,0.0849634892496316
816,train,CC(C)CN1C(=O)N(C)C(=O)c2c1sc(Cc3ccnc4ccccc34)c2C(=O)N5C[C@H](O)CO5,2.14,1.9847222542247478,-0.15527774577525233
2,train,COC(=O)[C@@H](N1CCc2sccc2C1)c3ccccc3Cl,3.69,3.4248791758955166,-0.26512082410448334
1925,train,CC(C)(O)c1ccc(Nc2nc3ccc(cc3[nH]2)C#N)cc1,2.73,3.0809965131843313,0.35099651318433134
933,train,Cc1ccc(cc1)S(=O)(=O)c2ccccc2,2.74,2.544362577900954,-0.195637422099046
1985,train,FC(F)(F)c1cc(COCC(N2CCNCC2)c3ccccc3)cc(c1)C(F)(F)F,2.9,2.9268803673553236,0.02688036735532373
747,train,Cc1c(Cl)ccc(OC2CCN(C[C@H](O)CNC(=O)C3=CNC(=O)c4cc(ccc34)S(=O)(=O)C)CC2)c1Cl,2.83,2.7831168508733346,-0.04688314912666547
3340,train,CC(C)Cn1cnc(c2ccccc2)c1c3nc4c(N)ncnc4s3,3.72,3.568738495094352,-0.15126150490564827
531,train,COc1ccc(N(C(C(=O)NC2CCCC2)c3ccccc3F)C(=O)c4occc4)c(OC)c1,3.09,3.362087577925151,0.27208757792515126
1937,train,OC(CN1CCOCC1)c2ccccc2,1.0,0.8591931519008702,-0.1408068480991298
2248,train,CN(c1cccc(CO)c1)c2ccnc(Nc3cc(cc(c3)N4CCOCC4)N5CCOCC5)n2,2.6,2.596354421330349,-0.003645578669650984
391,train,Cc1cnc(cn1)C(=O)NCCc2ccc(cc2)S(=O)(=O)NC(=O)NC3CCCCC3,0.31,0.47223463707385727,0.16223463707385727
3150,train,Oc1ccc(Br)cc1C(=O)C(=O)c2cc(Br)ccc2O,3.85,3.0016771147047177,-0.8483228852952824
1938,train,OCCN1CCN(CCCN2c3ccccc3Sc4ccc(cc24)C(F)(F)F)CC1,3.8,3.7584950323855146,-0.04150496761448519
572,train,Clc1ccc2C(=O)C3=C(Nc2c1)C(=O)NN(CC#Cc4ccccc4)C3=O,1.78,1.8459016976491447,0.06590169764914466
1044,train,C[C@@H](N1CCC[C@@H](C1)N2C=C(C)C(=O)NC2=O)c3ccc(C(=O)O)c(Oc4cccc(Cl)c4)c3,-0.3,-0.20251476758697873,0.09748523241302126
2956,train,Cc1ccc(cc1)S(=O)(=O)NC(=O)N2CCC(CC2)N3CCC(CC3)Oc4ccc(Cl)c(C)c4Cl,2.2,2.173592718246258,-0.026407281753741962
1730,train,CCOC(=O)c1ccc(OCCC2CCN(CC2)c3ccc(C)nn3)cn1,2.63,2.97697297981011,0.34697297981011
1303,train,COc1cc2ncnc(Nc3cccc(Cl)c3F)c2cc1OC4CCN(CC(=O)N)CC4,3.1,2.902025366696106,-0.1979746333038941
2172,train,OC(=O)c1cncc(c1)c2cnc3[nH]c(cc3c2n4ccc(n4)C(F)(F)F)C(=O)NC5CC5,-0.98,-0.5806077420466687,0.39939225795333133
3385,train,COc1ccnc(NC2CCN(CC2)C(=O)c3ccc(Cl)cc3)c1,2.82,2.718518308404036,-0.10148169159596376
3646,train,CN(C)C(=O)[C@H](Cc1ccccc1)NC(=O)c2cc3sccc3[nH]2,3.1,2.928292531239227,-0.17170746876077292
888,train,Nc1ncnc2c1ncn2[C@@H]3O[C@H](CSCCCNC(=O)NCc4ccccc4)[C@@H](O)[C@H]3O,0.9,1.2225505692804566,0.32255056928045656
1252,train,C[C@H](CO)Nc1nc(SCc2ccccc2F)nc3nc(N)sc13,3.12,3.2953450808657827,0.1753450808657826
40,train,OB1N(C(=O)Nc2ccccc12)c3ccccc3,1.4,1.3356699354600627,-0.06433006453993717
938,train,Cc1ccc2c(c1)c(Sc3ccc(Cl)cc3)c(C)n2CC(=O)O,2.18,2.0008392146639467,-0.1791607853360535
848,train,C[C@@H](NC(=O)C)c1ccc(Nc2ncc3cc(cc(C)c3n2)c4ccncc4)cc1,3.46,3.4087746663208627,-0.051225333679137286
1631,train,Cc1cc(N)nc(CCNC(=O)c2ccc(cc2)C#N)c1,1.62,1.6310309149318103,0.011030914931810187
1775,train,OC(CCN1CCCCC1)(C2CCCCC2)c3ccccc3,2.68,2.838355781074913,0.158355781074913
1184,train,CNC(=O)OC[C@@H](C)N(c1cc(Cl)ccc1CO)S(=O)(=O)c2ccc(Cl)cc2,3.0,2.8232845238311888,-0.17671547616881123
3998,train,CC(C)NC(=O)c1ccc2c(Nc3ccc(Cl)cc3)nc(nc2c1)N4CCOCC4,2.78,2.8327069117156585,0.052706911715658666
3588,train,CCN(C1CCN(CCC(c2ccccc2)c3ccccc3)CC1)C(=O)Cc4ccc(cc4)[N+](=O)[O-],4.1,4.006280963516187,-0.09371903648381252
4107,train,CC(C)C(NC(=O)CN1C(=O)C(=CN=C1c2cc(F)cc(F)c2)N)C(=O)C(F)(F)F,1.38,1.471817124623973,0.09181712462397318
3069,train,CNc1nc2ccccc2n1Cc3sc4N(CC(C)C)C(=O)N(C)C(=O)c4c3C(=O)N5C[C@H](O)CO5,1.77,2.0368289012090592,0.2668289012090592
2365,train,CC(C)CN1C(=O)NC(=O)c2c1sc(Cc3ccccc3C(F)(F)F)c2C(=O)N4CCC4,3.0,3.3285315642175712,0.32853156421757124
1641,train,COCCOc1cc2ncnc(Nc3cccc(c3)C#C)c2cc1OCCOC,3.35,3.276222745289001,-0.07377725471099916
1500,train,COc1ncccc1c2cccc3c(N)c4C(=O)N(Cc4nc23)C5CCC5,3.26,3.119008698439894,-0.14099130156010586
3778,train,Clc1ccc2OCOc2c1Nc3ncnc4cc(OCCN5CCCC5)cc(OC6CCOCC6)c34,2.6,2.7694540782569446,0.16945407825694447
2037,train,COc1ccccc1C(=O)Nc2nc3ccccc3[nH]2,2.9,3.2280145610655087,0.32801456106550875
2462,train,COc1ccc(cc1)[C@@H]2Sc3ccccc3N(CCN(C)C)C(=O)[C@@H]2OC(=O)C,1.99,1.838341730369259,-0.15165826963074092
1528,train,N[C@H]1CCN(C1)c2c(Cl)cccc2\C=C\3/SC(=O)NC3=O,1.89,1.6359281489597302,-0.25407185104026975
4127,train,c1ccc(cc1)c2[nH]nc3ccccc23,3.79,3.542905506615802,-0.2470944933841981
4188,train,COC(=O)COc1ccc(cn1)C(=O)Nc2ccc(F)cc2,2.43,2.22865151353971,-0.20134848646029013
2920,train,COc1ccc(CC(=O)Nc2nc3ccccc3[nH]2)cc1,2.9,2.5889845333292705,-0.31101546667072943
1615,train,COc1cccc2sc(NC(=O)c3ccccc3)nc12,3.96,3.630085526587036,-0.329914473412964
396,train,O=C(Nc1cccc(NC(=O)c2ccccc2)n1)c3ccccc3,4.02,3.5155546473968293,-0.5044453526031702
51,train,NC(Cc1c[nH]c2ccccc12)C(=O)O,-1.17,-0.8975066173994408,0.2724933826005591
1823,train,COc1cc(N2CCCN(C)CC2)c3NC(=CC(=O)c3c1)C(=O)Nc4ccc(cc4)N5CCOCC5,2.1,2.1961014993702457,0.09610149937024559
2293,train,CC(=O)Nc1cccc(Nc2nc(NC3CC3)n4ncc(C#N)c4n2)c1,2.1,2.063131113915004,-0.036868886084996166
694,train,CC(C)CN1C(=O)N(C)C(=O)c2c1sc(Cc3ccccc3C(F)(F)F)c2C(=O)N4CCC4,3.46,3.4228576301755496,-0.037142369824450405
3346,train,CC1=CC2=NNC(=O)N2c3cc(ccc13)c4ccncc4,2.29,2.413009999120887,0.12300999912088706
1560,train,CC(C)CN1C(=O)N(C)C(=O)c2c1sc(Cc3ccnc4ccccc34)c2C(=O)N5C[C@@H](O)[C@@H](O)C5,1.18,1.4579876686739415,0.27798766867394153
3002,train,CCC(N(CCCN)C(=O)c1ccc(C)cc1)C2=Nc3ccsc3C(=O)N2Cc4ccc(OC)cc4,2.15,1.9714687418450636,-0.1785312581549363
201,train,Clc1ccccc1CCNC(=O)c2cc(ccc2Cl)N3N=CC(=O)NC3=O,1.29,1.5749127605582087,0.2849127605582087
3916,train,CN1CCN(CC1)C2=Nc3ccccc3Nc4sc(C)cc24,2.19,2.1873962751150766,-0.0026037248849233308
2320,train,NC(=O)Cc1ccccc1,0.3,0.7563174633052199,0.4563174633052199
3103,train,OC(=O)COc1ccc(cc1c2ccccc2)c3nccs3,-0.16,0.03002400119197457,0.19002400119197457
1876,train,CN1CCN(CC1)C(=O)OC2N(C(=O)c3nccnc23)c4ccc(Cl)cn4,1.1,1.1379352499749558,0.037935249974955676
1839,train,FC(F)(F)c1ccc(cc1)S(=O)(=O)N2CCN(CC2)C(=O)N3CCN(CC3)c4ccncc4Cl,3.54,3.3963836007239676,-0.14361639927603242
1958,train,Nc1scc2C(=NN(C(=O)c12)c3ccc(F)cc3)C(=O)NC4CC4,2.8,2.6990479082595953,-0.10095209174040454
2021,train,CNc1nc(C)c(s1)c2nc(Nc3cccc(c3)N4CCCNCC4)ncc2C#N,1.64,1.6698665238845798,0.029866523884579887
3619,train,OC(=O)c1ccc(NC(=O)c2cc(OCc3ccccc3)cc(OCc4ccccc4)c2)nc1,2.7,2.383464676297354,-0.31653532370264603
2299,train,CC(C)C(NC(=O)CN1C(=O)C(=CC=C1c2ccccc2)N)C(=O)C(F)(F)F,1.74,1.6990811713320273,-0.040918828667972695
1718,train,CC(C)(C)OC(=O)N1C[C@@H]2CC[C@H]1CN2c3ncc(OCc4ccc(cc4)S(=O)(=O)C)cn3,3.4,3.3814246663984635,-0.018575333601536403
2674,train,CC1=NC(=C(NC1=O)c2ccccc2)c3ccc(CN4CCC(CC4)N5C(=O)Nc6ccccc56)cc3,3.8,3.647845499328059,-0.1521545006719407
3369,train,CC(C)N1CCC[C@@H](CN2CCN(CC2)C(=O)Nc3ccc(Cl)c(Cl)c3)C1,1.62,2.382838704123657,0.7628387041236571
3701,train,Cc1nc(C)c(s1)C(=O)N[C@@H](Cc2cccc(Cl)c2)C(=O)NCC#N,2.0,2.046723292377472,0.04672329237747208
456,train,Cc1ncc(CO)c(CO)c1O,-0.58,-0.3173786062591959,0.26262139374080407
3792,train,CCCN1CCC(CC1)Oc2nccc(Nc3cc(NC(=O)c4cccc(c4)N5CCOCC5)ccc3C)n2,2.6,2.5721658192265857,-0.027834180773414374
4070,train,Cc1cc(Cl)ccc1N2CCN(CC2)C(=O)COCc3ccncc3,3.22,3.0546245027492027,-0.16537549725079748
1976,train,Oc1cccc(NC(=O)c2ccc(OCCCN3CCCC3)cc2OCc4cccc(F)c4)c1,3.15,3.1236550584500495,-0.026344941549950374
102,train,CNC(=C[N+](=O)[O-])NCCSCc1oc(CN(C)C)cc1,-0.95,-0.5915053473846981,0.3584946526153019
1911,train,OC(=O)CC[C@H]1[C@@H](Cc2ccccc12)NC(=O)c3cc4sc(Cl)c(Cl)c4[nH]3,2.84,2.5639211265988195,-0.2760788734011803
160,train,Cc1ccc(NC(=N)N)cc1C,-1.34,-0.674963223875789,0.6650367761242111
3142,train,Nc1nc2nc(SCc3ccccc3)nc(N)c2s1,3.1,3.171146382650829,0.07114638265082895
404,train,CC(C)N1CCN(Cc2cnc(c(Cl)c2)c3ccc(cc3)C(=O)Nc4ccccc4N)CC1,1.68,1.8541627023358382,0.1741627023358383
4064,train,COc1cc(Nc2nc(N[C@@H](C)c3ncc(F)cn3)nc(N4CCOCC4)c2F)n[nH]1,2.64,2.485475914211465,-0.15452408578853527
2092,train,CCN(CC)C(=O)c1ccc(cc1)C(=C2CCN(Cc3ccc(F)cc3)CC2)c4ccc(NC(=O)OC)cc4,4.01,3.9858253053158124,-0.024174694684187426
2278,train,Clc1ccc(cc1)c2cn3ccccc3n2,4.0,3.603833568919916,-0.3961664310800841
2260,train,CC(C)CN1C(=O)N(C)C(=O)c2c1sc(Cc3c(C)n[nH]c3C)c2C(=O)N4C[C@H](O)CO4,1.07,1.1762442745160389,0.1062442745160388
2165,train,Cc1ccccc1C[C@H](N2CCC(CN3CCC(CC3)Oc4ccc(Cl)c(Cl)c4)CC2)C(=O)O,2.54,2.630996233911557,0.09099623391155687
3083,train,Fc1ccc(F)c(NS(=O)(=O)c2ccc(Cl)cc2)c1,2.9,2.5288610994998746,-0.3711389005001253
128,train,Cn1ncnc1COc2nn3c(nnc3cc2C(C)(C)C)c4cc(F)ccc4F,2.4,2.5045972862704406,0.10459728627044074
2503,train,Cc1ccc(cc1)\C(=C/CN2CCCC2)\c3ccccn3,1.88,1.7272962407355867,-0.15270375926441315
3738,train,NCC(O)(c1ccccc1)c2ccccc2,0.9,0.929719540718855,0.029719540718854964
3967,train,CCCC(=O)Nc1ccc(OCC(O)CNC(C)C)c(c1)C(=O)C,-0.27,-0.061889366056060435,0.20811063394393958
398,train,CCc1[nH]nc(NC(=O)Cc2ncc(Oc3ccnc4cc(OC)c(OC)cc34)cc2OC)c1C,2.79,3.0237460069136306,0.23374600691363057
2342,train,Fc1ccc(CC2=NNC(=O)c3ccccc23)cc1C(=O)N4CCN(CC4)c5ccccn5,2.55,2.273570291547829,-0.27642970845217096
1983,train,Fc1ccc(Nc2oc(nn2)C(=O)Nc3ccc(nc3)N4CCOCC4)cc1F,2.9,3.1205678763997966,0.2205678763997967
3931,train,CO[C@@H]1C[C@@H](N(Cc2cc3c(Nc4cccc(Cl)c4F)ncnc3cc2OC)C1)C(=O)N,3.09,3.3381047943046127,0.24810479430461285
4081,train,COc1cc(F)ccc1c2cccc(CNC3CCCC3)c2,2.29,2.68263980284279,0.39263980284279
3172,train,COc1cc(ccc1Nc2ncc(Br)c(n2)c3cnc4ccccn34)N5CCN(CC5)C(=O)C,3.7,3.47127453802645,-0.22872546197355037
3053,train,CCCOc1nc(ccc1C(=O)NC2CCCCC2)N3CCC[C@@H](CC(=O)O)C3,2.81,2.5508439156019644,-0.2591560843980356
2707,train,OC(=O)C1=CN(C2CC2)c3cc(N4CCN(CC4)C(=O)CC[N+](=O)[O-])c(F)cc3C1=O,0.22,0.18115683846305952,-0.03884316153694048
2347,train,COCCOc1nc(N)c2NC(=O)N(Cc3ccccc3)c2n1,2.26,2.267351535804898,0.007351535804898113
1320,train,CCn1c2ccccc2c3cc(NC(=O)CCc4ccncc4)ccc13,3.75,4.161561896491696,0.41156189649169583
2361,train,CN1CCN(CC1)c2nc(NCCNc3ccc(cc3)[N+](=O)[O-])c4ccccc4n2,2.91,2.9863840724035327,0.07638407240353251
783,train,CN1SC(=NC1=O)NC(=O)c2ccccc2,1.13,1.1781467329362112,0.0481467329362113
3461,train,NC1(CCC1)c2ccc(cc2)c3ncc4ccccc4c3c5ccccc5,3.6,2.9703457403224567,-0.6296542596775434
939,train,Clc1cccc(NC(=O)c2ccccn2)c1,3.4,3.072839914129981,-0.32716008587001877
1826,train,COc1cc2ncnc(Nc3cccc(O)c3)c2cc1OC,2.6,2.755235302450214,0.155235302450214
4148,train,C[C@H](NC(=O)c1c(C)nn(C2CCCCC2)c1NS(=O)(=O)c3ccc(C)cc3)C(C)(C)C,1.97,2.028068166967576,0.058068166967575996
3930,train,CC(C)n1c(C)ncc1c2nc(Nc3ccc(cc3)C(=O)N4CCN(C)CC4)ncc2F,2.49,2.234026724925955,-0.2559732750740453
1921,train,COc1cc(Oc2ccnc3ccc(F)cc23)ccc1CC(=O)Nc4noc(C)c4C,4.06,3.8585282057242813,-0.20147179427571826
2618,train,Cc1ccccc1S(=O)(=O)NC(=O)N2CCC(CC2)N3CCC(CC3)Oc4ccc(Cl)c(Cl)c4,1.71,1.8911193386039526,0.18111933860395268
2860,train,Cc1ccc(cc1)c2cc(C(=O)N3CCOCC3)c4cc(C)ccc4n2,3.6,2.877445641460449,-0.7225543585395511
3354,train,CCC(N(CCCN)C(=O)c1ccc(C)cc1)C2=Nc3ccsc3C(=O)N2Cc4ccccc4,1.81,1.7503576512126722,-0.05964234878732788
3209,train,O=C(NCCN1CCCC1)c2ccc(Nc3ncc4cc(ccc4n3)c5ccncc5)cc2,2.39,2.4262016505174664,0.036201650517466266
2545,train,CN(C1CCN(Cc2ccc(cc2)C(F)(F)F)CC1)C(=O)Cc3ccc(cc3F)S(=O)(=O)C,2.7,2.665147264172088,-0.03485273582791226
300,train,Oc1ccc(CCNCCCS(=O)(=O)NCCOCCc2cccc(Cl)c2)c3sc(O)nc13,1.92,2.13426642427931,0.2142664242793102
2065,train,CN1C(=O)CN=C(c2ccccc2F)c3cc(ccc13)[N+](=O)[O-],2.1,2.143875424753356,0.04387542475335593
3374,train,NC1(CCN(CC1)c2ncnc3[nH]ccc23)C(=O)NC(CCO)c4ccc(Cl)cc4,2.5,2.104100046547059,-0.39589995345294104
3110,train,CC(C)C1NCCc2c1sc3ccccc23,2.8,2.317426021536846,-0.482573978463154
484,train,OC(=O)c1cc(nc2ccc(F)cc12)c3ccncc3,-0.8,-0.19106217018480232,0.6089378298151977
943,train,CC(C)N1C(=O)N(CC2CC2)c3nn(Cc4ccnc5ccc(Cl)cc45)c(c6cncn6C)c3C1=O,4.02,3.8552364327752793,-0.1647635672247203
2421,train,C[C@@H](Oc1ccc(cc1C(=O)N2CCN(CC2)c3ncc(cc3F)C(F)(F)F)S(=O)(=O)C)C(F)(F)F,3.49,3.276080034480061,-0.2139199655199393
3748,train,CN(C)CCCC(NC(=O)C1(N)CCN(CC1)c2ncnc3[nH]ccc23)c4ccc(Cl)cc4,1.4,1.357780198083654,-0.042219801916346
3282,train,CCCN(CCO)CCCOc1cc2ncnc(Nc3cc(CC(=O)Nc4cccc(F)c4F)[nH]n3)c2cc1OC,1.28,1.8273388472784897,0.5473388472784897
3268,train,CCC(=C)C(=O)c1ccc(OCC(=O)O)c(Cl)c1Cl,0.02,0.014342065202932908,-0.005657934797067093
3878,train,COCCOc1ccc(cc1)c2cc(C(=O)N)c(NC(=O)N)s2,2.34,2.1623339801940586,-0.1776660198059412
1787,train,CC1=CN([C@H]2CCCN(Cc3cccc(Oc4cccc(Br)c4)c3)C2)C(=O)NC1=O,3.68,3.0846419140049384,-0.5953580859950618
2527,train,CCN(C1CCN(CCC(c2ccccc2)c3ccccc3)CC1)C(=O)NCc4ccc(cc4)S(=O)(=O)C,2.86,2.667298642423645,-0.19270135757635476
510,train,FC(F)(F)COc1ccc(OCC(F)(F)F)c(c1)C(=O)NCC2CCCCN2,1.13,1.1988692783675288,0.06886927836752887
2224,train,COC(=O)c1ccc(NC(=O)c2cc(OC)c(OC)c(OC)c2)cc1,3.2,2.8906021496126306,-0.30939785038736956
516,train,COc1cccc2c(O)cc(nc12)c3ccccc3,2.3,2.345245525399357,0.045245525399357334
3859,train,COc1cc2ncnc(Nc3cccc(Cl)c3F)c2cc1CN(C)C4(CCN(C)CC4)C(=O)N,2.16,2.1761630807370533,0.016163080737053193
1640,train,O=C(NCC#N)[C@@H]1CCCC[C@H]1C(=O)N2CCc3ccccc3C2,1.91,1.76311746166974,-0.14688253833025988
2542,train,COc1ccnc(CSc2nc3ccccc3[nH]2)c1,2.89,2.7990504203422533,-0.09094957965774686
1682,train,OC(=O)COc1ccc(cc1c2ccc(Cl)cc2)C(F)(F)F,0.9,0.8997879147534462,-0.0002120852465538059
3815,train,C[C@H]1O[C@H]([C@H](O)[C@@H]1O)n2cnc3c(N)nc(OCC4CC45CC5)nc23,1.78,2.0714090156234612,0.2914090156234612
195,train,Nc1nc(N)nc(n1)c2cccc(c2)C(F)(F)F,2.4,2.6221176675303233,0.22211766753032336
1506,train,NC(=O)c1cc(cc(c1)[N+](=O)[O-])[N+](=O)[O-],0.81,0.686027241601538,-0.123972758398462
3676,train,CN(c1ccnc(Nc2cc(cc(c2)N3CCOCC3)N4CCCOCC4)n1)c5cc(CO)ccc5C,3.3,3.420089648335095,0.12008964833509506
3395,train,CCOC(=O)C1=COc2ccccc2C1=O,1.81,1.9741763338051648,0.16417633380516472
2410,train,Cc1sc2ncnc(N3CCN(CC3)c4ncccn4)c2c1C,3.66,3.052371274471498,-0.6076287255285022
2466,train,CN(C1CCN(Cc2ccc(nc2)C(F)(F)F)CC1)C(=O)Cc3ccc(cc3)n4cnnn4,1.8,1.676680114320534,-0.12331988567946595
109,train,Nc1nc(Nc2cccc(Br)c2)c3nc[nH]c3n1,3.04,2.5081806784506377,-0.5318193215493623
2447,train,OC(=O)COc1ccc(Cl)cc1CN2CCN(CC2)S(=O)(=O)c3ccc(F)cc3,0.99,0.8538784494291118,-0.13612155057088815
3315,train,Nc1ncnc2ccccc12,1.26,1.3650790576603475,0.10507905766034753
1951,train,COc1cc2ncc(C(=O)N)c(Nc3cccc(F)c3F)c2cc1OC,2.82,2.6758502726409423,-0.1441497273590575
825,train,Oc1cc(O)cc(\C=C\c2ccc(O)c(O)c2)c1,2.11,2.286998457326524,0.17699845732652397
2128,train,O=C(NC1(CC1)C#N)[C@@H]2CCCC[C@H]2C(=O)N3CCN(CC3)c4nc5ccncc5s4,1.6,1.5842486971041492,-0.015751302895850916
699,train,C[C@H](Nc1ccc2ncn(c3cc([nH]n3)C4CC4)c2n1)c5ncc(F)cn5,2.74,2.609375844698974,-0.13062415530102633
9,train,Oc1ncnc2scc(c3ccsc3)c12,2.25,2.065728938029954,-0.18427106197004584
3511,train,NC(=O)c1nnn(c1N)c2ccccc2,0.74,0.819315318982389,0.07931531898238897
1950,train,CC1(C)COCc2sc(nc12)N3CCN(CC3)C(=O)[C@@H]4CCCC[C@H]4C(=O)NC5(CC5)C#N,2.4,2.3627696206405706,-0.0372303793594293
659,train,Nc1nc(N)c2cc(NCc3ccc(Cl)c(Cl)c3)ccc2n1,2.22,2.207466017600818,-0.012533982399182353
3446,train,COc1ccc(cc1)c2nc(nc(O)c2C#N)N3CCOCC3,0.2,0.3221854056453757,0.12218540564537567
1601,train,NCc1ccc(NC(=O)c2cc(Nc3ncccn3)c4cc(ccc4c2)\C(=N\O)\N)cc1,-0.85,-0.3337167974946711,0.5162832025053289
1214,train,Fc1ccc(cc1)C(NC(=O)CC2CCN(Cc3ccn(c3)c4ccc(cc4)C(F)(F)F)CC2)C5=CNC(=O)C(=C5)Cl,3.12,3.065636243467475,-0.05436375653252501
1862,train,CC[C@H]1[C@@H](Cc2cncn2C)COC1=O,-0.37,0.1238703614809955,0.4938703614809955
1267,train,Cc1nccc(c1Cl)c2ccc(cc2)c3nc4ccncc4c(O)c3C#N,2.0,1.9429566909651415,-0.05704330903485855
534,train,CCc1ccccc1c2ccc(cc2)c3nc4ccncc4c(O)c3C#N,3.5,3.0835409964981144,-0.4164590035018856
1225,train,NC1(CCC1)c2ccc(cc2)C3=NN4C=CC(=O)N=C4C=C3c5ccccc5,0.2,0.5699668477315154,0.3699668477315154
1444,train,CC(C)n1c(C)ncc1c2ccnc(Nc3ccc(cc3)N4CCN(CC4)C(=O)C)n2,2.39,2.541577831825002,0.15157783182500184
2691,train,Oc1ccc(cc1)C2=CC(=O)c3ccccc3N2,2.34,2.311272511897395,-0.028727488102604948
4126,train,O=C(CN1CCOCC1)Nc2ccc(cc2OCC3CC3)c4cccc5C(=O)C=C(Oc45)N6CCOCC6,3.3,3.0302050961791656,-0.26979490382083426
1149,train,CC(NCC(O)c1ccc(cc1)[N+](=O)[O-])C23CC4CC(CC(C4)C2)C3,3.53,3.01184513026824,-0.51815486973176
2212,train,CC(C)[C@H](NC(=O)CCc1ccccc1)C(=O)N2CCCC2,2.49,2.455899695033596,-0.03410030496640415
4164,train,COc1cc(Nc2nc3c(cc2F)ncn3[C@@H](CO)c4ccc(F)cn4)n[nH]1,2.18,2.513502114059595,0.33350211405959485
2558,train,O[C@]1(CN2CCC1CC2)C#Cc3ccc(Oc4ccc(cc4)C(=O)NCc5ccncc5)cc3,2.42,2.492277903900297,0.07227790390029698
507,train,NS(=O)(=O)c1ccc(NCc2ccccc2)cc1,1.7,1.3563212029420004,-0.34367879705799953
2924,train,Clc1ccc2nc(ccc2c1C(=O)NCC34CC5CC(CC(C5)C3)C4)N6CCC[C@@H](C6)NCCc7nnn[nH]7,3.08,2.9357183725111717,-0.14428162748882833
754,train,Fc1cccc2[nH]c3CCN(Cc3c12)C(=O)[C@@H]4CCCC[C@H]4C(=O)NC5(CC5)C#N,3.2,3.130177456252017,-0.06982254374798336
2791,train,Clc1ccccc1N2CCN(CC2)C(=O)NC3CCCCC3,3.78,3.4349950427617566,-0.3450049572382432
932,train,CCN(C1CCN(CCC(c2ccccc2)c3ccc(NC(=O)C)cc3)CC1)C(=O)Cc4ccc(cc4)S(=O)(=O)C,2.09,2.3242636610806393,0.23426366108063945
4146,train,COc1cc(OC)c(cc1NC(=O)C)S(=O)(=O)NCc2ccccc2N3CCC(CO)CC3,1.03,1.1736265270081712,0.14362652700817113
1928,train,C1CNCC(C1)c2nc3ccccc3s2,1.0,1.29127738930816,0.29127738930815994
1359,train,C[C@H](Oc1ncc(Cl)c(Nc2cc(C)[nH]n2)n1)c3ncc(F)cn3,1.82,1.9678092273999412,0.14780922739994118
3109,train,COc1ccc2[nH]c(cc2c1)C(=O)N3CCN(C)CC3,1.62,1.5423129222963303,-0.07768707770366978
636,train,Cc1cccc(C(=O)N)c1NC(=O)c2ccccc2,1.09,1.5646764126069805,0.47467641260698046
592,train,O=C(Nc1ccccc1)c2oc3ccccc3c2,3.44,3.1975497594052884,-0.24245024059471154
1562,train,COc1ccc2C=CC(=O)N(CCN3CCC(CC3)NCc4cc5OCCOc5cn4)c2c1,1.31,1.1602890285403142,-0.14971097145968582
92,train,CN(C)C(=O)c1ccc(CN2CCc3cc4nc(N)sc4cc3CC2)cc1,1.72,1.5817593436886983,-0.13824065631130167
688,train,C[C@]12CC[C@H]3[C@@H](CCc4cc(O)ccc34)[C@@H]1CC[C@@H]2O,3.72,3.79989338604439,0.07989338604439
2841,train,CCN1CCC[C@H](C1)C(=O)N2CCN(CC2)C(=O)Nc3ccc(Cl)c(Cl)c3,1.6,2.0498979569691467,0.4498979569691466
2484,train,NC(=O)c1sc2nccc(Nc3ccccc3)c2c1N,2.91,2.913924511739688,0.003924511739687997
1946,train,CC(C(=O)O)c1cccc(c1)C(=O)c2ccccc2,-0.12,0.16033907045326856,0.28033907045326856
1910,train,OCCCN1C(=O)C(Cc2ccccc12)NC(=O)c3cc4cc(Cl)sc4[nH]3,3.49,3.4275835345237264,-0.062416465476273775
3405,train,Cc1cc(C)cc(c1)c2oc(SCC(=O)N3CCN(CC3)C(=O)c4occc4)nn2,3.0,2.716562883732089,-0.283437116267911
1368,train,[O-][N+](=O)c1ccc(cc1)C2=Nc3ccccc3C(=O)N2,2.5,2.4079532660866465,-0.0920467339133535
90,train,COc1ccnc(CCc2nc3c(C)ccnc3[nH]2)c1,2.1,2.065348566094618,-0.034651433905382056
900,train,CC(C)n1c(C)ncc1c2ccnc(Nc3ccc(cc3)S(=O)(=O)CC4CCCO4)n2,2.82,2.6480023405194366,-0.17199765948056323
1502,train,Nc1ccccc1NC(=O)c2ccc(cc2)C3CCN(Cc4ccccc4)CC3,2.51,2.354685168855165,-0.1553148311448349
1350,train,COc1cc2ncnc(Nc3ccc(F)c(Cl)c3)c2cc1OCCN4CCN(C)CC4,3.3,3.1335916148480463,-0.16640838515195355
2110,train,CCOC(=O)c1ccc(OC(=O)CCCCCN=C(N)N)cc1,2.41,2.306361243650595,-0.103638756349405
1081,train,OC(=O)CCc1ccc(OCc2cc(Cl)ccc2c3ccccc3)cc1,3.22,3.1987417452833045,-0.021258254716695735
1576,train,Cc1cc(C)cc(c1)c2[nH]c3ccccc3c2CCNCCCCc4ccncc4,3.3,3.187364175327276,-0.11263582467272393
751,train,COc1cc(ccc1Cn2ncc3ccc(NC(=O)OC4CCCC4)cc23)C(=O)NS(=O)(=O)c5ccccc5,1.8,1.7252031772998677,-0.07479682270013233
1803,train,NS(=O)(=O)c1cc2c(NCNS2(=O)=O)cc1Cl,-0.09,0.02048218241227051,0.11048218241227051
99,train,CCN(CCN(C)C)S(=O)(=O)c1ccc(cc1)c2cnc(N)c(n2)C(=O)Nc3cccnc3,2.0,2.1227447567129913,0.12274475671299134
2435,train,COCC1=C(N2[C@H](SC1)[C@H](NC(=O)\C(=N/OC)\c3csc(N)n3)C2=O)C(=O)OC(C)OC(=O)OC(C)C,1.7,1.7398861360894777,0.039886136089477775
425,train,NC(=O)Nc1sc(cc1C(=O)N)c2ccc(OCCN3CCCCC3)cc2,1.2,1.7034010013200283,0.5034010013200283
3093,train,COCCN1CCC(Cc2ccc(cc2)C(=O)NCc3cnc(nc3NCC(C)(C)C)C#N)CC1,3.5,3.386157171230032,-0.11384282876996821
3247,train,COc1cc(N2CCN(C)CC2)c3NC(=CC(=O)c3c1)C(=O)Nc4ccc(cc4)N5CCOCC5,2.7,2.4565763067559754,-0.2434236932440248
3829,train,CCC(CC)NC(=O)c1c(C)nn(C(C)C)c1NS(=O)(=O)c2ccc(C)cc2,0.92,0.9193961343563335,-0.0006038656436665457
1919,train,CC1=CN([C@H]2CCCN(C2)[C@H](CC(C)(C)C)c3ccc(C(=O)O)c(Oc4cccc(Br)c4)c3)C(=O)NC1=O,1.09,1.0224661730917852,-0.06753382690821486
2670,train,COc1cc(O)c2C(=O)O[C@@H](C)C\C=C/C(=O)[C@@H](O)[C@@H](O)C\C=C\c2c1,1.64,1.5892992534609727,-0.05070074653902723
3136,train,NC1(CCN(CC1)c2ncnc3[nH]ccc23)C(=O)NC(CS(=O)(=O)N)c4ccc(Cl)cc4,2.2,2.2753574793715083,0.07535747937150816
3435,train,CC(C)[C@@H]1N=C(c2ccccc2)c3ccccc3NC1=O,3.05,2.905759156149146,-0.144240843850854
705,train,COc1c(Nc2ccc(nc2C)S(=O)(=O)C)ncnc1OC3CCN(CC3)C(=O)OC(C)C,2.4,2.547062154713066,0.14706215471306594
1307,train,C[C@H](Oc1ccc(SCCCCCc2ccccc2)cc1)C(=O)c3nc(C)c(CCCC(=O)O)s3,2.03,2.834355207834413,0.8043552078344134
2615,train,CC1CN(Cc2cc(Cl)ccc2OCC(=O)O)CCN1S(=O)(=O)c3ccccc3,0.31,0.01830705092803475,-0.29169294907196525
1232,train,CC(C)Oc1cc(Nc2nc3c(cc2F)ncn3[C@@H](CO)c4ccc(F)cn4)n[nH]1,2.97,2.7353791603348805,-0.2346208396651197
930,train,CN1CC(C1)n2nccc2c3cc(Cl)ccc3Oc4cc(F)c(cc4F)S(=O)(=O)Nc5ncns5,1.0,0.9991917518887108,-0.0008082481112892115
3445,train,OCC(=O)N1CCC[C@H]1COc2cccc3ncnc(Nc4ccc(OCc5ccccn5)c(Cl)c4)c23,3.62,3.490077169376375,-0.12992283062362509
2170,train,COc1cc(ccc1Nc2ncc(Cl)c(n2)c3cnc4ccccn34)N5CCNCC5,2.4,2.4177543500352536,0.01775435003525372
144,train,Oc1ccc2C(=O)C=C(Oc2c1)N3CCOCC3,1.0,1.3282444645287217,0.3282444645287217
2968,train,OC1CCN(CC1)C(=O)CN2C(=O)C(Cc3ccccc23)NC(=O)c4cc5cc(Cl)sc5[nH]4,2.86,2.728109345622592,-0.13189065437740766
3162,train,CN(C)C(=O)[C@H](O)[C@H](Cc1ccccc1)NC(=O)c2cc3cc(Cl)ccc3[nH]2,3.6,3.594809969644335,-0.0051900303556648986
333,train,O=C1CCOc2nc(\C=C\c3ccccc3)ccc12,3.2,3.0153964369218604,-0.18460356307813974
2100,train,COc1ccccc1N2CCN(CC3=C(Br)C(=O)N(N3C)c4ccccc4)CC2,2.5,2.5624728054743833,0.062472805474383275
4141,train,Oc1cc(ccc1NC(=O)CN2CCOCC2)c3cccc4C(=O)C=C(Oc34)N5CCOCC5,2.4,2.617918231442256,0.21791823144225608
1175,train,C[S+]([O-])c1ccc(cc1)c2nc(c3ccc(F)cc3)c([nH]2)c4ccncc4,3.34,2.8837589845773595,-0.4562410154226404
3451,train,Cc1ccc(Oc2ccc(OCC(=O)Nc3ccncc3)cc2)cc1,4.3,3.9733394323195923,-0.3266605676804075
41,train,CC(C)N(CCC(C(=O)N)(c1ccccc1)c2ccccn2)C(C)C,-0.54,-0.16450820582432168,0.37549179417567835
812,train,C[C@H](NC(=O)c1c(C)nn(C2CCN(C)CC2)c1NS(=O)(=O)c3ccc(C)cc3)C(C)(C)C,0.8,0.6439829251555276,-0.15601707484447247
1575,train,[O-][N+](=O)c1ccc2[nH]ncc2c1,2.2,2.059123146630315,-0.14087685336968514
2262,train,Clc1ccc(OC2CCN(CC2)C3CCN(CC3)C(=O)C4=CNC(=O)c5ccccc45)cc1Cl,3.51,3.2783247507246522,-0.23167524927534755
3272,train,COc1cc(Nc2cc(Nc3c(Cl)ccc4OCOc34)ncn2)cc(OC)c1OC,3.07,2.9852845900282508,-0.08471540997174909
3774,train,Cc1ccccc1CN2CCC(CC2)N3CCC(CC3)N4C(=O)Nc5ccccc45,2.68,2.779071171729938,0.09907117172993773
1339,train,O[C@@H](CNCCc1ccc(CNCCc2ccccc2)cc1)c3ccc(O)c4NC(=O)Sc34,1.11,0.7112559105396199,-0.3987440894603802
2821,train,CC(C)(C)OC(=O)N1CCN(CC1)c2ccc(OCc3ccc(cc3)S(=O)(=O)C)nn2,2.8,2.880843825300785,0.08084382530078527
4035,train,FC(F)(F)Oc1ccccc1S(=O)(=O)NCC(N2CCCCCC2)c3ccccc3,4.09,3.5753679903496964,-0.5146320096503034
3975,train,Cc1oc(CN2CCNCC2)cc1C(=O)NCC34CC5CC(CC(C5)C3)C4,1.03,1.1550281731873973,0.12502817318739723
3756,train,O=C(C1CC1)c2ccc(OCCCc3c[nH]cn3)cc2,2.68,2.291146165839553,-0.38885383416044705
2729,train,Nc1nc(OC2CCCC2)nc3c1ncn3[C@@H]4O[C@H](CO)[C@H](Cl)[C@H]4O,2.16,2.4037266162767295,0.2437266162767293
1585,train,COC(=O)[C@@H]1C2CCC(C[C@@H]1c3ccc(I)cc3)N2CCCF,2.3,1.8435189810473964,-0.4564810189526034
1124,train,CC(C)C[C@@H](N1CCC[C@@H](C1)N2C=C(C)C(=O)NC2=O)c3ccc(C(=O)O)c(Oc4cccc(Cl)c4)c3,0.91,0.8311359767167468,-0.07886402328325326
786,train,C[C@H](Nc1ncc(C)c(Nc2cc(C)[nH]n2)n1)c3ncc(F)cn3,1.75,1.6809752048782483,-0.06902479512175175
2267,train,OC(=O)[C@H](Cc1ccc(F)cc1)N2CCC(CN3CCC(CC3)Oc4ccc(Cl)cc4Cl)CC2,2.6,2.416481305091988,-0.18351869490801187
4065,train,Cc1cccc(Nc2ncnc3ccccc23)c1,3.21,3.6323536496674853,0.42235364966748534
1960,train,CCCC1CCCCC(=N1)N,1.1,1.0073457179249685,-0.09265428207503157
829,train,Cc1cccc2c3CN(CCc3[nH]c12)C(=O)[C@@H]4CCCC[C@H]4C(=O)NC5(CC5)C#N,2.99,2.8762296793244766,-0.11377032067552362
4142,train,CCCSc1c(cnn1c2ccc(cc2)C(=O)O)C(=O)NC3CCCCC3,0.64,0.7773376109662196,0.13733761096621955
3496,train,NC1(CCN(CC1)c2ncnc3[nH]ccc23)C(=O)NC(Cc4ccccc4)c5ccc(Cl)cc5,4.1,3.5248119105659246,-0.5751880894340751
619,train,OC(=O)c1cccc(CN2CCC(CN3CCC(CC3)Oc4ccc(Cl)c(Cl)c4)CC2)c1,1.26,1.735661725573269,0.4756617255732689
3535,train,CC(O)C(C)OC(=O)[C@@H]1CC2C(Cc3cn(C(C)C)c4cccc2c34)N(C)C1,2.8,2.686507605166112,-0.11349239483388773
1899,train,Oc1ccc(CCNCCS(=O)(=O)CCCOCCc2ccccc2)c3sc(O)nc13,2.61,2.581193287721414,-0.028806712278585778
1885,train,CN1CCN(CC1)c2cc(Nc3cc(C)[nH]n3)nc(Sc4ccc(NC(=O)C5CC5)cc4)n2,3.47,3.3123765785846206,-0.15762342141537955
377,train,CCNC(=O)C[C@@H]1N=C(c2ccc(Cl)cc2)c3cc(OC)ccc3n4c(C)nnc14,2.46,2.7359910524715603,0.2759910524715603
291,train,C[C@]1(CCCN1c2nc(Nc3cc([nH]n3)C4CC4)c5cccn5n2)C(=O)Nc6ccc(F)nc6,3.16,3.2272422242375534,0.06724222423755322
1777,train,COc1cc(F)ccc1c2cncc(CNC[C@@H]3CCCO3)n2,2.0,2.127754851707959,0.1277548517079592
3611,train,Cc1cc(CNc2nccc(Nc3cc(CCc4ccccc4)[nH]n3)n2)on1,3.56,3.541608243445772,-0.018391756554227978
2608,train,COc1cc(OC)c(cc1NC(=O)C)S(=O)(=O)N(C)c2ccccc2,1.1,0.9190187848842037,-0.18098121511579635
570,train,CN(C)CC(O)COc1ccc(Nc2nccc(Nc3ccccc3C#N)n2)cc1,1.2,1.3862131276732508,0.18621312767325082
810,train,COc1cc(OC)nc(n1)N2N=CC(=C(Cl)C2=O)Cl,1.4,1.6744238149480377,0.2744238149480378
4147,train,COCCNCc1ccc(cc1)c2cc(C(=O)N)c(NC(=O)N)s2,0.87,1.1401772348256867,0.2701772348256867
551,train,CN(C)CC(O)COc1ccc(Nc2cc(ncn2)N(CC#N)c3ccc(C)cc3Br)cc1,2.24,2.195521090186865,-0.04447890981313529
1377,train,CN(C)CC\C=C\1/c2ccccc2Sc3ccc(Cl)cc13,3.42,3.2761921276823243,-0.14380787231767567
2393,train,C[C@@H](C(=O)NCCN1CCCC1)c2ccc(OS(=O)(=O)C(F)(F)F)cc2,1.64,1.47401629217859,-0.16598370782140992
2836,train,CS(=O)(=O)c1cccc(Nc2nccc(Nc3cccc4ocnc34)n2)c1,2.9,3.145465695251625,0.24546569525162498
3705,train,Cn1c(ccc1c2ccc3NC(=O)OC(C)(C)c3c2)C#N,2.85,2.9711282303513364,0.12112823035133635
1782,train,Clc1ccc2C(=O)C3=C(Nc2c1)C(=O)NN(Cc4cocc4)C3=O,0.6,0.4791768094740867,-0.12082319052591328
3627,train,CCOc1ccc(cc1)c2cnc3CCCn23,2.65,2.6841074491612984,0.034107449161298486
3221,train,OC(=O)Cc1ccc(cc1)c2ccc(NC(=O)c3oc(Nc4ccccc4F)nn3)cc2,1.5,1.6765922923845094,0.17659229238450935
1421,train,O[C@@H]1CN(CCN2C(=O)C=Cc3ccc(cc23)C#N)CC[C@@H]1NCc4ccc5OCC(=O)Nc5n4,0.11,0.17212378515138171,0.062123785151381714
2967,train,COc1ccccc1CN(C)Cc2cccc(CCNC[C@H](O)c3ccc(O)c4NC(=O)Sc34)c2,1.52,1.67271660304174,0.15271660304173995
1844,train,CCN(C1CCN(CCC(N2CCC(CC2)C(=O)C)c3ccccc3)CC1)C(=O)Cc4ccc(cc4)S(=O)(=O)C,0.9,1.3137450709752887,0.4137450709752887
1322,train,COc1ccccc1C[C@H](N2CCC(CN3CCC(CC3)Oc4ccc(Cl)c(Cl)c4)CC2)C(=O)O,2.77,2.796011272081958,0.02601127208195786
2052,train,Cc1nc(cs1)C(=O)N2CCOC3(CCN(Cc4ccc(Cl)cc4)CC3)C2,2.17,2.119897844017957,-0.05010215598204315
3035,train,COc1cc(ccc1Nc2ncc(Cl)c(n2)c3cnc4c(CO)cccn34)N5CCN(CC5)C(=O)C,3.1,3.036279956260226,-0.06372004373977402
23,train,OC(=O)c1cccc(c1)N2CCC(CN3CCC(CC3)Oc4ccc(Cl)c(Cl)c4)CC2,2.17,2.3546230585667334,0.18462305856673344
2784,train,CCCSc1nc(ccc1C(=O)N[C@@H]2C3CC4CC2C[C@@](O)(C4)C3)N5CCOCC5,3.2,3.130896094441162,-0.06910390555883827
2346,train,C[C@H](NC(=O)c1c(C)nn(C2CCS(=O)(=O)CC2)c1NS(=O)(=O)c3ccc(C)cc3)C(C)(C)C,0.25,0.5780387517775336,0.3280387517775336
3027,train,NC1CCc2cc(OC(=O)c3ccccc3)c(OC(=O)c4ccccc4)cc2C1,2.6,2.3855953215726156,-0.21440467842738453
49,train,COc1ccccc1Cn2c(C)nc3ccccc23,3.47,3.1334095551533654,-0.3365904448466348
2994,train,COc1cc(cc(OC)c1O)[C@H]2[C@@H]3C(COC3=O)C(O[C@@H]4O[C@@H]5CO[C@@H](C)O[C@H]5[C@H](O)[C@H]4O)c6cc7OCOc7cc26,0.91,0.9333618394819414,0.02336183948194137
1297,train,COc1c(cc2ccccc2c1C(=O)N(C)C[C@@H](CCN3CCC(CC3)N4CCCNC4=O)c5ccc(Cl)c(Cl)c5)C#N,3.0,2.7849737559767984,-0.21502624402320158
467,train,COc1cc(N2CC[C@H](C2)N(C)C)c3NC(=CC(=O)c3c1)C(=O)Nc4ccc(cc4)N5CCOCC5,2.7,2.55047128401988,-0.14952871598012019
780,train,CCCC(=O)N1CCN(CC1)c2nnc(c3ccccc3)c4ccccc24,3.2,2.7950040897910555,-0.40499591020894465
1851,train,Nc1nc2nc(cc(n2n1)C(F)(F)F)c3cccs3,2.01,2.288310149811028,0.2783101498110283
1763,train,CN1CC(c2ccccc2)c3cccc(N)c3C1,2.08,2.037548160508586,-0.042451839491413956
3830,train,Cc1ccc(cc1NC(=O)c2ccc(OCc3ccccn3)cc2)c4cc(n[nH]4)C(F)(F)F,2.44,3.0498746443377387,0.6098746443377387
2668,train,NC(=O)Nc1sc(cc1C(=O)N[C@H]2CCCNC2)c3ccsc3,1.06,1.0965531578094703,0.036553157809470216
2887,train,Cc1ccc(cc1NC(=O)c2ccc(OCc3ccccn3)cc2)c4ncc(C)n4C,2.67,2.2448875936439054,-0.4251124063560945
27,train,C(CCCCNc1cc(nc2ccccc12)c3ccccc3)CCCNc4cc(nc5ccccc45)c6ccccc6,2.27,2.348197263030755,0.0781972630307548
1348,train,Nc1c(cnn1c2ccc(F)cc2)C(=O)c3cccc(OC[C@H](O)CO)c3,1.94,1.4925880887368503,-0.4474119112631496
1241,train,OCc1ccc(OC2CCN(CC3CCN(CC3)[C@@H](Cc4ccccc4)C(=O)O)CC2)cc1Cl,0.8,1.452194222665562,0.6521942226655619
1357,train,Cc1c[nH]c(\C=C\2/C(=O)Nc3ccccc23)c1CCC(=O)O,1.2,1.120226877141155,-0.07977312285884497
1311,train,CN1C(=O)N(CC2CC2)c3nn(Cc4ccnc5ccc(Cl)cc45)c(c6oc(cc6Cl)S(=O)(=O)C)c3C1=O,3.97,3.818228616303259,-0.15177138369674115
1974,train,CCOC(=O)[C@H](Cc1ccc(O)cc1)NC(=O)c2cccc3ccccc23,3.12,3.3160889080631817,0.19608890806318158
2223,train,CN(C)c1nc(nc(n1)N(C)C)N(C)C,2.44,1.3908193227704255,-1.0491806772295744
1972,train,NC(=N)Nc1ccc(Cl)c(Cl)c1,-0.31,0.1463704900695344,0.4563704900695344
4117,train,NS(=O)(=O)c1ccc2NC(C3CC=CC3c2c1)c4cccc5ccccc45,1.9,1.9922793905733165,0.09227939057331658
3037,train,CCN(CC)CC#CCOC(=O)C(O)(C1CCCCC1)c2ccccc2,3.65,3.521589326489125,-0.12841067351087476
567,train,Nc1n[nH]c(Nc2ccccc2)n1,1.06,1.4719439447479834,0.41194394474798335
2588,train,Cc1onc(NS(=O)(=O)c2ccc(N)cc2)c1,-0.56,0.19492388930121618,0.7549238893012162
2850,train,O=C1NN=C(Cc2ccccc2)c3ccccc13,2.8,2.040508584056701,-0.7594914159432986
1190,train,CCC(CC)NC(=O)c1nnn(c1NS(=O)(=O)c2ccc(C)cc2)c3ccccc3,0.46,0.4728794524618214,0.012879452461821372
1487,train,Clc1cnc(OC2CCNCC2)cc1C(=O)NCC34CC5CC(CC(C5)C3)C4,1.56,1.476666097015486,-0.08333390298451415
1010,train,COc1ccccc1CN[C@H]2CCCN[C@H]2c3ccccc3,1.5,1.499776234890942,-0.00022376510905797176
1811,train,Cc1cc(CCCOc2c(C)cc(cc2C)c3noc(n3)C(F)(F)F)on1,3.63,3.3895151234900123,-0.24048487650998762
849,train,CN1CCN(CC1)S(=O)(=O)c2ccc(c3cnc(N)c(n3)C(=O)Nc4cccnc4)c(c2)C(F)(F)F,3.25,3.3525222768448093,0.1025222768448093
3569,train,O=C(NCC#N)[C@@H]1CCCC[C@H]1C(=O)N2CCC=CC2,0.9,0.6660634249020654,-0.23393657509793464
3397,train,CC1CCCCC1NC(=O)c2c(C)nn(c2NS(=O)(=O)c3ccc(C)cc3)c4ccccc4,1.94,1.8231572922553503,-0.11684270774464967
1716,train,Nc1c(nnc2c(cccc12)c3ncccn3)C(=O)NC4CC4,1.5,1.7517755497270942,0.25177554972709415
285,train,COc1ccc(cc1OC)N2CCN(CC2)C(=O)[C@@H]3CCCC[C@H]3C(=O)NC4(CC4)C#N,1.4,1.4357272414552762,0.03572724145527628
4016,train,CC(C)NC(=O)c1cc2c(c(cnc2[nH]1)c3cncc(c3)C(=O)O)n4ccc(n4)C(F)(F)F,-0.62,-0.3166484486926846,0.3033515513073154
3126,train,Oc1nc2ccccc2c(O)c1c3ccccc3,0.73,1.2856486634077569,0.5556486634077569
1141,train,COc1ncnc(NS(=O)(=O)c2ccc(N)cc2)c1OC,-0.73,-0.46693893336515035,0.2630610666348496
1197,train,NC(=O)c1cncc(c1)c2ccc(cc2)[C@@H]3CC[C@@H](CC(=O)O)CC3,0.22,0.26372401736879425,0.04372401736879425
2171,train,CC(C)NC(=O)NS(=O)(=O)c1cnccc1Nc2cccc(C)c2,0.3,0.640418607335451,0.340418607335451
3584,train,CC(C)CNc1nc(nc(N2CC(O)C2)c1N)C#N,2.0,2.2023248366049164,0.2023248366049164
10,train,CS(=O)(=O)c1ccc(Oc2ccc(cc2)C#C[C@]3(O)CN4CCC3CC4)cc1,1.51,1.7926083514029338,0.28260835140293383
2777,train,O=C1C=C(OCc2ccccc2)C=CN1c3ccc4c(cnn4CCN5CCCC5)c3,2.0,1.844306154265127,-0.1556938457348731
2589,train,Clc1ccc2C(=O)C3=C(Nc2c1)C(=O)NN(Cc4cc5ccccc5s4)C3=O,2.0,1.8776713652674426,-0.1223286347325574
1263,train,CN1C=C(C(=O)NC[C@@H](O)CN2CCC(CC2)Oc3ccc(Cl)c(Cl)c3)C(=CC1=O)C(F)(F)F,2.76,2.957101585682952,0.19710158568295233
2596,train,COc1cc2c(Nc3ccc(F)c(Cl)c3)c(cnc2cc1OCCN(C)CCO)C(=O)N,3.2,2.9520814774529773,-0.24791852254702285
3234,train,CCN1C(=O)C=Cc2cc(COc3cc(F)cc(c3)C4(CCOCC4)OC)ccc12,3.89,3.610789506291927,-0.27921049370807305
1419,train,C[C@@H]1CN(CCN1c2ncc(OCC3CCN(CC3)S(=O)(=O)C)cn2)C(=O)OC(C)(C)C,3.5,3.251240989963193,-0.24875901003680712
1904,train,CCN(C1CCCCC1)C(=O)c2cnn(c2NS(=O)(=O)c3ccc(cc3)c4ocnc4)c5ccccc5,1.46,1.5358038502669735,0.07580385026697356
832,train,CCN(CCO)CCCC(C)Nc1ccnc2cc(Cl)ccc12,0.77,1.0937002578002046,0.3237002578002046
782,train,O=C1COc2ccc(CNC3CCN(CCN4C(=O)COc5ccc(cc45)C#N)CC3)nc2N1,0.23,0.17738146218998807,-0.05261853781001194
3478,train,O=C1C=C(Nc2cc(Cc3ccccc3)ccc12)c4cccnc4,3.46,3.1331961114161992,-0.3268038885838007
3822,train,Cc1oc(CN2NC(=O)C3=C(C2=O)C(=O)c4ccc(Cl)cc4N3)cc1C,1.0,1.1222699775016989,0.12226997750169888
1465,train,CCOc1ccc(cc1)N2C(=Nc3ccccc3C2=O)CC,3.27,3.3993739761648576,0.12937397616485757
3624,train,Clc1ccc(C2CCN(CC2)C(=O)COCc3ccncc3)c(Cl)c1,2.63,2.560970135501498,-0.06902986449850168
3944,train,OC(=O)c1[nH]c2ccccc2c1CC(=O)Nc3cccc(c3)C(F)(F)F,1.33,1.8886178202150679,0.5586178202150678
959,train,N(c1ccccc1)c2ccnc3ccccc23,2.78,2.7557783526783695,-0.024221647321630346
2148,train,C[S+]([O-])CCN1C(=O)C(Cc2ccccc12)NC(=O)c3cc4cc(Cl)sc4[nH]3,3.17,3.2114389584249885,0.04143895842498857
1977,train,NCCCCN(Cc1nc2ccccc2[nH]1)C3CCCc4cccnc34,0.83,0.9729868751458444,0.1429868751458444
2711,train,C[C@H](Nc1nc(Nc2ncc(C#N)s2)cc(n1)N3CCOCC3)c4ccc(F)cn4,3.45,3.2738933850074936,-0.17610661499250657
2745,train,COc1ccc2C(=CC(=O)N(CCN3CCC(CC3)NCc4cc5OCCOc5cn4)c2c1)C,1.72,1.5846043906351444,-0.13539560936485562
2239,train,O=S(=O)(Nc1cccnc1)c2cccs2,0.54,0.8341909046159557,0.29419090461595565
974,train,N#Cc1ccc(cc1)C(c2ccc(cc2)C#N)n3cncn3,1.7,1.5621518019406746,-0.13784819805932536
2771,train,CC(C)C(NC(=O)CN1C(=O)C(=CC=C1c2ccccc2)NC(=O)OCc3ccc(cc3)C(=O)O)C(=O)C(F)(F)F,0.84,1.018183218300472,0.178183218300472
1687,train,COc1cc(CO)cc(c1)N(C)c2ccnc(Nc3cc(cc(c3)N4CCOCC4)N5CCOCC5)n2,3.0,2.8868606203331573,-0.11313937966684273
1679,train,COc1ccc2c(C)nc(NC(=N)N)nc2c1,-0.51,-0.34858261214779995,0.16141738785220006
1238,train,OC[C@H](Nc1ncc(Cl)c(Nc2cc([nH]n2)C3CC3)n1)c4ccc(F)cc4,3.75,3.6296897703919457,-0.12031022960805426
2643,train,Clc1cccc(Cl)c1\C(=C\n2cncn2)\OC3CCCCCC3,4.1,4.036964435291094,-0.06303556470890559
338,train,Cc1cc(Oc2ccc3OCOc3c2)nc(Oc4ccc(cc4)n5ccnc5)n1,3.47,3.4220872891254954,-0.04791271087450477
1393,train,Cc1cc(Nc2ccnc(NCc3onc(c3)C4CC4)n2)n[nH]1,2.5,2.497241976456581,-0.0027580235434188083
3218,train,Cc1c(Cl)ccc(OC2CCN(CC2)C3CCN(CC3)C(=O)c4cccc(c4)S(=O)(=O)C)c1Cl,3.33,3.1044828393534636,-0.22551716064653649
2489,train,COC(=O)N1CCN([C@@H](CN2CCCC2)C1)C(=O)Cc3ccc(Cl)c(Cl)c3,1.97,2.1439540426930304,0.1739540426930304
2474,train,CC1CN(CCN1Cc2cc(Cl)ccc2OCC(=O)O)S(=O)(=O)c3ccccc3,0.69,0.6726371604121726,-0.01736283958782736
2192,train,COc1ccc(N(C(C(=O)NC[C@@H](C)O)c2ccccc2F)C(=O)c3ccoc3Cl)c(OC)c1,2.36,2.426505388276493,0.066505388276493
3528,train,NC(=N)Nc1ccc(cc1)C(=O)Oc2ccc(Cl)cc2,0.7,0.8564134282739928,0.15641342827399285
1614,train,CCc1cccc2c(cn(CC(=O)NCCOC)c12)C#N,1.95,1.748418717048835,-0.20158128295116495
1024,train,C[C@@H](NC(=O)c1cccnc1Oc2ccccc2)c3ccccc3,3.14,3.2170307225678245,0.0770307225678244
760,train,OCC[C@@]1(CCCNC1)c2oc3ccccc3c2,0.12,0.20662007460457965,0.08662007460457966
1056,train,CCCc1c(O)c(ccc1OCc2ccc(cc2)C(=O)O)C(=O)C,2.1,1.979601768005444,-0.12039823199455602
3434,train,CC(C)(C)c1ccc(cc1)c2n[nH]c(NC(=O)c3ccccc3Cl)c2Br,4.3,4.436346355841145,0.13634635584114552
3267,train,Nc1nc(N)c2cc(Br)ccc2n1,1.78,2.289955517243033,0.5099555172430328
2127,train,OC(=O)CCCCn1nnc(n1)c2ccc(cc2)C(=O)N3CCC(CC3)N4CCC(CC4)Oc5ccc(Cl)c(Cl)c5,1.6,1.4929850951413703,-0.10701490485862974
2517,train,CN1CCN(CCCOc2ccc(cc2)c3onc(c3)c4ccc(F)cc4)CC1,3.81,3.720312997637222,-0.08968700236277805
490,train,CC(CCc1cccc(OCc2ccc3ccccc3n2)c1)CC(=O)O,2.4,2.480853084656625,0.08085308465662511
1470,train,Nc1ccccc1NC(=O)c2ccc(CNc3nccc(n3)c4cccnc4)cc2,2.28,2.1136964492040553,-0.1663035507959445
2379,train,NCC[C@@H](Oc1cc(Cl)c(F)cc1C#N)c2ccccc2,0.77,1.05900705034706,0.2890070503470601
1040,train,CN(CCOc1ccc(CC2SC(=O)NC2=O)cc1)c3ccccn3,2.5,2.1720148596541846,-0.3279851403458154
2408,train,C[C@@H](CO)Oc1cc(Oc2ccc(cc2)S(=O)(=O)C)cc(c1)C(=O)Nc3nccs3,2.63,2.387539865789587,-0.2424601342104129
3575,train,C[C@H](CO)Nc1nc(SCc2cccc(F)c2F)nc3nc(N)sc13,3.29,3.0520739882150663,-0.23792601178493378
3872,train,N(c1ccccc1)c2ncnc3ccccc23,2.94,2.9166280582741093,-0.023371941725890633
1115,train,C[C@H](Nc1nc(Nc2ncc(C)s2)c(F)c(n1)N3CCOCC3)c4ncc(F)cn4,3.27,2.9847465771391324,-0.28525342286086763
170,train,CCN1CCC[C@H]1CNC(=O)c2c(O)c(Cl)cc(Cl)c2OC,1.09,1.1586894464067605,0.06868944640676045
272,train,Oc1ccc2nc(sc2c1)c3ccccc3,3.99,4.151326410693819,0.16132641069381837
2906,train,CCC(N(CCCN)C(=O)c1ccc(C)cc1)C2=Nc3ccsc3C(=O)N2Cc4ccc(C)cc4,1.69,1.5652127449924063,-0.12478725500759369
3147,train,Oc1ccc(cc1)N2C(=O)c3ccc(O)cc3C2=O,1.8,1.762536072414766,-0.03746392758523398
2130,train,CCN1CCOC(C1)C(=O)N2CCN(CC2)C(=O)Nc3ccc(Cl)c(Cl)c3,2.1,1.9638718941683164,-0.13612810583168367
2372,train,CCC(N(CCCN)C(=O)c1ccc(C)cc1)C2=Nc3ccoc3C(=O)N2Cc4ccccc4,1.37,1.606772462095589,0.2367724620955889
3689,train,FC(F)(F)c1cc(NC(=O)c2cnc(Cl)nc2C(F)(F)F)cc(c1)C(F)(F)F,1.8,2.2797638383677232,0.4797638383677232
1163,train,CCCSc1ncccc1C(=O)N(C)[C@H]2[C@@H]3CC4C[C@H]2C[C@@](O)(C4)C3,2.48,2.674782947433811,0.19478294743381097
1858,train,NC(=O)N(c1ccc(C(=O)N)c(n1)c2ccc(F)cc2F)c3c(F)cccc3F,1.6,1.8316469575455683,0.2316469575455682
1705,train,COc1ccc(cc1OC)S(=O)(=O)Nc2ccc(\C=C\C(=O)Nc3ccccc3N)cc2,2.56,2.4108266733876067,-0.14917332661239335
2104,train,OC1(C(=O)Nc2ccccc12)c3ccccc3,1.71,1.5393848094619178,-0.17061519053808216
3368,train,CC1=CC(=O)Oc2c(C)c3oc(C)cc3cc12,3.47,3.43430833600241,-0.03569166399759016
4132,train,COC(=O)Nc1nc2ccc(cc2[nH]1)C(=O)c3ccccc3,2.9,2.8310078842065405,-0.06899211579345943
107,train,Oc1ccccc1OC(=O)c2cccc3ccccc23,4.4,3.894779597105453,-0.5052204028945475
1900,train,COc1ccc(OC(F)(F)F)cc1CN[C@H]2CCCN[C@H]2c3ccccc3,2.9,2.8352344067249016,-0.06476559327509834
2584,train,C[C@H]1O[C@H]([C@H](O)[C@@H]1O)n2cnc3c(N)nc(OCC4CC(F)(F)C4(F)F)nc23,1.42,1.5613744918697656,0.1413744918697657
2284,train,FC(F)(F)c1cc(CO[C@H]2CCCN[C@H]2c3ccccc3)cc(c1)C(F)(F)F,3.6,3.3455659198610785,-0.25443408013892155
1735,train,OC1N=C(c2ccccc2Cl)c3cc(Cl)ccc3NC1=O,2.38,2.500927313417056,0.12092731341705631
3334,train,CC(NC(=O)C)c1ccc(Nc2ncc3cc(ccc3n2)c4ccncc4)cc1,3.1,3.0958803228465923,-0.004119677153407775
2317,train,Nc1ccc(cc1)S(=O)(=O)c2ccc(N)cc2,0.88,0.9491262648367296,0.06912626483672957
337,train,CNCC[C@@H](Oc1ccc(cc1)C(F)(F)F)c2ccccc2,1.96,1.8929901274552694,-0.06700987254473056
269,train,O=C1COC2(CCN(CC2)S(=O)(=O)c3ccc(cc3)c4ccc5cnccc5c4)CN1C6CC6,3.32,3.245498321928449,-0.07450167807155106
3032,train,COc1cccc2c1c(NS(=O)(=O)c3ccc(Cl)s3)nn2Cc4cccc(CNC(=O)C(C)(C)O)c4,2.09,2.2871696199370253,0.19716961993702542
461,train,C[C@@H]1CN(CCN1C(=O)[C@@H]2CCCC[C@H]2C(=O)NC3(CC3)C#N)c4ccc5c(C)nnc(C)c5c4,1.93,2.202730622986177,0.27273062298617723
2122,train,C[C@@H]1C[C@H]2[C@@H]3CCC4=CC(=O)C=C[C@]4(C)[C@@]3(F)[C@@H](O)C[C@]2(C)[C@@]1(O)C(=O)CO,1.87,1.9079380516782305,0.03793805167823039
2107,train,CC(C)Oc1cc(OCCN2CCOCC2)cc3ncnc(Nc4c(Cl)ccc5OCOc45)c13,3.68,3.255133911374224,-0.42486608862577624
2452,train,COc1cc(F)ccc1c2cncc(CNC3CCC3)n2,2.23,2.104303524830379,-0.125696475169621
492,train,CC(C)CN1C(=O)N(C)C(=O)c2c1sc(Cc3ccccc3C(F)(F)F)c2C(=O)N(C)C,2.9,2.895246641120535,-0.00475335887946482
2619,train,COc1cccc(n1)N(C)c2ccnc(Nc3cc(cc(c3)N4CCOCC4)N5CCOCC5)n2,3.37,3.1676518366643736,-0.20234816333562655
1192,train,CN1C(=O)N(C)c2[nH]c(nc2C1=O)c3cccnc3,0.7,1.0040903867221413,0.3040903867221414
3634,train,Oc1cccc2ccc(nc12)C#N,1.81,1.6994097662138827,-0.11059023378611732
1431,train,COc1ccc(cc1)S(=O)(=O)NC2=CC=C(N(CC(=O)NC(C(C)C)C(=O)C(F)(F)F)C2=O)c3ccccc3,2.5,2.1711492684961615,-0.3288507315038385
739,train,C[C@@H](NC(=O)C)c1ccc(Nc2ncc3cc(c(C)cc3n2)c4ccncc4)cc1,3.45,3.552201707295773,0.1022017072957726
3766,train,Cn1cc(cn1)c2cccc(C[C@H](NC(=O)c3cc(nn3C)C(C)(C)C)C(=O)NCC#N)c2,2.6,2.6523589536759595,0.05235895367595944
2059,train,CCN(C1CCN(CCC(C2CCN(Cc3ccccc3)CC2)c4ccccc4)CC1)C(=O)Cc5ccc(cc5)S(=O)(=O)C,2.41,2.255485009026027,-0.15451499097397292
3343,train,COc1c(C)cnc(Cn2cnc3c(Cl)nc(N)nc23)c1C,1.67,1.696781038971919,0.02678103897191897
1816,train,CN1C(C(=O)Nc2ncc(C)s2)C(=O)c3ccccc3S1(=O)=O,0.3,0.6586674492869924,0.3586674492869924
2275,train,Cc1nc2ncnn2c(O)c1CCOC(=O)c3c(F)cccc3F,0.16,0.3854134564538334,0.2254134564538334
4137,train,C[C@@](O)(C(=O)Nc1ccc(cc1Cl)S(=O)(=O)NCCN2CCOCC2)C(F)(F)F,2.14,2.2383728069496605,0.09837280694966033
2032,train,CC(NC(=O)C1(N)CCN(CC1)c2ncnc3[nH]ccc23)c4cccnc4,1.2,1.274059345578267,0.07405934557826699
3921,train,COc1ccc(N(C(C(=O)NC2CCCC2)c3ccccc3F)C(=O)C)c(OC)c1,2.81,3.381181759704198,0.5711817597041979
2074,train,Clc1ccc(CNc2nc(nc3ncccc23)N4CCN(CC4)C(=O)[C@@H]5CCCN5)c(Cl)c1,2.41,2.155549229298996,-0.2544507707010042
2207,train,OC(=O)Cc1cccc(c1)N2CCC(CN3CCC(CC3)Oc4ccc(Cl)c(Cl)c4)CC2,1.58,1.7617602690911944,0.18176026909119436
2575,train,Cc1ccc2c(c1)c(c(C)n2CC(=O)O)c3ccnc4c(cccc34)C(F)(F)F,1.27,1.3359937231362338,0.06599372313623375
1288,train,CS(=O)(=O)c1ccc2C(=CNC(=O)c2c1)C(=O)NC[C@@H](O)CN3CCC(CC3)Oc4ccc(Cl)c(Cl)c4,2.63,2.44427012212945,-0.18572987787054984
3952,train,COc1cc(OC)c(cc1NC(=O)\C=C\C(=O)O)S(=O)(=O)N2c3ccccc3Oc4ccccc24,-0.71,-0.32198962062101844,0.38801037937898153
2290,train,COc1cc(ccc1Nc2ncc(Cl)c(n2)c3cnc4ccccn34)N5CC6CNCC(C5)O6,2.3,2.1106765107832017,-0.1893234892167981
2775,train,Clc1ccc(cc1Cl)[C@]23CNC[C@H]2C3,1.96,2.5603781884412173,0.6003781884412174
3,train,OC[C@H](O)CN1C(=O)C(Cc2ccccc12)NC(=O)c3cc4cc(Cl)sc4[nH]3,3.37,3.2942500065900786,-0.0757499934099215
3727,train,NC1(CCN(CC1)c2ncnc3[nH]ccc23)C(=O)N[C@@H](CCN4CCCCC4)c5ccc(Cl)cc5,2.4,2.337438591071719,-0.0625614089282811
1025,train,CC1=CN([C@H]2CCCN(C2)S(=O)(=O)c3ccc(O)c(Oc4ccc(Cl)cc4)c3)C(=O)NC1=O,2.12,2.2120658265793205,0.09206582657932039
3149,train,CN1CC=CCC(C1)c2ccc(Cl)c(Cl)c2,3.32,2.781581948774593,-0.5384180512254066
877,train,CNc1c(Br)cnc2[nH]c(nc12)c3ccc(cc3)S(=O)(=O)C,2.88,2.5564806534398077,-0.3235193465601922
470,train,O=C(N1CCCC1)c2ccc(cc2)C(=C3CCN(Cc4cscn4)CC3)c5cccc6cccnc56,2.75,2.627894322054807,-0.12210567794519278
71,train,COCCNCc1ccc(CCNC[C@H](O)c2ccc(O)c3NC(=O)Sc23)cc1,-0.54,-0.323342931101644,0.216657068898356
2623,train,CC(C)(C)Cn1c(CN2C(=O)CC3(CCNCC3)C2=O)cc4cnc(nc14)C#N,0.75,0.7243638802663703,-0.02563611973362967
3386,train,CN1CCN(CC1)C(=O)c2cccc(CC3=NNC(=O)c4ccccc34)c2,0.92,1.1293360115598134,0.2093360115598134
3972,valid,C[C@@H]1CN(CCN1c2ncc(OCc3ccncc3C#N)cn2)c4noc(n4)C(F)(F)F,3.95,3.433848028954687,-0.5161519710453133
505,valid,O[C@@H](CNCCc1cccc(CN2CCC(CC2)c3ccccc3)c1)c4ccc(O)c5NC(=O)Sc45,1.99,0.7746995288104128,-1.2153004711895872
211,valid,CN(C1CCN(C)CC1)c2nccc(Nc3cc(NC(=O)c4ccnc(c4)N5CCOCC5)ccc3C)n2,1.8,2.350030668977579,0.5500306689775789
4128,valid,CC(O)(C(=O)Nc1ccc(cc1)S(=O)(=O)c2cccnc2)C(F)(F)F,2.08,2.55975873639448,0.47975873639447997
3119,valid,C[C@@H]1N[S@@](=O)(=NC1=O)c2cccc(c2)c3cccc(c3)C#N,0.4,1.7899348221164149,1.3899348221164147
3502,valid,CN(C)C(=O)N[C@@H]1CC[C@@H](CN2[C@@H]3CC[C@H]2C[C@H](C3)Oc4cccc(c4)C(=O)N)CC1,-0.07,0.7928572918779744,0.8628572918779744
2667,valid,Nc1ncnc(Nc2ccccc2)n1,1.4,2.4920119477026623,1.0920119477026624
3866,valid,CC[C@H](NC(=O)c1c([S+](C)[O-])c(nc2c(F)cccc12)c3ccccc3)c4ccccc4,2.84,3.741423266621203,0.9014232666212032
4047,valid,CNc1cccc(CCCc2ccc(C[C@H](NC(=O)c3c(Cl)cccc3Cl)C(=O)O)cc2)n1,0.57,0.3401572887580375,-0.22984271124196243
1835,valid,CCN(C)C(=O)c1ccc(cc1)C(=C2CCN(Cc3ccc(F)cc3)CC2)c4ccccc4NC(=O)C,2.79,3.2588347201220342,0.4688347201220342
2329,valid,O=C1CCOc2nc(ccc12)C#CC3CCCCC3,3.3,2.8123262961708853,-0.48767370382911457
3717,valid,COc1ccc(OC)c(c1)c2c(F)ccc3c(N)c(nnc23)C(=O)NC4CC4,3.47,3.709580933537775,0.23958093353777477
513,valid,CC(=O)Nc1ccc2ccn(c3cc(Nc4ccn(C)n4)n5ncc(C#N)c5n3)c2c1,3.57,1.8403633440430693,-1.7296366559569305
1948,valid,CCCC[C@H](NC(=O)[C@H](CC(C)C)NC(=O)[C@H](CC(C)C)NC(=O)C)C=O,2.6,1.1302155961520148,-1.4697844038479853
3787,valid,CNC1=Nc2ncccc2C(=NC1c3cccs3)c4ccccc4,2.68,3.5476780550305387,0.8676780550305385
2402,valid,NS(=O)(=O)c1ccc(Nc2nccc(n2)c3ccccc3)cc1,2.86,2.9281452856723784,0.06814528567237854
1172,valid,CCc1nc2cc(O)ccc2c(Oc3ccc(\C=C\C(=O)O)cc3)c1c4ccccc4,3.0,2.559011723346717,-0.4409882766532829
3832,valid,CS(=O)(=O)c1cccc(Nc2nccc(n2)N(CC#N)c3c(Cl)ccc4OCOc34)c1,3.16,3.331655081869507,0.17165508186950706
1776,valid,Fc1ccc(N2CCN(CC2)C(=O)COCc3ccncc3)c(Cl)c1,2.63,3.0906350157610345,0.4606350157610346
2535,valid,Cc1oc(cc1C(=O)Nc2cccc(c2)C(=O)O)c3ccccc3,1.63,2.126569335750896,0.496569335750896
4116,valid,CC1(C)NC(=O)N(C1=O)c2ccc(c(c2)C(F)(F)F)[N+](=O)[O-],1.74,1.8492852775731636,0.10928527757316364
894,valid,O=S(=O)(Nc1nc(nn1Cc2ccccc2)c3ccccc3)c4ccccc4,1.25,2.4288998044245607,1.1788998044245607
801,valid,CCC(CC)C[C@@H](N1CCC[C@@H](C1)N2C=C(C)C(=O)NC2=O)c3ccc(C(=O)O)c(Oc4cccc(Cl)c4)c3,1.68,0.4118839895659767,-1.2681160104340232
363,valid,CCN1CCC[C@H]1CNC(=O)c2c(OC)ccc(Br)c2OC,0.05,1.5330432322413015,1.4830432322413014
1125,valid,COc1ccc(Cl)c(Nc2ncnc3cc(OC)cc(OC4CCN(C)CC4)c23)c1,3.6,3.239507878914881,-0.3604921210851191
1935,valid,C[C@H](CO)Nc1nc(SCc2cccc(Cl)c2)nc3nc(N)sc13,3.31,3.6205662185348575,0.31056621853485744
3725,valid,CCCCCCCN(CCc1ccc(OC(C)(C)C(=O)O)cc1)C(=O)Nc2ccc(F)cc2F,1.93,3.0684166902136587,1.1384166902136588
3656,valid,CN1C(=O)C=C(CCc2ccc3cc[nH]c3c2)N=C1N,2.1,1.9889174020958753,-0.11108259790412478
1712,valid,CC(C)C(NC(=O)CN1C(=O)C(=CC=C1c2ccccc2)NC(=O)Cc3cccc(c3)C(=O)O)C(=O)C(F)(F)F,0.68,0.8065968091413311,0.1265968091413311
3485,valid,Cc1cc(Cl)ccc1OC2CCN(C[C@H](O)CNC(=O)C3=CNC(=O)C=C3C(F)(F)F)CC2,2.37,2.6936791756259884,0.32367917562598825
864,valid,C[C@@H](NC(=O)c1c(C)nn(c1NS(=O)(=O)c2ccc(C)cc2)c3ccccc3)C(C)(C)C,1.2,1.1854940677883872,-0.014505932211612782
3800,valid,CNC(=O)c1[nH]cnc1C(=O)Nc2ccc(OC)cc2,2.2,0.9278140860922146,-1.2721859139077856
3824,valid,Cc1ccsc1C(=CCCN2CCC[C@H](C2)C(=O)O)c3sccc3C,1.49,1.1146392214946916,-0.37536077850530836
3309,valid,Fc1ccc(cc1F)S(=O)(=O)NCC(N2CCCCCC2)c3ccccc3,2.84,2.880028961106862,0.04002896110686205
3058,valid,CN(C(=O)C)c1ccc2ccn(c3cc(NC4CC4)n5ncc(C#N)c5n3)c2c1,2.9,2.2591762234460235,-0.6408237765539764
4191,valid,CCOC(=O)c1ccc(OCC2CN(C2)c3ccc(C)nn3)cc1,3.1,3.293516903224674,0.19351690322467396
3166,valid,CCc1nc2c(N)nc3ccccc3c2n1CC(C)C,2.55,2.9710812398555957,0.42108123985559587
1880,valid,CC(=O)Nc1ccc(cc1)S(=O)(=O)Nc2ccccn2,0.24,1.355611311416066,1.115611311416066
2332,valid,CNCc1ccc(cc1)c2[nH]c3cc(F)cc4C(=O)NCCc2c34,1.17,0.11819242915051698,-1.051807570849483
3599,valid,CC(C)(C)C(=O)NCc1ccc(NC(=O)N2CCCC(O)(C2)c3ccc(Cl)c(Cl)c3)cc1,3.93,2.750269541268838,-1.1797304587311621
365,valid,COc1ccc(cc1C(=O)N)c2ccc3c(nc(nc3n2)N4CCOC[C@@H]4C)N5CCOC[C@@H]5C,2.82,1.8898627752551136,-0.9301372247448862
1665,valid,O[C@@H](CNCCSCCCNCCc1cccc(Cl)c1Cl)c2ccc(O)c3NC(=O)Sc23,2.2,1.3691881553558662,-0.8308118446441339
1539,valid,Clc1ccc(COC(Cn2ccnc2)c3ccc(Cl)cc3Cl)cc1,2.54,4.221364278988573,1.681364278988573
430,valid,CCS(=O)(=O)c1ccc2OCC(=O)N(CCN3CCC(CC3)NCc4ccc5OCC(=O)Nc5n4)c2c1,-0.11,0.22296996706089534,0.3329699670608953
3017,valid,Oc1cccc(NC(=O)c2ccc(OCCCN3CCCC3)cc2OCc4cscn4)c1,1.56,1.0453446951073186,-0.5146553048926814
1947,valid,Nc1nccc(\C=C\c2ccc(Cl)cc2)n1,3.5,2.308133829745311,-1.191866170254689
496,valid,OC(=O)c1cc(ccc1O)c2ccc(F)cc2F,0.59,0.9126857048182575,0.32268570481825753
3948,valid,COc1ccc2c(Oc3ccc(CC(=O)Nc4cn(C)nc4C)c(OC)c3)ccnc2c1,3.5,2.4133751904188614,-1.0866248095811386
2757,valid,Cc1ccnc(NCc2c(O)ccc3ccccc23)c1,4.24,3.647399993514224,-0.5926000064857764
869,valid,CCN(CC)c1ccc2C=C(C(=O)O)C(=O)Oc2c1,-0.2,0.18772541560378997,0.38772541560379
4055,valid,CC1=NC(C)(N=C1N)c2cccc(c2)c3cccnc3,1.7,2.1787825504251503,0.4787825504251504
1978,valid,CC(=O)NC[C@H]1CN(C(=O)O1)c2ccc(N3CCN(CC3)c4cnccn4)c(F)c2,1.49,2.6561781853597557,1.1661781853597557
3614,valid,Cc1cc(CNc2ncc(Br)c(Nc3cc([nH]n3)C4CC4)n2)on1,3.43,3.011733787306432,-0.4182662126935681
873,valid,CN1N(C(=O)C=C1C)c2ccccc2,0.11,1.9365662206094543,1.8265662206094542
3896,valid,CNS(=O)(=O)c1ccc(Nc2nccc(n2)c3cnc4cccnn34)cc1,2.8,2.224600072284017,-0.5753999277159827
539,valid,COc1ccc(cc1)c2cc(O)c3cc(Cl)ccc3n2,2.7,3.2816006531520836,0.5816006531520834
690,valid,CCS(=O)(=O)c1ccc(c(C)c1)c2cc(ccc2OCC(=O)N)C(F)(F)F,2.77,0.3692424993275705,-2.4007575006724293
755,valid,NC1C2CN(CC12)c3nc4N(C=C(C(=O)O)C(=O)c4cc3F)c5ccc(F)cc5F,0.3,2.105110314892098,1.805110314892098
2383,valid,CC(C)(C)NS(=O)(=O)c1cncc(c1)c2ccc3nc(NC(=O)NCC(=O)N4CCCC4)nn3c2,1.37,1.0393140834302383,-0.33068591656976176
4002,valid,Cc1onc(c2ccccc2)c1c3ccc(cc3)S(=O)(=O)N,2.37,1.468841735198946,-0.9011582648010541
1686,valid,Clc1ccc(OC2CCN(CC2)C3CCN(CC3)C(=O)c4ccc(cc4)C5=NOC(=O)N5)cc1Cl,2.24,3.2599631581308226,1.0199631581308224
2250,valid,Cn1nnc(n1)c2ccc(cn2)c3ccc(cc3F)N4C[C@H](COc5ccon5)OC4=O,1.24,2.684339616330741,1.4443396163307411
1836,valid,Nc1nccc(n1)c2cc3C(=O)NC[C@@H](CCF)c3[nH]2,0.51,0.6072515311058462,0.09725153110584617
789,valid,Cn1c(CN2CCN(CC2)c3ccccc3)nc4ccccc14,3.11,3.370255505588193,0.260255505588193
1254,valid,C=CCN(C1CCN(CCC(c2ccccc2)c3ccccc3)CC1)C(=O)Nc4ccccc4,3.6,3.3505398749728297,-0.2494601250271704
3936,valid,CN(c1ccnc(Nc2cc(nc(n2)N3CCOCC3)N4CCOCC4)n1)c5cc(CO)ccc5C,3.9,3.5153014693420634,-0.38469853065793647
3005,valid,CCn1cnc2cnc(c3ccc(cc3)C4(N)CCC4)c(c5ccccc5)c12,2.0,2.0840365218651415,0.08403652186514154
3313,valid,C[C@H](CO)N1C=Cc2c(NC(=O)Cc3ccc(Cl)c(c3)C(F)(F)F)cccc2C1=O,3.49,4.686181103845914,1.1961811038459134
1709,valid,CC1(COc2ccc3c(c2)ncn3c4ccc5cccc(N6CCC(N)CC6)c5n4)COC1,1.99,1.628055361974165,-0.3619446380258351
1799,valid,CN1C(=O)c2c(onc2c3ccncc3)C=C1c4ccccc4,3.17,2.674177884574478,-0.495822115425522
2818,valid,O=C1NC(=O)c2cc(OCc3ccccc3)ccc12,3.1,2.759120956729335,-0.340879043270665
4089,valid,Clc1cc(Cl)c2c3C(=O)NNC(=O)c3[nH]c2c1,1.02,1.4916074198541707,0.47160741985417065
232,valid,COc1cc(Nc2nccc(n2)N(C)c3cc(CO)ccc3C)cc(c1)N4CCOCC4,3.9,3.7341509035553195,-0.16584909644468038
662,valid,CN1CCN(CC1)c2ccc3ncc(C(=O)N)c(Nc4ccc(F)cc4F)c3c2,2.3,2.358695650190728,0.05869565019072809
1944,valid,CC(C)C(NC(=O)CN1C(=O)C(=CC=C1c2ccccc2)NS(=O)(=O)C(F)(F)F)C(=O)C(F)(F)F,1.01,2.181522773836883,1.1715227738368832
3602,valid,NC(=N)c1cc2c(OCc3ccccc3)cccc2s1,1.16,1.4537269939014417,0.29372699390144175
341,valid,C[C@@H]1CN(CCN1c2ncc(OCc3ccncc3C#N)cn2)c4noc(n4)C5CC5,3.1,3.347252750050209,0.24725275005020908
908,valid,CCN1C=C(C=C(C)C1=O)[C@@]2(N=C(N)c3c(F)cccc23)c4cccc(c4)c5cc(ccn5)C#CC,4.4,2.974120700410187,-1.4258792995898135
3204,valid,c1ccc2cnccc2c1,1.6,2.2234762612614998,0.6234762612614997
1367,valid,CC1=CN([C@H]2CCCN(C2)S(=O)(=O)c3ccc(C(=O)O)c(Oc4cccc(Cl)c4)c3)C(=O)NC1=O,-1.28,0.798923769848553,2.078923769848553
1545,valid,NC(=O)c1cccc(O[C@@H]2C[C@H]3CC[C@@H](C2)N3CCc4ccccc4)c1,2.0,1.257194217665509,-0.7428057823344909
2302,valid,O=C(Nc1nccs1)[C@H](CC2CCOCC2)c3ccc(cc3)S(=O)(=O)C4CC4,2.55,3.1097549417401837,0.5597549417401839
1070,valid,COc1ccc(cc1)n2cnc3cc(NS(=O)(=O)c4ccccc4)ccc23,3.7,1.4904010237963579,-2.209598976203642
3897,valid,OCCn1cc(cn1)c2cnc3nnn(Cc4ccc5ncccc5c4)c3n2,1.7,1.95566368996845,0.2556636899684501
1966,valid,OC(=O)[C@H](N1CCC(CN2CCC(CC2)Oc3ccc(Cl)c(Cl)c3)CC1)c4ccccc4,2.14,2.02518990657204,-0.11481009342796034
3355,valid,C[C@H](COc1cn2ncnc(Oc3ccc4[nH]c(C)cc4c3F)c2c1C)OC(=O)[C@H](C)N,3.19,1.082385987315543,-2.107614012684457
3752,valid,CCCSc1c(cnn1[C@@H]2CC[C@H](CC2)C(=O)O)C(=O)NC3CCCCC3,1.03,1.2583971985517965,0.22839719855179652
82,valid,COc1ccc(cc1)C2=COc3cc(O)cc(O)c3C2=O,3.5,3.535584200077479,0.03558420007747909
1088,valid,C[C@@H]1CN(C[C@H](C)N1)c2c(F)c(N)c3C(=O)C(=CN(C4CC4)c3c2F)C(=O)O,-0.15,-0.6218434039628069,-0.4718434039628069
677,valid,COCCNCc1ccc(Nc2ncc3cc(ccc3n2)c4ccncc4)cc1,1.86,2.0010908298000594,0.14109082980005927
2027,valid,C[C@H](NC(=O)c1c(C)nn(C2CCOCC2)c1NS(=O)(=O)c3ccc(C)cc3)C(C)(C)C,0.5,1.242421185507947,0.742421185507947
3507,valid,C[C@@H]1CN(CCN1c2ncc(OCc3ccncc3C#N)cn2)C(=O)OC(C)(C)C#N,2.3,3.1977802299349207,0.8977802299349209
2723,valid,N\C(=C(\C#N)/c1ccccc1C(F)(F)F)\Sc2ccc(N)cc2,3.3,3.358358781129744,0.05835878112974413
1767,valid,CCCSc1nc(N[C@@H]2CC[C@H](CC2)C(=O)O)ccc1C(=O)NC3CCCCC3,2.02,2.917951173511521,0.8979511735115211
3474,valid,C[C@@H]1CN(CCN1c2ncc(OCc3ccc(cc3F)S(=O)(=O)C)cn2)C(=O)OC(C)(C)C,3.7,3.614696993116265,-0.08530300688373504
2031,valid,CCCN(CCC)CCc1cccc2NC(=O)Cc12,0.76,1.4588534693716726,0.6988534693716726
2679,valid,COc1ccc(cc1)N2Sc3ccccc3C2=O,3.02,1.1267925280698945,-1.8932074719301055
1992,valid,OCCOCCN1CCN(CC1)C(c2ccccc2)c3ccc(Cl)cc3,3.08,2.510085339710918,-0.5699146602890819
3165,valid,CN[C@@H](C)C(=O)N[C@H](C(=O)N[C@H]1CCCN(CCc2ccc(cc2)[N+](=O)[O-])C1)C(C)(C)C,1.54,1.9551847983072155,0.41518479830721544
1139,valid,Nc1nnc(s1)c2ccccc2,1.8,2.6700548875637664,0.8700548875637664
3205,valid,C[C@](N)(Cc1ccccc1)c2ccccc2,1.7,1.492706813825119,-0.20729318617488102
2712,valid,COc1cc(OC)c(cc1NC(=S)NCC(=O)O)S(=O)(=O)N2C(C)CCc3ccccc23,-1.04,1.5955395748615995,2.6355395748615997
4010,valid,CC1=CN([C@H]2CCCN(C2)S(=O)(=O)c3ccc(C(=O)O)c(Oc4ccc(Cl)c(Cl)c4)c3)C(=O)NC1=O,-0.87,1.305882539413481,2.175882539413481
1555,valid,Cc1ccc2c(c(C)n(CC(=O)O)c2c1)c3ccnc4cc(Cl)ccc34,2.41,1.1237077955943338,-1.2862922044056664
2793,valid,CC(=O)NC[C@H]1CN(C(=O)O1)c2ccc(N3CCN(CC3)c4ccc(cn4)C#N)c(F)c2,1.98,2.9904847319220145,1.0104847319220145
378,valid,Nc1ccccc1NC(=O)c2ccc(cc2)c3ncc(CN4CCC4)cc3F,1.69,1.2598242391966203,-0.4301757608033796
768,valid,CCOc1cc2nnc(C(=O)N)c(Nc3cccc(Cl)c3F)c2cc1N4CCN(C)CC4,1.99,2.778858282901167,0.788858282901167
238,valid,CN1CCN(CC1)c2ncnc3c2sc4nc(C)cc(C)c34,3.2,3.428138185053635,0.22813818505363503
2169,valid,CC(C)CN1C(=O)N(C)C(=O)c2c(SC3CCCCC3)c(Cc4ccccc4C(F)(F)F)sc12,4.14,4.411752080863732,0.2717520808637319
1508,valid,COc1ccc(OC)c(c1)c2cccc3c(N)c(nnc23)C(=O)NC4(C)CCC4,4.48,4.048255271035239,-0.43174472896476157
1062,valid,Cc1nc(C)c(nc1C(=O)N)c2ccc(cc2)[C@@H]3CC[C@@H](CC(=O)N)CC3,2.7,2.495881502497873,-0.2041184975021273
1494,valid,OC(=O)c1ccc2cccc(O)c2n1,3.3,0.028300517707865236,-3.2716994822921346
1953,valid,O=C1CCOc2cc(OCc3cccc(c3)C#N)ccc12,2.8,2.8068459074976655,0.006845907497665671
703,valid,CCCCC1C(=O)N(N(C1=O)c2ccccc2)c3ccccc3,0.45,3.171019454257501,2.721019454257501
2513,valid,CCN(CC)CCNC(=O)c1c(C)[nH]c(\C=C\2/C(=O)Nc3ccc(F)cc23)c1C,2.26,1.77964296124805,-0.4803570387519498
3898,valid,NC(=O)C(NC(=O)C1(N)CCN(CC1)c2ncnc3[nH]ccc23)c4ccc(Cl)cc4,2.2,2.2809803896668206,0.08098038966682042
213,valid,CN[C@@H](C)C(=O)N[C@@H](C1CCCCC1)C(=O)N[C@H]2CCN(C2)C(=O)c3ccccc3,0.82,0.786238930325708,-0.03376106967429193
3912,valid,C(C1NCCc2ccccc12)c3ccccc3,1.89,1.643707452765601,-0.24629254723439886
862,valid,C[C@@H](NC1=CC(=O)CC1)c2ccc(Nc3ncc4cc(ccc4n3)c5ccncc5)cc2,3.2,3.466571338084454,0.26657133808445366
1398,valid,COc1cc2ncnc(Nc3cccc(Cl)c3F)c2cc1CN(C)[C@@H](C)C(=O)N,3.42,3.358596425759669,-0.061403574240330716
919,valid,CN[C@@H](C)C(=O)N[C@@H](C1CCCCC1)C(=O)N[C@H]2CCCN(C2)C(=O)Cc3ccccc3,1.32,1.9470372777026603,0.6270372777026603
4153,valid,Fc1ccc(CNC(=O)CCS(=O)(=O)c2ccc(Br)cc2)cc1,3.1,3.1954187735172415,0.09541877351724137
844,valid,C1Cc2ncc(c3ccc4OCCOc4c3)n2C1,2.33,1.9182542336911217,-0.4117457663088784
2741,valid,COc1ccc(cc1)c2cc(ccc2OCC(=O)O)C(F)(F)F,0.29,0.27637296148188195,-0.013627038518118029
1475,valid,CCC1(C(=O)NC(=O)NC1=O)c2ccccc2,0.05,0.7629191040232319,0.7129191040232319
3427,valid,CCOc1cc2nnc(C(=O)N)c(Nc3ccc(F)cc3F)c2cc1N4CCN(C)CC4,2.63,2.480324068325938,-0.14967593167406168
2969,valid,C(Cc1nc2ccccc2[nH]1)Cc3nc4ccccc4[nH]3,3.5,2.4623974290367956,-1.0376025709632044
1507,valid,NC(=O)COc1ccc(OCCNCC(O)COc2ccccc2)cc1,0.63,-0.21200668551287283,-0.8420066855128728
1873,valid,CS(=O)(=O)n1c2ccccc2c3cc(NC(=O)N4CCOCC4)ccc13,2.7,2.1664636593280457,-0.5335363406719544
506,valid,Oc1cccc(c1)N2C(=O)c3ccc(O)cc3C2=O,2.0,2.2916857035874907,0.2916857035874907
217,valid,CC(C)CN1C(=O)N(C)C(=O)c2c1sc(Cc3c[nH]c4ccccc34)c2C(=O)N5CC[C@@H](O)C5,2.35,1.5853015691347474,-0.7646984308652527
3271,valid,C[C@H]1O[C@H]([C@H](O)[C@@H]1O)n2cnc3c(N)nc(OC4CCOC4)nc23,-0.06,0.6414367452334728,0.7014367452334729
389,valid,CC(C)Oc1cc(n[nH]1)n2cnc3cnc(N[C@@H](C)c4ncc(F)cn4)nc23,2.41,3.1548527756663436,0.7448527756663434
1734,valid,Fc1cccc(c1F)c2cncc(CNCC3CC3)n2,1.82,1.401517658402237,-0.418482341597763
2473,valid,O[C@@H](CNCCc1ccc(CNCCc2c(Cl)cccc2Cl)cc1)c3ccc(O)c4NC(=O)Sc34,2.3,0.963501783194328,-1.3364982168056718
762,valid,CC[C@H](NC(=O)c1c([S+](C)[O-])c(nc2cc(CN(C)C)ccc12)c3ccccc3)c4ccccc4,2.75,2.9210124808784883,0.1710124808784883
1406,valid,OC(=O)[C@H](Cc1cccc(F)c1)N2CCC(CN3CCC(CC3)Oc4ccc(Cl)c(Cl)c4)CC2,2.68,3.203525738914374,0.5235257389143739
2884,valid,CC(C)(C)OC(=O)N1CCN(CC1)c2ncc(OCc3ccncc3C#N)cn2,2.81,3.005890221214473,0.19589022121447286
329,valid,Cc1ccc(Cl)c(Nc2ccccc2C(=O)O)c1Cl,2.33,1.0421461283893778,-1.2878538716106223
2397,valid,CC(C)n1c(C)ncc1c2nc(Nc3ccc(cc3)C(=O)NC4CCN(C)CC4)ncc2F,2.13,2.047988963345568,-0.08201103665443199
3515,valid,CC(CN1c2ccccc2Sc3ccccc13)N(C)C,2.67,3.839888017887068,1.169888017887068
1277,valid,O[C@H](CNS(=O)(=O)c1cccc(c1)C#N)CN2CCC(CC2)Oc3ccc(Cl)c(Cl)c3,3.42,2.6623140302817663,-0.7576859697182337
22,valid,COc1ccc(Oc2cccc(CN3CCCC(C3)N4C=C(C)C(=O)NC4=O)c2)cc1,3.17,2.156608865118258,-1.0133911348817422
1741,valid,COc1ccc(CN2CCc3c(C2)[nH]c4ccccc34)cc1OC,3.1,3.480956443524945,0.38095644352494507
34,valid,O=C(NCc1ccncc1)c2ccc(Oc3ccccc3C#N)cc2,2.57,3.267806927184728,0.697806927184728
3348,valid,Nc1ncc(NC(=O)c2cc(NC(=O)c3cccc(c3)C(F)(F)F)ccc2Cl)cc1Cl,3.26,2.929220656634537,-0.3307793433654629
821,valid,CCOC(=O)C1(CCN(C)CC1)c2ccccc2,1.4,1.1106448029365883,-0.2893551970634116
1861,valid,C[C@H](NC(=O)c1c(C)nn(C2CCSCC2)c1NS(=O)(=O)c3ccc(C)cc3)C(C)(C)C,1.29,1.5511465447641264,0.26114654476412635
1438,valid,NC(=O)c1ccc(O[C@H]2C[C@H]3CC[C@@H](C2)N3Cc4ccccc4)c(F)c1,2.1,1.3229401198617912,-0.7770598801382089
1699,valid,CCN(C1CCN(CCC(c2ccccc2)c3ccccc3)CC1)C(=O)Cc4ccc(cc4)C#N,3.9,3.6608577247555942,-0.23914227524440568
2418,valid,CN1CC(c2ccc(Cl)cc2)c3ccccc3C1,3.64,5.259233409691018,1.619233409691018
3231,valid,COCC(=O)N1CCC(CC1)n2cc(cn2)c3cnc(N)c(c3)c4oc5ccccc5n4,3.4,2.689618859616937,-0.7103811403830629
287,valid,O[C@@H](CNCCSCCCNCCc1ccccc1)c2ccc(O)c3NC(=O)Sc23,0.12,0.8703700671409533,0.7503700671409533
2231,valid,O=C(Nc1cccc2cccnc12)[C@@H]3CC[C@H](CC3)N4C(=O)[C@@H]5[C@@H]6CC[C@@H](C6)[C@@H]5C4=O,3.94,3.2758964887625,-0.6641035112374998
2414,valid,Oc1ccc(N2C(=O)c3ccc(O)cc3C2=O)c(F)c1,2.1,2.3345932233708897,0.23459322337088961
4163,valid,Cc1nc(cs1)C(=O)N2CCCC3(CCN(Cc4ccc(Cl)cc4)CC3)C2,0.64,1.2652516704897903,0.6252516704897902
532,valid,C[C@H](C1=CNC(=S)N1)c2cccc(C)c2C,2.9,3.1143119415294365,0.21431194152943656
4031,valid,NC(=O)Nc1cc(sc1C(=O)N)c2ccsc2,2.3,2.3989371648979563,0.09893716489795645
1819,valid,CCN1C=C(C(=O)O)C(=O)c2cc(F)c(nc12)N3CCNCC3,-0.83,0.4400845711425432,1.2700845711425433
3679,valid,COc1cc(OC)c(cc1NC(=O)CCC(=O)O)S(=O)(=O)N2C(C)CCc3ccccc23,-0.87,0.04097168923880545,0.9109716892388054
1161,valid,OC1=CC(=O)C2=C(O1)c3ccccc3N(Cc4ccccc4)C2=O,1.97,2.249648454218611,0.27964845421861084
2161,valid,CCS(=O)(=O)c1ccc(Oc2cc3nc([nH]c3cc2CN4C(=O)CCC4=O)c5ccccn5)cc1,2.0,3.1660301527818344,1.1660301527818344
3232,valid,CCCC(=O)C1(CCN(CC1)C(=O)[C@@H](Cc2ccc(OC)cc2)NC(=O)[C@@H](N)Cc3cncn3C)c4ccccc4,2.51,2.865218882796815,0.355218882796815
1988,valid,CN1C(=O)N(CCCCC(=O)C)C(=O)c2c1ncn2C,0.22,1.683361627247253,1.463361627247253
2788,valid,CC(=O)Nc1cc2c(ccn2c3cc(NC4CC4)n5ncc(C#N)c5n3)cc1C,2.66,2.647663178594986,-0.012336821405014131
2040,valid,CN1CCN(CC1)c2ccc(Nc3ccnc4ccccc34)cc2,1.3,2.5287662377038527,1.2287662377038526
1656,valid,OC(=O)c1cc2ccccc2n1Cc3ccccc3,0.78,1.4132259865052084,0.6332259865052083
1030,valid,CN(C)CCC=C1c2ccccc2C=Cc3ccccc13,2.83,2.297034838172824,-0.532965161827176
3199,valid,Cc1ccc2c(c1)c(Sc3ccc(cc3)S(=O)(=O)C)c(C)n2CC(=O)O,-0.08,0.26838367508372807,0.3483836750837281
6,valid,COc1cc(OC)c(cc1NC(=O)CCC(=O)O)S(=O)(=O)NCc2ccccc2N3CCCCC3,-0.72,0.3241572802362649,1.0441572802362649
2989,valid,CN(C)C(=O)N[C@@H]1CC[C@@H](CCN2CCN(CC2)c3ccc(Cl)cc3)CC1,2.81,3.314047854178261,0.5040478541782609
581,valid,CC(C)Oc1ccc(cc1)C(=O)Nc2cc(NC(=O)c3cccc(c3)N(C)C)ccc2C,3.1,2.263904810936027,-0.8360951890639732
1104,valid,CN(C)CC(O)COc1ccc(Nc2nccc(n2)N(CC#C)c3cc(Cl)ccc3Cl)cc1,3.2,1.6104739808424264,-1.5895260191575737
904,valid,Clc1ccc(CN2CCNCC2)cc1C(=O)NCC34CC5CC(CC(C5)C3)C4,1.84,1.5858277624144574,-0.25417223758554264
1211,valid,CN1C(=O)C(=Cc2cnc(NC(CCO)CCO)nc12)Oc3ccc(F)cc3F,1.5,1.3878404103200321,-0.11215958967996786
2080,valid,Oc1nnc(Cc2cccc(c2)C(=O)N3CCOCC3)c4ccccc14,1.0,1.3529497599142588,0.3529497599142588
2713,valid,COc1ccccc1CNC(=O)c2ccc3cnccc3n2,1.8,2.620325186632405,0.8203251866324048
2412,valid,Nc1n[nH]c2nnc(c3ccccc3)c(c4ccccc4)c12,2.6,0.9956594398281247,-1.6043405601718754
1439,valid,CN(C1CCN(CCC(c2ccccc2)c3ccccc3)CC1)C(=O)Cc4ccc(Cl)cc4,3.5,4.305787187420249,0.8057871874202487
1684,valid,CC(O)(C(=O)c1ccccc1)c2ccccc2,2.92,2.0375638803852607,-0.8824361196147392
2240,valid,Brc1ccc(cc1)C(=O)Cn2cnc3ccccc23,3.22,3.881486157782328,0.6614861577823277
1558,valid,CNC(=O)c1ccc(C)c(c1)N2C(=CC(=C(Br)C2=O)OCc3ccc(F)cc3F)C,2.8,3.558631963343611,0.7586319633436114
181,valid,CC(C)C(NC(=O)CN1C(=O)C(=CC=C1c2ccccc2)NS(=O)(=O)C)C(=O)C(F)(F)F,1.77,1.3532762345028078,-0.41672376549719226
214,valid,Cc1cnc([nH]1)c2ccc(C)c(NC(=O)c3ccc(OCc4ccccn4)cc3)c2,3.19,3.34593964191795,0.15593964191794996
2533,valid,OC(=O)c1c(Sc2ccccc2)c3cc(Cl)ccc3n1Cc4ccc(Cl)cc4,2.96,3.3826072680620873,0.42260726806208737
3723,valid,C[C@@H]1COCCN1c2cc(nc(n2)c3cccc4[nH]ccc34)C5(CC5)S(=O)(=O)C,2.7,2.904909066939579,0.204909066939579
2696,valid,CCn1c(SCC(=O)Nc2c(cnn2c3ccccc3)C#N)nnc1c4cccs4,2.1,1.8197996877612055,-0.2802003122387946
1146,valid,CC(C)C[C@H](CO)Nc1nc(SCc2ccccc2)nc3nc(N)sc13,4.2,3.8775737089027325,-0.3224262910972677
2856,valid,COc1ccc(cc1C(=O)NCc2cccnc2)C(=O)NCc3cccnc3,1.23,1.7193393841316158,0.4893393841316158
358,valid,CC(CN(C)C)CN1c2ccccc2CCc3ccccc13,2.95,2.8208566013779985,-0.12914339862200164
2607,valid,CCCc1c(O)c(ccc1OCc2ccc(cc2)c3nn[nH]n3)C(=O)C,3.1,2.2368006943129233,-0.8631993056870768
416,valid,Clc1cccc(c1)N2CCN(CCCN3N=C4C=CC=CN4C3=O)CC2,2.67,3.242308972344415,0.5723089723444152
872,valid,C[C@@H]1CN(C[C@H](C)O1)c2nc(N3CCOC[C@@H]3C)c4ccc(nc4n2)c5ccccc5,3.75,2.992049964668697,-0.7579500353313029
3755,valid,CS(=O)(=O)C1(CCNCC1)c2cc(nc(n2)c3cccc4[nH]ccc34)N5CCOCC5,0.7,1.1368719984118951,0.43687199841189517
1602,valid,CCS(=O)(=O)c1cccc(c1)c2cc(ccc2OCC(=O)O)C(F)(F)F,-0.66,0.08413003441222378,0.7441300344122238
3950,valid,COc1ccc(cc1)c2nc3c(NCCCNC(=O)C4(CN)CC4)c(Br)cnc3[nH]2,1.9,0.18204154196946076,-1.7179584580305391
3356,valid,Fc1ccc(CN2CCN(CC2)c3ccc4nnc(n4n3)C(F)(F)F)cc1,3.46,3.679783811708283,0.21978381170828287
596,valid,COc1cc2c(Nc3cc(CC(=O)Nc4cccc(F)c4)[nH]n3)ncnc2cc1OCCCN5CCC(CO)CC5,2.11,3.081693675058844,0.9716936750588441
3849,valid,FC(F)(F)Oc1cccc2c3CN(CCc3[nH]c12)C(=O)[C@@H]4CCCC[C@H]4C(=O)NC5(CC5)C#N,4.01,3.3465771103427455,-0.6634228896572543
3696,valid,CCC(N(CCCN)C(=O)c1ccc(C)cc1)C2=Nc3snc(C)c3C(=O)N2Cc4ccccc4,1.61,2.019512985884701,0.4095129858847011
1355,valid,CN1CCc2c(NC(=O)Cc3ccccc3)c4ccccc4nc12,2.8,2.3029998341950884,-0.49700016580491146
2822,valid,COc1ccccc1N2CCN(CCCCNC(=O)c3ccc4ccccc4c3)CC2,3.53,3.145128219399348,-0.38487178060065164
2478,valid,OCCNS(=O)(=O)c1ccc2C(=CNC(=O)c2c1)C(=O)NC[C@@H](O)CN3CCC(CC3)Oc4ccc(Cl)c(Cl)c4,2.06,2.244694532087375,0.18469453208737496
2495,valid,CN[C@@H](C)C(=O)N[C@@H](C1CCCCC1)C(=O)N[C@H]2CCCN(CCc3cccc(F)c3)C2,2.64,2.6694149705913146,0.029414970591314482
2149,valid,Clc1c(ccnc1N2CCNCC2)C(=O)NCC34CC5CC(CC(C5)C3)C4,1.77,1.5223412768688902,-0.24765872313110981
3518,valid,CCn1c(nc2c(ncc(OCC3CCCNC3)c12)C#CC(C)(C)O)c4nonc4N,0.6,-0.26100816030833496,-0.8610081603083349
3980,valid,CCCOc1cc(OCCCN2CCCC2)ccc1C(=O)Nc3cccc(O)c3,2.46,1.640158107759658,-0.8198418922403419
60,valid,OC(C(=O)OC1CN2CCC1CC2)(c3ccccc3)c4ccccc4,1.19,2.0353011548758966,0.8453011548758966
2255,valid,Cc1ccc(cc1)S(=O)(=O)N2CCN(CC2)C(=O)c3occc3,2.17,2.4775153665009335,0.3075153665009336
788,valid,Cc1ccccc1Nc2ncnc3ccccc23,2.85,3.436191216999765,0.5861912169997647
889,valid,COc1cc2ncnc(Nc3cc4ccccc4cn3)c2cc1OC,3.9,3.1778206285986648,-0.7221793714013351
1118,valid,CNC(=O)c1cccc(O[C@H]2C[C@H]3CC[C@@H](C2)N3Cc4ccccc4)c1,1.93,2.074643182651554,0.14464318265155396
1454,valid,O[C@]1(CN2CCC1CC2)C#Cc3ccc(Oc4ccc(cc4)C(=O)NC5CCS(=O)(=O)C5)cc3,1.64,1.2692002635285817,-0.3707997364714182
288,valid,CC(C)(C)NS(=O)(=O)c1cncc(c1)c2ccc3nc(NC(=O)NCC(=O)N4CCOCC4)nn3c2,0.96,0.9238063702212242,-0.036193629778775716
1792,valid,Cn1cc(cc1c2c3C(=O)N(CC=C)C(=O)N(CC4CC4)c3nn2Cc5ccnc6ccc(Cl)cc56)C#N,4.27,4.346778855429716,0.07677885542971641
3473,valid,CCC(N(CCCN)C(=O)c1ccc(C)nc1)C2=Nc3ccsc3C(=O)N2Cc4ccccc4,2.56,1.8503120298181803,-0.7096879701818197
2805,valid,COc1ccc(N(C(C(=O)NC[C@@H](C)O)c2ccccc2F)C(=O)c3ccccc3)c(OC)c1,2.55,0.9269692369154934,-1.6230307630845064
2892,valid,CN(C)CCCN1c2ccccc2Sc3ccc(cc13)C(F)(F)F,3.59,3.4743801563237193,-0.11561984367628053
8,valid,COc1ccc(cc1)C2=COc3cc(OC)cc(OC)c3C2=O,3.05,3.3543862997675533,0.3043862997675535
1749,valid,CC1=CC2=NNC(=O)N2c3ccccc13,2.35,2.352518530904235,0.002518530904235039
1825,valid,CC(C)(C)OC(=O)c1ncn2c1[C@@H]3CCCN3C(=O)c4c(Br)cccc24,2.48,2.9990085013286967,0.5190085013286967
2964,valid,CN1SC(=O)c2cc(ccc12)S(=O)(=O)N,0.3,0.2108996012370956,-0.08910039876290438
3214,valid,O=C(CCc1ccncc1)Nc2ccc(cc2)C(=O)c3ccccc3,3.4,2.5639757643964507,-0.8360242356035492
713,valid,FC(F)(F)c1nnc2ccc(NCc3cccnc3)nn12,2.06,1.971111846173753,-0.08888815382624715
4088,valid,CCNC(=O)c1cc2c(c(cnc2[nH]1)c3cnc(OC)c(c3)C4=NNC(=O)O4)n5ccc(n5)C(F)(F)F,2.32,2.2042128426205467,-0.11578715737945311
3561,valid,Clc1ccccc1NC(=O)c2cc[nH]n2,2.58,2.7314164691336043,0.15141646913360418
3431,valid,CN(C(=O)C)c1ccccc1,1.1,0.6805799578220566,-0.4194200421779435
2852,valid,COc1ccc(NC(=O)CCc2c(C)nc3nc(C)nn3c2C)cc1,1.4,2.030451356693585,0.6304513566935852
964,valid,CC(C)(C(=O)Nc1oc(nn1)C(=O)Nc2ccc(cc2)N3CCOCC3)c4ccc(Cl)cc4,2.96,2.543701302378264,-0.41629869762173577
4018,valid,COc1cc(OC2CCNCC2)ccc1Nc3ncc(Cl)c(n3)c4cnc5ccccn45,1.8,3.154942610684108,1.3549426106841078
3662,valid,CC1=CN(C2CCCN(Cc3cccc(Oc4ccccc4)c3)C2)C(=O)NC1=O,3.04,2.014072262999878,-1.025927737000122
3608,valid,COc1ccc(cc1Cl)C(=O)NCCN2CCN(Cc3ccc(Cl)c(Cl)c3)CC2,3.74,2.4336720119873734,-1.3063279880126268
2301,valid,COc1cc2nc(Nc3ccc(cc3)[C@@H](C)NC(=O)C)ncc2cc1c4ccncc4,3.11,3.1351230530827965,0.02512305308279661
3918,valid,CCN1CCC[C@H](CN2CCN(CC2)C(=O)Nc3ccc(Cl)c(Cl)c3)C1,1.86,3.187322059567633,1.327322059567633
936,valid,COc1ccc(Sc2c(C)n(CC(=O)O)c3ccc(C)cc23)cc1,1.01,1.4684494591583626,0.45844945915836255
455,valid,COc1ccc(cc1)S(=O)(=O)NCC(N2CCCCCC2)c3ccccc3,3.13,2.295427648735008,-0.8345723512649919
538,valid,CC(C)(C)c1cc(O)n2nc(N)nc2n1,-0.2,2.5245907944009276,2.7245907944009278
874,valid,CC1=CN([C@H]2CCCN(Cc3ccc(C(=O)O)c(Oc4cccc(F)c4)c3)C2)C(=O)NC1=O,-1.03,-0.2539354079818672,0.7760645920181328
268,valid,Clc1ccc(Cl)c(c1)S(=O)(=O)Nc2nccs2,1.14,1.3725030567690526,0.2325030567690527
3135,valid,O=C(NC1CCCCC1)C2CCCN(C2)S(=O)(=O)c3cccs3,2.93,2.2665307275882904,-0.6634692724117097
1314,valid,COc1ccc2N=CC(=O)N(CCN3CC[C@@H](NCc4ccc5OCC(=O)Nc5n4)[C@@H](F)C3)c2c1,0.83,0.7075316333129615,-0.12246836668703842
765,valid,Cc1c(Sc2ccc(Cl)cc2)c3cc(F)ccc3n1CC(=O)O,1.84,2.222546020293135,0.382546020293135
545,valid,O=C(Nc1cccc2cccnc12)c3ccc(cc3)N4C(=O)[C@@H]5[C@H]6C[C@H](C=C6)[C@@H]5C4=O,3.28,1.7552183006045323,-1.5247816993954675
3695,valid,CCN1CCN(Cc2cnc(c(C)c2)c3ccc(cc3)C(=O)Nc4ccccc4N)CC1,1.2,1.5256625357688007,0.3256625357688008
2388,valid,COC[C@H](C)Oc1cc(Oc2ccc(Cl)cc2)cc(c1)C(=O)Nc3ccc(cn3)C(=O)O,1.69,1.627507011362402,-0.062492988637598
3807,valid,COc1cccc(c1)C(=O)Nc2ccc(C)c(c2)N3C=Nc4ccc(cc4C3=O)N5CCN(C)CC5,3.08,2.7190590979371967,-0.3609409020628034
2166,valid,CNC(=O)c1nc(cnc1N)c2ccc(Cl)c(c2)S(=O)(=O)Nc3cccc(F)c3F,2.8,1.927391026460515,-0.8726089735394849
1551,valid,CC(=O)Nc1ccc(CNc2[nH]nc3ccnc(Oc4ccccc4)c23)cc1,3.03,2.2850021878159326,-0.7449978121840672
1258,valid,COCCC(=O)N(C)c1ccc(Nc2ncc3cc(ccc3n2)c4ccncc4)cc1,3.23,2.9422374395831525,-0.28776256041684745
413,valid,COc1ccc(CCN(C)CCCC(C#N)(C(C)C)c2ccc(OC)c(OC)c2)cc1OC,2.61,2.9940580137334782,0.38405801373347837
3749,valid,C[C@H](CO)Nc1nc(SCc2cccc(F)c2F)nc3ncc(C)nc13,3.5,3.2418129570649614,-0.2581870429350386
2222,valid,C[C@H](O)C(=O)N1CCN(CC1)c2ccc(Nc3nccc(n3)c4cnc(C)n4C(C)C)cc2,2.15,2.4773799968878554,0.32737999688785546
3873,valid,FC(F)(F)Oc1ccc2OCC(=O)N(CCN3CCC(CC3)NCc4ccc5OCC(=O)Nc5n4)c2c1,1.82,1.7205419051480262,-0.09945809485197388
400,valid,Nc1ccc2ncccc2c1,1.33,1.275891055523716,-0.054108944476284115
3556,valid,CCn1c2ccccc2c3cc(NC(=O)CN(C)C)ccc13,3.2,3.6535674938056695,0.4535674938056693
2296,valid,OC(=O)c1ccc(Nc2ncc3CN=C(c4cc(Cl)ccc4c3n2)c5c(F)cccc5F)cc1,2.58,1.816132997016096,-0.7638670029839041
3527,valid,COc1cc2ncnc(Nc3ccc(F)c(Cl)c3)c2cc1OCCN(C)C,3.26,3.2410986485197326,-0.01890135148026717
1546,valid,CC(C)n1c(C)ncc1c2nc(Nc3ccc(cc3)C(=O)N)ncc2F,2.7,2.6105562075979027,-0.08944379240209743
93,valid,COC(=O)[C@H]1[C@@H](O)CC[C@H]2CN3CCc4c([nH]c5ccccc45)[C@@H]3C[C@H]12,1.65,2.1933220367503217,0.5433220367503218
1524,valid,Cn1cnc(c2ccccc2)c1\C=C\c3ccnc(N)n3,2.61,2.079999659792989,-0.5300003402070108
3683,valid,NC1=CC2=NNC(=O)N2c3cc(ccc13)c4ccsc4,3.18,2.080636470549042,-1.099363529450958
1007,valid,CC(C)Oc1cc(OCCc2ccsc2)cc(c1)C(=O)Nc3ccc(cn3)C(=O)O,1.74,1.233535004386657,-0.5064649956133429
2359,valid,CNC(=O)c1snnc1c2ccccc2,1.23,0.8789686611996019,-0.35103133880039805
2023,valid,CCNC(=O)c1cc2c(c(cnc2[nH]1)c3cncc(c3)C(=O)N)n4ccc(n4)C(F)(F)F,1.81,1.2272269714133481,-0.5827730285866519
3522,valid,CCN(C1CCN(CC[C@H](C2CCN(CC2)S(=O)(=O)C)c3cc(Cl)cc(Cl)c3)CC1)C(=O)Cc4ccc(cc4)S(=O)(=O)C,2.6,1.9954764183706868,-0.6045235816293133
2566,valid,OC[C@@H](O)CN1C(=O)[C@H](Cc2ccccc12)NC(=O)c3cc4cc(Cl)sc4[nH]3,3.27,3.2942500065900786,0.024250006590078588
126,valid,CN1CCN(CC1)C2=Nc3cc(Cl)ccc3Nc4ccccc24,3.08,1.5721647954502618,-1.5078352045497383
2201,valid,CCNC(=O)c1cc2c(c(cnc2[nH]1)c3cncc(c3)C(=O)O)n4nc(cc4C)C(F)(F)F,-0.88,-0.42571402293489413,0.4542859770651059
1140,valid,Fc1ccc(C2CCN(CC2)C(=S)COCc3ccncc3)c(Cl)c1,4.23,2.4658907975194535,-1.764109202480547
3603,valid,OC(=O)CCc1ccc(NCc2cccc(Oc3ccccc3)c2)cc1,2.1,1.702369056193393,-0.397630943806607
920,valid,[O-][n+]1cc(ccc1Cl)C(=O)Nc2ccc(F)cc2,1.38,1.86353599694846,0.48353599694846006
3540,valid,CC(O)(C(=O)Nc1ccc(cc1)S(=O)(=O)Nc2ccccc2)C(F)(F)F,3.07,2.247240672959034,-0.8227593270409659
4062,valid,CCS(=O)(=O)c1ccc(cc1)c2cc(Cl)ccc2OCC(=O)O,-0.78,-0.4419799546254337,0.3380200453745663
443,valid,COc1cc2ncc(C(=O)N)c(Nc3ccc(F)cc3F)c2cc1OC,2.95,2.7488755699236265,-0.2011244300763737
3772,valid,CC1=C2C(=CC(=O)N1Cc3ccccn3)NN(C2=O)c4ccccc4Cl,0.2,0.5256189827260129,0.3256189827260129
3132,valid,CC(C)n1c(C)ncc1c2nc(Nc3ccc(C(=O)N(C)C)c(F)c3)ncc2F,3.14,2.817688846941162,-0.32231115305883806
2578,valid,C[C@@H]1CN(C[C@H](C)O1)c2nc(N3CCOCC3)c4ccc(Nc5ccccc5)nc4n2,4.12,2.7942715885842744,-1.3257284114157257
3095,valid,COc1cc(OC)c(cc1NC(=O)C)S(=O)(=O)N2C(C)CCc3ccccc23,1.97,1.0421612492592904,-0.9278387507407095
1054,valid,C[C@@H]1CN(CCN1c2ncc(OCc3ccncc3C#N)cn2)c4noc(C)n4,2.6,1.595009302348495,-1.004990697651505
225,valid,CCCNC[C@@H](O)COc1ccccc1C(=O)CCc2ccccc2,1.56,1.7292382436571259,0.1692382436571258
3072,valid,CCCc1nn(C)c2C(=O)NC(=Nc12)c3cc(ccc3OCC)S(=O)(=O)N4CCN(C)CC4,2.8,1.3028101071101255,-1.4971898928898744
1649,valid,COc1ccc(C)c(c1)N(C)c2ccnc(Nc3cc(cc(c3)N4CCOCC4)N5CCOCC5)n2,3.18,3.3411230928068276,0.16112309280682746
3785,valid,CN(C)CCNS(=O)(=O)c1ccc(Nc2nccc(n2)c3cnc4ccccn34)cc1,2.7,2.6870310393625836,-0.012968960637416593
2761,valid,COc1cc2ncnc(Nc3ccc(F)c(Cl)c3)c2cc1OCCCN4CCCCC4,3.3,3.390117579337883,0.09011757933788322
2483,valid,COc1nc(Br)cnc1NS(=O)(=O)c2cccc3c(cccc23)N(C)C,1.9,1.9107219038449956,0.010721903844995717
2227,valid,O=C(CS(=O)(=O)c1ccccc1)c2ccccc2,1.86,2.3881094148752404,0.5281094148752403
1647,valid,[O-][S+](CCC1C(=O)N(N(C1=O)c2ccccc2)c3ccccc3)c4ccccc4,-0.51,2.4001451104261498,2.91014511042615
434,valid,CC(C)n1c(C)ncc1c2ccnc(Nc3ccccc3)n2,3.58,3.7484350991557935,0.16843509915579347
3187,valid,COc1cccc(\C=C\2/SC(=O)NC2=O)c1N3CCC[C@@H](N)C3,1.27,1.4805725604264979,0.21057256042649786
508,valid,CCCN(c1cccnc1)P(=O)(c2ccccc2)c3ccccc3,2.6,1.6755969405240507,-0.9244030594759494
32,valid,CC(=O)[C@H]1CC[C@H]2[C@@H]3CCC4=CC(=O)CC[C@]4(C)[C@H]3CC[C@]12C,3.94,1.6039900414609418,-2.336009958539058
3913,valid,CC(C)N1CCC(CC1)N(C(=O)Cc2ccccc2)c3ccc(Cl)cc3,2.3,4.335187018322577,2.035187018322577
2378,valid,C[C@H](CO)Nc1nc(SCc2ccccc2)nc3NC(=O)Sc13,2.86,2.6087309050292586,-0.25126909497074124
2086,valid,C1Cc2ccccc2CN1c3ccncc3,1.4,0.8190199406896932,-0.5809800593103067
2072,valid,O[C@H](CNC(=O)c1c[nH]c2ccccc12)CN3CCC(CC3)Oc4ccc(Cl)c(Cl)c4,3.91,3.5821047226623355,-0.32789527733766466
2077,valid,COCCN1CCN(CC(=O)Nc2ccc(C3=CC=CN4C(=O)C=C(N=C34)N5CCOCC5)c6sc7ccccc7c26)CC1,3.2,2.9932730178922244,-0.20672698210777574
199,valid,Clc1cccc(c1Cl)n2nnnc2NCc3ccccc3Oc4ccccn4,3.62,3.21316060496523,-0.40683939503476996
1229,valid,Cc1oc(cc1)c2ccc(cc2F)S(=O)(=O)N3CCC[C@H]3C(=O)N4CC[C@@H](N)C4,1.2,1.2794354759830102,0.07943547598301026
2880,valid,N(c1cccnc1)c2ncnc3ccccc23,1.57,2.42874009921441,0.8587400992144099
3699,valid,Cc1cc2nc(NC(=N)N)nc(C)c2cc1C,0.7,-0.5054138838932647,-1.2054138838932646
3367,valid,CCOC(=O)c1ccc(COC2CN(C2)c3ccc(C)nn3)cc1,2.5,3.197345887122245,0.6973458871222449
2819,valid,Fc1cc(c(F)cc1Oc2ccc(Cl)cc2c3ccnn3C4CNC4)S(=O)(=O)Nc5ncns5,1.0,0.012027940353135147,-0.9879720596468649
180,valid,NC1(CCC1)c2ccc(cc2)c3ncc4ccncc4c3c5ccccc5,2.2,2.3649425619768865,0.16494256197688628
2871,valid,COc1cc(ccc1Cn2ccc3ccc(NC(=O)OC4CCCC4)cc23)C(=O)O,2.1,2.492578253299328,0.39257825329932805
1282,valid,Nc1nonc1\C(=N\O)\Nc2ccc(F)c(Cl)c2,2.7,2.0668434081507425,-0.6331565918492577
4158,valid,OC(=O)c1ccc(cc1)N2CCC(CN3CCC(CC3)Oc4ccc(Cl)c(Cl)c4)CC2,2.31,2.0311441987793373,-0.2788558012206628
2046,valid,CCCc1c(O)c(O)c(C(=O)O)c2cc(Cc3ccccc3)c(C)cc12,2.6,2.501942807030855,-0.09805719296914495
3482,valid,COc1cc2c(ncnc2cc1OCCCN3CCCCC3)N4CCN(CC4)C(=O)Nc5ccc(OC(C)C)cc5,2.6,2.644622525933218,0.044622525933217805
264,valid,CC(C)[C@@H](CO)NS(=O)(=O)c1ccc(Cl)s1,2.3,1.836324651468167,-0.4636753485318328
2174,valid,CN1C(=O)N(Cc2ccc(Br)cc2)c3ccccc13,2.81,3.0696460249931934,0.25964602499319334
3672,valid,CC(C)Oc1ccc(cc1C(=O)N2CCN(CC2)c3ccc(cc3)C(F)(F)F)S(=O)(=O)C,3.33,1.786089260984743,-1.543910739015257
719,valid,C[C@@H]1CN(CCN1c2ncc(OCc3ccncc3C#N)cn2)c4ncc(F)cn4,3.4,2.873580889251593,-0.5264191107484071
295,valid,NC(=O)Nc1cc(sc1C(=O)N[C@H]2CCCNC2)c3cccc(F)c3F,1.32,0.7284215464054407,-0.5915784535945594
3645,valid,CCC[C@@H](N1CCC[C@@H](C1)N2C=C(C)C(=O)NC2=O)c3ccc(C(=O)O)c(Oc4cccc(Cl)c4)c3,0.6,0.5400979122280145,-0.05990208777198547
794,valid,CC(C)(C)OC(=O)N1CCN(CC1)c2ccc(OCc3ccc(cc3)S(=O)(=O)C)cc2,3.9,2.8044583696641325,-1.0955416303358674
2700,valid,Nc1c(cnn1c2ccc(F)cc2)C(=O)c3cccc(OC[C@@H](O)CO)c3,1.91,1.4925880887368503,-0.4174119112631496
3794,valid,COc1cnc(nc1N2CCOCC2)c3ccccn3,1.52,1.4606099866010336,-0.059390013398966435
660,valid,Cc1c(Sc2ccc(Cl)cc2)c3ccc(cc3n1CC(=O)O)S(=O)(=O)C,0.79,0.45220045314796065,-0.3377995468520394
1914,valid,CCCc1cc(cc(OC)c1OC)C2=N[C@H](CO2)C(=O)NO,1.69,0.7371806803035799,-0.9528193196964201
3665,valid,CN1CCOc2cc(COc3ccccc3)cnc12,3.3,2.875205224064332,-0.4247947759356676
1607,valid,CN(C)C(=O)N[C@@H]1CC[C@H](CCN2[C@@H]3CC[C@H]2C[C@H](C3)Oc4cccc(c4)C(=O)N)CC1,0.22,0.527227380148787,0.30722738014878703
495,valid,CCCc1c(OCCCSc2ccc(CC(=O)O)cc2Cl)ccc3c(CC)noc13,3.92,2.854167944787398,-1.065832055212602
105,valid,O[C@@H](CNC1CCN(Cc2ccc(Cl)c(Cl)c2)CC1)COc3cccc(c3)C#N,3.09,0.9506535142932693,-2.1393464857067306
3143,valid,CCN(C1CCN(Cc2ccc(cc2)C(F)(F)F)CC1)C(=O)Cc3ccc(cc3)S(=O)(=O)C,2.9,2.623172362738671,-0.276827637261329
1650,valid,Clc1ccc(CN(Cc2ccc(Cl)cc2)c3nn[nH]n3)cc1,2.74,1.6569462911681243,-1.083053708831876
3306,valid,NC(=O)c1sc(cc1N)c2ccsc2,2.23,2.2961789091544014,0.06617890915440139
2395,valid,OC(=O)CCc1ccc(OCc2cccc(Br)c2)cc1,1.67,2.057572717338879,0.387572717338879
745,valid,COc1ccc(CNC(=O)c2sc3nc(C)cc(C)c3c2N)cc1,3.85,3.581547044594923,-0.2684529554050772
922,valid,Nc1ccccc1NC(=O)c2ccc(cc2)c3ncc(CN4CCC4)cc3C#N,1.22,0.9742557612282188,-0.2457442387717812
2467,valid,COc1ccc(cc1)c2cc3c(N[C@H]4CCCNC4)ncc(C(=O)N)c3s2,1.82,1.5941716940982278,-0.22582830590177227
2450,valid,COCc1ccoc1C(=O)N(C(C(=O)NC[C@@H](C)O)c2ccccc2F)c3ccc(OC)cc3OC,1.98,0.7950025464987189,-1.184997453501281
1520,valid,CCOCc1nc2c(N)nc3ccccc3c2n1CC(C)(C)O,1.69,0.6921365091574612,-0.9978634908425388
3592,valid,CCCCCCCCCC(=O)N[C@@H](Cc1c[nH]c2ccccc12)C(=O)N[C@@H](CC(=O)N)C(=O)N[C@@H](CC(=O)O)C(=O)N[C@H]3[C@@H](C)OC(=O)[C@H](CC(=O)c4ccccc4N)NC(=O)[C@@H](NC(=O)[C@@H](CO)NC(=O)CNC(=O)[C@H](CC(=O)O)NC(=O)[C@@H](C)NC(=O)[C@H](CC(=O)O)NC(=O)[C@H](CCCN)NC(=O)CNC3=O)[C@H](C)CC(=O)O,-0.94,-1.2627382614177733,-0.3227382614177734
2557,valid,C[C@@H](Oc1nc(Nc2cc(C)[nH]n2)c(C)nc1C#N)c3ccc(F)cn3,2.72,1.6298567604008654,-1.0901432395991348
4084,valid,C1CN2CCC1C(C2)c3ccc(cc3)c4ccccc4,1.76,2.777150972029207,1.0171509720292071
3121,valid,CCCN(CCC)S(=O)(=O)c1ccc(cc1)C(=O)O,0.03,-0.0798610633336585,-0.1098610633336585
3458,valid,Nc1nc2ccc(Cl)cc2c3nc(nn13)c4occc4,3.98,2.9423404747425064,-1.0376595252574936
1326,valid,CCC1(CCC(=O)NC1=O)c2ccc(N)cc2,0.6,-0.876916817420847,-1.4769168174208471
3884,valid,Nc1c(nc(nc1N2CCOCC2)C#N)N3CCCCC3,2.71,2.4763241623109615,-0.23367583768903843
3251,valid,CCN(c1ccccc1)c2cc(NC)[n+](C)c(C)n2,-0.91,2.06963683246272,2.9796368324627203
3273,valid,CC1=CN(C2CCCN(Cc3cccc(Oc4ccc(Cl)cc4)c3)C2)C(=O)NC1=O,3.38,2.6545827654646557,-0.7254172345353442
669,valid,CS(=O)(=O)c1ccc(cc1)N2CCN(CC2)C(=O)[C@@H]3CCCC[C@H]3C(=O)NCC#N,0.67,0.9080118458031352,0.23801184580313517
915,valid,CC(=O)Nc1ccc2cnn(c3cc(NC4CC4)n5ncc(C#N)c5n3)c2c1,3.44,3.699264209355297,0.25926420935529704
1425,valid,COc1cc(ccc1OC[C@H](OP(=O)(O)O)C2CC2)N3C=Nc4cc(sc4C3=O)c5ccc(Cl)cc5,-0.04,4.205282682341,4.245282682341
3841,valid,Clc1ccccc1CN2CCc3sccc3C2,3.46,4.889404294925854,1.4294042949258543
231,valid,C(C(C1CCCCC1)C2CCCCC2)C3CCCCN3,3.02,0.45001591728048873,-2.569984082719511
2778,valid,Fc1ccc(cc1)C(=O)C2CCN(CC2)C(=O)NCc3ccccc3,3.15,2.8897462289832667,-0.2602537710167332
1474,valid,C(Cc1ccccc1)NCc2ccccc2,1.65,1.642690046815828,-0.007309953184171825
3506,valid,OC(=O)COCCN1CCN(CC1)C(c2ccccc2)c3ccc(Cl)cc3,1.27,1.2844558423744046,0.01445584237440456
1221,valid,Oc1ccc(CCNCCCCCCOCCc2ccccc2)c3sc(O)nc13,2.21,2.2917801346230378,0.08178013462303779
2751,valid,c1ccc2ccccc2c1,3.29,2.5250804499517296,-0.7649195500482704
2917,valid,NC(=O)C1=CN(Cc2ccc(Cl)cc2Cl)C(=O)C=C1,2.36,2.2008243236142375,-0.15917567638576235
3587,valid,Fc1ccc(cc1Cl)S(=O)(=O)NCC(N2CCCCCC2)c3ccccc3,3.98,3.6447991647387514,-0.33520083526124855
1989,valid,C[C@H]1CN(Cc2cc(Cl)ccc2CC(=O)O)CCN1S(=O)(=O)Cc3ccccc3,1.12,1.1583247695390826,0.03832476953908248
1100,valid,CCN(CC)S(=O)(=O)c1ccc(cc1)c2cc(ccc2OCC(=O)O)C(F)(F)F,0.67,0.4073504738459477,-0.26264952615405235
3779,valid,CCN1C=C(C(=O)O)C(=O)c2ccc(C)nc12,-0.1,0.9679891681696076,1.0679891681696076
1321,valid,CCS(=O)(=O)c1ccc(c2cc(Cl)ccc2OCC(=O)O)c(c1)C(F)(F)F,0.62,-0.018094706302523633,-0.6380947063025236
1888,valid,CC(C)C(NC(=O)CN1C(=O)C(=CC=C1c2ccccc2)NC(=O)Cc3ccc(cc3)C(=O)O)C(=O)C(F)(F)F,0.35,0.7868379328588493,0.4368379328588493
2592,valid,CC(C)c1cc(C(=O)N2Cc3ccc(CN4CCN(C)CC4)cc3C2)c(O)cc1O,2.5,2.1387215067643037,-0.3612784932356963
3759,valid,Cc1cc(CN2CCc3ccccc3C2C(=O)Nc4ccc(Cl)cc4Cl)ccc1OCC(=O)O,2.63,1.7603532722901547,-0.8696467277098452
1922,valid,Cc1cc(NC(=O)c2ccc(Cl)cc2)n(n1)c3ccccc3,3.25,3.9299992612914982,0.6799992612914982
2764,valid,Fc1cccc2c3CN(CCc3[nH]c12)C(=O)[C@@H]4CCCC[C@H]4C(=O)NC5(CC5)C#N,3.03,3.186740498630943,0.1567404986309433
2173,valid,NC(=O)c1sc(cc1N)c2ccc(Cl)cc2,3.3,3.056964154299251,-0.24303584570074888
687,valid,O=C(NC1CCCCC1)c2cccnc2Sc3ccccc3,3.01,3.2858599878046837,0.2758599878046839
4013,valid,C[C@H](Oc1nc(Nc2cc(C)[nH]n2)c(C)nc1C#N)c3ccc(F)cn3,2.86,1.6298567604008654,-1.2301432395991345
2599,valid,Nc1ccc(cc1)C2(CCCCC2)c3ccc(N)cc3,3.2,1.0485493117330025,-2.1514506882669977
2795,valid,Clc1cc(Cl)cc(NC(=O)NCC2(CCN(CC3CC3)CC2)c4ccc(cc4)c5cccc(c5)C#N)c1,3.37,3.3786215529129446,0.00862155291294453
3694,valid,COc1ccc(CC(=O)N(C)C2CCN(CCC(c3ccccc3)c4ccccc4)CC2)cc1OC,3.4,3.028795381206289,-0.371204618793711
607,valid,Cc1ccc2c(c1)c(c(C)n2CC(=O)O)c3ccnc4c(Cl)cccc34,1.27,1.3393238987885474,0.06932389878854739
1784,valid,Nc1nc2ccccc2n1C(=O)c3ccccc3,1.56,1.1941778848691382,-0.3658221151308618
2486,valid,Clc1ccc2C(=O)NC(=Nc2c1)c3ccccc3,3.31,2.1013143048162677,-1.2086856951837324
3092,valid,CC(C)N1CCC[C@H](CN2C(=O)c3cc(ccc3N=C2C(C)C)c4ccc(F)cc4)C1,3.6,3.4678139514664506,-0.13218604853354954
808,valid,Cc1cc(Nc2ccccc2)n(CCC#N)n1,2.3,3.096469832702135,0.7964698327021353
3080,valid,CCOC(=O)C1=C(C)NC(=C([C@H]1c2cccc3C(=O)C=C(C)Oc23)C(=O)C)C,2.63,2.7993014939705247,0.16930149397052485
540,valid,Oc1ccc(cc1)c2csc(n2)c3ccc(O)cc3,3.7,2.877960212932633,-0.822039787067367
2043,valid,COc1ccc(CNC(=O)CSc2nc3cccnc3s2)cc1,2.5,2.8101549424286834,0.31015494242868336
1301,valid,COc1cc(ccc1Cc2cn(C)c3ccc(cc23)C(=O)NCCc4ccccc4)C(=O)NS(=O)(=O)c5ccccc5C,2.51,1.786782698427921,-0.7232173015720789
2625,valid,CNC(=O)Nc1cc(sc1C(=O)N)c2ccccc2,2.71,2.0642702883074486,-0.6457297116925513
2844,valid,CC(C)n1nc(C)c(C(=O)N[C@@H](C)C(C)(C)C)c1NS(=O)(=O)c2ccc(C)cc2,0.97,1.2352821933302378,0.26528219333023784
89,valid,Cc1nc(C)c(nc1C(=O)N)c2ccc([C@@H]3CC[C@@H](CC(=O)O)CC3)c(F)c2,1.3,1.321887359049433,0.021887359049433064
3328,valid,CCN1CCN(Cc2cnc(c3ccc(cc3)C(=O)Nc4ccccc4N)c(c2)C#N)CC1,1.14,1.3962674021088306,0.2562674021088307
2446,valid,Cc1nc2ccccn2c1c3ccnc(Nc4cccc(Cl)c4)n3,2.7,4.330555389581176,1.6305553895811755
113,valid,CC(C)C[C@H](N)c1oc(nn1)S(=O)(=O)Cc2ccc(F)cc2,1.11,2.0175327324366616,0.9075327324366615
4192,valid,COc1cc(F)ccc1c2cncc(CNC3CCCCC3)c2,2.6,2.4769493522448394,-0.12305064775516072
1235,valid,CN1CCN(CC1)C(=O)c2cc3cc(Cl)ccc3[nH]2,2.4,2.6583088144574893,0.25830881445748943
3847,valid,OC(=O)C[C@@H]1CC[C@H](CC1)c2ccc(NC(=O)c3oc(Nc4ccccc4F)nn3)cc2,2.48,2.9809101915687686,0.5009101915687686
2137,valid,Oc1ccc(cc1)c2oc3cc(O)ccc3n2,3.3,3.6192686883533485,0.31926868835334865
3476,valid,NC1(CCN(CC1)c2ncnc3[nH]ccc23)C(=O)NC(c4ccccc4)c5ccc(Cl)cc5,4.1,2.8626902712987503,-1.2373097287012493
2936,valid,[O-][N+](=O)c1ccc2C(=O)C(=O)c3ccccc3c2c1,2.56,2.2731574399638808,-0.2868425600361193
191,valid,Nc1nc(Nc2ccc(F)c(Cl)c2)c3nc[nH]c3n1,2.75,1.7120146567010819,-1.0379853432989181
3775,valid,O=C(CSc1ccccc1)N2CCN(CC2)c3ccccc3,3.2,2.724205449397364,-0.475794550602636
3475,valid,CN1CCN(CCCN2c3ccccc3Sc4ccc(Cl)cc24)CC1,3.92,3.9497223734037648,0.029722373403764824
2341,valid,O=C(NC1(CC1)C#N)[C@@H]2CCCC[C@H]2C(=O)N3CCN(CC3)c4nc5CCOCc5s4,1.42,1.9698748681892273,0.5498748681892274
4180,valid,CCCCC(CC)COC(=O)CC(C(=O)OCC(CC)CCCC)S(=O)(=O)O,2.93,2.3329764774742214,-0.5970235225257787
2945,valid,CC(=O)Nc1ccccn1,0.5,1.8293571135237259,1.3293571135237259
1498,valid,CCCCCSc1nc(O)c2sc(N)nc2n1,2.86,2.2313000777319094,-0.6286999222680905
16,valid,COc1ccc(cc1)N2CCN(CC2)C(=O)[C@@H]3CCCC[C@H]3C(=O)NCC#N,1.6,1.5597843089324375,-0.04021569106756262
3955,valid,NC1(CCC1)c2ccc(cc2)C3=Nc4ccccc4C(=O)N3c5ccccc5,1.5,2.38776463726555,0.8877646372655499
3099,valid,CO[C@@H]1CN(CCN2C(=O)C=Cc3ccc(cc23)C#N)CC[C@H]1NCc4ccc5OCC(=O)Nc5n4,0.81,0.5051486952348185,-0.3048513047651815
3295,valid,C[C@H](CO)Nc1nc(SCc2cccc(Cl)c2F)nc3NC(=O)Sc13,3.53,3.1271535480238386,-0.4028464519761612
3288,valid,CCC(N(CCCN)C(=O)c1ccc(C)cc1)C2=Nc3nccnc3C(=O)N2Cc4ccccc4,-0.14,1.9897730966328404,2.1297730966328405
248,valid,O=C1NC=Nc2[nH]ncc12,-0.42,-0.19400491741422465,0.22599508258577533
3261,valid,CCN(C)C(=O)c1ccc(cc1)C(=C2CCN(Cc3cscn3)CC2)c4cccc5cccnc45,2.65,2.3155738234217647,-0.33442617657823526
3858,valid,Cc1sc(nc1C(F)(F)F)N2CCN(CC2)C(=O)[C@@H]3CCCC[C@H]3C(=O)NC4(CC4)C#N,2.87,3.0805351634045883,0.21053516340458822
3463,valid,CCN(C(=O)C)c1cccc2c1c(Sc3ccc(Cl)cc3)c(C)n2CC(=O)O,1.61,0.8548535535206319,-0.7551464464793682
1760,valid,CN(CC[C@@H](Oc1ccc(cc1)c2ccccc2)c3ccc(F)cc3)CC(=O)O,2.86,1.1364807323972472,-1.7235192676027526
70,valid,CNC(=O)c1ccc(CC(=O)N(C)C2CCN(Cc3ccc(cc3)C(F)(F)F)CC2)cc1,2.8,2.563444358130999,-0.2365556418690007
2847,valid,CCCCC1=NC2(CCCC2)C(=O)N1Cc3ccc(cc3)c4ccccc4c5nn[nH]n5,1.29,1.8493973760880404,0.5593973760880404
2900,valid,Cc1oc2C=NN(B(O)c2c1)S(=O)(=O)c3ccc(C)cc3,-0.28,1.223194663593039,1.503194663593039
2747,valid,OC(=O)COc1ccc(Cl)cc1c2cccc(c2)C#N,-0.25,-0.13645620811573167,0.11354379188426833
158,valid,CC(C)CN1C(=O)N(C)C(=O)c2c1sc(Cn3c(C)nc(Cl)c3Cl)c2C(=O)N4CC[C@@H](O)C4,1.61,2.6447405034806675,1.0347405034806674
1557,valid,Cc1ccc2nc(NCCN)c3ncc(C)n3c2c1,0.88,0.9198841566827403,0.03988415668274026
2159,valid,CC(C)C(NC(=O)CN1C(=O)C(=CC=C1c2ccccc2)NC(=O)NCc3ccc[n+]([O-])c3)C(=O)C(F)(F)F,1.48,1.731657035004163,0.2516570350041629
1755,valid,CC1=C(OCc2ccccc2)C(=O)C=CO1,1.87,2.095238520766918,0.22523852076691808
3178,valid,COc1ccc(cc1)C2=COc3cc(O)ccc3C2=O,3.05,2.7150737350459715,-0.33492626495402833
880,valid,OC(=O)c1cccnc1N2CCC(CN3CCC(CC3)Oc4ccc(Cl)c(Cl)c4)CC2,1.71,2.104681745269444,0.3946817452694442
1871,valid,COc1ccccc1C(=O)NCC23CC4CC(CC(C4)C2)C3,4.43,4.174291399882333,-0.25570860011766694
1271,valid,Cc1c(c2cc(F)ccc2n1CC(=O)O)S(=O)(=O)c3ccc(Cl)cc3,-0.16,1.0555645045559165,1.2155645045559165
1243,valid,COc1cc(ccc1C2CC2)N3CCN([C@H](C)C3)C(=O)[C@@H]4CCCC[C@H]4C(=O)NC5(CC5)C#N,3.49,2.6007127126680105,-0.8892872873319897
1257,valid,CS(=O)(=O)c1cccc(Nc2nccc(Nc3cccc4ncoc34)n2)c1,2.5,2.8471219574734494,0.3471219574734494
1759,test,CNc1c(Br)cnc2[nH]c(nc12)c3cnn(c3)C4CCN(C)CC4,2.5,1.8219420558305437,-0.6780579441694563
771,test,CC(C)[C@H](N(CCCN)C(=O)c1ccc(C)cc1)C2=Nc3cc(Cl)ccc3C(=O)N2Cc4ccccc4,2.88,2.098890959133469,-0.7811090408665309
3486,test,CCCSc1c(cnn1C)C(=O)NC2CCCCC2,2.99,2.0010066355762968,-0.9889933644237034
1312,test,C[C@H](NC(=O)c1c(C)nn(C2CCC2)c1NS(=O)(=O)c3ccc(C)cc3)C(C)(C)C,1.57,1.5366195524039008,-0.03338044759609926
2425,test,COCCC(=O)N[C@@H](C)c1ccc(Nc2ncc3cc(ccc3n2)c4ccncc4)cc1,3.05,2.971485072760763,-0.0785149272392367
2999,test,Nc1nccc(n1)c2c[nH]c3ccccc23,1.68,1.2276986940499581,-0.4523013059500418
672,test,FC(F)c1nc2ccccc2n1c3nc(nc(n3)N4CCOCC4)N5CCOCC5,3.04,2.071152520346217,-0.9688474796537832
3310,test,CCc1cc(O)c(Oc2ccc(cc2F)C(=O)N)cc1F,2.87,1.8167034536572113,-1.0532965463427888
366,test,Oc1cc(ccc1NC(=O)Nc2ccccc2Br)[N+](=O)[O-],3.9,3.5230529474353416,-0.3769470525646583
3034,test,COc1ccc2SCC(=O)N(CCN3CCC(CC3)NCc4cc5OCCOc5cn4)c2c1,1.78,0.950283014548154,-0.829716985451846
859,test,C[C@]12CCC(=O)C=C1CC[C@H]3[C@@H]4CC[C@](O)(C(=O)CO)[C@@]4(C)CC(=O)[C@H]23,1.4,2.3937630166744417,0.9937630166744418
514,test,COc1ccc(cc1F)c2cc(nn2c3ccc(cc3)S(=O)(=O)N)C(F)F,2.8,2.3019316731615516,-0.49806832683844826
1550,test,NC(=O)C[S+]([O-])C(c1ccccc1)c2ccccc2,1.12,-0.5580974262898821,-1.6780974262898822
1248,test,Nc1nnc(Cc2ccc(Cl)cc2)s1,2.34,1.816243059767511,-0.5237569402324889
1517,test,Nc1nc2ccccc2s1,2.0,1.9852183433377903,-0.014781656662209652
2018,test,CC(C#Cc1ccccc1)N2NC(=O)C3=C(C2=O)C(=O)c4ccc(Cl)cc4N3,1.4,2.135653115569238,0.7356531155692383
1794,test,CNC(=O)C1(CCN(CC[C@H](CN(C)C(=O)c2cc(cc3ccccc23)C#N)c4ccc(Cl)c(Cl)c4)CC1)N5CCCCC5=O,2.5,2.068383021080818,-0.43161697891918216
851,test,CC(=O)C1=CN(Cc2ccccc2)C(=O)N(Cc3ccc(F)cc3)C1=O,3.2,1.6007318920132267,-1.5992681079867734
3636,test,NCCCCCc1c[nH]c2ccc(F)cc12,0.6,1.1463540013013904,0.5463540013013904
3697,test,CCOC(=O)Cc1csc(NS(=O)(=O)c2ccc(Cl)cc2)n1,1.32,1.6331383605148706,0.31313836051487054
3834,test,Nc1nc(N)c2nc(CO)cnc2n1,-0.45,-0.38489605678387084,0.06510394321612917
2654,test,CC(C)n1c2ccccc2c3c(C)c(NC(=O)N4CCOCC4)ccc13,3.5,3.298407489685713,-0.20159251031428704
2381,test,CC(C)(CO)Nc1nc(SCc2cccc(F)c2F)nc3nc(N)sc13,3.37,2.98569292476009,-0.38430707523991003
3198,test,[O-][N+](=O)c1oc(C=NN2CCOC2=O)cc1,-0.12,-0.47394807634943037,-0.3539480763494304
1662,test,CC(=O)Nc1nc(ns1)c2ccccc2,2.8,2.771091553893306,-0.02890844610669374
1128,test,OCC(CO)Nc1nc(SCc2cccc(F)c2F)nc3nc(NC4CC4)sc13,3.11,4.0025611546995545,0.8925611546995547
3200,test,Cc1ccc(cc1S(=O)(=O)n2ccc(n2)c3c(C)nc4ccc(Br)cn34)[N+](=O)[O-],3.52,3.7949793587689253,0.2749793587689253
4136,test,CC(=O)C1=Cc2ccc(O)cc2OC1=O,0.87,1.438690350101111,0.568690350101111
2611,test,CN1CCN(Cc2ccc(cc2)C(=O)Nc3ccc(C)c(Nc4nccc(n4)c5cccnc5)c3)CC1,2.5,1.7045568075385136,-0.7954431924614864
3296,test,C1CC(CCN1)c2ccccc2,0.54,0.594032699043709,0.054032699043709
4094,test,CCOc1ccc(NC(=O)CCc2c(C)nc3nc(C)nn3c2C)cc1,2.1,2.4444833217940984,0.34448332179409835
2289,test,CCN(CC)c1ncnc2c1ncn2Cc3c(Cl)cccc3Cl,1.25,2.782607495089546,1.5326074950895459
845,test,CNC1=Nc2ncccc2C(=NC1c3cccs3)c4occc4,1.85,2.1270268088339126,0.2770268088339125
3655,test,Fc1ccccc1NC(=O)NC2N=C(c3ccccc3)c4ccccc4NC2=O,3.8,3.8845761654194715,0.08457616541947166
2010,test,CNc1c(Br)cnc2[nH]c(nc12)c3ccc(OCCCN4CCOCC4)cc3,2.96,3.2175084064135824,0.2575084064135824
3078,test,CN(Cc1oc2ccccc2c1C)C(=O)\C=C\c3cnc4NC(=O)CCc4c3,2.36,2.533321359545142,0.17332135954514216
3852,test,OC(=O)c1cncc(c1)c2ccc(Cl)c(c2)C(=O)NCC34CC5CC(CC(C5)C3)C4,0.85,1.7287105113987058,0.8787105113987058
1427,test,O=C(Nc1cccc(c1)c2nnn[nH]2)c3cccc4[nH]cnc34,-0.05,0.5862971679363926,0.6362971679363927
2270,test,C1NCC(CC=C1)c2oc3ccccc3c2,1.94,2.2772650860854116,0.3372650860854116
549,test,CCC(N(CCCN)C(=O)c1ccc(OC)cc1)C2=Nc3ccsc3C(=O)N2Cc4ccccc4,1.39,1.6311688701586289,0.24116887015862898
1105,test,COc1ccc(Cl)cc1C(=O)NCCc2ccc(cc2)S(=O)(=O)NC(=O)NC3CCCCC3,2.23,1.2582218189625194,-0.9717781810374806
361,test,Clc1ccc(NS(=O)(=O)c2ccc(Cl)s2)c(c1)C(=O)Nc3ccc(cc3)S(=O)(=O)N4CCOCC4,3.02,4.205721376797275,1.1857213767972747
892,test,COCCNC(=O)c1ccc(Nc2ncc3cc(ccc3n2)c4ccnc(C)c4)cc1,3.56,3.32907478211309,-0.2309252178869099
3133,test,COC(=O)CCC(=O)Nc1ccc2c(c1)C(=O)C(=O)c3cc(NC(=O)CCC(=O)OC)ccc23,2.67,2.2453064278591306,-0.42469357214086934
2574,test,COc1ccc2nc3ccccc3c(N)c2c1,1.0,1.3110933167112067,0.31109331671120666
445,test,CC(C)C[C@H](CO)Nc1nc(SCc2ccccc2F)nc3nc(N)sc13,4.5,4.4734515548831,-0.0265484451168998
1086,test,CC(=O)Nc1cccc(Nc2ncnc(n2)N3CCC(CC3)OCc4ccc(OC(F)(F)F)cc4)c1C,4.4,2.4747158930521067,-1.9252841069478936
2991,test,CN1C(=O)NC(=O)C(C)(C2=CCCCC2)C1=O,1.5,-0.4932754797271781,-1.9932754797271781
1061,test,Nc1ccnc(n1)c2cccnc2,0.44,0.8695123346007931,0.42951233460079313
1666,test,C[C@@](Cc1ccc(O)c(O)c1)(NN)C(=O)O,-0.7,0.46218969087496853,1.1621896908749685
480,test,Oc1nc2cc(Cl)cc(Cl)c2c(O)c1c3ccccc3,1.6,2.95315295439839,1.3531529543983898
640,test,CC(N1NC(=O)c2nc3cc(Cl)ccc3c(O)c2C1=O)c4ccccn4,0.51,1.3910605509481546,0.8810605509481546
625,test,CC(O)(C(=O)Nc1ccc2c(c1)c3ccccc3S2(=O)=O)C(F)(F)F,3.0,2.9603176654826004,-0.03968233451739955
14,test,CC1CCCCC1NC(=O)c2cnn(c2NS(=O)(=O)c3ccc(C)cc3)c4ccccc4,1.34,1.3702009284031482,0.030200928403148142
2213,test,COc1ccccc1C(=O)Nc2nc3ccccc3s2,3.61,3.6138574532162666,0.0038574532162667374
2666,test,CCCSc1c(cnn1c2cccc(c2)C(=O)O)C(=O)NC3CCCCC3,0.7,2.2441034223908995,1.5441034223908996
1543,test,Nc1ncnc2[nH]ccc12,1.78,1.7857757163881547,0.005775716388154661
1378,test,Clc1ccc(cc1)C2(CCC2)C(=O)Nc3oc(nn3)C(=O)Nc4ccc(cc4)N5CCOCC5,3.2,2.943457037926852,-0.2565429620731483
3622,test,CCN(C1CCN(CC[C@H](N2CCN(CC2)S(=O)(=O)C)c3cc(F)cc(F)c3)CC1)C(=O)Cc4ccc(cc4)S(=O)(=O)C,1.25,2.1078816163151557,0.8578816163151557
4030,test,COc1cc(OC)c(cc1NC(=O)NCC(=O)O)S(=O)(=O)N2C(C)CCc3ccccc23,-1.02,0.9383806613398571,1.958380661339857
3472,test,CNC1=Nc2ncccc2C(=NC1c3cccs3)c4ccns4,2.15,1.1074226330974648,-1.042577366902535
3539,test,O=C(Nc1ccc(nc1)N2CCOCC2)c3oc(Nc4cccc(OCc5ccccn5)c4)nn3,3.1,3.388872893103681,0.2888728931036808
1626,test,FC(F)(F)c1cccc(C(=O)N[C@H]([C@@H]2CCCCN2)c3ccccc3)c1Cl,2.61,2.289965228417902,-0.3200347715820979
3084,test,COC(=O)N1CCN([C@H](CN2CCCC2)C1)C(=O)Cc3ccc(Cl)c(Cl)c3,2.05,2.1439540426930304,0.09395404269303054
3230,test,Cc1c(sc2ncnc(O)c12)C(=O)Nc3ccccc3,2.13,3.91934526655393,1.78934526655393
464,test,COc1ccc2nc(C)cc(N3CC(CNC(=O)C4CC4)OC3=O)c2c1,1.55,2.133845929583613,0.5838459295836131
2487,test,Oc1cc(O)c2C(=O)c3ccccc3Oc2c1,3.39,3.7547383063706814,0.3647383063706813
3358,test,CCN(CC)C(=O)c1ccc(cc1)C(=C2CCNCC2)c3cccc(c3)C(F)(F)F,1.9,2.50141461352367,0.6014146135236702
1168,test,CNCCC(Oc1ccc(cc1)C(F)(F)F)c2ccccc2,1.92,1.8929901274552694,-0.02700987254473053
405,test,CC(C)CNc1nc(nc(N2CCNCC2)c1N)C#N,0.7,1.6484444746182112,0.9484444746182112
2641,test,COCCOc1cc2ncc(C(=O)N)c(Nc3ccc(C)cc3F)c2cc1N4CCN(C)CC4,2.24,1.8667198834145862,-0.37328011658541405
1437,test,COc1cc(Nc2cc(nc(N[C@@H](C)c3ncc(F)cn3)n2)N4CCOCC4)n[nH]1,2.18,2.3052712896890952,0.12527128968909507
2490,test,CC(C)n1c(C)ncc1c2ccnc(Nc3ccc(cc3)S(=O)(=O)CCCN(C)C)n2,1.32,1.6718017551283397,0.35180175512833967
3953,test,C[C@H](Nc1nc(Nc2cc([nH]n2)C3CC3)cnc1C#N)c4ccc(F)cn4,3.18,3.1665999456739913,-0.013400054326008881
2525,test,CC(=O)Nc1ccc(CNc2[nH]nc3cccc(Oc4ccc(F)cc4)c23)cc1,4.28,2.428430980701358,-1.8515690192986423
629,test,OC[C@H](O)C(=O)N1CCC(=CC1)c2ccc(cc2F)N3C[C@H](COc4ccon4)OC3=O,1.09,2.3978235383149804,1.3078235383149803
609,test,COc1cc(Nc2ncnc3cccc(O[C@H](C)C(=O)N4CCOCC4)c23)ccc1Oc5ccc(C)nc5,3.6,4.566080950975842,0.9660809509758423
2073,test,C[C@H](CO)Nc1nc(SCc2occc2)nc3NC(=O)Sc13,2.21,2.7255805576707295,0.5155805576707295
2637,test,c1ccc(cc1)c2c[nH]c(n2)c3ccccc3,3.8,2.9868175534432315,-0.8131824465567683
3747,test,COc1ccc(Nc2ccccc2C(=O)O)cc1,1.2,1.1376853713424506,-0.06231462865754933
3153,test,C[C@H](NC(=O)c1c(C)nn(c1NS(=O)(=O)c2ccc(cc2)C(F)(F)F)c3ccc(F)cc3)C(C)(C)C,2.35,1.2951552641312527,-1.0548447358687474
2409,test,COc1cc(OC)c(cc1NC(=O)Cc2ccnc(F)c2)S(=O)(=O)N3C(C)CCc4ccccc34,2.49,1.0245868111212082,-1.465413188878792
133,test,[O-][N+](=O)c1ccc2OC(CN(c2c1)c3cccc[n+]3[O-])(C(F)F)C(F)F,3.2,2.047253623490304,-1.1527463765096964
1,test,COc1cc(OC)c(cc1NC(=O)CSCC(=O)O)S(=O)(=O)N2C(C)CCc3ccccc23,-1.18,0.3346984348165323,1.5146984348165322
293,test,COc1cc2ncn(c3cc(OCc4ccccc4C(F)(F)F)c(s3)C(=O)O)c2cc1OC,0.84,3.9411798002593836,3.101179800259384
3091,test,CC(C)(CS(=O)(=O)N1CCN(CC1)c2ccc(F)cc2)N(O)C=O,1.07,2.5098379941885485,1.4398379941885484
3101,test,FC1(F)Oc2ccc(\C=C\3/SC(=O)NC3=O)cc2O1,2.8,1.6102471766758821,-1.1897528233241177
3406,test,COc1cc(ccc1Nc2ncc(OC)c(n2)c3cnc4ccccn34)N5CCN(CC5)C(=O)C,3.2,2.521445759195513,-0.6785542408044871
886,test,CN(c1ccc(cc1)c2cc(ccc2OCC(=O)O)C(F)(F)F)S(=O)(=O)C,-0.81,0.035300123019134766,0.8453001230191348
1875,test,CC(C)(C)C(=O)Nc1ccc2c(c1)C(=O)C(=O)c3ccccc23,2.83,2.1583753577092755,-0.6716246422907246
3573,test,Oc1ccc(CCNCCN(C2CCCCC2)C(=O)CCNCCc3ccc(Cl)c(Cl)c3)c4OCC(=O)Nc14,2.23,2.228824502126873,-0.001175497873127096
1879,test,Oc1ccc(O)c2C(=O)C=CC(=O)c12,1.91,1.596749999028912,-0.3132500009710879
3111,test,Nc1nc(Nc2ccc(cc2)S(=O)(=O)N)nn1C(=O)c3c(F)cccc3F,1.87,1.5691895501171218,-0.3008104498828783
583,test,CCC[C@H]1CN(Cc2cc(Cl)ccc2OCC(=O)O)CCN1S(=O)(=O)c3ccccc3,1.02,0.022595929850447227,-0.9974040701495528
2398,test,Oc1ccc2OC(=CC(=O)c2c1)c3ccccc3,3.6,3.7297380020967905,0.12973800209679043
3155,test,CC(N)COc1c(C)cccc1C,0.62,0.592503576436793,-0.02749642356320703
881,test,CC(=O)Nc1nc(N)n(n1)c2ccccc2,-0.2,0.6847527015810233,0.8847527015810233
3875,test,OC(CCN1CCCC1)(C2CCCCC2)c3ccccc3,1.78,2.838355781074913,1.0583557810749131
2944,test,Cc1cc(Nc2ccc(F)cc2)nc(N)n1,2.08,2.4520918531637914,0.37209185316379134
2543,test,Oc1cccc(O[C@H]2C[C@H]3CC[C@@H](C2)N3Cc4ccccc4)c1,2.3,2.2960682523525975,-0.003931747647402339
330,test,COc1ccc2N=CC(=O)N(CCN3CC[C@@H](NCc4cc5OCCOc5cn4)[C@@H](O)C3)c2c1,0.78,0.8144148359315555,0.034414835931555476
2009,test,Oc1ccc(cc1)C(c2ccc(O)cc2)C(Cl)(Cl)Cl,3.86,2.2238778242220434,-1.6361221757779565
53,test,CCNC(=O)c1cc2c(c(cnc2[nH]1)c3cncc(c3)C(=O)O)n4ccc(n4)C(F)(F)F,-0.99,-0.07066890840172135,0.9193310915982786
1534,test,NC(Cc1ccc(cc1)N(CCCl)CCCl)C(=O)O,0.39,-0.27520461925048645,-0.6652046192504865
2838,test,Cc1cn(C[C@H]2CN(C(=O)O2)c3ccc(C4=CCS(=O)(=O)CC4)c(F)c3)nn1,1.25,2.859036982259162,1.6090369822591621
3245,test,O=C(NCCCN1CCCCC1)C(c2ccccc2)c3ccccc3,1.33,1.781871568601412,0.45187156860141187
913,test,COc1ccc(cc1)C(=O)N2CCC(CC2)C(=O)c3ccc(F)cc3,2.92,2.8960634873437914,-0.023936512656208553
3508,test,CN(C1CCN(Cc2ccc(cc2)C(F)(F)F)CC1)C(=O)Cc3ccc(c(F)c3)S(=O)(=O)C,3.0,2.9344477297366005,-0.06555227026339949
488,test,Oc1ccc(cc1)c2cnc3ccccc3n2,3.3,2.6495952216352734,-0.6504047783647264
2817,test,CCc1[nH]c2nc(Sc3cnc4ccc[n+]([O-])c4c3)nc(N5C[C@@H]6[C@@H](N)[C@@H]6C5)c2c1Cl,2.3,2.838187720346417,0.5381877203464174
1594,test,CCNC1=CC=C(N(CC(=O)NC(C(C)C)C(=O)C(F)(F)F)C1=O)c2ccccc2,2.37,2.224082035204486,-0.145917964795514
3491,test,CCc1cc2C(=NCc3nnc(C)n3c2s1)c4ccccc4Cl,2.52,2.6783690977826504,0.1583690977826504
2407,test,OCC(O)CN1CCN(CC1)c2ccccc2,0.4,1.4078103131847648,1.0078103131847649
1639,test,Cc1ccc(cc1)C(=O)N(CCCN)CC2=Nc3cc(Cl)ccc3C(=O)N2Cc4ccccc4,1.47,1.3362320477047125,-0.13376795229528748
1490,test,C(N1CCN(CC1)c2nc3ccccc3s2)c4nnnn4Cc5cccs5,3.65,1.0958788489837947,-2.554121151016205
2154,test,CC(C)n1c(C)ncc1c2ccnc(Nc3ccc(cc3)N(C)C)n2,3.51,3.6714086914492885,0.1614086914492887
1890,test,C[C@@H]1CN(CCN1C(=O)[C@@H]2CCCC[C@H]2C(=O)NC3(CC3)C#N)c4ccc5c(c4)c(C)nn5C,2.8,2.375473940562203,-0.42452605943779664
3457,test,C[C@H](CO)Nc1nc(SCc2cccc(F)c2F)nc3NC(=O)C(=Cc13)C#N,3.32,2.6531459604343626,-0.6668540395656373
1447,test,CC(C)Cc1ccc(cc1)[C@@H](C)C(=O)NS(=O)(=O)C,0.51,0.7316976103923203,0.22169761039232028
544,test,Nc1ccc(Cl)c(c1)C(=O)NCC23CC4CC(CC(C4)C2)C3,3.45,2.602788051906246,-0.8472119480937543
149,test,OCC(CO)N1C=Cc2c(NC(=O)CC34CC5CC(CC(C5)C3)C4)cccc2C1=O,2.62,4.557288141913363,1.9372881419133625
2564,test,C[C@H](NC(=O)c1c(C)nn(C2CCOCC2)c1NS(=O)(=O)c3ccc(cc3)C4CC4)C(C)(C)C,1.23,1.4579417757511894,0.22794177575118946
885,test,CCOC(=O)c1c(nc2cc(C)ccn12)c3ccccc3,3.8,2.7072673980815636,-1.0927326019184362
1242,test,OC(=O)CNCCNc1ccc(Cl)c(c1)C(=O)NCC23CC4CC(CC(C4)C2)C3,1.94,1.4213785973900956,-0.5186214026099043
2799,test,CCCSc1ncccc1C(=O)N[C@@H]2[C@@H]3CC4C[C@H]2C[C@@](O)(C4)C3,2.27,3.584699894257306,1.314699894257306
1771,test,CC#Cc1cncc(c1)c2cccc(c2)C3(N=C(C)C(=N3)N)C4CC4,3.3,3.9250603904166197,0.6250603904166199
3668,test,CCC(N(CCCN)C(=O)c1ccc(C)cc1)C2=Nc3ccsc3C(=O)N2Cc4cscn4,0.02,0.8405237576603719,0.8205237576603719
3054,test,CNC(=O)c1ccc(cc1)c2cc(C(=O)N[C@H]3CCCNC3)c(NC(=O)N)s2,0.7,0.5502177978468965,-0.14978220215310345
494,test,FC(F)(F)c1ccc2[nH]c3CCN(Cc3c2c1)C(=O)[C@@H]4CCCC[C@H]4C(=O)NC5(CC5)C#N,4.2,3.568820855245833,-0.6311791447541673
639,test,NC(=N)c1ccc(cc1)C(=O)N2CCN(CC2)S(=O)(=O)c3ccc4cc(Br)ccc4c3,0.36,1.6940464853245505,1.3340464853245506
2512,test,O[C@@H](CNCCc1cccc(CNCCc2c(Cl)cccc2Cl)c1)c3ccc(O)c4NC(=O)Sc34,3.15,1.1270785115970166,-2.022921488402983
2191,test,CC(C)(C)NC(=O)Nc1ccc(cc1)c2c(N)nc(N)nc2COCc3ccccc3,3.09,2.2806332447111193,-0.8093667552888806
1150,test,CC1=CN(C2CCCN(Cc3cccc(Oc4ccc(C)cc4)c3)C2)C(=O)NC1=O,3.38,2.3946541281247797,-0.9853458718752202
3224,test,COc1cc(F)ccc1c2cncc(CNC3CCCC3)c2,2.29,2.1537446738298294,-0.13625532617017067
2286,test,Cc1cccc(c1)C(=O)N2CCC(CC2)C(=O)c3ccc(F)cc3,3.4,3.193109396462467,-0.20689060353753286
2800,test,CCCC(C)(C)C[C@@H](N1CCC[C@@H](C1)N2C=C(C)C(=O)NC2=O)c3ccc(C(=O)O)c(Oc4cccc(Cl)c4)c3,1.99,0.45066228396665564,-1.5393377160333443
2640,test,Cc1c(CCC(=O)O)c[nH]c1\C=C\2/C(=O)Nc3ccccc23,1.05,0.6375396672613429,-0.4124603327386571
2677,test,C[C@H](c1c[nH]cn1)c2cccc(C)c2C,2.79,1.476788886177058,-1.313211113822942
924,test,CN(C)CC(O)COc1ccc(Nc2nccc(n2)N(CC#N)c3cc(Cl)ccc3Cl)cc1,2.4,1.4544307401953545,-0.9455692598046455
2878,test,CC(C)OC(=O)N1CCC(CC1)Oc2ncnc3c2cnn3c4ccc(cc4F)S(=O)(=O)C,3.0,4.061219991995269,1.0612199919952694
3607,test,OC(=O)C[C@H]1[C@@H](Cc2ccccc12)NC(=O)c3cc4cc(Cl)ccc4[nH]3,1.79,2.1328654863572876,0.34286548635728753
3086,test,Clc1ccc2[nH]c(cc2c1)C(=O)N3CCNCC3,1.65,1.7112255827360163,0.061225582736016415
3831,test,ONC(=O)Cc1ccc(OCc2ccccc2)cc1,1.92,2.646745756100321,0.7267457561003212
247,test,Nc1cc(nc2ccc(Nc3cc(nc(N)n3)c4cccc(Cl)c4)cc12)c5ccc(F)cc5,2.5,2.1767294184386663,-0.3232705815613337
1013,test,COCCCNS(=O)(=O)c1ccc(Nc2nccc(n2)c3cnc4ccccn34)cc1,3.41,2.4678558117410985,-0.9421441882589017
1896,test,C[C@@H]1CN(CC2(CC2)C(=O)N)CCN1S(=O)(=O)c3ccc(cc3)C(C)(O)C(F)(F)F,1.03,0.008387912954148646,-1.0216120870458514
2621,test,OC(=O)c1cn(Cc2ccccc2)c3ccccc13,1.19,0.9625942009659372,-0.22740579903406277
1132,test,CCCSc1nc(ccc1C(=O)NC2CCCCC2)N3CCCC(C3)C(=O)O,1.72,1.7230355498719454,0.003035549871945431
2431,test,CN[C@@H](C)C(=O)N[C@@H](C1CCCCC1)C(=O)N[C@H]2CCCN(C2)C(=O)c3ccccc3,0.87,1.5991278957618578,0.7291278957618578
3047,test,CCN1CCC[C@@H](CN2CCN(CC2)C(=O)Nc3ccc(Cl)c(Cl)c3)C1,1.94,3.187322059567633,1.247322059567633
2385,test,ON1C(=O)N(CC2COc3ccccc3O2)c4ccsc4C1=O,1.44,0.6099869751279725,-0.8300130248720274
2387,test,FC(F)(F)c1cc(C(=O)Nc2cccc(c2)c3nnn[nH]3)c4nc[nH]c4c1,1.1,0.27223218484419487,-0.8277678151558052
2019,test,CC1=CC(=O)Oc2cc3NCCCc3cc12,2.7,2.685150623982521,-0.014849376017479265
604,test,CC(C)Oc1cc(OCCCN2CCCC2)cc3ncnc(Nc4c(Cl)ccc5OCOc45)c13,3.1,2.450230093366099,-0.6497699066339009
3116,test,COc1cc(ccc1Nc2ncc(Cl)c(n2)c3cnc4cc(Cl)ccn34)N5CCN(CC5)C(=O)C,4.2,3.677431170711186,-0.5225688292888142
1956,test,CC(C)(C)OC(=O)NCCCSC[C@H]1O[C@H]([C@H](O)[C@@H]1O)n2cnc3c(N)ncnc23,1.2,1.1597324909833906,-0.04026750901660936
2866,test,Fc1cc2N=CNC(=O)c2cc1F,1.5,0.19009263428624346,-1.3099073657137565
2649,test,COc1ccc(N(C(C)C(=O)NC2CCCC2)C(=O)c3ccccc3)c(OC)c1,3.02,3.028537582704274,0.008537582704274183
3477,test,CN[C@@H](C)C(=O)N[C@@H](C1CCCCC1)C(=O)N2CCC[C@H]2C(=O)N[C@@H](C(c3ccccc3)c4ccccc4)C(=O)OC,2.42,3.033825732702879,0.6138257327028791
744,test,OC(=O)COc1ccccc1N2CCC(CN3CCC(CC3)Oc4ccc(Cl)c(Cl)c4)CC2,2.0,1.7474700067310889,-0.2525299932689111
2263,test,COc1ccc2OCC(=O)N(CCN3CCC(CC3)NCc4ccc5OCC(=O)Nc5n4)c2c1,0.87,0.6128500717213061,-0.2571499282786939
1530,test,CC(C)N1CCN(CC1)C(=O)NCc2ccc(Cl)c(Cl)c2,2.75,2.5314948273848454,-0.21850517261515456
3396,test,CN(C(=O)C)c1ccc(Nc2ncc3cc(ccc3n2)c4ccncc4)cc1,2.88,2.183275688560374,-0.6967243114396258
4138,test,[O-][N+](=O)c1cccc2C(=O)C(=O)c3ccccc3c12,2.6,2.3926600407424536,-0.20733995925754645
2216,test,C(CCNc1cc(nc2ccccc12)c3ccccc3)CNc4cc(nc5ccccc45)c6ccccc6,3.65,2.336558073808985,-1.313441926191015
2185,test,O=C1Nc2ccc(cc2C1=O)S(=O)(=O)N3CCC[C@H]3CNc4ccccc4,2.4,2.881456514914985,0.481456514914985
2949,test,Oc1ccc(CCNCCS(=O)(=O)CCCOCCc2nccc3ccccc23)c4sc(O)nc14,2.35,3.033039380587234,0.6830393805872341
2470,test,Clc1ccc(CN2C(=O)C(=O)c3ccccc23)cc1,3.1,2.1650682196691227,-0.9349317803308774
2268,test,COc1ccc(c(OC)c1)c2cncc(CNC3CCCC3)n2,2.14,2.1832953157185995,0.04329531571859935
3026,test,CCCNc1nc(ccc1C(=O)NC2CCCCC2)N3CCC[C@@H](CC(=O)O)C3,2.33,2.959992706676013,0.6299927066760129
3751,test,C[C@H](Nc1nc(NC[C@@H](O)CO)c(Cl)c(Nc2cc([nH]n2)C3CC3)n1)c4ccc(F)cc4,3.39,3.1920337110460837,-0.19796628895391644
1249,test,OC(=O)c1c(C#N)c2ccccc2n1Cc3ccc(Cl)c(Cl)c3,1.26,3.453920574459408,2.1939205744594084
1891,test,Cn1cc(cc1c2c3C(=O)N(CCO)C(=O)N(CC4CC4)c3nn2Cc5ccnc6ccc(Cl)cc56)C#N,3.0,4.463850908778874,1.4638509087788742
454,test,CCNC(=O)C[C@H]1N=C(c2ccc(Cl)cc2)c3cc(OC)ccc3n4c(C)nnc14,2.42,2.7359910524715603,0.31599105247156034
2567,test,COc1ccc2N=CC(=O)N(CCN3CC[C@@H](NCc4ccc5OCC(=O)Nc5n4)[C@@H](O)C3)c2c1,0.37,0.34940454213029626,-0.020595457869703737
3393,test,Cc1cc(Nc2nc(NCc3ccccn3)ncc2Br)n[nH]1,2.8,2.3862954043391014,-0.41370459566089846
1651,test,Cc1c(F)ccc2c1c(Sc3ccc(Cl)cc3)c(C)n2CC(=O)O,2.23,0.931845447315441,-1.298154552684559
3651,test,Cc1ccc(cc1NC(=O)CC23CC4CC(CC(C4)C2)C3)C(=O)N5CC6CNCC(C5)O6,2.12,2.3230990436059344,0.20309904360593434
355,test,CN(C)CC(O)COc1ccc(Nc2cc(Nc3cc(C)ccc3Cl)ncn2)cc1,2.16,2.7606415120050074,0.6006415120050073
1305,test,C1CCN(CC1)c2ncnc3[nH]cnc23,1.84,-0.17549589107755326,-2.0154958910775536
992,test,Fc1ccc2OCC(=O)N(CCN3CCC(CC3)NCc4ccc5OCC(=O)Nc5n4)c2c1,0.9,1.3223620605563113,0.4223620605563113
757,test,Oc1ccc2OCC(=O)N(CCN3CCC(CC3)NCc4ccc5OCC(=O)Nc5n4)c2c1,0.52,0.2966329355356805,-0.22336706446431953
1160,test,CN(C)CCCN(C)S(=O)(=O)c1ccc(Nc2nccc(n2)c3cnc4ccccn34)cc1,2.16,2.5202164092364168,0.3602164092364166
3981,test,CC(=O)N1CCOc2cc(COc3ccccc3)cnc12,2.8,2.0438147720028326,-0.7561852279971673
1325,test,CC(C)N(CCCNC(=O)Nc1ccc(cc1)C(C)(C)C)C[C@H]2O[C@H]([C@H](O)[C@@H]2O)n3ccc4c(N)ncnc34,2.4,1.5255400320691517,-0.8744599679308482
194,test,C[C@@H]1N[S@@](=O)(=NC1=O)c2cccc(c2)c3ccc(C)cc3,1.6,2.5766580736349485,0.9766580736349484
1210,test,Nc1ccc2[nH]c(Cc3ccc(Oc4ccccc4)cc3)nc2c1,3.8,3.0494372592506234,-0.7505627407493765
2449,test,CCc1nc2ccc(cn2c1N(C)Cc3cccs3)C(=O)NCc4ccc5OCOc5c4,4.1,3.213014644833356,-0.8869853551666438
665,test,CCCc1cc(Nc2nc(NCc3onc(C)c3)ncc2Br)n[nH]1,3.63,3.7329535432357766,0.10295354323577666
1877,test,Nc1ncnc2oc(c3cocc3)c(c4occc4)c12,3.1,1.6621467531923706,-1.4378532468076295
3999,test,Oc1ncnc2scc(c3ccccc3)c12,2.07,2.203225688876491,0.13322568887649133
3377,test,C[C@H]1NC(C)(C)CO[C@]1(O)c2cccc(Cl)c2,1.69,1.984724800975125,0.2947248009751251
3365,test,COc1ccc(CN2C(=O)NC3=C(C=C(N(CC(=O)NC(C(C)C)C(=O)C(F)(F)F)C3=O)c4ccccc4)C2=O)cc1,2.93,1.458409394906762,-1.4715906050932381
290,test,COc1cc(OC)c(cc1NC(=O)COC(=O)C)S(=O)(=O)N2C(C)CCc3ccccc23,2.07,0.9361941806524625,-1.1338058193475373
1719,test,CC[C@@]1(O)C(=O)OCC2=C1C=C3N(Cc4cc5c(CN(C)C)c(O)ccc5nc34)C2=O,0.31,1.025703708840042,0.715703708840042
731,test,CC(C)NC(=O)c1cnc(N2CCC(CC2)N3C(=O)OCc4ccccc34)c(Cl)c1,3.57,3.6975257587160346,0.12752575871603478
2839,test,C[C@H](CNCCc1ccncc1)c2c([nH]c3ccc(cc23)C(C)(C)C(=O)N4C5CCC4CC5)c6cc(C)cc(C)c6,4.35,3.8327165628558673,-0.5172834371441324
3843,test,OCCN1C(=O)C(Cc2ccccc12)NC(=O)c3cc4cc(Cl)sc4[nH]3,3.05,3.604979621484839,0.554979621484839
1968,test,CCN1C(=O)C2=C(OC(=CC2=O)O)c3ccccc13,1.13,1.398064468349393,0.2680644683493931
1795,test,O[C@@H]1CNC[C@H]1N2C=Cc3c(NC(=O)Cc4ccc(F)c(c4)C(F)(F)F)cccc3C2=O,1.33,0.1385139947480778,-1.1914860052519223
1764,test,Nc1cccc(NC(=O)c2ccc(CNC(=O)OCc3cccnc3)cc2)c1,1.6,1.8211124757459787,0.2211124757459786
3082,test,COc1ncc(cn1)c2cccc3OC[C@H](Cc23)NC(=O)c4ccc(OCC(F)(F)F)nc4,4.3,2.9278159517898703,-1.3721840482101295
322,test,NC1(CCN(CC1)c2ncnc3[nH]ccc23)C(=O)NC(C4CC4)c5ccc(Cl)cc5,3.4,3.2856658051103835,-0.11433419488961638
1564,test,Clc1ccc2NC(=O)CN(C(c3ccccc3)c2c1)C(=O)c4ccccc4,3.31,2.174471439582931,-1.135528560417069
3323,test,COc1cccc(c1OC)c2ccc(\C=C\3/SC(=S)N([C@@H](Cc4ccccc4)C(=O)O)C3=O)cn2,1.5,2.9474971594499655,1.4474971594499655
1231,test,COc1cccc(Oc2cncnc2O)c1,0.59,1.8522242279672845,1.2622242279672844
3465,test,CC[C@H](C)C(=O)O[C@H]1C[C@H](O)C=C2C=C[C@H](C)[C@H](CC[C@@H](O)C[C@@H](O)CC(=O)O)[C@@H]12,-0.76,0.1977276746491392,0.9577276746491392
2684,test,COc1ccc(NC(=O)c2oc(Nc3ccccc3F)nn2)cn1,3.2,3.0827922357752273,-0.11720776422477286
1093,test,Clc1cccc(NNC(=O)c2cccnc2Cl)c1,1.87,2.574503808490828,0.7045038084908279
2721,test,CN1CCC(CC1)(C#N)c2cccc3ccccc23,2.73,0.9543387603760229,-1.775661239623977
997,test,CCN1CCN(CC1)C(=O)c2cc3cc(Cl)ccc3[nH]2,3.14,2.9623888100911264,-0.1776111899088737
1218,test,NC(=O)Nc1cc(sc1C(=O)N[C@H]2CCCNC2)c3ccccc3,1.04,0.976729913504534,-0.06327008649546606
2697,test,Nc1ncnc2c1ncn2Cc3ccccc3,1.53,2.124376016706829,0.594376016706829
2620,test,CCOC(=O)[C@H](CCc1ccccc1)N[C@@H](C)C(=O)N2[C@H]3CCC[C@H]3C[C@H]2C(=O)O,-0.41,2.863465985715303,3.273465985715303
2360,test,CC(C)(C)NC(=O)Nc1cccc(CN2NC(=O)C3=C(C2=O)C(=O)c4ccc(Cl)cc4N3)c1,1.77,1.74573779535014,-0.024262204649859953
3184,test,CN(C)CC(O)COc1ccc(Nc2nccc(Nc3cccc(Cl)c3)n2)cc1,2.5,2.513223254307464,0.01322325430746396
325,test,CN1CCC(CC1)n2cc(c(C)n2)c3cnc(N)c(c3)c4oc5ccccc5n4,3.4,2.217956594716099,-1.1820434052839008
2948,test,NC1(CCC1)c2ccc(cc2)c3c(ccn4ccnc34)c5ccccc5,2.0,2.1596592998189927,0.15965929981899274
612,test,CN(C1CCN(Cc2nc3CCCCc3s2)CC1)C(=O)Cc4ccc(cc4)n5cnnn5,2.5,2.8605430112207384,0.3605430112207384
855,test,CN(C)CC(O)COc1ccc(Nc2ncc(Cl)c(Nc3ccccc3)n2)cc1,2.25,2.2447173995673677,-0.0052826004326322895
3031,test,Cc1c(Oc2ccc(Cl)cc2)c3cc(F)ccc3n1CC(=O)O,1.26,1.0449534198677228,-0.21504658013227718
1336,test,COc1cc2ncnc(Nc3ccncc3)c2cc1OC,2.22,2.656202932192379,0.4362029321923786
2480,test,Clc1ccc(cc1)C(=O)N[C@H]2CN3CCC2CC3,0.6,0.8543858821143051,0.25438588211430513
3574,test,CCCCc1nc2c(N)nc3ccccc3c2n1CC(C)(C)O,2.37,2.109274114686464,-0.26072588531353613
3003,test,Cc1cc(nc(n1)n2ccnc2)N3CCC[C@@H]3C(=O)NCCc4ccc5OCOc5c4,2.5,1.2936483120216447,-1.2063516879783553
1365,test,C[C@@H](N(CC1CCS(=O)(=O)CC1)C(=O)Cc2ccc(c(F)c2)C(F)(F)F)C3=Nc4ncccc4C(=O)N3c5ccc(Cl)cc5,2.9,2.3460772292570833,-0.5539227707429166
2766,test,Cn1ccc2c(cccc12)c3nc(CS(=O)(=O)C)cc(n3)N4CCOCC4,2.0,1.5984000544797157,-0.40159994552028433
1635,test,Cc1nc(nc(N2CCCC2)c1Cl)c3ccccn3,3.2,2.3180472469985003,-0.8819527530014999
259,test,NC1(CCC1)c2ccc(cc2)c3nn4cccc4cc3c5ccccc5,3.3,2.1545059877656976,-1.1454940122343023
3579,test,CCOC(=O)c1cc(O)c(nn1)c2ccccc2,0.69,1.7557091052495941,1.0657091052495942
622,test,CN1C(=O)N(CC2CC2)c3nn(Cc4ccnc5ccc(Cl)cc45)c(c3C1=O)c6ncnn6C,3.8,2.579875493668307,-1.2201245063316928
441,test,COc1ccc(cc1)C2=C(C)c3ccc(OC)cc3OC2=O,3.31,3.2549002049479903,-0.05509979505200979
2843,test,C(Oc1cccc2ccccc12)C3=NCCN3,0.68,2.184577101436554,1.5045771014365537
281,test,CC(=O)Nc1ccc2c(c1)c(Sc3ccc(Cl)cc3)c(C)n2CC(=O)O,0.2,1.848389058893798,1.648389058893798
407,test,O[C@H](CNC(=O)N1C(=O)Nc2ccccc12)CN3CCC(CC3)Oc4ccc(Cl)c(Cl)c4,4.46,3.718238200388945,-0.741761799611055
3259,test,Nc1ccc2nc(sc2c1)c3ccc(O)cc3,3.1,2.53810138391216,-0.5618986160878401
442,test,CC[C@H]1OC(=O)[C@H](C)[C@@H](O[C@H]2C[C@@](C)(OC)[C@@H](O)[C@H](C)O2)[C@H](C)[C@@H](O[C@@H]3O[C@H](C)C[C@@H]([C@H]3O)N(C)C)[C@](C)(O)C[C@@H](C)\C(=N/OCOCCOC)\[C@H](C)[C@@H](O)[C@]1(C)O,1.8,1.746638334404047,-0.05336166559595301
2682,test,CN1C[C@H](c2ccccc2)c3cccc(N)c3C1,2.11,2.037548160508586,-0.07245183949141376
2605,test,CCS(=O)(=O)Nc1cccc2c1c(Oc3ccc(Cl)cc3)c(C)n2CC(=O)O,-0.29,-0.6293367687252318,-0.33933676872523183
2947,test,Nc1cc(nc(N)[n+]1[O-])N2CCCCC2,0.77,-0.337598772759653,-1.107598772759653
3978,test,CN1CCC(=C2c3ccccc3C=Cc4ccccc24)CC1,3.06,2.2056883036132238,-0.8543116963867763
2507,test,Oc1c2ncc3ccccc3c2nn1c4ccccc4,0.8,1.0733791847794285,0.27337918477942846
2140,test,CN1CCN(CC1)c2ccc3N=CN(C(=O)c3c2)c4cc(NC(=O)c5oncc5)ccc4C,1.75,1.9689674899008,0.21896748990080006
1434,test,CCCSc1nc2ccc(NC(=O)CCNC(=O)N)cc2s1,2.9,2.286340983552452,-0.613659016447548
1675,test,CCCCCCCN(CC)CCCC(O)c1ccc(NS(=O)(=O)C)cc1,1.2,-0.7535028226285303,-1.9535028226285303
1731,test,CC(C)(C(=O)c1cccnc1)c2cccnc2,1.45,1.5027602436708944,0.05276024367089449
2622,test,CN(C)c1cccc(c1)C(=O)Nc2ccc(C)c(NC(=O)c3ccc(OCc4ccccn4)cc3)c2,2.83,3.613113795553657,0.7831137955536569
3025,test,CC(=O)Nc1cccc2c1c(c(C)n2CC(=O)O)S(=O)(=O)c3ccc(Cl)cc3,0.4,-0.9944701572028087,-1.3944701572028086
73,test,C[C@H](NC(=O)c1cccnc1Oc2ccccc2)c3ccccc3,2.91,3.2170307225678245,0.3070307225678244
2551,test,CCN(c1ccnc(Nc2cc(cc(c2)N3CCOCC3)N4CCOCC4)n1)c5cc(CO)ccc5C,3.8,2.541120728892265,-1.2588792711077348
4022,test,Fc1ccccc1Nc2oc(nn2)C(=O)Nc3ccc(Oc4cccnc4)nc3,3.1,3.5640340473137475,0.4640340473137474
686,test,COc1c(N2CCO[C@@H](CN(C)C)C2)c(F)cc3C(=O)C(=CN(C4CC4)c13)C(=O)O,-0.62,0.037670278973205296,0.6576702789732053
2523,test,CN1N=Nc2c(ncn2C1=O)C(=O)N,-1.08,-0.5138455872502847,0.5661544127497153
1554,test,O=S(=O)(C1CCNCC1)C2(CC2)c3cc(nc(n3)c4cccc5[nH]ccc45)N6CCOCC6,1.1,0.7775489354478109,-0.3224510645521892
931,test,Oc1ccc(Nc2nc(cs2)c3ccc(cc3)C#N)cc1,4.1,2.4579156755809324,-1.6420843244190673
4025,test,CC(=O)Nc1ccc(CNc2[nH]nc3cccc(Oc4ccc(cc4)S(=O)(=O)C)c23)cc1,2.63,2.0818219352459133,-0.5481780647540866
557,test,CCCSc1nc(NC[C@@H]2CC[C@H](CC2)C(=O)O)ccc1C(=O)NC3CCCCC3,2.61,2.6527443856070994,0.04274438560709948
1838,test,COc1ccc2nccc([C@@H](O)[C@@H]3C[C@H]4CCN3C[C@@H]4C=C)c2c1,2.26,2.2605120732668227,0.0005120732668228989
2706,test,COCCNc1nc(N)c2nc(O)n(Cc3ccccc3)c2n1,2.18,3.0813298003321687,0.9013298003321686
1154,test,OC(=O)c1ccc2c(c1)nc(Nc3cccc(Cl)c3)c4ccncc24,1.29,1.123682111529713,-0.16631788847028695
3429,test,NC(=O)c1cccc(OC2CCN(Cc3ccccc3)CC2)c1,1.92,1.5591702237822842,-0.3608297762177157
2610,test,CN(C1CCN(Cc2ccc(cc2)c3noc(C)n3)CC1)C(=O)Cc4ccc(cc4)n5cnnn5,2.1,1.4654943350765155,-0.6345056649234846
2657,test,Cc1ccc2c(N)c(C#N)sc2n1,2.23,2.004731131598326,-0.22526886840167393
197,test,Fc1ccc(cc1)S(=O)(=O)NC(=O)N2CCC(CC2)N3CCC(CC3)Oc4ccc(Cl)c(Cl)c4,1.79,2.0802020892352764,0.29020208923527635
3287,test,CNc1cccc(CCOc2ccc(C[C@H](NC(=O)c3c(Cl)cccc3Cl)C(=O)O)cc2)n1,-0.15,-0.5999076533103249,-0.4499076533103249
750,test,CC1=CN([C@H]2CCCN(Cc3ccc(C(=O)O)c(Oc4cccc(Br)c4)c3)C2)C(=O)NC1=O,-0.51,0.5986537283364499,1.10865372833645
1112,test,COc1cc2ncnc(Nc3cc(NC(=O)c4cccc(c4)N(C)C)ccc3Cl)c2cc1OC,4.26,4.325929442616207,0.06592944261620737
17,test,CCC(COC(=O)c1cc(OC)c(OC)c(OC)c1)(N(C)C)c2ccccc2,3.77,3.406064483705633,-0.36393551629436693
2563,test,OCCN1C=Cc2c(NC(=O)Cc3ccc(Cl)c(c3)C(F)(F)F)cccc2C1=O,3.36,2.471507371405448,-0.8884926285945518
481,test,CN(C)c1cccc2c(cccc12)S(=O)(=O)Nc3cnccn3,0.9,0.7649187407248146,-0.13508125927518544
575,test,Cc1cc(COc2cnc(nc2)N3CCN(CC3)C(=O)OC(C)(C)C)ccn1,3.7,3.3643871158706773,-0.3356128841293229
2519,test,CNc1ccc(cc1)c2nc3ccc(O)cc3s2,3.5,3.203812560793944,-0.29618743920605617
3512,test,OC(c1ccccc1)c2cccnc2,1.72,0.40413067356487,-1.31586932643513
1230,test,Cc1onc(c1)[C@H](O)[C@](C)(OCc2ccc(cc2)c3ccccc3)C(=O)NO,2.88,2.398645721056501,-0.481354278943499
3753,test,c1cnc2cccnc2c1,0.89,1.0807511430540169,0.19075114305401686
1783,test,O=C1CCOc2nc(COc3ccccc3)ccc12,2.3,2.277933877170233,-0.022066122829766943
3329,test,CSc1nc(N)nc(n1)c2ccccc2,2.98,2.400489146270281,-0.5795108537297189
763,test,CC(=O)c1ccc2NC(=CC(=O)c2c1)c3cccnc3,1.41,0.7289488908016704,-0.6810511091983296
1452,test,C(Cc1nc2ccccc2[nH]1)c3nc4ccccc4[nH]3,3.3,2.317880481231593,-0.9821195187684069
2829,test,ONC(=O)CN1C(=O)C(Cc2ccccc12)NC(=O)c3cc4cc(Cl)sc4[nH]3,2.4,3.238101990246239,0.8381019902462392
135,test,Cc1ncc(nc1c2ccc(cc2)[C@@H]3CC[C@H](CC3)C(=O)O)C(=O)N,0.22,1.7827792866774304,1.5627792866774304
1521,test,FC(F)(F)c1nnc2ccc(nn12)n3ccnc3,0.91,2.2526808617037974,1.3426808617037973
635,test,FC(F)Oc1ccc(cc1OCC2CC2)C(=O)Nc3c(Cl)cncc3Cl,3.95,1.2574994626827858,-2.6925005373172146
1514,test,CCCCCC\N=C\1/C=CN(Cc2ccccc2)c3cc(Cl)ccc13,0.98,3.5102191864171317,2.5302191864171317
3737,test,CC[C@H](CO)Nc1nc(NCc2ccccc2)c3ncn(C(C)C)c3n1,3.63,2.7174887891139905,-0.9125112108860094
460,test,Cc1cccc(c1)S(=O)(=O)NC(=O)N2CCC(CC2)N3CCC(CC3)Oc4ccc(Cl)c(Cl)c4,1.84,2.0600159457478173,0.22001594574781724
3148,test,C1CCC(CC1)NC2CCCCC2,-0.38,1.6796541256176585,2.0596541256176586
1994,test,OC(=O)c1ccc(CN2CCC(CN3CCC(CC3)Oc4ccc(Cl)c(Cl)c4)CC2)cc1,1.1,2.028259259996249,0.9282592599962487
3959,test,COc1cc2ncc(C(=O)N)c(Nc3ccc(C)cc3F)c2cc1OC,3.34,2.7180893468968863,-0.6219106531031136
552,test,NC(=O)C1=CN(Cc2ccc(F)c(F)c2)C(=O)C=C1,1.37,1.583659160639192,0.213659160639192
4129,test,CCCCC(N1NC(=O)c2nc3cc(Cl)ccc3c(O)c2C1=O)c4ccncc4,1.4,2.463829766993718,1.063829766993718
4134,test,C[C@@H]1CC[C@H](CC1)Oc2nc(N)c3ncn([C@@H]4O[C@H](C)[C@@H](O)[C@H]4O)c3n2,2.35,1.656375107121028,-0.6936248928789721
3137,test,CCC(N1NC(=O)C2=C(C1=O)C(=O)c3ccc(Cl)cc3N2)c4ccncc4,0.6,1.5112255497671727,0.9112255497671727
4157,test,Cc1ccc(Oc2ccc(Nc3ncnc4[nH]nc(OCCN5CCC(O)CC5)c34)cc2Cl)cn1,3.4,2.8790609552142623,-0.5209390447857376
3278,test,CS(=O)(=O)Cc1cc(nc(n1)c2ccccc2)N3CCOCC3,1.94,1.622910565276972,-0.317089434723028
2056,test,COc1cc2ncnc(Nc3cccc(Cl)c3F)c2cc1CN4CCC[C@@H]4C(=O)N,3.58,3.3372754895256977,-0.24272451047430232
77,test,C[C@H](Nc1ncc(F)c(Nc2cc([nH]n2)C3CC3)n1)c4ncc(F)cn4,2.47,2.371649681616388,-0.0983503183836123
3565,test,Nc1nc2cc3CCN(Cc4ccccc4)CCc3cc2s1,2.66,2.4882296249111038,-0.17177037508889637
2106,test,OCC(CO)NC(=O)CN1C(=O)C(Cc2ccccc12)NC(=O)c3cc4cc(Cl)sc4[nH]3,2.61,4.236039678844701,1.6260396788447014
3007,test,CC(C)CN1C(=O)N(C)C(=O)c2c1sc(Cc3cncc4ccccc34)c2C(=O)N5CC[C@@H](O)C5,1.74,1.1520984172062445,-0.5879015827937555
2810,test,Fc1ccc(cc1)S(=O)(=O)Cc2cc(nc(n2)c3ccccn3)N4CCOCC4,1.59,1.5677375980605492,-0.022262401939450838
2932,test,Cc1cccc(NC(=O)c2ccc(c3ccccc3)c(c2)C#N)n1,3.71,3.8737139932973967,0.16371399329739678
3544,test,CN1CCC(CC1)NC(=O)c2ccc(Oc3ccc(cc3)C#C[C@]4(O)CN5CCC4CC5)cc2,1.0,1.5960930878362491,0.5960930878362491
424,test,O=C(N1CCCCC1)c2scc3CCCCc23,3.16,2.5829764762340064,-0.5770235237659938
1401,test,CC[C@H](NC(=O)c1c([S+]([O-])CC)c(nc2ccccc12)c3ccccc3)c4ccccc4,3.45,3.578888906808965,0.1288889068089647
2528,test,CCN(CC)C(=O)Cc1csc(NS(=O)(=O)c2cccc(Cl)c2C)n1,1.67,1.7730731251372336,0.10307312513723366
2544,test,Oc1c2C(=O)N(NC(=O)c2nc3cc(Cl)ccc13)C(C4CC4)c5ccccn5,1.0,0.8335917449471615,-0.16640825505283852
3703,test,OC(=O)[C@H](Cc1ccc(cc1)C#N)N2CCC(CN3CCC(CC3)Oc4ccc(Cl)c(Cl)c4)CC2,2.17,2.0719330791575707,-0.09806692084242918
4004,test,CCCc1c(cnn1c2ccccc2)C(=O)Nc3ccc(F)cc3C,3.89,3.4071033394226027,-0.48289666057739744
340,test,COC(=O)CCCC(=O)Nc1ccc2C(=O)C(=O)c3ccccc3c2c1,2.96,2.4270141698005574,-0.5329858301994426
1343,test,O=C(Nc1cc(nn1c2ccccc2)c3ccccc3)c4cccc(c4)C#N,3.82,3.682178184135341,-0.1378218158646587
1388,test,O=C(N1CCNCC1)c2cc3ccccc3[nH]2,0.6,0.6886179387915554,0.08861793879155544
412,test,CC(C)C(NC(=O)CN1C(=O)C(=CC=C1c2ccccc2)NC(=O)CN3CCOCC3)C(=O)C(F)(F)F,2.0,1.8162278226141109,-0.18377217738588913
3213,test,C[C@H](CO)Nc1nc(SCc2ccccc2)nc3nc(N)sc13,3.12,2.678507391250336,-0.44149260874966423
1990,test,C(Nc1nc2ccccc2[nH]1)c3ccccc3,2.76,2.803776211547286,0.04377621154728617
88,test,COc1cc(Nc2nc(N[C@@H](C)c3ncc(F)cn3)ncc2Br)n[nH]1,2.6,2.9502034254319973,0.35020342543199723
998,test,COc1cccc2c1c(NS(=O)(=O)c3ccc(Cl)s3)nn2Cc4cccc(CNC(=O)[C@@H]5COCCN5)c4,1.61,1.8648151947970344,0.2548151947970343
3719,test,CN[C@@H](C)C(=O)N[C@H](C(=O)N[C@H]1CCCN(CCc2cccc(OC)c2)C1)C(C)(C)C,1.47,1.26157894636001,-0.20842105363998997
819,test,O=S(=O)(Cc1cc(nc(n1)c2ccccn2)N3CCOCC3)c4ccccc4,1.34,0.8154052657544042,-0.5245947342455959
323,test,O[C@H](CNC(=O)c1n[nH]c2ccccc12)CN3CCC(CC3)Oc4ccc(Cl)c(Cl)c4,2.95,3.7164417037235076,0.7664417037235074
1996,test,FC1(CCN(CC1)C(=O)COCc2ccncc2)c3ccc(Cl)cc3,3.03,2.515858815758192,-0.514141184241808
3956,test,OC(C(=O)c1ccccc1)c2ccccc2,2.13,2.235941929503344,0.10594192950334413
321,test,CON(C)C(=O)c1c(Cn2c(C)nc(Cl)c2Cl)sc3N(CC(C)C)C(=O)N(C)C(=O)c13,2.23,2.6467409800221855,0.4167409800221855
2108,test,Brc1cccc2c3CN(CCc3[nH]c12)C(=O)[C@@H]4CCCC[C@H]4C(=O)NC5(CC5)C#N,3.12,2.9745683111965318,-0.14543168880346835
1510,test,NC(=O)c1ccn2c(c3ccccc3)c(nc2c1)c4ccc(cc4)C5(N)CCC5,2.0,2.0940968256581503,0.09409682565815025
3933,test,Nc1ncc(cc1c2oc3ccccc3n2)c4cnn(c4)C5CCOCC5,4.0,3.722594866339495,-0.2774051336605048
836,test,Cc1c(Cl)ccc(OC2CCN(C[C@H](O)CNC(=O)c3c[nH]nc3C(F)(F)F)CC2)c1Cl,3.66,3.7380837428079783,0.07808374280797814
979,test,COc1cc(cc(OC)c1OC)C(=O)c2cc(Cl)ccc2N,3.38,2.1789429339390987,-1.2010570660609012
3997,test,COc1nc(Br)cnc1NS(=O)(=O)c2ccc(Cl)s2,0.99,3.5137184486487296,2.5237184486487294
1443,test,CNc1cccc(CCOc2ccc(C[C@H](NC(=O)c3c(Cl)cccc3Cl)C(=O)O)cc2F)n1,-0.05,-0.16586012568285957,-0.11586012568285957
3505,test,CC(NC(=O)C1(N)CCN(CC1)c2ncnc3[nH]ccc23)c4ccc(cc4)S(=O)(=O)C,1.0,1.4401986986467348,0.4401986986467348
3373,test,Cc1c(Sc2ccc(Cl)cc2)c3c(cccc3n1CC(=O)O)S(=O)(=O)C,0.58,0.10412619754979024,-0.4758738024502097
4189,test,CCC(N1NC(=O)c2nc3cc(Cl)ccc3c(O)c2C1=O)c4ccccn4,0.8,1.6410971784547064,0.8410971784547063
3387,test,CN[C@@H](C)C(=O)N[C@@H](C1CCCCC1)C(=O)N[C@H]2CCCCN(Cc3ccccc3)C2,2.12,2.0991127923450597,-0.020887207654940454
271,test,Cc1cc(C(=O)CN2C=C(C=CC2=O)C(F)(F)F)c(C)n1Cc3ccccc3,3.46,3.8216493391073376,0.36164933910733765
1133,test,C[C@@H]1CCCN1CCc2oc3ccc(cc3c2)c4ccc(cc4)C#N,3.51,2.9863444380490125,-0.5236555619509873
1669,test,CC1=C(CCN2CCC(CC2)c3noc4cc(F)ccc34)C(=O)N5CCCCC5=N1,2.05,3.692889494836249,1.6428894948362491
4112,test,CCN(C1CCN(CCC(c2ccccc2)c3ccccc3)CC1)C(=O)NCc4ccc(F)cc4,3.9,4.09677734257346,0.1967773425734598
2541,test,COC(=O)COc1ccc(OCCNCC(O)COc2ccccc2)cc1,1.54,0.6818914515234413,-0.8581085484765587
2863,test,Fc1ccc(cc1)C(COCc2cc(cc(c2)C(F)(F)F)C(F)(F)F)N3CCNCC3,3.0,3.089825659928345,0.08982565992834513
2241,test,CCCc1nc2c(N)nc3ccccc3c2s1,4.09,2.819339237737113,-1.270660762262887
3700,test,CN[C@@H](C)C(=O)N[C@H]1CN(CC[C@H]2CC[C@H](N2C1=O)C(=O)NC(c3ccccc3)c4ccccc4)C(=O)CC(C)C,1.82,1.6252319905434147,-0.19476800945658534
867,test,O[C@]1(CN2CCC1CC2)C#Cc3ccc(Oc4ccc(cc4)C(=O)NCc5ccnc6ccccc56)cc3,3.88,3.235873260195421,-0.6441267398045789
3914,test,CN(C1CCN(CCC(c2ccccc2)c3ccccc3)CC1)C(=O)Cc4ccc(O)cc4,3.3,3.360922625510628,0.060922625510628325
1902,test,NS(=O)(=O)c1cc(C(=O)O)c(NCc2occc2)cc1Cl,-0.9,-0.937641094934123,-0.03764109493412293
4029,test,COCCC(NC(=O)C1(N)CCN(CC1)c2ncnc3[nH]ccc23)c4ccc(Cl)cc4,2.95,2.063404070266801,-0.8865959297331991
2854,test,CO[C@H]1CN(Cc2ccc(cc2)C(F)(F)F)CC[C@H]1N(C)C(=O)Cc3ccc(cc3)n4cnnn4,3.0,2.995563047457063,-0.004436952542937078
2587,test,Nc1cc(ncn1)c2ccccc2,1.91,2.5940577301418144,0.6840577301418145
438,test,Oc1cc(O)c2C(=O)C(=COc2c1)c3ccc(O)c(O)c3,2.45,2.8594399213475623,0.40943992134756213
1222,test,COC[C@H](C)Oc1cc(Oc2ccccc2)cc(c1)C(=O)Nc3ccc(cn3)C(=O)O,0.95,1.524851892136075,0.574851892136075
2937,test,CCC[C@H](CO)Nc1nc(SCc2ccccc2)nc3nc(N)sc13,3.8,3.394340645364971,-0.4056593546350289
1038,test,Fc1ccccc1COc2cc(OCCCN3CCCC3)ccc2C(=O)Nc4ccccc4,3.85,3.280680014120648,-0.5693199858793521
1111,test,FC(F)(F)c1cc(COCC(N2CCNCC2)c3cccc(Cl)c3)cc(c1)C(F)(F)F,4.2,3.487190075779785,-0.712809924220215
262,test,COc1ccnc(CCc2nc3cccnc3[nH]2)c1,1.69,2.378153646152622,0.6881536461526219
1246,test,CS(=O)(=O)n1c2ccccc2c3cc(NC(=O)CCc4ccncc4)ccc13,3.4,2.9762885976325943,-0.42371140236740557
3064,test,OCCN(C(=O)CNC(=O)c1cc2cc(Cl)ccc2[nH]1)c3ccccc3,3.37,2.7977696426512857,-0.5722303573487144
3331,test,CC1=C(C(=O)c2ccc(O)cc2O1)c3ccccc3,2.95,2.8199545027020996,-0.1300454972979006
4099,test,CN(C)CCC[C@]1(OCc2cc(ccc12)C#N)c3ccc(F)cc3,1.48,1.5137706004031835,0.03377060040318347
1513,test,CN([C@@H]1CCN(Cc2ccc(cn2)C(F)(F)F)C[C@@H]1F)C(=O)Cc3ccc(cc3)n4cnnn4,2.1,2.7498145862181387,0.6498145862181386
3687,test,c1ccc(cc1)c2cn3ccccc3n2,2.9,2.7654230769246095,-0.13457692307539038
2521,test,Clc1ccc(cc1)C(=O)\C=C\Sc2nc[nH]n2,3.1,1.5105356318933651,-1.589464368106635
2709,test,C[C@H](CO)Nc1nc(SCc2cccc(F)c2F)nc3NC(=O)C=Cc13,3.36,3.0895796542475193,-0.27042034575248053
342,test,CCN(CC)S(=O)(=O)c1ccc(cc1)c2oc(SCC(=O)N3CCc4ccccc34)nn2,3.9,3.6517121909682597,-0.2482878090317402
2011,test,CSc1ccc(OCc2ccccc2)c(\C=C\c3ccc(cn3)C(=O)O)c1,2.45,2.079681577294857,-0.37031842270514304
1537,test,Cc1ccc(Oc2ccnc(Nc3ccc(cc3)S(=O)(=O)N)c2)c(C)n1,2.47,2.13442080448771,-0.33557919551229
3537,test,COc1ccnc(NC2CCN(CC2)C(=O)c3ccc(cc3)C#N)c1,1.73,1.5739492372155457,-0.1560507627844543
1329,test,Cc1ccc(cc1c2ccc(nc2)C(=O)NCC3CC3)C(=O)NC4CC4,3.36,2.393553118531376,-0.9664468814686238
2004,test,Cc1cc(C)cc(c1)c2[nH]c3ccc(cc3c2CCNCCCCc4ccncc4)C(C)(C)C(=O)N5C6CCC5CC6,4.3,3.9500082270647483,-0.3499917729352515
695,test,C[C@@H](O)[C@@H]1[C@H]2[C@@H](C)C(=C(N2C1=O)C(=O)OCOC(=O)C(C)(C)C)SC3CN(C3)C4=NCCS4,2.1,3.1581131315878714,1.0581131315878713
1381,test,CC(COc1ccccc1)NC(C)C(O)c2ccc(O)cc2,0.56,1.3686761485905943,0.8086761485905942
3258,test,O=C(NCC#N)[C@@H]1CCCC[C@H]1C(=O)N2CCN(CC2)c3ccc(cc3)C#N,1.79,1.0812450196473107,-0.7087549803526894
555,test,COc1cc2c(Nc3ncc(CC(=O)Nc4cccc(F)c4)s3)ncnc2cc1OCCCN5CCC(CO)CC5,2.89,2.7953125282679245,-0.09468747173207559
1153,test,COc1cc(OC)c(cc1NC(=O)Cc2ccnc(F)c2)S(=O)(=O)N3c4ccccc4Oc5ccccc35,3.37,1.2090077447811047,-2.160992255218895
950,test,COc1ccc(cn1)c2ccc3nc(N)sc3c2,3.2,2.1209176715349227,-1.0790823284650775
4043,test,O[C@H](C[C@H](O)\C=C\c1c(nc2ccccc2c1c3ccc(F)cc3)C4CC4)CC(=O)O,0.91,1.8735079951810107,0.9635079951810107
3316,test,CCNC(=O)c1cc2c(c(cnc2[nH]1)c3cc(cnc3OC)C4=NNC(=O)O4)n5ccc(n5)C(F)(F)F,2.91,2.261427539990813,-0.6485724600091873
255,test,CS(=O)(=O)c1ccc(cc1)c2cnc(N)c(c2)c3ccc(nc3)C(F)(F)F,2.4,1.6938776796158326,-0.7061223203841673
390,test,Nc1[nH]ncc1c2cc(Cl)ccc2Oc3cc(F)c(cc3Cl)S(=O)(=O)Nc4cscn4,2.3,1.985783603607011,-0.31421639639298893
2768,test,CN[C@@H](C)C(=O)N[C@H](C(=O)N[C@H]1CCCN(CCc2ccc(Br)cc2)C1)C(C)(C)C,2.92,2.264112507873192,-0.6558874921268081
3226,test,C[C@@H](Oc1cccc2ncnc(Nc3ccc(Oc4ccc(C)nc4)c(C)c3)c12)C(=O)N(C)CCO,3.85,3.6485546686317325,-0.2014453313682676
371,test,Oc1ccc(cc1)C2=CC(=O)c3ccc(O)cc3O2,3.2,2.916843028118992,-0.2831569718810081
1389,test,N#CCc1c[nH]c2ccc(OCc3ccccc3)cc12,3.71,2.9057157943652787,-0.8042842056347212
4177,test,Cc1ccnc2nc(nn12)C(=O)Nc3nccs3,0.31,2.1148146610079115,1.8048146610079114
1789,test,CCN(C1CCN(CC[C@H](c2ccc(cc2)S(=O)(=O)C)c3cccc(Cl)c3)CC1)C(=O)Cc4ccc(cc4)S(=O)(=O)C,2.37,2.748947776762841,0.37894777676284086
3862,test,CCNC(=O)c1ccc(CN2CCC(CC2)c3ccc(cc3)C(=O)Nc4ccccc4N)cc1,2.24,2.8025568314562332,0.562556831456233
1418,test,CCN(C1CCN(CC[C@H](c2ccc(cc2)S(=O)(=O)C)c3cc(F)c(F)c(F)c3)CC1)C(=O)Cc4ccc(cc4)S(=O)(=O)C,2.55,1.8424448249553125,-0.7075551750446873
826,test,CCCSc1ncccc1C(=O)N(C)[C@@H]2[C@@H]3CC4C[C@H]2C[C@@](O)(C4)C3,2.49,2.674782947433811,0.18478294743381074
1442,test,Nc1nnc(CCSCCc2nnc(N)s2)s1,-0.1,1.888503699386373,1.9885036993863732
2624,test,CCN1CCN(Cc2cnc(c(Cl)c2)c3ccc(cc3)C(=O)Nc4ccccc4N)CC1,1.81,1.8960328559897432,0.0860328559897432
837,test,NC1(CCC1)c2ccc(cc2)c3c(ncc4nccn34)c5ccccc5,1.7,1.6221024423202555,-0.07789755767974449
3971,test,CN1C2CCC1CC(C2)OC(=O)C(CO)c3ccccc3,-0.09,-0.18064241060191177,-0.09064241060191178
1704,test,COC[C@H](N1CCN(C[C@@H]1C)C2(C)CCN(CC2)C(=O)c3c(C)ncnc3C)c4ccc(cc4)C(F)(F)F,2.7,2.154444499680227,-0.545555500319773
588,test,CC(=O)Nc1ccc2ccn(c3cc(NCCCCO)n4ncc(C#N)c4n3)c2c1,2.58,1.9475923020560444,-0.6324076979439557
2338,test,CN(C1CCN(CCC(c2ccccc2)c3ccccc3)CC1)C(=O)c4ccncc4,2.8,2.313318901919109,-0.4866810980808909
3702,test,COc1ccc(cc1)c2nc3CCCn3c2Br,3.3,3.923254099833155,0.6232540998331553
3937,test,CCCNC(=O)c1nnc2c(c(F)ccc2c1N)c3ncccn3,2.07,1.9420820587145502,-0.12791794128544964
1382,test,CN(C1CCN(Cc2ccc(cc2)C(F)(F)F)CC1)C(=O)Cc3ccc(NC(=O)C)cc3,2.9,3.0213087393128983,0.12130873931289843
3252,test,CCC(N(CCCN)C(=O)c1ccc(C)cc1)C2=Nc3ncccc3C(=O)N2Cc4ccccc4,-0.04,1.4139217175044125,1.4539217175044126
2428,test,Cc1ccc(cc1c2cc(ccc2OCC(=O)O)C(F)(F)F)C#N,0.15,-0.23951100256063862,-0.38951100256063864
1897,test,c1ccc2[nH]ncc2c1,1.9,1.8369744311678502,-0.06302556883214971
1159,test,O[C@H](CNC(=O)C1=CNC(=O)c2c(F)cccc12)CN3CCC(CC3)Oc4ccc(Cl)c(Cl)c4,3.15,3.423262659221718,0.273262659221718
4197,test,COc1cccc2[nH]ncc12,2.1,2.1204404035300586,0.020440403530058493
39,test,CNC(=O)C1(CCN(CC[C@H](CN(C)C(=O)c2c(OC)c(cc3ccccc23)C#N)c4ccc(Cl)c(Cl)c4)CC1)N5CCCCC5=O,2.78,2.9016881250984885,0.1216881250984887
2050,test,COc1cnc(nc1N(C)c2ccccc2)c3ccccn3,2.79,2.465334075743299,-0.32466592425670093
1847,test,Cc1cc(NC(=O)c2ccccc2)n[nH]1,1.75,1.7466684831199344,-0.0033315168800656103
1092,test,COc1cc(Nc2nc(N[C@@H](C)c3ncc(F)cn3)nc(N4CCOCC4)c2Cl)n[nH]1,2.85,3.2377860051290543,0.38778600512905426
3325,test,Nc1cccc(C(=O)NCC23CC4CC(CC(C4)C2)C3)c1Cl,3.29,3.1165299244087454,-0.1734700755912546
2894,test,CN(C)c1ccnc2sc(C(=O)N)c(N)c12,1.7,2.246076600902585,0.546076600902585
1363,test,CN(C)CCOC(c1ccccc1)c2ccccc2C,1.47,3.2240935310690793,1.7540935310690793
3481,test,COc1cc(ccc1Cn2ncc3ccc(NC(=O)CC4CCCC4)cc23)C(=O)NS(=O)(=O)c5ccccc5,1.6,1.4241110084000275,-0.17588899159997262
111,test,COc1cc(OC)c(cc1NC(=O)CCC(=O)O)S(=O)(=O)N(c2ccc(C)cc2)c3ccc(C)cc3,0.06,-0.04297964422289002,-0.10297964422289002
942,test,O=C1NC=Nc2scc(c3cccs3)c12,2.18,1.6317992408482471,-0.548200759151753
4169,test,CCC(CC)NC(=O)c1cnn(Cc2ccccc2)c1NS(=O)(=O)c3ccc(C)cc3,1.52,1.123384574349653,-0.3966154256503469
4143,test,Cc1ccc(cc1)c2c[nH]nn2,2.58,2.4259348805029814,-0.15406511949701862
96,test,CCN(CC)CCCCNc1ncc2CN(C(=O)N(Cc3cccc(NC(=O)C=C)c3)c2n1)c4c(Cl)c(OC)cc(OC)c4Cl,2.04,3.876577350315194,1.8365773503151939
1593,test,O=C1C2=Nc3ccccc3CN2c4ccccc14,2.71,1.6534910420892523,-1.0565089579107476
4060,test,CN(C)CCCOc1nccc(Nc2cc(NC(=O)c3ccnc(c3)N4CCOCC4)ccc2C)n1,1.3,1.2080833047151764,-0.0919166952848236
1346,test,COc1ccnc(NC2CCN(CC2)C(=O)c3ccccc3)c1,2.06,1.6183687648001301,-0.4416312351998699
3454,test,Cc1ccc(cc1)S(=O)(=O)NC(=O)NN2CCCCCC2,0.01,0.025881001971781892,0.01588100197178189
3582,test,Nc1nc(O)cc(n1)c2ccc(O)cc2,1.05,1.2403968916042103,0.19039689160421025
