row,partition,smiles,actual,predicted,residual
805,train,OCCc1cccc(NC(=O)c2cc3cc(Cl)ccc3[nH]2)c1,3.83,3.687165273418545,-0.14283472658145513
2572,train,COc1cc2ncnc(Nc3cc(Cl)ccc3F)c2cc1OCCCN4CCOCC4,3.4,3.381738047398825,-0.01826195260117469
2762,train,CN[C@H]1CCN(C1)C(=O)c2ccc(Nc3nccc(n3)c4cnc(C)n4C(C)C)cc2,1.22,1.3212426327887412,0.10124263278874124
2829,train,ONC(=O)CN1C(=O)C(Cc2ccccc12)NC(=O)c3cc4cc(Cl)sc4[nH]3,2.4,2.4044560671342743,0.004456067134274377
2187,train,OC(=O)COc1ccc(Cl)cc1CN2CCN(CC2)S(=O)(=O)c3ccccc3,0.49,0.6717742113376719,0.1817742113376719
3308,train,CC1=CC2=NNC(=O)N2c3cc(ccc13)c4ccc(CO)cc4,2.86,3.031223352279609,0.17122335227960894
2046,train,CCCc1c(O)c(O)c(C(=O)O)c2cc(Cc3ccccc3)c(C)cc12,2.6,2.4781317295802396,-0.12186827041976045
1144,train,CC(N1NC(=O)C2=C(C1=O)C(=O)c3ccc(Cl)cc3N2)c4ccsc4,0.9,1.0835417600328168,0.18354176003281675
2514,train,Clc1ccc(OC2CCN(CC2)C3CCN(CC3)C(=O)NS(=O)(=O)c4ccccc4)cc1Cl,1.5,1.8630390707735005,0.3630390707735005
4059,train,CN(C)C(=O)C(CCN1CCC(O)(CC1)c2ccc(Cl)cc2)(c3ccccc3)c4ccccc4,3.47,3.7652943860987698,0.29529438609876957
1895,train,C[C@H](NC(=O)c1c(C)nn(C2CCN(CC(F)(F)F)CC2)c1NS(=O)(=O)c3ccc(C)cc3)C(C)(C)C,1.08,1.3201312043123874,0.24013120431238733
1937,train,OC(CN1CCOCC1)c2ccccc2,1.0,1.2453835180556683,0.24538351805566827
3819,train,Oc1ccc2C(=O)N(C(=O)c2c1)c3ccccc3,2.3,2.171524031060575,-0.12847596893942503
965,train,Cc1ccc(cc1)C(=O)N2CCC(CC2)C(=O)c3ccc(Cl)cc3,3.79,3.9050007720513453,0.11500077205134529
501,train,Cc1c(Sc2ccc(Cl)cc2)c3cc(Cl)ccc3n1CC(=O)O,2.87,2.9563100218230898,0.08631002182308967
2048,train,O=S1NC(=NO1)Cc2ccc3ccccc3c2,1.85,1.9172782011566056,0.06727820115660554
773,train,CC(=O)N1CCN(CCOc2ccc(cc2)C3CCN(CC3)c4ccc5nnc(n5n4)C(F)(F)F)CC1,3.2,3.0661050852906793,-0.1338949147093209
2599,train,Nc1ccc(cc1)C2(CCCCC2)c3ccc(N)cc3,3.2,3.5097773264352314,0.30977732643523126
3665,train,CN1CCOc2cc(COc3ccccc3)cnc12,3.3,3.2947556824370103,-0.005244317562989487
3903,train,Cc1ccc(NC(=O)[C@@H]2CCCN2S(=O)(=O)c3cccc4cccnc34)c(C)c1,3.8,3.94869888325326,0.1486988832532603
1130,train,C[C@@H](COCCCS(=O)(=O)CCNCCc1ccc(O)c2nc(O)sc12)c3ccccc3,2.32,2.12232510084295,-0.19767489915704983
2419,train,OC(=O)CSc1c[nH]c2ccccc12,-1.31,-1.2862402964595492,0.02375970354045087
966,train,c1ccc(nc1)c2nc3ccccc3[nH]2,2.5,2.777071718505737,0.277071718505737
2913,train,CCN(CC)CCNC(=O)c1cc(Cl)c(N)cc1OC,0.34,0.49191786933856796,0.15191786933856793
2132,train,COc1cc2c(Nc3ccc(Br)cc3F)ncnc2cc1OC[C@@H]4CCCN(C)C4,3.05,3.0830121451060686,0.03301214510606876
2404,train,CCN(CC)CCNc1ncnc2c1sc3nc(N4CCOCC4)c5CCCCc5c23,3.3,3.405180280626406,0.10518028062640639
3409,train,CS(=O)(=O)Cc1cc(nc(n1)c2ccc(NS(=O)(=O)C)cc2)N3CCOCC3,0.85,0.9328926622918754,0.08289266229187542
483,train,NCc1nc2ccccc2[nH]1,0.4,0.7498180074942109,0.3498180074942109
4188,train,COC(=O)COc1ccc(cn1)C(=O)Nc2ccc(F)cc2,2.43,2.6598643120790437,0.22986431207904356
3094,train,CC(C)CN1C(=O)N(C)C(=O)c2c1sc(Cn3c(C)nc4ccccc34)c2C(=O)N5CC[C@@H](O)C5,1.34,1.6038497854845377,0.26384978548453764
525,train,CSc1nc(nn1Cc2ccccc2)c3ccccc3,3.83,3.7472416988954134,-0.0827583011045867
2465,train,Nc1cc(nc2ccccc12)c3ccccc3,2.2,2.0794911131707923,-0.1205088868292079
244,train,COc1cc(O)cc2OC=C(C(=O)c12)c3ccc(O)cc3,2.0,2.033191968679611,0.03319196867961116
2196,train,CCCNC[C@H](O)COc1ccccc1C(=O)CCc2ccccc2,1.69,1.8343803105396435,0.1443803105396435
2244,train,OC1=C(C(=O)Nc2cc(Cl)ccc12)c3cccc(Oc4ccccc4)c3,2.96,2.9035113850251735,-0.05648861497482649
843,train,CC(=O)Nc1ccc2[nH]cc(c3cc(NC4CC4)n5ncc(C#N)c5n3)c2c1,2.65,3.008074448828802,0.3580744488288019
3640,train,Cn1c(ccc1c2cc(F)c3NC(=O)C(C)(C)c3c2)C#N,3.21,3.08203281263715,-0.12796718736285007
3364,train,CC(=O)NCc1ccc(CN2CCN(CC2)c3ccccc3)cc1,1.78,1.9104888676512894,0.13048886765128942
1822,train,Cc1cc2NC(=O)C(=CC(=O)c2cc1C)O,1.99,2.294584227833135,0.304584227833135
1591,train,Cn1cnc2cc(cnc12)C#Cc3ccccc3,3.5,3.481120229150565,-0.01887977084943504
40,train,OB1N(C(=O)Nc2ccccc12)c3ccccc3,1.4,1.3988126330302693,-0.0011873669697306521
4022,train,Fc1ccccc1Nc2oc(nn2)C(=O)Nc3ccc(Oc4cccnc4)nc3,3.1,3.4323596667999796,0.3323596667999795
2014,train,CCCc1c(O)c(ccc1OCc2ccc(\C=C\c3nn[nH]n3)cc2)C(=O)C,3.3,3.385117087851753,0.08511708785175331
3625,train,CC(C)N(CCNCCc1ccc(O)c2NC(=O)Sc12)C(=O)CCOCCc3ccccc3,2.33,2.837487096408909,0.5074870964089091
1701,train,CCC(CO)NCCNC(CC)CO,-1.42,-1.4565705424741644,-0.03657054247416447
1693,train,COc1ccccc1CCNCc2cccc(CCNC[C@H](O)c3ccc(O)c4NC(=O)Sc34)c2,0.82,0.8431808915935026,0.023180891593502673
1603,train,CCOc1cc2ncc(C(=O)N)c(Nc3ccc(F)cc3F)c2cc1N4CCC(O)CC4,2.74,2.670302788751999,-0.06969721124800143
3812,train,CCCNC(=O)c1nnc2c(c(F)ccc2c1N)c3ccc(OC)cc3OC,3.52,3.880510736229481,0.36051073622948104
3114,train,OC(=O)[C@H](Cc1cccc(OCCCNc2ccccn2)c1)NC(=O)c3c(Cl)cccc3Cl,0.16,0.03178199739537657,-0.12821800260462343
2199,train,CC(=O)Nc1nc(cs1)c2cccs2,2.77,2.866896208238369,0.09689620823836886
1839,train,FC(F)(F)c1ccc(cc1)S(=O)(=O)N2CCN(CC2)C(=O)N3CCN(CC3)c4ccncc4Cl,3.54,3.91003820666002,0.37003820666001985
2558,train,O[C@]1(CN2CCC1CC2)C#Cc3ccc(Oc4ccc(cc4)C(=O)NCc5ccncc5)cc3,2.42,2.661431894748562,0.24143189474856186
324,train,COc1cc(N2CCN(C)CC2)c3nc(cc(N(C)C)c3c1)C(=O)Nc4ccc(cc4)N5CCOCC5,3.3,3.2401824619464294,-0.059817538053570374
2815,train,Clc1ccc(NCCNCC(=O)N2CCC[C@H]2C#N)nc1,0.99,1.4119608492580515,0.42196084925805155
3921,train,COc1ccc(N(C(C(=O)NC2CCCC2)c3ccccc3F)C(=O)C)c(OC)c1,2.81,3.2042052069295233,0.3942052069295232
3446,train,COc1ccc(cc1)c2nc(nc(O)c2C#N)N3CCOCC3,0.2,0.45731594560433186,0.25731594560433185
1388,train,O=C(N1CCNCC1)c2cc3ccccc3[nH]2,0.6,0.8537105412633796,0.25371054126337966
2344,train,CCCCC(CC)CNC(=O)c1ccc2c(c1)c(Cc3ccc(cc3OC)C(=O)NS(=O)(=O)c4ccccc4C)cn2C,3.66,3.4483797962797302,-0.2116202037202699
3273,train,CC1=CN(C2CCCN(Cc3cccc(Oc4ccc(Cl)cc4)c3)C2)C(=O)NC1=O,3.38,3.3521822345299093,-0.027817765470090627
3356,train,Fc1ccc(CN2CCN(CC2)c3ccc4nnc(n4n3)C(F)(F)F)cc1,3.46,3.374830445670103,-0.08516955432989715
3558,train,Oc1ccc2[nH]c(CN3CCC(Cc4ccc(F)cc4)CC3)nc2c1,3.8,4.048122566432624,0.24812256643262387
4167,train,CNC(=O)c1cccc(c1c2ccc(CC(C)C)cc2)S(=O)(=O)Nc3ncc(C)nc3OC,1.68,1.7558317008505842,0.07583170085058422
3403,train,CS(=O)(=O)c1ccc2[nH]c3CCN(Cc3c2c1)C(=O)[C@@H]4CCCC[C@H]4C(=O)NC5(CC5)C#N,1.5,1.7887035790096057,0.28870357900960575
1915,train,ON(C=O)C1(CS(=O)(=O)N2CCN(CC2)c3ccc(F)cc3)CCOCC1,0.85,1.1148378130785066,0.2648378130785066
3141,train,COC[C@@H](O)CN1C(=O)C=NN(C1=O)c2ccc(Cl)c(c2)C(=O)NCC3(O)CCCCCC3,1.44,1.2723401413398552,-0.16765985866014477
1775,train,OC(CCN1CCCCC1)(C2CCCCC2)c3ccccc3,2.68,2.917096450775082,0.2370964507750819
2108,train,Brc1cccc2c3CN(CCc3[nH]c12)C(=O)[C@@H]4CCCC[C@H]4C(=O)NC5(CC5)C#N,3.12,3.4001487747931067,0.2801487747931066
2673,train,O=C1C=C(C=CN1c2ccc3c(cnn3CCN4CCCC4)c2)c5ccccc5,1.6,1.8754100390100774,0.2754100390100773
1916,train,CC(C)[C@@H](CN1CC[C@](C)([C@@H](C)C1)c2cccc(O)c2)NC(=O)[C@H]3Cc4ccc(O)cc4CN3,2.39,2.5680032157030377,0.17800321570303757
3132,train,CC(C)n1c(C)ncc1c2nc(Nc3ccc(C(=O)N(C)C)c(F)c3)ncc2F,3.14,3.119576276582939,-0.020423723417061
2862,train,CCCSc1nc(ccc1C(=O)NC2CCCCC2)N3CCC(CC3)C(=O)O,1.6,1.764072915527937,0.164072915527937
1456,train,Fc1cccc(COc2cc(OCCCN3CCCC3)ccc2C(=O)Nc4ccccc4)c1,3.67,3.6338044151899673,-0.0361955848100326
2423,train,CNc1cccc(CCOc2ccc(C[C@H](NC(=O)c3ccccc3Cl)C(=O)O)cc2)n1,-0.31,-0.20034488658045646,0.10965511341954354
115,train,COc1ccc(OC)c(CNC(=O)c2cccnc2Oc3ccccc3)c1,3.52,3.6014241915742193,0.08142419157421932
3571,train,O=S(=O)(NCCNc1ncccn1)c2cccc3cnccc23,0.61,0.6690349725102487,0.059034972510248696
3243,train,C[C@@H]1CN(Cc2oc(nn2)c3cc(cc4[nH]ncc34)c5cccc6[nH]ccc56)C[C@H](C)O1,4.01,4.0864922992196675,0.07649229921966771
1526,train,COc1cc2ncc(C(=O)N)c(Nc3ccc(F)c(Cl)c3)c2cc1OC,3.22,2.9270302585197947,-0.2929697414802055
3630,train,CNC1=CN=C(N(CC(=O)NC(C(C)C)C(=O)C(F)(F)F)C1=O)c2ccc(F)cc2,1.86,2.011814060927834,0.151814060927834
192,train,CCCSc1nc(N[C@@H]2C[C@H]2c3ccccc3)c4nnn([C@@H]5C[C@H](O)[C@@H](O)[C@H]5O)c4n1,3.97,4.088977902144473,0.11897790214447257
3790,train,NC(=O)c1ccc(O[C@H]2C[C@H]3CC[C@@H](C2)N3Cc4ccccc4)cn1,1.51,1.277454288517708,-0.23254571148229197
1141,train,COc1ncnc(NS(=O)(=O)c2ccc(N)cc2)c1OC,-0.73,-0.5805344038889166,0.14946559611108334
312,train,CCOc1ccc2oc(C(=O)NC(CCSC)c3nc4ncccc4[nH]3)c(C)c2c1,4.23,4.492684268487669,0.2626842684876687
2286,train,Cc1cccc(c1)C(=O)N2CCC(CC2)C(=O)c3ccc(F)cc3,3.4,3.228365689603117,-0.17163431039688293
4081,train,COc1cc(F)ccc1c2cccc(CNC3CCCC3)c2,2.29,2.245015250750674,-0.04498474924932605
1363,train,CN(C)CCOC(c1ccccc1)c2ccccc2C,1.47,1.187353098500207,-0.282646901499793
3314,train,COc1ccc2COC(=O)N(CCN3CCC(CC3)NCc4ccc5OCC(=O)Nc5n4)c2c1,0.5,0.8133561147685604,0.3133561147685604
298,train,C[C@@](O)(C(=O)Nc1ccc(cc1Cl)S(=O)(=O)NCC=C)C(F)(F)F,3.07,3.2584884958438494,0.18848849584384952
3318,train,CCN(CC)CCn1c2ccccc2c3cnc(N)c(C#N)c13,2.7,2.559364989981991,-0.14063501001800915
1216,train,COc1cc(ccc1Nc2ncc(C)c(n2)c3cnc4ccccn34)N5CCN(CC5)C(=O)C,2.9,2.870586581700611,-0.029413418299388816
1122,train,Cn1cnc(c2ccccc2)c1c3cc4c(N)ncnc4s3,2.94,2.969521285515833,0.029521285515833107
857,train,CCc1cccc(c1)N(C)C(=N)Nc2cccc3ccccc23,1.57,1.7397804814511852,0.16978048145118518
3539,train,O=C(Nc1ccc(nc1)N2CCOCC2)c3oc(Nc4cccc(OCc5ccccn5)c4)nn3,3.1,3.393295978085532,0.29329597808553176
3507,train,C[C@@H]1CN(CCN1c2ncc(OCc3ccncc3C#N)cn2)C(=O)OC(C)(C)C#N,2.3,2.6940354596708054,0.39403545967080555
3166,train,CCc1nc2c(N)nc3ccccc3c2n1CC(C)C,2.55,2.583061871342133,0.03306187134213312
2917,train,NC(=O)C1=CN(Cc2ccc(Cl)cc2Cl)C(=O)C=C1,2.36,2.306684063049524,-0.05331593695047587
3789,train,CN(C)c1cccc(c1)C(=O)Nc2ccc(C)c(c2)C(=O)Nc3cccnc3,3.01,3.0215787530897638,0.011578753089763971
779,train,Cc1cccc(c1)N(Cc2cc(F)c(F)cc2F)C(=O)O[C@H]3CN4CCC3CC4,2.24,2.2658982096929816,0.0258982096929814
3239,train,CN(C)CCCN1c2ccccc2Sc3ccccc13,2.56,2.6076590227825065,0.047659022782506444
4018,train,COc1cc(OC2CCNCC2)ccc1Nc3ncc(Cl)c(n3)c4cnc5ccccn45,1.8,2.011471963358496,0.21147196335849583
2677,train,C[C@H](c1c[nH]cn1)c2cccc(C)c2C,2.79,2.7281502477454374,-0.061849752254562684
63,train,COc1cccc(c1)c2c[nH]c(n2)c3ccccc3,3.8,3.812512020809139,0.01251202080913938
2246,train,COc1ccc(CNC(=O)N(CC=C)C2CCN(CCC(c3ccccc3)c4ccccc4)CC2)cc1,3.6,3.846879974822488,0.2468799748224879
2012,train,CNc1cccc(CCOc2ccc(C[C@H](NC(=O)c3c(C)cc(C)cc3C)C(=O)O)cc2)n1,0.52,0.41302640290771375,-0.10697359709228627
387,train,Cc1ccc(cc1)S(=O)(=O)NC(=O)N2CCC(CC2)N3CCC(CC3)Oc4ccc(Cl)cc4,1.6,1.7058233481900251,0.10582334819002504
3386,train,CN1CCN(CC1)C(=O)c2cccc(CC3=NNC(=O)c4ccccc34)c2,0.92,0.7586657648132586,-0.1613342351867414
4041,train,CC(C)COCC(CN(Cc1ccccc1)c2ccccc2)N3CCCC3,3.66,3.8867106446244435,0.22671064462444335
3839,train,CNC(=O)c1ccc(Nc2nccc(n2)c3cnc(C)n3C(C)C)cc1,2.69,2.84080511385676,0.1508051138567601
556,train,C[C@H]1CN(Cc2cc(Cl)ccc2OC(C)(C)C(=O)O)CCN1S(=O)(=O)c3ccccc3,0.54,0.7462247358042651,0.20622473580426504
2058,train,NC(=N)Nc1ccc(cc1)C(=O)Oc2ccc(cc2)[N+](=O)[O-],0.5,0.46821057647045117,-0.03178942352954883
372,train,Cc1cccc(Nc2ccccc2C(=O)O)c1C,1.89,1.8592664897795372,-0.030733510220462668
2395,train,OC(=O)CCc1ccc(OCc2cccc(Br)c2)cc1,1.67,1.3364246358764873,-0.33357536412351263
3939,train,COC(=O)c1cccc(CN2NC(=O)C3=C(C2=O)C(=O)c4ccc(Cl)cc4N3)c1,1.1,0.9953836176911899,-0.10461638230881021
632,train,CC(C)CNCc1ccc(cc1)c2ccccc2S(=O)(=O)N3CCCC3,1.9,1.8417117474055233,-0.058288252594476564
2567,train,COc1ccc2N=CC(=O)N(CCN3CC[C@@H](NCc4ccc5OCC(=O)Nc5n4)[C@@H](O)C3)c2c1,0.37,0.6807231916509231,0.3107231916509231
3480,train,CCCNC(=O)c1nnc2c(cccc2c1N)c3ccccc3,3.8,3.943718567334172,0.14371856733417232
2522,train,O=C1C2CCC(N2)C(=O)N1Cc3ccccc3,2.21,2.129479758979667,-0.08052024102033295
178,train,CN(C)C(=O)CN1CCN(CCc2c([nH]c3sc(cc23)C(C)(C)C(=O)N4C5CCC4CC5)c6cc(C)cc(C)c6)CC1,4.13,4.070850165321128,-0.05914983467887147
3684,train,CCc1cccc(CC)c1NC(=O)N2Cc3[nH]nc(NC(=O)c4ccc(cc4)N5CCN(C)CC5)c3C2,3.31,3.308605952431732,-0.0013940475682678866
88,train,COc1cc(Nc2nc(N[C@@H](C)c3ncc(F)cn3)ncc2Br)n[nH]1,2.6,2.7534863993456353,0.15348639934563524
3595,train,COc1ccccc1OCCNCC(O)COc2cccc3[nH]c4ccccc4c23,3.27,3.278273108478027,0.00827310847802698
826,train,CCCSc1ncccc1C(=O)N(C)[C@@H]2[C@@H]3CC4C[C@H]2C[C@@](O)(C4)C3,2.49,2.7287902301262887,0.23879023012628853
1912,train,OCCO[C@H]1C[C@H]([C@H](O)[C@@H]1O)n2nnc3c(N[C@@H]4C[C@H]4c5ccc(F)c(F)c5)nc(SCCC(F)(F)F)nc23,4.17,4.116057077553784,-0.05394292244621557
4114,train,C[C@@H](NC(=O)[C@H]1CCCNC1)c2ccc(Nc3ncc4cc(ccc4n3)c5ccncc5)cc2,1.69,1.8102256120371472,0.12022561203714721
1561,train,O=C1N([Se]c2ccccc12)c3ccccc3,3.31,3.3079164069347904,-0.0020835930652096657
1324,train,Fc1ccc2cn[nH]c2c1,2.3,2.1898614440861977,-0.11013855591380217
1373,train,Fc1ccc(cc1F)N2C=CN=C(SCC(=O)NC3CCCC3)C2=O,2.0,2.213583486590613,0.213583486590613
2608,train,COc1cc(OC)c(cc1NC(=O)C)S(=O)(=O)N(C)c2ccccc2,1.1,1.5389382990852634,0.4389382990852633
1491,train,N[C@@H]1CCCN(C1)c2c(\C=C\3/SC(=O)NC3=O)cccc2c4ccncc4,1.56,1.9407153913100115,0.3807153913100114
1708,train,Clc1ccccc1CNC(=O)c2ccccc2Oc3ccccc3,3.58,3.876252718676173,0.29625271867617275
1422,train,CNC(=O)c1ccc2C(=O)C=C(Nc2c1)c3cccnc3,1.01,1.2455922543301434,0.2355922543301434
2957,train,CN1CCC(CC1)n2cc(cn2)c3cnc(N)c(c3)c4oc5cc(F)ccc5n4,3.35,3.1070040914943133,-0.24299590850568675
1028,train,COC(=O)COc1ccc(O)cc1,0.92,0.7688317347253903,-0.1511682652746097
4137,train,C[C@@](O)(C(=O)Nc1ccc(cc1Cl)S(=O)(=O)NCCN2CCOCC2)C(F)(F)F,2.14,2.16923899426857,0.029238994268570018
2359,train,CNC(=O)c1snnc1c2ccccc2,1.23,1.2231214003362219,-0.006878599663778129
2245,train,CCn1c2ccccc2c3cc(NC(=O)C(C)C)ccc13,4.2,4.18934454981698,-0.010655450183020498
218,train,C[C@H](Nc1cnc(C)c(Nc2cc(C)[nH]n2)n1)c3ccc(F)cn3,1.73,2.1380555156528627,0.4080555156528627
1545,train,NC(=O)c1cccc(O[C@@H]2C[C@H]3CC[C@@H](C2)N3CCc4ccccc4)c1,2.0,1.9794503583507834,-0.020549641649216577
2267,train,OC(=O)[C@H](Cc1ccc(F)cc1)N2CCC(CN3CCC(CC3)Oc4ccc(Cl)cc4Cl)CC2,2.6,2.544063543761085,-0.05593645623891508
3986,train,Nc1ccccc1[N+](=O)[O-],-0.96,-1.0467831324520556,-0.0867831324520556
1724,train,Cc1cc(OCCCS(=O)(=O)C)cc(C)c1c2cccc(COc3ccc4[C@H](CC(=O)O)COc4c3)c2,2.3,2.305393975988401,0.0053939759884009675
1599,train,Cc1ccc(NC(=O)c2ccc(Cl)c(c2)C(F)(F)F)cc1C(=O)Nc3cccnc3,2.83,3.1559805480311067,0.32598054803110665
3436,train,OC(=O)COc1cccc(c1)C(=O)N2CCC(CC2)N3CCC(CC3)Oc4ccc(Cl)c(Cl)c4,1.09,1.1788532590726641,0.08885325907266406
4000,train,NC1(CCN(CC1)c2ncnc3[nH]ccc23)C(=O)NC(CCCN4CCOCC4)c5ccc(Cl)cc5,2.7,2.8866330291588547,0.1866330291588545
2618,train,Cc1ccccc1S(=O)(=O)NC(=O)N2CCC(CC2)N3CCC(CC3)Oc4ccc(Cl)c(Cl)c4,1.71,1.917177538503977,0.20717753850397713
696,train,CN1C(=O)N(CC2CC2)c3nn(Cc4ccnc5ccc(Cl)cc45)c(c6cc(oc6C)C#N)c3C1=O,4.26,4.25949960422241,-0.0005003957775899792
3171,train,C1CC2(CCN1)OC(c3ccccc3)c4ccccc24,0.75,0.6994630383806437,-0.05053696161935628
1399,train,OC(=O)c1[nH]c2cc(Cl)cc(Cl)c2c1\C=C\C(=O)Nc3ccccc3,1.52,1.1336702065457844,-0.3863297934542156
2067,train,COc1ccc(CNCc2ccc(cc2)c3cc(C(=O)N)c(NC(=O)N)s3)cc1,2.55,2.36400837088051,-0.18599162911948985
291,train,C[C@]1(CCCN1c2nc(Nc3cc([nH]n3)C4CC4)c5cccn5n2)C(=O)Nc6ccc(F)nc6,3.16,3.66375875744749,0.50375875744749
3641,train,CN(C)CC(O)COc1ccc(Nc2cc(ncn2)N(CCC#N)c3cc(Cl)ccc3Cl)cc1,2.1,2.2140584393398433,0.11405843933984317
3676,train,CN(c1ccnc(Nc2cc(cc(c2)N3CCOCC3)N4CCCOCC4)n1)c5cc(CO)ccc5C,3.3,3.900028987784626,0.6000289877846261
2730,train,COc1cc2N(CCN3CCC(CC3)NCc4cc5OCCOc5cn4)C(=O)C=Cc2cn1,0.68,0.8796832047417704,0.19968320474177037
2352,train,N#Cc1cccc(c1)c2cccc(c2)c3nn[nH]n3,0.7,0.657189568520004,-0.04281043147999597
345,train,CN1CCN(CC1)c2cc(F)cc3C(=O)C=C(Nc23)C(=O)Nc4ccc(cc4)N5CCOCC5,2.7,3.0111625454755333,0.3111625454755331
2387,train,FC(F)(F)c1cc(C(=O)Nc2cccc(c2)c3nnn[nH]3)c4nc[nH]c4c1,1.1,1.304588558156722,0.20458855815672194
397,train,NCC[C@@H](Oc1cc(Cl)ccc1C#N)c2ccccc2,0.76,0.9102223266972342,0.15022232669723423
1305,train,C1CCN(CC1)c2ncnc3[nH]cnc23,1.84,2.154408885689959,0.31440888568995873
3849,train,FC(F)(F)Oc1cccc2c3CN(CCc3[nH]c12)C(=O)[C@@H]4CCCC[C@H]4C(=O)NC5(CC5)C#N,4.01,4.187049101516999,0.17704910151699949
21,train,Clc1ccc(cc1)C(=O)Nc2oc(nn2)C(=O)Nc3ccc(cc3)N4CCOCC4,1.92,2.2318441147449186,0.3118441147449187
1952,train,OCCN1CCN(Cc2ccc3c(NC(=O)CC45CC6CC(CC(C6)C4)C5)c(Cl)ccc3n2)CC1,2.93,2.9814534520725378,0.0514534520725376
392,train,OC(=O)c1ccccc1Cn2nnc(n2)c3cccc(OCc4ccc5ccccc5n4)c3,2.1,2.0284125081018782,-0.07158749189812186
3555,train,CS(=O)(=O)Cc1ccc2ccn(c3cc(NC4CC4)n5ncc(C#N)c5n3)c2c1,2.49,2.7305581620221915,0.24055816202219127
1070,train,COc1ccc(cc1)n2cnc3cc(NS(=O)(=O)c4ccccc4)ccc23,3.7,3.6515599406031978,-0.048440059396802404
3548,train,COc1cc2c(Nc3ccc(Cl)cc3F)ncnc2cc1OCC4CCNCC4,1.1,1.0808278992560831,-0.019172100743916953
125,train,NC1(CCN(CC1)c2ncnc3[nH]ccc23)C(=O)NCc4ccc(Cl)cc4,2.88,3.070187914761876,0.1901879147618759
186,train,Fc1ccc(NC(=O)c2cccnc2Oc3ccccc3)cc1,3.19,2.909004467712041,-0.2809955322879589
3838,train,Cc1nc(NC(=N)N)nc2ccccc12,-0.49,-0.4333946350548703,0.05660536494512969
389,train,CC(C)Oc1cc(n[nH]1)n2cnc3cnc(N[C@@H](C)c4ncc(F)cn4)nc23,2.41,2.352668431142034,-0.057331568857966086
1862,train,CC[C@H]1[C@@H](Cc2cncn2C)COC1=O,-0.37,-0.42207616905159373,-0.052076169051593735
1807,train,O=C1C=CN=C2C=C(C=CN12)C#Cc3ccccc3,2.9,2.9501477105402603,0.05014771054026035
1856,train,CN1C=C(C(=O)c2c(O)cc(O)cc12)c3ccc(O)cc3,2.2,2.325551089241247,0.12555108924124703
664,train,OC1(CCN(Cc2c[nH]c3ccccc23)CC1)c4ccc(Cl)cc4,2.25,2.3794593379242825,0.12945933792428255
60,train,OC(C(=O)OC1CN2CCC1CC2)(c3ccccc3)c4ccccc4,1.19,1.4729041773781337,0.2829041773781338
801,train,CCC(CC)C[C@@H](N1CCC[C@@H](C1)N2C=C(C)C(=O)NC2=O)c3ccc(C(=O)O)c(Oc4cccc(Cl)c4)c3,1.68,1.5213549973664562,-0.15864500263354375
3639,train,CN1C(=O)N(C)c2ncn(C)c2C1=O,-0.03,-0.4844581651278621,-0.4544581651278621
1970,train,Cc1ccc(Oc2ccc(cc2)C(=O)NCc3ccncc3)cc1,3.65,3.714510376094057,0.06451037609405708
288,train,CC(C)(C)NS(=O)(=O)c1cncc(c1)c2ccc3nc(NC(=O)NCC(=O)N4CCOCC4)nn3c2,0.96,1.1072011165829645,0.14720111658296453
2540,train,C[C@@H](Oc1ccc(SCCCCCc2ccccc2)cc1)C(=O)c3nc(C)c(CCCC(=O)O)s3,3.58,2.788124618753507,-0.7918753812464931
266,train,COc1ccc2nccc([C@H](O)C3CC4CCN3CC4C=C)c2c1,2.16,1.9897865274974544,-0.1702134725025457
2491,train,CC1(C)CCC(CC1)NC(=O)[C@@H](N)CCC(=O)O,-0.27,0.09226635153888463,0.36226635153888465
1099,train,C1NC(Cc2ccccc12)c3ccccc3,1.9,1.832281090244141,-0.06771890975585881
2441,train,CCN(CC)CCOC(=O)C1(CCCCC1)C2CCCCC2,3.72,4.079102876038537,0.3591028760385364
2333,train,Oc1ccc2C[C@H]3N(CC4CC4)CC[C@@]56[C@@H](Oc1c25)c7[nH]c8[C@@H]9Oc%10c(O)ccc%11C[C@H]%12N(CC%13CC%13)CC[C@@]9(c%10%11)[C@@]%12(O)Cc8c7C[C@@]36O,1.41,2.0285432303686783,0.6185432303686784
758,train,CC1(CC1)c2c(cnn2c3ccc(cc3)C(=O)O)C(=O)NC4C5CC6CC(CC4C6)C5,1.11,1.5969966272662695,0.48699662726626936
1971,train,O[C@H](CNC(=O)C1=CNC(=O)c2ccccc12)CN3CCC(CC3)Oc4ccc(C#N)c(Cl)c4,2.56,2.78961924856506,0.2296192485650601
1515,train,CC(C)(C)OC(=O)N[C@@H](Cc1ccccc1)C(=O)O,-1.1,-1.3183696316539493,-0.21836963165394918
1747,train,O[C@]1(CN2CCC1CC2)C#Cc3ccc(Oc4ccc(cc4)C(=O)NCc5ccncn5)cc3,1.78,1.8098119715015486,0.029811971501548573
451,train,Nc1n[nH]cc1c2cc(ccc2Oc3cc(F)c(cc3Cl)S(=O)(=O)Nc4cscn4)C(F)(F)F,2.65,2.924625995501046,0.27462599550104594
2141,train,CS(=O)(=O)c1ccc2OCC(=O)N(CCN3CCC(CC3)NCc4ccc5OCC(=O)Nc5n4)c2c1,-0.51,-0.21820105657078104,0.29179894342921897
1751,train,CCCCC[C@@H](N1CCC[C@@H](C1)N2C=C(C)C(=O)NC2=O)c3ccc(C(=O)O)c(Oc4cccc(Br)c4)c3,1.69,1.7166709826659785,0.02667098266597856
390,train,Nc1[nH]ncc1c2cc(Cl)ccc2Oc3cc(F)c(cc3Cl)S(=O)(=O)Nc4cscn4,2.3,2.2757584861626188,-0.024241513837381046
2143,train,CNC1=Nc2ncccc2C(=NC1c3cccs3)c4cc[nH]c4,1.73,2.0618455954616195,0.3318455954616195
1675,train,CCCCCCCN(CC)CCCC(O)c1ccc(NS(=O)(=O)C)cc1,1.2,1.6208813495827972,0.4208813495827972
3734,train,Clc1ccc(cc1C(=O)NCC23CC4CC(CC(C4)C2)C3)N5CCNCC5,1.77,1.779993918775507,0.009993918775506927
3232,train,CCCC(=O)C1(CCN(CC1)C(=O)[C@@H](Cc2ccc(OC)cc2)NC(=O)[C@@H](N)Cc3cncn3C)c4ccccc4,2.51,2.5244452983480947,0.014445298348094937
562,train,OC(=O)C(N1CCC(CN2CCC(CC2)Oc3ccc(Cl)c(Cl)c3)CC1)c4ccccc4,2.17,1.9308744556624808,-0.2391255443375191
3520,train,Cc1c(Cl)c(ccc1OC2CCN(CC3CCN(CC3)[C@@H](Cc4ccc(F)cc4)C(=O)O)CC2)C#N,2.19,1.9634722364136272,-0.22652776358637272
4105,train,CNC1=Nc2ccc(Cl)cc2C(=[N+]([O-])C1)c3ccccc3,2.41,2.689803398585297,0.279803398585297
3100,train,CNC1CCN(C1)c2ccc(NC(=O)c3ccc(cc3)c4ccccc4)cn2,2.35,2.703324910755274,0.35332491075527406
1291,train,CC[C@H](Nc1ncnc2[nH]cnc12)C3=Nc4cccc(F)c4C(=O)N3c5ccccc5,2.72,3.0002818689221864,0.2802818689221862
2097,train,C[C@H](O)C(=O)N1CCN(Cc2sc3c(nc(nc3c2C)c4cnc(N)nc4)N5CCOCC5)CC1,1.9,2.2120297136295894,0.31202971362958953
2841,train,CCN1CCC[C@H](C1)C(=O)N2CCN(CC2)C(=O)Nc3ccc(Cl)c(Cl)c3,1.6,2.13798690092322,0.5379869009232201
1182,train,CC(C)Oc1cc(n[nH]1)n2cnc3ccc(N[C@@H](CO)c4ccc(F)cn4)nc23,2.79,3.0742032863376503,0.28420328633765024
1238,train,OC[C@H](Nc1ncc(Cl)c(Nc2cc([nH]n2)C3CC3)n1)c4ccc(F)cc4,3.75,4.072991320857087,0.3229913208570867
22,train,COc1ccc(Oc2cccc(CN3CCCC(C3)N4C=C(C)C(=O)NC4=O)c2)cc1,3.17,3.149346754501705,-0.020653245498294837
4062,train,CCS(=O)(=O)c1ccc(cc1)c2cc(Cl)ccc2OCC(=O)O,-0.78,-0.737372781610429,0.042627218389571064
1619,train,COc1ccnc(c1)N(C)c2ccnc(Nc3cc(cc(c3)N4CCOCC4)N5CCOCC5)n2,2.23,2.407260956303652,0.17726095630365224
3795,train,C[C@@H]1CN(CCN1c2ncc(OCc3ccc(cn3)S(=O)(=O)C)cn2)C(=O)OC(C)(C)C,3.0,2.875235103105128,-0.12476489689487202
1486,train,Oc1ccc(cc1)c2nc3ccccc3nc2c4ccc(O)cc4,2.7,2.6545520208900375,-0.04544797910996268
4170,train,Oc1cccc2Oc3ccccc3C(=O)c12,3.8,3.5014452279695116,-0.2985547720304882
3418,train,COc1cc(ccc1Nc2ncc(Cl)c(n2)c3cnc4c(N)cccn34)N5CCN(CC5)C(=O)C,3.4,3.44789074461345,0.04789074461345022
2330,train,Cc1ccc(cc1)N2NC(=O)c3cccnc23,2.1,2.07645207352518,-0.02354792647482018
9,train,Oc1ncnc2scc(c3ccsc3)c12,2.25,2.3252403346490427,0.07524033464904267
2473,train,O[C@@H](CNCCc1ccc(CNCCc2c(Cl)cccc2Cl)cc1)c3ccc(O)c4NC(=O)Sc34,2.3,2.5625321128663403,0.2625321128663405
3586,train,CN(c1ccnc(Nc2cc(cc(c2)C(=O)N3CCOCC3)N4CCOCC4)n1)c5cc(CO)ccc5C,2.2,2.564313203751489,0.3643132037514887
3281,train,Cn1cnc(c2ccccc2)c1c3nc4c(N)ncnc4s3,2.69,2.944906022389711,0.25490602238971105
755,train,NC1C2CN(CC12)c3nc4N(C=C(C(=O)O)C(=O)c4cc3F)c5ccc(F)cc5F,0.3,0.8196339648690594,0.5196339648690593
1086,train,CC(=O)Nc1cccc(Nc2ncnc(n2)N3CCC(CC3)OCc4ccc(OC(F)(F)F)cc4)c1C,4.4,4.450341533178139,0.0503415331781385
1709,train,CC1(COc2ccc3c(c2)ncn3c4ccc5cccc(N6CCC(N)CC6)c5n4)COC1,1.99,2.2780374495749713,0.28803744957497135
545,train,O=C(Nc1cccc2cccnc12)c3ccc(cc3)N4C(=O)[C@@H]5[C@H]6C[C@H](C=C6)[C@@H]5C4=O,3.28,3.4915999903447275,0.21159999034472765
2610,train,CN(C1CCN(Cc2ccc(cc2)c3noc(C)n3)CC1)C(=O)Cc4ccc(cc4)n5cnnn5,2.1,2.1949537560181582,0.09495375601815814
1341,train,Fc1ccc(cc1)c2cn3ccccc3n2,3.1,3.2770389109701323,0.17703891097013225
610,train,COc1ccc(C=NN=Cc2ccc(OC)c(OC)c2)cc1OC,3.38,3.786001863231528,0.4060018632315283
3106,train,COc1c(C)c2COC(=O)c2c(O)c1C\C=C(/C)\CCC(=O)OCCN3CCOCC3,2.26,1.9600801815757303,-0.2999198184242695
1135,train,Brc1ccc(cc1)S(=O)(=O)NCC(N2CCCCCC2)c3ccccc3,3.21,3.1616572058481758,-0.04834279415182419
2568,train,c1ccc2ncccc2c1,2.09,1.7679551788663335,-0.3220448211336664
1215,train,CC(C)C(NC(=O)CN1C(=O)C(=CC=C1c2ccccc2)NC=O)C(=O)C(F)(F)F,1.84,1.635986061684255,-0.2040139383157451
2044,train,C[C@@H](NC(=O)C)c1ccc(Nc2ncc3cc(ccc3n2)c4ccncc4)cc1,3.18,3.161819741056011,-0.018180258943989003
1761,train,CCc1cccc2c3CCOC(CC)(CC(=O)O)c3[nH]c12,0.49,0.5290558628904334,0.03905586289043339
3421,train,CNC(=O)c1ccc(Nc2ncc(F)c(n2)c3cnc(C)n3C(C)C)cc1,3.0,3.048218548402094,0.04821854840209383
2023,train,CCNC(=O)c1cc2c(c(cnc2[nH]1)c3cncc(c3)C(=O)N)n4ccc(n4)C(F)(F)F,1.81,1.912087757146872,0.1020877571468719
2922,train,COc1ccc(cc1CO)c2ccc3c(nc(nc3n2)N4C[C@@H](C)O[C@@H](C)C4)N5CCOCC5,3.25,3.4370324094209668,0.18703240942096677
2021,train,CNc1nc(C)c(s1)c2nc(Nc3cccc(c3)N4CCCNCC4)ncc2C#N,1.64,2.10733715669552,0.46733715669552
1313,train,Clc1ccc2C(=O)C3=C(Nc2c1)C(=O)NN(Cc4cccs4)C3=O,1.52,1.3536013103671514,-0.16639868963284865
2623,train,CC(C)(C)Cn1c(CN2C(=O)CC3(CCNCC3)C2=O)cc4cnc(nc14)C#N,0.75,0.870975713571833,0.12097571357183301
4155,train,CN(C)C(=O)[C@H](Cc1ccccc1)NC(=O)c2cc3ccccc3[nH]2,3.4,3.4078608101171914,0.00786081011719153
2420,train,OC1=C(CC2=C(O)c3ccccc3OC2=O)C(=O)Oc4ccccc14,1.22,1.1109227968712712,-0.10907720312872882
1602,train,CCS(=O)(=O)c1cccc(c1)c2cc(ccc2OCC(=O)O)C(F)(F)F,-0.66,-0.5648341390708489,0.09516586092915114
2418,train,CN1CC(c2ccc(Cl)cc2)c3ccccc3C1,3.64,3.592508470244778,-0.047491529755222306
2416,train,Cc1ccc(C[C@H](N2CCC(CN3CCC(CC3)Oc4ccc(Cl)c(Cl)c4)CC2)C(=O)O)cc1,3.01,3.094120428792096,0.08412042879209602
1076,train,OC(=O)c1ccccc1C(=O)N2CCC(CC2)N3CCC(CC3)Oc4ccc(Cl)c(Cl)c4,1.73,1.9090389205614635,0.17903892056146353
2964,train,CN1SC(=O)c2cc(ccc12)S(=O)(=O)N,0.3,0.5305477452207152,0.23054774522071525
2263,train,COc1ccc2OCC(=O)N(CCN3CCC(CC3)NCc4ccc5OCC(=O)Nc5n4)c2c1,0.87,0.9730299654641283,0.10302996546412835
100,train,CC1=CN([C@H]2CCCN(C2)S(=O)(=O)c3ccc(O)c(Oc4ccccc4)c3)C(=O)NC1=O,1.49,1.3903652126532964,-0.09963478734670361
1072,train,CNc1nc(C)c(s1)c2nc(Nc3cccc(c3)N4CCCN(CC4)C(=O)C)ncc2C#N,3.2,3.595700898877678,0.3957008988776778
2016,train,CCCNCc1cnc(s1)c2ccc(cc2)C(=O)Nc3ccccc3N,1.75,2.024709038914761,0.27470903891476084
3850,train,Clc1ccc(NC(=O)N2CCN(C[C@@H]3CCCN(CC4CC4)C3)CC2)cc1Cl,2.54,2.6637892698303527,0.12378926983035266
3476,train,NC1(CCN(CC1)c2ncnc3[nH]ccc23)C(=O)NC(c4ccccc4)c5ccc(Cl)cc5,4.1,4.131913948804312,0.03191394880431275
893,train,CC(C)CN1C(=O)N(C)C(=O)c2c1sc(Cc3c[nH]c4ncccc34)c2C(=O)N5C[C@H](O)CO5,2.04,1.969095896763017,-0.07090410323698304
4157,train,Cc1ccc(Oc2ccc(Nc3ncnc4[nH]nc(OCCN5CCC(O)CC5)c34)cc2Cl)cn1,3.4,3.6422970244036383,0.24229702440363843
3482,train,COc1cc2c(ncnc2cc1OCCCN3CCCCC3)N4CCN(CC4)C(=O)Nc5ccc(OC(C)C)cc5,2.6,2.9499221278674637,0.3499221278674636
2721,train,CN1CCC(CC1)(C#N)c2cccc3ccccc23,2.73,3.0465298596502253,0.3165298596502253
1734,train,Fc1cccc(c1F)c2cncc(CNCC3CC3)n2,1.82,1.759423960310588,-0.060576039689412164
445,train,CC(C)C[C@H](CO)Nc1nc(SCc2ccccc2F)nc3nc(N)sc13,4.5,4.494574101789448,-0.005425898210551949
1696,train,FC(F)(F)c1ccc(cc1)S(=O)(=O)NCC(N2CCCCCC2)c3ccccc3,4.29,4.316109575960642,0.026109575960641784
1710,train,OC1(CCN(CCCC(=O)c2ccc(F)cc2)CC1)c3ccc(Cl)cc3,2.67,2.5097531422501547,-0.16024685774984526
3692,train,Oc1ccc(cc1)c2sc3cc(O)ccc3c2C(=O)c4ccc(OCCN5CCCCC5)cc4,4.13,4.286901391774676,0.1569013917746762
1991,train,CS(=O)(=O)N1CCOc2cc(COc3ccccc3)cnc12,2.4,2.372789754836216,-0.02721024516378412
2295,train,C[C@H](CO)Nc1nc(SCc2cccc(F)c2F)nc3nc(N)cnc13,2.89,2.9403022560090597,0.050302256009059576
2449,train,CCc1nc2ccc(cn2c1N(C)Cc3cccs3)C(=O)NCc4ccc5OCOc5c4,4.1,4.15612779045628,0.056127790456280025
874,train,CC1=CN([C@H]2CCCN(Cc3ccc(C(=O)O)c(Oc4cccc(F)c4)c3)C2)C(=O)NC1=O,-1.03,-0.8718128243831531,0.15818717561684692
1035,train,CCOc1ccc(cc1)N2C(=O)c3cccnc3N=C2[C@@H](C)N(CC4CCN(C)CC4)C(=O)Cc5ccc(F)c(c5)C(F)(F)F,1.4,1.7784807796164426,0.37848077961644266
1581,train,Cc1ccc(C)c(OCCCC(C)(C)C(=O)O)c1,0.72,0.573456027859288,-0.14654397214071202
3661,train,COc1ccc(C)c(NC(=O)CC23CC4CC(CC(C4)C2)C3)c1,3.96,4.033994294714535,0.07399429471453534
2148,train,C[S+]([O-])CCN1C(=O)C(Cc2ccccc12)NC(=O)c3cc4cc(Cl)sc4[nH]3,3.17,3.2656832816675547,0.0956832816675548
32,train,CC(=O)[C@H]1CC[C@H]2[C@@H]3CCC4=CC(=O)CC[C@]4(C)[C@H]3CC[C@]12C,3.94,4.140557669487902,0.20055766948790188
3226,train,C[C@@H](Oc1cccc2ncnc(Nc3ccc(Oc4ccc(C)nc4)c(C)c3)c12)C(=O)N(C)CCO,3.85,4.228165158741062,0.3781651587410617
3572,train,COc1ccc2nc(C)cc(c2c1)n3cc(CNC(=O)C)nn3,1.6,1.444699691481834,-0.15530030851816612
3686,train,[O-][N+](=O)c1cc(C(=O)NCC=C)c2N=C(Nc3ccc(Cl)c(Cl)c3)NC(=O)c2c1,2.7,2.887550904809864,0.1875509048098638
886,train,CN(c1ccc(cc1)c2cc(ccc2OCC(=O)O)C(F)(F)F)S(=O)(=O)C,-0.81,-0.4701434984961623,0.3398565015038377
2350,train,CS(=O)(=O)Nc1cc(Nc2nccc(Nc3c(Cl)ccc4OCOc34)n2)cc(c1)C(=O)N,2.28,2.093378293407329,-0.18662170659267074
3955,train,NC1(CCC1)c2ccc(cc2)C3=Nc4ccccc4C(=O)N3c5ccccc5,1.5,1.8211638410929127,0.32116384109291274
2268,train,COc1ccc(c(OC)c1)c2cncc(CNC3CCCC3)n2,2.14,2.441437562706887,0.3014375627068868
3967,train,CCCC(=O)Nc1ccc(OCC(O)CNC(C)C)c(c1)C(=O)C,-0.27,-0.33906724042509717,-0.06906724042509715
532,train,C[C@H](C1=CNC(=S)N1)c2cccc(C)c2C,2.9,3.0029322484211267,0.1029322484211268
2494,train,CNC(=O)c1ccc(cc1F)N2C(=S)N(C(=O)C23CCC3)c4ccc(C#N)c(c4)C(F)(F)F,3.3,3.264748125805392,-0.03525187419460796
1921,train,COc1cc(Oc2ccnc3ccc(F)cc23)ccc1CC(=O)Nc4noc(C)c4C,4.06,4.033115389916294,-0.02688461008370524
1789,train,CCN(C1CCN(CC[C@H](c2ccc(cc2)S(=O)(=O)C)c3cccc(Cl)c3)CC1)C(=O)Cc4ccc(cc4)S(=O)(=O)C,2.37,2.445183283456317,0.07518328345631708
1928,train,C1CNCC(C1)c2nc3ccccc3s2,1.0,1.2892132191500476,0.2892132191500476
4142,train,CCCSc1c(cnn1c2ccc(cc2)C(=O)O)C(=O)NC3CCCCC3,0.64,0.6621603405567813,0.02216034055678129
3425,train,CSc1ccc(cc1)c2nc(c3ccc(F)cc3)c([nH]2)c4ccncc4,2.97,3.2484161572013557,0.2784161572013555
996,train,Oc1cccc2ccccc12,2.5,2.6402755297875804,0.1402755297875804
3417,train,CC(=O)c1noc(C)c1C(=O)Nc2nccs2,1.94,1.8621589368389013,-0.07784106316109862
3285,train,C[C@@H]1CN(CCN1c2ncc(OCc3ccc(cc3)S(=O)(=O)C)cn2)C(=O)OC(C)(C)C,3.6,3.8932557234296397,0.29325572342963957
920,train,[O-][n+]1cc(ccc1Cl)C(=O)Nc2ccc(F)cc2,1.38,1.4928796676585236,0.11287966765852375
852,train,Cc1nc(C)c(nc1C(=O)N)c2ccc(cc2)C34CCC(CC3)(CC4)C(=O)O,1.3,1.180119197219456,-0.11988080278054403
1889,train,Cc1nnc2CN=C(c3ccccc3Cl)c4cc(Cl)ccc4n12,2.34,2.4966693472279693,0.15666934722796944
1066,train,Cc1onc(C)c1CCC2CCN(CC2)S(=O)(=O)CC3(CCOCC3)N(O)C=O,0.9,1.0547067271847683,0.1547067271847683
2030,train,CN[C@@H](C)C(=O)N[C@H](C(=O)N[C@H]1CCCN(C1)S(=O)(=O)c2ccccc2)C(C)(C)C,0.9,1.1872304740729431,0.2872304740729431
2043,train,COc1ccc(CNC(=O)CSc2nc3cccnc3s2)cc1,2.5,2.540335356280294,0.040335356280293944
2874,train,CC(C)n1c(C)ncc1c2ccnc(Nc3ccc(cc3)N4CCN(CC4)S(=O)(=O)C)n2,2.57,2.7695438367289635,0.1995438367289637
1454,train,O[C@]1(CN2CCC1CC2)C#Cc3ccc(Oc4ccc(cc4)C(=O)NC5CCS(=O)(=O)C5)cc3,1.64,1.8632080408716816,0.22320804087168167
3935,train,O=C1N2C=CC=CC2=Nc3ccccc13,2.1,2.242888338736043,0.1428883387360429
2195,train,CCN1C(=O)N(CC2CC2)c3nn(Cc4ccnc5ccc(Cl)cc45)c(c6cncn6C)c3C1=O,2.87,2.799297106738715,-0.0707028932612852
3129,train,COc1ccc(cc1CO)c2ccc3c(nc(nc3n2)n4ccnc4)N5CCOC[C@@H]5C,2.6,2.8588271449533007,0.2588271449533006
3307,train,CC(C)CNc1nc(nc(N2CCOCC2)c1N)C#N,2.79,2.8432227527711715,0.0532227527711715
2867,train,CCOc1ccc2C=CC(=O)Oc2c1,2.2,1.9734599454027528,-0.22654005459724735
1437,train,COc1cc(Nc2cc(nc(N[C@@H](C)c3ncc(F)cn3)n2)N4CCOCC4)n[nH]1,2.18,2.2974054211347936,0.11740542113479346
2213,train,COc1ccccc1C(=O)Nc2nc3ccccc3s2,3.61,4.10214498923046,0.49214498923046035
3303,train,Cc1ccc(cc1NC(=O)c2ccc(OCc3ccccn3)cc2)c4c[nH]cn4,2.81,2.8178150582047135,0.007815058204713399
2637,train,c1ccc(cc1)c2c[nH]c(n2)c3ccccc3,3.8,3.634159563295344,-0.16584043670465576
2923,train,CC(=O)N1CCN(CCOc2ccc(cc2)C3(O)CCN(CC3)c4ccc5nnc(n5n4)C(F)(F)F)CC1,2.2,2.3345964392676404,0.1345964392676402
3889,train,OC(=O)COc1ccc(Cl)cc1CN2CCC(CC2)S(=O)(=O)c3ccccc3,0.48,0.416581788276972,-0.06341821172302797
3627,train,CCOc1ccc(cc1)c2cnc3CCCn23,2.65,2.930954240192231,0.2809542401922309
2878,train,CC(C)OC(=O)N1CCC(CC1)Oc2ncnc3c2cnn3c4ccc(cc4F)S(=O)(=O)C,3.0,3.3786790162118576,0.3786790162118576
740,train,CC[C@H](N1CCC[C@@H](C1)N2C=C(C)C(=O)NC2=O)c3ccc(C(=O)O)c(Oc4cccc(Cl)c4)c3,0.22,-0.029697378781151862,-0.24969737878115186
1210,train,Nc1ccc2[nH]c(Cc3ccc(Oc4ccccc4)cc3)nc2c1,3.8,3.793724165459311,-0.006275834540689029
3256,train,C[C@@](CCc1ccc(cc1)c2ccc(Cl)cc2)(C(=O)NO)S(=O)(=O)C,2.4,2.8203008057337957,0.4203008057337958
2868,train,COc1cc2c(Nc3cnc(NC(=O)c4ccccc4)nc3)ncnc2cc1OCCCN5CCOCC5,2.7,2.9803666063233476,0.2803666063233474
2789,train,CN(C1CCN(CCC(c2ccccc2)c3ccccc3)CC1)C(=O)NCc4ccccc4,3.4,3.5397208233719466,0.1397208233719467
3767,train,OC1=NC(=O)C(N1)(c2ccccc2)c3ccccc3,2.41,2.572668005088766,0.1626680050887659
761,train,Oc1ccc(cc1)c2nc3ccc(O)cc3s2,3.65,3.4881407668199627,-0.16185923318003725
2492,train,NS(=O)(=O)c1cc2c(NC(NS2(=O)=O)C3CC4CC3C=C4)cc1Cl,2.12,2.2025081003777016,0.08250810037770151
2557,train,C[C@@H](Oc1nc(Nc2cc(C)[nH]n2)c(C)nc1C#N)c3ccc(F)cn3,2.72,2.8639009475377497,0.1439009475377495
1198,train,CC(C(=O)O)c1ccc(c(F)c1)c2ccccc2,0.85,1.1283429126629947,0.2783429126629947
1663,train,OC[C@@H](NC(=O)C(Cl)Cl)[C@H](O)c1ccc(cc1)[N+](=O)[O-],1.15,1.0747091861628997,-0.07529081383710023
2729,train,Nc1nc(OC2CCCC2)nc3c1ncn3[C@@H]4O[C@H](CO)[C@H](Cl)[C@H]4O,2.16,2.1603858865912575,0.00038588659125737834
4075,train,CCOc1ccc(cc1)c2cnc3CCCCCn23,3.01,3.364951009133706,0.35495100913370603
1851,train,Nc1nc2nc(cc(n2n1)C(F)(F)F)c3cccs3,2.01,2.08780416002296,0.0778041600229602
1156,train,CN(CCO)C(=O)c1ccc(cc1)[C@@H](N2CCN(Cc3ccc(F)cc3)CC2)c4cccc(NC(=O)C5CC5)c4,3.38,3.698897741468114,0.3188977414681142
2291,train,CCCS(=O)(=O)N1N=Cc2cc(Cl)ccc2B1O,-0.4,-0.28372515899140227,0.11627484100859775
2946,train,Clc1ccc(cc1)c2oc(cc2)C(=O)Nc3ccc(cc3)N4CCNCC4,2.4,2.5538329364423555,0.15383293644235563
1699,train,CCN(C1CCN(CCC(c2ccccc2)c3ccccc3)CC1)C(=O)Cc4ccc(cc4)C#N,3.9,4.157844243229415,0.25784424322941524
2654,train,CC(C)n1c2ccccc2c3c(C)c(NC(=O)N4CCOCC4)ccc13,3.5,3.3157628519347497,-0.18423714806525027
1361,train,Cc1c(Sc2ccc(Cl)cc2)c3cc(Cl)ccc3n1Cc4nnn[nH]4,3.25,3.235897692601797,-0.014102307398203173
2809,train,CN(Cc1ccc(Cl)cc1)C(=O)C2(N)CCN(CC2)c3ncnc4[nH]ccc34,2.8,3.034702965007492,0.2347029650074921
693,train,Oc1cc(O)c2C(=O)C(=COc2c1)c3ccc(cc3)[N+](=O)[O-],3.24,3.162308431211598,-0.07769156878840233
3224,train,COc1cc(F)ccc1c2cncc(CNC3CCCC3)c2,2.29,2.4738864372033462,0.1838864372033462
2847,train,CCCCC1=NC2(CCCC2)C(=O)N1Cc3ccc(cc3)c4ccccc4c5nn[nH]n5,1.29,1.3066111381851848,0.01661113818518478
1686,train,Clc1ccc(OC2CCN(CC2)C3CCN(CC3)C(=O)c4ccc(cc4)C5=NOC(=O)N5)cc1Cl,2.24,2.4360838423923963,0.19608384239239607
2995,train,CC1=C(C(=O)Oc2cc(O)ccc12)c3ccc(O)cc3,2.8,2.767850231431662,-0.032149768568337844
148,train,O[C@@H](CNCCc1ccccc1CNCCc2ccccc2F)c3ccc(O)c4NC(=O)Sc34,1.58,1.3975992585383246,-0.1824007414616755
2475,train,Clc1ccc(cc1)C2CCN(CC2)C(=O)COCc3ccncc3,2.74,2.831504817451484,0.09150481745148387
3922,train,c1ccc(nc1)c2n[nH]cc2c3ccnc4ccccc34,2.57,2.481971370807863,-0.08802862919213705
1754,train,CCC(CC)NC(=O)c1cnn(c1NS(=O)(=O)c2ccc(C)cc2)c3ccccn3,0.27,0.47488608833389234,0.20488608833389232
645,train,CCc1ccc(CCOc2ccc(CC3SC(=O)NC3=O)cc2)nc1,2.8,2.7439071612891897,-0.05609283871081017
2354,train,NC1(CCC1)c2ccc(cc2)c3ncc4cnccc4c3c5ccccc5,2.2,2.4540555512003897,0.2540555512003895
803,train,O=C(N[C@H]1CN2CCC1CC2)c3ccc(s3)c4ccccn4,0.7,0.8158077356881683,0.11580773568816838
404,train,CC(C)N1CCN(Cc2cnc(c(Cl)c2)c3ccc(cc3)C(=O)Nc4ccccc4N)CC1,1.68,1.79227552156863,0.11227552156862997
1097,train,COc1ccc2cc(ccc2c1)C(C)C(=O)O,0.23,0.18096025272840288,-0.04903974727159713
2409,train,COc1cc(OC)c(cc1NC(=O)Cc2ccnc(F)c2)S(=O)(=O)N3C(C)CCc4ccccc34,2.49,2.524486872077857,0.034486872077856834
2220,train,CCc1ccc(CCNCCCSCCNC[C@H](O)c2ccc(O)c3NC(=O)Sc23)cc1,0.86,1.1033355550386115,0.24333555503861148
824,train,Cc1cc(O[C@H]2C[C@H]3CC[C@@H](C2)N3Cc4ccccc4)cc(c1)C(=O)N,2.08,1.9976486620615153,-0.08235133793848481
4126,train,O=C(CN1CCOCC1)Nc2ccc(cc2OCC3CC3)c4cccc5C(=O)C=C(Oc45)N6CCOCC6,3.3,3.5016361056157237,0.20163610561572387
71,train,COCCNCc1ccc(CCNC[C@H](O)c2ccc(O)c3NC(=O)Sc23)cc1,-0.54,-0.3601829354330506,0.17981706456694946
2193,train,C[C@H](Nc1nc(Nc2cc(C)[nH]n2)cnc1C#N)c3ccc(F)cn3,2.51,2.6542998671812628,0.14429986718126298
3672,train,CC(C)Oc1ccc(cc1C(=O)N2CCN(CC2)c3ccc(cc3)C(F)(F)F)S(=O)(=O)C,3.33,3.4492474219443316,0.11924742194433158
2304,train,CCOc1cc2nnc(C(=O)N)c(Nc3cc(C)ccc3F)c2cc1N4CCN(C)CC4,3.02,3.216717670451569,0.19671767045156896
3147,train,Oc1ccc(cc1)N2C(=O)c3ccc(O)cc3C2=O,1.8,1.9048047627139324,0.10480476271393235
1621,train,Oc1oc(c2ccccc2)c(n1)c3ccccc3,3.42,2.9451563323939483,-0.4748436676060517
1866,train,CS(=O)(=O)C1(CCOCC1)c2cc(nc(n2)c3cccc4[nH]ccc34)N5CCOCC5,2.4,2.442723564697173,0.04272356469717309
2288,train,COC(=O)c1ccc(CN2NC(=O)C3=C(C2=O)C(=O)c4ccc(Cl)cc4N3)cc1,1.17,1.1567559902294922,-0.01324400977050777
1525,train,Cc1cc(C)c(C(=O)N[C@@H](Cc2ccc(OCCCNc3ccccn3)cc2)C(=O)O)c(C)c1,0.49,0.5580413564891515,0.06804135648915155
3873,train,FC(F)(F)Oc1ccc2OCC(=O)N(CCN3CCC(CC3)NCc4ccc5OCC(=O)Nc5n4)c2c1,1.82,2.113761093267296,0.2937610932672958
3623,train,Cc1ccc(cc1)S(=O)(=O)Nc2ccc(\C=C\C(=O)Nc3ccccc3N)cc2,2.82,2.601180208887444,-0.21881979111255578
3077,train,CC1=NS(=O)(=O)c2cc(Cl)ccc2N1,1.05,1.191057570879499,0.141057570879499
3632,train,CCN(C1CCN(CCC(c2ccccc2)c3ccccc3)CC1)C(=O)Cc4ccc(cc4)S(=O)(=O)N(C)C,3.7,3.969333769038747,0.26933376903874695
3449,train,CC(C)CN1C(=O)N(C)C(=O)c2c1sc(Cc3ccccc3C(F)(F)F)c2C(=O)N4CC=CC4,3.53,3.726342042677946,0.19634204267794608
2238,train,C[C@@H](Oc1cccc2ncnc(Nc3ccc4c(cnn4Cc5cscn5)c3)c12)C(=O)N6CCOCC6,2.81,2.724831796484754,-0.0851682035152459
1847,train,Cc1cc(NC(=O)c2ccccc2)n[nH]1,1.75,1.7753392878402685,0.02533928784026851
1882,train,Oc1ccc2C(=O)C(=COc2c1)c3ccc(O)c(O)c3,1.88,1.896797517757467,0.016797517757467073
2327,train,Oc1ccc(cc1)c2oc3c(cc(O)cc3n2)C#N,3.6,3.2896220859838428,-0.31037791401615733
3982,train,Cc1sc(N)nc1c2ccccc2,2.75,2.719399845256172,-0.030600154743828156
273,train,NS(=O)(=O)c1nc2ccccc2s1,1.35,1.5689290816206993,0.21892908162069924
2745,train,COc1ccc2C(=CC(=O)N(CCN3CCC(CC3)NCc4cc5OCCOc5cn4)c2c1)C,1.72,1.9313904760265024,0.2113904760265024
2080,train,Oc1nnc(Cc2cccc(c2)C(=O)N3CCOCC3)c4ccccc14,1.0,0.8003284262060191,-0.19967157379398093
3447,train,CN1CCC(COc2cc(OC3CCOCC3)c4c(Nc5c(Cl)ccc6OCOc56)ncnc4c2)CC1,2.59,2.7698791378972625,0.17987913789726262
4101,train,CC(C)S(=O)(=O)NCC(C)c1ccc(cc1)c2ccc(cc2)C#N,3.5,3.4560397740639393,-0.04396022593606075
1609,train,CCOC(=O)c1ccc(OCCC2CN(C2)c3ccc(C)nn3)cc1,3.22,3.5011028050405493,0.2811028050405491
915,train,CC(=O)Nc1ccc2cnn(c3cc(NC4CC4)n5ncc(C#N)c5n3)c2c1,3.44,3.425972495865741,-0.014027504134258795
6,train,COc1cc(OC)c(cc1NC(=O)CCC(=O)O)S(=O)(=O)NCc2ccccc2N3CCCCC3,-0.72,-0.747264581812547,-0.027264581812546984
954,train,COc1cc2nnc(C(=O)N)c(Nc3cccc(Cl)c3F)c2cc1N4CCN(C)CC4,2.35,2.192723668851578,-0.157276331148422
4192,train,COc1cc(F)ccc1c2cncc(CNC3CCCCC3)c2,2.6,2.9029825671825993,0.3029825671825992
3247,train,COc1cc(N2CCN(C)CC2)c3NC(=CC(=O)c3c1)C(=O)Nc4ccc(cc4)N5CCOCC5,2.7,2.7758229882679597,0.07582298826795952
2561,train,COc1ccccc1CN(C(=O)C)c2cnccc2Oc3ccccc3,3.0,2.8419565977179637,-0.15804340228203628
646,train,CC[C@H](NC(=O)c1c(N)c(nc2ccccc12)c3cccc(F)c3)c4ccccc4,4.05,4.027652095710579,-0.022347904289421017
413,train,COc1ccc(CCN(C)CCCC(C#N)(C(C)C)c2ccc(OC)c(OC)c2)cc1OC,2.61,2.530558227270181,-0.0794417727298189
220,train,Nc1ccccc1NC(=O)c2ccc(cc2)C3CCN(Cc4ccc(cc4)C(=O)NC5CC5)CC3,2.31,2.206068329990254,-0.10393167000974612
607,train,Cc1ccc2c(c1)c(c(C)n2CC(=O)O)c3ccnc4c(Cl)cccc34,1.27,1.3906827636465402,0.12068276364654018
2850,train,O=C1NN=C(Cc2ccccc2)c3ccccc13,2.8,2.689498464315259,-0.11050153568474075
2834,train,Oc1ccccc1NC(=O)c2cc(ccc2Cl)[N+](=O)[O-],2.49,2.473390227625333,-0.01660977237466721
3978,train,CN1CCC(=C2c3ccccc3C=Cc4ccccc24)CC1,3.06,2.844247852493898,-0.21575214750610217
435,train,[O-]c1c2c(nn1c3ccc(Cl)cc3)c4ccccc4c[n+]2Cc5ccccc5,4.5,4.211838902005985,-0.28816109799401524
2050,train,COc1cnc(nc1N(C)c2ccccc2)c3ccccn3,2.79,2.6909923349543554,-0.09900766504564462
670,train,FC(F)(F)c1nnc2ccc(nn12)N3CCN(Cc4ccc(cc4)C#N)CC3,2.9,2.8986674309397054,-0.0013325690602945528
3117,train,Cc1cc(F)ccc1OC2CCN(CC3CCN(CC3)[C@@H](Cc4ccc(F)cc4)C(=O)O)CC2,1.81,1.7346048051532845,-0.07539519484671553
3924,train,CCC[C@H](N1CCC[C@@H](C1)N2C=C(C)C(=O)NC2=O)c3ccc(C(=O)O)c(Oc4cccc(Cl)c4)c3,0.5,0.4767173569033105,-0.02328264309668948
953,train,NC(=O)NC(=O)C(Nc1ccc2CCCc2c1)c3ccccc3,3.3,2.9463399184047416,-0.3536600815952582
3352,train,Cc1c(Oc2ccc(Cl)cc2)c3c(NS(=O)(=O)C)cccc3n1CC(=O)O,-0.98,-1.0824920019300457,-0.1024920019300457
1832,train,CC(C)C(NC(=O)CN1C(=O)C(=CC=C1c2ccccc2)NS(=O)(=O)c3ccccc3)C(=O)C(F)(F)F,2.26,2.1615285495915373,-0.0984714504084625
3659,train,COc1cc2ncc(C(=O)N)c(Nc3ccccc3C)c2cc1OC,3.4,3.1972525609683804,-0.20274743903161951
29,train,CNC1=Nc2ncccc2C(=NC1c3cccs3)c4occn4,1.14,1.629953749646838,0.489953749646838
1318,train,CS(=O)(=O)Cc1cc(nc(n1)c2cccc3[nH]ccc23)N4CCOCC4,1.7,2.0495085369281005,0.3495085369281006
3763,train,Nc1ncnc2c1ncn2[C@@H]3O[C@H](CSCCCNC(=O)Nc4ccc(Cl)cc4)[C@@H](O)[C@H]3O,2.5,2.8348346924500847,0.3348346924500847
2121,train,Clc1ccc2C(=O)C3=C(Nc2c1)C(=O)NN(Cc4ccncc4)C3=O,-0.16,0.0045788961203041545,0.16457889612030416
1924,train,CC1=C(CCC(=O)O)C(=O)Oc2cc(O)ccc12,-0.7,-0.932002908822084,-0.23200290882208408
800,train,COc1cccc(c1)c2cc(O)c3cc(NC(=O)C)ccc3n2,2.41,2.3372854281086557,-0.07271457189134445
1893,train,COC(=O)c1ccc(CC(=O)N(C)C2CCN(CCC(c3ccccc3)c4ccccc4)CC2)cc1,4.0,3.9671039710807223,-0.032896028919277676
2011,train,CSc1ccc(OCc2ccccc2)c(\C=C\c3ccc(cn3)C(=O)O)c1,2.45,2.2619867543660783,-0.18801324563392185
3697,train,CCOC(=O)Cc1csc(NS(=O)(=O)c2ccc(Cl)cc2)n1,1.32,1.2016813579339853,-0.11831864206601472
1132,train,CCCSc1nc(ccc1C(=O)NC2CCCCC2)N3CCCC(C3)C(=O)O,1.72,1.7342706246681356,0.014270624668135667
1938,train,OCCN1CCN(CCCN2c3ccccc3Sc4ccc(cc24)C(F)(F)F)CC1,3.8,3.8195517908474357,0.019551790847435857
3184,train,CN(C)CC(O)COc1ccc(Nc2nccc(Nc3cccc(Cl)c3)n2)cc1,2.5,2.784504450667959,0.28450445066795904
2289,train,CCN(CC)c1ncnc2c1ncn2Cc3c(Cl)cccc3Cl,1.25,1.486979740837097,0.23697974083709705
1253,train,OCC[C@]1(CCCNC1)c2ccc(Cl)c(Cl)c2,0.62,0.7993166300768166,0.17931663007681664
2505,train,CCCCC(CC)CNC(=O)c1cc(ccc1Cl)N2N=CC(=O)NC2=O,2.41,2.566452045619008,0.15645204561900794
2231,train,O=C(Nc1cccc2cccnc12)[C@@H]3CC[C@H](CC3)N4C(=O)[C@@H]5[C@@H]6CC[C@@H](C6)[C@@H]5C4=O,3.94,4.038797470393767,0.0987974703937673
472,train,O=C(NC1CCCC1)C(N(Cc2occc2)C(=O)c3ccc([nH]3)c4ccccc4)c5ccncc5,4.36,4.47673109078837,0.11673109078836941
4060,train,CN(C)CCCOc1nccc(Nc2cc(NC(=O)c3ccnc(c3)N4CCOCC4)ccc2C)n1,1.3,1.4802231782761543,0.1802231782761543
1552,train,NC(=N)N1CCc2ccccc2C1,-1.01,-1.0291954926049254,-0.019195492604925368
2428,train,Cc1ccc(cc1c2cc(ccc2OCC(=O)O)C(F)(F)F)C#N,0.15,0.1241916500978264,-0.025808349902173594
3294,train,CCCN(CCCOCCOCCc1ccccc1)CCc2ccc(O)c3nc(O)sc23,2.74,2.906269350106524,0.166269350106524
950,train,COc1ccc(cn1)c2ccc3nc(N)sc3c2,3.2,3.160776493496467,-0.03922350650353312
1162,train,CC(O)(C(=O)Nc1ccc(cc1)S(=O)(=O)c2ccc(O)cc2)C(F)(F)F,2.78,2.9237592374621095,0.14375923746210972
514,train,COc1ccc(cc1F)c2cc(nn2c3ccc(cc3)S(=O)(=O)N)C(F)F,2.8,2.783945265927123,-0.01605473407287672
350,train,CCC(CC)NC(=O)c1cnn(c1NS(=O)(=O)c2ccc(C)cc2)c3ccccc3Cl,0.65,1.005650882899664,0.35565088289966396
872,train,C[C@@H]1CN(C[C@H](C)O1)c2nc(N3CCOC[C@@H]3C)c4ccc(nc4n2)c5ccccc5,3.75,3.930936127626158,0.18093612762615807
1801,train,Cn1cc(nc1c2c3C(=O)N(CC=C)C(=O)N(CC4CC4)c3nn2Cc5ccnc6ccc(Cl)cc56)C#N,3.92,3.8909238348517463,-0.02907616514825362
2415,train,C[C@H]1COCCN1c2cc(nc(n2)c3cccc4[nH]ccc34)C5(CC5)S(=O)(=O)C,2.8,2.8546394050788257,0.05463940507882592
2314,train,CCCC(=O)Nc1ccc2c3ccccc3C(=O)C(=O)c2c1,2.81,3.090606834059016,0.28060683405901576
2026,train,CC(Cc1ccccc1)N(C)CC#C,2.16,2.370096970132918,0.21009697013291806
2767,train,Oc1nc2ccccc2nc1NCc3ccccc3,3.3,3.472986816962039,0.1729868169620392
1160,train,CN(C)CCCN(C)S(=O)(=O)c1ccc(Nc2nccc(n2)c3cnc4ccccn34)cc1,2.16,2.2954381883935184,0.1354381883935183
1214,train,Fc1ccc(cc1)C(NC(=O)CC2CCN(Cc3ccn(c3)c4ccc(cc4)C(F)(F)F)CC2)C5=CNC(=O)C(=C5)Cl,3.12,2.9614254704394396,-0.1585745295605605
3290,train,OC(=O)CCn1c2ccccc2c3ccccc13,0.6,0.6674307326564011,0.0674307326564011
1628,train,FC(F)(F)c1csc(n1)N2CCN(CC2)C(=O)[C@@H]3CCCC[C@H]3C(=O)NC4(CC4)C#N,2.4,2.7706948867773344,0.37069488677733453
2908,train,Cc1ccc2c(c1)c(c(C)n2CC(=O)O)c3ccnc4cc(ccc34)C(F)(F)F,1.78,1.4487295234853517,-0.33127047651464836
1,train,COc1cc(OC)c(cc1NC(=O)CSCC(=O)O)S(=O)(=O)N2C(C)CCc3ccccc23,-1.18,-0.8444337397024442,0.33556626029755576
1647,train,[O-][S+](CCC1C(=O)N(N(C1=O)c2ccccc2)c3ccccc3)c4ccccc4,-0.51,-0.597671167599009,-0.08767116759900895
3513,train,CN1CCN(CC1)c2ccc3N=CN(C(=O)c3c2)c4cc(ccc4C)C(=O)Nc5nccs5,2.56,2.5163103678146554,-0.04368963218534461
209,train,Cc1ccc(cc1)c2cccc(c2)c3nn[nH]n3,1.3,1.7482169842052122,0.44821698420521217
1383,train,C[C@@H](C[C@@](C)(CS(=O)(=O)N1CCN(CCc2ccc(Cl)cc2Cl)CC1)N(O)C=O)c3ncc(F)cn3,3.27,3.1470460281455988,-0.12295397185440127
2523,train,CN1N=Nc2c(ncn2C1=O)C(=O)N,-1.08,-1.1982358684648338,-0.1182358684648337
3170,train,CC(N)Cc1c[nH]c2ccc(OCc3cccs3)cc12,0.48,0.4070370383406945,-0.07296296165930549
1043,train,CNCCCN1c2ccccc2CCc3ccccc13,1.24,1.7056388692830893,0.4656388692830893
2805,train,COc1ccc(N(C(C(=O)NC[C@@H](C)O)c2ccccc2F)C(=O)c3ccccc3)c(OC)c1,2.55,2.3323565551612644,-0.21764344483873543
3754,train,Oc1c(C#N)c(nc2ccncc12)c3ccc(cc3)c4ccccc4CN5CCOCC5,2.0,1.83097849491302,-0.1690215050869801
3597,train,OC(=O)c1ccc(cc1)n2ncc(C(=O)NC3C4CC5CC(CC3C5)C4)c2C6CCC6,1.33,1.4579916443613852,0.1279916443613851
440,train,O[C@@H](CNCCc1cccc(CN2CCCC2)c1)c3ccc(O)c4NC(=O)Sc34,-0.28,-0.28894508419819775,-0.008945084198197728
1228,train,OC(=O)Cc1csc(n1)c2ccc(Cl)cc2,-0.22,-0.2844759443998375,-0.06447594439983748
2947,train,Nc1cc(nc(N)[n+]1[O-])N2CCCCC2,0.77,0.9336464843901362,0.16364648439013618
1054,train,C[C@@H]1CN(CCN1c2ncc(OCc3ccncc3C#N)cn2)c4noc(C)n4,2.6,2.923039903484016,0.3230399034840161
3853,train,COc1cncc(NC(=O)c2cc(NC(=O)c3cccc(c3)C(C)(C)C#N)ccc2C)c1,3.04,3.1684972773793367,0.1284972773793367
4166,train,NC1(CCN(CC1)c2ncnc3[nH]ccc23)C(=O)NC(CO)c4ccc(Cl)cc4,2.4,2.4907408610617496,0.09074086106174972
1053,train,COc1cc2nc(nc(N)c2cc1OC)N3CCN(CC3)C(=O)C4CCCO4,0.9,1.3904399730647294,0.4904399730647294
3354,train,CCC(N(CCCN)C(=O)c1ccc(C)cc1)C2=Nc3ccsc3C(=O)N2Cc4ccccc4,1.81,1.9221226432815102,0.11212264328151011
1157,train,CCN(C1CCN(CC[C@H](C2CCN(CC2)S(=O)(=O)C)c3cccc(c3)C(F)(F)F)CC1)C(=O)Cc4ccc(cc4)S(=O)(=O)C,1.9,2.167060386224757,0.2670603862247569
3655,train,Fc1ccccc1NC(=O)NC2N=C(c3ccccc3)c4ccccc4NC2=O,3.8,3.745348684299531,-0.05465131570046866
105,train,O[C@@H](CNC1CCN(Cc2ccc(Cl)c(Cl)c2)CC1)COc3cccc(c3)C#N,3.09,2.9056390200611917,-0.18436097993880818
3229,train,COc1cc2nc(nc(N)c2cc1OC)N3CCN(CC3)C(=O)c4occc4,1.9,2.219301573533167,0.319301573533167
3675,train,CCOC(=O)c1cnc2c(N)cccc2c1O,0.9,0.9021941864226797,0.002194186422679656
2563,train,OCCN1C=Cc2c(NC(=O)Cc3ccc(Cl)c(c3)C(F)(F)F)cccc2C1=O,3.36,3.4481837128795307,0.08818371287953086
453,train,CC(=O)Nc1ccc2ccn(c3cc(NC4COC4)n5ncc(C#N)c5n3)c2c1,2.24,2.1448575924101276,-0.09514240758987258
215,train,O=C(NCCSCc1ccccc1)c2ccccc2,3.3,3.399323951994626,0.09932395199462629
231,train,C(C(C1CCCCC1)C2CCCCC2)C3CCCCN3,3.02,3.1968897488362997,0.1768897488362997
1069,train,CC1(C)N=C(N)N=C(N)N1c2ccc(Oc3ccc(Cl)cc3)c(Cl)c2,0.79,0.9199819585897777,0.12998195858977768
2316,train,Clc1ccc(Nc2nnc(Cc3ccncc3)c4ccccc24)cc1,3.7,3.6219057968256267,-0.07809420317437343
2989,train,CN(C)C(=O)N[C@@H]1CC[C@@H](CCN2CCN(CC2)c3ccc(Cl)cc3)CC1,2.81,2.8554153516315344,0.04541535163153432
3681,train,C1CN2CCC1C(C2)c3oc(nn3)c4oc(cc4)c5cccnc5,1.2,1.49942756624713,0.29942756624712996
1023,train,CN1CCC(CC1)(c2cc(nc(n2)c3cccc4[nH]ccc34)N5CCOCC5)S(=O)(=O)C,1.9,2.0570638212154475,0.1570638212154476
293,train,COc1cc2ncn(c3cc(OCc4ccccc4C(F)(F)F)c(s3)C(=O)O)c2cc1OC,0.84,0.5963896878431356,-0.24361031215686435
2218,train,NC(=O)c1cccc(C[C@H]2C[C@H]3CC[C@@H](C2)N3Cc4ccccc4)c1,1.19,1.1814347346334073,-0.008565265366592634
1152,train,O=C1N=C(NCc2ccccc2)SN1Cc3ccccc3,3.01,3.206984067328963,0.19698406732896334
322,train,NC1(CCN(CC1)c2ncnc3[nH]ccc23)C(=O)NC(C4CC4)c5ccc(Cl)cc5,3.4,3.6221864737281253,0.2221864737281254
4198,train,Clc1ccc2ncccc2c1C(=O)NCC3CCCCC3,2.65,2.902731100344142,0.25273110034414215
2685,train,Cc1ccc(CCCOCCS(=O)(=O)CCCNCCc2ccc(O)c3nc(O)sc23)s1,2.41,2.5665735132120524,0.15657351321205226
3227,train,COc1cc(ccc1N)C(=O)NC[C@@H](O)CN2CCC(CC2)Oc3ccc(Cl)c(Cl)c3,3.12,3.35836421199447,0.23836421199446978
713,train,FC(F)(F)c1nnc2ccc(NCc3cccnc3)nn12,2.06,2.170774257882082,0.11077425788208206
600,train,CN(C)c1ccc(cc1)S(=O)(=O)NC(=O)N2CCC(CC2)N3CCC(CC3)Oc4ccc(Cl)c(C)c4Cl,2.0,1.8027096601132622,-0.19729033988673783
2718,train,NC1=CC2=NNC(=O)N2c3cc(ccc13)c4occc4,2.48,2.4269106531469844,-0.053089346853015584
3501,train,COc1cc(Cc2cnc(N)nc2N)cc(OC)c1OC,0.63,0.4785236089327327,-0.1514763910672673
1499,train,CC(=O)NC[C@H]1CN(C(=O)O1)c2ccc(c(F)c2)n3cnc(c3)C#N,1.51,1.7049777023755939,0.19497770237559386
3093,train,COCCN1CCC(Cc2ccc(cc2)C(=O)NCc3cnc(nc3NCC(C)(C)C)C#N)CC1,3.5,3.549398320034908,0.04939832003490796
3771,train,CCN(CC)C(=O)c1ccc(cc1)C(N2CCNCC2)c3cccc4cccnc34,0.7,0.5746620275330836,-0.12533797246691636
1823,train,COc1cc(N2CCCN(C)CC2)c3NC(=CC(=O)c3c1)C(=O)Nc4ccc(cc4)N5CCOCC5,2.1,2.5902116852355563,0.49021168523555625
1808,train,COc1ncc2N=CC(=O)N(CCN3CCC(CC3)NCc4cc5OCCOc5cn4)c2n1,-0.14,-0.08963527336023924,0.05036472663976077
2600,train,CS(=O)(=O)c1ccc(cc1)[C@@H](CC2CCCC2)C(=O)Nc3nccs3,3.86,4.2432391424335645,0.3832391424335646
4120,train,CC(C)c1onc(n1)N2CCN([C@H](C)C2)c3ncc(OCc4ccncc4C#N)cn3,3.3,3.358594711212699,0.05859471121269921
4143,train,Cc1ccc(cc1)c2c[nH]nn2,2.58,2.714300520016756,0.13430052001675596
1103,train,COc1ccc(C(=O)Nc2c(Cl)cncc2Cl)c3cccnc13,2.09,2.0823178014349932,-0.007682198565006626
3621,train,CO[C@@H](C(=O)N1Cc2n[nH]c(NC(=O)c3ccc(cc3)N4CCN(C)CC4)c2C1)c5ccccc5,2.0,2.0211284200990907,0.02112842009909066
2553,train,CCCc1c(O)c(ccc1OCc2ccc(cc2OC)c3nn[nH]n3)C(=O)C,2.8,2.9592332695935473,0.15923326959354744
1358,train,COc1ccc(Nc2nccc(n2)c3cnc(C)n3C(C)C)cc1,3.43,3.677170370366617,0.24717037036661704
2591,train,CC(C)(C)OC(=O)N1CCN(CC1)c2cnc(OCc3ccc(cc3)S(=O)(=O)C)cn2,3.4,3.3078666630633533,-0.0921333369366466
3389,train,CC(=O)N1CCOc2nc(OCc3ccccc3)ccc12,2.4,2.3458591603219667,-0.05414083967803318
1349,train,O=C1C=C(N=C2N(Cc3cccc4ccccc34)C=CN12)N5CCOCC5,3.3,3.383579293663386,0.08357929366338634
3155,train,CC(N)COc1c(C)cccc1C,0.62,0.4657706684973151,-0.15422933150268492
2827,train,Oc1ccc(cc1)C2=CC(=O)c3cc(O)ccc3O2,3.3,3.1192506277501586,-0.18074937224984122
3860,train,COC(=O)c1c(C)[nH]c(C)c1C(=O)c2ccccc2Cl,2.7,2.5258432602001832,-0.17415673979981694
2326,train,CCCSc1nc(NC)ccc1C(=O)N[C@@H]2C3CC4CC2C[C@@](O)(C4)C3,3.27,3.403663381756129,0.1336633817561288
3867,train,Cc1ccc2cc(C)c3nnc(SCC(=O)N4CCN(CC4)C(=O)c5occc5)n3c2c1,2.3,2.429363647807228,0.12936364780722798
969,train,COc1cc(CCc2cc(Nc3ccnc(NCc4ccccn4)n3)n[nH]2)cc(OC)c1,3.5,3.7364368672855806,0.23643686728558055
2552,train,CCN(CCO)CCCOc1cc2ncnc(Nc3cc(CC(=O)Nc4cccc(F)c4)[nH]n3)c2cc1OC,2.12,2.1348171028597385,0.014817102859738362
1852,train,Cc1c(OCC(F)(F)F)ccnc1C[S+]([O-])c2nc3ccccc3[nH]2,2.7,2.4200834513965153,-0.2799165486034849
357,train,C[C@@H](Oc1cccc2ncnc(Nc3ccc(OCc4ccccn4)c(Cl)c3)c12)C(=O)N(C)C,3.67,4.039631547866004,0.36963154786600416
1566,train,CC(C)CC(N1NC(=O)c2nc3cc(Cl)ccc3c(O)c2C1=O)c4ccccn4,1.83,1.9391027282570035,0.1091027282570034
2087,train,CC(N)(COP(=O)(O)O)C(=O)O,2.5,2.8878859529206777,0.38788595292067773
2305,train,O=S(=O)(Nc1ccccc1c2ccccc2)c3ccccc3,3.96,4.014447411512458,0.054447411512458466
2657,train,Cc1ccc2c(N)c(C#N)sc2n1,2.23,2.2211995046744817,-0.008800495325518298
2123,train,CS(=O)(=O)c1cccc(Nc2nccc(Nc3cccc4CCOc34)n2)c1,3.0,3.2165974319948827,0.21659743199488268
1704,train,COC[C@H](N1CCN(C[C@@H]1C)C2(C)CCN(CC2)C(=O)c3c(C)ncnc3C)c4ccc(cc4)C(F)(F)F,2.7,2.5873252392537056,-0.11267476074629457
3739,train,[O-][N+](=O)c1cccc(c1)c2ccc(OCC(CCc3ccncc3)N4C(=O)CCC4=O)cc2,3.88,3.982000525324814,0.10200052532481418
3154,train,Nc1nc2nc(SCc3cccc(F)c3F)nc(O)c2s1,2.5,2.825713343838133,0.325713343838133
2446,train,Cc1nc2ccccn2c1c3ccnc(Nc4cccc(Cl)c4)n3,2.7,3.0687999306049303,0.3687999306049301
98,train,COc1ccc(Cc2c(N)n[nH]c2N)cc1,0.2,0.1977895877446716,-0.00221041225532842
1828,train,CCS(=O)(=O)c1ccc(c(C)c1)c2cc(Cl)ccc2OCC(=O)O,-0.65,-0.5671373960018102,0.08286260399818979
892,train,COCCNC(=O)c1ccc(Nc2ncc3cc(ccc3n2)c4ccnc(C)c4)cc1,3.56,3.7545672069859184,0.19456720698591834
1315,train,O=C(Nc1ccc(nc1)n2ccnc2)c3ccc(cc3)C#N,2.2,2.343849377772057,0.14384937777205664
2081,train,C[C@H](Nc1ncc(Br)c(Nc2cc(C)[nH]n2)n1)c3ncc(F)cn3,2.39,2.670390455095193,0.2803904550951928
830,train,Cc1cc(N)c2cc(NC(=O)CCC(=O)Nc3ccc4nc(C)cc(N)c4c3)ccc2n1,1.39,1.377961636152158,-0.012038363847841849
1665,train,O[C@@H](CNCCSCCCNCCc1cccc(Cl)c1Cl)c2ccc(O)c3NC(=O)Sc23,2.2,2.3211138346860607,0.12111383468606052
3046,train,CCOc1nc2cccc(C(=O)O)c2n1Cc3ccc(cc3)c4ccccc4c5nnn[nH]5,0.3,0.1976287877881655,-0.10237121221183448
3811,train,COc1cc(cc(OC)c1OC)C(=O)NCc2ccc(OCCN(C)C)cc2,0.74,0.657391725299856,-0.08260827470014398
813,train,NC1(CCC1)c2ccc(cc2)c3c(ccn4ncnc34)c5ccccc5,1.7,1.967376913415026,0.2673769134150261
1766,train,CC(NC(C)(C)C)C(=O)c1cccc(Cl)c1,2.12,2.226833287323292,0.10683328732329178
2380,train,CN(c1ccnc(Nc2cc(OC3CCOCC3)cc(c2)N4CCOCC4)n1)c5cc(CO)ccc5C,3.7,3.98117194281512,0.2811719428151198
4082,train,COc1cc(ccc1NC(=O)CN2CCOCC2)c3cccc4C(=O)C=C(Oc34)N5CCOCC5,2.3,2.6120412554101295,0.3120412554101297
1653,train,Nc1n[nH]c(N)c1Cc2ccc3OCOc3c2,0.47,0.6535124263491467,0.18351242634914677
3423,train,COc1cc(F)ccc1c2cncc(CNC(=O)C3CCC3)c2,3.2,3.2005560456863495,0.0005560456863493712
1722,train,Clc1ccccc1CNC(=O)c2cccnc2Oc3ccccc3,3.68,3.707673775065555,0.027673775065554906
687,train,O=C(NC1CCCCC1)c2cccnc2Sc3ccccc3,3.01,3.168874694543438,0.15887469454343828
3457,train,C[C@H](CO)Nc1nc(SCc2cccc(F)c2F)nc3NC(=O)C(=Cc13)C#N,3.32,3.3651481770659863,0.045148177065986506
4193,train,Oc1cccc(NC(=O)c2ccc(OCCCN3CCCC3)cc2OCc4ccccn4)c1,1.78,1.9612323523072512,0.1812323523072512
4017,train,Cc1[nH]c(C(=O)NC2CCN(CC2)c3ncc(s3)C(=O)O)c(Cl)c1Cl,0.02,0.2524210837590579,0.23242108375905793
569,train,CN(c1ccnc(Nc2cc(cc(c2)N3CCN(C)CC3)N4CCOCC4)n1)c5cc(CO)ccc5C,2.61,2.5928145622293597,-0.01718543777064019
2674,train,CC1=NC(=C(NC1=O)c2ccccc2)c3ccc(CN4CCC(CC4)N5C(=O)Nc6ccccc56)cc3,3.8,3.8424033156017012,0.04240331560170141
487,train,CN(c1ccnc(Nc2cc(cc(c2)N3CCOCC3)N4CCCCC4)n1)c5cc(CO)ccc5C,4.2,4.513609808870798,0.3136098088707975
2574,train,COc1ccc2nc3ccccc3c(N)c2c1,1.0,1.0495037206784326,0.04950372067843256
963,train,O[C@@H](CNCCCOCCNCCc1cccc(Cl)c1)c2ccc(O)c3NC(=O)Sc23,-0.03,0.5589406504905106,0.5889406504905106
2432,train,Oc1c(NC(=O)Nc2cccc(F)c2Cl)ccc(Cl)c1S(=O)(=O)N3CCNCC3,2.6,2.8507949557589782,0.25079495575897814
2010,train,CNc1c(Br)cnc2[nH]c(nc12)c3ccc(OCCCN4CCOCC4)cc3,2.96,3.163915563150994,0.20391556315099413
2365,train,CC(C)CN1C(=O)NC(=O)c2c1sc(Cc3ccccc3C(F)(F)F)c2C(=O)N4CCC4,3.0,3.086335874422878,0.08633587442287816
823,train,CNC(=O)C[C@H](Nc1ncc(Cl)c(Nc2cc([nH]n2)C3CC3)n1)c4ccc(F)cc4,2.23,2.2627887839153287,0.03278878391532869
3375,train,OC(=O)c1ccc2[nH]c(nc2c1)C(F)(F)F,-1.08,-0.9938067769971735,0.08619322300282661
3373,train,Cc1c(Sc2ccc(Cl)cc2)c3c(cccc3n1CC(=O)O)S(=O)(=O)C,0.58,1.0607999176229848,0.4807999176229848
2054,train,Cc1ccnc(NCc2ccccc2)c1,3.08,3.2733163630561606,0.1933163630561605
553,train,COc1ccc(c(C)n1)c2cccc3c(N)c4C(=O)N(Cc4nc23)C5CCC5,3.92,4.100525565927482,0.18052556592748203
3900,train,CC(O)(C(=O)Nc1ccc(cc1)S(=O)(=O)c2ccccc2)C(F)(F)F,2.98,3.120262206972945,0.1402622069729449
3515,train,CC(CN1c2ccccc2Sc3ccccc13)N(C)C,2.67,2.6079767906821667,-0.06202320931783323
498,train,OC1=CC=Cc2cc(O)c(O)c(O)c2C1=O,2.03,2.368858542949908,0.33885854294990825
2872,train,Brc1cnc(Nc2cccc(NC(=O)N3CCCC3)c2)nc1NCCCNC(=O)c4cccs4,4.13,4.25361623459075,0.12361623459074966
2221,train,CN1CCN(CC1)S(=O)(=O)c2ccc(c(C)c2)c3cnc(N)c(n3)C(=O)Nc4cccnc4,2.6,2.797948021132399,0.19794802113239873
563,train,OCC[C@]1(CCCNC1)c2oc3ccccc3c2,0.06,0.3628634682745784,0.3028634682745784
1441,train,Clc1ccc(NC(=O)N2CCN(C[C@@H]3CCCN(C3)C4CC4)CC2)cc1Cl,3.57,3.489436999562877,-0.08056300043712294
1395,train,COc1cccc(c1)C(=O)NCCCOc2cccc3ccc(N)nc23,2.46,2.5269071861714005,0.06690718617140057
4199,train,CN1C(=O)C=C(CCc2ccc3ccccc3c2)N=C1N,2.7,2.615227285303753,-0.08477271469624714
2273,train,CCN(CC)C(=O)c1ccc(cc1)[C@@H](N2CCN(CCOC)CC2)c3cccc(NC(=O)C4CC4)c3,2.35,2.332079999480673,-0.017920000519326962
1527,train,OC(=O)c1cc(nc2ccccc12)c3ccccc3,-0.7,-0.6776321272657615,0.02236787273423846
2459,train,NS(=O)(=O)c1cccc(Nc2nccc(Nc3cccc4[nH]ncc34)n2)c1,2.6,2.7930054469297207,0.19300544692972066
1768,train,NC1(Cc2ccc(Cl)cc2)CCN(CC1)c3ncnc4[nH]ccc34,2.72,2.9706131924147336,0.25061319241473345
152,train,NC(=O)c1ccc(Oc2cccc3cccnc23)c(c1)[N+](=O)[O-],1.7,1.7144698886570242,0.014469888657024255
2495,train,CN[C@@H](C)C(=O)N[C@@H](C1CCCCC1)C(=O)N[C@H]2CCCN(CCc3cccc(F)c3)C2,2.64,2.7045559269690655,0.06455592696906542
3706,train,CN([C@H](CN1CCCC1)c2ccccc2)C(=O)Cc3ccc(Cl)c(Cl)c3,3.42,3.443061106351448,0.02306110635144787
2147,train,CCS(=O)(=O)c1ccc(c(F)c1)c2cc(Cl)ccc2OCC(=O)O,-0.92,-0.8728198485712002,0.04718015142879983
919,train,CN[C@@H](C)C(=O)N[C@@H](C1CCCCC1)C(=O)N[C@H]2CCCN(C2)C(=O)Cc3ccccc3,1.32,1.4954873165934823,0.17548731659348227
2739,train,Cc1c(cnn1c2ccc(cc2)C(=O)O)C(=O)NC3C4CC5CC(CC3C5)C4,0.8,1.1186788641978347,0.31867886419783464
746,train,CCCc1c(O)c(ccc1OCc2cccc(NC(=O)c3ccccc3C(=O)O)c2)C(=O)C,1.9,2.3855784848302983,0.4855784848302984
3112,train,CCCCCc1ccc(cc1)c2nnc(N)s2,4.13,4.196723127677303,0.06672312767730304
4110,train,Nc1ccc(OCc2ccccc2)cc1,2.2,2.1013752353090274,-0.09862476469097281
1465,train,CCOc1ccc(cc1)N2C(=Nc3ccccc3C2=O)CC,3.27,3.4341466864605033,0.16414668646050323
3325,train,Nc1cccc(C(=O)NCC23CC4CC(CC(C4)C2)C3)c1Cl,3.29,3.3669375826970875,0.0769375826970875
3976,train,C[C@H](CO)Nc1nc(SCc2ccccc2F)nc3NC(=O)Sc13,3.0,3.0717766819580383,0.07177668195803832
1120,train,CC(=O)Nc1ccc2c(c1)c(cn2CCO)c3cc(NC4CC4)n5ncc(C#N)c5n3,2.71,2.905360656827132,0.19536065682713222
1908,train,OC(=O)c1ccc(OCC(=O)COc2ccc(SCCCCCc3ccccc3)cc2)cc1,3.63,3.633483393694065,0.003483393694065029
4168,train,Oc1ccc(cc1)[N+](=O)[O-],1.5,1.3456453999291749,-0.15435460007082513
1155,train,NC(=N)Nc1nc(CSCCC(=N)NS(=O)(=O)N)cs1,-0.6,-0.7234306155973984,-0.12343061559739843
1483,train,CC(C)C(NC(=O)CN1C(=O)C(=CN=C1c2ccc(F)cc2)NC(=O)OCc3ccccc3)C(=O)C(F)(F)F,2.47,2.561232554225045,0.09123255422504473
1267,train,Cc1nccc(c1Cl)c2ccc(cc2)c3nc4ccncc4c(O)c3C#N,2.0,2.204004971555555,0.20400497155555497
2194,train,CC(=O)Nc1ccc2ccn(c3cc(NC4CC4)n5ncc(C#N)c5n3)c2c1,3.29,3.1588817436492556,-0.13111825635074448
2752,train,CC(NC(=O)C1(N)CCN(CC1)c2ncnc3[nH]ccc23)c4ccccc4,2.17,2.0759701797706325,-0.09402982022936746
3992,train,CC1=CN([C@H]2CCCN(C2)[C@H](CC3CCCCC3)c4ccc(C(=O)O)c(Oc5cccc(Cl)c5)c4)C(=O)NC1=O,1.83,1.7903578519434453,-0.03964214805655475
2020,train,OC(=O)COc1ccc(cc1c2cccc(c2)C#N)C(F)(F)F,0.05,0.12207464347619945,0.07207464347619945
1659,train,Cc1cc(CNc2ncc(Br)c(Nc3cc(C)[nH]n3)n2)on1,2.92,2.9710460653192308,0.05104606531923084
378,train,Nc1ccccc1NC(=O)c2ccc(cc2)c3ncc(CN4CCC4)cc3F,1.69,1.634712640266106,-0.05528735973389387
136,train,Nc1nnc(CCSCCc2nnc(NC(=O)Cc3ccccc3)s2)s1,2.0,2.006855833312124,0.006855833312124027
627,train,Nc1c(nnc2c(c(F)ccc12)c3ncccn3)C(=O)NC4CC4,1.59,1.6750551007569676,0.08505510075696754
1458,train,NC(=O)c1cn([C@@H]2O[C@H](CO)[C@@H](O)[C@H]2O)c3ncnc(N)c13,-0.87,-0.8421845647712431,0.027815435228756846
2604,train,Clc1ccc2nsnc2c1NC3=NCCN3,0.71,0.8029356413281457,0.09293564132814569
1095,train,CCc1c(C(=O)C(=O)N)c2c(OCC(=O)N)cccc2n1Cc3ccccc3,2.1,2.120596067497677,0.020596067497677062
3415,train,O=C1C=C(Oc2c1cccc2c3cccc4c5CCCCc5sc34)N6CCOCC6,4.1,4.12822075555866,0.028220755558660215
3975,train,Cc1oc(CN2CCNCC2)cc1C(=O)NCC34CC5CC(CC(C5)C3)C4,1.03,1.1686052985352275,0.13860529853522752
3687,train,c1ccc(cc1)c2cn3ccccc3n2,2.9,3.05899279620725,0.15899279620724993
2134,train,Oc1ccccc1OCC(=O)NC2CCCC2,2.31,2.545178370437959,0.23517837043795886
3216,train,CCN(C1CCN(CCC(c2ccccc2)c3ccc(NC(=O)C(C)(C)C)cc3)CC1)C(=O)Cc4ccc(cc4)S(=O)(=O)C,2.98,3.229016987268677,0.24901698726867716
1193,train,CO[C@@H]1CN(Cc2ccc(cc2)C(F)(F)F)CC[C@@H]1N(C)C(=O)Cc3ccc(cc3)n4cnnn4,3.1,3.1975744500899475,0.09757445008994736
4026,train,CCS(=O)(=O)c1ccc(c(C)c1)c2cc(ccc2CCC(=O)O)C(F)(F)F,0.76,0.9644506659861358,0.20445066598613582
3042,train,c1ccc(cc1)C#Cc2n[nH]c3ccccc23,4.31,4.3552608948672145,0.04526089486721485
3208,train,COc1cc(ccc1Nc2ncc(Cl)c(n2)c3cnc4ccccn34)C(=O)N5CCOCC5,3.4,3.3993417383207505,-0.0006582616792494278
3836,train,OC(=O)c1ccccc1NC(=O)Nc2ccccc2,-0.12,0.07704472687912212,0.1970447268791221
3752,train,CCCSc1c(cnn1[C@@H]2CC[C@H](CC2)C(=O)O)C(=O)NC3CCCCC3,1.03,1.389033262653856,0.35903326265385593
4012,train,Clc1cccc(c1)S(=O)(=O)NCC(N2CCCCCC2)c3ccccc3,3.39,3.6003457328731203,0.2103457328731202
2025,train,CC1=C(CCC(=O)O)C(=O)Oc2c(C)c(O)ccc12,-0.3,-0.480871111421846,-0.18087111142184603
3804,train,O=C(Nc1ccccc1)c2ccc(OCCCN3CCCC3)cc2OCc4ccccc4C#N,2.66,2.939189815302764,0.27918981530276366
154,train,Nc1ccc(cc1)S(=O)(=O)Nc2nccs2,-0.37,-0.3083524242725515,0.0616475757274485
3644,train,Fc1ccccc1NC(=O)N[C@H]2N=C(c3ccccc3)c4ccccc4NC2=O,4.0,4.006859735866967,0.006859735866966865
809,train,CNC(=O)c1ccccc1Sc2ccc3c(\C=C\c4ccccn4)n[nH]c3c2,3.8,3.692618445324841,-0.10738155467515886
1084,train,C[C@H](NC(=O)Cc1cc(F)cc(F)c1)C(=O)NC2C(=O)N(C)c3ccccc3c4ccccc24,3.6,3.537510980804208,-0.062489019195792306
2798,train,CCO[C@@H]1OC(=O)C[C@@H]1NC(=O)[C@@H]2CCCN3N2C(=O)[C@H](CCC3=O)NC(=O)c4nccc5ccccc45,1.16,1.2429501172750168,0.08295011727501689
3731,train,OC[C@H]1C[C@H]([C@H](O)[C@@H]1O)n2nnc3c(N[C@@H]4C[C@H]4c5ccccc5)nc(SCCC(F)(F)F)nc23,4.06,4.34245372782776,0.2824537278277601
1444,train,CC(C)n1c(C)ncc1c2ccnc(Nc3ccc(cc3)N4CCN(CC4)C(=O)C)n2,2.39,2.6552660406609347,0.2652660406609346
284,train,COc1ccccc1c2nnc(N)[nH]2,0.91,1.1628047871545366,0.2528047871545366
4009,train,O=C(NCC#N)[C@@H]1CCCC[C@H]1C(=O)N2CCN(CC2)c3ccccc3,1.75,1.7195073955678373,-0.03049260443216273
3139,train,CCOC(=O)c1ccc(OCCC2CN(CCO2)c3ccc(C)nn3)cc1,2.7,3.2072243273359193,0.5072243273359192
1260,train,CC(C)n1c(C)ncc1c2ccnc(Nc3ccc(cc3)N4CCN(CC4)S(=O)(=O)CCN(C)C)n2,2.52,2.709081462435625,0.18908146243562518
1865,train,CCOc1cccc(\C=C\2/SC(=O)NC2=O)c1N3CCC[C@@H](N)C3,1.86,1.918995937292704,0.058995937292703804
2717,train,CC1=CN([C@H]2CCCN(C2)S(=O)(=O)c3ccc(C(=O)N)c(Oc4cccc(Cl)c4)c3)C(=O)NC1=O,1.96,1.8443018992229125,-0.11569810077708742
3510,train,Oc1cc(nc2ncnn12)c3ccccc3,-0.21,0.24777046559251814,0.4577704655925181
507,train,NS(=O)(=O)c1ccc(NCc2ccccc2)cc1,1.7,1.808585799531051,0.10858579953105107
559,train,CNC(=O)c1c(F)cccc1Nc2nc(Nc3cc4N(CCc4cc3OC)C(=O)CN(C)C)nc5[nH]ccc25,2.61,2.9200807938527555,0.31008079385275567
30,train,CS(=O)(=O)C1(CC1)c2cc(nc(n2)c3cccc4[nH]ccc34)N5CC6CCC(C5)O6,2.6,2.9152969951466994,0.3152969951466993
289,train,CC[C@H](NC(=O)c1c([S+]([O-])C(C)C)c(nc2ccccc12)c3ccccc3)c4ccccc4,3.81,3.9382451508290357,0.12824515082903565
855,train,CN(C)CC(O)COc1ccc(Nc2ncc(Cl)c(Nc3ccccc3)n2)cc1,2.25,2.2577121253964005,0.007712125396400538
1652,train,CN(c1ccnc(Nc2cc(cc(c2)N3CCOCC3)N4CCOCC4)n1)c5cc(CO)ccc5C,2.94,3.096143153424836,0.1561431534248361
2277,train,NC(=O)c1cccc(N[C@H]2C[C@H]3CC[C@@H](C2)N3Cc4ccccc4)c1,1.01,1.0899455604589605,0.07994556045896051
4108,train,CC(C)N(C(C)C)c1nnc(N)s1,1.49,1.436522898010078,-0.05347710198992206
3088,train,COc1cnc(nc1NC(C)C)c2ccccn2,2.01,2.0362504937516075,0.026250493751607706
1833,train,N[C@@H]1CCCN(C1)c2c(Cl)cccc2\C=C\3/SC(=O)NC3=O,1.97,1.891824576656528,-0.07817542334347194
3646,train,CN(C)C(=O)[C@H](Cc1ccccc1)NC(=O)c2cc3sccc3[nH]2,3.1,3.1009931085878177,0.0009931085878176482
4057,train,NC(=N)Nc1oc2ccccc2n1,1.91,1.897116189433861,-0.012883810566138854
1859,train,CCCNC(=O)c1nnc2c(cccc2c1N)c3cc(C)ccc3OC,3.99,4.111372621986325,0.1213726219863247
682,train,CCc1csc(n1)N2CCN(CC2)C(=O)[C@@H]3CCCC[C@H]3C(=O)NC4(CC4)C#N,2.1,2.4267758819604164,0.3267758819604163
3966,train,COc1cc(nc2c(cc(F)cc12)N3CCN(C)CC3)C(=O)Nc4ccc(cc4)N5CCOCC5,3.85,4.022631145989532,0.172631145989532
1544,train,Fc1cc(Oc2ccc(cc2c3ccnnc3)C(F)(F)F)c(Cl)cc1S(=O)(=O)Nc4nncs4,1.15,1.6186284872425216,0.4686284872425217
3877,train,COc1cc(cc(OC)c1OC)c2nnc(S)n2c3cccc(c3)C(F)(F)F,2.27,2.273885860769855,0.0038858607698548653
3920,train,OC(Cn1cncn1)(Cn2cncn2)c3ccc(F)cc3F,0.48,0.818183150153569,0.33818315015356903
2448,train,Oc1ccc(CCNCCCS(=O)(=O)NCCOCCSc2ccccc2)c3sc(O)nc13,1.84,2.0103515694169407,0.17035156941694063
1101,train,CN(C)CCOC(C)(c1ccccc1)c2ccccn2,-0.2,-0.07368975968764424,0.12631024031235577
1629,train,CC(C)Nc1nc(nc(N2CCOCC2)c1N)C#N,2.04,2.296801951333994,0.2568019513339941
3277,train,COc1ccc(cc1OC)c2csc(NC(=O)c3c(C)onc3C)n2,3.16,2.9132904661930317,-0.24670953380696847
808,train,Cc1cc(Nc2ccccc2)n(CCC#N)n1,2.3,2.416987907629496,0.11698790762949596
2533,train,OC(=O)c1c(Sc2ccccc2)c3cc(Cl)ccc3n1Cc4ccc(Cl)cc4,2.96,2.962358674143857,0.0023586741438568204
2027,train,C[C@H](NC(=O)c1c(C)nn(C2CCOCC2)c1NS(=O)(=O)c3ccc(C)cc3)C(C)(C)C,0.5,0.774139145520033,0.27413914552003305
3809,train,Cn1cc(cc1c2c3C(=O)N(CC#CCn4cncn4)C(=O)N(CC5CC5)c3nn2Cc6ccnc7ccc(Cl)cc67)C#N,3.43,3.4253405751733563,-0.004659424826643832
3554,train,CNc1cc(nc2c(cc(OC)cc12)N3CCN(C)CC3)C(=O)Nc4ccc(cc4)N5CCOCC5,2.93,3.0296199077492876,0.09961990774928742
3663,train,Oc1cccc(NC(=O)c2ccc(OCCCN3CCCC3)cc2OCc4ccccc4)c1,3.07,3.135845703836985,0.06584570383698507
652,train,CC1(C)Oc2ncnc(N)c2N=C1c3ccc(cc3)[C@@H]4CC[C@@H](CC(=O)O)CC4,1.32,1.6218282183914319,0.3018282183914318
2177,train,CN1C(=O)N(CC2CC2)c3nn(Cc4ccnc5ccc(Cl)cc45)c(c3C1=O)c6nc(cn6C)S(=O)(=O)C,2.64,2.954952476866544,0.31495247686654393
2173,train,NC(=O)c1sc(cc1N)c2ccc(Cl)cc2,3.3,3.1563568083609885,-0.1436431916390113
2334,train,Clc1cccc2[nH]ncc12,2.5,2.7347057019075396,0.2347057019075396
207,train,OC(=O)C1CCN(CC1)c2ncccc2c3ccc(Cl)c(c3)C(=O)NCC4CCCCCC4,2.53,2.72206725190878,0.19206725190878027
2089,train,CN(C)C(=O)N[C@@H]1CC[C@@H](CCN2[C@@H]3CC[C@H]2C[C@H](C3)Oc4cccc(c4)C(=O)N)CC1,0.12,0.22954295181774476,0.10954295181774476
1258,train,COCCC(=O)N(C)c1ccc(Nc2ncc3cc(ccc3n2)c4ccncc4)cc1,3.23,3.153532108405602,-0.07646789159439793
2933,train,CONC(=O)c1cnc(s1)N2CCC(CC2)NC(=O)c3[nH]c(C)c(Cl)c3Cl,3.1,3.073044499960437,-0.02695550003956315
907,train,CS(=O)(=O)c1cccc(Nc2nccc(Nc3cccc4ccoc34)n2)c1,3.52,3.7304622523548594,0.21046225235485938
3116,train,COc1cc(ccc1Nc2ncc(Cl)c(n2)c3cnc4cc(Cl)ccn34)N5CCN(CC5)C(=O)C,4.2,4.333682032358642,0.1336820323586414
2386,train,S(c1ccccc1)c2ccc3ccccc3n2,3.92,3.9181600505063514,-0.0018399494936485183
3033,train,CC(=O)Nc1cc(CN2C(=O)N(C(=O)C2(C)C)c3ccc(SC(F)(F)F)cc3)ccn1,2.93,2.9896180987849896,0.05961809878498947
2532,train,OC(=O)c1cc(ccc1O)N=Nc2ccc(cc2)S(=O)(=O)Nc3ccccn3,-0.58,-0.7225352259115296,-0.14253522591152967
3156,train,CCCCC(O)c1[nH]c2cc(C)c(cc2c1CCc3ccccc3)C(=O)O,2.59,2.6964432654943513,0.10644326549435146
3719,train,CN[C@@H](C)C(=O)N[C@H](C(=O)N[C@H]1CCCN(CCc2cccc(OC)c2)C1)C(C)(C)C,1.47,1.60882424493039,0.13882424493039003
396,train,O=C(Nc1cccc(NC(=O)c2ccccc2)n1)c3ccccc3,4.02,3.7260490744118657,-0.29395092558813385
2252,train,NC(=O)c1cnc(N[C@H]2CCCNC2)c3cc(sc13)c4ccc(F)cc4F,1.97,1.9998217751427863,0.029821775142786278
594,train,COCCC(=O)N[C@H](C)c1ccc(Nc2ncc3cc(ccc3n2)c4ccncc4)cc1,3.08,3.3559894482483177,0.2759894482483176
342,train,CCN(CC)S(=O)(=O)c1ccc(cc1)c2oc(SCC(=O)N3CCc4ccccc34)nn2,3.9,4.316512732686126,0.41651273268612643
1640,train,O=C(NCC#N)[C@@H]1CCCC[C@H]1C(=O)N2CCc3ccccc3C2,1.91,1.6723198385471738,-0.2376801614528261
2165,train,Cc1ccccc1C[C@H](N2CCC(CN3CCC(CC3)Oc4ccc(Cl)c(Cl)c4)CC2)C(=O)O,2.54,2.539908267546894,-9.17324531060082e-05
1845,train,CCN(CC)C(=O)c1ccc(cc1)[C@@H](N2CCN(Cc3ccc(F)cc3)CC2)c4cccc(NC(=O)C5CC5)c4,3.99,4.312480442409893,0.3224804424098924
2308,train,Cc1ccc(cc1NC(=O)c2ccc(OCc3ccccn3)cc2)c4ccc(N)nn4,2.47,2.55524185206846,0.08524185206845969
3680,train,Cc1cc(CN2Cc3cccnc3CC2C(=O)Nc4ccc(Cl)cc4Cl)ccc1OCC(=O)O,1.15,1.1424155840364092,-0.007584415963590718
2612,train,CCCCNc1nc(SCCC)nc2c1nnn2[C@@H]3C[C@H](CO)[C@@H](O)[C@H]3O,3.07,3.5241068873075068,0.4541068873075069
1438,train,NC(=O)c1ccc(O[C@H]2C[C@H]3CC[C@@H](C2)N3Cc4ccccc4)c(F)c1,2.1,2.038955931329181,-0.06104406867081913
2019,train,CC1=CC(=O)Oc2cc3NCCCc3cc12,2.7,2.9944379762582654,0.2944379762582652
2007,train,NC(=O)Nc1sc(cc1C(=O)N[C@H]2CCCNC2)c3ccc(F)cc3,1.76,1.7445457708097298,-0.015454229190270174
1140,train,Fc1ccc(C2CCN(CC2)C(=S)COCc3ccncc3)c(Cl)c1,4.23,4.40411385935108,0.17411385935107937
2679,train,COc1ccc(cc1)N2Sc3ccccc3C2=O,3.02,3.0085407976235246,-0.011459202376475464
3298,train,CS(=O)(=O)c1ccc(CC(=O)N(CC=C)C2CCN(CCC(c3ccccc3)c4ccccc4)CC2)cc1,3.1,3.3300217736174984,0.23002177361749832
1503,train,CC(C)C[C@H](CO)Nc1nc(SCc2ccncc2)nc3nc(N)sc13,2.9,2.929013433882657,0.02901343388265687
608,train,COc1ccc(cc1)C(=O)C2CCN(CC2)C(=O)c3occc3,2.42,2.600821481826201,0.18082148182620106
3738,train,NCC(O)(c1ccccc1)c2ccccc2,0.9,1.0248710327368797,0.12487103273687972
1644,train,CCOC(=O)c1ccc(OCC2CCN(C2)c3ccc(C)nn3)cc1,3.44,3.938380066619881,0.4983800666198812
3366,train,COc1cc2ncnc(Nc3ccc(F)c(Cl)c3)c2cc1OCCCN(C)C,2.9,3.016981566203736,0.1169815662037359
749,train,CC(C)NC[C@@H](C(=O)N1CCN(CC1)c2ncnc3[C@H](O)C[C@@H](C)c23)c4ccc(Cl)cc4,1.3,1.3156470256691737,0.015647025669173642
1389,train,N#CCc1c[nH]c2ccc(OCc3ccccc3)cc12,3.71,3.6616359666547655,-0.048364033345234425
210,train,Cc1ccc2c(n1)c(Sc3ccc(Cl)cc3)c(C)n2CC(=O)O,0.35,0.3760000438580271,0.026000043858027122
1518,train,CC(C)n1c(C)ncc1c2ccnc(Nc3ccc(cc3)C(=O)NCCO)n2,2.09,2.4517264824059066,0.36172648240590677
2060,train,CN(C)C(=O)CC(NC(=O)C1(N)CCN(CC1)c2ncnc3[nH]ccc23)c4ccc(Cl)cc4,2.4,2.576283184326743,0.17628318432674295
3385,train,COc1ccnc(NC2CCN(CC2)C(=O)c3ccc(Cl)cc3)c1,2.82,2.849392149663595,0.02939214966359538
3668,train,CCC(N(CCCN)C(=O)c1ccc(C)cc1)C2=Nc3ccsc3C(=O)N2Cc4cscn4,0.02,0.048296673503949616,0.028296673503949616
2077,train,COCCN1CCN(CC(=O)Nc2ccc(C3=CC=CN4C(=O)C=C(N=C34)N5CCOCC5)c6sc7ccccc7c26)CC1,3.2,3.37366486289185,0.17366486289185
2771,train,CC(C)C(NC(=O)CN1C(=O)C(=CC=C1c2ccccc2)NC(=O)OCc3ccc(cc3)C(=O)O)C(=O)C(F)(F)F,0.84,0.711860686106407,-0.128139313893593
1138,train,NC(=O)N1c2ccccc2C[C@H](O)c3ccccc13,0.79,0.753427474863229,-0.036572525136771006
4169,train,CCC(CC)NC(=O)c1cnn(Cc2ccccc2)c1NS(=O)(=O)c3ccc(C)cc3,1.52,1.6887875182655814,0.16878751826558136
2633,train,NC1=NC(Nc2cccc(F)c12)c3cccs3,0.91,1.1936986234025448,0.2836986234025448
1161,train,OC1=CC(=O)C2=C(O1)c3ccccc3N(Cc4ccccc4)C2=O,1.97,1.5362593602415298,-0.4337406397584702
956,train,Cc1ccc2c(c1)c(c(C)n2CC(=O)O)c3ccnc4c(cccc34)C#N,0.52,0.533341210652176,0.013341210652175972
2516,train,O=C(N1CCOCC1)N2CCn3cc(C4=C(C(=O)NC4=O)c5cnc6ccccn56)c7cccc(C2)c37,1.79,1.8280404252041254,0.03804042520412532
281,train,CC(=O)Nc1ccc2c(c1)c(Sc3ccc(Cl)cc3)c(C)n2CC(=O)O,0.2,-0.020631269003179575,-0.2206312690031796
1764,train,Nc1cccc(NC(=O)c2ccc(CNC(=O)OCc3cccnc3)cc2)c1,1.6,1.502051193954745,-0.09794880604525513
743,train,COc1ccc(C=C2SC(=O)NC2=O)cc1OC,1.17,0.8881214427471262,-0.2818785572528737
101,train,C1Oc2ccccc2C3=NN(CC13)c4ccccc4,4.28,4.501067412263323,0.22106741226332272
4149,train,CC(C)N1CCC[C@H](CN2C(=Nc3ccc(Oc4ccc(F)cc4)cc3C2=O)C)C1,2.4,2.3017154962279776,-0.09828450377202236
2496,train,CCCC1=CC(=CC(=O)N1Cc2ccc(cc2)c3ccccc3c4nn[nH]n4)OCc5ccccc5,2.4,2.474461673018977,0.07446167301897688
2227,train,O=C(CS(=O)(=O)c1ccccc1)c2ccccc2,1.86,1.9999368801476234,0.1399368801476233
48,train,O[C@@H](CNCCCOCCOCCc1cccc2ccccc12)c3ccc(O)c4NC(=O)Sc34,2.28,2.348879401411513,0.06887940141151327
2930,train,O=C1N2CCS(=O)(=O)C2=Nc3ccccc13,0.8,1.023781728714973,0.22378172871497304
370,train,COCCS(=O)(=O)N1CCN(CC1)c2ccc(Nc3nccc(n3)c4cnc(C)n4C(C)C)cc2,2.75,2.838805959721242,0.08880595972124183
3012,train,C=CCCCCCCCCC(=O)N[C@H]1CCC(=O)NC1=O,2.64,2.912026914016818,0.27202691401681767
811,train,Oc1ccc(CCNCCS(=O)(=O)CCCOCCc2oc3ccccc3c2)c4sc(O)nc14,2.86,2.7281266410971465,-0.13187335890285334
116,train,NC1(CCC1)c2ccc(cc2)c3nc4C=CN5C(=O)NN=C5c4cc3c6ccccc6,2.5,2.4435558346159416,-0.05644416538405839
3964,train,CN1[C@@H]2CC[C@H]1C[C@H](C2)OC(=O)C(CO)c3ccccc3,-0.66,-0.8838945117627244,-0.22389451176272435
1954,train,Cc1nc(C)c(nc1C(=O)N)c2ccc([C@@H]3CC[C@H](CC(=O)O)CC3)c(F)c2,1.2,1.050015692122686,-0.14998430787731398
4032,train,COc1cc(F)ccc1c2cncc(CNCC3CC3)n2,1.8,2.090423811112946,0.290423811112946
3293,train,O[C@@H](CNCCc1cccc(CNCCCc2ccccc2)c1)c3ccc(O)c4NC(=O)Sc34,1.11,1.4001711179146186,0.29017111791461847
4117,train,NS(=O)(=O)c1ccc2NC(C3CC=CC3c2c1)c4cccc5ccccc45,1.9,2.0856600400993144,0.18566004009931447
464,train,COc1ccc2nc(C)cc(N3CC(CNC(=O)C4CC4)OC3=O)c2c1,1.55,1.485984501897661,-0.06401549810233909
512,train,CCN(C1CCN(CCC(c2ccc(NC(=O)C)cc2)c3cccc(F)c3)CC1)C(=O)Cc4ccc(cc4)S(=O)(=O)C,2.41,2.543154850481693,0.13315485048169284
1327,train,OC(=O)CCCc1ccc(cc1)N(CCCl)CCCl,1.47,1.4841251077962818,0.014125107796281844
2271,train,O[C@H](CNC(=O)C1=CC(=O)Nc2ccccc12)CN3CCC(CC3)Oc4ccc(Cl)c(Cl)c4,3.48,3.3935368888117363,-0.08646311118826366
1380,train,COCCN(C)Cc1ccc(Nc2ncc3cc(ccc3n2)c4ccncc4)cc1,2.65,2.8693689413824823,0.21936894138248242
2135,train,Clc1ccc(cc1C(=O)NCC23CC4CC(CC(C4)C2)C3)C5CCNCC5,1.58,1.7735714643975744,0.19357146439757433
474,train,CN1CCN(CC1)C(=O)c2cc3cc(Br)ccc3[nH]2,2.79,3.073753639336971,0.28375363933697084
3414,train,CNC(=O)c1cccc2c1c(Sc3ccc(Cl)cc3)c(C)n2CC(=O)O,-0.89,-0.5240279688133271,0.3659720311866729
1266,train,C[C@@H]1CN(CCN1C(=O)[C@@H]2CCCC[C@H]2C(=O)NC3(CC3)C#N)c4ccc5c(C)nn(C)c5c4,2.7,2.8299279801082102,0.12992798010821005
3785,train,CN(C)CCNS(=O)(=O)c1ccc(Nc2nccc(n2)c3cnc4ccccn34)cc1,2.7,2.5496082501749964,-0.1503917498250038
1780,train,CCCCCC1=CC(=O)NC(=N1)N,1.62,1.7154822632033362,0.09548226320333608
1903,train,CCOC(=O)c1ccc(N)cc1,1.83,1.983779647737331,0.153779647737331
0,train,Cn1c(CN2CCN(CC2)c3ccc(Cl)cc3)nc4ccccc14,3.54,3.6730190707700556,0.1330190707700556
2828,train,CN(C1CCN(Cc2nc3cc(F)ccc3s2)CC1)C(=O)Cc4ccc(cc4)n5cnnn5,2.85,2.7292288872018835,-0.12077111279811659
3796,train,Nc1nccc(n1)c2cc3C(=O)NC[C@H](CCF)c3[nH]2,0.51,0.778816226269343,0.268816226269343
2993,train,Clc1ccc2N(C3CCN(CCCN4C(=O)Nc5ccccc45)CC3)C(=O)Nc2c1,3.45,3.9634663058776045,0.5134663058776043
1842,train,CS(=O)(=O)c1ccc(c[n+]1[O-])C(=O)Nc2ccc(F)cc2,0.84,1.2384766393483333,0.39847663934833333
3704,train,CN1C[C@@H](c2ccccc2)c3cccc(N)c3C1,2.11,1.946789692814488,-0.16321030718551177
3230,train,Cc1c(sc2ncnc(O)c12)C(=O)Nc3ccccc3,2.13,2.169259528075966,0.039259528075966
380,train,O[C@@H](CNCCCSCCNCCc1ccccc1Cl)c2ccc(O)c3NC(=O)Sc23,0.99,1.1022461064124274,0.11224610641242738
1676,train,CC(NC(=O)C1(N)CCN(CC1)c2ncnc3[nH]ccc23)c4ccc(Cl)cc4,2.7,3.0587123362111677,0.3587123362111675
2570,train,C[C@@H](N)COc1c(C)cccc1C,0.6,0.3833752958199692,-0.21662470418003077
2501,train,CN(C)CC(O)COc1ccc(Nc2nccc(Nc3cc(Cl)ccc3Cl)n2)cc1,2.9,3.092211507725696,0.19221150772569606
1939,train,CC(=O)Nc1ccc2ccn(c3cc(NCCCN4CCCC4)n5ncc(C#N)c5n3)c2c1,1.87,1.9240624373611424,0.054062437361142246
3888,train,COc1ccc(cc1OC)C(=O)Nc2cccc(NC(=O)c3cccc(c3)N(C)C)c2,3.67,3.5354194245354087,-0.13458057546459123
759,train,COc1ccc2c(C)cc(N[C@H]3CCC[C@@H](C3)NCc4ccsc4)nc2c1,2.46,2.60207462249444,0.14207462249444003
1605,train,COc1cc(ccc1Nc2ncc(Cl)c(n2)c3cnc4ccccn34)N5CC6CN(CCO)CC(C5)O6,2.5,2.538763977748493,0.03876397774849316
2248,train,CN(c1cccc(CO)c1)c2ccnc(Nc3cc(cc(c3)N4CCOCC4)N5CCOCC5)n2,2.6,2.7439414325029414,0.14394143250294134
1705,train,COc1ccc(cc1OC)S(=O)(=O)Nc2ccc(\C=C\C(=O)Nc3ccccc3N)cc2,2.56,2.923871450381398,0.363871450381398
2018,train,CC(C#Cc1ccccc1)N2NC(=O)C3=C(C2=O)C(=O)c4ccc(Cl)cc4N3,1.4,1.890422855093226,0.49042285509322614
2982,train,CC(=O)N1CCN(CC1)c2ccc(NC(=O)c3oc(Nc4ccccc4F)nn3)cc2,2.51,2.601059753524342,0.09105975352434204
3206,train,Clc1ccc2oc3C(=O)NC(=Nc3c2c1)[C@@H]4CCCN4,2.01,1.730335074653505,-0.2796649253464949
1013,train,COCCCNS(=O)(=O)c1ccc(Nc2nccc(n2)c3cnc4ccccn34)cc1,3.41,3.4314616742371173,0.0214616742371172
3119,train,C[C@@H]1N[S@@](=O)(=NC1=O)c2cccc(c2)c3cccc(c3)C#N,0.4,0.480305856652101,0.080305856652101
2812,train,OC(=O)C(N1CCO[C@@H](CN2CCC(CC2)Oc3ccc(Cl)c(Cl)c3)C1)c4ccccc4,1.71,1.6449697470240903,-0.0650302529759097
524,train,Clc1cccc(\C=C\2/SC(=O)NC2=O)c1N3CCNCC3,0.68,0.770778542112478,0.09077854211247793
1773,train,NC(=O)c1cnc(N[C@H]2CCCNC2)c3cc(sc13)c4ccc(F)cc4,2.01,2.023616119785918,0.013616119785918368
3574,train,CCCCc1nc2c(N)nc3ccccc3c2n1CC(C)(C)O,2.37,2.5965222159027554,0.22652221590275534
3159,train,CN(C)CC(O)COc1ccc(Nc2nccc(Nc3ccccc3)n2)cc1,1.58,1.9022791044042784,0.3222791044042783
14,train,CC1CCCCC1NC(=O)c2cnn(c2NS(=O)(=O)c3ccc(C)cc3)c4ccccc4,1.34,1.4979420465050552,0.15794204650505517
1280,train,NC(=O)C1CCCCC1,0.9,0.9840984106717228,0.08409841067172275
1749,train,CC1=CC2=NNC(=O)N2c3ccccc13,2.35,2.6692126894065664,0.31921268940656633
527,train,Nc1ccccc1NC(=O)c2ccc(cc2)C3CCN(CCC(=O)Nc4ccccc4F)CC3,2.76,2.7165726147259304,-0.04342738527406942
296,train,CC(C)C(=O)Nc1nc(cc2ccccc12)c3ccccn3,2.7,2.6165083345975364,-0.08349166540246378
1092,train,COc1cc(Nc2nc(N[C@@H](C)c3ncc(F)cn3)nc(N4CCOCC4)c2Cl)n[nH]1,2.85,2.857339817657758,0.00733981765775793
2490,train,CC(C)n1c(C)ncc1c2ccnc(Nc3ccc(cc3)S(=O)(=O)CCCN(C)C)n2,1.32,1.3070663524505455,-0.012933647549454586
1718,train,CC(C)(C)OC(=O)N1C[C@@H]2CC[C@H]1CN2c3ncc(OCc4ccc(cc4)S(=O)(=O)C)cn3,3.4,3.747589182974086,0.34758918297408625
1578,train,O=S(=O)(Cc1ccccc1)NCC(N2CCCCCC2)c3ccccc3,2.83,2.5110989742602285,-0.3189010257397715
104,train,FC(F)c1nc2ccccc2[nH]1,2.02,2.040373306305515,0.020373306305514927
1044,train,C[C@@H](N1CCC[C@@H](C1)N2C=C(C)C(=O)NC2=O)c3ccc(C(=O)O)c(Oc4cccc(Cl)c4)c3,-0.3,0.19577177965736414,0.49577177965736413
991,train,CC1=C(Cc2ccccc2)C(=O)n3nc(NCc4ccc(Cl)cc4)nc3N1,3.7,3.35500049959495,-0.34499950040505034
905,train,CC1(C)CCC(=C(CN2CCN(CC2)c3ccc(cc3)C(=O)NS(=O)(=O)c4ccc(N[C@H](CCN5CCOCC5)CSc6ccccc6)c(c4)S(=O)(=O)C(F)(F)F)C1)c7ccc(Cl)cc7,0.64,1.0215492555778156,0.3815492555778156
522,train,C[C@@H](NC1=CC(=O)NCC1)c2ccc(Nc3ncc4cc(ccc4n3)c5ccncc5)cc2,3.02,3.2068978831796127,0.18689788317961264
2764,train,Fc1cccc2c3CN(CCc3[nH]c12)C(=O)[C@@H]4CCCC[C@H]4C(=O)NC5(CC5)C#N,3.03,3.29227376692128,0.26227376692128024
313,train,CCOC(=O)C(CCc1ccccc1)NC2CCc3ccccc3N(CC(=O)O)C2=O,-0.2,-0.18202656131945494,0.017973438680545073
3600,train,CC[C@H]1N(C2CCCC2)c3nc(Nc4ccc(cc4OC)C(=O)NC5CCN(C)CC5)ncc3N(C)C1=O,3.14,3.18813677962111,0.04813677962110985
2006,train,CCCSc1nc(ccc1C(=O)NC2CCCCC2)N3CCC[C@H](CC(=O)O)C3,2.18,2.2489153727173337,0.0689153727173335
1113,train,C[C@H]1O[C@H]([C@H](O)[C@@H]1O)n2cnc3c(N)nc(OCC45CC6CC(CC(C6)C4)C5)nc23,3.58,3.5392083458127224,-0.040791654187277704
1547,train,Clc1ccc2[nH]ncc2c1,2.44,2.3677687870396342,-0.07223121296036572
1485,train,CC1(COc2cc(ccc2NC(=O)CN3CCOCC3)c4cccc5C(=O)C=C(Oc45)N6CCOCC6)COC1,2.2,2.647234357581583,0.4472343575815829
2848,train,CCNC(=O)OC[C@@H](C)N(c1cc(Cl)ccc1CO)S(=O)(=O)c2ccc(Cl)cc2,3.4,3.2056652763187694,-0.1943347236812305
1949,train,OC(=O)c1cccnc1Nc2cccc(c2)C(F)(F)F,1.0,1.2610003462056567,0.2610003462056567
3540,train,CC(O)(C(=O)Nc1ccc(cc1)S(=O)(=O)Nc2ccccc2)C(F)(F)F,3.07,3.0727067766704907,0.002706776670490907
4074,train,Clc1cccc(C(=O)NCC23CC4CC(CC(C4)C2)C3)c1Cl,4.37,4.342070960305392,-0.027929039694607916
3895,train,COc1cc2c(Nc3ccc(NC(=O)c4ccccc4)cc3)ncnc2cc1OCCCN5CCOCC5,3.5,3.6812168318620397,0.18121683186203974
1546,train,CC(C)n1c(C)ncc1c2nc(Nc3ccc(cc3)C(=O)N)ncc2F,2.7,2.9293136323626086,0.22931363236260838
2351,train,Oc1cc(cc(c1)C(F)(F)F)C(=O)Nc2cccc(c2)c3nnn[nH]3,0.8,0.970991985080119,0.17099198508011892
776,train,Cc1ccc(Nc2c(F)cccc2Cl)c(CC(=O)O)c1,1.02,0.9742185403224932,-0.0457814596775068
2723,train,N\C(=C(\C#N)/c1ccccc1C(F)(F)F)\Sc2ccc(N)cc2,3.3,3.201919013303299,-0.09808098669670073
2519,train,CNc1ccc(cc1)c2nc3ccc(O)cc3s2,3.5,3.5648339590252727,0.06483395902527267
1681,train,Fc1ccc(CNc2ncc(Br)c(Nc3cc([nH]n3)C4CC4)n2)cc1,4.28,4.539869945652725,0.25986994565272514
1736,train,CCCNC(=O)c1nnc2c(cccc2c1N)c3cncc(c3)C(=O)N4CCC4,2.79,2.838523113754582,0.04852311375458207
1657,train,COc1cccc(c1)C(COCc2cc(cc(c2)C(F)(F)F)C(F)(F)F)N3CCNCC3,3.1,3.1924799690938257,0.09247996909382561
1147,train,CN1CCC[C@@H]1CCO[C@](C)(c2ccccc2)c3ccc(Cl)cc3,3.48,3.6786531426274207,0.19865314262742073
224,train,CN(C)c1nc(N[C@@H]2CC[C@@H](CC2)NC(=O)c3ccc(F)c(F)c3)nc4ccccc14,3.13,3.2897635812693116,0.15976358126931167
840,train,ON=Cc1oc(cc1)[N+](=O)[O-],1.31,1.1285447079321531,-0.18145529206784694
4123,train,COc1ccc(cc1)c2nc(N)s[n+]2c3ccccc3,2.19,2.3390717970499306,0.14907179704993068
175,train,Cc1nc2ccc(Cl)cn2c1c3ccnc(N)n3,2.49,2.5696506922358378,0.07965069223583754
1269,train,COc1ncc2C=CC(=O)N(CCN3CCC(CC3)NCc4cc5OCCOc5cn4)c2n1,0.2,0.4338475390025349,0.2338475390025349
3005,train,CCn1cnc2cnc(c3ccc(cc3)C4(N)CCC4)c(c5ccccc5)c12,2.0,2.196625309163151,0.19662530916315113
1279,train,CC(C)C[C@H](NC(=O)N1CCOCC1)C(=O)NCC#N,0.08,0.4362330757673558,0.3562330757673558
3989,train,Nc1ccc2c3ccccc3C(=O)c2c1,2.9,2.901345791366329,0.0013457913663290633
4128,train,CC(O)(C(=O)Nc1ccc(cc1)S(=O)(=O)c2cccnc2)C(F)(F)F,2.08,2.284711587697777,0.20471158769777675
2340,train,O[C@@H]1CCN(C1)c2ccc3c(NC(=O)CNc4cccc(c4)C#N)c(Cl)ccc3n2,2.39,2.1723292599794632,-0.21767074002053688
1297,train,COc1c(cc2ccccc2c1C(=O)N(C)C[C@@H](CCN3CCC(CC3)N4CCCNC4=O)c5ccc(Cl)c(Cl)c5)C#N,3.0,2.845388563336432,-0.15461143666356802
3223,train,Cc1ccc(NC(=O)C=C)cc1,2.25,2.334808754497982,0.08480875449798209
481,train,CN(C)c1cccc2c(cccc12)S(=O)(=O)Nc3cnccn3,0.9,1.1080045379483852,0.20800453794838514
686,train,COc1c(N2CCO[C@@H](CN(C)C)C2)c(F)cc3C(=O)C(=CN(C4CC4)c13)C(=O)O,-0.62,-0.36691599979891043,0.25308400020108957
3067,train,CCN(C1CCN(CC[C@H](c2ccc(cc2)S(=O)(=O)C)c3cc(F)cc(F)c3)CC1)C(=O)Cc4ccc(cc4)S(=O)(=O)C,2.2,2.0938375565924576,-0.10616244340754255
3569,train,O=C(NCC#N)[C@@H]1CCCC[C@H]1C(=O)N2CCC=CC2,0.9,0.8784348360146867,-0.021565163985313274
3757,train,Nc1nc2ccc(OC(F)(F)F)cc2s1,3.34,3.1284496288590926,-0.21155037114090725
1403,train,NC(=O)c1cccc(OC2CCN(CC3CC3)CC2)c1,0.49,0.3792203811164716,-0.11077961888352839
3638,train,COc1c(cc2ccccc2c1C(=O)N(C)C[C@@H](CCN3CCC(CC3)c4ccc(O)cc4[S+](C)[O-])c5ccc(Cl)c(Cl)c5)C#N,3.5,3.2927858829698105,-0.20721411703018955
3945,train,CC(C)(C)c1ccc(cc1)C2=NC(=O)C(CC(=O)O)S2,-0.1,-0.15844406194276317,-0.058444061942763165
3145,train,CCNc1nc(N)c(s1)C(=O)c2ccc(Cl)s2,3.63,3.4328513213432537,-0.19714867865674623
3654,train,CN(c1ccnc(Nc2cc(cc(c2)N3CCOCC3)N4CCOCC4)n1)c5cccc6[nH]ncc56,3.23,3.573630526430109,0.34363052643010894
1301,train,COc1cc(ccc1Cc2cn(C)c3ccc(cc23)C(=O)NCCc4ccccc4)C(=O)NS(=O)(=O)c5ccccc5C,2.51,2.7927058268668787,0.28270582686687895
2788,train,CC(=O)Nc1cc2c(ccn2c3cc(NC4CC4)n5ncc(C#N)c5n3)cc1C,2.66,3.1470248436189547,0.4870248436189546
2642,train,COc1cc2ncnc(Nc3cccc(Cl)c3F)c2cc1OC4CCN(C)CC4,2.72,2.885320673039007,0.16532067303900666
3477,train,CN[C@@H](C)C(=O)N[C@@H](C1CCCCC1)C(=O)N2CCC[C@H]2C(=O)N[C@@H](C(c3ccccc3)c4ccccc4)C(=O)OC,2.42,2.2974074094436086,-0.12259259055639138
2662,train,CCCSc1ncccc1C(=O)N(C)C2CCCCC2,3.36,3.45509825561357,0.09509825561356999
2666,train,CCCSc1c(cnn1c2cccc(c2)C(=O)O)C(=O)NC3CCCCC3,0.7,0.8393527825570049,0.1393527825570049
3062,train,Fc1ccc(C2CCN(CC2)C(=O)COCc3ccncc3)c(Cl)c1,2.7,3.0190288735636397,0.3190288735636395
3549,train,Nc1nc2cc3CCN(Cc4cnc[nH]4)CCc3cc2s1,-0.12,-0.12918049431854017,-0.009180494318540178
2111,train,COc1ccc2c(c1)[nH]c3c(C)nccc23,2.9,3.2205345726565655,0.3205345726565656
3133,train,COC(=O)CCC(=O)Nc1ccc2c(c1)C(=O)C(=O)c3cc(NC(=O)CCC(=O)OC)ccc23,2.67,2.6286314511025926,-0.041368548897407376
3805,train,COc1cccc(c1)[C@@H](C)NCCCc2ccccc2Cl,3.0,3.205541784265841,0.2055417842658409
1840,train,OCC(CO)CN1C(=O)C(Cc2ccccc12)NC(=O)c3cc4cc(Cl)sc4[nH]3,3.56,3.492139942716664,-0.06786005728333588
3565,train,Nc1nc2cc3CCN(Cc4ccccc4)CCc3cc2s1,2.66,2.433828594081543,-0.22617140591845697
1683,train,COCCCc1cc(Nc2ccnc(NCc3onc(C)c3)n2)n[nH]1,2.04,2.1391323114047713,0.0991323114047713
2462,train,COc1ccc(cc1)[C@@H]2Sc3ccccc3N(CCN(C)C)C(=O)[C@@H]2OC(=O)C,1.99,2.0314073711407348,0.04140737114073478
3221,train,OC(=O)Cc1ccc(cc1)c2ccc(NC(=O)c3oc(Nc4ccccc4F)nn3)cc2,1.5,1.409955332534326,-0.09004466746567408
4014,train,CO[C@@H]1CC[C@@]2(CC1)Cc3ccc(cc3C24N=C(C)C(=N4)N)c5cc(Cl)cc(c5)C#N,3.8,3.87053289648229,0.07053289648229022
1645,train,OC(=O)[C@H](Cc1ccc(OCCc2ccc3OCCNc3n2)cc1)NC(=O)c4c(Cl)cccc4Cl,-0.18,-0.3259215547721701,-0.14592155477217011
733,train,CC(C)C(CCCN(C)CCc1ccccc1)(C#N)c2ccccc2,3.6,3.644050495871797,0.04405049587179688
3743,train,Nc1ccc2ncnc(Nc3ccc(F)c(Cl)c3)c2c1,2.64,2.5400676937627646,-0.09993230623723548
2076,train,Cc1ncc([N+](=O)[O-])n1CCO,-0.11,-0.439530194546375,-0.329530194546375
1457,train,C[C@H](NC(=O)c1c(NS(=O)(=O)c2ccc(C)cc2)n(nc1C(F)(F)F)c3ccccc3)C(C)(C)C,2.35,2.4169310781484645,0.06693107814846444
3524,train,COc1ccc2Sc3ccccc3N(C[C@H](C)CN(C)C)c2c1,2.99,3.078883548381064,0.08888354838106372
1638,train,C[C@@H]1CN(Cc2cc(Cl)ccc2OCC(=O)O)C[C@H](C)N1C(=O)Cc3ccccc3,0.7,0.5625547451964068,-0.13744525480359315
3104,train,O[C@H](CNC(=O)C1=NNC(=O)c2ccccc12)CN3CCC(CC3)Oc4ccc(Cl)c(Cl)c4,3.69,3.6107831250139952,-0.07921687498600471
1295,train,CC(N(O)C(=O)N)c1cc2ccccc2s1,2.05,1.8975455195335613,-0.1524544804664385
3700,train,CN[C@@H](C)C(=O)N[C@H]1CN(CC[C@H]2CC[C@H](N2C1=O)C(=O)NC(c3ccccc3)c4ccccc4)C(=O)CC(C)C,1.82,2.2117564115452404,0.3917564115452403
3358,train,CCN(CC)C(=O)c1ccc(cc1)C(=C2CCNCC2)c3cccc(c3)C(F)(F)F,1.9,1.9763326178271778,0.07633261782717793
3965,train,Brc1ccc(cc1)C2NC(=O)c3ccccc3N2,2.68,2.711176561509221,0.031176561509220768
1307,train,C[C@H](Oc1ccc(SCCCCCc2ccccc2)cc1)C(=O)c3nc(C)c(CCCC(=O)O)s3,2.03,2.788124618753507,0.7581246187535071
421,train,COc1cc(ccc1Nc2ncc(Cl)c(n2)c3cnc4c(F)cccn34)N5CCN(CC5)C(=O)C,3.5,3.586379707154313,0.08637970715431287
2706,train,COCCNc1nc(N)c2nc(O)n(Cc3ccccc3)c2n1,2.18,2.202776269010202,0.02277626901020202
2653,train,OC(=O)CN1C(=O)C(Cc2ccccc12)NC(=O)c3cc4sc(Cl)c(Cl)c4[nH]3,0.67,0.7789689283863128,0.10896892838631278
2960,train,CC(C)[C@@H](CN1CCCCC1)N(C)C(=O)Cc2ccc(Cl)c(Cl)c2,2.87,3.288423027315364,0.41842302731536396
3379,train,Cc1nc(C)c(nc1C(=O)N)c2ccc(cc2)[C@@H]3CC[C@@H](Cc4nnn[nH]4)CC3,1.4,1.3008035411948997,-0.0991964588051002
3751,train,C[C@H](Nc1nc(NC[C@@H](O)CO)c(Cl)c(Nc2cc([nH]n2)C3CC3)n1)c4ccc(F)cc4,3.39,3.5066089021123856,0.1166089021123855
267,train,N#CC[C@H](C1CCCC1)n2cc(cn2)c3ncnc4[nH]ccc34,2.55,2.966309913722589,0.4163099137225892
2183,train,C1CN(CCO1)c2cc(Nc3nccc(Nc4cccc5[nH]ncc45)n3)cc(c2)N6CCOCC6,3.05,3.3984647133781163,0.34846471337811646
2236,train,C[C@H](CO)Nc1nc(SCc2csc(C)n2)nc3nc(N)sc13,1.73,1.6358690045216726,-0.09413099547832737
1359,train,C[C@H](Oc1ncc(Cl)c(Nc2cc(C)[nH]n2)n1)c3ncc(F)cn3,1.82,1.887492883223868,0.06749288322386793
790,train,CC(C)CN1C(=O)N(C)C(=O)c2c1sc(Cc3ccccc3C(F)(F)F)c2C(=O)N4CCCCC4,4.07,4.226208084450276,0.15620808445027556
1607,train,CN(C)C(=O)N[C@@H]1CC[C@H](CCN2[C@@H]3CC[C@H]2C[C@H](C3)Oc4cccc(c4)C(=O)N)CC1,0.22,0.22954295181774476,0.009542951817744755
2548,train,COc1ccc(cc1)c2nc3c(NCCCNC(=O)C)c(Br)cnc3[nH]2,3.28,3.3463040706522365,0.06630407065223665
375,train,CCCN[C@H]1CCc2nc(N)sc2C1,3.15,3.3118724907568167,0.16187249075681676
3634,train,Oc1cccc2ccc(nc12)C#N,1.81,1.9869598030821838,0.17695980308218373
3828,train,Cc1cc(CN2Cc3ccccc3C2C(=O)Nc4cc(Cl)ccc4Cl)ccc1OCC(=O)O,2.19,1.7404557834267997,-0.4495442165732002
3825,train,CC1Cc2ccccc2N1NC(=O)c3ccc(Cl)c(c3)S(=O)(=O)N,1.83,1.9451561525189256,0.11515615251892553
4013,train,C[C@H](Oc1nc(Nc2cc(C)[nH]n2)c(C)nc1C#N)c3ccc(F)cn3,2.86,2.8639009475377497,0.0039009475377498326
603,train,COc1cccc(Nc2oc(nn2)C(=O)Nc3ccc(nc3)N4CCOCC4)c1,2.8,3.120781697839625,0.32078169783962496
2546,train,Fc1ncccc1OC[C@@H]2CCN2,-1.2,-1.1718935964533235,0.028106403546676484
1917,train,OC(=O)c1cccc(c1)c2cccc(c2)C#N,0.3,0.11214539076622643,-0.18785460923377356
448,train,Cc1ccc(O)c(O)c1,1.37,1.129068030812185,-0.24093196918781512
2777,train,O=C1C=C(OCc2ccccc2)C=CN1c3ccc4c(cnn4CCN5CCCC5)c3,2.0,2.248126267175379,0.24812626717537878
2929,train,CC(C)CN1C(=O)N(C)C(=O)c2c1sc(Cc3ccccc3C(F)(F)F)c2C(=O)N4CCCC4,3.8,3.8633590782788128,0.06335907827881293
3289,train,CC(C)C(NC(=O)CN1C(=O)C(=CN=C1c2cccnc2)NC(=O)OCc3ccccc3)C(=O)C(F)(F)F,2.15,2.010996649098572,-0.13900335090142812
3786,train,COCCCCC(=NOCCN)c1ccc(cc1)C(F)(F)F,1.55,1.890093808059926,0.34009380805992606
1593,train,O=C1C2=Nc3ccccc3CN2c4ccccc14,2.71,2.8855608607438237,0.1755608607438237
3282,train,CCCN(CCO)CCCOc1cc2ncnc(Nc3cc(CC(=O)Nc4cccc(F)c4F)[nH]n3)c2cc1OC,1.28,1.4436210158743186,0.16362101587431854
983,train,C[C@@H]1CN(CCN1C(=O)[C@@H]2CCCC[C@H]2C(=O)NC3(CC3)C#N)c4ccc5c(C)noc5c4,2.67,2.808194318720645,0.13819431872064492
2032,train,CC(NC(=O)C1(N)CCN(CC1)c2ncnc3[nH]ccc23)c4cccnc4,1.2,1.4072091527015858,0.2072091527015858
1799,train,CN1C(=O)c2c(onc2c3ccncc3)C=C1c4ccccc4,3.17,3.098095744983021,-0.07190425501697906
2057,train,CS(=O)(=O)c1cccc(Nc2nccc(Nc3c(Cl)ccc4ccoc34)n2)c1,3.7,3.6175508944064387,-0.08244910559356144
794,train,CC(C)(C)OC(=O)N1CCN(CC1)c2ccc(OCc3ccc(cc3)S(=O)(=O)C)cc2,3.9,4.089407810661283,0.18940781066128265
2402,train,NS(=O)(=O)c1ccc(Nc2nccc(n2)c3ccccc3)cc1,2.86,3.3209972375692884,0.46099723756928856
2634,train,CN1C(=O)CN=C(c2ccccc2)c3cc(Cl)ccc13,2.69,2.965374830162565,0.27537483016256514
2931,train,CCOC(=O)c1c(C)n(Cc2occc2)c3ccc(O)cc13,3.5,3.0391191073381734,-0.46088089266182664
2803,train,[O-][N+](=O)c1ccc2NC(=O)CN=C(c3ccccc3Cl)c2c1,3.72,3.908118729481367,0.18811872948136665
1636,train,C[C@@H](NC(=O)C1(N)CCN(CC1)c2ncnc3[nH]ccc23)c4ccc(Cl)cc4,3.3,3.7793525247423023,0.4793525247423025
1558,train,CNC(=O)c1ccc(C)c(c1)N2C(=CC(=C(Br)C2=O)OCc3ccc(F)cc3F)C,2.8,2.560297615269299,-0.23970238473070093
3642,train,OC1(CNC(=O)c2cc(ccc2Cl)N3N=CC(=O)NC3=O)CCCCCC1,0.26,0.5520339163874532,0.29203391638745324
1012,train,CC(C)C(NC(=O)CN1C(=O)C(=CC=C1c2ccccc2)NC(=O)OCc3cc(C)nc(C)c3)C(=O)C(F)(F)F,2.38,2.244543551597686,-0.13545644840231397
2024,train,C\N=C(/S)\n1nc(nc1N)c2ccc(Cl)cc2,4.12,4.200422972719717,0.08042297271971677
684,train,O[C@@H](CNCCCCCCCCCN1CCC(CC1)OC(=O)Nc2ccccc2c3ccccc3)c4ccc(O)c5NC(=O)C=Cc45,2.16,2.2674908089024957,0.10749080890249552
339,train,CS(=O)(=O)Cc1cc(nc(n1)c2cnc3[nH]ccc3c2)N4CCOCC4,1.92,1.936001544923164,0.01600154492316408
3951,train,COc1cccc(OC)c1c2ccc(C[C@H](NC(=O)c3c(Cl)cccc3Cl)C(=O)O)cc2,-0.27,-0.16475661706984646,0.10524338293015356
1167,train,Cc1onc(C(=O)N)c1C(=O)Nc2nccs2,1.63,1.128172279615623,-0.5018277203843768
1539,train,Clc1ccc(COC(Cn2ccnc2)c3ccc(Cl)cc3Cl)cc1,2.54,2.7128810121273297,0.17288101212732965
306,train,Clc1ccc(cc1)C2(CCCC2)C(=O)Nc3oc(nn3)C(=O)Nc4ccc(cc4)N5CCOCC5,3.72,4.309854573335977,0.5898545733359772
4175,train,CC(C)(C)OC(=O)N1CCN(CC1)c2ncc(OCc3ccc(cc3)S(=O)(=O)C)nn2,2.93,3.1226229441041857,0.19262294410418557
1188,train,NC(=O)c1cccc(c1)[S+]([O-])[C@H]2C[C@H]3CC[C@@H](C2)N3Cc4ccccc4,1.1,1.020798614773658,-0.07920138522634201
38,train,COc1ccc2ncc(C#N)c(CCN3CCC(CC3)NCc4cc5SCOc5cn4)c2c1,2.55,2.5157328906327248,-0.03426710936727506
2881,train,CCOc1ccc2oc(C(=O)NC(CCSC)c3nc4cnccc4[nH]3)c(C)c2c1,4.31,4.545997118096139,0.23599711809613932
957,train,CCCSc1ccc2nc(NC(=O)OC)[nH]c2c1,3.24,3.3988111852268466,0.15881118522684634
230,train,OC(=O)[C@H](Cc1ccccc1)N2CCC(CN3CCC(CC3)Oc4ccc(Cl)c(Cl)c4)CC2,2.5,2.316532409666273,-0.18346759033372706
4181,train,CN1CCCC1CCOC(C)(c2ccccc2)c3ccc(Cl)cc3,3.04,3.233342101206714,0.19334210120671402
1434,train,CCCSc1nc2ccc(NC(=O)CCNC(=O)N)cc2s1,2.9,2.856331492031214,-0.04366850796878596
4187,train,CN1CCC[C@@H]([C@H]1C(=O)Nc2ccc(OCc3cc(C)nc4ccccc34)cc2)C(=O)NO,2.41,2.4371495036149424,0.027149503614942283
2985,train,Clc1ccc2[nH]ccc2c1,3.28,3.4395635626931633,0.15956356269316352
1978,train,CC(=O)NC[C@H]1CN(C(=O)O1)c2ccc(N3CCN(CC3)c4cnccn4)c(F)c2,1.49,1.6176793770675868,0.1276793770675868
2493,train,Oc1ccc(Br)c2ccccc12,4.3,4.344158033841591,0.04415803384159123
2963,train,CC(=O)NC[C@H]1CN(C(=O)O1)c2ccc(c(F)c2)n3ccnc3,0.7,0.655791678970054,-0.044208321029945985
363,train,CCN1CCC[C@H]1CNC(=O)c2c(OC)ccc(Br)c2OC,0.05,0.23041737388338523,0.18041737388338525
320,train,COc1cc(ccc1Nc2ncc(Cl)c(n2)c3cnc4c(F)cc(F)cn34)N5CCN(CC5)C(=O)C,3.2,3.56737971732949,0.3673797173294897
2763,train,Cc1cc(C)n(n1)c2cccc(Cl)c2C#N,3.0,2.9185177662179767,-0.08148223378202335
775,train,CN1C(=O)c2c(onc2c3ccccc3)C=C1c4ccncc4,2.61,2.7568850698292247,0.14688506982922478
1367,train,CC1=CN([C@H]2CCCN(C2)S(=O)(=O)c3ccc(C(=O)O)c(Oc4cccc(Cl)c4)c3)C(=O)NC1=O,-1.28,-0.848340947278698,0.431659052721302
44,train,OC(=O)COc1ccc(cc1c2cc(ccc2F)C#N)C(F)(F)F,-0.16,0.03310180063551238,0.19310180063551238
1787,train,CC1=CN([C@H]2CCCN(Cc3cccc(Oc4cccc(Br)c4)c3)C2)C(=O)NC1=O,3.68,3.81754685254082,0.13754685254081966
3732,train,CC(=O)NCc1ccc(CN2CCN(CC2)c3ccc(F)cc3F)cc1,2.5,2.303879173880146,-0.19612082611985393
1574,train,CC(=O)Nc1ccc(O)cc1OC[C@@H](O)CN2CCC3(CC2)Cc4cc(Cl)ccc4O3,2.76,2.727421116827548,-0.03257888317245161
3618,train,COc1ccc(cc1)c2cc(O)nc(N)n2,1.52,1.581339165314322,0.06133916531432204
2529,train,CCCN(CCO)CCCOc1ccc2c(Nc3cc(CC(=O)Nc4cccc(F)c4F)[nH]n3)ncnc2c1,2.19,1.922228638216869,-0.267771361783131
523,train,C[C@H]1CN(Cc2cc(Cl)ccc2CCC(=O)O)CCN1C(=O)Cc3ccccc3,1.52,1.540692348970532,0.02069234897053196
2672,train,COc1ccccc1Oc2ccc(cc2)N(Cc3cccnc3)S(=O)(=O)CC(F)(F)F,1.5,1.6653964749522117,0.16539647495221166
1180,train,CC[C@H](NC(=O)c1c([S+](C)[O-])c(nc2ccccc12)c3ccccc3)c4cccnc4,2.2,2.237909324255452,0.03790932425545179
1056,train,CCCc1c(O)c(ccc1OCc2ccc(cc2)C(=O)O)C(=O)C,2.1,2.115003750125421,0.01500375012542099
82,train,COc1ccc(cc1)C2=COc3cc(O)cc(O)c3C2=O,3.5,3.5564217497898545,0.05642174978985448
838,train,CCc1c(C)[nH]c2CCC(CN3CCOCC3)C(=O)c12,1.54,1.6644847449829931,0.12448474498299311
2639,train,O[C@H]1CN(CCN2C(=O)C=Cc3ccc(cc23)C#N)CC[C@H]1NCc4cc5OCCOc5cn4,0.45,0.49046300570330925,0.04046300570330924
1541,train,CS(=O)(=O)c1ccc2C(=CNC(=O)c2c1)C(=O)NC[C@@H](O)CN3CCC(CC3)Oc4ccc(C#N)c(Cl)c4,1.41,1.6960896727652808,0.28608967276528086
1853,train,NC1=CC2=NNC(=O)N2c3cc(ccc13)c4cccs4,3.26,3.3984855363940665,0.1384855363940667
672,train,FC(F)c1nc2ccccc2n1c3nc(nc(n3)N4CCOCC4)N5CCOCC5,3.04,3.355125365388514,0.31512536538851377
3486,train,CCCSc1c(cnn1C)C(=O)NC2CCCCC2,2.99,3.0853809077747067,0.09538090777470654
1784,train,Nc1nc2ccccc2n1C(=O)c3ccccc3,1.56,1.7143804509114315,0.1543804509114315
337,train,CNCC[C@@H](Oc1ccc(cc1)C(F)(F)F)c2ccccc2,1.96,2.2525460969151347,0.2925460969151348
1362,train,CC1=C(N2[C@H](SC1)[C@H](NC(=O)[C@H](N)c3ccc(O)cc3)C2=O)C(=O)O,-0.86,-0.6779415804194691,0.18205841958053093
2663,train,CCOC(=O)C1=Cc2ccc(O)cc2OC1=O,1.2,1.2784334763823493,0.07843347638234932
2895,train,CC1=C(C(=O)c2cc(O)c(O)c(Cc3ccccc3)c2C1=O)C4=C(C)C(=O)c5c(Cc6ccccc6)c(O)c(O)cc5C4=O,2.73,2.5608988075527286,-0.1691011924472714
4183,train,Oc1c(C#N)c(nc2ccncc12)c3ccc(cc3)c4ccccc4OC(F)(F)F,3.45,3.478274416970673,0.02827441697067279
1873,train,CS(=O)(=O)n1c2ccccc2c3cc(NC(=O)N4CCOCC4)ccc13,2.7,3.360816917446159,0.6608169174461587
1224,train,NC(=N)Nc1ccc(cc1)C(=O)Oc2ccccc2,-0.21,-0.12195577540940672,0.08804422459059327
2260,train,CC(C)CN1C(=O)N(C)C(=O)c2c1sc(Cc3c(C)n[nH]c3C)c2C(=O)N4C[C@H](O)CO4,1.07,1.0381626241057373,-0.03183737589426272
4191,train,CCOC(=O)c1ccc(OCC2CN(C2)c3ccc(C)nn3)cc1,3.1,3.397229792848834,0.2972297928488339
3401,train,CN1c2ccccc2C(NCCCCCCC(=O)O)c3ccc(Cl)cc3S1(=O)=O,1.33,1.5039651761708552,0.17396517617085516
3179,train,NC(=O)c1cccnc1Oc2ccccc2,1.13,1.1009279661214821,-0.029072033878517756
3995,train,CCCN1CCN(CC1)c2ccc(cc2)C(=O)NC3(CCCCC3)C(=O)NCC#N,1.33,1.4236711928531731,0.09367119285317305
1242,train,OC(=O)CNCCNc1ccc(Cl)c(c1)C(=O)NCC23CC4CC(CC(C4)C2)C3,1.94,2.0111843454506806,0.07118434545068064
2826,train,CC1=C(C(=O)N(C[C@H](N)c2ccccc2)C(=O)N1Cc3c(F)cccc3F)c4ccc5OCOc5c4,2.67,2.4066097128646957,-0.2633902871353042
4163,train,Cc1nc(cs1)C(=O)N2CCCC3(CCN(Cc4ccc(Cl)cc4)CC3)C2,0.64,0.47845202981540313,-0.16154797018459688
123,train,Nc1c(NC2CC3CCC2C3)nc(nc1N4CCOCC4)C#N,3.53,3.435035135141055,-0.09496486485894495
121,train,CN(C1CCN(CCC(c2ccccc2)c3ccccc3)CC1)C(=O)C4CCC4,3.2,3.480263448806771,0.280263448806771
3952,train,COc1cc(OC)c(cc1NC(=O)\C=C\C(=O)O)S(=O)(=O)N2c3ccccc3Oc4ccccc24,-0.71,-0.4068395055469778,0.3031604944530222
427,train,CS(=O)(=O)c1ccc2nc(sc2c1)N3CCN(CC3)C(=O)[C@@H]4CCCC[C@H]4C(=O)NC5(CC5)C#N,1.49,1.9161926387703776,0.4261926387703776
1615,train,COc1cccc2sc(NC(=O)c3ccccc3)nc12,3.96,3.9463682961138637,-0.013631703886136215
4087,train,Fc1ccc(CC2=NNC(=O)c3ccccc23)cc1C(=O)N4CCN(CC4)C(=O)C5CCOC5,0.8,1.0555675564483302,0.2555675564483302
4195,train,OCCc1ccc(NC(=O)c2cc3cc(Cl)ccc3[nH]2)cc1,3.85,3.643943777915051,-0.2060562220849489
730,train,NC1=NC(Nc2c(F)ccc(F)c12)c3occc3,1.2,1.4578998929473537,0.2578998929473537
1036,train,CC1(C)Cc2c(c3ccccc3)c(c(CC(=O)O)n2C1)c4ccc(Cl)cc4,3.07,2.9767629231254267,-0.09323707687457317
3957,train,CC(=O)Nc1ccc(O)cc1OC[C@@H](O)CN2CCC3(CC2)Cc4cc(F)ccc4O3,2.1,2.2155412839027853,0.11554128390278517
261,train,CSCCC(NC(=O)c1sccc1Cl)c2nc3ccccc3[nH]2,3.69,3.7208962455897994,0.03089624558979942
2511,train,OC(=O)COc1ccc(Cl)cc1CN2CCCN(CC2)S(=O)(=O)c3ccccc3,1.01,1.0168574251922073,0.006857425192207334
847,train,C[Si](C)(C)C#Cc1cn(C[C@H]2CN(C(=O)O2)c3ccc(C4=CCS(=O)(=O)CC4)c(F)c3)nn1,1.26,1.2921661830995177,0.03216618309951769
791,train,Nc1c(NC2CCCC2)nc(nc1N3CCOCC3)C#N,2.59,2.549991017697363,-0.04000898230263683
1529,train,OC(=O)c1ccccc1c2ccc(Cl)c(c2)C(=O)NCC3(O)CCCCCC3,-0.34,-0.17369142616390887,0.16630857383609116
547,train,Oc1ccc(cc1)c2ccc3cc(O)ccc3c2,4.0,3.671722982631419,-0.32827701736858117
2926,train,Cc1nc2c(cnn2c(O)c1Cc3ccccc3)C#N,0.68,0.5485021015154168,-0.13149789848458326
2528,train,CCN(CC)C(=O)Cc1csc(NS(=O)(=O)c2cccc(Cl)c2C)n1,1.67,1.8647027791364426,0.19470277913644263
1579,train,CCOC(=O)Nc1ccc2Sc3ccccc3N(C(=O)CCN4CCOCC4)c2c1,3.1,3.125901629188575,0.02590162918857475
1532,train,COc1ccc(N(C(C(=O)NC[C@@H](C)O)c2ccccc2F)C(=O)c3occc3CO)c(OC)c1,1.37,1.5048495759316387,0.1348495759316386
4177,train,Cc1ccnc2nc(nn12)C(=O)Nc3nccs3,0.31,0.47316717728804014,0.16316717728804014
2750,train,COc1cc2c(Nc3cc(CC(=O)Nc4cccc(F)c4F)[nH]n3)ncnc2cc1OCCCN5CCC[C@@H]5CO,1.96,1.6949172935859886,-0.2650827064140113
897,train,NC1(CCC1)c2ccc(cc2)N3C(=O)c4ccccc4N=C3c5ccccc5,1.6,1.9737730498144657,0.3737730498144656
3854,train,Nc1nc(nc2c1nc(O)n2Cc3ccccc3)c4ccccc4,4.16,4.1071222684597215,-0.05287773154027864
614,train,CN1SC(=NC1=O)NCc2ccccc2,1.2,1.3622778562217177,0.16227785622171775
1436,train,CCC(N1NC(=O)c2nc3cc(Cl)ccc3c(O)c2C1=O)c4cccnc4,0.7,0.6921556058248177,-0.007844394175182234
1340,train,NS(=O)(=O)c1cc(Cl)c(Cl)c(c1)S(=O)(=O)N,0.92,0.8847617069652358,-0.03523829303476422
663,train,CCn1c(C)ncc1c2ccnc(Nc3ccc(cc3)C(=O)NC)n2,2.53,2.708836141278959,0.1788361412789592
2215,train,O=C1CCCc2nc(ccc12)C#Cc3ccccc3,3.53,3.3972785244903285,-0.13272147550967128
2636,train,CC(C)(N)C(=O)N[C@H](Cc1c[nH]c2ccccc12)C(=O)N[C@H](Cc3c[nH]c4ccccc34)NC=O,1.0,0.9203177297219785,-0.07968227027802155
1494,train,OC(=O)c1ccc2cccc(O)c2n1,3.3,3.0629455541308954,-0.2370544458691044
3363,train,CC(C)[C@@H]1N(C)c2ccccc2C[C@@H](CO)NC1=O,2.03,2.0480555169973793,0.018055516997379506
856,train,CCOC(=O)[C@H](Cc1ccc(cc1)[N+](=O)[O-])NC(=O)c2ccccc2,2.79,2.5919216308162074,-0.19807836918379262
2999,train,Nc1nccc(n1)c2c[nH]c3ccccc23,1.68,1.7929370138357497,0.11293701383574972
3760,train,CN(C1CCN(Cc2ccc(cc2)C(F)(F)F)CC1)C(=O)Cc3ccc(cc3)S(=O)(=O)C,2.5,2.3521067158263436,-0.14789328417365644
2658,train,O=S(=O)(Nc1ccc(cc1)S(=O)(=O)Nc2nccs2)c3ccc4OCCOc4c3,1.97,2.280926715340232,0.310926715340232
731,train,CC(C)NC(=O)c1cnc(N2CCC(CC2)N3C(=O)OCc4ccccc34)c(Cl)c1,3.57,3.4790422656838453,-0.0909577343161545
821,train,CCOC(=O)C1(CCN(C)CC1)c2ccccc2,1.4,1.7678005245916184,0.3678005245916185
3242,train,CCc1cc(OCc2ccc(cc2)c3ccccc3c4nn[nH]n4)c5CCCCc5n1,1.7,1.7454414135530836,0.04544141355308362
1387,train,NC(=O)c1cc2ccccc2nc1N,1.07,1.1979129704640674,0.12791297046406735
1424,train,Nc1ccccc1NC(=O)c2ccc(cc2)c3ncc(CN4CCCCC4)s3,2.82,3.044966904317585,0.22496690431758504
190,train,C[C@@H](NCc1ccccc1c2ccc(CCNC[C@H](O)c3ccc(O)c4NC(=O)Sc34)cc2)c5ccccc5,2.28,2.33062637401954,0.050626374019540066
258,train,CC(C)C(=O)NCCNCC(O)COc1ccc(O)cc1,-0.15,-0.08470412289547813,0.06529587710452187
170,train,CCN1CCC[C@H]1CNC(=O)c2c(O)c(Cl)cc(Cl)c2OC,1.09,0.880081734130377,-0.20991826586962303
221,train,CC(Cc1cccc(CNCCc2c(Cl)cccc2Cl)c1)NC[C@H](O)c3ccc(O)c4NC(=O)Sc34,2.41,2.7069416806403024,0.29694168064030224
1339,train,O[C@@H](CNCCc1ccc(CNCCc2ccccc2)cc1)c3ccc(O)c4NC(=O)Sc34,1.11,1.0809036718974583,-0.029096328102541813
1817,train,CC1=CN([C@H]2CCCN(Cc3ccc(C(=O)O)c(Oc4cccc(Cl)c4)c3)C2)C(=O)NC1=O,-0.55,-0.6836068868007601,-0.13360688680076005
2871,train,COc1cc(ccc1Cn2ccc3ccc(NC(=O)OC4CCCC4)cc23)C(=O)O,2.1,2.2426041190287473,0.14260411902874726
3040,train,CN1C(=O)CC(C1=O)c2ccccc2,0.68,0.909794298036031,0.2297942980360309
3222,train,O=S(=O)(N1CCCC1)c2ccccc2c3ccc(CNC4CCOCC4)cc3,1.4,1.623288143176401,0.2232881431764011
355,train,CN(C)CC(O)COc1ccc(Nc2cc(Nc3cc(C)ccc3Cl)ncn2)cc1,2.16,2.3842724189965185,0.2242724189965184
3030,train,COc1cc(F)ccc1c2cncc(CNC(C)C)c2,1.5,1.4715959424801928,-0.028404057519807235
701,train,CC\C(=C(/c1ccccc1)\c2ccc(\C=C\C(=O)O)cc2)\c3ccccc3,3.89,3.804263214407221,-0.08573678559277909
1308,train,Fc1ccc(CN2CCN(CC2)[C@H](c3ccc(cc3)C(=O)N4CCC4)c5cccc(NC(=O)C6CC6)c5)cc1,3.58,3.905647153171473,0.32564715317147286
3617,train,COc1cc2ncnc(NCc3cccc(C)c3)c2cc1OC,3.5,3.579492205420154,0.0794922054201539
1504,train,CCCC1=CC(=O)NC(=S)N1,0.7,0.8685674739354552,0.16856747393545524
3175,train,COc1cc(O)c(cc1NC(=O)CCC(=O)O)S(=O)(=O)N2C(C)CCc3ccccc23,-0.27,-0.23613415603669985,0.03386584396330017
3926,train,C[C@H](NC(=O)\C=C\c1ccccc1)c2cccc(c2)N3CCOCC3,3.24,3.5489188122509385,0.3089188122509383
2585,train,O=C(NC1CC1)Nc2c[nH]nc2c3nc4cc(CN5CCOCC5)ccc4[nH]3,2.3,2.501087730924951,0.20108773092495102
2783,train,Cc1cc(nn1C[C@H](O)CN)c2ccc(Cl)c(c2)C(=O)NCC3(O)CCCCCC3,0.57,0.7995527688618655,0.2295527688618656
3109,train,COc1ccc2[nH]c(cc2c1)C(=O)N3CCN(C)CC3,1.62,2.158523817310746,0.5385238173107458
1418,train,CCN(C1CCN(CC[C@H](c2ccc(cc2)S(=O)(=O)C)c3cc(F)c(F)c(F)c3)CC1)C(=O)Cc4ccc(cc4)S(=O)(=O)C,2.55,2.1834704414210373,-0.3665295585789625
1331,train,CO[C@@H]1CN(CCN2C(=O)C=Nc3ccc(OC)cc23)CC[C@H]1NCc4ccc5OCC(=O)Nc5n4,0.97,0.8452069421246238,-0.1247930578753762
1608,train,COCCNC(=O)c1ccc(Nc2ncc3cc(ccc3n2)c4cccnc4)cc1,3.11,3.2069072101555074,0.09690721015550752
2257,train,Cc1ccc(CN2C(=O)CCSc3ccc(Cl)cc23)cc1,3.7,3.693036496290901,-0.00696350370909915
835,train,CC(=O)N1CCN(CC1)c2ccc(Nc3nccc(n3)c4cnc5ccccn45)cc2,2.82,2.9464435996716616,0.12644359967166174
692,train,O=C(CSc1ccncc1)Nc2ccc(cc2)C(=O)c3ccccc3,3.6,3.5185083881023904,-0.08149161189760967
931,train,Oc1ccc(Nc2nc(cs2)c3ccc(cc3)C#N)cc1,4.1,4.364938246925899,0.2649382469258992
3837,train,CC(NC(=O)C1(N)CCN(CC1)c2ncnc3[nH]ccc23)c4ccccn4,1.3,1.4744700970984614,0.1744700970984614
3605,train,Cc1c(N)cccc1CN2C=CC(=CC2=O)OCCc3cccs3,2.78,2.428504517643926,-0.35149548235607364
1535,train,CC(C)Nc1nc(NCc2ccccc2)c3sccc3n1,3.9,4.037422428319652,0.13742242831965212
1797,train,Cc1ncc2CN=C(c3ccccc3F)c4cc(Cl)ccc4n12,3.4,3.4397273993394952,0.03972739933949532
858,train,CC[S+]([O-])c1ncccc1C2(O)CCN(CC34CC(c5ccccc35)c6ccccc46)CC2,2.0,2.0703531712180046,0.07035317121800455
3948,train,COc1ccc2c(Oc3ccc(CC(=O)Nc4cn(C)nc4C)c(OC)c3)ccnc2c1,3.5,3.7113436870225405,0.21134368702254047
1220,train,COc1cccc(COCC(O)CN2CCC(CC2)C(=O)N)c1,-0.5,-0.3968250809175964,0.10317491908240362
1811,train,Cc1cc(CCCOc2c(C)cc(cc2C)c3noc(n3)C(F)(F)F)on1,3.63,3.598449392378857,-0.03155060762114292
2802,train,CN(C(CN1CCCC1)c2ccccc2)C(=O)Cc3ccc(Cl)c(Cl)c3,3.38,3.1859434942431366,-0.19405650575686328
1723,train,NS(=O)(=O)c1cc(ccc1Cl)C2(O)NC(=O)c3ccccc23,0.97,1.155475374748541,0.18547537474854092
3411,train,NS(=O)(=O)c1cc(cc(N2CCCC2)c1Oc3ccccc3)C(=O)O,-0.94,-1.0114554398493802,-0.0714554398493803
4048,train,O=C(NCc1ccncc1)c2ccc(Oc3ccccc3)cc2,3.26,3.436240701002018,0.17624070100201816
4097,train,COc1cc(c2nc(cc(n2)C3(CC3)S(=O)(=O)C)N4CCOCC4)c5cc[nH]c5c1,2.4,2.807191415754505,0.4071914157545051
882,train,CC(C)NC[C@H](O)COc1cccc2ccccc12,0.99,0.8651190957314978,-0.12488090426850218
2477,train,CCN(CC)CCN1C(=O)[C@@](O)(c2ccccc2Cl)c3c1cc(cc3C(F)(F)F)C(=O)N,2.4,2.817945202054404,0.4179452020544039
1410,train,COC(=O)c1ccc2OCC(=O)N(CCN3CCC(CC3)NCc4ccc5OCC(=O)Nc5n4)c2c1,0.83,1.1770289315085627,0.34702893150856273
4078,train,FC(F)(F)c1ccc(NC(=O)N2CCN(C[C@@H]3CCCN(C3)C4CC4)CC2)cc1Cl,4.06,4.110291994221065,0.05029199422106512
2184,train,CC(C)(C)CNc1nc(nc(N2CCOCC2)c1N)C#N,3.08,3.016057689475213,-0.06394231052478716
3002,train,CCC(N(CCCN)C(=O)c1ccc(C)cc1)C2=Nc3ccsc3C(=O)N2Cc4ccc(OC)cc4,2.15,2.418312699717203,0.2683126997172032
58,train,NC(=O)c1cc(F)cc(O[C@H]2C[C@H]3CC[C@@H](C2)N3Cc4ccccc4)c1,2.14,2.086398895654861,-0.053601104345139206
3017,train,Oc1cccc(NC(=O)c2ccc(OCCCN3CCCC3)cc2OCc4cscn4)c1,1.56,1.8422161271252113,0.28221612712521127
176,train,CC1CC(CC(C)(C)C1)OC(=O)C(O)c2ccccc2,2.31,2.2988047205764484,-0.011195279423551696
2417,train,COc1ccc(CC(=O)NC(N\C(=N\C#N)\Nc2ccccc2C)C(C)(C)C)cc1OC,2.48,2.667272895326934,0.18727289532693403
2919,train,COc1cccc(NC(=O)c2cccc(Cc3c(C)nn(CCO)c3c4ccccc4)c2)c1,4.29,4.3163675499915835,0.026367549991583417
3573,train,Oc1ccc(CCNCCN(C2CCCCC2)C(=O)CCNCCc3ccc(Cl)c(Cl)c3)c4OCC(=O)Nc14,2.23,2.4132685771606974,0.18326857716069744
540,train,Oc1ccc(cc1)c2csc(n2)c3ccc(O)cc3,3.7,3.576027920745679,-0.12397207925432108
3080,train,CCOC(=O)C1=C(C)NC(=C([C@H]1c2cccc3C(=O)C=C(C)Oc23)C(=O)C)C,2.63,2.650954302618561,0.020954302618561016
4047,train,CNc1cccc(CCCc2ccc(C[C@H](NC(=O)c3c(Cl)cccc3Cl)C(=O)O)cc2)n1,0.57,0.3294202586154169,-0.24057974138458305
3728,train,CN(C)CCNc1cc(nc2cc(nn12)c3ccc(F)cc3)c4ccccc4,4.5,4.654898454827051,0.1548984548270509
531,train,COc1ccc(N(C(C(=O)NC2CCCC2)c3ccccc3F)C(=O)c4occc4)c(OC)c1,3.09,3.2715712786360927,0.1815712786360928
2282,train,CCN(C1CCN(CC[C@H](C2CCN(CC2)S(=O)(=O)C)c3cccc(F)c3)CC1)C(=O)Cc4ccc(cc4)S(=O)(=O)C,1.44,1.5987025239271526,0.15870252392715267
806,train,COc1cc(F)ccc1c2cncc(CNC(=O)c3ccccc3)c2,3.76,3.82018428995693,0.06018428995693004
388,train,C[C@]1(CCSC(=N1)N)c2cc(c(F)cc2F)c3cncnc3,0.8,0.9628451246937915,0.16284512469379142
1173,train,Cc1ccc(s1)C(NC(=O)c2ccccc2O)C(=O)Nc3c(C)cccc3C,4.05,3.934457820198774,-0.11554217980122594
3465,train,CC[C@H](C)C(=O)O[C@H]1C[C@H](O)C=C2C=C[C@H](C)[C@H](CC[C@@H](O)C[C@@H](O)CC(=O)O)[C@@H]12,-0.76,-0.5381832815312948,0.2218167184687052
3529,train,C[C@@](O)(C(=O)Nc1ccc(cc1Cl)C(=O)N2CCCCC2)C(F)(F)F,2.62,2.6500174115050688,0.030017411505068647
1858,train,NC(=O)N(c1ccc(C(=O)N)c(n1)c2ccc(F)cc2F)c3c(F)cccc3F,1.6,1.6584584340230897,0.05845843402308959
1352,train,CCN(C1CCN(CCC(c2ccccc2)c3ccccc3)CC1)C(=O)Cc4ccc(cc4)S(=O)(=O)C,3.0,3.2013033605921257,0.20130336059212572
651,train,CS(=O)(=O)N1CCN(Cc2cc3nc(nc(N4CCOCC4)c3s2)c5cccc6[nH]ncc56)CC1,3.3,3.346079572511521,0.04607957251152106
197,train,Fc1ccc(cc1)S(=O)(=O)NC(=O)N2CCC(CC2)N3CCC(CC3)Oc4ccc(Cl)c(Cl)c4,1.79,1.9674194270725915,0.1774194270725915
2682,train,CN1C[C@H](c2ccccc2)c3cccc(N)c3C1,2.11,1.946789692814488,-0.16321030718551177
3691,train,NC(=O)c1cccc(O[C@H]2C[C@H]3CC[C@@H](C2)N3CC4CCCCC4)c1,1.55,1.3791437038180385,-0.17085629618196152
3014,train,O[C@H](CNC(=O)c1cnnc2ccccc12)CN3CCC(CC3)Oc4ccc(Cl)c(Cl)c4,3.28,3.396575024680615,0.11657502468061498
326,train,CC1N(C(=O)c2ccccc2)c3ccccc3NC1=O,2.11,2.1714320446645923,0.0614320446645924
3869,train,O=C1C=C(N=C2C=CC=CN12)N3CCOCC3,1.0,1.0675478762294204,0.06754787622942038
2034,train,Cc1ccc2c(c1)c([S+]([O-])c3ccc(Cl)cc3)c(C)n2CC(=O)O,0.05,0.11778813888023754,0.06778813888023753
1827,train,CC[C@H](NC(=O)c1c(CC[S+](C)[O-])c(nc2ccccc12)c3ccccc3)c4ccccc4,3.15,3.4865203312870428,0.33652033128704284
2948,train,NC1(CCC1)c2ccc(cc2)c3c(ccn4ccnc34)c5ccccc5,2.0,2.559668586662463,0.5596685866624629
1111,train,FC(F)(F)c1cc(COCC(N2CCNCC2)c3cccc(Cl)c3)cc(c1)C(F)(F)F,4.2,4.187953890480902,-0.012046109519098458
2205,train,[O-][N+](=O)c1cccc(c1)c2ccc(OCC(CCc3ccc(cc3)C(=O)N4CCCC4)N5C(=O)CCCC5=O)cc2,2.31,2.2860221001130876,-0.023977899886912457
2725,train,CC[C@H](NC(=O)c1c(CS(=O)(=O)C)c(nc2ccccc12)c3ccccc3)c4ccccc4,3.25,3.2847525369412685,0.03475253694126845
2008,train,CCCSc1nc(ccc1C(=O)NC2CCCCC2)N3CCCCC3C(=O)O,1.36,1.703278096000779,0.34327809600077885
2349,train,NC(=O)c1cc(C(=O)N)n(n1)c2cccc(c2)c3cc(ccc3C(F)(F)F)C(F)(F)F,3.4,3.253658857581847,-0.14634114241815288
952,train,O=C(NC1(CC1)C#N)[C@@H]2CCCC[C@H]2C(=O)N3CCc4[nH]c5ccccc5c4C3,2.66,3.1029375300043274,0.44293753000432723
2543,train,Oc1cccc(O[C@H]2C[C@H]3CC[C@@H](C2)N3Cc4ccccc4)c1,2.3,2.0328945176809303,-0.2671054823190695
1802,train,OC(=O)C[C@H]1[C@@H](Cc2ccccc12)NC(=O)c3cc4cc(F)ccc4[nH]3,1.26,1.4382715975370814,0.17827159753708144
1946,train,CC(C(=O)O)c1cccc(c1)C(=O)c2ccccc2,-0.12,-0.06359074155596378,0.056409258444036214
2324,train,NC(=O)Nc1sc(cc1C(=O)N)c2ccccc2,2.42,2.232436341563148,-0.18756365843685208
3829,train,CCC(CC)NC(=O)c1c(C)nn(C(C)C)c1NS(=O)(=O)c2ccc(C)cc2,0.92,1.2585090314118932,0.33850903141189315
1495,train,CC1=CC2=NNC(=O)N2c3cc(ccc13)c4ccc(cc4)C(=O)N5CCOCC5,2.77,2.778732643236338,0.008732643236338156
1192,train,CN1C(=O)N(C)c2[nH]c(nc2C1=O)c3cccnc3,0.7,0.9053007201147842,0.20530072011478429
1816,train,CN1C(C(=O)Nc2ncc(C)s2)C(=O)c3ccccc3S1(=O)=O,0.3,0.28960245859415323,-0.010397541405846755
861,train,CC1=CC2=NNC(=O)N2c3cc(ccc13)c4occc4,2.07,2.4675551558223354,0.3975551558223356
2185,train,O=C1Nc2ccc(cc2C1=O)S(=O)(=O)N3CCC[C@H]3CNc4ccccc4,2.4,2.5851084556806496,0.1851084556806497
2306,train,CC1=C(C)C(=O)C(=C(C)C1=O)C(CCCCCC(=O)O)c2ccccc2,2.48,2.580839231295841,0.10083923129584083
1217,train,Nc1cccc2C(=O)N(Cc3cccc(Cl)c3)C(=O)c12,3.18,3.0476032572016143,-0.13239674279838587
3682,train,O=C(NC1(CC1)C#N)[C@@H]2CCCC[C@H]2C(=O)N3CCN(CC3)c4nc(cs4)c5ccccc5,3.5,3.7981652520278493,0.29816525202784927
3096,train,Brc1ccc(s1)N2C[C@@]3(CN4CCC3CC4)OC2=O,2.0,1.9011650730509304,-0.09883492694906959
327,train,CC(C)N1CCN(Cc2oc(nc2)c3cc(cc4[nH]ncc34)c5cccc6[nH]ccc56)CC1,3.49,3.8210360091510136,0.3310360091510134
3862,train,CCNC(=O)c1ccc(CN2CCC(CC2)c3ccc(cc3)C(=O)Nc4ccccc4N)cc1,2.24,2.3262601563156426,0.08626015631564243
3792,train,CCCN1CCC(CC1)Oc2nccc(Nc3cc(NC(=O)c4cccc(c4)N5CCOCC5)ccc3C)n2,2.6,3.382547325237482,0.7825473252374819
2162,train,Oc1ccc(CCNCCCS(=O)(=O)NCCSCCc2ccccc2)c3sc(O)nc13,1.77,1.8190221071398447,0.04902210713984467
1843,train,Nc1nccc(n1)n2ccc3ccccc23,2.71,2.7164834661888926,0.006483466188892617
308,train,CCOC(=O)Nc1cccc(c1)[C@H](N2CCN(Cc3nc[nH]c3C)CC2)c4ccc(cc4)C(=O)N(C)CC,2.32,2.3782556519189257,0.0582556519189259
86,train,CC(C#C)N1C(=O)N(CC2CC2)c3nn(Cc4ccnc5ccc(Cl)cc45)c(c3C1=O)c6cncn6C,3.59,3.938007421396935,0.3480074213969351
2458,train,Nc1cc(nc2c(cnn12)C#N)c3ccc(F)cc3,2.23,2.0332203111179883,-0.1967796888820117
676,train,COc1ccc(Cl)cc1NC(=O)CCS(=O)(=O)c2ccc(Br)cc2,3.4,3.8440058202042193,0.4440058202042194
1201,train,COC[C@H](C)Oc1cc(Oc2cc(F)cc(F)c2)cc(c1)C(=O)Nc3ccc(cn3)C(=O)O,1.36,1.2649357516160102,-0.09506424838398986
1450,train,CC(=O)Nc1cnc2ccn(c3cc(NC4CC4)n5ncc(C#N)c5n3)c2c1,2.69,3.0465884966847243,0.35658849668472437
108,train,COc1ccccc1CNc2cc(C)ccn2,3.28,3.373791319332466,0.0937913193324662
2145,train,C[C@H]1O[C@H]([C@H](O)[C@H]1Cl)n2cnc3c(N)nc(OCC4CC45CC5)nc23,3.68,3.682915787517606,0.0029157875176060166
242,train,CC[C@H](C)C(=O)O[C@H]1C[C@@H](C)C=C2C=C[C@H](C)[C@H](CC[C@@H](O)C[C@@H](O)CC(=O)O)[C@@H]12,1.07,1.100026141545268,0.030026141545267837
2616,train,O[C@H](CNC(=O)C1=CNC(=O)c2ccc(F)cc12)CN3CCC(CC3)Oc4ccc(Cl)c(Cl)c4,3.93,4.131665084842849,0.20166508484284895
3914,train,CN(C1CCN(CCC(c2ccccc2)c3ccccc3)CC1)C(=O)Cc4ccc(O)cc4,3.3,3.4537466394323983,0.15374663943239852
90,train,COc1ccnc(CCc2nc3c(C)ccnc3[nH]2)c1,2.1,2.650331058182822,0.550331058182822
702,train,CN[C@@H](C)C(=O)N[C@H](C(=O)N[C@H]1CCCN(CCc2ccc(cc2)C(F)(F)F)C1)C(C)(C)C,2.85,2.8290030911497457,-0.020996908850254403
657,train,CS(=O)(=O)NCCC(NC(=O)C1(N)CCN(CC1)c2ncnc3[nH]ccc23)c4ccc(Cl)cc4,2.2,2.712332166592331,0.5123321665923308
1010,train,COc1ccccc1CN[C@H]2CCCN[C@H]2c3ccccc3,1.5,1.5266796160701137,0.02667961607011371
1777,train,COc1cc(F)ccc1c2cncc(CNC[C@@H]3CCCO3)n2,2.0,1.9584148464146671,-0.04158515358533288
2343,train,Cc1ccc(cc1)C(=O)Oc2ccc(cc2OC(=O)c3ccc(C)cc3)C(O)CNC(C)(C)C,3.57,3.387261930796786,-0.1827380692032139
54,train,C[C@H](NC(=O)c1c(C)nn(C2CCCC2)c1NS(=O)(=O)c3ccc(C)cc3)C(C)(C)C,2.0,1.9820423900237794,-0.017957609976220645
1516,train,OC(=O)CC(=O)N[C@H]1[C@@H](Cc2ccccc12)NC(=O)c3cc4sc(Cl)c(Cl)c4[nH]3,1.18,1.5929704103696878,0.41297041036968785
3249,train,NC(=O)Nc1cc(sc1C(=O)N)c2ccccc2,2.43,2.3028313712858623,-0.1271686287141378
2876,train,C[C@@H](Oc1cccc2ncnc(Nc3ccc(Oc4ccc(C)nc4)c(C)c3)c12)C(=O)N5CCOCC5,4.14,4.382917475156319,0.242917475156319
2466,train,CN(C1CCN(Cc2ccc(nc2)C(F)(F)F)CC1)C(=O)Cc3ccc(cc3)n4cnnn4,1.8,1.9516599468029148,0.15165994680291472
2479,train,CN(c1ccnc(Nc2cc(nc(c2)N3CCOCC3)N4CCOCC4)n1)c5cc(CO)ccc5C,3.44,3.3739067858479963,-0.06609321415200364
1806,train,O=S(=O)(NCC(N1CCCCCC1)c2ccccc2)c3ccc(cc3)C#N,2.86,2.8589229452871003,-0.001077054712899539
403,train,Brc1ccc2OCC(=O)N(CCN3CCC(CC3)NCc4ccc5OCC(=O)Nc5n4)c2c1,1.42,1.5243875659706534,0.10438756597065346
1045,train,O[C@@H](CNCCc1cccc(CNCCc2ccccn2)c1)c3ccc(O)c4NC(=O)Sc34,-0.07,0.1581633883910074,0.22816338839100742
2716,train,CCN(CC)CCOc1ccc(cc1)C(O)(Cc2ccc(Cl)cc2)c3ccc(C)cc3,3.98,3.8928522774956,-0.08714772250440017
1255,train,C[C@H](NC(=O)c1c(C)nn(c1NS(=O)(=O)c2ccc(cc2)C#N)c3ccc(F)cc3)C(C)(C)C,0.45,0.6942866390613556,0.24428663906135556
3561,train,Clc1ccccc1NC(=O)c2cc[nH]n2,2.58,2.618499101684964,0.03849910168496384
2675,train,Clc1ccc(N2CCN(CC2)C(=O)COCc3ccccn3)c(Cl)c1,3.47,3.520610500483442,0.05061050048344162
2117,train,Nc1nc(O)c2ncn(COCCO)c2n1,-1.42,-1.495689470022592,-0.07568947002259208
1513,train,CN([C@@H]1CCN(Cc2ccc(cn2)C(F)(F)F)C[C@@H]1F)C(=O)Cc3ccc(cc3)n4cnnn4,2.1,2.3132848145015323,0.21328481450153225
673,train,CN[C@@H](C)C(=O)N[C@H](C(=O)N[C@H]1CCCN(CCc2ccccc2)C1)C(C)(C)C,1.46,1.6313879710214931,0.17138797102149317
4133,train,Fc1cc(ccc1C2=CCS(=O)(=O)CC2)N3C[C@H](Cn4nncc4F)OC3=O,3.54,3.1668169033734204,-0.37318309662657967
2003,train,COc1ccc(cc1)C(=O)Nc2cc(NC(=O)c3cccc(c3)N(C)C)ccc2C,3.17,2.932821442924591,-0.23717855707540902
1030,train,CN(C)CCC=C1c2ccccc2C=Cc3ccccc13,2.83,2.9913695457932645,0.16136954579326446
1871,train,COc1ccccc1C(=O)NCC23CC4CC(CC(C4)C2)C3,4.43,4.363200826532534,-0.06679917346746578
3107,train,CC(=N)NCc1ccccc1,-0.28,-0.14848878046285208,0.13151121953714795
2759,train,COc1ccc(C(CN2CCCC2)N(C)C(=O)Cc3ccc(Cl)c(Cl)c3)c(OC)c1,3.07,2.903238155242963,-0.16676184475703693
927,train,CC1Nc2cc(Cl)c(cc2C(=O)N1c3ccccc3C)S(=O)(=O)N,1.64,1.589174258878503,-0.05082574112149696
3603,train,OC(=O)CCc1ccc(NCc2cccc(Oc3ccccc3)c2)cc1,2.1,1.918926454937397,-0.1810735450626031
62,train,CC(C)n1c(C)ncc1c2nc(Nc3ccc(cc3)C(=O)N(C)C)ncc2F,2.77,3.0668315048783663,0.2968315048783663
1611,train,C=CCOc1cc(ccc1NC(=O)CN2CCOCC2)c3cccc4C(=O)C=C(Oc34)N5CCOCC5,3.0,3.011209324959283,0.011209324959283062
1040,train,CN(CCOc1ccc(CC2SC(=O)NC2=O)cc1)c3ccccn3,2.5,2.356556478651528,-0.14344352134847194
661,train,COc1cc(c(OC)nn1)c2c(F)ccc3c(N)c(nnc23)C(=O)NC4CC4,2.75,3.3274933678265732,0.5774933678265732
875,train,CC(C)[C@H](N)C(=O)OCCOCn1cnc2C(=O)N=C(N)Nc12,-1.3,-1.1608747505128885,0.13912524948711158
3996,train,CC(C)Oc1cccc(CC(=O)N2CCC[C@@](CC[N+]34CCC(CC3)(CC4)c5ccccc5)(C2)c6ccc(Cl)c(Cl)c6)c1,1.23,1.315912663726819,0.08591266372681905
2549,train,COc1ccc(N(C(C(=O)NC2CCCC2)c3ccccc3F)C(=O)c4ccccc4)c(OC)c1,3.86,3.806596404423611,-0.05340359557638896
1586,train,COCCOc1cc2nccc(Nc3cc(O)c(Cl)cc3F)c2cc1OC,2.64,2.836469660712887,0.19646966071288707
2138,train,NC(=O)c1sc(cc1NS(=O)(=O)c2ccc(cc2)C(F)(F)F)c3ccsc3,2.39,2.6484269813597163,0.2584269813597162
2285,train,CN(CCOc1ccc(C[C@H](Nc2ccccc2C(=O)c3ccccc3)C(=O)O)cc1)c4oc5ccccc5n4,2.47,2.402287581389881,-0.06771241861011923
3879,train,C[C@H](NC1=NC(=O)[C@](C)(S1)C(F)(F)F)c2ccccc2F,3.1,3.3549595042822977,0.25495950428229763
3516,train,CCc1nc2c(N)nc3ccccc3c2n1Cc4ccccc4,3.29,3.219536586235858,-0.07046341376414222
1668,train,COC[C@H](C)Oc1cc(Oc2ccc(cc2)S(=O)(=O)C)cc(c1)C(=O)Nc3ccc(cn3)C(=O)O,-0.41,0.019138811606530748,0.4291388116065307
1643,train,CN[C@@H](C)C(=O)N[C@H](C(=O)N[C@H]1CCCN(CCc2ccc(O)cc2)C1)C(C)(C)C,0.77,1.1080901436806259,0.33809014368062584
204,train,CC(C)CN1C(=O)N(C)C(=O)c2c1sc(Cc3cccc4ncccc34)c2C(=O)N5CC[C@@H](O)C5,1.98,1.7988078028952734,-0.18119219710472656
1270,train,COc1cc(ccc1Cc2cn(C)c3ccc(NC(=O)CC4CCCC4)cc23)C(=O)O,2.0,2.154352417719621,0.15435241771962094
3813,train,CC(C)OC(=O)N1CCC(CC1)Oc2ncnc3N(CCc23)c4ccc(cc4F)S(=O)(=O)C,3.4,3.5821734579323268,0.18217345793232687
3125,train,OC(=O)c1ccccc1C2=C3C=CC(=O)C=C3Oc4cc(O)ccc24,0.0,0.09413304815627432,0.09413304815627432
2318,train,COc1ccc2nccc([C@H](O)[C@H]3C[C@@H]4CCN3C[C@@H]4C=C)c2c1,2.21,2.4202782333582182,0.21027823335821827
4051,train,CN(C)C[C@H](O)Cc1ccc(Cl)c(c1)C(=O)NCC23CC4CC(CC(C4)C2)C3,2.19,2.482584384490973,0.292584384490973
2068,train,CC(C)n1c(C)ncc1c2ccnc(Nc3ccc(F)cc3)n2,3.62,3.84267719610316,0.22267719610315995
2276,train,COc1ccc(F)c(F)c1C(=O)c2cnc(NC3CCN(CC3)S(=O)(=O)C)nc2N,2.08,2.0594580342369144,-0.020541965763085646
3827,train,C[C@@](N)(Cc1ccccc1)c2ccccc2,1.7,2.0867301117523227,0.38673011175232275
2769,train,CCCCCCN1CC[C@@]2(C)[C@@H](C)C1Cc3ccc(O)cc23,2.5,2.60314624864343,0.10314624864343003
2859,train,Clc1ccc(OC2CCN(CC2)C3CCN(CC3)C(=O)NS(=O)(=O)c4cccc(c4)C#N)cc1Cl,1.81,1.8575226344958276,0.0475226344958275
2586,train,Cc1ccc(cc1NC(=O)c2ccc(OCc3ccccn3)cc2)c4ncc[nH]4,3.01,3.15542649674212,0.14542649674212038
3251,train,CCN(c1ccccc1)c2cc(NC)[n+](C)c(C)n2,-0.91,-0.9061520021452925,0.0038479978547075744
763,train,CC(=O)c1ccc2NC(=CC(=O)c2c1)c3cccnc3,1.41,1.3516143752930758,-0.0583856247069241
2664,train,COc1cc2ncnc(Nc3ccc(F)c(Cl)c3)c2cc1OC,3.67,3.691506149222822,0.021506149222822124
2335,train,Brc1ccccc1NC(=O)Nc2ccc(C#N)c3[nH]nnc23,1.64,1.797915232992815,0.15791523299281507
246,train,Cc1ccccc1N2C(=Nc3cccc(C)c3C2=O)Cn4nc(c5ccc(O)c(F)c5)c6c(N)ncnc46,3.55,3.489673138347926,-0.060326861652074015
2192,train,COc1ccc(N(C(C(=O)NC[C@@H](C)O)c2ccccc2F)C(=O)c3ccoc3Cl)c(OC)c1,2.36,2.2700670064071127,-0.0899329935928872
420,train,COc1ccc2nc(N[C@H]3CCC[C@@H](C3)NCc4ccsc4)cc(C)c2c1,2.41,2.6711417104675297,0.26114171046752954
2698,train,CC(C)C[C@@H](CO)NS(=O)(=O)c1ccc(Cl)s1,2.8,3.1267211739309295,0.3267211739309297
2489,train,COC(=O)N1CCN([C@@H](CN2CCCC2)C1)C(=O)Cc3ccc(Cl)c(Cl)c3,1.97,2.199939205389095,0.22993920538909518
3057,train,CN1CCN(CC1)c2ccc3nc([nH]c3c2)C4=C(N)c5c(F)cccc5NC4=O,3.45,3.5445205285485204,0.09452052854852022
1838,train,COc1ccc2nccc([C@@H](O)[C@@H]3C[C@H]4CCN3C[C@@H]4C=C)c2c1,2.26,2.4202782333582182,0.16027823335821845
118,train,Clc1ccc2OCC(=O)N(CCN3CCC(CC3)NCc4ccc5OCC(=O)Nc5n4)c2c1,1.33,1.7509843485645962,0.4209843485645961
3800,train,CNC(=O)c1[nH]cnc1C(=O)Nc2ccc(OC)cc2,2.2,2.3847700023151672,0.18477000231516705
3588,train,CCN(C1CCN(CCC(c2ccccc2)c3ccccc3)CC1)C(=O)Cc4ccc(cc4)[N+](=O)[O-],4.1,4.454301232107101,0.35430123210710107
994,train,CSCCC(NC(=O)c1ccccc1)c2nc3ccccc3n2Cc4ccc(cc4)C#N,4.24,4.407741691463332,0.1677416914633314
940,train,CCC1=C(C)CN(C(=O)NCCc2ccc(cc2)S(=O)(=O)NC(=O)N[C@@H]3CC[C@@H](C)CC3)C1=O,1.73,2.3968558109166453,0.6668558109166454
1233,train,OC(=O)c1cccc(c1)c2ccc3c(C(=O)NCC45CC6CC(CC(C6)C4)C5)c(Cl)ccc3n2,2.84,3.2777357589830842,0.43773575898308437
356,train,CN(C)S(=O)(=O)c1ccc2C(=CNC(=O)c2c1)C(=O)NC[C@@H](O)CN3CCC(CC3)Oc4ccc(Cl)c(Cl)c4,3.13,3.444537082211212,0.3145370822112121
947,train,CCN1CCOc2cc(COc3ccccc3)cnc12,3.7,3.486254693229397,-0.213745306770603
494,train,FC(F)(F)c1ccc2[nH]c3CCN(Cc3c2c1)C(=O)[C@@H]4CCCC[C@H]4C(=O)NC5(CC5)C#N,4.2,4.259713473948734,0.05971347394873394
3209,train,O=C(NCCN1CCCC1)c2ccc(Nc3ncc4cc(ccc4n3)c5ccncc5)cc2,2.39,2.441595434426775,0.05159543442677483
726,train,C[C@H]1CN(Cc2cc(Cl)ccc2OCC(=O)O)CCN1C(=O)Cc3ccccc3Cl,1.1,1.0423631614587652,-0.057636838541234914
890,train,Oc1ccc2C[C@H]3N(CC4CC4)CC[C@@]56[C@@H](Oc1c25)c7[nH]c8ccccc8c7C[C@@]36O,2.7,3.057267956386023,0.3572679563860226
3607,train,OC(=O)C[C@H]1[C@@H](Cc2ccccc12)NC(=O)c3cc4cc(Cl)ccc4[nH]3,1.79,1.730636502269815,-0.05936349773018512
3744,train,Fc1ccc(cc1F)C(=O)Nc2ccc(Cl)nc2,3.31,3.2052251008982617,-0.10477489910173832
1507,train,NC(=O)COc1ccc(OCCNCC(O)COc2ccccc2)cc1,0.63,0.7822129807462566,0.15221298074625655
1223,train,Clc1ccc2ncc(c3cccc(NC4CNC4)n3)n2c1,1.19,1.389081777388935,0.19908177738893507
1431,train,COc1ccc(cc1)S(=O)(=O)NC2=CC=C(N(CC(=O)NC(C(C)C)C(=O)C(F)(F)F)C2=O)c3ccccc3,2.5,2.716694443829668,0.21669444382966807
475,train,COc1cccc(c1)C(=O)N2CCC(CC2)N3C(=O)Nc4ccccc34,2.65,2.7482374809812145,0.09823748098121454
2364,train,CC(C)(C)OC(=O)N1CCC(CC1)c2ncc(OCc3ccc(cc3)S(=O)(=O)C)cn2,2.8,2.7904309123742945,-0.009569087625705297
3626,train,CN(C\C=C\C#CC(C)(C)C)Cc1cccc2ccccc12,2.83,3.0600991635338937,0.2300991635338936
1798,train,CCN(C1CCN(CC[C@H](C2CCN(CC2)S(=O)(=O)C(F)(F)F)c3ccccc3)CC1)C(=O)Cc4ccc(cc4)S(=O)(=O)C,3.39,3.1266070088538958,-0.26339299114610437
1153,train,COc1cc(OC)c(cc1NC(=O)Cc2ccnc(F)c2)S(=O)(=O)N3c4ccccc4Oc5ccccc35,3.37,3.4850401619032327,0.11504016190323263
995,train,C[C@@H]1CN(CCN1c2ncc(OCc3ccncc3C#N)cn2)C(=O)OC(C)(C)C,3.33,3.6733062548650386,0.3433062548650385
1094,train,Cc1ccc(NC(=O)CCC2CCCCC2)cc1NC(=O)c3ccc(O)cc3,4.13,4.184263733925075,0.05426373392507511
1677,train,C[C@]12CCC(=O)C=C1C=C[C@@H]3[C@@H]2CC[C@@]4(C)[C@H]3CC[C@@]45CCC(=O)O5,3.2,2.95931084978839,-0.24068915021160997
1184,train,CNC(=O)OC[C@@H](C)N(c1cc(Cl)ccc1CO)S(=O)(=O)c2ccc(Cl)cc2,3.0,2.9950235512797323,-0.004976448720267701
442,train,CC[C@H]1OC(=O)[C@H](C)[C@@H](O[C@H]2C[C@@](C)(OC)[C@@H](O)[C@H](C)O2)[C@H](C)[C@@H](O[C@@H]3O[C@H](C)C[C@@H]([C@H]3O)N(C)C)[C@](C)(O)C[C@@H](C)\C(=N/OCOCCOC)\[C@H](C)[C@@H](O)[C@]1(C)O,1.8,1.5577381565901187,-0.24226184340988133
2300,train,CCOc1ccc(cc1)N2C(=O)c3cccnc3N=C2[C@@H](C)N(Cc4cccnc4)C(=O)Cc5ccc(OC(F)(F)F)cc5,3.7,3.655336859725484,-0.044663140274516344
744,train,OC(=O)COc1ccccc1N2CCC(CN3CCC(CC3)Oc4ccc(Cl)c(Cl)c4)CC2,2.0,2.107424063866257,0.10742406386625714
2201,train,CCNC(=O)c1cc2c(c(cnc2[nH]1)c3cncc(c3)C(=O)O)n4nc(cc4C)C(F)(F)F,-0.88,-0.8207079374868158,0.059292062513184196
1306,train,CCOc1cccc(Nc2oc(nn2)C(=O)Nc3ccc(nc3)N4CCOCC4)c1,3.6,3.596569681376499,-0.003430318623501183
2101,train,CN1CCN(CC1)c2ccc3N=CN(C(=O)c3c2)c4cc(ccc4C)C(=O)Nc5ccon5,1.87,1.8779556888610867,0.007955688861086552
3538,train,Cc1c(Cl)c(Cl)ccc1OC2CCN(CC3CCN(CC3)[C@@](C)(Cc4ccc(F)cc4)C(=O)O)CC2,2.98,3.015992328341813,0.035992328341813096
1077,train,Cc1ccc(cc1NC(=O)c2ccc(OCc3ccccn3)cc2)c4c[nH]c(C)n4,2.97,3.107891455642784,0.1378914556427837
2617,train,CC(C)CN1C(=O)N(C)C(=O)c2c1sc(Cc3ccccc3C(F)(F)F)c2S(=O)(=O)N4CC[C@@H](O)C4,3.32,3.2744322019629766,-0.045567798037023266
214,train,Cc1cnc([nH]1)c2ccc(C)c(NC(=O)c3ccc(OCc4ccccn4)cc3)c2,3.19,3.137203754908502,-0.05279624509149805
3870,train,Clc1ccc(cc1Cl)C2CNCC=CC2,1.86,2.03865341918079,0.17865341918079003
602,train,NC(=N)Nc1cc(Cl)nc(n1)c2ccccc2,2.16,2.2767393369764504,0.11673933697645023
1098,train,CCOC(=O)Nc1cccc(c1)[C@H](N2CCN(Cc3cccnc3)CC2)c4ccc(cc4)C(=O)N5CCC5,3.02,3.1285590942971098,0.10855909429710975
1570,train,CCN(CC)CC(=O)Nc1c(cnn1c2ccccc2)C#N,0.4,0.6749184867461866,0.2749184867461866
4127,train,c1ccc(cc1)c2[nH]nc3ccccc23,3.79,3.6579241194573244,-0.1320758805426756
4029,train,COCCC(NC(=O)C1(N)CCN(CC1)c2ncnc3[nH]ccc23)c4ccc(Cl)cc4,2.95,3.3891146007992643,0.4391146007992641
160,train,Cc1ccc(NC(=N)N)cc1C,-1.34,-1.3460792817128713,-0.0060792817128711985
1299,train,CN1C(=O)N(C)c2ncn(CC(O)CO)c2C1=O,-1.25,-1.3403014732037377,-0.09030147320373771
748,train,COc1ccc(cc1)C(=O)C2CCN(CC2)C(=O)c3ccc(F)cc3,2.92,3.034681274365877,0.11468127436587716
943,train,CC(C)N1C(=O)N(CC2CC2)c3nn(Cc4ccnc5ccc(Cl)cc45)c(c6cncn6C)c3C1=O,4.02,4.074475394556387,0.05447539455638761
2749,train,FC(F)(F)c1nnc2ccc(nn12)N3CCCC3,2.41,2.6623091727486816,0.2523091727486815
2741,train,COc1ccc(cc1)c2cc(ccc2OCC(=O)O)C(F)(F)F,0.29,0.4823220740923566,0.19232207409235663
111,train,COc1cc(OC)c(cc1NC(=O)CCC(=O)O)S(=O)(=O)N(c2ccc(C)cc2)c3ccc(C)cc3,0.06,0.17489077739168524,0.11489077739168524
1601,train,NCc1ccc(NC(=O)c2cc(Nc3ncccn3)c4cc(ccc4c2)\C(=N\O)\N)cc1,-0.85,-0.47261160430339766,0.3773883956966023
3542,train,CC(C)CN1C(=O)N(C)C(=O)c2c(SCCCO)n(Cc3cccc4ccccc34)cc12,4.36,4.496037641681353,0.13603764168135246
2284,train,FC(F)(F)c1cc(CO[C@H]2CCCN[C@H]2c3ccccc3)cc(c1)C(F)(F)F,3.6,3.4761287787021145,-0.12387122129788564
1884,train,C[C@@H]1CN(CCN1c2ncc(OCc3ccc(cc3C#N)S(=O)(=O)C)cn2)C(=O)OC(C)(C)C,3.3,3.629726574566342,0.329726574566342
2182,train,Cc1ccc2c(c1)c(c(C)n2CC(=O)O)c3cc(C)nc4ccccc34,2.88,2.7820599153579453,-0.09794008464205461
925,train,CN(c1ccnc(Nc2cc(cc(c2)N3CCOCC3)N4CCCC4)n1)c5cc(CO)ccc5C,3.8,4.060461360217471,0.26046136021747124
1771,train,CC#Cc1cncc(c1)c2cccc(c2)C3(N=C(C)C(=N3)N)C4CC4,3.3,3.86236984041689,0.5623698404168902
885,train,CCOC(=O)c1c(nc2cc(C)ccn12)c3ccccc3,3.8,3.6930451725475475,-0.10695482745245233
1489,train,Oc1ccc(C(=O)Cc2ccccc2)c(O)c1,3.09,2.8857138520693484,-0.20428614793065147
1795,train,O[C@@H]1CNC[C@H]1N2C=Cc3c(NC(=O)Cc4ccc(F)c(c4)C(F)(F)F)cccc3C2=O,1.33,1.5920484857989101,0.26204848579891005
3268,train,CCC(=C)C(=O)c1ccc(OCC(=O)O)c(Cl)c1Cl,0.02,-0.2420694386039588,-0.2620694386039588
3043,train,CSc1ccc(cc1)C(=O)C(C)(C)N2CCOCC2,3.49,3.622521811047494,0.13252181104749372
1632,train,CCNC1=Nc2ccccc2C(=NC1c3cccs3)c4ccccc4,3.98,4.217616276702286,0.23761627670228558
3032,train,COc1cccc2c1c(NS(=O)(=O)c3ccc(Cl)s3)nn2Cc4cccc(CNC(=O)C(C)(C)O)c4,2.09,2.1001759958852015,0.010175995885201683
3212,train,CC(C)n1c(C)ncc1c2nc(Nc3ccc(cc3)C(=O)N4CCCN(C)CC4)ncc2F,2.02,2.5464035301785146,0.5264035301785146
3353,train,c1ccc(nc1)c2n[nH]c(n2)c3ccncc3,1.48,1.4593771702456144,-0.020622829754385563
2445,train,CC(C)c1ccc2[nH]c3CCN(Cc3c2c1)C(=O)[C@@H]4CCCC[C@H]4C(=O)NC5(CC5)C#N,4.1,4.212516228441483,0.11251622844148379
2400,train,ONC(=O)C1COC(=N1)c2ccc(F)c(c2)C(F)(F)F,1.53,1.6266976228297287,0.09669762282972871
587,train,NC1(CCC1)c2ccc(cc2)c3ncc4ncccc4c3c5ccccc5,2.0,2.3738328577914825,0.37383285779148245
3666,train,O[C@H](CNC(=O)c1c[nH]nc1C2CC2)CN3CCC(CC3)Oc4ccc(Cl)c(Cl)c4,3.15,3.240754950280789,0.09075495028078917
1514,train,CCCCCC\N=C\1/C=CN(Cc2ccccc2)c3cc(Cl)ccc13,0.98,0.9509651602812401,-0.029034839718759864
2128,train,O=C(NC1(CC1)C#N)[C@@H]2CCCC[C@H]2C(=O)N3CCN(CC3)c4nc5ccncc5s4,1.6,1.9232708735464712,0.3232708735464711
119,train,OC(=O)Cc1ccc(cc1)N2CCC(CN3CCC(CC3)Oc4ccc(Cl)c(Cl)c4)CC2,1.83,1.8920946974467738,0.06209469744677376
3070,train,CN1CCN(CC(=O)Nc2c(cnn2c3ccccc3)C#N)CC1,0.0,-0.05527744164631043,-0.05527744164631043
2837,train,ONC(=O)Cc1ccc(Oc2ccccc2)cc1,2.03,2.050463358971994,0.02046335897199425
147,train,Oc1ccc(cc1)N2C=Nc3cc(O)ccc3C2=O,1.6,1.5487325637022522,-0.05126743629774788
1493,train,CCCN(CCC)C(=O)c1cccc(c1)C(=O)N[C@@H](Cc2ccccc2)[C@H](O)CNC3Cc4ccccc4C3,3.3,3.454358893943052,0.15435889394305224
3726,train,COc1ccc(cn1)[C@@]2(O)CC[C@H](CC2)N3CC[C@H](C3)NC(=O)CNC(=O)c4cccc(c4)C(F)(F)F,1.72,2.0566405644953996,0.3366405644953996
863,train,CCCSc1ncccc1C(=O)NC2CCCCC2,3.24,3.425159241409455,0.18515924140945472
1479,train,CCn1cc(NC(=O)Cc2ccc(Oc3ccnc4cc(OC)c(OC)cc34)cc2OC)cn1,3.42,3.716298118775968,0.2962981187759679
3348,train,Nc1ncc(NC(=O)c2cc(NC(=O)c3cccc(c3)C(F)(F)F)ccc2Cl)cc1Cl,3.26,3.8153774991707623,0.5553774991707625
3602,train,NC(=N)c1cc2c(OCc3ccccc3)cccc2s1,1.16,0.9009474083426479,-0.25905259165735206
3841,train,Clc1ccccc1CN2CCc3sccc3C2,3.46,3.4946974139673537,0.03469741396735371
2507,train,Oc1c2ncc3ccccc3c2nn1c4ccccc4,0.8,0.7830733761969861,-0.016926623803013907
2155,train,Fc1ccc(cc1)C(=O)N2CCC[C@@H](C2)c3onc(n3)c4ccc(F)cc4,3.73,3.6820559704839866,-0.0479440295160134
2216,train,C(CCNc1cc(nc2ccccc12)c3ccccc3)CNc4cc(nc5ccccc45)c6ccccc6,3.65,3.825274071314035,0.17527407131403505
2022,train,O[C@@H](CNCCCSCCOCCc1ccccc1)c2ccc(O)c3NC(=O)Sc23,2.3,2.2421061380483356,-0.05789386195166424
2082,train,CN(C1CCCCC1)C(=O)c2cnn(c2NS(=O)(=O)c3ccc(C)cc3)c4ccccc4,2.01,2.022492689154537,0.012492689154537384
3890,train,COc1cc(OC2CCN(C)CC2)c3c(Nc4cccc5OCOc45)ncnc3c1,3.02,3.144697510075801,0.12469751007580099
91,train,Cc1cc(CCCOc2c(Cl)cc(cc2Cl)C3=NCCO3)on1,3.72,3.757781470864711,0.03778147086471062
46,train,CC(Nc1ncnc2ccccc12)c3ccccc3,3.4,3.702492893013667,0.302492893013667
331,train,CCOc1cc2nccc(Oc3cnc(CC(=O)Nc4n[nH]c(CC)c4C)c(OC)c3)c2cc1OC,3.29,3.227580126865959,-0.06241987313404085
2206,train,Oc1ccc(cc1)C2=Cc3cccc(O)c3OC2=O,2.8,2.7155682657170157,-0.08443173428298412
134,train,CC(C)NCC(O)COc1ccc(COCCOC(C)C)cc1,0.1,0.18243854225660572,0.08243854225660571
1684,train,CC(O)(C(=O)c1ccccc1)c2ccccc2,2.92,3.1566869399263693,0.23668693992636936
3874,train,Nc1c(NC2CCCCC2)nc(nc1N3CCOCC3)C#N,2.81,2.8582594285600966,0.04825942856009657
381,train,Cc1ccc(NC(=O)c2cccc(c2)C(F)(F)F)cc1NC(=O)c3ccc4ncccc4c3,3.87,4.198847798325634,0.3288477983256337
2450,train,COCc1ccoc1C(=O)N(C(C(=O)NC[C@@H](C)O)c2ccccc2F)c3ccc(OC)cc3OC,1.98,2.0451686733537655,0.06516867335376553
365,train,COc1ccc(cc1C(=O)N)c2ccc3c(nc(nc3n2)N4CCOC[C@@H]4C)N5CCOC[C@@H]5C,2.82,2.980824929580673,0.16082492958067318
2348,train,CC(C)N(c1ccnc(Nc2cc(cc(c2)N3CCOCC3)N4CCOCC4)n1)c5cc(CO)ccc5C,3.9,3.8976921826613,-0.0023078173386998913
3601,train,CCCCn1c(Cc2cc(OC)c(OC)c(OC)c2)nc3c(N)ncnc13,2.39,2.486843341972084,0.09684334197208377
226,train,Oc1c2C(=O)N(NC(=O)c2nc3cc(Cl)ccc13)C(C4CC4)c5ccncc5,0.7,0.5600987861484759,-0.1399012138515241
2955,train,Nc1ccccc1NC(=O)c2ccc(CNC(=O)OCc3cccnc3)cc2,1.26,1.1935466443069622,-0.06645335569303779
1004,train,OC(c1ccc(cc1)N(CC(F)(F)F)S(=O)(=O)c2ccccc2)(C(F)(F)F)C(F)(F)F,4.5,4.542436671577171,0.042436671577171126
1976,train,Oc1cccc(NC(=O)c2ccc(OCCCN3CCCC3)cc2OCc4cccc(F)c4)c1,3.15,3.4437920809738745,0.29379208097387455
2253,train,CCN(C(=O)c1oc(cc1)c2ccc(Cl)cc2)c3ccc(cc3)N4CCNCC4,3.3,3.145828315525331,-0.15417168447466878
2902,train,Oc1ccc(CCNCCNS(=O)(=O)CCOCCCc2ccccc2)c3sc(O)nc13,2.22,2.0633396468560625,-0.15666035314393767
2172,train,OC(=O)c1cncc(c1)c2cnc3[nH]c(cc3c2n4ccc(n4)C(F)(F)F)C(=O)NC5CC5,-0.98,-0.8433706090547526,0.1366293909452474
3772,train,CC1=C2C(=CC(=O)N1Cc3ccccn3)NN(C2=O)c4ccccc4Cl,0.2,0.3748829758148531,0.17488297581485307
2001,train,CN([C@H]1CC[C@@]2(CCCO2)C[C@@H]1N3CCCC3)C(=O)Cc4ccccc4,0.99,1.0321889491028196,0.04218894910281956
2665,train,OC(=O)COc1ccc(cc1c2ccccc2)[N+](=O)[O-],-0.69,-0.7682209229067687,-0.07822092290676874
4190,train,Cc1cccc(Nc2oc(nn2)C(=O)Nc3ccc(nc3)N4CCOCC4)c1,3.42,3.7994645214605898,0.37946452146058984
2967,train,COc1ccccc1CN(C)Cc2cccc(CCNC[C@H](O)c3ccc(O)c4NC(=O)Sc34)c2,1.52,1.3982785371315685,-0.12172146286843155
1997,train,COc1cnccc1COc2cnc(nc2)N3CCN(CC3)C(=O)OC(C)(C)C,3.8,3.8211898681022025,0.02118986810220269
2785,train,COc1cc(OC)c(cc1NC(=O)CCC(=O)O)S(=O)(=O)N(c2ccccc2)c3ccccc3,-0.8,-0.5271803420613779,0.2728196579386222
1283,train,COc1ccc(cc1)S(=O)(=O)Nc2ccccn2,0.87,1.4530897762628048,0.5830897762628048
3344,train,CC(C)(C(=O)N)C(=O)NCCCNc1nc(Nc2cccc(NC(=O)N3CCCC3)c2)ncc1Br,2.32,2.592009550216887,0.27200955021688733
1218,train,NC(=O)Nc1cc(sc1C(=O)N[C@H]2CCCNC2)c3ccccc3,1.04,1.2078366559093596,0.1678366559093596
4085,train,Cc1cc(NC(=O)c2oc(Nc3ccccc3F)nn2)ccc1N4CCOCC4,4.0,3.839061799958767,-0.16093820004123316
1830,train,Nc1ccc2c(c1)C(=O)C(=O)c3cc(N)ccc23,1.72,1.802438382488797,0.08243838248879709
130,train,Cc1ccc(cc1)S(=O)(=O)NC(=O)N2CCC(CC2)N3CCC(CC3)Oc4ccc(Cl)cc4Cl,1.52,1.3438124684105661,-0.1761875315894339
2856,train,COc1ccc(cc1C(=O)NCc2cccnc2)C(=O)NCc3cccnc3,1.23,1.1229574878606765,-0.10704251213932348
2822,train,COc1ccccc1N2CCN(CCCCNC(=O)c3ccc4ccccc4c3)CC2,3.53,3.7877741332557537,0.25777413325575393
2208,train,CC(C)n1c(C)ncc1c2nc(Nc3ccc(cc3)N4CCN(CC4)C(=O)CO)ncc2F,2.19,2.4826988387765616,0.29269883877656167
1923,train,OC(=O)c1ccc(cc1)n2ncc(C(=O)NC3C4CC5CC(CC3C5)C4)c2C6CCCC6,1.72,2.0081107092316923,0.28811070923169235
4004,train,CCCc1c(cnn1c2ccccc2)C(=O)Nc3ccc(F)cc3C,3.89,3.9427566596806845,0.052756659680684326
1419,train,C[C@@H]1CN(CCN1c2ncc(OCC3CCN(CC3)S(=O)(=O)C)cn2)C(=O)OC(C)(C)C,3.5,3.6420552460517692,0.14205524605176922
465,train,CC(C)c1ccccc1Nc2nc(SCc3cccs3)n[nH]2,4.21,4.4093469435471215,0.19934694354712157
3126,train,Oc1nc2ccccc2c(O)c1c3ccccc3,0.73,0.7310342010641506,0.0010342010641506416
2398,train,Oc1ccc2OC(=CC(=O)c2c1)c3ccccc3,3.6,3.780701971859312,0.1807019718593117
3747,train,COc1ccc(Nc2ccccc2C(=O)O)cc1,1.2,1.1409956423341507,-0.059004357665849216
2987,train,COc1cc(NC(=O)Nc2cccc(CNC(=O)O[C@H]3CCOC3)c2)ccc1c4ocnc4,3.6,3.898097508450946,0.29809750845094607
2385,train,ON1C(=O)N(CC2COc3ccccc3O2)c4ccsc4C1=O,1.44,1.8685468307945274,0.4285468307945275
434,train,CC(C)n1c(C)ncc1c2ccnc(Nc3ccccc3)n2,3.58,3.3622479936777796,-0.21775200632222047
3474,train,C[C@@H]1CN(CCN1c2ncc(OCc3ccc(cc3F)S(=O)(=O)C)cn2)C(=O)OC(C)(C)C,3.7,3.7771847620192966,0.07718476201929647
3808,train,COc1ccc(CNC(=O)c2ccc(Oc3ccc(cc3)C#C[C@]4(O)CN5CCC4CC5)cc2)nc1,3.1,3.3714639134871733,0.27146391348717325
52,train,OC(=O)CCC[C@H]1[C@@H](Cc2ccccc12)NC(=O)c3cc4cc(F)ccc4[nH]3,1.95,1.8549600297932893,-0.09503997020671062
1303,train,COc1cc2ncnc(Nc3cccc(Cl)c3F)c2cc1OC4CCN(CC(=O)N)CC4,3.1,3.22102731173192,0.12102731173192005
3488,train,O=C(OCCN1CCCCC1)c2c[nH]c3ccccc23,2.0,2.0813883574417895,0.08138835744178952
1420,train,O=C1C=CN=C2C=CC=CN12,0.2,0.21117213520403455,0.011172135204034539
2775,train,Clc1ccc(cc1Cl)[C@]23CNC[C@H]2C3,1.96,2.0846663195047914,0.12466631950479146
1348,train,Nc1c(cnn1c2ccc(F)cc2)C(=O)c3cccc(OC[C@H](O)CO)c3,1.94,2.1510595614160435,0.21105956141604354
3284,train,CN(C1CCN(CCC(c2ccccc2)c3ccccc3)CC1)C(=O)Cc4ccc(cc4)S(=O)(=O)N,2.3,2.2346735866414607,-0.06532641335853917
471,train,NC(=O)c1cnc(N[C@H]2CCCNC2)c3cc(sc13)c4ccc(F)c(Cl)c4,2.94,2.880433482274586,-0.05956651772541388
3435,train,CC(C)[C@@H]1N=C(c2ccccc2)c3ccccc3NC1=O,3.05,3.067303854750603,0.017303854750603254
1536,train,CNS(=O)(=O)c1ccc(Oc2ccc(cc2)C#C[C@]3(O)CN4CCC3CC4)cc1,2.03,2.173048015540447,0.143048015540447
2766,train,Cn1ccc2c(cccc12)c3nc(CS(=O)(=O)C)cc(n3)N4CCOCC4,2.0,2.0620704551130284,0.062070455113028444
4067,train,CCOC(=O)c1ccc(OCCC2(CCN(CC2)c3ccc(C)nn3)C#N)cc1,3.54,3.7202585407263173,0.1802585407263173
2622,train,CN(C)c1cccc(c1)C(=O)Nc2ccc(C)c(NC(=O)c3ccc(OCc4ccccn4)cc3)c2,2.83,2.7285478733573103,-0.10145212664268977
2332,train,CNCc1ccc(cc1)c2[nH]c3cc(F)cc4C(=O)NCCc2c34,1.17,1.2598987508201682,0.0898987508201683
3153,train,C[C@H](NC(=O)c1c(C)nn(c1NS(=O)(=O)c2ccc(cc2)C(F)(F)F)c3ccc(F)cc3)C(C)(C)C,2.35,2.244042353172101,-0.10595764682789888
3970,train,OC(=O)C1CCn2c1ccc2C(=O)c3ccccc3,-0.93,-0.8881802933372991,0.04181970666270096
3780,train,CC(C)[C@H](NC(=O)N(C)Cc1csc(n1)C(C)C)C(=O)N[C@H](C[C@H](O)[C@H](Cc2ccccc2)NC(=O)OCc3cncs3)Cc4ccccc4,4.3,4.400675603446542,0.10067560344654236
1930,train,C[C@H](Nc1ncc(Cl)c(Nc2cc([nH]n2)N(C)C)n1)c3ncc(F)cn3,2.33,2.2976364987701325,-0.03236350122986753
441,train,COc1ccc(cc1)C2=C(C)c3ccc(OC)cc3OC2=O,3.31,3.1316844265452803,-0.1783155734547197
2264,train,Nc1ncnc2c1nc(Sc3nc4cccc(Cl)c4s3)n2CCO,2.37,2.558450187171877,0.18845018717187711
149,train,OCC(CO)N1C=Cc2c(NC(=O)CC34CC5CC(CC(C5)C3)C4)cccc2C1=O,2.62,2.685388051578142,0.06538805157814176
450,train,COc1cc2ncnc(Nc3ccc(F)c(Cl)c3)c2cc1NC(=O)\C=C\CN4CCCCC4,4.1,4.071815688081552,-0.028184311918447946
1323,train,COc1cc2nnc(C(=O)N)c(Nc3ccc(F)cc3F)c2cc1N4CCN(C)CC4,2.36,2.1049319175978987,-0.2550680824021012
127,train,Cc1ncc(nc1C(=O)N)c2ccc(cc2)[C@@H]3CC[C@@H](CC(=O)O)CC3,1.0,0.8563197808453904,-0.1436802191546096
689,train,C[C@]12CC[C@H]3[C@@H](CCc4cc(O)ccc34)[C@@H]1CCC2=O,3.4,3.599524669785853,0.19952466978585326
500,train,O[C@@H](CNCCSCCCNCCc1cccc(c1)C(F)(F)F)c2ccc(O)c3NC(=O)Sc23,1.21,1.200419902519794,-0.009580097480206051
4176,train,CC(C)C(NC(=O)CN1C(=O)C(=CN=C1c2cccs2)N)C(=O)C(F)(F)F,0.68,0.8410917935974205,0.16109179359742043
617,train,COc1cccc(CNCc2cccc(CCNC[C@H](O)c3ccc(O)c4NC(=O)Sc34)c2)c1,0.91,0.9133213409669121,0.0033213409669120564
1048,train,COc1ccc2N=CC(=O)N(CCN3CC[C@H](NCc4ccc5OCC(=O)Nc5n4)[C@H](O)C3)c2c1,0.39,0.6807231916509231,0.2907231916509231
1559,train,Oc1ccc(Cl)cc1C(=O)Nc2ccccc2,2.9,2.7362251313526724,-0.1637748686473275
850,train,CCC(CC)NC(=O)c1cnn(c1NS(=O)(=O)c2ccc(C)cc2)c3ccccc3,0.79,1.0175438616971844,0.22754386169718432
1741,train,COc1ccc(CN2CCc3c(C2)[nH]c4ccccc34)cc1OC,3.1,2.977366067566602,-0.12263393243339804
3443,train,CN(C)CC(O)COc1ccc(Nc2nccc(Nc3cc(C)ccc3Cl)n2)cc1,2.6,2.659865324308986,0.05986532430898572
928,train,Cn1cnc(c2ccccc2)c1C#Cc3ccnc(N)n3,2.94,2.8181374534412518,-0.12186254655874817
911,train,CC(N)C(=O)Nc1c(C)cccc1C,-0.15,-0.1646364509152991,-0.01463645091529911
3701,train,Cc1nc(C)c(s1)C(=O)N[C@@H](Cc2cccc(Cl)c2)C(=O)NCC#N,2.0,1.680240393239318,-0.31975960676068205
917,train,CN1CCOc2nc(ccc12)C#Cc3ccccc3,3.8,3.7390209457233174,-0.060979054276682376
2377,train,NC(=O)c1cnc(c2ccc(cc2)C3(N)CCC3)c(c1)c4ccccc4,1.3,1.3595814925625536,0.05958149256255352
4109,train,CS(=O)(=O)c1ccc(CC(=O)N(C2CC2)C3CCN(CCC(c4ccccc4)c5ccccc5)CC3)cc1,2.89,2.965733304166323,0.07573330416632285
428,train,Oc1ccc(cc1)C2CNCCc3c(Cl)c(O)c(O)cc23,0.87,0.7857583884203718,-0.08424161157962817
4141,train,Oc1cc(ccc1NC(=O)CN2CCOCC2)c3cccc4C(=O)C=C(Oc34)N5CCOCC5,2.4,2.3939721847182045,-0.006027815281795412
2272,train,CC(C)C(NC(=O)CN1C(=O)C(=CN=C1C(C)C)NC(=O)OCc2ccccc2)C(=O)C(F)(F)F,2.63,2.81242037872864,0.18242037872864003
2727,train,Cc1nsc(C)c1CCC2CCN(CC2)S(=O)(=O)CC3(CCOCC3)N(O)C=O,1.5,1.284587906732059,-0.21541209326794108
3891,train,CC[C@H](N)C(=O)N[C@@H](Cc1ccc(cc1)c2ccccc2)C#N,2.6,2.555370875235,-0.04462912476500014
3200,train,Cc1ccc(cc1S(=O)(=O)n2ccc(n2)c3c(C)nc4ccc(Br)cn34)[N+](=O)[O-],3.52,3.504687834286681,-0.015312165713318837
951,train,COc1ccc(cc1)c2ccnc(N)n2,2.08,2.2267216528211136,0.1467216528211135
42,train,NC(=NC#N)c1sc(Nc2ccccc2)nc1N,2.91,3.2143677063389964,0.30436770633899624
505,train,O[C@@H](CNCCc1cccc(CN2CCC(CC2)c3ccccc3)c1)c4ccc(O)c5NC(=O)Sc45,1.99,2.009841767036849,0.019841767036848923
1959,train,O[C@@H](CNCCc1ccc(NC[C@H](O)c2ccccc2)cc1)c3ccc(O)c(NC=O)c3,0.02,0.08214029240732446,0.06214029240732445
2714,train,CC(=O)Nc1ccc2c(c1)c(cn2C)c3cc(NC4CC4)n5ncc(C#N)c5n3,2.94,2.8929281594705074,-0.04707184052949254
989,train,Cc1ccc(OCC(=O)O)c(c1)n2nc3ccccc3n2,-0.84,-0.6329846889824955,0.20701531101750448
2265,train,COc1cc2ncnc(Nc3cc(NC(=O)c4cccc(c4)N5CCOCC5)ccc3C)c2cc1OC,3.6,3.8084302758700233,0.20843027587002316
3620,train,OCC(CO)CN1C(=O)C(Cc2ccccc12)NC(=O)c3cc4cc(Cl)ccc4[nH]3,3.64,3.741655201845324,0.10165520184532406
3614,train,Cc1cc(CNc2ncc(Br)c(Nc3cc([nH]n3)C4CC4)n2)on1,3.43,3.5470950631039466,0.11709506310394646
529,train,CN(c1ccnc(Nc2cc(CN3CCOCC3)cc(c2)N4CCOCC4)n1)c5cc(CO)ccc5C,3.0,2.9347741067849147,-0.06522589321508532
3237,train,CC(C)n1c(C)ncc1c2ccnc(Nc3ccc(C(=O)N)c(F)c3)n2,2.8,2.6803950827847784,-0.11960491721522137
64,train,O=C(COc1ccccc1)c2ccccc2,2.87,2.9097150531313494,0.039715053131349265
3736,train,CN(C)CCC=C1c2ccccc2COc3ccccc13,2.15,2.086604089124539,-0.0633959108754607
2363,train,OC(=O)[C@H](Cc1ccc(OCCNc2ccccn2)cc1)NC(=O)c3c(Cl)cccc3Cl,-0.48,-0.5064330987523253,-0.026433098752325357
789,train,Cn1c(CN2CCN(CC2)c3ccccc3)nc4ccccc14,3.11,3.103558749980182,-0.006441250019817879
1919,train,CC1=CN([C@H]2CCCN(C2)[C@H](CC(C)(C)C)c3ccc(C(=O)O)c(Oc4cccc(Br)c4)c3)C(=O)NC1=O,1.09,0.9444670778662096,-0.14553292213379043
583,train,CCC[C@H]1CN(Cc2cc(Cl)ccc2OCC(=O)O)CCN1S(=O)(=O)c3ccccc3,1.02,1.075412613670475,0.0554126136704749
3430,train,C[C@H](Nc1nc(Nc2cc(C)[nH]n2)c(Cl)c(n1)N3CCOCC3)c4ncc(F)cn4,2.61,2.55270411930164,-0.05729588069835989
1752,train,CCC(N(CCCN)C(=O)c1ccc(C)cc1)C2=Nc3ccsc3C(=O)N2Cc4ccc(Cl)cc4,2.32,2.3546961446223458,0.03469614462234594
2918,train,CCc1cc(ccn1)C(=S)N,1.52,1.6112859158472794,0.09128591584727941
658,train,CS(=O)(=O)N1CCc2c1nc(nc2c3cnc(N)nc3)N4CCOCC4,1.2,1.5439515847796064,0.3439515847796064
1932,train,CN(C)c1ccccc1S(=O)(=O)NC(=O)N2CCC(CC2)N3CCC(CC3)Oc4ccc(Cl)c(Cl)c4,1.74,1.6984595199660002,-0.041540480033999794
1966,train,OC(=O)[C@H](N1CCC(CN2CCC(CC2)Oc3ccc(Cl)c(Cl)c3)CC1)c4ccccc4,2.14,1.9067068150771542,-0.2332931849228459
1460,train,COc1cc2ncc(C(=O)N)c(Nc3ccccc3F)c2cc1OC,2.81,2.758195076129564,-0.05180492387043589
1421,train,O[C@@H]1CN(CCN2C(=O)C=Cc3ccc(cc23)C#N)CC[C@@H]1NCc4ccc5OCC(=O)Nc5n4,0.11,0.28768182458128133,0.17768182458128134
3296,train,C1CC(CCN1)c2ccccc2,0.54,0.5531719520508549,0.013171952050854863
2689,train,COc1cc(ccc1Cn2cnc3ccc(NC(=O)CC4CCCC4)cc23)C(=O)NS(=O)(=O)c5ccccc5,0.9,1.1447458819672505,0.24474588196725044
1727,train,CN1CCN(CC1)C(=O)c2cc3cc(C)ccc3[nH]2,2.22,2.350895365794283,0.13089536579428263
2927,train,CNC(=O)c1ccc(Nc2nccc(n2)c3cnc(C)n3C(C)C)cc1F,2.95,3.2498715269515857,0.2998715269515855
358,train,CC(CN(C)C)CN1c2ccccc2CCc3ccccc13,2.95,2.9199851381232333,-0.03001486187676683
865,train,COc1cc2ncnc(Nc3cc(NC(=O)c4ccnc(c4)N5CCOCC5)ccc3C)c2cc1OCCN6CCOCC6,3.19,3.3638957594191345,0.1738957594191346
2463,train,Cc1ccc(cc1)S(=O)(=O)N2N=Cc3ccccc3B2O,0.05,0.38784964137231737,0.3378496413723174
2152,train,Nc1cc(cc(c1)C(F)(F)F)C(=O)Nc2cccc(c2)c3nnn[nH]3,0.2,0.535615402123373,0.335615402123373
2905,train,NC(=O)C([C@@H]1CCN(CCc2ccc3OCCc3c2)C1)(c4ccccc4)c5ccccc5,2.79,2.6322922529900996,-0.15770774700990042
2112,train,Cc1cc(ccc1O[C@H]2C[C@H]3CC[C@@H](C2)N3Cc4ccccc4)C(=O)N,2.23,2.1368458285699923,-0.0931541714300077
309,train,Nc1nc(cs1)c2ccccc2,2.43,2.3735707625386344,-0.056429237461365744
3662,train,CC1=CN(C2CCCN(Cc3cccc(Oc4ccccc4)c3)C2)C(=O)NC1=O,3.04,2.767172471183331,-0.27282752881666905
2880,train,N(c1cccnc1)c2ncnc3ccccc23,1.57,1.8432860903250115,0.2732860903250114
4008,train,Clc1ccc2OCOc2c1Nc3ncnc4cc(OCCCN5CCCC5)cc(OC6CCOCC6)c34,2.3,2.4894242391157175,0.1894242391157177
3422,train,COC(=O)C1=C(C)NC(=C([C@@H]1c2cccc3nonc23)C(=O)OC(C)C)C,3.77,3.9333728543051905,0.16337285430519044
1711,train,C[C@H](NC(=O)c1c(C)nn(c1NS(=O)(=O)c2ccc(C)cc2)c3ccccc3)C(C)(C)C,1.44,1.4208167044166355,-0.0191832955833644
1571,train,CCN1CCN(CC(=O)Nc2ccc(c3cccc4C(=O)C=C(Nc34)N5CCOCC5)c6sc7ccccc7c26)CC1,2.6,3.1618665928419,0.5618665928418998
577,train,NC12CCC(CC1)(CC2)c3ccccc3,0.29,0.7013602465005715,0.4113602465005715
87,train,C[C@H]1CN(Cc2cc(Cl)ccc2OCC(=O)O)CCN1C(=O)Cc3ccccc3,0.18,0.45401679901468595,0.27401679901468595
3265,train,CCC(CC)NC(=O)c1cnn(c1NS(=O)(=O)C2CCCC2)c3ccccc3,0.69,0.7630588427616891,0.07305884276168917
1137,train,C[C@@H]1CN[C@@H]2[C@@H](C1)O[C@]3(CC[C@H]4[C@@H]5CC=C6C[C@@H](O)CC[C@]6(C)[C@H]5CC4=C3C)[C@@H]2C,2.63,3.077979554740688,0.4479795547406882
728,train,CC1=CC2=NNC(=O)N2c3cc(ccc13)c4ccccc4CO,3.18,3.243214958248488,0.063214958248488
1818,train,CO[C@H]1\C=C\O[C@@]2(C)Oc3c(C)c(O)c4c(O)c(NC(=O)\C(=C/C=C/[C@H](C)[C@H](O)[C@@H](C)[C@@H](O)[C@@H](C)[C@H](OC(=O)C)[C@@H]1C)\C)cc(O)c4c3C2=O,1.19,1.5155452313120095,0.3255452313120095
1554,train,O=S(=O)(C1CCNCC1)C2(CC2)c3cc(nc(n3)c4cccc5[nH]ccc45)N6CCOCC6,1.1,1.5630808508284553,0.4630808508284552
2345,train,CCN(C1CCN(CCC(c2ccccc2)c3ccc(cc3)S(=O)(=O)C)CC1)C(=O)Cc4ccc(cc4)S(=O)(=O)C,1.73,1.8753106235693418,0.14531062356934177
2961,train,COc1ccc(cc1OC)C(=O)Nc2cccc(NC(=O)c3ccc(OC)c(OC)c3)n2,3.5,3.7062634495477456,0.20626344954774556
3146,train,CS(=O)(=O)c1ccc(c(Cl)c1)c2cc(ccc2OCC(=O)O)C(F)(F)F,-0.52,-0.07150883797539143,0.4484911620246086
2036,train,OC(=O)[C@H](Cc1cccc(c1)C#N)N2CCC(CN3CCC(CC3)Oc4ccc(Cl)c(Cl)c4)CC2,2.26,2.2970331735736105,0.03703317357361069
1765,train,CCc1c(cnn1c2ccc(cc2)C(=O)O)C(=O)NC3C4CC5CC(CC3C5)C4,0.9,1.3556869378605751,0.4556869378605751
95,train,CC(C)N(CCCNC(=O)Nc1ccc(cc1)C(C)(C)C)C[C@H]2O[C@H]([C@H](O)[C@@H]2O)n3cnc4c(N)ncnc34,2.2,2.454357051118839,0.25435705111883866
2039,train,COc1cc2ncnc(Nc3ccccc3)c2cc1OC,3.04,3.293415634598034,0.25341563459803407
2362,train,OC(=O)CSCC(=O)Nc1nc(cs1)c2ccc(F)cc2,-0.2,-0.3775325566395247,-0.17753255663952466
570,train,CN(C)CC(O)COc1ccc(Nc2nccc(Nc3ccccc3C#N)n2)cc1,1.2,1.4752620224238262,0.27526202242382625
2410,train,Cc1sc2ncnc(N3CCN(CC3)c4ncccn4)c2c1C,3.66,3.9882685423344477,0.3282685423344476
1746,train,COc1cc(ccc1Nc2ncc(Cl)c(n2)c3cnc4cc(F)ccn34)N5CCN(CC5)C(=O)C,3.7,3.656862145643853,-0.043137854356147365
1488,train,Cc1nc(C)c(nc1C(=O)N)c2ccc(cc2)C34CCC(CC(=O)O)(CC3)CC4,1.6,1.5340071486205027,-0.0659928513794974
1540,train,Cc1cc(Oc2ccnc(Nc3ccc(cc3)N4CCOCC4)c2)c(nc1C)c5ccccn5,2.59,2.8711304383880387,0.28113043838803886
3713,train,CC(=O)NC[C@H]1CN(C(=O)O1)c2ccc(N3Cc4ccncc4C3)c(F)c2,3.02,2.9945333427792327,-0.025466657220767352
1249,train,OC(=O)c1c(C#N)c2ccccc2n1Cc3ccc(Cl)c(Cl)c3,1.26,1.253753936654908,-0.006246063345092034
2645,train,Nc1c2C(=O)N(Cc2nc3c(cccc13)c4ncccn4)C5CCC5,1.85,2.131958493201294,0.28195849320129396
3710,train,O[C@@H](CNCCc1cccc(CNCc2ccccc2F)c1)c3ccc(O)c4NC(=O)Sc34,0.69,0.8208978062538286,0.13089780625382863
1317,train,Cc1ccc(cc1)S(=O)(=O)Nc2c(C(=O)NCC(C)(C)C)c(C)nn2c3ccccc3,1.46,1.6382034959765595,0.1782034959765595
787,train,CN(C)CCNCc1ccc(Nc2ncc3cc(ccc3n2)c4ccncc4)cc1,1.4,1.700511780022406,0.3005117800224062
3420,train,Cc1c(c2ccc(O)cc2)n(C)c3ccc(O)cc13,3.8,3.5092285532023713,-0.29077144679762856
1474,train,C(Cc1ccccc1)NCc2ccccc2,1.65,1.8649282172049615,0.21492821720496158
869,train,CCN(CC)c1ccc2C=C(C(=O)O)C(=O)Oc2c1,-0.2,-0.21577517521255585,-0.015775175212555836
2065,train,CN1C(=O)CN=C(c2ccccc2F)c3cc(ccc13)[N+](=O)[O-],2.1,2.334134500903379,0.23413450090337884
468,train,Oc1ccc(cc1)S(=O)(=O)Nc2nccs2,0.36,0.4352624918572221,0.07526249185722211
817,train,COc1cc(ccc1Nc2ncc(Cl)c(n2)c3cnc4c(OC)cccn34)N5CCN(CC5)C(=O)C,3.5,3.561388183698309,0.06138818369830901
2139,train,Clc1ccc(N2CCN(CC2)C(=O)COCc3ccncc3)c(Cl)c1,3.38,3.3448737174420025,-0.035126282557997435
77,train,C[C@H](Nc1ncc(F)c(Nc2cc([nH]n2)C3CC3)n1)c4ncc(F)cn4,2.47,2.7892821036922237,0.31928210369222354
2646,train,COc1ccc(cc1)c2c(C)[nH]nc2c3ccc(O)cc3O,3.37,3.564726373442862,0.1947263734428617
2396,train,Fc1cnc(NC(=O)C(CC2CCOCC2)c3ccc(cc3)S(=O)(=O)C4CC4)s1,3.3,3.0215469401487285,-0.27845305985127133
3396,train,CN(C(=O)C)c1ccc(Nc2ncc3cc(ccc3n2)c4ccncc4)cc1,2.88,2.831431647687103,-0.04856835231289702
1534,train,NC(Cc1ccc(cc1)N(CCCl)CCCl)C(=O)O,0.39,0.39733626038906644,0.007336260389066429
3339,train,Clc1ccc2OCOc2c1Nc3ccnc(Nc4cc(cc(c4)N5CCOCC5)N6CCOCC6)n3,3.25,3.430905670790386,0.180905670790386
3961,train,Nc1cc(nc2c(cnn12)C#N)c3ccccc3,2.48,2.5739302196754137,0.0939302196754137
1027,train,CN[C@@H](C)C(=O)N[C@H](C(=O)N[C@H]1CCCN(CCc2ccc(OC)cc2)C1)C(C)(C)C,1.45,1.647863061709119,0.19786306170911905
1956,train,CC(C)(C)OC(=O)NCCCSC[C@H]1O[C@H]([C@H](O)[C@@H]1O)n2cnc3c(N)ncnc23,1.2,1.42088799432541,0.22088799432541006
4052,train,Oc1ccnc2ccccc12,0.8,0.9524648512425031,0.15246485124250309
665,train,CCCc1cc(Nc2nc(NCc3onc(C)c3)ncc2Br)n[nH]1,3.63,3.7876029217912723,0.15760292179127244
1112,train,COc1cc2ncnc(Nc3cc(NC(=O)c4cccc(c4)N(C)C)ccc3Cl)c2cc1OC,4.26,4.246327889799545,-0.013672110200454668
3650,train,Brc1cnc(NCc2ccccc2)nc1Nc3cc([nH]n3)C4CC4,4.11,4.231507397405383,0.12150739740538263
3533,train,CCN(CCO)CCCOc1cc2ncnc(Nc3cc(CC(=O)Nc4cccc(F)c4F)[nH]n3)c2cc1OC,1.94,1.869519511466684,-0.0704804885333159
4099,train,CN(C)CCC[C@]1(OCc2cc(ccc12)C#N)c3ccc(F)cc3,1.48,1.727548984040193,0.247548984040193
3816,train,CCN(C1CCN(CCC(N2CCN(CC2)c3cccc(F)c3)c4ccccc4)CC1)C(=O)Cc5ccc(cc5)S(=O)(=O)C,3.21,3.171342149631425,-0.03865785036857483
2793,train,CC(=O)NC[C@H]1CN(C(=O)O1)c2ccc(N3CCN(CC3)c4ccc(cn4)C#N)c(F)c2,1.98,2.1857319797355284,0.20573197973552837
3678,train,NS(=O)(=O)c1ccc(Nc2nccc(n2)c3cnc4ccccn34)cc1,2.7,2.8175199208744717,0.1175199208744715
783,train,CN1SC(=NC1=O)NC(=O)c2ccccc2,1.13,1.170679791499289,0.04067979149928913
788,train,Cc1ccccc1Nc2ncnc3ccccc23,2.85,2.9283365412599904,0.07833654125999034
1721,train,COc1cc2c(Nc3c(Cl)ccc4OCOc34)ncnc2cc1OCC5CCN(C)CC5,1.83,1.91650520091605,0.08650520091604985
490,train,CC(CCc1cccc(OCc2ccc3ccccc3n2)c1)CC(=O)O,2.4,2.5443490649068776,0.1443490649068777
3846,train,CCC(CC)NC(=O)c1c(C)nn(c1NS(=O)(=O)c2ccc(C)cc2)c3ccccc3,1.35,1.2916852292727736,-0.05831477072722646
2443,train,COc1ccc(cc1)N2CCN(CC2)C(=O)[C@@H]3CCCC[C@H]3C(=O)NC4(CC4)C#N,1.74,2.1656713175357303,0.4256713175357303
2950,train,CCOC(=O)c1ccccc1c2csc(NS(=O)(=O)c3ccc(Cl)cc3)n2,2.43,2.558140191752129,0.12814019175212898
2358,train,Oc1ccc(cc1)c2ccc(cc2)C3(O)CN4CCC3CC4,0.95,0.8180650084589056,-0.13193499154109434
122,train,NC(=N)NC(=O)c1nc(Cl)c(NCc2ccccn2)nc1N,-0.56,-0.7743411543448651,-0.214341154344865
1032,train,CC1SC2=C(C(=O)O)C(=O)c3cc(F)c(cc3N12)N4CCNCC4,-1.1,-1.1755162228115879,-0.07551622281158776
3278,train,CS(=O)(=O)Cc1cc(nc(n1)c2ccccc2)N3CCOCC3,1.94,1.7974295795270545,-0.14257042047294544
2310,train,Fc1ccc(cc1)C(NC(=O)CC2CCN(Cc3ccn(c3)c4ccc(cc4)C(F)(F)F)CC2)C5=CNC(=O)C=C5,3.04,2.920641569240643,-0.11935843075935715
2555,train,O=C(N1CCOCC1)c2ccc(cc2)C(=C3CCN(Cc4cscn4)CC3)c5cccc6cccnc56,2.12,2.256094184287266,0.13609418428726583
4069,train,Fc1ccc(cc1)C(=O)C2CCN(CC2)C(=O)N3CCOCC3,1.61,1.51472257757769,-0.09527742242231008
3801,train,Cc1ccc([nH]1)C(=O)NC2CCN(CC2)c3cc(cc(Cl)n3)C(=O)N,2.64,2.330992105350471,-0.30900789464952894
2581,train,CNCc1cccc(c1)c2ccc3c(nc(nc3n2)N4C[C@@H](C)O[C@@H](C)C4)N5CCOCC5,1.26,1.8790520423415182,0.6190520423415182
4003,train,O=C1NC(=O)C(Cc2cccc(Oc3ccccc3)c2)S1,2.84,2.8555998666895395,0.01559986668953961
3236,train,CN1CCN(CC1)[C@@H]2C[C@@H](C2)c3nc(c4ccc5ccc(nc5c4)c6ccccc6)c7c(N)nccn37,3.2,3.2571810562694345,0.05718105626943437
2137,train,Oc1ccc(cc1)c2oc3cc(O)ccc3n2,3.3,3.0680831272016924,-0.23191687279830742
3266,train,CC[C@@H](CO)Nc1nc(SCc2ccccc2)nc3nc(N)sc13,2.99,3.064847100379146,0.07484710037914599
3022,train,CC1=CN([C@H]2CCCN(C2)S(=O)(=O)c3cccc(Oc4ccccc4)c3)C(=O)NC1=O,2.32,2.2428276772416598,-0.07717232275834007
1955,train,Cn1cnc(c1Sc2ncnc3nc[nH]c23)[N+](=O)[O-],0.19,0.4323897832817276,0.2423897832817276
200,train,CN1CCCN(CC1)C(c2ccccc2)c3ccc(Cl)cc3,2.36,2.1644122119410474,-0.1955877880589525
3797,train,COc1ccc(cc1)c2nc3c(NCC4CCNCC4)c(Br)cnc3[nH]2,1.36,1.4914592198412941,0.13145921984129405
4010,train,CC1=CN([C@H]2CCCN(C2)S(=O)(=O)c3ccc(C(=O)O)c(Oc4ccc(Cl)c(Cl)c4)c3)C(=O)NC1=O,-0.87,-0.6917833910639613,0.17821660893603875
486,train,OCCN1CC=CC[C@@H](C1)c2ccc(Cl)c(Cl)c2,2.37,2.736692636981615,0.366692636981615
1744,train,CC(C)CNc1nc(nc(NC2CCS(=O)(=O)C2)c1N)C#N,2.3,2.40844598835722,0.10844598835722019
3998,train,CC(C)NC(=O)c1ccc2c(Nc3ccc(Cl)cc3)nc(nc2c1)N4CCOCC4,2.78,2.900862596173285,0.12086259617328521
2994,train,COc1cc(cc(OC)c1O)[C@H]2[C@@H]3C(COC3=O)C(O[C@@H]4O[C@@H]5CO[C@@H](C)O[C@H]5[C@H](O)[C@H]4O)c6cc7OCOc7cc26,0.91,0.7681105931938295,-0.14188940680617057
3552,train,CC(CC(=O)NCc1ccccc1)C2CCCO2,2.1,2.2156610162445003,0.1156610162445002
2839,train,C[C@H](CNCCc1ccncc1)c2c([nH]c3ccc(cc23)C(C)(C)C(=O)N4C5CCC4CC5)c6cc(C)cc(C)c6,4.35,4.396132570862413,0.0461325708624134
2790,train,OC(=O)\C=C\c1cccc(c1)c2cnc3[nH]ccc3c2,0.58,0.6315037999280415,0.05150379992804155
1107,train,CCN(CC)C(C)C(=O)c1ccccc1,1.18,1.122385288734872,-0.05761471126512796
2894,train,CN(C)c1ccnc2sc(C(=O)N)c(N)c12,1.7,1.8106101148108429,0.11061011481084293
277,train,CC1CC(=O)Nc2ccccc2N1,0.56,0.7931255425427777,0.23312554254277762
3183,train,CCN(CC)C(=O)c1ccc(cc1)C2=CC3(CCNCC3)Oc4cccc(O)c24,0.54,0.5836713078300246,0.0436713078300246
269,train,O=C1COC2(CCN(CC2)S(=O)(=O)c3ccc(cc3)c4ccc5cnccc5c4)CN1C6CC6,3.32,3.432642946579472,0.11264294657947227
3606,train,Cc1ccc(NC(=O)c2ccnc(c2)N3CCOCC3)cc1Nc4ccnc(Cl)n4,3.1,3.0246811655599615,-0.07531883444003862
2356,train,CC1=CC(=O)Nc2ccccc12,1.9,1.887179381150392,-0.012820618849607834
1275,train,NS(=O)(=O)c1cc2c(NC(NS2(=O)=O)C(Cl)Cl)cc1Cl,0.37,0.5811307552797951,0.21113075527979508
3619,train,OC(=O)c1ccc(NC(=O)c2cc(OCc3ccccc3)cc(OCc4ccccc4)c2)nc1,2.7,2.694494252892033,-0.0055057471079673626
3027,train,NC1CCc2cc(OC(=O)c3ccccc3)c(OC(=O)c4ccccc4)cc2C1,2.6,2.814975391706613,0.21497539170661284
3505,train,CC(NC(=O)C1(N)CCN(CC1)c2ncnc3[nH]ccc23)c4ccc(cc4)S(=O)(=O)C,1.0,1.4979593990183473,0.4979593990183473
2748,train,CCC(CC)NC(=O)c1cn(nc1NS(=O)(=O)c2ccc(C)cc2)c3ccccc3,2.51,2.6696312464875978,0.15963124648759797
3528,train,NC(=N)Nc1ccc(cc1)C(=O)Oc2ccc(Cl)cc2,0.7,0.43938718426673606,-0.2606128157332639
253,train,Cc1ccc2c(c1)c(c(C)n2CC(=O)O)c3ccnc4cc(Cl)ccc34,1.59,1.557649514168052,-0.032350485831948106
2959,train,CN[C@@H](C)C(=O)N[C@H](C(=O)N[C@H]1CCCN(CCc2ccc(C)cc2)C1)C(C)(C)C,2.05,2.0050407604217786,-0.04495923957822123
1063,train,Oc1c2C(=O)N(NC(=O)c2nc3cc(Cl)ccc13)C(C4CCCC4)c5ccccn5,1.9,2.0120515373024492,0.11205153730244932
1409,train,CC(=O)NC[C@H]1CN(C(=O)O1)c2ccc(c(F)c2)n3cc(nn3)C#N,0.8,0.9906879552922299,0.19068795529222982
3670,train,O[C@@H](CNCCc1cccc(CNCCc2ccccc2Cl)c1)c3ccc(O)c4NC(=O)Sc34,1.63,1.6709180808328026,0.040918080832802683
745,train,COc1ccc(CNC(=O)c2sc3nc(C)cc(C)c3c2N)cc1,3.85,3.778164745207463,-0.07183525479253694
182,train,C[C@@H]1CN([C@@H](C)CN1C(=O)c2ccc(cc2)C#N)C(=O)[C@@](C)(O)C(F)(F)F,1.5,1.3902718705922128,-0.1097281294077872
2381,train,CC(C)(CO)Nc1nc(SCc2cccc(F)c2F)nc3nc(N)sc13,3.37,3.6221371636695205,0.25213716366952044
1246,train,CS(=O)(=O)n1c2ccccc2c3cc(NC(=O)CCc4ccncc4)ccc13,3.4,3.6405037867591847,0.24050378675918482
3408,train,COc1cc(CCc2cc(Nc3ccnc(NCc4onc(C)c4)n3)n[nH]2)cc(OC)c1,3.1,3.2069033781421554,0.10690337814215534
2454,train,COc1cc2CC(CC3CCN(Cc4ccccc4)CC3)C(=O)c2cc1OC,2.41,2.4595582500717064,0.04955825007170622
935,train,COc1cc2ncc(C(=O)N)c(Nc3ccc(F)cc3F)c2cc1NCCN4CCCCC4,2.52,2.5804909518936423,0.060490951893642286
208,train,Clc1ccc(CNC(=N)SCCCc2c[nH]cn2)cc1,1.13,1.1861446405536948,0.05614464055369495
2938,train,CC(C)n1c(C)ncc1c2nc(Nc3ccc(C(=O)N(C)C)c(C)c3)ncc2F,2.86,3.056233818895957,0.19623381889595715
2953,train,COCCNc1nc(NCc2ccccc2F)c3sccc3n1,3.4,3.5438044481666697,0.14380444816666982
1487,train,Clc1cnc(OC2CCNCC2)cc1C(=O)NCC34CC5CC(CC(C5)C3)C4,1.56,1.7518628918521437,0.19186289185214367
2590,train,OC(=O)[C@H](Cc1ccc(OCCCNc2ccccn2)cc1)NC(=O)c3c(Cl)cccc3Cl,-0.22,-0.09995611445350194,0.12004388554649806
3974,train,NC(=O)Nc1sc(cc1C(=O)N)c2ccc(CN3CCCCC3)cc2,1.75,1.5776912332075064,-0.17230876679249363
859,train,C[C@]12CCC(=O)C=C1CC[C@H]3[C@@H]4CC[C@](O)(C(=O)CO)[C@@]4(C)CC(=O)[C@H]23,1.4,1.44393083053872,0.043930830538720045
653,train,CN(C)c1ccc(cc1)S(=O)(=O)NC(=O)N2CCC(CC2)N3CCC(CC3)Oc4ccc(Cl)c(Cl)c4,1.7,1.861529040606401,0.16152904060640094
1451,train,CC[C@H]1CN(Cc2cc(Cl)ccc2OCC(=O)O)CCN1S(=O)(=O)c3ccccc3,0.44,0.7637348677586908,0.3237348677586908
2481,train,CC1=C(OCc2ccc(F)cc2)C(=O)C=CO1,1.91,1.6298959802380033,-0.2801040197619966
683,train,Cc1ccc(cc1)n2c(C)cc(C(=O)NS(=O)(=O)c3ccc(C)cc3)c2C,2.5,2.3769747472294194,-0.12302525277058063
2062,train,COc1cc(ccc1Nc2ncc(Cl)c(n2)c3cnc4c(C)cccn34)N5CCN(CC5)C(=O)C,3.2,3.2997443854041895,0.09974438540418928
3637,train,CN1C(=O)N(Cc2ccc(cc2)C(=O)O)C(=O)c3cc(ccc13)C#CCc4ccccc4,2.5,2.149194961560677,-0.3508050384393231
1467,train,CC1=NC(=C(NC1=O)c2ccc(CN3CCC(CC3)N4C(=O)Nc5ccccc45)cc2)c6ccccc6,3.9,3.8680332669425743,-0.03196673305742559
2735,train,OC(=O)COc1cccc(c1)N2CCC(CN3CCC(CC3)Oc4ccc(Cl)c(Cl)c4)CC2,1.99,1.7482931183572807,-0.24170688164271925
3071,train,Cc1cc(Oc2ccnc(Nc3ccc(cc3)S(=O)(=O)N)c2)c(nc1C)c4ccccn4,2.34,2.464206843778362,0.12420684377836233
1127,train,Cc1ccc2nc(CCNCCCO)ccc2c1NC(=O)CC34CC5CC(CC(C5)C3)C4,1.18,1.586030055772127,0.40603005577212703
1815,train,COc1cc2c(Nc3cccc(Cl)c3Cl)c(cnc2cc1NCCN(C)C)C(=O)N,3.41,3.4534755064122105,0.04347550641221032
3749,train,C[C@H](CO)Nc1nc(SCc2cccc(F)c2F)nc3ncc(C)nc13,3.5,3.7542749617412254,0.25427496174122544
1191,train,Nc1nc(SCc2ccccc2)nc3c1ncn3[C@@H]4O[C@H](CO)[C@@H](O)[C@H]4O,1.24,0.9065480766119258,-0.33345192338807417
549,train,CCC(N(CCCN)C(=O)c1ccc(OC)cc1)C2=Nc3ccsc3C(=O)N2Cc4ccccc4,1.39,1.482705238396162,0.09270523839616218
3830,train,Cc1ccc(cc1NC(=O)c2ccc(OCc3ccccn3)cc2)c4cc(n[nH]4)C(F)(F)F,2.44,2.6739861127557165,0.23398611275571657
4044,train,Nc1cccc2c3ccccc3C(=O)C(=O)c12,2.95,2.7206130028417004,-0.2293869971582998
3934,train,CCN(C1CCN(CC[C@H](C2CCN(CC2)S(=O)(=O)C)c3ccccc3)CC1)C(=O)Cc4ccc(cc4)S(=O)(=O)C,1.05,1.1074692129133263,0.057469212913326295
2530,train,CCCc1c(cnn1c2ccccc2)C(=O)Nc3cc(C)on3,3.7,3.5778833382294284,-0.12211666177057179
45,train,COc1ccc(cn1)C2=Cc3c(C)nc(N)nc3N([C@@H]4CC[C@H](CC4)OCCO)C2=O,2.2,2.1981429310548157,-0.001857068945184448
1342,train,Fc1ccc(CC2=NNC(=O)c3ccccc23)cc1N4C(=O)CCC4=O,1.0,1.0039752085327642,0.0039752085327642295
3321,train,CC(C(=O)O)c1ccc2oc(nc2c1)c3ccc(Cl)cc3,1.3,1.351395299812764,0.05139529981276403
1039,train,CCC(=O)NCC[C@@H]1CCc2ccc3OCCc3c12,2.57,2.80871915994559,0.23871915994559023
2096,train,C[C@@H]1CN(CCN1c2ncc(OCc3ccncc3C#N)cn2)c4onc(n4)C(F)(F)F,3.1,3.539033663845583,0.43903366384558273
945,train,O=C(NC1(CC1)C#N)[C@@H]2CCCC[C@H]2C(=O)N3CCN(CC3)c4nc5ncccc5s4,1.4,1.9308831319191269,0.530883131919127
2925,train,Cc1c(Sc2ccc(Cl)cc2)c3ccc(Cl)cc3n1CC(=O)O,2.51,2.583199823822804,0.07319982382280443
1464,train,C(=C\c1c(nc2sccn12)c3ccccc3)/c4ccncn4,3.4,3.8384261195551694,0.4384261195551695
466,train,Nc1nc2ccc(F)cc2s1,2.2,2.3487757562956624,0.1487757562956622
1227,train,O=C(CC12CC3CC(CC(C3)C1)C2)Nc4ccc5[nH]ncc5c4,4.03,4.176879371893655,0.14687937189365474
3579,train,CCOC(=O)c1cc(O)c(nn1)c2ccccc2,0.69,0.8464680360281216,0.15646803602812165
2832,train,CS(=O)(=O)N1CC[C@@H](C1)N(Cc2ccccc2Cl)c3ccc(C#N)c(Cl)c3,4.0,3.9274018544814053,-0.07259814551859467
3598,train,O=C1Nc2cc(ccc2C1c3ncnc4cc(OCCCN5CCOCC5)ccc34)C#N,2.99,2.9243994005983076,-0.0656005994016926
2671,train,CCN1N(C2CCCC2)c3nc(Nc4ccc(cc4OC)C(=O)NC5CCN(C)CC5)ncc3N(C)C1=O,2.75,3.0618036864541414,0.31180368645414136
1782,train,Clc1ccc2C(=O)C3=C(Nc2c1)C(=O)NN(Cc4cocc4)C3=O,0.6,0.6804402010799857,0.08044020107998573
4138,train,[O-][N+](=O)c1cccc2C(=O)C(=O)c3ccccc3c12,2.6,2.5296975426108967,-0.07030245738910335
2486,train,Clc1ccc2C(=O)NC(=Nc2c1)c3ccccc3,3.31,3.326838455054077,0.016838455054076995
2635,train,Cn1cncc1c2c3C(=O)N(CC=C)C(=O)N(CC4CC4)c3nn2Cc5ccnc6ccc(Cl)cc56,3.62,3.764204069846921,0.1442040698469209
1902,train,NS(=O)(=O)c1cc(C(=O)O)c(NCc2occc2)cc1Cl,-0.9,-0.5086189370100107,0.3913810629899893
2438,train,Cc1cccc2c(CCNCc3cccc(CCNC[C@H](O)c4ccc(O)c5NC(=O)Sc45)c3)c[nH]c12,1.13,1.2991868653731928,0.16918686537319294
3912,train,C(C1NCCc2ccccc12)c3ccccc3,1.89,1.9821235672500237,0.0921235672500238
901,train,CC1(O)CN(C1)S(=O)(=O)c2ccc3C(=CNC(=O)c3c2)C(=O)NC[C@@H](O)CN4CCC(CC4)Oc5ccc(Cl)c(Cl)c5,2.54,2.6985552832684063,0.1585552832684063
2562,train,COc1cccc(CNc2nc(NC(C)C)nc3ccsc23)c1OC,3.7,3.850485682480293,0.15048568248029293
1881,train,C[C@@H](Oc1cccc2ncnc(Nc3ccc(OCc4ccccn4)c(Cl)c3)c12)C(=O)N(C)CCO,3.56,3.881464979856265,0.32146497985626477
1397,train,CC[C@H](C)[C@H](N)C1=N[C@@H](CS1)C(=O)N[C@@H](CC(C)C)C(=O)N[C@H](CCC(=O)O)C(=O)N[C@@H]([C@@H](C)CC)C(=O)N[C@H]2CCCCNC(=O)[C@H](CC(=O)N)NC(=O)[C@@H](CC(=O)O)NC(=O)[C@H](Cc3cnc[nH]3)NC(=O)[C@@H](Cc4ccccc4)NC(=O)[C@@H](NC(=O)[C@@H](CCCN)NC2=O)[C@@H](C)CC,-0.46,-0.33359107643868935,0.12640892356131067
3483,train,CC1=CC(=O)Nc2sc(C(=O)c3ccc(Br)cc3)c(N)c12,2.57,2.7201428220336252,0.1501428220336254
719,train,C[C@@H]1CN(CCN1c2ncc(OCc3ccncc3C#N)cn2)c4ncc(F)cn4,3.4,3.52715037353465,0.1271503735346502
1247,train,C[C@@H]1CN(CCN1c2ncc(OCc3ccncc3C#N)cn2)C(=O)OCC(F)(F)F,3.0,3.161954512242579,0.16195451224257917
3185,train,CC(=O)Nc1ccccc1C,1.0,0.9086546717255775,-0.09134532827442254
734,train,Oc1ccc(CCNCCS(=O)(=O)CCCOCCSc2ccccc2)c3sc(O)nc13,2.68,2.581668609129061,-0.09833139087093912
2424,train,Cc1nnc2CN=C(c3ccccc3)c4cc(Cl)ccc4n12,1.98,1.9248810421756934,-0.055118957824306536
621,train,C[C@H]1CN(CCN1c2ncc(OCc3ccc(cc3)S(=O)(=O)C)cn2)C(=O)OC(C)(C)C,3.5,3.8932565910553043,0.3932565910553043
2297,train,Cc1cc(CN2Cc3ccccc3C2C(=O)Nc4ccc(Cl)cc4Cl)ccc1OCC(=O)O,2.62,2.0912298353553602,-0.5287701646446399
107,train,Oc1ccccc1OC(=O)c2cccc3ccccc23,4.4,4.201698671655236,-0.19830132834476455
1133,train,C[C@@H]1CCCN1CCc2oc3ccc(cc3c2)c4ccc(cc4)C#N,3.51,3.4116601429024804,-0.09833985709751936
3938,train,CCC(N(CCCN)C(=O)c1ccc(C)cc1)C2=Nc3ccn(C)c3C(=O)N2Cc4ccccc4,1.8,1.8834066555521514,0.08340665555215132
1232,train,CC(C)Oc1cc(Nc2nc3c(cc2F)ncn3[C@@H](CO)c4ccc(F)cn4)n[nH]1,2.97,3.277462963013706,0.3074629630137058
1332,train,Oc1cc(OCc2ccccc2)ccn1,1.69,1.7033476868092938,0.01334768680929388
2339,train,CC(C)n1c(C)ncc1c2ccnc(Nc3ccc(cc3)C#N)n2,3.62,3.948586814938249,0.32858681493824893
4100,train,COc1ccc(Nc2cc(Nc3ccc(OCC(O)CN(C)C)cc3)ncn2)cc1,1.5,1.719080885251547,0.2190808852515469
3270,train,CSc1ccc2Sc3ccccc3N(CCC4CCCCN4C)c2c1,3.76,4.034522823348555,0.2745228233485548
2146,train,CC(C)Oc1cc(Nc2nc(N[C@@H](C)c3ccc(F)cn3)nc(OC(CO)CO)c2Cl)n[nH]1,2.77,2.5218638950894903,-0.24813610491050975
102,train,CNC(=C[N+](=O)[O-])NCCSCc1oc(CN(C)C)cc1,-0.95,-0.870651073618252,0.07934892638174795
786,train,C[C@H](Nc1ncc(C)c(Nc2cc(C)[nH]n2)n1)c3ncc(F)cn3,1.75,1.8350057963416821,0.08500579634168215
3865,train,C[C@@H]1CN[C@@H](C2CC2)C(=O)N(C)[C@H](C)C(=O)N[C@H](Cc3ccc(F)cc3)C(=O)NCCCc4ccccc4O1,3.3,3.3318930975717658,0.03189309757176595
1426,train,CCCC(=O)Nc1ccc(Cl)c(c1)c2oc3cccnc3n2,3.37,3.6483001263770136,0.2783001263770135
2261,train,O=C1N(C(=Nc2c1cnn2c3ccccc3)c4occc4)c5ccccc5,3.29,3.3491549439818384,0.059154943981838404
406,train,C[C@@H](O)[C@H](NC(=O)c1ccc(cc1)C#Cc2ccc(CN3CCOCC3)cc2)C(=O)NO,2.03,1.7631117308958364,-0.2668882691041634
4154,train,CC1(CC(=O)NC(=N1)N)c2ccccc2,0.62,0.7592884308318872,0.13928843083188724
1031,train,Oc1ccc(CCNCCCCCCNC(=O)Nc2ccccc2)c3sc(O)nc13,1.26,1.119249834187281,-0.14075016581271904
55,train,N(c1ccccc1)c2cc(Nc3ccccc3)[nH]n2,3.8,3.9072950635171058,0.10729506351710594
3949,train,O=C(Nc1cc(ccn1)c2ccnc(Nc3ccccc3)c2)C4CCOCC4,3.7,3.8251325037264277,0.12513250372642748
1717,train,C[C@H](NC(=O)c1c(C)nn(CC(F)(F)F)c1NS(=O)(=O)c2ccc(C)cc2)C(C)(C)C,0.93,1.1654928360677483,0.2354928360677483
3410,train,COc1ccc(COc2ccc(Cc3cnc(N)nc3N)cc2OC)cc1,2.27,2.2141673263607506,-0.055832673639249375
1688,train,CC(C)NC(=O)c1c(C)nn(c1NS(=O)(=O)c2ccc(C)cc2)c3ccccc3,0.46,0.7237546771338694,0.2637546771338694
2051,train,CS(=O)(=O)c1ccc(cc1Cl)[C@@H](C[C@H]2CCC(=O)C2)C(=O)Nc3cnccn3,1.39,1.6839702436692996,0.2939702436692997
1033,train,COc1ccccc1S(=O)(=O)NC(=O)N2CCC(CC2)N3CCC(CC3)Oc4ccc(Cl)c(Cl)c4,0.89,1.380924867005326,0.490924867005326
1854,train,Nc1nc2ccc(cc2[nH]1)C(=O)c3ccccc3,2.29,2.3559991737662993,0.06599917376629927
1382,train,CN(C1CCN(Cc2ccc(cc2)C(F)(F)F)CC1)C(=O)Cc3ccc(NC(=O)C)cc3,2.9,2.801432984218547,-0.0985670157814531
1225,train,NC1(CCC1)c2ccc(cc2)C3=NN4C=CC(=O)N=C4C=C3c5ccccc5,0.2,0.5216372296452612,0.32163722964526115
2659,train,COc1ccc(cc1)C(CNC(=O)Nc2ccccc2)N3CCN(C)CC3,1.5,2.0352367816157293,0.5352367816157293
3271,train,C[C@H]1O[C@H]([C@H](O)[C@@H]1O)n2cnc3c(N)nc(OC4CCOC4)nc23,-0.06,-0.041612192824564964,0.018387807175435034
1662,train,CC(=O)Nc1nc(ns1)c2ccccc2,2.8,3.001400310705996,0.20140031070599607
1055,train,COc1cc(ccc1Cn2ccc3ccc(NC(=O)OC4CCCC4)cc23)C(=O)NS(=O)(=O)c5ccccc5,2.2,2.547773221894365,0.34777322189436477
3919,train,COCC(C)n1nc(C)c(C(=O)N[C@@H](C)C(C)(C)C)c1NS(=O)(=O)c2ccc(C)cc2,0.61,0.5924735148016809,-0.01752648519831912
1969,train,CN([C@@H]1CCN(Cc2ccc(cc2)C(F)(F)F)C[C@@H]1F)C(=O)Cc3ccc(cc3)S(=O)(=O)C,2.7,2.7528899790033607,0.052889979003360565
2620,train,CCOC(=O)[C@H](CCc1ccccc1)N[C@@H](C)C(=O)N2[C@H]3CCC[C@H]3C[C@H]2C(=O)O,-0.41,-0.13732070290810583,0.27267929709189415
2691,train,Oc1ccc(cc1)C2=CC(=O)c3ccccc3N2,2.34,2.4464419190870985,0.10644191908709866
4077,train,COc1cc(ccc1Nc2ncc(Cl)c(n2)c3cnc4ccccn34)N5CCN(CC5)C(=O)C,3.65,3.7366035960174613,0.08660359601746137
1369,train,O=C(NCc1ccccn1)c2ccc(Oc3ccccc3)cc2,2.7,2.637988396233553,-0.0620116037664471
3693,train,OC(=O)c1ccccc1N2CCC(CN3CCC(CC3)Oc4ccc(Cl)c(Cl)c4)CC2,2.83,2.485257647616817,-0.3447423523831832
2430,train,COCCNS(=O)(=O)c1ccc(cc1)c2cnc(N)c(n2)C(=O)Nc3cccnc3,2.26,2.503139521017455,0.24313952101745517
1925,train,CC(C)(O)c1ccc(Nc2nc3ccc(cc3[nH]2)C#N)cc1,2.73,2.9727813889505716,0.24278138895057166
596,train,COc1cc2c(Nc3cc(CC(=O)Nc4cccc(F)c4)[nH]n3)ncnc2cc1OCCCN5CCC(CO)CC5,2.11,2.044506819575952,-0.06549318042404773
240,train,O=C(COc1ccccc1)N2CCOCC2,0.75,0.9455533451982903,0.19555334519829026
469,train,Clc1cccc(Nc2ncnc3ccccc23)c1,3.9,3.832216088860786,-0.06778391113921378
1379,train,C[C@H](CO)Nc1nc(SCc2ccccc2)nc3NC(=O)Nc13,2.75,2.9245664185387437,0.17456641853874366
1901,train,Nc1nc(cs1)c2ccc(Cl)cc2,3.31,3.117755636427912,-0.19224436357208807
2384,train,O=C(Nc1ccccn1)c2ccccc2,2.2,2.169947211792836,-0.030052788207164394
2283,train,Cc1nc(C)c(nc1C(=O)N)c2ccc([C@@H]3CC[C@H](CC(=O)O)CC3)c(Cl)c2,1.7,1.6243084709579718,-0.07569152904202814
1159,train,O[C@H](CNC(=O)C1=CNC(=O)c2c(F)cccc12)CN3CCC(CC3)Oc4ccc(Cl)c(Cl)c4,3.15,2.763273325295544,-0.38672667470445576
3667,train,CCOc1noc2cc(OCCC3CCN(CC3)c4ccc(C)nn4)ccc12,4.23,4.87779813985985,0.6477981398598498
499,train,CC1=CN([C@H]2CCCN(C2)S(=O)(=O)c3ccc(O)c(Oc4cc(F)cc(Cl)c4)c3)C(=O)NC1=O,2.35,2.678949329218998,0.328949329218998
2858,train,Fc1cccc(COc2ccc(Nc3ncnc4ccc(cc34)c5cccc(c5)N6CCOCC6)cc2Cl)c1,3.2,3.351441137608062,0.151441137608062
1430,train,CCC1(CCCCN(C)C1)c2cccc(O)c2,0.8,0.7852366561873916,-0.014763343812608465
862,train,C[C@@H](NC1=CC(=O)CC1)c2ccc(Nc3ncc4cc(ccc4n3)c5ccncc5)cc2,3.2,3.5143132734097664,0.3143132734097662
2806,train,CN[C@@H](C)C(=O)N[C@@H](C1CCCCC1)C(=O)N[C@H]2CCCN(CCc3ccccc3F)C2,2.51,2.4368419122413068,-0.07315808775869304
211,train,CN(C1CCN(C)CC1)c2nccc(Nc3cc(NC(=O)c4ccnc(c4)N5CCOCC5)ccc3C)n2,1.8,2.0834032734435484,0.2834032734435483
1354,train,CN(C)c1ccnc2sc3C(=O)N(C=Nc3c12)c4ccccc4,2.34,2.649996660791257,0.3099966607912572
473,train,CN1C(=N)N(CC(=O)c2ccc(Cl)cc2)c3ccccc13,1.63,1.7549478795069104,0.12494787950691055
3427,train,CCOc1cc2nnc(C(=O)N)c(Nc3ccc(F)cc3F)c2cc1N4CCN(C)CC4,2.63,2.6031486707650773,-0.026851329234922616
3968,train,CN(C1CCN(CCC(c2ccccc2)c3ccccc3)CC1)C(=O)Cc4ccc(cc4)C#N,3.7,3.661392597655845,-0.03860740234415516
1548,train,CN1CCN(CC1)C(=O)c2cc3ccccc3[nH]2,1.7,1.7356237591942199,0.035623759194219895
3610,train,CC(C)CC(N(C)C)C1(CCC1)c2ccc(Cl)cc2,3.6,3.614690911007359,0.014690911007358753
1405,train,CC(C)CN1C(=O)N(C)C(=O)c2c(SC3CCCC3)c(Cc4ccccc4C(F)(F)F)sc12,4.21,4.232179807295449,0.02217980729544866
2800,train,CCCC(C)(C)C[C@@H](N1CCC[C@@H](C1)N2C=C(C)C(=O)NC2=O)c3ccc(C(=O)O)c(Oc4cccc(Cl)c4)c3,1.99,2.132835156633235,0.14283515663323487
3444,train,CC(=O)Nc1cccc(OCc2cnc(Cl)s2)c1,2.38,2.212828363053855,-0.1671716369461449
691,train,C[C@H](CO)Nc1nc(SCc2cccc(F)c2F)nc3nc(NC4CC4)sc13,4.37,4.451584696151235,0.08158469615123476
1071,train,OC(=O)c1ccccc1CN2CCC(CN3CCC(CC3)Oc4ccc(Cl)c(Cl)c4)CC2,2.48,2.2004247865527167,-0.2795752134472833
1844,train,CCN(C1CCN(CCC(N2CCC(CC2)C(=O)C)c3ccccc3)CC1)C(=O)Cc4ccc(cc4)S(=O)(=O)C,0.9,0.8791279243164256,-0.02087207568357441
2470,train,Clc1ccc(CN2C(=O)C(=O)c3ccccc23)cc1,3.1,3.1718442156826745,0.0718442156826744
918,train,CCOC(=O)CN(c1ccccc1C)S(=O)(=O)c2ccc(Cl)cc2,4.03,4.416367336612241,0.3863673366122411
53,train,CCNC(=O)c1cc2c(c(cnc2[nH]1)c3cncc(c3)C(=O)O)n4ccc(n4)C(F)(F)F,-0.99,-0.927950229342732,0.06204977065726802
2656,train,Cc1cc(C)cc(CCOCCS(=O)(=O)NCCNCCc2ccc(O)c3nc(O)sc23)c1,2.45,2.4976654537930703,0.04766545379307008
3766,train,Cn1cc(cn1)c2cccc(C[C@H](NC(=O)c3cc(nn3C)C(C)(C)C)C(=O)NCC#N)c2,2.6,2.7682989385045382,0.16829893850453814
187,train,CC(CN1CCCCC1)C(=O)c2ccc(C)cc2,1.65,1.6316504639361042,-0.018349536063895666
2500,train,O=C1C(=O)c2cc(ccc2c3ccccc13)c4ccsc4,3.1,2.8659105131812432,-0.23408948681875685
1287,train,CC1=CN([C@H]2CCCN(C2)S(=O)(=O)c3ccc(O)c(Oc4cccc(Br)c4)c3)C(=O)NC1=O,2.3,2.2464714158244297,-0.05352858417557016
2566,train,OC[C@@H](O)CN1C(=O)[C@H](Cc2ccccc12)NC(=O)c3cc4cc(Cl)sc4[nH]3,3.27,3.3376327305516575,0.06763273055165753
1168,train,CNCCC(Oc1ccc(cc1)C(F)(F)F)c2ccccc2,1.92,2.297075000360858,0.37707500036085806
3442,train,Cc1ccc(NC(=O)c2cccc(c2)N3CCOCC3)cc1NC(=O)c4ccc(OCc5ccncc5)cc4,3.2,3.292942850912965,0.09294285091296484
3452,train,Cn1cnc2cc(OC(=O)c3ccccc3)cnc12,2.4,2.3003950784196623,-0.09960492158033762
1909,train,COc1cc2ncc(C(=O)N)c(Nc3ccc(F)cc3F)c2cc1NCCN4CCOCC4,2.68,2.622059186693239,-0.057940813306761374
1394,train,COc1ccc2CCC(=O)N(CCN3CCC(CC3)NCc4ccc5OCC(=O)Nc5n4)c2c1,0.66,1.1270408957489833,0.4670408957489832
131,train,O=C1C=COc2cc(OCc3ccccc3)ccc12,3.33,3.321565170868909,-0.00843482913109117
3127,train,COc1ccc(OC)c(c1)C(O)CNC(=O)CN,-0.71,-0.5940496980749637,0.1159503019250363
767,train,COc1cccc(Nc2nc(NCC3CCCO3)c4ccccc4n2)c1,3.9,4.167613997421379,0.2676139974213787
2406,train,CCN(CCNCCc1ccc(O)c2NC(=O)Sc12)C(=O)CCOCCc3ccccc3,1.92,2.2425432406279477,0.3225432406279478
3402,train,COc1ccc(\C=C\2/SC(=S)NC2=O)cc1OC,1.42,1.2822815408091328,-0.13771845919086712
932,train,CCN(C1CCN(CCC(c2ccccc2)c3ccc(NC(=O)C)cc3)CC1)C(=O)Cc4ccc(cc4)S(=O)(=O)C,2.09,2.308435148547105,0.21843514854710522
3020,train,COc1cc(C)c(c(C)c1)S(=O)(=O)N(C)CCOCC(=O)N2CCC(CC2)C3CCN(C)CC3,0.3,0.2199088364380135,-0.08009116356198648
274,train,CS(=O)(=O)c1ccc(c(Cl)c1)c2cc(Cl)ccc2OCC(=O)O,-0.75,-0.5706437605210182,0.17935623947898183
909,train,COC(=O)NC1=CN=C(N(CC(=O)NC(C(C)C)C(=O)C(F)(F)F)C1=O)c2ccc(F)cc2,1.82,1.6154277438636693,-0.2045722561363308
3328,train,CCN1CCN(Cc2cnc(c3ccc(cc3)C(=O)Nc4ccccc4N)c(c2)C#N)CC1,1.14,1.4486054530153136,0.3086054530153137
1262,train,CCCCN1Cc2c(O)n3nc(cc3nc2C1=O)c4occc4,0.8,0.9534720200348277,0.15347202003482763
422,train,CC(C)NCC(O)COc1ccccc1OCC=C,0.2,0.513064509661892,0.313064509661892
2855,train,CCOC(=O)c1ccc(OCCC2CCN(CC2)c3ccc(C)nn3)cc1,4.42,4.712278299738339,0.29227829973833863
2230,train,O=C(Cc1ccccc1)Nc2nccs2,2.5,2.4173394044768672,-0.08266059552313276
3817,train,FC(F)(F)c1cccc(c1)S(=O)(=O)NC(=O)N2CCC(CC2)N3CCC(CC3)Oc4ccc(Cl)c(Cl)c4,2.94,3.3521576518027456,0.41215765180274566
3750,train,COc1ccc2c(Oc3ccc(CC(=O)Nc4n[nH]c(C)c4C)c(OC)c3)ccnc2c1,3.78,3.7769189793573736,-0.0030810206426261644
4053,train,CN1CCN(CCCN2c3ccccc3Sc4ccc(cc24)C(F)(F)F)CC1,4.31,4.285095428953809,-0.024904571046191037
2126,train,Clc1ccc2C(=C3CCNCC3)c4ncccc4CCc2c1,1.48,1.5589713418680717,0.07897134186807175
3280,train,CC(C)N1CCN[C@@H](CN2CCN(CC2)C(=O)Nc3ccc(Cl)c(Cl)c3)C1,1.92,1.9242289130355377,0.00422891303553774
555,train,COc1cc2c(Nc3ncc(CC(=O)Nc4cccc(F)c4)s3)ncnc2cc1OCCCN5CCC(CO)CC5,2.89,2.906198710916998,0.01619871091699787
3044,train,CCN1C(=O)C=Cc2cnc(Nc3ccc(OC)c(OC)c3)nc12,2.7,2.9080373543045654,0.20803735430456527
2882,train,COCCOc1ccc(cc1)C(=O)Nc2cc(NC(=O)c3cccc(c3)N(C)C)ccc2C,2.74,2.470634359306005,-0.26936564069399527
1719,train,CC[C@@]1(O)C(=O)OCC2=C1C=C3N(Cc4cc5c(CN(C)C)c(O)ccc5nc34)C2=O,0.31,0.1184679235884527,-0.1915320764115473
2909,train,CN(C)CCN(Cc1ccccc1)c2ccccn2,1.28,1.2900546714404333,0.01005467144043326
1407,train,CC1SC2=C(C(=O)O)C(=O)c3cc(F)c(cc3N12)N4CCN(CC5=C(C)OC(=O)O5)CC4,0.47,0.2528551857999133,-0.2171448142000867
3541,train,CNc1nc2nc(SCc3cccc(F)c3F)nc(N[C@H](C)CO)c2s1,3.7,3.5988297016285076,-0.1011702983714926
921,train,N#Cc1ccc(Nc2nccc(NC3CC3)n2)cc1,3.01,3.5881840793281286,0.5781840793281288
2214,train,COc1ccc(cc1)c2csc(n2)N(CCCN3CCOCC3)C(=O)c4occc4,3.34,3.4767552044319565,0.13675520443195666
2190,train,C[C@H]1C[C@H](CN1C#N)NS(=O)(=O)c2cc(Br)ccc2Br,2.13,2.2178318156573327,0.08783181565733278
1670,train,Cc1nc(CS(=O)(=O)c2ccc(Cl)cc2)cc(n1)N3CCOCC3,1.8,2.0184221510469222,0.2184221510469222
2891,train,Cc1oc(nc1CCOc2ccc(C[C@H](Nc3ccccc3C(=O)c4ccccc4)C(=O)O)cc2)c5ccccc5,3.5,3.4316194375037976,-0.06838056249620239
735,train,C[C@@H](O)[C@@H](CO)Nc1nc(SCc2cccc(F)c2F)nc3nc(N)sc13,2.83,2.9278690356310477,0.09786903563104765
3045,train,CN(CCOc1ccc(NS(=O)(=O)C)cc1)CCc2ccc(NS(=O)(=O)C)cc2,0.6,0.3888730058437144,-0.21112699415628555
2786,train,OC1(CCN(CC1)c2ccc3nnc(n3n2)C(F)(F)F)c4ccc(F)cc4,3.5,3.545949941830951,0.0459499418309508
891,train,CNC(=O)c1cnn(c1NS(=O)(=O)c2ccc(C)cc2)c3ccccc3,-0.54,-0.2549555595788924,0.28504444042110766
3450,train,CCN(CC)CCCC(C)Nc1c2ccc(Cl)cc2nc3ccc(OC)cc13,2.17,2.052030290922264,-0.11796970907773607
3925,train,CC1=CN([C@H]2CCCN(C2)S(=O)(=O)c3ccc(O)c(Oc4ccc(Cl)c(C)c4)c3)C(=O)NC1=O,2.4,2.2008269310482595,-0.19917306895174036
936,train,COc1ccc(Sc2c(C)n(CC(=O)O)c3ccc(C)cc23)cc1,1.01,0.7240188691487406,-0.2859811308512594
368,train,C[C@H](CN(C)C(=O)CO)Oc1cccc2ncnc(Nc3ccc(OCc4ccccn4)c(Cl)c3)c12,3.22,3.2205812075360374,0.0005812075360371871
2996,train,CCN1C=C(C(=O)O)C(=O)c2cc(F)c(cc12)N3CCNCC3,-0.87,-0.7206733012352959,0.14932669876470406
15,train,Nc1ccc(cc1)c2nc3ccc(O)cc3s2,3.2,3.0625804283303757,-0.13741957166962449
3855,train,[O-][N+](=O)c1ccc2c(c1)C(=O)C(=O)c3ccccc23,2.42,2.1688203648854003,-0.2511796351145996
504,train,CN1[C@@H]2CC[C@H]1C[C@H](C2)OC(c3ccccc3)c4ccccc4,1.49,1.2608191570460325,-0.22918084295396746
47,train,CC(C)c1ccc2Oc3nc(N)c(cc3C(=O)c2c1)C(=O)O,1.1,1.7386074515526446,0.6386074515526445
724,train,O[C@@H](CNCCSCCCOCCc1ccccc1)c2ccc(O)c3NC(=O)Sc23,2.54,2.4334868218718286,-0.1065131781281714
3807,train,COc1cccc(c1)C(=O)Nc2ccc(C)c(c2)N3C=Nc4ccc(cc4C3=O)N5CCN(C)CC5,3.08,3.441379358604896,0.3613793586048959
929,train,CNC(=O)c1cc(C(=O)c2ccc(Cl)cc2)c(Br)[nH]1,3.1,3.2867292774137846,0.18672927741378453
1273,train,CCC(C)(CC)C[C@@H](N1CCC[C@@H](C1)N2C=C(C)C(=O)NC2=O)c3ccc(C(=O)O)c(Oc4cccc(Br)c4)c3,1.97,1.869186415513616,-0.100813584486384
1080,train,Nc1cc(c(cn1)c2cc(nc(n2)N3CCOCC3)N4CCOCC4)C(F)(F)F,2.7,2.8469601949257184,0.1469601949257182
382,train,c1ccc(cc1)c2nnc(s2)c3ccccc3,4.2,4.326153789071174,0.12615378907117414
4148,train,C[C@H](NC(=O)c1c(C)nn(C2CCCCC2)c1NS(=O)(=O)c3ccc(C)cc3)C(C)(C)C,1.97,1.8046933415910953,-0.16530665840890468
76,train,Cc1cc(CCC2CCN(CC2)S(=O)(=O)CC3(CCOCC3)N(O)C=O)c(C)cn1,1.43,1.396614575711141,-0.033385424288858934
3705,train,Cn1c(ccc1c2ccc3NC(=O)OC(C)(C)c3c2)C#N,2.85,3.032029521126301,0.18202952112630078
2130,train,CCN1CCOC(C1)C(=O)N2CCN(CC2)C(=O)Nc3ccc(Cl)c(Cl)c3,2.1,2.4451964424455634,0.34519644244556336
2521,train,Clc1ccc(cc1)C(=O)\C=C\Sc2nc[nH]n2,3.1,3.420236044179953,0.320236044179953
714,train,COc1cc2nnc(C(=O)N)c(Nc3ccc(C)cc3F)c2cc1N4CCN(C)CC4,2.36,2.3377682617910063,-0.0222317382089936
3089,train,CCCCN(CCNCCc1ccc(O)c2NC(=O)Sc12)C(=O)CCOCCc3ccccc3,3.0,3.2357997232038356,0.23579972320383558
1368,train,[O-][N+](=O)c1ccc(cc1)C2=Nc3ccccc3C(=O)N2,2.5,2.9121919074973692,0.4121919074973692
3084,train,COC(=O)N1CCN([C@H](CN2CCCC2)C1)C(=O)Cc3ccc(Cl)c(Cl)c3,2.05,2.199939205389095,0.14993920538909533
2901,train,CC(C)n1c(C)ncc1c2ccnc(Nc3ccc(cc3)C(=O)N4CCN(C)CC4)n2,2.1,2.39009657317657,0.2900965731765699
117,train,CC(C(Cc1nc2ccccc2[nH]1)c3nc4ccccc4[nH]3)c5ccccc5,4.48,4.380005145008807,-0.0999948549911931
2695,train,Cc1ccc2NC(=O)OC3(CCN(CCc4nc(oc4C)c5ccccc5)CC3)c2c1,4.2,4.295000243540896,0.09500024354089565
997,train,CCN1CCN(CC1)C(=O)c2cc3cc(Cl)ccc3[nH]2,3.14,3.2330647502025966,0.09306475020259652
2823,train,CCOC(=O)\C=C\[C@H](C[C@@H]1CCNC1=O)NC(=O)[C@H](CC#C)N2C=CC=C(NC(=O)c3cc(C)on3)C2=O,1.75,1.9580868839134478,0.20808688391344776
1381,train,CC(COc1ccccc1)NC(C)C(O)c2ccc(O)cc2,0.56,0.6319111501775716,0.07191115017757155
436,train,O=C(NC1(CC1)C#N)[C@@H]2CCCC[C@H]2C(=O)N3CCc4oc5ccccc5c4C3,3.01,3.232372818735077,0.22237281873507708
3835,train,CCOC(=O)Nc1ccc(NCc2ccc(F)cc2)nc1N,2.22,2.222274420570784,0.002274420570783864
2484,train,NC(=O)c1sc2nccc(Nc3ccccc3)c2c1N,2.91,3.029112274433357,0.11911227443335681
3660,train,N[C@@H](Cc1cccs1)C(=O)N[C@]2(C[C@H]2c3ccccc3)C#N,1.5,1.3753552886556961,-0.12464471134430388
2160,train,OC(=O)c1ccc2c(c1)nc(Nc3cccc(c3)C#C)c4ncncc24,0.92,0.8548358517503674,-0.06516414824963268
373,train,CCCc1c(O)c(ccc1OCc2ccc(C(=O)O)c(Br)c2)C(=O)C,2.3,2.388696948375291,0.0886969483752913
1794,train,CNC(=O)C1(CCN(CC[C@H](CN(C)C(=O)c2cc(cc3ccccc23)C#N)c4ccc(Cl)c(Cl)c4)CC1)N5CCCCC5=O,2.5,2.214843712868446,-0.28515628713155383
2962,train,COc1cc2ncnc(Nc3ccc(F)c(Cl)c3)c2cc1OCCN4CCCC4,3.28,3.2619519851947985,-0.01804801480520135
3648,train,C[C@H](CO)Nc1nc(SCc2cccc(F)c2F)nc3nc(NS(=O)(=O)C)sc13,0.92,1.2943246911487678,0.37432469114876776
2107,train,CC(C)Oc1cc(OCCN2CCOCC2)cc3ncnc(Nc4c(Cl)ccc5OCOc45)c13,3.68,3.4873627958073703,-0.19263720419262986
4055,train,CC1=NC(C)(N=C1N)c2cccc(c2)c3cccnc3,1.7,2.0605079335932204,0.3605079335932204
3559,train,Fc1ccc(CC2=NNC(=O)c3ccccc23)cc1C(=O)N4CCCNCC4,0.1,0.15989994115870676,0.059899941158706754
2157,train,CN(CCCOCCOCCc1ccccc1)CCc2ccc(O)c3nc(O)sc23,2.44,2.5588767697903063,0.11887676979030637
4159,train,COc1ccc(cc1N2CC(=O)NS2(=O)=O)c3ccccc3,-1.01,-0.7067803006765923,0.30321969932340775
774,train,Cc1cc(C)c2c(N)c(sc2n1)C(=O)NC3CC3,2.53,2.439830322314283,-0.09016967768571682
3178,train,COc1ccc(cc1)C2=COc3cc(O)ccc3C2=O,3.05,3.1741782733247286,0.12417827332472875
1769,train,CC(C)CCCC(C)\N=C\1/C=CN(Cc2ccccc2)c3cc(Cl)ccc13,1.58,1.47649347245045,-0.10350652754955014
1737,train,CS(=O)(=O)c1cccc2c3CN(CCc3[nH]c12)C(=O)[C@@H]4CCCC[C@H]4C(=O)NC5(CC5)C#N,1.7,1.7554790110179237,0.05547901101792374
2667,train,Nc1ncnc(Nc2ccccc2)n1,1.4,1.9612694794554824,0.5612694794554824
1651,train,Cc1c(F)ccc2c1c(Sc3ccc(Cl)cc3)c(C)n2CC(=O)O,2.23,1.8158216529695472,-0.41417834703045275
1439,train,CN(C1CCN(CCC(c2ccccc2)c3ccccc3)CC1)C(=O)Cc4ccc(Cl)cc4,3.5,3.7861207279475786,0.2861207279475786
1658,train,Nc1ccc2C(=O)C(=O)c3ccccc3c2c1,2.39,2.1521839319752276,-0.2378160680247725
3334,train,CC(NC(=O)C)c1ccc(Nc2ncc3cc(ccc3n2)c4ccncc4)cc1,3.1,3.075987413912625,-0.024012586087375
2542,train,COc1ccnc(CSc2nc3ccccc3[nH]2)c1,2.89,3.075845267907908,0.1858452679079079
3335,train,CCN(C1CCN(CC[C@@H](c2ccc(F)cc2)c3ccc(cc3)S(=O)(=O)C)CC1)C(=O)Cc4ccc(cc4)S(=O)(=O)C,1.88,2.035418006926423,0.15541800692642305
2000,train,Fc1ccc(Nc2oc(nn2)C(=O)Nc3ccc(nc3)N4CCOCC4)cc1,3.0,3.1860404514111558,0.18604045141115577
2031,train,CCCN(CCC)CCc1cccc2NC(=O)Cc12,0.76,1.20862937655825,0.4486293765582501
201,train,Clc1ccccc1CCNC(=O)c2cc(ccc2Cl)N3N=CC(=O)NC3=O,1.29,1.406475213691472,0.11647521369147196
2250,train,Cn1nnc(n1)c2ccc(cn2)c3ccc(cc3F)N4C[C@H](COc5ccon5)OC4=O,1.24,1.1714373733087633,-0.0685626266912367
463,train,Fc1cc(F)cc(c1)c2cc(on2)N(CCCN3CCCCCC3)Cc4ccc5OCOc5c4,3.84,4.004780037148917,0.1647800371489172
171,train,CC(=O)Nc1nc(C)c(s1)c2cnc(F)c(NS(=O)(=O)c3sc(C)nc3C)c2,0.55,0.6627860432652362,0.11278604326523611
986,train,COC(=O)[C@H](Cc1ccc(cc1)[N+](=O)[O-])NC(=O)c2cccc3ccccc23,3.58,3.795557313884336,0.21555731388433585
3390,train,CN1CCN(CC1)c2ccc3N=CN(C(=O)c3c2)c4cc(ccc4C)C(=O)NC5CCC5,2.25,2.5551327842922054,0.30513278429220536
510,train,FC(F)(F)COc1ccc(OCC(F)(F)F)c(c1)C(=O)NCC2CCCCN2,1.13,0.951951506057614,-0.17804849394238587
2191,train,CC(C)(C)NC(=O)Nc1ccc(cc1)c2c(N)nc(N)nc2COCc3ccccc3,3.09,3.101189336592295,0.011189336592295263
3207,train,CN[C@@H](C)C(=O)N[C@H](C(=O)N[C@H]1CCCN(C1)S(=O)(=O)Cc2ccccc2)C(C)(C)C,0.78,0.8472619135112316,0.06726191351123156
959,train,N(c1ccccc1)c2ccnc3ccccc23,2.78,2.633081503136332,-0.14691849686366787
3761,train,O=C(N1CCCCC1)c2csc3CCCCc23,3.2,3.5042637099409686,0.3042637099409684
2472,train,CCCNC(=O)c1nnc2c(cccc2c1N)c3ncccn3,1.86,2.493677593181078,0.6336775931810779
769,train,COc1ccc(cc1OC)C(C)NC(=O)C2(N)CCN(CC2)c3ncnc4[nH]ccc34,1.8,1.9340652936483291,0.1340652936483291
3338,train,C[C@]12CC[C@H]3[C@@H](CC(=C)C4=CC(=O)C=C[C@]34C)[C@@H]1CCC2=O,2.98,3.3128111171216377,0.3328111171216377
317,train,CS(=O)(=O)NCC(NC(=O)C1(N)CCN(CC1)c2ncnc3[nH]ccc23)c4ccc(Cl)cc4,2.1,2.5309263897605265,0.43092638976052644
1243,train,COc1cc(ccc1C2CC2)N3CCN([C@H](C)C3)C(=O)[C@@H]4CCCC[C@H]4C(=O)NC5(CC5)C#N,3.49,3.685245217822783,0.1952452178227828
1408,train,CN([C@H]1CCN(Cc2ccc(cc2)C(F)(F)F)C[C@H]1F)C(=O)Cc3ccc(cc3)n4cnnn4,3.3,3.232232191075273,-0.06776780892472667
2638,train,CCC1(NC(=O)N(C)C1=O)c2ccccc2,1.59,2.023757253560693,0.43375725356069306
66,train,CO[C@@H]1CC[C@@]2(CC1)Cc3ccc(OCC(C)C)cc3C24N=C(C)C(=N4)N,3.4,3.4120878823551286,0.012087882355128698
1108,train,CCCN(CCC)C(=O)c1cccc(c1)C(=O)N[C@@H](Cc2ccccc2)[C@H](O)CNCc3cccc(OC)c3,2.7,2.6221202096983154,-0.07787979030168479
3683,train,NC1=CC2=NNC(=O)N2c3cc(ccc13)c4ccsc4,3.18,3.337013535035687,0.15701353503568694
3010,train,CC(C)n1c(C)ncc1c2ccnc(Nc3ccc(cc3)C(=O)NC4CC4)n2,3.06,3.3697326387756004,0.3097326387756003
1469,train,O=C(Nc1ccccn1)c2ccc3[nH]c(nc3c2)c4ccc(NC(=O)C56CC7CC(CC(C7)C5)C6)cc4,4.24,4.683883803821491,0.44388380382149073
1118,train,CNC(=O)c1cccc(O[C@H]2C[C@H]3CC[C@@H](C2)N3Cc4ccccc4)c1,1.93,1.7130958588128506,-0.2169041411871493
2851,train,Cc1[nH]c(\C=C\2/C(=O)Nc3ccc(F)cc23)c(C)c1C(=O)NC[C@H](O)CN4CCOCC4,2.22,2.3412518511365183,0.12125185113651815
270,train,COc1ccc(cc1)c2cc(Nc3ccn(C)n3)n4ncc(C#N)c4n2,2.97,2.8968692044476807,-0.0731307955523195
2278,train,Clc1ccc(cc1)c2cn3ccccc3n2,4.0,3.9184219288527835,-0.08157807114721649
1411,train,Clc1ccc2OCOc2c1Nc3ccnc(Nc4ccccc4)n3,3.9,3.9947163024609313,0.09471630246093143
3498,train,CSc1nc2cc(Cl)ccc2[nH]1,3.22,3.348822932560851,0.12882293256085076
2836,train,CS(=O)(=O)c1cccc(Nc2nccc(Nc3cccc4ocnc34)n2)c1,2.9,3.233076173940514,0.33307617394051414
489,train,COc1ccc2[nH]c3CCN(Cc3c2c1)C(=O)[C@@H]4CCCC[C@H]4C(=O)NC5(CC5)C#N,2.4,2.7889192192580046,0.38891921925800466
2816,train,Clc1ccc(OC2CCN(CC2)C3CCN(CC3)C(=O)c4ccc(cc4)c5nn[nH]n5)cc1Cl,1.53,1.8602795873472364,0.3302795873472364
3768,train,C[C@H](Nc1ncc(F)c(Nc2cc([nH]n2)C3CC3)n1)c4ccc(F)cn4,3.14,3.384641484383274,0.24464148438327404
1885,train,CN1CCN(CC1)c2cc(Nc3cc(C)[nH]n3)nc(Sc4ccc(NC(=O)C5CC5)cc4)n2,3.47,3.4542408968526663,-0.015759103147333864
647,train,COc1cc2c(Nc3ccc(F)cc3F)c(cnc2cc1N4CCN(C)CC4)C(=O)N,1.75,1.8368151573630693,0.08681515736306933
2556,train,Clc1ccc(OC2CCN(CC2)C3CCN(CC3)C(=O)NS(=O)(=O)Cc4ccccc4)cc1Cl,2.13,2.202816107488635,0.07281610748863532
533,train,CC[C@H](NC(=O)c1c([S+](C)[O-])c(nc2cc(F)ccc12)c3ccccc3)c4ccccc4,3.62,3.5939682504254695,-0.026031749574530583
1582,train,O=S(=O)(NCC(N1CCCCCC1)c2ccccc2)c3cccnc3,2.1,2.4976710210577515,0.39767102105775143
137,train,COc1cc(OC2CCN(CC2)C(=O)C)ccc1Nc3ncc(Cl)c(n3)c4cnc5ccccn45,4.0,4.154913692942947,0.1549136929429471
739,train,C[C@@H](NC(=O)C)c1ccc(Nc2ncc3cc(c(C)cc3n2)c4ccncc4)cc1,3.45,3.385371157567204,-0.06462884243279632
747,train,Cc1c(Cl)ccc(OC2CCN(C[C@H](O)CNC(=O)C3=CNC(=O)c4cc(ccc34)S(=O)(=O)C)CC2)c1Cl,2.83,2.979476133182912,0.14947613318291175
2544,train,Oc1c2C(=O)N(NC(=O)c2nc3cc(Cl)ccc13)C(C4CC4)c5ccccn5,1.0,1.1001396559030532,0.10013965590305318
3118,train,FC(F)(F)c1nnc2ccc(NCn3nnc4ccccc34)nn12,2.34,2.5860164982407934,0.24601649824079352
4171,train,COc1cc2c(Nc3cc(CC(=O)Nc4cccc(F)c4F)[nH]n3)ncnc2cc1OCCCN(CCO)CC(C)C,3.61,3.2979288787010113,-0.3120711212989886
2315,train,CC(C)(O)c1ccccc1CC[C@@H](SCC2(CC(=O)O)CC2)c3cccc(\C=C\c4ccc5ccc(Cl)cc5n4)c3,3.45,3.5272093720798434,0.07720937207984324
680,train,O=C(NC1(CC1)C#N)[C@@H]2CCCC[C@H]2C(=O)N3CCN(CC3)c4ccccc4,1.99,2.1997756579513177,0.2097756579513177
3721,train,OC(=O)[C@H](Cc1ccc(Cl)cc1)N2CCC(CN3CCC(CC3)Oc4ccc(Cl)c(Cl)c4)CC2,2.86,2.8111603693572227,-0.04883963064277719
619,train,OC(=O)c1cccc(CN2CCC(CN3CCC(CC3)Oc4ccc(Cl)c(Cl)c4)CC2)c1,1.26,1.3360433143968953,0.07604331439689527
2338,train,CN(C1CCN(CCC(c2ccccc2)c3ccccc3)CC1)C(=O)c4ccncc4,2.8,2.746472874983693,-0.053527125016306965
3629,train,COc1ccc2nc(C)cc(OCC(=O)NCc3ccccc3)c2c1,3.2,3.4523691390855666,0.25236913908556646
866,train,COc1ccc2N=CC(=O)N(CCN3CC[C@H](NCc4cc5OCCOc5cn4)[C@H](O)C3)c2c1,0.77,1.0850477412801482,0.31504774128014823
163,train,CC(C)(C#N)c1cnc(s1)N2CCN(CC2)C(=O)[C@@H]3CCCC[C@H]3C(=O)NC4(CC4)C#N,1.9,2.2534711304778767,0.3534711304778768
1870,train,O=C1Oc2ccccc2C=C1c3ccccc3,3.22,2.933560949199386,-0.28643905080061405
1984,train,Cc1c(Sc2ccc(Cl)cc2)c3cc(ccc3n1CC(=O)O)c4ccccc4,3.7,3.4701126623437704,-0.22988733765622982
4023,train,CN(C)CCCOc1nn(Cc2ccccc2)c3ccccc13,2.4,2.5180548376665444,0.11805483766654445
1250,train,O[C@@H](CNCCc1cccc(c1)c2cccc(CNCc3ccccc3)c2)c4ccc(O)c5NC(=O)Sc45,2.32,2.2640677364470894,-0.05593226355291048
2453,train,Cc1cccc(Nc2ncnc3ccc(NC(=O)C=C)cc23)c1,3.7,3.9472894253611157,0.24728942536111553
3189,train,C[C@@H](Oc1cccc2ncnc(Nc3ccc4c(cnn4Cc5ccccn5)c3)c12)C(=O)N(C)C,2.89,2.9735159786799343,0.08351597867993421
1814,train,NC(=O)c1cncc(O[C@H]2C[C@H]3CC[C@@H](C2)N3Cc4ccccc4)n1,1.1,1.0661363938773918,-0.0338636061226083
3551,train,FC(F)(F)CCS(=O)(=O)Oc1ccc(NC(=O)c2ccc(Cn3ccnn3)c4ccccc24)c(n1)C(=O)NCC5CCOCC5,4.2,4.146152408981805,-0.05384759101819547
1994,train,OC(=O)c1ccc(CN2CCC(CN3CCC(CC3)Oc4ccc(Cl)c(Cl)c4)CC2)cc1,1.1,1.2070261489343446,0.10702614893434448
3063,train,FC(F)(F)c1nnc2ccc(nn12)N3CCCCCC3,3.29,3.425767736208895,0.13576773620889515
1417,train,Oc1ccc(CCNCCCS(=O)(=O)NCCOCCc2ccc(F)cc2)c3sc(O)nc13,1.57,1.7422115685633977,0.1722115685633976
3272,train,COc1cc(Nc2cc(Nc3c(Cl)ccc4OCOc34)ncn2)cc(OC)c1OC,3.07,3.153054335872962,0.08305433587296207
398,train,CCc1[nH]nc(NC(=O)Cc2ncc(Oc3ccnc4cc(OC)c(OC)cc34)cc2OC)c1C,2.79,2.647098646467212,-0.1429013535327881
3203,train,O=C1CC2(CCCC2)CC(=O)N1CCCCN3CCN(CC3)c4ncccn4,2.19,2.35273516601607,0.16273516601606985
3400,train,C[C@@](O)(C(=O)Nc1ccc(cc1Cl)S(=O)(=O)NCCCO)C(F)(F)F,2.1,2.184673331820438,0.08467333182043779
3959,train,COc1cc2ncc(C(=O)N)c(Nc3ccc(C)cc3F)c2cc1OC,3.34,3.1482563659477174,-0.19174363405228245
1863,train,NC1=CC2=NNC(=O)N2c3cc(ccc13)c4ccc[nH]4,2.3,2.4511915550326107,0.15119155503261084
1656,train,OC(=O)c1cc2ccccc2n1Cc3ccccc3,0.78,0.5478412599675455,-0.2321587400324545
1392,train,CC(C)C(NC(=O)CN1C(=O)C(=CN=C1c2ccc(F)cc2)N)C(=O)C(F)(F)F,1.05,1.2409336106262063,0.19093361062620628
3931,train,CO[C@@H]1C[C@@H](N(Cc2cc3c(Nc4cccc(Cl)c4F)ncnc3cc2OC)C1)C(=O)N,3.09,2.8750077851810025,-0.21499221481899733
2711,train,C[C@H](Nc1nc(Nc2ncc(C#N)s2)cc(n1)N3CCOCC3)c4ccc(F)cn4,3.45,3.5725110001142184,0.12251100011421823
236,train,COc1cccc([C@H](O)C2CCN(CCc3ccc(F)cc3)CC2)c1OC,1.7,1.8518115970117985,0.15181159701179858
3376,train,CN(C)CCCN1c2ccccc2Sc3ccc(Cl)cc13,3.37,3.3436421951132402,-0.026357804886759872
437,train,COc1ccc(CNC(=O)Nc2ncc(s2)[N+](=O)[O-])cc1,2.9,3.078480174749163,0.1784801747491631
2140,train,CN1CCN(CC1)c2ccc3N=CN(C(=O)c3c2)c4cc(NC(=O)c5oncc5)ccc4C,1.75,2.1012160259995727,0.3512160259995727
1522,train,CCOC(=O)c1ccc(CCN2CCN(CC2)c3ccc(C)nn3)cc1,2.58,2.7451157276889098,0.1651157276889097
3434,train,CC(C)(C)c1ccc(cc1)c2n[nH]c(NC(=O)c3ccccc3Cl)c2Br,4.3,4.2200155508734625,-0.07998444912653735
2626,train,CCCSc1ncccc1C(=O)NC2CCC(F)(F)CC2,2.85,3.350488556930469,0.5004885569304691
3164,train,CN(C)CCCC1(OCc2cc(ccc12)C#N)c3ccc(F)cc3,1.56,1.727548984040193,0.16754898404019292
2319,train,Cc1nc(C)c(nc1C(=O)N)c2ccc(cc2)[C@@H]3CC[C@@H](CCC(=O)O)CC3,1.6,1.639046249705442,0.039046249705442015
1463,train,CN(C)C(=O)c1ncc(Oc2cc(cc3oc(C)cc23)C(=O)Nc4cnc(C)cn4)cn1,2.1,1.8629055287232905,-0.23709447127670957
2794,train,O=C1Nc2ccc(cc2C1=O)S(=O)(=O)N3CCC[C@H]3COc4ccccc4,2.7,2.6340380604315543,-0.06596193956844587
785,train,CC(C)NCC(O)COc1cccc2[nH]ccc12,-0.12,0.09890759218857426,0.21890759218857425
1029,train,C(=C\c1nn[nH]n1)/c2ccccc2,-0.4,-0.0242398687465335,0.3757601312534665
980,train,Nc1ccccc1NC(=O)c2ccc(cc2)c3ncccc3C#N,1.58,1.5907799086240553,0.010779908624055201
588,train,CC(=O)Nc1ccc2ccn(c3cc(NCCCCO)n4ncc(C#N)c4n3)c2c1,2.58,2.683202430226873,0.10320243022687281
2181,train,CNS(=O)(=O)CCc1ccc2[nH]cc(C3CCN(C)CC3)c2c1,0.48,0.4753255407330128,-0.004674459266987174
2865,train,C[C@@H]1C2CCCC1(CCN2C)c3cccc(O)c3,0.52,0.5974967781911666,0.07749677819116663
1058,train,CCn1c(C)ncc1c2ccnc(Nc3ccc(cc3)S(=O)(=O)NCCOC)n2,2.44,2.485608276838524,0.0456082768385242
3259,train,Nc1ccc2nc(sc2c1)c3ccc(O)cc3,3.1,2.9179865624048245,-0.18201343759517563
2439,train,CC1=CN([C@H]2CCCN(C2)S(=O)(=O)c3ccc(CO)c(Oc4cccc(Cl)c4)c3)C(=O)NC1=O,2.69,2.8521548866861015,0.16215488668610156
2887,train,Cc1ccc(cc1NC(=O)c2ccc(OCc3ccccn3)cc2)c4ncc(C)n4C,2.67,2.7534648533082975,0.08346485330829756
1627,train,COc1cc(cc(OC)c1OC)C(=O)Nc2ccc(Cl)c(c2)c3nc4ccccc4[nH]3,3.83,4.096426179266519,0.266426179266519
1660,train,COc1ccc(CCN2CNC(=NC2)SCc3ccc(Cl)cc3)cc1OC,2.41,2.5849524999674376,0.17495249996743745
2254,train,O=C(CCN1CCCCC1)Nc2ccc(C3=CC=CN4C(=O)C=C(N=C34)N5CCOCC5)c6sc7ccccc7c26,2.9,3.0428839520032938,0.14288395200329385
2733,train,Fc1cc(ccc1C2=CCOCC2)N3C[C@H](COc4ccon4)OC3=O,2.61,2.8178880110626787,0.20788801106267885
1126,train,CCOC(=O)c1ccc(OCCC2CCN(CC2)c3ccc(C)nn3)nc1,3.76,3.8788302899214258,0.11883028992142597
412,train,CC(C)C(NC(=O)CN1C(=O)C(=CC=C1c2ccccc2)NC(=O)CN3CCOCC3)C(=O)C(F)(F)F,2.0,1.88729557068731,-0.11270442931268998
1344,train,CN(C)c1cccc2c(cccc12)S(=O)(=O)N(C)CC(=O)O,-1.45,-1.319691025541137,0.13030897445886302
2715,train,CCOc1cc(Nc2nc3c(cc2F)ncn3[C@@H](CO)c4ccc(F)cn4)n[nH]1,2.55,2.6128976380921602,0.06289763809216042
1910,train,OCCCN1C(=O)C(Cc2ccccc12)NC(=O)c3cc4cc(Cl)sc4[nH]3,3.49,3.400551353101482,-0.08944864689851828
1404,train,Cc1cc(CN2Cc3ccccc3C2C(=O)Nc4ccc(Cl)cc4)ccc1OCC(=O)O,1.38,0.9878894287110587,-0.3921105712889412
1296,train,Cc1onc(NC(=O)CSc2nc(C)cc(C)n2)c1,1.52,1.4517595615146939,-0.06824043848530614
3225,train,CC(Cc1ccc(O)cc1)NCC(O)c2cc(O)cc(O)c2,-0.06,-0.18377945437050425,-0.12377945437050425
780,train,CCCC(=O)N1CCN(CC1)c2nnc(c3ccccc3)c4ccccc24,3.2,3.19701989268599,-0.0029801073140101053
666,train,CCNCc1cnc(s1)c2ccc(cc2)C(=O)Nc3ccccc3N,0.95,1.1831213989253921,0.2331213989253922
2998,train,COC(=O)c1c(O)cccc1OC\C=C\c2ccc(F)c(c2)c3onc(c3)C(=O)O,0.66,0.6624502721330356,0.0024502721330356136
59,train,O=C1NC(=NC(=C1C#N)c2ccccc2)SCCc3ccccc3,1.71,1.6518213868974456,-0.058178613102554344
3468,train,COc1cc(Nc2cc(Oc3cccnc3C)ccn2)cc(OC)c1OC,3.19,3.4334449219021184,0.24344492190211842
1829,train,Fc1ccccc1Nc2oc(nn2)C(=O)Nc3ccc(cc3)N4CCOCC4,3.05,3.10946872679889,0.05946872679889026
3431,train,CN(C(=O)C)c1ccccc1,1.1,1.1189361875095276,0.018936187509527524
2650,train,NC1=NC(=CC(=O)N1)CCc2ccccc2,1.4,1.4821292795591443,0.0821292795591444
738,train,CS(=O)(=O)c1ccc2c3CN(CCc3[nH]c2c1)C(=O)[C@@H]4CCCC[C@H]4C(=O)NC5(CC5)C#N,1.5,1.8426133550753212,0.3426133550753212
552,train,NC(=O)C1=CN(Cc2ccc(F)c(F)c2)C(=O)C=C1,1.37,1.053503474992244,-0.31649652500775605
3349,train,CCCCNc1ccc(cc1)C(=O)OCCN(C)C,2.11,2.2506494310612473,0.1406494310612474
447,train,CCn1nc(C)c(C(=O)N[C@@H](C)C(C)(C)C)c1NS(=O)(=O)c2ccc(C)cc2,0.95,1.227988635710357,0.27798863571035715
3972,train,C[C@@H]1CN(CCN1c2ncc(OCc3ccncc3C#N)cn2)c4noc(n4)C(F)(F)F,3.95,4.095883190204756,0.1458831902047555
2455,train,CCN(CC)C(=O)c1ccc2[nH]c(c(CCNCCCCc3ccncc3)c2c1)c4cc(C)cc(C)c4,3.3,3.4231483743274644,0.12314837432746462
3393,train,Cc1cc(Nc2nc(NCc3ccccn3)ncc2Br)n[nH]1,2.8,3.1307659001750228,0.33076590017502294
485,train,Nc1nccc(n1)c2ccccc2,2.0,2.043227505533498,0.04322750553349808
1226,train,CCOc1ccc(NC(=O)C)cc1,1.5,1.519931946672233,0.01993194667223297
1573,train,CCCC(C)(COC(=O)N)COC(=O)NC(C)C,2.01,2.1867638397082247,0.17676383970822496
1669,train,CC1=C(CCN2CCC(CC2)c3noc4cc(F)ccc34)C(=O)N5CCCCC5=N1,2.05,2.2740043639752114,0.22400436397521162
4040,train,CC(C)CNc1nc(nc(N2CCN(CC2)C(=O)C)c1N)C#N,2.4,2.5903156557110307,0.19031565571103082
2824,train,CC[C@@H]1COCCN1c2cc(nc(n2)c3cccc4[nH]ccc34)C5(CC5)S(=O)(=O)C,3.0,3.1284463029607115,0.12844630296071147
922,train,Nc1ccccc1NC(=O)c2ccc(cc2)c3ncc(CN4CCC4)cc3C#N,1.22,1.250261309542056,0.03026130954205608
2371,train,CN(C1CCN(Cc2ccc(cc2)C(F)(F)F)CC1)C(=O)Cc3ccc(cc3)n4cnnn4,3.0,2.840171457913047,-0.15982854208695318
526,train,Nc1ccc2c3ccccc3C(=O)C(=O)c2c1,2.23,1.9605956958247808,-0.2694043041752192
982,train,COc1ccc2cc(CCC(=O)C)ccc2c1,3.06,3.1780830226282664,0.11808302262826631
1935,train,C[C@H](CO)Nc1nc(SCc2cccc(Cl)c2)nc3nc(N)sc13,3.31,3.310768943213583,0.0007689432135831176
3374,train,NC1(CCN(CC1)c2ncnc3[nH]ccc23)C(=O)NC(CCO)c4ccc(Cl)cc4,2.5,2.981707377183711,0.48170737718371104
354,train,CC1(C)N(Cc2ccnc(c2)N3CCOCC3)C(=O)N(C1=O)c4ccc(SC(F)(F)F)cc4,3.73,3.915794758340371,0.18579475834037096
703,train,CCCCC1C(=O)N(N(C1=O)c2ccccc2)c3ccccc3,0.45,0.8200090683647221,0.3700090683647221
4162,train,OC(=O)COc1ccc(cc1c2ccccc2c3ccccc3)C(F)(F)F,1.38,1.4585485877359203,0.07854858773592044
3058,train,CN(C(=O)C)c1ccc2ccn(c3cc(NC4CC4)n5ncc(C#N)c5n3)c2c1,2.9,2.9486626969131566,0.04866269691315672
2366,train,Nc1ncnc2c1c(COc3cccc(Cl)c3)nn2C4CCOCC4,3.17,3.4363866067179485,0.26638660671794856
2708,train,Cc1ccc(CN2[C@@H]3CC[C@H]2C[C@@H](C3)Oc4cccc(c4)C(=O)N)s1,2.44,2.288447656111688,-0.15155234388831174
4150,train,Nc1ccc2cn[nH]c2c1,0.52,0.46655254382539835,-0.05344745617460167
964,train,CC(C)(C(=O)Nc1oc(nn1)C(=O)Nc2ccc(cc2)N3CCOCC3)c4ccc(Cl)cc4,2.96,3.30431156690265,0.34431156690264997
3778,train,Clc1ccc2OCOc2c1Nc3ncnc4cc(OCCN5CCCC5)cc(OC6CCOCC6)c34,2.6,2.5462934140212488,-0.05370658597875133
1482,train,CN(c1ccnc(Nc2cc(cc(c2)S(=O)(=O)C)N3CCOCC3)n1)c4cc(CO)ccc4C,2.9,2.783307994876474,-0.11669200512352607
2309,train,CC[C@H](NC(=O)c1c([S+](C)[O-])c(nc2cc(Cl)ccc12)c3ccccc3)c4ccccc4,3.07,3.2449239639013365,0.1749239639013367
24,train,CNCC[C@@H](Oc1ccccc1C)c2ccccc2,1.2,1.0360138045430751,-0.16398619545692483
2916,train,COc1ccccc1CCNCc2ccc(CCNC[C@H](O)c3ccc(O)c4NC(=O)Sc34)cc2,0.8,0.8607571077027154,0.06075710770271536
551,train,CN(C)CC(O)COc1ccc(Nc2cc(ncn2)N(CC#N)c3ccc(C)cc3Br)cc1,2.24,2.0725289594784084,-0.16747104052159179
3454,train,Cc1ccc(cc1)S(=O)(=O)NC(=O)NN2CCCCCC2,0.01,0.31376467651907625,0.30376467651907624
2601,train,CCN(CC)CCNC(=O)c1c(C)[nH]c(\C=C\2/C(=O)Nc3ccc(Cl)cc23)c1C,2.75,2.5803145346751735,-0.16968546532482653
341,train,C[C@@H]1CN(CCN1c2ncc(OCc3ccncc3C#N)cn2)c4noc(n4)C5CC5,3.1,3.120581276311102,0.02058127631110196
2073,train,C[C@H](CO)Nc1nc(SCc2occc2)nc3NC(=O)Sc13,2.21,1.9328202508196264,-0.2771797491803736
1497,train,CS(=O)(=O)NC(=O)CCCc1c([nH]c2ccc(cc12)C#N)c3ccc(F)cc3,1.5,1.7843003787617548,0.28430037876175485
1211,train,CN1C(=O)C(=Cc2cnc(NC(CCO)CCO)nc12)Oc3ccc(F)cc3F,1.5,1.3124641409185842,-0.1875358590814158
1432,train,COc1cc(OC)c(cc1NC(=O)CCC(=O)O)S(=O)(=O)N2c3ccccc3Oc4ccccc24,-0.53,-0.38490159061753726,0.14509840938246277
2792,train,COc1cc(OC)c(cc1NC(=O)C)S(=O)(=O)N2C(C)Cc3ccccc23,1.95,1.9761345822692327,0.02613458226923271
671,train,COc1ccnc(C[S+]([O-])c2nc3cc(OC(F)F)ccc3[nH]2)c1OC,2.0,2.356707879330001,0.3567078793300009
1325,train,CC(C)N(CCCNC(=O)Nc1ccc(cc1)C(C)(C)C)C[C@H]2O[C@H]([C@H](O)[C@@H]2O)n3ccc4c(N)ncnc34,2.4,2.3487861678036377,-0.05121383219636222
2579,train,OCC(=O)N1CCC(CC1)c2n[nH]c(c3ccc(Cl)cc3)c2c4ccncn4,1.85,1.8652612047048216,0.015261204704821507
2153,train,CCN(CC)C(=O)c1ccc(cc1)C(=C2CCNCC2)c3ccccc3,1.2,1.2599300576462324,0.05993005764623249
699,train,C[C@H](Nc1ccc2ncn(c3cc([nH]n3)C4CC4)c2n1)c5ncc(F)cn5,2.74,3.054641725801414,0.3146417258014136
1335,train,CN1CCN(CC1)c2ccc(Nc3ncc(C)c(Nc4cccc(c4)S(=O)(=O)NC(C)(C)C)n3)cc2,2.84,3.2141346042437737,0.37413460424377387
2234,train,N[C@@H](CC(=O)N1CCn2c(C1)nnc2C(F)(F)F)Cc3cc(F)c(F)cc3F,0.31,0.4436590838306773,0.13365908383067732
2131,train,O=C1COC2(CCN(CC2)S(=O)(=O)c3ccc(cc3)c4ccc5cccnc5c4)CN1C6CC6,3.24,3.533337990566031,0.2933379905660307
3669,train,C[C@H]1O[C@H]([C@H](O)[C@@H]1O)n2cnc3c(N)nc(OC4CCC(F)(F)CC4)nc23,1.42,1.4118521068414214,-0.008147893158578556
3821,train,Cc1cc(C)nc(SCC(=O)N)n1,0.23,0.012978380179307969,-0.21702161982069204
1190,train,CCC(CC)NC(=O)c1nnn(c1NS(=O)(=O)c2ccc(C)cc2)c3ccccc3,0.46,0.7868245557578892,0.3268245557578892
3128,train,CN1CCN(CC1)c2ccc3N=CN(C(=O)c3c2)c4cc(NC(=O)c5cccnc5)ccc4C,1.5,1.8605041216390215,0.36050412163902146
537,train,COc1cc(C)c(c(C)c1)S(=O)(=O)N(C)CCOCC(=O)N2CCN(CC2)C3CCN(C)CC3,-0.4,-0.49372035830603433,-0.09372035830603431
3845,train,NC(=O)c1cnc(N[C@H]2CCCNC2)c3cc(Br)sc13,1.08,1.0786161768327374,-0.00138382316726271
3445,train,OCC(=O)N1CCC[C@H]1COc2cccc3ncnc(Nc4ccc(OCc5ccccn5)c(Cl)c4)c23,3.62,3.812098018762847,0.19209801876284693
508,train,CCCN(c1cccnc1)P(=O)(c2ccccc2)c3ccccc3,2.6,2.7692222368159514,0.16922223681595128
1639,train,Cc1ccc(cc1)C(=O)N(CCCN)CC2=Nc3cc(Cl)ccc3C(=O)N2Cc4ccccc4,1.47,1.4363336833130562,-0.033666316686943754
3560,train,Cn1cc(cc1c2c3C(=O)N(CC#N)C(=O)N(CC4CC4)c3nn2Cc5ccnc6ccc(Cl)cc56)C#N,3.33,3.674996823472514,0.3449968234725138
1005,train,C[C@H](Nc1nc(Nc2ncc(C#N)s2)cc(n1)N3CCOCC3)c4ncc(F)cn4,2.26,2.3439468772061165,0.08394687720611671
1725,train,COc1ccc2nc(NC(=O)CCc3ccc(OC)c(OC)c3)sc2c1,3.57,3.576827727004164,0.006827727004164341
1078,train,CCc1c(C)nc(SCC(=O)Nc2nc(cs2)c3ccc(OC)cc3)nc1O,3.78,3.4738219066642175,-0.3061780933357823
3791,train,CCc1nn(C2CCCC2)c3c1CCn4c(nnc34)c5cccs5,3.6,3.9570402363927357,0.35704023639273563
3794,train,COc1cnc(nc1N2CCOCC2)c3ccccn3,1.52,1.7973828723454435,0.27738287234544345
1588,train,O=C(Nc1oc(nn1)C(=O)Nc2ccc(cc2)N3CCOCC3)c4ccccc4,1.02,1.579131057997912,0.5591310579979121
1812,train,CC(C)C(NC(=O)CN1C(=O)C(=CN=C1c2ccccc2)NC(=O)OCc3ccccc3)C(=O)C(F)(F)F,2.12,2.2924748129360735,0.17247481293607336
768,train,CCOc1cc2nnc(C(=O)N)c(Nc3cccc(Cl)c3F)c2cc1N4CCN(C)CC4,1.99,1.9041930866203887,-0.08580691337961133
2937,train,CCC[C@H](CO)Nc1nc(SCc2ccccc2)nc3nc(N)sc13,3.8,3.780161585674543,-0.019838414325456633
1700,train,O=C(Nc1ccccc1)c2ccccc2,2.8,2.546659624353849,-0.25334037564615075
4095,train,CNc1c(Br)cnc2[nH]c(nc12)c3cccc(N)c3,2.96,3.107330318744203,0.14733031874420321
407,train,O[C@H](CNC(=O)N1C(=O)Nc2ccccc12)CN3CCC(CC3)Oc4ccc(Cl)c(Cl)c4,4.46,4.531370973850848,0.0713709738508479
1520,train,CCOCc1nc2c(N)nc3ccccc3c2n1CC(C)(C)O,1.69,1.637700706903923,-0.05229929309607684
426,train,CC(C)C(NC(=O)CN1C(=O)C(=CN=C1c2cccs2)NC(=O)OCc3ccccc3)C(=O)C(F)(F)F,2.02,1.9453776862719538,-0.07462231372804617
3504,train,Cc1ccc(CNC(=O)C2CCCN2S(=O)(=O)c3ccc(F)cc3)cc1,2.9,2.908014434526592,0.008014434526592229
1826,train,COc1cc2ncnc(Nc3cccc(O)c3)c2cc1OC,2.6,2.82354991924345,0.22354991924345002
1490,train,C(N1CCN(CC1)c2nc3ccccc3s2)c4nnnn4Cc5cccs5,3.65,3.7138517036103478,0.06385170361034787
2313,train,Cc1cc(CNc2nccc(Nc3cc(C)[nH]n3)n2)on1,1.86,2.1772228859166605,0.31722288591666037
1778,train,Nc1ncnc2nc(cc(c3cccc(Br)c3)c12)c4ccc(nc4)N5CCOCC5,3.2,2.998965319278293,-0.20103468072170738
174,train,CCOc1ncc(C)c2NC(=C([C@@H](c3ccc(cc3OC)C#N)c12)C(=O)N)C,2.51,2.5194926018459967,0.009492601845996873
2740,train,NC(=O)Nc1sc(cc1C(=O)N[C@H]2CCCNC2)c3cc(F)cc(F)c3,2.18,2.140366075099834,-0.03963392490016604
3456,train,Nc1c(c(CN2CCOCC2)nn1c3ccc(F)cc3)c4ccccc4,2.33,2.3982541342794277,0.06825413427942761
2075,train,O=C(CN1CCN(CC1)c2ccccc2)Nc3c(cnn3c4ccccc4)C#N,2.3,2.1092965808058133,-0.19070341919418654
1251,train,CC(C)n1c(C)ncc1c2ccnc(Nc3ccc(cc3)S(=O)(=O)CCCN4CCOCC4)n2,2.43,2.755264598145235,0.3252645981452349
1366,train,CCOc1ccc2nc(NC(=O)CC)sc2c1,3.4,3.7135872223869217,0.3135872223869218
1972,train,NC(=N)Nc1ccc(Cl)c(Cl)c1,-0.31,-0.2994722755953587,0.010527724404641281
83,train,CNCCCC12CCC(c3ccccc13)c4ccccc24,0.89,1.2458435042621843,0.35584350426218425
2341,train,O=C(NC1(CC1)C#N)[C@@H]2CCCC[C@H]2C(=O)N3CCN(CC3)c4nc5CCOCc5s4,1.42,1.89513464086912,0.47513464086912016
28,train,CSc1c(cnn1c2ccc(cc2)C(=O)O)C(=O)NC3C4CC5CC(CC3C5)C4,1.2,1.4579559994069977,0.25795599940699776
2497,train,O=C(NC1(CC1)C#N)[C@@H]2CCCC[C@H]2C(=O)N3CCN(CC3)c4nccs4,1.3,1.5344064010304965,0.23440640103049648
1498,train,CCCCCSc1nc(O)c2sc(N)nc2n1,2.86,3.1402038598524156,0.2802038598524157
1329,train,Cc1ccc(cc1c2ccc(nc2)C(=O)NCC3CC3)C(=O)NC4CC4,3.36,3.3925910322330437,0.032591032233043826
180,train,NC1(CCC1)c2ccc(cc2)c3ncc4ccncc4c3c5ccccc5,2.2,2.525232234825888,0.3252322348258878
3582,train,Nc1nc(O)cc(n1)c2ccc(O)cc2,1.05,0.9201018355357702,-0.12989816446422986
1199,train,COc1cc(ccc1Nc2ncc(c(n2)c3cnc4ccccn34)C(F)(F)F)N5CCN(CC5)C(=O)C,3.7,3.879194981909113,0.17919498190911298
2379,train,NCC[C@@H](Oc1cc(Cl)c(F)cc1C#N)c2ccccc2,0.77,0.8072327020363603,0.03723270203636031
4046,train,C[C@](O)(CS(=O)(=O)c1ccc(F)cc1)C(=O)Nc2ccc(C#N)c(c2)C(F)(F)F,2.87,2.8563007636222597,-0.013699236377740398
3818,train,OC(=O)CCC(=O)N1CCC(CC1)c2onc(n2)c3cccs3,-1.27,-1.228843099034969,0.041156900965030996
3288,train,CCC(N(CCCN)C(=O)c1ccc(C)cc1)C2=Nc3nccnc3C(=O)N2Cc4ccccc4,-0.14,-0.17122086208395748,-0.031220862083957468
2383,train,CC(C)(C)NS(=O)(=O)c1cncc(c1)c2ccc3nc(NC(=O)NCC(=O)N4CCCC4)nn3c2,1.37,1.4222263069130574,0.0522263069130573
3087,train,O=C(Nc1cccnc1C(=O)NCC2CCOCC2)c3cccc4ccccc34,4.4,4.244382962268064,-0.15561703773193614
3261,train,CCN(C)C(=O)c1ccc(cc1)C(=C2CCN(Cc3cscn3)CC2)c4cccc5cccnc45,2.65,2.5990312447205044,-0.050968755279495515
711,train,COc1ccc(NC(=O)CSc2nnc(C)n2c3ccc(C)cc3)cc1,2.94,3.275496850955581,0.3354968509555811
4011,train,CC(C)C(NC(=O)CN1C(=O)C2=C(C=C1c3ccccc3)C(=O)N(CCN4CCOCC4)C(=O)N2)C(=O)C(F)(F)F,1.91,2.0158680779967524,0.10586807799675246
2070,train,COC(=O)C1C(CC2CCC1N2C)OC(=O)c3ccccc3,1.06,1.1337307234358904,0.07373072343589038
2299,train,CC(C)C(NC(=O)CN1C(=O)C(=CC=C1c2ccccc2)N)C(=O)C(F)(F)F,1.74,1.6601982765381005,-0.07980172346189951
3258,train,O=C(NCC#N)[C@@H]1CCCC[C@H]1C(=O)N2CCN(CC2)c3ccc(cc3)C#N,1.79,1.7981503595479218,0.00815035954792176
26,train,COc1cnc(nc1N(C)C)c2ccccn2,1.9,2.098207787065054,0.19820778706505404
2510,train,COc1ncc(C)cc1c2cccc3c(N)c(nnc23)C(=O)NC4CC4,3.4,3.7936268467805982,0.39362684678059834
189,train,Cc1ccccc1c2c(C(=O)O)n(CCCOc3cccc4ccccc34)c5ccccc25,3.89,3.7046756945815256,-0.18532430541847456
2842,train,Cc1ccc(cc1)c2cc(nn2c3ccc(cc3)S(=O)(=O)N)C(F)(F)F,3.42,3.8134055306394012,0.3934055306394013
784,train,C[C@H]1[C@@H]2CN(CCN3CCOCC3)CC[C@H]2Cc4[nH]c5ccc(cc5c14)C(F)(F)F,2.87,3.0127952723720353,0.14279527237203515
870,train,CC(C)N1CCN[C@H](C1)C(=O)N2CCN(CC2)C(=O)Nc3ccc(Cl)c(Cl)c3,2.21,2.4569449615699277,0.24694496156992773
1435,train,CC(C)C[C@H](CO)Nc1nc(S[C@@H](C)c2ccccc2)nc3NC(=O)Sc13,4.3,4.466813840233424,0.1668138402334245
2243,train,COc1cc(CNc2nc3ccccc3[nH]2)cc(OC)c1OC,2.36,2.5804880598080935,0.2204880598080936
881,train,CC(=O)Nc1nc(N)n(n1)c2ccccc2,-0.2,-0.1775247409543943,0.02247525904560571
3140,train,Cc1nc(C)c(nc1C(=O)N)c2ccc3c(CC[C@@]34CC[C@H](CC(=O)O)CC4)c2,1.5,1.6522766011628063,0.15227660116280628
418,train,CC(=O)c1ncccc1NC(=O)[C@@H]2CC[C@H](CC2)N3C(=O)[C@@H]4[C@@H]5CC[C@@H](C5)[C@@H]4C3=O,3.01,3.287781996553501,0.2777819965535011
1584,train,O=S(=O)(Nc1cccnc1)c2ccccc2,0.84,0.9812353905828164,0.14123539058281642
2952,train,Oc1ccc(cc1)N2C(=O)c3ccccc3C2=O,2.0,1.871789654018113,-0.12821034598188707
2688,train,CCNC(=O)c1cc2c(c(cnc2[nH]1)c3cncc(c3)C(=O)NC)n4ccc(n4)C(F)(F)F,2.21,2.355037410717089,0.1450374107170891
4182,train,NC1=NC(CC(=O)N1)c2ccc(Cl)c(Cl)c2,1.46,1.6617345162304848,0.20173451623048488
3120,train,CCCSc1ncccc1C(=O)N(C)C2CCOCC2,1.63,1.7643166098864818,0.13431660988648186
1163,train,CCCSc1ncccc1C(=O)N(C)[C@H]2[C@@H]3CC4C[C@H]2C[C@@](O)(C4)C3,2.48,2.7287900855220117,0.24879008552201176
539,train,COc1ccc(cc1)c2cc(O)c3cc(Cl)ccc3n2,2.7,2.752581321173179,0.05258132117317871
3875,train,OC(CCN1CCCC1)(C2CCCCC2)c3ccccc3,1.78,2.2483566217893305,0.46835662178933046
263,train,[O-][N+](=O)c1cccc(c1)C(=O)Nc2nc3ccccc3n2CCN4CCOCC4,3.3,3.12753529601288,-0.17246470398711988
1739,train,Nc1c2CCCCc2nc3ccccc13,0.38,0.4617947738892805,0.08179477388928047
973,train,NC(=N)SCc1ccc(Cl)c(Cl)c1,1.28,0.9287008734976323,-0.3512991265023677
3124,train,COc1ccc(N(C(C(=O)NC[C@@H](C)O)c2ccccc2F)C(=O)c3occc3Cl)c(OC)c1,2.18,2.047574237811011,-0.13242576218898927
3852,train,OC(=O)c1cncc(c1)c2ccc(Cl)c(c2)C(=O)NCC34CC5CC(CC(C5)C3)C4,0.85,1.1943358221510558,0.34433582215105585
2154,train,CC(C)n1c(C)ncc1c2ccnc(Nc3ccc(cc3)N(C)C)n2,3.51,3.5818498335594304,0.07184983355943064
2515,train,Fc1ccc(cc1)[C@@H]2CCNC[C@H]2COc3ccc4OCOc4c3,1.78,2.0454783795649587,0.2654783795649587
2401,train,CCCc1c(O)c(ccc1OCCCOc2ccc3C(=O)C=C(Oc3c2CCC)C(=O)O)C(=O)C,3.0,3.0992243813683897,0.09922438136838974
193,train,CSc1ccc(cc1)N2C(=NC(=NC2(C)C)N)N,-0.84,-0.7409740065356338,0.09902599346436614
1762,train,CS(=O)(=O)c1ccc(cc1)[C@H](CC2CCCC2)C(=O)Nc3nccs3,3.88,4.2432391424335645,0.3632391424335646
725,train,CCC(C)(C)C(=O)O[C@H]1C[C@@H](C)C=C2C=C[C@H](C)[C@H](CC[C@@H]3C[C@@H](O)CC(=O)O3)[C@@H]12,3.7,3.86239182026706,0.16239182026706
3866,train,CC[C@H](NC(=O)c1c([S+](C)[O-])c(nc2c(F)cccc12)c3ccccc3)c4ccccc4,2.84,3.394977870436361,0.5549778704363613
1263,train,CN1C=C(C(=O)NC[C@@H](O)CN2CCC(CC2)Oc3ccc(Cl)c(Cl)c3)C(=CC1=O)C(F)(F)F,2.76,2.9457270854769786,0.1857270854769788
2647,train,CNCC[C@H](Oc1cccc2ccccc12)c3cccs3,2.09,2.059210471713948,-0.03078952828605175
1178,train,NC1=NC2(CCN(CC2)C(=O)c3ccc(nc3)C#N)Nc4c(F)ccc(F)c14,0.79,0.9424336525169394,0.1524336525169394
3470,train,Cc1cccc(NC(=O)NCC(N2CCOCC2)c3cccnc3)c1,2.0,1.8020042804479415,-0.19799571955205852
3368,train,CC1=CC(=O)Oc2c(C)c3oc(C)cc3cc12,3.47,3.099950439445383,-0.37004956055461724
1025,train,CC1=CN([C@H]2CCCN(C2)S(=O)(=O)c3ccc(O)c(Oc4ccc(Cl)cc4)c3)C(=O)NC1=O,2.12,2.2036348569074637,0.08363485690746364
3201,train,OC1(CCc2ccc(Oc3ccc(cc3)C(=O)NCc4ccncn4)cc2)CN5CCC1CC5,0.76,0.9499575576760833,0.18995755767608324
3843,train,OCCN1C(=O)C(Cc2ccccc12)NC(=O)c3cc4cc(Cl)sc4[nH]3,3.05,3.159718423998486,0.10971842399848608
2464,train,S=C(NC1CCCCC1)N2CCC(CC2)c3cnc[nH]3,2.3,2.059755268329179,-0.24024473167082094
2370,train,NC1(CCC1)c2ccc(cc2)c3c(ccc4ccnn34)c5ccccc5,2.9,3.216273446111293,0.31627344611129304
1322,train,COc1ccccc1C[C@H](N2CCC(CN3CCC(CC3)Oc4ccc(Cl)c(Cl)c4)CC2)C(=O)O,2.77,2.593124919159801,-0.17687508084019887
898,train,CC(=O)c1ccc2OCC(=O)N(CCN3CCC(CC3)NCc4ccc5OCC(=O)Nc5n4)c2c1,0.37,0.45898757105146326,0.08898757105146327
1528,train,N[C@H]1CCN(C1)c2c(Cl)cccc2\C=C\3/SC(=O)NC3=O,1.89,1.8137633556845585,-0.07623664431544142
3250,train,CC(C)C(NC(=O)CN1C(=O)C(=CC=C1c2ccccc2)NS(=O)(=O)c3cccc(NC(=O)C)c3)C(=O)C(F)(F)F,2.43,2.7427441813879305,0.31274418138793036
183,train,CCOc1ccccc1c2ccc(cc2)c3nc4ccc(F)cc4c(N[C@H](C)C(=O)O)c3C#N,2.5,2.3545077975509887,-0.1454922024490113
401,train,CN[C@@H](C)C(=O)N[C@@H](C1CCCCC1)C(=O)N[C@H]2CCN(CCc3ccccc3)C2,1.65,1.8460580820212735,0.19605808202127362
2488,train,CCC(Oc1ccc(cc1c2ccc(cc2C)S(=O)(=O)CC)C(F)(F)F)C(=O)O,0.31,0.42293439878890426,0.11293439878890427
1017,train,COc1nc(N)nc2c1ncn2[C@@H]3O[C@H](CO)[C@@H](O)[C@H]3O,-0.58,-0.9160403318447519,-0.3360403318447519
2968,train,OC1CCN(CC1)C(=O)CN2C(=O)C(Cc3ccccc23)NC(=O)c4cc5cc(Cl)sc5[nH]4,2.86,2.9430147430451576,0.08301474304515777
751,train,COc1cc(ccc1Cn2ncc3ccc(NC(=O)OC4CCCC4)cc23)C(=O)NS(=O)(=O)c5ccccc5,1.8,1.8727510555566298,0.07275105555662975
1376,train,COc1ccc(cc1)C(=O)CS(=O)(=O)c2ccccc2,1.96,2.3284808803552584,0.3684808803552584
3054,train,CNC(=O)c1ccc(cc1)c2cc(C(=O)N[C@H]3CCCNC3)c(NC(=O)N)s2,0.7,0.8280794330882872,0.1280794330882873
319,train,CC[C@H](NC(=O)c1c([S+](C)[O-])c(nc2cc(Br)ccc12)c3ccccc3)c4ccccc4,3.18,3.240152311954585,0.060152311954584814
1452,train,C(Cc1nc2ccccc2[nH]1)c3nc4ccccc4[nH]3,3.3,3.4532575877661182,0.15325758776611842
624,train,Nc1ncnc2sccc12,1.19,1.5512987835117262,0.3612987835117263
142,train,Cc1ccc(cc1NC(=O)c2ccc(OCc3ccccn3)cc2)c4nccn4C,2.83,2.9869585369144325,0.1569585369144324
2509,train,C(Oc1ccccc1)C2CNCCO2,0.2,0.06360159022751422,-0.1363984097724858
3973,train,CC(=O)c1ccc(cc1)S(=O)(=O)NC(=O)NC2CCCCC2,-0.49,-0.3748761760630712,0.11512382393692877
3847,train,OC(=O)C[C@@H]1CC[C@H](CC1)c2ccc(NC(=O)c3oc(Nc4ccccc4F)nn3)cc2,2.48,2.9270772549099604,0.4470772549099604
1800,train,Cc1cc(N)n(n1)c2ccccc2,1.25,1.443633741050733,0.19363374105073294
2469,train,NC(=N)c1cc2c(cccc2s1)c3ccccc3,1.27,1.0622121952985395,-0.20778780470146052
1065,train,C[C@@H](Oc1cc(cnc1N)c2cnn(c2)C3CCNCC3)c4c(Cl)ccc(F)c4Cl,2.33,1.8032311031376875,-0.5267688968623125
622,train,CN1C(=O)N(CC2CC2)c3nn(Cc4ccnc5ccc(Cl)cc45)c(c3C1=O)c6ncnn6C,3.8,3.8331642591079182,0.033164259107918426
883,train,CC(C)C(NC(=O)CN1C(=O)C(=CC=C1c2ccccc2)NC(=O)Cc3ccccc3C(=O)O)C(=O)C(F)(F)F,1.14,0.9944715985134167,-0.1455284014865832
4093,train,O=C(NC1CC1)c2cc(on2)c3cccs3,2.54,2.803322962124603,0.26332296212460315
2609,train,OCCCN(Cc1ccc(F)cc1)C(=O)CC2CCN(Cc3ccn(c3)c4ccc(cc4)C(F)(F)F)CC2,3.04,3.1188782717357673,0.07887827173576722
3798,train,CCCSc1nc(Oc2ccc(CC(=O)O)cc2)ccc1C(=O)NC3CCCCC3,1.79,1.6658944197815537,-0.12410558021844631
252,train,NC(=O)c1sc(cc1N)c2ccccc2,2.33,2.1504488975524416,-0.17955110244755845
3615,train,CCCCC1(CC)C(=O)NC(=O)NC1=O,1.5,1.7175036140954407,0.21750361409544072
1002,train,CN1CCNc2nc(CCOc3ccc(C[C@H](NC(=O)c4c(Cl)cccc4Cl)C(=O)O)cc3)ccc12,0.07,0.10131453038645555,0.03131453038645554
1850,train,CC(C)(NC(=O)c1sccc1Oc2ccc(F)cc2[N+](=O)[O-])C#C,3.0,2.9219127854435607,-0.0780872145564393
3416,train,CN1CCCC1CCNC(=O)c2ccc(Nc3ncc4cc(ccc4n3)c5ccncc5)cc2,2.01,2.184511953446822,0.17451195344682224
3461,train,NC1(CCC1)c2ccc(cc2)c3ncc4ccccc4c3c5ccccc5,3.6,3.6000281818798765,2.8181879876409965e-05
1929,train,[O-][N+](=O)c1cccc2ccc(nc12)C(Cl)(Cl)Cl,3.7,3.8207449207405393,0.12074492074053911
2885,train,NC(=O)Nc1cc(sc1C(=O)N[C@H]2CCCNC2)c3ccc(cc3)C#N,0.61,0.7706504227226718,0.16065042272267183
3098,train,CCN(C1CCN(CC[C@H](c2ccc(cc2)S(=O)(=O)C)c3cc(F)cc(Cl)c3)CC1)C(=O)Cc4ccc(cc4)S(=O)(=O)C,2.71,2.558011783153768,-0.15198821684623187
2083,train,CSc1ncccc1C(=O)NCc2ccc(C)cc2,2.71,2.6574836918596554,-0.05251630814034458
3564,train,O=C1C=C(Nc2ccccc12)c3occc3,2.21,2.158146147089159,-0.05185385291084099
2197,train,Fc1ccc(Oc2cc(F)c(cc2F)S(=O)(=O)Nc3ncc(Cl)s3)c(c1)c4cn[nH]c4,2.7,2.7803398474778733,0.08033984747787315
1370,train,CN1CCN(CC1)S(=O)(=O)c2ccc(cc2F)c3cnc(N)c(n3)C(=O)Nc4cccnc4,2.66,2.6164085576461074,-0.043591442353892784
3018,train,CC(C)(C)OC(=O)N1CCN(CC1)c2ncc(OCc3c(F)cncc3F)cn2,3.7,3.8292317457831135,0.12923174578311336
167,train,C[C@@H](Oc1cccc2ncnc(Nc3ccc4c(cnn4Cc5ccccn5)c3)c12)C(=O)N6CCOCC6,2.82,2.9892661319737166,0.16926613197371676
3192,train,CCn1c2ccccc2c3cc(NC(=O)C)ccc13,3.5,3.6434420010723567,0.14344200107235672
736,train,Fc1ccc(cc1)C(=O)C2CCN(CCN3C(=O)Nc4ccccc4C3=O)CC2,2.9,2.8634609167215195,-0.03653908327848043
3115,train,Cc1ccc(cc1)S(=O)(=O)Nc2c(C(=O)NC3CCOCC3)c(C)nn2c4ccccc4,0.16,0.04438223571382416,-0.11561776428617584
496,train,OC(=O)c1cc(ccc1O)c2ccc(F)cc2F,0.59,0.6986804400311735,0.1086804400311735
1429,train,Cc1ccc2c(c1)c(c(C)n2CC(=O)O)S(=O)(=O)c3ccc(Cl)cc3,0.06,0.09878569078269761,0.03878569078269761
2321,train,CC(=O)O[C@H]1CC[C@]2(C=O)[C@H]3CC[C@]4(C)[C@H](CC[C@]4(O)[C@@H]3CC[C@]2(O)C1)C5=CC(=O)OC5,0.64,0.6121073051744954,-0.027892694825504605
97,train,CCSc1c(Cc2ccccc2C(F)(F)F)sc3N(CC(C)C)C(=O)N(C)C(=O)c13,4.49,4.652078960625651,0.1620789606256512
3309,train,Fc1ccc(cc1F)S(=O)(=O)NCC(N2CCCCCC2)c3ccccc3,2.84,2.9115745918370055,0.07157459183700565
257,train,Clc1ccc2OC(=O)Nc2c1,2.16,2.163006116098353,0.0030061160983527735
990,train,C[C@@H]1CNc2c(sc3ccc4nc(ccc4c23)c5ccc(C)nc5)C(=O)N1,3.6,3.8130402602346036,0.21304026023460354
2002,train,Cc1[nH]c(C(=O)NC2CCN(CC2)c3cc(cc(Cl)n3)C(=O)O)c(Cl)c1Cl,1.74,1.7483579733757098,0.00835797337570976
3937,train,CCCNC(=O)c1nnc2c(c(F)ccc2c1N)c3ncccn3,2.07,2.2415301430602486,0.17153014306024872
2508,train,Cc1c(Sc2ccc(Cl)cc2)c3c(cccc3n1CC(=O)O)c4cnccn4,0.03,0.38090892526406295,0.3509089252640629
3960,train,CN(c1ccc(c(Cl)c1)c2cc(F)ccc2OCC(=O)O)S(=O)(=O)C,-1.17,-1.1441402759026165,0.025859724097383463
2703,train,Cc1ccc(cc1)C(=O)c2ccc(CC(=O)O)n2C,-1.02,-1.1362986751459512,-0.11629867514595116
3193,train,CNc1c(Br)cnc2[nH]c(nc12)c3ccc(OCCN4CCCCC4)cc3,2.56,2.888595453807905,0.328595453807905
3220,train,CCN(CC)CCNC(=O)c1cc(Br)c(N)cc1OC,0.54,0.7562996050216138,0.21629960502161372
1890,train,C[C@@H]1CN(CCN1C(=O)[C@@H]2CCCC[C@H]2C(=O)NC3(CC3)C#N)c4ccc5c(c4)c(C)nn5C,2.8,2.9052981877792807,0.1052981877792809
3822,train,Cc1oc(CN2NC(=O)C3=C(C2=O)C(=O)c4ccc(Cl)cc4N3)cc1C,1.0,0.8923284149905,-0.10767158500950003
884,train,CCN(CC)c1ccc2C=C(C(=O)C)C(=O)Oc2c1,2.0,2.0192147270915353,0.019214727091535266
3880,train,Fc1ccc(NC(=S)N2CCC(CC2)C(=O)c3ccc(F)cc3)cc1,3.4,3.474819097761399,0.07481909776139917
3305,train,COc1cc(\C=C/2\SC(=O)NC2=O)cc(OC)c1O,0.74,0.6875031078026714,-0.05249689219732856
2844,train,CC(C)n1nc(C)c(C(=O)N[C@@H](C)C(C)(C)C)c1NS(=O)(=O)c2ccc(C)cc2,0.97,1.0997120610546822,0.12971206105468225
3711,train,CN1C(=O)C=C(CCc2cccc(c2)c3cccnc3)N=C1N,2.5,2.469902517057914,-0.030097482942085918
391,train,Cc1cnc(cn1)C(=O)NCCc2ccc(cc2)S(=O)(=O)NC(=O)NC3CCCCC3,0.31,0.4974353901483217,0.18743539014832172
1622,train,COc1ccc(\C=C/2\CCc3ccccc3C2=O)cc1CN4CCOCC4,3.8,3.634584410662444,-0.16541558933755596
181,train,CC(C)C(NC(=O)CN1C(=O)C(=CC=C1c2ccccc2)NS(=O)(=O)C)C(=O)C(F)(F)F,1.77,1.5589382274885395,-0.21106177251146052
3234,train,CCN1C(=O)C=Cc2cc(COc3cc(F)cc(c3)C4(CCOCC4)OC)ccc12,3.89,4.143662901741509,0.25366290174150885
4146,train,COc1cc(OC)c(cc1NC(=O)C)S(=O)(=O)NCc2ccccc2N3CCC(CO)CC3,1.03,1.0538655641029375,0.023865564102937498
1756,train,O=C(CC12CC3CC(CC(C3)C1)C2)Nc4cccc5ncccc45,3.83,4.163290040317562,0.3332900403175616
3218,train,Cc1c(Cl)ccc(OC2CCN(CC2)C3CCN(CC3)C(=O)c4cccc(c4)S(=O)(=O)C)c1Cl,3.33,3.1777301881913287,-0.15226981180867138
3715,train,CC(C)n1nc(c2ccc(C)cc2)c3c(N)ncnc13,3.2,3.51264641990379,0.31264641990378994
1610,train,OC1CCN(CC1)C(=O)[C@H](Cc2ccccc2)NC(=O)c3cc4cc(Cl)ccc4[nH]3,3.6,3.864152666553368,0.2641526665533678
1598,train,CCOC(=O)Nc1cccc(c1)[C@H](N2CCN(Cc3c[nH]c(C)n3)CC2)c4ccc(cc4)C(=O)N(C)CC,2.11,2.141624855334893,0.03162485533489301
3398,train,CC(C)CN1C(=O)N(C)C(=O)c2c1sc(Cc3ccnc4ccc(F)cc34)c2C(=O)N5CC[C@@H](O)C5,1.95,2.009630644791796,0.05963064479179603
2369,train,CNS(=O)(=O)Cc1ccc2[nH]cc(CCN(C)C)c2c1,-0.96,-1.0861921361810145,-0.12619213618101455
1872,train,Cc1nc(cs1)C(=O)N2CCCC3(CCN(Cc4ccccc4)CC3)C2,0.24,0.2253132767028141,-0.0146867232971859
2258,train,CC(C)C(NC(=O)CN1C(=O)c2nc(O)nc(O)c2C=C1c3ccccc3)C(=O)C(F)(F)F,1.88,1.8132678691279325,-0.06673213087206742
2262,train,Clc1ccc(OC2CCN(CC2)C3CCN(CC3)C(=O)C4=CNC(=O)c5ccccc45)cc1Cl,3.51,3.575235344701066,0.06523534470106629
2592,train,CC(C)c1cc(C(=O)N2Cc3ccc(CN4CCN(C)CC4)cc3C2)c(O)cc1O,2.5,2.7453249339272867,0.24532493392728671
3824,train,Cc1ccsc1C(=CCCN2CCC[C@H](C2)C(=O)O)c3sccc3C,1.49,1.6061414740733042,0.11614147407330422
2731,train,O=C(NCC12CC3CC(CC(C3)C1)C2)c4ccccc4,4.21,4.464862839322292,0.2548628393222918
3034,train,COc1ccc2SCC(=O)N(CCN3CCC(CC3)NCc4cc5OCCOc5cn4)c2c1,1.78,1.9371826545857063,0.15718265458570624
1633,train,Cc1ccc(c(C)c1)c2nnc(O)c3ccccc23,3.41,3.375038025110359,-0.034961974889641034
1093,train,Clc1cccc(NNC(=O)c2cccnc2Cl)c1,1.87,2.052134406002016,0.18213440600201602
993,train,N(c1ccccc1)c2ccccc2,3.2,3.2801516626461664,0.08015166264616624
3657,train,CC1=C(Cc2ccccc2)C(=O)n3nc(NCc4cccc(Cl)c4)nc3N1,3.6,3.219003502567099,-0.3809964974329012
1550,train,NC(=O)C[S+]([O-])C(c1ccccc1)c2ccccc2,1.12,1.1237006092424073,0.0037006092424072268
2969,train,C(Cc1nc2ccccc2[nH]1)Cc3nc4ccccc4[nH]3,3.5,3.603825490205281,0.10382549020528087
484,train,OC(=O)c1cc(nc2ccc(F)cc12)c3ccncc3,-0.8,-0.8997975117777539,-0.09979751177775387
1330,train,CC(C)N=C1C=C2N(c3ccc(Cl)cc3)c4ccccc4N=C2C=C1Nc5ccc(Cl)cc5,3.17,3.447144297333338,0.27714429733333823
1213,train,CC#Cc1ccnc(c1)c2cc(ccc2O)C3(N=C(C)C(=N3)N)C4CC4,3.6,3.886964135922784,0.2869641359227839
2142,train,CCOC(=O)N1CCN(CC1)C(=O)[C@H](Cc2cccc(c2)C(=N)N)NS(=O)(=O)c3c(cc(cc3C(C)C)C(C)C)C(C)C,1.67,1.469783183258286,-0.200216816741714
1695,train,O=S(=O)(c1ccccc1)C2(CC2)c3cc(nc(n3)c4cccc5[nH]ccc45)N6CCOCC6,3.4,3.7250031516731887,0.32500315167318883
1320,train,CCn1c2ccccc2c3cc(NC(=O)CCc4ccncc4)ccc13,3.75,3.6460509514458126,-0.1039490485541874
1414,train,Oc1ccc(cc1)C2=Cc3ccc(O)cc3OC2,3.8,3.691871275023342,-0.10812872497665804
3263,train,Cc1cccc(n1)c2nn3CCCc3c2c4ccnc5ccc(cc45)C(=O)N,1.71,1.9838078636469654,0.2738078636469654
626,train,CC(C)(C(=O)O)c1ccc(cc1)C(O)CCCN2CCC(CC2)C(O)(c3ccccc3)c4ccccc4,0.42,0.8785250690838051,0.45852506908380514
237,train,COc1ccc2nc(N[C@H]3CCC[C@@H](C3)NCc4ccsc4)ccc2c1,2.43,2.730789890376778,0.30078989037677806
4130,train,OC12CC3CC(C1)CC(C3)(C2)NCC(=O)N4CCC[C@H]4C#N,-0.48,-0.06705733989887808,0.4129426601011219
1857,train,CC(C)Oc1ccc2C(=O)C(=COc2c1)c3ccccc3,4.07,4.214008689188875,0.14400868918887433
3871,train,Oc1cc(O)c2C(=O)C(=COc2c1)c3ccc4OCOc4c3,3.5,3.324201812961493,-0.1757981870385068
1502,train,Nc1ccccc1NC(=O)c2ccc(cc2)C3CCN(Cc4ccccc4)CC3,2.51,2.4691612755317895,-0.04083872446821024
3137,train,CCC(N1NC(=O)C2=C(C1=O)C(=O)c3ccc(Cl)cc3N2)c4ccncc4,0.6,0.7276381696086243,0.12763816960862429
697,train,COc1cc2c(NC(=O)Nc3c(Cl)cccc3Cl)ncnc2cc1OCC4CCN(C)CC4,2.7,2.910474008681459,0.2104740086814587
1406,train,OC(=O)[C@H](Cc1cccc(F)c1)N2CCC(CN3CCC(CC3)Oc4ccc(Cl)c(Cl)c4)CC2,2.68,2.789111832155546,0.10911183215554576
1951,train,COc1cc2ncc(C(=O)N)c(Nc3cccc(F)c3F)c2cc1OC,2.82,2.7502063405206103,-0.06979365947938954
165,train,Cc1c(Sc2ccc(Cl)cc2)c3c(NS(=O)(=O)C)cccc3n1CC(=O)O,0.21,0.5239007203999282,0.3139007203999282
3072,train,CCCc1nn(C)c2C(=O)NC(=Nc12)c3cc(ccc3OCC)S(=O)(=O)N4CCN(C)CC4,2.8,2.9314530526472375,0.13145305264723772
1128,train,OCC(CO)Nc1nc(SCc2cccc(F)c2F)nc3nc(NC4CC4)sc13,3.11,3.3730706839158757,0.26307068391587585
3407,train,OC(=O)[C@H](Cc1ccc(OCCc2ccc3CCCNc3n2)cc1)NC(=O)c4c(Cl)cccc4Cl,0.33,0.22383151667195267,-0.10616848332804735
1977,train,NCCCCN(Cc1nc2ccccc2[nH]1)C3CCCc4cccnc34,0.83,0.8946588575256187,0.06465885752561873
94,train,CCN1CCN(CC1)c2ccc(Nc3cc(ncn3)N(C)C(=O)Nc4c(Cl)c(OC)cc(OC)c4Cl)cc2,3.7,3.5908861548562516,-0.10911384514374856
3333,train,Oc1c2ncc3ccccc3c2nn1c4ccc(Cl)cc4,1.52,1.5850087157606139,0.06500871576061384
3901,train,CC(C)(Cc1cccc(CC(=O)NCc2cccc(c2)c3ccc(O)cc3)c1)NC[C@H](O)c4ccc(O)c(NS(=O)(=O)C)c4,1.91,2.0200851725395466,0.11008517253954664
1788,train,COc1cc(ccc1Nc2ncc(Cl)c(Oc3cccc(NC(=O)C=C)c3)n2)N4CCN(C)CC4,3.9,3.8683726531817104,-0.03162734681828949
2660,train,COc1ccc(Nc2cc(Oc3cc(C)c(C)nc3c4ccccn4)ccn2)cc1,3.51,3.812384190627888,0.3023841906278881
3467,train,CN(C)C(=O)Nc1ccc(CN2NC(=O)C3=C(C2=O)C(=O)c4ccc(Cl)cc4N3)cc1,1.1,1.1730758843763625,0.07307588437636237
1480,train,COCCNS(=O)(=O)c1ccc(Nc2nccc(n2)c3cnc4cccnn34)cc1,2.8,3.022959796241393,0.22295979624139317
99,train,CCN(CCN(C)C)S(=O)(=O)c1ccc(cc1)c2cnc(N)c(n2)C(=O)Nc3cccnc3,2.0,2.1041414021642386,0.10414140216423862
2437,train,CS(=O)(=O)c1ccc(cc1)C(CCNC(=O)c2ccc(cc2)C#N)c3ccc(F)cc3,2.9,3.4379361861549262,0.5379361861549263
560,train,O[C@]1(CN2CCC1CC2)C#Cc3ccc(Oc4ccc(cc4)C(=O)NC5CCCS(=O)(=O)C5)cc3,1.4,1.759235540937092,0.359235540937092
3466,train,O[C@H](CNC(=O)c1cccc(c1)C#N)CN2CCC(CC2)Oc3ccc(Cl)c(Cl)c3,3.48,3.707238226981925,0.22723822698192508
318,train,CN1CCN(CC1)c2ccc(NC(=O)c3oc(Nc4ccccc4F)nn3)cn2,2.36,2.416210406580805,0.05621040658080512
2879,train,COc1cc2ncnc(Nc3cccc(Cl)c3F)c2cc1CN(C)[C@H](C)C(=O)N,3.44,3.466020650500956,0.026020650500956144
628,train,NC(=N)NCCC[C@H](NC(=O)COCC(c1ccccc1)c2ccccc2)C(=O)O,0.18,0.5497529285152167,0.36975292851521674
2355,train,Fc1ccccc1C(=O)Nc2c(cnn2c3ccccc3)C#N,1.7,1.6641382008321237,-0.03586179916787624
3275,train,CC(C)n1c(C)ncc1c2nc(Nc3ccc(cc3)N4CC[C@H](C4)NC(=O)C)ncc2F,3.3,3.3413306234363267,0.041330623436326874
65,train,COc1cc2ncc(C(=O)N)c(Nc3ccc(F)cc3F)c2cc1NCCN(C)C,1.91,1.6950661636896063,-0.21493383631039364
2378,train,C[C@H](CO)Nc1nc(SCc2ccccc2)nc3NC(=O)Sc13,2.86,2.794987826969057,-0.06501217303094275
2292,train,CNc1ccc2ncc(c3cccc(O)c3)n2n1,2.99,2.9840330477776744,-0.005966952222325794
93,train,COC(=O)[C@H]1[C@@H](O)CC[C@H]2CN3CCc4c([nH]c5ccccc45)[C@@H]3C[C@H]12,1.65,1.9929866201570583,0.3429866201570584
503,train,CCN(C1CCN(CCC(c2ccccc2)c3ccccc3)CC1)C(=O)NCc4ccccc4,4.0,4.044200320011516,0.04420032001151597
4019,train,CC(C)CCOc1ccc(N)cc1,2.67,2.7144341343691045,0.044434134369104594
3708,train,OC(c1ccccc1)c2ccc3C(=O)C=C(Nc3c2)c4cccnc4,2.27,2.625665761976708,0.3556657619767081
679,train,CC[C@H](NC(=O)c1c(N)c(nc2ccccc12)c3ccccc3)c4ccccc4,3.89,4.067231587882631,0.17723158788263094
816,train,CC(C)CN1C(=O)N(C)C(=O)c2c1sc(Cc3ccnc4ccccc34)c2C(=O)N5C[C@H](O)CO5,2.14,2.1913433487213365,0.05134334872133639
727,train,CC[C@@H](NC1=C(Nc2cccc(C(=O)N(C)C)c2O)C(=O)C1=O)c3ccccc3,2.14,2.0757367523157857,-0.06426324768421443
1170,train,CCCc1c(O)c(ccc1OCCCCSCC(=O)O)C(=O)C,1.3,1.2577025010545078,-0.042297498945492285
338,train,Cc1cc(Oc2ccc3OCOc3c2)nc(Oc4ccc(cc4)n5ccnc5)n1,3.47,3.579831157846458,0.10983115784645792
4056,train,COc1cc(F)ccc1c2cc(CNC3CCCC3)ccn2,1.71,1.8823507912694013,0.17235079126940134
3814,train,CCO\N=C(\C1CCN(CC1)C2(C)CCN(CC2)C(=O)c3c(Cl)cncc3Cl)/c4ccc(Br)cc4,4.0,4.030622122964786,0.030622122964786058
1357,train,Cc1c[nH]c(\C=C\2/C(=O)Nc3ccccc23)c1CCC(=O)O,1.2,1.0113627518582882,-0.1886372481417118
518,train,C(N(Cc1ccccc1)c2nn[nH]n2)c3ccccc3,1.37,1.4520751603501925,0.08207516035019236
1720,train,CN[C@@H](C)C(=O)N[C@@H](C1CCCCC1)C(=O)N[C@H]2CCCN(CCCc3ccccc3)C2,2.6,2.615359019800495,0.0153590198004947
2074,train,Clc1ccc(CNc2nc(nc3ncccc23)N4CCN(CC4)C(=O)[C@@H]5CCCN5)c(Cl)c1,2.41,2.286997781324001,-0.12300221867599914
168,train,COc1ccc(Cn2cc3N(CC(C)C)C(=O)N(C)C(=O)c3c2)cc1,3.52,3.276115612658719,-0.24388438734128082
3458,train,Nc1nc2ccc(Cl)cc2c3nc(nn13)c4occc4,3.98,4.037249770812396,0.05724977081239624
941,train,Clc1ccc(cc1)c2oc(cc2)C(=O)N(Cc3ccccn3)c4ccc(cc4)N5CCNCC5,3.0,3.182003027683073,0.18200302768307308
3658,train,Clc1ccc(Cl)c(c1)S(=O)(=O)Nc2nc(cs2)c3sccc3Cl,2.11,2.058856118932097,-0.0511438810679028
3060,train,Cc1cc(O)nc(n1)n2nc(C)c(Oc3ccccc3O)c2C,1.4,0.9785680923834161,-0.4214319076165838
491,train,FC(F)(F)Oc1ccc(CNC(=O)C2N(CC3CC(F)(F)C3)C(=O)c4ccccc24)cc1,3.9,4.053258910367062,0.1532589103670623
251,train,CC(C(=O)O)n1c(C)c(Sc2ccc(Cl)cc2)c3cc(Cl)ccc13,3.56,3.595952510320412,0.035952510320412134
4184,train,NCC(O)(c1ccc(Cl)cc1)c2ccc(Cl)cc2,2.69,2.8300099707335153,0.1400099707335154
3439,train,CN1CCCC(CC1)N2N=C(Cc3ccc(Cl)cc3)c4ccccc4C2=O,2.46,2.5385755945260664,0.07857559452606644
3460,train,CCN(CC)CCN1C(=O)CN=C(c2ccccc2F)c3cc(Cl)ccc13,2.38,2.6379322897739086,0.2579322897739087
1334,train,CC(C)CN1C(=O)N(C)C(=O)c2c1sc(Cc3ccccc3C(F)(F)F)c2C(=O)N4C[C@H](O)CO4,3.15,2.940665212745418,-0.2093347872545821
2471,train,COc1ccccc1O[C@H]([C@@H]2CNCCO2)c3ccccc3,0.9,0.7872119506171336,-0.11278804938286646
4147,train,COCCNCc1ccc(cc1)c2cc(C(=O)N)c(NC(=O)N)s2,0.87,0.7592963840671463,-0.11070361593285372
977,train,Oc1ncc(NCc2ccccc2)c(O)n1,0.82,0.9104143611776658,0.09041436117766588
3274,train,CCCCCOC(=O)NC1=NC(=O)N(C=C1F)[C@@H]2O[C@H](C)[C@@H](O)[C@H]2O,0.67,0.6943517109862007,0.024351710986200703
1509,train,CCC1(C)CC(=O)NC1=O,0.23,0.3315284443761204,0.10152844437612038
3252,train,CCC(N(CCCN)C(=O)c1ccc(C)cc1)C2=Nc3ncccc3C(=O)N2Cc4ccccc4,-0.04,0.049715241465572824,0.08971524146557283
4090,train,CCCCC(NC(=O)CC1CCN(Cc2ccn(c2)c3ccc(cc3)C(F)(F)F)CC1)C4=CNC(=O)C=C4,2.89,2.53387689543728,-0.35612310456272
3774,train,Cc1ccccc1CN2CCC(CC2)N3CCC(CC3)N4C(=O)Nc5ccccc45,2.68,2.7149089425140573,0.034908942514057184
1523,train,Cc1cc(ccn1)c2ccc(cc2)c3nc4ccncc4c(O)c3C#N,1.6,1.7492165612729713,0.14921656127297123
283,train,CN1CCN2C(C1)c3ccccc3Cc4cccnc24,2.82,2.959300004467583,0.13930000446758317
914,train,Cc1ccc(OC(=O)N2CCN3CCC2CC3)cc1,1.02,1.1719685048197765,0.15196850481977653
1567,train,CC(C)C[C@H](NC(=O)N1CCOCC1)C(=O)N[C@@H](CCc2ccccc2)\C=C\S(=O)(=O)c3ccccc3,3.4,3.752377898225575,0.35237789822557497
1767,train,CCCSc1nc(N[C@@H]2CC[C@H](CC2)C(=O)O)ccc1C(=O)NC3CCCCC3,2.02,2.1122108992621396,0.09221089926213955
1008,train,O=C(Nc1ccc(Nc2ccc(NC(=O)c3ccccc3)c4C(=O)c5ccccc5C(=O)c24)c6C(=O)c7ccccc7C(=O)c16)c8ccccc8,2.63,2.7353318384288268,0.10533183842882687
520,train,CC(=O)c1ccc(nc1)N2CCN(CC2)S(=O)(=O)C[C@]34CC[C@H](CC3=O)C4(C)C,2.21,2.300180774880506,0.09018077488050613
1277,train,O[C@H](CNS(=O)(=O)c1cccc(c1)C#N)CN2CCC(CC2)Oc3ccc(Cl)c(Cl)c3,3.42,3.752172849360174,0.3321728493601741
3653,train,C[C@H](Nc1nc(Nc2ncc(C)s2)cc(n1)N3CCN(C)CC3)c4ccc(F)cn4,2.9,3.0686229349693517,0.16862293496935177
395,train,COc1cc2ncc(C(=O)N)c(Nc3ccc(F)cc3)c2cc1OC,2.82,2.7141511437981674,-0.10584885620183249
961,train,COc1cc(ccc1Cn2ccc3ccc(cc23)C(=O)NCC4CCCC4)C(=O)NS(=O)(=O)c5ccccc5,1.93,1.8676873752716012,-0.06231262472839871
557,train,CCCSc1nc(NC[C@@H]2CC[C@H](CC2)C(=O)O)ccc1C(=O)NC3CCCCC3,2.61,2.699902995134087,0.08990299513408706
3122,train,CC(C)C(NC(=O)CN1C(=O)C(=CC=C1c2ccccc2)NC(=O)C)C(=O)C(F)(F)F,1.78,1.426592849976579,-0.35340715002342105
754,train,Fc1cccc2[nH]c3CCN(Cc3c12)C(=O)[C@@H]4CCCC[C@H]4C(=O)NC5(CC5)C#N,3.2,3.417827659939298,0.21782765993929765
2598,train,CC(N1C(=O)c2ccccc2C1=O)C(=O)N3CCc4ccccc4C3,2.47,2.346905444571337,-0.1230945554286631
1753,train,CN1CC(=O)N2[C@H](Cc3c([nH]c4ccccc34)[C@H]2c5ccc6OCOc6c5)C1=O,2.6,2.773783489539037,0.1737834895390371
3173,train,CCN(C1CCN(CC[C@@H](c2ccccc2)c3ccc(cc3)S(=O)(=O)C)CC1)C(=O)Cc4ccc(cc4)S(=O)(=O)C,1.38,1.3427282255383695,-0.037271774461630436
3199,train,Cc1ccc2c(c1)c(Sc3ccc(cc3)S(=O)(=O)C)c(C)n2CC(=O)O,-0.08,0.054056695686959255,0.13405669568695927
1294,train,N\C(=C(/C#N)\c1ccccc1C(F)(F)F)\Sc2ccc(N)cc2,3.4,3.201919013303299,-0.19808098669670082
3929,train,Nc1nccc2ccccc12,1.5,1.6114506562703457,0.11145065627034567
698,train,Cc1c(c2c(NS(=O)(=O)C)cccc2n1CC(=O)O)S(=O)(=O)c3ccc(Cl)cc3,-0.83,-0.6244903445174952,0.20550965548250477
110,train,Nc1c2CCN(c3ccccc3)c2nc4ccc(Br)cc14,3.12,3.2942649678215394,0.17426496782153933
2091,train,NC(=O)c1cnc(N[C@H]2CCCNC2)c3cc(sc13)c4ccc(Cl)cc4,2.78,2.84479199838988,0.06479199838988015
3741,train,Cc1cc(N)c2cc(NC(=O)CC(=O)Nc3ccc4nc(C)cc(N)c4c3)ccc2n1,1.35,1.3070750287071915,-0.04292497129280859
635,train,FC(F)Oc1ccc(cc1OCC2CC2)C(=O)Nc3c(Cl)cncc3Cl,3.95,4.251916266705241,0.3019162667052404
2951,train,CN1CCN(CC1)C(=O)c2cc(sc2NC(=O)N)c3ccccc3,2.17,2.4346023354190205,0.26460233541902056
1907,train,CCc1c(C)nc2sc(C(=O)N)c(N)c2c1C,2.62,2.605182457625041,-0.014817542374959025
457,train,NC(=O)Nc1sc(cc1C(=O)N)c2ccc(CNC3CCCC3)cc2,1.22,1.2452029796152924,0.025202979615292387
643,train,NS(=O)(=O)c1ccc(CCNc2ccc3nnc(c4ccccc4)n3n2)cc1,2.19,2.4628206671748845,0.2728206671748845
1150,train,CC1=CN(C2CCCN(Cc3cccc(Oc4ccc(C)cc4)c3)C2)C(=O)NC1=O,3.38,3.172431164444777,-0.20756883555522299
2069,train,COc1ccc2C(=NC(=O)N(CCN3CCC(CC3)NCc4cc5OCCOc5cn4)c2c1)C,0.29,0.5893695839865702,0.29936958398657026
825,train,Oc1cc(O)cc(\C=C\c2ccc(O)c(O)c2)c1,2.11,2.020475820995033,-0.08952417900496679
3622,train,CCN(C1CCN(CC[C@H](N2CCN(CC2)S(=O)(=O)C)c3cc(F)cc(F)c3)CC1)C(=O)Cc4ccc(cc4)S(=O)(=O)C,1.25,1.6651395131512121,0.4151395131512121
2643,train,Clc1cccc(Cl)c1\C(=C\n2cncn2)\OC3CCCCCC3,4.1,4.182707936504168,0.08270793650416852
1235,train,CN1CCN(CC1)C(=O)c2cc3cc(Cl)ccc3[nH]2,2.4,2.6482891011811835,0.24828910118118364
2124,train,CS(=O)(=O)c1ccc(s1)C(=O)NC[C@@H](O)CN2CCC(CC2)Oc3ccc(Cl)c(Cl)c3,2.86,2.9933367423834705,0.1333367423834706
1336,train,COc1cc2ncnc(Nc3ccncc3)c2cc1OC,2.22,2.3588950371017177,0.13889503710171747
3176,train,Cn1ncc2C(=O)NC(=Nc12)c3ccccc3,1.61,1.7342199408688952,0.1242199408688951
1197,train,NC(=O)c1cncc(c1)c2ccc(cc2)[C@@H]3CC[C@@H](CC(=O)O)CC3,0.22,0.21419436460239538,-0.005805635397604619
1967,train,Cn1c(CN2CCN(CC2)c3cccc(Cl)c3)nc4ccccc14,3.75,3.8964471398325973,0.14644713983259727
3727,train,NC1(CCN(CC1)c2ncnc3[nH]ccc23)C(=O)N[C@@H](CCN4CCCCC4)c5ccc(Cl)cc5,2.4,2.658946581032312,0.25894658103231194
2582,train,COc1ccc(cc1)c2nc3c(OCC4CCNCC4)c(Br)cnc3[nH]2,1.55,1.8187753399404045,0.2687753399404045
2884,train,CC(C)(C)OC(=O)N1CCN(CC1)c2ncc(OCc3ccncc3C#N)cn2,2.81,3.0837866456160024,0.2737866456160023
3264,train,CC1=C(Oc2c(cccc2C1=O)C(=O)OCCN3CCCCC3)c4ccccc4,3.42,3.3168389969674097,-0.10316100303259024
1716,train,Nc1c(nnc2c(cccc12)c3ncccn3)C(=O)NC4CC4,1.5,2.1916645509725856,0.6916645509725856
2403,train,CC(C)[N+](C)(CCOC(=O)C1c2ccccc2Oc3ccccc13)C(C)C,0.2,0.30015669099119413,0.10015669099119412
2198,train,CC1=CN([C@H]2CCCN(C2)[C@H](CC3CCOCC3)c4ccc(C(=O)O)c(Oc5cccc(Cl)c5)c4)C(=O)NC1=O,-0.25,0.13736264149930433,0.3873626414993043
1835,train,CCN(C)C(=O)c1ccc(cc1)C(=C2CCN(Cc3ccc(F)cc3)CC2)c4ccccc4NC(=O)C,2.79,2.9455133603549317,0.15551336035493168
3775,train,O=C(CSc1ccccc1)N2CCN(CC2)c3ccccc3,3.2,3.4139511084698597,0.21395110846985954
3092,train,CC(C)N1CCC[C@H](CN2C(=O)c3cc(ccc3N=C2C(C)C)c4ccc(F)cc4)C1,3.6,3.4505848669063144,-0.1494151330936857
868,train,CCCNCC(O)COc1ccccc1C(=O)CCc2ccccc2,1.72,1.903077573073197,0.18307757307319705
377,train,CCNC(=O)C[C@@H]1N=C(c2ccc(Cl)cc2)c3cc(OC)ccc3n4c(C)nnc14,2.46,2.116745617100316,-0.3432543828996839
978,train,COc1cc(ccc1Nc2ccccc2C(=O)O)c3ccc(Nc4ccccc4C(=O)O)c(OC)c3,1.8,1.697690333663262,-0.10230966633673799
3842,train,Cc1[nH]c2ccccc2c1CCNCc3ccc(\C=C\C(=O)NO)cc3,1.1,1.1807245830269313,0.0807245830269312
328,train,CC(C)C(NC(=O)CN1C(=O)C(=CN=C1c2ccccc2)NC(=O)OCC(F)(F)F)C(=O)C(F)(F)F,2.37,2.2177639962512163,-0.15223600374878377
227,train,Cc1cc(OC2CCN(CC3CCN(CC3)[C@@](C)(Cc4ccc(F)cc4)C(=O)O)CC2)ccc1Cl,2.08,2.0099664882261354,-0.07003351177386463
2778,train,Fc1ccc(cc1)C(=O)C2CCN(CC2)C(=O)NCc3ccccc3,3.15,3.180817200305979,0.03081720030597923
1222,train,COC[C@H](C)Oc1cc(Oc2ccccc2)cc(c1)C(=O)Nc3ccc(cn3)C(=O)O,0.95,0.9276589996787237,-0.022341000321276283
2713,train,COc1ccccc1CNC(=O)c2ccc3cnccc3n2,1.8,2.0227594117442633,0.22275941174426328
1412,train,COc1cc(OC2CCN(C)CC2)c3c(Nc4c(Cl)ccc5OCOc45)ncnc3c1,2.98,3.127604995274603,0.14760499527460302
3587,train,Fc1ccc(cc1Cl)S(=O)(=O)NCC(N2CCCCCC2)c3ccccc3,3.98,3.7000978123665353,-0.27990218763346464
1861,train,C[C@H](NC(=O)c1c(C)nn(C2CCSCC2)c1NS(=O)(=O)c3ccc(C)cc3)C(C)(C)C,1.29,1.371522696886598,0.08152269688659786
3703,train,OC(=O)[C@H](Cc1ccc(cc1)C#N)N2CCC(CN3CCC(CC3)Oc4ccc(Cl)c(Cl)c4)CC2,2.17,2.1307157640410304,-0.03928423595896957
359,train,CC(C)n1ncc2c(cc(nc12)C3CC3)C(=O)NCc4c(C)cc(C)nc4O,3.8,3.9064327882107697,0.10643278821076985
1625,train,O[C@@H](CNCCCOCCOCCc1ccccc1)c2ccc(O)c3NC(=O)Sc23,1.09,1.6951955122157707,0.6051955122157706
1671,train,COc1c(N2CCNC(C)C2)c(F)cc3C(=O)C(=CN(C4CC4)c13)C(=O)O,-0.82,-0.7107554722632399,0.10924452773676008
1973,train,Cc1ccc2c(c1)c(c(C)n2CC(=O)O)c3ccnc4c(cccc34)S(=O)(=O)C,-0.34,-0.15176782705793457,0.18823217294206546
3134,train,CCS(=O)(=O)c1ccc(Oc2c(C)n(CC(=O)O)c3ccc(cc23)C(F)(F)F)cc1,0.29,0.3938954016075358,0.1038954016075358
361,train,Clc1ccc(NS(=O)(=O)c2ccc(Cl)s2)c(c1)C(=O)Nc3ccc(cc3)S(=O)(=O)N4CCOCC4,3.02,3.0519435545887816,0.03194355458878162
962,train,NC1=NN(CC1)c2cccc(c2)C(F)(F)F,2.55,2.7083258327838964,0.15832583278389656
3478,train,O=C1C=C(Nc2cc(Cc3ccccc3)ccc12)c4cccnc4,3.46,3.6079992034648445,0.14799920346484452
1154,train,OC(=O)c1ccc2c(c1)nc(Nc3cccc(Cl)c3)c4ccncc24,1.29,1.4628136908988223,0.17281369089882226
410,train,CN(C)CCCN1c2ccccc2CCc3ccccc13,2.49,2.542652856732582,0.05265285673258191
3547,train,CN[C@@H](C)C(=O)N[C@@H](C1CCCCC1)C(=O)N[C@H]2CCCN(CCc3ccc(F)cc3)C2,2.39,2.627618208930616,0.2376182089306158
2487,train,Oc1cc(O)c2C(=O)c3ccccc3Oc2c1,3.39,3.143303741747758,-0.24669625825224228
1740,train,O=C(C1CCN(CC1)c2nnc(s2)n3cccc3)N4CCc5ccccc5C4,3.7,3.9508481366287547,0.2508481366287545
867,train,O[C@]1(CN2CCC1CC2)C#Cc3ccc(Oc4ccc(cc4)C(=O)NCc5ccnc6ccccc56)cc3,3.88,4.1103050086060335,0.23030500860603365
2049,train,O=C(N1CCN(CC1)c2ccccn2)c3cccc(CC4=NNC(=O)c5ccccc45)c3,2.36,2.203842870160552,-0.15615712983944796
3337,train,CC1(C)CNC(=O)c2sc(nc2C1)N3CCOCC3,1.29,1.187793418524992,-0.10220658147500794
3052,train,CCS(=O)(=O)c1ccc(c(Cl)c1)c2cc(Cl)ccc2OCC(=O)O,-0.43,-0.526356097680007,-0.09635609768000702
3679,train,COc1cc(OC)c(cc1NC(=O)CCC(=O)O)S(=O)(=O)N2C(C)CCc3ccccc23,-0.87,-0.7048272753055751,0.1651727246944249
660,train,Cc1c(Sc2ccc(Cl)cc2)c3ccc(cc3n1CC(=O)O)S(=O)(=O)C,0.79,0.9622701780867158,0.17227017808671574
2259,train,NC(=O)c1cccc(C[C@@H]2C[C@H]3CC[C@@H](C2)N3Cc4ccccc4)c1,1.11,1.1814347346334073,0.07143473463340722
3910,train,NC(=O)Cc1nc(cs1)c2ccccc2,1.3,1.3717426399925743,0.07174263999257424
3544,train,CN1CCC(CC1)NC(=O)c2ccc(Oc3ccc(cc3)C#C[C@]4(O)CN5CCC4CC5)cc2,1.0,1.2163249992968463,0.21632499929684634
1172,train,CCc1nc2cc(O)ccc2c(Oc3ccc(\C=C\C(=O)O)cc3)c1c4ccccc4,3.0,2.733773944245897,-0.2662260557541032
3503,train,O[C@@H](CNCCc1cccc(CNCCc2ccccc2F)c1)c3ccc(O)c4NC(=O)Sc34,1.06,1.1237249027610163,0.06372490276101628
4164,train,COc1cc(Nc2nc3c(cc2F)ncn3[C@@H](CO)c4ccc(F)cn4)n[nH]1,2.18,2.3866022108123888,0.2066022108123886
1471,train,CCCSc1nc(N[C@@H]2C[C@H]2c3ccccc3)c4nnn([C@@H]5C[C@@H]([C@@H](O)[C@H]5O)C(=O)N)c4n1,2.05,2.446737924043005,0.3967379240430051
1913,train,Cc1cc(CNc2ncc(Cl)c(Nc3cc(C)[nH]n3)n2)on1,2.68,2.64909555923643,-0.03090444076357013
1585,train,COC(=O)[C@@H]1C2CCC(C[C@@H]1c3ccc(I)cc3)N2CCCF,2.3,2.408270366462277,0.10827036646227706
3585,train,CN(C)C(=O)N1CCC(CC1)C(=O)NCc2cccs2,1.1,0.7482963366827777,-0.35170366331722236
495,train,CCCc1c(OCCCSc2ccc(CC(=O)O)cc2Cl)ccc3c(CC)noc13,3.92,3.807132741688612,-0.11286725831138789
16,train,COc1ccc(cc1)N2CCN(CC2)C(=O)[C@@H]3CCCC[C@H]3C(=O)NCC#N,1.6,1.7999634079783835,0.1999634079783834
3287,train,CNc1cccc(CCOc2ccc(C[C@H](NC(=O)c3c(Cl)cccc3Cl)C(=O)O)cc2)n1,-0.15,-0.1537074042311506,-0.003707404231150596
912,train,NC1CCN(CC1)c2nccc(C(=O)NCC34CC5CC(CC(C5)C3)C4)c2Cl,1.19,1.4394470134062,0.24944701340620012
1316,train,Nc1[nH]ncc1S(=O)(=O)c2ccccc2,1.1,1.4979254893152891,0.39792548931528904
3181,train,CCN1CCC[C@H]1CNC(=O)c2cc(Br)cc(OC)c2OC,1.2,1.18279979901238,-0.017200200987619985
1326,train,CCC1(CCC(=O)NC1=O)c2ccc(N)cc2,0.6,0.9179971202777253,0.3179971202777253
851,train,CC(=O)C1=CN(Cc2ccccc2)C(=O)N(Cc3ccc(F)cc3)C1=O,3.2,3.074367773703231,-0.1256322262967693
2222,train,C[C@H](O)C(=O)N1CCN(CC1)c2ccc(Nc3nccc(n3)c4cnc(C)n4C(C)C)cc2,2.15,2.0796100863400504,-0.07038991365994951
3301,train,Cc1nnc(NS(=O)(=O)c2ccc(N)cc2)s1,-1.33,-1.2587319355548146,0.07126806444518552
2118,train,CN(C)C(=O)N[C@@H]1CC[C@@H](CCN2CCN(CC2)c3cccc(Cl)c3Cl)CC1,3.6,3.8767552185402545,0.2767552185402544
2342,train,Fc1ccc(CC2=NNC(=O)c3ccccc23)cc1C(=O)N4CCN(CC4)c5ccccn5,2.55,2.3360666309563074,-0.21393336904369242
1595,train,Cc1ccc(cc1)S(=O)(=O)NC(=O)N2CCC(CC2)N3CCC(CC3)Oc4ccc(F)c(F)c4,0.75,0.7386359033245538,-0.011364096675446245
2412,train,Nc1n[nH]c2nnc(c3ccccc3)c(c4ccccc4)c12,2.6,2.787994764112372,0.18799476411237181
78,train,CC(=O)Nc1ccc2c(c1)c(cn2CCCO)c3cc(NC4CC4)n5ncc(C#N)c5n3,2.48,2.725378328351314,0.24537832835131423
2357,train,C[C@H](Cc1cccc(CC(=O)NC23CC4CC(CC(C4)C2)C3)c1)NC[C@H](O)c5ccc(O)c(CO)c5,2.4,2.4152293750116267,0.0152293750116268
3394,train,CC(C)CC1(CC=C)C(=O)NC(=O)NC1=O,1.48,1.482586012169418,0.002586012169418117
712,train,CC1CC(CN)CC(CO)C1,-1.4,-1.200459593043207,0.19954040695679298
3292,train,COc1nc(Cl)cnc1NS(=O)(=O)c2cccc3c(cccc23)N(C)C,1.74,1.9259640559115319,0.18596405591153187
4189,train,CCC(N1NC(=O)c2nc3cc(Cl)ccc3c(O)c2C1=O)c4ccccn4,0.8,0.9411582427899756,0.14115824278997557
169,train,COc1cc2c(Nc3ccc(Cl)cc3F)ncnc2cc1OCCn4cncn4,3.2,3.2545290861234424,0.054529086123442205
2756,train,Cc1onc(CO)c1C(=O)Nc2nccs2,1.53,1.0542840488818301,-0.4757159511181699
3916,train,CN1CCN(CC1)C2=Nc3ccccc3Nc4sc(C)cc24,2.19,2.3169787307685716,0.1269787307685717
655,train,Cc1cc(OC2CCN(CC3CCN(CC3)[C@@H](Cc4ccc(F)cc4)C(=O)O)CC2)ccc1Cl,2.54,2.308431388835892,-0.23156861116410798
1897,train,c1ccc2[nH]ncc2c1,1.9,1.9285533401032566,0.02855334010325672
343,train,OC(=O)C[C@H]1[C@@H](Cc2ccccc12)NC(=O)c3cc4sc(Cl)c(Cl)c4[nH]3,2.53,2.4717416665604524,-0.05825833343954745
2056,train,COc1cc2ncnc(Nc3cccc(Cl)c3F)c2cc1CN4CCC[C@@H]4C(=O)N,3.58,3.1504948401623882,-0.42950515983761184
301,train,NC12CC3CC(CC(C3)C1)C2,-0.98,-0.650240895825748,0.329759104174252
2594,train,Oc1ccc(CCNCCS(=O)(=O)CCCOCCNc2ccccc2)c3sc(O)nc13,1.98,1.861239036728008,-0.11876096327199193
2427,train,CCOc1ccccc1c2ccc(cc2)c3nc4ccc(F)cc4c(C(=O)NCCOCCN)c3C,2.46,2.6273321093677136,0.1673321093677136
3013,train,COc1cc2nnc(C(=O)N)c(Nc3cc(C)ccc3F)c2cc1N4CCN(C)CC4,2.57,2.743756555934243,0.1737565559342431
3149,train,CN1CC=CCC(C1)c2ccc(Cl)c(Cl)c2,3.32,3.4752004192409913,0.15520041924099148
592,train,O=C(Nc1ccccc1)c2oc3ccccc3c2,3.44,3.4590638833179064,0.019063883317906427
615,train,CC(C)N1CCC[C@H](CN2C(=Nc3ccc(cc3C2=O)c4ccc(Cl)cc4)C)C1,3.3,3.0982903823404464,-0.20170961765955342
3355,train,C[C@H](COc1cn2ncnc(Oc3ccc4[nH]c(C)cc4c3F)c2c1C)OC(=O)[C@H](C)N,3.19,3.2804999420483645,0.09049994204836453
3152,train,CC[C@H](CO)Nc1nc(SCc2ccccc2)nc3nc(N)sc13,3.27,3.064847100379146,-0.2051528996208538
3487,train,CS(=O)(=O)c1ccc(cc1)c2cc(ccc2OCC(=O)O)C(F)(F)F,-0.87,-0.8357349247891528,0.03426507521084721
3102,train,C[C@H](NC(=O)C)c1ccc(Nc2ncc3cc(ccc3n2)c4ccncc4)cc1,3.17,3.161819741056011,-0.008180258943988772
158,train,CC(C)CN1C(=O)N(C)C(=O)c2c1sc(Cn3c(C)nc(Cl)c3Cl)c2C(=O)N4CC[C@@H](O)C4,1.61,1.4964697580543658,-0.11353024194563432
3103,train,OC(=O)COc1ccc(cc1c2ccccc2)c3nccs3,-0.16,-0.3766449755846377,-0.21664497558463772
3329,train,CSc1nc(N)nc(n1)c2ccccc2,2.98,2.9773048276551086,-0.002695172344891361
4194,train,CC1CC(N(C(=O)C)c2ccccc2)c3ccccc3N1S(=O)(=O)c4ccccc4,3.68,3.9679218528738858,0.2879218528738856
578,train,COc1cc(ccc1Cn2ccc3ccc(NC(=O)OC4CCCC4)cc23)c5nn[nH]n5,2.7,2.8634749433364304,0.1634749433364302
219,train,C(CN1CCCCC1)C2CCc3cc(OCc4ccc(cc4)c5ccccc5)ccc3C2,3.3,3.364988461641561,0.06498846164156102
3413,train,CC(C(=O)O)c1cccc(Oc2ccccc2)c1,0.71,0.6215985515281224,-0.08840144847187759
2013,train,CN1C(=O)N(CC2CC2)c3nn(Cc4ccnc5ccc(Cl)cc45)c(c6cc(cn6C)S(=O)(=O)C)c3C1=O,3.18,3.172069653751193,-0.007930346248806952
1933,train,O=C1NC(=NC(=C1C#N)c2ccccc2)SCc3ccccc3,1.56,1.6560796936593083,0.09607969365930824
1730,train,CCOC(=O)c1ccc(OCCC2CCN(CC2)c3ccc(C)nn3)cn1,2.63,3.2485115237223234,0.6185115237223235
3594,train,CC(C)N1CCN(Cc2cnc(c(C)c2)c3ccc(cc3)C(=O)Nc4ccccc4N)CC1,1.44,1.7331136458443899,0.2931136458443899
2353,train,COc1ccc(CC(C)(C)NC[C@H](O)c2cc(O)cc3NC(=O)COc23)cc1,0.79,0.9599219492254727,0.16992194922547266
1148,train,O=C(N[C@H]1CN2CCC1CC2)c3ccc(s3)c4ccccc4,1.9,1.9999203229578573,0.09992032295785735
1886,train,Cc1cnc(NS(=O)(=O)c2ccccc2)c(C)n1,-0.03,0.020810292449385148,0.05081029244938515
4031,train,NC(=O)Nc1cc(sc1C(=O)N)c2ccsc2,2.3,2.1014820617189813,-0.1985179382810185
554,train,OC(=O)c1ccc(cc1)c2ccc(Cl)c(c2)C(=O)NCC34CC5CC(CC(C5)C3)C4,2.48,2.5179808364275678,0.03798083642756778
916,train,CCN(CC)C(=O)c1ccc(C2=CC3(CCNCC3)Oc4ccccc24)c(O)c1,0.77,0.9651653003252123,0.1951653003252123
1481,train,Cc1c(Sc2ccc(Cl)cc2)c3c(cccc3n1CC(=O)O)c4ccccc4,2.61,2.562550622213852,-0.047449377786147995
1290,train,Oc1ccc(cc1)c2oc3ccc(O)cc3n2,3.4,3.093704836098752,-0.3062951639012481
3028,train,CC(C)C(=O)Nc1ccc2C(=O)NC(=O)c2c1,1.55,1.7491906771073107,0.19919067710731064
333,train,O=C1CCOc2nc(\C=C\c3ccccc3)ccc12,3.2,3.095244871653419,-0.1047551283465813
1791,train,COc1cc(F)ccc1c2cncc(CNC(=O)C3CC3)c2,2.9,2.9998711204721364,0.09987112047213653
2133,train,NC(=N)NC(=O)c1nc(Cl)c(NCc2ccncc2)nc1N,-0.51,-0.5794464013055065,-0.0694464013055065
1289,train,CN1CCC[C@H]1c2ccccn2,0.44,0.48508387118705953,0.04508387118705953
2033,train,Clc1ccc(cc1C(=O)NCCc2ccccc2)N3N=CC(=O)NC3=O,0.74,1.0835878887973183,0.3435878887973183
43,train,CCS(=O)(=O)c1ccc(c(C)c1)c2cc(ccc2O[C@H](C)C(=O)O)C(F)(F)F,-0.4,-0.09079557808236549,0.30920442191763453
2990,train,Clc1ccc(cc1)S(=O)(=O)NC(=O)N2CCC(CC2)N3CCC(CC3)Oc4ccc(Cl)c(Cl)c4,2.59,2.57031261831579,-0.019687381684209804
2705,train,CC(=O)Nc1ccc(Nc2ncc3cc(ccc3n2)c4ccncc4)cc1,3.04,3.072028510307189,0.032028510307188895
41,train,CC(C)N(CCC(C(=O)N)(c1ccccc1)c2ccccn2)C(C)C,-0.54,-0.26782215897637274,0.2721778410236273
3848,train,NCC[C@@H](Sc1cc(Cl)ccc1C#N)c2ccccc2,1.26,1.361330987413083,0.101330987413083
535,train,CN(C)CCOc1cc(NS(=O)(=O)c2c(Cl)cc(cc2Cl)C(F)(F)F)ccc1Cl,2.99,2.794210868186407,-0.19578913181359336
1655,train,COc1ccc(cc1CNCCO)c2ccc3c(nc(nc3n2)N4C[C@@H](C)O[C@@H](C)C4)N5CCOCC5,1.31,1.4418968267723402,0.13189682677234016
1962,train,Clc1c(NCC2CCNCC2)nccc1C(=O)NCC34CC5CC(CC(C5)C3)C4,0.6,1.011736264706899,0.41173626470689906
1587,train,CC(C)N1CCN(Cc2cnc(c3ccc(cc3)C(=O)Nc4ccccc4N)c(c2)C#N)CC1,1.28,1.4911068915193273,0.21110689151932727
2920,train,COc1ccc(CC(=O)Nc2nc3ccccc3[nH]2)cc1,2.9,3.1097029134261938,0.20970291342619385
3426,train,COc1c(N2C[C@@H]3CCCN[C@@H]3C2)c(F)cc4C(=O)C(=CN(C5CC5)c14)C(=O)O,-0.18,0.14581837662222963,0.3258183766222296
2103,train,CCc1[nH]c2nc(Sc3cnc4ccc[n+]([O-])c4c3)nc(N5CC[C@@H](N)C5)c2c1Cl,2.0,1.9782602651475054,-0.021739734852494585
235,train,CC1=CN([C@H]2CCCN(C2)S(=O)(=O)c3ccc(O)c(Oc4cccc(c4)C(F)(F)F)c3)C(=O)NC1=O,2.27,2.1392563095726707,-0.13074369042732936
1001,train,C[C@H](N)C(=O)N[C@@H](CCc1ccccc1)\C=C\S(=O)(=O)c2ccccc2,1.66,1.9104942903116933,0.25049429031169335
2870,train,CCCS(=O)(=O)c1ccc(Nc2nccc(n2)c3cnc(C)n3C(C)C)cc1,3.37,3.772073579229131,0.402073579229131
2751,train,c1ccc2ccccc2c1,3.29,3.3031350665014507,0.013135066501450687
3006,train,CC(C)n1c(C)ncc1c2ccnc(Nc3ccc(cc3)C(=O)N(C)C)n2,2.45,2.1332893586686534,-0.31671064133134674
287,train,O[C@@H](CNCCSCCCNCCc1ccccc1)c2ccc(O)c3NC(=O)Sc23,0.12,0.4783340327250174,0.3583340327250174
2478,train,OCCNS(=O)(=O)c1ccc2C(=CNC(=O)c2c1)C(=O)NC[C@@H](O)CN3CCC(CC3)Oc4ccc(Cl)c(Cl)c4,2.06,2.369136978486106,0.309136978486106
446,train,CNC(=O)[C@H]1CCCN1Cc2cc3c(Nc4cccc(Cl)c4F)ncnc3cc2OC,3.65,3.116972965776303,-0.5330270342236969
3001,train,Fc1ccc(cc1)c2ncn(C3CCNCC3)c2c4ccncc4,0.3,0.2575730449554594,-0.04242695504454058
1672,train,OC(=O)[C@H](Cc1ccc(F)cc1)N2CCC(CN3CCC(CC3)Oc4ccc(Cl)cc4)CC2,1.9,1.8257674628692864,-0.07423253713071354
2768,train,CN[C@@H](C)C(=O)N[C@H](C(=O)N[C@H]1CCCN(CCc2ccc(Br)cc2)C1)C(C)(C)C,2.92,3.1670756004257488,0.24707560042574883
2281,train,Nc1nc(NCc2ccccc2)nc3c1nc(O)n3Cc4ccccc4,3.69,3.700852791299016,0.010852791299015951
1037,train,CC(C)CN1C(=O)N(C)C(=O)c2c1sc(Oc3cccc4ccccc34)c2C(=O)N5CC[C@@H](O)C5,2.87,3.0414960401484867,0.17149604014848663
509,train,CC1(C)[C@@H]2CC[C@@]1(CS(=O)(=O)NC3CCN(CC3)c4ccc(cn4)C(F)(F)F)C(=O)C2,3.84,3.8409121562928066,0.0009121562928067206
2311,train,CCS(=O)(=O)c1ccc(c(C)c1)c2cc(ccc2OCC(=O)O)C(F)(F)F,-0.45,-0.2611264025140909,0.1888735974859091
662,train,CN1CCN(CC1)c2ccc3ncc(C(=O)N)c(Nc4ccc(F)cc4F)c3c2,2.3,2.197613010604626,-0.10238698939537372
688,train,C[C@]12CC[C@H]3[C@@H](CCc4cc(O)ccc34)[C@@H]1CC[C@@H]2O,3.72,3.7885912920275304,0.06859129202753023
3742,train,COc1cc2OC[C@H]3Oc4c5C[C@@H](Oc5ccc4C(=O)[C@H]3c2cc1OC)C(=C)C,3.57,3.5439105877063057,-0.026089412293694103
933,train,Cc1ccc(cc1)S(=O)(=O)c2ccccc2,2.74,3.171764104912976,0.4317641049129759
604,train,CC(C)Oc1cc(OCCCN2CCCC2)cc3ncnc(Nc4c(Cl)ccc5OCOc45)c13,3.1,2.93597786509241,-0.1640221349075901
2392,train,CCc1nc(N)nc(N)c1c2ccc(Cl)cc2,2.31,2.6521773655970935,0.34217736559709344
4113,train,Nc1n[nH]c2ncc3CCCCCCc3c12,2.54,2.9432580397419397,0.40325803974193963
497,train,CCOc1ccc(Oc2ccc(cc2)S(=O)(=O)NC(=O)c3cccc(c3)c4ccc(Cl)c(Cl)c4)cc1,2.94,3.12131384158058,0.18131384158058017
3168,train,CCN[C@H]1C[C@H](C)S(=O)(=O)c2sc(cc12)S(=O)(=O)N,0.27,0.5909171389636638,0.3209171389636638
721,train,c1ccc2ncncc2c1,1.0,1.075532852127161,0.07553285212716099
2105,train,NC(=O)c1ccccc1O,1.09,0.639494632299018,-0.45050536770098204
1068,train,CN1CCN(CC1)C(=O)c2ccc(cc2)C(=C3CCN(Cc4cscn4)CC3)c5cccc6cccnc56,1.98,2.090527130869172,0.11052713086917221
2742,train,Nc1ccccc1NC(=O)c2ccccn2,1.0,1.0783767844514462,0.07837678445144625
1590,train,COc1cc2c(Nc3ccc(F)c(Cl)c3)c(cnc2cc1OCCCN4CCN(C)CC4)C(=O)N,1.2,1.2398187839493326,0.03981878394933269
3917,train,Cc1cc(F)ccc1OC2CCN(CC3CCN(CC3)[C@@](C)(Cc4ccc(F)cc4)C(=O)O)CC2,2.0,1.7887478279185003,-0.2112521720814997
2943,train,Brc1ccc(s1)S(=O)(=O)NCC(N2CCCCCC2)c3ccccc3,3.52,3.4271964264699384,-0.09280357353006163
3161,train,OC(=O)C1=CN(C2CC2)c3cc(N4CCNCC4)c(F)cc3C1=O,-0.96,-0.7230760459091314,0.23692395409086853
213,train,CN[C@@H](C)C(=O)N[C@@H](C1CCCCC1)C(=O)N[C@H]2CCN(C2)C(=O)c3ccccc3,0.82,0.8471294559931024,0.027129455993102458
1347,train,CCC(=O)N[C@H]1CC[C@H](C1)C(=O)N(C)c2ccc(cc2)c3oc4ccccc4n3,3.4,3.2963946996195803,-0.1036053003804196
1834,train,CC[C@H](NC(=O)c1c([S+](C)[O-])c(nc2ccccc12)c3cccs3)c4ccccc4,3.56,3.53559063599989,-0.024409364000109957
452,train,Fc1ccc(cc1C#N)S(=O)(=O)NCC(N2CCCCCC2)c3ccccc3,2.71,2.94875321919083,0.23875321919082992
2577,train,Cc1oncc1C(=O)Nc2ccc(cc2)C(F)(F)F,3.9,3.9080989186953587,0.008098918695358837
4116,train,CC1(C)NC(=O)N(C1=O)c2ccc(c(c2)C(F)(F)F)[N+](=O)[O-],1.74,1.9939441896822232,0.2539441896822232
2166,train,CNC(=O)c1nc(cnc1N)c2ccc(Cl)c(c2)S(=O)(=O)Nc3cccc(F)c3F,2.8,2.964348212094926,0.164348212094926
3187,train,COc1cccc(\C=C\2/SC(=O)NC2=O)c1N3CCC[C@@H](N)C3,1.27,1.3337574822813645,0.06375748228136446
3583,train,O=C(NCc1ccccc1)c2cccnc2Oc3ccccc3,3.0,2.96588390952127,-0.03411609047872988
3566,train,Cc1onc(C)c1CCC2CCN(CC2)S(=O)(=O)CC3(CCC(F)(F)CC3)N(O)C=O,2.1,2.058352100723103,-0.04164789927689716
3387,train,CN[C@@H](C)C(=O)N[C@@H](C1CCCCC1)C(=O)N[C@H]2CCCCN(Cc3ccccc3)C2,2.12,2.2255653608676855,0.10556536086768542
4151,train,Cc1cc(n[nH]1)c2ccc(Cl)c(c2)C(=O)NCC3(O)CCCCCC3,3.41,3.3514676724929715,-0.058532327507028636
302,train,CNC(=O)c1cc(c2nc(cc(n2)C3(CC3)S(=O)(=O)C)N4CCOCC4)c5cc[nH]c5c1,1.7,2.1016239185151435,0.40162391851514356
2630,train,CNc1nc(C)c(s1)c2nc(Nc3cccc(c3)N4CCNCC4)ncc2C#N,1.9,2.221433618999647,0.32143361899964695
3788,train,CCN1C2=NC(=O)N(C)C(=O)C2=Cc3ccccc13,1.1,1.2450220073620843,0.14502200736208426
2411,train,OC[C@H](O)CN1C(=O)[C@@H](Cc2ccccc12)NC(=O)c3cc4cc(Cl)sc4[nH]3,3.27,3.3376327305516575,0.06763273055165753
1661,train,Clc1ccc(NC(=O)N2CCN(C[C@@H]3CCCN(Cc4ccccc4)C3)CC2)cc1Cl,4.26,4.107710229451767,-0.1522897705482329
1384,train,CN1CCN(CC1)c2ccc(Nc3ncc(F)c(N[C@@H]4[C@@H]5C[C@@H](C=C5)[C@@H]4C(=O)N)n3)cc2C,2.9,3.236696197421785,0.336696197421785
1729,train,COc1cc(OC)c(cc1NC(=O)CCc2nn[nH]n2)S(=O)(=O)N3C(C)CCc4ccccc34,-0.34,-0.11179775873253339,0.22820224126746663
574,train,CN[C@H]1CC[C@@H](c2ccc(Cl)c(Cl)c2)c3ccccc13,3.15,3.09224223613465,-0.0577577638653497
1351,train,O=C1NCCc2[nH]c(cc12)c3ccncc3,1.49,1.4028065308708446,-0.08719346912915538
1264,train,Nc1nc2ccc(cc2s1)c3cccc(O)c3,3.1,3.1256865303258925,0.02568653032589241
902,train,NC(Cc1cc(I)c(Oc2ccc(O)c(I)c2)c(I)c1)C(=O)O,0.97,0.720771924703248,-0.24922807529675195
347,train,Cn1c(nc2ccccc12)c3ccc(O)nc3,1.2,1.0412924390865086,-0.15870756091349136
566,train,CN(C1CCN(Cc2ccc(cn2)C(F)(F)F)CC1)C(=O)Cc3ccc(cc3)n4cnnn4,1.9,2.1479373381598372,0.24793733815983732
1511,train,CC1=CC2=NNC(=O)N2c3cc(ccc13)c4ccc[nH]4,3.29,3.3995629828652234,0.10956298286522337
3980,train,CCCOc1cc(OCCCN2CCCC2)ccc1C(=O)Nc3cccc(O)c3,2.46,2.7043954162211143,0.24439541622111438
1698,train,Cc1nc(N)c2nc(O)n(Cc3ccccc3)c2n1,2.04,1.8590114801362831,-0.1809885198637169
3066,train,COc1ccc(OC)c(CNc2[nH]nc3cccc(Oc4ccc(cc4)S(=O)(=O)C)c23)c1,3.71,4.048613787163065,0.338613787163065
2015,train,C1CN=C(N1)c2ccc3ccccc3n2,0.6,0.7707144824175749,0.17071448241757492
3097,train,OC(=O)c1[nH]c2cc(Cl)cc(Cl)c2c1\C=C\3/CCN(C3=O)c4ccccc4,1.85,1.7172404343105119,-0.1327595656894882
12,train,O=C1CCCCCN1,-0.08,0.15909261547779519,0.2390926154777952
74,train,Clc1ccc(CN2CC3CNCC(C2)O3)cc1C(=O)NCC45CC6CC(CC(C6)C4)C5,1.55,1.8389967659456394,0.2889967659456394
3317,train,C[C@H](CO)Nc1nc(SCc2cccc(F)c2F)nc3[nH]c(N)nc13,3.22,3.371850368418614,0.15185036841861388
1664,train,NS(=O)(=O)NC(=O)CCCc1c([nH]c2ccc(cc12)C#N)c3ccc(F)cc3,1.95,2.288948637630857,0.33894863763085703
3656,train,CN1C(=O)C=C(CCc2ccc3cc[nH]c3c2)N=C1N,2.1,2.0950178167048703,-0.004982183295129783
2158,train,CCn1cc(NC(=O)Cc2ccc(Oc3ccnc4ccc(F)cc34)cc2OC)cn1,3.88,4.109011523344391,0.2290115233443908
3940,train,CCN1CCN(CC1)C(=O)c2cc3ccccc3[nH]2,1.95,2.1511425642712902,0.2011425642712903
3981,train,CC(=O)N1CCOc2cc(COc3ccccc3)cnc12,2.8,2.801218246866558,0.001218246866558026
1015,train,FC(F)(F)c1cccc2c3CN(CCc3[nH]c12)C(=O)[C@@H]4CCCC[C@H]4C(=O)NC5(CC5)C#N,3.75,3.96159874163455,0.21159874163455017
3412,train,Cc1nccn1CCC(C(=O)N)(c2ccccc2)c3ccccc3,1.79,2.0332902272861273,0.24329022728612726
1549,train,NC(=O)c1cccc(S[C@H]2C[C@H]3CC[C@@H](C2)N3Cc4ccccc4)c1,2.22,1.8201673007149797,-0.3998326992850205
3689,train,FC(F)(F)c1cc(NC(=O)c2cnc(Cl)nc2C(F)(F)F)cc(c1)C(F)(F)F,1.8,2.1208538246222024,0.32085382462220235
2588,train,Cc1onc(NS(=O)(=O)c2ccc(N)cc2)c1,-0.56,-0.5668849169334109,-0.006884916933410867
1087,train,CC(O)(C(=O)Nc1ccc(cc1)S(=O)(=O)c2ccc(F)cc2)C(F)(F)F,3.12,3.423659984261024,0.3036599842610239
1620,train,Nc1nc(OC2CCCC2)nc3c1ncn3[C@@H]4O[C@H](CF)[C@@H](O)[C@H]4O,1.5,1.3604930056253557,-0.1395069943746443
2833,train,Cc1nccn1CC2CCc3c(C2=O)c4ccccc4n3C,1.67,1.472146740172937,-0.19785325982706303
796,train,Fc1ccc2[nH]c3CCN(Cc3c2c1)C(=O)[C@@H]4CCCC[C@H]4C(=O)NC5(CC5)C#N,3.0,3.3720446442653462,0.3720446442653462
3991,train,Nc1ncnc2sc(nc12)c3c(ncn3Cc4ccccc4N5CCOCC5)c6ccccc6,3.58,3.4814769679029935,-0.09852303209700652
1575,train,[O-][N+](=O)c1ccc2[nH]ncc2c1,2.2,2.5168962320446773,0.3168962320446771
2819,train,Fc1cc(c(F)cc1Oc2ccc(Cl)cc2c3ccnn3C4CNC4)S(=O)(=O)Nc5ncns5,1.0,1.2618688394959225,0.26186883949592255
1880,train,CC(=O)Nc1ccc(cc1)S(=O)(=O)Nc2ccccn2,0.24,0.5263698384371056,0.2863698384371056
3462,train,CS(=O)(=O)c1ccc(cc1Cl)[C@@H](CC2CCCC2)C(=O)Nc3cnc(cn3)[C@H](O)CO,2.58,2.754355724110496,0.17435572411049582
1468,train,ON(C=O)C1(CS(=O)(=O)N2CCN(CC2)c3ccc(F)cc3)CCC1,1.34,1.5324967569427095,0.1924967569427094
3773,train,COc1ccc2N=NC(=O)N(CCN3CCC(CC3)NCc4ccc5OCC(=O)Nc5n4)c2c1,-0.65,-0.6166721696537745,0.03332783034622555
3047,train,CCN1CCC[C@@H](CN2CCN(CC2)C(=O)Nc3ccc(Cl)c(Cl)c3)C1,1.94,2.060152532430358,0.12015253243035806
2407,train,OCC(O)CN1CCN(CC1)c2ccccc2,0.4,0.4238746158007769,0.023874615800776877
4111,train,NNCCc1ccccc1,-0.01,0.2240251417994361,0.23402514179943612
1841,train,Cn1c(ccc1c2ccc3NC(=S)OC(C)(C)c3c2)C#N,3.4,3.663050051883788,0.26305005188378816
3993,train,CN1CCN(CCOc2n[nH]c3ncnc(Nc4ccc(OCc5ccccn5)c(Cl)c4)c23)CC1,2.45,2.7407351941615468,0.2907351941615466
3003,train,Cc1cc(nc(n1)n2ccnc2)N3CCC[C@@H]3C(=O)NCCc4ccc5OCOc5c4,2.5,2.798662510867198,0.2986625108671981
2864,train,CC(C)(C)C(O)\C(=C/c1ccc(Cl)cc1Cl)\n2cncn2,3.8,3.963553357652619,0.16355335765261936
3347,train,COc1cc2CC[C@H](NC(=O)C)c3cc(O)ccc3c2c(OC)c1OC,1.81,1.8328567598726038,0.022856759872603716
3496,train,NC1(CCN(CC1)c2ncnc3[nH]ccc23)C(=O)NC(Cc4ccccc4)c5ccc(Cl)cc5,4.1,4.251813742272541,0.15181374227254096
1931,train,CN(C)C(=O)CN1C(=O)C(Cc2ccccc12)NC(=O)c3cc4cc(Cl)sc4[nH]3,3.07,3.3314909530762233,0.2614909530762235
1396,train,Cc1ccc(cc1)c2ccc(F)cc2COc3ccc(CCC(=O)O)cc3,3.24,2.976566550516672,-0.26343344948332836
3765,train,COc1ccc2nccc(C(O)C3CC4(CCN3CC4)C=C)c2c1,2.08,2.2170172597625495,0.13701725976254941
3491,train,CCc1cc2C(=NCc3nnc(C)n3c2s1)c4ccccc4Cl,2.52,2.3817161045800486,-0.13828389541995145
834,train,CC(=O)NCC(NC(=O)C1(N)CCN(CC1)c2ncnc3[nH]ccc23)c4ccc(Cl)cc4,2.4,2.7937778506776323,0.3937778506776324
384,train,Cc1ccc(cc1)S(=O)(=O)Nc2c(cnn2c3ccccc3)C(=O)NCc4ccccc4,1.9,1.9133408255129722,0.013340825512972332
1958,train,Nc1scc2C(=NN(C(=O)c12)c3ccc(F)cc3)C(=O)NC4CC4,2.8,2.9731841118632243,0.17318411186322447
4102,train,O=C(CSc1ccccc1)N2CCN(CC2)C(=O)c3occc3,1.6,1.793811218994974,0.1938112189949739
2256,train,CC(C)(C)OC(=O)N1CCN(CC1)c2ncc(OCc3ccncc3F)cn2,3.6,3.826040763192988,0.22604076319298771
1311,train,CN1C(=O)N(CC2CC2)c3nn(Cc4ccnc5ccc(Cl)cc45)c(c6oc(cc6Cl)S(=O)(=O)C)c3C1=O,3.97,3.8922580985196253,-0.07774190148037485
2078,train,CNS(=O)(=O)c1ccc2C(=CNC(=O)c2c1)C(=O)NC[C@@H](O)CN3CCC(CC3)Oc4ccc(Cl)c(Cl)c4,2.77,2.954129895434363,0.1841298954343631
467,train,COc1cc(N2CC[C@H](C2)N(C)C)c3NC(=CC(=O)c3c1)C(=O)Nc4ccc(cc4)N5CCOCC5,2.7,2.8642269578812236,0.16422695788122343
3990,train,Clc1ccc(CNc2nc(nc3ncccc23)N4CCN(CC4)C(=O)[C@H]5CCCCN5)c(Cl)c1,2.27,2.437394897073747,0.1673948970737471
2607,train,CCCc1c(O)c(ccc1OCc2ccc(cc2)c3nn[nH]n3)C(=O)C,3.1,2.8945863367198377,-0.20541366328016242
1940,train,CN(C)c1cccc2c(cccc12)S(=O)(=O)N,1.95,2.0928624899497237,0.14286248994972373
4086,train,Nc1ccc(cc1)S(=O)(=O)Nc2ccccn2,-0.01,0.2312006952542427,0.2412006952542427
195,train,Nc1nc(N)nc(n1)c2cccc(c2)C(F)(F)F,2.4,2.4622282234502393,0.06222822345023937
2095,train,CC(C)CN1C(=O)N(C)C(=O)c2cn(Cc3cccc4ccccc34)cc12,4.41,4.379629896908867,-0.030370103091133416
3078,train,CN(Cc1oc2ccccc2c1C)C(=O)\C=C\c3cnc4NC(=O)CCc4c3,2.36,2.659218437073887,0.29921843707388707
2694,train,Cc1ccc(CCOCCNS(=O)(=O)CCCNCCc2ccc(O)c3nc(O)sc23)cc1,2.07,2.2221685702397025,0.15216857023970265
3517,train,NCC[C@@H](Oc1ccc(Cl)cc1C#N)c2ccccc2,0.91,0.9352696674043277,0.025269667404327678
3469,train,CCOc1ccccc1c2ccc3c(c2)C(=O)C(=O)c4ccccc34,2.67,2.8971441694812206,0.22714416948122063
2970,train,Cc1ccc2c(c1)c(Sc3ccccc3Cl)c(C)n2CC(=O)O,1.71,1.5521528163742486,-0.15784718362575134
13,train,CCCSc1ncccc1C(=O)N2CCCC2c3ccncc3,1.95,2.1618501495045495,0.2118501495045495
2144,train,CC1(C)CC(=O)c2c(N)c3ccccc3nc2C1,3.0,3.195536542008077,0.1955365420080768
2200,train,O=C1N(Cc2ccccc12)C3CCN(CCC(c4ccccc4)c5ccccc5)CC3,4.1,4.169794051507967,0.06979405150796758
2983,train,CC1=C(C(=O)N(C[C@H](N)c2ccccc2)C(=O)N1Cc3c(F)cccc3F)c4ccccc4F,2.76,2.7166917324994664,-0.043308267500533404
3671,train,CC(C)n1c2ccccc2c3cc(NC(=O)N4CCOCC4)ccc13,3.55,3.6905850199755705,0.1405850199755707
2367,train,O=C(COCc1ccccc1)Nc2ccc3c(c2)C(=O)C(=O)c4ccccc34,3.21,3.0617710058874414,-0.14822899411255852
2779,train,CN(C)S(=O)(=O)c1ccc2OCC(=O)N(CCN3CCC(CC3)NCc4ccc5OCC(=O)Nc5n4)c2c1,0.15,0.23493770359595723,0.08493770359595723
3217,train,COc1cc2c(Nc3ccc(Cl)cc3F)ncnc2cc1OCCCN4CCOCC4,3.4,3.2776221000210217,-0.12237789997897819
379,train,O=C(N1CCN(CC1)c2ncccn2)c3cccc(CC4=NNC(=O)c5ccccc45)c3,2.13,2.3947613625622983,0.26476136256229843
2720,train,Nc1nccc(n1)c2cccs2,1.75,1.9223640601226855,0.17236406012268546
4186,train,O[C@@H](CNCCOCCCNCCc1cccc(Cl)c1)c2ccc(O)c3NC(=O)Sc23,0.83,0.6001518573291238,-0.22984814267087617
2498,train,CCSc1ccc(cc1)c2cc(ccc2OCC(=O)O)C(F)(F)F,1.54,1.4995384054257825,-0.040461594574217497
4002,train,Cc1onc(c2ccccc2)c1c3ccc(cc3)S(=O)(=O)N,2.37,2.615481282717065,0.2454812827170647
1298,train,CNC1=Nc2ncccc2C(=NC1c3ccns3)c4occc4,1.44,1.7041421788605828,0.2641421788605829
155,train,COC(=O)C1=Nc2c(N[C@H](C)CO)nc(SCc3cccc(F)c3F)nc2NC1=O,2.49,2.55206912576836,0.06206912576835988
35,train,CN(C)c1ccnc2sc(C(=O)NCc3ccccc3)c(N)c12,3.62,3.45832162956184,-0.1616783704381599
3946,train,C[C@H]1CN(Cc2cc(Cl)ccc2OCC(=O)O)CCN1C(=O)Cc3cccc(Cl)c3,0.78,0.973903302997688,0.193903302997688
1374,train,CC(C)C(NC(=O)CN1C(=O)C(=CC=C1c2ccccc2)NC(=O)OCc3ccccn3)C(=O)C(F)(F)F,1.91,2.091890243090399,0.18189024309039925
1041,train,Oc1ccc(CC(=O)c2ccc(O)cc2O)cc1,2.54,2.2531345640221505,-0.2868654359778495
3527,train,COc1cc2ncnc(Nc3ccc(F)c(Cl)c3)c2cc1OCCN(C)C,3.26,3.0909071048411065,-0.16909289515889325
2696,train,CCn1c(SCC(=O)Nc2c(cnn2c3ccccc3)C#N)nnc1c4cccs4,2.1,2.3654841659849275,0.2654841659849274
3069,train,CNc1nc2ccccc2n1Cc3sc4N(CC(C)C)C(=O)N(C)C(=O)c4c3C(=O)N5C[C@H](O)CO5,1.77,1.8298004038647688,0.059800403864768814
3712,train,NS(=O)(=O)c1cccc(Nc2nccc(Nc3c(Cl)ccc4OCOc34)n2)c1,2.97,3.0891466923676307,0.11914669236763054
3162,train,CN(C)C(=O)[C@H](O)[C@H](Cc1ccccc1)NC(=O)c2cc3cc(Cl)ccc3[nH]2,3.6,3.482688028726499,-0.11731197127350113
351,train,Clc1ccc2C(=O)C3=C(Nc2c1)C(=O)NN(Cc4ccsc4)C3=O,1.11,1.2542967811123935,0.1442967811123934
521,train,Clc1cccc(CN2C=CN3C(=O)C=C(N=C23)N4CCOCC4)c1Cl,3.3,3.3086470923486617,0.0086470923486619
411,train,CN1CCOc2cc(COC3CCCCC3)cnc12,3.1,3.0537681713614377,-0.046231828638562344
4068,train,C[C@H]1C[C@H]2[C@@H]3CC[C@H](C(=O)C)[C@@]3(C)C[C@H](O)[C@@H]2[C@@]4(C)CCC(=O)C=C14,3.25,3.4350186502534275,0.18501865025342745
930,train,CN1CC(C1)n2nccc2c3cc(Cl)ccc3Oc4cc(F)c(cc4F)S(=O)(=O)Nc5ncns5,1.0,1.1586466911569355,0.15864669115693553
934,train,CC(NC(=O)C1(N)CCN(CC1)c2ncnc3[nH]ccc23)c4ccc(F)cc4,2.4,2.466962278284858,0.06696227828485801
282,train,O=C1CCOc2nc(ccc12)C#CC3CCCC3,3.0,3.5154070601642733,0.5154070601642733
1713,train,OC(=O)CCC(=O)c1ccc(cc1)c2ccccc2,0.58,0.8557672479013168,0.2757672479013168
2066,train,CCN1CCN(CC(=O)Nc2ccc(c3cccc4C(=O)C=C(Oc34)N5CCOCC5)c6sc7ccccc7c26)CC1,3.05,3.3381444850894946,0.28814448508949475
443,train,COc1cc2ncc(C(=O)N)c(Nc3ccc(F)cc3F)c2cc1OC,2.95,2.778132933146752,-0.17186706685324804
1819,train,CCN1C=C(C(=O)O)C(=O)c2cc(F)c(nc12)N3CCNCC3,-0.83,-0.8673020385528916,-0.0373020385528916
335,train,NS(=O)(=O)c1cc2c(NC(Cc3ccccc3)NS2(=O)=O)cc1C(F)(F)F,1.78,1.8573142597320458,0.07731425973204575
3059,train,COc1cc2ncnc(Nc3cc(NC(=O)c4ccnc(c4)N5CCOCC5)ccc3C)c2cc1OCCN(C(C)C)C(C)C,3.5,3.7266092713826433,0.2266092713826433
599,train,CCC(C)NC(=O)c1c(C)nn(c1NS(=O)(=O)c2ccc(C)cc2)c3ccccc3,0.66,0.7544047105701248,0.09440471057012478
1124,train,CC(C)C[C@@H](N1CCC[C@@H](C1)N2C=C(C)C(=O)NC2=O)c3ccc(C(=O)O)c(Oc4cccc(Cl)c4)c3,0.91,0.8159958658531095,-0.09400413414689057
1667,train,CC(=O)Nc1cccc2c1c(Oc3ccc(Cl)cc3)c(C)n2CC(=O)O,-1.41,-1.27854821652575,0.1314517834742499
3911,train,COC(=O)N1CCN(C(CC(=O)NCc2ccc3OCOc3c2)C1)c4ccnc(n4)n5ccnc5,1.88,2.1330181894973963,0.2530181894973964
601,train,COc1ccc2c(c1)c(CC(=O)O)c(C)n2c3ccnc4cc(Cl)ccc34,1.68,1.7741498815073085,0.09414988150730852
618,train,Nc1ncc2cc(c(N)nc2n1)c3c(Br)cccc3Br,2.06,2.374731067260761,0.31473106726076105
3908,train,Oc1cccc2nc(cc(O)c12)c3ccccc3,3.37,3.1831503903223695,-0.18684960967763065
408,train,Cc1c(Oc2ccc(Cl)cc2)c3cc(ccc3n1CC(=O)O)C(F)(F)F,2.28,2.1869751427086244,-0.09302485729137544
2328,train,OC(=O)[C@H](Cc1ccc(cc1)C#CCCNc2ccccn2)NC(=O)c3c(Cl)cccc3Cl,0.27,0.38930696328029235,0.11930696328029233
705,train,COc1c(Nc2ccc(nc2C)S(=O)(=O)C)ncnc1OC3CCN(CC3)C(=O)OC(C)C,2.4,2.648075809871969,0.2480758098719691
792,train,C1CN2C[C@@H](N=C2S1)c3ccccc3,0.81,1.055139238578572,0.245139238578572
565,train,Oc1ccc2OC(=O)C(=Cc2c1)c3ccccc3,3.12,3.0023750158380365,-0.11762498416196365
159,train,O=C(NC1(CC1)C#N)[C@@H]2CCCC[C@H]2C(=O)N3CCN(CC3)c4ncc(C#N)s4,1.2,1.4638045194077969,0.2638045194077969
2838,train,Cc1cn(C[C@H]2CN(C(=O)O2)c3ccc(C4=CCS(=O)(=O)CC4)c(F)c3)nn1,1.25,1.2773498842294009,0.027349884229400878
854,train,OC(=O)CCCS(=O)(=O)c1cccc(c1)C(=O)N2CCC(CC2)N3CCC(CC3)Oc4ccc(Cl)c(Cl)c4,0.66,1.018463689505939,0.3584636895059389
899,train,CCN(CC)CCOC(=O)c1ccc(N)cc1,0.0,0.2231505751295182,0.2231505751295182
3764,train,N#Cc1cccc(c1)c2onc(n2)c3ccccn3,2.2,2.5512868889295834,0.35128688892958326
585,train,Nc1ncnc2sc(nc12)c3c(ncn3C[C@H]4CCCO4)c5ccccc5,2.65,3.0884811511807433,0.4384811511807434
2307,train,Cc1c(Cl)ccc(OC2CCN(C[C@H](O)CNC(=O)C3=CNC(=O)C=C3C(F)(F)F)CC2)c1Cl,3.14,3.392399576169722,0.25239957616972175
2911,train,Clc1ccc(OC2CCN(CC2)C3CCN(CC3)C(=O)NS(=O)(=O)c4ccccc4Cl)cc1Cl,1.93,2.0011657272972534,0.07116572729725346
2237,train,COc1cc(cc(OC)c1OC)C(=O)N2CC[C@@](CCN3CCC(CC3)(C(=O)N)c4ccccc4)(C2)c5ccc(Cl)c(Cl)c5,3.23,3.448206560355365,0.21820656035536512
2693,train,Cc1nc(Nc2ncc(s2)C(=O)Nc3c(C)cccc3Cl)cc(n1)N4CCN(CCO)CC4,3.41,3.6323933666507706,0.22239336665077047
3748,train,CN(C)CCCC(NC(=O)C1(N)CCN(CC1)c2ncnc3[nH]ccc23)c4ccc(Cl)cc4,1.4,1.7525078269294971,0.3525078269294972
1869,train,CN1C(=O)C(=Cc2cnc(NC3CCOCC3)nc12)Oc4ccc(F)cc4F,2.76,2.4919679729600506,-0.2680320270399492
575,train,Cc1cc(COc2cnc(nc2)N3CCN(CC3)C(=O)OC(C)(C)C)ccn1,3.7,3.8865585209245834,0.18655852092458325
3453,train,Brc1cc(Br)cc(COC[C@@H](N2CCNCC2)c3ccccc3)c1,2.8,2.7204536489279687,-0.07954635107203112
1142,train,C[C@H]1CCCN1CCc2oc3ccc(cc3c2)c4ccc(cc4)C#N,3.25,3.4116601429024804,0.16166014290248043
2186,train,Fc1ccc(cc1)C(=O)N2CCC(CC2)C(=O)c3ccc(Cl)cc3,3.49,3.3496977884393235,-0.14030221156067668
1616,train,Nc1nc(nn1Cc2ccccc2)c3ccccc3,1.91,2.2629340027609413,0.35293400276094133
853,train,Cc1sc2ncnc(SCC(=O)N3CCN(CC3)C(=O)c4occc4)c2c1C,2.7,2.7440117101817743,0.04401171018177408
1288,train,CS(=O)(=O)c1ccc2C(=CNC(=O)c2c1)C(=O)NC[C@@H](O)CN3CCC(CC3)Oc4ccc(Cl)c(Cl)c4,2.63,2.6891719117057447,0.05917191170574476
1385,train,Cc1ccc2c(c1)c(Sc3ccccc3)c(CC(=O)O)n2C,1.74,1.579173716259755,-0.160826283740245
57,train,CCC(CC)NC(=O)c1cnn(C)c1NS(=O)(=O)c2ccc(C)cc2,0.36,0.6500825574927009,0.29008255749270095
2820,train,Clc1cccc(c1)c2cnc3ccc(NC4CCOCC4)nn23,4.3,4.605833066659636,0.30583306665963583
1165,train,Fc1cccc(F)c1CS(=O)(=O)N2CCN(CC2)c3ncccc3C(F)(F)F,3.9,3.8470480049928657,-0.05295199500713421
2649,train,COc1ccc(N(C(C)C(=O)NC2CCCC2)C(=O)c3ccccc3)c(OC)c1,3.02,3.1247711129475997,0.10477111294759966
2939,train,CNC(=O)C1(CCN(CC[C@H](CN(C)C(=O)c2c(OC)c(cc3ccccc23)C#N)c4ccc(Cl)c(Cl)c4)CC1)N5CCCNC5=O,2.2,2.18752362673293,-0.012476373267070073
4028,train,CC(C)Cc1ccc(cc1)[C@H](C)C(=O)NS(=O)(=O)C,0.56,0.6541936571001361,0.09419365710013605
3055,train,CC(C)(C)OC(=O)N1CCN(CC1)c2ccc(OCc3ccc(cc3)S(=O)(=O)C)nc2,3.1,3.1029526411513193,0.002952641151319213
1364,train,CC(C)c1noc(n1)N2CCN([C@H](C)C2)c3ncc(OCc4ccncc4C#N)cn3,3.1,3.307274147036569,0.2072741470365691
2810,train,Fc1ccc(cc1)S(=O)(=O)Cc2cc(nc(n2)c3ccccn3)N4CCOCC4,1.59,1.4748023977280036,-0.11519760227199649
2632,train,CCC(N(CCCN)C(=O)c1ccccc1)C2=Nc3ccsc3C(=O)N2Cc4ccccc4,1.38,1.3557556971944948,-0.024244302805505047
2835,train,CCN1CCC[C@H]1CNC(=O)c2cc(ccc2OC)S(=O)(=O)N,-0.84,-0.5894087683950122,0.25059123160498775
69,train,Clc1cccc2cn[nH]c12,2.33,2.5742259354227652,0.24422593542276516
3915,train,OC(=O)c1cc2cc(ccc2n1Cc3ccc(Cl)c(Cl)c3)[N+](=O)[O-],1.79,1.7705012263791056,-0.019498773620894472
2389,train,C[C@@H]1CN(CCN1C(=O)[C@@H]2CCCC[C@H]2C(=O)NC3(CC3)C#N)c4ccccc4,2.35,2.6152081975391317,0.2652081975391316
2176,train,COc1ccc(Cl)cc1C(=O)Nc2nc3ccccc3[nH]2,4.05,4.276527336307318,0.22652733630731792
1836,train,Nc1nccc(n1)c2cc3C(=O)NC[C@@H](CCF)c3[nH]2,0.51,0.778816226269343,0.268816226269343
1600,train,CNc1cccc(CCOc2ccc(C[C@H](NC(=O)c3c(F)cccc3Cl)C(=O)O)cc2)n1,-0.42,-0.33757752715897693,0.08242247284102305
299,train,COc1ccc(cc1)C(=O)NCc2cn(nn2)c3cc(C)nc4ccc(OC)cc34,3.5,3.560746574519336,0.06074657451933607
1974,train,CCOC(=O)[C@H](Cc1ccc(O)cc1)NC(=O)c2cccc3ccccc23,3.12,3.1316325136096816,0.011632513609681538
1100,train,CCN(CC)S(=O)(=O)c1ccc(cc1)c2cc(ccc2OCC(=O)O)C(F)(F)F,0.67,0.8184975198527094,0.14849751985270931
2726,train,CC(C)NCC(O)COc1ccc(CCOCC2CC2)cc1,0.63,0.6319371789475097,0.0019371789475096657
913,train,COc1ccc(cc1)C(=O)N2CCC(CC2)C(=O)c3ccc(F)cc3,2.92,3.099396315854258,0.17939631585425797
3074,train,CCN(CC)Cc1cc(Nc2ccnc3cc(Cl)ccc23)ccc1O,2.9,3.2073280809049773,0.30732808090497743
3575,train,C[C@H](CO)Nc1nc(SCc2cccc(F)c2F)nc3nc(N)sc13,3.29,3.37665332719143,0.08665332719143004
1020,train,CN1CCN(CC1)C(=O)[C@@H]2CCCC[C@H]2C(=O)NCC#N,-0.1,-0.11424272785537948,-0.014242727855379472
285,train,COc1ccc(cc1OC)N2CCN(CC2)C(=O)[C@@H]3CCCC[C@H]3C(=O)NC4(CC4)C#N,1.4,1.7057247280728154,0.3057247280728155
2692,train,CN(C)N(C)C(=O)[C@@]1(Cc2ccccc2)CCCN(C1)C(=O)[C@@H](Cc3c[nH]c4ccccc34)NC(=O)C(C)(C)N,2.1,2.1553952314663327,0.05539523146633263
642,train,CC(C)Oc1cc(Oc2ccc(cc2)S(=O)(=O)C)cc(c1)C(=O)Nc3nccs3,3.61,3.6504972437683385,0.04049724376833863
7,train,CNc1cccc(CCOc2ccc(C[C@H](NC(=O)c3c(Cl)cccc3Cl)C(=O)O)cc2C)n1,0.34,0.049325388333612,-0.290674611666388
3157,train,CC(C(=O)Nc1ccc(Cl)cc1)c2ncc(cc2Cl)C(F)(F)F,4.19,4.4662841547651855,0.2762841547651851
1646,train,O.O.O.CC(=O)O[C@@]12CO[C@@H]1C[C@H](O)[C@]3(C)[C@@H]2[C@H](OC(=O)c4ccccc4)[C@]5(O)C[C@H](OC(=O)[C@H](O)[C@@H](NC(=O)OC(C)(C)C)c6ccccc6)C(=C([C@@H](O)C3=O)C5(C)C)C,3.4,3.768577915426453,0.368577915426453
3083,train,Fc1ccc(F)c(NS(=O)(=O)c2ccc(Cl)cc2)c1,2.9,3.367000051744939,0.4670000517449391
206,train,CC(C)C(NC(=O)CN1C(=O)C(=CC=C1c2ccccc2)NS(=O)(=O)N)C(=O)C(F)(F)F,1.17,1.1904010674599508,0.02040106745995085
3881,train,COc1cc(F)ccc1c2cccc(CNC3CCCC3)n2,2.06,2.2479279424088787,0.18792794240887867
3506,train,OC(=O)COCCN1CCN(CC1)C(c2ccccc2)c3ccc(Cl)cc3,1.27,1.1589081356905353,-0.11109186430946472
2587,train,Nc1cc(ncn1)c2ccccc2,1.91,1.9484160932738523,0.038416093273852425
1941,train,Cc1[nH]c(C(=O)NC2CCN(CC2)c3nc(cs3)C(=O)O)c(Cl)c1Cl,0.14,0.5440161876208738,0.40401618762087377
1309,train,N[C@H](Cc1c[nH]c2ccccc12)C(=O)O,-0.92,-1.1797140849854832,-0.2597140849854832
1096,train,Nc1cccc2C(=O)C(=O)c3ccccc3c12,2.31,2.3701604875617805,0.060160487561780496
1613,train,CCN(C1CCN(CCC(C2CCN(CC2)S(=O)(=O)CC)c3ccccc3)CC1)C(=O)Cc4ccc(cc4)S(=O)(=O)C,1.63,1.7245731726148885,0.09457317261488862
2312,train,CC(N1NC(=O)C2=C(C1=O)C(=O)c3ccc(Cl)cc3N2)c4oc5ccccc5c4,2.1,2.1456337197181825,0.04563371971818242
1594,train,CCNC1=CC=C(N(CC(=O)NC(C(C)C)C(=O)C(F)(F)F)C1=O)c2ccccc2,2.37,2.3314270750169914,-0.03857292498300868
1757,train,O=C1C(=O)c2cccnc2c3ccccc13,1.88,1.7446749024294779,-0.13532509757052202
4066,train,OCCCNCCCOc1ccc(Cl)c(c1)C(=O)NCC23CC4CC(CC(C4)C2)C3,1.41,1.6509885385615672,0.24098853856156732
3611,train,Cc1cc(CNc2nccc(Nc3cc(CCc4ccccc4)[nH]n3)n2)on1,3.56,3.6257055634237476,0.06570556342374756
2209,train,Cc1ccc(cc1)S(=O)(=O)Nc2c(cnn2c3ccccc3)C(=O)NC4CCCCC4,0.8,1.0701091794934616,0.2701091794934616
1950,train,CC1(C)COCc2sc(nc12)N3CCN(CC3)C(=O)[C@@H]4CCCC[C@H]4C(=O)NC5(CC5)C#N,2.4,2.6116225175737515,0.2116225175737516
812,train,C[C@H](NC(=O)c1c(C)nn(C2CCN(C)CC2)c1NS(=O)(=O)c3ccc(C)cc3)C(C)(C)C,0.8,0.9694797858488577,0.1694797858488577
1964,train,CC(C)n1c(C)ncc1c2ccnc(Nc3ccc(cc3)N4CCN(CC4)C(=O)CN(C)C)n2,3.31,3.2894342450274565,-0.020565754972543537
1377,train,CN(C)CC\C=C\1/c2ccccc2Sc3ccc(Cl)cc13,3.42,3.1865217667485934,-0.2334782332514065
1059,train,ONC(=O)c1ccc(NS(=O)(=O)c2ccccc2)cc1,0.75,0.7110838719280341,-0.03891612807196587
704,train,CC(=O)NC1CC2CCCC(C1)N2C(=O)Nc3ccc(Cl)c(c3)C(F)(F)F,2.79,2.9771734546690602,0.1871734546690602
2433,train,CN1CCC(=CC1)c2cccc(O)c2,0.53,0.3171896288300893,-0.21281037116991075
3546,train,COc1ccc(CNCc2cccc(CCNC[C@H](O)c3ccc(O)c4NC(=O)Sc34)c2)cc1,0.86,0.7071302463787241,-0.15286975362127586
2203,train,COc1cc2cc(nc(C)c2cc1OC)c3ccc(O)cc3O,3.9,4.267359280513754,0.36735928051375444
1589,train,Cc1ccc(cc1)n2nc(cc2NC(=O)Nc3ccc(OCCN4CCOCC4)c5ccccc35)C(C)(C)C,4.49,4.495093664958267,0.005093664958266686
367,train,COc1ccc(cc1)S(=O)(=O)NC(=O)N2CCC(CC2)N3CCC(CC3)Oc4ccc(Cl)c(Cl)c4,1.39,1.5114085367474686,0.12140853674746865
2467,train,COc1ccc(cc1)c2cc3c(N[C@H]4CCCNC4)ncc(C(=O)N)c3s2,1.82,1.9179171893830498,0.09791718938304972
888,train,Nc1ncnc2c1ncn2[C@@H]3O[C@H](CSCCCNC(=O)NCc4ccccc4)[C@@H](O)[C@H]3O,0.9,0.9680348276066033,0.06803482760660329
1810,train,Cc1sc(CN2CCNCC2)cc1C(=O)NCC34CC5CC(CC(C5)C3)C4,2.55,2.5342314651255475,-0.01576853487445229
239,train,CC(C)(C)OC(=O)N1CCN(CC1)c2ncc(OCc3ccc(cc3)S(=O)(=O)C)cn2,3.27,3.646511805277993,0.376511805277993
1530,train,CC(C)N1CCN(CC1)C(=O)NCc2ccc(Cl)c(Cl)c2,2.75,2.720086932480397,-0.029913067519602876
4043,train,O[C@H](C[C@H](O)\C=C\c1c(nc2ccccc2c1c3ccc(F)cc3)C4CC4)CC(=O)O,0.91,0.8234039429860289,-0.0865960570139711
550,train,Cc1cc(N)c2cc(NC(=O)CCCCC(=O)Nc3ccc4nc(C)cc(N)c4c3)ccc2n1,0.53,0.6437883671088518,0.11378836710885176
1241,train,OCc1ccc(OC2CCN(CC3CCN(CC3)[C@@H](Cc4ccccc4)C(=O)O)CC2)cc1Cl,0.8,1.1371227059716487,0.3371227059716486
2149,train,Clc1c(ccnc1N2CCNCC2)C(=O)NCC34CC5CC(CC(C5)C3)C4,1.77,1.9068726038812318,0.1368726038812318
2431,train,CN[C@@H](C)C(=O)N[C@@H](C1CCCCC1)C(=O)N[C@H]2CCCN(C2)C(=O)c3ccccc3,0.87,0.8961855894867619,0.026185589486761862
478,train,CNC(=O)c1ccc(CCC(COc2ccc(cc2)c3cccc(c3)[N+](=O)[O-])N4C(=O)CSC4=O)cc1,3.5,3.4244437394447136,-0.07555626055528641
141,train,CN1SC(=NC1=O)NC(=O)c2cccc(Cl)c2,0.87,1.1949941331240719,0.3249941331240719
3382,train,O=C1C=C(N=C2N1C=Cc3ccccc23)N4CCOCC4,2.78,3.114622929361592,0.3346229293615921
17,train,CCC(COC(=O)c1cc(OC)c(OC)c(OC)c1)(N(C)C)c2ccccc2,3.77,3.8923477531716344,0.12234775317163438
2760,train,CNC(=O)c1ccc(Nc2ncc(F)c(n2)c3cnc(C)n3C(C)C)cc1F,3.31,3.3789302661438985,0.06893026614389841
4064,train,COc1cc(Nc2nc(N[C@@H](C)c3ncc(F)cn3)nc(N4CCOCC4)c2F)n[nH]1,2.64,2.7512169436645237,0.11121694366452362
2164,train,CCc1nc2c(N)nc3ccccc3c2n1CC(C)(C)O,1.38,1.730244407771554,0.3502444077715541
2940,train,Oc1cccc(NC(=O)c2ccc(OCCCN3CCCC3)cc2OCc4cccnc4)c1,1.59,2.0025192594851005,0.4125192594851004
2239,train,O=S(=O)(Nc1cccnc1)c2cccs2,0.54,0.7703943285473371,0.2303943285473371
1353,train,COc1cc(ccc1OCCN2CCCC2)N3C=Nc4cc(sc4C3=O)c5ccc(Cl)cc5,2.74,2.994509772282011,0.2545097722820109
438,train,Oc1cc(O)c2C(=O)C(=COc2c1)c3ccc(O)c(O)c3,2.45,2.4786259146983687,0.028625914698368504
586,train,CC(C)C(NC(=O)CN1C(=O)C(=CN=C1C2CCCCC2)NC(=O)OCc3ccccc3)C(=O)C(F)(F)F,2.87,2.6767540916832795,-0.19324590831672062
1874,train,CCOc1ccccc1c2ccc(cc2)c3nc4ccc(F)cc4c(C(=O)O)c3C,1.18,0.878059009497637,-0.3019409905023629
582,train,CC(=O)Nc1nnc(s1)S(=O)(=O)N,-0.78,-0.5445186841342124,0.23548131586578758
3432,train,CN(C)C(=O)c1ccc(CN2CCC(CC2)c3ccc(cc3)C(=O)Nc4ccccc4N)cc1,1.53,1.6696320065403782,0.13963200654037822
778,train,NC(=O)c1cnc(N[C@H]2CCCNC2)c3cc(sc13)c4ccncc4,0.77,0.997917156933964,0.22791715693396397
681,train,COc1cc2ncnc(N3CC[C@H](C3)Oc4cnc5ccccc5n4)c2cc1OC,4.04,4.200552538152298,0.16055253815229786
2641,train,COCCOc1cc2ncc(C(=O)N)c(Nc3ccc(C)cc3F)c2cc1N4CCN(C)CC4,2.24,2.238759380500345,-0.00124061949965526
3167,train,COc1ccc(cc1)c2nc3c(NCCCNC(=O)C4CC4)c(Br)cnc3[nH]2,1.71,1.9528817083429506,0.24288170834295064
3932,train,CN[C@@H](C)C(=O)N[C@H](C(=O)N[C@H]1CCCN(CCc2ccccc2OC)C1)C(C)(C)C,1.61,1.9595512914310171,0.34955129143101704
238,train,CN1CCN(CC1)c2ncnc3c2sc4nc(C)cc(C)c34,3.2,3.1020828464225567,-0.09791715357744346
2648,train,CC(N1Cc2ccccc2C1=O)c3ccccc3,3.0,3.0940860129740666,0.0940860129740666
4112,train,CCN(C1CCN(CCC(c2ccccc2)c3ccccc3)CC1)C(=O)NCc4ccc(F)cc4,3.9,4.343004525520504,0.4430045255205042
3433,train,COC1=CC=C2C(=CC1=O)[C@H](CCc3cc(OC)c(OC)c(OC)c23)NC(=O)C,0.82,1.015049437911456,0.19504943791145612
3624,train,Clc1ccc(C2CCN(CC2)C(=O)COCc3ccncc3)c(Cl)c1,2.63,2.992492904122507,0.3624929041225071
1194,train,COc1ccc2cc(ccc2c1)[C@H](C)C(=O)O,0.13,0.2369258678063908,0.1069258678063908
1067,train,Cc1ccccc1C(=O)NCC23CC4CC(CC(C4)C2)C3,4.28,4.494724779446534,0.21472477944653345
3026,train,CCCNc1nc(ccc1C(=O)NC2CCCCC2)N3CCC[C@@H](CC(=O)O)C3,2.33,2.3607892627584235,0.03078926275842342
2744,train,Nc1nc(nc(N)c1Cc2ccccc2F)c3ccccn3,2.12,2.144240204447625,0.02424020444762487
2240,train,Brc1ccc(cc1)C(=O)Cn2cnc3ccccc23,3.22,3.216771535544913,-0.0032284644550872876
2684,train,COc1ccc(NC(=O)c2oc(Nc3ccccc3F)nn2)cn1,3.2,3.3397926846436823,0.1397926846436821
3962,train,CN1CCN(CC1)S(=O)(=O)c2ccc(cc2)c3cnc(N)c(n3)C(=O)Nc4cnccc4CN5CCCC5,3.28,3.0028797570684183,-0.27712024293158155
1759,train,CNc1c(Br)cnc2[nH]c(nc12)c3cnn(c3)C4CCN(C)CC4,2.5,2.849400464409548,0.34940046440954786
1733,train,CC(C)(C)OC(=O)N1CCN(CC1)c2ccc(OCc3ccc(cc3)S(=O)(=O)C)cn2,3.2,3.3122666820171007,0.11226668201710055
1244,train,CCNC(=O)c1ccc(C)c(c1)N2C=Nc3ccc(cc3C2=O)N4CCN(C)CC4,1.47,1.6436892761474164,0.17368927614741647
241,train,Cc1nnsc1C(=O)Nc2ccccc2,0.97,0.9251177241071069,-0.044882275892893064
613,train,C[C@H](Oc1ccc(Cl)cc1CN2CCN([C@@H](C)C2)C(=O)Cc3ccc(Cl)cc3)C(=O)O,1.66,1.7848769160158824,0.12487691601588247
1904,train,CCN(C1CCCCC1)C(=O)c2cnn(c2NS(=O)(=O)c3ccc(cc3)c4ocnc4)c5ccccc5,1.46,1.2727986092014583,-0.1872013907985417
1635,train,Cc1nc(nc(N2CCCC2)c1Cl)c3ccccn3,3.2,3.4162501718767753,0.2162501718767751
534,train,CCc1ccccc1c2ccc(cc2)c3nc4ccncc4c(O)c3C#N,3.5,3.7308029400324925,0.23080294003249247
2890,train,CN(CCNC[C@H](O)c1ccc(O)c2NC(=O)Sc12)C(=O)CCOCCc3ccccc3,1.21,1.4875844036231853,0.27758440362318537
1105,train,COc1ccc(Cl)cc1C(=O)NCCc2ccc(cc2)S(=O)(=O)NC(=O)NC3CCCCC3,2.23,2.012105763906487,-0.217894236093513
2527,train,CCN(C1CCN(CCC(c2ccccc2)c3ccccc3)CC1)C(=O)NCc4ccc(cc4)S(=O)(=O)C,2.86,3.204443876289427,0.3444438762894273
360,train,Cc1cc(Cl)ccc1OC2CCN(C[C@H](O)CNC(=O)c3c[nH]nc3C(F)(F)F)CC2,3.02,3.1337276849854163,0.1137276849854163
2361,train,CN1CCN(CC1)c2nc(NCCNc3ccc(cc3)[N+](=O)[O-])c4ccccc4n2,2.91,2.968312104547934,0.058312104547933785
2564,train,C[C@H](NC(=O)c1c(C)nn(C2CCOCC2)c1NS(=O)(=O)c3ccc(cc3)C4CC4)C(C)(C)C,1.23,1.23299122068817,0.0029912206881699266
3211,train,Cc1nc(C)c(nc1C(=O)N)c2ccc([C@@H]3CC[C@@H](CC(=O)O)CC3)c(Cl)c2,1.8,1.6243084709579718,-0.17569152904202823
581,train,CC(C)Oc1ccc(cc1)C(=O)Nc2cc(NC(=O)c3cccc(c3)N(C)C)ccc2C,3.1,2.998959679711473,-0.10104032028852705
3019,train,Clc1ccc(cc1)C(=O)CN2C3=NCCN3c4ccccc24,2.62,2.8608303480085873,0.24083034800858716
4160,train,CCOc1ccccc1CNCc2cccc(CCNC[C@H](O)c3ccc(O)c4NC(=O)Sc34)c2,1.13,1.1853113584049841,0.055311358404984245
1960,train,CCCC1CCCCC(=N1)N,1.1,1.3045866059989768,0.2045866059989767
2232,train,O=C(Cc1cccc2ccccc12)Nc3ccccc3,3.9,3.8799969572317594,-0.020003042768240498
605,train,CCN(CC)CCOc1ccc(cc1OC)N(C)C(=O)c2ccc(cc2)c3ccc(cc3)C(F)(F)F,3.13,3.0643803177715907,-0.06561968222840919
2661,train,COc1ccc(NC(=O)c2ccc(c(C)c2)c3ccncc3)cc1N4CCN(C)CC4,2.56,2.7459139071492737,0.1859139071492737
3699,train,Cc1cc2nc(NC(=N)N)nc(C)c2cc1C,0.7,0.5372537685866949,-0.16274623141330502
894,train,O=S(=O)(Nc1nc(nn1Cc2ccccc2)c3ccccc3)c4ccccc4,1.25,1.524106889068155,0.27410688906815506
1989,train,C[C@H]1CN(Cc2cc(Cl)ccc2CC(=O)O)CCN1S(=O)(=O)Cc3ccccc3,1.12,0.9845986691695039,-0.1354013308304962
1000,train,NC(=O)c1cccc(O[C@H]2C[C@H]3CC[C@@H](C2)N3Cc4ccccc4)c1,1.61,1.4640217873346406,-0.14597821266535949
1505,train,O=C1N2CCOC2=Nc3ccccc13,0.6,0.7254792277465416,0.12547922774654163
992,train,Fc1ccc2OCC(=O)N(CCN3CCC(CC3)NCc4ccc5OCC(=O)Nc5n4)c2c1,0.9,1.1258231108265766,0.22582311082657658
3336,train,O=C(Nc1ccc(nc1)N2CCOCC2)c3oc(Nc4ccccc4)nn3,2.9,3.245968295992961,0.3459682959929613
3514,train,CN1C(=O)N(CC2CC2)c3nn(Cc4cn(C)c5ccc(Cl)cc45)c(c6cc(oc6C)S(=O)(=O)C)c3C1=O,4.48,4.3709681006905985,-0.10903189930940194
1461,train,CC(C)NCCCOc1ccc(NC(=O)C)cc1CC=C,-0.01,0.14687673532876566,0.15687673532876567
1016,train,OC(=O)[C@H](Cc1ccc(OCCNc2nc3ccccc3[nH]2)cc1)NC(=O)c4c(Cl)cccc4Cl,0.6,0.37003685266522335,-0.22996314733477663
593,train,COc1cc2ncnc(Nc3ccc(OCc4ccccn4)c(C)c3)c2cc1OC,3.6,3.521214367946004,-0.07878563205399614
781,train,C[C@@H]1CN(Cc2ccc(F)cc2)[C@@H](C)CN1C(=O)c3cc4c(cn(C)c4cc3Cl)C(=O)C(=O)N(C)C,3.6,3.818398860943458,0.21839886094345795
248,train,O=C1NC=Nc2[nH]ncc12,-0.42,-0.06246629869464071,0.3575337013053593
146,train,Clc1ccc(N2CCN(CC2)C(=O)COCc3cscn3)c(Cl)c1,3.07,3.032826724507792,-0.037173275492207836
2249,train,C[C@H](CO)Nc1nc(SCc2csc(C)n2)nc3NC(=O)Sc13,1.73,1.6306829167157966,-0.09931708328420341
37,train,Cn1cncc1c2c3C(=O)N(CC4CC4)C(=O)N(CC5CC5)c3nn2Cc6ccnc7ccc(Cl)cc67,4.33,4.18406909656765,-0.14593090343235016
802,train,CN(c1ccnc(Nc2cccc(c2)S(=O)(=O)C)n1)c3cccc4[nH]ncc34,3.21,3.4107763215588065,0.20077632155880654
385,train,CN1CCCC(CN2CCN(CC2)C(=O)Nc3ccc(Cl)c(Cl)c3)C1,1.98,2.1340888757185836,0.15408887571858365
3023,train,COc1nccnc1NS(=O)(=O)c2ccc(N)cc2,-0.65,-0.5357631843441677,0.11423681565583232
924,train,CN(C)CC(O)COc1ccc(Nc2nccc(n2)N(CC#N)c3cc(Cl)ccc3Cl)cc1,2.4,2.3257671280317327,-0.07423287196826722
722,train,CS(=O)(=O)Cc1cc(nc(n1)c2cccc3cc[nH]c23)N4CCOCC4,2.8,2.9135462711598117,0.11354627115981186
903,train,O=C1C(=O)c2ccccc2c3ccccc13,2.6,2.4700093073167984,-0.12999069268320174
2347,train,COCCOc1nc(N)c2NC(=O)N(Cc3ccccc3)c2n1,2.26,2.3761063262412927,0.11610632624129291
1576,train,Cc1cc(C)cc(c1)c2[nH]c3ccccc3c2CCNCCCCc4ccncc4,3.3,3.589117933751794,0.2891179337517942
710,train,C[C@H](Nc1nc(Nc2cc(C)[nH]n2)cc(n1)N3CCOCC3)c4ncc(F)cn4,1.91,1.9516105282911018,0.0416105282911019
3947,train,O=C(Oc1ccc2C(=O)CCOc2c1)c3ccccc3,3.6,3.7650949768001887,0.1650949768001886
3392,train,CC(C)(C)NC(=O)C(N(Cc1occc1)C(=O)c2ccc([nH]2)c3ccccc3)c4ccncc4,4.13,4.353359927036073,0.2233599270360731
1239,train,C[C@H]1COCCN1c2cc(CS(=O)(=O)C)nc(n2)c3ccc4[nH]ccc4c3,2.38,2.342358652275995,-0.03764134772400496
770,train,CN(c1cccc(c1)C(=O)Nc2ccc(C)c(NC(=O)c3ccc4ncccc4c3)c2)S(=O)(=O)C,2.8,3.242858581006753,0.4428585810067531
2795,train,Clc1cc(Cl)cc(NC(=O)NCC2(CCN(CC3CC3)CC2)c4ccc(cc4)c5cccc(c5)C#N)c1,3.37,3.559909894170106,0.18990989417010606
3858,train,Cc1sc(nc1C(F)(F)F)N2CCN(CC2)C(=O)[C@@H]3CCCC[C@H]3C(=O)NC4(CC4)C#N,2.87,3.1392388432069627,0.26923884320696256
3343,train,COc1c(C)cnc(Cn2cnc3c(Cl)nc(N)nc23)c1C,1.67,1.483046287584489,-0.18695371241551095
3082,train,COc1ncc(cn1)c2cccc3OC[C@H](Cc23)NC(=O)c4ccc(OCC(F)(F)F)nc4,4.3,4.480384084044896,0.18038408404489648
3424,train,Oc1cc(Cl)cc(Cl)c1,3.58,3.382496207625409,-0.19750379237459104
1779,train,CC1=CN(Cc2ccccc2)C(=O)NC1=O,1.19,1.4003946761275308,0.21039467612753082
2774,train,C[C@H]1COCCN1c2nc(N3CCOC[C@@H]3C)c4ccc(nc4n2)c5cccc(c5)C(=O)NCCO,2.49,2.8456487064315352,0.355648706431535
2331,train,COc1ccc(cc1)C(=O)N2CCCC2=O,0.93,1.016717086740958,0.08671708674095802
2991,train,CN1C(=O)NC(=O)C(C)(C2=CCCCC2)C1=O,1.5,1.4260570911286878,-0.07394290887131216
630,train,Cc1nc(C)c(nc1C(=O)N)c2ccc3c(CC[C@@]34CC[C@@H](CC4)C(=O)O)c2,1.2,1.227034681292128,0.02703468129212805
3205,train,C[C@](N)(Cc1ccccc1)c2ccccc2,1.7,2.0867301117523227,0.38673011175232275
3886,train,COc1ccc(COc2nc(Br)cnc2NS(=O)(=O)c3ccc(C)cc3)cc1OCCN(C)C,1.68,1.956136822930118,0.276136822930118
2233,train,CNC1(C)C2CCC(C2)C1(C)C,-0.84,-0.649927393752272,0.19007260624772793
2797,train,CC(C)c1ccc(NC(=O)NCCCSC[C@H]2O[C@H]([C@H](O)[C@@H]2O)n3cnc4c(N)ncnc34)cc1,2.5,2.8459265635506235,0.34592656355062346
2474,train,CC1CN(CCN1Cc2cc(Cl)ccc2OCC(=O)O)S(=O)(=O)c3ccccc3,0.69,0.7530692900680263,0.0630692900680263
4088,train,CCNC(=O)c1cc2c(c(cnc2[nH]1)c3cnc(OC)c(c3)C4=NNC(=O)O4)n5ccc(n5)C(F)(F)F,2.32,2.777280527082351,0.457280527082351
1948,train,CCCC[C@H](NC(=O)[C@H](CC(C)C)NC(=O)[C@H](CC(C)C)NC(=O)C)C=O,2.6,2.7497758535866907,0.14977585358669065
2629,train,Cc1ncc(c2ccnc(Nc3ccc(cc3)S(=O)(=O)N)n2)n1C,1.6,1.7310126902975582,0.13101269029755813
1202,train,CCC(C)(C)C[C@@H](N1CCC[C@@H](C1)N2C=C(C)C(=O)NC2=O)c3ccc(C(=O)O)c(Oc4cccc(Cl)c4)c3,1.37,1.5273009083481068,0.15730090834810673
1824,train,CC(C)(c1cc(nc(n1)c2cccc3[nH]ccc23)N4CCOCC4)S(=O)(=O)C,2.65,3.11421232551582,0.4642123255158199
2866,train,Fc1cc2N=CNC(=O)c2cc1F,1.5,1.604794593682219,0.104794593682219
4124,train,O=C1NC(=O)C(Cc2ccc3ccccc3c2)S1,2.41,2.663735440888078,0.25373544088807787
3872,train,N(c1ccccc1)c2ncnc3ccccc23,2.94,3.0160172725796706,0.07601727257967061
1293,train,Nc1nc(ns1)c2ccccc2,2.2,2.28338903697637,0.0833890369763699
1234,train,Nc1nc(N)c(nc1Cl)C(=O)Nc2ccccn2,2.67,2.5649600186844492,-0.1050399813155507
2986,train,CN(C)C(=O)[C@H](Cc1ccccc1)NC(=O)c2cc3cc(F)ccc3[nH]2,3.5,3.600031507778257,0.1000315077782572
3463,train,CCN(C(=O)C)c1cccc2c1c(Sc3ccc(Cl)cc3)c(C)n2CC(=O)O,1.61,1.5655968206515212,-0.04440317934847893
4092,train,CN(C)CC(O)COc1ccc(Nc2nccc(Nc3cc(C)ccc3F)n2)cc1,2.1,2.1839015067720666,0.08390150677206654
2092,train,CCN(CC)C(=O)c1ccc(cc1)C(=C2CCN(Cc3ccc(F)cc3)CC2)c4ccc(NC(=O)OC)cc4,4.01,4.040991695699544,0.030991695699544408
2094,train,CCN(C)C(=O)c1ccc(cc1)[C@@H](N2CCN(Cc3cccnc3)CC2)c4cccc(NC(=O)C5CCC5)c4,3.27,3.194724733594565,-0.07527526640543503
3550,train,CCN(C1CCN(CCC(c2ccccc2)c3ccc(NC(=O)Cc4ccccc4)cc3)CC1)C(=O)Cc5ccc(cc5)S(=O)(=O)C,3.61,3.5953350500557715,-0.0146649499442284
2921,train,COc1cc(OC)cc(c1)c2cc3cnc(N)nc3nc2N,2.14,2.279862644764737,0.1398626447647371
3633,train,CN1CCN(CC1)c2nc3ccccc3cc2Cn4nc(c5ccc6nc(N)sc6c5)c7c(N)ncnc47,3.09,3.129711445783977,0.03971144578397734
937,train,CC(NC(=O)c1c(C)nn(c1NS(=O)(=O)c2ccc(C)cc2)c3ccccc3)C(C)(C)C,1.21,1.4303825665774181,0.22038256657741817
611,train,CS(=O)(=O)c1ccccc1C(=O)NCC(O)CNC2CCN(Cc3ccc(Cl)c(Cl)c3)CC2,1.21,1.4897119663570648,0.27971196635706486
833,train,C1CC1Nc2ccc3nnc(c4ccccc4)n3n2,3.15,3.4704030277328566,0.32040302773285667
433,train,CC(C)(C)c1cc2nc3C(=O)N(Cc4ccccc4)Cc3c(O)n2n1,1.9,1.8151967455846183,-0.08480325441538161
1666,train,C[C@@](Cc1ccc(O)c(O)c1)(NN)C(=O)O,-0.7,-0.6927319951239252,0.007268004876074707
795,train,COc1cc(ccc1Nc2ncc(Cl)c(n2)c3cnc4ccc(cn34)N(C)C)N5CCN(CC5)C(=O)C,4.1,4.085815117388447,-0.01418488261155293
3781,train,CSc1ncccc1C(=O)NCC2CCCCC2,2.93,3.1450802775981677,0.2150802775981675
1131,train,CN(C)CC(O)COc1ccc(Nc2ncc(C)c(Nc3ccccc3)n2)cc1,2.0,1.8151296491998892,-0.18487035080011083
191,train,Nc1nc(Nc2ccc(F)c(Cl)c2)c3nc[nH]c3n1,2.75,2.962287456537221,0.2122874565372208
970,train,[O-][N+](=O)c1cc(ccc1NCCSc2ccccc2)S(=O)(=O)NC(=O)c3ccc(cc3)N4CCNCC4,-0.04,-0.08149448635356382,-0.04149448635356382
2907,train,NCC[C@@H](Oc1nc(ccc1C#N)C(F)(F)F)c2oncc2,-0.49,-0.35771887854558315,0.13228112145441684
1462,train,CC(C)n1c(C)ncc1c2nc(Nc3ccc(cc3)N4CCOCC4)ncc2F,3.01,3.503866192782304,0.49386619278230404
2593,train,COC1(CCOCC1)c2cc(F)cc(OCc3ccc4N(C)C(=O)C=Cc4c3)c2,3.52,3.8230026273241093,0.3030026273241093
571,train,Oc1c(I)cc(I)c2cccnc12,2.19,2.18971257398258,-0.00028742601742015594
1416,train,O=C(N1CC(=O)Nc2ccccc12)c3occc3,1.21,1.6340004641997459,0.4240004641997459
3784,train,COc1ccc(cc1)c2cc(N)n3ncc(C#N)c3n2,2.42,2.480640975304405,0.06064097530440504
1537,train,Cc1ccc(Oc2ccnc(Nc3ccc(cc3)S(=O)(=O)N)c2)c(C)n1,2.47,2.4602900923197977,-0.009709907680202523
72,train,Cn1cncc1c2c3C(=O)N(CC#C)C(=O)N(CC4CC4)c3nn2Cc5ccnc6ccc(Cl)cc56,3.16,3.382061960980276,0.22206196098027586
3429,train,NC(=O)c1cccc(OC2CCN(Cc3ccccc3)CC2)c1,1.92,1.7461046049204632,-0.17389539507953677
3735,train,Fc1ccccc1Nc2oc(nn2)C(=O)Nc3ccc(cn3)N4CCOCC4,2.4,2.6864760903126212,0.28647609031262133
1763,train,CN1CC(c2ccccc2)c3cccc(N)c3C1,2.08,1.9016862630178704,-0.1783137369821297
3695,train,CCN1CCN(Cc2cnc(c(C)c2)c3ccc(cc3)C(=O)Nc4ccccc4N)CC1,1.2,1.3536238686344308,0.1536238686344309
3345,train,CN[C@@H](C)C(=O)N[C@@H](C1CCCCC1)C(=O)N(C)[C@H]2CCCN(CCc3ccccc3)C2,2.34,2.54650012583584,0.2065001258358401
1831,train,COC(=O)N1CCOc2cc(COc3ccccc3)cnc12,2.5,2.417613827244367,-0.08238617275563298
625,train,CC(O)(C(=O)Nc1ccc2c(c1)c3ccccc3S2(=O)=O)C(F)(F)F,3.0,3.591537307917535,0.5915373079175348
2159,train,CC(C)C(NC(=O)CN1C(=O)C(=CC=C1c2ccccc2)NC(=O)NCc3ccc[n+]([O-])c3)C(=O)C(F)(F)F,1.48,1.5933805081004893,0.11338050810048927
829,train,Cc1cccc2c3CN(CCc3[nH]c12)C(=O)[C@@H]4CCCC[C@H]4C(=O)NC5(CC5)C#N,2.99,3.17268566797306,0.18268566797305974
4050,train,C[C@@H](NC(=O)C1CCNCC1)c2ccc(Nc3ncc4cc(ccc4n3)c5ccncc5)cc2,0.4,0.6709073086944579,0.2709073086944579
3537,train,COc1ccnc(NC2CCN(CC2)C(=O)c3ccc(cc3)C#N)c1,1.73,2.0498618051778705,0.31986180517787055
541,train,C[C@]12Cc3cnn(c3C=C1CC[C@@]2(O)CCc4ccc(F)cc4C(=O)N)c5ccc(F)cc5,3.8,3.594288693504262,-0.20571130649573766
135,train,Cc1ncc(nc1c2ccc(cc2)[C@@H]3CC[C@H](CC3)C(=O)O)C(=O)N,0.22,0.3389407150330854,0.11894071503308543
2434,train,OC(=O)COc1ccc(C(=O)c2cccs2)c(Cl)c1Cl,-0.84,-0.9722627641194621,-0.13226276411946214
3213,train,C[C@H](CO)Nc1nc(SCc2ccccc2)nc3nc(N)sc13,3.12,3.0397761168726927,-0.08022388312730744
1896,train,C[C@@H]1CN(CC2(CC2)C(=O)N)CCN1S(=O)(=O)c3ccc(cc3)C(C)(O)C(F)(F)F,1.03,1.0124381738695614,-0.017561826130438662
572,train,Clc1ccc2C(=O)C3=C(Nc2c1)C(=O)NN(CC#Cc4ccccc4)C3=O,1.78,1.9563479451751709,0.17634794517517083
2575,train,Cc1ccc2c(c1)c(c(C)n2CC(=O)O)c3ccnc4c(cccc34)C(F)(F)F,1.27,1.36272453883471,0.09272453883470999
1136,train,Oc1ccccc1CCC(=O)Nc2ccccc2,2.71,2.5844647858907237,-0.12553521410927626
1506,train,NC(=O)c1cc(cc(c1)[N+](=O)[O-])[N+](=O)[O-],0.81,0.2644122488609555,-0.5455877511390446
1792,train,Cn1cc(cc1c2c3C(=O)N(CC=C)C(=O)N(CC4CC4)c3nn2Cc5ccnc6ccc(Cl)cc56)C#N,4.27,4.234322698082736,-0.03567730191726337
3327,train,COCCNCc1cncc(n1)c2ccc(F)cc2OC,1.61,1.5149577764349358,-0.09504222356506431
3526,train,CN1C(=O)N(CC2CC2)c3nn(Cc4ccnc5ccc(Cl)cc45)c(c6cc(oc6C)S(=O)(=O)C)c3C1=O,3.2,3.4400275978194474,0.24002759781944727
2580,train,COc1ccc(cc1OC)C(=O)Nc2cc(NC(=O)c3cccc(c3)N(C)C)ccc2C,3.12,3.166072842063886,0.046072842063885844
3803,train,Fc1ccc(CC2=NNC(=O)c3ccccc23)cc1C(=O)N4CCN(CC4)C(=O)C5CCCO5,0.9,0.7636734109407817,-0.13632658905921835
4180,train,CCCCC(CC)COC(=O)CC(C(=O)OCC(CC)CCCC)S(=O)(=O)O,2.93,3.3086692168031093,0.37866921680310917
694,train,CC(C)CN1C(=O)N(C)C(=O)c2c1sc(Cc3ccccc3C(F)(F)F)c2C(=O)N4CCC4,3.46,3.629530780374697,0.16953078037469682
3086,train,Clc1ccc2[nH]c(cc2c1)C(=O)N3CCNCC3,1.65,1.7854131086766059,0.13541310867660594
1809,train,CC(C)N(C(C)C)C(=O)C(C(CNC(=O)NCc1ccccc1F)c2ccccc2)c3cccnc3,4.2,4.1027137178536055,-0.09728628214639468
771,train,CC(C)[C@H](N(CCCN)C(=O)c1ccc(C)cc1)C2=Nc3cc(Cl)ccc3C(=O)N2Cc4ccccc4,2.88,2.639017508724978,-0.2409824912750218
2875,train,OC(=O)CCc1oc(c2ccccc2)c(n1)c3ccccc3,1.2,1.1521081195442238,-0.04789188045577619
3121,train,CCCN(CCC)S(=O)(=O)c1ccc(cc1)C(=O)O,0.03,0.2980570368828592,0.2680570368828592
1091,train,Oc1ccc(cc1)c2nc3ccccc3s2,4.1,3.9318472791782666,-0.16815272082173305
1257,train,CS(=O)(=O)c1cccc(Nc2nccc(Nc3cccc4ncoc34)n2)c1,2.5,3.0070394437130714,0.5070394437130714
3521,train,c1ccc2[nH]c(nc2c1)c3cscn3,2.35,2.4266461719235584,0.07664617192355827
988,train,CC(C)n1c(C)ncc1c2ccnc(Nc3ccc(cc3)C(=O)N)n2,2.39,2.496768979575121,0.10676897957512077
3519,train,Cc1cc(Oc2ccnc(Nc3cccc(c3)N4CCOCC4)c2)c(nc1C)c5ccccn5,3.27,3.335660906624574,0.06566090662457391
3326,train,Nc1c(nc(nc1N2CCOCC2)C#N)N3CCCC3,2.25,2.5295747735793555,0.27957477357935545
1285,train,CCOc1ccccc1c2ccc(cc2)c3nc4ccncc4c(O)c3C#N,3.0,3.3599578957360645,0.3599578957360645
1742,train,CNC1=Nc2ncccc2C(=NC1c3cccs3)c4cccs4,2.63,2.8251707162870634,0.1951707162870635
3494,train,FC(F)(F)c1nn(cc1C(=O)NCCNC(=O)c2ccc(Cl)cn2)c3ccccc3,3.8,4.176973364673986,0.37697336467398657
1237,train,CC1CN(C1)C(=O)c2nnc3c(cccc3c2N)c4ncccn4,1.21,1.4597789532304635,0.2497789532304635
3787,train,CNC1=Nc2ncccc2C(=NC1c3cccs3)c4ccccc4,2.68,2.778473729277594,0.09847372927759368
449,train,CCc1c2CN3C(=O)C4=C(C=C3c2nc5ccc(O)cc15)[C@@](O)(CC)C(=O)OC4,1.6,1.4257171264724415,-0.17428287352755856
568,train,CN(C)S(=O)(=O)c1ccc2Sc3ccccc3\C(=C\CCN4CCN(C)CC4)\c2c1,3.16,3.541267221514821,0.38126722151482095
1654,train,CCCCSc1nc(N)c2ncn(Cc3c(F)ccc(C)c3F)c2n1,3.0,3.0980170079539584,0.0980170079539584
2100,train,COc1ccccc1N2CCN(CC3=C(Br)C(=O)N(N3C)c4ccccc4)CC2,2.5,2.7480752349819335,0.2480752349819335
1804,train,CC(=O)N1CCN(CC(O)COc2ccc(Br)cc2)CC1,1.6,1.8601568183156956,0.2601568183156955
926,train,Cn1nc(cc1NC(=O)Nc2ccc(Cl)cc2)C(C)(C)C,3.97,4.109142679424023,0.13914267942402292
3815,train,C[C@H]1O[C@H]([C@H](O)[C@@H]1O)n2cnc3c(N)nc(OCC4CC45CC5)nc23,1.78,1.8888671299744575,0.10886712997445747
2482,train,Clc1ccc(cc1)C(=O)Cc2ccccn2,2.96,2.8825466568828606,-0.07745334311713936
4107,train,CC(C)C(NC(=O)CN1C(=O)C(=CN=C1c2cc(F)cc(F)c2)N)C(=O)C(F)(F)F,1.38,1.7042583322464315,0.32425833224643164
2877,train,COc1ccc(nc1OC)N2CCN([C@H](C)C2)C(=O)[C@@H]3CCCC[C@H]3C(=O)NC4(CC4)C#N,2.3,2.539818395988469,0.2398183959884692
2702,train,CC(C)C(NC(=O)CN1C(=O)C(=CC=C1c2cccc(c2)C(=O)O)NC(=O)OCc3ccccc3)C(=O)C(F)(F)F,1.2,1.1585467696012288,-0.041453230398771135
1011,train,NC(=O)c1cccc(O[C@@H]2C[C@H]3CC[C@@H](C2)N3CC4CC4)c1,0.07,-0.07137363297599109,-0.1413736329759911
3723,train,C[C@@H]1COCCN1c2cc(nc(n2)c3cccc4[nH]ccc34)C5(CC5)S(=O)(=O)C,2.7,2.8546394050788257,0.15463940507882556
1106,train,OCC(=O)N1CCC[C@@H]1COc2cccc3ncnc(Nc4ccc(OCc5ccccn5)c(Cl)c4)c23,3.71,3.812098018762847,0.10209801876284708
616,train,Clc1ccc2[nH]c3CCN(Cc3c2c1)C(=O)[C@@H]4CCCC[C@H]4C(=O)NC5(CC5)C#N,3.65,3.881875366795621,0.23187536679562104
2098,train,Oc1ccc(cc1)C2=Cc3ccccc3OC2=O,3.0,2.8100252980815084,-0.18997470191849164
2631,train,Clc1ccc(NC(=O)N2CCN(C[C@H]3CN(CCO3)C4CC4)CC2)cc1Cl,3.32,3.342013517136506,0.022013517136506344
762,train,CC[C@H](NC(=O)c1c([S+](C)[O-])c(nc2cc(CN(C)C)ccc12)c3ccccc3)c4ccccc4,2.75,2.801594217987885,0.051594217987885216
3367,train,CCOC(=O)c1ccc(COC2CN(C2)c3ccc(C)nn3)cc1,2.5,2.3506398138849884,-0.14936018611501156
2757,train,Cc1ccnc(NCc2c(O)ccc3ccccc23)c1,4.24,4.165145891614143,-0.07485410838585693
3351,train,C[C@H](NC(=O)c1c(C)nn(c1NS(=O)(=O)c2cccnc2)c3ccc(F)cc3)C(C)(C)C,0.4,0.6922375964501226,0.2922375964501226
1208,train,Clc1cccc2c3CN(CCc3[nH]c12)C(=O)[C@@H]4CCCC[C@H]4C(=O)NC5(CC5)C#N,3.59,3.5377461073593146,-0.05225389264068525
3502,train,CN(C)C(=O)N[C@@H]1CC[C@@H](CN2[C@@H]3CC[C@H]2C[C@H](C3)Oc4cccc(c4)C(=O)N)CC1,-0.07,-0.18379565004957676,-0.11379565004957676
3958,train,COc1cccc(Nc2ncnc3cc(OC)c(OC)cc23)c1,3.1,3.40021789563772,0.30021789563771994
648,train,CNC(=O)c1ccc(Oc2ccc(cc2)C#C[C@]3(O)CN4CCC3CC4)cc1,1.99,2.005626190838968,0.0156261908389681
4079,train,OCC(O)COC(=O)c1ccccc1Nc2ccnc3cc(Cl)ccc23,3.5,3.297044768148783,-0.2029552318512171
3136,train,NC1(CCN(CC1)c2ncnc3[nH]ccc23)C(=O)NC(CS(=O)(=O)N)c4ccc(Cl)cc4,2.2,2.5989979857366947,0.39899798573669454
638,train,Cc1cc(Cl)ccc1OC2CCN(C[C@H](O)CNC(=O)C3=CNC(=O)c4c(F)cccc34)CC2,3.0,2.8832458908663905,-0.11675410913360951
1563,train,CC(C)COc1cc(OC(C)C)cc(c1)C(=O)Nc2ccc(cn2)C(=O)O,1.6,1.7103249154976001,0.11032491549760004
3984,train,Cc1ccc(\C=C(/C#N)\C(=O)N)cc1,2.09,1.883468329276477,-0.20653167072352296
3075,train,CCN(CCCOCCOCCc1ccccc1)CCc2ccc(O)c3nc(O)sc23,2.45,2.788646929403597,0.338646929403597
3893,train,COc1cc(ccc1Nc2ncc(Cl)c(n2)c3cnc4ccccn34)C(CO)CO,3.1,2.724374810816995,-0.37562518918300514
1691,train,Cc1ccc(CN2[C@@H]3CC[C@H]2C[C@H](C3)Oc4cccc(c4)C(=O)N)s1,2.39,2.288447656111688,-0.10155234388831191
1565,train,CNC(=O)c1ccc(Nc2nccc(n2)c3cnc(C4CC4)n3C(C)C)cc1,2.77,3.129837106901067,0.35983710690106685
1440,train,Nc1ncccc1NCc2cccc(c2)c3cccnc3,3.0,3.178705760949034,0.1787057609490339
276,train,NC(=O)c1ccccc1OCc2ccccc2,2.5,2.3769347279956397,-0.12306527200436035
2061,train,Clc1cccc(c1)S(=O)(=O)NC(=O)N2CCC(CC2)N3CCC(CC3)Oc4ccc(Cl)c(Cl)c4,2.62,2.6430748878433468,0.02307488784334666
3299,train,COc1cc2c(Nc3c(Cl)ccc4OCOc34)ncnc2cc1OCCCN5CCCC5,1.62,1.2151583319865125,-0.40484166801348764
1181,train,OCC(=O)N1CCC(CC1)c2[nH]nc(c3ccc(Cl)cc3F)c2c4ccncn4,1.79,2.147232681515904,0.3572326815159039
3898,train,NC(=O)C(NC(=O)C1(N)CCN(CC1)c2ncnc3[nH]ccc23)c4ccc(Cl)cc4,2.2,2.4265105331113257,0.22651053311132552
690,train,CCS(=O)(=O)c1ccc(c(C)c1)c2cc(ccc2OCC(=O)N)C(F)(F)F,2.77,2.9008729353791214,0.13087293537912137
228,train,O=C(CCc1ccccc1)c2ccccc2,3.77,3.45735480536292,-0.31264519463708007
3110,train,CC(C)C1NCCc2c1sc3ccccc23,2.8,2.665330281463892,-0.13466971853610765
1689,train,CN1CCC[C@H]1CCN2CCCc3cc(NC(=N)c4cccs4)ccc23,0.37,0.5731431042029218,0.2031431042029218
3950,train,COc1ccc(cc1)c2nc3c(NCCCNC(=O)C4(CN)CC4)c(Br)cnc3[nH]2,1.9,2.231915838466526,0.33191583846652595
3194,train,Cc1c(Sc2ccc(Cl)cc2)c3c(Cl)cccc3n1CC(=O)O,2.15,2.092564966648904,-0.05743503335109601
1371,train,COc1ccccc1C2=COc3cc(O)ccc3C2=O,2.55,2.472318420720996,-0.07768157927900399
92,train,CN(C)C(=O)c1ccc(CN2CCc3cc4nc(N)sc4cc3CC2)cc1,1.72,1.4994085507846475,-0.22059144921535245
2422,train,O=C(NCC#N)[C@@H]1CCCC[C@H]1C(=O)N2CCCCC2,0.9,1.0991718917763293,0.19917189177632932
536,train,Oc1ccc(cc1)C2=Cc3ccc(O)cc3OC2=O,2.9,2.615205305453583,-0.28479469454641704
2485,train,COc1ccccc1OCC(O)COC(=O)N,0.36,0.14446560360683902,-0.21553439639316097
3188,train,COc1ccccc1CN2C(C(=O)NC3CCC(C)CC3)c4ccccc4C2=O,3.74,3.564468254807643,-0.17553174519235704
3942,train,Cc1ccc(NC(=O)N2CCN(C[C@@H]3CCCN(C3)C4CC4)CC2)cc1Cl,3.37,3.466966651683926,0.09696665168392604
1905,train,Oc1nc2cc(Cl)c(Cl)c(c2nc1O)[N+](=O)[O-],0.21,0.07514390365225809,-0.1348560963477419
2093,train,Cc1ccccc1CCOCCCS(=O)(=O)CCNCCc2ccc(O)c3nc(O)sc23,2.84,2.400102899966415,-0.43989710003358473
1272,train,NS(=O)(=O)c1ccc(Nc2nccc(Nc3c(Cl)ccc4OCOc34)n2)cc1,2.7,2.7827742604884667,0.08277426048846648
3073,train,CN(C)CCOc1ccc(cc1)c2oc3ncnc(NC[C@@H]4CCCO4)c3c2c5ccccc5,3.6,3.6083089458271074,0.008308945827107284
3260,train,COCCC(Oc1ncnc2c1cnn2c3ccccc3C(F)(F)F)C(=O)Nc4ccc(C)cn4,3.5,3.7759926443561342,0.27599264435613424
1073,train,Fc1cc(cc(F)c1CN2CCOCC2)c3cccc4ncc(nc34)c5cnn(c5)C6CCNCC6,1.86,1.9687040191711722,0.10870401917117212
3923,train,Clc1ccccc1CNC[C@@H]2CC[C@@H](CNCc3ccccc3Cl)CC2,2.74,2.739202171914335,-0.0007978280856653086
896,train,COc1cc(ccc1Nc2ncc(Cl)c(n2)c3cnc4ccccn34)N5CCN(CCO)CC5,3.2,3.4357497694801316,0.23574976948013138
2116,train,Cn1ncc(Cl)c1c2cc(sc2Cl)C(=O)N[C@H](CN)Cc3cccc(F)c3,2.99,3.2318638116785112,0.241863811678511
955,train,CS(=O)(=O)Cc1cc(nc(n1)c2cccc(CO)c2)N3CCOCC3,1.0,1.1100913945781672,0.11009139457816719
3941,train,C[C@H]1O[C@H]([C@H](O)[C@@H]1O)n2cnc3c(N)nc(Oc4ccccc4)nc23,1.05,0.9729549881462789,-0.07704501185372115
3896,train,CNS(=O)(=O)c1ccc(Nc2nccc(n2)c3cnc4cccnn34)cc1,2.8,3.022324911161321,0.22232491116132103
2928,train,CC12CCC3C(CCC4=CC(=O)CCC34C)C1CCC2O,3.3,3.6343557912998214,0.3343557912998216
325,train,CN1CCC(CC1)n2cc(c(C)n2)c3cnc(N)c(c3)c4oc5ccccc5n4,3.4,3.6994405859255997,0.29944058592559974
2088,train,Oc1ccc(Cl)cc1C(=O)Nc2ccc(F)cc2F,3.6,3.353647003558172,-0.24635299644182806
2413,train,O[C@@]1(CN2CCC1CC2)C#Cc3ccc(Oc4ccc(cc4)C(=O)NCc5ccncc5)cc3,2.31,2.661431894748562,0.35143189474856174
516,train,COc1cccc2c(O)cc(nc12)c3ccccc3,2.3,2.131358060090321,-0.16864193990967902
3592,train,CCCCCCCCCC(=O)N[C@@H](Cc1c[nH]c2ccccc12)C(=O)N[C@@H](CC(=O)N)C(=O)N[C@@H](CC(=O)O)C(=O)N[C@H]3[C@@H](C)OC(=O)[C@H](CC(=O)c4ccccc4N)NC(=O)[C@@H](NC(=O)[C@@H](CO)NC(=O)CNC(=O)[C@H](CC(=O)O)NC(=O)[C@@H](C)NC(=O)[C@H](CC(=O)O)NC(=O)[C@H](CCCN)NC(=O)CNC3=O)[C@H](C)CC(=O)O,-0.94,-0.7768673910716286,0.16313260892837134
2535,train,Cc1oc(cc1C(=O)Nc2cccc(c2)C(=O)O)c3ccccc3,1.63,1.4131180449882133,-0.21688195501178664
3969,train,Cc1c(Cl)ccc(OC2CCN(CC3CCN(CC3)[C@@H](Cc4ccc(F)cc4)C(=O)O)CC2)c1Cl,3.15,3.0942685035721875,-0.05573149642781239
4001,train,COc1cc(ccc1Nc2nccc(n2)c3cnc4ccccn34)N5CCN(CC5)C(=O)C,3.0,3.0252456283569233,0.025245628356923344
399,train,CN(C)CC(O)COc1ccc(Nc2cc(ncn2)N(CC#C)c3cc(Cl)ccc3Cl)cc1,2.8,2.819643796199277,0.01964379619927703
264,train,CC(C)[C@@H](CO)NS(=O)(=O)c1ccc(Cl)s1,2.3,2.5558217513720374,0.25582175137203755
4089,train,Clc1cc(Cl)c2c3C(=O)NNC(=O)c3[nH]c2c1,1.02,1.5189273084547636,0.49892730845476363
1176,train,CCC(CC)n1nc(C)c(C(=O)N[C@@H](C)C(C)(C)C)c1NS(=O)(=O)c2ccc(C)cc2,1.88,1.9900300411006526,0.11003004110065273
3253,train,Nc1ncnc2OCCN(C(=O)c12)c3ccc(cc3)[C@@H]4CC[C@@H](CC(=O)O)CC4,-0.5,-0.17500775890138653,0.32499224109861347
3599,train,CC(C)(C)C(=O)NCc1ccc(NC(=O)N2CCCC(O)(C2)c3ccc(Cl)c(Cl)c3)cc1,3.93,4.01607623409347,0.08607623409346976
1006,train,CCN(CC)CCNC(=O)c1ccc(N)cc1,-0.92,-0.863862192001303,0.056137807998697054
944,train,OCCN1CCN(CCCN2c3ccccc3Sc4ccc(Cl)cc24)CC1,3.6,4.055397173817472,0.4553971738174716
2949,train,Oc1ccc(CCNCCS(=O)(=O)CCCOCCc2nccc3ccccc23)c4sc(O)nc14,2.35,2.1740415915306923,-0.17595840846930777
3438,train,CNCCC=C1c2ccccc2CCc3ccccc13,1.58,1.5022510370661584,-0.0777489629338417
2915,train,OC(=O)Cc1ccccc1Nc2c(Cl)cccc2Cl,1.08,1.1952361283823567,0.11523612838235664
4140,train,CC(C)(C)C(=O)N[C@H]1CCCCNC1=O,0.58,0.8618144541793094,0.2818144541793094
3399,train,COc1ccccc1CNCc2ccc(CCNC[C@H](O)c3ccc(O)c4NC(=O)Sc34)cc2,0.15,0.3687706976120153,0.2187706976120153
967,train,CCN(CC)C(=O)c1ccc(cc1)C(=C2CCN(Cc3ccc(F)cc3)CC2)c4cccnc4,3.65,3.9286724922672134,0.27867249226721347
1790,train,CCn1cc(NC(=O)Cc2ccc(Oc3ccnc4cc(F)ccc34)cc2OC)cn1,3.93,4.165053923293696,0.2350539232936959
2707,train,OC(=O)C1=CN(C2CC2)c3cc(N4CCN(CC4)C(=O)CC[N+](=O)[O-])c(F)cc3C1=O,0.22,0.49592774595179967,0.2759277459517997
1943,train,O[C@H](CNC(=O)C1=CNC(=O)C=C1C(F)(F)F)CN2CCC(CC2)Oc3ccc(Cl)c(Cl)c3,2.71,2.7772762612561666,0.06727626125616659
1957,train,O=C(NC1(CC1)C#N)[C@@H]2CCCC[C@H]2C(=O)N3CCc4[nH]c5ncccc5c4C3,2.13,2.4211309647822437,0.29113096478224376
4084,train,C1CN2CCC1C(C2)c3ccc(cc3)c4ccccc4,1.76,2.129632967211608,0.3696329672116081
3979,train,CCC(=O)N1CCN(CC1)C(=O)c2cc(CC3=NNC(=O)c4ccccc34)ccc2F,1.22,1.26112694725055,0.041126947250549994
3215,train,C[C@@H]1CN(CCN1c2ncc(OCc3ccncc3C#N)cn2)c4noc(n4)C(F)F,2.85,3.065664259150923,0.2156642591509228
1158,train,CN1CCCC(COc2nccc(Nc3cc(NC(=O)c4ccnc(c4)N5CCOCC5)ccc3C)n2)C1,1.9,2.0567130112383936,0.15671301123839365
1888,train,CC(C)C(NC(=O)CN1C(=O)C(=CC=C1c2ccccc2)NC(=O)Cc3ccc(cc3)C(=O)O)C(=O)C(F)(F)F,0.35,0.21635619855002663,-0.13364380144997334
3340,train,CC(C)Cn1cnc(c2ccccc2)c1c3nc4c(N)ncnc4s3,3.72,3.7215257080094677,0.0015257080094674969
2761,train,COc1cc2ncnc(Nc3ccc(F)c(Cl)c3)c2cc1OCCCN4CCCCC4,3.3,3.723484517551582,0.42348451755158223
1319,train,C[C@H]1O[C@H]([C@H](O)[C@@H]1O)n2cnc3c(N)nc(OCC4CCC(F)(F)CC4)nc23,1.72,1.8665359637125367,0.14653596371253674
1019,train,CCN(C1CCN(CCC(N2CCN(CC2)c3ccccc3)c4ccccc4)CC1)C(=O)Cc5ccc(cc5)S(=O)(=O)C,2.67,3.040615544703194,0.370615544703194
4145,train,O=S(=O)(Nc1cccc2[nH]ncc12)c3cccs3,1.7,1.806611300424835,0.10661130042483502
4016,train,CC(C)NC(=O)c1cc2c(c(cnc2[nH]1)c3cncc(c3)C(=O)O)n4ccc(n4)C(F)(F)F,-0.62,-0.6940635113105329,-0.0740635113105329
753,train,CN1CCN(CC1)c2ccc3N=CN(C(=O)c3c2)c4cc(NC(=O)c5ccc(cc5)C#N)ccc4C,2.73,2.7178024741055022,-0.01219752589449774
3987,train,C1CN2CCC1C(=C2)c3oc4ccccc4c3,2.59,2.726497384703303,0.1364973847033033
2426,train,COc1ccc(cc1OC2CCCC2)[C@@]3(CC[C@H](CC3)C(=O)O)C#N,0.76,0.8268439341418952,0.06684393414189516
2719,train,Clc1ccccc1C(=O)NCC23CC4CC(CC(C4)C2)C3,4.05,4.1246590076011955,0.0746590076011957
2029,train,Cc1c(CC(=O)O)c2cc(F)ccc2n1S(=O)(=O)c3ccc(cc3)S(=O)(=O)C,-0.44,-0.48303121011814776,-0.043031210118147756
2906,train,CCC(N(CCCN)C(=O)c1ccc(C)cc1)C2=Nc3ccsc3C(=O)N2Cc4ccc(C)cc4,1.69,1.8956846432383385,0.20568464323833857
4136,train,CC(=O)C1=Cc2ccc(O)cc2OC1=O,0.87,0.5769664412982642,-0.29303355870173575
2681,train,CC(=O)Nc1nc(CCc2ccc(NC(=N)N)cc2)cs1,-0.82,-0.6629374405929664,0.1570625594070335
2690,train,NC(=N)c1cc2c(I)cccc2s1,0.74,0.7458789869769216,0.005878986976921574
140,train,CN1C(=O)N(CC2CC2)c3nn(Cc4ccnc5ccc(Cl)cc45)c(c6cc(cn6C)C#N)c3C1=O,3.67,3.945576443090638,0.275576443090638
1018,train,C[C@@H]1NC(C)(C)CO[C@@]1(O)c2cccc(Cl)c2,1.69,1.9030436272190694,0.21304362721906944
3876,train,COc1cc(F)ccc1c2cncc(CNC(=O)c3cnccn3)c2,2.5,2.5080977847842347,0.00809778478423473
2569,train,C[C@H](NC1=NC(=O)[C@@](C)(S1)C(F)(F)F)c2ccccc2F,3.1,3.3549595042822977,0.25495950428229763
2269,train,COC1CCN(CC1)C(=O)C2CCN(CCc3c([nH]c4sc(cc34)C(C)(C)C(=O)N5C6CCC5CC6)c7cc(C)cc(C)c7)CC2,4.09,4.198051462569808,0.10805146256980791
1687,train,COc1cc(CO)cc(c1)N(C)c2ccnc(Nc3cc(cc(c3)N4CCOCC4)N5CCOCC5)n2,3.0,3.3062071120733876,0.3062071120733876
3481,train,COc1cc(ccc1Cn2ncc3ccc(NC(=O)CC4CCCC4)cc23)C(=O)NS(=O)(=O)c5ccccc5,1.6,1.4536642167549094,-0.14633578324509067
222,train,OCC[C@@]1(CCCNC1)c2ccc(Cl)c(Cl)c2,0.61,0.7993164854725392,0.1893164854725392
1129,train,CCN(C1CCN(CCC(c2ccccc2)c3ccc(cc3)C#N)CC1)C(=O)Cc4ccc(cc4)S(=O)(=O)C,2.76,2.4830588311252324,-0.2769411688747674
1803,train,NS(=O)(=O)c1cc2c(NCNS2(=O)=O)cc1Cl,-0.09,-0.017538761925986357,0.07246123807401364
2211,train,CC1=CN([C@H]2CCCN(C2)S(=O)(=O)c3ccc(O)c(Oc4cccc(F)c4)c3)C(=O)NC1=O,1.6,1.682687097613493,0.08268709761349302
3245,train,O=C(NCCCN1CCCCC1)C(c2ccccc2)c3ccccc3,1.33,1.1489475761544978,-0.18105242384550224
579,train,CCc1nc2c(N)nc3ccccc3c2n1CCCCNS(=O)(=O)C,1.24,1.673794296062025,0.4337942960620249
1459,train,COc1ccc(Oc2ncccc2C(=O)NCc3ccccc3Cl)cc1,3.59,3.7647661466733053,0.17476614667330548
1947,train,Nc1nccc(\C=C\c2ccc(Cl)cc2)n1,3.5,3.4730608543520844,-0.026939145647915552
3567,train,Oc1ccc(CCNCCCNS(=O)(=O)CCOCc2cccc3ccccc23)c4sc(O)nc14,1.69,1.5930991804787422,-0.09690081952125773
334,train,COc1cc2ncnc(Nc3cc(NC(=O)c4ccnc(c4)N5CCOCC5)ccc3C)c2cc1OCCN6CCCC6,2.7,2.955246963477537,0.25524696347753695
1569,train,CC1=C(C(=O)c2cc(O)c(O)c(CCc3ccc(C)cc3)c2C1=O)C4=C(C)C(=O)c5c(CCc6ccc(C)cc6)c(O)c(O)cc5C4=O,3.36,3.620393525292227,0.26039352529222715
3371,train,CS(=O)(=O)N1CCC(CC1)NC(=O)NC23CC4CC(CC(C4)C2)C3,2.7,3.1880168303729786,0.4880168303729784
307,train,CC[C@H](NC(=O)c1c(CN(C)C)c(nc2ccccc12)c3ccccc3)c4ccccc4,4.18,4.294057134443474,0.11405713444347398
2988,train,CCN1C(=O)N(CC)c2[nH]c(nc2C1=O)c3ccccc3,3.3,3.3539550106691056,0.053955010669105796
1064,train,Cc1cccc(NS(=O)(=O)c2ccc(cc2)c3ccc(cc3)C#N)n1,2.42,2.5440703401621243,0.12407034016212437
1748,train,CN(C)CCNC(=O)c1ccc(Nc2ncc3cc(ccc3n2)c4ccncc4)cc1,2.29,2.1353133847398906,-0.1546866152601094
2109,train,NC(Cc1ccccc1)c2ccccc2,1.32,1.355806453295874,0.03580645329587395
2784,train,CCCSc1nc(ccc1C(=O)N[C@@H]2C3CC4CC2C[C@@](O)(C4)C3)N5CCOCC5,3.2,3.217140276452368,0.017140276452368042
1634,train,Fc1ccc(cc1)N2CCN(CC2)C(=O)[C@@H]3CCCC[C@H]3C(=O)NC4(CC4)C#N,2.12,2.5736855853890654,0.45368558538906534
623,train,CCN(CC)c1ccc(cc1)c2nn3c(nnc3s2)c4[nH]nc5CCCc45,3.37,4.080282702338117,0.7102827023381169
3806,train,CN1CCN(CC1)c2ccc3N=CN(C(=O)c3c2)c4cc(NC(=O)c5cocc5)ccc4C,2.43,2.7144807330975076,0.28448073309750743
1596,train,C[C@H](CO)Nc1nc(SCc2cccc(F)c2F)nc3NC(=O)C(=O)Nc13,2.48,2.714527982545159,0.23452798254515894
1304,train,NC(=O)c1ccc(Br)cc1,1.75,1.5672151594224184,-0.1827848405775816
3718,train,CC(C)N1CCO[C@@H](CN2CCN(CC2)C(=O)Nc3ccc(Cl)c(Cl)c3)C1,2.77,2.5688860248167695,-0.2011139751832305
2787,train,Cc1cc(Cl)ccc1OC2CCN(C[C@H](O)CNC(=O)C3=CNC(=O)c4cc(ccc34)S(=O)(=O)C)CC2,2.42,2.3173033673714096,-0.1026966326285903
3313,train,C[C@H](CO)N1C=Cc2c(NC(=O)Cc3ccc(Cl)c(c3)C(F)(F)F)cccc2C1=O,3.49,3.6254086908421765,0.13540869084217633
1282,train,Nc1nonc1\C(=N\O)\Nc2ccc(F)c(Cl)c2,2.7,2.864409303875067,0.16440930387506691
113,train,CC(C)C[C@H](N)c1oc(nn1)S(=O)(=O)Cc2ccc(F)cc2,1.11,1.494974332919287,0.38497433291928695
715,train,CC(C)c1nc2ccccc2n1c3nc(N4CCOCC4)c5nc(OC6CN(C6)C7CCS(=O)(=O)CC7)n(C)c5n3,2.9,2.771441189453169,-0.12855881054683094
3246,train,Nc1c(Nc2ccccc2)nc(nc1N3CCOCC3)C#N,2.72,2.8719922798815425,0.1519922798815423
2678,train,OC1CCN(CC1)C(=O)c2ccc(cc2)C(=C3CCN(Cc4cscn4)CC3)c5cccc6cccnc56,1.89,2.1752104643386874,0.28521046433868746
1785,train,CC(C)c1nnc2ccc(cn12)c3ocnc3c4cc(F)ccc4F,2.44,2.5508848167361795,0.11088481673617956
3673,train,CN[C@@H](C)C(=O)N[C@@H](C1CCCCC1)C(=O)N[C@H]2CCCN(Cc3ccccc3)C2,2.01,2.1310268078417898,0.12102680784178999
3160,train,C(CN1CCCC1)Oc2ccc(Nc3ncc4cc(ccc4n3)c5ccncc5)cc2,2.66,2.9212210708824573,0.26122107088245716
3130,train,C[C@H](C(=O)O)c1cccc(c1)C(=O)c2ccccc2,-0.06,-0.132570886207247,-0.072570886207247
1117,train,CC(C)NCC(O)COc1nccs1,-0.97,-0.8077858100468007,0.16221418995319925
259,train,NC1(CCC1)c2ccc(cc2)c3nn4cccc4cc3c5ccccc5,3.3,3.7522159414348493,0.45221594143484944
1207,train,CC(=O)Nc1ccc2ccn(c3cc(NCCN4CCCC4)n5ncc(C#N)c5n3)c2c1,2.24,2.114117145149407,-0.12588285485059325
895,train,CNC(=O)Nc1nc2ccc(cn2n1)c3cncc(c3)S(=O)(=O)NC(C)(C)C,1.58,1.5438658344430882,-0.036134165556911846
2801,train,CC(C)(C)NC[C@H](O)COc1nsnc1N2CCOCC2,-0.22,-0.1008708811125465,0.1191291188874535
4061,train,NNC(=O)c1ccncc1,-0.57,-0.7695293024089871,-0.19952930240898714
880,train,OC(=O)c1cccnc1N2CCC(CN3CCC(CC3)Oc4ccc(Cl)c(Cl)c4)CC2,1.71,1.9425239208568033,0.2325239208568033
4071,train,CC1CN(CCN1)C(=O)c2cc3ccccc3[nH]2,0.94,1.114257226904611,0.17425722690461098
366,train,Oc1cc(ccc1NC(=O)Nc2ccccc2Br)[N+](=O)[O-],3.9,3.9078076856806074,0.0078076856806075234
2429,train,CS(=O)(=O)c1cccc(Nc2nccc(Nc3cccc4[nH]ncc34)n2)c1,2.91,3.1307959778647287,0.2207959778647286
2944,train,Cc1cc(Nc2ccc(F)cc2)nc(N)n1,2.08,2.1249950742214825,0.04499507422148241
89,train,Cc1nc(C)c(nc1C(=O)N)c2ccc([C@@H]3CC[C@@H](CC(=O)O)CC3)c(F)c2,1.3,1.050015692122686,-0.24998430787731407
3936,train,CN(c1ccnc(Nc2cc(nc(n2)N3CCOCC3)N4CCOCC4)n1)c5cc(CO)ccc5C,3.9,3.7768202146358867,-0.12317978536411323
2064,train,Oc1ccc(cc1)C2=Cc3cc(O)ccc3OC2=O,2.9,2.867248970373168,-0.03275102962683185
229,train,CCCCc1ncc(\C=C(/Cc2cccs2)\C(=O)O)n1Cc3ccc(cc3)C(=O)O,-0.9,-0.9377260569143484,-0.03772605691434838
2247,train,COc1cc2c(Nc3ccc(Cl)cc3F)ncnc2cc1OC[C@@H]4CCCN(C)C4,2.9,2.7952777585453115,-0.10472224145468845
3240,train,Cc1cc(Cl)ccc1OC2CCN(CC3CCN(CC3)[C@@H](Cc4ccc(F)cc4)C(=O)O)CC2,2.53,2.3875784342893427,-0.14242156571065712
2219,train,OC(CN1CCCCC1)(C(=O)c2ccccc2)c3ccccc3,3.41,3.484189888751924,0.07418988875192367
2037,train,COc1ccccc1C(=O)Nc2nc3ccccc3[nH]2,2.9,3.195584189117491,0.2955841891174913
4125,train,Cc1ccc(cc1NC(=O)c2ccc(OCc3ccccn3)cc2)c4cn(C)cn4,2.54,2.456949625057875,-0.08305037494212497
987,train,COc1cc(ccc1Nc2ncc3N(C)C(=O)CCN(C4CCCCC4)c3n2)C(=O)NC5CCN(C)CC5,2.87,2.775888783214192,-0.09411121678580825
750,train,CC1=CN([C@H]2CCCN(Cc3ccc(C(=O)O)c(Oc4cccc(Br)c4)c3)C2)C(=O)NC1=O,-0.51,-0.5599196180979931,-0.04991961809799306
4005,train,OCCNC(=O)CN1C(=O)C(Cc2ccccc12)NC(=O)c3cc4cc(Cl)sc4[nH]3,3.05,3.3695002597017645,0.31950025970176466
3041,train,[O-][N+](=O)c1ccc2[nH]c(nc2c1)c3ccccn3,2.8,3.2482286054535248,0.44822860545352494
2624,train,CCN1CCN(Cc2cnc(c(Cl)c2)c3ccc(cc3)C(=O)Nc4ccccc4N)CC1,1.81,1.8421292199544739,0.03212921995447382
3049,train,COc1cc(OC)cc(c1)C2=CC=C(NC(=O)OCc3ccccc3)C(=O)N2CC(=O)NC(C(C)C)C(=O)C(F)(F)F,2.26,1.78970568665222,-0.4702943133477797
3388,train,Clc1ccc(cc1)C(N2CCNCC2)c3ccccc3,1.94,2.178102875246982,0.23810287524698204
1110,train,Cc1cc(O)ccc1N2C(=O)c3ccc(O)cc3C2=O,2.0,1.718241818931739,-0.281758181068261
3963,train,N[C@@H](Cc1ccc(F)cc1)C(=O)O,-1.06,-1.2779984310629477,-0.2179984310629477
164,train,FC(F)(F)c1nnc2ccc(nn12)N3CCCCC3,3.0,3.175040042516094,0.17504004251609384
362,train,CN(C)CC(O)COc1ccc(Nc2cc(ncn2)N(CC#N)c3cc(Cl)ccc3Cl)cc1,2.1,2.147846237465054,0.04784623746505412
1281,train,CN(C)c1ncnc2nc[nH]c12,0.95,1.0583432355536666,0.10834323555366665
1231,train,COc1cccc(Oc2cncnc2O)c1,0.59,0.6862979757545404,0.09629797575454047
2531,train,O=C(CC1CCCCCC1)Nc2cccc3C(=O)N(C=Cc23)[C@H]4CCNC4,1.15,1.1679229832521574,0.017922983252157465
1038,train,Fc1ccccc1COc2cc(OCCCN3CCCC3)ccc2C(=O)Nc4ccccc4,3.85,3.839517881849792,-0.010482118150207942
2897,train,COc1cccc(c1)c2cc3c(N[C@H]4CCCNC4)ncc(C(=O)N)c3s2,1.82,1.786618746839708,-0.03338125316029217
2936,train,[O-][N+](=O)c1ccc2C(=O)C(=O)c3ccccc3c2c1,2.56,2.358473642161742,-0.201526357838258
3024,train,NC(=O)c1cnc(N[C@H]2CCCNC2)c3cc(sc13)c4ccc(Cl)c(F)c4,2.76,3.098458123302269,0.33845812330226943
4174,train,C(Cn1c2CCCCc2c3c(nc(nc13)N4CCCC4)N5CCCC5)N6CCOCC6,3.6,3.857644606443195,0.25764460644319476
470,train,O=C(N1CCCC1)c2ccc(cc2)C(=C3CCN(Cc4cscn4)CC3)c5cccc6cccnc56,2.75,2.7067859418335067,-0.04321405816649326
1047,train,CS(=O)(=O)C1(CC1)c2cc(nc(n2)c3ccccc3)N4CCOCC4,2.6,2.8200814410449295,0.22008144104492944
573,train,O[C@@H](CNCCc1ccc(CNCCc2ccccc2F)cc1)c3ccc(O)c4NC(=O)Sc34,1.3,1.4320188362787172,0.13201883627871713
1776,train,Fc1ccc(N2CCN(CC2)C(=O)COCc3ccncc3)c(Cl)c1,2.63,2.7854990388881467,0.15549903888814676
3276,train,CC[C@@H](N1CCC[C@@H](C1)N2C=C(C)C(=O)NC2=O)c3ccc(C(=O)O)c(Oc4cccc(Cl)c4)c3,0.22,-0.029697523385429303,-0.2496975233854293
606,train,C[C@H](NC(=O)c1c(C)nn(c1NS(=O)(=O)c2ccc(C)cc2)C(C)(C)C)C(C)(C)C,1.84,1.763869674216004,-0.07613032578399603
3500,train,OC(=O)C[C@@H]1CC[C@H](CC1)c2ccc(cc2)c3ccc(Nc4ccc(nc4)C(F)(F)F)cn3,3.8,3.9538009559739473,0.1538009559739475
3475,train,CN1CCN(CCCN2c3ccccc3Sc4ccc(Cl)cc24)CC1,3.92,3.9434579904262366,0.02345799042623664
1183,train,NC(=O)c1cnc2[nH]c(nc2c1NCCCNC(=O)C3CCC3)c4ccc(OCCN5CCCCC5)cc4,2.48,2.7602930672887087,0.28029306728870873
1562,train,COc1ccc2C=CC(=O)N(CCN3CCC(CC3)NCc4cc5OCCOc5cn4)c2c1,1.31,1.2581705127984213,-0.05182948720157876
1906,train,CNCC[C@@H](Oc1cc(OC)ccc1C#N)c2ccccc2,0.87,1.0053686876522525,0.13536868765225252
561,train,CCCCN(CCCC)CCCOC(=O)c1ccc(N)cc1,1.93,2.034231745736497,0.10423174573649718
3604,train,CCCSc1nc(N[C@@H]2C[C@H]2c3ccccc3)c4nnn([C@@H]5C[C@H](OCCO)[C@@H](O)[C@H]5O)c4n1,3.87,4.090053179551468,0.22005317955146797
1642,train,CN(C)C\C=C\C(=O)Nc1cc2c(Nc3ccc(F)c(Cl)c3)ncnc2cc1O[C@H]4CCOC4,3.7,3.683517485916007,-0.01648251408399304
2534,train,Cc1ccc(cc1NC(=O)c2ccc(OCc3ccccn3)cc2)c4ncc(CN5CCOCC5)s4,3.1,3.220299084590765,0.12029908459076477
1673,train,COc1ccc2nc(C)cc(OCC(=O)Nc3ccccc3OC)c2c1,3.9,3.988243959607284,0.08824395960728415
1963,train,COCCOC(=O)C1=C(C)NC(=C(C1c2cccc(c2)[N+](=O)[O-])C(=O)OC(C)C)C,3.8,3.7881083137409024,-0.011891686259097423
3269,train,Oc1c2C(=O)N(NC(=O)c2nc3cc(Cl)ccc13)C(c4ccccc4)c5ccncc5,1.1,1.2314371585185917,0.1314371585185916
112,train,OC(C(=O)c1ccc(F)cc1)c2ccc(F)cc2,2.49,2.3659814239439516,-0.1240185760560486
1944,train,CC(C)C(NC(=O)CN1C(=O)C(=CC=C1c2ccccc2)NS(=O)(=O)C(F)(F)F)C(=O)C(F)(F)F,1.01,1.0651689912613613,0.05516899126136132
217,train,CC(C)CN1C(=O)N(C)C(=O)c2c1sc(Cc3c[nH]c4ccccc34)c2C(=O)N5CC[C@@H](O)C5,2.35,2.0997363988818036,-0.25026360111819645
2966,train,Cc1ncsc1CCOCCCS(=O)(=O)CCNCCc2ccc(O)c3nc(O)sc23,1.44,1.456451102691747,0.0164511026917471
2958,train,C[C@H](Nc1nc(Nc2cc(C)[nH]n2)cnc1C#N)c3ncc(F)cn3,1.96,2.3596178235069347,0.39961782350693476
1914,train,CCCc1cc(cc(OC)c1OC)C2=N[C@H](CO2)C(=O)NO,1.69,1.8586912178128374,0.16869121781283747
344,train,Cc1ccc(cc1NC(=O)c2cnn(c2N)c3ccccc3F)C(=O)Nc4ccon4,2.6,2.6083974083741515,0.008397408374151372
4118,train,CC[C@H](NC(=O)c1c([S+](C)[O-])c(nc2ccccc12)c3ccccc3)c4ccccc4,3.17,3.266886678464356,0.09688667846435628
106,train,COc1cc2ncc(C(=O)N)c(Nc3ccc(F)cc3F)c2cc1N4CCN(C)CC4,2.18,1.9033211770540683,-0.2766788229459318
590,train,Nc1ccccc1NC(=O)c2ccc(cc2)N3CCOCC3,1.2,1.3958996521635096,0.19589965216350969
3882,train,CC(C)n1c(C)ncc1c2ccnc(Nc3ccc(cc3)C(=O)NC4CCN(C)CC4)n2,1.87,1.8079110759725463,-0.06208892402745381
3511,train,NC(=O)c1nnn(c1N)c2ccccc2,0.74,0.7892909263137955,0.0492909263137955
3391,train,NC1(CCC1)c2ccc(cc2)c3nc4ccccn4c3c5ccccc5,2.8,2.9602002383967454,0.16020023839674558
3608,train,COc1ccc(cc1Cl)C(=O)NCCN2CCN(Cc3ccc(Cl)c(Cl)c3)CC2,3.74,3.947666553316662,0.20766655331666195
2728,train,COc1ccc2c(c1)c(c(C)n2CC(=O)O)c3ccnc4cc(Cl)ccc34,1.16,1.0866394005618591,-0.07336059943814077
1641,train,COCCOc1cc2ncnc(Nc3cccc(c3)C#C)c2cc1OCCOC,3.35,3.539799343494593,0.18979934349459304
1046,train,CC(=O)NC[C@H]1CN(C(=O)O1)c2ccc(c(F)c2)n3ccc(c3)C#N,1.6,1.5528201651146045,-0.047179834885395566
3720,train,CC(C)n1c(C)ncc1c2ccnc(Nc3ccc(C(=O)N(C)C)c(F)c3)n2,2.74,2.730523529297746,-0.009476470702254325
764,train,OC(=O)c1cccc(c1)C(=O)N2CCC(CC2)N3CCC(CC3)Oc4ccc(Cl)c(Cl)c4,1.23,1.191477212492611,-0.03852278750738902
906,train,Fc1ccc(cc1)n2cc(C3CCNCC3)c4cc(Cl)ccc24,2.4,2.483116022116957,0.08311602211695712
720,train,Cc1cnc(NC(=O)Cc2ccccc2)s1,2.9,2.850505674901972,-0.04949432509802776
233,train,O=C(Nc1nc2C(=O)NC=Nc2s1)c3ccccc3,1.94,2.2889759316882223,0.3489759316882224
1714,train,CCCSc1c(cnn1[C@@H]2CC[C@@H](CC2)C(=O)O)C(=O)NC3CCCCC3,1.39,1.389033262653856,-0.0009667373461439421
4030,train,COc1cc(OC)c(cc1NC(=O)NCC(=O)O)S(=O)(=O)N2C(C)CCc3ccccc23,-1.02,-0.9022326478097344,0.11776735219026557
1149,train,CC(NCC(O)c1ccc(cc1)[N+](=O)[O-])C23CC4CC(CC(C4)C2)C3,3.53,3.6809352873338765,0.15093528733387673
34,train,O=C(NCc1ccncc1)c2ccc(Oc3ccccc3C#N)cc2,2.57,2.839738946519243,0.26973894651924324
2846,train,CN1CCc2cc(Cl)c(O)cc2[C@H](C1)c3ccccc3,2.5,2.425265164922999,-0.07473483507700118
4049,train,OC(=O)COc1ccc(Cl)cc1CN2CCN(CC2)S(=O)(=O)Cc3ccccc3,0.33,0.440405198379868,0.11040519837986801
3316,train,CCNC(=O)c1cc2c(c(cnc2[nH]1)c3cc(cnc3OC)C4=NNC(=O)O4)n5ccc(n5)C(F)(F)F,2.91,2.85207723418912,-0.05792276581088007
1557,train,Cc1ccc2nc(NCCN)c3ncc(C)n3c2c1,0.88,0.8613028442457495,-0.01869715575425046
4054,train,COc1cc(Nc2cc(Oc3ccc(C)nc3)ccn2)cc(OC)c1OC,3.21,3.28781135122182,0.07781135122182015
3196,train,CN(C)C(=O)C1(CCN(CC[C@H](CN(C)C(=O)c2cc(cc3ccccc23)C#N)c4ccc(Cl)c(Cl)c4)CC1)N5CCCCC5=O,2.52,2.504678833550735,-0.015321166449265178
2280,train,CN1CCC(CC1)Oc2nccc(Nc3cc(NC(=O)c4ccnc(c4)N5CCOCC5)ccc3C)n2,1.8,1.9880835952242586,0.18808359522425855
2773,train,Cc1nc(C)c(nc1C(=O)N)c2ccc3c(CC[C@@]34CC[C@H](CC4)C(=O)O)c2,1.3,1.227034681292128,-0.07296531870787204
234,train,CC[C@H](NC(=O)c1c([S+](C)[O-])c(nc2ccccc12)c3ccc(F)cc3)c4ccccc4,3.72,3.7312195449557786,0.011219544955778371
1864,train,CC(C)CN1C(=O)N(C)C(=O)c2c1sc(Cc3c[nH]c4ncccc34)c2C(=O)N5CC[C@@H](O)C5,1.71,1.657499852267983,-0.052500147732017055
1024,train,C[C@@H](NC(=O)c1cccnc1Oc2ccccc2)c3ccccc3,3.14,3.293235891481184,0.153235891481184
2290,train,COc1cc(ccc1Nc2ncc(Cl)c(n2)c3cnc4ccccn34)N5CC6CNCC(C5)O6,2.3,2.649890738158037,0.3498907381580372
1990,train,C(Nc1nc2ccccc2[nH]1)c3ccccc3,2.76,2.8470106618185427,0.08701066181854289
3490,train,CN(C)CC(C)(C)COc1nccc(Nc2cc(NC(=O)c3ccnc(c3)N4CCOCC4)ccc2C)n1,2.2,2.79595790476422,0.5959579047642198
3799,train,O=C(Nc1ccc(cc1)N2CCOCC2)c3oc(Nc4ccccc4)nn3,3.15,3.2128312135891264,0.06283121358912647
212,train,CCCCCC[C@H]1OC(=O)CNC(=O)[C@H](NC(=O)[C@H](CO)NC(=O)[C@@H](NC(=O)[C@H](CC(C)C)N(C)C(=O)[C@@H]1C)[C@H](C)CC)[C@H](C)O,3.2,3.016510228561441,-0.18348977143855905
459,train,CS(=O)(=O)Nc1ccc(CCOCCCS(=O)(=O)CCNCCc2ccc(O)c3nc(O)sc23)cc1,1.34,1.4435054047545106,0.10350540475451053
2873,train,CCOc1ccc(CCNCCCSCCNC[C@H](O)c2ccc(O)c3NC(=O)Sc23)cc1,0.41,0.6634225912944987,0.2534225912944987
760,train,OCC[C@@]1(CCCNC1)c2oc3ccccc3c2,0.12,0.3628634682745784,0.2428634682745784
1314,train,COc1ccc2N=CC(=O)N(CCN3CC[C@@H](NCc4ccc5OCC(=O)Nc5n4)[C@@H](F)C3)c2c1,0.83,0.6139722665405556,-0.21602773345944437
2888,train,C[S+]([O-])c1ccc(\C=C/2\C(=C(CC(=O)O)c3cc(F)ccc23)C)cc1,-0.01,-0.11784510961480388,-0.10784510961480388
4065,train,Cc1cccc(Nc2ncnc3ccccc23)c1,3.21,3.5201292574481426,0.3101292574481427
4033,train,CCCNC(=O)c1cc2c(c(cnc2[nH]1)c3cncc(c3)C(=O)O)n4ccc(n4)C(F)(F)F,-0.79,-0.7552970602154243,0.034702939784575726
425,train,NC(=O)Nc1sc(cc1C(=O)N)c2ccc(OCCN3CCCCC3)cc2,1.2,1.2487410847733973,0.048741084773397336
376,train,Nc1nc(OCc2nccs2)nc3c1ncn3[C@@H]4O[C@H](CF)[C@@H](O)[C@H]4O,0.47,0.13939982655978778,-0.3306001734402122
2583,train,COc1ccc(cc1)c2nc3c(NCCCNC(=O)c4ccccc4)c(Br)cnc3[nH]2,0.25,0.5405258741764607,0.2905258741764607
708,train,C[C@H]1CN(Cc2cc(Cl)ccc2OCC(=O)O)CCN1C(=O)Cc3ccc(Cl)cc3,1.21,1.2705649069279426,0.060564906927942586
985,train,Oc1ccc(NC(=O)c2ccc(O)cc2)cc1,1.5,1.251228278345254,-0.24877172165474604
458,train,CCCSc1nc2ccc(NC(=O)CCC(=O)O)cc2s1,0.5,0.5255805882908735,0.025580588290873507
3489,train,CO[C@H]1CN(CCCOc2ccc(F)cc2)CC[C@H]1NC(=O)c3cc(Cl)c(N)cc3OC,3.56,3.7097653313343537,0.14976533133435366
429,train,CS(=O)(=O)c1cccc(Nc2nccc(Nc3c(Cl)ccc4OCOc34)n2)c1,3.13,3.4024056137510117,0.2724056137510118
1564,train,Clc1ccc2NC(=O)CN(C(c3ccccc3)c2c1)C(=O)c4ccccc4,3.31,3.2408206729248823,-0.06917932707511776
3545,train,CN1CCN(CC1)c2ccc3ncc(C(=O)N)c(Nc4ccc(Cl)cc4Cl)c3c2,3.23,3.1208631100478197,-0.1091368899521803
765,train,Cc1c(Sc2ccc(Cl)cc2)c3cc(F)ccc3n1CC(=O)O,1.84,1.837569268669885,-0.0024307313301150657
2965,train,Nc1nc(OC2CCCC2)nc3c1ncn3[C@@H]4O[C@H](CO)[C@@H](O)[C@H]4O,0.79,0.8737185675061923,0.08371856750619222
3883,train,NS(=O)(=O)c1cccc2c3nc(O)c(O)nc3cc(c12)[N+](=O)[O-],0.36,0.4227669470356361,0.06276694703563612
2440,train,Nc1ncnc2c1ncn2[C@@H]3O[C@H](CSCCCNC(=O)Nc4ccccc4)[C@@H](O)[C@H]3O,1.9,2.0651123145420507,0.16511231454205078
1772,train,CN1C(=O)N(CC2CC2)c3nn(Cc4ccnc5ccc(Cl)cc45)c(c6cncn6C)c3C1=O,2.69,3.097185677962993,0.407185677962993
975,train,Cc1ccc(COC(=O)N2CCC(CNc3ncccn3)CC2)cc1,3.6,3.7336766608379293,0.13367666083792917
3320,train,C[C@H](N)COc1c(C)cccc1C,0.6,0.3833752958199692,-0.21662470418003077
405,train,CC(C)CNc1nc(nc(N2CCNCC2)c1N)C#N,0.7,1.1532424677985509,0.45324246779855093
1022,train,Clc1cc(Cl)cc(c1)S(=O)(=O)NCC(N2CCCCCC2)c3ccccc3,3.36,3.4806828012113282,0.12068280121132835
2329,train,O=C1CCOc2nc(ccc12)C#CC3CCCCC3,3.3,3.5590591872059645,0.25905918720596466
103,train,CC(C)CC(N1NC(=O)c2nc3cc(Cl)ccc3c(O)c2C1=O)c4ccncc4,1.64,1.7593646725568401,0.11936467255684025
707,train,OC(=O)c1[nH]c2ccccc2c1CCCOc3cccc4ccccc34,2.75,2.9208720684588716,0.1708720684588716
644,train,C[C@H]1COc2c(N3CCN(C)CC3)c(F)cc4C(=O)C(=CN1c24)C(=O)O,-0.35,-0.14644812489971004,0.20355187510028994
637,train,Cc1nnc(N)s1,-0.4,-0.3335494304067885,0.0664505695932115
3090,train,CCN(CC)CCNC(=O)c1cc(ccc1OC)S(=O)(=O)C,-0.9,-0.9584278944802866,-0.058427894480286624
2302,train,O=C(Nc1nccs1)[C@H](CC2CCOCC2)c3ccc(cc3)S(=O)(=O)C4CC4,2.55,2.844961836113726,0.29496183611372606
3756,train,O=C(C1CC1)c2ccc(OCCCc3c[nH]cn3)cc2,2.68,2.6361215188608167,-0.04387848113918347
1248,train,Nc1nnc(Cc2ccc(Cl)cc2)s1,2.34,2.374830048888664,0.034830048888664145
3677,train,N[C@@H](Cc1c[nH]c2ccccc12)C(=O)O,-1.08,-1.1797140849854832,-0.09971408498548318
4106,train,CN(C)C(=O)[C@H](Cc1ccccc1)NC(=O)c2cc3ccsc3[nH]2,3.1,3.048492139694998,-0.051507860305001874
2228,train,Cc1ccc(cc1)S(=O)(=O)NC(=O)N2CCC(CC2)N3CCC(CC3)Oc4ccc(Cl)cc4C,1.79,1.763517996613286,-0.026482003386714137
2382,train,Oc1cc(O)c2C(=O)C=C(Oc2c1)c3ccccc3,3.83,3.710129589509209,-0.11987041049079128
2651,train,COCCOc1ccc(Nc2ncc3cc(ccc3n2)c4ccncc4)cc1,3.1,3.0811235409406477,-0.018876459059352424
2904,train,COC(=O)c1ccc(cc1)C(C)N2NC(=O)C3=C(C2=O)C(=O)c4ccc(Cl)cc4N3,1.3,1.196985478628609,-0.10301452137139111
2974,train,CCN(C1CCN(CC[C@H](N2CCN(CC2)S(=O)(=O)C(F)(F)F)c3ccccc3)CC1)C(=O)Cc4ccc(cc4)S(=O)(=O)C,2.86,2.7630812546640433,-0.09691874533595657
2551,train,CCN(c1ccnc(Nc2cc(cc(c2)N3CCOCC3)N4CCOCC4)n1)c5cc(CO)ccc5C,3.8,3.8931466918044544,0.09314669180445456
2274,train,CN(C)CCCNS(=O)(=O)c1ccc(Nc2nccc(n2)c3cnc4ccccn34)cc1,1.9,1.934947235136396,0.03494723513639619
639,train,NC(=N)c1ccc(cc1)C(=O)N2CCN(CC2)S(=O)(=O)c3ccc4cc(Br)ccc4c3,0.36,0.5515370560901915,0.19153705609019156
2504,train,COc1cc(ccc1Nc2ncc(C#N)c(n2)c3cnc4ccccn34)N5CCN(CC5)C(=O)C,2.8,2.9460609767535724,0.14606097675357255
981,train,CN(C)CC1CCn2c(C1)c(C3=C(C(=O)NC3=O)c4cn(C)c5ccccc45)c6ccccc26,2.88,2.9794917504448746,0.09949175044487468
4156,train,C[C@H](Nc1cncc(Nc2ncc(C)s2)n1)c3ncc(F)cn3,1.91,2.134328593459499,0.22432859345949896
2167,train,O=C(Nc1nccs1)c2ccccc2,2.43,2.493520950597548,0.06352095059754781
2997,train,COc1cc(OC)c(cc1NC(=O)C)S(=O)(=O)N(C(C)C)c2ccccc2,1.6,1.9307349125347575,0.3307349125347574
419,train,CC(=O)Nc1ccc2nc(cc(O)c2c1)c3cccc(F)c3,2.41,2.5915250535853462,0.1815250535853461
2710,train,COc1cc2ncnc(Nc3ccc(F)cc3)c2cc1OC,3.1,3.2231283395808905,0.12312833958089042
609,train,COc1cc(Nc2ncnc3cccc(O[C@H](C)C(=O)N4CCOCC4)c23)ccc1Oc5ccc(C)nc5,3.6,4.0692498297827715,0.4692498297827714
3523,train,C[C@H](CO)Nc1nc(SCc2cccc(F)c2F)nc3nc(C)cnc13,3.55,3.7540833610736257,0.2040833610736259
876,train,CN[C@@H](C)C(=O)N[C@@H](C1CCCCC1)C(=O)N[C@H]2CCCN(CCc3ccccc3)C2,1.65,2.1135084695946196,0.46350846959461967
3384,train,CC(C)Oc1cc(ccc1NC(=O)CN2CCOCC2)c3cccc4C(=O)C=C(Oc34)N5CCOCC5,3.0,3.1271826784823586,0.12718267848235865
3535,train,CC(O)C(C)OC(=O)[C@@H]1CC2C(Cc3cn(C(C)C)c4cccc2c34)N(C)C1,2.8,2.8436778947343937,0.043677894734393874
2212,train,CC(C)[C@H](NC(=O)CCc1ccccc1)C(=O)N2CCCC2,2.49,2.5111406925942683,0.021140692594268096
1477,train,CN1CCN(CC1)c2ccc3N=CN(C(=O)c3c2)c4cc(NC(=O)c5ccccc5F)ccc4C,2.75,2.806474033934157,0.05647403393415695
538,train,CC(C)(C)c1cc(O)n2nc(N)nc2n1,-0.2,-0.07990716520017616,0.12009283479982386
1115,train,C[C@H](Nc1nc(Nc2ncc(C)s2)c(F)c(n1)N3CCOCC3)c4ncc(F)cn4,3.27,3.147901940863728,-0.12209805913627214
3576,train,CCCS(=O)(=O)c1ccc(cc1)C(CNS(=O)(=O)c2ccc(cc2)C(F)(F)F)N3CCCCCC3,3.32,3.5235200831496813,0.2035200831496815
1793,train,O=C(NCC#N)c1ccc(cc1)c2ccnc(Nc3ccc(cc3)N4CCOCC4)n2,2.37,2.749871798524768,0.3798717985247677
1732,train,CNC(=O)c1ccc(Oc2ccc3CCN(CCc3c2)C4CCC4)nc1,1.45,1.480480067775015,0.030480067775014996
732,train,CC(=O)CC(C1=C(O)c2ccccc2OC1=O)c3ccccc3,0.86,0.6418406920960997,-0.21815930790390026
3810,train,CCNCc1cncc(n1)c2ccc(F)cc2OC,1.18,1.3951238502150787,0.21512385021507874
669,train,CS(=O)(=O)c1ccc(cc1)N2CCN(CC2)C(=O)[C@@H]3CCCC[C@H]3C(=O)NCC#N,0.67,0.7918559169869113,0.12185591698691123
3694,train,COc1ccc(CC(=O)N(C)C2CCN(CCC(c3ccccc3)c4ccccc4)CC2)cc1OC,3.4,3.5039773934716503,0.10397739347165036
2849,train,C1Oc2ccc(Oc3cc(Oc4ccc(cc4)n5ccnc5)ncn3)cc2O1,3.17,3.258224448433256,0.08822444843325616
1284,train,Cc1ccc(cc1)c2csc3ncnc(O)c23,2.59,2.7522783752119553,0.16227837521195543
4131,train,CCOc1ccccc1N2CCN(Cc3c[nH]nc3c4ccc(F)cc4)CC2,3.38,3.3963464053179924,0.016346405317992474
1166,train,CS(=O)(=O)c1ccc(cc1)c2cc(C(=O)N[C@H]3CCCNC3)c(NC(=O)N)s2,0.68,1.1957761530564324,0.5157761530564323
1992,train,OCCOCCN1CCN(CC1)C(c2ccccc2)c3ccc(Cl)cc3,3.08,3.1771010149802152,0.09710101498021517
1592,train,C[C@H](Nc1ncc(F)c(Nc2cc([nH]n2)N(C)C)n1)c3ncc(F)cn3,1.98,1.8943787581599059,-0.08562124184009412
3324,train,Cc1cnc([nH]1)c2cc(NC(=O)c3ccc(nc3C)C(F)(F)F)ccc2Cl,3.3,3.438686971563361,0.13868697156336118
709,train,Cc1nc2nc(nn2c(O)c1Cc3ccccc3)c4cccnc4,1.52,1.7346946767117095,0.2146946767117095
2170,train,COc1cc(ccc1Nc2ncc(Cl)c(n2)c3cnc4ccccn34)N5CCNCC5,2.4,2.321651184181004,-0.078348815818996
910,train,CCCCNc1nc(N)c2NC(=O)N(Cc3ccc(OCCN(C)C)nc3)c2n1,1.9,2.2110889905027458,0.31108899050274585
3228,train,CNc1c(Br)cnc2[nH]c(nc12)c3ccc(OCCN4CCN(C)CC4)cc3,2.91,2.981959422439278,0.07195942243927789
506,train,Oc1cccc(c1)N2C(=O)c3ccc(O)cc3C2=O,2.0,2.0876779927908995,0.0876779927908995
3745,train,CCN(CC)S(=O)(=O)c1ccc(NC(=O)[C@@](C)(O)C(F)(F)F)c(Cl)c1,3.66,3.699896234003793,0.03989623400379294
797,train,COc1ccc(NC(=O)c2ccnc(N)n2)cc1,1.72,1.6841944526014603,-0.035805547398539694
958,train,CCOc1ccc2nc(N)sc2c1,2.4,2.384151819029139,-0.015848180970861048
2903,train,COc1cc(ccc1Nc2ncc(Cl)c(n2)c3cnc4cc(ccn34)C#N)N5CCN(CC5)C(=O)C,2.3,2.6053751789757906,0.3053751789757908
1531,train,C[C@H](N1CCC[C@@H](C1)N2C=C(C)C(=O)NC2=O)c3ccc(C(=O)O)c(Oc4cccc(Cl)c4)c3,-0.26,0.19577177965736414,0.45577177965736415
1900,train,COc1ccc(OC(F)(F)F)cc1CN[C@H]2CCCN[C@H]2c3ccccc3,2.9,2.904857000128831,0.004857000128831057
1510,train,NC(=O)c1ccn2c(c3ccccc3)c(nc2c1)c4ccc(cc4)C5(N)CCC5,2.0,1.7815767571962944,-0.21842324280370562
2217,train,CCCSc1nc(N[C@@H]2C[C@H]2c3ccccc3)c4nnn([C@@H]5C[C@H](CO)[C@@H](O)[C@H]5O)c4n1,3.99,4.542719951356663,0.5527199513566625
1090,train,CSc1ccc(OCc2ccccc2)c(c1)C(=O)Nc3ccc(cn3)C(=O)O,1.6,1.5273721982568813,-0.07262780174311878
1577,train,COC(CN1C(=O)NC2=C(C=C(N(CC(=O)NC(C(C)C)C(=O)C(F)(F)F)C2=O)c3ccccc3)C1=O)OC,1.56,1.5278716614311367,-0.032128338568863324
2136,train,CCC[C@@H](CNC(=O)c1nc(Cl)c(N)nc1N)[N+](C)(C)CCCc2ccc(OC)cc2,0.4,0.28906727816337185,-0.11093272183662817
649,train,Nc1c(NC2CCOC2)nc(nc1N3CCOCC3)C#N,1.6,1.8381317070069627,0.23813170700696262
3707,train,Cn1c2ccccc2c3cc(NC(=O)CCc4ccncc4)ccc13,3.8,3.8878394256140894,0.08783942561408953
818,train,CCCSc1c(cnn1c2ccc(cc2)C(=O)O)C(=O)N(C)C3CCCCC3,0.59,0.43363121100349433,-0.15636878899650564
3590,train,COc1cc(cc2cnc(Nc3ccc(cc3)[C@@H](C)NC(=O)C)nc12)c4ccncc4,2.73,2.7651501080612846,0.0351501080612846
674,train,CC1CCN(CC1)C(=O)c2scc3OCCOc23,2.26,2.4638835086140207,0.20388350861402094
3174,train,CN1CCN(CC1)C2=Nc3ccccc3Oc4ccc(Cl)cc24,3.24,3.18897064018693,-0.05102935981307022
2168,train,Fc1ccc(cc1Cl)C(=O)Nc2ccc(Cl)nc2,3.64,3.611131765926887,-0.028868234073113008
3495,train,CNC(=O)c1cccc(NC(=O)Nc2cccc(c2)C#N)c1CN3CCC(Cc4ccc(F)cc4)CC3,3.97,3.9732574615026284,0.0032574615026281784
2912,train,CC(CCc1ccccc1)NCC(O)c2ccc(O)c(c2)C(=O)N,1.06,1.0750188562230236,0.015018856223023569
2541,train,COC(=O)COc1ccc(OCCNCC(O)COc2ccccc2)cc1,1.54,1.598841452486697,0.05884145248669692
295,train,NC(=O)Nc1cc(sc1C(=O)N[C@H]2CCCNC2)c3cccc(F)c3F,1.32,1.3957057378274713,0.07570573782747125
2670,train,COc1cc(O)c2C(=O)O[C@@H](C)C\C=C/C(=O)[C@@H](O)[C@@H](O)C\C=C\c2c1,1.64,1.774907680223199,0.134907680223199
3581,train,Cc1cccc(CN2C=CN3C(=O)C=C(N=C23)N4CCOCC4)c1,2.8,2.8989293092861375,0.09892930928613763
1081,train,OC(=O)CCc1ccc(OCc2cc(Cl)ccc2c3ccccc3)cc1,3.22,3.0729762467414883,-0.1470237532585119
2589,train,Clc1ccc2C(=O)C3=C(Nc2c1)C(=O)NN(Cc4cc5ccccc5s4)C3=O,2.0,2.1985241802322695,0.19852418023226948
2571,train,CC1N=C(N)N=C(N)N1c2ccc(Cl)cc2,-0.8,-0.7984131392006693,0.0015868607993307915
1508,train,COc1ccc(OC)c(c1)c2cccc3c(N)c(nnc23)C(=O)NC4(C)CCC4,4.48,4.807296324397134,0.32729632439713363
879,train,Clc1ccc2N=C3NC(=O)CN3Cc2c1Cl,1.86,1.957277606074791,0.09727760607479086
3985,train,CC1=CC2=NNC(=O)N2c3cc(ccc13)c4cccnc4,2.72,2.8212269961307577,0.10122699613075747
3233,train,CCN(C1CCN(CC[C@H](N2CCN(CC2)S(=O)(=O)CC(F)(F)F)c3ccccc3)CC1)C(=O)Cc4ccc(cc4)S(=O)(=O)C,1.8,1.9894662290229392,0.1894662290229392
1649,train,COc1ccc(C)c(c1)N(C)c2ccnc(Nc3cc(cc(c3)N4CCOCC4)N5CCOCC5)n2,3.18,3.395793583165364,0.21579358316536368
415,train,Fc1cc(C(=O)Nc2cccc(c2)c3nnn[nH]3)c4nc[nH]c4c1,0.29,0.36067994368533207,0.07067994368533209
1473,train,C1NCC(CC=C1)c2ccc3ccccc3c2,1.64,1.614179917402626,-0.025820082597374006
3909,train,CC(C)Oc1cc(OCCN2CCN(CC2)C(=O)C)cc3ncnc(Nc4c(F)ccc5OCOc45)c13,3.06,2.747446134072959,-0.31255386592704104
3943,train,COc1cc(Nc2ncc(C)s2)nc(N[C@@H](C)c3ncc(F)cn3)n1,2.99,3.032598249749447,0.042598249749446815
2914,train,CC(C)C(NC(=O)CN1C(=O)C(=CC=C1c2ccccc2)NC(=O)NCc3ccccn3)C(=O)C(F)(F)F,2.15,2.280654280881547,0.13065428088154718
50,train,OC(=O)c1ccc(NC(=O)c2cc(OCc3ccccc3F)cc(OCc4ccccc4F)c2)nc1,3.0,2.5867799365235036,-0.4132200634764964
1196,train,CCC(CC)CNC(=O)c1ccc2c(c1)c(Cc3ccc(cc3OC)C(=O)NS(=O)(=O)c4ccccc4C)cn2C,2.7,2.65137524567017,-0.04862475432983038
668,train,Clc1cc(Cl)cc(CS(=O)(=O)NCC(N2CCCCCC2)c3ccccc3)c1,3.23,3.0370672449435303,-0.19293275505646967
2119,train,O[C@H](CNC(=O)c1c[nH]nc1C(F)(F)F)CN2CCC(CC2)Oc3ccc(Cl)c(Cl)c3,3.34,3.4224923047207483,0.08249230472074842
3383,train,O=S(=O)(N1CCOCC1)c2cccc(c2)c3cn4cccnc4n3,1.3,1.6355008420313268,0.3355008420313268
2539,train,CC(CO)(CO)Nc1nc(SCc2cccc(F)c2F)nc3nc(N)sc13,2.87,3.023875647432518,0.15387564743251803
2724,train,CN(C)c1ccc2N=C3C=CC(=[N+](C)C)C=C3Sc2c1,-0.88,-1.1227345047141313,-0.24273450471413127
2127,train,OC(=O)CCCCn1nnc(n1)c2ccc(cc2)C(=O)N3CCC(CC3)N4CCC(CC4)Oc5ccc(Cl)c(Cl)c5,1.6,1.6243249558455992,0.024324955845599128
150,train,COc1ccc(c(OC)n1)c2c(F)ccc3c(N)c(nnc23)C(=O)NC4CC4,3.37,3.874527445042114,0.5045274450421138
2317,train,Nc1ccc(cc1)S(=O)(=O)c2ccc(N)cc2,0.88,0.9604987756881551,0.08049877568815511
706,train,CC(=O)Nc1ccc(cc1)c2ccnc(Nc3ccc(cc3)N4CCOCC4)n2,2.91,3.2735401381754894,0.36354013817548925
114,train,CC(C)COc1cccc(c1)C(=O)Nc2ccc(C)c(c2)C(=O)Nc3cccnc3,2.81,2.7321177914564503,-0.07788220854354977
3051,train,CCNC(=O)c1cc2c(c(cnc2[nH]1)c3cncc(c3)C#N)n4ccc(n4)C(F)(F)F,2.62,2.865962136908287,0.24596213690828694
1145,train,CCN1CCN(CC1)C(=O)c2cc3cc(F)ccc3[nH]2,2.28,2.468987316586037,0.1889873165860374
1837,train,CCCc1nc2c(C)cc(cc2n1Cc3ccc(cc3)c4ccccc4C(=O)O)c5nc6ccccc6n5C,2.21,2.16719486820277,-0.04280513179723
1151,train,CCCN(CCNCCc1ccc(O)c2NC(=O)Sc12)C(=O)CCOCCc3ccccc3,2.23,2.6158918865628373,0.38589188656283735
1680,train,CC[C@H](NC(=O)c1c(O)c(nc2ccccc12)c3ccccc3)c4ccccc4,3.91,4.2160559965487785,0.30605599654877835
3029,train,Cc1ccc(cc1)C(=O)c2cc(O)c(O)c(c2)[N+](=O)[O-],0.74,0.5412091293873342,-0.19879087061266576
2669,train,CCN(CC)CCOc1ccc(cc1)\C(=C(\Cl)/c2ccccc2)\c3ccccc3,4.09,4.045577964962625,-0.04442203503737474
477,train,COC1(CCOCC1)c2ccc(NC(=O)C3=CC(=O)c4cc(F)cc(c4O3)c5c(C)nn(C)c5C)cn2,2.98,2.9299075944321666,-0.05009240556783334
2597,train,C(Nc1ncnc2ccccc12)c3ccccc3,3.21,3.235955100499938,0.025955100499937878
482,train,Oc1ccc(cc1)C2CC(=O)c3ccc(O)cc3O2,2.4,2.101873433195855,-0.29812656680414484
3685,train,CC(C)n1c(C)ncc1c2nc(Nc3ccc(C(=O)N)c(F)c3)ncc2F,3.14,3.1982440401966032,0.05824404019660312
860,train,CN1C(=O)C=C(CCc2cccc(c2)c3ccccc3)N=C1N,3.8,3.3097602560763453,-0.49023974392365455
2038,train,CNc1ncc(s1)C(=O)c2ccccc2,2.36,2.3312088310112746,-0.028791168988725246
2451,train,CN(C)c1cccc(c1)C(=O)Nc2ccc(C)c(NC(=O)c3ccc(O)cc3)c2,2.65,2.4986331456176556,-0.15136685438234432
3342,train,CCN(CC)C(=O)c1ccc(cc1)C(=C2CCNCC2)c3ccccc3OC,1.0,0.9351048185280535,-0.0648951814719465
2945,train,CC(=O)Nc1ccccn1,0.5,0.5401582901032247,0.04015829010322469
2373,train,COc1ccc(N(C(C(=O)NC[C@@H](C)O)c2ccccc2F)C(=O)c3occc3C)c(OC)c1,2.04,1.5360702178466468,-0.5039297821533533
904,train,Clc1ccc(CN2CCNCC2)cc1C(=O)NCC34CC5CC(CC(C5)C3)C4,1.84,1.692293015159125,-0.1477069848408752
2072,train,O[C@H](CNC(=O)c1c[nH]c2ccccc12)CN3CCC(CC3)Oc4ccc(Cl)c(Cl)c4,3.91,4.21784258239647,0.30784258239646967
3645,train,CCC[C@@H](N1CCC[C@@H](C1)N2C=C(C)C(=O)NC2=O)c3ccc(C(=O)O)c(Oc4cccc(Cl)c4)c3,0.6,0.4767173569033105,-0.12328264309668946
1082,train,COc1ccc2CC3C4C=CC(O)C5Oc1c2C45CCN3C,0.8,1.079593990956743,0.27959399095674287
2086,train,C1Cc2ccccc2CN1c3ccncc3,1.4,1.6333650730047031,0.23336507300470322
3944,train,OC(=O)c1[nH]c2ccccc2c1CC(=O)Nc3cccc(c3)C(F)(F)F,1.33,1.4433610173834932,0.11336101738349313
793,train,CCCCOc1nc(N)c2NC(=O)N(Cc3cccc(CC(=O)OC)c3)c2n1,3.76,3.9495024492229582,0.18950244922295845
4,train,Cc1cccc(C[C@H](NC(=O)c2cc(nn2C)C(C)(C)C)C(=O)NCC#N)c1,3.1,3.0672983597880608,-0.03270164021193933
2625,train,CNC(=O)Nc1cc(sc1C(=O)N)c2ccccc2,2.71,2.74901411440424,0.039014114404240186
2323,train,CC(C)NNC(=O)c1ccncc1,0.33,0.48520143446461295,0.15520143446461293
1731,train,CC(C)(C(=O)c1cccnc1)c2cccnc2,1.45,1.6926345704624228,0.24263457046242287
3831,train,ONC(=O)Cc1ccc(OCc2ccccc2)cc1,1.92,1.7468360495067912,-0.17316395049320876
3864,train,COc1cc(Nc2cc(Oc3cccnc3)ccn2)cc(OC)c1OC,2.66,2.5661154430122126,-0.09388455698778753
4103,train,NC1=NC2(CCN(CC2)C(=O)c3ccc(cc3)C#N)Nc4c(F)ccc(F)c14,0.86,0.868871287522343,0.008871287522343008
4104,train,CCN1CCCC1CNC(=O)c2cc(ccc2OC)S(=O)(=O)N,-1.2,-0.9459421827495662,0.25405781725043375
3180,train,N(c1ccccc1)c2ccnc(Nc3ccccc3)n2,4.06,4.2862612286384785,0.22626122863847886
3525,train,Oc1nc(nc2ccccc12)c3ccccc3,2.46,2.5595137154813314,0.09951371548133148
1400,train,CC(C)C(NC(=O)CN1C(=O)C(=CC=C1c2ccccc2)NC(=O)NCc3cccnc3)C(=O)C(F)(F)F,2.84,2.8119535238189455,-0.02804647618105438
1626,train,FC(F)(F)c1cccc(C(=O)N[C@H]([C@@H]2CCCCN2)c3ccccc3)c1Cl,2.61,3.044589631757761,0.4345896317577611
595,train,CC(C)C(NC(=O)CN1C(=O)C(=CN=C1c2ccc(F)cc2)NC(=O)OCc3ccncc3)C(=O)C(F)(F)F,2.22,2.551654039189987,0.3316540391899867
3543,train,CC(C)C(NC(=O)CN1C(=O)C(=CC=C1c2ccccc2)NC(=O)CN3C(=O)CCC3=O)C(=O)C(F)(F)F,0.96,1.0526320896164296,0.09263208961642966
620,train,Cc1cc(C)c2c(N)c(sc2n1)C(=O)NCc3ccccc3,3.41,3.325480114774005,-0.08451988522599496
3350,train,CC(Oc1c(Cl)cccc1Cl)C2=NCCN2,0.48,0.6526813855667364,0.1726813855667364
2017,train,COC(=O)CCn1cc(c2cc(NC3CC3)n4ncc(C#N)c4n2)c5cc(NC(=O)C)ccc15,2.72,2.622139803577908,-0.0978601964220922
3302,train,Cc1c[nH]c(n1)c2cnc(NCCNc3ccc(cn3)C#N)nc2c4ccc(Cl)cc4Cl,3.86,3.9311030009623167,0.07110300096231681
3616,train,COc1cc2ncnc(Nc3cccc(Cl)c3F)c2cc1CN4CCC[C@H]4CC(=O)N,2.64,2.532130364974438,-0.1078696350255619
3255,train,Cc1csc(NC(=O)c2cc(Sc3nncn3C)ccc2N)n1,2.3,2.304057109443528,0.004057109443527995
85,train,Fc1cc(cc(F)c1C2=CCN(CC2)C=O)N3C[C@H](COc4ccon4)OC3=O,2.01,2.1735354042575366,0.16353540425753677
2746,train,N#Cc1cnn2c(NC3CC3)cc(nc12)c4cccs4,2.88,3.2310661744841878,0.35106617448418787
1993,train,COc1ccc(CN(CCN(C)C)c2ccccn2)cc1,1.39,1.3779617084542968,-0.012038291545703128
456,train,Cc1ncc(CO)c(CO)c1O,-0.58,-0.7788186811913169,-0.19881868119131696
820,train,CCN(CC)C(=O)N[C@H]1C[C@H]2[C@@H](Cc3c[nH]c4cccc2c34)N(C)C1,2.73,2.674395089803368,-0.05560491019663205
1770,train,CC1=CC(=O)Oc2c3CCCNc3c(C)cc12,2.9,2.745783329486751,-0.15421667051324883
3455,train,Oc1ccc(cc1)C2CC(=O)c3c(O)cc(O)cc3O2,2.6,2.441765489057037,-0.15823451094296326
79,train,CC1COc2c(N3CCN(C)CC3)c(F)cc4C(=O)C(=CN1c24)C(=O)O,-0.45,-0.362095471606386,0.08790452839361401
1887,train,CCCC(=O)NCc1cncc(c1)c2ccc(F)cc2OC,2.9,2.9676704953689614,0.06767049536896153
716,train,CCN(CC)CCOC(=O)C1(CCCC1)c2ccccc2,2.3,2.40971257722326,0.10971257722326033
1623,train,CC(C)(C)c1ccc(cc1)C(O)CCCN2CCC(CC2)C(O)(c3ccccc3)c4ccccc4,3.99,3.9446642793085873,-0.045335720691412895
1372,train,Cn1cc(CN2CCc3cc4nc(N)sc4cc3CC2)cn1,1.06,1.0597534164671985,-0.00024658353280160306
3782,train,Cc1c(F)cc(cc1c2ccc(cn2)C(=O)NCC(C)(C)C)C(=O)NC3CC3,3.5,3.6018483159199324,0.10184831591993238
4091,train,Fc1cccc(Nc2oc(nn2)C(=O)Nc3ccc(nc3)N4CCOCC4)c1,3.2,3.3219493844340495,0.12194938443404935
4027,train,COc1ccc(OC)c(CNc2n[nH]c3ccnc(Oc4ccccc4)c23)c1,4.25,4.4137008337363675,0.16370083373636746
1449,train,Oc1cc(O)c2C(=O)C(=COc2c1)c3ccc(F)cc3,3.6,3.680097594754704,0.08009759475470402
974,train,N#Cc1ccc(cc1)C(c2ccc(cc2)C#N)n3cncn3,1.7,1.9071360728747158,0.2071360728747158
3485,train,Cc1cc(Cl)ccc1OC2CCN(C[C@H](O)CNC(=O)C3=CNC(=O)C=C3C(F)(F)F)CC2,2.37,2.288049271327359,-0.0819507286726413
4152,train,Nc1ccc(cn1)C(=O)Nc2cccc(c2)c3nc(N4CCOCC4)c5oc6ncccc6c5n3,3.44,3.3266595795628917,-0.11334042043710824
2179,train,COc1cc2ncnc(Nc3cccc(Cl)c3F)c2cc1OC4CCN(CC4)S(=O)(=O)C,2.82,2.953424949581875,0.13342494958187512
2518,train,N#Cc1nc(nc(n1)N2CCOCC2)N3CCOCC3,1.51,1.7470106953228617,0.23701069532286168
329,train,Cc1ccc(Cl)c(Nc2ccccc2C(=O)O)c1Cl,2.33,2.2997273681686132,-0.030272631831386843
2910,train,COc1ncc(cc1NS(=O)(=O)c2ccc(F)cc2F)c3ccc4nccc(c5ccnnc5)c4c3,2.5,2.981036774847113,0.48103677484711316
1470,train,Nc1ccccc1NC(=O)c2ccc(CNc3nccc(n3)c4cccnc4)cc2,2.28,2.2645846967389143,-0.015415303261085533
18,train,COc1cc(ccc1N2CC[C@@H](O)C2)N3N=Nc4cc(sc4C3=O)c5ccc(Cl)cc5,3.15,3.026545765415328,-0.12345423458467186
315,train,CS(=O)(=O)C1(CC1)c2cc(nc(n2)c3cccc(N)c3)N4CCOCC4,1.35,1.5624946250877398,0.21249462508773975
2545,train,CN(C1CCN(Cc2ccc(cc2)C(F)(F)F)CC1)C(=O)Cc3ccc(cc3F)S(=O)(=O)C,2.7,2.9034322141832787,0.2034322141832785
1356,train,C[C@H]1O[C@H]([C@H](O)[C@@H]1O)n2cnc3c(N)nc(OC(C4CC4)C(F)(F)F)nc23,1.83,1.8253987942639698,-0.004601205736030289
1466,train,CCCc1c(O)c(ccc1OCCCSc2ccc(CC(=O)O)cc2Cl)C(=O)CC,3.57,3.5416241048715267,-0.02837589512847316
455,train,COc1ccc(cc1)S(=O)(=O)NCC(N2CCCCCC2)c3ccccc3,3.13,3.1382127312542942,0.008212731254294336
1983,train,Fc1ccc(Nc2oc(nn2)C(=O)Nc3ccc(nc3)N4CCOCC4)cc1F,2.9,3.2244100395939226,0.32441003959392267
476,train,CCCS(=O)(=O)N1CCCC(C1)C(=O)N2CCC(Cc3ccccc3)CC2,3.44,3.2805805589330337,-0.15941944106696626
1009,train,COc1ccc(cc1OC)C(=O)Nc2cc(NC(=O)c3cccc(c3)N(C)C)ccc2Br,3.49,3.6523765209578647,0.16237652095786448
3361,train,NS(=O)(=O)c1ccc2C(=CNC(=O)c2c1)C(=O)NC[C@@H](O)CN3CCC(CC3)Oc4ccc(Cl)c(Cl)c4,2.17,2.4222149184458854,0.2522149184458855
1271,train,Cc1c(c2cc(F)ccc2n1CC(=O)O)S(=O)(=O)c3ccc(Cl)cc3,-0.16,-0.19538018792333123,-0.035380187923331224
3108,train,OC1CS(=O)(=O)CC1N2CCC(CC2)c3ccccc3,1.4,1.2550573996116938,-0.1449426003883061
1484,train,Cc1nocc1C(=O)Nc2ccc(c(N)n2)c3ccccc3OC(F)(F)F,3.7,3.533109515807686,-0.16689048419231423
4122,train,COc1cc(ccc1Nc2ncc(Cl)c(n2)c3cnc4ccccn34)N5CCN(CCS(=O)(=O)C)CC5,3.1,3.3100652264974526,0.21006522649745252
3770,train,COc1ccc2N=CC(=O)N(CCN3CCC(CC3)NCc4cc5OCCOc5cn4)c2c1,0.93,0.9660116691610308,0.03601166916103071
2697,train,Nc1ncnc2c1ncn2Cc3ccccc3,1.53,1.6673399564409181,0.13733995644091812
2831,train,O=C1C=COc2ccccc12,1.4,1.6365752879637272,0.2365752879637273
1268,train,O=C1C=C(Oc2c1cccc2c3ccccc3)N4CCOCC4,2.9,2.9830663681830316,0.0830663681830317
1169,train,CCn1cnc(c2ccccc2)c1c3nc4c(N)ncnc4s3,2.97,3.0863846783665116,0.11638467836651145
3508,train,CN(C1CCN(Cc2ccc(cc2)C(F)(F)F)CC1)C(=O)Cc3ccc(c(F)c3)S(=O)(=O)C,3.0,3.009750701612811,0.009750701612810886
1606,train,NC1(CCC1)c2ccc(cc2)c3nn4ccccc4c3c5ccccc5,3.2,3.3617993589070423,0.1617993589070421
3563,train,C[C@@H](NC1=CC(=O)CCC1)c2ccc(Nc3ncc4cc(ccc4n3)c5ccncc5)cc2,3.17,3.360347387357332,0.19034738735733203
1343,train,O=C(Nc1cc(nn1c2ccccc2)c3ccccc3)c4cccc(c4)C#N,3.82,3.7743687383205557,-0.04563126167944409
27,train,C(CCCCNc1cc(nc2ccccc12)c3ccccc3)CCCNc4cc(nc5ccccc45)c6ccccc6,2.27,2.5891388299502074,0.31913882995020737
3372,train,Oc1ncnc2onc(c3ccc(F)cc3)c12,1.97,1.8307299201601115,-0.13927007983988848
2279,train,CCN1C(=O)NC(C1=O)c2ccccc2,1.0,1.2424309879190305,0.2424309879190305
3123,train,CN(C)CCCN1c2ccccc2CCc3ccc(Cl)cc13,3.36,3.4023674382217695,0.04236743822176958
3004,train,CC(C)c1c(cnn1c2ccc(cc2)C(=O)O)C(=O)NC3C4CC5CC(CC3C5)C4,1.15,1.2940642588451101,0.1440642588451102
1052,train,CN([C@@H]1CCN(Cc2ccc(nc2)C(F)(F)F)C[C@@H]1F)C(=O)Cc3ccc(cc3)n4cnnn4,1.8,1.9890750021503427,0.18907500215034267
3899,train,NC(=O)C1CCN(CC(=O)Nc2ccc3OCOc3c2)CC1,0.4,0.48855278319841244,0.08855278319841242
1496,train,Nc1[nH]nc2ccccc12,1.0,1.0170036201166928,0.017003620116692764
1702,train,CCCNC(=O)NS(=O)(=O)c1ccc(Cl)cc1,-0.33,-0.2774366081743733,0.05256339182562669
371,train,Oc1ccc(cc1)C2=CC(=O)c3ccc(O)cc3O2,3.2,3.1939278917237672,-0.006072108276232946
2857,train,CN(C)CCOc1ccc(cc1)c2cc(C(=O)N)c(NC(=O)N)s2,1.16,0.6064923210817514,-0.5535076789182485
3557,train,OC(=O)COc1ccc(Cl)cc1C2CCCCC2,0.93,0.8468516711761527,-0.08314832882384737
1139,train,Nc1nnc(s1)c2ccccc2,1.8,1.6680815233266666,-0.13191847667333345
3138,train,O=C(Nc1ccc(nc1)N2CCOCC2)c3oc(Nc4cccc(OCc5cccnc5)c4)nn3,3.3,3.526055140737369,0.226055140737369
4036,train,CC(C)COc1cc(ccc1NC(=O)CN2CCOCC2)c3cccc4C(=O)C=C(Oc34)N5CCOCC5,3.8,3.8146985820882113,0.01469858208821151
3286,train,CC1=CC2=NNC(=O)N2c3cc(ccc13)c4cn[nH]c4,2.13,2.286008109649246,0.15600810964924605
1918,train,CC1(C)[C@@H]2CC[C@@]1(CS(=O)(=O)N3CCN(CC3)c4ccc(cn4)C(F)(F)F)C(=O)C2,3.8,3.843874664124587,0.04387466412458707
2110,train,CCOC(=O)c1ccc(OC(=O)CCCCCN=C(N)N)cc1,2.41,2.489516424342581,0.079516424342581
3380,train,COc1cc2c(Nc3ccc(F)cc3F)c(cnc2cc1NCCN(C)C)C(=O)N,1.71,1.7408890901441294,0.03088909014412944
2668,train,NC(=O)Nc1sc(cc1C(=O)N[C@H]2CCCNC2)c3ccsc3,1.06,1.2129267264750196,0.1529267264750196
2621,train,OC(=O)c1cn(Cc2ccccc2)c3ccccc13,1.19,0.9741701701916916,-0.21582982980830834
3759,train,Cc1cc(CN2CCc3ccccc3C2C(=O)Nc4ccc(Cl)cc4Cl)ccc1OCC(=O)O,2.63,2.269756034908492,-0.3602439650915077
2992,train,COc1cc(Nc2nccc(Oc3cnc4ccccc4c3)n2)cc(OC)c1OC,3.41,3.63847629018529,0.2284762901852897
330,train,COc1ccc2N=CC(=O)N(CCN3CC[C@@H](NCc4cc5OCCOc5cn4)[C@@H](O)C3)c2c1,0.78,1.0850477412801482,0.3050477412801482
303,train,O=C1Nc2ccccc2C(=O)C=C1,1.02,1.1797373696248927,0.1597373696248927
3927,train,CC(C)CN1C(=O)N(C)C(=O)c2c1nn(Cc3cccc4ccccc34)c2c5cncn5C,4.1,4.219855763146899,0.11985576314689972
81,train,COC(=O)c1ccc(C)c(NS(=O)(=O)c2ccc3N(C)SC(=O)c3c2)c1,2.6,2.5286128659258678,-0.07138713407413233
1820,train,COc1ccc2c(C)cc(N[C@H]3CC[C@@H](C3)NCc4cn(C)c5ccccc45)nc2c1,2.53,2.404890349930476,-0.12510965006952368
1355,train,CN1CCc2c(NC(=O)Cc3ccccc3)c4ccccc4nc12,2.8,2.750191554733243,-0.04980844526675687
1745,train,Cn1cc(nc1c2c3C(=O)N(CC#C)C(=O)N(CC4CC4)c3nn2Cc5ccnc6ccc(Cl)cc56)C#N,3.4,3.2777824661646955,-0.12221753383530443
1813,train,COc1cc2ncnc(Nc3cc(NC(=O)c4ccnc(c4)N5CCOCC5)ccc3C)c2cc1OCCN6CCCCC6,3.35,3.443362027852787,0.09336202785278713
3907,train,CNc1ncnc2c(CNc3cc(NC(=O)c4ccc5OCCOc5c4)ccc3C)cccc12,4.0,3.957671434063733,-0.042328565936267104
1758,train,COc1ccccc1OCC(O)CO,0.24,0.177059407740356,-0.06294059225964399
4196,train,CCN(C1CCN(CCC(c2ccc(F)cc2)c3ccc(F)cc3)CC1)C(=O)Cc4ccc(cc4)S(=O)(=O)C,3.21,3.15446697505921,-0.05553302494078993
1186,train,CC1(CCC(=O)N1Cc2cccs2)C(=O)NC3CCCCC3,2.15,2.368097346033498,0.21809734603349806
3369,train,CC(C)N1CCC[C@@H](CN2CCN(CC2)C(=O)Nc3ccc(Cl)c(Cl)c3)C1,1.62,2.02089463113355,0.40089463113354995
3868,train,Nc1ccc2cccc(Nc3ncccn3)c2n1,2.7,3.0655015793388105,0.36550157933881033
11,train,C[C@H](Nc1nc(Nc2cc(C)[nH]n2)c(C)nc1C#N)c3ccc(F)cn3,2.61,2.7605828542606856,0.15058285426068574
493,train,CN[C@@H](C)C(=O)N[C@@H](C1CCCCC1)C(=O)N[C@H]2C[C@@H]3CC[C@H]2N(CCc4ccccc4)C3,1.64,1.7166044646983591,0.07660446469835924
576,train,CCCN(C)c1nc(ccc1C(=O)NC2CCCCC2)N3CCC[C@@H](CC(=O)O)C3,2.28,2.3957024471998354,0.11570244719983558
3365,train,COc1ccc(CN2C(=O)NC3=C(C=C(N(CC(=O)NC(C(C)C)C(=O)C(F)(F)F)C3=O)c4ccccc4)C2=O)cc1,2.93,2.633908675754321,-0.2960913242456793
462,train,CC(=O)Nc1ccc2CCN(c3cc(NC4CC4)n5ncc(C#N)c5n3)c2c1,3.3,3.3511421682644684,0.0511421682644686
8,train,COc1ccc(cc1)C2=COc3cc(OC)cc(OC)c3C2=O,3.05,3.0724594310539404,0.02245943105394055
3832,train,CS(=O)(=O)c1cccc(Nc2nccc(n2)N(CC#N)c3c(Cl)ccc4OCOc34)c1,3.16,3.444059454282849,0.28405945428284873
848,train,C[C@@H](NC(=O)C)c1ccc(Nc2ncc3cc(cc(C)c3n2)c4ccncc4)cc1,3.46,3.364625287998787,-0.09537471200121317
1286,train,COc1ccc(NC(=O)C=C)cc1,1.68,1.7930906558805226,0.1130906558805227
49,train,COc1ccccc1Cn2c(C)nc3ccccc23,3.47,3.4599127104264413,-0.010087289573558866
2360,train,CC(C)(C)NC(=O)Nc1cccc(CN2NC(=O)C3=C(C2=O)C(=O)c4ccc(Cl)cc4N3)c1,1.77,1.7592617143113074,-0.010738285688692617
2053,train,CN(C(=O)N1CCC(CC1)N2CCC(CC2)Oc3ccc(Cl)c(Cl)c3)S(=O)(=O)c4ccc(C)cc4,4.49,4.319394695935377,-0.17060530406462338
305,train,Fc1ccc(CN2CCN(CC2)C3=Nn4c(CC3)nnc4C(F)(F)F)cc1,2.8,3.1233885514510575,0.3233885514510577
198,train,OC(=O)COc1ccc(Cl)cc1CN2CCCN(CC2)S(=O)(=O)Cc3ccccc3,1.01,0.9531803532072443,-0.05681964679275575
3628,train,C[C@@H](NC(=O)[C@@H]1CCCC[C@H]1C(=O)N2CCc3[nH]c4ccc(F)cc4c3C2)C#N,3.1,3.3860403138610273,0.28604031386102724
3983,train,CN(C)C(=O)c1ccc(cc1)C(=C2CCN(Cc3cscn3)CC2)c4cccc5cccnc45,2.3,2.4969861028976874,0.1969861028976876
971,train,Nc1cc(nc2ccc(Nc3cc(nc(N)n3)c4ccc(cc4)C(F)(F)F)cc12)c5ccc(F)cc5,1.54,1.762796276664615,0.222796276664615
1390,train,CN([C@@H]1CCN(Cc2nc3ccccc3s2)C[C@@H]1F)C(=O)Cc4ccc(cc4)S(=O)(=O)C,2.1,2.0471932778421125,-0.05280672215788762
2627,train,Cc1ccc(cc1)C(=O)C2CCN(CC2)C(=O)c3ccc(C)cc3,3.43,3.757191774621337,0.32719177462133686
3165,train,CN[C@@H](C)C(=O)N[C@H](C(=O)N[C@H]1CCCN(CCc2ccc(cc2)[N+](=O)[O-])C1)C(C)(C)C,1.54,1.7785548893086274,0.23855488930862734
1524,train,Cn1cnc(c2ccccc2)c1\C=C\c3ccnc(N)n3,2.61,2.7188904043867734,0.10889040438677355
352,train,Cc1cc2cc(C)c3nnc(SCC(=O)N4CCN(CC4)C(=O)c5occc5)n3c2cc1C,2.8,2.88330228653459,0.08330228653459004
4134,train,C[C@@H]1CC[C@H](CC1)Oc2nc(N)c3ncn([C@@H]4O[C@H](C)[C@@H](O)[C@H]4O)c3n2,2.35,2.328989417447923,-0.021010582552077217
949,train,Clc1cc(Nc2ncnc3[nH]nc(OCCN4CCCC4)c23)ccc1OCc5ccccn5,2.87,3.0963168231620335,0.2263168231620334
460,train,Cc1cccc(c1)S(=O)(=O)NC(=O)N2CCC(CC2)N3CCC(CC3)Oc4ccc(Cl)c(Cl)c4,1.84,2.156618222142727,0.3166182221427267
2602,train,CC(C)(C)OC(=O)N1CCC(CC1)OCc2onc(n2)c3ccncc3,3.0,3.1501751924071213,0.1501751924071213
2480,train,Clc1ccc(cc1)C(=O)N[C@H]2CN3CCC2CC3,0.6,0.861359673726781,0.26135967372678104
2235,train,CC(C)C(=O)Nc1ccc(c(c1)C(F)(F)F)[N+](=O)[O-],3.46,3.5278602359325717,0.06786023593257173
2565,train,CCC(NC(=O)c1ccc(C)cc1)C2=Nc3ccsc3C(=O)N2Cc4ccccc4,4.14,3.8705169900117724,-0.2694830099882273
3362,train,O=C1OC(=Cc2ccccc12)c3ccccc3,3.84,3.707629092343828,-0.13237090765617188
3988,train,OCC1=CC2=NNC(=O)N2c3cc(ccc13)c4ccc[nH]4,2.19,2.6954435438223143,0.5054435438223144
3755,train,CS(=O)(=O)C1(CCNCC1)c2cc(nc(n2)c3cccc4[nH]ccc34)N5CCOCC5,0.7,1.0586195743278421,0.3586195743278422
2687,train,OC(=O)[C@H](Cc1ccc(CCCCNc2ccccn2)cc1)NC(=O)c3c(Cl)cccc3Cl,0.51,0.3950679976932441,-0.11493200230675593
798,train,O[C@H](CNC(=O)C1=CNC(=O)c2cc(ccc12)S(=O)(=O)N3CCC3)CN4CCC(CC4)Oc5ccc(Cl)c(Cl)c5,3.02,3.2463401458923817,0.22634014589238172
402,train,Cc1c(Sc2ccc(Cl)cc2)c3c(Cl)nccc3n1CC(=O)O,0.92,0.8444891264914438,-0.07551087350855623
2376,train,C[C@H](CO)Nc1nc(SCc2cccc(F)c2F)nc3nccnc13,3.15,3.3657314384190142,0.21573143841901432
938,train,Cc1ccc2c(c1)c(Sc3ccc(Cl)cc3)c(C)n2CC(=O)O,2.18,2.0298902192129713,-0.15010978078702886
1229,train,Cc1oc(cc1)c2ccc(cc2F)S(=O)(=O)N3CCC[C@H]3C(=O)N4CC[C@@H](N)C4,1.2,1.5065121636114307,0.30651216361143074
1109,train,Oc1cc(nc2ccccc12)c3ccccc3,2.54,2.4594427654806412,-0.08055723451935881
120,train,COc1cc2ncc(C(=O)N)c(Nc3cccc(Cl)c3F)c2cc1OC,3.6,3.439900056846751,-0.16009994315324905
3214,train,O=C(CCc1ccncc1)Nc2ccc(cc2)C(=O)c3ccccc3,3.4,3.3504806036952104,-0.04951939630478952
2,train,COC(=O)[C@@H](N1CCc2sccc2C1)c3ccccc3Cl,3.69,3.740035778542346,0.05003577854234598
4178,train,OC(=O)[C@H](Cc1ccc(cc1)N2CCN(CC2)c3ccccc3)NC(=O)c4c(Cl)cccc4Cl,0.08,0.023480265827917624,-0.05651973417208238
1179,train,CC(=O)NC[C@H]1CN(C(=O)O1)c2ccc(N3Cc4cccnc4C3)c(F)c2,2.88,2.906148750139145,0.026148750139145083
1597,train,COc1ccc(Cl)cc1NC(=O)Nc2cnccn2,3.63,3.5868031084786383,-0.043196891521361636
1755,train,CC1=C(OCc2ccccc2)C(=O)C=CO1,1.87,1.5578638900093473,-0.3121361099906528
3724,train,Fc1cccc(CN2CCN(CC2)c3ccc4nnc(n4n3)C(F)(F)F)c1F,3.6,3.804398274802344,0.20439827480234385
4135,train,CC(C)CN1C(=O)N(C)C(=O)c2c1sc(Cc3ccnc4ccccc34)c2C(=O)N5CC[C@@H](O)C5,1.65,1.6886875244077362,0.03868752440773626
184,train,Clc1ccc(CC2CCNCC2)cc1C(=O)NCC34CC5CC(CC(C5)C3)C4,1.49,1.574222176591876,0.08422217659187603
1685,train,C[C@@H](c1ncncc1F)[C@](O)(Cn2cncn2)c3ccc(F)cc3F,1.7,1.6924342212360388,-0.00756577876396114
3840,train,COC(=O)C1=C(C)NC(=C(C1c2ccccc2[N+](=O)[O-])C(=O)OCC(C)C)C,3.59,3.694797342577209,0.1047973425772093
2699,train,CC(C)OC(=O)N1CCC(CC1)Oc2ncnc(Oc3ccc(cc3F)S(=O)(=O)C)c2C,3.7,3.7665702296385657,0.06657022963856551
423,train,COc1ccc2N=CC(=O)N(CCN3CCC(CC3)NCc4cc5OCCOc5cn4)c2n1,0.83,0.6146948541148909,-0.21530514588510907
2372,train,CCC(N(CCCN)C(=O)c1ccc(C)cc1)C2=Nc3ccoc3C(=O)N2Cc4ccccc4,1.37,1.597915225938666,0.22791522593866587
844,train,C1Cc2ncc(c3ccc4OCCOc4c3)n2C1,2.33,2.625930532408689,0.29593053240868894
1614,train,CCc1cccc2c(cn(CC(=O)NCCOC)c12)C#N,1.95,1.9876189816808645,0.03761898168086453
1219,train,Nc1nc(Cl)nc(NCc2ccccc2)n1,2.26,2.4020021325462273,0.1420021325462275
2614,train,OC(=O)c1ccccc1Nc2cccc(c2)C(F)(F)F,2.01,2.194486611899909,0.18448661189990911
502,train,Cc1ccc(cc1NC(=O)c2ccc(OCc3ccccn3)cc2)c4cn(C)c(C)n4,2.71,2.844962269926558,0.13496226992655824
3332,train,COc1ccc(OC)c(c1)c2c(F)ccc3c(N)c(nnc23)C(=O)NC(C)C,3.77,3.8362415827359806,0.06624158273598058
2738,train,Cc1cc(NCc2ccccc2)nc3ccccc13,3.69,3.848089444998942,0.15808944499894206
2223,train,CN(C)c1nc(nc(n1)N(C)C)N(C)C,2.44,2.3792169811553037,-0.06078301884469628
2251,train,CS(=O)(=O)c1cccc(Nc2nccc(Nc3cccc4OCOc34)n2)c1,2.83,3.0480711966433893,0.21807119664338925
4080,train,CN[C@@H](C)C(=O)N[C@H](C(=O)N1CC[C@H]2CC[C@H](NC(=O)c3cccc4ccccc34)[C@@H]12)C(C)(C)C,1.94,2.262408040852846,0.32240804085284624
1114,train,CC(C)NC(=O)c1ccc(C)c(c1)N2C=Nc3ccc(cc3C2=O)N4CCN(C)CC4,1.56,1.5247350500493262,-0.03526494995067386
3131,train,CN1CCN(CC1)c2ccc3N=CN(C(=O)c3c2)c4cc(NC(=O)c5cncs5)ccc4C,2.11,2.3010996085348534,0.19109960853485353
2830,train,CCN1C=C(C(=O)O)C(=O)c2cc(F)c(N3CCNC(C)C3)c(F)c12,-1.1,-1.0169564757715066,0.08304352422849348
1961,train,NNC1=Nc2ccccc2NC1=O,0.44,0.6932592256701904,0.2532592256701904
19,train,CO[C@H]1CN(CCN2C(=O)C=Cc3ccc(cc23)C#N)CC[C@H]1NCc4ccc5OCC(=O)Nc5n4,0.32,0.40456604044791056,0.08456604044791055
1346,train,COc1ccnc(NC2CCN(CC2)C(=O)c3ccccc3)c1,2.06,2.1940808884485,0.13408088844850008
999,train,COc1ccc2c(c1)cc(C(=O)O)n2Cc3ccc(Cl)c(Cl)c3,1.66,1.61214963719639,-0.04785036280360999
461,train,C[C@@H]1CN(CCN1C(=O)[C@@H]2CCCC[C@H]2C(=O)NC3(CC3)C#N)c4ccc5c(C)nnc(C)c5c4,1.93,2.082745540887642,0.15274554088764192
4024,train,Cc1ccc(cc1)c2nnc(N3CCN(CC3)C(=O)c4occc4)c5ccccc25,3.78,3.8744265112564653,0.0944265112564655
3079,train,COc1ccc(cc1Oc2cccc(Cl)c2)S(=O)(=O)N3CCC[C@@H](C3)N4C=C(C)C(=O)NC4=O,2.73,2.9278302816846953,0.1978302816846953
3593,train,C[C@H](Nc1nc(Nc2ncc(C)s2)cc(n1)N3CCOCC3)c4ncc(F)cn4,2.68,2.7801317619226467,0.1001317619226465
2956,train,Cc1ccc(cc1)S(=O)(=O)NC(=O)N2CCC(CC2)N3CCC(CC3)Oc4ccc(Cl)c(C)c4Cl,2.2,2.0115623410318917,-0.1884376589681085
290,train,COc1cc(OC)c(cc1NC(=O)COC(=O)C)S(=O)(=O)N2C(C)CCc3ccccc23,2.07,2.259461945606554,0.18946194560655405
3497,train,Cc1oc(cc1C(=O)O)c2ccc(Cl)cc2,1.67,1.6016473900370864,-0.06835260996291348
4042,train,CC1=CC2=NNC(=O)N2c3cc(ccc13)c4cccc(CO)c4,3.36,3.366609981706562,0.006609981706561907
1781,train,C[C@H](NC(=O)c1c(C)nn(c1NS(=O)(=O)c2cccc(CN3CCOCC3)c2)c4ccccc4)C(C)(C)C,0.29,0.41109651422108606,0.12109651422108608
2393,train,C[C@@H](C(=O)NCCN1CCCC1)c2ccc(OS(=O)(=O)C(F)(F)F)cc2,1.64,1.872513615333084,0.232513615333084
2041,train,CNC[C@H](O)c1ccc(Cl)c(c1)C(=O)NCC23CC4CC(CC(C4)C2)C3,1.41,1.5372256060233407,0.12722560602334076
2525,train,CC(=O)Nc1ccc(CNc2[nH]nc3cccc(Oc4ccc(F)cc4)c23)cc1,4.28,4.356482511802973,0.07648251180297283
3499,train,CC(C)C[C@H](CO)Nc1nc(SCc2cccc(c2)C#N)nc3nc(N)sc13,3.9,3.9016043067829864,0.0016043067829865088
1979,train,Oc1cccc(NC(=O)c2ccc(OCCCN3CCCC3)cc2OCc4cccc(c4)C#N)c1,2.41,2.5251555222567097,0.11515552225670955
3037,train,CCN(CC)CC#CCOC(=O)C(O)(C1CCCCC1)c2ccccc2,3.65,3.6696464652074736,0.019646465207473707
138,train,COc1ccc(cc1)C2=CC(=O)c3ccccc3N2,2.71,2.666064184322937,-0.04393581567706306
3254,train,Cc1cnc(Oc2ccc(cc2)n3ccnc3)nc1Oc4ccc5OCOc5c4,3.56,3.6408454866667608,0.08084548666676072
2780,train,O\N=C\1/C(=O)N(Cc2ccccc2[N+](=O)[O-])c3ccccc13,2.07,1.9801957934009533,-0.08980420659904653
1848,train,C[C@H](CO)Nc1nc(SCc2cccc(F)c2F)nc3NC(=O)C=Nc13,3.1,3.1136584188311103,0.013658418831110186
61,train,Cc1ccccc1NC(=O)CCS(=O)(=O)c2ccc(Br)s2,2.7,2.6347659983641547,-0.06523400163584547
1478,train,Oc1ccc(cc1)C2=COc3cc(O)cc(O)c3C2=O,3.06,3.021471456715908,-0.03852854328409183
3081,train,Nc1nc2OC(COc3ccccc3)Cc2c(N)c1C#N,2.08,2.132265271175869,0.0522652711758691
3904,train,OCCCNc1ccc2c(NC(=O)CC3CCCCC3)c(Cl)ccc2n1,3.29,3.480439143003853,0.19043914300385278
2468,train,C[N+]1(C)[C@@H]2C[C@H](C[C@H]1[C@@H]3O[C@H]23)OC(=O)C(O)(c4cccs4)c5cccs5,-0.25,0.5413731106379438,0.7913731106379438
3906,train,O[C@@H]1CN(CCN2C(=O)C=Cc3ccc(cc23)C#N)CC[C@@H]1NCc4cc5OCCOc5cn4,0.46,0.49046300570330925,0.03046300570330923
2619,train,COc1cccc(n1)N(C)c2ccnc(Nc3cc(cc(c3)N4CCOCC4)N5CCOCC5)n2,3.37,3.5465488927480804,0.17654889274808028
1738,train,CN(C)CCCNS(=O)(=O)c1ccc(Nc2nccc(n2)c3cnc4cccnn34)cc1,1.4,1.6093494476660284,0.20934944766602848
2861,train,N[C@@H](Cc1cccs1)C(=O)N[C@@]2(C[C@@H]2c3ccccc3)C#N,1.3,1.3753552886556961,0.07535528865569607
1927,train,COc1cc2ncc(C(=O)N)c(Nc3ccccc3Cl)c2cc1OC,2.89,2.9161442316081825,0.026144231608182356
2346,train,C[C@H](NC(=O)c1c(C)nn(C2CCS(=O)(=O)CC2)c1NS(=O)(=O)c3ccc(C)cc3)C(C)(C)C,0.25,0.34594491241913317,0.09594491241913317
2817,train,CCc1[nH]c2nc(Sc3cnc4ccc[n+]([O-])c4c3)nc(N5C[C@@H]6[C@@H](N)[C@@H]6C5)c2c1Cl,2.3,2.3367802530654416,0.03678025306544175
591,train,CCC(CCNC)Oc1cc(Cl)ccc1C#N,0.38,0.344011264021292,-0.035988735978708
1278,train,O=C(NCCCCc1ccccc1)c2ccccc2,3.8,3.918332418805052,0.11833241880505208
1953,train,O=C1CCOc2cc(OCc3cccc(c3)C#N)ccc12,2.8,3.0874548223216585,0.28745482232165864
2104,train,OC1(C(=O)Nc2ccccc12)c3ccccc3,1.71,1.7477121706726917,0.037712170672691725
300,train,Oc1ccc(CCNCCCS(=O)(=O)NCCOCCc2cccc(Cl)c2)c3sc(O)nc13,1.92,2.0942182273528016,0.17421822735280168
3186,train,Clc1ccc(OC2CCNCC2)cc1C(=O)NCC34CC5CC(CC(C5)C3)C4,1.83,1.9938537397066884,0.16385373970668837
1402,train,Nc1n[nH]c2c(Cl)cccc12,1.7,2.0688060500537433,0.36880605005374334
517,train,Cc1onc(n1)c2ccc(OCC3CN(C3)c4ccc(C)nn4)cc2,2.62,2.74030904535595,0.12030904535594988
3257,train,CN1CCN(CC(=O)N2c3ccccc3C(=O)Nc4cccnc24)CC1,-0.49,-0.3791686094344078,0.11083139056559221
1252,train,C[C@H](CO)Nc1nc(SCc2ccccc2F)nc3nc(N)sc13,3.12,3.147168507968585,0.027168507968585054
2242,train,OC(=O)C1Cc2c([nH]c3ccccc23)C(N1)c4ccccc4,0.78,1.0573602156756736,0.2773602156756736
3722,train,Cc1cc(C)nc(N)c1,0.85,0.9095526642884395,0.05955266428843953
1583,valid,CCN(C1CCN(CCC(c2ccccc2)c3ccccc3)CC1)C(=O)Cc4ccc(cc4)S(=O)(=O)N,2.4,2.776756408878793,0.3767564088787929
1735,valid,OC1N=C(c2ccccc2Cl)c3cc(Cl)ccc3NC1=O,2.38,3.697807280611988,1.317807280611988
2047,valid,CS(=O)(=O)Nc1cccc(NC(=O)CN2CCN([C@H](Cc3ccccc3)C2)C(=O)C[C@H](N)Cc4ccc(F)c(F)c4)c1,2.06,1.6869873396158113,-0.3730126603841888
4015,valid,Cn1cnc2c(c3ccc(cc3)C4(N)CCC4)c(ccc12)c5ccccc5,2.5,2.310034254949104,-0.18996574505089603
75,valid,COc1cc(NS(=O)(=O)c2ccc(N)cc2)nc(OC)n1,0.2,0.15911488453651979,-0.040885115463480226
2189,valid,CC(C)(N)C(=O)N[C@H](COCc1ccccc1)C(=O)N2CCC3(CC2)CN(c4ccccc34)S(=O)(=O)C,1.4,1.796187790294594,0.39618779029459406
2791,valid,Clc1ccccc1N2CCN(CC2)C(=O)NC3CCCCC3,3.78,3.181440517043857,-0.5985594829561429
2388,valid,COC[C@H](C)Oc1cc(Oc2ccc(Cl)cc2)cc(c1)C(=O)Nc3ccc(cn3)C(=O)O,1.69,1.5336060886570408,-0.1563939113429591
3319,valid,CN1[C@@H]2CC[C@H]1C[C@H](C2)OC(=O)C(O)c3ccccc3,-1.29,0.2254849219801276,1.5154849219801276
1965,valid,COCC[C@H](Oc1ncnc2c1cnn2c3ccccc3Cl)C(=O)Nc4ccc(C)cn4,3.6,2.9727082914883294,-0.6272917085116707
4073,valid,Cc1cc(C)cc(c1)c2c(O)nc3cc(Cl)c(cc3c2OCCC4CCCCN4)C(=O)Nc5ccncn5,1.7,3.390946158577237,1.6909461585772372
3729,valid,O=S(=O)(Nc1cccnc1)c2ccc3OCCOc3c2,1.34,1.996221887807148,0.656221887807148
3777,valid,O[C@@H](CNCCc1ccc(CNCCc2ccccn2)cc1)c3ccc(O)c4NC(=O)Sc34,-0.25,0.5976627839016604,0.8476627839016604
2004,valid,Cc1cc(C)cc(c1)c2[nH]c3ccc(cc3c2CCNCCCCc4ccncc4)C(C)(C)C(=O)N5C6CCC5CC6,4.3,4.242339559223651,-0.05766044077634902
804,valid,C[C@H](Nc1nc(Nc2cc(C)[nH]n2)c(C)nc1C#N)c3ncc(F)cn3,1.92,1.9334925161054148,0.013492516105414909
2114,valid,Clc1cccc(NC(=O)N2CCN(C[C@@H]3CCCN(C3)C4CC4)CC2)c1,2.74,3.58564005627524,0.84564005627524
3158,valid,CN(CCOc1ccc(C[C@H](Nc2ccccc2C(=O)c3ccccc3)C(=O)O)cc1)c4ccccn4,2.15,1.4217474498483362,-0.7282525501516637
2676,valid,CC(C)C[C@H](N1CCC[C@@H](C1)N2C=C(C)C(=O)NC2=O)c3ccc(C(=O)O)c(Oc4cccc(Cl)c4)c3,0.93,0.8159958658531095,-0.11400413414689059
1427,valid,O=C(Nc1cccc(c1)c2nnn[nH]2)c3cccc4[nH]cnc34,-0.05,0.8531860615491282,0.9031860615491283
280,valid,COc1ccc(cc1OC)C2=COc3cc(O)cc(O)c3C2=O,2.8,2.2075163249223344,-0.5924836750776654
3101,valid,FC1(F)Oc2ccc(\C=C\3/SC(=O)NC3=O)cc2O1,2.8,2.423825087075108,-0.3761749129248919
3231,valid,COCC(=O)N1CCC(CC1)n2cc(cn2)c3cnc(N)c(c3)c4oc5ccccc5n4,3.4,2.9415449851693234,-0.4584550148306765
511,valid,CN1CC=CCC(C1)c2oc3ccccc3c2,2.47,2.7268834058219116,0.2568834058219114
1580,valid,OC(=O)[C@H](Cc1ccccc1C#N)N2CCC(CN3CCC(CC3)Oc4ccc(Cl)c(Cl)c4)CC2,2.12,2.309731236685742,0.18973123668574177
2747,valid,OC(=O)COc1ccc(Cl)cc1c2cccc(c2)C#N,-0.25,0.053526721010165534,0.30352672101016553
1123,valid,CCCCNC(=O)NS(=O)(=O)c1ccc(C)cc1,0.44,0.0975374666598916,-0.3424625333401084
1442,valid,Nc1nnc(CCSCCc2nnc(N)s2)s1,-0.1,0.9477187942528573,1.0477187942528574
1276,valid,Cc1nc2ncnn2c(O)c1CCOC(=O)c3ccccc3F,0.99,0.10685186198221741,-0.8831481380177826
1143,valid,COc1cc(Nc2nc(N[C@@H](C)c3ncc(F)cn3)ncc2Cl)n[nH]1,2.53,2.5642841021406557,0.034284102140655914
4007,valid,O[C@@H](CNCCOc1cccc(CNCCc2ccccc2F)c1)c3ccc(O)c4NC(=O)Sc34,1.86,1.1366175309284345,-0.7233824690715656
3568,valid,c1ccc(cc1)c2ccc3ccccc3n2,4.0,2.930057332161449,-1.0699426678385509
492,valid,CC(C)CN1C(=O)N(C)C(=O)c2c1sc(Cc3ccccc3C(F)(F)F)c2C(=O)N(C)C,2.9,3.4786298542846046,0.5786298542846047
454,valid,CCNC(=O)C[C@H]1N=C(c2ccc(Cl)cc2)c3cc(OC)ccc3n4c(C)nnc14,2.42,2.116745617100316,-0.30325438289968387
369,valid,Clc1ccc(O[C@H]2CCCNC2)cc1C(=O)NCC34CC5CC(CC(C5)C3)C4,2.18,2.328912487972328,0.14891248797232803
3994,valid,NC(=O)N1c2ccccc2C=Cc3ccccc13,1.65,1.8628922251297668,0.2128922251297669
979,valid,COc1cc(cc(OC)c1OC)C(=O)c2cc(Cl)ccc2N,3.38,2.6400481757123853,-0.7399518242876146
3484,valid,COC(=O)CCCCCCC(=O)Nc1ccc2c(c1)C(=O)C(=O)c3ccccc23,2.9,2.784537131234659,-0.11546286876534095
1750,valid,Cc1cc(c(S)cc1Cl)S(=O)(=O)Nc2nc(Nc3ccc(Cl)cc3)n[nH]2,2.09,1.9420018994152681,-0.14799810058473173
2320,valid,NC(=O)Cc1ccccc1,0.3,1.3451866428590171,1.045186642859017
225,valid,CCCNC[C@@H](O)COc1ccccc1C(=O)CCc2ccccc2,1.56,1.8343803105396435,0.2743803105396434
3419,valid,O=C(N[C@@H]1CN2CCC1CC2)c3ccc(s3)c4ccccc4,1.77,1.9999203229578573,0.22992032295785725
1455,valid,COc1cc(cc(OC)c1OC)C(=O)Nc2cc(NC(=O)c3cccc(c3)N(C)C)ccc2C,2.54,2.994917484042235,0.45491748404223475
2055,valid,CN1C=CNC1=S,-0.42,-0.7099393257214053,-0.2899393257214053
262,valid,COc1ccnc(CCc2nc3cccnc3[nH]2)c1,1.69,2.503468784957171,0.8134687849571711
864,valid,C[C@@H](NC(=O)c1c(C)nn(c1NS(=O)(=O)c2ccc(C)cc2)c3ccccc3)C(C)(C)C,1.2,1.4208167044166355,0.2208167044166356
2813,valid,NC(=O)c1cc(sc1N)c2ccccc2,2.7,1.6275387136094208,-1.0724612863905794
2102,valid,O[C@@H](CNCCSCCCNCCc1cccc(Cl)c1)c2ccc(O)c3NC(=O)Sc23,0.98,0.8370099040540269,-0.14299009594597312
1042,valid,Clc1cccc(Cl)c1c2nnc3cccc(Cl)n23,2.66,2.855436319251762,0.19543631925176186
3428,valid,CC(=O)Nc1ccc(cc1)S(=O)(=O)Nc2ccc(Cc3ccncc3)cc2,2.8,0.9071950361491634,-1.8928049638508364
1274,valid,CC1(C)[C@@H]2CC[C@@]1(CS(=O)(=O)N3CCN(CC3)c4ccc(cn4)C#N)C(=O)C2,2.46,2.9744864179857906,0.5144864179857906
3928,valid,COCCNc1nc(nc(NCC(C)C)c1N)C#N,2.8,2.6869980756030865,-0.11300192439691337
1102,valid,NCCc1ccc(O)c2nc(O)sc12,0.33,1.117894024482064,0.787894024482064
2758,valid,CC(C)CN1C(=O)N(C)C(=O)c2c1nn(Cc3cccc4ccccc34)c2c5ccncc5,4.3,3.8677452152219267,-0.4322547847780731
1375,valid,Cn1c(SCc2c(Cl)cccc2Cl)nnc1c3ccc4nonc4c3,3.35,3.484519875713027,0.13451987571302704
2978,valid,OC[C@H](O)CN1C(=O)C(Cc2ccccc12)NC(=O)c3cc4cc(Cl)ccc4[nH]3,3.4,2.8565515074393293,-0.5434484925606706
842,valid,Clc1cccc(C(=O)N2CCN(CC2)c3ccccn3)c1Cl,2.98,3.2292357012382955,0.24923570123829553
2538,valid,COc1ccc2NC(=O)C(NC(=O)c3ccccc3OC)N=C(c4ccccc4)c2c1,3.8,3.4990031509322144,-0.30099684906778545
3315,valid,Nc1ncnc2ccccc12,1.26,1.6791116122496716,0.41911161224967164
1310,valid,CC(C)CN1C(=O)N(C)C(=O)c2c(SCCCO)c(Cc3ccccc3C(F)(F)F)sc12,4.05,4.014021985728249,-0.03597801427175096
1703,valid,CCN1CCO[C@@H](CN2CCN(CC2)C(=O)Nc3ccc(Cl)c(Cl)c3)C1,2.68,2.2014845189998886,-0.47851548100011154
2559,valid,COc1cc(Nc2cc(Oc3cc(C)c(C)nc3c4ccccn4)ccn2)cc(OC)c1OC,3.22,3.3014909158670314,0.08149091586703117
3378,valid,CS(=O)(=O)C1(CC1)c2cc(nc(n2)c3cccc4[nH]ccc34)N5CCOCC5,2.2,2.7705646706255056,0.5705646706255054
946,valid,Nc1ccccc1NC(=O)c2ccc(cc2)c3nccs3,2.3,2.065802564984845,-0.234197435015155
336,valid,C(CNCc1ccccc1)NCc2ccccc2,0.73,0.12722327877422046,-0.6027767212257795
129,valid,CNCC[C@H](Oc1ccc(cc1)C(F)(F)F)c2ccccc2,1.89,2.2525460969151347,0.36254609691513484
1878,valid,OC(=O)c1ccc(Nc2ncc(Br)c(Nc3ccccc3)n2)cc1,1.65,1.6795966149961838,0.029596614996183934
2603,valid,C[C@@](O)(C(=O)Nc1ccc(cc1Cl)S(=O)(=O)C)C(F)(F)F,2.08,2.604939052475051,0.5249390524750508
948,valid,Nc1ncc([nH]1)c2ccc(F)cc2,1.39,1.4749524969679797,0.0849524969679798
1821,valid,Cc1ccn2c(c(C)nc2c1)c3ccnc(N)n3,2.39,1.7481803993230214,-0.6418196006769787
2266,valid,Cc1ccccc1C(=O)N2CCN(CC2)c3ccccn3,2.18,2.2382662076121576,0.058266207612157395
3878,valid,COCCOc1ccc(cc1)c2cc(C(=O)N)c(NC(=O)N)s2,2.34,2.0582927406672162,-0.2817072593327836
1556,valid,CN(c1ccc2c(C)n(C)nc2c1)c3ccnc(Nc4ccc(C)c(c4)S(=O)(=O)N)n3,3.3,2.68367926283171,-0.61632073716829
3148,valid,C1CCC(CC1)NC2CCCCC2,-0.38,2.104464809630719,2.484464809630719
871,valid,CCOC(=O)\C=C\[C@H](C[C@@H]1CCNC1=O)NC(=O)[C@@H](CC(=O)[C@@H](NC(=O)c2cc(C)on2)C(C)C)Cc3ccc(F)cc3,2.8,2.5543409312689795,-0.24565906873102028
2640,valid,Cc1c(CCC(=O)O)c[nH]c1\C=C\2/C(=O)Nc3ccccc23,1.05,0.11717675199524846,-0.9328232480047516
1975,valid,FC(F)(F)c1cccc(c1)S(=O)(=O)NCC(N2CCCCCC2)c3ccccc3,3.12,4.214172092022374,1.094172092022374
1985,valid,FC(F)(F)c1cc(COCC(N2CCNCC2)c3ccccc3)cc(c1)C(F)(F)F,2.9,3.230628601940674,0.3306286019406741
1212,valid,CCc1ccc(NC(=O)c2ccc3cc(ccc3c2)C(=N)N)cc1,1.1,1.487459682433899,0.38745968243389894
629,valid,OC[C@H](O)C(=O)N1CCC(=CC1)c2ccc(cc2F)N3C[C@H](COc4ccon4)OC3=O,1.09,1.399793989959072,0.3097939899590718
3007,valid,CC(C)CN1C(=O)N(C)C(=O)c2c1sc(Cc3cncc4ccccc34)c2C(=O)N5CC[C@@H](O)C5,1.74,1.9683773581084498,0.22837735810844983
2536,valid,CCN(CC)C(=O)c1ccc(cc1)C(=C2CCN(Cc3ccc(F)cc3)CC2)c4cccc5cccnc45,3.86,3.7470171284525593,-0.11298287154744058
1892,valid,Cc1cccc(n1)c2nc3cc(Cl)ccc3[nH]2,4.1,4.0219461555273295,-0.07805384447267016
2605,valid,CCS(=O)(=O)Nc1cccc2c1c(Oc3ccc(Cl)cc3)c(C)n2CC(=O)O,-0.29,0.1028114738664474,0.3928114738664474
3730,valid,CNCCC(Oc1ccccc1OC)c2ccccc2,0.22,1.163856638668588,0.943856638668588
2391,valid,COCCOCCOc1ccc(cc1)c2cc(C(=O)N)c(NC(=O)N)s2,2.21,1.9249874709238846,-0.2850125290761154
3758,valid,CN(C)Cc1ccccc1Sc2ccc(C)cc2N,2.6,2.661329912581902,0.06132991258190179
1682,valid,OC(=O)COc1ccc(cc1c2ccc(Cl)cc2)C(F)(F)F,0.9,1.3061318473076313,0.4061318473076313
1187,valid,COc1cc(ccc1Nc2ncc(Cl)c(n2)c3cnc4ccccn34)N5CCN(CC5)C(=O)N,3.3,3.1844756885250476,-0.11552431147495223
3031,valid,Cc1c(Oc2ccc(Cl)cc2)c3cc(F)ccc3n1CC(=O)O,1.26,1.549251114641129,0.28925111464112896
1631,valid,Cc1cc(N)nc(CCNC(=O)c2ccc(cc2)C#N)c1,1.62,2.826550602604473,1.206550602604473
2499,valid,COc1ccc(CN2C(=O)CCC2(C)C(=O)NC3CCCCC3)c(OC)c1,2.38,2.2791613863213236,-0.1008386136786763
2973,valid,CO[C@H]1CN(CCN2C(=O)C=Nc3ccc(OC)cc23)CC[C@H]1NCc4ccc5OCC(=O)Nc5n4,0.51,0.8452069421246238,0.33520694212462376
2889,valid,CN1C2CC(CC1C3OC23)OC(=O)C(CO)c4ccccc4,0.17,0.24707289455817882,0.07707289455817881
2701,valid,CCC(N(CCCN)C(=O)c1ccc(cc1)C(C)C)C2=Nc3ccsc3C(=O)N2Cc4ccccc4,2.72,2.6983343640835575,-0.02166563591644266
3902,valid,COCCN(c1ccnc(Nc2cc(cc(c2)N3CCOCC3)N4CCOCC4)n1)c5cc(CO)ccc5C,2.8,3.410315901539458,0.6103159015394581
2461,valid,Cc1nc(CS(=O)(=O)c2ccccc2)cc(n1)N3CCOCC3,1.07,1.913055738180012,0.8430557381800119
1712,valid,CC(C)C(NC(=O)CN1C(=O)C(=CC=C1c2ccccc2)NC(=O)Cc3cccc(c3)C(=O)O)C(=O)C(F)(F)F,0.68,0.653756373765177,-0.026243626234823014
3894,valid,COc1cc2c3N([C@H](C)c4ccccn4)C(=O)Nc3cnc2cc1c5c(C)onc5C,3.15,2.6654210929501203,-0.4845789070498796
3518,valid,CCn1c(nc2c(ncc(OCC3CCCNC3)c12)C#CC(C)(C)O)c4nonc4N,0.6,2.700680821542402,2.1006808215424018
1245,valid,O=C(Nc1nc(cs1)c2ccccc2)c3cccnc3,3.62,3.121781058000968,-0.49821894199903216
2163,valid,Clc1ccc(cc1C(=O)NCC23CC4CC(CC(C4)C2)C3)N5N=CC(=O)NC5=O,2.1,1.8854532398906683,-0.21454676010933182
223,valid,COc1ccccc1C(NC(=O)[C@@H]2CCCC[C@H]2C(=O)N3CCN(Cc4ccc(F)cc4)CC3)C#N,3.57,3.1727015021414386,-0.3972984978585612
3609,valid,O[C@@H](CNCCc1cccc(CNCc2ccccc2Cl)c1)c3ccc(O)c4NC(=O)Sc34,1.85,1.3799214579242147,-0.47007854207578537
2814,valid,OC1=CC(=O)C2=C(O1)c3ccccc3N(C2=O)c4ccccc4,0.96,2.1180110491321367,1.1580110491321367
2782,valid,Cc1cccc(C[C@H](N2CCC(CN3CCC(CC3)Oc4ccc(Cl)c(Cl)c4)CC2)C(=O)O)c1,2.84,2.777571073226784,-0.062428926773215654
1998,valid,NC(=O)CN1C(=O)C(Cc2ccccc12)NC(=O)c3cc4cc(Cl)sc4[nH]3,3.22,2.2317375413924503,-0.9882624586075499
3753,valid,c1cnc2cccnc2c1,0.89,1.5771534860508005,0.6871534860508005
2151,valid,O[C@H](CNC(=O)C1=CNC(=O)c2ccccc12)CN3CCC(CC3)Oc4ccc(Cl)c(Cl)c4,3.42,3.766469295852917,0.3464692958529172
1500,valid,COc1ncccc1c2cccc3c(N)c4C(=O)N(Cc4nc23)C5CCC5,3.26,2.987151583624806,-0.27284841637519364
202,valid,Clc1ccc2C(=O)C3=C(Nc2c1)C(=O)NN(Cc4ccccn4)C3=O,1.1,0.7231658485161601,-0.37683415148384003
203,valid,C[C@@H](NC(=O)[C@H]1CCCCN1)c2ccc(Nc3ncc4cc(ccc4n3)c5ccncc5)cc2,2.15,2.5887913820226043,0.43879138202260437
1650,valid,Clc1ccc(CN(Cc2ccc(Cl)cc2)c3nn[nH]n3)cc1,2.74,2.6816305455801013,-0.058369454419898936
2954,valid,Cn1cc(cc1C=O)C(=O)CCCCOc2ccc(cc2)C(=O)O,0.14,0.8911520591935782,0.7511520591935782
2554,valid,Nc1nc(N)c(c(COCc2ccccc2)n1)c3ccc(NC(=O)C4CC4)cc3,2.46,2.970811227972679,0.5108112279726789
3859,valid,COc1cc2ncnc(Nc3cccc(Cl)c3F)c2cc1CN(C)C4(CCN(C)CC4)C(=O)N,2.16,2.719961922082556,0.559961922082556
2683,valid,CC(C)n1c(C)ncc1c2nc(Nc3ccc(cc3)C(=O)N4CC[C@@H](C4)N(C)C)ncc2F,2.16,3.1667361418844737,1.0067361418844736
1428,valid,Cc1c(Sc2ccc(Cl)cc2)c3cc(ccc3n1CC(=O)O)S(=O)(=O)C,0.54,0.7595291969538143,0.21952919695381423
1679,valid,COc1ccc2c(C)nc(NC(=N)N)nc2c1,-0.51,0.3720909564261665,0.8820909564261665
4096,valid,Nc1nc(N)nc(n1)c2ccc(Cl)cc2,2.12,2.6730664657023087,0.5530664657023086
432,valid,O=C1C=C(Oc2c1cccc2c3cccc(c3)c4ccsc4)N5CCOCC5,4.2,3.6983780336950183,-0.5016219663049819
416,valid,Clc1cccc(c1)N2CCN(CCCN3N=C4C=CC=CN4C3=O)CC2,2.67,3.316606979404268,0.6466069794042681
232,valid,COc1cc(Nc2nccc(n2)N(C)c3cc(CO)ccc3C)cc(c1)N4CCOCC4,3.9,3.936414605281005,0.03641460528100504
1492,valid,Cc1ccc(NC(=O)c2cccc(c2)C(F)(F)F)cc1NC(=O)c3cccnc3,3.11,3.647714768261963,0.5377147682619632
558,valid,Cc1ccccc1CN2C=CN3C(=O)C=C(N=C23)N4CCOCC4,2.3,2.8156660217356353,0.5156660217356355
1879,valid,Oc1ccc(O)c2C(=O)C=CC(=O)c12,1.91,0.9020887699044307,-1.0079112300955693
3198,valid,[O-][N+](=O)c1oc(C=NN2CCOC2=O)cc1,-0.12,0.7121818522065868,0.8321818522065868
188,valid,CC(C)OC(=O)N1CCC(CC1)Oc2ncnc(Nc3ccc(nc3C)S(=O)(=O)C)c2C,2.8,3.037900165581547,0.23790016558154736
3311,valid,Clc1ccc(OC2CCN(CC2)C3CCN(CC3)S(=O)(=O)NC(=O)c4ccccc4)cc1Cl,2.14,2.2770417768227027,0.13704177682270258
972,valid,Fc1cnc(NC(=O)[C@H](CC2CCOCC2)c3ccc(cc3)S(=O)(=O)C4CC4)s1,3.19,3.0799725631944157,-0.11002743680558424
394,valid,COCCNCc1cccc(CCNC[C@H](O)c2ccc(O)c3NC(=O)Sc23)c1,0.01,-0.14777645979221443,-0.15777645979221444
2161,valid,CCS(=O)(=O)c1ccc(Oc2cc3nc([nH]c3cc2CN4C(=O)CCC4=O)c5ccccn5)cc1,2.0,2.020613411965011,0.020613411965010986
1876,valid,CN1CCN(CC1)C(=O)OC2N(C(=O)c3nccnc23)c4ccc(Cl)cn4,1.1,1.1589805824335295,0.05898058243352944
3085,valid,CCN(C(=O)Nc1ccccc1)c2ccccc2,3.1,2.7342285800941477,-0.3657714199058524
2770,valid,CC(C)NC[C@@H](O)COc1cccc2ccccc12,1.13,0.8651190957314978,-0.2648809042685021
807,valid,COc1cc(OC)c(cc1NC(=O)CSc2ccncc2)S(=O)(=O)N3C(C)CCc4ccccc34,2.82,1.768181990675488,-1.0518180093245117
3312,valid,OC(=O)c1cc2cc(ccc2n1Cc3ccc(Cl)c(Cl)c3)C(F)(F)F,3.07,2.2188334894871145,-0.8511665105128854
2298,valid,CCO\N=C(\C1CCN(CC1)C2(C)CCN(CC2)C(=O)c3c(C)cc[n+]([O-])c3C)/c4ccc(Br)cc4,2.14,3.6398608761417153,1.4998608761417151
1706,valid,OC(=O)C(N1CCC(CC1)N2CCC(CC2)Oc3ccc(Cl)c(Cl)c3)c4ccccc4,2.23,1.4125436044961086,-0.8174563955038914
3709,valid,CC(C)COc1ccc(cc1C#N)c2nc(C)c(s2)C(=O)O,0.94,1.439004596619392,0.4990045966193921
126,valid,CN1CCN(CC1)C2=Nc3cc(Cl)ccc3Nc4ccccc24,3.08,4.106665463547309,1.0266654635473094
528,valid,CC(C)n1c(C)ncc1c2ccnc(Nc3ccc(cc3)N4CCOCC4)n2,2.88,3.402227172072659,0.5222271720726592
3172,valid,COc1cc(ccc1Nc2ncc(Br)c(n2)c3cnc4ccccn34)N5CCN(CC5)C(=O)C,3.7,3.3889329778268076,-0.3110670221731926
124,valid,CCN(C1CCN(CCC(c2ccccc2)c3ccccc3)CC1)C(=O)NCc4c(F)cccc4F,4.3,4.057532545182333,-0.24246745481766663
3863,valid,COCCOc1cc(Nc2nccc(n2)N(C)c3cc(CO)ccc3C)cc(c1)N4CCOCC4,3.3,3.502901971460377,0.20290197146037725
2287,valid,Clc1ccc(cc1Cl)[C@@H]2CNCC=CC2,1.95,2.1710521873033093,0.22105218730330933
4037,valid,CN1CCOc2cc(OC(=O)c3ccccc3)cnc12,3.3,3.1623856498957474,-0.13761435010425238
3493,valid,CS(=O)(=O)Cc1cc(nc(n1)c2ccc3[nH]ccc3c2)N4CCOCC4,2.06,2.342436015564422,0.2824360155644219
348,valid,CCOC(=O)C1(CCCN(CC2CC2)C1)c3cccc(O)c3,1.89,1.4106744496060029,-0.47932555039399705
3357,valid,Oc1c2C(=O)NNC(=O)c2nc3cc(Cl)cc(Cl)c13,0.89,1.348804352671849,0.45880435267184894
2942,valid,CO[C@H]1CN(CCN2C(=O)C=Nc3ccc(OC)cc23)CC[C@@H]1NCc4cc5OCCOc5cn4,1.25,1.2704954245726356,0.020495424572635645
1968,valid,CCN1C(=O)C2=C(OC(=CC2=O)O)c3ccccc13,1.13,1.7312943794299986,0.6012943794299987
1630,valid,O=C1NC=Cc2nc(c3ccc(CN4CCC(CC4)c5n[nH]c(n5)c6ccccn6)cc3)c(cc12)c7ccccc7,3.9,3.085351553106388,-0.8146484468936119
1254,valid,C=CCN(C1CCN(CCC(c2ccccc2)c3ccccc3)CC1)C(=O)Nc4ccccc4,3.6,3.8323164442293254,0.2323164442293253
1476,valid,O[C@@]1(CN2CCC1CC2)C#Cc3ccc(Oc4ccc(cc4)C(=O)NCc5ccncn5)cc3,1.77,1.8098119715015486,0.03981197150154858
1894,valid,F[C@H]1CN(CCN2C(=O)C=Cc3ccc(cc23)C#N)CC[C@H]1NCc4ccc5OCC(=O)Nc5n4,0.66,0.43040696942955914,-0.2295930305704409
3219,valid,CCCCc1nc2c(N)nc3ccccc3c2n1CC(C)C,3.82,3.354667548246159,-0.46533245175384064
1867,valid,CC(C)C(NC(=O)CN1C(=O)C(=CC=C1c2ccccc2)NC(=O)OCc3ccncc3)C(=O)C(F)(F)F,2.41,2.3759342471511466,-0.03406575284885349
2399,valid,CC(C)C(NC(=O)CN1C(=O)C(=CN=C1c2cccs2)NC(=O)OCC(F)(F)F)C(=O)C(F)(F)F,2.32,1.4542427061667822,-0.8657572938332176
1088,valid,C[C@@H]1CN(C[C@H](C)N1)c2c(F)c(N)c3C(=O)C(=CN(C4CC4)c3c2F)C(=O)O,-0.15,0.6827116450699116,0.8327116450699116
1612,valid,Cc1cccc(n1)C#Cc2ccccc2,3.6,4.248579956816295,0.6485799568162949
2336,valid,Nc1ccc(Cl)c(c1)c2oc3cccnc3n2,1.97,2.579058646525663,0.6090586465256631
3857,valid,NC1=NC(c2cccc(c2)c3cncnc3)(c4ccnc(c4)C(F)(F)F)c5cccc(F)c15,3.4,3.085985353654379,-0.3140146463456208
2028,valid,CC(C)C(NC(=O)CN1C(=O)C(=CC=C1c2ccccc2)NS(=O)(=O)NCc3ccccc3)C(=O)C(F)(F)F,2.57,1.9930404129482637,-0.5769595870517361
3279,valid,CN([C@@H]1CCN(Cc2nc3cc(F)ccc3s2)C[C@@H]1F)C(=O)Cc4ccc(cc4)S(=O)(=O)C,2.2,2.3552451347616223,0.15524513476162216
2178,valid,CN(CCN(C)C(=O)CCOCCc1ccccc1)CCc2ccc(O)c3nc(O)sc23,2.59,1.7590756447573197,-0.8309243552426802
3169,valid,CCCNC(=O)c1nnc2c(cccc2c1N)c3cnccc3OC,2.83,3.129418549820036,0.2994185498200359
1134,valid,COc1cc2ncc(C(=O)N)c(Nc3cccc(Cl)c3)c2cc1OC,3.5,3.3357002389880357,-0.1642997610119643
3009,valid,CCc1cc(C(=O)N[C@@H](Cc2cccc(Cl)c2)C(=O)NCC#N)n(C)n1,2.6,2.4801231473869154,-0.11987685261308467
3887,valid,CCN(C1CCN(CC[C@H](c2ccc(cc2)S(=O)(=O)C)c3cccc(F)c3)CC1)C(=O)Cc4ccc(cc4)S(=O)(=O)C,2.9,1.9820595256306552,-0.9179404743693447
310,valid,COc1ccnc(CCc2nc3cc(Br)cnc3[nH]2)c1,2.92,3.5137623311127446,0.5937623311127447
3377,valid,C[C@H]1NC(C)(C)CO[C@]1(O)c2cccc(Cl)c2,1.69,1.9030436272190694,0.21304362721906944
414,valid,COc1ccccc1Nc2cc(Oc3cc(C)c(C)nc3c4ccccn4)ccn2,3.37,3.6376931134187096,0.2676931134187095
3235,valid,CC(=O)OCCn1c(Sc2nc3cccc(Cl)c3s2)nc4c(N)ncnc14,3.16,2.441822969257317,-0.7181770307426834
1512,valid,CC(C)N1CCN(Cc2cnc(c(F)c2)c3ccc(cc3)C(=O)Nc4ccccc4N)CC1,1.6,1.6924219298724568,0.09242192987245668
2052,valid,Cc1nc(cs1)C(=O)N2CCOC3(CCN(Cc4ccc(Cl)cc4)CC3)C2,2.17,1.5261893352674751,-0.6438106647325248
3856,valid,CC(C)Nc1ccc2cnn(c3cncc(n3)n4ccc(CC(=O)O)c4)c2c1,1.24,1.3821056332327095,0.14210563323270953
2296,valid,OC(=O)c1ccc(Nc2ncc3CN=C(c4cc(Cl)ccc4c3n2)c5c(F)cccc5F)cc1,2.58,2.2289755996934697,-0.35102440030653037
316,valid,Nc1ncc(nc1C(=O)Nc2cccnc2)c3ccc(cc3)S(=O)(=O)N4CCOCC4,2.83,2.4531253841857987,-0.37687461581420134
1236,valid,CCn1c(C)c(C(=O)O)c(c2cccc(c2)N3CCN(CC3)c4ccc(NS(=O)(=O)c5ccc(N[C@H](CCN6CCC(O)CC6)CSc7ccccc7)c(c5)S(=O)(=O)C(F)(F)F)cc4)c1c8ccc(Cl)cc8,4.2,2.794945747124324,-1.4050542528756762
2611,valid,CN1CCN(Cc2ccc(cc2)C(=O)Nc3ccc(C)c(Nc4nccc(n4)c5cccnc5)c3)CC1,2.5,2.7697129875824915,0.2697129875824915
4185,valid,Cc1ccnc(NS(=O)(=O)c2ccc(N)cc2)n1,-0.51,0.03839692006657325,0.5483969200665733
1690,valid,COC1=CC=C2C(=CC1=O)C(CCc3cc(OC)c(OC)c(OC)c23)NC(=O)C,1.12,1.1267947069666526,0.0067947069666525195
3776,valid,CCN(CC)CCCNCc1cc(Cl)c2cccnc2c1O,0.72,1.0839428199962788,0.36394281999627887
1448,valid,COC(=O)CCCCCCC(=O)Nc1ccc2C(=O)C(=O)c3ccccc3c2c1,2.6,2.7066397469090213,0.10663974690902123
2414,valid,Oc1ccc(N2C(=O)c3ccc(O)cc3C2=O)c(F)c1,2.1,2.1119046274025353,0.011904627402535173
179,valid,CN[C@@H](C)C(=O)N[C@H](C(=O)N[C@H]1CCCN(CCc2ccc(F)cc2)C1)C(C)(C)C,3.12,2.1085040770633388,-1.0114959229366614
275,valid,OC[C@H]1C[C@H]([C@H](O)[C@@H]1O)n2nnc3c(N[C@@H]4C[C@H]4c5ccc(F)c(F)c5)nc(SCCC(F)(F)F)nc23,3.99,4.404781931112822,0.414781931112822
1205,valid,CSCc1cc(nc(n1)c2ccccc2)N3CCOCC3,3.26,3.1390376986570527,-0.12096230134294705
254,valid,COc1ccc2ncc(F)c(CCN3CCC(CC3)NCc4cc5OCCOc5cn4)c2n1,1.46,1.9074202202798727,0.4474202202798727
3613,valid,COc1cc(Nc2c(cnc3cc(OC)c(OC)cc23)C#N)cc(OC)c1,3.5,3.312907568174686,-0.187092431825314
3977,valid,OC(=O)COc1ccc(Br)cc1c2ccccc2,0.15,0.6105718969567062,0.4605718969567062
1999,valid,CN(C)CCNC(=O)c1c(C)[nH]c(\C=C\2/C(=O)Nc3ccc(F)cc23)c1C,1.75,1.2026327094752203,-0.5473672905247797
3740,valid,CC(Nc1ccccc1)C2=CC(=CN3C(=O)C=C(N=C23)N4CCOCC4)C,3.6,2.720848997022472,-0.8791510029775282
1446,valid,COCCC(=O)NC(C)c1ccc(Nc2ncc3cc(ccc3n2)c4ccncc4)cc1,2.98,3.5791856443519947,0.5991856443519947
1014,valid,CN[C@@H](C)[C@H](O)c1ccccc1,-1.15,-0.744486155225939,0.40551384477406094
3151,valid,CNc1c(cnc2[nH]c(nc12)c3ccc(OCCN4CCOCC4)cc3)C(=O)N,2.14,2.4408581695182803,0.30085816951828015
479,valid,CN1CCCC1c2cccnc2,0.5,1.2336698485621653,0.7336698485621653
1321,valid,CCS(=O)(=O)c1ccc(c2cc(Cl)ccc2OCC(=O)O)c(c1)C(F)(F)F,0.62,0.05015324782191888,-0.5698467521780811
161,valid,Clc1ccc(cc1C(=O)NCC2CCCCC2)N3N=CC(=O)NC3=O,1.26,2.383101124349307,1.1231011243493072
3884,valid,Nc1c(nc(nc1N2CCOCC2)C#N)N3CCCCC3,2.71,2.4960583941558125,-0.21394160584418742
2225,valid,OC1=NC(=O)CN1N=Cc2oc(cc2)c3ccc(cc3)[N+](=O)[O-],1.35,1.6111215730859763,0.26112157308597617
3651,valid,Cc1ccc(cc1NC(=O)CC23CC4CC(CC(C4)C2)C3)C(=O)N5CC6CNCC(C5)O6,2.12,2.202729272620036,0.08272927262003593
1942,valid,CCC[C@H](CO)Nc1nc(S[C@@H](C)c2cccc(c2)C#N)nc3NC(=O)Sc13,3.7,3.807276478340381,0.10727647834038079
2984,valid,OS(=N)(=O)Cc1noc2ccccc12,0.55,1.2979774674988773,0.7479774674988773
3674,valid,CN1CCN(CC1)C(=O)Cc2csc(NS(=O)(=O)c3cccc(Cl)c3C)n2,0.57,1.0932938002007953,0.5232938002007953
340,valid,COC(=O)CCCC(=O)Nc1ccc2C(=O)C(=O)c3ccccc3c2c1,2.96,2.8117930130709947,-0.14820698692900525
3267,valid,Nc1nc(N)c2cc(Br)ccc2n1,1.78,1.6923659318660207,-0.08763406813397934
3204,valid,c1ccc2cnccc2c1,1.6,1.8855801662951854,0.28558016629518534
3532,valid,O=C1O[C@]2(CN3CCC2CC3)CN1c4cccs4,0.9,2.053849557336655,1.1538495573366552
3050,valid,COc1cc2c(Nc3ncc(NC(=O)c4ccccc4)cn3)ncnc2cc1OCCCN5CCOCC5,2.32,2.8346887144320156,0.5146887144320158
3562,valid,CN(C)S(=O)(=O)c1ccc(CC(=O)N(C)C2CCN(CCC(c3ccccc3)c4ccccc4)CC2)cc1,3.5,3.6235967992459344,0.12359679924593436
3636,valid,NCCCCCc1c[nH]c2ccc(F)cc12,0.6,2.1101319958676164,1.5101319958676163
4119,valid,Cc1ccnc(NCc2ccccc2O)c1,3.35,2.5865431470192064,-0.7634568529807937
2084,valid,CNCC[C@@H](Oc1cc(ccc1C#N)C(F)(F)F)c2ccccc2,1.3,1.7612714968612173,0.46127149686121727
2734,valid,CC(C)(C)NC(=O)[C@@H]1CN(Cc2cccnc2)CCN1C[C@@H](O)C[C@@H](Cc3ccccc3)C(=O)N[C@@H]4[C@H](O)Cc5ccccc45,2.9,1.8620190322004844,-1.0379809677995155
3664,valid,C[C@@H](NC1=CC(=O)CNC1)c2ccc(Nc3ncc4cc(ccc4n3)c5ccncc5)cc2,2.49,3.1872567179886495,0.6972567179886493
2270,valid,C1NCC(CC=C1)c2oc3ccccc3c2,1.94,1.880855727645016,-0.059144272354983984
1875,valid,CC(C)(C)C(=O)Nc1ccc2c(c1)C(=O)C(=O)c3ccccc23,2.83,3.134136336673443,0.3041363366734431
3956,valid,OC(C(=O)c1ccccc1)c2ccccc2,2.13,1.7374122248975177,-0.3925877751024822
717,valid,OC1(CNCCc2ccccc12)c3ccccc3,1.38,1.7321117551081917,0.3521117551081918
2935,valid,COCc1c(nc(C(C)C)c(\C=C\[C@@H](O)C[C@@H](O)CC(=O)O)c1c2ccc(F)cc2)C(C)C,1.72,1.5171519294385734,-0.20284807056142662
1825,valid,CC(C)(C)OC(=O)c1ncn2c1[C@@H]3CCCN3C(=O)c4c(Br)cccc24,2.48,3.3409726555475396,0.8609726555475397
1891,valid,Cn1cc(cc1c2c3C(=O)N(CCO)C(=O)N(CC4CC4)c3nn2Cc5ccnc6ccc(Cl)cc56)C#N,3.0,3.413489676220569,0.4134896762205691
3918,valid,CCN1CCC[C@H](CN2CCN(CC2)C(=O)Nc3ccc(Cl)c(Cl)c3)C1,1.86,2.060152532430358,0.2001525324303579
3068,valid,Nc1cccc(CCc2ccc3cc[nH]c3c2)n1,2.8,2.1507094744603767,-0.6492905255396231
667,valid,Fc1ccc2[nH]c3CCN(Cc3c2c1)C(=O)[C@@H]4CCCC[C@H]4C(=O)NCC#N,2.77,2.0214927505760842,-0.7485072494239158
2772,valid,Cc1nc(CSc2ccc(Cl)cc2)cc(n1)N3CCOCC3,3.38,2.505987285355092,-0.8740127146449077
729,valid,Cc1ccc(NC(=O)c2cccc(c2)N3CCOCC3)cc1NC(=O)c4ccc(OCc5ccccn5)cc4,3.2,3.04817314265898,-0.1518268573410202
1240,valid,COCCCc1cc(Nc2nc(NCc3onc(C)c3)ncc2Br)n[nH]1,3.07,3.2913846675214797,0.2213846675214799
2397,valid,CC(C)n1c(C)ncc1c2nc(Nc3ccc(cc3)C(=O)NC4CCN(C)CC4)ncc2F,2.13,2.3364298045990815,0.20642980459908156
10,valid,CS(=O)(=O)c1ccc(Oc2ccc(cc2)C#C[C@]3(O)CN4CCC3CC4)cc1,1.51,1.3268404089724706,-0.18315959102752943
2893,valid,CCN1C(=O)N(CC2CC2)c3nn(Cc4ccnc5ccc(Cl)cc45)c(c3C1=O)c6cc(cn6C)C#N,4.13,3.8358848439835525,-0.29411515601644744
144,valid,Oc1ccc2C(=O)C=C(Oc2c1)N3CCOCC3,1.0,2.3072065183038912,1.3072065183038912
4129,valid,CCCCC(N1NC(=O)c2nc3cc(Cl)ccc3c(O)c2C1=O)c4ccncc4,1.4,1.2733449241616022,-0.12665507583839775
2743,valid,O=C(Nc1nccs1)c2cccnc2,2.25,1.8761408328771572,-0.37385916712284284
1674,valid,CCN(CC)C(=O)c1ccc(cc1)C(=C2CCN(Cc3ccc(F)cc3)CC2)c4ccccn4,3.28,3.7367220269206793,0.45672202692067954
2294,valid,CN1CCN(CC1)C(=O)c2cc(CC3=NNC(=O)c4ccccc34)ccc2F,1.03,1.146798684289697,0.11679868428969686
286,valid,CCN(C1CCN(CCC(c2ccccc2)c3ccc(NS(=O)(=O)C)cc3)CC1)C(=O)Cc4ccc(cc4)S(=O)(=O)C,1.84,2.424659526058038,0.5846595260580381
2863,valid,Fc1ccc(cc1)C(COCc2cc(cc(c2)C(F)(F)F)C(F)(F)F)N3CCNCC3,3.0,3.1862026974104363,0.18620269741043627
3451,valid,Cc1ccc(Oc2ccc(OCC(=O)Nc3ccncc3)cc2)cc1,4.3,2.9019013610002284,-1.3980986389997714
1171,valid,CN(c1ncccc1CNc2nc(Nc3ccc4NC(=O)Cc4c3)ncc2C(F)(F)F)S(=O)(=O)C,2.63,2.8316642436673547,0.2016642436673548
3440,valid,O=C(Nc1ccccc1)N2CCOCC2,1.0,1.7875557102553383,0.7875557102553383
294,valid,O[C@@H](CNCCCSCCNCCc1cccc(Cl)c1Cl)c2ccc(O)c3NC(=O)Sc23,1.74,2.319988596501212,0.5799885965012119
976,valid,COC[C@H](C)Oc1cc(O[C@@H](C)Cc2ccccc2)cc(c1)C(=O)Nc3ccc(cn3)C(=O)O,1.5,1.1927518991981876,-0.3072481008018124
364,valid,C[C@@H](CNC(=O)c1c(O)c(O)cc2c(O)c(c(C)cc12)c3c(C)cc4c(C(=O)NC[C@H](C)c5ccccc5)c(O)c(O)cc4c3O)c6ccccc6,3.48,2.134581904002493,-1.3454180959975068
960,valid,C[C@]12N[C@H](Cc3ccccc13)c4ccccc24,1.6,2.2104609018237134,0.6104609018237133
4115,valid,Cc1c(Sc2ccc(Cl)cc2)c3c(C#N)c(Cl)ccc3n1CC(=O)O,1.6,1.7933549201975325,0.19335492019753242
1265,valid,CC#CCN1C(=O)N(CC2CC2)c3nn(Cc4ccnc5ccc(Cl)cc45)c(c3C1=O)c6cncn6C,3.61,3.280166195376048,-0.32983380462395173
742,valid,CN(CCO)Cc1ccc(cc1)c2cc(C(=O)N)c(NC(=O)N)s2,0.97,0.83475711401589,-0.13524288598410994
1007,valid,CC(C)Oc1cc(OCCc2ccsc2)cc(c1)C(=O)Nc3ccc(cn3)C(=O)O,1.74,1.5419249558313755,-0.19807504416862454
4034,valid,COc1cc(OC2CCN(C)CC2)c3c(Nc4cccc5OCCOc45)ncnc3c1,2.26,3.027443107258942,0.7674431072589423
323,valid,O[C@H](CNC(=O)c1n[nH]c2ccccc12)CN3CCC(CC3)Oc4ccc(Cl)c(Cl)c4,2.95,4.425690986608323,1.4756909866083232
889,valid,COc1cc2ncnc(Nc3cc4ccccc4cn3)c2cc1OC,3.9,3.461227163308312,-0.4387728366916881
3039,valid,COc1ccc(cc1)c2nc3c(NCCCNC(=O)C4CCCC4)c(cnc3[nH]2)C(=O)N,3.13,1.6609854660733792,-1.4690145339266207
1189,valid,CN(C)c1nc(Cc2ccc(NC(=O)c3ccc(cc3)C(F)(F)F)cc2)nc(N(C)C)c1CC(=O)O,1.46,1.1480820472519195,-0.31191795274808043
1365,valid,C[C@@H](N(CC1CCS(=O)(=O)CC1)C(=O)Cc2ccc(c(F)c2)C(F)(F)F)C3=Nc4ncccc4C(=O)N3c5ccc(Cl)cc5,2.9,2.16592148293569,-0.7340785170643098
2520,valid,CN1CCN(CC1)C(=O)c2cc3cc(F)ccc3[nH]2,1.97,2.2746574691942403,0.3046574691942403
968,valid,OC(=O)CO[C@H]1[C@@H](Cc2ccccc12)NC(=O)c3cc4sc(Cl)c(Cl)c4[nH]3,1.38,1.7810100530330324,0.4010100530330325
873,valid,CN1N(C(=O)C=C1C)c2ccccc2,0.11,1.2841969690680173,1.1741969690680172
2644,valid,Brc1oc(cc1)c2nc3cc(NS(=O)(=O)c4ccccc4)ccc3[nH]2,4.38,3.045303832284005,-1.334696167715995
2442,valid,CC12NC(Cc3ccccc13)c4ccccc24,1.7,1.9550039930207037,0.25500399302070376
4006,valid,Cc1ccc(cc1NC(=O)c2ccc(OCc3ccccn3)cc2)c4nc5ccccc5[nH]4,3.24,3.2593387689951587,0.019338768995158517
128,valid,Cn1ncnc1COc2nn3c(nnc3cc2C(C)(C)C)c4cc(F)ccc4F,2.4,1.8006768131811017,-0.5993231868188982
700,valid,CN(c1ccc(c(C)c1)c2cc(ccc2OCC(=O)O)C(F)(F)F)S(=O)(=O)C,-0.59,-0.44001230520733836,0.1499876947926616
386,valid,CCCCN(CCNC[C@H](O)c1ccc(O)c2NC(=O)Sc12)C(=O)CCOCCc3ccccc3,2.51,1.359937002178624,-1.1500629978213759
3716,valid,O=C1CCOc2nc(OCc3ccccc3)ccc12,3.1,2.8294891061262,-0.2705108938738001
3892,valid,OC(=O)CCc1ccc(OCc2cccc(Oc3ccccc3)c2)cc1,2.47,1.249122261648712,-1.220877738351288
3038,valid,Brc1ccccc1C(=O)NCC23CC4CC(CC(C4)C2)C3,4.15,4.282130462849311,0.13213046284931096
36,valid,CN1CCN(CC1)c2ccc3N=CN(C(=O)c3c2)c4cc(NC(=O)c5cscn5)ccc4C,2.06,2.1275145326227416,0.06751453262274154
3244,valid,NC(=O)Nc1sc(cc1C(=O)N2CCOCC2)c3ccccc3,2.24,2.403612156571172,0.16361215657117167
2374,valid,CCCc1c(O)c(ccc1OCc2cccc(NC(=O)Cc3ccccc3C(=O)O)c2)C(=O)C,2.95,2.1497617741771466,-0.8002382258228535
3905,valid,O=C(Nc1ccncc1)c2cccc3ccccc23,3.1,2.829698565422062,-0.270301434577938
656,valid,COc1cc2ncnc(Nc3ccc(Cl)c(O)c3)c2cc1OC,3.3,3.2907760281177625,-0.009223971882237336
2892,valid,CN(C)CCCN1c2ccccc2Sc3ccc(cc13)C(F)(F)F,3.59,3.654067378773895,0.06406737877389501
84,valid,Oc1cc(nc2ccnn12)c3ccccc3,1.3,0.7201987133475016,-0.5798012866524984
2818,valid,O=C1NC(=O)c2cc(OCc3ccccc3)ccc12,3.1,3.242879548626981,0.14287954862698093
3144,valid,COc1cc(O)c(C(CC(=O)N2CC(C)CC(C)C2)c3ccc4OCOc4c3)c(OC)c1,4.3,2.8483744247590184,-1.4516255752409815
1121,valid,OC(=O)c1ccccc1O,-1.36,-0.7275139511835662,0.6324860488164339
271,valid,Cc1cc(C(=O)CN2C=C(C=CC2=O)C(F)(F)F)c(C)n1Cc3ccccc3,3.46,3.412547723957367,-0.047452276042633024
199,valid,Clc1cccc(c1Cl)n2nnnc2NCc3ccccc3Oc4ccccn4,3.62,2.82191762615978,-0.7980823738402201
1350,valid,COc1cc2ncnc(Nc3ccc(F)c(Cl)c3)c2cc1OCCN4CCN(C)CC4,3.3,3.072772571616723,-0.22722742838327692
2063,valid,CS(=O)(=O)c1ccc(nc1)c2nnc(\C=C\c3oc(nn3)c4ccc(cc4)C#N)n2c5ccccc5Cl,2.66,2.40087848500843,-0.2591215149915702
810,valid,COc1cc(OC)nc(n1)N2N=CC(=C(Cl)C2=O)Cl,1.4,1.8761214920550504,0.4761214920550505
1796,valid,CC(C)OC(=O)N1CCC(CC1)Oc2ncnc(Oc3cccnc3C)c2C,3.8,3.1662452826647254,-0.6337547173352744
3016,valid,COc1ccccc1CNC(=O)NS(=O)(=O)c2ccc(Cl)cc2,0.87,0.767062790599546,-0.10293720940045403
349,valid,OCCCn1c(NC(=O)c2cccc(c2)[N+](=O)[O-])nc3ccccc13,3.0,2.634641638685562,-0.365358361314438
2686,valid,O[C@H](CNC(=O)c1cn2cc(F)ccc2n1)CN3CCC(CC3)Oc4ccc(Cl)c(Cl)c4,3.33,3.7780389394860965,0.4480389394860964
1694,valid,Cn1c(C(=O)O)c(CCCOc2cccc3ccccc23)c4ccccc14,2.99,3.0073473785218656,0.01734737852186541
1453,valid,CC[C@H](CO)Nc1nc(SCc2ccccc2)nc3NC(=O)Sc13,3.22,2.902511374144582,-0.31748862585541815
1936,valid,CCN1CCN(Cc2ccc(cc2)c3cc4c(N[C@H](C)c5ccccc5)ncnc4[nH]3)CC1,3.97,2.6614306656122038,-1.3085693343877964
1774,valid,Cc1c(Sc2ccc(Cl)cc2)c3cccc(Cl)c3n1CC(=O)O,2.0,1.9111604822178294,-0.08883951778217059
2255,valid,Cc1ccc(cc1)S(=O)(=O)N2CCN(CC2)C(=O)c3occc3,2.17,1.717604403276812,-0.45239559672318785
3635,valid,COCCNC(=O)c1ccc(Nc2ncc3cc(ccc3n2)c4ccncc4OC)cc1,3.14,3.2079749681400767,0.06797496814007653
822,valid,O=C(NC1=CC(=CNC1=O)c2ccncc2)[C@H](Cc3ccccc3)NC4(CC4)c5ccccn5,3.44,2.226020828190532,-1.2139791718094681
908,valid,CCN1C=C(C=C(C)C1=O)[C@@]2(N=C(N)c3c(F)cccc23)c4cccc(c4)c5cc(ccn5)C#CC,4.4,2.979031475029804,-1.4209685249701964
2436,valid,OCCN(CCO)c1nc(N2CCCCC2)c3nc(nc(N4CCCCC4)c3n1)N(CCO)CCO,3.97,2.1095868377416918,-1.8604131622583084
718,valid,CC(=O)NC[C@H]1CN(C(=O)O1)c2ccc(N3CCOCC3)c(F)c2,0.67,1.5251732010099497,0.8551732010099496
1174,valid,COCCOc1nc(N)c2NC(=O)N(Cc3cccc(CC(=O)OC)c3)c2n1,1.86,2.9850598104495916,1.1250598104495915
2753,valid,O=C1COc2ccc(CNC3CCN(CCN4C(=O)COc5ccc(cc45)c6occc6)CC3)nc2N1,2.19,1.3172966712661354,-0.8727033287338646
133,valid,[O-][N+](=O)c1ccc2OC(CN(c2c1)c3cccc[n+]3[O-])(C(F)F)C(F)F,3.2,2.0118733125305126,-1.1881266874694876
2852,valid,COc1ccc(NC(=O)CCc2c(C)nc3nc(C)nn3c2C)cc1,1.4,2.102093159395415,0.7020931593954152
1572,valid,CCC(=O)O[C@H]1CC[C@H]2[C@@H]3CCC4=CC(=O)CC[C@]4(C)[C@H]3CC[C@]12C,3.3,2.8874345706686686,-0.4125654293313312
1926,valid,CN(C)CC(O)COc1ccc(Nc2cc(Nc3ccc(F)cc3F)ncn2)cc1,1.48,2.32043491760351,0.8404349176035102
1728,valid,CNc1cccc(CCCc2ccc(C[C@H](NC(=O)c3c(Cl)cccc3Cl)C(=O)O)s2)n1,0.78,0.6204940640570851,-0.15950593594291496
1475,valid,CCC1(C(=O)NC(=O)NC1=O)c2ccccc2,0.05,1.0850880858735523,1.0350880858735523
1883,valid,Brc1ccc2oc3C(=O)NC(=Nc3c2c1)[C@@H]4CCCN4,2.19,1.7846952207412872,-0.4053047792587128
2452,valid,COc1cc(F)ccc1c2cncc(CNC3CCC3)n2,2.23,2.060485303023802,-0.16951469697619803
3553,valid,CN[C@@H](C)C(=O)N[C@@H](C1CCCCC1)C(=O)N[C@H]2CCN(CCCc3ccccc3)C2,1.9,2.484705440032368,0.5847054400323679
1519,valid,Cc1ccc(F)c(Nc2ccnc(Nc3ccc(cc3)S(=O)(=O)N)n2)c1,3.1,2.9437604673038824,-0.15623953269611768
2825,valid,CC(C)n1c(C)ncc1c2nc(Nc3ccc(cc3)C(=O)N4CC[C@H](C4)N(C)C)ncc2F,2.36,3.1667361418844737,0.8067361418844738
1185,valid,CC(C)n1c(C)ncc1c2ccnc(Nc3ccc(C(=O)NCCN(C)C)c(F)c3)n2,1.96,2.8871720416029882,0.9271720416029883
1125,valid,COc1ccc(Cl)c(Nc2ncnc3cc(OC)cc(OC4CCN(C)CC4)c23)c1,3.6,3.843267904576476,0.24326790457647585
1743,valid,Clc1ccc2NC(=O)CN(C(c3ccccc3)c2c1)C(=O)c4occc4,3.0,3.246022739503415,0.2460227395034149
4139,valid,CC(=O)N[C@@H]1CC2(CCN(Cc3ccc4[nH]c5ccccc5c4c3)CC2)c6ccccc16,2.96,2.7611891799959642,-0.19881082000403572
393,valid,Clc1ccc(cc1)C(=O)C2CCN(CC2)C(=O)C3CC3,2.72,2.9021918709935925,0.18219187099359235
205,valid,C[C@H](NC(=O)[C@@H]1CCCC[C@H]1C(=O)N2CCc3[nH]c4ccc(F)cc4c3C2)C#N,3.5,3.3860403138610273,-0.11395968613897267
96,valid,CCN(CC)CCCCNc1ncc2CN(C(=O)N(Cc3cccc(NC(=O)C=C)c3)c2n1)c4c(Cl)c(OC)cc(OC)c4Cl,2.04,2.6300501636684928,0.5900501636684927
2845,valid,CCOC(=O)c1ncn2c1CN(C)C(=O)c3cc(F)ccc23,1.1,1.687483404589547,0.587483404589547
3930,valid,CC(C)n1c(C)ncc1c2nc(Nc3ccc(cc3)C(=O)N4CCN(C)CC4)ncc2F,2.49,2.78812729393264,0.2981272939326396
3095,valid,COc1cc(OC)c(cc1NC(=O)C)S(=O)(=O)N2C(C)CCc3ccccc23,1.97,1.3061637325508055,-0.6638362674491944
3612,valid,NC(=O)c1cccc(O[C@@H]2C[C@H]3CC[C@@H](C2)N3Cc4ccccc4)c1,1.76,1.4640217873346406,-0.2959782126653594
2709,valid,C[C@H](CO)Nc1nc(SCc2cccc(F)c2F)nc3NC(=O)C=Cc13,3.36,3.38157551219099,0.021575512190989965
409,valid,CC(C)(F)C[C@H](N[C@@H](c1ccc(cc1)c2ccc(cc2)S(=O)(=O)C)C(F)(F)F)C(=O)NC3(CC3)C#N,2.9,3.250897494299976,0.3508974942999763
1543,valid,Nc1ncnc2[nH]ccc12,1.78,1.0009757543080993,-0.7790242456919008
3652,valid,C[C@H]1C[C@H]2[C@@H]3CC[C@](O)(C(=O)CO)[C@@]3(C)C[C@H](O)[C@@H]2[C@@]4(C)C=CC(=O)C=C14,2.12,1.4883111847215662,-0.6316888152784339
3556,valid,CCn1c2ccccc2c3cc(NC(=O)CN(C)C)ccc13,3.2,2.892055183447641,-0.30794481655235906
1401,valid,CC[C@H](NC(=O)c1c([S+]([O-])CC)c(nc2ccccc12)c3ccccc3)c4ccccc4,3.45,3.904975900115627,0.4549759001156266
1049,valid,Clc1ccc(cc1)S(=O)(=O)Nc2nnc(s2)c3ccccc3,1.14,2.473360439144182,1.333360439144182
68,valid,O=C1CCOc2cc(COc3ccccc3)ccc12,3.0,3.287482593397075,0.2874825933970748
3238,valid,CCNC(=O)c1cc2c(c(cnc2[nH]1)c3cncc(c3)C4=NNC(=O)O4)n5ccc(n5)C(F)(F)F,1.65,2.4784597643835977,0.8284597643835978
151,valid,Clc1ccccc1c2cnn[nH]2,2.68,2.115378618639133,-0.5646213813608671
2606,valid,CNc1cccc(CCOc2ccc(C[C@H](NC(=O)c3ccc(F)cc3Cl)C(=O)O)cc2)n1,-0.04,0.6803530047006934,0.7203530047006934
3534,valid,OC[C@H](O)CN1C(=O)[C@H](Cc2ccccc12)NC(=O)c3cc4cc(Cl)sc4[nH]3,3.3,3.3376327305516575,0.03763273055165772
3647,valid,Cc1cccc(Br)c1C(=O)N[C@@H](Cc2ccc(NC(=O)c3c(Cl)cccc3Cl)cc2)C(=O)O,-0.13,0.5527732780579708,0.6827732780579708
3971,valid,CN1C2CCC1CC(C2)OC(=O)C(CO)c3ccccc3,-0.09,-0.16350419942299466,-0.07350419942299466
4045,valid,CC(C)(C)OC(=O)N1CCN(CC1)c2ncc(OCc3ccncc3S(=O)(=O)C)cn2,2.4,3.0246015609052344,0.6246015609052344
2821,valid,CC(C)(C)OC(=O)N1CCN(CC1)c2ccc(OCc3ccc(cc3)S(=O)(=O)C)nn2,2.8,3.0189804311306996,0.21898043113069976
685,valid,CNc1c(Cl)cnc2[nH]c(nc12)c3ccc(OCCN4CCOCC4)cc3,2.63,3.0455954991115886,0.41559549911158866
3823,valid,O[C@@H](CNCCCSCCNCCc1cccc(Cl)c1)c2ccc(O)c3NC(=O)Sc23,1.06,0.8269116089437341,-0.233088391056266
3885,valid,Brc1ccc(OC(=O)N2CCN3CCC2CC3)cc1,1.58,2.1883701401730256,0.6083701401730255
836,valid,Cc1c(Cl)ccc(OC2CCN(C[C@H](O)CNC(=O)c3c[nH]nc3C(F)(F)F)CC2)c1Cl,3.66,3.9120208759079107,0.25202087590791056
1553,valid,NC(=O)c1c(NC(=O)NCCCCN2CCCC2)snc1OCc3c(F)cc(Br)cc3F,2.5,1.789656955010725,-0.7103430449892749
2175,valid,Nc1nc2cc3CCN(Cc4cccc(F)c4)CCc3cc2s1,3.3,2.04018879124751,-1.25981120875249
3135,valid,O=C(NC1CCCCC1)C2CCCN(C2)S(=O)(=O)c3cccs3,2.93,2.518133683148815,-0.41186631685118513
3464,valid,COc1ccc(COC(=O)N2CCC(CNc3ncccn3)CC2)cc1,3.14,3.4045378038217695,0.2645378038217694
1805,valid,Clc1ccc(cc1Cl)C2=CSC3=NCCN23,1.54,3.671565074760461,2.131565074760461
567,valid,Nc1n[nH]c(Nc2ccccc2)n1,1.06,2.540231675013374,1.480231675013374
1221,valid,Oc1ccc(CCNCCCCCCOCCc2ccccc2)c3sc(O)nc13,2.21,2.180570619543524,-0.02942938045647603
2071,valid,Cc1nc2ccc(NC(=O)CCNC(=O)N)cc2s1,0.9,1.0433698241361187,0.14336982413611865
1715,valid,COc1cc(Nc2c(cnc3cc(OCCCN4CCN(C)CC4)c(OC)cc23)C#N)c(Cl)cc1Cl,3.5,2.6936945189356867,-0.8063054810643133
3346,valid,CC1=CC2=NNC(=O)N2c3cc(ccc13)c4ccncc4,2.29,2.47852046202905,0.18852046202905015
3381,valid,COc1cccc(Nc2c(cnc3c(C)cc(cc23)S(=O)(=O)c4cccc(c4)C(=O)N(C)C)C(=O)N)c1,2.69,1.7620426714727704,-0.9279573285272296
2325,valid,Nc1ccc(N=Nc2ccccc2)c(N)n1,3.22,1.2957838929123495,-1.9242161070876507
3459,valid,COc1ccc2ncc(F)c(CCN3CCC(CC3)NCc4ccc5OCC(=O)Nc5n4)c2n1,1.78,1.6953135093061564,-0.0846864906938436
196,valid,Cc1cccc(CN2CCN(CC2)C(c3ccccc3)c4ccc(Cl)cc4)c1,3.39,3.680050742968816,0.2900507429688157
3210,valid,CC(C)n1c(C)ncc1c2nc(Nc3ccc(C(=O)NC4CCN(C)CC4)c(F)c3)ncc2F,2.41,2.785888458207275,0.375888458207275
4072,valid,Clc1ccc(cc1)C2(CCNCC2)c3ccc(cc3)c4cn[nH]c4,1.51,2.9072877980324887,1.3972877980324887
1542,valid,C[C@H]1O[C@H]([C@H](O)[C@H]1Cl)n2cnc3c(N)nc(OC4CCCC4)nc23,3.18,2.302908300761457,-0.8770916992385431
3536,valid,COc1cc(ccc1Nc2ncc(Cl)c(n2)c3cnc4ccccn34)N5CC6COCC(C5)N6,3.0,2.7488818014903886,-0.25111819850961137
39,valid,CNC(=O)C1(CCN(CC[C@H](CN(C)C(=O)c2c(OC)c(cc3ccccc23)C#N)c4ccc(Cl)c(Cl)c4)CC1)N5CCCCC5=O,2.78,2.4340043605807633,-0.3459956394192365
2854,valid,CO[C@H]1CN(Cc2ccc(cc2)C(F)(F)F)CC[C@H]1N(C)C(=O)Cc3ccc(cc3)n4cnnn4,3.0,3.1975744500899475,0.19757445008994745
3359,valid,CC[C@H](C)[C@@H](CO)NS(=O)(=O)c1ccc(Cl)s1,2.7,1.7797842425732284,-0.9202157574267718
1692,valid,OB1N(C(=Nc2ccccc12)S)c3cccnc3,-0.62,0.8156102062451942,1.4356102062451943
2457,valid,Nc1ncc(cc1c2oc3ccccc3n2)c4cnn(c4)C5CCNCC5,1.85,0.8168153382933252,-1.033184661706675
3405,valid,Cc1cc(C)cc(c1)c2oc(SCC(=O)N3CCN(CC3)C(=O)c4occc4)nn2,3.0,3.249593163717526,0.24959316371752616
772,valid,Cc1ccsc1CN2NC(=O)C3=C(C2=O)C(=O)c4ccc(Cl)cc4N3,1.15,1.7968965681604345,0.6468965681604346
2736,valid,Oc1cccc(NC(=O)c2ccc(OCCCN3CCCC3)cc2OCc4ccc(F)cc4)c1,3.2,3.090471845966032,-0.10952815403396832
3690,valid,CCC(C)(C)C(=O)O[C@H]1C[C@@H](C)C=C2C=C[C@H](C)[C@H](CC[C@@H](O)C[C@@H](O)CC(=O)O)[C@@H]12,1.55,2.2576170119329184,0.7076170119329184
3008,valid,OCCNC(=O)COc1ccc(OCCNCC(O)COc2ccccc2)cc1,0.42,0.3489578871437382,-0.07104211285626177
1982,valid,Fc1ccc(cc1)N2CCN(CC2)C(=O)[C@@H]3CCCC[C@H]3C(=O)NCC#N,1.92,1.389897851628631,-0.5301021483713688
25,valid,Clc1ccc(N2CCN(CC2)C(=O)CCCc3ccncc3)c(Cl)c1,3.93,3.695162179169174,-0.23483782083082616
4153,valid,Fc1ccc(CNC(=O)CCS(=O)(=O)c2ccc(Br)cc2)cc1,3.1,2.985653844821288,-0.11434615517871194
3696,valid,CCC(N(CCCN)C(=O)c1ccc(C)cc1)C2=Nc3snc(C)c3C(=O)N2Cc4ccccc4,1.61,1.5620752003810439,-0.04792479961895624
2204,valid,Cc1cc(NC(=O)Nc2ccc(Cl)cc2)n(n1)c3ccccc3,4.15,3.6615061120136305,-0.48849388798636983
1521,valid,FC(F)(F)c1nnc2ccc(nn12)n3ccnc3,0.91,1.114209001378087,0.20420900137808695
2722,valid,COc1cc2ncc(C(=O)N)c(Nc3cccc(Cl)c3Cl)c2cc1OC,3.4,3.8382858534060587,0.43828585340605875
1726,valid,CC(C)n1c(C)ncc1c2nc(Nc3ccc(C(=O)NCCN(C)C)c(F)c3)ncc2F,2.26,2.854354534652282,0.594354534652282
1261,valid,Nc1ccc2ccccc2n1,1.7,1.746427687027319,0.04642768702731903
2125,valid,COc1cccc(c1)S(=O)(=O)c2c(C)n(CC(=O)O)c3ccc(C)cc23,-0.42,-0.5059567722624592,-0.08595677226245918
216,valid,OC(=O)[C@@H](Cc1ccccc1)N2CCC(CN3CCC(CC3)Oc4ccc(Cl)c(Cl)c4)CC2,2.5,2.316532409666273,-0.18346759033372706
3492,valid,OC(=O)COc1ccc(cc1c2ccccc2)C#N,-1.08,-0.18873475374959625,0.8912652462504038
3954,valid,COc1ccccc1Oc2c(NS(=O)(=O)c3ccc(cc3)C(C)(C)C)nc(nc2OCCO)c4ncccn4,1.03,2.6579227827480825,1.6279227827480824
3897,valid,OCCn1cc(cn1)c2cnc3nnn(Cc4ccc5ncccc5c4)c3n2,1.7,1.9351700341768518,0.2351700341768519
2226,valid,NC1(CCN(CC1)c2ncnc3[nH]ccc23)C(=O)NC(CCCN4CCCC4)c5ccc(Cl)cc5,1.3,2.7879009159363175,1.4879009159363175
3036,valid,CCOc1ccc(cc1)N2C(=O)c3ccccc3N=C2[C@@H](C)N(Cc4cccnc4)C(=O)Cc5ccc(cc5)C(F)(F)F,4.25,3.3005081851975935,-0.9494918148024065
1177,valid,CN1CCN(CC(=O)Nc2ccc(C3=CC=CN4C(=O)C=C(N=C34)N5CCOCC5)c6sc7ccccc7c26)CC1,2.6,2.8130912702737927,0.2130912702737926
3702,valid,COc1ccc(cc1)c2nc3CCCn3c2Br,3.3,2.635947415310787,-0.6640525846892129
185,valid,CC[C@H](NC(=O)c1c(c(nc2ccccc12)c3ccccc3)S(=O)(=O)C)c4ccccc4,3.17,3.385819213920832,0.21581921392083192
631,valid,COc1c2OC(=O)C=Cc2cc3ccoc13,1.97,2.515856563441,0.545856563441
782,valid,O=C1COc2ccc(CNC3CCN(CCN4C(=O)COc5ccc(cc45)C#N)CC3)nc2N1,0.23,0.5579548831312464,0.32795488313124643
3999,valid,Oc1ncnc2scc(c3ccccc3)c12,2.07,2.382516633859921,0.312516633859921
1447,valid,CC(C)Cc1ccc(cc1)[C@@H](C)C(=O)NS(=O)(=O)C,0.51,0.6541936571001361,0.1441936571001361
1021,valid,Fc1ccc(cc1Cl)C2CNCC=CC2,1.33,1.9654688057476866,0.6354688057476865
2807,valid,COc1cc(Nc2ncnc(Nc3c(Cl)ccc4OCOc34)n2)cc(OC)c1OC,3.01,3.197258851254449,0.18725885125444908
4197,valid,COc1cccc2[nH]ncc12,2.1,2.8229966632779893,0.7229966632779892
3322,valid,Cn1c(CN2CCC(CC2)c3ccccc3)nc4ccccc14,3.6,2.8679411910492423,-0.7320588089507578
3330,valid,O=C1N=C2C(=C1C#N)c3ccc(N4CCSCC4)c5cccc2c35,3.22,2.707100383834786,-0.5128996161652144
162,valid,O=C(Oc1ccccc1)N2CCOCC2,1.3,1.63555926215941,0.3355592621594099
2652,valid,C[C@H](Nc1nc(Nc2cc(C)[nH]n2)c(F)cc1C#N)c3ccc(F)cn3,3.11,2.7498576273055795,-0.3601423726944204
3053,valid,CCCOc1nc(ccc1C(=O)NC2CCCCC2)N3CCC[C@@H](CC(=O)O)C3,2.81,2.1264733637496853,-0.6835266362503147
3733,valid,O=C(N1CCC1)c2ccc(cc2)C(=C3CCN(Cc4cscn4)CC3)c5cccc6cccnc56,2.52,2.4816406969764415,-0.0383593030235585
1987,valid,C[C@H](NC(=O)C1(N)CCN(CC1)c2ncnc3[nH]ccc23)c4ccc(Cl)cc4,2.67,3.7793525247423023,1.1093525247423024
3262,valid,C[C@H]1O[C@H]([C@H](O)[C@@H]1O)n2cnc3c(N)nc(OC4CC5CC5C4)nc23,1.66,1.8201910158164787,0.16019101581647877
3596,valid,NC1(CCC1)c2ccc(cc2)c3nc4ccccc4cc3c5ccccc5,3.6,3.4256267470383976,-0.17437325296160244
3793,valid,COc1cc(ccc1Nc2ncc(Cl)c(n2)c3cnc4cc(C)ccn34)N5CCN(CC5)C(=O)C,3.3,3.29333978965452,-0.006660210345479811
243,valid,CC1=CN([C@H]2CCCN(Cc3ccc(C(=O)O)c(Oc4cccc(c4)C(F)(F)F)c3)C2)C(=O)NC1=O,-0.38,0.788875189016174,1.1688751890161742
2980,valid,CC[C@H](NC(=O)c1c([S+](C)[O-])c(nc2ccccc12)c3cccc(F)c3)c4ccccc4,3.14,3.690460081879868,0.550460081879868
580,valid,CNc1nc2ccccc2n1Cc3sc4N(CC(C)C)C(=O)N(C)C(=O)c4c3C(=O)N5CC[C@@H](O)C5,1.61,1.8963637772273052,0.2863637772273051
839,valid,NC1(CCC1)c2ccc(cc2)c3ncc4cccnc4c3c5ccccc5,1.7,2.7005566064680866,1.0005566064680866
4083,valid,CCOc1cc(ccc1NC(=O)CN2CCOCC2)c3cccc4C(=O)C=C(Oc34)N5CCOCC5,2.8,2.8201242439110494,0.02012424391104961
247,valid,Nc1cc(nc2ccc(Nc3cc(nc(N)n3)c4cccc(Cl)c4)cc12)c5ccc(F)cc5,2.5,2.2859868528204634,-0.21401314717953657
1911,valid,OC(=O)CC[C@H]1[C@@H](Cc2ccccc12)NC(=O)c3cc4sc(Cl)c(Cl)c4[nH]3,2.84,2.1595603407713893,-0.6804396592286106
3370,valid,CCOc1cc(CC(=O)N[C@@H](CC(C)C)c2ccccc2N3CCCCC3)ccc1C(=O)O,2.31,1.9019030609808125,-0.40809693901918753
3509,valid,CCOc1cccc2c3CN(CCc3[nH]c12)C(=O)[C@@H]4CCCC[C@H]4C(=O)NC5(CC5)C#N,3.1,2.9993707896722164,-0.10062921032778371
1085,valid,C[C@H](NC(=O)c1cccc2CCN(Cc3ccc(Cl)cc3)c12)c4ccc(cc4)C(=O)O,1.47,2.001151483775926,0.5311514837759261
1328,valid,NC1=NC2(CCN(CC2)C(=O)c3ccc(cc3)C#N)Nc4cccc(F)c14,0.66,1.1995056419757204,0.5395056419757204
383,valid,CC(C)(C)NCC(O)COc1nsnc1N2CCOCC2,-0.35,0.5511123533273692,0.9011123533273692
3291,valid,CSc1ncccc1C(=O)NCCc2ccc(Cl)cc2,3.31,2.775256031047212,-0.534743968952788
2408,valid,C[C@@H](CO)Oc1cc(Oc2ccc(cc2)S(=O)(=O)C)cc(c1)C(=O)Nc3nccs3,2.63,3.2216389878254637,0.5916389878254638
1075,valid,OC(=O)c1cc2cc(OCc3ccccc3)ccc2[nH]1,0.4,1.6087428327221946,1.2087428327221947
3035,test,COc1cc(ccc1Nc2ncc(Cl)c(n2)c3cnc4c(CO)cccn34)N5CCN(CC5)C(=O)C,3.1,2.954809535538301,-0.14519046446169925
2843,test,C(Oc1cccc2ccccc12)C3=NCCN3,0.68,1.5373577020307763,0.8573577020307762
3844,test,NC(=O)c1ccc(O[C@H]2C[C@H]3CC[C@@H](C2)N3Cc4ccccc4)nc1,1.25,1.3719312762724865,0.12193127627248646
3190,test,COCCNC(=O)c1cccc(CN2NC(=O)C3=C(C2=O)C(=O)c4ccc(Cl)cc4N3)c1,1.2,1.125030968594796,-0.07496903140520406
143,test,CC(=O)Nc1ccc(cc1)C(=O)Nc2ccccc2N,0.82,1.1454214008492813,0.3254214008492814
1560,test,CC(C)CN1C(=O)N(C)C(=O)c2c1sc(Cc3ccnc4ccccc34)c2C(=O)N5C[C@@H](O)[C@@H](O)C5,1.18,2.0324972897308204,0.8524972897308205
1637,test,COc1ccc(Cl)c(c1)C(=O)NCC23CC4CC(CC(C4)C2)C3,4.39,3.978982200241944,-0.4110177997580555
1333,test,CN(C)CC(O)COc1ccc(Nc2cc(Nc3cc(Cl)ccc3Cl)ncn2)cc1,2.6,2.72587833379161,0.12587833379161006
1945,test,Fc1ccc(cc1)C(=O)C2CCN(CC2)C(=O)c3ccc(F)cc3,2.9,2.8399992342186233,-0.060000765781376586
828,test,COCCNC(=O)c1ccc(Nc2ncc3cc(ccc3n2)c4ccncc4)cc1C,2.78,3.0092405377220257,0.2292405377220259
634,test,OCCNCc1cc(Br)ccc1OCc2ccc(Cl)cc2,2.98,2.1459514876178427,-0.8340485123821573
900,test,CC(C)n1c(C)ncc1c2ccnc(Nc3ccc(cc3)S(=O)(=O)CC4CCCO4)n2,2.82,3.185152002730604,0.36515200273060433
1034,test,O[C@H]([C@H](Cc1ccccc1)NC(=O)c2cc3cc(Cl)ccc3[nH]2)C(=O)N4C[C@@H](O)[C@@H](O)C4,2.8,2.1644660408833216,-0.6355339591166782
3688,test,COC[C@H](O)CN1C(=O)C=NN(C1=O)c2ccc(Cl)c(c2)C(=O)NCC3(O)CCCCCC3,1.46,1.2723401413398552,-0.18765985866014478
2322,test,COc1cc2ncnc(Nc3cccc(Cl)c3F)c2cc1CN4CCC[C@H]4C(=O)N,3.58,3.1504948401623882,-0.42950515983761184
1846,test,CC(C)Cc1ccc(cc1)C(C)C(=O)NS(=O)(=O)C,0.78,1.1177116784882204,0.33771167848822037
515,test,O=C(Nc1nnn[nH]1)C2=CC(=C3C=CC=CN3C2=O)Oc4ccccc4,0.67,1.0396521204654414,0.3696521204654414
1555,test,Cc1ccc2c(c(C)n(CC(=O)O)c2c1)c3ccnc4cc(Cl)ccc34,2.41,1.453376888055649,-0.9566231119443511
3531,test,CC(C)[C@H](NC(=O)C[C@H](NC(=O)\C=C\c1ccccc1)c2ccccc2)C(=O)[C@H]3[C@H](C)C(=O)NC3=O,1.91,2.3960178652799873,0.48601786527998736
1195,test,CN(C)C1=C(C)N(C)N(C1=O)c2ccccc2,0.78,1.9683346275444682,1.1883346275444682
260,test,OC(=O)COc1ccc(cc1CN2CCN(CC2)S(=O)(=O)c3ccccc3)C(F)(F)F,0.4,0.8466662884924829,0.4466662884924829
589,test,COC1=CC(=N/C/1=C\c2[nH]c(C)cc2C)c3cc4ccccc4[nH]3,2.55,2.923443638626611,0.3734436386266111
3802,test,COC(=O)C1=C(C)NC(=C(C1c2ccccc2[N+](=O)[O-])C(=O)OC)C,3.29,2.6381062848707306,-0.6518937151292694
268,test,Clc1ccc(Cl)c(c1)S(=O)(=O)Nc2nccs2,1.14,0.8740951170446292,-0.26590488295537074
887,test,CN(c1ccccc1)c2ccnc(Nc3cc(cc(c3)N4CCOCC4)N5CCOCC5)n2,3.47,2.8479848608356124,-0.6220151391643878
2924,test,Clc1ccc2nc(ccc2c1C(=O)NCC34CC5CC(CC(C5)C3)C4)N6CCC[C@@H](C6)NCCc7nnn[nH]7,3.08,2.1402371603865022,-0.9397628396134978
2517,test,CN1CCN(CCCOc2ccc(cc2)c3onc(c3)c4ccc(F)cc4)CC1,3.81,3.1100552417481606,-0.6999447582518394
3698,test,Clc1ccc2Oc3ccccc3N=C(N4CCNCC4)c2c1,2.28,2.4408742205930753,0.16087422059307555
2808,test,CCCNC(=O)c1nnc2c(cccc2c1N)c3cnc(OC)nc3OC,3.26,3.0590780404287967,-0.20092195957120307
939,test,Clc1cccc(NC(=O)c2ccccn2)c1,3.4,3.000824424171117,-0.39917557582888286
2896,test,CN(C)CCCOc1ccc(cc1)c2cc(C(=O)N)c(NC(=O)N)s2,0.64,0.46162876817878673,-0.17837123182121328
1398,test,COc1cc2ncnc(Nc3cccc(Cl)c3F)c2cc1CN(C)[C@@H](C)C(=O)N,3.42,3.466020650500956,0.04602065050095616
4038,test,Nc1sc2CCCCc2c1C(=O)NCc3ccccc3,3.52,4.141987371978887,0.6219873719788871
1786,test,CC(=O)N1CCN(CC1)c2ccc(OCC3COC(Cn4ccnc4)(O3)c5ccc(Cl)cc5Cl)cc2,3.7,3.8629382798314813,0.16293827983148113
1209,test,Oc1ccc(cc1)C2=COc3cc(O)ccc3C2=O,2.46,2.902212260196711,0.4422122601967109
3331,test,CC1=C(C(=O)c2ccc(O)cc2O1)c3ccccc3,2.95,3.4364409779262637,0.4864409779262635
80,test,CC1(CC1)c2nc(ncc2C(=O)N[C@@H]3C4CC5CC3C[C@@](O)(C5)C4)N6CCOCC6,2.0,1.238378669950372,-0.761621330049628
814,test,CN1CCN(CC1)C(=O)c2cc3ccccc3n2C,1.71,1.8142643372037268,0.10426433720372685
2513,test,CCN(CC)CCNC(=O)c1c(C)[nH]c(\C=C\2/C(=O)Nc3ccc(F)cc23)c1C,2.26,2.245336416850854,-0.014663583149145953
2754,test,CCC(N(CCCN)C(=O)c1ccc(C)cc1)C2=Nc3sccc3C(=O)N2Cc4ccccc4,2.06,1.1792639352205754,-0.8807360647794247
1877,test,Nc1ncnc2oc(c3cocc3)c(c4occc4)c12,3.1,2.397713711943589,-0.7022862880564111
2934,test,NC(=O)c1ccc(cc1)c2cc3c(N[C@H]4CCCNC4)ncc(C(=O)N)c3s2,0.28,1.3966329404543751,1.1166329404543751
1256,test,OC(=O)[C@H](Cc1ccc(F)cc1)N2CCC(CN3CCC(CC3)Oc4ccc(Cl)c(Cl)c4)CC2,2.98,2.6910507189313693,-0.2889492810686307
488,test,Oc1ccc(cc1)c2cnc3ccccc3n2,3.3,2.113378578802415,-1.186621421197585
831,test,COc1cccc2c(ccnc12)c3c(C)n(CC(=O)O)c4ccc(C)cc34,0.49,1.068765588849688,0.5787655888496881
766,test,COc1ccc2c(C)cc(N[C@H]3CCC[C@@H](C3)NCc4cccc(OC(F)(F)F)c4)nc2c1,3.61,3.9079391309687947,0.2979391309687949
4179,test,CCNC(=O)Nc1nc2cc(ccc2[nH]1)c3cccnc3,2.34,2.507512679726669,0.16751267972666906
1425,test,COc1cc(ccc1OC[C@H](OP(=O)(O)O)C2CC2)N3C=Nc4cc(sc4C3=O)c5ccc(Cl)cc5,-0.04,3.3419799689441416,3.3819799689441417
3076,test,Fc1ccccc1Nc2oc(nn2)C(=O)Nc3ccc(N4CCOCC4)c(F)c3,3.6,3.4259448764487512,-0.17405512355124886
3717,test,COc1ccc(OC)c(c1)c2c(F)ccc3c(N)c(nnc23)C(=O)NC4CC4,3.47,3.441101139975114,-0.028898860024886286
1443,test,CNc1cccc(CCOc2ccc(C[C@H](NC(=O)c3c(Cl)cccc3Cl)C(=O)O)cc2F)n1,-0.05,0.1656969820367391,0.2156969820367391
3306,test,NC(=O)c1sc(cc1N)c2ccsc2,2.23,1.8184937954122413,-0.41150620458775866
332,test,CCNc1nc(Nc2ccccc2)nc(n1)C#N,3.11,3.432401168227603,0.3224011682276031
1899,test,Oc1ccc(CCNCCS(=O)(=O)CCCOCCc2ccccc2)c3sc(O)nc13,2.61,2.3547121233950024,-0.2552878766049975
1760,test,CN(CC[C@@H](Oc1ccc(cc1)c2ccccc2)c3ccc(F)cc3)CC(=O)O,2.86,1.0158066582102367,-1.8441933417897631
3065,test,Cc1ccc(NC(=O)c2ccnc(c2)N3CCOCC3)cc1NC(=O)c4ccc(OCc5ccccn5)cc4,3.47,2.61804012770839,-0.8519598722916104
2301,test,COc1cc2nc(Nc3ccc(cc3)[C@@H](C)NC(=O)C)ncc2cc1c4ccncc4,3.11,2.8691769069020507,-0.24082309309794914
1337,test,N(c1ccccc1)c2[nH]nnc2c3ccccc3,3.37,2.6902004819311296,-0.6797995180688705
3406,test,COc1cc(ccc1Nc2ncc(OC)c(n2)c3cnc4ccccn34)N5CCN(CC5)C(=O)C,3.2,3.2655365083259595,0.06553650832595936
3953,test,C[C@H](Nc1nc(Nc2cc([nH]n2)C3CC3)cnc1C#N)c4ccc(F)cn4,3.18,3.0966207813531987,-0.08337921864680142
3,test,OC[C@H](O)CN1C(=O)C(Cc2ccccc12)NC(=O)c3cc4cc(Cl)sc4[nH]3,3.37,3.2112296489144114,-0.15877035108558868
2483,test,COc1nc(Br)cnc1NS(=O)(=O)c2cccc3c(cccc23)N(C)C,1.9,1.7062873833163092,-0.19371261668369066
2122,test,C[C@@H]1C[C@H]2[C@@H]3CCC4=CC(=O)C=C[C@]4(C)[C@@]3(F)[C@@H](O)C[C@]2(C)[C@@]1(O)C(=O)CO,1.87,1.4320973564013637,-0.4379026435986364
2941,test,CC12CC3CC(C)(C1)CC(N)(C3)C2,0.06,0.3194460339751619,0.2594460339751619
2169,test,CC(C)CN1C(=O)N(C)C(=O)c2c(SC3CCCCC3)c(Cc4ccccc4C(F)(F)F)sc12,4.14,4.379291233691118,0.2392912336911186
675,test,C[C@H](NC1=NC(=O)C(C)(S1)C(F)(F)F)c2ccccc2F,3.1,3.3549595042822977,0.25495950428229763
3064,test,OCCN(C(=O)CNC(=O)c1cc2cc(Cl)ccc2[nH]1)c3ccccc3,3.37,3.401830522539659,0.0318305225396589
832,test,CCN(CCO)CCCC(C)Nc1ccnc2cc(Cl)ccc12,0.77,1.5120676430440105,0.7420676430440105
2799,test,CCCSc1ncccc1C(=O)N[C@@H]2[C@@H]3CC4C[C@H]2C[C@@](O)(C4)C3,2.27,3.059963813930216,0.7899638139302159
177,test,C[C@@H](NC(=O)C1CCCCN1C)c2ccc(Nc3ncc4cc(ccc4n3)c5ccncc5)cc2,3.34,2.9643787235974646,-0.3756212764025353
2394,test,Nc1ccc(OCCc2ccccc2)cc1,2.71,3.335416380791434,0.6254163807914339
2035,test,CCN(CC)C(=O)c1ccc(cc1)C(=C2CCNCC2)c3ccc(Cl)c(Cl)c3,2.4,1.3388275251546002,-1.0611724748453997
1164,test,Cn1cncc1c2c3C(=O)N(CC#CCO)C(=O)N(CC4CC4)c3nn2Cc5ccnc6ccc(Cl)cc56,2.55,2.9589264193168336,0.4089264193168338
3522,test,CCN(C1CCN(CC[C@H](C2CCN(CC2)S(=O)(=O)C)c3cc(Cl)cc(Cl)c3)CC1)C(=O)Cc4ccc(cc4)S(=O)(=O)C,2.6,2.157255927006209,-0.44274407299379126
542,test,COc1cc(ccc1Nc2ncc(Cl)c(n2)c3cnc4cc(ccn34)N5CCCC5)N6CCN(CC6)C(=O)C,3.5,3.3636474738747815,-0.13635252612521853
2578,test,C[C@@H]1CN(C[C@H](C)O1)c2nc(N3CCOCC3)c4ccc(Nc5ccccc5)nc4n2,4.12,3.4458390991252235,-0.6741609008747766
3048,test,CC(C)N1C(=O)N(C)C(=O)c2c1sc(Cc3ccccc3C(F)(F)F)c2C(=O)N4CCS(=O)(=O)C4,2.55,2.477339804254875,-0.07266019574512494
2079,test,OC1(CN2CCC1CC2)c3ccc(cc3)c4ccccc4,1.5,2.2287821191702637,0.7287821191702637
3578,test,OC(=O)C(N1CCCC(CN2CCC(CC2)Oc3ccc(Cl)c(Cl)c3)C1)c4ccccc4,2.6,1.8872259437277257,-0.7127740562722744
1996,test,FC1(CCN(CC1)C(=O)COCc2ccncc2)c3ccc(Cl)cc3,3.03,2.895730445762892,-0.13426955423710796
2293,test,CC(=O)Nc1cccc(Nc2nc(NC3CC3)n4ncc(C#N)c4n2)c1,2.1,3.7104270405078896,1.6104270405078895
3404,test,COc1cc2ncc(C(=O)N)c(Nc3cc(F)ccc3F)c2cc1OC,2.9,2.8067067022165477,-0.09329329778345219
2776,test,CN1CCN(CC1)c2ccc3N=CN(C(=O)c3c2)c4cc(NC(=O)C5CC5)ccc4C,2.17,3.5235150219999714,1.3535150219999714
4172,test,COc1cc2c(Nc3c(Cl)ccc4OCOc34)ncnc2cc1OCCCN5CCCCC5,2.05,1.8958348147804533,-0.15416518521954647
1898,test,COCCS(=O)(=O)c1ccc(Nc2nccc(n2)c3cnc(C)n3C(C)C)cc1,2.56,2.918016206281698,0.35801620628169806
3437,test,O=C1COc2ccccc2N1CCN3CCC(CC3)NCc4cc5OCCOc5cn4,1.04,1.9268554689797708,0.8868554689797707
2115,test,COc1ccccc1CNCCc2cccc(CCNC[C@H](O)c3ccc(O)c4NC(=O)Sc34)c2,0.91,0.6108917616183891,-0.29910823838161094
2704,test,COc1cc(ccc1Cc2c[nH]c3ccc(NC(=O)CC4CCCC4)cc23)C(=O)NS(=O)(=O)c5ccccc5C,2.0,1.959337349402554,-0.04066265059744589
51,test,NC(Cc1c[nH]c2ccccc12)C(=O)O,-1.17,-1.071392466802803,0.09860753319719695
1849,test,CC1=CN([C@H]2CCCN(C2)[C@@H](CC(C)(C)C)c3ccc(C(=O)O)c(Oc4cccc(Br)c4)c3)C(=O)NC1=O,1.12,0.9444670778662096,-0.17553292213379046
3580,test,c1ccc2c(c1)nnn2c3ccncc3,1.69,1.4619865544319026,-0.22801344556809733
3025,test,CC(=O)Nc1cccc2c1c(c(C)n2CC(=O)O)S(=O)(=O)c3ccc(Cl)cc3,0.4,-0.2765524976221445,-0.6765524976221445
1707,test,C[C@H]1C[C@H]2[C@@H]3CC[C@](O)(C(=O)C)[C@@]3(C)C[C@H](O)[C@]2(F)[C@@]4(C)C=CC(=O)C=C14,2.65,2.1498844347554797,-0.5001155652445202
2860,test,Cc1ccc(cc1)c2cc(C(=O)N3CCOCC3)c4cc(C)ccc4n2,3.6,2.534621029048953,-1.065378970951047
4158,test,OC(=O)c1ccc(cc1)N2CCC(CN3CCC(CC3)Oc4ccc(Cl)c(Cl)c4)CC2,2.31,1.6895397497167906,-0.6204602502832095
564,test,CC(C)CN1C(=O)N(C)C(=O)c2c1sc(Cc3ccccc3C(F)(F)F)c2C(=O)N4CC(C)(O)C4,3.18,3.175711440176218,-0.00428855982378229
636,test,Cc1cccc(C(=O)N)c1NC(=O)c2ccccc2,1.09,2.48711964459519,1.39711964459519
3142,test,Nc1nc2nc(SCc3ccccc3)nc(N)c2s1,3.1,2.0636710798599402,-1.0363289201400598
2009,test,Oc1ccc(cc1)C(c2ccc(O)cc2)C(Cl)(Cl)Cl,3.86,2.7377515741052605,-1.1222484258947394
3150,test,Oc1ccc(Br)cc1C(=O)C(=O)c2cc(Br)ccc2O,3.85,2.0474180290403132,-1.8025819709596869
3861,test,CNc1c(Br)cnc2[nH]c(nc12)c3ccc(O)cc3,2.47,3.0895674185128237,0.6195674185128235
4039,test,CN1CCC(CC1)Oc2cccc3ncnc(Nc4ccc(OCc5cnccn5)c(Cl)c4)c23,3.21,2.70996297011086,-0.5000370298891399
1230,test,Cc1onc(c1)[C@H](O)[C@](C)(OCc2ccc(cc2)c3ccccc3)C(=O)NO,2.88,2.6653596361322114,-0.2146403638677885
439,test,CO[C@@H]1CC[C@@]2(CC1)Cc3ccc(cc3C24N=C(C)C(=N4)N)c5cncc(Br)c5,3.4,3.4124360894551886,0.012436089455188704
1568,test,O=C(CN1CCOCC1)Nc2c(cnn2c3ccccc3)C#N,0.5,0.7378937941727648,0.2378937941727648
3714,test,CC1=C(Cc2ccccc2)C(=O)n3nc(NCc4cccc(Br)c4)nc3N1,3.68,3.2227927853551064,-0.4572072146448938
2595,test,C[C@H](Nc1ncc(F)c(Nc2cc(C)[nH]n2)n1)c3ncc(F)cn3,1.79,2.3548221672501293,0.5648221672501292
2425,test,COCCC(=O)N[C@@H](C)c1ccc(Nc2ncc3cc(ccc3n2)c4ccncc4)cc1,3.05,3.3559894482483177,0.30598944824831786
1061,test,Nc1ccnc(n1)c2cccnc2,0.44,1.0452015265183692,0.6052015265183692
145,test,Oc1nc(nc2CCSCc12)c3ccc(cc3)C(F)(F)F,3.07,2.593110494883127,-0.47688950511687267
2526,test,N[C@H](CNC(=O)c1cc2c(cccc2[nH]1)c3ccccc3Cc4ccccc4)C(=O)O,3.25,0.9990582292871921,-2.250941770712808
2596,test,COc1cc2c(Nc3ccc(F)c(Cl)c3)c(cnc2cc1OCCN(C)CCO)C(=O)N,3.2,1.4309659725347237,-1.7690340274652765
2207,test,OC(=O)Cc1cccc(c1)N2CCC(CN3CCC(CC3)Oc4ccc(Cl)c(Cl)c4)CC2,1.58,1.9239930273079742,0.3439930273079741
272,test,Oc1ccc2nc(sc2c1)c3ccccc3,3.99,4.358107719277048,0.3681077192770479
612,test,CN(C1CCN(Cc2nc3CCCCc3s2)CC1)C(=O)Cc4ccc(cc4)n5cnnn5,2.5,2.384405744140312,-0.11559425585968786
139,test,COC1\C=C\OC2(C)Oc3c(C)c(O)c4C(=O)C(=CC(=O)c4c3C2=O)NC(=O)\C(=C/C=C/C(C)C(O)C(C)C(O)C(C)C(OC(=O)C)C1C)\C,0.7,1.397466873322334,0.6974668733223341
3283,test,CC(C)C[C@H](N[C@@H](c1ccc(cc1)c2ccc(cc2)S(=O)(=O)C)C(F)(F)F)C(=O)NCC#N,3.24,2.938185466293849,-0.3018145337061511
2106,test,OCC(CO)NC(=O)CN1C(=O)C(Cc2ccccc12)NC(=O)c3cc4cc(Cl)sc4[nH]3,2.61,1.9415751721925618,-0.6684248278074381
5,test,OC1(CN2CCC1CC2)C#Cc3ccc(cc3)c4ccccc4,3.14,2.873722686967451,-0.2662773130325493
3473,test,CCC(N(CCCN)C(=O)c1ccc(C)nc1)C2=Nc3ccsc3C(=O)N2Cc4ccccc4,2.56,1.3298293793870215,-1.2301706206129785
430,test,CCS(=O)(=O)c1ccc2OCC(=O)N(CCN3CCC(CC3)NCc4ccc5OCC(=O)Nc5n4)c2c1,-0.11,0.40997163754693067,0.5199716375469307
321,test,CON(C)C(=O)c1c(Cn2c(C)nc(Cl)c2Cl)sc3N(CC(C)C)C(=O)N(C)C(=O)c13,2.23,2.680108368653697,0.4501083686536971
598,test,CN[C@@H](C)C(=O)N[C@@H](C1CCCCC1)C(=O)N[C@H]2CCN(C2)C(=O)Cc3ccccc3,0.81,1.5504014416681127,0.7404014416681126
1206,test,CN(C)CCCNc1cc(nc2c(cnn12)C#N)n3ccc4ccc(NC(=O)C)cc34,1.62,1.6803258543672812,0.060325854367281107
1079,test,CO[C@H]1CN(CCN2C(=O)C=Cc3ccc(cc23)C#N)CC[C@H]1NCc4cc5OCCOc5cn4,0.63,0.9083144178607763,0.27831441786077626
513,test,CC(=O)Nc1ccc2ccn(c3cc(Nc4ccn(C)n4)n5ncc(C#N)c5n3)c2c1,3.57,2.8996919522453215,-0.6703080477546783
1922,test,Cc1cc(NC(=O)c2ccc(Cl)cc2)n(n1)c3ccccc3,3.25,3.100042335463692,-0.14995766453630788
1604,test,CN1CCN(CC1)c2cc3c(Nc4ccc(F)cc4F)c(cnc3cc2F)C(=O)N,2.63,2.3520235683668194,-0.27797643163318053
2085,test,CCC(C)Nc1nc(nc(N2CCOCC2)c1N)C#N,2.8,2.1504909773971748,-0.6495090226028251
3833,test,CN(CCOc1ccccc1c2cc(C(=O)N)c(NC(=O)N)s2)Cc3ccccc3,3.46,1.2811816083728345,-2.1788183916271655
132,test,[O-][S+](c1ccccc1)c2ccc3nnnn3n2,0.79,1.0931373383726122,0.30313733837261214
1116,test,OC(=O)c1ccc(cc1)c2nnn(Cc3ccccc3F)n2,0.3,0.5434523755431606,0.24345237554316063
3530,test,CC1(CC(=O)NC(=N1)N)c2ccc(Cl)c(Cl)c2,1.59,1.6331741592074214,0.04317415920742129
1445,test,CN1C(=O)N(CC2CC2)c3nn(Cc4ccnc5ccc(Cl)cc45)c(c6oc(cc6)S(=O)(=O)C)c3C1=O,2.71,3.6753680226526857,0.9653680226526857
1391,test,CN[C@@H](C)C(=O)N[C@@H](C1CCCCC1)C(=O)N2CC[C@H]3CCN(CCc4ccccc4)C[C@@H]23,2.47,1.7865237779805034,-0.6834762220194968
1089,test,Cc1sc2c(C(=N[C@@H](CC(=O)OC(C)(C)C)c3nnc(C)n23)c4ccc(Cl)cc4)c1C,3.82,3.855666709136459,0.03566670913645931
23,test,OC(=O)c1cccc(c1)N2CCC(CN3CCC(CC3)Oc4ccc(Cl)c(Cl)c4)CC2,2.17,1.5300655252262196,-0.6399344747737803
278,test,NC(=O)N1c2ccccc2CC(=O)c3ccccc13,1.28,0.9867785063496757,-0.29322149365032435
3163,test,CO[C@H]1CN(CCN2C(=O)C=Cc3ccc(cc23)C#N)CC[C@@H]1NCc4cc5OCCOc5cn4,1.05,0.9083141286522214,-0.14168587134777866
2804,test,CN(CCCc1ccccc1)S(=O)(=O)c2cc(C(=O)N3CCc4ccc(cc4C3)S(=O)(=O)NCCc5ccccc5)c(O)c(O)c2O,0.75,0.45064144597083255,-0.29935855402916745
2368,test,OCc1ccc2ccn(c3cc(NC4CC4)n5ncc(C#N)c5n3)c2c1,3.09,3.0054709211157498,-0.0845290788842501
4025,test,CC(=O)Nc1ccc(CNc2[nH]nc3cccc(Oc4ccc(cc4)S(=O)(=O)C)c23)cc1,2.63,3.534865445548561,0.9048654455485612
3182,test,CC(O)c1ccc2OCC(=O)N(CCN3CCC(CC3)NCc4ccc5OCC(=O)Nc5n4)c2c1,0.25,1.0758627667861256,0.8258627667861256
2241,test,CCCc1nc2c(N)nc3ccccc3c2s1,4.09,2.8325816855055317,-1.2574183144944682
3295,test,C[C@H](CO)Nc1nc(SCc2cccc(Cl)c2F)nc3NC(=O)Sc13,3.53,3.599026363445817,0.06902636344581703
311,test,Nc1nnc(c(N)n1)c2cccc(Cl)c2Cl,1.38,2.5438529276310033,1.1638529276310035
1618,test,CC(NC(=O)c1cc(O)nc2ccccc12)c3ccccc3,2.2,2.356176856272196,0.15617685627219569
2506,test,CN(C)C(=O)N[C@@H]1CC[C@@H](CCN2CCN(CC2)c3ccc(Cl)c(Cl)c3)CC1,3.15,3.3993679116949655,0.24936791169496564
1200,test,NC1(CCC1)c2ccc(cc2)c3ncc4nccn4c3c5ccccc5,1.3,2.188315479756156,0.8883154797561559
2120,test,Cc1ccc(COC(=O)N2CC[C@H](CNc3ncccn3)[C@H](F)C2)cc1,3.21,2.696487369798968,-0.5135126302010318
3113,test,Cc1sc2ncnc(SCC(=O)N3CCCC3)c2c1C,2.89,3.1887754967145336,0.2987754967145335
194,test,C[C@@H]1N[S@@](=O)(=NC1=O)c2cccc(c2)c3ccc(C)cc3,1.6,0.7361304896137404,-0.8638695103862597
877,test,CNc1c(Br)cnc2[nH]c(nc12)c3ccc(cc3)S(=O)(=O)C,2.88,2.1538825984222396,-0.7261174015777603
2840,test,CC(C)n1c(C)ncc1c2ccnc(Nc3ccc(cc3)N4CCN(CC4)C(=O)CO)n2,1.69,2.161988246589498,0.47198824658949823
73,test,C[C@H](NC(=O)c1cccnc1Oc2ccccc2)c3ccccc3,2.91,3.293235891481184,0.383235891481184
640,test,CC(N1NC(=O)c2nc3cc(Cl)ccc3c(O)c2C1=O)c4ccccn4,0.51,0.863551440759841,0.353551440759841
544,test,Nc1ccc(Cl)c(c1)C(=O)NCC23CC4CC(CC(C4)C2)C3,3.45,2.6821541938197573,-0.7678458061802429
846,test,Oc1c(C#N)c(nc2ccncc12)c3ccc(cc3)c4ccccc4C(F)(F)F,3.3,3.5243065858146423,0.22430658581464247
519,test,CN1CCN(CC1)c2nc(CCOc3ccc(C[C@H](Nc4ccccc4C(=O)c5ccccc5)C(=O)O)cc3)c(C)s2,2.58,1.1576575255971515,-1.4223424744028486
2979,test,CC(=O)C1=C(C)c2cnc(Nc3ccc(cn3)N4CCNCC4)nc2N(C5CCCC5)C1=O,0.8,3.012777919858743,2.212777919858743
2224,test,COC(=O)c1ccc(NC(=O)c2cc(OC)c(OC)c(OC)c2)cc1,3.2,2.16592094066965,-1.0340790593303502
2732,test,Cc1ccn2c(NC(=O)c3ccccc3)c(nc2c1)c4cccs4,2.87,3.0051189543044767,0.13511895430447662
1988,test,CN1C(=O)N(CCCCC(=O)C)C(=O)c2c1ncn2C,0.22,0.46011562901972236,0.24011562901972236
1203,test,Fc1cccc(c1)C(COCc2cc(cc(c2)C(F)(F)F)C(F)(F)F)N3CCNCC3,3.2,3.521313855688878,0.32131385568887794
3105,test,CC(C)C(NC(=O)CN1C(=O)C(=CC=C1c2ccccc2)NC(=O)NCc3cc[n+]([O-])cc3)C(=O)C(F)(F)F,1.13,2.002535202106688,0.8725352021066879
827,test,CS(=O)(=O)c1ccc(cc1)[C@@H](O)[C@@H](CF)NC(=O)C(Cl)Cl,0.44,0.4670504163526019,0.027050416352601914
2547,test,Oc1cccc(NC(=O)c2ccc(OCCCN3CCCC3)cc2OCc4ccccc4C#N)c1,2.34,2.8854632528565562,0.5454632528565564
741,test,O=C1Nc2ccccc2C=C1,1.32,1.6602921608652244,0.3402921608652243
3441,test,CCn1c2ccccc2c3cc(NC(=O)N4CCOCC4)ccc13,3.2,3.778201040881099,0.5782010408810989
2275,test,Cc1nc2ncnn2c(O)c1CCOC(=O)c3c(F)cccc3F,0.16,0.7423533900888148,0.5823533900888148
2781,test,Cc1ccc(NC(=O)[C@H]2CCCN2S(=O)(=O)c3cccc4cccnc34)c(C)c1,3.9,3.94869888325326,0.04869888325326022
2613,test,CN[C@@H](C)C(=O)N[C@H](C(=O)N[C@H]1CCCN(CCc2ccccn2)C1)C(C)(C)C,-0.55,1.2202330744987648,1.7702330744987649
923,test,C[C@@H]1CN(CCN1c2ncc(OCc3ccncc3C#N)cn2)C(=O)OCC(F)F,2.3,1.4547308902073979,-0.845269109792602
1423,test,Clc1n[nH]c2cccc(Nc3ccnc(Nc4cc(cc(c4)N5CCOCC5)N6CCOCC6)n3)c12,2.78,3.354448617370125,0.5744486173701251
1986,test,COc1cc2ncnc(Nc3cccc(C)c3)c2cc1OC,3.5,3.951522570978705,0.45152257097870496
1934,test,CC(C)C(NC(=O)CN1C(=O)C(=CC=C1c2ccccc2)NC(=O)NCc3ccncc3)C(=O)C(F)(F)F,2.16,2.4988774545443793,0.3388774545443791
3248,test,O=C(NCc1occc1)c2ccc3[nH]c(COc4ccc(cc4)C56CC7CC(CC(C7)C5)C6)nc3c2,4.0,5.039028727904129,1.039028727904129
2765,test,NCCCC(=O)OCCN1CCN(CCCN2c3ccccc3Sc4ccc(Cl)cc24)CC1,1.5,2.0178458306992106,0.5178458306992106
1855,test,NC1=NC(=O)N(C=C1)[C@@H]2O[C@H](CO)[C@@H](O)C2(F)F,-1.5,1.0316735794580465,2.5316735794580465
2188,test,Nc1[nH]nc2cccc(Cl)c12,1.92,1.9452136327192056,0.025213632719205625
4070,test,Cc1cc(Cl)ccc1N2CCN(CC2)C(=O)COCc3ccncc3,3.22,2.6848410858987495,-0.5351589141012507
265,test,CC(C)C(NC(=O)CN1C(=O)C(=CC=C1c2cccnc2)NC(=O)OCc3ccccc3)C(=O)C(F)(F)F,3.05,2.337335208131162,-0.7126647918688378
279,test,Cc1ccc(F)cc1S(=O)(=O)N[C@@H]2CCN(Cc3ccc(cc3)c4ccccc4)C2,4.0,2.0619823188059327,-1.9380176811940673
3933,test,Nc1ncc(cc1c2oc3ccccc3n2)c4cnn(c4)C5CCOCC5,4.0,2.4881932952040646,-1.5118067047959354
2421,test,C[C@@H](Oc1ccc(cc1C(=O)N2CCN(CC2)c3ncc(cc3F)C(F)(F)F)S(=O)(=O)C)C(F)(F)F,3.49,2.873316782760695,-0.6166832172393053
1104,test,CN(C)CC(O)COc1ccc(Nc2nccc(n2)N(CC#C)c3cc(Cl)ccc3Cl)cc1,3.2,2.6740504978102435,-0.5259495021897567
1501,test,COCCC(C)n1nc(C)c(C(=O)N[C@@H](C)C(C)(C)C)c1NS(=O)(=O)c2ccc(C)cc2,0.78,0.8857069851268187,0.10570698512681864
314,test,COc1ccc(Cl)c(Nc2ncnc3cc(OCC4CCN(C)CC4)c(OC)cc23)c1,2.0,2.8290479907778887,0.8290479907778887
292,test,CC1CN(C(=O)c2ccccc2)c3ccccc3NC1=O,1.73,2.2718540622187056,0.5418540622187056
2972,test,CN1C(=O)N(CC2CC2)c3nn(Cc4ccnc5ccc(Cl)cc45)c(c6oc(cc6C)C#N)c3C1=O,4.34,4.108102251647889,-0.23189774835211097
2573,test,Cc1ccccc1N2C(=Nc3cccc(C)c3C2=O)Cn4cnc5c(N)ncnc45,2.6,3.21256564783362,0.6125656478336201
1783,test,O=C1CCOc2nc(COc3ccccc3)ccc12,2.3,1.9644976072693736,-0.3355023927306262
1533,test,NC1(CCC1)c2ccc(cc2)c3ncc4cccn4c3c5ccccc5,2.5,3.4748131689860244,0.9748131689860244
819,test,O=S(=O)(Cc1cc(nc(n1)c2ccccn2)N3CCOCC3)c4ccccc4,1.34,1.7912844761532392,0.4512844761532391
172,test,Cc1ccc2c(c1)c(c(C)n2CC(=O)O)c3ccnc4ccc(cc34)C(F)(F)F,1.78,1.5678623358660722,-0.21213766413392787
3997,test,COc1nc(Br)cnc1NS(=O)(=O)c2ccc(Cl)s2,0.99,0.8035117447694407,-0.18648825523055934
2796,test,Oc1ccc(CCc2ccc(O)cc2)cc1,3.3,2.727888333247936,-0.5721116667520638
2210,test,Cn1cncc1c2c3C(=O)N(C4CC4)C(=O)N(CC5CC5)c3nn2Cc6ccnc7ccc(Cl)cc67,3.53,3.6330894916423357,0.10308949164233594
444,test,CC(C)(C)OC(=O)N1CCN(CC1)c2ncc(OCc3ccncc3)cn2,3.4,3.650439980474475,0.250439980474475
1300,test,CN1C(=O)CC(C)(CCc2cccc(c2)c3ccccc3)N=C1N,2.03,3.8613998349238656,1.8313998349238658
3479,test,COc1cc(O)ccc1\C=C\2/CCCN=C2c3cccnc3,2.2,2.3059965420124664,0.10599654201246622
2129,test,O=C(C1CCN(CC1)c2nnc(s2)n3cccc3)N4CCN(Cc5ccc6OCOc6c5)CC4,2.5,3.296584348129435,0.7965843481294348
3300,test,CN(C)CCOc1ccccc1Cc2ccccc2,2.53,2.576122131312751,0.046122131312751335
374,test,CC1CCC(CC(=O)Nc2cccc3ncccc23)CC1,3.56,3.2521197619549835,-0.3078802380450165
2755,test,O=C(CN1CCOCC1)Nc2ccc(cc2c3ccccc3)c4cccc5C(=O)C=C(Oc45)N6CCOCC6,3.4,2.8081567216085124,-0.5918432783914875
659,test,Nc1nc(N)c2cc(NCc3ccc(Cl)c(Cl)c3)ccc2n1,2.22,2.632209250134853,0.41220925013485266
346,test,CC(C)Oc1cc(OCCc2cccnc2)cc(c1)C(=O)Nc3ccc(cn3)C(=O)O,0.81,1.558371667929555,0.7483716679295549
173,test,CSc1ncccc1C(=O)Nc2nccs2,1.43,1.6567299067927879,0.22672990679278793
3826,test,C[C@H]1CN(Cc2cc(Cl)ccc2CC(=O)O)CCN1C(=O)Cc3ccc(Cl)cc3,1.66,1.9841187628434473,0.3241187628434474
2476,test,CC(O)(C(=O)Nc1ccc(cc1)S(=O)(=O)c2ccncc2)C(F)(F)F,2.15,2.475965485202147,0.32596548520214697
3779,test,CCN1C=C(C(=O)O)C(=O)c2ccc(C)nc12,-0.1,0.04768398518046402,0.14768398518046402
2202,test,OC(=O)[C@H](Cc1ccccc1F)N2CCC(CN3CCC(CC3)Oc4ccc(Cl)c(Cl)c4)CC2,2.58,2.6991575962349863,0.11915759623498623
2524,test,Fc1cc2[nH]cnc2cc1Cl,2.35,2.4837911071861556,0.1337911071861555
3015,test,CCCCc1nc2c(N)nc3ccccc3c2n1Cc4ccccc4,4.17,3.509184448897754,-0.660815551102246
3091,test,CC(C)(CS(=O)(=O)N1CCN(CC1)c2ccc(F)cc2)N(O)C=O,1.07,1.861477416879357,0.791477416879357
1146,test,CC(C)C[C@H](CO)Nc1nc(SCc2ccccc2)nc3nc(N)sc13,4.2,3.9459489437093067,-0.25405105629069347
2576,test,CC[C@H](NC(=O)c1c([S+](C)[O-])c(nc2ccccc12)c3ccsc3)c4ccccc4,2.66,2.9236293105188356,0.2636293105188354
2150,test,COc1ccc(cc1OC)N2CCN([C@H](C)C2)C(=O)[C@@H]3CCCC[C@H]3C(=O)NC4(CC4)C#N,1.85,2.584263677491883,0.7342636774918829
1026,test,CCN(C1CCN(CC[C@H](C2CCN(CC2)S(=O)(=O)C)c3cc(C)cc(C)c3)CC1)C(=O)Cc4ccc(cc4)S(=O)(=O)C,1.93,1.6492483706869323,-0.28075162931306763
3584,test,CC(C)CNc1nc(nc(N2CC(O)C2)c1N)C#N,2.0,2.0943227039432473,0.09432270394324727
841,test,CC(C)OC(=O)C1=CN(Cc2c(F)cccc2F)c3sc(c(CN(C)Cc4ccccc4)c3C1=O)c5ccc(NC(=O)C(C)C)cc5,3.5,4.206781801215579,0.7067818012155787
3762,test,SC1=Nc2[nH]cnc2C(=O)N1,-1.48,-0.64605951853948,0.83394048146052
1003,test,C(Sc1nc2cccnc2[nH]1)c3ccccc3,3.22,2.8923465610666694,-0.32765343893333077
31,test,CN([C@@H]1CCN(Cc2ccc(cc2)C(F)(F)F)C[C@@H]1F)C(=O)Cc3ccc(cc3)n4cnnn4,3.3,3.232232191075273,-0.06776780892472667
3589,test,Clc1ccc(cc1)c2c[nH]nn2,2.97,3.187673539818351,0.21767353981835091
756,test,[O-][N+](=O)c1ccc2c(c1)nc3CCCCCn23,2.58,2.7004001446399033,0.12040014463990323
3197,test,Cc1c(O[C@H]2C[C@H]3CC[C@@H](C2)N3Cc4ccccc4)cccc1C(=O)N,1.6,1.6374731720733813,0.03747317207338119
3195,test,Oc1cccc(c1)c2nc3ccc(O)cc3s2,3.7,4.109957813735916,0.40995781373591544
1624,test,NC(=O)c1cnc(N[C@H]2CCCNC2)c3cc(sc13)c4ccc(F)c(F)c4,2.17,2.3161384714634745,0.14613847146347458
1980,test,CCN(CC)CCOCCOC(=O)C1(CCCC1)c2ccccc2,1.33,2.1830049602519788,0.8530049602519787
1302,test,Cc1ccc(cc1)c2nn(c3ncnc(N)c23)C(C)(C)C,4.1,3.7841998047261516,-0.31580019527384806
3011,test,Cc1cnccc1COc2cnc(nc2)N3CCN(CC3)C(=O)OC(C)(C)C,3.8,3.331007540976763,-0.46899245902323683
70,test,CNC(=O)c1ccc(CC(=O)N(C)C2CCN(Cc3ccc(cc3)C(F)(F)F)CC2)cc1,2.8,2.2210503453623094,-0.5789496546376904
3310,test,CCc1cc(O)c(Oc2ccc(cc2F)C(=O)N)cc1F,2.87,2.1362922020560706,-0.7337077979439295
2537,test,CCN(CC)S(=O)(=O)c1ccc(NC(=O)C(C)(O)C(F)(F)F)cc1,2.63,3.220620467597361,0.5906204675973612
3570,test,CNS(=O)(=O)NC1=CC=C(N(CC(=O)NC(C(C)C)C(=O)C(F)(F)F)C1=O)c2ccccc2,1.79,1.178153085161331,-0.6118469148386689
3191,test,Cc1ccc(cc1NC(=O)c2ccc(OCc3ccccn3)cc2)c4[nH]cnc4C,2.87,3.2135890123050173,0.34358901230501715
1386,test,CC(C)n1c(C)ncc1c2nc(Nc3ccc(cc3)N4CC(C4)NC(=O)C)ncc2F,2.76,2.5237543068083785,-0.23624569319162125
4165,test,CC1(CCN(CC1)C(=O)COCc2ccncc2)c3ccc(Cl)cc3,2.79,3.0938131447025494,0.3038131447025494
548,test,Nc1cc(nc2c(cnn12)C#N)c3cccs3,2.3,2.048053709443911,-0.25194629055608875
3472,test,CNC1=Nc2ncccc2C(=NC1c3cccs3)c4ccns4,2.15,1.8100605824055263,-0.33993941759447366
2447,test,OC(=O)COc1ccc(Cl)cc1CN2CCN(CC2)S(=O)(=O)c3ccc(F)cc3,0.99,1.1296295292214593,0.13962952922145933
1312,test,C[C@H](NC(=O)c1c(C)nn(C2CCC2)c1NS(=O)(=O)c3ccc(C)cc3)C(C)(C)C,1.57,1.3268395413468062,-0.2431604586531939
998,test,COc1cccc2c1c(NS(=O)(=O)c3ccc(Cl)s3)nn2Cc4cccc(CNC(=O)[C@@H]5COCCN5)c4,1.61,1.83789014556151,0.22789014556150988
4063,test,Cn1cc(cc1c2c3C(=O)N(CC#C)C(=O)N(CC4CC4)c3nn2Cc5ccnc6ccc(Cl)cc56)C#N,3.96,3.6735387785431515,-0.2864612214568485
737,test,OC1(CN2CCC1CC2)C#Cc3ccc(Oc4ccc(cc4)C(=O)NCc5ccncc5)cc3,2.48,2.661431894748562,0.1814318947485618
2883,test,O=C(CSC1=NC2=C(SCC2)C(=O)N1c3ccccc3)Nc4ncc(s4)c5ccccc5,3.95,3.108238433606486,-0.8417615663935143
3202,test,CC(C)CN1C(=O)N(C)C(=O)c2c(SC(C)C)c(Cc3ccccc3C(F)(F)F)sc12,4.42,3.7664178167301507,-0.6535821832698492
245,test,O=C(C1CCCCC1)N2CC3N(CCc4ccccc34)C(=O)C2,2.43,1.8470808319244914,-0.5829191680755088
597,test,Cc1ccc2c(c1)c(c(C)n2CC(=O)O)c3ccnc4c(F)cccc34,0.53,1.2649609127602837,0.7349609127602836
2375,test,CC(C)OC(=O)N1CC2COCC(C1)C2Oc3ncnc(Oc4cccnc4C)c3C,3.1,2.4126601908144654,-0.6873398091855347
849,test,CN1CCN(CC1)S(=O)(=O)c2ccc(c3cnc(N)c(n3)C(=O)Nc4cccnc4)c(c2)C(F)(F)F,3.25,2.694875502069486,-0.5551244979305139
1345,test,Cc1cc(on1)c2ccc(cc2F)N3C[C@H](Cn4ccnn4)OC3=O,1.99,1.9435328249004569,-0.04646717509954312
1292,test,Cn1c(Nc2ccc(cc2)C(F)(F)F)nc3cc(Oc4ccnc(c4)c5ncc([nH]5)C(F)(F)F)ccc13,3.45,4.180362455124197,0.7303624551241965
2971,test,Oc1ccc(cc1)c2ccc3cc(O)ccc3n2,3.1,2.9307152816237716,-0.1692847183762285
3591,test,CC(C)N1C(=O)N(C)C(=O)c2cn(Cc3cccc4ccccc34)cc12,3.97,3.567932828690673,-0.40206717130932734
304,test,CC[C@@H](NC1=C(Nc2cccc(C(=O)N(C)C)c2O)C(=O)C1=O)c3oc(C)cc3,2.32,1.7749678356026113,-0.5450321643973886
1360,test,Clc1cnc(cc1C(=O)NCC23CC4CC(CC(C4)C2)C3)N5CCNCC5,2.09,1.4831057199425142,-0.6068942800574857
2811,test,OC(=O)[C@H](Cc1ccc(NC(=O)Cc2ccc3CCCNc3n2)cc1)NC(=O)c4c(Cl)cccc4Cl,-0.63,0.7901021563101975,1.4201021563101976
530,test,NC(=O)c1cc(O)cc2nc(oc12)c3ccc(O)cc3,2.3,2.2528969068921882,-0.04710309310781158
3471,test,Fc1ccc2c3CN(CCc3[nH]c2c1)C(=O)[C@@H]4CCCC[C@H]4C(=O)NC5(CC5)C#N,2.99,3.3134214917766847,0.32342149177668444
4173,test,COc1cc2ncnc(Oc3cnn(CC(=O)Nc4ccc(cn4)N(C)C)c3)c2cc1OC,2.36,3.563750005361631,1.203750005361631
3000,test,OC(=O)c1ccc(cc1)n2ncc(C(=O)NC3C4CC5CC(CC3C5)C4)c2C(F)(F)F,1.5,1.4617376904704393,-0.03826230952956067
2444,test,C[C@@H]1CN([C@@H](CO1)c2ccccc2)c3ccc4OCC(=O)Nc4n3,2.75,2.4982107203722026,-0.2517892796277974
3649,test,Cc1nc(C)c(nc1C(=O)N)c2ccc3c(CC[C@@]34CC[C@@H](CC4)c5nnn[nH]5)c2,1.4,1.8136682060700071,0.4136682060700072
2700,test,Nc1c(cnn1c2ccc(F)cc2)C(=O)c3cccc(OC[C@@H](O)CO)c3,1.91,2.1510595614160435,0.24105956141604357
984,test,CN[C@@H](C)C(=O)N[C@@H](C1CCCCC1)C(=O)N[C@H]2CCN(Cc3ccccc3)C2,1.49,1.8302171533923324,0.3402171533923324
4058,test,Cc1nc2nc(NC(=O)c3ccc(F)cc3)nn2c(O)c1Cc4ccccc4,2.2,2.7592970330257467,0.5592970330257465
2337,test,C[C@@H]1CN(Cc2ccc(F)cc2)CCN1C(=O)COc3ccc(Cl)cc3NC(=O)N,1.91,1.5047207335204456,-0.40527926647955437
2981,test,CC(C)C[C@H](CO)Nc1nc(SCc2ccccc2)nc3NC(=O)Sc13,4.2,3.680102945112969,-0.5198970548870312
2045,test,CC1=CN([C@H]2CCCN(Cc3ccc(C(=O)O)c(Oc4cccc(C)c4)c3)C2)C(=O)NC1=O,-0.82,-0.12475112069647398,0.695248879303526
256,test,O=C1CCOc2nc(CCc3ccccc3)ccc12,2.5,2.7416477917564297,0.2416477917564297
3643,test,COc1ccccc1N2CCN(CCN(C(=O)C3CCCCC3)c4ccccn4)CC2,3.0,2.598292099956403,-0.401707900043597
2899,test,Cc1cc(CN2CCC2)cnc1c3ccc(cc3)C(=O)Nc4ccccc4N,1.18,1.4527334713232085,0.2727334713232086
3143,test,CCN(C1CCN(Cc2ccc(cc2)C(F)(F)F)CC1)C(=O)Cc3ccc(cc3)S(=O)(=O)C,2.9,2.6975232425403632,-0.20247675745963667
4132,test,COC(=O)Nc1nc2ccc(cc2[nH]1)C(=O)c3ccccc3,2.9,2.6010062499416913,-0.29899375005830864
2502,test,CN(C)CCCNC(=O)c1nc(Cl)c(N)nc1N,-1.0,0.3638999917352219,1.363899991735222
845,test,CNC1=Nc2ncccc2C(=NC1c3cccs3)c4occc4,1.85,2.4914459515185157,0.6414459515185156
109,test,Nc1nc(Nc2cccc(Br)c2)c3nc[nH]c3n1,3.04,2.008959030225256,-1.031040969774744
3297,test,Nc1cccc(NS(=O)(=O)c2ccc(cc2)c3ccc(cc3)C#N)n1,2.2,1.85292204940928,-0.3470779505907202
1050,test,CN1SC(=O)c2cc(ccc12)S(=O)(=O)NC3CC3,1.3,1.2050600368762197,-0.09493996312378039
3820,test,COc1ccc2C=CC(=O)N(CCN3CCC(CC3)NCc4cc5OCCOc5cn4)c2n1,1.16,0.7306345148413242,-0.4293654851586757
2869,test,CN1C(=O)N(C)c2nc[nH]c2C1=O,-0.09,-0.6557847346139947,-0.5657847346139947
353,test,Cc1cc(NC(=O)Nc2ccc(Cl)cc2)n(C)n1,2.96,2.4087901465375117,-0.5512098534624883
1472,test,COc1ccc2nc(C)cc(c2c1)n3cc(CN4CCN(CC4)C(=O)C)nn3,1.3,2.4122550096290967,1.1122550096290966
2512,test,O[C@@H](CNCCc1cccc(CNCCc2c(Cl)cccc2Cl)c1)c3ccc(O)c4NC(=O)Sc34,3.15,2.0402609126308797,-1.1097390873691202
3341,test,NC(=O)Nc1sc(cc1C(=O)N[C@H]2CCCNC2)c3ccccc3,1.27,1.5503451183020522,0.2803451183020522
1393,test,Cc1cc(Nc2ccnc(NCc3onc(c3)C4CC4)n2)n[nH]1,2.5,3.067404933140529,0.5674049331405291
2090,test,C[C@H](NC(=O)c1c(C)nn(c1NS(=O)(=O)C2CCCCC2)c3ccccc3)C(C)(C)C,1.75,1.7015630169682785,-0.0484369830317215
2550,test,Cc1ccnc(NCc2ccc(Cl)cc2)c1,3.6,3.2238436246392155,-0.3761563753607846
2460,test,C[C@@H](N(c1cc(F)ccc1F)S(=O)(=O)c2ccc(Cl)cc2)c3ccc(F)cc3CCCC(=O)O,3.1,1.694385149845033,-1.405614850154967
1697,test,CS(=O)(=O)c1ccc(C(=O)Nc2ccc(Cl)c(c2)c3ccccn3)c(Cl)c1,2.84,2.818219010253724,-0.021780989746275736
2712,test,COc1cc(OC)c(cc1NC(=S)NCC(=O)O)S(=O)(=O)N2C(C)CCc3ccccc23,-1.04,-0.5679445770784439,0.4720554229215561
2390,test,COc1ccc2N=CC(=O)N(CCN3CC[C@@H](NCc4cc5OCCOc5cn4)[C@H](O)C3)c2c1,0.9,1.0850477412801482,0.18504774128014823
3360,test,COCCCOc1ccnc(C[S+]([O-])c2nc3ccccc3[nH]2)c1C,-0.69,2.2645823107683367,2.9545823107683367
156,test,COc1cccc(NC(=O)Cn2cc(Oc3ncnc4cc(OC)c(OC)cc34)cn2)c1,3.11,3.6859050471407118,0.5759050471407119
1119,test,CC(C)NCC(O)COc1ccccc1CC=C,0.99,1.0810865963084118,0.09108659630841176
4076,test,CNc1c(Br)cnc2[nH]c(nc12)c3ccnc(N)c3,2.83,2.7878611497600234,-0.042138850239976655
4098,test,CN(C1CCCCC1)C(=O)c2c(C)nn(c2NS(=O)(=O)c3ccc(C)cc3)c4ccccc4,1.69,1.6654622698984438,-0.024537730101556132
777,test,COC(=O)CCC(=O)Nc1ccc2C(=O)C(=O)c3ccccc3c2c1,2.72,3.0023975018031774,0.28239750180317724
4144,test,CCCCOc1nc(N)c2NC(=O)N(Cc3cccc(CC(=O)O)c3)c2n1,0.14,1.720621933036156,1.5806219330361562
837,test,NC1(CCC1)c2ccc(cc2)c3c(ncc4nccn34)c5ccccc5,1.7,2.322263004878825,0.6222630048788249
1062,test,Cc1nc(C)c(nc1C(=O)N)c2ccc(cc2)[C@@H]3CC[C@@H](CC(=O)N)CC3,2.7,2.4597768194370473,-0.2402231805629529
1378,test,Clc1ccc(cc1)C2(CCC2)C(=O)Nc3oc(nn3)C(=O)Nc4ccc(cc4)N5CCOCC5,3.2,4.118761032937514,0.918761032937514
1060,test,CN1CCCCC1CCN2c3ccccc3Sc4ccc(cc24)[S+](C)[O-],1.6,3.3063697918855004,1.7063697918855003
1648,test,COc1ccc(Cc2nccc3cc(OC)c(OC)cc23)cc1OC,2.81,3.4984948668970355,0.6884948668970354
4161,test,CCCCNc1cc(cc(c1Oc2ccccc2)S(=O)(=O)N)C(=O)O,-0.3,0.5222173820063245,0.8222173820063245
1415,test,OB(O)c1ccccc1C=O,0.83,0.02347722913809136,-0.8065227708619086
2900,test,Cc1oc2C=NN(B(O)c2c1)S(=O)(=O)c3ccc(C)cc3,-0.28,0.49202603333808836,0.7720260333380884
67,test,COc1cc2ncnc(Nc3ccc(F)c(Cl)c3)c2cc1OCCCN4CCCC4,3.13,3.1052401362160404,-0.024759863783959446
2503,test,Cc1ccc(cc1)\C(=C/CN2CCCC2)\c3ccccn3,1.88,3.040923913324821,1.160923913324821
1920,test,COc1cc2ncc(C(=O)N)c(Nc3cc(C)ccc3F)c2cc1OC,3.16,3.206620098362663,0.04662009836266279
2156,test,CC(C)c1c(O)c(O)c(C=O)c2c(O)c(c(C)cc12)c3c(C)cc4c(C(C)C)c(O)c(O)c(C=O)c4c3O,2.75,2.102887470691358,-0.6471125293086422
1074,test,CCC(N(CCCN)C(=O)c1ccc(C)cc1)C2=Nc3ccsc3C(=O)N2Cc4cccnc4,0.01,0.9532494740518576,0.9432494740518576
2435,test,COCC1=C(N2[C@H](SC1)[C@H](NC(=O)\C(=N/OC)\c3csc(N)n3)C2=O)C(=O)OC(C)OC(=O)OC(C)C,1.7,2.1783266503663103,0.4783266503663104
33,test,CS(=O)(=O)c1ccccc1C(=O)NC[C@@H](O)CN2CCC(CC2)Oc3ccc(Cl)c(Cl)c3,2.34,2.9312802505357047,0.5912802505357049
3111,test,Nc1nc(Nc2ccc(cc2)S(=O)(=O)N)nn1C(=O)c3c(F)cccc3F,1.87,1.3294234751802656,-0.5405765248197345
2584,test,C[C@H]1O[C@H]([C@H](O)[C@@H]1O)n2cnc3c(N)nc(OCC4CC(F)(F)C4(F)F)nc23,1.42,2.103321355825797,0.6833213558257971
1057,test,Clc1ccc(c(Cl)c1)c2nnc3cccc(Cl)n23,2.88,4.016397110985094,1.1363971109850945
157,test,CC1CCc2cc(F)cc3C(=O)C(=CN1c23)C(=O)O,0.74,0.8488002138145694,0.10880021381456939
2655,test,Fc1ccccc1c2ccc3c(c2)C(=O)C(=O)c4ccccc34,2.92,3.2039172998131527,0.2839172998131527
633,test,Fc1cc(Cl)ccc1N2CCN(CC2)C(=O)COCc3ccncc3,2.55,2.971899085951811,0.42189908595181125
3099,test,CO[C@@H]1CN(CCN2C(=O)C=Cc3ccc(cc23)C#N)CC[C@H]1NCc4ccc5OCC(=O)Nc5n4,0.81,0.40456604044791056,-0.4054339595520895
1175,test,C[S+]([O-])c1ccc(cc1)c2nc(c3ccc(F)cc3)c([nH]2)c4ccncc4,3.34,2.158133747272369,-1.1818662527276307
723,test,CC(C)(C)NS(=O)(=O)c1cncc(c1)c2ccc3nc(N)nn3c2,1.41,1.1928920207430207,-0.21710797925697922
654,test,COCCC(=O)Nc1ccc(Nc2ncc3cc(ccc3n2)c4ccncc4)cc1,2.78,3.019939446698639,0.2399394466986391
678,test,Nc1ccc(cc1)S(=O)(=O)N2CCCC2,0.98,1.5982471650575145,0.6182471650575145
250,test,Fc1ccc(SC2=NN3C=NC(=O)C(=C3C=C2)c4c(Cl)cccc4Cl)c(F)c1,2.74,3.533490837287278,0.793490837287278
695,test,C[C@@H](O)[C@@H]1[C@H]2[C@@H](C)C(=C(N2C1=O)C(=O)OCOC(=O)C(C)(C)C)SC3CN(C3)C4=NCCS4,2.1,2.3037697084421285,0.20376970844212838
3725,test,CCCCCCCN(CCc1ccc(OC(C)(C)C(=O)O)cc1)C(=O)Nc2ccc(F)cc2F,1.93,2.1580904382912776,0.22809043829127762
1338,test,O=C(NC1(CC1)C#N)[C@@H]2CCCC[C@H]2C(=O)N3CCN(CC3)c4nc5cnccc5s4,1.66,1.8345010551113003,0.17450105511130043
3631,test,CC(=O)Nc1ccc2c(c1)c(cn2CCC(=O)O)c3cc(NC4CC4)n5ncc(C#N)c5n3,-0.87,1.2244150302021422,2.0944150302021423
2560,test,CSc1nc(C(=O)N)c(N)s1,1.21,0.5225865567266124,-0.6874134432733876
4035,test,FC(F)(F)Oc1ccccc1S(=O)(=O)NCC(N2CCCCCC2)c3ccccc3,4.09,4.132434379598796,0.042434379598796035
641,test,C1Oc2ccc(Oc3ccnc(Oc4ccc(cc4)n5ccnc5)n3)cc2O1,3.27,2.759294393997683,-0.510705606002317
3021,test,CCC(CC)NC(=O)c1cnn(c1NS(=O)(=O)c2ccc(cc2)c3ocnc3)c4ccccc4,0.8,1.5743224596582763,0.7743224596582763
3323,test,COc1cccc(c1OC)c2ccc(\C=C\3/SC(=S)N([C@@H](Cc4ccccc4)C(=O)O)C3=O)cn2,1.5,1.8535064675965276,0.3535064675965276
2456,test,Cc1cnc(Nc2ccc(OCCN3CCCC3)cc2)nc1Nc4cccc(c4)S(=O)(=O)NC(C)(C)C,2.11,2.323036782367372,0.213036782367372
2042,test,OC(CCN1CCCCC1)(C2CC3CC2C=C3)c4ccccc4,2.49,2.5937310641397335,0.10373106413973332
3783,test,COc1ccccc1C(=O)Nc2ccc(C)c(c2)N3C=Nc4ccc(cc4C3=O)N5CCN(C)CC5,2.93,2.655689188927775,-0.2743108110722252
3177,test,CN(C)CCCn1c2CCCCCCc2c3ccccc13,2.96,2.776600055503818,-0.1833999444961818
546,test,CCCCSc1nc(N)c2ncn([C@@H]3O[C@H](CO)[C@@H](O)[C@H]3O)c2n1,1.51,0.9319728344831206,-0.5780271655168794
3851,test,CN1CCN(CC1)c2ccc3N=CN(C(=O)c3c2)c4cc(NC(=O)c5cccc(c5)N6CCOCC6)ccc4C,2.69,2.7682936242973426,0.07829362429734266
2405,test,CC1CC(NC(=O)C)c2ccccc2N1C(=O)c3ccccc3,2.0,1.2326939865959052,-0.7673060134040948
2615,test,CC1CN(Cc2cc(Cl)ccc2OCC(=O)O)CCN1S(=O)(=O)c3ccccc3,0.31,0.10284733572725058,-0.20715266427274942
799,test,CC(C)c1ccccc1Cc2cc(C(=O)Nc3ccc(cc3)S(=O)(=O)c4ccccc4C(C)(C)C)c(O)c(O)c2O,3.44,2.118152399813328,-1.321847600186672
1995,test,OC[C@H]1CCCN1CCCOc2ccc3c(Nc4cc(CC(=O)Nc5cccc(F)c5F)[nH]n4)ncnc3c2,2.06,2.508831796096487,0.44883179609648716
2680,test,CCC(N(CC1CCNCC1)C(=O)c2ccc(C)cc2)C3=Nc4ccsc4C(=O)N3Cc5ccccc5,1.33,1.9247375585814102,0.5947375585814101
3737,test,CC[C@H](CO)Nc1nc(NCc2ccccc2)c3ncn(C(C)C)c3n1,3.63,2.96044787322185,-0.6695521267781497
3512,test,OC(c1ccccc1)c2cccnc2,1.72,2.5320777290174523,0.8120777290174523
255,test,CS(=O)(=O)c1ccc(cc1)c2cnc(N)c(c2)c3ccc(nc3)C(F)(F)F,2.4,1.752285570155082,-0.647714429844918
3577,test,NC(=N)c1cc2c(\C=C\c3ccc4OCOc4c3)cccc2s1,2.2,1.9532392785699744,-0.2467607214300258
677,test,COCCNCc1ccc(Nc2ncc3cc(ccc3n2)c4ccncc4)cc1,1.86,1.6164578324339671,-0.24354216756603297
3746,test,COc1cc(F)ccc1c2cncc(c2)C3CCCN3,1.1,2.447075466577604,1.347075466577604
3913,test,CC(C)N1CCC(CC1)N(C(=O)Cc2ccccc2)c3ccc(Cl)cc3,2.3,3.5307241236471425,1.2307241236471427
543,test,Cc1ccc2[nH]ccc2c1c3nc(cc(n3)C4(CC4)S(=O)(=O)C)N5CCOCC5,1.7,2.9195162587536547,1.2195162587536548
2303,test,Cc1cccc(NS(=O)(=O)c2cccc3nonc23)c1,3.0,1.9262267295814899,-1.0737732704185101
153,test,NC(=O)Nc1cc(sc1C(=O)N)c2cccc(O)c2,2.21,1.7259678808707348,-0.48403211912926514
2171,test,CC(C)NC(=O)NS(=O)(=O)c1cnccc1Nc2cccc(C)c2,0.3,1.1501068686466824,0.8501068686466824
752,test,O[C@H](CNC(=O)C1=CNC(=O)c2cc(ccc12)S(=O)(=O)NC3CC3)CN4CCC(CC4)Oc5ccc(Cl)c(Cl)c5,3.67,2.3209849922748673,-1.3490150077251326
424,test,O=C(N1CCCCC1)c2scc3CCCCc23,3.16,3.4500444807215453,0.2900444807215452
815,test,CN(C)CC(O)COc1ccc(Nc2nccc(Nc3ccc(Cl)cc3)n2)cc1,2.6,2.8725160365744067,0.2725160365744066
3395,test,CCOC(=O)C1=COc2ccccc2C1=O,1.81,1.8546262831209728,0.04462628312097272
1259,test,C[C@@H]1CN(CCN1c2ncc(OCc3ccc(cc3)C#N)cn2)C(=O)OC(C)(C)C,2.89,4.1869556871537785,1.2969556871537784
1051,test,COc1ccc(cc1OC)c2cc(NC(=O)Cc3ccc4ccccc4c3)[nH]n2,3.1,3.580038520380298,0.48003852038029793
2628,test,COc1cc(ccc1Nc2ncc(Cl)c(n2)c3cnc4cc(CO)ccn34)N5CCN(CC5)C(=O)C,3.1,3.0889961593148225,-0.011003840685177568
3241,test,Nc1ncc(cc1c2oc3ccccc3n2)c4cnn(c4)C5CCN(CC5)C(=O)CO,3.2,2.4032042279045323,-0.7967957720954679
1517,test,Nc1nc2ccccc2s1,2.0,1.979577610114925,-0.020422389885075054
4094,test,CCOc1ccc(NC(=O)CCc2c(C)nc3nc(C)nn3c2C)cc1,2.1,2.1420817325494443,0.04208173254944425
4121,test,O[C@@H](CNCCCSCCOCCc1cccc2ccccc12)c3ccc(O)c4NC(=O)Sc34,3.12,2.6099725827682345,-0.5100274172317656
2976,test,NC1=NC(=CC(=O)N1)CCc2cccc(Br)c2,2.52,2.259871681826662,-0.2601283181733378
3834,test,Nc1nc(N)c2nc(CO)cnc2n1,-0.45,0.3732563222980032,0.8232563222980032
2886,test,CC(C)Cn1cnc2c(N)nc3ccccc3c12,2.52,3.199013768765382,0.6790137687653819
3061,test,NC(=O)c1c(N)sc2CCCCc12,1.84,1.9520510290712336,0.11205102907123354
2059,test,CCN(C1CCN(CCC(C2CCN(Cc3ccccc3)CC2)c4ccccc4)CC1)C(=O)Cc5ccc(cc5)S(=O)(=O)C,2.41,2.7841180680386564,0.3741180680386562
757,test,Oc1ccc2OCC(=O)N(CCN3CCC(CC3)NCc4ccc5OCC(=O)Nc5n4)c2c1,0.52,0.7840858953475756,0.26408589534757554
942,test,O=C1NC=Nc2scc(c3cccs3)c12,2.18,2.886998805678623,0.7069988056786229
3304,test,ONC(=O)[C@@H](Cc1ccc2ccccc2c1)NS(=O)(=O)c3ccc4ccccc4c3,3.23,1.7122599737871462,-1.5177400262128538
431,test,COc1ccc(OC)c(c1)c2cccc3c(N)c(nnc23)C(=O)NC(C)C,3.65,3.9751188077617527,0.32511880776175284
480,test,Oc1nc2cc(Cl)cc(Cl)c2c(O)c1c3ccccc3,1.6,2.1991839372480597,0.5991839372480596
1204,test,COc1cc(F)ccc1c2cncc(CNC(=O)c3ccccn3)c2,3.2,3.350405337168806,0.15040533716880589
2005,test,C[C@H]([C@H](O)c1ccc(O)cc1)N2CCC(O)(CC2)c3ccccc3,0.91,1.9121864495662204,1.0021864495662203
3397,test,CC1CCCCC1NC(=O)c2c(C)nn(c2NS(=O)(=O)c3ccc(C)cc3)c4ccccc4,1.94,1.4218044962357839,-0.5181955037642161
2977,test,COc1ccc(C[C@@H](C)NC[C@H](O)c2ccc(O)c(NC=O)c2)cc1,0.42,0.59710330995227,0.17710330995227003
2898,test,COc1ccc(cc1)C(CN(C)C)C2(O)CCCCC2,0.99,2.262691971351587,1.272691971351587
2174,test,CN1C(=O)N(Cc2ccc(Br)cc2)c3ccccc13,2.81,3.6175302159947655,0.8075302159947655
2932,test,Cc1cccc(NC(=O)c2ccc(c3ccccc3)c(c2)C#N)n1,3.71,3.274303937968893,-0.435696062031107
56,test,COCCNC(=O)c1cccc(Nc2ncc3cc(ccc3n2)c4ccncc4)c1,3.21,3.3086268477498213,0.09862684774982133
2040,test,CN1CCN(CC1)c2ccc(Nc3ccnc4ccccc34)cc2,1.3,2.7304813771508742,1.4304813771508742
650,test,CN1C(=O)C=C(CCc2ccccc2)N=C1N,2.0,1.8031544628706477,-0.19684553712935227
3056,test,COc1cnc(nc1Oc2ccc(F)cc2F)c3ccccn3,3.1,3.4250865054579056,0.3250865054579055
297,test,Nc1nc(N)c2nc(c(N)nc2n1)c3ccccc3,1.16,2.168071893145404,1.0080718931454042
1981,test,Fc1cccc(COc2ccc3C(=O)CCOc3c2)c1,3.4,3.650464707805916,0.2504647078059161
4021,test,Cc1ccc2c(c1)c(c(C)n2CC(=O)O)c3ccnc4c(C)cccc34,1.29,1.5986997764458815,0.3086997764458814
1538,test,CCOC(=O)c1ccc(COCC2CCN(CC2)c3ccc(C)nn3)cc1,2.68,3.539563204709544,0.8595632047095441
1860,test,CNC(=O)c1ccc(CN2CCC(CC2)c3ccc(cc3)C(=O)Nc4ccccc4N)cc1,1.99,1.6594285118182523,-0.33057148818174764
2737,test,CC(=O)Nc1ccc(O)cc1,0.25,0.850365121304955,0.600365121304955
2853,test,Cc1nc(C)c(nc1C(=O)N)c2ccc3c(CC[C@@]34CC[C@H](Cc5nnn[nH]5)CC4)c2,2.0,2.062120632797298,0.06212063279729785
878,test,Clc1ccc(CN2C[C@@H]3C[C@H]2CN3)cc1C(=O)NCC45CC6CC(CC(C6)C4)C5,1.45,2.2904832505251203,0.8404832505251203
2229,test,COc1cccc(NC(=O)CC23CC4CC(CC(C4)C2)C3)c1C,4.21,3.654088057185568,-0.5559119428144319
1083,test,CNC(=O)c1cc(sc1NC(=O)N)c2ccccc2,3.19,2.9685125260764567,-0.2214874739235433
1551,test,CC(=O)Nc1ccc(CNc2[nH]nc3ccnc(Oc4ccccc4)c23)cc1,3.03,3.760430910435848,0.7304309104358482
2975,test,NC(=O)c1cccc(O[C@H]2C[C@H]3CC[C@@H](C2)N3Cc4ccccc4)n1,1.71,1.4350075174847134,-0.2749924825152865
2099,test,COc1cc(OC)c2nc(C)c3CCN(c4ccc(O)cc4)c3c2c1,1.5,3.1299458493176973,1.6299458493176973
1413,test,Cc1cc(CN2Cc3ccccc3C[C@H]2C(=O)Nc4ccc(Cl)cc4Cl)ccc1OCC(=O)O,2.41,1.6590626629963456,-0.7509373370036545
166,test,CCCNC(=O)CSc1ccc(cn1)S(=O)(=O)N2CCCC2,1.55,2.2516241000422186,0.7016241000422185
1433,test,Oc1ccc(CCNCCCS(=O)(=O)NCCOCCc2cccc(c2)C(F)(F)F)c3sc(O)nc13,2.62,2.1252327313514447,-0.49476726864855536
1617,test,COc1ccc2OCC(=O)N(CCN3CCC(CC3)NCc4cc5OCCOc5cn4)c2c1,1.24,1.4543079949980435,0.21430799499804354
417,test,CC(C)CN1C(=O)N(C)C(=O)c2c1sc(Cc3ccccc3C(F)(F)F)c2C(=O)N4CC[C@@H](O)C4,2.74,2.7897801931258437,0.049780193125843475
2180,test,CC1(C)C(=O)Nc2ccccc12,2.3,2.03157948638195,-0.26842051361804975
3769,test,CCC[C@@H](CN1CCCC1)N(C)C(=O)Cc2ccc(Cl)c(Cl)c2,2.27,3.080044214613884,0.810044214613884
249,test,C[C@H](NC(=O)c1c(C)nn(C2CCOC2)c1NS(=O)(=O)c3ccc(C)cc3)C(C)(C)C,0.78,0.7960300640593074,0.016030064059307403
2113,test,OCCNCCNc1ccc2c(NC(=O)CC34CC5CC(CC(C5)C3)C4)cccc2n1,1.79,2.401358354303093,0.6113583543030932
400,test,Nc1ccc2ncccc2c1,1.33,1.644877308739741,0.31487730873974096
584,test,CN(C1CCN(CCC(c2ccccc2)c3ccccc3)CC1)C(=O)Cc4ccc(NC(=O)C)cc4,2.9,3.275216390959499,0.375216390959499
4020,test,CC(C)c1ccc(Sc2cnc(O)c(c2)C(=O)NCc3ccccc3)cc1,3.7,3.1033107536443834,-0.5966892463556168
3448,test,COc1cc2ncnc(NCc3ccccc3)c2cc1OC,3.29,3.0920425376275147,-0.19795746237248535
20,test,CC(C)(CCCCCOCCc1ccccc1)NCCc2ccc(O)c3nc(O)sc23,2.92,3.0512566842709723,0.13125668427097237
1868,test,Cc1ccc(cc1)S(=O)(=O)Nc2c(C(=O)NC3CCCCC3)c(C)nn2c4ccccc4,1.68,1.0720815095355163,-0.6079184904644837
1678,test,Cc1ccc2c(c1)c(Sc3cccc(Cl)c3)c(C)n2CC(=O)O,1.85,1.5931200757968313,-0.25687992420316874
